/*******************************************************************************
 * Size: 120 px
 * Bpp: 2
 * Opts: --bpp 2 --size 120 --font H:/2025/lvgl_squareline/SquareLine Studio/watch_demo_modify/assets/img/clk10/fonts/HONORSansCN-Medium.ttf -o H:/2025/lvgl_squareline/SquareLine Studio/watch_demo_modify/assets/img/clk10/fonts\ui_font_HONOR_M_120.c --format lvgl -r 0x20-0x7f --no-prefilter
 ******************************************************************************/

#include "../ui.h"

#ifndef UI_FONT_HONOR_M_120
#define UI_FONT_HONOR_M_120 1
#endif

#if UI_FONT_HONOR_M_120

/*-----------------
 *    BITMAPS
 *----------------*/

/*Store the image of the glyphs*/
static LV_ATTRIBUTE_LARGE_CONST const uint8_t glyph_bitmap[] = {
    /* U+0020 " " */

    /* U+0021 "!" */
    0xb, 0xff, 0xf8, 0x1, 0xef, 0xff, 0xe0, 0x7,
    0xbf, 0xff, 0x80, 0x1e, 0xff, 0xfe, 0x0, 0x7b,
    0xff, 0xf8, 0x1, 0xef, 0xff, 0xe0, 0x7, 0xbf,
    0xff, 0x80, 0x1e, 0xff, 0xfe, 0x0, 0x7b, 0xff,
    0xf8, 0x1, 0xef, 0xff, 0xe0, 0x7, 0xbf, 0xff,
    0x80, 0x1e, 0xff, 0xfe, 0x0, 0x7b, 0xff, 0xf8,
    0x1, 0xef, 0xff, 0xe0, 0x7, 0xbf, 0xff, 0x80,
    0x1e, 0xff, 0xfe, 0x0, 0x7b, 0xff, 0xf8, 0x1,
    0xef, 0xff, 0xe0, 0x7, 0xbf, 0xff, 0x80, 0x1e,
    0xff, 0xfe, 0x0, 0x7b, 0xff, 0xf8, 0x1, 0xef,
    0xff, 0xe0, 0x7, 0xbf, 0xff, 0x80, 0x1e, 0xff,
    0xfe, 0x0, 0x7b, 0xff, 0xf8, 0x1, 0xef, 0xff,
    0xe0, 0x7, 0xbf, 0xff, 0x80, 0x1e, 0xff, 0xfe,
    0x0, 0x7b, 0xff, 0xf8, 0x1, 0xef, 0xff, 0xe0,
    0x7, 0xbf, 0xff, 0x80, 0x1e, 0xff, 0xfe, 0x0,
    0x7b, 0xff, 0xf8, 0x1, 0xef, 0xff, 0xe0, 0x7,
    0xbf, 0xff, 0x80, 0x1e, 0xff, 0xfe, 0x0, 0x7b,
    0xff, 0xf8, 0x1, 0xef, 0xff, 0xe0, 0x7, 0xbf,
    0xff, 0x80, 0x1e, 0xff, 0xfe, 0x0, 0x7b, 0xff,
    0xf8, 0x1, 0xef, 0xff, 0xe0, 0x7, 0xbf, 0xff,
    0x80, 0x1e, 0xff, 0xfe, 0x0, 0x7b, 0xff, 0xf8,
    0x1, 0xef, 0xff, 0xe0, 0x7, 0xbf, 0xff, 0x80,
    0x1e, 0xff, 0xfe, 0x0, 0x7b, 0xff, 0xf8, 0x1,
    0xef, 0xff, 0xe0, 0x7, 0xbf, 0xff, 0x80, 0x1e,
    0xff, 0xfe, 0x0, 0x7b, 0xff, 0xf8, 0x1, 0xef,
    0xff, 0xe0, 0x7, 0xbf, 0xff, 0x80, 0x1e, 0xff,
    0xfe, 0x0, 0x7b, 0xff, 0xf8, 0x1, 0xef, 0xff,
    0xe0, 0x7, 0xbf, 0xff, 0x80, 0x1e, 0xff, 0xfe,
    0x0, 0x7b, 0xff, 0xf8, 0x1, 0xef, 0xff, 0xe0,
    0x7, 0xff, 0xfc, 0x3f, 0xff, 0xe1, 0xff, 0xdb,
    0x6f, 0x48, 0x7f, 0xaf, 0xfd, 0x7, 0xdf, 0xff,
    0xc0, 0xe, 0xbf, 0xff, 0x82, 0x13, 0xff, 0xfc,
    0x24, 0x1f, 0xff, 0xc4, 0x7, 0xff, 0xf1, 0x1,
    0xff, 0xfc, 0x45, 0x7f, 0xff, 0x11, 0x3f, 0xff,
    0x88, 0x9f, 0xff, 0xc4, 0x7, 0xff, 0xf1, 0x0,
    0xff, 0xff, 0x9, 0xb, 0xff, 0xf8, 0x30, 0x77,
    0xff, 0xf0, 0x3, 0xeb, 0xff, 0x41, 0xfe, 0xbf,
    0x48, 0x70,

    /* U+0022 "\"" */
    0xf, 0xfe, 0x9d, 0xff, 0xc8, 0x7f, 0x3f, 0xfe,
    0xbf, 0xf9, 0xf, 0xe7, 0xff, 0xd7, 0xff, 0x21,
    0xfc, 0xff, 0xfa, 0xff, 0xe4, 0x3f, 0x9f, 0xff,
    0x5f, 0xfc, 0x87, 0xf3, 0xff, 0xeb, 0xff, 0x90,
    0xfe, 0x7f, 0xfd, 0x7f, 0xf2, 0x1f, 0xcf, 0xff,
    0xaf, 0xfe, 0x43, 0xf9, 0xff, 0xf5, 0xff, 0xc8,
    0x7f, 0x3f, 0xfe, 0xbf, 0xf9, 0xf, 0xe7, 0xff,
    0xd7, 0xff, 0x21, 0xfc, 0xff, 0xfa, 0xff, 0xe4,
    0x3f, 0x9f, 0xff, 0x5f, 0xfc, 0x87, 0xf3, 0xff,
    0xeb, 0xff, 0x90, 0xfe, 0x7f, 0xfd, 0x7f, 0xf2,
    0x1f, 0xcf, 0xff, 0xaf, 0xfe, 0x43, 0xf9, 0xff,
    0xf5, 0xff, 0xc8, 0x7f, 0x3f, 0xfe, 0xbf, 0xf9,
    0xf, 0xe7, 0xff, 0xd7, 0xff, 0x21, 0xfc, 0xff,
    0xfa, 0xff, 0xe4, 0x3f, 0x9f, 0xff, 0x5f, 0xfc,
    0x87, 0xf3, 0xff, 0xeb, 0xff, 0x90, 0xfe, 0x7f,
    0xfd, 0x7f, 0xf2, 0x1f, 0xcf, 0xff, 0xaf, 0xfe,
    0x43, 0xf9, 0xff, 0xf5, 0xff, 0xc8, 0x7f, 0x3f,
    0xfe, 0xbf, 0xf9, 0xf, 0xe7, 0xff, 0xd7, 0xff,
    0x21, 0xfc, 0xff, 0xfa, 0xff, 0xe4, 0x3f, 0x9f,
    0xff, 0x5f, 0xfc, 0x87, 0xf3, 0xff, 0xeb, 0xff,
    0x90, 0xfe, 0x7f, 0xfd, 0x7f, 0xf2, 0x1f, 0xcf,
    0xff, 0x80,

    /* U+0023 "#" */
    0xf, 0xfe, 0x43, 0xff, 0xf0, 0x7f, 0xf1, 0x5f,
    0xff, 0x83, 0xff, 0xa3, 0x7f, 0xfc, 0x1f, 0xfc,
    0x57, 0xff, 0xe0, 0xff, 0xe8, 0xdf, 0xff, 0x7,
    0xff, 0x16, 0xff, 0xf8, 0x3f, 0xfa, 0x3f, 0xff,
    0xc0, 0xf, 0xfe, 0x2d, 0xff, 0xf0, 0x7f, 0xf4,
    0x7f, 0xfe, 0x83, 0xff, 0x8b, 0xff, 0xf4, 0x1f,
    0xfd, 0x1f, 0xff, 0x90, 0xff, 0xe2, 0xff, 0xfd,
    0x7, 0xff, 0x41, 0xff, 0xf9, 0xf, 0xfe, 0x2f,
    0xff, 0xc8, 0x7f, 0xf4, 0x1f, 0xff, 0x83, 0xff,
    0x8a, 0xff, 0xfc, 0x1f, 0xfd, 0x1b, 0xff, 0xe0,
    0xff, 0xe2, 0xbf, 0xff, 0x7, 0xff, 0x46, 0xff,
    0xf8, 0x3f, 0xf8, 0xb7, 0xff, 0xc1, 0xff, 0xd1,
    0xff, 0xfe, 0x0, 0x7f, 0xf1, 0x6f, 0xff, 0x83,
    0xff, 0xa3, 0xff, 0xf4, 0x1f, 0xfc, 0x5f, 0xff,
    0xa0, 0xff, 0xe8, 0xff, 0xfc, 0x87, 0xff, 0x17,
    0xff, 0xe8, 0x3f, 0xfa, 0xf, 0xff, 0xc8, 0x7f,
    0xf1, 0x7f, 0xfe, 0x43, 0xff, 0xa0, 0xff, 0xfc,
    0x1f, 0xfc, 0x57, 0xff, 0xe0, 0xff, 0xe8, 0xdf,
    0xff, 0x7, 0xff, 0x15, 0xff, 0xf8, 0x3f, 0xfa,
    0x37, 0xff, 0xc1, 0xff, 0xc5, 0xbf, 0xfe, 0xf,
    0xfe, 0x8f, 0xff, 0xf0, 0x3, 0xff, 0x8b, 0x7f,
    0xfc, 0x1f, 0xfd, 0x1f, 0xff, 0xa0, 0xff, 0xe2,
    0xff, 0xfd, 0x7, 0xff, 0x47, 0xff, 0xe4, 0x3f,
    0xf8, 0xbf, 0xff, 0x41, 0xff, 0xd0, 0x7f, 0xfe,
    0x43, 0xff, 0x8b, 0xff, 0xf2, 0x1f, 0xfd, 0x7,
    0xff, 0xe0, 0xff, 0xe2, 0xbf, 0xff, 0x7, 0xff,
    0x46, 0xff, 0xf8, 0x3f, 0xf8, 0xaf, 0xff, 0xc1,
    0xff, 0xd1, 0xbf, 0xfe, 0xf, 0xfe, 0x2d, 0xff,
    0xf0, 0x7f, 0xf4, 0x7f, 0xff, 0x80, 0x1f, 0xfc,
    0x5b, 0xff, 0xe0, 0xff, 0xe1, 0xbf, 0xff, 0xf5,
    0x42, 0x7f, 0xff, 0xea, 0x84, 0xff, 0xff, 0xd5,
    0x9, 0xff, 0xff, 0xaa, 0x13, 0xff, 0xff, 0x54,
    0x27, 0xff, 0xfe, 0xa8, 0x4f, 0xff, 0xfd, 0x50,
    0x9f, 0xff, 0xfa, 0xa1, 0x3f, 0xff, 0xf5, 0x42,
    0x7f, 0xff, 0xea, 0x86, 0x5f, 0xfa, 0xff, 0xf9,
    0x7f, 0xf8, 0xb7, 0xff, 0xcb, 0xff, 0xc1, 0xf,
    0xfe, 0x25, 0xff, 0xf0, 0x7f, 0xf1, 0x5f, 0xff,
    0x83, 0xff, 0xa3, 0x7f, 0xfc, 0x1f, 0xfc, 0x5b,
    0xff, 0xe0, 0xff, 0xe8, 0xff, 0xfd, 0x7, 0xff,
    0x16, 0xff, 0xf4, 0x1f, 0xfd, 0x1f, 0xff, 0xa0,
    0xff, 0xe2, 0xff, 0xfd, 0x7, 0xff, 0x47, 0xff,
    0xe4, 0x3f, 0xf8, 0xbf, 0xff, 0x21, 0xff, 0xd0,
    0x7f, 0xfe, 0x43, 0xff, 0x8b, 0xff, 0xf2, 0x1f,
    0xfd, 0x7, 0xff, 0xe0, 0xff, 0xe2, 0xbf, 0xff,
    0x7, 0xff, 0x46, 0xff, 0xf8, 0x3f, 0xf8, 0xaf,
    0xff, 0xc1, 0xff, 0xd1, 0xbf, 0xfe, 0xf, 0xfe,
    0x2d, 0xff, 0xf0, 0x7f, 0xf4, 0x7f, 0xfe, 0x83,
    0xff, 0x8b, 0x7f, 0xfc, 0x1f, 0xfd, 0x1f, 0xff,
    0xa0, 0xff, 0xe2, 0xff, 0xfd, 0x7, 0xff, 0x47,
    0xff, 0xe4, 0x3f, 0xf8, 0xbf, 0xff, 0x21, 0xff,
    0xd1, 0xff, 0xf9, 0xf, 0xfe, 0x2f, 0xff, 0xc8,
    0x7f, 0xf4, 0x1f, 0xff, 0x83, 0xff, 0x8a, 0xff,
    0xfc, 0x1f, 0xfd, 0x17, 0xff, 0xe0, 0xff, 0xe2,
    0xbf, 0xff, 0x7, 0xff, 0x46, 0xff, 0xf8, 0x3f,
    0xf8, 0xb7, 0xff, 0xc1, 0xff, 0xc4, 0x5f, 0xfe,
    0xf, 0xff, 0xf0, 0x17, 0xff, 0x8b, 0xff, 0xfc,
    0x5, 0xff, 0x83, 0xbf, 0xff, 0xec, 0x1b, 0xff,
    0xfe, 0xc1, 0xbf, 0xff, 0xec, 0x1b, 0xff, 0xfe,
    0xc1, 0xbf, 0xff, 0xec, 0x1b, 0xff, 0xfe, 0xc1,
    0xbf, 0xff, 0xec, 0x1b, 0xff, 0xfe, 0xc1, 0xbf,
    0xff, 0xec, 0x1b, 0xff, 0xfe, 0xc1, 0xff, 0xc3,
    0x7f, 0xfe, 0xf, 0xfe, 0x2b, 0xff, 0xf0, 0x7f,
    0xf4, 0x5f, 0xff, 0x83, 0xff, 0x8a, 0xff, 0xfc,
    0x1f, 0xfd, 0x1b, 0xff, 0xe0, 0xff, 0xe2, 0xdf,
    0xff, 0x7, 0xff, 0x46, 0xff, 0xf8, 0x3f, 0xf8,
    0xb7, 0xff, 0xc1, 0xff, 0xd1, 0xff, 0xfa, 0xf,
    0xfe, 0x2f, 0xff, 0xd0, 0x7f, 0xf4, 0x7f, 0xfe,
    0x43, 0xff, 0x8b, 0xff, 0xf4, 0x1f, 0xfd, 0x1f,
    0xff, 0x90, 0xff, 0xe2, 0xff, 0xfc, 0x87, 0xff,
    0x41, 0xff, 0xf8, 0x3f, 0xf8, 0xaf, 0xff, 0xc1,
    0xff, 0xd1, 0x7f, 0xfe, 0xf, 0xfe, 0x2b, 0xff,
    0xf0, 0x7f, 0xf4, 0x6f, 0xff, 0x83, 0xff, 0x8b,
    0x7f, 0xfc, 0x1f, 0xfd, 0x1f, 0xff, 0xe0, 0x7,
    0xff, 0x16, 0xff, 0xf8, 0x3f, 0xfa, 0x3f, 0xff,
    0x41, 0xff, 0xc5, 0xff, 0xfa, 0xf, 0xfe, 0x8f,
    0xff, 0xc8, 0x7f, 0xf1, 0x7f, 0xfe, 0x83, 0xff,
    0xa3, 0xff, 0xf2, 0x1f, 0xfc, 0x5f, 0xff, 0x90,
    0xff, 0xe8, 0x3f, 0xff, 0x7, 0xff, 0x15, 0xff,
    0xf8, 0x3f, 0xfa, 0x2f, 0xff, 0xc1, 0xff, 0xc5,
    0x7f, 0xfe, 0xf, 0xfe, 0x8d, 0xff, 0xf0, 0x7f,
    0xf1, 0x6f, 0xff, 0x83, 0xff, 0xa3, 0xff, 0xfc,
    0x0, 0xff, 0xe2, 0xdf, 0xff, 0x7, 0xff, 0x47,
    0xff, 0xe8, 0x3f, 0xf8, 0xbf, 0xff, 0x41, 0xff,
    0xd1, 0xff, 0xf9, 0xf, 0xfe, 0x2f, 0xff, 0xd0,
    0x7f, 0xf4, 0x7f, 0xfe, 0x43, 0xff, 0x8b, 0xff,
    0xf2, 0x1f, 0xfd, 0x7, 0xff, 0xe0, 0xff, 0xe2,
    0xbf, 0xff, 0x7, 0xff, 0x45, 0xff, 0xf8, 0x3f,
    0xf8, 0xaf, 0xff, 0xc1, 0xff, 0xd1, 0xbf, 0xfe,
    0xf, 0xfe, 0x2d, 0xff, 0xf0, 0x7f, 0xf4, 0x7f,
    0xff, 0x80, 0x1f, 0xfc, 0x5b, 0xff, 0xe0, 0xff,
    0xe4, 0x80,

    /* U+0024 "$" */
    0xf, 0xfe, 0x7a, 0xff, 0x83, 0xff, 0xcf, 0x7f,
    0xfa, 0xf, 0xff, 0x35, 0xff, 0xe8, 0x3f, 0xfc,
    0xd7, 0xff, 0xa0, 0xff, 0xf3, 0x5f, 0xfe, 0x83,
    0xff, 0xcd, 0x7f, 0xfa, 0xf, 0xff, 0x35, 0xff,
    0xe8, 0x3f, 0xfc, 0xd7, 0xff, 0xa0, 0xff, 0xf3,
    0x5f, 0xfe, 0x83, 0xff, 0xc8, 0xdf, 0xff, 0xc0,
    0x90, 0xff, 0xef, 0x37, 0xff, 0xf2, 0x24, 0x3f,
    0xfa, 0xed, 0xff, 0xfc, 0xf4, 0x3f, 0xfa, 0x4f,
    0xff, 0xf5, 0x20, 0xff, 0xe7, 0xff, 0xff, 0x62,
    0xf, 0xfe, 0x5d, 0xff, 0xfd, 0xb8, 0x3f, 0xf9,
    0x1f, 0xff, 0xdf, 0x43, 0xff, 0x8b, 0xff, 0xfe,
    0x20, 0xff, 0xe1, 0xff, 0xff, 0x91, 0xf, 0xfe,
    0x7, 0xff, 0xf9, 0x90, 0xff, 0x7f, 0xff, 0xa1,
    0xf, 0xd7, 0xff, 0xfa, 0x20, 0xf9, 0xff, 0xfe,
    0x34, 0xdf, 0xfe, 0x9b, 0xff, 0xf8, 0xd0, 0x7e,
    0xff, 0xfe, 0x2a, 0x15, 0xff, 0xe8, 0x33, 0xff,
    0xfc, 0x28, 0x3f, 0x3f, 0xff, 0xc3, 0x43, 0xaf,
    0xff, 0x41, 0xe7, 0xff, 0xe4, 0x3f, 0xbf, 0xff,
    0x86, 0x1f, 0x5f, 0xfe, 0x83, 0xf3, 0xff, 0x90,
    0xfe, 0x7f, 0xff, 0x84, 0x1f, 0xaf, 0xff, 0x41,
    0xfe, 0xbf, 0x90, 0xff, 0x5f, 0xff, 0xc1, 0xf,
    0xeb, 0xff, 0xd0, 0x7f, 0xcf, 0xc8, 0x7f, 0xdf,
    0xff, 0xc1, 0x43, 0xfa, 0xff, 0xf4, 0x1f, 0xfc,
    0x7, 0x43, 0xff, 0x81, 0xff, 0xfc, 0x10, 0xff,
    0x5f, 0xfe, 0x83, 0xff, 0x9c, 0xff, 0xff, 0x2,
    0xf, 0xf5, 0xff, 0xe8, 0x3f, 0xf9, 0xcf, 0xff,
    0xf0, 0x10, 0xff, 0x5f, 0xfe, 0x83, 0xff, 0x9c,
    0xff, 0xff, 0x1, 0xf, 0xf5, 0xff, 0xe8, 0x3f,
    0xf9, 0xd7, 0xff, 0xf0, 0x3, 0xfe, 0xbf, 0xfd,
    0x7, 0xff, 0x3a, 0xff, 0xfe, 0x0, 0x7f, 0xd7,
    0xff, 0xa0, 0xff, 0xe7, 0x5f, 0xff, 0xc0, 0xf,
    0xfa, 0xff, 0xf4, 0x1f, 0xfc, 0xe7, 0xff, 0xf8,
    0x8, 0x7f, 0xaf, 0xff, 0x41, 0xff, 0xce, 0x7f,
    0xff, 0x81, 0x7, 0xfa, 0xff, 0xf4, 0x1f, 0xfc,
    0xe7, 0xff, 0xf8, 0x21, 0xfe, 0xbf, 0xfd, 0x7,
    0xff, 0x3f, 0xff, 0xf8, 0x30, 0x7f, 0x5f, 0xfe,
    0x83, 0xff, 0x9f, 0xff, 0xfc, 0x24, 0x3f, 0x5f,
    0xfe, 0x83, 0xff, 0x9f, 0x7f, 0xff, 0x9, 0xf,
    0xaf, 0xff, 0x41, 0xff, 0xcf, 0x7f, 0xff, 0x87,
    0x7, 0xaf, 0xff, 0x41, 0xff, 0xd0, 0xff, 0xfe,
    0x2a, 0x1a, 0xff, 0xf4, 0x1f, 0xfd, 0x7, 0xff,
    0xf8, 0xc8, 0x2f, 0xff, 0x41, 0xff, 0xd1, 0xff,
    0xfe, 0x43, 0x7f, 0xfa, 0xf, 0xfe, 0x97, 0xff,
    0xf4, 0xe0, 0xff, 0xe9, 0x3f, 0xff, 0xd2, 0x83,
    0xff, 0xa7, 0x7f, 0xff, 0x46, 0xf, 0xfe, 0xa5,
    0xff, 0xfd, 0x8, 0x3f, 0xfa, 0xaf, 0xff, 0xf4,
    0x60, 0xff, 0xea, 0x3f, 0xff, 0xd2, 0x83, 0xff,
    0xa9, 0x7f, 0xff, 0x4d, 0xf, 0xfe, 0x9f, 0xff,
    0xf5, 0x3, 0xff, 0xa6, 0xff, 0xff, 0x4e, 0xf,
    0xfe, 0xa5, 0xff, 0xfd, 0x24, 0x3f, 0xfa, 0x97,
    0xff, 0xf4, 0x60, 0xff, 0xea, 0xbf, 0xff, 0xd1,
    0x43, 0xff, 0xad, 0x7f, 0xff, 0x3d, 0xf, 0xfe,
    0xb5, 0xff, 0xfc, 0xf8, 0x3f, 0xfa, 0xb7, 0xff,
    0xf4, 0x20, 0xff, 0xea, 0x5f, 0xff, 0xd1, 0x83,
    0xff, 0xa7, 0x7f, 0xff, 0x49, 0xf, 0xfe, 0x95,
    0xff, 0xea, 0x7f, 0xff, 0x1c, 0x3f, 0xfa, 0x57,
    0xff, 0xa0, 0x5f, 0xff, 0xc5, 0x83, 0xff, 0xa3,
    0x7f, 0xfa, 0xd, 0xff, 0xfc, 0x50, 0xff, 0xe8,
    0xdf, 0xfe, 0x83, 0xaf, 0xff, 0xe1, 0xc1, 0xff,
    0xd0, 0xbf, 0xfd, 0x7, 0x9f, 0xff, 0xe1, 0x87,
    0xff, 0x42, 0xff, 0xf4, 0x1f, 0x3f, 0xff, 0xc2,
    0x43, 0xff, 0x9f, 0x7f, 0xfa, 0xf, 0xd7, 0xff,
    0xf0, 0x60, 0xff, 0xe7, 0xdf, 0xfe, 0x83, 0xfb,
    0xff, 0xf8, 0x41, 0xff, 0xcf, 0xbf, 0xfd, 0x7,
    0xf3, 0xff, 0xfc, 0x10, 0xff, 0xe7, 0xdf, 0xfe,
    0x83, 0xfd, 0xff, 0xfc, 0x10, 0xff, 0xe7, 0xdf,
    0xfe, 0x83, 0xfd, 0xff, 0xfc, 0x14, 0x3f, 0xf9,
    0xd7, 0xff, 0xa0, 0xff, 0x5f, 0xff, 0xc0, 0x43,
    0xff, 0x9d, 0x7f, 0xfa, 0xf, 0xf5, 0xff, 0xfc,
    0x4, 0x3f, 0xf9, 0xd7, 0xff, 0xa0, 0xff, 0x3f,
    0xff, 0xc0, 0x43, 0xff, 0x9d, 0x7f, 0xfa, 0xf,
    0xf3, 0xff, 0xfc, 0x4, 0x3f, 0xf9, 0xd7, 0xff,
    0xa0, 0xff, 0x5f, 0xff, 0xc0, 0x43, 0xff, 0x9d,
    0x7f, 0xfa, 0xf, 0xf5, 0xff, 0xfc, 0x0, 0xfc,
    0xc1, 0xff, 0xc5, 0xbf, 0xfd, 0x7, 0xfb, 0xff,
    0xf8, 0x21, 0xf3, 0xe8, 0x3f, 0xf8, 0x97, 0xff,
    0xa0, 0xfe, 0x7f, 0xff, 0x82, 0x1e, 0x7f, 0x83,
    0xff, 0x87, 0x7f, 0xfa, 0xf, 0xeb, 0xff, 0xf8,
    0x10, 0x73, 0xff, 0x21, 0xff, 0xc1, 0xbf, 0xfd,
    0x7, 0xe7, 0xff, 0xf8, 0x28, 0x67, 0xff, 0xa0,
    0xff, 0xe0, 0x5f, 0xfe, 0x83, 0xf7, 0xff, 0xf0,
    0x83, 0x3f, 0xff, 0xc0, 0x43, 0xfd, 0x7f, 0xfa,
    0xf, 0xbf, 0xff, 0x86, 0x13, 0xff, 0xfc, 0x34,
    0x3f, 0x5f, 0xfe, 0x83, 0xdf, 0xff, 0xc3, 0x40,
    0xff, 0xff, 0x19, 0xf, 0x5f, 0xfe, 0x83, 0x5f,
    0xff, 0xc4, 0xa, 0xff, 0xfe, 0x44, 0x85, 0x7f,
    0xfa, 0x5, 0xff, 0xfc, 0x54, 0x35, 0xff, 0xfc,
    0xbb, 0xff, 0xfa, 0x70, 0x7b, 0xff, 0xfd, 0x61,
    0xfa, 0xff, 0xff, 0x40, 0x7f, 0xaf, 0xff, 0xf3,
    0x21, 0xff, 0x3f, 0xff, 0xe4, 0x43, 0xff, 0x85,
    0x7f, 0xff, 0x84, 0x3f, 0xf8, 0xaf, 0xff, 0xf7,
    0xa0, 0xff, 0xe4, 0x3f, 0xff, 0xdb, 0x43, 0xff,
    0x96, 0xff, 0xff, 0x5d, 0xf, 0xfe, 0x7b, 0x7f,
    0xff, 0x49, 0xf, 0xfe, 0xa3, 0x7f, 0xff, 0x32,
    0xf, 0xfe, 0xdb, 0x7f, 0xff, 0x12, 0x43, 0xff,
    0xc7, 0x7f, 0xfa, 0xf, 0xff, 0x35, 0xff, 0xe8,
    0x3f, 0xfc, 0xd7, 0xff, 0xa0, 0xff, 0xf3, 0x5f,
    0xfe, 0x83, 0xff, 0xcd, 0x7f, 0xfa, 0xf, 0xff,
    0x35, 0xff, 0xe8, 0x3f, 0xfc, 0xd7, 0xff, 0xa0,
    0xff, 0xf3, 0x5f, 0xfe, 0x83, 0xff, 0xcd, 0x7f,
    0xfa, 0xf, 0xfe, 0x60,

    /* U+0025 "%" */
    0xf, 0xfe, 0x2b, 0x7f, 0xd2, 0x1f, 0xff, 0xf0,
    0xfe, 0xbf, 0xff, 0x87, 0x7, 0xff, 0xfc, 0x35,
    0xff, 0xfc, 0x78, 0x3f, 0xfb, 0x1f, 0xff, 0xc1,
    0xf, 0xfe, 0x73, 0xff, 0xfc, 0xb8, 0x3f, 0xfa,
    0xaf, 0xff, 0xf0, 0x20, 0xff, 0xe6, 0xff, 0xff,
    0x3c, 0x3f, 0xfa, 0x9f, 0xff, 0xc1, 0xf, 0xfe,
    0x6f, 0xff, 0xf4, 0x50, 0xff, 0xe8, 0xdf, 0xff,
    0xc0, 0x43, 0xff, 0x99, 0xff, 0xfd, 0x34, 0x3f,
    0xfa, 0x1f, 0xff, 0xc0, 0x83, 0xff, 0x99, 0xff,
    0xfd, 0x50, 0xff, 0xe7, 0xff, 0xff, 0x4, 0x3f,
    0xf9, 0x9f, 0xff, 0xd7, 0xf, 0xfe, 0x6b, 0xff,
    0xfc, 0x8, 0x3f, 0xf9, 0x77, 0xff, 0xf5, 0xe0,
    0xff, 0xe6, 0x7f, 0xff, 0x4, 0x3f, 0xf9, 0x6f,
    0xff, 0xf0, 0xe5, 0xa, 0xbf, 0xff, 0x86, 0x87,
    0xff, 0x2a, 0xff, 0xfe, 0x2, 0x1f, 0xfc, 0xbf,
    0xff, 0xe1, 0x21, 0xfc, 0xff, 0xff, 0x8, 0x3f,
    0xf9, 0x2f, 0xff, 0xf0, 0x20, 0xff, 0xe5, 0xbf,
    0xff, 0xc0, 0x83, 0xff, 0x83, 0x7f, 0xff, 0x1,
    0xf, 0xfe, 0x47, 0xff, 0xf0, 0x43, 0xff, 0x99,
    0xff, 0xfc, 0x8, 0x3f, 0xf8, 0x77, 0xff, 0xf0,
    0x3, 0xff, 0x8e, 0xff, 0xff, 0x1, 0xf, 0xfe,
    0x67, 0xff, 0xf0, 0x3, 0xff, 0x8b, 0xff, 0xfc,
    0x0, 0xff, 0xe3, 0xff, 0xff, 0x4, 0x3f, 0xf9,
    0x8f, 0xff, 0xc1, 0xff, 0xc7, 0xff, 0xf9, 0xf,
    0xfe, 0x2d, 0xff, 0xfc, 0x0, 0xff, 0xe6, 0xff,
    0xfd, 0x7, 0xff, 0x1e, 0xff, 0xf4, 0x1f, 0xfc,
    0x47, 0xff, 0xf8, 0x10, 0x7f, 0xf3, 0x7f, 0xfe,
    0xf, 0xfe, 0x43, 0xff, 0xf0, 0x7f, 0xf1, 0x3f,
    0xff, 0x82, 0x1f, 0xfc, 0xef, 0xff, 0x83, 0xff,
    0x93, 0xff, 0xf0, 0x7f, 0xf0, 0xef, 0xff, 0xe0,
    0x21, 0xff, 0xcd, 0x7f, 0xfd, 0x7, 0xff, 0x27,
    0xff, 0xe0, 0xff, 0xe1, 0xff, 0xff, 0x4, 0x3f,
    0xf9, 0xcf, 0xff, 0xa0, 0xff, 0xe4, 0xdf, 0xfe,
    0x43, 0xff, 0x83, 0x7f, 0xff, 0x0, 0x3f, 0xf9,
    0xef, 0xff, 0xa0, 0xff, 0xe4, 0xdf, 0xfe, 0x43,
    0xff, 0x80, 0xff, 0xff, 0x2, 0xf, 0xfe, 0x7b,
    0xff, 0xe8, 0x3f, 0xf9, 0x37, 0xff, 0x90, 0xff,
    0xe0, 0x7f, 0xff, 0x4, 0x3f, 0xfa, 0xf, 0xff,
    0xa0, 0xff, 0xe4, 0xdf, 0xfe, 0x43, 0xfe, 0xbf,
    0xff, 0x80, 0x87, 0xff, 0x41, 0xff, 0xf4, 0x1f,
    0xfc, 0x9f, 0xff, 0x83, 0xff, 0x81, 0xff, 0xfc,
    0x8, 0x3f, 0xfa, 0x5f, 0xff, 0x7, 0xff, 0x27,
    0xff, 0xe0, 0xff, 0xbf, 0xff, 0x82, 0x1f, 0xfd,
    0x3f, 0xff, 0x83, 0xff, 0x90, 0xff, 0xfc, 0x1f,
    0xe7, 0xff, 0xf8, 0x10, 0x7f, 0xf4, 0xff, 0xfe,
    0x83, 0xff, 0x8f, 0x7f, 0xfa, 0xf, 0xf7, 0xff,
    0xf0, 0x43, 0xff, 0xa9, 0x7f, 0xfc, 0x1f, 0xfc,
    0x7f, 0xff, 0x90, 0xfe, 0xbf, 0xff, 0x80, 0x87,
    0xff, 0x57, 0xff, 0xe8, 0x3f, 0xf8, 0xbf, 0xff,
    0xc0, 0xf, 0xf7, 0xff, 0xf0, 0x20, 0xff, 0xeb,
    0x7f, 0xff, 0x1, 0xf, 0xfe, 0x1d, 0xff, 0xf4,
    0x1f, 0xdf, 0xff, 0xc1, 0xf, 0xfe, 0xbb, 0xff,
    0xfc, 0x4, 0x3f, 0xf8, 0x37, 0xff, 0xf0, 0x10,
    0xfc, 0xff, 0xff, 0x1, 0xf, 0xfe, 0xc7, 0xff,
    0xf0, 0x60, 0xff, 0xaf, 0xff, 0xe0, 0x87, 0xf7,
    0xff, 0xf0, 0x43, 0xff, 0xb2, 0xff, 0xff, 0xa,
    0x43, 0x9b, 0xff, 0xf8, 0x41, 0xfd, 0x7f, 0xff,
    0x1, 0xf, 0xfe, 0xd5, 0xff, 0xfd, 0x78, 0x3f,
    0x3f, 0xff, 0xc0, 0x83, 0xff, 0xb9, 0xff, 0xfd,
    0x70, 0xfe, 0xff, 0xfe, 0x8, 0x7f, 0xf7, 0xbf,
    0xff, 0xaa, 0x1f, 0xcf, 0xff, 0xf0, 0x10, 0xff,
    0xef, 0x3f, 0xff, 0xd3, 0xf, 0xf7, 0xff, 0xf0,
    0x43, 0xff, 0xc0, 0xff, 0xff, 0x44, 0x3f, 0xd7,
    0xff, 0xf0, 0x3, 0xff, 0xc7, 0xff, 0xfc, 0xf0,
    0xff, 0x3f, 0xff, 0xc0, 0x83, 0xff, 0xc9, 0x7f,
    0xff, 0x2e, 0xf, 0xfb, 0xff, 0xf8, 0x21, 0xff,
    0xe6, 0x7f, 0xff, 0x92, 0x87, 0xfd, 0x7f, 0xff,
    0x1, 0xf, 0xff, 0x4d, 0xff, 0xfc, 0x39, 0xf,
    0xfe, 0xf, 0xff, 0xf0, 0x43, 0xff, 0xd8, 0xdf,
    0xfd, 0x21, 0xff, 0xc3, 0xbf, 0xff, 0x80, 0x1f,
    0xff, 0xf0, 0xfe, 0x7f, 0xff, 0x81, 0x7, 0xff,
    0xfc, 0x3f, 0xbf, 0xff, 0x82, 0x1f, 0xff, 0xf0,
    0xfe, 0xbf, 0xff, 0x80, 0x87, 0xff, 0xfc, 0x3f,
    0xbf, 0xff, 0x81, 0x7, 0xff, 0xfc, 0x3f, 0xbf,
    0xff, 0x82, 0x1f, 0xfc, 0x36, 0xff, 0xe9, 0xf,
    0xff, 0x63, 0xff, 0xfc, 0x8, 0x3f, 0xf8, 0xd,
    0xff, 0xfc, 0x44, 0x3f, 0xfd, 0x3f, 0xff, 0xc1,
    0xf, 0xf9, 0xff, 0xfe, 0x4a, 0x1f, 0xfe, 0x6b,
    0xff, 0xf8, 0x8, 0x7f, 0xaf, 0xff, 0xe6, 0x7,
    0xff, 0x97, 0xff, 0xf8, 0x10, 0x7f, 0xbf, 0xff,
    0x9e, 0x87, 0xff, 0x8b, 0xff, 0xf8, 0x21, 0xfc,
    0xff, 0xff, 0x46, 0xf, 0xff, 0x3, 0xff, 0xfc,
    0x4, 0x3f, 0x3f, 0xff, 0xd3, 0x83, 0xff, 0xbf,
    0xff, 0xfc, 0x10, 0xfe, 0xff, 0xfe, 0xaa, 0x1f,
    0xfd, 0xdb, 0xff, 0xf8, 0x1, 0xfd, 0xff, 0xfd,
    0x74, 0x3f, 0xfb, 0x6f, 0xff, 0xf0, 0x20, 0xfd,
    0x7f, 0xff, 0x60, 0x3f, 0xfb, 0x7f, 0xff, 0xc1,
    0xf, 0xcf, 0xff, 0xf0, 0xa4, 0x39, 0xbf, 0xff,
    0x85, 0x7, 0xff, 0x65, 0xff, 0xfe, 0x2, 0x1f,
    0xbf, 0xff, 0x83, 0x7, 0xfd, 0x7f, 0xff, 0x4,
    0x3f, 0xfb, 0x3f, 0xff, 0xc1, 0xf, 0xcf, 0xff,
    0xf0, 0x20, 0xff, 0xe0, 0xbf, 0xff, 0xc0, 0x83,
    0xff, 0xaf, 0x7f, 0xff, 0x0, 0x3f, 0xbf, 0xff,
    0x81, 0x7, 0xff, 0xd, 0xff, 0xfe, 0x0, 0x7f,
    0xf5, 0x9f, 0xff, 0xe0, 0x41, 0xfd, 0xff, 0xfc,
    0x0, 0xff, 0xe2, 0xdf, 0xff, 0x21, 0xff, 0xd5,
    0xff, 0xfe, 0x8, 0x7f, 0x5f, 0xff, 0x7, 0xff,
    0x1f, 0xff, 0xf8, 0x1, 0xff, 0xd4, 0xbf, 0xff,
    0x80, 0x87, 0xf7, 0xff, 0xd0, 0x7f, 0xf1, 0xef,
    0xff, 0x83, 0xff, 0xa9, 0xff, 0xfc, 0x8, 0x3f,
    0xdf, 0xff, 0x21, 0xff, 0xc8, 0xff, 0xf8, 0x3f,
    0xfa, 0x77, 0xff, 0xf0, 0x3, 0xfe, 0xff, 0xf8,
    0x3f, 0xf9, 0x3f, 0xff, 0x21, 0xff, 0xd1, 0x7f,
    0xff, 0x81, 0x7, 0xf9, 0xff, 0xf8, 0x3f, 0xf9,
    0x37, 0xff, 0x90, 0xff, 0xe8, 0xff, 0xff, 0x4,
    0x3f, 0xe7, 0xff, 0xd0, 0x7f, 0xf2, 0x6f, 0xff,
    0x41, 0xff, 0xd0, 0xbf, 0xff, 0x80, 0x87, 0xfc,
    0xff, 0xfa, 0xf, 0xfe, 0x4b, 0xff, 0xe8, 0x3f,
    0xfa, 0x1f, 0xff, 0xc0, 0x83, 0xff, 0x80, 0xff,
    0xfa, 0xf, 0xfe, 0x4b, 0xff, 0xe8, 0x3f, 0xf9,
    0xff, 0xff, 0xc1, 0xf, 0xfe, 0xb, 0xff, 0xf0,
    0x7f, 0xf2, 0x6f, 0xff, 0x41, 0xff, 0xce, 0x7f,
    0xff, 0x80, 0x87, 0xff, 0xb, 0xff, 0xe0, 0xff,
    0xe4, 0xdf, 0xfe, 0x43, 0xff, 0x9d, 0xff, 0xfc,
    0x10, 0xff, 0xe1, 0xff, 0xfc, 0x1f, 0xfc, 0x9f,
    0xff, 0x90, 0xff, 0xe6, 0xdf, 0xff, 0xc0, 0x43,
    0xff, 0x87, 0xff, 0xf2, 0x1f, 0xfc, 0x8f, 0xff,
    0x83, 0xff, 0x9d, 0xff, 0xfc, 0x8, 0x3f, 0xf8,
    0x97, 0xff, 0xc1, 0xff, 0xc7, 0xbf, 0xfe, 0xf,
    0xfe, 0x6f, 0xff, 0xf0, 0x43, 0xff, 0x8a, 0xff,
    0xfc, 0x87, 0xff, 0x1b, 0xff, 0xe8, 0x3f, 0xf9,
    0x8f, 0xff, 0xf0, 0x10, 0xff, 0xe3, 0x7f, 0xff,
    0x0, 0x3f, 0xf8, 0xbf, 0xff, 0xc0, 0x43, 0xff,
    0x99, 0xff, 0xfc, 0x10, 0xff, 0xe3, 0xdf, 0xff,
    0x41, 0xff, 0xc3, 0xbf, 0xff, 0x80, 0x1f, 0xfc,
    0xcb, 0xff, 0xf8, 0x1, 0xff, 0xc9, 0xff, 0xfe,
    0x4, 0x1f, 0xfc, 0x1b, 0xff, 0xf8, 0x8, 0x7f,
    0xf2, 0xdf, 0xff, 0xe0, 0x41, 0xff, 0xc9, 0xbf,
    0xff, 0x82, 0x87, 0xf3, 0xff, 0xfc, 0x20, 0xff,
    0xe6, 0x7f, 0xff, 0x4, 0x3f, 0xf9, 0x7f, 0xff,
    0xc3, 0x94, 0x2a, 0xff, 0xfe, 0x1a, 0x1f, 0xfc,
    0xb7, 0xff, 0xf8, 0x8, 0x7f, 0xf2, 0xdf, 0xff,
    0xeb, 0xc1, 0xff, 0xcc, 0xff, 0xfe, 0x8, 0x7f,
    0xf3, 0x7f, 0xff, 0xae, 0x1f, 0xfc, 0xcb, 0xff,
    0xf8, 0x1, 0xff, 0xcf, 0xff, 0xfe, 0xa8, 0x7f,
    0xf3, 0x1f, 0xff, 0xe0, 0x41, 0xff, 0xd0, 0xff,
    0xfe, 0x9a, 0x1f, 0xfc, 0xcf, 0xff, 0xe0, 0x87,
    0xff, 0x4b, 0xff, 0xfa, 0x21, 0xff, 0xcd, 0xbf,
    0xff, 0x80, 0x87, 0xff, 0x4e, 0xff, 0xfe, 0x70,
    0x7f, 0xf3, 0xbf, 0xff, 0x81, 0x7, 0xff, 0x55,
    0xff, 0xfe, 0x5c, 0x1f, 0xfc, 0xeb, 0xff, 0xf8,
    0x1, 0xff, 0xd8, 0xbf, 0xff, 0x8f, 0x7, 0xff,
    0xfc, 0x33, 0xff, 0xfc, 0x38, 0x3f, 0xff, 0xe1,
    0xfc, 0xdf, 0xf4, 0x87, 0xff, 0x14,

    /* U+0026 "&" */
    0xf, 0xfe, 0x7a, 0xaf, 0xfd, 0x44, 0x3f, 0xfe,
    0xaf, 0xff, 0xf1, 0xa0, 0xff, 0xf8, 0x5f, 0xff,
    0xcb, 0x43, 0xff, 0xd7, 0x7f, 0xff, 0x3d, 0xf,
    0xff, 0x3b, 0xff, 0xfd, 0x28, 0x3f, 0xfc, 0xb7,
    0xff, 0xf5, 0x43, 0xff, 0xc7, 0xff, 0xfd, 0x84,
    0x3f, 0xfc, 0x1f, 0xff, 0xda, 0x43, 0xff, 0xbd,
    0xff, 0xfd, 0xc0, 0xff, 0xee, 0xdf, 0xff, 0xdd,
    0xf, 0xfe, 0xdb, 0xff, 0xfd, 0xe8, 0x3f, 0xfb,
    0x5f, 0xff, 0xc5, 0x90, 0xf3, 0x7f, 0xff, 0x14,
    0x3f, 0xfb, 0x37, 0xff, 0xf0, 0xd0, 0xff, 0xe0,
    0x5f, 0xff, 0xc3, 0x83, 0xff, 0xb1, 0xff, 0xfc,
    0x30, 0xff, 0xe2, 0x7f, 0xff, 0xc, 0x3f, 0xfa,
    0xef, 0xff, 0xf0, 0x83, 0xff, 0x8d, 0xff, 0xfc,
    0x24, 0x3f, 0xfa, 0xd7, 0xff, 0xf0, 0x43, 0xff,
    0x8e, 0xff, 0xff, 0x6, 0xf, 0xfe, 0xb7, 0xff,
    0xf0, 0x50, 0xff, 0xe4, 0x5f, 0xff, 0xc1, 0xf,
    0xfe, 0xb7, 0xff, 0xf0, 0x43, 0xff, 0x95, 0xff,
    0xfc, 0x10, 0xff, 0xea, 0xbf, 0xff, 0xc0, 0x83,
    0xff, 0x95, 0xff, 0xfc, 0x10, 0xff, 0xea, 0xbf,
    0xff, 0xc0, 0x43, 0xff, 0x95, 0xff, 0xfc, 0x14,
    0x3f, 0xfa, 0x97, 0xff, 0xf0, 0x10, 0xff, 0xe5,
    0x5f, 0xff, 0xc0, 0x43, 0xff, 0xa9, 0x7f, 0xff,
    0x1, 0xf, 0xfe, 0x55, 0xff, 0xfc, 0x4, 0x3f,
    0xfa, 0x97, 0xff, 0xf0, 0x10, 0xff, 0xe5, 0x5f,
    0xff, 0xc0, 0x43, 0xff, 0xa8, 0xff, 0xff, 0x1,
    0xf, 0xfe, 0x57, 0xff, 0xf0, 0x43, 0xff, 0xaa,
    0xff, 0xff, 0x2, 0xf, 0xfe, 0x57, 0xff, 0xf0,
    0x43, 0xff, 0xad, 0xff, 0xfc, 0x10, 0xff, 0xe4,
    0xbf, 0xff, 0xc1, 0xf, 0xfe, 0xb7, 0xff, 0xf0,
    0x43, 0xff, 0x93, 0xff, 0xfc, 0x14, 0x3f, 0xfa,
    0xdf, 0xff, 0xc1, 0x83, 0xff, 0x8e, 0xff, 0xff,
    0x4, 0x3f, 0xfa, 0xef, 0xff, 0xf0, 0x50, 0xff,
    0xe3, 0x7f, 0xff, 0x8, 0x3f, 0xfb, 0x1f, 0xff,
    0xc2, 0xf, 0xfe, 0x2f, 0xff, 0xf0, 0x90, 0xff,
    0xec, 0x5f, 0xff, 0xc1, 0x83, 0xff, 0x87, 0xff,
    0xfc, 0x30, 0xff, 0xed, 0x7f, 0xff, 0x9, 0xf,
    0xfe, 0x3, 0xff, 0xfc, 0x30, 0xff, 0xed, 0xdf,
    0xff, 0xc2, 0xf, 0xfa, 0xff, 0xfe, 0x1c, 0x1f,
    0xfd, 0xcf, 0xff, 0xe1, 0x87, 0xe7, 0xff, 0xf8,
    0x90, 0x7f, 0xf7, 0x5f, 0xff, 0xe1, 0x87, 0x3f,
    0xff, 0xc6, 0xf, 0xfe, 0xff, 0xff, 0xf0, 0xe0,
    0x3f, 0xff, 0xc7, 0xf, 0xff, 0xf, 0xff, 0xf0,
    0xef, 0xff, 0xe4, 0x7, 0xff, 0x89, 0xff, 0xfe,
    0xb0, 0x7f, 0xf9, 0x2f, 0xff, 0xe9, 0xc1, 0xff,
    0xe6, 0xbf, 0xff, 0xa2, 0x87, 0xff, 0xa3, 0xff,
    0xfa, 0x1, 0xff, 0xeb, 0xff, 0xfe, 0x6c, 0x1f,
    0xfe, 0xbf, 0xff, 0xe6, 0x41, 0xff, 0xeb, 0xbf,
    0xff, 0x98, 0x87, 0xff, 0xaa, 0xff, 0xfe, 0x62,
    0x1f, 0xfe, 0xa7, 0xff, 0xf9, 0xc1, 0xff, 0xea,
    0xbf, 0xff, 0xa0, 0x1f, 0xfe, 0x8f, 0xff, 0xe9,
    0x87, 0xff, 0x9b, 0xff, 0xfa, 0xa1, 0xff, 0xe3,
    0x7f, 0xff, 0xae, 0x1f, 0xfc, 0xae, 0x43, 0xff,
    0x93, 0xff, 0xfc, 0x68, 0xbf, 0xff, 0x88, 0x1f,
    0xfc, 0x87, 0xfa, 0x43, 0xff, 0x89, 0xff, 0xfc,
    0x54, 0x35, 0xff, 0xfc, 0x40, 0xff, 0xe3, 0xdf,
    0xfd, 0x21, 0xff, 0x7f, 0xff, 0x12, 0xf, 0xaf,
    0xff, 0xe2, 0x7, 0xff, 0x1b, 0xff, 0xf8, 0x8,
    0x7f, 0x5f, 0xff, 0xc3, 0x43, 0xfb, 0xff, 0xf8,
    0xa1, 0xff, 0xc4, 0x7f, 0xff, 0x80, 0x1f, 0xcf,
    0xff, 0xf0, 0xc3, 0xff, 0x81, 0xff, 0xfc, 0x48,
    0x3f, 0xf8, 0x7f, 0xff, 0xc0, 0x83, 0xfb, 0xff,
    0xf8, 0x61, 0xff, 0xc2, 0xff, 0xfe, 0x24, 0x1f,
    0xfc, 0x17, 0xff, 0xf8, 0x8, 0x7e, 0x7f, 0xff,
    0x84, 0x1f, 0xfc, 0x4f, 0xff, 0xe2, 0x41, 0xff,
    0xc0, 0xff, 0xfe, 0x8, 0x7f, 0x7f, 0xff, 0x8,
    0x3f, 0xf8, 0xdf, 0xff, 0xc4, 0x83, 0xfe, 0xff,
    0xfe, 0x4, 0x1f, 0x9f, 0xff, 0xe0, 0xa1, 0xff,
    0xc7, 0xff, 0xfe, 0x24, 0x1f, 0xdf, 0xff, 0xc1,
    0xf, 0xeb, 0xff, 0xf8, 0x21, 0xff, 0xc9, 0xff,
    0xfe, 0x24, 0x1f, 0x3f, 0xff, 0xc1, 0xf, 0xef,
    0xff, 0xe0, 0xc1, 0xff, 0xca, 0xff, 0xfe, 0x22,
    0x1e, 0xff, 0xfe, 0xa, 0x1f, 0xdf, 0xff, 0xc1,
    0xf, 0xfe, 0x5b, 0xff, 0xfc, 0x44, 0x33, 0xff,
    0xfc, 0x10, 0xfe, 0x7f, 0xff, 0x82, 0x1f, 0xfc,
    0xc7, 0xff, 0xf8, 0x88, 0x5f, 0xff, 0xc1, 0x43,
    0xf9, 0xff, 0xfe, 0x4, 0x1f, 0xfc, 0xd7, 0xff,
    0xf8, 0x89, 0x7f, 0xff, 0x4, 0x3f, 0xcf, 0xff,
    0xf0, 0x20, 0xff, 0xe7, 0x3f, 0xff, 0xc4, 0xbf,
    0xff, 0x82, 0x87, 0xfa, 0xff, 0xfe, 0x4, 0x1f,
    0xfc, 0xf7, 0xff, 0xfa, 0x21, 0xff, 0x5f, 0xff,
    0xc0, 0x83, 0xff, 0xa1, 0x7f, 0xff, 0x3d, 0xf,
    0xfa, 0xff, 0xfe, 0x4, 0x1f, 0xfd, 0x1b, 0xff,
    0xf9, 0xc1, 0xff, 0xc0, 0x7f, 0xff, 0x81, 0x7,
    0xff, 0x4a, 0xff, 0xfe, 0x60, 0x7f, 0xf0, 0x5f,
    0xff, 0xe0, 0x87, 0xff, 0x4e, 0xff, 0xfe, 0x54,
    0x1f, 0xfc, 0x17, 0xff, 0xf8, 0x21, 0xff, 0xd4,
    0xbf, 0xff, 0x92, 0x1f, 0xfc, 0x3f, 0xff, 0xe0,
    0xc1, 0xff, 0xd4, 0xff, 0xfe, 0x40, 0x7f, 0xf1,
    0x3f, 0xff, 0x84, 0x1f, 0xfd, 0x5f, 0xff, 0xe3,
    0x41, 0xff, 0xc4, 0xbf, 0xff, 0x83, 0x7, 0xff,
    0x57, 0xff, 0xf8, 0xa1, 0xff, 0xc5, 0x7f, 0xff,
    0x84, 0x87, 0xff, 0x4f, 0xff, 0xf8, 0xd0, 0x7f,
    0xf1, 0x7f, 0xff, 0x86, 0x87, 0xff, 0x41, 0xff,
    0xfe, 0x44, 0x1f, 0xfc, 0x4b, 0xff, 0xf8, 0x68,
    0x7f, 0xf3, 0xaf, 0xff, 0xe5, 0x41, 0xff, 0xc4,
    0xff, 0xfe, 0x28, 0x7f, 0xf2, 0xdf, 0xff, 0xe6,
    0xa1, 0xff, 0xc3, 0xbf, 0xff, 0x8b, 0x7, 0xff,
    0x1e, 0xff, 0xfe, 0x82, 0x1f, 0xfc, 0x3f, 0xff,
    0xe3, 0xc8, 0x7f, 0xf0, 0x5b, 0xff, 0xfa, 0x68,
    0x7f, 0xf0, 0x9f, 0xff, 0xe5, 0x51, 0x7d, 0x7f,
    0xff, 0x61, 0xf, 0xfe, 0x15, 0xff, 0xff, 0x74,
    0x3f, 0xf8, 0x57, 0xff, 0xf9, 0x67, 0xff, 0xf8,
    0x81, 0xff, 0xc3, 0xbf, 0xff, 0xc6, 0x81, 0xff,
    0xfe, 0x20, 0x7f, 0xf0, 0xef, 0xff, 0xf0, 0x87,
    0x5f, 0xff, 0xc4, 0xf, 0xfe, 0x1b, 0xff, 0xfd,
    0xe8, 0x3e, 0xbf, 0xff, 0x88, 0x1f, 0xfc, 0x4f,
    0xff, 0xed, 0xc1, 0xfe, 0xbf, 0xff, 0x88, 0x1f,
    0xfc, 0x47, 0xff, 0xfa, 0xf0, 0x7f, 0xf0, 0x6f,
    0xff, 0xe2, 0x7, 0xff, 0x15, 0xff, 0xfe, 0x9c,
    0x1f, 0xfc, 0x4b, 0xff, 0xf8, 0x81, 0xff, 0xc6,
    0x6f, 0xff, 0xe6, 0xc8, 0x7f, 0xf1, 0xff, 0xff,
    0x8a, 0x1f, 0xfc, 0x86, 0xff, 0xfe, 0x3c, 0x87,
    0xff, 0xcd, 0x57, 0xff, 0x51, 0xf, 0xff, 0x0,

    /* U+0027 "'" */
    0xf, 0xfa, 0xff, 0xe6, 0xff, 0xe6, 0xff, 0xe6,
    0xff, 0xe6, 0xff, 0xe6, 0xff, 0xe6, 0xff, 0xe6,
    0xff, 0xe6, 0xff, 0xe6, 0xff, 0xe6, 0xff, 0xe6,
    0xff, 0xe6, 0xff, 0xe6, 0xff, 0xe6, 0xff, 0xe6,
    0xff, 0xe6, 0xff, 0xe6, 0xff, 0xe6, 0xff, 0xe6,
    0xff, 0xe6, 0xff, 0xe6, 0xff, 0xe6, 0xff, 0xe6,
    0xff, 0xe6, 0xff, 0xe6, 0xff, 0xe6, 0xff, 0xe6,
    0xff, 0xe6, 0xff, 0xe6, 0xff, 0xe6, 0xff, 0xe4,

    /* U+0028 "(" */
    0xf, 0xfe, 0x34, 0x87, 0xff, 0x39, 0xf8, 0x3f,
    0xf9, 0xbf, 0xd0, 0x7f, 0xf2, 0xaf, 0xf8, 0x3f,
    0xf9, 0xf, 0xff, 0x41, 0xff, 0xc6, 0xff, 0xfe,
    0x2, 0x1f, 0xfc, 0x3b, 0xff, 0xf8, 0x10, 0x7f,
    0xf0, 0x9f, 0xff, 0xe0, 0x87, 0xff, 0xf, 0xff,
    0xf8, 0x28, 0x7f, 0xf0, 0x9f, 0xff, 0xe0, 0x41,
    0xff, 0xc3, 0xff, 0xfe, 0x8, 0x7f, 0xf0, 0xef,
    0xff, 0xe0, 0x21, 0xff, 0xc3, 0xff, 0xfe, 0x8,
    0x7f, 0xf0, 0xef, 0xff, 0xe0, 0x7, 0xff, 0x13,
    0xff, 0xf8, 0x10, 0x7f, 0xf0, 0xef, 0xff, 0xe0,
    0x7, 0xff, 0x13, 0xff, 0xf8, 0x10, 0x7f, 0xf0,
    0xef, 0xff, 0xe0, 0x7, 0xff, 0x13, 0xff, 0xf8,
    0x10, 0x7f, 0xf0, 0xdf, 0xff, 0xe0, 0x7, 0xff,
    0x13, 0xff, 0xf8, 0x10, 0x7f, 0xf0, 0xdf, 0xff,
    0xe0, 0x7, 0xff, 0x12, 0xff, 0xfe, 0x0, 0x7f,
    0xf1, 0x3f, 0xff, 0x80, 0x87, 0xff, 0xd, 0xff,
    0xfe, 0x0, 0x7f, 0xf1, 0x3f, 0xff, 0x81, 0x7,
    0xff, 0x13, 0xff, 0xf8, 0x8, 0x7f, 0xf0, 0xdf,
    0xff, 0xe0, 0x7, 0xff, 0x12, 0xff, 0xfa, 0xf,
    0xfe, 0x27, 0xff, 0xf0, 0x10, 0xff, 0xe1, 0xbf,
    0xff, 0xc0, 0xf, 0xfe, 0x25, 0xff, 0xf4, 0x1f,
    0xfc, 0x4f, 0xff, 0xe0, 0x21, 0xff, 0xc4, 0xff,
    0xfe, 0x0, 0x7f, 0xf1, 0x1f, 0xff, 0xe0, 0x7,
    0xff, 0x12, 0xff, 0xfa, 0xf, 0xfe, 0x27, 0xff,
    0xf0, 0x10, 0xff, 0xe2, 0x7f, 0xff, 0x1, 0xf,
    0xfe, 0x27, 0xff, 0xf0, 0x3, 0xff, 0x88, 0xff,
    0xff, 0x0, 0x3f, 0xf8, 0x97, 0xff, 0xd0, 0x7f,
    0xf1, 0x2f, 0xff, 0xa0, 0xff, 0xe2, 0x7f, 0xff,
    0x1, 0xf, 0xfe, 0x27, 0xff, 0xf0, 0x10, 0xff,
    0xe2, 0x7f, 0xff, 0x0, 0x3f, 0xf8, 0xbf, 0xff,
    0xc0, 0xf, 0xfe, 0x23, 0xff, 0xfc, 0x0, 0xff,
    0xe2, 0x3f, 0xff, 0xc0, 0xf, 0xfe, 0x23, 0xff,
    0xfc, 0x0, 0xff, 0xe2, 0x3f, 0xff, 0xc0, 0xf,
    0xfe, 0x25, 0xff, 0xf4, 0x1f, 0xfc, 0x4b, 0xff,
    0xe8, 0x3f, 0xf8, 0x97, 0xff, 0xd0, 0x7f, 0xf1,
    0x2f, 0xff, 0xa0, 0xff, 0xe2, 0x5f, 0xff, 0x41,
    0xff, 0xc4, 0xbf, 0xfe, 0x83, 0xff, 0x89, 0x7f,
    0xfd, 0x7, 0xff, 0x12, 0xff, 0xfa, 0xf, 0xfe,
    0x25, 0xff, 0xf4, 0x1f, 0xfc, 0x4b, 0xff, 0xe8,
    0x3f, 0xf8, 0x97, 0xff, 0xd0, 0x7f, 0xf1, 0x1f,
    0xff, 0xa0, 0xff, 0xe2, 0x3f, 0xff, 0xc0, 0xf,
    0xfe, 0x23, 0xff, 0xfc, 0x0, 0xff, 0xe2, 0xff,
    0xff, 0x0, 0x3f, 0xf8, 0xbf, 0xff, 0xc0, 0xf,
    0xfe, 0x2f, 0xff, 0xf0, 0x3, 0xff, 0x8b, 0xff,
    0xfc, 0x0, 0xff, 0xe2, 0xdf, 0xff, 0x21, 0xff,
    0xc4, 0xbf, 0xfe, 0x43, 0xff, 0x88, 0xff, 0xfd,
    0x7, 0xff, 0x17, 0xff, 0xf8, 0x1, 0xff, 0xc5,
    0xff, 0xfe, 0x0, 0x7f, 0xf1, 0x7f, 0xff, 0x80,
    0x1f, 0xfc, 0x5b, 0xff, 0xe4, 0x3f, 0xf8, 0x8f,
    0xff, 0xd0, 0x7f, 0xf1, 0x7f, 0xff, 0x80, 0x1f,
    0xfc, 0x5f, 0xff, 0xe0, 0x7, 0xff, 0x16, 0xff,
    0xf9, 0xf, 0xfe, 0x23, 0xff, 0xf4, 0x1f, 0xfc,
    0x5f, 0xff, 0xe0, 0x7, 0xff, 0x17, 0xff, 0xf8,
    0x8, 0x7f, 0xf1, 0x1f, 0xff, 0xa0, 0xff, 0xe2,
    0xff, 0xff, 0x0, 0x3f, 0xf8, 0xbf, 0xff, 0xc0,
    0x43, 0xff, 0x88, 0xff, 0xff, 0x0, 0x3f, 0xf8,
    0xbf, 0xff, 0xc0, 0xf, 0xfe, 0x2f, 0xff, 0xf0,
    0x20, 0xff, 0xe2, 0x3f, 0xff, 0xc0, 0xf, 0xfe,
    0x2f, 0xff, 0xf0, 0x20, 0xff, 0xe2, 0x5f, 0xff,
    0xc0, 0xf, 0xfe, 0x2f, 0xff, 0xf0, 0x20, 0xff,
    0xe2, 0x7f, 0xff, 0x4, 0x3f, 0xf8, 0x8f, 0xff,
    0xf0, 0x20, 0xff, 0xe2, 0x7f, 0xff, 0x4, 0x3f,
    0xf8, 0x8f, 0xff, 0xf0, 0x20, 0xff, 0xe2, 0x7f,
    0xff, 0x4, 0x3f, 0xf8, 0x8f, 0xff, 0xf0, 0x20,
    0xff, 0xe2, 0x7f, 0xff, 0x5, 0xf, 0xfe, 0x1b,
    0xff, 0xfc, 0x10, 0xff, 0xe2, 0x7f, 0xff, 0x5,
    0xf, 0xfe, 0x1b, 0xff, 0xfc, 0x10, 0xff, 0xe2,
    0x5f, 0xff, 0xc0, 0x83, 0xff, 0x89, 0xff, 0xfc,
    0x10, 0xff, 0xe2, 0x3f, 0xff, 0xc1, 0xf, 0xfe,
    0x27, 0xff, 0xf0, 0x10, 0xff, 0xe2, 0xff, 0xf2,
    0x1f, 0xfc, 0x7b, 0xfd, 0x7, 0xff, 0x2b, 0xf9,
    0xf, 0xfe, 0x67, 0xa0, 0xff, 0xe7, 0x21, 0xfe,

    /* U+0029 ")" */
    0xf, 0xe8, 0x3f, 0xf9, 0xcf, 0xc1, 0xff, 0xcc,
    0xfe, 0x83, 0xff, 0x93, 0x7f, 0xc1, 0xff, 0xc7,
    0x7f, 0xfc, 0x1f, 0xfc, 0x5b, 0xff, 0xe4, 0x3f,
    0xf8, 0x6f, 0xff, 0xf0, 0x43, 0xff, 0x89, 0x7f,
    0xff, 0x2, 0xf, 0xfe, 0x27, 0xff, 0xf0, 0x50,
    0xff, 0xe1, 0xbf, 0xff, 0xc1, 0xf, 0xfe, 0x25,
    0xff, 0xfc, 0x4, 0x3f, 0xf8, 0x9f, 0xff, 0xc1,
    0xf, 0xfe, 0x23, 0xff, 0xfc, 0x8, 0x3f, 0xf8,
    0x9f, 0xff, 0xc1, 0xf, 0xfe, 0x23, 0xff, 0xfc,
    0x8, 0x3f, 0xf8, 0x9f, 0xff, 0xc1, 0xf, 0xfe,
    0x2f, 0xff, 0xf0, 0x10, 0xff, 0xe2, 0x5f, 0xff,
    0xc0, 0xf, 0xfe, 0x2f, 0xff, 0xf0, 0x10, 0xff,
    0xe2, 0x7f, 0xff, 0x4, 0x3f, 0xf8, 0x8f, 0xff,
    0xf0, 0x3, 0xff, 0x8b, 0xff, 0xfc, 0x8, 0x3f,
    0xf8, 0x8f, 0xff, 0xf0, 0x3, 0xff, 0x8b, 0xff,
    0xfc, 0x4, 0x3f, 0xf8, 0x97, 0xff, 0xf0, 0x3,
    0xff, 0x88, 0xff, 0xff, 0x0, 0x3f, 0xf8, 0xbf,
    0xff, 0xc0, 0x43, 0xff, 0x89, 0x7f, 0xff, 0x0,
    0x3f, 0xf8, 0xbf, 0xff, 0xc0, 0xf, 0xfe, 0x2f,
    0xff, 0xf0, 0x10, 0xff, 0xe2, 0x5f, 0xff, 0x41,
    0xff, 0xc4, 0x7f, 0xff, 0x80, 0x1f, 0xfc, 0x5f,
    0xff, 0xe0, 0x7, 0xff, 0x17, 0xff, 0xf8, 0x8,
    0x7f, 0xf1, 0x2f, 0xff, 0xa0, 0xff, 0xe2, 0xff,
    0xff, 0x0, 0x3f, 0xf8, 0xbf, 0xff, 0xc0, 0xf,
    0xfe, 0x2f, 0xff, 0xf0, 0x10, 0xff, 0xe2, 0x5f,
    0xff, 0x41, 0xff, 0xc4, 0x7f, 0xfe, 0x83, 0xff,
    0x88, 0xff, 0xff, 0x0, 0x3f, 0xf8, 0xbf, 0xff,
    0xc0, 0xf, 0xfe, 0x2f, 0xff, 0xf0, 0x3, 0xff,
    0x8b, 0xff, 0xfc, 0x4, 0x3f, 0xf8, 0x9f, 0xff,
    0xc0, 0x43, 0xff, 0x89, 0x7f, 0xfd, 0x7, 0xff,
    0x12, 0xff, 0xfa, 0xf, 0xfe, 0x23, 0xff, 0xfc,
    0x0, 0xff, 0xe2, 0x3f, 0xff, 0xc0, 0xf, 0xfe,
    0x23, 0xff, 0xfc, 0x0, 0xff, 0xe2, 0x3f, 0xff,
    0xc0, 0xf, 0xfe, 0x2f, 0xff, 0xf0, 0x3, 0xff,
    0x8b, 0xff, 0xfc, 0x0, 0xff, 0xe2, 0xff, 0xff,
    0x0, 0x3f, 0xf8, 0xbf, 0xff, 0xc0, 0xf, 0xfe,
    0x2f, 0xff, 0xf0, 0x3, 0xff, 0x8b, 0xff, 0xfc,
    0x0, 0xff, 0xe2, 0xff, 0xff, 0x0, 0x3f, 0xf8,
    0xbf, 0xff, 0xc0, 0xf, 0xfe, 0x2f, 0xff, 0xf0,
    0x3, 0xff, 0x8b, 0xff, 0xfc, 0x0, 0xff, 0xe2,
    0x3f, 0xff, 0xc0, 0xf, 0xfe, 0x23, 0xff, 0xfc,
    0x0, 0xff, 0xe2, 0x3f, 0xff, 0x41, 0xff, 0xc4,
    0xbf, 0xfe, 0x83, 0xff, 0x89, 0x7f, 0xfd, 0x7,
    0xff, 0x12, 0xff, 0xf9, 0xf, 0xfe, 0x27, 0xff,
    0xf0, 0x3, 0xff, 0x8b, 0xff, 0xfc, 0x0, 0xff,
    0xe2, 0xff, 0xff, 0x0, 0x3f, 0xf8, 0x8f, 0xff,
    0xf0, 0x3, 0xff, 0x88, 0xff, 0xfd, 0x7, 0xff,
    0x12, 0xff, 0xf9, 0xf, 0xfe, 0x27, 0xff, 0xf0,
    0x3, 0xff, 0x8b, 0xff, 0xfc, 0x0, 0xff, 0xe2,
    0xff, 0xfd, 0x7, 0xff, 0x11, 0xff, 0xfa, 0xf,
    0xfe, 0x27, 0xff, 0xf0, 0x3, 0xff, 0x8b, 0xff,
    0xfc, 0x0, 0xff, 0xe2, 0x3f, 0xff, 0x41, 0xff,
    0xc4, 0xbf, 0xfe, 0x43, 0xff, 0x89, 0xff, 0xfc,
    0x0, 0xff, 0xe2, 0x3f, 0xff, 0xc0, 0xf, 0xfe,
    0x25, 0xff, 0xf4, 0x1f, 0xfc, 0x4f, 0xff, 0xe0,
    0x7, 0xff, 0x11, 0xff, 0xfe, 0x0, 0x7f, 0xf1,
    0x3f, 0xff, 0x81, 0x7, 0xff, 0xd, 0xff, 0xfe,
    0x0, 0x7f, 0xf1, 0x3f, 0xff, 0x82, 0x1f, 0xfc,
    0x4f, 0xff, 0xe0, 0x21, 0xff, 0xc3, 0xbf, 0xff,
    0x80, 0x1f, 0xfc, 0x4f, 0xff, 0xe0, 0x41, 0xff,
    0xc3, 0xbf, 0xff, 0x80, 0x1f, 0xfc, 0x4f, 0xff,
    0xe0, 0x41, 0xff, 0xc3, 0xbf, 0xff, 0x80, 0x1f,
    0xfc, 0x37, 0xff, 0xf8, 0x21, 0xff, 0xc3, 0xff,
    0xfe, 0xa, 0x1f, 0xfc, 0x27, 0xff, 0xf8, 0x21,
    0xff, 0xc3, 0xff, 0xfe, 0xa, 0x1f, 0xfc, 0x27,
    0xff, 0xf8, 0x10, 0x7f, 0xf0, 0xff, 0xff, 0x82,
    0x1f, 0xfc, 0x3b, 0xff, 0xf8, 0x10, 0x7f, 0xf0,
    0xff, 0xff, 0x82, 0x1f, 0xfc, 0x3f, 0xff, 0xe0,
    0xa1, 0xff, 0xc2, 0x7f, 0xff, 0x82, 0x1f, 0xfc,
    0x4b, 0xff, 0xe4, 0x3f, 0xf8, 0xaf, 0xff, 0x41,
    0xff, 0xc8, 0x7f, 0xe0, 0xff, 0xe5, 0xdf, 0x90,
    0xff, 0xe6, 0x3e, 0x83, 0xff, 0x9e, 0x87, 0xff,
    0x1c,

    /* U+002A "*" */
    0xf, 0xfe, 0x45, 0xff, 0xc1, 0xff, 0xdd, 0xbf,
    0xf8, 0x3f, 0xfb, 0xb7, 0xff, 0x7, 0xff, 0x76,
    0xff, 0xe0, 0xff, 0xee, 0xbf, 0xfc, 0x1f, 0xfd,
    0xd7, 0xff, 0x83, 0xff, 0xba, 0xff, 0xf0, 0x7f,
    0xf7, 0x5f, 0xfe, 0xf, 0xfe, 0xeb, 0xff, 0xc1,
    0xff, 0xdd, 0x7f, 0xf8, 0x3f, 0xfb, 0xaf, 0xff,
    0x7, 0xff, 0x75, 0xff, 0xe0, 0xff, 0xe6, 0x3c,
    0x1f, 0xfc, 0x27, 0xff, 0x83, 0xff, 0x84, 0xd8,
    0x7d, 0x7e, 0x43, 0xff, 0x81, 0xff, 0xc1, 0xff,
    0x37, 0xe4, 0x3d, 0xff, 0x90, 0xfe, 0xff, 0xd0,
    0x7f, 0x5f, 0xf4, 0x1c, 0xff, 0xfa, 0x43, 0xdf,
    0xfa, 0xf, 0x3f, 0xff, 0x7, 0x7f, 0xff, 0xa,
    0xd, 0xff, 0xa0, 0x9b, 0xff, 0xf8, 0x28, 0x6f,
    0xff, 0xe2, 0xab, 0xff, 0x4d, 0xff, 0xfc, 0x50,
    0xaf, 0xff, 0xf1, 0x85, 0xff, 0xfe, 0x48, 0x7f,
    0xff, 0xca, 0x6, 0xff, 0xff, 0xa, 0x1f, 0x3f,
    0xff, 0xda, 0x90, 0xff, 0xe0, 0xb7, 0xff, 0xf4,
    0xe0, 0xff, 0xe4, 0xdf, 0xff, 0xcc, 0x90, 0xff,
    0xe7, 0xb7, 0xff, 0xf1, 0x64, 0x3f, 0xfa, 0xbf,
    0xff, 0xc2, 0x83, 0xff, 0xaf, 0xff, 0xfc, 0x44,
    0x3f, 0xfa, 0xb7, 0xff, 0xf1, 0x43, 0xff, 0xa8,
    0xff, 0xff, 0x1c, 0x3f, 0xfa, 0x7f, 0xff, 0xc9,
    0xf, 0xfe, 0x8f, 0xff, 0xd7, 0xff, 0xa0, 0xff,
    0xe7, 0xdf, 0xfe, 0x4f, 0xff, 0x90, 0xff, 0xe6,
    0xbf, 0xfe, 0x82, 0xff, 0xf8, 0x3f, 0xf9, 0xbf,
    0xff, 0x6, 0xbf, 0xfe, 0xf, 0xfe, 0x5f, 0xff,
    0xc8, 0x77, 0xff, 0xd0, 0x7f, 0xf2, 0x6f, 0xff,
    0x83, 0xef, 0xff, 0x90, 0xff, 0xe3, 0xbf, 0xff,
    0x7, 0xeb, 0xff, 0xe4, 0x3f, 0xf8, 0xdf, 0xff,
    0x41, 0xfd, 0xff, 0xfc, 0x0, 0xff, 0xe2, 0xff,
    0xff, 0x0, 0x3f, 0xef, 0xff, 0xe0, 0x7, 0xff,
    0xe, 0xff, 0xf8, 0x3f, 0xf8, 0xf, 0xff, 0xd0,
    0x7f, 0xf0, 0x9f, 0xff, 0x41, 0xff, 0xc1, 0xff,
    0xf8, 0x3f, 0xf8, 0xbf, 0xfc, 0x1f, 0xfc, 0x3f,
    0xfd, 0x7, 0xff, 0x1e, 0xff, 0x21, 0xff, 0xc3,
    0x7f, 0xc8, 0x7f, 0xf2, 0x5f, 0xd0, 0x7f, 0xf1,
    0x7f, 0x83, 0xff, 0x9b, 0x78, 0x3f, 0xf8, 0xfe,
    0x83, 0xff, 0x9e, 0xa0, 0xff, 0xe3, 0xa8, 0x3f,
    0xf8, 0x40,

    /* U+002B "+" */
    0xf, 0xfe, 0x7b, 0x5f, 0xc8, 0x7f, 0xfa, 0xaf,
    0xfe, 0x83, 0xff, 0xd5, 0x7f, 0xf4, 0x1f, 0xfe,
    0xab, 0xff, 0xa0, 0xff, 0xf5, 0x5f, 0xfd, 0x7,
    0xff, 0xaa, 0xff, 0xe8, 0x3f, 0xfd, 0x57, 0xff,
    0x41, 0xff, 0xea, 0xbf, 0xfa, 0xf, 0xff, 0x55,
    0xff, 0xd0, 0x7f, 0xfa, 0xaf, 0xfe, 0x83, 0xff,
    0xd5, 0x7f, 0xf4, 0x1f, 0xfe, 0xab, 0xff, 0xa0,
    0xff, 0xf5, 0x5f, 0xfd, 0x7, 0xff, 0xaa, 0xff,
    0xe8, 0x3f, 0xfd, 0x57, 0xff, 0x41, 0xff, 0xea,
    0xbf, 0xfa, 0xf, 0xff, 0x55, 0xff, 0xd0, 0x7f,
    0xfa, 0xaf, 0xfe, 0x83, 0xff, 0xd5, 0x7f, 0xf4,
    0x1f, 0xfe, 0xab, 0xff, 0xa0, 0xff, 0xf5, 0x5f,
    0xfd, 0x7, 0xff, 0xaa, 0xff, 0xe8, 0x3f, 0xfd,
    0x57, 0xff, 0x41, 0xff, 0xea, 0xbf, 0xfa, 0xf,
    0xff, 0x55, 0xff, 0xd0, 0x7f, 0xfa, 0xaf, 0xfe,
    0x83, 0xff, 0xa0, 0xbf, 0xfc, 0xef, 0xff, 0x97,
    0xff, 0x9c, 0xf, 0xff, 0xf9, 0x83, 0xff, 0xfe,
    0x60, 0xff, 0xff, 0x98, 0x3f, 0xff, 0xe6, 0xf,
    0xff, 0xf9, 0x83, 0xff, 0xfe, 0x60, 0xff, 0xff,
    0x98, 0x3f, 0xff, 0xe6, 0xf, 0xff, 0xf9, 0x83,
    0xff, 0xfe, 0x61, 0xff, 0xd0, 0xbf, 0xfa, 0xf,
    0xff, 0x55, 0xff, 0xd0, 0x7f, 0xfa, 0xaf, 0xfe,
    0x83, 0xff, 0xd5, 0x7f, 0xf4, 0x1f, 0xfe, 0xab,
    0xff, 0xa0, 0xff, 0xf5, 0x5f, 0xfd, 0x7, 0xff,
    0xaa, 0xff, 0xe8, 0x3f, 0xfd, 0x57, 0xff, 0x41,
    0xff, 0xea, 0xbf, 0xfa, 0xf, 0xff, 0x55, 0xff,
    0xd0, 0x7f, 0xfa, 0xaf, 0xfe, 0x83, 0xff, 0xd5,
    0x7f, 0xf4, 0x1f, 0xfe, 0xab, 0xff, 0xa0, 0xff,
    0xf5, 0x5f, 0xfd, 0x7, 0xff, 0xaa, 0xff, 0xe8,
    0x3f, 0xfd, 0x57, 0xff, 0x41, 0xff, 0xea, 0xbf,
    0xfa, 0xf, 0xff, 0x55, 0xff, 0xd0, 0x7f, 0xfa,
    0xaf, 0xfe, 0x83, 0xff, 0xd5, 0x7f, 0xf4, 0x1f,
    0xfe, 0xab, 0xff, 0xa0, 0xff, 0xf5, 0x5f, 0xfd,
    0x7, 0xff, 0xaa, 0xff, 0xe8, 0x3f, 0xfd, 0x57,
    0xff, 0x41, 0xff, 0xea, 0xbf, 0xfa, 0xf, 0xff,
    0x55, 0xff, 0xd0, 0x7f, 0xfa, 0xaf, 0xfe, 0x83,
    0xff, 0x9e,

    /* U+002C "," */
    0xf, 0xca, 0xf, 0xfe, 0xd, 0xfe, 0x83, 0xf3,
    0xff, 0xe0, 0xf3, 0xff, 0xfc, 0x0, 0xef, 0xff,
    0xe1, 0x5, 0x7f, 0xff, 0x9, 0x7, 0xff, 0xf0,
    0xe0, 0x7f, 0xff, 0x10, 0x1f, 0xff, 0xc4, 0x7,
    0xff, 0xf1, 0x13, 0xff, 0xf8, 0x89, 0x7f, 0xff,
    0xd, 0x1f, 0xff, 0xe1, 0xa0, 0xff, 0xfe, 0x1a,
    0x17, 0xff, 0xf0, 0x83, 0xaf, 0xff, 0xe0, 0x7,
    0x9b, 0xff, 0xc1, 0xfe, 0xff, 0xa0, 0xff, 0x7f,
    0xc8, 0x7f, 0x3f, 0xf0, 0x7f, 0xaf, 0xf4, 0x1f,
    0xef, 0xf9, 0xf, 0xeb, 0xfe, 0xf, 0xe7, 0xfe,
    0x43, 0xfb, 0xff, 0x7, 0xf7, 0xfe, 0xf, 0xcf,
    0xfe, 0x83, 0xe7, 0xff, 0x83, 0xef, 0xff, 0x7,
    0xe7, 0xff, 0x7, 0xf9, 0xff, 0x7, 0xff, 0x1,
    0xfa, 0xf, 0xfe, 0x13, 0x87, 0xff, 0x48,

    /* U+002D "-" */
    0x5f, 0xff, 0x9, 0xff, 0xfe, 0x13, 0xff, 0xfc,
    0x27, 0xff, 0xf8, 0x4f, 0xff, 0xf0, 0x9f, 0xff,
    0xe1, 0x3f, 0xff, 0xc2, 0x7f, 0xff, 0x84, 0xff,
    0xff, 0x9, 0xff, 0xfe, 0x13, 0xff, 0xfc, 0x20,

    /* U+002E "." */
    0xf, 0xfe, 0x5d, 0xfd, 0x21, 0xf9, 0xff, 0xe8,
    0x3d, 0x7f, 0xff, 0x0, 0x33, 0xff, 0xfc, 0x18,
    0x2f, 0xff, 0xe1, 0xa3, 0xff, 0xfc, 0x42, 0xff,
    0xfe, 0x21, 0xff, 0xfc, 0x53, 0xff, 0xf8, 0xaf,
    0xff, 0xf1, 0x4b, 0xff, 0xf8, 0x83, 0xff, 0xfc,
    0x38, 0x1f, 0xff, 0xc3, 0xd, 0xff, 0xfc, 0x18,
    0x33, 0xff, 0xf4, 0x1f, 0x7f, 0xf2, 0x1f, 0xcd,
    0xf9, 0xf, 0x0,

    /* U+002F "/" */
    0xf, 0xfe, 0xaf, 0xff, 0xf0, 0x3, 0xff, 0xab,
    0x7f, 0xfd, 0x7, 0xff, 0x57, 0xff, 0xf8, 0x8,
    0x7f, 0xf5, 0x1f, 0xff, 0xe0, 0x7, 0xff, 0x56,
    0xff, 0xfa, 0xf, 0xfe, 0xaf, 0xff, 0xf0, 0x3,
    0xff, 0xaa, 0xff, 0xff, 0x0, 0x3f, 0xfa, 0xbf,
    0xff, 0xc0, 0x43, 0xff, 0xab, 0xff, 0xfc, 0x0,
    0xff, 0xea, 0xdf, 0xff, 0x41, 0xff, 0xd5, 0xff,
    0xfe, 0x2, 0x1f, 0xfd, 0x47, 0xff, 0xf8, 0x1,
    0xff, 0xd5, 0xbf, 0xfe, 0x83, 0xff, 0xab, 0xff,
    0xfc, 0x0, 0xff, 0xea, 0xbf, 0xff, 0xc0, 0xf,
    0xfe, 0xad, 0xff, 0xf2, 0x1f, 0xfd, 0x5f, 0xff,
    0xe0, 0x7, 0xff, 0x55, 0xff, 0xfa, 0xf, 0xfe,
    0xaf, 0xff, 0xf0, 0x10, 0xff, 0xea, 0xff, 0xff,
    0x0, 0x3f, 0xfa, 0xb7, 0xff, 0xd0, 0x7f, 0xf5,
    0x7f, 0xff, 0x80, 0x1f, 0xfd, 0x57, 0xff, 0xf8,
    0x1, 0xff, 0xd5, 0xbf, 0xfe, 0x43, 0xff, 0xab,
    0xff, 0xfc, 0x0, 0xff, 0xea, 0xbf, 0xff, 0x41,
    0xff, 0xd5, 0xff, 0xfe, 0x2, 0x1f, 0xfd, 0x5f,
    0xff, 0xe0, 0x7, 0xff, 0x56, 0xff, 0xfa, 0xf,
    0xfe, 0xaf, 0xff, 0xf0, 0x3, 0xff, 0xaa, 0xff,
    0xff, 0x0, 0x3f, 0xfa, 0xb7, 0xff, 0xc8, 0x7f,
    0xf5, 0x7f, 0xff, 0x80, 0x1f, 0xfd, 0x57, 0xff,
    0xe8, 0x3f, 0xfa, 0xbf, 0xff, 0xc0, 0x43, 0xff,
    0xab, 0xff, 0xfc, 0x0, 0xff, 0xea, 0xdf, 0xff,
    0x41, 0xff, 0xd5, 0xff, 0xfe, 0x0, 0x7f, 0xf5,
    0x5f, 0xff, 0xe0, 0x7, 0xff, 0x56, 0xff, 0xf9,
    0xf, 0xfe, 0xaf, 0xff, 0xf0, 0x3, 0xff, 0xaa,
    0xff, 0xfd, 0x7, 0xff, 0x57, 0xff, 0xf8, 0x8,
    0x7f, 0xf5, 0x7f, 0xff, 0x80, 0x1f, 0xfd, 0x5b,
    0xff, 0xe8, 0x3f, 0xfa, 0xbf, 0xff, 0xc0, 0xf,
    0xfe, 0xab, 0xff, 0xfc, 0x0, 0xff, 0xea, 0xdf,
    0xff, 0x21, 0xff, 0xd5, 0xff, 0xfe, 0x0, 0x7f,
    0xf5, 0x5f, 0xff, 0xa0, 0xff, 0xea, 0xff, 0xff,
    0x1, 0xf, 0xfe, 0xaf, 0xff, 0xf0, 0x3, 0xff,
    0xab, 0x7f, 0xfd, 0x7, 0xff, 0x57, 0xff, 0xf8,
    0x1, 0xff, 0xd5, 0x7f, 0xff, 0x80, 0x1f, 0xfd,
    0x5b, 0xff, 0xe4, 0x3f, 0xfa, 0xbf, 0xff, 0xc0,
    0xf, 0xfe, 0xab, 0xff, 0xf4, 0x1f, 0xfd, 0x5f,
    0xff, 0xe0, 0x21, 0xff, 0xd5, 0xff, 0xfe, 0x0,
    0x7f, 0xf5, 0x6f, 0xff, 0xa0, 0xff, 0xea, 0xff,
    0xff, 0x0, 0x3f, 0xfa, 0xaf, 0xff, 0xf0, 0x3,
    0xff, 0xab, 0x7f, 0xfc, 0x87, 0xff, 0x57, 0xff,
    0xf8, 0x1, 0xff, 0xd5, 0x7f, 0xfe, 0x83, 0xff,
    0xab, 0xff, 0xfc, 0x0, 0xff, 0xeb, 0x7f, 0xff,
    0x0, 0x3f, 0xfa, 0xb7, 0xff, 0xc8, 0x7f, 0xf5,
    0x7f, 0xff, 0x80, 0x1f, 0xfd, 0x57, 0xff, 0xe8,
    0x3f, 0xfa, 0xb7, 0xff, 0xc8, 0x7f, 0xf5, 0x7f,
    0xff, 0x80, 0x1f, 0xfd, 0x57, 0xff, 0xe8, 0x3f,
    0xfa, 0xbf, 0xff, 0xc0, 0xf, 0xfe, 0xb7, 0xff,
    0xf0, 0x3, 0xff, 0xab, 0x7f, 0xfc, 0x87, 0xff,
    0x57, 0xff, 0xf8, 0x1, 0xff, 0xd5, 0x7f, 0xfe,
    0x83, 0xff, 0xab, 0x7f, 0xfc, 0x87, 0xff, 0x57,
    0xff, 0xf8, 0x1, 0xff, 0xd5, 0x7f, 0xfe, 0x83,
    0xff, 0xab, 0xff, 0xfc, 0x0, 0xff, 0xeb, 0x7f,
    0xff, 0x0, 0x3f, 0xfa, 0xb7, 0xff, 0xc8, 0x7f,
    0xf5, 0x7f, 0xff, 0x80, 0x1f, 0xfd, 0x57, 0xff,
    0xe8, 0x3f, 0xfa, 0xb7, 0xff, 0xc8, 0x7f, 0xf5,
    0x40,

    /* U+0030 "0" */
    0xf, 0xfe, 0x6a, 0xfe, 0xf, 0xff, 0xb, 0x7f,
    0xff, 0xa, 0x43, 0xff, 0xb2, 0xdf, 0xff, 0xc8,
    0x83, 0xff, 0xaa, 0xff, 0xff, 0x36, 0xf, 0xfe,
    0x97, 0xff, 0xf4, 0x60, 0xff, 0xe7, 0x5f, 0xff,
    0xd4, 0x43, 0xff, 0x97, 0xff, 0xfd, 0x74, 0x3f,
    0xf9, 0x3f, 0xff, 0xd9, 0x83, 0xff, 0x8f, 0xff,
    0xfd, 0xb8, 0x3f, 0xf8, 0xbf, 0xff, 0xdd, 0x83,
    0xff, 0x87, 0xff, 0xfd, 0xf4, 0x3f, 0xf8, 0x37,
    0xff, 0xf8, 0x10, 0xff, 0x9f, 0xff, 0xe3, 0x48,
    0x79, 0xbf, 0xff, 0x8c, 0x1f, 0xf7, 0xff, 0xf1,
    0x20, 0xff, 0xe0, 0xbf, 0xff, 0xc4, 0x83, 0xf9,
    0xff, 0xfe, 0x1a, 0x1f, 0xfc, 0x4b, 0xff, 0xf8,
    0x61, 0xfd, 0xff, 0xfc, 0x30, 0xff, 0xe3, 0xbf,
    0xff, 0xc2, 0x83, 0xe7, 0xff, 0xf8, 0x41, 0xff,
    0xc9, 0x7f, 0xff, 0x84, 0x1f, 0x7f, 0xff, 0x9,
    0xf, 0xfe, 0x55, 0xff, 0xfc, 0x18, 0x3d, 0xff,
    0xfc, 0x18, 0x3f, 0xf9, 0x9f, 0xff, 0xc2, 0xe,
    0xbf, 0xff, 0x82, 0x1f, 0xfc, 0xd7, 0xff, 0xf8,
    0x28, 0x6f, 0xff, 0xe0, 0xc1, 0xff, 0xce, 0xff,
    0xfe, 0xc, 0x1b, 0xff, 0xf8, 0x21, 0xff, 0xcf,
    0x7f, 0xff, 0x82, 0x13, 0xff, 0xfc, 0x10, 0xff,
    0xe8, 0x7f, 0xff, 0x4, 0x2b, 0xff, 0xf8, 0x10,
    0x7f, 0xf4, 0x3f, 0xff, 0x82, 0x82, 0xff, 0xfe,
    0x2, 0x1f, 0xfd, 0xb, 0xff, 0xf8, 0x10, 0x3f,
    0xff, 0x82, 0x1f, 0xfd, 0x17, 0xff, 0xf8, 0x10,
    0x3f, 0xff, 0x82, 0x1f, 0xfd, 0x2f, 0xff, 0xe0,
    0x83, 0xff, 0xf8, 0x21, 0xff, 0xd2, 0xff, 0xfe,
    0x8, 0x3f, 0xff, 0x82, 0x1f, 0xfd, 0x2f, 0xff,
    0xe0, 0x83, 0xff, 0xf8, 0x10, 0x7f, 0xf4, 0xbf,
    0xff, 0x82, 0xf, 0xff, 0xe0, 0x41, 0xff, 0xd2,
    0xbf, 0xff, 0x80, 0xf, 0xff, 0xe0, 0x41, 0xff,
    0xd2, 0xbf, 0xff, 0x80, 0xf, 0xff, 0xe0, 0x41,
    0xff, 0xd2, 0xbf, 0xff, 0x80, 0xf, 0xff, 0xe0,
    0x41, 0xff, 0xd2, 0xbf, 0xff, 0x80, 0xf, 0xff,
    0xe0, 0x41, 0xff, 0xd2, 0xbf, 0xff, 0x80, 0xf,
    0xff, 0xe0, 0x41, 0xff, 0xd2, 0xbf, 0xff, 0x80,
    0xf, 0xff, 0xe0, 0x41, 0xff, 0xd2, 0xbf, 0xff,
    0x80, 0xf, 0xff, 0xe0, 0x41, 0xff, 0xd2, 0xbf,
    0xff, 0x80, 0xf, 0xff, 0xe0, 0x21, 0xff, 0xd2,
    0xbf, 0xff, 0x80, 0x3f, 0xff, 0xc0, 0x43, 0xff,
    0xa5, 0x7f, 0xff, 0x0, 0x7f, 0xff, 0x80, 0x87,
    0xff, 0x4a, 0xff, 0xfe, 0x0, 0xff, 0xff, 0x1,
    0xf, 0xfe, 0x95, 0xff, 0xfc, 0x1, 0xff, 0xfe,
    0x2, 0x1f, 0xfd, 0x2b, 0xff, 0xf8, 0x3, 0xff,
    0xfc, 0x4, 0x3f, 0xfa, 0x4f, 0xff, 0xf0, 0x7,
    0xff, 0xf8, 0x8, 0x7f, 0xf4, 0x9f, 0xff, 0xe0,
    0xf, 0xff, 0xf0, 0x10, 0xff, 0xe9, 0x3f, 0xff,
    0xc0, 0x1f, 0xff, 0xe0, 0x21, 0xff, 0xd2, 0x7f,
    0xff, 0x80, 0x3f, 0xff, 0xc0, 0x43, 0xff, 0xa4,
    0xff, 0xff, 0x0, 0x7f, 0xff, 0x80, 0x87, 0xff,
    0x49, 0xff, 0xfe, 0x0, 0xff, 0xff, 0x1, 0xf,
    0xfe, 0x93, 0xff, 0xfc, 0x1, 0xff, 0xfe, 0x2,
    0x1f, 0xfd, 0x2b, 0xff, 0xf8, 0x3, 0xff, 0xfc,
    0x4, 0x3f, 0xfa, 0x57, 0xff, 0xf0, 0x7, 0xff,
    0xf8, 0x8, 0x7f, 0xf4, 0xaf, 0xff, 0xe0, 0x3,
    0xff, 0xf8, 0x8, 0x7f, 0xf4, 0xaf, 0xff, 0xe0,
    0x3, 0xff, 0xf8, 0x10, 0x7f, 0xf4, 0xaf, 0xff,
    0xe0, 0x3, 0xff, 0xf8, 0x10, 0x7f, 0xf4, 0xaf,
    0xff, 0xe0, 0x3, 0xff, 0xf8, 0x10, 0x7f, 0xf4,
    0xaf, 0xff, 0xe0, 0x3, 0xff, 0xf8, 0x10, 0x7f,
    0xf4, 0xaf, 0xff, 0xe0, 0x3, 0xff, 0xf8, 0x10,
    0x7f, 0xf4, 0xaf, 0xff, 0xe0, 0x3, 0xff, 0xf8,
    0x10, 0x7f, 0xf4, 0xaf, 0xff, 0xe0, 0x3, 0xff,
    0xf8, 0x10, 0x7f, 0xf4, 0xaf, 0xff, 0xe0, 0x3,
    0xff, 0xf8, 0x10, 0x7f, 0xf4, 0xaf, 0xff, 0xe0,
    0x3, 0xff, 0xf8, 0x10, 0x7f, 0xf4, 0xbf, 0xff,
    0x82, 0xf, 0xff, 0xe0, 0x87, 0xff, 0x4b, 0xff,
    0xf8, 0x20, 0xff, 0xfe, 0x8, 0x7f, 0xf4, 0xbf,
    0xff, 0x82, 0xf, 0xff, 0xe0, 0x87, 0xff, 0x4b,
    0xff, 0xf8, 0x20, 0xff, 0xfe, 0x8, 0x7f, 0xf4,
    0xbf, 0xff, 0x82, 0xb, 0xff, 0xf8, 0x8, 0x7f,
    0xf4, 0x1f, 0xff, 0xe0, 0x40, 0xbf, 0xff, 0x80,
    0x87, 0xff, 0x42, 0xff, 0xfe, 0x4, 0x7, 0xff,
    0xf8, 0x10, 0x7f, 0xf4, 0x3f, 0xff, 0x82, 0x85,
    0xff, 0xfc, 0x10, 0xff, 0xe7, 0xbf, 0xff, 0xc1,
    0xd, 0xff, 0xfc, 0x14, 0x3f, 0xf9, 0xd7, 0xff,
    0xf0, 0x43, 0x5f, 0xff, 0xc1, 0xf, 0xfe, 0x77,
    0xff, 0xf0, 0x60, 0xcf, 0xff, 0xf0, 0x50, 0xff,
    0xe6, 0x5f, 0xff, 0xc1, 0x43, 0xbf, 0xff, 0x84,
    0x1f, 0xfc, 0xb7, 0xff, 0xf8, 0x41, 0xeb, 0xff,
    0xf8, 0x30, 0x7f, 0xf2, 0xbf, 0xff, 0x85, 0x7,
    0xdf, 0xff, 0xc2, 0x83, 0xff, 0x91, 0xff, 0xfc,
    0x30, 0xfd, 0x7f, 0xff, 0xa, 0xf, 0xfe, 0x37,
    0xff, 0xf0, 0xe0, 0xfe, 0xff, 0xfe, 0x22, 0x1f,
    0xfc, 0x27, 0xff, 0xf8, 0x81, 0xfe, 0xbf, 0xff,
    0x8a, 0x87, 0xf9, 0xff, 0xfe, 0x2a, 0x1f, 0xf7,
    0xff, 0xf2, 0x2b, 0xdf, 0xff, 0xc8, 0xf, 0xfe,
    0xf, 0xff, 0xf8, 0x3, 0xff, 0x84, 0xff, 0xff,
    0x79, 0xf, 0xfe, 0x1b, 0xff, 0xfd, 0xc4, 0x3f,
    0xf8, 0xb7, 0xff, 0xf6, 0x90, 0xff, 0xe3, 0xbf,
    0xff, 0xd8, 0x43, 0xff, 0x92, 0xff, 0xff, 0x58,
    0x3f, 0xf9, 0xb7, 0xff, 0xf4, 0xa0, 0xff, 0xe7,
    0xbf, 0xff, 0xcf, 0x83, 0xff, 0xa6, 0xff, 0xff,
    0x2e, 0xf, 0xfe, 0xc3, 0xff, 0xfc, 0x59, 0xf,
    0xfe, 0xea, 0xaf, 0xfd, 0x28, 0x3f, 0xf9, 0x40,

    /* U+0031 "1" */
    0xf, 0xff, 0x25, 0xff, 0xf0, 0x7f, 0xf1, 0x7f,
    0xff, 0x82, 0x1f, 0xfc, 0x37, 0xff, 0xf8, 0x41,
    0xff, 0xc2, 0x7f, 0xff, 0x86, 0x1f, 0xfc, 0x1b,
    0xff, 0xf8, 0x81, 0xff, 0xc0, 0xff, 0xfe, 0x30,
    0x7f, 0x9f, 0xff, 0xe3, 0x87, 0xf5, 0xff, 0xfc,
    0x80, 0xfd, 0xff, 0xfc, 0xa0, 0xf3, 0xff, 0xfc,
    0xb0, 0xe7, 0xff, 0xf9, 0x81, 0xaf, 0xff, 0xe6,
    0x85, 0xff, 0xfc, 0xf1, 0xff, 0xfe, 0x85, 0xff,
    0xfc, 0x36, 0xff, 0xfe, 0x78, 0x2f, 0xff, 0xe7,
    0x5, 0x7f, 0xff, 0x32, 0xd, 0x7f, 0xff, 0x2d,
    0xe, 0xbf, 0xff, 0x94, 0x87, 0xaf, 0xff, 0xe4,
    0x87, 0xeb, 0xff, 0xf8, 0xf0, 0x7f, 0x5f, 0xff,
    0xc6, 0x83, 0xfd, 0x7f, 0xff, 0x15, 0xf, 0xfa,
    0xff, 0xfe, 0x20, 0x7f, 0xf0, 0x6f, 0xff, 0xe1,
    0x87, 0xff, 0xa, 0xff, 0xfe, 0xc, 0x1f, 0xfc,
    0x3b, 0xff, 0xf8, 0x8, 0x7f, 0xf1, 0x2f, 0xff,
    0xe0, 0x7, 0xff, 0x16, 0xff, 0xfe, 0x0, 0x7f,
    0xf1, 0x6f, 0xff, 0xe0, 0x7, 0xff, 0x16, 0xff,
    0xfe, 0x0, 0x7f, 0xf1, 0x6f, 0xff, 0xe0, 0x7,
    0xff, 0x16, 0xff, 0xfe, 0x0, 0x7f, 0xf1, 0x6f,
    0xff, 0xe0, 0x7, 0xff, 0x16, 0xff, 0xfe, 0x0,
    0x7f, 0xf1, 0x6f, 0xff, 0xe0, 0x7, 0xff, 0x16,
    0xff, 0xfe, 0x0, 0x7f, 0xf1, 0x6f, 0xff, 0xe0,
    0x7, 0xff, 0x16, 0xff, 0xfe, 0x0, 0x7f, 0xf1,
    0x6f, 0xff, 0xe0, 0x7, 0xff, 0x16, 0xff, 0xfe,
    0x0, 0x7f, 0xf1, 0x6f, 0xff, 0xe0, 0x7, 0xff,
    0x16, 0xff, 0xfe, 0x0, 0x7f, 0xf1, 0x6f, 0xff,
    0xe0, 0x7, 0xff, 0x16, 0xff, 0xfe, 0x0, 0x7f,
    0xf1, 0x6f, 0xff, 0xe0, 0x7, 0xff, 0x16, 0xff,
    0xfe, 0x0, 0x7f, 0xf1, 0x6f, 0xff, 0xe0, 0x7,
    0xff, 0x16, 0xff, 0xfe, 0x0, 0x7f, 0xf1, 0x6f,
    0xff, 0xe0, 0x7, 0xff, 0x16, 0xff, 0xfe, 0x0,
    0x7f, 0xf1, 0x6f, 0xff, 0xe0, 0x7, 0xff, 0x16,
    0xff, 0xfe, 0x0, 0x7f, 0xf1, 0x6f, 0xff, 0xe0,
    0x7, 0xff, 0x16, 0xff, 0xfe, 0x0, 0x7f, 0xf1,
    0x6f, 0xff, 0xe0, 0x7, 0xff, 0x16, 0xff, 0xfe,
    0x0, 0x7f, 0xf1, 0x6f, 0xff, 0xe0, 0x7, 0xff,
    0x16, 0xff, 0xfe, 0x0, 0x7f, 0xf1, 0x6f, 0xff,
    0xe0, 0x7, 0xff, 0x16, 0xff, 0xfe, 0x0, 0x7f,
    0xf1, 0x6f, 0xff, 0xe0, 0x7, 0xff, 0x16, 0xff,
    0xfe, 0x0, 0x7f, 0xf1, 0x6f, 0xff, 0xe0, 0x7,
    0xff, 0x16, 0xff, 0xfe, 0x0, 0x7f, 0xf1, 0x6f,
    0xff, 0xe0, 0x7, 0xff, 0x16, 0xff, 0xfe, 0x0,
    0x7f, 0xf1, 0x6f, 0xff, 0xe0, 0x7, 0xff, 0x16,
    0xff, 0xfe, 0x0, 0x7f, 0xf1, 0x6f, 0xff, 0xe0,
    0x7, 0xff, 0x16, 0xff, 0xfe, 0x0, 0x7f, 0xf1,
    0x6f, 0xff, 0xe0, 0x7, 0xff, 0x16, 0xff, 0xfe,
    0x0, 0x7f, 0xf1, 0x6f, 0xff, 0xe0, 0x7, 0xff,
    0x16, 0xff, 0xfe, 0x0, 0x7f, 0xf1, 0x6f, 0xff,
    0xe0, 0x7, 0xff, 0x16, 0xff, 0xfe, 0x0, 0x7f,
    0xf1, 0x6f, 0xff, 0xe0, 0x7, 0xff, 0x16, 0xff,
    0xfe, 0x0, 0x7f, 0xf1, 0x6f, 0xff, 0xe0, 0x7,
    0xff, 0x16, 0xff, 0xfe, 0x0, 0x7f, 0xf1, 0x6f,
    0xff, 0xe0, 0x7, 0xff, 0x16, 0xff, 0xfe, 0x0,
    0x7f, 0xf1, 0x6f, 0xff, 0xe0, 0x7, 0xff, 0x16,
    0xff, 0xfe, 0x0, 0x7f, 0xf1, 0x6f, 0xff, 0xe0,
    0x7, 0xff, 0x16, 0xff, 0xfe, 0x0, 0x7f, 0xf1,
    0x6f, 0xff, 0xe0, 0x0,

    /* U+0032 "2" */
    0xf, 0xfe, 0x53, 0x4f, 0xfd, 0x44, 0x3f, 0xfb,
    0x6d, 0xff, 0xfc, 0x69, 0xf, 0xfe, 0xad, 0xff,
    0xfc, 0xc8, 0x3f, 0xfa, 0x37, 0xff, 0xf4, 0x20,
    0xff, 0xe6, 0xbf, 0xff, 0xd4, 0x43, 0xff, 0x95,
    0xff, 0xfd, 0x78, 0x3f, 0xf8, 0xef, 0xff, 0xf6,
    0x83, 0xff, 0x8a, 0xff, 0xff, 0x70, 0x3f, 0xf8,
    0x6f, 0xff, 0xf7, 0x83, 0xff, 0x82, 0xff, 0xff,
    0x7e, 0xf, 0xfe, 0x7, 0xff, 0xf8, 0x50, 0xff,
    0x7f, 0xff, 0x22, 0x8b, 0x53, 0xff, 0xf9, 0x1,
    0xfd, 0x7f, 0xff, 0x12, 0x43, 0xfe, 0x7f, 0xff,
    0x8b, 0x7, 0xcf, 0xff, 0xf1, 0x3, 0xff, 0x88,
    0xff, 0xff, 0x10, 0x3e, 0xff, 0xfe, 0x1a, 0x1f,
    0xfc, 0x7f, 0xff, 0xe1, 0xa1, 0xcf, 0xff, 0xf0,
    0x90, 0xff, 0xe4, 0xff, 0xff, 0xc, 0x3b, 0xff,
    0xf8, 0x48, 0x7f, 0xf2, 0xff, 0xff, 0x84, 0x1d,
    0xff, 0xfc, 0x18, 0x3f, 0xf9, 0x97, 0xff, 0xf0,
    0x50, 0xaf, 0xff, 0xe0, 0x87, 0xff, 0x3b, 0xff,
    0xf8, 0x30, 0x5f, 0xff, 0xc1, 0x43, 0xff, 0x9d,
    0xff, 0xfc, 0x18, 0x2f, 0xff, 0xe0, 0x87, 0xff,
    0x3e, 0xff, 0xfe, 0x8, 0x1f, 0xff, 0xe0, 0x21,
    0xff, 0xcf, 0x7f, 0xff, 0x82, 0xb, 0xff, 0xf8,
    0x1, 0xff, 0xd0, 0x7f, 0xff, 0x82, 0x6, 0xbf,
    0xf8, 0x1, 0xff, 0xd1, 0xff, 0xfe, 0x8, 0x7f,
    0xf8, 0x3f, 0xff, 0x82, 0x1f, 0xfd, 0xf7, 0xff,
    0xf8, 0x21, 0xff, 0xdf, 0x7f, 0xff, 0x82, 0x1f,
    0xfd, 0xfb, 0xff, 0xf8, 0x10, 0x7f, 0xf7, 0xef,
    0xff, 0xe0, 0x41, 0xff, 0xdf, 0xff, 0xfe, 0xa,
    0x1f, 0xfd, 0xe7, 0xff, 0xf8, 0x21, 0xff, 0xdf,
    0xbf, 0xff, 0x82, 0x1f, 0xfd, 0xff, 0xff, 0xe0,
    0xa1, 0xff, 0xde, 0xbf, 0xff, 0x82, 0x1f, 0xfd,
    0xe7, 0xff, 0xf8, 0x30, 0x7f, 0xf7, 0xbf, 0xff,
    0x84, 0x1f, 0xfd, 0xeb, 0xff, 0xf8, 0x30, 0x7f,
    0xf7, 0x5f, 0xff, 0xe1, 0x7, 0xff, 0x7b, 0xff,
    0xf8, 0x50, 0x7f, 0xf7, 0x6f, 0xff, 0xe1, 0x7,
    0xff, 0x76, 0xff, 0xfe, 0x12, 0x1f, 0xfd, 0xc7,
    0xff, 0xf8, 0x61, 0xff, 0xdd, 0xff, 0xfe, 0x18,
    0x7f, 0xf7, 0x7f, 0xff, 0x86, 0x87, 0xff, 0x72,
    0xff, 0xfe, 0x14, 0x1f, 0xfd, 0xc7, 0xff, 0xf8,
    0x61, 0xff, 0xdc, 0x7f, 0xff, 0x86, 0x1f, 0xfd,
    0xdf, 0xff, 0xe1, 0x87, 0xff, 0x77, 0xff, 0xf8,
    0x68, 0x7f, 0xf7, 0x3f, 0xff, 0x87, 0x7, 0xff,
    0x72, 0xff, 0xfe, 0x14, 0x1f, 0xfd, 0xc7, 0xff,
    0xf8, 0x61, 0xff, 0xdc, 0x7f, 0xff, 0x86, 0x1f,
    0xfd, 0xdf, 0xff, 0xe1, 0x87, 0xff, 0x77, 0xff,
    0xf8, 0x68, 0x7f, 0xf7, 0x3f, 0xff, 0x86, 0x87,
    0xff, 0x72, 0xff, 0xfe, 0x14, 0x1f, 0xfd, 0xcb,
    0xff, 0xf8, 0x61, 0xff, 0xdc, 0x7f, 0xff, 0x86,
    0x1f, 0xfd, 0xdf, 0xff, 0xe1, 0x87, 0xff, 0x77,
    0xff, 0xf8, 0x68, 0x7f, 0xf7, 0x3f, 0xff, 0x86,
    0x87, 0xff, 0x72, 0xff, 0xfe, 0x14, 0x1f, 0xfd,
    0xcb, 0xff, 0xf8, 0x61, 0xff, 0xdc, 0x7f, 0xff,
    0x86, 0x1f, 0xfd, 0xdf, 0xff, 0xe1, 0x87, 0xff,
    0x77, 0xff, 0xf8, 0x68, 0x7f, 0xf7, 0x3f, 0xff,
    0x86, 0x87, 0xff, 0x72, 0xff, 0xfe, 0x14, 0x1f,
    0xfd, 0xcb, 0xff, 0xf8, 0x50, 0x7f, 0xf7, 0x1f,
    0xff, 0xe1, 0x87, 0xff, 0x77, 0xff, 0xf8, 0x61,
    0xff, 0xdd, 0xff, 0xfe, 0x1a, 0x1f, 0xfd, 0xcf,
    0xff, 0xe1, 0xa1, 0xff, 0xdc, 0xbf, 0xff, 0x85,
    0x7, 0xff, 0x72, 0xff, 0xfe, 0x14, 0x1f, 0xfd,
    0xc7, 0xff, 0xf8, 0x61, 0xff, 0xdc, 0x7f, 0xff,
    0x86, 0x1f, 0xfd, 0xdf, 0xff, 0xe1, 0xa1, 0xff,
    0xdc, 0xff, 0xff, 0x50, 0x5f, 0xff, 0xea, 0xb,
    0xff, 0xfd, 0x41, 0x7f, 0xff, 0xa8, 0x2f, 0xff,
    0xf5, 0x5, 0xff, 0xfe, 0xa0, 0xbf, 0xff, 0xd4,
    0x17, 0xff, 0xfa, 0x82, 0xff, 0xff, 0x50, 0x5f,
    0xff, 0xea, 0xb, 0xff, 0xfd, 0x40,

    /* U+0033 "3" */
    0xf, 0xfe, 0x6a, 0xe9, 0x70, 0x7f, 0xf8, 0x9f,
    0xff, 0xe1, 0xc8, 0x7f, 0xf6, 0xaf, 0xff, 0xe4,
    0xc8, 0x7f, 0xf5, 0x6f, 0xff, 0xe7, 0x21, 0xff,
    0xd1, 0xbf, 0xff, 0xa4, 0x87, 0xff, 0x3b, 0xff,
    0xfa, 0xb0, 0x7f, 0xf2, 0xdf, 0xff, 0xeb, 0xc1,
    0xff, 0xc9, 0xbf, 0xff, 0xb4, 0x1f, 0xfc, 0x7b,
    0xff, 0xfb, 0x81, 0xff, 0xc5, 0xbf, 0xff, 0xbb,
    0x7, 0xff, 0xd, 0xff, 0xfe, 0xfa, 0x1f, 0xfc,
    0x2f, 0xff, 0xf0, 0x87, 0xff, 0x7, 0xff, 0xf8,
    0xf2, 0x1c, 0xdf, 0xff, 0xc6, 0x83, 0xfe, 0x7f,
    0xff, 0x89, 0x7, 0xff, 0x1, 0xff, 0xfe, 0x28,
    0x7f, 0xdf, 0xff, 0xc4, 0xf, 0xfe, 0x23, 0xff,
    0xfc, 0x38, 0x3f, 0x9f, 0xff, 0xe1, 0x87, 0xff,
    0x19, 0xff, 0xfe, 0x18, 0x7f, 0x7f, 0xff, 0xc,
    0x3f, 0xf9, 0x17, 0xff, 0xf0, 0x90, 0xfd, 0xff,
    0xfc, 0x24, 0x3f, 0xf9, 0x3f, 0xff, 0xc2, 0x83,
    0xeb, 0xff, 0xf8, 0x30, 0x7f, 0xf2, 0x9f, 0xff,
    0xe1, 0x7, 0xdf, 0xff, 0xc2, 0xf, 0xfe, 0x67,
    0xff, 0xf0, 0x83, 0xef, 0xff, 0xe0, 0xa1, 0xff,
    0xcc, 0xbf, 0xff, 0x82, 0x1e, 0x7f, 0xff, 0x82,
    0x1f, 0xfc, 0xd7, 0xff, 0xf8, 0x21, 0xe7, 0xff,
    0xf8, 0x10, 0x7f, 0xf3, 0xbf, 0xff, 0x82, 0x87,
    0x3f, 0xff, 0xc0, 0x43, 0xff, 0x9d, 0xff, 0xfc,
    0x14, 0x3f, 0xfc, 0x3f, 0xff, 0xc1, 0x43, 0xff,
    0xc3, 0xff, 0xfc, 0x10, 0xff, 0xf1, 0x7f, 0xff,
    0x4, 0x3f, 0xfc, 0x5f, 0xff, 0xc1, 0xf, 0xff,
    0xb, 0xff, 0xfc, 0x10, 0xff, 0xf0, 0xdf, 0xff,
    0xc0, 0x83, 0xff, 0xc3, 0xff, 0xfc, 0x14, 0x3f,
    0xfc, 0xf, 0xff, 0xf0, 0x43, 0xff, 0xc3, 0xff,
    0xfc, 0x20, 0xff, 0xf0, 0x7f, 0xff, 0x9, 0xf,
    0xfe, 0xfd, 0xff, 0xfc, 0x20, 0xff, 0xef, 0xff,
    0xff, 0xd, 0xf, 0xfe, 0xed, 0xff, 0xfc, 0x38,
    0x3f, 0xfb, 0x97, 0xff, 0xf1, 0x43, 0xff, 0xb2,
    0xdf, 0xff, 0xc7, 0xf, 0xfe, 0x95, 0xff, 0xfc,
    0xf0, 0xff, 0xe9, 0xdf, 0xff, 0xce, 0xf, 0xfe,
    0xa5, 0xff, 0xfc, 0xc4, 0x3f, 0xfa, 0xb7, 0xff,
    0xf2, 0xa0, 0xff, 0xeb, 0xdf, 0xff, 0xc8, 0x83,
    0xff, 0xb3, 0x7f, 0xff, 0x26, 0xf, 0xfe, 0xc5,
    0xff, 0xfc, 0xc4, 0x3f, 0xfa, 0xb7, 0xff, 0xf3,
    0x90, 0xff, 0xe9, 0xdf, 0xff, 0xcf, 0x83, 0xff,
    0xa5, 0x7f, 0xff, 0x44, 0x3f, 0xfa, 0x37, 0xff,
    0xf4, 0x83, 0xff, 0xb4, 0xab, 0xff, 0xf8, 0xe1,
    0xff, 0xde, 0xbf, 0xff, 0x8a, 0x1f, 0xfd, 0xfb,
    0xff, 0xf8, 0x68, 0x7f, 0xf8, 0x3f, 0xff, 0x86,
    0x1f, 0xfe, 0x1f, 0xff, 0xe1, 0x41, 0xff, 0xe1,
    0xff, 0xfe, 0x10, 0x7f, 0xf8, 0x5f, 0xff, 0xe0,
    0xc1, 0xff, 0xe1, 0xbf, 0xff, 0x82, 0x1f, 0xfe,
    0x17, 0xff, 0xf8, 0x21, 0xff, 0xe2, 0xff, 0xfe,
    0xa, 0x1f, 0xfe, 0x1b, 0xff, 0xf8, 0x10, 0x7f,
    0xf8, 0x5f, 0xff, 0xe0, 0x87, 0xff, 0x85, 0xff,
    0xfe, 0x8, 0x7f, 0xf8, 0xbf, 0xff, 0x82, 0x1f,
    0xfe, 0x2f, 0xff, 0xe0, 0x82, 0xbf, 0xf8, 0x21,
    0xff, 0xd3, 0xff, 0xfe, 0x8, 0x3f, 0xff, 0x82,
    0x1f, 0xfd, 0x3f, 0xff, 0xe0, 0x83, 0xff, 0xf8,
    0x21, 0xff, 0xd3, 0xff, 0xfe, 0x8, 0x3f, 0xff,
    0x82, 0x87, 0xff, 0x45, 0xff, 0xfe, 0x8, 0x2f,
    0xff, 0xe0, 0x41, 0xff, 0xd1, 0x7f, 0xff, 0x82,
    0x7, 0xff, 0xf8, 0x21, 0xff, 0xd1, 0xbf, 0xff,
    0x81, 0x1, 0xff, 0xfe, 0xa, 0x1f, 0xfd, 0xf,
    0xff, 0xe0, 0xc1, 0x7f, 0xff, 0x8, 0x3f, 0xf9,
    0xef, 0xff, 0xf0, 0x50, 0xaf, 0xff, 0xe0, 0xa1,
    0xff, 0xce, 0xff, 0xfe, 0x10, 0x67, 0xff, 0xf8,
    0x41, 0xff, 0xcd, 0x7f, 0xff, 0x83, 0x7, 0x7f,
    0xff, 0xc, 0x3f, 0xf9, 0x9f, 0xff, 0xc2, 0x43,
    0xaf, 0xff, 0xe1, 0x87, 0xff, 0x2b, 0xff, 0xf8,
    0x61, 0xf7, 0xff, 0xf1, 0x3, 0xff, 0x8e, 0xff,
    0xff, 0xe, 0xf, 0x9f, 0xff, 0xe2, 0x41, 0xff,
    0xc4, 0xbf, 0xff, 0x88, 0x1f, 0xdf, 0xff, 0xc6,
    0x83, 0xfe, 0x6f, 0xff, 0xe2, 0xa1, 0xfe, 0xff,
    0xfe, 0x45, 0x7d, 0xff, 0xfc, 0x90, 0xff, 0x9f,
    0xff, 0xf1, 0x7, 0xff, 0x6, 0xff, 0xff, 0x2,
    0x1f, 0xfc, 0x2b, 0xff, 0xfb, 0xc8, 0x7f, 0xf1,
    0x2f, 0xff, 0xee, 0x41, 0xff, 0xc6, 0xbf, 0xff,
    0xb4, 0x87, 0xff, 0x21, 0xff, 0xfe, 0xc0, 0x7f,
    0xf3, 0x2f, 0xff, 0xea, 0x41, 0xff, 0xce, 0x7f,
    0xff, 0xa4, 0x1f, 0xfd, 0x3b, 0xff, 0xf9, 0x90,
    0x7f, 0xf5, 0xdb, 0xff, 0xf8, 0xd2, 0x1f, 0xfd,
    0xc5, 0x5f, 0xfd, 0x28, 0x3f, 0xf9, 0x40,

    /* U+0034 "4" */
    0xf, 0xff, 0xf8, 0x7f, 0xf1, 0xef, 0xff, 0xe0,
    0x41, 0xff, 0xe0, 0xff, 0xfe, 0xc, 0x1f, 0xfd,
    0xff, 0xff, 0xe1, 0x41, 0xff, 0xde, 0x7f, 0xff,
    0x85, 0x7, 0xff, 0x7b, 0xff, 0xf8, 0x70, 0x7f,
    0xf7, 0x6f, 0xff, 0xe1, 0xc1, 0xff, 0xdd, 0xff,
    0xfe, 0x24, 0x1f, 0xfd, 0xcb, 0xff, 0xf8, 0x90,
    0x7f, 0xf6, 0xdf, 0xff, 0xe2, 0xc1, 0xff, 0xdb,
    0xff, 0xfe, 0x34, 0x1f, 0xfd, 0xab, 0xff, 0xf8,
    0xd0, 0x7f, 0xf6, 0xbf, 0xff, 0x8f, 0x7, 0xff,
    0x66, 0xff, 0xfe, 0x3c, 0x1f, 0xfd, 0x87, 0xff,
    0xf9, 0x10, 0x7f, 0xf6, 0x3f, 0xff, 0x93, 0x7,
    0xff, 0x5e, 0xff, 0xfe, 0x4c, 0x1f, 0xfd, 0x7f,
    0xff, 0xe5, 0x41, 0xff, 0xd6, 0xbf, 0xff, 0x95,
    0x7, 0xff, 0x55, 0xff, 0xfe, 0x5c, 0x1f, 0xfd,
    0x5f, 0xff, 0xe6, 0x41, 0xff, 0xd4, 0x7f, 0xfe,
    0xbf, 0xff, 0x81, 0x7, 0xff, 0x53, 0xff, 0xf8,
    0x7, 0xff, 0xf0, 0x20, 0xff, 0xe9, 0xdf, 0xff,
    0x27, 0xff, 0xf0, 0x20, 0xff, 0xe9, 0x3f, 0xff,
    0xc0, 0x7, 0xff, 0xf0, 0x20, 0xff, 0xe9, 0x7f,
    0xff, 0x1, 0x7, 0xff, 0xf0, 0x20, 0xff, 0xe8,
    0xbf, 0xff, 0x41, 0x7f, 0xff, 0x2, 0xf, 0xfe,
    0x8f, 0xff, 0xf0, 0x3, 0x7f, 0xff, 0x2, 0xf,
    0xfe, 0x85, 0xff, 0xf4, 0x1b, 0xff, 0xf8, 0x10,
    0x7f, 0xf4, 0x3f, 0xff, 0x80, 0x1d, 0xff, 0xfc,
    0x8, 0x3f, 0xf9, 0xff, 0xff, 0xc0, 0x43, 0xbf,
    0xff, 0x81, 0x7, 0xff, 0x39, 0xff, 0xfe, 0x0,
    0x7b, 0xff, 0xf8, 0x10, 0x7f, 0xf3, 0xbf, 0xff,
    0x80, 0x87, 0xbf, 0xff, 0x81, 0x7, 0xff, 0x36,
    0xff, 0xfe, 0x0, 0x7d, 0xff, 0xfc, 0x8, 0x3f,
    0xf9, 0xbf, 0xff, 0xc0, 0xf, 0xdf, 0xff, 0xc0,
    0x83, 0xff, 0x99, 0xff, 0xfc, 0x8, 0x3f, 0x7f,
    0xff, 0x2, 0xf, 0xfe, 0x5b, 0xff, 0xfc, 0x0,
    0xfe, 0xff, 0xfe, 0x4, 0x1f, 0xfc, 0xbf, 0xff,
    0xe0, 0x41, 0xfd, 0xff, 0xfc, 0x8, 0x3f, 0xf9,
    0x57, 0xff, 0xf0, 0x3, 0xfd, 0xff, 0xfc, 0x8,
    0x3f, 0xf9, 0x5f, 0xff, 0xc0, 0x43, 0xfd, 0xff,
    0xfc, 0x8, 0x3f, 0xf9, 0x3f, 0xff, 0xc1, 0xf,
    0xfb, 0xff, 0xf8, 0x10, 0x7f, 0xf2, 0x1f, 0xff,
    0xe0, 0x21, 0xff, 0x7f, 0xff, 0x2, 0xf, 0xfe,
    0x47, 0xff, 0xf0, 0x20, 0xff, 0xe0, 0x7f, 0xff,
    0x2, 0xf, 0xfe, 0x3d, 0xff, 0xfc, 0x0, 0xff,
    0xe0, 0xff, 0xff, 0x2, 0xf, 0xfe, 0x3f, 0xff,
    0xf0, 0x20, 0xff, 0xe0, 0xff, 0xff, 0x2, 0xf,
    0xfe, 0x37, 0xff, 0xf0, 0x43, 0xff, 0x85, 0xff,
    0xfc, 0x8, 0x3f, 0xf8, 0xaf, 0xff, 0xf0, 0x10,
    0xff, 0xe1, 0x7f, 0xff, 0x2, 0xf, 0xfe, 0x2f,
    0xff, 0xf0, 0x43, 0xff, 0x87, 0xff, 0xfc, 0x8,
    0x3f, 0xf8, 0x97, 0xff, 0xf0, 0x10, 0xff, 0xe1,
    0xff, 0xff, 0x2, 0xf, 0xfe, 0x27, 0xff, 0xf0,
    0x43, 0xff, 0x89, 0xff, 0xfc, 0x8, 0x3f, 0xf8,
    0x77, 0xff, 0xf0, 0x10, 0xff, 0xe2, 0x7f, 0xff,
    0x2, 0xf, 0xfe, 0x13, 0xff, 0xfc, 0x8, 0x3f,
    0xf8, 0xbf, 0xff, 0xc0, 0x83, 0xff, 0x85, 0xff,
    0xfc, 0x10, 0xff, 0xe3, 0x7f, 0xff, 0x2, 0xf,
    0xfe, 0xd, 0xff, 0xfc, 0x8, 0x3f, 0xf8, 0xdf,
    0xff, 0xc0, 0x83, 0xff, 0x83, 0xff, 0xfc, 0x10,
    0xff, 0xe3, 0xff, 0xff, 0x2, 0xf, 0xfe, 0x5,
    0xff, 0xfc, 0x4, 0x3f, 0xf8, 0xff, 0xff, 0xc0,
    0x83, 0xfe, 0x7f, 0xff, 0x82, 0x1f, 0xfc, 0x8f,
    0xff, 0xe0, 0x41, 0xff, 0x7f, 0xff, 0x5, 0xf,
    0xfe, 0x47, 0xff, 0xf0, 0x20, 0xff, 0x5f, 0xff,
    0xc1, 0xf, 0xfe, 0x4f, 0xff, 0xf0, 0x20, 0xff,
    0x7f, 0xff, 0x4, 0x3f, 0xf9, 0x5f, 0xff, 0xc0,
    0x83, 0xfa, 0xff, 0xfe, 0x4, 0x1f, 0xfc, 0xaf,
    0xff, 0xe0, 0x41, 0xf9, 0xff, 0xfe, 0x8, 0x7f,
    0xf2, 0xff, 0xff, 0x81, 0x7, 0xef, 0xff, 0xff,
    0xff, 0xff, 0xff, 0xff, 0xff, 0xff, 0xff, 0xff,
    0xff, 0xff, 0xff, 0xff, 0xff, 0xff, 0xff, 0xff,
    0xff, 0xff, 0xff, 0xff, 0xed, 0x7, 0xff, 0x67,
    0xff, 0xf8, 0x10, 0x7f, 0xf8, 0x7f, 0xff, 0x81,
    0x7, 0xff, 0x87, 0xff, 0xf8, 0x10, 0x7f, 0xf8,
    0x7f, 0xff, 0x81, 0x7, 0xff, 0x87, 0xff, 0xf8,
    0x10, 0x7f, 0xf8, 0x7f, 0xff, 0x81, 0x7, 0xff,
    0x87, 0xff, 0xf8, 0x10, 0x7f, 0xf8, 0x7f, 0xff,
    0x81, 0x7, 0xff, 0x87, 0xff, 0xf8, 0x10, 0x7f,
    0xf8, 0x7f, 0xff, 0x81, 0x7, 0xff, 0x87, 0xff,
    0xf8, 0x10, 0x7f, 0xf8, 0x7f, 0xff, 0x81, 0x7,
    0xff, 0x87, 0xff, 0xf8, 0x10, 0x7f, 0xf8, 0x7f,
    0xff, 0x81, 0x7, 0xff, 0x87, 0xff, 0xf8, 0x10,
    0x7f, 0xf8, 0x7f, 0xff, 0x81, 0x7, 0xe0,

    /* U+0035 "5" */
    0xf, 0xdf, 0xff, 0xe0, 0xf, 0xfe, 0x1f, 0xff,
    0xf8, 0x3, 0xff, 0x87, 0xff, 0xfe, 0x0, 0xff,
    0xe1, 0xff, 0xff, 0x80, 0x3f, 0xf8, 0x4f, 0xff,
    0xf8, 0x3, 0xff, 0x84, 0xff, 0xff, 0x80, 0x3f,
    0xf8, 0x57, 0xff, 0xf8, 0x3, 0xff, 0x85, 0x7f,
    0xff, 0x80, 0x3f, 0xf8, 0x57, 0xff, 0xf8, 0x3,
    0xff, 0x85, 0xff, 0xfe, 0x10, 0xff, 0xe1, 0x7f,
    0xff, 0x84, 0x3f, 0xf8, 0x5f, 0xff, 0xc0, 0xf,
    0xff, 0x1f, 0xff, 0xd0, 0x7f, 0xf8, 0xff, 0xfe,
    0x83, 0xff, 0xc4, 0xff, 0xfd, 0x7, 0xff, 0x89,
    0xff, 0xf9, 0xf, 0xff, 0x13, 0xff, 0xf2, 0x1f,
    0xfe, 0x2b, 0xff, 0xe0, 0xff, 0xf1, 0xdf, 0xff,
    0x7, 0xff, 0x8e, 0xff, 0xf8, 0x3f, 0xfc, 0x7f,
    0xff, 0xc0, 0xf, 0xff, 0x1f, 0xff, 0xf0, 0x3,
    0xff, 0xc7, 0xff, 0xfc, 0x0, 0xff, 0xf1, 0xff,
    0xfd, 0x7, 0xff, 0x8f, 0xff, 0xe8, 0x3f, 0xfc,
    0x4f, 0xff, 0xc8, 0x7f, 0xf8, 0x9f, 0xff, 0x90,
    0xff, 0xf1, 0x3f, 0xff, 0x21, 0xff, 0xe2, 0xbf,
    0xfe, 0xf, 0xff, 0x1d, 0xff, 0xf0, 0x7f, 0xf8,
    0xef, 0xff, 0x83, 0xff, 0xc7, 0xff, 0xfc, 0x0,
    0xff, 0xf1, 0xff, 0xff, 0x0, 0x3f, 0xe5, 0xf0,
    0x7f, 0xf4, 0xbf, 0xfe, 0x83, 0xd7, 0xff, 0xf0,
    0x64, 0x3f, 0xf9, 0xbf, 0xff, 0x41, 0x5f, 0xff,
    0xc8, 0x43, 0xff, 0x95, 0xff, 0xf2, 0x5f, 0xff,
    0xcc, 0x83, 0xff, 0x8e, 0xff, 0xfd, 0x7f, 0xff,
    0x41, 0xf, 0xfe, 0x2b, 0xff, 0xfd, 0xd8, 0x3f,
    0xf8, 0x8f, 0xff, 0xf7, 0xc3, 0xff, 0x87, 0x7f,
    0xff, 0x81, 0xf, 0xfe, 0xd, 0xff, 0xfe, 0x14,
    0x3f, 0xf8, 0x1f, 0xff, 0xe3, 0x43, 0xfe, 0xff,
    0xff, 0x20, 0x7f, 0xdf, 0xff, 0xe5, 0xf, 0xf7,
    0xff, 0xf1, 0xe4, 0x3e, 0x6f, 0xff, 0xe3, 0xc1,
    0xfd, 0xff, 0xfc, 0x48, 0x3f, 0xf8, 0x77, 0xff,
    0xf1, 0x43, 0xfb, 0xff, 0xf8, 0x50, 0x7f, 0xf1,
    0xff, 0xff, 0x8a, 0x1f, 0x3f, 0xff, 0xc1, 0xf,
    0xfe, 0x55, 0xff, 0xfc, 0x30, 0xf9, 0xff, 0xfa,
    0xf, 0xfe, 0x63, 0xff, 0xfc, 0x28, 0x3e, 0x5f,
    0xf8, 0x3f, 0xf9, 0xd7, 0xff, 0xf0, 0x83, 0xff,
    0xc3, 0x7f, 0xff, 0x5, 0xf, 0xff, 0xf, 0xff,
    0xf0, 0x83, 0xff, 0xc3, 0x7f, 0xff, 0x4, 0x3f,
    0xfc, 0x5f, 0xff, 0xc1, 0x43, 0xff, 0xc3, 0xff,
    0xfc, 0x18, 0x3f, 0xfc, 0x37, 0xff, 0xf0, 0x43,
    0xff, 0xc2, 0xff, 0xff, 0x4, 0x3f, 0xfc, 0x5f,
    0xff, 0xc1, 0xf, 0xff, 0x17, 0xff, 0xf0, 0x43,
    0xff, 0xc5, 0xff, 0xfc, 0x10, 0xff, 0xf1, 0x7f,
    0xff, 0x4, 0x3f, 0xfc, 0x5f, 0xff, 0xc1, 0xf,
    0xff, 0x17, 0xff, 0xf0, 0x43, 0xff, 0xc5, 0xff,
    0xfc, 0x10, 0xff, 0xf1, 0x7f, 0xff, 0x4, 0x3f,
    0xfc, 0x2f, 0xff, 0xf0, 0x41, 0xff, 0xfc, 0x8,
    0x3f, 0xfa, 0x57, 0xff, 0xf0, 0x20, 0x7f, 0xff,
    0x4, 0x3f, 0xfa, 0x5f, 0xff, 0xc1, 0x81, 0xff,
    0xfc, 0x10, 0xff, 0xe9, 0x7f, 0xff, 0x5, 0x5,
    0xff, 0xfc, 0x8, 0x3f, 0xfa, 0x17, 0xff, 0xf0,
    0x42, 0x7f, 0xff, 0x82, 0x1f, 0xfd, 0xf, 0xff,
    0xe0, 0xc1, 0xbf, 0xff, 0x83, 0x7, 0xff, 0x3a,
    0xff, 0xfe, 0xa, 0x1a, 0xff, 0xfe, 0xa, 0x1f,
    0xfc, 0xc7, 0xff, 0xf8, 0x41, 0xcf, 0xff, 0xf0,
    0x90, 0xff, 0xe5, 0xff, 0xff, 0xa, 0xf, 0x7f,
    0xff, 0xd, 0xf, 0xfe, 0x43, 0xff, 0xfc, 0x30,
    0xf9, 0xff, 0xfe, 0x1a, 0x1f, 0xfc, 0x67, 0xff,
    0xf8, 0x70, 0x7e, 0xff, 0xfe, 0x24, 0x1f, 0xfc,
    0x37, 0xff, 0xf8, 0xa1, 0xfe, 0xff, 0xfe, 0x2c,
    0x87, 0xf9, 0xff, 0xfe, 0x34, 0x1f, 0xe7, 0xff,
    0xf9, 0x15, 0xef, 0xff, 0xe4, 0x87, 0xff, 0x2,
    0xff, 0xff, 0xa, 0x1f, 0xfc, 0x1f, 0xff, 0xf0,
    0x21, 0xff, 0xc3, 0xff, 0xfe, 0xf4, 0x1f, 0xfc,
    0x5f, 0xff, 0xee, 0x21, 0xff, 0xc7, 0xff, 0xfe,
    0xd2, 0x1f, 0xfc, 0x9b, 0xff, 0xfa, 0xe1, 0xff,
    0xcc, 0x7f, 0xff, 0xa8, 0x87, 0xff, 0x3d, 0xff,
    0xfe, 0x84, 0x1f, 0xfd, 0x37, 0xff, 0xf9, 0x90,
    0x7f, 0xf5, 0xdb, 0xff, 0xf8, 0xd0, 0x7f, 0xf7,
    0x9a, 0x7f, 0xe9, 0x41, 0xff, 0xcb,

    /* U+0036 "6" */
    0xf, 0xfe, 0x87, 0xff, 0xf0, 0x60, 0xff, 0xf0,
    0xdf, 0xff, 0xc1, 0xf, 0xff, 0x17, 0xff, 0xf0,
    0x60, 0xff, 0xf0, 0xff, 0xff, 0x8, 0x3f, 0xfc,
    0x2f, 0xff, 0xf0, 0x50, 0xff, 0xf0, 0xff, 0xff,
    0x8, 0x3f, 0xfc, 0x2f, 0xff, 0xf0, 0x43, 0xff,
    0xc5, 0xff, 0xfc, 0x18, 0x3f, 0xfc, 0x2f, 0xff,
    0xf0, 0x43, 0xff, 0xc5, 0xff, 0xfc, 0x14, 0x3f,
    0xfc, 0x37, 0xff, 0xf0, 0x43, 0xff, 0xc5, 0xff,
    0xfc, 0x10, 0xff, 0xf1, 0x5f, 0xff, 0xc0, 0x83,
    0xff, 0xc5, 0xff, 0xfc, 0x10, 0xff, 0xf1, 0x5f,
    0xff, 0xc0, 0x43, 0xff, 0xc5, 0xff, 0xfc, 0x10,
    0xff, 0xf1, 0x7f, 0xff, 0x5, 0xf, 0xff, 0xb,
    0xff, 0xfc, 0x8, 0x3f, 0xfc, 0x5f, 0xff, 0xc1,
    0xf, 0xff, 0x13, 0xff, 0xfc, 0x8, 0x3f, 0xfc,
    0x5f, 0xff, 0xc1, 0xf, 0xff, 0x13, 0xff, 0xfc,
    0x4, 0x3f, 0xfc, 0x5f, 0xff, 0xc0, 0x83, 0xff,
    0xc5, 0x7f, 0xff, 0x0, 0x3f, 0xfc, 0x7f, 0xff,
    0xc0, 0x83, 0xff, 0xc5, 0x7f, 0xff, 0x0, 0x3f,
    0xfc, 0x7f, 0xff, 0xc0, 0x43, 0xff, 0xc5, 0x7f,
    0xff, 0x0, 0x3f, 0xfc, 0x4f, 0xff, 0xf0, 0x3,
    0xff, 0xc7, 0xff, 0xfc, 0x8, 0x3f, 0xfc, 0x4f,
    0xff, 0xf0, 0x3, 0xff, 0xc7, 0xff, 0xfc, 0x4,
    0x3f, 0xfc, 0x4f, 0xff, 0xf0, 0x3, 0xff, 0xc7,
    0xff, 0xfc, 0x0, 0xff, 0xf1, 0xdf, 0xff, 0x41,
    0xcd, 0xff, 0xa4, 0x3f, 0xfa, 0x5f, 0xff, 0xc0,
    0x3, 0x7f, 0xff, 0x12, 0x43, 0xff, 0x9b, 0x7f,
    0xfc, 0xaf, 0xff, 0xe5, 0x21, 0xff, 0xcb, 0xff,
    0xfe, 0xd2, 0x1f, 0xfc, 0x8b, 0xff, 0xfb, 0x70,
    0x7f, 0xf1, 0xff, 0xff, 0xbc, 0x87, 0xff, 0x12,
    0xff, 0xfe, 0xfa, 0x1f, 0xfc, 0x3f, 0xff, 0xf0,
    0xc1, 0xff, 0xc1, 0x7f, 0xff, 0xc4, 0x87, 0xff,
    0x3, 0xff, 0xfc, 0x88, 0x7f, 0x9f, 0xff, 0xf2,
    0x87, 0xfb, 0xff, 0xf9, 0x75, 0xf7, 0xff, 0xf2,
    0x20, 0xfe, 0xff, 0xfe, 0x3c, 0x87, 0xfc, 0xff,
    0xff, 0x19, 0xf, 0xaf, 0xff, 0xe2, 0xc1, 0xff,
    0xc4, 0x7f, 0xff, 0x8a, 0x1f, 0x7f, 0xff, 0x14,
    0x3f, 0xf9, 0x17, 0xff, 0xf0, 0xd0, 0xe7, 0xff,
    0xf8, 0x70, 0x7f, 0xf2, 0xaf, 0xff, 0xe1, 0x87,
    0x5f, 0xff, 0xc2, 0x83, 0xff, 0x99, 0x7f, 0xff,
    0x9, 0xd, 0xff, 0xfc, 0x30, 0xff, 0xe7, 0x7f,
    0xff, 0xa, 0xd, 0xff, 0xfc, 0x20, 0xff, 0xe8,
    0x7f, 0xff, 0x8, 0x27, 0xff, 0xf8, 0x30, 0x7f,
    0xf4, 0x2f, 0xff, 0xe0, 0xa0, 0xbf, 0xff, 0x82,
    0x1f, 0xfd, 0x2f, 0xff, 0xe0, 0xc0, 0xff, 0xfe,
    0xc, 0x1f, 0xfd, 0x2f, 0xff, 0xe0, 0xc0, 0xff,
    0xfe, 0xa, 0x1f, 0xfd, 0x2b, 0xff, 0xf8, 0x20,
    0xff, 0xfe, 0x8, 0x7f, 0xf4, 0xdf, 0xff, 0xe0,
    0x83, 0xff, 0xf8, 0x21, 0xff, 0xd4, 0xff, 0xfe,
    0x8, 0xff, 0xff, 0x4, 0x3f, 0xfa, 0x9f, 0xff,
    0xc1, 0x1f, 0xff, 0xe0, 0x87, 0xff, 0x53, 0xff,
    0xf8, 0x2a, 0xff, 0xfe, 0x4, 0x1f, 0xfd, 0x4f,
    0xff, 0xe0, 0xab, 0xff, 0xf8, 0x10, 0x7f, 0xf5,
    0x3f, 0xff, 0x82, 0xf, 0xff, 0xe0, 0x87, 0xff,
    0x53, 0xff, 0xf8, 0x20, 0xff, 0xfe, 0x8, 0x7f,
    0xf5, 0x3f, 0xff, 0x82, 0xf, 0xff, 0xe0, 0x87,
    0xff, 0x53, 0xff, 0xf8, 0x20, 0xff, 0xfe, 0x8,
    0x7f, 0xf4, 0xdf, 0xff, 0xe0, 0x82, 0xff, 0xfe,
    0x2, 0x1f, 0xfd, 0x2b, 0xff, 0xf8, 0x10, 0x2f,
    0xff, 0xe0, 0x41, 0xff, 0xd2, 0xff, 0xfe, 0xa,
    0x7, 0xff, 0xf8, 0x21, 0xff, 0xd1, 0x7f, 0xff,
    0x82, 0x85, 0xff, 0xfc, 0x18, 0x3f, 0xfa, 0x1f,
    0xff, 0xc2, 0xd, 0x7f, 0xff, 0x4, 0x3f, 0xf9,
    0xef, 0xff, 0xf0, 0x60, 0xcf, 0xff, 0xf0, 0x83,
    0xff, 0x9d, 0xff, 0xfc, 0x24, 0x3b, 0xff, 0xf8,
    0x50, 0x7f, 0xf3, 0x3f, 0xff, 0x86, 0x1e, 0x7f,
    0xff, 0x85, 0x7, 0xff, 0x2b, 0xff, 0xf8, 0x68,
    0x7d, 0xff, 0xfc, 0x38, 0x3f, 0xf8, 0xef, 0xff,
    0xf1, 0x3, 0xf3, 0xff, 0xfc, 0x44, 0x3f, 0xf8,
    0x6f, 0xff, 0xf1, 0x50, 0xfe, 0xff, 0xfe, 0x34,
    0x1f, 0xf3, 0xff, 0xfc, 0x68, 0x3f, 0xef, 0xff,
    0xe4, 0xd7, 0xbf, 0xff, 0x92, 0x1f, 0xfc, 0x7,
    0xff, 0xfc, 0x41, 0xff, 0xc2, 0x7f, 0xff, 0xc0,
    0x87, 0xff, 0xe, 0xff, 0xfe, 0xf2, 0x1f, 0xfc,
    0x5b, 0xff, 0xfb, 0x88, 0x7f, 0xf1, 0xdf, 0xff,
    0xed, 0x21, 0xff, 0xc9, 0x7f, 0xff, 0xaf, 0x7,
    0xff, 0x36, 0xff, 0xfe, 0xa2, 0x1f, 0xfd, 0xb,
    0xff, 0xfa, 0x10, 0x7f, 0xf5, 0x2f, 0xff, 0xe6,
    0x21, 0xff, 0xd8, 0x6f, 0xff, 0xe3, 0x41, 0xff,
    0xdf, 0x69, 0xff, 0xa5, 0x7, 0xff, 0x2c,

    /* U+0037 "7" */
    0xf, 0xff, 0x63, 0xff, 0xfe, 0xb7, 0xff, 0xfd,
    0x6f, 0xff, 0xfa, 0xdf, 0xff, 0xf5, 0xbf, 0xff,
    0xeb, 0x7f, 0xff, 0xd6, 0xff, 0xff, 0xad, 0xff,
    0xff, 0x5b, 0xff, 0xfe, 0xb7, 0xff, 0xfd, 0x6f,
    0xff, 0xfa, 0xc3, 0xff, 0xbd, 0xff, 0xfc, 0x14,
    0x3f, 0xfb, 0xaf, 0xff, 0xf0, 0x43, 0xff, 0xbd,
    0x7f, 0xff, 0x1, 0xf, 0xfe, 0xf7, 0xff, 0xf0,
    0x43, 0xff, 0xbd, 0x7f, 0xff, 0x2, 0xf, 0xfe,
    0xf7, 0xff, 0xf0, 0x43, 0xff, 0xbd, 0x7f, 0xff,
    0x2, 0xf, 0xfe, 0xf7, 0xff, 0xf0, 0x43, 0xff,
    0xbd, 0x7f, 0xff, 0x2, 0xf, 0xfe, 0xf7, 0xff,
    0xf0, 0x50, 0xff, 0xee, 0xdf, 0xff, 0xc1, 0xf,
    0xfe, 0xf7, 0xff, 0xf0, 0x50, 0xff, 0xee, 0xbf,
    0xff, 0xc1, 0xf, 0xfe, 0xf7, 0xff, 0xf0, 0x50,
    0xff, 0xee, 0xbf, 0xff, 0xc1, 0xf, 0xfe, 0xf7,
    0xff, 0xf0, 0x50, 0xff, 0xee, 0xbf, 0xff, 0xc1,
    0xf, 0xfe, 0xf7, 0xff, 0xf0, 0x60, 0xff, 0xee,
    0xbf, 0xff, 0xc1, 0xf, 0xfe, 0xf7, 0xff, 0xf0,
    0x60, 0xff, 0xef, 0x7f, 0xff, 0x4, 0x3f, 0xfb,
    0xd7, 0xff, 0xf0, 0x20, 0xff, 0xef, 0x7f, 0xff,
    0x5, 0xf, 0xfe, 0xed, 0xff, 0xfc, 0x10, 0xff,
    0xef, 0x7f, 0xff, 0x5, 0xf, 0xfe, 0xed, 0xff,
    0xfc, 0x10, 0xff, 0xef, 0x7f, 0xff, 0x5, 0xf,
    0xfe, 0xed, 0xff, 0xfc, 0x10, 0xff, 0xef, 0x7f,
    0xff, 0x6, 0xf, 0xfe, 0xeb, 0xff, 0xfc, 0x10,
    0xff, 0xef, 0x7f, 0xff, 0x6, 0xf, 0xfe, 0xeb,
    0xff, 0xfc, 0x10, 0xff, 0xef, 0x7f, 0xff, 0x6,
    0xf, 0xfe, 0xeb, 0xff, 0xfc, 0x10, 0xff, 0xef,
    0x7f, 0xff, 0x6, 0xf, 0xfe, 0xeb, 0xff, 0xfc,
    0x14, 0x3f, 0xfb, 0xbf, 0xff, 0xc2, 0xf, 0xfe,
    0xeb, 0xff, 0xfc, 0x14, 0x3f, 0xfb, 0xb7, 0xff,
    0xf0, 0x43, 0xff, 0xbd, 0xff, 0xfc, 0x14, 0x3f,
    0xfb, 0xb7, 0xff, 0xf0, 0x43, 0xff, 0xbd, 0xff,
    0xfc, 0x18, 0x3f, 0xfb, 0xb7, 0xff, 0xf0, 0x43,
    0xff, 0xbd, 0xff, 0xfc, 0x18, 0x3f, 0xfb, 0xb7,
    0xff, 0xf0, 0x43, 0xff, 0xbd, 0xff, 0xfc, 0x18,
    0x3f, 0xfb, 0xb7, 0xff, 0xf0, 0x43, 0xff, 0xbd,
    0xff, 0xfc, 0x18, 0x3f, 0xfb, 0xaf, 0xff, 0xf0,
    0x50, 0xff, 0xee, 0xff, 0xff, 0x8, 0x3f, 0xfb,
    0xaf, 0xff, 0xf0, 0x50, 0xff, 0xee, 0xff, 0xff,
    0x8, 0x3f, 0xfb, 0xaf, 0xff, 0xf0, 0x50, 0xff,
    0xee, 0xff, 0xff, 0x8, 0x3f, 0xfb, 0xaf, 0xff,
    0xf0, 0x60, 0xff, 0xee, 0xff, 0xff, 0x8, 0x3f,
    0xfb, 0xdf, 0xff, 0xc1, 0x83, 0xff, 0xbb, 0x7f,
    0xff, 0x4, 0x3f, 0xfb, 0xdf, 0xff, 0xc1, 0x83,
    0xff, 0xbb, 0x7f, 0xff, 0x4, 0x3f, 0xfb, 0xdf,
    0xff, 0xc1, 0x83, 0xff, 0xbb, 0x7f, 0xff, 0x5,
    0xf, 0xfe, 0xef, 0xff, 0xf0, 0x83, 0xff, 0xbb,
    0x7f, 0xff, 0x5, 0xf, 0xfe, 0xef, 0xff, 0xf0,
    0x83, 0xff, 0xba, 0xff, 0xff, 0x5, 0xf, 0xfe,
    0xef, 0xff, 0xf0, 0x83, 0xff, 0xba, 0xff, 0xff,
    0x6, 0xf, 0xfe, 0xef, 0xff, 0xf0, 0x83, 0xff,
    0xba, 0xff, 0xff, 0x6, 0xf, 0xfe, 0xef, 0xff,
    0xf0, 0x83, 0xff, 0xba, 0xff, 0xff, 0x6, 0xf,
    0xfe, 0xef, 0xff, 0xf0, 0x83, 0xff, 0xba, 0xff,
    0xff, 0x6, 0xf, 0xfe, 0xed, 0xff, 0xfc, 0x14,
    0x3f, 0xfb, 0xbf, 0xff, 0xc2, 0xf, 0xfe, 0xed,
    0xff, 0xfc, 0x14, 0x3f, 0xfa, 0xe0,

    /* U+0038 "8" */
    0xf, 0xff, 0xf8, 0x79, 0xa7, 0xff, 0xf0, 0x24,
    0x3f, 0xfb, 0x8d, 0xff, 0xfc, 0x89, 0xf, 0xfe,
    0xb5, 0xff, 0xfc, 0xe8, 0x3f, 0xfa, 0x57, 0xff,
    0xf4, 0x90, 0xff, 0xe7, 0x3f, 0xff, 0xd6, 0x43,
    0xff, 0x97, 0x7f, 0xff, 0x62, 0xf, 0xfe, 0x4f,
    0xff, 0xf6, 0xe0, 0xff, 0xe3, 0xff, 0xff, 0x76,
    0xf, 0xfe, 0x2f, 0xff, 0xf7, 0xe0, 0xff, 0xe1,
    0xdf, 0xff, 0xe0, 0x83, 0xff, 0x82, 0xff, 0xff,
    0x89, 0xf, 0xfe, 0x7, 0xff, 0xf1, 0xe4, 0x3c,
    0xdf, 0xff, 0xc7, 0xf, 0xfa, 0xff, 0xfe, 0x2a,
    0x1f, 0xfc, 0x7, 0xff, 0xf8, 0xa8, 0x7f, 0xbf,
    0xff, 0x88, 0x87, 0xff, 0x12, 0xff, 0xfe, 0x20,
    0x7f, 0x5f, 0xff, 0xc3, 0xf, 0xfe, 0x3b, 0xff,
    0xfc, 0x34, 0x3f, 0x7f, 0xff, 0xc, 0x3f, 0xf9,
    0x2f, 0xff, 0xf0, 0xa0, 0xfd, 0xff, 0xfc, 0x24,
    0x3f, 0xf9, 0x4f, 0xff, 0xf0, 0x83, 0xe7, 0xff,
    0xf8, 0x30, 0x7f, 0xf3, 0x3f, 0xff, 0x84, 0x87,
    0xaf, 0xff, 0xe0, 0x87, 0xff, 0x35, 0xff, 0xfe,
    0xa, 0x1e, 0xff, 0xfe, 0x10, 0x7f, 0xf3, 0xbf,
    0xff, 0x83, 0x7, 0xbf, 0xff, 0x83, 0x7, 0xff,
    0x3a, 0xff, 0xfe, 0x8, 0x7b, 0xff, 0xf8, 0x28,
    0x7f, 0xf3, 0x9f, 0xff, 0xe0, 0x87, 0xbf, 0xff,
    0x82, 0x1f, 0xfc, 0xf7, 0xff, 0xf8, 0x21, 0xef,
    0xff, 0xe0, 0x87, 0xff, 0x43, 0xff, 0xf8, 0x21,
    0xef, 0xff, 0xe0, 0x87, 0xff, 0x43, 0xff, 0xf8,
    0x21, 0xef, 0xff, 0xe0, 0xa1, 0xff, 0xce, 0x7f,
    0xff, 0x81, 0x7, 0xbf, 0xff, 0x82, 0x87, 0xff,
    0x39, 0xff, 0xfe, 0x4, 0x1e, 0xbf, 0xff, 0x81,
    0x7, 0xff, 0x3a, 0xff, 0xfe, 0x2, 0x1e, 0x7f,
    0xff, 0x82, 0x1f, 0xfc, 0xef, 0xff, 0xe0, 0x87,
    0xef, 0xff, 0xe0, 0xa1, 0xff, 0xcc, 0x7f, 0xff,
    0x82, 0x1f, 0xbf, 0xff, 0x84, 0x1f, 0xfc, 0xcf,
    0xff, 0xe0, 0xc1, 0xf9, 0xff, 0xfe, 0xa, 0x1f,
    0xfc, 0xa7, 0xff, 0xf8, 0x21, 0xfe, 0xff, 0xfe,
    0x10, 0x7f, 0xf2, 0x5f, 0xff, 0xe0, 0xc1, 0xfe,
    0x7f, 0xff, 0x84, 0x1f, 0xfc, 0x77, 0xff, 0xf8,
    0x41, 0xff, 0xc0, 0xbf, 0xff, 0x84, 0x87, 0xff,
    0x12, 0xff, 0xfe, 0x12, 0x1f, 0xfc, 0x1f, 0xff,
    0xe2, 0x21, 0xff, 0xc0, 0x7f, 0xff, 0x87, 0x7,
    0xff, 0xf, 0xff, 0xf8, 0xb2, 0xc0, 0x55, 0xff,
    0xfc, 0x60, 0xff, 0xe2, 0xff, 0xff, 0x78, 0x3f,
    0xf8, 0xf7, 0xff, 0xf6, 0xa0, 0xff, 0xe4, 0xbf,
    0xff, 0xd8, 0x43, 0xff, 0x99, 0x7f, 0xff, 0x52,
    0xf, 0xfe, 0x85, 0xff, 0xfd, 0x9, 0xf, 0xfe,
    0x95, 0xff, 0xfc, 0xe8, 0x3f, 0xfa, 0x57, 0xff,
    0xf4, 0xa0, 0xff, 0xe7, 0x5f, 0xff, 0xd6, 0x83,
    0xff, 0x94, 0xff, 0xff, 0x69, 0xf, 0xfe, 0x3d,
    0xff, 0xfd, 0xc8, 0x3f, 0xf8, 0xbf, 0xff, 0xe0,
    0xf, 0xfe, 0x1f, 0xff, 0xf1, 0x65, 0x7, 0x9b,
    0xff, 0xf8, 0xc1, 0xff, 0xc1, 0xff, 0xfe, 0x22,
    0x1f, 0xfc, 0x2b, 0xff, 0xf8, 0x81, 0xff, 0x7f,
    0xff, 0xe, 0xf, 0xfe, 0x35, 0xff, 0xfc, 0x30,
    0xfe, 0xbf, 0xff, 0x84, 0x87, 0xff, 0x21, 0xff,
    0xfe, 0x14, 0x1f, 0x3f, 0xff, 0xc2, 0xf, 0xfe,
    0x67, 0xff, 0xf0, 0x90, 0xf7, 0xff, 0xf0, 0x83,
    0xff, 0x9d, 0xff, 0xfc, 0x20, 0xe7, 0xff, 0xf8,
    0x28, 0x7f, 0xf3, 0x9f, 0xff, 0xe0, 0xa1, 0xbf,
    0xff, 0x83, 0x7, 0xff, 0x42, 0xff, 0xfe, 0x8,
    0x4f, 0xff, 0xf0, 0x43, 0xff, 0xa5, 0xff, 0xfc,
    0x10, 0xaf, 0xff, 0xe0, 0x41, 0xff, 0xd2, 0xbf,
    0xff, 0x81, 0x3, 0xff, 0xf8, 0x21, 0xff, 0xd3,
    0x7f, 0xff, 0x82, 0x3f, 0xff, 0xc1, 0xf, 0xfe,
    0xa7, 0xff, 0xf0, 0x47, 0xff, 0xf8, 0x10, 0x7f,
    0xf5, 0x3f, 0xff, 0x82, 0xdf, 0xff, 0xc0, 0x43,
    0xff, 0xa9, 0x7f, 0xff, 0x2, 0xff, 0xfe, 0xa,
    0x1f, 0xfd, 0x47, 0xff, 0xf8, 0x17, 0xff, 0xf0,
    0x50, 0xff, 0xea, 0x3f, 0xff, 0xc0, 0xbf, 0xff,
    0x82, 0x1f, 0xfd, 0x57, 0xff, 0xf9, 0xc8, 0x7f,
    0xf5, 0x1f, 0xff, 0xe7, 0x21, 0xff, 0xd4, 0xbf,
    0xff, 0x81, 0x7f, 0xff, 0x5, 0xf, 0xfe, 0xa5,
    0xff, 0xfc, 0xb, 0xff, 0xf8, 0x30, 0x7f, 0xf5,
    0x3f, 0xff, 0x83, 0x4f, 0xff, 0xe0, 0x87, 0xff,
    0x53, 0xff, 0xf8, 0x34, 0xff, 0xfe, 0xa, 0x1f,
    0xfd, 0x2b, 0xff, 0xf8, 0x2a, 0xff, 0xfe, 0xc,
    0x1f, 0xfd, 0x2f, 0xff, 0xe1, 0x3, 0xff, 0xf8,
    0x48, 0x7f, 0xf4, 0x2f, 0xff, 0xe1, 0x3, 0xff,
    0xf8, 0x61, 0xff, 0xcf, 0x7f, 0xff, 0x85, 0x1,
    0xff, 0xfe, 0x14, 0x1f, 0xfc, 0xef, 0xff, 0xe1,
    0x86, 0xff, 0xfe, 0x1c, 0x1f, 0xfc, 0xcf, 0xff,
    0xe2, 0x6, 0xbf, 0xff, 0x88, 0x1f, 0xfc, 0x97,
    0xff, 0xf8, 0x88, 0x77, 0xff, 0xf1, 0x60, 0xff,
    0xe3, 0x7f, 0xff, 0x18, 0x3c, 0xff, 0xff, 0x1a,
    0xf, 0xfe, 0xb, 0xff, 0xfc, 0x70, 0xfd, 0xff,
    0xfc, 0x9a, 0x2f, 0xaf, 0xff, 0xe4, 0xc1, 0xfd,
    0xff, 0xfe, 0x58, 0x3f, 0xcf, 0xff, 0xf9, 0x3,
    0xff, 0x80, 0xff, 0xff, 0x88, 0x3f, 0xf8, 0x4f,
    0xff, 0xf8, 0x3, 0xff, 0x8b, 0xff, 0xfd, 0xd8,
    0x3f, 0xf8, 0xf7, 0xff, 0xf6, 0x90, 0xff, 0xe4,
    0xbf, 0xff, 0xd7, 0x83, 0xff, 0x9a, 0xff, 0xff,
    0x4e, 0xf, 0xfe, 0x8b, 0x7f, 0xff, 0x39, 0xf,
    0xfe, 0xb3, 0x7f, 0xff, 0x22, 0xf, 0xfe, 0xea,
    0xaf, 0xfe, 0xa2, 0x83, 0xff, 0x94,

    /* U+0039 "9" */
    0xf, 0xfe, 0x5b, 0x4f, 0xfd, 0x44, 0x3f, 0xfb,
    0xcd, 0xff, 0xfc, 0x69, 0xf, 0xfe, 0xc5, 0xff,
    0xfc, 0xc8, 0x3f, 0xfa, 0x97, 0xff, 0xf4, 0x20,
    0xff, 0xe8, 0x3f, 0xff, 0xd4, 0x83, 0xff, 0x9b,
    0xff, 0xfd, 0x80, 0xff, 0xe5, 0x3f, 0xff, 0xda,
    0x43, 0xff, 0x8e, 0xff, 0xff, 0x71, 0xf, 0xfe,
    0x2b, 0xff, 0xfd, 0xe8, 0x3f, 0xf8, 0x6f, 0xff,
    0xf8, 0x10, 0xff, 0xe1, 0x7f, 0xff, 0x89, 0xf,
    0xfe, 0x7, 0xff, 0xf2, 0x6b, 0xdf, 0xff, 0xc9,
    0xf, 0xfa, 0xff, 0xfe, 0x2c, 0x87, 0xfd, 0x7f,
    0xff, 0x16, 0xf, 0xe7, 0xff, 0xf8, 0x90, 0x7f,
    0xf1, 0x1f, 0xff, 0xe2, 0x21, 0xfb, 0xff, 0xf8,
    0x81, 0xff, 0xc8, 0xbf, 0xff, 0x86, 0x1f, 0x3f,
    0xff, 0xc2, 0x83, 0xff, 0x95, 0x7f, 0xff, 0x9,
    0xf, 0x7f, 0xff, 0xa, 0xf, 0xfe, 0x65, 0xff,
    0xfc, 0x20, 0xe7, 0xff, 0xf8, 0x41, 0xff, 0xce,
    0xff, 0xfe, 0x10, 0x75, 0xff, 0xfc, 0x10, 0xff,
    0xe8, 0x7f, 0xff, 0x6, 0xd, 0xff, 0xfc, 0x18,
    0x3f, 0xfa, 0x17, 0xff, 0xf0, 0x42, 0x7f, 0xff,
    0x82, 0x1f, 0xfd, 0x2f, 0xff, 0xe0, 0x85, 0x7f,
    0xff, 0x4, 0x3f, 0xfa, 0x5f, 0xff, 0xc1, 0x41,
    0xff, 0xfc, 0x18, 0x3f, 0xfa, 0x4f, 0xff, 0xf0,
    0x20, 0x7f, 0xff, 0x5, 0xf, 0xfe, 0x9f, 0xff,
    0xf0, 0x41, 0xff, 0xfc, 0x10, 0xff, 0xea, 0x7f,
    0xff, 0x4, 0x1f, 0xff, 0xc1, 0xf, 0xfe, 0xa7,
    0xff, 0xf0, 0x41, 0xff, 0xfc, 0x10, 0xff, 0xea,
    0x7f, 0xff, 0x4, 0x7f, 0xff, 0x82, 0x1f, 0xfd,
    0x4f, 0xff, 0xe0, 0x8f, 0xff, 0xf0, 0x43, 0xff,
    0xa9, 0xff, 0xfc, 0x15, 0x7f, 0xff, 0x4, 0x3f,
    0xfa, 0x9f, 0xff, 0xc1, 0x57, 0xff, 0xf0, 0x43,
    0xff, 0xa9, 0xff, 0xfc, 0x10, 0x7f, 0xff, 0x4,
    0x3f, 0xfa, 0x9f, 0xff, 0xc1, 0x7, 0xff, 0xf0,
    0x50, 0xff, 0xe9, 0xff, 0xff, 0x4, 0x1f, 0xff,
    0xc1, 0x43, 0xff, 0xa4, 0xff, 0xff, 0x4, 0x1f,
    0xff, 0xc2, 0xf, 0xfe, 0x95, 0xff, 0xfc, 0x10,
    0x5f, 0xff, 0xc1, 0xf, 0xfe, 0x97, 0xff, 0xf0,
    0x60, 0x3f, 0xff, 0xc1, 0x83, 0xff, 0xa1, 0x7f,
    0xff, 0x5, 0xb, 0xff, 0xf8, 0x41, 0xff, 0xd0,
    0xff, 0xfe, 0x10, 0x6f, 0xff, 0xe1, 0x41, 0xff,
    0xce, 0xff, 0xfe, 0x18, 0x67, 0xff, 0xf8, 0x48,
    0x7f, 0xf3, 0x2f, 0xff, 0xe1, 0x41, 0xdf, 0xff,
    0xc3, 0x43, 0xff, 0x95, 0x7f, 0xff, 0xd, 0xe,
    0x7f, 0xff, 0x86, 0x87, 0xff, 0x23, 0xff, 0xf8,
    0xa1, 0xf7, 0xff, 0xf1, 0x20, 0xff, 0xe2, 0xdf,
    0xff, 0xc5, 0x83, 0xe7, 0xff, 0xf8, 0xb2, 0x1f,
    0xf3, 0x7f, 0xff, 0x1c, 0x3f, 0xbf, 0xff, 0x93,
    0x2f, 0x5f, 0xff, 0xcb, 0xf, 0xf7, 0xff, 0xf9,
    0x50, 0xff, 0x3f, 0xff, 0xe4, 0xf, 0xfe, 0x3,
    0xff, 0xfe, 0x24, 0x3f, 0xf8, 0x37, 0xff, 0xf8,
    0x43, 0xff, 0x86, 0xff, 0xff, 0x7e, 0xf, 0xfe,
    0x23, 0xff, 0xfd, 0xe0, 0xff, 0xe3, 0xff, 0xff,
    0x72, 0xf, 0xfe, 0x43, 0xff, 0xfd, 0xa0, 0xff,
    0xe5, 0xbf, 0xff, 0xca, 0xa7, 0xff, 0xd0, 0x7f,
    0xf3, 0x5b, 0xff, 0xf8, 0x92, 0xf, 0xff, 0xe0,
    0x7, 0xff, 0x45, 0x57, 0xfd, 0x44, 0x3a, 0xff,
    0xf9, 0xf, 0xff, 0x1f, 0xff, 0xf0, 0x3, 0xff,
    0xc7, 0xff, 0xfc, 0x4, 0x3f, 0xfc, 0x4f, 0xff,
    0xf0, 0x3, 0xff, 0xc7, 0xff, 0xfc, 0x4, 0x3f,
    0xfc, 0x57, 0xff, 0xf0, 0x3, 0xff, 0xc7, 0xff,
    0xfc, 0x0, 0xff, 0xf1, 0xff, 0xff, 0x2, 0xf,
    0xff, 0x13, 0xff, 0xfc, 0x0, 0xff, 0xf1, 0xff,
    0xff, 0x2, 0xf, 0xff, 0x15, 0xff, 0xfc, 0x0,
    0xff, 0xf1, 0xff, 0xff, 0x2, 0xf, 0xff, 0x17,
    0xff, 0xf0, 0x43, 0xff, 0xc4, 0xff, 0xff, 0x1,
    0xf, 0xff, 0x17, 0xff, 0xf0, 0x43, 0xff, 0xc5,
    0x7f, 0xff, 0x1, 0xf, 0xff, 0x17, 0xff, 0xf0,
    0x43, 0xff, 0xc5, 0xff, 0xfc, 0x14, 0x3f, 0xfc,
    0x2f, 0xff, 0xf0, 0x20, 0xff, 0xf1, 0x7f, 0xff,
    0x4, 0x3f, 0xfc, 0x57, 0xff, 0xf0, 0x20, 0xff,
    0xf1, 0x7f, 0xff, 0x4, 0x3f, 0xfc, 0x5f, 0xff,
    0xc1, 0x83, 0xff, 0xc2, 0xff, 0xff, 0x4, 0x3f,
    0xfc, 0x5f, 0xff, 0xc1, 0x83, 0xff, 0xc3, 0x7f,
    0xff, 0x4, 0x3f, 0xfc, 0x5f, 0xff, 0xc1, 0x43,
    0xff, 0xc3, 0x7f, 0xff, 0x4, 0x3f, 0xfc, 0x2f,
    0xff, 0xf0, 0x50, 0xff, 0xf0, 0xff, 0xff, 0x8,
    0x3f, 0xfc, 0x37, 0xff, 0xf0, 0x50, 0xff, 0xf0,
    0xff, 0xff, 0x6, 0xf, 0xff, 0xd, 0xff, 0xfc,
    0x10, 0xff, 0xf0, 0xbf, 0xff, 0xc1, 0x83, 0xff,
    0xc3, 0xff, 0xfc, 0x20, 0xff, 0xe8, 0x0,

    /* U+003A ":" */
    0xf, 0x37, 0xa4, 0x3f, 0xd7, 0xfe, 0x83, 0xef,
    0xff, 0xe0, 0x7, 0x5f, 0xff, 0xc0, 0x82, 0x7f,
    0xff, 0x84, 0x82, 0xff, 0xfe, 0x18, 0x3f, 0xff,
    0x88, 0xf, 0xff, 0xe2, 0x2b, 0xff, 0xf8, 0x89,
    0xff, 0xfc, 0x44, 0xff, 0xfe, 0x20, 0x3f, 0xff,
    0x88, 0x7, 0xff, 0xf8, 0x48, 0x5f, 0xff, 0xc2,
    0xe, 0xff, 0xfe, 0x0, 0x7d, 0xff, 0xe0, 0xfe,
    0x6f, 0xd2, 0x1f, 0xff, 0xf0, 0xff, 0xff, 0x87,
    0xff, 0xfc, 0x3f, 0xff, 0xe1, 0xff, 0xff, 0xf,
    0xff, 0xf8, 0x7f, 0xff, 0xc3, 0xf3, 0x7a, 0x43,
    0xfd, 0x7f, 0xe8, 0x3e, 0xff, 0xfe, 0x0, 0x75,
    0xff, 0xfc, 0x10, 0x9f, 0xff, 0xe1, 0x20, 0xff,
    0xfe, 0x20, 0x3f, 0xff, 0x88, 0xf, 0xff, 0xe2,
    0x2b, 0xff, 0xf8, 0x89, 0xff, 0xfc, 0x44, 0xff,
    0xfe, 0x20, 0x3f, 0xff, 0x88, 0x7, 0xff, 0xf8,
    0x48, 0x5f, 0xff, 0xc1, 0x83, 0xbf, 0xff, 0x80,
    0x1f, 0x5f, 0xfa, 0xf, 0xf5, 0xfa, 0x43, 0x80,

    /* U+003B ";" */
    0xf, 0x37, 0xa4, 0x3f, 0xd7, 0xfe, 0x83, 0xef,
    0xff, 0xe0, 0x7, 0x7f, 0xff, 0x6, 0x9, 0xff,
    0xfe, 0x12, 0xf, 0xff, 0xe2, 0x3, 0xff, 0xf8,
    0x83, 0xff, 0xfc, 0x45, 0x7f, 0xff, 0x11, 0x5f,
    0xff, 0xc4, 0x4f, 0xff, 0xe2, 0x3, 0xff, 0xf8,
    0x80, 0xbf, 0xff, 0x84, 0x85, 0xff, 0xfc, 0x20,
    0xef, 0xff, 0xe0, 0x7, 0xdf, 0xfd, 0x7, 0xf3,
    0x7e, 0x83, 0xff, 0xfe, 0x1f, 0xff, 0xf0, 0xff,
    0xff, 0x87, 0xff, 0xfc, 0x3f, 0xff, 0xe1, 0xff,
    0xff, 0xf, 0xff, 0xf8, 0x7f, 0xc8, 0x7f, 0xf0,
    0x5f, 0xf9, 0xf, 0xd7, 0xff, 0x83, 0xd7, 0xff,
    0xf0, 0x3, 0x3f, 0xff, 0xc1, 0x82, 0xff, 0xfe,
    0x18, 0x5f, 0xff, 0xc3, 0x47, 0xff, 0xf8, 0x70,
    0xff, 0xff, 0x10, 0x7f, 0xff, 0x88, 0x3f, 0xff,
    0xc4, 0x7, 0xff, 0xf1, 0x1, 0x7f, 0xff, 0xc,
    0x2f, 0xff, 0xe1, 0x86, 0xff, 0xfe, 0x10, 0x77,
    0xff, 0xf0, 0x43, 0xcd, 0xff, 0xd0, 0x7f, 0xbf,
    0xe4, 0x3f, 0x9f, 0xf8, 0x3f, 0xd7, 0xfc, 0x1f,
    0xef, 0xf9, 0xf, 0xe7, 0xfe, 0xf, 0xf7, 0xfd,
    0x7, 0xf5, 0xff, 0x7, 0xf3, 0xff, 0x41, 0xf9,
    0xff, 0xc1, 0xf9, 0xff, 0xc8, 0x7d, 0x7f, 0xe4,
    0x3e, 0xff, 0xe8, 0x3f, 0x3f, 0xf4, 0x1f, 0xeb,
    0xf9, 0xf, 0xfe, 0x5, 0xf2, 0x1f, 0xfc, 0x2a,
    0x7, 0xff, 0x48,

    /* U+003C "<" */
    0xf, 0xff, 0x9a, 0x1f, 0xff, 0x6, 0xf0, 0x7f,
    0xfb, 0x9f, 0xe0, 0xff, 0xf6, 0x3f, 0xf0, 0x7f,
    0xfa, 0xaf, 0xfe, 0xf, 0xff, 0x45, 0xff, 0xf0,
    0x7f, 0xf9, 0xaf, 0xff, 0xe0, 0x87, 0xff, 0x8d,
    0xff, 0xfe, 0x20, 0x7f, 0xf8, 0x5f, 0xff, 0xe3,
    0x7, 0xff, 0x7d, 0xff, 0xfe, 0x40, 0x7f, 0xf7,
    0x6f, 0xff, 0xe5, 0x7, 0xff, 0x6e, 0xff, 0xfe,
    0x60, 0x7f, 0xf6, 0x1b, 0xff, 0xf9, 0xa8, 0x7f,
    0xf5, 0x9f, 0xff, 0xe6, 0xc1, 0xff, 0xd7, 0x7f,
    0xff, 0x9b, 0x7, 0xff, 0x5e, 0xff, 0xfe, 0x6a,
    0x1f, 0xfd, 0x7b, 0xff, 0xf9, 0x90, 0x7f, 0xf5,
    0xdb, 0xff, 0xf9, 0x90, 0x7f, 0xf5, 0xdf, 0xff,
    0xe6, 0xa1, 0xff, 0xd7, 0x7f, 0xff, 0x99, 0x7,
    0xff, 0x62, 0xff, 0xfe, 0x64, 0x1f, 0xfd, 0x8b,
    0xff, 0xf9, 0x88, 0x7f, 0xf6, 0x2f, 0xff, 0xe5,
    0xc1, 0xff, 0xd8, 0x7f, 0xff, 0x99, 0x7, 0xff,
    0x61, 0xff, 0xfe, 0x62, 0x1f, 0xfd, 0x87, 0xff,
    0xf9, 0x72, 0x1f, 0xfd, 0x8b, 0xff, 0xf9, 0x70,
    0x7f, 0xf6, 0x6f, 0xff, 0xe5, 0xa1, 0xff, 0xd8,
    0x6f, 0xff, 0xe5, 0x48, 0x7f, 0xf6, 0x6f, 0xff,
    0xe5, 0x41, 0xff, 0xdc, 0xbf, 0xff, 0x90, 0x87,
    0xff, 0x7a, 0xff, 0xfe, 0x2c, 0x87, 0xff, 0x82,
    0xff, 0xfe, 0x1c, 0x1f, 0xfe, 0x3b, 0xff, 0xf8,
    0x28, 0x7f, 0xf9, 0x6f, 0xff, 0xa0, 0xff, 0xf3,
    0xdf, 0xff, 0xc1, 0x83, 0xff, 0xcb, 0x7f, 0xff,
    0xe, 0xf, 0xff, 0x1d, 0xff, 0xfc, 0x64, 0x3f,
    0xfc, 0x17, 0xff, 0xf2, 0x20, 0xff, 0xef, 0x5f,
    0xff, 0xca, 0x83, 0xff, 0xbd, 0x7f, 0xff, 0x2d,
    0xf, 0xfe, 0xed, 0xff, 0xfc, 0xb4, 0x3f, 0xfb,
    0xaf, 0xff, 0xf2, 0xe0, 0xff, 0xee, 0xbf, 0xff,
    0xcc, 0x43, 0xff, 0xb8, 0xdf, 0xff, 0xcb, 0x43,
    0xff, 0xbb, 0x7f, 0xff, 0x2e, 0xf, 0xfe, 0xed,
    0xff, 0xfc, 0xb9, 0xf, 0xfe, 0xe3, 0xff, 0xfc,
    0xc4, 0x3f, 0xfb, 0x8f, 0xff, 0xf3, 0x20, 0xff,
    0xee, 0x3f, 0xff, 0xcc, 0x90, 0xff, 0xee, 0x5f,
    0xff, 0xcc, 0x43, 0xff, 0xb9, 0x7f, 0xff, 0x32,
    0xf, 0xfe, 0xe5, 0xff, 0xfc, 0xc8, 0x3f, 0xfb,
    0x8f, 0xff, 0xf3, 0x50, 0xff, 0xed, 0xbf, 0xff,
    0xcd, 0x83, 0xff, 0xb6, 0xdf, 0xff, 0xcc, 0x83,
    0xff, 0xb9, 0x7f, 0xff, 0x35, 0xf, 0xfe, 0xdd,
    0xff, 0xfc, 0xc0, 0xff, 0xee, 0xbf, 0xff, 0xca,
    0xf, 0xfe, 0xfb, 0xff, 0xfc, 0x80, 0xff, 0xf0,
    0xb7, 0xff, 0xf1, 0x43, 0xff, 0xc9, 0x7f, 0xff,
    0xc, 0x3f, 0xfc, 0xd7, 0xff, 0xf0, 0x43, 0xff,
    0xd0, 0xff, 0xfc, 0x1f, 0xfe, 0xa7, 0xff, 0x83,
    0xff, 0xd8, 0xff, 0xc1, 0xff, 0xef, 0xbf, 0x7,
    0xff, 0xc6, 0xf0, 0x7f, 0xfc, 0xd0,

    /* U+003D "=" */
    0x17, 0xff, 0xe6, 0x3f, 0xff, 0xf3, 0x1f, 0xff,
    0xf9, 0x8f, 0xff, 0xfc, 0xc7, 0xff, 0xfe, 0x63,
    0xff, 0xff, 0x31, 0xff, 0xff, 0x98, 0xff, 0xff,
    0xcc, 0x7f, 0xff, 0xe6, 0x3f, 0xff, 0xf3, 0x1f,
    0xff, 0xf9, 0x87, 0xff, 0xfc, 0x3f, 0xff, 0xe1,
    0xff, 0xff, 0xf, 0xff, 0xf8, 0x7f, 0xff, 0xc3,
    0xff, 0xfe, 0x1f, 0xff, 0xf0, 0xff, 0xff, 0x87,
    0xff, 0xa1, 0x7f, 0xfe, 0x63, 0xff, 0xff, 0x31,
    0xff, 0xff, 0x98, 0xff, 0xff, 0xcc, 0x7f, 0xff,
    0xe6, 0x3f, 0xff, 0xf3, 0x1f, 0xff, 0xf9, 0x8f,
    0xff, 0xfc, 0xc7, 0xff, 0xfe, 0x63, 0xff, 0xff,
    0x31, 0xff, 0xff, 0x98,

    /* U+003E ">" */
    0x10, 0xff, 0xfa, 0x7a, 0xf, 0xff, 0x97, 0xe8,
    0x3f, 0xfe, 0x1f, 0xe9, 0xf, 0xff, 0x6f, 0xff,
    0x21, 0xff, 0xeb, 0xff, 0xf9, 0xf, 0xff, 0x4f,
    0xff, 0xf0, 0x60, 0xff, 0xf3, 0xff, 0xff, 0xe,
    0xf, 0xff, 0x2f, 0xff, 0xf1, 0x60, 0xff, 0xf1,
    0xff, 0xff, 0x21, 0xf, 0xff, 0x7, 0xff, 0xf2,
    0x90, 0xff, 0xef, 0x7f, 0xff, 0x31, 0xf, 0xfe,
    0xe5, 0xff, 0xfc, 0xd8, 0x3f, 0xfb, 0x8f, 0xff,
    0xf3, 0x60, 0xff, 0xee, 0xdf, 0xff, 0xcd, 0x43,
    0xff, 0xb9, 0x7f, 0xff, 0x35, 0xf, 0xfe, 0xe3,
    0xff, 0xfc, 0xd4, 0x3f, 0xfb, 0xb7, 0xff, 0xf3,
    0x20, 0xff, 0xee, 0xdf, 0xff, 0xcc, 0x83, 0xff,
    0xba, 0xff, 0xff, 0x32, 0x43, 0xff, 0xb8, 0xdf,
    0xff, 0xcc, 0x43, 0xff, 0xbb, 0x7f, 0xff, 0x31,
    0xf, 0xfe, 0xeb, 0xff, 0xfc, 0xc8, 0x3f, 0xfb,
    0xad, 0xff, 0xfc, 0xb8, 0x3f, 0xfb, 0xd7, 0xff,
    0xf2, 0xe0, 0xff, 0xef, 0x3f, 0xff, 0xcc, 0x43,
    0xff, 0xba, 0xdf, 0xff, 0xcb, 0x43, 0xff, 0xbd,
    0x7f, 0xff, 0x2d, 0xf, 0xfe, 0xf3, 0xff, 0xfc,
    0xb8, 0x3f, 0xfb, 0xcd, 0xff, 0xfc, 0xa4, 0x3f,
    0xfb, 0xf7, 0xff, 0xf2, 0x10, 0xff, 0xf0, 0xbf,
    0xff, 0xc6, 0x43, 0xff, 0xc6, 0xdf, 0xff, 0xc3,
    0x43, 0xff, 0xcd, 0x7f, 0xff, 0x5, 0xf, 0xff,
    0x47, 0xff, 0xf0, 0x10, 0xff, 0xf2, 0xb7, 0xff,
    0xf0, 0x50, 0xff, 0xf1, 0xbf, 0xff, 0xc4, 0x43,
    0xff, 0xc3, 0x7f, 0xff, 0x19, 0xf, 0xfe, 0xfd,
    0xff, 0xfc, 0x84, 0x3f, 0xfb, 0x8f, 0xff, 0xf2,
    0xc3, 0xff, 0xb7, 0x7f, 0xff, 0x2d, 0xf, 0xfe,
    0xd5, 0xff, 0xfc, 0xb4, 0x3f, 0xfb, 0x2f, 0xff,
    0xf2, 0xe4, 0x3f, 0xfb, 0x2f, 0xff, 0xf2, 0xe0,
    0xff, 0xed, 0x5f, 0xff, 0xcb, 0x83, 0xff, 0xb2,
    0xff, 0xff, 0x31, 0xf, 0xfe, 0xcb, 0xff, 0xfc,
    0xc4, 0x3f, 0xfb, 0x37, 0xff, 0xf3, 0x10, 0xff,
    0xec, 0x37, 0xff, 0xf2, 0xe0, 0xff, 0xec, 0xbf,
    0xff, 0xcc, 0x83, 0xff, 0xb3, 0x7f, 0xff, 0x32,
    0xf, 0xfe, 0xc3, 0x7f, 0xff, 0x31, 0xf, 0xfe,
    0xc3, 0xff, 0xfc, 0xd4, 0x3f, 0xfb, 0x17, 0xff,
    0xf3, 0x24, 0x3f, 0xfb, 0x17, 0xff, 0xf3, 0x20,
    0xff, 0xec, 0x3f, 0xff, 0xcd, 0x83, 0xff, 0xb1,
    0x7f, 0xff, 0x35, 0xf, 0xfe, 0xd7, 0xff, 0xf3,
    0x10, 0xff, 0xee, 0x7f, 0xff, 0x26, 0x43, 0xff,
    0xbd, 0xff, 0xfc, 0x78, 0x3f, 0xfc, 0x3f, 0xff,
    0xc5, 0x83, 0xff, 0xc7, 0xff, 0xfc, 0x34, 0x3f,
    0xfc, 0xbf, 0xff, 0xc1, 0x43, 0xff, 0xcf, 0xff,
    0xf2, 0x1f, 0xfe, 0x9f, 0xfd, 0x7, 0xff, 0xb3,
    0xfd, 0x7, 0xff, 0xbb, 0xf4, 0x1f, 0xff, 0xf,
    0x21, 0xff, 0xf2, 0x43, 0xff, 0xe6,

    /* U+003F "?" */
    0xf, 0xfe, 0x52, 0xaf, 0xfe, 0x94, 0x1f, 0xfd,
    0x86, 0xff, 0xfe, 0x2c, 0x87, 0xff, 0x4e, 0xff,
    0xfe, 0x5c, 0x1f, 0xfc, 0xfb, 0xff, 0xf9, 0xe8,
    0x7f, 0xf2, 0xef, 0xff, 0xe9, 0x87, 0xff, 0x21,
    0xff, 0xfe, 0xb2, 0x1f, 0xfc, 0x5b, 0xff, 0xfb,
    0x8, 0x7f, 0xf0, 0xff, 0xff, 0xb6, 0x87, 0xff,
    0x7, 0xff, 0xfb, 0xa1, 0xff, 0xc0, 0xff, 0xfe,
    0xf8, 0x7f, 0xbf, 0xff, 0xc1, 0x7, 0xeb, 0xff,
    0xf9, 0x15, 0xef, 0xff, 0xe3, 0x87, 0xcf, 0xff,
    0xf1, 0x90, 0xff, 0x5f, 0xff, 0xc4, 0x83, 0xdf,
    0xff, 0xc5, 0x43, 0xff, 0x85, 0xff, 0xfc, 0x40,
    0xef, 0xff, 0xe2, 0x41, 0xff, 0xc5, 0xff, 0xfe,
    0x1c, 0x13, 0xff, 0xfc, 0x34, 0x3f, 0xf8, 0xff,
    0xff, 0xc3, 0xb, 0xff, 0xf8, 0x68, 0x7f, 0xf2,
    0x1f, 0xff, 0xe1, 0x1, 0xff, 0xfe, 0x14, 0x1f,
    0xfc, 0xaf, 0xff, 0xe1, 0x25, 0xff, 0xfc, 0x18,
    0x3f, 0xf9, 0x6f, 0xff, 0xf0, 0x63, 0xff, 0xf8,
    0x41, 0xff, 0xcd, 0xff, 0xfe, 0xc, 0x5f, 0xff,
    0xc0, 0x43, 0xff, 0x9b, 0xff, 0xfc, 0x20, 0xd7,
    0xfe, 0x83, 0xff, 0x9d, 0xff, 0xfc, 0x20, 0xf3,
    0x7f, 0x7, 0xff, 0x3e, 0xff, 0xfe, 0x8, 0x7f,
    0x37, 0x83, 0xff, 0x9f, 0x7f, 0xff, 0x4, 0x3f,
    0xfb, 0x9f, 0xff, 0xc1, 0x83, 0xff, 0xb9, 0xff,
    0xfc, 0x18, 0x3f, 0xfb, 0x9f, 0xff, 0xc1, 0x43,
    0xff, 0xb6, 0xff, 0xff, 0x4, 0x3f, 0xfb, 0x9f,
    0xff, 0xc2, 0xf, 0xfe, 0xe7, 0xff, 0xf0, 0x60,
    0xff, 0xed, 0xdf, 0xff, 0xc1, 0x43, 0xff, 0xb4,
    0xff, 0xff, 0x8, 0x3f, 0xfb, 0x7f, 0xff, 0xc2,
    0x43, 0xff, 0xb5, 0xff, 0xfc, 0x30, 0xff, 0xed,
    0x5f, 0xff, 0xc2, 0xf, 0xfe, 0xd5, 0xff, 0xfc,
    0x28, 0x3f, 0xfb, 0x37, 0xff, 0xf0, 0xc3, 0xff,
    0xb2, 0xff, 0xff, 0xc, 0x3f, 0xfb, 0x2f, 0xff,
    0xf0, 0xc3, 0xff, 0xb2, 0xff, 0xff, 0xd, 0xf,
    0xfe, 0xc3, 0xff, 0xfc, 0x34, 0x3f, 0xfb, 0xf,
    0xff, 0xf0, 0xd0, 0xff, 0xec, 0x3f, 0xff, 0xc3,
    0x43, 0xff, 0xb3, 0xff, 0xfc, 0x34, 0x3f, 0xfb,
    0x3f, 0xff, 0xc3, 0x43, 0xff, 0xb3, 0xff, 0xfc,
    0x34, 0x3f, 0xfb, 0x37, 0xff, 0xf0, 0x83, 0xff,
    0xb7, 0xff, 0xfc, 0x20, 0xff, 0xed, 0xdf, 0xff,
    0xc1, 0x43, 0xff, 0xb7, 0xff, 0xfc, 0x14, 0x3f,
    0xfb, 0x6f, 0xff, 0xf0, 0x20, 0xff, 0xee, 0x5f,
    0xff, 0xc0, 0xf, 0xfe, 0xef, 0xff, 0xf0, 0x10,
    0xff, 0xee, 0xff, 0xff, 0x0, 0x3f, 0xfb, 0xdf,
    0xff, 0xc0, 0xf, 0xfe, 0xf7, 0xff, 0xd0, 0x7f,
    0xf7, 0xbf, 0xfe, 0x83, 0xff, 0xbd, 0xff, 0xf4,
    0x1f, 0xfd, 0xef, 0xff, 0xa0, 0xff, 0xef, 0x7f,
    0xfd, 0x7, 0xff, 0x7b, 0xff, 0xe8, 0x3f, 0xfb,
    0xdf, 0xff, 0x41, 0xff, 0xde, 0xff, 0xfa, 0xf,
    0xfe, 0xf7, 0xff, 0xd0, 0x7f, 0xf7, 0x97, 0xfe,
    0xf, 0xff, 0xf8, 0x7f, 0xff, 0xc3, 0xff, 0xfe,
    0x1f, 0xff, 0xf0, 0xff, 0xff, 0x87, 0xff, 0xfc,
    0x3f, 0xff, 0xe1, 0xeb, 0xfa, 0xf, 0xff, 0xb,
    0xff, 0xd0, 0x7f, 0xf7, 0x9f, 0xff, 0xa0, 0xff,
    0xee, 0x3f, 0xff, 0xc1, 0x83, 0xff, 0xb7, 0xff,
    0xfc, 0x30, 0xff, 0xed, 0xff, 0xff, 0xe, 0xf,
    0xfe, 0xcb, 0xff, 0xfc, 0x40, 0xff, 0xec, 0xdf,
    0xff, 0xc4, 0xf, 0xfe, 0xcd, 0xff, 0xfc, 0x40,
    0xff, 0xec, 0xdf, 0xff, 0xc4, 0xf, 0xfe, 0xcb,
    0xff, 0xfc, 0x40, 0xff, 0xed, 0x7f, 0xff, 0xd,
    0xf, 0xfe, 0xd5, 0xff, 0xfc, 0x20, 0xff, 0xee,
    0x7f, 0xff, 0x5, 0xf, 0xfe, 0xef, 0xff, 0xc8,
    0x7f, 0xf7, 0xef, 0xfc, 0x87, 0xff, 0x8a, 0x9d,
    0x10, 0xff, 0xe5, 0x80,

    /* U+0040 "@" */
    0xf, 0xfe, 0xca, 0xa9, 0xff, 0xf5, 0x10, 0xff,
    0xfc, 0xb7, 0xff, 0xf2, 0xe4, 0x3f, 0xfe, 0x37,
    0xff, 0xf4, 0xd0, 0xff, 0xf5, 0xbf, 0xff, 0xd8,
    0x90, 0xff, 0xf3, 0x3f, 0xff, 0xdd, 0x43, 0xff,
    0xc4, 0xff, 0xff, 0x85, 0xf, 0xfe, 0xf3, 0xff,
    0xfe, 0x48, 0x3f, 0xfb, 0x97, 0xff, 0xf9, 0xe0,
    0xff, 0xec, 0xff, 0xff, 0xac, 0x3f, 0xfa, 0xcf,
    0xff, 0xfb, 0x50, 0xff, 0xe9, 0xdf, 0xff, 0xca,
    0x94, 0x1f, 0xe6, 0x9f, 0xff, 0xc9, 0x83, 0xff,
    0xa3, 0xff, 0xfc, 0x89, 0xf, 0xfe, 0x43, 0x7f,
    0xff, 0x1a, 0xf, 0xfe, 0x7f, 0xff, 0xf1, 0xa0,
    0xff, 0xe7, 0xbf, 0xff, 0xc5, 0x83, 0xff, 0x9b,
    0xff, 0xfc, 0x58, 0x3f, 0xfa, 0x97, 0xff, 0xf0,
    0xe0, 0xff, 0xe5, 0xff, 0xff, 0x12, 0xf, 0xfe,
    0xc7, 0xff, 0xf0, 0xe0, 0xff, 0xe4, 0xdf, 0xff,
    0xc3, 0x43, 0xff, 0xb4, 0xff, 0xff, 0x9, 0xf,
    0xfe, 0x3d, 0xff, 0xfc, 0x28, 0x3f, 0xfb, 0xdf,
    0xff, 0xc2, 0xf, 0xfe, 0x33, 0xff, 0xfc, 0x24,
    0x3f, 0xfc, 0x17, 0xff, 0xf0, 0x43, 0xff, 0x8b,
    0xff, 0xfc, 0x24, 0x3f, 0xfc, 0x4f, 0xff, 0xf0,
    0x20, 0xff, 0xe1, 0xdf, 0xff, 0xc1, 0x43, 0xff,
    0x8a, 0xdf, 0xd2, 0x1f, 0xfc, 0xa7, 0xff, 0xf8,
    0x8, 0x7f, 0xf0, 0x5f, 0xff, 0xe0, 0xa1, 0xff,
    0xc3, 0x7f, 0xff, 0x82, 0x87, 0xbf, 0xf9, 0xd,
    0x7f, 0xff, 0x0, 0x3f, 0xf8, 0x3f, 0xff, 0xc1,
    0x43, 0xff, 0x85, 0x7f, 0xff, 0x12, 0xe, 0xff,
    0xe8, 0x3a, 0xff, 0xf9, 0xf, 0xfa, 0xff, 0xfe,
    0x4, 0x1f, 0xfc, 0x17, 0xff, 0xf9, 0x8, 0x5f,
    0xfd, 0x7, 0xbf, 0xff, 0x80, 0x1f, 0xf7, 0xff,
    0xf0, 0x43, 0xff, 0x82, 0xff, 0xff, 0x2a, 0x7,
    0xff, 0x41, 0xf7, 0xff, 0xc8, 0x7f, 0x5f, 0xff,
    0xc0, 0xf, 0xfe, 0xd, 0xff, 0xfc, 0xc8, 0xff,
    0xe8, 0x3e, 0xbf, 0xfe, 0xf, 0xef, 0xff, 0xe0,
    0x41, 0xff, 0xc0, 0xbf, 0xff, 0x9d, 0x7f, 0xf4,
    0x1f, 0xbf, 0xfe, 0x43, 0xeb, 0xff, 0xf8, 0x1,
    0xff, 0xc0, 0xbf, 0xff, 0xb3, 0x7, 0xe7, 0xff,
    0xe0, 0xfb, 0xff, 0xf8, 0x8, 0x7f, 0xcf, 0xff,
    0xf6, 0xa0, 0xfe, 0xff, 0xf8, 0x3c, 0xff, 0xff,
    0x0, 0x3f, 0xf8, 0x1f, 0xff, 0xdb, 0x83, 0xf9,
    0xff, 0xf2, 0x1d, 0x7f, 0xfc, 0x87, 0xfd, 0x7f,
    0xff, 0x6e, 0xf, 0xf7, 0xff, 0xc1, 0xdf, 0xff,
    0xc0, 0xf, 0xf9, 0xff, 0xfe, 0x1c, 0x1c, 0xdf,
    0xff, 0xc5, 0x83, 0xfd, 0x7f, 0xf8, 0x33, 0xff,
    0xf4, 0x1f, 0xf7, 0xff, 0xf0, 0x90, 0xff, 0x7f,
    0xff, 0x12, 0xf, 0xf3, 0xff, 0xe4, 0x2b, 0xff,
    0xe0, 0xff, 0x9f, 0xff, 0xe0, 0xa1, 0xff, 0xc0,
    0xff, 0xfe, 0x1c, 0x1f, 0xf7, 0xff, 0xa0, 0xbf,
    0xff, 0x80, 0x1f, 0xf5, 0xff, 0xfc, 0x4, 0x3f,
    0xf8, 0x5f, 0xff, 0xc2, 0x83, 0xfe, 0xff, 0xf8,
    0x2f, 0xff, 0xa0, 0xff, 0xbf, 0xff, 0x81, 0x7,
    0xff, 0x13, 0xff, 0xf8, 0x30, 0x7f, 0xd7, 0xff,
    0x80, 0xff, 0xfc, 0x87, 0xf9, 0xff, 0xfe, 0x0,
    0x7f, 0xf1, 0x6f, 0xff, 0xe0, 0x41, 0xff, 0x3f,
    0xfe, 0x5, 0xff, 0xf0, 0x7f, 0xdf, 0xff, 0xc0,
    0x83, 0xff, 0x8d, 0xff, 0xfc, 0x8, 0x3f, 0xf8,
    0x1f, 0xfe, 0x4b, 0xff, 0xe0, 0xff, 0xbf, 0xff,
    0x80, 0x1f, 0xfc, 0x7f, 0xff, 0xe0, 0x41, 0xff,
    0xc0, 0xff, 0xf2, 0x7f, 0xfd, 0x7, 0xf9, 0xff,
    0xfe, 0x0, 0x7f, 0xf1, 0xef, 0xff, 0xa0, 0xff,
    0xe0, 0x7f, 0xf9, 0x3f, 0xfe, 0x43, 0xfd, 0x7f,
    0xfc, 0x87, 0xff, 0x1d, 0xff, 0xfa, 0xf, 0xfe,
    0x7, 0xff, 0xa3, 0xff, 0xe4, 0x3f, 0xd7, 0xff,
    0xc1, 0xff, 0xc9, 0xff, 0xfa, 0xf, 0xfe, 0x7,
    0xff, 0xa3, 0xff, 0xe0, 0xff, 0xbf, 0xff, 0x80,
    0x1f, 0xfc, 0x9f, 0xff, 0xa0, 0xff, 0xe0, 0x7f,
    0xfa, 0x7f, 0xfe, 0xf, 0xfb, 0xff, 0xf8, 0x1,
    0xff, 0xc9, 0xff, 0xfa, 0xf, 0xfe, 0x5, 0xff,
    0xd3, 0xff, 0xf0, 0x7f, 0xdf, 0xff, 0x41, 0xff,
    0xc9, 0xbf, 0xfd, 0x7, 0xff, 0x2, 0xff, 0xe9,
    0xff, 0xf8, 0x3f, 0xef, 0xff, 0xa0, 0xff, 0xe4,
    0xdf, 0xfe, 0x83, 0xff, 0x81, 0x7f, 0xf4, 0xff,
    0xfc, 0x1f, 0xf7, 0xff, 0xd0, 0x7f, 0xf2, 0x6f,
    0xff, 0x41, 0xff, 0xc0, 0xff, 0xf4, 0xff, 0xfc,
    0x1f, 0xe7, 0xff, 0xe8, 0x3f, 0xf9, 0x37, 0xff,
    0xa0, 0xff, 0xe0, 0x7f, 0xf9, 0x5f, 0xff, 0x7,
    0xf9, 0xff, 0xfa, 0xf, 0xfe, 0x4d, 0xff, 0xe8,
    0x3f, 0xf8, 0x1f, 0xfe, 0x57, 0xff, 0xc1, 0xfe,
    0x7f, 0xfe, 0x83, 0xff, 0x93, 0x7f, 0xfa, 0xf,
    0xfe, 0x7, 0xff, 0x95, 0xff, 0xf0, 0x7f, 0xdf,
    0xff, 0x41, 0xff, 0xc9, 0xbf, 0xfd, 0x7, 0xff,
    0x3, 0xff, 0xc0, 0xff, 0xf8, 0x3f, 0xef, 0xff,
    0xa0, 0xff, 0xe4, 0xdf, 0xfe, 0x83, 0xff, 0x81,
    0xff, 0xe0, 0x7f, 0xfc, 0x87, 0xfb, 0xff, 0xf8,
    0x1, 0xff, 0xc9, 0xff, 0xfa, 0xf, 0xfe, 0x7,
    0xff, 0x81, 0xff, 0xf2, 0x1f, 0xef, 0xff, 0xe0,
    0x7, 0xff, 0x27, 0xff, 0xe8, 0x3f, 0xe7, 0xff,
    0xc0, 0xff, 0xfa, 0xf, 0xf7, 0xff, 0xf0, 0x3,
    0xff, 0x93, 0xff, 0xf4, 0x1f, 0xf3, 0xff, 0xd0,
    0x2f, 0xff, 0x83, 0xfd, 0x7f, 0xfd, 0x7, 0xff,
    0x1e, 0xff, 0xfa, 0xf, 0xfa, 0xff, 0xe4, 0x17,
    0xff, 0xc1, 0xfe, 0x7f, 0xff, 0x80, 0x1f, 0xfc,
    0x7f, 0xff, 0xe0, 0x41, 0xff, 0x7f, 0xf9, 0x3,
    0xff, 0xf2, 0x1f, 0xef, 0xff, 0xe0, 0x7, 0xff,
    0x1f, 0xff, 0xf8, 0x10, 0x7f, 0xdf, 0xfe, 0xd,
    0xff, 0xf4, 0x1f, 0xef, 0xff, 0xe0, 0x41, 0xff,
    0xc5, 0xbf, 0xff, 0x81, 0x7, 0xf9, 0xff, 0xf0,
    0x6f, 0xff, 0xe0, 0x7, 0xf9, 0xff, 0xfe, 0x0,
    0x7f, 0xf1, 0x1f, 0xff, 0xe1, 0x7, 0xfb, 0xff,
    0xc8, 0x6b, 0xff, 0xe0, 0xff, 0xbf, 0xff, 0x82,
    0x1f, 0xfc, 0x3f, 0xff, 0xe1, 0x87, 0xf3, 0xff,
    0xe0, 0xe7, 0xff, 0xe8, 0x3f, 0xd7, 0xff, 0xf0,
    0x43, 0xff, 0x83, 0xff, 0xfc, 0x44, 0x3f, 0x7f,
    0xfc, 0x1e, 0xff, 0xfe, 0x0, 0x7f, 0xdf, 0xff,
    0xc2, 0xf, 0xfb, 0xff, 0xf8, 0xc1, 0xf5, 0xff,
    0xe4, 0x3d, 0x7f, 0xfc, 0x87, 0xfa, 0xff, 0xfe,
    0x14, 0x87, 0x37, 0xff, 0xf1, 0xe0, 0xeb, 0xff,
    0xe0, 0xf9, 0xff, 0xfe, 0x0, 0x7f, 0xdf, 0xff,
    0xe0, 0x9b, 0xff, 0xf8, 0x8, 0x7e, 0xff, 0xfe,
    0x4, 0x1f, 0xeb, 0xff, 0xfd, 0xc1, 0xfc, 0xff,
    0xff, 0x0, 0x3f, 0xef, 0xff, 0xe9, 0xbf, 0xff,
    0xcd, 0xf, 0xfb, 0xff, 0xf8, 0x10, 0x7f, 0xdf,
    0xff, 0xd1, 0x8f, 0xff, 0xe6, 0x41, 0xff, 0x3f,
    0xff, 0xc0, 0x43, 0xfe, 0xff, 0xfe, 0x80, 0x1f,
    0xff, 0xe5, 0x87, 0xff, 0x7, 0xff, 0xf8, 0x21,
    0xff, 0x3f, 0xff, 0xce, 0xd, 0xff, 0xfc, 0xa0,
    0xff, 0xe1, 0x3f, 0xff, 0xc1, 0xf, 0xfe, 0x7,
    0xff, 0xf3, 0x3, 0xdf, 0xff, 0xc8, 0xf, 0xfe,
    0x27, 0xff, 0xf0, 0x60, 0xff, 0xe0, 0x5f, 0xff,
    0xc8, 0x83, 0xe7, 0xff, 0xf8, 0xc1, 0xff, 0xc6,
    0xff, 0xfe, 0xa, 0x1f, 0xfc, 0x7, 0xff, 0xf8,
    0xb0, 0x7f, 0x9f, 0xff, 0xe1, 0xa1, 0xff, 0xc7,
    0x7f, 0xff, 0x83, 0x7, 0xff, 0x5, 0xbf, 0xff,
    0x81, 0x21, 0xff, 0xc1, 0xbf, 0xfe, 0x43, 0xff,
    0x95, 0xff, 0xfc, 0x28, 0x3f, 0xf8, 0x6d, 0xfe,
    0x90, 0xff, 0xe3, 0x5f, 0xd4, 0x43, 0xff, 0x9b,
    0xff, 0xfc, 0x28, 0x3f, 0xff, 0xe0, 0xff, 0xfe,
    0x1a, 0x1f, 0xff, 0xf7, 0xff, 0xf8, 0x70, 0x7f,
    0xf6, 0xf0, 0xff, 0xeb, 0xbf, 0xff, 0xc4, 0x43,
    0xff, 0xaf, 0x7c, 0x1f, 0xfd, 0x7b, 0xff, 0xf8,
    0xa8, 0x7f, 0xf4, 0xef, 0xe4, 0x3f, 0xfa, 0xef,
    0xff, 0xf1, 0x90, 0xff, 0xe7, 0x3f, 0xfc, 0x1f,
    0xfd, 0x87, 0xff, 0xf8, 0xf2, 0x1f, 0xfc, 0x87,
    0xff, 0xf8, 0x10, 0x7f, 0xf6, 0x1f, 0xff, 0xe5,
    0x51, 0xf, 0xe5, 0x5f, 0xff, 0xc5, 0xf, 0xfe,
    0xd7, 0xff, 0xfa, 0x83, 0xff, 0xb5, 0x7f, 0xff,
    0xa1, 0xf, 0xfe, 0xd3, 0xff, 0xfe, 0x78, 0x3f,
    0xfb, 0x97, 0xff, 0xf9, 0x10, 0xff, 0xef, 0xdf,
    0xff, 0xe0, 0x83, 0xff, 0xc7, 0x7f, 0xff, 0x72,
    0xf, 0xff, 0x3d, 0xff, 0xfd, 0x84, 0x3f, 0xfd,
    0x6d, 0xff, 0xfd, 0x28, 0x3f, 0xfe, 0x4d, 0xff,
    0xfc, 0xa9, 0xf, 0xff, 0xca, 0xa9, 0xff, 0xea,
    0x21, 0xff, 0xd8,

    /* U+0041 "A" */
    0xf, 0xfe, 0xb5, 0xff, 0xfc, 0x14, 0x3f, 0xff,
    0x1f, 0xff, 0xc2, 0x83, 0xff, 0xee, 0xff, 0xff,
    0xc, 0x3f, 0xfe, 0xf7, 0xff, 0xf0, 0xe0, 0xff,
    0xfb, 0x7f, 0xff, 0x14, 0x3f, 0xfe, 0xaf, 0xff,
    0xf1, 0x50, 0xff, 0xfa, 0x7f, 0xff, 0x1a, 0xf,
    0xff, 0x9b, 0xff, 0xfc, 0x70, 0xff, 0xf9, 0xdf,
    0xff, 0xc7, 0x43, 0xff, 0xe5, 0xff, 0xfc, 0x90,
    0xff, 0xf8, 0xbf, 0xff, 0xc9, 0x43, 0xff, 0xe1,
    0xff, 0xfc, 0xa8, 0x3f, 0xfe, 0x1f, 0xff, 0xcb,
    0xf, 0xff, 0x7d, 0xff, 0xf5, 0xff, 0xf2, 0x1f,
    0xfe, 0xef, 0xff, 0xa7, 0xff, 0xf8, 0x1, 0xff,
    0xed, 0x7f, 0xfe, 0x7, 0xff, 0xf0, 0x3, 0xff,
    0xdb, 0xff, 0xfc, 0x0, 0x3f, 0xff, 0x41, 0xff,
    0xec, 0xff, 0xf9, 0xb, 0xff, 0xf8, 0x1, 0xff,
    0xeb, 0xbf, 0xfe, 0xd, 0x7f, 0xfc, 0x87, 0xff,
    0xab, 0xff, 0xe8, 0x33, 0xff, 0xfc, 0x0, 0xff,
    0xf4, 0xbf, 0xff, 0x21, 0xdf, 0xff, 0xc0, 0xf,
    0xff, 0x4f, 0xff, 0xf0, 0x3, 0xd7, 0xff, 0xd0,
    0x7f, 0xfa, 0x3f, 0xfe, 0x83, 0xef, 0xff, 0xe0,
    0x7, 0xff, 0x9e, 0xff, 0xf8, 0x3f, 0x7f, 0xff,
    0x1, 0xf, 0xff, 0x37, 0xff, 0xf0, 0x3, 0xf3,
    0xff, 0xfc, 0x0, 0xff, 0xf2, 0xbf, 0xff, 0x21,
    0xfd, 0xff, 0xfc, 0x0, 0xff, 0xf2, 0xff, 0xff,
    0x0, 0x3f, 0xd7, 0xff, 0xd0, 0x7f, 0xf9, 0x3f,
    0xfe, 0x83, 0xfc, 0xff, 0xff, 0x0, 0x3f, 0xfc,
    0x77, 0xff, 0xc8, 0x7f, 0xdf, 0xff, 0xc0, 0x43,
    0xff, 0xc5, 0xff, 0xfc, 0x0, 0xff, 0xe0, 0x5f,
    0xff, 0x41, 0xff, 0xe1, 0x7f, 0xfe, 0x83, 0xff,
    0x83, 0xff, 0xfc, 0x0, 0xff, 0xf0, 0xdf, 0xff,
    0x7, 0xff, 0xb, 0xff, 0xf8, 0x10, 0x7f, 0xf8,
    0x3f, 0xfe, 0x83, 0xff, 0x84, 0xff, 0xff, 0x0,
    0x3f, 0xfb, 0xf7, 0xff, 0xc8, 0x7f, 0xf0, 0xff,
    0xff, 0x80, 0x87, 0xff, 0x7b, 0xff, 0xf8, 0x1,
    0xff, 0xc4, 0xbf, 0xfe, 0x83, 0xff, 0xba, 0xff,
    0xfd, 0x7, 0xff, 0x11, 0xff, 0xfe, 0x0, 0x7f,
    0xf7, 0x6f, 0xff, 0x83, 0xff, 0x8d, 0xff, 0xfc,
    0x8, 0x3f, 0xfb, 0x9f, 0xff, 0xc0, 0xf, 0xfe,
    0x35, 0xff, 0xfc, 0x0, 0xff, 0xed, 0xbf, 0xff,
    0x21, 0xff, 0xc7, 0xff, 0xfe, 0x2, 0x1f, 0xfd,
    0xaf, 0xff, 0xe0, 0x7, 0xff, 0x23, 0xff, 0xf8,
    0x10, 0x7f, 0xf6, 0x5f, 0xff, 0xa0, 0xff, 0xe4,
    0x3f, 0xff, 0xc0, 0xf, 0xfe, 0xcd, 0xff, 0xf2,
    0x1f, 0xfc, 0x9f, 0xff, 0xe0, 0x21, 0xff, 0xd8,
    0xff, 0xfe, 0x0, 0x7f, 0xf2, 0xaf, 0xff, 0xe0,
    0x7, 0xff, 0x5d, 0xff, 0xfa, 0xf, 0xfe, 0x53,
    0xff, 0xfc, 0x4, 0x3f, 0xfa, 0xdf, 0xff, 0xc0,
    0xf, 0xfe, 0x67, 0xff, 0xf0, 0x20, 0xff, 0xeb,
    0x7f, 0xff, 0x0, 0x3f, 0xf9, 0x8f, 0xff, 0xf0,
    0x3, 0xff, 0xab, 0x7f, 0xfc, 0x87, 0xff, 0x37,
    0xff, 0xf8, 0x8, 0x7f, 0xf5, 0x3f, 0xff, 0x80,
    0x1f, 0xfc, 0xeb, 0xff, 0xf8, 0x1, 0xff, 0xd3,
    0x7f, 0xfe, 0x83, 0xff, 0x9c, 0xff, 0xff, 0x0,
    0x3f, 0xfa, 0x7f, 0xff, 0xc0, 0x43, 0xff, 0x9f,
    0xff, 0xfc, 0x8, 0x3f, 0xfa, 0x5f, 0xff, 0xc0,
    0xf, 0xfe, 0x85, 0xff, 0xfc, 0x0, 0xff, 0xe8,
    0xdf, 0xff, 0x41, 0xff, 0xd1, 0xff, 0xfe, 0x2,
    0x1f, 0xfd, 0xf, 0xff, 0xe0, 0x57, 0xff, 0x4b,
    0xff, 0xf8, 0x21, 0xff, 0xcf, 0x7f, 0xff, 0xd6,
    0x1f, 0xfc, 0xff, 0xff, 0xf6, 0x41, 0xff, 0xce,
    0xff, 0xff, 0x68, 0x7f, 0xf3, 0x6f, 0xff, 0xf6,
    0xa1, 0xff, 0xcc, 0xff, 0xff, 0x78, 0x7f, 0xf2,
    0xdf, 0xff, 0xf7, 0x87, 0xff, 0x2f, 0xff, 0xfe,
    0x10, 0x7f, 0xf2, 0xbf, 0xff, 0xe2, 0x1f, 0xfc,
    0x9b, 0xff, 0xfe, 0x28, 0x7f, 0xf2, 0x3f, 0xff,
    0xe5, 0x7, 0xff, 0x1d, 0xff, 0xff, 0x98, 0x7f,
    0xf1, 0xef, 0xff, 0xe0, 0x7, 0xff, 0x69, 0xff,
    0xfe, 0x4, 0x1f, 0xfc, 0x6f, 0xff, 0xe0, 0x21,
    0xff, 0xdb, 0xff, 0xfe, 0x8, 0x7f, 0xf1, 0x6f,
    0xff, 0xe0, 0x7, 0xff, 0x72, 0xff, 0xfe, 0x2,
    0x1f, 0xfc, 0x4f, 0xff, 0xe0, 0x41, 0xff, 0xdd,
    0xff, 0xfe, 0x4, 0x1f, 0xfc, 0x37, 0xff, 0xf8,
    0x8, 0x7f, 0xf7, 0x7f, 0xff, 0x82, 0x1f, 0xfc,
    0x3b, 0xff, 0xf8, 0x1, 0xff, 0xde, 0x7f, 0xff,
    0x81, 0x7, 0xff, 0xb, 0xff, 0xf8, 0x10, 0x7f,
    0xf7, 0xff, 0xff, 0x82, 0x1f, 0xfc, 0x17, 0xff,
    0xf8, 0x1, 0xff, 0xe0, 0xbf, 0xff, 0x80, 0x87,
    0xff, 0x3, 0xff, 0xf8, 0x21, 0xff, 0xe0, 0x7f,
    0xff, 0x81, 0x7, 0xfc, 0xff, 0xff, 0x1, 0xf,
    0xff, 0xf, 0xff, 0xf0, 0x43, 0xfe, 0xbf, 0xff,
    0x80, 0x1f, 0xfe, 0x2b, 0xff, 0xf8, 0x8, 0x7f,
    0xbf, 0xff, 0x81, 0x7, 0xff, 0x8f, 0xff, 0xf8,
    0x21, 0xfc, 0xff, 0xff, 0x1, 0xf, 0xff, 0x1f,
    0xff, 0xf0, 0x50, 0xfd, 0xff, 0xfc, 0x10, 0xff,
    0xf2, 0x3f, 0xff, 0xc0, 0x83, 0xe7, 0xff, 0xf8,
    0x10, 0x7f, 0xf9, 0x7f, 0xff, 0x82, 0x1f, 0x5f,
    0xff, 0xc0, 0xf, 0xff, 0x35, 0xff, 0xfc, 0x4,
    0x3d, 0xff, 0xfc, 0x10, 0xff, 0xf3, 0x3f, 0xff,
    0xc1, 0xe, 0x7f, 0xff, 0x80, 0x87, 0xff, 0x9f,
    0xff, 0xf8, 0x21, 0xdf, 0xff, 0xc1, 0xf, 0xff,
    0x43, 0xff, 0xfc, 0x8, 0x37, 0xff, 0xf0, 0x20,
    0xff, 0xf4, 0xff, 0xff, 0x4, 0x2b, 0xff, 0xf8,
    0x8, 0x7f, 0xfa, 0x6f, 0xff, 0xe0, 0x20, 0xff,
    0xfe, 0x8, 0x7f, 0xfa, 0x9f, 0xff, 0xe0, 0x8f,
    0xff, 0xf0, 0x20, 0xff, 0xf5, 0xff, 0xff, 0x4,
    0xff, 0xfe, 0x8, 0x7f, 0xfb, 0x2f, 0xff, 0xe0,
    0x40,

    /* U+0042 "B" */
    0x17, 0xff, 0xa4, 0x1f, 0xfd, 0x6f, 0xff, 0xec,
    0xd1, 0xf, 0xfe, 0x6f, 0xff, 0xf7, 0xe0, 0xff,
    0xe4, 0xff, 0xff, 0x8a, 0xf, 0xfe, 0x37, 0xff,
    0xf9, 0x20, 0xff, 0xe2, 0x7f, 0xff, 0x9a, 0xf,
    0xfe, 0x17, 0xff, 0xfa, 0x10, 0xff, 0xe0, 0x7f,
    0xff, 0xa6, 0xf, 0xfb, 0xff, 0xfd, 0x50, 0x7f,
    0xbf, 0xff, 0xd7, 0x7, 0xf7, 0xff, 0xfb, 0x20,
    0xfd, 0xff, 0xfe, 0xd4, 0x3e, 0xff, 0xfe, 0x8,
    0x7f, 0xf2, 0x5a, 0x7f, 0xff, 0x24, 0x3e, 0xff,
    0xfe, 0x8, 0x7f, 0xf3, 0x5b, 0xff, 0xf8, 0xc8,
    0x7b, 0xff, 0xf8, 0x21, 0xff, 0xd0, 0xbf, 0xff,
    0x8a, 0x1e, 0xff, 0xfe, 0x8, 0x7f, 0xf4, 0xbf,
    0xff, 0x88, 0x1e, 0xff, 0xfe, 0x8, 0x7f, 0xf4,
    0xef, 0xff, 0xe1, 0x21, 0xdf, 0xff, 0xc1, 0xf,
    0xfe, 0xa7, 0xff, 0xf0, 0xc3, 0xbf, 0xff, 0x82,
    0x1f, 0xfd, 0x47, 0xff, 0xf8, 0x41, 0xdf, 0xff,
    0xc1, 0xf, 0xfe, 0xaf, 0xff, 0xf0, 0x83, 0xbf,
    0xff, 0x82, 0x1f, 0xfd, 0x5b, 0xff, 0xf8, 0x21,
    0xdf, 0xff, 0xc1, 0xf, 0xfe, 0xab, 0xff, 0xfc,
    0x14, 0x37, 0xff, 0xf0, 0x43, 0xff, 0xad, 0xff,
    0xfc, 0x14, 0x37, 0xff, 0xf0, 0x43, 0xff, 0xad,
    0xff, 0xfc, 0x14, 0x37, 0xff, 0xf0, 0x43, 0xff,
    0xad, 0xff, 0xfc, 0x14, 0x37, 0xff, 0xf0, 0x43,
    0xff, 0xad, 0xff, 0xfc, 0x10, 0xef, 0xff, 0xe0,
    0x87, 0xff, 0x5b, 0xff, 0xf8, 0x21, 0xdf, 0xff,
    0xc1, 0xf, 0xfe, 0xb7, 0xff, 0xf0, 0x43, 0xbf,
    0xff, 0x82, 0x1f, 0xfd, 0x57, 0xff, 0xf8, 0x10,
    0x77, 0xff, 0xf0, 0x43, 0xff, 0xab, 0x7f, 0xff,
    0x1, 0xe, 0xff, 0xfe, 0x8, 0x7f, 0xf5, 0x7f,
    0xff, 0x82, 0x1e, 0xff, 0xfe, 0x8, 0x7f, 0xf5,
    0x1f, 0xff, 0xe0, 0x41, 0xef, 0xff, 0xe0, 0x87,
    0xff, 0x53, 0xff, 0xf8, 0x21, 0xf7, 0xff, 0xf0,
    0x43, 0xff, 0xa7, 0xff, 0xfc, 0x18, 0x3e, 0xff,
    0xfe, 0x8, 0x7f, 0xf4, 0xbf, 0xff, 0x84, 0x1f,
    0xbf, 0xff, 0x82, 0x1f, 0xfd, 0xb, 0xff, 0xf8,
    0x48, 0x7e, 0xff, 0xfe, 0x8, 0x7f, 0xf3, 0x5b,
    0xff, 0xf8, 0x68, 0x7f, 0x7f, 0xff, 0x4, 0x3f,
    0xf9, 0xa, 0xbf, 0xff, 0x8d, 0x7, 0xfb, 0xff,
    0xfd, 0x28, 0x7f, 0xdf, 0xff, 0xe8, 0xf, 0xfe,
    0xf, 0xff, 0xf9, 0x90, 0xff, 0xe1, 0x7f, 0xff,
    0x92, 0xf, 0xfe, 0x27, 0xff, 0xf8, 0x90, 0xff,
    0xe3, 0x7f, 0xff, 0x92, 0x43, 0xff, 0x87, 0xff,
    0xfe, 0x78, 0x3f, 0xf8, 0x3f, 0xff, 0xe9, 0x83,
    0xfe, 0xff, 0xff, 0x5a, 0x1f, 0xdf, 0xff, 0xec,
    0x83, 0xf7, 0xff, 0xfb, 0x83, 0xef, 0xff, 0xe0,
    0x87, 0xff, 0x31, 0x57, 0xff, 0xf1, 0xc3, 0xdf,
    0xff, 0xc1, 0xf, 0xfe, 0x8d, 0xff, 0xfc, 0x50,
    0xef, 0xff, 0xe0, 0x87, 0xff, 0x4d, 0xff, 0xfe,
    0x1c, 0x1b, 0xff, 0xf8, 0x21, 0xff, 0xd5, 0xbf,
    0xff, 0x84, 0x85, 0xff, 0xfc, 0x10, 0xff, 0xeb,
    0x5f, 0xff, 0xc2, 0xb, 0xff, 0xf8, 0x21, 0xff,
    0xd7, 0xbf, 0xff, 0x83, 0x3, 0xff, 0xf8, 0x21,
    0xff, 0xd8, 0xbf, 0xff, 0x82, 0xf, 0xff, 0xe0,
    0x87, 0xff, 0x67, 0xff, 0xf8, 0x29, 0xff, 0xfc,
    0x10, 0xff, 0xec, 0xdf, 0xff, 0xc1, 0x3f, 0xff,
    0x82, 0x1f, 0xfd, 0xaf, 0xff, 0xe0, 0x9f, 0xff,
    0xc1, 0xf, 0xfe, 0xd7, 0xff, 0xf0, 0x5f, 0xff,
    0xe0, 0x87, 0xff, 0x6a, 0xff, 0xfe, 0x5, 0xff,
    0xfc, 0x10, 0xff, 0xed, 0x5f, 0xff, 0xc0, 0xbf,
    0xff, 0x82, 0x1f, 0xfd, 0xa7, 0xff, 0xf9, 0xc1,
    0xff, 0xda, 0x7f, 0xff, 0x9c, 0x1f, 0xfd, 0xa7,
    0xff, 0xf9, 0xc1, 0xff, 0xda, 0xbf, 0xff, 0x9c,
    0x1f, 0xfd, 0xab, 0xff, 0xf9, 0xc1, 0xff, 0xda,
    0xff, 0xfe, 0x78, 0x7f, 0xf6, 0xbf, 0xff, 0x83,
    0x7f, 0xff, 0x4, 0x3f, 0xfb, 0x2f, 0xff, 0xf0,
    0x5f, 0xff, 0xe0, 0x87, 0xff, 0x67, 0xff, 0xf8,
    0x4f, 0xff, 0xf0, 0x43, 0xff, 0xb0, 0xff, 0xff,
    0x8, 0xff, 0xfe, 0x8, 0x7f, 0xf6, 0x3f, 0xff,
    0x86, 0x7f, 0xff, 0x4, 0x3f, 0xfa, 0xff, 0xff,
    0xc3, 0x4f, 0xff, 0xe0, 0x87, 0xff, 0x55, 0xff,
    0xfe, 0x20, 0x3f, 0xff, 0x82, 0x1f, 0xfd, 0x37,
    0xff, 0xf8, 0xb0, 0x3f, 0xff, 0x82, 0x1f, 0xfd,
    0x1b, 0xff, 0xf8, 0xe1, 0x7f, 0xff, 0x5, 0x7f,
    0xf9, 0x94, 0xff, 0xfe, 0x52, 0x17, 0xff, 0xfc,
    0x20, 0xdf, 0xff, 0xf0, 0xe, 0xff, 0xff, 0x78,
    0x7b, 0xff, 0xfd, 0xb0, 0x7d, 0xff, 0xfe, 0xc4,
    0x3f, 0x7f, 0xff, 0xac, 0x3f, 0xdf, 0xff, 0xe9,
    0x43, 0xfe, 0xff, 0xff, 0x3a, 0x1f, 0xfc, 0x1f,
    0xff, 0xf2, 0x41, 0xff, 0xc4, 0xff, 0xff, 0x4,
    0x87, 0xff, 0x1f, 0xff, 0xfb, 0x54, 0x50, 0x7f,
    0xf2, 0xc0,

    /* U+0043 "C" */
    0xf, 0xfe, 0xbb, 0x57, 0xfa, 0xa5, 0x7, 0xff,
    0xb5, 0xbf, 0xff, 0x92, 0x87, 0xff, 0x99, 0xbf,
    0xff, 0x9f, 0x21, 0xff, 0xe0, 0xbf, 0xff, 0xab,
    0x7, 0xff, 0x72, 0xff, 0xfe, 0xcc, 0x1f, 0xfd,
    0x8b, 0xff, 0xfb, 0xb0, 0x7f, 0xf5, 0x1f, 0xff,
    0xf0, 0xc1, 0xff, 0xd1, 0xff, 0xff, 0x28, 0x7f,
    0xf3, 0x9f, 0xff, 0xf3, 0xc1, 0xff, 0xcb, 0x7f,
    0xff, 0xd3, 0x7, 0xff, 0x26, 0xff, 0xff, 0x60,
    0x7f, 0xf1, 0xef, 0xff, 0xf7, 0x7, 0xff, 0x16,
    0xff, 0xfe, 0x55, 0x10, 0xfc, 0xab, 0xff, 0xf9,
    0x81, 0xff, 0xc3, 0xbf, 0xff, 0x91, 0x21, 0xff,
    0xc5, 0x6f, 0xff, 0xe4, 0x41, 0xff, 0xc1, 0x7f,
    0xff, 0x8e, 0x87, 0xff, 0x2d, 0xff, 0xfe, 0x30,
    0x7f, 0xf0, 0xbf, 0xff, 0x8d, 0x7, 0xff, 0x3d,
    0xff, 0xfe, 0x18, 0x7f, 0xf0, 0xbf, 0xff, 0x8c,
    0x1f, 0xfd, 0x37, 0xff, 0xf8, 0x1, 0xff, 0xc2,
    0xbf, 0xff, 0x89, 0x7, 0xff, 0x5b, 0xff, 0xc1,
    0xff, 0xc3, 0xff, 0xfe, 0x22, 0x1f, 0xfd, 0x8b,
    0xfe, 0xf, 0xfe, 0x1f, 0xff, 0xf1, 0x10, 0xff,
    0xed, 0x3f, 0xc8, 0x7f, 0xf0, 0x9f, 0xff, 0xe1,
    0xa1, 0xff, 0xdd, 0xf9, 0xf, 0xfe, 0x1f, 0xff,
    0xf0, 0xd0, 0xff, 0xef, 0xe8, 0x7f, 0xf0, 0xdf,
    0xff, 0xe1, 0x41, 0xff, 0xf1, 0xff, 0xfe, 0x18,
    0x7f, 0xfc, 0x5f, 0xff, 0xe1, 0x21, 0xff, 0xf1,
    0xff, 0xfe, 0x18, 0x7f, 0xfc, 0xbf, 0xff, 0x84,
    0x1f, 0xff, 0x2b, 0xff, 0xf8, 0x30, 0x7f, 0xfc,
    0xbf, 0xff, 0x84, 0x87, 0xff, 0xc5, 0xff, 0xfe,
    0x10, 0x7f, 0xfc, 0xaf, 0xff, 0xe0, 0xa1, 0xff,
    0xf2, 0xff, 0xfe, 0x10, 0x7f, 0xfc, 0xff, 0xff,
    0x83, 0x7, 0xff, 0xc9, 0xff, 0xfe, 0xa, 0x1f,
    0xff, 0x27, 0xff, 0xf8, 0x21, 0xff, 0xf3, 0xbf,
    0xff, 0x82, 0x1f, 0xff, 0x3f, 0xff, 0xe0, 0xc1,
    0xff, 0xf3, 0xff, 0xfe, 0xc, 0x1f, 0xff, 0x3f,
    0xff, 0xe0, 0xa1, 0xff, 0xf3, 0xff, 0xfe, 0xa,
    0x1f, 0xff, 0x27, 0xff, 0xf8, 0x21, 0xff, 0xf3,
    0x7f, 0xff, 0x82, 0x1f, 0xff, 0x37, 0xff, 0xf8,
    0x21, 0xff, 0xf3, 0xbf, 0xff, 0x82, 0x1f, 0xff,
    0x3b, 0xff, 0xf8, 0x21, 0xff, 0xf3, 0xbf, 0xff,
    0x82, 0x1f, 0xff, 0x3b, 0xff, 0xf8, 0x21, 0xff,
    0xf3, 0xbf, 0xff, 0x82, 0x1f, 0xff, 0x3b, 0xff,
    0xf8, 0x21, 0xff, 0xf3, 0x7f, 0xff, 0x82, 0x1f,
    0xff, 0x37, 0xff, 0xf8, 0x21, 0xff, 0xf3, 0x7f,
    0xff, 0x82, 0x1f, 0xff, 0x4f, 0xff, 0xe0, 0xa1,
    0xff, 0xf3, 0xff, 0xfe, 0xa, 0x1f, 0xff, 0x3f,
    0xff, 0xe0, 0xc1, 0xff, 0xf3, 0xff, 0xfe, 0x10,
    0x7f, 0xfc, 0xef, 0xff, 0xe0, 0x87, 0xff, 0xcd,
    0xff, 0xfe, 0xa, 0x1f, 0xff, 0x27, 0xff, 0xf8,
    0x30, 0x7f, 0xfc, 0xff, 0xff, 0x84, 0x1f, 0xff,
    0x3f, 0xff, 0xe1, 0x7, 0xff, 0xce, 0xff, 0xfe,
    0xc, 0x1f, 0xff, 0x3f, 0xff, 0xe1, 0x7, 0xff,
    0xcf, 0xff, 0xf8, 0x48, 0x7f, 0xfc, 0xaf, 0xff,
    0xe1, 0x7, 0xff, 0xcf, 0xff, 0xf8, 0x48, 0x7f,
    0xfc, 0xbf, 0xff, 0x86, 0x1f, 0xfe, 0x36, 0xf,
    0xfe, 0xb, 0xff, 0xfc, 0x28, 0x3f, 0xfc, 0x5f,
    0x41, 0xff, 0xc0, 0xff, 0xfe, 0x1a, 0x1f, 0xfe,
    0x7, 0xfa, 0xf, 0xf3, 0xff, 0xfc, 0x30, 0xff,
    0xf0, 0x7f, 0xe8, 0x3f, 0xbf, 0xff, 0x88, 0x1f,
    0xfd, 0xef, 0xff, 0x90, 0xf9, 0xff, 0xfe, 0x1c,
    0x1f, 0xfd, 0xcf, 0xff, 0xe1, 0x7, 0xdf, 0xff,
    0xc4, 0x83, 0xff, 0xb5, 0x7f, 0xff, 0x5, 0xf,
    0xdf, 0xff, 0xc4, 0x83, 0xff, 0xb1, 0xff, 0xfc,
    0x30, 0xfe, 0xbf, 0xff, 0x8a, 0x1f, 0xfd, 0x6f,
    0xff, 0xe1, 0xa1, 0xfe, 0xff, 0xfe, 0x32, 0x1f,
    0xfd, 0x27, 0xff, 0xf8, 0x81, 0xff, 0xc0, 0xff,
    0xfe, 0x34, 0x1f, 0xfd, 0xb, 0xff, 0xf8, 0x81,
    0xff, 0xc1, 0x7f, 0xff, 0x8f, 0x7, 0xff, 0x32,
    0xff, 0xfe, 0x2c, 0x1f, 0xfc, 0x27, 0xff, 0xf9,
    0x12, 0x1f, 0xfc, 0x66, 0xff, 0xfe, 0x34, 0x1f,
    0xfc, 0x4b, 0xff, 0xf9, 0x72, 0x1f, 0xe6, 0xff,
    0xfe, 0x50, 0x7f, 0xf1, 0xaf, 0xff, 0xf6, 0x87,
    0xff, 0x22, 0xff, 0xff, 0x58, 0x7f, 0xf2, 0x9f,
    0xff, 0xf4, 0x87, 0xff, 0x31, 0xff, 0xff, 0x34,
    0x1f, 0xfc, 0xff, 0xff, 0xf2, 0x21, 0xff, 0xd1,
    0x7f, 0xff, 0xc1, 0x7, 0xff, 0x56, 0xff, 0xfe,
    0xea, 0x1f, 0xfd, 0x8b, 0xff, 0xfb, 0x28, 0x7f,
    0xf7, 0x2f, 0xff, 0xea, 0xa1, 0xff, 0xe0, 0x7f,
    0xff, 0xa1, 0x21, 0xff, 0xe5, 0x6f, 0xff, 0xe4,
    0xc8, 0x7f, 0xfb, 0x15, 0x4f, 0xfe, 0xa2, 0x1f,
    0xfc, 0xf0,

    /* U+0044 "D" */
    0xf, 0xff, 0xff, 0xff, 0xf6, 0xe8, 0x87, 0xff,
    0x57, 0xff, 0xfc, 0x12, 0x1f, 0xfd, 0x1f, 0xff,
    0xf2, 0x21, 0xff, 0xce, 0xff, 0xff, 0x34, 0x87,
    0xff, 0x2f, 0xff, 0xfd, 0x28, 0x7f, 0xf2, 0x7f,
    0xff, 0xd6, 0x1f, 0xfc, 0x8f, 0xff, 0xf6, 0x41,
    0xff, 0xc6, 0xff, 0xff, 0x70, 0x7f, 0xf1, 0x7f,
    0xff, 0xde, 0x87, 0xff, 0xf, 0xff, 0xfe, 0x8,
    0x7f, 0xf0, 0xbf, 0xff, 0xe3, 0x7, 0xff, 0x7,
    0xff, 0xf8, 0x21, 0xff, 0xcb, 0x69, 0xff, 0xfc,
    0xb8, 0x3f, 0xf8, 0x1f, 0xff, 0xc1, 0xf, 0xfe,
    0x83, 0xff, 0xfc, 0x98, 0x3f, 0xef, 0xff, 0xe0,
    0x87, 0xff, 0x4e, 0xff, 0xfe, 0x3a, 0x1f, 0xef,
    0xff, 0xe0, 0x87, 0xff, 0x56, 0xff, 0xfe, 0x32,
    0x1f, 0xdf, 0xff, 0xc1, 0xf, 0xfe, 0xbd, 0xff,
    0xfc, 0x50, 0xfe, 0xff, 0xfe, 0x8, 0x7f, 0xf6,
    0x1f, 0xff, 0xe2, 0x87, 0xef, 0xff, 0xe0, 0x87,
    0xff, 0x6b, 0xff, 0xf8, 0x90, 0x7d, 0xff, 0xfc,
    0x10, 0xff, 0xed, 0xff, 0xff, 0x10, 0x3e, 0xff,
    0xfe, 0x8, 0x7f, 0xf7, 0x3f, 0xff, 0x87, 0x7,
    0xbf, 0xff, 0x82, 0x1f, 0xfd, 0xdf, 0xff, 0xe1,
    0xa1, 0xdf, 0xff, 0xc1, 0xf, 0xfe, 0xeb, 0xff,
    0xfc, 0x30, 0xef, 0xff, 0xe0, 0x87, 0xff, 0x7a,
    0xff, 0xfe, 0x12, 0x1b, 0xff, 0xf8, 0x21, 0xff,
    0xdf, 0xff, 0xfe, 0x18, 0x6f, 0xff, 0xe0, 0x87,
    0xff, 0x7d, 0xff, 0xfe, 0x10, 0x6f, 0xff, 0xe0,
    0x87, 0xff, 0x83, 0xff, 0xf8, 0x50, 0x5f, 0xff,
    0xc1, 0xf, 0xff, 0xf, 0xff, 0xf0, 0x82, 0xff,
    0xfe, 0x8, 0x7f, 0xf8, 0x7f, 0xff, 0x84, 0x83,
    0xff, 0xf8, 0x21, 0xff, 0xe1, 0x7f, 0xff, 0x83,
    0x3, 0xff, 0xf8, 0x21, 0xff, 0xe2, 0xff, 0xfe,
    0x10, 0x3f, 0xff, 0x82, 0x1f, 0xfe, 0x2b, 0xff,
    0xf8, 0x20, 0xff, 0xfe, 0x8, 0x7f, 0xf8, 0x9f,
    0xff, 0xe0, 0xa7, 0xff, 0xf0, 0x43, 0xff, 0xc7,
    0xff, 0xfc, 0x18, 0xff, 0xfe, 0x8, 0x7f, 0xf8,
    0xff, 0xff, 0x84, 0x7f, 0xff, 0x4, 0x3f, 0xfc,
    0x77, 0xff, 0xf0, 0x4f, 0xff, 0xe0, 0x87, 0xff,
    0x8d, 0xff, 0xfe, 0x9, 0xff, 0xfc, 0x10, 0xff,
    0xf1, 0xbf, 0xff, 0xc1, 0x7f, 0xff, 0x82, 0x1f,
    0xfe, 0x4f, 0xff, 0xe0, 0xdf, 0xff, 0xc1, 0xf,
    0xff, 0x27, 0xff, 0xf0, 0x6f, 0xff, 0xe0, 0x87,
    0xff, 0x93, 0xff, 0xf8, 0x37, 0xff, 0xf0, 0x43,
    0xff, 0xc9, 0xff, 0xfc, 0xf0, 0xff, 0xf2, 0x7f,
    0xff, 0x3c, 0x3f, 0xfc, 0x9f, 0xff, 0xcf, 0xf,
    0xff, 0x25, 0xff, 0xfc, 0xe0, 0xff, 0xf2, 0x5f,
    0xff, 0xce, 0xf, 0xff, 0x27, 0xff, 0xf3, 0xc3,
    0xff, 0xc9, 0xff, 0xfc, 0xf0, 0xff, 0xf2, 0x7f,
    0xff, 0x6, 0xff, 0xfe, 0x8, 0x7f, 0xf9, 0x3f,
    0xff, 0x83, 0x7f, 0xff, 0x4, 0x3f, 0xfc, 0x9f,
    0xff, 0xc1, 0xbf, 0xff, 0x82, 0x1f, 0xfe, 0x4f,
    0xff, 0xe0, 0xbf, 0xff, 0xc1, 0xf, 0xff, 0x1b,
    0xff, 0xfc, 0x17, 0xff, 0xf8, 0x21, 0xff, 0xe3,
    0xbf, 0xff, 0x82, 0x7f, 0xff, 0x4, 0x3f, 0xfc,
    0x77, 0xff, 0xf0, 0x4f, 0xff, 0xe0, 0x87, 0xff,
    0x8f, 0xff, 0xf8, 0x47, 0xff, 0xf0, 0x43, 0xff,
    0xc7, 0xff, 0xfc, 0x18, 0xff, 0xfe, 0x8, 0x7f,
    0xf8, 0xaf, 0xff, 0xe0, 0xa7, 0xff, 0xf0, 0x43,
    0xff, 0xc5, 0xff, 0xfc, 0x20, 0x7f, 0xff, 0x4,
    0x3f, 0xfc, 0x5f, 0xff, 0xc2, 0x7, 0xff, 0xf0,
    0x43, 0xff, 0xc3, 0x7f, 0xff, 0x6, 0x7, 0xff,
    0xf0, 0x43, 0xff, 0xc3, 0xff, 0xfc, 0x20, 0xbf,
    0xff, 0x82, 0x1f, 0xfe, 0x7, 0xff, 0xf8, 0x41,
    0x7f, 0xff, 0x4, 0x3f, 0xfc, 0x1f, 0xff, 0xc2,
    0x42, 0xff, 0xfe, 0x8, 0x7f, 0xf7, 0xef, 0xff,
    0xe1, 0x6, 0xff, 0xfe, 0x8, 0x7f, 0xf7, 0xff,
    0xff, 0x85, 0x6, 0xff, 0xfe, 0x8, 0x7f, 0xf7,
    0xbf, 0xff, 0x86, 0x1d, 0xff, 0xfc, 0x10, 0xff,
    0xee, 0xdf, 0xff, 0xc2, 0x83, 0xbf, 0xff, 0x82,
    0x1f, 0xfd, 0xc7, 0xff, 0xf8, 0x61, 0xef, 0xff,
    0xe0, 0x87, 0xff, 0x6d, 0xff, 0xfe, 0x1a, 0x1e,
    0xff, 0xfe, 0x8, 0x7f, 0xf6, 0x9f, 0xff, 0xe2,
    0x7, 0xdf, 0xff, 0xc1, 0xf, 0xfe, 0xcd, 0xff,
    0xfc, 0x40, 0xfd, 0xff, 0xfc, 0x10, 0xff, 0xec,
    0x7f, 0xff, 0x15, 0xf, 0xdf, 0xff, 0xc1, 0xf,
    0xfe, 0xb3, 0xff, 0xfc, 0x58, 0x3f, 0xbf, 0xff,
    0x82, 0x1f, 0xfd, 0x47, 0xff, 0xf8, 0xe1, 0xfe,
    0xff, 0xfe, 0x8, 0x7f, 0xf4, 0x9f, 0xff, 0xe4,
    0x7, 0xfd, 0xff, 0xfc, 0x10, 0xff, 0xe7, 0xb7,
    0xff, 0xf2, 0x43, 0xff, 0x81, 0xff, 0xfc, 0x10,
    0xff, 0xe4, 0x2d, 0x4f, 0xff, 0xe6, 0x7, 0xff,
    0x7, 0xff, 0xfe, 0x21, 0xff, 0xc2, 0xff, 0xff,
    0x80, 0x7f, 0xf0, 0xff, 0xff, 0xdd, 0x7, 0xff,
    0x13, 0xff, 0xfd, 0xa8, 0x7f, 0xf1, 0x7f, 0xff,
    0xd7, 0x7, 0xff, 0x1f, 0xff, 0xfd, 0x48, 0x7f,
    0xf2, 0x3f, 0xff, 0xd0, 0x87, 0xff, 0x2b, 0xff,
    0xfc, 0xb2, 0x1f, 0xfc, 0xcf, 0xff, 0xf1, 0xa1,
    0xff, 0xcf, 0xff, 0xfe, 0xfc, 0x87, 0xff, 0x4b,
    0xff, 0xfb, 0x34, 0x50, 0x7f, 0xf5, 0x80,

    /* U+0045 "E" */
    0x17, 0xff, 0xda, 0x17, 0xff, 0xfb, 0x82, 0xff,
    0xff, 0x70, 0x5f, 0xff, 0xee, 0xb, 0xff, 0xfd,
    0xc1, 0x7f, 0xff, 0xb8, 0x2f, 0xff, 0xf7, 0x5,
    0xff, 0xfe, 0xe0, 0xbf, 0xff, 0xdc, 0x17, 0xff,
    0xfb, 0x82, 0xff, 0xff, 0x70, 0x5f, 0xff, 0xee,
    0xb, 0xff, 0xf8, 0x21, 0xff, 0xe4, 0xff, 0xfe,
    0x8, 0x7f, 0xf9, 0x3f, 0xff, 0x82, 0x1f, 0xfe,
    0x4f, 0xff, 0xe0, 0x87, 0xff, 0x93, 0xff, 0xf8,
    0x21, 0xff, 0xe4, 0xff, 0xfe, 0x8, 0x7f, 0xf9,
    0x3f, 0xff, 0x82, 0x1f, 0xfe, 0x4f, 0xff, 0xe0,
    0x87, 0xff, 0x93, 0xff, 0xf8, 0x21, 0xff, 0xe4,
    0xff, 0xfe, 0x8, 0x7f, 0xf9, 0x3f, 0xff, 0x82,
    0x1f, 0xfe, 0x4f, 0xff, 0xe0, 0x87, 0xff, 0x93,
    0xff, 0xf8, 0x21, 0xff, 0xe4, 0xff, 0xfe, 0x8,
    0x7f, 0xf9, 0x3f, 0xff, 0x82, 0x1f, 0xfe, 0x4f,
    0xff, 0xe0, 0x87, 0xff, 0x93, 0xff, 0xf8, 0x21,
    0xff, 0xe4, 0xff, 0xfe, 0x8, 0x7f, 0xf9, 0x3f,
    0xff, 0x82, 0x1f, 0xfe, 0x4f, 0xff, 0xe0, 0x87,
    0xff, 0x93, 0xff, 0xf8, 0x21, 0xff, 0xe4, 0xff,
    0xfe, 0x8, 0x7f, 0xf9, 0x3f, 0xff, 0x82, 0x1f,
    0xfe, 0x4f, 0xff, 0xe0, 0x87, 0xff, 0x93, 0xff,
    0xf8, 0x21, 0xff, 0xe4, 0xff, 0xfe, 0x8, 0x7f,
    0xf9, 0x3f, 0xff, 0xd6, 0x1e, 0xff, 0xff, 0x58,
    0x7b, 0xff, 0xfd, 0x61, 0xef, 0xff, 0xf5, 0x87,
    0xbf, 0xff, 0xd6, 0x1e, 0xff, 0xff, 0x58, 0x7b,
    0xff, 0xfd, 0x61, 0xef, 0xff, 0xf5, 0x87, 0xbf,
    0xff, 0xd6, 0x1e, 0xff, 0xff, 0x58, 0x7b, 0xff,
    0xfd, 0x61, 0xef, 0xff, 0xe0, 0xaf, 0xff, 0x78,
    0x3d, 0xff, 0xfc, 0x10, 0xff, 0xf2, 0x7f, 0xff,
    0x4, 0x3f, 0xfc, 0x9f, 0xff, 0xc1, 0xf, 0xff,
    0x27, 0xff, 0xf0, 0x43, 0xff, 0xc9, 0xff, 0xfc,
    0x10, 0xff, 0xf2, 0x7f, 0xff, 0x4, 0x3f, 0xfc,
    0x9f, 0xff, 0xc1, 0xf, 0xff, 0x27, 0xff, 0xf0,
    0x43, 0xff, 0xc9, 0xff, 0xfc, 0x10, 0xff, 0xf2,
    0x7f, 0xff, 0x4, 0x3f, 0xfc, 0x9f, 0xff, 0xc1,
    0xf, 0xff, 0x27, 0xff, 0xf0, 0x43, 0xff, 0xc9,
    0xff, 0xfc, 0x10, 0xff, 0xf2, 0x7f, 0xff, 0x4,
    0x3f, 0xfc, 0x9f, 0xff, 0xc1, 0xf, 0xff, 0x27,
    0xff, 0xf0, 0x43, 0xff, 0xc9, 0xff, 0xfc, 0x10,
    0xff, 0xf2, 0x7f, 0xff, 0x4, 0x3f, 0xfc, 0x9f,
    0xff, 0xc1, 0xf, 0xff, 0x27, 0xff, 0xf0, 0x43,
    0xff, 0xc9, 0xff, 0xfc, 0x10, 0xff, 0xf2, 0x7f,
    0xff, 0x4, 0x3f, 0xfc, 0x9f, 0xff, 0xc1, 0xf,
    0xff, 0x27, 0xff, 0xf0, 0x43, 0xff, 0xc9, 0xff,
    0xfc, 0x10, 0xff, 0xf2, 0x7f, 0xff, 0x4, 0x3f,
    0xfc, 0x9f, 0xff, 0xc1, 0xf, 0xff, 0x27, 0xff,
    0xf0, 0x57, 0xff, 0xc6, 0x7f, 0xff, 0xc0, 0xff,
    0xff, 0x81, 0xff, 0xff, 0x3, 0xff, 0xfe, 0x7,
    0xff, 0xfc, 0xf, 0xff, 0xf8, 0x1f, 0xff, 0xf0,
    0x3f, 0xff, 0xe0, 0x7f, 0xff, 0xc0, 0xff, 0xff,
    0x81, 0xff, 0xff, 0x0,

    /* U+0046 "F" */
    0xff, 0xff, 0x65, 0xff, 0xfe, 0xcb, 0xff, 0xfd,
    0x97, 0xff, 0xfb, 0x2f, 0xff, 0xf6, 0x5f, 0xff,
    0xec, 0xbf, 0xff, 0xd9, 0x7f, 0xff, 0xb2, 0xff,
    0xff, 0x65, 0xff, 0xfe, 0xcb, 0xff, 0xfd, 0x97,
    0xff, 0xf0, 0x57, 0xff, 0xbe, 0x7f, 0xff, 0x4,
    0x3f, 0xfc, 0x1f, 0xff, 0xc1, 0xf, 0xff, 0x7,
    0xff, 0xf0, 0x43, 0xff, 0xc1, 0xff, 0xfc, 0x10,
    0xff, 0xf0, 0x7f, 0xff, 0x4, 0x3f, 0xfc, 0x1f,
    0xff, 0xc1, 0xf, 0xff, 0x7, 0xff, 0xf0, 0x43,
    0xff, 0xc1, 0xff, 0xfc, 0x10, 0xff, 0xf0, 0x7f,
    0xff, 0x4, 0x3f, 0xfc, 0x1f, 0xff, 0xc1, 0xf,
    0xff, 0x7, 0xff, 0xf0, 0x43, 0xff, 0xc1, 0xff,
    0xfc, 0x10, 0xff, 0xf0, 0x7f, 0xff, 0x4, 0x3f,
    0xfc, 0x1f, 0xff, 0xc1, 0xf, 0xff, 0x7, 0xff,
    0xf0, 0x43, 0xff, 0xc1, 0xff, 0xfc, 0x10, 0xff,
    0xf0, 0x7f, 0xff, 0x4, 0x3f, 0xfc, 0x1f, 0xff,
    0xc1, 0xf, 0xff, 0x7, 0xff, 0xf0, 0x43, 0xff,
    0xc1, 0xff, 0xfc, 0x10, 0xff, 0xf0, 0x7f, 0xff,
    0x4, 0x3f, 0xfc, 0x1f, 0xff, 0xc1, 0xf, 0xff,
    0x7, 0xff, 0xf0, 0x43, 0xff, 0xc1, 0xff, 0xfc,
    0x10, 0xff, 0xf0, 0x7f, 0xff, 0x4, 0x3f, 0xfc,
    0x1f, 0xff, 0xc1, 0xf, 0xff, 0x7, 0xff, 0xf0,
    0x57, 0xff, 0xb6, 0x1d, 0xff, 0xfe, 0x84, 0x37,
    0xff, 0xfa, 0x10, 0xdf, 0xff, 0xe8, 0x43, 0x7f,
    0xff, 0xa1, 0xd, 0xff, 0xfe, 0x84, 0x37, 0xff,
    0xfa, 0x10, 0xdf, 0xff, 0xe8, 0x43, 0x7f, 0xff,
    0xa1, 0xd, 0xff, 0xfe, 0x84, 0x37, 0xff, 0xfa,
    0x10, 0xdf, 0xff, 0xe8, 0x43, 0x7f, 0xff, 0x4,
    0x3f, 0xfc, 0x1f, 0xff, 0xc1, 0xf, 0xff, 0x7,
    0xff, 0xf0, 0x43, 0xff, 0xc1, 0xff, 0xfc, 0x10,
    0xff, 0xf0, 0x7f, 0xff, 0x4, 0x3f, 0xfc, 0x1f,
    0xff, 0xc1, 0xf, 0xff, 0x7, 0xff, 0xf0, 0x43,
    0xff, 0xc1, 0xff, 0xfc, 0x10, 0xff, 0xf0, 0x7f,
    0xff, 0x4, 0x3f, 0xfc, 0x1f, 0xff, 0xc1, 0xf,
    0xff, 0x7, 0xff, 0xf0, 0x43, 0xff, 0xc1, 0xff,
    0xfc, 0x10, 0xff, 0xf0, 0x7f, 0xff, 0x4, 0x3f,
    0xfc, 0x1f, 0xff, 0xc1, 0xf, 0xff, 0x7, 0xff,
    0xf0, 0x43, 0xff, 0xc1, 0xff, 0xfc, 0x10, 0xff,
    0xf0, 0x7f, 0xff, 0x4, 0x3f, 0xfc, 0x1f, 0xff,
    0xc1, 0xf, 0xff, 0x7, 0xff, 0xf0, 0x43, 0xff,
    0xc1, 0xff, 0xfc, 0x10, 0xff, 0xf0, 0x7f, 0xff,
    0x4, 0x3f, 0xfc, 0x1f, 0xff, 0xc1, 0xf, 0xff,
    0x7, 0xff, 0xf0, 0x43, 0xff, 0xc1, 0xff, 0xfc,
    0x10, 0xff, 0xf0, 0x7f, 0xff, 0x4, 0x3f, 0xfc,
    0x1f, 0xff, 0xc1, 0xf, 0xff, 0x7, 0xff, 0xf0,
    0x43, 0xff, 0xc1, 0xff, 0xfc, 0x10, 0xff, 0xf0,
    0x7f, 0xff, 0x4, 0x3f, 0xfc, 0x1f, 0xff, 0xc1,
    0xf, 0xff, 0x7, 0xff, 0xf0, 0x43, 0xff, 0xc1,
    0xff, 0xfc, 0x10, 0xff, 0xf0, 0x7f, 0xff, 0x4,
    0x3f, 0xfc, 0x1f, 0xff, 0xc1, 0xf, 0xff, 0x7,
    0xff, 0xf0, 0x43, 0xff, 0xc1, 0xff, 0xfc, 0x10,
    0xff, 0xf0, 0x7f, 0xff, 0x4, 0x3f, 0xfc, 0x1f,
    0xff, 0xc1, 0xf, 0xff, 0x0,

    /* U+0047 "G" */
    0xf, 0xfe, 0xc3, 0x57, 0xfa, 0xa5, 0x7, 0xff,
    0xb9, 0xbf, 0xff, 0x91, 0x21, 0xff, 0xe7, 0xbf,
    0xff, 0xa1, 0x7, 0xff, 0x85, 0xff, 0xfe, 0xb2,
    0x1f, 0xfd, 0xc7, 0xff, 0xfb, 0x48, 0x7f, 0xf6,
    0x1f, 0xff, 0xef, 0x21, 0xff, 0xd5, 0xff, 0xff,
    0xc, 0x1f, 0xfd, 0x27, 0xff, 0xfc, 0x88, 0x7f,
    0xf3, 0xef, 0xff, 0xf3, 0x41, 0xff, 0xcd, 0xff,
    0xff, 0x50, 0x7f, 0xf2, 0x9f, 0xff, 0xf6, 0x7,
    0xff, 0x21, 0xff, 0xff, 0x70, 0x7f, 0xf1, 0x9f,
    0xff, 0xe6, 0x48, 0x7e, 0x55, 0xff, 0xfc, 0xb0,
    0xff, 0xe2, 0xff, 0xff, 0x26, 0x43, 0xff, 0x8a,
    0xdf, 0xff, 0xc7, 0xf, 0xfe, 0x27, 0xff, 0xf2,
    0x20, 0xff, 0xe5, 0xbf, 0xff, 0xc4, 0xf, 0xfe,
    0x27, 0xff, 0xf1, 0xe0, 0xff, 0xe7, 0xbf, 0xff,
    0xc1, 0xf, 0xfe, 0x25, 0xff, 0xfc, 0x60, 0xff,
    0xe9, 0xdf, 0xfe, 0xf, 0xfe, 0x23, 0xff, 0xfc,
    0x58, 0x3f, 0xfa, 0xaf, 0xfe, 0xf, 0xfe, 0x2f,
    0xff, 0xf1, 0x50, 0xff, 0xec, 0x7f, 0x83, 0xff,
    0x8b, 0x7f, 0xff, 0x10, 0x3f, 0xfb, 0x7f, 0x83,
    0xff, 0x8a, 0xff, 0xff, 0x10, 0x3f, 0xfb, 0xbe,
    0xf, 0xfe, 0x37, 0xff, 0xf1, 0x3, 0xff, 0xe2,
    0xff, 0xff, 0xd, 0xf, 0xff, 0x8f, 0xff, 0xf0,
    0xe0, 0xff, 0xf8, 0xbf, 0xff, 0xc3, 0xf, 0xff,
    0x97, 0xff, 0xf0, 0xd0, 0xff, 0xf9, 0x7f, 0xff,
    0xa, 0xf, 0xff, 0x95, 0xff, 0xfc, 0x20, 0xff,
    0xf9, 0xff, 0xff, 0xa, 0xf, 0xff, 0x9f, 0xff,
    0xf0, 0x83, 0xff, 0xe7, 0x7f, 0xff, 0x6, 0xf,
    0xff, 0x9f, 0xff, 0xf0, 0x83, 0xff, 0xe9, 0xff,
    0xfc, 0x20, 0xff, 0xf9, 0xbf, 0xff, 0xc1, 0x83,
    0xff, 0xe6, 0xff, 0xff, 0x5, 0xf, 0xff, 0x9d,
    0xff, 0xfc, 0x10, 0xff, 0xfa, 0x7f, 0xff, 0x8,
    0x3f, 0xfe, 0x9f, 0xff, 0xc1, 0x83, 0xff, 0xe9,
    0xff, 0xfc, 0x14, 0x3f, 0xfe, 0x9f, 0xff, 0xc1,
    0xf, 0xff, 0xa3, 0xff, 0xfc, 0x10, 0xff, 0xfa,
    0x3f, 0xff, 0xc1, 0xf, 0xff, 0xa3, 0xff, 0xfc,
    0x10, 0xff, 0xfa, 0x5f, 0xff, 0xc1, 0xf, 0xff,
    0xa5, 0xff, 0xfc, 0x10, 0xff, 0xe8, 0x5f, 0xff,
    0xd6, 0x2f, 0xff, 0xe0, 0x87, 0xff, 0x42, 0xff,
    0xfe, 0xb1, 0x7f, 0xff, 0x4, 0x3f, 0xfa, 0x17,
    0xff, 0xf5, 0x8b, 0xff, 0xf8, 0x21, 0xff, 0xd0,
    0xbf, 0xff, 0xac, 0x5f, 0xff, 0xc1, 0xf, 0xfe,
    0x85, 0xff, 0xfd, 0x61, 0xff, 0xfe, 0x8, 0x7f,
    0xf4, 0x2f, 0xff, 0xeb, 0xf, 0xff, 0xf0, 0x43,
    0xff, 0xa1, 0x7f, 0xff, 0x58, 0x7f, 0xff, 0x82,
    0x1f, 0xfd, 0xb, 0xff, 0xfa, 0xc3, 0xff, 0xfc,
    0x10, 0xff, 0xe8, 0x5f, 0xff, 0xd6, 0x7, 0xff,
    0xf0, 0x50, 0xff, 0xe7, 0xdf, 0xff, 0xd6, 0x7,
    0xff, 0xf0, 0x60, 0xff, 0xe7, 0xdf, 0xff, 0xd6,
    0x7, 0xff, 0xf0, 0x60, 0xff, 0xf2, 0xbf, 0xff,
    0xc0, 0x5, 0xff, 0xfc, 0x10, 0xff, 0xf2, 0xbf,
    0xff, 0xc0, 0x5, 0xff, 0xfc, 0x10, 0xff, 0xf2,
    0xbf, 0xff, 0xc0, 0x3, 0xff, 0xfc, 0x14, 0x3f,
    0xfc, 0x8f, 0xff, 0xf0, 0x2, 0xff, 0xfe, 0xc,
    0x1f, 0xfe, 0x47, 0xff, 0xf8, 0x1, 0x7f, 0xff,
    0x8, 0x3f, 0xfc, 0x8f, 0xff, 0xf0, 0x2, 0xbf,
    0xff, 0x82, 0x87, 0xff, 0x8d, 0xff, 0xfe, 0x0,
    0x4f, 0xff, 0xf0, 0x83, 0xff, 0xc6, 0xff, 0xff,
    0x0, 0x37, 0xff, 0xf0, 0x90, 0xff, 0xf1, 0x3f,
    0xff, 0xc0, 0xd, 0x7f, 0xff, 0x8, 0x3f, 0xfc,
    0x4f, 0xff, 0xf0, 0x3, 0x3f, 0xff, 0xc2, 0x43,
    0xff, 0xc2, 0xff, 0xff, 0x0, 0x3b, 0xff, 0xf8,
    0x61, 0xff, 0xe1, 0x7f, 0xff, 0x80, 0x1d, 0x7f,
    0xff, 0x9, 0xf, 0xff, 0x3, 0xff, 0xfc, 0x0,
    0xf7, 0xff, 0xf0, 0xc3, 0xff, 0xc0, 0xff, 0xff,
    0x0, 0x3d, 0x7f, 0xff, 0xc, 0x3f, 0xfb, 0xef,
    0xff, 0xf0, 0x3, 0xef, 0xff, 0xe1, 0xc1, 0xff,
    0xde, 0x7f, 0xff, 0x80, 0x1f, 0x5f, 0xff, 0xc3,
    0x83, 0xff, 0xba, 0xff, 0xff, 0x0, 0x3f, 0x7f,
    0xff, 0x11, 0xf, 0xfe, 0xe5, 0xff, 0xfc, 0x0,
    0xfc, 0xff, 0xff, 0x12, 0xf, 0xfe, 0xd5, 0xff,
    0xfc, 0x10, 0xfe, 0xbf, 0xff, 0x89, 0x7, 0xff,
    0x62, 0xff, 0xfe, 0x10, 0x7f, 0xbf, 0xff, 0x8c,
    0x1f, 0xfd, 0x57, 0xff, 0xf8, 0x81, 0xfe, 0x7f,
    0xff, 0x8d, 0x7, 0xff, 0x4a, 0xff, 0xfe, 0x28,
    0x7f, 0xcf, 0xff, 0xf1, 0xd0, 0xff, 0xe6, 0xb7,
    0xff, 0xf1, 0xc3, 0xff, 0x81, 0x7f, 0xff, 0x22,
    0xf, 0xfe, 0x43, 0x7f, 0xff, 0x24, 0x3f, 0xf8,
    0x57, 0xff, 0xf2, 0xa4, 0x3f, 0xf8, 0xd, 0xff,
    0xfc, 0xc4, 0x3f, 0xf8, 0x77, 0xff, 0xfc, 0x10,
    0xff, 0xe2, 0xdf, 0xff, 0xee, 0x43, 0xff, 0x8f,
    0x7f, 0xff, 0xb0, 0x3f, 0xf9, 0x4f, 0xff, 0xfa,
    0x60, 0xff, 0xe6, 0xff, 0xff, 0x9d, 0xf, 0xfe,
    0x7d, 0xff, 0xfe, 0x38, 0x3f, 0xfa, 0x77, 0xff,
    0xf7, 0xe0, 0xff, 0xeb, 0x3f, 0xff, 0xdc, 0x83,
    0xff, 0xb4, 0xdf, 0xff, 0xd7, 0x83, 0xff, 0xbf,
    0x7f, 0xff, 0x4a, 0x43, 0xff, 0xc8, 0xdf, 0xff,
    0xca, 0x90, 0xff, 0xf6, 0x2a, 0x9f, 0xfe, 0xa2,
    0x83, 0xff, 0x9c,

    /* U+0048 "H" */
    0xf, 0xff, 0xdd, 0xff, 0xfc, 0x4, 0x3f, 0xfb,
    0xff, 0xff, 0xc1, 0x2f, 0xff, 0xe0, 0x21, 0xff,
    0xdf, 0xff, 0xfe, 0x9, 0x7f, 0xff, 0x1, 0xf,
    0xfe, 0xff, 0xff, 0xf0, 0x4b, 0xff, 0xf8, 0x8,
    0x7f, 0xf7, 0xff, 0xff, 0x82, 0x5f, 0xff, 0xc0,
    0x43, 0xff, 0xbf, 0xff, 0xfc, 0x12, 0xff, 0xfe,
    0x2, 0x1f, 0xfd, 0xff, 0xff, 0xe0, 0x97, 0xff,
    0xf0, 0x10, 0xff, 0xef, 0xff, 0xff, 0x4, 0xbf,
    0xff, 0x80, 0x87, 0xff, 0x7f, 0xff, 0xf8, 0x25,
    0xff, 0xfc, 0x4, 0x3f, 0xfb, 0xff, 0xff, 0xc1,
    0x2f, 0xff, 0xe0, 0x21, 0xff, 0xdf, 0xff, 0xfe,
    0x9, 0x7f, 0xff, 0x1, 0xf, 0xfe, 0xff, 0xff,
    0xf0, 0x4b, 0xff, 0xf8, 0x8, 0x7f, 0xf7, 0xff,
    0xff, 0x82, 0x5f, 0xff, 0xc0, 0x43, 0xff, 0xbf,
    0xff, 0xfc, 0x12, 0xff, 0xfe, 0x2, 0x1f, 0xfd,
    0xff, 0xff, 0xe0, 0x97, 0xff, 0xf0, 0x10, 0xff,
    0xef, 0xff, 0xff, 0x4, 0xbf, 0xff, 0x80, 0x87,
    0xff, 0x7f, 0xff, 0xf8, 0x25, 0xff, 0xfc, 0x4,
    0x3f, 0xfb, 0xff, 0xff, 0xc1, 0x2f, 0xff, 0xe0,
    0x21, 0xff, 0xdf, 0xff, 0xfe, 0x9, 0x7f, 0xff,
    0x1, 0xf, 0xfe, 0xff, 0xff, 0xf0, 0x4b, 0xff,
    0xf8, 0x8, 0x7f, 0xf7, 0xff, 0xff, 0x82, 0x5f,
    0xff, 0xc0, 0x43, 0xff, 0xbf, 0xff, 0xfc, 0x12,
    0xff, 0xfe, 0x2, 0x1f, 0xfd, 0xff, 0xff, 0xe0,
    0x97, 0xff, 0xf0, 0x10, 0xff, 0xef, 0xff, 0xff,
    0x4, 0xbf, 0xff, 0x80, 0x87, 0xff, 0x7f, 0xff,
    0xf8, 0x25, 0xff, 0xfc, 0x4, 0x3f, 0xfb, 0xff,
    0xff, 0xc1, 0x2f, 0xff, 0xe0, 0x21, 0xff, 0xdf,
    0xff, 0xfe, 0x9, 0x7f, 0xff, 0x1, 0xf, 0xfe,
    0xff, 0xff, 0xf0, 0x4b, 0xff, 0xf8, 0x8, 0x7f,
    0xf7, 0xff, 0xff, 0x82, 0x5f, 0xff, 0xc0, 0x43,
    0xff, 0xbf, 0xff, 0xfc, 0x12, 0xff, 0xfe, 0x2,
    0x1f, 0xfd, 0xff, 0xff, 0xe0, 0x97, 0xff, 0xf0,
    0x10, 0xff, 0xef, 0xff, 0xff, 0x4, 0xbf, 0xff,
    0x80, 0x87, 0xff, 0x7f, 0xff, 0xf8, 0x25, 0xff,
    0xfc, 0x4, 0x3f, 0xfb, 0xff, 0xff, 0xc1, 0x2f,
    0xff, 0xe0, 0x21, 0xff, 0xdf, 0xff, 0xfe, 0x9,
    0x7f, 0xff, 0x1, 0xf, 0xfe, 0xff, 0xff, 0xf0,
    0x4b, 0xff, 0xf8, 0x8, 0x7f, 0xf7, 0xff, 0xff,
    0x82, 0x5f, 0xff, 0xc0, 0x43, 0xff, 0xbf, 0xff,
    0xfc, 0x12, 0xff, 0xff, 0xc9, 0x7f, 0xff, 0xe4,
    0xbf, 0xff, 0xf2, 0x5f, 0xff, 0xf9, 0x2f, 0xff,
    0xfc, 0x97, 0xff, 0xfe, 0x4b, 0xff, 0xff, 0x25,
    0xff, 0xff, 0x92, 0xff, 0xff, 0xc9, 0x7f, 0xff,
    0xe4, 0xbf, 0xff, 0xf2, 0x5f, 0xff, 0xc0, 0x97,
    0xff, 0xbf, 0xff, 0xfc, 0x12, 0xff, 0xfe, 0x2,
    0x1f, 0xfd, 0xff, 0xff, 0xe0, 0x97, 0xff, 0xf0,
    0x10, 0xff, 0xef, 0xff, 0xff, 0x4, 0xbf, 0xff,
    0x80, 0x87, 0xff, 0x7f, 0xff, 0xf8, 0x25, 0xff,
    0xfc, 0x4, 0x3f, 0xfb, 0xff, 0xff, 0xc1, 0x2f,
    0xff, 0xe0, 0x21, 0xff, 0xdf, 0xff, 0xfe, 0x9,
    0x7f, 0xff, 0x1, 0xf, 0xfe, 0xff, 0xff, 0xf0,
    0x4b, 0xff, 0xf8, 0x8, 0x7f, 0xf7, 0xff, 0xff,
    0x82, 0x5f, 0xff, 0xc0, 0x43, 0xff, 0xbf, 0xff,
    0xfc, 0x12, 0xff, 0xfe, 0x2, 0x1f, 0xfd, 0xff,
    0xff, 0xe0, 0x97, 0xff, 0xf0, 0x10, 0xff, 0xef,
    0xff, 0xff, 0x4, 0xbf, 0xff, 0x80, 0x87, 0xff,
    0x7f, 0xff, 0xf8, 0x25, 0xff, 0xfc, 0x4, 0x3f,
    0xfb, 0xff, 0xff, 0xc1, 0x2f, 0xff, 0xe0, 0x21,
    0xff, 0xdf, 0xff, 0xfe, 0x9, 0x7f, 0xff, 0x1,
    0xf, 0xfe, 0xff, 0xff, 0xf0, 0x4b, 0xff, 0xf8,
    0x8, 0x7f, 0xf7, 0xff, 0xff, 0x82, 0x5f, 0xff,
    0xc0, 0x43, 0xff, 0xbf, 0xff, 0xfc, 0x12, 0xff,
    0xfe, 0x2, 0x1f, 0xfd, 0xff, 0xff, 0xe0, 0x97,
    0xff, 0xf0, 0x10, 0xff, 0xef, 0xff, 0xff, 0x4,
    0xbf, 0xff, 0x80, 0x87, 0xff, 0x7f, 0xff, 0xf8,
    0x25, 0xff, 0xfc, 0x4, 0x3f, 0xfb, 0xff, 0xff,
    0xc1, 0x2f, 0xff, 0xe0, 0x21, 0xff, 0xdf, 0xff,
    0xfe, 0x9, 0x7f, 0xff, 0x1, 0xf, 0xfe, 0xff,
    0xff, 0xf0, 0x4b, 0xff, 0xf8, 0x8, 0x7f, 0xf7,
    0xff, 0xff, 0x82, 0x5f, 0xff, 0xc0, 0x43, 0xff,
    0xbf, 0xff, 0xfc, 0x12, 0xff, 0xfe, 0x2, 0x1f,
    0xfd, 0xff, 0xff, 0xe0, 0x97, 0xff, 0xf0, 0x10,
    0xff, 0xef, 0xff, 0xff, 0x4, 0xbf, 0xff, 0x80,
    0x87, 0xff, 0x7f, 0xff, 0xf8, 0x25, 0xff, 0xfc,
    0x4, 0x3f, 0xfb, 0xff, 0xff, 0xc1, 0x2f, 0xff,
    0xe0, 0x21, 0xff, 0xdf, 0xff, 0xfe, 0x9, 0x7f,
    0xff, 0x1, 0xf, 0xfe, 0xff, 0xff, 0xf0, 0x4b,
    0xff, 0xf8, 0x8, 0x7f, 0xf7, 0xff, 0xff, 0x82,
    0x5f, 0xff, 0xc0, 0x43, 0xff, 0xbf, 0xff, 0xfc,
    0x12, 0xff, 0xfe, 0x2, 0x1f, 0xfd, 0xff, 0xff,
    0xe0, 0x97, 0xff, 0xf0, 0x10, 0xff, 0xef, 0xff,
    0xff, 0x4, 0xbf, 0xff, 0x80, 0x87, 0xff, 0x7f,
    0xff, 0xf8, 0x25, 0xff, 0xfc, 0x4, 0x3f, 0xfb,
    0xff, 0xff, 0xc1, 0x2f, 0xff, 0xe0, 0x21, 0xff,
    0xdf, 0xff, 0xfe, 0x9, 0x7f, 0xff, 0x1, 0xf,
    0xfe, 0xff, 0xff, 0xf0, 0x4b, 0xff, 0xf8, 0x8,
    0x7f, 0xf7, 0xff, 0xff, 0x82, 0x0,

    /* U+0049 "I" */
    0xf, 0xfe, 0x15, 0xff, 0xfc, 0x6, 0xff, 0xfe,
    0x3, 0x7f, 0xff, 0x1, 0xbf, 0xff, 0x80, 0xdf,
    0xff, 0xc0, 0x6f, 0xff, 0xe0, 0x37, 0xff, 0xf0,
    0x1b, 0xff, 0xf8, 0xd, 0xff, 0xfc, 0x6, 0xff,
    0xfe, 0x3, 0x7f, 0xff, 0x1, 0xbf, 0xff, 0x80,
    0xdf, 0xff, 0xc0, 0x6f, 0xff, 0xe0, 0x37, 0xff,
    0xf0, 0x1b, 0xff, 0xf8, 0xd, 0xff, 0xfc, 0x6,
    0xff, 0xfe, 0x3, 0x7f, 0xff, 0x1, 0xbf, 0xff,
    0x80, 0xdf, 0xff, 0xc0, 0x6f, 0xff, 0xe0, 0x37,
    0xff, 0xf0, 0x1b, 0xff, 0xf8, 0xd, 0xff, 0xfc,
    0x6, 0xff, 0xfe, 0x3, 0x7f, 0xff, 0x1, 0xbf,
    0xff, 0x80, 0xdf, 0xff, 0xc0, 0x6f, 0xff, 0xe0,
    0x37, 0xff, 0xf0, 0x1b, 0xff, 0xf8, 0xd, 0xff,
    0xfc, 0x6, 0xff, 0xfe, 0x3, 0x7f, 0xff, 0x1,
    0xbf, 0xff, 0x80, 0xdf, 0xff, 0xc0, 0x6f, 0xff,
    0xe0, 0x37, 0xff, 0xf0, 0x1b, 0xff, 0xf8, 0xd,
    0xff, 0xfc, 0x6, 0xff, 0xfe, 0x3, 0x7f, 0xff,
    0x1, 0xbf, 0xff, 0x80, 0xdf, 0xff, 0xc0, 0x6f,
    0xff, 0xe0, 0x37, 0xff, 0xf0, 0x1b, 0xff, 0xf8,
    0xd, 0xff, 0xfc, 0x6, 0xff, 0xfe, 0x3, 0x7f,
    0xff, 0x1, 0xbf, 0xff, 0x80, 0xdf, 0xff, 0xc0,
    0x6f, 0xff, 0xe0, 0x37, 0xff, 0xf0, 0x1b, 0xff,
    0xf8, 0xd, 0xff, 0xfc, 0x6, 0xff, 0xfe, 0x3,
    0x7f, 0xff, 0x1, 0xbf, 0xff, 0x80, 0xdf, 0xff,
    0xc0, 0x6f, 0xff, 0xe0, 0x37, 0xff, 0xf0, 0x1b,
    0xff, 0xf8, 0xd, 0xff, 0xfc, 0x6, 0xff, 0xfe,
    0x3, 0x7f, 0xff, 0x1, 0xbf, 0xff, 0x80, 0xdf,
    0xff, 0xc0, 0x6f, 0xff, 0xe0, 0x37, 0xff, 0xf0,
    0x1b, 0xff, 0xf8, 0xd, 0xff, 0xfc, 0x6, 0xff,
    0xfe, 0x3, 0x7f, 0xff, 0x1, 0xbf, 0xff, 0x80,
    0xdf, 0xff, 0xc0, 0x6f, 0xff, 0xe0, 0x37, 0xff,
    0xf0, 0x1b, 0xff, 0xf8, 0xd, 0xff, 0xfc, 0x6,
    0xff, 0xfe, 0x3, 0x7f, 0xff, 0x1, 0xbf, 0xff,
    0x80, 0xdf, 0xff, 0xc0, 0x6f, 0xff, 0xe0, 0x37,
    0xff, 0xf0, 0x1b, 0xff, 0xf8, 0x8,

    /* U+004A "J" */
    0xf, 0xfe, 0xc3, 0xff, 0xfc, 0x8, 0x3f, 0xfb,
    0xf, 0xff, 0xf0, 0x20, 0xff, 0xec, 0x3f, 0xff,
    0xc0, 0x83, 0xff, 0xb0, 0xff, 0xff, 0x2, 0xf,
    0xfe, 0xc3, 0xff, 0xfc, 0x8, 0x3f, 0xfb, 0xf,
    0xff, 0xf0, 0x20, 0xff, 0xec, 0x3f, 0xff, 0xc0,
    0x83, 0xff, 0xb0, 0xff, 0xff, 0x2, 0xf, 0xfe,
    0xc3, 0xff, 0xfc, 0x8, 0x3f, 0xfb, 0xf, 0xff,
    0xf0, 0x20, 0xff, 0xec, 0x3f, 0xff, 0xc0, 0x83,
    0xff, 0xb0, 0xff, 0xff, 0x2, 0xf, 0xfe, 0xc3,
    0xff, 0xfc, 0x8, 0x3f, 0xfb, 0xf, 0xff, 0xf0,
    0x20, 0xff, 0xec, 0x3f, 0xff, 0xc0, 0x83, 0xff,
    0xb0, 0xff, 0xff, 0x2, 0xf, 0xfe, 0xc3, 0xff,
    0xfc, 0x8, 0x3f, 0xfb, 0xf, 0xff, 0xf0, 0x20,
    0xff, 0xec, 0x3f, 0xff, 0xc0, 0x83, 0xff, 0xb0,
    0xff, 0xff, 0x2, 0xf, 0xfe, 0xc3, 0xff, 0xfc,
    0x8, 0x3f, 0xfb, 0xf, 0xff, 0xf0, 0x20, 0xff,
    0xec, 0x3f, 0xff, 0xc0, 0x83, 0xff, 0xb0, 0xff,
    0xff, 0x2, 0xf, 0xfe, 0xc3, 0xff, 0xfc, 0x8,
    0x3f, 0xfb, 0xf, 0xff, 0xf0, 0x20, 0xff, 0xec,
    0x3f, 0xff, 0xc0, 0x83, 0xff, 0xb0, 0xff, 0xff,
    0x2, 0xf, 0xfe, 0xc3, 0xff, 0xfc, 0x8, 0x3f,
    0xfb, 0xf, 0xff, 0xf0, 0x20, 0xff, 0xec, 0x3f,
    0xff, 0xc0, 0x83, 0xff, 0xb0, 0xff, 0xff, 0x2,
    0xf, 0xfe, 0xc3, 0xff, 0xfc, 0x8, 0x3f, 0xfb,
    0xf, 0xff, 0xf0, 0x20, 0xff, 0xec, 0x3f, 0xff,
    0xc0, 0x83, 0xff, 0xb0, 0xff, 0xff, 0x2, 0xf,
    0xfe, 0xc3, 0xff, 0xfc, 0x8, 0x3f, 0xfb, 0xf,
    0xff, 0xf0, 0x20, 0xff, 0xec, 0x3f, 0xff, 0xc0,
    0x83, 0xff, 0xb0, 0xff, 0xff, 0x2, 0xf, 0xfe,
    0xc3, 0xff, 0xfc, 0x8, 0x3f, 0xfb, 0xf, 0xff,
    0xf0, 0x20, 0xff, 0xec, 0x3f, 0xff, 0xc0, 0x83,
    0xff, 0xb0, 0xff, 0xff, 0x2, 0xf, 0xfe, 0xc3,
    0xff, 0xfc, 0x8, 0x3f, 0xfb, 0xf, 0xff, 0xf0,
    0x20, 0xff, 0xec, 0x3f, 0xff, 0xc0, 0x83, 0xff,
    0xb0, 0xff, 0xff, 0x2, 0xf, 0xfe, 0xc3, 0xff,
    0xfc, 0x8, 0x3f, 0xfb, 0xf, 0xff, 0xf0, 0x20,
    0xff, 0xec, 0x3f, 0xff, 0xc0, 0x83, 0xff, 0xb0,
    0xff, 0xff, 0x2, 0xf, 0xfe, 0xc3, 0xff, 0xfc,
    0x8, 0x3f, 0xfb, 0xf, 0xff, 0xf0, 0x20, 0xff,
    0xec, 0x3f, 0xff, 0xc0, 0x83, 0xff, 0xb0, 0xff,
    0xff, 0x2, 0xf, 0xfe, 0xc3, 0xff, 0xfc, 0x8,
    0x3f, 0xfb, 0xf, 0xff, 0xf0, 0x20, 0xff, 0xec,
    0x3f, 0xff, 0xc0, 0x83, 0xff, 0xb0, 0xff, 0xff,
    0x2, 0xf, 0xfe, 0xc3, 0xff, 0xfc, 0x8, 0x3f,
    0xfb, 0xf, 0xff, 0xf0, 0x20, 0xff, 0xec, 0x3f,
    0xff, 0xc0, 0x83, 0xff, 0xb0, 0xff, 0xff, 0x2,
    0xf, 0xfe, 0xc3, 0xff, 0xfc, 0x8, 0x3f, 0xfb,
    0x17, 0xff, 0xf0, 0x20, 0xff, 0xec, 0x5f, 0xff,
    0xc0, 0x43, 0xff, 0xb1, 0xff, 0xfc, 0x14, 0x3f,
    0x34, 0xc3, 0xff, 0x99, 0xff, 0xfc, 0x14, 0xd,
    0x3f, 0xe4, 0x3f, 0xf9, 0x7f, 0xff, 0xc1, 0x2f,
    0xff, 0xe0, 0x7, 0xff, 0x2a, 0xff, 0xfe, 0x8,
    0xff, 0xff, 0x0, 0x3f, 0xf9, 0x5f, 0xff, 0xc1,
    0x81, 0xff, 0xfc, 0x8, 0x3f, 0xf9, 0xf, 0xff,
    0xf0, 0x50, 0x7f, 0xff, 0x5, 0xf, 0xfe, 0x3f,
    0xff, 0xf0, 0x82, 0xbf, 0xff, 0x82, 0x1f, 0xfc,
    0x6b, 0xff, 0xf8, 0x41, 0xbf, 0xff, 0x84, 0x87,
    0xff, 0xe, 0xff, 0xfe, 0x12, 0x1b, 0xff, 0xf8,
    0x70, 0x7f, 0xf0, 0x1f, 0xff, 0xe2, 0x7, 0x3f,
    0xff, 0xc4, 0x90, 0xf9, 0xff, 0xfe, 0x2c, 0x1e,
    0xff, 0xfe, 0xf8, 0x7e, 0xff, 0xfe, 0xea, 0x1f,
    0xaf, 0xff, 0xed, 0xc1, 0xfe, 0xff, 0xfe, 0xd8,
    0x7f, 0xf0, 0x3f, 0xff, 0xb2, 0x1f, 0xfc, 0x2f,
    0xff, 0xeb, 0x87, 0xff, 0x13, 0xff, 0xfa, 0xa1,
    0xff, 0xc6, 0xbf, 0xff, 0xa3, 0x7, 0xff, 0x21,
    0xff, 0xfe, 0x7a, 0x1f, 0xfc, 0xbb, 0xff, 0xf9,
    0x68, 0x7f, 0xf3, 0xdb, 0xff, 0xf8, 0xb2, 0x1f,
    0xfd, 0x45, 0x5f, 0xfa, 0x88, 0x7f, 0xf1, 0xc0,

    /* U+004B "K" */
    0xf, 0xff, 0xcd, 0xff, 0xfc, 0x4, 0x3f, 0xfa,
    0xef, 0xff, 0xf1, 0x2, 0xbf, 0xff, 0x80, 0x87,
    0xff, 0x59, 0xff, 0xfe, 0x22, 0x15, 0xff, 0xfc,
    0x4, 0x3f, 0xfa, 0xdf, 0xff, 0xc4, 0x43, 0x5f,
    0xff, 0xc0, 0x43, 0xff, 0xab, 0xff, 0xfc, 0x44,
    0x3a, 0xff, 0xfe, 0x2, 0x1f, 0xfd, 0x4f, 0xff,
    0xe2, 0x21, 0xeb, 0xff, 0xf8, 0x8, 0x7f, 0xf4,
    0xff, 0xff, 0x89, 0x7, 0xd7, 0xff, 0xf0, 0x10,
    0xff, 0xe9, 0x7f, 0xff, 0x12, 0xf, 0xd7, 0xff,
    0xf0, 0x10, 0xff, 0xe8, 0xdf, 0xff, 0xc3, 0x83,
    0xfa, 0xff, 0xfe, 0x2, 0x1f, 0xfd, 0xb, 0xff,
    0xf8, 0x70, 0x7f, 0xaf, 0xff, 0xe0, 0x21, 0xff,
    0xcf, 0xbf, 0xff, 0x88, 0x1f, 0xf5, 0xff, 0xfc,
    0x4, 0x3f, 0xf9, 0xcf, 0xff, 0xf1, 0x3, 0xff,
    0x81, 0x7f, 0xff, 0x1, 0xf, 0xfe, 0x6b, 0xff,
    0xfc, 0x40, 0xff, 0xe0, 0xdf, 0xff, 0xc0, 0x43,
    0xff, 0x98, 0xff, 0xff, 0x10, 0x3f, 0xf8, 0x57,
    0xff, 0xf0, 0x10, 0xff, 0xe6, 0x7f, 0xff, 0x10,
    0x3f, 0xf8, 0x77, 0xff, 0xf0, 0x10, 0xff, 0xe5,
    0xff, 0xff, 0x10, 0x3f, 0xf8, 0x97, 0xff, 0xf0,
    0x10, 0xff, 0xe5, 0x7f, 0xff, 0x11, 0xf, 0xfe,
    0x25, 0xff, 0xfc, 0x4, 0x3f, 0xf9, 0x3f, 0xff,
    0xc4, 0x43, 0xff, 0x8b, 0x7f, 0xff, 0x1, 0xf,
    0xfe, 0x45, 0xff, 0xfc, 0x34, 0x3f, 0xf8, 0xd7,
    0xff, 0xf0, 0x10, 0xff, 0xe3, 0xdf, 0xff, 0xc3,
    0x43, 0xff, 0x8f, 0x7f, 0xff, 0x1, 0xf, 0xfe,
    0x35, 0xff, 0xfc, 0x38, 0x3f, 0xf9, 0x17, 0xff,
    0xf0, 0x10, 0xff, 0xe2, 0xbf, 0xff, 0xc3, 0x83,
    0xff, 0x93, 0x7f, 0xff, 0x1, 0xf, 0xfe, 0x23,
    0xff, 0xfc, 0x38, 0x3f, 0xf9, 0x57, 0xff, 0xf0,
    0x10, 0xff, 0xe1, 0xbf, 0xff, 0xc3, 0x83, 0xff,
    0x97, 0x7f, 0xff, 0x1, 0xf, 0xfe, 0x1f, 0xff,
    0xf1, 0x3, 0xff, 0x99, 0x7f, 0xff, 0x1, 0xf,
    0xfe, 0x17, 0xff, 0xf1, 0x3, 0xff, 0x9b, 0x7f,
    0xff, 0x1, 0xf, 0xfe, 0xf, 0xff, 0xf1, 0x3,
    0xff, 0x9d, 0x7f, 0xff, 0x1, 0xf, 0xfe, 0x7,
    0xff, 0xf1, 0x3, 0xff, 0x9f, 0x7f, 0xff, 0x1,
    0xf, 0xfb, 0xff, 0xf8, 0x81, 0xff, 0xd0, 0xbf,
    0xff, 0x80, 0x87, 0xfa, 0xff, 0xfe, 0x18, 0x7f,
    0xf4, 0x6f, 0xff, 0xe0, 0x21, 0xfd, 0x7f, 0xff,
    0xd, 0xf, 0xfe, 0x8d, 0xff, 0xfc, 0x4, 0x3f,
    0x3f, 0xff, 0xc3, 0x43, 0xff, 0xa5, 0x7f, 0xff,
    0x1, 0xf, 0x9f, 0xff, 0xe1, 0xa1, 0xff, 0xd3,
    0xbf, 0xff, 0x80, 0x87, 0x9f, 0xff, 0xe1, 0xa1,
    0xff, 0xd4, 0xbf, 0xff, 0x80, 0x87, 0xbf, 0xff,
    0x87, 0x7, 0xff, 0x56, 0xff, 0xfe, 0x2, 0x1d,
    0xff, 0xfc, 0x38, 0x3f, 0xfa, 0xd7, 0xff, 0xf0,
    0x10, 0xdf, 0xff, 0xc3, 0x83, 0xff, 0xaf, 0x7f,
    0xff, 0x1, 0xb, 0xff, 0xf8, 0x70, 0x7f, 0xf6,
    0x2f, 0xff, 0xe0, 0x20, 0xff, 0xfe, 0x20, 0x7f,
    0xf6, 0x6f, 0xff, 0xe0, 0x25, 0xff, 0xfc, 0x40,
    0xff, 0xec, 0xdf, 0xff, 0xc0, 0x6f, 0xff, 0xe2,
    0xc1, 0xff, 0xd8, 0xbf, 0xff, 0xa8, 0x87, 0xff,
    0x5e, 0xff, 0xfe, 0xa8, 0x7f, 0xf5, 0xef, 0xff,
    0xeb, 0x7, 0xff, 0x5a, 0xff, 0xfe, 0xb4, 0x1f,
    0xfd, 0x5b, 0xff, 0xfa, 0xe8, 0x7f, 0xf5, 0x2f,
    0xff, 0xec, 0x7, 0xff, 0x52, 0xff, 0xfe, 0xc8,
    0x7f, 0xf4, 0xef, 0xff, 0xe4, 0xcf, 0xff, 0xf0,
    0xa0, 0xff, 0xe9, 0x5f, 0xff, 0xc8, 0x81, 0x7f,
    0xff, 0x9, 0xf, 0xfe, 0x8d, 0xff, 0xfc, 0x78,
    0x37, 0xff, 0xf0, 0xc3, 0xff, 0xa3, 0x7f, 0xff,
    0x1a, 0xf, 0x7f, 0xff, 0xc, 0x3f, 0xfa, 0x17,
    0xff, 0xf1, 0x83, 0xe7, 0xff, 0xf8, 0x50, 0x7f,
    0xf3, 0xef, 0xff, 0xe2, 0x87, 0xf7, 0xff, 0xf0,
    0xd0, 0xff, 0xe7, 0x5f, 0xff, 0xc4, 0xf, 0xfb,
    0xff, 0xf8, 0x61, 0xff, 0xce, 0xbf, 0xff, 0x86,
    0x1f, 0xfc, 0x7, 0xff, 0xf8, 0x61, 0xff, 0xcd,
    0xbf, 0xff, 0x84, 0x1f, 0xfc, 0x2b, 0xff, 0xf8,
    0x50, 0x7f, 0xf3, 0x2f, 0xff, 0xe0, 0x87, 0xff,
    0x13, 0xff, 0xf8, 0x68, 0x7f, 0xf2, 0xef, 0xff,
    0xe0, 0x21, 0xff, 0xc5, 0xff, 0xfe, 0x18, 0x7f,
    0xf2, 0xef, 0xff, 0xe0, 0x21, 0xff, 0xc5, 0x7f,
    0xff, 0x86, 0x1f, 0xfc, 0xab, 0xff, 0xf8, 0x8,
    0x7f, 0xf1, 0xaf, 0xff, 0xe1, 0x41, 0xff, 0xc9,
    0xbf, 0xff, 0x80, 0x87, 0xff, 0x1f, 0xff, 0xf8,
    0x68, 0x7f, 0xf2, 0x2f, 0xff, 0xe0, 0x21, 0xff,
    0xc8, 0xff, 0xfe, 0x18, 0x7f, 0xf2, 0x2f, 0xff,
    0xe0, 0x21, 0xff, 0xc8, 0xbf, 0xff, 0x86, 0x1f,
    0xfc, 0x7b, 0xff, 0xf8, 0x8, 0x7f, 0xf2, 0x7f,
    0xff, 0x87, 0x7, 0xff, 0x1a, 0xff, 0xfe, 0x2,
    0x1f, 0xfc, 0xaf, 0xff, 0xe1, 0xa1, 0xff, 0xc5,
    0xbf, 0xff, 0x80, 0x87, 0xff, 0x29, 0xff, 0xfe,
    0x18, 0x7f, 0xf1, 0x6f, 0xff, 0xe0, 0x21, 0xff,
    0xcb, 0xbf, 0xff, 0x86, 0x1f, 0xfc, 0x4b, 0xff,
    0xf8, 0x8, 0x7f, 0xf3, 0x3f, 0xff, 0x87, 0x7,
    0xff, 0xe, 0xff, 0xfe, 0x2, 0x1f, 0xfc, 0xdf,
    0xff, 0xe1, 0xa1, 0xff, 0xc2, 0xbf, 0xff, 0x80,
    0x87, 0xff, 0x35, 0xff, 0xfe, 0x18, 0x7f, 0xf0,
    0xaf, 0xff, 0xe0, 0x21, 0xff, 0xce, 0xbf, 0xff,
    0x86, 0x1f, 0xfc, 0x1b, 0xff, 0xf8, 0x8, 0x7f,
    0xf3, 0xff, 0xff, 0x87, 0x7, 0xff, 0x2, 0xff,
    0xfe, 0x2, 0x1f, 0xfc, 0xf7, 0xff, 0xf8, 0x68,
    0x7f, 0xd7, 0xff, 0xf0, 0x10, 0xff, 0xe8, 0x5f,
    0xff, 0xc3, 0xf, 0xfa, 0xff, 0xfe, 0x2, 0x1f,
    0xfd, 0x1f, 0xff, 0xe2, 0x7, 0xfa, 0xff, 0xfe,
    0x2, 0x1f, 0xfd, 0x2f, 0xff, 0xe1, 0xc1, 0xfd,
    0x7f, 0xff, 0x1, 0xf, 0xfe, 0x93, 0xff, 0xfc,
    0x34, 0x3f, 0x5f, 0xff, 0xc0, 0x43, 0xff, 0xa7,
    0x7f, 0xff, 0xc, 0x3f, 0x5f, 0xff, 0xc0, 0x43,
    0xff, 0xa9, 0xff, 0xfc, 0x40, 0xfa, 0xff, 0xfe,
    0x2, 0x1f, 0xfd, 0x5f, 0xff, 0xe1, 0xc1, 0xeb,
    0xff, 0xf8, 0x8, 0x7f, 0xf5, 0x5f, 0xff, 0xe1,
    0xa1, 0xd7, 0xff, 0xf0, 0x10, 0xff, 0xeb, 0x5f,
    0xff, 0xc3, 0xe, 0xbf, 0xff, 0x80, 0x87, 0xff,
    0x5f, 0xff, 0xf8, 0x70, 0x6b, 0xff, 0xf8, 0x8,
    0x7f, 0xf5, 0xdf, 0xff, 0xe1, 0xa1, 0x5f, 0xff,
    0xc0, 0x43, 0xff, 0xb1, 0x7f, 0xff, 0xc, 0x2b,
    0xff, 0xf8, 0x8, 0x7f, 0xf6, 0x7f, 0xff, 0x88,
    0xb, 0xff, 0xf8, 0x8, 0x7f, 0xf6, 0xbf, 0xff,
    0x87, 0x17, 0xff, 0xf0, 0x10, 0xff, 0xed, 0x3f,
    0xff, 0xc3, 0x40,

    /* U+004C "L" */
    0xbf, 0xff, 0x80, 0x87, 0xff, 0x82, 0xff, 0xfe,
    0x2, 0x1f, 0xfe, 0xb, 0xff, 0xf8, 0x8, 0x7f,
    0xf8, 0x2f, 0xff, 0xe0, 0x21, 0xff, 0xe0, 0xbf,
    0xff, 0x80, 0x87, 0xff, 0x82, 0xff, 0xfe, 0x2,
    0x1f, 0xfe, 0xb, 0xff, 0xf8, 0x8, 0x7f, 0xf8,
    0x2f, 0xff, 0xe0, 0x21, 0xff, 0xe0, 0xbf, 0xff,
    0x80, 0x87, 0xff, 0x82, 0xff, 0xfe, 0x2, 0x1f,
    0xfe, 0xb, 0xff, 0xf8, 0x8, 0x7f, 0xf8, 0x2f,
    0xff, 0xe0, 0x21, 0xff, 0xe0, 0xbf, 0xff, 0x80,
    0x87, 0xff, 0x82, 0xff, 0xfe, 0x2, 0x1f, 0xfe,
    0xb, 0xff, 0xf8, 0x8, 0x7f, 0xf8, 0x2f, 0xff,
    0xe0, 0x21, 0xff, 0xe0, 0xbf, 0xff, 0x80, 0x87,
    0xff, 0x82, 0xff, 0xfe, 0x2, 0x1f, 0xfe, 0xb,
    0xff, 0xf8, 0x8, 0x7f, 0xf8, 0x2f, 0xff, 0xe0,
    0x21, 0xff, 0xe0, 0xbf, 0xff, 0x80, 0x87, 0xff,
    0x82, 0xff, 0xfe, 0x2, 0x1f, 0xfe, 0xb, 0xff,
    0xf8, 0x8, 0x7f, 0xf8, 0x2f, 0xff, 0xe0, 0x21,
    0xff, 0xe0, 0xbf, 0xff, 0x80, 0x87, 0xff, 0x82,
    0xff, 0xfe, 0x2, 0x1f, 0xfe, 0xb, 0xff, 0xf8,
    0x8, 0x7f, 0xf8, 0x2f, 0xff, 0xe0, 0x21, 0xff,
    0xe0, 0xbf, 0xff, 0x80, 0x87, 0xff, 0x82, 0xff,
    0xfe, 0x2, 0x1f, 0xfe, 0xb, 0xff, 0xf8, 0x8,
    0x7f, 0xf8, 0x2f, 0xff, 0xe0, 0x21, 0xff, 0xe0,
    0xbf, 0xff, 0x80, 0x87, 0xff, 0x82, 0xff, 0xfe,
    0x2, 0x1f, 0xfe, 0xb, 0xff, 0xf8, 0x8, 0x7f,
    0xf8, 0x2f, 0xff, 0xe0, 0x21, 0xff, 0xe0, 0xbf,
    0xff, 0x80, 0x87, 0xff, 0x82, 0xff, 0xfe, 0x2,
    0x1f, 0xfe, 0xb, 0xff, 0xf8, 0x8, 0x7f, 0xf8,
    0x2f, 0xff, 0xe0, 0x21, 0xff, 0xe0, 0xbf, 0xff,
    0x80, 0x87, 0xff, 0x82, 0xff, 0xfe, 0x2, 0x1f,
    0xfe, 0xb, 0xff, 0xf8, 0x8, 0x7f, 0xf8, 0x2f,
    0xff, 0xe0, 0x21, 0xff, 0xe0, 0xbf, 0xff, 0x80,
    0x87, 0xff, 0x82, 0xff, 0xfe, 0x2, 0x1f, 0xfe,
    0xb, 0xff, 0xf8, 0x8, 0x7f, 0xf8, 0x2f, 0xff,
    0xe0, 0x21, 0xff, 0xe0, 0xbf, 0xff, 0x80, 0x87,
    0xff, 0x82, 0xff, 0xfe, 0x2, 0x1f, 0xfe, 0xb,
    0xff, 0xf8, 0x8, 0x7f, 0xf8, 0x2f, 0xff, 0xe0,
    0x21, 0xff, 0xe0, 0xbf, 0xff, 0x80, 0x87, 0xff,
    0x82, 0xff, 0xfe, 0x2, 0x1f, 0xfe, 0xb, 0xff,
    0xf8, 0x8, 0x7f, 0xf8, 0x2f, 0xff, 0xe0, 0x21,
    0xff, 0xe0, 0xbf, 0xff, 0x80, 0x87, 0xff, 0x82,
    0xff, 0xfe, 0x2, 0x1f, 0xfe, 0xb, 0xff, 0xf8,
    0x8, 0x7f, 0xf8, 0x2f, 0xff, 0xe0, 0x21, 0xff,
    0xe0, 0xbf, 0xff, 0x80, 0x87, 0xff, 0x82, 0xff,
    0xfe, 0x2, 0x1f, 0xfe, 0xb, 0xff, 0xf8, 0x8,
    0x7f, 0xf8, 0x2f, 0xff, 0xe0, 0x21, 0xff, 0xe0,
    0xbf, 0xff, 0x80, 0x87, 0xff, 0x82, 0xff, 0xfe,
    0x2, 0x1f, 0xfe, 0xb, 0xff, 0xf8, 0x8, 0x7f,
    0xf8, 0x2f, 0xff, 0xe0, 0x21, 0xff, 0xe0, 0xbf,
    0xff, 0x80, 0x87, 0xff, 0x82, 0xff, 0xfe, 0x2,
    0x1f, 0xfe, 0xb, 0xff, 0xf8, 0x8, 0x7f, 0xf8,
    0x2f, 0xff, 0xe0, 0x21, 0xff, 0xe0, 0xbf, 0xff,
    0x80, 0x87, 0xff, 0x82, 0xff, 0xfe, 0x2, 0x1f,
    0xfe, 0xb, 0xff, 0xf8, 0x8, 0x7f, 0xf8, 0x2f,
    0xff, 0xe0, 0x21, 0xff, 0xe0, 0xbf, 0xff, 0x81,
    0x2f, 0xff, 0x82, 0xff, 0xff, 0x6d, 0xff, 0xfe,
    0xdb, 0xff, 0xfd, 0xb7, 0xff, 0xfb, 0x6f, 0xff,
    0xf6, 0xdf, 0xff, 0xed, 0xbf, 0xff, 0xdb, 0x7f,
    0xff, 0xb6, 0xff, 0xff, 0x6d, 0xff, 0xfe, 0xdb,
    0xff, 0xfd, 0xa0,

    /* U+004D "M" */
    0xf, 0xff, 0xf8, 0x7f, 0xf0, 0xef, 0xff, 0xe0,
    0xc1, 0xff, 0xf1, 0xff, 0xfe, 0xd, 0x3f, 0xff,
    0x84, 0x1f, 0xff, 0xb, 0xff, 0xf8, 0x34, 0xff,
    0xfe, 0x14, 0x1f, 0xfe, 0xff, 0xff, 0xe1, 0x53,
    0xff, 0xf8, 0x61, 0xff, 0xee, 0xbf, 0xff, 0x85,
    0x4f, 0xff, 0xe2, 0x7, 0xff, 0xb1, 0xff, 0xfe,
    0x1d, 0x3f, 0xff, 0x88, 0x87, 0xff, 0xaf, 0xff,
    0xf8, 0x94, 0xff, 0xfe, 0x28, 0x7f, 0xfa, 0x9f,
    0xff, 0xe2, 0x53, 0xff, 0xf8, 0xa8, 0x7f, 0xfa,
    0x7f, 0xff, 0x8b, 0x4f, 0xff, 0xe3, 0x7, 0xff,
    0xa1, 0xff, 0xfe, 0x2d, 0x3f, 0xff, 0x8c, 0x87,
    0xff, 0x9f, 0xff, 0xf8, 0xd4, 0xff, 0xfe, 0x38,
    0x7f, 0xf9, 0xaf, 0xff, 0xe3, 0x53, 0xff, 0xf8,
    0xf0, 0x7f, 0xf9, 0x7f, 0xff, 0x8f, 0x4f, 0xff,
    0xe4, 0x7, 0xff, 0x92, 0xff, 0xfe, 0x3d, 0x3f,
    0xff, 0x91, 0x7, 0xff, 0x8f, 0xff, 0xf9, 0x14,
    0xff, 0xfe, 0x48, 0x7f, 0xf8, 0xaf, 0xff, 0xe4,
    0x53, 0xff, 0xf9, 0x30, 0x7f, 0xf8, 0x7f, 0xff,
    0x93, 0x4f, 0xff, 0xe5, 0x7, 0xff, 0x83, 0xff,
    0xf9, 0x54, 0xff, 0xfe, 0x54, 0x1f, 0xfd, 0xe7,
    0xff, 0xf9, 0x54, 0xff, 0xfe, 0x5a, 0x1f, 0xfd,
    0xdf, 0xff, 0xe5, 0xd3, 0xff, 0xf9, 0x81, 0xff,
    0xdc, 0x7f, 0xff, 0x97, 0x4f, 0xff, 0xe6, 0x21,
    0xff, 0xdb, 0xff, 0xfe, 0x65, 0x3f, 0xff, 0x9a,
    0x1f, 0xfd, 0xa7, 0xff, 0xf9, 0x94, 0xff, 0xfe,
    0x5, 0xff, 0xfc, 0x4, 0x3f, 0xfb, 0x3f, 0xff,
    0xcd, 0xa7, 0xff, 0xf0, 0xf, 0xff, 0xe0, 0x87,
    0xff, 0x62, 0xff, 0xfe, 0x1, 0xff, 0xfc, 0xa,
    0x7f, 0xff, 0x0, 0xbf, 0xff, 0x80, 0x87, 0xff,
    0x5f, 0xff, 0xf8, 0x11, 0xff, 0xfc, 0xa, 0x7f,
    0xff, 0x0, 0x1f, 0xff, 0xc1, 0xf, 0xfe, 0xb5,
    0xff, 0xfc, 0x0, 0x7f, 0xff, 0x2, 0x9f, 0xff,
    0xc0, 0x3, 0xff, 0xfc, 0x8, 0x3f, 0xfa, 0xbf,
    0xff, 0xc0, 0x81, 0xff, 0xfc, 0xa, 0x7f, 0xff,
    0x0, 0x2f, 0xff, 0xe0, 0x87, 0xff, 0x52, 0xff,
    0xfe, 0x0, 0x5f, 0xff, 0xc0, 0xa7, 0xff, 0xf0,
    0x2, 0x7f, 0xff, 0x81, 0x7, 0xff, 0x49, 0xff,
    0xfe, 0x4, 0x17, 0xff, 0xf0, 0x29, 0xff, 0xfc,
    0x0, 0xdf, 0xff, 0xc1, 0xf, 0xfe, 0x97, 0xff,
    0xf0, 0x43, 0x7f, 0xff, 0x2, 0x9f, 0xff, 0xc0,
    0xc, 0xff, 0xff, 0x2, 0xf, 0xfe, 0x83, 0xff,
    0xfc, 0x8, 0x37, 0xff, 0xf0, 0x29, 0xff, 0xfc,
    0x0, 0xef, 0xff, 0xe0, 0x87, 0xff, 0x43, 0xff,
    0xf8, 0x21, 0xdf, 0xff, 0xc0, 0xa7, 0xff, 0xf0,
    0x3, 0x9f, 0xff, 0xe0, 0x87, 0xff, 0x39, 0xff,
    0xfe, 0x2, 0x1d, 0xff, 0xfc, 0xa, 0x7f, 0xff,
    0x0, 0x3d, 0xff, 0xfc, 0x14, 0x3f, 0xf9, 0xbf,
    0xff, 0xc1, 0xf, 0x7f, 0xff, 0x2, 0x9f, 0xff,
    0xc0, 0xf, 0x3f, 0xff, 0xc1, 0xf, 0xfe, 0x63,
    0xff, 0xfc, 0x4, 0x3d, 0xff, 0xfc, 0xa, 0x7f,
    0xff, 0x0, 0x3e, 0xbf, 0xff, 0x80, 0x87, 0xff,
    0x2f, 0xff, 0xf8, 0x21, 0xf7, 0xff, 0xf0, 0x29,
    0xff, 0xfc, 0x0, 0xfd, 0xff, 0xfc, 0x10, 0xff,
    0xe5, 0x5f, 0xff, 0xc0, 0x43, 0xef, 0xff, 0xe0,
    0x53, 0xff, 0xf8, 0x1, 0xfa, 0xff, 0xfe, 0x2,
    0x1f, 0xfc, 0x9f, 0xff, 0xe0, 0x87, 0xef, 0xff,
    0xe0, 0x53, 0xff, 0xf8, 0x1, 0xfd, 0xff, 0xfc,
    0x10, 0xff, 0xe4, 0x5f, 0xff, 0xc0, 0x43, 0xf7,
    0xff, 0xf0, 0x29, 0xff, 0xfc, 0x0, 0xfe, 0xbf,
    0xff, 0x81, 0x7, 0xff, 0x1f, 0xff, 0xf8, 0x21,
    0xfd, 0xff, 0xfc, 0xa, 0x7f, 0xff, 0x0, 0x3f,
    0xdf, 0xff, 0xc1, 0xf, 0xfe, 0x35, 0xff, 0xfc,
    0x4, 0x3f, 0xbf, 0xff, 0x81, 0x4f, 0xff, 0xe0,
    0x7, 0xfa, 0xff, 0xfe, 0x4, 0x1f, 0xfc, 0x47,
    0xff, 0xf8, 0x10, 0x7f, 0xbf, 0xff, 0x81, 0x4f,
    0xff, 0xe0, 0x7, 0xfd, 0xff, 0xfc, 0x10, 0xff,
    0xe2, 0x7f, 0xff, 0x4, 0x3f, 0xef, 0xff, 0xe0,
    0x53, 0xff, 0xf8, 0x1, 0xff, 0x5f, 0xff, 0xc0,
    0x83, 0xff, 0x84, 0xff, 0xff, 0x2, 0xf, 0xfb,
    0xff, 0xf8, 0x14, 0xff, 0xfe, 0x0, 0x7f, 0xf0,
    0x3f, 0xff, 0x82, 0x1f, 0xfc, 0x2f, 0xff, 0xe0,
    0x87, 0xff, 0x3, 0xff, 0xf8, 0x14, 0xff, 0xfe,
    0x0, 0x7f, 0xf0, 0x1f, 0xff, 0xe0, 0x87, 0xff,
    0x1, 0xff, 0xfe, 0x4, 0x1f, 0xfc, 0xf, 0xff,
    0xe0, 0x53, 0xff, 0xf8, 0x1, 0xff, 0xc1, 0xff,
    0xfe, 0xa, 0x1f, 0xf7, 0xff, 0xf0, 0x43, 0xff,
    0x83, 0xff, 0xfc, 0xa, 0x7f, 0xff, 0x0, 0x3f,
    0xf8, 0x2f, 0xff, 0xf0, 0x43, 0xfd, 0x7f, 0xff,
    0x2, 0xf, 0xfe, 0xf, 0xff, 0xf0, 0x29, 0xff,
    0xfc, 0x0, 0xff, 0xe1, 0x7f, 0xff, 0x5, 0xf,
    0xef, 0xff, 0xe0, 0x87, 0xff, 0xb, 0xff, 0xf8,
    0x14, 0xff, 0xfe, 0x0, 0x7f, 0xf0, 0x9f, 0xff,
    0xe0, 0x87, 0xeb, 0xff, 0xf8, 0x10, 0x7f, 0xf0,
    0xbf, 0xff, 0x81, 0x4f, 0xff, 0xe0, 0x7, 0xff,
    0xf, 0xff, 0xf8, 0x28, 0x7d, 0xff, 0xfc, 0x10,
    0xff, 0xe1, 0xff, 0xff, 0x2, 0x9f, 0xff, 0xc0,
    0xf, 0xfe, 0x1b, 0xff, 0xfc, 0x10, 0xf5, 0xff,
    0xfc, 0x4, 0x3f, 0xf8, 0x7f, 0xff, 0xc0, 0xa7,
    0xff, 0xf0, 0x3, 0xff, 0x89, 0xff, 0xfc, 0x18,
    0x3b, 0xff, 0xf8, 0x21, 0xff, 0xc4, 0xff, 0xfe,
    0x5, 0x3f, 0xff, 0x80, 0x1f, 0xfc, 0x47, 0xff,
    0xf8, 0x21, 0xbf, 0xff, 0x82, 0x87, 0xff, 0x13,
    0xff, 0xf8, 0x14, 0xff, 0xfe, 0x0, 0x7f, 0xf1,
    0x6f, 0xff, 0xe0, 0x40, 0x7f, 0xff, 0x82, 0x1f,
    0xfc, 0x5f, 0xff, 0xe0, 0x53, 0xff, 0xf8, 0x1,
    0xff, 0xc6, 0xff, 0xfe, 0x8, 0x3f, 0xff, 0x82,
    0x87, 0xff, 0x17, 0xff, 0xf8, 0x14, 0xff, 0xfe,
    0x0, 0x7f, 0xf1, 0xaf, 0xff, 0xe0, 0x4f, 0xff,
    0xf0, 0x43, 0xff, 0x8d, 0xff, 0xfc, 0xa, 0x7f,
    0xff, 0x0, 0x3f, 0xf8, 0xff, 0xff, 0xce, 0x43,
    0xff, 0x8d, 0xff, 0xfc, 0xa, 0x7f, 0xff, 0x0,
    0x3f, 0xf8, 0xf7, 0xff, 0xf3, 0x43, 0xff, 0x8f,
    0xff, 0xfc, 0xa, 0x7f, 0xff, 0x0, 0x3f, 0xf9,
    0x1f, 0xff, 0xcc, 0x43, 0xff, 0x8f, 0xff, 0xfc,
    0xa, 0x7f, 0xff, 0x0, 0x3f, 0xf9, 0x17, 0xff,
    0xf2, 0xa0, 0xff, 0xe4, 0x7f, 0xff, 0x2, 0x9f,
    0xff, 0xc0, 0xf, 0xfe, 0x4f, 0xff, 0xf2, 0x83,
    0xff, 0x93, 0xff, 0xfc, 0xa, 0x7f, 0xff, 0x0,
    0x3f, 0xf9, 0x37, 0xff, 0xf2, 0x20, 0xff, 0xe4,
    0xff, 0xff, 0x2, 0x9f, 0xff, 0xc0, 0xf, 0xfe,
    0x57, 0xff, 0xf2, 0x3, 0xff, 0x95, 0xff, 0xfc,
    0xa, 0x7f, 0xff, 0x0, 0x3f, 0xf9, 0x4f, 0xff,
    0xf1, 0xa0, 0xff, 0xe5, 0x7f, 0xff, 0x2, 0x9f,
    0xff, 0xc0, 0xf, 0xfe, 0x5f, 0xff, 0xf1, 0x83,
    0xff, 0x97, 0xff, 0xfc, 0xa, 0x7f, 0xff, 0x0,
    0x3f, 0xf9, 0x6f, 0xff, 0xf1, 0x20, 0xff, 0xe5,
    0xff, 0xff, 0x2, 0x9f, 0xff, 0xc0, 0xf, 0xfe,
    0x67, 0xff, 0xf1, 0x3, 0xff, 0x99, 0xff, 0xfc,
    0xa, 0x7f, 0xff, 0x0, 0x3f, 0xf9, 0x8f, 0xff,
    0xf0, 0xa0, 0xff, 0xe6, 0x7f, 0xff, 0x2, 0x9f,
    0xff, 0xc0, 0xf, 0xfe, 0x6f, 0xff, 0xf0, 0x83,
    0xff, 0x9b, 0xff, 0xfc, 0xa, 0x7f, 0xff, 0x0,
    0x3f, 0xf9, 0xaf, 0xff, 0xf0, 0x10, 0xff, 0xe6,
    0xff, 0xff, 0x2, 0x9f, 0xff, 0xc0, 0xf, 0xfe,
    0x77, 0xff, 0xf0, 0x3, 0xff, 0x9d, 0xff, 0xfc,
    0xa, 0x7f, 0xff, 0x0, 0x3f, 0xf9, 0xcf, 0xff,
    0x90, 0xff, 0xe7, 0x7f, 0xff, 0x2, 0x9f, 0xff,
    0xc0, 0xf, 0xfe, 0x7d, 0xff, 0xc1, 0xff, 0xcf,
    0xff, 0xfe, 0x5, 0x3f, 0xff, 0x80, 0x1f, 0xfd,
    0xf, 0xfc, 0x87, 0xff, 0x3f, 0xff, 0xf8, 0x14,
    0xff, 0xfe, 0x0, 0x7f, 0xf4, 0x2f, 0xf8, 0x3f,
    0xfa, 0x1f, 0xff, 0xc0, 0xa7, 0xff, 0xf0, 0x3,
    0xff, 0xe9, 0xff, 0xfc, 0xa, 0x7f, 0xff, 0x0,
    0x3f, 0xfe, 0x9f, 0xff, 0xc0, 0xa7, 0xff, 0xf0,
    0x3, 0xff, 0xe9, 0xff, 0xfc, 0xa, 0x7f, 0xff,
    0x0, 0x3f, 0xfe, 0x9f, 0xff, 0xc0, 0xa7, 0xff,
    0xf0, 0x3, 0xff, 0xe9, 0xff, 0xfc, 0xa, 0x7f,
    0xff, 0x0, 0x3f, 0xfe, 0x9f, 0xff, 0xc0, 0xa7,
    0xff, 0xf0, 0x3, 0xff, 0xe9, 0xff, 0xfc, 0xa,
    0x7f, 0xff, 0x0, 0x3f, 0xfe, 0x9f, 0xff, 0xc0,
    0xa7, 0xff, 0xf0, 0x3, 0xff, 0xe9, 0xff, 0xfc,
    0xa, 0x7f, 0xff, 0x0, 0x3f, 0xfe, 0x9f, 0xff,
    0xc0, 0xa7, 0xff, 0xf0, 0x3, 0xff, 0xe9, 0xff,
    0xfc, 0xa, 0x7f, 0xff, 0x0, 0x3f, 0xfe, 0x9f,
    0xff, 0xc0, 0x80,

    /* U+004E "N" */
    0xf, 0xff, 0xdd, 0xff, 0xfc, 0x28, 0x3f, 0xfb,
    0xd7, 0xff, 0xf0, 0x2f, 0xff, 0xe1, 0x87, 0xff,
    0x7a, 0xff, 0xfe, 0x5, 0xff, 0xfc, 0x40, 0xff,
    0xee, 0xdf, 0xff, 0xc0, 0xbf, 0xff, 0x88, 0x87,
    0xff, 0x72, 0xff, 0xfe, 0x5, 0xff, 0xfc, 0x50,
    0xff, 0xee, 0x5f, 0xff, 0xc0, 0xbf, 0xff, 0x8b,
    0x7, 0xff, 0x6e, 0xff, 0xfe, 0x5, 0xff, 0xfc,
    0x64, 0x3f, 0xfb, 0x57, 0xff, 0xf0, 0x2f, 0xff,
    0xe3, 0x87, 0xff, 0x6a, 0xff, 0xfe, 0x5, 0xff,
    0xfc, 0x78, 0x3f, 0xfb, 0x37, 0xff, 0xf0, 0x2f,
    0xff, 0xe4, 0x7, 0xff, 0x66, 0xff, 0xfe, 0x5,
    0xff, 0xfc, 0x90, 0xff, 0xec, 0x5f, 0xff, 0xc0,
    0xbf, 0xff, 0x92, 0x87, 0xff, 0x5e, 0xff, 0xfe,
    0x5, 0xff, 0xfc, 0xa0, 0xff, 0xeb, 0xdf, 0xff,
    0xc0, 0xbf, 0xff, 0x95, 0x7, 0xff, 0x5a, 0xff,
    0xfe, 0x5, 0xff, 0xfc, 0xb4, 0x3f, 0xfa, 0xb7,
    0xff, 0xf0, 0x2f, 0xff, 0xe6, 0x7, 0xff, 0x56,
    0xff, 0xfe, 0x5, 0xff, 0xfc, 0xc8, 0x3f, 0xfa,
    0x97, 0xff, 0xf0, 0x2f, 0xff, 0xe6, 0xa1, 0xff,
    0xd3, 0xbf, 0xff, 0x81, 0x7f, 0xff, 0x38, 0x3f,
    0xfa, 0x77, 0xff, 0xf0, 0x2f, 0xff, 0xe7, 0x41,
    0xff, 0xd2, 0xbf, 0xff, 0x81, 0x7f, 0xff, 0x0,
    0xff, 0xfe, 0x10, 0x7f, 0xf4, 0xaf, 0xff, 0xe0,
    0x5f, 0xff, 0xc0, 0x1f, 0xff, 0xe1, 0x7, 0xff,
    0x46, 0xff, 0xfe, 0x5, 0xff, 0xfc, 0x0, 0x7f,
    0xff, 0x9, 0xf, 0xfe, 0x85, 0xff, 0xfc, 0xb,
    0xff, 0xf8, 0x1, 0x7f, 0xff, 0x8, 0x3f, 0xfa,
    0x17, 0xff, 0xf0, 0x2f, 0xff, 0xe0, 0x5, 0x7f,
    0xff, 0x6, 0xf, 0xfe, 0x7d, 0xff, 0xfc, 0xb,
    0xff, 0xf8, 0x1, 0xbf, 0xff, 0x84, 0x87, 0xff,
    0x3a, 0xff, 0xfe, 0x5, 0xff, 0xfc, 0x0, 0xcf,
    0xff, 0xf0, 0x83, 0xff, 0x9d, 0x7f, 0xff, 0x2,
    0xff, 0xfe, 0x0, 0x75, 0xff, 0xfc, 0x18, 0x3f,
    0xf9, 0xb7, 0xff, 0xf0, 0x2f, 0xff, 0xe0, 0x7,
    0xbf, 0xff, 0x84, 0x1f, 0xfc, 0xdb, 0xff, 0xf8,
    0x17, 0xff, 0xf0, 0x3, 0xcf, 0xff, 0xf0, 0x83,
    0xff, 0x99, 0x7f, 0xff, 0x2, 0xff, 0xfe, 0x0,
    0x7d, 0xff, 0xfc, 0x24, 0x3f, 0xf9, 0x77, 0xff,
    0xf0, 0x2f, 0xff, 0xe0, 0x7, 0xef, 0xff, 0xe1,
    0x7, 0xff, 0x2e, 0xff, 0xfe, 0x5, 0xff, 0xfc,
    0x0, 0xfd, 0x7f, 0xff, 0x6, 0xf, 0xfe, 0x55,
    0xff, 0xfc, 0xb, 0xff, 0xf8, 0x1, 0xfd, 0xff,
    0xfc, 0x24, 0x3f, 0xf9, 0x37, 0xff, 0xf0, 0x2f,
    0xff, 0xe0, 0x7, 0xf3, 0xff, 0xfc, 0x20, 0xff,
    0xe4, 0xdf, 0xff, 0xc0, 0xbf, 0xff, 0x80, 0x1f,
    0xeb, 0xff, 0xf8, 0x30, 0x7f, 0xf2, 0x2f, 0xff,
    0xe0, 0x5f, 0xff, 0xc0, 0xf, 0xfb, 0xff, 0xf8,
    0x48, 0x7f, 0xf1, 0xef, 0xff, 0xe0, 0x5f, 0xff,
    0xc0, 0xf, 0xf9, 0xff, 0xfe, 0x10, 0x7f, 0xf1,
    0xef, 0xff, 0xe0, 0x5f, 0xff, 0xc0, 0xf, 0xfe,
    0x5, 0xff, 0xfc, 0x18, 0x3f, 0xf8, 0xd7, 0xff,
    0xf0, 0x2f, 0xff, 0xe0, 0x7, 0xff, 0x7, 0xff,
    0xf8, 0x41, 0xff, 0xc6, 0xbf, 0xff, 0x81, 0x7f,
    0xff, 0x0, 0x3f, 0xf8, 0x2f, 0xff, 0xf0, 0x83,
    0xff, 0x8b, 0x7f, 0xff, 0x2, 0xff, 0xfe, 0x0,
    0x7f, 0xf0, 0xbf, 0xff, 0x84, 0x87, 0xff, 0x12,
    0xff, 0xfe, 0x5, 0xff, 0xfc, 0x0, 0xff, 0xe1,
    0xff, 0xff, 0x8, 0x3f, 0xf8, 0x97, 0xff, 0xf0,
    0x2f, 0xff, 0xe0, 0x7, 0xff, 0xe, 0xff, 0xfe,
    0xc, 0x1f, 0xfc, 0x3b, 0xff, 0xf8, 0x17, 0xff,
    0xf0, 0x3, 0xff, 0x89, 0xff, 0xfc, 0x24, 0x3f,
    0xf8, 0x57, 0xff, 0xf0, 0x2f, 0xff, 0xe0, 0x7,
    0xff, 0x11, 0xff, 0xfe, 0x10, 0x7f, 0xf0, 0xaf,
    0xff, 0xe0, 0x5f, 0xff, 0xc0, 0xf, 0xfe, 0x2d,
    0xff, 0xfc, 0x18, 0x3f, 0xf8, 0x37, 0xff, 0xf0,
    0x2f, 0xff, 0xe0, 0x7, 0xff, 0x1b, 0xff, 0xf8,
    0x41, 0xff, 0xc1, 0xbf, 0xff, 0x81, 0x7f, 0xff,
    0x0, 0x3f, 0xf8, 0xcf, 0xff, 0xf0, 0x83, 0xff,
    0x81, 0x7f, 0xff, 0x2, 0xff, 0xfe, 0x0, 0x7f,
    0xf1, 0xff, 0xff, 0x84, 0x87, 0xfd, 0x7f, 0xff,
    0x2, 0xff, 0xfe, 0x0, 0x7f, 0xf2, 0x3f, 0xff,
    0x84, 0x1f, 0xf5, 0xff, 0xfc, 0xb, 0xff, 0xf8,
    0x1, 0xff, 0xc8, 0xbf, 0xff, 0x83, 0x7, 0xfa,
    0xff, 0xfe, 0x5, 0xff, 0xfc, 0x0, 0xff, 0xe4,
    0xff, 0xff, 0x9, 0xf, 0xeb, 0xff, 0xf8, 0x17,
    0xff, 0xf0, 0x3, 0xff, 0x92, 0xff, 0xff, 0x8,
    0x3f, 0xaf, 0xff, 0xe0, 0x5f, 0xff, 0xc0, 0xf,
    0xfe, 0x55, 0xff, 0xfc, 0x18, 0x3f, 0x5f, 0xff,
    0xc0, 0xbf, 0xff, 0x80, 0x1f, 0xfc, 0xbf, 0xff,
    0xe1, 0x21, 0xf5, 0xff, 0xfc, 0xb, 0xff, 0xf8,
    0x1, 0xff, 0xcb, 0x7f, 0xff, 0x84, 0x1f, 0x5f,
    0xff, 0xc0, 0xbf, 0xff, 0x80, 0x1f, 0xfc, 0xcf,
    0xff, 0xe1, 0x41, 0xeb, 0xff, 0xf8, 0x17, 0xff,
    0xf0, 0x3, 0xff, 0x9b, 0xff, 0xfc, 0x20, 0xf5,
    0xff, 0xfc, 0xb, 0xff, 0xf8, 0x1, 0xff, 0xcd,
    0x7f, 0xff, 0x84, 0x1d, 0x7f, 0xff, 0x2, 0xff,
    0xfe, 0x0, 0x7f, 0xf3, 0xbf, 0xff, 0x84, 0x86,
    0xbf, 0xff, 0x81, 0x7f, 0xff, 0x0, 0x3f, 0xf9,
    0xff, 0xff, 0xc2, 0xd, 0x7f, 0xff, 0x2, 0xff,
    0xfe, 0x0, 0x7f, 0xf3, 0xef, 0xff, 0xe0, 0xc1,
    0x5f, 0xff, 0xc0, 0xbf, 0xff, 0x80, 0x1f, 0xfd,
    0xf, 0xff, 0xe1, 0x20, 0xbf, 0xff, 0x81, 0x7f,
    0xff, 0x0, 0x3f, 0xfa, 0xf, 0xff, 0xf0, 0x81,
    0x7f, 0xff, 0x2, 0xff, 0xfe, 0x0, 0x7f, 0xf4,
    0x6f, 0xff, 0xe0, 0xc5, 0xff, 0xfc, 0xb, 0xff,
    0xf8, 0x1, 0xff, 0xd2, 0xff, 0xfe, 0x11, 0x7f,
    0xff, 0x2, 0xff, 0xfe, 0x0, 0x7f, 0xf4, 0x9f,
    0xff, 0xe7, 0xdf, 0xff, 0xc0, 0xf, 0xfe, 0x9f,
    0xff, 0xf3, 0xef, 0xff, 0xe0, 0x7, 0xff, 0x53,
    0xff, 0xf9, 0xd7, 0xff, 0xf0, 0x3, 0xff, 0xa9,
    0x7f, 0xff, 0x36, 0xff, 0xfe, 0x0, 0x7f, 0xf5,
    0x7f, 0xff, 0x9b, 0x7f, 0xff, 0x0, 0x3f, 0xfa,
    0xaf, 0xff, 0xf3, 0x2f, 0xff, 0xe0, 0x7, 0xff,
    0x5a, 0xff, 0xfe, 0x5d, 0xff, 0xfc, 0x0, 0xff,
    0xeb, 0xff, 0xff, 0x2e, 0xff, 0xfe, 0x0, 0x7f,
    0xf5, 0xdf, 0xff, 0xe5, 0x5f, 0xff, 0xc0, 0xf,
    0xfe, 0xc7, 0xff, 0xf2, 0xaf, 0xff, 0xe0, 0x7,
    0xff, 0x67, 0xff, 0xf9, 0x37, 0xff, 0xf0, 0x3,
    0xff, 0xb3, 0x7f, 0xff, 0x22, 0xff, 0xfe, 0x0,
    0x7f, 0xf6, 0xbf, 0xff, 0x91, 0x7f, 0xff, 0x0,
    0x3f, 0xfb, 0x4f, 0xff, 0xf1, 0xef, 0xff, 0xe0,
    0x7, 0xff, 0x6e, 0xff, 0xfe, 0x35, 0xff, 0xfc,
    0x0, 0xff, 0xee, 0x7f, 0xff, 0x1a, 0xff, 0xfe,
    0x0, 0x7f, 0xf7, 0x1f, 0xff, 0xe2, 0xdf, 0xff,
    0xc0, 0xf, 0xfe, 0xed, 0xff, 0xfc, 0x4b, 0xff,
    0xf8, 0x1, 0xff, 0xde, 0xff, 0xfe, 0x25, 0xff,
    0xfc, 0x0, 0xff, 0xef, 0x3f, 0xff, 0xc3, 0xbf,
    0xff, 0x80, 0x1f, 0xfd, 0xff, 0xff, 0xe1, 0x80,

    /* U+004F "O" */
    0xf, 0xfe, 0xc3, 0x57, 0xfd, 0x45, 0x7, 0xff,
    0xdd, 0xbf, 0xff, 0x93, 0x21, 0xff, 0xef, 0x6f,
    0xff, 0xe7, 0xc8, 0x7f, 0xfa, 0xaf, 0xff, 0xea,
    0xc1, 0xff, 0xe6, 0xbf, 0xff, 0xb3, 0x7, 0xff,
    0x8a, 0xff, 0xfe, 0xec, 0x1f, 0xfd, 0xe7, 0xff,
    0xfc, 0x28, 0x7f, 0xf6, 0xff, 0xff, 0xc9, 0x7,
    0xff, 0x61, 0xff, 0xff, 0x38, 0x7f, 0xf5, 0xaf,
    0xff, 0xf4, 0xa1, 0xff, 0xd3, 0xbf, 0xff, 0xd7,
    0x7, 0xff, 0x47, 0xff, 0xfd, 0xd0, 0x7f, 0xf3,
    0xff, 0xff, 0x99, 0x21, 0xf9, 0x57, 0xff, 0xf2,
    0xe0, 0xff, 0xe6, 0xff, 0xff, 0x26, 0x43, 0xff,
    0x8a, 0xdf, 0xff, 0xc8, 0x83, 0xff, 0x97, 0x7f,
    0xff, 0x1d, 0xf, 0xfe, 0x5b, 0xff, 0xfc, 0x74,
    0x3f, 0xf9, 0x37, 0xff, 0xf1, 0x90, 0xff, 0xe7,
    0xbf, 0xff, 0xc6, 0x43, 0xff, 0x8e, 0xff, 0xff,
    0x16, 0xf, 0xfe, 0x9f, 0xff, 0xf1, 0x83, 0xff,
    0x8f, 0xff, 0xfc, 0x54, 0x3f, 0xfa, 0xb7, 0xff,
    0xf1, 0x43, 0xff, 0x8b, 0x7f, 0xff, 0x10, 0x3f,
    0xfb, 0xf, 0xff, 0xf1, 0x10, 0xff, 0xe1, 0xbf,
    0xff, 0xc4, 0xf, 0xfe, 0xdf, 0xff, 0xf1, 0x3,
    0xff, 0x87, 0xff, 0xfc, 0x40, 0xff, 0xee, 0xff,
    0xff, 0x10, 0x3f, 0xf8, 0x37, 0xff, 0xf0, 0xc3,
    0xff, 0xbf, 0xff, 0xfc, 0x34, 0x3f, 0xf8, 0x1f,
    0xff, 0xc3, 0x43, 0xff, 0xbe, 0xff, 0xff, 0xc,
    0x3f, 0xeb, 0xff, 0xf8, 0x50, 0x7f, 0xf8, 0x6f,
    0xff, 0xe1, 0x21, 0xfe, 0xff, 0xfe, 0x18, 0x7f,
    0xf8, 0xff, 0xff, 0x86, 0x1f, 0xd7, 0xff, 0xf0,
    0x83, 0xff, 0xc8, 0xff, 0xff, 0x9, 0xf, 0xdf,
    0xff, 0xc2, 0x83, 0xff, 0xcb, 0x7f, 0xff, 0x6,
    0xf, 0x9f, 0xff, 0xe1, 0x7, 0xff, 0x9f, 0xff,
    0xf8, 0x41, 0xf5, 0xff, 0xfc, 0x18, 0x3f, 0xfc,
    0xf7, 0xff, 0xf0, 0x60, 0xf7, 0xff, 0xf0, 0x83,
    0xff, 0xd3, 0xff, 0xfc, 0x20, 0xe7, 0xff, 0xf8,
    0x30, 0x7f, 0xfa, 0x7f, 0xff, 0x84, 0x1d, 0x7f,
    0xff, 0x5, 0xf, 0xff, 0x4b, 0xff, 0xfc, 0x14,
    0x37, 0xff, 0xf0, 0x83, 0xff, 0xd7, 0xff, 0xfc,
    0x20, 0xdf, 0xff, 0xc1, 0x83, 0xff, 0xd7, 0x7f,
    0xff, 0x4, 0x27, 0xff, 0xf8, 0x28, 0x7f, 0xfa,
    0xdf, 0xff, 0xe0, 0xa0, 0xbf, 0xff, 0x82, 0x1f,
    0xfe, 0xdf, 0xff, 0xe0, 0xa0, 0xff, 0xfe, 0x10,
    0x7f, 0xfb, 0x7f, 0xff, 0x83, 0x3, 0xff, 0xf8,
    0x30, 0x7f, 0xfb, 0x6f, 0xff, 0xe0, 0x83, 0xff,
    0xf8, 0x30, 0x7f, 0xfb, 0x6f, 0xff, 0xe0, 0x83,
    0xff, 0xf8, 0x28, 0x7f, 0xfb, 0x5f, 0xff, 0xe0,
    0x8f, 0xff, 0xf0, 0x43, 0xff, 0xdf, 0xff, 0xfc,
    0x11, 0xff, 0xfe, 0x8, 0x7f, 0xfb, 0xff, 0xff,
    0x82, 0xaf, 0xff, 0xe0, 0x87, 0xff, 0xbf, 0xff,
    0xf8, 0x2a, 0xff, 0xfe, 0x8, 0x7f, 0xfb, 0xff,
    0xff, 0x82, 0xdf, 0xff, 0xc1, 0xf, 0xff, 0x7f,
    0xff, 0xf0, 0x5b, 0xff, 0xf8, 0x21, 0xff, 0xef,
    0xff, 0xfe, 0xb, 0x7f, 0xff, 0x4, 0x3f, 0xfd,
    0xff, 0xff, 0xc1, 0x6f, 0xff, 0xe0, 0x87, 0xff,
    0xbf, 0xff, 0xf8, 0x2d, 0xff, 0xfc, 0x10, 0xff,
    0xf7, 0xff, 0xff, 0x5, 0x5f, 0xff, 0xc1, 0xf,
    0xff, 0x7f, 0xff, 0xf0, 0x55, 0xff, 0xfc, 0x10,
    0xff, 0xf7, 0xff, 0xff, 0x5, 0x5f, 0xff, 0xc1,
    0xf, 0xff, 0x73, 0xff, 0xfc, 0x10, 0x7f, 0xff,
    0x5, 0xf, 0xff, 0x6d, 0xff, 0xfc, 0x10, 0x7f,
    0xff, 0x5, 0xf, 0xff, 0x6d, 0xff, 0xfc, 0x10,
    0x7f, 0xff, 0x6, 0xf, 0xff, 0x6f, 0xff, 0xf0,
    0x81, 0xff, 0xfc, 0x20, 0xff, 0xf6, 0xff, 0xff,
    0x6, 0x5, 0xff, 0xfc, 0x10, 0xff, 0xf6, 0x3f,
    0xff, 0xc1, 0x80, 0xff, 0xff, 0x5, 0xf, 0xff,
    0x5d, 0xff, 0xfc, 0x14, 0x2f, 0xff, 0xe0, 0xc1,
    0xff, 0xeb, 0xff, 0xfe, 0x10, 0x6f, 0xff, 0xe1,
    0x7, 0xff, 0xaf, 0xff, 0xf8, 0x41, 0xaf, 0xff,
    0xe0, 0xa1, 0xff, 0xe9, 0xbf, 0xff, 0x83, 0x6,
    0x7f, 0xff, 0x83, 0x7, 0xff, 0xa7, 0xff, 0xf8,
    0x48, 0x77, 0xff, 0xf0, 0x83, 0xff, 0xd0, 0xff,
    0xff, 0x8, 0x3d, 0xff, 0xfc, 0x28, 0x3f, 0xfc,
    0xf7, 0xff, 0xf0, 0x60, 0xf3, 0xff, 0xfc, 0x20,
    0xff, 0xf3, 0xff, 0xff, 0x9, 0xf, 0xbf, 0xff,
    0x85, 0x7, 0xff, 0x97, 0xff, 0xf8, 0x61, 0xfa,
    0xff, 0xfe, 0x10, 0x7f, 0xf9, 0x1f, 0xff, 0xe1,
    0x21, 0xfd, 0xff, 0xfc, 0x28, 0x3f, 0xfc, 0x7f,
    0xff, 0xc3, 0xf, 0xf5, 0xff, 0xfc, 0x24, 0x3f,
    0xfc, 0x37, 0xff, 0xf0, 0xa0, 0xff, 0xbf, 0xff,
    0x86, 0x1f, 0xfe, 0x7, 0xff, 0xf8, 0x61, 0xff,
    0xc0, 0xbf, 0xff, 0x86, 0x1f, 0xfd, 0xff, 0xff,
    0xe1, 0xc1, 0xff, 0xc1, 0xff, 0xfe, 0x20, 0x7f,
    0xf7, 0x7f, 0xff, 0x88, 0x1f, 0xfc, 0x2b, 0xff,
    0xf8, 0x81, 0xff, 0xdb, 0xff, 0xfe, 0x22, 0x1f,
    0xfc, 0x3f, 0xff, 0xe2, 0x87, 0xff, 0x61, 0xff,
    0xfe, 0x28, 0x7f, 0xf1, 0x1f, 0xff, 0xe2, 0xa1,
    0xff, 0xd5, 0xbf, 0xff, 0x8a, 0x1f, 0xfc, 0x6b,
    0xff, 0xf8, 0xb0, 0x7f, 0xf4, 0xff, 0xff, 0x8c,
    0x87, 0xff, 0x1f, 0xff, 0xf8, 0xe8, 0x7f, 0xf3,
    0xef, 0xff, 0xe3, 0x41, 0xff, 0xc9, 0xff, 0xfe,
    0x42, 0x1f, 0xfc, 0xbb, 0xff, 0xf9, 0x1, 0xff,
    0xcb, 0xff, 0xfe, 0x4c, 0x1f, 0xfc, 0x66, 0xff,
    0xfe, 0x48, 0x7f, 0xf3, 0x7f, 0xff, 0x97, 0x28,
    0x3f, 0x9a, 0x7f, 0xff, 0x2c, 0x3f, 0xf9, 0xff,
    0xff, 0xef, 0xf, 0xfe, 0x8f, 0xff, 0xfb, 0x43,
    0xff, 0xa7, 0xff, 0xfe, 0xa8, 0x3f, 0xfa, 0xb7,
    0xff, 0xf9, 0xd0, 0xff, 0xeb, 0xbf, 0xff, 0xe5,
    0xf, 0xfe, 0xdd, 0xff, 0xfe, 0x18, 0x3f, 0xfb,
    0xdf, 0xff, 0xde, 0x83, 0xff, 0xc2, 0xff, 0xff,
    0x6a, 0xf, 0xff, 0x2b, 0x7f, 0xff, 0x56, 0xf,
    0xff, 0x53, 0xff, 0xfd, 0x14, 0x3f, 0xfd, 0xed,
    0xff, 0xfc, 0x99, 0xf, 0xff, 0xb2, 0xa9, 0xff,
    0xd4, 0x50, 0x7f, 0xf5, 0xc0,

    /* U+0050 "P" */
    0xff, 0xfe, 0xd5, 0x14, 0x1f, 0xfc, 0xbf, 0xff,
    0xf0, 0x48, 0x7f, 0xf1, 0xff, 0xff, 0xc8, 0x87,
    0xff, 0x13, 0xff, 0xfc, 0xd0, 0x7f, 0xf0, 0xbf,
    0xff, 0xd1, 0x7, 0xff, 0x3, 0xff, 0xfd, 0x48,
    0x7f, 0xbf, 0xff, 0xd7, 0x7, 0xf7, 0xff, 0xfb,
    0x43, 0xf7, 0xff, 0xfb, 0x83, 0xef, 0xff, 0xf7,
    0x87, 0xbf, 0xff, 0xe0, 0x1d, 0xff, 0xfc, 0x10,
    0xff, 0xe5, 0x2d, 0x7f, 0xff, 0x26, 0xd, 0xff,
    0xfc, 0x10, 0xff, 0xe8, 0x3f, 0xff, 0xc7, 0xd,
    0xff, 0xfc, 0x10, 0xff, 0xe9, 0x3f, 0xff, 0xc5,
    0x82, 0xff, 0xfe, 0x8, 0x7f, 0xf5, 0x2f, 0xff,
    0xe2, 0x5, 0xff, 0xfc, 0x10, 0xff, 0xea, 0xbf,
    0xff, 0xc3, 0x81, 0xff, 0xfc, 0x10, 0xff, 0xeb,
    0x3f, 0xff, 0xc3, 0x7, 0xff, 0xf0, 0x43, 0xff,
    0xaf, 0x7f, 0xff, 0x9, 0x3f, 0xff, 0x82, 0x1f,
    0xfd, 0x8f, 0xff, 0xe1, 0x47, 0xff, 0xf0, 0x43,
    0xff, 0xb1, 0x7f, 0xff, 0x8, 0xff, 0xfe, 0x8,
    0x7f, 0xf6, 0x7f, 0xff, 0x84, 0x7f, 0xff, 0x4,
    0x3f, 0xfb, 0x3f, 0xff, 0xc2, 0x3f, 0xff, 0x82,
    0x1f, 0xfd, 0x9b, 0xff, 0xf8, 0x27, 0xff, 0xf0,
    0x43, 0xff, 0xb2, 0xff, 0xff, 0x5, 0xff, 0xfe,
    0x8, 0x7f, 0xf6, 0xbf, 0xff, 0x82, 0xff, 0xff,
    0x4, 0x3f, 0xfb, 0x5f, 0xff, 0xc1, 0x7f, 0xff,
    0x82, 0x1f, 0xfd, 0xaf, 0xff, 0xe0, 0xdf, 0xff,
    0xc1, 0xf, 0xfe, 0xd7, 0xff, 0xf0, 0x6f, 0xff,
    0xe0, 0x87, 0xff, 0x6b, 0xff, 0xf8, 0x37, 0xff,
    0xf0, 0x43, 0xff, 0xb5, 0xff, 0xfc, 0x17, 0xff,
    0xf8, 0x21, 0xff, 0xda, 0xff, 0xfe, 0xb, 0xff,
    0xfc, 0x10, 0xff, 0xec, 0xbf, 0xff, 0xc1, 0x7f,
    0xff, 0x82, 0x1f, 0xfd, 0x9b, 0xff, 0xf8, 0x27,
    0xff, 0xf0, 0x43, 0xff, 0xb3, 0xff, 0xfc, 0x23,
    0xff, 0xf8, 0x21, 0xff, 0xd9, 0xff, 0xfe, 0x11,
    0xff, 0xfc, 0x10, 0xff, 0xec, 0x3f, 0xff, 0xc1,
    0x8f, 0xff, 0xe0, 0x87, 0xff, 0x63, 0xff, 0xf8,
    0x49, 0xff, 0xfc, 0x10, 0xff, 0xeb, 0xdf, 0xff,
    0xc2, 0x7, 0xff, 0xf0, 0x43, 0xff, 0xac, 0xff,
    0xff, 0xc, 0x1f, 0xff, 0xc1, 0xf, 0xfe, 0xb7,
    0xff, 0xf0, 0xd0, 0x7f, 0xff, 0x4, 0x3f, 0xfa,
    0x8f, 0xff, 0xf1, 0x2, 0xff, 0xfe, 0x8, 0x7f,
    0xf4, 0xef, 0xff, 0xe2, 0x41, 0x7f, 0xff, 0x4,
    0x3f, 0xfa, 0xd, 0xff, 0xfc, 0x60, 0xdf, 0xff,
    0xc1, 0xf, 0xfe, 0x5a, 0xaf, 0xff, 0xe4, 0xa1,
    0xbf, 0xff, 0xdf, 0x7, 0x7f, 0xff, 0xbc, 0x3d,
    0xff, 0xfe, 0xe0, 0xfb, 0xff, 0xfd, 0xa1, 0xfb,
    0xff, 0xfd, 0x70, 0x7f, 0x7f, 0xff, 0xa9, 0xf,
    0xf7, 0xff, 0xfa, 0x20, 0xff, 0xe0, 0x7f, 0xff,
    0x9a, 0xf, 0xfe, 0x17, 0xff, 0xf9, 0x20, 0xff,
    0xe2, 0x7f, 0xff, 0x86, 0x43, 0xff, 0x8d, 0xff,
    0xfd, 0xba, 0x28, 0x3f, 0xf9, 0x5f, 0xff, 0xc1,
    0xf, 0xff, 0x47, 0xff, 0xf0, 0x43, 0xff, 0xd1,
    0xff, 0xfc, 0x10, 0xff, 0xf4, 0x7f, 0xff, 0x4,
    0x3f, 0xfd, 0x1f, 0xff, 0xc1, 0xf, 0xff, 0x47,
    0xff, 0xf0, 0x43, 0xff, 0xd1, 0xff, 0xfc, 0x10,
    0xff, 0xf4, 0x7f, 0xff, 0x4, 0x3f, 0xfd, 0x1f,
    0xff, 0xc1, 0xf, 0xff, 0x47, 0xff, 0xf0, 0x43,
    0xff, 0xd1, 0xff, 0xfc, 0x10, 0xff, 0xf4, 0x7f,
    0xff, 0x4, 0x3f, 0xfd, 0x1f, 0xff, 0xc1, 0xf,
    0xff, 0x47, 0xff, 0xf0, 0x43, 0xff, 0xd1, 0xff,
    0xfc, 0x10, 0xff, 0xf4, 0x7f, 0xff, 0x4, 0x3f,
    0xfd, 0x1f, 0xff, 0xc1, 0xf, 0xff, 0x47, 0xff,
    0xf0, 0x43, 0xff, 0xd1, 0xff, 0xfc, 0x10, 0xff,
    0xf4, 0x7f, 0xff, 0x4, 0x3f, 0xfd, 0x1f, 0xff,
    0xc1, 0xf, 0xff, 0x47, 0xff, 0xf0, 0x43, 0xff,
    0xd1, 0xff, 0xfc, 0x10, 0xff, 0xf4, 0x7f, 0xff,
    0x4, 0x3f, 0xfd, 0x1f, 0xff, 0xc1, 0xf, 0xff,
    0x47, 0xff, 0xf0, 0x43, 0xff, 0xd1, 0xff, 0xfc,
    0x10, 0xff, 0xf4, 0x7f, 0xff, 0x4, 0x3f, 0xfd,
    0x1f, 0xff, 0xc1, 0xf, 0xff, 0x47, 0xff, 0xf0,
    0x43, 0xff, 0xd1, 0xff, 0xfc, 0x10, 0xff, 0xf4,
    0x7f, 0xff, 0x4, 0x3f, 0xfd, 0x1f, 0xff, 0xc1,
    0xf, 0xff, 0x43, 0x5f, 0xfc, 0x0, 0xff, 0xf4,
    0x0,

    /* U+0051 "Q" */
    0xf, 0xfe, 0xc3, 0x57, 0xfd, 0x45, 0x7, 0xff,
    0xdd, 0xbf, 0xff, 0x93, 0x21, 0xff, 0xef, 0x6f,
    0xff, 0xe7, 0xc8, 0x7f, 0xfa, 0xaf, 0xff, 0xea,
    0xc1, 0xff, 0xe6, 0xbf, 0xff, 0xb3, 0x7, 0xff,
    0x8a, 0xff, 0xfe, 0xec, 0x1f, 0xfd, 0xe7, 0xff,
    0xfc, 0x28, 0x7f, 0xf6, 0xff, 0xff, 0xc9, 0x7,
    0xff, 0x61, 0xff, 0xff, 0x38, 0x7f, 0xf5, 0xaf,
    0xff, 0xf4, 0xa1, 0xff, 0xd3, 0xbf, 0xff, 0xd7,
    0x7, 0xff, 0x47, 0xff, 0xfd, 0xd0, 0x7f, 0xf3,
    0xff, 0xff, 0x99, 0x21, 0xf9, 0x57, 0xff, 0xf2,
    0xe0, 0xff, 0xe6, 0xff, 0xff, 0x26, 0x43, 0xff,
    0x8a, 0xdf, 0xff, 0xc8, 0x83, 0xff, 0x97, 0x7f,
    0xff, 0x1d, 0xf, 0xfe, 0x5b, 0xff, 0xfc, 0x74,
    0x3f, 0xf9, 0x37, 0xff, 0xf1, 0x90, 0xff, 0xe7,
    0xbf, 0xff, 0xc6, 0x43, 0xff, 0x8e, 0xff, 0xff,
    0x16, 0xf, 0xfe, 0x9d, 0xff, 0xfc, 0x50, 0xff,
    0xe3, 0xff, 0xff, 0x15, 0xf, 0xfe, 0xab, 0xff,
    0xfc, 0x50, 0xff, 0xe2, 0xdf, 0xff, 0xc4, 0xf,
    0xfe, 0xcf, 0xff, 0xf1, 0x10, 0xff, 0xe1, 0xbf,
    0xff, 0xc4, 0xf, 0xfe, 0xdf, 0xff, 0xf1, 0x3,
    0xff, 0x87, 0xff, 0xfc, 0x40, 0xff, 0xee, 0xff,
    0xff, 0xe, 0xf, 0xfe, 0xd, 0xff, 0xfc, 0x30,
    0xff, 0xef, 0xff, 0xff, 0xd, 0xf, 0xfe, 0x7,
    0xff, 0xf0, 0xd0, 0xff, 0xef, 0xbf, 0xff, 0xc3,
    0xf, 0xfa, 0xff, 0xfe, 0x14, 0x1f, 0xfe, 0x1b,
    0xff, 0xf8, 0x48, 0x7f, 0xbf, 0xff, 0x86, 0x1f,
    0xfe, 0x3f, 0xff, 0xe1, 0x87, 0xf5, 0xff, 0xfc,
    0x20, 0xff, 0xf2, 0xff, 0xff, 0x9, 0xf, 0xdf,
    0xff, 0xc2, 0x83, 0xff, 0xcb, 0x7f, 0xff, 0x6,
    0xf, 0x9f, 0xff, 0xe1, 0x7, 0xff, 0x9f, 0xff,
    0xf8, 0x41, 0xf5, 0xff, 0xfc, 0x18, 0x3f, 0xfc,
    0xf7, 0xff, 0xf0, 0x60, 0xf7, 0xff, 0xf0, 0x83,
    0xff, 0xd3, 0xff, 0xfc, 0x20, 0xe7, 0xff, 0xf8,
    0x30, 0x7f, 0xfa, 0x6f, 0xff, 0xe0, 0x87, 0x5f,
    0xff, 0xc1, 0x43, 0xff, 0xd2, 0xff, 0xff, 0x5,
    0xd, 0xff, 0xfc, 0x20, 0xff, 0xf5, 0xff, 0xff,
    0x8, 0x37, 0xff, 0xf0, 0x60, 0xff, 0xf5, 0xdf,
    0xff, 0xc1, 0x9, 0xff, 0xfe, 0xa, 0x1f, 0xfe,
    0xb7, 0xff, 0xf8, 0x21, 0x5f, 0xff, 0xc1, 0xf,
    0xff, 0x6f, 0xff, 0xf0, 0x50, 0x7f, 0xff, 0x8,
    0x3f, 0xfd, 0xbf, 0xff, 0xc1, 0x81, 0xff, 0xfc,
    0x18, 0x3f, 0xfd, 0xb7, 0xff, 0xf0, 0x41, 0xff,
    0xfc, 0x18, 0x3f, 0xfd, 0xb7, 0xff, 0xf0, 0x41,
    0xff, 0xfc, 0x14, 0x3f, 0xfd, 0xaf, 0xff, 0xf0,
    0x47, 0xff, 0xf8, 0x21, 0xff, 0xef, 0xff, 0xfe,
    0x8, 0xff, 0xff, 0x4, 0x3f, 0xfd, 0xff, 0xff,
    0xc1, 0x57, 0xff, 0xf0, 0x43, 0xff, 0xdf, 0xff,
    0xfc, 0x15, 0x7f, 0xff, 0x4, 0x3f, 0xfd, 0xff,
    0xff, 0xc1, 0x6f, 0xff, 0xe0, 0x87, 0xff, 0xbf,
    0xff, 0xf8, 0x2d, 0xff, 0xfc, 0x10, 0xff, 0xf7,
    0xff, 0xff, 0x5, 0xbf, 0xff, 0x82, 0x1f, 0xfe,
    0xff, 0xff, 0xe0, 0xb7, 0xff, 0xf0, 0x43, 0xff,
    0xdf, 0xff, 0xfc, 0x16, 0xff, 0xfe, 0x8, 0x7f,
    0xfb, 0xff, 0xff, 0x82, 0xaf, 0xff, 0xe0, 0x87,
    0xff, 0xbf, 0xff, 0xf8, 0x2a, 0xff, 0xfe, 0x8,
    0x7f, 0xfb, 0x9f, 0xff, 0xe0, 0xab, 0xff, 0xf8,
    0x21, 0xff, 0xee, 0x7f, 0xff, 0x82, 0xf, 0xff,
    0xe0, 0xa1, 0xff, 0xed, 0xbf, 0xff, 0x82, 0xf,
    0xff, 0xe0, 0xa1, 0xff, 0xed, 0xbf, 0xff, 0x82,
    0xf, 0xff, 0xe0, 0xc1, 0xff, 0xed, 0xff, 0xfe,
    0x10, 0x3f, 0xff, 0x84, 0x1f, 0xfe, 0xdf, 0xff,
    0xe0, 0xc0, 0xbf, 0xff, 0x82, 0x1f, 0xfe, 0xc7,
    0xff, 0xf8, 0x28, 0x1f, 0xff, 0xe0, 0xa1, 0xff,
    0xeb, 0xbf, 0xff, 0x82, 0x1b, 0xff, 0xf8, 0x30,
    0x7f, 0xf6, 0xd0, 0xff, 0xe1, 0xff, 0xff, 0x8,
    0x37, 0xff, 0xf0, 0x83, 0xff, 0xb4, 0xf8, 0x3f,
    0xf8, 0x2f, 0xff, 0xf0, 0x83, 0x5f, 0xff, 0xc1,
    0x43, 0xff, 0xb1, 0x7e, 0xf, 0xfe, 0x5, 0xff,
    0xfc, 0x18, 0x33, 0xff, 0xfc, 0x18, 0x3f, 0xfa,
    0xff, 0xe8, 0x3f, 0xef, 0xff, 0xe1, 0x7, 0xbf,
    0xff, 0x84, 0x1f, 0xfd, 0x57, 0xff, 0x21, 0xfc,
    0xff, 0xff, 0x8, 0x3d, 0xff, 0xfc, 0x28, 0x3f,
    0xfa, 0x6f, 0xff, 0x90, 0xfd, 0xff, 0xfc, 0x28,
    0x3c, 0xff, 0xff, 0x8, 0x3f, 0xfa, 0x57, 0xff,
    0xf0, 0x3, 0xe7, 0xff, 0xf8, 0x41, 0xfb, 0xff,
    0xf8, 0x50, 0x7f, 0xf4, 0x2f, 0xff, 0xe1, 0x7,
    0xbf, 0xff, 0x86, 0x1f, 0xaf, 0xff, 0xe1, 0x7,
    0xff, 0x46, 0xff, 0xfe, 0x10, 0x67, 0xff, 0xf8,
    0x48, 0x7f, 0x7f, 0xff, 0xa, 0xf, 0xfe, 0x8f,
    0xff, 0xf0, 0xa0, 0xbf, 0xff, 0x86, 0x1f, 0xeb,
    0xff, 0xf8, 0x48, 0x7f, 0xf4, 0x7f, 0xff, 0x85,
    0x17, 0xff, 0xf0, 0x90, 0xff, 0xbf, 0xff, 0x86,
    0x1f, 0xfd, 0x2f, 0xff, 0xe1, 0x5f, 0xff, 0xc3,
    0xf, 0xfe, 0x5, 0xff, 0xfc, 0x30, 0xff, 0xe8,
    0xbf, 0xff, 0xd0, 0x43, 0xff, 0x83, 0xff, 0xfc,
    0x40, 0xff, 0xe8, 0xdf, 0xff, 0xcf, 0xf, 0xfe,
    0x13, 0xff, 0xfc, 0x40, 0xff, 0xe8, 0xdf, 0xff,
    0xcd, 0x43, 0xff, 0x87, 0xff, 0xfc, 0x50, 0xff,
    0xe8, 0xff, 0xff, 0x32, 0xf, 0xfe, 0x2f, 0xff,
    0xf1, 0x50, 0xff, 0xe8, 0x7f, 0xff, 0x2c, 0x3f,
    0xf8, 0xcf, 0xff, 0xf1, 0x60, 0xff, 0xe8, 0x7f,
    0xff, 0x24, 0x3f, 0xf9, 0x17, 0xff, 0xf1, 0x90,
    0xff, 0xe7, 0x3f, 0xff, 0xc7, 0x43, 0xff, 0x93,
    0x7f, 0xff, 0x1d, 0xf, 0xfe, 0x5d, 0xff, 0xfc,
    0x78, 0x3f, 0xf9, 0x7f, 0xff, 0xc9, 0x43, 0xff,
    0x8c, 0xff, 0xff, 0x26, 0xf, 0xfe, 0x6f, 0xff,
    0xf2, 0xe5, 0x7, 0xf3, 0x7f, 0xff, 0x30, 0x3f,
    0xf9, 0xff, 0xff, 0xf0, 0x83, 0xff, 0x9f, 0xff,
    0xff, 0x8, 0x3f, 0xf9, 0xf7, 0xff, 0xfb, 0xd0,
    0xff, 0xe7, 0xbf, 0xff, 0xef, 0x43, 0xff, 0xa1,
    0xff, 0xfe, 0xf0, 0xff, 0xe8, 0xdf, 0xff, 0xee,
    0xf, 0xfe, 0x97, 0xff, 0xf7, 0xa9, 0xff, 0xfc,
    0x20, 0xff, 0xe9, 0x3f, 0xff, 0xda, 0x82, 0xff,
    0xfe, 0x14, 0x1f, 0xfd, 0x36, 0xff, 0xfe, 0xac,
    0x1e, 0xff, 0xfe, 0x14, 0x1f, 0xfd, 0x57, 0xff,
    0xfa, 0x28, 0x7f, 0x7f, 0xff, 0x9, 0xf, 0xfe,
    0xbb, 0x7f, 0xff, 0x26, 0x43, 0xff, 0x80, 0xff,
    0xff, 0x9, 0xf, 0xfe, 0xd2, 0xa9, 0xff, 0xd4,
    0x50, 0x7f, 0xf1, 0x5f, 0xff, 0xe1, 0x7, 0xff,
    0xf6, 0xff, 0xfe, 0x0, 0x7f, 0xff, 0xff, 0xfe,
    0xf, 0xff, 0xf8, 0x3f, 0xf4, 0x1f, 0xff, 0xf0,
    0xdf, 0xe8, 0x3f, 0xff, 0xe1, 0xef, 0xc8, 0x7f,
    0xff, 0xc3, 0xe7, 0xc1, 0xff, 0xff, 0xf, 0xf2,
    0x1f, 0xf0,

    /* U+0052 "R" */
    0xff, 0xfe, 0xbd, 0x48, 0x7f, 0xf4, 0x7f, 0xff,
    0xbd, 0x21, 0xff, 0xcc, 0xff, 0xff, 0x12, 0x1f,
    0xfc, 0x9f, 0xff, 0xf2, 0x48, 0x7f, 0xf1, 0xbf,
    0xff, 0xce, 0x1f, 0xfc, 0x5f, 0xff, 0xf4, 0x41,
    0xff, 0xc3, 0xff, 0xff, 0x50, 0x7f, 0xf0, 0xbf,
    0xff, 0xd6, 0x87, 0xff, 0x3, 0xff, 0xfd, 0x88,
    0x7f, 0xdf, 0xff, 0xed, 0x43, 0xfd, 0xff, 0xfe,
    0xe0, 0xff, 0x7f, 0xff, 0x4, 0x3f, 0xf8, 0xcb,
    0x53, 0xff, 0xf9, 0x50, 0x7f, 0x7f, 0xff, 0x4,
    0x3f, 0xf9, 0xad, 0xff, 0xfc, 0x74, 0x3f, 0x7f,
    0xff, 0x4, 0x3f, 0xfa, 0xf, 0xff, 0xf1, 0x83,
    0xf7, 0xff, 0xf0, 0x43, 0xff, 0xa5, 0x7f, 0xff,
    0x11, 0xf, 0xbf, 0xff, 0x82, 0x1f, 0xfd, 0x4f,
    0xff, 0xe2, 0x7, 0xdf, 0xff, 0xc1, 0xf, 0xfe,
    0xaf, 0xff, 0xf0, 0xc3, 0xef, 0xff, 0xe0, 0x87,
    0xff, 0x55, 0xff, 0xfe, 0x14, 0x1e, 0xff, 0xfe,
    0x8, 0x7f, 0xf5, 0xaf, 0xff, 0xe1, 0x7, 0xbf,
    0xff, 0x82, 0x1f, 0xfd, 0x7f, 0xff, 0xe1, 0x7,
    0xbf, 0xff, 0x82, 0x1f, 0xfd, 0x7b, 0xff, 0xf8,
    0x28, 0x77, 0xff, 0xf0, 0x43, 0xff, 0xae, 0xff,
    0xff, 0x5, 0xe, 0xff, 0xfe, 0x8, 0x7f, 0xf6,
    0x3f, 0xff, 0x83, 0x7, 0x7f, 0xff, 0x4, 0x3f,
    0xfb, 0x1f, 0xff, 0xc1, 0x83, 0xbf, 0xff, 0x82,
    0x1f, 0xfd, 0x8b, 0xff, 0xf8, 0x21, 0xdf, 0xff,
    0xc1, 0xf, 0xfe, 0xc5, 0xff, 0xfc, 0x10, 0xef,
    0xff, 0xe0, 0x87, 0xff, 0x62, 0xff, 0xfe, 0x8,
    0x77, 0xff, 0xf0, 0x43, 0xff, 0xb1, 0x7f, 0xff,
    0x4, 0x3b, 0xff, 0xf8, 0x21, 0xff, 0xd8, 0xbf,
    0xff, 0x82, 0x1d, 0xff, 0xfc, 0x10, 0xff, 0xec,
    0x5f, 0xff, 0xc1, 0xe, 0xff, 0xfe, 0x8, 0x7f,
    0xf6, 0x3f, 0xff, 0x83, 0x7, 0x7f, 0xff, 0x4,
    0x3f, 0xfb, 0x1f, 0xff, 0xc1, 0x83, 0xbf, 0xff,
    0x82, 0x1f, 0xfd, 0x8f, 0xff, 0xe0, 0xa1, 0xdf,
    0xff, 0xc1, 0xf, 0xfe, 0xbd, 0xff, 0xfc, 0x10,
    0xf7, 0xff, 0xf0, 0x43, 0xff, 0xaf, 0xff, 0xfc,
    0x20, 0xf7, 0xff, 0xf0, 0x43, 0xff, 0xac, 0xff,
    0xff, 0x6, 0xf, 0x7f, 0xff, 0x4, 0x3f, 0xfa,
    0xdf, 0xff, 0xc2, 0x43, 0xdf, 0xff, 0xc1, 0xf,
    0xfe, 0xad, 0xff, 0xfc, 0x20, 0xfb, 0xff, 0xf8,
    0x21, 0xff, 0xd4, 0xbf, 0xff, 0x85, 0x7, 0xdf,
    0xff, 0xc1, 0xf, 0xfe, 0x93, 0xff, 0xfc, 0x40,
    0xfd, 0xff, 0xfc, 0x10, 0xff, 0xe8, 0x3f, 0xff,
    0xc5, 0x83, 0xf7, 0xff, 0xf0, 0x43, 0xff, 0x9a,
    0xdf, 0xff, 0xc7, 0xf, 0xef, 0xff, 0xe0, 0x87,
    0xff, 0x19, 0x6a, 0x7f, 0xff, 0x29, 0xf, 0xef,
    0xff, 0xf6, 0xc1, 0xfe, 0xff, 0xff, 0x68, 0x7f,
    0xdf, 0xff, 0xec, 0xf, 0xfe, 0x7, 0xff, 0xfa,
    0xc3, 0xff, 0x83, 0xff, 0xfe, 0x98, 0x3f, 0xf8,
    0x5f, 0xff, 0xe8, 0x43, 0xff, 0x87, 0xff, 0xfe,
    0x68, 0x3f, 0xf8, 0xbf, 0xff, 0xe4, 0x83, 0xff,
    0x8f, 0xff, 0xfe, 0x28, 0x3f, 0xf9, 0x3f, 0xff,
    0xdf, 0x43, 0xff, 0x99, 0xff, 0xfd, 0xf0, 0xff,
    0xe6, 0xff, 0xff, 0x4, 0x3f, 0xf8, 0x9f, 0xff,
    0xc2, 0x83, 0xff, 0x99, 0xff, 0xfc, 0x10, 0xff,
    0xe2, 0xff, 0xff, 0x9, 0xf, 0xfe, 0x5f, 0xff,
    0xf0, 0x43, 0xff, 0x8a, 0xff, 0xff, 0x8, 0x3f,
    0xf9, 0x7f, 0xff, 0xc1, 0xf, 0xfe, 0x35, 0xff,
    0xfc, 0x18, 0x3f, 0xf9, 0x5f, 0xff, 0xc1, 0xf,
    0xfe, 0x3f, 0xff, 0xf0, 0x90, 0xff, 0xe4, 0xff,
    0xff, 0x4, 0x3f, 0xf8, 0xef, 0xff, 0xf0, 0x83,
    0xff, 0x93, 0xff, 0xfc, 0x10, 0xff, 0xe4, 0x5f,
    0xff, 0xc2, 0xf, 0xfe, 0x47, 0xff, 0xf0, 0x43,
    0xff, 0x93, 0xff, 0xfc, 0x28, 0x3f, 0xf8, 0xff,
    0xff, 0xc1, 0xf, 0xfe, 0x57, 0xff, 0xf0, 0x90,
    0xff, 0xe3, 0x7f, 0xff, 0x4, 0x3f, 0xf9, 0x4f,
    0xff, 0xf0, 0x83, 0xff, 0x8d, 0xff, 0xfc, 0x10,
    0xff, 0xe5, 0xff, 0xff, 0xc, 0x3f, 0xf8, 0xbf,
    0xff, 0xc1, 0xf, 0xfe, 0x67, 0xff, 0xf0, 0xa0,
    0xff, 0xe2, 0x7f, 0xff, 0x4, 0x3f, 0xf9, 0x8f,
    0xff, 0xf0, 0x90, 0xff, 0xe1, 0xff, 0xff, 0x4,
    0x3f, 0xf9, 0xb7, 0xff, 0xf0, 0x83, 0xff, 0x87,
    0xff, 0xfc, 0x10, 0xff, 0xe7, 0x7f, 0xff, 0xa,
    0xf, 0xfe, 0x17, 0xff, 0xf0, 0x43, 0xff, 0x9c,
    0xff, 0xff, 0x9, 0xf, 0xfe, 0xf, 0xff, 0xf0,
    0x43, 0xff, 0x9f, 0x7f, 0xff, 0x8, 0x3f, 0xf8,
    0x3f, 0xff, 0xc1, 0xf, 0xfe, 0x87, 0xff, 0xf0,
    0xc3, 0xff, 0x81, 0xff, 0xfc, 0x10, 0xff, 0xe8,
    0xff, 0xff, 0xa, 0xf, 0xfb, 0xff, 0xf8, 0x21,
    0xff, 0xd1, 0x7f, 0xff, 0x84, 0x87, 0xfb, 0xff,
    0xf8, 0x21, 0xff, 0xd2, 0xbf, 0xff, 0x84, 0x1f,
    0xef, 0xff, 0xe0, 0x87, 0xff, 0x4f, 0xff, 0xf8,
    0x61, 0xfd, 0xff, 0xfc, 0x10, 0xff, 0xe9, 0xbf,
    0xff, 0xc2, 0x43, 0xf7, 0xff, 0xf0, 0x43, 0xff,
    0xa9, 0x7f, 0xff, 0x8, 0x3f, 0x7f, 0xff, 0x4,
    0x3f, 0xfa, 0xbf, 0xff, 0xc3, 0xf, 0xbf, 0xff,
    0x82, 0x1f, 0xfd, 0x6f, 0xff, 0xe1, 0x41, 0xef,
    0xff, 0xe0, 0x87, 0xff, 0x59, 0xff, 0xfe, 0x12,
    0x1d, 0xff, 0xfc, 0x10, 0xff, 0xeb, 0xff, 0xff,
    0xc, 0x3b, 0xff, 0xf8, 0x21, 0xff, 0xd8, 0xff,
    0xfe, 0x18, 0x6f, 0xff, 0xe0, 0x87, 0xff, 0x61,
    0xff, 0xfe, 0x14, 0x17, 0xff, 0xf0, 0x43, 0xff,
    0xb3, 0x7f, 0xff, 0x9, 0x7, 0xff, 0xf0, 0x43,
    0xff, 0xb5, 0xff, 0xfc, 0x30, 0x7f, 0xff, 0x4,
    0x3f, 0xfb, 0x4f, 0xff, 0xf0, 0xa3, 0xff, 0xf8,
    0x21, 0xff, 0xdb, 0xbf, 0xff, 0x84, 0x80,

    /* U+0053 "S" */
    0xf, 0xfe, 0x7a, 0xd5, 0xcb, 0x7, 0xff, 0x8d,
    0xbf, 0xff, 0x8b, 0x7, 0xff, 0x71, 0xbf, 0xff,
    0x97, 0x21, 0xff, 0xd6, 0xbf, 0xff, 0xa2, 0x87,
    0xff, 0x4a, 0xff, 0xfe, 0xac, 0x1f, 0xfc, 0xe7,
    0xff, 0xfb, 0x28, 0x7f, 0xf2, 0xff, 0xff, 0xba,
    0x1f, 0xfc, 0x9f, 0xff, 0xef, 0xa1, 0xff, 0xc5,
    0x7f, 0xff, 0xc3, 0x7, 0xff, 0xd, 0xff, 0xff,
    0x20, 0x7f, 0xf0, 0xbf, 0xff, 0xcc, 0x1f, 0xfc,
    0xf, 0xff, 0xf4, 0x7, 0xfa, 0xff, 0xfe, 0x3c,
    0x87, 0xe6, 0xff, 0xfe, 0x48, 0x7f, 0xbf, 0xff,
    0x8b, 0x7, 0xff, 0x11, 0xbf, 0xff, 0x88, 0x1f,
    0xeb, 0xff, 0xf8, 0x70, 0x7f, 0xf2, 0x6f, 0xff,
    0xe0, 0x87, 0xfd, 0xff, 0xfc, 0x34, 0x3f, 0xf9,
    0x97, 0xff, 0x83, 0xfe, 0xbf, 0xff, 0x84, 0x1f,
    0xfc, 0xf7, 0xff, 0x7, 0xff, 0x3, 0xff, 0xf8,
    0x48, 0x7f, 0xf4, 0x7f, 0xc1, 0xff, 0xc1, 0xff,
    0xfe, 0xc, 0x1f, 0xfd, 0x3b, 0xe0, 0xff, 0xe0,
    0xbf, 0xff, 0xc1, 0xf, 0xfe, 0xaf, 0x83, 0xff,
    0x85, 0x7f, 0xff, 0x4, 0x3f, 0xfc, 0xbf, 0xff,
    0xc1, 0x83, 0xff, 0xcb, 0xff, 0xfc, 0x14, 0x3f,
    0xfc, 0xbf, 0xff, 0xc1, 0x43, 0xff, 0xcb, 0xff,
    0xfc, 0x14, 0x3f, 0xfc, 0xbf, 0xff, 0xc1, 0x43,
    0xff, 0xcb, 0xff, 0xfc, 0x14, 0x3f, 0xfc, 0xbf,
    0xff, 0xc1, 0x83, 0xff, 0xcb, 0xff, 0xfc, 0x20,
    0xff, 0xf2, 0xdf, 0xff, 0xc1, 0x43, 0xff, 0xc9,
    0x7f, 0xff, 0x8, 0x3f, 0xfc, 0x8f, 0xff, 0xf0,
    0xa0, 0xff, 0xf2, 0x7f, 0xff, 0xe, 0xf, 0xff,
    0x1d, 0xff, 0xfc, 0x38, 0x3f, 0xfc, 0x7f, 0xff,
    0xc5, 0x43, 0xff, 0xc3, 0x7f, 0xff, 0x19, 0xf,
    0xff, 0x7, 0xff, 0xf2, 0x20, 0xff, 0xef, 0x3f,
    0xff, 0xca, 0x43, 0xff, 0xb9, 0x7f, 0xff, 0x31,
    0xf, 0xfe, 0xd5, 0xff, 0xfc, 0xe8, 0x3f, 0xfb,
    0x17, 0xff, 0xf4, 0x20, 0xff, 0xeb, 0x5f, 0xff,
    0xd2, 0x43, 0xff, 0xa8, 0xff, 0xff, 0x4e, 0xf,
    0xfe, 0xa5, 0xff, 0xfd, 0x38, 0x3f, 0xfa, 0x9f,
    0xff, 0xd4, 0x83, 0xff, 0xa6, 0xff, 0xff, 0x52,
    0xf, 0xfe, 0x9b, 0xff, 0xfd, 0x44, 0x3f, 0xfa,
    0x97, 0xff, 0xf4, 0xa0, 0xff, 0xea, 0xb7, 0xff,
    0xf4, 0x43, 0xff, 0xae, 0xdf, 0xff, 0xcf, 0x43,
    0xff, 0xb0, 0xdf, 0xff, 0xcd, 0x43, 0xff, 0xb7,
    0x7f, 0xff, 0x2c, 0x3f, 0xfb, 0xd7, 0xff, 0xf2,
    0x43, 0xff, 0xbe, 0xff, 0xff, 0x1e, 0xf, 0xff,
    0xd, 0xff, 0xfc, 0x54, 0x3f, 0xfc, 0x2f, 0xff,
    0xf1, 0x43, 0xff, 0xc7, 0x7f, 0xff, 0xd, 0xf,
    0xff, 0x1d, 0xff, 0xfc, 0x28, 0x3f, 0xfc, 0x9f,
    0xff, 0xc3, 0xf, 0xff, 0x2f, 0xff, 0xf0, 0x90,
    0xff, 0xf2, 0x5f, 0xff, 0xc1, 0x83, 0xff, 0xcb,
    0xff, 0xfc, 0x20, 0xff, 0xf2, 0xdf, 0xff, 0xc1,
    0xf, 0xff, 0x2b, 0xff, 0xfc, 0x10, 0xff, 0xf2,
    0xbf, 0xff, 0xc1, 0xf, 0xff, 0x37, 0xff, 0xf0,
    0x50, 0xff, 0xf2, 0xff, 0xff, 0x5, 0xf, 0xff,
    0x2f, 0xff, 0xf0, 0x50, 0xff, 0xf2, 0xff, 0xff,
    0x5, 0xf, 0xff, 0x2f, 0xff, 0xf0, 0x43, 0xff,
    0xca, 0xff, 0xff, 0x4, 0x3f, 0xb4, 0x3f, 0xfb,
    0x57, 0xff, 0xf0, 0x43, 0xf7, 0xc8, 0x7f, 0xf6,
    0x7f, 0xff, 0x83, 0x7, 0xdf, 0xd0, 0x7f, 0xf5,
    0xef, 0xff, 0xe0, 0xa1, 0xef, 0xfc, 0x1f, 0xfd,
    0x6f, 0xff, 0xe1, 0x7, 0xbf, 0xfd, 0x7, 0xff,
    0x4f, 0xff, 0xf8, 0x61, 0xdf, 0xff, 0xc1, 0x43,
    0xff, 0x9e, 0xff, 0xff, 0xd, 0xd, 0xff, 0xfc,
    0x44, 0x3f, 0xf9, 0x97, 0xff, 0xf1, 0x3, 0x7f,
    0xff, 0x1e, 0xf, 0xfe, 0x43, 0xff, 0xfc, 0x54,
    0x37, 0xff, 0xf2, 0xa4, 0x3f, 0xf8, 0x2d, 0xff,
    0xfc, 0x70, 0xf7, 0xff, 0xf3, 0xab, 0xef, 0xff,
    0xe5, 0xa1, 0xf7, 0xff, 0xfa, 0x90, 0xfe, 0xff,
    0xff, 0x44, 0x1f, 0xf7, 0xff, 0xf9, 0xa0, 0xff,
    0xe0, 0xdf, 0xff, 0xe3, 0x43, 0xff, 0x89, 0xff,
    0xfe, 0x14, 0x3f, 0xf8, 0xcf, 0xff, 0xf7, 0x60,
    0xff, 0xe5, 0x3f, 0xff, 0xda, 0x43, 0xff, 0x9a,
    0xdf, 0xff, 0xd5, 0x43, 0xff, 0xa4, 0xff, 0xff,
    0x42, 0xf, 0xfe, 0xc3, 0x7f, 0xff, 0x26, 0x43,
    0xff, 0xbc, 0xaa, 0x7f, 0xf5, 0x10, 0xff, 0xe6,
    0x0,

    /* U+0054 "T" */
    0x17, 0xff, 0xec, 0x3f, 0xff, 0xf7, 0x7f, 0xff,
    0xee, 0xff, 0xff, 0xdd, 0xff, 0xff, 0xbb, 0xff,
    0xff, 0x77, 0xff, 0xfe, 0xef, 0xff, 0xfd, 0xdf,
    0xff, 0xfb, 0xbf, 0xff, 0xf7, 0x7f, 0xff, 0xee,
    0xff, 0xff, 0xdc, 0x3f, 0xf9, 0xef, 0xff, 0xf0,
    0x20, 0xff, 0xf5, 0x3f, 0xff, 0xc0, 0x83, 0xff,
    0xd4, 0xff, 0xff, 0x2, 0xf, 0xff, 0x53, 0xff,
    0xfc, 0x8, 0x3f, 0xfd, 0x4f, 0xff, 0xf0, 0x20,
    0xff, 0xf5, 0x3f, 0xff, 0xc0, 0x83, 0xff, 0xd4,
    0xff, 0xff, 0x2, 0xf, 0xff, 0x53, 0xff, 0xfc,
    0x8, 0x3f, 0xfd, 0x4f, 0xff, 0xf0, 0x20, 0xff,
    0xf5, 0x3f, 0xff, 0xc0, 0x83, 0xff, 0xd4, 0xff,
    0xff, 0x2, 0xf, 0xff, 0x53, 0xff, 0xfc, 0x8,
    0x3f, 0xfd, 0x4f, 0xff, 0xf0, 0x20, 0xff, 0xf5,
    0x3f, 0xff, 0xc0, 0x83, 0xff, 0xd4, 0xff, 0xff,
    0x2, 0xf, 0xff, 0x53, 0xff, 0xfc, 0x8, 0x3f,
    0xfd, 0x4f, 0xff, 0xf0, 0x20, 0xff, 0xf5, 0x3f,
    0xff, 0xc0, 0x83, 0xff, 0xd4, 0xff, 0xff, 0x2,
    0xf, 0xff, 0x53, 0xff, 0xfc, 0x8, 0x3f, 0xfd,
    0x4f, 0xff, 0xf0, 0x20, 0xff, 0xf5, 0x3f, 0xff,
    0xc0, 0x83, 0xff, 0xd4, 0xff, 0xff, 0x2, 0xf,
    0xff, 0x53, 0xff, 0xfc, 0x8, 0x3f, 0xfd, 0x4f,
    0xff, 0xf0, 0x20, 0xff, 0xf5, 0x3f, 0xff, 0xc0,
    0x83, 0xff, 0xd4, 0xff, 0xff, 0x2, 0xf, 0xff,
    0x53, 0xff, 0xfc, 0x8, 0x3f, 0xfd, 0x4f, 0xff,
    0xf0, 0x20, 0xff, 0xf5, 0x3f, 0xff, 0xc0, 0x83,
    0xff, 0xd4, 0xff, 0xff, 0x2, 0xf, 0xff, 0x53,
    0xff, 0xfc, 0x8, 0x3f, 0xfd, 0x4f, 0xff, 0xf0,
    0x20, 0xff, 0xf5, 0x3f, 0xff, 0xc0, 0x83, 0xff,
    0xd4, 0xff, 0xff, 0x2, 0xf, 0xff, 0x53, 0xff,
    0xfc, 0x8, 0x3f, 0xfd, 0x4f, 0xff, 0xf0, 0x20,
    0xff, 0xf5, 0x3f, 0xff, 0xc0, 0x83, 0xff, 0xd4,
    0xff, 0xff, 0x2, 0xf, 0xff, 0x53, 0xff, 0xfc,
    0x8, 0x3f, 0xfd, 0x4f, 0xff, 0xf0, 0x20, 0xff,
    0xf5, 0x3f, 0xff, 0xc0, 0x83, 0xff, 0xd4, 0xff,
    0xff, 0x2, 0xf, 0xff, 0x53, 0xff, 0xfc, 0x8,
    0x3f, 0xfd, 0x4f, 0xff, 0xf0, 0x20, 0xff, 0xf5,
    0x3f, 0xff, 0xc0, 0x83, 0xff, 0xd4, 0xff, 0xff,
    0x2, 0xf, 0xff, 0x53, 0xff, 0xfc, 0x8, 0x3f,
    0xfd, 0x4f, 0xff, 0xf0, 0x20, 0xff, 0xf5, 0x3f,
    0xff, 0xc0, 0x83, 0xff, 0xd4, 0xff, 0xff, 0x2,
    0xf, 0xff, 0x53, 0xff, 0xfc, 0x8, 0x3f, 0xfd,
    0x4f, 0xff, 0xf0, 0x20, 0xff, 0xf5, 0x3f, 0xff,
    0xc0, 0x83, 0xff, 0xd4, 0xff, 0xff, 0x2, 0xf,
    0xff, 0x53, 0xff, 0xfc, 0x8, 0x3f, 0xfd, 0x4f,
    0xff, 0xf0, 0x20, 0xff, 0xf5, 0x3f, 0xff, 0xc0,
    0x83, 0xff, 0xd4, 0xff, 0xff, 0x2, 0xf, 0xff,
    0x53, 0xff, 0xfc, 0x8, 0x3f, 0xfd, 0x4f, 0xff,
    0xf0, 0x20, 0xff, 0xf5, 0x3f, 0xff, 0xc0, 0x83,
    0xff, 0xd4, 0xff, 0xff, 0x2, 0xf, 0xff, 0x53,
    0xff, 0xfc, 0x8, 0x3f, 0xfd, 0x4f, 0xff, 0xf0,
    0x20, 0xff, 0xf5, 0x3f, 0xff, 0xc0, 0x83, 0xff,
    0xd4, 0xff, 0xff, 0x2, 0xf, 0xff, 0x53, 0xff,
    0xfc, 0x8, 0x3f, 0xfd, 0x4f, 0xff, 0xf0, 0x20,
    0xff, 0xf5, 0x3f, 0xff, 0xc0, 0x83, 0xff, 0xd4,
    0xff, 0xff, 0x2, 0xf, 0xff, 0x53, 0xff, 0xfc,
    0x8, 0x3f, 0xfd, 0x4f, 0xff, 0xf0, 0x20, 0xff,
    0xf5, 0x3f, 0xff, 0xc0, 0x83, 0xff, 0xd4, 0xff,
    0xff, 0x2, 0xf, 0xff, 0x53, 0xff, 0xfc, 0x8,
    0x3f, 0xfd, 0x4f, 0xff, 0xf0, 0x20, 0xff, 0xe7,
    0x80,

    /* U+0055 "U" */
    0xff, 0xfe, 0x8, 0x7f, 0xf8, 0x3f, 0xff, 0x9c,
    0x1f, 0xfe, 0xf, 0xff, 0xe7, 0x7, 0xff, 0x83,
    0xff, 0xf9, 0xc1, 0xff, 0xe0, 0xff, 0xfe, 0x70,
    0x7f, 0xf8, 0x3f, 0xff, 0x9c, 0x1f, 0xfe, 0xf,
    0xff, 0xe7, 0x7, 0xff, 0x83, 0xff, 0xf9, 0xc1,
    0xff, 0xe0, 0xff, 0xfe, 0x70, 0x7f, 0xf8, 0x3f,
    0xff, 0x9c, 0x1f, 0xfe, 0xf, 0xff, 0xe7, 0x7,
    0xff, 0x83, 0xff, 0xf9, 0xc1, 0xff, 0xe0, 0xff,
    0xfe, 0x70, 0x7f, 0xf8, 0x3f, 0xff, 0x9c, 0x1f,
    0xfe, 0xf, 0xff, 0xe7, 0x7, 0xff, 0x83, 0xff,
    0xf9, 0xc1, 0xff, 0xe0, 0xff, 0xfe, 0x70, 0x7f,
    0xf8, 0x3f, 0xff, 0x9c, 0x1f, 0xfe, 0xf, 0xff,
    0xe7, 0x7, 0xff, 0x83, 0xff, 0xf9, 0xc1, 0xff,
    0xe0, 0xff, 0xfe, 0x70, 0x7f, 0xf8, 0x3f, 0xff,
    0x9c, 0x1f, 0xfe, 0xf, 0xff, 0xe7, 0x7, 0xff,
    0x83, 0xff, 0xf9, 0xc1, 0xff, 0xe0, 0xff, 0xfe,
    0x70, 0x7f, 0xf8, 0x3f, 0xff, 0x9c, 0x1f, 0xfe,
    0xf, 0xff, 0xe7, 0x7, 0xff, 0x83, 0xff, 0xf9,
    0xc1, 0xff, 0xe0, 0xff, 0xfe, 0x70, 0x7f, 0xf8,
    0x3f, 0xff, 0x9c, 0x1f, 0xfe, 0xf, 0xff, 0xe7,
    0x7, 0xff, 0x83, 0xff, 0xf9, 0xc1, 0xff, 0xe0,
    0xff, 0xfe, 0x70, 0x7f, 0xf8, 0x3f, 0xff, 0x9c,
    0x1f, 0xfe, 0xf, 0xff, 0xe7, 0x7, 0xff, 0x83,
    0xff, 0xf9, 0xc1, 0xff, 0xe0, 0xff, 0xfe, 0x70,
    0x7f, 0xf8, 0x3f, 0xff, 0x9c, 0x1f, 0xfe, 0xf,
    0xff, 0xe7, 0x7, 0xff, 0x83, 0xff, 0xf9, 0xc1,
    0xff, 0xe0, 0xff, 0xfe, 0x70, 0x7f, 0xf8, 0x3f,
    0xff, 0x9c, 0x1f, 0xfe, 0xf, 0xff, 0xe7, 0x7,
    0xff, 0x83, 0xff, 0xf9, 0xc1, 0xff, 0xe0, 0xff,
    0xfe, 0x70, 0x7f, 0xf8, 0x3f, 0xff, 0x9c, 0x1f,
    0xfe, 0xf, 0xff, 0xe7, 0x7, 0xff, 0x83, 0xff,
    0xf9, 0xc1, 0xff, 0xe0, 0xff, 0xfe, 0x70, 0x7f,
    0xf8, 0x3f, 0xff, 0x9c, 0x1f, 0xfe, 0xf, 0xff,
    0xe7, 0x7, 0xff, 0x83, 0xff, 0xf9, 0xc1, 0xff,
    0xe0, 0xff, 0xfe, 0x70, 0x7f, 0xf8, 0x3f, 0xff,
    0x9c, 0x1f, 0xfe, 0xf, 0xff, 0xe7, 0x7, 0xff,
    0x83, 0xff, 0xf9, 0xc1, 0xff, 0xe0, 0xff, 0xfe,
    0x70, 0x7f, 0xf7, 0xdf, 0xff, 0xe7, 0x7, 0xff,
    0x7d, 0xff, 0xfe, 0x5, 0xff, 0xfc, 0x14, 0x3f,
    0xfb, 0xcf, 0xff, 0xf0, 0x29, 0xff, 0xfc, 0x4,
    0x3f, 0xfb, 0xcf, 0xff, 0xf0, 0x29, 0xff, 0xfc,
    0x8, 0x3f, 0xfb, 0xd7, 0xff, 0xf0, 0x29, 0xff,
    0xfc, 0x8, 0x3f, 0xfb, 0xdf, 0xff, 0xc1, 0x57,
    0xff, 0xf0, 0x43, 0xff, 0xbd, 0xff, 0xfc, 0x15,
    0x7f, 0xff, 0x4, 0x3f, 0xfb, 0xdf, 0xff, 0xc1,
    0x4f, 0xff, 0xe0, 0xa1, 0xff, 0xdc, 0x7f, 0xff,
    0x82, 0xf, 0xff, 0xe1, 0x7, 0xff, 0x73, 0xff,
    0xf8, 0x40, 0xff, 0xfe, 0x10, 0x7f, 0xf7, 0x3f,
    0xff, 0x83, 0x2, 0xff, 0xfe, 0xc, 0x1f, 0xfd,
    0xab, 0xff, 0xf8, 0x28, 0x1f, 0xff, 0xe1, 0x7,
    0xff, 0x6b, 0xff, 0xf8, 0x41, 0xbf, 0xff, 0x85,
    0x7, 0xff, 0x62, 0xff, 0xfe, 0x10, 0x6b, 0xff,
    0xf8, 0x48, 0x7f, 0xf5, 0xff, 0xff, 0x85, 0x6,
    0x7f, 0xff, 0x86, 0x1f, 0xfd, 0x6f, 0xff, 0xe1,
    0x87, 0xbf, 0xff, 0x88, 0x1f, 0xfd, 0x4f, 0xff,
    0xe1, 0xc1, 0xe7, 0xff, 0xf8, 0x81, 0xff, 0xd2,
    0xff, 0xfe, 0x22, 0x1f, 0x7f, 0xff, 0x15, 0xf,
    0xfe, 0x73, 0xff, 0xfc, 0x50, 0xfc, 0xff, 0xff,
    0x16, 0xf, 0xfe, 0x65, 0xff, 0xfc, 0x50, 0xff,
    0x7f, 0xff, 0x1e, 0x43, 0xff, 0x8c, 0xdf, 0xff,
    0xc6, 0x83, 0xfe, 0xff, 0xfe, 0x4d, 0x10, 0xff,
    0x34, 0xff, 0xfe, 0x48, 0x7f, 0xf0, 0x1f, 0xff,
    0xf6, 0x7, 0xff, 0xa, 0xff, 0xff, 0x52, 0x1f,
    0xfc, 0x3b, 0xff, 0xfd, 0x8, 0x7f, 0xf1, 0x6f,
    0xff, 0xf3, 0x21, 0xff, 0xc7, 0x7f, 0xff, 0xc8,
    0x87, 0xff, 0x25, 0xff, 0xff, 0x10, 0x7f, 0xf3,
    0x6f, 0xff, 0xef, 0x41, 0xff, 0xcf, 0x7f, 0xff,
    0xb7, 0x7, 0xff, 0x4d, 0xff, 0xfe, 0xbc, 0x87,
    0xff, 0x5e, 0xff, 0xfe, 0x94, 0x1f, 0xfd, 0xdb,
    0xff, 0xf9, 0x88, 0x7f, 0xf9, 0x1a, 0xbf, 0xfd,
    0x52, 0x1f, 0xfc, 0xe0,

    /* U+0056 "V" */
    0x7f, 0xff, 0x83, 0x7, 0xff, 0x95, 0xff, 0xfe,
    0x8, 0x3f, 0xff, 0x84, 0x1f, 0xfe, 0x5b, 0xff,
    0xf8, 0x20, 0xbf, 0xff, 0x82, 0x87, 0xff, 0x93,
    0xff, 0xf8, 0x28, 0x5f, 0xff, 0xc1, 0x83, 0xff,
    0xc6, 0xff, 0xff, 0x4, 0x37, 0xff, 0xf0, 0x83,
    0xff, 0xc7, 0xff, 0xfc, 0x18, 0x35, 0xff, 0xfc,
    0x14, 0x3f, 0xfc, 0x5f, 0xff, 0xc1, 0x43, 0xbf,
    0xff, 0x83, 0x7, 0xff, 0x85, 0xff, 0xfe, 0x8,
    0x7b, 0xff, 0xf8, 0x41, 0xff, 0xe1, 0xff, 0xfe,
    0xc, 0x1e, 0x7f, 0xff, 0x82, 0x87, 0xff, 0x83,
    0xff, 0xf8, 0x21, 0xfb, 0xff, 0xf8, 0x30, 0x7f,
    0xf7, 0xdf, 0xff, 0xe0, 0x87, 0xeb, 0xff, 0xf8,
    0x21, 0xff, 0xdf, 0xff, 0xfe, 0xc, 0x1f, 0x9f,
    0xff, 0xe0, 0xa1, 0xff, 0xde, 0xff, 0xfe, 0x8,
    0x7f, 0xbf, 0xff, 0x83, 0x7, 0xff, 0x76, 0xff,
    0xfe, 0x8, 0x7f, 0xaf, 0xff, 0xe0, 0x87, 0xff,
    0x77, 0xff, 0xf8, 0x28, 0x7f, 0xdf, 0xff, 0xc1,
    0x43, 0xff, 0xb9, 0xff, 0xfc, 0x10, 0xff, 0xe0,
    0x7f, 0xff, 0x8, 0x3f, 0xfb, 0x77, 0xff, 0xf0,
    0x20, 0xff, 0xe0, 0x3f, 0xff, 0xc1, 0xf, 0xfe,
    0xdf, 0xff, 0xf0, 0x50, 0xff, 0xe0, 0xff, 0xff,
    0x5, 0xf, 0xfe, 0xd7, 0xff, 0xf0, 0x43, 0xff,
    0x85, 0x7f, 0xff, 0x4, 0x3f, 0xfb, 0x37, 0xff,
    0xf0, 0x20, 0xff, 0xe1, 0x3f, 0xff, 0xc1, 0xf,
    0xfe, 0xcf, 0xff, 0xf0, 0x43, 0xff, 0x89, 0xff,
    0xfc, 0x14, 0x3f, 0xfa, 0xef, 0xff, 0xf0, 0x43,
    0xff, 0x89, 0x7f, 0xff, 0x4, 0x3f, 0xfa, 0xf7,
    0xff, 0xf0, 0x10, 0xff, 0xe2, 0x3f, 0xff, 0xc1,
    0xf, 0xfe, 0xbf, 0xff, 0xf0, 0x43, 0xff, 0x8d,
    0xff, 0xfc, 0x18, 0x3f, 0xfa, 0xaf, 0xff, 0xf0,
    0x20, 0xff, 0xe3, 0x5f, 0xff, 0xc1, 0xf, 0xfe,
    0xad, 0xff, 0xfc, 0x4, 0x3f, 0xf8, 0xff, 0xff,
    0xc1, 0xf, 0xfe, 0xaf, 0xff, 0xf0, 0x43, 0xff,
    0x91, 0xff, 0xfc, 0x18, 0x3f, 0xfa, 0x6f, 0xff,
    0xf0, 0x20, 0xff, 0xe4, 0x3f, 0xff, 0xc1, 0xf,
    0xfe, 0x9d, 0xff, 0xfc, 0x4, 0x3f, 0xf9, 0x3f,
    0xff, 0xc1, 0xf, 0xfe, 0x9f, 0xff, 0xf0, 0x43,
    0xff, 0x95, 0x7f, 0xff, 0x2, 0xf, 0xfe, 0x8b,
    0xff, 0xfc, 0x8, 0x3f, 0xf9, 0x4f, 0xff, 0xf0,
    0x43, 0xff, 0xa3, 0x7f, 0xff, 0x0, 0x3f, 0xf9,
    0x9f, 0xff, 0xc1, 0x43, 0xff, 0xa1, 0xff, 0xfc,
    0x10, 0xff, 0xe6, 0x5f, 0xff, 0xc0, 0x83, 0xff,
    0x9e, 0xff, 0xff, 0x1, 0xf, 0xfe, 0x6f, 0xff,
    0xf0, 0x43, 0xff, 0x9f, 0xff, 0xfc, 0x10, 0xff,
    0xe7, 0x7f, 0xff, 0x5, 0xf, 0xfe, 0x77, 0xff,
    0xf0, 0x20, 0xff, 0xe7, 0x3f, 0xff, 0xc0, 0x83,
    0xff, 0x9a, 0xff, 0xff, 0x1, 0xf, 0xfe, 0x7f,
    0xff, 0xf0, 0x43, 0xff, 0x9b, 0xff, 0xfc, 0x10,
    0xff, 0xe8, 0x7f, 0xff, 0x5, 0xf, 0xfe, 0x67,
    0xff, 0xf0, 0x20, 0xff, 0xe8, 0x3f, 0xff, 0xc0,
    0x83, 0xff, 0x96, 0xff, 0xff, 0x0, 0x3f, 0xfa,
    0x5f, 0xff, 0xc1, 0xf, 0xfe, 0x5f, 0xff, 0xf0,
    0x43, 0xff, 0xa5, 0x7f, 0xff, 0x1, 0xf, 0xfe,
    0x57, 0xff, 0xf0, 0x20, 0xff, 0xe9, 0x3f, 0xff,
    0xc0, 0x83, 0xff, 0x93, 0x7f, 0xff, 0x0, 0x3f,
    0xfa, 0x9f, 0xff, 0xc1, 0xf, 0xfe, 0x4f, 0xff,
    0xf0, 0x43, 0xff, 0xa9, 0x7f, 0xff, 0x1, 0xf,
    0xfe, 0x47, 0xff, 0xf0, 0x10, 0xff, 0xea, 0xff,
    0xff, 0x4, 0x3f, 0xf8, 0xf7, 0xff, 0xf0, 0x3,
    0xff, 0xad, 0xff, 0xfc, 0x10, 0xff, 0xe3, 0xff,
    0xff, 0x2, 0xf, 0xfe, 0xb3, 0xff, 0xfc, 0x4,
    0x3f, 0xf8, 0xaf, 0xff, 0xf0, 0x10, 0xff, 0xeb,
    0xff, 0xff, 0x4, 0x3f, 0xf8, 0xb7, 0xff, 0xf0,
    0x3, 0xff, 0xb1, 0x7f, 0xff, 0x0, 0x3f, 0xf8,
    0xbf, 0xff, 0xc0, 0x83, 0xff, 0xb0, 0xff, 0xff,
    0x1, 0xf, 0xfe, 0x1b, 0xff, 0xfc, 0x0, 0xff,
    0xed, 0x7f, 0xff, 0x4, 0x3f, 0xf8, 0x77, 0xff,
    0xf0, 0x3, 0xff, 0xb5, 0x7f, 0xff, 0x0, 0x3f,
    0xf8, 0x7f, 0xff, 0xc0, 0x43, 0xff, 0xb4, 0xff,
    0xff, 0x2, 0xf, 0xfe, 0xb, 0xff, 0xfc, 0x0,
    0xff, 0xee, 0x7f, 0xff, 0x4, 0x3f, 0xf8, 0x37,
    0xff, 0xd0, 0x7f, 0xf7, 0x2f, 0xff, 0xe0, 0x7,
    0xff, 0x7, 0xff, 0xf8, 0x8, 0x7f, 0xf7, 0x7f,
    0xff, 0x81, 0x7, 0xfc, 0xff, 0xff, 0x0, 0x3f,
    0xfb, 0xdf, 0xff, 0xc1, 0xf, 0xfa, 0xff, 0xfa,
    0xf, 0xfe, 0xf3, 0xff, 0xfc, 0x0, 0xff, 0xbf,
    0xff, 0x80, 0x87, 0xff, 0x7f, 0xff, 0xf8, 0x10,
    0x7f, 0x3f, 0xff, 0xc0, 0xf, 0xff, 0x5, 0xff,
    0xfc, 0x0, 0xfe, 0xbf, 0xfe, 0x83, 0xff, 0xc0,
    0xff, 0xff, 0x1, 0xf, 0xdf, 0xff, 0xc0, 0xf,
    0xff, 0x17, 0xff, 0xf0, 0x20, 0xf9, 0xff, 0xfe,
    0x0, 0x7f, 0xf8, 0xaf, 0xff, 0xe0, 0x7, 0xdf,
    0xff, 0xc0, 0x43, 0xff, 0xc7, 0xff, 0xfc, 0x4,
    0x3d, 0xff, 0xfc, 0x0, 0xff, 0xf2, 0x7f, 0xff,
    0x2, 0xe, 0x7f, 0xfe, 0x83, 0xff, 0xc8, 0xff,
    0xff, 0x0, 0x3b, 0xff, 0xf8, 0x8, 0x7f, 0xf9,
    0x7f, 0xff, 0x80, 0x86, 0xff, 0xfe, 0x0, 0x7f,
    0xf9, 0xbf, 0xff, 0x81, 0x4, 0xff, 0xfd, 0x7,
    0xff, 0x99, 0xff, 0xfe, 0x0, 0x5f, 0xff, 0xc0,
    0xf, 0xff, 0x47, 0xff, 0xf0, 0x10, 0x7f, 0xff,
    0x0, 0x3f, 0xfd, 0x17, 0xff, 0xd1, 0x7f, 0xfc,
    0x87, 0xff, 0xa1, 0xff, 0xfe, 0x1, 0xff, 0xfc,
    0x0, 0xff, 0xf5, 0x7f, 0xff, 0x2, 0xff, 0xfe,
    0x0, 0x7f, 0xfa, 0xaf, 0xff, 0xe5, 0xa1, 0xff,
    0xeb, 0xff, 0xfe, 0x58, 0x7f, 0xfb, 0x3f, 0xff,
    0x95, 0x7, 0xff, 0xb1, 0xff, 0xfe, 0x4a, 0x1f,
    0xfe, 0xdf, 0xff, 0xe4, 0x87, 0xff, 0xba, 0xff,
    0xfe, 0x3c, 0x1f, 0xfe, 0xe7, 0xff, 0xf8, 0xe1,
    0xff, 0xf0, 0xff, 0xfe, 0x38, 0x7f, 0xfc, 0x2f,
    0xff, 0xe2, 0xa1, 0xff, 0xf0, 0x7f, 0xff, 0x8a,
    0x1f, 0xff, 0x2f, 0xff, 0xe2, 0x41, 0xff, 0xf2,
    0xbf, 0xff, 0x86, 0x87, 0xff, 0xcf, 0xff, 0xf8,
    0x61, 0xff, 0xf4, 0xff, 0xfe, 0x14, 0x1f, 0xff,
    0x47, 0xff, 0xf8, 0x28, 0x7f, 0xf5, 0x0,

    /* U+0057 "W" */
    0xbf, 0xff, 0x82, 0x1f, 0xfd, 0x8f, 0xff, 0xe1,
    0xc1, 0xff, 0xd8, 0xff, 0xfe, 0x4, 0xff, 0xff,
    0x4, 0x3f, 0xfb, 0x1f, 0xff, 0xc4, 0xf, 0xfe,
    0xbb, 0xff, 0xfc, 0x4, 0xff, 0xfe, 0xa, 0x1f,
    0xfd, 0x67, 0xff, 0xf8, 0x81, 0xff, 0xd7, 0xbf,
    0xff, 0x80, 0xf, 0xff, 0xe0, 0xc1, 0xff, 0xd6,
    0xbf, 0xff, 0x88, 0x87, 0xff, 0x5b, 0xff, 0xf8,
    0x20, 0x7f, 0xff, 0x82, 0x1f, 0xfd, 0x6f, 0xff,
    0xe2, 0xc1, 0xff, 0xd6, 0xff, 0xfe, 0x4, 0x17,
    0xff, 0xf0, 0x43, 0xff, 0xad, 0xff, 0xfc, 0x60,
    0xff, 0xea, 0xbf, 0xff, 0xc0, 0x42, 0xff, 0xfe,
    0xa, 0x1f, 0xfd, 0x47, 0xff, 0xf8, 0xc1, 0xff,
    0xd5, 0xbf, 0xff, 0x80, 0x1a, 0xff, 0xfe, 0x4,
    0x1f, 0xfd, 0x4b, 0xff, 0xf8, 0xc8, 0x7f, 0xf5,
    0x3f, 0xff, 0x82, 0x19, 0xff, 0xfe, 0x8, 0x7f,
    0xf5, 0x3f, 0xff, 0x8f, 0x7, 0xff, 0x53, 0xff,
    0xf8, 0x10, 0x77, 0xff, 0xf0, 0x43, 0xff, 0xa9,
    0xff, 0xfc, 0x80, 0xff, 0xe9, 0xbf, 0xff, 0xc0,
    0x43, 0xbf, 0xff, 0x82, 0x87, 0xff, 0x49, 0xff,
    0xfe, 0x40, 0x7f, 0xf4, 0xef, 0xff, 0xe0, 0x7,
    0xaf, 0xff, 0xe0, 0x41, 0xff, 0xd2, 0xbf, 0xff,
    0x90, 0x87, 0xff, 0x4b, 0xff, 0xf8, 0x10, 0x79,
    0xff, 0xfe, 0x8, 0x7f, 0xf4, 0xbf, 0xff, 0x93,
    0x7, 0xff, 0x4b, 0xff, 0xf8, 0x8, 0x7d, 0xff,
    0xfc, 0x10, 0xff, 0xe9, 0x7f, 0xff, 0x28, 0x3f,
    0xfa, 0x2f, 0xff, 0xf0, 0x3, 0xf7, 0xff, 0xf0,
    0x50, 0xff, 0xe8, 0x3f, 0xff, 0xca, 0xf, 0xfe,
    0x8d, 0xff, 0xfc, 0x0, 0xfd, 0x7f, 0xff, 0x2,
    0xf, 0xfe, 0x85, 0xff, 0xe7, 0xff, 0xe4, 0x3f,
    0xfa, 0x1f, 0xff, 0xc0, 0x83, 0xf3, 0xff, 0xfc,
    0x10, 0xff, 0xe8, 0x7f, 0xfc, 0x7f, 0xfd, 0x7,
    0xff, 0x43, 0xff, 0xf8, 0x8, 0x7f, 0x7f, 0xff,
    0x4, 0x3f, 0xfa, 0x1f, 0xfe, 0x8b, 0xff, 0xe0,
    0xff, 0xe7, 0xbf, 0xff, 0xc0, 0xf, 0xf7, 0xff,
    0xf0, 0x50, 0xff, 0xe7, 0x3f, 0xfe, 0x47, 0xff,
    0xe0, 0xff, 0xe7, 0xdf, 0xff, 0xc0, 0xf, 0xf5,
    0xff, 0xfc, 0x8, 0x3f, 0xf9, 0xd7, 0xff, 0x82,
    0xff, 0xf9, 0xf, 0xfe, 0x77, 0xff, 0xf0, 0x20,
    0xff, 0xbf, 0xff, 0x82, 0x1f, 0xfc, 0xef, 0xff,
    0x82, 0xff, 0xfa, 0xf, 0xfe, 0x77, 0xff, 0xf0,
    0x10, 0xff, 0xbf, 0xff, 0x82, 0x1f, 0xfc, 0xef,
    0xff, 0x41, 0x5f, 0xff, 0x7, 0xff, 0x35, 0xff,
    0xfe, 0x0, 0x7f, 0xf0, 0x2f, 0xff, 0xe0, 0x21,
    0xff, 0xcc, 0x7f, 0xfc, 0x84, 0xff, 0xfc, 0x1f,
    0xfc, 0xd7, 0xff, 0xf8, 0x1, 0xff, 0xc0, 0x7f,
    0xff, 0x81, 0x7, 0xff, 0x32, 0xff, 0xf0, 0x77,
    0xff, 0xc8, 0x7f, 0xf3, 0x2f, 0xff, 0xa0, 0xff,
    0xe0, 0xff, 0xff, 0x4, 0x3f, 0xf9, 0x9f, 0xff,
    0x7, 0x7f, 0xfd, 0x7, 0xff, 0x33, 0xff, 0xf8,
    0x1, 0xff, 0xc2, 0xff, 0xfe, 0x8, 0x7f, 0xf3,
    0x3f, 0xfd, 0x7, 0x5f, 0xff, 0x7, 0xff, 0x33,
    0xff, 0xf8, 0x1, 0xff, 0xc2, 0xbf, 0xff, 0x80,
    0x87, 0xff, 0x29, 0xff, 0xf2, 0x1c, 0xff, 0xfc,
    0x1f, 0xfc, 0xb7, 0xff, 0xe8, 0x3f, 0xf8, 0x4f,
    0xff, 0xf0, 0x20, 0xff, 0xe5, 0x5f, 0xfe, 0xf,
    0xbf, 0xfe, 0x43, 0xff, 0x95, 0x7f, 0xfc, 0x87,
    0xff, 0xf, 0xff, 0xf8, 0x21, 0xff, 0xca, 0xff,
    0xf8, 0x3e, 0xff, 0xfa, 0xf, 0xfe, 0x57, 0xff,
    0xf0, 0x3, 0xff, 0x89, 0xff, 0xfc, 0x10, 0xff,
    0xe5, 0x7f, 0xfa, 0xf, 0xaf, 0xff, 0x83, 0xff,
    0x95, 0xff, 0xfc, 0x0, 0xff, 0xe2, 0x5f, 0xff,
    0xc0, 0x43, 0xff, 0x90, 0xff, 0xf9, 0xf, 0x9f,
    0xff, 0x83, 0xff, 0x92, 0xff, 0xfd, 0x7, 0xff,
    0x11, 0xff, 0xfe, 0x4, 0x1f, 0xfc, 0x8b, 0xff,
    0xc1, 0xfd, 0xff, 0xf2, 0x1f, 0xfc, 0x8b, 0xff,
    0xe4, 0x3f, 0xf8, 0xbf, 0xff, 0xc1, 0xf, 0xfe,
    0x47, 0xff, 0xc1, 0xfd, 0xff, 0xf4, 0x1f, 0xfc,
    0x8f, 0xff, 0xe0, 0x7, 0xff, 0x1b, 0xff, 0xf8,
    0x21, 0xff, 0xc8, 0xff, 0xf4, 0x1f, 0xd7, 0xff,
    0xc1, 0xff, 0xc8, 0xff, 0xfe, 0x0, 0x7f, 0xf1,
    0xaf, 0xff, 0xe0, 0x21, 0xff, 0xc6, 0x7f, 0xfc,
    0x87, 0xf3, 0xff, 0xf0, 0x7f, 0xf1, 0xdf, 0xff,
    0xa0, 0xff, 0xe3, 0xff, 0xff, 0x1, 0xf, 0xfe,
    0x35, 0xff, 0xe0, 0xff, 0xbf, 0xfe, 0x43, 0xff,
    0x8d, 0x7f, 0xfc, 0x87, 0xff, 0x1f, 0xff, 0xf8,
    0x10, 0x7f, 0xf1, 0xbf, 0xfe, 0xf, 0xfb, 0xff,
    0xe8, 0x3f, 0xf8, 0xdf, 0xff, 0xc0, 0xf, 0xfe,
    0x45, 0xff, 0xfc, 0x0, 0xff, 0xe3, 0x7f, 0xfa,
    0xf, 0xfa, 0xff, 0xf8, 0x3f, 0xf8, 0xdf, 0xff,
    0xc0, 0xf, 0xfe, 0x43, 0xff, 0xfc, 0x0, 0xff,
    0xe2, 0xbf, 0xfe, 0x43, 0xfe, 0x7f, 0xfe, 0xf,
    0xfe, 0x2b, 0xff, 0xf4, 0x1f, 0xfc, 0x9f, 0xff,
    0xe0, 0x21, 0xff, 0xc4, 0xbf, 0xfc, 0x1f, 0xfc,
    0x1f, 0xff, 0x90, 0xff, 0xe2, 0x5f, 0xff, 0x7,
    0xff, 0x2b, 0xff, 0xf8, 0x10, 0x7f, 0xf1, 0x3f,
    0xfe, 0xf, 0xfe, 0xf, 0xff, 0xd0, 0x7f, 0xf1,
    0x3f, 0xff, 0x80, 0x1f, 0xfc, 0xab, 0xff, 0xf8,
    0x1, 0xff, 0xc4, 0xff, 0xf4, 0x1f, 0xfc, 0x1b,
    0xff, 0xe0, 0xff, 0xe2, 0x7f, 0xfd, 0x7, 0xff,
    0x29, 0xff, 0xfe, 0x0, 0x7f, 0xf0, 0xdf, 0xff,
    0x21, 0xff, 0xc1, 0x7f, 0xfe, 0xf, 0xfe, 0x1b,
    0xff, 0xf2, 0x1f, 0xfc, 0xbf, 0xff, 0xe0, 0x21,
    0xff, 0xc2, 0xbf, 0xfc, 0x1f, 0xfc, 0x3f, 0xff,
    0x90, 0xff, 0xe1, 0x5f, 0xff, 0x7, 0xff, 0x33,
    0xff, 0xf8, 0x10, 0x7f, 0xf0, 0xbf, 0xfe, 0xf,
    0xfe, 0x1f, 0xff, 0xd0, 0x7f, 0xf0, 0xbf, 0xff,
    0x80, 0x1f, 0xfc, 0xcb, 0xff, 0xf8, 0x1, 0xff,
    0xc2, 0xff, 0xf4, 0x1f, 0xfc, 0x3b, 0xff, 0xe0,
    0xff, 0xe1, 0x7f, 0xfd, 0x7, 0xff, 0x31, 0xff,
    0xfe, 0x0, 0x7f, 0xf0, 0x5f, 0xff, 0x21, 0xff,
    0xc3, 0x7f, 0xfe, 0xf, 0xfe, 0xb, 0xff, 0xf2,
    0x1f, 0xfc, 0xdf, 0xff, 0xe0, 0x21, 0xff, 0xc0,
    0xbf, 0xfc, 0x1f, 0xfc, 0x5f, 0xff, 0x90, 0xff,
    0xe0, 0x5f, 0xff, 0x7, 0xff, 0x3b, 0xff, 0xf8,
    0x10, 0x7f, 0xf0, 0x3f, 0xfe, 0xf, 0xfe, 0x2f,
    0xff, 0xd0, 0x7f, 0xf0, 0x3f, 0xff, 0x80, 0x1f,
    0xfc, 0xeb, 0xff, 0xf8, 0x1, 0xff, 0xc0, 0xff,
    0xf4, 0x1f, 0xfc, 0x5b, 0xff, 0xe0, 0xff, 0xe0,
    0x7f, 0xfd, 0x7, 0xff, 0x39, 0xff, 0xfe, 0x0,
    0x7f, 0xcf, 0xff, 0x90, 0xff, 0xe2, 0xbf, 0xff,
    0x7, 0xfc, 0xff, 0xfc, 0x87, 0xff, 0x3f, 0xff,
    0xf8, 0x8, 0x7f, 0xaf, 0xff, 0x7, 0xff, 0x1f,
    0xff, 0xe4, 0x3f, 0xd7, 0xff, 0xc1, 0xff, 0xd0,
    0xbf, 0xfe, 0x83, 0xfd, 0xff, 0xf0, 0x7f, 0xf1,
    0xff, 0xfe, 0x83, 0xfd, 0xff, 0xfc, 0x0, 0xff,
    0xe8, 0x3f, 0xff, 0xc0, 0xf, 0xf7, 0xff, 0xa0,
    0xff, 0xe3, 0xdf, 0xff, 0x7, 0xfb, 0xff, 0xe4,
    0x3f, 0xfa, 0x3f, 0xff, 0xc0, 0xf, 0xe7, 0xff,
    0xc8, 0x7f, 0xf1, 0xdf, 0xff, 0x83, 0xf9, 0xff,
    0xf8, 0x3f, 0xfa, 0x5f, 0xff, 0xc0, 0x43, 0xf5,
    0xff, 0xe0, 0xff, 0xe4, 0xff, 0xfc, 0x87, 0xeb,
    0xff, 0xe0, 0xff, 0xe9, 0x5f, 0xff, 0x41, 0xfb,
    0xff, 0xe0, 0xff, 0xe4, 0xff, 0xfd, 0x7, 0xef,
    0xff, 0xa0, 0xff, 0xe9, 0x3f, 0xff, 0xc0, 0xf,
    0xdf, 0xfe, 0x83, 0xff, 0x93, 0x7f, 0xfc, 0x1f,
    0xbf, 0xfe, 0x43, 0xff, 0xa7, 0xff, 0xfc, 0x0,
    0xf9, 0xff, 0xf2, 0x1f, 0xfc, 0x97, 0xff, 0xe0,
    0xf9, 0xff, 0xf8, 0x3f, 0xfa, 0x9f, 0xff, 0xc0,
    0x43, 0xd7, 0xff, 0x83, 0xff, 0x97, 0xff, 0xf2,
    0x1e, 0xbf, 0xfe, 0xf, 0xfe, 0xa5, 0xff, 0xf4,
    0x1e, 0xff, 0xf8, 0x3f, 0xf9, 0x7f, 0xff, 0x41,
    0xef, 0xff, 0xa0, 0xff, 0xea, 0x3f, 0xff, 0xc0,
    0xf, 0x7f, 0xfa, 0xf, 0xfe, 0x5d, 0xff, 0xf0,
    0x7b, 0xff, 0xe4, 0x3f, 0xfa, 0xbf, 0xff, 0xc0,
    0xe, 0x7f, 0xfc, 0x87, 0xff, 0x2d, 0xff, 0xf8,
    0x39, 0xff, 0xf8, 0x3f, 0xfa, 0xdf, 0xff, 0xc0,
    0x43, 0x5f, 0xfe, 0xf, 0xfe, 0x6f, 0xff, 0xc8,
    0x6b, 0xff, 0xe0, 0xff, 0xeb, 0x5f, 0xff, 0x41,
    0xbf, 0xfe, 0xf, 0xfe, 0x6f, 0xff, 0xd0, 0x6f,
    0xff, 0xa0, 0xff, 0xeb, 0x3f, 0xff, 0xc0, 0xd,
    0xff, 0xe8, 0x3f, 0xf9, 0xb7, 0xff, 0xc1, 0xbf,
    0xfe, 0x43, 0xff, 0xaf, 0xff, 0xfc, 0x0, 0x9f,
    0xff, 0x21, 0xff, 0xcd, 0x7f, 0xfe, 0x9, 0xff,
    0xf8, 0x3f, 0xfb, 0x17, 0xff, 0xc8, 0x2f, 0xff,
    0x7, 0xff, 0x3f, 0xff, 0xe4, 0x17, 0xff, 0xc1,
    0xff, 0xd8, 0x7f, 0xfe, 0x81, 0xff, 0xf0, 0x7f,
    0xf3, 0xff, 0xfe, 0x81, 0xff, 0xf2, 0x1f, 0xfd,
    0x9f, 0xff, 0xe0, 0x3, 0xff, 0xd0, 0x7f, 0xf3,
    0xef, 0xff, 0x81, 0xff, 0xf0, 0x7f, 0xf6, 0xbf,
    0xff, 0x80, 0x3f, 0xfe, 0x43, 0xff, 0x9e, 0xff,
    0xfc, 0x3f, 0xff, 0x7, 0xff, 0x6a, 0xff, 0xf8,
    0xbf, 0xfc, 0x1f, 0xfd, 0x1f, 0xff, 0x9b, 0xff,
    0xd0, 0x7f, 0xf6, 0x9f, 0xff, 0x9f, 0xff, 0x83,
    0xff, 0xa3, 0xff, 0xf5, 0xff, 0xf2, 0x1f, 0xfd,
    0xbf, 0xff, 0xe5, 0x41, 0xff, 0xd1, 0xbf, 0xff,
    0x94, 0x1f, 0xfd, 0xcf, 0xff, 0xe5, 0x21, 0xff,
    0xd1, 0x7f, 0xff, 0x94, 0x1f, 0xfd, 0xcb, 0xff,
    0xf9, 0x21, 0xff, 0xd3, 0xff, 0xfe, 0x4c, 0x1f,
    0xfd, 0xc7, 0xff, 0xf9, 0x21, 0xff, 0xd3, 0xff,
    0xfe, 0x4a, 0x1f, 0xfd, 0xdf, 0xff, 0xe4, 0x41,
    0xff, 0xd3, 0xbf, 0xff, 0x90, 0x1f, 0xfd, 0xef,
    0xff, 0xe4, 0x21, 0xff, 0xd3, 0x7f, 0xff, 0x90,
    0x1f, 0xfd, 0xeb, 0xff, 0xf8, 0xe1, 0xff, 0xd5,
    0xff, 0xfe, 0x3c, 0x1f, 0xfd, 0xe7, 0xff, 0xf8,
    0xe1, 0xff, 0xd5, 0xff, 0xfe, 0x3a, 0x1f, 0xfd,
    0xff, 0xff, 0xe3, 0x41, 0xff, 0xd5, 0xbf, 0xff,
    0x8c, 0x1f, 0xfe, 0xb, 0xff, 0xf8, 0xa8, 0x7f,
    0xf5, 0x5f, 0xff, 0xe3, 0x7, 0xff, 0x81, 0xff,
    0xfe, 0x28, 0x7f, 0xf5, 0xff, 0xff, 0x8a, 0x87,
    0xff, 0x87, 0xff, 0xf8, 0xa1, 0xff, 0xd7, 0xff,
    0xfe, 0x28, 0x7f, 0xf8, 0xbf, 0xff, 0x89, 0x7,
    0xff, 0x5e, 0xff, 0xfe, 0x20, 0x7f, 0xf8, 0xaf,
    0xff, 0xe1, 0xa1, 0xff, 0xd7, 0x7f, 0xff, 0x87,
    0x7, 0xff, 0x89, 0xff, 0xfe, 0x18, 0x7f, 0xf6,
    0x7f, 0xff, 0x86, 0x87, 0xff, 0x2c,

    /* U+0058 "X" */
    0xf, 0xff, 0xf8, 0x6b, 0xff, 0xf8, 0x48, 0x7f,
    0xf6, 0xff, 0xff, 0x84, 0x87, 0xdf, 0xff, 0xc3,
    0xf, 0xfe, 0xd7, 0xff, 0xf0, 0xa0, 0xfc, 0xff,
    0xff, 0xa, 0xf, 0xfe, 0xc3, 0xff, 0xfc, 0x20,
    0xff, 0x5f, 0xff, 0xc2, 0xf, 0xfe, 0xc7, 0xff,
    0xf0, 0x90, 0xff, 0xbf, 0xff, 0x86, 0x1f, 0xfd,
    0x6b, 0xff, 0xf8, 0x30, 0x7f, 0xf0, 0x1f, 0xff,
    0xe1, 0x21, 0xff, 0xd4, 0x7f, 0xff, 0x84, 0x1f,
    0xfc, 0x2b, 0xff, 0xf8, 0x41, 0xff, 0xd4, 0xff,
    0xfe, 0x12, 0x1f, 0xfc, 0x3f, 0xff, 0xe1, 0x41,
    0xff, 0xd2, 0xbf, 0xff, 0x83, 0x7, 0xff, 0x11,
    0xff, 0xfe, 0x12, 0x1f, 0xfd, 0x1f, 0xff, 0xe1,
    0x7, 0xff, 0x1a, 0xff, 0xfe, 0x10, 0x7f, 0xf4,
    0x3f, 0xff, 0x84, 0x87, 0xff, 0x1f, 0xff, 0xf8,
    0x50, 0x7f, 0xf3, 0x9f, 0xff, 0xe1, 0x7, 0xff,
    0x21, 0xff, 0xfe, 0x10, 0x7f, 0xf3, 0xbf, 0xff,
    0x84, 0x1f, 0xfc, 0xaf, 0xff, 0xe1, 0x87, 0xff,
    0x32, 0xff, 0xfe, 0xa, 0x1f, 0xfc, 0xbf, 0xff,
    0xe1, 0x21, 0xff, 0xcb, 0xff, 0xfe, 0x10, 0x7f,
    0xf3, 0x2f, 0xff, 0xe1, 0x7, 0xff, 0x2b, 0xff,
    0xf8, 0x41, 0xff, 0xce, 0xff, 0xfe, 0x14, 0x1f,
    0xfc, 0x87, 0xff, 0xf8, 0x30, 0x7f, 0xf3, 0xff,
    0xff, 0x84, 0x87, 0xff, 0x1f, 0xff, 0xf8, 0x41,
    0xff, 0xd0, 0xbf, 0xff, 0x84, 0x1f, 0xfc, 0x6b,
    0xff, 0xf8, 0x28, 0x7f, 0xf4, 0x7f, 0xff, 0x85,
    0x7, 0xff, 0x11, 0xff, 0xfe, 0xc, 0x1f, 0xfd,
    0x27, 0xff, 0xf8, 0x41, 0xff, 0xc4, 0xff, 0xfe,
    0x10, 0x7f, 0xf5, 0x2f, 0xff, 0xe1, 0x7, 0xff,
    0xa, 0xff, 0xfe, 0xa, 0x1f, 0xfd, 0x5f, 0xff,
    0xe1, 0x21, 0xff, 0xc1, 0xff, 0xfe, 0xc, 0x1f,
    0xfd, 0x67, 0xff, 0xf8, 0x41, 0xff, 0xc0, 0xff,
    0xfe, 0x10, 0x7f, 0xf6, 0x2f, 0xff, 0xe0, 0xc1,
    0xfe, 0x7f, 0xff, 0x82, 0x87, 0xff, 0x67, 0xff,
    0xf8, 0x48, 0x7f, 0x7f, 0xff, 0x6, 0xf, 0xfe,
    0xd3, 0xff, 0xfc, 0x20, 0xfd, 0x7f, 0xff, 0x4,
    0x3f, 0xfb, 0x9f, 0xff, 0xc2, 0x83, 0xcf, 0xff,
    0xf0, 0x50, 0xff, 0xee, 0xff, 0xff, 0x8, 0x3d,
    0xff, 0xfc, 0x20, 0xff, 0xef, 0x3f, 0xff, 0xc2,
    0xc, 0xff, 0xff, 0x4, 0x3f, 0xfc, 0x1f, 0xff,
    0xc2, 0x42, 0xff, 0xfe, 0xa, 0x1f, 0xfe, 0x1f,
    0xff, 0xe1, 0x2, 0xff, 0xfe, 0x8, 0x7f, 0xf8,
    0xaf, 0xff, 0xe0, 0xcf, 0xff, 0xf0, 0x43, 0xff,
    0xc9, 0xff, 0xfc, 0xf8, 0x3f, 0xfc, 0x8f, 0xff,
    0xf3, 0x83, 0xff, 0xcd, 0x7f, 0xff, 0x30, 0x3f,
    0xfd, 0x1f, 0xff, 0xcb, 0x83, 0xff, 0xd0, 0xff,
    0xff, 0x28, 0x3f, 0xfd, 0x57, 0xff, 0xf2, 0x10,
    0xff, 0xf5, 0xff, 0xff, 0x1e, 0xf, 0xff, 0x63,
    0xff, 0xfc, 0x60, 0xff, 0xf7, 0x7f, 0xff, 0x15,
    0xf, 0xff, 0x7f, 0xff, 0xf1, 0x3, 0xff, 0xdf,
    0x7f, 0xff, 0x10, 0x3f, 0xfd, 0xff, 0xff, 0xc6,
    0xf, 0xff, 0x6f, 0xff, 0xf1, 0xd0, 0xff, 0xf5,
    0xbf, 0xff, 0xc8, 0xf, 0xff, 0x5f, 0xff, 0xf2,
    0x60, 0xff, 0xf4, 0xdf, 0xff, 0xca, 0x43, 0xff,
    0xce, 0xff, 0xff, 0x30, 0x3f, 0xfc, 0xff, 0xff,
    0xcd, 0x83, 0xff, 0xcb, 0x7f, 0xff, 0x39, 0xf,
    0xff, 0x1b, 0xff, 0xfc, 0x1b, 0xff, 0xf8, 0x41,
    0xff, 0xe3, 0xff, 0xfe, 0x10, 0xff, 0xff, 0x6,
    0xf, 0xff, 0xd, 0xff, 0xfc, 0x14, 0x1f, 0xff,
    0xc2, 0xf, 0xff, 0xf, 0xff, 0xf0, 0x83, 0x7f,
    0xff, 0x8, 0x3f, 0xfb, 0xff, 0xff, 0xc2, 0xe,
    0xbf, 0xff, 0x83, 0x7, 0xff, 0x75, 0xff, 0xfe,
    0xc, 0x1e, 0xff, 0xfe, 0x10, 0x7f, 0xf7, 0x7f,
    0xff, 0x84, 0x1f, 0x3f, 0xff, 0xc2, 0xf, 0xfe,
    0xdd, 0xff, 0xfc, 0x14, 0x3f, 0x5f, 0xff, 0xc1,
    0x43, 0xff, 0xb2, 0xff, 0xff, 0x6, 0xf, 0xf7,
    0xff, 0xf0, 0x83, 0xff, 0xb3, 0xff, 0xfc, 0x20,
    0xff, 0xaf, 0xff, 0xe0, 0xc1, 0xff, 0xd7, 0xbf,
    0xff, 0x82, 0x87, 0xff, 0x3, 0xff, 0xf8, 0x48,
    0x7f, 0xf5, 0x5f, 0xff, 0xe1, 0x7, 0xff, 0x5,
    0xff, 0xfe, 0x10, 0x7f, 0xf5, 0x7f, 0xff, 0x84,
    0x1f, 0xfc, 0x3b, 0xff, 0xf8, 0x30, 0x7f, 0xf4,
    0xef, 0xff, 0xe0, 0xc1, 0xff, 0xc4, 0xff, 0xfe,
    0x12, 0x1f, 0xfd, 0x2f, 0xff, 0xe1, 0x7, 0xff,
    0x15, 0xff, 0xfe, 0x10, 0x7f, 0xf4, 0x7f, 0xff,
    0x84, 0x87, 0xff, 0x1b, 0xff, 0xf8, 0x50, 0x7f,
    0xf3, 0xdf, 0xff, 0xe0, 0xc1, 0xff, 0xc8, 0xff,
    0xfe, 0x12, 0x1f, 0xfc, 0xef, 0xff, 0xe1, 0x7,
    0xff, 0x26, 0xff, 0xfe, 0x10, 0x7f, 0xf3, 0x6f,
    0xff, 0xe0, 0xa1, 0xff, 0xca, 0xff, 0xfe, 0x14,
    0x1f, 0xfc, 0xb7, 0xff, 0xf8, 0x41, 0xff, 0xcb,
    0x7f, 0xff, 0x84, 0x1f, 0xfc, 0xbf, 0xff, 0xe1,
    0x7, 0xff, 0x36, 0xff, 0xfe, 0x10, 0x7f, 0xf2,
    0x6f, 0xff, 0xe0, 0xc1, 0xff, 0xce, 0xff, 0xfe,
    0x12, 0x1f, 0xfc, 0x77, 0xff, 0xf8, 0x41, 0xff,
    0xcf, 0x7f, 0xff, 0x84, 0x1f, 0xfc, 0x7f, 0xff,
    0xe1, 0x21, 0xff, 0xd0, 0xff, 0xfe, 0x18, 0x7f,
    0xf1, 0x6f, 0xff, 0xe1, 0x7, 0xff, 0x4b, 0xff,
    0xf8, 0x48, 0x7f, 0xf1, 0x3f, 0xff, 0x84, 0x1f,
    0xfd, 0x3b, 0xff, 0xf8, 0x41, 0xff, 0xc3, 0xff,
    0xfe, 0x14, 0x1f, 0xfd, 0x4f, 0xff, 0xe1, 0x41,
    0xff, 0xc1, 0x7f, 0xff, 0x84, 0x1f, 0xfd, 0x57,
    0xff, 0xf8, 0x48, 0x7f, 0xf0, 0x3f, 0xff, 0x84,
    0x87, 0xff, 0x5b, 0xff, 0xf8, 0x61, 0xff, 0x5f,
    0xff, 0xc1, 0x83, 0xff, 0xb1, 0xff, 0xfc, 0x28,
    0x3f, 0x9f, 0xff, 0xe1, 0x7, 0xff, 0x66, 0xff,
    0xfe, 0x12, 0x1f, 0xbf, 0xff, 0x84, 0x87, 0xff,
    0x6b, 0xff, 0xf8, 0x61, 0xf5, 0xff, 0xfc, 0x20,
    0xff, 0xed, 0xbf, 0xff, 0xc2, 0x83, 0x9f, 0xff,
    0xe1, 0x7, 0xff, 0x76, 0xff, 0xfe, 0x10, 0x77,
    0xff, 0xf0, 0xa0, 0xff, 0xef, 0x7f, 0xff, 0xc,
    0x2b, 0xff, 0xf8, 0x41, 0xff, 0xdf, 0x7f, 0xff,
    0x85, 0x3, 0xff, 0xf8, 0x48, 0x7f, 0xf8, 0x3f,
    0xff, 0x86, 0x0,

    /* U+0059 "Y" */
    0x3f, 0xff, 0x85, 0x7, 0xff, 0x7f, 0xff, 0xf8,
    0x49, 0x7f, 0xff, 0x8, 0x3f, 0xfb, 0xcf, 0xff,
    0xf0, 0x82, 0xff, 0xfe, 0x18, 0x7f, 0xf7, 0x7f,
    0xff, 0x84, 0x84, 0xff, 0xff, 0x9, 0xf, 0xfe,
    0xdb, 0xff, 0xfc, 0x18, 0x3b, 0xff, 0xf8, 0x61,
    0xff, 0xdb, 0xff, 0xfe, 0x10, 0x7d, 0xff, 0xfc,
    0x24, 0x3f, 0xfb, 0x37, 0xff, 0xf0, 0x60, 0xfa,
    0xff, 0xfe, 0x10, 0x7f, 0xf6, 0x7f, 0xff, 0x84,
    0x1f, 0xdf, 0xff, 0xc2, 0x83, 0xff, 0xaf, 0xff,
    0xfc, 0x24, 0x3f, 0x9f, 0xff, 0xe1, 0x7, 0xff,
    0x59, 0xff, 0xfe, 0xc, 0x1f, 0xf7, 0xff, 0xf0,
    0xa0, 0xff, 0xea, 0xff, 0xff, 0x8, 0x3f, 0xf8,
    0xf, 0xff, 0xf0, 0x83, 0xff, 0xa8, 0xff, 0xff,
    0x6, 0xf, 0xfe, 0xd, 0xff, 0xfc, 0x20, 0xff,
    0xe9, 0xff, 0xff, 0x8, 0x3f, 0xf8, 0x7f, 0xff,
    0xc2, 0x43, 0xff, 0xa3, 0x7f, 0xff, 0x5, 0xf,
    0xfe, 0x1b, 0xff, 0xfc, 0x20, 0xff, 0xe8, 0xff,
    0xff, 0x6, 0xf, 0xfe, 0x2f, 0xff, 0xf0, 0x90,
    0xff, 0xe7, 0xdf, 0xff, 0xc1, 0xf, 0xfe, 0x33,
    0xff, 0xfc, 0x20, 0xff, 0xe7, 0x3f, 0xff, 0xc1,
    0x83, 0xff, 0x8f, 0x7f, 0xff, 0x6, 0xf, 0xfe,
    0x6f, 0xff, 0xf0, 0x83, 0xff, 0x93, 0xff, 0xfc,
    0x20, 0xff, 0xe6, 0x3f, 0xff, 0xc1, 0x43, 0xff,
    0x93, 0x7f, 0xff, 0x6, 0xf, 0xfe, 0x5f, 0xff,
    0xf0, 0x83, 0xff, 0x97, 0xff, 0xfc, 0x20, 0xff,
    0xe5, 0x5f, 0xff, 0xc1, 0xf, 0xfe, 0x63, 0xff,
    0xfc, 0x20, 0xff, 0xe4, 0xff, 0xff, 0x6, 0xf,
    0xfe, 0x6d, 0xff, 0xfc, 0x14, 0x3f, 0xf8, 0xf7,
    0xff, 0xf0, 0x43, 0xff, 0x9f, 0xff, 0xfc, 0x20,
    0xff, 0xe3, 0x3f, 0xff, 0xc1, 0x43, 0xff, 0x9f,
    0x7f, 0xff, 0x5, 0xf, 0xfe, 0x2f, 0xff, 0xf0,
    0x83, 0xff, 0xa3, 0xff, 0xfc, 0x20, 0xff, 0xe2,
    0x3f, 0xff, 0xc1, 0xf, 0xfe, 0x93, 0xff, 0xfc,
    0x18, 0x3f, 0xf8, 0x7f, 0xff, 0xc1, 0x83, 0xff,
    0xa7, 0xff, 0xfc, 0x20, 0xff, 0xe1, 0x5f, 0xff,
    0xc1, 0xf, 0xfe, 0xaf, 0xff, 0xf0, 0x60, 0xff,
    0xe0, 0xff, 0xff, 0x5, 0xf, 0xfe, 0xad, 0xff,
    0xfc, 0x14, 0x3f, 0xeb, 0xff, 0xf8, 0x21, 0xff,
    0xd7, 0xff, 0xfe, 0x10, 0x7f, 0x9f, 0xff, 0xe0,
    0x87, 0xff, 0x61, 0xff, 0xfe, 0xa, 0x1f, 0xdf,
    0xff, 0xc1, 0x83, 0xff, 0xb3, 0xff, 0xfc, 0x20,
    0xfc, 0xff, 0xff, 0x4, 0x3f, 0xfb, 0x7f, 0xff,
    0xc1, 0x43, 0xef, 0xff, 0xe0, 0xa1, 0xff, 0xdb,
    0xbf, 0xff, 0x82, 0x1e, 0xbf, 0xff, 0x82, 0x1f,
    0xfd, 0xdf, 0xff, 0xe0, 0xc1, 0xdf, 0xff, 0xc1,
    0xf, 0xfe, 0xf3, 0xff, 0xfc, 0x10, 0xd7, 0xff,
    0xf0, 0x20, 0xff, 0xef, 0xff, 0xff, 0x6, 0x3,
    0xff, 0xfc, 0x10, 0xff, 0xf0, 0xff, 0xff, 0x5,
    0x3f, 0xff, 0x82, 0x87, 0xff, 0x86, 0xff, 0xfe,
    0xb, 0xff, 0xfc, 0x10, 0xff, 0xf1, 0xff, 0xff,
    0x38, 0x3f, 0xfc, 0x8f, 0xff, 0xf3, 0x20, 0xff,
    0xf2, 0xff, 0xff, 0x30, 0x3f, 0xfc, 0xcf, 0xff,
    0xf2, 0x90, 0xff, 0xf3, 0xdf, 0xff, 0xc9, 0xf,
    0xff, 0x4f, 0xff, 0xf2, 0x3, 0xff, 0xd4, 0xff,
    0xff, 0x1a, 0xf, 0xff, 0x5f, 0xff, 0xf1, 0x83,
    0xff, 0xd8, 0xff, 0xff, 0x11, 0xf, 0xff, 0x6d,
    0xff, 0xfc, 0x30, 0xff, 0xf7, 0xff, 0xff, 0x8,
    0x3f, 0xfe, 0x17, 0xff, 0xf0, 0x20, 0xff, 0xf8,
    0x3f, 0xff, 0xc0, 0x83, 0xff, 0xe0, 0xff, 0xff,
    0x2, 0xf, 0xff, 0x83, 0xff, 0xfc, 0x8, 0x3f,
    0xfe, 0xf, 0xff, 0xf0, 0x20, 0xff, 0xf8, 0x3f,
    0xff, 0xc0, 0x83, 0xff, 0xe0, 0xff, 0xff, 0x2,
    0xf, 0xff, 0x83, 0xff, 0xfc, 0x8, 0x3f, 0xfe,
    0xf, 0xff, 0xf0, 0x20, 0xff, 0xf8, 0x3f, 0xff,
    0xc0, 0x83, 0xff, 0xe0, 0xff, 0xff, 0x2, 0xf,
    0xff, 0x83, 0xff, 0xfc, 0x8, 0x3f, 0xfe, 0xf,
    0xff, 0xf0, 0x20, 0xff, 0xf8, 0x3f, 0xff, 0xc0,
    0x83, 0xff, 0xe0, 0xff, 0xff, 0x2, 0xf, 0xff,
    0x83, 0xff, 0xfc, 0x8, 0x3f, 0xfe, 0xf, 0xff,
    0xf0, 0x20, 0xff, 0xf8, 0x3f, 0xff, 0xc0, 0x83,
    0xff, 0xe0, 0xff, 0xff, 0x2, 0xf, 0xff, 0x83,
    0xff, 0xfc, 0x8, 0x3f, 0xfe, 0xf, 0xff, 0xf0,
    0x20, 0xff, 0xf8, 0x3f, 0xff, 0xc0, 0x83, 0xff,
    0xe0, 0xff, 0xff, 0x2, 0xf, 0xff, 0x83, 0xff,
    0xfc, 0x8, 0x3f, 0xfe, 0xf, 0xff, 0xf0, 0x20,
    0xff, 0xf8, 0x3f, 0xff, 0xc0, 0x83, 0xff, 0xe0,
    0xff, 0xff, 0x2, 0xf, 0xff, 0x83, 0xff, 0xfc,
    0x8, 0x3f, 0xfe, 0xf, 0xff, 0xf0, 0x20, 0xff,
    0xf8, 0x3f, 0xff, 0xc0, 0x83, 0xff, 0xe0, 0xff,
    0xff, 0x2, 0xf, 0xff, 0x83, 0xff, 0xfc, 0x8,
    0x3f, 0xfe, 0xf, 0xff, 0xf0, 0x20, 0xff, 0xf8,
    0x3f, 0xff, 0xc0, 0x83, 0xff, 0xe0, 0xff, 0xff,
    0x2, 0xf, 0xff, 0x83, 0xff, 0xfc, 0x8, 0x3f,
    0xfe, 0xf, 0xff, 0xf0, 0x20, 0xff, 0xf8, 0x3f,
    0xff, 0xc0, 0x83, 0xff, 0xa4,

    /* U+005A "Z" */
    0x9, 0x7f, 0xfe, 0x1, 0xaf, 0xff, 0xf8, 0x21,
    0x5f, 0xff, 0xf0, 0x42, 0xbf, 0xff, 0xe0, 0x85,
    0x7f, 0xff, 0xc1, 0xa, 0xff, 0xff, 0x82, 0x15,
    0xff, 0xff, 0x4, 0x2b, 0xff, 0xfe, 0x8, 0x57,
    0xff, 0xfc, 0x10, 0xaf, 0xff, 0xf8, 0x21, 0x5f,
    0xff, 0xf0, 0x42, 0xbf, 0xff, 0xe0, 0x1f, 0xfe,
    0x5b, 0xff, 0xf8, 0x41, 0xff, 0xe5, 0x7f, 0xff,
    0x84, 0x87, 0xff, 0x97, 0xff, 0xf8, 0x50, 0x7f,
    0xf9, 0x7f, 0xff, 0x86, 0x1f, 0xfe, 0x57, 0xff,
    0xf8, 0x48, 0x7f, 0xf9, 0x7f, 0xff, 0x85, 0x7,
    0xff, 0x97, 0xff, 0xf8, 0x61, 0xff, 0xe5, 0xbf,
    0xff, 0x84, 0x1f, 0xfe, 0x57, 0xff, 0xf8, 0x50,
    0x7f, 0xf9, 0x7f, 0xff, 0x86, 0x1f, 0xfe, 0x5b,
    0xff, 0xf8, 0x41, 0xff, 0xe5, 0x7f, 0xff, 0x84,
    0x87, 0xff, 0x97, 0xff, 0xf8, 0x50, 0x7f, 0xf9,
    0x7f, 0xff, 0x86, 0x1f, 0xfe, 0x5b, 0xff, 0xf8,
    0x48, 0x7f, 0xf9, 0x7f, 0xff, 0x85, 0x7, 0xff,
    0x97, 0xff, 0xf8, 0x61, 0xff, 0xe5, 0xbf, 0xff,
    0x84, 0x1f, 0xfe, 0x57, 0xff, 0xf8, 0x48, 0x7f,
    0xf9, 0x7f, 0xff, 0x86, 0x1f, 0xfe, 0x5b, 0xff,
    0xf8, 0x41, 0xff, 0xe5, 0x7f, 0xff, 0x84, 0x87,
    0xff, 0x97, 0xff, 0xf8, 0x50, 0x7f, 0xf9, 0x7f,
    0xff, 0x86, 0x1f, 0xfe, 0x5b, 0xff, 0xf8, 0x48,
    0x7f, 0xf9, 0x1f, 0xff, 0xe1, 0x41, 0xff, 0xe5,
    0xff, 0xfe, 0x18, 0x7f, 0xf9, 0x6f, 0xff, 0xe1,
    0x7, 0xff, 0x95, 0xff, 0xfe, 0x12, 0x1f, 0xfe,
    0x5f, 0xff, 0xe1, 0x87, 0xff, 0x97, 0xff, 0xf8,
    0x61, 0xff, 0xe5, 0x7f, 0xff, 0x84, 0x87, 0xff,
    0x97, 0xff, 0xf8, 0x50, 0x7f, 0xf9, 0x7f, 0xff,
    0x86, 0x1f, 0xfe, 0x5b, 0xff, 0xf8, 0x48, 0x7f,
    0xf9, 0x1f, 0xff, 0xe1, 0x41, 0xff, 0xe5, 0xff,
    0xfe, 0x18, 0x7f, 0xf9, 0x6f, 0xff, 0xe1, 0x7,
    0xff, 0x95, 0xff, 0xfe, 0x12, 0x1f, 0xfe, 0x5f,
    0xff, 0xe1, 0x87, 0xff, 0x97, 0xff, 0xf8, 0x61,
    0xff, 0xe5, 0xbf, 0xff, 0x84, 0x87, 0xff, 0x97,
    0xff, 0xf8, 0x50, 0x7f, 0xf9, 0x7f, 0xff, 0x86,
    0x1f, 0xfe, 0x5b, 0xff, 0xf8, 0x48, 0x7f, 0xf9,
    0x1f, 0xff, 0xe1, 0x41, 0xff, 0xe5, 0xff, 0xfe,
    0x18, 0x7f, 0xf9, 0x6f, 0xff, 0xe1, 0x7, 0xff,
    0x95, 0xff, 0xfe, 0x12, 0x1f, 0xfe, 0x5f, 0xff,
    0xe1, 0x41, 0xff, 0xe5, 0xff, 0xfe, 0x18, 0x7f,
    0xf9, 0x6f, 0xff, 0xe1, 0x21, 0xff, 0xe4, 0x7f,
    0xff, 0x85, 0x7, 0xff, 0x97, 0xff, 0xf8, 0x61,
    0xff, 0xe5, 0xbf, 0xff, 0x84, 0x1f, 0xfe, 0x57,
    0xff, 0xf8, 0x50, 0x7f, 0xf9, 0x7f, 0xff, 0x86,
    0x1f, 0xfe, 0x5f, 0xff, 0xe1, 0x87, 0xff, 0x95,
    0xff, 0xfe, 0x12, 0x1f, 0xfe, 0x5f, 0xff, 0xe1,
    0x41, 0xff, 0xe5, 0xff, 0xfe, 0x18, 0x7f, 0xf9,
    0x6f, 0xff, 0xe1, 0x21, 0xff, 0xe4, 0x7f, 0xff,
    0x85, 0x7, 0xff, 0x97, 0xff, 0xf8, 0x61, 0xff,
    0xe5, 0xbf, 0xff, 0x84, 0x1f, 0xfe, 0x57, 0xff,
    0xf8, 0x52, 0xff, 0xf8, 0xc1, 0xff, 0xff, 0x30,
    0x7f, 0xff, 0xcc, 0x1f, 0xff, 0xf3, 0x7, 0xff,
    0xfc, 0xc1, 0xff, 0xff, 0x30, 0x7f, 0xff, 0xcc,
    0x1f, 0xff, 0xf3, 0x7, 0xff, 0xfc, 0xc1, 0xff,
    0xff, 0x30, 0x7f, 0xff, 0xcc, 0x1f, 0xff, 0xf3,
    0x0,

    /* U+005B "[" */
    0xff, 0xfe, 0x5b, 0xff, 0xfc, 0xb7, 0xff, 0xf9,
    0x6f, 0xff, 0xf2, 0xdf, 0xff, 0xe5, 0xbf, 0xff,
    0xcb, 0x7f, 0xff, 0x96, 0xff, 0xff, 0x2d, 0xff,
    0xfe, 0x5b, 0xff, 0xfc, 0xb7, 0xff, 0xf8, 0x1,
    0xff, 0xc0, 0xff, 0xfe, 0x0, 0x7f, 0xf0, 0x3f,
    0xff, 0x80, 0x1f, 0xfc, 0xf, 0xff, 0xe0, 0x7,
    0xff, 0x3, 0xff, 0xf8, 0x1, 0xff, 0xc0, 0xff,
    0xfe, 0x0, 0x7f, 0xf0, 0x3f, 0xff, 0x80, 0x1f,
    0xfc, 0xf, 0xff, 0xe0, 0x7, 0xff, 0x3, 0xff,
    0xf8, 0x1, 0xff, 0xc0, 0xff, 0xfe, 0x0, 0x7f,
    0xf0, 0x3f, 0xff, 0x80, 0x1f, 0xfc, 0xf, 0xff,
    0xe0, 0x7, 0xff, 0x3, 0xff, 0xf8, 0x1, 0xff,
    0xc0, 0xff, 0xfe, 0x0, 0x7f, 0xf0, 0x3f, 0xff,
    0x80, 0x1f, 0xfc, 0xf, 0xff, 0xe0, 0x7, 0xff,
    0x3, 0xff, 0xf8, 0x1, 0xff, 0xc0, 0xff, 0xfe,
    0x0, 0x7f, 0xf0, 0x3f, 0xff, 0x80, 0x1f, 0xfc,
    0xf, 0xff, 0xe0, 0x7, 0xff, 0x3, 0xff, 0xf8,
    0x1, 0xff, 0xc0, 0xff, 0xfe, 0x0, 0x7f, 0xf0,
    0x3f, 0xff, 0x80, 0x1f, 0xfc, 0xf, 0xff, 0xe0,
    0x7, 0xff, 0x3, 0xff, 0xf8, 0x1, 0xff, 0xc0,
    0xff, 0xfe, 0x0, 0x7f, 0xf0, 0x3f, 0xff, 0x80,
    0x1f, 0xfc, 0xf, 0xff, 0xe0, 0x7, 0xff, 0x3,
    0xff, 0xf8, 0x1, 0xff, 0xc0, 0xff, 0xfe, 0x0,
    0x7f, 0xf0, 0x3f, 0xff, 0x80, 0x1f, 0xfc, 0xf,
    0xff, 0xe0, 0x7, 0xff, 0x3, 0xff, 0xf8, 0x1,
    0xff, 0xc0, 0xff, 0xfe, 0x0, 0x7f, 0xf0, 0x3f,
    0xff, 0x80, 0x1f, 0xfc, 0xf, 0xff, 0xe0, 0x7,
    0xff, 0x3, 0xff, 0xf8, 0x1, 0xff, 0xc0, 0xff,
    0xfe, 0x0, 0x7f, 0xf0, 0x3f, 0xff, 0x80, 0x1f,
    0xfc, 0xf, 0xff, 0xe0, 0x7, 0xff, 0x3, 0xff,
    0xf8, 0x1, 0xff, 0xc0, 0xff, 0xfe, 0x0, 0x7f,
    0xf0, 0x3f, 0xff, 0x80, 0x1f, 0xfc, 0xf, 0xff,
    0xe0, 0x7, 0xff, 0x3, 0xff, 0xf8, 0x1, 0xff,
    0xc0, 0xff, 0xfe, 0x0, 0x7f, 0xf0, 0x3f, 0xff,
    0x80, 0x1f, 0xfc, 0xf, 0xff, 0xe0, 0x7, 0xff,
    0x3, 0xff, 0xf8, 0x1, 0xff, 0xc0, 0xff, 0xfe,
    0x0, 0x7f, 0xf0, 0x3f, 0xff, 0x80, 0x1f, 0xfc,
    0xf, 0xff, 0xe0, 0x7, 0xff, 0x3, 0xff, 0xf8,
    0x1, 0xff, 0xc0, 0xff, 0xfe, 0x0, 0x7f, 0xf0,
    0x3f, 0xff, 0x80, 0x1f, 0xfc, 0xf, 0xff, 0xe0,
    0x7, 0xff, 0x3, 0xff, 0xf8, 0x1, 0xff, 0xc0,
    0xff, 0xfe, 0x0, 0x7f, 0xf0, 0x3f, 0xff, 0x80,
    0x1f, 0xfc, 0xf, 0xff, 0xe0, 0x7, 0xff, 0x3,
    0xff, 0xf8, 0x1, 0xff, 0xc0, 0xff, 0xfe, 0x0,
    0x7f, 0xf0, 0x3f, 0xff, 0x80, 0x1f, 0xfc, 0xf,
    0xff, 0xe0, 0x7, 0xff, 0x3, 0xff, 0xf8, 0x1,
    0xff, 0xc0, 0xff, 0xfe, 0x0, 0x7f, 0xf0, 0x3f,
    0xff, 0x80, 0x1f, 0xfc, 0xf, 0xff, 0xe0, 0x7,
    0xff, 0x3, 0xff, 0xf8, 0x1, 0xff, 0xc0, 0xff,
    0xfe, 0x0, 0x7f, 0xf0, 0x3f, 0xff, 0x80, 0x1f,
    0xfc, 0xf, 0xff, 0xe0, 0x7, 0xff, 0x3, 0xff,
    0xf8, 0x1, 0xff, 0xc0, 0xff, 0xfe, 0x0, 0x7f,
    0xf0, 0x3f, 0xff, 0x80, 0x1f, 0xfc, 0xf, 0xff,
    0xe0, 0x7, 0xff, 0x3, 0xff, 0xf8, 0x1, 0xff,
    0xc0, 0xff, 0xfe, 0x0, 0x7f, 0xf0, 0x3f, 0xff,
    0x80, 0x1f, 0xfc, 0xf, 0xff, 0xe0, 0x7, 0xff,
    0x3, 0xff, 0xf8, 0x1, 0xff, 0xc0, 0xff, 0xfe,
    0x0, 0x7f, 0xf0, 0x3f, 0xff, 0x80, 0x1f, 0xfc,
    0xf, 0xff, 0xe0, 0x7, 0xff, 0x3, 0xff, 0xf8,
    0x1, 0xff, 0xc0, 0xff, 0xfe, 0x0, 0x7f, 0xf0,
    0x3f, 0xff, 0x80, 0x1f, 0xfc, 0xf, 0xff, 0xe0,
    0x7, 0xff, 0x3, 0xff, 0xf8, 0x1, 0xff, 0xc0,
    0xff, 0xfe, 0x0, 0x7f, 0xf0, 0x3f, 0xff, 0x80,
    0x1f, 0xfc, 0xf, 0xff, 0xe5, 0xbf, 0xff, 0xcb,
    0x7f, 0xff, 0x96, 0xff, 0xff, 0x2d, 0xff, 0xfe,
    0x5b, 0xff, 0xfc, 0xb7, 0xff, 0xf9, 0x6f, 0xff,
    0xf2, 0xdf, 0xff, 0xe5, 0xbf, 0xff, 0xcb, 0x40,

    /* U+005C "\\" */
    0xbf, 0xfe, 0x43, 0xff, 0xaa, 0xff, 0xff, 0x0,
    0x3f, 0xfa, 0xdf, 0xff, 0xc0, 0xf, 0xfe, 0xb5,
    0xff, 0xf4, 0x1f, 0xfd, 0x6f, 0xff, 0xe0, 0x7,
    0xff, 0x5b, 0xff, 0xf8, 0x8, 0x7f, 0xf5, 0x5f,
    0xff, 0xa0, 0xff, 0xeb, 0x7f, 0xff, 0x0, 0x3f,
    0xfa, 0xd7, 0xff, 0xc8, 0x7f, 0xf5, 0x5f, 0xff,
    0xe0, 0x7, 0xff, 0x5b, 0xff, 0xf8, 0x1, 0xff,
    0xd6, 0xbf, 0xfe, 0x83, 0xff, 0xad, 0xff, 0xfc,
    0x0, 0xff, 0xeb, 0x7f, 0xff, 0x1, 0xf, 0xfe,
    0xab, 0xff, 0xf4, 0x1f, 0xfd, 0x6f, 0xff, 0xe0,
    0x7, 0xff, 0x5a, 0xff, 0xf9, 0xf, 0xfe, 0xab,
    0xff, 0xfc, 0x0, 0xff, 0xeb, 0x7f, 0xff, 0x0,
    0x3f, 0xfa, 0xd7, 0xff, 0xd0, 0x7f, 0xf5, 0xbf,
    0xff, 0x80, 0x1f, 0xfd, 0x6f, 0xff, 0xe0, 0x21,
    0xff, 0xd5, 0x7f, 0xfe, 0x83, 0xff, 0xad, 0xff,
    0xfc, 0x0, 0xff, 0xeb, 0x5f, 0xff, 0x21, 0xff,
    0xd5, 0x7f, 0xff, 0x80, 0x1f, 0xfd, 0x6f, 0xff,
    0xe0, 0x7, 0xff, 0x5a, 0xff, 0xfa, 0xf, 0xfe,
    0xb7, 0xff, 0xf0, 0x3, 0xff, 0xad, 0xff, 0xfc,
    0x4, 0x3f, 0xfa, 0xaf, 0xff, 0xd0, 0x7f, 0xf5,
    0xbf, 0xff, 0x80, 0x1f, 0xfd, 0x6b, 0xff, 0xe4,
    0x3f, 0xfa, 0xaf, 0xff, 0xf0, 0x3, 0xff, 0xad,
    0xff, 0xfc, 0x0, 0xff, 0xeb, 0x5f, 0xff, 0x41,
    0xff, 0xd6, 0xff, 0xfe, 0x0, 0x7f, 0xf5, 0xbf,
    0xff, 0x80, 0x87, 0xff, 0x55, 0xff, 0xfa, 0xf,
    0xfe, 0xb7, 0xff, 0xf0, 0x3, 0xff, 0xad, 0x7f,
    0xfc, 0x87, 0xff, 0x55, 0xff, 0xfe, 0x0, 0x7f,
    0xf5, 0xbf, 0xff, 0x80, 0x1f, 0xfd, 0x6b, 0xff,
    0xe8, 0x3f, 0xfa, 0xdf, 0xff, 0xc0, 0xf, 0xfe,
    0xb7, 0xff, 0xf0, 0x10, 0xff, 0xea, 0xbf, 0xff,
    0x41, 0xff, 0xd6, 0xff, 0xfe, 0x0, 0x7f, 0xf5,
    0xaf, 0xff, 0x90, 0xff, 0xea, 0xbf, 0xff, 0xc0,
    0xf, 0xfe, 0xb7, 0xff, 0xf0, 0x3, 0xff, 0xad,
    0x7f, 0xfd, 0x7, 0xff, 0x5b, 0xff, 0xf8, 0x1,
    0xff, 0xd6, 0xff, 0xfe, 0x2, 0x1f, 0xfd, 0x57,
    0xff, 0xe8, 0x3f, 0xfa, 0xdf, 0xff, 0xc0, 0xf,
    0xfe, 0xb5, 0xff, 0xf2, 0x1f, 0xfd, 0x57, 0xff,
    0xf8, 0x1, 0xff, 0xd6, 0xff, 0xfe, 0x0, 0x7f,
    0xf5, 0xaf, 0xff, 0xa0, 0xff, 0xeb, 0x7f, 0xff,
    0x0, 0x3f, 0xfa, 0xdf, 0xff, 0xc0, 0x43, 0xff,
    0xaa, 0xff, 0xfd, 0x7, 0xff, 0x5b, 0xff, 0xf8,
    0x1, 0xff, 0xd6, 0xbf, 0xfe, 0x43, 0xff, 0xaa,
    0xff, 0xff, 0x0, 0x3f, 0xfa, 0xdf, 0xff, 0xc0,
    0xf, 0xfe, 0xb5, 0xff, 0xf4, 0x1f, 0xfd, 0x6f,
    0xff, 0xe0, 0x7, 0xff, 0x5b, 0xff, 0xf8, 0x8,
    0x7f, 0xf5, 0x5f, 0xff, 0xa0, 0xff, 0xeb, 0x7f,
    0xff, 0x0, 0x3f, 0xfa, 0xd7, 0xff, 0xc8, 0x7f,
    0xf5, 0x5f, 0xff, 0xe0, 0x7, 0xff, 0x5b, 0xff,
    0xf8, 0x1, 0xff, 0xd6, 0xbf, 0xfe, 0x83, 0xff,
    0xad, 0xff, 0xfc, 0x0, 0xff, 0xeb, 0x7f, 0xff,
    0x1, 0xf, 0xfe, 0xab, 0xff, 0xf4, 0x1f, 0xfd,
    0x6f, 0xff, 0xe0, 0x7, 0xff, 0x5a, 0xff, 0xf9,
    0xf, 0xfe, 0xab, 0xff, 0xfc, 0x0, 0xff, 0xeb,
    0x7f, 0xff, 0x0, 0x3f, 0xfa, 0xd7, 0xff, 0xd0,
    0x7f, 0xf5, 0xbf, 0xff, 0x80, 0x1f, 0xfd, 0x6f,
    0xff, 0xe0, 0x21, 0xff, 0xd5, 0x7f, 0xfe, 0x83,
    0xff, 0xad, 0xff, 0xfc, 0x0,

    /* U+005D "]" */
    0x7f, 0xff, 0x96, 0xff, 0xff, 0x2d, 0xff, 0xfe,
    0x5b, 0xff, 0xfc, 0xb7, 0xff, 0xf9, 0x6f, 0xff,
    0xf2, 0xdf, 0xff, 0xe5, 0xbf, 0xff, 0xcb, 0x7f,
    0xff, 0x96, 0xff, 0xff, 0x2c, 0x3f, 0xf8, 0x1f,
    0xff, 0xc0, 0xf, 0xfe, 0x7, 0xff, 0xf0, 0x3,
    0xff, 0x81, 0xff, 0xfc, 0x0, 0xff, 0xe0, 0x7f,
    0xff, 0x0, 0x3f, 0xf8, 0x1f, 0xff, 0xc0, 0xf,
    0xfe, 0x7, 0xff, 0xf0, 0x3, 0xff, 0x81, 0xff,
    0xfc, 0x0, 0xff, 0xe0, 0x7f, 0xff, 0x0, 0x3f,
    0xf8, 0x1f, 0xff, 0xc0, 0xf, 0xfe, 0x7, 0xff,
    0xf0, 0x3, 0xff, 0x81, 0xff, 0xfc, 0x0, 0xff,
    0xe0, 0x7f, 0xff, 0x0, 0x3f, 0xf8, 0x1f, 0xff,
    0xc0, 0xf, 0xfe, 0x7, 0xff, 0xf0, 0x3, 0xff,
    0x81, 0xff, 0xfc, 0x0, 0xff, 0xe0, 0x7f, 0xff,
    0x0, 0x3f, 0xf8, 0x1f, 0xff, 0xc0, 0xf, 0xfe,
    0x7, 0xff, 0xf0, 0x3, 0xff, 0x81, 0xff, 0xfc,
    0x0, 0xff, 0xe0, 0x7f, 0xff, 0x0, 0x3f, 0xf8,
    0x1f, 0xff, 0xc0, 0xf, 0xfe, 0x7, 0xff, 0xf0,
    0x3, 0xff, 0x81, 0xff, 0xfc, 0x0, 0xff, 0xe0,
    0x7f, 0xff, 0x0, 0x3f, 0xf8, 0x1f, 0xff, 0xc0,
    0xf, 0xfe, 0x7, 0xff, 0xf0, 0x3, 0xff, 0x81,
    0xff, 0xfc, 0x0, 0xff, 0xe0, 0x7f, 0xff, 0x0,
    0x3f, 0xf8, 0x1f, 0xff, 0xc0, 0xf, 0xfe, 0x7,
    0xff, 0xf0, 0x3, 0xff, 0x81, 0xff, 0xfc, 0x0,
    0xff, 0xe0, 0x7f, 0xff, 0x0, 0x3f, 0xf8, 0x1f,
    0xff, 0xc0, 0xf, 0xfe, 0x7, 0xff, 0xf0, 0x3,
    0xff, 0x81, 0xff, 0xfc, 0x0, 0xff, 0xe0, 0x7f,
    0xff, 0x0, 0x3f, 0xf8, 0x1f, 0xff, 0xc0, 0xf,
    0xfe, 0x7, 0xff, 0xf0, 0x3, 0xff, 0x81, 0xff,
    0xfc, 0x0, 0xff, 0xe0, 0x7f, 0xff, 0x0, 0x3f,
    0xf8, 0x1f, 0xff, 0xc0, 0xf, 0xfe, 0x7, 0xff,
    0xf0, 0x3, 0xff, 0x81, 0xff, 0xfc, 0x0, 0xff,
    0xe0, 0x7f, 0xff, 0x0, 0x3f, 0xf8, 0x1f, 0xff,
    0xc0, 0xf, 0xfe, 0x7, 0xff, 0xf0, 0x3, 0xff,
    0x81, 0xff, 0xfc, 0x0, 0xff, 0xe0, 0x7f, 0xff,
    0x0, 0x3f, 0xf8, 0x1f, 0xff, 0xc0, 0xf, 0xfe,
    0x7, 0xff, 0xf0, 0x3, 0xff, 0x81, 0xff, 0xfc,
    0x0, 0xff, 0xe0, 0x7f, 0xff, 0x0, 0x3f, 0xf8,
    0x1f, 0xff, 0xc0, 0xf, 0xfe, 0x7, 0xff, 0xf0,
    0x3, 0xff, 0x81, 0xff, 0xfc, 0x0, 0xff, 0xe0,
    0x7f, 0xff, 0x0, 0x3f, 0xf8, 0x1f, 0xff, 0xc0,
    0xf, 0xfe, 0x7, 0xff, 0xf0, 0x3, 0xff, 0x81,
    0xff, 0xfc, 0x0, 0xff, 0xe0, 0x7f, 0xff, 0x0,
    0x3f, 0xf8, 0x1f, 0xff, 0xc0, 0xf, 0xfe, 0x7,
    0xff, 0xf0, 0x3, 0xff, 0x81, 0xff, 0xfc, 0x0,
    0xff, 0xe0, 0x7f, 0xff, 0x0, 0x3f, 0xf8, 0x1f,
    0xff, 0xc0, 0xf, 0xfe, 0x7, 0xff, 0xf0, 0x3,
    0xff, 0x81, 0xff, 0xfc, 0x0, 0xff, 0xe0, 0x7f,
    0xff, 0x0, 0x3f, 0xf8, 0x1f, 0xff, 0xc0, 0xf,
    0xfe, 0x7, 0xff, 0xf0, 0x3, 0xff, 0x81, 0xff,
    0xfc, 0x0, 0xff, 0xe0, 0x7f, 0xff, 0x0, 0x3f,
    0xf8, 0x1f, 0xff, 0xc0, 0xf, 0xfe, 0x7, 0xff,
    0xf0, 0x3, 0xff, 0x81, 0xff, 0xfc, 0x0, 0xff,
    0xe0, 0x7f, 0xff, 0x0, 0x3f, 0xf8, 0x1f, 0xff,
    0xc0, 0xf, 0xfe, 0x7, 0xff, 0xf0, 0x3, 0xff,
    0x81, 0xff, 0xfc, 0x0, 0xff, 0xe0, 0x7f, 0xff,
    0x0, 0x3f, 0xf8, 0x1f, 0xff, 0xc0, 0xf, 0xfe,
    0x7, 0xff, 0xf0, 0x3, 0xff, 0x81, 0xff, 0xfc,
    0x0, 0xff, 0xe0, 0x7f, 0xff, 0x0, 0x3f, 0xf8,
    0x1f, 0xff, 0xc0, 0xf, 0xfe, 0x7, 0xff, 0xf0,
    0x3, 0xff, 0x81, 0xff, 0xfc, 0x0, 0xff, 0xe0,
    0x7f, 0xff, 0x0, 0x3f, 0xf8, 0x1f, 0xff, 0xc0,
    0xf, 0xfe, 0x7, 0xff, 0xf0, 0x3, 0xff, 0x81,
    0xff, 0xfc, 0x7, 0xff, 0xf9, 0x6f, 0xff, 0xf2,
    0xdf, 0xff, 0xe5, 0xbf, 0xff, 0xcb, 0x7f, 0xff,
    0x96, 0xff, 0xff, 0x2d, 0xff, 0xfe, 0x5b, 0xff,
    0xfc, 0xb7, 0xff, 0xf9, 0x6f, 0xff, 0xf2, 0xc0,

    /* U+005E "^" */
    0xf, 0xfe, 0x7b, 0x5f, 0xc1, 0xff, 0xeb, 0xff,
    0xf8, 0x3f, 0xfd, 0x37, 0xff, 0xc8, 0x7f, 0xfa,
    0x3f, 0xff, 0x82, 0x1f, 0xfe, 0x7b, 0xff, 0xf8,
    0x30, 0x7f, 0xf9, 0x5f, 0xff, 0xe1, 0x87, 0xff,
    0x97, 0xff, 0xf8, 0x90, 0x7f, 0xf8, 0xdf, 0xff,
    0xe2, 0x87, 0xff, 0x8f, 0xff, 0xf8, 0xd0, 0x7f,
    0xf8, 0x5f, 0xff, 0xe3, 0xa1, 0xff, 0xe0, 0xff,
    0xfe, 0x48, 0x7f, 0xf7, 0xef, 0xff, 0xe4, 0xa1,
    0xff, 0xde, 0xff, 0xfe, 0x58, 0x7f, 0xf7, 0x6f,
    0xff, 0x9f, 0xff, 0x90, 0xff, 0xee, 0x7f, 0xfc,
    0x97, 0xff, 0xc1, 0xff, 0xdb, 0xff, 0xfe, 0x0,
    0x5f, 0xff, 0x41, 0xff, 0xd9, 0x7f, 0xfe, 0x42,
    0xbf, 0xfe, 0xf, 0xfe, 0xcf, 0xff, 0xf0, 0x3,
    0xbf, 0xfe, 0x83, 0xff, 0xae, 0xff, 0xfc, 0x87,
    0x3f, 0xff, 0x7, 0xff, 0x5f, 0xff, 0xf8, 0x1,
    0xf7, 0xff, 0xf0, 0x3, 0xff, 0xab, 0x7f, 0xfc,
    0x1f, 0x9f, 0xff, 0x90, 0xff, 0xea, 0x7f, 0xfd,
    0x7, 0xf7, 0xff, 0xf0, 0x3, 0xff, 0xa7, 0x7f,
    0xfc, 0x1f, 0xe7, 0xff, 0xe4, 0x3f, 0xfa, 0x5f,
    0xff, 0x41, 0xff, 0x7f, 0xff, 0x0, 0x3f, 0xfa,
    0x37, 0xff, 0xc1, 0xff, 0xc1, 0xff, 0xfa, 0xf,
    0xfe, 0x7b, 0xff, 0xf4, 0x1f, 0xfc, 0x1b, 0xff,
    0xe0, 0xff, 0xe7, 0xff, 0xff, 0x0, 0x3f, 0xf8,
    0x7f, 0xff, 0x41, 0xff, 0xcd, 0x7f, 0xfe, 0x43,
    0xff, 0x87, 0x7f, 0xfc, 0x1f, 0xfc, 0xdf, 0xff,
    0xe0, 0x7, 0xff, 0x17, 0xff, 0xe8, 0x3f, 0xf9,
    0x6f, 0xff, 0xc8, 0x7f, 0xf1, 0x6f, 0xff, 0x90,
    0xff, 0xe5, 0x7f, 0xff, 0x0, 0x3f, 0xf8, 0xff,
    0xff, 0xc0, 0xf, 0xfe, 0x4d, 0xff, 0xf2, 0x1f,
    0xfc, 0x77, 0xff, 0xe4, 0x3f, 0xf9, 0x1f, 0xff,
    0xc0, 0xf, 0xfe, 0x4f, 0xff, 0xf0, 0x3, 0xff,
    0x8f, 0x7f, 0xfc, 0x1f, 0xfc, 0xa7, 0xff, 0xe4,
    0x3f, 0xf8, 0xdf, 0xff, 0x41, 0xff, 0xcb, 0xff,
    0xfe, 0x0, 0x7f, 0xf1, 0x7f, 0xff, 0x80, 0x1f,
    0xfc, 0xc7, 0xff, 0xe8, 0x3f, 0xf8, 0x6f, 0xff,
    0xd0, 0x7f, 0xf3, 0x6f, 0xff, 0x83, 0xff, 0x87,
    0xff, 0xfc, 0x0, 0xff, 0xe7, 0xff, 0xfd, 0x7,
    0xff, 0x5, 0xff, 0xfa, 0xf, 0xfe, 0x7d, 0xff,
    0xf0, 0x7f, 0xf0, 0x7f, 0xff, 0x80, 0x1f, 0xfd,
    0x1f, 0xff, 0xe0, 0x7, 0xfd, 0x7f, 0xfc, 0x87,
    0xff, 0x46, 0xff, 0xf9, 0xf, 0xf7, 0xff, 0xf0,
    0x3, 0xff, 0xa7, 0xff, 0xfc, 0x0, 0xfe, 0xbf,
    0xfe, 0x43, 0xff, 0xa6, 0xff, 0xfc, 0x87, 0xef,
    0xff, 0xe0, 0x7, 0xff, 0x57, 0xff, 0xf8, 0x1,
    0xf5, 0xff, 0xf2, 0x1f, 0xfd, 0x57, 0xff, 0xe8,
    0x39, 0xff, 0xfe, 0x0, 0x7f, 0xf5, 0xff, 0xff,
    0x80, 0x1d, 0xff, 0xfc, 0x0, 0xff, 0xec, 0x3f,
    0xff, 0x41, 0x3f, 0xff, 0x41, 0xff, 0xd9, 0xff,
    0xfe, 0x0, 0x5f, 0xff, 0xc0, 0xf, 0xfe, 0xd3,
    0xff, 0xf4, 0x3f, 0xff, 0x41, 0xff, 0xdb, 0xbf,
    0xfe, 0x40,

    /* U+005F "_" */
    0x5f, 0xff, 0xa7, 0xff, 0xfc, 0xef, 0xff, 0xf9,
    0xdf, 0xff, 0xf3, 0xbf, 0xff, 0xe7, 0x7f, 0xff,
    0xce, 0xff, 0xff, 0x9d, 0xff, 0xff, 0x3b, 0xff,
    0xfe, 0x77, 0xff, 0xfc, 0xe0,

    /* U+0060 "`" */
    0x6b, 0xfe, 0x43, 0xff, 0x83, 0xff, 0xfc, 0x8,
    0x3f, 0xf8, 0xf, 0xff, 0xf0, 0x3, 0xff, 0x83,
    0x7f, 0xff, 0x0, 0x3f, 0xf8, 0x3f, 0xff, 0xc0,
    0x43, 0xff, 0x80, 0xff, 0xff, 0x0, 0x3f, 0xf8,
    0x37, 0xff, 0xd0, 0x7f, 0xf0, 0x7f, 0xff, 0x80,
    0x1f, 0xfc, 0x2f, 0xff, 0xe0, 0x7, 0xff, 0x5,
    0xff, 0xf9, 0xf, 0xfe, 0xd, 0xff, 0xf0, 0x7f,
    0xf0, 0xbf, 0xfe, 0x83, 0xff, 0x82, 0xff, 0xfc,
    0x1f, 0xfc, 0x2b, 0xff, 0xe0, 0xff, 0xe1, 0x7f,
    0xfc, 0x87, 0xff, 0xb, 0xff, 0xe0, 0xff, 0xe1,
    0x3f, 0xfe, 0x83, 0xff, 0x85, 0x7f, 0xf8, 0x3f,
    0xf8, 0x7f, 0xff, 0x0,

    /* U+0061 "a" */
    0xf, 0xfe, 0x6a, 0xd5, 0x2c, 0x1f, 0xfd, 0xd6,
    0xff, 0xfe, 0x1c, 0x1f, 0xfd, 0x6b, 0xff, 0xf9,
    0x50, 0x7f, 0xf4, 0x1b, 0xff, 0xf9, 0xd0, 0x7f,
    0xf3, 0x1f, 0xff, 0xe9, 0xa1, 0xff, 0xc9, 0xbf,
    0xff, 0xab, 0x7, 0xff, 0x19, 0xff, 0xfe, 0xc8,
    0x7f, 0xf1, 0x2f, 0xff, 0xed, 0x87, 0xff, 0xb,
    0xff, 0xfb, 0xc1, 0xff, 0xc0, 0xff, 0xff, 0x0,
    0x7f, 0xbf, 0xff, 0xc3, 0x7, 0xef, 0xff, 0xe3,
    0xca, 0xf, 0x37, 0xff, 0xf1, 0x43, 0xf3, 0xff,
    0xfc, 0x38, 0x3f, 0xf8, 0x4f, 0xff, 0xf0, 0xe0,
    0xfd, 0x7f, 0xff, 0x2, 0xf, 0xfe, 0x35, 0xff,
    0xfc, 0x20, 0xfe, 0xbf, 0xfa, 0xf, 0xfe, 0x4d,
    0xff, 0xfc, 0x18, 0x3f, 0xaf, 0xf9, 0xf, 0xfe,
    0x5f, 0xff, 0xf0, 0x83, 0xfd, 0x7f, 0x7, 0xff,
    0x3b, 0xff, 0xf8, 0x28, 0x7f, 0xbf, 0x7, 0xff,
    0x3d, 0xff, 0xfe, 0x4, 0x1f, 0xf7, 0x83, 0xff,
    0xa3, 0xff, 0xfc, 0x10, 0xff, 0xef, 0x5f, 0xff,
    0xc0, 0xf, 0xfe, 0xf3, 0xff, 0xfc, 0x0, 0xff,
    0xef, 0xff, 0xff, 0x0, 0x3f, 0xfb, 0xff, 0xff,
    0xc0, 0xf, 0xfe, 0xff, 0xff, 0xf0, 0x10, 0xff,
    0xef, 0x7f, 0xff, 0x1, 0xf, 0xfe, 0xf7, 0xff,
    0xf0, 0x10, 0xff, 0xe3, 0x2a, 0x9f, 0xfd, 0x28,
    0x3f, 0x7f, 0xff, 0x1, 0xf, 0xfe, 0x13, 0x7f,
    0xff, 0x22, 0x43, 0x7f, 0xff, 0x1, 0xf, 0xfe,
    0x3, 0xff, 0xfc, 0xf8, 0xff, 0xfe, 0x2, 0x1f,
    0xeb, 0xff, 0xfb, 0xe8, 0x7e, 0x7f, 0xff, 0xc2,
    0x87, 0xd7, 0xff, 0xf8, 0x90, 0xf7, 0xff, 0xf9,
    0x10, 0xef, 0xff, 0xf2, 0xa1, 0xbf, 0xff, 0xcc,
    0x85, 0x7f, 0xff, 0x16, 0x43, 0xf9, 0x57, 0xff,
    0xf1, 0xd0, 0x3f, 0xff, 0xc3, 0x90, 0xff, 0xe2,
    0xb7, 0xff, 0xf0, 0xd0, 0x7f, 0xff, 0xd, 0xf,
    0xfe, 0x53, 0xff, 0xfc, 0x14, 0x7f, 0xff, 0x84,
    0x1f, 0xfc, 0xef, 0xff, 0xe0, 0x25, 0xff, 0xfc,
    0x10, 0xff, 0xe7, 0xff, 0xff, 0x1, 0x3f, 0xff,
    0x82, 0x1f, 0xfd, 0xf, 0xff, 0xe0, 0x2b, 0xff,
    0xf8, 0x10, 0x7f, 0xf4, 0x3f, 0xff, 0x80, 0xdf,
    0xff, 0xc0, 0x43, 0xff, 0xa1, 0xff, 0xfc, 0x6,
    0xff, 0xfe, 0x0, 0x7f, 0xf4, 0x7f, 0xff, 0x80,
    0xff, 0xff, 0x4, 0x3f, 0xfa, 0x3f, 0xff, 0xc0,
    0x7f, 0xff, 0x82, 0x1f, 0xfd, 0x7, 0xff, 0xf8,
    0xf, 0xff, 0xf0, 0x43, 0xff, 0xa1, 0xff, 0xfc,
    0x17, 0xff, 0xf8, 0x21, 0xff, 0xcf, 0x7f, 0xff,
    0x82, 0xff, 0xff, 0x5, 0xf, 0xfe, 0x77, 0xff,
    0xf0, 0x9b, 0xff, 0xf8, 0x10, 0x7f, 0xf3, 0x6f,
    0xff, 0xe1, 0x37, 0xff, 0xf0, 0x43, 0xff, 0x99,
    0x7f, 0xff, 0xd, 0x5f, 0xff, 0xc1, 0x83, 0xff,
    0x95, 0xff, 0xfc, 0x54, 0xff, 0xfe, 0x14, 0x1f,
    0xfc, 0x77, 0xff, 0xf8, 0xc9, 0x7f, 0xff, 0xa,
    0xf, 0xfe, 0x23, 0xff, 0xfc, 0x84, 0x7f, 0xff,
    0x89, 0x7, 0xff, 0x2, 0xff, 0xfe, 0x52, 0xf,
    0xff, 0xe3, 0xd4, 0xaa, 0x7f, 0xff, 0x39, 0x3,
    0xff, 0xfe, 0x74, 0x2b, 0xff, 0xfb, 0x33, 0xff,
    0xf2, 0x1b, 0xff, 0xfb, 0x10, 0xff, 0xfc, 0x87,
    0x7f, 0xff, 0x5a, 0x3, 0xff, 0xf2, 0x1e, 0xff,
    0xfe, 0xa2, 0x13, 0xff, 0xf2, 0x1f, 0x5f, 0xff,
    0xd1, 0xe, 0x7f, 0xfe, 0x43, 0xf3, 0xff, 0xfc,
    0xe4, 0x3c, 0xff, 0xfc, 0x87, 0xf9, 0xff, 0xfe,
    0x54, 0x1f, 0x9f, 0xff, 0x90, 0xff, 0xe0, 0xdf,
    0xff, 0xc4, 0x90, 0xff, 0x3f, 0xff, 0x21, 0xff,
    0xc4, 0x6f, 0xfd, 0x28, 0x3f, 0xf9, 0xc0,

    /* U+0062 "b" */
    0xbf, 0xfe, 0x83, 0xff, 0xcb, 0x7f, 0xfd, 0x7,
    0xff, 0x96, 0xff, 0xfa, 0xf, 0xff, 0x2d, 0xff,
    0xf4, 0x1f, 0xfe, 0x5b, 0xff, 0xe8, 0x3f, 0xfc,
    0xb7, 0xff, 0xd0, 0x7f, 0xf9, 0x6f, 0xff, 0xa0,
    0xff, 0xf2, 0xdf, 0xff, 0x41, 0xff, 0xe5, 0xbf,
    0xfe, 0x83, 0xff, 0xcb, 0x7f, 0xfd, 0x7, 0xff,
    0x96, 0xff, 0xfa, 0xf, 0xff, 0x2d, 0xff, 0xf4,
    0x1f, 0xfe, 0x5b, 0xff, 0xe8, 0x3f, 0xfc, 0xb7,
    0xff, 0xd0, 0x7f, 0xf9, 0x6f, 0xff, 0xa0, 0xff,
    0xf2, 0xdf, 0xff, 0x41, 0xff, 0xe5, 0xbf, 0xfe,
    0x83, 0xff, 0xcb, 0x7f, 0xfd, 0x7, 0xff, 0x96,
    0xff, 0xfa, 0xf, 0xff, 0x2d, 0xff, 0xf4, 0x1f,
    0xfe, 0x5b, 0xff, 0xe8, 0x3f, 0xfc, 0xb7, 0xff,
    0xd0, 0x7f, 0xf9, 0x6f, 0xff, 0xa0, 0xff, 0xf2,
    0xdf, 0xff, 0x41, 0xff, 0xe5, 0xbf, 0xfe, 0x83,
    0xff, 0xcb, 0x7f, 0xfd, 0x7, 0xff, 0x96, 0xff,
    0xfa, 0xf, 0xff, 0x2d, 0xff, 0xf4, 0x1f, 0xfc,
    0x26, 0x9f, 0xf5, 0x10, 0xff, 0xe5, 0x5f, 0xff,
    0x41, 0xff, 0x5f, 0xff, 0xc5, 0x83, 0xff, 0x8f,
    0x7f, 0xfd, 0x7, 0xf5, 0xff, 0xfc, 0xa4, 0x3f,
    0xf8, 0x97, 0xff, 0xd0, 0x7d, 0x7f, 0xff, 0x39,
    0xf, 0xfe, 0x15, 0xff, 0xf4, 0x1c, 0xff, 0xff,
    0x46, 0xf, 0xfe, 0xd, 0xff, 0xf4, 0x1a, 0xff,
    0xfe, 0xa2, 0x1f, 0xf5, 0xff, 0xf4, 0x17, 0xff,
    0xf5, 0xd0, 0xff, 0x5f, 0xff, 0x40, 0xff, 0xfe,
    0xca, 0x1f, 0xd7, 0xff, 0xd1, 0xff, 0xfd, 0xb8,
    0x3f, 0x5f, 0xff, 0xe9, 0x43, 0xeb, 0xff, 0xfd,
    0x41, 0xf5, 0xff, 0xfc, 0xd9, 0xf, 0x37, 0xff,
    0xf2, 0x3, 0xd7, 0xff, 0xf2, 0xa4, 0x3f, 0xf8,
    0xf, 0xff, 0xf1, 0x90, 0xeb, 0xff, 0xf9, 0x21,
    0xff, 0xc5, 0x7f, 0xff, 0x8a, 0x1d, 0x7f, 0xff,
    0x1d, 0xf, 0xfe, 0x45, 0xff, 0xfc, 0x38, 0x35,
    0xff, 0xfc, 0x64, 0x3f, 0xf9, 0x57, 0xff, 0xf0,
    0xc3, 0x5f, 0xff, 0xc5, 0xf, 0xfe, 0x6d, 0xff,
    0xfc, 0x28, 0x2b, 0xff, 0xf8, 0x88, 0x7f, 0xf3,
    0xbf, 0xff, 0x86, 0x15, 0xff, 0xfc, 0x38, 0x3f,
    0xfa, 0x1f, 0xff, 0xc2, 0x41, 0x7f, 0xff, 0xc,
    0x3f, 0xfa, 0x2f, 0xff, 0xf0, 0x81, 0x7f, 0xff,
    0x9, 0xf, 0xfe, 0x97, 0xff, 0xf0, 0x81, 0x7f,
    0xff, 0x6, 0xf, 0xfe, 0x9b, 0xff, 0xfc, 0x14,
    0xbf, 0xff, 0x82, 0x87, 0xff, 0x53, 0xff, 0xf8,
    0x31, 0x7f, 0xff, 0x4, 0x3f, 0xfa, 0xb7, 0xff,
    0xf0, 0x4b, 0xff, 0xf8, 0x8, 0x7f, 0xf5, 0x5f,
    0xff, 0xe0, 0x97, 0xff, 0xf0, 0x3, 0xff, 0xaf,
    0xff, 0xfc, 0x12, 0xff, 0xfe, 0x0, 0x7f, 0xf5,
    0xff, 0xff, 0x82, 0xdf, 0xff, 0x41, 0xff, 0xd7,
    0xbf, 0xff, 0x80, 0xdf, 0xff, 0x41, 0xff, 0xd7,
    0x7f, 0xff, 0x81, 0x4f, 0xff, 0x90, 0xff, 0xeb,
    0xbf, 0xff, 0xc0, 0xa7, 0xff, 0xc8, 0x7f, 0xf6,
    0x3f, 0xff, 0x81, 0x4f, 0xff, 0x90, 0xff, 0xec,
    0x7f, 0xff, 0x2, 0x9f, 0xff, 0x7, 0xff, 0x67,
    0xff, 0xf8, 0x37, 0xff, 0xc1, 0xff, 0xd9, 0xff,
    0xfe, 0x5, 0x3f, 0xfe, 0xf, 0xfe, 0xcf, 0xff,
    0xf0, 0x29, 0xff, 0xf2, 0x1f, 0xfd, 0x8f, 0xff,
    0xe0, 0x53, 0xff, 0xe4, 0x3f, 0xfa, 0xef, 0xff,
    0xf0, 0x29, 0xff, 0xf2, 0x1f, 0xfd, 0x77, 0xff,
    0xf8, 0x14, 0xff, 0xfa, 0xf, 0xfe, 0xbd, 0xff,
    0xfc, 0x6, 0xff, 0xfe, 0x0, 0x7f, 0xf5, 0xef,
    0xff, 0xe0, 0x17, 0xff, 0xf0, 0x3, 0xff, 0xaf,
    0xff, 0xfc, 0x12, 0xff, 0xfe, 0x2, 0x1f, 0xfd,
    0x6f, 0xff, 0xe0, 0x97, 0xff, 0xf0, 0x20, 0xff,
    0xea, 0xdf, 0xff, 0xc0, 0x8b, 0xff, 0xf8, 0x21,
    0xff, 0xd5, 0xff, 0xfe, 0xa, 0x5f, 0xff, 0xc1,
    0x43, 0xff, 0xa6, 0xff, 0xff, 0x4, 0x17, 0xff,
    0xf0, 0x83, 0xff, 0xa7, 0xff, 0xfc, 0x20, 0x5f,
    0xff, 0xc2, 0x83, 0xff, 0xa2, 0xff, 0xff, 0x6,
    0x5, 0xff, 0xfc, 0x30, 0xff, 0xe8, 0xff, 0xff,
    0x8, 0x2b, 0xff, 0xf8, 0x81, 0xff, 0xcf, 0xff,
    0xfe, 0x18, 0x57, 0xff, 0xf1, 0x43, 0xff, 0x9b,
    0x7f, 0xff, 0x9, 0xa, 0xff, 0xfe, 0x2c, 0x1f,
    0xfc, 0xbb, 0xff, 0xf8, 0x61, 0xaf, 0xff, 0xe3,
    0x87, 0xff, 0x26, 0xff, 0xfe, 0x1a, 0x1a, 0xff,
    0xfe, 0x42, 0x1f, 0xfc, 0x57, 0xff, 0xf8, 0xa1,
    0xd7, 0xff, 0xf2, 0x90, 0xff, 0xe0, 0xb7, 0xff,
    0xf1, 0x50, 0xeb, 0xff, 0xf9, 0xb2, 0x1e, 0x6f,
    0xff, 0xe3, 0xc1, 0xeb, 0xff, 0xfd, 0x41, 0xf5,
    0xff, 0xf3, 0xff, 0xfd, 0xd0, 0xfd, 0x7f, 0xfc,
    0x5f, 0xff, 0xdb, 0xf, 0xeb, 0xff, 0xe0, 0x5f,
    0xff, 0xd9, 0xf, 0xf5, 0xff, 0xf0, 0x57, 0xff,
    0xf5, 0xc3, 0xfe, 0xbf, 0xfe, 0xc, 0xff, 0xff,
    0x54, 0x3f, 0xf8, 0x17, 0xff, 0xc1, 0xeb, 0xff,
    0xfa, 0x28, 0x7f, 0xf0, 0x6f, 0xff, 0x83, 0xf7,
    0xff, 0xf3, 0xa0, 0xff, 0xe1, 0xdf, 0xff, 0x7,
    0xf3, 0x7f, 0xff, 0x26, 0xf, 0xfe, 0x2d, 0xff,
    0xf0, 0x7f, 0xf0, 0x2f, 0xff, 0xe2, 0x48, 0x7f,
    0xf8, 0x9a, 0x7f, 0xd2, 0x83, 0xff, 0x94,

    /* U+0063 "c" */
    0xf, 0xfe, 0x6b, 0x4f, 0xfd, 0x44, 0x3f, 0xfb,
    0x8d, 0xff, 0xfc, 0x69, 0xf, 0xfe, 0xb5, 0xff,
    0xfc, 0xc8, 0x3f, 0xfa, 0x5f, 0xff, 0xd1, 0x83,
    0xff, 0x9d, 0x7f, 0xff, 0x52, 0xf, 0xfe, 0x5f,
    0xff, 0xf6, 0x3, 0xff, 0x90, 0xff, 0xff, 0x6a,
    0xf, 0xfe, 0x2d, 0xff, 0xfd, 0xc8, 0x3f, 0xf8,
    0x77, 0xff, 0xf7, 0xc3, 0xff, 0x83, 0x7f, 0xff,
    0x84, 0x3f, 0xeb, 0xff, 0xfc, 0x50, 0x7f, 0x3f,
    0xff, 0xc7, 0x94, 0x1c, 0xab, 0xff, 0xf8, 0xb0,
    0x7f, 0x7f, 0xff, 0x16, 0xf, 0xfe, 0x13, 0xff,
    0xfc, 0x28, 0x3f, 0xaf, 0xff, 0xe1, 0xc1, 0xff,
    0xc7, 0xff, 0xfa, 0xf, 0xe7, 0xff, 0xf8, 0x68,
    0x7f, 0xf2, 0x5f, 0xfd, 0x7, 0xfb, 0xff, 0xf8,
    0x61, 0xff, 0xcd, 0xff, 0x21, 0xfe, 0xbf, 0xff,
    0x84, 0x1f, 0xfc, 0xff, 0xc8, 0x7f, 0xdf, 0xff,
    0xc2, 0xf, 0xfe, 0x8f, 0x90, 0xff, 0x9f, 0xff,
    0xe0, 0xa1, 0xff, 0xd2, 0x43, 0xff, 0x81, 0xff,
    0xfc, 0x20, 0xff, 0xf0, 0x7f, 0xff, 0x5, 0xf,
    0xfe, 0xfd, 0xff, 0xfc, 0x10, 0xff, 0xf0, 0x7f,
    0xff, 0x5, 0xf, 0xff, 0x7, 0xff, 0xf0, 0x43,
    0xff, 0xc0, 0xff, 0xff, 0x2, 0xf, 0xff, 0x3,
    0xff, 0xfc, 0x4, 0x3f, 0xfc, 0x17, 0xff, 0xf0,
    0x10, 0xff, 0xf0, 0x7f, 0xff, 0x4, 0x3f, 0xfc,
    0x3f, 0xff, 0xc1, 0xf, 0xff, 0xf, 0xff, 0xf0,
    0x43, 0xff, 0xc3, 0xff, 0xfc, 0x10, 0xff, 0xf0,
    0xff, 0xff, 0x2, 0xf, 0xff, 0xf, 0xff, 0xf0,
    0x20, 0xff, 0xf0, 0xff, 0xff, 0x2, 0xf, 0xff,
    0xf, 0xff, 0xf0, 0x20, 0xff, 0xf0, 0xff, 0xff,
    0x4, 0x3f, 0xfc, 0x3f, 0xff, 0xc1, 0xf, 0xff,
    0xf, 0xff, 0xf0, 0x43, 0xff, 0xc3, 0xff, 0xfc,
    0x10, 0xff, 0xf0, 0xdf, 0xff, 0xc0, 0x43, 0xff,
    0xc0, 0xff, 0xff, 0x2, 0xf, 0xff, 0x3, 0xff,
    0xfc, 0x10, 0xff, 0xf0, 0xff, 0xff, 0x4, 0x3f,
    0xfc, 0x3f, 0xff, 0xc1, 0x83, 0xff, 0xc0, 0xff,
    0xff, 0x4, 0x3f, 0xfc, 0x3f, 0xff, 0xc1, 0x43,
    0xff, 0xa8, 0x87, 0xfd, 0xff, 0xfc, 0x20, 0xff,
    0xe9, 0xbe, 0xf, 0xf3, 0xff, 0xfc, 0x18, 0x3f,
    0xfa, 0x2f, 0xe0, 0xff, 0x7f, 0xff, 0x9, 0xf,
    0xfe, 0x87, 0xf9, 0xf, 0xd7, 0xff, 0xf0, 0x90,
    0xff, 0xe7, 0x7f, 0xe4, 0x3f, 0x7f, 0xff, 0xd,
    0xf, 0xfe, 0x5b, 0xff, 0xe8, 0x3e, 0x7f, 0xff,
    0x86, 0x87, 0xff, 0x26, 0xff, 0xfe, 0x4, 0x1f,
    0x7f, 0xff, 0x14, 0x3f, 0xf8, 0xcf, 0xff, 0xf0,
    0xd0, 0xfb, 0xff, 0xf8, 0xb2, 0x1f, 0xfc, 0x17,
    0xff, 0xf8, 0xa1, 0xf9, 0xff, 0xfe, 0x3c, 0xa0,
    0xe5, 0x5f, 0xff, 0xc6, 0xf, 0xf5, 0xff, 0xfe,
    0x24, 0x3f, 0xeb, 0xff, 0xfc, 0x8, 0x7f, 0xf0,
    0x6f, 0xff, 0xef, 0x41, 0xff, 0xc3, 0xbf, 0xff,
    0xb8, 0x87, 0xff, 0x15, 0xff, 0xfe, 0xd2, 0x1f,
    0xfc, 0x8f, 0xff, 0xeb, 0xc1, 0xff, 0xcb, 0xbf,
    0xff, 0xa8, 0x87, 0xff, 0x3b, 0xff, 0xfa, 0x30,
    0x7f, 0xf4, 0xaf, 0xff, 0xe6, 0x41, 0xff, 0xd6,
    0x6f, 0xff, 0xe3, 0x48, 0x7f, 0xf7, 0x1a, 0x7f,
    0xea, 0x21, 0xff, 0xc7,

    /* U+0064 "d" */
    0xf, 0xff, 0x37, 0xff, 0xf0, 0x3, 0xff, 0xcc,
    0xff, 0xff, 0x0, 0x3f, 0xfc, 0xcf, 0xff, 0xf0,
    0x3, 0xff, 0xcc, 0xff, 0xff, 0x0, 0x3f, 0xfc,
    0xcf, 0xff, 0xf0, 0x3, 0xff, 0xcc, 0xff, 0xff,
    0x0, 0x3f, 0xfc, 0xcf, 0xff, 0xf0, 0x3, 0xff,
    0xcc, 0xff, 0xff, 0x0, 0x3f, 0xfc, 0xcf, 0xff,
    0xf0, 0x3, 0xff, 0xcc, 0xff, 0xff, 0x0, 0x3f,
    0xfc, 0xcf, 0xff, 0xf0, 0x3, 0xff, 0xcc, 0xff,
    0xff, 0x0, 0x3f, 0xfc, 0xcf, 0xff, 0xf0, 0x3,
    0xff, 0xcc, 0xff, 0xff, 0x0, 0x3f, 0xfc, 0xcf,
    0xff, 0xf0, 0x3, 0xff, 0xcc, 0xff, 0xff, 0x0,
    0x3f, 0xfc, 0xcf, 0xff, 0xf0, 0x3, 0xff, 0xcc,
    0xff, 0xff, 0x0, 0x3f, 0xfc, 0xcf, 0xff, 0xf0,
    0x3, 0xff, 0xcc, 0xff, 0xff, 0x0, 0x3f, 0xfc,
    0xcf, 0xff, 0xf0, 0x3, 0xff, 0xcc, 0xff, 0xff,
    0x0, 0x3f, 0xfc, 0xcf, 0xff, 0xf0, 0x3, 0xff,
    0xcc, 0xff, 0xff, 0x0, 0x3f, 0xfc, 0xcf, 0xff,
    0xf0, 0x3, 0xff, 0xcc, 0xff, 0xff, 0x0, 0x3f,
    0xfc, 0xcf, 0xff, 0xf0, 0x3, 0xff, 0x9a, 0xd3,
    0xfe, 0x94, 0x1f, 0xfc, 0x7, 0xff, 0xf8, 0x1,
    0xff, 0xc9, 0x6f, 0xff, 0xe2, 0x48, 0x7f, 0x3f,
    0xff, 0xc0, 0xf, 0xfe, 0x3b, 0xff, 0xfc, 0xa8,
    0x3e, 0x7f, 0xff, 0x80, 0x1f, 0xfc, 0x57, 0xff,
    0xf9, 0xc8, 0x73, 0xff, 0xfc, 0x0, 0xff, 0xe1,
    0xbf, 0xff, 0xd2, 0xc, 0xff, 0xff, 0x0, 0x3f,
    0xf8, 0x57, 0xff, 0xf5, 0x10, 0x3f, 0xff, 0xc0,
    0xf, 0xfe, 0xf, 0xff, 0xf5, 0xd1, 0xff, 0xfe,
    0x0, 0x7f, 0xf0, 0x3f, 0xff, 0xb2, 0xaf, 0xff,
    0xe0, 0x7, 0xfd, 0xff, 0xfd, 0xbb, 0xff, 0xf8,
    0x1, 0xfe, 0xff, 0xff, 0x48, 0x7f, 0x7f, 0xff,
    0xa8, 0x3f, 0x5f, 0xff, 0xc7, 0x90, 0xe5, 0x5f,
    0xff, 0xcd, 0xf, 0x9f, 0xff, 0xe2, 0xc1, 0xff,
    0xc1, 0x7f, 0xff, 0x96, 0x1f, 0x7f, 0xff, 0x12,
    0xf, 0xfe, 0x2b, 0xff, 0xfc, 0x90, 0xf5, 0xff,
    0xfc, 0x34, 0x3f, 0xf9, 0x17, 0xff, 0xf1, 0xc3,
    0x9f, 0xff, 0xe1, 0x87, 0xff, 0x2e, 0xff, 0xfe,
    0x30, 0x77, 0xff, 0xf0, 0xc3, 0xff, 0x9b, 0x7f,
    0xff, 0x14, 0x33, 0xff, 0xfc, 0x20, 0xff, 0xe7,
    0xdf, 0xff, 0xc4, 0xd, 0x7f, 0xff, 0x5, 0xf,
    0xfe, 0x87, 0xff, 0xf1, 0x3, 0x7f, 0xff, 0x8,
    0x3f, 0xfa, 0x2f, 0xff, 0xf0, 0xc2, 0x7f, 0xff,
    0x82, 0x87, 0xff, 0x4b, 0xff, 0xf8, 0x61, 0x7f,
    0xff, 0x8, 0x3f, 0xfa, 0x9f, 0xff, 0xc2, 0xb,
    0xff, 0xf8, 0x28, 0x7f, 0xf5, 0x3f, 0xff, 0x84,
    0x7, 0xff, 0xf8, 0x21, 0xff, 0xd5, 0x7f, 0xff,
    0x82, 0xb, 0xff, 0xf8, 0x10, 0x7f, 0xf5, 0xbf,
    0xff, 0x82, 0xb, 0xff, 0xf8, 0x8, 0x7f, 0xf5,
    0xbf, 0xff, 0x82, 0xf, 0xff, 0xe0, 0x87, 0xff,
    0x5d, 0xff, 0xfe, 0x0, 0x3f, 0xff, 0x82, 0x1f,
    0xfd, 0x77, 0xff, 0xf8, 0x0, 0xff, 0xfe, 0x8,
    0x7f, 0xf6, 0x3f, 0xff, 0x80, 0xf, 0xff, 0xe0,
    0x87, 0xff, 0x63, 0xff, 0xf8, 0x0, 0xff, 0xfe,
    0x8, 0x7f, 0xf6, 0x3f, 0xff, 0x80, 0x3f, 0xff,
    0xc0, 0x83, 0xff, 0xb1, 0xff, 0xfc, 0x1, 0xff,
    0xfe, 0x4, 0x1f, 0xfd, 0x8f, 0xff, 0xe0, 0x3,
    0xff, 0xf8, 0x10, 0x7f, 0xf6, 0x2f, 0xff, 0x81,
    0xff, 0xfc, 0x8, 0x3f, 0xfb, 0x1f, 0xff, 0xc0,
    0x7, 0xff, 0xf0, 0x43, 0xff, 0xb1, 0xff, 0xfc,
    0x0, 0x7f, 0xff, 0x4, 0x3f, 0xfb, 0x1f, 0xff,
    0xc0, 0x7, 0xff, 0xf0, 0x43, 0xff, 0xb1, 0xff,
    0xfc, 0x0, 0x7f, 0xff, 0x4, 0x3f, 0xfb, 0x1f,
    0xff, 0xc0, 0x7, 0xff, 0xf0, 0x50, 0xff, 0xeb,
    0x3f, 0xff, 0xc0, 0x5, 0xff, 0xfc, 0x8, 0x3f,
    0xfa, 0xd7, 0xff, 0xf0, 0x0, 0xff, 0xff, 0x4,
    0x3f, 0xfa, 0xdf, 0xff, 0xc1, 0x3, 0xff, 0xfc,
    0x10, 0xff, 0xea, 0xbf, 0xff, 0xc1, 0xb, 0xff,
    0xf8, 0x30, 0x7f, 0xf5, 0x3f, 0xff, 0x84, 0x17,
    0xff, 0xf0, 0x83, 0xff, 0xa9, 0xff, 0xfc, 0x20,
    0x9f, 0xff, 0xe0, 0xa1, 0xff, 0xd2, 0xff, 0xfe,
    0x18, 0x6f, 0xff, 0xe1, 0x7, 0xff, 0x45, 0xff,
    0xfe, 0x18, 0x6f, 0xff, 0xe1, 0x41, 0xff, 0xd0,
    0xff, 0xfe, 0x20, 0x67, 0xff, 0xf8, 0x48, 0x7f,
    0xf3, 0xbf, 0xff, 0x8a, 0x1d, 0xff, 0xfc, 0x34,
    0x3f, 0xf9, 0x97, 0xff, 0xf1, 0x43, 0xaf, 0xff,
    0xe1, 0xa1, 0xff, 0xca, 0xbf, 0xff, 0x8c, 0x1e,
    0xff, 0xfe, 0x22, 0x1f, 0xfc, 0x8f, 0xff, 0xe4,
    0x7, 0x9f, 0xff, 0xe2, 0x41, 0xff, 0xc5, 0xbf,
    0xff, 0x92, 0x1f, 0x7f, 0xff, 0x1a, 0xf, 0xfe,
    0xb, 0xff, 0xfc, 0xb0, 0xfd, 0xff, 0xfc, 0x89,
    0xe, 0x69, 0xff, 0xfc, 0xd0, 0xfc, 0xff, 0xff,
    0xa8, 0x3f, 0xaf, 0xff, 0xee, 0x4f, 0xff, 0xc1,
    0xfe, 0xbf, 0xff, 0xb6, 0x3f, 0xff, 0x7, 0xfd,
    0x7f, 0xff, 0x64, 0xf, 0xff, 0xc1, 0xff, 0xc0,
    0xbf, 0xff, 0xad, 0x4, 0xff, 0xfc, 0x1f, 0xfc,
    0x17, 0xff, 0xfa, 0x90, 0x67, 0xff, 0xe0, 0xff,
    0xe1, 0xdf, 0xff, 0xd1, 0xf, 0x3f, 0xff, 0x7,
    0xff, 0x11, 0xff, 0xfe, 0x72, 0x1f, 0x3f, 0xff,
    0x7, 0xff, 0x19, 0xff, 0xfe, 0x52, 0x1f, 0xcf,
    0xff, 0xc1, 0xff, 0xc9, 0x7f, 0xff, 0x89, 0x21,
    0xff, 0x3f, 0xff, 0x7, 0xff, 0x31, 0x57, 0xfd,
    0x28, 0x3f, 0xf9, 0xe0,

    /* U+0065 "e" */
    0xf, 0xfe, 0x72, 0xab, 0xca, 0xf, 0xff, 0x1b,
    0xff, 0xfc, 0x49, 0xf, 0xfe, 0xdb, 0xff, 0xfc,
    0xa8, 0x3f, 0xfa, 0xf7, 0xff, 0xf3, 0xa0, 0xff,
    0xe9, 0xbf, 0xff, 0xd2, 0x83, 0xff, 0xa1, 0x7f,
    0xff, 0x54, 0x3f, 0xf9, 0xaf, 0xff, 0xf6, 0x10,
    0xff, 0xe5, 0x3f, 0xff, 0xda, 0x83, 0xff, 0x90,
    0xff, 0xff, 0x72, 0xf, 0xfe, 0x33, 0xff, 0xfd,
    0xe4, 0x3f, 0xf8, 0x8f, 0xff, 0xf8, 0x10, 0xff,
    0xe1, 0xff, 0xff, 0x1a, 0x43, 0xca, 0xbf, 0xff,
    0x8a, 0x1f, 0xfc, 0x2f, 0xff, 0xe2, 0x41, 0xff,
    0xc2, 0xbf, 0xff, 0x87, 0x7, 0xff, 0x2, 0xff,
    0xfe, 0x14, 0x1f, 0xfc, 0x6b, 0xff, 0xf8, 0x48,
    0x7f, 0xdf, 0xff, 0xc2, 0x43, 0xff, 0x90, 0xff,
    0xff, 0x8, 0x3f, 0xdf, 0xff, 0xc2, 0x43, 0xff,
    0x94, 0xff, 0xff, 0x5, 0xf, 0xcf, 0xff, 0xf0,
    0x50, 0xff, 0xe6, 0x3f, 0xff, 0xc1, 0xf, 0xdf,
    0xff, 0xc1, 0x83, 0xff, 0x9d, 0x7f, 0xff, 0x1,
    0xf, 0xbf, 0xff, 0x82, 0x1f, 0xfd, 0xf, 0xff,
    0xe0, 0x41, 0xeb, 0xff, 0xf8, 0x8, 0x7f, 0xf4,
    0x1f, 0xff, 0xe0, 0x7, 0xbf, 0xff, 0x82, 0x1f,
    0xfd, 0x2f, 0xff, 0xe0, 0x21, 0x9f, 0xff, 0xe0,
    0x21, 0xff, 0xd2, 0x7f, 0xfe, 0x83, 0x5f, 0xff,
    0xc0, 0xf, 0xfe, 0xa7, 0xff, 0xf0, 0x3, 0x7f,
    0xff, 0x2, 0xf, 0xfe, 0xa7, 0xff, 0xf0, 0x10,
    0xbf, 0xff, 0x80, 0x87, 0xff, 0x52, 0xff, 0xfa,
    0x3, 0xff, 0xfc, 0x0, 0xff, 0xea, 0xbf, 0xff,
    0x40, 0xbf, 0xff, 0x80, 0x1f, 0xfd, 0x57, 0xff,
    0xf8, 0x0, 0xbf, 0xff, 0x80, 0x1f, 0xfd, 0x57,
    0xff, 0xf8, 0x0, 0xff, 0xff, 0x78, 0x3f, 0xff,
    0xde, 0xf, 0xff, 0xf7, 0x83, 0xff, 0xfd, 0xe9,
    0xff, 0xfe, 0xf4, 0xff, 0xff, 0x7a, 0x7f, 0xff,
    0xbd, 0x3f, 0xff, 0xde, 0x9f, 0xff, 0xef, 0x4f,
    0xff, 0xe0, 0xd7, 0xff, 0x89, 0x2f, 0xff, 0xe0,
    0x7, 0xff, 0x92, 0xff, 0xfe, 0x0, 0x7f, 0xf9,
    0x1f, 0xff, 0xe0, 0x7, 0xff, 0x97, 0xff, 0xf8,
    0x1, 0xff, 0xe5, 0xff, 0xfe, 0x4, 0x1f, 0xfe,
    0x4b, 0xff, 0xf8, 0x1, 0xff, 0xe4, 0x7f, 0xff,
    0x80, 0x1f, 0xfe, 0x5f, 0xff, 0xe0, 0x41, 0xff,
    0xe4, 0xff, 0xfe, 0x8, 0x7f, 0xf9, 0x1f, 0xff,
    0xe0, 0x87, 0xff, 0x57, 0xf, 0xfe, 0x17, 0xff,
    0xf0, 0x50, 0xff, 0xe9, 0xfc, 0x1f, 0xfc, 0x17,
    0xff, 0xf8, 0x28, 0x7f, 0xf4, 0x7f, 0x83, 0xff,
    0x83, 0xff, 0xfc, 0x24, 0x3f, 0xf9, 0xcf, 0xfc,
    0x1f, 0xfc, 0x7, 0xff, 0xf8, 0x48, 0x7f, 0xf3,
    0x2f, 0xfe, 0xf, 0xfe, 0x5, 0xff, 0xfc, 0x28,
    0x3f, 0xf9, 0x2f, 0xff, 0xf0, 0x3, 0xff, 0x81,
    0xff, 0xfc, 0x44, 0x3f, 0xf8, 0xaf, 0xff, 0xf0,
    0xc3, 0xfe, 0x7f, 0xff, 0x8b, 0x21, 0xff, 0x37,
    0xff, 0xf1, 0x60, 0xff, 0xaf, 0xff, 0xe5, 0x55,
    0xff, 0xfc, 0xa8, 0x3f, 0xf8, 0x37, 0xff, 0xf8,
    0x83, 0xff, 0x87, 0x7f, 0xff, 0x80, 0x3f, 0xf8,
    0xb7, 0xff, 0xf7, 0x60, 0xff, 0xe3, 0xdf, 0xff,
    0xdb, 0x43, 0xff, 0x95, 0xff, 0xfd, 0x90, 0xff,
    0xe6, 0xdf, 0xff, 0xd5, 0x43, 0xff, 0xa1, 0xff,
    0xfd, 0x24, 0x3f, 0xfa, 0x97, 0xff, 0xf3, 0x24,
    0x3f, 0xfb, 0xd, 0xff, 0xfc, 0x69, 0xf, 0xfe,
    0xfb, 0x4f, 0xfd, 0x28, 0x3f, 0xf9, 0x40,

    /* U+0066 "f" */
    0xf, 0xff, 0xa3, 0x4f, 0xfa, 0x88, 0x7f, 0xf3,
    0x1f, 0xff, 0xe2, 0xa1, 0xff, 0xc7, 0x7f, 0xff,
    0x90, 0x1f, 0xfc, 0x6f, 0xff, 0xe4, 0xc1, 0xff,
    0xc4, 0x7f, 0xff, 0x94, 0x87, 0xff, 0xd, 0xff,
    0xfe, 0x5a, 0x1f, 0xfc, 0x3f, 0xff, 0xe6, 0x7,
    0xff, 0xf, 0xff, 0xf9, 0xa1, 0xff, 0xc2, 0xbf,
    0xff, 0x9a, 0x1f, 0xfc, 0x2f, 0xff, 0xe6, 0xc1,
    0xff, 0xc1, 0xbf, 0xff, 0x9b, 0x7, 0xff, 0x7,
    0xff, 0xf8, 0x72, 0x1c, 0xab, 0x43, 0xff, 0x80,
    0xff, 0xff, 0x8, 0x3f, 0xf9, 0xb7, 0xff, 0xf0,
    0x43, 0xff, 0x9d, 0xff, 0xfc, 0x10, 0xff, 0xe7,
    0xff, 0xff, 0x4, 0x3f, 0xf9, 0xcf, 0xff, 0xf0,
    0x10, 0xff, 0xe7, 0x5f, 0xff, 0xc0, 0xf, 0xfe,
    0x7d, 0xff, 0xfc, 0x0, 0xff, 0xe7, 0xdf, 0xff,
    0xc0, 0xf, 0xfe, 0x7f, 0xff, 0xf0, 0x43, 0xff,
    0x9f, 0xff, 0xfc, 0x8, 0x3f, 0xf9, 0xff, 0xff,
    0xc0, 0x83, 0xff, 0x9f, 0xff, 0xfc, 0x8, 0x3f,
    0xf9, 0xff, 0xff, 0xc0, 0x83, 0xff, 0x9f, 0xff,
    0xfc, 0x8, 0x3f, 0xf9, 0xff, 0xff, 0xc0, 0x83,
    0xff, 0x9f, 0xff, 0xfc, 0x8, 0x3f, 0xf9, 0xff,
    0xff, 0xc0, 0x83, 0xff, 0x8a, 0xd7, 0xf7, 0xff,
    0xf0, 0x6b, 0xff, 0x82, 0x85, 0xff, 0xfd, 0x84,
    0x2f, 0xff, 0xec, 0x21, 0x7f, 0xff, 0x61, 0xb,
    0xff, 0xfb, 0x8, 0x5f, 0xff, 0xd8, 0x42, 0xff,
    0xfe, 0xc2, 0x17, 0xff, 0xf6, 0x10, 0xbf, 0xff,
    0xb0, 0x85, 0xff, 0xfd, 0x84, 0x2f, 0xff, 0xec,
    0x21, 0xff, 0xc1, 0xff, 0xfe, 0x4, 0x1f, 0xfc,
    0xff, 0xff, 0xe0, 0x41, 0xff, 0xcf, 0xff, 0xfe,
    0x4, 0x1f, 0xfc, 0xff, 0xff, 0xe0, 0x41, 0xff,
    0xcf, 0xff, 0xfe, 0x4, 0x1f, 0xfc, 0xff, 0xff,
    0xe0, 0x41, 0xff, 0xcf, 0xff, 0xfe, 0x4, 0x1f,
    0xfc, 0xff, 0xff, 0xe0, 0x41, 0xff, 0xcf, 0xff,
    0xfe, 0x4, 0x1f, 0xfc, 0xff, 0xff, 0xe0, 0x41,
    0xff, 0xcf, 0xff, 0xfe, 0x4, 0x1f, 0xfc, 0xff,
    0xff, 0xe0, 0x41, 0xff, 0xcf, 0xff, 0xfe, 0x4,
    0x1f, 0xfc, 0xff, 0xff, 0xe0, 0x41, 0xff, 0xcf,
    0xff, 0xfe, 0x4, 0x1f, 0xfc, 0xff, 0xff, 0xe0,
    0x41, 0xff, 0xcf, 0xff, 0xfe, 0x4, 0x1f, 0xfc,
    0xff, 0xff, 0xe0, 0x41, 0xff, 0xcf, 0xff, 0xfe,
    0x4, 0x1f, 0xfc, 0xff, 0xff, 0xe0, 0x41, 0xff,
    0xcf, 0xff, 0xfe, 0x4, 0x1f, 0xfc, 0xff, 0xff,
    0xe0, 0x41, 0xff, 0xcf, 0xff, 0xfe, 0x4, 0x1f,
    0xfc, 0xff, 0xff, 0xe0, 0x41, 0xff, 0xcf, 0xff,
    0xfe, 0x4, 0x1f, 0xfc, 0xff, 0xff, 0xe0, 0x41,
    0xff, 0xcf, 0xff, 0xfe, 0x4, 0x1f, 0xfc, 0xff,
    0xff, 0xe0, 0x41, 0xff, 0xcf, 0xff, 0xfe, 0x4,
    0x1f, 0xfc, 0xff, 0xff, 0xe0, 0x41, 0xff, 0xcf,
    0xff, 0xfe, 0x4, 0x1f, 0xfc, 0xff, 0xff, 0xe0,
    0x41, 0xff, 0xcf, 0xff, 0xfe, 0x4, 0x1f, 0xfc,
    0xff, 0xff, 0xe0, 0x41, 0xff, 0xcf, 0xff, 0xfe,
    0x4, 0x1f, 0xfc, 0xff, 0xff, 0xe0, 0x41, 0xff,
    0xcf, 0xff, 0xfe, 0x4, 0x1f, 0xfc, 0xff, 0xff,
    0xe0, 0x41, 0xff, 0xcf, 0xff, 0xfe, 0x4, 0x1f,
    0xfc, 0xff, 0xff, 0xe0, 0x41, 0xff, 0xcf, 0xff,
    0xfe, 0x4, 0x1f, 0xfc, 0xff, 0xff, 0xe0, 0x41,
    0xff, 0xcf, 0xff, 0xfe, 0x4, 0x1f, 0xfc, 0xff,
    0xff, 0xe0, 0x41, 0xff, 0xcf, 0xff, 0xfe, 0x4,
    0x1f, 0xfc, 0xff, 0xff, 0xe0, 0x41, 0xff, 0xcf,
    0xff, 0xfe, 0x4, 0x1f, 0xfc, 0xff, 0xff, 0xe0,
    0x41, 0xff, 0xcf, 0xff, 0xfe, 0x4, 0x1f, 0xfc,
    0xff, 0xff, 0xe0, 0x41, 0xff, 0xcf, 0xff, 0xfe,
    0x4, 0x1f, 0xfc, 0xff, 0xff, 0xe0, 0x41, 0xff,
    0xcf, 0xff, 0xfe, 0x4, 0x1f, 0xfc, 0x50,

    /* U+0067 "g" */
    0xf, 0xfe, 0x5b, 0x4f, 0xfd, 0x21, 0xff, 0xe2,
    0x7f, 0xff, 0x8a, 0x87, 0xfd, 0xff, 0xf4, 0x1f,
    0xfc, 0x6b, 0xff, 0xf9, 0x30, 0x7f, 0x7f, 0xfd,
    0x7, 0xff, 0x12, 0xff, 0xfe, 0x6a, 0x1f, 0x7f,
    0xfd, 0x7, 0xff, 0x9, 0xff, 0xfe, 0x88, 0x7b,
    0xff, 0xe8, 0x3f, 0xf8, 0x37, 0xff, 0xf4, 0xd0,
    0xdf, 0xff, 0x41, 0xff, 0xc0, 0xff, 0xfe, 0xb4,
    0x17, 0xff, 0xd0, 0x7f, 0xdf, 0xff, 0xd8, 0x81,
    0xff, 0xf4, 0x1f, 0xef, 0xff, 0xed, 0x47, 0xff,
    0xd0, 0x7f, 0x7f, 0xff, 0x71, 0xff, 0xfa, 0xf,
    0xdf, 0xff, 0xe9, 0x83, 0xeb, 0xff, 0xf8, 0xea,
    0xe, 0x6f, 0xff, 0xe6, 0xc1, 0xe7, 0xff, 0xf8,
    0xa8, 0x7f, 0xf0, 0x5f, 0xff, 0xe5, 0x41, 0xef,
    0xff, 0xe2, 0x41, 0xff, 0xc5, 0x7f, 0xff, 0x91,
    0x7, 0x5f, 0xff, 0xc3, 0x43, 0xff, 0x91, 0xff,
    0xfc, 0x78, 0x3b, 0xff, 0xf8, 0x61, 0xff, 0xcb,
    0xff, 0xfe, 0x34, 0x1a, 0xff, 0xfe, 0x10, 0x7f,
    0xf3, 0x7f, 0xff, 0x8b, 0x6, 0xff, 0xfe, 0x12,
    0x1f, 0xfc, 0xef, 0xff, 0xe2, 0x41, 0x5f, 0xff,
    0xc1, 0x83, 0xff, 0x9e, 0xff, 0xff, 0xe, 0xb,
    0xff, 0xf8, 0x41, 0xff, 0xd1, 0xbf, 0xff, 0x85,
    0x1, 0xff, 0xfe, 0xa, 0x1f, 0xfd, 0x2f, 0xff,
    0xe1, 0x40, 0xbf, 0xff, 0x82, 0x1f, 0xfd, 0x3b,
    0xff, 0xf8, 0x30, 0x3f, 0xff, 0x82, 0x87, 0xff,
    0x53, 0xff, 0xf8, 0x30, 0x3f, 0xff, 0x82, 0x1f,
    0xfd, 0x5b, 0xff, 0xf8, 0x10, 0xff, 0xff, 0x2,
    0xf, 0xfe, 0xab, 0xff, 0xfc, 0x8, 0x7f, 0xff,
    0x80, 0x87, 0xff, 0x5b, 0xff, 0xf8, 0x11, 0x7f,
    0xff, 0x0, 0x3f, 0xfa, 0xff, 0xff, 0xc0, 0x8f,
    0xff, 0xe0, 0x87, 0xff, 0x5e, 0xff, 0xfa, 0x3f,
    0xff, 0x82, 0x1f, 0xfd, 0x77, 0xff, 0xe8, 0xff,
    0xfe, 0x8, 0x7f, 0xf5, 0xdf, 0xff, 0xa3, 0xff,
    0xf8, 0x10, 0x7f, 0xf6, 0x3f, 0xfe, 0x8f, 0xff,
    0xe0, 0x41, 0xff, 0xd8, 0xff, 0xfa, 0x3f, 0xff,
    0x81, 0x7, 0xff, 0x63, 0xff, 0xe8, 0xff, 0xfe,
    0x4, 0x1f, 0xfd, 0x8f, 0xff, 0xa3, 0xff, 0xf8,
    0x21, 0xff, 0xd8, 0xff, 0xfa, 0x3f, 0xff, 0x82,
    0x1f, 0xfd, 0x8f, 0xff, 0xa3, 0xff, 0xf8, 0x21,
    0xff, 0xd7, 0x7f, 0xfe, 0x8f, 0xff, 0xe0, 0x87,
    0xff, 0x5d, 0xff, 0xfa, 0x3f, 0xff, 0x82, 0x87,
    0xff, 0x5a, 0xff, 0xfa, 0x2f, 0xff, 0xe0, 0x41,
    0xff, 0xd6, 0xbf, 0xfe, 0x87, 0xff, 0xf8, 0x21,
    0xff, 0xd6, 0xff, 0xfe, 0x4, 0x3f, 0xff, 0xc1,
    0xf, 0xfe, 0xab, 0xff, 0xfc, 0x8, 0x1f, 0xff,
    0xc1, 0x43, 0xff, 0xa9, 0x7f, 0xff, 0x2, 0x7,
    0xff, 0xf0, 0x83, 0xff, 0xa9, 0xff, 0xfc, 0x18,
    0x17, 0xff, 0xf0, 0x50, 0xff, 0xe9, 0x5f, 0xff,
    0xc1, 0x82, 0xff, 0xfe, 0x10, 0x7f, 0xf4, 0xbf,
    0xff, 0x85, 0x5, 0xff, 0xfc, 0x24, 0x3f, 0xfa,
    0x17, 0xff, 0xf0, 0xa0, 0x9f, 0xff, 0xe1, 0x7,
    0xff, 0x3e, 0xff, 0xfe, 0x1c, 0x1b, 0xff, 0xf8,
    0x61, 0xff, 0xcd, 0x7f, 0xff, 0x89, 0x6, 0xbf,
    0xff, 0x86, 0x1f, 0xfc, 0xb7, 0xff, 0xf8, 0xb0,
    0x77, 0xff, 0xf1, 0x3, 0xff, 0x92, 0xff, 0xff,
    0x1a, 0xe, 0x7f, 0xff, 0x88, 0x87, 0xff, 0x1b,
    0xff, 0xf9, 0x10, 0x7b, 0xff, 0xf8, 0xc8, 0x7f,
    0xf0, 0xaf, 0xff, 0xe4, 0xc1, 0xf7, 0xff, 0xf1,
    0xe4, 0x3e, 0x6f, 0xff, 0xe6, 0x41, 0xf3, 0xff,
    0xfe, 0x98, 0x3f, 0x5f, 0xff, 0xe8, 0x83, 0xfa,
    0xff, 0xfe, 0xd1, 0x7f, 0xfd, 0x7, 0xfa, 0xff,
    0xfe, 0xc2, 0x5f, 0xff, 0x41, 0xff, 0x5f, 0xff,
    0xd6, 0x41, 0x7f, 0xfd, 0x7, 0xff, 0x1, 0xff,
    0xfe, 0xa0, 0x6b, 0xff, 0xe8, 0x3f, 0xf8, 0x5f,
    0xff, 0xd1, 0x83, 0xaf, 0xff, 0xa0, 0xff, 0xe1,
    0xbf, 0xff, 0xce, 0x43, 0xd7, 0xff, 0xd0, 0x7f,
    0xf1, 0x5f, 0xff, 0xe5, 0x21, 0xfa, 0xff, 0xfa,
    0xf, 0xfe, 0x45, 0xff, 0xfc, 0x49, 0xf, 0xf5,
    0xff, 0xf4, 0x1f, 0xfc, 0xb6, 0xff, 0xd2, 0x83,
    0xff, 0x83, 0x7f, 0xfd, 0x7, 0xff, 0x97, 0xff,
    0xf8, 0x10, 0x7f, 0xf9, 0x7f, 0xff, 0x81, 0x7,
    0xff, 0x97, 0xff, 0xf8, 0x8, 0x7f, 0xf9, 0x1f,
    0xff, 0xe0, 0x21, 0xff, 0xe4, 0xbf, 0xff, 0x80,
    0x1f, 0xfe, 0x5f, 0xff, 0xe0, 0x87, 0xff, 0x91,
    0xff, 0xfe, 0x4, 0x1f, 0xe4, 0x3f, 0xfb, 0x3f,
    0xff, 0xc1, 0x43, 0xfd, 0xe4, 0x3f, 0xfa, 0xcf,
    0xff, 0xf0, 0x43, 0xfd, 0xf9, 0xf, 0xfe, 0xaf,
    0xff, 0xf0, 0x83, 0xfa, 0xfe, 0x83, 0xff, 0xa7,
    0xff, 0xfc, 0x24, 0x3f, 0xbf, 0xf2, 0x1f, 0xfd,
    0xb, 0xff, 0xf8, 0x41, 0xfd, 0xff, 0xf0, 0x7f,
    0xf3, 0xbf, 0xff, 0x87, 0x7, 0xeb, 0xff, 0xf8,
    0x28, 0x7f, 0xf2, 0x5f, 0xff, 0xe2, 0x7, 0xe7,
    0xff, 0xf8, 0x90, 0x7f, 0xf1, 0x5f, 0xff, 0xe2,
    0xa1, 0xfb, 0xff, 0xf9, 0x14, 0x43, 0xe5, 0x5f,
    0xff, 0xc7, 0x83, 0xf3, 0xff, 0xfe, 0x80, 0xff,
    0x5f, 0xff, 0xe6, 0xf, 0xfe, 0x3, 0xff, 0xfe,
    0x44, 0x3f, 0xf8, 0x5f, 0xff, 0xe2, 0x43, 0xff,
    0x89, 0x7f, 0xff, 0x7c, 0x3f, 0xf9, 0x17, 0xff,
    0xf6, 0xe0, 0xff, 0xe5, 0x3f, 0xff, 0xd9, 0x43,
    0xff, 0x9a, 0xdf, 0xff, 0xd4, 0x43, 0xff, 0xa5,
    0x7f, 0xff, 0x3e, 0x43, 0xff, 0xaf, 0x4f, 0xff,
    0xe4, 0x48, 0x7f, 0xf7, 0x9a, 0x7f, 0xfa, 0x88,
    0x7f, 0xf2, 0xc0,

    /* U+0068 "h" */
    0xbf, 0xfe, 0x83, 0xff, 0xbf, 0x7f, 0xfd, 0x7,
    0xff, 0x7e, 0xff, 0xfa, 0xf, 0xfe, 0xfd, 0xff,
    0xf4, 0x1f, 0xfd, 0xfb, 0xff, 0xe8, 0x3f, 0xfb,
    0xf7, 0xff, 0xd0, 0x7f, 0xf7, 0xef, 0xff, 0xa0,
    0xff, 0xef, 0xdf, 0xff, 0x41, 0xff, 0xdf, 0xbf,
    0xfe, 0x83, 0xff, 0xbf, 0x7f, 0xfd, 0x7, 0xff,
    0x7e, 0xff, 0xfa, 0xf, 0xfe, 0xfd, 0xff, 0xf4,
    0x1f, 0xfd, 0xfb, 0xff, 0xe8, 0x3f, 0xfb, 0xf7,
    0xff, 0xd0, 0x7f, 0xf7, 0xef, 0xff, 0xa0, 0xff,
    0xef, 0xdf, 0xff, 0x41, 0xff, 0xdf, 0xbf, 0xfe,
    0x83, 0xff, 0xbf, 0x7f, 0xfd, 0x7, 0xff, 0x7e,
    0xff, 0xfa, 0xf, 0xfe, 0xfd, 0xff, 0xf4, 0x1f,
    0xfd, 0xfb, 0xff, 0xe8, 0x3f, 0xfb, 0xf7, 0xff,
    0xd0, 0x7f, 0xf7, 0xef, 0xff, 0xa0, 0xff, 0xef,
    0xdf, 0xff, 0x41, 0xff, 0xdf, 0xbf, 0xfe, 0x83,
    0xff, 0xbf, 0x7f, 0xfd, 0x7, 0xff, 0x7e, 0xff,
    0xfa, 0xf, 0xfe, 0xfd, 0xff, 0xf4, 0x1f, 0xfc,
    0x26, 0xff, 0xa5, 0x7, 0xff, 0x16, 0xff, 0xfa,
    0xf, 0xfa, 0xff, 0xfe, 0x1c, 0x87, 0xff, 0xa,
    0xff, 0xfa, 0xf, 0xcd, 0xff, 0xfc, 0x84, 0x3f,
    0xf8, 0x17, 0xff, 0xd0, 0x7d, 0x7f, 0xff, 0x30,
    0x3f, 0xeb, 0xff, 0xe8, 0x39, 0xff, 0xfe, 0x7a,
    0x1f, 0xd7, 0xff, 0xd0, 0x6b, 0xff, 0xfa, 0x30,
    0x7e, 0xbf, 0xfe, 0x82, 0xff, 0xfe, 0xa4, 0x1f,
    0x5f, 0xff, 0x40, 0xff, 0xfe, 0xb4, 0x1e, 0xbf,
    0xfe, 0x8f, 0xff, 0xec, 0x21, 0xd7, 0xff, 0xd4,
    0xff, 0xfe, 0xc8, 0x75, 0xff, 0xfe, 0x68, 0x35,
    0xff, 0xfc, 0xd9, 0xc, 0xaf, 0xff, 0xe3, 0x21,
    0x5f, 0xff, 0xca, 0x83, 0xff, 0x81, 0xff, 0xfc,
    0x48, 0x2b, 0xff, 0xf9, 0x10, 0x7f, 0xf0, 0xdf,
    0xff, 0xe1, 0x85, 0x7f, 0xff, 0x1d, 0xf, 0xfe,
    0x2b, 0xff, 0xfc, 0x28, 0x17, 0xff, 0xf1, 0x83,
    0xff, 0x91, 0x7f, 0xff, 0x8, 0x17, 0xff, 0xf1,
    0x43, 0xff, 0x95, 0xff, 0xfc, 0x20, 0x5f, 0xff,
    0xc4, 0xf, 0xfe, 0x5b, 0xff, 0xfc, 0x14, 0xbf,
    0xff, 0x86, 0x87, 0xff, 0x33, 0xff, 0xf8, 0x31,
    0x7f, 0xff, 0xc, 0x3f, 0xf9, 0xaf, 0xff, 0xf0,
    0x22, 0xff, 0xfe, 0x10, 0x7f, 0xf3, 0xff, 0xff,
    0x82, 0x5f, 0xff, 0xc1, 0x83, 0xff, 0x9f, 0xff,
    0xfc, 0x12, 0xff, 0xfe, 0x8, 0x7f, 0xf4, 0x2f,
    0xff, 0xe0, 0x17, 0xff, 0xf0, 0x43, 0xff, 0xa1,
    0x7f, 0xff, 0x0, 0xbf, 0xff, 0x80, 0x87, 0xff,
    0x41, 0xff, 0xfe, 0x1, 0x7f, 0xff, 0x0, 0x3f,
    0xfa, 0x2f, 0xff, 0xf0, 0xb, 0xff, 0xf8, 0x1,
    0xff, 0xd1, 0x7f, 0xff, 0x80, 0x5f, 0xff, 0xc0,
    0xf, 0xfe, 0x8b, 0xff, 0xfc, 0x2, 0xff, 0xfe,
    0x0, 0x7f, 0xf4, 0x5f, 0xff, 0xe0, 0x17, 0xff,
    0xd0, 0x7f, 0xf4, 0x5f, 0xff, 0xe0, 0x17, 0xff,
    0xd0, 0x7f, 0xf4, 0x5f, 0xff, 0xe0, 0x17, 0xff,
    0xd0, 0x7f, 0xf4, 0x5f, 0xff, 0xe0, 0x17, 0xff,
    0xd0, 0x7f, 0xf4, 0x5f, 0xff, 0xe0, 0x17, 0xff,
    0xd0, 0x7f, 0xf4, 0x5f, 0xff, 0xe0, 0x17, 0xff,
    0xd0, 0x7f, 0xf4, 0x5f, 0xff, 0xe0, 0x17, 0xff,
    0xd0, 0x7f, 0xf4, 0x5f, 0xff, 0xe0, 0x17, 0xff,
    0xd0, 0x7f, 0xf4, 0x5f, 0xff, 0xe0, 0x17, 0xff,
    0xd0, 0x7f, 0xf4, 0x5f, 0xff, 0xe0, 0x17, 0xff,
    0xd0, 0x7f, 0xf4, 0x5f, 0xff, 0xe0, 0x17, 0xff,
    0xd0, 0x7f, 0xf4, 0x5f, 0xff, 0xe0, 0x17, 0xff,
    0xd0, 0x7f, 0xf4, 0x5f, 0xff, 0xe0, 0x17, 0xff,
    0xd0, 0x7f, 0xf4, 0x5f, 0xff, 0xe0, 0x17, 0xff,
    0xd0, 0x7f, 0xf4, 0x5f, 0xff, 0xe0, 0x17, 0xff,
    0xd0, 0x7f, 0xf4, 0x5f, 0xff, 0xe0, 0x17, 0xff,
    0xd0, 0x7f, 0xf4, 0x5f, 0xff, 0xe0, 0x17, 0xff,
    0xd0, 0x7f, 0xf4, 0x5f, 0xff, 0xe0, 0x17, 0xff,
    0xd0, 0x7f, 0xf4, 0x5f, 0xff, 0xe0, 0x17, 0xff,
    0xd0, 0x7f, 0xf4, 0x5f, 0xff, 0xe0, 0x17, 0xff,
    0xd0, 0x7f, 0xf4, 0x5f, 0xff, 0xe0, 0x17, 0xff,
    0xd0, 0x7f, 0xf4, 0x5f, 0xff, 0xe0, 0x17, 0xff,
    0xd0, 0x7f, 0xf4, 0x5f, 0xff, 0xe0, 0x17, 0xff,
    0xd0, 0x7f, 0xf4, 0x5f, 0xff, 0xe0, 0x17, 0xff,
    0xd0, 0x7f, 0xf4, 0x5f, 0xff, 0xe0, 0x17, 0xff,
    0xd0, 0x7f, 0xf4, 0x5f, 0xff, 0xe0, 0x17, 0xff,
    0xd0, 0x7f, 0xf4, 0x5f, 0xff, 0xe0, 0x17, 0xff,
    0xd0, 0x7f, 0xf4, 0x5f, 0xff, 0xe0, 0x17, 0xff,
    0xd0, 0x7f, 0xf4, 0x5f, 0xff, 0xe0, 0x17, 0xff,
    0xd0, 0x7f, 0xf4, 0x5f, 0xff, 0xe0, 0x17, 0xff,
    0xd0, 0x7f, 0xf4, 0x5f, 0xff, 0xe0, 0x17, 0xff,
    0xd0, 0x7f, 0xf4, 0x5f, 0xff, 0xe0, 0x17, 0xff,
    0xd0, 0x7f, 0xf4, 0x5f, 0xff, 0xe0, 0x17, 0xff,
    0xd0, 0x7f, 0xf4, 0x5f, 0xff, 0xe0, 0x17, 0xff,
    0xd0, 0x7f, 0xf4, 0x5f, 0xff, 0xe0, 0x17, 0xff,
    0xd0, 0x7f, 0xf4, 0x5f, 0xff, 0xe0, 0x17, 0xff,
    0xd0, 0x7f, 0xf4, 0x5f, 0xff, 0xe0, 0x0,

    /* U+0069 "i" */
    0xf, 0xfe, 0x55, 0xfd, 0x7, 0xe7, 0xff, 0x90,
    0xe7, 0xff, 0xe4, 0x37, 0xff, 0xf0, 0x50, 0x5f,
    0xff, 0xc2, 0x7, 0xff, 0xf0, 0xc1, 0xff, 0xfc,
    0x35, 0x7f, 0xff, 0xe, 0x7f, 0xff, 0x87, 0x1f,
    0xff, 0xc3, 0x4f, 0xff, 0xe1, 0x82, 0xff, 0xfe,
    0x10, 0x5f, 0xff, 0xc1, 0xe, 0xff, 0xf9, 0xf,
    0x7f, 0xf2, 0x1f, 0x9b, 0xf2, 0x1f, 0xff, 0xf0,
    0xff, 0xff, 0x87, 0xfc, 0xbf, 0xfc, 0x0, 0xcf,
    0xff, 0xf0, 0x3, 0x3f, 0xff, 0xc0, 0xc, 0xff,
    0xff, 0x0, 0x33, 0xff, 0xfc, 0x0, 0xcf, 0xff,
    0xf0, 0x3, 0x3f, 0xff, 0xc0, 0xc, 0xff, 0xff,
    0x0, 0x33, 0xff, 0xfc, 0x0, 0xcf, 0xff, 0xf0,
    0x3, 0x3f, 0xff, 0xc0, 0xc, 0xff, 0xff, 0x0,
    0x33, 0xff, 0xfc, 0x0, 0xcf, 0xff, 0xf0, 0x3,
    0x3f, 0xff, 0xc0, 0xc, 0xff, 0xff, 0x0, 0x33,
    0xff, 0xfc, 0x0, 0xcf, 0xff, 0xf0, 0x3, 0x3f,
    0xff, 0xc0, 0xc, 0xff, 0xff, 0x0, 0x33, 0xff,
    0xfc, 0x0, 0xcf, 0xff, 0xf0, 0x3, 0x3f, 0xff,
    0xc0, 0xc, 0xff, 0xff, 0x0, 0x33, 0xff, 0xfc,
    0x0, 0xcf, 0xff, 0xf0, 0x3, 0x3f, 0xff, 0xc0,
    0xc, 0xff, 0xff, 0x0, 0x33, 0xff, 0xfc, 0x0,
    0xcf, 0xff, 0xf0, 0x3, 0x3f, 0xff, 0xc0, 0xc,
    0xff, 0xff, 0x0, 0x33, 0xff, 0xfc, 0x0, 0xcf,
    0xff, 0xf0, 0x3, 0x3f, 0xff, 0xc0, 0xc, 0xff,
    0xff, 0x0, 0x33, 0xff, 0xfc, 0x0, 0xcf, 0xff,
    0xf0, 0x3, 0x3f, 0xff, 0xc0, 0xc, 0xff, 0xff,
    0x0, 0x33, 0xff, 0xfc, 0x0, 0xcf, 0xff, 0xf0,
    0x3, 0x3f, 0xff, 0xc0, 0xc, 0xff, 0xff, 0x0,
    0x33, 0xff, 0xfc, 0x0, 0xcf, 0xff, 0xf0, 0x3,
    0x3f, 0xff, 0xc0, 0xc, 0xff, 0xff, 0x0, 0x33,
    0xff, 0xfc, 0x0, 0xcf, 0xff, 0xf0, 0x3, 0x3f,
    0xff, 0xc0, 0xc, 0xff, 0xff, 0x0, 0x33, 0xff,
    0xfc, 0x0, 0xcf, 0xff, 0xf0, 0x3, 0x3f, 0xff,
    0xc0, 0xc, 0xff, 0xff, 0x0, 0x33, 0xff, 0xfc,
    0x0, 0xcf, 0xff, 0xf0, 0x3, 0x3f, 0xff, 0xc0,
    0xc, 0xff, 0xff, 0x0, 0x33, 0xff, 0xfc, 0x0,
    0xcf, 0xff, 0xf0, 0x3, 0x3f, 0xff, 0xc0, 0xc,
    0xff, 0xff, 0x0, 0x0,

    /* U+006A "j" */
    0xf, 0xff, 0x23, 0xfd, 0x7, 0xff, 0x2b, 0xff,
    0xa0, 0xff, 0xe3, 0xff, 0xfd, 0x7, 0xff, 0x17,
    0xff, 0xf8, 0x28, 0x7f, 0xf0, 0xdf, 0xff, 0xe1,
    0x7, 0xff, 0xf, 0xff, 0xf8, 0x68, 0x7f, 0xf0,
    0xbf, 0xff, 0x87, 0x7, 0xff, 0xb, 0xff, 0xf8,
    0x70, 0x7f, 0xf0, 0xbf, 0xff, 0x88, 0x1f, 0xfc,
    0x2f, 0xff, 0xe1, 0xc1, 0xff, 0xc2, 0xff, 0xfe,
    0x1a, 0x1f, 0xfc, 0x27, 0xff, 0xf8, 0x41, 0xff,
    0xc4, 0xff, 0xfe, 0xa, 0x1f, 0xfc, 0x5f, 0xff,
    0xa0, 0xff, 0xe3, 0xff, 0xf2, 0x1f, 0xfc, 0x96,
    0xfd, 0x7, 0xff, 0xfc, 0x3f, 0xff, 0xe1, 0xff,
    0xff, 0xf, 0xff, 0xb2, 0xff, 0xf0, 0x3, 0xff,
    0x8d, 0xff, 0xfc, 0x0, 0xff, 0xe3, 0x7f, 0xff,
    0x0, 0x3f, 0xf8, 0xdf, 0xff, 0xc0, 0xf, 0xfe,
    0x37, 0xff, 0xf0, 0x3, 0xff, 0x8d, 0xff, 0xfc,
    0x0, 0xff, 0xe3, 0x7f, 0xff, 0x0, 0x3f, 0xf8,
    0xdf, 0xff, 0xc0, 0xf, 0xfe, 0x37, 0xff, 0xf0,
    0x3, 0xff, 0x8d, 0xff, 0xfc, 0x0, 0xff, 0xe3,
    0x7f, 0xff, 0x0, 0x3f, 0xf8, 0xdf, 0xff, 0xc0,
    0xf, 0xfe, 0x37, 0xff, 0xf0, 0x3, 0xff, 0x8d,
    0xff, 0xfc, 0x0, 0xff, 0xe3, 0x7f, 0xff, 0x0,
    0x3f, 0xf8, 0xdf, 0xff, 0xc0, 0xf, 0xfe, 0x37,
    0xff, 0xf0, 0x3, 0xff, 0x8d, 0xff, 0xfc, 0x0,
    0xff, 0xe3, 0x7f, 0xff, 0x0, 0x3f, 0xf8, 0xdf,
    0xff, 0xc0, 0xf, 0xfe, 0x37, 0xff, 0xf0, 0x3,
    0xff, 0x8d, 0xff, 0xfc, 0x0, 0xff, 0xe3, 0x7f,
    0xff, 0x0, 0x3f, 0xf8, 0xdf, 0xff, 0xc0, 0xf,
    0xfe, 0x37, 0xff, 0xf0, 0x3, 0xff, 0x8d, 0xff,
    0xfc, 0x0, 0xff, 0xe3, 0x7f, 0xff, 0x0, 0x3f,
    0xf8, 0xdf, 0xff, 0xc0, 0xf, 0xfe, 0x37, 0xff,
    0xf0, 0x3, 0xff, 0x8d, 0xff, 0xfc, 0x0, 0xff,
    0xe3, 0x7f, 0xff, 0x0, 0x3f, 0xf8, 0xdf, 0xff,
    0xc0, 0xf, 0xfe, 0x37, 0xff, 0xf0, 0x3, 0xff,
    0x8d, 0xff, 0xfc, 0x0, 0xff, 0xe3, 0x7f, 0xff,
    0x0, 0x3f, 0xf8, 0xdf, 0xff, 0xc0, 0xf, 0xfe,
    0x37, 0xff, 0xf0, 0x3, 0xff, 0x8d, 0xff, 0xfc,
    0x0, 0xff, 0xe3, 0x7f, 0xff, 0x0, 0x3f, 0xf8,
    0xdf, 0xff, 0xc0, 0xf, 0xfe, 0x37, 0xff, 0xf0,
    0x3, 0xff, 0x8d, 0xff, 0xfc, 0x0, 0xff, 0xe3,
    0x7f, 0xff, 0x0, 0x3f, 0xf8, 0xdf, 0xff, 0xc0,
    0xf, 0xfe, 0x37, 0xff, 0xf0, 0x3, 0xff, 0x8d,
    0xff, 0xfc, 0x0, 0xff, 0xe3, 0x7f, 0xff, 0x0,
    0x3f, 0xf8, 0xdf, 0xff, 0xc0, 0xf, 0xfe, 0x37,
    0xff, 0xf0, 0x3, 0xff, 0x8d, 0xff, 0xfc, 0x0,
    0xff, 0xe3, 0x7f, 0xff, 0x0, 0x3f, 0xf8, 0xdf,
    0xff, 0xc0, 0xf, 0xfe, 0x37, 0xff, 0xf0, 0x3,
    0xff, 0x8d, 0xff, 0xfc, 0x0, 0xff, 0xe3, 0x7f,
    0xff, 0x0, 0x3f, 0xf8, 0xdf, 0xff, 0xc0, 0xf,
    0xfe, 0x37, 0xff, 0xf0, 0x3, 0xff, 0x8d, 0xff,
    0xfc, 0x0, 0xff, 0xe3, 0x7f, 0xff, 0x0, 0x3f,
    0xf8, 0xdf, 0xff, 0xc0, 0xf, 0xfe, 0x37, 0xff,
    0xf0, 0x3, 0xff, 0x8d, 0xff, 0xfc, 0x0, 0xff,
    0xe3, 0x7f, 0xff, 0x0, 0x3f, 0xf8, 0xdf, 0xff,
    0xc0, 0xf, 0xfe, 0x37, 0xff, 0xf0, 0x3, 0xff,
    0x8d, 0xff, 0xfc, 0x0, 0xff, 0xe3, 0x7f, 0xff,
    0x0, 0x3f, 0xf8, 0xdf, 0xff, 0xc0, 0xf, 0xfe,
    0x37, 0xff, 0xf0, 0x3, 0xff, 0x8d, 0xff, 0xfc,
    0x0, 0xff, 0xe3, 0x7f, 0xff, 0x0, 0x3f, 0xf8,
    0xdf, 0xff, 0xc0, 0xf, 0xfe, 0x2b, 0xff, 0xfc,
    0x0, 0xff, 0xe2, 0xdf, 0xff, 0xc0, 0xf, 0xfe,
    0x2d, 0xff, 0xfc, 0x0, 0xff, 0xe2, 0xff, 0xff,
    0x4, 0x3f, 0xf8, 0x97, 0xff, 0xf0, 0x20, 0xff,
    0xe1, 0xbf, 0xff, 0xc1, 0x43, 0xff, 0x84, 0xff,
    0xff, 0x8, 0x3a, 0x8a, 0xc, 0xff, 0xff, 0xe,
    0xe, 0xff, 0xfe, 0x62, 0x1d, 0xff, 0xfc, 0xc0,
    0xe7, 0xff, 0xf9, 0x68, 0x73, 0xff, 0xfc, 0xa8,
    0x3d, 0x7f, 0xff, 0x28, 0x3e, 0xbf, 0xff, 0x92,
    0x1f, 0xbf, 0xff, 0x92, 0x1f, 0xdf, 0xff, 0xc8,
    0xf, 0xf7, 0xff, 0xf1, 0x90, 0xff, 0xaf, 0xff,
    0xe1, 0xa1, 0xff, 0xc3, 0x55, 0xff, 0x48, 0x7f,
    0xf0, 0xc0,

    /* U+006B "k" */
    0xbf, 0xfe, 0x83, 0xff, 0xc3, 0x7f, 0xfd, 0x7,
    0xff, 0x86, 0xff, 0xfa, 0xf, 0xff, 0xd, 0xff,
    0xf4, 0x1f, 0xfe, 0x1b, 0xff, 0xe8, 0x3f, 0xfc,
    0x37, 0xff, 0xd0, 0x7f, 0xf8, 0x6f, 0xff, 0xa0,
    0xff, 0xf0, 0xdf, 0xff, 0x41, 0xff, 0xe1, 0xbf,
    0xfe, 0x83, 0xff, 0xc3, 0x7f, 0xfd, 0x7, 0xff,
    0x86, 0xff, 0xfa, 0xf, 0xff, 0xd, 0xff, 0xf4,
    0x1f, 0xfe, 0x1b, 0xff, 0xe8, 0x3f, 0xfc, 0x37,
    0xff, 0xd0, 0x7f, 0xf8, 0x6f, 0xff, 0xa0, 0xff,
    0xf0, 0xdf, 0xff, 0x41, 0xff, 0xe1, 0xbf, 0xfe,
    0x83, 0xff, 0xc3, 0x7f, 0xfd, 0x7, 0xff, 0x86,
    0xff, 0xfa, 0xf, 0xff, 0xd, 0xff, 0xf4, 0x1f,
    0xfe, 0x1b, 0xff, 0xe8, 0x3f, 0xfc, 0x37, 0xff,
    0xd0, 0x7f, 0xf8, 0x6f, 0xff, 0xa0, 0xff, 0xf0,
    0xdf, 0xff, 0x41, 0xff, 0xe1, 0xbf, 0xfe, 0x83,
    0xff, 0xc3, 0x7f, 0xfd, 0x7, 0xff, 0x86, 0xff,
    0xfa, 0xf, 0xff, 0xd, 0xff, 0xf4, 0x1f, 0xfe,
    0x1b, 0xff, 0xe8, 0x3f, 0xf9, 0xcb, 0xff, 0xc3,
    0xd, 0x7f, 0xfd, 0x7, 0xff, 0x37, 0xff, 0xf8,
    0x70, 0x6b, 0xff, 0xe8, 0x3f, 0xf9, 0x6f, 0xff,
    0xf0, 0xe0, 0xeb, 0xff, 0xe8, 0x3f, 0xf9, 0x4f,
    0xff, 0xf0, 0xe0, 0xf5, 0xff, 0xf4, 0x1f, 0xfc,
    0x97, 0xff, 0xf8, 0x70, 0x7d, 0x7f, 0xfd, 0x7,
    0xff, 0x21, 0xff, 0xfe, 0x1c, 0x1f, 0xaf, 0xff,
    0xa0, 0xff, 0xe3, 0xbf, 0xff, 0xc3, 0x83, 0xfa,
    0xff, 0xfa, 0xf, 0xfe, 0x33, 0xff, 0xfc, 0x34,
    0x3f, 0xd7, 0xff, 0xd0, 0x7f, 0xf1, 0x5f, 0xff,
    0xe1, 0xa1, 0xff, 0x5f, 0xff, 0x41, 0xff, 0xc4,
    0x7f, 0xff, 0x86, 0x87, 0xff, 0x2, 0xff, 0xfa,
    0xf, 0xfe, 0x1d, 0xff, 0xfc, 0x34, 0x3f, 0xf8,
    0x37, 0xff, 0xd0, 0x7f, 0xf0, 0xaf, 0xff, 0xe1,
    0xa1, 0xff, 0xc2, 0xbf, 0xfe, 0x83, 0xff, 0x83,
    0x7f, 0xff, 0xd, 0xf, 0xfe, 0x1d, 0xff, 0xf4,
    0x1f, 0xfc, 0xb, 0xff, 0xf8, 0x68, 0x7f, 0xf1,
    0x2f, 0xff, 0xa0, 0xff, 0xaf, 0xff, 0xe1, 0x87,
    0xff, 0x1a, 0xff, 0xfa, 0xf, 0xf5, 0xff, 0xfc,
    0x30, 0xff, 0xe3, 0xdf, 0xff, 0x41, 0xfd, 0x7f,
    0xff, 0xc, 0x3f, 0xf9, 0x17, 0xff, 0xd0, 0x7e,
    0xbf, 0xff, 0x86, 0x1f, 0xfc, 0x9b, 0xff, 0xe8,
    0x3e, 0xff, 0xfe, 0x20, 0x7f, 0xf2, 0xaf, 0xff,
    0xa0, 0xf7, 0xff, 0xf1, 0x3, 0xff, 0x97, 0x7f,
    0xfd, 0x7, 0x7f, 0xff, 0x10, 0x3f, 0xf9, 0x97,
    0xff, 0xd0, 0x6f, 0xff, 0xe2, 0x7, 0xff, 0x36,
    0xff, 0xfa, 0xb, 0xff, 0xf8, 0x70, 0x7f, 0xf3,
    0xaf, 0xff, 0xa0, 0x7f, 0xff, 0xe, 0xf, 0xfe,
    0x7d, 0xff, 0xf4, 0x7f, 0xff, 0xe, 0xf, 0xfe,
    0x85, 0xff, 0xfd, 0x0, 0xff, 0xe8, 0xdf, 0xff,
    0xd0, 0x83, 0xff, 0xa1, 0x7f, 0xff, 0x45, 0xf,
    0xfe, 0x7d, 0xff, 0xfd, 0x20, 0xff, 0xe7, 0xdf,
    0xff, 0xd3, 0xf, 0xfe, 0x75, 0xff, 0xfd, 0x38,
    0x3f, 0xf9, 0xb7, 0xff, 0xf5, 0x10, 0xff, 0xe6,
    0x5f, 0xff, 0xd5, 0xf, 0xfe, 0x65, 0xff, 0xfc,
    0x77, 0xff, 0xf8, 0x41, 0xff, 0xcb, 0xbf, 0xff,
    0x8c, 0x7, 0xff, 0xf8, 0x30, 0x7f, 0xf2, 0xaf,
    0xff, 0xe2, 0x86, 0xbf, 0xff, 0x82, 0x87, 0xff,
    0x26, 0xff, 0xfe, 0x20, 0x7b, 0xff, 0xf8, 0x41,
    0xff, 0xc9, 0xbf, 0xff, 0x86, 0x1f, 0xbf, 0xff,
    0x84, 0x1f, 0xfc, 0x8b, 0xff, 0xf8, 0x41, 0xfc,
    0xff, 0xff, 0x6, 0xf, 0xfe, 0x3d, 0xff, 0xfc,
    0x10, 0xff, 0xaf, 0xff, 0xe0, 0xa1, 0xff, 0xc6,
    0xbf, 0xff, 0x80, 0x1f, 0xfc, 0x1f, 0xff, 0xe1,
    0x7, 0xff, 0x1a, 0xff, 0xfa, 0xf, 0xfe, 0xb,
    0xff, 0xfc, 0x20, 0xff, 0xe2, 0xdf, 0xff, 0x41,
    0xff, 0xc2, 0xbf, 0xff, 0x83, 0x7, 0xff, 0x12,
    0xff, 0xfa, 0xf, 0xfe, 0x1f, 0xff, 0xf0, 0x90,
    0xff, 0xe1, 0xdf, 0xff, 0x41, 0xff, 0xc4, 0xff,
    0xfe, 0x10, 0x7f, 0xf0, 0xef, 0xff, 0xa0, 0xff,
    0xe2, 0x3f, 0xff, 0xc2, 0xf, 0xfe, 0x15, 0xff,
    0xf4, 0x1f, 0xfc, 0x5b, 0xff, 0xf8, 0x30, 0x7f,
    0xf0, 0x6f, 0xff, 0xa0, 0xff, 0xe3, 0x7f, 0xff,
    0x9, 0xf, 0xfe, 0x5, 0xff, 0xf4, 0x1f, 0xfc,
    0x67, 0xff, 0xf8, 0x41, 0xff, 0xc0, 0xbf, 0xfe,
    0x83, 0xff, 0x8f, 0x7f, 0xff, 0x8, 0x3f, 0xeb,
    0xff, 0xe8, 0x3f, 0xf9, 0x1f, 0xff, 0xc2, 0x83,
    0xfd, 0x7f, 0xfd, 0x7, 0xff, 0x27, 0xff, 0xf8,
    0x48, 0x7f, 0x5f, 0xff, 0x41, 0xff, 0xc9, 0x7f,
    0xff, 0x84, 0x1f, 0xd7, 0xff, 0xd0, 0x7f, 0xf2,
    0xaf, 0xff, 0xe1, 0x7, 0xeb, 0xff, 0xe8, 0x3f,
    0xf9, 0x7f, 0xff, 0xc2, 0x83, 0xeb, 0xff, 0xe8,
    0x3f, 0xf9, 0x6f, 0xff, 0xf0, 0x90, 0xf5, 0xff,
    0xf4, 0x1f, 0xfc, 0xcb, 0xff, 0xf8, 0x41, 0xeb,
    0xff, 0xe8, 0x3f, 0xf9, 0xbf, 0xff, 0xc3, 0xe,
    0xbf, 0xfe, 0x83, 0xff, 0x9d, 0xff, 0xfc, 0x28,
    0x35, 0xff, 0xf4, 0x1f, 0xfc, 0xe7, 0xff, 0xf8,
    0x48, 0x57, 0xff, 0xd0, 0x7f, 0xf3, 0xef, 0xff,
    0xe1, 0x5, 0x7f, 0xfd, 0x7, 0xff, 0x43, 0xff,
    0xf8, 0x60, 0xbf, 0xfe, 0x83, 0xff, 0xa0, 0xff,
    0xff, 0xa, 0x2f, 0xff, 0xa0, 0xff, 0xe8, 0xdf,
    0xff, 0xc2, 0x40,

    /* U+006C "l" */
    0xbf, 0xfe, 0xa7, 0xff, 0xd4, 0xff, 0xfa, 0x9f,
    0xff, 0x53, 0xff, 0xea, 0x7f, 0xfd, 0x4f, 0xff,
    0xa9, 0xff, 0xf5, 0x3f, 0xfe, 0xa7, 0xff, 0xd4,
    0xff, 0xfa, 0x9f, 0xff, 0x53, 0xff, 0xea, 0x7f,
    0xfd, 0x4f, 0xff, 0xa9, 0xff, 0xf5, 0x3f, 0xfe,
    0xa7, 0xff, 0xd4, 0xff, 0xfa, 0x9f, 0xff, 0x53,
    0xff, 0xea, 0x7f, 0xfd, 0x4f, 0xff, 0xa9, 0xff,
    0xf5, 0x3f, 0xfe, 0xa7, 0xff, 0xd4, 0xff, 0xfa,
    0x9f, 0xff, 0x53, 0xff, 0xea, 0x7f, 0xfd, 0x4f,
    0xff, 0xa9, 0xff, 0xf5, 0x3f, 0xfe, 0xa7, 0xff,
    0xd4, 0xff, 0xfa, 0x9f, 0xff, 0x53, 0xff, 0xea,
    0x7f, 0xfd, 0x4f, 0xff, 0xa9, 0xff, 0xf5, 0x3f,
    0xfe, 0xa7, 0xff, 0xd4, 0xff, 0xfa, 0x9f, 0xff,
    0x53, 0xff, 0xea, 0x7f, 0xfd, 0x4f, 0xff, 0xa9,
    0xff, 0xf5, 0x3f, 0xfe, 0xa7, 0xff, 0xd4, 0xff,
    0xfa, 0x9f, 0xff, 0x53, 0xff, 0xea, 0x7f, 0xfd,
    0x4f, 0xff, 0xa9, 0xff, 0xf5, 0x3f, 0xfe, 0xa7,
    0xff, 0xd4, 0xff, 0xfa, 0x9f, 0xff, 0x53, 0xff,
    0xea, 0x7f, 0xfd, 0x4f, 0xff, 0xa9, 0xff, 0xf5,
    0x3f, 0xfe, 0xa7, 0xff, 0xd4, 0xff, 0xfa, 0x9f,
    0xff, 0x53, 0xff, 0xea, 0x7f, 0xfd, 0x4f, 0xff,
    0xa9, 0xff, 0xf5, 0x3f, 0xfe, 0xa7, 0xff, 0xd4,
    0xff, 0xfa, 0x9f, 0xff, 0x53, 0xff, 0xea, 0x7f,
    0xfd, 0x4f, 0xff, 0xa9, 0xff, 0xf5, 0x3f, 0xfe,
    0xa7, 0xff, 0xd4, 0xff, 0xfa, 0x9f, 0xff, 0x53,
    0xff, 0xea, 0x7f, 0xfd, 0x4f, 0xff, 0xa9, 0xff,
    0xf5, 0x3f, 0xfe, 0xa7, 0xff, 0xd4, 0xff, 0xfa,
    0x9f, 0xff, 0x40,

    /* U+006D "m" */
    0xf, 0xfe, 0x73, 0x4f, 0xf5, 0x10, 0xff, 0xe8,
    0xb7, 0xfd, 0x44, 0x3f, 0xf8, 0xcb, 0xff, 0x7,
    0xfc, 0xdf, 0xff, 0xc2, 0x90, 0xff, 0xe5, 0xdf,
    0xff, 0xc4, 0x43, 0xff, 0x84, 0xff, 0xfd, 0x7,
    0xe7, 0xff, 0xf9, 0x1, 0xff, 0xc7, 0x7f, 0xff,
    0x93, 0x7, 0xff, 0x1, 0xff, 0xfa, 0xf, 0xbf,
    0xff, 0x97, 0x7, 0xff, 0x12, 0xff, 0xfe, 0x62,
    0x1f, 0xe7, 0xff, 0xe8, 0x3a, 0xff, 0xfe, 0x6c,
    0x1f, 0xfc, 0x17, 0xff, 0xfa, 0x1, 0xfc, 0xff,
    0xfd, 0x6, 0xbf, 0xff, 0xa0, 0x1f, 0xf7, 0xff,
    0xf4, 0xc3, 0xf3, 0xff, 0xf4, 0x17, 0xff, 0xf4,
    0xc3, 0xfb, 0xff, 0xfa, 0xa1, 0xf3, 0xff, 0xf4,
    0xf, 0xff, 0xea, 0x41, 0xe7, 0xff, 0xfa, 0xe1,
    0xe7, 0xff, 0xe8, 0xff, 0xfe, 0xb2, 0x1d, 0xff,
    0xfd, 0x90, 0xe7, 0xff, 0xea, 0x7f, 0xff, 0x5c,
    0x37, 0xff, 0xf6, 0xa0, 0xcf, 0xff, 0xf9, 0x20,
    0x7f, 0xff, 0x70, 0x33, 0xff, 0xfc, 0xc9, 0xe,
    0x6f, 0xff, 0xe2, 0x17, 0xff, 0xf0, 0xa5, 0x6,
    0x6f, 0xff, 0xe3, 0x4, 0xff, 0xff, 0x29, 0xf,
    0xf9, 0xff, 0xfe, 0x15, 0xff, 0xfc, 0x14, 0x3f,
    0xe7, 0xff, 0xf8, 0x88, 0x1f, 0xff, 0xe4, 0x21,
    0xff, 0xc3, 0xff, 0xfe, 0x6c, 0x1f, 0xfc, 0x3b,
    0xff, 0xf8, 0x60, 0x7f, 0xff, 0x8e, 0x1f, 0xfc,
    0x6f, 0xff, 0xe5, 0x87, 0xff, 0x1a, 0xff, 0xfe,
    0x10, 0x1f, 0xff, 0xe3, 0x7, 0xff, 0x23, 0xff,
    0xf9, 0x21, 0xff, 0xc8, 0xff, 0xfe, 0x12, 0x3f,
    0xff, 0xc5, 0xf, 0xfe, 0x4b, 0xff, 0xfc, 0x70,
    0xff, 0xe4, 0xbf, 0xff, 0xc2, 0x1f, 0xff, 0xe2,
    0x21, 0xff, 0xca, 0xff, 0xfe, 0x32, 0x1f, 0xfc,
    0xab, 0xff, 0xf8, 0x23, 0xff, 0xfc, 0x34, 0x3f,
    0xf9, 0x6f, 0xff, 0xf1, 0x20, 0xff, 0xe6, 0x7f,
    0xff, 0x4, 0x7f, 0xff, 0x86, 0x1f, 0xfc, 0xdf,
    0xff, 0xe2, 0x7, 0xff, 0x37, 0xff, 0xf8, 0x2a,
    0xff, 0xfe, 0x12, 0x1f, 0xfc, 0xdb, 0xff, 0xf8,
    0x50, 0x7f, 0xf3, 0x6f, 0xff, 0xe0, 0x4f, 0xff,
    0xf0, 0x83, 0xff, 0x9d, 0x7f, 0xff, 0x8, 0x3f,
    0xf9, 0xcf, 0xff, 0xf0, 0x27, 0xff, 0xf8, 0x28,
    0x7f, 0xf3, 0x9f, 0xff, 0xe0, 0xc1, 0xff, 0xcf,
    0xff, 0xfe, 0x4, 0xff, 0xff, 0x4, 0x3f, 0xfa,
    0x1f, 0xff, 0xc1, 0x43, 0xff, 0x9f, 0xff, 0xfc,
    0x9, 0xff, 0xfe, 0x8, 0x7f, 0xf4, 0x3f, 0xff,
    0x82, 0x1f, 0xfd, 0xf, 0xff, 0xe0, 0x4f, 0xff,
    0xf0, 0x20, 0xff, 0xe8, 0x7f, 0xff, 0x4, 0x3f,
    0xfa, 0x1f, 0xff, 0xc0, 0x9f, 0xff, 0xe0, 0x21,
    0xff, 0xd0, 0xff, 0xfe, 0x4, 0x1f, 0xfd, 0xf,
    0xff, 0xe0, 0x4f, 0xff, 0xf0, 0x10, 0xff, 0xe8,
    0x7f, 0xff, 0x2, 0xf, 0xfe, 0x87, 0xff, 0xf0,
    0x27, 0xff, 0xf8, 0x8, 0x7f, 0xf4, 0x3f, 0xff,
    0x81, 0x7, 0xff, 0x43, 0xff, 0xf8, 0x13, 0xff,
    0xfc, 0x0, 0xff, 0xe8, 0xff, 0xff, 0x1, 0xf,
    0xfe, 0x87, 0xff, 0xf0, 0x27, 0xff, 0xf8, 0x1,
    0xff, 0xd1, 0xff, 0xfe, 0x2, 0x1f, 0xfd, 0xf,
    0xff, 0xe0, 0x4f, 0xff, 0xf0, 0x3, 0xff, 0xa3,
    0xff, 0xfc, 0x4, 0x3f, 0xfa, 0x1f, 0xff, 0xc0,
    0x9f, 0xff, 0xe0, 0x7, 0xff, 0x47, 0xff, 0xf8,
    0x8, 0x7f, 0xf4, 0x3f, 0xff, 0x81, 0x3f, 0xff,
    0xc0, 0xf, 0xfe, 0x8f, 0xff, 0xf0, 0x10, 0xff,
    0xe8, 0x7f, 0xff, 0x2, 0x7f, 0xff, 0x80, 0x1f,
    0xfd, 0x1f, 0xff, 0xe0, 0x21, 0xff, 0xd0, 0xff,
    0xfe, 0x4, 0xff, 0xff, 0x0, 0x3f, 0xfa, 0x3f,
    0xff, 0xc0, 0x43, 0xff, 0xa1, 0xff, 0xfc, 0x9,
    0xff, 0xfe, 0x0, 0x7f, 0xf4, 0x7f, 0xff, 0x80,
    0x87, 0xff, 0x43, 0xff, 0xf8, 0x13, 0xff, 0xfc,
    0x0, 0xff, 0xe8, 0xff, 0xff, 0x1, 0xf, 0xfe,
    0x87, 0xff, 0xf0, 0x27, 0xff, 0xf8, 0x1, 0xff,
    0xd1, 0xff, 0xfe, 0x2, 0x1f, 0xfd, 0xf, 0xff,
    0xe0, 0x4f, 0xff, 0xf0, 0x3, 0xff, 0xa3, 0xff,
    0xfc, 0x4, 0x3f, 0xfa, 0x1f, 0xff, 0xc0, 0x9f,
    0xff, 0xe0, 0x7, 0xff, 0x47, 0xff, 0xf8, 0x8,
    0x7f, 0xf4, 0x3f, 0xff, 0x81, 0x3f, 0xff, 0xc0,
    0xf, 0xfe, 0x8f, 0xff, 0xf0, 0x10, 0xff, 0xe8,
    0x7f, 0xff, 0x2, 0x7f, 0xff, 0x80, 0x1f, 0xfd,
    0x1f, 0xff, 0xe0, 0x21, 0xff, 0xd0, 0xff, 0xfe,
    0x4, 0xff, 0xff, 0x0, 0x3f, 0xfa, 0x3f, 0xff,
    0xc0, 0x43, 0xff, 0xa1, 0xff, 0xfc, 0x9, 0xff,
    0xfe, 0x0, 0x7f, 0xf4, 0x7f, 0xff, 0x80, 0x87,
    0xff, 0x43, 0xff, 0xf8, 0x13, 0xff, 0xfc, 0x0,
    0xff, 0xe8, 0xff, 0xff, 0x1, 0xf, 0xfe, 0x87,
    0xff, 0xf0, 0x27, 0xff, 0xf8, 0x1, 0xff, 0xd1,
    0xff, 0xfe, 0x2, 0x1f, 0xfd, 0xf, 0xff, 0xe0,
    0x4f, 0xff, 0xf0, 0x3, 0xff, 0xa3, 0xff, 0xfc,
    0x4, 0x3f, 0xfa, 0x1f, 0xff, 0xc0, 0x9f, 0xff,
    0xe0, 0x7, 0xff, 0x47, 0xff, 0xf8, 0x8, 0x7f,
    0xf4, 0x3f, 0xff, 0x81, 0x3f, 0xff, 0xc0, 0xf,
    0xfe, 0x8f, 0xff, 0xf0, 0x10, 0xff, 0xe8, 0x7f,
    0xff, 0x2, 0x7f, 0xff, 0x80, 0x1f, 0xfd, 0x1f,
    0xff, 0xe0, 0x21, 0xff, 0xd0, 0xff, 0xfe, 0x4,
    0xff, 0xff, 0x0, 0x3f, 0xfa, 0x3f, 0xff, 0xc0,
    0x43, 0xff, 0xa1, 0xff, 0xfc, 0x9, 0xff, 0xfe,
    0x0, 0x7f, 0xf4, 0x7f, 0xff, 0x80, 0x87, 0xff,
    0x43, 0xff, 0xf8, 0x13, 0xff, 0xfc, 0x0, 0xff,
    0xe8, 0xff, 0xff, 0x1, 0xf, 0xfe, 0x87, 0xff,
    0xf0, 0x27, 0xff, 0xf8, 0x1, 0xff, 0xd1, 0xff,
    0xfe, 0x2, 0x1f, 0xfd, 0xf, 0xff, 0xe0, 0x4f,
    0xff, 0xf0, 0x3, 0xff, 0xa3, 0xff, 0xfc, 0x4,
    0x3f, 0xfa, 0x1f, 0xff, 0xc0, 0x9f, 0xff, 0xe0,
    0x7, 0xff, 0x47, 0xff, 0xf8, 0x8, 0x7f, 0xf4,
    0x3f, 0xff, 0x81, 0x3f, 0xff, 0xc0, 0xf, 0xfe,
    0x8f, 0xff, 0xf0, 0x10, 0xff, 0xe8, 0x7f, 0xff,
    0x2, 0x7f, 0xff, 0x80, 0x1f, 0xfd, 0x1f, 0xff,
    0xe0, 0x21, 0xff, 0xd0, 0xff, 0xfe, 0x4, 0xff,
    0xff, 0x0, 0x3f, 0xfa, 0x3f, 0xff, 0xc0, 0x43,
    0xff, 0xa1, 0xff, 0xfc, 0x9, 0xff, 0xfe, 0x0,
    0x7f, 0xf4, 0x7f, 0xff, 0x80, 0x87, 0xff, 0x43,
    0xff, 0xf8, 0x13, 0xff, 0xfc, 0x0, 0xff, 0xe8,
    0xff, 0xff, 0x1, 0xf, 0xfe, 0x87, 0xff, 0xf0,
    0x27, 0xff, 0xf8, 0x1, 0xff, 0xd1, 0xff, 0xfe,
    0x2, 0x1f, 0xfd, 0xf, 0xff, 0xe0, 0x4f, 0xff,
    0xf0, 0x3, 0xff, 0xa3, 0xff, 0xfc, 0x4, 0x3f,
    0xfa, 0x1f, 0xff, 0xc0, 0x9f, 0xff, 0xe0, 0x7,
    0xff, 0x47, 0xff, 0xf8, 0x8, 0x7f, 0xf4, 0x3f,
    0xff, 0x81, 0x0,

    /* U+006E "n" */
    0xf, 0xfe, 0x7b, 0x7f, 0xd4, 0x43, 0xff, 0x8c,
    0xbf, 0xf0, 0x7f, 0xf0, 0x2f, 0xff, 0xe1, 0xc8,
    0x7f, 0xf0, 0x9f, 0xff, 0xa0, 0xfe, 0xbf, 0xff,
    0x90, 0x87, 0xff, 0x1, 0xff, 0xfa, 0xf, 0xaf,
    0xff, 0xe6, 0x21, 0xfe, 0x7f, 0xfe, 0x83, 0x9f,
    0xff, 0xe7, 0xc1, 0xfc, 0xff, 0xfd, 0x6, 0x7f,
    0xff, 0xa3, 0x7, 0xe7, 0xff, 0xe8, 0x2b, 0xff,
    0xfa, 0x81, 0xf3, 0xff, 0xf4, 0xb, 0xff, 0xfa,
    0xb0, 0x79, 0xff, 0xfa, 0x2f, 0xff, 0xeb, 0xc1,
    0xcf, 0xff, 0xd3, 0xff, 0xfd, 0x90, 0xe7, 0xff,
    0xfc, 0xe1, 0x9f, 0xff, 0xe6, 0xc8, 0x73, 0x7f,
    0xff, 0x15, 0x9, 0xff, 0xfe, 0x5a, 0x1f, 0xf5,
    0xff, 0xfc, 0x40, 0x9f, 0xff, 0xe4, 0xa1, 0xff,
    0xc3, 0xff, 0xfe, 0x1a, 0x7, 0xff, 0xf8, 0xf0,
    0x7f, 0xf1, 0xbf, 0xff, 0x85, 0x1, 0xff, 0xfe,
    0x34, 0x1f, 0xfc, 0x8f, 0xff, 0xe1, 0x1, 0xff,
    0xfe, 0x2a, 0x1f, 0xfc, 0x9b, 0xff, 0xf8, 0x28,
    0xff, 0xff, 0x12, 0xf, 0xfe, 0x5f, 0xff, 0xf0,
    0x61, 0xff, 0xfe, 0x20, 0x7f, 0xf3, 0x2f, 0xff,
    0xe0, 0x8f, 0xff, 0xf0, 0xc3, 0xff, 0x9d, 0xff,
    0xfc, 0x11, 0xff, 0xfe, 0x14, 0x1f, 0xfc, 0xef,
    0xff, 0xe0, 0x8f, 0xff, 0xf0, 0x83, 0xff, 0x9f,
    0x7f, 0xff, 0x0, 0x7f, 0xff, 0x83, 0x7, 0xff,
    0x3d, 0xff, 0xfe, 0x0, 0xff, 0xff, 0x5, 0xf,
    0xfe, 0x7b, 0xff, 0xfc, 0x5, 0x7f, 0xff, 0x4,
    0x3f, 0xfa, 0x3f, 0xff, 0xc0, 0x57, 0xff, 0xf0,
    0x20, 0xff, 0xe8, 0xff, 0xff, 0x1, 0x5f, 0xff,
    0xc0, 0x83, 0xff, 0xa3, 0xff, 0xfc, 0x5, 0x7f,
    0xff, 0x1, 0xf, 0xfe, 0x8f, 0xff, 0xf0, 0x15,
    0xff, 0xfc, 0x4, 0x3f, 0xfa, 0x3f, 0xff, 0xc0,
    0x57, 0xff, 0xf0, 0x3, 0xff, 0xa5, 0xff, 0xfc,
    0x5, 0x7f, 0xff, 0x0, 0x3f, 0xfa, 0x5f, 0xff,
    0xc0, 0x57, 0xff, 0xf0, 0x3, 0xff, 0xa5, 0xff,
    0xfc, 0x5, 0x7f, 0xff, 0x0, 0x3f, 0xfa, 0x5f,
    0xff, 0xc0, 0x57, 0xff, 0xf0, 0x3, 0xff, 0xa5,
    0xff, 0xfc, 0x5, 0x7f, 0xff, 0x0, 0x3f, 0xfa,
    0x5f, 0xff, 0xc0, 0x57, 0xff, 0xf0, 0x3, 0xff,
    0xa5, 0xff, 0xfc, 0x5, 0x7f, 0xff, 0x0, 0x3f,
    0xfa, 0x5f, 0xff, 0xc0, 0x57, 0xff, 0xf0, 0x3,
    0xff, 0xa5, 0xff, 0xfc, 0x5, 0x7f, 0xff, 0x0,
    0x3f, 0xfa, 0x5f, 0xff, 0xc0, 0x57, 0xff, 0xf0,
    0x3, 0xff, 0xa5, 0xff, 0xfc, 0x5, 0x7f, 0xff,
    0x0, 0x3f, 0xfa, 0x5f, 0xff, 0xc0, 0x57, 0xff,
    0xf0, 0x3, 0xff, 0xa5, 0xff, 0xfc, 0x5, 0x7f,
    0xff, 0x0, 0x3f, 0xfa, 0x5f, 0xff, 0xc0, 0x57,
    0xff, 0xf0, 0x3, 0xff, 0xa5, 0xff, 0xfc, 0x5,
    0x7f, 0xff, 0x0, 0x3f, 0xfa, 0x5f, 0xff, 0xc0,
    0x57, 0xff, 0xf0, 0x3, 0xff, 0xa5, 0xff, 0xfc,
    0x5, 0x7f, 0xff, 0x0, 0x3f, 0xfa, 0x5f, 0xff,
    0xc0, 0x57, 0xff, 0xf0, 0x3, 0xff, 0xa5, 0xff,
    0xfc, 0x5, 0x7f, 0xff, 0x0, 0x3f, 0xfa, 0x5f,
    0xff, 0xc0, 0x57, 0xff, 0xf0, 0x3, 0xff, 0xa5,
    0xff, 0xfc, 0x5, 0x7f, 0xff, 0x0, 0x3f, 0xfa,
    0x5f, 0xff, 0xc0, 0x57, 0xff, 0xf0, 0x3, 0xff,
    0xa5, 0xff, 0xfc, 0x5, 0x7f, 0xff, 0x0, 0x3f,
    0xfa, 0x5f, 0xff, 0xc0, 0x57, 0xff, 0xf0, 0x3,
    0xff, 0xa5, 0xff, 0xfc, 0x5, 0x7f, 0xff, 0x0,
    0x3f, 0xfa, 0x5f, 0xff, 0xc0, 0x57, 0xff, 0xf0,
    0x3, 0xff, 0xa5, 0xff, 0xfc, 0x5, 0x7f, 0xff,
    0x0, 0x3f, 0xfa, 0x5f, 0xff, 0xc0, 0x57, 0xff,
    0xf0, 0x3, 0xff, 0xa5, 0xff, 0xfc, 0x5, 0x7f,
    0xff, 0x0, 0x3f, 0xfa, 0x5f, 0xff, 0xc0, 0x57,
    0xff, 0xf0, 0x3, 0xff, 0xa5, 0xff, 0xfc, 0x5,
    0x7f, 0xff, 0x0, 0x3f, 0xfa, 0x5f, 0xff, 0xc0,
    0x57, 0xff, 0xf0, 0x3, 0xff, 0xa5, 0xff, 0xfc,
    0x5, 0x7f, 0xff, 0x0, 0x3f, 0xfa, 0x5f, 0xff,
    0xc0, 0x57, 0xff, 0xf0, 0x3, 0xff, 0xa5, 0xff,
    0xfc, 0x5, 0x7f, 0xff, 0x0, 0x3f, 0xfa, 0x5f,
    0xff, 0xc0, 0x40,

    /* U+006F "o" */
    0xf, 0xfe, 0x62, 0xa9, 0xff, 0xa8, 0x87, 0xff,
    0x85, 0xff, 0xfe, 0x3c, 0x87, 0xff, 0x69, 0xff,
    0xfe, 0x6c, 0x1f, 0xfd, 0x67, 0xff, 0xfa, 0x30,
    0x7f, 0xf4, 0xff, 0xff, 0xab, 0x7, 0xff, 0x3d,
    0xff, 0xfe, 0xc0, 0x7f, 0xf3, 0x6f, 0xff, 0xed,
    0x21, 0xff, 0xca, 0xff, 0xfe, 0xec, 0x1f, 0xfc,
    0x8f, 0xff, 0xef, 0xc1, 0xff, 0xc6, 0xff, 0xff,
    0xc, 0x1f, 0xfc, 0x4b, 0xff, 0xfc, 0x48, 0x7f,
    0xf0, 0xaf, 0xff, 0xe3, 0xc8, 0x79, 0xbf, 0xff,
    0x8e, 0x87, 0xff, 0x1, 0xff, 0xfe, 0x2c, 0x1f,
    0xfc, 0x16, 0xff, 0xfe, 0x28, 0x7f, 0xf0, 0x3f,
    0xff, 0x89, 0x7, 0xff, 0x1b, 0xff, 0xf8, 0x90,
    0x7f, 0x9f, 0xff, 0xe1, 0xa1, 0xff, 0xc8, 0xbf,
    0xff, 0x86, 0x87, 0xf7, 0xff, 0xf0, 0xd0, 0xff,
    0xe5, 0x3f, 0xff, 0xc3, 0xf, 0xd7, 0xff, 0xf0,
    0x90, 0xff, 0xe6, 0x5f, 0xff, 0xc2, 0x43, 0xef,
    0xff, 0xe1, 0x21, 0xff, 0xce, 0xbf, 0xff, 0x84,
    0x1e, 0x7f, 0xff, 0x83, 0x7, 0xff, 0x43, 0xff,
    0xf8, 0x41, 0xef, 0xff, 0xe1, 0x7, 0xff, 0x45,
    0xff, 0xfe, 0xc, 0x1d, 0xff, 0xfc, 0x18, 0x3f,
    0xfa, 0x57, 0xff, 0xf0, 0x43, 0x5f, 0xff, 0xc1,
    0xf, 0xfe, 0xa7, 0xff, 0xf0, 0x50, 0xbf, 0xff,
    0x83, 0x7, 0xff, 0x53, 0xff, 0xf8, 0x30, 0x5f,
    0xff, 0xc1, 0xf, 0xfe, 0xab, 0xff, 0xfc, 0x10,
    0x3f, 0xff, 0xc1, 0xf, 0xfe, 0xb7, 0xff, 0xf0,
    0x40, 0xff, 0xff, 0x2, 0xf, 0xfe, 0xb7, 0xff,
    0xf0, 0x52, 0xff, 0xfe, 0x2, 0x1f, 0xfd, 0x6b,
    0xff, 0xf8, 0x9, 0xff, 0xfc, 0x10, 0xff, 0xeb,
    0xbf, 0xff, 0xc0, 0x8f, 0xff, 0xe0, 0x87, 0xff,
    0x63, 0xff, 0xf8, 0x11, 0xff, 0xfc, 0x10, 0xff,
    0xec, 0x7f, 0xff, 0x4, 0xff, 0xfe, 0x8, 0x7f,
    0xf6, 0x3f, 0xff, 0x82, 0x7f, 0xff, 0x2, 0xf,
    0xfe, 0xc7, 0xff, 0xf0, 0x4f, 0xff, 0xe0, 0x41,
    0xff, 0xd8, 0xff, 0xfe, 0x9, 0xff, 0xfc, 0x8,
    0x3f, 0xfb, 0x1f, 0xff, 0xc1, 0x3f, 0xff, 0x81,
    0x7, 0xff, 0x63, 0xff, 0xf8, 0x27, 0xff, 0xf0,
    0x43, 0xff, 0xb1, 0xff, 0xfc, 0x13, 0xff, 0xf8,
    0x21, 0xff, 0xd8, 0xff, 0xfe, 0x9, 0xff, 0xfc,
    0x10, 0xff, 0xec, 0x7f, 0xff, 0x4, 0xff, 0xfe,
    0x8, 0x7f, 0xf5, 0xdf, 0xff, 0xe0, 0x45, 0xff,
    0xfc, 0x4, 0x3f, 0xfa, 0xd7, 0xff, 0xf0, 0x11,
    0xff, 0xfe, 0x4, 0x1f, 0xfd, 0x6f, 0xff, 0xe0,
    0xa3, 0xff, 0xfc, 0x10, 0xff, 0xeb, 0x7f, 0xff,
    0x4, 0x2f, 0xff, 0xe0, 0x87, 0xff, 0x55, 0xff,
    0xfe, 0x8, 0x5f, 0xff, 0xc1, 0x83, 0xff, 0xa9,
    0xff, 0xfc, 0x18, 0x2b, 0xff, 0xf8, 0x21, 0xff,
    0xd4, 0xff, 0xfe, 0xa, 0x1b, 0xff, 0xf8, 0x28,
    0x7f, 0xf4, 0xaf, 0xff, 0xe0, 0x87, 0x7f, 0xff,
    0x8, 0x3f, 0xfa, 0x2f, 0xff, 0xf0, 0x60, 0xe7,
    0xff, 0xf8, 0x30, 0x7f, 0xf4, 0x3f, 0xff, 0x84,
    0x1f, 0x7f, 0xff, 0x9, 0xf, 0xfe, 0x75, 0xff,
    0xfc, 0x20, 0xfa, 0xff, 0xfe, 0x12, 0x1f, 0xfc,
    0xcb, 0xff, 0xf8, 0x48, 0x7e, 0xff, 0xfe, 0x1a,
    0x1f, 0xfc, 0xa7, 0xff, 0xf8, 0x61, 0xfc, 0xff,
    0xff, 0xd, 0xf, 0xfe, 0x45, 0xff, 0xfc, 0x34,
    0x3f, 0xdf, 0xff, 0xc4, 0x83, 0xff, 0x8a, 0xff,
    0xff, 0x12, 0xf, 0xf9, 0xff, 0xfe, 0x2c, 0x1f,
    0xfc, 0x16, 0xff, 0xfe, 0x28, 0x7f, 0xf0, 0x5f,
    0xff, 0xe3, 0xc8, 0x79, 0xbf, 0xff, 0x8e, 0x1f,
    0xfc, 0x3b, 0xff, 0xfc, 0x48, 0x7f, 0xf1, 0x3f,
    0xff, 0xc3, 0x7, 0xff, 0x1b, 0xff, 0xfb, 0xf0,
    0x7f, 0xf2, 0x3f, 0xff, 0xbb, 0x7, 0xff, 0x2a,
    0xff, 0xfe, 0xd2, 0x1f, 0xfc, 0xc7, 0xff, 0xfb,
    0x1, 0xff, 0xd0, 0xff, 0xfe, 0xac, 0x1f, 0xfd,
    0x27, 0xff, 0xfa, 0x30, 0x7f, 0xf5, 0x9f, 0xff,
    0xe6, 0xc1, 0xff, 0xdb, 0x7f, 0xff, 0x8f, 0x21,
    0xff, 0xe0, 0x55, 0x3f, 0xf5, 0x10, 0xff, 0xe6,
    0x0,

    /* U+0070 "p" */
    0xf, 0xfe, 0x7a, 0xaf, 0xfd, 0x21, 0xff, 0xcc,
    0x5f, 0xf8, 0x3f, 0xf8, 0xd, 0xff, 0xfc, 0x49,
    0xf, 0xfe, 0x47, 0xff, 0xc8, 0x7f, 0x3f, 0xff,
    0xca, 0x43, 0xff, 0x8d, 0xff, 0xf2, 0x1f, 0x3f,
    0xff, 0xce, 0x43, 0xff, 0x89, 0xff, 0xf2, 0x1e,
    0xbf, 0xff, 0xa2, 0x1f, 0xfc, 0x3f, 0xff, 0x90,
    0xef, 0xff, 0xea, 0x21, 0xff, 0xc1, 0xff, 0xf9,
    0x9, 0xff, 0xfe, 0xb4, 0x1f, 0xfc, 0xf, 0xff,
    0x90, 0x3f, 0xff, 0xd8, 0x83, 0xfe, 0xff, 0xf9,
    0x1f, 0xff, 0xed, 0x41, 0xfe, 0xff, 0xf9, 0x3f,
    0xff, 0xb8, 0x87, 0xf7, 0xff, 0xcf, 0xff, 0xf7,
    0x90, 0xfd, 0xff, 0xfc, 0xd9, 0x41, 0xcd, 0xff,
    0xfc, 0x80, 0xfd, 0xff, 0xfc, 0xb4, 0x3f, 0xf8,
    0x37, 0xff, 0xf1, 0x60, 0xfb, 0xff, 0xf9, 0x28,
    0x7f, 0xf1, 0x6f, 0xff, 0xe2, 0x21, 0xef, 0xff,
    0xe3, 0xc1, 0xff, 0xc8, 0x7f, 0xff, 0x88, 0x1e,
    0xff, 0xfe, 0x32, 0x1f, 0xfc, 0xa7, 0xff, 0xf8,
    0x68, 0x77, 0xff, 0xf1, 0x50, 0xff, 0xe6, 0x3f,
    0xff, 0xc3, 0xe, 0xff, 0xfe, 0x24, 0x1f, 0xfc,
    0xe7, 0xff, 0xf8, 0x48, 0x6f, 0xff, 0xe1, 0xc1,
    0xff, 0xd0, 0xbf, 0xff, 0x83, 0x6, 0xff, 0xfe,
    0x18, 0x7f, 0xf4, 0xbf, 0xff, 0x84, 0x1b, 0xff,
    0xf8, 0x50, 0x7f, 0xf4, 0xaf, 0xff, 0xe0, 0xa1,
    0x7f, 0xff, 0x8, 0x3f, 0xfa, 0x9f, 0xff, 0xc1,
    0x82, 0xff, 0xfe, 0xc, 0x1f, 0xfd, 0x4b, 0xff,
    0xf8, 0x21, 0x7f, 0xff, 0x4, 0x3f, 0xfa, 0xaf,
    0xff, 0xf0, 0x42, 0xff, 0xfe, 0x8, 0x7f, 0xf5,
    0xbf, 0xff, 0x82, 0x83, 0xff, 0xf8, 0x10, 0x7f,
    0xf5, 0xaf, 0xff, 0xe0, 0x40, 0xff, 0xfe, 0x0,
    0x7f, 0xf5, 0xdf, 0xff, 0xe0, 0x40, 0xff, 0xfe,
    0x0, 0x7f, 0xf5, 0xdf, 0xff, 0xe0, 0x83, 0xff,
    0xf8, 0x1, 0xff, 0xd8, 0xff, 0xfe, 0x8, 0x3f,
    0xfe, 0x83, 0xff, 0xb1, 0xff, 0xfc, 0x10, 0x7f,
    0xfd, 0x7, 0xff, 0x63, 0xff, 0xf8, 0x20, 0xff,
    0xfa, 0xf, 0xfe, 0xc7, 0xff, 0xf0, 0x41, 0xff,
    0xf4, 0x1f, 0xfd, 0x8f, 0xff, 0xe0, 0x83, 0xff,
    0xe8, 0x3f, 0xfb, 0x1f, 0xff, 0xc1, 0x7, 0xff,
    0xd0, 0x7f, 0xf6, 0x3f, 0xff, 0x82, 0xf, 0xff,
    0xa0, 0xff, 0xec, 0x7f, 0xff, 0x4, 0x1f, 0xff,
    0xc0, 0xf, 0xfe, 0xc7, 0xff, 0xf0, 0x41, 0xff,
    0xfc, 0x0, 0xff, 0xec, 0x7f, 0xff, 0x4, 0x1f,
    0xff, 0xc0, 0xf, 0xfe, 0xbb, 0xff, 0xfc, 0x8,
    0x1f, 0xff, 0xc0, 0xf, 0xfe, 0xbb, 0xff, 0xfc,
    0x8, 0x1f, 0xff, 0xc0, 0x43, 0xff, 0xad, 0x7f,
    0xff, 0x1, 0x7, 0xff, 0xf0, 0x43, 0xff, 0xad,
    0xff, 0xfc, 0x14, 0x1f, 0xff, 0xc1, 0xf, 0xfe,
    0xab, 0xff, 0xfc, 0x10, 0xbf, 0xff, 0x82, 0x87,
    0xff, 0x52, 0xff, 0xfe, 0x8, 0x5f, 0xff, 0xc2,
    0xf, 0xfe, 0xa7, 0xff, 0xf0, 0x60, 0xbf, 0xff,
    0x84, 0x87, 0xff, 0x4a, 0xff, 0xfe, 0x8, 0x6f,
    0xff, 0xe1, 0x87, 0xff, 0x4b, 0xff, 0xf8, 0x41,
    0xbf, 0xff, 0x87, 0x7, 0xff, 0x43, 0xff, 0xf8,
    0x50, 0x6f, 0xff, 0xe2, 0x21, 0xff, 0xce, 0xbf,
    0xff, 0x84, 0x1d, 0xff, 0xfc, 0x54, 0x3f, 0xf9,
    0x8f, 0xff, 0xf0, 0xa0, 0xef, 0xff, 0xe3, 0x21,
    0xff, 0xca, 0x7f, 0xff, 0x86, 0x1e, 0xff, 0xfe,
    0x3a, 0x1f, 0xfc, 0x87, 0xff, 0xf8, 0x70, 0x7b,
    0xff, 0xf9, 0x10, 0x7f, 0xf1, 0xbf, 0xff, 0x8a,
    0x1f, 0x7f, 0xff, 0x2a, 0xf, 0xfe, 0x15, 0xff,
    0xfc, 0x54, 0x3e, 0xff, 0xfe, 0x6c, 0x87, 0x9b,
    0xff, 0xf8, 0xf0, 0x7e, 0xff, 0xff, 0x50, 0x7f,
    0x7f, 0xff, 0xa4, 0x3f, 0xdf, 0xff, 0xc0, 0x7f,
    0xff, 0xb6, 0x1f, 0xf7, 0xff, 0xf0, 0x1, 0xff,
    0xfd, 0x90, 0xff, 0xe0, 0x7f, 0xff, 0x0, 0x2f,
    0xff, 0xeb, 0x87, 0xff, 0x7, 0xff, 0xf8, 0x1,
    0xbf, 0xff, 0xa9, 0x7, 0xff, 0xb, 0xff, 0xf8,
    0x1, 0xd7, 0xff, 0xf4, 0x50, 0xff, 0xe1, 0xff,
    0xff, 0x0, 0x3c, 0xff, 0xff, 0x3a, 0xf, 0xfe,
    0x2f, 0xff, 0xf0, 0x3, 0xf3, 0xff, 0xfc, 0xa8,
    0x3f, 0xf8, 0xff, 0xff, 0xc0, 0xf, 0xf3, 0x7f,
    0xff, 0x12, 0x43, 0xff, 0x93, 0xff, 0xfc, 0x0,
    0xff, 0xe0, 0xb4, 0xff, 0xd2, 0x1f, 0xfc, 0xdf,
    0xff, 0xe0, 0x7, 0xff, 0x9f, 0xff, 0xf8, 0x1,
    0xff, 0xe7, 0xff, 0xfe, 0x0, 0x7f, 0xf9, 0xff,
    0xff, 0x80, 0x1f, 0xfe, 0x7f, 0xff, 0xe0, 0x7,
    0xff, 0x9f, 0xff, 0xf8, 0x1, 0xff, 0xe7, 0xff,
    0xfe, 0x0, 0x7f, 0xf9, 0xff, 0xff, 0x80, 0x1f,
    0xfe, 0x7f, 0xff, 0xe0, 0x7, 0xff, 0x9f, 0xff,
    0xf8, 0x1, 0xff, 0xe7, 0xff, 0xfe, 0x0, 0x7f,
    0xf9, 0xff, 0xff, 0x80, 0x1f, 0xfe, 0x7f, 0xff,
    0xe0, 0x7, 0xff, 0x9f, 0xff, 0xf8, 0x1, 0xff,
    0xe7, 0xff, 0xfe, 0x0, 0x7f, 0xf9, 0xff, 0xff,
    0x80, 0x1f, 0xfe, 0x7f, 0xff, 0xe0, 0x7, 0xff,
    0x9f, 0xff, 0xf8, 0x1, 0xff, 0xe7, 0xff, 0xfe,
    0x0, 0x7f, 0xf9, 0xff, 0xff, 0x80, 0x1f, 0xfe,
    0x7f, 0xff, 0xe0, 0x7, 0xff, 0x9f, 0xff, 0xf8,
    0x1, 0xff, 0xe7, 0xff, 0xfe, 0x0, 0x7f, 0xf9,
    0xff, 0xff, 0x80, 0x1f, 0xfe, 0x7f, 0xff, 0xe0,
    0x7, 0xff, 0x98,

    /* U+0071 "q" */
    0xf, 0xfe, 0x63, 0x7f, 0xe9, 0x41, 0xff, 0xe2,
    0x6f, 0xff, 0xe2, 0x48, 0x7f, 0xcb, 0xff, 0x7,
    0xff, 0x1e, 0xff, 0xfe, 0x52, 0x1f, 0x9f, 0xff,
    0x83, 0xff, 0x8b, 0x7f, 0xff, 0x38, 0x3e, 0x7f,
    0xfe, 0xf, 0xfe, 0x1b, 0xff, 0xfd, 0x18, 0x39,
    0xff, 0xf8, 0x3f, 0xf8, 0x57, 0xff, 0xf5, 0x3,
    0x3f, 0xff, 0x7, 0xff, 0x7, 0xff, 0xfa, 0xe1,
    0x3f, 0xff, 0x7, 0xff, 0x3, 0xff, 0xfb, 0x20,
    0x7f, 0xfe, 0xf, 0xfb, 0xff, 0xfb, 0x63, 0xff,
    0xf0, 0x7f, 0xbf, 0xff, 0xb9, 0x3f, 0xff, 0x7,
    0xf7, 0xff, 0xfa, 0x83, 0xf5, 0xff, 0xfc, 0x79,
    0xe, 0x55, 0xff, 0xfc, 0xd0, 0xf9, 0xff, 0xfe,
    0x2c, 0x1f, 0xfc, 0x17, 0xff, 0xf9, 0x61, 0xf7,
    0xff, 0xf1, 0x20, 0xff, 0xe2, 0xbf, 0xff, 0xc9,
    0xf, 0x5f, 0xff, 0xc3, 0x43, 0xff, 0x91, 0x7f,
    0xff, 0x1c, 0x3d, 0xff, 0xfc, 0x30, 0xff, 0xe5,
    0xdf, 0xff, 0xc6, 0xe, 0xbf, 0xff, 0x84, 0x1f,
    0xfc, 0xdb, 0xff, 0xf8, 0xa1, 0xdf, 0xff, 0xc2,
    0x43, 0xff, 0x9d, 0x7f, 0xff, 0x10, 0x35, 0xff,
    0xfc, 0x18, 0x3f, 0xfa, 0x1f, 0xff, 0xc4, 0xd,
    0xff, 0xfc, 0x20, 0xff, 0xe9, 0x7f, 0xff, 0xc,
    0x27, 0xff, 0xf8, 0x28, 0x7f, 0xf4, 0xaf, 0xff,
    0xe1, 0x5, 0x7f, 0xff, 0x4, 0x3f, 0xfa, 0x9f,
    0xff, 0xc2, 0xb, 0xff, 0xf8, 0x28, 0x7f, 0xf5,
    0x2f, 0xff, 0xe0, 0x85, 0xff, 0xfc, 0x10, 0xff,
    0xeb, 0x7f, 0xff, 0x4, 0xf, 0xff, 0xf0, 0x20,
    0xff, 0xeb, 0x7f, 0xff, 0x4, 0x17, 0xff, 0xf0,
    0x10, 0xff, 0xeb, 0x5f, 0xff, 0xc0, 0x5, 0xff,
    0xfc, 0x4, 0x3f, 0xfa, 0xcf, 0xff, 0xf0, 0x1,
    0xff, 0xfc, 0x10, 0xff, 0xec, 0x7f, 0xff, 0x0,
    0x1f, 0xff, 0xc1, 0xf, 0xfe, 0xc7, 0xff, 0xf0,
    0x1, 0xff, 0xfc, 0x10, 0xff, 0xec, 0x7f, 0xff,
    0x0, 0x1f, 0xff, 0xc1, 0xf, 0xfe, 0xc5, 0xff,
    0xf0, 0x3f, 0xff, 0x81, 0x7, 0xff, 0x62, 0xff,
    0xf8, 0x1f, 0xff, 0xc0, 0x83, 0xff, 0xb1, 0x7f,
    0xfc, 0xf, 0xff, 0xe0, 0x41, 0xff, 0xd8, 0xbf,
    0xfe, 0x7, 0xff, 0xf0, 0x43, 0xff, 0xb1, 0x7f,
    0xfc, 0xf, 0xff, 0xe0, 0x87, 0xff, 0x62, 0xff,
    0xf8, 0x1f, 0xff, 0xc1, 0xf, 0xfe, 0xc7, 0xff,
    0xf0, 0x1, 0xff, 0xfc, 0x10, 0xff, 0xec, 0x7f,
    0xff, 0x0, 0x1f, 0xff, 0xc1, 0xf, 0xfe, 0xc7,
    0xff, 0xf0, 0x1, 0x7f, 0xff, 0x1, 0xf, 0xfe,
    0xb3, 0xff, 0xfc, 0x0, 0x3f, 0xff, 0xc0, 0x83,
    0xff, 0xad, 0x7f, 0xff, 0x0, 0xf, 0xff, 0xf0,
    0x43, 0xff, 0xad, 0xff, 0xfc, 0x10, 0xbf, 0xff,
    0x82, 0x1f, 0xfd, 0x6f, 0xff, 0xe0, 0x85, 0xff,
    0xfc, 0x18, 0x3f, 0xfa, 0x97, 0xff, 0xf0, 0x42,
    0xbf, 0xff, 0x82, 0x1f, 0xfd, 0x4f, 0xff, 0xe1,
    0x4, 0xff, 0xff, 0x6, 0xf, 0xfe, 0x95, 0xff,
    0xfc, 0x20, 0xdf, 0xff, 0xc2, 0xf, 0xfe, 0x97,
    0xff, 0xf0, 0xc3, 0x5f, 0xff, 0xc1, 0x83, 0xff,
    0xa1, 0xff, 0xfc, 0x40, 0xef, 0xff, 0xe1, 0x21,
    0xff, 0xce, 0xbf, 0xff, 0x88, 0x1d, 0x7f, 0xff,
    0x9, 0xf, 0xfe, 0x65, 0xff, 0xfc, 0x50, 0xe7,
    0xff, 0xf8, 0x68, 0x7f, 0xf2, 0x9f, 0xff, 0xe3,
    0x7, 0xaf, 0xff, 0xe1, 0xa1, 0xff, 0xc8, 0xbf,
    0xff, 0x8e, 0x1f, 0x7f, 0xff, 0x12, 0xf, 0xfe,
    0x37, 0xff, 0xf2, 0x43, 0xeb, 0xff, 0xf8, 0xb0,
    0x7f, 0xf0, 0x5b, 0xff, 0xf9, 0x41, 0xfb, 0xff,
    0xf9, 0x12, 0x1e, 0x6f, 0xff, 0xe6, 0x87, 0xf7,
    0xff, 0xfa, 0x83, 0xf9, 0xff, 0xff, 0x48, 0x7f,
    0x9f, 0xff, 0xed, 0xbf, 0xff, 0xc0, 0xf, 0xf9,
    0xff, 0xfe, 0xc8, 0x3f, 0xff, 0x80, 0x1f, 0xfc,
    0x7, 0xff, 0xfa, 0xe1, 0x7f, 0xff, 0x0, 0x3f,
    0xf8, 0x5f, 0xff, 0xd5, 0xd, 0xff, 0xfc, 0x0,
    0xff, 0xe1, 0xdf, 0xff, 0xd1, 0x83, 0xbf, 0xff,
    0x80, 0x1f, 0xfc, 0x5b, 0xff, 0xf9, 0xc1, 0xf7,
    0xff, 0xf0, 0x3, 0xff, 0x8f, 0x7f, 0xff, 0x29,
    0xf, 0xdf, 0xff, 0xc0, 0xf, 0xfe, 0x4b, 0xff,
    0xfc, 0x59, 0xf, 0xf7, 0xff, 0xf0, 0x3, 0xff,
    0x98, 0xab, 0xff, 0x4a, 0xf, 0xfe, 0xf, 0xff,
    0xf0, 0x3, 0xff, 0xcf, 0xff, 0xfc, 0x0, 0xff,
    0xf3, 0xff, 0xff, 0x0, 0x3f, 0xfc, 0xff, 0xff,
    0xc0, 0xf, 0xff, 0x3f, 0xff, 0xf0, 0x3, 0xff,
    0xcf, 0xff, 0xfc, 0x0, 0xff, 0xf3, 0xff, 0xff,
    0x0, 0x3f, 0xfc, 0xff, 0xff, 0xc0, 0xf, 0xff,
    0x3f, 0xff, 0xf0, 0x3, 0xff, 0xcf, 0xff, 0xfc,
    0x0, 0xff, 0xf3, 0xff, 0xff, 0x0, 0x3f, 0xfc,
    0xff, 0xff, 0xc0, 0xf, 0xff, 0x3f, 0xff, 0xf0,
    0x3, 0xff, 0xcf, 0xff, 0xfc, 0x0, 0xff, 0xf3,
    0xff, 0xff, 0x0, 0x3f, 0xfc, 0xff, 0xff, 0xc0,
    0xf, 0xff, 0x3f, 0xff, 0xf0, 0x3, 0xff, 0xcf,
    0xff, 0xfc, 0x0, 0xff, 0xf3, 0xff, 0xff, 0x0,
    0x3f, 0xfc, 0xff, 0xff, 0xc0, 0xf, 0xff, 0x3f,
    0xff, 0xf0, 0x3, 0xff, 0xcf, 0xff, 0xfc, 0x0,
    0xff, 0xf3, 0xff, 0xff, 0x0, 0x3f, 0xfc, 0xff,
    0xff, 0xc0, 0xf, 0xff, 0x3f, 0xff, 0xf0, 0x3,
    0xff, 0xcf, 0xff, 0xfc, 0x0,

    /* U+0072 "r" */
    0xf, 0xfe, 0x73, 0x4f, 0xf4, 0x12, 0xff, 0xc1,
    0xff, 0x37, 0xff, 0xf0, 0x15, 0xff, 0xf2, 0x1f,
    0x9f, 0xff, 0xe1, 0xab, 0xff, 0xe4, 0x3e, 0xbf,
    0xff, 0x88, 0xaf, 0xff, 0x90, 0xe7, 0xff, 0xf8,
    0xc3, 0xff, 0xf2, 0x19, 0xff, 0xfe, 0x38, 0xff,
    0xfc, 0x84, 0xff, 0xff, 0x20, 0x7f, 0xfe, 0x40,
    0xff, 0xff, 0x22, 0x1f, 0xff, 0x82, 0xff, 0xfe,
    0x4a, 0x3f, 0xff, 0x3, 0xff, 0xf9, 0x40, 0x7f,
    0xfe, 0x1f, 0xff, 0xe5, 0x1, 0xff, 0xf9, 0xff,
    0xfe, 0xc, 0x87, 0x34, 0x3, 0xff, 0xfc, 0xb4,
    0x3f, 0xf8, 0x2f, 0xff, 0xf2, 0x50, 0xff, 0xe1,
    0xbf, 0xff, 0xc8, 0xf, 0xfe, 0x2b, 0xff, 0xfc,
    0x68, 0x3f, 0xf8, 0xcf, 0xff, 0xf1, 0x83, 0xff,
    0x8e, 0xff, 0xff, 0x14, 0x3f, 0xf9, 0xf, 0xff,
    0xf1, 0x10, 0xff, 0xe4, 0x3f, 0xff, 0xc3, 0x83,
    0xff, 0x92, 0xff, 0xff, 0xc, 0x3f, 0xf9, 0x4f,
    0xff, 0xf0, 0xa0, 0xff, 0xe5, 0x3f, 0xff, 0xc2,
    0xf, 0xfe, 0x5b, 0xff, 0xfc, 0x20, 0xff, 0xe5,
    0xbf, 0xff, 0xc1, 0x83, 0xff, 0x96, 0xff, 0xff,
    0x4, 0x3f, 0xf9, 0x8f, 0xff, 0xf0, 0x43, 0xff,
    0x98, 0xff, 0xff, 0x4, 0x3f, 0xf9, 0x8f, 0xff,
    0xf0, 0x20, 0xff, 0xe6, 0x3f, 0xff, 0xc0, 0x43,
    0xff, 0x98, 0xff, 0xff, 0x1, 0xf, 0xfe, 0x63,
    0xff, 0xfc, 0x4, 0x3f, 0xf9, 0x8f, 0xff, 0xf0,
    0x3, 0xff, 0x9a, 0xff, 0xff, 0x0, 0x3f, 0xf9,
    0xaf, 0xff, 0xf0, 0x3, 0xff, 0x9a, 0xff, 0xff,
    0x0, 0x3f, 0xf9, 0xaf, 0xff, 0xf0, 0x3, 0xff,
    0x9a, 0xff, 0xff, 0x0, 0x3f, 0xf9, 0xaf, 0xff,
    0xf0, 0x3, 0xff, 0x9a, 0xff, 0xff, 0x0, 0x3f,
    0xf9, 0xaf, 0xff, 0xf0, 0x3, 0xff, 0x9a, 0xff,
    0xff, 0x0, 0x3f, 0xf9, 0xaf, 0xff, 0xf0, 0x3,
    0xff, 0x9a, 0xff, 0xff, 0x0, 0x3f, 0xf9, 0xaf,
    0xff, 0xf0, 0x3, 0xff, 0x9a, 0xff, 0xff, 0x0,
    0x3f, 0xf9, 0xaf, 0xff, 0xf0, 0x3, 0xff, 0x9a,
    0xff, 0xff, 0x0, 0x3f, 0xf9, 0xaf, 0xff, 0xf0,
    0x3, 0xff, 0x9a, 0xff, 0xff, 0x0, 0x3f, 0xf9,
    0xaf, 0xff, 0xf0, 0x3, 0xff, 0x9a, 0xff, 0xff,
    0x0, 0x3f, 0xf9, 0xaf, 0xff, 0xf0, 0x3, 0xff,
    0x9a, 0xff, 0xff, 0x0, 0x3f, 0xf9, 0xaf, 0xff,
    0xf0, 0x3, 0xff, 0x9a, 0xff, 0xff, 0x0, 0x3f,
    0xf9, 0xaf, 0xff, 0xf0, 0x3, 0xff, 0x9a, 0xff,
    0xff, 0x0, 0x3f, 0xf9, 0xaf, 0xff, 0xf0, 0x3,
    0xff, 0x9a, 0xff, 0xff, 0x0, 0x3f, 0xf9, 0xaf,
    0xff, 0xf0, 0x3, 0xff, 0x9a, 0xff, 0xff, 0x0,
    0x3f, 0xf9, 0xaf, 0xff, 0xf0, 0x3, 0xff, 0x9a,
    0xff, 0xff, 0x0, 0x3f, 0xf9, 0xaf, 0xff, 0xf0,
    0x3, 0xff, 0x9a,

    /* U+0073 "s" */
    0xf, 0xfe, 0x4b, 0x5f, 0x90, 0xff, 0xec, 0x37,
    0xff, 0xf1, 0x24, 0x3f, 0xfa, 0x37, 0xff, 0xf2,
    0xa0, 0xff, 0xe6, 0xdf, 0xff, 0xcf, 0x43, 0xff,
    0x91, 0x7f, 0xff, 0x4c, 0x3f, 0xf8, 0xdf, 0xff,
    0xd6, 0x83, 0xff, 0x87, 0xff, 0xfd, 0x90, 0xff,
    0xe0, 0xff, 0xff, 0x6d, 0xf, 0xf7, 0xff, 0xf7,
    0x50, 0xfd, 0x7f, 0xff, 0x78, 0x3e, 0x7f, 0xff,
    0xbf, 0x7, 0xbf, 0xff, 0x8a, 0xa0, 0xf3, 0x7f,
    0xff, 0x12, 0xf, 0xbf, 0xff, 0x85, 0x7, 0xff,
    0x9, 0xff, 0xfe, 0x4, 0x1f, 0x5f, 0xff, 0xc1,
    0x43, 0xff, 0x8a, 0xff, 0xf4, 0x1f, 0xbf, 0xff,
    0x82, 0x87, 0xff, 0x22, 0xff, 0x41, 0xfd, 0xff,
    0xfc, 0x10, 0xff, 0xe5, 0x3f, 0xa0, 0xff, 0x7f,
    0xff, 0x2, 0xf, 0xfe, 0x67, 0xa0, 0xff, 0xbf,
    0xff, 0x80, 0x87, 0xff, 0x36, 0xf, 0xf9, 0xff,
    0xfe, 0x2, 0x1f, 0xfd, 0x97, 0xff, 0xf8, 0x8,
    0x7f, 0xf6, 0xbf, 0xff, 0x81, 0x7, 0xff, 0x6b,
    0xff, 0xf8, 0x21, 0xff, 0xda, 0xff, 0xfe, 0xc,
    0x1f, 0xfd, 0x9b, 0xff, 0xf8, 0x30, 0x7f, 0xf6,
    0x1f, 0xff, 0xe1, 0xa1, 0xff, 0xd7, 0xff, 0xfe,
    0x2a, 0x1f, 0xfd, 0x57, 0xff, 0xf8, 0xe8, 0x7f,
    0xf4, 0xef, 0xff, 0xe4, 0xc8, 0x7f, 0xf4, 0x3f,
    0xff, 0x9b, 0x21, 0xff, 0xcd, 0xff, 0xfe, 0x7c,
    0x87, 0xff, 0x2f, 0xff, 0xfa, 0x28, 0x7f, 0xf2,
    0x9f, 0xff, 0xe8, 0xc1, 0xff, 0xca, 0xbf, 0xff,
    0xa3, 0x7, 0xff, 0x2a, 0xff, 0xfe, 0x8a, 0x1f,
    0xfc, 0xab, 0xff, 0xfa, 0x10, 0x7f, 0xf2, 0xdb,
    0xff, 0xf9, 0xe1, 0xff, 0xcd, 0x6f, 0xff, 0xe6,
    0x87, 0xff, 0x41, 0xbf, 0xff, 0x93, 0x7, 0xff,
    0x49, 0xbf, 0xff, 0x8e, 0x87, 0xff, 0x51, 0xbf,
    0xff, 0x8a, 0x1f, 0xfd, 0x7b, 0xff, 0xf8, 0x68,
    0x7f, 0xf6, 0x3f, 0xff, 0x86, 0x1f, 0xfd, 0x9f,
    0xff, 0xe1, 0x7, 0xff, 0x6b, 0xff, 0xf8, 0x28,
    0x7f, 0xf6, 0x6f, 0xff, 0xe0, 0x21, 0xff, 0xd9,
    0x7f, 0xff, 0x81, 0x7, 0xce, 0x1f, 0xfd, 0x1f,
    0xff, 0xe0, 0x41, 0xe7, 0xd0, 0x7f, 0xf4, 0x3f,
    0xff, 0x81, 0x7, 0x3f, 0xa0, 0xff, 0xe7, 0xff,
    0xff, 0x2, 0xc, 0xff, 0xa0, 0xff, 0xe6, 0xbf,
    0xff, 0xc0, 0x82, 0x7f, 0xf4, 0x1f, 0xfc, 0xcf,
    0xff, 0xe0, 0xa0, 0x7f, 0xfe, 0xf, 0xfe, 0x53,
    0xff, 0xfc, 0x10, 0x3f, 0xff, 0xc1, 0x83, 0xff,
    0x8e, 0xff, 0xff, 0x8, 0x7f, 0xff, 0x89, 0x7,
    0xff, 0x12, 0xff, 0xfe, 0x12, 0xf, 0xff, 0xe3,
    0xc8, 0x7f, 0x37, 0xff, 0xf1, 0x3, 0x7f, 0xff,
    0x8a, 0xc, 0xff, 0xff, 0x84, 0x3c, 0xff, 0xff,
    0x7c, 0x3f, 0x3f, 0xff, 0xdd, 0x43, 0xfd, 0xff,
    0xfd, 0xb4, 0x3f, 0xf8, 0xf, 0xff, 0xf6, 0x3,
    0xff, 0x89, 0x7f, 0xff, 0x52, 0xf, 0xfe, 0x3d,
    0xff, 0xfd, 0x14, 0x3f, 0xf9, 0x57, 0xff, 0xf3,
    0x50, 0xff, 0xe7, 0xdf, 0xff, 0xc7, 0x43, 0xff,
    0xaa, 0xab, 0xff, 0x51, 0xf, 0xfe, 0x30,

    /* U+0074 "t" */
    0xf, 0xfe, 0x5, 0xff, 0xfc, 0x0, 0xff, 0xe9,
    0x5f, 0xff, 0xc0, 0xf, 0xfe, 0x95, 0xff, 0xfc,
    0x0, 0xff, 0xe9, 0x5f, 0xff, 0xc0, 0xf, 0xfe,
    0x95, 0xff, 0xfc, 0x0, 0xff, 0xe9, 0x5f, 0xff,
    0xc0, 0xf, 0xfe, 0x95, 0xff, 0xfc, 0x0, 0xff,
    0xe9, 0x5f, 0xff, 0xc0, 0xf, 0xfe, 0x95, 0xff,
    0xfc, 0x0, 0xff, 0xe9, 0x5f, 0xff, 0xc0, 0xf,
    0xfe, 0x95, 0xff, 0xfc, 0x0, 0xff, 0xe9, 0x5f,
    0xff, 0xc0, 0xf, 0xfe, 0x95, 0xff, 0xfc, 0x0,
    0xff, 0xe9, 0x5f, 0xff, 0xc0, 0xf, 0xfe, 0x95,
    0xff, 0xfc, 0x0, 0xff, 0xe9, 0x5f, 0xff, 0xc0,
    0xf, 0xfe, 0x95, 0xff, 0xfc, 0x0, 0xff, 0xe9,
    0x5f, 0xff, 0xc0, 0xf, 0xfe, 0x95, 0xff, 0xfc,
    0x0, 0xff, 0xe3, 0x35, 0xff, 0x7f, 0xff, 0x6,
    0xbf, 0xf8, 0x89, 0x7f, 0xff, 0x74, 0xbf, 0xff,
    0xba, 0x5f, 0xff, 0xdd, 0x2f, 0xff, 0xee, 0x97,
    0xff, 0xf7, 0x4b, 0xff, 0xfb, 0xa5, 0xff, 0xfd,
    0xd2, 0xff, 0xfe, 0xe9, 0x7f, 0xff, 0x74, 0xbf,
    0xff, 0xba, 0x1f, 0xfc, 0x1b, 0xff, 0xf8, 0x1,
    0xff, 0xd2, 0xbf, 0xff, 0x80, 0x1f, 0xfd, 0x2b,
    0xff, 0xf8, 0x1, 0xff, 0xd2, 0xbf, 0xff, 0x80,
    0x1f, 0xfd, 0x2b, 0xff, 0xf8, 0x1, 0xff, 0xd2,
    0xbf, 0xff, 0x80, 0x1f, 0xfd, 0x2b, 0xff, 0xf8,
    0x1, 0xff, 0xd2, 0xbf, 0xff, 0x80, 0x1f, 0xfd,
    0x2b, 0xff, 0xf8, 0x1, 0xff, 0xd2, 0xbf, 0xff,
    0x80, 0x1f, 0xfd, 0x2b, 0xff, 0xf8, 0x1, 0xff,
    0xd2, 0xbf, 0xff, 0x80, 0x1f, 0xfd, 0x2b, 0xff,
    0xf8, 0x1, 0xff, 0xd2, 0xbf, 0xff, 0x80, 0x1f,
    0xfd, 0x2b, 0xff, 0xf8, 0x1, 0xff, 0xd2, 0xbf,
    0xff, 0x80, 0x1f, 0xfd, 0x2b, 0xff, 0xf8, 0x1,
    0xff, 0xd2, 0xbf, 0xff, 0x80, 0x1f, 0xfd, 0x2b,
    0xff, 0xf8, 0x1, 0xff, 0xd2, 0xbf, 0xff, 0x80,
    0x1f, 0xfd, 0x2b, 0xff, 0xf8, 0x1, 0xff, 0xd2,
    0xbf, 0xff, 0x80, 0x1f, 0xfd, 0x2b, 0xff, 0xf8,
    0x1, 0xff, 0xd2, 0xbf, 0xff, 0x80, 0x1f, 0xfd,
    0x2b, 0xff, 0xf8, 0x1, 0xff, 0xd2, 0xbf, 0xff,
    0x80, 0x1f, 0xfd, 0x2b, 0xff, 0xf8, 0x1, 0xff,
    0xd2, 0xbf, 0xff, 0x80, 0x1f, 0xfd, 0x2b, 0xff,
    0xf8, 0x1, 0xff, 0xd2, 0xbf, 0xff, 0x80, 0x1f,
    0xfd, 0x2b, 0xff, 0xf8, 0x1, 0xff, 0xd2, 0xbf,
    0xff, 0x80, 0x1f, 0xfd, 0x2b, 0xff, 0xf8, 0x1,
    0xff, 0xd2, 0xbf, 0xff, 0x80, 0x1f, 0xfd, 0x27,
    0xff, 0xf8, 0x1, 0xff, 0xd2, 0x7f, 0xff, 0x80,
    0x1f, 0xfd, 0x27, 0xff, 0xf8, 0x8, 0x7f, 0xf4,
    0x5f, 0xff, 0xe0, 0x41, 0xff, 0xd2, 0xff, 0xfe,
    0x8, 0x7f, 0xf4, 0xbf, 0xff, 0x82, 0x1f, 0xfd,
    0x2f, 0xff, 0xe1, 0x7, 0xff, 0x46, 0xff, 0xfe,
    0xc, 0x1f, 0xfc, 0x4, 0x3f, 0xf8, 0x6f, 0xff,
    0xf0, 0xe4, 0x32, 0xaf, 0x83, 0xff, 0x89, 0xff,
    0xfc, 0xf4, 0x3f, 0xf8, 0x77, 0xff, 0xf3, 0xa0,
    0xff, 0xe2, 0x7f, 0xff, 0x3a, 0xf, 0xfe, 0x25,
    0xff, 0xfc, 0xe0, 0xff, 0xe2, 0xff, 0xff, 0x38,
    0x3f, 0xf8, 0xdf, 0xff, 0xcd, 0xf, 0xfe, 0x33,
    0xff, 0xfc, 0xc4, 0x3f, 0xf8, 0xcf, 0xff, 0xf2,
    0xe0, 0xff, 0xe4, 0x5f, 0xff, 0xc9, 0x83, 0xff,
    0x95, 0x7f, 0xff, 0x12, 0x43, 0xff, 0x9c, 0xd3,
    0xfe, 0xa2, 0x1e,

    /* U+0075 "u" */
    0x17, 0xff, 0x80, 0x1f, 0xfd, 0x15, 0xff, 0xe0,
    0xff, 0xff, 0x0, 0x3f, 0xfa, 0x3f, 0xff, 0xc0,
    0x7f, 0xff, 0x80, 0x1f, 0xfd, 0x1f, 0xff, 0xe0,
    0x3f, 0xff, 0xc0, 0xf, 0xfe, 0x8f, 0xff, 0xf0,
    0x1f, 0xff, 0xe0, 0x7, 0xff, 0x47, 0xff, 0xf8,
    0xf, 0xff, 0xf0, 0x3, 0xff, 0xa3, 0xff, 0xfc,
    0x7, 0xff, 0xf8, 0x1, 0xff, 0xd1, 0xff, 0xfe,
    0x3, 0xff, 0xfc, 0x0, 0xff, 0xe8, 0xff, 0xff,
    0x1, 0xff, 0xfe, 0x0, 0x7f, 0xf4, 0x7f, 0xff,
    0x80, 0xff, 0xff, 0x0, 0x3f, 0xfa, 0x3f, 0xff,
    0xc0, 0x7f, 0xff, 0x80, 0x1f, 0xfd, 0x1f, 0xff,
    0xe0, 0x3f, 0xff, 0xc0, 0xf, 0xfe, 0x8f, 0xff,
    0xf0, 0x1f, 0xff, 0xe0, 0x7, 0xff, 0x47, 0xff,
    0xf8, 0xf, 0xff, 0xf0, 0x3, 0xff, 0xa3, 0xff,
    0xfc, 0x7, 0xff, 0xf8, 0x1, 0xff, 0xd1, 0xff,
    0xfe, 0x3, 0xff, 0xfc, 0x0, 0xff, 0xe8, 0xff,
    0xff, 0x1, 0xff, 0xfe, 0x0, 0x7f, 0xf4, 0x7f,
    0xff, 0x80, 0xff, 0xff, 0x0, 0x3f, 0xfa, 0x3f,
    0xff, 0xc0, 0x7f, 0xff, 0x80, 0x1f, 0xfd, 0x1f,
    0xff, 0xe0, 0x3f, 0xff, 0xc0, 0xf, 0xfe, 0x8f,
    0xff, 0xf0, 0x1f, 0xff, 0xe0, 0x7, 0xff, 0x47,
    0xff, 0xf8, 0xf, 0xff, 0xf0, 0x3, 0xff, 0xa3,
    0xff, 0xfc, 0x7, 0xff, 0xf8, 0x1, 0xff, 0xd1,
    0xff, 0xfe, 0x3, 0xff, 0xfc, 0x0, 0xff, 0xe8,
    0xff, 0xff, 0x1, 0xff, 0xfe, 0x0, 0x7f, 0xf4,
    0x7f, 0xff, 0x80, 0xff, 0xff, 0x0, 0x3f, 0xfa,
    0x3f, 0xff, 0xc0, 0x7f, 0xff, 0x80, 0x1f, 0xfd,
    0x1f, 0xff, 0xe0, 0x3f, 0xff, 0xc0, 0xf, 0xfe,
    0x8f, 0xff, 0xf0, 0x1f, 0xff, 0xe0, 0x7, 0xff,
    0x47, 0xff, 0xf8, 0xf, 0xff, 0xf0, 0x3, 0xff,
    0xa3, 0xff, 0xfc, 0x7, 0xff, 0xf8, 0x1, 0xff,
    0xd1, 0xff, 0xfe, 0x3, 0xff, 0xfc, 0x0, 0xff,
    0xe8, 0xff, 0xff, 0x1, 0xff, 0xfe, 0x0, 0x7f,
    0xf4, 0x7f, 0xff, 0x80, 0xff, 0xff, 0x0, 0x3f,
    0xfa, 0x3f, 0xff, 0xc0, 0x7f, 0xff, 0x80, 0x1f,
    0xfd, 0x1f, 0xff, 0xe0, 0x3f, 0xff, 0xc0, 0xf,
    0xfe, 0x8f, 0xff, 0xf0, 0x1f, 0xff, 0xe0, 0x7,
    0xff, 0x47, 0xff, 0xf8, 0xf, 0xff, 0xf0, 0x3,
    0xff, 0xa3, 0xff, 0xfc, 0x7, 0xff, 0xf8, 0x1,
    0xff, 0xd0, 0x7f, 0xff, 0x80, 0xff, 0xff, 0x0,
    0x3f, 0xfa, 0xf, 0xff, 0xf0, 0x1f, 0xff, 0xe0,
    0x7, 0xff, 0x42, 0xff, 0xfe, 0x3, 0xff, 0xfc,
    0x0, 0xff, 0xe8, 0x7f, 0xff, 0x4, 0xff, 0xfe,
    0x2, 0x1f, 0xfc, 0xe7, 0xff, 0xf8, 0x27, 0xff,
    0xf0, 0x10, 0xff, 0xe7, 0x5f, 0xff, 0xc1, 0x3f,
    0xff, 0x81, 0x7, 0xff, 0x35, 0xff, 0xfe, 0x11,
    0xff, 0xfc, 0x10, 0xff, 0xe6, 0xff, 0xff, 0xc,
    0xff, 0xfe, 0x8, 0x7f, 0xf3, 0x2f, 0xff, 0xe1,
    0x97, 0xff, 0xf0, 0x20, 0xff, 0xe5, 0x3f, 0xff,
    0xc4, 0x2f, 0xff, 0xe0, 0x87, 0xff, 0x2b, 0xff,
    0xf8, 0xa0, 0xff, 0xfe, 0xc, 0x1f, 0xfc, 0x77,
    0xff, 0xf8, 0xc0, 0xff, 0xfe, 0x12, 0x1f, 0xfc,
    0x57, 0xff, 0xf8, 0xe0, 0xbf, 0xff, 0x84, 0x87,
    0xff, 0xf, 0xff, 0xf9, 0x21, 0x7f, 0xff, 0xe,
    0xf, 0xfe, 0x5, 0xff, 0xfc, 0xa0, 0xaf, 0xff,
    0xe2, 0xa8, 0x33, 0x7f, 0xff, 0x34, 0x37, 0xff,
    0xf9, 0x83, 0x5f, 0xff, 0xd8, 0xa7, 0xff, 0xc1,
    0xdf, 0xff, 0xd8, 0x2f, 0xff, 0x83, 0xdf, 0xff,
    0xd6, 0x5, 0xff, 0xf0, 0x79, 0xff, 0xfe, 0xa0,
    0x57, 0xff, 0xc1, 0xf3, 0xff, 0xfd, 0x18, 0x35,
    0xff, 0xf0, 0x7e, 0x7f, 0xff, 0x9e, 0x87, 0x5f,
    0xff, 0x7, 0xfa, 0xff, 0xfe, 0x5c, 0x1f, 0x5f,
    0xff, 0x7, 0xfc, 0xff, 0xff, 0x22, 0xf, 0xeb,
    0xff, 0xe0, 0xff, 0xe0, 0xb7, 0xff, 0xf0, 0xe0,
    0xff, 0xaf, 0xff, 0x83, 0xff, 0x88, 0xd3, 0xfd,
    0x44, 0x3f, 0xf9, 0xc0,

    /* U+0076 "v" */
    0x6b, 0xff, 0x80, 0x87, 0xff, 0x56, 0xbf, 0xf8,
    0xa, 0xff, 0xfe, 0x8, 0x7f, 0xf5, 0x2f, 0xff,
    0xe0, 0x27, 0xff, 0xf0, 0x50, 0xff, 0xe9, 0xff,
    0xff, 0x4, 0x17, 0xff, 0xf0, 0x20, 0xff, 0xe9,
    0xff, 0xff, 0x2, 0xb, 0xff, 0xf8, 0x21, 0xff,
    0xd2, 0xbf, 0xff, 0x80, 0x1b, 0xff, 0xf8, 0x28,
    0x7f, 0xf4, 0x7f, 0xff, 0x82, 0x19, 0xff, 0xfe,
    0x4, 0x1f, 0xfd, 0x1f, 0xff, 0xe0, 0x21, 0xdf,
    0xff, 0xc1, 0xf, 0xfe, 0x85, 0xff, 0xfc, 0x0,
    0xf5, 0xff, 0xfc, 0x4, 0x3f, 0xf9, 0xff, 0xff,
    0xc0, 0x83, 0xcf, 0xff, 0xf0, 0x20, 0xff, 0xe7,
    0xff, 0xff, 0x1, 0xf, 0xbf, 0xff, 0x82, 0x1f,
    0xfc, 0xeb, 0xff, 0xf8, 0x1, 0xfa, 0xff, 0xfe,
    0x2, 0x1f, 0xfc, 0xdf, 0xff, 0xe0, 0x41, 0xf9,
    0xff, 0xfe, 0x4, 0x1f, 0xfc, 0xdf, 0xff, 0xe0,
    0x21, 0xfd, 0xff, 0xfc, 0x10, 0xff, 0xe6, 0x3f,
    0xff, 0xc0, 0xf, 0xf5, 0xff, 0xfc, 0x4, 0x3f,
    0xf9, 0x7f, 0xff, 0xc0, 0x83, 0xfe, 0xff, 0xfe,
    0x4, 0x1f, 0xfc, 0xbf, 0xff, 0xe0, 0x7, 0xff,
    0x3, 0xff, 0xf8, 0x21, 0xff, 0xca, 0x7f, 0xff,
    0x80, 0x1f, 0xfc, 0x7, 0xff, 0xf8, 0x8, 0x7f,
    0xf2, 0x7f, 0xff, 0x80, 0x87, 0xff, 0x7, 0xff,
    0xf8, 0x10, 0x7f, 0xf2, 0x7f, 0xff, 0x80, 0x1f,
    0xfc, 0x2b, 0xff, 0xf8, 0x1, 0xff, 0xc8, 0x7f,
    0xfe, 0x83, 0xff, 0x84, 0xff, 0xff, 0x1, 0xf,
    0xfe, 0x3f, 0xff, 0xf0, 0x10, 0xff, 0xe1, 0xff,
    0xff, 0x2, 0xf, 0xfe, 0x3f, 0xff, 0xf0, 0x3,
    0xff, 0x89, 0x7f, 0xff, 0x0, 0x3f, 0xf8, 0xcf,
    0xff, 0xd0, 0x7f, 0xf1, 0x1f, 0xff, 0xe0, 0x21,
    0xff, 0xc5, 0xff, 0xfe, 0x2, 0x1f, 0xfc, 0x5f,
    0xff, 0xe0, 0x41, 0xff, 0xc5, 0xff, 0xfe, 0x0,
    0x7f, 0xf1, 0xaf, 0xff, 0xe0, 0x7, 0xff, 0x11,
    0xff, 0xfa, 0xf, 0xfe, 0x3f, 0xff, 0xf0, 0x10,
    0xff, 0xe1, 0xff, 0xff, 0x0, 0x3f, 0xf9, 0x1f,
    0xff, 0xc0, 0x83, 0xff, 0x87, 0xff, 0xfc, 0x0,
    0xff, 0xe4, 0x3f, 0xff, 0xc0, 0xf, 0xfe, 0x13,
    0xff, 0xf2, 0x1f, 0xfc, 0x9f, 0xff, 0xe0, 0x21,
    0xff, 0xc1, 0xff, 0xfe, 0x0, 0x7f, 0xf2, 0xbf,
    0xff, 0x81, 0x7, 0xff, 0x7, 0xff, 0xf8, 0x1,
    0xff, 0xca, 0x7f, 0xff, 0x80, 0x1f, 0xfc, 0x7,
    0xff, 0xe4, 0x3f, 0xf9, 0x7f, 0xff, 0xc0, 0xf,
    0xfe, 0x7, 0xff, 0xf0, 0x3, 0xff, 0x99, 0x7f,
    0xfd, 0x7, 0xfd, 0xff, 0xf4, 0x1f, 0xfc, 0xc7,
    0xff, 0xf8, 0x1, 0xfe, 0x7f, 0xfe, 0x43, 0xff,
    0x9b, 0xff, 0xfc, 0x0, 0xff, 0x7f, 0xff, 0x0,
    0x3f, 0xf9, 0xd7, 0xff, 0xd0, 0x7f, 0x7f, 0xfd,
    0x7, 0xff, 0x3f, 0xff, 0xf8, 0x1, 0xf9, 0xff,
    0xf8, 0x3f, 0xfa, 0x1f, 0xff, 0xc0, 0xf, 0xd7,
    0xff, 0xc1, 0xff, 0xd0, 0x7f, 0xfe, 0x83, 0xef,
    0xff, 0x90, 0xff, 0xe8, 0xff, 0xff, 0x0, 0x3c,
    0xff, 0xfc, 0x1f, 0xfd, 0x2f, 0xff, 0xe0, 0x7,
    0xaf, 0xff, 0x83, 0xff, 0xa4, 0xff, 0xfd, 0x7,
    0x7f, 0xfc, 0x87, 0xff, 0x4f, 0xff, 0xf8, 0x1,
    0x9f, 0xff, 0x83, 0xff, 0xa9, 0x7f, 0xfc, 0x1a,
    0xff, 0xf4, 0x1f, 0xfd, 0x47, 0xff, 0xe8, 0x2f,
    0xff, 0x90, 0xff, 0xea, 0xff, 0xff, 0x0, 0xf,
    0xff, 0xc1, 0xff, 0xd6, 0xbf, 0xfe, 0x5, 0xff,
    0xe8, 0x3f, 0xfa, 0xff, 0xff, 0x47, 0xff, 0xc1,
    0xff, 0xd8, 0xff, 0xfe, 0x3, 0xff, 0xf0, 0x7f,
    0xf6, 0x1f, 0xff, 0xe5, 0x21, 0xff, 0xd9, 0xff,
    0xfe, 0x50, 0x7f, 0xf6, 0xbf, 0xff, 0x94, 0x1f,
    0xfd, 0xa7, 0xff, 0xf9, 0x8, 0x7f, 0xf6, 0xff,
    0xff, 0x90, 0x1f, 0xfd, 0xcb, 0xff, 0xf8, 0xd0,
    0x7f, 0xf7, 0x1f, 0xff, 0xe3, 0x21, 0xff, 0xdd,
    0xff, 0xfe, 0x30, 0x7f, 0xf7, 0xaf, 0xff, 0xe2,
    0x41, 0xff, 0xdf, 0xff, 0xfe, 0x20, 0x7f, 0xf8,
    0x3f, 0xff, 0x88, 0x1f, 0xfe, 0xb, 0xff, 0xf8,
    0x48, 0x7f, 0xf8, 0x7f, 0xff, 0x84, 0x1f, 0xfe,
    0x2f, 0xff, 0xe1, 0x7, 0xff, 0x2c,

    /* U+0077 "w" */
    0x6b, 0xfe, 0x43, 0xff, 0x9c, 0xd7, 0xfc, 0x87,
    0xff, 0x39, 0xaf, 0xf9, 0xbf, 0xff, 0x80, 0x1f,
    0xfc, 0xeb, 0xff, 0xf8, 0x1, 0xff, 0xce, 0xff,
    0xfe, 0x2, 0xbf, 0xff, 0x80, 0x1f, 0xfc, 0xef,
    0xff, 0xe0, 0xa1, 0xff, 0xcd, 0xff, 0xfe, 0x0,
    0x3f, 0xff, 0x81, 0x7, 0xff, 0x31, 0xff, 0xfe,
    0xc, 0x1f, 0xfc, 0xc7, 0xff, 0xf8, 0x0, 0xbf,
    0xff, 0x80, 0x1f, 0xfc, 0xcb, 0xff, 0xf8, 0x41,
    0xff, 0xcc, 0xbf, 0xfe, 0x80, 0xff, 0xff, 0x0,
    0x3f, 0xf9, 0x9f, 0xff, 0xc3, 0xf, 0xfe, 0x67,
    0xff, 0xf0, 0x3, 0x7f, 0xff, 0x1, 0xf, 0xfe,
    0x5f, 0xff, 0xf0, 0xd0, 0xff, 0xe5, 0xff, 0xff,
    0x0, 0x37, 0xff, 0xf0, 0x20, 0xff, 0xe5, 0x3f,
    0xff, 0xc3, 0x83, 0xff, 0x94, 0xff, 0xfd, 0x6,
    0xbf, 0xff, 0x80, 0x1f, 0xfc, 0xab, 0xff, 0xf8,
    0x81, 0xff, 0xca, 0xbf, 0xfe, 0x43, 0xbf, 0xff,
    0x80, 0x1f, 0xfc, 0xaf, 0xff, 0xe2, 0xa1, 0xff,
    0xc9, 0xff, 0xfe, 0x0, 0x7b, 0xff, 0xf8, 0x8,
    0x7f, 0xf2, 0x1f, 0xff, 0xe2, 0xc1, 0xff, 0xc9,
    0xff, 0xfe, 0x0, 0x7a, 0xff, 0xfa, 0xf, 0xfe,
    0x45, 0xff, 0xfc, 0x60, 0xff, 0xe4, 0x3f, 0xff,
    0x41, 0xe7, 0xff, 0xf8, 0x1, 0xff, 0xc8, 0xff,
    0xfe, 0x38, 0x7f, 0xf2, 0x2f, 0xff, 0x83, 0xf7,
    0xff, 0xf0, 0x3, 0xff, 0x91, 0xff, 0xfc, 0x78,
    0x3f, 0xf8, 0xff, 0xff, 0xc0, 0xf, 0xd7, 0xff,
    0xd0, 0x7f, 0xf1, 0x9f, 0xff, 0xe4, 0x7, 0xff,
    0x1f, 0xff, 0xe8, 0x3f, 0x3f, 0xff, 0xc0, 0xf,
    0xfe, 0x35, 0xff, 0xd7, 0xff, 0x83, 0xff, 0x8c,
    0xff, 0xfc, 0x87, 0xf7, 0xff, 0xf0, 0x3, 0xff,
    0x8d, 0xff, 0xe3, 0xff, 0xc8, 0x7f, 0xf1, 0x6f,
    0xff, 0x83, 0xfd, 0xff, 0xfc, 0x4, 0x3f, 0xf8,
    0x8f, 0xff, 0x47, 0xff, 0xa0, 0xff, 0xe2, 0xff,
    0xff, 0x0, 0x3f, 0xd7, 0xff, 0xd0, 0x7f, 0xf1,
    0x2f, 0xfe, 0x4b, 0xff, 0xc1, 0xff, 0xc4, 0x7f,
    0xfe, 0x43, 0xfe, 0xff, 0xfe, 0x0, 0x7f, 0xf1,
    0x3f, 0xfc, 0x7, 0xff, 0xc8, 0x7f, 0xf0, 0xef,
    0xff, 0x83, 0xff, 0x81, 0xff, 0xfc, 0x0, 0xff,
    0xe2, 0x7f, 0xf4, 0x17, 0xff, 0xa0, 0xff, 0xe1,
    0xff, 0xff, 0x0, 0x3f, 0xf8, 0x17, 0xff, 0xc8,
    0x7f, 0xf0, 0x9f, 0xfe, 0x42, 0xbf, 0xfc, 0x1f,
    0xfc, 0x3f, 0xff, 0xa0, 0xff, 0xe0, 0x3f, 0xff,
    0x41, 0xff, 0xc2, 0xbf, 0xf8, 0x33, 0xff, 0xe0,
    0xff, 0xe1, 0x3f, 0xff, 0x21, 0xff, 0xc1, 0xff,
    0xfe, 0x0, 0x7f, 0xf0, 0xbf, 0xfc, 0x1d, 0xff,
    0xe4, 0x3f, 0xf8, 0x37, 0xff, 0xc1, 0xff, 0xc2,
    0xff, 0xfe, 0x2, 0x1f, 0xfc, 0x7, 0xff, 0xa0,
    0xef, 0xff, 0x41, 0xff, 0xc1, 0xff, 0xfa, 0xf,
    0xfe, 0x13, 0xff, 0xf4, 0x1f, 0xfc, 0xb, 0xff,
    0x90, 0xeb, 0xff, 0xc1, 0xff, 0xc1, 0xff, 0xf9,
    0xf, 0xfe, 0x1f, 0xff, 0xf0, 0x3, 0xff, 0x81,
    0xff, 0xe0, 0xfb, 0xff, 0xc8, 0x7f, 0xcf, 0xff,
    0xc1, 0xff, 0xc4, 0xff, 0xfe, 0x0, 0x7f, 0xf0,
    0x3f, 0xfc, 0x1f, 0x7f, 0xfa, 0xf, 0xfa, 0xff,
    0xf8, 0x3f, 0xf8, 0x97, 0xff, 0xc8, 0x7f, 0x9f,
    0xfe, 0x43, 0xeb, 0xff, 0xc1, 0xff, 0x7f, 0xfd,
    0x7, 0xff, 0x11, 0xff, 0xfa, 0xf, 0xf5, 0xff,
    0xc1, 0xf9, 0xff, 0xf0, 0x7f, 0xdf, 0xff, 0x21,
    0xff, 0xc5, 0xff, 0xfe, 0x0, 0x7f, 0xbf, 0xfc,
    0x1f, 0xdf, 0xfe, 0x83, 0xf9, 0xff, 0xf8, 0x3f,
    0xf8, 0xd7, 0xff, 0xc1, 0xfe, 0xff, 0xe8, 0x3f,
    0xaf, 0xff, 0x7, 0xf5, 0xff, 0xe8, 0x3f, 0xf8,
    0xcf, 0xff, 0xc8, 0x7e, 0xbf, 0xf9, 0xf, 0xe7,
    0xff, 0xc1, 0xfd, 0xff, 0xf2, 0x1f, 0xfc, 0x7f,
    0xff, 0xa0, 0xfd, 0xff, 0xe0, 0xff, 0xbf, 0xfc,
    0x87, 0xef, 0xff, 0x83, 0xff, 0x91, 0xff, 0xfc,
    0x0, 0xfd, 0xff, 0xe0, 0xff, 0xbf, 0xfd, 0x7,
    0xcf, 0xff, 0xc1, 0xff, 0xc8, 0x7f, 0xfe, 0x43,
    0xcf, 0xff, 0x41, 0xff, 0x5f, 0xfe, 0xf, 0xaf,
    0xff, 0x41, 0xff, 0xc9, 0xff, 0xfa, 0xf, 0x5f,
    0xfc, 0x1f, 0xfc, 0x1f, 0xff, 0x21, 0xef, 0xff,
    0x90, 0xff, 0xe4, 0xff, 0xff, 0x0, 0x3d, 0xff,
    0xe0, 0xff, 0xe0, 0xff, 0xfa, 0xf, 0x7f, 0xfc,
    0x1f, 0xfc, 0xab, 0xff, 0xe0, 0xf7, 0xff, 0x41,
    0xff, 0xc1, 0xbf, 0xfc, 0x1c, 0xff, 0xfa, 0xf,
    0xfe, 0x53, 0xff, 0xf2, 0x1a, 0xff, 0xe4, 0x3f,
    0xf8, 0x2f, 0xff, 0x83, 0xbf, 0xfe, 0x43, 0xff,
    0x97, 0xff, 0xf4, 0x1b, 0xff, 0xc1, 0xff, 0xc3,
    0xff, 0xf2, 0x1b, 0xff, 0xe0, 0xff, 0xe6, 0x5f,
    0xff, 0x6, 0xff, 0xf0, 0x7f, 0xf0, 0xff, 0xfd,
    0x4, 0xff, 0xfc, 0x1f, 0xfc, 0xc7, 0xff, 0xe0,
    0x9f, 0xfe, 0x83, 0xff, 0x86, 0xff, 0xf8, 0x2b,
    0xff, 0xd0, 0x7f, 0xf3, 0x7f, 0xfe, 0x41, 0x7f,
    0xf2, 0x1f, 0xfc, 0x4f, 0xff, 0x20, 0xff, 0xf8,
    0x3f, 0xf9, 0xdf, 0xff, 0x40, 0xff, 0xf0, 0x7f,
    0xf1, 0x7f, 0xfd, 0x3, 0xff, 0xe0, 0xff, 0xe7,
    0x3f, 0xff, 0x3, 0xff, 0xa0, 0xff, 0xe2, 0xdf,
    0xfe, 0x1f, 0xff, 0x41, 0xff, 0xcf, 0xff, 0xf9,
    0xbf, 0xf9, 0xf, 0xfe, 0x2b, 0xff, 0xe2, 0xff,
    0xf2, 0x1f, 0xfc, 0xff, 0xff, 0xaf, 0xff, 0x7,
    0xff, 0x1f, 0xff, 0xcf, 0xff, 0xc1, 0xff, 0xd0,
    0xbf, 0xff, 0x92, 0x1f, 0xfc, 0x7b, 0xff, 0xf9,
    0x21, 0xff, 0xd0, 0x7f, 0xff, 0x91, 0x7, 0xff,
    0x1d, 0xff, 0xfe, 0x44, 0x1f, 0xfd, 0x1f, 0xff,
    0xe4, 0x21, 0xff, 0xc8, 0xff, 0xfe, 0x40, 0x7f,
    0xf4, 0xaf, 0xff, 0xe3, 0x87, 0xff, 0x27, 0xff,
    0xf9, 0x1, 0xff, 0xd2, 0x7f, 0xff, 0x8d, 0x7,
    0xff, 0x25, 0xff, 0xfe, 0x34, 0x1f, 0xfd, 0x3f,
    0xff, 0xe3, 0x21, 0xff, 0xca, 0xff, 0xfe, 0x32,
    0x1f, 0xfd, 0x3f, 0xff, 0xe3, 0x7, 0xff, 0x2f,
    0xff, 0xf8, 0xc1, 0xff, 0xd4, 0x7f, 0xff, 0x8a,
    0x1f, 0xfc, 0xbb, 0xff, 0xf8, 0xa1, 0xff, 0xd5,
    0xff, 0xfe, 0x24, 0x1f, 0xfc, 0xb7, 0xff, 0xf8,
    0x88, 0x7f, 0xf5, 0x7f, 0xff, 0x88, 0x87, 0xff,
    0x33, 0xff, 0xf8, 0x81, 0xff, 0xd6, 0xbf, 0xff,
    0x86, 0x1f, 0xfc, 0xdb, 0xff, 0xf8, 0x61, 0xff,
    0xd6, 0x7f, 0xff, 0x86, 0x1f, 0xfc, 0xd7, 0xff,
    0xf8, 0x50, 0x7f, 0xf5, 0xff, 0xff, 0x84, 0x87,
    0xff, 0x3b, 0xff, 0xf8, 0x48, 0x7f, 0xf5, 0xef,
    0xff, 0xe0, 0x87, 0xff, 0x3f, 0xff, 0xf8, 0x41,
    0xff, 0xd8, 0x7f, 0xff, 0x82, 0x1f, 0xfc, 0xf7,
    0xff, 0xf8, 0x10, 0x7f, 0xf6, 0x7f, 0xff, 0x81,
    0x7, 0xff, 0x43, 0xff, 0xf8, 0x8, 0x7f, 0xf1,
    0x80,

    /* U+0078 "x" */
    0x2, 0xff, 0xf0, 0xc3, 0xff, 0xa6, 0xbf, 0xfc,
    0x30, 0xbf, 0xff, 0x86, 0x87, 0xff, 0x45, 0xff,
    0xfe, 0x18, 0x4f, 0xff, 0xf0, 0xc3, 0xff, 0xa3,
    0xff, 0xfc, 0x30, 0xeb, 0xff, 0xf8, 0x61, 0xff,
    0xcf, 0xbf, 0xff, 0x85, 0x7, 0xbf, 0xff, 0x86,
    0x87, 0xff, 0x3b, 0xff, 0xf8, 0x61, 0xfb, 0xff,
    0xf8, 0x61, 0xff, 0xcd, 0xff, 0xfe, 0x18, 0x7f,
    0x5f, 0xff, 0xc3, 0xf, 0xfe, 0x5d, 0xff, 0xfc,
    0x24, 0x3f, 0xdf, 0xff, 0xc3, 0x83, 0xff, 0x95,
    0xff, 0xfc, 0x28, 0x3f, 0xf8, 0x1f, 0xff, 0xc3,
    0xf, 0xfe, 0x4f, 0xff, 0xf0, 0xc3, 0xff, 0x82,
    0xff, 0xff, 0xc, 0x3f, 0xf8, 0xef, 0xff, 0xf0,
    0x83, 0xff, 0x87, 0x7f, 0xff, 0xa, 0xf, 0xfe,
    0x37, 0xff, 0xf0, 0x90, 0xff, 0xe2, 0x7f, 0xff,
    0xc, 0x3f, 0xf8, 0xbf, 0xff, 0xc2, 0x83, 0xff,
    0x8d, 0xff, 0xfc, 0x30, 0xff, 0xe1, 0xbf, 0xff,
    0xc2, 0xf, 0xfe, 0x3b, 0xff, 0xfc, 0x28, 0x3f,
    0xf8, 0x5f, 0xff, 0xc2, 0x43, 0xff, 0x91, 0xff,
    0xfc, 0x30, 0xff, 0xe0, 0xff, 0xff, 0xa, 0xf,
    0xfe, 0x57, 0xff, 0xf0, 0xc3, 0xfe, 0x7f, 0xff,
    0x84, 0x1f, 0xfc, 0xb7, 0xff, 0xf8, 0x50, 0x7f,
    0xbf, 0xff, 0x84, 0x1f, 0xfc, 0xdb, 0xff, 0xf8,
    0x48, 0x7e, 0xbf, 0xff, 0x82, 0x87, 0xff, 0x3b,
    0xff, 0xf8, 0x61, 0xf3, 0xff, 0xfc, 0x18, 0x3f,
    0xfa, 0x1f, 0xff, 0xc2, 0x83, 0xdf, 0xff, 0xc2,
    0xf, 0xfe, 0x8b, 0xff, 0xfc, 0x24, 0x35, 0xff,
    0xfc, 0x14, 0x3f, 0xfa, 0x57, 0xff, 0xf0, 0x82,
    0x7f, 0xff, 0x83, 0x7, 0xff, 0x53, 0xff, 0xf8,
    0x50, 0x3f, 0xff, 0x84, 0x1f, 0xfd, 0x57, 0xff,
    0xf8, 0x4d, 0xff, 0xfc, 0x10, 0xff, 0xeb, 0xdf,
    0xff, 0xcf, 0x43, 0xff, 0xb1, 0xff, 0xfc, 0xe8,
    0x3f, 0xfb, 0x5f, 0xff, 0xcd, 0xf, 0xfe, 0xdb,
    0xff, 0xfc, 0xb0, 0xff, 0xee, 0xdf, 0xff, 0xc9,
    0x43, 0xff, 0xbd, 0xff, 0xfc, 0x90, 0xff, 0xef,
    0xbf, 0xff, 0xc7, 0xf, 0xff, 0xd, 0xff, 0xfc,
    0x54, 0x3f, 0xfc, 0x2f, 0xff, 0xf1, 0x20, 0xff,
    0xf1, 0x7f, 0xff, 0x18, 0x3f, 0xfc, 0x37, 0xff,
    0xf1, 0xa0, 0xff, 0xef, 0xbf, 0xff, 0xc8, 0x43,
    0xff, 0xbd, 0xff, 0xfc, 0xa0, 0xff, 0xee, 0xff,
    0xff, 0x30, 0x3f, 0xfb, 0x77, 0xff, 0xf3, 0x20,
    0xff, 0xec, 0xbf, 0xff, 0xce, 0x43, 0xff, 0xb1,
    0xff, 0xfd, 0x0, 0xff, 0xeb, 0xff, 0xff, 0x9,
    0xff, 0xfe, 0x18, 0x7f, 0xf5, 0x6f, 0xff, 0xe0,
    0xc0, 0xff, 0xfe, 0x14, 0x1f, 0xfd, 0x37, 0xff,
    0xf8, 0x41, 0x3f, 0xff, 0xc2, 0x43, 0xff, 0xa5,
    0xff, 0xfc, 0x24, 0x35, 0xff, 0xfc, 0x20, 0xff,
    0xe8, 0xff, 0xff, 0xa, 0xf, 0x7f, 0xff, 0xc,
    0x3f, 0xf9, 0xf7, 0xff, 0xf0, 0x83, 0xf7, 0xff,
    0xf0, 0xa0, 0xff, 0xe7, 0x7f, 0xff, 0x8, 0x3f,
    0x9f, 0xff, 0xe1, 0x21, 0xff, 0xcc, 0xff, 0xfe,
    0x14, 0x1f, 0xef, 0xff, 0xe1, 0xa1, 0xff, 0xca,
    0xbf, 0xff, 0x84, 0x1f, 0xfc, 0xf, 0xff, 0xe1,
    0x87, 0xff, 0x25, 0xff, 0xfe, 0x10, 0x7f, 0xf0,
    0x5f, 0xff, 0xe1, 0x41, 0xff, 0xc8, 0xff, 0xfe,
    0x12, 0x1f, 0xfc, 0x2b, 0xff, 0xf8, 0x48, 0x7f,
    0xf1, 0xbf, 0xff, 0x86, 0x1f, 0xfc, 0x4f, 0xff,
    0xe1, 0xa1, 0xff, 0xc4, 0xbf, 0xff, 0x84, 0x1f,
    0xfc, 0x6f, 0xff, 0xe1, 0x87, 0xff, 0xd, 0xff,
    0xfe, 0x12, 0x1f, 0xfc, 0x67, 0xff, 0xf8, 0x50,
    0x7f, 0xf0, 0xbf, 0xff, 0x85, 0x7, 0xff, 0x23,
    0xff, 0xf8, 0x70, 0x7f, 0xf0, 0x3f, 0xff, 0x86,
    0x1f, 0xfc, 0xaf, 0xff, 0xe1, 0xa1, 0xfe, 0xbf,
    0xff, 0x84, 0x87, 0xff, 0x29, 0xff, 0xfe, 0x18,
    0x7f, 0x3f, 0xff, 0xc2, 0x83, 0xff, 0x99, 0x7f,
    0xff, 0xc, 0x3f, 0x7f, 0xff, 0xc, 0x3f, 0xf9,
    0xdf, 0xff, 0xc3, 0x83, 0xd7, 0xff, 0xf0, 0x90,
    0xff, 0xe7, 0xff, 0xff, 0xd, 0xc, 0xff, 0xff,
    0xa, 0xf, 0xfe, 0x83, 0xff, 0xfc, 0x30, 0xdf,
    0xff, 0xc3, 0xf, 0xfe, 0x97, 0xff, 0xf1, 0x1,
    0xff, 0xfc, 0x34, 0x3f, 0xfa, 0x7f, 0xff, 0xc3,
    0x80,

    /* U+0079 "y" */
    0x2b, 0xff, 0x82, 0x1f, 0xfd, 0x6a, 0xff, 0xe0,
    0x3, 0xff, 0xf8, 0x28, 0x7f, 0xf5, 0x2f, 0xff,
    0xe0, 0x2, 0xff, 0xfe, 0x8, 0x7f, 0xf5, 0x3f,
    0xff, 0x81, 0x1, 0xff, 0xfe, 0x8, 0x7f, 0xf4,
    0xdf, 0xff, 0xe0, 0x21, 0x7f, 0xff, 0x6, 0xf,
    0xfe, 0x95, 0xff, 0xfc, 0x0, 0xd7, 0xff, 0xf0,
    0x43, 0xff, 0xa5, 0xff, 0xfc, 0x8, 0x3b, 0xff,
    0xf8, 0x21, 0xff, 0xd1, 0x7f, 0xff, 0x80, 0x1e,
    0xff, 0xfe, 0xc, 0x1f, 0xfd, 0xb, 0xff, 0xf8,
    0x1, 0xe7, 0xff, 0xf8, 0x21, 0xff, 0xd0, 0xff,
    0xfe, 0x2, 0x1f, 0x7f, 0xff, 0x4, 0x3f, 0xf9,
    0xef, 0xff, 0xf0, 0x3, 0xf5, 0xff, 0xfc, 0x8,
    0x3f, 0xf9, 0xd7, 0xff, 0xd0, 0x7e, 0x7f, 0xff,
    0x82, 0x1f, 0xfc, 0xef, 0xff, 0xe0, 0x21, 0xfd,
    0xff, 0xfc, 0x10, 0xff, 0xe6, 0xbf, 0xff, 0xc0,
    0xf, 0xf5, 0xff, 0xfc, 0x8, 0x3f, 0xf9, 0x97,
    0xff, 0xd0, 0x7f, 0xdf, 0xff, 0xc1, 0xf, 0xfe,
    0x67, 0xff, 0xf0, 0x3, 0xff, 0x81, 0xff, 0xfc,
    0x10, 0xff, 0xe5, 0xbf, 0xff, 0xc0, 0xf, 0xfe,
    0x3, 0xff, 0xfc, 0x8, 0x3f, 0xf9, 0x57, 0xff,
    0xc8, 0x7f, 0xf0, 0x7f, 0xff, 0x82, 0x1f, 0xfc,
    0xaf, 0xff, 0xe0, 0x7, 0xff, 0xa, 0xff, 0xfe,
    0x2, 0x1f, 0xfc, 0x87, 0xff, 0xe8, 0x3f, 0xf8,
    0x4f, 0xff, 0xf0, 0x20, 0xff, 0xe4, 0x5f, 0xff,
    0x21, 0xff, 0xc3, 0xff, 0xfe, 0x8, 0x7f, 0xf2,
    0x3f, 0xff, 0x80, 0x1f, 0xfc, 0x4b, 0xff, 0xf8,
    0x8, 0x7f, 0xf1, 0x9f, 0xff, 0xa0, 0xff, 0xe2,
    0xff, 0xff, 0x2, 0xf, 0xfe, 0x35, 0xff, 0xf0,
    0x7f, 0xf1, 0xbf, 0xff, 0x82, 0x1f, 0xfc, 0x6f,
    0xff, 0xe0, 0x7, 0xff, 0x19, 0xff, 0xfe, 0x2,
    0x1f, 0xfc, 0x47, 0xff, 0xe4, 0x3f, 0xf8, 0xff,
    0xff, 0xc0, 0x83, 0xff, 0x89, 0x7f, 0xfc, 0x1f,
    0xfc, 0x8b, 0xff, 0xf8, 0x1, 0xff, 0xc4, 0xff,
    0xfa, 0xf, 0xfe, 0x43, 0xff, 0xfc, 0x4, 0x3f,
    0xf8, 0x4f, 0xff, 0xc8, 0x7f, 0xf2, 0x7f, 0xff,
    0x81, 0x7, 0xff, 0xa, 0xff, 0xf8, 0x3f, 0xf9,
    0x57, 0xff, 0xf0, 0x3, 0xff, 0x85, 0xff, 0xf4,
    0x1f, 0xfc, 0xbf, 0xff, 0xe0, 0x21, 0xff, 0xc0,
    0x7f, 0xfe, 0xf, 0xfe, 0x67, 0xff, 0xf0, 0x20,
    0xff, 0xe0, 0x5f, 0xff, 0x7, 0xff, 0x31, 0xff,
    0xfe, 0x0, 0x7f, 0xf0, 0x3f, 0xfe, 0x43, 0xff,
    0x9b, 0xff, 0xfc, 0x4, 0x3f, 0xcf, 0xff, 0xc1,
    0xff, 0xce, 0xbf, 0xfe, 0x83, 0xfd, 0x7f, 0xfa,
    0xf, 0xfe, 0x73, 0xff, 0xfc, 0x0, 0xff, 0x7f,
    0xfc, 0x87, 0xff, 0x3f, 0xff, 0xf8, 0x8, 0x7e,
    0x7f, 0xfe, 0xf, 0xfe, 0x85, 0xff, 0xf4, 0x1f,
    0xaf, 0xff, 0x41, 0xff, 0xd1, 0xff, 0xfe, 0x0,
    0x7e, 0xff, 0xf8, 0x3f, 0xfa, 0x5f, 0xff, 0xc0,
    0x43, 0xcf, 0xff, 0xc1, 0xff, 0xd2, 0x7f, 0xfe,
    0x83, 0xd7, 0xff, 0x90, 0xff, 0xe9, 0xff, 0xff,
    0x0, 0x3d, 0xff, 0xf0, 0x7f, 0xf5, 0x2f, 0xff,
    0x90, 0xcf, 0xff, 0xa0, 0xff, 0xea, 0x3f, 0xff,
    0xc0, 0xd, 0x7f, 0xf9, 0xf, 0xfe, 0xaf, 0xff,
    0xf0, 0x3, 0x7f, 0xfc, 0x1f, 0xfd, 0x6b, 0xff,
    0xe4, 0xf, 0xff, 0xa0, 0xff, 0xeb, 0xff, 0xff,
    0x0, 0x17, 0xff, 0x83, 0xff, 0xb1, 0xff, 0xfc,
    0x0, 0x7f, 0xfc, 0x1f, 0xfd, 0x87, 0xff, 0xe5,
    0x7f, 0xf9, 0xf, 0xfe, 0xcf, 0xff, 0xf0, 0x2f,
    0xff, 0x7, 0xff, 0x6a, 0xff, 0xfe, 0x4c, 0x1f,
    0xfd, 0xa7, 0xff, 0xf9, 0x28, 0x7f, 0xf6, 0xff,
    0xff, 0x92, 0x1f, 0xfd, 0xc7, 0xff, 0xf8, 0xf0,
    0x7f, 0xf7, 0x7f, 0xff, 0x8e, 0x1f, 0xfd, 0xeb,
    0xff, 0xf8, 0xc1, 0xff, 0xde, 0x7f, 0xff, 0x8a,
    0x87, 0xff, 0x7f, 0xff, 0xf8, 0xa1, 0xff, 0xe0,
    0xbf, 0xff, 0x87, 0x7, 0xff, 0x87, 0xff, 0xf8,
    0x68, 0x7f, 0xf8, 0x7f, 0xff, 0x86, 0x1f, 0xfe,
    0x27, 0xff, 0xf8, 0x30, 0x7f, 0xf8, 0xff, 0xff,
    0x82, 0x1f, 0xfe, 0x4b, 0xff, 0xf8, 0x1, 0xff,
    0xe4, 0x7f, 0xfe, 0x43, 0xff, 0xc9, 0x7f, 0xfc,
    0x1f, 0xfe, 0x5f, 0xff, 0xa0, 0xff, 0xf2, 0x3f,
    0xff, 0x21, 0xff, 0xe4, 0xff, 0xfe, 0x0, 0x7f,
    0xf9, 0x1f, 0xff, 0xa0, 0xff, 0xf2, 0x7f, 0xff,
    0x0, 0x3f, 0xfc, 0x8f, 0xff, 0xf0, 0x3, 0xff,
    0xc9, 0xff, 0xfc, 0x4, 0x3f, 0xfc, 0x77, 0xff,
    0xf0, 0x3, 0xff, 0xc9, 0xff, 0xfc, 0x8, 0x3f,
    0xfc, 0x7f, 0xff, 0xc1, 0xf, 0xff, 0x1d, 0xff,
    0xfc, 0x8, 0x3f, 0xfc, 0x57, 0xff, 0xf0, 0x43,
    0xff, 0xc5, 0xff, 0xfc, 0x28, 0x3f, 0xfa, 0xcc,
    0x87, 0x9b, 0xff, 0xf8, 0x61, 0xff, 0xd7, 0xbf,
    0xff, 0x98, 0x87, 0xff, 0x5f, 0xff, 0xf9, 0x90,
    0x7f, 0xf6, 0x3f, 0xff, 0x98, 0x1f, 0xfd, 0x9f,
    0xff, 0xe5, 0xa1, 0xff, 0xd8, 0x7f, 0xff, 0x94,
    0x87, 0xff, 0x65, 0xff, 0xfe, 0x4c, 0x1f, 0xfd,
    0xab, 0xff, 0xf9, 0x8, 0x7f, 0xf6, 0xff, 0xff,
    0x90, 0x87, 0xff, 0x73, 0xff, 0xf8, 0xd0, 0x7f,
    0xf7, 0xbf, 0xff, 0x89, 0x7, 0xff, 0x89, 0xa7,
    0xfd, 0x21, 0xff, 0xe0,

    /* U+007A "z" */
    0x5, 0x7f, 0xf9, 0x10, 0xbf, 0xff, 0xc9, 0x5,
    0xff, 0xfe, 0x48, 0x2f, 0xff, 0xf2, 0x41, 0x7f,
    0xff, 0x92, 0xb, 0xff, 0xfc, 0x90, 0x5f, 0xff,
    0xe4, 0x82, 0xff, 0xff, 0x24, 0x17, 0xff, 0xf9,
    0x20, 0xbf, 0xff, 0xc9, 0x5, 0xff, 0xfe, 0x40,
    0xff, 0xec, 0xff, 0xff, 0x8, 0x3f, 0xfb, 0x37,
    0xff, 0xf0, 0x50, 0xff, 0xec, 0x5f, 0xff, 0xc1,
    0x43, 0xff, 0xb0, 0xff, 0xff, 0x6, 0xf, 0xfe,
    0xcf, 0xff, 0xf0, 0x83, 0xff, 0xb3, 0xff, 0xfc,
    0x20, 0xff, 0xec, 0xdf, 0xff, 0xc1, 0x43, 0xff,
    0xb1, 0x7f, 0xff, 0x5, 0xf, 0xfe, 0xc3, 0xff,
    0xfc, 0x18, 0x3f, 0xfb, 0x3f, 0xff, 0xc2, 0xf,
    0xfe, 0xcf, 0xff, 0xf0, 0x83, 0xff, 0xb3, 0xff,
    0xfc, 0x24, 0x3f, 0xfb, 0x17, 0xff, 0xf0, 0x50,
    0xff, 0xec, 0x3f, 0xff, 0xc1, 0x83, 0xff, 0xb3,
    0xff, 0xfc, 0x20, 0xff, 0xec, 0xff, 0xff, 0x8,
    0x3f, 0xfb, 0x3f, 0xff, 0xc2, 0xf, 0xfe, 0xcd,
    0xff, 0xfc, 0x14, 0x3f, 0xfb, 0xf, 0xff, 0xf0,
    0x60, 0xff, 0xec, 0x3f, 0xff, 0xc2, 0xf, 0xfe,
    0xcf, 0xff, 0xf0, 0x83, 0xff, 0xb3, 0xff, 0xfc,
    0x20, 0xff, 0xec, 0xdf, 0xff, 0xc1, 0x43, 0xff,
    0xb0, 0xff, 0xff, 0x6, 0xf, 0xfe, 0xc3, 0xff,
    0xfc, 0x20, 0xff, 0xec, 0xff, 0xff, 0x8, 0x3f,
    0xfb, 0x3f, 0xff, 0xc2, 0xf, 0xfe, 0xcd, 0xff,
    0xfc, 0x14, 0x3f, 0xfb, 0x17, 0xff, 0xf0, 0x60,
    0xff, 0xec, 0x3f, 0xff, 0xc1, 0x83, 0xff, 0xb3,
    0xff, 0xfc, 0x20, 0xff, 0xec, 0xff, 0xff, 0x8,
    0x3f, 0xfb, 0x37, 0xff, 0xf0, 0x50, 0xff, 0xec,
    0x5f, 0xff, 0xc1, 0x83, 0xff, 0xb0, 0xff, 0xff,
    0x6, 0xf, 0xfe, 0xcf, 0xff, 0xf0, 0x83, 0xff,
    0xb3, 0xff, 0xfc, 0x20, 0xff, 0xec, 0xff, 0xff,
    0x9, 0xf, 0xfe, 0xc5, 0xff, 0xfc, 0x18, 0x3f,
    0xfb, 0xf, 0xff, 0xf0, 0x60, 0xff, 0xec, 0xff,
    0xff, 0x8, 0x3f, 0xfb, 0x3f, 0xff, 0xc2, 0xf,
    0xfe, 0xcf, 0xff, 0xf0, 0xeb, 0xff, 0xae, 0xdf,
    0xff, 0xe6, 0xbf, 0xff, 0xcf, 0x7f, 0xff, 0x9e,
    0xff, 0xff, 0x3d, 0xff, 0xfe, 0x7b, 0xff, 0xfc,
    0xf7, 0xff, 0xf9, 0xef, 0xff, 0xf3, 0xdf, 0xff,
    0xe7, 0xbf, 0xff, 0xcf, 0x0,

    /* U+007B "{" */
    0xf, 0xfe, 0x4b, 0x4f, 0xff, 0xa0, 0xff, 0xe3,
    0xbf, 0xff, 0xc3, 0x83, 0xff, 0x8d, 0xff, 0xfc,
    0x58, 0x3f, 0xf8, 0x8f, 0xff, 0xf1, 0xa0, 0xff,
    0xe1, 0xbf, 0xff, 0xc7, 0x83, 0xff, 0x84, 0xff,
    0xff, 0x22, 0xf, 0xfe, 0x17, 0xff, 0xf2, 0x60,
    0xff, 0xe0, 0xdf, 0xff, 0xc9, 0x83, 0xff, 0x80,
    0xff, 0xff, 0x2a, 0xf, 0xfe, 0x5, 0xff, 0xfc,
    0xa8, 0x3f, 0xf8, 0x1f, 0xff, 0xc2, 0x43, 0xff,
    0x90, 0xff, 0xff, 0x4, 0x3f, 0xf9, 0x57, 0xff,
    0xf0, 0x3, 0xff, 0x97, 0xff, 0xfc, 0x8, 0x3f,
    0xf9, 0x7f, 0xff, 0xc0, 0x43, 0xff, 0x97, 0xff,
    0xfc, 0x0, 0xff, 0xe6, 0x7f, 0xff, 0x0, 0x3f,
    0xf9, 0x9f, 0xff, 0xc0, 0xf, 0xfe, 0x67, 0xff,
    0xf0, 0x3, 0xff, 0x99, 0xff, 0xfc, 0x0, 0xff,
    0xe6, 0x7f, 0xff, 0x0, 0x3f, 0xf9, 0x9f, 0xff,
    0xc0, 0xf, 0xfe, 0x67, 0xff, 0xf0, 0x3, 0xff,
    0x99, 0xff, 0xfc, 0x0, 0xff, 0xe6, 0x7f, 0xff,
    0x0, 0x3f, 0xf9, 0x9f, 0xff, 0xc0, 0xf, 0xfe,
    0x67, 0xff, 0xf0, 0x3, 0xff, 0x99, 0xff, 0xfc,
    0x0, 0xff, 0xe6, 0x7f, 0xff, 0x0, 0x3f, 0xf9,
    0x9f, 0xff, 0xc0, 0xf, 0xfe, 0x67, 0xff, 0xf0,
    0x3, 0xff, 0x99, 0xff, 0xfc, 0x0, 0xff, 0xe6,
    0x7f, 0xff, 0x0, 0x3f, 0xf9, 0x9f, 0xff, 0xc0,
    0xf, 0xfe, 0x67, 0xff, 0xf0, 0x3, 0xff, 0x99,
    0xff, 0xfc, 0x0, 0xff, 0xe6, 0x7f, 0xff, 0x0,
    0x3f, 0xf9, 0x9f, 0xff, 0xc0, 0xf, 0xfe, 0x67,
    0xff, 0xf0, 0x3, 0xff, 0x99, 0xff, 0xfc, 0x0,
    0xff, 0xe5, 0xbf, 0xff, 0xc0, 0xf, 0xfe, 0x5d,
    0xff, 0xf4, 0x1f, 0xfc, 0xbf, 0xff, 0xe0, 0x41,
    0xff, 0xca, 0x7f, 0xff, 0x80, 0x87, 0xff, 0x2b,
    0xff, 0xf8, 0x21, 0xff, 0xca, 0x7f, 0xff, 0x82,
    0x1f, 0xfc, 0xaf, 0xff, 0xe0, 0xa1, 0xff, 0xc9,
    0xff, 0xfe, 0x10, 0x7f, 0xf2, 0x1f, 0xff, 0xe1,
    0x21, 0xff, 0xc6, 0x7f, 0xff, 0x88, 0x1f, 0xfc,
    0x4b, 0xff, 0xf8, 0xc1, 0xff, 0xc5, 0xbf, 0xff,
    0x8a, 0x1f, 0xfc, 0x6b, 0xff, 0xf8, 0x81, 0xff,
    0xc7, 0xbf, 0xff, 0x85, 0x7, 0xff, 0x22, 0xff,
    0xfe, 0x4, 0x1f, 0xfc, 0xab, 0xff, 0xe0, 0xff,
    0xe6, 0x5f, 0xff, 0xc1, 0x43, 0xff, 0x93, 0x7f,
    0xff, 0xd, 0xf, 0xfe, 0x3d, 0xff, 0xfc, 0x48,
    0x3f, 0xf8, 0xd7, 0xff, 0xf1, 0x60, 0xff, 0xe2,
    0xdf, 0xff, 0xc6, 0x43, 0xff, 0x8c, 0xdf, 0xff,
    0xc4, 0xf, 0xfe, 0x4d, 0xff, 0xfc, 0x28, 0x3f,
    0xf9, 0x2f, 0xff, 0xf0, 0x83, 0xff, 0x94, 0xff,
    0xff, 0x6, 0xf, 0xfe, 0x53, 0xff, 0xfc, 0x10,
    0xff, 0xe5, 0xff, 0xff, 0x5, 0xf, 0xfe, 0x53,
    0xff, 0xfc, 0x4, 0x3f, 0xf9, 0x7f, 0xff, 0xc0,
    0x83, 0xff, 0x97, 0x7f, 0xfd, 0x7, 0xff, 0x2d,
    0xff, 0xfe, 0x0, 0x7f, 0xf3, 0x3f, 0xff, 0x80,
    0x1f, 0xfc, 0xcf, 0xff, 0xe0, 0x7, 0xff, 0x33,
    0xff, 0xf8, 0x1, 0xff, 0xcc, 0xff, 0xfe, 0x0,
    0x7f, 0xf3, 0x3f, 0xff, 0x80, 0x1f, 0xfc, 0xcf,
    0xff, 0xe0, 0x7, 0xff, 0x33, 0xff, 0xf8, 0x1,
    0xff, 0xcc, 0xff, 0xfe, 0x0, 0x7f, 0xf3, 0x3f,
    0xff, 0x80, 0x1f, 0xfc, 0xcf, 0xff, 0xe0, 0x7,
    0xff, 0x33, 0xff, 0xf8, 0x1, 0xff, 0xcc, 0xff,
    0xfe, 0x0, 0x7f, 0xf3, 0x3f, 0xff, 0x80, 0x1f,
    0xfc, 0xcf, 0xff, 0xe0, 0x7, 0xff, 0x33, 0xff,
    0xf8, 0x1, 0xff, 0xcc, 0xff, 0xfe, 0x0, 0x7f,
    0xf3, 0x3f, 0xff, 0x80, 0x1f, 0xfc, 0xcf, 0xff,
    0xe0, 0x7, 0xff, 0x33, 0xff, 0xf8, 0x1, 0xff,
    0xcc, 0xff, 0xfe, 0x0, 0x7f, 0xf3, 0x3f, 0xff,
    0x80, 0x1f, 0xfc, 0xcf, 0xff, 0xe0, 0x7, 0xff,
    0x33, 0xff, 0xf8, 0x1, 0xff, 0xcc, 0xff, 0xfe,
    0x0, 0x7f, 0xf3, 0x3f, 0xff, 0x80, 0x1f, 0xfc,
    0xcf, 0xff, 0xe0, 0x21, 0xff, 0xcb, 0xff, 0xfe,
    0x4, 0x1f, 0xfc, 0xbb, 0xff, 0xf8, 0x1, 0xff,
    0xcb, 0x7f, 0xff, 0x82, 0x1f, 0xfc, 0xbf, 0xff,
    0xe1, 0x21, 0xff, 0xc9, 0xff, 0xfe, 0x5c, 0x1f,
    0xfc, 0x7, 0xff, 0xf9, 0x50, 0x7f, 0xf0, 0x7f,
    0xff, 0x95, 0x7, 0xff, 0xb, 0xff, 0xf9, 0x30,
    0x7f, 0xf0, 0x9f, 0xff, 0xe4, 0x41, 0xff, 0xc3,
    0xbf, 0xff, 0x8f, 0x7, 0xff, 0x11, 0xff, 0xfe,
    0x34, 0x1f, 0xfc, 0x6f, 0xff, 0xe2, 0xc1, 0xff,
    0xc7, 0xbf, 0xff, 0x87, 0x7, 0xff, 0x25, 0xbf,
    0xff, 0x81, 0x0,

    /* U+007C "|" */
    0xff, 0xf9, 0xff, 0xf9, 0xff, 0xf9, 0xff, 0xf9,
    0xff, 0xf9, 0xff, 0xf9, 0xff, 0xf9, 0xff, 0xf9,
    0xff, 0xf9, 0xff, 0xf9, 0xff, 0xf9, 0xff, 0xf9,
    0xff, 0xf9, 0xff, 0xf9, 0xff, 0xf9, 0xff, 0xf9,
    0xff, 0xf9, 0xff, 0xf9, 0xff, 0xf9, 0xff, 0xf9,
    0xff, 0xf9, 0xff, 0xf9, 0xff, 0xf9, 0xff, 0xf9,
    0xff, 0xf9, 0xff, 0xf9, 0xff, 0xf9, 0xff, 0xf9,
    0xff, 0xf9, 0xff, 0xf9, 0xff, 0xf9, 0xff, 0xf9,
    0xff, 0xf9, 0xff, 0xf9, 0xff, 0xf9, 0xff, 0xf9,
    0xff, 0xf9, 0xff, 0xf9, 0xff, 0xf9, 0xff, 0xf9,
    0xff, 0xf9, 0xff, 0xf9, 0xff, 0xf9, 0xff, 0xf9,
    0xff, 0xf9, 0xff, 0xf9, 0xff, 0xf9, 0xff, 0xf9,
    0xff, 0xf9, 0xff, 0xf9, 0xff, 0xf9, 0xff, 0xf9,
    0xff, 0xf9, 0xff, 0xf9, 0xff, 0xf9, 0xff, 0xf9,
    0xff, 0xf9, 0xff, 0xf9, 0xff, 0xf9, 0xff, 0xf9,
    0xff, 0xf9, 0xff, 0xf9, 0xff, 0xf9, 0xff, 0xf9,
    0xff, 0xf9, 0xff, 0xf9, 0xff, 0xf9, 0xff, 0xf9,
    0xff, 0xf9, 0xff, 0xf9, 0xff, 0xf9, 0xff, 0xf9,
    0xff, 0xf9, 0xff, 0xf9, 0xff, 0xf9, 0xff, 0xf9,
    0xff, 0xf9, 0xff, 0xf9, 0xff, 0xf9, 0xff, 0xf9,
    0xff, 0xf9, 0xff, 0xf9, 0xff, 0xf9, 0xff, 0xf9,
    0xff, 0xf9, 0xff, 0xf9, 0xff, 0xf9, 0xff, 0xf9,
    0xff, 0xf9, 0xff, 0xf9, 0xff, 0xf9, 0xff, 0xf9,
    0xff, 0xf9, 0xff, 0xf9, 0xff, 0xf9, 0xff, 0xf9,
    0xff, 0xf9, 0xff, 0xf9, 0xff, 0xf9, 0xff, 0xf9,
    0xff, 0xf9,

    /* U+007D "}" */
    0xbf, 0xfe, 0xa2, 0x1f, 0xfc, 0x9b, 0xff, 0xf8,
    0x68, 0x7f, 0xf1, 0xef, 0xff, 0xe2, 0x87, 0xff,
    0x1a, 0xff, 0xfe, 0x32, 0x1f, 0xfc, 0x4b, 0xff,
    0xf8, 0xe8, 0x7f, 0xf0, 0xef, 0xff, 0xe4, 0x21,
    0xff, 0xc2, 0xbf, 0xff, 0x92, 0x1f, 0xfc, 0x2b,
    0xff, 0xf9, 0x30, 0x7f, 0xf0, 0x6f, 0xff, 0xe5,
    0x21, 0xff, 0xc0, 0xbf, 0xff, 0x95, 0x7, 0xff,
    0x25, 0xff, 0xfe, 0x10, 0x7f, 0xf2, 0xff, 0xff,
    0x82, 0x87, 0xff, 0x2f, 0xff, 0xf8, 0x10, 0x7f,
    0xf2, 0xef, 0xff, 0xe0, 0x7, 0xff, 0x2d, 0xff,
    0xfe, 0x0, 0x7f, 0xf3, 0x3f, 0xff, 0x80, 0x1f,
    0xfc, 0xcf, 0xff, 0xe0, 0x7, 0xff, 0x33, 0xff,
    0xf8, 0x1, 0xff, 0xcc, 0xff, 0xfe, 0x0, 0x7f,
    0xf3, 0x3f, 0xff, 0x80, 0x1f, 0xfc, 0xcf, 0xff,
    0xe0, 0x7, 0xff, 0x33, 0xff, 0xf8, 0x1, 0xff,
    0xcc, 0xff, 0xfe, 0x0, 0x7f, 0xf3, 0x3f, 0xff,
    0x80, 0x1f, 0xfc, 0xcf, 0xff, 0xe0, 0x7, 0xff,
    0x33, 0xff, 0xf8, 0x1, 0xff, 0xcc, 0xff, 0xfe,
    0x0, 0x7f, 0xf3, 0x3f, 0xff, 0x80, 0x1f, 0xfc,
    0xcf, 0xff, 0xe0, 0x7, 0xff, 0x33, 0xff, 0xf8,
    0x1, 0xff, 0xcc, 0xff, 0xfe, 0x0, 0x7f, 0xf3,
    0x3f, 0xff, 0x80, 0x1f, 0xfc, 0xcf, 0xff, 0xe0,
    0x7, 0xff, 0x33, 0xff, 0xf8, 0x1, 0xff, 0xcc,
    0xff, 0xfe, 0x0, 0x7f, 0xf3, 0x3f, 0xff, 0x80,
    0x1f, 0xfc, 0xcf, 0xff, 0xe0, 0x7, 0xff, 0x33,
    0xff, 0xf8, 0x1, 0xff, 0xcc, 0xff, 0xfe, 0x0,
    0x7f, 0xf3, 0x3f, 0xff, 0x80, 0x1f, 0xfc, 0xcb,
    0xff, 0xe4, 0x3f, 0xf9, 0x77, 0xff, 0xd0, 0x7f,
    0xf2, 0xef, 0xff, 0xe0, 0x7, 0xff, 0x2d, 0xff,
    0xfe, 0x2, 0x1f, 0xfc, 0xbf, 0xff, 0xe0, 0x87,
    0xff, 0x2f, 0xff, 0xf8, 0x28, 0x7f, 0xf2, 0x9f,
    0xff, 0xe0, 0x87, 0xff, 0x2f, 0xff, 0xf8, 0x41,
    0xff, 0xca, 0x7f, 0xff, 0x84, 0x87, 0xff, 0x27,
    0xff, 0xf8, 0x88, 0x7f, 0xf2, 0x3f, 0xff, 0x8d,
    0x7, 0xff, 0x1b, 0xff, 0xf8, 0xc1, 0xff, 0xc7,
    0xff, 0xfe, 0x28, 0x7f, 0xf2, 0x2f, 0xff, 0xe1,
    0x87, 0xff, 0x2a, 0xff, 0xfe, 0x8, 0x7f, 0xf3,
    0x3f, 0xff, 0x80, 0x1f, 0xfc, 0x97, 0xff, 0xf8,
    0x41, 0xff, 0xc7, 0x7f, 0xff, 0x88, 0x1f, 0xfc,
    0x6b, 0xff, 0xf8, 0xa1, 0xff, 0xc5, 0xbf, 0xff,
    0x8c, 0x1f, 0xfc, 0x47, 0xff, 0xf8, 0xe1, 0xff,
    0xc4, 0xff, 0xfe, 0x24, 0x87, 0xff, 0x16, 0xff,
    0xfe, 0x12, 0x1f, 0xfc, 0x77, 0xff, 0xf8, 0x41,
    0xff, 0xc9, 0xbf, 0xff, 0x82, 0x1f, 0xfc, 0xaf,
    0xff, 0xe0, 0xa1, 0xff, 0xca, 0xff, 0xfe, 0x8,
    0x7f, 0xf2, 0x9f, 0xff, 0xe0, 0x21, 0xff, 0xca,
    0xbf, 0xff, 0x80, 0x1f, 0xfc, 0xbb, 0xff, 0xe8,
    0x3f, 0xf9, 0x77, 0xff, 0xc8, 0x7f, 0xf2, 0xff,
    0xff, 0x80, 0x1f, 0xfc, 0xcf, 0xff, 0xe0, 0x7,
    0xff, 0x33, 0xff, 0xf8, 0x1, 0xff, 0xcc, 0xff,
    0xfe, 0x0, 0x7f, 0xf3, 0x3f, 0xff, 0x80, 0x1f,
    0xfc, 0xcf, 0xff, 0xe0, 0x7, 0xff, 0x33, 0xff,
    0xf8, 0x1, 0xff, 0xcc, 0xff, 0xfe, 0x0, 0x7f,
    0xf3, 0x3f, 0xff, 0x80, 0x1f, 0xfc, 0xcf, 0xff,
    0xe0, 0x7, 0xff, 0x33, 0xff, 0xf8, 0x1, 0xff,
    0xcc, 0xff, 0xfe, 0x0, 0x7f, 0xf3, 0x3f, 0xff,
    0x80, 0x1f, 0xfc, 0xcf, 0xff, 0xe0, 0x7, 0xff,
    0x33, 0xff, 0xf8, 0x1, 0xff, 0xcc, 0xff, 0xfe,
    0x0, 0x7f, 0xf3, 0x3f, 0xff, 0x80, 0x1f, 0xfc,
    0xcf, 0xff, 0xe0, 0x7, 0xff, 0x33, 0xff, 0xf8,
    0x1, 0xff, 0xcc, 0xff, 0xfe, 0x0, 0x7f, 0xf3,
    0x3f, 0xff, 0x80, 0x1f, 0xfc, 0xcf, 0xff, 0xe0,
    0x7, 0xff, 0x33, 0xff, 0xf8, 0x1, 0xff, 0xcc,
    0xff, 0xfe, 0x0, 0x7f, 0xf3, 0x3f, 0xff, 0x80,
    0x1f, 0xfc, 0xb7, 0xff, 0xf8, 0x1, 0xff, 0xcb,
    0xbf, 0xff, 0x80, 0x1f, 0xfc, 0xbf, 0xff, 0xe0,
    0x41, 0xff, 0xca, 0xbf, 0xff, 0x80, 0x87, 0xff,
    0x21, 0xff, 0xfe, 0x10, 0x7f, 0xf0, 0x2f, 0xff,
    0xe5, 0x87, 0xff, 0x2, 0xff, 0xfe, 0x52, 0x1f,
    0xfc, 0xb, 0xff, 0xf9, 0x41, 0xff, 0xc1, 0xbf,
    0xff, 0x92, 0x1f, 0xfc, 0x2b, 0xff, 0xf9, 0x8,
    0x7f, 0xf0, 0xaf, 0xff, 0xe3, 0xa1, 0xff, 0xc3,
    0xbf, 0xff, 0x8c, 0x87, 0xff, 0x12, 0xff, 0xfe,
    0x2a, 0x1f, 0xfc, 0x5b, 0xff, 0xf8, 0x70, 0x7f,
    0xf1, 0xef, 0xff, 0xe0, 0x48, 0x7f, 0xf2, 0x40,

    /* U+007E "~" */
    0xf, 0xfe, 0x1b, 0x7f, 0x48, 0x7f, 0xf5, 0x10,
    0xff, 0xe3, 0xdf, 0xff, 0x41, 0xff, 0xd1, 0xf2,
    0x1f, 0xfc, 0x4b, 0xff, 0xf8, 0x88, 0x7f, 0xf3,
    0x7f, 0x41, 0xff, 0xc2, 0xff, 0xfe, 0x42, 0x1f,
    0xfc, 0xaf, 0xf8, 0x3f, 0xe7, 0xff, 0xf9, 0x68,
    0x7f, 0xf1, 0xef, 0xfc, 0x1f, 0xcf, 0xff, 0xf3,
    0x90, 0xff, 0xe2, 0x5f, 0xfe, 0x43, 0xcf, 0xff,
    0xf4, 0x50, 0xff, 0xe0, 0xdf, 0xff, 0x21, 0xcf,
    0xff, 0xf5, 0x10, 0xff, 0x7f, 0xff, 0x2, 0xe,
    0x7f, 0xff, 0xaf, 0x21, 0x9b, 0xff, 0xf8, 0x10,
    0x7b, 0xff, 0xfd, 0x81, 0xef, 0xff, 0xf6, 0x7,
    0xbf, 0xff, 0x83, 0x21, 0x9f, 0xff, 0xec, 0x7,
    0xaf, 0xff, 0xe0, 0x7, 0xfa, 0xff, 0xfe, 0xa2,
    0x1c, 0xff, 0xfd, 0x7, 0xff, 0x6, 0xff, 0xfe,
    0x8a, 0x1e, 0x7f, 0xfd, 0x7, 0xff, 0x12, 0xff,
    0xfe, 0x70, 0x7f, 0x3f, 0xfa, 0xf, 0xfe, 0x3d,
    0xff, 0xfc, 0xb0, 0xff, 0xe0, 0x7f, 0xa0, 0xff,
    0xe5, 0x5f, 0xff, 0xc8, 0xf, 0xfe, 0x15, 0xf8,
    0x3f, 0xf9, 0xaf, 0xff, 0xf1, 0x10, 0xff, 0xe2,
    0x5e, 0xf, 0xfe, 0x83, 0xff, 0xfc, 0x8, 0x3f,
    0xf8, 0xea, 0xf, 0xfe, 0x9b, 0x7f, 0x48, 0x7f,
    0xf0, 0xc0
};


/*---------------------
 *  GLYPH DESCRIPTION
 *--------------------*/

static const lv_font_fmt_txt_glyph_dsc_t glyph_dsc[] = {
    {.bitmap_index = 0, .adv_w = 0, .box_w = 0, .box_h = 0, .ofs_x = 0, .ofs_y = 0} /* id = 0 reserved */,
    {.bitmap_index = 0, .adv_w = 459, .box_w = 0, .box_h = 0, .ofs_x = 0, .ofs_y = 0},
    {.bitmap_index = 0, .adv_w = 578, .box_w = 18, .box_h = 89, .ofs_x = 9, .ofs_y = 1},
    {.bitmap_index = 298, .adv_w = 659, .box_w = 31, .box_h = 32, .ofs_x = 5, .ofs_y = 59},
    {.bitmap_index = 468, .adv_w = 1208, .box_w = 70, .box_h = 88, .ofs_x = 3, .ofs_y = 2},
    {.bitmap_index = 1190, .adv_w = 1075, .box_w = 62, .box_h = 109, .ofs_x = 3, .ofs_y = -9},
    {.bitmap_index = 1994, .adv_w = 1699, .box_w = 98, .box_h = 92, .ofs_x = 4, .ofs_y = 0},
    {.bitmap_index = 3144, .adv_w = 1340, .box_w = 82, .box_h = 92, .ofs_x = 2, .ofs_y = 0},
    {.bitmap_index = 4048, .adv_w = 332, .box_w = 11, .box_h = 32, .ofs_x = 5, .ofs_y = 59},
    {.bitmap_index = 4112, .adv_w = 584, .box_w = 29, .box_h = 111, .ofs_x = 7, .ofs_y = -11},
    {.bitmap_index = 4688, .adv_w = 584, .box_w = 29, .box_h = 111, .ofs_x = 1, .ofs_y = -11},
    {.bitmap_index = 5265, .adv_w = 904, .box_w = 51, .box_h = 47, .ofs_x = 3, .ofs_y = 43},
    {.bitmap_index = 5571, .adv_w = 1137, .box_w = 65, .box_h = 64, .ofs_x = 3, .ofs_y = 8},
    {.bitmap_index = 5861, .adv_w = 478, .box_w = 18, .box_h = 34, .ofs_x = 6, .ofs_y = -16},
    {.bitmap_index = 5972, .adv_w = 948, .box_w = 46, .box_h = 11, .ofs_x = 7, .ofs_y = 35},
    {.bitmap_index = 6004, .adv_w = 536, .box_w = 18, .box_h = 18, .ofs_x = 8, .ofs_y = 1},
    {.bitmap_index = 6063, .adv_w = 791, .box_w = 46, .box_h = 88, .ofs_x = 2, .ofs_y = 1},
    {.bitmap_index = 6520, .adv_w = 1119, .box_w = 58, .box_h = 92, .ofs_x = 6, .ofs_y = 0},
    {.bitmap_index = 7280, .adv_w = 1119, .box_w = 30, .box_h = 89, .ofs_x = 15, .ofs_y = 1},
    {.bitmap_index = 7740, .adv_w = 1119, .box_w = 57, .box_h = 90, .ofs_x = 7, .ofs_y = 1},
    {.bitmap_index = 8266, .adv_w = 1119, .box_w = 59, .box_h = 92, .ofs_x = 5, .ofs_y = 0},
    {.bitmap_index = 8889, .adv_w = 1119, .box_w = 58, .box_h = 89, .ofs_x = 6, .ofs_y = 1},
    {.bitmap_index = 9528, .adv_w = 1119, .box_w = 59, .box_h = 90, .ofs_x = 5, .ofs_y = 0},
    {.bitmap_index = 10094, .adv_w = 1119, .box_w = 60, .box_h = 90, .ofs_x = 5, .ofs_y = 0},
    {.bitmap_index = 10725, .adv_w = 1119, .box_w = 56, .box_h = 89, .ofs_x = 7, .ofs_y = 2},
    {.bitmap_index = 11187, .adv_w = 1119, .box_w = 60, .box_h = 92, .ofs_x = 5, .ofs_y = 0},
    {.bitmap_index = 11921, .adv_w = 1119, .box_w = 60, .box_h = 90, .ofs_x = 5, .ofs_y = 1},
    {.bitmap_index = 12552, .adv_w = 578, .box_w = 18, .box_h = 63, .ofs_x = 9, .ofs_y = 1},
    {.bitmap_index = 12688, .adv_w = 572, .box_w = 18, .box_h = 80, .ofs_x = 9, .ofs_y = -16},
    {.bitmap_index = 12875, .adv_w = 1244, .box_w = 64, .box_h = 69, .ofs_x = 5, .ofs_y = 6},
    {.bitmap_index = 13249, .adv_w = 1131, .box_w = 65, .box_h = 32, .ofs_x = 3, .ofs_y = 25},
    {.bitmap_index = 13341, .adv_w = 1244, .box_w = 65, .box_h = 69, .ofs_x = 8, .ofs_y = 6},
    {.bitmap_index = 13715, .adv_w = 998, .box_w = 54, .box_h = 91, .ofs_x = 3, .ofs_y = 1},
    {.bitmap_index = 14215, .adv_w = 1542, .box_w = 91, .box_h = 92, .ofs_x = 3, .ofs_y = 0},
    {.bitmap_index = 15346, .adv_w = 1325, .box_w = 83, .box_h = 88, .ofs_x = 0, .ofs_y = 1},
    {.bitmap_index = 16107, .adv_w = 1252, .box_w = 65, .box_h = 89, .ofs_x = 9, .ofs_y = 1},
    {.bitmap_index = 16749, .adv_w = 1336, .box_w = 77, .box_h = 92, .ofs_x = 4, .ofs_y = 0},
    {.bitmap_index = 17375, .adv_w = 1411, .box_w = 75, .box_h = 89, .ofs_x = 9, .ofs_y = 1},
    {.bitmap_index = 18070, .adv_w = 1173, .box_w = 61, .box_h = 89, .ofs_x = 9, .ofs_y = 1},
    {.bitmap_index = 18474, .adv_w = 1081, .box_w = 57, .box_h = 88, .ofs_x = 9, .ofs_y = 2},
    {.bitmap_index = 18895, .adv_w = 1373, .box_w = 78, .box_h = 92, .ofs_x = 4, .ofs_y = 0},
    {.bitmap_index = 19594, .adv_w = 1352, .box_w = 71, .box_h = 89, .ofs_x = 7, .ofs_y = 1},
    {.bitmap_index = 20296, .adv_w = 444, .box_w = 14, .box_h = 89, .ofs_x = 7, .ofs_y = 1},
    {.bitmap_index = 20574, .adv_w = 956, .box_w = 50, .box_h = 90, .ofs_x = 2, .ofs_y = 0},
    {.bitmap_index = 21118, .adv_w = 1225, .box_w = 69, .box_h = 89, .ofs_x = 7, .ofs_y = 1},
    {.bitmap_index = 22001, .adv_w = 1044, .box_w = 58, .box_h = 88, .ofs_x = 7, .ofs_y = 1},
    {.bitmap_index = 22476, .adv_w = 1665, .box_w = 90, .box_h = 89, .ofs_x = 7, .ofs_y = 1},
    {.bitmap_index = 23631, .adv_w = 1365, .box_w = 71, .box_h = 89, .ofs_x = 7, .ofs_y = 1},
    {.bitmap_index = 24575, .adv_w = 1519, .box_w = 87, .box_h = 92, .ofs_x = 4, .ofs_y = 0},
    {.bitmap_index = 25380, .adv_w = 1212, .box_w = 65, .box_h = 89, .ofs_x = 9, .ofs_y = 1},
    {.bitmap_index = 25949, .adv_w = 1519, .box_w = 87, .box_h = 99, .ofs_x = 4, .ofs_y = -7},
    {.bitmap_index = 26855, .adv_w = 1281, .box_w = 68, .box_h = 88, .ofs_x = 9, .ofs_y = 2},
    {.bitmap_index = 27614, .adv_w = 1089, .box_w = 63, .box_h = 92, .ofs_x = 2, .ofs_y = 0},
    {.bitmap_index = 28191, .adv_w = 1127, .box_w = 68, .box_h = 89, .ofs_x = 1, .ofs_y = 1},
    {.bitmap_index = 28672, .adv_w = 1375, .box_w = 70, .box_h = 90, .ofs_x = 8, .ofs_y = 0},
    {.bitmap_index = 29236, .adv_w = 1261, .box_w = 79, .box_h = 88, .ofs_x = 0, .ofs_y = 1},
    {.bitmap_index = 30067, .adv_w = 1874, .box_w = 115, .box_h = 88, .ofs_x = 1, .ofs_y = 1},
    {.bitmap_index = 31465, .adv_w = 1215, .box_w = 76, .box_h = 89, .ofs_x = 0, .ofs_y = 1},
    {.bitmap_index = 32284, .adv_w = 1188, .box_w = 74, .box_h = 88, .ofs_x = 0, .ofs_y = 1},
    {.bitmap_index = 32961, .adv_w = 1104, .box_w = 65, .box_h = 89, .ofs_x = 2, .ofs_y = 1},
    {.bitmap_index = 33410, .adv_w = 595, .box_w = 24, .box_h = 111, .ofs_x = 13, .ofs_y = -11},
    {.bitmap_index = 33946, .adv_w = 791, .box_w = 46, .box_h = 88, .ofs_x = 2, .ofs_y = 1},
    {.bitmap_index = 34399, .adv_w = 595, .box_w = 24, .box_h = 111, .ofs_x = 0, .ofs_y = -11},
    {.bitmap_index = 34935, .adv_w = 1133, .box_w = 65, .box_h = 50, .ofs_x = 3, .ofs_y = 40},
    {.bitmap_index = 35337, .adv_w = 1023, .box_w = 64, .box_h = 10, .ofs_x = 0, .ofs_y = -10},
    {.bitmap_index = 35366, .adv_w = 639, .box_w = 25, .box_h = 19, .ofs_x = 6, .ofs_y = 76},
    {.bitmap_index = 35458, .adv_w = 1043, .box_w = 55, .box_h = 66, .ofs_x = 4, .ofs_y = 0},
    {.bitmap_index = 35937, .adv_w = 1160, .box_w = 62, .box_h = 93, .ofs_x = 7, .ofs_y = 0},
    {.bitmap_index = 36624, .adv_w = 983, .box_w = 58, .box_h = 66, .ofs_x = 3, .ofs_y = 0},
    {.bitmap_index = 37052, .adv_w = 1158, .box_w = 63, .box_h = 93, .ofs_x = 3, .ofs_y = 0},
    {.bitmap_index = 37776, .adv_w = 1064, .box_w = 61, .box_h = 66, .ofs_x = 3, .ofs_y = 0},
    {.bitmap_index = 38231, .adv_w = 597, .box_w = 40, .box_h = 94, .ofs_x = 0, .ofs_y = 1},
    {.bitmap_index = 38734, .adv_w = 1146, .box_w = 62, .box_h = 92, .ofs_x = 3, .ofs_y = -26},
    {.bitmap_index = 39465, .adv_w = 1102, .box_w = 56, .box_h = 92, .ofs_x = 7, .ofs_y = 1},
    {.bitmap_index = 40128, .adv_w = 488, .box_w = 17, .box_h = 90, .ofs_x = 7, .ofs_y = 1},
    {.bitmap_index = 40428, .adv_w = 463, .box_w = 30, .box_h = 117, .ofs_x = -7, .ofs_y = -26},
    {.bitmap_index = 40990, .adv_w = 1029, .box_w = 58, .box_h = 92, .ofs_x = 7, .ofs_y = 1},
    {.bitmap_index = 41697, .adv_w = 432, .box_w = 13, .box_h = 92, .ofs_x = 7, .ofs_y = 1},
    {.bitmap_index = 41916, .adv_w = 1753, .box_w = 96, .box_h = 65, .ofs_x = 7, .ofs_y = 1},
    {.bitmap_index = 42807, .adv_w = 1106, .box_w = 56, .box_h = 65, .ofs_x = 7, .ofs_y = 1},
    {.bitmap_index = 43354, .adv_w = 1116, .box_w = 63, .box_h = 66, .ofs_x = 3, .ofs_y = 0},
    {.bitmap_index = 43891, .adv_w = 1165, .box_w = 63, .box_h = 91, .ofs_x = 7, .ofs_y = -25},
    {.bitmap_index = 44598, .adv_w = 1165, .box_w = 63, .box_h = 91, .ofs_x = 3, .ofs_y = -25},
    {.bitmap_index = 45299, .adv_w = 707, .box_w = 38, .box_h = 65, .ofs_x = 7, .ofs_y = 1},
    {.bitmap_index = 45670, .adv_w = 897, .box_w = 51, .box_h = 66, .ofs_x = 2, .ofs_y = 0},
    {.bitmap_index = 46077, .adv_w = 708, .box_w = 43, .box_h = 84, .ofs_x = 0, .ofs_y = 0},
    {.bitmap_index = 46528, .adv_w = 1085, .box_w = 54, .box_h = 65, .ofs_x = 6, .ofs_y = 0},
    {.bitmap_index = 47052, .adv_w = 960, .box_w = 60, .box_h = 64, .ofs_x = 0, .ofs_y = 1},
    {.bitmap_index = 47602, .adv_w = 1482, .box_w = 91, .box_h = 64, .ofs_x = 1, .ofs_y = 1},
    {.bitmap_index = 48499, .adv_w = 1064, .box_w = 64, .box_h = 64, .ofs_x = 1, .ofs_y = 1},
    {.bitmap_index = 49060, .adv_w = 977, .box_w = 61, .box_h = 91, .ofs_x = 0, .ofs_y = -26},
    {.bitmap_index = 49752, .adv_w = 929, .box_w = 52, .box_h = 64, .ofs_x = 3, .ofs_y = 1},
    {.bitmap_index = 50061, .adv_w = 593, .box_w = 36, .box_h = 111, .ofs_x = 1, .ofs_y = -11},
    {.bitmap_index = 50664, .adv_w = 440, .box_w = 12, .box_h = 101, .ofs_x = 8, .ofs_y = -5},
    {.bitmap_index = 50866, .adv_w = 593, .box_w = 36, .box_h = 111, .ofs_x = 0, .ofs_y = -11},
    {.bitmap_index = 51466, .adv_w = 1133, .box_w = 63, .box_h = 20, .ofs_x = 4, .ofs_y = 31}
};

/*---------------------
 *  CHARACTER MAPPING
 *--------------------*/



/*Collect the unicode lists and glyph_id offsets*/
static const lv_font_fmt_txt_cmap_t cmaps[] =
{
    {
        .range_start = 32, .range_length = 95, .glyph_id_start = 1,
        .unicode_list = NULL, .glyph_id_ofs_list = NULL, .list_length = 0, .type = LV_FONT_FMT_TXT_CMAP_FORMAT0_TINY
    }
};

/*-----------------
 *    KERNING
 *----------------*/


/*Pair left and right glyphs for kerning*/
static const uint8_t kern_pair_glyph_ids[] =
{
    3, 34,
    3, 43,
    7, 52,
    8, 34,
    8, 43,
    13, 53,
    13, 58,
    15, 53,
    15, 58,
    34, 3,
    34, 8,
    34, 36,
    34, 40,
    34, 43,
    34, 48,
    34, 50,
    34, 53,
    34, 54,
    34, 55,
    34, 56,
    34, 58,
    34, 66,
    34, 68,
    34, 69,
    34, 70,
    34, 72,
    34, 74,
    34, 76,
    34, 80,
    34, 82,
    34, 85,
    34, 86,
    34, 87,
    34, 88,
    34, 90,
    35, 53,
    35, 55,
    35, 58,
    35, 87,
    35, 90,
    36, 34,
    36, 53,
    36, 58,
    36, 66,
    36, 73,
    36, 74,
    36, 75,
    36, 78,
    36, 79,
    36, 83,
    36, 84,
    36, 87,
    36, 88,
    36, 89,
    36, 90,
    37, 13,
    37, 15,
    37, 34,
    37, 53,
    37, 55,
    37, 58,
    37, 59,
    37, 89,
    39, 13,
    39, 15,
    39, 34,
    39, 43,
    39, 66,
    39, 68,
    39, 69,
    39, 70,
    39, 72,
    39, 80,
    39, 82,
    39, 84,
    39, 89,
    44, 66,
    44, 68,
    44, 69,
    44, 70,
    44, 72,
    44, 80,
    44, 82,
    44, 84,
    44, 85,
    44, 86,
    44, 87,
    44, 88,
    44, 90,
    45, 3,
    45, 8,
    45, 36,
    45, 40,
    45, 48,
    45, 50,
    45, 53,
    45, 55,
    45, 56,
    45, 58,
    45, 68,
    45, 69,
    45, 70,
    45, 72,
    45, 80,
    45, 82,
    45, 86,
    45, 87,
    45, 88,
    45, 90,
    48, 13,
    48, 15,
    48, 34,
    48, 53,
    48, 55,
    48, 58,
    48, 59,
    48, 89,
    49, 13,
    49, 15,
    49, 34,
    49, 43,
    49, 66,
    49, 68,
    49, 69,
    49, 70,
    49, 72,
    49, 80,
    49, 82,
    49, 84,
    49, 89,
    50, 53,
    50, 55,
    50, 58,
    51, 36,
    51, 40,
    51, 43,
    51, 48,
    51, 50,
    51, 53,
    51, 55,
    51, 56,
    51, 58,
    51, 59,
    51, 66,
    51, 68,
    51, 69,
    51, 70,
    51, 72,
    51, 74,
    51, 75,
    51, 78,
    51, 79,
    51, 80,
    51, 82,
    51, 83,
    51, 84,
    51, 86,
    51, 87,
    51, 90,
    53, 13,
    53, 15,
    53, 34,
    53, 36,
    53, 40,
    53, 43,
    53, 48,
    53, 50,
    53, 58,
    53, 66,
    53, 68,
    53, 69,
    53, 70,
    53, 72,
    53, 74,
    53, 75,
    53, 78,
    53, 79,
    53, 80,
    53, 82,
    53, 83,
    53, 84,
    53, 85,
    53, 86,
    53, 87,
    53, 88,
    53, 89,
    53, 90,
    53, 91,
    54, 13,
    54, 15,
    54, 66,
    54, 68,
    54, 69,
    54, 70,
    54, 72,
    54, 80,
    54, 82,
    54, 89,
    55, 13,
    55, 15,
    55, 34,
    55, 36,
    55, 40,
    55, 43,
    55, 48,
    55, 50,
    55, 66,
    55, 68,
    55, 69,
    55, 70,
    55, 72,
    55, 78,
    55, 79,
    55, 80,
    55, 81,
    55, 82,
    55, 83,
    55, 84,
    55, 86,
    55, 87,
    55, 88,
    55, 89,
    55, 90,
    55, 91,
    56, 13,
    56, 15,
    56, 34,
    56, 43,
    56, 66,
    56, 68,
    56, 69,
    56, 70,
    56, 72,
    56, 78,
    56, 79,
    56, 80,
    56, 81,
    56, 82,
    56, 83,
    56, 84,
    56, 87,
    56, 90,
    56, 91,
    57, 66,
    57, 68,
    57, 69,
    57, 70,
    57, 72,
    57, 80,
    57, 82,
    57, 84,
    58, 13,
    58, 15,
    58, 34,
    58, 36,
    58, 40,
    58, 43,
    58, 48,
    58, 50,
    58, 66,
    58, 68,
    58, 69,
    58, 70,
    58, 72,
    58, 74,
    58, 78,
    58, 79,
    58, 80,
    58, 81,
    58, 82,
    58, 83,
    58, 84,
    58, 86,
    58, 87,
    58, 88,
    58, 89,
    58, 90,
    58, 91,
    59, 36,
    59, 40,
    59, 48,
    59, 50,
    59, 66,
    59, 68,
    59, 69,
    59, 70,
    59, 72,
    59, 80,
    59, 82,
    60, 75,
    66, 55,
    66, 87,
    66, 88,
    66, 89,
    66, 90,
    67, 34,
    67, 55,
    67, 58,
    67, 75,
    67, 87,
    67, 88,
    67, 89,
    67, 90,
    67, 91,
    68, 55,
    68, 58,
    68, 66,
    68, 68,
    68, 69,
    68, 70,
    68, 72,
    68, 80,
    68, 82,
    68, 87,
    68, 88,
    68, 89,
    70, 55,
    70, 58,
    70, 66,
    70, 78,
    70, 79,
    70, 83,
    70, 87,
    70, 88,
    70, 89,
    70, 90,
    71, 53,
    71, 55,
    71, 57,
    71, 58,
    71, 68,
    71, 69,
    71, 70,
    71, 72,
    71, 80,
    71, 82,
    71, 94,
    73, 58,
    73, 66,
    73, 87,
    73, 88,
    73, 89,
    73, 90,
    74, 75,
    74, 89,
    75, 89,
    76, 55,
    76, 58,
    76, 66,
    76, 67,
    76, 68,
    76, 69,
    76, 70,
    76, 72,
    76, 73,
    76, 74,
    76, 75,
    76, 78,
    76, 79,
    76, 80,
    76, 81,
    76, 82,
    76, 83,
    76, 84,
    76, 90,
    77, 89,
    78, 58,
    78, 66,
    78, 87,
    78, 88,
    78, 89,
    78, 90,
    79, 58,
    79, 66,
    79, 87,
    79, 88,
    79, 89,
    79, 90,
    80, 34,
    80, 55,
    80, 58,
    80, 75,
    80, 87,
    80, 88,
    80, 89,
    80, 90,
    80, 91,
    81, 34,
    81, 55,
    81, 58,
    81, 75,
    81, 87,
    81, 88,
    81, 89,
    81, 90,
    81, 91,
    82, 55,
    83, 13,
    83, 15,
    83, 66,
    83, 68,
    83, 69,
    83, 70,
    83, 72,
    83, 74,
    83, 75,
    83, 80,
    83, 82,
    83, 84,
    84, 53,
    84, 55,
    84, 85,
    84, 87,
    84, 88,
    84, 89,
    84, 90,
    85, 3,
    85, 8,
    85, 10,
    85, 55,
    85, 58,
    85, 62,
    85, 67,
    85, 85,
    85, 94,
    86, 55,
    86, 58,
    86, 66,
    86, 89,
    87, 13,
    87, 15,
    87, 55,
    87, 58,
    87, 66,
    87, 68,
    87, 69,
    87, 70,
    87, 72,
    87, 75,
    87, 80,
    87, 82,
    87, 84,
    87, 89,
    88, 13,
    88, 15,
    88, 55,
    88, 58,
    88, 66,
    88, 68,
    88, 69,
    88, 70,
    88, 72,
    88, 80,
    88, 82,
    88, 84,
    88, 87,
    88, 88,
    88, 89,
    88, 90,
    89, 55,
    89, 58,
    89, 66,
    89, 68,
    89, 69,
    89, 70,
    89, 72,
    89, 74,
    89, 75,
    89, 76,
    89, 77,
    89, 78,
    89, 79,
    89, 80,
    89, 82,
    89, 83,
    89, 84,
    89, 85,
    89, 86,
    89, 87,
    89, 88,
    90, 13,
    90, 15,
    90, 53,
    90, 55,
    90, 58,
    90, 66,
    90, 68,
    90, 69,
    90, 70,
    90, 71,
    90, 72,
    90, 80,
    90, 81,
    90, 82,
    90, 88,
    90, 89,
    91, 55,
    91, 58,
    91, 66,
    91, 68,
    91, 69,
    91, 70,
    91, 72,
    91, 80,
    91, 82,
    92, 75
};

/* Kerning between the respective left and right glyphs
 * 4.4 format which needs to scaled with `kern_scale`*/
static const int8_t kern_pair_values[] =
{
    -47, -71, -17, -47, -71, -59, -47, -59,
    -47, -47, -47, -13, -13, -2, -13, -13,
    -80, -2, -50, -24, -59, -2, -5, -5,
    -5, -5, -4, -4, -5, -5, -5, -5,
    -8, -8, -7, -47, -14, -24, -2, -1,
    -9, -33, -18, -1, -4, -4, -6, -2,
    -2, -2, -4, -5, -5, -6, -5, -57,
    -57, -13, -59, -14, -47, -24, -2, -59,
    -59, -28, -95, -45, -45, -45, -45, -45,
    -45, -45, -24, -5, -28, -43, -43, -43,
    -43, -43, -43, -5, -5, -5, -11, -11,
    -9, -85, -85, -47, -47, -47, -47, -106,
    -92, -59, -95, -43, -43, -43, -43, -43,
    -43, -33, -54, -66, -54, -57, -57, -13,
    -59, -14, -47, -24, -2, -83, -83, -69,
    -43, -47, -39, -39, -39, -39, -39, -39,
    -4, -2, -45, -17, -35, -13, -13, -24,
    -13, -13, -54, -14, -24, -35, -19, -5,
    -37, -37, -37, -37, -5, -4, -2, -2,
    -37, -37, -2, -5, -4, -2, -2, -83,
    -83, -64, -39, -39, -109, -39, -39, -5,
    -61, -19, -19, -19, -19, -47, -2, -78,
    -78, -19, -19, -78, -95, -57, -78, -43,
    -44, -45, -43, -47, -35, -35, -5, -2,
    -2, -2, -2, -2, -2, -2, -83, -83,
    -80, -24, -24, -99, -24, -24, -64, -64,
    -64, -64, -64, -6, -6, -64, -6, -64,
    -6, -50, -47, -4, -4, -6, -4, -5,
    -59, -59, -24, -71, -44, -38, -38, -38,
    -38, -5, -5, -38, -5, -38, -5, -6,
    -4, -4, -5, -26, -40, -40, -40, -40,
    -40, -40, -14, -83, -83, -92, -24, -24,
    -99, -24, -24, -66, -119, -119, -119, -119,
    -24, -86, -86, -119, -8, -119, -86, -83,
    -61, -30, -30, -32, -30, -30, -24, -24,
    -24, -24, -19, -47, -47, -47, -47, -47,
    -47, 6, -9, -2, -2, -2, -2, -5,
    -8, -14, -4, -22, -18, -25, -13, -2,
    -5, -12, -2, -4, -4, -4, -4, -4,
    -4, -2, -1, -4, -11, -14, -2, -2,
    -2, -2, -5, -4, -14, -1, 33, 40,
    28, 40, -1, -1, -1, -1, -1, -1,
    38, -9, -11, -6, -12, -1, -6, 48,
    -1, -2, -9, -12, -12, -1, -33, -33,
    -33, -33, -4, -24, -5, -14, -14, -33,
    -4, -33, -14, -15, -21, -2, -9, -11,
    -6, -12, -1, -6, -9, -11, -6, -12,
    -1, -6, -5, -8, -14, -4, -22, -18,
    -25, -13, -2, -5, -8, -14, -4, -22,
    -18, -25, -13, -2, -6, -47, -47, -44,
    -43, -43, -43, -43, -5, -5, -43, -43,
    -9, -9, -8, -20, -24, -22, -24, -24,
    6, 6, 45, 60, -2, 50, 9, 2,
    45, -5, -8, -1, -2, -59, -59, -4,
    -8, -6, -25, -25, -25, -25, -4, -25,
    -25, -5, -12, -47, -47, -4, -8, -27,
    -19, -19, -19, -19, -19, -19, -5, -7,
    -9, -9, -7, -6, -11, -33, -25, -25,
    -25, -25, -2, -1, -1, -1, -4, -4,
    -25, -25, -4, -15, -1, -2, -12, -12,
    -59, -59, -5, -4, -8, -5, -18, -18,
    -18, 2, -18, -18, -1, -18, -5, -12,
    -5, -8, -11, -21, -21, -21, -21, -21,
    -21, 17
};

/*Collect the kern pair's data in one place*/
static const lv_font_fmt_txt_kern_pair_t kern_pairs =
{
    .glyph_ids = kern_pair_glyph_ids,
    .values = kern_pair_values,
    .pair_cnt = 506,
    .glyph_ids_size = 0
};

/*--------------------
 *  ALL CUSTOM DATA
 *--------------------*/

#if LVGL_VERSION_MAJOR == 8
/*Store all the custom data of the font*/
static  lv_font_fmt_txt_glyph_cache_t cache;
#endif

#if LVGL_VERSION_MAJOR >= 8
static const lv_font_fmt_txt_dsc_t font_dsc = {
#else
static lv_font_fmt_txt_dsc_t font_dsc = {
#endif
    .glyph_bitmap = glyph_bitmap,
    .glyph_dsc = glyph_dsc,
    .cmaps = cmaps,
    .kern_dsc = &kern_pairs,
    .kern_scale = 26,
    .cmap_num = 1,
    .bpp = 2,
    .kern_classes = 0,
    .bitmap_format = 2,
#if LVGL_VERSION_MAJOR == 8
    .cache = &cache
#endif
};



/*-----------------
 *  PUBLIC FONT
 *----------------*/

/*Initialize a public general font descriptor*/
#if LVGL_VERSION_MAJOR >= 8
const lv_font_t ui_font_HONOR_M_120 = {
#else
lv_font_t ui_font_HONOR_M_120 = {
#endif
    .get_glyph_dsc = lv_font_get_glyph_dsc_fmt_txt,    /*Function pointer to get glyph's data*/
    .get_glyph_bitmap = lv_font_get_bitmap_fmt_txt,    /*Function pointer to get glyph's bitmap*/
    .line_height = 126,          /*The maximum line height required by the font*/
    .base_line = 26,             /*Baseline measured from the bottom of the line*/
#if !(LVGL_VERSION_MAJOR == 6 && LVGL_VERSION_MINOR == 0)
    .subpx = LV_FONT_SUBPX_NONE,
#endif
#if LV_VERSION_CHECK(7, 4, 0) || LVGL_VERSION_MAJOR >= 8
    .underline_position = -8,
    .underline_thickness = 6,
#endif
    .dsc = &font_dsc,          /*The custom font data. Will be accessed by `get_glyph_bitmap/dsc` */
#if LV_VERSION_CHECK(8, 2, 0) || LVGL_VERSION_MAJOR >= 9
    .fallback = NULL,
#endif
    .user_data = NULL,
};



#endif /*#if UI_FONT_HONOR_M_120*/

