/*******************************************************************************
 * Size: 86 px
 * Bpp: 2
 * Opts: --bpp 2 --size 86 --font H:/2025/lvgl_squareline/SquareLine Studio/watch_demo_modify/assets/img/clk03/fonts/LEDFont.ttf -o H:/2025/lvgl_squareline/SquareLine Studio/watch_demo_modify/assets/img/clk03/fonts\ui_font_LED_86.c --format lvgl -r 0x20-0x7f --no-prefilter
 ******************************************************************************/

#include "../ui.h"

#ifndef UI_FONT_LED_86
#define UI_FONT_LED_86 1
#endif

#if UI_FONT_LED_86

/*-----------------
 *    BITMAPS
 *----------------*/

/*Store the image of the glyphs*/
static LV_ATTRIBUTE_LARGE_CONST const uint8_t glyph_bitmap[] = {
    /* U+0020 " " */

    /* U+0021 "!" */
    0xf, 0x3a, 0x3f, 0x3f, 0xff, 0xff, 0xff, 0xfe,
    0xe5, 0xf4, 0x5c, 0x14, 0x1f, 0xd8, 0x5f, 0x1f,
    0xff, 0xff, 0xfd, 0x17, 0x4, 0x87, 0xdf, 0xaf,
    0xff, 0xe9, 0x0,

    /* U+0022 "\"" */
    0xf, 0xfe, 0x13, 0xa1, 0xce, 0x8f, 0xc8, 0x4f,
    0xcf, 0xf0, 0x5f, 0xfe, 0xb, 0xff, 0xc1, 0x7f,
    0xf8, 0x2f, 0xff, 0x5, 0xff, 0xe0, 0xbf, 0xfc,
    0x17, 0xff, 0x82, 0xfe, 0x7e, 0x42, 0x7e, 0x3,
    0xa1, 0xce, 0x87, 0xff, 0x8,

    /* U+0023 "#" */
    0xf, 0xe8, 0x3f, 0xf8, 0xa8, 0x7f, 0xf1, 0x3e,
    0xf, 0xfe, 0x1d, 0xe0, 0xff, 0xe1, 0x7e, 0x83,
    0xff, 0x82, 0xfe, 0xf, 0xfe, 0xf, 0xe8, 0x3f,
    0xf8, 0x2f, 0xe4, 0x3f, 0xf8, 0x1f, 0xa0, 0xff,
    0xe0, 0xbf, 0x90, 0xff, 0xf0, 0x7f, 0xff, 0x48,
    0x3b, 0xff, 0xfa, 0x81, 0x5f, 0xff, 0xd5, 0xb,
    0xff, 0xfa, 0x88, 0x6b, 0xff, 0xfa, 0x21, 0xfe,
    0xfd, 0x7, 0xff, 0x5, 0xfc, 0x87, 0xff, 0x3,
    0xf4, 0x1f, 0xfc, 0x17, 0xf2, 0x1f, 0xfc, 0xf,
    0xd0, 0x7f, 0xf0, 0x5f, 0xc8, 0x7f, 0xf0, 0x3f,
    0x41, 0xff, 0xc1, 0x7f, 0x21, 0xff, 0xc0, 0xfd,
    0x7, 0xff, 0x5, 0xfc, 0x87, 0xff, 0x3, 0xf4,
    0x1f, 0xfc, 0x17, 0xf2, 0x1f, 0xfc, 0xf, 0xd0,
    0x7f, 0xf0, 0x5f, 0xc8, 0x7f, 0xf0, 0x3f, 0x41,
    0xff, 0xc1, 0x7f, 0x21, 0xff, 0xc0, 0xfd, 0x7,
    0xff, 0x5, 0xfc, 0x87, 0xff, 0x3, 0xf4, 0x1f,
    0xfc, 0x17, 0xf2, 0x1f, 0xfc, 0xf, 0xd0, 0x7f,
    0xf0, 0x5f, 0xc8, 0x7f, 0xf0, 0x3f, 0x41, 0xff,
    0xc1, 0x7f, 0x21, 0xff, 0xc0, 0xfd, 0x7, 0xff,
    0x5, 0xfc, 0x87, 0xff, 0x3, 0xf4, 0x1f, 0xfc,
    0x17, 0xf2, 0x1f, 0xfe, 0xb, 0xff, 0xfa, 0x21,
    0xdf, 0xff, 0xd4, 0xb, 0xff, 0xfa, 0xc0, 0x7f,
    0xff, 0xa8, 0x84, 0xff, 0xff, 0x49, 0xf, 0xff,
    0xf, 0xe8, 0x3f, 0xf8, 0x2f, 0xe4, 0x3f, 0xf8,
    0x1f, 0xa0, 0xff, 0xe0, 0xbf, 0x90, 0xff, 0xe0,
    0x7e, 0x43, 0xff, 0x85, 0xf8, 0x3f, 0xf8, 0x5e,
    0x43, 0xff, 0x86, 0xf9, 0xf, 0xfe, 0x1a, 0x1f,
    0xfc, 0x55, 0x7, 0xc0,

    /* U+0024 "$" */
    0xf, 0xfe, 0x34, 0x1f, 0xfd, 0x57, 0xd0, 0x7f,
    0xf5, 0x3f, 0x41, 0xff, 0xd3, 0xfd, 0x7, 0xff,
    0x4f, 0xf4, 0x1f, 0xfd, 0x3f, 0xd0, 0x7f, 0xf4,
    0xff, 0x41, 0xff, 0xd3, 0xfd, 0x7, 0xff, 0x4f,
    0xf4, 0x1f, 0xfe, 0xef, 0xff, 0xe5, 0x41, 0xff,
    0xc0, 0xff, 0xfe, 0x64, 0x1f, 0xef, 0xff, 0xe7,
    0x41, 0xfe, 0xff, 0xfe, 0x64, 0x1f, 0x3c, 0xf,
    0xff, 0xe5, 0x41, 0xf3, 0xf4, 0x1f, 0xfd, 0x3f,
    0xe0, 0xff, 0xe9, 0xff, 0x7, 0xff, 0x4f, 0xf8,
    0x3f, 0xfa, 0x7f, 0xc1, 0xff, 0xd3, 0xfe, 0xf,
    0xfe, 0x9f, 0xf0, 0x7f, 0xf4, 0xff, 0x83, 0xff,
    0xa7, 0xfc, 0x1f, 0xfd, 0x3f, 0xe0, 0xff, 0xe9,
    0xff, 0x7, 0xff, 0x4f, 0xf8, 0x3f, 0xfa, 0x7f,
    0xc1, 0xff, 0xd3, 0xfe, 0xf, 0xfe, 0x9f, 0xf0,
    0x7f, 0xf4, 0xff, 0x83, 0xff, 0xa7, 0xfc, 0x1f,
    0xfd, 0x3f, 0xe0, 0xff, 0xe9, 0xff, 0x7, 0xff,
    0x4f, 0xf8, 0x3f, 0xfa, 0x7f, 0xa0, 0xff, 0xea,
    0x7a, 0x1f, 0xff, 0xe5, 0x87, 0xf2, 0x3f, 0xff,
    0xcd, 0xf, 0xf7, 0xff, 0xf3, 0xa0, 0xff, 0x7f,
    0xff, 0x32, 0x18, 0x3f, 0xbf, 0xff, 0x95, 0xf,
    0xa0, 0xff, 0xea, 0x7e, 0x83, 0xff, 0xa4, 0xfe,
    0x83, 0xff, 0xa4, 0xfe, 0x83, 0xff, 0xa4, 0xfe,
    0x83, 0xff, 0xa4, 0xfe, 0x83, 0xff, 0xa4, 0xfe,
    0x83, 0xff, 0xa4, 0xfe, 0x83, 0xff, 0xa4, 0xfe,
    0x83, 0xff, 0xa4, 0xfe, 0x83, 0xff, 0xa4, 0xfe,
    0x83, 0xff, 0xa4, 0xfe, 0x83, 0xff, 0xa4, 0xfe,
    0x83, 0xff, 0xa4, 0xfe, 0x83, 0xff, 0xa4, 0xfe,
    0x83, 0xff, 0xa4, 0xfe, 0x83, 0xff, 0xa4, 0xfe,
    0x83, 0xff, 0xa4, 0xfe, 0x83, 0xff, 0xa4, 0xfe,
    0x83, 0xff, 0xa4, 0xfe, 0x83, 0xff, 0xa4, 0xfe,
    0x83, 0xff, 0xa7, 0xf8, 0x3f, 0x7f, 0xff, 0x2a,
    0x7, 0x83, 0xf7, 0xff, 0xf3, 0x20, 0xff, 0x7f,
    0xff, 0x3a, 0xf, 0xe7, 0xff, 0xf9, 0x90, 0x7f,
    0xcf, 0xff, 0xf2, 0xa0, 0xff, 0xf7, 0x56, 0x43,
    0xff, 0xa7, 0xfa, 0xf, 0xfe, 0x9f, 0xe8, 0x3f,
    0xfa, 0x7f, 0xa0, 0xff, 0xe9, 0xfe, 0x83, 0xff,
    0xa7, 0xfa, 0xf, 0xfe, 0x9f, 0xe8, 0x3f, 0xfa,
    0x77, 0xc8, 0x7f, 0xf5, 0x2c, 0x3f, 0xfd, 0x20,

    /* U+0025 "%" */
    0xf, 0xbf, 0xff, 0x86, 0x1f, 0xfc, 0xdf, 0x90,
    0xff, 0xe4, 0x7f, 0xff, 0x14, 0x3f, 0xf9, 0x7f,
    0x90, 0xff, 0xe3, 0xff, 0xff, 0x1c, 0x3f, 0xf9,
    0x2f, 0xe0, 0xff, 0xe4, 0xff, 0xff, 0x15, 0xf,
    0xfe, 0x4f, 0xf0, 0x7f, 0xf1, 0x5e, 0x7, 0xff,
    0xf0, 0xc1, 0x68, 0x7f, 0xf1, 0x6f, 0xc8, 0x7f,
    0xf1, 0x1f, 0xa0, 0xff, 0xe2, 0xdf, 0x21, 0xff,
    0xc4, 0xfe, 0xf, 0xfe, 0x2f, 0xf0, 0x7f, 0xf1,
    0x7f, 0x83, 0xff, 0x87, 0x7e, 0x43, 0xff, 0x8b,
    0xfc, 0x1f, 0xfc, 0x5f, 0xe0, 0xff, 0xe1, 0x3f,
    0xa0, 0xff, 0xe3, 0x7f, 0x7, 0xff, 0x17, 0xf8,
    0x3f, 0xf8, 0x5f, 0xc1, 0xff, 0xc7, 0xfe, 0xf,
    0xfe, 0x2f, 0xf0, 0x7f, 0xf0, 0x5f, 0xd0, 0x7f,
    0xf1, 0xff, 0x83, 0xff, 0x8b, 0xfc, 0x1f, 0xfc,
    0x1f, 0xe0, 0xff, 0xe4, 0x7f, 0x7, 0xff, 0x17,
    0xf8, 0x3f, 0xf8, 0x17, 0xe8, 0x3f, 0xf9, 0x1f,
    0xc1, 0xff, 0xc5, 0xfe, 0xf, 0xfe, 0x7, 0xf0,
    0x7f, 0xf2, 0x7f, 0x83, 0xff, 0x8b, 0xfc, 0x1f,
    0xf5, 0xf9, 0xf, 0xfe, 0x4f, 0xf0, 0x7f, 0xf1,
    0x7f, 0x83, 0xfc, 0xff, 0x7, 0xff, 0x2b, 0xf8,
    0x3f, 0xf8, 0xbf, 0xc1, 0xfe, 0xfe, 0x43, 0xff,
    0x95, 0xfc, 0x1f, 0xfc, 0x5f, 0xe0, 0xfe, 0x7f,
    0x83, 0xff, 0x97, 0xfc, 0x1f, 0xfc, 0x5f, 0xe0,
    0xfe, 0xfe, 0xf, 0xfe, 0x67, 0xf0, 0x7f, 0xf1,
    0x7f, 0x83, 0xf5, 0xfa, 0xf, 0xfe, 0x67, 0xf0,
    0x7f, 0xf1, 0x7f, 0x83, 0xf7, 0xf0, 0x7f, 0xf3,
    0x7f, 0x83, 0xff, 0x8b, 0xfc, 0x1f, 0x7f, 0x41,
    0xff, 0xcd, 0xfe, 0xf, 0xfe, 0x2f, 0xf0, 0x79,
    0xfe, 0xf, 0xfe, 0x77, 0xf0, 0x7f, 0xf1, 0x7f,
    0x83, 0xdf, 0xc8, 0x7f, 0xf3, 0xbf, 0x83, 0xff,
    0x8b, 0xfc, 0x1c, 0xff, 0x7, 0xff, 0x3f, 0xf8,
    0x3f, 0xf8, 0xbf, 0xc1, 0xef, 0xc8, 0x7f, 0xf3,
    0xff, 0x41, 0xff, 0xc5, 0xbf, 0x7, 0xbf, 0x7,
    0xff, 0x47, 0xd0, 0xff, 0xff, 0xd, 0x2f, 0x7,
    0xca, 0xf, 0xbf, 0xff, 0x88, 0x1f, 0xc8, 0xff,
    0xff, 0x15, 0x20, 0xff, 0xe2, 0x7f, 0xff, 0x18,
    0x3f, 0xdf, 0xff, 0xc7, 0xf, 0x5e, 0x83, 0xeb,
    0xff, 0xf8, 0xc8, 0x7f, 0xbf, 0xff, 0x8a, 0x1e,
    0x7f, 0x7, 0x49, 0x7f, 0xff, 0x12, 0x18, 0x3f,
    0xbf, 0xff, 0x86, 0x1f, 0x7f, 0x6, 0xbc, 0x97,
    0xff, 0xf0, 0xa1, 0xf4, 0x1f, 0xfd, 0x1b, 0xf8,
    0x27, 0xf0, 0x7f, 0xf1, 0x5f, 0xc8, 0x7f, 0xf4,
    0x3f, 0x90, 0xaf, 0xc8, 0x7f, 0xf1, 0x1f, 0xc8,
    0x7f, 0xf3, 0xef, 0xe0, 0xd7, 0xe4, 0x3f, 0xf8,
    0x8f, 0xe4, 0x3f, 0xf9, 0xcf, 0xf0, 0x75, 0xf9,
    0xf, 0xfe, 0x23, 0xf9, 0xf, 0xfe, 0x77, 0xf4,
    0x1d, 0x7e, 0x43, 0xff, 0x88, 0xfe, 0x43, 0xff,
    0x9a, 0xff, 0x7, 0xaf, 0xc8, 0x7f, 0xf1, 0x1f,
    0xc8, 0x7f, 0xf3, 0x7f, 0x90, 0xf5, 0xf9, 0xf,
    0xfe, 0x23, 0xf9, 0xf, 0xfe, 0x65, 0xfc, 0x1f,
    0x5f, 0x90, 0xff, 0xe2, 0x3f, 0x90, 0xff, 0xe6,
    0x7f, 0x21, 0xf5, 0xf9, 0xf, 0xfe, 0x23, 0xf9,
    0xf, 0xfe, 0x5d, 0xfa, 0xf, 0xd7, 0xe4, 0x3f,
    0xf8, 0x8f, 0xe4, 0x3f, 0xf9, 0x7f, 0xc1, 0xfd,
    0x7e, 0x43, 0xff, 0x88, 0xfe, 0x43, 0xff, 0x95,
    0x7e, 0x83, 0xfa, 0xfc, 0x87, 0xff, 0x11, 0xfc,
    0x87, 0xff, 0x25, 0xfe, 0xf, 0xf5, 0xf9, 0xf,
    0xfe, 0x23, 0xf9, 0xf, 0xfe, 0x4f, 0xf2, 0x1f,
    0xeb, 0xf2, 0x1f, 0xfc, 0x47, 0xf2, 0x1f, 0xfc,
    0x87, 0xf8, 0x3f, 0xeb, 0xf2, 0x1f, 0xfc, 0x47,
    0xf2, 0x1f, 0xfc, 0x8f, 0xe0, 0xff, 0xe0, 0x5f,
    0x90, 0xff, 0xe2, 0x3f, 0x90, 0xff, 0xe3, 0xdf,
    0xa0, 0xff, 0xe0, 0x5f, 0x90, 0xff, 0xe2, 0x3f,
    0x90, 0xff, 0xe3, 0xff, 0x7, 0xff, 0x6, 0xfc,
    0x87, 0xff, 0x11, 0xfc, 0x87, 0xff, 0x1a, 0xfc,
    0x87, 0xff, 0x6, 0xfc, 0x87, 0xff, 0x11, 0xfc,
    0x87, 0xff, 0x1b, 0xf8, 0x3f, 0xf8, 0x57, 0xe4,
    0x3f, 0xf8, 0x8f, 0xe4, 0x3f, 0xf8, 0xbf, 0xc8,
    0x7f, 0xf0, 0xff, 0x7, 0xff, 0x1b, 0xe8, 0x3f,
    0xf8, 0xaf, 0xe8, 0x3f, 0xf8, 0xbe, 0x5, 0xff,
    0xfc, 0x28, 0x1c, 0x1f, 0xfc, 0x6f, 0xe0, 0xff,
    0xe4, 0xdf, 0xff, 0xc4, 0x83, 0xff, 0x93, 0xfa,
    0xf, 0xfe, 0x45, 0xff, 0xfc, 0x64, 0x3f, 0xf9,
    0x1f, 0x83, 0xff, 0x95, 0xff, 0xfc, 0x58, 0x3f,
    0xf9, 0x3f, 0x21, 0xff, 0xcb, 0xff, 0xfe, 0x1c,
    0x1e,

    /* U+0026 "&" */
    0xf, 0xbf, 0xff, 0x95, 0x7, 0xff, 0x1b, 0xff,
    0xf9, 0x90, 0x7f, 0xf1, 0x3f, 0xff, 0x9d, 0x7,
    0xff, 0x13, 0xff, 0xf9, 0x90, 0x7f, 0xf0, 0x5e,
    0x7, 0xff, 0xf2, 0xa0, 0xff, 0xe0, 0xbf, 0x41,
    0xff, 0xd9, 0xfe, 0xf, 0xfe, 0xcf, 0xf0, 0x7f,
    0xf6, 0x7f, 0x83, 0xff, 0xb3, 0xfc, 0x1f, 0xfd,
    0x9f, 0xe0, 0xff, 0xec, 0xff, 0x7, 0xff, 0x67,
    0xf8, 0x3f, 0xfb, 0x3f, 0xc1, 0xff, 0xd9, 0xfe,
    0xf, 0xfe, 0xcf, 0xf0, 0x7f, 0xf6, 0x7f, 0x83,
    0xff, 0xb3, 0xfc, 0x1f, 0xfd, 0x9f, 0xe0, 0xff,
    0xec, 0xff, 0x7, 0xff, 0x3d, 0xf, 0xef, 0xe0,
    0xff, 0xe7, 0x79, 0xf, 0xdf, 0xc1, 0xff, 0xcd,
    0xfc, 0x87, 0xdf, 0xc1, 0xff, 0xcc, 0x7f, 0x41,
    0xf7, 0xf0, 0x7f, 0xf3, 0x1f, 0xd0, 0x7d, 0xfc,
    0x1f, 0xfc, 0xc7, 0xf4, 0x1f, 0x7e, 0x83, 0xff,
    0x9b, 0xf9, 0xf, 0xbe, 0x87, 0xff, 0xf9, 0x60,
    0xf2, 0x7c, 0x85, 0xe8, 0x7f, 0xff, 0x9a, 0x4,
    0xfe, 0x43, 0xdf, 0xff, 0xce, 0x81, 0x7f, 0x81,
    0xf0, 0x3f, 0xff, 0x99, 0xc, 0x7f, 0x5, 0xf8,
    0x1f, 0xff, 0xca, 0x87, 0xd1, 0x70, 0x6f, 0xd0,
    0x7f, 0xf3, 0x7f, 0x21, 0xf7, 0xf0, 0x7f, 0xf3,
    0x1f, 0xd0, 0x7d, 0xfc, 0x1f, 0xfc, 0xc7, 0xf4,
    0x1f, 0x7f, 0x7, 0xff, 0x31, 0xfd, 0x7, 0xdf,
    0xc1, 0xff, 0xcc, 0x7f, 0x41, 0xf7, 0xf0, 0x7f,
    0xf3, 0x1f, 0xd0, 0x7d, 0xfc, 0x1f, 0xfc, 0xc7,
    0xf4, 0x1f, 0x7f, 0x7, 0xff, 0x31, 0xfd, 0x7,
    0xdf, 0xc1, 0xff, 0xcc, 0x7f, 0x41, 0xf7, 0xf0,
    0x7f, 0xf3, 0x1f, 0xd0, 0x7d, 0xfc, 0x1f, 0xfc,
    0xc7, 0xf4, 0x1f, 0x7f, 0x7, 0xff, 0x31, 0xfd,
    0x7, 0xdf, 0xc1, 0xff, 0xcc, 0x7f, 0x41, 0xf7,
    0xf0, 0x7f, 0xf3, 0x1f, 0xd0, 0x7d, 0xfc, 0x1f,
    0xfc, 0xc7, 0xf4, 0x1f, 0x7f, 0x7, 0xff, 0x31,
    0xfd, 0x7, 0xdf, 0xc1, 0xff, 0xcc, 0x7f, 0x41,
    0xf7, 0xf0, 0x7f, 0xf3, 0x1f, 0xd0, 0x7d, 0xfc,
    0x1f, 0xfc, 0xc7, 0xf4, 0x1f, 0x7f, 0x7, 0xff,
    0x31, 0xfd, 0x7, 0xcf, 0xd0, 0x7f, 0xf3, 0x7f,
    0x7, 0xf3, 0xc0, 0xff, 0xfe, 0x54, 0xf, 0x7,
    0xff, 0xb, 0xff, 0xf9, 0x90, 0x7f, 0xf1, 0x3f,
    0xff, 0x9d, 0x7, 0xff, 0xd, 0xff, 0xfe, 0x64,
    0x1f, 0xfc, 0x57, 0xff, 0xf9, 0x50, 0x7f, 0xf0,
    0x0,

    /* U+0027 "'" */
    0xf, 0x3a, 0x3f, 0x3f, 0xff, 0xdc, 0x7e, 0x47,
    0x43, 0xc0,

    /* U+0028 "(" */
    0xf, 0xfe, 0x1f, 0xd0, 0x7f, 0xf0, 0x9f, 0xa0,
    0xff, 0xe1, 0x7e, 0x83, 0xff, 0x83, 0xfc, 0x87,
    0xff, 0x1, 0xfd, 0x7, 0xff, 0x7, 0xf8, 0x3f,
    0xf8, 0x37, 0xe4, 0x3f, 0xf8, 0xf, 0xf0, 0x7f,
    0xf0, 0x7f, 0x83, 0xff, 0x83, 0x7e, 0x83, 0xff,
    0x80, 0xff, 0x7, 0xff, 0x7, 0xf9, 0xf, 0xfe,
    0x5, 0xfa, 0xf, 0xfe, 0x3, 0xfc, 0x1f, 0xfc,
    0x1f, 0xe4, 0x3f, 0xf8, 0x17, 0xf0, 0x7f, 0xf0,
    0x1f, 0xe0, 0xff, 0xe0, 0xff, 0x41, 0xff, 0xc0,
    0xbf, 0x83, 0xff, 0x80, 0xff, 0x21, 0xff, 0xc0,
    0xfe, 0x83, 0xff, 0x81, 0x7f, 0x7, 0xff, 0x1,
    0xfe, 0x43, 0xff, 0x81, 0xfe, 0xf, 0xfe, 0xf,
    0xf0, 0x7f, 0xf0, 0xbf, 0x21, 0xff, 0xc2, 0xbd,
    0x7, 0xff, 0x5b, 0xf0, 0x7f, 0xf0, 0xff, 0x41,
    0xff, 0xc2, 0xfe, 0xf, 0xfe, 0x17, 0xf4, 0x1f,
    0xfc, 0x2f, 0xe4, 0x3f, 0xf8, 0x37, 0xf0, 0x7f,
    0xf0, 0xbf, 0x90, 0xff, 0xe0, 0xbf, 0xc1, 0xff,
    0xc2, 0xfe, 0x83, 0xff, 0x82, 0xff, 0x7, 0xff,
    0xa, 0xfd, 0x7, 0xff, 0xb, 0xf8, 0x3f, 0xf8,
    0x57, 0xf0, 0x7f, 0xf0, 0xbf, 0x90, 0xff, 0xe0,
    0xbf, 0xc1, 0xff, 0xc2, 0xfe, 0x83, 0xff, 0x85,
    0xfc, 0x1f, 0xfc, 0x2b, 0xf4, 0x1f, 0xfc, 0x2f,
    0xe0, 0xff, 0xe1, 0x3f, 0xc1, 0xff, 0xc2, 0xfe,
    0x43, 0xff, 0x82, 0xff, 0x7, 0xff, 0xa, 0xfc,
    0x87, 0xff, 0xb, 0xf8, 0x3f, 0xf8, 0x57, 0xe8,
    0x3f, 0xf8, 0x5f, 0xc1, 0xff, 0xc2, 0x7f, 0x21,
    0xff, 0xc2, 0xfc, 0x87, 0xff, 0xf, 0xe4,

    /* U+0029 ")" */
    0x3e, 0x43, 0xff, 0x89, 0xf8, 0x3f, 0xf8, 0x9f,
    0xc1, 0xff, 0xc3, 0xbf, 0x21, 0xff, 0xc3, 0xfe,
    0xf, 0xfe, 0x1b, 0xfc, 0x1f, 0xfc, 0x3f, 0xe4,
    0x3f, 0xf8, 0x7f, 0xc1, 0xff, 0xc3, 0xbf, 0x83,
    0xff, 0x87, 0xfc, 0x87, 0xff, 0x9, 0xfe, 0xf,
    0xfe, 0x1d, 0xfc, 0x1f, 0xfc, 0x3f, 0xe4, 0x3f,
    0xf8, 0x4f, 0xf0, 0x7f, 0xf0, 0xef, 0xd0, 0x7f,
    0xf0, 0xff, 0x90, 0xff, 0xe1, 0x3f, 0xc1, 0xff,
    0xc3, 0xfe, 0x83, 0xff, 0x87, 0xfc, 0x87, 0xff,
    0xa, 0xfe, 0xf, 0xfe, 0x1f, 0xf4, 0x1f, 0xfc,
    0x27, 0xf9, 0xf, 0xfe, 0x15, 0xfc, 0x1f, 0xfc,
    0x3f, 0xe8, 0x3f, 0xf8, 0x4f, 0xe8, 0x3f, 0xf8,
    0x7f, 0xa0, 0xff, 0xe2, 0x7d, 0x7, 0xff, 0x5d,
    0xfa, 0xf, 0xfe, 0x1f, 0xe8, 0x3f, 0xf8, 0x4f,
    0xe8, 0x3f, 0xf8, 0x5f, 0xc8, 0x7f, 0xf0, 0x6f,
    0xe0, 0xff, 0xe1, 0x7f, 0x21, 0xff, 0xc1, 0xbf,
    0x41, 0xff, 0xc1, 0x7f, 0x83, 0xff, 0x85, 0xfd,
    0x7, 0xff, 0x5, 0xfe, 0xf, 0xfe, 0x17, 0xf2,
    0x1f, 0xfc, 0x1b, 0xf8, 0x3f, 0xf8, 0x5f, 0xc1,
    0xff, 0xc2, 0xbf, 0x41, 0xff, 0xc2, 0xfe, 0xf,
    0xfe, 0x17, 0xf2, 0x1f, 0xfc, 0x17, 0xf8, 0x3f,
    0xf8, 0x5f, 0xc8, 0x7f, 0xf0, 0x5f, 0xd0, 0x7f,
    0xf0, 0xbf, 0x83, 0xff, 0x85, 0x7e, 0x83, 0xff,
    0x85, 0xfc, 0x1f, 0xfc, 0x2b, 0xf2, 0x1f, 0xfc,
    0x17, 0xf8, 0x3f, 0xf8, 0x5f, 0xc1, 0xff, 0xc2,
    0x7f, 0x41, 0xff, 0xc2, 0xbf, 0x7, 0xff, 0xe,
    0xf9, 0xf, 0xfe, 0x1d, 0xf0, 0x7f, 0xf0, 0xc0,

    /* U+002A "*" */
    0xf, 0xfe, 0x2a, 0x1f, 0xfd, 0x5f, 0x21, 0xff,
    0xd3, 0xfc, 0x87, 0xff, 0x4b, 0xf4, 0x1f, 0xfd,
    0x2f, 0xd0, 0x7f, 0xf2, 0x2b, 0x7, 0xbf, 0x41,
    0xea, 0x90, 0xff, 0x7e, 0x83, 0xbf, 0x41, 0x9f,
    0xc8, 0x7f, 0xbf, 0xa0, 0xdf, 0xa0, 0x9f, 0xe4,
    0x3f, 0xdf, 0xe8, 0x2f, 0xd0, 0x1f, 0xf2, 0x1f,
    0xf7, 0xfa, 0x7, 0xe8, 0x7f, 0xd0, 0x7f, 0xf0,
    0x7f, 0xd1, 0xfa, 0x7f, 0xd0, 0x7f, 0xf0, 0xff,
    0xff, 0x8d, 0x7, 0xff, 0x17, 0xff, 0xf8, 0x90,
    0x7f, 0xf1, 0xff, 0xff, 0x85, 0x7, 0xff, 0x27,
    0xff, 0xf8, 0x10, 0x7f, 0xf0, 0x7f, 0xff, 0xa5,
    0x5, 0xff, 0xfd, 0x48, 0xbf, 0xff, 0xaa, 0xf,
    0xff, 0xea, 0x21, 0x5f, 0xff, 0xd1, 0x43, 0xff,
    0x80, 0xff, 0xff, 0x4, 0x3f, 0xf9, 0xf, 0xff,
    0xf0, 0xc3, 0xff, 0x8c, 0xff, 0xff, 0x14, 0x3f,
    0xf8, 0x8f, 0xfa, 0xff, 0xfe, 0x0, 0x7f, 0xf0,
    0x9f, 0xf2, 0x7e, 0x8f, 0xf8, 0x3f, 0xf8, 0xf,
    0xf9, 0x7, 0xe8, 0x1f, 0xf0, 0x7f, 0xdf, 0xe4,
    0x2f, 0xd0, 0x5f, 0xe4, 0x3f, 0xdf, 0xc8, 0x6f,
    0xd0, 0x6b, 0xf2, 0x1f, 0xef, 0xc8, 0x77, 0xe8,
    0x3a, 0xf9, 0xf, 0xf2, 0xc1, 0xf7, 0xe8, 0x3c,
    0xb0, 0x7f, 0xf2, 0x7f, 0x41, 0xff, 0xd2, 0xfd,
    0x7, 0xff, 0x49, 0xf8, 0x3f, 0xfa, 0x8e, 0x1f,
    0xfe, 0x80,

    /* U+002B "+" */
    0xf, 0xfe, 0x2c, 0x1f, 0xfd, 0x47, 0xd0, 0x7f,
    0xf4, 0xff, 0x41, 0xff, 0xd2, 0xfd, 0x7, 0xff,
    0x4b, 0xf4, 0x1f, 0xfd, 0x2f, 0xd0, 0x7f, 0xf4,
    0xbf, 0x41, 0xff, 0xd2, 0xfd, 0x7, 0xff, 0x4b,
    0xf4, 0x1f, 0xfd, 0x2f, 0xd0, 0x7f, 0xf4, 0xbf,
    0x41, 0xff, 0xe8, 0xff, 0xfe, 0x94, 0x17, 0xff,
    0xf5, 0x22, 0xff, 0xfe, 0xa8, 0x3f, 0xff, 0xa8,
    0x85, 0x7f, 0xff, 0x45, 0xf, 0xff, 0xf8, 0x7f,
    0xf0, 0x3f, 0x41, 0xff, 0xd2, 0xfd, 0x7, 0xff,
    0x4b, 0xf4, 0x1f, 0xfd, 0x2f, 0xd0, 0x7f, 0xf4,
    0xbf, 0x41, 0xff, 0xd2, 0xfd, 0x7, 0xff, 0x4b,
    0xf4, 0x1f, 0xfd, 0x2f, 0xd0, 0x7f, 0xf4, 0xaf,
    0x90, 0xff, 0xe9, 0xd8, 0x7f, 0xfa, 0x0,

    /* U+002C "," */
    0xff, 0xff, 0x9b, 0xfc, 0x8f, 0xc8, 0x4e, 0x87,
    0xf0,

    /* U+002D "-" */
    0x9, 0x7f, 0xf9, 0x81, 0xdf, 0xff, 0xce, 0xb,
    0xff, 0xfa, 0x5, 0xff, 0xfd, 0x4, 0xbf, 0xff,
    0x9d, 0x5, 0x7f, 0xff, 0x32, 0x0,

    /* U+002E "." */
    0xff, 0xff, 0x28,

    /* U+002F "/" */
    0xf, 0xfe, 0x9f, 0xc8, 0x7f, 0xf4, 0xaf, 0x90,
    0xff, 0xe9, 0x7e, 0x43, 0xff, 0xa3, 0x7e, 0xf,
    0xfe, 0x8b, 0xfa, 0xf, 0xfe, 0x8f, 0xf0, 0x7f,
    0xf4, 0x5f, 0xd0, 0x7f, 0xf4, 0x7f, 0x83, 0xff,
    0xa3, 0x7e, 0x43, 0xff, 0xa3, 0xfc, 0x1f, 0xfd,
    0x1f, 0xe4, 0x3f, 0xfa, 0xf, 0xf0, 0x7f, 0xf4,
    0x7f, 0x83, 0xff, 0xa3, 0x7e, 0x83, 0xff, 0xa3,
    0xfc, 0x1f, 0xfd, 0x1b, 0xf4, 0x1f, 0xfd, 0x1f,
    0xe0, 0xff, 0xe8, 0xff, 0x21, 0xff, 0xd0, 0x7f,
    0x83, 0xff, 0xa3, 0xfc, 0x87, 0xff, 0x42, 0xfe,
    0xf, 0xfe, 0x8f, 0xf0, 0x7f, 0xf4, 0x6f, 0xd0,
    0x7f, 0xf4, 0x7f, 0x83, 0xff, 0xa5, 0xfa, 0xf,
    0xfe, 0x97, 0xe0, 0xff, 0xe9, 0xb2, 0x1f, 0xff,
    0x36, 0xf0, 0x7f, 0xf4, 0xff, 0x7, 0xff, 0x4a,
    0xfc, 0x1f, 0xfd, 0x17, 0xf8, 0x3f, 0xfa, 0x3f,
    0xd0, 0x7f, 0xf4, 0x1f, 0xe0, 0xff, 0xe8, 0xff,
    0x21, 0xff, 0xd0, 0xbf, 0x83, 0xff, 0xa3, 0xfc,
    0x87, 0xff, 0x42, 0xfd, 0x7, 0xff, 0x47, 0xf8,
    0x3f, 0xfa, 0x3f, 0xd0, 0x7f, 0xf4, 0x1f, 0xe0,
    0xff, 0xe8, 0xff, 0x21, 0xff, 0xd0, 0x7f, 0x83,
    0xff, 0xa3, 0xfc, 0x1f, 0xfd, 0x1b, 0xf4, 0x1f,
    0xfd, 0x1f, 0xe0, 0xff, 0xe8, 0xdf, 0x90, 0xff,
    0xe8, 0x3f, 0xc1, 0xff, 0xd1, 0xfe, 0x43, 0xff,
    0xa0, 0xfe, 0x83, 0xff, 0xa3, 0xfc, 0x1f, 0xfd,
    0x1b, 0xf4, 0x1f, 0xfd, 0x1f, 0xe0, 0xff, 0xe8,
    0xdf, 0x90, 0xff, 0xe8, 0xff, 0x7, 0xff, 0x4b,
    0xf0, 0x7f, 0xf4, 0xfe, 0x83, 0xff, 0xa6,

    /* U+0030 "0" */
    0xf, 0xbf, 0xff, 0x95, 0x7, 0xff, 0x3, 0xff,
    0xf9, 0x90, 0x7f, 0xbf, 0xff, 0x9d, 0x7, 0xfb,
    0xff, 0xf9, 0x90, 0x7c, 0xf0, 0x3f, 0xff, 0x95,
    0x3, 0xc1, 0x3f, 0x41, 0xff, 0xcd, 0xfc, 0xf,
    0xe0, 0xff, 0xe6, 0x3f, 0xa3, 0xf8, 0x3f, 0xf9,
    0x8f, 0xe8, 0xfe, 0xf, 0xfe, 0x63, 0xfa, 0x3f,
    0x83, 0xff, 0x98, 0xfe, 0x8f, 0xe0, 0xff, 0xe6,
    0x3f, 0xa3, 0xf8, 0x3f, 0xf9, 0x8f, 0xe8, 0xfe,
    0xf, 0xfe, 0x63, 0xfa, 0x3f, 0x83, 0xff, 0x98,
    0xfe, 0x8f, 0xe0, 0xff, 0xe6, 0x3f, 0xa3, 0xf8,
    0x3f, 0xf9, 0x8f, 0xe8, 0xfe, 0xf, 0xfe, 0x63,
    0xfa, 0x3f, 0x83, 0xff, 0x98, 0xfe, 0x8f, 0xe0,
    0xff, 0xe6, 0x3f, 0xa3, 0xf8, 0x3f, 0xf9, 0x8f,
    0xe8, 0xfe, 0xf, 0xfe, 0x63, 0xfa, 0x3f, 0x83,
    0xff, 0x98, 0xfe, 0x8f, 0xe0, 0xff, 0xe6, 0x3f,
    0xa3, 0xf8, 0x3f, 0xf9, 0x8f, 0xe8, 0xfe, 0xf,
    0xfe, 0x63, 0xfa, 0x3f, 0x41, 0xff, 0xcd, 0xfd,
    0x1f, 0x41, 0xff, 0xcf, 0xfa, 0x3d, 0x7, 0xff,
    0x47, 0xc8, 0x7f, 0xf6, 0x7d, 0x7, 0xff, 0x41,
    0xf4, 0x7e, 0xf, 0xfe, 0x73, 0xf4, 0x7e, 0x83,
    0xff, 0x9b, 0xfa, 0x3f, 0x83, 0xff, 0x98, 0xfe,
    0x8f, 0xe0, 0xff, 0xe6, 0x3f, 0xa3, 0xf8, 0x3f,
    0xf9, 0x8f, 0xe8, 0xfe, 0xf, 0xfe, 0x63, 0xfa,
    0x3f, 0x83, 0xff, 0x98, 0xfe, 0x8f, 0xe0, 0xff,
    0xe6, 0x3f, 0xa3, 0xf8, 0x3f, 0xf9, 0x8f, 0xe8,
    0xfe, 0xf, 0xfe, 0x63, 0xfa, 0x3f, 0x83, 0xff,
    0x98, 0xfe, 0x8f, 0xe0, 0xff, 0xe6, 0x3f, 0xa3,
    0xf8, 0x3f, 0xf9, 0x8f, 0xe8, 0xfe, 0xf, 0xfe,
    0x63, 0xfa, 0x3f, 0x83, 0xff, 0x98, 0xfe, 0x8f,
    0xe0, 0xff, 0xe6, 0x3f, 0xa3, 0xf8, 0x3f, 0xf9,
    0x8f, 0xe8, 0xfe, 0xf, 0xfe, 0x63, 0xfa, 0x3f,
    0x83, 0xff, 0x98, 0xfe, 0x8f, 0xe0, 0xff, 0xe6,
    0x3f, 0xa3, 0xf8, 0x3f, 0xf9, 0x8f, 0xe8, 0x7e,
    0x83, 0xff, 0x9b, 0xf8, 0x27, 0x81, 0xff, 0xfc,
    0xa8, 0x1e, 0xf, 0xdf, 0xff, 0xcc, 0x83, 0xfd,
    0xff, 0xfc, 0xe8, 0x3f, 0x9f, 0xff, 0xe6, 0x41,
    0xff, 0x3f, 0xff, 0xca, 0x83, 0xc0,

    /* U+0031 "1" */
    0x7, 0xfe, 0xb, 0xff, 0x2, 0x9f, 0xf0, 0x3c,
    0x7f, 0x81, 0xf0, 0x2f, 0x40, 0xfc, 0x1f, 0x7f,
    0x7, 0xdf, 0xc1, 0xf7, 0xf0, 0x7d, 0xfc, 0x1f,
    0x7f, 0x7, 0xdf, 0xc1, 0xf7, 0xf0, 0x7d, 0xfc,
    0x1f, 0x7f, 0x7, 0xdf, 0xc1, 0xf7, 0xf0, 0x7d,
    0xfc, 0x1f, 0x7f, 0x7, 0xdf, 0xc1, 0xf7, 0xf0,
    0x7d, 0xfc, 0x1f, 0x7f, 0x7, 0xdf, 0xc1, 0xf7,
    0xf0, 0x7d, 0xfc, 0x1f, 0x7f, 0x7, 0xef, 0xc1,
    0xfd, 0xf0, 0x7f, 0xf2, 0x6a, 0xf, 0xd7, 0xc1,
    0xf5, 0xf8, 0x3e, 0xfe, 0xf, 0xbf, 0x83, 0xef,
    0xe0, 0xfb, 0xf8, 0x3e, 0xfe, 0xf, 0xbf, 0x83,
    0xef, 0xe0, 0xfb, 0xf8, 0x3e, 0xfe, 0xf, 0xbf,
    0x83, 0xef, 0xe0, 0xfb, 0xf8, 0x3e, 0xfe, 0xf,
    0xbf, 0x83, 0xef, 0xe0, 0xfb, 0xf8, 0x3e, 0xfe,
    0xf, 0xbf, 0x83, 0xef, 0xe0, 0xfb, 0xf8, 0x3e,
    0xfe, 0xf, 0xbf, 0x83, 0xef, 0xe0, 0xfa, 0xf8,
    0x3f, 0xac, 0x3f, 0xf8, 0x40,

    /* U+0032 "2" */
    0xf, 0xbf, 0xff, 0x95, 0x7, 0xff, 0x3, 0xff,
    0xf9, 0x90, 0x7f, 0xbf, 0xff, 0x9d, 0x7, 0xfb,
    0xff, 0xf9, 0x90, 0x7f, 0xf0, 0x3f, 0xff, 0x95,
    0x3, 0xc1, 0xff, 0xd5, 0xfc, 0x1f, 0xfd, 0x37,
    0xf4, 0x1f, 0xfd, 0x27, 0xf4, 0x1f, 0xfd, 0x27,
    0xf4, 0x1f, 0xfd, 0x27, 0xf4, 0x1f, 0xfd, 0x27,
    0xf4, 0x1f, 0xfd, 0x27, 0xf4, 0x1f, 0xfd, 0x27,
    0xf4, 0x1f, 0xfd, 0x27, 0xf4, 0x1f, 0xfd, 0x27,
    0xf4, 0x1f, 0xfd, 0x27, 0xf4, 0x1f, 0xfd, 0x27,
    0xf4, 0x1f, 0xfd, 0x27, 0xf4, 0x1f, 0xfd, 0x27,
    0xf4, 0x1f, 0xfd, 0x27, 0xf4, 0x1f, 0xfd, 0x27,
    0xf4, 0x1f, 0xfd, 0x27, 0xf4, 0x1f, 0xfd, 0x27,
    0xf4, 0x1f, 0xfd, 0x27, 0xf4, 0x1f, 0xfd, 0x27,
    0xf4, 0x1f, 0xfd, 0x3f, 0xc8, 0x79, 0xff, 0xfe,
    0x58, 0x3c, 0x87, 0x9f, 0xff, 0xe6, 0x81, 0xf,
    0xbf, 0xff, 0x9d, 0x7, 0x9c, 0x1f, 0xff, 0xcc,
    0x83, 0xef, 0x81, 0xff, 0xfc, 0xa8, 0x3e, 0xfd,
    0x7, 0xff, 0x4f, 0xf8, 0x3f, 0xfa, 0x7f, 0xc1,
    0xff, 0xd3, 0xfe, 0xf, 0xfe, 0x9f, 0xf0, 0x7f,
    0xf4, 0xff, 0x83, 0xff, 0xa7, 0xfc, 0x1f, 0xfd,
    0x3f, 0xe0, 0xff, 0xe9, 0xff, 0x7, 0xff, 0x4f,
    0xf8, 0x3f, 0xfa, 0x7f, 0xc1, 0xff, 0xd3, 0xfe,
    0xf, 0xfe, 0x9f, 0xf0, 0x7f, 0xf4, 0xff, 0x83,
    0xff, 0xa7, 0xfc, 0x1f, 0xfd, 0x3f, 0xe0, 0xff,
    0xe9, 0xff, 0x7, 0xff, 0x4f, 0xf8, 0x3f, 0xfa,
    0x7f, 0xc1, 0xff, 0xd3, 0xfe, 0xf, 0xfe, 0x9f,
    0xe8, 0x3f, 0xfa, 0x7f, 0x40, 0xff, 0xfe, 0x54,
    0x1f, 0x7a, 0x7, 0xff, 0xf3, 0x20, 0xf7, 0xf,
    0xff, 0xf3, 0xa0, 0xe8, 0x7f, 0xff, 0x9d, 0x7,
    0xcf, 0xff, 0xf3, 0xa0, 0xf0,

    /* U+0033 "3" */
    0xb, 0xff, 0xf9, 0x50, 0x7e, 0xff, 0xfe, 0x64,
    0x1e, 0xff, 0xfe, 0x74, 0x1e, 0xff, 0xfe, 0x64,
    0x1f, 0xbf, 0xff, 0x95, 0x3, 0xc1, 0xff, 0xd1,
    0xfc, 0x1f, 0xfc, 0xf7, 0xf4, 0x1f, 0xfc, 0xe7,
    0xf4, 0x1f, 0xfc, 0xe7, 0xf4, 0x1f, 0xfc, 0xe7,
    0xf4, 0x1f, 0xfc, 0xe7, 0xf4, 0x1f, 0xfc, 0xe7,
    0xf4, 0x1f, 0xfc, 0xe7, 0xf4, 0x1f, 0xfc, 0xe7,
    0xf4, 0x1f, 0xfc, 0xe7, 0xf4, 0x1f, 0xfc, 0xe7,
    0xf4, 0x1f, 0xfc, 0xe7, 0xf4, 0x1f, 0xfc, 0xe7,
    0xf4, 0x1f, 0xfc, 0xe7, 0xf4, 0x1f, 0xfc, 0xe7,
    0xf4, 0x1f, 0xfc, 0xe7, 0xf4, 0x1f, 0xfc, 0xe7,
    0xf4, 0x1f, 0xfc, 0xe7, 0xf4, 0x1f, 0xfc, 0xe7,
    0xf4, 0x1f, 0xfc, 0xe7, 0xf4, 0x1f, 0xfc, 0xff,
    0xd0, 0x1f, 0xff, 0xe5, 0x83, 0xe8, 0x7f, 0xff,
    0x9a, 0xf, 0x27, 0xff, 0xf3, 0xa0, 0xf7, 0xff,
    0xf3, 0x21, 0xf4, 0x17, 0xff, 0xf2, 0xa1, 0xfa,
    0xf, 0xfe, 0x7f, 0xe8, 0x3f, 0xf9, 0xcf, 0xe8,
    0x3f, 0xf9, 0xcf, 0xe8, 0x3f, 0xf9, 0xcf, 0xe8,
    0x3f, 0xf9, 0xcf, 0xe8, 0x3f, 0xf9, 0xcf, 0xe8,
    0x3f, 0xf9, 0xcf, 0xe8, 0x3f, 0xf9, 0xcf, 0xe8,
    0x3f, 0xf9, 0xcf, 0xe8, 0x3f, 0xf9, 0xcf, 0xe8,
    0x3f, 0xf9, 0xcf, 0xe8, 0x3f, 0xf9, 0xcf, 0xe8,
    0x3f, 0xf9, 0xcf, 0xe8, 0x3f, 0xf9, 0xcf, 0xe8,
    0x3f, 0xf9, 0xcf, 0xe8, 0x3f, 0xf9, 0xcf, 0xe8,
    0x3f, 0xf9, 0xcf, 0xe8, 0x3f, 0xf9, 0xcf, 0xe8,
    0x3f, 0xf9, 0xcf, 0xe8, 0x3f, 0xf9, 0xcf, 0xe8,
    0x3f, 0xf9, 0xff, 0x83, 0x7f, 0xff, 0x2a, 0x7,
    0x83, 0x7f, 0xff, 0x32, 0xf, 0x7f, 0xff, 0x3a,
    0xe, 0x7f, 0xff, 0x99, 0x7, 0xcf, 0xff, 0xf2,
    0xa0, 0xf0,

    /* U+0034 "4" */
    0xf, 0xfe, 0xde, 0x87, 0xff, 0x3f, 0x83, 0x7c,
    0x87, 0xff, 0x37, 0xe8, 0x1f, 0xc1, 0xff, 0xcc,
    0x7f, 0x27, 0xf0, 0x7f, 0xf3, 0x1f, 0xd1, 0xfc,
    0x1f, 0xfc, 0xc7, 0xf4, 0x7f, 0x7, 0xff, 0x31,
    0xfd, 0x1f, 0xc1, 0xff, 0xcc, 0x7f, 0x47, 0xf0,
    0x7f, 0xf3, 0x1f, 0xd1, 0xfc, 0x1f, 0xfc, 0xc7,
    0xf4, 0x7f, 0x7, 0xff, 0x31, 0xfd, 0x1f, 0xc1,
    0xff, 0xcc, 0x7f, 0x47, 0xf0, 0x7f, 0xf3, 0x1f,
    0xd1, 0xfc, 0x1f, 0xfc, 0xc7, 0xf4, 0x7f, 0x7,
    0xff, 0x31, 0xfd, 0x1f, 0xc1, 0xff, 0xcc, 0x7f,
    0x47, 0xf0, 0x7f, 0xf3, 0x1f, 0xd1, 0xfc, 0x1f,
    0xfc, 0xc7, 0xf4, 0x7f, 0x7, 0xff, 0x31, 0xfd,
    0x1f, 0xc1, 0xff, 0xcc, 0x7f, 0x47, 0xf0, 0x7f,
    0xf3, 0x1f, 0xd1, 0xfc, 0x1f, 0xfc, 0xc7, 0xf4,
    0x7f, 0x7, 0xff, 0x31, 0xfd, 0x1f, 0xc1, 0xff,
    0xcc, 0x7f, 0x47, 0xf0, 0x7f, 0xf3, 0x1f, 0xd1,
    0xfc, 0x1f, 0xfc, 0xc7, 0xf4, 0x7e, 0x83, 0xff,
    0x9b, 0xfa, 0x3e, 0x87, 0xff, 0xf9, 0x60, 0xfa,
    0x3d, 0xf, 0xff, 0xf3, 0x41, 0xe4, 0x3b, 0xff,
    0xf9, 0xd0, 0x7f, 0xbf, 0xff, 0x99, 0xf, 0xa0,
    0xfb, 0xff, 0xf9, 0x50, 0xfd, 0x7, 0xff, 0x4f,
    0xf4, 0x1f, 0xfd, 0x27, 0xf4, 0x1f, 0xfd, 0x27,
    0xf4, 0x1f, 0xfd, 0x27, 0xf4, 0x1f, 0xfd, 0x27,
    0xf4, 0x1f, 0xfd, 0x27, 0xf4, 0x1f, 0xfd, 0x27,
    0xf4, 0x1f, 0xfd, 0x27, 0xf4, 0x1f, 0xfd, 0x27,
    0xf4, 0x1f, 0xfd, 0x27, 0xf4, 0x1f, 0xfd, 0x27,
    0xf4, 0x1f, 0xfd, 0x27, 0xf4, 0x1f, 0xfd, 0x27,
    0xf4, 0x1f, 0xfd, 0x27, 0xf4, 0x1f, 0xfd, 0x27,
    0xf4, 0x1f, 0xfd, 0x27, 0xf4, 0x1f, 0xfd, 0x27,
    0xf4, 0x1f, 0xfd, 0x27, 0xf4, 0x1f, 0xfd, 0x27,
    0xf4, 0x1f, 0xfd, 0x27, 0xf4, 0x1f, 0xfd, 0x27,
    0xf4, 0x1f, 0xfd, 0x27, 0xf4, 0x1f, 0xfd, 0x27,
    0xf4, 0x1f, 0xfd, 0x27, 0xf2, 0x1f, 0xfd, 0x3b,
    0xc8, 0x7f, 0xf5, 0x64, 0x0,

    /* U+0035 "5" */
    0x3, 0xff, 0xfc, 0xe8, 0x3e, 0x87, 0xff, 0xf9,
    0xd0, 0x7b, 0x87, 0xff, 0xf9, 0xd0, 0x77, 0xa1,
    0xff, 0xfe, 0x64, 0x1e, 0xfa, 0x1f, 0xff, 0xe5,
    0x41, 0xf7, 0xe8, 0x3f, 0xfa, 0x7f, 0xc1, 0xff,
    0xd3, 0xfe, 0xf, 0xfe, 0x9f, 0xf0, 0x7f, 0xf4,
    0xff, 0x83, 0xff, 0xa7, 0xfc, 0x1f, 0xfd, 0x3f,
    0xe0, 0xff, 0xe9, 0xff, 0x7, 0xff, 0x4f, 0xf8,
    0x3f, 0xfa, 0x7f, 0xc1, 0xff, 0xd3, 0xfe, 0xf,
    0xfe, 0x9f, 0xf0, 0x7f, 0xf4, 0xff, 0x83, 0xff,
    0xa7, 0xfc, 0x1f, 0xfd, 0x3f, 0xe0, 0xff, 0xe9,
    0xff, 0x7, 0xff, 0x4f, 0xf8, 0x3f, 0xfa, 0x7f,
    0xc1, 0xff, 0xd3, 0xfe, 0xf, 0xfe, 0x9f, 0xf0,
    0x7f, 0xf4, 0xff, 0x41, 0xff, 0xd3, 0xfa, 0x1f,
    0xff, 0xe5, 0x87, 0xde, 0x87, 0xff, 0xf9, 0xa1,
    0xfe, 0xff, 0xfe, 0x74, 0x1f, 0xef, 0xff, 0xe6,
    0x43, 0xe8, 0x3e, 0xff, 0xfe, 0x54, 0x3f, 0x41,
    0xff, 0xd3, 0xfd, 0x7, 0xff, 0x49, 0xfd, 0x7,
    0xff, 0x49, 0xfd, 0x7, 0xff, 0x49, 0xfd, 0x7,
    0xff, 0x49, 0xfd, 0x7, 0xff, 0x49, 0xfd, 0x7,
    0xff, 0x49, 0xfd, 0x7, 0xff, 0x49, 0xfd, 0x7,
    0xff, 0x49, 0xfd, 0x7, 0xff, 0x49, 0xfd, 0x7,
    0xff, 0x49, 0xfd, 0x7, 0xff, 0x49, 0xfd, 0x7,
    0xff, 0x49, 0xfd, 0x7, 0xff, 0x49, 0xfd, 0x7,
    0xff, 0x49, 0xfd, 0x7, 0xff, 0x49, 0xfd, 0x7,
    0xff, 0x49, 0xfd, 0x7, 0xff, 0x49, 0xfd, 0x7,
    0xff, 0x49, 0xfd, 0x7, 0xff, 0x49, 0xfd, 0x7,
    0xff, 0x4f, 0xf0, 0x7e, 0xff, 0xfe, 0x54, 0xf,
    0x7, 0xef, 0xff, 0xe6, 0x41, 0xfe, 0xff, 0xfe,
    0x74, 0x1f, 0xcf, 0xff, 0xf3, 0x20, 0xff, 0x9f,
    0xff, 0xe5, 0x41, 0xe0,

    /* U+0036 "6" */
    0xf, 0xfe, 0xde, 0x87, 0xff, 0x57, 0xe4, 0x3f,
    0xfa, 0x7f, 0xc1, 0xff, 0xd3, 0xfe, 0xf, 0xfe,
    0x9f, 0xf0, 0x7f, 0xf4, 0xff, 0x83, 0xff, 0xa7,
    0xfc, 0x1f, 0xfd, 0x3f, 0xe0, 0xff, 0xe9, 0xff,
    0x7, 0xff, 0x4f, 0xf8, 0x3f, 0xfa, 0x7f, 0xc1,
    0xff, 0xd3, 0xfe, 0xf, 0xfe, 0x9f, 0xf0, 0x7f,
    0xf4, 0xff, 0x83, 0xff, 0xa7, 0xfc, 0x1f, 0xfd,
    0x3f, 0xe0, 0xff, 0xe9, 0xff, 0x7, 0xff, 0x4f,
    0xf8, 0x3f, 0xfa, 0x7f, 0xc1, 0xff, 0xd3, 0xfe,
    0xf, 0xfe, 0x9f, 0xf0, 0x7f, 0xf4, 0xff, 0x83,
    0xff, 0xa7, 0xfc, 0x1f, 0xfd, 0x3f, 0xe0, 0xff,
    0xe9, 0xff, 0x7, 0xff, 0x4f, 0xf4, 0x1f, 0xfd,
    0x3f, 0xa1, 0xff, 0xfe, 0x58, 0x7d, 0xe8, 0x7f,
    0xff, 0x9a, 0x1f, 0xef, 0xff, 0xe7, 0x41, 0xdf,
    0x3, 0xff, 0xf9, 0x90, 0xc1, 0x7e, 0x7, 0xff,
    0xf2, 0xa1, 0xf4, 0xf, 0xd0, 0x7f, 0xf3, 0x7f,
    0x47, 0xf0, 0x7f, 0xf3, 0x1f, 0xd1, 0xfc, 0x1f,
    0xfc, 0xc7, 0xf4, 0x7f, 0x7, 0xff, 0x31, 0xfd,
    0x1f, 0xc1, 0xff, 0xcc, 0x7f, 0x47, 0xf0, 0x7f,
    0xf3, 0x1f, 0xd1, 0xfc, 0x1f, 0xfc, 0xc7, 0xf4,
    0x7f, 0x7, 0xff, 0x31, 0xfd, 0x1f, 0xc1, 0xff,
    0xcc, 0x7f, 0x47, 0xf0, 0x7f, 0xf3, 0x1f, 0xd1,
    0xfc, 0x1f, 0xfc, 0xc7, 0xf4, 0x7f, 0x7, 0xff,
    0x31, 0xfd, 0x1f, 0xc1, 0xff, 0xcc, 0x7f, 0x47,
    0xf0, 0x7f, 0xf3, 0x1f, 0xd1, 0xfc, 0x1f, 0xfc,
    0xc7, 0xf4, 0x7f, 0x7, 0xff, 0x31, 0xfd, 0x1f,
    0xc1, 0xff, 0xcc, 0x7f, 0x47, 0xf0, 0x7f, 0xf3,
    0x1f, 0xd1, 0xfc, 0x1f, 0xfc, 0xc7, 0xf4, 0x7f,
    0x7, 0xff, 0x31, 0xfd, 0xf, 0xd0, 0x7f, 0xf3,
    0x7f, 0x4, 0xf0, 0x3f, 0xff, 0x95, 0x3, 0xc1,
    0xfb, 0xff, 0xf9, 0x90, 0x7f, 0xbf, 0xff, 0x9d,
    0x7, 0xf3, 0xff, 0xfc, 0xc8, 0x3f, 0xe7, 0xff,
    0xf9, 0x50, 0x78,

    /* U+0037 "7" */
    0xb, 0xff, 0xf9, 0xd0, 0x6f, 0xff, 0xe7, 0x40,
    0x4f, 0xff, 0xe7, 0x40, 0xe0, 0x7f, 0xff, 0x32,
    0x7, 0xa0, 0xbf, 0xff, 0x95, 0x3, 0xe8, 0x3f,
    0xf9, 0xff, 0xa0, 0xff, 0xe7, 0x3f, 0xa0, 0xff,
    0xe7, 0x3f, 0xa0, 0xff, 0xe7, 0x3f, 0xa0, 0xff,
    0xe7, 0x3f, 0xa0, 0xff, 0xe7, 0x3f, 0xa0, 0xff,
    0xe7, 0x3f, 0xa0, 0xff, 0xe7, 0x3f, 0xa0, 0xff,
    0xe7, 0x3f, 0xa0, 0xff, 0xe7, 0x3f, 0xa0, 0xff,
    0xe7, 0x3f, 0xa0, 0xff, 0xe7, 0x3f, 0xa0, 0xff,
    0xe7, 0x3f, 0xa0, 0xff, 0xe7, 0x3f, 0xa0, 0xff,
    0xe7, 0x3f, 0xa0, 0xff, 0xe7, 0x3f, 0xa0, 0xff,
    0xe7, 0x3f, 0xa0, 0xff, 0xe7, 0x3f, 0xa0, 0xff,
    0xe7, 0x3f, 0xa0, 0xff, 0xe7, 0x3f, 0xa0, 0xff,
    0xe7, 0xfe, 0x83, 0xff, 0x9e, 0xfd, 0x7, 0xff,
    0x41, 0xf4, 0x1f, 0xff, 0x1a, 0x21, 0xff, 0xd0,
    0xfa, 0xf, 0xfe, 0x7f, 0xe8, 0x3f, 0xf9, 0xcf,
    0xe8, 0x3f, 0xf9, 0xcf, 0xe8, 0x3f, 0xf9, 0xcf,
    0xe8, 0x3f, 0xf9, 0xcf, 0xe8, 0x3f, 0xf9, 0xcf,
    0xe8, 0x3f, 0xf9, 0xcf, 0xe8, 0x3f, 0xf9, 0xcf,
    0xe8, 0x3f, 0xf9, 0xcf, 0xe8, 0x3f, 0xf9, 0xcf,
    0xe8, 0x3f, 0xf9, 0xcf, 0xe8, 0x3f, 0xf9, 0xcf,
    0xe8, 0x3f, 0xf9, 0xcf, 0xe8, 0x3f, 0xf9, 0xcf,
    0xe8, 0x3f, 0xf9, 0xcf, 0xe8, 0x3f, 0xf9, 0xcf,
    0xe8, 0x3f, 0xf9, 0xcf, 0xe8, 0x3f, 0xf9, 0xcf,
    0xe8, 0x3f, 0xf9, 0xcf, 0xe8, 0x3f, 0xf9, 0xcf,
    0xe8, 0x3f, 0xf9, 0xcf, 0xe8, 0x3f, 0xf9, 0xcf,
    0xe8, 0x3f, 0xf9, 0xcf, 0xe8, 0x3f, 0xf9, 0xcf,
    0xe4, 0x3f, 0xf9, 0xff, 0x41, 0xff, 0xd1, 0xe0,
    0xff, 0xeb, 0x0,

    /* U+0038 "8" */
    0xf, 0xbf, 0xff, 0x95, 0x7, 0xff, 0x3, 0xff,
    0xf9, 0x90, 0x7f, 0xbf, 0xff, 0x9d, 0x7, 0xfb,
    0xff, 0xf9, 0x90, 0x7c, 0xf0, 0x3f, 0xff, 0x95,
    0x3, 0xc1, 0x3f, 0x41, 0xff, 0xcd, 0xfc, 0xf,
    0xe0, 0xff, 0xe6, 0x3f, 0xa3, 0xf8, 0x3f, 0xf9,
    0x8f, 0xe8, 0xfe, 0xf, 0xfe, 0x63, 0xfa, 0x3f,
    0x83, 0xff, 0x98, 0xfe, 0x8f, 0xe0, 0xff, 0xe6,
    0x3f, 0xa3, 0xf8, 0x3f, 0xf9, 0x8f, 0xe8, 0xfe,
    0xf, 0xfe, 0x63, 0xfa, 0x3f, 0x83, 0xff, 0x98,
    0xfe, 0x8f, 0xe0, 0xff, 0xe6, 0x3f, 0xa3, 0xf8,
    0x3f, 0xf9, 0x8f, 0xe8, 0xfe, 0xf, 0xfe, 0x63,
    0xfa, 0x3f, 0x83, 0xff, 0x98, 0xfe, 0x8f, 0xe0,
    0xff, 0xe6, 0x3f, 0xa3, 0xf8, 0x3f, 0xf9, 0x8f,
    0xe8, 0xfe, 0xf, 0xfe, 0x63, 0xfa, 0x3f, 0x83,
    0xff, 0x98, 0xfe, 0x8f, 0xe0, 0xff, 0xe6, 0x3f,
    0xa3, 0xf8, 0x3f, 0xf9, 0x8f, 0xe8, 0xfe, 0xf,
    0xfe, 0x63, 0xfa, 0x3f, 0x41, 0xff, 0xcd, 0xfc,
    0x83, 0xd0, 0xff, 0xff, 0x2c, 0x1e, 0x43, 0x23,
    0xff, 0xfc, 0xd0, 0x21, 0xf7, 0xff, 0xf3, 0xa0,
    0xf3, 0x83, 0xff, 0xf9, 0x90, 0xc1, 0xbe, 0x7,
    0xff, 0xf2, 0xa1, 0xf4, 0xf, 0xd0, 0x7f, 0xf3,
    0x7f, 0x27, 0xf0, 0x7f, 0xf3, 0x1f, 0xd1, 0xfc,
    0x1f, 0xfc, 0xc7, 0xf4, 0x7f, 0x7, 0xff, 0x31,
    0xfd, 0x1f, 0xc1, 0xff, 0xcc, 0x7f, 0x47, 0xf0,
    0x7f, 0xf3, 0x1f, 0xd1, 0xfc, 0x1f, 0xfc, 0xc7,
    0xf4, 0x7f, 0x7, 0xff, 0x31, 0xfd, 0x1f, 0xc1,
    0xff, 0xcc, 0x7f, 0x47, 0xf0, 0x7f, 0xf3, 0x1f,
    0xd1, 0xfc, 0x1f, 0xfc, 0xc7, 0xf4, 0x7f, 0x7,
    0xff, 0x31, 0xfd, 0x1f, 0xc1, 0xff, 0xcc, 0x7f,
    0x47, 0xf0, 0x7f, 0xf3, 0x1f, 0xd1, 0xfc, 0x1f,
    0xfc, 0xc7, 0xf4, 0x7f, 0x7, 0xff, 0x31, 0xfd,
    0x1f, 0xc1, 0xff, 0xcc, 0x7f, 0x47, 0xf0, 0x7f,
    0xf3, 0x1f, 0xd1, 0xfc, 0x1f, 0xfc, 0xc7, 0xf4,
    0x7f, 0x7, 0xff, 0x31, 0xfd, 0xf, 0xd0, 0x7f,
    0xf3, 0x7f, 0x4, 0xf0, 0x3f, 0xff, 0x95, 0x3,
    0xc1, 0xfb, 0xff, 0xf9, 0x90, 0x7f, 0xbf, 0xff,
    0x9d, 0x7, 0xf3, 0xff, 0xfc, 0xc8, 0x3f, 0xe7,
    0xff, 0xf9, 0x50, 0x78,

    /* U+0039 "9" */
    0xf, 0xbf, 0xff, 0x95, 0x7, 0xff, 0x3, 0xff,
    0xf9, 0x90, 0x7f, 0xbf, 0xff, 0x9d, 0x7, 0xfb,
    0xff, 0xf9, 0x90, 0x7c, 0xf0, 0x3f, 0xff, 0x95,
    0x3, 0xc1, 0x3f, 0x41, 0xff, 0xcd, 0xfc, 0xf,
    0xe0, 0xff, 0xe6, 0x3f, 0xa3, 0xf8, 0x3f, 0xf9,
    0x8f, 0xe8, 0xfe, 0xf, 0xfe, 0x63, 0xfa, 0x3f,
    0x83, 0xff, 0x98, 0xfe, 0x8f, 0xe0, 0xff, 0xe6,
    0x3f, 0xa3, 0xf8, 0x3f, 0xf9, 0x8f, 0xe8, 0xfe,
    0xf, 0xfe, 0x63, 0xfa, 0x3f, 0x83, 0xff, 0x98,
    0xfe, 0x8f, 0xe0, 0xff, 0xe6, 0x3f, 0xa3, 0xf8,
    0x3f, 0xf9, 0x8f, 0xe8, 0xfe, 0xf, 0xfe, 0x63,
    0xfa, 0x3f, 0x83, 0xff, 0x98, 0xfe, 0x8f, 0xe0,
    0xff, 0xe6, 0x3f, 0xa3, 0xf8, 0x3f, 0xf9, 0x8f,
    0xe8, 0xfe, 0xf, 0xfe, 0x63, 0xfa, 0x3f, 0x83,
    0xff, 0x98, 0xfe, 0x8f, 0xe0, 0xff, 0xe6, 0x3f,
    0xa3, 0xf8, 0x3f, 0xf9, 0x8f, 0xe8, 0xfe, 0xf,
    0xfe, 0x63, 0xfa, 0x3f, 0x41, 0xff, 0xcd, 0xfd,
    0x3, 0xd0, 0xff, 0xff, 0x2c, 0x1f, 0x41, 0x23,
    0xff, 0xfc, 0xd0, 0x79, 0xe, 0xff, 0xfe, 0x74,
    0x1f, 0xef, 0xff, 0xe6, 0x43, 0xe8, 0x3e, 0xff,
    0xfe, 0x54, 0x3f, 0x41, 0xff, 0xd3, 0xfd, 0x7,
    0xff, 0x49, 0xfd, 0x7, 0xff, 0x49, 0xfd, 0x7,
    0xff, 0x49, 0xfd, 0x7, 0xff, 0x49, 0xfd, 0x7,
    0xff, 0x49, 0xfd, 0x7, 0xff, 0x49, 0xfd, 0x7,
    0xff, 0x49, 0xfd, 0x7, 0xff, 0x49, 0xfd, 0x7,
    0xff, 0x49, 0xfd, 0x7, 0xff, 0x49, 0xfd, 0x7,
    0xff, 0x49, 0xfd, 0x7, 0xff, 0x49, 0xfd, 0x7,
    0xff, 0x49, 0xfd, 0x7, 0xff, 0x49, 0xfd, 0x7,
    0xff, 0x49, 0xfd, 0x7, 0xff, 0x49, 0xfd, 0x7,
    0xff, 0x49, 0xfd, 0x7, 0xff, 0x49, 0xfd, 0x7,
    0xff, 0x49, 0xfd, 0x7, 0xff, 0x49, 0xfd, 0x7,
    0xff, 0x49, 0xfd, 0x7, 0xff, 0x49, 0xfd, 0x7,
    0xff, 0x49, 0xfc, 0x87, 0xff, 0x4e, 0xf2, 0x1f,
    0xfd, 0x59, 0x0,

    /* U+003A ":" */
    0xff, 0xff, 0x28, 0x7f, 0xff, 0xc3, 0xff, 0xb3,
    0xff, 0xfe, 0x50,

    /* U+003B ";" */
    0xff, 0xff, 0x28, 0x7f, 0xff, 0xc3, 0xff, 0xb2,
    0xd7, 0x3f, 0xff, 0xde, 0xbf, 0xa3, 0xf8, 0x2f,
    0x83, 0xb0, 0xff, 0x0,

    /* U+003C "<" */
    0xf, 0xfe, 0x45, 0xf0, 0x7f, 0xf1, 0xef, 0xc1,
    0xff, 0xc6, 0xbf, 0x83, 0xff, 0x8a, 0xff, 0x21,
    0xff, 0xc4, 0x7f, 0xa0, 0xff, 0xe2, 0xff, 0x41,
    0xff, 0xc5, 0xff, 0x7, 0xff, 0x17, 0xfc, 0x1f,
    0xfc, 0x5f, 0xf0, 0x7f, 0xf1, 0x6f, 0xe4, 0x3f,
    0xf8, 0x97, 0xf2, 0x1f, 0xfc, 0x47, 0xfa, 0xf,
    0xfe, 0x23, 0xfe, 0xf, 0xfe, 0x2f, 0xf8, 0x3f,
    0xf8, 0xbf, 0xe0, 0xff, 0xe2, 0xff, 0x90, 0xff,
    0xe2, 0x7f, 0x90, 0xff, 0xe2, 0x5f, 0xd0, 0x7f,
    0xf1, 0x2f, 0xe8, 0x3f, 0xf8, 0x8f, 0xf8, 0x3f,
    0xf8, 0x8f, 0xf8, 0x3f, 0xf8, 0x8f, 0xf8, 0x3f,
    0xf8, 0xbf, 0xe4, 0x3f, 0xf8, 0x9f, 0xe4, 0x3f,
    0xf8, 0xbf, 0xd0, 0x7f, 0xf1, 0xbf, 0x83, 0xff,
    0x8f, 0x7a, 0xf, 0xff, 0x7, 0xe0, 0xff, 0xe4,
    0x7f, 0x7, 0xff, 0x1f, 0xfa, 0xf, 0xfe, 0x35,
    0xfc, 0x87, 0xff, 0x1b, 0xfc, 0x1f, 0xfc, 0x7f,
    0xf0, 0x7f, 0xf1, 0x9f, 0xe8, 0x3f, 0xf8, 0xd7,
    0xf4, 0x1f, 0xfc, 0x6f, 0xf2, 0x1f, 0xfc, 0x6f,
    0xf0, 0x7f, 0xf1, 0xff, 0xc1, 0xff, 0xc6, 0x7f,
    0xa0, 0xff, 0xe3, 0x5f, 0xc8, 0x7f, 0xf1, 0xbf,
    0xc1, 0xff, 0xc7, 0xff, 0x7, 0xff, 0x19, 0xfe,
    0x83, 0xff, 0x8d, 0x7f, 0x21, 0xff, 0xc6, 0xbf,
    0x83, 0xff, 0x8f, 0xfe, 0xf, 0xfe, 0x3f, 0xf4,
    0x1f, 0xfc, 0x67, 0xf9, 0xf, 0xfe, 0x35, 0xfc,
    0x1f, 0xfc, 0x7f, 0xf0, 0x7f, 0xf1, 0xff, 0xa0,
    0xff, 0xe3, 0x3f, 0xc8, 0x7f, 0xf1, 0x9f, 0xe0,
    0xff, 0xe3, 0xdf, 0x90, 0xff, 0xe3, 0xfe, 0x43,
    0xff, 0x91, 0xf2,

    /* U+003D "=" */
    0x7, 0xff, 0xf4, 0xa0, 0xbf, 0xff, 0xa9, 0x17,
    0xff, 0xf5, 0x41, 0xff, 0xfd, 0x44, 0x2b, 0xff,
    0xfa, 0x28, 0x7f, 0xff, 0xc3, 0xff, 0xf3, 0x7f,
    0xff, 0x45, 0xb, 0xff, 0xfa, 0x89, 0x7f, 0xff,
    0x54, 0x1f, 0xff, 0xd4, 0x82, 0xff, 0xfe, 0x94,
    0x0,

    /* U+003E ">" */
    0x3e, 0x83, 0xff, 0x93, 0xf9, 0xf, 0xfe, 0x47,
    0xf2, 0x1f, 0xfc, 0x7b, 0xf9, 0xf, 0xfe, 0x3d,
    0xfc, 0x1f, 0xfc, 0x8f, 0xf0, 0x7f, 0xf2, 0x3f,
    0xc1, 0xff, 0xc8, 0xfe, 0x83, 0xff, 0x8e, 0xff,
    0x41, 0xff, 0xc7, 0x7f, 0xa0, 0xff, 0xe3, 0xdf,
    0xc8, 0x7f, 0xf1, 0xff, 0xc8, 0x7f, 0xf1, 0xff,
    0xc1, 0xff, 0xc8, 0xff, 0x7, 0xff, 0x1d, 0xff,
    0x7, 0xff, 0x1d, 0xff, 0x7, 0xff, 0x1e, 0xfe,
    0x83, 0xff, 0x8f, 0x7f, 0x41, 0xff, 0xc7, 0xff,
    0x21, 0xff, 0xc7, 0xff, 0x21, 0xff, 0xc7, 0xff,
    0x21, 0xff, 0xc6, 0x7f, 0xc1, 0xff, 0xc7, 0x7f,
    0xc1, 0xff, 0xc7, 0xbf, 0xa0, 0xff, 0xe3, 0xdf,
    0xc1, 0xff, 0xc8, 0xfe, 0xf, 0xfe, 0x4f, 0xd0,
    0x7f, 0xf8, 0x5f, 0xc1, 0xff, 0xc8, 0xfe, 0xf,
    0xfe, 0x3f, 0xf8, 0x3f, 0xf8, 0xd7, 0xf4, 0x1f,
    0xfc, 0x57, 0xfc, 0x1f, 0xfc, 0x6f, 0xf0, 0x7f,
    0xf1, 0xbf, 0xc1, 0xff, 0xc6, 0xbf, 0x90, 0xff,
    0xe2, 0xbf, 0xd0, 0x7f, 0xf1, 0xbf, 0xc1, 0xff,
    0xc6, 0xff, 0x7, 0xff, 0x1a, 0xfe, 0x43, 0xff,
    0x8a, 0xff, 0x41, 0xff, 0xc6, 0xfe, 0x83, 0xff,
    0x8d, 0xfe, 0xf, 0xfe, 0x35, 0xfc, 0x1f, 0xfc,
    0x6b, 0xf9, 0xf, 0xfe, 0x2b, 0xfd, 0x7, 0xff,
    0x1b, 0xfc, 0x1f, 0xfc, 0x6f, 0xf0, 0x7f, 0xf1,
    0xaf, 0xe4, 0x3f, 0xf8, 0xaf, 0xf2, 0x1f, 0xfc,
    0x6f, 0xe8, 0x3f, 0xf8, 0xdf, 0xe0, 0xff, 0xe3,
    0x5f, 0xc1, 0xff, 0xc6, 0x7f, 0x90, 0xff, 0xe3,
    0x5f, 0xa0, 0xff, 0xe3, 0xdf, 0x83, 0xff, 0x91,
    0x7c, 0x1f, 0xfc, 0x80,

    /* U+003F "?" */
    0xf, 0x7f, 0xff, 0x2a, 0xf, 0xfb, 0xff, 0xf9,
    0x90, 0x7f, 0x7f, 0xff, 0x3a, 0xf, 0xef, 0xff,
    0xe6, 0x41, 0xff, 0x7f, 0xff, 0x2a, 0x7, 0x83,
    0xff, 0xa9, 0xf8, 0x3f, 0xfa, 0x4f, 0xe8, 0x3f,
    0xfa, 0x2f, 0xe8, 0x3f, 0xfa, 0x2f, 0xe8, 0x3f,
    0xfa, 0x2f, 0xe8, 0x3f, 0xfa, 0x2f, 0xe8, 0x3f,
    0xfa, 0x2f, 0xe8, 0x3f, 0xfa, 0x2f, 0xe8, 0x3f,
    0xfa, 0x2f, 0xe8, 0x3f, 0xfa, 0x2f, 0xe8, 0x3f,
    0xfa, 0x2f, 0xe8, 0x3f, 0xfa, 0x2f, 0xe8, 0x3f,
    0xfa, 0x2f, 0xe8, 0x3f, 0xfa, 0x2f, 0xe8, 0x3f,
    0xfa, 0x2f, 0xe8, 0x3f, 0xfa, 0x2f, 0xe8, 0x3f,
    0xfa, 0x2f, 0xe8, 0x3f, 0xfa, 0x2f, 0xe8, 0x3f,
    0xfa, 0x2f, 0xe8, 0x3f, 0xfa, 0x2f, 0xe8, 0x3f,
    0xfa, 0x5f, 0x90, 0xe7, 0xff, 0xf9, 0x60, 0xf2,
    0x1c, 0xff, 0xff, 0x34, 0x8, 0x7b, 0xff, 0xf9,
    0xd0, 0x7b, 0x7, 0xff, 0xf3, 0x20, 0xf7, 0xc0,
    0xff, 0xfe, 0x54, 0x1e, 0xfe, 0xf, 0xfe, 0x97,
    0xf0, 0x7f, 0xf4, 0xbf, 0x83, 0xff, 0xa5, 0xfc,
    0x1f, 0xfd, 0x2f, 0xe0, 0xff, 0xe9, 0x7f, 0x7,
    0xff, 0x4b, 0xf8, 0x3f, 0xfa, 0x5f, 0xc1, 0xff,
    0xd2, 0xfe, 0xf, 0xfe, 0x97, 0xf0, 0x7f, 0xf4,
    0xbf, 0x83, 0xff, 0xa5, 0xfc, 0x1f, 0xfd, 0x2f,
    0xe0, 0xff, 0xe9, 0x7f, 0x7, 0xff, 0x4b, 0xf8,
    0x3f, 0xfa, 0x5f, 0xa0, 0xff, 0xe9, 0xdc, 0x1f,
    0xfd, 0x54, 0x3f, 0xfe, 0xff, 0xa0, 0xff, 0xe9,
    0x7f, 0x7, 0xff, 0x4b, 0xf8, 0x3f, 0xfa, 0x5f,
    0xc1, 0xff, 0xd2, 0xfe, 0xf, 0xfe, 0x97, 0xf0,
    0x7f, 0xf4, 0xbf, 0x83, 0xff, 0xa4,

    /* U+0040 "@" */

    /* U+0041 "A" */
    0xf, 0xbf, 0xff, 0x95, 0x7, 0xff, 0x3, 0xff,
    0xf9, 0x90, 0x7f, 0xbf, 0xff, 0x9d, 0x7, 0xfb,
    0xff, 0xf9, 0x90, 0x7c, 0xf0, 0x3f, 0xff, 0x95,
    0x3, 0xc1, 0x3f, 0x41, 0xff, 0xcd, 0xfc, 0xf,
    0xe0, 0xff, 0xe6, 0x3f, 0xa3, 0xf8, 0x3f, 0xf9,
    0x8f, 0xe8, 0xfe, 0xf, 0xfe, 0x63, 0xfa, 0x3f,
    0x83, 0xff, 0x98, 0xfe, 0x8f, 0xe0, 0xff, 0xe6,
    0x3f, 0xa3, 0xf8, 0x3f, 0xf9, 0x8f, 0xe8, 0xfe,
    0xf, 0xfe, 0x63, 0xfa, 0x3f, 0x83, 0xff, 0x98,
    0xfe, 0x8f, 0xe0, 0xff, 0xe6, 0x3f, 0xa3, 0xf8,
    0x3f, 0xf9, 0x8f, 0xe8, 0xfe, 0xf, 0xfe, 0x63,
    0xfa, 0x3f, 0x83, 0xff, 0x98, 0xfe, 0x8f, 0xe0,
    0xff, 0xe6, 0x3f, 0xa3, 0xf8, 0x3f, 0xf9, 0x8f,
    0xe8, 0xfe, 0xf, 0xfe, 0x63, 0xfa, 0x3f, 0x83,
    0xff, 0x98, 0xfe, 0x8f, 0xe0, 0xff, 0xe6, 0x3f,
    0xa3, 0xf8, 0x3f, 0xf9, 0x8f, 0xe8, 0xfe, 0xf,
    0xfe, 0x63, 0xfa, 0x3f, 0x41, 0xff, 0xcd, 0xfd,
    0x1f, 0x43, 0xff, 0xfc, 0xb0, 0x7d, 0x1e, 0x87,
    0xff, 0xf9, 0xa0, 0xf2, 0x1d, 0xff, 0xfc, 0xe8,
    0x3b, 0xe0, 0x7f, 0xff, 0x32, 0x1f, 0x47, 0xe0,
    0x7f, 0xff, 0x2a, 0x1f, 0xa3, 0xf4, 0x1f, 0xfc,
    0xdf, 0xd1, 0xfc, 0x1f, 0xfc, 0xc7, 0xf4, 0x7f,
    0x7, 0xff, 0x31, 0xfd, 0x1f, 0xc1, 0xff, 0xcc,
    0x7f, 0x47, 0xf0, 0x7f, 0xf3, 0x1f, 0xd1, 0xfc,
    0x1f, 0xfc, 0xc7, 0xf4, 0x7f, 0x7, 0xff, 0x31,
    0xfd, 0x1f, 0xc1, 0xff, 0xcc, 0x7f, 0x47, 0xf0,
    0x7f, 0xf3, 0x1f, 0xd1, 0xfc, 0x1f, 0xfc, 0xc7,
    0xf4, 0x7f, 0x7, 0xff, 0x31, 0xfd, 0x1f, 0xc1,
    0xff, 0xcc, 0x7f, 0x47, 0xf0, 0x7f, 0xf3, 0x1f,
    0xd1, 0xfc, 0x1f, 0xfc, 0xc7, 0xf4, 0x7f, 0x7,
    0xff, 0x31, 0xfd, 0x1f, 0xc1, 0xff, 0xcc, 0x7f,
    0x47, 0xf0, 0x7f, 0xf3, 0x1f, 0xd1, 0xfc, 0x1f,
    0xfc, 0xc7, 0xf4, 0x7f, 0x7, 0xff, 0x31, 0xfd,
    0x1f, 0xc1, 0xff, 0xcc, 0x7f, 0x47, 0xf0, 0x7f,
    0xf3, 0x1f, 0xd1, 0xfc, 0x1f, 0xfc, 0xc7, 0xf4,
    0x7f, 0x7, 0xff, 0x31, 0xfd, 0x1f, 0xc1, 0xff,
    0xcc, 0x7f, 0x20, 0xf8, 0x3f, 0xf9, 0xd7, 0x90,
    0xd0, 0x7f, 0xf4, 0x24, 0x0,

    /* U+0042 "B" */
    0x3, 0xff, 0xfc, 0xe8, 0x3e, 0x87, 0xff, 0xf9,
    0xd0, 0x7b, 0x87, 0xff, 0xf9, 0xd0, 0x77, 0xa1,
    0xff, 0xfe, 0x64, 0x1e, 0xfa, 0x1f, 0xff, 0xe5,
    0x40, 0xf0, 0x5f, 0xa0, 0xff, 0xe6, 0xfe, 0x7,
    0xf0, 0x7f, 0xf3, 0x1f, 0xd1, 0xfc, 0x1f, 0xfc,
    0xc7, 0xf4, 0x7f, 0x7, 0xff, 0x31, 0xfd, 0x1f,
    0xc1, 0xff, 0xcc, 0x7f, 0x47, 0xf0, 0x7f, 0xf3,
    0x1f, 0xd1, 0xfc, 0x1f, 0xfc, 0xc7, 0xf4, 0x7f,
    0x7, 0xff, 0x31, 0xfd, 0x1f, 0xc1, 0xff, 0xcc,
    0x7f, 0x47, 0xf0, 0x7f, 0xf3, 0x1f, 0xd1, 0xfc,
    0x1f, 0xfc, 0xc7, 0xf4, 0x7f, 0x7, 0xff, 0x31,
    0xfd, 0x1f, 0xc1, 0xff, 0xcc, 0x7f, 0x47, 0xf0,
    0x7f, 0xf3, 0x1f, 0xd1, 0xfc, 0x1f, 0xfc, 0xc7,
    0xf4, 0x7f, 0x7, 0xff, 0x31, 0xfd, 0x1f, 0xc1,
    0xff, 0xcc, 0x7f, 0x47, 0xf0, 0x7f, 0xf3, 0x1f,
    0xd1, 0xfc, 0x1f, 0xfc, 0xc7, 0xf4, 0x7f, 0x7,
    0xff, 0x31, 0xfd, 0x1f, 0xa0, 0xff, 0xe6, 0xfe,
    0x8f, 0xa1, 0xff, 0xfe, 0x58, 0x3e, 0x8f, 0x43,
    0xff, 0xfc, 0xd0, 0x79, 0xe, 0xff, 0xfe, 0x74,
    0x1d, 0xf0, 0x3f, 0xff, 0x99, 0xf, 0xa3, 0xf0,
    0x3f, 0xff, 0x95, 0xf, 0xd1, 0xfa, 0xf, 0xfe,
    0x6f, 0xe8, 0xfe, 0xf, 0xfe, 0x63, 0xfa, 0x3f,
    0x83, 0xff, 0x98, 0xfe, 0x8f, 0xe0, 0xff, 0xe6,
    0x3f, 0xa3, 0xf8, 0x3f, 0xf9, 0x8f, 0xe8, 0xfe,
    0xf, 0xfe, 0x63, 0xfa, 0x3f, 0x83, 0xff, 0x98,
    0xfe, 0x8f, 0xe0, 0xff, 0xe6, 0x3f, 0xa3, 0xf8,
    0x3f, 0xf9, 0x8f, 0xe8, 0xfe, 0xf, 0xfe, 0x63,
    0xfa, 0x3f, 0x83, 0xff, 0x98, 0xfe, 0x8f, 0xe0,
    0xff, 0xe6, 0x3f, 0xa3, 0xf8, 0x3f, 0xf9, 0x8f,
    0xe8, 0xfe, 0xf, 0xfe, 0x63, 0xfa, 0x3f, 0x83,
    0xff, 0x98, 0xfe, 0x8f, 0xe0, 0xff, 0xe6, 0x3f,
    0xa3, 0xf8, 0x3f, 0xf9, 0x8f, 0xe8, 0xfe, 0xf,
    0xfe, 0x63, 0xfa, 0x3f, 0x83, 0xff, 0x98, 0xfe,
    0x8f, 0xe0, 0xff, 0xe6, 0x3f, 0xa3, 0xf4, 0x1f,
    0xfc, 0xdf, 0xc0, 0xfa, 0x7, 0xff, 0xf2, 0xa0,
    0x78, 0x2f, 0x40, 0xff, 0xfe, 0x64, 0x1e, 0xe1,
    0xff, 0xfe, 0x74, 0x1d, 0xf, 0xff, 0xf3, 0xa0,
    0xf9, 0xff, 0xfe, 0x74, 0x1e,

    /* U+0043 "C" */
    0xf, 0xbf, 0xff, 0x95, 0x7, 0xef, 0xff, 0xe6,
    0x41, 0xef, 0xff, 0xe7, 0x41, 0xef, 0xff, 0xe6,
    0x41, 0x3c, 0xf, 0xff, 0xe5, 0x41, 0x3f, 0x41,
    0xff, 0xcf, 0xfe, 0xf, 0xfe, 0x7f, 0xf0, 0x7f,
    0xf3, 0xff, 0x83, 0xff, 0x9f, 0xfc, 0x1f, 0xfc,
    0xff, 0xe0, 0xff, 0xe7, 0xff, 0x7, 0xff, 0x3f,
    0xf8, 0x3f, 0xf9, 0xff, 0xc1, 0xff, 0xcf, 0xfe,
    0xf, 0xfe, 0x7f, 0xf0, 0x7f, 0xf3, 0xff, 0x83,
    0xff, 0x9f, 0xfc, 0x1f, 0xfc, 0xff, 0xe0, 0xff,
    0xe7, 0xff, 0x7, 0xff, 0x3f, 0xf8, 0x3f, 0xf9,
    0xff, 0xc1, 0xff, 0xcf, 0xfe, 0xf, 0xfe, 0x7f,
    0xf0, 0x7f, 0xf3, 0xff, 0x83, 0xff, 0x9f, 0xfa,
    0xf, 0xfe, 0x7f, 0xd0, 0x7f, 0xf4, 0x3d, 0x7,
    0xff, 0xc7, 0xd0, 0x7f, 0xf4, 0x7f, 0x7, 0xff,
    0x43, 0xf4, 0x1f, 0xfc, 0xff, 0xe0, 0xff, 0xe7,
    0xff, 0x7, 0xff, 0x3f, 0xf8, 0x3f, 0xf9, 0xff,
    0xc1, 0xff, 0xcf, 0xfe, 0xf, 0xfe, 0x7f, 0xf0,
    0x7f, 0xf3, 0xff, 0x83, 0xff, 0x9f, 0xfc, 0x1f,
    0xfc, 0xff, 0xe0, 0xff, 0xe7, 0xff, 0x7, 0xff,
    0x3f, 0xf8, 0x3f, 0xf9, 0xff, 0xc1, 0xff, 0xcf,
    0xfe, 0xf, 0xfe, 0x7f, 0xf0, 0x7f, 0xf3, 0xff,
    0x83, 0xff, 0x9f, 0xfc, 0x1f, 0xfc, 0xff, 0xe0,
    0xff, 0xe7, 0xff, 0x7, 0xff, 0x3f, 0xf8, 0x3f,
    0xf9, 0xef, 0xd0, 0x7f, 0xf4, 0x1e, 0x7, 0xff,
    0xf2, 0xa0, 0xfd, 0xff, 0xfc, 0xc8, 0x3d, 0xff,
    0xfc, 0xe8, 0x39, 0xff, 0xfe, 0x64, 0x1f, 0x3f,
    0xff, 0xca, 0x80,

    /* U+0044 "D" */
    0x3, 0xff, 0xfc, 0xe8, 0x3e, 0x87, 0xff, 0xf9,
    0xd0, 0x7b, 0x87, 0xff, 0xf9, 0xd0, 0x77, 0xa1,
    0xff, 0xfe, 0x64, 0x1e, 0xfa, 0x1f, 0xff, 0xe5,
    0x40, 0xf0, 0x5f, 0xa0, 0xff, 0xe6, 0xfe, 0x7,
    0xf0, 0x7f, 0xf3, 0x1f, 0xd1, 0xfc, 0x1f, 0xfc,
    0xc7, 0xf4, 0x7f, 0x7, 0xff, 0x31, 0xfd, 0x1f,
    0xc1, 0xff, 0xcc, 0x7f, 0x47, 0xf0, 0x7f, 0xf3,
    0x1f, 0xd1, 0xfc, 0x1f, 0xfc, 0xc7, 0xf4, 0x7f,
    0x7, 0xff, 0x31, 0xfd, 0x1f, 0xc1, 0xff, 0xcc,
    0x7f, 0x47, 0xf0, 0x7f, 0xf3, 0x1f, 0xd1, 0xfc,
    0x1f, 0xfc, 0xc7, 0xf4, 0x7f, 0x7, 0xff, 0x31,
    0xfd, 0x1f, 0xc1, 0xff, 0xcc, 0x7f, 0x47, 0xf0,
    0x7f, 0xf3, 0x1f, 0xd1, 0xfc, 0x1f, 0xfc, 0xc7,
    0xf4, 0x7f, 0x7, 0xff, 0x31, 0xfd, 0x1f, 0xc1,
    0xff, 0xcc, 0x7f, 0x47, 0xf0, 0x7f, 0xf3, 0x1f,
    0xd1, 0xfc, 0x1f, 0xfc, 0xc7, 0xf4, 0x7f, 0x7,
    0xff, 0x31, 0xfd, 0x1f, 0xa0, 0xff, 0xe6, 0xfe,
    0x8f, 0xa0, 0xff, 0xe7, 0xfd, 0x1e, 0x83, 0xff,
    0xa3, 0xe4, 0x3f, 0xfb, 0x3e, 0x83, 0xff, 0xa0,
    0xfa, 0x3f, 0x7, 0xff, 0x39, 0xfa, 0x3f, 0x41,
    0xff, 0xcd, 0xfd, 0x1f, 0xc1, 0xff, 0xcc, 0x7f,
    0x47, 0xf0, 0x7f, 0xf3, 0x1f, 0xd1, 0xfc, 0x1f,
    0xfc, 0xc7, 0xf4, 0x7f, 0x7, 0xff, 0x31, 0xfd,
    0x1f, 0xc1, 0xff, 0xcc, 0x7f, 0x47, 0xf0, 0x7f,
    0xf3, 0x1f, 0xd1, 0xfc, 0x1f, 0xfc, 0xc7, 0xf4,
    0x7f, 0x7, 0xff, 0x31, 0xfd, 0x1f, 0xc1, 0xff,
    0xcc, 0x7f, 0x47, 0xf0, 0x7f, 0xf3, 0x1f, 0xd1,
    0xfc, 0x1f, 0xfc, 0xc7, 0xf4, 0x7f, 0x7, 0xff,
    0x31, 0xfd, 0x1f, 0xc1, 0xff, 0xcc, 0x7f, 0x47,
    0xf0, 0x7f, 0xf3, 0x1f, 0xd1, 0xfc, 0x1f, 0xfc,
    0xc7, 0xf4, 0x7f, 0x7, 0xff, 0x31, 0xfd, 0x1f,
    0xc1, 0xff, 0xcc, 0x7f, 0x47, 0xf0, 0x7f, 0xf3,
    0x1f, 0xd1, 0xfc, 0x1f, 0xfc, 0xc7, 0xf4, 0x7e,
    0x83, 0xff, 0x9b, 0xf8, 0x1f, 0x40, 0xff, 0xfe,
    0x54, 0xf, 0x5, 0xe8, 0x1f, 0xff, 0xcc, 0x83,
    0xdc, 0x3f, 0xff, 0xce, 0x83, 0xa1, 0xff, 0xfe,
    0x74, 0x1f, 0x3f, 0xff, 0xce, 0x83, 0xc0,

    /* U+0045 "E" */
    0x3, 0xff, 0xfc, 0xe8, 0x28, 0x7f, 0xff, 0x9d,
    0x3, 0x87, 0xff, 0xf9, 0xd1, 0xe8, 0x7f, 0xff,
    0x99, 0x3, 0xe8, 0x7f, 0xff, 0x95, 0x5, 0xfa,
    0xf, 0xfe, 0x7f, 0xf0, 0x7f, 0xf3, 0xff, 0x83,
    0xff, 0x9f, 0xfc, 0x1f, 0xfc, 0xff, 0xe0, 0xff,
    0xe7, 0xff, 0x7, 0xff, 0x3f, 0xf8, 0x3f, 0xf9,
    0xff, 0xc1, 0xff, 0xcf, 0xfe, 0xf, 0xfe, 0x7f,
    0xf0, 0x7f, 0xf3, 0xff, 0x83, 0xff, 0x9f, 0xfc,
    0x1f, 0xfc, 0xff, 0xe0, 0xff, 0xe7, 0xff, 0x7,
    0xff, 0x3f, 0xf8, 0x3f, 0xf9, 0xff, 0xc1, 0xff,
    0xcf, 0xfe, 0xf, 0xfe, 0x7f, 0xf0, 0x7f, 0xf3,
    0xff, 0x83, 0xff, 0x9f, 0xfc, 0x1f, 0xfc, 0xff,
    0xd0, 0x7f, 0xf3, 0xfe, 0x87, 0xff, 0xf9, 0x61,
    0x7a, 0x1f, 0xff, 0xe6, 0x87, 0xbf, 0xff, 0x9d,
    0x1f, 0x3, 0xff, 0xf9, 0x90, 0x3f, 0x3, 0xff,
    0xf9, 0x50, 0x5f, 0xa0, 0xff, 0xe7, 0xff, 0x7,
    0xff, 0x3f, 0xf8, 0x3f, 0xf9, 0xff, 0xc1, 0xff,
    0xcf, 0xfe, 0xf, 0xfe, 0x7f, 0xf0, 0x7f, 0xf3,
    0xff, 0x83, 0xff, 0x9f, 0xfc, 0x1f, 0xfc, 0xff,
    0xe0, 0xff, 0xe7, 0xff, 0x7, 0xff, 0x3f, 0xf8,
    0x3f, 0xf9, 0xff, 0xc1, 0xff, 0xcf, 0xfe, 0xf,
    0xfe, 0x7f, 0xf0, 0x7f, 0xf3, 0xff, 0x83, 0xff,
    0x9f, 0xfc, 0x1f, 0xfc, 0xff, 0xe0, 0xff, 0xe7,
    0xff, 0x7, 0xff, 0x3f, 0xf8, 0x3f, 0xf9, 0xff,
    0xc1, 0xff, 0xcf, 0xfd, 0x7, 0xff, 0x3f, 0xe8,
    0x1f, 0xff, 0xca, 0x82, 0xf4, 0xf, 0xff, 0xe6,
    0x40, 0xe1, 0xff, 0xfe, 0x74, 0x43, 0xff, 0xfc,
    0xe8, 0x27, 0xff, 0xf9, 0xd0, 0x0,

    /* U+0046 "F" */
    0x3, 0xff, 0xfc, 0xe8, 0x28, 0x7f, 0xff, 0x9d,
    0x3, 0x87, 0xff, 0xf9, 0xd1, 0xe8, 0x7f, 0xff,
    0x99, 0x3, 0xe8, 0x7f, 0xff, 0x95, 0x5, 0xfa,
    0xf, 0xfe, 0x7f, 0xf0, 0x7f, 0xf3, 0xff, 0x83,
    0xff, 0x9f, 0xfc, 0x1f, 0xfc, 0xff, 0xe0, 0xff,
    0xe7, 0xff, 0x7, 0xff, 0x3f, 0xf8, 0x3f, 0xf9,
    0xff, 0xc1, 0xff, 0xcf, 0xfe, 0xf, 0xfe, 0x7f,
    0xf0, 0x7f, 0xf3, 0xff, 0x83, 0xff, 0x9f, 0xfc,
    0x1f, 0xfc, 0xff, 0xe0, 0xff, 0xe7, 0xff, 0x7,
    0xff, 0x3f, 0xf8, 0x3f, 0xf9, 0xff, 0xc1, 0xff,
    0xcf, 0xfe, 0xf, 0xfe, 0x7f, 0xf0, 0x7f, 0xf3,
    0xff, 0x83, 0xff, 0x9f, 0xfc, 0x1f, 0xfc, 0xff,
    0xd0, 0x7f, 0xf3, 0xfe, 0x87, 0xff, 0xf9, 0x61,
    0x7a, 0x1f, 0xff, 0xe6, 0x87, 0xbf, 0xff, 0x9d,
    0x1f, 0x3, 0xff, 0xf9, 0x90, 0x3f, 0x3, 0xff,
    0xf9, 0x50, 0x5f, 0xa0, 0xff, 0xe7, 0xff, 0x7,
    0xff, 0x3f, 0xf8, 0x3f, 0xf9, 0xff, 0xc1, 0xff,
    0xcf, 0xfe, 0xf, 0xfe, 0x7f, 0xf0, 0x7f, 0xf3,
    0xff, 0x83, 0xff, 0x9f, 0xfc, 0x1f, 0xfc, 0xff,
    0xe0, 0xff, 0xe7, 0xff, 0x7, 0xff, 0x3f, 0xf8,
    0x3f, 0xf9, 0xff, 0xc1, 0xff, 0xcf, 0xfe, 0xf,
    0xfe, 0x7f, 0xf0, 0x7f, 0xf3, 0xff, 0x83, 0xff,
    0x9f, 0xfc, 0x1f, 0xfc, 0xff, 0xe0, 0xff, 0xe7,
    0xff, 0x7, 0xff, 0x3f, 0xf8, 0x3f, 0xf9, 0xff,
    0xc1, 0xff, 0xcf, 0xfe, 0xf, 0xfe, 0x7f, 0xf0,
    0x7f, 0xf3, 0xff, 0x83, 0xff, 0x9f, 0xfc, 0x1f,
    0xfd, 0xf, 0x83, 0xff, 0xa5, 0x7, 0xff, 0x40,

    /* U+0047 "G" */
    0xf, 0xbf, 0xff, 0x95, 0x7, 0xff, 0x3, 0xff,
    0xf9, 0x90, 0x7f, 0xbf, 0xff, 0x9d, 0x7, 0xfb,
    0xff, 0xf9, 0x90, 0x7c, 0xf0, 0x3f, 0xff, 0x95,
    0x7, 0xcf, 0xd0, 0x7f, 0xf4, 0xff, 0x83, 0xff,
    0xa7, 0xfc, 0x1f, 0xfd, 0x3f, 0xe0, 0xff, 0xe9,
    0xff, 0x7, 0xff, 0x4f, 0xf8, 0x3f, 0xfa, 0x7f,
    0xc1, 0xff, 0xd3, 0xfe, 0xf, 0xfe, 0x9f, 0xf0,
    0x7f, 0xf4, 0xff, 0x83, 0xff, 0xa7, 0xfc, 0x1f,
    0xfd, 0x3f, 0xe0, 0xff, 0xe9, 0xff, 0x7, 0xff,
    0x4f, 0xf8, 0x3f, 0xfa, 0x7f, 0xc1, 0xff, 0xd3,
    0xfe, 0xf, 0xfe, 0x9f, 0xf0, 0x7f, 0xf4, 0xff,
    0x83, 0xff, 0xa7, 0xfc, 0x1f, 0xfd, 0x3f, 0xe0,
    0xff, 0xe9, 0xfe, 0x83, 0xff, 0xa7, 0xf4, 0x1f,
    0xfc, 0x4b, 0xff, 0xe8, 0x2f, 0x41, 0xff, 0xc4,
    0xbf, 0xfe, 0x81, 0x7, 0xff, 0x1d, 0xff, 0xfa,
    0x7, 0x1f, 0x7, 0xff, 0x12, 0xff, 0xe8, 0x1e,
    0x8f, 0xc1, 0xff, 0xc4, 0xbf, 0xe8, 0x1f, 0x47,
    0xe8, 0x3f, 0xf9, 0xbf, 0xa3, 0xf8, 0x3f, 0xf9,
    0xbf, 0xa3, 0xf8, 0x3f, 0xf9, 0xbf, 0xa3, 0xf8,
    0x3f, 0xf9, 0xbf, 0xa3, 0xf8, 0x3f, 0xf9, 0xbf,
    0xa3, 0xf8, 0x3f, 0xf9, 0xbf, 0xa3, 0xf8, 0x3f,
    0xf9, 0xbf, 0xa3, 0xf8, 0x3f, 0xf9, 0xbf, 0xa3,
    0xf8, 0x3f, 0xf9, 0xbf, 0xa3, 0xf8, 0x3f, 0xf9,
    0xbf, 0xa3, 0xf8, 0x3f, 0xf9, 0xbf, 0xa3, 0xf8,
    0x3f, 0xf9, 0xbf, 0xa3, 0xf8, 0x3f, 0xf9, 0xbf,
    0xa3, 0xf8, 0x3f, 0xf9, 0xbf, 0xa3, 0xf8, 0x3f,
    0xf9, 0xbf, 0xa3, 0xf8, 0x3f, 0xf9, 0xbf, 0xa3,
    0xf8, 0x3f, 0xf9, 0xbf, 0xa3, 0xf8, 0x3f, 0xf9,
    0xbf, 0xa3, 0xf8, 0x3f, 0xf9, 0xbf, 0xa3, 0xf8,
    0x3f, 0xf9, 0xbf, 0xa1, 0xfa, 0xf, 0xfe, 0x6f,
    0xe0, 0x9e, 0x7, 0xff, 0xf2, 0xa0, 0x78, 0x3f,
    0x7f, 0xff, 0x32, 0xf, 0xf7, 0xff, 0xf3, 0xa0,
    0xfe, 0x7f, 0xff, 0x99, 0x7, 0xfc, 0xff, 0xff,
    0x2a, 0xf, 0x0,

    /* U+0048 "H" */
    0xf, 0xfe, 0xde, 0x87, 0xff, 0x3f, 0x83, 0x7c,
    0x87, 0xff, 0x37, 0xe8, 0x1f, 0xc1, 0xff, 0xcc,
    0x7f, 0x27, 0xf0, 0x7f, 0xf3, 0x1f, 0xd1, 0xfc,
    0x1f, 0xfc, 0xc7, 0xf4, 0x7f, 0x7, 0xff, 0x31,
    0xfd, 0x1f, 0xc1, 0xff, 0xcc, 0x7f, 0x47, 0xf0,
    0x7f, 0xf3, 0x1f, 0xd1, 0xfc, 0x1f, 0xfc, 0xc7,
    0xf4, 0x7f, 0x7, 0xff, 0x31, 0xfd, 0x1f, 0xc1,
    0xff, 0xcc, 0x7f, 0x47, 0xf0, 0x7f, 0xf3, 0x1f,
    0xd1, 0xfc, 0x1f, 0xfc, 0xc7, 0xf4, 0x7f, 0x7,
    0xff, 0x31, 0xfd, 0x1f, 0xc1, 0xff, 0xcc, 0x7f,
    0x47, 0xf0, 0x7f, 0xf3, 0x1f, 0xd1, 0xfc, 0x1f,
    0xfc, 0xc7, 0xf4, 0x7f, 0x7, 0xff, 0x31, 0xfd,
    0x1f, 0xc1, 0xff, 0xcc, 0x7f, 0x47, 0xf0, 0x7f,
    0xf3, 0x1f, 0xd1, 0xfc, 0x1f, 0xfc, 0xc7, 0xf4,
    0x7f, 0x7, 0xff, 0x31, 0xfd, 0x1f, 0xc1, 0xff,
    0xcc, 0x7f, 0x47, 0xf0, 0x7f, 0xf3, 0x1f, 0xd1,
    0xfc, 0x1f, 0xfc, 0xc7, 0xf4, 0x7e, 0x83, 0xff,
    0x9b, 0xfa, 0x3e, 0x87, 0xff, 0xf9, 0x60, 0xfa,
    0x3d, 0xf, 0xff, 0xf3, 0x41, 0xe4, 0x3b, 0xff,
    0xf9, 0xd0, 0x77, 0xc0, 0xff, 0xfe, 0x64, 0x3e,
    0x8f, 0xc0, 0xff, 0xfe, 0x54, 0x3f, 0x47, 0xe8,
    0x3f, 0xf9, 0xbf, 0xa3, 0xf8, 0x3f, 0xf9, 0x8f,
    0xe8, 0xfe, 0xf, 0xfe, 0x63, 0xfa, 0x3f, 0x83,
    0xff, 0x98, 0xfe, 0x8f, 0xe0, 0xff, 0xe6, 0x3f,
    0xa3, 0xf8, 0x3f, 0xf9, 0x8f, 0xe8, 0xfe, 0xf,
    0xfe, 0x63, 0xfa, 0x3f, 0x83, 0xff, 0x98, 0xfe,
    0x8f, 0xe0, 0xff, 0xe6, 0x3f, 0xa3, 0xf8, 0x3f,
    0xf9, 0x8f, 0xe8, 0xfe, 0xf, 0xfe, 0x63, 0xfa,
    0x3f, 0x83, 0xff, 0x98, 0xfe, 0x8f, 0xe0, 0xff,
    0xe6, 0x3f, 0xa3, 0xf8, 0x3f, 0xf9, 0x8f, 0xe8,
    0xfe, 0xf, 0xfe, 0x63, 0xfa, 0x3f, 0x83, 0xff,
    0x98, 0xfe, 0x8f, 0xe0, 0xff, 0xe6, 0x3f, 0xa3,
    0xf8, 0x3f, 0xf9, 0x8f, 0xe8, 0xfe, 0xf, 0xfe,
    0x63, 0xfa, 0x3f, 0x83, 0xff, 0x98, 0xfe, 0x8f,
    0xe0, 0xff, 0xe6, 0x3f, 0xa3, 0xf8, 0x3f, 0xf9,
    0x8f, 0xe8, 0xfe, 0xf, 0xfe, 0x63, 0xfa, 0x3f,
    0x83, 0xff, 0x98, 0xfe, 0x41, 0xf0, 0x7f, 0xf3,
    0xaf, 0x21, 0xa0, 0xff, 0xe8, 0x48, 0x0,

    /* U+0049 "I" */
    0xf, 0x3a, 0x3f, 0x3f, 0xff, 0xff, 0xff, 0xfe,
    0xe5, 0xf4, 0x5c, 0x14, 0x1f, 0xd8, 0x5f, 0x1f,
    0xff, 0xff, 0xff, 0xff, 0xb, 0xf2, 0xc, 0x0,

    /* U+004A "J" */
    0xf, 0xff, 0xc4, 0x87, 0xff, 0x56, 0xf2, 0x1f,
    0xfd, 0x37, 0xf2, 0x1f, 0xfd, 0x27, 0xf4, 0x1f,
    0xfd, 0x27, 0xf4, 0x1f, 0xfd, 0x27, 0xf4, 0x1f,
    0xfd, 0x27, 0xf4, 0x1f, 0xfd, 0x27, 0xf4, 0x1f,
    0xfd, 0x27, 0xf4, 0x1f, 0xfd, 0x27, 0xf4, 0x1f,
    0xfd, 0x27, 0xf4, 0x1f, 0xfd, 0x27, 0xf4, 0x1f,
    0xfd, 0x27, 0xf4, 0x1f, 0xfd, 0x27, 0xf4, 0x1f,
    0xfd, 0x27, 0xf4, 0x1f, 0xfd, 0x27, 0xf4, 0x1f,
    0xfd, 0x27, 0xf4, 0x1f, 0xfd, 0x27, 0xf4, 0x1f,
    0xfd, 0x27, 0xf4, 0x1f, 0xfd, 0x27, 0xf4, 0x1f,
    0xfd, 0x27, 0xf4, 0x1f, 0xfd, 0x27, 0xf4, 0x1f,
    0xfd, 0x27, 0xf4, 0x1f, 0xfd, 0x27, 0xf4, 0x1f,
    0xfd, 0x27, 0xf4, 0x1f, 0xfd, 0x3f, 0xd0, 0x7f,
    0xf4, 0xdf, 0xa0, 0xff, 0xea, 0x3e, 0x83, 0xff,
    0xb3, 0xf0, 0x7f, 0xf4, 0x1f, 0x47, 0xe0, 0xff,
    0xe7, 0x3f, 0x47, 0xe8, 0x3f, 0xf9, 0xbf, 0xa3,
    0xf8, 0x3f, 0xf9, 0x8f, 0xe8, 0xfe, 0xf, 0xfe,
    0x63, 0xfa, 0x3f, 0x83, 0xff, 0x98, 0xfe, 0x8f,
    0xe0, 0xff, 0xe6, 0x3f, 0xa3, 0xf8, 0x3f, 0xf9,
    0x8f, 0xe8, 0xfe, 0xf, 0xfe, 0x63, 0xfa, 0x3f,
    0x83, 0xff, 0x98, 0xfe, 0x8f, 0xe0, 0xff, 0xe6,
    0x3f, 0xa3, 0xf8, 0x3f, 0xf9, 0x8f, 0xe8, 0xfe,
    0xf, 0xfe, 0x63, 0xfa, 0x3f, 0x83, 0xff, 0x98,
    0xfe, 0x8f, 0xe0, 0xff, 0xe6, 0x3f, 0xa3, 0xf8,
    0x3f, 0xf9, 0x8f, 0xe8, 0xfe, 0xf, 0xfe, 0x63,
    0xfa, 0x3f, 0x83, 0xff, 0x98, 0xfe, 0x8f, 0xe0,
    0xff, 0xe6, 0x3f, 0xa3, 0xf8, 0x3f, 0xf9, 0x8f,
    0xe8, 0xfe, 0xf, 0xfe, 0x63, 0xfa, 0x3f, 0x83,
    0xff, 0x98, 0xfe, 0x87, 0xe8, 0x3f, 0xf9, 0xbf,
    0x82, 0x78, 0x1f, 0xff, 0xca, 0x81, 0xe0, 0xfd,
    0xff, 0xfc, 0xc8, 0x3f, 0xdf, 0xff, 0xce, 0x83,
    0xf9, 0xff, 0xfe, 0x64, 0x1f, 0xf3, 0xff, 0xfc,
    0xa8, 0x3c,

    /* U+004B "K" */
    0xf, 0xfe, 0xde, 0x87, 0xff, 0x51, 0xf8, 0x3f,
    0xfa, 0x9f, 0xc1, 0xff, 0xc6, 0x6a, 0x43, 0xf7,
    0xf0, 0x7f, 0xf1, 0x5f, 0xc8, 0x7e, 0xfe, 0xf,
    0xfe, 0x2f, 0xf2, 0x1f, 0xbf, 0x83, 0xff, 0x89,
    0xfe, 0x43, 0xf7, 0xf0, 0x7f, 0xf0, 0xff, 0xd0,
    0x7f, 0x7f, 0x7, 0xff, 0xb, 0xfd, 0x7, 0xfb,
    0xf8, 0x3f, 0xf8, 0x3f, 0xe8, 0x3f, 0xef, 0xe0,
    0xff, 0xe0, 0x5f, 0xd0, 0x7f, 0xf0, 0x3f, 0x83,
    0xfe, 0xbf, 0xc1, 0xff, 0xc1, 0xfe, 0xf, 0xf5,
    0xfe, 0xf, 0xfe, 0x17, 0xf0, 0x7f, 0x3f, 0xe0,
    0xff, 0xe1, 0xff, 0x7, 0xe7, 0xfc, 0x1f, 0xfc,
    0x4f, 0xe0, 0xf9, 0xff, 0x7, 0xff, 0x17, 0xf8,
    0x3e, 0xff, 0x21, 0xff, 0xc5, 0xfe, 0xf, 0x7f,
    0x90, 0xff, 0xe3, 0x7f, 0x7, 0x7f, 0x90, 0xff,
    0xe3, 0xff, 0x6, 0xff, 0x41, 0xff, 0xc8, 0xfe,
    0xb, 0xfd, 0x7, 0xff, 0x27, 0xf8, 0x17, 0xf4,
    0x1f, 0xfc, 0xaf, 0xe2, 0xff, 0x7, 0xff, 0x2f,
    0xf8, 0xff, 0x7, 0xff, 0x33, 0xf8, 0xfe, 0xf,
    0xfe, 0x6f, 0xf1, 0xf8, 0x3f, 0xf9, 0xdf, 0xa0,
    0x28, 0x3f, 0xf9, 0xff, 0x43, 0xff, 0xfc, 0xb0,
    0xfb, 0xd0, 0xff, 0xff, 0x34, 0x3f, 0xdf, 0xff,
    0xce, 0x83, 0xbe, 0x7, 0xff, 0xf3, 0x21, 0x82,
    0xfc, 0xf, 0xff, 0xe5, 0x43, 0xe8, 0x1f, 0xa0,
    0xff, 0xe6, 0xfe, 0x8f, 0xe0, 0xff, 0xe6, 0x3f,
    0xa3, 0xf8, 0x3f, 0xf9, 0x8f, 0xe8, 0xfe, 0xf,
    0xfe, 0x63, 0xfa, 0x3f, 0x83, 0xff, 0x98, 0xfe,
    0x8f, 0xe0, 0xff, 0xe6, 0x3f, 0xa3, 0xf8, 0x3f,
    0xf9, 0x8f, 0xe8, 0xfe, 0xf, 0xfe, 0x63, 0xfa,
    0x3f, 0x83, 0xff, 0x98, 0xfe, 0x8f, 0xe0, 0xff,
    0xe6, 0x3f, 0xa3, 0xf8, 0x3f, 0xf9, 0x8f, 0xe8,
    0xfe, 0xf, 0xfe, 0x63, 0xfa, 0x3f, 0x83, 0xff,
    0x98, 0xfe, 0x8f, 0xe0, 0xff, 0xe6, 0x3f, 0xa3,
    0xf8, 0x3f, 0xf9, 0x8f, 0xe8, 0xfe, 0xf, 0xfe,
    0x63, 0xfa, 0x3f, 0x83, 0xff, 0x98, 0xfe, 0x8f,
    0xe0, 0xff, 0xe6, 0x3f, 0xa3, 0xf8, 0x3f, 0xf9,
    0x8f, 0xe8, 0xfe, 0xf, 0xfe, 0x63, 0xfa, 0x3f,
    0x83, 0xff, 0x98, 0xfe, 0x8f, 0xe0, 0xff, 0xe6,
    0x3f, 0xa3, 0xf8, 0x3f, 0xf9, 0x8f, 0xe8, 0xfe,
    0xf, 0xfe, 0x63, 0xf9, 0x7, 0xc1, 0xff, 0xce,
    0xbc, 0x86, 0x83, 0xff, 0xa1, 0x20,

    /* U+004C "L" */
    0xf, 0xfe, 0xbe, 0x1f, 0xfd, 0x2f, 0x83, 0xff,
    0xa1, 0xfc, 0x1f, 0xfc, 0xff, 0xe0, 0xff, 0xe7,
    0xff, 0x7, 0xff, 0x3f, 0xf8, 0x3f, 0xf9, 0xff,
    0xc1, 0xff, 0xcf, 0xfe, 0xf, 0xfe, 0x7f, 0xf0,
    0x7f, 0xf3, 0xff, 0x83, 0xff, 0x9f, 0xfc, 0x1f,
    0xfc, 0xff, 0xe0, 0xff, 0xe7, 0xff, 0x7, 0xff,
    0x3f, 0xf8, 0x3f, 0xf9, 0xff, 0xc1, 0xff, 0xcf,
    0xfe, 0xf, 0xfe, 0x7f, 0xf0, 0x7f, 0xf3, 0xff,
    0x83, 0xff, 0x9f, 0xfc, 0x1f, 0xfc, 0xff, 0xe0,
    0xff, 0xe7, 0xff, 0x7, 0xff, 0x3f, 0xf8, 0x3f,
    0xf9, 0xff, 0xc1, 0xff, 0xcf, 0xfe, 0xf, 0xfe,
    0x7f, 0xf0, 0x7f, 0xf3, 0xff, 0x41, 0xff, 0xcf,
    0xfc, 0x1f, 0xfd, 0xf, 0x83, 0xff, 0xe3, 0xf0,
    0x7f, 0xf4, 0x7f, 0x7, 0xff, 0x43, 0xf4, 0x1f,
    0xfc, 0xff, 0xe0, 0xff, 0xe7, 0xff, 0x7, 0xff,
    0x3f, 0xf8, 0x3f, 0xf9, 0xff, 0xc1, 0xff, 0xcf,
    0xfe, 0xf, 0xfe, 0x7f, 0xf0, 0x7f, 0xf3, 0xff,
    0x83, 0xff, 0x9f, 0xfc, 0x1f, 0xfc, 0xff, 0xe0,
    0xff, 0xe7, 0xff, 0x7, 0xff, 0x3f, 0xf8, 0x3f,
    0xf9, 0xff, 0xc1, 0xff, 0xcf, 0xfe, 0xf, 0xfe,
    0x7f, 0xf0, 0x7f, 0xf3, 0xff, 0x83, 0xff, 0x9f,
    0xfc, 0x1f, 0xfc, 0xff, 0xe0, 0xff, 0xe7, 0xff,
    0x7, 0xff, 0x3f, 0xf8, 0x3f, 0xf9, 0xff, 0xa0,
    0xff, 0xe7, 0xfd, 0x3, 0xff, 0xf9, 0x50, 0x5e,
    0x81, 0xff, 0xfc, 0xc8, 0x1c, 0x3f, 0xff, 0xce,
    0x88, 0x7f, 0xff, 0x9d, 0x4, 0xff, 0xff, 0x3a,
    0x0,

    /* U+004D "M" */
    0xf, 0xbf, 0xff, 0x95, 0x7, 0xff, 0x3, 0xff,
    0xf9, 0x90, 0x7f, 0xbf, 0xff, 0x9d, 0x7, 0xfb,
    0xff, 0xf9, 0x90, 0x7c, 0xf0, 0x3f, 0xff, 0x95,
    0x3, 0xc1, 0x3f, 0x41, 0xff, 0xcd, 0xfc, 0xf,
    0xe0, 0xff, 0x7e, 0x83, 0xf9, 0xfd, 0x1f, 0xc1,
    0xfe, 0xfd, 0x7, 0xf3, 0xfa, 0x3f, 0x83, 0xfd,
    0xfa, 0xf, 0xe7, 0xf4, 0x7f, 0x7, 0xfb, 0xf4,
    0x1f, 0xcf, 0xe8, 0xfe, 0xf, 0xf7, 0xe8, 0x3f,
    0x9f, 0xd1, 0xfc, 0x1f, 0xef, 0xd0, 0x7f, 0x3f,
    0xa3, 0xf8, 0x3f, 0xdf, 0xa0, 0xfe, 0x7f, 0x47,
    0xf0, 0x7f, 0xbf, 0x41, 0xfc, 0xfe, 0x8f, 0xe0,
    0xff, 0x7e, 0x83, 0xf9, 0xfd, 0x1f, 0xc1, 0xfe,
    0xfd, 0x7, 0xf3, 0xfa, 0x3f, 0x83, 0xfd, 0xfa,
    0xf, 0xe7, 0xf4, 0x7f, 0x7, 0xfb, 0xf4, 0x1f,
    0xcf, 0xe8, 0xfe, 0xf, 0xf5, 0xf2, 0x1f, 0xcf,
    0xe8, 0xfe, 0xf, 0xfa, 0xc3, 0xfe, 0x7f, 0x47,
    0xf0, 0x7f, 0xf3, 0x1f, 0xd1, 0xfc, 0x1f, 0xfc,
    0xc7, 0xf4, 0x7f, 0x7, 0xff, 0x31, 0xfd, 0x1f,
    0xc1, 0xff, 0xcc, 0x7f, 0x47, 0xf0, 0x7f, 0xf3,
    0x1f, 0xd1, 0xfa, 0xf, 0xfe, 0x6f, 0xe8, 0xfc,
    0x1f, 0xfc, 0xe7, 0xe8, 0xf8, 0x3f, 0xfa, 0xf,
    0xa0, 0xff, 0xec, 0xd1, 0xf, 0xfe, 0x8d, 0x13,
    0xe8, 0x3f, 0xf9, 0xff, 0x47, 0xe8, 0x3f, 0xf9,
    0xbf, 0xa3, 0xf8, 0x3f, 0xf9, 0x8f, 0xe8, 0xfe,
    0xf, 0xfe, 0x63, 0xfa, 0x3f, 0x83, 0xff, 0x98,
    0xfe, 0x8f, 0xe0, 0xff, 0xe6, 0x3f, 0xa3, 0xf8,
    0x3f, 0xf9, 0x8f, 0xe8, 0xfe, 0xf, 0xfe, 0x63,
    0xfa, 0x3f, 0x83, 0xff, 0x98, 0xfe, 0x8f, 0xe0,
    0xff, 0xe6, 0x3f, 0xa3, 0xf8, 0x3f, 0xf9, 0x8f,
    0xe8, 0xfe, 0xf, 0xfe, 0x63, 0xfa, 0x3f, 0x83,
    0xff, 0x98, 0xfe, 0x8f, 0xe0, 0xff, 0xe6, 0x3f,
    0xa3, 0xf8, 0x3f, 0xf9, 0x8f, 0xe8, 0xfe, 0xf,
    0xfe, 0x63, 0xfa, 0x3f, 0x83, 0xff, 0x98, 0xfe,
    0x8f, 0xe0, 0xff, 0xe6, 0x3f, 0xa3, 0xf8, 0x3f,
    0xf9, 0x8f, 0xe8, 0xfe, 0xf, 0xfe, 0x63, 0xfa,
    0x3f, 0x83, 0xff, 0x98, 0xfe, 0x8f, 0xe0, 0xff,
    0xe6, 0x3f, 0xa3, 0xf8, 0x3f, 0xf9, 0x8f, 0xe8,
    0xfe, 0xf, 0xfe, 0x63, 0xfa, 0x3f, 0x83, 0xff,
    0x98, 0xfe, 0x87, 0xe4, 0x3f, 0xf9, 0xbf, 0x82,
    0x78, 0x3f, 0xf9, 0xfc, 0x1f, 0xfd, 0xa0,

    /* U+004E "N" */
    0xf, 0xfe, 0xde, 0x1f, 0xfd, 0x9, 0xd, 0xf0,
    0x7f, 0xf3, 0xaf, 0x20, 0xfd, 0xd, 0x10, 0xff,
    0xe3, 0xbf, 0x93, 0xf8, 0xfc, 0x87, 0xff, 0x19,
    0xfd, 0x1f, 0xc7, 0xf2, 0x1f, 0xfc, 0x57, 0xf4,
    0x7f, 0x1f, 0xe4, 0x3f, 0xf8, 0x8f, 0xe8, 0xfe,
    0x1f, 0xf2, 0x1f, 0xfc, 0x37, 0xf4, 0x7f, 0x1,
    0xff, 0x21, 0xff, 0xc2, 0x7f, 0x47, 0xf0, 0x4f,
    0xf9, 0xf, 0xfe, 0xb, 0xfa, 0x3f, 0x83, 0x3f,
    0xe4, 0x3f, 0xf8, 0xf, 0xe8, 0xfe, 0xe, 0x7f,
    0xc8, 0x7f, 0xcf, 0xe8, 0xfe, 0xf, 0x3f, 0xe0,
    0xff, 0x9f, 0xd1, 0xfc, 0x1f, 0x3f, 0xe0, 0xff,
    0x3f, 0xa3, 0xf8, 0x3f, 0x3f, 0xe0, 0xfe, 0x7f,
    0x47, 0xf0, 0x7f, 0x5f, 0xe0, 0xfc, 0xfe, 0x8f,
    0xe0, 0xff, 0x5f, 0xe0, 0xf9, 0xfd, 0x1f, 0xc1,
    0xff, 0x5f, 0xe0, 0xf3, 0xfa, 0x3f, 0x83, 0xff,
    0x81, 0x7f, 0x83, 0x9f, 0xd1, 0xfc, 0x1f, 0xfc,
    0x1b, 0xfc, 0x19, 0xfd, 0x1f, 0xc1, 0xff, 0xc2,
    0xbf, 0xc1, 0x3f, 0xa3, 0xf8, 0x3f, 0xf8, 0x77,
    0xf8, 0xf, 0xe8, 0xfe, 0xf, 0xfe, 0x25, 0xfe,
    0x1f, 0xd1, 0xfc, 0x1f, 0xfc, 0x5b, 0xfa, 0x7f,
    0x47, 0xf0, 0x7f, 0xf1, 0xaf, 0xd3, 0xfa, 0x3f,
    0x83, 0xff, 0x8f, 0x7d, 0x3f, 0xa3, 0xf4, 0x1f,
    0xfc, 0x86, 0x89, 0xfa, 0x3f, 0x7, 0xff, 0x39,
    0xfa, 0x3e, 0xf, 0xfe, 0x83, 0xe8, 0x3f, 0xfb,
    0x3f, 0x7, 0xff, 0x41, 0xf4, 0x7e, 0xf, 0xfe,
    0x73, 0xf4, 0x7e, 0x83, 0xff, 0x9b, 0xfa, 0x3f,
    0x83, 0xff, 0x98, 0xfe, 0x8f, 0xe0, 0xff, 0xe6,
    0x3f, 0xa3, 0xf8, 0x3f, 0xf9, 0x8f, 0xe8, 0xfe,
    0xf, 0xfe, 0x63, 0xfa, 0x3f, 0x83, 0xff, 0x98,
    0xfe, 0x8f, 0xe0, 0xff, 0xe6, 0x3f, 0xa3, 0xf8,
    0x3f, 0xf9, 0x8f, 0xe8, 0xfe, 0xf, 0xfe, 0x63,
    0xfa, 0x3f, 0x83, 0xff, 0x98, 0xfe, 0x8f, 0xe0,
    0xff, 0xe6, 0x3f, 0xa3, 0xf8, 0x3f, 0xf9, 0x8f,
    0xe8, 0xfe, 0xf, 0xfe, 0x63, 0xfa, 0x3f, 0x83,
    0xff, 0x98, 0xfe, 0x8f, 0xe0, 0xff, 0xe6, 0x3f,
    0xa3, 0xf8, 0x3f, 0xf9, 0x8f, 0xe8, 0xfe, 0xf,
    0xfe, 0x63, 0xfa, 0x3f, 0x83, 0xff, 0x98, 0xfe,
    0x8f, 0xe0, 0xff, 0xe6, 0x3f, 0xa3, 0xf8, 0x3f,
    0xf9, 0x8f, 0xe8, 0xfe, 0xf, 0xfe, 0x63, 0xfa,
    0x3f, 0x83, 0xff, 0x98, 0xfe, 0x8f, 0xe0, 0xff,
    0xe6, 0x3f, 0xa3, 0xf8, 0x3f, 0xf9, 0x8f, 0xe4,
    0x1f, 0x7, 0xff, 0x3a, 0xf4, 0x1b, 0x43, 0xff,
    0x9f, 0x40, 0xff, 0xed, 0x0,

    /* U+004F "O" */
    0xf, 0xbf, 0xff, 0x95, 0x7, 0xff, 0x3, 0xff,
    0xf9, 0x90, 0x7f, 0xbf, 0xff, 0x9d, 0x7, 0xfb,
    0xff, 0xf9, 0x90, 0x7c, 0xf0, 0x3f, 0xff, 0x95,
    0x3, 0xc1, 0x3f, 0x41, 0xff, 0xcd, 0xfc, 0xf,
    0xe0, 0xff, 0xe6, 0x3f, 0xa3, 0xf8, 0x3f, 0xf9,
    0x8f, 0xe8, 0xfe, 0xf, 0xfe, 0x63, 0xfa, 0x3f,
    0x83, 0xff, 0x98, 0xfe, 0x8f, 0xe0, 0xff, 0xe6,
    0x3f, 0xa3, 0xf8, 0x3f, 0xf9, 0x8f, 0xe8, 0xfe,
    0xf, 0xfe, 0x63, 0xfa, 0x3f, 0x83, 0xff, 0x98,
    0xfe, 0x8f, 0xe0, 0xff, 0xe6, 0x3f, 0xa3, 0xf8,
    0x3f, 0xf9, 0x8f, 0xe8, 0xfe, 0xf, 0xfe, 0x63,
    0xfa, 0x3f, 0x83, 0xff, 0x98, 0xfe, 0x8f, 0xe0,
    0xff, 0xe6, 0x3f, 0xa3, 0xf8, 0x3f, 0xf9, 0x8f,
    0xe8, 0xfe, 0xf, 0xfe, 0x63, 0xfa, 0x3f, 0x83,
    0xff, 0x98, 0xfe, 0x8f, 0xe0, 0xff, 0xe6, 0x3f,
    0xa3, 0xf8, 0x3f, 0xf9, 0x8f, 0xe8, 0xfe, 0xf,
    0xfe, 0x63, 0xfa, 0x3f, 0x41, 0xff, 0xcd, 0xfd,
    0x1f, 0x41, 0xff, 0xcf, 0xfa, 0x3d, 0x7, 0xff,
    0x47, 0xc8, 0x7f, 0xf6, 0x7d, 0x7, 0xff, 0x41,
    0xf4, 0x7e, 0xf, 0xfe, 0x73, 0xf4, 0x7e, 0x83,
    0xff, 0x9b, 0xfa, 0x3f, 0x83, 0xff, 0x98, 0xfe,
    0x8f, 0xe0, 0xff, 0xe6, 0x3f, 0xa3, 0xf8, 0x3f,
    0xf9, 0x8f, 0xe8, 0xfe, 0xf, 0xfe, 0x63, 0xfa,
    0x3f, 0x83, 0xff, 0x98, 0xfe, 0x8f, 0xe0, 0xff,
    0xe6, 0x3f, 0xa3, 0xf8, 0x3f, 0xf9, 0x8f, 0xe8,
    0xfe, 0xf, 0xfe, 0x63, 0xfa, 0x3f, 0x83, 0xff,
    0x98, 0xfe, 0x8f, 0xe0, 0xff, 0xe6, 0x3f, 0xa3,
    0xf8, 0x3f, 0xf9, 0x8f, 0xe8, 0xfe, 0xf, 0xfe,
    0x63, 0xfa, 0x3f, 0x83, 0xff, 0x98, 0xfe, 0x8f,
    0xe0, 0xff, 0xe6, 0x3f, 0xa3, 0xf8, 0x3f, 0xf9,
    0x8f, 0xe8, 0xfe, 0xf, 0xfe, 0x63, 0xfa, 0x3f,
    0x83, 0xff, 0x98, 0xfe, 0x8f, 0xe0, 0xff, 0xe6,
    0x3f, 0xa3, 0xf8, 0x3f, 0xf9, 0x8f, 0xe8, 0x7e,
    0x83, 0xff, 0x9b, 0xf8, 0x27, 0x81, 0xff, 0xfc,
    0xa8, 0x1e, 0xf, 0xdf, 0xff, 0xcc, 0x83, 0xfd,
    0xff, 0xfc, 0xe8, 0x3f, 0x9f, 0xff, 0xe6, 0x41,
    0xff, 0x3f, 0xff, 0xca, 0x83, 0xc0,

    /* U+0050 "P" */
    0x3, 0xff, 0xfc, 0xe8, 0x3e, 0x87, 0xff, 0xf9,
    0xd0, 0x7b, 0x87, 0xff, 0xf9, 0xd0, 0x77, 0xa1,
    0xff, 0xfe, 0x64, 0x1e, 0xfa, 0x1f, 0xff, 0xe5,
    0x40, 0xf0, 0x5f, 0xa0, 0xff, 0xe6, 0xfe, 0x7,
    0xf0, 0x7f, 0xf3, 0x1f, 0xd1, 0xfc, 0x1f, 0xfc,
    0xc7, 0xf4, 0x7f, 0x7, 0xff, 0x31, 0xfd, 0x1f,
    0xc1, 0xff, 0xcc, 0x7f, 0x47, 0xf0, 0x7f, 0xf3,
    0x1f, 0xd1, 0xfc, 0x1f, 0xfc, 0xc7, 0xf4, 0x7f,
    0x7, 0xff, 0x31, 0xfd, 0x1f, 0xc1, 0xff, 0xcc,
    0x7f, 0x47, 0xf0, 0x7f, 0xf3, 0x1f, 0xd1, 0xfc,
    0x1f, 0xfc, 0xc7, 0xf4, 0x7f, 0x7, 0xff, 0x31,
    0xfd, 0x1f, 0xc1, 0xff, 0xcc, 0x7f, 0x47, 0xf0,
    0x7f, 0xf3, 0x1f, 0xd1, 0xfc, 0x1f, 0xfc, 0xc7,
    0xf4, 0x7f, 0x7, 0xff, 0x31, 0xfd, 0x1f, 0xc1,
    0xff, 0xcc, 0x7f, 0x47, 0xf0, 0x7f, 0xf3, 0x1f,
    0xd1, 0xfc, 0x1f, 0xfc, 0xc7, 0xf4, 0x7f, 0x7,
    0xff, 0x31, 0xfd, 0x1f, 0xa0, 0xff, 0xe6, 0xfe,
    0x4f, 0xa1, 0xff, 0xfe, 0x58, 0x3c, 0x83, 0xd0,
    0xff, 0xff, 0x34, 0x8, 0x7d, 0xff, 0xfc, 0xe8,
    0x3b, 0xe0, 0x7f, 0xff, 0x32, 0xf, 0x7e, 0x7,
    0xff, 0xf2, 0xa0, 0xfb, 0xf4, 0x1f, 0xfd, 0x3f,
    0xe0, 0xff, 0xe9, 0xff, 0x7, 0xff, 0x4f, 0xf8,
    0x3f, 0xfa, 0x7f, 0xc1, 0xff, 0xd3, 0xfe, 0xf,
    0xfe, 0x9f, 0xf0, 0x7f, 0xf4, 0xff, 0x83, 0xff,
    0xa7, 0xfc, 0x1f, 0xfd, 0x3f, 0xe0, 0xff, 0xe9,
    0xff, 0x7, 0xff, 0x4f, 0xf8, 0x3f, 0xfa, 0x7f,
    0xc1, 0xff, 0xd3, 0xfe, 0xf, 0xfe, 0x9f, 0xf0,
    0x7f, 0xf4, 0xff, 0x83, 0xff, 0xa7, 0xfc, 0x1f,
    0xfd, 0x3f, 0xe0, 0xff, 0xe9, 0xff, 0x7, 0xff,
    0x4f, 0xf8, 0x3f, 0xfa, 0x7f, 0xc1, 0xff, 0xd3,
    0xfe, 0xf, 0xfe, 0x9f, 0xf0, 0x7f, 0xf4, 0xff,
    0x83, 0xff, 0xa9, 0xf0, 0x7f, 0xf5, 0xa0, 0xff,
    0xea, 0x0,

    /* U+0051 "Q" */
    0xf, 0xbf, 0xff, 0x95, 0x7, 0xff, 0x7, 0xff,
    0xf9, 0x90, 0x7f, 0xdf, 0xff, 0xce, 0x83, 0xfe,
    0xff, 0xfe, 0x64, 0x1f, 0x9e, 0x7, 0xff, 0xf2,
    0xa0, 0x78, 0x33, 0xf4, 0x1f, 0xfc, 0xdf, 0xc1,
    0x7f, 0x7, 0xff, 0x31, 0xfd, 0x3, 0xf8, 0x3f,
    0xf9, 0x8f, 0xe8, 0x1f, 0xc1, 0xff, 0xcc, 0x7f,
    0x40, 0xfe, 0xf, 0xfe, 0x63, 0xfa, 0x7, 0xf0,
    0x7f, 0xf3, 0x1f, 0xd0, 0x3f, 0x83, 0xff, 0x98,
    0xfe, 0x81, 0xfc, 0x1f, 0xfc, 0xc7, 0xf4, 0xf,
    0xe0, 0xff, 0xe6, 0x3f, 0xa0, 0x7f, 0x7, 0xff,
    0x31, 0xfd, 0x3, 0xf8, 0x3f, 0xf9, 0x8f, 0xe8,
    0x1f, 0xc1, 0xff, 0xcc, 0x7f, 0x40, 0xfe, 0xf,
    0xfe, 0x63, 0xfa, 0x7, 0xf0, 0x7f, 0xf3, 0x1f,
    0xd0, 0x3f, 0x83, 0xff, 0x98, 0xfe, 0x81, 0xfc,
    0x1f, 0xfc, 0xc7, 0xf4, 0xf, 0xe0, 0xff, 0xe6,
    0x3f, 0xa0, 0x7f, 0x7, 0xff, 0x31, 0xfd, 0x3,
    0xf8, 0x3f, 0xf9, 0x8f, 0xe8, 0x1f, 0xc1, 0xff,
    0xcc, 0x7f, 0x40, 0xfd, 0x7, 0xff, 0x37, 0xf4,
    0xf, 0xa0, 0xff, 0xe7, 0xfd, 0x3, 0xd0, 0x7f,
    0xf4, 0x7c, 0x87, 0xff, 0x6f, 0xe0, 0xff, 0xe8,
    0x3e, 0x81, 0xf8, 0x3f, 0xf9, 0xcf, 0xd0, 0x3f,
    0x41, 0xff, 0xcd, 0xfd, 0x3, 0xf8, 0x3f, 0xf9,
    0x8f, 0xe8, 0x1f, 0xc1, 0xff, 0xcc, 0x7f, 0x40,
    0xfe, 0xf, 0xfe, 0x63, 0xfa, 0x7, 0xf0, 0x7f,
    0xf3, 0x1f, 0xd0, 0x3f, 0x83, 0xff, 0x98, 0xfe,
    0x81, 0xfc, 0x1f, 0xfc, 0xc7, 0xf4, 0xf, 0xe0,
    0xff, 0xe6, 0x3f, 0xa0, 0x7f, 0x7, 0xff, 0x31,
    0xfd, 0x3, 0xf8, 0x3f, 0xf9, 0x8f, 0xe8, 0x1f,
    0xc1, 0xff, 0xcc, 0x7f, 0x40, 0xfe, 0xf, 0xfe,
    0x22, 0xc1, 0xcf, 0xe8, 0x1f, 0xc1, 0xff, 0xc3,
    0x7f, 0x6, 0x7f, 0x40, 0xfe, 0xf, 0xfe, 0x1b,
    0xfc, 0x13, 0xfa, 0x7, 0xf0, 0x7f, 0xf0, 0xdf,
    0xf0, 0x1f, 0xd0, 0x3f, 0x83, 0xff, 0x89, 0xff,
    0x3, 0xf2, 0xf, 0xe0, 0xff, 0xe2, 0xff, 0xc0,
    0xf2, 0x17, 0xf0, 0x7f, 0xf1, 0xbf, 0xe0, 0x21,
    0xbf, 0x83, 0xff, 0x8f, 0xff, 0x7, 0xbf, 0x83,
    0xff, 0x91, 0xff, 0x7, 0x3f, 0x41, 0xff, 0xc9,
    0xff, 0x83, 0x9e, 0x7, 0xff, 0xf1, 0xd2, 0xff,
    0x7, 0xef, 0xff, 0xe4, 0xa5, 0xfe, 0xf, 0x7f,
    0xff, 0x2c, 0x17, 0xf0, 0x79, 0xff, 0xfe, 0x4a,
    0x15, 0xf8, 0x3e, 0x7f, 0xff, 0x8e, 0x87, 0x5f,
    0x0,

    /* U+0052 "R" */
    0x3, 0xff, 0xfc, 0xe8, 0x3e, 0x87, 0xff, 0xf9,
    0xd0, 0x7b, 0x87, 0xff, 0xf9, 0xd0, 0x77, 0xa1,
    0xff, 0xfe, 0x64, 0x1e, 0xfa, 0x1f, 0xff, 0xe5,
    0x40, 0xf0, 0x5f, 0xa0, 0xff, 0xe6, 0xfe, 0x7,
    0xf0, 0x7f, 0xf3, 0x1f, 0xd1, 0xfc, 0x1f, 0xfc,
    0xc7, 0xf4, 0x7f, 0x7, 0xff, 0x31, 0xfd, 0x1f,
    0xc1, 0xff, 0xcc, 0x7f, 0x47, 0xf0, 0x7f, 0xf3,
    0x1f, 0xd1, 0xfc, 0x1f, 0xfc, 0xc7, 0xf4, 0x7f,
    0x7, 0xff, 0x31, 0xfd, 0x1f, 0xc1, 0xff, 0xcc,
    0x7f, 0x47, 0xf0, 0x7f, 0xf3, 0x1f, 0xd1, 0xfc,
    0x1f, 0xfc, 0xc7, 0xf4, 0x7f, 0x7, 0xff, 0x31,
    0xfd, 0x1f, 0xc1, 0xff, 0xcc, 0x7f, 0x47, 0xf0,
    0x7f, 0xf3, 0x1f, 0xd1, 0xfc, 0x1f, 0xfc, 0xc7,
    0xf4, 0x7f, 0x7, 0xff, 0x31, 0xfd, 0x1f, 0xc1,
    0xff, 0xcc, 0x7f, 0x47, 0xf0, 0x7f, 0xf3, 0x1f,
    0xd1, 0xfc, 0x1f, 0xfc, 0xc7, 0xf4, 0x7f, 0x7,
    0xff, 0x31, 0xfd, 0x1f, 0xa0, 0xff, 0xe6, 0xfe,
    0x4f, 0xa1, 0xff, 0xfe, 0x58, 0x3c, 0x83, 0xd0,
    0xff, 0xff, 0x34, 0x8, 0x7d, 0xff, 0xfc, 0xe8,
    0x3b, 0xe0, 0x7f, 0xff, 0x32, 0xf, 0x7e, 0x7,
    0xff, 0xf2, 0xa0, 0xfb, 0xf4, 0x1f, 0xfd, 0x3f,
    0xe3, 0xf0, 0x7f, 0xf3, 0xbf, 0x8f, 0xe0, 0xff,
    0xe6, 0xff, 0x1f, 0xe0, 0xff, 0xe6, 0x7f, 0x1f,
    0xf0, 0x7f, 0xf2, 0xff, 0x81, 0xff, 0x7, 0xff,
    0x2b, 0xf8, 0x2f, 0xf8, 0x3f, 0xf9, 0x3f, 0xc1,
    0xbf, 0xe0, 0xff, 0xe4, 0x7f, 0x7, 0x7f, 0xc1,
    0xff, 0xc7, 0xfe, 0xf, 0x7f, 0xc1, 0xff, 0xc6,
    0xfe, 0xf, 0xbf, 0xe0, 0xff, 0xe2, 0xff, 0x7,
    0xef, 0xf8, 0x3f, 0xf8, 0x9f, 0xc1, 0xfd, 0xff,
    0x7, 0xff, 0xf, 0xf8, 0x3f, 0xdf, 0xf0, 0x7f,
    0xf0, 0xbf, 0x83, 0xfe, 0xff, 0x83, 0xff, 0x83,
    0xfc, 0x1f, 0xfc, 0xf, 0xf8, 0x3f, 0xf8, 0x1f,
    0xc1, 0xff, 0xc1, 0xff, 0x83, 0xfe, 0xfe, 0xf,
    0xfe, 0x17, 0xfc, 0x1f, 0xef, 0xe0, 0xff, 0xe1,
    0xff, 0xc1, 0xfd, 0xfc, 0x1f, 0xfc, 0x4f, 0xf8,
    0x3f, 0x7f, 0x7, 0xff, 0x17, 0xfe, 0xf, 0xbf,
    0x83, 0xff, 0x8d, 0xff, 0x7, 0xbf, 0x83, 0xff,
    0x8f, 0xff, 0x7, 0x7f, 0x7, 0xff, 0x23, 0xfc,
    0x1e, 0xf8, 0x3f, 0xf9, 0x5f, 0xc1, 0xf4, 0x1f,
    0xfc, 0xcf, 0xc1, 0x80,

    /* U+0053 "S" */
    0xf, 0xbf, 0xff, 0x9c, 0x87, 0xef, 0xff, 0xe8,
    0x21, 0xef, 0xff, 0xe9, 0x21, 0xef, 0xff, 0xe8,
    0x41, 0x3c, 0xf, 0xff, 0xe7, 0x41, 0x3f, 0x41,
    0xff, 0xd3, 0xfe, 0xf, 0xfe, 0x9f, 0xf0, 0x7f,
    0xf4, 0xff, 0x83, 0xff, 0xa7, 0xfc, 0x1f, 0xfd,
    0x3f, 0xe0, 0xff, 0xe9, 0xff, 0x7, 0xff, 0x4f,
    0xf8, 0x3f, 0xfa, 0x7f, 0xc1, 0xff, 0xd3, 0xfe,
    0xf, 0xfe, 0x9f, 0xf0, 0x7f, 0xf4, 0xff, 0x83,
    0xff, 0xa7, 0xfc, 0x1f, 0xfd, 0x3f, 0xe0, 0xff,
    0xe9, 0xff, 0x7, 0xff, 0x4f, 0xf8, 0x3f, 0xfa,
    0x7f, 0xc1, 0xff, 0xd3, 0xfe, 0xf, 0xfe, 0x9f,
    0xf0, 0x7f, 0xf4, 0xff, 0x83, 0xff, 0xa7, 0xfa,
    0xf, 0xfe, 0xa7, 0xa1, 0xff, 0xfe, 0x58, 0x7f,
    0x23, 0xff, 0xfc, 0xd0, 0xff, 0x7f, 0xff, 0x3a,
    0xf, 0xf7, 0xff, 0xf3, 0x21, 0x83, 0xfb, 0xff,
    0xf9, 0x50, 0xfa, 0xf, 0xfe, 0xa7, 0xe8, 0x3f,
    0xfa, 0x4f, 0xe8, 0x3f, 0xfa, 0x4f, 0xe8, 0x3f,
    0xfa, 0x4f, 0xe8, 0x3f, 0xfa, 0x4f, 0xe8, 0x3f,
    0xfa, 0x4f, 0xe8, 0x3f, 0xfa, 0x4f, 0xe8, 0x3f,
    0xfa, 0x4f, 0xe8, 0x3f, 0xfa, 0x4f, 0xe8, 0x3f,
    0xfa, 0x4f, 0xe8, 0x3f, 0xfa, 0x4f, 0xe8, 0x3f,
    0xfa, 0x4f, 0xe8, 0x3f, 0xfa, 0x4f, 0xe8, 0x3f,
    0xfa, 0x4f, 0xe8, 0x3f, 0xfa, 0x4f, 0xe8, 0x3f,
    0xfa, 0x4f, 0xe8, 0x3f, 0xfa, 0x4f, 0xe8, 0x3f,
    0xfa, 0x4f, 0xe8, 0x3f, 0xfa, 0x4f, 0xe8, 0x3f,
    0xfa, 0x4f, 0xe8, 0x3f, 0xfa, 0x7f, 0x83, 0x5f,
    0xff, 0xcd, 0x81, 0xe0, 0xdf, 0xff, 0xd0, 0x83,
    0xdf, 0xff, 0xd2, 0x83, 0xdf, 0xff, 0xd0, 0x83,
    0xf7, 0xff, 0xf3, 0xa0, 0xf0,

    /* U+0054 "T" */
    0x7, 0xff, 0xf4, 0x90, 0xbf, 0xff, 0xa8, 0x97,
    0xff, 0xf5, 0x53, 0xff, 0xfa, 0x90, 0x57, 0xff,
    0xf4, 0x60, 0xff, 0xf4, 0x7e, 0x83, 0xff, 0xa5,
    0xfa, 0xf, 0xfe, 0x97, 0xe8, 0x3f, 0xfa, 0x5f,
    0xa0, 0xff, 0xe9, 0x7e, 0x83, 0xff, 0xa5, 0xfa,
    0xf, 0xfe, 0x97, 0xe8, 0x3f, 0xfa, 0x5f, 0xa0,
    0xff, 0xe9, 0x7e, 0x83, 0xff, 0xa5, 0xfa, 0xf,
    0xfe, 0x97, 0xe8, 0x3f, 0xfa, 0x5f, 0xa0, 0xff,
    0xe9, 0x7e, 0x83, 0xff, 0xa5, 0xfa, 0xf, 0xfe,
    0x97, 0xe8, 0x3f, 0xfa, 0x5f, 0xa0, 0xff, 0xe9,
    0x7e, 0x83, 0xff, 0xa5, 0xfa, 0xf, 0xfe, 0x97,
    0xe8, 0x3f, 0xfa, 0x5f, 0xa0, 0xff, 0xe9, 0x3f,
    0x7, 0xff, 0x51, 0xc3, 0xff, 0xf2, 0x87, 0xff,
    0x57, 0xd0, 0x7f, 0xf4, 0xff, 0x21, 0xff, 0xd2,
    0xfd, 0x7, 0xff, 0x4b, 0xf4, 0x1f, 0xfd, 0x2f,
    0xd0, 0x7f, 0xf4, 0xbf, 0x41, 0xff, 0xd2, 0xfd,
    0x7, 0xff, 0x4b, 0xf4, 0x1f, 0xfd, 0x2f, 0xd0,
    0x7f, 0xf4, 0xbf, 0x41, 0xff, 0xd2, 0xfd, 0x7,
    0xff, 0x4b, 0xf4, 0x1f, 0xfd, 0x2f, 0xd0, 0x7f,
    0xf4, 0xbf, 0x41, 0xff, 0xd2, 0xfd, 0x7, 0xff,
    0x4b, 0xf4, 0x1f, 0xfd, 0x2f, 0xd0, 0x7f, 0xf4,
    0xbf, 0x41, 0xff, 0xd2, 0xfd, 0x7, 0xff, 0x4b,
    0xf4, 0x1f, 0xfd, 0x2f, 0xd0, 0x7f, 0xf4, 0xbf,
    0x41, 0xff, 0xd2, 0xfd, 0x7, 0xff, 0x4b, 0xf4,
    0x1f, 0xfd, 0x2f, 0xd0, 0x7f, 0xf4, 0x9f, 0x83,
    0xff, 0xa8, 0xe1, 0xff, 0xe8,

    /* U+0055 "U" */
    0xf, 0xfe, 0xde, 0x1f, 0xfd, 0x9, 0xd, 0xf0,
    0x7f, 0xf3, 0xaf, 0x20, 0xfe, 0xf, 0xfe, 0x63,
    0xf9, 0x3f, 0x83, 0xff, 0x98, 0xfe, 0x8f, 0xe0,
    0xff, 0xe6, 0x3f, 0xa3, 0xf8, 0x3f, 0xf9, 0x8f,
    0xe8, 0xfe, 0xf, 0xfe, 0x63, 0xfa, 0x3f, 0x83,
    0xff, 0x98, 0xfe, 0x8f, 0xe0, 0xff, 0xe6, 0x3f,
    0xa3, 0xf8, 0x3f, 0xf9, 0x8f, 0xe8, 0xfe, 0xf,
    0xfe, 0x63, 0xfa, 0x3f, 0x83, 0xff, 0x98, 0xfe,
    0x8f, 0xe0, 0xff, 0xe6, 0x3f, 0xa3, 0xf8, 0x3f,
    0xf9, 0x8f, 0xe8, 0xfe, 0xf, 0xfe, 0x63, 0xfa,
    0x3f, 0x83, 0xff, 0x98, 0xfe, 0x8f, 0xe0, 0xff,
    0xe6, 0x3f, 0xa3, 0xf8, 0x3f, 0xf9, 0x8f, 0xe8,
    0xfe, 0xf, 0xfe, 0x63, 0xfa, 0x3f, 0x83, 0xff,
    0x98, 0xfe, 0x8f, 0xe0, 0xff, 0xe6, 0x3f, 0xa3,
    0xf8, 0x3f, 0xf9, 0x8f, 0xe8, 0xfe, 0xf, 0xfe,
    0x63, 0xfa, 0x3f, 0x83, 0xff, 0x98, 0xfe, 0x8f,
    0xe0, 0xff, 0xe6, 0x3f, 0xa3, 0xf4, 0x1f, 0xfc,
    0xdf, 0xd1, 0xf8, 0x3f, 0xf9, 0xcf, 0xd1, 0xf0,
    0x7f, 0xf4, 0x1f, 0x41, 0xff, 0xd9, 0xf8, 0x3f,
    0xfa, 0xf, 0xa3, 0xf0, 0x7f, 0xf3, 0x9f, 0xa3,
    0xf4, 0x1f, 0xfc, 0xdf, 0xd1, 0xfc, 0x1f, 0xfc,
    0xc7, 0xf4, 0x7f, 0x7, 0xff, 0x31, 0xfd, 0x1f,
    0xc1, 0xff, 0xcc, 0x7f, 0x47, 0xf0, 0x7f, 0xf3,
    0x1f, 0xd1, 0xfc, 0x1f, 0xfc, 0xc7, 0xf4, 0x7f,
    0x7, 0xff, 0x31, 0xfd, 0x1f, 0xc1, 0xff, 0xcc,
    0x7f, 0x47, 0xf0, 0x7f, 0xf3, 0x1f, 0xd1, 0xfc,
    0x1f, 0xfc, 0xc7, 0xf4, 0x7f, 0x7, 0xff, 0x31,
    0xfd, 0x1f, 0xc1, 0xff, 0xcc, 0x7f, 0x47, 0xf0,
    0x7f, 0xf3, 0x1f, 0xd1, 0xfc, 0x1f, 0xfc, 0xc7,
    0xf4, 0x7f, 0x7, 0xff, 0x31, 0xfd, 0x1f, 0xc1,
    0xff, 0xcc, 0x7f, 0x47, 0xf0, 0x7f, 0xf3, 0x1f,
    0xd1, 0xfc, 0x1f, 0xfc, 0xc7, 0xf4, 0x7f, 0x7,
    0xff, 0x31, 0xfd, 0x1f, 0xc1, 0xff, 0xcc, 0x7f,
    0x43, 0xf4, 0x1f, 0xfc, 0xdf, 0xc1, 0x3c, 0xf,
    0xff, 0xe5, 0x40, 0xf0, 0x7e, 0xff, 0xfe, 0x64,
    0x1f, 0xef, 0xff, 0xe7, 0x41, 0xfc, 0xff, 0xff,
    0x32, 0xf, 0xf9, 0xff, 0xfe, 0x54, 0x1e,

    /* U+0056 "V" */
    0xf, 0xfe, 0xde, 0x1f, 0xfd, 0xa, 0x6, 0xf8,
    0x3f, 0xf9, 0xd7, 0xa0, 0x7f, 0x7, 0xff, 0x37,
    0xf2, 0x7f, 0x7, 0xff, 0x31, 0xfd, 0x1f, 0xc1,
    0xff, 0xcc, 0x7f, 0x47, 0xf0, 0x7f, 0xf3, 0x1f,
    0xd1, 0xfc, 0x1f, 0xfc, 0xc7, 0xf4, 0x7f, 0x7,
    0xff, 0x31, 0xfd, 0x1f, 0xc1, 0xff, 0xcc, 0x7f,
    0x47, 0xf0, 0x7f, 0xf3, 0x1f, 0xd1, 0xfc, 0x1f,
    0xfc, 0xc7, 0xf4, 0x7f, 0x7, 0xff, 0x31, 0xfd,
    0x1f, 0xc1, 0xff, 0xcc, 0x7f, 0x47, 0xf0, 0x7f,
    0xf3, 0x1f, 0xd1, 0xfc, 0x1f, 0xfc, 0xc7, 0xf4,
    0x7f, 0x7, 0xff, 0x31, 0xfd, 0x1f, 0xc1, 0xff,
    0xcc, 0x7f, 0x47, 0xf0, 0x7f, 0xf3, 0x1f, 0xd1,
    0xfc, 0x1f, 0xfc, 0xc7, 0xf4, 0x7f, 0x7, 0xff,
    0x31, 0xfd, 0x1f, 0xc1, 0xff, 0xcc, 0x7f, 0x47,
    0xf0, 0x7f, 0xf3, 0x1f, 0xd1, 0xfc, 0x1f, 0xfc,
    0xc7, 0xf4, 0x7f, 0x7, 0xff, 0x31, 0xfd, 0x1f,
    0xc1, 0xff, 0xcc, 0x7f, 0x47, 0xe8, 0x3f, 0xf9,
    0xbf, 0xa3, 0xf0, 0x7f, 0xf3, 0xaf, 0x40, 0xf8,
    0x3f, 0xfa, 0xc, 0x1f, 0xfd, 0xbf, 0x83, 0xff,
    0x98, 0xfc, 0x86, 0xfc, 0x1f, 0xfc, 0xa7, 0xf2,
    0x1b, 0xf4, 0x1f, 0xfc, 0x87, 0xf9, 0xd, 0xfc,
    0x1f, 0xfc, 0x77, 0xfc, 0x86, 0xfe, 0xf, 0xfe,
    0x3f, 0xfc, 0x1d, 0xfc, 0x1f, 0xfc, 0x6f, 0xf8,
    0x3d, 0xfc, 0x1f, 0xfc, 0x5f, 0xf8, 0x3e, 0xfe,
    0xf, 0xfe, 0x27, 0xfc, 0x1f, 0xbf, 0x83, 0xff,
    0x87, 0xff, 0x7, 0xf7, 0xf0, 0x7f, 0xf0, 0xbf,
    0xe0, 0xff, 0x7f, 0x7, 0xff, 0x7, 0xfe, 0xf,
    0xfb, 0xf8, 0x3f, 0xf8, 0x1f, 0xf0, 0x7f, 0xf0,
    0x3f, 0x83, 0xfe, 0xff, 0x83, 0xff, 0x83, 0xfc,
    0x1f, 0xef, 0xf8, 0x3f, 0xf8, 0x5f, 0xc1, 0xfd,
    0xff, 0x7, 0xff, 0xf, 0xf8, 0x3f, 0x7f, 0xc1,
    0xff, 0xc4, 0xfe, 0xf, 0xbf, 0xe0, 0xff, 0xe2,
    0xff, 0x7, 0xbf, 0xe0, 0xff, 0xe3, 0x7f, 0x7,
    0x7f, 0xc1, 0xff, 0xc7, 0xfe, 0xd, 0x7f, 0x83,
    0xff, 0x91, 0xfc, 0x15, 0xfe, 0xf, 0xfe, 0x4f,
    0xf0, 0x2f, 0xf0, 0x7f, 0xf2, 0xbf, 0x8b, 0xfc,
    0x1f, 0xfc, 0xbf, 0xe3, 0xfc, 0x1f, 0xfc, 0xcf,
    0xe3, 0xf8, 0x3f, 0xf9, 0xbf, 0xc7, 0xe0, 0xff,
    0xe7, 0x3f, 0x21, 0xff, 0xd5, 0xd0, 0xff, 0xfb,
    0x80,

    /* U+0057 "W" */
    0xf, 0xfe, 0xde, 0x1f, 0xfd, 0x9, 0xd, 0xf0,
    0x7f, 0xf3, 0xaf, 0x20, 0xfe, 0xf, 0xfe, 0x63,
    0xf9, 0x3f, 0x83, 0xff, 0x98, 0xfe, 0x8f, 0xe0,
    0xff, 0xe6, 0x3f, 0xa3, 0xf8, 0x3f, 0xf9, 0x8f,
    0xe8, 0xfe, 0xf, 0xfe, 0x63, 0xfa, 0x3f, 0x83,
    0xff, 0x98, 0xfe, 0x8f, 0xe0, 0xff, 0xe6, 0x3f,
    0xa3, 0xf8, 0x3f, 0xf9, 0x8f, 0xe8, 0xfe, 0xf,
    0xfe, 0x63, 0xfa, 0x3f, 0x83, 0xff, 0x98, 0xfe,
    0x8f, 0xe0, 0xff, 0xe6, 0x3f, 0xa3, 0xf8, 0x3f,
    0xf9, 0x8f, 0xe8, 0xfe, 0xf, 0xfe, 0x63, 0xfa,
    0x3f, 0x83, 0xff, 0x98, 0xfe, 0x8f, 0xe0, 0xff,
    0xe6, 0x3f, 0xa3, 0xf8, 0x3f, 0xf9, 0x8f, 0xe8,
    0xfe, 0xf, 0xfe, 0x63, 0xfa, 0x3f, 0x83, 0xff,
    0x98, 0xfe, 0x8f, 0xe0, 0xff, 0xe6, 0x3f, 0xa3,
    0xf8, 0x3f, 0xf9, 0x8f, 0xe8, 0xfe, 0xf, 0xfe,
    0x63, 0xfa, 0x3f, 0x83, 0xff, 0x98, 0xfe, 0x8f,
    0xe0, 0xff, 0xe6, 0x3f, 0xa3, 0xf4, 0x1f, 0xfc,
    0xdf, 0xd1, 0xf8, 0x3f, 0xf9, 0xcf, 0xd1, 0xf0,
    0x7f, 0xf4, 0x1f, 0x41, 0xff, 0xd9, 0xf8, 0x3f,
    0xfa, 0xf, 0xa3, 0xf0, 0x7f, 0xf3, 0x9f, 0xa3,
    0xf4, 0x1f, 0xfc, 0xdf, 0xd1, 0xfc, 0x1f, 0xfc,
    0xc7, 0xf4, 0x7f, 0x7, 0xff, 0x31, 0xfd, 0x1f,
    0xc1, 0xff, 0xcc, 0x7f, 0x47, 0xf0, 0x7f, 0xf3,
    0x1f, 0xd1, 0xfc, 0x1f, 0xfc, 0x4, 0x3f, 0xe7,
    0xf4, 0x7f, 0x7, 0xfd, 0xe4, 0x3f, 0xcf, 0xe8,
    0xfe, 0xf, 0xf7, 0xe4, 0x3f, 0x9f, 0xd1, 0xfc,
    0x1f, 0xef, 0xd0, 0x7f, 0x3f, 0xa3, 0xf8, 0x3f,
    0xdf, 0xa0, 0xfe, 0x7f, 0x47, 0xf0, 0x7f, 0xbf,
    0x41, 0xfc, 0xfe, 0x8f, 0xe0, 0xff, 0x7e, 0x83,
    0xf9, 0xfd, 0x1f, 0xc1, 0xfe, 0xfd, 0x7, 0xf3,
    0xfa, 0x3f, 0x83, 0xfd, 0xfa, 0xf, 0xe7, 0xf4,
    0x7f, 0x7, 0xfb, 0xf4, 0x1f, 0xcf, 0xe8, 0xfe,
    0xf, 0xf7, 0xe8, 0x3f, 0x9f, 0xd1, 0xfc, 0x1f,
    0xef, 0xd0, 0x7f, 0x3f, 0xa3, 0xf8, 0x3f, 0xdf,
    0xa0, 0xfe, 0x7f, 0x47, 0xf0, 0x7f, 0xbf, 0x41,
    0xfc, 0xfe, 0x8f, 0xe0, 0xff, 0x56, 0x43, 0xf9,
    0xfc, 0x8f, 0xc8, 0x7f, 0xf3, 0x7e, 0x82, 0x78,
    0x1f, 0xff, 0xca, 0x81, 0xc1, 0xfb, 0xff, 0xf9,
    0x90, 0x7f, 0xbf, 0xff, 0x9d, 0x7, 0xf3, 0xff,
    0xfc, 0xc8, 0x3f, 0xe7, 0xff, 0xf9, 0x50, 0x78,

    /* U+0058 "X" */
    0x7e, 0x43, 0xff, 0x9d, 0xf2, 0xbf, 0x7, 0xff,
    0x37, 0xf2, 0xbf, 0x21, 0xff, 0xcb, 0x7f, 0x2b,
    0xf8, 0x3f, 0xf9, 0x7f, 0xc9, 0xfc, 0x87, 0xff,
    0x25, 0xfe, 0x3, 0xfc, 0x1f, 0xfc, 0x9f, 0xe4,
    0x2f, 0xe4, 0x3f, 0xf8, 0xf7, 0xe8, 0x33, 0xfc,
    0x1f, 0xfc, 0x7f, 0xe0, 0xf5, 0xfa, 0xf, 0xfe,
    0x2d, 0xfa, 0xf, 0xbf, 0x83, 0xff, 0x8b, 0xfc,
    0x1f, 0xaf, 0xd0, 0x7f, 0xf0, 0xef, 0xd0, 0x7f,
    0x7f, 0x7, 0xff, 0x9, 0xfe, 0xf, 0xf5, 0xfa,
    0xf, 0xfe, 0xf, 0xf2, 0x1f, 0xf7, 0xf0, 0x7f,
    0xf0, 0x1f, 0xe0, 0xff, 0xe0, 0x5f, 0xa0, 0xff,
    0xbf, 0x90, 0xff, 0xe0, 0xff, 0x7, 0xf9, 0xfe,
    0xf, 0xfe, 0x15, 0xfa, 0xf, 0xef, 0xe4, 0x3f,
    0xf8, 0x7f, 0xc8, 0x7d, 0x7e, 0x83, 0xff, 0x88,
    0xff, 0x7, 0xdf, 0xc1, 0xff, 0xc6, 0xfe, 0x43,
    0xaf, 0xd0, 0x7f, 0xf1, 0x9f, 0xe0, 0xef, 0xe0,
    0xff, 0xe4, 0x7f, 0x21, 0x7f, 0x41, 0xff, 0xc8,
    0x7f, 0x80, 0xff, 0x7, 0xff, 0x2b, 0xf9, 0x3f,
    0x90, 0xff, 0xe5, 0x3f, 0xc7, 0xf0, 0x7f, 0xf3,
    0x3f, 0x8f, 0xc8, 0x7f, 0xf3, 0x1f, 0xc7, 0xe0,
    0xff, 0xe7, 0x56, 0x2a, 0xf, 0xfe, 0x7b, 0x44,
    0xa8, 0x3f, 0xf9, 0xff, 0x8f, 0xc1, 0xff, 0xcd,
    0xbf, 0x1f, 0x90, 0xff, 0xe6, 0x7f, 0x1f, 0xc1,
    0xff, 0xcb, 0xbf, 0x47, 0xf2, 0x1f, 0xfc, 0xaf,
    0xe0, 0x3f, 0xc1, 0xff, 0xc9, 0xfe, 0x42, 0xfe,
    0x43, 0xff, 0x8e, 0xff, 0x6, 0x7f, 0x83, 0xff,
    0x8f, 0xfc, 0x87, 0x7f, 0x21, 0xff, 0xc5, 0x7f,
    0x83, 0xcf, 0xf0, 0x7f, 0xf1, 0x7f, 0x90, 0xfb,
    0xfa, 0xf, 0xfe, 0x1b, 0xfc, 0x1f, 0xdf, 0xc1,
    0xff, 0xc3, 0xfe, 0x43, 0xfa, 0xfd, 0x7, 0xff,
    0x5, 0xfe, 0xf, 0xfb, 0xf8, 0x3f, 0xf8, 0x3f,
    0xc8, 0x7f, 0xd7, 0xe8, 0x3f, 0xe7, 0xf8, 0x3f,
    0xf8, 0x3f, 0xc1, 0xff, 0x7f, 0x21, 0xff, 0xc1,
    0xbf, 0x41, 0xfc, 0xff, 0x7, 0xff, 0xf, 0xf8,
    0x3f, 0xbf, 0x90, 0xff, 0xe1, 0xdf, 0xc1, 0xf3,
    0xfc, 0x1f, 0xfc, 0x5f, 0xe4, 0x3d, 0xfc, 0x87,
    0xff, 0x15, 0xfe, 0xe, 0x7f, 0x83, 0xff, 0x8f,
    0xfc, 0x86, 0xfe, 0x43, 0xff, 0x8e, 0xff, 0x4,
    0xff, 0x7, 0xff, 0x27, 0xf9, 0x7, 0xf2, 0x1f,
    0xfc, 0x97, 0xf8, 0x7f, 0x83, 0xff, 0x97, 0xfc,
    0xaf, 0xc8, 0x7f, 0xf2, 0xdf, 0xd3, 0xf8, 0x3f,
    0xf9, 0xbf, 0xa7, 0xe4, 0x3f, 0xf9, 0xdf, 0x40,

    /* U+0059 "Y" */
    0xf, 0xfe, 0xde, 0x87, 0xff, 0x3f, 0x83, 0x7c,
    0x87, 0xff, 0x37, 0xe8, 0x1f, 0xc1, 0xff, 0xcc,
    0x7f, 0x27, 0xf0, 0x7f, 0xf3, 0x1f, 0xd1, 0xfc,
    0x1f, 0xfc, 0xc7, 0xf4, 0x7f, 0x7, 0xff, 0x31,
    0xfd, 0x1f, 0xc1, 0xff, 0xcc, 0x7f, 0x47, 0xf0,
    0x7f, 0xf3, 0x1f, 0xd1, 0xfc, 0x1f, 0xfc, 0xc7,
    0xf4, 0x7f, 0x7, 0xff, 0x31, 0xfd, 0x1f, 0xc1,
    0xff, 0xcc, 0x7f, 0x47, 0xf0, 0x7f, 0xf3, 0x1f,
    0xd1, 0xfc, 0x1f, 0xfc, 0xc7, 0xf4, 0x7f, 0x7,
    0xff, 0x31, 0xfd, 0x1f, 0xc1, 0xff, 0xcc, 0x7f,
    0x47, 0xf0, 0x7f, 0xf3, 0x1f, 0xd1, 0xfc, 0x1f,
    0xfc, 0xc7, 0xf4, 0x7f, 0x7, 0xff, 0x31, 0xfd,
    0x1f, 0xc1, 0xff, 0xcc, 0x7f, 0x47, 0xf0, 0x7f,
    0xf3, 0x1f, 0xd1, 0xfc, 0x1f, 0xfc, 0xc7, 0xf4,
    0x7f, 0x7, 0xff, 0x31, 0xfd, 0x1f, 0xc1, 0xff,
    0xcc, 0x7f, 0x47, 0xf0, 0x7f, 0xf3, 0x1f, 0xd1,
    0xfc, 0x1f, 0xfc, 0xc7, 0xf4, 0x7e, 0x83, 0xff,
    0x9b, 0xfa, 0x7, 0xa1, 0xff, 0xfe, 0x58, 0x3e,
    0x82, 0x47, 0xff, 0xf9, 0xa0, 0xf2, 0x1d, 0xff,
    0xfc, 0xe8, 0x3f, 0xdf, 0xff, 0xcc, 0x87, 0xd0,
    0x7d, 0xff, 0xfc, 0xa8, 0x7e, 0x83, 0xff, 0xa7,
    0xfa, 0xf, 0xfe, 0x93, 0xfa, 0xf, 0xfe, 0x93,
    0xfa, 0xf, 0xfe, 0x93, 0xfa, 0xf, 0xfe, 0x93,
    0xfa, 0xf, 0xfe, 0x93, 0xfa, 0xf, 0xfe, 0x93,
    0xfa, 0xf, 0xfe, 0x93, 0xfa, 0xf, 0xfe, 0x93,
    0xfa, 0xf, 0xfe, 0x93, 0xfa, 0xf, 0xfe, 0x93,
    0xfa, 0xf, 0xfe, 0x93, 0xfa, 0xf, 0xfe, 0x93,
    0xfa, 0xf, 0xfe, 0x93, 0xfa, 0xf, 0xfe, 0x93,
    0xfa, 0xf, 0xfe, 0x93, 0xfa, 0xf, 0xfe, 0x93,
    0xfa, 0xf, 0xfe, 0x93, 0xfa, 0xf, 0xfe, 0x93,
    0xfa, 0xf, 0xfe, 0x93, 0xfa, 0xf, 0xfe, 0x9f,
    0xe0, 0xfd, 0xff, 0xfc, 0xa8, 0x1e, 0xf, 0xdf,
    0xff, 0xcc, 0x83, 0xfd, 0xff, 0xfc, 0xe8, 0x3f,
    0x9f, 0xff, 0xe6, 0x41, 0xff, 0x3f, 0xff, 0xca,
    0x83, 0xc0,

    /* U+005A "Z" */
    0xb, 0xff, 0xfa, 0x48, 0x6f, 0xff, 0xea, 0x20,
    0xbf, 0xff, 0xaa, 0x83, 0xff, 0xfa, 0x90, 0x6b,
    0xff, 0xfa, 0x30, 0x7f, 0xfd, 0xdf, 0x83, 0xff,
    0xa9, 0xf8, 0x3f, 0xfa, 0x77, 0xe0, 0xff, 0xe9,
    0x3f, 0xc1, 0xff, 0xd2, 0xfe, 0xf, 0xfe, 0x95,
    0xfa, 0xf, 0xfe, 0x97, 0xf0, 0x7f, 0xf4, 0xbf,
    0x90, 0xff, 0xe8, 0xbf, 0xa0, 0xff, 0xe9, 0x7f,
    0x7, 0xff, 0x4b, 0xfa, 0xf, 0xfe, 0x8b, 0xfc,
    0x1f, 0xfd, 0x2f, 0xe4, 0x3f, 0xfa, 0x37, 0xe8,
    0x3f, 0xfa, 0x2f, 0xf0, 0x7f, 0xf4, 0xbf, 0x90,
    0xff, 0xe8, 0xdf, 0xc1, 0xff, 0xd2, 0xfe, 0x43,
    0xff, 0xa5, 0xfa, 0xf, 0xfe, 0x9f, 0xe0, 0xff,
    0xea, 0x32, 0x1f, 0xff, 0x56, 0xf0, 0x7f, 0xf5,
    0x3f, 0x7, 0xff, 0x4f, 0xf8, 0x3f, 0xfa, 0x4f,
    0xf0, 0x7f, 0xf4, 0xbf, 0xa0, 0xff, 0xe8, 0xdf,
    0xc1, 0xff, 0xd1, 0x7f, 0x90, 0xff, 0xe8, 0xff,
    0x41, 0xff, 0xd1, 0xbf, 0x83, 0xff, 0xa5, 0xfc,
    0x87, 0xff, 0x47, 0xfa, 0xf, 0xfe, 0x8b, 0xfc,
    0x1f, 0xfd, 0x2f, 0xe4, 0x3f, 0xfa, 0x37, 0xf0,
    0x7f, 0xf4, 0x5f, 0xe0, 0xff, 0xe9, 0x7f, 0x21,
    0xff, 0xd1, 0x7f, 0x83, 0xff, 0xa5, 0xfc, 0x1f,
    0xfd, 0x2b, 0xf4, 0x1f, 0xfd, 0x17, 0xf8, 0x3f,
    0xfa, 0x57, 0xe4, 0x3f, 0xfa, 0x57, 0xd0, 0x7f,
    0xf4, 0xef, 0x83, 0xff, 0xaa, 0xa0, 0xff, 0xea,
    0xdf, 0xff, 0xd1, 0x43, 0x7f, 0xff, 0x52, 0x7,
    0xff, 0xf5, 0x90, 0x7f, 0xff, 0x51, 0xd, 0xff,
    0xfd, 0x24, 0x0,

    /* U+005B "[" */
    0xf, 0xfe, 0x4d, 0xfc, 0x1f, 0xaf, 0xf8, 0x3c,
    0xff, 0xf0, 0x7a, 0xff, 0x90, 0xac, 0x17, 0xf0,
    0x6b, 0xe0, 0xff, 0x5f, 0x90, 0xfe, 0xfe, 0x43,
    0xfb, 0xf9, 0xf, 0xef, 0xe4, 0x3f, 0xbf, 0x90,
    0xfe, 0xfe, 0x43, 0xfb, 0xf9, 0xf, 0xef, 0xe4,
    0x3f, 0xbf, 0x90, 0xfe, 0xfe, 0x43, 0xfb, 0xf9,
    0xf, 0xef, 0xe4, 0x3f, 0xbf, 0x90, 0xfe, 0xfe,
    0x43, 0xfb, 0xf9, 0xf, 0xef, 0xe4, 0x3f, 0xbf,
    0x90, 0xfe, 0xfe, 0x43, 0xfb, 0xf9, 0xf, 0xef,
    0xe4, 0x3f, 0xbf, 0x90, 0xfe, 0xfe, 0x43, 0xfb,
    0xf2, 0x1f, 0xef, 0x90, 0xff, 0xe7, 0x32, 0x1f,
    0xfc, 0xf, 0xa0, 0xff, 0xbf, 0x41, 0xfe, 0xfe,
    0x43, 0xfb, 0xf9, 0xf, 0xef, 0xe4, 0x3f, 0xbf,
    0x90, 0xfe, 0xfe, 0x43, 0xfb, 0xf9, 0xf, 0xef,
    0xe4, 0x3f, 0xbf, 0x90, 0xfe, 0xfe, 0x43, 0xfb,
    0xf9, 0xf, 0xef, 0xe4, 0x3f, 0xbf, 0x90, 0xfe,
    0xfe, 0x43, 0xfb, 0xf9, 0xf, 0xef, 0xe4, 0x3f,
    0xbf, 0x90, 0xfe, 0xfe, 0x43, 0xfb, 0xf9, 0xf,
    0xef, 0xe4, 0x3f, 0xbf, 0x90, 0xfe, 0xfe, 0x43,
    0xfb, 0xf9, 0xf, 0xef, 0xe4, 0x3f, 0xbf, 0x90,
    0xfe, 0xfe, 0x43, 0xfb, 0xf9, 0xf, 0xeb, 0xf2,
    0x1f, 0xeb, 0xd0, 0x7f, 0xf0, 0x28, 0xf, 0xf2,
    0x1f, 0x7f, 0xe4, 0x39, 0xff, 0xe0, 0xf5, 0xff,
    0x7, 0xeb, 0xf8, 0x20,

    /* U+005C "\\" */
    0xfa, 0xf, 0xfe, 0x9f, 0xe0, 0xff, 0xe9, 0xfe,
    0x83, 0xff, 0xa5, 0x7e, 0x43, 0xff, 0xa5, 0xfc,
    0x1f, 0xfd, 0x2b, 0xf2, 0x1f, 0xfd, 0x2f, 0xe0,
    0xff, 0xe9, 0x3f, 0xa0, 0xff, 0xe9, 0x7f, 0x7,
    0xff, 0x49, 0xfd, 0x7, 0xff, 0x4b, 0xf9, 0xf,
    0xfe, 0x97, 0xf0, 0x7f, 0xf4, 0xaf, 0xc8, 0x7f,
    0xf4, 0xbf, 0x83, 0xff, 0xa5, 0x7e, 0x83, 0xff,
    0xa5, 0xfc, 0x1f, 0xfd, 0x27, 0xf8, 0x3f, 0xfa,
    0x5f, 0xc8, 0x7f, 0xf4, 0x5f, 0xe0, 0xff, 0xe9,
    0x7f, 0x21, 0xff, 0xd1, 0x7f, 0x83, 0xff, 0xa5,
    0x7e, 0x83, 0xff, 0xa5, 0xfc, 0x1f, 0xfd, 0x2b,
    0xf4, 0x1f, 0xfd, 0x2f, 0xd0, 0x7f, 0xf4, 0x9f,
    0x90, 0xff, 0xea, 0x30, 0x7f, 0xfe, 0x9f, 0x41,
    0xff, 0xd3, 0xbe, 0x83, 0xff, 0xa5, 0x7e, 0x43,
    0xff, 0xa3, 0x7f, 0x7, 0xff, 0x4b, 0xf9, 0xf,
    0xfe, 0x8d, 0xfc, 0x1f, 0xfd, 0x2f, 0xe8, 0x3f,
    0xfa, 0x2f, 0xf0, 0x7f, 0xf4, 0xbf, 0xa0, 0xff,
    0xe9, 0x7f, 0x7, 0xff, 0x4a, 0xfe, 0xf, 0xfe,
    0x97, 0xf2, 0x1f, 0xfd, 0x17, 0xf8, 0x3f, 0xfa,
    0x5f, 0xc8, 0x7f, 0xf4, 0x5f, 0xe0, 0xff, 0xe9,
    0x5f, 0xa0, 0xff, 0xe9, 0x7f, 0x7, 0xff, 0x4a,
    0xfd, 0x7, 0xff, 0x4b, 0xf9, 0xf, 0xfe, 0x8b,
    0xfc, 0x1f, 0xfd, 0x2f, 0xe4, 0x3f, 0xfa, 0x5f,
    0xc1, 0xff, 0xd2, 0xbf, 0x41, 0xff, 0xd2, 0xfe,
    0xf, 0xfe, 0x93, 0xfa, 0xf, 0xfe, 0x97, 0xf0,
    0x7f, 0xf4, 0x9f, 0xc8, 0x7f, 0xf4, 0xaf, 0x90,
    0xff, 0xe9, 0xfc, 0x80,

    /* U+005D "]" */
    0xf, 0xfe, 0x27, 0xf4, 0x1f, 0x7f, 0xd0, 0x75,
    0xff, 0xa0, 0xef, 0xfc, 0x1f, 0x7f, 0x81, 0x61,
    0xff, 0x5f, 0x7, 0xfb, 0xf8, 0x3f, 0xbf, 0x83,
    0xfb, 0xf8, 0x3f, 0xbf, 0x83, 0xfb, 0xf8, 0x3f,
    0xbf, 0x83, 0xfb, 0xf8, 0x3f, 0xbf, 0x83, 0xfb,
    0xf8, 0x3f, 0xbf, 0x83, 0xfb, 0xf8, 0x3f, 0xbf,
    0x83, 0xfb, 0xf8, 0x3f, 0xbf, 0x83, 0xfb, 0xf8,
    0x3f, 0xbf, 0x83, 0xfb, 0xf8, 0x3f, 0xbf, 0x83,
    0xfb, 0xf8, 0x3f, 0xbf, 0x83, 0xfb, 0xf8, 0x3f,
    0xbf, 0x83, 0xfd, 0xf8, 0x3f, 0xef, 0x83, 0xff,
    0x9a, 0xd0, 0x3f, 0xd7, 0xc1, 0xfd, 0x7e, 0xf,
    0xef, 0xe0, 0xfe, 0xfe, 0xf, 0xef, 0xe0, 0xfe,
    0xfe, 0xf, 0xef, 0xe0, 0xfe, 0xfe, 0xf, 0xef,
    0xe0, 0xfe, 0xfe, 0xf, 0xef, 0xe0, 0xfe, 0xfe,
    0xf, 0xef, 0xe0, 0xfe, 0xfe, 0xf, 0xef, 0xe0,
    0xfe, 0xfe, 0xf, 0xef, 0xe0, 0xfe, 0xfe, 0xf,
    0xef, 0xe0, 0xfe, 0xfe, 0xf, 0xef, 0xe0, 0xfe,
    0xfe, 0xf, 0xef, 0xe0, 0xfe, 0xfe, 0xf, 0xef,
    0xe0, 0xfe, 0xfe, 0xf, 0xef, 0xe0, 0xfe, 0xfe,
    0xf, 0xef, 0xd0, 0x7f, 0x3f, 0x5, 0xfe, 0x3,
    0x85, 0xff, 0x83, 0xaf, 0xfd, 0x7, 0x5f, 0xf0,
    0x7d, 0x7e, 0x83, 0xc0,

    /* U+005E "^" */
    0xf, 0xef, 0xc8, 0x7f, 0xf1, 0x3f, 0xd0, 0x7f,
    0xf0, 0xbf, 0xf4, 0x1f, 0xfc, 0xf, 0xff, 0x41,
    0xfe, 0xff, 0xfe, 0x4, 0x1f, 0xbf, 0xd3, 0xfe,
    0x83, 0xdf, 0xe8, 0xf, 0xfa, 0xd, 0xfe, 0x83,
    0x3f, 0xe8, 0x1f, 0xe8, 0x3c, 0xff, 0xa3, 0xfa,
    0xf, 0xcf, 0xf4, 0x7e, 0x83, 0xfc, 0xfe, 0x8f,
    0xa0, 0xff, 0xe0, 0x3f, 0x40,

    /* U+005F "_" */
    0x5, 0xff, 0xfd, 0x54, 0x2b, 0xff, 0xfa, 0xe9,
    0x7f, 0xff, 0x64, 0x1f, 0xff, 0xd8, 0x42, 0xff,
    0xfe, 0xb2, 0x0,

    /* U+0060 "`" */
    0x7e, 0x43, 0xf3, 0xf9, 0xf, 0x9f, 0xe4, 0x3e,
    0xff, 0x21, 0xe7, 0xfc, 0x87, 0x9f, 0xf2, 0x1e,
    0x7f, 0xc8, 0x79, 0xff, 0x41, 0xe7, 0xfc, 0x87,
    0x9f, 0xe8, 0x3e, 0x7f, 0x41, 0xf9, 0xfa,

    /* U+0061 "a" */
    0xf, 0x7f, 0xff, 0x3c, 0x3e, 0xff, 0xfe, 0x78,
    0x30, 0xdf, 0xff, 0xcf, 0x7, 0x81, 0xa7, 0xff,
    0xf3, 0x41, 0xf1, 0xf0, 0x2f, 0xff, 0xe4, 0xc0,
    0xfd, 0x7e, 0xf, 0xfe, 0x6f, 0xff, 0x83, 0xff,
    0x9b, 0xff, 0xe0, 0xff, 0xe6, 0xff, 0xf8, 0x3f,
    0xf9, 0xbf, 0xfe, 0xf, 0xfe, 0x6f, 0xff, 0x83,
    0xff, 0x9b, 0xff, 0xe0, 0xff, 0xe6, 0xff, 0xf8,
    0x3f, 0xf9, 0xbf, 0xfe, 0xf, 0xfe, 0x6f, 0xff,
    0x83, 0xff, 0x9b, 0xff, 0xe0, 0xff, 0xe6, 0xff,
    0xf8, 0x3f, 0xf9, 0xbf, 0xfe, 0xf, 0xfe, 0x6f,
    0xff, 0x83, 0xff, 0x9b, 0xff, 0xe0, 0xff, 0xe6,
    0xff, 0xf8, 0x3f, 0xf9, 0xbf, 0xfe, 0xf, 0xfe,
    0x6f, 0xff, 0x83, 0xff, 0x9b, 0xff, 0xe0, 0xff,
    0xe6, 0xff, 0x5f, 0x83, 0xff, 0x9b, 0xfc, 0x7e,
    0xf, 0xfe, 0x6f, 0xf0, 0x3c, 0xb, 0xff, 0xf9,
    0x30, 0x3f, 0x7, 0x7f, 0xff, 0x34, 0x17, 0x83,
    0x5f, 0xff, 0xce, 0x5, 0x87, 0x7f, 0xff, 0x3c,
    0x10, 0x7b, 0xff, 0xf9, 0xe0,

    /* U+0062 "b" */
    0xf, 0xfe, 0xde, 0x87, 0xff, 0x57, 0xe4, 0x3f,
    0xfa, 0x7f, 0xc1, 0xff, 0xd3, 0xfe, 0xf, 0xfe,
    0x9f, 0xf0, 0x7f, 0xf4, 0xff, 0x83, 0xff, 0xa7,
    0xfc, 0x1f, 0xfd, 0x3f, 0xe0, 0xff, 0xe9, 0xff,
    0x7, 0xff, 0x4f, 0xf8, 0x3f, 0xfa, 0x7f, 0xc1,
    0xff, 0xd3, 0xfe, 0xf, 0xfe, 0x9f, 0xf0, 0x7f,
    0xf4, 0xff, 0x83, 0xff, 0xa7, 0xfc, 0x1f, 0xfd,
    0x3f, 0xe0, 0xff, 0xe9, 0xff, 0x7, 0xff, 0x4f,
    0xf8, 0x3f, 0xfa, 0x7f, 0xc1, 0xff, 0xd3, 0xfe,
    0xf, 0xfe, 0x9f, 0xf0, 0x7f, 0xf4, 0xff, 0x83,
    0xff, 0xa7, 0xfc, 0x1f, 0xfd, 0x3f, 0xe0, 0xff,
    0xe9, 0xff, 0x7, 0xff, 0x4f, 0xf4, 0x1f, 0xfd,
    0x3f, 0xa1, 0xff, 0xfe, 0x58, 0x7d, 0xe8, 0x7f,
    0xff, 0x9a, 0x1f, 0xef, 0xff, 0xe7, 0x41, 0xdf,
    0x3, 0xff, 0xf9, 0x90, 0xc1, 0x7e, 0x7, 0xff,
    0xf2, 0xa1, 0xf4, 0xf, 0xd0, 0x7f, 0xf3, 0x7f,
    0x27, 0xf0, 0x7f, 0xf3, 0x1f, 0xd1, 0xfc, 0x1f,
    0xfc, 0xc7, 0xf4, 0x7f, 0x7, 0xff, 0x31, 0xfd,
    0x1f, 0xc1, 0xff, 0xcc, 0x7f, 0x47, 0xf0, 0x7f,
    0xf3, 0x1f, 0xd1, 0xfc, 0x1f, 0xfc, 0xc7, 0xf4,
    0x7f, 0x7, 0xff, 0x31, 0xfd, 0x1f, 0xc1, 0xff,
    0xcc, 0x7f, 0x47, 0xf0, 0x7f, 0xf3, 0x1f, 0xd1,
    0xfc, 0x1f, 0xfc, 0xc7, 0xf4, 0x7f, 0x7, 0xff,
    0x31, 0xfd, 0x1f, 0xc1, 0xff, 0xcc, 0x7f, 0x47,
    0xf0, 0x7f, 0xf3, 0x1f, 0xd1, 0xfc, 0x1f, 0xfc,
    0xc7, 0xf4, 0x7f, 0x7, 0xff, 0x31, 0xfd, 0x1f,
    0xc1, 0xff, 0xcc, 0x7f, 0x47, 0xf0, 0x7f, 0xf3,
    0x1f, 0xd1, 0xfc, 0x1f, 0xfc, 0xc7, 0xf4, 0x7f,
    0x7, 0xff, 0x31, 0xfd, 0x1f, 0xc1, 0xff, 0xcd,
    0xfc, 0xf, 0xc9, 0x7f, 0xff, 0x26, 0x7, 0x82,
    0xf9, 0x2f, 0xff, 0xe5, 0xc1, 0xef, 0x25, 0xff,
    0xfc, 0xd8, 0x3b, 0x4b, 0xff, 0xf9, 0xb0, 0x79,
    0x2f, 0xff, 0xe6, 0xc1, 0xe0,

    /* U+0063 "c" */
    0xf, 0x3f, 0xff, 0xcb, 0xf, 0x9f, 0xff, 0xe6,
    0x87, 0xbf, 0xff, 0x9d, 0x1, 0xc1, 0xff, 0xfc,
    0xc8, 0x2f, 0x81, 0xff, 0xfc, 0xa8, 0x2f, 0xd0,
    0x7f, 0xf3, 0xff, 0x83, 0xff, 0x9f, 0xfc, 0x1f,
    0xfc, 0xff, 0xe0, 0xff, 0xe7, 0xff, 0x7, 0xff,
    0x3f, 0xf8, 0x3f, 0xf9, 0xff, 0xc1, 0xff, 0xcf,
    0xfe, 0xf, 0xfe, 0x7f, 0xf0, 0x7f, 0xf3, 0xff,
    0x83, 0xff, 0x9f, 0xfc, 0x1f, 0xfc, 0xff, 0xe0,
    0xff, 0xe7, 0xff, 0x7, 0xff, 0x3f, 0xf8, 0x3f,
    0xf9, 0xff, 0xc1, 0xff, 0xcf, 0xfe, 0xf, 0xfe,
    0x7f, 0xf0, 0x7f, 0xf3, 0xff, 0x83, 0xff, 0x9f,
    0xfc, 0x1f, 0xfc, 0xff, 0xe0, 0xff, 0xe7, 0xbf,
    0x41, 0xff, 0xd0, 0x78, 0x1f, 0xff, 0xca, 0x83,
    0xf7, 0xff, 0xf3, 0x20, 0xf7, 0xff, 0xf3, 0xa0,
    0xe7, 0xff, 0xf9, 0x90, 0x7c, 0xff, 0xff, 0x2a,
    0x0,

    /* U+0064 "d" */
    0xf, 0xff, 0xb5, 0x3, 0xff, 0xa9, 0xf4, 0x1f,
    0xfd, 0x3f, 0xd0, 0x7f, 0xf4, 0xbf, 0x41, 0xff,
    0xd2, 0xfd, 0x7, 0xff, 0x4b, 0xf4, 0x1f, 0xfd,
    0x2f, 0xd0, 0x7f, 0xf4, 0xbf, 0x41, 0xff, 0xd2,
    0xfd, 0x7, 0xff, 0x4b, 0xf4, 0x1f, 0xfd, 0x2f,
    0xd0, 0x7f, 0xf4, 0xbf, 0x41, 0xff, 0xd2, 0xfd,
    0x7, 0xff, 0x4b, 0xf4, 0x1f, 0xfd, 0x2f, 0xd0,
    0x7f, 0xf4, 0xbf, 0x41, 0xff, 0xd2, 0xfd, 0x7,
    0xff, 0x4b, 0xf4, 0x1f, 0xfd, 0x2f, 0xd0, 0x7f,
    0xf4, 0xbf, 0x41, 0xff, 0xd2, 0xfd, 0x7, 0xff,
    0x4b, 0xf4, 0x1f, 0xfd, 0x2f, 0xd0, 0x7f, 0xf4,
    0xbf, 0x41, 0xff, 0xd2, 0xfd, 0x7, 0xff, 0x4b,
    0xf4, 0x1c, 0xff, 0xff, 0x2c, 0x1f, 0x41, 0x9f,
    0xff, 0xe6, 0x82, 0xe0, 0xdf, 0xff, 0xce, 0x83,
    0xd8, 0x3f, 0xff, 0x9a, 0x3e, 0x8f, 0x81, 0xff,
    0xfc, 0xa8, 0x7e, 0xa7, 0xe0, 0xff, 0xe6, 0xfe,
    0xbf, 0x83, 0xff, 0x9b, 0xfa, 0xfe, 0xf, 0xfe,
    0x6f, 0xeb, 0xf8, 0x3f, 0xf9, 0xbf, 0xaf, 0xe0,
    0xff, 0xe6, 0xfe, 0xbf, 0x83, 0xff, 0x9b, 0xfa,
    0xfe, 0xf, 0xfe, 0x6f, 0xeb, 0xf8, 0x3f, 0xf9,
    0xbf, 0xaf, 0xe0, 0xff, 0xe6, 0xfe, 0xbf, 0x83,
    0xff, 0x9b, 0xfa, 0xfe, 0xf, 0xfe, 0x6f, 0xeb,
    0xf8, 0x3f, 0xf9, 0xbf, 0xaf, 0xe0, 0xff, 0xe6,
    0xfe, 0xbf, 0x83, 0xff, 0x9b, 0xfa, 0xfe, 0xf,
    0xfe, 0x6f, 0xeb, 0xf8, 0x3f, 0xf9, 0xbf, 0xaf,
    0xe0, 0xff, 0xe6, 0xfe, 0xbf, 0x83, 0xff, 0x9b,
    0xfa, 0xfe, 0xf, 0xfe, 0x6f, 0xeb, 0xf8, 0x3f,
    0xf9, 0xbf, 0xa3, 0xf0, 0x7f, 0xf3, 0x7f, 0x40,
    0xe0, 0x7f, 0xff, 0x29, 0x2f, 0xa0, 0xef, 0xff,
    0xe6, 0x25, 0xe8, 0x37, 0xff, 0xf3, 0x93, 0xd0,
    0x77, 0xff, 0xf3, 0x93, 0x83, 0xdf, 0xff, 0xce,
    0x44,

    /* U+0065 "e" */
    0xf, 0x3f, 0xff, 0xcb, 0xf, 0x9f, 0xff, 0xe6,
    0x87, 0xbf, 0xff, 0x9d, 0x1, 0xc1, 0xff, 0xfc,
    0xc8, 0x2f, 0x81, 0xff, 0xfc, 0xa8, 0x2f, 0xd0,
    0x7f, 0xf2, 0x16, 0xd, 0xfc, 0x1f, 0xfc, 0x7f,
    0xc8, 0x5f, 0xc1, 0xff, 0xc5, 0x7f, 0x90, 0xbf,
    0x83, 0xff, 0x88, 0xff, 0x90, 0xbf, 0x83, 0xff,
    0x87, 0x7f, 0xa0, 0xdf, 0xc1, 0xff, 0xc2, 0xbf,
    0xd0, 0x77, 0xf0, 0x7f, 0xf0, 0x7f, 0xe4, 0x3d,
    0xfc, 0x1f, 0xfc, 0xf, 0xf9, 0xf, 0xbf, 0x83,
    0xfe, 0xff, 0x90, 0xfd, 0xfc, 0x1f, 0xcf, 0xfc,
    0x1f, 0xef, 0xe0, 0xfc, 0xff, 0xc1, 0xff, 0x7f,
    0x7, 0xd7, 0xfa, 0xf, 0xfe, 0x7, 0xf0, 0x7a,
    0xff, 0x41, 0xff, 0xc1, 0xfe, 0xe, 0xff, 0x90,
    0xff, 0xe1, 0x7f, 0x6, 0xff, 0x90, 0xff, 0xe1,
    0xff, 0x5, 0xff, 0x7, 0xff, 0x17, 0xf8, 0x7f,
    0xe0, 0xff, 0xe3, 0x7f, 0x1f, 0xf0, 0x7f, 0xf1,
    0xff, 0x9f, 0xe8, 0x3f, 0xf9, 0x1f, 0xcf, 0xe8,
    0x3f, 0xf9, 0x2f, 0xd0, 0xb8, 0x3f, 0xf9, 0x6f,
    0x3, 0xff, 0xf9, 0x50, 0x7e, 0xff, 0xfe, 0x64,
    0x1e, 0xff, 0xfe, 0x74, 0x1c, 0xff, 0xff, 0x32,
    0xf, 0x9f, 0xff, 0xe5, 0x40,

    /* U+0066 "f" */
    0xf, 0xbf, 0xff, 0x8a, 0x1f, 0xdf, 0xff, 0xc7,
    0xf, 0xbf, 0xff, 0x92, 0x1f, 0x7f, 0xff, 0x1d,
    0x9, 0xe0, 0x7f, 0xff, 0x15, 0x9, 0xfa, 0xf,
    0xfe, 0x57, 0xf0, 0x7f, 0xf2, 0xbf, 0x83, 0xff,
    0x95, 0xfc, 0x1f, 0xfc, 0xaf, 0xe0, 0xff, 0xe5,
    0x7f, 0x7, 0xff, 0x2b, 0xf8, 0x3f, 0xf9, 0x5f,
    0xc1, 0xff, 0xca, 0xfe, 0xf, 0xfe, 0x57, 0xf0,
    0x7f, 0xf2, 0xbf, 0x83, 0xff, 0x95, 0xfc, 0x1f,
    0xfc, 0xaf, 0xe0, 0xff, 0xe5, 0x7f, 0x7, 0xff,
    0x2b, 0xf8, 0x3f, 0xf9, 0x5f, 0xc1, 0xff, 0xca,
    0xfe, 0xf, 0xfe, 0x57, 0xf0, 0x7f, 0xf2, 0xbf,
    0x83, 0xff, 0x95, 0xfc, 0x1f, 0xfc, 0xaf, 0xd0,
    0x7f, 0xf2, 0xfe, 0x7, 0xff, 0x21, 0xff, 0xc1,
    0x81, 0xff, 0xf2, 0x1f, 0xfc, 0x2f, 0xff, 0xe0,
    0x87, 0xff, 0x2, 0x1f, 0xff, 0xa0, 0xff, 0xbd,
    0xf, 0xff, 0x41, 0xff, 0x7e, 0x83, 0xff, 0x95,
    0xfc, 0x1f, 0xfc, 0xaf, 0xe0, 0xff, 0xe5, 0x7f,
    0x7, 0xff, 0x2b, 0xf8, 0x3f, 0xf9, 0x5f, 0xc1,
    0xff, 0xca, 0xfe, 0xf, 0xfe, 0x57, 0xf0, 0x7f,
    0xf2, 0xbf, 0x83, 0xff, 0x95, 0xfc, 0x1f, 0xfc,
    0xaf, 0xe0, 0xff, 0xe5, 0x7f, 0x7, 0xff, 0x2b,
    0xf8, 0x3f, 0xf9, 0x5f, 0xc1, 0xff, 0xca, 0xfe,
    0xf, 0xfe, 0x57, 0xf0, 0x7f, 0xf2, 0xbf, 0x83,
    0xff, 0x95, 0xfc, 0x1f, 0xfc, 0xaf, 0xe0, 0xff,
    0xe5, 0x7f, 0x7, 0xff, 0x2b, 0xf8, 0x3f, 0xf9,
    0x5f, 0xc1, 0xff, 0xca, 0xfe, 0xf, 0xfe, 0x57,
    0xf0, 0x7f, 0xf2, 0xfe, 0x43, 0xff, 0x99, 0xa1,
    0xff, 0xe5,

    /* U+0067 "g" */
    0xf, 0xbf, 0xff, 0x95, 0x7, 0xff, 0x3, 0xff,
    0xf9, 0x90, 0x7f, 0xbf, 0xff, 0x9d, 0x7, 0xfb,
    0xff, 0xf9, 0x90, 0x7c, 0xf0, 0x3f, 0xff, 0x95,
    0x3, 0xc1, 0x3f, 0x41, 0xff, 0xcd, 0xfc, 0xf,
    0xe0, 0xff, 0xe6, 0x3f, 0xa3, 0xf8, 0x3f, 0xf9,
    0x8f, 0xe8, 0xfe, 0xf, 0xfe, 0x63, 0xfa, 0x3f,
    0x83, 0xff, 0x98, 0xfe, 0x8f, 0xe0, 0xff, 0xe6,
    0x3f, 0xa3, 0xf8, 0x3f, 0xf9, 0x8f, 0xe8, 0xfe,
    0xf, 0xfe, 0x63, 0xfa, 0x3f, 0x83, 0xff, 0x98,
    0xfe, 0x8f, 0xe0, 0xff, 0xe6, 0x3f, 0xa3, 0xf8,
    0x3f, 0xf9, 0x8f, 0xe8, 0xfe, 0xf, 0xfe, 0x63,
    0xfa, 0x3f, 0x83, 0xff, 0x98, 0xfe, 0x8f, 0xe0,
    0xff, 0xe6, 0x3f, 0xa3, 0xf8, 0x3f, 0xf9, 0x8f,
    0xe8, 0xfe, 0xf, 0xfe, 0x63, 0xfa, 0x3f, 0x83,
    0xff, 0x98, 0xfe, 0x8f, 0xe0, 0xff, 0xe6, 0x3f,
    0xa3, 0xf8, 0x3f, 0xf9, 0x8f, 0xe8, 0xfe, 0xf,
    0xfe, 0x63, 0xfa, 0x3f, 0x41, 0xff, 0xcd, 0xfd,
    0xf, 0xc0, 0xff, 0xfe, 0x54, 0x3f, 0x40, 0x60,
    0x7f, 0xff, 0x32, 0x1f, 0x41, 0xdf, 0xff, 0xce,
    0x83, 0xf9, 0xff, 0xfe, 0x68, 0x3c, 0x87, 0x9f,
    0xff, 0xe5, 0x83, 0xe8, 0x3f, 0xfa, 0x7f, 0xa0,
    0xff, 0xe9, 0x3f, 0xa0, 0xff, 0xe9, 0x3f, 0xa0,
    0xff, 0xe9, 0x3f, 0xa0, 0xff, 0xe9, 0x3f, 0xa0,
    0xff, 0xe9, 0x3f, 0xa0, 0xff, 0xe9, 0x3f, 0xa0,
    0xff, 0xe9, 0x3f, 0xa0, 0xff, 0xe9, 0x3f, 0xa0,
    0xff, 0xe9, 0x3f, 0xa0, 0xff, 0xe9, 0x3f, 0xa0,
    0xff, 0xe9, 0x3f, 0xa0, 0xff, 0xe9, 0x3f, 0xa0,
    0xff, 0xe9, 0x3f, 0xa0, 0xff, 0xe9, 0x3f, 0xa0,
    0xff, 0xe9, 0x3f, 0xa0, 0xff, 0xe9, 0x3f, 0xa0,
    0xff, 0xe9, 0x3f, 0xa0, 0xff, 0xe9, 0x3f, 0xa0,
    0xff, 0xe9, 0x3f, 0xa0, 0xff, 0xe9, 0xfe, 0xf,
    0xdf, 0xff, 0xca, 0x81, 0xe0, 0xfd, 0xff, 0xfc,
    0xc8, 0x3f, 0xdf, 0xff, 0xce, 0x83, 0xf9, 0xff,
    0xfe, 0x64, 0x1f, 0xf3, 0xff, 0xfc, 0xa8, 0x3c,

    /* U+0068 "h" */
    0xf, 0xfe, 0xde, 0x87, 0xff, 0x57, 0xe4, 0x3f,
    0xfa, 0x7f, 0xc1, 0xff, 0xd3, 0xfe, 0xf, 0xfe,
    0x9f, 0xf0, 0x7f, 0xf4, 0xff, 0x83, 0xff, 0xa7,
    0xfc, 0x1f, 0xfd, 0x3f, 0xe0, 0xff, 0xe9, 0xff,
    0x7, 0xff, 0x4f, 0xf8, 0x3f, 0xfa, 0x7f, 0xc1,
    0xff, 0xd3, 0xfe, 0xf, 0xfe, 0x9f, 0xf0, 0x7f,
    0xf4, 0xff, 0x83, 0xff, 0xa7, 0xfc, 0x1f, 0xfd,
    0x3f, 0xe0, 0xff, 0xe9, 0xff, 0x7, 0xff, 0x4f,
    0xf8, 0x3f, 0xfa, 0x7f, 0xc1, 0xff, 0xd3, 0xfe,
    0xf, 0xfe, 0x9f, 0xf0, 0x7f, 0xf4, 0xff, 0x83,
    0xff, 0xa7, 0xfc, 0x1f, 0xfd, 0x3f, 0xe0, 0xff,
    0xe9, 0xff, 0x7, 0xff, 0x4f, 0xf4, 0x1f, 0xfd,
    0x3f, 0xa1, 0xff, 0xfe, 0x58, 0x7d, 0xe8, 0x7f,
    0xff, 0x9a, 0x1f, 0xef, 0xff, 0xe7, 0x41, 0xdf,
    0x3, 0xff, 0xf9, 0x90, 0xc1, 0x7e, 0x7, 0xff,
    0xf2, 0xa1, 0xf4, 0xf, 0xd0, 0x7f, 0xf3, 0x7f,
    0x27, 0xf0, 0x7f, 0xf3, 0x1f, 0xd1, 0xfc, 0x1f,
    0xfc, 0xc7, 0xf4, 0x7f, 0x7, 0xff, 0x31, 0xfd,
    0x1f, 0xc1, 0xff, 0xcc, 0x7f, 0x47, 0xf0, 0x7f,
    0xf3, 0x1f, 0xd1, 0xfc, 0x1f, 0xfc, 0xc7, 0xf4,
    0x7f, 0x7, 0xff, 0x31, 0xfd, 0x1f, 0xc1, 0xff,
    0xcc, 0x7f, 0x47, 0xf0, 0x7f, 0xf3, 0x1f, 0xd1,
    0xfc, 0x1f, 0xfc, 0xc7, 0xf4, 0x7f, 0x7, 0xff,
    0x31, 0xfd, 0x1f, 0xc1, 0xff, 0xcc, 0x7f, 0x47,
    0xf0, 0x7f, 0xf3, 0x1f, 0xd1, 0xfc, 0x1f, 0xfc,
    0xc7, 0xf4, 0x7f, 0x7, 0xff, 0x31, 0xfd, 0x1f,
    0xc1, 0xff, 0xcc, 0x7f, 0x47, 0xf0, 0x7f, 0xf3,
    0x1f, 0xd1, 0xfc, 0x1f, 0xfc, 0xc7, 0xf4, 0x7f,
    0x7, 0xff, 0x31, 0xfd, 0x1f, 0xc1, 0xff, 0xcc,
    0x7f, 0x47, 0xf0, 0x7f, 0xf3, 0x1f, 0xd1, 0xfc,
    0x1f, 0xfc, 0xc7, 0xf4, 0x7f, 0x7, 0xff, 0x31,
    0xfc, 0x83, 0xe0, 0xff, 0xe7, 0x5e, 0x43, 0x41,
    0xff, 0xd0, 0x90, 0x0,

    /* U+0069 "i" */
    0xf, 0x3f, 0xa7, 0xf4, 0xfe, 0x9f, 0xd3, 0xfa,
    0xf, 0xfe, 0x4a, 0x1a, 0xd0, 0x5f, 0x27, 0xf1,
    0xfc, 0x7f, 0x1f, 0xc7, 0xf1, 0xfc, 0x7f, 0x1f,
    0xc7, 0xf1, 0xfc, 0x7f, 0x1f, 0xc7, 0xf1, 0xfc,
    0x7f, 0x1f, 0xc7, 0xf1, 0xfc, 0x7f, 0x1f, 0xc7,
    0xf1, 0xfc, 0x7f, 0x1f, 0xc7, 0xf1, 0xfc, 0x3f,
    0x20, 0x78, 0x3e,

    /* U+006A "j" */
    0xf, 0xfe, 0x33, 0xfa, 0xf, 0xfe, 0x33, 0xfa,
    0xf, 0xfe, 0x33, 0xfa, 0xf, 0xfe, 0x33, 0xfa,
    0xf, 0xfe, 0x33, 0xfa, 0xf, 0xff, 0xf8, 0x7f,
    0xf7, 0xa0, 0xff, 0xe5, 0x7a, 0xf, 0xfe, 0x47,
    0xe8, 0x3f, 0xf8, 0xff, 0xc1, 0xff, 0xc7, 0xfe,
    0xf, 0xfe, 0x3f, 0xf0, 0x7f, 0xf1, 0xff, 0x83,
    0xff, 0x8f, 0xfc, 0x1f, 0xfc, 0x7f, 0xe0, 0xff,
    0xe3, 0xff, 0x7, 0xff, 0x1f, 0xf8, 0x3f, 0xf8,
    0xff, 0xc1, 0xff, 0xc7, 0xfe, 0xf, 0xfe, 0x3f,
    0xf0, 0x7f, 0xf1, 0xff, 0x83, 0xff, 0x8f, 0xfc,
    0x1f, 0xfc, 0x7f, 0xe0, 0xff, 0xe3, 0xff, 0x7,
    0xff, 0x1f, 0xf8, 0x3f, 0xf8, 0xff, 0xc1, 0xff,
    0xc7, 0xfe, 0xf, 0xfe, 0x3f, 0xf0, 0x7f, 0xf1,
    0xff, 0x83, 0xff, 0x8f, 0xfc, 0x1f, 0xfc, 0x7f,
    0xe0, 0xff, 0xe3, 0xdf, 0x21, 0xff, 0xc8, 0xb4,
    0x3f, 0xf9, 0x48, 0x7f, 0xf8, 0xac, 0x3f, 0xf9,
    0x2f, 0xc1, 0xff, 0xc8, 0xfe, 0xf, 0xfe, 0x3f,
    0xf0, 0x7f, 0xf1, 0xff, 0x83, 0xff, 0x8f, 0xfc,
    0x1f, 0xfc, 0x7f, 0xe0, 0xff, 0xe3, 0xff, 0x7,
    0xff, 0x1f, 0xf8, 0x3f, 0xf8, 0xff, 0xc1, 0xff,
    0xc7, 0xfe, 0xf, 0xfe, 0x3f, 0xf0, 0x7f, 0xf1,
    0xff, 0x83, 0xff, 0x8f, 0xfc, 0x1f, 0xfc, 0x7f,
    0xe0, 0xff, 0xe3, 0xff, 0x7, 0xff, 0x1f, 0xf8,
    0x3f, 0xf8, 0xff, 0xc1, 0xff, 0xc7, 0xfe, 0xf,
    0xfe, 0x3f, 0xf0, 0x7f, 0xf1, 0xff, 0x83, 0xff,
    0x8f, 0xfc, 0x17, 0xff, 0xf0, 0xd3, 0xe4, 0x7f,
    0xff, 0x8a, 0x9a, 0xf, 0xff, 0xe3, 0xa1, 0x9f,
    0xff, 0xe2, 0xc1, 0xe7, 0xff, 0xf8, 0x70, 0x70,

    /* U+006B "k" */
    0xf, 0xfe, 0x93, 0xa1, 0xff, 0xcd, 0x7e, 0x43,
    0xff, 0x99, 0xfc, 0x1f, 0xfc, 0xcf, 0xe0, 0xff,
    0xe6, 0x7f, 0x7, 0xff, 0x33, 0xf8, 0x3f, 0xf9,
    0x9f, 0xc1, 0xff, 0xcc, 0xfe, 0xf, 0xfe, 0x67,
    0xf0, 0x7f, 0xf3, 0x3f, 0x83, 0xff, 0x99, 0xfc,
    0x1f, 0xfc, 0xcf, 0xe0, 0xff, 0xe6, 0x7f, 0x7,
    0xff, 0x33, 0xf8, 0x3f, 0xf9, 0x9f, 0xc1, 0xff,
    0xcc, 0xfe, 0xf, 0xfe, 0x67, 0xf0, 0x7f, 0xf3,
    0x3f, 0x83, 0xff, 0x99, 0xfc, 0x1f, 0xfc, 0xcf,
    0xe0, 0xff, 0xe3, 0xb5, 0x3f, 0xc1, 0xff, 0xc5,
    0x7f, 0xaf, 0xe0, 0xff, 0xe1, 0xbf, 0xf5, 0xfc,
    0x1f, 0xfc, 0x1b, 0xff, 0xaf, 0xe0, 0xff, 0xaf,
    0xff, 0x9f, 0xe0, 0xfe, 0xbf, 0xfe, 0x41, 0x7d,
    0x7, 0x9f, 0xff, 0xa4, 0x3a, 0xe0, 0xe7, 0xff,
    0xe8, 0x3f, 0xa0, 0xcf, 0xff, 0xc8, 0x7f, 0xf0,
    0xaf, 0xff, 0x90, 0xff, 0xe0, 0xe7, 0xff, 0xa4,
    0x3f, 0xf8, 0x5f, 0x1f, 0xf4, 0x8, 0x3f, 0xf8,
    0x3f, 0xcf, 0xe4, 0x17, 0xa0, 0xff, 0xe0, 0x7f,
    0x3e, 0x40, 0xff, 0x7, 0xff, 0x3, 0xf8, 0x3e,
    0xfe, 0x83, 0xfe, 0xfe, 0xf, 0x9f, 0xe0, 0xff,
    0xbf, 0x83, 0xf7, 0xf8, 0x3f, 0xdf, 0xc1, 0xf9,
    0xfe, 0x43, 0xfb, 0xf8, 0x3f, 0xbf, 0xc1, 0xfd,
    0xfc, 0x1f, 0xef, 0xe4, 0x3f, 0x7f, 0x7, 0xfa,
    0xfe, 0xf, 0xdf, 0xc1, 0xff, 0x7f, 0x41, 0xf7,
    0xf0, 0x7f, 0xd7, 0xf0, 0x7d, 0xfc, 0x1f, 0xfc,
    0xf, 0xe8, 0x3d, 0xfc, 0x1f, 0xfc, 0x7, 0xf8,
    0x3d, 0xfc, 0x1f, 0xfc, 0x1f, 0xe8, 0x3b, 0xf8,
    0x3f, 0xf8, 0x2f, 0xf2, 0x1b, 0xf8, 0x3f, 0xf8,
    0x5f, 0xe0, 0xdf, 0xc1, 0xff, 0xc2, 0x7f, 0x90,
    0xbf, 0x83, 0xff, 0x87, 0x7f, 0x5, 0xfc, 0x1f,
    0xfc, 0x4f, 0xe8, 0x1f, 0xc1, 0xff, 0xc4, 0xbf,
    0x81, 0xfc, 0x1f, 0xfc, 0x5f, 0xe8, 0xfe, 0xf,
    0xfe, 0x2b, 0xfc, 0x7f, 0x7, 0xff, 0x1b, 0xfa,
    0xfe, 0xf, 0xfe, 0x33, 0xfa, 0x7e, 0x43, 0xff,
    0x8f, 0xfa, 0x6, 0x1f, 0xfc, 0x97, 0xe8,

    /* U+006C "l" */
    0xf, 0x3a, 0x3f, 0x3f, 0xff, 0xff, 0xff, 0xfe,
    0xe5, 0xf4, 0x5c, 0x14, 0x1f, 0xd8, 0x5f, 0x1f,
    0xff, 0xff, 0xff, 0xff, 0xb, 0xf2, 0xc, 0x0,

    /* U+006D "m" */
    0xf, 0x3f, 0xff, 0xcb, 0xf, 0xf9, 0xff, 0xfe,
    0x68, 0x7f, 0xbf, 0xff, 0x9d, 0x7, 0x9c, 0x1f,
    0xff, 0xcc, 0x86, 0x9, 0xf8, 0x1f, 0xff, 0xca,
    0x87, 0xd0, 0x3f, 0x83, 0xfd, 0x5c, 0x1f, 0xef,
    0xd1, 0xfc, 0x1f, 0xeb, 0xf0, 0x7f, 0x3f, 0xa3,
    0xf8, 0x3f, 0xd7, 0xe0, 0xfe, 0x7f, 0x47, 0xf0,
    0x7f, 0xaf, 0xc1, 0xfc, 0xfe, 0x8f, 0xe0, 0xff,
    0x5f, 0x83, 0xf9, 0xfd, 0x1f, 0xc1, 0xfe, 0xbf,
    0x7, 0xf3, 0xfa, 0x3f, 0x83, 0xfd, 0x7e, 0xf,
    0xe7, 0xf4, 0x7f, 0x7, 0xfa, 0xfc, 0x1f, 0xcf,
    0xe8, 0xfe, 0xf, 0xf5, 0xf8, 0x3f, 0x9f, 0xd1,
    0xfc, 0x1f, 0xeb, 0xf0, 0x7f, 0x3f, 0xa3, 0xf8,
    0x3f, 0xd7, 0xe0, 0xfe, 0x7f, 0x47, 0xf0, 0x7f,
    0xaf, 0xc1, 0xfc, 0xfe, 0x8f, 0xe0, 0xff, 0x5f,
    0x83, 0xf9, 0xfd, 0x1f, 0xc1, 0xfe, 0xbf, 0x7,
    0xf3, 0xfa, 0x3f, 0x83, 0xfd, 0x7e, 0xf, 0xe7,
    0xf4, 0x7f, 0x7, 0xfa, 0xfc, 0x1f, 0xcf, 0xe8,
    0xfe, 0xf, 0xf5, 0xf8, 0x3f, 0x9f, 0xd1, 0xfc,
    0x1f, 0xeb, 0xf0, 0x7f, 0x3f, 0xa3, 0xf8, 0x3f,
    0xd7, 0xe0, 0xfe, 0x7f, 0x47, 0xf0, 0x7f, 0xaf,
    0xc1, 0xfc, 0xfe, 0x8f, 0xe0, 0xff, 0x5f, 0x83,
    0xf9, 0xfd, 0x1f, 0xc1, 0xfe, 0xbf, 0x7, 0xf3,
    0xfa, 0x3f, 0x83, 0xfd, 0x7e, 0xf, 0xe7, 0xf4,
    0x5f, 0x41, 0xfe, 0xbf, 0x7, 0xfb, 0xf2, 0xb,
    0xc1, 0xff, 0xc0, 0xf8, 0x3f, 0xe7, 0xc8, 0x68,
    0x3f, 0xf8, 0x50, 0x7f, 0xf0, 0x54, 0x0,

    /* U+006E "n" */
    0xf, 0x3f, 0xff, 0xcb, 0xf, 0xf9, 0xff, 0xfe,
    0x68, 0x7f, 0xbf, 0xff, 0x9d, 0x7, 0x9c, 0x1f,
    0xff, 0xcc, 0x86, 0xd, 0xf0, 0x3f, 0xff, 0x95,
    0xf, 0xa0, 0x7e, 0x83, 0xff, 0x9b, 0xf9, 0x3f,
    0x83, 0xff, 0x98, 0xfe, 0x8f, 0xe0, 0xff, 0xe6,
    0x3f, 0xa3, 0xf8, 0x3f, 0xf9, 0x8f, 0xe8, 0xfe,
    0xf, 0xfe, 0x63, 0xfa, 0x3f, 0x83, 0xff, 0x98,
    0xfe, 0x8f, 0xe0, 0xff, 0xe6, 0x3f, 0xa3, 0xf8,
    0x3f, 0xf9, 0x8f, 0xe8, 0xfe, 0xf, 0xfe, 0x63,
    0xfa, 0x3f, 0x83, 0xff, 0x98, 0xfe, 0x8f, 0xe0,
    0xff, 0xe6, 0x3f, 0xa3, 0xf8, 0x3f, 0xf9, 0x8f,
    0xe8, 0xfe, 0xf, 0xfe, 0x63, 0xfa, 0x3f, 0x83,
    0xff, 0x98, 0xfe, 0x8f, 0xe0, 0xff, 0xe6, 0x3f,
    0xa3, 0xf8, 0x3f, 0xf9, 0x8f, 0xe8, 0xfe, 0xf,
    0xfe, 0x63, 0xfa, 0x3f, 0x83, 0xff, 0x98, 0xfe,
    0x8f, 0xe0, 0xff, 0xe6, 0x3f, 0xa3, 0xf8, 0x3f,
    0xf9, 0x8f, 0xe8, 0xfe, 0xf, 0xfe, 0x63, 0xfa,
    0x3f, 0x83, 0xff, 0x98, 0xfe, 0x8f, 0xe0, 0xff,
    0xe6, 0x3f, 0xa3, 0xf8, 0x3f, 0xf9, 0x8f, 0xe4,
    0x1f, 0x7, 0xff, 0x3a, 0xf2, 0x1a, 0xf, 0xfe,
    0x84, 0x80,

    /* U+006F "o" */
    0xf, 0x3f, 0xff, 0xcb, 0xf, 0xf9, 0xff, 0xfe,
    0x68, 0x7f, 0xbf, 0xff, 0x9d, 0x7, 0x9c, 0x1f,
    0xff, 0xcc, 0x86, 0xd, 0xf0, 0x3f, 0xff, 0x95,
    0xf, 0xa0, 0x7e, 0x83, 0xff, 0x9b, 0xf9, 0x3f,
    0x83, 0xff, 0x98, 0xfe, 0x8f, 0xe0, 0xff, 0xe6,
    0x3f, 0xa3, 0xf8, 0x3f, 0xf9, 0x8f, 0xe8, 0xfe,
    0xf, 0xfe, 0x63, 0xfa, 0x3f, 0x83, 0xff, 0x98,
    0xfe, 0x8f, 0xe0, 0xff, 0xe6, 0x3f, 0xa3, 0xf8,
    0x3f, 0xf9, 0x8f, 0xe8, 0xfe, 0xf, 0xfe, 0x63,
    0xfa, 0x3f, 0x83, 0xff, 0x98, 0xfe, 0x8f, 0xe0,
    0xff, 0xe6, 0x3f, 0xa3, 0xf8, 0x3f, 0xf9, 0x8f,
    0xe8, 0xfe, 0xf, 0xfe, 0x63, 0xfa, 0x3f, 0x83,
    0xff, 0x98, 0xfe, 0x8f, 0xe0, 0xff, 0xe6, 0x3f,
    0xa3, 0xf8, 0x3f, 0xf9, 0x8f, 0xe8, 0xfe, 0xf,
    0xfe, 0x63, 0xfa, 0x3f, 0x83, 0xff, 0x98, 0xfe,
    0x8f, 0xe0, 0xff, 0xe6, 0x3f, 0xa3, 0xf8, 0x3f,
    0xf9, 0x8f, 0xe8, 0x7e, 0x83, 0xff, 0x9b, 0xf8,
    0x27, 0x81, 0xff, 0xfc, 0xa8, 0x1e, 0xf, 0xdf,
    0xff, 0xcc, 0x83, 0xfd, 0xff, 0xfc, 0xe8, 0x3f,
    0x9f, 0xff, 0xe6, 0x41, 0xff, 0x3f, 0xff, 0xca,
    0x83, 0xc0,

    /* U+0070 "p" */
    0xf, 0xbf, 0xff, 0x95, 0x7, 0xff, 0x3, 0xff,
    0xf9, 0x90, 0x7f, 0xbf, 0xff, 0x9d, 0x7, 0xfb,
    0xff, 0xf9, 0x90, 0x7c, 0xf0, 0x3f, 0xff, 0x95,
    0x3, 0xc1, 0x3f, 0x41, 0xff, 0xcd, 0xfc, 0xf,
    0xe0, 0xff, 0xe6, 0x3f, 0xa3, 0xf8, 0x3f, 0xf9,
    0x8f, 0xe8, 0xfe, 0xf, 0xfe, 0x63, 0xfa, 0x3f,
    0x83, 0xff, 0x98, 0xfe, 0x8f, 0xe0, 0xff, 0xe6,
    0x3f, 0xa3, 0xf8, 0x3f, 0xf9, 0x8f, 0xe8, 0xfe,
    0xf, 0xfe, 0x63, 0xfa, 0x3f, 0x83, 0xff, 0x98,
    0xfe, 0x8f, 0xe0, 0xff, 0xe6, 0x3f, 0xa3, 0xf8,
    0x3f, 0xf9, 0x8f, 0xe8, 0xfe, 0xf, 0xfe, 0x63,
    0xfa, 0x3f, 0x83, 0xff, 0x98, 0xfe, 0x8f, 0xe0,
    0xff, 0xe6, 0x3f, 0xa3, 0xf8, 0x3f, 0xf9, 0x8f,
    0xe8, 0xfe, 0xf, 0xfe, 0x63, 0xfa, 0x3f, 0x83,
    0xff, 0x98, 0xfe, 0x8f, 0xe0, 0xff, 0xe6, 0x3f,
    0xa3, 0xf8, 0x3f, 0xf9, 0x8f, 0xe8, 0xfe, 0xf,
    0xfe, 0x63, 0xfa, 0x3f, 0x41, 0xff, 0xcd, 0xfc,
    0x9f, 0x81, 0xff, 0xfc, 0xa8, 0x7d, 0x3, 0xe0,
    0x7f, 0xff, 0x32, 0x18, 0x3e, 0xff, 0xfe, 0x74,
    0x1d, 0xe8, 0x7f, 0xff, 0x9a, 0x1e, 0xfa, 0x1f,
    0xff, 0xe5, 0x87, 0xdf, 0xa0, 0xff, 0xe9, 0xff,
    0x7, 0xff, 0x4f, 0xf8, 0x3f, 0xfa, 0x7f, 0xc1,
    0xff, 0xd3, 0xfe, 0xf, 0xfe, 0x9f, 0xf0, 0x7f,
    0xf4, 0xff, 0x83, 0xff, 0xa7, 0xfc, 0x1f, 0xfd,
    0x3f, 0xe0, 0xff, 0xe9, 0xff, 0x7, 0xff, 0x4f,
    0xf8, 0x3f, 0xfa, 0x7f, 0xc1, 0xff, 0xd3, 0xfe,
    0xf, 0xfe, 0x9f, 0xf0, 0x7f, 0xf4, 0xff, 0x83,
    0xff, 0xa7, 0xfc, 0x1f, 0xfd, 0x3f, 0xe0, 0xff,
    0xe9, 0xff, 0x7, 0xff, 0x4f, 0xf8, 0x3f, 0xfa,
    0x7f, 0xc1, 0xff, 0xd3, 0xbe, 0x83, 0xff, 0xa9,
    0x78, 0x3f, 0xfa, 0xc8, 0x7f, 0xf5, 0x0,

    /* U+0071 "q" */
    0xf, 0xbf, 0xff, 0x95, 0x7, 0xff, 0x3, 0xff,
    0xf9, 0x90, 0x7f, 0xbf, 0xff, 0x9d, 0x7, 0xfb,
    0xff, 0xf9, 0x90, 0x7c, 0xf0, 0x3f, 0xff, 0x95,
    0x3, 0xc1, 0x3f, 0x41, 0xff, 0xcd, 0xfc, 0xf,
    0xe0, 0xff, 0xe6, 0x3f, 0xa3, 0xf8, 0x3f, 0xf9,
    0x8f, 0xe8, 0xfe, 0xf, 0xfe, 0x63, 0xfa, 0x3f,
    0x83, 0xff, 0x98, 0xfe, 0x8f, 0xe0, 0xff, 0xe6,
    0x3f, 0xa3, 0xf8, 0x3f, 0xf9, 0x8f, 0xe8, 0xfe,
    0xf, 0xfe, 0x63, 0xfa, 0x3f, 0x83, 0xff, 0x98,
    0xfe, 0x8f, 0xe0, 0xff, 0xe6, 0x3f, 0xa3, 0xf8,
    0x3f, 0xf9, 0x8f, 0xe8, 0xfe, 0xf, 0xfe, 0x63,
    0xfa, 0x3f, 0x83, 0xff, 0x98, 0xfe, 0x8f, 0xe0,
    0xff, 0xe6, 0x3f, 0xa3, 0xf8, 0x3f, 0xf9, 0x8f,
    0xe8, 0xfe, 0xf, 0xfe, 0x63, 0xfa, 0x3f, 0x83,
    0xff, 0x98, 0xfe, 0x8f, 0xe0, 0xff, 0xe6, 0x3f,
    0xa3, 0xf8, 0x3f, 0xf9, 0x8f, 0xe8, 0xfe, 0xf,
    0xfe, 0x63, 0xfa, 0x3f, 0x41, 0xff, 0xcd, 0xfd,
    0xf, 0xc0, 0xff, 0xfe, 0x54, 0x3f, 0x40, 0x60,
    0x7f, 0xff, 0x32, 0x1f, 0x41, 0xdf, 0xff, 0xce,
    0x83, 0xf9, 0xff, 0xfe, 0x68, 0x3c, 0x87, 0x9f,
    0xff, 0xe5, 0x83, 0xe8, 0x3f, 0xfa, 0x7f, 0xa0,
    0xff, 0xe9, 0x3f, 0xa0, 0xff, 0xe9, 0x3f, 0xa0,
    0xff, 0xe9, 0x3f, 0xa0, 0xff, 0xe9, 0x3f, 0xa0,
    0xff, 0xe9, 0x3f, 0xa0, 0xff, 0xe9, 0x3f, 0xa0,
    0xff, 0xe9, 0x3f, 0xa0, 0xff, 0xe9, 0x3f, 0xa0,
    0xff, 0xe9, 0x3f, 0xa0, 0xff, 0xe9, 0x3f, 0xa0,
    0xff, 0xe9, 0x3f, 0xa0, 0xff, 0xe9, 0x3f, 0xa0,
    0xff, 0xe9, 0x3f, 0xa0, 0xff, 0xe9, 0x3f, 0xa0,
    0xff, 0xe9, 0x3f, 0xa0, 0xff, 0xe9, 0x3f, 0xa0,
    0xff, 0xe9, 0x3f, 0xa0, 0xff, 0xe9, 0x3f, 0xa0,
    0xff, 0xe9, 0x3f, 0xa0, 0xff, 0xe9, 0xfe, 0xf,
    0xfe, 0xa3, 0xe0, 0xff, 0xeb, 0x21, 0x0,

    /* U+0072 "r" */
    0xf, 0x3f, 0xff, 0xcb, 0xf, 0x9f, 0xff, 0xe6,
    0x87, 0xbf, 0xff, 0x9d, 0x1, 0xc1, 0xff, 0xfc,
    0xc8, 0x2f, 0x81, 0xff, 0xfc, 0xa8, 0x2f, 0xd0,
    0x7f, 0xf3, 0xff, 0x83, 0xff, 0x9f, 0xfc, 0x1f,
    0xfc, 0xff, 0xe0, 0xff, 0xe7, 0xff, 0x7, 0xff,
    0x3f, 0xf8, 0x3f, 0xf9, 0xff, 0xc1, 0xff, 0xcf,
    0xfe, 0xf, 0xfe, 0x7f, 0xf0, 0x7f, 0xf3, 0xff,
    0x83, 0xff, 0x9f, 0xfc, 0x1f, 0xfc, 0xff, 0xe0,
    0xff, 0xe7, 0xff, 0x7, 0xff, 0x3f, 0xf8, 0x3f,
    0xf9, 0xff, 0xc1, 0xff, 0xcf, 0xfe, 0xf, 0xfe,
    0x7f, 0xf0, 0x7f, 0xf3, 0xff, 0x83, 0xff, 0x9f,
    0xfc, 0x1f, 0xfc, 0xff, 0xe0, 0xff, 0xe7, 0xff,
    0x7, 0xff, 0x3f, 0xf8, 0x3f, 0xf9, 0xff, 0xc1,
    0xff, 0xcf, 0xfe, 0xf, 0xfe, 0x87, 0xc1, 0xff,
    0xd2, 0x83, 0xff, 0xa0,

    /* U+0073 "s" */
    0xf, 0x3f, 0xff, 0xcc, 0x83, 0xf9, 0xff, 0xfe,
    0x74, 0x1f, 0xbf, 0xff, 0xa0, 0x1e, 0x81, 0xff,
    0xfc, 0xe4, 0x3b, 0xe0, 0x7f, 0xff, 0x31, 0xe,
    0xfe, 0xf, 0xfe, 0x9f, 0xf0, 0x7f, 0xf4, 0xff,
    0x83, 0xff, 0xa7, 0xfc, 0x1f, 0xfd, 0x3f, 0xe0,
    0xff, 0xe9, 0xff, 0x7, 0xff, 0x4f, 0xf8, 0x3f,
    0xfa, 0x7f, 0xa0, 0xff, 0xea, 0x7a, 0x1f, 0xff,
    0xe5, 0x87, 0xf4, 0x3f, 0xff, 0xcd, 0xf, 0xf7,
    0xff, 0xf3, 0xa0, 0xfe, 0x7f, 0xff, 0x99, 0xc,
    0x1f, 0x9f, 0xff, 0xe5, 0x43, 0xe8, 0x3f, 0xfa,
    0x9f, 0xa0, 0xff, 0xe9, 0x3f, 0xa0, 0xff, 0xe9,
    0x3f, 0xa0, 0xff, 0xe9, 0x3f, 0xa0, 0xff, 0xe9,
    0x3f, 0xa0, 0xff, 0xe9, 0x3f, 0xa0, 0xff, 0xe9,
    0x3f, 0xa0, 0xff, 0xe9, 0xfe, 0xe, 0x7f, 0xff,
    0x99, 0xf, 0x83, 0x9f, 0xff, 0xe7, 0x41, 0xfb,
    0xff, 0xfa, 0x10, 0x7c, 0xff, 0xff, 0x3a, 0xf,
    0xe7, 0xff, 0xf9, 0x90, 0x78,

    /* U+0074 "t" */
    0xf, 0xfe, 0x22, 0x1f, 0xfd, 0x5f, 0x7, 0xff,
    0x4f, 0xf0, 0x7f, 0xf4, 0xbf, 0x41, 0xff, 0xd1,
    0xfd, 0x7, 0xff, 0x47, 0xf4, 0x1f, 0xfd, 0x1f,
    0xd0, 0x7f, 0xf4, 0x7f, 0x41, 0xff, 0xd1, 0xfd,
    0x7, 0xff, 0x47, 0xf4, 0x1f, 0xfd, 0x1f, 0xd0,
    0x7f, 0xf4, 0x7f, 0x41, 0xff, 0xd1, 0xfd, 0x7,
    0xff, 0x47, 0xf4, 0x1f, 0xfd, 0x1f, 0xd0, 0x7f,
    0xf4, 0x7f, 0x41, 0xff, 0xd1, 0xfd, 0x7, 0xff,
    0x47, 0xf4, 0x1f, 0xfd, 0x1f, 0xd0, 0x7f, 0xf4,
    0x7f, 0x41, 0xff, 0xd1, 0xfd, 0x7, 0xff, 0x47,
    0xf4, 0x1f, 0xfd, 0x1f, 0xc8, 0x7f, 0xf1, 0x2f,
    0xff, 0x23, 0xe8, 0x7f, 0xfc, 0x85, 0x7f, 0xff,
    0x1, 0x18, 0x7f, 0xff, 0x80, 0x97, 0xff, 0xf0,
    0x82, 0x7f, 0xff, 0x84, 0x9f, 0xff, 0xc1, 0x45,
    0x17, 0xff, 0xf0, 0x20, 0xbf, 0xfe, 0x41, 0xe4,
    0xbf, 0xfd, 0x7, 0xff, 0x17, 0xf2, 0x1f, 0xfd,
    0x1f, 0xd0, 0x7f, 0xf4, 0x7f, 0x41, 0xff, 0xd1,
    0xfd, 0x7, 0xff, 0x47, 0xf4, 0x1f, 0xfd, 0x1f,
    0xd0, 0x7f, 0xf4, 0x7f, 0x41, 0xff, 0xd1, 0xfd,
    0x7, 0xff, 0x47, 0xf4, 0x1f, 0xfd, 0x1f, 0xd0,
    0x7f, 0xf4, 0x7f, 0x41, 0xff, 0xd1, 0xfd, 0x7,
    0xff, 0x47, 0xf4, 0x1f, 0xfd, 0x1f, 0xd0, 0x7f,
    0xf4, 0x7f, 0x41, 0xff, 0xd1, 0xfd, 0x7, 0xff,
    0x47, 0xf4, 0x1f, 0xfd, 0x1f, 0xd0, 0x7f, 0xf4,
    0x7f, 0x41, 0xff, 0xd1, 0xfd, 0x7, 0xff, 0x47,
    0xf4, 0x1f, 0xfd, 0x1f, 0xd0, 0x7f, 0xf4, 0x7f,
    0x41, 0xff, 0xd1, 0xfd, 0x7, 0xff, 0x47, 0xf4,
    0x1f, 0xfd, 0x1f, 0xd0, 0x7f, 0xf4, 0x7f, 0x41,
    0xff, 0xd1, 0xbe, 0xf, 0xfe, 0x9d, 0xa1, 0xff,
    0xd4, 0x43, 0xff, 0x88,

    /* U+0075 "u" */
    0xa, 0xf, 0xfe, 0x84, 0x86, 0xf8, 0x3f, 0xf9,
    0xd7, 0x90, 0x7f, 0x7, 0xff, 0x31, 0xfc, 0x9f,
    0xc1, 0xff, 0xcc, 0x7f, 0x47, 0xf0, 0x7f, 0xf3,
    0x1f, 0xd1, 0xfc, 0x1f, 0xfc, 0xc7, 0xf4, 0x7f,
    0x7, 0xff, 0x31, 0xfd, 0x1f, 0xc1, 0xff, 0xcc,
    0x7f, 0x47, 0xf0, 0x7f, 0xf3, 0x1f, 0xd1, 0xfc,
    0x1f, 0xfc, 0xc7, 0xf4, 0x7f, 0x7, 0xff, 0x31,
    0xfd, 0x1f, 0xc1, 0xff, 0xcc, 0x7f, 0x47, 0xf0,
    0x7f, 0xf3, 0x1f, 0xd1, 0xfc, 0x1f, 0xfc, 0xc7,
    0xf4, 0x7f, 0x7, 0xff, 0x31, 0xfd, 0x1f, 0xc1,
    0xff, 0xcc, 0x7f, 0x47, 0xf0, 0x7f, 0xf3, 0x1f,
    0xd1, 0xfc, 0x1f, 0xfc, 0xc7, 0xf4, 0x7f, 0x7,
    0xff, 0x31, 0xfd, 0x1f, 0xc1, 0xff, 0xcc, 0x7f,
    0x47, 0xf0, 0x7f, 0xf3, 0x1f, 0xd1, 0xfc, 0x1f,
    0xfc, 0xc7, 0xf4, 0x7f, 0x7, 0xff, 0x31, 0xfd,
    0x1f, 0xc1, 0xff, 0xcc, 0x7f, 0x47, 0xf0, 0x7f,
    0xf3, 0x1f, 0xd1, 0xfa, 0xf, 0xfe, 0x6f, 0xe4,
    0x1f, 0x3, 0xff, 0xf9, 0x50, 0xfa, 0x9, 0xc1,
    0xff, 0xfc, 0xc8, 0x60, 0xfb, 0xff, 0xf9, 0xd0,
    0x7f, 0x3f, 0xff, 0xcd, 0xf, 0xf9, 0xff, 0xfe,
    0x58, 0x78,

    /* U+0076 "v" */
    0xf, 0xfe, 0xbb, 0x87, 0xff, 0x31, 0xf9, 0x1f,
    0x83, 0xff, 0x97, 0xf9, 0x3f, 0x41, 0xff, 0xc9,
    0xfe, 0x4f, 0xe0, 0xff, 0xe4, 0x7f, 0x93, 0xf8,
    0x3f, 0xf8, 0xf7, 0xf8, 0x1f, 0xc1, 0xff, 0xc6,
    0xbf, 0xc1, 0x7f, 0x7, 0xff, 0x15, 0xff, 0x6,
    0xfe, 0xf, 0xfe, 0x23, 0xfe, 0x43, 0x7f, 0x7,
    0xff, 0x13, 0xfc, 0x87, 0x7f, 0x7, 0xff, 0xf,
    0xfd, 0x7, 0xbf, 0x83, 0xff, 0x85, 0xfe, 0x83,
    0xef, 0xe0, 0xff, 0xe0, 0xdf, 0xe0, 0xfd, 0xfc,
    0x1f, 0xfc, 0xb, 0xfc, 0x1f, 0xdf, 0xc1, 0xff,
    0x3f, 0xe0, 0xff, 0x7f, 0x7, 0xf9, 0xff, 0x21,
    0xfe, 0xfe, 0xf, 0xf7, 0xf9, 0xf, 0xfb, 0xf8,
    0x3f, 0xbf, 0xd0, 0x7f, 0xf0, 0x3f, 0x83, 0xf7,
    0xfa, 0xf, 0xfe, 0xf, 0xf0, 0x7d, 0x7f, 0x83,
    0xff, 0x85, 0xfc, 0x1e, 0xbf, 0xc1, 0xff, 0xc3,
    0xfe, 0xe, 0x7f, 0xc1, 0xff, 0xc4, 0xfe, 0xc,
    0xff, 0x83, 0xff, 0x8b, 0xfc, 0x1b, 0xfc, 0x87,
    0xff, 0x17, 0xf8, 0x2f, 0xf2, 0x1f, 0xfc, 0x6f,
    0xe0, 0x7f, 0xa0, 0xff, 0xe3, 0xff, 0x17, 0xf4,
    0x1f, 0xfc, 0x8f, 0xe3, 0xfc, 0x1f, 0xfc, 0x9f,
    0xe3, 0xf8, 0x3f, 0xf9, 0x5f, 0xc7, 0xe0, 0xff,
    0xe5, 0xbf, 0x21, 0xff, 0xd2, 0xd0, 0xff, 0xf8,
    0x80,

    /* U+0077 "w" */
    0xf, 0xfe, 0xde, 0x1f, 0xfc, 0x2d, 0xf, 0xfe,
    0x4, 0x86, 0xf8, 0x3f, 0xf8, 0x1f, 0x21, 0xfe,
    0xbc, 0x83, 0xf8, 0x3f, 0xd7, 0xe0, 0xfe, 0x7f,
    0x27, 0xf0, 0x7f, 0xaf, 0xc1, 0xfc, 0xfe, 0x8f,
    0xe0, 0xff, 0x5f, 0x83, 0xf9, 0xfd, 0x1f, 0xc1,
    0xfe, 0xbf, 0x7, 0xf3, 0xfa, 0x3f, 0x83, 0xfd,
    0x7e, 0xf, 0xe7, 0xf4, 0x7f, 0x7, 0xfa, 0xfc,
    0x1f, 0xcf, 0xe8, 0xfe, 0xf, 0xf5, 0xf8, 0x3f,
    0x9f, 0xd1, 0xfc, 0x1f, 0xeb, 0xf0, 0x7f, 0x3f,
    0xa3, 0xf8, 0x3f, 0xd7, 0xe0, 0xfe, 0x7f, 0x47,
    0xf0, 0x7f, 0xaf, 0xc1, 0xfc, 0xfe, 0x8f, 0xe0,
    0xff, 0x5f, 0x83, 0xf9, 0xfd, 0x1f, 0xc1, 0xfe,
    0xbf, 0x7, 0xf3, 0xfa, 0x3f, 0x83, 0xfd, 0x7e,
    0xf, 0xe7, 0xf4, 0x7f, 0x7, 0xfa, 0xfc, 0x1f,
    0xcf, 0xe8, 0xfe, 0xf, 0xf5, 0xf8, 0x3f, 0x9f,
    0xd1, 0xfc, 0x1f, 0xeb, 0xf0, 0x7f, 0x3f, 0xa3,
    0xf8, 0x3f, 0xd7, 0xe0, 0xfe, 0x7f, 0x47, 0xf0,
    0x7f, 0xaf, 0xc1, 0xfc, 0xfe, 0x8f, 0xe0, 0xff,
    0x5f, 0x83, 0xf9, 0xfd, 0x1f, 0xc1, 0xfe, 0xbf,
    0x7, 0xf3, 0xfa, 0x3f, 0x83, 0xfd, 0x7e, 0xf,
    0xe7, 0xf4, 0x7f, 0x7, 0xfa, 0xfc, 0x1f, 0xcf,
    0xe8, 0xfe, 0xf, 0xf5, 0xf8, 0x3f, 0x9f, 0xd1,
    0xfa, 0xf, 0xf3, 0x58, 0x3f, 0xdf, 0x90, 0x7c,
    0xf, 0xff, 0xe5, 0x43, 0xe8, 0x27, 0x7, 0xff,
    0xf3, 0x21, 0x83, 0xef, 0xff, 0xe7, 0x41, 0xfc,
    0xff, 0xff, 0x34, 0x3f, 0xe7, 0xff, 0xf9, 0x61,
    0xe0,

    /* U+0078 "x" */
    0xfc, 0x1f, 0xfc, 0xbf, 0xfe, 0xf, 0xfe, 0x4f,
    0xff, 0xc1, 0xff, 0xc7, 0xff, 0xfe, 0x8, 0x7f,
    0xf1, 0x7f, 0xd1, 0xff, 0x7, 0xff, 0xf, 0xfd,
    0x5, 0xff, 0x7, 0xff, 0x7, 0xfe, 0xe, 0xff,
    0x83, 0xfe, 0xff, 0x83, 0xef, 0xf8, 0x3f, 0xbf,
    0xe0, 0xfe, 0xff, 0x83, 0xef, 0xf8, 0x3f, 0xef,
    0xf8, 0x3b, 0xfe, 0xf, 0xfe, 0xf, 0xfc, 0x17,
    0xfc, 0x1f, 0xfc, 0x3f, 0xf8, 0xff, 0x83, 0xff,
    0x8b, 0xff, 0xfc, 0x10, 0xff, 0xe3, 0xff, 0xfc,
    0x1f, 0xfc, 0x9f, 0xfe, 0xf, 0xfe, 0x5f, 0xfc,
    0x1f, 0xfc, 0xbb, 0xfe, 0x83, 0xff, 0x93, 0x7f,
    0xf4, 0x1f, 0xfc, 0x7b, 0xff, 0xe8, 0x3f, 0xf8,
    0xb7, 0xf9, 0xff, 0x41, 0xff, 0xc3, 0xbf, 0xc0,
    0x7f, 0xc8, 0x7f, 0xf0, 0x6f, 0xf0, 0x67, 0xfc,
    0x87, 0xfd, 0x7f, 0x83, 0xcf, 0xf9, 0xf, 0xe7,
    0xfc, 0x1f, 0x9f, 0xf2, 0x1f, 0x3f, 0xe4, 0x3f,
    0x9f, 0xf2, 0x1c, 0xff, 0x90, 0xff, 0x9f, 0xf2,
    0x13, 0xfe, 0x43, 0xff, 0x82, 0xff, 0x91, 0xff,
    0x21, 0xff, 0xc3, 0x7f, 0xcf, 0xf9, 0xf, 0xfe,
    0x2b, 0xff, 0xf2, 0x1f, 0xfc, 0x77, 0xff, 0x90,
    0xff, 0xe4, 0xbf, 0x80,

    /* U+0079 "y" */
    0xa, 0xf, 0xfe, 0x84, 0x86, 0xf8, 0x3f, 0xf9,
    0xd7, 0x90, 0x7f, 0x7, 0xff, 0x31, 0xfc, 0x9f,
    0xc1, 0xff, 0xcc, 0x7f, 0x47, 0xf0, 0x7f, 0xf3,
    0x1f, 0xd1, 0xfc, 0x1f, 0xfc, 0xc7, 0xf4, 0x7f,
    0x7, 0xff, 0x31, 0xfd, 0x1f, 0xc1, 0xff, 0xcc,
    0x7f, 0x47, 0xf0, 0x7f, 0xf3, 0x1f, 0xd1, 0xfc,
    0x1f, 0xfc, 0xc7, 0xf4, 0x7f, 0x7, 0xff, 0x31,
    0xfd, 0x1f, 0xc1, 0xff, 0xcc, 0x7f, 0x47, 0xf0,
    0x7f, 0xf3, 0x1f, 0xd1, 0xfc, 0x1f, 0xfc, 0xc7,
    0xf4, 0x7f, 0x7, 0xff, 0x31, 0xfd, 0x1f, 0xc1,
    0xff, 0xcc, 0x7f, 0x47, 0xf0, 0x7f, 0xf3, 0x1f,
    0xd1, 0xfc, 0x1f, 0xfc, 0xc7, 0xf4, 0x7f, 0x7,
    0xff, 0x31, 0xfd, 0x1f, 0xc1, 0xff, 0xcc, 0x7f,
    0x47, 0xf0, 0x7f, 0xf3, 0x1f, 0xd1, 0xfc, 0x1f,
    0xfc, 0xc7, 0xf4, 0x7f, 0x7, 0xff, 0x31, 0xfd,
    0x1f, 0xc1, 0xff, 0xcc, 0x7f, 0x47, 0xf0, 0x7f,
    0xf3, 0x1f, 0xd1, 0xfa, 0xf, 0xfe, 0x6f, 0xe8,
    0x7e, 0x7, 0xff, 0xf2, 0xa1, 0xfa, 0x3, 0x3,
    0xff, 0xf9, 0x90, 0xfa, 0xe, 0xff, 0xfe, 0x74,
    0x1f, 0xcf, 0xff, 0xf3, 0x41, 0xe4, 0x3c, 0xff,
    0xff, 0x2c, 0x1f, 0x41, 0xff, 0xd3, 0xfd, 0x7,
    0xff, 0x49, 0xfd, 0x7, 0xff, 0x49, 0xfd, 0x7,
    0xff, 0x49, 0xfd, 0x7, 0xff, 0x49, 0xfd, 0x7,
    0xff, 0x49, 0xfd, 0x7, 0xff, 0x49, 0xfd, 0x7,
    0xff, 0x49, 0xfd, 0x7, 0xff, 0x49, 0xfd, 0x7,
    0xff, 0x49, 0xfd, 0x7, 0xff, 0x49, 0xfd, 0x7,
    0xff, 0x49, 0xfd, 0x7, 0xff, 0x49, 0xfd, 0x7,
    0xff, 0x49, 0xfd, 0x7, 0xff, 0x49, 0xfd, 0x7,
    0xff, 0x49, 0xfd, 0x7, 0xff, 0x49, 0xfd, 0x7,
    0xff, 0x49, 0xfd, 0x7, 0xff, 0x49, 0xfd, 0x7,
    0xff, 0x49, 0xfd, 0x7, 0xff, 0x4f, 0xf0, 0x7f,
    0xf5, 0x1f, 0x7, 0xff, 0x59, 0x8,

    /* U+007A "z" */
    0x7, 0xff, 0xf4, 0xa0, 0xbf, 0xff, 0xa9, 0x17,
    0xff, 0xf5, 0x52, 0xff, 0xfe, 0x9c, 0x15, 0xff,
    0xfd, 0x14, 0x3f, 0xfa, 0x4b, 0x83, 0xff, 0xa5,
    0x7e, 0xf, 0xfe, 0x8f, 0xf8, 0x3f, 0xf9, 0xef,
    0xfc, 0x1f, 0xfc, 0xef, 0xfc, 0x87, 0xff, 0x31,
    0xff, 0xc1, 0xff, 0xcd, 0xbf, 0xe8, 0x3f, 0xf9,
    0xbf, 0xf9, 0xf, 0xfe, 0x63, 0xff, 0x41, 0xff,
    0xcd, 0xff, 0xc8, 0x7f, 0xf3, 0x1f, 0xfc, 0x1f,
    0xfc, 0xdb, 0xfe, 0x43, 0xff, 0x9b, 0xff, 0x83,
    0xff, 0x9a, 0xff, 0xd0, 0x7f, 0xf3, 0x7f, 0xf2,
    0x1f, 0xfc, 0xc7, 0xfe, 0x83, 0xff, 0x9b, 0x7f,
    0xc8, 0x7f, 0xf3, 0x7f, 0xf0, 0x7f, 0xf3, 0xff,
    0xd0, 0x7f, 0xf4, 0x3f, 0x83, 0xff, 0xa4, 0xb8,
    0x3f, 0xfa, 0x17, 0xff, 0xf4, 0x50, 0xaf, 0xff,
    0xe9, 0xc3, 0xff, 0xfd, 0x54, 0xbf, 0xff, 0xa6,
    0x85, 0x7f, 0xff, 0x45, 0x0,

    /* U+007B "{" */
    0xf, 0xfe, 0xbd, 0xfc, 0x1f, 0xfc, 0x3b, 0xfe,
    0xf, 0xfe, 0xb, 0xff, 0xc1, 0xff, 0xc1, 0xbf,
    0xe4, 0x3f, 0xde, 0x5, 0xfc, 0x1f, 0xf7, 0xe0,
    0xff, 0xe2, 0xff, 0x21, 0xff, 0xc4, 0xfe, 0x43,
    0xff, 0x89, 0xfc, 0x87, 0xff, 0x13, 0xf9, 0xf,
    0xfe, 0x27, 0xf2, 0x1f, 0xfc, 0x4f, 0xe4, 0x3f,
    0xf8, 0x9f, 0xc8, 0x7f, 0xf1, 0x3f, 0x90, 0xff,
    0xe2, 0x7f, 0x21, 0xff, 0xc4, 0xfe, 0x43, 0xff,
    0x89, 0xfc, 0x87, 0xff, 0x13, 0xf9, 0xf, 0xfe,
    0x27, 0xf2, 0x1f, 0xfc, 0x4f, 0xe4, 0x3f, 0xf8,
    0x9f, 0xc8, 0x7f, 0xf1, 0x3f, 0x90, 0xff, 0xe2,
    0x7f, 0x21, 0xff, 0xc4, 0xfe, 0x43, 0xff, 0x89,
    0xfc, 0x87, 0xff, 0x13, 0xf9, 0xf, 0xfe, 0x27,
    0xf2, 0x1f, 0xfc, 0x4b, 0xf0, 0x7f, 0xf0, 0x2f,
    0x93, 0xe0, 0xff, 0xe0, 0x7f, 0xa2, 0xf, 0xfe,
    0x5, 0xff, 0x21, 0xff, 0xc2, 0xff, 0x42, 0x1f,
    0xfc, 0x2f, 0xd1, 0x78, 0x3f, 0xf8, 0xcf, 0xe0,
    0xff, 0xe2, 0xff, 0x21, 0xff, 0xc4, 0xfe, 0x43,
    0xff, 0x89, 0xfc, 0x87, 0xff, 0x13, 0xf9, 0xf,
    0xfe, 0x27, 0xf2, 0x1f, 0xfc, 0x4f, 0xe4, 0x3f,
    0xf8, 0x9f, 0xc8, 0x7f, 0xf1, 0x3f, 0x90, 0xff,
    0xe2, 0x7f, 0x21, 0xff, 0xc4, 0xfe, 0x43, 0xff,
    0x89, 0xfc, 0x87, 0xff, 0x13, 0xf9, 0xf, 0xfe,
    0x27, 0xf2, 0x1f, 0xfc, 0x4f, 0xe4, 0x3f, 0xf8,
    0x9f, 0xc8, 0x7f, 0xf1, 0x3f, 0x90, 0xff, 0xe2,
    0x7f, 0x21, 0xff, 0xc4, 0xfe, 0x43, 0xff, 0x89,
    0xfc, 0x87, 0xff, 0x13, 0xf9, 0xf, 0xfe, 0x27,
    0xf2, 0x1f, 0xfc, 0x4f, 0xe4, 0x3f, 0xf8, 0x9f,
    0xc8, 0x7f, 0xf1, 0x3f, 0x90, 0xff, 0xe2, 0x7f,
    0x21, 0xff, 0xc4, 0xfe, 0x43, 0xff, 0x89, 0x7e,
    0x43, 0xff, 0x8b, 0x7a, 0xf, 0xfe, 0x3d, 0x1,
    0xfe, 0x43, 0xff, 0x85, 0xff, 0x90, 0xff, 0xe0,
    0x3f, 0xfc, 0x1f, 0xfc, 0x1b, 0xfe, 0xf, 0xfe,
    0x1d, 0xfc, 0x10,

    /* U+007C "|" */
    0xf, 0x3a, 0x3f, 0x3f, 0xff, 0xff, 0xff, 0xff,
    0xad, 0xf4, 0x5c, 0x14, 0x1f, 0xd8, 0x5f, 0x1f,
    0xff, 0xff, 0xff, 0xff, 0xd3, 0xf2, 0x3a, 0x1e,

    /* U+007D "}" */
    0xf, 0xfe, 0x67, 0xf4, 0x1f, 0xfc, 0x3f, 0xfa,
    0xf, 0xfe, 0xd, 0xff, 0xa0, 0xff, 0xe0, 0xff,
    0xe0, 0xff, 0xe1, 0xff, 0x81, 0x61, 0xff, 0xc7,
    0xbe, 0xf, 0xfe, 0x37, 0xf0, 0x7f, 0xf1, 0x7f,
    0x83, 0xff, 0x8b, 0xfc, 0x1f, 0xfc, 0x5f, 0xe0,
    0xff, 0xe2, 0xff, 0x7, 0xff, 0x17, 0xf8, 0x3f,
    0xf8, 0xbf, 0xc1, 0xff, 0xc5, 0xfe, 0xf, 0xfe,
    0x2f, 0xf0, 0x7f, 0xf1, 0x7f, 0x83, 0xff, 0x8b,
    0xfc, 0x1f, 0xfc, 0x5f, 0xe0, 0xff, 0xe2, 0xff,
    0x7, 0xff, 0x17, 0xf8, 0x3f, 0xf8, 0xbf, 0xc1,
    0xff, 0xc5, 0xfe, 0xf, 0xfe, 0x2f, 0xf0, 0x7f,
    0xf1, 0x7f, 0x83, 0xff, 0x8b, 0xfc, 0x1f, 0xfc,
    0x5f, 0xe0, 0xff, 0xe2, 0xff, 0x7, 0xff, 0x17,
    0xf8, 0x3f, 0xf8, 0xdf, 0xf, 0xd0, 0x7f, 0xf0,
    0xb1, 0xff, 0x7, 0xff, 0xf, 0xff, 0x7, 0xff,
    0x1, 0x2f, 0xf2, 0x1f, 0xf5, 0xc5, 0xf9, 0xf,
    0xfa, 0xfa, 0xf, 0xfe, 0x2f, 0xf0, 0x7f, 0xf1,
    0x7f, 0x83, 0xff, 0x8b, 0xfc, 0x1f, 0xfc, 0x5f,
    0xe0, 0xff, 0xe2, 0xff, 0x7, 0xff, 0x17, 0xf8,
    0x3f, 0xf8, 0xbf, 0xc1, 0xff, 0xc5, 0xfe, 0xf,
    0xfe, 0x2f, 0xf0, 0x7f, 0xf1, 0x7f, 0x83, 0xff,
    0x8b, 0xfc, 0x1f, 0xfc, 0x5f, 0xe0, 0xff, 0xe2,
    0xff, 0x7, 0xff, 0x17, 0xf8, 0x3f, 0xf8, 0xbf,
    0xc1, 0xff, 0xc5, 0xfe, 0xf, 0xfe, 0x2f, 0xf0,
    0x7f, 0xf1, 0x7f, 0x83, 0xff, 0x8b, 0xfc, 0x1f,
    0xfc, 0x5f, 0xe0, 0xff, 0xe2, 0xff, 0x7, 0xff,
    0x17, 0xf8, 0x3f, 0xf8, 0xbf, 0xc1, 0xff, 0xc5,
    0xfe, 0xf, 0xfe, 0x2f, 0xf0, 0x7f, 0xf1, 0x7f,
    0x83, 0xff, 0x8b, 0xfa, 0xf, 0xfe, 0x2b, 0xf0,
    0x7f, 0xdf, 0xe0, 0x38, 0x7f, 0xdf, 0xf8, 0x3f,
    0xf8, 0x37, 0xfe, 0x83, 0xff, 0x83, 0x7f, 0xc1,
    0xff, 0xc3, 0xbf, 0x41, 0xff, 0xc2,

    /* U+007E "~" */
    0x5, 0xff, 0xfc, 0x68, 0x35, 0xff, 0xfc, 0x90,
    0x3f, 0xff, 0xcb, 0x7, 0xff, 0xf2, 0xa0, 0xbf,
    0xff, 0x91, 0x0
};


/*---------------------
 *  GLYPH DESCRIPTION
 *--------------------*/

static const lv_font_fmt_txt_glyph_dsc_t glyph_dsc[] = {
    {.bitmap_index = 0, .adv_w = 0, .box_w = 0, .box_h = 0, .ofs_x = 0, .ofs_y = 0} /* id = 0 reserved */,
    {.bitmap_index = 0, .adv_w = 688, .box_w = 0, .box_h = 0, .ofs_x = 0, .ofs_y = 0},
    {.bitmap_index = 0, .adv_w = 143, .box_w = 5, .box_h = 58, .ofs_x = 2, .ofs_y = 0},
    {.bitmap_index = 27, .adv_w = 270, .box_w = 13, .box_h = 14, .ofs_x = 2, .ofs_y = 44},
    {.bitmap_index = 64, .adv_w = 619, .box_w = 36, .box_h = 37, .ofs_x = 1, .ofs_y = 19},
    {.bitmap_index = 284, .adv_w = 619, .box_w = 36, .box_h = 78, .ofs_x = 1, .ofs_y = -11},
    {.bitmap_index = 588, .adv_w = 1090, .box_w = 65, .box_h = 57, .ofs_x = 1, .ofs_y = 0},
    {.bitmap_index = 1189, .adv_w = 709, .box_w = 42, .box_h = 57, .ofs_x = 1, .ofs_y = 0},
    {.bitmap_index = 1510, .adv_w = 143, .box_w = 5, .box_h = 14, .ofs_x = 2, .ofs_y = 44},
    {.bitmap_index = 1520, .adv_w = 366, .box_w = 19, .box_h = 57, .ofs_x = 2, .ofs_y = 0},
    {.bitmap_index = 1735, .adv_w = 366, .box_w = 20, .box_h = 57, .ofs_x = 1, .ofs_y = 0},
    {.bitmap_index = 1951, .adv_w = 619, .box_w = 35, .box_h = 35, .ofs_x = 2, .ofs_y = 11},
    {.bitmap_index = 2137, .adv_w = 619, .box_w = 35, .box_h = 30, .ofs_x = 2, .ofs_y = 13},
    {.bitmap_index = 2240, .adv_w = 176, .box_w = 7, .box_h = 13, .ofs_x = 2, .ofs_y = -6},
    {.bitmap_index = 2249, .adv_w = 673, .box_w = 30, .box_h = 6, .ofs_x = 6, .ofs_y = 28},
    {.bitmap_index = 2271, .adv_w = 176, .box_w = 7, .box_h = 7, .ofs_x = 2, .ofs_y = 0},
    {.bitmap_index = 2274, .adv_w = 619, .box_w = 35, .box_h = 57, .ofs_x = 2, .ofs_y = 0},
    {.bitmap_index = 2489, .adv_w = 619, .box_w = 36, .box_h = 57, .ofs_x = 1, .ofs_y = 0},
    {.bitmap_index = 2783, .adv_w = 253, .box_w = 12, .box_h = 58, .ofs_x = 2, .ofs_y = -1},
    {.bitmap_index = 2916, .adv_w = 619, .box_w = 36, .box_h = 57, .ofs_x = 1, .ofs_y = 0},
    {.bitmap_index = 3153, .adv_w = 619, .box_w = 32, .box_h = 57, .ofs_x = 5, .ofs_y = 0},
    {.bitmap_index = 3387, .adv_w = 619, .box_w = 36, .box_h = 58, .ofs_x = 1, .ofs_y = 0},
    {.bitmap_index = 3656, .adv_w = 619, .box_w = 36, .box_h = 57, .ofs_x = 1, .ofs_y = 0},
    {.bitmap_index = 3892, .adv_w = 619, .box_w = 36, .box_h = 58, .ofs_x = 1, .ofs_y = 0},
    {.bitmap_index = 4151, .adv_w = 619, .box_w = 32, .box_h = 58, .ofs_x = 5, .ofs_y = -1},
    {.bitmap_index = 4378, .adv_w = 619, .box_w = 36, .box_h = 57, .ofs_x = 1, .ofs_y = 0},
    {.bitmap_index = 4678, .adv_w = 619, .box_w = 36, .box_h = 57, .ofs_x = 1, .ofs_y = 0},
    {.bitmap_index = 4945, .adv_w = 176, .box_w = 7, .box_h = 30, .ofs_x = 2, .ofs_y = 16},
    {.bitmap_index = 4956, .adv_w = 176, .box_w = 7, .box_h = 35, .ofs_x = 2, .ofs_y = 11},
    {.bitmap_index = 4976, .adv_w = 440, .box_w = 24, .box_h = 57, .ofs_x = 2, .ofs_y = 0},
    {.bitmap_index = 5195, .adv_w = 619, .box_w = 35, .box_h = 14, .ofs_x = 2, .ofs_y = 21},
    {.bitmap_index = 5236, .adv_w = 440, .box_w = 25, .box_h = 57, .ofs_x = 1, .ofs_y = 0},
    {.bitmap_index = 5456, .adv_w = 619, .box_w = 35, .box_h = 57, .ofs_x = 2, .ofs_y = 0},
    {.bitmap_index = 5678, .adv_w = 688, .box_w = 0, .box_h = 0, .ofs_x = 0, .ofs_y = 0},
    {.bitmap_index = 5678, .adv_w = 619, .box_w = 36, .box_h = 57, .ofs_x = 1, .ofs_y = 0},
    {.bitmap_index = 5979, .adv_w = 619, .box_w = 36, .box_h = 57, .ofs_x = 1, .ofs_y = 0},
    {.bitmap_index = 6280, .adv_w = 619, .box_w = 32, .box_h = 57, .ofs_x = 1, .ofs_y = 0},
    {.bitmap_index = 6491, .adv_w = 619, .box_w = 36, .box_h = 57, .ofs_x = 1, .ofs_y = 0},
    {.bitmap_index = 6786, .adv_w = 619, .box_w = 32, .box_h = 57, .ofs_x = 1, .ofs_y = 0},
    {.bitmap_index = 7008, .adv_w = 619, .box_w = 32, .box_h = 57, .ofs_x = 1, .ofs_y = 0},
    {.bitmap_index = 7224, .adv_w = 619, .box_w = 36, .box_h = 57, .ofs_x = 1, .ofs_y = 0},
    {.bitmap_index = 7491, .adv_w = 619, .box_w = 36, .box_h = 58, .ofs_x = 1, .ofs_y = 0},
    {.bitmap_index = 7794, .adv_w = 143, .box_w = 5, .box_h = 58, .ofs_x = 2, .ofs_y = 0},
    {.bitmap_index = 7818, .adv_w = 619, .box_w = 36, .box_h = 58, .ofs_x = 1, .ofs_y = 0},
    {.bitmap_index = 8076, .adv_w = 619, .box_w = 36, .box_h = 58, .ofs_x = 1, .ofs_y = 0},
    {.bitmap_index = 8394, .adv_w = 619, .box_w = 32, .box_h = 58, .ofs_x = 1, .ofs_y = 0},
    {.bitmap_index = 8603, .adv_w = 619, .box_w = 36, .box_h = 58, .ofs_x = 1, .ofs_y = -1},
    {.bitmap_index = 8922, .adv_w = 619, .box_w = 36, .box_h = 59, .ofs_x = 1, .ofs_y = -1},
    {.bitmap_index = 9263, .adv_w = 619, .box_w = 36, .box_h = 57, .ofs_x = 1, .ofs_y = 0},
    {.bitmap_index = 9557, .adv_w = 619, .box_w = 36, .box_h = 57, .ofs_x = 1, .ofs_y = 0},
    {.bitmap_index = 9815, .adv_w = 619, .box_w = 37, .box_h = 57, .ofs_x = 1, .ofs_y = 0},
    {.bitmap_index = 10144, .adv_w = 619, .box_w = 36, .box_h = 57, .ofs_x = 1, .ofs_y = 0},
    {.bitmap_index = 10460, .adv_w = 619, .box_w = 36, .box_h = 57, .ofs_x = 1, .ofs_y = 0},
    {.bitmap_index = 10689, .adv_w = 619, .box_w = 35, .box_h = 58, .ofs_x = 2, .ofs_y = -1},
    {.bitmap_index = 10894, .adv_w = 619, .box_w = 36, .box_h = 58, .ofs_x = 1, .ofs_y = 0},
    {.bitmap_index = 11189, .adv_w = 619, .box_w = 36, .box_h = 59, .ofs_x = 1, .ofs_y = -1},
    {.bitmap_index = 11502, .adv_w = 619, .box_w = 36, .box_h = 58, .ofs_x = 1, .ofs_y = 0},
    {.bitmap_index = 11822, .adv_w = 619, .box_w = 35, .box_h = 57, .ofs_x = 2, .ofs_y = 0},
    {.bitmap_index = 12158, .adv_w = 619, .box_w = 36, .box_h = 58, .ofs_x = 1, .ofs_y = 0},
    {.bitmap_index = 12432, .adv_w = 619, .box_w = 36, .box_h = 57, .ofs_x = 1, .ofs_y = 0},
    {.bitmap_index = 12643, .adv_w = 293, .box_w = 15, .box_h = 68, .ofs_x = 2, .ofs_y = -5},
    {.bitmap_index = 12831, .adv_w = 619, .box_w = 35, .box_h = 57, .ofs_x = 2, .ofs_y = 0},
    {.bitmap_index = 13043, .adv_w = 293, .box_w = 14, .box_h = 68, .ofs_x = 2, .ofs_y = -5},
    {.bitmap_index = 13215, .adv_w = 619, .box_w = 22, .box_h = 12, .ofs_x = 8, .ofs_y = 59},
    {.bitmap_index = 13268, .adv_w = 619, .box_w = 39, .box_h = 5, .ofs_x = 0, .ofs_y = -9},
    {.bitmap_index = 13287, .adv_w = 619, .box_w = 13, .box_h = 12, .ofs_x = 12, .ofs_y = 59},
    {.bitmap_index = 13318, .adv_w = 619, .box_w = 35, .box_h = 31, .ofs_x = 2, .ofs_y = 0},
    {.bitmap_index = 13459, .adv_w = 619, .box_w = 36, .box_h = 58, .ofs_x = 1, .ofs_y = 0},
    {.bitmap_index = 13720, .adv_w = 556, .box_w = 32, .box_h = 31, .ofs_x = 1, .ofs_y = 0},
    {.bitmap_index = 13841, .adv_w = 619, .box_w = 35, .box_h = 58, .ofs_x = 2, .ofs_y = 0},
    {.bitmap_index = 14090, .adv_w = 556, .box_w = 32, .box_h = 31, .ofs_x = 1, .ofs_y = 0},
    {.bitmap_index = 14255, .adv_w = 468, .box_w = 27, .box_h = 58, .ofs_x = 1, .ofs_y = -27},
    {.bitmap_index = 14473, .adv_w = 619, .box_w = 36, .box_h = 57, .ofs_x = 1, .ofs_y = -26},
    {.bitmap_index = 14745, .adv_w = 619, .box_w = 36, .box_h = 58, .ofs_x = 1, .ofs_y = 0},
    {.bitmap_index = 15005, .adv_w = 143, .box_w = 6, .box_h = 41, .ofs_x = 1, .ofs_y = -1},
    {.bitmap_index = 15056, .adv_w = 143, .box_w = 24, .box_h = 65, .ofs_x = -17, .ofs_y = -25},
    {.bitmap_index = 15280, .adv_w = 524, .box_w = 29, .box_h = 58, .ofs_x = 2, .ofs_y = 0},
    {.bitmap_index = 15559, .adv_w = 143, .box_w = 5, .box_h = 58, .ofs_x = 2, .ofs_y = 0},
    {.bitmap_index = 15583, .adv_w = 619, .box_w = 36, .box_h = 31, .ofs_x = 1, .ofs_y = 0},
    {.bitmap_index = 15790, .adv_w = 619, .box_w = 36, .box_h = 31, .ofs_x = 1, .ofs_y = 0},
    {.bitmap_index = 15952, .adv_w = 619, .box_w = 36, .box_h = 31, .ofs_x = 1, .ofs_y = 0},
    {.bitmap_index = 16114, .adv_w = 619, .box_w = 36, .box_h = 54, .ofs_x = 1, .ofs_y = -23},
    {.bitmap_index = 16361, .adv_w = 619, .box_w = 36, .box_h = 54, .ofs_x = 1, .ofs_y = -23},
    {.bitmap_index = 16616, .adv_w = 556, .box_w = 32, .box_h = 31, .ofs_x = 1, .ofs_y = 0},
    {.bitmap_index = 16732, .adv_w = 619, .box_w = 36, .box_h = 31, .ofs_x = 1, .ofs_y = 0},
    {.bitmap_index = 16865, .adv_w = 600, .box_w = 34, .box_h = 58, .ofs_x = 2, .ofs_y = 0},
    {.bitmap_index = 17101, .adv_w = 619, .box_w = 36, .box_h = 31, .ofs_x = 1, .ofs_y = 0},
    {.bitmap_index = 17263, .adv_w = 578, .box_w = 33, .box_h = 33, .ofs_x = 1, .ofs_y = -1},
    {.bitmap_index = 17440, .adv_w = 619, .box_w = 36, .box_h = 32, .ofs_x = 1, .ofs_y = 0},
    {.bitmap_index = 17649, .adv_w = 577, .box_w = 31, .box_h = 31, .ofs_x = 2, .ofs_y = 0},
    {.bitmap_index = 17813, .adv_w = 619, .box_w = 36, .box_h = 54, .ofs_x = 1, .ofs_y = -23},
    {.bitmap_index = 18067, .adv_w = 619, .box_w = 35, .box_h = 31, .ofs_x = 2, .ofs_y = 0},
    {.bitmap_index = 18192, .adv_w = 396, .box_w = 22, .box_h = 68, .ofs_x = 2, .ofs_y = -5},
    {.bitmap_index = 18459, .adv_w = 143, .box_w = 5, .box_h = 69, .ofs_x = 2, .ofs_y = -6},
    {.bitmap_index = 18483, .adv_w = 396, .box_w = 22, .box_h = 68, .ofs_x = 2, .ofs_y = -5},
    {.bitmap_index = 18737, .adv_w = 619, .box_w = 25, .box_h = 5, .ofs_x = 7, .ofs_y = 61}
};

/*---------------------
 *  CHARACTER MAPPING
 *--------------------*/



/*Collect the unicode lists and glyph_id offsets*/
static const lv_font_fmt_txt_cmap_t cmaps[] =
{
    {
        .range_start = 32, .range_length = 95, .glyph_id_start = 1,
        .unicode_list = NULL, .glyph_id_ofs_list = NULL, .list_length = 0, .type = LV_FONT_FMT_TXT_CMAP_FORMAT0_TINY
    }
};

/*-----------------
 *    KERNING
 *----------------*/


/*Pair left and right glyphs for kerning*/
static const uint8_t kern_pair_glyph_ids[] =
{
    1, 1,
    1, 51,
    7, 1,
    13, 1,
    33, 1,
    49, 1,
    73, 1,
    74, 81,
    94, 1
};

/* Kerning between the respective left and right glyphs
 * 4.4 format which needs to scaled with `kern_scale`*/
static const int8_t kern_pair_values[] =
{
    118, 29, 118, -118, 118, 97, 118, 46,
    42
};

/*Collect the kern pair's data in one place*/
static const lv_font_fmt_txt_kern_pair_t kern_pairs =
{
    .glyph_ids = kern_pair_glyph_ids,
    .values = kern_pair_values,
    .pair_cnt = 9,
    .glyph_ids_size = 0
};

/*--------------------
 *  ALL CUSTOM DATA
 *--------------------*/

#if LVGL_VERSION_MAJOR == 8
/*Store all the custom data of the font*/
static  lv_font_fmt_txt_glyph_cache_t cache;
#endif

#if LVGL_VERSION_MAJOR >= 8
static const lv_font_fmt_txt_dsc_t font_dsc = {
#else
static lv_font_fmt_txt_dsc_t font_dsc = {
#endif
    .glyph_bitmap = glyph_bitmap,
    .glyph_dsc = glyph_dsc,
    .cmaps = cmaps,
    .kern_dsc = &kern_pairs,
    .kern_scale = 55,
    .cmap_num = 1,
    .bpp = 2,
    .kern_classes = 0,
    .bitmap_format = 2,
#if LVGL_VERSION_MAJOR == 8
    .cache = &cache
#endif
};



/*-----------------
 *  PUBLIC FONT
 *----------------*/

/*Initialize a public general font descriptor*/
#if LVGL_VERSION_MAJOR >= 8
const lv_font_t ui_font_LED_86 = {
#else
lv_font_t ui_font_LED_86 = {
#endif
    .get_glyph_dsc = lv_font_get_glyph_dsc_fmt_txt,    /*Function pointer to get glyph's data*/
    .get_glyph_bitmap = lv_font_get_bitmap_fmt_txt,    /*Function pointer to get glyph's bitmap*/
    .line_height = 98,          /*The maximum line height required by the font*/
    .base_line = 27,             /*Baseline measured from the bottom of the line*/
#if !(LVGL_VERSION_MAJOR == 6 && LVGL_VERSION_MINOR == 0)
    .subpx = LV_FONT_SUBPX_NONE,
#endif
#if LV_VERSION_CHECK(7, 4, 0) || LVGL_VERSION_MAJOR >= 8
    .underline_position = -7,
    .underline_thickness = 4,
#endif
    .dsc = &font_dsc,          /*The custom font data. Will be accessed by `get_glyph_bitmap/dsc` */
#if LV_VERSION_CHECK(8, 2, 0) || LVGL_VERSION_MAJOR >= 9
    .fallback = NULL,
#endif
    .user_data = NULL,
};



#endif /*#if UI_FONT_LED_86*/

