/*******************************************************************************
 * Size: 84 px
 * Bpp: 2
 * Opts: --bpp 2 --size 84 --font H:/2025/lvgl_squareline/SquareLine Studio/watch_demo_modify/assets/img/clk07/fonts/HYZiYanKaTongJ.ttf -o H:/2025/lvgl_squareline/SquareLine Studio/watch_demo_modify/assets/img/clk07/fonts\ui_font_HY_84.c --format lvgl -r 0x20-0x7f --no-prefilter
 ******************************************************************************/

#include "../ui.h"

#ifndef UI_FONT_HY_84
#define UI_FONT_HY_84 1
#endif

#if UI_FONT_HY_84

/*-----------------
 *    BITMAPS
 *----------------*/

/*Store the image of the glyphs*/
static LV_ATTRIBUTE_LARGE_CONST const uint8_t glyph_bitmap[] = {
    /* U+0020 " " */

    /* U+0021 "!" */
    0xf, 0x5f, 0xa4, 0x3f, 0xcf, 0xff, 0x21, 0xf5,
    0xff, 0xf2, 0x1c, 0xff, 0xff, 0x4, 0x3b, 0xff,
    0xf8, 0x50, 0x6f, 0xff, 0xe1, 0x84, 0xff, 0xff,
    0xd, 0x3, 0xff, 0xfc, 0x34, 0xf, 0xff, 0xf0,
    0xd0, 0x3f, 0xff, 0xc3, 0x40, 0xff, 0xff, 0xd,
    0x3, 0xff, 0xfc, 0x34, 0xf, 0xff, 0xf0, 0xd0,
    0x3f, 0xff, 0xc3, 0x40, 0xff, 0xff, 0xd, 0x3,
    0xff, 0xfc, 0x30, 0x9f, 0xff, 0xe1, 0x86, 0xff,
    0xfe, 0x18, 0x6f, 0xff, 0xe1, 0x86, 0xff, 0xfe,
    0x18, 0x6f, 0xff, 0xe1, 0x86, 0xff, 0xfe, 0x18,
    0x6f, 0xff, 0xe1, 0x41, 0xaf, 0xff, 0xe0, 0xc1,
    0xaf, 0xff, 0xe0, 0xa1, 0x9f, 0xff, 0xe0, 0xa1,
    0x9f, 0xff, 0xe0, 0x87, 0xbf, 0xff, 0x82, 0x1e,
    0xff, 0xfe, 0x8, 0x7b, 0xff, 0xf8, 0x21, 0xeb,
    0xff, 0xe8, 0x3c, 0xff, 0xfc, 0x87, 0x9f, 0xff,
    0x90, 0xfb, 0xff, 0xe0, 0xfd, 0xff, 0xf0, 0x7e,
    0xbf, 0xfa, 0xf, 0xcf, 0xff, 0x21, 0xfd, 0xff,
    0xc1, 0xfe, 0xff, 0xe0, 0xff, 0x3f, 0xf4, 0x1f,
    0xf7, 0xfc, 0x1f, 0xfc, 0x7, 0xfa, 0xf, 0xfe,
    0xb, 0xf4, 0x1f, 0xfc, 0x44, 0x3f, 0xff, 0xe1,
    0xff, 0xc4, 0xbf, 0xa0, 0xff, 0x5f, 0xfd, 0x7,
    0xdf, 0xff, 0xc1, 0xe, 0xbf, 0xff, 0x83, 0x4,
    0xff, 0xff, 0xd, 0x7, 0xff, 0xf1, 0x41, 0xff,
    0xfc, 0x51, 0xff, 0xfe, 0x2b, 0x7f, 0xff, 0x16,
    0x9f, 0xff, 0xc5, 0x9f, 0xff, 0xe2, 0xa7, 0xff,
    0xf1, 0x41, 0xff, 0xfc, 0x50, 0x3f, 0xff, 0xc3,
    0x42, 0xbf, 0xff, 0x83, 0x7, 0x5f, 0xff, 0x41,
    0xf3, 0xff, 0xd0, 0x7f, 0x9f, 0xe4, 0x3c,

    /* U+0022 "\"" */
    0x1f, 0x90, 0xfc, 0xfa, 0xb, 0xf9, 0xf, 0x3f,
    0xc5, 0xfd, 0x7, 0xbf, 0xcf, 0xfc, 0x1e, 0xff,
    0x5f, 0xf0, 0x7b, 0xfd, 0x7f, 0xc1, 0xef, 0xf5,
    0xff, 0x7, 0xbf, 0xd4, 0xff, 0x7, 0xbf, 0xd4,
    0xff, 0x7, 0xbf, 0xcd, 0xfd, 0x7, 0xbf, 0xca,
    0xfe, 0x83, 0xdf, 0xe5, 0x7f, 0x41, 0xeb, 0xf8,
    0x7f, 0x90, 0xf5, 0xfc, 0xf, 0xe4, 0x3c, 0xff,
    0x3, 0xf8, 0x3e, 0x7f, 0x81, 0xfc, 0x1f, 0xbf,
    0x40, 0xbf, 0x7, 0xef, 0xd0, 0x2f, 0xa0, 0xfd,
    0xf9, 0x3, 0xf4, 0x1f, 0xaf, 0x90, 0xbe, 0x43,
    0xf5, 0xf0, 0x6f, 0x83, 0xf9, 0xf8, 0x35, 0xe0,
    0xff, 0x7a, 0xe, 0x43, 0xff, 0x80, 0x84,

    /* U+0023 "#" */
    0xf, 0xfe, 0xcb, 0xe8, 0x3f, 0xf9, 0xaf, 0xc8,
    0x7f, 0xf0, 0xdf, 0xd0, 0x7f, 0xf3, 0x3f, 0x83,
    0xff, 0x87, 0x7f, 0x7, 0xff, 0x2d, 0xfe, 0x43,
    0xff, 0x85, 0xfe, 0xf, 0xfe, 0x5b, 0xfc, 0x87,
    0xff, 0xb, 0xfa, 0xf, 0xfe, 0x5d, 0xfc, 0x1f,
    0xfc, 0x27, 0xf9, 0xf, 0xfe, 0x5d, 0xfc, 0x1f,
    0xfc, 0x2b, 0xf8, 0x3f, 0xf9, 0x9f, 0xe0, 0xff,
    0xe1, 0x5f, 0xc1, 0xff, 0xcc, 0xff, 0x7, 0xff,
    0xb, 0xfa, 0xf, 0xfe, 0x67, 0xf8, 0x3f, 0xf8,
    0x5f, 0xd0, 0x7f, 0xf3, 0x3f, 0xa0, 0xff, 0xe0,
    0xbf, 0xc8, 0x7f, 0xf3, 0x3f, 0xa0, 0xff, 0xe0,
    0xbf, 0xd2, 0x83, 0xff, 0x92, 0xff, 0x4a, 0xad,
    0xff, 0xfc, 0x58, 0x3f, 0xf8, 0xcd, 0xff, 0xfd,
    0x34, 0x3f, 0xcd, 0x3f, 0xff, 0xb2, 0x1f, 0xaf,
    0xff, 0xef, 0x7, 0x3f, 0xff, 0xe0, 0x43, 0x7f,
    0xff, 0x88, 0x2f, 0xff, 0xf1, 0x81, 0xff, 0xff,
    0x18, 0x2f, 0xff, 0xf1, 0x83, 0xff, 0xfc, 0x80,
    0xff, 0xff, 0x20, 0x3f, 0xff, 0xc7, 0x3, 0xff,
    0xfc, 0x61, 0x5f, 0xff, 0xe1, 0x43, 0x7f, 0xff,
    0x81, 0xe, 0xbf, 0xff, 0xbc, 0x87, 0xd7, 0xff,
    0xf6, 0x64, 0x3f, 0xeb, 0xff, 0xfa, 0x90, 0x7f,
    0xf1, 0xaf, 0xff, 0xe0, 0x57, 0x96, 0x9, 0xfe,
    0x43, 0xff, 0x99, 0x7f, 0x21, 0xff, 0xc0, 0xbf,
    0x90, 0xff, 0xe6, 0x7f, 0x83, 0xff, 0x83, 0x7f,
    0x7, 0xff, 0x37, 0xfc, 0x1f, 0xfc, 0x1b, 0xf8,
    0x3f, 0xf9, 0xbf, 0xe0, 0xff, 0xe0, 0xff, 0x83,
    0xff, 0x9b, 0xfd, 0x7, 0xff, 0x7, 0xfc, 0x1f,
    0xfc, 0xc7, 0xfa, 0xf, 0xfe, 0xf, 0xf8, 0x3f,
    0xf9, 0x8f, 0xf2, 0x1f, 0xfc, 0x1f, 0xe8, 0x3f,
    0xf9, 0x97, 0xf2, 0x1f, 0xfc, 0x7, 0xfa, 0xf,
    0xfe, 0x67, 0xf8, 0x3f, 0xf8, 0x2f, 0xf2, 0x1f,
    0xfc, 0xcf, 0xf0, 0x7f, 0xf0, 0x5f, 0xe4, 0x3f,
    0xf9, 0x9f, 0xe0, 0xff, 0xe0, 0xdf, 0xc8, 0x7f,
    0xf2, 0xdf, 0xe8, 0x3f, 0xf8, 0x37, 0xf0, 0x7f,
    0xf3, 0x1f, 0xe8, 0x3f, 0xf8, 0x37, 0xf2, 0x1f,
    0xfc, 0xbb, 0xf9, 0xf, 0xcb, 0x53, 0xff, 0xf8,
    0x81, 0xff, 0xc2, 0xff, 0x4d, 0x3f, 0xff, 0x9d,
    0x7, 0xfc, 0xaf, 0xff, 0xec, 0x87, 0x34, 0xff,
    0xfe, 0xec, 0x1b, 0xff, 0xfc, 0x10, 0x6b, 0xff,
    0xf9, 0x95, 0xdf, 0xd0, 0x7f, 0xf0, 0xaf, 0xff,
    0xe1, 0x51, 0x41, 0xff, 0x7f, 0x41, 0xff, 0xc3,
    0xff, 0xfe, 0x10, 0x7f, 0xf0, 0xff, 0x90, 0xff,
    0xe1, 0xb5, 0x21, 0x7f, 0x83, 0xff, 0x84, 0xff,
    0x21, 0xff, 0xca, 0x7f, 0xa0, 0xff, 0xe1, 0x3f,
    0xc8, 0x7f, 0xf2, 0xaf, 0xe4, 0x3f, 0xf8, 0x4f,
    0xf2, 0x1f, 0xfc, 0xaf, 0xf0, 0x7f, 0xf0, 0xdf,
    0xe4, 0x3f, 0xf9, 0x5f, 0xe0, 0xff, 0xe1, 0xbf,
    0xc1, 0xff, 0xcb, 0xfe, 0x83, 0xff, 0x86, 0xff,
    0x7, 0xff, 0x29, 0xfe, 0x43, 0xff, 0x87, 0x7f,
    0x7, 0xff, 0x2a, 0xfe, 0xf, 0xfe, 0x25, 0xfc,
    0x1f, 0xfc, 0xaf, 0xf0, 0x7f, 0xf1, 0x2f, 0xe0,
    0xff, 0xe5, 0x5f, 0x90, 0xff, 0xe2, 0x5f, 0xc1,
    0xff, 0xcb, 0xbd, 0x7, 0xff, 0x1b, 0xf4, 0x1f,
    0xfe, 0x17, 0xd0, 0x7f, 0xfd, 0x80,

    /* U+0024 "$" */
    0xf, 0xff, 0xcd, 0xe8, 0x3f, 0xfb, 0xb7, 0xe4,
    0x3f, 0xfb, 0x9f, 0xd0, 0x7f, 0xf7, 0x3f, 0xa0,
    0xff, 0xee, 0x7f, 0x21, 0xff, 0xdb, 0x7f, 0x90,
    0xff, 0xed, 0xbf, 0xc1, 0xff, 0xdc, 0x7f, 0x83,
    0xff, 0xb2, 0xdf, 0xfe, 0xa2, 0x1f, 0xfc, 0xf6,
    0xff, 0xfe, 0x3c, 0x87, 0xff, 0x26, 0xff, 0xfe,
    0x6a, 0x1f, 0xfc, 0x5b, 0xff, 0xfa, 0x28, 0x7f,
    0xf0, 0xbf, 0xff, 0xa9, 0x7, 0xfc, 0xff, 0xff,
    0x5a, 0xf, 0xe7, 0xff, 0xfb, 0x8, 0x7c, 0xff,
    0xff, 0x68, 0x3e, 0xff, 0xfe, 0xdc, 0x1d, 0x7f,
    0xff, 0x70, 0x33, 0xff, 0xfd, 0xd4, 0x2f, 0xff,
    0xef, 0x41, 0x7f, 0xff, 0x7a, 0x5, 0xff, 0xfd,
    0xf0, 0x7f, 0xff, 0x80, 0x7f, 0xff, 0xbf, 0x17,
    0xff, 0xf7, 0xd2, 0xff, 0xfe, 0xf8, 0x3f, 0xff,
    0xbf, 0x3, 0xff, 0xf8, 0x52, 0x81, 0x7f, 0xff,
    0x2c, 0x2f, 0xff, 0x90, 0xfa, 0xfe, 0x1b, 0xff,
    0xf8, 0x48, 0x5f, 0xfd, 0x7, 0xf5, 0xfa, 0xd,
    0x7f, 0xfd, 0x6, 0xff, 0xe0, 0xff, 0x5f, 0xa0,
    0xf7, 0xff, 0x21, 0xdf, 0xf9, 0xf, 0xf7, 0xf4,
    0x1f, 0x37, 0xe4, 0x3e, 0xff, 0xc1, 0xff, 0x7f,
    0x41, 0xff, 0xc9, 0xff, 0xc1, 0xff, 0x7f, 0x41,
    0xff, 0xc9, 0xff, 0xa0, 0xff, 0xbf, 0xa0, 0xff,
    0xe4, 0xdf, 0xf0, 0x7f, 0xdf, 0xd0, 0x7f, 0xf2,
    0x5f, 0xf8, 0x3f, 0xef, 0xe8, 0x3f, 0xf9, 0x2f,
    0xfc, 0x1f, 0xf7, 0xf2, 0x1f, 0xfc, 0xaf, 0xfa,
    0xf, 0xf7, 0xf2, 0x1f, 0xfc, 0xab, 0xfe, 0x43,
    0xfb, 0xf9, 0xf, 0xfe, 0x5f, 0xfe, 0x43, 0xf7,
    0xf2, 0x1f, 0xfc, 0xbb, 0xff, 0x41, 0xf7, 0xf2,
    0x1f, 0xfc, 0xcf, 0xff, 0x48, 0x6f, 0xe4, 0x3f,
    0xf9, 0x8f, 0xff, 0xf0, 0x69, 0xfc, 0x87, 0xff,
    0x3b, 0xff, 0xf9, 0x34, 0x50, 0x7f, 0xf2, 0xaf,
    0xff, 0xe6, 0xd0, 0x3f, 0xf8, 0xef, 0xff, 0xf4,
    0x20, 0xff, 0xe3, 0xdf, 0xff, 0xcf, 0x83, 0xff,
    0x90, 0xdf, 0xff, 0xcd, 0xf, 0xfe, 0x63, 0xff,
    0xfc, 0xa4, 0x3f, 0xf9, 0x4f, 0xf0, 0x4a, 0xbf,
    0xff, 0x80, 0x1f, 0xfc, 0xa7, 0xf8, 0x3f, 0x5f,
    0xfe, 0xf, 0xfe, 0x4b, 0xfc, 0x1f, 0xe7, 0xff,
    0x21, 0xff, 0xc8, 0x7f, 0x83, 0xff, 0x81, 0xff,
    0x83, 0xff, 0x90, 0xff, 0x7, 0xff, 0x7, 0xfe,
    0xf, 0xfe, 0x43, 0xfc, 0x1f, 0xfc, 0x2f, 0xf2,
    0x1f, 0xfc, 0x77, 0xf8, 0x3f, 0xf8, 0x5f, 0xe4,
    0x3f, 0xf8, 0xef, 0xf0, 0x7f, 0xf0, 0xaf, 0xe8,
    0x3f, 0xf8, 0xef, 0xf0, 0x7f, 0xf0, 0xaf, 0xe8,
    0x2f, 0xa0, 0xff, 0xe0, 0x3f, 0xc1, 0xff, 0xc2,
    0xbf, 0x90, 0x7f, 0x90, 0xff, 0x3f, 0xc1, 0xff,
    0xc2, 0xff, 0x20, 0xff, 0xa0, 0xfe, 0x7f, 0x83,
    0xff, 0x82, 0xff, 0x82, 0xff, 0xe4, 0x3e, 0x7f,
    0x83, 0xff, 0x83, 0xff, 0x4, 0xff, 0xf9, 0xe,
    0x7f, 0x83, 0xff, 0x81, 0xff, 0x21, 0x9f, 0xff,
    0xa0, 0x9f, 0xe0, 0xff, 0x3f, 0xf8, 0x3e, 0xff,
    0xfe, 0xd, 0x3f, 0x83, 0xf3, 0xff, 0xc8, 0x7e,
    0xbf, 0xff, 0x8d, 0x2a, 0x9f, 0xff, 0xc0, 0x43,
    0xfe, 0xbf, 0xff, 0xa8, 0x87, 0xff, 0xa, 0xff,
    0xfe, 0x8a, 0x1f, 0xfc, 0x57, 0xff, 0xf9, 0xb0,
    0x7f, 0xf2, 0x9b, 0xff, 0xf8, 0xe8, 0x7f, 0xf4,
    0x1f, 0xff, 0xa8, 0x87, 0xff, 0x53, 0xf9, 0xf,
    0xfe, 0xe7, 0xf2, 0x1f, 0xfd, 0xcf, 0xe8, 0x3f,
    0xfb, 0x9f, 0xd0, 0x7f, 0xf7, 0x3f, 0xa0, 0xff,
    0xee, 0x7f, 0x41, 0xff, 0xdc, 0xfe, 0x43, 0xff,
    0xb8, 0xfe, 0xf, 0xfe, 0xfa, 0x83, 0xff, 0x94,

    /* U+0025 "%" */
    0xf, 0xff, 0x75, 0xc1, 0xff, 0xd1, 0x6f, 0xd2,
    0x1f, 0xfd, 0x7f, 0xc8, 0x7f, 0xf3, 0x5b, 0xff,
    0xc1, 0xff, 0xd5, 0xbf, 0x7, 0xff, 0x37, 0xff,
    0xf8, 0x41, 0xff, 0xd3, 0x7f, 0x83, 0xff, 0x97,
    0x7f, 0xff, 0x10, 0x3f, 0xfa, 0x5f, 0xc1, 0xff,
    0xcb, 0xff, 0xfe, 0x3a, 0x1f, 0xfc, 0xff, 0xe4,
    0x3f, 0xf9, 0x5f, 0xff, 0xca, 0xf, 0xfe, 0x6d,
    0xfa, 0xf, 0xfe, 0x57, 0xff, 0xf3, 0x10, 0xff,
    0xe5, 0x3f, 0xc1, 0xff, 0xca, 0xff, 0xfe, 0x72,
    0x1f, 0xfc, 0x9f, 0xe0, 0xff, 0xe5, 0x5f, 0xff,
    0xcf, 0xf, 0xfe, 0x45, 0xf9, 0xf, 0xfe, 0x57,
    0xff, 0xf4, 0x43, 0xff, 0x8c, 0xfe, 0x83, 0xff,
    0x95, 0x7f, 0xff, 0x25, 0xbf, 0xd0, 0x7f, 0xf1,
    0x7f, 0x83, 0xff, 0x97, 0xff, 0xfc, 0x94, 0x17,
    0xf8, 0x3f, 0xf8, 0x9f, 0xc8, 0x7f, 0xf2, 0xaf,
    0xff, 0xe3, 0xa1, 0xdf, 0xe4, 0x3f, 0xf8, 0x4f,
    0xe8, 0x3f, 0xf9, 0x7f, 0xff, 0xc5, 0x43, 0xfb,
    0xfc, 0x1f, 0xfc, 0x2f, 0xe0, 0xff, 0xe6, 0x7f,
    0xff, 0xd, 0xf, 0xfb, 0xfc, 0x1f, 0xfc, 0x1f,
    0xe0, 0xff, 0xe6, 0x3f, 0xff, 0xc2, 0xf, 0xfe,
    0xb, 0xfc, 0x1f, 0xfc, 0xb, 0xf2, 0x1f, 0xfc,
    0xc7, 0xff, 0xf8, 0x21, 0xff, 0xc3, 0xfe, 0x43,
    0xfe, 0xfe, 0xf, 0xfe, 0x6d, 0xff, 0xfc, 0x0,
    0xff, 0xe2, 0x7f, 0x21, 0xfe, 0xfe, 0xf, 0xfe,
    0x75, 0xff, 0xf2, 0x1f, 0xfc, 0x4f, 0xe4, 0x3f,
    0xaf, 0xc8, 0x7f, 0xf3, 0x9f, 0xff, 0x83, 0xff,
    0x88, 0xff, 0x21, 0xfd, 0xfc, 0x1f, 0xfd, 0xf,
    0xff, 0x21, 0xff, 0xc4, 0xbf, 0x83, 0xfb, 0xf8,
    0x3f, 0xfa, 0x3f, 0xfe, 0x43, 0xff, 0x89, 0xfe,
    0xf, 0xd7, 0xe4, 0x3f, 0xfa, 0x37, 0xff, 0x7,
    0xff, 0x12, 0xfe, 0x83, 0xf7, 0xf0, 0x7f, 0xf4,
    0xff, 0xf9, 0xf, 0xfe, 0x13, 0xfe, 0x43, 0xef,
    0xe0, 0xff, 0xea, 0x5f, 0xfc, 0x1f, 0xfc, 0x17,
    0xfe, 0xf, 0xaf, 0xc8, 0x7f, 0xf5, 0x7f, 0xfa,
    0xf, 0xfa, 0xff, 0x90, 0xfb, 0xf8, 0x3f, 0xfa,
    0xcf, 0xff, 0x90, 0xf3, 0x7f, 0xe4, 0x3e, 0xfe,
    0xf, 0xfe, 0xc3, 0xff, 0xfc, 0xd8, 0x3e, 0xbf,
    0x41, 0xff, 0xda, 0xff, 0xfe, 0x5c, 0x1f, 0xbf,
    0x83, 0xff, 0xb9, 0x7f, 0xff, 0x21, 0xf, 0xdf,
    0xc1, 0xff, 0xc4, 0x50, 0x7f, 0xf3, 0x6f, 0xff,
    0xe2, 0x21, 0xfc, 0xfe, 0x83, 0xff, 0x81, 0x7f,
    0xc8, 0x7f, 0xf3, 0x1b, 0xff, 0xa8, 0x1f, 0xfc,
    0xf, 0xe0, 0xff, 0x3f, 0xff, 0xc0, 0xf, 0xff,
    0x1d, 0xf9, 0xf, 0xef, 0xff, 0xe1, 0x87, 0xff,
    0x85, 0xfd, 0x7, 0xe7, 0xff, 0xf8, 0x90, 0x7f,
    0xf8, 0x3f, 0x83, 0xf5, 0xff, 0xfc, 0x74, 0x3f,
    0xfb, 0xb7, 0xe4, 0x3e, 0xbf, 0xff, 0x94, 0x1f,
    0xfd, 0xb7, 0xf8, 0x3e, 0xbf, 0xff, 0x98, 0x1f,
    0xfd, 0xaf, 0xe0, 0xf9, 0xff, 0xfe, 0x70, 0x7f,
    0xf6, 0x2f, 0xd0, 0x7d, 0xff, 0xfd, 0x0, 0xff,
    0xeb, 0xff, 0x7, 0xdf, 0xff, 0xd1, 0x83, 0xff,
    0xab, 0x7e, 0x43, 0xcf, 0xff, 0xf2, 0x63, 0xfe,
    0xf, 0xfe, 0xa3, 0xfa, 0xf, 0xaf, 0xff, 0xe4,
    0x41, 0x7f, 0xa0, 0xff, 0xe9, 0xff, 0x7, 0xef,
    0xff, 0xe3, 0xa1, 0xef, 0xf0, 0x7f, 0xf4, 0xaf,
    0xc8, 0x7c, 0xff, 0xff, 0x11, 0xf, 0xeb, 0xf9,
    0xf, 0xfe, 0x8f, 0xf0, 0x7e, 0xbf, 0xff, 0x85,
    0x7, 0xff, 0x3, 0xfa, 0xf, 0xfe, 0x87, 0xf2,
    0x1f, 0xbf, 0xff, 0x84, 0x87, 0xff, 0x7, 0xfc,
    0x1f, 0xfc, 0xf7, 0xf4, 0x1f, 0xdf, 0xff, 0xc1,
    0x43, 0xff, 0x85, 0x7f, 0x7, 0xff, 0x3f, 0xf8,
    0x3f, 0xdf, 0xff, 0xc0, 0x83, 0xff, 0x87, 0x7f,
    0x7, 0xff, 0x3a, 0xfc, 0x87, 0xfb, 0xff, 0xf8,
    0x1, 0xff, 0xc4, 0xbf, 0x83, 0xff, 0x9a, 0xff,
    0x7, 0xfd, 0xff, 0xf2, 0x1f, 0xfc, 0x4b, 0xf8,
    0x3f, 0xf9, 0xbf, 0xc8, 0x7f, 0xd7, 0xff, 0x83,
    0xff, 0x8b, 0xfe, 0xf, 0xfe, 0x63, 0xfa, 0xf,
    0xfe, 0x3, 0xff, 0xe0, 0xff, 0xe2, 0x3f, 0xd0,
    0x7f, 0xf3, 0x3f, 0x83, 0xff, 0x85, 0xff, 0xe0,
    0xff, 0xe2, 0x7f, 0x90, 0xff, 0xe5, 0xdf, 0x90,
    0xff, 0xe1, 0x5f, 0xfc, 0x1f, 0xfc, 0x3f, 0xf8,
    0x3f, 0xf9, 0x9f, 0xc1, 0xff, 0xc4, 0xff, 0xe4,
    0x3f, 0xf8, 0x3f, 0xf2, 0x1f, 0xfc, 0xbf, 0xe4,
    0x3f, 0xf8, 0x8f, 0xff, 0x21, 0xfe, 0x7f, 0xf0,
    0x7f, 0xf2, 0xdf, 0xd0, 0x7f, 0xf1, 0xaf, 0xfe,
    0x90, 0xe6, 0xff, 0xe0, 0xff, 0xe6, 0x7f, 0x7,
    0xff, 0x22, 0xff, 0xfe, 0x68, 0x7f, 0xf3, 0x2f,
    0xc8, 0x7f, 0xf2, 0x5f, 0xff, 0xe5, 0x87, 0xff,
    0x37, 0xf8, 0x3f, 0xf9, 0x9f, 0xff, 0xc8, 0x83,
    0xff, 0x9a, 0xfe, 0x43, 0xff, 0x9a, 0xff, 0xff,
    0x12, 0xf, 0xfe, 0x7b, 0xf4, 0x1f, 0xfd, 0x16,
    0xff, 0xe9, 0xf, 0xfe, 0x97, 0xa0, 0xff, 0xf5,
    0x0,

    /* U+0026 "&" */
    0xf, 0xfe, 0x4b, 0x7f, 0xea, 0x21, 0xff, 0xdf,
    0xbf, 0xff, 0x88, 0x87, 0xff, 0x6d, 0xff, 0xfe,
    0x42, 0x1f, 0xfd, 0x8b, 0xff, 0xf9, 0x48, 0x7f,
    0xf5, 0xaf, 0xff, 0xe6, 0x21, 0xff, 0xd4, 0x7f,
    0xff, 0x9c, 0x87, 0xff, 0x4f, 0xff, 0xfa, 0x1,
    0xff, 0xd3, 0xff, 0xfe, 0x82, 0x1f, 0xfd, 0x17,
    0xff, 0xfa, 0x21, 0xff, 0xd1, 0xbf, 0xff, 0xa2,
    0x1f, 0xfd, 0x1b, 0xff, 0xfa, 0x28, 0x7f, 0xf4,
    0x1f, 0xff, 0xe8, 0xc1, 0xff, 0xd1, 0xff, 0xfe,
    0x8c, 0x1f, 0xfd, 0x1f, 0xff, 0xe8, 0xc1, 0xff,
    0xcc, 0x64, 0xf, 0xff, 0xf4, 0x20, 0xff, 0xe5,
    0xdf, 0x80, 0xff, 0xff, 0x3e, 0xf, 0xfe, 0x5f,
    0xf4, 0x7, 0xff, 0xf9, 0xc8, 0x7f, 0xf2, 0xff,
    0xc1, 0x9a, 0x7e, 0x90, 0xd7, 0xff, 0xc8, 0x7f,
    0xf2, 0xff, 0xd0, 0x7f, 0xf1, 0xbf, 0xfc, 0x1f,
    0xfc, 0xcb, 0xfc, 0x1f, 0xfc, 0x6b, 0xff, 0x83,
    0xff, 0x9b, 0xfe, 0x83, 0xff, 0x8a, 0xff, 0xe4,
    0x3f, 0xf9, 0xb7, 0xf8, 0x3f, 0xf8, 0xb7, 0xfe,
    0xf, 0xfe, 0x7f, 0xfa, 0xf, 0xfe, 0x1d, 0xff,
    0x83, 0xff, 0xa1, 0x7f, 0x83, 0xff, 0x85, 0x7f,
    0xe4, 0x3f, 0xfa, 0x3f, 0xf0, 0x7f, 0xd7, 0xff,
    0x21, 0xff, 0xd2, 0x7f, 0xc8, 0x7e, 0xbf, 0xfc,
    0x1f, 0xfd, 0x5f, 0xf8, 0x39, 0xbf, 0xfd, 0x7,
    0xff, 0x59, 0xff, 0x20, 0x7f, 0xfe, 0x83, 0xff,
    0xb3, 0xff, 0x3f, 0xff, 0xc0, 0x43, 0xff, 0xb4,
    0xff, 0xff, 0x15, 0xf, 0xfe, 0xef, 0xff, 0xf0,
    0xd0, 0xff, 0xef, 0xdf, 0xff, 0xc0, 0x43, 0xff,
    0xc1, 0xff, 0xfc, 0x8, 0x3f, 0xfc, 0x17, 0xff,
    0xf0, 0x3, 0xff, 0xc3, 0xff, 0xfc, 0x20, 0xff,
    0xe5, 0xa8, 0x3f, 0xf8, 0xcf, 0xff, 0xf0, 0xe0,
    0xff, 0xe4, 0x3f, 0x83, 0xff, 0x88, 0xff, 0xff,
    0x14, 0x3f, 0xf9, 0x1f, 0xc8, 0x7f, 0xf0, 0x9f,
    0xff, 0xe3, 0x87, 0xff, 0x19, 0xfe, 0x43, 0xff,
    0x82, 0xff, 0xff, 0x0, 0xff, 0xa0, 0xff, 0xe2,
    0xdf, 0xc1, 0xff, 0xc2, 0xff, 0xfe, 0x2, 0x3f,
    0xf2, 0x1f, 0xfc, 0x4f, 0xf0, 0x7f, 0xf0, 0x7f,
    0xff, 0x81, 0x5, 0x7f, 0xc1, 0xff, 0xc3, 0x7f,
    0x90, 0xff, 0xe0, 0x3f, 0xff, 0xc0, 0xe, 0xff,
    0xa0, 0xff, 0xe1, 0x7f, 0x83, 0xff, 0x83, 0xff,
    0xfc, 0x8, 0x39, 0xff, 0x90, 0xff, 0xe0, 0xff,
    0x41, 0xff, 0xc0, 0x7f, 0xff, 0x80, 0x87, 0xaf,
    0xf8, 0x3f, 0xf8, 0x17, 0xf2, 0x1f, 0xfc, 0xf,
    0xff, 0xe0, 0x87, 0xef, 0xfc, 0x1f, 0xe7, 0xfc,
    0x1f, 0xfc, 0x1f, 0xff, 0xe0, 0x87, 0xe7, 0xff,
    0x7, 0xf7, 0xf9, 0xf, 0xfe, 0x3, 0xff, 0xfc,
    0x8, 0x3f, 0xaf, 0xfa, 0xf, 0x9f, 0xf0, 0x7f,
    0xf0, 0x6f, 0xff, 0xe0, 0x41, 0xfe, 0xff, 0xc8,
    0x7b, 0xfd, 0x7, 0xff, 0x6, 0xff, 0xfe, 0x4,
    0x1f, 0xf7, 0xfe, 0x43, 0x7f, 0xc1, 0xff, 0xc2,
    0xff, 0xfe, 0xc, 0x1f, 0xf3, 0xff, 0x82, 0xbf,
    0xc8, 0x7f, 0xf0, 0xbf, 0xff, 0x83, 0x7, 0xff,
    0x2, 0xff, 0xc5, 0xff, 0x7, 0xff, 0xf, 0xff,
    0xf8, 0x41, 0xff, 0xc1, 0xbf, 0xff, 0x86, 0x1f,
    0xfc, 0x4f, 0xff, 0xe1, 0x21, 0xff, 0xc1, 0xff,
    0xfe, 0x12, 0x1f, 0xf2, 0xc0, 0xbf, 0xff, 0x84,
    0x1f, 0xfc, 0x2f, 0xff, 0xe0, 0x41, 0xff, 0x5f,
    0x43, 0xff, 0xfc, 0x24, 0x3f, 0xf8, 0x5f, 0xff,
    0x7, 0xfd, 0x7f, 0x27, 0xff, 0xf0, 0xd0, 0xff,
    0xe0, 0x3f, 0xfe, 0x43, 0xfd, 0x7f, 0x93, 0xff,
    0xf8, 0x90, 0x7e, 0x6f, 0xff, 0xe0, 0xc1, 0xfb,
    0xff, 0x1, 0xff, 0xfe, 0x35, 0x6f, 0xff, 0xe3,
    0xa1, 0xaf, 0xfe, 0xa, 0xff, 0xff, 0x50, 0x77,
    0xff, 0xfa, 0x50, 0xf5, 0xff, 0xfd, 0x4, 0x17,
    0xff, 0xf1, 0x83, 0xf9, 0xff, 0xfe, 0x6a, 0x1c,
    0xff, 0xff, 0xe, 0xf, 0xfe, 0x3, 0x7f, 0xff,
    0x1d, 0xf, 0xf3, 0xff, 0xf4, 0x1f, 0xfc, 0x66,
    0xff, 0xea, 0x21, 0xff, 0xc4, 0x6f, 0xe9, 0xf,
    0xe0,

    /* U+0027 "'" */
    0x1f, 0x90, 0x7f, 0x37, 0xf5, 0xff, 0xfd, 0xb,
    0xfd, 0x7f, 0xaf, 0xe9, 0xfe, 0x9f, 0xe9, 0xfe,
    0x4f, 0xe4, 0xfe, 0x7, 0xf0, 0x2f, 0xc0, 0xbe,
    0x80, 0xfd, 0x5, 0xf2, 0x17, 0xc1, 0xaf, 0x7,
    0x21, 0x0,

    /* U+0028 "(" */
    0xf, 0xfe, 0x1b, 0xfa, 0x43, 0xff, 0x87, 0x7f,
    0xe4, 0x3f, 0xf8, 0x3f, 0xff, 0x7, 0xff, 0x3,
    0xff, 0xf8, 0x1, 0xff, 0x7f, 0xff, 0x4, 0x3f,
    0xdf, 0xff, 0xc2, 0xf, 0xef, 0xff, 0xe1, 0x41,
    0xfa, 0xff, 0xfe, 0x12, 0x1f, 0xbf, 0xff, 0x86,
    0x1f, 0xaf, 0xff, 0xe1, 0x21, 0xf3, 0xff, 0xfc,
    0x30, 0xfd, 0xff, 0xfc, 0x34, 0x3f, 0x7f, 0xff,
    0xa, 0xf, 0xd7, 0xff, 0xf0, 0x83, 0xfb, 0xff,
    0xf8, 0x50, 0x7e, 0x7f, 0xff, 0x84, 0x1f, 0xd7,
    0xff, 0xf0, 0x60, 0xfe, 0xff, 0xfe, 0x10, 0x7f,
    0xbf, 0xff, 0x83, 0x7, 0xf3, 0xff, 0xfc, 0x10,
    0xff, 0x5f, 0xff, 0xc0, 0x83, 0xfd, 0xff, 0xfc,
    0x10, 0xff, 0xbf, 0xff, 0x82, 0x1f, 0xe7, 0xff,
    0xf8, 0x8, 0x7f, 0xaf, 0xff, 0xe0, 0x7, 0xfd,
    0xff, 0xfc, 0x8, 0x3f, 0xef, 0xff, 0xe0, 0x21,
    0xff, 0x7f, 0xff, 0x0, 0x3f, 0xf8, 0x1f, 0xff,
    0xc0, 0xf, 0xf9, 0xff, 0xfa, 0xf, 0xf9, 0xff,
    0xf9, 0xf, 0xf9, 0xff, 0xf8, 0x3f, 0xf8, 0xf,
    0xff, 0xc1, 0xff, 0xc0, 0x7f, 0xfe, 0xf, 0xfe,
    0x3, 0xff, 0xe8, 0x3f, 0xf8, 0xf, 0xff, 0x90,
    0xff, 0xe0, 0x3f, 0xfe, 0x43, 0xff, 0x80, 0xff,
    0xf8, 0x3f, 0xf8, 0x2f, 0xff, 0x83, 0xff, 0x82,
    0xff, 0xf8, 0x3f, 0xf8, 0x5f, 0xfe, 0xf, 0xfe,
    0x17, 0xff, 0x83, 0xff, 0x85, 0xff, 0xe0, 0xff,
    0xe1, 0x7f, 0xf8, 0x3f, 0xf8, 0x5f, 0xfe, 0xf,
    0xfe, 0x15, 0xff, 0xc1, 0xff, 0xc2, 0x7f, 0xf8,
    0x3f, 0xf8, 0x4f, 0xff, 0x7, 0xff, 0xf, 0xff,
    0x83, 0xff, 0x87, 0xff, 0xc8, 0x7f, 0xf0, 0xaf,
    0xfc, 0x87, 0xff, 0x9, 0xff, 0xd0, 0x7f, 0xf0,
    0xff, 0xf8, 0x3f, 0xf8, 0x7f, 0xfc, 0x1f, 0xfc,
    0x37, 0xff, 0x7, 0xff, 0x13, 0xff, 0x21, 0xff,
    0xc3, 0xbf, 0xf0, 0x7f, 0xf0, 0xdf, 0xfc, 0x1f,
    0xfc, 0x4f, 0xfc, 0x87, 0xff, 0xd, 0xff, 0xc1,
    0xff, 0xc4, 0xff, 0xc1, 0xff, 0xc4, 0x7f, 0xe8,
    0x3f, 0xf8, 0x9f, 0xf8, 0x3f, 0xf8, 0x8f, 0xfd,
    0x7, 0xff, 0x13, 0xff, 0x7, 0xff, 0x17, 0xfe,
    0x83, 0xff, 0x89, 0x7f, 0xc8, 0x7f, 0xf1, 0x3f,
    0xf0, 0x7f, 0xf1, 0x7f, 0xe8, 0x3f, 0xf8, 0x8f,
    0xfc, 0x87, 0xff, 0x11, 0xff, 0x83, 0xff, 0x8b,
    0x7f, 0xc1, 0xff, 0xc5, 0xbf, 0xe0, 0xff, 0xe2,
    0xdf, 0xe8, 0x3f, 0xf8, 0xaf, 0xf8, 0x3f, 0xf8,
    0xcf, 0xf0, 0x7f, 0xf2, 0x2f, 0x0,

    /* U+0029 ")" */
    0x5, 0xfa, 0xf, 0xfe, 0x27, 0xfe, 0x83, 0xff,
    0x83, 0x7f, 0xf9, 0xf, 0xfb, 0xff, 0xf8, 0x8,
    0x7f, 0xbf, 0xff, 0x82, 0x87, 0xf5, 0xff, 0xfc,
    0x14, 0x3f, 0x3f, 0xff, 0xc2, 0xf, 0xef, 0xff,
    0xe1, 0x87, 0xeb, 0xff, 0xf8, 0x48, 0x7e, 0xff,
    0xfe, 0x18, 0x7e, 0xbf, 0xff, 0x85, 0x7, 0xef,
    0xff, 0xe1, 0x87, 0xe7, 0xff, 0xf8, 0x48, 0x7e,
    0xff, 0xfe, 0x18, 0x7e, 0x7f, 0xff, 0x84, 0x1f,
    0xdf, 0xff, 0xc2, 0x83, 0xf3, 0xff, 0xfc, 0x20,
    0xfe, 0xff, 0xfe, 0x10, 0x7f, 0x3f, 0xff, 0xc1,
    0x43, 0xfb, 0xff, 0xf8, 0x30, 0x7f, 0x3f, 0xff,
    0xc1, 0xf, 0xf7, 0xff, 0xf0, 0x43, 0xfd, 0x7f,
    0xff, 0x1, 0xf, 0xf7, 0xff, 0xf0, 0x20, 0xff,
    0x7f, 0xff, 0x4, 0x3f, 0xcf, 0xff, 0xf0, 0x3,
    0xfe, 0xff, 0xfe, 0x0, 0x7f, 0xdf, 0xff, 0xc0,
    0x43, 0xfd, 0x7f, 0xfc, 0x87, 0xf9, 0xff, 0xf9,
    0xf, 0xfb, 0xff, 0xe8, 0x3f, 0xef, 0xff, 0xa0,
    0xff, 0xaf, 0xff, 0x41, 0xff, 0x5f, 0xfe, 0x83,
    0xfe, 0x7f, 0xfd, 0x7, 0xff, 0x3, 0xff, 0xd0,
    0x7f, 0xf0, 0x3f, 0xfd, 0x7, 0xff, 0x3, 0xff,
    0xd0, 0x7f, 0xf0, 0x3f, 0xfd, 0x7, 0xff, 0x3,
    0xff, 0xd0, 0x7f, 0xf0, 0x2f, 0xfe, 0x43, 0xff,
    0x81, 0x7f, 0xf2, 0x1f, 0xfc, 0xb, 0xff, 0x90,
    0xff, 0xe0, 0x5f, 0xfc, 0x1f, 0xfc, 0x1b, 0xff,
    0x83, 0xff, 0x83, 0x7f, 0xf0, 0x7f, 0xf0, 0x7f,
    0xfa, 0xf, 0xfe, 0xf, 0xff, 0x41, 0xff, 0xc1,
    0xff, 0xe4, 0x3f, 0xf8, 0x3f, 0xfc, 0x1f, 0xfc,
    0x2f, 0xfe, 0xf, 0xfe, 0xb, 0xff, 0xa0, 0xff,
    0xe0, 0xdf, 0xf9, 0xf, 0xfe, 0xf, 0xff, 0x7,
    0xff, 0xb, 0xff, 0x41, 0xff, 0xc2, 0xff, 0xc8,
    0x7f, 0xf0, 0x6f, 0xfc, 0x1f, 0xfc, 0x2f, 0xfd,
    0x7, 0xff, 0xb, 0xff, 0x7, 0xff, 0xa, 0xff,
    0xa0, 0xff, 0xe1, 0x7f, 0xe0, 0xff, 0xe1, 0x3f,
    0xf4, 0x1f, 0xfc, 0x2f, 0xfc, 0x1f, 0xfc, 0x27,
    0xfe, 0x83, 0xff, 0x85, 0xff, 0x83, 0xff, 0x84,
    0xff, 0xc8, 0x7f, 0xf0, 0xbf, 0xf0, 0x7f, 0xf0,
    0xaf, 0xf8, 0x3f, 0xf8, 0x4f, 0xfc, 0x87, 0xff,
    0xb, 0xfe, 0x83, 0xff, 0x85, 0xff, 0x41, 0xff,
    0xc2, 0xff, 0xa0, 0xff, 0xe1, 0x5f, 0xf0, 0x7f,
    0xf0, 0x9f, 0xf8, 0x3f, 0xf8, 0x7f, 0xe8, 0x3f,
    0xf8, 0x97, 0xe8, 0x3f, 0xf8, 0xd7, 0x90, 0xff,
    0xe3, 0x0,

    /* U+002A "*" */
    0xf, 0xfe, 0xb, 0xf0, 0x7f, 0xf3, 0xff, 0x83,
    0xff, 0x9b, 0x7f, 0x21, 0xff, 0xcc, 0xbf, 0xa0,
    0xff, 0xe6, 0x5f, 0xd0, 0x7f, 0xf3, 0x2f, 0xe4,
    0x3f, 0xf9, 0x8f, 0xf2, 0x1f, 0xfc, 0xc7, 0xf8,
    0x3f, 0xf8, 0x88, 0x7e, 0x7f, 0x83, 0xf9, 0xd,
    0xfc, 0x87, 0xbf, 0x83, 0xcf, 0xe8, 0xbf, 0xe4,
    0x37, 0xf0, 0x6b, 0xfe, 0x7f, 0xfc, 0x83, 0xf4,
    0xb, 0xff, 0xa9, 0xff, 0xf3, 0x7c, 0xaf, 0xff,
    0xa7, 0xff, 0xfa, 0x21, 0x7f, 0xff, 0x3a, 0xf,
    0x37, 0xff, 0xf1, 0xe4, 0x3f, 0xf8, 0xa, 0xa7,
    0xfd, 0x44, 0x3f, 0xf9, 0xf, 0xfc, 0x87, 0xff,
    0x26, 0xff, 0xe4, 0x3f, 0xf8, 0xff, 0xe3, 0xfa,
    0xf, 0xfe, 0x2f, 0xf9, 0x2f, 0xe8, 0x3f, 0xf8,
    0x7f, 0xf0, 0x5f, 0xe8, 0x3f, 0xf8, 0x3f, 0xf2,
    0x15, 0xfe, 0x43, 0xfe, 0xbf, 0xd0, 0x77, 0xfc,
    0x87, 0xf3, 0xff, 0x7, 0x9f, 0xf8, 0x3f, 0xaf,
    0xf2, 0x1f, 0x7f, 0xc8, 0x7e, 0xbf, 0xc1, 0xfd,
    0xfe, 0x43, 0xf3, 0xfc, 0x1f, 0xe7, 0xf8, 0x3f,
    0xcf, 0xa0, 0xff, 0xe0, 0x3f, 0x21, 0xc0,

    /* U+002B "+" */
    0xf, 0xfe, 0x4d, 0xc8, 0x7f, 0xf7, 0xef, 0xc1,
    0xff, 0xdf, 0xfe, 0x83, 0xff, 0xbd, 0xfd, 0x7,
    0xff, 0x7b, 0xfa, 0xf, 0xfe, 0xf5, 0xfc, 0x1f,
    0xfd, 0xeb, 0xf8, 0x3f, 0xfb, 0xd7, 0xf0, 0x7f,
    0xf7, 0x9f, 0xe0, 0xff, 0xef, 0x3f, 0xc1, 0xff,
    0xde, 0x7f, 0x83, 0xff, 0xbf, 0xfc, 0x87, 0xff,
    0x7b, 0xf9, 0xf, 0xfe, 0xf7, 0xf2, 0x1f, 0xfd,
    0xef, 0xe8, 0x3f, 0xfb, 0xdf, 0xd2, 0xff, 0xf0,
    0x3, 0xff, 0x9a, 0xb5, 0x3f, 0xff, 0x92, 0x87,
    0xff, 0x5, 0x54, 0xff, 0xfe, 0xa0, 0x7f, 0x3f,
    0xff, 0xdb, 0xf, 0x3f, 0xff, 0xde, 0xc, 0xff,
    0xff, 0x7e, 0x3, 0xff, 0xfe, 0x10, 0x7f, 0xff,
    0x88, 0x7f, 0xff, 0xc4, 0x5f, 0xff, 0xe2, 0x2f,
    0xff, 0xf1, 0x17, 0xff, 0xf8, 0x51, 0xff, 0xff,
    0x8, 0x5f, 0xff, 0xe0, 0xd, 0x7f, 0xff, 0x76,
    0xf, 0x5f, 0xff, 0xda, 0x90, 0xfd, 0x7f, 0xff,
    0x4e, 0x8a, 0xf, 0xfe, 0x15, 0xff, 0xfc, 0x95,
    0x7, 0xff, 0x72, 0xfe, 0xf, 0xfe, 0xf5, 0xfc,
    0x1f, 0xfd, 0xeb, 0xf8, 0x3f, 0xfb, 0xd7, 0xf0,
    0x7f, 0xf7, 0xaf, 0xe0, 0xff, 0xef, 0x5f, 0xc1,
    0xff, 0xde, 0xbf, 0x83, 0xff, 0xbd, 0x7f, 0x7,
    0xff, 0x7b, 0xfc, 0x1f, 0xfd, 0xef, 0xe8, 0x3f,
    0xfb, 0xdf, 0xd0, 0x7f, 0xf7, 0xbf, 0xa0, 0xff,
    0xef, 0x7f, 0x41, 0xff, 0xde, 0xbf, 0x21, 0xff,
    0xdf, 0xbc, 0x87, 0xff, 0x28,

    /* U+002C "," */
    0xe, 0x6f, 0xc8, 0x7f, 0xbf, 0xfa, 0xf, 0x3f,
    0xff, 0x41, 0xdf, 0xff, 0xc1, 0x82, 0xbf, 0xff,
    0x84, 0x83, 0xff, 0xf8, 0x70, 0xff, 0xff, 0x10,
    0x7f, 0xff, 0x88, 0x5f, 0xff, 0xc4, 0x1f, 0xff,
    0xe2, 0xf, 0xff, 0xf1, 0x1, 0xff, 0xfc, 0x40,
    0x5f, 0xff, 0xc2, 0x82, 0xff, 0xfe, 0x12, 0x1b,
    0xff, 0xf8, 0x21, 0xeb, 0xff, 0xe0, 0xfe, 0x47,
    0xf9, 0xf, 0xfa, 0xfe, 0xf, 0xfe, 0x7, 0xf2,
    0x1f, 0xf7, 0xf4, 0x1f, 0xf3, 0xfc, 0x1f, 0xfc,
    0xf, 0xe0, 0xff, 0xe0, 0x7f, 0x21, 0xff, 0x7f,
    0x21, 0xfe, 0x7f, 0xa0, 0xff, 0x3f, 0xc8, 0x7f,
    0x9f, 0xe4, 0x3f, 0xeb, 0xf0, 0x7f, 0xf0, 0xbd,
    0x7, 0xff, 0x4,

    /* U+002D "-" */
    0xf, 0xe5, 0xaa, 0xff, 0xfe, 0x5, 0x4a, 0xf,
    0x37, 0xff, 0xf4, 0x20, 0x3f, 0xff, 0xd4, 0x7,
    0xff, 0xf5, 0x41, 0xff, 0xfd, 0x50, 0x7f, 0xff,
    0x4e, 0xd, 0x7e, 0xa9, 0x70, 0x7f, 0xf2, 0x40,

    /* U+002E "." */
    0xf, 0x5f, 0x50, 0x3f, 0xd7, 0xfe, 0x83, 0xef,
    0xff, 0xe0, 0x7, 0x7f, 0xff, 0x8, 0x2b, 0xff,
    0xf8, 0x48, 0x3f, 0xff, 0x88, 0x3f, 0xff, 0xc4,
    0x57, 0xff, 0xf1, 0x1b, 0xff, 0xf8, 0x8a, 0xff,
    0xfe, 0x22, 0xbf, 0xff, 0x88, 0x9f, 0xff, 0xc4,
    0x5, 0xff, 0xfc, 0x28, 0x2f, 0xff, 0xe1, 0x7,
    0x7f, 0xff, 0x0, 0x3e, 0xff, 0xe8, 0x3f, 0x9b,
    0xf4, 0x87, 0x0,

    /* U+002F "/" */
    0xf, 0xfe, 0x5d, 0xe8, 0x3f, 0xf9, 0x77, 0xe4,
    0x3f, 0xf9, 0x5f, 0xd0, 0x7f, 0xf2, 0x6f, 0xe4,
    0x3f, 0xf9, 0x3f, 0xe0, 0xff, 0xe4, 0xdf, 0xd0,
    0x7f, 0xf2, 0x7f, 0xc1, 0xff, 0xc9, 0x7f, 0xa0,
    0xff, 0xe4, 0xff, 0x90, 0xff, 0xe4, 0xff, 0x83,
    0xff, 0x93, 0x7f, 0x41, 0xff, 0xc9, 0xff, 0x7,
    0xff, 0x25, 0xfe, 0x83, 0xff, 0x93, 0x7f, 0x21,
    0xff, 0xc9, 0xff, 0x7, 0xff, 0x26, 0xfe, 0x83,
    0xff, 0x93, 0xfe, 0xf, 0xfe, 0x57, 0xf8, 0x3f,
    0xf9, 0x37, 0xf2, 0x1f, 0xfc, 0x9f, 0xf0, 0x7f,
    0xf2, 0x5f, 0xf0, 0x7f, 0xf2, 0x6f, 0xe4, 0x3f,
    0xf9, 0x3f, 0xe0, 0xff, 0xe4, 0xbf, 0xd0, 0x7f,
    0xf2, 0x6f, 0xe4, 0x3f, 0xf9, 0x3f, 0xe0, 0xff,
    0xe4, 0xbf, 0xd0, 0x7f, 0xf2, 0x6f, 0xe4, 0x3f,
    0xf9, 0x3f, 0xe0, 0xff, 0xe4, 0xbf, 0xd0, 0x7f,
    0xf2, 0x6f, 0xe4, 0x3f, 0xf9, 0x3f, 0xe0, 0xff,
    0xe4, 0xbf, 0xd0, 0x7f, 0xf2, 0x6f, 0xe4, 0x3f,
    0xf9, 0x3f, 0xe0, 0xff, 0xe5, 0x7f, 0x41, 0xff,
    0xc9, 0x7f, 0x90, 0xff, 0xe4, 0xff, 0x83, 0xff,
    0x95, 0xfe, 0xf, 0xfe, 0x4b, 0xfc, 0x87, 0xff,
    0x26, 0xfe, 0xf, 0xfe, 0x57, 0xf8, 0x3f, 0xf9,
    0x2f, 0xf4, 0x1f, 0xfc, 0x9b, 0xf8, 0x3f, 0xf9,
    0x5f, 0xe0, 0xff, 0xe5, 0x7f, 0x41, 0xff, 0xc9,
    0x7f, 0x90, 0xff, 0xe4, 0xdf, 0xc1, 0xff, 0xca,
    0xff, 0x7, 0xff, 0x25, 0xfe, 0x43, 0xff, 0x93,
    0x7f, 0x7, 0xff, 0x2b, 0xfc, 0x1f, 0xfc, 0xaf,
    0xe8, 0x3f, 0xf9, 0x2f, 0xf2, 0x1f, 0xfc, 0x9b,
    0xf8, 0x3f, 0xf9, 0x5f, 0xe0, 0xff, 0xe4, 0xbf,
    0xc8, 0x7f, 0xf2, 0x6f, 0xe0, 0xff, 0xe5, 0x7f,
    0x83, 0xff, 0x95, 0xfd, 0x7, 0xff, 0x25, 0xfe,
    0x43, 0xff, 0x93, 0x7f, 0x7, 0xff, 0x2b, 0xfc,
    0x1f, 0xfc, 0xaf, 0xe8, 0x3f, 0xf9, 0x2f, 0xf2,
    0x1f, 0xfc, 0x9b, 0xf8, 0x3f, 0xf9, 0x5f, 0xe0,
    0xff, 0xe4, 0xbf, 0xd0, 0x7f, 0xf2, 0x6f, 0xe4,
    0x3f, 0xf9, 0x37, 0xf0, 0x7f, 0xf2, 0x9f, 0xd0,
    0x7f, 0xf2, 0xdf, 0x83, 0xff, 0x96,

    /* U+0030 "0" */
    0xf, 0xfe, 0x53, 0x7f, 0x48, 0x7f, 0xf6, 0x6f,
    0xff, 0xe0, 0x41, 0xff, 0xd5, 0xbf, 0xff, 0x88,
    0x1f, 0xfd, 0x2b, 0xff, 0xf8, 0xe1, 0xff, 0xd0,
    0xff, 0xfe, 0x50, 0x7f, 0xf3, 0xbf, 0xff, 0x97,
    0x7, 0xff, 0x2d, 0xff, 0xfe, 0x68, 0x7f, 0xf2,
    0xff, 0xff, 0x9c, 0x87, 0xff, 0x27, 0xff, 0xfa,
    0x10, 0x7f, 0xf1, 0xff, 0xff, 0xa6, 0x1f, 0xfc,
    0x5b, 0xff, 0xfa, 0x81, 0xff, 0xc3, 0x7f, 0xff,
    0xac, 0x1f, 0xfc, 0x2f, 0xff, 0xec, 0x7, 0xff,
    0x2, 0xff, 0xfe, 0x85, 0xff, 0x83, 0xfc, 0xff,
    0xff, 0x41, 0x7, 0xfc, 0x87, 0xf7, 0xff, 0xf3,
    0xe0, 0xef, 0xf8, 0x3f, 0x3f, 0xff, 0xcc, 0x90,
    0xf9, 0xff, 0x41, 0xf7, 0xff, 0xf2, 0xe0, 0xff,
    0xaf, 0xf0, 0x7d, 0xff, 0xfc, 0x98, 0x3f, 0xf8,
    0x5f, 0xe4, 0x3a, 0xff, 0xfe, 0x42, 0x1f, 0xfc,
    0x3b, 0xfa, 0xe, 0xff, 0xfe, 0x42, 0x1f, 0xfc,
    0x5f, 0xf0, 0x67, 0xff, 0xf8, 0xe1, 0xff, 0xc7,
    0xbf, 0x83, 0x5f, 0xff, 0xc6, 0xf, 0xfe, 0x43,
    0xfc, 0x85, 0xff, 0xfc, 0x60, 0xff, 0xe5, 0x7f,
    0x41, 0x7f, 0xff, 0x15, 0xf, 0xfe, 0x57, 0xf8,
    0xf, 0xff, 0xf1, 0x43, 0xff, 0x97, 0x7f, 0x2,
    0xff, 0xfe, 0x20, 0x7f, 0xf3, 0x1f, 0xe0, 0x7f,
    0xff, 0x12, 0xf, 0xfe, 0x63, 0xfc, 0x9f, 0xff,
    0xc4, 0x43, 0xff, 0x9b, 0xfc, 0x9f, 0xff, 0xc4,
    0xf, 0xfe, 0x77, 0xf4, 0xff, 0xff, 0xe, 0xf,
    0xfe, 0x77, 0xf4, 0xff, 0xff, 0xc, 0x3f, 0xf9,
    0xff, 0xd4, 0xff, 0xfe, 0x18, 0x7f, 0xf3, 0xff,
    0xa9, 0xff, 0xfc, 0x28, 0x3f, 0xf9, 0xff, 0xd4,
    0xff, 0xfe, 0x12, 0x1f, 0xfc, 0xff, 0xea, 0x7f,
    0xff, 0x9, 0xf, 0xfe, 0x7f, 0xf5, 0x3f, 0xff,
    0x84, 0x1f, 0xfd, 0xf, 0xea, 0x7f, 0xff, 0x8,
    0x3f, 0xfa, 0x1f, 0xd4, 0xff, 0xfe, 0x10, 0x7f,
    0xf4, 0x3f, 0xa7, 0xff, 0xf8, 0x41, 0xff, 0xd0,
    0xfe, 0x9f, 0xff, 0xe0, 0xc1, 0xff, 0xcf, 0x7f,
    0x93, 0xff, 0xf8, 0x30, 0x7f, 0xf3, 0xdf, 0xe4,
    0xff, 0xfe, 0x10, 0x7f, 0xf3, 0xef, 0xe4, 0xff,
    0xfe, 0x10, 0x7f, 0xf3, 0xff, 0xc0, 0xbf, 0xff,
    0x82, 0x1f, 0xfc, 0xff, 0xf0, 0x1f, 0xff, 0xe0,
    0x87, 0xff, 0x39, 0xfe, 0x82, 0xff, 0xfe, 0xa,
    0x1f, 0xfc, 0xdf, 0xf2, 0x17, 0xff, 0xf0, 0x60,
    0xff, 0xe6, 0xff, 0x83, 0x3f, 0xff, 0xc1, 0xf,
    0xfe, 0x65, 0xfe, 0xe, 0xff, 0xfe, 0xa, 0x1f,
    0xfc, 0xa7, 0xfc, 0x87, 0x5f, 0xff, 0xc1, 0xf,
    0xfe, 0x57, 0xfc, 0x1f, 0x7f, 0xff, 0x5, 0xf,
    0xfe, 0x45, 0xfe, 0x83, 0xe7, 0xff, 0xf8, 0x21,
    0xff, 0xc7, 0xbf, 0xe0, 0xfe, 0xbf, 0xff, 0x82,
    0x1f, 0xfc, 0x5f, 0xfc, 0x87, 0xfb, 0xff, 0xf8,
    0x48, 0x7f, 0xf0, 0x5f, 0xfd, 0x7, 0xff, 0x3,
    0xff, 0xf8, 0x68, 0x7e, 0x6f, 0xfe, 0x83, 0xff,
    0x85, 0xff, 0xfc, 0x6a, 0x7f, 0xff, 0x6, 0xf,
    0xfe, 0x25, 0xff, 0xfd, 0x28, 0x3f, 0xf8, 0xcf,
    0xff, 0xf4, 0x10, 0xff, 0xe4, 0xbf, 0xff, 0xcc,
    0x43, 0xff, 0x9a, 0xdf, 0xff, 0xc6, 0x90, 0xff,
    0xe9, 0xb4, 0xff, 0xe9, 0xf, 0xfe, 0x28,

    /* U+0031 "1" */
    0xf, 0xfe, 0x5a, 0xf0, 0x7f, 0xf5, 0x5b, 0xff,
    0x41, 0xff, 0xd0, 0x6f, 0xff, 0xe0, 0xa1, 0xff,
    0xcc, 0x7f, 0xff, 0x8a, 0x87, 0xff, 0x25, 0xff,
    0xfe, 0x40, 0x7f, 0xf2, 0x2f, 0xff, 0xe5, 0x7,
    0xff, 0x15, 0xff, 0xfe, 0x60, 0x7f, 0xf1, 0x2f,
    0xff, 0xe6, 0xc1, 0xff, 0xc1, 0x7f, 0xff, 0xa0,
    0x1f, 0xfc, 0x7, 0xff, 0xfa, 0x21, 0xff, 0x3f,
    0xff, 0xd2, 0xf, 0xf3, 0xff, 0xfd, 0x30, 0xff,
    0x7f, 0xff, 0x50, 0x3f, 0xbf, 0xff, 0xa9, 0x7,
    0xe7, 0xff, 0xfa, 0x88, 0x7e, 0xff, 0xfe, 0xaa,
    0x1f, 0xbf, 0xff, 0xaa, 0x1f, 0x9f, 0xff, 0xea,
    0x87, 0xe7, 0xff, 0xfa, 0xa1, 0xf9, 0xff, 0xfe,
    0xa4, 0x1f, 0x9f, 0xff, 0xea, 0x21, 0xf9, 0xff,
    0xfe, 0x5c, 0xb, 0xf9, 0xf, 0xef, 0xff, 0xe4,
    0xc1, 0xaf, 0xe0, 0xff, 0x5f, 0xff, 0xc7, 0x43,
    0xbf, 0xc1, 0xff, 0x7f, 0xff, 0x16, 0xf, 0xbf,
    0xc1, 0xff, 0x5f, 0xff, 0xc3, 0x43, 0xf7, 0xf4,
    0x1f, 0xfc, 0xf, 0xff, 0xe0, 0xc1, 0xfc, 0xff,
    0x21, 0xff, 0xc1, 0xbf, 0xfc, 0x87, 0xf9, 0xfe,
    0x43, 0xff, 0x84, 0xff, 0xc8, 0x7f, 0xf0, 0x2f,
    0xe0, 0xff, 0xe3, 0x2c, 0x1f, 0xfc, 0x3f, 0xf0,
    0x7f, 0xf6, 0x3f, 0xc1, 0xff, 0xd8, 0xfe, 0x83,
    0xff, 0xae, 0xff, 0x41, 0xff, 0xd7, 0x7f, 0x90,
    0xff, 0xeb, 0xdf, 0xc8, 0x7f, 0xf5, 0xef, 0xe0,
    0xff, 0xec, 0x7f, 0x83, 0xff, 0xb1, 0xfe, 0xf,
    0xfe, 0xc7, 0xf4, 0x1f, 0xfd, 0x77, 0xfa, 0xf,
    0xfe, 0xbb, 0xfc, 0x87, 0xff, 0x5e, 0xfe, 0x43,
    0xff, 0xaf, 0x7f, 0x7, 0xff, 0x62, 0xfe, 0xf,
    0xfe, 0xc7, 0xf8, 0x3f, 0xfb, 0x1f, 0xd0, 0x7f,
    0xf6, 0x3f, 0xa0, 0xff, 0xec, 0x7f, 0x21, 0xff,
    0xd7, 0x7f, 0x90, 0xff, 0xeb, 0xbf, 0xc1, 0xff,
    0xd8, 0xbf, 0x83, 0xff, 0xb1, 0x7f, 0x7, 0xff,
    0x62, 0xfe, 0xf, 0xfe, 0xc7, 0xf8, 0x3f, 0xfb,
    0x1f, 0xd0, 0x7f, 0xf6, 0x3f, 0xa0, 0xff, 0xec,
    0x7f, 0x21, 0x2a, 0x9f, 0x90, 0xff, 0xe5, 0xbf,
    0xff, 0xc6, 0xf, 0xf9, 0xff, 0xfe, 0x90, 0x7f,
    0xdf, 0xff, 0xd3, 0xf, 0xfb, 0xff, 0xfa, 0x30,
    0x7f, 0xf0, 0x2f, 0xff, 0xe5, 0x51, 0x41, 0xff,
    0xc4, 0xbf, 0xfa, 0xb2, 0xc1, 0xff, 0xc2,

    /* U+0032 "2" */
    0xf, 0xfe, 0x5a, 0xe0, 0xff, 0xec, 0x34, 0xff,
    0xfe, 0x4, 0x87, 0xff, 0x3d, 0xbf, 0xff, 0x91,
    0x7, 0xff, 0x2a, 0xff, 0xfe, 0x6c, 0x1f, 0xfc,
    0x6b, 0xff, 0xfa, 0x28, 0x7f, 0xf0, 0xaf, 0xff,
    0xea, 0x41, 0xff, 0xc0, 0xff, 0xfe, 0xbc, 0x1f,
    0xcf, 0xff, 0xf6, 0x60, 0xfa, 0xff, 0xfe, 0xd8,
    0x7a, 0xff, 0xfe, 0xe8, 0x67, 0xff, 0xfb, 0xc8,
    0x5f, 0xff, 0xe0, 0xb, 0xff, 0xfc, 0x0, 0x7f,
    0xff, 0xc1, 0x17, 0xff, 0xf8, 0x4f, 0xff, 0xf1,
    0x1f, 0xff, 0xe2, 0x2f, 0xff, 0xf0, 0xab, 0xff,
    0xf9, 0x92, 0x1e, 0x57, 0xff, 0xc9, 0xff, 0xfc,
    0x94, 0x3f, 0xf8, 0x2f, 0xff, 0x25, 0xff, 0xfc,
    0x58, 0x3f, 0xf8, 0xdf, 0xf9, 0x7, 0xff, 0xf1,
    0x3, 0xff, 0x91, 0x7f, 0xc8, 0x1f, 0xff, 0xe0,
    0xa1, 0xff, 0xca, 0xff, 0x90, 0x9f, 0xff, 0x83,
    0xff, 0x99, 0xff, 0x21, 0xdf, 0xf9, 0xf, 0xfe,
    0x6f, 0xfc, 0x1f, 0x9a, 0x90, 0xff, 0xe7, 0xff,
    0xc1, 0xff, 0xdb, 0x7f, 0xe0, 0xff, 0xed, 0xff,
    0xd0, 0x7f, 0xf6, 0xff, 0xe0, 0xff, 0xed, 0xff,
    0xe0, 0xff, 0xed, 0x5f, 0xf2, 0x1f, 0xfd, 0x97,
    0xff, 0x7, 0xff, 0x65, 0xff, 0xc8, 0x7f, 0xf6,
    0x2f, 0xfc, 0x87, 0xff, 0x5d, 0xff, 0xe8, 0x3f,
    0xfa, 0xf7, 0xff, 0x41, 0xff, 0xd6, 0xbf, 0xfc,
    0x87, 0xff, 0x56, 0xff, 0xf9, 0xf, 0xfe, 0xa5,
    0xff, 0xf4, 0x1f, 0xfd, 0x4b, 0xff, 0xf8, 0x8,
    0x7f, 0xf4, 0x9b, 0xff, 0xf8, 0x8, 0x7f, 0xf4,
    0xef, 0xff, 0xe0, 0x41, 0xff, 0xd3, 0xbf, 0xff,
    0x80, 0x87, 0xff, 0x4e, 0xff, 0xfe, 0x2, 0x1f,
    0xfd, 0x3b, 0xff, 0xf8, 0x8, 0x7f, 0xf4, 0xdf,
    0xff, 0xa0, 0xff, 0xea, 0xdf, 0xfe, 0x83, 0xff,
    0xad, 0xff, 0xe8, 0x3f, 0xfa, 0xcf, 0xff, 0x90,
    0xff, 0xeb, 0x3f, 0xfd, 0x7, 0xff, 0x63, 0xff,
    0x83, 0xff, 0xb3, 0x7f, 0xd0, 0x7f, 0xf6, 0xbf,
    0xe4, 0x3f, 0xfa, 0x2f, 0xa0, 0xe7, 0xfc, 0x87,
    0xff, 0x39, 0xbf, 0xd0, 0x67, 0xfc, 0x1f, 0xfc,
    0xb6, 0xff, 0xf8, 0x35, 0xfe, 0xf, 0xfe, 0x2a,
    0xaf, 0xff, 0xe2, 0x6, 0x7f, 0xe4, 0x3c, 0xb5,
    0x3f, 0xff, 0x94, 0x87, 0x7f, 0xff, 0x6e, 0x43,
    0xd7, 0xff, 0xf5, 0xe0, 0xff, 0xbf, 0xff, 0xa5,
    0x21, 0xff, 0xc4, 0xff, 0xfe, 0x64, 0xa0, 0xff,
    0xe4, 0xb7, 0xff, 0xd5, 0x2c, 0x1f, 0xfc, 0x90,

    /* U+0033 "3" */
    0xf, 0xfe, 0x3b, 0x57, 0xff, 0x48, 0x7f, 0xf3,
    0xdb, 0xff, 0xf9, 0x10, 0x7f, 0xf2, 0x1b, 0xff,
    0xf9, 0xd0, 0x7f, 0xf1, 0x1f, 0xff, 0xe9, 0xc1,
    0xff, 0xc0, 0x7f, 0xff, 0xae, 0x1f, 0xeb, 0xff,
    0xfb, 0x21, 0xfb, 0xff, 0xfb, 0x70, 0x7b, 0xff,
    0xfb, 0xa8, 0x6b, 0xff, 0xfb, 0xc1, 0xbf, 0xff,
    0xbe, 0x82, 0xff, 0xfe, 0xfc, 0xf, 0xff, 0xf0,
    0x83, 0xff, 0xfc, 0x20, 0xff, 0xff, 0xa, 0x7f,
    0xff, 0x85, 0x3f, 0xff, 0xc3, 0x1f, 0xff, 0xe1,
    0x87, 0xff, 0xf9, 0x94, 0x50, 0x73, 0x7f, 0xf4,
    0xf, 0xff, 0xe4, 0x48, 0x7f, 0xf0, 0x5f, 0xfc,
    0x82, 0xff, 0xfe, 0x24, 0x87, 0xff, 0x15, 0xff,
    0x90, 0xbf, 0xff, 0x85, 0x7, 0xff, 0x27, 0xfe,
    0xe, 0xff, 0xf9, 0xf, 0xfe, 0x5f, 0xfc, 0x1e,
    0xbf, 0xe4, 0x3f, 0xf9, 0xbf, 0xe8, 0x3f, 0x35,
    0x21, 0xff, 0xce, 0xbf, 0xc8, 0x7f, 0xf6, 0xff,
    0xe0, 0xff, 0xed, 0xdf, 0xe8, 0x3f, 0xfb, 0x4f,
    0xfc, 0x1f, 0xfd, 0xbf, 0xf9, 0xf, 0xfe, 0xd7,
    0xfd, 0x7, 0xff, 0x65, 0xff, 0xc1, 0xff, 0xd9,
    0xbf, 0xf0, 0x7f, 0xf6, 0x1f, 0xfe, 0xf, 0xfe,
    0xbb, 0xff, 0xd0, 0x7f, 0xf5, 0x9f, 0xff, 0x21,
    0xff, 0xd5, 0xbf, 0xfd, 0x7, 0xff, 0x51, 0xbf,
    0xfd, 0x7, 0xff, 0x57, 0xff, 0xf8, 0x15, 0xe4,
    0x3f, 0xf9, 0xff, 0xff, 0xc9, 0x83, 0xff, 0x9b,
    0xff, 0xfc, 0xb8, 0x3f, 0xf9, 0x7f, 0xff, 0xcc,
    0x83, 0xff, 0x95, 0x7f, 0xff, 0x32, 0xf, 0xfe,
    0x53, 0x52, 0x83, 0xf3, 0x7f, 0xf0, 0x7f, 0xf7,
    0x3f, 0xe8, 0x3f, 0xfb, 0x97, 0xf8, 0x3f, 0xfb,
    0xbf, 0xe4, 0x3f, 0xfb, 0x8f, 0xf4, 0x1f, 0xfd,
    0xdf, 0xe8, 0x3f, 0xfb, 0xbf, 0xd0, 0x7f, 0xf7,
    0x7f, 0xa0, 0xff, 0xee, 0xff, 0x21, 0xff, 0xdc,
    0xbf, 0x90, 0xff, 0xed, 0xdf, 0xe0, 0xff, 0xed,
    0xdf, 0xe8, 0x3f, 0xfb, 0x2f, 0xfe, 0xf, 0xfe,
    0xc3, 0xff, 0xd0, 0x7f, 0xf5, 0x15, 0x7f, 0xfc,
    0x1f, 0xfc, 0x65, 0xfe, 0xab, 0xff, 0xf8, 0x81,
    0xff, 0xc5, 0x7f, 0xff, 0x9f, 0x7, 0xff, 0x1b,
    0xff, 0xf9, 0xd0, 0x7f, 0xf2, 0x3f, 0xff, 0x99,
    0x7, 0xff, 0x2b, 0xff, 0xf9, 0x32, 0x1f, 0xfc,
    0xdb, 0xff, 0xf8, 0x14, 0x50, 0x7f, 0xf1, 0x0,

    /* U+0034 "4" */
    0xf, 0xfe, 0x6b, 0x7e, 0x83, 0xff, 0xbc, 0xff,
    0xf4, 0x1f, 0xfd, 0xbf, 0xff, 0xe0, 0x87, 0xff,
    0x61, 0xff, 0xfe, 0x18, 0x7f, 0xf5, 0x9f, 0xff,
    0xe2, 0x87, 0xff, 0x51, 0xff, 0xfe, 0x32, 0x1f,
    0xfd, 0x27, 0xff, 0xf8, 0xf0, 0x7f, 0xf4, 0x5f,
    0xff, 0xe4, 0x87, 0xff, 0x47, 0xff, 0xf9, 0x41,
    0xff, 0xd0, 0xff, 0xfe, 0x54, 0x1f, 0xfc, 0xff,
    0xff, 0xe5, 0xc1, 0xff, 0xce, 0xff, 0xfe, 0x62,
    0x1f, 0xfc, 0xdb, 0xff, 0xf9, 0x81, 0xff, 0xcd,
    0x7f, 0xff, 0x98, 0x87, 0xff, 0x37, 0xff, 0xf9,
    0x90, 0x7f, 0xf3, 0x7f, 0xff, 0x99, 0x7, 0xff,
    0x35, 0xff, 0xfe, 0x5c, 0x1f, 0xfc, 0xef, 0xff,
    0xe5, 0xc1, 0xff, 0xce, 0xff, 0xfe, 0x5a, 0x1f,
    0xfc, 0xe7, 0xff, 0xf9, 0x41, 0xff, 0xd0, 0xff,
    0xfe, 0x50, 0x7f, 0xf4, 0x1f, 0xff, 0xe4, 0x87,
    0xff, 0x47, 0xff, 0xf9, 0x21, 0xff, 0xd1, 0xbf,
    0xff, 0x90, 0x1f, 0xfd, 0x2f, 0xff, 0xe4, 0x7,
    0xff, 0x49, 0xff, 0xfe, 0x38, 0x7f, 0xf0, 0x9f,
    0x41, 0xff, 0xc1, 0xff, 0xfe, 0x3a, 0x1f, 0xfc,
    0x2f, 0xd0, 0x7f, 0xcf, 0xff, 0xf1, 0x90, 0xff,
    0xe1, 0x3f, 0xc1, 0xff, 0x7f, 0xff, 0x1a, 0xf,
    0xfe, 0x1d, 0xfa, 0xf, 0xfb, 0xff, 0xf8, 0xc1,
    0xff, 0xc4, 0xfe, 0x83, 0xfc, 0xff, 0xff, 0x14,
    0x3f, 0xf8, 0xbf, 0xc8, 0x7f, 0xbf, 0xff, 0x8a,
    0x87, 0xff, 0x17, 0xf9, 0xf, 0xf7, 0xff, 0xf1,
    0x20, 0xff, 0xe3, 0x7f, 0x7, 0xf9, 0xff, 0xfe,
    0x20, 0x7f, 0xf1, 0x9f, 0xe0, 0xff, 0x5f, 0xff,
    0xc3, 0x43, 0xff, 0x8d, 0x7f, 0x7, 0xfb, 0xff,
    0xf8, 0x70, 0x7f, 0xf1, 0xef, 0xd0, 0x7f, 0xbf,
    0xff, 0x86, 0x1f, 0xfc, 0x8f, 0xe8, 0x3f, 0x9f,
    0xff, 0xe1, 0x21, 0xff, 0xc8, 0xfe, 0x43, 0xfa,
    0xff, 0xfe, 0x10, 0x7f, 0xf2, 0x7f, 0x90, 0xfe,
    0xff, 0xfe, 0x12, 0x1f, 0xfc, 0x9f, 0xe0, 0xff,
    0x7f, 0xff, 0x6, 0xf, 0xfe, 0x4b, 0xfc, 0x1f,
    0xef, 0xff, 0xe0, 0x87, 0xff, 0x29, 0xfe, 0xf,
    0x28, 0x1f, 0xff, 0xc1, 0xf, 0xfe, 0x55, 0xfc,
    0x13, 0x7e, 0x3f, 0xff, 0x81, 0x7, 0xff, 0x2a,
    0xfd, 0xf, 0xfc, 0xdf, 0xff, 0x41, 0xff, 0xca,
    0xbf, 0xff, 0x84, 0xaf, 0xff, 0xe0, 0x7, 0xff,
    0x2b, 0xff, 0xf8, 0x60, 0xff, 0xfe, 0x8, 0x7f,
    0xf1, 0x9b, 0xff, 0xf8, 0x70, 0x2f, 0xff, 0xe0,
    0xc8, 0x7e, 0x5a, 0xff, 0xfe, 0x34, 0x1d, 0xff,
    0xfd, 0xf4, 0x3e, 0x7f, 0xff, 0xb6, 0x87, 0xfc,
    0xff, 0xff, 0x61, 0xf, 0xfe, 0x1d, 0xff, 0xfd,
    0x60, 0xff, 0xe3, 0x3f, 0xff, 0xc9, 0xa2, 0x17,
    0xf0, 0x7f, 0xf2, 0x95, 0x5f, 0xcb, 0x7, 0xfb,
    0xf8, 0x3f, 0xfc, 0x2f, 0xf0, 0x7f, 0xf8, 0x5f,
    0xe0, 0xff, 0xf0, 0xbf, 0xc1, 0xff, 0xe1, 0x7f,
    0x83, 0xff, 0xc2, 0xff, 0x7, 0xff, 0x8b, 0xf8,
    0x3f, 0xfc, 0x5f, 0xa0, 0xff, 0xf1, 0x3e, 0x83,
    0xff, 0x80,

    /* U+0035 "5" */
    0xf, 0xfe, 0x92, 0xff, 0xc1, 0xff, 0xcc, 0x5a,
    0x9f, 0xff, 0xc7, 0x83, 0xff, 0x86, 0xd3, 0xff,
    0xfa, 0x41, 0xfc, 0xdf, 0xff, 0xd9, 0xf, 0x5f,
    0xff, 0xdc, 0x83, 0x7f, 0xff, 0x7c, 0x2f, 0xff,
    0xf0, 0x25, 0xff, 0xfe, 0x8, 0xff, 0xff, 0x15,
    0xff, 0xfe, 0x2b, 0xff, 0xff, 0xff, 0xff, 0xf4,
    0xbf, 0xff, 0xc4, 0xdf, 0xff, 0xe1, 0x1f, 0xff,
    0xf0, 0x20, 0xff, 0xfe, 0xfc, 0x13, 0xff, 0xfd,
    0xd8, 0x3a, 0xff, 0xfe, 0xd4, 0x1f, 0xaf, 0xff,
    0xea, 0xca, 0xf, 0xf9, 0xff, 0xfe, 0x65, 0x14,
    0x1f, 0xfc, 0x9f, 0xf2, 0xff, 0x7, 0xff, 0x53,
    0xfa, 0xf, 0xfe, 0xe3, 0xfc, 0x87, 0xff, 0x73,
    0xfc, 0x1f, 0xfd, 0xdf, 0xf0, 0x7f, 0xf7, 0x1f,
    0xe8, 0x3f, 0xfb, 0x97, 0xf2, 0x1f, 0xfd, 0xcf,
    0xf0, 0x7f, 0xf7, 0x7f, 0xc1, 0xff, 0xdc, 0x7f,
    0xa0, 0xff, 0xe3, 0x2f, 0x83, 0xff, 0x88, 0xff,
    0x21, 0xff, 0xc0, 0x6f, 0xff, 0xe0, 0x48, 0x7f,
    0xf0, 0x2f, 0xe0, 0xff, 0x5f, 0xff, 0xc7, 0x83,
    0xfd, 0xfe, 0xf, 0x9f, 0xff, 0xe6, 0x7, 0xf7,
    0xf8, 0x3a, 0xff, 0xfe, 0x78, 0x7e, 0xfe, 0x82,
    0xbf, 0xff, 0xa4, 0x1f, 0x7f, 0xa9, 0xff, 0xfc,
    0x29, 0xf, 0x9f, 0xfc, 0x87, 0x3f, 0xff, 0xc6,
    0x90, 0xff, 0xe0, 0xbf, 0xf0, 0x7b, 0xff, 0xf8,
    0x72, 0x1f, 0xfc, 0x6f, 0xf2, 0x1d, 0xff, 0xfc,
    0x18, 0x3f, 0xf9, 0x2f, 0xf4, 0x1d, 0x7f, 0xfa,
    0xf, 0xfe, 0x67, 0xf8, 0x3d, 0x7f, 0xd0, 0x7f,
    0xf3, 0xaf, 0xe0, 0xf9, 0xfd, 0x7, 0xff, 0x41,
    0xfe, 0xf, 0xfe, 0xeb, 0xfc, 0x1f, 0xfd, 0xd7,
    0xf8, 0x3f, 0xfb, 0xaf, 0xf0, 0x7f, 0xf7, 0x6f,
    0xe0, 0xff, 0xee, 0xff, 0x83, 0xff, 0xb9, 0x7f,
    0x41, 0xff, 0xdb, 0x7f, 0xc1, 0xff, 0xdc, 0xff,
    0x83, 0xff, 0xb4, 0xff, 0xc8, 0x7f, 0xf6, 0x6f,
    0xfa, 0xf, 0xfe, 0xc5, 0xff, 0xc1, 0xff, 0xd6,
    0xbf, 0xfe, 0xf, 0xfe, 0x93, 0x4f, 0xff, 0xe0,
    0x41, 0xff, 0xc8, 0x6b, 0xbf, 0xff, 0x8f, 0x7,
    0xff, 0x23, 0xff, 0xf9, 0x90, 0x7f, 0xf2, 0x5f,
    0xff, 0xe5, 0x41, 0xff, 0xcb, 0x7f, 0xff, 0x8f,
    0x21, 0xff, 0xce, 0xff, 0xfe, 0x1d, 0x10, 0xff,
    0xe8, 0xbf, 0xfa, 0x8a, 0xf, 0xfe, 0x48,

    /* U+0036 "6" */
    0xf, 0xfe, 0x82, 0xf0, 0x7f, 0xf6, 0xdf, 0xfe,
    0x83, 0xff, 0xac, 0xdf, 0xff, 0xc1, 0x83, 0xff,
    0xa7, 0x7f, 0xff, 0x12, 0xf, 0xfe, 0x85, 0xff,
    0xfc, 0x74, 0x3f, 0xf9, 0xdf, 0xff, 0xca, 0xf,
    0xfe, 0x63, 0xff, 0xfc, 0xb4, 0x3f, 0xf9, 0x57,
    0xff, 0xf3, 0x20, 0xff, 0xe4, 0xdf, 0xff, 0xcd,
    0x83, 0xff, 0x91, 0x7f, 0xff, 0x3a, 0xf, 0xfe,
    0x3d, 0xff, 0xfc, 0xf8, 0x3f, 0xf8, 0xd7, 0xff,
    0xf4, 0x10, 0xff, 0xe2, 0xbf, 0xff, 0xd1, 0xf,
    0xfe, 0x37, 0xff, 0xf4, 0x60, 0xff, 0xe2, 0xff,
    0xff, 0x48, 0x3f, 0xf8, 0xb7, 0xff, 0xf4, 0x43,
    0xff, 0x8d, 0xff, 0xfd, 0x10, 0xff, 0xe3, 0x7f,
    0xff, 0x41, 0xf, 0xfe, 0x33, 0xff, 0xfc, 0xd9,
    0xf, 0xfe, 0x47, 0xff, 0xf3, 0x10, 0xff, 0xe5,
    0x3f, 0xff, 0xc9, 0x83, 0xff, 0x9b, 0xff, 0xfc,
    0x90, 0xff, 0xe7, 0xff, 0xff, 0x1d, 0xf, 0xfe,
    0x7d, 0xff, 0xfc, 0x58, 0x3f, 0xfa, 0x3f, 0xff,
    0xc5, 0x43, 0xff, 0xa2, 0xff, 0xff, 0x11, 0xf,
    0xfe, 0x95, 0xff, 0xfc, 0x30, 0xff, 0xea, 0x7f,
    0xff, 0xc, 0x3f, 0x34, 0xff, 0x51, 0xf, 0xfe,
    0xf, 0xff, 0xf0, 0x83, 0xf7, 0xff, 0xf0, 0xa4,
    0x3f, 0x9f, 0xff, 0xe0, 0xa1, 0xf7, 0xff, 0xf1,
    0x83, 0xf3, 0xff, 0xfc, 0x8, 0x3f, 0x7f, 0xff,
    0x1d, 0xf, 0x5f, 0xff, 0xc0, 0xf, 0xef, 0xff,
    0xe4, 0x41, 0xd7, 0xff, 0xd0, 0x7f, 0xbf, 0xff,
    0x90, 0x86, 0xff, 0xfe, 0x0, 0x7f, 0xf0, 0x16,
    0xf, 0x37, 0xff, 0x6, 0xff, 0xfa, 0xf, 0xfe,
    0x63, 0xff, 0x82, 0xff, 0xf9, 0xf, 0xfe, 0x77,
    0xfc, 0x83, 0xff, 0xe0, 0xff, 0xe8, 0x7f, 0xa0,
    0x7f, 0xfa, 0xf, 0xfe, 0x83, 0xfe, 0x7, 0xff,
    0xa0, 0xff, 0xe8, 0xff, 0x81, 0xff, 0xe4, 0x3f,
    0xfa, 0x2f, 0xf2, 0x7f, 0xf8, 0x3f, 0xfa, 0x7f,
    0xd1, 0xff, 0xe0, 0xff, 0xe9, 0xff, 0x45, 0xff,
    0xc1, 0xff, 0xd3, 0xfe, 0x87, 0xff, 0x83, 0xff,
    0xa7, 0xfd, 0xf, 0xff, 0x7, 0xff, 0x4f, 0xfa,
    0x7, 0xff, 0x21, 0xff, 0xd1, 0x7f, 0x90, 0x7f,
    0xf4, 0x1f, 0xfd, 0x1b, 0xf9, 0x3, 0xff, 0xc1,
    0xff, 0xd1, 0xff, 0x6, 0xff, 0xe0, 0xff, 0xe8,
    0x5f, 0xe0, 0xd7, 0xfe, 0x83, 0xff, 0x9f, 0xfe,
    0x83, 0xbf, 0xf8, 0x3f, 0xf9, 0xd7, 0xf8, 0x3d,
    0x7f, 0xe8, 0x3f, 0xf9, 0x97, 0xfc, 0x1f, 0x7f,
    0xf4, 0x1f, 0xfc, 0xab, 0xfe, 0x43, 0xe7, 0xff,
    0xa0, 0xff, 0xe3, 0xbf, 0xfa, 0xf, 0xeb, 0xff,
    0xc1, 0xff, 0xc4, 0x7f, 0xfc, 0x1f, 0xf7, 0xff,
    0xd2, 0x1f, 0xe6, 0xff, 0xf8, 0x3f, 0xf8, 0x3f,
    0xff, 0xc2, 0xaf, 0x7f, 0xff, 0x8, 0x3f, 0xf8,
    0x77, 0xff, 0xf4, 0xa0, 0xff, 0xe2, 0xbf, 0xff,
    0xd0, 0x43, 0xff, 0x90, 0xff, 0xff, 0x32, 0xf,
    0xfe, 0x63, 0x7f, 0xff, 0x1a, 0x43, 0xff, 0xa4,
    0xd3, 0xff, 0x51, 0xf, 0xfe, 0x20,

    /* U+0037 "7" */
    0xf, 0xfe, 0x7a, 0xff, 0xc1, 0xff, 0xd2, 0x69,
    0xff, 0xfc, 0x74, 0x3f, 0xf9, 0x2d, 0xff, 0xfc,
    0xf8, 0x3f, 0xf8, 0x97, 0xff, 0xf5, 0x50, 0xff,
    0xaf, 0xff, 0xec, 0xa1, 0xfa, 0xff, 0xfe, 0xe0,
    0x79, 0xff, 0xfe, 0xf4, 0x19, 0xff, 0xff, 0x0,
    0x6f, 0xff, 0xf0, 0xa0, 0xff, 0xff, 0x14, 0x3f,
    0xff, 0xe2, 0x8b, 0xff, 0xfc, 0x51, 0xff, 0xfe,
    0x38, 0xff, 0xff, 0x1a, 0x7f, 0xff, 0x8d, 0x3f,
    0xff, 0xc6, 0xf, 0xff, 0xf1, 0x82, 0xff, 0xff,
    0xa, 0x7, 0xff, 0xfa, 0x74, 0x69, 0xff, 0xc1,
    0xaf, 0xff, 0xe5, 0x51, 0xf, 0xf5, 0xff, 0x41,
    0xdf, 0xff, 0xc5, 0x90, 0xff, 0xe2, 0x3f, 0xf0,
    0x7d, 0xff, 0xfc, 0x9, 0xf, 0xfe, 0x45, 0xfe,
    0x43, 0xf3, 0xff, 0x48, 0x7f, 0xf2, 0xff, 0xd0,
    0x7f, 0xcb, 0x83, 0xff, 0x9d, 0xff, 0x7, 0xff,
    0x76, 0xff, 0x21, 0xff, 0xdd, 0xff, 0x41, 0xff,
    0xdd, 0xff, 0x83, 0xff, 0xbb, 0x7f, 0x90, 0xff,
    0xee, 0x3f, 0xe8, 0x3f, 0xfb, 0xbf, 0xf0, 0x7f,
    0xf7, 0x6f, 0xf2, 0x1f, 0xfd, 0xc7, 0xfd, 0x7,
    0xff, 0x77, 0xfe, 0xf, 0xfe, 0xed, 0xfe, 0x43,
    0xff, 0xb8, 0xff, 0xa0, 0xff, 0xee, 0xff, 0xc1,
    0xff, 0xdd, 0xbf, 0xc8, 0x7f, 0xf7, 0x7f, 0xd0,
    0x7f, 0xf7, 0x7f, 0xe0, 0xff, 0xee, 0xdf, 0xe4,
    0x3f, 0xfb, 0xbf, 0xe8, 0x3f, 0xfb, 0xbf, 0xf0,
    0x7f, 0xf7, 0x5f, 0xf2, 0x1f, 0xfd, 0xdf, 0xf8,
    0x3f, 0xfb, 0xb7, 0xf8, 0x3f, 0xfb, 0xdf, 0xe4,
    0x3f, 0xfb, 0xbf, 0xf0, 0x7f, 0xf7, 0x5f, 0xf2,
    0x1f, 0xfd, 0xdf, 0xf4, 0x1f, 0xfd, 0xd7, 0xfc,
    0x1f, 0xfd, 0xef, 0xf2, 0x1f, 0xfd, 0xdb, 0xfc,
    0x1f, 0xfd, 0xef, 0xf2, 0x1f, 0xfd, 0xdb, 0xfc,
    0x1f, 0xfd, 0xef, 0xf2, 0x1f, 0xfd, 0xdb, 0xfa,
    0xf, 0xfe, 0xf7, 0xf8, 0x3f, 0xfb, 0xd7, 0xf4,
    0x1f, 0xfd, 0xef, 0xf0, 0x7f, 0xf7, 0xff, 0xa0,
    0xff, 0xef, 0xff, 0x7, 0xff, 0x86, 0xe0, 0xff,
    0xe8, 0x80,

    /* U+0038 "8" */
    0xf, 0xfe, 0x2a, 0xaf, 0xfa, 0x88, 0x7f, 0xf4,
    0xdb, 0xff, 0xf8, 0x88, 0x7f, 0xf3, 0xaf, 0xff,
    0xe4, 0xc1, 0xff, 0xca, 0xbf, 0xff, 0x9a, 0x87,
    0xff, 0x19, 0xff, 0xfe, 0x82, 0x1f, 0xfc, 0x4b,
    0xff, 0xfa, 0x50, 0x7f, 0xf0, 0xaf, 0xff, 0xea,
    0x21, 0xff, 0xc1, 0xff, 0xfe, 0xb2, 0x1f, 0xf7,
    0xff, 0xf6, 0x3, 0xfe, 0xff, 0xfe, 0xc2, 0x1f,
    0xcf, 0xff, 0xf6, 0x43, 0xfa, 0xff, 0xfe, 0xc8,
    0x7f, 0x5f, 0xff, 0xd9, 0x43, 0xf5, 0xff, 0xfd,
    0x98, 0x3f, 0x3f, 0xff, 0xda, 0xf, 0xef, 0xff,
    0xed, 0x7, 0xf5, 0xff, 0xfd, 0x90, 0xff, 0x7f,
    0xff, 0x12, 0x43, 0xe6, 0xff, 0xf0, 0x7f, 0x9f,
    0xff, 0xe0, 0xa1, 0xff, 0xc0, 0xbf, 0xf8, 0x3f,
    0xf8, 0x1f, 0xfe, 0x43, 0xff, 0x87, 0xff, 0xc1,
    0xff, 0xc1, 0x6f, 0xa8, 0x1f, 0xfc, 0x67, 0xff,
    0x7, 0xff, 0x6f, 0xfe, 0x83, 0xf5, 0xf2, 0x1f,
    0xfc, 0xef, 0xfa, 0xf, 0x9f, 0xf2, 0x1f, 0xfc,
    0xb7, 0xfe, 0x43, 0xeb, 0xfe, 0x83, 0xff, 0x95,
    0x7f, 0xc1, 0xf9, 0xff, 0xe8, 0x3f, 0xf8, 0xef,
    0xfd, 0x7, 0xf7, 0xff, 0xd2, 0x1f, 0xfc, 0x3b,
    0xff, 0x7, 0xfd, 0xff, 0xfc, 0x14, 0x3f, 0xf8,
    0x1f, 0xfc, 0x87, 0xff, 0x1, 0xff, 0xfe, 0xc,
    0x87, 0xd7, 0xff, 0x21, 0xff, 0xc3, 0x7f, 0xff,
    0x85, 0x20, 0xbf, 0xfd, 0x7, 0xff, 0x19, 0xff,
    0xfe, 0x72, 0x1f, 0xfc, 0xab, 0xff, 0xf9, 0x41,
    0xff, 0xce, 0xbf, 0xff, 0x8e, 0x1f, 0xfc, 0xd6,
    0xff, 0xfe, 0x52, 0x1f, 0xfc, 0x8b, 0xff, 0xf9,
    0xe8, 0x7f, 0xf1, 0x2f, 0xff, 0xe1, 0xd3, 0xff,
    0xf8, 0x41, 0xff, 0xc1, 0xbf, 0xff, 0x84, 0x87,
    0x9b, 0xff, 0xe4, 0x3f, 0xdf, 0xff, 0xc0, 0x90,
    0xff, 0xe0, 0x37, 0xff, 0x41, 0xf3, 0xff, 0xf2,
    0x1f, 0xfc, 0x6b, 0xff, 0x21, 0xcf, 0xff, 0x41,
    0xff, 0xcb, 0xff, 0xc1, 0xdf, 0xfc, 0x1f, 0xfc,
    0xeb, 0xfd, 0x5, 0xff, 0x90, 0xff, 0xe8, 0x7f,
    0xc0, 0x7f, 0xe4, 0x3f, 0xfa, 0x5f, 0xe0, 0x7f,
    0xc8, 0x7f, 0xf4, 0xef, 0xe4, 0xff, 0x41, 0xff,
    0xd4, 0x7f, 0x95, 0xfe, 0xf, 0xfe, 0xab, 0xfc,
    0xdf, 0xd0, 0x7f, 0xf5, 0x5f, 0xe6, 0xfe, 0x43,
    0xff, 0xab, 0x7f, 0x37, 0xf2, 0x1f, 0xfd, 0x5f,
    0xf1, 0x7f, 0x21, 0xff, 0xd4, 0xbf, 0xc3, 0xfd,
    0x7, 0xff, 0x4d, 0xff, 0x40, 0xff, 0x7, 0xff,
    0x4a, 0xff, 0x82, 0xff, 0x41, 0xff, 0xcf, 0x7f,
    0xf4, 0x13, 0xfe, 0x83, 0xff, 0x99, 0x7f, 0xf8,
    0x3b, 0xff, 0x41, 0xff, 0xc6, 0x6f, 0xff, 0xe0,
    0x21, 0xef, 0xff, 0x51, 0x7f, 0x53, 0xff, 0xf8,
    0xa8, 0x7e, 0xff, 0xfe, 0xc8, 0x7f, 0xd7, 0xff,
    0xf5, 0x60, 0xff, 0xe1, 0x5f, 0xff, 0xd1, 0x83,
    0xff, 0x8c, 0xdf, 0xff, 0xcb, 0x90, 0xff, 0xe6,
    0x2a, 0x9f, 0xff, 0x51, 0x41, 0xff, 0xc3,

    /* U+0039 "9" */
    0xf, 0xfe, 0x53, 0x4f, 0xfa, 0x88, 0x7f, 0xf4,
    0xdb, 0xff, 0xf8, 0xd2, 0x1f, 0xfc, 0xd7, 0xff,
    0xf9, 0x92, 0x1f, 0xfc, 0x8b, 0xff, 0xfa, 0x21,
    0xff, 0xc5, 0x7f, 0xff, 0xa8, 0x87, 0xff, 0xa,
    0xff, 0xfe, 0xb4, 0x1f, 0xfc, 0xb, 0xff, 0xfb,
    0x10, 0x7f, 0xaf, 0xff, 0xed, 0x7, 0xf5, 0xff,
    0xfd, 0xb8, 0x3e, 0x7f, 0xff, 0xba, 0x1f, 0x7f,
    0xff, 0x79, 0xe, 0xff, 0xfe, 0xfa, 0x19, 0xff,
    0xfe, 0xfc, 0x1b, 0xff, 0xfc, 0x10, 0x4f, 0xff,
    0xf8, 0x20, 0xbf, 0xff, 0xc2, 0x85, 0xff, 0xfe,
    0x14, 0x17, 0xff, 0xf8, 0x42, 0xff, 0xfe, 0x34,
    0x87, 0xcd, 0x3f, 0xff, 0x87, 0x5, 0xff, 0xfc,
    0x44, 0x3f, 0xf8, 0x4d, 0xff, 0xfc, 0x0, 0x9f,
    0xff, 0xe1, 0x21, 0xff, 0xc7, 0x7f, 0xf8, 0x35,
    0xff, 0xfc, 0x14, 0x3f, 0xf9, 0x4f, 0xf8, 0x3a,
    0xff, 0xfe, 0x4, 0x1f, 0xfc, 0xe5, 0x7, 0xdf,
    0xff, 0xc1, 0xf, 0xfe, 0xc7, 0xff, 0xf0, 0x20,
    0xff, 0xec, 0x7f, 0xff, 0x0, 0x3f, 0xfb, 0x3f,
    0xff, 0x41, 0xff, 0xd9, 0xff, 0xf9, 0xf, 0xfe,
    0x8b, 0xf2, 0x17, 0xff, 0xc1, 0xff, 0xd2, 0xfe,
    0xb, 0xff, 0xe0, 0xff, 0xe8, 0xdf, 0xc1, 0x7f,
    0xfa, 0xf, 0xfe, 0x8f, 0xf8, 0x2f, 0xff, 0x41,
    0xff, 0xd0, 0x7f, 0x90, 0xbf, 0xfc, 0x87, 0xff,
    0x43, 0xfc, 0x1a, 0xff, 0xe4, 0x3f, 0xfa, 0x1f,
    0xd0, 0x6b, 0xff, 0xa0, 0xff, 0xe7, 0xdf, 0xc8,
    0x67, 0xff, 0xa0, 0xff, 0xe7, 0xff, 0x83, 0xdf,
    0xfe, 0xf, 0xfe, 0x73, 0xfd, 0x7, 0xbf, 0xfc,
    0x1f, 0xfc, 0xeb, 0xf8, 0x3e, 0x7f, 0xf9, 0xf,
    0xfe, 0x6f, 0xf8, 0x3f, 0x7f, 0xf8, 0x3f, 0xf9,
    0x8f, 0xf4, 0x1f, 0xaf, 0xfe, 0x83, 0xff, 0x97,
    0x7f, 0x7, 0xfb, 0xff, 0xc8, 0x7f, 0xf2, 0x6f,
    0xf0, 0x7f, 0xaf, 0xff, 0x21, 0xff, 0xc6, 0xbf,
    0xe8, 0x3f, 0xef, 0xff, 0xa0, 0xff, 0xe1, 0xdf,
    0xfc, 0x87, 0xff, 0x3, 0xff, 0xf8, 0x12, 0x1f,
    0x9b, 0xff, 0xf8, 0x1, 0xff, 0xc1, 0x7f, 0xff,
    0x89, 0x4f, 0xff, 0xe2, 0x41, 0xff, 0xc2, 0x7f,
    0xff, 0xaa, 0x87, 0xff, 0x13, 0xff, 0xfa, 0x81,
    0xff, 0xc6, 0xbf, 0xff, 0x95, 0x3f, 0xe0, 0xff,
    0xe4, 0x5f, 0xff, 0xc6, 0x42, 0xfe, 0x83, 0xff,
    0x96, 0xd5, 0xff, 0x4a, 0xe, 0x7f, 0x90, 0xff,
    0xef, 0x5f, 0xc1, 0xff, 0xdf, 0xff, 0x7, 0xff,
    0x7f, 0xfa, 0xf, 0xfe, 0xff, 0xf2, 0x1f, 0xfd,
    0xe7, 0xf9, 0xf, 0xfe, 0xf5, 0xfc, 0x1f, 0xfd,
    0xfb, 0xf8, 0x3f, 0xfb, 0xff, 0xd0, 0x7f, 0xf7,
    0xff, 0x90, 0xff, 0xef, 0xff, 0x7, 0xff, 0x86,
    0xf2, 0x1f, 0xf0,

    /* U+003A ":" */
    0xe, 0x6f, 0xd2, 0x1f, 0xdf, 0xfd, 0x7, 0xdf,
    0xff, 0xc0, 0xe, 0xff, 0xfe, 0x10, 0x57, 0xff,
    0xf0, 0xa0, 0x7f, 0xff, 0x10, 0x7f, 0xff, 0x88,
    0xaf, 0xff, 0xe2, 0x37, 0xff, 0xf1, 0x15, 0xff,
    0xfc, 0x45, 0x7f, 0xff, 0x11, 0x3f, 0xff, 0x88,
    0xb, 0xff, 0xf8, 0x48, 0x5f, 0xff, 0xc2, 0xe,
    0xff, 0xfe, 0x0, 0x7d, 0x7f, 0xe8, 0x3f, 0xd7,
    0xd4, 0xf, 0xff, 0xf8, 0x7f, 0xff, 0xc3, 0xff,
    0xfe, 0x15, 0xf5, 0x3, 0xfd, 0x7f, 0xe8, 0x3e,
    0xff, 0xfe, 0x0, 0x77, 0xff, 0xf0, 0x82, 0xbf,
    0xff, 0x84, 0x83, 0xff, 0xf8, 0x83, 0xff, 0xfc,
    0x45, 0x7f, 0xff, 0x11, 0xbf, 0xff, 0x88, 0xaf,
    0xff, 0xe2, 0x2b, 0xff, 0xf8, 0x89, 0xff, 0xfc,
    0x40, 0x5f, 0xff, 0xc2, 0x82, 0xff, 0xfe, 0x10,
    0x77, 0xff, 0xf0, 0x3, 0xef, 0xfe, 0x83, 0xf9,
    0xbf, 0x48, 0x70,

    /* U+003B ";" */
    0xe, 0x6f, 0xd2, 0x1f, 0xdf, 0xfd, 0x7, 0xdf,
    0xff, 0xc0, 0xe, 0xff, 0xfe, 0x10, 0x57, 0xff,
    0xf0, 0xa0, 0x7f, 0xff, 0x10, 0x7f, 0xff, 0x88,
    0xaf, 0xff, 0xe2, 0x37, 0xff, 0xf1, 0x15, 0xff,
    0xfc, 0x45, 0x7f, 0xff, 0x11, 0x3f, 0xff, 0x88,
    0xb, 0xff, 0xf8, 0x48, 0x5f, 0xff, 0xc2, 0xe,
    0xff, 0xfe, 0x0, 0x7d, 0x7f, 0xe8, 0x3f, 0xd7,
    0xd4, 0xf, 0xff, 0xf8, 0x7f, 0xff, 0xc3, 0xff,
    0xfe, 0x1c, 0x87, 0xff, 0xa, 0xff, 0x21, 0xf9,
    0xff, 0xf0, 0x79, 0xff, 0xfe, 0x2, 0x1b, 0xff,
    0xf8, 0x41, 0x5f, 0xff, 0xc2, 0x81, 0xff, 0xfc,
    0x40, 0x7f, 0xff, 0x10, 0x7f, 0xff, 0x88, 0x3f,
    0xff, 0xc4, 0x4f, 0xff, 0xe2, 0x27, 0xff, 0xf1,
    0x1, 0xff, 0xfc, 0x40, 0x3f, 0xff, 0xc3, 0xa,
    0xff, 0xfe, 0xc, 0x1a, 0xff, 0xfe, 0x0, 0x79,
    0xbf, 0xfc, 0x1f, 0xfc, 0xf, 0xe4, 0x3f, 0xeb,
    0xf8, 0x3f, 0xf8, 0x1f, 0xc1, 0xff, 0xc0, 0xfe,
    0x83, 0xfe, 0xbf, 0x83, 0xfe, 0x7f, 0x83, 0xfe,
    0x7f, 0x83, 0xfe, 0x7f, 0x90, 0xff, 0x5f, 0xc8,
    0x7f, 0xaf, 0xe0, 0xff, 0x9f, 0xe0, 0xff, 0xe0,
    0xfd, 0x7, 0xff, 0xd, 0xf, 0xfe, 0x10,

    /* U+003C "<" */
    0xf, 0xfe, 0xa3, 0x7f, 0x48, 0x7f, 0xf5, 0x9b,
    0xff, 0xe4, 0x3f, 0xfa, 0x4f, 0xff, 0xf0, 0xe0,
    0xff, 0xe7, 0xdf, 0xff, 0xc6, 0x43, 0xff, 0x99,
    0x7f, 0xff, 0x24, 0x3f, 0xf9, 0x57, 0xff, 0xf2,
    0xd0, 0xff, 0xe3, 0xdf, 0xff, 0xcd, 0x83, 0xff,
    0x8a, 0xff, 0xff, 0x40, 0x3f, 0xf8, 0x97, 0xff,
    0xf4, 0x43, 0xff, 0x84, 0xff, 0xff, 0x4c, 0x3f,
    0xf8, 0x37, 0xff, 0xf4, 0xe0, 0xff, 0x9f, 0xff,
    0xea, 0x87, 0xfd, 0x7f, 0xff, 0x56, 0xf, 0xf5,
    0xff, 0xfd, 0x60, 0xff, 0x7f, 0xff, 0x5c, 0x3f,
    0xdf, 0xff, 0xd6, 0x83, 0xf9, 0xff, 0xfe, 0xaa,
    0x1f, 0xe7, 0xff, 0xfa, 0x52, 0x1f, 0xfc, 0x7,
    0xff, 0xfa, 0x28, 0x7f, 0xf0, 0xff, 0xff, 0x9e,
    0x87, 0xff, 0x16, 0xff, 0xfe, 0x64, 0x87, 0xff,
    0x19, 0xff, 0xfe, 0x5a, 0x1f, 0xfc, 0x9b, 0xff,
    0xf9, 0x28, 0x7f, 0xf2, 0xff, 0xff, 0x90, 0x87,
    0xff, 0x31, 0xff, 0xfe, 0x30, 0x7f, 0xf3, 0xef,
    0xff, 0xe2, 0x21, 0xff, 0xd0, 0xbf, 0xff, 0x84,
    0x87, 0xff, 0x4a, 0xff, 0xfe, 0x2, 0x1f, 0xfd,
    0x4b, 0xff, 0xe4, 0x3f, 0xfa, 0xaf, 0xff, 0xa0,
    0xff, 0xeb, 0xff, 0xfc, 0x1f, 0xfd, 0x77, 0xff,
    0xd0, 0x7f, 0xf5, 0xef, 0xff, 0x90, 0xff, 0xeb,
    0x5f, 0xff, 0xc0, 0x83, 0xff, 0xaa, 0xff, 0xff,
    0x9, 0xf, 0xfe, 0xa5, 0xff, 0xfc, 0x34, 0x3f,
    0xfa, 0x77, 0xff, 0xf1, 0x24, 0x3f, 0xfa, 0x2d,
    0xff, 0xfc, 0x59, 0xf, 0xfe, 0x83, 0xff, 0xfc,
    0x79, 0x41, 0xff, 0xce, 0xbf, 0xff, 0x95, 0x28,
    0x3f, 0xf9, 0x77, 0xff, 0xf3, 0x3, 0xff, 0x98,
    0xff, 0xff, 0x28, 0x3f, 0xf9, 0xcd, 0xff, 0xfc,
    0x64, 0x3f, 0xfa, 0x4d, 0xff, 0xfc, 0x10, 0xff,
    0xec, 0x34, 0xff, 0x21, 0xff, 0xde, 0x50, 0x40,

    /* U+003D "=" */
    0xf, 0xfe, 0x6a, 0xf5, 0x7f, 0x90, 0xff, 0xe4,
    0xaa, 0xaf, 0xff, 0xe5, 0xc1, 0xff, 0xc0, 0x55,
    0xff, 0xfd, 0x64, 0x3e, 0x6f, 0xff, 0xed, 0xa1,
    0xd7, 0xff, 0xf7, 0x83, 0x5f, 0xff, 0xdf, 0x80,
    0xff, 0xff, 0x84, 0x1f, 0xff, 0xe2, 0x1f, 0xff,
    0xf1, 0x17, 0xff, 0xf8, 0x8b, 0xff, 0xfc, 0x31,
    0x7f, 0xff, 0x84, 0xf, 0xff, 0xf8, 0x10, 0xbf,
    0xff, 0xbf, 0x6, 0xbf, 0xff, 0xba, 0x87, 0xbf,
    0xff, 0xb5, 0x21, 0xfd, 0x7f, 0xff, 0x42, 0x8b,
    0x7, 0xff, 0x12, 0xff, 0xfe, 0x5, 0x72, 0xc1,
    0xff, 0xff, 0xf, 0xff, 0xf8, 0x7f, 0xff, 0xc3,
    0xff, 0xfe, 0x1f, 0xff, 0xf0, 0xff, 0xfa, 0xad,
    0x57, 0xf8, 0x3f, 0xf9, 0x4b, 0xab, 0x7f, 0xff,
    0x1a, 0xe, 0x6b, 0x7f, 0xff, 0x66, 0xd, 0x7f,
    0xff, 0x79, 0xd, 0xff, 0xfd, 0xe8, 0x3b, 0xff,
    0xfa, 0xf4, 0x50, 0x7f, 0x3f, 0xff, 0xc9, 0xac,
    0xb0, 0x7f, 0xf2, 0x5a, 0x97, 0xe0, 0xff, 0xea,
    0x0,

    /* U+003E ">" */
    0xe, 0x6f, 0xe9, 0xf, 0xfe, 0xc7, 0xff, 0xd2,
    0x1f, 0xfd, 0x37, 0xff, 0xf8, 0x70, 0x7f, 0xf4,
    0x7f, 0xff, 0x8d, 0x21, 0xff, 0xcd, 0xbf, 0xff,
    0x92, 0x87, 0xff, 0x2f, 0xff, 0xf9, 0x81, 0xff,
    0xc9, 0x7f, 0xff, 0x9b, 0x7, 0xff, 0x1e, 0xff,
    0xfe, 0x7a, 0x1f, 0xfc, 0x5b, 0xff, 0xfa, 0x21,
    0xff, 0xc4, 0xbf, 0xff, 0xa5, 0x7, 0xff, 0x9,
    0xff, 0xfe, 0xa0, 0x7f, 0xf0, 0xbf, 0xff, 0xaa,
    0x87, 0xff, 0x2, 0xff, 0xfe, 0xac, 0x1f, 0xfc,
    0xf, 0xff, 0xeb, 0x87, 0xff, 0x3, 0xff, 0xfa,
    0xe8, 0x7f, 0xd7, 0xff, 0xf5, 0x90, 0xff, 0xe0,
    0x37, 0xff, 0xf5, 0x20, 0xff, 0xe1, 0x37, 0xff,
    0xf4, 0xa0, 0xff, 0xe2, 0x37, 0xff, 0xf4, 0x10,
    0xff, 0xe3, 0x3f, 0xff, 0xcf, 0xf, 0xfe, 0x4d,
    0xff, 0xfc, 0xd0, 0xff, 0xe5, 0x3f, 0xff, 0xcb,
    0x43, 0xff, 0x96, 0xff, 0xff, 0x28, 0x3f, 0xf9,
    0xd7, 0xff, 0xf1, 0xd0, 0xff, 0xe7, 0xdf, 0xff,
    0xc5, 0x83, 0xff, 0xa3, 0x7f, 0xff, 0x10, 0x3f,
    0xfa, 0x4f, 0xff, 0xf0, 0xc3, 0xff, 0xa8, 0xff,
    0xff, 0x4, 0x3f, 0xfa, 0xdf, 0xff, 0x41, 0xff,
    0xd6, 0xbf, 0xfc, 0x87, 0xff, 0x5a, 0xff, 0xf0,
    0x7f, 0xf5, 0x9f, 0xff, 0x21, 0xff, 0xd5, 0xbf,
    0xfd, 0x7, 0xff, 0x4d, 0xff, 0xfe, 0x4, 0x1f,
    0xfd, 0x16, 0xff, 0xfe, 0xc, 0x1f, 0xfc, 0xf6,
    0xff, 0xfe, 0x14, 0x1f, 0xfc, 0xeb, 0xff, 0xf8,
    0x90, 0x7f, 0xf2, 0xdb, 0xff, 0xf8, 0xc8, 0x7f,
    0xf2, 0x15, 0x7f, 0xff, 0x1e, 0xf, 0xfe, 0x2a,
    0xa9, 0xff, 0xfc, 0x99, 0xf, 0xfe, 0x2f, 0xff,
    0xf3, 0x24, 0x3f, 0xf8, 0xff, 0xff, 0xca, 0x83,
    0xff, 0x97, 0xff, 0xfc, 0x69, 0xf, 0xfe, 0x77,
    0xff, 0xf0, 0x65, 0x7, 0xff, 0x49, 0xff, 0xa5,
    0x7, 0xff, 0x65, 0x60, 0xff, 0xee, 0x0,

    /* U+003F "?" */
    0xf, 0xfe, 0x1b, 0x4f, 0xfa, 0x88, 0x7f, 0xf2,
    0xdb, 0xff, 0xf8, 0x92, 0x1f, 0xfc, 0x6b, 0xff,
    0xf9, 0x48, 0x7f, 0xf0, 0xaf, 0xff, 0xe6, 0xc1,
    0xff, 0x3f, 0xff, 0xd1, 0xf, 0xeb, 0xff, 0xfa,
    0x61, 0xf5, 0xff, 0xfd, 0x48, 0x39, 0xff, 0xfe,
    0xb2, 0x1b, 0xff, 0xfb, 0x1, 0x5f, 0xff, 0xd8,
    0x41, 0xff, 0xfd, 0x98, 0x7f, 0xff, 0xb4, 0x3f,
    0xff, 0xda, 0x2f, 0xff, 0xed, 0x2b, 0xff, 0xfb,
    0x53, 0xff, 0xfc, 0xa9, 0xa7, 0xff, 0xf0, 0x23,
    0xff, 0xf8, 0xe8, 0x7e, 0xff, 0xf4, 0x5f, 0xff,
    0xc4, 0x43, 0xfe, 0xff, 0xe8, 0x1f, 0xff, 0xc2,
    0x43, 0xff, 0x82, 0xff, 0xe8, 0xf, 0xff, 0xf0,
    0x3, 0xff, 0x89, 0xff, 0x90, 0x9f, 0xfe, 0x83,
    0xff, 0x8b, 0xff, 0x83, 0xd7, 0xf9, 0xf, 0xfe,
    0x37, 0xfe, 0xf, 0xe5, 0x7, 0xff, 0x27, 0xfe,
    0x83, 0xff, 0xa6, 0xff, 0xc1, 0xff, 0xd4, 0xff,
    0xa0, 0xff, 0xe9, 0xbf, 0xf0, 0x7f, 0xf4, 0xdf,
    0xf9, 0xf, 0xfe, 0x93, 0xff, 0x41, 0xff, 0xd2,
    0xbf, 0xf0, 0x7f, 0xf4, 0xbf, 0xf8, 0x3f, 0xfa,
    0x2f, 0xfe, 0x83, 0xff, 0xa3, 0x7f, 0xe8, 0x3f,
    0xfa, 0xf, 0xff, 0x21, 0xff, 0xd0, 0xbf, 0xf8,
    0x3f, 0xfa, 0x37, 0xfe, 0x43, 0xff, 0xa2, 0xff,
    0xe0, 0xff, 0xe9, 0xdf, 0xe4, 0x3f, 0xfa, 0x9f,
    0xe0, 0xff, 0xeb, 0x7f, 0x41, 0xff, 0xd6, 0xfe,
    0x43, 0xff, 0xad, 0xfc, 0x87, 0xff, 0x5b, 0xfa,
    0xf, 0xfe, 0xb5, 0xf9, 0xf, 0xfe, 0xbf, 0xd0,
    0x7f, 0xff, 0xc3, 0xff, 0xfe, 0x1c, 0xdf, 0xa4,
    0x3f, 0xfa, 0x7f, 0xfe, 0xf, 0xfe, 0x83, 0xff,
    0xfc, 0x4, 0x3f, 0xf9, 0xaf, 0xff, 0xf0, 0x83,
    0xff, 0x9b, 0xff, 0xfc, 0x40, 0xff, 0xe5, 0xbf,
    0xff, 0xc4, 0x43, 0xff, 0x95, 0x7f, 0xff, 0x12,
    0xf, 0xfe, 0x57, 0xff, 0xf1, 0x83, 0xff, 0x95,
    0xff, 0xfc, 0x60, 0xff, 0xe5, 0x7f, 0xff, 0x18,
    0x3f, 0xf9, 0x5f, 0xff, 0xc5, 0x83, 0xff, 0x95,
    0x7f, 0xff, 0x11, 0xf, 0xfe, 0x5f, 0xff, 0xf1,
    0x3, 0xff, 0x98, 0xff, 0xff, 0x9, 0xf, 0xfe,
    0x6d, 0xff, 0xfc, 0x4, 0x3f, 0xf9, 0xef, 0xff,
    0x90, 0xff, 0xe9, 0x5f, 0xe4, 0x3f, 0xfd, 0x60,

    /* U+0040 "@" */
    0xf, 0xfe, 0x8b, 0x4f, 0xfd, 0x44, 0x3f, 0xfc,
    0x2d, 0xff, 0xfc, 0x69, 0xf, 0xfe, 0xd3, 0x7f,
    0xff, 0x32, 0x43, 0xff, 0xaa, 0xff, 0xff, 0x49,
    0xf, 0xfe, 0x8b, 0xff, 0xfd, 0x58, 0x3f, 0xf9,
    0xf7, 0xff, 0xf0, 0x68, 0xbf, 0xaf, 0xff, 0xe0,
    0x7, 0xff, 0x31, 0xff, 0xfa, 0x43, 0xff, 0x86,
    0xdf, 0xfc, 0x87, 0xff, 0x25, 0xff, 0xf2, 0x1f,
    0xfc, 0x97, 0xff, 0x7, 0xff, 0x22, 0xff, 0xe4,
    0x3f, 0xf9, 0xb7, 0xfc, 0x1f, 0xfc, 0x6b, 0xff,
    0x21, 0xff, 0xd0, 0x7f, 0xe0, 0xff, 0xe2, 0x5f,
    0xf4, 0x1f, 0xfd, 0x37, 0xfc, 0x87, 0xff, 0xa,
    0xff, 0xa0, 0xff, 0xea, 0xbf, 0xe0, 0xff, 0xe0,
    0xbf, 0xf2, 0x1f, 0xfd, 0x7b, 0xfa, 0xf, 0xfe,
    0x7, 0xfc, 0x87, 0xff, 0x67, 0xfc, 0x1f, 0xf7,
    0xfc, 0x87, 0xff, 0x11, 0x7c, 0x1f, 0xfc, 0x4b,
    0xf9, 0xf, 0xeb, 0xfc, 0x87, 0xff, 0x5, 0xff,
    0xfe, 0x4, 0x87, 0xff, 0x3, 0xfc, 0x1f, 0xdf,
    0xe8, 0x3f, 0xe6, 0xff, 0xfe, 0x2a, 0x1f, 0xef,
    0xf0, 0x7e, 0xff, 0x83, 0xfe, 0xbf, 0xff, 0x90,
    0x87, 0xf3, 0xfc, 0x87, 0x9f, 0xf0, 0x7f, 0x9f,
    0xff, 0xe5, 0x87, 0xfb, 0xfa, 0xf, 0x7f, 0x90,
    0xfe, 0x7f, 0xff, 0x9a, 0x1f, 0xdf, 0xe0, 0xe7,
    0xfc, 0x1f, 0xd7, 0xff, 0xf3, 0x83, 0xfb, 0xfc,
    0x1d, 0xfe, 0x43, 0xf3, 0xff, 0xfc, 0xf4, 0x3f,
    0x5f, 0xc1, 0xdf, 0xd0, 0x7f, 0x7f, 0xff, 0x41,
    0xf, 0xcf, 0xf0, 0x6b, 0xf9, 0xf, 0xdf, 0xff,
    0xd1, 0x43, 0xf3, 0xfc, 0x1b, 0xfc, 0x1f, 0x9f,
    0xff, 0xe8, 0x87, 0xf3, 0xfc, 0x81, 0xfe, 0x83,
    0xf7, 0xff, 0xf4, 0x60, 0xfe, 0x7f, 0x90, 0x5f,
    0xc1, 0xf9, 0xff, 0xfe, 0x88, 0x7f, 0x9f, 0xe4,
    0x1f, 0xe0, 0xfd, 0xff, 0xfd, 0x10, 0xff, 0x9f,
    0xe0, 0xbf, 0xa0, 0xfd, 0xff, 0xfc, 0x49, 0xc,
    0xd3, 0x90, 0xff, 0xe0, 0x3f, 0xc0, 0x7f, 0x90,
    0xfa, 0xff, 0xfe, 0x14, 0x1f, 0xfc, 0xdb, 0xf8,
    0xf, 0xf2, 0x1f, 0x7f, 0xff, 0x9, 0xf, 0xfe,
    0x75, 0xfc, 0xb, 0xf8, 0x3f, 0x7f, 0xff, 0x5,
    0xf, 0xfe, 0xb, 0x21, 0xff, 0x7f, 0x81, 0x7f,
    0x7, 0xcf, 0xff, 0xf0, 0x10, 0xff, 0xe0, 0xdf,
    0x41, 0xfe, 0xfe, 0x81, 0x7f, 0x7, 0xcf, 0xff,
    0xd0, 0x7f, 0xf0, 0xbf, 0x83, 0xfd, 0xfc, 0x83,
    0xfc, 0x1f, 0x5f, 0xff, 0x7, 0xff, 0xa, 0xfd,
    0x7, 0xf3, 0xfc, 0x83, 0xfa, 0xf, 0xaf, 0xff,
    0x41, 0xff, 0xc2, 0xfe, 0xf, 0xf5, 0xfc, 0x17,
    0xf4, 0x1f, 0x5f, 0xfe, 0x43, 0xff, 0x85, 0xfc,
    0x1f, 0xef, 0xe8, 0x2f, 0xe8, 0x3e, 0xbf, 0xfc,
    0x1f, 0xfc, 0x2b, 0xf2, 0x1f, 0xcf, 0xf2, 0x15,
    0xfc, 0x1f, 0x5f, 0xfe, 0xf, 0xfe, 0x17, 0xf0,
    0x7f, 0xbf, 0xc1, 0xaf, 0xe0, 0xfa, 0xff, 0xf0,
    0x7f, 0xf0, 0xbf, 0x83, 0xf9, 0xfe, 0x83, 0x5f,
    0xc1, 0xf3, 0xff, 0xe0, 0xff, 0xe1, 0x7e, 0x83,
    0xfb, 0xfc, 0x1c, 0xff, 0x7, 0xef, 0xff, 0x7,
    0xff, 0x5, 0xfc, 0x87, 0xeb, 0xfa, 0xe, 0x7f,
    0x90, 0xfb, 0xff, 0xd0, 0x7f, 0xf0, 0x2f, 0xc1,
    0xf9, 0xff, 0x7, 0xdf, 0xd0, 0x7d, 0x7f, 0xf8,
    0x3f, 0xe7, 0xf8, 0x3e, 0x7f, 0xc8, 0x7d, 0xfe,
    0xf, 0xdf, 0xff, 0x7, 0xe7, 0xfe, 0x43, 0xaf,
    0xf4, 0x1f, 0xaf, 0xe4, 0x3e, 0xbf, 0xfe, 0x42,
    0x6f, 0xff, 0x5, 0x7f, 0xe0, 0xfe, 0x7f, 0xa0,
    0xfd, 0xff, 0xfd, 0xa0, 0xff, 0xbf, 0xc1, 0xfd,
    0xff, 0xfd, 0x80, 0xff, 0xe0, 0x7f, 0xc1, 0xfd,
    0xff, 0xfc, 0x7b, 0xff, 0xf8, 0x30, 0x7f, 0xf0,
    0x5f, 0xf2, 0x1f, 0xcf, 0xff, 0xf0, 0xe0, 0x3f,
    0xff, 0x21, 0xff, 0xc3, 0xff, 0x83, 0xfe, 0x6f,
    0xfe, 0x90, 0xf7, 0xfe, 0x43, 0xff, 0x8a, 0xff,
    0xc1, 0xff, 0xc3, 0x58, 0x3f, 0xf8, 0xd, 0x48,
    0x7f, 0xf2, 0x7f, 0xf0, 0x7f, 0xfb, 0x3f, 0xf2,
    0x1f, 0xfd, 0x77, 0xe4, 0x3f, 0xf8, 0x4f, 0xfe,
    0x83, 0xff, 0xa8, 0xff, 0x83, 0xff, 0x87, 0x7f,
    0xf4, 0x1f, 0xfd, 0x7, 0xff, 0x7, 0xff, 0x12,
    0xff, 0xf4, 0x87, 0xff, 0x2e, 0xff, 0xf0, 0x7f,
    0xf1, 0x6f, 0xff, 0xe0, 0x48, 0x7f, 0xf1, 0x1b,
    0xff, 0xf8, 0x8, 0x7f, 0xf1, 0x9f, 0xff, 0xe2,
    0xd7, 0xf7, 0xff, 0xf1, 0x3, 0xff, 0x95, 0xff,
    0xfd, 0xb4, 0x3f, 0xf9, 0x8f, 0xff, 0xf5, 0xa4,
    0x3f, 0xfa, 0xf, 0xff, 0xf4, 0x90, 0xff, 0xeb,
    0x3f, 0xff, 0xcb, 0x90, 0xff, 0xee, 0xb4, 0xff,
    0xf5, 0x14, 0x1f, 0xfc, 0xc0,

    /* U+0041 "A" */
    0xf, 0xfe, 0x73, 0x7f, 0x48, 0x7f, 0xf9, 0x5f,
    0xff, 0xe0, 0xa1, 0xff, 0xe0, 0x7f, 0xff, 0x8a,
    0x1f, 0xfd, 0xeb, 0xff, 0xf8, 0xe8, 0x7f, 0xf6,
    0xff, 0xff, 0x94, 0x87, 0xff, 0x67, 0xff, 0xf9,
    0x81, 0xff, 0xd8, 0xff, 0xfe, 0x6c, 0x1f, 0xfd,
    0x6b, 0xff, 0xf9, 0xc8, 0x7f, 0xf5, 0x1f, 0xff,
    0xe8, 0x7, 0xff, 0x53, 0xff, 0xfa, 0x28, 0x7f,
    0xf4, 0xaf, 0xff, 0xe3, 0xc8, 0xff, 0xc1, 0xff,
    0xd2, 0xff, 0xfe, 0x3c, 0x1d, 0xfe, 0x43, 0xff,
    0xa1, 0x7f, 0xff, 0x1c, 0x3d, 0x7f, 0x83, 0xff,
    0xa1, 0xff, 0xfc, 0x78, 0x3e, 0xff, 0x21, 0xff,
    0xce, 0xbf, 0xff, 0x8e, 0x1f, 0xaf, 0xe8, 0x3f,
    0xf9, 0xdf, 0xff, 0xc7, 0x83, 0xfb, 0xfc, 0x1f,
    0xfc, 0xdb, 0xff, 0xf8, 0xe1, 0xfe, 0xbf, 0xa0,
    0xff, 0xe6, 0x7f, 0xff, 0x20, 0x3f, 0xcf, 0xf8,
    0x3f, 0xf9, 0x77, 0xff, 0xf1, 0xd0, 0xff, 0xbf,
    0xd0, 0x7f, 0xf2, 0xbf, 0xff, 0x90, 0x1f, 0xfc,
    0x7, 0xfc, 0x1f, 0xfc, 0x97, 0xff, 0xf8, 0xf0,
    0x7f, 0xf0, 0x7f, 0xc8, 0x7f, 0xf2, 0x3f, 0xff,
    0x90, 0x1f, 0xfc, 0x2b, 0xfa, 0xf, 0xfe, 0x47,
    0xff, 0xf1, 0xe0, 0xff, 0xe1, 0x3f, 0xe0, 0xff,
    0xe3, 0xdf, 0xff, 0xc7, 0x43, 0xff, 0x87, 0xfe,
    0x43, 0xff, 0x8d, 0xff, 0xfc, 0x80, 0xff, 0xe2,
    0x5f, 0xe0, 0xff, 0xe2, 0xbf, 0xff, 0xc7, 0x83,
    0xff, 0x8b, 0xfe, 0xf, 0xfe, 0x2d, 0xff, 0xfc,
    0x74, 0x3f, 0xf8, 0xbf, 0xe8, 0x3f, 0xf8, 0x9f,
    0xff, 0xc8, 0xf, 0xfe, 0x33, 0xfe, 0xf, 0xfe,
    0x1b, 0xff, 0xfc, 0x78, 0x3f, 0xf8, 0xff, 0xe4,
    0x3f, 0xf8, 0x57, 0xff, 0xf1, 0xd0, 0xff, 0xe3,
    0xff, 0xa0, 0xff, 0xe1, 0x7f, 0xff, 0x20, 0x3f,
    0xf9, 0xf, 0xf8, 0x3f, 0xf8, 0x2f, 0xff, 0xf1,
    0xe0, 0xff, 0xe4, 0xff, 0x90, 0xff, 0xe0, 0x5f,
    0xff, 0xc7, 0x43, 0xff, 0x93, 0xfe, 0x83, 0xff,
    0x81, 0xff, 0xfc, 0x80, 0xff, 0xe5, 0x3f, 0xe0,
    0xff, 0xe0, 0x7f, 0xff, 0x1e, 0xf, 0xfe, 0x5f,
    0xf8, 0x3f, 0xe7, 0xff, 0xf8, 0xe8, 0x7f, 0xf2,
    0xff, 0xc8, 0x7f, 0xbf, 0xff, 0x90, 0x1f, 0xfc,
    0xcb, 0xfc, 0x1f, 0xef, 0xff, 0xe4, 0x7, 0xff,
    0x31, 0xff, 0x7, 0xf3, 0xff, 0xfc, 0x78, 0x3f,
    0xf9, 0xbf, 0xe4, 0x3f, 0x5f, 0xff, 0xc7, 0x43,
    0xff, 0x9b, 0x7f, 0x41, 0xfb, 0xff, 0xf9, 0x1,
    0xff, 0xce, 0x7f, 0xc1, 0xfb, 0xff, 0xf9, 0x1,
    0xff, 0xcf, 0xff, 0x7, 0xcf, 0xff, 0xf1, 0xe0,
    0xff, 0xe7, 0xff, 0x90, 0xf5, 0xff, 0xfc, 0x74,
    0x3f, 0xf9, 0xf7, 0xf4, 0x1e, 0xff, 0xfe, 0x40,
    0x79, 0x6a, 0xbf, 0xf2, 0x1f, 0x3f, 0xe0, 0xf7,
    0xff, 0xf2, 0x1a, 0x7f, 0xff, 0x19, 0xf, 0xbf,
    0xc1, 0xcf, 0xff, 0xf7, 0x60, 0xfb, 0xfc, 0x86,
    0xbf, 0xff, 0xba, 0x87, 0xd7, 0xf4, 0x1b, 0xff,
    0xfb, 0xc1, 0xf9, 0xfe, 0x83, 0x7f, 0xff, 0x56,
    0xbe, 0x43, 0xfd, 0xfe, 0xd, 0xff, 0xfc, 0xba,
    0x28, 0x3f, 0xf9, 0x9f, 0xe0, 0x9f, 0xff, 0xe3,
    0xc1, 0xff, 0xd3, 0xbf, 0x90, 0x5f, 0xff, 0xc7,
    0xf, 0xfe, 0xa3, 0xfd, 0x3, 0xff, 0xf9, 0x1,
    0xff, 0xd5, 0xff, 0x3, 0xff, 0xf9, 0x1, 0xff,
    0xd5, 0xff, 0x3, 0xff, 0xf8, 0xf0, 0x7f, 0xf5,
    0x6f, 0xe0, 0x7f, 0xff, 0x1d, 0xf, 0xfe, 0xad,
    0xfc, 0x97, 0xff, 0xf1, 0x83, 0xff, 0xac, 0xff,
    0x20, 0xff, 0xfe, 0x30, 0x7f, 0xf5, 0xff, 0xa0,
    0x5f, 0xff, 0xc4, 0x43, 0xff, 0xaf, 0xfe, 0xb,
    0xff, 0xf8, 0x70, 0x7f, 0xf6, 0x2f, 0xe0, 0xdf,
    0xff, 0xc1, 0x83, 0xff, 0xb2, 0xff, 0x7, 0x3f,
    0xfe, 0x43, 0xff, 0xb7, 0xfa, 0xf, 0x9b, 0xf4,
    0x87, 0xff, 0x7a, 0x88, 0x0,

    /* U+0042 "B" */
    0xf, 0xfe, 0x4a, 0xa9, 0xff, 0xf5, 0x10, 0xff,
    0xe9, 0xb7, 0xff, 0xf3, 0x24, 0x3f, 0xf9, 0x4d,
    0xff, 0xfd, 0x48, 0x3f, 0xf8, 0xaf, 0xff, 0xf6,
    0x90, 0xff, 0xe0, 0xdf, 0xff, 0xde, 0xf, 0xfb,
    0xff, 0xfc, 0x21, 0xfd, 0xff, 0xfe, 0x28, 0x3e,
    0xff, 0xff, 0x22, 0x1c, 0xff, 0xff, 0x94, 0x3b,
    0xff, 0xfc, 0xd0, 0x4f, 0xff, 0xf9, 0xc2, 0xbf,
    0xff, 0xce, 0x83, 0xff, 0xfd, 0x10, 0x3f, 0xff,
    0xd2, 0xf, 0xff, 0xf4, 0x83, 0xff, 0xfd, 0x20,
    0xbf, 0xff, 0xd0, 0x8f, 0xff, 0xfa, 0x10, 0x7f,
    0xff, 0x46, 0xbf, 0x7f, 0xff, 0xd, 0x5, 0xff,
    0xfc, 0xa9, 0xf, 0xfe, 0x1b, 0xff, 0xf2, 0x17,
    0xff, 0xf1, 0x64, 0x3f, 0xf9, 0x5f, 0xfe, 0x43,
    0x7f, 0xff, 0x2, 0x43, 0xff, 0x9f, 0xff, 0xc1,
    0xeb, 0xfe, 0x83, 0xff, 0xa7, 0x7f, 0xe0, 0xfd,
    0x7f, 0x7, 0xff, 0x51, 0xff, 0xc1, 0xfa, 0xfe,
    0xf, 0xfe, 0xaf, 0xfe, 0xf, 0xdf, 0xe0, 0xff,
    0xea, 0xff, 0xd0, 0x7e, 0xff, 0x7, 0xff, 0x51,
    0xff, 0x83, 0xfb, 0xfa, 0xf, 0xfe, 0xa7, 0xfe,
    0xf, 0xef, 0xe8, 0x3f, 0xfa, 0x6f, 0xfc, 0x87,
    0xf7, 0xf4, 0x1f, 0xfd, 0x27, 0xff, 0x7, 0xf3,
    0xfc, 0x87, 0xff, 0x45, 0xff, 0xc8, 0x7f, 0x3f,
    0xc8, 0x7f, 0xf4, 0x2f, 0xfd, 0x7, 0xf9, 0xfe,
    0x43, 0xff, 0x9c, 0xff, 0xf8, 0x3f, 0xeb, 0xf9,
    0xf, 0xfe, 0x63, 0xff, 0xf0, 0x7f, 0xf0, 0x2f,
    0xe0, 0xff, 0xe5, 0x37, 0xff, 0xd0, 0x7f, 0xf0,
    0x6f, 0xe0, 0xff, 0xe3, 0x2a, 0xff, 0xfe, 0xa,
    0x1f, 0xfc, 0x2b, 0xf8, 0x3f, 0xf8, 0x57, 0xff,
    0xf1, 0x24, 0x3f, 0xf8, 0x9f, 0xe0, 0xff, 0xe0,
    0xff, 0xff, 0x16, 0x50, 0x7f, 0xf1, 0x3f, 0xc1,
    0xff, 0xc0, 0x7f, 0xff, 0x95, 0x7, 0xff, 0x7,
    0xfc, 0x1f, 0xfc, 0x7, 0xff, 0xf9, 0x90, 0x7f,
    0xdf, 0xe0, 0xff, 0xe0, 0xff, 0xff, 0x39, 0xf,
    0xef, 0xe8, 0x3f, 0xf8, 0x2f, 0xea, 0xf7, 0xff,
    0xf1, 0x20, 0xfd, 0xfd, 0x7, 0xff, 0x41, 0xbf,
    0xfe, 0x43, 0xef, 0xe8, 0x3f, 0xfa, 0x6d, 0xff,
    0xc1, 0xf7, 0xf4, 0x1f, 0xfd, 0x6f, 0xfd, 0x7,
    0xbf, 0xa0, 0xff, 0xeb, 0xff, 0xe0, 0xe7, 0xf9,
    0xf, 0xfe, 0xc7, 0xfc, 0x86, 0x7f, 0x90, 0xff,
    0xec, 0x5f, 0xe4, 0x33, 0xfc, 0x87, 0xff, 0x61,
    0xff, 0x41, 0x9f, 0xe4, 0x3f, 0xfb, 0x3f, 0xe8,
    0x33, 0xfc, 0x87, 0xff, 0x67, 0xfc, 0x86, 0x7f,
    0x83, 0xff, 0xb5, 0xfe, 0x43, 0x3f, 0xc8, 0x7f,
    0xf6, 0x1f, 0xf0, 0x73, 0xfe, 0x83, 0xff, 0xaf,
    0xff, 0x7, 0x5f, 0xfa, 0xf, 0xfe, 0xa5, 0xff,
    0x7, 0x5f, 0xfe, 0x90, 0xff, 0xe8, 0x5f, 0xf2,
    0x1d, 0x7f, 0xff, 0x6, 0xf, 0xfe, 0x63, 0xff,
    0xc1, 0xeb, 0xff, 0xf8, 0x92, 0x1f, 0xfc, 0x67,
    0xff, 0xc8, 0x7a, 0xff, 0xfe, 0x4c, 0xb0, 0x65,
    0xa9, 0xff, 0xfc, 0x8, 0x3e, 0xbf, 0x9f, 0xff,
    0xed, 0xc1, 0xfa, 0xfe, 0x3, 0x7f, 0xff, 0x5d,
    0xf, 0xeb, 0xf8, 0x39, 0xbf, 0xff, 0xa5, 0x7,
    0xfc, 0xfe, 0x83, 0xf3, 0x7f, 0xff, 0x32, 0x43,
    0xff, 0x84, 0xfa, 0xf, 0xfe, 0x12, 0xa9, 0xff,
    0xf5, 0x14, 0x1f, 0xfc, 0x10,

    /* U+0043 "C" */
    0xf, 0xfe, 0x73, 0x4f, 0xfd, 0x45, 0x7, 0xff,
    0x5d, 0xbf, 0xff, 0x8f, 0x7, 0xff, 0x45, 0xff,
    0xfe, 0x74, 0x1f, 0xfc, 0xcb, 0xff, 0xfa, 0x50,
    0x7f, 0xf2, 0x2f, 0xff, 0xeb, 0x7, 0xff, 0x15,
    0xff, 0xfe, 0xc8, 0x7f, 0xf0, 0xef, 0xff, 0xed,
    0x41, 0xff, 0xc1, 0xff, 0xfe, 0xe8, 0x7f, 0xf0,
    0x3f, 0xff, 0xbd, 0x7, 0xfb, 0xff, 0xfc, 0x1,
    0xfd, 0xff, 0xfe, 0x10, 0xfd, 0xff, 0xfe, 0x24,
    0x3d, 0x7f, 0xff, 0x89, 0xe, 0x7f, 0xff, 0xc6,
    0x87, 0x7f, 0xff, 0x91, 0xc, 0xff, 0xff, 0x90,
    0x3b, 0xff, 0xfc, 0xa1, 0x9f, 0xff, 0xf2, 0x21,
    0xbf, 0xff, 0xca, 0x19, 0xff, 0xfe, 0x5d, 0x17,
    0xa9, 0xff, 0xfc, 0x40, 0xeb, 0xff, 0xf9, 0x10,
    0x7f, 0xf0, 0x5b, 0xff, 0xe0, 0xf7, 0xff, 0xf1,
    0xd0, 0xff, 0xe3, 0x37, 0xf9, 0xf, 0xbf, 0xff,
    0x8b, 0x7, 0xff, 0x5d, 0xff, 0xfe, 0x22, 0x1f,
    0xfd, 0x8b, 0xff, 0xf8, 0x61, 0xff, 0xda, 0xff,
    0xfe, 0x18, 0x7f, 0xf6, 0xff, 0xff, 0x84, 0x87,
    0xff, 0x69, 0xff, 0xfe, 0x10, 0x7f, 0xf6, 0xdf,
    0xff, 0xe0, 0xa1, 0xff, 0xdb, 0xbf, 0xff, 0x82,
    0x1f, 0xfd, 0xcb, 0xff, 0xf8, 0x8, 0x7f, 0xf7,
    0x3f, 0xff, 0x82, 0x1f, 0xfd, 0xdf, 0xff, 0xe0,
    0x87, 0xff, 0x77, 0xff, 0xf8, 0x10, 0x7f, 0xf7,
    0x7f, 0xff, 0x80, 0x87, 0xff, 0x77, 0xff, 0xf8,
    0x1, 0xff, 0xde, 0xff, 0xfe, 0x0, 0x7f, 0xf7,
    0xbf, 0xff, 0x80, 0x1f, 0xfd, 0xef, 0xff, 0xe0,
    0x7, 0xff, 0x7a, 0xff, 0xf8, 0x3f, 0xfb, 0xd7,
    0xff, 0xc1, 0xff, 0xde, 0x7f, 0xfe, 0xf, 0xfe,
    0xf3, 0xff, 0xf0, 0x7f, 0xf7, 0xff, 0xfe, 0x43,
    0xff, 0xbd, 0xff, 0xf4, 0x1f, 0xfd, 0xeb, 0xff,
    0xe0, 0xff, 0xef, 0x3f, 0xff, 0x7, 0xff, 0x7f,
    0xff, 0xe4, 0x3f, 0xfb, 0xd7, 0xff, 0xc1, 0xff,
    0xdf, 0xff, 0xf9, 0xf, 0xfe, 0xf5, 0xff, 0xf0,
    0x7f, 0xf7, 0xff, 0xfe, 0x83, 0xff, 0xbd, 0x7f,
    0xfd, 0x7, 0xff, 0x52, 0xa0, 0xfb, 0xff, 0xf8,
    0x10, 0x7f, 0xf4, 0x6f, 0xd0, 0x79, 0xff, 0xfe,
    0x4, 0x1f, 0xfc, 0xe7, 0xfe, 0xf, 0xaf, 0xff,
    0xe0, 0xa1, 0xff, 0xca, 0x7f, 0xf8, 0x3f, 0x5f,
    0xff, 0xc2, 0x43, 0xff, 0x8d, 0x7f, 0xfa, 0xf,
    0xeb, 0xff, 0xf8, 0x72, 0x1f, 0xf3, 0x7f, 0xff,
    0x2, 0xf, 0xf9, 0xff, 0xfe, 0x35, 0x7b, 0xff,
    0xf8, 0x81, 0xff, 0xc3, 0xff, 0xfe, 0xca, 0x1f,
    0xfc, 0x57, 0xff, 0xfa, 0xa8, 0x7f, 0xf2, 0x6f,
    0xff, 0xe8, 0x41, 0xff, 0xce, 0x6f, 0xff, 0xe4,
    0xc8, 0x7f, 0xf5, 0x55, 0x7f, 0xfa, 0x8a, 0xf,
    0xfe, 0x28,

    /* U+0044 "D" */
    0xf, 0xfe, 0x3a, 0xa9, 0xff, 0xf5, 0x14, 0x1f,
    0xfd, 0x76, 0x9f, 0xff, 0xcc, 0x83, 0xff, 0xa3,
    0x7f, 0xff, 0x51, 0xf, 0xfe, 0x5d, 0xff, 0xfd,
    0x98, 0x3f, 0xf8, 0xf7, 0xff, 0xf7, 0x50, 0xff,
    0xe1, 0xbf, 0xff, 0xe1, 0xf, 0xfe, 0xb, 0xff,
    0xfe, 0x34, 0x3f, 0xef, 0xff, 0xf2, 0xa1, 0xfd,
    0x7f, 0xff, 0x99, 0xf, 0xdf, 0xff, 0xe8, 0xf,
    0x9f, 0xff, 0xf4, 0x87, 0xaf, 0xff, 0xf4, 0xc1,
    0xdf, 0xff, 0xeb, 0x43, 0x7f, 0xff, 0xb0, 0x37,
    0xff, 0xfb, 0x10, 0xbf, 0xff, 0xda, 0x15, 0xff,
    0xfe, 0xc4, 0xf, 0xff, 0xfb, 0x20, 0xbf, 0xff,
    0xa1, 0x52, 0xa9, 0xff, 0xfc, 0xa0, 0x9f, 0xff,
    0xe4, 0x51, 0xf, 0xfe, 0xb, 0xff, 0xfc, 0x74,
    0x2b, 0xff, 0xf8, 0x72, 0x1f, 0xfc, 0x87, 0xff,
    0xf8, 0xb0, 0x67, 0xff, 0xe8, 0x3f, 0xf9, 0xdf,
    0xff, 0xc5, 0xf, 0x7f, 0xd2, 0x1f, 0xfd, 0x1b,
    0xff, 0xf8, 0x61, 0xe7, 0xf9, 0xf, 0xfe, 0xa7,
    0xff, 0xf0, 0xd0, 0xe7, 0xf8, 0x3f, 0xfa, 0xdf,
    0xff, 0xc2, 0x83, 0xaf, 0xe0, 0xff, 0xeb, 0x3f,
    0xff, 0xc1, 0x83, 0xaf, 0xe0, 0xff, 0xeb, 0xdf,
    0xff, 0xc1, 0xe, 0xbf, 0x83, 0xff, 0xb1, 0xff,
    0xfc, 0x10, 0xef, 0xf0, 0x7f, 0xf6, 0x2f, 0xff,
    0xe0, 0x7, 0x7f, 0x83, 0xff, 0xb0, 0xff, 0xff,
    0x0, 0x3b, 0xfa, 0xf, 0xfe, 0xcf, 0xff, 0xf0,
    0x3, 0xbf, 0xa0, 0xff, 0xec, 0xff, 0xff, 0x0,
    0x3b, 0xfa, 0xf, 0xfe, 0xcd, 0xff, 0xf0, 0x77,
    0xf2, 0x1f, 0xfd, 0x97, 0xff, 0xe0, 0xcf, 0xf2,
    0x1f, 0xfd, 0x97, 0xff, 0xe0, 0xcf, 0xf2, 0x1f,
    0xfd, 0xaf, 0xff, 0x83, 0x3f, 0xc1, 0xff, 0xdb,
    0xff, 0xf4, 0x19, 0xfe, 0xf, 0xfe, 0xdf, 0xff,
    0xa0, 0xd7, 0xf0, 0x7f, 0xf6, 0xff, 0xfc, 0x86,
    0xbf, 0x83, 0xff, 0xb4, 0xff, 0xf8, 0x3a, 0xfe,
    0xf, 0xfe, 0xd3, 0xff, 0xe0, 0xef, 0xf0, 0x7f,
    0xf6, 0xaf, 0xff, 0x7, 0x7f, 0x83, 0xff, 0xb5,
    0x7f, 0xf4, 0x1d, 0xfe, 0xf, 0xfe, 0xd7, 0xff,
    0x90, 0xef, 0xf0, 0x7f, 0xf6, 0xbf, 0xfc, 0x1e,
    0xfe, 0x83, 0xff, 0xb3, 0x7f, 0xf4, 0x1e, 0xfe,
    0x83, 0xff, 0xb3, 0xff, 0xe4, 0x3d, 0xfd, 0x7,
    0xff, 0x61, 0xff, 0xf0, 0x7d, 0xfd, 0x7, 0xff,
    0x63, 0xff, 0xd0, 0x7d, 0xfd, 0x7, 0xff, 0x5d,
    0xff, 0xf0, 0x7e, 0xfe, 0x83, 0xff, 0xaf, 0xff,
    0xe8, 0x3f, 0x7f, 0x41, 0xff, 0xd6, 0xbf, 0xfc,
    0x1f, 0xdf, 0xc8, 0x7f, 0xf5, 0x6f, 0xff, 0x21,
    0xfd, 0xfd, 0x7, 0xff, 0x51, 0xff, 0xf4, 0x1f,
    0xef, 0xfa, 0xf, 0xfe, 0x8d, 0xff, 0xf0, 0x7f,
    0x9f, 0xff, 0x21, 0xff, 0xcd, 0xff, 0xfe, 0x0,
    0x7f, 0xcf, 0xff, 0xf0, 0x64, 0x3f, 0xf8, 0xf7,
    0xff, 0xf0, 0x3, 0xff, 0x80, 0xff, 0xff, 0x16,
    0x50, 0x7f, 0xcf, 0xff, 0xf0, 0x83, 0xff, 0x82,
    0xff, 0xff, 0x32, 0xaf, 0xff, 0xe3, 0x7, 0xff,
    0x9, 0xfe, 0xbf, 0xff, 0xb2, 0x87, 0xff, 0xd,
    0xfe, 0x3, 0x7f, 0xff, 0x52, 0xf, 0xfe, 0x2b,
    0xfc, 0x1c, 0xdf, 0xff, 0xcf, 0x83, 0xff, 0x91,
    0xfc, 0x1f, 0xcd, 0xff, 0xfc, 0x89, 0xf, 0xfe,
    0x53, 0xe8, 0x3f, 0xf8, 0x6d, 0x5f, 0xfa, 0x88,
    0x7f, 0xf2, 0x80,

    /* U+0045 "E" */
    0xf, 0xfe, 0x62, 0xea, 0xdf, 0xff, 0xc0, 0x90,
    0xff, 0xe4, 0xaa, 0x9f, 0xff, 0xd0, 0xf, 0xfe,
    0x13, 0x4f, 0xff, 0xec, 0x21, 0xf9, 0xbf, 0xff,
    0xbc, 0x87, 0xbf, 0xff, 0xc4, 0x1d, 0xff, 0xfe,
    0x38, 0x2f, 0xff, 0xf2, 0x82, 0xff, 0xff, 0x2a,
    0xbf, 0xff, 0xcc, 0xdf, 0xff, 0xe6, 0x7f, 0xff,
    0xce, 0xff, 0xff, 0x9c, 0xff, 0xff, 0x39, 0xff,
    0xfe, 0x60, 0x5f, 0xff, 0xe4, 0x82, 0xff, 0xff,
    0x1c, 0x1a, 0xff, 0xff, 0xc, 0x1e, 0xff, 0xfe,
    0xfc, 0x1f, 0xdf, 0xff, 0xd9, 0xa2, 0x1f, 0xfc,
    0x1b, 0xff, 0xf9, 0xb5, 0x28, 0x3f, 0xf9, 0x77,
    0xfa, 0xbe, 0x5c, 0x1f, 0xfd, 0x6b, 0xf9, 0xf,
    0xff, 0xf, 0xf8, 0x3f, 0xfc, 0x5f, 0xe0, 0xff,
    0xf1, 0x7f, 0x83, 0xff, 0xc5, 0xfe, 0xf, 0xff,
    0xb, 0xfd, 0x7, 0xff, 0x86, 0xfe, 0x43, 0xff,
    0xc3, 0x7f, 0x21, 0xff, 0xe1, 0xbf, 0x83, 0xff,
    0xc5, 0xfe, 0xf, 0xff, 0x17, 0xf8, 0x3f, 0xfc,
    0x5f, 0xe0, 0xff, 0xe2, 0x2e, 0xae, 0xff, 0x21,
    0xff, 0xc2, 0xff, 0x7, 0x95, 0x57, 0xff, 0xf2,
    0x43, 0xff, 0x82, 0xff, 0x9a, 0x7f, 0xff, 0x46,
    0xf, 0xfe, 0x3, 0xff, 0xfd, 0xa8, 0x3f, 0xf8,
    0xf, 0xff, 0xf6, 0x90, 0xff, 0xe0, 0x5f, 0xff,
    0xd9, 0x83, 0xff, 0x83, 0x7f, 0xff, 0x16, 0xa5,
    0xe0, 0xff, 0xe7, 0x5f, 0xfa, 0x8a, 0xf, 0xfe,
    0xdd, 0xfc, 0x87, 0xff, 0x86, 0xfe, 0xf, 0xff,
    0x17, 0xf8, 0x3f, 0xfc, 0x5f, 0xe0, 0xff, 0xf1,
    0x7f, 0x83, 0xff, 0xc5, 0xfe, 0xf, 0xff, 0x17,
    0xf8, 0x3f, 0xfc, 0x5f, 0xe0, 0xff, 0xf1, 0x7f,
    0x83, 0xff, 0xc5, 0xfe, 0xf, 0xff, 0x15, 0xfc,
    0x1f, 0xfe, 0x2b, 0xf9, 0xf, 0xff, 0xb, 0xfe,
    0xf, 0xff, 0x17, 0xf9, 0xf, 0xfe, 0xb3, 0x21,
    0xfb, 0xfe, 0xf, 0xfe, 0x9b, 0xfd, 0x7, 0xd7,
    0xfc, 0x1f, 0xfc, 0xd6, 0x9f, 0xfc, 0x1f, 0xbf,
    0xf2, 0x1f, 0xfc, 0x66, 0x9f, 0xff, 0xc2, 0xf,
    0xd7, 0xff, 0x4a, 0xc, 0xba, 0x9f, 0xff, 0xc9,
    0xf, 0xef, 0xff, 0xef, 0x7, 0xfd, 0xff, 0xfd,
    0x99, 0xf, 0xfe, 0x15, 0xff, 0xfd, 0x39, 0xf,
    0xfe, 0x3b, 0xff, 0xfc, 0xc9, 0x41, 0xff, 0xcf,
    0x6f, 0xff, 0xaa, 0x50, 0x7f, 0xf2, 0x40,

    /* U+0046 "F" */
    0xf, 0xfe, 0x62, 0xea, 0xdf, 0xff, 0xc0, 0x90,
    0xff, 0xe4, 0xaa, 0x9f, 0xff, 0xd0, 0xf, 0xfe,
    0x13, 0x4f, 0xff, 0xec, 0x21, 0xf9, 0xbf, 0xff,
    0xbc, 0x87, 0xbf, 0xff, 0xc4, 0x1d, 0xff, 0xfe,
    0x38, 0x2f, 0xff, 0xf2, 0x82, 0xff, 0xff, 0x2a,
    0xbf, 0xff, 0xcc, 0xdf, 0xff, 0xe6, 0x7f, 0xff,
    0xce, 0xff, 0xff, 0x9c, 0xff, 0xff, 0x39, 0xff,
    0xfe, 0x60, 0x5f, 0xff, 0xe4, 0x82, 0xff, 0xff,
    0x1c, 0x1a, 0xff, 0xff, 0xc, 0x1e, 0xff, 0xfe,
    0xfc, 0x1f, 0xdf, 0xff, 0xd9, 0xa2, 0x1f, 0xfc,
    0x1b, 0xff, 0xf9, 0xb5, 0x28, 0x3f, 0xf9, 0x77,
    0xfa, 0xbc, 0xbc, 0x1f, 0xfd, 0x67, 0xf8, 0x3f,
    0xfc, 0x57, 0xf0, 0x7f, 0xf8, 0xaf, 0xe0, 0xff,
    0xf1, 0x5f, 0xc1, 0xff, 0xe2, 0xff, 0x7, 0xff,
    0x8b, 0xfa, 0xf, 0xff, 0x17, 0xf4, 0x1f, 0xfe,
    0x2f, 0xe4, 0x3f, 0xfc, 0x5f, 0xc8, 0x7f, 0xf8,
    0x5f, 0xe4, 0x3f, 0xfc, 0x2f, 0xf0, 0x7f, 0xf8,
    0x9f, 0xe0, 0xff, 0xf1, 0x5f, 0xc1, 0xff, 0xe2,
    0xbf, 0x83, 0xff, 0xc5, 0x7f, 0x7, 0xff, 0x8a,
    0xfe, 0xf, 0xfe, 0x22, 0xd5, 0xbf, 0xfc, 0x1f,
    0xfc, 0x1f, 0xf0, 0x79, 0x54, 0xff, 0xfe, 0x60,
    0x7f, 0xf0, 0x3f, 0xd4, 0xff, 0xfe, 0xa0, 0x7f,
    0xf0, 0x3f, 0xff, 0xb8, 0x1f, 0xfc, 0xf, 0xff,
    0xee, 0x7, 0xff, 0x3, 0xff, 0xfb, 0x50, 0x7f,
    0xf0, 0x7f, 0xff, 0x87, 0x52, 0xe0, 0xff, 0xe9,
    0x7f, 0xd4, 0x50, 0x7f, 0xf7, 0x7f, 0x90, 0xff,
    0xf1, 0x7f, 0x21, 0xff, 0xe2, 0xfe, 0x43, 0xff,
    0xc2, 0xff, 0x7, 0xff, 0x89, 0xfe, 0xf, 0xff,
    0x13, 0xfc, 0x1f, 0xfe, 0x27, 0xf8, 0x3f, 0xfc,
    0x4f, 0xf0, 0x7f, 0xf8, 0x9f, 0xe0, 0xff, 0xf1,
    0x3f, 0xc1, 0xff, 0xe2, 0x7f, 0x83, 0xff, 0xc5,
    0x7f, 0x7, 0xff, 0x8a, 0xfe, 0xf, 0xff, 0x15,
    0xfc, 0x1f, 0xfe, 0x2b, 0xf8, 0x3f, 0xfc, 0x57,
    0xf0, 0x7f, 0xf8, 0xaf, 0xe0, 0xff, 0xf1, 0x3f,
    0xa0, 0xff, 0xf1, 0xbe, 0x83, 0xff, 0xbe,

    /* U+0047 "G" */
    0xf, 0xfe, 0x72, 0xa9, 0xff, 0xea, 0x21, 0xff,
    0xd8, 0x6f, 0xff, 0xe5, 0x41, 0xff, 0xd1, 0x6f,
    0xff, 0xe8, 0x41, 0xff, 0xcc, 0x7f, 0xff, 0xab,
    0x7, 0xff, 0x21, 0xff, 0xfe, 0xc8, 0x7f, 0xf1,
    0xbf, 0xff, 0xb8, 0x1f, 0xfc, 0x37, 0xff, 0xfb,
    0xb0, 0x7f, 0xf0, 0x6f, 0xff, 0xef, 0x87, 0xff,
    0x2, 0xff, 0xff, 0x4, 0x1f, 0xef, 0xff, 0xf1,
    0x87, 0xf5, 0xff, 0xfe, 0x34, 0x3e, 0xbf, 0xff,
    0xc8, 0x87, 0x9f, 0xff, 0xf2, 0xc1, 0xef, 0xff,
    0xf3, 0x41, 0xdf, 0xff, 0xe7, 0x43, 0x3f, 0xff,
    0xe7, 0x43, 0x7f, 0xff, 0xa0, 0x33, 0xff, 0xfe,
    0x78, 0x37, 0xff, 0xfa, 0x3, 0x3f, 0xff, 0xcb,
    0xa2, 0xfd, 0x4f, 0xff, 0xe2, 0xa1, 0xaf, 0xff,
    0xe4, 0x21, 0xff, 0xc4, 0x6f, 0xff, 0x90, 0xef,
    0xff, 0xe3, 0xa1, 0xff, 0xc9, 0x6f, 0xf4, 0x1f,
    0x7f, 0xff, 0x16, 0xf, 0xfe, 0xd3, 0xff, 0xfc,
    0x44, 0x3f, 0xfb, 0x77, 0xff, 0xf0, 0xc3, 0xff,
    0xbb, 0xff, 0xfc, 0x30, 0xff, 0xef, 0x7f, 0xff,
    0x9, 0xf, 0xfe, 0xeb, 0xff, 0xfc, 0x20, 0xff,
    0xef, 0x3f, 0xff, 0xc1, 0x43, 0xff, 0xbd, 0x7f,
    0xff, 0x4, 0x3f, 0xfb, 0xf7, 0xff, 0xf0, 0x10,
    0xff, 0xef, 0xff, 0xff, 0x4, 0x3f, 0xfc, 0x1f,
    0xff, 0xc1, 0xf, 0xff, 0x7, 0xff, 0xf0, 0x20,
    0xff, 0xe7, 0x2a, 0xff, 0x50, 0x3e, 0xff, 0xfe,
    0x2, 0x1f, 0xfc, 0xb6, 0xff, 0xfe, 0x10, 0x77,
    0xff, 0xf0, 0x3, 0xff, 0x92, 0xdf, 0xff, 0xc6,
    0x42, 0xff, 0xfe, 0x0, 0x7f, 0xf2, 0x2f, 0xff,
    0xe4, 0xa0, 0xff, 0xfe, 0x0, 0x7f, 0xf1, 0x9f,
    0xff, 0xe6, 0x3, 0xff, 0xf8, 0x1, 0xff, 0xc6,
    0xff, 0xfe, 0x6c, 0x5f, 0xff, 0x7, 0xff, 0x1b,
    0xff, 0xe9, 0xc, 0xff, 0xe2, 0xff, 0xf8, 0x3f,
    0xf8, 0xdf, 0xf9, 0xf, 0xf5, 0xfe, 0x1f, 0xff,
    0x83, 0xff, 0x8d, 0x7e, 0x83, 0xff, 0x85, 0xfe,
    0x1f, 0xff, 0x83, 0xff, 0x8e, 0xd0, 0x3f, 0xf8,
    0x9f, 0xe0, 0x7f, 0xfc, 0x87, 0xff, 0x67, 0xfc,
    0xf, 0xff, 0xa0, 0xff, 0xec, 0xff, 0x81, 0x7f,
    0xfc, 0x1f, 0xfd, 0x9f, 0xf0, 0x1f, 0xff, 0x83,
    0xff, 0xb3, 0xfe, 0xb, 0xff, 0xe8, 0x3f, 0xfb,
    0x1f, 0xe0, 0xaf, 0xff, 0x83, 0xff, 0xb1, 0xfe,
    0xd, 0xff, 0xf2, 0x1f, 0xfd, 0x7f, 0xf0, 0x6b,
    0xff, 0xe0, 0xff, 0xeb, 0x3f, 0xd0, 0x77, 0xff,
    0xd0, 0x7f, 0xf5, 0x6f, 0xe8, 0x3a, 0xff, 0xfa,
    0xf, 0xfe, 0x9f, 0xfc, 0x87, 0xbf, 0xff, 0x81,
    0x7, 0xff, 0x41, 0xff, 0xc8, 0x79, 0xff, 0xfe,
    0x4, 0x1f, 0xfc, 0xd7, 0xff, 0xc1, 0xfa, 0xff,
    0xfe, 0xa, 0x1f, 0xfc, 0x97, 0xff, 0xf8, 0x1,
    0xfd, 0x7f, 0xff, 0x9, 0xf, 0xfe, 0x23, 0x7f,
    0xff, 0x6, 0xf, 0xf5, 0xff, 0xfc, 0x39, 0xf,
    0xe5, 0x5f, 0xff, 0xc4, 0x43, 0xfe, 0x7f, 0xff,
    0xc0, 0x1f, 0xfc, 0x2f, 0xff, 0xeb, 0xcf, 0xf8,
    0x3f, 0xf8, 0x6f, 0xff, 0xf4, 0xd0, 0x3f, 0xd0,
    0x7f, 0xf1, 0x6f, 0xff, 0xe7, 0x48, 0x6b, 0xf9,
    0xf, 0xfe, 0x3b, 0x7f, 0xff, 0x22, 0x43, 0xeb,
    0xf8, 0x3f, 0xf9, 0x8a, 0xbf, 0xfa, 0x8a, 0xf,
    0xfe, 0x5, 0xe8, 0x38,

    /* U+0048 "H" */
    0xf, 0x37, 0xe8, 0x3f, 0xfa, 0xef, 0xa0, 0xf9,
    0xff, 0xe8, 0x3f, 0xfa, 0xbf, 0xc1, 0xd7, 0xff,
    0xf0, 0x3, 0xff, 0xa6, 0xff, 0x6, 0xbf, 0xff,
    0x84, 0x1f, 0xfd, 0x27, 0xf9, 0x3, 0xff, 0xfc,
    0x38, 0x3f, 0xfa, 0x5f, 0xc8, 0x3f, 0xff, 0x8a,
    0x1f, 0xfd, 0x2f, 0xe4, 0x1f, 0xff, 0xc5, 0x43,
    0xff, 0xa3, 0xfd, 0xf, 0xff, 0xf1, 0x60, 0xff,
    0xe8, 0xff, 0x45, 0xff, 0xfc, 0x58, 0x3f, 0xfa,
    0x3f, 0xd1, 0x7f, 0xff, 0x18, 0x3f, 0xfa, 0x3f,
    0xd1, 0x7f, 0xff, 0x18, 0x3f, 0xfa, 0x3f, 0xe3,
    0xff, 0xf8, 0xe1, 0xff, 0xd1, 0xbf, 0x8f, 0xff,
    0xe3, 0x87, 0xff, 0x46, 0xfe, 0x3f, 0xff, 0x8e,
    0x1f, 0xfd, 0x1b, 0xf8, 0xff, 0xfe, 0x3a, 0x1f,
    0xfd, 0xb, 0xf8, 0xff, 0xfe, 0x3a, 0x1f, 0xfd,
    0x7, 0xf8, 0xff, 0xfe, 0x3a, 0x1f, 0xfd, 0x7,
    0xf8, 0xff, 0xfe, 0x3a, 0x1f, 0xfd, 0x7, 0xf8,
    0xff, 0xfe, 0x3c, 0x1f, 0xfd, 0x7, 0xf8, 0xff,
    0xfe, 0x3c, 0x1f, 0xfd, 0x7, 0xf9, 0xff, 0xfe,
    0x3c, 0x1f, 0xfd, 0x1f, 0xe7, 0xff, 0xf9, 0x1,
    0xff, 0xd1, 0xfe, 0x7f, 0xff, 0x90, 0x1f, 0xfd,
    0x1f, 0xe7, 0xff, 0xf9, 0x1, 0xff, 0xd1, 0xfe,
    0x7f, 0xff, 0x90, 0x1f, 0xfd, 0x1f, 0xe7, 0xff,
    0xf9, 0x1, 0xff, 0xd1, 0xfe, 0x7f, 0xff, 0x90,
    0x1f, 0xfd, 0x1f, 0xeb, 0xff, 0xf9, 0x1, 0xff,
    0xd1, 0xfe, 0xbf, 0xff, 0x90, 0x1f, 0xfc, 0x25,
    0xd5, 0xc1, 0xef, 0xeb, 0xff, 0xf9, 0x1, 0xe6,
    0x9f, 0xff, 0xc3, 0xe, 0xfe, 0xbf, 0xff, 0x91,
    0x4f, 0xff, 0xe5, 0x41, 0xbf, 0xaf, 0xff, 0xf0,
    0x41, 0xbf, 0xa9, 0xff, 0xfd, 0xf4, 0x37, 0xf5,
    0x3f, 0xff, 0xbd, 0x7, 0x7f, 0x53, 0xff, 0xfa,
    0x14, 0x58, 0x3f, 0xf8, 0x7f, 0xd4, 0xff, 0xfe,
    0x4c, 0xa0, 0xff, 0xe6, 0x7f, 0x4f, 0xff, 0xf1,
    0xd0, 0xff, 0xe8, 0x7f, 0x4f, 0xff, 0xf1, 0xd0,
    0xff, 0xe8, 0x7f, 0x4f, 0xff, 0xf1, 0xd0, 0xff,
    0xe8, 0x7f, 0x4f, 0xff, 0xf1, 0xd0, 0xff, 0xe8,
    0x7f, 0x47, 0xff, 0xf1, 0xd0, 0xff, 0xe8, 0x7f,
    0x47, 0xff, 0xf1, 0xd0, 0xff, 0xe8, 0x7f, 0x47,
    0xff, 0xf1, 0xd0, 0xff, 0xe8, 0x7f, 0x47, 0xff,
    0xf1, 0xd0, 0xff, 0xe8, 0x7f, 0x47, 0xff, 0xf1,
    0xd0, 0xff, 0xe8, 0x7f, 0x45, 0xff, 0xfc, 0x64,
    0x3f, 0xfa, 0x1f, 0xd1, 0x7f, 0xff, 0x19, 0xf,
    0xfe, 0x87, 0xf4, 0x3f, 0xff, 0xc6, 0x43, 0xff,
    0xa1, 0xfd, 0xf, 0xff, 0xf1, 0x83, 0xff, 0xa3,
    0xfd, 0x3, 0xff, 0xf8, 0xc1, 0xff, 0xd1, 0xfe,
    0x81, 0xff, 0xfc, 0x60, 0xff, 0xe8, 0xff, 0x40,
    0xff, 0xfe, 0x30, 0x7f, 0xf4, 0x7f, 0xa0, 0x7f,
    0xff, 0x18, 0x3f, 0xfa, 0x3f, 0xd0, 0x2f, 0xff,
    0xe2, 0x87, 0xff, 0x47, 0xf9, 0x3, 0xff, 0xfc,
    0x50, 0xff, 0xe8, 0xff, 0x20, 0x7f, 0xff, 0x8a,
    0x1f, 0xfd, 0x1f, 0xe4, 0x2f, 0xff, 0xe2, 0x41,
    0xff, 0xd1, 0xfe, 0x42, 0xbf, 0xff, 0x86, 0x87,
    0xff, 0x47, 0xf9, 0x9, 0xff, 0xfe, 0x18, 0x7f,
    0xf4, 0xbf, 0x90, 0xd7, 0xff, 0xf0, 0x43, 0xff,
    0xa4, 0xff, 0x21, 0xdf, 0xff, 0xc0, 0x43, 0xff,
    0xa4, 0xff, 0x7, 0xd7, 0xff, 0x21, 0xff, 0xd3,
    0x7f, 0x83, 0xfa, 0xfe, 0x83, 0xff, 0xad, 0xfc,
    0x1f, 0xfe, 0x67, 0xe0, 0x0,

    /* U+0049 "I" */
    0xf, 0x95, 0x4f, 0xff, 0xe4, 0xc8, 0x7f, 0xd7,
    0xff, 0xf4, 0x50, 0xfd, 0xff, 0xfd, 0x44, 0x3d,
    0xff, 0xfd, 0x60, 0xef, 0xff, 0xec, 0x5, 0x7f,
    0xff, 0x61, 0x7, 0xff, 0xf6, 0x61, 0xff, 0xfe,
    0xd1, 0x7f, 0xff, 0x68, 0xff, 0xfe, 0xd9, 0xff,
    0xfd, 0xb3, 0xff, 0xfb, 0x67, 0xff, 0xf6, 0xcb,
    0xff, 0xfb, 0x28, 0xff, 0xff, 0x64, 0x2f, 0xff,
    0xec, 0x21, 0x5f, 0xff, 0xd6, 0x83, 0xbf, 0xff,
    0xaa, 0x87, 0xdf, 0xff, 0xd2, 0x83, 0xfd, 0x7f,
    0xff, 0x2a, 0xa4, 0x3f, 0xf8, 0x6d, 0x7f, 0xbf,
    0xc1, 0xff, 0xd6, 0xbf, 0x83, 0xff, 0xad, 0x7f,
    0x7, 0xff, 0x59, 0xfe, 0xf, 0xfe, 0xb3, 0xfc,
    0x1f, 0xfd, 0x67, 0xf8, 0x3f, 0xfa, 0xcf, 0xf0,
    0x7f, 0xf5, 0x9f, 0xe4, 0x3f, 0xfa, 0xaf, 0xf2,
    0x1f, 0xfd, 0x6f, 0xe4, 0x3f, 0xfa, 0xdf, 0xc8,
    0x7f, 0xf5, 0xbf, 0x90, 0xff, 0xeb, 0x7f, 0x21,
    0xff, 0xd6, 0xfe, 0x43, 0xff, 0xad, 0xfd, 0x7,
    0xff, 0x5b, 0xfa, 0xf, 0xfe, 0xb7, 0xf4, 0x1f,
    0xfd, 0x6f, 0xe8, 0x3f, 0xfa, 0xdf, 0xd0, 0x7f,
    0xf5, 0xbf, 0xa0, 0xff, 0xeb, 0x7f, 0x41, 0xff,
    0xd6, 0xfe, 0x83, 0xff, 0xad, 0xfd, 0x7, 0xff,
    0x5b, 0xfa, 0xf, 0xfe, 0xb7, 0xf4, 0x1f, 0xfd,
    0x6f, 0xf0, 0x7f, 0xf5, 0xbf, 0xc1, 0xff, 0xd6,
    0xff, 0x7, 0xff, 0x5b, 0xfc, 0x1f, 0xfd, 0x6f,
    0xf0, 0x7f, 0xf5, 0xbf, 0xc1, 0xff, 0xd6, 0xff,
    0x7, 0xff, 0x5b, 0xfc, 0x1f, 0xfd, 0x6f, 0xf0,
    0x7f, 0xf5, 0xbf, 0xc1, 0xff, 0xd6, 0xff, 0x7,
    0xff, 0x5b, 0xfa, 0xf, 0x9a, 0x7c, 0x1f, 0xfc,
    0x9f, 0xf3, 0x4f, 0xff, 0x41, 0xf3, 0x5f, 0xfc,
    0xf, 0xff, 0xe4, 0x7, 0x9f, 0xff, 0xea, 0x41,
    0xef, 0xff, 0xea, 0x87, 0xdf, 0xff, 0xd2, 0x90,
    0xfc, 0xff, 0xff, 0x2a, 0x8a, 0xf, 0xfe, 0x13,
    0xff, 0xea, 0x97, 0x7, 0xff, 0x14,

    /* U+004A "J" */
    0xf, 0x95, 0x4f, 0xff, 0xe4, 0xc8, 0x7f, 0xcf,
    0xff, 0xf4, 0x50, 0xfd, 0xff, 0xfd, 0x44, 0x3d,
    0xff, 0xfd, 0x60, 0xef, 0xff, 0xec, 0x5, 0x7f,
    0xff, 0x61, 0x7, 0xff, 0xf6, 0x61, 0xff, 0xfe,
    0xd1, 0x7f, 0xff, 0x68, 0xff, 0xfe, 0xd9, 0xff,
    0xfd, 0xb3, 0xff, 0xfb, 0x67, 0xff, 0xf6, 0xcb,
    0xff, 0xfb, 0x28, 0xff, 0xff, 0x64, 0x2f, 0xff,
    0xec, 0x21, 0x5f, 0xff, 0xd6, 0x83, 0xbf, 0xff,
    0xaa, 0x87, 0xdf, 0xff, 0xd2, 0x83, 0xfd, 0x7f,
    0xff, 0x2a, 0x8a, 0xf, 0xfe, 0x1b, 0x5f, 0xcb,
    0x5f, 0xc8, 0x7f, 0xf5, 0xbf, 0xa0, 0xff, 0xeb,
    0x7f, 0x41, 0xff, 0xd6, 0xff, 0x7, 0xff, 0x5b,
    0xfc, 0x1f, 0xfd, 0x6b, 0xf8, 0x3f, 0xfa, 0xd7,
    0xf0, 0x7f, 0xf5, 0x9f, 0xe4, 0x3f, 0xfa, 0xaf,
    0xf2, 0x1f, 0xfd, 0x6f, 0xe8, 0x3f, 0xfa, 0xdf,
    0xd0, 0x7f, 0xf5, 0xbf, 0xc1, 0xff, 0xd6, 0xff,
    0x7, 0xff, 0x5b, 0xfc, 0x1f, 0xfd, 0x6b, 0xf8,
    0x3f, 0xfa, 0xd7, 0xf0, 0x7f, 0xf5, 0xaf, 0xe4,
    0x3f, 0xfa, 0xaf, 0xf2, 0x1f, 0xfd, 0x57, 0xf9,
    0xf, 0xfe, 0xab, 0xfc, 0x87, 0xff, 0x5b, 0xfa,
    0xf, 0xfe, 0xb7, 0xf4, 0x1f, 0xfd, 0x6f, 0xe8,
    0x3f, 0xfa, 0xdf, 0xd0, 0x7f, 0xf5, 0xbf, 0xa0,
    0xff, 0xeb, 0x7f, 0x41, 0xff, 0xd6, 0xff, 0x7,
    0xff, 0x5b, 0xfc, 0x1f, 0xfd, 0x6f, 0xf0, 0x7f,
    0xf5, 0xaf, 0xe0, 0xff, 0xeb, 0x5f, 0xc1, 0xff,
    0xd6, 0xbf, 0x83, 0xff, 0xad, 0xfe, 0xf, 0xfe,
    0xb7, 0xf8, 0x3f, 0xf8, 0x37, 0xa0, 0xff, 0xe2,
    0xff, 0x41, 0xff, 0xc0, 0xbf, 0xa0, 0xff, 0xe1,
    0x5f, 0xd0, 0x7f, 0xf0, 0x3f, 0xf4, 0x87, 0xf9,
    0xff, 0x21, 0xff, 0xc0, 0xbf, 0xfd, 0x21, 0xeb,
    0xfe, 0xf, 0xfe, 0x17, 0xff, 0xf3, 0x83, 0xff,
    0x84, 0xff, 0xff, 0x31, 0xf, 0xfe, 0x25, 0xff,
    0xfc, 0x98, 0x3f, 0xf8, 0xf7, 0xff, 0xf1, 0x90,
    0xff, 0xe5, 0x37, 0xff, 0xf0, 0x60, 0xff, 0xe7,
    0xb4, 0xff, 0x48, 0x7f, 0xf1, 0xc0,

    /* U+004B "K" */
    0xf, 0x37, 0xe8, 0x3f, 0xfb, 0x48, 0x7c, 0xff,
    0xf4, 0x1f, 0xfd, 0x6b, 0xe8, 0x35, 0xff, 0xfc,
    0x0, 0xff, 0xea, 0x5f, 0xc8, 0x2f, 0xff, 0xe1,
    0x7, 0xff, 0x4a, 0xff, 0x23, 0xff, 0xfc, 0x34,
    0x3f, 0xfa, 0x17, 0xfc, 0xf, 0xff, 0xe2, 0x87,
    0xff, 0x3d, 0xff, 0x90, 0x7f, 0xff, 0x15, 0xf,
    0xfe, 0x6b, 0xff, 0x40, 0x7f, 0xff, 0x8b, 0x7,
    0xff, 0x31, 0xff, 0xa0, 0xaf, 0xff, 0xe2, 0xc1,
    0xff, 0xcc, 0xff, 0xa0, 0xd7, 0xff, 0xf1, 0x83,
    0xff, 0x97, 0xff, 0x83, 0xaf, 0xff, 0xe3, 0x7,
    0xff, 0x2b, 0xff, 0x7, 0xbf, 0xff, 0x8e, 0x1f,
    0xfc, 0x9b, 0xfe, 0xf, 0xbf, 0xff, 0x8e, 0x1f,
    0xfc, 0x8b, 0xfe, 0xf, 0xdf, 0xff, 0xc7, 0xf,
    0xfe, 0x3b, 0xff, 0x21, 0xfb, 0xff, 0xf8, 0xe8,
    0x7f, 0xf1, 0xbf, 0xe4, 0x3f, 0xbf, 0xff, 0x8e,
    0x87, 0xff, 0x17, 0xfe, 0x83, 0xfd, 0xff, 0xfc,
    0x74, 0x3f, 0xf8, 0x97, 0xfc, 0x1f, 0xf7, 0xff,
    0xf1, 0xd0, 0xff, 0xe1, 0xbf, 0xf0, 0x7f, 0xf0,
    0x3f, 0xff, 0x8f, 0x7, 0xff, 0xf, 0xfe, 0xf,
    0xfe, 0xf, 0xff, 0xf1, 0xe0, 0xff, 0xe1, 0x7f,
    0xc8, 0x7f, 0xf0, 0x7f, 0xff, 0x8f, 0x7, 0xff,
    0x6, 0xff, 0x41, 0xff, 0xc2, 0xff, 0xfe, 0x40,
    0x7f, 0xf0, 0x1f, 0xf8, 0x3f, 0xf8, 0x7f, 0xff,
    0xc8, 0xf, 0xfe, 0x7, 0xfc, 0x1f, 0xfc, 0x4f,
    0xff, 0xe4, 0x7, 0xfd, 0x7f, 0x90, 0xff, 0xe2,
    0x7f, 0xff, 0x20, 0x3f, 0xcf, 0xfa, 0xf, 0xfe,
    0x2f, 0xff, 0xf2, 0x3, 0xfd, 0xff, 0x7, 0xff,
    0x1b, 0xff, 0xf9, 0x1, 0xfd, 0x7f, 0x90, 0xff,
    0xe3, 0x7f, 0xff, 0x20, 0x3f, 0x3f, 0xe8, 0x3f,
    0xf8, 0xff, 0xff, 0xc8, 0xf, 0xdf, 0xf0, 0x7f,
    0xf2, 0x3f, 0xff, 0x90, 0x1f, 0x3f, 0xe4, 0x3f,
    0xf9, 0x1f, 0xff, 0xc8, 0xf, 0xbf, 0xd0, 0x7f,
    0xf2, 0x7f, 0xff, 0x90, 0x87, 0x5f, 0xe0, 0xff,
    0xe5, 0x5f, 0xff, 0xc7, 0x43, 0xbf, 0xc8, 0x7f,
    0xf2, 0xaf, 0xff, 0xe3, 0xa1, 0x9f, 0xf0, 0x7f,
    0xf2, 0xef, 0xff, 0xe3, 0xa1, 0xaf, 0xe8, 0x3f,
    0xf9, 0x77, 0xff, 0xf1, 0xd0, 0xdf, 0xe4, 0x3f,
    0xf9, 0x77, 0xff, 0xf1, 0xd0, 0xdf, 0xe4, 0x3f,
    0xf9, 0x6f, 0xff, 0xf1, 0xd0, 0xdf, 0xe4, 0x3f,
    0xf9, 0x6f, 0xff, 0xf1, 0xd0, 0xdf, 0xe8, 0x3f,
    0xf9, 0x6f, 0xff, 0xf1, 0xd0, 0xd7, 0xf8, 0x3f,
    0xf9, 0x9f, 0xff, 0xc7, 0x43, 0x3f, 0xe4, 0x3f,
    0xf9, 0x7f, 0xff, 0xc7, 0x43, 0xbf, 0xe0, 0xff,
    0xe5, 0xff, 0xff, 0x1d, 0xe, 0x7f, 0xe0, 0xff,
    0xe5, 0x7f, 0xff, 0x1d, 0xf, 0x5f, 0xe8, 0x3f,
    0xf9, 0x3f, 0xff, 0xc7, 0x43, 0xef, 0xfa, 0xf,
    0xfe, 0x45, 0xff, 0xfc, 0x64, 0x3f, 0x7f, 0xd0,
    0x7f, 0xf1, 0xef, 0xff, 0xe3, 0x21, 0xf9, 0xff,
    0xa0, 0xff, 0xe3, 0x5f, 0xff, 0xc6, 0x43, 0xf9,
    0xff, 0xa0, 0xff, 0xe2, 0xbf, 0xff, 0xc6, 0x43,
    0xfd, 0x7f, 0xd0, 0x7f, 0xf1, 0x1f, 0xff, 0xe3,
    0x21, 0xff, 0x5f, 0xf4, 0x1f, 0xfc, 0x4f, 0xff,
    0xe3, 0x7, 0xff, 0x6, 0xff, 0xc1, 0xff, 0xc3,
    0xff, 0xfe, 0x30, 0x7f, 0xf0, 0xbf, 0xf8, 0x3f,
    0xf8, 0x5f, 0xff, 0xc6, 0xf, 0xfe, 0x1d, 0xff,
    0x90, 0xff, 0xe0, 0x5f, 0xff, 0xc5, 0xf, 0xfe,
    0x25, 0xff, 0xa0, 0xff, 0xaf, 0xff, 0xe2, 0x87,
    0xff, 0x16, 0xff, 0xe0, 0xff, 0x3f, 0xff, 0xc5,
    0xf, 0xfe, 0x33, 0xff, 0xc8, 0x7e, 0x7f, 0xff,
    0x8a, 0x1f, 0xfc, 0x77, 0xff, 0xa0, 0xfd, 0xff,
    0xfc, 0x48, 0x3f, 0xf9, 0x3f, 0xfe, 0x43, 0xd7,
    0xff, 0xf0, 0xc3, 0xff, 0x97, 0x7f, 0xf4, 0x1e,
    0xff, 0xfe, 0x18, 0x7f, 0xf3, 0x1f, 0xff, 0x7,
    0x5f, 0xff, 0xc1, 0xf, 0xfe, 0x7d, 0xff, 0x90,
    0xeb, 0xff, 0xe4, 0x3f, 0xfa, 0xf, 0xfc, 0x87,
    0x9f, 0xfe, 0xf, 0xfe, 0xa5, 0xfc, 0x1f, 0xd7,
    0xe9, 0xf, 0xfe, 0xbd, 0x10, 0x0,

    /* U+004C "L" */
    0xf, 0xcd, 0xfa, 0x43, 0xff, 0xad, 0x7f, 0xf8,
    0x3f, 0xfa, 0x9f, 0xff, 0xc1, 0x43, 0xff, 0xa3,
    0xff, 0xfc, 0x34, 0x3f, 0xf9, 0xff, 0xff, 0xc5,
    0xf, 0xfe, 0x73, 0xff, 0xfc, 0x50, 0xff, 0xe7,
    0x7f, 0xff, 0x19, 0xf, 0xfe, 0x6f, 0xff, 0xf1,
    0xa0, 0xff, 0xe6, 0x3f, 0xff, 0xc6, 0x83, 0xff,
    0x99, 0x7f, 0xff, 0x1a, 0xf, 0xfe, 0x65, 0xff,
    0xfc, 0x68, 0x3f, 0xf9, 0x97, 0xff, 0xf1, 0x90,
    0xff, 0xe6, 0x7f, 0xff, 0x1c, 0x3f, 0xf9, 0xbf,
    0xff, 0xc7, 0xf, 0xfe, 0x6f, 0xff, 0xf1, 0xc3,
    0xff, 0x9b, 0xff, 0xfc, 0x68, 0x3f, 0xf9, 0xbf,
    0xff, 0xc6, 0x83, 0xff, 0x98, 0xff, 0xff, 0x19,
    0xf, 0xfe, 0x63, 0xff, 0xfc, 0x60, 0xff, 0xe6,
    0xbf, 0xff, 0xc6, 0xf, 0xfe, 0x6d, 0xff, 0xfc,
    0x60, 0xff, 0xe6, 0xdf, 0xff, 0xc5, 0x83, 0xff,
    0x9b, 0x7f, 0xff, 0x16, 0xf, 0xfe, 0x6d, 0xff,
    0xfc, 0x54, 0x3f, 0xf9, 0xb7, 0xff, 0xf1, 0x50,
    0xff, 0xe6, 0xff, 0xff, 0x18, 0x3f, 0xf9, 0xdf,
    0xff, 0xc6, 0xf, 0xfe, 0x77, 0xff, 0xf1, 0x83,
    0xff, 0x9d, 0xff, 0xfc, 0x60, 0xff, 0xe7, 0x7f,
    0xff, 0x16, 0xf, 0xfe, 0x77, 0xff, 0xf1, 0x60,
    0xff, 0xe7, 0x7f, 0xff, 0x15, 0xf, 0xfe, 0x77,
    0xff, 0xf1, 0x50, 0xff, 0xe7, 0x7f, 0xff, 0x14,
    0x3f, 0xf9, 0xff, 0xff, 0xc5, 0xf, 0xfe, 0x7f,
    0xff, 0xf1, 0x43, 0xff, 0x9f, 0xff, 0xfc, 0x50,
    0xff, 0xe7, 0xff, 0xff, 0x14, 0x3f, 0xf9, 0xff,
    0xff, 0xc4, 0x83, 0xff, 0x9f, 0xff, 0xfc, 0x48,
    0x3f, 0xf9, 0xff, 0xff, 0xc4, 0x83, 0xff, 0x9f,
    0xff, 0xfc, 0x48, 0x3f, 0xf9, 0xff, 0xff, 0xc4,
    0x43, 0xff, 0x9f, 0x7f, 0xff, 0xd, 0xf, 0xfe,
    0x7d, 0xff, 0xfc, 0x34, 0x3f, 0xf9, 0xf7, 0xff,
    0xf0, 0xd0, 0xff, 0xe7, 0xdf, 0xff, 0xc3, 0x43,
    0xff, 0x9e, 0xff, 0xff, 0xd, 0xf, 0xfe, 0x7b,
    0xff, 0xfc, 0x30, 0xff, 0xe8, 0xff, 0xff, 0xc,
    0x3f, 0xfa, 0x3f, 0xff, 0xc3, 0x43, 0xff, 0xa1,
    0xff, 0xfc, 0x34, 0x3f, 0xfa, 0x17, 0xff, 0xf0,
    0xa0, 0xff, 0xe8, 0x3f, 0xff, 0xc3, 0xf, 0xfe,
    0x55, 0xe4, 0x2f, 0xff, 0xe1, 0xa1, 0xff, 0xc7,
    0x7f, 0x82, 0xbf, 0xff, 0x86, 0x1f, 0xfc, 0x57,
    0xfe, 0x40, 0xff, 0xff, 0xe, 0xf, 0xfe, 0x13,
    0xff, 0xc8, 0x57, 0xff, 0xf1, 0x10, 0xfe, 0x6f,
    0xff, 0x41, 0xdf, 0xff, 0xc7, 0xad, 0xff, 0xfc,
    0x28, 0x3e, 0xff, 0xfe, 0xb4, 0x1f, 0xeb, 0xff,
    0xfa, 0x50, 0x7f, 0xf0, 0x5f, 0xff, 0xe7, 0x48,
    0x7f, 0xf1, 0x5b, 0xff, 0xf8, 0xf2, 0x1f, 0xfc,
    0xd6, 0xff, 0xea, 0x28, 0x3f, 0xf8, 0x80,

    /* U+004D "M" */
    0xf, 0xff, 0x45, 0xfa, 0x43, 0xff, 0xa2, 0xdf,
    0xa0, 0xff, 0xe8, 0x5f, 0xfc, 0x87, 0xff, 0x35,
    0xff, 0xf0, 0x7f, 0xf3, 0x1f, 0xff, 0xe0, 0x41,
    0xff, 0xcb, 0xbf, 0xff, 0x80, 0x87, 0xff, 0x25,
    0xff, 0xfe, 0x14, 0x1f, 0xfc, 0x9f, 0xff, 0xe1,
    0xa1, 0xff, 0xc8, 0xff, 0xfe, 0x22, 0x1f, 0xfc,
    0x7b, 0xff, 0xf8, 0x81, 0xff, 0xc7, 0xbf, 0xff,
    0x8a, 0x1f, 0xfc, 0x67, 0xff, 0xf8, 0xb0, 0x7f,
    0xf1, 0xbf, 0xff, 0x8d, 0x7, 0xff, 0x17, 0xff,
    0xf8, 0xe1, 0xff, 0xc5, 0x7f, 0xff, 0x8e, 0x1f,
    0xfc, 0x47, 0xff, 0xf8, 0xf0, 0x7f, 0xf1, 0x2f,
    0xff, 0xe3, 0xa1, 0xff, 0xc3, 0xbf, 0xff, 0x90,
    0x1f, 0xfc, 0x4f, 0xff, 0xe4, 0x41, 0xff, 0xc3,
    0xff, 0xfe, 0x4a, 0x1f, 0xfc, 0x27, 0xff, 0xf9,
    0x21, 0xff, 0xc2, 0x7f, 0xff, 0x94, 0x1f, 0xfc,
    0x2b, 0xff, 0xf9, 0x21, 0xff, 0xc2, 0xbf, 0xff,
    0x94, 0x1f, 0xfc, 0x2f, 0xff, 0xe5, 0x21, 0xff,
    0xc1, 0xff, 0xfe, 0x5c, 0x1f, 0xfc, 0x1f, 0xff,
    0xe5, 0x41, 0xff, 0xc1, 0xff, 0xfe, 0x60, 0x7f,
    0xf0, 0x1f, 0xff, 0xe5, 0x87, 0xff, 0x1, 0xff,
    0xfe, 0x62, 0x1f, 0xf5, 0xff, 0xfc, 0xb0, 0xff,
    0xe0, 0x5f, 0xff, 0xcd, 0xf, 0xfb, 0xff, 0xf8,
    0x80, 0xff, 0x7, 0xff, 0x3, 0xff, 0xf8, 0xc9,
    0xfe, 0xf, 0xfb, 0xff, 0xf8, 0x70, 0x2f, 0xe4,
    0x3f, 0xef, 0xff, 0xe3, 0x2, 0xfe, 0x83, 0xf9,
    0xff, 0xfe, 0x1a, 0x7, 0xfa, 0xf, 0xf3, 0xff,
    0xfc, 0x60, 0xbf, 0xc1, 0xfd, 0x7f, 0xff, 0xc,
    0x37, 0xf4, 0x1f, 0xeb, 0xff, 0xf8, 0xb0, 0x5f,
    0xe0, 0xfe, 0xbf, 0xff, 0x86, 0x1b, 0xfc, 0x1f,
    0xef, 0xff, 0xe3, 0x21, 0x5f, 0xd0, 0x7e, 0xff,
    0xfe, 0x1c, 0x1a, 0xfe, 0xf, 0xf7, 0xff, 0xf1,
    0x83, 0xbf, 0xc1, 0xfb, 0xff, 0xf8, 0x68, 0x6b,
    0xf9, 0xf, 0xcf, 0xff, 0xf1, 0x83, 0xbf, 0xc1,
    0xf3, 0xff, 0xfc, 0x30, 0xe7, 0xf9, 0xf, 0xd7,
    0xff, 0xf1, 0x83, 0xaf, 0xe8, 0x3d, 0x7f, 0xff,
    0xc, 0x3d, 0xfd, 0x7, 0xef, 0xff, 0xe3, 0x41,
    0xef, 0xf0, 0x7a, 0xff, 0xfe, 0x14, 0x1e, 0xff,
    0x7, 0xef, 0xff, 0xe3, 0x21, 0xef, 0xf0, 0x7b,
    0xff, 0xf8, 0x68, 0x7b, 0xfc, 0x1f, 0xbf, 0xff,
    0x8c, 0x87, 0xaf, 0xe4, 0x3b, 0xff, 0xf8, 0x61,
    0xf5, 0xfc, 0x1f, 0x3f, 0xff, 0xc6, 0xf, 0x9f,
    0xe8, 0x3b, 0xff, 0xf8, 0x61, 0xf3, 0xfc, 0x1f,
    0x5f, 0xff, 0xc6, 0xf, 0xdf, 0xe0, 0xcf, 0xff,
    0xf0, 0xa0, 0xf9, 0xfe, 0x43, 0xdf, 0xff, 0xc7,
    0xf, 0xd7, 0xf0, 0x6b, 0xff, 0xf8, 0x48, 0x7e,
    0xfe, 0x83, 0xdf, 0xff, 0xc6, 0x83, 0xf3, 0xfc,
    0x85, 0x7f, 0xff, 0x8, 0x3f, 0xbf, 0xa0, 0xf7,
    0xff, 0xf1, 0x90, 0xfe, 0xfe, 0x82, 0xff, 0xfe,
    0x18, 0x7f, 0x7f, 0x83, 0x9f, 0xff, 0xe3, 0x21,
    0xfd, 0xfe, 0xb, 0xff, 0xf8, 0x61, 0xfd, 0xfe,
    0xe, 0x7f, 0xff, 0x8c, 0x1f, 0xeb, 0xfa, 0x2f,
    0xff, 0xe1, 0x41, 0xfd, 0x7f, 0x7, 0x5f, 0xff,
    0xc6, 0xf, 0xf3, 0xff, 0xfc, 0xa4, 0x3f, 0x9f,
    0xe4, 0x35, 0xff, 0xfc, 0x60, 0xff, 0xbf, 0xff,
    0x94, 0x1f, 0xe7, 0xf9, 0xd, 0xff, 0xfc, 0x70,
    0xff, 0xbf, 0xff, 0x94, 0x1f, 0xf7, 0xf4, 0x1b,
    0xff, 0xf8, 0xd0, 0x7f, 0xd7, 0xff, 0xf2, 0x20,
    0xff, 0xbf, 0xa0, 0xdf, 0xff, 0xc6, 0x83, 0xfe,
    0x7f, 0xff, 0x90, 0x87, 0xfd, 0xfd, 0x4, 0xff,
    0xff, 0x19, 0xf, 0xfe, 0x7, 0xff, 0xf2, 0x3,
    0xff, 0x81, 0xfe, 0x9, 0xff, 0xfe, 0x32, 0x1f,
    0xfc, 0xf, 0xff, 0xe4, 0x7, 0xff, 0x3, 0xfc,
    0x13, 0xff, 0xfc, 0x60, 0xff, 0xe0, 0xff, 0xff,
    0x20, 0x3f, 0xf8, 0x17, 0xf0, 0x57, 0xff, 0xf1,
    0x83, 0xff, 0x82, 0xff, 0xff, 0x19, 0xf, 0xfe,
    0x5, 0xfc, 0x15, 0xff, 0xfc, 0x60, 0xff, 0xe1,
    0x7f, 0xff, 0x18, 0x3f, 0xf8, 0x2f, 0xf2, 0xb,
    0xff, 0xf8, 0xc1, 0xff, 0xc2, 0xff, 0xfe, 0x2c,
    0x1f, 0xfc, 0x17, 0xf9, 0x7, 0xff, 0xf1, 0xa0,
    0xff, 0xe1, 0x3f, 0xff, 0xc4, 0xf, 0xfe, 0x1f,
    0xf2, 0xf, 0xff, 0xe3, 0x41, 0xff, 0xc3, 0xff,
    0xfe, 0x1c, 0x1f, 0xfc, 0x3f, 0xe8, 0x1f, 0xff,
    0xc6, 0x43, 0xff, 0x89, 0xff, 0xfc, 0x20, 0xff,
    0xe2, 0x7f, 0x40, 0xff, 0xfe, 0x32, 0x1f, 0xfc,
    0x5f, 0xff, 0xe0, 0x7, 0xff, 0x17, 0xfc, 0xf,
    0xff, 0xe3, 0x21, 0xff, 0xc6, 0xff, 0xe8, 0x3f,
    0xf8, 0xdf, 0xe0, 0x7f, 0xff, 0x18, 0x3f, 0xf9,
    0xf, 0xf4, 0x87, 0xff, 0x1f, 0xfc, 0xf, 0xff,
    0xe3, 0x7, 0xff, 0x8e, 0xfe, 0x7, 0xff, 0xf1,
    0x83, 0xff, 0xc7, 0x7f, 0x3, 0xff, 0xf8, 0xc1,
    0xff, 0xe3, 0xbf, 0x81, 0xff, 0xfc, 0x60, 0xff,
    0xf1, 0xbf, 0xc0, 0xff, 0xfe, 0x30, 0x7f, 0xf8,
    0xdf, 0xe4, 0xbf, 0xff, 0x89, 0x7, 0xff, 0x8d,
    0xfe, 0x47, 0xff, 0xf8, 0x88, 0x7f, 0xf9, 0x3f,
    0x90, 0x7f, 0xff, 0x10, 0x3f, 0xfc, 0xbf, 0xc8,
    0x1f, 0xff, 0xe1, 0x21, 0xff, 0xe5, 0xfe, 0x82,
    0x7f, 0xff, 0x80, 0x87, 0xff, 0x9b, 0xfa, 0xc,
    0xff, 0xf9, 0xf, 0xff, 0x3d, 0xf9, 0xf, 0x37,
    0xe9, 0xf, 0xff, 0x55, 0xe4,

    /* U+004E "N" */
    0xf, 0xf3, 0x7e, 0x90, 0xff, 0xe9, 0x3e, 0x83,
    0xfe, 0xbf, 0xfc, 0x87, 0xff, 0x43, 0xf4, 0x1f,
    0xdf, 0xff, 0xc1, 0x83, 0xff, 0x9c, 0xff, 0x7,
    0xef, 0xff, 0xe2, 0x7, 0xff, 0x35, 0xfe, 0xf,
    0xbf, 0xff, 0x8b, 0x7, 0xff, 0x37, 0xf8, 0x3d,
    0x7f, 0xff, 0x1a, 0xf, 0xfe, 0x67, 0xf0, 0x7b,
    0xff, 0xf9, 0x1, 0xff, 0xcc, 0xfe, 0xe, 0x7f,
    0xff, 0x91, 0x7, 0xff, 0x2f, 0xf9, 0xd, 0xff,
    0xfc, 0xa4, 0x3f, 0xf9, 0x5f, 0xc8, 0x6f, 0xff,
    0xe5, 0x87, 0xff, 0x2b, 0xf9, 0x9, 0xff, 0xfe,
    0x5a, 0x1f, 0xfc, 0x9b, 0xf4, 0x13, 0xff, 0xfc,
    0xc0, 0xff, 0xe4, 0xdf, 0xa0, 0xaf, 0xff, 0xe6,
    0x21, 0xff, 0xc8, 0xbf, 0x41, 0x7f, 0xff, 0x38,
    0x3f, 0xf9, 0xf, 0xf0, 0x5f, 0xff, 0xce, 0x43,
    0xff, 0x8e, 0xff, 0x1, 0xff, 0xfe, 0x3d, 0xff,
    0x7, 0xff, 0x1d, 0xfe, 0x3, 0xff, 0xfc, 0x68,
    0xbf, 0xd0, 0x7f, 0xf1, 0x9f, 0xe0, 0x5f, 0xff,
    0xc6, 0xb, 0xfe, 0xf, 0xfe, 0x3f, 0xf0, 0x2f,
    0xff, 0xe3, 0x4, 0xff, 0xa0, 0xff, 0xe3, 0x7f,
    0x3, 0xff, 0xf8, 0xe1, 0xbf, 0xe0, 0xff, 0xe3,
    0x7f, 0x3, 0xff, 0xf8, 0xe1, 0x9f, 0xf4, 0x1f,
    0xfc, 0x5f, 0xe0, 0x7f, 0xff, 0x1a, 0xe, 0xff,
    0x83, 0xff, 0x8b, 0xfc, 0x9f, 0xff, 0xc6, 0x83,
    0x9f, 0xf4, 0x1f, 0xfc, 0x4f, 0xe5, 0x7f, 0xff,
    0x19, 0xf, 0x7f, 0xc1, 0xff, 0xc4, 0xfe, 0x57,
    0xff, 0xf1, 0x90, 0xf3, 0xfe, 0x83, 0xff, 0x87,
    0xfc, 0xaf, 0xff, 0xe3, 0x21, 0xf7, 0xfc, 0x1f,
    0xfc, 0x3b, 0xf3, 0x7f, 0xff, 0x18, 0x3f, 0x3f,
    0xe8, 0x3f, 0xf8, 0x57, 0xea, 0x7f, 0xff, 0x18,
    0x3f, 0xbf, 0xe0, 0xff, 0xe1, 0x5f, 0xa9, 0xff,
    0xfc, 0x60, 0xfe, 0x7f, 0xd0, 0x7f, 0xf0, 0x6f,
    0xd4, 0xff, 0xfe, 0x30, 0x7f, 0xbf, 0xe0, 0xff,
    0xe0, 0xdf, 0xaf, 0xff, 0xe3, 0x87, 0xf9, 0xff,
    0x41, 0xff, 0xc0, 0xbf, 0x5f, 0xff, 0xc7, 0xf,
    0xfb, 0xfe, 0xf, 0xfe, 0x3, 0xfa, 0xff, 0xfe,
    0x38, 0x7f, 0xcf, 0xfa, 0xf, 0xf9, 0xfd, 0x7f,
    0xff, 0x1c, 0x3f, 0xf8, 0x1f, 0xf0, 0x7f, 0xcf,
    0xff, 0xf3, 0x3, 0xff, 0x80, 0xff, 0xa0, 0xff,
    0x3f, 0xff, 0xcc, 0xf, 0xfe, 0xf, 0xfc, 0x1f,
    0xe7, 0xff, 0xf9, 0x81, 0xff, 0xc1, 0x7f, 0xd0,
    0x7f, 0x3f, 0xff, 0xcc, 0xf, 0xfe, 0x17, 0xfc,
    0x1f, 0xcf, 0xff, 0xf3, 0x3, 0xff, 0x84, 0xff,
    0x90, 0xfc, 0xff, 0xff, 0x30, 0x3f, 0xf8, 0x7f,
    0xf0, 0x7e, 0x7f, 0xff, 0x98, 0x1f, 0xfc, 0x3b,
    0xfc, 0x87, 0xcf, 0xff, 0xf3, 0x3, 0xff, 0x89,
    0xff, 0x7, 0xcf, 0xff, 0xf3, 0x3, 0xff, 0x89,
    0x7f, 0x83, 0xe7, 0xff, 0xf9, 0x81, 0xff, 0xc5,
    0xff, 0x41, 0xe7, 0xff, 0xf9, 0x81, 0xff, 0xc5,
    0xbf, 0xc1, 0xe7, 0xff, 0xf9, 0x81, 0xff, 0xc6,
    0xff, 0x41, 0xcf, 0xf5, 0xff, 0xfc, 0x60, 0xff,
    0xe3, 0x5f, 0xe0, 0xe7, 0xfa, 0xff, 0xfe, 0x30,
    0x7f, 0xf1, 0xff, 0xc8, 0x67, 0xfa, 0xff, 0xfe,
    0x32, 0x1f, 0xfc, 0x6f, 0xf8, 0x33, 0xfd, 0x7f,
    0xff, 0x19, 0xf, 0xfe, 0x33, 0xfe, 0x42, 0x7f,
    0x9f, 0xff, 0xe3, 0x21, 0xff, 0xc7, 0xff, 0x41,
    0x3f, 0xa7, 0xff, 0xf8, 0xc8, 0x7f, 0xf1, 0xdf,
    0xf0, 0x4f, 0xe8, 0xff, 0xfe, 0x34, 0x1f, 0xfc,
    0x8f, 0xf2, 0x7, 0xf4, 0x7f, 0xff, 0x1a, 0xf,
    0xfe, 0x45, 0xfe, 0x5, 0xfa, 0x3f, 0xff, 0x8d,
    0x7, 0xff, 0x27, 0xfc, 0x97, 0xe8, 0xff, 0xfe,
    0x32, 0x1f, 0xfc, 0x9b, 0xfa, 0x2f, 0xd1, 0x7f,
    0xff, 0x15, 0xf, 0xfe, 0x57, 0xf9, 0xfe, 0x81,
    0xff, 0xfc, 0x50, 0xff, 0xe5, 0xff, 0xff, 0x1,
    0x7, 0xff, 0xf1, 0x20, 0xff, 0xe5, 0xbf, 0xff,
    0x20, 0x7f, 0xff, 0x86, 0x1f, 0xfc, 0xdf, 0xff,
    0x90, 0xaf, 0xff, 0xe0, 0xa1, 0xff, 0xcd, 0x7f,
    0xfc, 0x1d, 0x7f, 0xfd, 0x7, 0xff, 0x3f, 0xff,
    0x90, 0xf3, 0xff, 0xc8, 0x7f, 0xf4, 0x6f, 0xf4,
    0x1f, 0xcd, 0xf9, 0xf, 0xfe, 0xa3, 0x7c, 0x84,

    /* U+004F "O" */
    0xf, 0xfe, 0x63, 0x7f, 0x48, 0x7f, 0xf8, 0xdf,
    0xff, 0xe0, 0x41, 0xff, 0xdf, 0xbf, 0xff, 0x88,
    0x1f, 0xfd, 0xcb, 0xff, 0xf8, 0xe1, 0xff, 0xd9,
    0x7f, 0xff, 0x94, 0x1f, 0xfd, 0x7b, 0xff, 0xf9,
    0x72, 0x1f, 0xfd, 0x4f, 0xff, 0xe8, 0x48, 0x7f,
    0xf4, 0x3f, 0xff, 0xa8, 0x87, 0xff, 0x37, 0xff,
    0xfa, 0xe8, 0x7f, 0xf2, 0xbf, 0xff, 0xb4, 0x1f,
    0xfc, 0x8f, 0xff, 0xee, 0x21, 0xff, 0xc5, 0xbf,
    0xff, 0xa5, 0x4f, 0xfe, 0x43, 0xff, 0x86, 0xff,
    0xff, 0x4d, 0x3, 0xff, 0x90, 0xff, 0xe1, 0x7f,
    0xff, 0x50, 0x3a, 0xff, 0x90, 0xff, 0xe0, 0x5f,
    0xff, 0xd3, 0xf, 0x9f, 0xf8, 0x3f, 0xe7, 0xff,
    0xfa, 0x68, 0x7f, 0x7f, 0xc1, 0xfe, 0xff, 0xfe,
    0x98, 0x7f, 0xf0, 0x3f, 0xd0, 0x7e, 0x7f, 0xff,
    0xa1, 0x21, 0xff, 0xc2, 0xff, 0x7, 0xef, 0xff,
    0xe7, 0x21, 0xff, 0xc6, 0x7f, 0xc1, 0xe7, 0xff,
    0xf9, 0x88, 0x7f, 0xf2, 0x6f, 0xe4, 0x3a, 0xff,
    0xfe, 0x54, 0x1f, 0xfc, 0xcf, 0xe8, 0x3b, 0xff,
    0xf9, 0x50, 0x7f, 0xf3, 0x6f, 0xe0, 0xcf, 0xff,
    0xf2, 0x60, 0xff, 0xe7, 0xff, 0x21, 0x7f, 0xff,
    0x26, 0xf, 0xfe, 0x87, 0xf4, 0x17, 0xff, 0xf2,
    0x43, 0xff, 0xa3, 0x7f, 0x1, 0xff, 0xfe, 0x40,
    0x7f, 0xf4, 0xff, 0x81, 0xff, 0xfc, 0x84, 0x3f,
    0xfa, 0x7f, 0xc9, 0xff, 0xfc, 0x80, 0xff, 0xea,
    0x7f, 0x47, 0xff, 0xf1, 0xd0, 0xff, 0xea, 0x5f,
    0xa7, 0xff, 0xf8, 0xd0, 0x7f, 0xf5, 0x6f, 0xeb,
    0xff, 0xf8, 0xc8, 0x7f, 0xf5, 0x6f, 0xeb, 0xff,
    0xf8, 0xc1, 0xff, 0xd6, 0xbf, 0xff, 0x96, 0x87,
    0xff, 0x5a, 0xff, 0xfe, 0x58, 0x7f, 0xf5, 0xef,
    0xff, 0xe5, 0x87, 0xff, 0x5e, 0xff, 0xfe, 0x54,
    0x1f, 0xfd, 0x7f, 0xff, 0xe5, 0xa1, 0xff, 0xd7,
    0xfe, 0xbf, 0xff, 0x8a, 0x1f, 0xfd, 0x8f, 0xeb,
    0xff, 0xf8, 0xa1, 0xff, 0xd7, 0x7f, 0x9f, 0xff,
    0xe2, 0x87, 0xff, 0x5e, 0xfe, 0x2f, 0xff, 0xe2,
    0x7, 0xff, 0x5f, 0xfc, 0x5f, 0xff, 0xc4, 0xf,
    0xfe, 0xbf, 0xf8, 0x7f, 0xff, 0x88, 0x1f, 0xfd,
    0x6b, 0xfa, 0x7, 0xff, 0xf1, 0x3, 0xff, 0xad,
    0xfe, 0x41, 0xff, 0xfc, 0x40, 0xff, 0xea, 0xbf,
    0xe0, 0xaf, 0xff, 0xe1, 0x87, 0xff, 0x57, 0xfe,
    0x9, 0xff, 0xfe, 0x1a, 0x1f, 0xfd, 0x3b, 0xfc,
    0x86, 0xff, 0xfe, 0x1c, 0x1f, 0xfd, 0x3f, 0xf8,
    0x39, 0xff, 0xfe, 0x18, 0x7f, 0xf4, 0xbf, 0xe8,
    0x3d, 0xff, 0xfc, 0x34, 0x3f, 0xfa, 0x1f, 0xf8,
    0x3e, 0x7f, 0xff, 0x86, 0x1f, 0xfc, 0xfb, 0xfe,
    0x83, 0xf7, 0xff, 0xf0, 0xe0, 0xff, 0xe6, 0xdf,
    0xf8, 0x3f, 0x9f, 0xff, 0xe1, 0xa1, 0xff, 0xcb,
    0xff, 0xe4, 0x3f, 0xd7, 0xff, 0xf0, 0xd0, 0xff,
    0xe4, 0x5f, 0xfe, 0xf, 0xfe, 0x5, 0xff, 0xfc,
    0x38, 0x3f, 0xf8, 0xaf, 0xff, 0xc1, 0xff, 0xc2,
    0xff, 0xfe, 0x2c, 0x1f, 0xfc, 0x6, 0xff, 0xfe,
    0x2, 0x1f, 0xfc, 0x3f, 0xff, 0xe3, 0xd1, 0x7a,
    0xff, 0xfe, 0x1a, 0x1f, 0xfc, 0x5b, 0xff, 0xfb,
    0x68, 0x7f, 0xf1, 0xdf, 0xff, 0xec, 0x87, 0xff,
    0x2e, 0xff, 0xfe, 0xac, 0x1f, 0xfc, 0xd7, 0xff,
    0xfa, 0x68, 0x7f, 0xf4, 0x1b, 0xff, 0xf9, 0xc8,
    0x7f, 0xf5, 0x5b, 0xff, 0xf9, 0x10, 0x7f, 0xf7,
    0x15, 0x7f, 0xfa, 0x88, 0x7f, 0xf2, 0x40,

    /* U+0050 "P" */
    0xf, 0xfe, 0x3b, 0x4f, 0xff, 0x51, 0xf, 0xfe,
    0xab, 0x7f, 0xff, 0x26, 0x43, 0xff, 0x9a, 0xdf,
    0xff, 0xd0, 0x83, 0xff, 0x90, 0xdf, 0xff, 0xd5,
    0x83, 0xff, 0x88, 0xff, 0xff, 0x69, 0xf, 0xfe,
    0xd, 0xff, 0xfd, 0xc8, 0x3f, 0xeb, 0xff, 0xfb,
    0xd0, 0x7f, 0x3f, 0xff, 0xe0, 0x83, 0xf7, 0xff,
    0xf8, 0x90, 0xf5, 0xff, 0xfe, 0x30, 0xf7, 0xff,
    0xf9, 0x20, 0xcf, 0xff, 0xf9, 0x43, 0x5f, 0xff,
    0xe5, 0x82, 0xff, 0xff, 0x38, 0x5f, 0xff, 0xe7,
    0x41, 0xff, 0xfe, 0x80, 0x7f, 0xff, 0xa0, 0x17,
    0xff, 0xf9, 0xd1, 0xff, 0xfe, 0x6d, 0x4b, 0x55,
    0xff, 0xfc, 0x54, 0x1f, 0xff, 0xc8, 0x90, 0xff,
    0xe1, 0xdf, 0xff, 0xc1, 0x82, 0xff, 0xfe, 0x24,
    0x1f, 0xfc, 0x97, 0xff, 0xe8, 0x27, 0xff, 0xf8,
    0x10, 0x7f, 0xf3, 0xbf, 0xfe, 0xc, 0xff, 0xf2,
    0x1f, 0xfd, 0x1f, 0xff, 0x7, 0xaf, 0xe4, 0x3f,
    0xfa, 0x9f, 0xfc, 0x1e, 0x7f, 0x90, 0xff, 0xea,
    0x5f, 0xf8, 0x3c, 0xff, 0x7, 0xff, 0x5b, 0xff,
    0x7, 0xaf, 0xe0, 0xff, 0xeb, 0x7f, 0xe0, 0xf5,
    0xfc, 0x1f, 0xfd, 0x6b, 0xfe, 0xf, 0x7f, 0x83,
    0xff, 0xac, 0xff, 0xc1, 0xef, 0xf0, 0x7f, 0xf5,
    0x9f, 0xf8, 0x3d, 0xfe, 0xf, 0xfe, 0xbf, 0xfc,
    0x1e, 0xfe, 0x83, 0xff, 0xaf, 0xfe, 0x83, 0xdf,
    0xd0, 0x7f, 0xf5, 0x9f, 0xf4, 0x1e, 0xfe, 0x83,
    0xff, 0xac, 0xff, 0x90, 0xe7, 0xfa, 0xf, 0xfe,
    0xb3, 0xfe, 0x43, 0x9f, 0xe4, 0x3f, 0xfa, 0xd7,
    0xf8, 0x3c, 0xff, 0x21, 0xff, 0xd6, 0xff, 0x83,
    0xcf, 0xf2, 0x1f, 0xfd, 0x6f, 0xf4, 0x1e, 0xbf,
    0x83, 0xff, 0xac, 0xff, 0x90, 0xf5, 0xfc, 0x1f,
    0xfd, 0x6f, 0xf8, 0x3e, 0xbf, 0x83, 0xff, 0xaa,
    0xff, 0xc1, 0xf5, 0xfc, 0x1f, 0xfd, 0x5f, 0xf9,
    0xf, 0xaf, 0xe0, 0xff, 0xea, 0x7f, 0xe0, 0xfd,
    0xfe, 0x83, 0xff, 0xa5, 0x7f, 0xd0, 0x7e, 0xff,
    0xd0, 0x7f, 0xf3, 0xff, 0xf8, 0x3f, 0xbf, 0xfe,
    0x43, 0xff, 0x95, 0x7f, 0xf2, 0x1f, 0xdf, 0xff,
    0xc1, 0x90, 0xff, 0xe2, 0xdf, 0xfe, 0x43, 0xfd,
    0xff, 0xfc, 0x59, 0x41, 0xf9, 0xbf, 0xff, 0x81,
    0x7, 0xfd, 0xff, 0xfd, 0xd8, 0x3f, 0xf8, 0x1f,
    0xd1, 0x7f, 0xff, 0x51, 0xf, 0xfe, 0xf, 0xf4,
    0x15, 0xff, 0xfd, 0x8, 0x3f, 0xf8, 0x7f, 0xd0,
    0x7a, 0xff, 0xfe, 0x5c, 0x1f, 0xfc, 0x5f, 0xe8,
    0x3f, 0x9b, 0xff, 0xf8, 0x92, 0x1f, 0xfc, 0x7f,
    0xe4, 0x3f, 0xf8, 0x4d, 0x6f, 0x54, 0x87, 0xff,
    0x2f, 0xf9, 0xf, 0xff, 0x27, 0xf2, 0x1f, 0xfe,
    0x4f, 0xe4, 0x3f, 0xfc, 0x9f, 0xc8, 0x7f, 0xf9,
    0x3f, 0x90, 0xff, 0xf1, 0xbf, 0xc8, 0x7f, 0xf8,
    0xdf, 0xe4, 0x3f, 0xfc, 0x9f, 0xc1, 0xff, 0xe5,
    0xfe, 0xf, 0xff, 0x2b, 0xe8, 0x3f, 0xfc, 0x40,

    /* U+0051 "Q" */
    0xf, 0xfe, 0x63, 0x7f, 0x48, 0x7f, 0xf8, 0xdf,
    0xff, 0xe0, 0x41, 0xff, 0xdf, 0xbf, 0xff, 0x88,
    0x1f, 0xfd, 0xcb, 0xff, 0xf8, 0xe1, 0xff, 0xd9,
    0x7f, 0xff, 0x94, 0x1f, 0xfd, 0x7b, 0xff, 0xf9,
    0x88, 0x7f, 0xf5, 0x3f, 0xff, 0xa1, 0x21, 0xff,
    0xd0, 0xff, 0xfe, 0xa2, 0x1f, 0xfc, 0xdf, 0xff,
    0xeb, 0xa1, 0xff, 0xca, 0xff, 0xfe, 0xd0, 0x7f,
    0xf2, 0x3f, 0xff, 0xb8, 0x87, 0xff, 0x16, 0xff,
    0xfe, 0x95, 0x3f, 0xf9, 0xf, 0xfe, 0x1b, 0xff,
    0xfd, 0x34, 0xf, 0xfe, 0x43, 0xff, 0x85, 0xff,
    0xfd, 0x40, 0xeb, 0xfe, 0x43, 0xff, 0x81, 0x7f,
    0xff, 0x4c, 0x3e, 0x7f, 0xe4, 0x3f, 0xcf, 0xff,
    0xf4, 0xd0, 0xfe, 0xff, 0x83, 0xfd, 0xff, 0xfd,
    0x30, 0xff, 0xe0, 0x7f, 0xa0, 0xfc, 0xff, 0xff,
    0x42, 0x43, 0xff, 0x85, 0xfe, 0x43, 0xef, 0xff,
    0xe7, 0x21, 0xff, 0xc6, 0x7f, 0xc1, 0xe7, 0xff,
    0xf9, 0x88, 0x7f, 0xf2, 0x6f, 0xe4, 0x3a, 0xff,
    0xfe, 0x54, 0x1f, 0xfc, 0xcf, 0xe8, 0x3b, 0xff,
    0xf9, 0x50, 0x7f, 0xf3, 0x6f, 0xe0, 0xcf, 0xff,
    0xf2, 0x60, 0xff, 0xe7, 0xff, 0x21, 0x7f, 0xff,
    0x26, 0xf, 0xfe, 0x87, 0xf4, 0x17, 0xff, 0xf2,
    0x43, 0xff, 0xa3, 0x7f, 0x1, 0xff, 0xfe, 0x40,
    0x7f, 0xf4, 0xff, 0x81, 0xff, 0xfc, 0x84, 0x3f,
    0xfa, 0x7f, 0xc9, 0xff, 0xfc, 0x80, 0xff, 0xea,
    0x7f, 0x47, 0xff, 0xf1, 0xd0, 0xff, 0xea, 0x5f,
    0xa7, 0xff, 0xf8, 0xd0, 0x7f, 0xf5, 0x6f, 0xeb,
    0xff, 0xf8, 0xc8, 0x7f, 0xf5, 0x6f, 0xeb, 0xff,
    0xf8, 0xc1, 0xff, 0xd6, 0xbf, 0xff, 0x96, 0x87,
    0xff, 0x5a, 0xff, 0xfe, 0x58, 0x7f, 0xf5, 0xef,
    0xff, 0xe5, 0x87, 0xff, 0x5e, 0xff, 0xfe, 0x54,
    0x1f, 0xcd, 0xa1, 0xff, 0xca, 0xff, 0xfe, 0x5a,
    0x1f, 0x9f, 0xc8, 0x7f, 0xf2, 0x7f, 0xaf, 0xff,
    0xe2, 0x87, 0xf7, 0xf8, 0x3f, 0xf9, 0x3f, 0xd7,
    0xff, 0xf1, 0x43, 0xfb, 0xfd, 0x7, 0xff, 0x1d,
    0xfe, 0x7f, 0xff, 0x8a, 0x1f, 0xcf, 0xf9, 0xf,
    0xfe, 0x35, 0xfc, 0x5f, 0xff, 0xc4, 0xf, 0xf5,
    0xfe, 0xf, 0xfe, 0x37, 0xf8, 0xbf, 0xff, 0x88,
    0x1f, 0xf7, 0xfc, 0x1f, 0xfc, 0x5f, 0xf0, 0xff,
    0xff, 0x10, 0x3f, 0xe7, 0xfd, 0x7, 0xff, 0xe,
    0xfe, 0x81, 0xff, 0xfc, 0x40, 0xff, 0xe0, 0x5f,
    0xe0, 0xff, 0xe1, 0xff, 0x90, 0x7f, 0xff, 0x10,
    0x3f, 0xf8, 0x3f, 0xf0, 0x7f, 0xf0, 0x5f, 0xf0,
    0x57, 0xff, 0xf0, 0xc3, 0xff, 0x82, 0xff, 0xa0,
    0xff, 0xe0, 0x7f, 0xa0, 0x9f, 0xff, 0xe1, 0xa1,
    0xff, 0xc1, 0xbf, 0xc8, 0x7f, 0xaf, 0xf2, 0x1b,
    0xff, 0xf8, 0x70, 0x7f, 0xf0, 0xbf, 0xe0, 0xff,
    0x7f, 0xc1, 0xcf, 0xff, 0xf0, 0xc3, 0xff, 0x87,
    0xfe, 0x83, 0xf7, 0xfd, 0x7, 0xbf, 0xff, 0x86,
    0x87, 0xff, 0xa, 0xff, 0x21, 0xef, 0xfc, 0x1f,
    0x3f, 0xff, 0xc3, 0xf, 0xfe, 0x1f, 0xfc, 0x1d,
    0x7f, 0xd0, 0x7e, 0xff, 0xfe, 0x1c, 0x1f, 0xfc,
    0x3f, 0xf4, 0x17, 0xff, 0x7, 0xf3, 0xff, 0xfc,
    0x34, 0x3f, 0xf8, 0x4f, 0xf9, 0x3f, 0xf9, 0xf,
    0xf5, 0xff, 0xfc, 0x34, 0x3f, 0xf8, 0x5f, 0xff,
    0xc4, 0x83, 0xff, 0x81, 0x7f, 0xff, 0xe, 0xf,
    0xfe, 0x17, 0xff, 0xf0, 0xc3, 0xff, 0x85, 0xff,
    0xfc, 0x58, 0x3f, 0xf8, 0x17, 0xff, 0xf0, 0x43,
    0xff, 0x89, 0xff, 0xfc, 0x79, 0x7d, 0x4f, 0xff,
    0xe1, 0x21, 0xff, 0xc5, 0xbf, 0xff, 0xb6, 0x1f,
    0xfc, 0x87, 0xff, 0xfb, 0x21, 0xff, 0xcb, 0xbf,
    0xff, 0xac, 0x1f, 0xfc, 0xd7, 0xff, 0xfa, 0xb0,
    0x7f, 0xf3, 0x9b, 0xff, 0xfa, 0x68, 0x7f, 0xf4,
    0x1b, 0xff, 0xf9, 0x11, 0x7f, 0x83, 0xff, 0xa8,
    0xab, 0xff, 0xd2, 0x83, 0xbf, 0xd0, 0x7f, 0xfa,
    0x1f, 0xf0, 0x7f, 0xfa, 0x7f, 0xd0, 0x7f, 0xfa,
    0x7f, 0xc8, 0x7f, 0xfa, 0x2f, 0xf0, 0x7f, 0xfa,
    0x7f, 0xc8, 0x7f, 0xfa, 0x1f, 0xf0, 0x7f, 0xfa,
    0x7f, 0xd0, 0x7f, 0xfa, 0x7f, 0xc1, 0xff, 0xe9,
    0xbf, 0xa0, 0xff, 0xf4, 0xff, 0x83, 0xff, 0xd3,
    0x7f, 0x83, 0xff, 0xd3, 0xfe, 0xf, 0xff, 0x4b,
    0xfc, 0x1f, 0xfe, 0xaf, 0xc8, 0x7f, 0xfa, 0xd4,
    0x1c,

    /* U+0052 "R" */
    0xf, 0xfe, 0x3b, 0x4f, 0xff, 0x51, 0xf, 0xfe,
    0xab, 0x7f, 0xff, 0x26, 0x43, 0xff, 0x9a, 0xdf,
    0xff, 0xd0, 0x83, 0xff, 0x90, 0xdf, 0xff, 0xd5,
    0x83, 0xff, 0x88, 0xff, 0xff, 0x69, 0xf, 0xfe,
    0xd, 0xff, 0xfd, 0xc8, 0x3f, 0xeb, 0xff, 0xfb,
    0xd0, 0x7f, 0x3f, 0xff, 0xe0, 0x83, 0xf7, 0xff,
    0xf8, 0x90, 0xf5, 0xff, 0xfe, 0x30, 0xf7, 0xff,
    0xf9, 0x20, 0xcf, 0xff, 0xf9, 0x50, 0xaf, 0xff,
    0xf2, 0xc1, 0x7f, 0xff, 0x9c, 0x2f, 0xff, 0xf3,
    0xc0, 0xff, 0xff, 0x40, 0x3f, 0xff, 0xd0, 0xb,
    0xff, 0xfc, 0xe8, 0xff, 0xff, 0x36, 0xa5, 0xaa,
    0xff, 0xfe, 0x2c, 0xf, 0xff, 0xe4, 0x48, 0x7f,
    0xf0, 0xdb, 0xff, 0xf8, 0x10, 0x1f, 0xff, 0xe2,
    0x48, 0x7f, 0xf2, 0x6f, 0xff, 0x82, 0xbf, 0xff,
    0x81, 0x21, 0xff, 0xcd, 0x7f, 0xfc, 0x1a, 0xff,
    0xe8, 0x3f, 0xfa, 0x2f, 0xff, 0x7, 0xaf, 0xe8,
    0x3f, 0xfa, 0x97, 0xfe, 0xf, 0xbf, 0xa0, 0xff,
    0xea, 0xff, 0xe0, 0xfb, 0xfa, 0xf, 0xfe, 0xad,
    0xff, 0x7, 0xdf, 0xc8, 0x7f, 0xf5, 0x5f, 0xf8,
    0x3c, 0xff, 0x21, 0xff, 0xd5, 0x7f, 0xe0, 0xf3,
    0xfc, 0x87, 0xff, 0x55, 0xff, 0x83, 0xcf, 0xf0,
    0x7f, 0xf5, 0xff, 0xd0, 0x7a, 0xfe, 0xf, 0xfe,
    0xbf, 0xfa, 0xf, 0x5f, 0xc1, 0xff, 0xd6, 0x7f,
    0xc8, 0x7a, 0xfe, 0xf, 0xfe, 0xb3, 0xfe, 0x43,
    0xd7, 0xf0, 0x7f, 0xf5, 0xaf, 0xf0, 0x7d, 0xfe,
    0xf, 0xfe, 0xb7, 0xfc, 0x1f, 0x7f, 0x83, 0xff,
    0xad, 0xff, 0x7, 0xdf, 0xe0, 0xff, 0xea, 0xbf,
    0xe8, 0x3e, 0xfe, 0x83, 0xff, 0xab, 0xff, 0x7,
    0xef, 0xe8, 0x3f, 0xfa, 0x8f, 0xfc, 0x1f, 0xbf,
    0xa0, 0xff, 0xea, 0x7f, 0xd0, 0x7e, 0xff, 0x7,
    0xff, 0x4f, 0xff, 0x7, 0xf7, 0xfd, 0x7, 0xff,
    0x43, 0xff, 0x41, 0xfd, 0xff, 0xd2, 0x1f, 0xfc,
    0xb7, 0xff, 0x83, 0xfd, 0xff, 0xfc, 0x9, 0xf,
    0xfe, 0x35, 0xff, 0xe4, 0x3f, 0xdf, 0xff, 0xc3,
    0x94, 0x1f, 0xe6, 0xff, 0xfe, 0x2, 0x1f, 0xf7,
    0xff, 0xf7, 0x60, 0xff, 0x9f, 0xeb, 0xff, 0xfa,
    0xc8, 0x7f, 0xf0, 0x1f, 0xe0, 0xaf, 0xff, 0xe9,
    0x7, 0xff, 0x9, 0xfe, 0xe, 0x6f, 0xff, 0xe6,
    0xa1, 0xff, 0xc3, 0x7f, 0x83, 0xf3, 0x7f, 0xff,
    0x26, 0xf, 0xfe, 0x23, 0xfc, 0x1f, 0xfc, 0x5,
    0x53, 0xff, 0x5f, 0xf2, 0x1f, 0xfc, 0x37, 0xf8,
    0x3f, 0xf9, 0xaf, 0xfc, 0x87, 0xff, 0x9, 0xfe,
    0xf, 0xfe, 0x73, 0xff, 0x21, 0xff, 0xc1, 0x7f,
    0x83, 0xff, 0x9f, 0x7f, 0xc1, 0xff, 0xc1, 0x7f,
    0x83, 0xff, 0xa1, 0x7f, 0xc1, 0xff, 0xc0, 0x7f,
    0x83, 0xff, 0xa3, 0xff, 0x41, 0xff, 0x3f, 0xc1,
    0xff, 0xd2, 0xff, 0x90, 0xff, 0x3f, 0xc1, 0xff,
    0xd2, 0x7f, 0xe0, 0xff, 0x3f, 0xc1, 0xff, 0xd3,
    0xbf, 0xc8, 0x7f, 0x3f, 0xc1, 0xff, 0xd4, 0xff,
    0x83, 0xf9, 0xfe, 0xf, 0xfe, 0xaf, 0xf9, 0xf,
    0xcf, 0xf0, 0x7f, 0xf5, 0x5f, 0xe8, 0x3f, 0xbf,
    0x83, 0xff, 0xad, 0xfc, 0x87, 0xf3, 0xe8, 0x3f,
    0xfb, 0x1f, 0x21, 0xc0,

    /* U+0053 "S" */
    0xf, 0xfe, 0x33, 0x4f, 0xfe, 0xa9, 0xf, 0xfe,
    0x8b, 0x7f, 0xff, 0x26, 0xf, 0xfe, 0x5d, 0xff,
    0xfc, 0xf9, 0xf, 0xfe, 0x2d, 0xff, 0xfd, 0x40,
    0xff, 0xe1, 0x3f, 0xff, 0xd7, 0x83, 0xfe, 0xbf,
    0xff, 0xb3, 0x7, 0xf5, 0xff, 0xfd, 0xb4, 0x3e,
    0xbf, 0xff, 0xba, 0x1e, 0xbf, 0xff, 0xbd, 0x6,
    0x7f, 0xff, 0xc0, 0x1b, 0xff, 0xfc, 0x28, 0x1f,
    0xff, 0xf0, 0xc0, 0xff, 0xff, 0x14, 0x3f, 0xff,
    0xe3, 0x2f, 0xff, 0xf1, 0x9f, 0xff, 0xe3, 0x8f,
    0xff, 0xf1, 0xcf, 0xff, 0xf8, 0xdb, 0xff, 0xfc,
    0x65, 0xff, 0xfe, 0x24, 0xff, 0xfe, 0xc, 0x87,
    0xf2, 0xaf, 0xff, 0xe4, 0x3, 0xff, 0xe0, 0xff,
    0xe3, 0x37, 0xff, 0xf0, 0xc2, 0xff, 0xe8, 0x3f,
    0xf9, 0x77, 0xff, 0xc8, 0x5f, 0xfc, 0x1f, 0xfc,
    0xe7, 0xfe, 0x83, 0xbf, 0xf2, 0x1f, 0xfd, 0x16,
    0x88, 0x7d, 0xff, 0x83, 0xff, 0xbb, 0xff, 0x83,
    0xff, 0xbb, 0x7f, 0xc1, 0xff, 0xdd, 0xbf, 0xe0,
    0xff, 0xee, 0xbf, 0xf0, 0x7f, 0xf7, 0xbf, 0xe4,
    0x3f, 0xfb, 0xbf, 0xf8, 0x3f, 0xfb, 0xaf, 0xfe,
    0xf, 0xfe, 0xef, 0xff, 0x7, 0xff, 0x71, 0xff,
    0xe4, 0x3f, 0xfb, 0x77, 0xff, 0xa4, 0x3f, 0xfb,
    0x37, 0xff, 0xf0, 0xa8, 0xa0, 0xff, 0xe9, 0xbf,
    0xff, 0xcf, 0xa2, 0x1f, 0xfc, 0x8b, 0xff, 0xfa,
    0x50, 0x7f, 0xf1, 0x9b, 0xff, 0xfa, 0x50, 0x7f,
    0xf1, 0xdf, 0xff, 0xe9, 0x41, 0xff, 0xc8, 0x55,
    0xff, 0xfc, 0xe8, 0x3f, 0xfa, 0xaa, 0xa7, 0xff,
    0xf0, 0x20, 0xff, 0xed, 0x37, 0xff, 0x21, 0xff,
    0xdc, 0xbf, 0xf0, 0x7f, 0xf7, 0xbf, 0xe4, 0x3f,
    0xfb, 0xdf, 0xe8, 0x3f, 0xfb, 0xd7, 0xf8, 0x3f,
    0xfb, 0xcf, 0xf8, 0x3f, 0xfb, 0xff, 0xe0, 0xff,
    0xef, 0xff, 0x83, 0x5e, 0x43, 0xff, 0xac, 0xff,
    0x82, 0x7f, 0x83, 0xff, 0xab, 0x7f, 0x82, 0xbf,
    0xc8, 0x7f, 0xf4, 0xff, 0xd0, 0x57, 0xfe, 0xf,
    0xfe, 0x8d, 0xfe, 0x43, 0x7f, 0xf4, 0x1f, 0xfc,
    0xe7, 0xfe, 0xe, 0x7f, 0xfe, 0x43, 0xff, 0x95,
    0x7f, 0xd0, 0x7d, 0xff, 0xfc, 0x9, 0xf, 0xfe,
    0x2b, 0xff, 0xc1, 0xfd, 0x7f, 0xff, 0xe, 0x58,
    0x32, 0xa9, 0xff, 0xf0, 0x7f, 0xcf, 0xff, 0xf6,
    0x3, 0xff, 0x84, 0xff, 0xff, 0x52, 0xf, 0xfe,
    0x35, 0xff, 0xfd, 0x4, 0x3f, 0xf9, 0x2d, 0xff,
    0xfc, 0xa9, 0xf, 0xfe, 0x83, 0x4f, 0xff, 0xa8,
    0x87, 0xff, 0x8,

    /* U+0054 "T" */
    0xf, 0xfe, 0x62, 0xd5, 0xdf, 0xff, 0xc2, 0x83,
    0xff, 0x92, 0xaa, 0xbf, 0xff, 0xa4, 0x1f, 0xfc,
    0x16, 0x9f, 0xff, 0xdb, 0x43, 0xf3, 0xff, 0xfe,
    0x14, 0x3d, 0xff, 0xfe, 0x40, 0xcf, 0xff, 0xf9,
    0x60, 0xbf, 0xff, 0xce, 0xf, 0xff, 0xf4, 0xf,
    0xff, 0xfa, 0x1b, 0xff, 0xfd, 0xf, 0xff, 0xfa,
    0x4f, 0xff, 0xf4, 0x9f, 0xff, 0xe8, 0x8f, 0xff,
    0xf4, 0x1, 0xff, 0xff, 0x32, 0x17, 0xff, 0xf9,
    0x50, 0xcf, 0xff, 0xf8, 0xd0, 0xf5, 0xff, 0xfe,
    0x4, 0x3f, 0xaf, 0xff, 0xec, 0xd1, 0x41, 0xff,
    0xc1, 0x6f, 0xff, 0xe6, 0xd1, 0x60, 0xff, 0xe6,
    0xaf, 0xff, 0x1b, 0xfa, 0xf, 0xff, 0x27, 0xf4,
    0x1f, 0xfe, 0x4f, 0xe8, 0x3f, 0xfc, 0x9f, 0xd0,
    0x7f, 0xf9, 0x3f, 0xc1, 0xff, 0xe4, 0xff, 0x7,
    0xff, 0x92, 0xfe, 0xf, 0xff, 0x25, 0xfc, 0x1f,
    0xfe, 0x4b, 0xf8, 0x3f, 0xfc, 0x97, 0xf0, 0x7f,
    0xf9, 0x2f, 0xe0, 0xff, 0xf2, 0x3f, 0xc1, 0xff,
    0xe4, 0x7f, 0x83, 0xff, 0xc8, 0xff, 0x7, 0xff,
    0x91, 0xfe, 0xf, 0xff, 0x23, 0xfc, 0x1f, 0xfe,
    0x47, 0xf9, 0xf, 0xff, 0x1b, 0xfc, 0x87, 0xff,
    0x8d, 0xfe, 0x43, 0xff, 0xc6, 0xff, 0x21, 0xff,
    0xe3, 0x7f, 0x90, 0xff, 0xf1, 0xbf, 0xc8, 0x7f,
    0xf8, 0xdf, 0xe4, 0x3f, 0xfc, 0x6f, 0xf2, 0x1f,
    0xfe, 0x37, 0xf9, 0xf, 0xff, 0x1b, 0xfc, 0x87,
    0xff, 0x8d, 0xfe, 0x43, 0xff, 0xc6, 0xff, 0x21,
    0xff, 0xe3, 0x7f, 0x90, 0xff, 0xf1, 0xbf, 0xc8,
    0x7f, 0xf8, 0xdf, 0xe0, 0xff, 0xf2, 0x3f, 0xc1,
    0xff, 0xe4, 0x7f, 0x83, 0xff, 0xc8, 0xff, 0x7,
    0xff, 0x91, 0xfe, 0xf, 0xff, 0x23, 0xfc, 0x1f,
    0xfe, 0x4b, 0xf8, 0x3f, 0xfc, 0x97, 0xf0, 0x7f,
    0xf9, 0x2f, 0xe0, 0xff, 0xf2, 0x5f, 0xc1, 0xff,
    0xe4, 0xbf, 0x83, 0xff, 0xc9, 0x7e, 0x83, 0xff,
    0xcb, 0x7a, 0xf, 0xfe, 0x60,

    /* U+0055 "U" */
    0xf, 0xe6, 0xfd, 0x21, 0xff, 0xd2, 0xa2, 0x1f,
    0xfc, 0x7, 0xff, 0xd0, 0x7f, 0xf3, 0xff, 0x41,
    0xfe, 0xbf, 0xff, 0x82, 0x1f, 0xfc, 0xd7, 0xf8,
    0x3f, 0xaf, 0xff, 0xe1, 0x41, 0xff, 0xcc, 0x7f,
    0x90, 0xf9, 0xff, 0xfe, 0x20, 0x7f, 0xf3, 0x1f,
    0xe8, 0x3e, 0xff, 0xfe, 0x2c, 0x1f, 0xfc, 0xcf,
    0xe8, 0x3c, 0xff, 0xff, 0x18, 0x3f, 0xf9, 0x9f,
    0xe0, 0xf7, 0xff, 0xf1, 0xc3, 0xff, 0x99, 0xfe,
    0xf, 0x7f, 0xff, 0x1c, 0x3f, 0xf9, 0x97, 0xf0,
    0x73, 0xff, 0xfc, 0x70, 0xff, 0xe6, 0x3f, 0xc8,
    0x6b, 0xff, 0xf8, 0xe1, 0xff, 0xcd, 0xfe, 0x83,
    0x7f, 0xff, 0x1e, 0xf, 0xfe, 0x6f, 0xf4, 0x1b,
    0xff, 0xf8, 0xe8, 0x7f, 0xf3, 0x7f, 0xc1, 0x3f,
    0xff, 0xc7, 0xf, 0xfe, 0x77, 0xf8, 0x27, 0xff,
    0xf8, 0xe1, 0xff, 0xce, 0xbf, 0x82, 0xbf, 0xff,
    0x8d, 0x7, 0xff, 0x39, 0xfe, 0x41, 0xff, 0xfc,
    0x74, 0x3f, 0xf9, 0xcf, 0xf2, 0xf, 0xff, 0xe3,
    0x87, 0xff, 0x43, 0xfa, 0x7, 0xff, 0xf1, 0xc3,
    0xff, 0xa1, 0xfd, 0x3, 0xff, 0xf8, 0xe1, 0xff,
    0xd0, 0xff, 0xf, 0xff, 0xf1, 0xa0, 0xff, 0xe8,
    0x7f, 0x87, 0xff, 0xf8, 0xc8, 0x7f, 0xf4, 0x2f,
    0xe1, 0xff, 0xfe, 0x30, 0x7f, 0xf4, 0x6f, 0xe2,
    0xff, 0xfe, 0x30, 0x7f, 0xf4, 0x5f, 0xe2, 0xff,
    0xfe, 0x2c, 0x1f, 0xfd, 0x17, 0xf9, 0xbf, 0xff,
    0x8a, 0x87, 0xff, 0x45, 0xfe, 0x7f, 0xff, 0x8c,
    0x1f, 0xfd, 0x3f, 0xe7, 0xff, 0xf8, 0xc1, 0xff,
    0xd3, 0xfe, 0xbf, 0xff, 0x8c, 0x1f, 0xfd, 0x3f,
    0xeb, 0xff, 0xf8, 0xb0, 0x7f, 0xf4, 0xff, 0xaf,
    0xff, 0xe2, 0xa1, 0xff, 0xd3, 0xff, 0xfe, 0x5a,
    0x1f, 0xfd, 0x3f, 0xff, 0xe5, 0x87, 0xff, 0x53,
    0xff, 0xf9, 0x61, 0xff, 0xd4, 0xff, 0xfe, 0x58,
    0x7f, 0xf5, 0x3f, 0xff, 0x95, 0x7, 0xff, 0x52,
    0xff, 0xfe, 0x4c, 0x1f, 0xfd, 0x4b, 0xff, 0xf9,
    0x30, 0x7f, 0xf5, 0x2f, 0xff, 0xe4, 0xa1, 0xff,
    0xd4, 0xbf, 0xff, 0x92, 0x87, 0xff, 0x53, 0xfd,
    0x7f, 0xff, 0xd, 0xf, 0xfe, 0xa7, 0xfa, 0xff,
    0xfe, 0x1a, 0x1f, 0xfd, 0x4f, 0xf5, 0xff, 0xfc,
    0x30, 0xff, 0xea, 0xff, 0x9f, 0xff, 0xe1, 0x87,
    0xff, 0x57, 0xfa, 0x7f, 0xff, 0x86, 0x1f, 0xfd,
    0x5f, 0xe9, 0xff, 0xfe, 0x18, 0x7f, 0xf5, 0x7f,
    0xa3, 0xff, 0xf8, 0x68, 0x7f, 0xf5, 0x3f, 0xa3,
    0xff, 0xf8, 0x68, 0x7f, 0xf4, 0xdf, 0xe4, 0xff,
    0xfe, 0x1c, 0x1f, 0xfd, 0x3b, 0xf9, 0x2f, 0xff,
    0xe1, 0x87, 0xff, 0x4f, 0xfc, 0x7, 0xff, 0xf8,
    0x61, 0xff, 0xd2, 0xbf, 0xc1, 0x7f, 0xff, 0xd,
    0xf, 0xfe, 0x83, 0xfe, 0x82, 0xbf, 0xff, 0x86,
    0x1f, 0xfd, 0xf, 0xf8, 0x3b, 0xff, 0xf8, 0x68,
    0x7f, 0xf3, 0xbf, 0xe8, 0x3a, 0xff, 0xfe, 0x18,
    0x7f, 0xf3, 0x1f, 0xfc, 0x1f, 0x7f, 0xff, 0x10,
    0x3f, 0xf9, 0x2f, 0xff, 0x41, 0xfb, 0xff, 0xf8,
    0x90, 0x7f, 0xf1, 0x5f, 0xff, 0x41, 0xfe, 0xff,
    0xfe, 0x2c, 0x87, 0xf9, 0x5f, 0xff, 0xc1, 0xf,
    0xfe, 0x7, 0xff, 0xf2, 0xa9, 0xff, 0xfc, 0x58,
    0x3f, 0xf8, 0x57, 0xff, 0xf6, 0x90, 0xff, 0xe2,
    0xdf, 0xff, 0xd6, 0x83, 0xff, 0x93, 0x7f, 0xff,
    0x4a, 0xf, 0xfe, 0x6b, 0x7f, 0xff, 0x32, 0x43,
    0xff, 0xa8, 0xd3, 0xff, 0xf8, 0x14, 0x43, 0xff,
    0x8c,

    /* U+0056 "V" */
    0xf, 0xff, 0x47, 0xc1, 0xf9, 0xbf, 0x48, 0x7f,
    0xf6, 0x7f, 0x83, 0xaf, 0xff, 0x21, 0xff, 0xd7,
    0xfe, 0x42, 0xff, 0xfe, 0xa, 0x1f, 0xfd, 0x57,
    0xf9, 0x7, 0xff, 0xf0, 0xd0, 0xff, 0xea, 0x5f,
    0xc0, 0xff, 0xfe, 0x28, 0x7f, 0xf5, 0x2f, 0xe1,
    0xff, 0xfe, 0x2a, 0x1f, 0xfd, 0x3f, 0xf1, 0x7f,
    0xff, 0x16, 0xf, 0xfe, 0x9f, 0xf4, 0x7f, 0xff,
    0x1c, 0x3f, 0xfa, 0x4f, 0xf4, 0x7f, 0xff, 0x1c,
    0x3f, 0xfa, 0x4f, 0xf2, 0x7f, 0xff, 0x1d, 0xf,
    0xfe, 0x8d, 0xfc, 0x97, 0xff, 0xf1, 0x90, 0xff,
    0xe8, 0xff, 0x81, 0x7f, 0xff, 0x1a, 0xf, 0xfe,
    0x8f, 0xf8, 0xf, 0xff, 0xf1, 0xc3, 0xff, 0xa0,
    0xff, 0x41, 0x7f, 0xff, 0x1c, 0x3f, 0xfa, 0xf,
    0xf4, 0x15, 0xff, 0xfc, 0x64, 0x3f, 0xf9, 0xf7,
    0xf2, 0x13, 0xff, 0xfc, 0x68, 0x3f, 0xf9, 0xff,
    0xe0, 0xef, 0xff, 0xe3, 0x87, 0xff, 0x3f, 0xfc,
    0x1d, 0xff, 0xfc, 0x70, 0xff, 0xe7, 0x3f, 0xe0,
    0xeb, 0xff, 0xf8, 0xc1, 0xff, 0xce, 0xbf, 0xa0,
    0xe7, 0xff, 0xf8, 0xc8, 0x7f, 0xf3, 0x7f, 0xc8,
    0x7b, 0xff, 0xf8, 0xd0, 0x7f, 0xf3, 0x7f, 0xc1,
    0xf7, 0xff, 0xf1, 0xc3, 0xff, 0x98, 0xff, 0x83,
    0xe7, 0xff, 0xf8, 0xc1, 0xff, 0xcc, 0xbf, 0xa0,
    0xfd, 0xff, 0xfc, 0x64, 0x3f, 0xf9, 0x7f, 0xe4,
    0x3f, 0x7f, 0xff, 0x1a, 0xf, 0xfe, 0x5f, 0xf8,
    0x3f, 0x9f, 0xff, 0xe3, 0x7, 0xff, 0x29, 0xff,
    0x7, 0xfb, 0xff, 0xf8, 0xc1, 0xff, 0xca, 0xbf,
    0xa0, 0xff, 0x7f, 0xff, 0x1a, 0xf, 0xfe, 0x4f,
    0xf9, 0xf, 0xf3, 0xff, 0xfc, 0x60, 0xff, 0xe4,
    0xff, 0x83, 0xff, 0x81, 0xff, 0xfc, 0x60, 0xff,
    0xe4, 0x3f, 0xe0, 0xff, 0xe0, 0x7f, 0xff, 0x19,
    0xf, 0xfe, 0x3d, 0xfd, 0x7, 0xff, 0x1, 0xff,
    0xfe, 0x2c, 0x1f, 0xfc, 0x7f, 0xf2, 0x1f, 0xfc,
    0x1f, 0xff, 0xe3, 0x7, 0xff, 0x1f, 0xfc, 0x1f,
    0xfc, 0x2b, 0xff, 0xf8, 0xa1, 0xff, 0xc6, 0x7f,
    0xc1, 0xff, 0xc2, 0x7f, 0xff, 0x8b, 0x7, 0xff,
    0x16, 0xfe, 0x83, 0xff, 0x87, 0xff, 0xfc, 0x60,
    0xff, 0xe2, 0xff, 0x90, 0xff, 0xe1, 0xdf, 0xff,
    0xc5, 0xf, 0xfe, 0x23, 0xfe, 0xf, 0xfe, 0x2f,
    0xff, 0xf1, 0x50, 0xff, 0xe1, 0xdf, 0xd0, 0x7f,
    0xf1, 0x6f, 0xff, 0xe2, 0x87, 0xff, 0xf, 0xfc,
    0x87, 0xff, 0x15, 0xff, 0xfe, 0x28, 0x7f, 0xf0,
    0xff, 0xc1, 0xff, 0xc7, 0xff, 0xfe, 0x2c, 0x1f,
    0xfc, 0x1b, 0xfc, 0x1f, 0xfc, 0x77, 0xff, 0xf8,
    0xa1, 0xff, 0xc1, 0xff, 0x21, 0xff, 0xc8, 0xff,
    0xfe, 0x2a, 0x1f, 0xfc, 0xf, 0xf0, 0x7f, 0xf2,
    0x6f, 0xff, 0xe2, 0x41, 0xff, 0x5f, 0xe0, 0xff,
    0xe5, 0x7f, 0xff, 0x14, 0x3f, 0xef, 0xf2, 0x1f,
    0xfc, 0xab, 0xff, 0xf8, 0x90, 0x7f, 0x3f, 0xe0,
    0xff, 0xe6, 0x7f, 0xff, 0x14, 0x3f, 0xaf, 0xe8,
    0x3f, 0xf9, 0x97, 0xff, 0xf1, 0x10, 0xfd, 0xfe,
    0x43, 0xff, 0x9b, 0xff, 0xfc, 0x50, 0xf9, 0xff,
    0x7, 0xff, 0x3a, 0xff, 0xfe, 0x22, 0x1e, 0xff,
    0x41, 0xff, 0xcf, 0xff, 0xfe, 0x28, 0x73, 0xfe,
    0xf, 0xfe, 0x85, 0xff, 0xfc, 0x44, 0x35, 0xfe,
    0xf, 0xfe, 0x8f, 0xff, 0xf1, 0x43, 0x7f, 0x90,
    0xff, 0xe8, 0xdf, 0xff, 0xc5, 0xa7, 0xfc, 0x1f,
    0xfd, 0x3f, 0xff, 0xe6, 0xa1, 0xff, 0xd3, 0x7f,
    0xff, 0x98, 0x1f, 0xfd, 0x5b, 0xff, 0xf9, 0x50,
    0x7f, 0xf5, 0xbf, 0xff, 0x94, 0x1f, 0xfd, 0x8f,
    0xff, 0xe4, 0x21, 0xff, 0xd9, 0xff, 0xfe, 0x34,
    0x1f, 0xfd, 0xbb, 0xff, 0xf8, 0x68, 0x7f, 0xf7,
    0xaf, 0xff, 0xa0, 0xff, 0xf1, 0x37, 0xf4, 0x87,
    0xff, 0x28,

    /* U+0057 "W" */
    0xf, 0x37, 0xea, 0x7, 0xff, 0x59, 0xbf, 0xa0,
    0xff, 0xe9, 0xde, 0x83, 0xd7, 0xff, 0xa0, 0xff,
    0xe9, 0x5f, 0xfe, 0x83, 0xff, 0xa0, 0xfe, 0x82,
    0x7f, 0xff, 0x84, 0x1f, 0xfd, 0xf, 0xff, 0xe1,
    0x7, 0xff, 0x3e, 0xfe, 0xb, 0xff, 0xf8, 0x81,
    0xff, 0xce, 0xff, 0xfe, 0x20, 0x7f, 0xf3, 0xbf,
    0xc0, 0xff, 0xfe, 0x2c, 0x1f, 0xfc, 0xcb, 0xff,
    0xf8, 0x88, 0x7f, 0xf3, 0x7f, 0xc3, 0xff, 0xfc,
    0x60, 0xff, 0xe6, 0x7f, 0xff, 0x16, 0xf, 0xfe,
    0x6f, 0xf4, 0x5f, 0xff, 0xc6, 0xf, 0xfe, 0x5b,
    0xff, 0xfc, 0x60, 0xff, 0xe6, 0x3f, 0xd1, 0xff,
    0xfc, 0x74, 0x3f, 0xf9, 0x57, 0xff, 0xf1, 0x83,
    0xff, 0x98, 0xff, 0x27, 0xff, 0xf1, 0xd0, 0xff,
    0xe5, 0x7f, 0xff, 0x1c, 0x3f, 0xf9, 0x97, 0xf0,
    0x3f, 0xff, 0x8f, 0x7, 0xff, 0x2b, 0xff, 0xf8,
    0xe8, 0x7f, 0xf2, 0xef, 0xe0, 0x7f, 0xff, 0x20,
    0x3f, 0xf9, 0x57, 0xff, 0xf1, 0x90, 0xff, 0xe5,
    0xff, 0x81, 0x7f, 0xff, 0x1c, 0x3f, 0xf9, 0x57,
    0xff, 0xf1, 0xa0, 0xff, 0xe5, 0xff, 0x81, 0x7f,
    0xff, 0x1c, 0x3f, 0xf9, 0x4f, 0xff, 0xf1, 0xa0,
    0xff, 0xe5, 0xff, 0x40, 0x7f, 0xff, 0x8e, 0x1f,
    0xfc, 0xa7, 0xff, 0xf8, 0xe1, 0xff, 0xca, 0x7f,
    0x90, 0x3f, 0xff, 0xc7, 0x43, 0xff, 0x95, 0xff,
    0xfc, 0x70, 0xff, 0xe5, 0x5f, 0xc8, 0x5f, 0xff,
    0xc7, 0x43, 0xff, 0x95, 0xff, 0xfc, 0x70, 0xff,
    0xe5, 0x5f, 0xc1, 0xbf, 0xff, 0x8f, 0x7, 0xff,
    0x2b, 0xff, 0xf8, 0xe1, 0xff, 0xca, 0xff, 0x6,
    0xff, 0xfe, 0x40, 0x7f, 0xf2, 0x5f, 0xff, 0xe3,
    0xa1, 0xff, 0xc9, 0xff, 0x6, 0xbf, 0xff, 0x8e,
    0x1f, 0xfc, 0x97, 0xff, 0xf8, 0xe8, 0x7f, 0xf2,
    0x7f, 0xa0, 0xcf, 0xff, 0xf1, 0xc3, 0xff, 0x93,
    0x7f, 0xff, 0x1e, 0xf, 0xfe, 0x43, 0xfc, 0x87,
    0x7f, 0xff, 0x1d, 0xf, 0xfe, 0x47, 0xff, 0xf2,
    0x20, 0xff, 0xe4, 0x5f, 0xc8, 0x77, 0xff, 0xf1,
    0xd0, 0xff, 0xe4, 0x7f, 0xff, 0x24, 0x3f, 0xf9,
    0x1f, 0xe0, 0xf7, 0xff, 0xf1, 0xe0, 0xff, 0xe3,
    0xbf, 0xff, 0xc9, 0xf, 0xfe, 0x47, 0xf8, 0x3d,
    0x7f, 0xff, 0x1c, 0x3f, 0xf8, 0xf7, 0xff, 0xf2,
    0x43, 0xff, 0x91, 0xfd, 0x7, 0x9f, 0xff, 0xe3,
    0x87, 0xff, 0x1f, 0xff, 0xf9, 0x48, 0x7f, 0xf1,
    0x9f, 0xe4, 0x3e, 0xff, 0xfe, 0x38, 0x7f, 0xf1,
    0xff, 0xff, 0x95, 0x7, 0xff, 0x1a, 0xfe, 0x43,
    0xef, 0xff, 0xe3, 0xa1, 0xff, 0xc6, 0xff, 0xfe,
    0x54, 0x1f, 0xfc, 0x6f, 0xf0, 0x7e, 0xbf, 0xff,
    0x8d, 0x7, 0xff, 0x16, 0xff, 0xfe, 0x58, 0x7f,
    0xf1, 0xbf, 0xc1, 0xf9, 0xff, 0xfe, 0x34, 0x1f,
    0xfc, 0x5f, 0xff, 0xe6, 0x7, 0xff, 0x1b, 0xfa,
    0xf, 0xef, 0xff, 0xe3, 0x87, 0xff, 0x17, 0xff,
    0xf9, 0x81, 0xff, 0xc5, 0x7f, 0x90, 0xfe, 0xff,
    0xfe, 0x38, 0x7f, 0xf1, 0x1f, 0xff, 0xe6, 0x21,
    0xff, 0xc4, 0xbf, 0x83, 0xfc, 0xff, 0xff, 0x19,
    0xf, 0xfe, 0x1d, 0xfd, 0x4f, 0xff, 0xe2, 0xc1,
    0xff, 0xc4, 0xff, 0x7, 0xfd, 0xff, 0xfc, 0x68,
    0x3f, 0xf8, 0x7f, 0xe5, 0x7f, 0xff, 0x18, 0x3f,
    0xf8, 0x9f, 0xd0, 0x7f, 0xdf, 0xff, 0xc6, 0x83,
    0xff, 0x87, 0xfe, 0x7, 0xff, 0xf1, 0x83, 0xff,
    0x86, 0xff, 0x21, 0xff, 0x5f, 0xff, 0xc6, 0xf,
    0xfe, 0x13, 0xfe, 0x7, 0xff, 0xf1, 0x90, 0xff,
    0xe1, 0x5f, 0xc1, 0xff, 0xc0, 0x7f, 0xff, 0x8c,
    0x1f, 0xfc, 0x2b, 0xfa, 0x3, 0xff, 0xfc, 0x54,
    0x3f, 0xf8, 0x5f, 0xe0, 0xff, 0xe0, 0xff, 0xff,
    0x19, 0xf, 0xfe, 0xf, 0xf9, 0xb, 0xff, 0xf8,
    0xb0, 0x7f, 0xf0, 0x5f, 0xe8, 0x3f, 0xf8, 0x37,
    0xff, 0xf1, 0x60, 0xff, 0xe0, 0xff, 0x83, 0x7f,
    0xff, 0x18, 0x3f, 0xf8, 0x37, 0xf2, 0x1f, 0xfc,
    0x17, 0xff, 0xf8, 0xc1, 0xff, 0xc0, 0xbf, 0xc1,
    0xaf, 0xff, 0xe2, 0x87, 0xff, 0x7, 0xfc, 0x1f,
    0xfc, 0x3f, 0xff, 0xe3, 0x7, 0xff, 0x3, 0xfd,
    0x6, 0x7f, 0xff, 0x8a, 0x87, 0xff, 0x3, 0xfc,
    0x1f, 0xfc, 0x3b, 0xff, 0xf8, 0xa8, 0x7f, 0xdf,
    0xe0, 0xf7, 0xff, 0xf1, 0x60, 0xff, 0x9f, 0xe8,
    0x3f, 0xf8, 0x6f, 0xff, 0xf1, 0x60, 0xff, 0x3f,
    0xe0, 0xf5, 0xff, 0xfc, 0x50, 0xff, 0xbf, 0xc8,
    0x7f, 0xf1, 0x3f, 0xff, 0x8c, 0x1f, 0xef, 0xf4,
    0x1e, 0x7f, 0xff, 0x8a, 0x1f, 0xf7, 0xf8, 0x3f,
    0xf8, 0xb7, 0xff, 0xf1, 0x43, 0xfd, 0xfe, 0x43,
    0xef, 0xff, 0xe2, 0xa1, 0xfc, 0xff, 0x41, 0xff,
    0xc5, 0x7f, 0xff, 0x8a, 0x87, 0xe7, 0xfc, 0x1f,
    0xbf, 0xff, 0x8b, 0x7, 0xf7, 0xf9, 0xf, 0xfe,
    0x37, 0xff, 0xf1, 0x60, 0xfd, 0xfe, 0x83, 0xf3,
    0xff, 0xfc, 0x50, 0xfe, 0xff, 0x7, 0xff, 0x1e,
    0xff, 0xfe, 0x28, 0x7e, 0xff, 0x21, 0xfd, 0xff,
    0xfc, 0x50, 0xfd, 0x7f, 0x41, 0xff, 0xc8, 0xff,
    0xfe, 0x2a, 0x1e, 0xbf, 0xc1, 0xfe, 0xbf, 0xff,
    0x88, 0x87, 0xdf, 0xe4, 0x3f, 0xf9, 0x1f, 0xff,
    0xc5, 0x83, 0xdf, 0xe8, 0x3f, 0xcf, 0xff, 0xf1,
    0x20, 0xf3, 0xfe, 0xf, 0xfe, 0x4b, 0xff, 0xfc,
    0x50, 0xe7, 0xfc, 0x1f, 0xfc, 0xf, 0xff, 0xe2,
    0x87, 0xaf, 0xe8, 0x3f, 0xf9, 0x5f, 0xff, 0xc5,
    0xe, 0xbf, 0xc1, 0xff, 0xc0, 0xbf, 0xff, 0x88,
    0x1e, 0xff, 0x7, 0xff, 0x2e, 0xff, 0xfe, 0x22,
    0x1b, 0xfc, 0x87, 0xff, 0x7, 0xff, 0xf8, 0x88,
    0x6b, 0xfc, 0x1f, 0xfc, 0xcf, 0xff, 0xe2, 0x84,
    0xff, 0x83, 0xff, 0x85, 0xff, 0xfc, 0x50, 0xdf,
    0xe4, 0x3f, 0xf9, 0x97, 0xff, 0xf1, 0x10, 0x7f,
    0xa0, 0xff, 0xe1, 0x3f, 0xff, 0xc4, 0x41, 0x7f,
    0x83, 0xff, 0x9d, 0xff, 0xfc, 0x5b, 0xfe, 0xf,
    0xfe, 0x27, 0xff, 0xf1, 0x69, 0xfe, 0x83, 0xff,
    0x9d, 0xff, 0xfc, 0xc8, 0x3f, 0xf8, 0x8f, 0xff,
    0xf3, 0x3, 0xff, 0x9e, 0xff, 0xff, 0x2d, 0xf,
    0xfe, 0x2f, 0xff, 0xf2, 0xe0, 0xff, 0xe8, 0x7f,
    0xff, 0x2c, 0x3f, 0xf8, 0xcf, 0xff, 0xf2, 0x83,
    0xff, 0xa5, 0xff, 0xfc, 0x94, 0x3f, 0xf8, 0xff,
    0xff, 0xc9, 0x83, 0xff, 0xa4, 0xff, 0xff, 0x1e,
    0xf, 0xfe, 0x4f, 0xff, 0xf2, 0x3, 0xff, 0xa9,
    0x7f, 0xff, 0x16, 0xf, 0xfe, 0x5f, 0xff, 0xf1,
    0x83, 0xff, 0xac, 0xff, 0xff, 0xd, 0xf, 0xfe,
    0x6d, 0xff, 0xfc, 0x30, 0xff, 0xec, 0xdf, 0xff,
    0x41, 0xff, 0xd0, 0x7f, 0xff, 0x80, 0x87, 0xff,
    0x71, 0xbf, 0xa4, 0x3f, 0xfa, 0xad, 0xfd, 0x21,
    0xff, 0xc9,

    /* U+0058 "X" */
    0xf, 0xfe, 0xf3, 0x7e, 0x83, 0xff, 0xc8, 0xff,
    0xf4, 0x1f, 0xfe, 0x1b, 0xff, 0xf8, 0x1, 0xf9,
    0xf9, 0xf, 0xfe, 0x97, 0xff, 0xf0, 0xc3, 0xef,
    0xe4, 0x3f, 0xfa, 0x1f, 0xff, 0xc4, 0x83, 0x9f,
    0xf4, 0x1f, 0xfc, 0xeb, 0xff, 0xf8, 0xa1, 0xef,
    0xfa, 0xf, 0xfe, 0x65, 0xff, 0xfc, 0x68, 0x39,
    0xff, 0xa0, 0xff, 0xe5, 0x3f, 0xff, 0xc7, 0x83,
    0xcf, 0xfd, 0x7, 0xff, 0x21, 0xff, 0xfe, 0x48,
    0x7e, 0xff, 0xa0, 0xff, 0xe3, 0xff, 0xff, 0x26,
    0xf, 0xef, 0xfa, 0xf, 0xfe, 0x2f, 0xff, 0xf2,
    0xa0, 0xff, 0x7f, 0xd0, 0x7f, 0xf0, 0xff, 0xff,
    0x96, 0x87, 0xfd, 0xff, 0x41, 0xff, 0xc1, 0xbf,
    0xff, 0x96, 0x1f, 0xfc, 0x1f, 0xfa, 0xf, 0xfa,
    0xff, 0xfe, 0x5c, 0x1f, 0xfc, 0x2f, 0xfa, 0xf,
    0xe7, 0xff, 0xf9, 0x81, 0xff, 0xc4, 0xff, 0xa0,
    0xfd, 0xff, 0xfc, 0xc4, 0x3f, 0xf8, 0xbf, 0xf2,
    0x1e, 0xff, 0xfe, 0x64, 0x1f, 0xfc, 0x7f, 0xf9,
    0xd, 0xff, 0xfc, 0xd0, 0xff, 0xe4, 0x3f, 0xf2,
    0xb, 0xff, 0xf9, 0x88, 0x7f, 0xf2, 0x5f, 0xf9,
    0x5f, 0xff, 0xcc, 0x83, 0xff, 0x96, 0xff, 0xff,
    0x50, 0x3f, 0xf9, 0xaf, 0xff, 0xf4, 0x90, 0xff,
    0xe7, 0x5f, 0xff, 0xd0, 0x83, 0xff, 0xa1, 0x7f,
    0xff, 0x3c, 0x3f, 0xfa, 0x57, 0xff, 0xf3, 0x50,
    0xff, 0xe9, 0x7f, 0xff, 0x36, 0xf, 0xfe, 0x97,
    0xff, 0xf3, 0x83, 0xff, 0xa5, 0x7f, 0xff, 0x34,
    0x3f, 0xfa, 0x4f, 0xff, 0xf3, 0x50, 0xff, 0xe9,
    0x7f, 0xff, 0x36, 0xf, 0xfe, 0x97, 0xff, 0xf3,
    0x83, 0xff, 0xa5, 0x7f, 0xff, 0x34, 0x3f, 0xfa,
    0x4f, 0xff, 0xf3, 0x50, 0xff, 0xe9, 0x7f, 0xff,
    0x36, 0xf, 0xfe, 0x97, 0xff, 0xf3, 0x83, 0xff,
    0xa5, 0x7f, 0xff, 0x34, 0x3f, 0xfa, 0x4f, 0xff,
    0xf3, 0x90, 0xff, 0xe8, 0xff, 0xff, 0x41, 0xf,
    0xfe, 0x7d, 0xff, 0xfd, 0x10, 0xff, 0xe7, 0x3f,
    0xff, 0xd3, 0xf, 0xfe, 0x6f, 0xff, 0xf3, 0x6f,
    0xf4, 0x1f, 0xfc, 0xbf, 0xff, 0xe6, 0xa7, 0xfd,
    0x7, 0xff, 0x26, 0xff, 0xfe, 0x62, 0x17, 0xfc,
    0x87, 0xff, 0x1d, 0xff, 0xfe, 0x64, 0x1d, 0xff,
    0x7, 0xff, 0x1f, 0xff, 0xf9, 0xa1, 0xe7, 0xfe,
    0xf, 0xfe, 0x2d, 0xff, 0xfc, 0xc0, 0xfc, 0xff,
    0xc1, 0xff, 0xc3, 0x7f, 0xff, 0x98, 0x1f, 0xeb,
    0xfd, 0x7, 0xff, 0xb, 0xff, 0xf9, 0x88, 0x7f,
    0xdf, 0xf2, 0x1f, 0xfc, 0xb, 0xff, 0xf9, 0x68,
    0x7f, 0xf0, 0x7f, 0xe0, 0xff, 0x9f, 0xff, 0xe5,
    0xc1, 0xff, 0xc3, 0xff, 0x83, 0xfd, 0xff, 0xfc,
    0xb8, 0x3f, 0xf8, 0x8f, 0xfa, 0xf, 0xd7, 0xff,
    0xf2, 0xc3, 0xff, 0x8d, 0x7f, 0x90, 0xfb, 0xff,
    0xf9, 0x61, 0xff, 0xc8, 0xff, 0x83, 0xd7, 0xff,
    0xf2, 0x83, 0xff, 0x95, 0xff, 0x7, 0x7f, 0xff,
    0x28, 0x3f, 0xf9, 0x6f, 0xfa, 0xd, 0xff, 0xfc,
    0x94, 0x3f, 0xf9, 0x97, 0xf9, 0xb, 0xff, 0xf9,
    0x8, 0x7f, 0xf3, 0xbf, 0xe0, 0xbf, 0xff, 0x8e,
    0x87, 0xff, 0x43, 0xfe, 0x3, 0xff, 0xfc, 0x54,
    0x3f, 0xfa, 0x2f, 0xfa, 0x7, 0xff, 0xf1, 0x10,
    0xff, 0xe9, 0xdf, 0xe4, 0x7f, 0xff, 0x84, 0x87,
    0xff, 0x57, 0xfd, 0x2, 0xff, 0xfe, 0x2, 0x1f,
    0xfd, 0x7f, 0xe8, 0x27, 0xff, 0xa0, 0xff, 0xec,
    0xbf, 0x90, 0xe7, 0xfa, 0xf, 0xfe, 0xe3, 0xe4,

    /* U+0059 "Y" */
    0xf, 0xff, 0x47, 0xc8, 0x7d, 0x7f, 0x48, 0x7f,
    0xf6, 0x7f, 0x90, 0xd7, 0xff, 0x83, 0xff, 0xb1,
    0xfd, 0x5, 0xff, 0xfc, 0x14, 0x3f, 0xfa, 0xaf,
    0xf4, 0xf, 0xff, 0xe1, 0xa1, 0xff, 0xd4, 0x7f,
    0x93, 0xff, 0xf8, 0xa1, 0xff, 0xd4, 0xbf, 0x87,
    0xff, 0xf8, 0xa8, 0x7f, 0xf4, 0xff, 0xc5, 0xff,
    0xfc, 0x58, 0x3f, 0xfa, 0x7f, 0xd1, 0xff, 0xfc,
    0x70, 0xff, 0xe9, 0x3f, 0xd1, 0xff, 0xfc, 0x70,
    0xff, 0xe9, 0x5f, 0xc9, 0xff, 0xfc, 0x74, 0x3f,
    0xfa, 0x3f, 0xe0, 0x7f, 0xff, 0x1e, 0xf, 0xfe,
    0x8f, 0xf8, 0x17, 0xff, 0xf1, 0xc3, 0xff, 0xa0,
    0xff, 0x40, 0x7f, 0xff, 0x8e, 0x87, 0xff, 0x3e,
    0xfe, 0x42, 0xff, 0xfe, 0x3c, 0x1f, 0xfc, 0xff,
    0xf0, 0x6b, 0xff, 0xf8, 0xe1, 0xff, 0xcf, 0xff,
    0x6, 0x7f, 0xff, 0x8e, 0x1f, 0xfc, 0xeb, 0xfa,
    0xe, 0xff, 0xfe, 0x3a, 0x1f, 0xfc, 0xdf, 0xf2,
    0x1d, 0x7f, 0xff, 0x1a, 0xf, 0xfe, 0x6f, 0xf8,
    0x3c, 0xff, 0xff, 0x1c, 0x3f, 0xf9, 0x8f, 0xf8,
    0x3e, 0xff, 0xfe, 0x3a, 0x1f, 0xfc, 0xbf, 0xf2,
    0x1f, 0x5f, 0xff, 0xc6, 0x83, 0xff, 0x97, 0xfe,
    0xf, 0xef, 0xff, 0xe3, 0x87, 0xff, 0x29, 0xff,
    0x7, 0xf7, 0xff, 0xf1, 0xd0, 0xff, 0xe4, 0xff,
    0xa0, 0xfe, 0x7f, 0xff, 0x8d, 0x7, 0xff, 0x27,
    0xfc, 0x1f, 0xf7, 0xff, 0xf1, 0xc3, 0xff, 0x91,
    0x7f, 0x83, 0xfe, 0xbf, 0xff, 0x8d, 0x7, 0xff,
    0x1f, 0xfc, 0x87, 0xff, 0x3, 0xff, 0xf8, 0xe1,
    0xff, 0xc6, 0x7f, 0xc1, 0xff, 0xc1, 0xbf, 0xff,
    0x8c, 0x87, 0xff, 0x17, 0xfd, 0x7, 0xff, 0xb,
    0xff, 0xf8, 0xe1, 0xff, 0xc5, 0xff, 0x21, 0xff,
    0xc2, 0xbf, 0xff, 0x8c, 0x87, 0xff, 0xe, 0xff,
    0x7, 0xff, 0x13, 0xff, 0xf8, 0xe1, 0xff, 0xc3,
    0xff, 0x21, 0xff, 0xc4, 0xbf, 0xff, 0x8c, 0x87,
    0xff, 0x6, 0xff, 0x7, 0xff, 0x1b, 0xff, 0xf8,
    0xe1, 0xff, 0xc1, 0xff, 0x41, 0xff, 0xc6, 0xbf,
    0xff, 0x8c, 0x87, 0xfd, 0x7f, 0x83, 0xff, 0x91,
    0xff, 0xfc, 0x70, 0xff, 0xbf, 0xd0, 0x7f, 0xf2,
    0x1f, 0xff, 0xe3, 0x21, 0xfd, 0xff, 0x7, 0xff,
    0x2b, 0xff, 0xf8, 0xe1, 0xf9, 0xff, 0x41, 0xff,
    0xcb, 0xff, 0xfe, 0x38, 0x7d, 0xff, 0x7, 0xff,
    0x32, 0xff, 0xfe, 0x3c, 0x8d, 0xff, 0x21, 0xff,
    0xcd, 0xbf, 0xff, 0xa4, 0x1f, 0xfc, 0xff, 0xff,
    0xe8, 0xa1, 0xff, 0xd0, 0xff, 0xfe, 0x80, 0x7f,
    0xf4, 0x5f, 0xff, 0xe7, 0x7, 0xff, 0x4d, 0xff,
    0xfe, 0x62, 0x1f, 0xfd, 0x47, 0xff, 0xf9, 0x50,
    0x7f, 0xf5, 0xff, 0xff, 0x91, 0x7, 0xff, 0x66,
    0xff, 0xfe, 0x2a, 0x1f, 0xfd, 0xcb, 0xff, 0xf8,
    0x28, 0x7f, 0xf8, 0x1b, 0xff, 0xa0, 0xff, 0xf3,
    0x5f, 0xd0, 0x7f, 0xf9, 0x9f, 0xf0, 0x7f, 0xf9,
    0xff, 0xc1, 0xff, 0xe7, 0xff, 0x7, 0xff, 0x9f,
    0xfc, 0x1f, 0xfe, 0x7f, 0xf0, 0x7f, 0xf9, 0xff,
    0xc1, 0xff, 0xe7, 0xff, 0x21, 0xff, 0xe6, 0xff,
    0x21, 0xff, 0xe6, 0xbf, 0x90, 0xff, 0xf3, 0x5f,
    0xc1, 0xff, 0xe7, 0xbf, 0x83, 0xff, 0xd1, 0xfc,
    0x1f, 0xfe, 0x87, 0xd0, 0x7f, 0xf2, 0x80,

    /* U+005A "Z" */
    0xf, 0xfe, 0x52, 0xaa, 0xff, 0xfe, 0x15, 0x10,
    0xff, 0xe7, 0x34, 0xff, 0xfe, 0x82, 0x1f, 0xfc,
    0x76, 0xff, 0xfe, 0xb8, 0x7f, 0xf0, 0x9b, 0xff,
    0xfb, 0x88, 0x7f, 0x9f, 0xff, 0xf0, 0x21, 0xfb,
    0xff, 0xfc, 0x61, 0xe7, 0xff, 0xfc, 0x90, 0x77,
    0xff, 0xf9, 0x83, 0x7f, 0xff, 0x9d, 0xb, 0xff,
    0xfc, 0xf0, 0x2f, 0xff, 0xf3, 0xc0, 0xff, 0xff,
    0x48, 0x3f, 0xff, 0xd1, 0x3, 0xff, 0xfd, 0x10,
    0x3f, 0xff, 0xd0, 0x83, 0xff, 0xfd, 0x1, 0x5f,
    0xff, 0xe7, 0xd, 0xff, 0xfe, 0x64, 0x35, 0xff,
    0xfe, 0x50, 0xf7, 0xff, 0xf3, 0xeb, 0xdf, 0xff,
    0xc3, 0xf, 0xdf, 0xff, 0xc7, 0xa2, 0x1f, 0xf5,
    0xff, 0xfc, 0x0, 0xff, 0x5f, 0xff, 0xc0, 0xa2,
    0x1f, 0xfc, 0x47, 0xff, 0xd0, 0x7f, 0xf0, 0x6f,
    0xea, 0x21, 0xff, 0xc9, 0xbf, 0xf9, 0xf, 0xfe,
    0xfd, 0xff, 0xc1, 0xff, 0xe0, 0xff, 0xe8, 0x3f,
    0xfb, 0xef, 0xff, 0x21, 0xff, 0xdf, 0xbf, 0xf8,
    0x3f, 0xfb, 0xef, 0xff, 0x41, 0xff, 0xdf, 0x7f,
    0xfa, 0xf, 0xfe, 0xfd, 0xff, 0xc8, 0x7f, 0xf7,
    0xff, 0xfc, 0x1f, 0xfd, 0xf7, 0xff, 0xa0, 0xff,
    0xef, 0xdf, 0xfc, 0x87, 0xff, 0x7f, 0xff, 0xc8,
    0x7f, 0xf7, 0xff, 0xfc, 0x1f, 0xfd, 0xf7, 0xff,
    0xa0, 0xff, 0xef, 0xbf, 0xfd, 0x7, 0xff, 0x7e,
    0xff, 0xe4, 0x3f, 0xfb, 0xf7, 0xff, 0x7, 0xff,
    0x82, 0xff, 0xe0, 0xff, 0xf0, 0x7f, 0xf8, 0x3f,
    0xfc, 0x1f, 0xfd, 0x7, 0xff, 0x83, 0xff, 0xa0,
    0xff, 0xf0, 0x7f, 0xf2, 0x1f, 0xfe, 0xf, 0xfe,
    0x43, 0xff, 0xc1, 0x7f, 0xe4, 0x3f, 0xfc, 0x17,
    0xfe, 0xf, 0xff, 0xd, 0xff, 0x83, 0xff, 0xc3,
    0x7f, 0xe0, 0xff, 0xf0, 0xbf, 0xf8, 0x3f, 0xfc,
    0x5f, 0xf8, 0x3f, 0xfc, 0x57, 0xfc, 0x1f, 0xfe,
    0x3f, 0xf9, 0xf, 0xfe, 0xcb, 0x7a, 0xc, 0xff,
    0xc1, 0xff, 0xd6, 0x6f, 0xfa, 0xa, 0xff, 0x41,
    0xff, 0xd1, 0x6f, 0xff, 0xe0, 0x85, 0xff, 0x83,
    0xff, 0x98, 0xdf, 0xff, 0xc5, 0x82, 0xbf, 0xe4,
    0x3f, 0xf8, 0x8a, 0xbf, 0xff, 0x96, 0x85, 0x7f,
    0xf4, 0xba, 0xb7, 0xff, 0xf4, 0xd0, 0xcf, 0xff,
    0xf8, 0x64, 0x3f, 0x7f, 0xff, 0x72, 0x43, 0xff,
    0x85, 0xff, 0xfd, 0x69, 0xf, 0xfe, 0x45, 0xff,
    0xfc, 0xe9, 0x41, 0xff, 0xcf, 0x6f, 0xff, 0xe0,
    0x56, 0x58, 0x3f, 0xf9, 0xc0,

    /* U+005B "[" */
    0xf, 0xf9, 0xbf, 0xd2, 0x1f, 0xfc, 0x2b, 0xff,
    0xf8, 0x1, 0xff, 0x5f, 0xff, 0xc3, 0xf, 0xeb,
    0xff, 0xf8, 0xa1, 0xf5, 0xff, 0xfc, 0x64, 0x39,
    0xff, 0xfe, 0x40, 0x77, 0xff, 0xf2, 0x43, 0x3f,
    0xff, 0xc9, 0x42, 0xbf, 0xff, 0x93, 0x5, 0xff,
    0xfc, 0xa8, 0x2f, 0xff, 0xe5, 0x40, 0x7f, 0xff,
    0x95, 0x2, 0xff, 0xfe, 0x54, 0xb, 0xff, 0xf9,
    0x50, 0x2f, 0xff, 0xe5, 0x20, 0xff, 0xfe, 0x58,
    0x5f, 0xff, 0xcb, 0xb, 0xff, 0xf9, 0x48, 0x5f,
    0xff, 0xca, 0xd, 0xff, 0xfc, 0x90, 0xcf, 0xff,
    0xf1, 0xe0, 0xe7, 0xff, 0xd2, 0x1f, 0xfc, 0x17,
    0xfe, 0x83, 0xff, 0x8a, 0xff, 0xa0, 0xff, 0xe3,
    0x5f, 0xe0, 0xff, 0xe3, 0xdf, 0xd0, 0x7f, 0xf1,
    0xef, 0xe4, 0x3f, 0xf8, 0xf7, 0xf0, 0x7f, 0xf2,
    0x3f, 0xc1, 0xff, 0xc8, 0xff, 0x7, 0xff, 0x23,
    0xfc, 0x1f, 0xfc, 0x8f, 0xf0, 0x7f, 0xf2, 0x3f,
    0xc1, 0xff, 0xc8, 0xff, 0x7, 0xff, 0x23, 0xfa,
    0xf, 0xfe, 0x47, 0xf4, 0x1f, 0xfc, 0x8f, 0xe8,
    0x3f, 0xf9, 0x1f, 0xd0, 0x7f, 0xf2, 0x3f, 0xa0,
    0xff, 0xe4, 0x7f, 0x41, 0xff, 0xc8, 0xfe, 0x83,
    0xff, 0x91, 0xfd, 0x7, 0xff, 0x23, 0xfa, 0xf,
    0xfe, 0x47, 0xf4, 0x1f, 0xfc, 0x8f, 0xe8, 0x3f,
    0xf8, 0xef, 0xf2, 0x1f, 0xfc, 0x77, 0xf9, 0xf,
    0xfe, 0x3b, 0xfc, 0x87, 0xff, 0x1d, 0xfe, 0x43,
    0xff, 0x8e, 0xff, 0x21, 0xff, 0xc7, 0x7f, 0x90,
    0xff, 0xe3, 0xbf, 0xc8, 0x7f, 0xf1, 0xdf, 0xe4,
    0x3f, 0xf8, 0xef, 0xf2, 0x1f, 0xfc, 0x8f, 0xe4,
    0x3f, 0xf9, 0x1f, 0xc8, 0x7f, 0xf2, 0x3f, 0x90,
    0xff, 0xe4, 0x7f, 0x21, 0xff, 0xc8, 0xfe, 0x83,
    0xff, 0x91, 0xfd, 0x7, 0xff, 0x23, 0xfa, 0xf,
    0xfe, 0x47, 0xf4, 0x1f, 0xfc, 0x8f, 0xe8, 0x3f,
    0xf9, 0x1f, 0xd0, 0x7f, 0xf2, 0x2f, 0xe0, 0xff,
    0xe4, 0x5f, 0xc1, 0xff, 0xc8, 0xbf, 0x83, 0xff,
    0x90, 0xff, 0x21, 0xff, 0xc8, 0xfe, 0x83, 0xff,
    0x81, 0x7c, 0x1b, 0xfc, 0x87, 0xe6, 0xff, 0x5,
    0x7f, 0x90, 0xcd, 0xff, 0xc1, 0x3f, 0xff, 0xc9,
    0x83, 0x7f, 0xff, 0x24, 0x39, 0xff, 0xfe, 0x34,
    0x1f, 0x3f, 0xff, 0xc3, 0x43, 0xfc, 0xff, 0xfa,
    0x43, 0xff, 0x88, 0xd4, 0xa0, 0xff, 0xe0, 0x0,

    /* U+005C "\\" */
    0x2f, 0x21, 0xff, 0xcb, 0xfe, 0x43, 0xff, 0x95,
    0xfe, 0xf, 0xfe, 0x55, 0xfc, 0x87, 0xff, 0x25,
    0xff, 0x7, 0xff, 0x2b, 0xfc, 0x1f, 0xfc, 0xa7,
    0xfa, 0xf, 0xfe, 0x57, 0xf8, 0x3f, 0xf9, 0x57,
    0xf2, 0x1f, 0xfc, 0xaf, 0xf0, 0x7f, 0xf2, 0xbf,
    0xc8, 0x7f, 0xf2, 0x5f, 0xe8, 0x3f, 0xf9, 0x5f,
    0xe0, 0xff, 0xe5, 0x5f, 0xc8, 0x7f, 0xf2, 0xbf,
    0xc1, 0xff, 0xca, 0xff, 0x7, 0xff, 0x29, 0xfe,
    0x83, 0xff, 0x95, 0xfe, 0xf, 0xfe, 0x55, 0xfc,
    0x87, 0xff, 0x25, 0xfe, 0x83, 0xff, 0x95, 0xfe,
    0xf, 0xfe, 0x55, 0xfc, 0x87, 0xff, 0x25, 0xff,
    0x7, 0xff, 0x2b, 0xfc, 0x1f, 0xfc, 0xab, 0xf9,
    0xf, 0xfe, 0x57, 0xf8, 0x3f, 0xf9, 0x5f, 0xe0,
    0xff, 0xe5, 0x5f, 0xc8, 0x7f, 0xf2, 0xbf, 0xc1,
    0xff, 0xca, 0xff, 0x7, 0xff, 0x2a, 0xfe, 0x43,
    0xff, 0x95, 0xfd, 0x7, 0xff, 0x2b, 0xfc, 0x1f,
    0xfc, 0xab, 0xf9, 0xf, 0xfe, 0x57, 0xf4, 0x1f,
    0xfc, 0xaf, 0xf0, 0x7f, 0xf2, 0xaf, 0xe4, 0x3f,
    0xf9, 0x2f, 0xf4, 0x1f, 0xfc, 0xaf, 0xf0, 0x7f,
    0xf2, 0xaf, 0xe0, 0xff, 0xe5, 0x3f, 0xd0, 0x7f,
    0xf2, 0xbf, 0xc1, 0xff, 0xca, 0xbf, 0x83, 0xff,
    0x94, 0xff, 0x21, 0xff, 0xca, 0xfe, 0x83, 0xff,
    0x95, 0xfe, 0xf, 0xfe, 0x53, 0xfc, 0x87, 0xff,
    0x2b, 0xfa, 0xf, 0xfe, 0x57, 0xf8, 0x3f, 0xf9,
    0x57, 0xf0, 0x7f, 0xf2, 0x9f, 0xe4, 0x3f, 0xf9,
    0x5f, 0xd0, 0x7f, 0xf2, 0xaf, 0xe0, 0xff, 0xe5,
    0x3f, 0xc8, 0x7f, 0xf2, 0xbf, 0xa0, 0xff, 0xe5,
    0x7f, 0x83, 0xff, 0x95, 0x7f, 0x7, 0xff, 0x29,
    0xfe, 0x43, 0xff, 0x95, 0xfd, 0x7, 0xff, 0x2b,
    0xfc, 0x1f, 0xfc, 0xa7, 0xf9, 0xf, 0xfe, 0x57,
    0xf4, 0x1f, 0xfc, 0xaf, 0xf0, 0x7f, 0xf2, 0xaf,
    0xe0, 0xff, 0xe5, 0x3f, 0xc8, 0x7f, 0xf2, 0xbf,
    0xa0, 0xff, 0xe5, 0x7f, 0x83, 0xff, 0x95, 0x7f,
    0x7, 0xff, 0x29, 0xfe, 0x43, 0xff, 0x95, 0xfd,
    0x7, 0xff, 0x2b, 0xfa, 0xf, 0xfe, 0x53, 0xf8,
    0x3f, 0xf9, 0xaa, 0x0,

    /* U+005D "]" */
    0xf, 0xcd, 0xfe, 0x83, 0xff, 0x84, 0xff, 0xff,
    0x2, 0xf, 0xfb, 0xff, 0xf8, 0x81, 0xfd, 0xff,
    0xfc, 0x60, 0xfa, 0xff, 0xfe, 0x34, 0x1e, 0xff,
    0xfe, 0x40, 0x73, 0xff, 0xfc, 0x88, 0x37, 0xff,
    0xf2, 0x83, 0x7f, 0xff, 0x29, 0xb, 0xff, 0xf9,
    0x50, 0x1f, 0xff, 0xe5, 0x40, 0x7f, 0xff, 0x96,
    0x7, 0xff, 0xf9, 0x60, 0x7f, 0xff, 0x96, 0x7,
    0xff, 0xf9, 0x61, 0x7f, 0xff, 0x2d, 0x7, 0xff,
    0xf2, 0xd0, 0x5f, 0xff, 0xca, 0x42, 0xff, 0xfe,
    0x54, 0x15, 0xff, 0xfc, 0x98, 0x37, 0xff, 0xf2,
    0x60, 0xeb, 0xf4, 0x86, 0xbf, 0xf8, 0x3e, 0x43,
    0xfd, 0xff, 0x83, 0xff, 0x8f, 0xff, 0x7, 0xff,
    0x1d, 0xff, 0x7, 0xff, 0x23, 0xfc, 0x1f, 0xfc,
    0x8f, 0xf0, 0x7f, 0xf2, 0x2f, 0xe0, 0xff, 0xe4,
    0x5f, 0xc1, 0xff, 0xc8, 0xbf, 0x83, 0xff, 0x91,
    0x7f, 0x21, 0xff, 0xc7, 0x7f, 0x90, 0xff, 0xe3,
    0xbf, 0xc8, 0x7f, 0xf1, 0xdf, 0xe4, 0x3f, 0xf8,
    0xef, 0xf2, 0x1f, 0xfc, 0x77, 0xf9, 0xf, 0xfe,
    0x47, 0xf2, 0x1f, 0xfc, 0x8f, 0xe8, 0x3f, 0xf9,
    0x1f, 0xd0, 0x7f, 0xf2, 0x3f, 0xa0, 0xff, 0xe4,
    0x7f, 0x41, 0xff, 0xc8, 0xfe, 0x83, 0xff, 0x91,
    0xfd, 0x7, 0xff, 0x23, 0xfa, 0xf, 0xfe, 0x47,
    0xf4, 0x1f, 0xfc, 0x8f, 0xe8, 0x3f, 0xf9, 0x1f,
    0xd0, 0x7f, 0xf2, 0x3f, 0xa0, 0xff, 0xe4, 0x7f,
    0x41, 0xff, 0xc8, 0xfe, 0x83, 0xff, 0x91, 0xfd,
    0x7, 0xff, 0x23, 0xfa, 0xf, 0xfe, 0x47, 0xf4,
    0x1f, 0xfc, 0x8f, 0xe8, 0x3f, 0xf9, 0x1f, 0xd0,
    0x7f, 0xf2, 0x3f, 0xa0, 0xff, 0xe4, 0x7f, 0x41,
    0xff, 0xc8, 0xfe, 0x83, 0xff, 0x91, 0xfd, 0x7,
    0xff, 0x23, 0xfa, 0xf, 0xfe, 0x47, 0xf4, 0x1f,
    0xfc, 0x8f, 0xe4, 0x3f, 0xf9, 0x1f, 0xc8, 0x7f,
    0xf2, 0x3f, 0x90, 0xff, 0xe3, 0xbf, 0xc8, 0x7f,
    0xf1, 0xdf, 0xe0, 0xff, 0xe4, 0x3f, 0xc1, 0xff,
    0xc8, 0xbf, 0x83, 0xff, 0x91, 0xfe, 0xa, 0xf9,
    0xf, 0xfe, 0x7, 0xf4, 0x7, 0xfc, 0x87, 0xf5,
    0xfc, 0x81, 0xff, 0xd2, 0x1c, 0xff, 0x83, 0x7f,
    0xfd, 0x57, 0xfe, 0xd, 0x7f, 0xff, 0x21, 0xe,
    0x7f, 0xff, 0x8e, 0x1f, 0x9f, 0xff, 0xe2, 0x7,
    0xff, 0x2, 0xff, 0xfe, 0x0, 0x7f, 0xf1, 0x1b,
    0xfa, 0x43, 0xc0,

    /* U+005E "^" */
    0xf, 0xff, 0x93, 0x7e, 0x90, 0xff, 0xeb, 0x5f,
    0xfe, 0xf, 0xfe, 0xa7, 0xff, 0xf0, 0x50, 0xff,
    0xe8, 0x3f, 0xff, 0xc3, 0x43, 0xff, 0x9c, 0xff,
    0xff, 0x15, 0xf, 0xfe, 0x6f, 0xff, 0xf1, 0xc3,
    0xff, 0x99, 0xff, 0xfc, 0x90, 0xff, 0xe5, 0x5f,
    0xff, 0xc0, 0x47, 0xfc, 0x87, 0xff, 0x21, 0xff,
    0xfe, 0x4, 0x1b, 0xfc, 0x1f, 0xfc, 0x8f, 0xff,
    0xe0, 0x87, 0x5f, 0xd0, 0x7f, 0xf1, 0xbf, 0xff,
    0x82, 0x87, 0xbf, 0xc8, 0x7f, 0xf1, 0x2f, 0xff,
    0xe0, 0x41, 0xf3, 0xfe, 0xf, 0xfe, 0x27, 0xff,
    0xf0, 0x43, 0xfb, 0xfc, 0x87, 0xff, 0xb, 0xff,
    0xf8, 0x30, 0x7f, 0xbf, 0xc1, 0xff, 0xc1, 0x7f,
    0xff, 0x82, 0x1f, 0xf5, 0xfc, 0x87, 0xff, 0x3,
    0xff, 0xf8, 0x41, 0xff, 0xc0, 0xff, 0x7, 0xfd,
    0x7f, 0xff, 0x5, 0xf, 0xfe, 0x5, 0xfc, 0x87,
    0xfb, 0xff, 0xf8, 0x41, 0xff, 0xc2, 0xff, 0x7,
    0xf5, 0xff, 0xfc, 0x18, 0x3f, 0xf8, 0x5f, 0xe0,
    0xfe, 0xff, 0xfe, 0x12, 0x1f, 0xfc, 0x27, 0xfa,
    0xf, 0xaf, 0xff, 0xe1, 0x7, 0xff, 0x13, 0xfc,
    0x1f, 0x7f, 0xff, 0xa, 0xf, 0xfe, 0x23, 0xfc,
    0x87, 0x3f, 0xff, 0xc2, 0xf, 0xfe, 0x37, 0xf8,
    0x3b, 0xff, 0xf8, 0x61, 0xff, 0xc6, 0xbf, 0x90,
    0xdf, 0xff, 0xc2, 0x83, 0xff, 0x8f, 0xfd, 0x4,
    0xff, 0xff, 0x9, 0xf, 0xfe, 0x3f, 0xf8, 0x2b,
    0xff, 0xf8, 0x41, 0xff, 0xc8, 0x7f, 0x90, 0x5f,
    0xff, 0xc2, 0xf, 0xfe, 0x4f, 0xf8, 0x17, 0xff,
    0xf0, 0x60, 0xff, 0xe4, 0xdf, 0xc0, 0x7f, 0xff,
    0x82, 0x87, 0xff, 0x2b, 0xfa, 0x7, 0xff, 0xf0,
    0x43, 0xff, 0x97, 0xfe, 0x3, 0xff, 0xf2, 0x1f,
    0xfc, 0xb7, 0xf8, 0x2b, 0xff, 0x90, 0xff, 0xe6,
    0xfe, 0x83, 0x5f, 0xe8, 0x3f, 0xfa, 0x14, 0x43,
    0xe5, 0xc1, 0xff, 0xd7,

    /* U+005F "_" */
    0x9, 0x7f, 0xfb, 0xa1, 0x3f, 0xff, 0xdf, 0x7,
    0xff, 0xf8, 0x27, 0xff, 0xfc, 0x11, 0xff, 0xfe,
    0x4, 0x7f, 0xfd, 0x59, 0x70, 0x7f, 0xf1, 0xd7,
    0x83, 0x97, 0x7, 0xff, 0x6c,

    /* U+0060 "`" */
    0xc, 0xb8, 0x3f, 0xf8, 0x6f, 0xf9, 0xf, 0xfe,
    0x3, 0xff, 0xa0, 0xff, 0xbf, 0xfd, 0x7, 0xf3,
    0xff, 0xf2, 0x1f, 0xaf, 0xff, 0xe0, 0x7, 0xeb,
    0xff, 0xf8, 0x21, 0xf3, 0xff, 0xfc, 0x18, 0x3e,
    0xff, 0xfe, 0x12, 0x1f, 0x7f, 0xff, 0x8, 0x3f,
    0x7f, 0xff, 0x8, 0x3f, 0x5f, 0xff, 0xc0, 0x83,
    0xf3, 0xff, 0xfc, 0x0, 0xff, 0x5f, 0xfe, 0x83,
    0xfc, 0xff, 0xf9, 0xf, 0xfa, 0xff, 0xd0, 0x7f,
    0xf0, 0x6f, 0xf8, 0x3f, 0xf8, 0x77, 0xf0, 0x7f,
    0xf1, 0x6f, 0x20,

    /* U+0061 "a" */
    0xf, 0xfe, 0x32, 0xaf, 0xff, 0x51, 0x41, 0xff,
    0xd1, 0x6f, 0xff, 0xe4, 0x48, 0x7f, 0xf2, 0xef,
    0xff, 0xe7, 0x41, 0xff, 0xc7, 0xbf, 0xff, 0xa5,
    0x7, 0xff, 0xd, 0xff, 0xfe, 0xb2, 0x1f, 0xfc,
    0xb, 0xff, 0xfb, 0x10, 0x7f, 0xaf, 0xff, 0xed,
    0x21, 0xfa, 0xff, 0xfe, 0xe0, 0x7d, 0x7f, 0xff,
    0x75, 0xe, 0x7f, 0xff, 0xbe, 0x1d, 0xff, 0xfe,
    0x0, 0xd7, 0xff, 0xf8, 0x3, 0x7f, 0xff, 0x84,
    0x2b, 0xff, 0xfc, 0x21, 0x7f, 0xff, 0x88, 0xf,
    0xff, 0xf8, 0x60, 0x7f, 0xff, 0x88, 0x2f, 0xff,
    0xe4, 0x51, 0x7a, 0x9f, 0xff, 0xc4, 0x80, 0xff,
    0xff, 0x16, 0xf, 0xfe, 0xb, 0x7f, 0xfd, 0x4,
    0xff, 0xff, 0xe, 0xf, 0xfe, 0x33, 0x7f, 0xc8,
    0x6b, 0xff, 0xf8, 0x48, 0x7f, 0xf2, 0xd7, 0x7,
    0xbf, 0xff, 0x84, 0x87, 0xff, 0x5b, 0xff, 0xf8,
    0x30, 0x7f, 0xf5, 0xff, 0xff, 0x82, 0x1f, 0xfd,
    0x16, 0x43, 0x7f, 0xff, 0x2, 0xf, 0xfe, 0x85,
    0xf8, 0x2f, 0xff, 0xe0, 0x7, 0xff, 0x47, 0xf8,
    0x2f, 0xff, 0xe0, 0x7, 0xff, 0x41, 0xfe, 0xb,
    0xff, 0xf8, 0x1, 0xff, 0xd0, 0x7f, 0x82, 0xff,
    0xfe, 0x0, 0x7f, 0xf4, 0x2f, 0xe0, 0xaf, 0xff,
    0x41, 0xff, 0xd0, 0xfe, 0x82, 0x7f, 0xfe, 0xf,
    0xfe, 0x87, 0xf2, 0x13, 0xff, 0xf0, 0x7f, 0xf4,
    0x3f, 0x90, 0xdf, 0xff, 0x7, 0xff, 0x3d, 0xfe,
    0xe, 0xbf, 0xfc, 0x87, 0xff, 0x39, 0xfe, 0xe,
    0x7f, 0xfd, 0x7, 0xff, 0x39, 0xfe, 0xf, 0x7f,
    0xfc, 0x1f, 0xfc, 0xef, 0xf0, 0x79, 0xff, 0xf8,
    0x3f, 0xf9, 0x6f, 0xfc, 0x1f, 0x7f, 0xfd, 0x7,
    0xff, 0x26, 0xff, 0xc1, 0xf3, 0xff, 0xfc, 0x0,
    0xff, 0xe3, 0x5f, 0xfe, 0xf, 0xd7, 0xff, 0xf0,
    0x20, 0xff, 0xe1, 0x5f, 0xff, 0x41, 0xfd, 0x7f,
    0xff, 0xa, 0x43, 0xcd, 0xff, 0xfc, 0x28, 0x3f,
    0xd7, 0xff, 0xf6, 0x60, 0xff, 0xaf, 0xff, 0xec,
    0x41, 0xff, 0xc0, 0x7f, 0xff, 0xa1, 0x17, 0xe8,
    0x3f, 0xf8, 0x4f, 0xff, 0xf3, 0x20, 0xaf, 0xd0,
    0x7f, 0xf1, 0x1b, 0xff, 0xf8, 0xf0, 0x7b, 0xf2,
    0x1f, 0xfc, 0x86, 0x9f, 0xfd, 0x44, 0x3f, 0x9f,
    0x21, 0xc0,

    /* U+0062 "b" */
    0xa, 0xf2, 0x1f, 0xfd, 0xdb, 0xf2, 0x1f, 0xfd,
    0xcf, 0xe8, 0x3f, 0xfb, 0x9f, 0xd0, 0x7f, 0xf7,
    0x3f, 0x90, 0xff, 0xed, 0xbf, 0xc8, 0x7f, 0xf6,
    0xdf, 0xe4, 0x3f, 0xfb, 0x6f, 0xf0, 0x7f, 0xf7,
    0x2f, 0xe0, 0xff, 0xee, 0x5f, 0xc1, 0xff, 0xdc,
    0xbf, 0x83, 0xff, 0xb9, 0xfe, 0xf, 0xfe, 0xe7,
    0xf8, 0x3f, 0xfb, 0x9f, 0xe0, 0xff, 0xee, 0x7f,
    0x83, 0xff, 0xb9, 0xfd, 0x7, 0xff, 0x73, 0xfa,
    0xf, 0xfe, 0xe7, 0xf4, 0x1f, 0xe5, 0x5f, 0xfa,
    0x88, 0x7f, 0xf1, 0x3f, 0xa0, 0xf9, 0xff, 0xfe,
    0x34, 0x1f, 0xfc, 0x7, 0xf9, 0xc, 0xff, 0xff,
    0x31, 0xf, 0xe7, 0xf9, 0x3, 0xff, 0xfc, 0xf8,
    0x3f, 0x3f, 0xc9, 0xff, 0xfd, 0x34, 0x3c, 0xff,
    0x5f, 0xff, 0xd5, 0x43, 0x9f, 0xff, 0xee, 0x7,
    0x5f, 0xff, 0xdd, 0xd, 0x7f, 0xff, 0x76, 0xa,
    0xff, 0xfe, 0xf0, 0x57, 0xff, 0xf7, 0xa0, 0x5f,
    0xff, 0xdf, 0x5, 0xff, 0xfd, 0xf4, 0xbf, 0xff,
    0xc0, 0x7f, 0xff, 0x84, 0xff, 0xff, 0x9, 0xff,
    0xfe, 0x17, 0xff, 0xf9, 0x52, 0xeb, 0xff, 0xf8,
    0xb7, 0xff, 0xf1, 0xa4, 0x3f, 0x9f, 0xff, 0xe1,
    0xdf, 0xff, 0xc4, 0x43, 0xff, 0x85, 0xff, 0xfd,
    0x14, 0x3f, 0xf8, 0xbf, 0xff, 0xc8, 0x1b, 0xa0,
    0x7f, 0xf2, 0x1f, 0xff, 0xe3, 0x87, 0xff, 0x3f,
    0xff, 0xf8, 0xd0, 0x7f, 0xf3, 0xef, 0xff, 0xe2,
    0xc1, 0xff, 0xcf, 0x7f, 0xff, 0x8b, 0x7, 0xff,
    0x43, 0xff, 0xf8, 0xb0, 0x7f, 0xf4, 0x3f, 0xfe,
    0xbf, 0xa0, 0xff, 0xe8, 0x7f, 0xfd, 0x7f, 0x41,
    0xff, 0xd0, 0xff, 0xf9, 0xfe, 0x83, 0xff, 0xa1,
    0xff, 0xf1, 0xfd, 0x7, 0xff, 0x43, 0xff, 0xe3,
    0xfa, 0xf, 0xfe, 0x7b, 0xff, 0xf1, 0xfd, 0x7,
    0xff, 0x3e, 0xff, 0xf4, 0x7f, 0x41, 0xff, 0xcf,
    0xff, 0xf8, 0x1f, 0xe0, 0xff, 0xe7, 0x3f, 0xff,
    0x3, 0xfd, 0x7, 0xff, 0x37, 0xff, 0xe4, 0x1f,
    0xf9, 0xf, 0xfe, 0x55, 0xff, 0xf0, 0x5f, 0xfd,
    0x7, 0xff, 0x22, 0xff, 0xf9, 0xb, 0xff, 0xe4,
    0x3f, 0xf8, 0xbf, 0xff, 0xc0, 0x83, 0x7f, 0xff,
    0x6, 0xf, 0xfe, 0xd, 0xff, 0xfc, 0x10, 0xef,
    0xff, 0xe2, 0x48, 0x73, 0x7f, 0xff, 0xc, 0x3d,
    0xff, 0xfd, 0xb0, 0xfb, 0xfd, 0x7f, 0xff, 0x4c,
    0x3f, 0x7f, 0x43, 0xff, 0xfd, 0x8, 0x3f, 0xbf,
    0xa0, 0x9f, 0xff, 0xe6, 0x41, 0xff, 0x5f, 0x90,
    0xe6, 0xff, 0xfe, 0x3a, 0x1f, 0xfc, 0x2b, 0xd0,
    0x7f, 0x9a, 0x7f, 0xf5, 0x10, 0xff, 0xe2, 0x0,

    /* U+0063 "c" */
    0xf, 0xfe, 0x3b, 0x4f, 0xfd, 0x44, 0x3f, 0xf9,
    0xcd, 0xff, 0xfc, 0x68, 0x3f, 0xf9, 0x37, 0xff,
    0xf3, 0x10, 0xff, 0xe2, 0x5f, 0xff, 0xcf, 0x83,
    0xff, 0x82, 0xff, 0xff, 0x4a, 0xf, 0xfa, 0xff,
    0xfe, 0xa2, 0x1f, 0xd7, 0xff, 0xf5, 0x83, 0xf5,
    0xff, 0xfd, 0x74, 0x3d, 0x7f, 0xff, 0x62, 0xe,
    0x7f, 0xff, 0xb3, 0x7, 0x7f, 0xff, 0x6a, 0xd,
    0x7f, 0xff, 0x6a, 0xd, 0xff, 0xfd, 0xb4, 0x2b,
    0xff, 0xfb, 0x61, 0xbf, 0xff, 0xb6, 0x84, 0xff,
    0xff, 0x6a, 0xd, 0x7f, 0xff, 0x66, 0xe, 0xff,
    0xfe, 0x3c, 0x87, 0xe6, 0xff, 0x21, 0xef, 0xff,
    0xe2, 0xc1, 0xff, 0xcd, 0x7f, 0xff, 0x88, 0x1f,
    0xfc, 0xfb, 0xff, 0xf8, 0x50, 0x7f, 0xf4, 0x2f,
    0xff, 0xe0, 0xc1, 0xff, 0xd1, 0xff, 0xfe, 0x10,
    0x7f, 0xf4, 0xbf, 0xff, 0x82, 0x87, 0xff, 0x4b,
    0xff, 0xf8, 0x21, 0xff, 0xd3, 0xff, 0xfe, 0x2,
    0x1f, 0xfd, 0x3f, 0xff, 0xe0, 0x21, 0xff, 0xd3,
    0xff, 0xfe, 0x0, 0x7f, 0xf5, 0x3f, 0xff, 0x80,
    0x1f, 0xfd, 0x4b, 0xff, 0xe0, 0xff, 0xea, 0x5f,
    0xff, 0x7, 0xff, 0x51, 0xff, 0xf9, 0xf, 0xfe,
    0xa7, 0xff, 0xc8, 0x7f, 0xf5, 0x3f, 0xff, 0x80,
    0x1f, 0xfd, 0x4b, 0xff, 0xe0, 0xff, 0xea, 0xff,
    0xfd, 0x7, 0xff, 0x35, 0xa0, 0x6f, 0xff, 0xe0,
    0x7, 0xff, 0x33, 0xf8, 0x37, 0xff, 0xf0, 0x3,
    0xff, 0x93, 0x7f, 0x90, 0xaf, 0xff, 0xe0, 0x7,
    0xff, 0x1a, 0xff, 0xc8, 0x6f, 0xff, 0xe0, 0xa1,
    0xff, 0xc1, 0x6f, 0xff, 0x7, 0xbf, 0xff, 0x84,
    0x87, 0xe6, 0xff, 0xfe, 0x0, 0x7c, 0xff, 0xff,
    0x16, 0x9f, 0xff, 0xc4, 0xf, 0xe7, 0xff, 0xfa,
    0x88, 0x7f, 0xf0, 0x3f, 0xff, 0xa3, 0x7, 0xff,
    0xd, 0xff, 0xfe, 0x6a, 0x1f, 0xfc, 0x76, 0xff,
    0xfe, 0x34, 0x87, 0xff, 0x39, 0xa7, 0xfe, 0xa2,
    0x1f, 0xfc, 0x30,

    /* U+0064 "d" */
    0xf, 0xfe, 0xeb, 0xe8, 0x3f, 0xfb, 0xaf, 0xe8,
    0x3f, 0xfb, 0x97, 0xf0, 0x7f, 0xf7, 0x3f, 0xc1,
    0xff, 0xdc, 0xff, 0x7, 0xff, 0x73, 0xfa, 0xf,
    0xfe, 0xe7, 0xf4, 0x1f, 0xfd, 0xcf, 0xe8, 0x3f,
    0xfb, 0x9f, 0xd0, 0x7f, 0xf7, 0x3f, 0x90, 0xff,
    0xed, 0xbf, 0xc8, 0x7f, 0xf6, 0xdf, 0xe4, 0x3f,
    0xfb, 0x6f, 0xf2, 0x1f, 0xfd, 0xb7, 0xf8, 0x3f,
    0xfb, 0x97, 0xf0, 0x7f, 0xf7, 0x2f, 0xe0, 0xff,
    0xee, 0x5f, 0xc1, 0xff, 0xc6, 0x69, 0xff, 0x51,
    0xf, 0xeb, 0xf8, 0x3f, 0xf8, 0x77, 0xff, 0xf1,
    0x60, 0xf7, 0xf8, 0x3f, 0xf8, 0xf, 0xff, 0xf2,
    0xc3, 0x7f, 0x83, 0xfe, 0xbf, 0xff, 0x9b, 0x3,
    0xfc, 0x1f, 0xcf, 0xff, 0xf4, 0x4f, 0xf0, 0x7e,
    0xbf, 0xff, 0xb2, 0x1f, 0x5f, 0xff, 0xda, 0xf,
    0x5f, 0xff, 0xda, 0x83, 0xaf, 0xff, 0xed, 0xc1,
    0xdf, 0xff, 0xdc, 0x83, 0x7f, 0xff, 0x76, 0x9,
    0xff, 0xfe, 0xec, 0x17, 0xff, 0xf7, 0xa0, 0x3f,
    0xff, 0xde, 0x81, 0x7f, 0xff, 0x7a, 0x7, 0xff,
    0xf7, 0xd0, 0x7f, 0xff, 0x7d, 0x1f, 0xff, 0xef,
    0xa5, 0xff, 0xfc, 0x58, 0x3e, 0x6f, 0xff, 0xe2,
    0x25, 0xff, 0xfc, 0x34, 0x3f, 0xf8, 0x37, 0xfd,
    0x7f, 0x27, 0xff, 0xf0, 0xc3, 0xff, 0x8b, 0x7d,
    0xf, 0xf2, 0x7f, 0xff, 0x8, 0x3f, 0xf9, 0x8f,
    0xf2, 0x7f, 0xff, 0x5, 0xf, 0xfe, 0x63, 0xfc,
    0x9f, 0xff, 0xc1, 0xf, 0xfe, 0x6b, 0xfc, 0x9f,
    0xff, 0xc0, 0x43, 0xff, 0x9a, 0xff, 0x27, 0xff,
    0xf0, 0x3, 0xff, 0x9c, 0xff, 0x27, 0xff, 0xf0,
    0x3, 0xff, 0x9c, 0xff, 0x25, 0xff, 0xf0, 0x7f,
    0xf3, 0x9f, 0xe4, 0xbf, 0xfd, 0x7, 0xff, 0x39,
    0xfe, 0x47, 0xff, 0xe0, 0xff, 0xe7, 0x3f, 0xc8,
    0x3f, 0xfe, 0xf, 0xfe, 0x73, 0xfc, 0x83, 0xff,
    0xe0, 0xff, 0xe7, 0x3f, 0xc8, 0x2f, 0xff, 0x7,
    0xff, 0x39, 0xfe, 0x40, 0xff, 0xf9, 0xf, 0xfe,
    0x6b, 0xfc, 0x85, 0xff, 0xf0, 0x7f, 0xf3, 0x5f,
    0xe4, 0x2b, 0xff, 0xc8, 0x7f, 0xf3, 0x1f, 0xe4,
    0x37, 0xff, 0xc1, 0xff, 0xcb, 0xbf, 0xc8, 0x6b,
    0xff, 0xe0, 0xff, 0xe4, 0xff, 0xe4, 0x3b, 0xff,
    0xf8, 0x8, 0x7f, 0xf1, 0x6f, 0xfe, 0x43, 0xdf,
    0xff, 0xc1, 0x43, 0xff, 0x83, 0x7f, 0xfc, 0x87,
    0x9f, 0xff, 0xe1, 0xa8, 0x39, 0xbf, 0xff, 0x84,
    0x87, 0xcf, 0xff, 0xf6, 0x50, 0xfe, 0xff, 0xfe,
    0xc2, 0x1f, 0xeb, 0xff, 0xf9, 0xf1, 0xfc, 0x87,
    0xff, 0x2, 0xff, 0xfe, 0x5c, 0x17, 0xf2, 0x1f,
    0xfc, 0x2b, 0xff, 0xf8, 0xf0, 0x77, 0xf0, 0x7f,
    0xf1, 0x9a, 0x7f, 0xf5, 0x10, 0xfe, 0xbc, 0x87,
    0xff, 0x90,

    /* U+0065 "e" */
    0xf, 0xfe, 0x42, 0xaf, 0xfe, 0x90, 0xff, 0xe9,
    0xdf, 0xff, 0xc6, 0x90, 0xff, 0xe6, 0x3f, 0xff,
    0xcc, 0x43, 0xff, 0x90, 0xff, 0xff, 0x40, 0x3f,
    0xf8, 0xdf, 0xff, 0xd3, 0x43, 0xff, 0x84, 0xff,
    0xff, 0x55, 0xf, 0xfe, 0x5, 0xff, 0xfd, 0x70,
    0xff, 0xaf, 0xff, 0xec, 0x87, 0xf5, 0xff, 0xfd,
    0xa4, 0x3e, 0xbf, 0xff, 0xb8, 0x1e, 0x7f, 0xff,
    0xba, 0x87, 0x7f, 0xff, 0x7a, 0xd, 0x7f, 0xff,
    0x7c, 0x37, 0xff, 0xf8, 0x2, 0xbf, 0xff, 0xc0,
    0x17, 0xff, 0xf8, 0x40, 0xff, 0xff, 0x2e, 0x8b,
    0x5f, 0xff, 0xc4, 0x5, 0xff, 0xfc, 0x79, 0xf,
    0xf5, 0xff, 0xfc, 0x10, 0x7f, 0xff, 0x19, 0xf,
    0xfe, 0x15, 0xff, 0xfc, 0x0, 0x7f, 0xff, 0x12,
    0xf, 0xfe, 0x2f, 0xff, 0xd0, 0xff, 0xff, 0xd,
    0xf, 0xfe, 0x37, 0xff, 0xc9, 0x7f, 0xff, 0x9,
    0xf, 0xfe, 0x3f, 0xff, 0xc0, 0xff, 0xfe, 0x14,
    0x1f, 0xfc, 0x77, 0xff, 0xe0, 0x7f, 0xff, 0x8,
    0x3f, 0xf9, 0x1f, 0xff, 0x20, 0xff, 0xfe, 0xa,
    0x1f, 0xfc, 0x7f, 0xff, 0xa0, 0xbf, 0xff, 0x82,
    0x1f, 0xfc, 0x6b, 0xff, 0xf8, 0x1, 0xbf, 0xff,
    0x80, 0x87, 0xff, 0x9, 0xbf, 0xff, 0x84, 0x1d,
    0xff, 0xfc, 0x0, 0xfe, 0x55, 0xff, 0xfc, 0x58,
    0x3d, 0xff, 0xfc, 0x0, 0xe7, 0xff, 0xf9, 0x48,
    0x7d, 0xff, 0xfc, 0x0, 0xef, 0xff, 0xe4, 0xa1,
    0xfd, 0x7f, 0xfa, 0xc, 0xff, 0xff, 0x1a, 0x43,
    0xfe, 0xbf, 0xfe, 0xc, 0xff, 0xff, 0xe, 0x43,
    0xff, 0x84, 0xff, 0xfc, 0x1d, 0x7f, 0xfa, 0x43,
    0xff, 0x8f, 0xff, 0xf0, 0x7c, 0xbc, 0x1f, 0xfc,
    0xdf, 0xff, 0x90, 0xff, 0xec, 0x3f, 0xff, 0x7,
    0xff, 0x49, 0x41, 0xdf, 0xff, 0x21, 0xff, 0xcf,
    0xbf, 0x6, 0xbf, 0xfe, 0xf, 0xfe, 0x6b, 0xfe,
    0x43, 0x7f, 0xff, 0x0, 0x3f, 0xf9, 0x4f, 0xfe,
    0x43, 0x5f, 0xff, 0xc0, 0x83, 0xff, 0x8a, 0xdf,
    0xfe, 0xf, 0x5f, 0xff, 0xc1, 0x83, 0xfe, 0x6f,
    0xff, 0xe0, 0xa1, 0xf7, 0xff, 0xf1, 0x6b, 0xbf,
    0xff, 0x8a, 0x1f, 0xef, 0xff, 0xec, 0x21, 0xff,
    0xc0, 0xbf, 0xff, 0xa8, 0x87, 0xff, 0x12, 0xff,
    0xfe, 0x7c, 0x1f, 0xfc, 0x9b, 0xff, 0xf9, 0x32,
    0x1f, 0xfc, 0xf6, 0x9f, 0xfd, 0x45, 0x7, 0xff,
    0x18,

    /* U+0066 "f" */
    0xf, 0xfe, 0x35, 0x3f, 0xa8, 0x87, 0xff, 0x25,
    0xff, 0xfe, 0xc, 0x1f, 0xfc, 0x6b, 0xff, 0xf8,
    0x81, 0xff, 0xc4, 0xff, 0xfe, 0x38, 0x7f, 0xf0,
    0xaf, 0xff, 0xe3, 0xa1, 0xff, 0xc0, 0x7f, 0xff,
    0x92, 0x1f, 0xfc, 0xf, 0xff, 0xe5, 0x7, 0xff,
    0x3, 0xff, 0xf9, 0x48, 0x7f, 0xaf, 0xff, 0xe5,
    0x41, 0xfe, 0xff, 0xfe, 0x5c, 0x1f, 0xef, 0xff,
    0xe5, 0xc1, 0xfe, 0xff, 0xfe, 0x5a, 0x1f, 0xef,
    0xff, 0xe5, 0x87, 0xfd, 0xff, 0xfc, 0xb0, 0xff,
    0x3f, 0xff, 0xca, 0x43, 0xfc, 0xff, 0xff, 0x28,
    0x3f, 0xe7, 0xff, 0xf9, 0x21, 0xff, 0xc0, 0x7f,
    0xfa, 0xb7, 0xfc, 0x1f, 0xfc, 0x17, 0xfe, 0xf,
    0xcb, 0x7, 0xff, 0xd, 0xff, 0x7, 0xff, 0x3e,
    0xfe, 0x83, 0xff, 0x9f, 0x7f, 0x21, 0xff, 0xcf,
    0xbf, 0x90, 0xff, 0xe7, 0xdf, 0xc8, 0x7f, 0xf3,
    0xef, 0xe4, 0x3f, 0xf9, 0xf7, 0xf4, 0xaa, 0xbf,
    0xfc, 0x87, 0xe5, 0x5f, 0xff, 0xcb, 0x41, 0x7f,
    0xff, 0x4a, 0x2f, 0xff, 0xe9, 0xa7, 0xff, 0xf4,
    0xe0, 0x7f, 0xff, 0x1a, 0xb2, 0xf0, 0x7c, 0xff,
    0xd7, 0xf8, 0x3f, 0xf9, 0x2a, 0xe, 0x7f, 0x83,
    0xff, 0xa0, 0xff, 0x7, 0xff, 0x41, 0xfe, 0xf,
    0xfe, 0x83, 0xfc, 0x1f, 0xfd, 0x7, 0xf8, 0x3f,
    0xfa, 0xf, 0xf0, 0x7f, 0xf4, 0x1f, 0xe4, 0x3f,
    0xf9, 0xef, 0xf2, 0x1f, 0xfd, 0xf, 0xe4, 0x3f,
    0xfa, 0x1f, 0xc8, 0x7f, 0xf4, 0x3f, 0x90, 0xff,
    0xe8, 0x7f, 0x21, 0xff, 0xd0, 0xfe, 0x83, 0xff,
    0xa1, 0xfd, 0x7, 0xff, 0x43, 0xfa, 0xf, 0xfe,
    0x87, 0xf4, 0x1f, 0xfd, 0xf, 0xf0, 0x7f, 0xf4,
    0x3f, 0xc1, 0xff, 0xd0, 0xbf, 0x83, 0xff, 0xa1,
    0x7f, 0x7, 0xff, 0x42, 0xfe, 0xf, 0xfe, 0x83,
    0xfc, 0x1f, 0xfd, 0x7, 0xf8, 0x3f, 0xfa, 0xf,
    0xf2, 0x1f, 0xfc, 0xf7, 0xf9, 0xf, 0xfe, 0x87,
    0xf2, 0x1f, 0xfd, 0xf, 0xe8, 0x3f, 0xfa, 0x1f,
    0xd0, 0x7f, 0xf4, 0x3f, 0xa0, 0xff, 0xe8, 0x7f,
    0x41, 0xff, 0xd0, 0xbf, 0x21, 0xff, 0xd1, 0xbd,
    0x7, 0xff, 0x18,

    /* U+0067 "g" */
    0xf, 0xfe, 0x33, 0x4f, 0xff, 0x51, 0x41, 0xff,
    0xd0, 0x6f, 0xff, 0xe4, 0xc8, 0x7f, 0xf2, 0x9f,
    0xff, 0xe7, 0xc1, 0xff, 0xc6, 0x7f, 0xff, 0xa8,
    0x1f, 0xfc, 0x3f, 0xff, 0xeb, 0xa1, 0xff, 0x3f,
    0xff, 0xd9, 0x83, 0xfa, 0xff, 0xfe, 0xda, 0x1f,
    0x5f, 0xff, 0xdd, 0xf, 0x3f, 0xff, 0xde, 0x83,
    0xbf, 0xff, 0xc0, 0x1b, 0xff, 0xfc, 0x21, 0x3f,
    0xff, 0xe1, 0xb, 0xff, 0xfc, 0x40, 0x7f, 0xff,
    0xc4, 0xb, 0xff, 0xfc, 0x40, 0xff, 0xff, 0x14,
    0xf, 0xff, 0xf1, 0x1, 0xff, 0xfe, 0x45, 0x17,
    0xa9, 0xff, 0xfc, 0x48, 0x17, 0xff, 0xf1, 0x60,
    0xff, 0xe0, 0xb7, 0xff, 0xd0, 0x5f, 0xff, 0xc4,
    0x83, 0xff, 0x8f, 0x7f, 0xc8, 0x6f, 0xff, 0xe1,
    0xa1, 0xff, 0xcb, 0x58, 0x3e, 0xff, 0xfe, 0x12,
    0x1f, 0xfd, 0x6f, 0xff, 0xe0, 0xc1, 0xff, 0xd7,
    0xff, 0xfe, 0x8, 0x7f, 0xf3, 0xfe, 0x43, 0xbf,
    0xff, 0x81, 0x7, 0xff, 0x3b, 0xf8, 0x3b, 0xff,
    0xf8, 0x1, 0xff, 0xcf, 0xfe, 0x43, 0x7f, 0xff,
    0x0, 0x3f, 0xf9, 0xff, 0xc8, 0x6b, 0xff, 0xe0,
    0xff, 0xe7, 0xff, 0x41, 0xaf, 0xff, 0x83, 0xff,
    0x9f, 0xfd, 0x6, 0x7f, 0xfd, 0x7, 0xff, 0x3f,
    0xfc, 0x19, 0xff, 0xf8, 0x3f, 0xf9, 0xf7, 0xf0,
    0x77, 0xff, 0xc1, 0xff, 0xcf, 0xbf, 0x83, 0xbf,
    0xfe, 0xf, 0xfe, 0x7b, 0xfc, 0x1c, 0xff, 0xf9,
    0xf, 0xfe, 0x73, 0xfc, 0x87, 0x7f, 0xfc, 0x1f,
    0xfc, 0xe7, 0xf9, 0xe, 0xbf, 0xfc, 0x87, 0xff,
    0x31, 0xff, 0x21, 0xef, 0xff, 0x83, 0xff, 0x97,
    0x7f, 0xd0, 0x7a, 0xff, 0xf8, 0x3f, 0xf9, 0x3f,
    0xfd, 0x7, 0xdf, 0xff, 0xc0, 0x43, 0xff, 0x8b,
    0x7f, 0xfa, 0xf, 0x9f, 0xff, 0xe0, 0xa1, 0xff,
    0xc0, 0x6f, 0xff, 0xe0, 0x41, 0xf9, 0xff, 0xfe,
    0x15, 0x14, 0x12, 0xaf, 0xff, 0xe1, 0xc1, 0xfc,
    0xff, 0xff, 0x6a, 0xf, 0xf3, 0xff, 0xfd, 0x33,
    0xfa, 0xf, 0xfe, 0x7, 0xff, 0xf4, 0x20, 0x7f,
    0x41, 0xff, 0xc1, 0x7f, 0xff, 0x99, 0x6, 0xfe,
    0x83, 0xff, 0x89, 0x7f, 0xff, 0x1d, 0xf, 0x7f,
    0x21, 0xff, 0xc7, 0x69, 0xff, 0xd2, 0x83, 0xfb,
    0xf9, 0xf, 0xfe, 0xff, 0xf2, 0x1f, 0xfd, 0xe7,
    0xf8, 0x3f, 0xfb, 0xff, 0xe0, 0xff, 0xef, 0x3f,
    0xe0, 0xff, 0xef, 0x7f, 0xa0, 0xfe, 0x7e, 0x43,
    0xff, 0x9f, 0xff, 0x7, 0xfb, 0xfe, 0x43, 0xff,
    0x95, 0x7f, 0xe0, 0xfe, 0x7f, 0xfd, 0x44, 0x3f,
    0xf8, 0x4d, 0xff, 0xc1, 0xfe, 0x7f, 0xff, 0x8b,
    0x5f, 0xbf, 0xff, 0x80, 0x87, 0xfd, 0xff, 0xfd,
    0x88, 0x3f, 0xf8, 0x2f, 0xff, 0xf5, 0x50, 0xff,
    0xe2, 0x37, 0xff, 0xf4, 0x20, 0xff, 0xe5, 0x37,
    0xff, 0xf2, 0xa0, 0xff, 0xe8, 0x2a, 0x9f, 0xff,
    0x51, 0xf, 0xfe, 0x18,

    /* U+0068 "h" */
    0x9, 0xf8, 0x3f, 0xfb, 0xbf, 0xc1, 0xff, 0xdb,
    0x7f, 0x83, 0xff, 0xb7, 0x7f, 0x7, 0xff, 0x6e,
    0xfe, 0xf, 0xfe, 0xdd, 0xfc, 0x1f, 0xfd, 0xbf,
    0xf0, 0x7f, 0xf6, 0xff, 0xc1, 0xff, 0xdb, 0xfe,
    0x83, 0xff, 0xb7, 0xfd, 0x7, 0xff, 0x6f, 0xfa,
    0xf, 0xfe, 0xd3, 0xfc, 0x87, 0xff, 0x69, 0xfe,
    0x43, 0xff, 0xb4, 0xff, 0x21, 0xff, 0xda, 0xbf,
    0x83, 0xff, 0xb7, 0x7f, 0x7, 0xff, 0x6e, 0xfe,
    0xf, 0xfe, 0xdd, 0xfc, 0x1f, 0xfc, 0x15, 0x5f,
    0xfa, 0x88, 0x7f, 0xf0, 0x3f, 0xc1, 0xfc, 0xdf,
    0xff, 0xc5, 0x90, 0xfe, 0xff, 0x7, 0xaf, 0xff,
    0xe6, 0x7, 0xef, 0xf0, 0x4d, 0xff, 0xfc, 0xf4,
    0x3d, 0xfd, 0x2, 0xff, 0xfe, 0x92, 0x1d, 0xfd,
    0x1f, 0xff, 0xd5, 0xe, 0xfe, 0xbf, 0xff, 0xae,
    0x1b, 0xff, 0xfb, 0xa8, 0x5f, 0xff, 0xde, 0x3,
    0xff, 0xfd, 0xe0, 0x3f, 0xff, 0xde, 0x87, 0xff,
    0xfb, 0xe3, 0xff, 0xfd, 0xf1, 0xff, 0xfe, 0xf9,
    0x7f, 0xff, 0x7d, 0xbf, 0xff, 0xbe, 0xdf, 0xff,
    0xdf, 0xa7, 0xff, 0xf2, 0xa5, 0x7, 0xcd, 0xff,
    0xd4, 0xfe, 0x7f, 0xff, 0x81, 0x21, 0xff, 0xc3,
    0xbf, 0xea, 0x7f, 0x17, 0xff, 0x21, 0xff, 0xc7,
    0xbf, 0xd7, 0xf8, 0xf, 0xf4, 0x87, 0xff, 0x2b,
    0xfd, 0x7f, 0x83, 0xff, 0xa9, 0x7f, 0x5f, 0xe0,
    0xff, 0xea, 0x3f, 0xd7, 0xf8, 0x3f, 0xfa, 0xbf,
    0xd7, 0xf8, 0x3f, 0xfa, 0xbf, 0xcf, 0xf8, 0x3f,
    0xfa, 0xbf, 0xcf, 0xf8, 0x3f, 0xfa, 0xbf, 0xcf,
    0xf8, 0x3f, 0xfa, 0x8f, 0xf3, 0xfe, 0xf, 0xfe,
    0xa3, 0xfc, 0x7f, 0x83, 0xff, 0xa8, 0xff, 0x1f,
    0xe0, 0xff, 0xea, 0x3f, 0xc7, 0xf4, 0x1f, 0xfd,
    0x4b, 0xf8, 0xfe, 0x83, 0xff, 0xa9, 0x7f, 0x1f,
    0xd0, 0x7f, 0xf5, 0x3f, 0xa3, 0xfa, 0xf, 0xfe,
    0xa7, 0xf4, 0x7f, 0x41, 0xff, 0xd4, 0xfe, 0x8f,
    0xe8, 0x3f, 0xfa, 0x9f, 0xc9, 0xfd, 0x7, 0xff,
    0x4d, 0xfe, 0x4f, 0xf0, 0x7f, 0xf4, 0xdf, 0xe0,
    0x7f, 0x83, 0xff, 0xa7, 0x7f, 0x3, 0xfc, 0x1f,
    0xfd, 0x3f, 0xf0, 0x3f, 0xc1, 0xff, 0xd3, 0xfe,
    0x81, 0xfe, 0xf, 0xfe, 0x9f, 0xf4, 0xf, 0xf0,
    0x7f, 0xf4, 0x9f, 0xe4, 0x1f, 0xe0, 0xff, 0xe9,
    0x3f, 0xc1, 0x3f, 0xa0, 0xff, 0xe9, 0xff, 0x6,
    0xbd, 0x7, 0xff, 0x51, 0xf4, 0x1f, 0xfe, 0x50,

    /* U+0069 "i" */
    0xe, 0x6f, 0xd2, 0x1f, 0xef, 0xff, 0x21, 0xe7,
    0xff, 0xf8, 0x8, 0x67, 0xff, 0xf8, 0x48, 0x5f,
    0xff, 0xc4, 0x3, 0xff, 0xfc, 0x48, 0xbf, 0xff,
    0x8a, 0x7f, 0xff, 0x18, 0xff, 0xfe, 0x31, 0xff,
    0xfc, 0x62, 0xff, 0xfe, 0x28, 0xff, 0xff, 0x11,
    0x7, 0xff, 0xf1, 0x3, 0x7f, 0xff, 0x8, 0x3d,
    0xff, 0xfc, 0x4, 0x3e, 0xbf, 0xf4, 0x1f, 0xf3,
    0x59, 0xf, 0xff, 0xf8, 0x7f, 0xf5, 0x5b, 0xf4,
    0x1f, 0xf7, 0xff, 0x21, 0xf3, 0xff, 0xf2, 0x1e,
    0xff, 0xfe, 0xa, 0x1b, 0xff, 0xf8, 0x61, 0xbf,
    0xff, 0x86, 0x15, 0xff, 0xfc, 0x34, 0x17, 0xff,
    0xf0, 0xd0, 0x7f, 0xff, 0x11, 0x7, 0xff, 0xf1,
    0x10, 0x7f, 0xff, 0x11, 0x7, 0xff, 0xf1, 0x20,
    0x7f, 0xff, 0x12, 0x1f, 0xff, 0xe2, 0x43, 0xff,
    0xfc, 0x48, 0x7f, 0xff, 0x89, 0xf, 0xff, 0xf1,
    0x21, 0xff, 0xfe, 0x24, 0x5f, 0xff, 0xc4, 0x8b,
    0xff, 0xf8, 0x91, 0x7f, 0xff, 0x12, 0x2f, 0xff,
    0xe2, 0x45, 0xff, 0xfc, 0x48, 0xbf, 0xff, 0x89,
    0x17, 0xff, 0xf1, 0x22, 0xff, 0xfe, 0x22, 0x5f,
    0xff, 0xc4, 0x4b, 0xff, 0xf8, 0x88, 0xff, 0xff,
    0x11, 0x1f, 0xff, 0xe2, 0x23, 0xff, 0xfc, 0x40,
    0x3f, 0xff, 0xc4, 0x3, 0xff, 0xfc, 0x40, 0xbf,
    0xff, 0x88, 0x17, 0xff, 0xf1, 0x2, 0xff, 0xfe,
    0x20, 0x5f, 0xff, 0xc4, 0xb, 0xff, 0xf8, 0x70,
    0x5f, 0xff, 0xc3, 0x82, 0xbf, 0xff, 0x84, 0x85,
    0x7f, 0xff, 0x9, 0xd, 0xff, 0xfc, 0x20, 0xef,
    0xff, 0xe0, 0xc1, 0xcf, 0xff, 0xf0, 0x3, 0xeb,
    0xff, 0xc8, 0x7e, 0x7f, 0xf2, 0x1f, 0xf5, 0xfa,
    0xf, 0x80,

    /* U+006A "j" */
    0xf, 0xfe, 0x1a, 0xe0, 0xff, 0xe4, 0xbf, 0xf9,
    0xf, 0xfe, 0x2f, 0xff, 0xd0, 0x7f, 0xf0, 0xff,
    0xff, 0x83, 0x7, 0xff, 0x7, 0xff, 0xf8, 0x70,
    0x7f, 0xcf, 0xff, 0xf1, 0x3, 0xfe, 0xff, 0xfe,
    0x2a, 0x1f, 0xef, 0xff, 0xe2, 0xc1, 0xfe, 0xff,
    0xfe, 0x30, 0x7f, 0xbf, 0xff, 0x8c, 0x1f, 0xef,
    0xff, 0xe2, 0xc1, 0xfe, 0xff, 0xfe, 0x2a, 0x1f,
    0xe7, 0xff, 0xf8, 0x81, 0xff, 0xc0, 0xff, 0xfe,
    0x1c, 0x1f, 0xfc, 0x1f, 0xff, 0xe0, 0xc1, 0xff,
    0xc3, 0xff, 0xfa, 0xf, 0xfe, 0x2b, 0xff, 0x90,
    0xff, 0xe4, 0xae, 0xf, 0xff, 0xf8, 0x7f, 0xff,
    0xc3, 0xff, 0x82, 0xfe, 0x90, 0xff, 0xe3, 0xbf,
    0xfc, 0x87, 0xff, 0x12, 0xff, 0xfa, 0xf, 0xfe,
    0x13, 0xff, 0xfc, 0x14, 0x3f, 0xf8, 0x3f, 0xff,
    0xc3, 0xf, 0xfe, 0x3, 0xff, 0xfc, 0x38, 0x3f,
    0xeb, 0xff, 0xf8, 0x81, 0xff, 0x5f, 0xff, 0xc4,
    0xf, 0xfb, 0xff, 0xf8, 0xa8, 0x7f, 0xaf, 0xff,
    0xe2, 0x41, 0xfe, 0xbf, 0xff, 0x89, 0x7, 0xf9,
    0xff, 0xfe, 0x28, 0x7f, 0xdf, 0xff, 0xc5, 0xf,
    0xfb, 0xff, 0xf8, 0xa1, 0xff, 0x7f, 0xff, 0x14,
    0x3f, 0xeb, 0xff, 0xf8, 0x81, 0xff, 0x5f, 0xff,
    0xc4, 0xf, 0xf9, 0xff, 0xfe, 0x22, 0x1f, 0xe7,
    0xff, 0xf8, 0x88, 0x7f, 0xdf, 0xff, 0xc4, 0x43,
    0xfe, 0xff, 0xfe, 0x24, 0x1f, 0xf7, 0xff, 0xf1,
    0x20, 0xff, 0xbf, 0xff, 0x89, 0x7, 0xfd, 0x7f,
    0xff, 0xe, 0xf, 0xfa, 0xff, 0xfe, 0x1c, 0x1f,
    0xf3, 0xff, 0xfc, 0x38, 0x3f, 0xe7, 0xff, 0xf8,
    0x70, 0x7f, 0xcf, 0xff, 0xf0, 0xe0, 0xff, 0xe0,
    0x7f, 0xff, 0xe, 0xf, 0xfe, 0x7, 0xff, 0xf0,
    0xe0, 0xff, 0xe0, 0x7f, 0xff, 0xe, 0xf, 0xfe,
    0x7, 0xff, 0xf0, 0xe0, 0xff, 0xe0, 0x7f, 0xff,
    0xe, 0xf, 0xfe, 0x7, 0xff, 0xf0, 0xe0, 0xff,
    0xe0, 0x5f, 0xff, 0xc2, 0x83, 0xff, 0x81, 0x7f,
    0xff, 0xa, 0xf, 0xfe, 0x5, 0xff, 0xfc, 0x28,
    0x3f, 0xf8, 0x17, 0xff, 0xf0, 0xa0, 0xff, 0xe0,
    0x3f, 0xff, 0xc2, 0x43, 0xff, 0x80, 0xff, 0xff,
    0x9, 0xf, 0xfe, 0x3, 0xff, 0xfc, 0x24, 0x3f,
    0xf8, 0xf, 0xff, 0xf0, 0x90, 0xff, 0xe0, 0x3f,
    0xff, 0xc2, 0xf, 0xfe, 0x17, 0xff, 0xf0, 0x83,
    0xff, 0x85, 0xff, 0xfc, 0x20, 0xff, 0xe1, 0x7f,
    0xff, 0x8, 0x3f, 0xf8, 0x5f, 0xff, 0xc2, 0xf,
    0xfe, 0x17, 0xff, 0xf0, 0x60, 0xff, 0xe1, 0x7f,
    0xff, 0x6, 0xf, 0xfe, 0x17, 0xff, 0xf0, 0x50,
    0x7c, 0x87, 0xef, 0xff, 0xe0, 0xa5, 0xf9, 0xf,
    0x3f, 0xff, 0xc1, 0x7, 0xf9, 0xe, 0xff, 0xfe,
    0x10, 0x3f, 0xe8, 0x2b, 0xff, 0xf8, 0x28, 0x1f,
    0xff, 0xe6, 0x6, 0xbf, 0xff, 0x94, 0x87, 0x5f,
    0xff, 0xc9, 0xf, 0xaf, 0xff, 0xe3, 0x87, 0xf3,
    0xff, 0xfc, 0x48, 0x3f, 0xf8, 0xf, 0xff, 0xf0,
    0x50, 0xff, 0xe2, 0x37, 0xfa, 0x43, 0xf8,

    /* U+006B "k" */
    0xf, 0x5f, 0x90, 0xff, 0xee, 0xdf, 0xf9, 0xf,
    0xfe, 0xd7, 0xff, 0xc8, 0x7f, 0xf6, 0x2f, 0xff,
    0xe0, 0x7, 0xff, 0x5d, 0xff, 0xfe, 0xc, 0x1f,
    0xfd, 0x6f, 0xff, 0xe1, 0x87, 0xff, 0x5b, 0xff,
    0xf8, 0x70, 0x7f, 0xf5, 0x1f, 0xff, 0xe1, 0xc1,
    0xff, 0xd4, 0xbf, 0xff, 0x88, 0x1f, 0xfd, 0x4b,
    0xff, 0xf8, 0x81, 0xff, 0xd4, 0xbf, 0xff, 0x88,
    0x1f, 0xfd, 0x4f, 0xff, 0xe2, 0x87, 0xff, 0x53,
    0xff, 0xf8, 0xa1, 0xff, 0xd4, 0xff, 0xfe, 0x2a,
    0x1f, 0xfd, 0x3f, 0xff, 0xe2, 0xa1, 0xff, 0xd3,
    0xff, 0xfe, 0x2a, 0x1f, 0xfd, 0x3f, 0xff, 0xe2,
    0xc1, 0xff, 0xd3, 0xff, 0xfe, 0x2c, 0x1f, 0xfc,
    0xcb, 0xd0, 0x5f, 0xff, 0xc5, 0x83, 0xff, 0x94,
    0xff, 0x40, 0xff, 0xfe, 0x2c, 0x1f, 0xfc, 0x97,
    0xfe, 0x7, 0xff, 0xf1, 0x83, 0xff, 0x91, 0x7f,
    0xd0, 0x3f, 0xff, 0x8c, 0x1f, 0xfc, 0x7f, 0xfe,
    0xb, 0xff, 0xf8, 0xc1, 0xff, 0xc6, 0xff, 0xe0,
    0xdf, 0xff, 0xc6, 0xf, 0xfe, 0x2f, 0xff, 0x7,
    0x7f, 0xff, 0x18, 0x3f, 0xf8, 0x9f, 0xfa, 0xf,
    0x7f, 0xff, 0x18, 0x3f, 0xf8, 0x4f, 0xfe, 0x43,
    0xef, 0xff, 0xe3, 0x7, 0xff, 0x5, 0xff, 0xc1,
    0xfd, 0xff, 0xfc, 0x60, 0xff, 0xe0, 0x3f, 0xf8,
    0x3f, 0xdf, 0xff, 0xc6, 0xf, 0xf9, 0xff, 0xc1,
    0xff, 0x7f, 0xff, 0x18, 0x3f, 0xef, 0xfa, 0xf,
    0xfe, 0x7, 0xff, 0xf1, 0x83, 0xfd, 0xff, 0x41,
    0xff, 0xc1, 0xff, 0xfe, 0x32, 0x1f, 0xbf, 0xe8,
    0x3f, 0xf8, 0x5f, 0xff, 0xc6, 0x43, 0xef, 0xfa,
    0xf, 0xfe, 0x1d, 0xff, 0xfc, 0x54, 0x3d, 0x7f,
    0xa0, 0xff, 0xe2, 0x5f, 0xff, 0xc5, 0x43, 0x9f,
    0xf8, 0x3f, 0xf8, 0xb7, 0xff, 0xf1, 0x50, 0xef,
    0xf8, 0x3f, 0xf8, 0xd7, 0xff, 0xf1, 0x50, 0xdf,
    0xf0, 0x7f, 0xf1, 0xef, 0xff, 0xe2, 0xa1, 0x3f,
    0xe0, 0xff, 0xe4, 0x3f, 0xff, 0xc5, 0x42, 0xbf,
    0x90, 0xff, 0xe4, 0x3f, 0xff, 0xc5, 0x42, 0xff,
    0x7, 0xff, 0x25, 0xff, 0xfe, 0x2a, 0x17, 0xf4,
    0x1f, 0xfc, 0xaf, 0xff, 0xe2, 0xa1, 0x7f, 0x41,
    0xff, 0xca, 0xff, 0xfe, 0x2a, 0x17, 0xf4, 0x1f,
    0xfc, 0xaf, 0xff, 0xe2, 0xa1, 0x7f, 0x83, 0xff,
    0x95, 0xff, 0xfc, 0x54, 0x2b, 0xfc, 0x1f, 0xfc,
    0x9f, 0xff, 0xe2, 0xa1, 0xbf, 0xd0, 0x7f, 0xf2,
    0x2f, 0xff, 0xe2, 0x21, 0xaf, 0xf2, 0x1f, 0xfc,
    0x7b, 0xff, 0xf8, 0x88, 0x77, 0xfc, 0x87, 0xff,
    0x1a, 0xff, 0xfe, 0x22, 0x1e, 0xff, 0x90, 0xff,
    0xe2, 0xbf, 0xff, 0xc4, 0x43, 0xcf, 0xfd, 0x7,
    0xff, 0x11, 0xff, 0xfe, 0x22, 0x1f, 0x3f, 0xf4,
    0x1f, 0xfc, 0x4f, 0xff, 0xe2, 0x7, 0xf3, 0xff,
    0x83, 0xff, 0x87, 0xff, 0xfc, 0x40, 0xff, 0x5f,
    0xf9, 0xf, 0xfe, 0xf, 0xff, 0xf1, 0x3, 0xfe,
    0x7f, 0xf4, 0x1f, 0xfc, 0xf, 0xff, 0xe2, 0x7,
    0xff, 0x1, 0xff, 0xe4, 0x3f, 0xd7, 0xff, 0xf0,
    0xc3, 0xff, 0x85, 0xff, 0xe0, 0xfe, 0x7f, 0xff,
    0x86, 0x1f, 0xfc, 0x3b, 0xff, 0xa0, 0xf9, 0xff,
    0xfe, 0x14, 0x1f, 0xfc, 0x47, 0xff, 0xd0, 0x7b,
    0xff, 0xf8, 0x48, 0x7f, 0xf1, 0xaf, 0xff, 0x21,
    0xaf, 0xff, 0xe0, 0x87, 0xff, 0x21, 0xff, 0xf0,
    0x77, 0xff, 0xf0, 0x10, 0xff, 0xe5, 0x3f, 0xf8,
    0x3d, 0xff, 0xe8, 0x3f, 0xf9, 0xaf, 0xf4, 0x1f,
    0x7f, 0xe4, 0x3f, 0xfa, 0xd, 0xc1, 0xfc, 0xfe,
    0x83, 0xff, 0xb0,

    /* U+006C "l" */
    0xf, 0xfe, 0x65, 0xfa, 0xf, 0xf3, 0xff, 0x90,
    0xfa, 0xff, 0xf4, 0x1c, 0xff, 0xff, 0x1, 0xd,
    0xff, 0xfc, 0x20, 0x9f, 0xff, 0xe1, 0x5, 0x7f,
    0xff, 0xa, 0x7, 0xff, 0xf0, 0xe0, 0x7f, 0xff,
    0x10, 0x1f, 0xff, 0xc4, 0x1f, 0xff, 0xe2, 0xf,
    0xff, 0xf1, 0x7, 0xff, 0xf8, 0x83, 0xff, 0xfc,
    0x41, 0xff, 0xfe, 0x21, 0x7f, 0xff, 0x10, 0xbf,
    0xff, 0x88, 0x5f, 0xff, 0xc4, 0x2f, 0xff, 0xe2,
    0x17, 0xff, 0xf1, 0xb, 0xff, 0xf8, 0x85, 0xff,
    0xfc, 0x43, 0xff, 0xf8, 0xaf, 0xff, 0xf1, 0x5f,
    0xff, 0xe2, 0xbf, 0xff, 0xc5, 0x7f, 0xff, 0x8a,
    0xff, 0xff, 0x15, 0xff, 0xfe, 0x2b, 0xff, 0xfc,
    0x57, 0xff, 0xf8, 0xaf, 0xff, 0xf1, 0x5f, 0xff,
    0xe2, 0xbf, 0xff, 0xc5, 0x7f, 0xff, 0x8a, 0xff,
    0xff, 0x14, 0xff, 0xfe, 0x29, 0xff, 0xfc, 0x53,
    0xff, 0xf8, 0xa7, 0xff, 0xf1, 0x4f, 0xff, 0xe2,
    0x9f, 0xff, 0xc5, 0x2f, 0xff, 0xe2, 0x17, 0xff,
    0xf1, 0xb, 0xff, 0xf8, 0x85, 0xff, 0xfc, 0x42,
    0xff, 0xfe, 0x20, 0xff, 0xff, 0x10, 0x7f, 0xff,
    0x88, 0x3f, 0xff, 0xc3, 0x87, 0xff, 0xf8, 0x70,
    0x3f, 0xff, 0x87, 0x3, 0xff, 0xf8, 0x70, 0x3f,
    0xff, 0x86, 0x83, 0xff, 0xf8, 0x68, 0x3f, 0xff,
    0x86, 0x82, 0xff, 0xfe, 0x10, 0x57, 0xff, 0xf0,
    0x82, 0x7f, 0xff, 0x83, 0x6, 0xff, 0xfe, 0x8,
    0x73, 0xff, 0xf4, 0x1e, 0xbf, 0xfc, 0x1f, 0xaf,
    0xfc, 0x1f, 0xf5, 0xf4, 0x87, 0x80,

    /* U+006D "m" */
    0xf, 0xfe, 0x13, 0x4f, 0xfd, 0x44, 0x3f, 0xf9,
    0xd, 0x3f, 0xd2, 0x1f, 0xfc, 0xa6, 0xff, 0xfe,
    0x32, 0x1f, 0xfc, 0x27, 0xff, 0xf8, 0x52, 0x1f,
    0xfc, 0x5b, 0xff, 0xf9, 0x68, 0x7f, 0x3f, 0xff,
    0xc8, 0xf, 0xfe, 0xb, 0xff, 0xfd, 0x0, 0xfb,
    0xff, 0xf9, 0x68, 0x7f, 0xaf, 0xff, 0xe9, 0x21,
    0x5f, 0xff, 0xcd, 0x83, 0xf7, 0xff, 0xf5, 0x52,
    0xff, 0xfe, 0x7a, 0x1e, 0xbf, 0xff, 0xad, 0x7f,
    0xff, 0x44, 0x39, 0xff, 0xff, 0xb0, 0x6f, 0xff,
    0xfb, 0xa0, 0x7f, 0xff, 0xf0, 0xb, 0xff, 0xff,
    0x0, 0xff, 0xff, 0xca, 0x7f, 0xff, 0xe6, 0x3f,
    0xff, 0xf4, 0x7f, 0xff, 0xe8, 0xbf, 0xff, 0xf2,
    0x3f, 0xff, 0xf9, 0x4f, 0xff, 0xe2, 0x4a, 0xf,
    0xcd, 0xff, 0xfc, 0x9a, 0x21, 0xcf, 0xff, 0x90,
    0x7f, 0xff, 0x1, 0xf, 0xfe, 0x23, 0xff, 0xfc,
    0x49, 0xf, 0xf9, 0xff, 0xc8, 0x1f, 0xfd, 0x7,
    0xff, 0x27, 0xff, 0xf8, 0x28, 0x7f, 0xf1, 0x3f,
    0xe4, 0x35, 0xfe, 0xf, 0xfe, 0x5f, 0xfc, 0xb0,
    0x7f, 0xf1, 0xdf, 0xf2, 0x1d, 0xfd, 0x7, 0xff,
    0x2d, 0xff, 0x7, 0xff, 0x2f, 0xfc, 0x86, 0x7f,
    0x90, 0xff, 0xe6, 0x7f, 0x83, 0xff, 0x97, 0x7f,
    0x21, 0x9f, 0xe4, 0x3f, 0xf9, 0x9f, 0xd0, 0x7f,
    0xf2, 0xdf, 0xe4, 0x35, 0xfc, 0x1f, 0xfc, 0xdf,
    0xe8, 0x3f, 0xf9, 0x6f, 0xf2, 0x1a, 0xfe, 0xf,
    0xfe, 0x6f, 0xf4, 0x1f, 0xfc, 0xb7, 0xf9, 0xd,
    0xfe, 0xf, 0xfe, 0x6f, 0xf4, 0x1f, 0xfc, 0xb7,
    0xf8, 0x3b, 0xfc, 0x1f, 0xfc, 0xdf, 0xe8, 0x3f,
    0xf9, 0x6f, 0xf0, 0x77, 0xf4, 0x1f, 0xfc, 0xdf,
    0xe4, 0x3f, 0xf9, 0x6f, 0xf0, 0x77, 0xf4, 0x1f,
    0xfc, 0xdf, 0xe4, 0x3f, 0xf9, 0x6f, 0xf0, 0x67,
    0xfa, 0xf, 0xfe, 0x6f, 0xf2, 0x1f, 0xfc, 0xb7,
    0xf8, 0x33, 0xfd, 0x7, 0xff, 0x37, 0xf9, 0xf,
    0xfe, 0x5d, 0xfc, 0x19, 0xfe, 0x43, 0xff, 0x9b,
    0xfc, 0x1f, 0xfc, 0xcb, 0xf8, 0x33, 0xfc, 0x87,
    0xff, 0x31, 0xfe, 0xf, 0xfe, 0x65, 0xfa, 0xc,
    0xff, 0x21, 0xff, 0xcc, 0x7f, 0x83, 0xff, 0x99,
    0xfd, 0x6, 0xbf, 0x90, 0xff, 0xe6, 0x5f, 0xc1,
    0xff, 0xcc, 0xfe, 0x43, 0x5f, 0xc8, 0x7f, 0xf3,
    0x2f, 0xe0, 0xff, 0xe6, 0x7f, 0x21, 0xaf, 0xe4,
    0x3f, 0xf9, 0x9f, 0xd0, 0x7f, 0xf2, 0xdf, 0xe0,
    0xe7, 0xf9, 0xf, 0xfe, 0x67, 0xf4, 0x1f, 0xfc,
    0xb7, 0xf8, 0x39, 0xfe, 0x43, 0xff, 0x99, 0xfc,
    0x87, 0xff, 0x2e, 0xfe, 0xe, 0x7f, 0x90, 0xff,
    0xe5, 0xbf, 0xc1, 0xff, 0xcc, 0xff, 0x7, 0x3f,
    0xc8, 0x7f, 0xf2, 0xef, 0xe0, 0xff, 0xe6, 0x7f,
    0x41, 0xcf, 0xf2, 0x1f, 0xfc, 0xbf, 0xf0, 0x7f,
    0xf3, 0x3f, 0x90, 0xf7, 0xf2, 0x1f, 0xfc, 0xbf,
    0xe8, 0x3f, 0xf9, 0x6f, 0xf0, 0x7d, 0xfc, 0x87,
    0xff, 0x2f, 0xf9, 0xf, 0xfe, 0x5d, 0xfc, 0x1f,
    0x7f, 0x7, 0xff, 0x33, 0xf8, 0x3f, 0xf9, 0x8f,
    0xe8, 0x3f, 0x5e, 0x43, 0xff, 0x9b, 0xf0, 0x7f,
    0xf3, 0xaf, 0x41, 0xff, 0xff,

    /* U+006E "n" */
    0xf, 0xfe, 0x32, 0xaf, 0xfe, 0x94, 0x1f, 0xfd,
    0x6, 0xff, 0xfe, 0x44, 0x1f, 0xfc, 0xa7, 0xff,
    0xf9, 0xe8, 0x7f, 0xf1, 0x1f, 0xff, 0xea, 0x7,
    0xff, 0x5, 0xff, 0xfe, 0xba, 0x1f, 0xef, 0xff,
    0xed, 0x41, 0xfb, 0xff, 0xfb, 0x90, 0x7b, 0xff,
    0xfb, 0xc8, 0x6b, 0xff, 0xfb, 0xe1, 0xbf, 0xff,
    0xc1, 0x1, 0xff, 0xff, 0x8, 0x2f, 0xff, 0xf0,
    0xc7, 0xff, 0xf8, 0xcf, 0xff, 0xf1, 0x9f, 0xff,
    0xe3, 0x7f, 0xff, 0xc7, 0x4f, 0xff, 0xf1, 0x47,
    0xff, 0xf2, 0x68, 0xb0, 0x72, 0xaf, 0xff, 0xe0,
    0x97, 0xff, 0xf1, 0x24, 0x3f, 0xf8, 0xaf, 0xff,
    0x81, 0xff, 0xfc, 0x9, 0xf, 0xfe, 0x5d, 0xff,
    0x82, 0xbf, 0xf2, 0x1f, 0xfc, 0xf7, 0xfe, 0xc,
    0xff, 0x41, 0xff, 0xd2, 0xbf, 0xc1, 0x9f, 0xe4,
    0x3f, 0xfa, 0x4f, 0xf8, 0x33, 0xfc, 0x87, 0xff,
    0x4f, 0xfc, 0x1a, 0xfe, 0xf, 0xfe, 0xa7, 0xf8,
    0x35, 0xfc, 0x1f, 0xfd, 0x4f, 0xe8, 0x37, 0xf8,
    0x3f, 0xfa, 0x9f, 0xd0, 0x6f, 0xf0, 0x7f, 0xf5,
    0x3f, 0xa0, 0xdf, 0xd0, 0x7f, 0xf5, 0x3f, 0xa0,
    0xdf, 0xd0, 0x7f, 0xf5, 0x3f, 0x90, 0x9f, 0xe8,
    0x3f, 0xfa, 0x9f, 0xc8, 0x4f, 0xf2, 0x1f, 0xfd,
    0x4f, 0xe0, 0xcf, 0xf2, 0x1f, 0xfd, 0x37, 0xf8,
    0x33, 0xfc, 0x87, 0xff, 0x4d, 0xfe, 0xc, 0xff,
    0x21, 0xff, 0xd3, 0xbf, 0x83, 0x5f, 0xc8, 0x7f,
    0xf4, 0xef, 0xe0, 0xd7, 0xf2, 0x1f, 0xfd, 0x3f,
    0xe8, 0x35, 0xfc, 0x87, 0xff, 0x4f, 0xfa, 0xc,
    0xff, 0x21, 0xff, 0xd3, 0xfe, 0x43, 0x3f, 0xc8,
    0x7f, 0xf4, 0x9f, 0xe4, 0x33, 0xfc, 0x87, 0xff,
    0x4a, 0xfe, 0xe, 0x7f, 0x90, 0xff, 0xe9, 0x5f,
    0xc1, 0xcf, 0xf2, 0x1f, 0xfd, 0x2f, 0xf0, 0x73,
    0xfc, 0x87, 0xff, 0x4b, 0xfa, 0xf, 0x7f, 0x21,
    0xff, 0xd2, 0xfe, 0x43, 0xdf, 0xc1, 0xff, 0xd3,
    0xfe, 0xf, 0xd7, 0x90, 0xff, 0xea, 0x5e, 0x43,
    0xff, 0xce,

    /* U+006F "o" */
    0xf, 0xfe, 0x33, 0x4f, 0xe9, 0xf, 0xfe, 0xbb,
    0x7f, 0xff, 0x1, 0xf, 0xfe, 0x9d, 0xff, 0xfc,
    0x48, 0x3f, 0xfa, 0xf, 0xff, 0xf1, 0xe0, 0xff,
    0xe7, 0x7f, 0xff, 0x29, 0xf, 0xfe, 0x5b, 0xff,
    0xfc, 0xd4, 0x3f, 0xf9, 0xf, 0xff, 0xf4, 0x20,
    0xff, 0xe2, 0xbf, 0xff, 0xd3, 0x83, 0xff, 0x87,
    0xff, 0xfd, 0x60, 0xff, 0xe0, 0xff, 0xff, 0x60,
    0x3f, 0xeb, 0xff, 0xf9, 0xf7, 0xff, 0x7, 0xf3,
    0xff, 0xfd, 0x0, 0x3f, 0xf8, 0x3f, 0x7f, 0xff,
    0x40, 0x3b, 0xff, 0x7, 0x9f, 0xff, 0xe7, 0x41,
    0xf5, 0xfe, 0x43, 0xbf, 0xff, 0x99, 0x21, 0xfe,
    0xbf, 0xc1, 0xdf, 0xff, 0xc9, 0x90, 0xff, 0xe1,
    0x7f, 0x90, 0xaf, 0xff, 0xe3, 0xa1, 0xff, 0xc5,
    0x7f, 0xc1, 0x7f, 0xff, 0x19, 0xf, 0xfe, 0x47,
    0xf8, 0x2f, 0xff, 0xe2, 0x87, 0xff, 0x2f, 0xfa,
    0x1f, 0xff, 0xe2, 0x7, 0xff, 0x33, 0xfc, 0x5f,
    0xff, 0xc3, 0xf, 0xfe, 0x6d, 0xfc, 0x5f, 0xff,
    0xc2, 0xf, 0xfe, 0x73, 0xfc, 0x7f, 0xff, 0x9,
    0xf, 0xfe, 0x7f, 0xf1, 0xff, 0xfc, 0x20, 0xff,
    0xe8, 0x7f, 0x3f, 0xff, 0xc1, 0xf, 0xfe, 0x8f,
    0xf3, 0xff, 0xfc, 0x10, 0xff, 0xe8, 0xff, 0x1f,
    0xff, 0xc0, 0x43, 0xff, 0xa0, 0xff, 0x1f, 0xff,
    0xc0, 0x43, 0xff, 0xa1, 0x7f, 0x1f, 0xff, 0xc0,
    0xf, 0xfe, 0x8d, 0xfc, 0x5f, 0xff, 0x7, 0xff,
    0x47, 0xfa, 0x1f, 0xff, 0x83, 0xff, 0xa0, 0xff,
    0x20, 0xff, 0xf8, 0x3f, 0xfa, 0x1f, 0xe0, 0xbf,
    0xfe, 0xf, 0xfe, 0x7b, 0xfe, 0xa, 0xff, 0xf0,
    0x7f, 0xf3, 0xff, 0xc8, 0x6f, 0xff, 0x21, 0xff,
    0xcd, 0xbf, 0xc1, 0xdf, 0xfe, 0x83, 0xff, 0x98,
    0xff, 0x90, 0xe7, 0xff, 0xc1, 0xff, 0xcb, 0x7f,
    0xe0, 0xfa, 0xff, 0xf0, 0x7f, 0xf2, 0x5f, 0xf8,
    0x3f, 0xbf, 0xfe, 0xf, 0xfe, 0x3d, 0xff, 0x21,
    0xfc, 0xff, 0xfc, 0x87, 0xff, 0xd, 0xff, 0xd0,
    0x7f, 0xcf, 0xff, 0xf0, 0x10, 0xff, 0x37, 0xff,
    0x41, 0xff, 0xc1, 0x7f, 0xff, 0x85, 0x5e, 0xff,
    0xfe, 0x2, 0x1f, 0xfc, 0x37, 0xff, 0xfa, 0x48,
    0x7f, 0xf1, 0xaf, 0xff, 0xe7, 0x41, 0xff, 0xc9,
    0x6f, 0xff, 0xe5, 0x41, 0xff, 0xce, 0xbf, 0xff,
    0x8b, 0x21, 0xff, 0xd3, 0x69, 0xff, 0xa5, 0x7,
    0xff, 0x18,

    /* U+0070 "p" */
    0xf, 0xfe, 0x2b, 0x4f, 0xff, 0x51, 0xf, 0xfe,
    0x8b, 0x7f, 0xff, 0x26, 0x43, 0xff, 0x95, 0x7f,
    0xff, 0x42, 0xf, 0xfe, 0x2b, 0xff, 0xfd, 0x58,
    0x3f, 0xf8, 0x2f, 0xff, 0xf6, 0x43, 0xfe, 0xbf,
    0xff, 0xb6, 0x1f, 0xdf, 0xff, 0xde, 0xf, 0xaf,
    0xff, 0xef, 0x87, 0xbf, 0xff, 0xc1, 0x6, 0x7f,
    0xff, 0xc2, 0x85, 0x7f, 0xff, 0x88, 0x2f, 0xff,
    0xf1, 0xa0, 0xff, 0xff, 0x1c, 0xf, 0xff, 0xf2,
    0x3, 0xff, 0xfc, 0x89, 0x7f, 0xff, 0x8e, 0x1f,
    0xff, 0xf2, 0x3, 0xff, 0xf9, 0x55, 0xef, 0xff,
    0xe4, 0x5, 0xff, 0xfc, 0x39, 0x41, 0xff, 0x3f,
    0xff, 0xc5, 0x9, 0xff, 0xfa, 0xf, 0xfe, 0x33,
    0xff, 0xfc, 0x34, 0x35, 0xff, 0x7, 0xff, 0x2f,
    0xff, 0xf8, 0x48, 0x73, 0xfc, 0x87, 0xff, 0x33,
    0xff, 0xf8, 0x28, 0x73, 0xfc, 0x87, 0xff, 0x32,
    0xff, 0xfe, 0x2, 0x1d, 0x7f, 0x7, 0xff, 0x3b,
    0xff, 0xf8, 0x8, 0x75, 0xfc, 0x1f, 0xfc, 0xef,
    0xff, 0xe0, 0x21, 0xdf, 0xe0, 0xff, 0xe7, 0x5f,
    0xff, 0x21, 0xdf, 0xd0, 0x7f, 0xf3, 0x9f, 0xff,
    0x83, 0xdf, 0xd0, 0x7f, 0xf3, 0x9f, 0xff, 0x83,
    0x9f, 0xe4, 0x3f, 0xf9, 0xcf, 0xff, 0xc1, 0xcf,
    0xf2, 0x1f, 0xfc, 0xe7, 0xff, 0xe0, 0xeb, 0xf9,
    0xf, 0xfe, 0x75, 0xff, 0xe8, 0x3a, 0xfe, 0xf,
    0xfe, 0x7f, 0xff, 0xc8, 0x75, 0xfc, 0x1f, 0xfc,
    0xff, 0xff, 0x83, 0xdf, 0xe0, 0xff, 0xe7, 0x3f,
    0xff, 0x7, 0xbf, 0xc1, 0xff, 0xce, 0xff, 0xf9,
    0xf, 0x7f, 0x90, 0xff, 0xe6, 0x3f, 0xff, 0x7,
    0xdf, 0xf4, 0x1f, 0xfc, 0xbf, 0xff, 0x90, 0xfb,
    0xff, 0x90, 0xff, 0xe4, 0x7f, 0xff, 0x0, 0x3f,
    0x7f, 0xfc, 0x1f, 0xfc, 0x57, 0xff, 0xf8, 0x8,
    0x7c, 0xff, 0xff, 0x5, 0xf, 0xfe, 0x3, 0xff,
    0xfc, 0x18, 0x3f, 0x3f, 0xff, 0xc3, 0x94, 0x19,
    0x57, 0xff, 0xf0, 0xa0, 0xfe, 0x7f, 0xff, 0xb5,
    0x7, 0xf9, 0xfe, 0xbf, 0xff, 0xa7, 0x7, 0xfc,
    0xff, 0x25, 0xff, 0xfd, 0x4, 0x3f, 0xf8, 0x17,
    0xf2, 0x15, 0xff, 0xfc, 0xc4, 0x3f, 0xf8, 0x57,
    0xf2, 0x1d, 0x7f, 0xff, 0x1e, 0x43, 0xff, 0x89,
    0x7f, 0x21, 0xf9, 0x57, 0xff, 0x51, 0xf, 0xfe,
    0x45, 0xfc, 0x1f, 0xfe, 0xb, 0xf8, 0x3f, 0xfc,
    0x17, 0xf0, 0x7f, 0xf8, 0x2f, 0xe0, 0xff, 0xf0,
    0x5f, 0xc1, 0xff, 0xe0, 0xbf, 0x83, 0xff, 0xc1,
    0x7f, 0x7, 0xff, 0x82, 0xfe, 0xf, 0xff, 0x3,
    0xfc, 0x1f, 0xfe, 0x7, 0xf8, 0x3f, 0xfc, 0xf,
    0xf0, 0x7f, 0xf8, 0x1f, 0xe0, 0xff, 0xf0, 0xff,
    0x7, 0xff, 0x85, 0xf8, 0x3f, 0xff, 0xe1, 0xff,
    0xc5,

    /* U+0071 "q" */
    0xf, 0xfe, 0x3a, 0xa9, 0xff, 0xe9, 0x41, 0xff,
    0xd0, 0x6f, 0xff, 0xe4, 0xc8, 0x7f, 0xf2, 0x5b,
    0xff, 0xfa, 0x8, 0x7f, 0xf1, 0x1f, 0xff, 0xea,
    0xa1, 0xff, 0xc1, 0xff, 0xfe, 0xc4, 0x1f, 0xe7,
    0xff, 0xfb, 0x50, 0x7e, 0xbf, 0xff, 0xb8, 0x87,
    0xaf, 0xff, 0xef, 0x7, 0x3f, 0xff, 0xdf, 0x43,
    0x7f, 0xff, 0x82, 0xa, 0xff, 0xff, 0x8, 0x1f,
    0xff, 0xf1, 0x3, 0xff, 0xfc, 0x60, 0xff, 0xff,
    0x19, 0x7f, 0xff, 0x8a, 0x3f, 0xff, 0xc6, 0x9f,
    0xff, 0xe3, 0x1f, 0xff, 0xe4, 0xd1, 0x75, 0x5f,
    0xff, 0xc4, 0x5, 0xff, 0xfc, 0x59, 0xf, 0xfe,
    0xb, 0x7f, 0xfc, 0x15, 0xff, 0xfc, 0x38, 0x3f,
    0xf9, 0xd, 0xfd, 0x6, 0xff, 0xfe, 0x1a, 0x1f,
    0xfd, 0x5f, 0xff, 0xe1, 0x21, 0xff, 0xd6, 0xff,
    0xfe, 0xc, 0x1f, 0xfd, 0x7f, 0xff, 0xe0, 0x87,
    0xff, 0x49, 0x90, 0xbf, 0xff, 0x80, 0x87, 0xff,
    0x47, 0xf4, 0xf, 0xff, 0xe0, 0x7, 0xff, 0x45,
    0xfe, 0x7, 0xff, 0xf0, 0x3, 0xff, 0xa3, 0xfe,
    0x5, 0xff, 0xf0, 0x7f, 0xf4, 0x7f, 0xc0, 0xbf,
    0xfd, 0x7, 0xff, 0x41, 0xfe, 0x80, 0xff, 0xfc,
    0x1f, 0xfd, 0xb, 0xf9, 0xb, 0xff, 0xe0, 0xff,
    0xe8, 0x7f, 0x83, 0x7f, 0xfc, 0x1f, 0xfd, 0xf,
    0xf0, 0x6b, 0xff, 0xc1, 0xff, 0xcf, 0x7f, 0xa0,
    0xcf, 0xff, 0x90, 0xff, 0xe7, 0x3f, 0xd0, 0x77,
    0xff, 0xc1, 0xff, 0xce, 0xbf, 0x90, 0xeb, 0xff,
    0xc8, 0x7f, 0xf3, 0x7f, 0xc1, 0xf7, 0xff, 0xc1,
    0xff, 0xcb, 0x7f, 0xe0, 0xfa, 0xff, 0xf8, 0x3f,
    0xf9, 0x37, 0xfd, 0x7, 0xef, 0xff, 0xe0, 0x21,
    0xff, 0xc5, 0xbf, 0xfa, 0xf, 0xef, 0xff, 0xe0,
    0xa1, 0xff, 0xc1, 0xbf, 0xfe, 0x43, 0xf9, 0xff,
    0xfe, 0x14, 0xa0, 0xe6, 0xff, 0xfe, 0x10, 0x7f,
    0xcf, 0xff, 0xf6, 0x43, 0xff, 0x83, 0xff, 0xfd,
    0x80, 0xff, 0xe1, 0x5f, 0xff, 0xcf, 0xbf, 0xa0,
    0xff, 0xe2, 0x5f, 0xff, 0xcb, 0x87, 0xfa, 0xf,
    0xfe, 0x35, 0xff, 0xfc, 0x74, 0x27, 0xf9, 0xf,
    0xfe, 0x4b, 0x4f, 0xfe, 0xa2, 0x1e, 0xbf, 0x90,
    0xff, 0xef, 0x5f, 0xc1, 0xff, 0xdf, 0xbf, 0x83,
    0xff, 0xbf, 0x7f, 0x7, 0xff, 0x7f, 0xfc, 0x1f,
    0xfd, 0xff, 0xf0, 0x7f, 0xf7, 0xff, 0xc1, 0xff,
    0xdf, 0xff, 0x7, 0xff, 0x7f, 0xfc, 0x1f, 0xfd,
    0xff, 0xf0, 0x7f, 0xf7, 0xff, 0xc1, 0xff, 0xdf,
    0xfe, 0x83, 0xff, 0xbf, 0xfd, 0x7, 0xff, 0x7e,
    0xfc, 0x87, 0xff, 0x82, 0xf2, 0x1f, 0x0,

    /* U+0072 "r" */
    0x9, 0xf4, 0x1f, 0xe6, 0xfe, 0x83, 0xf3, 0xfa,
    0xf, 0xaf, 0xff, 0x41, 0xeb, 0xf8, 0x3a, 0xff,
    0xfe, 0xc, 0x1d, 0x7f, 0x4, 0xff, 0xff, 0x12,
    0xd, 0xfd, 0x1, 0xff, 0xfe, 0x32, 0x17, 0xf2,
    0x3f, 0xff, 0xc8, 0xb, 0xf9, 0x5f, 0xff, 0xc9,
    0xb, 0xf9, 0xff, 0xfe, 0x52, 0x3f, 0xd7, 0xff,
    0xf2, 0xa1, 0xff, 0xfe, 0x84, 0x5f, 0xff, 0xd0,
    0x8b, 0xff, 0xfa, 0x11, 0x7f, 0xff, 0x41, 0x3f,
    0xff, 0xa2, 0xf, 0xff, 0xe8, 0x20, 0xff, 0xfe,
    0x7c, 0x17, 0xff, 0xf3, 0x64, 0x37, 0xff, 0xf0,
    0x24, 0x3f, 0xf8, 0xbf, 0xfd, 0x7, 0xff, 0x21,
    0xff, 0xa0, 0xff, 0xe5, 0x3f, 0xe4, 0x3f, 0xf9,
    0x6f, 0xf2, 0x1f, 0xfc, 0xc7, 0xf8, 0x3f, 0xf9,
    0xaf, 0xf0, 0x7f, 0xf3, 0x6f, 0xe0, 0xff, 0xe6,
    0xdf, 0xa0, 0xff, 0xe6, 0xdf, 0xa0, 0xff, 0xe6,
    0xdf, 0xa0, 0xff, 0xe6, 0xdf, 0xa0, 0xff, 0xe6,
    0xdf, 0xa0, 0xff, 0xe6, 0xff, 0x21, 0xff, 0xcd,
    0xfe, 0x43, 0xff, 0x9b, 0xfc, 0x87, 0xff, 0x37,
    0xf9, 0xf, 0xfe, 0x6f, 0xf2, 0x1f, 0xfc, 0xdf,
    0xe4, 0x3f, 0xf9, 0xbf, 0xc8, 0x7f, 0xf3, 0x7f,
    0x90, 0xff, 0xe6, 0xff, 0x21, 0xff, 0xcd, 0xfe,
    0x43, 0xff, 0x9b, 0xfc, 0x87, 0xff, 0x37, 0xf9,
    0xf, 0xfe, 0x6f, 0xf2, 0x1f, 0xfc, 0xdf, 0xe4,
    0x3f, 0xf9, 0xbf, 0xc8, 0x7f, 0xf3, 0x6f, 0xc1,
    0xff, 0xcf, 0xbc, 0x87, 0xff, 0x38,

    /* U+0073 "s" */
    0xf, 0xfe, 0x13, 0x4f, 0xfd, 0x44, 0x3f, 0xf9,
    0x57, 0xff, 0xf1, 0xa4, 0x3f, 0xf8, 0x6f, 0xff,
    0xf3, 0x10, 0xff, 0xe0, 0x7f, 0xff, 0x3e, 0xf,
    0xe7, 0xff, 0xfa, 0x41, 0xf5, 0xff, 0xfd, 0x38,
    0x3a, 0xff, 0xfe, 0xaa, 0x13, 0xff, 0xfd, 0x70,
    0xbf, 0xff, 0xb0, 0x7, 0xff, 0xfb, 0x9, 0xff,
    0xfd, 0x94, 0xff, 0xfe, 0xca, 0xbf, 0xff, 0xb2,
    0xdf, 0xff, 0xd9, 0x3f, 0xff, 0xb4, 0x7f, 0xff,
    0x65, 0x3f, 0xff, 0xb1, 0x3, 0xff, 0xf8, 0x28,
    0x7e, 0x6f, 0xff, 0xa0, 0xbf, 0xff, 0x80, 0x1f,
    0xfc, 0x26, 0xff, 0x21, 0xbf, 0xfe, 0xf, 0xfe,
    0x32, 0xc1, 0xf5, 0xff, 0xe0, 0xff, 0xe8, 0x3f,
    0xfe, 0xf, 0xfe, 0x8f, 0xff, 0x90, 0xff, 0xe8,
    0x5f, 0xfe, 0xf, 0xfe, 0x8f, 0xff, 0xd0, 0x7f,
    0xf3, 0xdf, 0xff, 0xe0, 0xd1, 0x7c, 0x1f, 0xfc,
    0x6b, 0xff, 0xf9, 0x94, 0xf, 0xfe, 0xb, 0xff,
    0xfc, 0xf8, 0x3f, 0xf8, 0x17, 0xff, 0xf3, 0xd0,
    0xff, 0xe0, 0x5f, 0xff, 0xce, 0x43, 0xff, 0x84,
    0xd3, 0xff, 0xf9, 0x41, 0xff, 0xcf, 0x55, 0xff,
    0xe0, 0xff, 0xe9, 0xdf, 0xf0, 0x7f, 0xf5, 0x7f,
    0xc8, 0x7f, 0xf5, 0x7f, 0xa0, 0xff, 0xea, 0xff,
    0x41, 0xc8, 0x7f, 0xf3, 0xff, 0xa0, 0x9f, 0x90,
    0xff, 0xe6, 0xff, 0x41, 0x7f, 0x90, 0xff, 0xe5,
    0x5f, 0xc8, 0x5f, 0xfa, 0x43, 0xff, 0x8d, 0x7f,
    0x83, 0x7f, 0xff, 0x2, 0x43, 0xff, 0x80, 0xff,
    0xe0, 0xcf, 0xff, 0xf1, 0x6b, 0xbf, 0xfe, 0x43,
    0xdf, 0xff, 0xd3, 0x83, 0xf3, 0xff, 0xfd, 0x8,
    0x3f, 0xf8, 0x17, 0xff, 0xf3, 0x10, 0xff, 0xe2,
    0x37, 0xff, 0xf1, 0x90, 0xff, 0xe5, 0x2a, 0xff,
    0xe9, 0xf, 0xf0,

    /* U+0074 "t" */
    0xf, 0xfe, 0x1f, 0xc8, 0x7f, 0xf4, 0xbf, 0x83,
    0xff, 0xa5, 0xfc, 0x87, 0xff, 0x41, 0xfe, 0x43,
    0xff, 0xa0, 0xff, 0x7, 0xff, 0x46, 0xfe, 0xf,
    0xfe, 0x8d, 0xfc, 0x1f, 0xfd, 0x1b, 0xf8, 0x3f,
    0xfa, 0x3f, 0xe0, 0xff, 0xe8, 0xff, 0x83, 0xff,
    0xa3, 0xfd, 0x7, 0xff, 0x47, 0xfa, 0xf, 0xfe,
    0x8f, 0xf4, 0x1f, 0xfd, 0x1f, 0xe4, 0x3f, 0xfa,
    0xf, 0xf2, 0x1f, 0xfd, 0x7, 0xf9, 0xf, 0xfe,
    0x83, 0xfc, 0x1f, 0xfd, 0x1b, 0xfa, 0xaf, 0xf9,
    0xf, 0xfe, 0x23, 0x7f, 0xff, 0x19, 0xf, 0xf5,
    0x3f, 0xff, 0x96, 0x87, 0xdf, 0xff, 0xd0, 0xe,
    0x7f, 0xff, 0xa4, 0x1b, 0xff, 0xfa, 0x68, 0x2f,
    0xff, 0xe9, 0xc0, 0xff, 0xfe, 0xa9, 0x7f, 0xff,
    0x54, 0xff, 0xfe, 0xb1, 0xff, 0xfd, 0x63, 0xff,
    0xfa, 0xc7, 0xff, 0xf5, 0x8f, 0xff, 0xea, 0xa5,
    0xff, 0xfd, 0x40, 0xbf, 0xff, 0xa6, 0x85, 0x7f,
    0xff, 0x45, 0xe, 0xff, 0xfe, 0x80, 0x7c, 0xff,
    0xff, 0x32, 0xf, 0xfb, 0xff, 0xf8, 0xb4, 0x43,
    0xff, 0x88, 0xd3, 0xff, 0x90, 0xff, 0xe8, 0x5f,
    0xc1, 0xff, 0xd1, 0xff, 0x7, 0xff, 0x47, 0xfc,
    0x1f, 0xfd, 0x1f, 0xf0, 0x7f, 0xf4, 0x7f, 0xc1,
    0xff, 0xd1, 0xff, 0x7, 0xff, 0x47, 0xfc, 0x1f,
    0xfd, 0x1f, 0xe8, 0x3f, 0xfa, 0x3f, 0xd0, 0x7f,
    0xf4, 0x7f, 0xa0, 0xff, 0xe8, 0xff, 0x41, 0xff,
    0xd1, 0xfe, 0x83, 0xff, 0xa3, 0xfd, 0x7, 0xff,
    0x47, 0xfa, 0xf, 0xfe, 0x8f, 0xf4, 0x1f, 0xfd,
    0x1f, 0xe8, 0x3f, 0xf8, 0xc, 0x87, 0xff, 0xb,
    0xfc, 0x1f, 0xf7, 0xf0, 0x7f, 0xf0, 0x6f, 0xe0,
    0xff, 0x7f, 0x90, 0xff, 0xe0, 0x5f, 0xc8, 0x7c,
    0xff, 0xc8, 0x7f, 0xf0, 0x1f, 0xf0, 0x7a, 0xff,
    0xc1, 0xff, 0xc2, 0xff, 0xd4, 0xff, 0xf2, 0x1f,
    0xfc, 0x2b, 0xff, 0xf8, 0xc8, 0x7f, 0xf1, 0x3f,
    0xff, 0x8a, 0x1f, 0xfc, 0x7f, 0xff, 0xe1, 0x41,
    0xff, 0xc9, 0xbf, 0xfd, 0x7, 0xff, 0x36, 0xfd,
    0x40, 0xff, 0x80,

    /* U+0075 "u" */
    0xf, 0x9b, 0xf4, 0x87, 0xff, 0x2e, 0xf4, 0x1f,
    0x9f, 0xff, 0x41, 0xff, 0xc8, 0x7f, 0x41, 0xeb,
    0xff, 0xf8, 0x21, 0xff, 0xc7, 0xbf, 0x83, 0xaf,
    0xff, 0xe1, 0x41, 0xff, 0xc6, 0xbf, 0x83, 0x3f,
    0xff, 0xc4, 0xf, 0xfe, 0x33, 0xfc, 0x1b, 0xff,
    0xf8, 0xb0, 0x7f, 0xf1, 0x5f, 0xe4, 0xf, 0xff,
    0xf1, 0x83, 0xff, 0x8d, 0xfc, 0x82, 0xff, 0xfe,
    0x30, 0x7f, 0xf1, 0xbf, 0xa0, 0x7f, 0xff, 0x1c,
    0x3f, 0xf8, 0xdf, 0xd0, 0x3f, 0xff, 0x8d, 0x7,
    0xff, 0x1b, 0xfa, 0x7, 0xff, 0xf1, 0x90, 0xff,
    0xe3, 0x7f, 0x87, 0xff, 0xf8, 0xc1, 0xff, 0xc7,
    0xbf, 0x87, 0xff, 0xf8, 0xc1, 0xff, 0xc7, 0xbf,
    0x8b, 0xff, 0xf8, 0xb0, 0x7f, 0xf1, 0xdf, 0xe2,
    0xff, 0xfe, 0x2a, 0x1f, 0xfc, 0x77, 0xf8, 0xbf,
    0xff, 0x8a, 0x1f, 0xfc, 0x87, 0xf8, 0xff, 0xfe,
    0x30, 0x7f, 0xf2, 0x7f, 0x9f, 0xff, 0xe3, 0x7,
    0xff, 0x27, 0xf9, 0xff, 0xfe, 0x2c, 0x1f, 0xfc,
    0x9f, 0xe7, 0xff, 0xf8, 0xa8, 0x7f, 0xf2, 0x7f,
    0x9f, 0xff, 0xe2, 0xa1, 0xff, 0xc9, 0xfe, 0xbf,
    0xff, 0x8a, 0x1f, 0xfc, 0xaf, 0xeb, 0xff, 0xf8,
    0xa1, 0xff, 0xca, 0xfe, 0xbf, 0xff, 0x8a, 0x1f,
    0xfc, 0xaf, 0xeb, 0xff, 0xf8, 0xa1, 0xff, 0xca,
    0xbf, 0x5f, 0xff, 0xc5, 0xf, 0xfe, 0x55, 0xff,
    0xfc, 0x98, 0x3f, 0xf9, 0x57, 0xf5, 0xff, 0xfc,
    0x38, 0x3f, 0xf9, 0x57, 0xf5, 0xff, 0xfc, 0x38,
    0x3f, 0xf9, 0x57, 0xf3, 0xff, 0xfc, 0x38, 0x3f,
    0xf9, 0x57, 0xf3, 0xff, 0xfc, 0x38, 0x3f, 0xf9,
    0x57, 0xf1, 0xff, 0xfc, 0x40, 0xff, 0xe5, 0x5f,
    0xc7, 0xff, 0xf1, 0x3, 0xff, 0x95, 0x7f, 0x17,
    0xff, 0xf0, 0xc3, 0xff, 0x95, 0x7f, 0xf, 0xff,
    0xf0, 0xd0, 0xff, 0xe4, 0xdf, 0xc0, 0xff, 0xfe,
    0x1c, 0x1f, 0xfc, 0x8b, 0xfc, 0xb, 0xff, 0xf8,
    0x61, 0xff, 0xc7, 0xbf, 0xe0, 0x3f, 0xff, 0xc3,
    0x43, 0xff, 0x8b, 0x7f, 0xe0, 0xaf, 0xff, 0xe1,
    0x87, 0xff, 0xd, 0xff, 0xf0, 0x6f, 0xff, 0xe2,
    0x7, 0xff, 0x1, 0xbf, 0xfe, 0xc, 0xff, 0xff,
    0x12, 0xf, 0x9b, 0xff, 0xf8, 0x41, 0xcf, 0xff,
    0xf6, 0xc3, 0xcf, 0xff, 0xf4, 0xa2, 0xfe, 0xf,
    0xd7, 0xff, 0xf3, 0xd0, 0x5f, 0xc1, 0xfc, 0xff,
    0xff, 0x31, 0xd, 0x7f, 0x7, 0xff, 0x2, 0xff,
    0xfe, 0x34, 0x87, 0x9f, 0xd0, 0x7f, 0xf0, 0xda,
    0x7f, 0xf4, 0x87, 0xfc, 0xfa, 0x0,

    /* U+0076 "v" */
    0xf, 0x97, 0x7, 0xff, 0x4f, 0xd0, 0x79, 0xff,
    0xc8, 0x7f, 0xf3, 0xff, 0x83, 0x7f, 0xfd, 0x7,
    0xff, 0x35, 0xfe, 0xb, 0xff, 0xf8, 0x30, 0x7f,
    0xf3, 0x2f, 0xe0, 0x5f, 0xff, 0xc2, 0xf, 0xfe,
    0x65, 0xfc, 0xf, 0xff, 0xe1, 0xc1, 0xff, 0xcb,
    0xff, 0x17, 0xff, 0xf1, 0x3, 0xff, 0x97, 0xfd,
    0x1f, 0xff, 0xc5, 0xf, 0xfe, 0x5f, 0xf4, 0x7f,
    0xff, 0x15, 0xf, 0xfe, 0x4b, 0xfc, 0x9f, 0xff,
    0xc5, 0x83, 0xff, 0x93, 0x7f, 0x3, 0xff, 0xf8,
    0xb0, 0x7f, 0xf2, 0x7f, 0xc0, 0xbf, 0xff, 0x8a,
    0x1f, 0xfc, 0x9f, 0xf0, 0x1f, 0xff, 0xe2, 0x87,
    0xff, 0x27, 0xfa, 0xb, 0xff, 0xf8, 0xa8, 0x7f,
    0xf1, 0xdf, 0xe4, 0x2f, 0xff, 0xe2, 0xc1, 0xff,
    0xc7, 0xbf, 0x83, 0x5f, 0xff, 0xc5, 0xf, 0xfe,
    0x3f, 0xf8, 0x33, 0xff, 0xfc, 0x50, 0xff, 0xe3,
    0xff, 0x83, 0xbf, 0xff, 0x8a, 0x1f, 0xfc, 0x67,
    0xfa, 0xe, 0xff, 0xfe, 0x2a, 0x1f, 0xfc, 0x5b,
    0xf9, 0xe, 0x7f, 0xff, 0x89, 0x7, 0xff, 0x17,
    0xfc, 0x1f, 0x7f, 0xff, 0x14, 0x3f, 0xf8, 0xbf,
    0xe0, 0xfb, 0xff, 0xf8, 0xa1, 0xff, 0xc4, 0xbf,
    0xa0, 0xf9, 0xff, 0xfe, 0x24, 0x1f, 0xfc, 0x3f,
    0xf0, 0x7f, 0x7f, 0xff, 0x14, 0x3f, 0xf8, 0x7f,
    0xe0, 0xfe, 0xbf, 0xff, 0x88, 0x1f, 0xfc, 0x27,
    0xfa, 0xf, 0xf7, 0xff, 0xf1, 0x10, 0xff, 0xe0,
    0xff, 0x90, 0xff, 0x7f, 0xff, 0x14, 0x3f, 0xf8,
    0x3f, 0xe0, 0xff, 0x9f, 0xff, 0xe2, 0x7, 0xff,
    0x1, 0xfe, 0x83, 0xff, 0x81, 0xff, 0xfc, 0x44,
    0x3f, 0xef, 0xf2, 0x1f, 0xfc, 0x7, 0xff, 0xf8,
    0x81, 0xff, 0x7f, 0x83, 0xff, 0x85, 0xff, 0xfc,
    0x44, 0x3f, 0xaf, 0xe8, 0x3f, 0xf8, 0x4f, 0xff,
    0xf0, 0xe0, 0xfe, 0xff, 0x21, 0xff, 0xc3, 0xff,
    0xfe, 0x20, 0x7e, 0x7f, 0xc1, 0xff, 0xc5, 0xff,
    0xfe, 0x1c, 0x1f, 0x7f, 0xa0, 0xff, 0xe2, 0xdf,
    0xff, 0xc3, 0xf, 0x3f, 0xe0, 0xff, 0xe3, 0xff,
    0xff, 0xe, 0xe, 0xbf, 0xc1, 0xff, 0xc7, 0x7f,
    0xff, 0x86, 0x1d, 0xfe, 0x43, 0xff, 0x91, 0x7f,
    0xff, 0xd, 0x1f, 0xf8, 0x3f, 0xf9, 0x5f, 0xff,
    0xcc, 0x43, 0xff, 0x94, 0xff, 0xff, 0x2c, 0x3f,
    0xf9, 0x97, 0xff, 0xf2, 0x60, 0xff, 0xe6, 0xdf,
    0xff, 0xc8, 0xf, 0xfe, 0x7f, 0xff, 0xf1, 0xd0,
    0xff, 0xe8, 0x5f, 0xff, 0xc4, 0x83, 0xff, 0xa4,
    0xff, 0xff, 0xa, 0xf, 0xfe, 0xad, 0xff, 0xf0,
    0x7f, 0xf6, 0x5b, 0xfa, 0xf, 0xfe, 0x30,

    /* U+0077 "w" */
    0xf, 0xff, 0xf8, 0x2f, 0xd2, 0x1f, 0xfc, 0xe5,
    0x83, 0xff, 0x9d, 0xf4, 0x1a, 0xff, 0xe0, 0xff,
    0xe5, 0x3f, 0xf4, 0x1f, 0xfc, 0xaf, 0xe4, 0x1f,
    0xff, 0xc0, 0xf, 0xfe, 0x45, 0xff, 0xe0, 0xff,
    0xe4, 0x3f, 0xc9, 0x7f, 0xff, 0x4, 0x3f, 0xf8,
    0xdf, 0xff, 0xc1, 0xf, 0xfe, 0x3b, 0xfc, 0x9f,
    0xff, 0xc2, 0x83, 0xff, 0x88, 0xff, 0xff, 0x8,
    0x3f, 0xf8, 0xd7, 0xf3, 0x7f, 0xff, 0xc, 0x3f,
    0xf8, 0x9f, 0xff, 0xc3, 0x43, 0xff, 0x8b, 0x7f,
    0x1f, 0xff, 0xc4, 0x43, 0xff, 0x87, 0xff, 0xfc,
    0x38, 0x3f, 0xf8, 0xbf, 0xe3, 0xff, 0xf8, 0x88,
    0x7f, 0xf0, 0x9f, 0xff, 0xe2, 0x7, 0xff, 0x17,
    0xfc, 0x7f, 0xff, 0x12, 0xf, 0xfe, 0x13, 0xff,
    0xfc, 0x40, 0xff, 0xe2, 0xff, 0x8f, 0xff, 0xe2,
    0x41, 0xff, 0xc2, 0x7f, 0xff, 0x88, 0x1f, 0xfc,
    0x47, 0xfa, 0x3f, 0xff, 0x8a, 0x1f, 0xfc, 0x27,
    0xff, 0xf8, 0x88, 0x7f, 0xf0, 0xdf, 0xe4, 0xbf,
    0xff, 0x88, 0x1f, 0xfc, 0x3f, 0xff, 0xe2, 0x41,
    0xff, 0xc3, 0xbf, 0x92, 0xff, 0xfe, 0x20, 0x7f,
    0xf0, 0xff, 0xff, 0x89, 0x7, 0xff, 0xf, 0xfc,
    0x7, 0xff, 0xf8, 0x81, 0xff, 0xc3, 0xff, 0xfe,
    0x28, 0x7f, 0xf0, 0xff, 0xc1, 0x7f, 0xff, 0x10,
    0x3f, 0xf8, 0x77, 0xff, 0xf1, 0x3, 0xff, 0x87,
    0xfe, 0xb, 0xff, 0xf8, 0x88, 0x7f, 0xf0, 0x9f,
    0xff, 0xe2, 0x7, 0xff, 0x9, 0xfe, 0x82, 0xff,
    0xfe, 0x24, 0x1f, 0xfc, 0x27, 0xff, 0xf8, 0x88,
    0x7f, 0xf0, 0x6f, 0xe4, 0x2b, 0xff, 0xf8, 0x70,
    0x7f, 0xf0, 0xaf, 0xff, 0xe2, 0x21, 0xff, 0xc1,
    0xbf, 0x83, 0x3f, 0xff, 0xc4, 0xf, 0xfe, 0x17,
    0xff, 0xf1, 0x60, 0xff, 0xe0, 0xff, 0x83, 0xbf,
    0xff, 0x88, 0x1f, 0xfc, 0x2f, 0xff, 0xe3, 0x7,
    0xff, 0x7, 0xfc, 0x1d, 0xff, 0xfc, 0x40, 0xff,
    0xe0, 0xbf, 0xff, 0xc6, 0xf, 0xfe, 0x3, 0xfd,
    0x7, 0x3f, 0xff, 0xc3, 0x43, 0xff, 0x81, 0x7f,
    0xff, 0x18, 0x3f, 0xf8, 0x17, 0xf2, 0x1e, 0xff,
    0xfe, 0x1c, 0x1f, 0xfc, 0xf, 0xff, 0xe3, 0xa1,
    0xff, 0x7f, 0x83, 0xef, 0xff, 0xe2, 0x7, 0xff,
    0x3, 0xff, 0xf8, 0xf0, 0x7f, 0xdf, 0xe0, 0xf9,
    0xff, 0xfe, 0x18, 0x7f, 0xcf, 0xff, 0xf2, 0x3,
    0xfc, 0xff, 0x41, 0xfb, 0xff, 0xf8, 0x61, 0xff,
    0x5f, 0xff, 0xc8, 0xf, 0xf5, 0xfc, 0x87, 0xeb,
    0xff, 0xf8, 0x48, 0x7f, 0xbf, 0xff, 0x92, 0x87,
    0xf7, 0xf8, 0x3f, 0x9f, 0xff, 0xe1, 0x41, 0xfc,
    0xff, 0x53, 0xff, 0xf8, 0x50, 0x7f, 0x7f, 0x83,
    0xfd, 0xff, 0xfc, 0x30, 0xfe, 0xbf, 0x95, 0xff,
    0xfc, 0x30, 0xfc, 0xff, 0x41, 0xfe, 0xbf, 0xff,
    0x84, 0x1f, 0xdf, 0xe0, 0x7f, 0xff, 0xc, 0x3f,
    0x5f, 0xc8, 0x7f, 0xdf, 0xff, 0xc2, 0x83, 0xe7,
    0xfa, 0x3, 0xff, 0xfc, 0x24, 0x3e, 0xff, 0x7,
    0xff, 0x2, 0xff, 0xfe, 0x10, 0x7d, 0xfe, 0x42,
    0xff, 0xfe, 0x14, 0x1e, 0x7f, 0xa0, 0xff, 0xe0,
    0xff, 0xff, 0x8, 0x3e, 0xff, 0x6, 0xbf, 0xff,
    0x84, 0x1e, 0xbf, 0x90, 0xff, 0xe0, 0xdf, 0xff,
    0xc1, 0x83, 0xaf, 0xe8, 0x3b, 0xff, 0xf8, 0x41,
    0xef, 0xf0, 0x7f, 0xf0, 0x9f, 0xff, 0xe1, 0x7,
    0x7f, 0x83, 0xd7, 0xff, 0xf0, 0x60, 0xcf, 0xf4,
    0x1f, 0xfc, 0x3f, 0xff, 0xe1, 0x21, 0x3f, 0xd0,
    0x7d, 0xff, 0xfc, 0x20, 0xdf, 0xe4, 0x3f, 0xf8,
    0x9f, 0xff, 0xc2, 0xb, 0xfc, 0x87, 0xd7, 0xff,
    0xf0, 0x50, 0xbf, 0xc1, 0xff, 0xc5, 0xbf, 0xff,
    0x83, 0x37, 0xf8, 0x3f, 0xbf, 0xff, 0x84, 0xaf,
    0xf2, 0x1f, 0xfc, 0x6f, 0xff, 0xe4, 0xa1, 0xfc,
    0xff, 0xff, 0x24, 0x3f, 0xf8, 0xef, 0xff, 0xf2,
    0x3, 0xfe, 0xff, 0xfe, 0x44, 0x1f, 0xfc, 0x8f,
    0xff, 0xe3, 0xc1, 0xff, 0xc0, 0xff, 0xfe, 0x3a,
    0x1f, 0xfc, 0x9f, 0xff, 0xe3, 0x7, 0xff, 0x5,
    0xff, 0xfe, 0x30, 0x7f, 0xf2, 0x9f, 0xff, 0xe2,
    0x21, 0xff, 0xc2, 0xbf, 0xff, 0x88, 0x1f, 0xfc,
    0xc7, 0xff, 0xf8, 0x50, 0x7f, 0xf1, 0x2f, 0xff,
    0xe1, 0x41, 0xff, 0xce, 0xff, 0xfe, 0x4, 0x1f,
    0xfc, 0x67, 0xff, 0xf8, 0x10, 0x7f, 0xf4, 0x2f,
    0xfe, 0x43, 0xff, 0x93, 0x7f, 0xf4, 0x1f, 0xfd,
    0x36, 0xfa, 0x43, 0xff, 0x9b, 0x7f, 0x41, 0xff,
    0xc3,

    /* U+0078 "x" */
    0xf, 0xfe, 0xa3, 0x7e, 0x83, 0xff, 0xb3, 0x7f,
    0xf2, 0x1f, 0x9e, 0x43, 0xff, 0x95, 0xff, 0xfc,
    0x8, 0x3d, 0x7e, 0x83, 0xff, 0x8e, 0xff, 0xff,
    0x9, 0xe, 0xff, 0x41, 0xff, 0xc5, 0x7f, 0xff,
    0x88, 0x1d, 0xff, 0x83, 0xff, 0x86, 0xff, 0xff,
    0x15, 0xc, 0xff, 0xe0, 0xff, 0xe0, 0xdf, 0xff,
    0xc6, 0x83, 0x9f, 0xfc, 0x1f, 0xf5, 0xff, 0xfc,
    0x78, 0x3e, 0xff, 0xc8, 0x7e, 0xbf, 0xff, 0x91,
    0x7, 0xef, 0xfc, 0x87, 0x9f, 0xff, 0xe4, 0xc1,
    0xfd, 0x7f, 0xc8, 0x67, 0xff, 0xf9, 0x48, 0x7f,
    0xaf, 0xfa, 0x3, 0xff, 0xfc, 0xb0, 0xff, 0xe0,
    0x5f, 0xf4, 0xff, 0xff, 0x2e, 0xf, 0xfe, 0xb,
    0xff, 0xfd, 0x30, 0xff, 0xe1, 0xbf, 0xff, 0xd1,
    0x43, 0xff, 0x8b, 0xff, 0xfd, 0x0, 0xff, 0xe3,
    0xff, 0xff, 0x39, 0xf, 0xfe, 0x3d, 0xff, 0xfc,
    0xc8, 0x3f, 0xf8, 0xf7, 0xff, 0xf3, 0x43, 0xff,
    0x8e, 0xff, 0xff, 0x35, 0xf, 0xfe, 0x33, 0xff,
    0xfc, 0xd8, 0x3f, 0xf8, 0xff, 0xff, 0xce, 0xf,
    0xfe, 0x3f, 0xff, 0xf3, 0x83, 0xff, 0x8f, 0x7f,
    0xff, 0x35, 0xf, 0xfe, 0x33, 0xff, 0xfc, 0xd8,
    0x3f, 0xf8, 0xcf, 0xff, 0xf3, 0x60, 0xff, 0xe3,
    0xff, 0xff, 0x38, 0x3f, 0xf8, 0xf7, 0xff, 0xf3,
    0x50, 0xff, 0xe3, 0x3f, 0xff, 0xcf, 0xf, 0xfe,
    0x37, 0xff, 0xf4, 0x43, 0xff, 0x89, 0xff, 0xfd,
    0x30, 0xff, 0xe1, 0x5f, 0xff, 0xd3, 0x83, 0xff,
    0x83, 0xff, 0xfc, 0xc8, 0xbf, 0xd0, 0x7f, 0xdf,
    0xff, 0xcc, 0x82, 0xff, 0x90, 0xfe, 0x7f, 0xff,
    0x97, 0x7, 0x7f, 0xc1, 0xfd, 0xff, 0xfc, 0xb8,
    0x3e, 0xff, 0x83, 0xe7, 0xff, 0xf9, 0x50, 0x7e,
    0x7f, 0xe0, 0xf5, 0xff, 0xfc, 0x98, 0x3f, 0xcf,
    0xfa, 0xe, 0xff, 0xfe, 0x4c, 0x1f, 0xfc, 0xb,
    0xfc, 0x86, 0xff, 0xfe, 0x44, 0x1f, 0xfc, 0x2f,
    0xf8, 0x37, 0xff, 0xf1, 0xe0, 0xff, 0xe2, 0x7f,
    0xc1, 0x5f, 0xff, 0xc5, 0x83, 0xff, 0x8a, 0xff,
    0xa0, 0x3f, 0xff, 0xc4, 0x43, 0xff, 0x8e, 0xff,
    0x90, 0x7f, 0xff, 0xd, 0xf, 0xfe, 0x4d, 0xfe,
    0xb, 0xff, 0xf8, 0x21, 0xff, 0xcc, 0xff, 0x6,
    0xff, 0xf4, 0x1f, 0xfc, 0xef, 0xe0, 0xe6, 0xfd,
    0x21, 0xff, 0xd0, 0x7d, 0x0,

    /* U+0079 "y" */
    0xe, 0x6f, 0xd2, 0x1f, 0xfc, 0xfb, 0xc8, 0x67,
    0xff, 0xc1, 0xff, 0xcd, 0xfe, 0x41, 0x7f, 0xff,
    0x1, 0xf, 0xfe, 0x53, 0xfd, 0xf, 0xff, 0xf0,
    0x90, 0xff, 0xe4, 0xdf, 0xd1, 0xff, 0xfc, 0x44,
    0x3f, 0xf9, 0x1f, 0xe1, 0xff, 0xfe, 0x28, 0x7f,
    0xf1, 0xdf, 0xf1, 0x7f, 0xff, 0x16, 0xf, 0xfe,
    0x35, 0xfc, 0x9f, 0xff, 0xc7, 0xf, 0xfe, 0x37,
    0xf8, 0x1f, 0xff, 0xc7, 0x83, 0xff, 0x88, 0xff,
    0x81, 0xff, 0xfc, 0x80, 0xff, 0xe2, 0x5f, 0xc8,
    0x3f, 0xff, 0x91, 0x7, 0xff, 0xf, 0xfc, 0x15,
    0xff, 0xfc, 0x80, 0xff, 0xe1, 0x3f, 0xd0, 0x4f,
    0xff, 0xf2, 0x20, 0xff, 0xe0, 0xdf, 0xc8, 0x6f,
    0xff, 0xe4, 0x87, 0xff, 0x7, 0xfc, 0x1d, 0x7f,
    0xff, 0x22, 0xf, 0xf9, 0xfe, 0x83, 0x9f, 0xff,
    0xe4, 0x87, 0xfd, 0xfe, 0x43, 0xdf, 0xff, 0xc9,
    0x83, 0xfd, 0xfe, 0xf, 0xaf, 0xff, 0xe4, 0x87,
    0xf5, 0xfd, 0x7, 0xef, 0xff, 0xe4, 0xa1, 0xfb,
    0xfc, 0x1f, 0xd7, 0xff, 0xf2, 0x43, 0xe7, 0xfc,
    0x1f, 0xcf, 0xff, 0xf2, 0x50, 0xf7, 0xf9, 0xf,
    0xf7, 0xff, 0xf2, 0x60, 0xf7, 0xf8, 0x3f, 0xe7,
    0xff, 0xf9, 0x21, 0xd7, 0xf4, 0x1f, 0xfc, 0xf,
    0xff, 0xe4, 0xa1, 0xbf, 0xc1, 0xff, 0xc1, 0x7f,
    0xff, 0x92, 0x13, 0xfe, 0xf, 0xfe, 0x17, 0xff,
    0xf2, 0x42, 0xff, 0x21, 0xff, 0xc2, 0x7f, 0xff,
    0x91, 0xf, 0xf8, 0x3f, 0xf8, 0x9f, 0xff, 0xc9,
    0x2f, 0xe4, 0x3f, 0xf8, 0x8f, 0xff, 0xf2, 0xf,
    0xf0, 0x7f, 0xf1, 0xbf, 0xff, 0x91, 0x7f, 0x41,
    0xff, 0xc7, 0xff, 0xfe, 0x68, 0x7f, 0xf2, 0x2f,
    0xff, 0xe5, 0xc1, 0xff, 0xc9, 0xff, 0xfe, 0x5a,
    0x1f, 0xfc, 0x97, 0xff, 0xf9, 0x41, 0xff, 0xcb,
    0xbf, 0xff, 0x90, 0x87, 0xff, 0x33, 0xff, 0xf9,
    0x1, 0xff, 0xce, 0xff, 0xfe, 0x32, 0x1f, 0xfc,
    0xfb, 0xff, 0x37, 0xf8, 0x3f, 0xfa, 0x4d, 0x64,
    0x1f, 0xe4, 0x3f, 0xfb, 0x3f, 0xf0, 0x7f, 0xf6,
    0x5f, 0xf2, 0x1f, 0xfd, 0x9f, 0xf4, 0x1f, 0xfd,
    0x9b, 0xfc, 0x1f, 0xfd, 0xaf, 0xf4, 0x1f, 0xfd,
    0x9f, 0xf8, 0x3f, 0xfb, 0x2f, 0xf9, 0xf, 0xfe,
    0xcf, 0xfc, 0x1f, 0xfd, 0x9b, 0xfc, 0x1f, 0xfd,
    0x97, 0xfd, 0x7, 0xff, 0x67, 0xfe, 0xf, 0xfe,
    0xcf, 0xfc, 0x1f, 0xfd, 0x9b, 0xfd, 0x7, 0xff,
    0x61, 0xff, 0x83, 0xff, 0xb3, 0xff, 0x21, 0xff,
    0xd8, 0xff, 0xa0, 0xff, 0xec, 0x5f, 0xf0, 0x7f,
    0xf6, 0x1f, 0xf8, 0x3f, 0xfb, 0x3f, 0xf2, 0x1f,
    0xfd, 0x9f, 0xf4, 0x1f, 0xfd, 0xab, 0xf8, 0x3f,
    0xfb, 0x97, 0xa0, 0xff, 0xe8, 0x80,

    /* U+007A "z" */
    0xf, 0xfe, 0x2a, 0xd4, 0xff, 0xfa, 0x43, 0xff,
    0x90, 0xdf, 0xff, 0xca, 0x83, 0xff, 0x84, 0xdf,
    0xff, 0xd0, 0x83, 0xf9, 0xff, 0xfe, 0xb0, 0x79,
    0xff, 0xfe, 0xc8, 0x6b, 0xff, 0xfb, 0x48, 0x1f,
    0xff, 0xee, 0x3, 0xff, 0xfb, 0xa3, 0xff, 0xfd,
    0xd6, 0xff, 0xfe, 0xeb, 0xff, 0xfd, 0xeb, 0xff,
    0xfb, 0xcf, 0xff, 0xf7, 0x9f, 0xff, 0xef, 0x17,
    0xff, 0xf7, 0x41, 0xff, 0xfd, 0xc4, 0x17, 0xff,
    0xf6, 0xc3, 0x7f, 0xff, 0x12, 0x8a, 0xe, 0xbf,
    0xff, 0x80, 0x87, 0x5f, 0xfd, 0x28, 0x3f, 0xe7,
    0xff, 0xe8, 0x3f, 0x35, 0x90, 0xff, 0xe1, 0xbf,
    0xff, 0x41, 0xff, 0xd1, 0xbf, 0xfe, 0x43, 0xff,
    0xa1, 0x7f, 0xfc, 0x87, 0xff, 0x42, 0xff, 0xfa,
    0xf, 0xfe, 0x83, 0xff, 0xf4, 0x1f, 0xfd, 0x7,
    0xff, 0xf8, 0x1, 0xff, 0xd1, 0xbf, 0xfe, 0x43,
    0xff, 0xa0, 0xff, 0xfd, 0x7, 0xff, 0x46, 0xff,
    0xf4, 0x1f, 0xfd, 0x2f, 0xff, 0x90, 0xff, 0xe8,
    0xbf, 0xfe, 0x83, 0xff, 0xa5, 0x7f, 0xf8, 0x3f,
    0xfa, 0x77, 0xff, 0x41, 0xff, 0xd3, 0xff, 0xf0,
    0x7f, 0xf5, 0x3f, 0xfa, 0xf, 0xfe, 0xa7, 0xff,
    0x21, 0xff, 0xd4, 0xff, 0xe0, 0xff, 0xea, 0xff,
    0xe8, 0x3f, 0xfa, 0xaf, 0xfc, 0x87, 0xff, 0x5b,
    0xfe, 0x43, 0xff, 0x9a, 0xdf, 0x41, 0xbf, 0xe0,
    0xff, 0xe5, 0x37, 0xfe, 0x42, 0xff, 0x83, 0xff,
    0x88, 0xab, 0xff, 0xf8, 0x28, 0x1f, 0xfc, 0x1f,
    0x95, 0x4f, 0xff, 0xe3, 0xa1, 0x7f, 0xff, 0x6c,
    0x37, 0xff, 0xf6, 0x60, 0xe7, 0xff, 0xfa, 0x92,
    0x1f, 0xcf, 0xff, 0xf3, 0x68, 0x87, 0xff, 0x11,
    0xbf, 0xff, 0x83, 0x52, 0xc1, 0xff, 0xf0,

    /* U+007B "{" */
    0xf, 0xfe, 0x25, 0x3f, 0xa4, 0x3f, 0xf8, 0xcf,
    0xff, 0xf0, 0x3, 0xff, 0x89, 0x7f, 0xff, 0x8,
    0x3f, 0xf8, 0x5f, 0xff, 0xc5, 0xf, 0xfe, 0x5,
    0xff, 0xfc, 0x58, 0x3f, 0xcf, 0xff, 0xf1, 0xc3,
    0xfd, 0xff, 0xfc, 0x84, 0x3f, 0x5f, 0xff, 0xc8,
    0x83, 0xf7, 0xff, 0xf2, 0x83, 0xe7, 0xff, 0xf9,
    0x41, 0xf5, 0xff, 0xfc, 0xa0, 0xfa, 0xff, 0xfe,
    0x4c, 0x1f, 0x7f, 0xff, 0x29, 0xf, 0xbf, 0xff,
    0x94, 0x1f, 0xbf, 0xff, 0x94, 0x1f, 0xbf, 0xff,
    0x92, 0x87, 0xef, 0xff, 0xe4, 0x41, 0xf9, 0xff,
    0xfe, 0x3c, 0x1f, 0xef, 0xfe, 0xad, 0xfc, 0x87,
    0xfd, 0xff, 0x41, 0xff, 0xca, 0xff, 0x83, 0xff,
    0x97, 0xfe, 0x83, 0xff, 0x97, 0xfe, 0x43, 0xff,
    0x97, 0xfe, 0xf, 0xfe, 0x65, 0xfc, 0x1f, 0xfc,
    0xcb, 0xf8, 0x3f, 0xf9, 0x8f, 0xf0, 0x7f, 0xf3,
    0x1f, 0xe0, 0xff, 0xe6, 0xff, 0x21, 0xff, 0xcc,
    0xfe, 0x43, 0xff, 0x99, 0xfd, 0x7, 0xff, 0x32,
    0xfe, 0xf, 0xfe, 0x63, 0xfc, 0x1f, 0xfc, 0xdf,
    0xe0, 0xff, 0xe6, 0xff, 0x7, 0xff, 0x37, 0xf8,
    0x3f, 0xf9, 0xbf, 0xc1, 0xff, 0xcd, 0xfe, 0xf,
    0xfe, 0x65, 0xf9, 0xf, 0xfe, 0x5d, 0xfc, 0x1f,
    0xfc, 0x75, 0x53, 0xfc, 0x87, 0xff, 0x1a, 0xff,
    0xe8, 0x3f, 0xf8, 0xff, 0xfc, 0x87, 0xff, 0x23,
    0xff, 0xe0, 0xff, 0xe3, 0xff, 0xff, 0x0, 0x3f,
    0xf8, 0xff, 0xff, 0xc0, 0xf, 0xfe, 0x53, 0xff,
    0x21, 0xff, 0xcb, 0xff, 0x83, 0xff, 0x99, 0xfe,
    0xf, 0xfe, 0x65, 0xfc, 0x87, 0xff, 0x2d, 0xfe,
    0x43, 0xff, 0x96, 0xff, 0x21, 0xff, 0xcb, 0x7f,
    0x83, 0xff, 0x98, 0xff, 0x7, 0xff, 0x32, 0xfe,
    0xf, 0xfe, 0x67, 0xf4, 0x1f, 0xfc, 0xcf, 0xe4,
    0x3f, 0xf9, 0x9f, 0xc1, 0xff, 0xcc, 0x7f, 0x83,
    0xff, 0x98, 0xff, 0x7, 0xff, 0x32, 0xfe, 0xf,
    0xfe, 0x65, 0xfc, 0x1f, 0xfc, 0xcb, 0xf4, 0x1f,
    0xfc, 0xcb, 0xf4, 0x1f, 0xfc, 0xcf, 0xe8, 0x3f,
    0xf9, 0x97, 0xf0, 0x7f, 0xf3, 0x2f, 0xe0, 0xff,
    0xe6, 0x5f, 0xc1, 0xff, 0xcc, 0x7f, 0x83, 0xff,
    0x9b, 0xfc, 0x87, 0xff, 0x33, 0xfc, 0x1f, 0xfc,
    0xcb, 0xfc, 0x87, 0xcd, 0xe8, 0x3f, 0xcf, 0xff,
    0x53, 0xff, 0x21, 0xfe, 0xff, 0xfe, 0x3c, 0x1f,
    0xf7, 0xff, 0xf1, 0x90, 0xff, 0x9f, 0xff, 0xe2,
    0x87, 0xff, 0xb, 0xff, 0xf8, 0x50, 0x7f, 0xf1,
    0x6f, 0xf5, 0x10, 0xe0,

    /* U+007C "|" */
    0x5, 0xe4, 0x2f, 0xe0, 0xbf, 0x90, 0x7f, 0x20,
    0xfe, 0x41, 0xfd, 0x3, 0xfa, 0x7, 0xf4, 0xf,
    0xe8, 0x1f, 0xe0, 0x5f, 0xc0, 0xbf, 0x81, 0x7f,
    0x2, 0xfe, 0x3, 0xfc, 0x7, 0xf8, 0xf, 0xf0,
    0x1f, 0xe0, 0x3f, 0xc8, 0xff, 0x20, 0xfe, 0x41,
    0xfc, 0x83, 0xf9, 0x7, 0xf2, 0xf, 0xe4, 0x1f,
    0xc8, 0x3f, 0xa0, 0x7f, 0x40, 0xfe, 0x81, 0xfd,
    0x3, 0xfa, 0x7, 0xf4, 0xf, 0xe8, 0x1f, 0xd0,
    0x3f, 0xa0, 0x7f, 0x40, 0xfe, 0x81, 0xfd, 0x3,
    0xfa, 0x7, 0xf4, 0xf, 0xf0, 0x3f, 0xc0, 0xff,
    0x3, 0xfc, 0xf, 0xf0, 0x3f, 0xc0, 0xff, 0x3,
    0xfc, 0xf, 0xf0, 0x3f, 0xc0, 0xff, 0x3, 0xfc,
    0xf, 0xf0, 0x3f, 0xc0, 0xfe, 0x81, 0xfd, 0x3,
    0xfa, 0x7, 0xf4, 0xf, 0xe8, 0x1f, 0xd0, 0x3f,
    0xa0, 0x7f, 0x40, 0xfe, 0x81, 0xfd, 0x3, 0xfa,
    0x7, 0xf4, 0xf, 0xe8, 0x1f, 0xd0, 0x3f, 0x90,
    0x7f, 0x20, 0xfe, 0x41, 0xfc, 0x83, 0xf9, 0x7,
    0xf2, 0xf, 0xe4, 0x1f, 0xc1, 0x7f, 0x6, 0xf8,
    0x0,

    /* U+007D "}" */
    0xe, 0x6f, 0xf4, 0x87, 0xff, 0x1f, 0xff, 0xf8,
    0x8, 0x7f, 0xf1, 0x3f, 0xff, 0x86, 0x1f, 0xfc,
    0x2f, 0xff, 0xe2, 0x87, 0xff, 0x2, 0xff, 0xfe,
    0x30, 0x7f, 0xdf, 0xff, 0xc7, 0x83, 0xf9, 0xff,
    0xfe, 0x40, 0x7f, 0x5f, 0xff, 0xc8, 0x83, 0xf5,
    0xff, 0xfc, 0x90, 0xfd, 0xff, 0xfc, 0xa4, 0x3e,
    0xbf, 0xff, 0x93, 0x7, 0xd7, 0xff, 0xf2, 0x83,
    0xe7, 0xff, 0xf9, 0x41, 0xfb, 0xff, 0xf9, 0x41,
    0xfa, 0xff, 0xfe, 0x48, 0x7f, 0x7f, 0xff, 0x24,
    0x3f, 0xaf, 0xff, 0xe4, 0x21, 0xfd, 0x7f, 0xff,
    0x1d, 0xf, 0xf3, 0xfd, 0x5b, 0xff, 0x83, 0xff,
    0x95, 0x7f, 0xc1, 0xff, 0xcb, 0xff, 0x83, 0xff,
    0x97, 0x7f, 0x83, 0xff, 0x96, 0xff, 0x83, 0xff,
    0x99, 0xfe, 0xf, 0xfe, 0x67, 0xf4, 0x1f, 0xfc,
    0xcf, 0xe8, 0x3f, 0xf9, 0x9f, 0xc8, 0x7f, 0xf3,
    0x3f, 0x90, 0xff, 0xe5, 0xbf, 0xc1, 0xff, 0xcc,
    0x7f, 0x83, 0xff, 0x99, 0x7e, 0x83, 0xff, 0x99,
    0xfd, 0x7, 0xff, 0x33, 0xf9, 0xf, 0xfe, 0x67,
    0xf0, 0x7f, 0xf3, 0x7f, 0x83, 0xff, 0x9b, 0xfc,
    0x1f, 0xfc, 0xdf, 0xe4, 0x3f, 0xf9, 0x97, 0xe8,
    0x3f, 0xf9, 0x8f, 0xf4, 0x1f, 0xfc, 0xcf, 0xfa,
    0x58, 0x3f, 0xf9, 0x1f, 0xfe, 0x83, 0xff, 0x91,
    0x7f, 0xf0, 0x7f, 0xf1, 0xdb, 0xff, 0x83, 0xff,
    0x8d, 0x7f, 0xfc, 0x1f, 0xfc, 0x57, 0xff, 0xd0,
    0x7f, 0xf1, 0xbf, 0xf2, 0x1f, 0xfc, 0x8b, 0xfc,
    0x87, 0xff, 0x2b, 0xfc, 0x87, 0xff, 0x2f, 0xfc,
    0x1f, 0xfc, 0xb7, 0xf9, 0xf, 0xfe, 0x5b, 0xfc,
    0x87, 0xff, 0x2d, 0xfe, 0x43, 0xff, 0x99, 0xfc,
    0x87, 0xff, 0x33, 0xfa, 0xf, 0xfe, 0x65, 0xfa,
    0xf, 0xfe, 0x65, 0xfc, 0x1f, 0xfc, 0xc7, 0xf8,
    0x3f, 0xf9, 0xbf, 0xc1, 0xff, 0xcd, 0xfe, 0x43,
    0xff, 0x99, 0xfc, 0x87, 0xff, 0x33, 0xfa, 0xf,
    0xfe, 0x67, 0xf4, 0x1f, 0xfc, 0xcb, 0xf4, 0x1f,
    0xfc, 0xcb, 0xf4, 0x1f, 0xfc, 0xcb, 0xf4, 0x1f,
    0xfc, 0xcf, 0xe8, 0x3f, 0xf9, 0x9f, 0xd0, 0x7f,
    0xf3, 0x3f, 0xa0, 0xff, 0xe6, 0x7f, 0x21, 0xff,
    0xcb, 0x7f, 0x83, 0xff, 0x99, 0xfe, 0xf, 0xf5,
    0xe9, 0xf, 0x9f, 0xf4, 0x1f, 0xcf, 0xfe, 0xa7,
    0xff, 0x7, 0xfa, 0xff, 0xfe, 0x34, 0x1f, 0xe7,
    0xff, 0xf8, 0xc1, 0xff, 0xc0, 0xff, 0xfe, 0x28,
    0x7f, 0xf0, 0xaf, 0xff, 0xe0, 0xc1, 0xff, 0xc6,
    0x55, 0xfe, 0x83, 0xff, 0x86,

    /* U+007E "~" */
    0xf, 0xe6, 0xfe, 0x90, 0xff, 0xec, 0x3f, 0xff,
    0x41, 0xff, 0xd5, 0xbf, 0xff, 0x85, 0x7, 0xff,
    0x4a, 0xff, 0xfe, 0x2a, 0x1f, 0xfc, 0x6f, 0x83,
    0xd7, 0xff, 0xf1, 0xe0, 0xff, 0xe2, 0x7f, 0x6,
    0x7f, 0xff, 0x94, 0x87, 0xff, 0x5, 0xfe, 0x42,
    0xff, 0xfe, 0x64, 0x1f, 0xfc, 0xf, 0xf0, 0x57,
    0xff, 0xf3, 0x60, 0xff, 0x5f, 0xe0, 0xbf, 0xff,
    0xa0, 0x1f, 0x9f, 0xf2, 0xb, 0xff, 0xfa, 0x30,
    0x73, 0xff, 0x5, 0xff, 0xfc, 0x6a, 0xbf, 0xfe,
    0x9b, 0xff, 0x40, 0x7f, 0xff, 0x88, 0x87, 0x3f,
    0xff, 0xc8, 0xa, 0xff, 0xfe, 0x18, 0x7f, 0x7f,
    0xff, 0x19, 0xa, 0xff, 0xfe, 0x12, 0x1f, 0xe7,
    0xff, 0xf8, 0x70, 0x6b, 0xff, 0xf8, 0x41, 0xff,
    0xc1, 0xbf, 0xff, 0x81, 0x7, 0x3f, 0xff, 0xc1,
    0x43, 0xff, 0x84, 0xff, 0xf9, 0xf, 0xaf, 0xff,
    0xa0, 0xff, 0xe3, 0x5f, 0xa4, 0x3f, 0xdf, 0xfe,
    0x83, 0xff, 0xb2, 0xff, 0xc8, 0x7f, 0xf7, 0x17,
    0x7, 0xff, 0x68,

    /* U+007F "" */

};


/*---------------------
 *  GLYPH DESCRIPTION
 *--------------------*/

static const lv_font_fmt_txt_glyph_dsc_t glyph_dsc[] = {
    {.bitmap_index = 0, .adv_w = 0, .box_w = 0, .box_h = 0, .ofs_x = 0, .ofs_y = 0} /* id = 0 reserved */,
    {.bitmap_index = 0, .adv_w = 396, .box_w = 0, .box_h = 0, .ofs_x = 0, .ofs_y = 0},
    {.bitmap_index = 0, .adv_w = 465, .box_w = 19, .box_h = 66, .ofs_x = 5, .ofs_y = -6},
    {.bitmap_index = 223, .adv_w = 540, .box_w = 20, .box_h = 23, .ofs_x = 7, .ofs_y = 37},
    {.bitmap_index = 318, .adv_w = 890, .box_w = 50, .box_h = 65, .ofs_x = 3, .ofs_y = -5},
    {.bitmap_index = 748, .adv_w = 874, .box_w = 46, .box_h = 82, .ofs_x = 4, .ofs_y = -13},
    {.bitmap_index = 1228, .adv_w = 1344, .box_w = 76, .box_h = 64, .ofs_x = 4, .ofs_y = -4},
    {.bitmap_index = 1885, .adv_w = 1161, .box_w = 59, .box_h = 64, .ofs_x = 7, .ofs_y = -4},
    {.bitmap_index = 2422, .adv_w = 337, .box_w = 7, .box_h = 23, .ofs_x = 7, .ofs_y = 37},
    {.bitmap_index = 2456, .adv_w = 504, .box_w = 24, .box_h = 77, .ofs_x = 6, .ofs_y = -18},
    {.bitmap_index = 2790, .adv_w = 504, .box_w = 23, .box_h = 77, .ofs_x = 3, .ofs_y = -18},
    {.bitmap_index = 3120, .adv_w = 622, .box_w = 31, .box_h = 29, .ofs_x = 4, .ofs_y = 31},
    {.bitmap_index = 3271, .adv_w = 952, .box_w = 48, .box_h = 48, .ofs_x = 6, .ofs_y = 4},
    {.bitmap_index = 3468, .adv_w = 442, .box_w = 18, .box_h = 29, .ofs_x = 5, .ofs_y = -18},
    {.bitmap_index = 3567, .adv_w = 659, .box_w = 35, .box_h = 7, .ofs_x = 3, .ofs_y = 26},
    {.bitmap_index = 3599, .adv_w = 448, .box_w = 18, .box_h = 17, .ofs_x = 5, .ofs_y = -6},
    {.bitmap_index = 3658, .adv_w = 520, .box_w = 28, .box_h = 72, .ofs_x = 2, .ofs_y = -12},
    {.bitmap_index = 3944, .adv_w = 880, .box_w = 49, .box_h = 62, .ofs_x = 3, .ofs_y = -4},
    {.bitmap_index = 4375, .adv_w = 880, .box_w = 42, .box_h = 63, .ofs_x = 3, .ofs_y = -4},
    {.bitmap_index = 4686, .adv_w = 880, .box_w = 47, .box_h = 62, .ofs_x = 4, .ofs_y = -4},
    {.bitmap_index = 5014, .adv_w = 880, .box_w = 47, .box_h = 62, .ofs_x = 3, .ofs_y = -4},
    {.bitmap_index = 5326, .adv_w = 880, .box_w = 51, .box_h = 62, .ofs_x = 3, .ofs_y = -4},
    {.bitmap_index = 5728, .adv_w = 880, .box_w = 47, .box_h = 62, .ofs_x = 4, .ofs_y = -4},
    {.bitmap_index = 6039, .adv_w = 880, .box_w = 48, .box_h = 62, .ofs_x = 3, .ofs_y = -4},
    {.bitmap_index = 6437, .adv_w = 880, .box_w = 49, .box_h = 62, .ofs_x = 2, .ofs_y = -4},
    {.bitmap_index = 6711, .adv_w = 880, .box_w = 47, .box_h = 61, .ofs_x = 4, .ofs_y = -4},
    {.bitmap_index = 7102, .adv_w = 880, .box_w = 49, .box_h = 62, .ofs_x = 3, .ofs_y = -4},
    {.bitmap_index = 7465, .adv_w = 448, .box_w = 18, .box_h = 46, .ofs_x = 5, .ofs_y = -4},
    {.bitmap_index = 7588, .adv_w = 448, .box_w = 18, .box_h = 59, .ofs_x = 5, .ofs_y = -17},
    {.bitmap_index = 7755, .adv_w = 931, .box_w = 46, .box_h = 46, .ofs_x = 6, .ofs_y = 5},
    {.bitmap_index = 8003, .adv_w = 950, .box_w = 48, .box_h = 34, .ofs_x = 6, .ofs_y = 11},
    {.bitmap_index = 8140, .adv_w = 931, .box_w = 46, .box_h = 46, .ofs_x = 6, .ofs_y = 5},
    {.bitmap_index = 8395, .adv_w = 802, .box_w = 40, .box_h = 65, .ofs_x = 5, .ofs_y = -5},
    {.bitmap_index = 8699, .adv_w = 1207, .box_w = 63, .box_h = 64, .ofs_x = 6, .ofs_y = -4},
    {.bitmap_index = 9312, .adv_w = 1058, .box_w = 61, .box_h = 64, .ofs_x = 3, .ofs_y = -4},
    {.bitmap_index = 9821, .adv_w = 969, .box_w = 55, .box_h = 64, .ofs_x = 3, .ofs_y = -4},
    {.bitmap_index = 10258, .adv_w = 952, .box_w = 54, .box_h = 64, .ofs_x = 3, .ofs_y = -4},
    {.bitmap_index = 10620, .adv_w = 1056, .box_w = 60, .box_h = 64, .ofs_x = 3, .ofs_y = -4},
    {.bitmap_index = 11063, .adv_w = 921, .box_w = 52, .box_h = 63, .ofs_x = 3, .ofs_y = -4},
    {.bitmap_index = 11374, .adv_w = 921, .box_w = 52, .box_h = 63, .ofs_x = 3, .ofs_y = -4},
    {.bitmap_index = 11653, .adv_w = 1001, .box_w = 57, .box_h = 64, .ofs_x = 3, .ofs_y = -4},
    {.bitmap_index = 12089, .adv_w = 972, .box_w = 55, .box_h = 64, .ofs_x = 3, .ofs_y = -4},
    {.bitmap_index = 12542, .adv_w = 723, .box_w = 40, .box_h = 64, .ofs_x = 3, .ofs_y = -4},
    {.bitmap_index = 12804, .adv_w = 723, .box_w = 40, .box_h = 64, .ofs_x = 3, .ofs_y = -4},
    {.bitmap_index = 13082, .adv_w = 969, .box_w = 55, .box_h = 64, .ofs_x = 3, .ofs_y = -4},
    {.bitmap_index = 13616, .adv_w = 792, .box_w = 44, .box_h = 64, .ofs_x = 3, .ofs_y = -4},
    {.bitmap_index = 13983, .adv_w = 1242, .box_w = 73, .box_h = 64, .ofs_x = 2, .ofs_y = -4},
    {.bitmap_index = 14692, .adv_w = 974, .box_w = 55, .box_h = 64, .ofs_x = 3, .ofs_y = -4},
    {.bitmap_index = 15244, .adv_w = 1039, .box_w = 59, .box_h = 64, .ofs_x = 3, .ofs_y = -4},
    {.bitmap_index = 15699, .adv_w = 945, .box_w = 54, .box_h = 64, .ofs_x = 3, .ofs_y = -4},
    {.bitmap_index = 16083, .adv_w = 1039, .box_w = 59, .box_h = 79, .ofs_x = 3, .ofs_y = -19},
    {.bitmap_index = 16652, .adv_w = 945, .box_w = 54, .box_h = 64, .ofs_x = 3, .ofs_y = -4},
    {.bitmap_index = 17072, .adv_w = 878, .box_w = 49, .box_h = 64, .ofs_x = 3, .ofs_y = -4},
    {.bitmap_index = 17403, .adv_w = 950, .box_w = 54, .box_h = 63, .ofs_x = 3, .ofs_y = -4},
    {.bitmap_index = 17664, .adv_w = 976, .box_w = 55, .box_h = 64, .ofs_x = 3, .ofs_y = -4},
    {.bitmap_index = 18121, .adv_w = 999, .box_w = 57, .box_h = 64, .ofs_x = 3, .ofs_y = -4},
    {.bitmap_index = 18619, .adv_w = 1568, .box_w = 93, .box_h = 64, .ofs_x = 3, .ofs_y = -4},
    {.bitmap_index = 19501, .adv_w = 1005, .box_w = 57, .box_h = 64, .ofs_x = 3, .ofs_y = -4},
    {.bitmap_index = 19957, .adv_w = 1001, .box_w = 57, .box_h = 64, .ofs_x = 3, .ofs_y = -4},
    {.bitmap_index = 20388, .adv_w = 974, .box_w = 55, .box_h = 63, .ofs_x = 3, .ofs_y = -4},
    {.bitmap_index = 20713, .adv_w = 505, .box_w = 26, .box_h = 77, .ofs_x = 4, .ofs_y = -17},
    {.bitmap_index = 21025, .adv_w = 520, .box_w = 28, .box_h = 73, .ofs_x = 3, .ofs_y = -13},
    {.bitmap_index = 21309, .adv_w = 504, .box_w = 26, .box_h = 78, .ofs_x = 1, .ofs_y = -18},
    {.bitmap_index = 21624, .adv_w = 886, .box_w = 44, .box_h = 36, .ofs_x = 6, .ofs_y = 24},
    {.bitmap_index = 21876, .adv_w = 775, .box_w = 46, .box_h = 7, .ofs_x = 1, .ofs_y = -10},
    {.bitmap_index = 21905, .adv_w = 519, .box_w = 21, .box_h = 19, .ofs_x = 6, .ofs_y = 41},
    {.bitmap_index = 21980, .adv_w = 868, .box_w = 49, .box_h = 47, .ofs_x = 3, .ofs_y = -4},
    {.bitmap_index = 22278, .adv_w = 831, .box_w = 46, .box_h = 64, .ofs_x = 3, .ofs_y = -4},
    {.bitmap_index = 22622, .adv_w = 790, .box_w = 44, .box_h = 47, .ofs_x = 3, .ofs_y = -4},
    {.bitmap_index = 22881, .adv_w = 831, .box_w = 46, .box_h = 65, .ofs_x = 3, .ofs_y = -5},
    {.bitmap_index = 23243, .adv_w = 849, .box_w = 48, .box_h = 47, .ofs_x = 3, .ofs_y = -4},
    {.bitmap_index = 23556, .adv_w = 634, .box_w = 34, .box_h = 64, .ofs_x = 3, .ofs_y = -4},
    {.bitmap_index = 23839, .adv_w = 868, .box_w = 49, .box_h = 61, .ofs_x = 3, .ofs_y = -18},
    {.bitmap_index = 24219, .adv_w = 810, .box_w = 45, .box_h = 65, .ofs_x = 3, .ofs_y = -5},
    {.bitmap_index = 24539, .adv_w = 386, .box_w = 19, .box_h = 69, .ofs_x = 3, .ofs_y = -4},
    {.bitmap_index = 24765, .adv_w = 539, .box_w = 28, .box_h = 84, .ofs_x = 3, .ofs_y = -18},
    {.bitmap_index = 25164, .adv_w = 867, .box_w = 49, .box_h = 64, .ofs_x = 3, .ofs_y = -4},
    {.bitmap_index = 25631, .adv_w = 374, .box_w = 18, .box_h = 65, .ofs_x = 3, .ofs_y = -4},
    {.bitmap_index = 25837, .adv_w = 1223, .box_w = 71, .box_h = 48, .ofs_x = 3, .ofs_y = -5},
    {.bitmap_index = 26250, .adv_w = 863, .box_w = 48, .box_h = 48, .ofs_x = 3, .ofs_y = -5},
    {.bitmap_index = 26516, .adv_w = 853, .box_w = 48, .box_h = 47, .ofs_x = 3, .ofs_y = -4},
    {.bitmap_index = 26830, .adv_w = 887, .box_w = 50, .box_h = 62, .ofs_x = 3, .ofs_y = -19},
    {.bitmap_index = 27191, .adv_w = 880, .box_w = 49, .box_h = 61, .ofs_x = 3, .ofs_y = -18},
    {.bitmap_index = 27534, .adv_w = 589, .box_w = 31, .box_h = 47, .ofs_x = 3, .ofs_y = -4},
    {.bitmap_index = 27732, .adv_w = 712, .box_w = 39, .box_h = 47, .ofs_x = 3, .ofs_y = -4},
    {.bitmap_index = 27967, .adv_w = 644, .box_w = 35, .box_h = 64, .ofs_x = 3, .ofs_y = -4},
    {.bitmap_index = 28242, .adv_w = 816, .box_w = 45, .box_h = 47, .ofs_x = 3, .ofs_y = -4},
    {.bitmap_index = 28576, .adv_w = 836, .box_w = 47, .box_h = 47, .ofs_x = 3, .ofs_y = -4},
    {.bitmap_index = 28919, .adv_w = 1241, .box_w = 72, .box_h = 48, .ofs_x = 3, .ofs_y = -4},
    {.bitmap_index = 29504, .adv_w = 818, .box_w = 46, .box_h = 47, .ofs_x = 3, .ofs_y = -4},
    {.bitmap_index = 29813, .adv_w = 812, .box_w = 45, .box_h = 61, .ofs_x = 3, .ofs_y = -18},
    {.bitmap_index = 30171, .adv_w = 777, .box_w = 43, .box_h = 48, .ofs_x = 3, .ofs_y = -5},
    {.bitmap_index = 30402, .adv_w = 523, .box_w = 30, .box_h = 78, .ofs_x = 1, .ofs_y = -18},
    {.bitmap_index = 30734, .adv_w = 329, .box_w = 8, .box_h = 78, .ofs_x = 6, .ofs_y = -18},
    {.bitmap_index = 30879, .adv_w = 523, .box_w = 30, .box_h = 78, .ofs_x = 2, .ofs_y = -18},
    {.bitmap_index = 31212, .adv_w = 938, .box_w = 47, .box_h = 20, .ofs_x = 6, .ofs_y = 18},
    {.bitmap_index = 31351, .adv_w = 1344, .box_w = 0, .box_h = 0, .ofs_x = 0, .ofs_y = 0}
};

/*---------------------
 *  CHARACTER MAPPING
 *--------------------*/



/*Collect the unicode lists and glyph_id offsets*/
static const lv_font_fmt_txt_cmap_t cmaps[] =
{
    {
        .range_start = 32, .range_length = 96, .glyph_id_start = 1,
        .unicode_list = NULL, .glyph_id_ofs_list = NULL, .list_length = 0, .type = LV_FONT_FMT_TXT_CMAP_FORMAT0_TINY
    }
};

/*-----------------
 *    KERNING
 *----------------*/


/*Pair left and right glyphs for kerning*/
static const uint8_t kern_pair_glyph_ids[] =
{
    34, 55,
    34, 87,
    55, 34
};

/* Kerning between the respective left and right glyphs
 * 4.4 format which needs to scaled with `kern_scale`*/
static const int8_t kern_pair_values[] =
{
    -67, -60, -67
};

/*Collect the kern pair's data in one place*/
static const lv_font_fmt_txt_kern_pair_t kern_pairs =
{
    .glyph_ids = kern_pair_glyph_ids,
    .values = kern_pair_values,
    .pair_cnt = 3,
    .glyph_ids_size = 0
};

/*--------------------
 *  ALL CUSTOM DATA
 *--------------------*/

#if LVGL_VERSION_MAJOR == 8
/*Store all the custom data of the font*/
static  lv_font_fmt_txt_glyph_cache_t cache;
#endif

#if LVGL_VERSION_MAJOR >= 8
static const lv_font_fmt_txt_dsc_t font_dsc = {
#else
static lv_font_fmt_txt_dsc_t font_dsc = {
#endif
    .glyph_bitmap = glyph_bitmap,
    .glyph_dsc = glyph_dsc,
    .cmaps = cmaps,
    .kern_dsc = &kern_pairs,
    .kern_scale = 16,
    .cmap_num = 1,
    .bpp = 2,
    .kern_classes = 0,
    .bitmap_format = 2,
#if LVGL_VERSION_MAJOR == 8
    .cache = &cache
#endif
};



/*-----------------
 *  PUBLIC FONT
 *----------------*/

/*Initialize a public general font descriptor*/
#if LVGL_VERSION_MAJOR >= 8
const lv_font_t ui_font_HY_84 = {
#else
lv_font_t ui_font_HY_84 = {
#endif
    .get_glyph_dsc = lv_font_get_glyph_dsc_fmt_txt,    /*Function pointer to get glyph's data*/
    .get_glyph_bitmap = lv_font_get_bitmap_fmt_txt,    /*Function pointer to get glyph's bitmap*/
    .line_height = 88,          /*The maximum line height required by the font*/
    .base_line = 19,             /*Baseline measured from the bottom of the line*/
#if !(LVGL_VERSION_MAJOR == 6 && LVGL_VERSION_MINOR == 0)
    .subpx = LV_FONT_SUBPX_NONE,
#endif
#if LV_VERSION_CHECK(7, 4, 0) || LVGL_VERSION_MAJOR >= 8
    .underline_position = -6,
    .underline_thickness = 4,
#endif
    .dsc = &font_dsc,          /*The custom font data. Will be accessed by `get_glyph_bitmap/dsc` */
#if LV_VERSION_CHECK(8, 2, 0) || LVGL_VERSION_MAJOR >= 9
    .fallback = NULL,
#endif
    .user_data = NULL,
};



#endif /*#if UI_FONT_HY_84*/

