/*******************************************************************************
 * Size: 80 px
 * Bpp: 2
 * Opts: --bpp 2 --size 80 --font H:/2025/lvgl_squareline/SquareLine Studio/watch_demo_modify/assets/fonts/HONORSans-Demibold.ttf -o H:/2025/lvgl_squareline/SquareLine Studio/watch_demo_modify/assets/fonts\ui_font_HONOR_80.c --format lvgl -r 0x20-0x7f --no-prefilter
 ******************************************************************************/

#include "../ui.h"

#ifndef UI_FONT_HONOR_80
#define UI_FONT_HONOR_80 1
#endif

#if UI_FONT_HONOR_80

/*-----------------
 *    BITMAPS
 *----------------*/

/*Store the image of the glyphs*/
static LV_ATTRIBUTE_LARGE_CONST const uint8_t glyph_bitmap[] = {
    /* U+0020 " " */

    /* U+0021 "!" */
    0x5, 0x7f, 0x6, 0xff, 0xe0, 0xdf, 0xfc, 0x1b,
    0xff, 0x83, 0x7f, 0xf0, 0x6f, 0xfe, 0xd, 0xff,
    0xc1, 0xbf, 0xf8, 0x37, 0xff, 0x6, 0xff, 0xe0,
    0xdf, 0xfc, 0x1b, 0xff, 0x83, 0x7f, 0xf0, 0x6f,
    0xfe, 0xd, 0xff, 0xc1, 0xbf, 0xf8, 0x37, 0xff,
    0x6, 0xff, 0xe0, 0xdf, 0xfc, 0x1b, 0xff, 0x83,
    0x7f, 0xf0, 0x6f, 0xfe, 0xd, 0xff, 0xc1, 0xbf,
    0xf8, 0x37, 0xff, 0x6, 0xff, 0xe0, 0xdf, 0xfc,
    0x1b, 0xff, 0x83, 0x7f, 0xf0, 0x6f, 0xfe, 0xd,
    0xff, 0xc1, 0xbf, 0xf8, 0x37, 0xff, 0x6, 0xff,
    0xe0, 0xdf, 0xfc, 0x1b, 0xff, 0x83, 0x7f, 0xf0,
    0x6f, 0xfe, 0xd, 0xff, 0xc1, 0xbf, 0xf8, 0x37,
    0xff, 0x7, 0xff, 0xfc, 0x3f, 0xaf, 0xa0, 0xf5,
    0xff, 0x41, 0x5f, 0xfc, 0x83, 0xff, 0xe2, 0xff,
    0xf9, 0xbf, 0xfe, 0xa7, 0xff, 0xd4, 0xff, 0xfa,
    0x7f, 0xfe, 0x4f, 0xff, 0x82, 0xff, 0xe0, 0xef,
    0xf4, 0x1f, 0x96, 0xe,

    /* U+0022 "\"" */
    0x6b, 0xe0, 0xf9, 0xaf, 0x9b, 0xfe, 0x43, 0xd7,
    0xfd, 0x4f, 0xf9, 0xf, 0x5f, 0xf5, 0x3f, 0xe4,
    0x3d, 0x7f, 0xd4, 0xff, 0x90, 0xf5, 0xff, 0x53,
    0xfe, 0x43, 0xd7, 0xfd, 0x4f, 0xf9, 0xf, 0x5f,
    0xf5, 0x3f, 0xe4, 0x3d, 0x7f, 0xd4, 0xff, 0x90,
    0xf5, 0xff, 0x53, 0xfe, 0x43, 0xd7, 0xfd, 0x4f,
    0xf9, 0xf, 0x5f, 0xf5, 0x3f, 0xe4, 0x3d, 0x7f,
    0xd4, 0xff, 0x90, 0xf5, 0xff, 0x53, 0xfe, 0x43,
    0xd7, 0xfd, 0x4f, 0xf9, 0xf, 0x5f, 0xf5, 0x3f,
    0xe4, 0x3d, 0x7f, 0xd4, 0xff, 0x90, 0xf5, 0xff,
    0x53, 0xfe, 0x43, 0xd7, 0xfd, 0x4f, 0xf9, 0xf,
    0x5f, 0xf5, 0x3f, 0xe4, 0x3d, 0x7f, 0xd4, 0xff,
    0x90, 0xf5, 0xff, 0x53, 0xfe, 0x43, 0xd7, 0xfd,
    0x0,

    /* U+0023 "#" */
    0xf, 0xfe, 0x15, 0xff, 0x90, 0xff, 0x7f, 0xf0,
    0x7f, 0xf2, 0x3f, 0xf8, 0x3f, 0xef, 0xfd, 0x7,
    0xff, 0x23, 0xff, 0x83, 0xfc, 0xff, 0xe8, 0x3f,
    0xf9, 0x1f, 0xfc, 0x1f, 0xe7, 0xff, 0x21, 0xff,
    0xc8, 0xff, 0xe0, 0xff, 0x5f, 0xf9, 0xf, 0xfe,
    0x3b, 0xff, 0xa0, 0xff, 0x5f, 0xf8, 0x3f, 0xf9,
    0xf, 0xfe, 0x83, 0xfd, 0xff, 0xc1, 0xff, 0xc8,
    0xbf, 0xf2, 0x1f, 0xef, 0xfe, 0xf, 0xfe, 0x45,
    0xff, 0x83, 0xfe, 0xff, 0xd0, 0x7f, 0xf2, 0x3f,
    0xf8, 0x3f, 0xcf, 0xfe, 0x83, 0xff, 0x91, 0xff,
    0xc1, 0xfe, 0x7f, 0xf2, 0x1f, 0xfc, 0x8f, 0xfe,
    0xf, 0xf5, 0xff, 0x90, 0xff, 0xe3, 0xbf, 0xfa,
    0xf, 0xf5, 0xff, 0x83, 0xff, 0x90, 0xff, 0xe8,
    0x3f, 0xdf, 0xfc, 0x1f, 0xfc, 0x8b, 0xff, 0x21,
    0xfe, 0xff, 0xe0, 0xff, 0xe4, 0x5f, 0xf9, 0xf,
    0xf7, 0xff, 0x7, 0xff, 0x23, 0xff, 0x90, 0xfe,
    0x7f, 0xf4, 0x1f, 0xf7, 0xff, 0xf8, 0x43, 0x7f,
    0xff, 0x84, 0x37, 0xff, 0xf8, 0x43, 0x7f, 0xff,
    0x84, 0x37, 0xff, 0xf8, 0x43, 0x7f, 0xff, 0x84,
    0x37, 0xff, 0xf8, 0x43, 0x7f, 0xff, 0x84, 0x3f,
    0xf8, 0x1f, 0xfc, 0x1f, 0xeb, 0xff, 0x21, 0xff,
    0xc8, 0xff, 0xd0, 0x7f, 0xaf, 0xfc, 0x1f, 0xfc,
    0x87, 0xff, 0x21, 0xfe, 0xff, 0xe0, 0xff, 0xe4,
    0x5f, 0xf9, 0xf, 0xf7, 0xff, 0x7, 0xff, 0x22,
    0xff, 0xc1, 0xff, 0x7f, 0xe8, 0x3f, 0xf9, 0x1f,
    0xfc, 0x1f, 0xe7, 0xff, 0x41, 0xff, 0xc8, 0xff,
    0xe0, 0xff, 0x3f, 0xf9, 0xf, 0xfe, 0x47, 0xfe,
    0x83, 0xfd, 0x7f, 0xe0, 0xff, 0xe4, 0x3f, 0xfa,
    0xf, 0xf5, 0xff, 0x83, 0xff, 0x91, 0x7f, 0xe8,
    0x3f, 0xdf, 0xfc, 0x1f, 0xfc, 0xf, 0xff, 0xf0,
    0x41, 0xbf, 0xff, 0xc1, 0x6, 0xff, 0xff, 0x4,
    0x1b, 0xff, 0xfc, 0x10, 0x6f, 0xff, 0xf0, 0x41,
    0xbf, 0xff, 0xc1, 0x6, 0xff, 0xff, 0x4, 0x1b,
    0xff, 0xfc, 0x10, 0x7f, 0xd7, 0xfe, 0xf, 0xfb,
    0xff, 0x41, 0xff, 0xc8, 0xff, 0xe0, 0xff, 0x3f,
    0xf9, 0xf, 0xfe, 0x47, 0xff, 0x7, 0xf9, 0xff,
    0xc8, 0x7f, 0xf2, 0x3f, 0xf4, 0x1f, 0xeb, 0xff,
    0x7, 0xff, 0x21, 0xff, 0xd0, 0x7f, 0xbf, 0xf8,
    0x3f, 0xf9, 0xf, 0xfe, 0x43, 0xfd, 0xff, 0xc1,
    0xff, 0xc8, 0xbf, 0xf0, 0x7f, 0xdf, 0xfc, 0x1f,
    0xfc, 0x8b, 0xff, 0x7, 0xfd, 0xff, 0xa0, 0xff,
    0xe4, 0x7f, 0xf0, 0x7f, 0x9f, 0xfc, 0x87, 0xff,
    0x23, 0xff, 0x83, 0xfd, 0x7f, 0xe4, 0x3f, 0xf9,
    0x1f, 0xfa, 0xf, 0xf5, 0xff, 0x83, 0xff, 0x90,
    0xff, 0xe8, 0x3f, 0xdf, 0xfc, 0x1f, 0xfc, 0x87,
    0xff, 0x21, 0xfe, 0xff, 0xe0, 0xff, 0xe4, 0x5f,
    0xf9, 0xf, 0xf7, 0xff, 0x7, 0xff, 0x22, 0xff,
    0xc1, 0xff, 0x7f, 0xe8, 0x3f, 0xf9, 0x1f, 0xfc,
    0x1f, 0xe7, 0xff, 0x41, 0xff, 0xc2,

    /* U+0024 "$" */
    0xf, 0xff, 0x9f, 0xfe, 0xf, 0xfe, 0xc7, 0xfe,
    0xf, 0xfe, 0xc7, 0xfe, 0xf, 0xfe, 0xc7, 0xfe,
    0xf, 0xfe, 0xc7, 0xfe, 0xf, 0xfe, 0xbb, 0xff,
    0x90, 0xff, 0xe9, 0x3f, 0xff, 0xc3, 0x90, 0xff,
    0xe6, 0x5f, 0xff, 0xc8, 0x83, 0xff, 0x91, 0x7f,
    0xff, 0x32, 0xf, 0xfe, 0x23, 0xff, 0xfd, 0x8,
    0x3f, 0xf8, 0x2f, 0xff, 0xf4, 0xd0, 0xff, 0x5f,
    0xff, 0xd5, 0x83, 0xf3, 0xff, 0xfd, 0x78, 0x3e,
    0xff, 0xfe, 0xc8, 0x7a, 0xff, 0xfe, 0xd, 0xff,
    0xfc, 0xa0, 0xfb, 0xff, 0xf8, 0x8, 0x3f, 0xf0,
    0x1f, 0xff, 0x7, 0xd7, 0xff, 0xa0, 0xdf, 0xf8,
    0x33, 0xff, 0x7, 0xef, 0xff, 0x41, 0xdf, 0xf8,
    0x3c, 0xfe, 0xf, 0xef, 0xff, 0x7, 0xbf, 0xf0,
    0x7e, 0xf0, 0x7f, 0x3f, 0xfd, 0x7, 0xbf, 0xf0,
    0x7f, 0xf1, 0xdf, 0xfe, 0x43, 0xdf, 0xf8, 0x3f,
    0xf8, 0xef, 0xff, 0x7, 0xdf, 0xf8, 0x3f, 0xf8,
    0xef, 0xff, 0x21, 0xef, 0xfc, 0x1f, 0xfc, 0x77,
    0xff, 0x90, 0xf7, 0xfe, 0xf, 0xfe, 0x3b, 0xff,
    0xe0, 0xf7, 0xfe, 0xf, 0xfe, 0x47, 0xff, 0xa0,
    0xef, 0xfc, 0x1f, 0xfc, 0x8f, 0xff, 0xa0, 0xdf,
    0xf8, 0x3f, 0xf9, 0x17, 0xff, 0xf0, 0x20, 0x7f,
    0xe0, 0xff, 0xe4, 0xff, 0xff, 0xa, 0xff, 0xc1,
    0xff, 0xc9, 0xbf, 0xff, 0x94, 0x1f, 0xfc, 0xaf,
    0xff, 0xe5, 0x7, 0xff, 0x2f, 0xff, 0xf9, 0x30,
    0x7f, 0xf2, 0xff, 0xff, 0x96, 0x87, 0xff, 0x26,
    0xff, 0xfe, 0x5a, 0x1f, 0xfc, 0x87, 0xff, 0xf9,
    0x88, 0x7f, 0xf2, 0x1f, 0xff, 0xe5, 0xc1, 0xff,
    0xc9, 0x7f, 0xff, 0x96, 0x87, 0xff, 0x25, 0xbf,
    0xff, 0x92, 0x87, 0xff, 0x2e, 0xff, 0xfe, 0x44,
    0x1f, 0xfc, 0xbf, 0xff, 0xe4, 0xa1, 0xff, 0xca,
    0xff, 0xfe, 0x50, 0x7f, 0xf2, 0xbf, 0xff, 0x95,
    0x7, 0xff, 0x27, 0xff, 0x2, 0xff, 0xfe, 0x0,
    0x7f, 0xf2, 0x7f, 0xf0, 0x4f, 0xff, 0xd0, 0x7f,
    0xf2, 0x3f, 0xf0, 0x77, 0xff, 0xc1, 0xff, 0xc8,
    0xff, 0xc1, 0xcf, 0xff, 0x83, 0xff, 0x91, 0xff,
    0x83, 0xdf, 0xfe, 0x43, 0xff, 0x8f, 0xff, 0x83,
    0xcf, 0xff, 0x21, 0xff, 0xc7, 0xff, 0xc1, 0xe7,
    0xff, 0x90, 0xff, 0xe3, 0xff, 0xe0, 0xfb, 0xff,
    0x90, 0xff, 0xe3, 0xff, 0xe0, 0xf3, 0xff, 0xc8,
    0x7b, 0xc1, 0xff, 0x7f, 0xe0, 0xf3, 0xff, 0xc8,
    0x77, 0xe0, 0xff, 0x7f, 0xe0, 0xf7, 0xff, 0x83,
    0xbf, 0xc8, 0x7e, 0xff, 0xc1, 0xcf, 0xff, 0x83,
    0x7f, 0xe8, 0x3e, 0xff, 0xc1, 0xdf, 0xfe, 0x82,
    0xbf, 0xfd, 0x7, 0x7f, 0xe0, 0x9f, 0xff, 0x90,
    0x5f, 0xff, 0xc2, 0x81, 0xff, 0x95, 0xff, 0xfc,
    0x10, 0xbf, 0xff, 0xb8, 0x86, 0xff, 0xfe, 0xd4,
    0x1e, 0xff, 0xfe, 0xc8, 0x7e, 0xbf, 0xff, 0xac,
    0x1f, 0xe7, 0xff, 0xfa, 0x81, 0xff, 0xc1, 0xbf,
    0xff, 0xa1, 0x7, 0xff, 0x12, 0xff, 0xfe, 0x64,
    0x1f, 0xfc, 0x86, 0xff, 0xfe, 0x3c, 0x1f, 0xfc,
    0xd6, 0xff, 0xfe, 0x5, 0x10, 0xff, 0xea, 0x7f,
    0xe0, 0xff, 0xec, 0x7f, 0xe0, 0xff, 0xec, 0x7f,
    0xe0, 0xff, 0xec, 0x7f, 0xe0, 0xff, 0xec, 0x7f,
    0xe0, 0xff, 0xec, 0x7f, 0xe0, 0xff, 0xe2, 0x80,

    /* U+0025 "%" */
    0xf, 0xf5, 0x3f, 0xa4, 0x3f, 0xf9, 0xf5, 0xfc,
    0x87, 0xff, 0x11, 0xff, 0xfe, 0x2, 0x1f, 0xfc,
    0xcf, 0xff, 0x7, 0xff, 0x12, 0xff, 0xfe, 0x18,
    0x7f, 0xf2, 0x9f, 0xfe, 0x43, 0xff, 0x87, 0xff,
    0xfc, 0x64, 0x3f, 0xf9, 0x1f, 0xfe, 0xf, 0xfe,
    0x1f, 0xff, 0xf2, 0x10, 0xff, 0xe3, 0x5f, 0xfc,
    0x1f, 0xfc, 0x3f, 0xff, 0xe5, 0x7, 0xff, 0x15,
    0xff, 0xe8, 0x3f, 0xf8, 0x57, 0xff, 0xf2, 0xc3,
    0xff, 0x89, 0xff, 0xe0, 0xff, 0xe1, 0xff, 0xf2,
    0x19, 0xff, 0xe4, 0x3f, 0xf8, 0x57, 0xff, 0x21,
    0xff, 0xc2, 0xbf, 0xf0, 0x7e, 0xbf, 0xe8, 0x3f,
    0xf8, 0x5f, 0xfd, 0x7, 0xff, 0xf, 0xff, 0x7,
    0xfb, 0xff, 0x7, 0xff, 0x7, 0xff, 0xc1, 0xff,
    0xc4, 0xff, 0xa0, 0xff, 0x3f, 0xf2, 0x1f, 0xf3,
    0xff, 0xd0, 0x7f, 0xf0, 0xdf, 0xf8, 0x3f, 0xf8,
    0x1f, 0xf2, 0x1f, 0xf7, 0xff, 0x83, 0xff, 0x88,
    0xff, 0xc1, 0xff, 0xc0, 0xff, 0xa0, 0xff, 0x5f,
    0xfc, 0x87, 0xff, 0x11, 0xff, 0x83, 0xff, 0x81,
    0x7f, 0xa0, 0xfe, 0x7f, 0xfa, 0xf, 0xfe, 0x2b,
    0xff, 0x7, 0xff, 0x3, 0xfe, 0x83, 0xfb, 0xff,
    0xc1, 0xff, 0xc6, 0x7f, 0xe0, 0xff, 0xe0, 0x7f,
    0xc8, 0x7e, 0x7f, 0xf9, 0xf, 0xfe, 0x3f, 0xfd,
    0x7, 0xf9, 0xff, 0x90, 0xfd, 0xff, 0xe0, 0xff,
    0xe4, 0x7f, 0xe0, 0xff, 0x7f, 0xe0, 0xfd, 0x7f,
    0xf0, 0x7f, 0xf2, 0x6f, 0xfc, 0x1f, 0xaf, 0xfa,
    0xf, 0x9f, 0xfe, 0x83, 0xff, 0x95, 0xff, 0xc8,
    0x67, 0xff, 0x83, 0xf7, 0xff, 0x83, 0xff, 0x97,
    0x7f, 0xff, 0x2a, 0xf, 0xaf, 0xfe, 0x43, 0xff,
    0x99, 0xff, 0xfc, 0xa0, 0xfd, 0xff, 0xd0, 0x7f,
    0xf3, 0xbf, 0xff, 0x90, 0x87, 0xdf, 0xfe, 0xf,
    0xfe, 0x87, 0xff, 0xf1, 0x90, 0xf9, 0xff, 0xe4,
    0x3f, 0xfa, 0x37, 0xff, 0xf0, 0xc3, 0xfb, 0xff,
    0xc1, 0xff, 0xd3, 0x7f, 0xff, 0x80, 0x87, 0xf5,
    0xff, 0xc1, 0xff, 0xd7, 0xa7, 0xf4, 0x87, 0xf9,
    0xff, 0xe8, 0x3f, 0xfd, 0x5f, 0xfe, 0xf, 0xff,
    0x53, 0xff, 0xc8, 0x7f, 0xfa, 0xbf, 0xfc, 0x1f,
    0xfe, 0xab, 0xff, 0x83, 0xff, 0xd4, 0xff, 0xf4,
    0x1f, 0xfe, 0xaf, 0xff, 0x7, 0xfc, 0xdf, 0xd2,
    0x1f, 0xfd, 0x6b, 0xff, 0x90, 0xfe, 0xbf, 0xfe,
    0x43, 0xff, 0xa9, 0xff, 0xd0, 0x7e, 0xbf, 0xff,
    0x86, 0x1f, 0xfd, 0x2f, 0xff, 0x7, 0xef, 0xff,
    0xe3, 0x21, 0xff, 0xcf, 0x7f, 0xf9, 0xf, 0xbf,
    0xff, 0x90, 0x87, 0xff, 0x3b, 0xff, 0xc1, 0xf5,
    0xff, 0xfc, 0x90, 0xff, 0xe6, 0xdf, 0xfc, 0x1f,
    0x3f, 0xff, 0xcb, 0xf, 0xfe, 0x5b, 0xff, 0xd0,
    0x7d, 0xff, 0xd0, 0x67, 0xff, 0x90, 0xff, 0xe5,
    0x7f, 0xf8, 0x3e, 0x7f, 0xf0, 0x7e, 0xff, 0xe0,
    0xff, 0xe4, 0xdf, 0xfc, 0x87, 0xd7, 0xfc, 0x87,
    0xf7, 0xfe, 0xf, 0xfe, 0x4f, 0xff, 0x41, 0xfb,
    0xfe, 0x83, 0xfc, 0xff, 0xc8, 0x7f, 0xf1, 0xef,
    0xfe, 0xf, 0xef, 0xf9, 0xf, 0xfb, 0xfe, 0x83,
    0xff, 0x8c, 0xff, 0xf4, 0x1f, 0x9f, 0xf8, 0x3f,
    0xf8, 0x17, 0xfc, 0x1f, 0xfc, 0x6f, 0xff, 0x7,
    0xf3, 0xff, 0x7, 0xff, 0x2, 0xff, 0x83, 0xff,
    0x8b, 0x7f, 0xf2, 0x1f, 0xcf, 0xfc, 0x1f, 0xfc,
    0xb, 0xfe, 0xf, 0xfe, 0x2f, 0xff, 0x41, 0xfe,
    0x7f, 0xe0, 0xff, 0xe0, 0x7f, 0xd0, 0x7f, 0xf1,
    0x3f, 0xfc, 0x1f, 0xfc, 0xf, 0xf9, 0xf, 0xfb,
    0xfe, 0x83, 0xff, 0x86, 0xff, 0xf2, 0x1f, 0xfc,
    0xf, 0xfc, 0x1f, 0xeb, 0xfe, 0x43, 0xff, 0x87,
    0xff, 0xe0, 0xff, 0xe0, 0xdf, 0xf4, 0x1f, 0xdf,
    0xf8, 0x3f, 0xf8, 0x77, 0xff, 0x7, 0xff, 0xf,
    0xff, 0x41, 0xe7, 0xff, 0x41, 0xff, 0xc2, 0x7f,
    0xfa, 0xf, 0xfe, 0x1d, 0xff, 0xd4, 0x6f, 0xff,
    0x7, 0xff, 0xf, 0xff, 0xc1, 0xff, 0xc5, 0xff,
    0xfe, 0x54, 0x1f, 0xfc, 0x2b, 0xff, 0x90, 0xff,
    0xe2, 0xbf, 0xff, 0xc9, 0xf, 0xfe, 0x1f, 0xff,
    0x41, 0xff, 0xc7, 0x7f, 0xff, 0x8e, 0x1f, 0xfc,
    0x3b, 0xff, 0x83, 0xff, 0x92, 0xff, 0xff, 0x12,
    0xf, 0xfe, 0x1b, 0xff, 0xc8, 0x7f, 0xf2, 0xef,
    0xff, 0xe0, 0xa1, 0xff, 0xc4, 0xff, 0xf0, 0x7f,
    0xf3, 0xaf, 0xfe, 0x43, 0xff, 0xda, 0xbc, 0x1f,
    0xf0,

    /* U+0026 "&" */
    0xf, 0xff, 0xe3, 0x7f, 0xe9, 0xf, 0xfe, 0xed,
    0xff, 0xfc, 0x34, 0x3f, 0xfb, 0x17, 0xff, 0xf1,
    0xd0, 0xff, 0xea, 0x3f, 0xff, 0xca, 0x83, 0xff,
    0xa5, 0x7f, 0xff, 0x32, 0xf, 0xfe, 0x83, 0xff,
    0xfc, 0xe8, 0x3f, 0xf9, 0xcf, 0xff, 0xf4, 0x10,
    0xff, 0xe6, 0xff, 0xff, 0x48, 0x3f, 0xf9, 0x8f,
    0xff, 0xf0, 0x10, 0xcf, 0xff, 0xf0, 0x10, 0xff,
    0xe5, 0xff, 0xfc, 0x87, 0xe7, 0xff, 0xe0, 0xff,
    0xe5, 0x3f, 0xfe, 0x43, 0xfc, 0xff, 0xf8, 0x3f,
    0xf9, 0x57, 0xff, 0x41, 0xff, 0xc0, 0xff, 0xf2,
    0x1f, 0xfc, 0x9b, 0xff, 0x90, 0xff, 0xe0, 0x3f,
    0xfc, 0x87, 0xff, 0x27, 0xff, 0xc1, 0xff, 0xc1,
    0x7f, 0xfa, 0xf, 0xfe, 0x4f, 0xff, 0x83, 0xff,
    0x85, 0xff, 0xc8, 0x7f, 0xf2, 0x6f, 0xfe, 0xf,
    0xfe, 0xb, 0xff, 0xc8, 0x7f, 0xf2, 0x6f, 0xfe,
    0x43, 0xff, 0x81, 0x7f, 0xf2, 0x1f, 0xfc, 0x97,
    0xff, 0xa0, 0xff, 0xe0, 0x7f, 0xf8, 0x3f, 0xf9,
    0x7f, 0xfe, 0xf, 0xfa, 0xff, 0xe8, 0x3f, 0xf9,
    0x7f, 0xfe, 0x83, 0xfa, 0xff, 0xf2, 0x1f, 0xfc,
    0xbb, 0xff, 0xc8, 0x7d, 0x7f, 0xfc, 0x1f, 0xfc,
    0xdf, 0xff, 0x83, 0x9f, 0xff, 0xe0, 0x7, 0xff,
    0x3a, 0xff, 0xf8, 0x2b, 0xff, 0xf8, 0x10, 0x7f,
    0xf3, 0xff, 0xff, 0x81, 0x7f, 0xff, 0x6, 0xf,
    0xfe, 0x8f, 0xff, 0xf3, 0x20, 0xff, 0xe9, 0x3f,
    0xff, 0xca, 0x83, 0xff, 0xa9, 0x7f, 0xff, 0x21,
    0xf, 0xfe, 0xb7, 0xff, 0xf1, 0xc3, 0xff, 0xaf,
    0xff, 0xfc, 0x64, 0x3f, 0xfa, 0xd7, 0xff, 0xf1,
    0x60, 0xff, 0xeb, 0xff, 0xff, 0x1d, 0xf, 0xfe,
    0xab, 0xff, 0xfc, 0x94, 0x3f, 0xfa, 0x6f, 0xff,
    0xf2, 0xd0, 0xff, 0xe0, 0xc8, 0x7f, 0xf0, 0x9f,
    0xff, 0xe6, 0x87, 0xff, 0x2, 0xfd, 0x21, 0xfc,
    0xff, 0xff, 0x2, 0x1f, 0xff, 0xe0, 0x7, 0xfd,
    0xff, 0xc8, 0x7b, 0xff, 0xf8, 0x8, 0x4f, 0xff,
    0xf0, 0x3, 0xf9, 0xff, 0xe4, 0x3a, 0xff, 0xf8,
    0x3c, 0xff, 0xff, 0x0, 0x3f, 0x7f, 0xf8, 0x3d,
    0xff, 0xf0, 0x7e, 0x7f, 0xff, 0x80, 0x1f, 0x7f,
    0xf4, 0x1d, 0x7f, 0xf8, 0x3f, 0xcf, 0xff, 0xf0,
    0x3, 0xbf, 0xfc, 0x1e, 0xff, 0xf2, 0x1f, 0xf3,
    0xff, 0xfc, 0x0, 0x9f, 0xfe, 0x83, 0xdf, 0xfe,
    0xf, 0xfe, 0xd, 0xff, 0xfc, 0x0, 0x7f, 0xf9,
    0xe, 0x7f, 0xfa, 0xf, 0xfe, 0x15, 0xff, 0xf5,
    0x3f, 0xfc, 0x1e, 0xbf, 0xfa, 0xf, 0xfe, 0x1d,
    0xff, 0xfc, 0x94, 0x3d, 0x7f, 0xf2, 0x1f, 0xfc,
    0x4b, 0xff, 0xf9, 0x1, 0xf5, 0xff, 0xd0, 0x7f,
    0xf1, 0x6f, 0xff, 0xe3, 0x7, 0xeb, 0xff, 0xa0,
    0xff, 0xe3, 0x7f, 0xff, 0x16, 0xf, 0xcf, 0xff,
    0x83, 0xff, 0x8f, 0xff, 0xfc, 0x40, 0xfe, 0x7f,
    0xfd, 0x7, 0xff, 0x1f, 0xff, 0xf8, 0x41, 0xff,
    0x7f, 0xfc, 0x1f, 0xfc, 0x77, 0xff, 0xf8, 0x10,
    0x7f, 0xd7, 0xff, 0xc1, 0xff, 0xc5, 0xbf, 0xff,
    0x84, 0x87, 0xf9, 0xff, 0xfe, 0x4, 0x1f, 0xfc,
    0x17, 0xff, 0xf8, 0xa1, 0xff, 0x7f, 0xff, 0xa,
    0xf, 0xeb, 0xff, 0xf9, 0x1, 0xff, 0x7f, 0xff,
    0x16, 0xaf, 0xff, 0xe6, 0x87, 0xfa, 0xff, 0xff,
    0x8, 0x7f, 0xaf, 0xff, 0xf0, 0x87, 0xfa, 0xff,
    0xfe, 0x9a, 0xbf, 0xfe, 0x83, 0xfd, 0x7f, 0xff,
    0x42, 0xa, 0xff, 0xfa, 0xf, 0xf3, 0xff, 0xfc,
    0xe4, 0x3a, 0xff, 0xfa, 0xf, 0xf9, 0xff, 0xfe,
    0x52, 0x1f, 0xaf, 0xff, 0x90, 0xff, 0xe0, 0x37,
    0xff, 0xf1, 0x20, 0xff, 0xe0, 0x5f, 0xff, 0x21,
    0xff, 0xc2, 0x55, 0xff, 0x51, 0xf, 0xfe, 0x80,

    /* U+0027 "'" */
    0x6b, 0xe2, 0xff, 0x9b, 0xfe, 0x6f, 0xf9, 0xbf,
    0xe6, 0xff, 0x9b, 0xfe, 0x6f, 0xf9, 0xbf, 0xe6,
    0xff, 0x9b, 0xfe, 0x6f, 0xf9, 0xbf, 0xe6, 0xff,
    0x9b, 0xfe, 0x6f, 0xf9, 0xbf, 0xe6, 0xff, 0x9b,
    0xfe, 0x6f, 0xf9, 0xbf, 0xe6, 0xff, 0x90,

    /* U+0028 "(" */
    0xf, 0xfe, 0xa, 0x1f, 0xfc, 0x7b, 0xc1, 0xff,
    0xc5, 0x7f, 0x21, 0xff, 0xc3, 0xff, 0x83, 0xff,
    0x83, 0x7f, 0xe8, 0x3f, 0xef, 0xff, 0x21, 0xfd,
    0xff, 0xe8, 0x3f, 0x9f, 0xff, 0x7, 0xfb, 0xff,
    0xc8, 0x7f, 0x3f, 0xfd, 0x7, 0xfb, 0xff, 0xc1,
    0xfe, 0x7f, 0xfa, 0xf, 0xf7, 0xff, 0x83, 0xfc,
    0xff, 0xf4, 0x1f, 0xeb, 0xff, 0x83, 0xfe, 0xff,
    0xe8, 0x3f, 0xcf, 0xff, 0x21, 0xfe, 0xff, 0xf0,
    0x7f, 0xdf, 0xfd, 0x7, 0xf9, 0xff, 0xe0, 0xff,
    0xbf, 0xfc, 0x1f, 0xf7, 0xff, 0x41, 0xfe, 0x7f,
    0xf9, 0xf, 0xf5, 0xff, 0xc1, 0xff, 0x7f, 0xf8,
    0x3f, 0xef, 0xfe, 0x83, 0xfe, 0xff, 0xe4, 0x3f,
    0xcf, 0xff, 0x21, 0xfe, 0x7f, 0xf8, 0x3f, 0xeb,
    0xff, 0x83, 0xfe, 0xbf, 0xf8, 0x3f, 0xef, 0xff,
    0x7, 0xfd, 0xff, 0xd0, 0x7f, 0xdf, 0xfd, 0x7,
    0xfd, 0xff, 0xd0, 0x7f, 0xdf, 0xfd, 0x7, 0xfd,
    0xff, 0xd0, 0x7f, 0xdf, 0xfc, 0x87, 0xfd, 0xff,
    0xd0, 0x7f, 0xdf, 0xfd, 0x7, 0xfd, 0xff, 0xd0,
    0x7f, 0xdf, 0xfd, 0x7, 0xfd, 0xff, 0xd0, 0x7f,
    0xd7, 0xff, 0x7, 0xfd, 0x7f, 0xf0, 0x7f, 0xd7,
    0xff, 0x7, 0xfc, 0xff, 0xf0, 0x7f, 0xf0, 0x3f,
    0xf9, 0xf, 0xfb, 0xff, 0x90, 0xff, 0xbf, 0xfa,
    0xf, 0xfa, 0xff, 0xe0, 0xff, 0x9f, 0xfe, 0xf,
    0xfe, 0x7, 0xff, 0x21, 0xff, 0x7f, 0xf4, 0x1f,
    0xf5, 0xff, 0xc1, 0xff, 0xc0, 0xff, 0xe4, 0x3f,
    0xef, 0xff, 0x7, 0xfd, 0x7f, 0xf0, 0x7f, 0xf0,
    0x3f, 0xfa, 0xf, 0xfb, 0xff, 0xc1, 0xff, 0x3f,
    0xfd, 0x7, 0xfd, 0xff, 0xe0, 0xff, 0xaf, 0xfe,
    0x83, 0xfe, 0xff, 0xf0, 0x7f, 0xd7, 0xff, 0x41,
    0xff, 0x7f, 0xf8, 0x3f, 0xeb, 0xff, 0xa0, 0xff,
    0xbf, 0xfc, 0x87, 0xf9, 0xff, 0xf0, 0x7f, 0xdf,
    0xfe, 0x43, 0xfc, 0xff, 0xe0, 0xff, 0xe0, 0xdf,
    0xc8, 0x7f, 0xf0, 0xfe, 0x83, 0xff, 0x8a, 0xe8,
    0x7f, 0xf3, 0xc0,

    /* U+0029 ")" */
    0xf, 0x90, 0xff, 0xe2, 0xbe, 0x43, 0xff, 0x87,
    0x7e, 0xf, 0xfe, 0xb, 0xfe, 0x83, 0xfe, 0xff,
    0xe4, 0x3f, 0xaf, 0xff, 0x7, 0xfb, 0xff, 0xc8,
    0x7f, 0x3f, 0xfe, 0xf, 0xf5, 0xff, 0xd0, 0x7f,
    0xbf, 0xfc, 0x1f, 0xeb, 0xff, 0xa0, 0xff, 0x7f,
    0xf8, 0x3f, 0xcf, 0xff, 0x41, 0xfe, 0xff, 0xf0,
    0x7f, 0x9f, 0xfe, 0x43, 0xfd, 0xff, 0xd0, 0x7f,
    0xaf, 0xfe, 0xf, 0xf3, 0xff, 0xd0, 0x7f, 0xbf,
    0xfc, 0x1f, 0xeb, 0xff, 0x83, 0xfe, 0xff, 0xe4,
    0x3f, 0xdf, 0xfd, 0x7, 0xfa, 0xff, 0xe0, 0xff,
    0x3f, 0xfc, 0x1f, 0xf7, 0xff, 0x21, 0xfe, 0xff,
    0xe8, 0x3f, 0xdf, 0xfe, 0xf, 0xf5, 0xff, 0xc1,
    0xfe, 0x7f, 0xf8, 0x3f, 0xcf, 0xff, 0x21, 0xfe,
    0xff, 0xe4, 0x3f, 0xdf, 0xfd, 0x7, 0xfb, 0xff,
    0xa0, 0xff, 0x7f, 0xf4, 0x1f, 0xef, 0xfe, 0x83,
    0xfd, 0xff, 0xd0, 0x7f, 0xbf, 0xfc, 0x1f, 0xef,
    0xff, 0x7, 0xfb, 0xff, 0xa0, 0xff, 0x7f, 0xf4,
    0x1f, 0xef, 0xfe, 0x83, 0xfd, 0xff, 0xd0, 0x7f,
    0xbf, 0xfa, 0xf, 0xf7, 0xff, 0x21, 0xfe, 0xff,
    0xe4, 0x3f, 0x9f, 0xfe, 0xf, 0xf3, 0xff, 0xc1,
    0xfe, 0xbf, 0xf8, 0x3f, 0xdf, 0xfd, 0x7, 0xfb,
    0xff, 0x90, 0xff, 0x7f, 0xf0, 0x7f, 0x9f, 0xfe,
    0xf, 0xf5, 0xff, 0xc1, 0xfe, 0xff, 0xe4, 0x3f,
    0x9f, 0xfe, 0xf, 0xf5, 0xff, 0xc1, 0xfe, 0xff,
    0xe8, 0x3f, 0x9f, 0xfe, 0xf, 0xf7, 0xff, 0x83,
    0xf9, 0xff, 0xe4, 0x3f, 0xbf, 0xfc, 0x1f, 0xcf,
    0xff, 0x41, 0xfd, 0xff, 0xe0, 0xfe, 0x7f, 0xfc,
    0x1f, 0xdf, 0xfe, 0x43, 0xf3, 0xff, 0xe0, 0xfe,
    0xff, 0xf2, 0x1f, 0xaf, 0xfe, 0x83, 0xf3, 0xff,
    0xe0, 0xfe, 0xbf, 0xfa, 0xf, 0xf3, 0xff, 0x83,
    0xff, 0x83, 0x7f, 0x21, 0xff, 0xc2, 0x7e, 0x83,
    0xff, 0x8a, 0xe1, 0xff, 0xd4,

    /* U+002A "*" */
    0xf, 0xfe, 0xd, 0xff, 0x7, 0xff, 0x3e, 0xff,
    0x83, 0xff, 0x9e, 0xff, 0xc1, 0xff, 0xcf, 0x7f,
    0xe0, 0xff, 0xe7, 0xbf, 0xf0, 0x7f, 0xf3, 0xdf,
    0xf4, 0x1f, 0xfc, 0xf7, 0xfd, 0x7, 0xff, 0x3d,
    0xff, 0x41, 0xff, 0xc4, 0xb8, 0x3f, 0x3f, 0xe8,
    0x3f, 0x36, 0x1d, 0xfc, 0x87, 0x3f, 0xe8, 0x39,
    0xbf, 0x21, 0x3f, 0xf4, 0x81, 0xff, 0x40, 0x6f,
    0xfa, 0xa, 0xff, 0xf5, 0x3f, 0xd4, 0xff, 0xf8,
    0x2f, 0xff, 0xea, 0x45, 0xff, 0xfd, 0x52, 0xff,
    0xfe, 0xa8, 0x4d, 0xff, 0xfc, 0xe9, 0xf, 0xe6,
    0xff, 0xfe, 0x3c, 0x1f, 0xfc, 0x46, 0xff, 0xfe,
    0x4, 0x87, 0xff, 0x26, 0xff, 0xf8, 0x3f, 0xf9,
    0x4f, 0xff, 0xf0, 0x43, 0xff, 0x93, 0xff, 0xfc,
    0x28, 0x3f, 0xf8, 0xff, 0xff, 0xc4, 0x43, 0xff,
    0x8b, 0x7f, 0xe7, 0xff, 0x7, 0xff, 0x11, 0xff,
    0xc0, 0xbf, 0xf0, 0x7f, 0xf0, 0xff, 0xf2, 0x17,
    0xfe, 0x83, 0xff, 0x83, 0xff, 0xc1, 0x9f, 0xfd,
    0x7, 0xfd, 0x7f, 0xe0, 0xf5, 0xff, 0x90, 0xfe,
    0x7f, 0xf4, 0x1f, 0x7f, 0xf0, 0x7f, 0x9f, 0xf8,
    0x3f, 0x3f, 0xf0, 0x7f, 0xf0, 0x7f, 0x90, 0xfe,
    0xbf, 0x41, 0xff, 0xc3, 0xbd, 0x7, 0xfd, 0xf2,
    0x1f, 0xfc, 0x57, 0xf, 0xfe, 0xe, 0x1f, 0xfe,
    0x10,

    /* U+002B "+" */
    0xf, 0xff, 0x8b, 0xff, 0x83, 0xff, 0xae, 0xff,
    0xe0, 0xff, 0xeb, 0xbf, 0xf8, 0x3f, 0xfa, 0xef,
    0xfe, 0xf, 0xfe, 0xbb, 0xff, 0x83, 0xff, 0xae,
    0xff, 0xe0, 0xff, 0xeb, 0xbf, 0xf8, 0x3f, 0xfa,
    0xef, 0xfe, 0xf, 0xfe, 0xbb, 0xff, 0x83, 0xff,
    0xae, 0xff, 0xe0, 0xff, 0xeb, 0xbf, 0xf8, 0x3f,
    0xfa, 0xef, 0xfe, 0xf, 0xfe, 0xbb, 0xff, 0x83,
    0xff, 0xae, 0xff, 0xe0, 0xff, 0xeb, 0xbf, 0xf8,
    0x3f, 0xfa, 0xef, 0xfe, 0xf, 0xfe, 0xbb, 0xff,
    0x83, 0xff, 0x8d, 0x7f, 0xff, 0x78, 0xbf, 0xff,
    0xbc, 0x5f, 0xff, 0xde, 0x2f, 0xff, 0xef, 0x17,
    0xff, 0xf7, 0x8b, 0xff, 0xfb, 0xc5, 0xff, 0xfd,
    0xe2, 0xff, 0xfe, 0xf0, 0x7f, 0xf1, 0x9f, 0xfc,
    0x1f, 0xfd, 0x77, 0xff, 0x7, 0xff, 0x5d, 0xff,
    0xc1, 0xff, 0xd7, 0x7f, 0xf0, 0x7f, 0xf5, 0xdf,
    0xfc, 0x1f, 0xfd, 0x77, 0xff, 0x7, 0xff, 0x5d,
    0xff, 0xc1, 0xff, 0xd7, 0x7f, 0xf0, 0x7f, 0xf5,
    0xdf, 0xfc, 0x1f, 0xfd, 0x77, 0xff, 0x7, 0xff,
    0x5d, 0xff, 0xc1, 0xff, 0xd7, 0x7f, 0xf0, 0x7f,
    0xf5, 0xdf, 0xfc, 0x1f, 0xfd, 0x77, 0xff, 0x7,
    0xff, 0x5d, 0xff, 0xc1, 0xff, 0xd7, 0x7f, 0xf0,
    0x7f, 0xf5, 0xdf, 0xfc, 0x1f, 0xfd, 0x77, 0xff,
    0x7, 0xff, 0x18,

    /* U+002C "," */
    0xf, 0xfe, 0x23, 0xfc, 0x87, 0x7f, 0xe8, 0x2b,
    0xff, 0x90, 0x7f, 0xfc, 0x5f, 0xff, 0x37, 0xff,
    0xcd, 0xff, 0xf4, 0xff, 0xfd, 0x1f, 0xff, 0x45,
    0xff, 0xe8, 0x17, 0xff, 0x21, 0x37, 0xfc, 0x1f,
    0x3f, 0xc1, 0xf7, 0xf4, 0x1f, 0x7f, 0x21, 0xef,
    0xf0, 0x7a, 0xfe, 0x43, 0x9f, 0xf0, 0x75, 0xfe,
    0xe, 0xff, 0x90, 0xeb, 0xf9, 0xf, 0xaf, 0x90,
    0xfe, 0xa0, 0x7f, 0xf2, 0x40,

    /* U+002D "-" */
    0xf, 0xfe, 0x9b, 0xff, 0xfd, 0x19, 0xff, 0xfe,
    0x8c, 0xff, 0xff, 0x46, 0x7f, 0xff, 0xa3, 0x3f,
    0xff, 0xd1, 0x9f, 0xff, 0xe8, 0xcf, 0xff, 0xf4,
    0x67, 0xff, 0xfa, 0x30,

    /* U+002E "." */
    0xf, 0xfe, 0x23, 0xfc, 0x87, 0x5f, 0xf4, 0x15,
    0xff, 0xd0, 0xff, 0xfc, 0x5f, 0xff, 0x5f, 0xff,
    0xce, 0xbf, 0xfe, 0x9f, 0xff, 0x93, 0xff, 0xe0,
    0xbf, 0xf8, 0x3b, 0xfd, 0x7, 0xe5, 0x83, 0x80,

    /* U+002F "/" */
    0xf, 0xfe, 0x57, 0xff, 0x21, 0xff, 0xc9, 0x7f,
    0xf8, 0x3f, 0xf9, 0x57, 0xfe, 0x83, 0xff, 0x95,
    0xff, 0xc8, 0x7f, 0xf2, 0x5f, 0xfe, 0xf, 0xfe,
    0x57, 0xff, 0x41, 0xff, 0xca, 0xff, 0xe0, 0xff,
    0xe5, 0x5f, 0xfc, 0x1f, 0xfc, 0xaf, 0xfe, 0x43,
    0xff, 0x92, 0xff, 0xf0, 0x7f, 0xf2, 0xaf, 0xfd,
    0x7, 0xff, 0x2b, 0xff, 0x90, 0xff, 0xe4, 0xbf,
    0xfc, 0x1f, 0xfc, 0xaf, 0xfe, 0x83, 0xff, 0x95,
    0xff, 0xc1, 0xff, 0xca, 0xbf, 0xf8, 0x3f, 0xf9,
    0x5f, 0xfc, 0x87, 0xff, 0x25, 0xff, 0xe0, 0xff,
    0xe5, 0x5f, 0xfa, 0xf, 0xfe, 0x57, 0xff, 0x21,
    0xff, 0xc9, 0x7f, 0xf8, 0x3f, 0xf9, 0x5f, 0xfd,
    0x7, 0xff, 0x2b, 0xff, 0x83, 0xff, 0x95, 0x7f,
    0xf0, 0x7f, 0xf2, 0xbf, 0xf9, 0xf, 0xfe, 0x4b,
    0xff, 0xc1, 0xff, 0xca, 0xbf, 0xf4, 0x1f, 0xfc,
    0xaf, 0xfe, 0x43, 0xff, 0x92, 0xff, 0xf0, 0x7f,
    0xf2, 0xbf, 0xfa, 0xf, 0xfe, 0x57, 0xff, 0x7,
    0xff, 0x2a, 0xff, 0xe0, 0xff, 0xe5, 0x7f, 0xf2,
    0x1f, 0xfc, 0x97, 0xff, 0x83, 0xff, 0x95, 0x7f,
    0xe8, 0x3f, 0xf9, 0x5f, 0xfc, 0x87, 0xff, 0x25,
    0xff, 0xe0, 0xff, 0xe5, 0x7f, 0xf4, 0x1f, 0xfc,
    0xaf, 0xfe, 0xf, 0xfe, 0x55, 0xff, 0xc1, 0xff,
    0xca, 0xff, 0xe4, 0x3f, 0xf9, 0x2f, 0xff, 0x7,
    0xff, 0x2a, 0xff, 0xd0, 0x7f, 0xf2, 0xbf, 0xf9,
    0xf, 0xfe, 0x4b, 0xff, 0xc1, 0xff, 0xca, 0xbf,
    0xf4, 0x1f, 0xfc, 0xaf, 0xfe, 0xf, 0xfe, 0x53,
    0xff, 0xc1, 0xff, 0xca, 0xff, 0xe4, 0x3f, 0xf9,
    0x5f, 0xfc, 0x1f, 0xfc, 0xab, 0xff, 0x41, 0xff,
    0xca, 0xff, 0xe4, 0x3f, 0xf9, 0x2f, 0xff, 0x7,
    0xff, 0x2a, 0xff, 0xd0, 0x7f, 0xf2, 0xbf, 0xf8,
    0x3f, 0xf9, 0x4f, 0xff, 0x7, 0xff, 0x2b, 0xff,
    0x90, 0xff, 0xe5, 0x7f, 0xf0, 0x7f, 0xf2, 0xaf,
    0xfd, 0x7, 0xff, 0x28,

    /* U+0030 "0" */
    0xf, 0xff, 0x53, 0x7f, 0xd4, 0x43, 0xff, 0x9a,
    0xff, 0xff, 0xe, 0xf, 0xfe, 0x4b, 0xff, 0xfc,
    0x78, 0x3f, 0xf8, 0xdf, 0xff, 0xcb, 0x43, 0xff,
    0x87, 0xff, 0xfc, 0xd4, 0x3f, 0xf8, 0x3f, 0xff,
    0xcf, 0x83, 0xfe, 0xff, 0xfe, 0x8a, 0x1f, 0xdf,
    0xff, 0xd3, 0x43, 0xeb, 0xff, 0xfa, 0x81, 0xf7,
    0xff, 0xf0, 0x60, 0xe7, 0xff, 0xf8, 0x30, 0x75,
    0xff, 0xf4, 0x1f, 0xcf, 0xff, 0xf0, 0x3, 0xbf,
    0xfe, 0x43, 0xff, 0x81, 0xff, 0xf4, 0x13, 0xff,
    0xe8, 0x3f, 0xf8, 0x2f, 0xff, 0xc1, 0x7f, 0xfc,
    0x1f, 0xfc, 0x3b, 0xff, 0xc1, 0x7f, 0xfa, 0xf,
    0xfe, 0x27, 0xff, 0x90, 0x7f, 0xf8, 0x3f, 0xf8,
    0xbf, 0xfe, 0x87, 0xff, 0xc1, 0xff, 0xc5, 0xbf,
    0xfc, 0x3f, 0xfd, 0x7, 0xff, 0x15, 0xff, 0xf1,
    0x7f, 0xf4, 0x1f, 0xfc, 0x6f, 0xff, 0x17, 0xff,
    0x21, 0xff, 0xc6, 0xff, 0xf1, 0x7f, 0xf2, 0x1f,
    0xfc, 0x6f, 0xff, 0x17, 0xff, 0x21, 0xff, 0xc6,
    0xff, 0xf1, 0x7f, 0xf2, 0x1f, 0xfc, 0x6f, 0xff,
    0x17, 0xff, 0x21, 0xff, 0xc6, 0xff, 0xf1, 0x7f,
    0xf2, 0x1f, 0xfc, 0x6f, 0xff, 0x17, 0xff, 0x21,
    0xff, 0xc6, 0xff, 0xf1, 0x7f, 0xf2, 0x1f, 0xfc,
    0x6f, 0xff, 0x1f, 0xfe, 0x43, 0xff, 0x8d, 0xff,
    0xe3, 0xff, 0xc1, 0xff, 0xc7, 0xff, 0xf1, 0xff,
    0xe0, 0xff, 0xe3, 0xff, 0xf8, 0xff, 0xf0, 0x7f,
    0xf1, 0xff, 0xfc, 0x7f, 0xf8, 0x3f, 0xf8, 0xff,
    0xfe, 0x3f, 0xfc, 0x87, 0xff, 0x1b, 0xff, 0xc5,
    0xff, 0xc8, 0x7f, 0xf1, 0xbf, 0xfc, 0x5f, 0xfc,
    0x87, 0xff, 0x1b, 0xff, 0xc5, 0xff, 0xc8, 0x7f,
    0xf1, 0xbf, 0xfc, 0x5f, 0xfc, 0x87, 0xff, 0x1b,
    0xff, 0xc5, 0xff, 0xc8, 0x7f, 0xf1, 0xbf, 0xfc,
    0x5f, 0xfc, 0x87, 0xff, 0x1b, 0xff, 0xc5, 0xff,
    0xc8, 0x7f, 0xf1, 0xbf, 0xfc, 0x5f, 0xfc, 0x87,
    0xff, 0x1b, 0xff, 0xc5, 0xff, 0xd0, 0x7f, 0xf1,
    0xbf, 0xfc, 0x5f, 0xfd, 0x7, 0xff, 0x1b, 0xff,
    0xc3, 0xff, 0xe0, 0xff, 0xe2, 0xbf, 0xfe, 0x1f,
    0xff, 0x7, 0xff, 0x16, 0xff, 0xf0, 0x3f, 0xfc,
    0x87, 0xff, 0x13, 0xff, 0xd0, 0x3f, 0xfe, 0xf,
    0xfe, 0x1b, 0xff, 0xe4, 0x17, 0xff, 0x90, 0xff,
    0xe1, 0x7f, 0xfc, 0x13, 0xff, 0xf0, 0x7f, 0xf0,
    0x6f, 0xff, 0x41, 0xbf, 0xff, 0x80, 0x1f, 0xf5,
    0xff, 0xf2, 0x19, 0xff, 0xfe, 0x2, 0x1f, 0x3f,
    0xff, 0xc1, 0xf, 0x7f, 0xff, 0xe, 0xb7, 0xff,
    0xf0, 0x90, 0xfb, 0xff, 0xfa, 0x70, 0x7e, 0x7f,
    0xff, 0xa4, 0x1f, 0xeb, 0xff, 0xfa, 0x1, 0xff,
    0xc0, 0xbf, 0xff, 0x9c, 0x1f, 0xfc, 0x27, 0xff,
    0xf9, 0x70, 0x7f, 0xf1, 0x7f, 0xff, 0x92, 0x87,
    0xff, 0x1d, 0xff, 0xfe, 0x2c, 0x1f, 0xfc, 0xb6,
    0xff, 0xfa, 0x43, 0xff, 0xa2, 0xbf, 0x7, 0xff,
    0x14,

    /* U+0031 "1" */
    0xf, 0xfe, 0xd, 0xff, 0x83, 0xff, 0x83, 0xff,
    0xe0, 0xff, 0x9f, 0xff, 0x83, 0xfc, 0xff, 0xff,
    0x0, 0x3f, 0xaf, 0xff, 0xe0, 0x87, 0xef, 0xff,
    0xe1, 0x87, 0x9f, 0xff, 0xe2, 0x7, 0x5f, 0xff,
    0xc5, 0xd, 0xff, 0xfc, 0x70, 0x3f, 0xff, 0xc8,
    0x7, 0xff, 0xf2, 0x41, 0xff, 0xeb, 0xff, 0xc0,
    0xff, 0xe4, 0xff, 0xf0, 0x3f, 0xf2, 0xf, 0xff,
    0x3, 0xfe, 0xd, 0xff, 0xe0, 0x7f, 0x41, 0xdf,
    0xfe, 0x7, 0xe8, 0x3d, 0xff, 0xe0, 0x7c, 0x87,
    0xdf, 0xfe, 0x7, 0x83, 0xfb, 0xff, 0xc0, 0xc3,
    0xfd, 0xff, 0xe0, 0xff, 0xe0, 0xff, 0xf8, 0x3f,
    0xf8, 0x3f, 0xfe, 0xf, 0xfe, 0xf, 0xff, 0x83,
    0xff, 0x83, 0xff, 0xe0, 0xff, 0xe0, 0xff, 0xf8,
    0x3f, 0xf8, 0x3f, 0xfe, 0xf, 0xfe, 0xf, 0xff,
    0x83, 0xff, 0x83, 0xff, 0xe0, 0xff, 0xe0, 0xff,
    0xf8, 0x3f, 0xf8, 0x3f, 0xfe, 0xf, 0xfe, 0xf,
    0xff, 0x83, 0xff, 0x83, 0xff, 0xe0, 0xff, 0xe0,
    0xff, 0xf8, 0x3f, 0xf8, 0x3f, 0xfe, 0xf, 0xfe,
    0xf, 0xff, 0x83, 0xff, 0x83, 0xff, 0xe0, 0xff,
    0xe0, 0xff, 0xf8, 0x3f, 0xf8, 0x3f, 0xfe, 0xf,
    0xfe, 0xf, 0xff, 0x83, 0xff, 0x83, 0xff, 0xe0,
    0xff, 0xe0, 0xff, 0xf8, 0x3f, 0xf8, 0x3f, 0xfe,
    0xf, 0xfe, 0xf, 0xff, 0x83, 0xff, 0x83, 0xff,
    0xe0, 0xff, 0xe0, 0xff, 0xf8, 0x3f, 0xf8, 0x3f,
    0xfe, 0xf, 0xfe, 0xf, 0xff, 0x83, 0xff, 0x83,
    0xff, 0xe0, 0xff, 0xe0, 0xff, 0xf8, 0x3f, 0xf8,
    0x3f, 0xfe, 0xf, 0xfe, 0xf, 0xff, 0x83, 0xff,
    0x83, 0xff, 0xe0, 0xff, 0xe0, 0xff, 0xf8, 0x3f,
    0xf8, 0x3f, 0xfe, 0xf, 0xfe, 0xf, 0xff, 0x83,
    0xff, 0x83, 0xff, 0xe0, 0xff, 0xe0, 0xff, 0xf8,
    0x3f, 0xf8, 0x3f, 0xfe, 0xf, 0xfe, 0xf, 0xff,
    0x80,

    /* U+0032 "2" */
    0xf, 0xfe, 0x1b, 0x7f, 0xd2, 0x1f, 0xfc, 0xdb,
    0xff, 0xf8, 0x70, 0x7f, 0xf2, 0x2f, 0xff, 0xe3,
    0xc1, 0xff, 0xc4, 0x7f, 0xff, 0x96, 0x1f, 0xfc,
    0x2b, 0xff, 0xf9, 0xa8, 0x7f, 0xd7, 0xff, 0xf3,
    0xd0, 0xfe, 0xbf, 0xff, 0xa2, 0x1f, 0xaf, 0xff,
    0xe9, 0x87, 0x9f, 0xff, 0xea, 0x21, 0xdf, 0xff,
    0xc1, 0x90, 0xcd, 0xff, 0xfc, 0x10, 0xcf, 0xff,
    0xd0, 0x7f, 0xbf, 0xff, 0x80, 0x1b, 0xff, 0xe4,
    0x3f, 0xf8, 0x1f, 0xff, 0x40, 0x7f, 0xfc, 0x87,
    0xff, 0xb, 0xff, 0xe0, 0x5f, 0xfd, 0x7, 0xff,
    0xe, 0xff, 0xf0, 0x3f, 0xfc, 0x1f, 0xfc, 0x47,
    0xff, 0xc0, 0xff, 0xf0, 0x7f, 0xf1, 0x1f, 0xff,
    0x1, 0x7f, 0x83, 0xff, 0x8a, 0xff, 0xf8, 0x3f,
    0xfa, 0xf, 0xff, 0x83, 0xff, 0xa0, 0xff, 0xf8,
    0x3f, 0xfa, 0x17, 0xff, 0x83, 0xff, 0xa1, 0xff,
    0xe8, 0x3f, 0xf9, 0xef, 0xff, 0x90, 0xff, 0xe7,
    0xff, 0xfc, 0x1f, 0xfc, 0xf7, 0xff, 0xc8, 0x7f,
    0xf3, 0xff, 0xfe, 0xf, 0xfe, 0x7f, 0xff, 0xc8,
    0x7f, 0xf3, 0xaf, 0xff, 0x83, 0xff, 0x9c, 0xff,
    0xfc, 0x87, 0xff, 0x35, 0xff, 0xfa, 0xf, 0xfe,
    0x77, 0xff, 0xf0, 0x3, 0xff, 0x9d, 0xff, 0xfc,
    0x0, 0xff, 0xe7, 0x5f, 0xff, 0x21, 0xff, 0xcd,
    0xbf, 0xfe, 0x83, 0xff, 0x9a, 0xff, 0xfd, 0x7,
    0xff, 0x35, 0xff, 0xfe, 0x0, 0x7f, 0xf3, 0xbf,
    0xff, 0x80, 0x1f, 0xfc, 0xef, 0xff, 0xe0, 0x7,
    0xff, 0x3b, 0xff, 0xf8, 0x8, 0x7f, 0xf3, 0x6f,
    0xff, 0x90, 0xff, 0xe6, 0xbf, 0xff, 0x41, 0xff,
    0xcd, 0x7f, 0xff, 0x80, 0x1f, 0xfc, 0xef, 0xff,
    0xe0, 0x7, 0xff, 0x3b, 0xff, 0xf8, 0x1, 0xff,
    0xce, 0xff, 0xfe, 0x2, 0x1f, 0xfc, 0xdb, 0xff,
    0xe4, 0x3f, 0xf9, 0xaf, 0xff, 0xd0, 0x7f, 0xf3,
    0x5f, 0xff, 0xa0, 0xff, 0xe7, 0x7f, 0xff, 0x0,
    0x3f, 0xf9, 0xdf, 0xff, 0xc0, 0xf, 0xfe, 0x77,
    0xff, 0xf0, 0x3, 0xff, 0x9d, 0x7f, 0xfc, 0x87,
    0xff, 0x36, 0xff, 0xfe, 0xbc, 0xf, 0xff, 0xec,
    0x40, 0xff, 0xfe, 0xc4, 0xf, 0xff, 0xec, 0x40,
    0xff, 0xfe, 0xc4, 0xf, 0xff, 0xec, 0x40, 0xff,
    0xfe, 0xc4, 0xf, 0xff, 0xec, 0x40, 0xff, 0xfe,
    0xc4,

    /* U+0033 "3" */
    0xf, 0xff, 0x65, 0x3f, 0xf4, 0x87, 0xff, 0x3a,
    0xff, 0xfe, 0x1c, 0x87, 0xff, 0x26, 0xff, 0xfe,
    0x40, 0x7f, 0xf1, 0x9f, 0xff, 0xe5, 0xa1, 0xff,
    0xc3, 0x7f, 0xff, 0x9b, 0x7, 0xff, 0x5, 0xff,
    0xfe, 0x7c, 0x1f, 0xf3, 0xff, 0xfd, 0x14, 0x3f,
    0xdf, 0xff, 0xd3, 0xf, 0xef, 0xff, 0xea, 0x41,
    0xf3, 0xff, 0xfc, 0x14, 0x33, 0x7f, 0xff, 0x4,
    0x3e, 0xff, 0xfe, 0x2, 0x1f, 0xdf, 0xff, 0xc0,
    0x43, 0xdf, 0xff, 0x7, 0xff, 0x3, 0xff, 0xf8,
    0x1, 0xd7, 0xff, 0x90, 0xff, 0xe0, 0xff, 0xfc,
    0x1d, 0xff, 0xe8, 0x3f, 0xf8, 0x57, 0xff, 0x83,
    0xbf, 0xfc, 0x1f, 0xfc, 0x37, 0xff, 0xc1, 0xd5,
    0xfe, 0xf, 0xfe, 0x1b, 0xff, 0xe0, 0xff, 0xe9,
    0xff, 0xf8, 0x3f, 0xfa, 0x4f, 0xff, 0x83, 0xff,
    0xa4, 0xff, 0xf8, 0x3f, 0xfa, 0x57, 0xff, 0x41,
    0xff, 0xd2, 0xff, 0xf2, 0x1f, 0xfd, 0x1f, 0xff,
    0x83, 0xff, 0xa3, 0xff, 0xf2, 0x1f, 0xfc, 0xf7,
    0xff, 0xf8, 0x1, 0xff, 0xc8, 0x5e, 0xbf, 0xff,
    0x84, 0x1f, 0xfc, 0x9f, 0xff, 0xe3, 0x87, 0xff,
    0x2b, 0xff, 0xf8, 0xb0, 0x7f, 0xf2, 0xff, 0xff,
    0x88, 0x87, 0xff, 0x33, 0xff, 0xf8, 0x48, 0x7f,
    0xf3, 0xbf, 0xff, 0x89, 0x7, 0xff, 0x33, 0xff,
    0xf8, 0xd0, 0x7f, 0xf2, 0xbf, 0xff, 0x90, 0x1f,
    0xfc, 0x9f, 0xff, 0xe4, 0x87, 0xff, 0x39, 0xbf,
    0xff, 0x84, 0x1f, 0xfd, 0x1b, 0xff, 0xe8, 0x3f,
    0xfa, 0x5f, 0xff, 0x21, 0xff, 0xd2, 0xff, 0xf4,
    0x1f, 0xfd, 0x27, 0xff, 0xc1, 0xff, 0xd3, 0xff,
    0xf2, 0x1f, 0xfd, 0x2b, 0xff, 0xa0, 0xff, 0xe9,
    0x5f, 0xfe, 0xf, 0xfe, 0x93, 0xff, 0xe0, 0x2f,
    0xf8, 0x3f, 0xf8, 0xcf, 0xff, 0x81, 0xff, 0xe0,
    0xff, 0xe3, 0x3f, 0xfe, 0x7, 0xff, 0x90, 0xff,
    0xe2, 0xdf, 0xfe, 0x5, 0xff, 0xd0, 0x7f, 0xf1,
    0x7f, 0xfe, 0x5, 0xff, 0xe0, 0xff, 0xe2, 0xff,
    0xfa, 0x3, 0xff, 0xe8, 0x3f, 0xf8, 0x77, 0xff,
    0xa0, 0xbf, 0xfe, 0x83, 0xff, 0x82, 0xff, 0xfc,
    0x85, 0x7f, 0xfd, 0x7, 0xfc, 0xff, 0xff, 0x0,
    0x3b, 0xff, 0xf8, 0x28, 0x7e, 0xbf, 0xff, 0x81,
    0x7, 0x5f, 0xff, 0xc2, 0xae, 0xff, 0xfe, 0x18,
    0x7d, 0xff, 0xfd, 0x54, 0x3f, 0x7f, 0xff, 0x50,
    0x3f, 0x9f, 0xff, 0xe9, 0x7, 0xfc, 0xff, 0xff,
    0x40, 0x3f, 0xf8, 0x5f, 0xff, 0xcd, 0x83, 0xff,
    0x89, 0x7f, 0xff, 0x29, 0xf, 0xfe, 0x3d, 0xff,
    0xfc, 0x64, 0x3f, 0xf9, 0x6d, 0xff, 0xfc, 0x9,
    0xf, 0xfe, 0x8a, 0xfc, 0x1f, 0xfc, 0x50,

    /* U+0034 "4" */
    0xf, 0xfe, 0x6f, 0xff, 0x83, 0xff, 0xa5, 0x7f,
    0xf8, 0x3f, 0xfa, 0x5f, 0xff, 0x7, 0xff, 0x47,
    0xff, 0xf8, 0x1, 0xff, 0xd0, 0x7f, 0xff, 0x80,
    0x1f, 0xfd, 0xf, 0xff, 0xe0, 0x87, 0xff, 0x3e,
    0xff, 0xfe, 0x8, 0x7f, 0xf3, 0xff, 0xff, 0x84,
    0x1f, 0xfc, 0xef, 0xff, 0xe1, 0x87, 0xff, 0x35,
    0xff, 0xfe, 0x18, 0x7f, 0xf3, 0x7f, 0xff, 0x88,
    0x1f, 0xfc, 0xcb, 0xff, 0xf8, 0x81, 0xff, 0xcc,
    0xff, 0xfe, 0x28, 0x7f, 0xf2, 0xef, 0xff, 0xe2,
    0x87, 0xff, 0x29, 0xff, 0xfe, 0x30, 0x7f, 0xf2,
    0xbf, 0xff, 0x8e, 0x1f, 0xfc, 0x9b, 0xff, 0xf8,
    0xe1, 0xff, 0xc9, 0xff, 0xe7, 0xff, 0xc1, 0xff,
    0xc8, 0xbf, 0xf4, 0x7f, 0xf8, 0x3f, 0xf8, 0xef,
    0xff, 0x3, 0xff, 0xc1, 0xff, 0xc7, 0xff, 0xe8,
    0x1f, 0xfe, 0xf, 0xfe, 0x33, 0xff, 0xc1, 0x7f,
    0xf8, 0x3f, 0xf8, 0xdf, 0xfc, 0x85, 0xff, 0xe0,
    0xff, 0xe2, 0xdf, 0xfc, 0x1b, 0xff, 0xc1, 0xff,
    0xc4, 0x7f, 0xf9, 0xd, 0xff, 0xe0, 0xff, 0xe2,
    0x7f, 0xf8, 0x3b, 0xff, 0xc1, 0xff, 0xc3, 0x7f,
    0xf8, 0x3d, 0xff, 0xe0, 0xff, 0xe1, 0xff, 0xf4,
    0x1e, 0xff, 0xf0, 0x7f, 0xf0, 0xaf, 0xfe, 0xf,
    0xbf, 0xfc, 0x1f, 0xfc, 0x2f, 0xfe, 0x83, 0xef,
    0xff, 0x7, 0xff, 0x7, 0xff, 0xc1, 0xfb, 0xff,
    0xc1, 0xff, 0xc0, 0x7f, 0xf9, 0xf, 0xdf, 0xfe,
    0xf, 0xfe, 0x7, 0xff, 0x83, 0xfb, 0xff, 0xc1,
    0xff, 0x5f, 0xfc, 0x87, 0xf7, 0xff, 0x83, 0xfe,
    0xff, 0xf0, 0x7f, 0xbf, 0xfc, 0x1f, 0xef, 0xff,
    0x7, 0xfd, 0xff, 0xe0, 0xfe, 0x7f, 0xfa, 0xf,
    0xfb, 0xff, 0xc1, 0xfd, 0xff, 0xe0, 0xff, 0xe0,
    0x7f, 0xf8, 0x3f, 0x5f, 0xfd, 0x7, 0xff, 0x3,
    0xff, 0xc1, 0xfb, 0xff, 0xc1, 0xff, 0xc1, 0xff,
    0xf0, 0x7d, 0x7f, 0xfa, 0xbf, 0xf8, 0x3f, 0xfe,
    0xae, 0x4f, 0xff, 0xed, 0xc7, 0xff, 0xf6, 0xe3,
    0xff, 0xfb, 0x71, 0xff, 0xfd, 0xb8, 0xff, 0xfe,
    0xdc, 0x7f, 0xff, 0x6e, 0x3f, 0xff, 0xb7, 0x1f,
    0xff, 0xdb, 0x83, 0xff, 0x9b, 0xff, 0xe0, 0xff,
    0xe9, 0xff, 0xf8, 0x3f, 0xfa, 0x7f, 0xfe, 0xf,
    0xfe, 0x9f, 0xff, 0x83, 0xff, 0xa7, 0xff, 0xe0,
    0xff, 0xe9, 0xff, 0xf8, 0x3f, 0xfa, 0x7f, 0xfe,
    0xf, 0xfe, 0x9f, 0xff, 0x83, 0xff, 0xa7, 0xff,
    0xe0, 0xff, 0xe9, 0xff, 0xf8, 0x3c,

    /* U+0035 "5" */
    0xf, 0x57, 0xff, 0x45, 0xf, 0xe7, 0xff, 0xfa,
    0x30, 0x7f, 0x3f, 0xff, 0xd1, 0x83, 0xfa, 0xff,
    0xfe, 0x8c, 0x1f, 0xd7, 0xff, 0xf4, 0x60, 0xfe,
    0xff, 0xfe, 0x94, 0x1f, 0xdf, 0xff, 0xd2, 0x83,
    0xfb, 0xff, 0xfa, 0x50, 0x7f, 0x7f, 0xff, 0x4a,
    0xf, 0xef, 0xfe, 0xf, 0xfe, 0x9f, 0xff, 0x7,
    0xff, 0x49, 0xff, 0xd0, 0x7f, 0xf4, 0x9f, 0xfd,
    0x7, 0xff, 0x4a, 0xff, 0xd0, 0x7f, 0xf4, 0xaf,
    0xfc, 0x87, 0xff, 0x4a, 0xff, 0xc8, 0x7f, 0xf4,
    0xbf, 0xf9, 0xf, 0xfe, 0x97, 0xff, 0x7, 0xff,
    0x4f, 0xff, 0x83, 0xff, 0xa7, 0xff, 0xc1, 0xff,
    0xd3, 0xff, 0xe0, 0xff, 0xe9, 0x3f, 0xfc, 0x12,
    0xaf, 0xf4, 0x87, 0xff, 0x11, 0xff, 0xd1, 0x7f,
    0xff, 0x9, 0xf, 0xfe, 0xb, 0xff, 0xfc, 0xf4,
    0x3f, 0xeb, 0xff, 0xfa, 0x10, 0x7f, 0xaf, 0xff,
    0xe8, 0xc1, 0xfd, 0x7f, 0xff, 0x4c, 0x3f, 0x7f,
    0xff, 0x52, 0xf, 0xbf, 0xff, 0xaa, 0x87, 0xbf,
    0xff, 0xac, 0x1e, 0xff, 0xfe, 0xc, 0x86, 0x6f,
    0xff, 0xe0, 0xc1, 0xdf, 0xff, 0x21, 0xfe, 0xbf,
    0xff, 0x80, 0x19, 0xff, 0xe8, 0x3f, 0xf8, 0x2f,
    0xff, 0xd0, 0x6a, 0xfc, 0x87, 0xff, 0xe, 0xff,
    0xf8, 0x3f, 0xfa, 0x3f, 0xff, 0x7, 0xff, 0x45,
    0xff, 0xf2, 0x1f, 0xfd, 0x1f, 0xff, 0x41, 0xff,
    0xd1, 0xff, 0xf8, 0x3f, 0xfa, 0x37, 0xff, 0x83,
    0xff, 0xa3, 0x7f, 0xf8, 0x3f, 0xfa, 0x2f, 0xff,
    0x83, 0xff, 0xa3, 0x7f, 0xf8, 0x3f, 0xfa, 0x37,
    0xff, 0x83, 0xff, 0xa3, 0x7f, 0xf4, 0x7f, 0xf8,
    0x3f, 0xf8, 0xdf, 0xfe, 0x8f, 0xff, 0x7, 0xff,
    0x15, 0xff, 0xf2, 0x5f, 0xfd, 0x7, 0xff, 0x12,
    0xff, 0xf0, 0x1f, 0xff, 0x21, 0xff, 0xc2, 0x7f,
    0xfe, 0xb, 0xff, 0xe0, 0xff, 0xe1, 0x7f, 0xfd,
    0x5, 0x7f, 0xfc, 0x1f, 0xf3, 0xff, 0xfc, 0x0,
    0xef, 0xff, 0xe0, 0x41, 0xfa, 0xff, 0xfe, 0x4,
    0x1d, 0x7f, 0xff, 0xa, 0xb7, 0xff, 0xf0, 0xc3,
    0xef, 0xff, 0xea, 0x21, 0xfb, 0xff, 0xfa, 0x50,
    0x7f, 0x3f, 0xff, 0xd0, 0x83, 0xfe, 0x7f, 0xff,
    0x9d, 0x7, 0xff, 0x5, 0xff, 0xfe, 0x64, 0x1f,
    0xfc, 0x4b, 0xff, 0xf9, 0x21, 0xff, 0xc8, 0xbf,
    0xff, 0x8a, 0x87, 0xff, 0x2e, 0xff, 0xfe, 0x4,
    0x1f, 0xfd, 0x25, 0xf0, 0x7f, 0xf1, 0x40,

    /* U+0036 "6" */
    0xf, 0xfe, 0x33, 0x5f, 0xe0, 0xff, 0xe9, 0x7f,
    0xfa, 0xf, 0xfe, 0x8b, 0xff, 0xe0, 0xff, 0xe9,
    0x7f, 0xf9, 0xf, 0xfe, 0x8d, 0xff, 0xe0, 0xff,
    0xe9, 0x7f, 0xf9, 0xf, 0xfe, 0x8d, 0xff, 0xd0,
    0x7f, 0xf4, 0xbf, 0xfc, 0x1f, 0xfd, 0x2b, 0xff,
    0x90, 0xff, 0xe9, 0x7f, 0xf8, 0x3f, 0xfa, 0x57,
    0xff, 0x7, 0xff, 0x49, 0xff, 0xe8, 0x3f, 0xfa,
    0x5f, 0xfe, 0xf, 0xfe, 0x93, 0xff, 0xc8, 0x7f,
    0xf4, 0xbf, 0xfc, 0x1f, 0xfd, 0x27, 0xff, 0x83,
    0xff, 0xa7, 0xff, 0xd0, 0x7f, 0xf4, 0x9f, 0xfe,
    0xf, 0xfe, 0x9f, 0xff, 0x21, 0xff, 0xd2, 0xbf,
    0xf4, 0x1f, 0xfd, 0x3f, 0xfe, 0xf, 0xfe, 0x9d,
    0xff, 0xa0, 0xff, 0xe9, 0xff, 0xf0, 0x1b, 0xfd,
    0x21, 0xff, 0xc7, 0xbf, 0xf5, 0x3f, 0xff, 0x82,
    0x87, 0xff, 0x13, 0xff, 0xf9, 0xc8, 0x7f, 0xf0,
    0x6f, 0xff, 0xe7, 0xc1, 0xff, 0xc0, 0xff, 0xfe,
    0x8c, 0x1f, 0xeb, 0xff, 0xfa, 0x61, 0xfd, 0xff,
    0xfd, 0x48, 0x3e, 0xbf, 0xff, 0xaa, 0x87, 0xbf,
    0xff, 0xae, 0x1c, 0xff, 0xff, 0xa, 0x43, 0x37,
    0xff, 0xf0, 0x60, 0xd7, 0xff, 0xf0, 0x10, 0xff,
    0x5f, 0xff, 0xc0, 0xd, 0xff, 0xfc, 0x0, 0xff,
    0xe0, 0xdf, 0xff, 0x20, 0x7f, 0xfe, 0xf, 0xfe,
    0x1d, 0xff, 0xe8, 0x17, 0xff, 0x90, 0xff, 0xe2,
    0x7f, 0xfc, 0xf, 0xff, 0x83, 0xff, 0x8b, 0x7f,
    0xf8, 0x1f, 0xfe, 0x83, 0xff, 0x8d, 0xff, 0xe4,
    0xff, 0xf2, 0x1f, 0xfc, 0x6f, 0xff, 0x47, 0xff,
    0x83, 0xff, 0x8f, 0xff, 0xe8, 0xff, 0xf0, 0x7f,
    0xf1, 0xff, 0xfd, 0x1f, 0xfe, 0xf, 0xfe, 0x3d,
    0xff, 0xd1, 0xff, 0xe0, 0xff, 0xe3, 0xff, 0xfa,
    0x3f, 0xfc, 0x87, 0xff, 0x1b, 0xff, 0xd1, 0xff,
    0xe4, 0x3f, 0xf8, 0xdf, 0xfe, 0x4b, 0xff, 0xc1,
    0xff, 0xc5, 0x7f, 0xfc, 0xb, 0xff, 0xc1, 0xff,
    0xc5, 0xff, 0xf8, 0x2f, 0xff, 0x83, 0xff, 0x86,
    0xff, 0xfa, 0xb, 0xff, 0xe8, 0x3f, 0xf8, 0x5f,
    0xff, 0x21, 0x3f, 0xff, 0x41, 0xff, 0x3f, 0xff,
    0xc0, 0xe, 0xff, 0xfe, 0xa, 0x1f, 0x37, 0xff,
    0xf0, 0x10, 0xe7, 0xff, 0xf8, 0x55, 0xdf, 0xff,
    0xc3, 0xf, 0xaf, 0xff, 0xea, 0x7, 0xf7, 0xff,
    0xf4, 0xd0, 0xff, 0x7f, 0xff, 0x46, 0xf, 0xfe,
    0x7, 0xff, 0xf3, 0xd0, 0xff, 0xe1, 0x5f, 0xff,
    0xcc, 0x43, 0xff, 0x88, 0xff, 0xff, 0x26, 0xf,
    0xfe, 0x43, 0xff, 0xfc, 0x59, 0xf, 0xfe, 0x5b,
    0x7f, 0xff, 0x1, 0xf, 0xfe, 0x92, 0xfc, 0x1f,
    0xfc, 0x50,

    /* U+0037 "7" */
    0xaf, 0xfe, 0xcb, 0xff, 0xfd, 0x9b, 0xff, 0xfb,
    0x37, 0xff, 0xf6, 0x6f, 0xff, 0xec, 0xdf, 0xff,
    0xd9, 0xbf, 0xff, 0xb3, 0x7f, 0xff, 0x66, 0xff,
    0xfe, 0xca, 0x1f, 0xfc, 0xe7, 0xff, 0xc1, 0xff,
    0xcf, 0xff, 0xf4, 0x1f, 0xfc, 0xff, 0xff, 0x7,
    0xff, 0x3e, 0xff, 0xe8, 0x3f, 0xf9, 0xff, 0xfe,
    0xf, 0xfe, 0x7d, 0xff, 0xe0, 0xff, 0xe7, 0xff,
    0xf9, 0xf, 0xfe, 0x75, 0xff, 0xe0, 0xff, 0xe7,
    0xff, 0xf9, 0xf, 0xfe, 0x75, 0xff, 0xe0, 0xff,
    0xe7, 0xff, 0xfa, 0xf, 0xfe, 0x73, 0xff, 0xe0,
    0xff, 0xe7, 0xff, 0xfa, 0xf, 0xfe, 0x73, 0xff,
    0xe0, 0xff, 0xe7, 0xff, 0xfa, 0xf, 0xfe, 0x73,
    0xff, 0xe0, 0xff, 0xe7, 0xff, 0xfc, 0x1f, 0xfc,
    0xff, 0xff, 0x21, 0xff, 0xce, 0xbf, 0xfc, 0x1f,
    0xfc, 0xff, 0xff, 0x21, 0xff, 0xce, 0xbf, 0xfc,
    0x1f, 0xfc, 0xff, 0xff, 0x41, 0xff, 0xce, 0xbf,
    0xfc, 0x1f, 0xfc, 0xff, 0xff, 0x41, 0xff, 0xce,
    0x7f, 0xfc, 0x1f, 0xfc, 0xff, 0xff, 0x41, 0xff,
    0xce, 0x7f, 0xfc, 0x87, 0xff, 0x3b, 0xff, 0xe0,
    0xff, 0xe7, 0x3f, 0xfe, 0x43, 0xff, 0x9d, 0xff,
    0xf0, 0x7f, 0xf3, 0x9f, 0xff, 0x21, 0xff, 0xce,
    0xbf, 0xfc, 0x1f, 0xfc, 0xff, 0xff, 0x41, 0xff,
    0xce, 0xbf, 0xfc, 0x1f, 0xfc, 0xff, 0xff, 0x41,
    0xff, 0xce, 0xbf, 0xfc, 0x1f, 0xfc, 0xff, 0xff,
    0x41, 0xff, 0xce, 0xbf, 0xfc, 0x87, 0xff, 0x3b,
    0xff, 0xe0, 0xff, 0xe7, 0x3f, 0xfe, 0x43, 0xff,
    0x9d, 0xff, 0xf0, 0x7f, 0xf3, 0x9f, 0xff, 0x21,
    0xff, 0xce, 0xff, 0xf8, 0x3f, 0xf9, 0xcf, 0xff,
    0xa0, 0xff, 0xe7, 0x7f, 0xfc, 0x1f, 0xfc, 0xe7,
    0xff, 0xd0, 0x7f, 0xf3, 0xaf, 0xff, 0x7, 0xff,
    0x3f, 0xff, 0xd0, 0x7f, 0xf3, 0xaf, 0xff, 0x21,
    0xff, 0xce, 0xff, 0xf8, 0x3f, 0xf9, 0x60,

    /* U+0038 "8" */
    0xf, 0xfe, 0x23, 0x57, 0xa8, 0xa0, 0xff, 0xe7,
    0xb7, 0xff, 0xf0, 0x90, 0xff, 0xe5, 0x3f, 0xff,
    0xc7, 0x83, 0xff, 0x8f, 0xff, 0xfc, 0xb4, 0x3f,
    0xf8, 0x6f, 0xff, 0xf3, 0x60, 0xff, 0xe0, 0xbf,
    0xff, 0xd0, 0xf, 0xf9, 0xff, 0xfe, 0x8c, 0x1f,
    0xef, 0xff, 0xe9, 0xa1, 0xfa, 0xff, 0xfe, 0xa0,
    0x7c, 0xff, 0xff, 0x6, 0x43, 0x3f, 0xff, 0xc1,
    0x83, 0xd7, 0xff, 0xd0, 0x7f, 0x3f, 0xff, 0xc0,
    0xf, 0x7f, 0xfd, 0x7, 0xff, 0x3, 0xff, 0xe4,
    0x33, 0xff, 0xf0, 0x7f, 0xf0, 0x5f, 0xff, 0x41,
    0xaf, 0xff, 0x21, 0xff, 0xc2, 0xff, 0xf8, 0x35,
    0xff, 0xe0, 0xff, 0xe1, 0xdf, 0xfe, 0xd, 0x7f,
    0xf4, 0x1f, 0xfc, 0x37, 0xff, 0xc1, 0xaf, 0xfe,
    0x83, 0xff, 0x89, 0xff, 0xe0, 0xd7, 0xff, 0x41,
    0xff, 0xc4, 0xff, 0xf0, 0x6b, 0xff, 0xa0, 0xff,
    0xe1, 0xbf, 0xfe, 0xc, 0xff, 0xf8, 0x3f, 0xf8,
    0x77, 0xff, 0x41, 0xdf, 0xfe, 0x43, 0xff, 0x85,
    0xff, 0xe4, 0x3b, 0xff, 0xe0, 0xff, 0xe0, 0xbf,
    0xfe, 0xf, 0x3f, 0xfe, 0x83, 0xff, 0x81, 0xff,
    0xe8, 0x3e, 0xff, 0xfa, 0xf, 0xe7, 0xff, 0xe0,
    0xfe, 0xff, 0xfe, 0x4, 0x1c, 0xff, 0xff, 0x1,
    0xf, 0xf7, 0xff, 0xf4, 0x60, 0xff, 0xe0, 0x7f,
    0xff, 0x3e, 0xf, 0xfe, 0x15, 0xff, 0xfc, 0xc4,
    0x3f, 0xf8, 0x8f, 0xff, 0xf2, 0x60, 0xff, 0xe4,
    0x7f, 0xff, 0x1d, 0xf, 0xfe, 0x33, 0xff, 0xfc,
    0xb8, 0x3f, 0xf8, 0x77, 0xff, 0xf3, 0x90, 0xff,
    0xe0, 0x7f, 0xff, 0x46, 0xf, 0xf7, 0xff, 0xf0,
    0xef, 0xff, 0xe1, 0xc1, 0xfb, 0xff, 0xf8, 0x10,
    0x7c, 0xff, 0xff, 0x2, 0xf, 0x7f, 0xfd, 0x7,
    0xfc, 0xff, 0xfc, 0x86, 0xbf, 0xfd, 0x7, 0xff,
    0xb, 0xff, 0xe0, 0xdf, 0xfe, 0x83, 0xff, 0x86,
    0xff, 0xf9, 0x3, 0xff, 0xe0, 0xff, 0xe2, 0xdf,
    0xfe, 0x7, 0xff, 0xa0, 0xff, 0xe3, 0x7f, 0xf9,
    0x3f, 0xfc, 0x1f, 0xfc, 0x7f, 0xff, 0x2b, 0xff,
    0xc1, 0xff, 0xc7, 0xbf, 0xfa, 0x7f, 0xfc, 0x1f,
    0xfc, 0x77, 0xff, 0xd7, 0xff, 0x83, 0xff, 0x8e,
    0xff, 0xfa, 0xff, 0xf0, 0x7f, 0xf1, 0xef, 0xff,
    0x5f, 0xfe, 0xf, 0xfe, 0x3d, 0xff, 0xeb, 0xff,
    0xc1, 0xff, 0xc7, 0xff, 0xf9, 0xff, 0xf4, 0x1f,
    0xfc, 0x6f, 0xff, 0x8f, 0xff, 0x83, 0xff, 0x8b,
    0xff, 0xf4, 0x7f, 0xff, 0x0, 0x3f, 0xf8, 0x77,
    0xff, 0xc9, 0x7f, 0xff, 0x0, 0x3f, 0xf8, 0x37,
    0xff, 0xf0, 0x0, 0xff, 0xff, 0x6, 0xf, 0xe7,
    0xff, 0xf8, 0x30, 0x57, 0xff, 0xf0, 0xe5, 0xa9,
    0xff, 0xfc, 0x30, 0xef, 0xff, 0xeb, 0xa1, 0xcf,
    0xff, 0xf5, 0x60, 0xfa, 0xff, 0xfe, 0xa0, 0x7f,
    0x3f, 0xff, 0xd1, 0x83, 0xfe, 0x7f, 0xff, 0x9e,
    0x87, 0xff, 0xa, 0xff, 0xfe, 0x5c, 0x1f, 0xfc,
    0x6b, 0xff, 0xf8, 0xf2, 0x1f, 0xfc, 0x96, 0xff,
    0xfe, 0xc, 0x87, 0xff, 0x45, 0x7e, 0xf, 0xfe,
    0x28,

    /* U+0039 "9" */
    0xf, 0xfe, 0x1b, 0x7f, 0xd2, 0x83, 0xff, 0x9c,
    0xff, 0xff, 0xe, 0xf, 0xfe, 0x55, 0xff, 0xfc,
    0x78, 0x3f, 0xf8, 0xcf, 0xff, 0xf2, 0xe0, 0xff,
    0xe1, 0xdf, 0xff, 0xce, 0xf, 0xfe, 0xd, 0xff,
    0xfd, 0x0, 0xff, 0xaf, 0xff, 0xe9, 0x7, 0xf3,
    0xff, 0xfd, 0x40, 0xfd, 0xff, 0xfd, 0x54, 0x3d,
    0x7f, 0xff, 0x6, 0x43, 0x37, 0xff, 0xf0, 0x43,
    0xdf, 0xff, 0xc0, 0x43, 0xfd, 0x7f, 0xfd, 0x6,
    0xbf, 0xfe, 0xf, 0xfe, 0xd, 0xff, 0xf0, 0x6f,
    0xff, 0x83, 0xff, 0x87, 0x7f, 0xf9, 0x3, 0xff,
    0xe4, 0x3f, 0xf8, 0x9f, 0xff, 0x2, 0xff, 0xf0,
    0x7f, 0xf1, 0x6f, 0xff, 0x3, 0xff, 0xd0, 0x7f,
    0xf1, 0xbf, 0xfc, 0x9f, 0xfe, 0x43, 0xff, 0x8d,
    0xff, 0xe4, 0xff, 0xf2, 0x1f, 0xfc, 0x6f, 0xff,
    0x47, 0xff, 0x83, 0xff, 0x8f, 0x7f, 0xf4, 0x7f,
    0xf8, 0x3f, 0xf8, 0xf7, 0xff, 0x47, 0xff, 0x90,
    0xff, 0xe3, 0x7f, 0xfa, 0x3f, 0xfc, 0x87, 0xff,
    0x1b, 0xff, 0xd1, 0xff, 0xe8, 0x3f, 0xf8, 0xdf,
    0xfe, 0x4f, 0xff, 0x83, 0xff, 0x8a, 0xff, 0xf9,
    0x2f, 0xff, 0x21, 0xff, 0xc4, 0xff, 0xf8, 0xf,
    0xff, 0xc1, 0xff, 0xc3, 0xbf, 0xfe, 0xb, 0xff,
    0xf8, 0x1, 0xff, 0xc1, 0xbf, 0xfe, 0x82, 0xbf,
    0xff, 0x80, 0x1f, 0xf7, 0xff, 0xf0, 0x50, 0xdf,
    0xff, 0xc1, 0x90, 0xe6, 0xff, 0xfe, 0x10, 0x75,
    0xff, 0xfd, 0x68, 0x3d, 0xff, 0xfd, 0x60, 0xf9,
    0xff, 0xfe, 0xa4, 0x1f, 0x9f, 0xff, 0xe9, 0x87,
    0xf9, 0xff, 0xfe, 0x90, 0x7f, 0xcf, 0xff, 0xf4,
    0x10, 0xff, 0xe0, 0xdf, 0xff, 0xce, 0xf, 0xfe,
    0x25, 0xff, 0xfc, 0x1b, 0xff, 0x90, 0xff, 0xe3,
    0x37, 0xfd, 0x23, 0xff, 0xc1, 0xff, 0xd3, 0xff,
    0xe0, 0xff, 0xe9, 0xdf, 0xfa, 0xf, 0xfe, 0x93,
    0xff, 0xc1, 0xff, 0xd3, 0xff, 0xe8, 0x3f, 0xfa,
    0x4f, 0xff, 0x7, 0xff, 0x4f, 0xff, 0xa0, 0xff,
    0xe9, 0x5f, 0xfc, 0x1f, 0xfd, 0x27, 0xff, 0xa0,
    0xff, 0xe9, 0x7f, 0xf8, 0x3f, 0xfa, 0x4f, 0xff,
    0x21, 0xff, 0xd2, 0xff, 0xf0, 0x7f, 0xf4, 0xaf,
    0xfe, 0x43, 0xff, 0xa2, 0xff, 0xf8, 0x3f, 0xfa,
    0x5f, 0xfe, 0x43, 0xff, 0xa2, 0xff, 0xf8, 0x3f,
    0xfa, 0x5f, 0xfe, 0x43, 0xff, 0xa3, 0x7f, 0xf8,
    0x3f, 0xfa, 0x2f, 0xff, 0x83, 0xff, 0xa5, 0xff,
    0xe8, 0x3f, 0xfa, 0x2f, 0xff, 0x83, 0xff, 0xa5,
    0xff, 0xe8, 0x3f, 0xfa, 0x37, 0xff, 0x83, 0xff,
    0x8c,

    /* U+003A ":" */
    0x9, 0xbe, 0x90, 0xeb, 0xfe, 0x82, 0xbf, 0xfa,
    0x7, 0xff, 0xc5, 0xff, 0xf3, 0x7f, 0xfd, 0x4f,
    0xff, 0xa9, 0xff, 0xf4, 0xff, 0xfc, 0x9f, 0xff,
    0x5, 0xff, 0xc1, 0xd7, 0xf4, 0x1f, 0x96, 0xf,
    0xff, 0xf8, 0x7f, 0xff, 0xc3, 0xff, 0xfe, 0x1d,
    0x7d, 0x7, 0xaf, 0xfa, 0xa, 0xff, 0xe4, 0x1f,
    0xff, 0x17, 0xff, 0xcd, 0xff, 0xf5, 0x3f, 0xfe,
    0xa7, 0xff, 0xd3, 0xff, 0xf2, 0x7f, 0xfc, 0x17,
    0xff, 0x7, 0x7f, 0xa0, 0xfc, 0xb0, 0x70,

    /* U+003B ";" */
    0xe, 0x58, 0x3f, 0x7f, 0xa0, 0xef, 0xfe, 0xb,
    0xff, 0xd0, 0xff, 0xfc, 0x5f, 0xff, 0x3f, 0xff,
    0xc0, 0xbf, 0xff, 0x81, 0x4f, 0xff, 0x93, 0xff,
    0xe0, 0x5f, 0xfc, 0x85, 0x7f, 0xd0, 0x73, 0x7d,
    0x7, 0xff, 0xfc, 0x3f, 0xff, 0xe1, 0xff, 0xff,
    0xf, 0xfe, 0x25, 0xfa, 0xf, 0x7f, 0xe4, 0x2f,
    0xff, 0x23, 0xff, 0xf1, 0x7f, 0xfc, 0x7f, 0xff,
    0x1, 0xff, 0xfe, 0x3, 0x7f, 0xfd, 0x3f, 0xff,
    0x45, 0xff, 0xe4, 0x17, 0xff, 0x21, 0x37, 0xfc,
    0x1f, 0x5f, 0xc1, 0xf7, 0xf4, 0x1e, 0x7f, 0x83,
    0xef, 0xf0, 0x7a, 0xfe, 0x43, 0xaf, 0xe8, 0x3a,
    0xff, 0x7, 0x7f, 0xc1, 0xeb, 0xf9, 0xf, 0xaf,
    0x83, 0xfd, 0x40, 0xff, 0xe4, 0x80,

    /* U+003C "<" */
    0xf, 0xfe, 0xf4, 0x1f, 0xfd, 0xdb, 0xc1, 0xff,
    0xda, 0x6f, 0xc1, 0xff, 0xd8, 0x7f, 0xe0, 0xff,
    0xeb, 0x3f, 0xfc, 0x1f, 0xfd, 0x47, 0xff, 0xe0,
    0xff, 0xe9, 0x5f, 0xff, 0xc1, 0xf, 0xfe, 0x85,
    0xff, 0xfc, 0x30, 0xff, 0xe6, 0xb7, 0xff, 0xf1,
    0x43, 0xff, 0x96, 0xff, 0xff, 0x1e, 0xf, 0xfe,
    0x4b, 0xff, 0xfc, 0x74, 0x3f, 0xf9, 0x2f, 0xff,
    0xf1, 0xd0, 0xff, 0xe4, 0xdf, 0xff, 0xc6, 0x83,
    0xff, 0x95, 0x7f, 0xff, 0x1a, 0xf, 0xfe, 0x4b,
    0x7f, 0xff, 0x19, 0xf, 0xfe, 0x4b, 0xff, 0xfc,
    0x69, 0xf, 0xfe, 0x4b, 0xff, 0xfc, 0x68, 0x3f,
    0xf9, 0x4f, 0xff, 0xf1, 0x90, 0xff, 0xe5, 0x5f,
    0xff, 0xc6, 0x43, 0xff, 0x95, 0x7f, 0xff, 0x16,
    0xf, 0xfe, 0x65, 0xff, 0xfc, 0x44, 0x3f, 0xf9,
    0xd7, 0xff, 0xf0, 0x90, 0xff, 0xe8, 0x5f, 0xff,
    0x41, 0xff, 0xd3, 0xbf, 0xfa, 0xf, 0xfe, 0xad,
    0xff, 0xd0, 0x7f, 0xf5, 0x6f, 0xff, 0xe0, 0x21,
    0xff, 0xd2, 0xbf, 0xff, 0x84, 0x87, 0xff, 0x42,
    0xff, 0xfe, 0x24, 0x1f, 0xfc, 0xfb, 0xff, 0xf8,
    0xb0, 0x7f, 0xf3, 0xdf, 0xff, 0xe3, 0x21, 0xff,
    0xce, 0x7f, 0xff, 0x8c, 0x87, 0xff, 0x39, 0xff,
    0xfe, 0x34, 0x1f, 0xfc, 0xe6, 0xff, 0xfe, 0x2c,
    0x87, 0xff, 0x3a, 0xff, 0xfe, 0x32, 0x1f, 0xfc,
    0xeb, 0xff, 0xf8, 0xd0, 0x7f, 0xf3, 0x9f, 0xff,
    0xe3, 0x41, 0xff, 0xce, 0x7f, 0xff, 0x8e, 0x87,
    0xff, 0x35, 0xff, 0xfe, 0x3a, 0x1f, 0xfc, 0xd6,
    0xff, 0xfe, 0x34, 0x1f, 0xfc, 0xeb, 0xff, 0xf8,
    0xa1, 0xff, 0xd0, 0xbf, 0xff, 0x86, 0x1f, 0xfd,
    0x27, 0xff, 0xf8, 0x21, 0xff, 0xd4, 0x7f, 0xfe,
    0xf, 0xfe, 0xb3, 0xff, 0xc1, 0xff, 0xd8, 0x6f,
    0xf0, 0x7f, 0xf6, 0xef, 0xc1, 0xff, 0xdd, 0xbc,
    0x1f, 0xfd, 0xf4,

    /* U+003D "=" */
    0xbf, 0xff, 0xbc, 0x5f, 0xff, 0xde, 0x2f, 0xff,
    0xef, 0x17, 0xff, 0xf7, 0x8b, 0xff, 0xfb, 0xc5,
    0xff, 0xfd, 0xe2, 0xff, 0xfe, 0xf1, 0x7f, 0xff,
    0x78, 0xb, 0xff, 0xde, 0xf, 0xff, 0xf8, 0x7f,
    0xff, 0xc3, 0xff, 0xf8, 0xbf, 0xfd, 0xe2, 0xff,
    0xfe, 0xf1, 0x7f, 0xff, 0x78, 0xbf, 0xff, 0xbc,
    0x5f, 0xff, 0xde, 0x2f, 0xff, 0xef, 0x17, 0xff,
    0xf7, 0x8b, 0xff, 0xfb, 0xc5, 0xff, 0xfd, 0xe0,

    /* U+003E ">" */
    0x20, 0xff, 0xef, 0xfa, 0xf, 0xfe, 0xef, 0xe8,
    0x3f, 0xfb, 0x7f, 0xf2, 0x1f, 0xfd, 0x8f, 0xfe,
    0x43, 0xff, 0xad, 0xff, 0xf2, 0x1f, 0xfd, 0x4f,
    0xff, 0xe0, 0xc1, 0xff, 0xd2, 0xff, 0xfe, 0x1c,
    0x1f, 0xfd, 0xf, 0xff, 0xe2, 0xc1, 0xff, 0xce,
    0xbf, 0xff, 0x8e, 0x87, 0xff, 0x36, 0xff, 0xfe,
    0x3a, 0x1f, 0xfc, 0xd7, 0xff, 0xf8, 0xe8, 0x7f,
    0xf3, 0x5b, 0xff, 0xf8, 0xd0, 0x7f, 0xf3, 0xaf,
    0xff, 0xe3, 0x41, 0xff, 0xce, 0x7f, 0xff, 0x8d,
    0x7, 0xff, 0x39, 0xbf, 0xff, 0x8c, 0x87, 0xff,
    0x3a, 0xff, 0xfe, 0x32, 0x1f, 0xfc, 0xe7, 0xff,
    0xf8, 0xc8, 0x7f, 0xf3, 0x9f, 0xff, 0xe3, 0x41,
    0xff, 0xcf, 0xbf, 0xff, 0x8b, 0x7, 0xff, 0x3e,
    0xff, 0xfe, 0x24, 0x1f, 0xfd, 0x7, 0xff, 0xf8,
    0x50, 0x7f, 0xf4, 0x9b, 0xff, 0xe8, 0x3f, 0xfa,
    0xb7, 0xff, 0x41, 0xff, 0xd5, 0xbf, 0xfa, 0xf,
    0xfe, 0x93, 0xff, 0xfc, 0x8, 0x3f, 0xfa, 0xf,
    0xff, 0xf0, 0xa0, 0xff, 0xe7, 0x5f, 0xff, 0xc4,
    0x83, 0xff, 0x96, 0xdf, 0xff, 0xc5, 0x83, 0xff,
    0x94, 0xff, 0xff, 0x19, 0xf, 0xfe, 0x55, 0xff,
    0xfc, 0x64, 0x3f, 0xf9, 0x57, 0xff, 0xf1, 0x90,
    0xff, 0xe4, 0xbf, 0xff, 0xc6, 0x83, 0xff, 0x94,
    0xff, 0xff, 0x1a, 0xf, 0xfe, 0x55, 0xff, 0xfc,
    0x68, 0x3f, 0xf9, 0x2d, 0xff, 0xfc, 0x64, 0x3f,
    0xf9, 0x2f, 0xff, 0xf1, 0xd0, 0xff, 0xe4, 0xdf,
    0xff, 0xc7, 0x43, 0xff, 0x93, 0x7f, 0xff, 0x1a,
    0xf, 0xfe, 0x67, 0xff, 0xf1, 0x60, 0xff, 0xe7,
    0x7f, 0xff, 0xe, 0xf, 0xfe, 0x87, 0xff, 0xf0,
    0x50, 0xff, 0xe9, 0x7f, 0xfc, 0x87, 0xff, 0x53,
    0xff, 0x90, 0xff, 0xeb, 0x7f, 0xa0, 0xff, 0xec,
    0xfe, 0x83, 0xff, 0xb7, 0xe8, 0x3f, 0xfb, 0xa8,
    0x7f, 0xf7, 0x80,

    /* U+003F "?" */
    0xf, 0xfe, 0x13, 0x4f, 0xf5, 0x3, 0xff, 0x96,
    0xdf, 0xff, 0xc2, 0x83, 0xff, 0x8c, 0xff, 0xff,
    0x1e, 0xf, 0xfe, 0x1f, 0xff, 0xf2, 0xc3, 0xff,
    0x80, 0xff, 0xff, 0x35, 0xf, 0xeb, 0xff, 0xf9,
    0xe1, 0xfa, 0xff, 0xfe, 0x88, 0x79, 0xff, 0xfe,
    0x94, 0x1d, 0xff, 0xfd, 0x40, 0xdf, 0xff, 0xc2,
    0x90, 0x9b, 0xff, 0xf8, 0x10, 0x1f, 0xff, 0xe0,
    0x21, 0xf9, 0xff, 0xfe, 0x0, 0x3f, 0xff, 0x80,
    0x1f, 0xf3, 0xff, 0xf0, 0xff, 0xfc, 0x1f, 0xfc,
    0x1f, 0xff, 0x95, 0xff, 0xe4, 0x3f, 0xf8, 0x2f,
    0xff, 0x90, 0x3f, 0xf4, 0x1f, 0xfc, 0x3f, 0xff,
    0x21, 0xcf, 0xe0, 0xff, 0xe2, 0x7f, 0xf9, 0xf,
    0xca, 0xf, 0xfe, 0x27, 0xff, 0x90, 0xff, 0xe7,
    0x7f, 0xf8, 0x3f, 0xf9, 0xcf, 0xff, 0x83, 0xff,
    0x9d, 0xff, 0xf0, 0x7f, 0xf3, 0x5f, 0xff, 0x21,
    0xff, 0xcd, 0xff, 0xf8, 0x3f, 0xf9, 0xbf, 0xff,
    0x21, 0xff, 0xcc, 0xbf, 0xfe, 0xf, 0xfe, 0x65,
    0xff, 0xf0, 0x7f, 0xf3, 0x1f, 0xff, 0x90, 0xff,
    0xe5, 0xbf, 0xff, 0x21, 0xff, 0xcb, 0x7f, 0xfe,
    0x43, 0xff, 0x96, 0xff, 0xfc, 0x87, 0xff, 0x33,
    0xff, 0xe4, 0x3f, 0xf9, 0x9f, 0xff, 0x21, 0xff,
    0xcc, 0x7f, 0xfc, 0x87, 0xff, 0x37, 0xff, 0xc8,
    0x7f, 0xf3, 0xbf, 0xfa, 0xf, 0xfe, 0x73, 0xff,
    0xc1, 0xff, 0xcf, 0xbf, 0xf2, 0x1f, 0xfc, 0xfb,
    0xff, 0x7, 0xff, 0x42, 0xff, 0xc1, 0xff, 0xd0,
    0xbf, 0xf0, 0x7f, 0xf4, 0x2f, 0xfc, 0x1f, 0xfd,
    0xb, 0xff, 0x7, 0xff, 0x42, 0xff, 0xc1, 0xff,
    0xff, 0xf, 0xff, 0xf8, 0x7f, 0xff, 0xc3, 0xff,
    0x9f, 0x7d, 0x7, 0xff, 0x4a, 0xff, 0xa0, 0xff,
    0xe7, 0xbf, 0xfd, 0x7, 0xff, 0x3b, 0xff, 0xe0,
    0xff, 0xe6, 0xbf, 0xff, 0x41, 0xff, 0xcc, 0xbf,
    0xfe, 0x83, 0xff, 0x99, 0x7f, 0xff, 0x0, 0x3f,
    0xf9, 0x97, 0xff, 0xd0, 0x7f, 0xf3, 0x1f, 0xff,
    0x90, 0xff, 0xe6, 0xff, 0xfc, 0x1f, 0xfc, 0xff,
    0xfe, 0xf, 0xfe, 0x8d, 0xfe, 0xf, 0xfe, 0xa2,
    0xc1, 0xff, 0xc5,

    /* U+0040 "@" */
    0xf, 0xfe, 0x8a, 0xe0, 0xff, 0xf3, 0x34, 0xff,
    0xfe, 0x5, 0x10, 0xff, 0xee, 0x37, 0xff, 0xf2,
    0x24, 0x3f, 0xfa, 0xef, 0xff, 0xf3, 0xa0, 0xff,
    0xe9, 0xdf, 0xff, 0xd2, 0x83, 0xff, 0x9e, 0xff,
    0xff, 0x59, 0xf, 0xfe, 0x65, 0xff, 0xfd, 0x88,
    0x3f, 0xf9, 0x5f, 0xff, 0xdc, 0xf, 0xfe, 0x47,
    0xff, 0xf0, 0xe5, 0x7, 0xcd, 0x3f, 0xff, 0x84,
    0x1f, 0xfc, 0x57, 0xff, 0xf8, 0x30, 0x7f, 0xf1,
    0x1b, 0xff, 0xf8, 0x1, 0xff, 0xc4, 0xff, 0xfe,
    0x2, 0x1f, 0xfc, 0x9b, 0xff, 0xe0, 0xff, 0xe1,
    0x7f, 0xfd, 0x7, 0xff, 0x36, 0xff, 0xf0, 0x7f,
    0xf0, 0x3f, 0xfe, 0xf, 0xfe, 0x83, 0xff, 0xd0,
    0x7f, 0x9f, 0xff, 0x7, 0xff, 0x5, 0x41, 0xff,
    0xc3, 0x7f, 0xf9, 0xf, 0xef, 0xfe, 0x83, 0xfd,
    0x7f, 0xd0, 0x66, 0xbc, 0x8f, 0xff, 0x7, 0xef,
    0xff, 0x7, 0xf5, 0xff, 0xf2, 0xb, 0xfc, 0x81,
    0xff, 0xc8, 0x79, 0xff, 0xe0, 0xfc, 0xff, 0xff,
    0xa, 0x2f, 0xf2, 0x15, 0xff, 0x83, 0xdf, 0xfc,
    0x87, 0xcf, 0xff, 0xf1, 0x29, 0xfe, 0x43, 0x7f,
    0xe4, 0x33, 0xff, 0xa0, 0xf9, 0xff, 0xfe, 0x6a,
    0x19, 0xff, 0xc1, 0xaf, 0xfc, 0x1f, 0xbf, 0xff,
    0x9c, 0x87, 0x7f, 0xe0, 0xdf, 0xfa, 0xf, 0xbf,
    0xff, 0x9e, 0x87, 0x3f, 0xf4, 0x7, 0xff, 0x21,
    0xe7, 0xff, 0xf9, 0xe8, 0x7b, 0xff, 0x2, 0xff,
    0xc1, 0xf7, 0xff, 0xc8, 0x4f, 0xff, 0xf0, 0x10,
    0xf7, 0xfe, 0x7, 0xfe, 0x83, 0xcf, 0xff, 0x41,
    0xf5, 0xff, 0xe4, 0x3d, 0x7f, 0xc9, 0xff, 0x90,
    0xf7, 0xff, 0x41, 0xfd, 0x7f, 0xf2, 0x1e, 0x7f,
    0xe5, 0x7f, 0xe0, 0xfb, 0xff, 0x83, 0xfe, 0xff,
    0xe4, 0x3e, 0xff, 0xa7, 0xff, 0x7, 0x9f, 0xfd,
    0x7, 0xfd, 0x7f, 0xe4, 0x3e, 0xff, 0xa9, 0xff,
    0x41, 0xeb, 0xff, 0x21, 0xff, 0x3f, 0xf9, 0xf,
    0xbf, 0xea, 0x7f, 0xd0, 0x7b, 0xff, 0x83, 0xff,
    0x83, 0xff, 0x90, 0xfb, 0xff, 0x5f, 0xf4, 0x1e,
    0xff, 0xe0, 0xff, 0xe0, 0xff, 0xe4, 0x3e, 0xff,
    0xfe, 0x22, 0x1e, 0xff, 0xe0, 0xff, 0xe0, 0xff,
    0xe4, 0x3e, 0xff, 0xaf, 0xfc, 0x87, 0xbf, 0xf8,
    0x3f, 0xf8, 0x3f, 0xf9, 0xf, 0xbf, 0xeb, 0xff,
    0x21, 0xef, 0xfe, 0xf, 0xfe, 0xf, 0xfe, 0x43,
    0xef, 0xfa, 0x9f, 0xf4, 0x1e, 0xff, 0xe0, 0xff,
    0xe0, 0xff, 0xe4, 0x3e, 0xff, 0xa9, 0xff, 0x41,
    0xef, 0xfe, 0xf, 0xfe, 0xf, 0xfe, 0x43, 0xef,
    0xf9, 0xbf, 0xe8, 0x3d, 0xff, 0xc1, 0xff, 0xc1,
    0xff, 0xc8, 0x7d, 0xff, 0x2b, 0xff, 0x7, 0xaf,
    0xfc, 0x87, 0xfc, 0xff, 0xe4, 0x3c, 0xff, 0xc0,
    0xff, 0xc1, 0xeb, 0xff, 0x41, 0xff, 0x7f, 0xf2,
    0x1e, 0xbf, 0xe0, 0x7f, 0xe4, 0x3d, 0xff, 0xc1,
    0xfe, 0x7f, 0xfa, 0xf, 0x7f, 0xd0, 0x3f, 0xf4,
    0x1e, 0xff, 0xf0, 0x7f, 0x7f, 0xfa, 0xe, 0x7f,
    0xe4, 0x17, 0xfe, 0xf, 0x5f, 0xfd, 0x7, 0xdf,
    0xff, 0xc0, 0xe, 0xff, 0xc1, 0xbf, 0xf2, 0x1e,
    0xff, 0xfa, 0x5a, 0xff, 0xfe, 0xc, 0x15, 0xff,
    0x41, 0xbf, 0xf8, 0x3d, 0x7f, 0xff, 0x4a, 0xff,
    0xe0, 0xeb, 0xff, 0x21, 0xef, 0xff, 0xed, 0xc1,
    0xef, 0xfe, 0xf, 0x3f, 0xff, 0xc8, 0x7f, 0xff,
    0x8a, 0x1f, 0x5f, 0xfa, 0xf, 0x3f, 0xff, 0xc6,
    0x8b, 0xff, 0xf8, 0x68, 0x7e, 0xff, 0xe4, 0x3c,
    0xff, 0xff, 0x12, 0xb, 0xff, 0xf8, 0x48, 0x7f,
    0x5f, 0xfc, 0x87, 0x9f, 0xff, 0xe1, 0x41, 0x9f,
    0xff, 0xe0, 0x21, 0xff, 0x7f, 0xf9, 0xf, 0xaf,
    0xff, 0x90, 0xf3, 0xff, 0xd0, 0x7f, 0xf0, 0xbf,
    0xfc, 0x87, 0xe6, 0xfe, 0x90, 0xff, 0x3f, 0xd0,
    0x7f, 0xf1, 0x1f, 0xff, 0x41, 0xff, 0xe6, 0xbf,
    0xfe, 0x43, 0xff, 0x97, 0x40, 0xff, 0xe6, 0x5f,
    0xff, 0xc0, 0x43, 0xff, 0x8f, 0x7c, 0x1f, 0xfc,
    0xdb, 0xff, 0xf8, 0x32, 0x1f, 0xfc, 0x17, 0xfe,
    0xf, 0xfe, 0x6d, 0xff, 0xfc, 0x4a, 0x2f, 0x53,
    0xff, 0xc8, 0x7f, 0xf3, 0x5f, 0xff, 0xeb, 0x87,
    0xff, 0x3f, 0xff, 0xfa, 0xc8, 0x7f, 0xf3, 0xdf,
    0xff, 0xea, 0x21, 0xff, 0xd1, 0xbf, 0xff, 0xa1,
    0x7, 0xff, 0x56, 0xff, 0xfe, 0x64, 0x1f, 0xfd,
    0xab, 0xff, 0xf8, 0xd2, 0x1f, 0xfd, 0xf5, 0x5f,
    0xfa, 0x88, 0x7f, 0xf2, 0xc0,

    /* U+0041 "A" */
    0xf, 0xfe, 0x5f, 0xff, 0xc1, 0xff, 0xe1, 0x7f,
    0xfe, 0x43, 0xff, 0xc1, 0xff, 0xfc, 0x8, 0x3f,
    0xfc, 0x1f, 0xff, 0xc1, 0xf, 0xfe, 0xfd, 0xff,
    0xfc, 0x14, 0x3f, 0xfb, 0xdf, 0xff, 0xc3, 0xf,
    0xfe, 0xeb, 0xff, 0xfc, 0x30, 0xff, 0xee, 0xff,
    0xff, 0x12, 0xf, 0xfe, 0xe7, 0xff, 0xf1, 0x43,
    0xff, 0xb7, 0x7f, 0xff, 0x15, 0xf, 0xfe, 0xd7,
    0xff, 0x5f, 0xfc, 0x1f, 0xfd, 0x97, 0xff, 0x4f,
    0xff, 0x7, 0xff, 0x67, 0xff, 0x93, 0xff, 0xa0,
    0xff, 0xec, 0x7f, 0xf0, 0x2f, 0xfe, 0xf, 0xfe,
    0xbd, 0xff, 0xa0, 0xbf, 0xf9, 0xf, 0xfe, 0xb7,
    0xff, 0x6, 0xff, 0xe8, 0x3f, 0xfa, 0xaf, 0xff,
    0x6, 0x7f, 0xf8, 0x3f, 0xfa, 0xb7, 0xfe, 0x43,
    0xbf, 0xfa, 0xf, 0xfe, 0xa7, 0xff, 0x7, 0xaf,
    0xfe, 0xf, 0xfe, 0x9b, 0xff, 0xa0, 0xf3, 0xff,
    0xc8, 0x7f, 0xf4, 0xbf, 0xf9, 0xf, 0xbf, 0xfa,
    0xf, 0xfe, 0x8b, 0xff, 0xc1, 0xfa, 0xff, 0xe0,
    0xff, 0xe8, 0xdf, 0xfa, 0xf, 0xef, 0xfe, 0x43,
    0xff, 0xa1, 0xff, 0xc1, 0xfe, 0xff, 0xf0, 0x7f,
    0xf3, 0xdf, 0xfe, 0xf, 0xf3, 0xff, 0xc8, 0x7f,
    0xf3, 0xbf, 0xf9, 0xf, 0xfb, 0xff, 0xa0, 0xff,
    0xe7, 0x7f, 0xf0, 0x7f, 0xf0, 0x2f, 0xfe, 0xf,
    0xfe, 0x6d, 0xff, 0xa0, 0xff, 0xe0, 0x3f, 0xfc,
    0x87, 0xff, 0x33, 0xff, 0x90, 0xff, 0xe0, 0xff,
    0xf8, 0x3f, 0xf9, 0x6f, 0xff, 0x7, 0xff, 0xa,
    0xff, 0xe0, 0xff, 0xe5, 0xff, 0xf4, 0x1f, 0xfc,
    0x3f, 0xfe, 0x83, 0xff, 0x95, 0xff, 0xc1, 0xff,
    0xc4, 0xff, 0xf0, 0x7f, 0xf2, 0x6f, 0xfe, 0xf,
    0xfe, 0x23, 0xff, 0xc8, 0x7f, 0xf2, 0x3f, 0xfa,
    0xf, 0xfe, 0x2f, 0xff, 0x83, 0xff, 0x8e, 0xff,
    0xf0, 0x7f, 0xf1, 0xbf, 0xfc, 0x1f, 0xfc, 0x7b,
    0xff, 0xfb, 0x30, 0x7f, 0xf1, 0xbf, 0xff, 0xb6,
    0x1f, 0xfc, 0x5b, 0xff, 0xfb, 0x68, 0x7f, 0xf1,
    0x3f, 0xff, 0xb9, 0x7, 0xff, 0xd, 0xff, 0xfe,
    0xe8, 0x7f, 0xf0, 0xef, 0xff, 0xee, 0xa1, 0xff,
    0xc2, 0xff, 0xfe, 0xf8, 0x7f, 0xf0, 0x5f, 0xff,
    0xef, 0xa1, 0xff, 0xc0, 0xff, 0xff, 0x4, 0x1f,
    0xf3, 0xff, 0xd0, 0x7f, 0xf3, 0x7f, 0xfc, 0x1f,
    0xf5, 0xff, 0xc1, 0xff, 0xce, 0xbf, 0xf9, 0xf,
    0xf7, 0xff, 0x83, 0xff, 0x9c, 0xff, 0xf8, 0x3f,
    0x9f, 0xfe, 0x43, 0xff, 0x9f, 0xff, 0xe0, 0xfe,
    0xff, 0xf0, 0x7f, 0xf4, 0x2f, 0xfe, 0x83, 0xf7,
    0xff, 0x41, 0xff, 0xd1, 0xff, 0xf0, 0x7d, 0x7f,
    0xf2, 0x1f, 0xfd, 0x1f, 0xff, 0x21, 0xef, 0xff,
    0x7, 0xff, 0x49, 0xff, 0xf0, 0x73, 0xff, 0xd0,
    0x7f, 0xf4, 0xff, 0xfc, 0x1d, 0xff, 0xe0, 0xff,
    0xea, 0x5f, 0xfd, 0x6, 0xff, 0xf0, 0x7f, 0xf5,
    0x1f, 0xff, 0x5, 0x7f, 0xf2, 0x1f, 0xfd, 0x5f,
    0xff, 0x20, 0xff, 0xf0, 0x7f, 0xf5, 0xaf, 0xfe,
    0x87, 0xff, 0xa0, 0xff, 0xeb, 0xff, 0xf8, 0xbf,
    0xf9, 0xf, 0xfe, 0xbf, 0xff, 0xa0,

    /* U+0042 "B" */
    0x2b, 0xff, 0x9a, 0x87, 0xff, 0x23, 0xff, 0xfa,
    0x32, 0x1f, 0xfc, 0x3f, 0xff, 0xea, 0x41, 0xff,
    0xc1, 0xff, 0xfe, 0xb4, 0x1f, 0xf7, 0xff, 0xf6,
    0x10, 0xfe, 0xff, 0xfe, 0xcc, 0x1f, 0xbf, 0xff,
    0xb4, 0x87, 0xdf, 0xff, 0xdb, 0xf, 0xbf, 0xff,
    0xb8, 0x1e, 0xff, 0xf0, 0x7f, 0xf0, 0x9b, 0xff,
    0xf8, 0x41, 0xef, 0xff, 0x7, 0xff, 0x15, 0xff,
    0xfe, 0x4, 0x1d, 0xff, 0xe0, 0xff, 0xe3, 0xff,
    0xff, 0x0, 0x3b, 0xff, 0xc1, 0xff, 0xc7, 0x7f,
    0xfe, 0xe, 0xff, 0xf0, 0x7f, 0xf2, 0x3f, 0xfe,
    0xe, 0xff, 0xf0, 0x7f, 0xf2, 0x1f, 0xff, 0x7,
    0x7f, 0xf8, 0x3f, 0xf9, 0xf, 0xff, 0x83, 0xbf,
    0xfc, 0x1f, 0xfc, 0x9f, 0xff, 0x7, 0x7f, 0xf8,
    0x3f, 0xf9, 0xf, 0xff, 0x83, 0xbf, 0xfc, 0x1f,
    0xfc, 0x87, 0xff, 0xc1, 0xdf, 0xfe, 0xf, 0xfe,
    0x45, 0xff, 0xd0, 0x77, 0xff, 0x83, 0xff, 0x91,
    0xff, 0xe0, 0xf7, 0xff, 0x83, 0xff, 0x8f, 0xff,
    0xe8, 0x3d, 0xff, 0xe0, 0xff, 0xe2, 0xbf, 0xff,
    0x7, 0xdf, 0xfe, 0xf, 0xfe, 0x13, 0x7f, 0xff,
    0x1, 0xf, 0xbf, 0xff, 0xb2, 0x87, 0xef, 0xff,
    0xec, 0x7, 0xfb, 0xff, 0xfa, 0xc8, 0x7f, 0xdf,
    0xff, 0xd4, 0x43, 0xff, 0x83, 0xff, 0xfd, 0x59,
    0xf, 0xfb, 0xff, 0xfb, 0x10, 0x7f, 0x7f, 0xff,
    0x69, 0xf, 0xbf, 0xff, 0xb6, 0x87, 0xbf, 0xfd,
    0x5f, 0xfc, 0x3f, 0xff, 0xe1, 0xa1, 0xdf, 0xfe,
    0xf, 0xfe, 0x35, 0xff, 0xfc, 0x4, 0x37, 0xff,
    0x83, 0xff, 0x91, 0x7f, 0xfc, 0x1b, 0xff, 0xc1,
    0xff, 0xc9, 0x7f, 0xfd, 0x5, 0xff, 0xe0, 0xff,
    0xe5, 0x5f, 0xfe, 0xb, 0xff, 0xc1, 0xff, 0xcb,
    0xff, 0xf2, 0xf, 0xff, 0x7, 0xff, 0x2e, 0xff,
    0xe8, 0x1f, 0xfe, 0xf, 0xfe, 0x5b, 0xff, 0xe0,
    0x7f, 0xf8, 0x3f, 0xf9, 0x9f, 0xfe, 0x7, 0xff,
    0x83, 0xff, 0x99, 0xff, 0xe0, 0x7f, 0xf8, 0x3f,
    0xf9, 0x9f, 0xfe, 0x7, 0xff, 0x83, 0xff, 0x96,
    0xff, 0xf8, 0x1f, 0xfe, 0xf, 0xfe, 0x5d, 0xff,
    0xe0, 0x7f, 0xf8, 0x3f, 0xf9, 0x7f, 0xff, 0x3,
    0xff, 0xc1, 0xff, 0xca, 0x7f, 0xfe, 0x7, 0xff,
    0x83, 0xff, 0x92, 0xff, 0xfd, 0x3, 0xff, 0xc1,
    0xff, 0xc8, 0xbf, 0xff, 0x80, 0x17, 0xff, 0x83,
    0xff, 0x8a, 0xdf, 0xff, 0xc2, 0xb, 0xff, 0xd5,
    0xff, 0xc1, 0xff, 0xfe, 0x3a, 0x17, 0xff, 0xf7,
    0x60, 0xdf, 0xff, 0xdd, 0xe, 0xff, 0xfe, 0xe0,
    0x7b, 0xff, 0xfb, 0x50, 0x7d, 0xff, 0xfd, 0x94,
    0x3f, 0x7f, 0xff, 0x5d, 0xf, 0xf7, 0xff, 0xf5,
    0x24, 0x3f, 0xf8, 0x1f, 0xff, 0xcf, 0xa2, 0x1f,
    0xfc, 0x30,

    /* U+0043 "C" */
    0xf, 0xfe, 0x8a, 0x1f, 0xfe, 0x6, 0x9f, 0xff,
    0x48, 0x7f, 0xf5, 0x9b, 0xff, 0xf8, 0xf0, 0x7f,
    0xf4, 0x5f, 0xff, 0xe6, 0x41, 0xff, 0xcd, 0x7f,
    0xff, 0xa1, 0x7, 0xff, 0x2a, 0xff, 0xfe, 0x9c,
    0x1f, 0xfc, 0x67, 0xff, 0xfa, 0xe1, 0xff, 0xc4,
    0x7f, 0xff, 0xb2, 0x1f, 0xfc, 0x2b, 0xff, 0xfb,
    0x61, 0xff, 0xc0, 0xbf, 0xff, 0xba, 0x1f, 0xe7,
    0xff, 0xf8, 0x92, 0x1e, 0x55, 0xff, 0xfc, 0x34,
    0x3f, 0xbf, 0xff, 0x85, 0x21, 0xff, 0xc1, 0x6f,
    0xff, 0x90, 0xfe, 0xff, 0xfe, 0x10, 0x7f, 0xf1,
    0xff, 0xf9, 0xf, 0xe7, 0xff, 0xf8, 0x10, 0x7f,
    0xf2, 0x5f, 0xf2, 0x1f, 0xef, 0xff, 0xe0, 0x21,
    0xff, 0xcb, 0x7f, 0x21, 0xfe, 0xbf, 0xfe, 0x43,
    0xff, 0x9d, 0xe4, 0x3f, 0xef, 0xff, 0xa0, 0xff,
    0xe8, 0x21, 0xff, 0x5f, 0xff, 0x7, 0xff, 0x77,
    0xff, 0xe4, 0x3f, 0xfb, 0x8f, 0xff, 0xc1, 0xff,
    0xdd, 0xbf, 0xfc, 0x87, 0xff, 0x77, 0xff, 0xe0,
    0xff, 0xee, 0xbf, 0xfe, 0x83, 0xff, 0xba, 0xff,
    0xf9, 0xf, 0xfe, 0xed, 0xff, 0xe0, 0xff, 0xef,
    0x7f, 0xfc, 0x1f, 0xfd, 0xef, 0xff, 0x41, 0xff,
    0xde, 0xff, 0xf4, 0x1f, 0xfd, 0xef, 0xff, 0x21,
    0xff, 0xde, 0xff, 0xf2, 0x1f, 0xfd, 0xef, 0xff,
    0x21, 0xff, 0xdd, 0x7f, 0xfc, 0x87, 0xff, 0x7b,
    0xff, 0xc8, 0x7f, 0xf7, 0xbf, 0xfc, 0x87, 0xff,
    0x7b, 0xff, 0xc8, 0x7f, 0xf7, 0xbf, 0xfd, 0x7,
    0xff, 0x7b, 0xff, 0xe0, 0xff, 0xef, 0x5f, 0xfe,
    0xf, 0xfe, 0xf5, 0xff, 0xe4, 0x3f, 0xfb, 0xaf,
    0xff, 0xa0, 0xff, 0xef, 0x7f, 0xfc, 0x1f, 0xfd,
    0xef, 0xff, 0x90, 0xff, 0xee, 0xbf, 0xff, 0x7,
    0xff, 0x7b, 0xff, 0xe4, 0x3f, 0xfa, 0x48, 0x7f,
    0xaf, 0xff, 0x83, 0xff, 0xa3, 0xf2, 0x1f, 0xdf,
    0xff, 0x41, 0xff, 0xcf, 0xbf, 0x90, 0xfb, 0xff,
    0xf8, 0x8, 0x7f, 0xf3, 0x5f, 0xfc, 0x1f, 0x7f,
    0xff, 0x1, 0xf, 0xfe, 0x5b, 0xff, 0xe4, 0x3a,
    0xff, 0xfe, 0x4, 0x1f, 0xfc, 0x97, 0xff, 0xe0,
    0xfb, 0xff, 0xf8, 0x41, 0xff, 0xc7, 0xbf, 0xfe,
    0x83, 0xe7, 0xff, 0xf8, 0x50, 0x7f, 0xf0, 0xef,
    0xff, 0xe0, 0x87, 0xf3, 0xff, 0xfc, 0x44, 0x3f,
    0x9b, 0xff, 0xf8, 0x48, 0x7f, 0xaf, 0xff, 0xee,
    0x41, 0xff, 0xc0, 0xbf, 0xff, 0xb5, 0x7, 0xff,
    0xa, 0xff, 0xfe, 0xc4, 0x1f, 0xfc, 0x4b, 0xff,
    0xfa, 0xd0, 0x7f, 0xf1, 0xff, 0xff, 0xa8, 0x87,
    0xff, 0x26, 0xff, 0xfe, 0x84, 0x1f, 0xfc, 0xdb,
    0xff, 0xf9, 0x90, 0x7f, 0xf4, 0x6f, 0xff, 0xe4,
    0x41, 0xff, 0xd6, 0xa7, 0xff, 0xf0, 0x64, 0x3f,
    0xfb, 0x8b, 0xf8, 0x3f, 0xf9, 0x0,

    /* U+0044 "D" */
    0x2b, 0xff, 0x98, 0xb0, 0x7f, 0xf3, 0x7f, 0xff,
    0xa5, 0x7, 0xff, 0x27, 0xff, 0xfa, 0xb0, 0x7f,
    0xf1, 0xbf, 0xff, 0xaf, 0x7, 0xff, 0x13, 0xff,
    0xfb, 0x30, 0x7f, 0xf0, 0xbf, 0xff, 0xb6, 0x87,
    0xff, 0x3, 0xff, 0xfb, 0x90, 0x7f, 0xdf, 0xff,
    0xdd, 0x83, 0xfd, 0xff, 0xfd, 0xf0, 0xfe, 0xff,
    0xf0, 0x7f, 0xf0, 0xdb, 0xff, 0xf8, 0x90, 0x7e,
    0xff, 0xf0, 0x7f, 0xf1, 0xef, 0xff, 0xe1, 0x21,
    0xf7, 0xff, 0x83, 0xff, 0x93, 0x7f, 0xff, 0x5,
    0xf, 0x7f, 0xf8, 0x3f, 0xf9, 0x7f, 0xff, 0xc1,
    0xf, 0x7f, 0xf8, 0x3f, 0xf9, 0x9f, 0xff, 0xc0,
    0x83, 0xbf, 0xfc, 0x1f, 0xfc, 0xdf, 0xff, 0xe0,
    0x7, 0x7f, 0xf8, 0x3f, 0xf9, 0xdf, 0xff, 0x41,
    0xbf, 0xfc, 0x1f, 0xfc, 0xe7, 0xff, 0xe0, 0xdf,
    0xfe, 0xf, 0xfe, 0x7d, 0xff, 0xe4, 0x2f, 0xff,
    0x7, 0xff, 0x43, 0xff, 0xe0, 0xbf, 0xfc, 0x1f,
    0xfd, 0xf, 0xff, 0x82, 0xff, 0xf0, 0x7f, 0xf4,
    0x1f, 0xff, 0x20, 0xff, 0xf0, 0x7f, 0xf4, 0x7f,
    0xfd, 0x3, 0xff, 0xc1, 0xff, 0xd1, 0xff, 0xf8,
    0x1f, 0xfe, 0xf, 0xfe, 0x8d, 0xff, 0xe0, 0x7f,
    0xf8, 0x3f, 0xfa, 0x2f, 0xff, 0x81, 0xff, 0xe0,
    0xff, 0xe8, 0xbf, 0xfe, 0x4f, 0xff, 0x7, 0xff,
    0x4b, 0xff, 0xc9, 0xff, 0xe0, 0xff, 0xe9, 0x7f,
    0xf9, 0x3f, 0xfc, 0x1f, 0xfd, 0x2f, 0xff, 0x47,
    0xff, 0x83, 0xff, 0xa5, 0xff, 0xe8, 0xff, 0xf0,
    0x7f, 0xf4, 0xbf, 0xfd, 0x1f, 0xfe, 0xf, 0xfe,
    0x97, 0xff, 0x93, 0xff, 0xc1, 0xff, 0xd2, 0xff,
    0xf2, 0x7f, 0xf8, 0x3f, 0xfa, 0x5f, 0xfe, 0x4f,
    0xff, 0x7, 0xff, 0x45, 0xff, 0xf0, 0x3f, 0xfc,
    0x1f, 0xfd, 0x1b, 0xff, 0xc0, 0xff, 0xf0, 0x7f,
    0xf4, 0x7f, 0xfe, 0x7, 0xff, 0x83, 0xff, 0xa3,
    0xff, 0xe8, 0x1f, 0xfe, 0xf, 0xfe, 0x83, 0xff,
    0xe4, 0x1f, 0xfe, 0xf, 0xfe, 0x85, 0xff, 0xe0,
    0xbf, 0xfc, 0x1f, 0xfd, 0xf, 0xff, 0x82, 0xff,
    0xf0, 0x7f, 0xf3, 0xef, 0xff, 0x41, 0x7f, 0xf8,
    0x3f, 0xf9, 0xff, 0xff, 0x6, 0xff, 0xf0, 0x7f,
    0xf3, 0xbf, 0xfe, 0x83, 0x7f, 0xf8, 0x3f, 0xf9,
    0xb7, 0xff, 0xc1, 0xdf, 0xfe, 0xf, 0xfe, 0x65,
    0xff, 0xf4, 0x1d, 0xff, 0xe0, 0xff, 0xe5, 0xdf,
    0xff, 0xc0, 0xf, 0x7f, 0xf8, 0x3f, 0xf9, 0x2f,
    0xff, 0xf0, 0x50, 0xf7, 0xff, 0x83, 0xff, 0x91,
    0x7f, 0xff, 0x6, 0xf, 0xbf, 0xfc, 0x1f, 0xfc,
    0x57, 0xff, 0xf8, 0x81, 0xfb, 0xff, 0xd5, 0xff,
    0xc2, 0xff, 0xfe, 0x38, 0x7f, 0x7f, 0xff, 0x78,
    0x3f, 0xdf, 0xff, 0xdd, 0xf, 0xfb, 0xff, 0xfb,
    0x70, 0x7f, 0xf0, 0x3f, 0xff, 0xb4, 0x87, 0xff,
    0x7, 0xff, 0xfb, 0x10, 0x7f, 0xf0, 0xff, 0xff,
    0xac, 0x87, 0xff, 0x17, 0xff, 0xfa, 0x72, 0x1f,
    0xfc, 0x7f, 0xff, 0xe7, 0x51, 0xf, 0xfe, 0x50,

    /* U+0045 "E" */
    0x2b, 0xff, 0xb6, 0x83, 0xff, 0xfb, 0x70, 0x3f,
    0xff, 0xb7, 0x3, 0xff, 0xfb, 0x70, 0x3f, 0xff,
    0xb7, 0x3, 0xff, 0xfb, 0x70, 0x3f, 0xff, 0xb7,
    0x3, 0xff, 0xfb, 0x70, 0x3f, 0xff, 0xb7, 0x3,
    0xff, 0xc1, 0xff, 0xd4, 0xff, 0xf0, 0x7f, 0xf5,
    0x3f, 0xfc, 0x1f, 0xfd, 0x4f, 0xff, 0x7, 0xff,
    0x53, 0xff, 0xc1, 0xff, 0xd4, 0xff, 0xf0, 0x7f,
    0xf5, 0x3f, 0xfc, 0x1f, 0xfd, 0x4f, 0xff, 0x7,
    0xff, 0x53, 0xff, 0xc1, 0xff, 0xd4, 0xff, 0xf0,
    0x7f, 0xf5, 0x3f, 0xfc, 0x1f, 0xfd, 0x4f, 0xff,
    0x7, 0xff, 0x53, 0xff, 0xc1, 0xff, 0xd4, 0xff,
    0xf0, 0x7f, 0xf5, 0x3f, 0xfc, 0x1f, 0xfd, 0x4f,
    0xff, 0x57, 0xff, 0x3d, 0xd, 0xff, 0xfd, 0x94,
    0x37, 0xff, 0xf6, 0x50, 0xdf, 0xff, 0xd9, 0x43,
    0x7f, 0xff, 0x65, 0xd, 0xff, 0xfd, 0x94, 0x37,
    0xff, 0xf6, 0x50, 0xdf, 0xff, 0xd9, 0x43, 0x7f,
    0xff, 0x65, 0xd, 0xff, 0xe0, 0xff, 0xea, 0x7f,
    0xf8, 0x3f, 0xfa, 0x9f, 0xfe, 0xf, 0xfe, 0xa7,
    0xff, 0x83, 0xff, 0xa9, 0xff, 0xe0, 0xff, 0xea,
    0x7f, 0xf8, 0x3f, 0xfa, 0x9f, 0xfe, 0xf, 0xfe,
    0xa7, 0xff, 0x83, 0xff, 0xa9, 0xff, 0xe0, 0xff,
    0xea, 0x7f, 0xf8, 0x3f, 0xfa, 0x9f, 0xfe, 0xf,
    0xfe, 0xa7, 0xff, 0x83, 0xff, 0xa9, 0xff, 0xe0,
    0xff, 0xea, 0x7f, 0xf8, 0x3f, 0xfa, 0x9f, 0xfe,
    0xf, 0xfe, 0xa7, 0xff, 0x83, 0xff, 0xa9, 0xff,
    0xe0, 0xff, 0xea, 0x7f, 0xfa, 0xbf, 0xfa, 0x67,
    0xff, 0xf7, 0x4f, 0xff, 0xee, 0x9f, 0xff, 0xdd,
    0x3f, 0xff, 0xba, 0x7f, 0xff, 0x74, 0xff, 0xfe,
    0xe9, 0xff, 0xfd, 0xd3, 0xff, 0xfb, 0xa0,

    /* U+0046 "F" */
    0x3f, 0xff, 0xb5, 0x1f, 0xff, 0xda, 0x8f, 0xff,
    0xed, 0x47, 0xff, 0xf6, 0xa3, 0xff, 0xfb, 0x51,
    0xff, 0xfd, 0xa8, 0xff, 0xfe, 0xd4, 0x7f, 0xff,
    0x6a, 0x3f, 0xff, 0xb5, 0x1f, 0xfe, 0xf, 0xfe,
    0x97, 0xff, 0x83, 0xff, 0xa5, 0xff, 0xe0, 0xff,
    0xe9, 0x7f, 0xf8, 0x3f, 0xfa, 0x5f, 0xfe, 0xf,
    0xfe, 0x97, 0xff, 0x83, 0xff, 0xa5, 0xff, 0xe0,
    0xff, 0xe9, 0x7f, 0xf8, 0x3f, 0xfa, 0x5f, 0xfe,
    0xf, 0xfe, 0x97, 0xff, 0x83, 0xff, 0xa5, 0xff,
    0xe0, 0xff, 0xe9, 0x7f, 0xf8, 0x3f, 0xfa, 0x5f,
    0xfe, 0xf, 0xfe, 0x97, 0xff, 0x83, 0xff, 0xa5,
    0xff, 0xe0, 0xff, 0xe9, 0x7f, 0xf8, 0x3f, 0xfa,
    0x5f, 0xff, 0xd7, 0x83, 0x7f, 0xff, 0x5e, 0xd,
    0xff, 0xfd, 0x78, 0x37, 0xff, 0xf5, 0xe0, 0xdf,
    0xff, 0xd7, 0x83, 0x7f, 0xff, 0x5e, 0xd, 0xff,
    0xfd, 0x78, 0x37, 0xff, 0xf5, 0xe0, 0xdf, 0xff,
    0xd7, 0x83, 0x7f, 0xf8, 0x3f, 0xfa, 0x5f, 0xfe,
    0xf, 0xfe, 0x97, 0xff, 0x83, 0xff, 0xa5, 0xff,
    0xe0, 0xff, 0xe9, 0x7f, 0xf8, 0x3f, 0xfa, 0x5f,
    0xfe, 0xf, 0xfe, 0x97, 0xff, 0x83, 0xff, 0xa5,
    0xff, 0xe0, 0xff, 0xe9, 0x7f, 0xf8, 0x3f, 0xfa,
    0x5f, 0xfe, 0xf, 0xfe, 0x97, 0xff, 0x83, 0xff,
    0xa5, 0xff, 0xe0, 0xff, 0xe9, 0x7f, 0xf8, 0x3f,
    0xfa, 0x5f, 0xfe, 0xf, 0xfe, 0x97, 0xff, 0x83,
    0xff, 0xa5, 0xff, 0xe0, 0xff, 0xe9, 0x7f, 0xf8,
    0x3f, 0xfa, 0x5f, 0xfe, 0xf, 0xfe, 0x97, 0xff,
    0x83, 0xff, 0xa5, 0xff, 0xe0, 0xff, 0xe9, 0x7f,
    0xf8, 0x3f, 0xfa, 0x5f, 0xfe, 0xf, 0xfe, 0x97,
    0xff, 0x83, 0xff, 0xa5, 0xff, 0xe0, 0xff, 0xe9,
    0x7f, 0xf8, 0x3f, 0xfa, 0x20,

    /* U+0047 "G" */
    0xf, 0xff, 0xfb, 0x4f, 0xff, 0x48, 0x7f, 0xf5,
    0xdf, 0xff, 0xe3, 0xc1, 0xff, 0xd2, 0xbf, 0xff,
    0x98, 0x87, 0xff, 0x36, 0xff, 0xfe, 0x80, 0x7f,
    0xf2, 0xaf, 0xff, 0xe9, 0xc1, 0xff, 0xc7, 0xff,
    0xfe, 0xb8, 0x7f, 0xf1, 0x1f, 0xff, 0xec, 0xa1,
    0xff, 0xc1, 0x7f, 0xff, 0xb6, 0x87, 0xfc, 0xff,
    0xff, 0x74, 0x3f, 0xef, 0xff, 0xe2, 0xc8, 0x79,
    0xbf, 0xff, 0x84, 0x87, 0xfb, 0xff, 0xf8, 0x70,
    0x7f, 0xf0, 0x9f, 0xff, 0x21, 0xfe, 0xff, 0xfe,
    0x14, 0x1f, 0xfc, 0x6b, 0xfe, 0x43, 0xfc, 0xff,
    0xff, 0x5, 0xf, 0xfe, 0x4f, 0xf2, 0x1f, 0xf7,
    0xff, 0xf0, 0x43, 0xff, 0x99, 0x79, 0xf, 0xfa,
    0xff, 0xfe, 0x0, 0x7f, 0xf3, 0xa4, 0x3f, 0xf8,
    0x1f, 0xff, 0xc0, 0xf, 0xfe, 0xe5, 0xff, 0xf2,
    0x1f, 0xfd, 0xcf, 0xff, 0xa0, 0xff, 0xee, 0x3f,
    0xff, 0x7, 0xff, 0x76, 0xff, 0xf2, 0x1f, 0xfd,
    0xdf, 0xff, 0x83, 0xff, 0xba, 0xff, 0xfa, 0xf,
    0xfe, 0xeb, 0xff, 0xe4, 0x3f, 0xfb, 0xb7, 0xff,
    0x83, 0xff, 0xbd, 0xff, 0xf0, 0x7f, 0xf7, 0xbf,
    0xfd, 0x7, 0xff, 0x7b, 0xff, 0xc8, 0x7f, 0xf7,
    0xbf, 0xfc, 0x87, 0xff, 0x7b, 0xff, 0xc8, 0x7f,
    0xf1, 0x7f, 0xff, 0x98, 0x7f, 0xf8, 0x3f, 0xf8,
    0xdf, 0xff, 0xcc, 0x7f, 0xfc, 0x1f, 0xfc, 0x6f,
    0xff, 0xe6, 0x1f, 0xfe, 0x43, 0xff, 0x8b, 0xff,
    0xfc, 0xc3, 0xff, 0xc8, 0x7f, 0xf1, 0x7f, 0xff,
    0x98, 0x7f, 0xf9, 0xf, 0xfe, 0x2f, 0xff, 0xf3,
    0xf, 0xff, 0x41, 0xff, 0xc5, 0xff, 0xfe, 0x61,
    0xff, 0xe8, 0x3f, 0xf8, 0xbf, 0xff, 0xcc, 0x2f,
    0xff, 0x7, 0xff, 0x16, 0xbf, 0xf8, 0x5f, 0xfe,
    0x2f, 0xff, 0x7, 0xff, 0x4f, 0xff, 0xc3, 0xff,
    0xe4, 0x3f, 0xfa, 0x5f, 0xfe, 0x7, 0xff, 0xc1,
    0xff, 0xd2, 0xff, 0xf0, 0x3f, 0xfe, 0xf, 0xfe,
    0x97, 0xff, 0x80, 0xff, 0xfa, 0xf, 0xfe, 0x8f,
    0xff, 0x82, 0xff, 0xf9, 0xf, 0xfe, 0x87, 0xff,
    0x82, 0xbf, 0xfe, 0xf, 0xfe, 0x87, 0xff, 0x82,
    0x7f, 0xfe, 0x83, 0xff, 0x9f, 0xff, 0xe0, 0xdf,
    0xff, 0xc0, 0x43, 0xff, 0x9d, 0xff, 0xe0, 0xcf,
    0xff, 0xf0, 0x10, 0xff, 0xe6, 0xff, 0xf8, 0x3a,
    0xff, 0xfe, 0x2, 0x1f, 0xfc, 0xbf, 0xff, 0x83,
    0xdf, 0xff, 0xc1, 0x83, 0xff, 0x90, 0xff, 0xff,
    0x0, 0x3c, 0xff, 0xff, 0x9, 0xf, 0xfe, 0x23,
    0xff, 0xfc, 0x20, 0xfa, 0xff, 0xfe, 0x1c, 0x87,
    0xf9, 0xbf, 0xff, 0x87, 0x7, 0xeb, 0xff, 0xf8,
    0xd5, 0xdf, 0xff, 0xc8, 0xf, 0xf5, 0xff, 0xfd,
    0xd0, 0xff, 0xe0, 0x5f, 0xff, 0xdb, 0xf, 0xfe,
    0x15, 0xff, 0xfd, 0x88, 0x3f, 0xf8, 0x8f, 0xff,
    0xf5, 0x90, 0xff, 0xe3, 0xdf, 0xff, 0xd2, 0x83,
    0xff, 0x97, 0x7f, 0xff, 0x3a, 0xf, 0xfe, 0x7d,
    0xff, 0xfc, 0xa4, 0x3f, 0xfa, 0x97, 0xff, 0xf0,
    0xe4, 0x3f, 0xfb, 0x6b, 0xfc, 0x1f, 0xfc, 0x70,

    /* U+0048 "H" */
    0x3f, 0xfa, 0xf, 0xfe, 0x7d, 0xff, 0xca, 0xff,
    0xf0, 0x7f, 0xf3, 0xff, 0xfc, 0xaf, 0xff, 0x7,
    0xff, 0x3f, 0xff, 0xca, 0xff, 0xf0, 0x7f, 0xf3,
    0xff, 0xfc, 0xaf, 0xff, 0x7, 0xff, 0x3f, 0xff,
    0xca, 0xff, 0xf0, 0x7f, 0xf3, 0xff, 0xfc, 0xaf,
    0xff, 0x7, 0xff, 0x3f, 0xff, 0xca, 0xff, 0xf0,
    0x7f, 0xf3, 0xff, 0xfc, 0xaf, 0xff, 0x7, 0xff,
    0x3f, 0xff, 0xca, 0xff, 0xf0, 0x7f, 0xf3, 0xff,
    0xfc, 0xaf, 0xff, 0x7, 0xff, 0x3f, 0xff, 0xca,
    0xff, 0xf0, 0x7f, 0xf3, 0xff, 0xfc, 0xaf, 0xff,
    0x7, 0xff, 0x3f, 0xff, 0xca, 0xff, 0xf0, 0x7f,
    0xf3, 0xff, 0xfc, 0xaf, 0xff, 0x7, 0xff, 0x3f,
    0xff, 0xca, 0xff, 0xf0, 0x7f, 0xf3, 0xff, 0xfc,
    0xaf, 0xff, 0x7, 0xff, 0x3f, 0xff, 0xca, 0xff,
    0xf0, 0x7f, 0xf3, 0xff, 0xfc, 0xaf, 0xff, 0x7,
    0xff, 0x3f, 0xff, 0xca, 0xff, 0xf0, 0x7f, 0xf3,
    0xff, 0xfc, 0xaf, 0xff, 0x7, 0xff, 0x3f, 0xff,
    0xca, 0xff, 0xf0, 0x7f, 0xf3, 0xff, 0xfc, 0xaf,
    0xff, 0x7, 0xff, 0x3f, 0xff, 0xca, 0xff, 0xf0,
    0x7f, 0xf3, 0xff, 0xfc, 0xaf, 0xff, 0xf1, 0xab,
    0xff, 0xfc, 0x6a, 0xff, 0xff, 0x1a, 0xbf, 0xff,
    0xc6, 0xaf, 0xff, 0xf1, 0xab, 0xff, 0xfc, 0x6a,
    0xff, 0xff, 0x1a, 0xbf, 0xff, 0xc6, 0xaf, 0xff,
    0xf1, 0xab, 0xff, 0xc1, 0xff, 0xcf, 0xff, 0xf2,
    0xbf, 0xfc, 0x1f, 0xfc, 0xff, 0xff, 0x2b, 0xff,
    0xc1, 0xff, 0xcf, 0xff, 0xf2, 0xbf, 0xfc, 0x1f,
    0xfc, 0xff, 0xff, 0x2b, 0xff, 0xc1, 0xff, 0xcf,
    0xff, 0xf2, 0xbf, 0xfc, 0x1f, 0xfc, 0xff, 0xff,
    0x2b, 0xff, 0xc1, 0xff, 0xcf, 0xff, 0xf2, 0xbf,
    0xfc, 0x1f, 0xfc, 0xff, 0xff, 0x2b, 0xff, 0xc1,
    0xff, 0xcf, 0xff, 0xf2, 0xbf, 0xfc, 0x1f, 0xfc,
    0xff, 0xff, 0x2b, 0xff, 0xc1, 0xff, 0xcf, 0xff,
    0xf2, 0xbf, 0xfc, 0x1f, 0xfc, 0xff, 0xff, 0x2b,
    0xff, 0xc1, 0xff, 0xcf, 0xff, 0xf2, 0xbf, 0xfc,
    0x1f, 0xfc, 0xff, 0xff, 0x2b, 0xff, 0xc1, 0xff,
    0xcf, 0xff, 0xf2, 0xbf, 0xfc, 0x1f, 0xfc, 0xff,
    0xff, 0x2b, 0xff, 0xc1, 0xff, 0xcf, 0xff, 0xf2,
    0xbf, 0xfc, 0x1f, 0xfc, 0xff, 0xff, 0x2b, 0xff,
    0xc1, 0xff, 0xcf, 0xff, 0xf2, 0xbf, 0xfc, 0x1f,
    0xfc, 0xff, 0xff, 0x2b, 0xff, 0xc1, 0xff, 0xcf,
    0xff, 0xf2, 0xbf, 0xfc, 0x1f, 0xfc, 0xff, 0xff,
    0x2b, 0xff, 0xc1, 0xff, 0xcf, 0xff, 0xf2, 0xbf,
    0xfc, 0x1f, 0xfc, 0xff, 0xff, 0x2b, 0xff, 0xc1,
    0xff, 0xcf, 0xff, 0xf2, 0xbf, 0xfc, 0x1f, 0xfc,
    0xff, 0xff, 0x20,

    /* U+0049 "I" */
    0x3f, 0xfa, 0x7f, 0xfc, 0xff, 0xf9, 0xff, 0xf3,
    0xff, 0xe7, 0xff, 0xcf, 0xff, 0x9f, 0xff, 0x3f,
    0xfe, 0x7f, 0xfc, 0xff, 0xf9, 0xff, 0xf3, 0xff,
    0xe7, 0xff, 0xcf, 0xff, 0x9f, 0xff, 0x3f, 0xfe,
    0x7f, 0xfc, 0xff, 0xf9, 0xff, 0xf3, 0xff, 0xe7,
    0xff, 0xcf, 0xff, 0x9f, 0xff, 0x3f, 0xfe, 0x7f,
    0xfc, 0xff, 0xf9, 0xff, 0xf3, 0xff, 0xe7, 0xff,
    0xcf, 0xff, 0x9f, 0xff, 0x3f, 0xfe, 0x7f, 0xfc,
    0xff, 0xf9, 0xff, 0xf3, 0xff, 0xe7, 0xff, 0xcf,
    0xff, 0x9f, 0xff, 0x3f, 0xfe, 0x7f, 0xfc, 0xff,
    0xf9, 0xff, 0xf3, 0xff, 0xe7, 0xff, 0xcf, 0xff,
    0x9f, 0xff, 0x3f, 0xfe, 0x7f, 0xfc, 0xff, 0xf9,
    0xff, 0xf3, 0xff, 0xe7, 0xff, 0xcf, 0xff, 0x9f,
    0xff, 0x3f, 0xfe, 0x7f, 0xfc, 0xff, 0xf8,

    /* U+004A "J" */
    0xf, 0xfe, 0x63, 0x5f, 0xc1, 0xff, 0xcd, 0xbf,
    0xf9, 0xf, 0xfe, 0x65, 0xff, 0xc8, 0x7f, 0xf3,
    0x2f, 0xfe, 0x43, 0xff, 0x99, 0x7f, 0xf2, 0x1f,
    0xfc, 0xcb, 0xff, 0x90, 0xff, 0xe6, 0x5f, 0xfc,
    0x87, 0xff, 0x32, 0xff, 0xe4, 0x3f, 0xf9, 0x97,
    0xff, 0x21, 0xff, 0xcc, 0xbf, 0xf9, 0xf, 0xfe,
    0x65, 0xff, 0xc8, 0x7f, 0xf3, 0x2f, 0xfe, 0x43,
    0xff, 0x99, 0x7f, 0xf2, 0x1f, 0xfc, 0xcb, 0xff,
    0x90, 0xff, 0xe6, 0x5f, 0xfc, 0x87, 0xff, 0x32,
    0xff, 0xe4, 0x3f, 0xf9, 0x97, 0xff, 0x21, 0xff,
    0xcc, 0xbf, 0xf9, 0xf, 0xfe, 0x65, 0xff, 0xc8,
    0x7f, 0xf3, 0x2f, 0xfe, 0x43, 0xff, 0x99, 0x7f,
    0xf2, 0x1f, 0xfc, 0xcb, 0xff, 0x90, 0xff, 0xe6,
    0x5f, 0xfc, 0x87, 0xff, 0x32, 0xff, 0xe4, 0x3f,
    0xf9, 0x97, 0xff, 0x21, 0xff, 0xcc, 0xbf, 0xf9,
    0xf, 0xfe, 0x65, 0xff, 0xc8, 0x7f, 0xf3, 0x2f,
    0xfe, 0x43, 0xff, 0x99, 0x7f, 0xf2, 0x1f, 0xfc,
    0xcb, 0xff, 0x90, 0xff, 0xe6, 0x5f, 0xfc, 0x87,
    0xff, 0x32, 0xff, 0xe4, 0x3f, 0xf9, 0x97, 0xff,
    0x21, 0xff, 0xcc, 0xbf, 0xf9, 0xf, 0xfe, 0x65,
    0xff, 0xc8, 0x7f, 0xf3, 0x2f, 0xfe, 0x43, 0xff,
    0x99, 0x7f, 0xf2, 0x1f, 0xfc, 0xcb, 0xff, 0x90,
    0xff, 0xe6, 0x5f, 0xfc, 0x87, 0xff, 0x32, 0xff,
    0xe4, 0x3f, 0xf9, 0x97, 0xff, 0x21, 0xff, 0xcc,
    0xbf, 0xf9, 0xf, 0xfe, 0x67, 0xff, 0x90, 0xff,
    0xe6, 0x7f, 0xf9, 0xf, 0xfe, 0x67, 0xff, 0x83,
    0x34, 0xf9, 0xf, 0xfe, 0x17, 0xff, 0x8f, 0xff,
    0x7, 0xff, 0x5, 0xff, 0xf1, 0x7f, 0xf0, 0x7f,
    0xf0, 0x7f, 0xfe, 0x1f, 0xff, 0x7, 0xfc, 0xff,
    0xf9, 0x7, 0xff, 0xa0, 0xfe, 0x7f, 0xfe, 0xa,
    0xff, 0xf9, 0xf, 0x5f, 0xff, 0xc0, 0x9, 0xff,
    0xfe, 0x15, 0xff, 0xfc, 0x34, 0x37, 0xff, 0xf4,
    0x83, 0xdf, 0xff, 0xd0, 0xf, 0xaf, 0xff, 0xe7,
    0x41, 0xfa, 0xff, 0xfe, 0x64, 0x1f, 0xeb, 0xff,
    0xf9, 0x50, 0x7f, 0xf0, 0x1f, 0xff, 0xe4, 0x21,
    0xff, 0xc3, 0xbf, 0xff, 0x89, 0x7, 0xff, 0x1e,
    0xff, 0xfe, 0x2, 0x1f, 0xfc, 0xd5, 0xf0, 0x7f,
    0xf0, 0xc0,

    /* U+004B "K" */
    0x3f, 0xfa, 0xf, 0xfe, 0x5f, 0xff, 0xf0, 0x10,
    0x3f, 0xfe, 0xf, 0xfe, 0x57, 0xff, 0xf0, 0x20,
    0x9f, 0xff, 0x7, 0xff, 0x27, 0xff, 0xf8, 0x10,
    0x67, 0xff, 0xc1, 0xff, 0xc8, 0xff, 0xfe, 0x4,
    0x1c, 0xff, 0xf8, 0x3f, 0xf8, 0xf7, 0xff, 0xf0,
    0x3, 0xcf, 0xff, 0x83, 0xff, 0x8d, 0x7f, 0xff,
    0x0, 0x3e, 0x7f, 0xfc, 0x1f, 0xfc, 0x5b, 0xff,
    0xf8, 0x1, 0xf9, 0xff, 0xf0, 0x7f, 0xf1, 0x1f,
    0xff, 0xe0, 0x7, 0xf3, 0xff, 0xe0, 0xff, 0xe1,
    0xbf, 0xff, 0xc0, 0xf, 0xf3, 0xff, 0xe0, 0xff,
    0xe1, 0xff, 0xff, 0x1, 0xf, 0xf3, 0xff, 0xe0,
    0xff, 0xe1, 0x7f, 0xff, 0x1, 0xf, 0xf9, 0xff,
    0xf0, 0x7f, 0xf0, 0x7f, 0xff, 0x80, 0x87, 0xff,
    0x1, 0xff, 0xf0, 0x7f, 0xf0, 0x3f, 0xff, 0x80,
    0x87, 0xff, 0x5, 0xff, 0xf0, 0x7f, 0xd7, 0xff,
    0xd0, 0x7f, 0xf0, 0x9f, 0xff, 0x7, 0xfa, 0xff,
    0xfa, 0xf, 0xfe, 0x1b, 0xff, 0xe0, 0xfe, 0x7f,
    0xfe, 0x83, 0xff, 0x88, 0xff, 0xf8, 0x3f, 0x3f,
    0xff, 0xc0, 0xf, 0xfe, 0x2b, 0xff, 0xe0, 0xf9,
    0xff, 0xfe, 0x0, 0x7f, 0xf1, 0x9f, 0xff, 0x7,
    0xdf, 0xff, 0xc0, 0xf, 0xfe, 0x3b, 0xff, 0xe0,
    0xf7, 0xff, 0xf0, 0x3, 0xff, 0x90, 0xff, 0xf8,
    0x3b, 0xff, 0xf8, 0x1, 0xff, 0xc9, 0x7f, 0xfc,
    0x1b, 0xff, 0xf8, 0x8, 0x7f, 0xf2, 0x5f, 0xff,
    0x5, 0x7f, 0xfc, 0x87, 0xff, 0x29, 0xff, 0xf0,
    0x2f, 0xff, 0x90, 0xff, 0xe5, 0xbf, 0xfe, 0x1f,
    0xff, 0x90, 0xff, 0xe6, 0x3f, 0xfe, 0x7f, 0xfe,
    0x83, 0xff, 0x9a, 0xff, 0xff, 0x2c, 0x3f, 0xf9,
    0xaf, 0xff, 0xf3, 0x3, 0xff, 0x98, 0xff, 0xff,
    0x32, 0xf, 0xfe, 0x5b, 0xff, 0xfc, 0xd4, 0x3f,
    0xf9, 0x4f, 0xff, 0xf3, 0x83, 0xff, 0x94, 0xff,
    0xff, 0x3c, 0x3f, 0xf9, 0x2f, 0xff, 0xf3, 0xe0,
    0xff, 0xe4, 0x3f, 0xff, 0xc3, 0x4f, 0xff, 0x90,
    0xff, 0xe3, 0xbf, 0xff, 0xc2, 0x40, 0xff, 0xfc,
    0x1f, 0xfc, 0x77, 0xff, 0xf8, 0x28, 0x6b, 0xff,
    0xe0, 0xff, 0xe3, 0x3f, 0xff, 0xc0, 0x43, 0xdf,
    0xff, 0x41, 0xff, 0xc5, 0x7f, 0xfe, 0x83, 0xe7,
    0xff, 0xe4, 0x3f, 0xf8, 0x8f, 0xff, 0xa0, 0xfe,
    0xbf, 0xfe, 0xf, 0xfe, 0x23, 0xff, 0xe0, 0xff,
    0xbf, 0xff, 0x80, 0x1f, 0xfc, 0x37, 0xff, 0xc1,
    0xff, 0xc0, 0xff, 0xfa, 0xf, 0xfe, 0x13, 0xff,
    0xe0, 0xff, 0xe0, 0x3f, 0xff, 0x21, 0xff, 0xc1,
    0x7f, 0xfc, 0x1f, 0xfc, 0x1b, 0xff, 0xe0, 0xff,
    0xe0, 0xbf, 0xfe, 0xf, 0xfe, 0x17, 0xff, 0xf0,
    0x3, 0xff, 0x80, 0xff, 0xf8, 0x3f, 0xf8, 0x4f,
    0xff, 0xd0, 0x7f, 0xcf, 0xff, 0x83, 0xff, 0x87,
    0x7f, 0xfc, 0x87, 0xf9, 0xff, 0xf0, 0x7f, 0xf1,
    0x3f, 0xff, 0x80, 0x1f, 0xe7, 0xff, 0xc1, 0xff,
    0xc5, 0xff, 0xfa, 0xf, 0xe7, 0xff, 0xc1, 0xff,
    0xc5, 0xbf, 0xfe, 0x43, 0xf3, 0xff, 0xe0, 0xff,
    0xe3, 0x7f, 0xff, 0x0, 0x3f, 0x3f, 0xfe, 0xf,
    0xfe, 0x3f, 0xff, 0xf0, 0x3, 0xe7, 0xff, 0xc1,
    0xff, 0xc7, 0x7f, 0xfe, 0x83, 0xcf, 0xff, 0x83,
    0xff, 0x91, 0x7f, 0xfc, 0x87, 0x3f, 0xfe, 0xf,
    0xfe, 0x4f, 0xff, 0xf0, 0x3, 0x9f, 0xff, 0x7,
    0xff, 0x25, 0xff, 0xfe, 0x0, 0x67, 0xff, 0xc1,
    0xff, 0xca, 0xbf, 0xfe, 0x82, 0x7f, 0xfc, 0x1f,
    0xfc, 0xbf, 0xff, 0xe0, 0x20, 0x7f, 0xfc, 0x1f,
    0xfc, 0xcf, 0xff, 0xe0, 0x1, 0xff, 0xf0, 0x7f,
    0xf3, 0x1f, 0xff, 0xe0, 0x0,

    /* U+004C "L" */
    0x7f, 0xfc, 0x1f, 0xfd, 0x27, 0xff, 0xc1, 0xff,
    0xd2, 0x7f, 0xfc, 0x1f, 0xfd, 0x27, 0xff, 0xc1,
    0xff, 0xd2, 0x7f, 0xfc, 0x1f, 0xfd, 0x27, 0xff,
    0xc1, 0xff, 0xd2, 0x7f, 0xfc, 0x1f, 0xfd, 0x27,
    0xff, 0xc1, 0xff, 0xd2, 0x7f, 0xfc, 0x1f, 0xfd,
    0x27, 0xff, 0xc1, 0xff, 0xd2, 0x7f, 0xfc, 0x1f,
    0xfd, 0x27, 0xff, 0xc1, 0xff, 0xd2, 0x7f, 0xfc,
    0x1f, 0xfd, 0x27, 0xff, 0xc1, 0xff, 0xd2, 0x7f,
    0xfc, 0x1f, 0xfd, 0x27, 0xff, 0xc1, 0xff, 0xd2,
    0x7f, 0xfc, 0x1f, 0xfd, 0x27, 0xff, 0xc1, 0xff,
    0xd2, 0x7f, 0xfc, 0x1f, 0xfd, 0x27, 0xff, 0xc1,
    0xff, 0xd2, 0x7f, 0xfc, 0x1f, 0xfd, 0x27, 0xff,
    0xc1, 0xff, 0xd2, 0x7f, 0xfc, 0x1f, 0xfd, 0x27,
    0xff, 0xc1, 0xff, 0xd2, 0x7f, 0xfc, 0x1f, 0xfd,
    0x27, 0xff, 0xc1, 0xff, 0xd2, 0x7f, 0xfc, 0x1f,
    0xfd, 0x27, 0xff, 0xc1, 0xff, 0xd2, 0x7f, 0xfc,
    0x1f, 0xfd, 0x27, 0xff, 0xc1, 0xff, 0xd2, 0x7f,
    0xfc, 0x1f, 0xfd, 0x27, 0xff, 0xc1, 0xff, 0xd2,
    0x7f, 0xfc, 0x1f, 0xfd, 0x27, 0xff, 0xc1, 0xff,
    0xd2, 0x7f, 0xfc, 0x1f, 0xfd, 0x27, 0xff, 0xc1,
    0xff, 0xd2, 0x7f, 0xfc, 0x1f, 0xfd, 0x27, 0xff,
    0xc1, 0xff, 0xd2, 0x7f, 0xfc, 0x1f, 0xfd, 0x27,
    0xff, 0xc1, 0xff, 0xd2, 0x7f, 0xfc, 0x1f, 0xfd,
    0x27, 0xff, 0xc1, 0xff, 0xd2, 0x7f, 0xfc, 0x1f,
    0xfd, 0x27, 0xff, 0xc1, 0xff, 0xd2, 0x7f, 0xfc,
    0x1f, 0xfd, 0x27, 0xff, 0xc1, 0xff, 0xd2, 0x7f,
    0xfc, 0x1f, 0xfd, 0x27, 0xff, 0xc1, 0xff, 0xd2,
    0x7f, 0xfc, 0x1f, 0xfd, 0x27, 0xff, 0xc1, 0xff,
    0xd2, 0x7f, 0xff, 0xb6, 0xaf, 0xff, 0xed, 0xab,
    0xff, 0xfb, 0x6a, 0xff, 0xfe, 0xda, 0xbf, 0xff,
    0xb6, 0xaf, 0xff, 0xed, 0xab, 0xff, 0xfb, 0x6a,
    0xff, 0xfe, 0xda, 0xbf, 0xff, 0xb6, 0x80,

    /* U+004D "M" */
    0x3f, 0xfc, 0x87, 0xff, 0x6e, 0xff, 0xe5, 0x7f,
    0xfc, 0x1f, 0xfd, 0xbf, 0xff, 0x4f, 0xff, 0xc8,
    0x7f, 0xf6, 0x7f, 0xfe, 0x9f, 0xff, 0xe0, 0x7,
    0xff, 0x61, 0xff, 0xfa, 0x7f, 0xff, 0x80, 0x87,
    0xff, 0x5f, 0xff, 0xf8, 0x13, 0xff, 0xfc, 0x10,
    0xff, 0xeb, 0x3f, 0xff, 0xc0, 0x9f, 0xff, 0xe0,
    0xc1, 0xff, 0xd5, 0xff, 0xfe, 0xc, 0xff, 0xff,
    0x8, 0x3f, 0xfa, 0x8f, 0xff, 0xf0, 0x67, 0xff,
    0xf8, 0x50, 0x7f, 0xf4, 0xff, 0xff, 0x85, 0x3f,
    0xff, 0xc3, 0xf, 0xfe, 0x95, 0xff, 0xfc, 0x29,
    0xff, 0xfe, 0x1c, 0x1f, 0xfd, 0x1f, 0xff, 0xe1,
    0xcf, 0xff, 0xf1, 0x10, 0xff, 0xe7, 0xdf, 0xff,
    0xc3, 0x9f, 0xff, 0xe2, 0x87, 0xff, 0x3f, 0xff,
    0xf8, 0x93, 0xff, 0xfc, 0x54, 0x3f, 0xf9, 0xbf,
    0xff, 0xc5, 0x9f, 0xff, 0xe3, 0x7, 0xff, 0x31,
    0xff, 0xfe, 0x2c, 0xff, 0xff, 0x19, 0xf, 0xfe,
    0x5f, 0xff, 0xf1, 0xa7, 0xff, 0xf8, 0xe1, 0xff,
    0xca, 0x7f, 0xff, 0x8d, 0x3f, 0xff, 0xc7, 0x83,
    0xff, 0x93, 0xff, 0xfc, 0x79, 0xff, 0xeb, 0xff,
    0xc1, 0xff, 0xc8, 0xbf, 0xf9, 0xff, 0xe9, 0xff,
    0xe5, 0x7f, 0xf4, 0x1f, 0xfc, 0x7f, 0xfe, 0x8f,
    0xfe, 0x9f, 0xfe, 0x4f, 0xff, 0x7, 0xff, 0x1a,
    0xff, 0xe0, 0x7f, 0xf4, 0xff, 0xf2, 0x3f, 0xfd,
    0x7, 0xff, 0x17, 0xff, 0xa0, 0x7f, 0xf4, 0xff,
    0xf2, 0xf, 0xff, 0x7, 0xff, 0x12, 0xff, 0xe0,
    0xbf, 0xfa, 0x7f, 0xf9, 0x3, 0xff, 0xe0, 0xff,
    0xe1, 0xff, 0xf4, 0x17, 0xff, 0x4f, 0xff, 0x21,
    0x5f, 0xfc, 0x87, 0xff, 0x7, 0xff, 0xc1, 0xbf,
    0xfa, 0x7f, 0xf9, 0xd, 0xff, 0xe0, 0xff, 0xe0,
    0x3f, 0xfd, 0x6, 0xff, 0xe9, 0xff, 0xe4, 0x35,
    0xff, 0xc8, 0x7f, 0xdf, 0xfe, 0xe, 0xff, 0xe9,
    0xff, 0xe4, 0x3b, 0xff, 0xc1, 0xfe, 0x7f, 0xf9,
    0xe, 0xff, 0xe9, 0xff, 0xe4, 0x3a, 0xff, 0xe8,
    0x3f, 0xbf, 0xfc, 0x1e, 0xff, 0xe9, 0xff, 0xe4,
    0x3d, 0xff, 0xe0, 0xfd, 0x7f, 0xf2, 0x1e, 0xff,
    0xe9, 0xff, 0xe4, 0x3d, 0x7f, 0xf4, 0x1f, 0x7f,
    0xf8, 0x3e, 0xff, 0xe9, 0xff, 0xe4, 0x3e, 0xff,
    0xf0, 0x7a, 0xff, 0xe4, 0x3e, 0xff, 0xe9, 0xff,
    0xe4, 0x3e, 0x7f, 0xfa, 0xe, 0xff, 0xf0, 0x7e,
    0xff, 0xe9, 0xff, 0xe4, 0x3f, 0x7f, 0xf8, 0x35,
    0xff, 0xc8, 0x7e, 0xff, 0xe9, 0xff, 0xe4, 0x3f,
    0x3f, 0xfe, 0x3, 0xff, 0xd0, 0x7f, 0x7f, 0xf4,
    0xff, 0xf2, 0x1f, 0xdf, 0xfe, 0x4f, 0xff, 0x7,
    0xfb, 0xff, 0xa7, 0xff, 0x90, 0xfe, 0x7f, 0xfc,
    0xff, 0xf4, 0x1f, 0xef, 0xfe, 0x9f, 0xfe, 0x43,
    0xfd, 0xff, 0xfc, 0x80, 0xff, 0xbf, 0xfa, 0x7f,
    0xf9, 0xf, 0xf3, 0xff, 0xfc, 0x68, 0x3f, 0xef,
    0xfe, 0x9f, 0xfe, 0x43, 0xfe, 0xff, 0xfe, 0x30,
    0x7f, 0xf0, 0x3f, 0xfa, 0x7f, 0xf9, 0xf, 0xf9,
    0xff, 0xfe, 0x24, 0x1f, 0xfc, 0xf, 0xfe, 0x9f,
    0xfe, 0x43, 0xff, 0x81, 0x7f, 0xff, 0xc, 0x3f,
    0xf8, 0x3f, 0xfd, 0x3f, 0xfc, 0x87, 0xff, 0x7,
    0xff, 0xf8, 0x50, 0x7f, 0xf0, 0x7f, 0xfa, 0x7f,
    0xf9, 0xf, 0xfe, 0xd, 0xff, 0xfc, 0x10, 0xff,
    0xe1, 0x7f, 0xf4, 0xff, 0xf2, 0x1f, 0xfc, 0x2f,
    0xff, 0xe0, 0x21, 0xff, 0xc2, 0xff, 0xe9, 0xff,
    0xe4, 0x3f, 0xf8, 0x57, 0xff, 0xc1, 0xff, 0xc3,
    0xff, 0xe9, 0xff, 0xe4, 0x3f, 0xf8, 0x7f, 0xfe,
    0x43, 0xff, 0x87, 0xff, 0xd3, 0xff, 0xc8, 0x7f,
    0xf0, 0xef, 0xfe, 0xf, 0xfe, 0x27, 0xff, 0x4f,
    0xff, 0x21, 0xff, 0xc4, 0xff, 0xc8, 0x7f, 0xf1,
    0x3f, 0xfa, 0x7f, 0xf9, 0xf, 0xfe, 0x23, 0xff,
    0x7, 0xff, 0x17, 0xff, 0xa7, 0xff, 0x90, 0xff,
    0xe2, 0xff, 0x90, 0xff, 0xe2, 0xff, 0xf4, 0xff,
    0xf2, 0x1f, 0xfd, 0xdf, 0xfe, 0x9f, 0xfe, 0x43,
    0xff, 0xbb, 0xff, 0xd3, 0xff, 0xc8, 0x7f, 0xf7,
    0x7f, 0xfa, 0x7f, 0xf9, 0xf, 0xfe, 0xef, 0xff,
    0x4f, 0xff, 0x21, 0xff, 0xdd, 0xff, 0xe9, 0xff,
    0xe4, 0x3f, 0xfb, 0xbf, 0xfd, 0x3f, 0xfc, 0x87,
    0xff, 0x77, 0xff, 0xa7, 0xff, 0x90, 0xff, 0xee,
    0xff, 0xf4,

    /* U+004E "N" */
    0x3f, 0xfe, 0xf, 0xfe, 0x7d, 0xff, 0xcf, 0xff,
    0xd0, 0x7f, 0xf3, 0xbf, 0xfc, 0xff, 0xff, 0x0,
    0x3f, 0xf9, 0xdf, 0xfe, 0x7f, 0xff, 0x82, 0x1f,
    0xfc, 0xdf, 0xff, 0x3f, 0xff, 0xc1, 0x83, 0xff,
    0x99, 0xff, 0xe7, 0xff, 0xf8, 0x41, 0xff, 0xcc,
    0xff, 0xf3, 0xff, 0xfc, 0x30, 0xff, 0xe5, 0xff,
    0xf9, 0xff, 0xfe, 0x1a, 0x1f, 0xfc, 0xaf, 0xff,
    0x3f, 0xff, 0xc4, 0xf, 0xfe, 0x57, 0xff, 0x9f,
    0xff, 0xe2, 0x41, 0xff, 0xc9, 0xff, 0xf3, 0xff,
    0xfc, 0x54, 0x3f, 0xf9, 0x1f, 0xfe, 0x7f, 0xff,
    0x8c, 0x1f, 0xfc, 0x8f, 0xff, 0x3f, 0xff, 0xc6,
    0x83, 0xff, 0x8f, 0xff, 0xe7, 0xff, 0xf8, 0xe1,
    0xff, 0xc7, 0xff, 0xf3, 0xff, 0xfc, 0x80, 0xff,
    0xe3, 0x7f, 0xf9, 0xff, 0xfe, 0x44, 0x1f, 0xfc,
    0x5f, 0xff, 0x3f, 0xfd, 0x7f, 0xfc, 0x1f, 0xfc,
    0x5f, 0xff, 0x3f, 0xfc, 0xaf, 0xff, 0x83, 0xff,
    0x89, 0xff, 0xe7, 0xff, 0x92, 0xff, 0xf2, 0x1f,
    0xfc, 0x3f, 0xff, 0x3f, 0xfc, 0x83, 0xff, 0xe0,
    0xff, 0xe1, 0xff, 0xf9, 0xff, 0xe4, 0xf, 0xff,
    0xa0, 0xff, 0xe1, 0x7f, 0xf9, 0xff, 0xe4, 0x2b,
    0xff, 0xc8, 0x7f, 0xf0, 0x7f, 0xfc, 0xff, 0xf2,
    0x1b, 0xff, 0xe0, 0xff, 0xe0, 0xff, 0xf9, 0xff,
    0xe4, 0x33, 0xff, 0xe8, 0x3f, 0xf8, 0x1f, 0xfe,
    0x7f, 0xf9, 0xe, 0xff, 0xf8, 0x3f, 0xf8, 0x1f,
    0xfe, 0x7f, 0xf9, 0xf, 0x7f, 0xfc, 0x1f, 0xf7,
    0xff, 0x9f, 0xfe, 0x43, 0xd7, 0xff, 0xa0, 0xff,
    0x7f, 0xf9, 0xff, 0xe4, 0x3e, 0xff, 0xf8, 0x3f,
    0xdf, 0xfe, 0x7f, 0xf9, 0xf, 0xdf, 0xff, 0x7,
    0xf7, 0xff, 0x9f, 0xfe, 0x43, 0xf5, 0xff, 0xe4,
    0x3f, 0x7f, 0xf9, 0xff, 0xe4, 0x3f, 0xbf, 0xfe,
    0xf, 0xdf, 0xfe, 0x7f, 0xf9, 0xf, 0xe7, 0xff,
    0xd0, 0x7d, 0xff, 0xe7, 0xff, 0x90, 0xff, 0x5f,
    0xfe, 0x43, 0xdf, 0xfe, 0x7f, 0xf9, 0xf, 0xfb,
    0xff, 0xe0, 0xf7, 0xff, 0x9f, 0xfe, 0x43, 0xfe,
    0x7f, 0xfd, 0x7, 0x7f, 0xf9, 0xff, 0xe4, 0x3f,
    0xf8, 0x1f, 0xff, 0x7, 0x7f, 0xf9, 0xff, 0xe4,
    0x3f, 0xf8, 0x3f, 0xff, 0x6, 0xff, 0xf3, 0xff,
    0xc8, 0x7f, 0xf0, 0x5f, 0xff, 0x41, 0x7f, 0xf9,
    0xff, 0xe4, 0x3f, 0xf8, 0x5f, 0xff, 0x5, 0xff,
    0xe7, 0xff, 0x90, 0xff, 0xe1, 0xff, 0xfc, 0xf,
    0xff, 0x3f, 0xfc, 0x87, 0xff, 0xe, 0xff, 0xf2,
    0x7f, 0xf9, 0xff, 0xe4, 0x3f, 0xf8, 0x9f, 0xff,
    0x1f, 0xfe, 0x7f, 0xf9, 0xf, 0xfe, 0x23, 0xff,
    0xeb, 0xff, 0xcf, 0xff, 0x21, 0xff, 0xc5, 0xbf,
    0xff, 0x90, 0xff, 0xf2, 0x1f, 0xfc, 0x6f, 0xff,
    0xe4, 0x3f, 0xfc, 0x87, 0xff, 0x19, 0xff, 0xfe,
    0x3b, 0xff, 0xc8, 0x7f, 0xf1, 0xef, 0xff, 0xe3,
    0x3f, 0xfc, 0x87, 0xff, 0x23, 0xff, 0xf8, 0xcf,
    0xff, 0x21, 0xff, 0xc8, 0x7f, 0xff, 0x8a, 0xff,
    0xf2, 0x1f, 0xfc, 0x9f, 0xff, 0xe2, 0xbf, 0xfc,
    0x87, 0xff, 0x2b, 0xff, 0xf8, 0x8f, 0xff, 0x21,
    0xff, 0xca, 0xbf, 0xff, 0x86, 0xff, 0xf2, 0x1f,
    0xfc, 0xbf, 0xff, 0xe1, 0xbf, 0xfc, 0x87, 0xff,
    0x2d, 0xff, 0xfe, 0x13, 0xff, 0xc8, 0x7f, 0xf3,
    0x2f, 0xff, 0xe0, 0xbf, 0xfc, 0x87, 0xff, 0x37,
    0xff, 0xf8, 0x2f, 0xff, 0x21, 0xff, 0xcd, 0x7f,
    0xff, 0x80, 0xff, 0xf2, 0x1f, 0xfc, 0xeb, 0xff,
    0xe7, 0xff, 0x90, 0xff, 0xe7, 0xff, 0xfc,

    /* U+004F "O" */
    0xf, 0xfe, 0x8a, 0x1f, 0xfe, 0x76, 0xff, 0xfa,
    0x88, 0x7f, 0xf7, 0x1f, 0xff, 0xe3, 0xc8, 0x7f,
    0xf5, 0xef, 0xff, 0xe6, 0x21, 0xff, 0xd3, 0xbf,
    0xff, 0xa0, 0x87, 0xff, 0x3d, 0xff, 0xfe, 0x9c,
    0x1f, 0xfc, 0xdb, 0xff, 0xfa, 0xc8, 0x7f, 0xf2,
    0xbf, 0xff, 0xb3, 0x7, 0xff, 0x23, 0xff, 0xfb,
    0x70, 0x7f, 0xf1, 0xbf, 0xff, 0xbb, 0x7, 0xff,
    0x13, 0xff, 0xf8, 0x92, 0x83, 0xcd, 0xff, 0xfc,
    0x48, 0x3f, 0xf8, 0x5f, 0xff, 0xc3, 0x43, 0xff,
    0x85, 0x7f, 0xff, 0x9, 0xf, 0xfe, 0x5, 0xff,
    0xfc, 0x14, 0x3f, 0xf8, 0xd7, 0xff, 0xf0, 0x43,
    0xff, 0x81, 0xff, 0xfc, 0x10, 0xff, 0xe4, 0xbf,
    0xff, 0xc1, 0xf, 0xf7, 0xff, 0xf0, 0x20, 0xff,
    0xe6, 0x7f, 0xff, 0x1, 0xf, 0xcf, 0xff, 0xd0,
    0x7f, 0xf3, 0xbf, 0xff, 0x80, 0x1f, 0xbf, 0xff,
    0x80, 0x1f, 0xfc, 0xf7, 0xff, 0xe4, 0x3c, 0xff,
    0xfc, 0x1f, 0xfd, 0x1b, 0xff, 0xe0, 0xf7, 0xff,
    0xd0, 0x7f, 0xf4, 0xbf, 0xfe, 0x43, 0x3f, 0xff,
    0x7, 0xff, 0x4d, 0xff, 0xf8, 0x35, 0xff, 0xe4,
    0x3f, 0xfa, 0x9f, 0xff, 0x6, 0xff, 0xf8, 0x3f,
    0xfa, 0xaf, 0xff, 0x90, 0xbf, 0xfd, 0x7, 0xff,
    0x5b, 0xff, 0xd0, 0x1f, 0xff, 0x21, 0xff, 0xd6,
    0xff, 0xf8, 0x17, 0xff, 0x83, 0xff, 0xaf, 0x7f,
    0xf8, 0x1f, 0xff, 0x7, 0xff, 0x5d, 0xff, 0xf2,
    0x7f, 0xfa, 0xf, 0xfe, 0xc7, 0xff, 0x93, 0xff,
    0xd0, 0x7f, 0xf6, 0x3f, 0xfd, 0x1f, 0xfe, 0x43,
    0xff, 0xb1, 0xff, 0xe8, 0xff, 0xf2, 0x1f, 0xfd,
    0x8f, 0xff, 0x47, 0xff, 0x90, 0xff, 0xec, 0x7f,
    0xfc, 0xff, 0xf9, 0xf, 0xfe, 0xc7, 0xff, 0xc7,
    0xff, 0x90, 0xff, 0xec, 0x7f, 0xfa, 0x3f, 0xfc,
    0x87, 0xff, 0x63, 0xff, 0xd1, 0xff, 0xe4, 0x3f,
    0xfb, 0x1f, 0xfe, 0x8f, 0xff, 0x41, 0xff, 0xd8,
    0xff, 0xf4, 0x7f, 0xfc, 0x1f, 0xfd, 0x77, 0xff,
    0xc9, 0x7f, 0xf8, 0x3f, 0xfa, 0xf7, 0xff, 0x81,
    0x7f, 0xf9, 0xf, 0xfe, 0xb7, 0xff, 0xc0, 0x7f,
    0xfd, 0x7, 0xff, 0x5b, 0xff, 0xe0, 0xbf, 0xfe,
    0xf, 0xfe, 0xab, 0xff, 0xe8, 0x2b, 0xff, 0xc8,
    0x7f, 0xf5, 0x3f, 0xfe, 0xc, 0xff, 0xfc, 0x1f,
    0xfd, 0x37, 0xff, 0xe0, 0xef, 0xff, 0x90, 0xff,
    0xe9, 0x7f, 0xfd, 0x7, 0x5f, 0xff, 0x7, 0xff,
    0x46, 0xff, 0xf8, 0x3e, 0xff, 0xfa, 0xf, 0xfe,
    0x87, 0xff, 0xd0, 0x7d, 0x7f, 0xfd, 0x7, 0xff,
    0x3b, 0xff, 0xf8, 0x1, 0xfd, 0xff, 0xfc, 0x8,
    0x3f, 0xf9, 0x9f, 0xff, 0xc0, 0x83, 0xf9, 0xff,
    0xfe, 0x4, 0x1f, 0xfc, 0x97, 0xff, 0xf8, 0x21,
    0xff, 0x7f, 0xff, 0x8, 0x3f, 0xf8, 0xf7, 0xff,
    0xf0, 0x50, 0xff, 0xe0, 0x7f, 0xff, 0xa, 0xf,
    0xfe, 0x1b, 0xff, 0xfc, 0x28, 0x3f, 0xf8, 0x5f,
    0xff, 0xc4, 0x50, 0x7e, 0x6f, 0xff, 0xe1, 0xc1,
    0xff, 0xc3, 0x7f, 0xff, 0xbc, 0x1f, 0xfc, 0x57,
    0xff, 0xfb, 0x81, 0xff, 0xc7, 0x7f, 0xff, 0xb3,
    0x7, 0xff, 0x2b, 0xff, 0xfa, 0xf0, 0x7f, 0xf3,
    0x2f, 0xff, 0xea, 0x21, 0xff, 0xce, 0x7f, 0xff,
    0xa3, 0x7, 0xff, 0x49, 0xff, 0xfe, 0x6c, 0x1f,
    0xfd, 0x66, 0xff, 0xfe, 0x44, 0x1f, 0xfd, 0xb6,
    0xff, 0xfe, 0xd, 0x3, 0xff, 0xc6, 0xbf, 0x83,
    0xff, 0x9a,

    /* U+0050 "P" */
    0x2b, 0xff, 0x9a, 0xb0, 0x7f, 0xf1, 0x7f, 0xff,
    0xa5, 0x21, 0xff, 0xc1, 0xff, 0xfe, 0xac, 0x1f,
    0xf7, 0xff, 0xf5, 0xe0, 0xfe, 0xff, 0xfe, 0xca,
    0x1f, 0x7f, 0xff, 0x6a, 0xf, 0x7f, 0xff, 0x6e,
    0xe, 0xff, 0xfe, 0xe2, 0x1b, 0xff, 0xfb, 0xa1,
    0xbf, 0xfc, 0x1f, 0xfc, 0x36, 0xff, 0xfe, 0x18,
    0x5f, 0xfe, 0xf, 0xfe, 0x33, 0xff, 0xfc, 0x14,
    0x1f, 0xfe, 0xf, 0xfe, 0x45, 0xff, 0xf4, 0xf,
    0xff, 0x7, 0xff, 0x26, 0xff, 0xf8, 0x1f, 0xfe,
    0xf, 0xfe, 0x57, 0xff, 0xc0, 0xff, 0xf0, 0x7f,
    0xf2, 0xaf, 0xff, 0x27, 0xff, 0x83, 0xff, 0x97,
    0xff, 0xe8, 0xff, 0xf0, 0x7f, 0xf2, 0xff, 0xfd,
    0x1f, 0xfe, 0xf, 0xfe, 0x5f, 0xff, 0xc7, 0xff,
    0x83, 0xff, 0x97, 0xff, 0xf1, 0xff, 0xe0, 0xff,
    0xe5, 0xff, 0xfc, 0x7f, 0xf8, 0x3f, 0xf9, 0x7f,
    0xff, 0x1f, 0xfe, 0xf, 0xfe, 0x5f, 0xff, 0xa3,
    0xff, 0xc1, 0xff, 0xcb, 0xff, 0xf4, 0x7f, 0xf8,
    0x3f, 0xf9, 0x57, 0xff, 0x93, 0xff, 0xc1, 0xff,
    0xca, 0xff, 0xf8, 0x1f, 0xfe, 0xf, 0xfe, 0x4d,
    0xff, 0xf0, 0x3f, 0xfc, 0x1f, 0xfc, 0x8b, 0xff,
    0xe8, 0x1f, 0xfe, 0xf, 0xfe, 0x33, 0xff, 0xfc,
    0x10, 0xbf, 0xfc, 0x1f, 0xfc, 0x36, 0xff, 0xfe,
    0x14, 0x17, 0xff, 0xf7, 0x43, 0x7f, 0xff, 0x71,
    0xd, 0xff, 0xfd, 0xb8, 0x3b, 0xff, 0xfb, 0x50,
    0x7b, 0xff, 0xfb, 0x28, 0x7d, 0xff, 0xfd, 0x78,
    0x3f, 0xbf, 0xff, 0xab, 0x7, 0xfd, 0xff, 0xfd,
    0x29, 0xf, 0xfe, 0xf, 0xff, 0xab, 0xff, 0x86,
    0xb0, 0x7f, 0xf1, 0x7f, 0xfc, 0x1f, 0xfd, 0x7f,
    0xff, 0x7, 0xff, 0x5f, 0xff, 0xc1, 0xff, 0xd7,
    0xff, 0xf0, 0x7f, 0xf5, 0xff, 0xfc, 0x1f, 0xfd,
    0x7f, 0xff, 0x7, 0xff, 0x5f, 0xff, 0xc1, 0xff,
    0xd7, 0xff, 0xf0, 0x7f, 0xf5, 0xff, 0xfc, 0x1f,
    0xfd, 0x7f, 0xff, 0x7, 0xff, 0x5f, 0xff, 0xc1,
    0xff, 0xd7, 0xff, 0xf0, 0x7f, 0xf5, 0xff, 0xfc,
    0x1f, 0xfd, 0x7f, 0xff, 0x7, 0xff, 0x5f, 0xff,
    0xc1, 0xff, 0xd7, 0xff, 0xf0, 0x7f, 0xf5, 0xff,
    0xfc, 0x1f, 0xfd, 0x7f, 0xff, 0x7, 0xff, 0x5f,
    0xff, 0xc1, 0xff, 0xd7, 0xff, 0xf0, 0x7f, 0xf5,
    0xff, 0xfc, 0x1f, 0xfd, 0x60,

    /* U+0051 "Q" */
    0xf, 0xfe, 0x8a, 0x1f, 0xfe, 0x76, 0xff, 0xfa,
    0x88, 0x7f, 0xf7, 0x1f, 0xff, 0xe3, 0xc8, 0x7f,
    0xf5, 0xef, 0xff, 0xe6, 0x21, 0xff, 0xd3, 0xbf,
    0xff, 0xa0, 0x87, 0xff, 0x3d, 0xff, 0xfe, 0x9c,
    0x1f, 0xfc, 0xdb, 0xff, 0xfa, 0xc8, 0x7f, 0xf2,
    0xbf, 0xff, 0xb3, 0x7, 0xff, 0x23, 0xff, 0xfb,
    0x70, 0x7f, 0xf1, 0xbf, 0xff, 0xbb, 0x7, 0xff,
    0x13, 0xff, 0xf8, 0x92, 0x83, 0xcd, 0xff, 0xfc,
    0x48, 0x3f, 0xf8, 0x5f, 0xff, 0xc3, 0x43, 0xff,
    0x85, 0x7f, 0xff, 0x9, 0xf, 0xfe, 0x5, 0xff,
    0xfc, 0x14, 0x3f, 0xf8, 0xd7, 0xff, 0xf0, 0x43,
    0xff, 0x81, 0xff, 0xfc, 0x10, 0xff, 0xe4, 0xbf,
    0xff, 0xc1, 0xf, 0xf7, 0xff, 0xf0, 0x20, 0xff,
    0xe6, 0x7f, 0xff, 0x1, 0xf, 0xcf, 0xff, 0xd0,
    0x7f, 0xf3, 0xbf, 0xff, 0x80, 0x1f, 0xbf, 0xff,
    0x80, 0x1f, 0xfc, 0xf7, 0xff, 0xe4, 0x3c, 0xff,
    0xfc, 0x1f, 0xfd, 0x1b, 0xff, 0xe0, 0xf7, 0xff,
    0xd0, 0x7f, 0xf4, 0xbf, 0xfe, 0x43, 0x3f, 0xff,
    0x7, 0xff, 0x4d, 0xff, 0xf8, 0x35, 0xff, 0xe4,
    0x3f, 0xfa, 0x9f, 0xff, 0x6, 0xff, 0xf8, 0x3f,
    0xfa, 0xaf, 0xff, 0x90, 0xbf, 0xfd, 0x7, 0xff,
    0x5b, 0xff, 0xd0, 0x1f, 0xff, 0x21, 0xff, 0xd6,
    0xff, 0xf8, 0x17, 0xff, 0x83, 0xff, 0xaf, 0x7f,
    0xf8, 0x1f, 0xff, 0x7, 0xff, 0x5d, 0xff, 0xf2,
    0x7f, 0xfa, 0xf, 0xfe, 0xc7, 0xff, 0x93, 0xff,
    0xd0, 0x7f, 0xf6, 0x3f, 0xfd, 0x1f, 0xfe, 0x43,
    0xff, 0xb1, 0xff, 0xe8, 0xff, 0xf2, 0x1f, 0xfd,
    0x8f, 0xff, 0x47, 0xff, 0x90, 0xff, 0xec, 0x7f,
    0xfc, 0xff, 0xf9, 0xf, 0xfe, 0xc7, 0xff, 0xc7,
    0xff, 0x90, 0xff, 0xec, 0x7f, 0xfa, 0x3f, 0xfc,
    0x87, 0xff, 0x63, 0xff, 0xd1, 0xff, 0xe4, 0x3f,
    0xfb, 0x1f, 0xfe, 0x8f, 0xff, 0x41, 0xff, 0xd8,
    0xff, 0xf4, 0x7f, 0xfc, 0x1f, 0xfd, 0x77, 0xff,
    0xc9, 0x7f, 0xf8, 0x3f, 0xfa, 0xf7, 0xff, 0x81,
    0x7f, 0xf9, 0xf, 0xfe, 0x62, 0x83, 0xf7, 0xff,
    0xc0, 0x7f, 0xfd, 0x7, 0xff, 0x2e, 0xf0, 0x7e,
    0xff, 0xf8, 0x2f, 0xff, 0x83, 0xff, 0x95, 0xfc,
    0x1e, 0xbf, 0xfd, 0x5, 0x7f, 0xf9, 0xf, 0xfe,
    0x3b, 0xff, 0x7, 0x7f, 0xfc, 0x19, 0xff, 0xf8,
    0x3f, 0xf8, 0xd7, 0xfe, 0x82, 0x7f, 0xfe, 0xe,
    0xff, 0xf9, 0xf, 0xfe, 0x23, 0xff, 0xe8, 0x1f,
    0xff, 0x21, 0xd7, 0xff, 0xc1, 0xff, 0xc5, 0xff,
    0xf9, 0xbf, 0xfe, 0xf, 0xbf, 0xfe, 0x83, 0xff,
    0x8b, 0xff, 0xfc, 0xa8, 0x3e, 0xbf, 0xfe, 0x83,
    0xff, 0x8b, 0xff, 0xfc, 0x90, 0xfe, 0xff, 0xfe,
    0x4, 0x1f, 0xfc, 0x47, 0xff, 0xf8, 0xf0, 0x7f,
    0x3f, 0xff, 0xc0, 0x83, 0xff, 0x88, 0xff, 0xff,
    0x18, 0x3f, 0xef, 0xff, 0xe1, 0x7, 0xff, 0x12,
    0xff, 0xfe, 0x22, 0x1f, 0xfc, 0xf, 0xff, 0xe1,
    0x41, 0xff, 0xc3, 0xff, 0xfe, 0x1c, 0x1f, 0xfc,
    0x2f, 0xff, 0xe2, 0x28, 0x3f, 0x3f, 0xff, 0xc4,
    0x83, 0xff, 0x86, 0xff, 0xff, 0x78, 0x3f, 0xf8,
    0xaf, 0xff, 0xf7, 0x43, 0xff, 0x8c, 0xff, 0xff,
    0x74, 0x3f, 0xf8, 0xff, 0xff, 0xdd, 0xf, 0xfe,
    0x3d, 0xff, 0xfd, 0xb8, 0x3f, 0xf8, 0xef, 0xff,
    0xf6, 0xe0, 0xff, 0xe4, 0x3f, 0xff, 0xcd, 0x8f,
    0xff, 0x90, 0xff, 0xe4, 0xb7, 0xff, 0xf2, 0x20,
    0xdf, 0xff, 0x21, 0xff, 0xcb, 0x6f, 0xff, 0xe0,
    0xc8, 0x7e, 0xff, 0xf8, 0x3f, 0xfa, 0xb, 0xf8,
    0x3f, 0xf8, 0xf, 0xff, 0x7, 0xff, 0x99, 0xff,
    0x83, 0xff, 0xd1, 0x7e, 0x83, 0xff, 0xd5, 0x7a,
    0xf, 0xff, 0x66, 0x87, 0xff, 0xd8,

    /* U+0052 "R" */
    0x2b, 0xff, 0x98, 0xa0, 0xff, 0xe5, 0x7f, 0xff,
    0x46, 0x43, 0xff, 0x8b, 0xff, 0xfd, 0x48, 0x3f,
    0xf8, 0x7f, 0xff, 0xd6, 0x83, 0xff, 0x83, 0xff,
    0xfd, 0x88, 0x3f, 0xef, 0xff, 0xec, 0xc1, 0xfe,
    0xff, 0xfe, 0xd8, 0x7f, 0x7f, 0xff, 0x6e, 0xf,
    0xdf, 0xff, 0xdc, 0x43, 0xef, 0xff, 0x7, 0xff,
    0x9, 0xbf, 0xff, 0x86, 0x1f, 0x7f, 0xf8, 0x3f,
    0xf8, 0xaf, 0xff, 0xf0, 0x50, 0xf7, 0xff, 0x83,
    0xff, 0x8f, 0x7f, 0xff, 0x0, 0x3d, 0xff, 0xe0,
    0xff, 0xe4, 0x5f, 0xff, 0x7, 0xbf, 0xfc, 0x1f,
    0xfc, 0x9f, 0xff, 0x90, 0xef, 0xff, 0x7, 0xff,
    0x25, 0xff, 0xf4, 0x1d, 0xff, 0xe0, 0xff, 0xe5,
    0x7f, 0xfa, 0xe, 0xff, 0xf0, 0x7f, 0xf2, 0xbf,
    0xfe, 0xe, 0xff, 0xf0, 0x7f, 0xf2, 0xaf, 0xff,
    0x7, 0x7f, 0xf8, 0x3f, 0xf9, 0x57, 0xff, 0x83,
    0xbf, 0xfc, 0x1f, 0xfc, 0xab, 0xff, 0xc1, 0xdf,
    0xfe, 0xf, 0xfe, 0x55, 0xff, 0xd0, 0x77, 0xff,
    0x83, 0xff, 0x95, 0xff, 0xe8, 0x3b, 0xff, 0xc1,
    0xff, 0xca, 0xff, 0xf2, 0x1d, 0xff, 0xe0, 0xff,
    0xe4, 0xdf, 0xfe, 0x43, 0xbf, 0xfc, 0x1f, 0xfc,
    0x9f, 0xff, 0x83, 0xdf, 0xfe, 0xf, 0xfe, 0x47,
    0xff, 0xd0, 0x7b, 0xff, 0xc1, 0xff, 0xc6, 0x7f,
    0xff, 0x80, 0x87, 0xbf, 0xfc, 0x1f, 0xfc, 0x4b,
    0xff, 0xf8, 0x41, 0xf7, 0xff, 0xab, 0xff, 0x81,
    0xff, 0xfc, 0x60, 0xfd, 0xff, 0xfd, 0xb8, 0x3f,
    0x7f, 0xff, 0x6a, 0xf, 0xef, 0xff, 0xed, 0x7,
    0xfb, 0xff, 0xfb, 0x10, 0x7f, 0xdf, 0xff, 0xd7,
    0x43, 0xff, 0x81, 0xff, 0xfd, 0x54, 0x3f, 0xf8,
    0x5f, 0xff, 0xd2, 0x90, 0xff, 0xe2, 0x7f, 0xff,
    0x48, 0x3f, 0xf8, 0xdf, 0xfe, 0xf, 0xe7, 0xff,
    0xd0, 0x7f, 0xf1, 0x7f, 0xfc, 0x1f, 0xeb, 0xff,
    0xc8, 0x7f, 0xf1, 0x3f, 0xfc, 0x1f, 0xf7, 0xff,
    0xc1, 0xff, 0xc4, 0xff, 0xf0, 0x7f, 0xcf, 0xff,
    0xc1, 0xff, 0xc3, 0xff, 0xf0, 0x7f, 0xf0, 0x2f,
    0xff, 0x41, 0xff, 0xc2, 0xff, 0xf0, 0x7f, 0xf0,
    0x7f, 0xfe, 0x43, 0xff, 0x83, 0xff, 0xe0, 0xff,
    0xe1, 0x7f, 0xfc, 0x1f, 0xfc, 0x1f, 0xff, 0x7,
    0xff, 0x9, 0xff, 0xf4, 0x1f, 0xfc, 0xf, 0xff,
    0x7, 0xff, 0xe, 0xff, 0xf2, 0x1f, 0xf7, 0xff,
    0x83, 0xff, 0x89, 0xff, 0xf0, 0x7f, 0xdf, 0xfe,
    0xf, 0xfe, 0x23, 0xff, 0xf0, 0x7f, 0xbf, 0xfc,
    0x1f, 0xfc, 0x5b, 0xff, 0xd0, 0x7f, 0x7f, 0xf8,
    0x3f, 0xf8, 0xdf, 0xff, 0x21, 0xfb, 0xff, 0xc1,
    0xff, 0xc7, 0xff, 0xf8, 0x3f, 0x7f, 0xf8, 0x3f,
    0xf8, 0xef, 0xff, 0xc1, 0xf7, 0xff, 0x83, 0xff,
    0x91, 0xff, 0xf4, 0x1e, 0xff, 0xf0, 0x7f, 0xf2,
    0x7f, 0xfe, 0x43, 0xbf, 0xfc, 0x1f, 0xfc, 0x97,
    0xff, 0xe0, 0xef, 0xff, 0x7, 0xff, 0x2a, 0xff,
    0xf4, 0x1b, 0xff, 0xc1, 0xff, 0xcb, 0xff, 0xf9,
    0xb, 0xff, 0xc1, 0xff, 0xcb, 0x7f, 0xfe, 0xb,
    0xff, 0xc1, 0xff, 0xcc, 0xbf, 0xfe, 0x0,

    /* U+0053 "S" */
    0xf, 0xfe, 0x2b, 0x4f, 0xea, 0x21, 0xff, 0xd1,
    0x6f, 0xff, 0xe1, 0xc8, 0x7f, 0xf2, 0xdf, 0xff,
    0xe4, 0xa1, 0xff, 0xc7, 0x7f, 0xff, 0x9a, 0x87,
    0xff, 0x12, 0xff, 0xfe, 0x80, 0x7f, 0xf0, 0xaf,
    0xff, 0xe9, 0x21, 0xff, 0x5f, 0xff, 0xd4, 0x83,
    0xfa, 0xff, 0xfe, 0xb4, 0x1f, 0x3f, 0xff, 0xd8,
    0xf, 0xbf, 0xff, 0x85, 0x21, 0xcd, 0xff, 0xfc,
    0x14, 0x3c, 0xff, 0xff, 0x1, 0xf, 0xfe, 0x5,
    0xff, 0xc8, 0x7d, 0x7f, 0xfa, 0xf, 0xfe, 0x25,
    0xfe, 0x43, 0xf7, 0xff, 0xc1, 0xff, 0xc6, 0x7f,
    0x21, 0xf9, 0xff, 0xf2, 0x1f, 0xfc, 0x77, 0xc8,
    0x7f, 0x3f, 0xfe, 0xf, 0xfe, 0x4a, 0x83, 0xfd,
    0x7f, 0xf8, 0x3f, 0xfa, 0xb7, 0xff, 0x41, 0xff,
    0xd5, 0xbf, 0xfc, 0x1f, 0xfd, 0x5b, 0xff, 0xc1,
    0xff, 0xd5, 0x7f, 0xfc, 0x87, 0xff, 0x51, 0xff,
    0xf8, 0x3f, 0xfa, 0xbf, 0xff, 0xc0, 0xf, 0xfe,
    0xa5, 0xff, 0xfc, 0x4, 0x3f, 0xfa, 0x4f, 0xff,
    0xf0, 0xa0, 0xff, 0xe8, 0xff, 0xff, 0x15, 0xf,
    0xfe, 0x7f, 0xff, 0xf1, 0xd0, 0xff, 0xe6, 0x3f,
    0xff, 0xc9, 0x83, 0xff, 0x94, 0xff, 0xff, 0x2d,
    0xf, 0xfe, 0x43, 0xff, 0xfc, 0xc4, 0x3f, 0xf9,
    0x1f, 0xff, 0xcd, 0x43, 0xff, 0x8e, 0xff, 0xff,
    0x32, 0xf, 0xfe, 0x43, 0xff, 0xfc, 0xc4, 0x3f,
    0xf9, 0xd, 0xff, 0xfc, 0xa4, 0x3f, 0xf9, 0x4f,
    0xff, 0xf2, 0x50, 0xff, 0xe6, 0x37, 0xff, 0xf1,
    0x83, 0xff, 0x9e, 0xdf, 0xff, 0xc4, 0xf, 0xfe,
    0x8b, 0xff, 0xfc, 0x24, 0x3f, 0xfa, 0x4f, 0xff,
    0xf0, 0x43, 0xff, 0xa9, 0xff, 0xfc, 0x0, 0xff,
    0xea, 0xff, 0xfc, 0x87, 0xff, 0x57, 0xff, 0xd0,
    0x7f, 0xf5, 0x6f, 0xff, 0x7, 0xff, 0x55, 0xff,
    0xf0, 0x7f, 0xf5, 0x5f, 0xff, 0x7, 0xff, 0x5b,
    0xff, 0xc1, 0xff, 0xd6, 0xff, 0xf0, 0x7d, 0x21,
    0xff, 0xcc, 0x7f, 0xfc, 0x1e, 0xbc, 0x87, 0xff,
    0x2e, 0xff, 0xf0, 0x75, 0xfa, 0xf, 0xfe, 0x57,
    0xff, 0xa0, 0xd7, 0xfc, 0x87, 0xff, 0x1f, 0xff,
    0xe4, 0x2b, 0xff, 0xa0, 0xff, 0xe2, 0xff, 0xff,
    0x0, 0x2b, 0xff, 0xf8, 0x28, 0x7f, 0xf0, 0x2f,
    0xff, 0xe0, 0x41, 0x7f, 0xff, 0x16, 0x8b, 0xa9,
    0xff, 0xfc, 0x30, 0xcf, 0xff, 0xf6, 0x90, 0xe7,
    0xff, 0xfb, 0x10, 0x7c, 0xff, 0xff, 0x5c, 0x3f,
    0xd7, 0xff, 0xf4, 0xe0, 0xff, 0xe0, 0x3f, 0xff,
    0xd1, 0x43, 0xff, 0x86, 0xff, 0xff, 0x36, 0xf,
    0xfe, 0x3b, 0x7f, 0xff, 0x22, 0xf, 0xfe, 0x63,
    0x7f, 0xff, 0xa, 0x43, 0xff, 0xa6, 0xbf, 0x83,
    0xff, 0x8c,

    /* U+0054 "T" */
    0x3f, 0xff, 0xc2, 0x9f, 0xff, 0xe1, 0x4f, 0xff,
    0xf0, 0xa7, 0xff, 0xf8, 0x53, 0xff, 0xfc, 0x29,
    0xff, 0xfe, 0x14, 0xff, 0xff, 0xa, 0x7f, 0xff,
    0x85, 0x3f, 0xff, 0xc2, 0x87, 0xff, 0x19, 0xff,
    0xe8, 0x3f, 0xfb, 0xf, 0xff, 0x41, 0xff, 0xd8,
    0x7f, 0xfa, 0xf, 0xfe, 0xc3, 0xff, 0xd0, 0x7f,
    0xf6, 0x1f, 0xfe, 0x83, 0xff, 0xb0, 0xff, 0xf4,
    0x1f, 0xfd, 0x87, 0xff, 0xa0, 0xff, 0xec, 0x3f,
    0xfd, 0x7, 0xff, 0x61, 0xff, 0xe8, 0x3f, 0xfb,
    0xf, 0xff, 0x41, 0xff, 0xd8, 0x7f, 0xfa, 0xf,
    0xfe, 0xc3, 0xff, 0xd0, 0x7f, 0xf6, 0x1f, 0xfe,
    0x83, 0xff, 0xb0, 0xff, 0xf4, 0x1f, 0xfd, 0x87,
    0xff, 0xa0, 0xff, 0xec, 0x3f, 0xfd, 0x7, 0xff,
    0x61, 0xff, 0xe8, 0x3f, 0xfb, 0xf, 0xff, 0x41,
    0xff, 0xd8, 0x7f, 0xfa, 0xf, 0xfe, 0xc3, 0xff,
    0xd0, 0x7f, 0xf6, 0x1f, 0xfe, 0x83, 0xff, 0xb0,
    0xff, 0xf4, 0x1f, 0xfd, 0x87, 0xff, 0xa0, 0xff,
    0xec, 0x3f, 0xfd, 0x7, 0xff, 0x61, 0xff, 0xe8,
    0x3f, 0xfb, 0xf, 0xff, 0x41, 0xff, 0xd8, 0x7f,
    0xfa, 0xf, 0xfe, 0xc3, 0xff, 0xd0, 0x7f, 0xf6,
    0x1f, 0xfe, 0x83, 0xff, 0xb0, 0xff, 0xf4, 0x1f,
    0xfd, 0x87, 0xff, 0xa0, 0xff, 0xec, 0x3f, 0xfd,
    0x7, 0xff, 0x61, 0xff, 0xe8, 0x3f, 0xfb, 0xf,
    0xff, 0x41, 0xff, 0xd8, 0x7f, 0xfa, 0xf, 0xfe,
    0xc3, 0xff, 0xd0, 0x7f, 0xf6, 0x1f, 0xfe, 0x83,
    0xff, 0xb0, 0xff, 0xf4, 0x1f, 0xfd, 0x87, 0xff,
    0xa0, 0xff, 0xec, 0x3f, 0xfd, 0x7, 0xff, 0x61,
    0xff, 0xe8, 0x3f, 0xfb, 0xf, 0xff, 0x41, 0xff,
    0xd8, 0x7f, 0xfa, 0xf, 0xfe, 0xc3, 0xff, 0xd0,
    0x7f, 0xf6, 0x1f, 0xfe, 0x83, 0xff, 0xb0, 0xff,
    0xf4, 0x1f, 0xfd, 0x87, 0xff, 0xa0, 0xff, 0xec,
    0x3f, 0xfd, 0x7, 0xff, 0x61, 0xff, 0xe8, 0x3f,
    0xfb, 0xf, 0xff, 0x41, 0xff, 0xc6,

    /* U+0055 "U" */
    0x6b, 0xf8, 0x3f, 0xfa, 0x15, 0xfc, 0xff, 0xf9,
    0xf, 0xfe, 0x73, 0xff, 0xd7, 0xff, 0x90, 0xff,
    0xe7, 0x3f, 0xfd, 0x7f, 0xf9, 0xf, 0xfe, 0x73,
    0xff, 0xd7, 0xff, 0x90, 0xff, 0xe7, 0x3f, 0xfd,
    0x7f, 0xf9, 0xf, 0xfe, 0x73, 0xff, 0xd7, 0xff,
    0x90, 0xff, 0xe7, 0x3f, 0xfd, 0x7f, 0xf9, 0xf,
    0xfe, 0x73, 0xff, 0xd7, 0xff, 0x90, 0xff, 0xe7,
    0x3f, 0xfd, 0x7f, 0xf9, 0xf, 0xfe, 0x73, 0xff,
    0xd7, 0xff, 0x90, 0xff, 0xe7, 0x3f, 0xfd, 0x7f,
    0xf9, 0xf, 0xfe, 0x73, 0xff, 0xd7, 0xff, 0x90,
    0xff, 0xe7, 0x3f, 0xfd, 0x7f, 0xf9, 0xf, 0xfe,
    0x73, 0xff, 0xd7, 0xff, 0x90, 0xff, 0xe7, 0x3f,
    0xfd, 0x7f, 0xf9, 0xf, 0xfe, 0x73, 0xff, 0xd7,
    0xff, 0x90, 0xff, 0xe7, 0x3f, 0xfd, 0x7f, 0xf9,
    0xf, 0xfe, 0x73, 0xff, 0xd7, 0xff, 0x90, 0xff,
    0xe7, 0x3f, 0xfd, 0x7f, 0xf9, 0xf, 0xfe, 0x73,
    0xff, 0xd7, 0xff, 0x90, 0xff, 0xe7, 0x3f, 0xfd,
    0x7f, 0xf9, 0xf, 0xfe, 0x73, 0xff, 0xd7, 0xff,
    0x90, 0xff, 0xe7, 0x3f, 0xfd, 0x7f, 0xf9, 0xf,
    0xfe, 0x73, 0xff, 0xd7, 0xff, 0x90, 0xff, 0xe7,
    0x3f, 0xfd, 0x7f, 0xf9, 0xf, 0xfe, 0x73, 0xff,
    0xd7, 0xff, 0x90, 0xff, 0xe7, 0x3f, 0xfd, 0x7f,
    0xf9, 0xf, 0xfe, 0x73, 0xff, 0xd7, 0xff, 0x90,
    0xff, 0xe7, 0x3f, 0xfd, 0x7f, 0xf9, 0xf, 0xfe,
    0x73, 0xff, 0xd7, 0xff, 0x90, 0xff, 0xe7, 0x3f,
    0xfd, 0x7f, 0xf9, 0xf, 0xfe, 0x73, 0xff, 0xd7,
    0xff, 0x90, 0xff, 0xe7, 0x3f, 0xfd, 0x7f, 0xf9,
    0xf, 0xfe, 0x73, 0xff, 0xd7, 0xff, 0x90, 0xff,
    0xe7, 0x3f, 0xfd, 0x7f, 0xf9, 0xf, 0xfe, 0x73,
    0xff, 0xd7, 0xff, 0x90, 0xff, 0xe7, 0x3f, 0xfd,
    0x7f, 0xf9, 0xf, 0xfe, 0x73, 0xff, 0xd7, 0xff,
    0x90, 0xff, 0xe7, 0x3f, 0xfd, 0x4f, 0xfe, 0x83,
    0xff, 0x9d, 0x7f, 0xf5, 0x3f, 0xfa, 0xf, 0xfe,
    0x75, 0xff, 0xd4, 0xff, 0xf0, 0x7f, 0xf3, 0xbf,
    0xfc, 0xaf, 0xff, 0x7, 0xff, 0x3b, 0xff, 0xca,
    0xff, 0xf2, 0x1f, 0xfc, 0xc7, 0xff, 0xc0, 0xff,
    0xf8, 0x3f, 0xf9, 0x9f, 0xff, 0x3, 0xff, 0xe4,
    0x3f, 0xf9, 0x4f, 0xff, 0xa0, 0x3f, 0xff, 0x7,
    0xff, 0x2b, 0xff, 0xe4, 0x2f, 0xff, 0xa0, 0xff,
    0xe4, 0x5f, 0xff, 0x6, 0xbf, 0xff, 0x80, 0x1f,
    0xfc, 0x6f, 0xff, 0xe0, 0x41, 0x9f, 0xff, 0xe0,
    0xa1, 0xff, 0xc2, 0x7f, 0xff, 0x82, 0x1e, 0xbf,
    0xff, 0x85, 0x21, 0xf9, 0xbf, 0xff, 0x85, 0x7,
    0xdf, 0xff, 0xc7, 0xa7, 0xff, 0xf1, 0xc3, 0xf3,
    0xff, 0xfd, 0xa4, 0x3f, 0x9f, 0xff, 0xec, 0x21,
    0xff, 0x5f, 0xff, 0xd6, 0x43, 0xff, 0x82, 0xff,
    0xff, 0x51, 0xf, 0xfe, 0x27, 0xff, 0xf4, 0x83,
    0xff, 0x8e, 0xff, 0xff, 0x39, 0xf, 0xfe, 0x53,
    0xff, 0xfc, 0xa4, 0x3f, 0xf9, 0xed, 0xff, 0xfc,
    0x29, 0xf, 0xfe, 0xba, 0xfe, 0xf, 0xfe, 0x40,

    /* U+0056 "V" */
    0xbf, 0xfc, 0x1f, 0xfd, 0x4f, 0xff, 0x4f, 0xff,
    0xa0, 0xff, 0xe9, 0xff, 0xf8, 0x1f, 0xff, 0x7,
    0xff, 0x4a, 0xff, 0xf0, 0x2f, 0xff, 0x7, 0xff,
    0x4b, 0xff, 0xc8, 0x5f, 0xfe, 0x83, 0xff, 0xa3,
    0xff, 0xe0, 0xdf, 0xff, 0x7, 0xff, 0x42, 0xff,
    0xe8, 0x33, 0xff, 0xe0, 0xff, 0xe8, 0x7f, 0xf9,
    0xe, 0xff, 0xf4, 0x1f, 0xfc, 0xff, 0xff, 0x7,
    0xaf, 0xff, 0x7, 0xff, 0x3a, 0xff, 0xe8, 0x3c,
    0xff, 0xf9, 0xf, 0xfe, 0x6f, 0xff, 0x90, 0xfb,
    0xff, 0xd0, 0x7f, 0xf3, 0x1f, 0xff, 0x7, 0xeb,
    0xff, 0xc1, 0xff, 0xcc, 0xbf, 0xfa, 0xf, 0xcf,
    0xff, 0x90, 0xff, 0xe5, 0xff, 0xf8, 0x3f, 0xdf,
    0xfe, 0x83, 0xff, 0x94, 0xff, 0xf8, 0x3f, 0xd7,
    0xff, 0x83, 0xff, 0x95, 0x7f, 0xf2, 0x1f, 0xf7,
    0xff, 0x90, 0xff, 0xe4, 0xff, 0xf8, 0x3f, 0xf8,
    0x1f, 0xfe, 0x83, 0xff, 0x90, 0xff, 0xf4, 0x1f,
    0xfc, 0x7, 0xff, 0xc1, 0xff, 0xc8, 0xbf, 0xf9,
    0xf, 0xfe, 0xf, 0xff, 0x90, 0xff, 0xe3, 0xff,
    0xf8, 0x3f, 0xf8, 0x57, 0xff, 0x41, 0xff, 0xc6,
    0x7f, 0xfa, 0xf, 0xfe, 0x13, 0xff, 0xe0, 0xff,
    0xe3, 0x5f, 0xfc, 0x1f, 0xfc, 0x4f, 0xff, 0x21,
    0xff, 0xc5, 0xff, 0xf0, 0x7f, 0xf1, 0x2f, 0xfe,
    0x83, 0xff, 0x88, 0xff, 0xf2, 0x1f, 0xfc, 0x5f,
    0xff, 0x7, 0xff, 0x13, 0xff, 0xc1, 0xff, 0xc6,
    0xff, 0xf2, 0x1f, 0xfc, 0x3f, 0xfe, 0x83, 0xff,
    0x8c, 0xff, 0xf4, 0x1f, 0xfc, 0x27, 0xff, 0x90,
    0xff, 0xe3, 0xff, 0xf8, 0x3f, 0xf8, 0x5f, 0xfe,
    0xf, 0xfe, 0x45, 0xff, 0xc8, 0x7f, 0xf0, 0x7f,
    0xfa, 0xf, 0xfe, 0x43, 0xff, 0xd0, 0x7f, 0xf0,
    0x1f, 0xfe, 0x43, 0xff, 0x93, 0xff, 0xe0, 0xff,
    0xe0, 0x7f, 0xf8, 0x3f, 0xf9, 0x57, 0xff, 0x21,
    0xff, 0x7f, 0xf4, 0x1f, 0xfc, 0xa7, 0xff, 0xa0,
    0xff, 0x5f, 0xfc, 0x1f, 0xfc, 0xcf, 0xff, 0x7,
    0xfb, 0xff, 0xc1, 0xff, 0xcc, 0xbf, 0xf9, 0xf,
    0xef, 0xfe, 0x43, 0xff, 0x9b, 0xff, 0xd0, 0x7e,
    0xbf, 0xf8, 0x3f, 0xf9, 0xdf, 0xfe, 0xf, 0xdf,
    0xfd, 0x7, 0xff, 0x39, 0xff, 0xe4, 0x3c, 0xff,
    0xf2, 0x1f, 0xfc, 0xff, 0xfe, 0x83, 0xd7, 0xff,
    0x7, 0xff, 0x42, 0xff, 0xe0, 0xf7, 0xff, 0x41,
    0xff, 0xd0, 0x7f, 0xf9, 0xc, 0xff, 0xf0, 0x7f,
    0xf4, 0xbf, 0xfc, 0x1a, 0xff, 0xe0, 0xff, 0xe9,
    0x5f, 0xfc, 0x1b, 0xff, 0x90, 0xff, 0xe9, 0xff,
    0xf2, 0x7, 0xff, 0x83, 0xff, 0xa9, 0xff, 0xe0,
    0x5f, 0xfa, 0xf, 0xfe, 0xa3, 0xff, 0xc0, 0xff,
    0xe4, 0x3f, 0xfa, 0xbf, 0xfc, 0xaf, 0xfe, 0xf,
    0xfe, 0xb7, 0xff, 0xaf, 0xfd, 0x7, 0xff, 0x59,
    0xff, 0xfe, 0x30, 0x7f, 0xf6, 0x3f, 0xff, 0x8c,
    0x1f, 0xfd, 0x8b, 0xff, 0xf8, 0x90, 0x7f, 0xf6,
    0x1f, 0xff, 0xe2, 0x7, 0xff, 0x6b, 0xff, 0xf8,
    0x81, 0xff, 0xda, 0xbf, 0xff, 0x84, 0x87, 0xff,
    0x6f, 0xff, 0xf8, 0x41, 0xff, 0xdc, 0xff, 0xfe,
    0xc, 0x1f, 0xfd, 0xc7, 0xff, 0xf8, 0x8, 0x7f,
    0xf7, 0x7f, 0xff, 0x80, 0x1f, 0xfd, 0xeb, 0xff,
    0xd0, 0x7f, 0xf7, 0x9f, 0xff, 0x7, 0xff, 0x28,

    /* U+0057 "W" */
    0x3f, 0xfc, 0x87, 0xff, 0x2a, 0xff, 0xf4, 0x1f,
    0xfc, 0xbf, 0xfe, 0x8f, 0xff, 0x41, 0xff, 0xca,
    0xff, 0xfe, 0x0, 0x7f, 0xf2, 0x9f, 0xfe, 0x4b,
    0xff, 0xc1, 0xff, 0xca, 0xff, 0xfe, 0x0, 0x7f,
    0xf2, 0xaf, 0xfe, 0x3, 0xff, 0xe0, 0xff, 0xe4,
    0xbf, 0xff, 0xc0, 0x43, 0xff, 0x93, 0xff, 0xe0,
    0xbf, 0xfc, 0x87, 0xff, 0x22, 0xff, 0xfe, 0x4,
    0x1f, 0xfc, 0x9f, 0xfe, 0x82, 0xff, 0xf4, 0x1f,
    0xfc, 0x8f, 0xff, 0xe1, 0x7, 0xff, 0x21, 0xff,
    0xe4, 0x2b, 0xff, 0xc1, 0xff, 0xc8, 0xff, 0xfe,
    0x10, 0x7f, 0xf2, 0x2f, 0xfe, 0xc, 0xff, 0xf8,
    0x3f, 0xf8, 0xef, 0xff, 0xf0, 0x90, 0xff, 0xe3,
    0xff, 0xf8, 0x3b, 0xff, 0xc8, 0x7f, 0xf1, 0xaf,
    0xff, 0xe1, 0x41, 0xff, 0xc7, 0xff, 0xe4, 0x3a,
    0xff, 0xe8, 0x3f, 0xf8, 0xdf, 0xff, 0xc4, 0xf,
    0xfe, 0x33, 0xff, 0xc1, 0xe7, 0xff, 0xc1, 0xff,
    0xc6, 0xff, 0xfe, 0x20, 0x7f, 0xf1, 0xaf, 0xfe,
    0xf, 0xbf, 0xfc, 0x1f, 0xfc, 0x57, 0xff, 0xf8,
    0x88, 0x7f, 0xf1, 0x7f, 0xfa, 0xf, 0xbf, 0xfc,
    0x87, 0xff, 0x12, 0xff, 0xaf, 0xfd, 0x7, 0xff,
    0x17, 0xff, 0x90, 0xfa, 0xff, 0xe8, 0x3f, 0xf8,
    0x9f, 0xf8, 0xff, 0xe0, 0xff, 0xe2, 0x3f, 0xfc,
    0x1f, 0x9f, 0xff, 0x7, 0xff, 0x13, 0xff, 0x17,
    0xfe, 0xf, 0xfe, 0x25, 0xff, 0xc1, 0xfd, 0xff,
    0xe0, 0xff, 0xe1, 0xbf, 0xf4, 0x3f, 0xf9, 0xf,
    0xfe, 0x1f, 0xff, 0x41, 0xfd, 0xff, 0xe0, 0xff,
    0xe1, 0xdf, 0xf2, 0xf, 0xfd, 0x7, 0xff, 0xf,
    0xff, 0x90, 0xfe, 0xbf, 0xf9, 0xf, 0xfe, 0x17,
    0xfe, 0xb, 0xff, 0x83, 0xff, 0x84, 0xff, 0xf0,
    0x7f, 0x9f, 0xfe, 0x83, 0xff, 0x85, 0xff, 0x82,
    0xbf, 0xf0, 0x7f, 0xf0, 0xaf, 0xfe, 0xf, 0xfb,
    0xff, 0xc1, 0xff, 0xc1, 0x7f, 0xe8, 0x27, 0xff,
    0x21, 0xff, 0xc1, 0xff, 0xe4, 0x3f, 0xef, 0xff,
    0x7, 0xff, 0x6, 0xff, 0x90, 0xdf, 0xfa, 0xf,
    0xfe, 0xf, 0xff, 0x7, 0xff, 0x2, 0xff, 0xe4,
    0x3f, 0xf8, 0x1f, 0xf8, 0x3b, 0xff, 0x83, 0xff,
    0x80, 0xff, 0xf0, 0x7f, 0xf0, 0x1f, 0xfe, 0x83,
    0xff, 0x81, 0xff, 0x83, 0xaf, 0xfc, 0x1f, 0xfc,
    0xb, 0xff, 0x41, 0xff, 0xc1, 0xff, 0xf0, 0x7f,
    0xcf, 0xfd, 0x7, 0x3f, 0xf9, 0xf, 0xfb, 0xff,
    0x90, 0xff, 0xe0, 0xdf, 0xfc, 0x1f, 0xf5, 0xff,
    0x21, 0xef, 0xfd, 0x7, 0xfd, 0xff, 0xc1, 0xff,
    0xc2, 0x7f, 0xf9, 0xf, 0xf7, 0xfe, 0xf, 0xbf,
    0xf8, 0x3f, 0xcf, 0xff, 0x7, 0xff, 0xf, 0xff,
    0xa0, 0xff, 0x7f, 0xe0, 0xfa, 0xff, 0xc1, 0xfe,
    0xbf, 0xf4, 0x1f, 0xfc, 0x3f, 0xff, 0x7, 0xf3,
    0xff, 0x41, 0xf3, 0xff, 0x90, 0xfe, 0xbf, 0xf2,
    0x1f, 0xfc, 0x3b, 0xff, 0x83, 0xfa, 0xff, 0x90,
    0xfd, 0xff, 0xa0, 0xfe, 0xff, 0xe0, 0xff, 0xe2,
    0x3f, 0xfc, 0x87, 0xef, 0xfc, 0x1f, 0xdf, 0xfc,
    0x1f, 0xdf, 0xfc, 0x1f, 0xfc, 0x5f, 0xfe, 0x43,
    0xf7, 0xfe, 0xf, 0xeb, 0xff, 0x7, 0xe7, 0xff,
    0x21, 0xff, 0xc5, 0xff, 0xe8, 0x3e, 0x7f, 0xe8,
    0x3f, 0x9f, 0xfc, 0x87, 0xd7, 0xfe, 0xf, 0xfe,
    0x35, 0xff, 0xc1, 0xf5, 0xff, 0x21, 0xfe, 0xff,
    0xd0, 0x7d, 0xff, 0xc1, 0xff, 0xc6, 0x7f, 0xf8,
    0x3e, 0xff, 0xc1, 0xff, 0x7f, 0xf0, 0x7d, 0xff,
    0xa0, 0xff, 0xe3, 0xff, 0xf2, 0x1e, 0xff, 0xc1,
    0xff, 0x5f, 0xf8, 0x3c, 0xff, 0xe4, 0x3f, 0xf8,
    0xff, 0xfd, 0x7, 0x3f, 0xf4, 0x1f, 0xf3, 0xff,
    0x90, 0xeb, 0xff, 0x7, 0xff, 0x22, 0xff, 0xe0,
    0xeb, 0xfe, 0x43, 0xff, 0x81, 0xff, 0xa0, 0xef,
    0xfe, 0xf, 0xfe, 0x43, 0xff, 0xc1, 0xdf, 0xf8,
    0x3f, 0xf8, 0x3f, 0xfc, 0x1d, 0xff, 0xa0, 0xff,
    0xe4, 0xff, 0xf2, 0x1b, 0xff, 0x7, 0xff, 0x6,
    0xff, 0xc1, 0x9f, 0xfc, 0x87, 0xff, 0x26, 0xff,
    0xd0, 0x4f, 0xfd, 0x7, 0xff, 0x5, 0xff, 0xc8,
    0x57, 0xfe, 0xf, 0xfe, 0x53, 0xff, 0xc1, 0x5f,
    0xf2, 0x1f, 0xfc, 0x2f, 0xfd, 0x5, 0xff, 0xc1,
    0xff, 0xcb, 0xff, 0xe0, 0xbf, 0xf0, 0x7f, 0xf0,
    0xff, 0xf8, 0x2f, 0xfc, 0x87, 0xff, 0x2f, 0xff,
    0x91, 0xff, 0xc1, 0xff, 0xc3, 0xbf, 0xf0, 0x1f,
    0xfc, 0x1f, 0xfc, 0xcb, 0xff, 0x45, 0xff, 0x41,
    0xff, 0xc3, 0x7f, 0xf2, 0x5f, 0xf8, 0x3f, 0xf9,
    0x8f, 0xff, 0x1f, 0xf9, 0xf, 0xfe, 0x27, 0xfe,
    0x8f, 0xfd, 0x7, 0xff, 0x37, 0xff, 0x8f, 0xfc,
    0x1f, 0xfc, 0x5f, 0xfe, 0x3f, 0xf2, 0x1f, 0xfc,
    0xdf, 0xfe, 0xbf, 0xf0, 0x7f, 0xf1, 0x6f, 0xfc,
    0xff, 0xe0, 0xff, 0xe7, 0x5f, 0xff, 0xc4, 0x83,
    0xff, 0x8a, 0xff, 0xff, 0x14, 0x3f, 0xf9, 0xcf,
    0xff, 0xf1, 0x10, 0xff, 0xe3, 0x7f, 0xff, 0x12,
    0xf, 0xfe, 0x7f, 0xff, 0xf1, 0x3, 0xff, 0x8f,
    0xff, 0xfc, 0x44, 0x3f, 0xf9, 0xff, 0xff, 0xc4,
    0xf, 0xfe, 0x3d, 0xff, 0xfc, 0x30, 0xff, 0xe8,
    0x5f, 0xff, 0xc2, 0x83, 0xff, 0x8e, 0xff, 0xff,
    0xc, 0x3f, 0xfa, 0xf, 0xff, 0xf0, 0x90, 0xff,
    0xe4, 0x7f, 0xff, 0x9, 0xf, 0xfe, 0x8f, 0xff,
    0xf0, 0x83, 0xff, 0x93, 0xff, 0xfc, 0x20, 0xff,
    0xe9, 0x5f, 0xff, 0xc1, 0xf, 0xfe, 0x4d, 0xff,
    0xfc, 0x10, 0xff, 0xe9, 0x3f, 0xff, 0xc0, 0x83,
    0xff, 0x92, 0xff, 0xff, 0x2, 0xf, 0xfe, 0x9f,
    0xff, 0xf0, 0x10, 0xff, 0xe5, 0x7f, 0xff, 0x1,
    0xf, 0xfe, 0x9f, 0xff, 0xf0, 0x3, 0xff, 0x97,
    0xff, 0xfc, 0x0, 0xff, 0xea, 0x5f, 0xff, 0x7,
    0xff, 0x2e, 0xff, 0xf8, 0x3f, 0xf8, 0x80,

    /* U+0058 "X" */
    0x5, 0xff, 0xf0, 0x7f, 0xf3, 0x6f, 0xff, 0x21,
    0xdf, 0xff, 0x41, 0xff, 0xcb, 0x7f, 0xfe, 0xf,
    0x3f, 0xff, 0x21, 0xff, 0xca, 0xff, 0xf9, 0xf,
    0xbf, 0xff, 0x80, 0x1f, 0xfc, 0x9b, 0xff, 0xd0,
    0x7f, 0x7f, 0xfd, 0x7, 0xff, 0x1d, 0xff, 0xf8,
    0x3f, 0xcf, 0xff, 0xc1, 0xff, 0xc7, 0xff, 0xf9,
    0xf, 0xfb, 0xff, 0xf8, 0x1, 0xff, 0xc5, 0xbf,
    0xfe, 0xf, 0xfe, 0xf, 0xff, 0xc8, 0x7f, 0xf1,
    0x3f, 0xfe, 0xf, 0xfe, 0x15, 0xff, 0xf0, 0x7f,
    0xf0, 0xff, 0xfe, 0x43, 0xff, 0x87, 0xff, 0xf4,
    0x1f, 0xfc, 0x17, 0xff, 0xe0, 0xff, 0xe2, 0xff,
    0xfc, 0x1f, 0xfc, 0x1f, 0xff, 0x83, 0xff, 0x8d,
    0x7f, 0xfc, 0x1f, 0xf5, 0xff, 0xe8, 0x3f, 0xf8,
    0xff, 0xff, 0x21, 0xfe, 0xff, 0xf8, 0x3f, 0xf9,
    0xf, 0xff, 0xc1, 0xfd, 0xff, 0xf0, 0x7f, 0xf2,
    0xaf, 0xff, 0x41, 0xf3, 0xff, 0xe8, 0x3f, 0xf9,
    0x7f, 0xff, 0x21, 0xef, 0xff, 0x83, 0xff, 0x98,
    0xff, 0xfc, 0x1d, 0x7f, 0xf9, 0xf, 0xfe, 0x6d,
    0xff, 0xe8, 0x27, 0xff, 0xd0, 0x7f, 0xf3, 0xff,
    0xfe, 0xb, 0xff, 0xe0, 0xff, 0xe8, 0x3f, 0xff,
    0x17, 0xff, 0x90, 0xff, 0xe8, 0xdf, 0xfe, 0xbf,
    0xfd, 0x7, 0xff, 0x4f, 0xff, 0xf9, 0x21, 0xff,
    0xd4, 0x7f, 0xff, 0x8e, 0x87, 0xff, 0x56, 0xff,
    0xfe, 0x2c, 0x1f, 0xfd, 0x7f, 0xff, 0xe2, 0x87,
    0xff, 0x61, 0xff, 0xfe, 0x1a, 0x1f, 0xfd, 0x9f,
    0xff, 0xe1, 0x87, 0xff, 0x6f, 0xff, 0xf8, 0x21,
    0xff, 0xdc, 0xff, 0xfe, 0x8, 0x7f, 0xf6, 0xef,
    0xff, 0xe0, 0xa1, 0xff, 0xda, 0xff, 0xfe, 0x18,
    0x7f, 0xf6, 0x7f, 0xff, 0x89, 0x7, 0xff, 0x5d,
    0xff, 0xfe, 0x2a, 0x1f, 0xfd, 0x6f, 0xff, 0xe3,
    0x87, 0xff, 0x57, 0xff, 0xf9, 0x10, 0x7f, 0xf4,
    0xdf, 0xff, 0xe4, 0xa1, 0xff, 0xd2, 0xff, 0xf9,
    0xff, 0xf8, 0x3f, 0xfa, 0x37, 0xff, 0x92, 0xff,
    0xf4, 0x1f, 0xfc, 0xf7, 0xff, 0xe0, 0xbf, 0xfe,
    0x43, 0xff, 0x9d, 0xff, 0xf0, 0x67, 0xff, 0xe0,
    0xff, 0xe6, 0xdf, 0xfe, 0x83, 0xaf, 0xff, 0x41,
    0xff, 0xcb, 0x7f, 0xfe, 0xf, 0xbf, 0xfe, 0x43,
    0xff, 0x95, 0xff, 0xf2, 0x1f, 0x3f, 0xff, 0x7,
    0xff, 0x26, 0xff, 0xf4, 0x1f, 0xdf, 0xff, 0x41,
    0xff, 0xc8, 0xff, 0xf8, 0x3f, 0xef, 0xff, 0x83,
    0xff, 0x8f, 0xff, 0xf2, 0x1f, 0xf5, 0xff, 0xf0,
    0x7f, 0xf1, 0x6f, 0xff, 0x41, 0xff, 0xc1, 0xff,
    0xfa, 0xf, 0xfe, 0x27, 0xff, 0xc1, 0xff, 0xc2,
    0x7f, 0xfe, 0xf, 0xfe, 0x1f, 0xff, 0xc8, 0x7f,
    0xf0, 0xef, 0xff, 0x83, 0xff, 0x82, 0xff, 0xfc,
    0x1f, 0xfc, 0x5f, 0xff, 0xa0, 0xff, 0xe0, 0x7f,
    0xfc, 0x1f, 0xfc, 0x67, 0xff, 0xe0, 0xff, 0xaf,
    0xff, 0x41, 0xff, 0xc7, 0xff, 0xfe, 0x0, 0x7f,
    0x3f, 0xff, 0x7, 0xff, 0x27, 0xff, 0xe4, 0x3f,
    0x7f, 0xfc, 0x87, 0xff, 0x26, 0xff, 0xf8, 0x3e,
    0xbf, 0xfd, 0x7, 0xff, 0x2f, 0xff, 0xf8, 0x1,
    0xcf, 0xff, 0xc1, 0xff, 0xcc, 0x7f, 0xfe, 0x43,
    0x7f, 0xfc, 0x87, 0xff, 0x36, 0xff, 0xf8, 0x2b,
    0xff, 0xe0, 0xff, 0xe7, 0xff, 0xfd, 0xf, 0xff,
    0xc1, 0xff, 0xd0, 0x7f, 0xfe, 0x40,

    /* U+0059 "Y" */
    0x7f, 0xfe, 0x43, 0xff, 0x9d, 0x7f, 0xfc, 0xf,
    0xff, 0xe0, 0x7, 0xff, 0x3b, 0xff, 0xe0, 0xdf,
    0xff, 0x21, 0xff, 0xcc, 0xbf, 0xfd, 0x6, 0xbf,
    0xfe, 0xf, 0xfe, 0x67, 0xff, 0xc1, 0xef, 0xff,
    0x90, 0xff, 0xe5, 0x5f, 0xfe, 0x43, 0xcf, 0xff,
    0xc1, 0xff, 0xc9, 0x7f, 0xfe, 0xf, 0xdf, 0xff,
    0x21, 0xff, 0xc8, 0xff, 0xf9, 0xf, 0xcf, 0xff,
    0xc1, 0xff, 0xc7, 0x7f, 0xfd, 0x7, 0xfa, 0xff,
    0xf4, 0x1f, 0xfc, 0x6f, 0xff, 0x83, 0xff, 0x81,
    0xff, 0xf0, 0x7f, 0xf1, 0x5f, 0xff, 0x21, 0xff,
    0xc0, 0xbf, 0xfd, 0x7, 0xff, 0x13, 0xff, 0xe0,
    0xff, 0xe1, 0x7f, 0xfc, 0x1f, 0xfc, 0x3b, 0xff,
    0xc8, 0x7f, 0xf0, 0x9f, 0xff, 0x41, 0xff, 0xc2,
    0xff, 0xf4, 0x1f, 0xfc, 0x4b, 0xff, 0xc1, 0xff,
    0xc1, 0xbf, 0xfc, 0x1f, 0xfc, 0x6f, 0xff, 0x83,
    0xff, 0x81, 0xff, 0xe8, 0x3f, 0xf8, 0xd7, 0xff,
    0x90, 0xff, 0x7f, 0xfc, 0x1f, 0xfc, 0x8f, 0xff,
    0x83, 0xf9, 0xff, 0xf2, 0x1f, 0xfc, 0x87, 0xff,
    0xc8, 0x7e, 0xff, 0xf8, 0x3f, 0xf9, 0x5f, 0xff,
    0x7, 0xcf, 0xff, 0x83, 0xff, 0x99, 0xff, 0xe4,
    0x3d, 0xff, 0xe8, 0x3f, 0xf9, 0x97, 0xff, 0x83,
    0xaf, 0xff, 0x7, 0xff, 0x3b, 0xff, 0xd0, 0x6f,
    0xff, 0x21, 0xff, 0xce, 0x7f, 0xfc, 0x15, 0xff,
    0xe0, 0xff, 0xe8, 0x7f, 0xfa, 0x7, 0xff, 0x83,
    0xff, 0xa2, 0xff, 0xf8, 0xbf, 0xfa, 0xf, 0xfe,
    0x95, 0xff, 0xfc, 0x80, 0xff, 0xea, 0x7f, 0xff,
    0x1d, 0xf, 0xfe, 0xa5, 0xff, 0xfc, 0x60, 0xff,
    0xeb, 0x7f, 0xff, 0x14, 0x3f, 0xfa, 0xef, 0xff,
    0xf0, 0xe0, 0xff, 0xec, 0x7f, 0xff, 0xc, 0x3f,
    0xfb, 0x5f, 0xff, 0xc1, 0x43, 0xff, 0xb5, 0x7f,
    0xff, 0x0, 0x3f, 0xfb, 0x9f, 0xff, 0x21, 0xff,
    0xdc, 0x7f, 0xfc, 0x1f, 0xfd, 0xd7, 0xff, 0xa0,
    0xff, 0xee, 0xbf, 0xfd, 0x7, 0xff, 0x75, 0xff,
    0xe8, 0x3f, 0xfb, 0xaf, 0xff, 0x41, 0xff, 0xdd,
    0x7f, 0xfa, 0xf, 0xfe, 0xeb, 0xff, 0xd0, 0x7f,
    0xf7, 0x5f, 0xfe, 0x83, 0xff, 0xba, 0xff, 0xf4,
    0x1f, 0xfd, 0xd7, 0xff, 0xa0, 0xff, 0xee, 0xbf,
    0xfd, 0x7, 0xff, 0x75, 0xff, 0xe8, 0x3f, 0xfb,
    0xaf, 0xff, 0x41, 0xff, 0xdd, 0x7f, 0xfa, 0xf,
    0xfe, 0xeb, 0xff, 0xd0, 0x7f, 0xf7, 0x5f, 0xfe,
    0x83, 0xff, 0xba, 0xff, 0xf4, 0x1f, 0xfd, 0xd7,
    0xff, 0xa0, 0xff, 0xee, 0xbf, 0xfd, 0x7, 0xff,
    0x75, 0xff, 0xe8, 0x3f, 0xfb, 0xaf, 0xff, 0x41,
    0xff, 0xdd, 0x7f, 0xfa, 0xf, 0xfe, 0xeb, 0xff,
    0xd0, 0x7f, 0xf7, 0x5f, 0xfe, 0x83, 0xff, 0xba,
    0xff, 0xf4, 0x1f, 0xfc, 0x90,

    /* U+005A "Z" */
    0x7, 0xff, 0xf7, 0x50, 0x7f, 0xff, 0x75, 0x7,
    0xff, 0xf7, 0x50, 0x7f, 0xff, 0x75, 0x7, 0xff,
    0xf7, 0x50, 0x7f, 0xff, 0x75, 0x7, 0xff, 0xf7,
    0x50, 0x7f, 0xff, 0x75, 0x7, 0xff, 0xf7, 0x43,
    0xff, 0xa7, 0x7f, 0xfc, 0x1f, 0xfd, 0x4f, 0xff,
    0x90, 0xff, 0xe9, 0xff, 0xfd, 0x7, 0xff, 0x4e,
    0xff, 0xf8, 0x3f, 0xfa, 0x6f, 0xff, 0xc8, 0x7f,
    0xf4, 0xff, 0xfe, 0x83, 0xff, 0xa7, 0xff, 0xfc,
    0x0, 0xff, 0xe9, 0xdf, 0xff, 0x7, 0xff, 0x53,
    0xff, 0xe4, 0x3f, 0xfa, 0x7f, 0xff, 0x41, 0xff,
    0xd3, 0xbf, 0xfe, 0xf, 0xfe, 0x9b, 0xff, 0xf2,
    0x1f, 0xfd, 0x3f, 0xff, 0xa0, 0xff, 0xe9, 0xff,
    0xff, 0x0, 0x3f, 0xfa, 0x77, 0xff, 0xc1, 0xff,
    0xd4, 0xff, 0xf9, 0xf, 0xfe, 0x9f, 0xff, 0xd0,
    0x7f, 0xf4, 0xef, 0xff, 0x83, 0xff, 0xa6, 0xff,
    0xfc, 0x87, 0xff, 0x4f, 0xff, 0xe8, 0x3f, 0xfa,
    0x7f, 0xff, 0xc0, 0xf, 0xfe, 0x9b, 0xff, 0xf0,
    0x7f, 0xf5, 0x3f, 0xfe, 0x43, 0xff, 0xa7, 0xff,
    0xf4, 0x1f, 0xfd, 0x3b, 0xff, 0xe0, 0xff, 0xe9,
    0xbf, 0xff, 0x21, 0xff, 0xd3, 0xff, 0xfa, 0xf,
    0xfe, 0x9f, 0xff, 0xf0, 0x3, 0xff, 0xa6, 0xff,
    0xfc, 0x1f, 0xfd, 0x4f, 0xff, 0x90, 0xff, 0xe9,
    0xff, 0xfd, 0x7, 0xff, 0x4e, 0xff, 0xf8, 0x3f,
    0xfa, 0x6f, 0xff, 0xc8, 0x7f, 0xf4, 0xff, 0xfe,
    0x83, 0xff, 0xa7, 0xff, 0xfc, 0x0, 0xff, 0xe9,
    0xbf, 0xff, 0x7, 0xff, 0x53, 0xff, 0xe4, 0x3f,
    0xfa, 0x7f, 0xff, 0x41, 0xff, 0xd3, 0xbf, 0xfe,
    0xf, 0xfe, 0x9b, 0xff, 0xf2, 0x1f, 0xfd, 0x3f,
    0xff, 0xa0, 0xff, 0xe9, 0xff, 0xff, 0x7c, 0xff,
    0xfe, 0xf9, 0xff, 0xfd, 0xf3, 0xff, 0xfb, 0xe7,
    0xff, 0xf7, 0xcf, 0xff, 0xef, 0x9f, 0xff, 0xdf,
    0x3f, 0xff, 0xbe, 0x7f, 0xff, 0x7c,

    /* U+005B "[" */
    0x7f, 0xff, 0x8a, 0xff, 0xff, 0x15, 0xff, 0xfe,
    0x2b, 0xff, 0xfc, 0x57, 0xff, 0xf8, 0xaf, 0xff,
    0xf1, 0x5f, 0xff, 0xe2, 0xbf, 0xff, 0xc5, 0x7f,
    0xf8, 0x3f, 0x3f, 0xfc, 0x1f, 0x9f, 0xfe, 0xf,
    0xcf, 0xff, 0x7, 0xe7, 0xff, 0x83, 0xf3, 0xff,
    0xc1, 0xf9, 0xff, 0xe0, 0xfc, 0xff, 0xf0, 0x7e,
    0x7f, 0xf8, 0x3f, 0x3f, 0xfc, 0x1f, 0x9f, 0xfe,
    0xf, 0xcf, 0xff, 0x7, 0xe7, 0xff, 0x83, 0xf3,
    0xff, 0xc1, 0xf9, 0xff, 0xe0, 0xfc, 0xff, 0xf0,
    0x7e, 0x7f, 0xf8, 0x3f, 0x3f, 0xfc, 0x1f, 0x9f,
    0xfe, 0xf, 0xcf, 0xff, 0x7, 0xe7, 0xff, 0x83,
    0xf3, 0xff, 0xc1, 0xf9, 0xff, 0xe0, 0xfc, 0xff,
    0xf0, 0x7e, 0x7f, 0xf8, 0x3f, 0x3f, 0xfc, 0x1f,
    0x9f, 0xfe, 0xf, 0xcf, 0xff, 0x7, 0xe7, 0xff,
    0x83, 0xf3, 0xff, 0xc1, 0xf9, 0xff, 0xe0, 0xfc,
    0xff, 0xf0, 0x7e, 0x7f, 0xf8, 0x3f, 0x3f, 0xfc,
    0x1f, 0x9f, 0xfe, 0xf, 0xcf, 0xff, 0x7, 0xe7,
    0xff, 0x83, 0xf3, 0xff, 0xc1, 0xf9, 0xff, 0xe0,
    0xfc, 0xff, 0xf0, 0x7e, 0x7f, 0xf8, 0x3f, 0x3f,
    0xfc, 0x1f, 0x9f, 0xfe, 0xf, 0xcf, 0xff, 0x7,
    0xe7, 0xff, 0x83, 0xf3, 0xff, 0xc1, 0xf9, 0xff,
    0xe0, 0xfc, 0xff, 0xf0, 0x7e, 0x7f, 0xf8, 0x3f,
    0x3f, 0xfc, 0x1f, 0x9f, 0xfe, 0xf, 0xcf, 0xff,
    0x7, 0xe7, 0xff, 0x83, 0xf3, 0xff, 0xc1, 0xf9,
    0xff, 0xe0, 0xfc, 0xff, 0xf0, 0x7e, 0x7f, 0xf8,
    0x3f, 0x3f, 0xfc, 0x1f, 0x9f, 0xff, 0xe2, 0xbf,
    0xff, 0xc5, 0x7f, 0xff, 0x8a, 0xff, 0xff, 0x15,
    0xff, 0xfe, 0x2b, 0xff, 0xfc, 0x57, 0xff, 0xf8,
    0xaf, 0xff, 0xf1, 0x40,

    /* U+005C "\\" */
    0xbf, 0xf8, 0x3f, 0xf9, 0x7f, 0xfc, 0x1f, 0xfc,
    0xbf, 0xfe, 0x83, 0xff, 0x94, 0xff, 0xf0, 0x7f,
    0xf2, 0xff, 0xf9, 0xf, 0xfe, 0x55, 0xff, 0xa0,
    0xff, 0xe5, 0x3f, 0xfc, 0x1f, 0xfc, 0xbf, 0xfe,
    0x43, 0xff, 0x95, 0x7f, 0xf0, 0x7f, 0xf2, 0xff,
    0xf8, 0x3f, 0xf9, 0x7f, 0xfd, 0x7, 0xff, 0x29,
    0xff, 0xe0, 0xff, 0xe5, 0xff, 0xf2, 0x1f, 0xfc,
    0xab, 0xff, 0x41, 0xff, 0xca, 0x7f, 0xf8, 0x3f,
    0xf9, 0x7f, 0xfc, 0x87, 0xff, 0x2a, 0xff, 0xe0,
    0xff, 0xe5, 0xff, 0xf0, 0x7f, 0xf2, 0xff, 0xfa,
    0xf, 0xfe, 0x53, 0xff, 0xc1, 0xff, 0xcb, 0xff,
    0xe4, 0x3f, 0xf9, 0x57, 0xfe, 0x83, 0xff, 0x94,
    0xff, 0xf0, 0x7f, 0xf2, 0xff, 0xf9, 0xf, 0xfe,
    0x55, 0xff, 0xc1, 0xff, 0xcb, 0xff, 0xe0, 0xff,
    0xe5, 0xff, 0xf4, 0x1f, 0xfc, 0xa7, 0xff, 0x83,
    0xff, 0x97, 0xff, 0xc8, 0x7f, 0xf2, 0xaf, 0xfd,
    0x7, 0xff, 0x29, 0xff, 0xe0, 0xff, 0xe5, 0xff,
    0xf2, 0x1f, 0xfc, 0xab, 0xff, 0x83, 0xff, 0x97,
    0xff, 0xc1, 0xff, 0xcb, 0xff, 0xe8, 0x3f, 0xf9,
    0x4f, 0xff, 0x7, 0xff, 0x2f, 0xff, 0x83, 0xff,
    0x97, 0x7f, 0xe8, 0x3f, 0xf9, 0x4f, 0xff, 0x7,
    0xff, 0x2f, 0xff, 0x90, 0xff, 0xe5, 0x5f, 0xfa,
    0xf, 0xfe, 0x5f, 0xff, 0x7, 0xff, 0x2f, 0xff,
    0x90, 0xff, 0xe5, 0x3f, 0xfc, 0x1f, 0xfc, 0xbf,
    0xfe, 0xf, 0xfe, 0x5d, 0xff, 0xa0, 0xff, 0xe5,
    0x3f, 0xfc, 0x1f, 0xfc, 0xbf, 0xfe, 0x43, 0xff,
    0x95, 0x7f, 0xe8, 0x3f, 0xf9, 0x7f, 0xfc, 0x1f,
    0xfc, 0xbf, 0xfe, 0x43, 0xff, 0x94, 0xff, 0xf0,
    0x7f, 0xf2, 0xff, 0xf8, 0x3f, 0xf9, 0x77, 0xfe,
    0x83, 0xff, 0x94, 0xff, 0xf0, 0x7f, 0xf2, 0xff,
    0xf9, 0xf, 0xfe, 0x55, 0xff, 0xa0, 0xff, 0xe5,
    0xff, 0xf0, 0x7f, 0xf2, 0xff, 0xf9,

    /* U+005D "]" */
    0xbf, 0xff, 0x88, 0xdf, 0xff, 0xc4, 0x6f, 0xff,
    0xe2, 0x37, 0xff, 0xf1, 0x1b, 0xff, 0xf8, 0x8d,
    0xff, 0xfc, 0x46, 0xff, 0xfe, 0x23, 0x7f, 0xff,
    0x11, 0xf, 0xdf, 0xfc, 0x87, 0xef, 0xfe, 0x43,
    0xf7, 0xff, 0x21, 0xfb, 0xff, 0x90, 0xfd, 0xff,
    0xc8, 0x7e, 0xff, 0xe4, 0x3f, 0x7f, 0xf2, 0x1f,
    0xbf, 0xf9, 0xf, 0xdf, 0xfc, 0x87, 0xef, 0xfe,
    0x43, 0xf7, 0xff, 0x21, 0xfb, 0xff, 0x90, 0xfd,
    0xff, 0xc8, 0x7e, 0xff, 0xe4, 0x3f, 0x7f, 0xf2,
    0x1f, 0xbf, 0xf9, 0xf, 0xdf, 0xfc, 0x87, 0xef,
    0xfe, 0x43, 0xf7, 0xff, 0x21, 0xfb, 0xff, 0x90,
    0xfd, 0xff, 0xc8, 0x7e, 0xff, 0xe4, 0x3f, 0x7f,
    0xf2, 0x1f, 0xbf, 0xf9, 0xf, 0xdf, 0xfc, 0x87,
    0xef, 0xfe, 0x43, 0xf7, 0xff, 0x21, 0xfb, 0xff,
    0x90, 0xfd, 0xff, 0xc8, 0x7e, 0xff, 0xe4, 0x3f,
    0x7f, 0xf2, 0x1f, 0xbf, 0xf9, 0xf, 0xdf, 0xfc,
    0x87, 0xef, 0xfe, 0x43, 0xf7, 0xff, 0x21, 0xfb,
    0xff, 0x90, 0xfd, 0xff, 0xc8, 0x7e, 0xff, 0xe4,
    0x3f, 0x7f, 0xf2, 0x1f, 0xbf, 0xf9, 0xf, 0xdf,
    0xfc, 0x87, 0xef, 0xfe, 0x43, 0xf7, 0xff, 0x21,
    0xfb, 0xff, 0x90, 0xfd, 0xff, 0xc8, 0x7e, 0xff,
    0xe4, 0x3f, 0x7f, 0xf2, 0x1f, 0xbf, 0xf9, 0xf,
    0xdf, 0xfc, 0x87, 0xef, 0xfe, 0x43, 0xf7, 0xff,
    0x21, 0xfb, 0xff, 0x90, 0xfd, 0xff, 0xc8, 0x7e,
    0xff, 0xe4, 0x3f, 0x7f, 0xf2, 0x1f, 0xbf, 0xf9,
    0xf, 0xdf, 0xfc, 0x87, 0xef, 0xfe, 0x6f, 0xff,
    0xe2, 0x37, 0xff, 0xf1, 0x1b, 0xff, 0xf8, 0x8d,
    0xff, 0xfc, 0x46, 0xff, 0xfe, 0x23, 0x7f, 0xff,
    0x11, 0xbf, 0xff, 0x88, 0xdf, 0xff, 0xc4, 0x40,

    /* U+005E "^" */
    0xf, 0xfe, 0x3f, 0xfd, 0x7, 0xff, 0x62, 0xff,
    0xc1, 0xff, 0xd8, 0xff, 0xf0, 0x7f, 0xf5, 0xbf,
    0xfe, 0x43, 0xff, 0xa8, 0xff, 0xff, 0x0, 0x3f,
    0xfa, 0x9f, 0xff, 0xc1, 0x43, 0xff, 0xa4, 0xff,
    0xff, 0x8, 0x3f, 0xfa, 0x5f, 0xff, 0xc3, 0x83,
    0xff, 0xa1, 0x7f, 0xff, 0x10, 0x3f, 0xfa, 0x1f,
    0xff, 0xc5, 0x83, 0xff, 0x9d, 0x7f, 0xe1, 0xff,
    0xc1, 0xff, 0xce, 0xff, 0xd0, 0x3f, 0xf8, 0x3f,
    0xf9, 0x9f, 0xfc, 0x13, 0xff, 0x90, 0xff, 0xe5,
    0x3f, 0xfa, 0xd, 0xff, 0xc1, 0xff, 0xca, 0xff,
    0xe0, 0xe7, 0xff, 0x21, 0xff, 0xc8, 0x7f, 0xf2,
    0x1e, 0xff, 0xe0, 0xff, 0xe4, 0x7f, 0xf0, 0x7c,
    0xff, 0xe8, 0x3f, 0xf8, 0xd7, 0xfe, 0x43, 0xf5,
    0xff, 0x83, 0xff, 0x8d, 0xff, 0xc1, 0xfe, 0xff,
    0xd0, 0x7f, 0xf1, 0x2f, 0xfc, 0x87, 0xfa, 0xff,
    0xc1, 0xff, 0xc4, 0xff, 0xe0, 0xff, 0xe0, 0x7f,
    0xf0, 0x7f, 0xf0, 0xbf, 0xf8, 0x3f, 0xf8, 0x37,
    0xfe, 0x43, 0xff, 0x80, 0xff, 0xe8, 0x3f, 0xf8,
    0x5f, 0xfc, 0x1f, 0xfc, 0xf, 0xfe, 0xf, 0xfe,
    0x1d, 0xff, 0x90, 0xff, 0x3f, 0xfa, 0xf, 0xfe,
    0x27, 0xff, 0x7, 0xfb, 0xff, 0x83, 0xff, 0x8a,
    0xff, 0xe8, 0x3f, 0x5f, 0xfa, 0xf, 0xfe, 0x37,
    0xff, 0x7, 0xef, 0xfe, 0xf, 0xfe, 0x3b, 0xff,
    0xa0, 0xf5, 0xff, 0x90, 0xff, 0xe4, 0x7f, 0xf2,
    0x1d, 0xff, 0xc1, 0xff, 0xc9, 0x7f, 0xf8, 0x37,
    0xff, 0x21, 0xff, 0xca, 0xff, 0xe4, 0xf, 0xff,
    0x7, 0xff, 0x33, 0xff, 0x81, 0xff, 0xc8, 0x7f,
    0xf3, 0x2f, 0xfc, 0x80,

    /* U+005F "_" */
    0xaf, 0xfe, 0xf9, 0xff, 0xfd, 0xf7, 0xff, 0xfb,
    0xef, 0xff, 0xf7, 0xdf, 0xff, 0xef, 0xbf, 0xff,
    0xdf, 0x7f, 0xff, 0xbe, 0xff, 0xff, 0x7d,

    /* U+0060 "`" */
    0x2b, 0xf9, 0xf, 0xcf, 0xff, 0x7, 0xf5, 0xff,
    0xa0, 0xfe, 0xff, 0xe4, 0x3f, 0xbf, 0xf8, 0x3f,
    0x9f, 0xfd, 0x7, 0xf7, 0xff, 0x7, 0xfb, 0xff,
    0x41, 0xfc, 0xff, 0xe4, 0x3f, 0xaf, 0xfc, 0x1f,
    0xef, 0xfc, 0x87, 0xfb, 0xff, 0x7, 0xf9, 0xff,
    0xa0,

    /* U+0061 "a" */
    0xf, 0xfe, 0x1b, 0x7f, 0xd2, 0x1f, 0xfc, 0xcb,
    0xff, 0xf8, 0x68, 0x7f, 0xf1, 0x9f, 0xff, 0xe4,
    0x21, 0xff, 0xc3, 0xff, 0xfe, 0x60, 0x7f, 0xf0,
    0x2f, 0xff, 0xe7, 0x7, 0xfb, 0xff, 0xfa, 0x21,
    0xfb, 0xff, 0xfa, 0x61, 0xe7, 0xff, 0xfa, 0x70,
    0x7a, 0xff, 0xf4, 0x87, 0xaf, 0xff, 0xe0, 0x7,
    0xd7, 0xfa, 0xf, 0xfe, 0x5, 0xff, 0xe8, 0x3e,
    0xbf, 0x21, 0xff, 0xc2, 0xbf, 0xfc, 0x1f, 0xbd,
    0x7, 0xff, 0x17, 0xff, 0xc1, 0xfc, 0x87, 0xff,
    0x19, 0xff, 0xe4, 0x3f, 0xfa, 0x1f, 0xfd, 0x7,
    0xff, 0x43, 0xff, 0xa0, 0xff, 0xe8, 0x7f, 0xf4,
    0x1f, 0xfc, 0x45, 0xe0, 0xfb, 0xff, 0xa0, 0xff,
    0xaf, 0xff, 0xe0, 0x48, 0x3f, 0xfa, 0xf, 0xcf,
    0xff, 0xf1, 0xaf, 0xfe, 0x83, 0xcf, 0xff, 0xf4,
    0xa0, 0xeb, 0xff, 0xfa, 0x70, 0x6f, 0xff, 0xea,
    0xc1, 0x5f, 0xff, 0xd5, 0x80, 0xff, 0xff, 0x1,
    0xf, 0x2a, 0xff, 0xfe, 0x4, 0xf, 0xff, 0x83,
    0xff, 0x85, 0x7f, 0xf4, 0x3f, 0xfe, 0xf, 0xfe,
    0x27, 0xff, 0x47, 0xff, 0x83, 0xff, 0x8b, 0xff,
    0xd1, 0xff, 0xd0, 0x7f, 0xf1, 0x7f, 0xfa, 0x7f,
    0xf9, 0xf, 0xfe, 0x2f, 0xff, 0x4f, 0xff, 0x21,
    0xff, 0xc5, 0xff, 0xe9, 0xff, 0xe4, 0x3f, 0xf8,
    0x97, 0xff, 0x4f, 0xff, 0x41, 0xff, 0xc4, 0xff,
    0xf4, 0xff, 0xf8, 0x3f, 0xf8, 0x7f, 0xff, 0x47,
    0xff, 0xa0, 0xff, 0xe0, 0x3f, 0xff, 0xc0, 0x8f,
    0xff, 0xa0, 0xff, 0x5f, 0xff, 0xc1, 0x87, 0xff,
    0xf8, 0x12, 0x80, 0xdf, 0xff, 0xc4, 0x81, 0xff,
    0xfd, 0x78, 0xf, 0xff, 0xf3, 0x6f, 0xfd, 0x5,
    0x7f, 0xff, 0x2d, 0x5f, 0xfa, 0xd, 0x7f, 0xff,
    0x25, 0x1f, 0xfd, 0x7, 0x3f, 0xff, 0xc7, 0x9,
    0xff, 0xd0, 0x7d, 0x7f, 0xff, 0xd, 0xc, 0xff,
    0xe8, 0x3f, 0xaf, 0xff, 0x48, 0x79, 0xff, 0xd0,
    0x7f, 0xf0, 0x17, 0xc1, 0xff, 0xc8,

    /* U+0062 "b" */
    0x7f, 0xf9, 0xf, 0xfe, 0xa3, 0xff, 0xc8, 0x7f,
    0xf5, 0x1f, 0xfe, 0x43, 0xff, 0xa8, 0xff, 0xf2,
    0x1f, 0xfd, 0x47, 0xff, 0x90, 0xff, 0xea, 0x3f,
    0xfc, 0x87, 0xff, 0x51, 0xff, 0xe4, 0x3f, 0xfa,
    0x8f, 0xff, 0x21, 0xff, 0xd4, 0x7f, 0xf9, 0xf,
    0xfe, 0xa3, 0xff, 0xc8, 0x7f, 0xf5, 0x1f, 0xfe,
    0x43, 0xff, 0xa8, 0xff, 0xf2, 0x1f, 0xfd, 0x47,
    0xff, 0x90, 0xff, 0xea, 0x3f, 0xfc, 0x87, 0xff,
    0x51, 0xff, 0xe4, 0x3f, 0xfa, 0x8f, 0xff, 0x21,
    0xff, 0xd4, 0x7f, 0xf9, 0xf, 0xfe, 0xa3, 0xff,
    0xc8, 0x7f, 0x97, 0xc1, 0xff, 0xc4, 0x7f, 0xf9,
    0xf, 0x37, 0xff, 0xa0, 0xff, 0xe0, 0xbf, 0xfc,
    0x86, 0x7f, 0xff, 0x88, 0x87, 0xf9, 0xff, 0xe4,
    0x2f, 0xff, 0xe3, 0xc1, 0xfc, 0xff, 0xf2, 0x3f,
    0xff, 0xca, 0xf, 0xcf, 0xff, 0x37, 0xff, 0xf3,
    0x10, 0xf3, 0xff, 0xfd, 0x80, 0xf3, 0xff, 0xfd,
    0x90, 0xe7, 0xff, 0xfb, 0x30, 0x67, 0xff, 0xf8,
    0xa8, 0x73, 0xff, 0xfc, 0x24, 0x27, 0xff, 0xf8,
    0x68, 0x7f, 0x3f, 0xff, 0xc1, 0x9, 0xff, 0xfe,
    0xc, 0x1f, 0xfc, 0x1b, 0xff, 0xe4, 0xf, 0xff,
    0xf0, 0x20, 0xff, 0xe1, 0xdf, 0xff, 0x1, 0xff,
    0xfe, 0x0, 0x7f, 0xf1, 0x7f, 0xfe, 0x3, 0xff,
    0xf0, 0x7f, 0xf1, 0x9f, 0xff, 0x23, 0xff, 0xe8,
    0x3f, 0xf8, 0xff, 0xff, 0xf, 0xff, 0x83, 0xff,
    0x90, 0xff, 0xf8, 0x7f, 0xfc, 0x1f, 0xfc, 0x9f,
    0xff, 0xf, 0xff, 0x41, 0xff, 0xc9, 0xff, 0xf2,
    0xbf, 0xf9, 0xf, 0xfe, 0x4d, 0xff, 0xca, 0xff,
    0xe0, 0xff, 0xe5, 0x5f, 0xfc, 0xaf, 0xfe, 0xf,
    0xfe, 0x55, 0xff, 0xd3, 0xff, 0xc1, 0xff, 0xca,
    0x7f, 0xfa, 0x7f, 0xf8, 0x3f, 0xf9, 0x57, 0xff,
    0x4f, 0xff, 0x7, 0xff, 0x2a, 0xff, 0xe5, 0x7f,
    0xf2, 0x1f, 0xfc, 0x9b, 0xff, 0x95, 0xff, 0xc8,
    0x7f, 0xf2, 0x7f, 0xfc, 0xaf, 0xfe, 0x83, 0xff,
    0x93, 0xff, 0xe1, 0xff, 0xf0, 0x7f, 0xf2, 0x1f,
    0xff, 0xf, 0xff, 0x90, 0xff, 0xe3, 0xff, 0xfa,
    0x1f, 0xff, 0x83, 0xff, 0x8c, 0xff, 0xf9, 0x1f,
    0xff, 0xa0, 0xff, 0xe2, 0xff, 0xfc, 0x7, 0xff,
    0xf8, 0x8, 0x7f, 0xf0, 0xef, 0xff, 0x80, 0xff,
    0xff, 0x5, 0xf, 0xfe, 0xd, 0xff, 0xf2, 0x7,
    0xff, 0xf8, 0x50, 0x7f, 0xdf, 0xff, 0xc1, 0x9,
    0xff, 0xfe, 0x24, 0x87, 0x37, 0xff, 0xf0, 0x50,
    0x9f, 0xff, 0xec, 0xc1, 0x9f, 0xff, 0xec, 0x87,
    0x3f, 0xff, 0xd8, 0xf, 0x3f, 0xfa, 0x3f, 0xff,
    0x9a, 0x1f, 0x3f, 0xfa, 0x5, 0xff, 0xfc, 0xa0,
    0xfc, 0xff, 0xe8, 0x27, 0xff, 0xf8, 0xf0, 0x7f,
    0x3f, 0xfa, 0xe, 0xbf, 0xff, 0x87, 0x7, 0xfc,
    0xff, 0xe8, 0x3e, 0xbf, 0xfe, 0x43, 0xff, 0xaa,
    0xbe, 0xf, 0xfe, 0x28,

    /* U+0063 "c" */
    0xf, 0xfe, 0x32, 0xfc, 0x1f, 0xfd, 0x6, 0xff,
    0xfa, 0x43, 0xff, 0x95, 0x7f, 0xff, 0x15, 0xf,
    0xfe, 0x35, 0xff, 0xfc, 0x94, 0x3f, 0xf8, 0x7f,
    0xff, 0xcd, 0xf, 0xfe, 0x3, 0xff, 0xfc, 0xf4,
    0x3f, 0x9f, 0xff, 0xe8, 0xa1, 0xf3, 0xff, 0xfd,
    0x34, 0x3d, 0xff, 0xfd, 0x48, 0x3b, 0xff, 0xf8,
    0x50, 0x73, 0x7f, 0xfa, 0xe, 0x7f, 0xff, 0x80,
    0x87, 0xf9, 0xff, 0x90, 0xf7, 0xff, 0xd0, 0x7f,
    0xf0, 0xaf, 0xc8, 0x79, 0xff, 0xf4, 0x1f, 0xfc,
    0x4b, 0xc8, 0x7d, 0xff, 0xf0, 0x7f, 0xf1, 0xa4,
    0x3e, 0x7f, 0xfc, 0x87, 0xff, 0x3e, 0xff, 0xf0,
    0x7f, 0xf4, 0x3f, 0xfc, 0x87, 0xff, 0x43, 0xff,
    0xc1, 0xff, 0xd1, 0xff, 0xf0, 0x7f, 0xf4, 0x1f,
    0xfe, 0x83, 0xff, 0xa0, 0xff, 0xf4, 0x1f, 0xfd,
    0x7, 0xff, 0xa0, 0xff, 0xe8, 0x5f, 0xfc, 0x87,
    0xff, 0x41, 0xff, 0xe8, 0x3f, 0xfa, 0xf, 0xff,
    0x41, 0xff, 0xd0, 0x7f, 0xfa, 0xf, 0xfe, 0x8f,
    0xff, 0x83, 0xff, 0xa3, 0xff, 0xe0, 0xff, 0xe8,
    0xff, 0xf9, 0xf, 0xfe, 0x85, 0xff, 0xe0, 0xff,
    0xe8, 0x3f, 0xfe, 0x43, 0xff, 0x8f, 0xc1, 0xf7,
    0xff, 0xc1, 0xff, 0xc6, 0xbe, 0xf, 0x3f, 0xfe,
    0x83, 0xff, 0x89, 0x7f, 0x7, 0xbf, 0xfe, 0x83,
    0xff, 0x85, 0x7f, 0xc1, 0xcf, 0xff, 0xf0, 0x10,
    0xff, 0x3f, 0xfe, 0x43, 0x7f, 0xff, 0x9, 0xe,
    0x6f, 0xff, 0xe0, 0x41, 0xdf, 0xff, 0xd5, 0xf,
    0x3f, 0xff, 0xd3, 0xf, 0xcf, 0xff, 0xf4, 0x50,
    0xfe, 0x7f, 0xff, 0x9e, 0x87, 0xfc, 0xff, 0xff,
    0x34, 0x3f, 0xf8, 0x77, 0xff, 0xf2, 0x60, 0xff,
    0xe3, 0x5f, 0xff, 0xc5, 0x83, 0xff, 0x94, 0xdf,
    0xff, 0x48, 0x7f, 0xf4, 0x17, 0xe0, 0xff, 0xe1,
    0x0,

    /* U+0064 "d" */
    0xf, 0xfe, 0xa5, 0xff, 0xc1, 0xff, 0xd5, 0xbf,
    0xf8, 0x3f, 0xfa, 0xb7, 0xff, 0x7, 0xff, 0x56,
    0xff, 0xe0, 0xff, 0xea, 0xdf, 0xfc, 0x1f, 0xfd,
    0x5b, 0xff, 0x83, 0xff, 0xab, 0x7f, 0xf0, 0x7f,
    0xf5, 0x6f, 0xfe, 0xf, 0xfe, 0xad, 0xff, 0xc1,
    0xff, 0xd5, 0xbf, 0xf8, 0x3f, 0xfa, 0xb7, 0xff,
    0x7, 0xff, 0x56, 0xff, 0xe0, 0xff, 0xea, 0xdf,
    0xfc, 0x1f, 0xfd, 0x5b, 0xff, 0x83, 0xff, 0xab,
    0x7f, 0xf0, 0x7f, 0xf5, 0x6f, 0xfe, 0xf, 0xfe,
    0xad, 0xff, 0xc1, 0xff, 0xc6, 0x5f, 0x7, 0xf5,
    0xff, 0xc1, 0xff, 0xc2, 0x6f, 0xff, 0x41, 0xeb,
    0xff, 0x83, 0xff, 0x80, 0xff, 0xff, 0x11, 0xa,
    0xff, 0xe0, 0xff, 0xbf, 0xff, 0x8f, 0x2, 0xff,
    0xe0, 0xfe, 0x7f, 0xff, 0x94, 0x5f, 0xfc, 0x1f,
    0xaf, 0xff, 0xe6, 0x5f, 0xfc, 0x1f, 0x5f, 0xff,
    0xd7, 0xf, 0x5f, 0xff, 0xd8, 0xe, 0x7f, 0xff,
    0xb2, 0x1d, 0xff, 0xfc, 0x24, 0x39, 0xff, 0xfe,
    0x28, 0x6b, 0xff, 0xf8, 0x1, 0xfe, 0x7f, 0xff,
    0x86, 0x1b, 0xff, 0xe8, 0x3f, 0xf8, 0x37, 0xff,
    0xf0, 0x42, 0xbf, 0xfd, 0x7, 0xff, 0xe, 0xff,
    0xfe, 0x0, 0x5f, 0xff, 0x7, 0xff, 0x17, 0xff,
    0xf8, 0x0, 0x7f, 0xfc, 0x1f, 0xfc, 0x67, 0xff,
    0xe0, 0x7f, 0xfa, 0xf, 0xfe, 0x3d, 0xff, 0xe0,
    0x7f, 0xf9, 0xf, 0xfe, 0x3b, 0xff, 0xe0, 0x7f,
    0xf8, 0x3f, 0xf9, 0x3f, 0xfe, 0x1f, 0xff, 0x7,
    0xff, 0x26, 0xff, 0xe2, 0xff, 0xe8, 0x3f, 0xf9,
    0x37, 0xff, 0x17, 0xff, 0x41, 0xff, 0xc9, 0x7f,
    0xf8, 0xbf, 0xf9, 0xf, 0xfe, 0x4b, 0xff, 0xc5,
    0xff, 0xc8, 0x7f, 0xf2, 0x5f, 0xfe, 0x2f, 0xfe,
    0x43, 0xff, 0x92, 0xff, 0xf1, 0x7f, 0xf4, 0x1f,
    0xfc, 0x97, 0xff, 0x8b, 0xff, 0xa0, 0xff, 0xe4,
    0xdf, 0xfc, 0x3f, 0xfe, 0xf, 0xfe, 0x4d, 0xff,
    0xc0, 0xff, 0xf0, 0x7f, 0xf2, 0x7f, 0xfc, 0xf,
    0xff, 0x21, 0xff, 0xc7, 0x7f, 0xfc, 0xf, 0xff,
    0x83, 0xff, 0x8f, 0x7f, 0xf8, 0x17, 0xff, 0x90,
    0xff, 0xe3, 0x7f, 0xfc, 0x17, 0xff, 0xc1, 0xff,
    0xc5, 0xff, 0xfe, 0x0, 0x5f, 0xff, 0x41, 0xff,
    0xc3, 0xbf, 0xff, 0x80, 0x13, 0xff, 0xf4, 0x1f,
    0xfc, 0x1b, 0xff, 0xf8, 0x21, 0xbf, 0xff, 0x82,
    0x1f, 0xe7, 0xff, 0xf8, 0x61, 0x9f, 0xff, 0xe0,
    0xc8, 0x73, 0xff, 0xfc, 0x50, 0xeb, 0xff, 0xfb,
    0x21, 0xef, 0xff, 0xec, 0x87, 0xdf, 0xff, 0xce,
    0x7f, 0xf8, 0x3f, 0x7f, 0xff, 0x32, 0x3f, 0xf8,
    0x3f, 0xbf, 0xff, 0x94, 0x83, 0xff, 0x83, 0xfd,
    0x7f, 0xff, 0x1d, 0xb, 0xff, 0x83, 0xff, 0x81,
    0x7f, 0xff, 0xe, 0xe, 0xff, 0xe0, 0xff, 0xe1,
    0x3f, 0xff, 0x21, 0xf7, 0xff, 0x7, 0xff, 0x19,
    0x78, 0x3f, 0xf9, 0x20,

    /* U+0065 "e" */
    0xf, 0xfe, 0x1a, 0xaf, 0xf5, 0x10, 0xff, 0xe7,
    0xdf, 0xff, 0xc2, 0x83, 0xff, 0x97, 0x7f, 0xff,
    0x1a, 0xf, 0xfe, 0x3d, 0xff, 0xfc, 0xa4, 0x3f,
    0xf8, 0x9f, 0xff, 0xcd, 0x83, 0xff, 0x85, 0xff,
    0xfc, 0xf8, 0x3f, 0xf8, 0x1f, 0xff, 0xd1, 0x83,
    0xfd, 0xff, 0xfd, 0x34, 0x3f, 0x5f, 0xff, 0xc0,
    0x43, 0x9b, 0xff, 0xf8, 0x1, 0xf3, 0xff, 0xf2,
    0x1f, 0xeb, 0xff, 0xd0, 0x7b, 0xff, 0xe0, 0xff,
    0xe0, 0xbf, 0xfe, 0xe, 0x7f, 0xfc, 0x1f, 0xfc,
    0x37, 0xff, 0xa0, 0xdf, 0xfe, 0x43, 0xff, 0x89,
    0x7f, 0xf0, 0x6f, 0xfe, 0x83, 0xff, 0x8d, 0xff,
    0xc8, 0x1f, 0xfe, 0xf, 0xfe, 0x3f, 0xff, 0x40,
    0xff, 0xf0, 0x7f, 0xf1, 0xef, 0xfe, 0x7, 0xff,
    0x41, 0xff, 0xc7, 0x7f, 0xf8, 0x1f, 0xfc, 0x87,
    0xff, 0x1d, 0xff, 0xe5, 0x7f, 0xff, 0x6d, 0x5f,
    0xff, 0xdb, 0x9f, 0xff, 0xed, 0xd3, 0xff, 0xfb,
    0x73, 0xff, 0xfd, 0xb9, 0xff, 0xfe, 0xdc, 0xff,
    0xff, 0x6e, 0x3f, 0xf9, 0xf, 0xfe, 0x9f, 0xff,
    0x41, 0xff, 0xd3, 0xff, 0xf0, 0x7f, 0xf4, 0xef,
    0xfe, 0xf, 0xfe, 0x9b, 0xff, 0xd0, 0x7f, 0xf4,
    0xff, 0xfc, 0x1f, 0xfc, 0x98, 0x3f, 0xaf, 0xff,
    0x7, 0xff, 0x1f, 0xd0, 0x7f, 0x7f, 0xfa, 0xf,
    0xfe, 0x23, 0xfa, 0xf, 0xd7, 0xff, 0xc1, 0xff,
    0xc2, 0xbf, 0xd0, 0x7e, 0xff, 0xfe, 0x4, 0x87,
    0xf5, 0xff, 0xd0, 0x7c, 0xff, 0xff, 0xe, 0xb7,
    0xff, 0xf0, 0xa0, 0xf9, 0xff, 0xfe, 0xa0, 0x7f,
    0x5f, 0xff, 0xd2, 0x43, 0xfc, 0xff, 0xff, 0x40,
    0x3f, 0xf8, 0x2f, 0xff, 0xf3, 0x60, 0xff, 0xe2,
    0x5f, 0xff, 0xca, 0x43, 0xff, 0x8f, 0x7f, 0xff,
    0x16, 0x43, 0xff, 0x96, 0xdf, 0xff, 0x48, 0x7f,
    0xf4, 0x97, 0xe0, 0xff, 0xe2, 0x0,

    /* U+0066 "f" */
    0xf, 0xfe, 0x23, 0x7f, 0xa4, 0x3f, 0xf8, 0x6f,
    0xff, 0xf0, 0x50, 0xff, 0xe0, 0x7f, 0xff, 0xe,
    0xf, 0xfb, 0xff, 0xf8, 0x88, 0x7f, 0xbf, 0xff,
    0x8a, 0x1f, 0xef, 0xff, 0xe3, 0x7, 0xf3, 0xff,
    0xfc, 0x60, 0xfe, 0xff, 0xfe, 0x34, 0x1f, 0x9f,
    0xff, 0xe0, 0x4d, 0x3d, 0x7, 0xeb, 0xff, 0xc8,
    0x7f, 0xf1, 0x3f, 0xfc, 0x87, 0xff, 0x17, 0xff,
    0xc1, 0xff, 0xc6, 0xff, 0xe8, 0x3f, 0xf8, 0xdf,
    0xfd, 0x7, 0xff, 0x1b, 0xff, 0x90, 0xff, 0xe2,
    0xbf, 0xfc, 0x87, 0xff, 0x15, 0xff, 0xe4, 0x3f,
    0xf8, 0xaf, 0xff, 0x21, 0xff, 0xc5, 0x7f, 0xf9,
    0xf, 0xfe, 0x2b, 0xff, 0xc8, 0x7f, 0xdf, 0xff,
    0xcd, 0x41, 0xff, 0xfc, 0xd4, 0x1f, 0xff, 0xcd,
    0x41, 0xff, 0xfc, 0xd4, 0x1f, 0xff, 0xcd, 0x41,
    0xff, 0xfc, 0xd4, 0x1f, 0xff, 0xcd, 0x41, 0xff,
    0xfc, 0xd4, 0x3f, 0x3f, 0xfc, 0x87, 0xff, 0x15,
    0xff, 0xe4, 0x3f, 0xf8, 0xaf, 0xff, 0x21, 0xff,
    0xc5, 0x7f, 0xf9, 0xf, 0xfe, 0x2b, 0xff, 0xc8,
    0x7f, 0xf1, 0x5f, 0xfe, 0x43, 0xff, 0x8a, 0xff,
    0xf2, 0x1f, 0xfc, 0x57, 0xff, 0x90, 0xff, 0xe2,
    0xbf, 0xfc, 0x87, 0xff, 0x15, 0xff, 0xe4, 0x3f,
    0xf8, 0xaf, 0xff, 0x21, 0xff, 0xc5, 0x7f, 0xf9,
    0xf, 0xfe, 0x2b, 0xff, 0xc8, 0x7f, 0xf1, 0x5f,
    0xfe, 0x43, 0xff, 0x8a, 0xff, 0xf2, 0x1f, 0xfc,
    0x57, 0xff, 0x90, 0xff, 0xe2, 0xbf, 0xfc, 0x87,
    0xff, 0x15, 0xff, 0xe4, 0x3f, 0xf8, 0xaf, 0xff,
    0x21, 0xff, 0xc5, 0x7f, 0xf9, 0xf, 0xfe, 0x2b,
    0xff, 0xc8, 0x7f, 0xf1, 0x5f, 0xfe, 0x43, 0xff,
    0x8a, 0xff, 0xf2, 0x1f, 0xfc, 0x57, 0xff, 0x90,
    0xff, 0xe2, 0xbf, 0xfc, 0x87, 0xff, 0x15, 0xff,
    0xe4, 0x3f, 0xf8, 0xaf, 0xff, 0x21, 0xff, 0xc5,
    0x7f, 0xf9, 0xf, 0xfe, 0x2b, 0xff, 0xc8, 0x7f,
    0xf1, 0x5f, 0xfe, 0x43, 0xff, 0x8a, 0xff, 0xf2,
    0x1f, 0xfc, 0x57, 0xff, 0x90, 0xff, 0xe2, 0xbf,
    0xfc, 0x87, 0xff, 0x15, 0xff, 0xe4, 0x3f, 0xe0,

    /* U+0067 "g" */
    0xf, 0xfe, 0x2a, 0xf8, 0x3f, 0xfa, 0x8d, 0xff,
    0xe4, 0x3e, 0xaf, 0xe0, 0xff, 0x9f, 0xff, 0xe1,
    0xc1, 0xdf, 0xfc, 0x1f, 0xcf, 0xff, 0xf1, 0xd0,
    0xbf, 0xf8, 0x3f, 0x5f, 0xff, 0xc9, 0x81, 0xff,
    0xc1, 0xf5, 0xff, 0xfc, 0xb8, 0xff, 0xe0, 0xf5,
    0xff, 0xfc, 0xd7, 0xff, 0x83, 0xaf, 0xff, 0xec,
    0x6, 0x7f, 0xff, 0xb2, 0x1b, 0xff, 0xf8, 0x48,
    0x73, 0xff, 0xfc, 0x50, 0xaf, 0xff, 0xe0, 0x7,
    0xf9, 0xff, 0xfe, 0x18, 0x5f, 0xff, 0x41, 0xff,
    0xc1, 0xff, 0xfe, 0x10, 0x2f, 0xff, 0x41, 0xff,
    0xc3, 0xff, 0xfe, 0x8, 0x3f, 0xfe, 0xf, 0xfe,
    0x2f, 0xff, 0xf0, 0x7, 0xff, 0xc8, 0x7f, 0xf1,
    0x5f, 0xff, 0x8b, 0xff, 0xc1, 0xff, 0xc7, 0xff,
    0xf8, 0xff, 0xf2, 0x1f, 0xfc, 0x77, 0xff, 0xc7,
    0xff, 0x83, 0xff, 0x93, 0xff, 0xe3, 0xff, 0xc1,
    0xff, 0xc9, 0xff, 0xf3, 0xff, 0xd0, 0x7f, 0xf2,
    0x6f, 0xfe, 0x7f, 0xfa, 0xf, 0xfe, 0x4d, 0xff,
    0xcf, 0xff, 0x41, 0xff, 0xc9, 0x7f, 0xfa, 0xff,
    0xe8, 0x3f, 0xf9, 0x2f, 0xff, 0x3f, 0xfd, 0x7,
    0xff, 0x25, 0xff, 0xe7, 0xff, 0xa0, 0xff, 0xe4,
    0xdf, 0xfc, 0xff, 0xf8, 0x3f, 0xf9, 0x37, 0xff,
    0x1f, 0xfe, 0xf, 0xfe, 0x4f, 0xff, 0x8f, 0xff,
    0x7, 0xff, 0x27, 0xff, 0xc7, 0xff, 0xa0, 0xff,
    0xe3, 0xbf, 0xfe, 0x2f, 0xff, 0x7, 0xff, 0x1f,
    0xff, 0xe1, 0xff, 0xf4, 0x1f, 0xfc, 0x57, 0xff,
    0xe0, 0x7f, 0xfc, 0x1f, 0xfc, 0x5f, 0xff, 0xe0,
    0x2, 0xff, 0xf8, 0x3f, 0xf8, 0x7f, 0xff, 0xc1,
    0xb, 0xff, 0xf8, 0x1, 0xff, 0xc1, 0xff, 0xfe,
    0x10, 0x57, 0xff, 0xf0, 0x20, 0xfe, 0xbf, 0xff,
    0x86, 0x1b, 0xff, 0xf8, 0x54, 0x5a, 0xff, 0xfe,
    0x30, 0x67, 0xff, 0xfb, 0x21, 0xcf, 0xff, 0xf6,
    0x3, 0xd7, 0xff, 0xf3, 0x2f, 0xff, 0x7, 0xd7,
    0xff, 0xf2, 0xa3, 0xff, 0xc1, 0xf9, 0xff, 0xfe,
    0x44, 0xf, 0xff, 0x7, 0xfa, 0xff, 0xfe, 0x2a,
    0x17, 0xff, 0x83, 0xff, 0x81, 0x7f, 0xff, 0x6,
    0xe, 0xff, 0xf0, 0x7f, 0xf0, 0x9b, 0xfd, 0x44,
    0x3e, 0xff, 0xf0, 0x7f, 0xf5, 0x3f, 0xfc, 0x1f,
    0xfd, 0x4f, 0xfe, 0x83, 0xff, 0xa7, 0x7f, 0xf2,
    0x1f, 0xfd, 0x3f, 0xff, 0x21, 0xeb, 0xf, 0xfe,
    0x55, 0xff, 0xe0, 0xf3, 0xf2, 0x1f, 0xfc, 0x77,
    0xff, 0xd0, 0x7b, 0xfc, 0x1f, 0xfc, 0x57, 0xff,
    0xe4, 0x3b, 0xff, 0x48, 0x7f, 0xf0, 0x6f, 0xff,
    0xe0, 0x7, 0x3f, 0xff, 0x48, 0x7c, 0xdf, 0xff,
    0xc1, 0x43, 0xbf, 0xff, 0xaf, 0x7, 0x5f, 0xff,
    0xd7, 0xf, 0xaf, 0xff, 0xea, 0x87, 0xf5, 0xff,
    0xfd, 0x30, 0xff, 0xe0, 0x7f, 0xff, 0x42, 0xf,
    0xfe, 0x13, 0xff, 0xfc, 0xd4, 0x3f, 0xf8, 0xad,
    0xff, 0xfc, 0x84, 0x3f, 0xf9, 0x4d, 0xff, 0xfc,
    0x28, 0x3f, 0xfa, 0x4b, 0xf8, 0x3f, 0xf8, 0xa0,

    /* U+0068 "h" */
    0x7f, 0xf9, 0xf, 0xfe, 0x83, 0xff, 0xc8, 0x7f,
    0xf4, 0x1f, 0xfe, 0x43, 0xff, 0xa0, 0xff, 0xf2,
    0x1f, 0xfd, 0x7, 0xff, 0x90, 0xff, 0xe8, 0x3f,
    0xfc, 0x87, 0xff, 0x41, 0xff, 0xe4, 0x3f, 0xfa,
    0xf, 0xff, 0x21, 0xff, 0xd0, 0x7f, 0xf9, 0xf,
    0xfe, 0x83, 0xff, 0xc8, 0x7f, 0xf4, 0x1f, 0xfe,
    0x43, 0xff, 0xa0, 0xff, 0xf2, 0x1f, 0xfd, 0x7,
    0xff, 0x90, 0xff, 0xe8, 0x3f, 0xfc, 0x87, 0xff,
    0x41, 0xff, 0xe4, 0x3f, 0xfa, 0xf, 0xff, 0x21,
    0xff, 0xd0, 0x7f, 0xf9, 0xf, 0xfe, 0x83, 0xff,
    0xc8, 0x7f, 0xf4, 0x1f, 0xfe, 0x43, 0xf5, 0x3f,
    0xa4, 0x3f, 0xe7, 0xff, 0x90, 0xe7, 0xff, 0xf8,
    0x28, 0x7e, 0x7f, 0xf9, 0xd, 0xff, 0xfc, 0x48,
    0x3e, 0x7f, 0xf9, 0x3, 0xff, 0xfc, 0x70, 0xf3,
    0xff, 0xc9, 0x7f, 0xff, 0x24, 0x39, 0xff, 0xe6,
    0xff, 0xfe, 0x58, 0x67, 0xff, 0xfa, 0xd0, 0x4f,
    0xff, 0xf5, 0xd0, 0x3f, 0xff, 0xc6, 0xad, 0xff,
    0xfc, 0x20, 0x3f, 0xff, 0xc3, 0x83, 0xe7, 0xff,
    0xf8, 0x0, 0x7f, 0xff, 0x84, 0x87, 0xfb, 0xff,
    0xe4, 0x7f, 0xff, 0x82, 0x1f, 0xfc, 0x1f, 0xff,
    0x87, 0xff, 0xf8, 0x1, 0xff, 0xc2, 0xbf, 0xfc,
    0x3f, 0xff, 0x21, 0xff, 0xc3, 0xff, 0xf0, 0xff,
    0xfc, 0x1f, 0xfc, 0x4f, 0xff, 0xf, 0xff, 0x90,
    0xff, 0xe2, 0x5f, 0xfc, 0xaf, 0xff, 0x7, 0xff,
    0x15, 0xff, 0xe5, 0x7f, 0xf4, 0x1f, 0xfc, 0x57,
    0xff, 0x95, 0xff, 0xd0, 0x7f, 0xf1, 0x5f, 0xfe,
    0x57, 0xff, 0x21, 0xff, 0xc5, 0x7f, 0xf9, 0x5f,
    0xfc, 0x87, 0xff, 0x15, 0xff, 0xe5, 0x7f, 0xf2,
    0x1f, 0xfc, 0x57, 0xff, 0x95, 0xff, 0xc8, 0x7f,
    0xf1, 0x5f, 0xfe, 0x57, 0xff, 0x21, 0xff, 0xc5,
    0x7f, 0xf9, 0x5f, 0xfc, 0x87, 0xff, 0x15, 0xff,
    0xe5, 0x7f, 0xf2, 0x1f, 0xfc, 0x57, 0xff, 0x95,
    0xff, 0xc8, 0x7f, 0xf1, 0x5f, 0xfe, 0x57, 0xff,
    0x21, 0xff, 0xc5, 0x7f, 0xf9, 0x5f, 0xfc, 0x87,
    0xff, 0x15, 0xff, 0xe5, 0x7f, 0xf2, 0x1f, 0xfc,
    0x57, 0xff, 0x95, 0xff, 0xc8, 0x7f, 0xf1, 0x5f,
    0xfe, 0x57, 0xff, 0x21, 0xff, 0xc5, 0x7f, 0xf9,
    0x5f, 0xfc, 0x87, 0xff, 0x15, 0xff, 0xe5, 0x7f,
    0xf2, 0x1f, 0xfc, 0x57, 0xff, 0x95, 0xff, 0xc8,
    0x7f, 0xf1, 0x5f, 0xfe, 0x57, 0xff, 0x21, 0xff,
    0xc5, 0x7f, 0xf9, 0x5f, 0xfc, 0x87, 0xff, 0x15,
    0xff, 0xe5, 0x7f, 0xf2, 0x1f, 0xfc, 0x57, 0xff,
    0x95, 0xff, 0xc8, 0x7f, 0xf1, 0x5f, 0xfe, 0x57,
    0xff, 0x21, 0xff, 0xc5, 0x7f, 0xf9, 0x5f, 0xfc,
    0x87, 0xff, 0x15, 0xff, 0xe5, 0x7f, 0xf2, 0x1f,
    0xfc, 0x57, 0xff, 0x95, 0xff, 0xc8, 0x7f, 0xf1,
    0x5f, 0xfe, 0x40,

    /* U+0069 "i" */
    0xd, 0x7e, 0x43, 0xef, 0xfc, 0x1d, 0xff, 0xe0,
    0xaf, 0xff, 0x20, 0xff, 0xfe, 0x0, 0x3f, 0xff,
    0x80, 0xf, 0xff, 0xe0, 0x3, 0xff, 0xf8, 0x0,
    0xbf, 0xfd, 0x5, 0xff, 0xe0, 0xef, 0xfc, 0x1f,
    0x3f, 0x90, 0xff, 0xff, 0x87, 0xff, 0x11, 0x7f,
    0x7, 0x7f, 0xf8, 0x37, 0xff, 0x83, 0x7f, 0xf8,
    0x37, 0xff, 0x83, 0x7f, 0xf8, 0x37, 0xff, 0x83,
    0x7f, 0xf8, 0x37, 0xff, 0x83, 0x7f, 0xf8, 0x37,
    0xff, 0x83, 0x7f, 0xf8, 0x37, 0xff, 0x83, 0x7f,
    0xf8, 0x37, 0xff, 0x83, 0x7f, 0xf8, 0x37, 0xff,
    0x83, 0x7f, 0xf8, 0x37, 0xff, 0x83, 0x7f, 0xf8,
    0x37, 0xff, 0x83, 0x7f, 0xf8, 0x37, 0xff, 0x83,
    0x7f, 0xf8, 0x37, 0xff, 0x83, 0x7f, 0xf8, 0x37,
    0xff, 0x83, 0x7f, 0xf8, 0x37, 0xff, 0x83, 0x7f,
    0xf8, 0x37, 0xff, 0x83, 0x7f, 0xf8, 0x37, 0xff,
    0x83, 0x7f, 0xf8, 0x37, 0xff, 0x83, 0x7f, 0xf8,
    0x37, 0xff, 0x83, 0x7f, 0xf8, 0x37, 0xff, 0x83,
    0x7f, 0xf8, 0x37, 0xff, 0x83, 0x7f, 0xf8, 0x37,
    0xff, 0x80,

    /* U+006A "j" */
    0xf, 0xfe, 0xb, 0xfa, 0xf, 0xfe, 0x27, 0xfe,
    0xf, 0xfe, 0x17, 0xff, 0x83, 0xff, 0x80, 0xff,
    0xfa, 0xf, 0xfb, 0xff, 0xf8, 0x1, 0xff, 0x7f,
    0xff, 0x0, 0x3f, 0xef, 0xff, 0xe0, 0x7, 0xfd,
    0xff, 0xfc, 0x0, 0xff, 0x9f, 0xff, 0x41, 0xff,
    0xc0, 0xff, 0xf0, 0x7f, 0xf0, 0xbf, 0xf0, 0x7f,
    0xf1, 0x1f, 0xd0, 0x7f, 0xff, 0xc3, 0xff, 0xfe,
    0x15, 0xff, 0xc1, 0xff, 0xc1, 0xbf, 0xf8, 0x3f,
    0xf8, 0x37, 0xff, 0x7, 0xff, 0x6, 0xff, 0xe0,
    0xff, 0xe0, 0xdf, 0xfc, 0x1f, 0xfc, 0x1b, 0xff,
    0x83, 0xff, 0x83, 0x7f, 0xf0, 0x7f, 0xf0, 0x6f,
    0xfe, 0xf, 0xfe, 0xd, 0xff, 0xc1, 0xff, 0xc1,
    0xbf, 0xf8, 0x3f, 0xf8, 0x37, 0xff, 0x7, 0xff,
    0x6, 0xff, 0xe0, 0xff, 0xe0, 0xdf, 0xfc, 0x1f,
    0xfc, 0x1b, 0xff, 0x83, 0xff, 0x83, 0x7f, 0xf0,
    0x7f, 0xf0, 0x6f, 0xfe, 0xf, 0xfe, 0xd, 0xff,
    0xc1, 0xff, 0xc1, 0xbf, 0xf8, 0x3f, 0xf8, 0x37,
    0xff, 0x7, 0xff, 0x6, 0xff, 0xe0, 0xff, 0xe0,
    0xdf, 0xfc, 0x1f, 0xfc, 0x1b, 0xff, 0x83, 0xff,
    0x83, 0x7f, 0xf0, 0x7f, 0xf0, 0x6f, 0xfe, 0xf,
    0xfe, 0xd, 0xff, 0xc1, 0xff, 0xc1, 0xbf, 0xf8,
    0x3f, 0xf8, 0x37, 0xff, 0x7, 0xff, 0x6, 0xff,
    0xe0, 0xff, 0xe0, 0xdf, 0xfc, 0x1f, 0xfc, 0x1b,
    0xff, 0x83, 0xff, 0x83, 0x7f, 0xf0, 0x7f, 0xf0,
    0x6f, 0xfe, 0xf, 0xfe, 0xd, 0xff, 0xc1, 0xff,
    0xc1, 0xbf, 0xf8, 0x3f, 0xf8, 0x37, 0xff, 0x7,
    0xff, 0x6, 0xff, 0xe0, 0xff, 0xe0, 0xdf, 0xfc,
    0x1f, 0xfc, 0x1b, 0xff, 0x83, 0xff, 0x83, 0x7f,
    0xf0, 0x7f, 0xf0, 0x6f, 0xfe, 0xf, 0xfe, 0xd,
    0xff, 0xc1, 0xff, 0xc1, 0xbf, 0xf8, 0x3f, 0xf8,
    0x37, 0xff, 0x7, 0xff, 0x6, 0xff, 0xe0, 0xff,
    0xe0, 0xdf, 0xfc, 0x1f, 0xfc, 0x1b, 0xff, 0x83,
    0xff, 0x83, 0x7f, 0xf0, 0x7f, 0xf0, 0x7f, 0xfc,
    0x1f, 0xfc, 0x1f, 0xff, 0x7, 0xff, 0x1, 0xff,
    0xe8, 0x3f, 0xf8, 0x1f, 0xfe, 0x43, 0x48, 0x67,
    0xff, 0xe0, 0xef, 0xff, 0xe3, 0x6, 0x7f, 0xff,
    0x8a, 0x86, 0x7f, 0xff, 0x8a, 0x1d, 0x7f, 0xff,
    0x10, 0x3d, 0xff, 0xfc, 0x44, 0x3d, 0xff, 0xfc,
    0x34, 0x3e, 0xff, 0xfe, 0x12, 0x1f, 0x9f, 0xff,
    0x48, 0x7f, 0xf0, 0x97, 0x83, 0xff, 0x82,

    /* U+006B "k" */
    0x7f, 0xf9, 0xf, 0xfe, 0x93, 0xff, 0xc8, 0x7f,
    0xf4, 0x9f, 0xfe, 0x43, 0xff, 0xa4, 0xff, 0xf2,
    0x1f, 0xfd, 0x27, 0xff, 0x90, 0xff, 0xe9, 0x3f,
    0xfc, 0x87, 0xff, 0x49, 0xff, 0xe4, 0x3f, 0xfa,
    0x4f, 0xff, 0x21, 0xff, 0xd2, 0x7f, 0xf9, 0xf,
    0xfe, 0x93, 0xff, 0xc8, 0x7f, 0xf4, 0x9f, 0xfe,
    0x43, 0xff, 0xa4, 0xff, 0xf2, 0x1f, 0xfd, 0x27,
    0xff, 0x90, 0xff, 0xe9, 0x3f, 0xfc, 0x87, 0xff,
    0x49, 0xff, 0xe4, 0x3f, 0xfa, 0x4f, 0xff, 0x21,
    0xff, 0xd2, 0x7f, 0xf9, 0xf, 0xfe, 0x93, 0xff,
    0xc8, 0x7f, 0xf4, 0x9f, 0xfe, 0x43, 0xff, 0x88,
    0xbf, 0xf0, 0x4f, 0xff, 0x21, 0xff, 0xc2, 0x7f,
    0xff, 0x80, 0x13, 0xff, 0xc8, 0x7f, 0xf0, 0x5f,
    0xff, 0xe0, 0x6, 0x7f, 0xf9, 0xf, 0xfe, 0x3,
    0xff, 0xf4, 0x1c, 0xff, 0xf2, 0x1f, 0xf3, 0xff,
    0xf4, 0x1e, 0x7f, 0xf9, 0xf, 0xf3, 0xff, 0xf4,
    0x1f, 0x3f, 0xfc, 0x87, 0xf3, 0xff, 0xf4, 0x1f,
    0x9f, 0xfe, 0x43, 0xf3, 0xff, 0xf4, 0x1f, 0xcf,
    0xff, 0x21, 0xf3, 0xff, 0xf4, 0x1f, 0xe7, 0xff,
    0x90, 0xf5, 0xff, 0xf4, 0x1f, 0xf3, 0xff, 0xc8,
    0x75, 0xff, 0xf4, 0x1f, 0xfc, 0x7, 0xff, 0x90,
    0xd7, 0xff, 0xc8, 0x7f, 0xf0, 0x5f, 0xfe, 0x42,
    0xbf, 0xfe, 0x43, 0xff, 0x84, 0xff, 0xf2, 0xb,
    0xff, 0xe4, 0x3f, 0xf8, 0x6f, 0xff, 0x25, 0xff,
    0xf2, 0x1f, 0xfc, 0x47, 0xff, 0x9b, 0xff, 0xe4,
    0x3f, 0xf8, 0xaf, 0xff, 0xf2, 0x50, 0xff, 0xe3,
    0x3f, 0xff, 0xc9, 0xf, 0xfe, 0x3b, 0xff, 0xfc,
    0x94, 0x3f, 0xf8, 0xcf, 0xff, 0xf2, 0x83, 0xff,
    0x8c, 0xff, 0xff, 0x2c, 0x3f, 0xf8, 0xaf, 0xff,
    0xf2, 0xe0, 0xff, 0xe2, 0x3f, 0xff, 0xcc, 0x43,
    0xff, 0x86, 0xff, 0xff, 0xa, 0xff, 0xf0, 0x7f,
    0xf0, 0xdf, 0xff, 0xe0, 0x83, 0xff, 0xe0, 0xff,
    0xe1, 0x3f, 0xff, 0xc0, 0xd, 0xff, 0xe8, 0x3f,
    0xf8, 0x2f, 0xff, 0xc1, 0xd7, 0xff, 0x90, 0xff,
    0xe0, 0x3f, 0xfe, 0xf, 0xbf, 0xfe, 0xf, 0xfe,
    0x3, 0xff, 0xc8, 0x7e, 0xff, 0xf8, 0x3f, 0xe7,
    0xff, 0x90, 0xfc, 0xff, 0xfa, 0xf, 0xf3, 0xff,
    0xc8, 0x7f, 0x7f, 0xfc, 0x87, 0xf3, 0xff, 0xc8,
    0x7f, 0xbf, 0xfe, 0xf, 0xe7, 0xff, 0x90, 0xff,
    0x3f, 0xfe, 0x83, 0xf3, 0xff, 0xc8, 0x7f, 0xd7,
    0xff, 0x90, 0xf9, 0xff, 0xe4, 0x3f, 0xf8, 0x1f,
    0xff, 0x7, 0xcf, 0xff, 0x21, 0xff, 0xc0, 0x7f,
    0xfe, 0xf, 0x3f, 0xfc, 0x87, 0xff, 0x6, 0xff,
    0xf4, 0x1c, 0xff, 0xf2, 0x1f, 0xfc, 0x2f, 0xff,
    0x90, 0xcf, 0xff, 0x21, 0xff, 0xc2, 0x7f, 0xfe,
    0xc, 0xff, 0xf2, 0x1f, 0xfc, 0x3b, 0xff, 0xe0,
    0x9f, 0xfe, 0x43, 0xff, 0x89, 0xff, 0xf4, 0x7,
    0xff, 0x90, 0xff, 0xe2, 0x3f, 0xff, 0x23, 0xff,
    0xc8, 0x7f, 0xf1, 0x6f, 0xff, 0x80,

    /* U+006C "l" */
    0x7f, 0xf9, 0x5f, 0xfc, 0xaf, 0xfe, 0x57, 0xff,
    0x2b, 0xff, 0x95, 0xff, 0xca, 0xff, 0xe5, 0x7f,
    0xf2, 0xbf, 0xf9, 0x5f, 0xfc, 0xaf, 0xfe, 0x57,
    0xff, 0x2b, 0xff, 0x95, 0xff, 0xca, 0xff, 0xe5,
    0x7f, 0xf2, 0xbf, 0xf9, 0x5f, 0xfc, 0xaf, 0xfe,
    0x57, 0xff, 0x2b, 0xff, 0x95, 0xff, 0xca, 0xff,
    0xe5, 0x7f, 0xf2, 0xbf, 0xf9, 0x5f, 0xfc, 0xaf,
    0xfe, 0x57, 0xff, 0x2b, 0xff, 0x95, 0xff, 0xca,
    0xff, 0xe5, 0x7f, 0xf2, 0xbf, 0xf9, 0x5f, 0xfc,
    0xaf, 0xfe, 0x57, 0xff, 0x2b, 0xff, 0x95, 0xff,
    0xca, 0xff, 0xe5, 0x7f, 0xf2, 0xbf, 0xf9, 0x5f,
    0xfc, 0xaf, 0xfe, 0x57, 0xff, 0x2b, 0xff, 0x95,
    0xff, 0xca, 0xff, 0xe5, 0x7f, 0xf2, 0xbf, 0xf9,
    0x5f, 0xfc, 0xaf, 0xfe, 0x57, 0xff, 0x2b, 0xff,
    0x95, 0xff, 0xca, 0xff, 0xe5, 0x7f, 0xf2, 0xbf,
    0xf9, 0x5f, 0xfc, 0xaf, 0xfe, 0x57, 0xff, 0x2b,
    0xff, 0x90,

    /* U+006D "m" */
    0x17, 0xf8, 0x3f, 0x37, 0xf5, 0x3, 0xff, 0x8c,
    0xdf, 0xd4, 0x43, 0xfe, 0xff, 0xe0, 0xf5, 0xff,
    0xfc, 0x0, 0xff, 0xe0, 0xbf, 0xff, 0xc1, 0x43,
    0xfb, 0xff, 0x83, 0x3f, 0xff, 0xc3, 0x83, 0xf9,
    0xff, 0xfe, 0x2a, 0x1f, 0x7f, 0xf0, 0x57, 0xff,
    0xf1, 0x60, 0xfa, 0xff, 0xfe, 0x3c, 0x1e, 0xff,
    0xe0, 0x7f, 0xff, 0x22, 0xe, 0xff, 0xfe, 0x54,
    0x1d, 0xff, 0xc7, 0xff, 0xf2, 0x90, 0xbf, 0xff,
    0x98, 0x86, 0xff, 0xeb, 0xff, 0xf9, 0x60, 0xff,
    0xfe, 0x70, 0x6f, 0xff, 0xea, 0xb7, 0xff, 0xf3,
    0xc2, 0xff, 0xfe, 0x35, 0x6f, 0xff, 0xe5, 0xd6,
    0xff, 0xfe, 0xa, 0xf, 0xff, 0xe1, 0xc1, 0xf3,
    0xff, 0xfc, 0x68, 0x3e, 0x7f, 0xff, 0x80, 0xf,
    0xff, 0xe1, 0x7, 0xf9, 0xff, 0xfe, 0x20, 0x7f,
    0xdf, 0xff, 0x3, 0xff, 0xf8, 0x21, 0xff, 0xc0,
    0x7f, 0xff, 0x84, 0x1f, 0xfc, 0x7, 0xff, 0xc9,
    0xff, 0xfc, 0x0, 0xff, 0xe1, 0x7f, 0xff, 0x4,
    0x3f, 0xf8, 0x5f, 0xfe, 0x8f, 0xff, 0x90, 0xff,
    0xe1, 0x5f, 0xff, 0x41, 0xff, 0xc2, 0x7f, 0xfc,
    0x7f, 0xfc, 0x1f, 0xfc, 0x37, 0xff, 0xe0, 0xff,
    0xe2, 0x7f, 0xf8, 0xff, 0xf2, 0x1f, 0xfc, 0x4f,
    0xff, 0x41, 0xff, 0xc4, 0xff, 0xf1, 0xff, 0xe0,
    0xff, 0xe2, 0xff, 0xf9, 0xf, 0xfe, 0x25, 0xff,
    0xc7, 0xff, 0x83, 0xff, 0x8b, 0xff, 0xe0, 0xff,
    0xe2, 0xdf, 0xfc, 0x7f, 0xf4, 0x1f, 0xfc, 0x5f,
    0xff, 0x7, 0xff, 0x16, 0xff, 0xe3, 0xff, 0xa0,
    0xff, 0xe2, 0xff, 0xf8, 0x3f, 0xf8, 0xb7, 0xff,
    0x1f, 0xfd, 0x7, 0xff, 0x17, 0xff, 0xc1, 0xff,
    0xc5, 0xbf, 0xf8, 0xff, 0xe8, 0x3f, 0xf8, 0xbf,
    0xfe, 0xf, 0xfe, 0x2d, 0xff, 0xc7, 0xff, 0x41,
    0xff, 0xc5, 0xff, 0xf0, 0x7f, 0xf1, 0x6f, 0xfe,
    0x3f, 0xfa, 0xf, 0xfe, 0x2f, 0xff, 0x83, 0xff,
    0x8b, 0x7f, 0xf1, 0xff, 0xd0, 0x7f, 0xf1, 0x7f,
    0xfc, 0x1f, 0xfc, 0x5b, 0xff, 0x8f, 0xfe, 0x83,
    0xff, 0x8b, 0xff, 0xe0, 0xff, 0xe2, 0xdf, 0xfc,
    0x7f, 0xf4, 0x1f, 0xfc, 0x5f, 0xff, 0x7, 0xff,
    0x16, 0xff, 0xe3, 0xff, 0xa0, 0xff, 0xe2, 0xff,
    0xf8, 0x3f, 0xf8, 0xb7, 0xff, 0x1f, 0xfd, 0x7,
    0xff, 0x17, 0xff, 0xc1, 0xff, 0xc5, 0xbf, 0xf8,
    0xff, 0xe8, 0x3f, 0xf8, 0xbf, 0xfe, 0xf, 0xfe,
    0x2d, 0xff, 0xc7, 0xff, 0x41, 0xff, 0xc5, 0xff,
    0xf0, 0x7f, 0xf1, 0x6f, 0xfe, 0x3f, 0xfa, 0xf,
    0xfe, 0x2f, 0xff, 0x83, 0xff, 0x8b, 0x7f, 0xf1,
    0xff, 0xd0, 0x7f, 0xf1, 0x7f, 0xfc, 0x1f, 0xfc,
    0x5b, 0xff, 0x8f, 0xfe, 0x83, 0xff, 0x8b, 0xff,
    0xe0, 0xff, 0xe2, 0xdf, 0xfc, 0x7f, 0xf4, 0x1f,
    0xfc, 0x5f, 0xff, 0x7, 0xff, 0x16, 0xff, 0xe3,
    0xff, 0xa0, 0xff, 0xe2, 0xff, 0xf8, 0x3f, 0xf8,
    0xb7, 0xff, 0x1f, 0xfd, 0x7, 0xff, 0x17, 0xff,
    0xc1, 0xff, 0xc5, 0xbf, 0xf8, 0xff, 0xe8, 0x3f,
    0xf8, 0xbf, 0xfe, 0xf, 0xfe, 0x2d, 0xff, 0xc7,
    0xff, 0x41, 0xff, 0xc5, 0xff, 0xf0, 0x7f, 0xf1,
    0x6f, 0xfe, 0x3f, 0xfa, 0xf, 0xfe, 0x2f, 0xff,
    0x83, 0xff, 0x8b, 0x7f, 0xf1, 0xff, 0xd0, 0x7f,
    0xf1, 0x7f, 0xfc, 0x1f, 0xfc, 0x5b, 0xff, 0x8f,
    0xfe, 0x83, 0xff, 0x8b, 0xff, 0xe0, 0xff, 0xe2,
    0xdf, 0xfc, 0x7f, 0xf4, 0x1f, 0xfc, 0x5f, 0xff,
    0x7, 0xff, 0x16, 0xff, 0xe0,

    /* U+006E "n" */
    0x17, 0xf8, 0x3f, 0xa9, 0xfd, 0x21, 0xff, 0xc0,
    0xff, 0xe0, 0xf3, 0xff, 0xfc, 0x8, 0x3f, 0xdf,
    0xfc, 0x19, 0xff, 0xfe, 0x24, 0x1f, 0xbf, 0xf8,
    0x2b, 0xff, 0xf8, 0xe1, 0xf7, 0xff, 0x2, 0xff,
    0xfe, 0x48, 0x7b, 0xff, 0x8b, 0xff, 0xf9, 0x61,
    0xdf, 0xfd, 0x7f, 0xff, 0x32, 0xd, 0xff, 0xfd,
    0x70, 0xdf, 0xff, 0xc6, 0xad, 0xff, 0xfc, 0x18,
    0x2f, 0xff, 0xe2, 0x21, 0xe7, 0xff, 0xf8, 0x1,
    0x7f, 0xff, 0x9, 0xf, 0xf7, 0xff, 0xc8, 0x3f,
    0xff, 0x82, 0x87, 0xff, 0x3, 0xff, 0xd0, 0x3f,
    0xff, 0x80, 0x87, 0xff, 0x5, 0xff, 0xf0, 0x3f,
    0xfe, 0x83, 0xff, 0x87, 0xff, 0xe0, 0x7f, 0xfc,
    0x1f, 0xfc, 0x4f, 0xff, 0x3, 0xff, 0xd0, 0x7f,
    0xf1, 0x2f, 0xfe, 0x7, 0xff, 0x83, 0xff, 0x8a,
    0xff, 0xf0, 0x3f, 0xfc, 0x1f, 0xfc, 0x57, 0xff,
    0x81, 0xff, 0xd0, 0x7f, 0xf1, 0x5f, 0xfe, 0x7,
    0xff, 0x41, 0xff, 0xc5, 0x7f, 0xf8, 0x1f, 0xfd,
    0x7, 0xff, 0x15, 0xff, 0xe0, 0x7f, 0xf4, 0x1f,
    0xfc, 0x57, 0xff, 0x81, 0xff, 0xd0, 0x7f, 0xf1,
    0x5f, 0xfe, 0x7, 0xff, 0x41, 0xff, 0xc5, 0x7f,
    0xf8, 0x1f, 0xfd, 0x7, 0xff, 0x15, 0xff, 0xe0,
    0x7f, 0xf4, 0x1f, 0xfc, 0x57, 0xff, 0x81, 0xff,
    0xd0, 0x7f, 0xf1, 0x5f, 0xfe, 0x7, 0xff, 0x41,
    0xff, 0xc5, 0x7f, 0xf8, 0x1f, 0xfd, 0x7, 0xff,
    0x15, 0xff, 0xe0, 0x7f, 0xf4, 0x1f, 0xfc, 0x57,
    0xff, 0x81, 0xff, 0xd0, 0x7f, 0xf1, 0x5f, 0xfe,
    0x7, 0xff, 0x41, 0xff, 0xc5, 0x7f, 0xf8, 0x1f,
    0xfd, 0x7, 0xff, 0x15, 0xff, 0xe0, 0x7f, 0xf4,
    0x1f, 0xfc, 0x57, 0xff, 0x81, 0xff, 0xd0, 0x7f,
    0xf1, 0x5f, 0xfe, 0x7, 0xff, 0x41, 0xff, 0xc5,
    0x7f, 0xf8, 0x1f, 0xfd, 0x7, 0xff, 0x15, 0xff,
    0xe0, 0x7f, 0xf4, 0x1f, 0xfc, 0x57, 0xff, 0x81,
    0xff, 0xd0, 0x7f, 0xf1, 0x5f, 0xfe, 0x7, 0xff,
    0x41, 0xff, 0xc5, 0x7f, 0xf8, 0x1f, 0xfd, 0x7,
    0xff, 0x15, 0xff, 0xe0, 0x7f, 0xf4, 0x1f, 0xfc,
    0x57, 0xff, 0x81, 0xff, 0xd0, 0x7f, 0xf1, 0x5f,
    0xfe, 0x0,

    /* U+006F "o" */
    0xf, 0xfe, 0x32, 0xfc, 0x1f, 0xfd, 0x46, 0xff,
    0xfa, 0x43, 0xff, 0x9d, 0x7f, 0xff, 0x16, 0xf,
    0xfe, 0x55, 0xff, 0xfc, 0x98, 0x3f, 0xf8, 0xcf,
    0xff, 0xf3, 0x50, 0xff, 0xe1, 0xbf, 0xff, 0xcf,
    0x43, 0xff, 0x83, 0x7f, 0xff, 0x46, 0xf, 0xf9,
    0xff, 0xfe, 0x9a, 0x1f, 0xcf, 0xff, 0xf5, 0x43,
    0xfb, 0xff, 0xf8, 0x48, 0x73, 0xff, 0xfc, 0x20,
    0xfa, 0xff, 0xfe, 0x2, 0x1f, 0xcf, 0xff, 0xf0,
    0x10, 0xf7, 0xff, 0xd0, 0x7f, 0xf0, 0x7f, 0xff,
    0x80, 0x1d, 0x7f, 0xfc, 0x1f, 0xfc, 0x3f, 0xff,
    0x90, 0xdf, 0xff, 0x7, 0xff, 0x17, 0xff, 0xe0,
    0x9f, 0xff, 0x21, 0xff, 0xc5, 0x7f, 0xfc, 0x15,
    0xff, 0xe0, 0xff, 0xe3, 0xff, 0xfa, 0x7, 0xff,
    0xa0, 0xff, 0xe3, 0xdf, 0xfe, 0x7, 0xff, 0x83,
    0xff, 0x93, 0xff, 0xe0, 0x7f, 0xf8, 0x3f, 0xf9,
    0x3f, 0xfe, 0x1f, 0xfe, 0x83, 0xff, 0x93, 0xff,
    0xe5, 0x7f, 0xf4, 0x1f, 0xfc, 0x9b, 0xff, 0x95,
    0xff, 0xd0, 0x7f, 0xf2, 0x6f, 0xfe, 0x6f, 0xfe,
    0x83, 0xff, 0x93, 0x7f, 0xf2, 0xbf, 0xfa, 0xf,
    0xfe, 0x4d, 0xff, 0xca, 0xff, 0xe8, 0x3f, 0xf9,
    0x37, 0xff, 0x2b, 0xff, 0xa0, 0xff, 0xe4, 0xdf,
    0xfc, 0x9f, 0xfe, 0xf, 0xfe, 0x4f, 0xff, 0x81,
    0xff, 0xe0, 0xff, 0xe4, 0xff, 0xf8, 0x1f, 0xfe,
    0x43, 0xff, 0x8f, 0x7f, 0xf8, 0x17, 0xff, 0x83,
    0xff, 0x8f, 0xff, 0xe8, 0xf, 0xff, 0x90, 0xff,
    0xe2, 0xbf, 0xfe, 0x42, 0xff, 0xf8, 0x3f, 0xf8,
    0xbf, 0xff, 0x6, 0xbf, 0xfd, 0x7, 0xff, 0xe,
    0xff, 0xf2, 0x1d, 0xff, 0xf4, 0x1f, 0xfc, 0x1b,
    0xff, 0xe0, 0xf5, 0xff, 0xfc, 0x0, 0xff, 0xbf,
    0xff, 0x80, 0x87, 0xdf, 0xff, 0xc1, 0x90, 0xe6,
    0xff, 0xfe, 0x8, 0x7e, 0x7f, 0xff, 0xaa, 0x1f,
    0xe7, 0xff, 0xfa, 0x68, 0x7f, 0xd7, 0xff, 0xf4,
    0x60, 0xff, 0xe0, 0xdf, 0xff, 0xcf, 0x43, 0xff,
    0x86, 0xff, 0xff, 0x35, 0xf, 0xfe, 0x35, 0xff,
    0xfc, 0x98, 0x3f, 0xf9, 0x57, 0xff, 0xf1, 0x60,
    0xff, 0xe7, 0x3f, 0xff, 0xc1, 0x43, 0xff, 0xa8,
    0xbf, 0x7, 0xff, 0x18,

    /* U+0070 "p" */
    0xf, 0xfe, 0x4a, 0xf8, 0x3f, 0xf8, 0xb5, 0xfc,
    0x1f, 0xaf, 0xff, 0x41, 0xff, 0xc2, 0xff, 0xe0,
    0xf7, 0xff, 0xf1, 0x10, 0xff, 0xbf, 0xf8, 0x35,
    0xff, 0xfc, 0x68, 0x3f, 0xdf, 0xfc, 0x17, 0xff,
    0xf2, 0x90, 0xfd, 0xff, 0xc0, 0xff, 0xfe, 0x62,
    0x1f, 0x7f, 0xf1, 0xff, 0xfc, 0xe4, 0x3d, 0xff,
    0xfd, 0x90, 0xf7, 0xff, 0xf6, 0x83, 0xbf, 0xff,
    0x8a, 0x87, 0x37, 0xff, 0xf0, 0x50, 0xdf, 0xff,
    0xc3, 0x43, 0xfd, 0xff, 0xfc, 0x10, 0xdf, 0xff,
    0xc1, 0x83, 0xff, 0x83, 0x7f, 0xfd, 0x5, 0xff,
    0xfc, 0x8, 0x3f, 0xf8, 0x77, 0xff, 0xc1, 0x7f,
    0xff, 0x0, 0x3f, 0xf8, 0xbf, 0xff, 0x20, 0xff,
    0xf9, 0xf, 0xfe, 0x37, 0xff, 0xa0, 0x7f, 0xfc,
    0x1f, 0xfc, 0x7b, 0xff, 0xc0, 0xff, 0xf2, 0x1f,
    0xfc, 0x8f, 0xff, 0x3, 0xff, 0xc1, 0xff, 0xc9,
    0xff, 0xf2, 0x7f, 0xf4, 0x1f, 0xfc, 0x9b, 0xff,
    0x93, 0xff, 0xa0, 0xff, 0xe4, 0xdf, 0xfd, 0x1f,
    0xfc, 0x87, 0xff, 0x25, 0xff, 0xe8, 0xff, 0xe4,
    0x3f, 0xf9, 0x2f, 0xff, 0x47, 0xff, 0x21, 0xff,
    0xc9, 0x7f, 0xfa, 0x3f, 0xf9, 0xf, 0xfe, 0x4b,
    0xff, 0xd1, 0xff, 0xc8, 0x7f, 0xf2, 0x5f, 0xfe,
    0x8f, 0xfe, 0x83, 0xff, 0x93, 0x7f, 0xf4, 0x7f,
    0xf8, 0x3f, 0xf9, 0x37, 0xff, 0x27, 0xff, 0x83,
    0xff, 0x93, 0xff, 0xe4, 0xff, 0xf2, 0x1f, 0xfc,
    0x8f, 0xff, 0x3, 0xff, 0xe0, 0xff, 0xe3, 0xdf,
    0xfe, 0x7, 0xff, 0xc8, 0x7f, 0xf1, 0xbf, 0xfd,
    0x3, 0xff, 0xf8, 0x1, 0xff, 0xc5, 0xff, 0xf9,
    0x7, 0xff, 0xf0, 0x20, 0xff, 0xe1, 0xdf, 0xff,
    0x5, 0xff, 0xfc, 0x18, 0x3f, 0xf8, 0x37, 0xff,
    0xc8, 0x5f, 0xff, 0xc3, 0x43, 0xfd, 0x7f, 0xff,
    0x0, 0x37, 0xff, 0xf1, 0x50, 0xe6, 0xff, 0xfe,
    0xa, 0x1b, 0xff, 0xfb, 0x30, 0x77, 0xff, 0xf6,
    0x43, 0xdf, 0xff, 0xd8, 0xf, 0xbf, 0xfa, 0x9f,
    0xff, 0xcc, 0xf, 0xdf, 0xfd, 0x17, 0xff, 0xf2,
    0x83, 0xfb, 0xff, 0xa0, 0x3f, 0xff, 0xc7, 0x83,
    0xfd, 0xff, 0xd0, 0x6b, 0xff, 0xf8, 0x70, 0x7f,
    0xf0, 0x3f, 0xfa, 0xf, 0x3f, 0xff, 0x21, 0xff,
    0xc2, 0xff, 0xe8, 0x3f, 0x97, 0xc1, 0xff, 0xc6,
    0xff, 0xe8, 0x3f, 0xfa, 0xbf, 0xfd, 0x7, 0xff,
    0x57, 0xff, 0xa0, 0xff, 0xea, 0xff, 0xf4, 0x1f,
    0xfd, 0x5f, 0xfe, 0x83, 0xff, 0xab, 0xff, 0xd0,
    0x7f, 0xf5, 0x7f, 0xfa, 0xf, 0xfe, 0xaf, 0xff,
    0x41, 0xff, 0xd5, 0xff, 0xe8, 0x3f, 0xfa, 0xbf,
    0xfd, 0x7, 0xff, 0x57, 0xff, 0xa0, 0xff, 0xea,
    0xff, 0xf4, 0x1f, 0xfd, 0x5f, 0xfe, 0x83, 0xff,
    0xab, 0xff, 0xd0, 0x7f, 0xf5, 0x7f, 0xfa, 0xf,
    0xfe, 0xaf, 0xff, 0x41, 0xff, 0xd4,

    /* U+0071 "q" */
    0xf, 0xfe, 0x2a, 0xf8, 0x3f, 0xfa, 0xad, 0xff,
    0xe8, 0x3e, 0x6b, 0xf0, 0x7f, 0xf0, 0x1f, 0xff,
    0xe1, 0xc1, 0xd7, 0xfe, 0xf, 0xf3, 0xff, 0xfc,
    0x74, 0x2b, 0xff, 0x7, 0xf5, 0xff, 0xfc, 0x98,
    0x17, 0xfe, 0xf, 0xd7, 0xff, 0xf2, 0xe2, 0xff,
    0xc1, 0xf7, 0xff, 0xf3, 0x9b, 0xff, 0x7, 0xaf,
    0xff, 0xec, 0x7, 0x3f, 0xff, 0xd9, 0xe, 0xff,
    0xfe, 0x12, 0x1c, 0xff, 0xff, 0x14, 0x35, 0xff,
    0xfc, 0x4, 0x3f, 0xdf, 0xff, 0xc3, 0xd, 0xff,
    0xf4, 0x1f, 0xfc, 0x1b, 0xff, 0xf8, 0x21, 0x5f,
    0xfe, 0x83, 0xff, 0x87, 0x7f, 0xff, 0x0, 0x2f,
    0xff, 0x83, 0xff, 0x8b, 0x7f, 0xfc, 0x7, 0xff,
    0xc8, 0x7f, 0xf1, 0xbf, 0xfe, 0x5, 0xff, 0xe0,
    0xff, 0xe3, 0xdf, 0xfe, 0x7, 0xff, 0x90, 0xff,
    0xe4, 0x7f, 0xf8, 0x1f, 0xfe, 0xf, 0xfe, 0x4f,
    0xff, 0x81, 0xff, 0xe0, 0xff, 0xe4, 0xdf, 0xfc,
    0x3f, 0xfd, 0x7, 0xff, 0x25, 0xff, 0xe1, 0xff,
    0xe8, 0x3f, 0xf9, 0x5f, 0xfc, 0x3f, 0xfd, 0x7,
    0xff, 0x2b, 0xff, 0x8b, 0xff, 0xa0, 0xff, 0xe5,
    0x7f, 0xf0, 0xff, 0xf4, 0x1f, 0xfc, 0xaf, 0xfe,
    0x1f, 0xfe, 0x83, 0xff, 0x92, 0xff, 0xf0, 0xff,
    0xf4, 0x1f, 0xfc, 0x97, 0xff, 0x81, 0xff, 0xe0,
    0xff, 0xe4, 0xdf, 0xfc, 0xf, 0xff, 0x7, 0xff,
    0x27, 0xff, 0xc0, 0xff, 0xf2, 0x1f, 0xfc, 0x8f,
    0xff, 0x2, 0xff, 0xf0, 0x7f, 0xf1, 0xef, 0xff,
    0x1, 0xff, 0xf2, 0x1f, 0xfc, 0x6f, 0xff, 0x82,
    0xff, 0xf8, 0x3f, 0xf8, 0xbf, 0xff, 0xc0, 0xa,
    0xff, 0xf8, 0x3f, 0xf8, 0x77, 0xff, 0xf0, 0x3,
    0x7f, 0xff, 0x0, 0x3f, 0xf8, 0x37, 0xff, 0xf0,
    0x43, 0x5f, 0xff, 0xc0, 0x43, 0xfd, 0xff, 0xfc,
    0x30, 0xef, 0xff, 0xe1, 0x21, 0xcd, 0xff, 0xfc,
    0x40, 0xeb, 0xff, 0xfb, 0x21, 0xeb, 0xff, 0xfb,
    0x1, 0xf7, 0xff, 0xf6, 0x3, 0xf7, 0xff, 0xf3,
    0x27, 0xff, 0x83, 0xfa, 0xff, 0xfe, 0x4c, 0x3f,
    0xfc, 0x1f, 0xe7, 0xff, 0xf8, 0xe8, 0x1f, 0xfe,
    0xf, 0xfe, 0x5, 0xff, 0xfc, 0x38, 0x33, 0xff,
    0xc1, 0xff, 0xc2, 0x6f, 0xff, 0x41, 0xe7, 0xff,
    0x83, 0xff, 0x8c, 0xbe, 0xf, 0xe7, 0xff, 0x83,
    0xff, 0xaa, 0xff, 0xf0, 0x7f, 0xf5, 0x5f, 0xfe,
    0xf, 0xfe, 0xab, 0xff, 0xc1, 0xff, 0xd5, 0x7f,
    0xf8, 0x3f, 0xfa, 0xaf, 0xff, 0x7, 0xff, 0x55,
    0xff, 0xe0, 0xff, 0xea, 0xbf, 0xfc, 0x1f, 0xfd,
    0x57, 0xff, 0x83, 0xff, 0xaa, 0xff, 0xf0, 0x7f,
    0xf5, 0x5f, 0xfe, 0xf, 0xfe, 0xab, 0xff, 0xc1,
    0xff, 0xd5, 0x7f, 0xf8, 0x3f, 0xfa, 0xaf, 0xff,
    0x7, 0xff, 0x55, 0xff, 0xe0, 0xff, 0xea, 0xbf,
    0xfc, 0x1f, 0xfd, 0x57, 0xff, 0x80,

    /* U+0072 "r" */
    0x17, 0xf0, 0x7f, 0x37, 0xf4, 0x9f, 0xfc, 0x1e,
    0xbf, 0xfc, 0x7f, 0xf0, 0x67, 0xff, 0xe8, 0xff,
    0xe0, 0x9f, 0xff, 0xe0, 0x27, 0xff, 0x1, 0xff,
    0xfe, 0x8, 0x3f, 0xf8, 0x7f, 0xff, 0x84, 0xf,
    0xfe, 0x3f, 0xff, 0x86, 0xf, 0xfe, 0xbf, 0xff,
    0x85, 0x3, 0xff, 0xf8, 0xd5, 0xdc, 0xf, 0xff,
    0xe2, 0x21, 0xfe, 0xff, 0xfe, 0x12, 0x1f, 0xfc,
    0xf, 0xff, 0xe0, 0xa1, 0xff, 0xc1, 0xff, 0xfe,
    0x2, 0x1f, 0xfc, 0x2f, 0xff, 0xe0, 0x7, 0xff,
    0xf, 0xff, 0xe0, 0xff, 0xe2, 0x7f, 0xfc, 0x1f,
    0xfc, 0x4f, 0xff, 0x21, 0xff, 0xc4, 0xff, 0xf0,
    0x7f, 0xf1, 0x7f, 0xfc, 0x1f, 0xfc, 0x5f, 0xff,
    0x7, 0xff, 0x17, 0xff, 0xa0, 0xff, 0xe2, 0xff,
    0xf4, 0x1f, 0xfc, 0x5f, 0xfe, 0x83, 0xff, 0x8b,
    0xff, 0xd0, 0x7f, 0xf1, 0x7f, 0xfa, 0xf, 0xfe,
    0x2f, 0xff, 0x41, 0xff, 0xc5, 0xff, 0xe8, 0x3f,
    0xf8, 0xbf, 0xfd, 0x7, 0xff, 0x17, 0xff, 0xa0,
    0xff, 0xe2, 0xff, 0xf4, 0x1f, 0xfc, 0x5f, 0xfe,
    0x83, 0xff, 0x8b, 0xff, 0xd0, 0x7f, 0xf1, 0x7f,
    0xfa, 0xf, 0xfe, 0x2f, 0xff, 0x41, 0xff, 0xc5,
    0xff, 0xe8, 0x3f, 0xf8, 0xbf, 0xfd, 0x7, 0xff,
    0x17, 0xff, 0xa0, 0xff, 0xe2, 0xff, 0xf4, 0x1f,
    0xfc, 0x5f, 0xfe, 0x83, 0xff, 0x8b, 0xff, 0xd0,
    0x7f, 0xf1, 0x7f, 0xfa, 0xf, 0xfe, 0x2f, 0xff,
    0x41, 0xff, 0xc5, 0xff, 0xe8, 0x3f, 0xf8, 0x80,

    /* U+0073 "s" */
    0xf, 0xff, 0x1b, 0x7f, 0xe9, 0xf, 0xfe, 0x43,
    0x7f, 0xff, 0xd, 0xf, 0xfe, 0x27, 0xff, 0xf2,
    0x20, 0xff, 0xe0, 0x3f, 0xff, 0xcb, 0x43, 0xfa,
    0xff, 0xfe, 0x6c, 0x1f, 0x5f, 0xff, 0xcf, 0x83,
    0xdf, 0xff, 0xd1, 0x83, 0x7f, 0xff, 0x48, 0x3b,
    0xff, 0xe9, 0xc, 0xaf, 0xff, 0x7, 0x3f, 0xfe,
    0xf, 0xfa, 0xff, 0x7, 0xaf, 0xfe, 0xf, 0xfe,
    0xb, 0xf8, 0x3e, 0xff, 0xf0, 0x7f, 0xf0, 0xfc,
    0x1f, 0xbf, 0xfc, 0x1f, 0xfc, 0xdb, 0xff, 0x83,
    0xff, 0x9b, 0x7f, 0xf4, 0x1f, 0xfc, 0xc7, 0xff,
    0xd0, 0x7f, 0xf3, 0x3f, 0xff, 0x81, 0x21, 0xff,
    0xc9, 0x7f, 0xff, 0x85, 0x21, 0xff, 0xc7, 0xff,
    0xfe, 0x32, 0x1f, 0xfc, 0x5f, 0xff, 0xe3, 0xc8,
    0x7f, 0xf0, 0xef, 0xff, 0xe4, 0x21, 0xff, 0xc2,
    0x7f, 0xff, 0x92, 0x87, 0xff, 0x9, 0xff, 0xfe,
    0x44, 0x1f, 0xfc, 0x4b, 0xff, 0xf8, 0xe1, 0xff,
    0xc6, 0xbf, 0xff, 0x8a, 0x1f, 0xfc, 0x86, 0xff,
    0xfe, 0xc, 0x1f, 0xfc, 0xab, 0xff, 0xf8, 0x1,
    0xff, 0xcc, 0xbf, 0xfc, 0x87, 0xff, 0x32, 0xff,
    0xe8, 0x3c, 0x87, 0xff, 0x1b, 0xff, 0xc1, 0xde,
    0x43, 0xff, 0x8b, 0xff, 0xe0, 0xdf, 0xa0, 0xff,
    0xe2, 0x7f, 0xf8, 0x2f, 0xf4, 0x1f, 0xfc, 0x3f,
    0xff, 0x3, 0xff, 0x90, 0xff, 0xe0, 0x5f, 0xfd,
    0x1f, 0xff, 0xc0, 0x83, 0xf3, 0xff, 0xf2, 0xbf,
    0xff, 0x89, 0x57, 0xff, 0xf0, 0x81, 0x7f, 0xff,
    0x4e, 0xa, 0xff, 0xfe, 0x90, 0x73, 0xff, 0xfd,
    0x0, 0xfd, 0xff, 0xfc, 0xe0, 0xff, 0x3f, 0xff,
    0xca, 0x83, 0xff, 0x82, 0xff, 0xff, 0x1a, 0xf,
    0xfe, 0x33, 0xff, 0xfc, 0x9, 0xf, 0xfe, 0x62,
    0xfc, 0x1f, 0xfc, 0x10,

    /* U+0074 "t" */
    0xf, 0xd5, 0xfc, 0x87, 0xff, 0x23, 0xff, 0xa0,
    0xff, 0xe4, 0x7f, 0xf4, 0x1f, 0xfc, 0x8f, 0xfe,
    0x83, 0xff, 0x91, 0xff, 0xd0, 0x7f, 0xf2, 0x3f,
    0xfa, 0xf, 0xfe, 0x47, 0xff, 0x41, 0xff, 0xc8,
    0xff, 0xe8, 0x3f, 0xf9, 0x1f, 0xfd, 0x7, 0xff,
    0x23, 0xff, 0xa0, 0xff, 0xe4, 0x7f, 0xf4, 0x1f,
    0xfc, 0x8f, 0xfe, 0x83, 0xff, 0x91, 0xff, 0xd0,
    0x7f, 0xf1, 0xdf, 0xfe, 0x83, 0xff, 0x81, 0xff,
    0xfd, 0x8, 0xff, 0xfe, 0x84, 0x7f, 0xff, 0x42,
    0x3f, 0xff, 0xa1, 0x1f, 0xff, 0xd0, 0x8f, 0xff,
    0xe8, 0x47, 0xff, 0xf4, 0x23, 0xff, 0xfa, 0x10,
    0x7f, 0x7f, 0xf4, 0x1f, 0xfc, 0x8f, 0xfe, 0x83,
    0xff, 0x91, 0xff, 0xd0, 0x7f, 0xf2, 0x3f, 0xfa,
    0xf, 0xfe, 0x47, 0xff, 0x41, 0xff, 0xc8, 0xff,
    0xe8, 0x3f, 0xf9, 0x1f, 0xfd, 0x7, 0xff, 0x23,
    0xff, 0xa0, 0xff, 0xe4, 0x7f, 0xf4, 0x1f, 0xfc,
    0x8f, 0xfe, 0x83, 0xff, 0x91, 0xff, 0xd0, 0x7f,
    0xf2, 0x3f, 0xfa, 0xf, 0xfe, 0x47, 0xff, 0x41,
    0xff, 0xc8, 0xff, 0xe8, 0x3f, 0xf9, 0x1f, 0xfd,
    0x7, 0xff, 0x23, 0xff, 0xa0, 0xff, 0xe4, 0x7f,
    0xf4, 0x1f, 0xfc, 0x8f, 0xfe, 0x83, 0xff, 0x91,
    0xff, 0xd0, 0x7f, 0xf2, 0x3f, 0xfa, 0xf, 0xfe,
    0x47, 0xff, 0x41, 0xff, 0xc8, 0xff, 0xe8, 0x3f,
    0xf9, 0x1f, 0xfe, 0xf, 0xfe, 0x47, 0xff, 0x83,
    0xff, 0x91, 0x7f, 0xf4, 0x1f, 0xfc, 0x7b, 0xff,
    0xd2, 0x19, 0xb0, 0xff, 0x3f, 0xff, 0xc7, 0x43,
    0xfd, 0xff, 0xfc, 0x74, 0x3f, 0xcf, 0xff, 0xf1,
    0xa0, 0xff, 0xbf, 0xff, 0x8e, 0x1f, 0xfc, 0xf,
    0xff, 0xe3, 0x7, 0xff, 0x1, 0xff, 0xfe, 0x28,
    0x7f, 0xf0, 0xbf, 0xff, 0x88, 0x87, 0xff, 0x9,
    0xbf, 0xfd, 0x21, 0xff, 0xc8, 0x5f, 0x7, 0x80,

    /* U+0075 "u" */
    0x17, 0xf8, 0x3f, 0xf8, 0xcb, 0xf8, 0xbf, 0xf8,
    0x3f, 0xf8, 0xb7, 0xff, 0x5f, 0xfc, 0x1f, 0xfc,
    0x5b, 0xff, 0xaf, 0xfe, 0xf, 0xfe, 0x2d, 0xff,
    0xd7, 0xff, 0x7, 0xff, 0x16, 0xff, 0xeb, 0xff,
    0x83, 0xff, 0x8b, 0x7f, 0xf5, 0xff, 0xc1, 0xff,
    0xc5, 0xbf, 0xfa, 0xff, 0xe0, 0xff, 0xe2, 0xdf,
    0xfd, 0x7f, 0xf0, 0x7f, 0xf1, 0x6f, 0xfe, 0xbf,
    0xf8, 0x3f, 0xf8, 0xb7, 0xff, 0x5f, 0xfc, 0x1f,
    0xfc, 0x5b, 0xff, 0xaf, 0xfe, 0xf, 0xfe, 0x2d,
    0xff, 0xd7, 0xff, 0x7, 0xff, 0x16, 0xff, 0xeb,
    0xff, 0x83, 0xff, 0x8b, 0x7f, 0xf5, 0xff, 0xc1,
    0xff, 0xc5, 0xbf, 0xfa, 0xff, 0xe0, 0xff, 0xe2,
    0xdf, 0xfd, 0x7f, 0xf0, 0x7f, 0xf1, 0x6f, 0xfe,
    0xbf, 0xf8, 0x3f, 0xf8, 0xb7, 0xff, 0x5f, 0xfc,
    0x1f, 0xfc, 0x5b, 0xff, 0xaf, 0xfe, 0xf, 0xfe,
    0x2d, 0xff, 0xd7, 0xff, 0x7, 0xff, 0x16, 0xff,
    0xeb, 0xff, 0x83, 0xff, 0x8b, 0x7f, 0xf5, 0xff,
    0xc1, 0xff, 0xc5, 0xbf, 0xfa, 0xff, 0xe0, 0xff,
    0xe2, 0xdf, 0xfd, 0x7f, 0xf0, 0x7f, 0xf1, 0x6f,
    0xfe, 0xbf, 0xf8, 0x3f, 0xf8, 0xbf, 0xfe, 0xbf,
    0xf8, 0x3f, 0xf8, 0xbf, 0xfe, 0xbf, 0xf8, 0x3f,
    0xf8, 0xbf, 0xfe, 0xbf, 0xf9, 0xf, 0xfe, 0x1d,
    0xff, 0xeb, 0xff, 0x90, 0xff, 0xe1, 0xff, 0xfc,
    0xff, 0xf8, 0x3f, 0xf8, 0x57, 0xff, 0xcf, 0xff,
    0x83, 0xff, 0x82, 0xff, 0xff, 0x0, 0xff, 0xf4,
    0x1f, 0xf3, 0xff, 0xfc, 0x13, 0xff, 0xe8, 0x3f,
    0xaf, 0xff, 0xe1, 0xf, 0xff, 0xf0, 0x10, 0xcd,
    0xff, 0xfc, 0x40, 0x7f, 0xff, 0x5c, 0x17, 0xff,
    0xf5, 0x82, 0xff, 0xfe, 0x63, 0xff, 0xc1, 0xbf,
    0xff, 0x95, 0x1f, 0xfc, 0x19, 0xff, 0xfe, 0x44,
    0xf, 0xfe, 0xe, 0x7f, 0xff, 0x8c, 0x85, 0xff,
    0xc1, 0xf5, 0xff, 0xfc, 0x28, 0x3b, 0xff, 0x83,
    0xfa, 0xff, 0xf4, 0x1f, 0x7f, 0xf0, 0x7f, 0xf0,
    0x17, 0xc1, 0xff, 0xc7,

    /* U+0076 "v" */
    0x6b, 0xf9, 0xf, 0xfe, 0x45, 0x7f, 0x23, 0xff,
    0xe0, 0xff, 0xe3, 0xbf, 0xfe, 0x7, 0xff, 0x90,
    0xff, 0xe3, 0x5f, 0xfc, 0x82, 0xff, 0xe8, 0x3f,
    0xf8, 0xdf, 0xfe, 0x9, 0xff, 0xf0, 0x7f, 0xf1,
    0x5f, 0xfe, 0x83, 0x7f, 0xf9, 0xf, 0xfe, 0x25,
    0xff, 0xc8, 0x6b, 0xff, 0xa0, 0xff, 0xe2, 0x7f,
    0xf8, 0x3d, 0xff, 0xe0, 0xff, 0xe1, 0xbf, 0xfd,
    0x7, 0xbf, 0xfc, 0x87, 0xff, 0xa, 0xff, 0xe0,
    0xf9, 0xff, 0xe8, 0x3f, 0xf8, 0x5f, 0xfe, 0xf,
    0xdf, 0xfe, 0xf, 0xfe, 0xb, 0xff, 0xc8, 0x7e,
    0xbf, 0xf9, 0xf, 0xfe, 0x5, 0xff, 0xc1, 0xfc,
    0xff, 0xf4, 0x1f, 0xfc, 0xf, 0xfe, 0x83, 0xfd,
    0xff, 0xe0, 0xff, 0xe0, 0x7f, 0xf2, 0x1f, 0xeb,
    0xff, 0x83, 0xfe, 0xbf, 0xf8, 0x3f, 0xe7, 0xff,
    0xa0, 0xff, 0x7f, 0xf4, 0x1f, 0xfc, 0xf, 0xff,
    0x7, 0xfb, 0xff, 0x90, 0xff, 0xe0, 0x5f, 0xfc,
    0x1f, 0xd7, 0xff, 0x7, 0xff, 0xb, 0xff, 0xa0,
    0xfd, 0xff, 0xd0, 0x7f, 0xf0, 0xbf, 0xfc, 0x1f,
    0xbf, 0xf8, 0x3f, 0xf8, 0x6f, 0xff, 0x7, 0xd7,
    0xff, 0x7, 0xff, 0x13, 0xff, 0x90, 0xf7, 0xff,
    0x21, 0xff, 0xc4, 0xbf, 0xf8, 0x3d, 0xff, 0xc1,
    0xff, 0xc5, 0x7f, 0xf8, 0x39, 0xff, 0xd0, 0x7f,
    0xf1, 0xbf, 0xf9, 0xd, 0xff, 0xc8, 0x7f, 0xf1,
    0xaf, 0xfe, 0xd, 0xff, 0xc1, 0xff, 0xc7, 0x7f,
    0xf8, 0x27, 0xff, 0x41, 0xff, 0xc8, 0xff, 0xe4,
    0x1f, 0xfc, 0x87, 0xff, 0x22, 0xff, 0xe0, 0x7f,
    0xf0, 0x7f, 0xf2, 0xbf, 0xf8, 0x7f, 0xf4, 0x1f,
    0xfc, 0xaf, 0xfe, 0x6f, 0xfc, 0x1f, 0xfc, 0xb7,
    0xff, 0xf8, 0xc1, 0xff, 0xcc, 0xff, 0xfe, 0x2a,
    0x1f, 0xfc, 0xcb, 0xff, 0xf8, 0x81, 0xff, 0xcd,
    0x7f, 0xff, 0x87, 0x7, 0xff, 0x3b, 0xff, 0xf8,
    0x68, 0x7f, 0xf3, 0xaf, 0xff, 0xe1, 0x7, 0xff,
    0x43, 0xff, 0xf8, 0x30, 0x7f, 0xf4, 0x3f, 0xff,
    0x82, 0x1f, 0xfd, 0x1b, 0xff, 0xf8, 0x1, 0xff,
    0xd2, 0xff, 0xfa, 0xf, 0xfe, 0x97, 0xff, 0xc1,
    0xff, 0xd3, 0x7f, 0xfc, 0x1f, 0xfc, 0x40,

    /* U+0077 "w" */
    0x2b, 0xf9, 0xf, 0xfe, 0x23, 0x5f, 0x83, 0xff,
    0x88, 0xd7, 0xf0, 0x3f, 0xfc, 0x1f, 0xfc, 0x4f,
    0xfe, 0x43, 0xff, 0x87, 0xff, 0xe0, 0x7f, 0xf8,
    0x3f, 0xf8, 0x77, 0xff, 0x41, 0xff, 0xc3, 0xff,
    0xe8, 0xf, 0xff, 0x21, 0xff, 0xc2, 0xff, 0xf8,
    0x3f, 0xf8, 0x4f, 0xff, 0x21, 0x7f, 0xf4, 0x1f,
    0xfc, 0x2f, 0xff, 0x83, 0xff, 0x85, 0x7f, 0xf0,
    0x6f, 0xff, 0x7, 0xff, 0x5, 0xff, 0xfa, 0xf,
    0xfe, 0xf, 0xff, 0x41, 0xaf, 0xfe, 0xf, 0xfe,
    0xd, 0xff, 0xfc, 0x0, 0xff, 0xe0, 0xff, 0xf2,
    0x19, 0xff, 0xe4, 0x3f, 0xf8, 0x1f, 0xff, 0xc1,
    0xf, 0xfe, 0x3, 0xff, 0xc1, 0xef, 0xfe, 0x83,
    0xff, 0x81, 0xff, 0xfc, 0x14, 0x3f, 0xeb, 0xff,
    0x83, 0xd7, 0xff, 0x7, 0xfd, 0x7f, 0xff, 0x6,
    0xf, 0xfb, 0xff, 0xa0, 0xf3, 0xff, 0xc1, 0xff,
    0x7f, 0xff, 0xc, 0x3f, 0xef, 0xfe, 0x43, 0xef,
    0xfe, 0x43, 0xfd, 0xff, 0xfc, 0x34, 0x3f, 0x9f,
    0xfe, 0xf, 0xdf, 0xfd, 0x7, 0xf3, 0xff, 0x3f,
    0xf4, 0x1f, 0xd7, 0xfe, 0x83, 0xf5, 0xff, 0xc1,
    0xfd, 0x7f, 0xc7, 0xfe, 0xf, 0xef, 0xfe, 0x43,
    0xfb, 0xff, 0x83, 0xfb, 0xfe, 0x4f, 0xfc, 0x1f,
    0xdf, 0xfc, 0x1f, 0xef, 0xfe, 0x43, 0xf7, 0xfc,
    0xb, 0xfe, 0x43, 0xe7, 0xff, 0x83, 0xfd, 0x7f,
    0xe8, 0x3e, 0x7f, 0xe0, 0xbf, 0xe8, 0x3e, 0xbf,
    0xf4, 0x1f, 0xe7, 0xff, 0x83, 0xef, 0xfa, 0xb,
    0xff, 0x7, 0xdf, 0xfc, 0x87, 0xfd, 0xff, 0xc1,
    0xf7, 0xfc, 0x85, 0x7f, 0xc8, 0x7b, 0xff, 0x83,
    0xff, 0x81, 0xff, 0xc8, 0x73, 0xff, 0x6, 0x7f,
    0xe8, 0x39, 0xff, 0xd0, 0x7f, 0xf0, 0x1f, 0xfd,
    0x7, 0x5f, 0xf0, 0x77, 0xfe, 0xe, 0xbf, 0xf2,
    0x1f, 0xfc, 0x1f, 0xfe, 0xe, 0xff, 0xa0, 0xef,
    0xfc, 0x1d, 0xff, 0xc1, 0xff, 0xc2, 0xff, 0xe4,
    0x37, 0xfc, 0x87, 0x5f, 0xf2, 0x1b, 0xff, 0x83,
    0xff, 0x85, 0x7f, 0xe8, 0x27, 0xfe, 0xf, 0xbf,
    0xf0, 0x4f, 0xfe, 0x83, 0xff, 0x84, 0xff, 0xf0,
    0x5f, 0xf8, 0x3e, 0xff, 0xc1, 0x5f, 0xf9, 0xf,
    0xfe, 0x1f, 0xff, 0x5, 0xff, 0x21, 0xf5, 0xff,
    0x20, 0xff, 0xe0, 0xff, 0xe2, 0x5f, 0xf9, 0x1f,
    0xf8, 0x3f, 0x3f, 0xf4, 0xf, 0xfd, 0x7, 0xff,
    0x11, 0xff, 0xd1, 0x7f, 0xc1, 0xfd, 0xff, 0x87,
    0xff, 0x21, 0xff, 0xc5, 0xff, 0xe3, 0xfe, 0x83,
    0xfb, 0xff, 0x17, 0xfe, 0xf, 0xfe, 0x37, 0xff,
    0x3f, 0xf2, 0x1f, 0xd7, 0xfd, 0x7f, 0xf0, 0x7f,
    0xf1, 0xaf, 0xff, 0xe2, 0x7, 0xf9, 0xff, 0xfe,
    0x24, 0x1f, 0xfc, 0x67, 0xff, 0xf8, 0x81, 0xff,
    0x7f, 0xff, 0x11, 0xf, 0xfe, 0x3f, 0xff, 0xf0,
    0xe0, 0xff, 0xaf, 0xff, 0xe1, 0x87, 0xff, 0x22,
    0xff, 0xfe, 0x12, 0x1f, 0xf3, 0xff, 0xfc, 0x28,
    0x3f, 0xf9, 0xf, 0xff, 0xf0, 0x83, 0xff, 0x83,
    0xff, 0xfc, 0x24, 0x3f, 0xf9, 0x3f, 0xff, 0xc2,
    0xf, 0xfe, 0xf, 0xff, 0xf0, 0x83, 0xff, 0x95,
    0xff, 0xfc, 0x14, 0x3f, 0xf8, 0x37, 0xff, 0xf0,
    0x43, 0xff, 0x94, 0xff, 0xff, 0x0, 0x3f, 0xf8,
    0x4f, 0xff, 0xf0, 0x20, 0xff, 0xe5, 0xff, 0xff,
    0x0, 0x3f, 0xf8, 0x7f, 0xff, 0xc0, 0x43, 0xff,
    0x97, 0xff, 0xf4, 0x1f, 0xfc, 0x3b, 0xff, 0xe0,
    0xff, 0xe6, 0x5f, 0xfe, 0x43, 0xff, 0x86, 0xff,
    0xfa, 0xf, 0xfe, 0x63, 0xff, 0xe0, 0xff, 0xe2,
    0xff, 0xf9, 0xf, 0xfe, 0x6f, 0xff, 0x83, 0xff,
    0x8b, 0xff, 0xe0, 0xff, 0xe0, 0x80,

    /* U+0078 "x" */
    0x17, 0xfe, 0xf, 0xfe, 0x42, 0xff, 0x82, 0xff,
    0xfa, 0xf, 0xfe, 0x37, 0xff, 0xc8, 0x1f, 0xff,
    0x90, 0xff, 0xe2, 0x7f, 0xfd, 0x6, 0xbf, 0xfe,
    0xf, 0xfe, 0x1b, 0xff, 0xf0, 0x7b, 0xff, 0xe8,
    0x3f, 0xf8, 0x5f, 0xff, 0x7, 0xcf, 0xff, 0xc8,
    0x7f, 0xf0, 0x2f, 0xff, 0x21, 0xfa, 0xff, 0xf8,
    0x3f, 0xe7, 0xff, 0xe0, 0xff, 0x7f, 0xfd, 0x7,
    0xfb, 0xff, 0xe0, 0xff, 0xe0, 0x7f, 0xfc, 0x1f,
    0xd7, 0xff, 0x90, 0xff, 0xe0, 0x3f, 0xff, 0x7,
    0xef, 0xff, 0x41, 0xff, 0xc2, 0xff, 0xf9, 0xf,
    0x7f, 0xfc, 0x1f, 0xfc, 0x4f, 0xff, 0x83, 0x9f,
    0xff, 0x21, 0xff, 0xc4, 0x7f, 0xfd, 0x6, 0xff,
    0xf4, 0x1f, 0xfc, 0x6b, 0xff, 0xc8, 0x2f, 0xff,
    0x7, 0xff, 0x23, 0xff, 0xe1, 0xff, 0xf0, 0x7f,
    0xf2, 0x5f, 0xff, 0x5f, 0xfe, 0x43, 0xff, 0x95,
    0x7f, 0xff, 0x1e, 0xf, 0xfe, 0x67, 0xff, 0xf1,
    0xc3, 0xff, 0x9d, 0xff, 0xfc, 0x54, 0x3f, 0xf9,
    0xd7, 0xff, 0xf0, 0xe0, 0xff, 0xe8, 0x7f, 0xff,
    0xc, 0x3f, 0xfa, 0x5f, 0xff, 0xc1, 0xf, 0xfe,
    0x9f, 0xff, 0xf0, 0x43, 0xff, 0xa5, 0xff, 0xfc,
    0x30, 0xff, 0xe8, 0x5f, 0xff, 0xc3, 0x83, 0xff,
    0x9c, 0xff, 0xff, 0x15, 0xf, 0xfe, 0x6f, 0xff,
    0xf1, 0xc3, 0xff, 0x99, 0x7f, 0xff, 0x20, 0x3f,
    0xf9, 0x4f, 0xff, 0xaf, 0xff, 0x41, 0xff, 0xc9,
    0xff, 0xf2, 0x7f, 0xfc, 0x87, 0xff, 0x1f, 0xff,
    0xe0, 0x3f, 0xff, 0x7, 0xff, 0x1a, 0xff, 0xf0,
    0x6b, 0xff, 0xd0, 0x7f, 0xf1, 0x1f, 0xff, 0x41,
    0xdf, 0xff, 0x21, 0xff, 0xc3, 0xff, 0xf8, 0x3e,
    0xff, 0xf8, 0x3f, 0xf8, 0x57, 0xff, 0x90, 0xfa,
    0xff, 0xf8, 0x3f, 0xf8, 0xf, 0xff, 0xa0, 0xfe,
    0xff, 0xfa, 0xf, 0xfb, 0xff, 0xe0, 0xff, 0xbf,
    0xfe, 0x43, 0xfb, 0xff, 0xe4, 0x3f, 0xeb, 0xff,
    0xe0, 0xfd, 0x7f, 0xfa, 0xf, 0xfe, 0xf, 0xff,
    0xf0, 0x3, 0xcf, 0xff, 0xc1, 0xff, 0xc3, 0xff,
    0xfa, 0xe, 0xff, 0xf9, 0xf, 0xfe, 0x1b, 0xff,
    0xf2, 0x17, 0xff, 0xf0, 0x3, 0xff, 0x8b, 0xff,
    0xfc, 0x0, 0x5f, 0xff, 0x7, 0xff, 0x1f, 0xff,
    0xf8, 0x0,

    /* U+0079 "y" */
    0x7f, 0xfc, 0x1f, 0xfc, 0x87, 0xff, 0xa3, 0xff,
    0xc8, 0x7f, 0xf1, 0xff, 0xfc, 0xb, 0xff, 0xc1,
    0xff, 0xc7, 0xff, 0xf0, 0x1f, 0xff, 0x7, 0xff,
    0x19, 0xff, 0xe4, 0x2f, 0xff, 0x21, 0xff, 0xc5,
    0xbf, 0xf8, 0x35, 0xff, 0xe0, 0xff, 0xe2, 0xff,
    0xf4, 0x1d, 0xff, 0xe0, 0xff, 0xe2, 0x3f, 0xfc,
    0x87, 0x7f, 0xf9, 0xf, 0xfe, 0x1d, 0xff, 0xc1,
    0xe7, 0xff, 0xc1, 0xff, 0xc3, 0xff, 0xe8, 0x3e,
    0xff, 0xf0, 0x7f, 0xf0, 0x9f, 0xfe, 0x43, 0xeb,
    0xff, 0xa0, 0xff, 0xe0, 0xdf, 0xfc, 0x1f, 0xdf,
    0xfe, 0xf, 0xfe, 0xf, 0xff, 0x41, 0xfd, 0xff,
    0xe0, 0xff, 0xe0, 0x3f, 0xfc, 0x1f, 0xe7, 0xff,
    0xa0, 0xff, 0xaf, 0xfe, 0xf, 0xfb, 0xff, 0xc1,
    0xff, 0x7f, 0xf2, 0x1f, 0xf5, 0xff, 0xc1, 0xfe,
    0x7f, 0xf8, 0x3f, 0xf8, 0xf, 0xff, 0x41, 0xfd,
    0x7f, 0xe8, 0x3f, 0xf8, 0x3f, 0xfe, 0xf, 0xef,
    0xfe, 0x43, 0xff, 0x83, 0x7f, 0xf0, 0x7f, 0x7f,
    0xf0, 0x7f, 0xf0, 0xff, 0xfa, 0xf, 0xaf, 0xfd,
    0x7, 0xff, 0xf, 0xff, 0xc1, 0xf7, 0xff, 0x7,
    0xff, 0x11, 0xff, 0xe0, 0xfb, 0xff, 0x83, 0xff,
    0x8b, 0xff, 0xd0, 0x73, 0xff, 0x90, 0xff, 0xe2,
    0xdf, 0xfc, 0x1d, 0xff, 0xc1, 0xff, 0xc6, 0x7f,
    0xf9, 0xd, 0xff, 0xa0, 0xff, 0xe3, 0xff, 0xf4,
    0x13, 0xff, 0x90, 0xff, 0xe3, 0xdf, 0xfc, 0x17,
    0xff, 0x7, 0xff, 0x27, 0xff, 0x90, 0x7f, 0xe8,
    0x3f, 0xf9, 0x3f, 0xfd, 0xf, 0xfe, 0xf, 0xfe,
    0x53, 0xff, 0xc5, 0xff, 0x83, 0xff, 0x97, 0xff,
    0xcf, 0xfe, 0x83, 0xff, 0x97, 0x7f, 0xff, 0x14,
    0x3f, 0xf9, 0x8f, 0xff, 0xf1, 0x43, 0xff, 0x9b,
    0xff, 0xfc, 0x44, 0x3f, 0xf9, 0xb7, 0xff, 0xf0,
    0xc3, 0xff, 0x9f, 0xff, 0xfc, 0x28, 0x3f, 0xf9,
    0xff, 0xff, 0xc2, 0x43, 0xff, 0x9e, 0xff, 0xff,
    0x4, 0x3f, 0xfa, 0x3f, 0xff, 0xc0, 0x83, 0xff,
    0xa3, 0x7f, 0xfc, 0x1f, 0xfd, 0x27, 0xff, 0xe0,
    0xff, 0xe9, 0xff, 0xf9, 0xf, 0xfe, 0x9d, 0xff,
    0xc1, 0xff, 0xd4, 0xbf, 0xf4, 0x1f, 0xfd, 0x4f,
    0xfe, 0x43, 0xff, 0xa6, 0xff, 0xf0, 0x7f, 0xf5,
    0x3f, 0xfa, 0xf, 0xfe, 0x9b, 0xff, 0xc1, 0xff,
    0xd4, 0xff, 0xf0, 0x7f, 0xf4, 0xff, 0xfc, 0x87,
    0xff, 0x4a, 0xff, 0xf0, 0x7f, 0xf2, 0x94, 0x1c,
    0xff, 0xfc, 0x87, 0xff, 0x2a, 0xff, 0xfe, 0x30,
    0x7f, 0xf2, 0xff, 0xff, 0x8c, 0x87, 0xff, 0x2f,
    0xff, 0xf8, 0xb0, 0x7f, 0xf3, 0x3f, 0xff, 0x8a,
    0x1f, 0xfc, 0xc7, 0xff, 0xf8, 0x81, 0xff, 0xcd,
    0xbf, 0xff, 0x86, 0x1f, 0xfc, 0xeb, 0xff, 0xf8,
    0x28, 0x7f, 0xf3, 0xef, 0xff, 0x90, 0xff, 0xea,
    0x2f, 0xc1, 0xff, 0xd2,

    /* U+007A "z" */
    0xf, 0xfe, 0xdf, 0xff, 0xf5, 0x50, 0xbf, 0xff,
    0xaa, 0x85, 0xff, 0xfd, 0x54, 0x2f, 0xff, 0xea,
    0xa1, 0x7f, 0xff, 0x55, 0xb, 0xff, 0xfa, 0xa8,
    0x5f, 0xff, 0xd5, 0x42, 0xff, 0xfe, 0xa4, 0x1f,
    0xfc, 0xdf, 0xff, 0x83, 0xff, 0x9b, 0x7f, 0xf8,
    0x3f, 0xf9, 0xb7, 0xff, 0x83, 0xff, 0x9a, 0xff,
    0xf9, 0xf, 0xfe, 0x6f, 0xff, 0xa0, 0xff, 0xe6,
    0xff, 0xfa, 0xf, 0xfe, 0x6f, 0xff, 0xc1, 0xff,
    0xcd, 0xbf, 0xfc, 0x1f, 0xfc, 0xdb, 0xff, 0xc1,
    0xff, 0xcd, 0x7f, 0xfc, 0x87, 0xff, 0x31, 0xff,
    0xf4, 0x1f, 0xfc, 0xdf, 0xff, 0x41, 0xff, 0xcd,
    0xff, 0xf8, 0x3f, 0xf9, 0xb7, 0xff, 0x83, 0xff,
    0x9b, 0x7f, 0xf8, 0x3f, 0xf9, 0xaf, 0xff, 0x90,
    0xff, 0xe6, 0x3f, 0xfe, 0x83, 0xff, 0x9b, 0xff,
    0xe8, 0x3f, 0xf9, 0xbf, 0xff, 0x7, 0xff, 0x36,
    0xff, 0xf0, 0x7f, 0xf3, 0x6f, 0xff, 0x7, 0xff,
    0x35, 0xff, 0xf2, 0x1f, 0xfc, 0xc7, 0xff, 0xd0,
    0x7f, 0xf3, 0x7f, 0xfd, 0x7, 0xff, 0x37, 0xff,
    0xe0, 0xff, 0xe6, 0xff, 0xfc, 0x87, 0xff, 0x32,
    0xff, 0xfe, 0xb0, 0x3f, 0xff, 0xae, 0xf, 0xff,
    0xeb, 0x83, 0xff, 0xfa, 0xe0, 0xff, 0xfe, 0xb8,
    0x3f, 0xff, 0xae, 0xf, 0xff, 0xeb, 0x83, 0xff,
    0xfa, 0xe0,

    /* U+007B "{" */
    0xf, 0xfe, 0x1d, 0xff, 0xe0, 0xff, 0xe0, 0xff,
    0xff, 0x4, 0x3f, 0xe7, 0xff, 0xf8, 0x41, 0xfe,
    0x7f, 0xff, 0x86, 0x1f, 0xef, 0xff, 0xe2, 0x7,
    0xf5, 0xff, 0xfc, 0x40, 0xfe, 0xff, 0xfe, 0x28,
    0x7e, 0xbf, 0xff, 0x8a, 0x1f, 0xbf, 0xfe, 0x43,
    0xff, 0x85, 0xff, 0xe4, 0x3f, 0xf8, 0x7f, 0xfd,
    0x7, 0xff, 0x13, 0xff, 0x90, 0xff, 0xe2, 0x7f,
    0xf2, 0x1f, 0xfc, 0x4f, 0xfe, 0x43, 0xff, 0x89,
    0xff, 0xc8, 0x7f, 0xf1, 0x3f, 0xf9, 0xf, 0xfe,
    0x27, 0xff, 0x21, 0xff, 0xc4, 0xff, 0xe4, 0x3f,
    0xf8, 0x9f, 0xfc, 0x87, 0xff, 0x13, 0xff, 0x90,
    0xff, 0xe2, 0x7f, 0xf2, 0x1f, 0xfc, 0x4f, 0xfe,
    0x43, 0xff, 0x89, 0xff, 0xc8, 0x7f, 0xf1, 0x3f,
    0xf9, 0xf, 0xfe, 0x27, 0xff, 0x21, 0xff, 0xc4,
    0xff, 0xe4, 0x3f, 0xf8, 0x6f, 0xff, 0x21, 0xff,
    0xc3, 0xbf, 0xf8, 0x3f, 0xf8, 0x9f, 0xfe, 0xf,
    0xfe, 0x1d, 0xff, 0xe0, 0xff, 0xe1, 0x3f, 0xfe,
    0x83, 0xff, 0x83, 0x7f, 0xfc, 0x1f, 0xf5, 0x3f,
    0xff, 0x81, 0x7, 0xfd, 0xff, 0xfc, 0x20, 0xff,
    0xe0, 0x7f, 0xff, 0x4, 0x3f, 0xf8, 0x3f, 0xff,
    0x41, 0xff, 0xc2, 0xff, 0xe8, 0x3f, 0xf8, 0x9f,
    0xfd, 0x21, 0xff, 0xc3, 0xff, 0xfe, 0x0, 0x7f,
    0xf0, 0xbf, 0xff, 0x82, 0x87, 0xff, 0x3, 0xff,
    0xf8, 0x41, 0xff, 0xc0, 0xa7, 0xff, 0xf0, 0x43,
    0xff, 0x85, 0x7f, 0xfc, 0x87, 0xff, 0x9, 0xff,
    0xf4, 0x1f, 0xfc, 0x3b, 0xff, 0xc1, 0xff, 0xc4,
    0xff, 0xf0, 0x7f, 0xf1, 0x2f, 0xfe, 0xf, 0xfe,
    0x23, 0xff, 0xc8, 0x7f, 0xf1, 0x3f, 0xf9, 0xf,
    0xfe, 0x27, 0xff, 0x21, 0xff, 0xc4, 0xff, 0xe4,
    0x3f, 0xf8, 0x9f, 0xfc, 0x87, 0xff, 0x13, 0xff,
    0x90, 0xff, 0xe2, 0x7f, 0xf2, 0x1f, 0xfc, 0x4f,
    0xfe, 0x43, 0xff, 0x89, 0xff, 0xc8, 0x7f, 0xf1,
    0x3f, 0xf9, 0xf, 0xfe, 0x27, 0xff, 0x21, 0xff,
    0xc4, 0xff, 0xe4, 0x3f, 0xf8, 0x9f, 0xfc, 0x87,
    0xff, 0x13, 0xff, 0x90, 0xff, 0xe2, 0x7f, 0xf2,
    0x1f, 0xfc, 0x4f, 0xfe, 0x43, 0xff, 0x89, 0xff,
    0xd0, 0x7f, 0xf1, 0x3f, 0xfc, 0x87, 0xff, 0xf,
    0xff, 0xe4, 0x3f, 0xf8, 0x57, 0xff, 0xf1, 0x43,
    0xfb, 0xff, 0xf8, 0xa1, 0xfd, 0x7f, 0xff, 0x10,
    0x3f, 0xdf, 0xff, 0xc4, 0xf, 0xf3, 0xff, 0xfc,
    0x30, 0xff, 0x9f, 0xff, 0xe1, 0x7, 0xff, 0x7,
    0xff, 0xf8, 0x21, 0xff, 0xc2, 0x6f, 0xff, 0x0,

    /* U+007C "|" */
    0x17, 0xf7, 0xff, 0xff, 0xff, 0xff, 0xff, 0xff,
    0xff, 0xff, 0xff, 0xff, 0xff, 0xff, 0xff, 0xff,
    0xff, 0xff, 0xff, 0xff, 0xff, 0xff, 0xff, 0xc0,

    /* U+007D "}" */
    0xff, 0xf4, 0x87, 0xff, 0xb, 0xff, 0xf8, 0x21,
    0xff, 0xc1, 0xff, 0xfe, 0x12, 0x1f, 0xf7, 0xff,
    0xf0, 0xd0, 0xff, 0x7f, 0xff, 0x10, 0x3f, 0xdf,
    0xff, 0xc4, 0x83, 0xfb, 0xff, 0xf8, 0xa1, 0xfd,
    0xff, 0xfc, 0x58, 0x3f, 0xf8, 0x4f, 0xff, 0xc1,
    0xff, 0xc4, 0xff, 0xf0, 0x7f, 0xf1, 0x2f, 0xfe,
    0xf, 0xfe, 0x23, 0xff, 0xc1, 0xff, 0xc4, 0x7f,
    0xf8, 0x3f, 0xf8, 0xbf, 0xfc, 0x1f, 0xfc, 0x5f,
    0xfe, 0xf, 0xfe, 0x2f, 0xff, 0x7, 0xff, 0x17,
    0xff, 0x83, 0xff, 0x8b, 0xff, 0xc1, 0xff, 0xc5,
    0xff, 0xe0, 0xff, 0xe2, 0xff, 0xf0, 0x7f, 0xf1,
    0x7f, 0xf8, 0x3f, 0xf8, 0xbf, 0xfc, 0x1f, 0xfc,
    0x5f, 0xfe, 0xf, 0xfe, 0x2f, 0xff, 0x7, 0xff,
    0x17, 0xff, 0x83, 0xff, 0x8b, 0xff, 0xc1, 0xff,
    0xc5, 0xff, 0xe4, 0x3f, 0xf8, 0x9f, 0xfd, 0x7,
    0xff, 0x13, 0xff, 0xc1, 0xff, 0xc4, 0xff, 0xf4,
    0x1f, 0xfc, 0x37, 0xff, 0xc8, 0x7f, 0xf0, 0xff,
    0xfe, 0x83, 0xff, 0x84, 0xff, 0xff, 0x2, 0x81,
    0xff, 0xc0, 0xbf, 0xff, 0x82, 0x87, 0xff, 0x3,
    0xff, 0xf8, 0x28, 0x7f, 0xf0, 0x6f, 0xff, 0x90,
    0xff, 0xe1, 0xdf, 0xfc, 0x87, 0xff, 0x9, 0xbf,
    0xf9, 0xf, 0xfe, 0xf, 0xff, 0xf0, 0x10, 0xff,
    0x9f, 0xff, 0xe0, 0xa1, 0xff, 0x7f, 0xff, 0x9,
    0xf, 0xf5, 0xff, 0xfc, 0x18, 0x3f, 0xef, 0xff,
    0xa0, 0xff, 0xe0, 0xdf, 0xfe, 0x83, 0xff, 0x85,
    0xff, 0xe8, 0x3f, 0xf8, 0x7f, 0xfe, 0xf, 0xfe,
    0x27, 0xff, 0x41, 0xff, 0xc4, 0xff, 0xe4, 0x3f,
    0xf8, 0x9f, 0xfc, 0x1f, 0xfc, 0x5f, 0xfe, 0xf,
    0xfe, 0x2f, 0xff, 0x7, 0xff, 0x17, 0xff, 0x83,
    0xff, 0x8b, 0xff, 0xc1, 0xff, 0xc5, 0xff, 0xe0,
    0xff, 0xe2, 0xff, 0xf0, 0x7f, 0xf1, 0x7f, 0xf8,
    0x3f, 0xf8, 0xbf, 0xfc, 0x1f, 0xfc, 0x5f, 0xfe,
    0xf, 0xfe, 0x2f, 0xff, 0x7, 0xff, 0x17, 0xff,
    0x83, 0xff, 0x8b, 0xff, 0xc1, 0xff, 0xc4, 0x7f,
    0xf8, 0x3f, 0xf8, 0x8f, 0xff, 0x7, 0xff, 0x12,
    0xff, 0xe0, 0xff, 0xe2, 0x7f, 0xf8, 0x3f, 0xf8,
    0x4f, 0xff, 0xc1, 0xfb, 0xff, 0xf8, 0xb0, 0x7e,
    0xff, 0xfe, 0x2a, 0x1f, 0xbf, 0xff, 0x8a, 0x1f,
    0xdf, 0xff, 0xc4, 0xf, 0xf7, 0xff, 0xf0, 0xd0,
    0xff, 0x7f, 0xff, 0x9, 0xf, 0xfb, 0xff, 0xf8,
    0x28, 0x7f, 0xf0, 0x3f, 0xfd, 0x21, 0xff, 0xc2,

    /* U+007E "~" */
    0xf, 0xfe, 0xa, 0x83, 0xff, 0xb4, 0xff, 0xd2,
    0x1f, 0xfc, 0x69, 0xf, 0xfe, 0xf, 0xff, 0xf0,
    0x10, 0xff, 0xe1, 0xbe, 0x83, 0xfc, 0xff, 0xff,
    0xd, 0xf, 0xfe, 0x3, 0xfc, 0x1f, 0x9f, 0xff,
    0xe3, 0x21, 0xfc, 0xff, 0xc8, 0x73, 0xff, 0xfc,
    0x94, 0x3c, 0xff, 0xf0, 0x67, 0xff, 0xf9, 0x92,
    0xaf, 0xff, 0x21, 0x3f, 0xff, 0xda, 0x43, 0x7f,
    0xff, 0x6a, 0xd, 0xff, 0xe4, 0x27, 0xff, 0xf9,
    0x70, 0x67, 0xff, 0x41, 0xf3, 0xff, 0xfc, 0x90,
    0xf3, 0xfe, 0x83, 0xfc, 0xff, 0xff, 0x16, 0xf,
    0xef, 0xd0, 0x7f, 0xf0, 0x5f, 0xff, 0xe1, 0x41,
    0xff, 0x5e, 0xf, 0xfe, 0x23, 0xff, 0xf0, 0x7f,
    0xf0, 0x90, 0xff, 0xe4, 0x5f, 0xd2, 0x1f, 0xe0
};


/*---------------------
 *  GLYPH DESCRIPTION
 *--------------------*/

static const lv_font_fmt_txt_glyph_dsc_t glyph_dsc[] = {
    {.bitmap_index = 0, .adv_w = 0, .box_w = 0, .box_h = 0, .ofs_x = 0, .ofs_y = 0} /* id = 0 reserved */,
    {.bitmap_index = 0, .adv_w = 306, .box_w = 0, .box_h = 0, .ofs_x = 0, .ofs_y = 0},
    {.bitmap_index = 0, .adv_w = 399, .box_w = 13, .box_h = 60, .ofs_x = 6, .ofs_y = 0},
    {.bitmap_index = 132, .adv_w = 477, .box_w = 24, .box_h = 22, .ofs_x = 3, .ofs_y = 38},
    {.bitmap_index = 237, .adv_w = 815, .box_w = 49, .box_h = 59, .ofs_x = 1, .ofs_y = 1},
    {.bitmap_index = 627, .adv_w = 739, .box_w = 44, .box_h = 73, .ofs_x = 1, .ofs_y = -6},
    {.bitmap_index = 1059, .adv_w = 1142, .box_w = 65, .box_h = 60, .ofs_x = 3, .ofs_y = 0},
    {.bitmap_index = 1636, .adv_w = 896, .box_w = 55, .box_h = 62, .ofs_x = 1, .ofs_y = 0},
    {.bitmap_index = 2124, .adv_w = 234, .box_w = 9, .box_h = 22, .ofs_x = 3, .ofs_y = 38},
    {.bitmap_index = 2163, .adv_w = 411, .box_w = 21, .box_h = 75, .ofs_x = 4, .ofs_y = -8},
    {.bitmap_index = 2430, .adv_w = 411, .box_w = 20, .box_h = 75, .ofs_x = 1, .ofs_y = -8},
    {.bitmap_index = 2683, .adv_w = 614, .box_w = 35, .box_h = 33, .ofs_x = 2, .ofs_y = 27},
    {.bitmap_index = 2860, .adv_w = 762, .box_w = 44, .box_h = 44, .ofs_x = 2, .ofs_y = 5},
    {.bitmap_index = 3039, .adv_w = 333, .box_w = 13, .box_h = 25, .ofs_x = 4, .ofs_y = -11},
    {.bitmap_index = 3100, .adv_w = 630, .box_w = 31, .box_h = 9, .ofs_x = 4, .ofs_y = 23},
    {.bitmap_index = 3128, .adv_w = 367, .box_w = 13, .box_h = 14, .ofs_x = 5, .ofs_y = 0},
    {.bitmap_index = 3160, .adv_w = 543, .box_w = 32, .box_h = 59, .ofs_x = 1, .ofs_y = 1},
    {.bitmap_index = 3420, .adv_w = 759, .box_w = 40, .box_h = 62, .ofs_x = 4, .ofs_y = 0},
    {.bitmap_index = 3805, .adv_w = 759, .box_w = 23, .box_h = 59, .ofs_x = 9, .ofs_y = 1},
    {.bitmap_index = 4054, .adv_w = 759, .box_w = 39, .box_h = 60, .ofs_x = 4, .ofs_y = 1},
    {.bitmap_index = 4359, .adv_w = 759, .box_w = 41, .box_h = 62, .ofs_x = 3, .ofs_y = 0},
    {.bitmap_index = 4710, .adv_w = 759, .box_w = 41, .box_h = 59, .ofs_x = 3, .ofs_y = 1},
    {.bitmap_index = 5036, .adv_w = 759, .box_w = 40, .box_h = 61, .ofs_x = 3, .ofs_y = 0},
    {.bitmap_index = 5355, .adv_w = 759, .box_w = 41, .box_h = 61, .ofs_x = 3, .ofs_y = 0},
    {.bitmap_index = 5701, .adv_w = 759, .box_w = 38, .box_h = 59, .ofs_x = 5, .ofs_y = 1},
    {.bitmap_index = 5956, .adv_w = 759, .box_w = 41, .box_h = 62, .ofs_x = 3, .ofs_y = 0},
    {.bitmap_index = 6357, .adv_w = 759, .box_w = 41, .box_h = 60, .ofs_x = 3, .ofs_y = 1},
    {.bitmap_index = 6694, .adv_w = 399, .box_w = 13, .box_h = 43, .ofs_x = 6, .ofs_y = 0},
    {.bitmap_index = 6765, .adv_w = 396, .box_w = 13, .box_h = 55, .ofs_x = 6, .ofs_y = -11},
    {.bitmap_index = 6867, .adv_w = 831, .box_w = 44, .box_h = 48, .ofs_x = 3, .ofs_y = 3},
    {.bitmap_index = 7118, .adv_w = 758, .box_w = 44, .box_h = 23, .ofs_x = 2, .ofs_y = 15},
    {.bitmap_index = 7182, .adv_w = 831, .box_w = 44, .box_h = 48, .ofs_x = 5, .ofs_y = 3},
    {.bitmap_index = 7433, .adv_w = 672, .box_w = 37, .box_h = 61, .ofs_x = 2, .ofs_y = 0},
    {.bitmap_index = 7716, .adv_w = 1030, .box_w = 61, .box_h = 62, .ofs_x = 2, .ofs_y = 0},
    {.bitmap_index = 8297, .adv_w = 909, .box_w = 57, .box_h = 59, .ofs_x = 0, .ofs_y = 1},
    {.bitmap_index = 8703, .adv_w = 846, .box_w = 46, .box_h = 59, .ofs_x = 5, .ofs_y = 1},
    {.bitmap_index = 9065, .adv_w = 899, .box_w = 53, .box_h = 62, .ofs_x = 2, .ofs_y = 0},
    {.bitmap_index = 9431, .adv_w = 948, .box_w = 52, .box_h = 59, .ofs_x = 5, .ofs_y = 1},
    {.bitmap_index = 9823, .adv_w = 792, .box_w = 42, .box_h = 59, .ofs_x = 5, .ofs_y = 1},
    {.bitmap_index = 10054, .adv_w = 732, .box_w = 40, .box_h = 59, .ofs_x = 5, .ofs_y = 1},
    {.bitmap_index = 10291, .adv_w = 924, .box_w = 53, .box_h = 62, .ofs_x = 2, .ofs_y = 0},
    {.bitmap_index = 10691, .adv_w = 913, .box_w = 49, .box_h = 59, .ofs_x = 4, .ofs_y = 1},
    {.bitmap_index = 11046, .adv_w = 314, .box_w = 11, .box_h = 59, .ofs_x = 4, .ofs_y = 1},
    {.bitmap_index = 11157, .adv_w = 649, .box_w = 35, .box_h = 61, .ofs_x = 1, .ofs_y = 0},
    {.bitmap_index = 11455, .adv_w = 844, .box_w = 49, .box_h = 59, .ofs_x = 4, .ofs_y = 1},
    {.bitmap_index = 11932, .adv_w = 713, .box_w = 41, .box_h = 59, .ofs_x = 4, .ofs_y = 1},
    {.bitmap_index = 12187, .adv_w = 1125, .box_w = 62, .box_h = 59, .ofs_x = 4, .ofs_y = 1},
    {.bitmap_index = 12749, .adv_w = 923, .box_w = 49, .box_h = 59, .ofs_x = 4, .ofs_y = 1},
    {.bitmap_index = 13212, .adv_w = 1016, .box_w = 59, .box_h = 62, .ofs_x = 2, .ofs_y = 0},
    {.bitmap_index = 13662, .adv_w = 822, .box_w = 45, .box_h = 59, .ofs_x = 5, .ofs_y = 1},
    {.bitmap_index = 13971, .adv_w = 1016, .box_w = 59, .box_h = 67, .ofs_x = 2, .ofs_y = -5},
    {.bitmap_index = 14465, .adv_w = 870, .box_w = 48, .box_h = 59, .ofs_x = 5, .ofs_y = 1},
    {.bitmap_index = 14872, .adv_w = 744, .box_w = 44, .box_h = 62, .ofs_x = 1, .ofs_y = 0},
    {.bitmap_index = 15226, .adv_w = 756, .box_w = 47, .box_h = 59, .ofs_x = 0, .ofs_y = 1},
    {.bitmap_index = 15488, .adv_w = 927, .box_w = 48, .box_h = 61, .ofs_x = 5, .ofs_y = 0},
    {.bitmap_index = 15888, .adv_w = 863, .box_w = 54, .box_h = 59, .ofs_x = 0, .ofs_y = 1},
    {.bitmap_index = 16320, .adv_w = 1272, .box_w = 79, .box_h = 59, .ofs_x = 0, .ofs_y = 1},
    {.bitmap_index = 17079, .adv_w = 850, .box_w = 53, .box_h = 59, .ofs_x = 0, .ofs_y = 1},
    {.bitmap_index = 17517, .adv_w = 822, .box_w = 52, .box_h = 59, .ofs_x = 0, .ofs_y = 1},
    {.bitmap_index = 17882, .adv_w = 749, .box_w = 44, .box_h = 59, .ofs_x = 1, .ofs_y = 1},
    {.bitmap_index = 18136, .adv_w = 419, .box_w = 18, .box_h = 74, .ofs_x = 8, .ofs_y = -7},
    {.bitmap_index = 18364, .adv_w = 543, .box_w = 32, .box_h = 59, .ofs_x = 1, .ofs_y = 1},
    {.bitmap_index = 18618, .adv_w = 419, .box_w = 18, .box_h = 74, .ofs_x = 0, .ofs_y = -7},
    {.bitmap_index = 18850, .adv_w = 762, .box_w = 45, .box_h = 33, .ofs_x = 1, .ofs_y = 27},
    {.bitmap_index = 19070, .adv_w = 695, .box_w = 44, .box_h = 8, .ofs_x = 0, .ofs_y = -7},
    {.bitmap_index = 19093, .adv_w = 436, .box_w = 18, .box_h = 13, .ofs_x = 3, .ofs_y = 50},
    {.bitmap_index = 19134, .adv_w = 703, .box_w = 38, .box_h = 44, .ofs_x = 2, .ofs_y = 0},
    {.bitmap_index = 19396, .adv_w = 781, .box_w = 43, .box_h = 62, .ofs_x = 4, .ofs_y = 0},
    {.bitmap_index = 19776, .adv_w = 663, .box_w = 39, .box_h = 45, .ofs_x = 2, .ofs_y = 0},
    {.bitmap_index = 20017, .adv_w = 780, .box_w = 43, .box_h = 62, .ofs_x = 2, .ofs_y = 0},
    {.bitmap_index = 20397, .adv_w = 712, .box_w = 41, .box_h = 44, .ofs_x = 2, .ofs_y = 0},
    {.bitmap_index = 20643, .adv_w = 416, .box_w = 28, .box_h = 62, .ofs_x = 0, .ofs_y = 1},
    {.bitmap_index = 20923, .adv_w = 774, .box_w = 42, .box_h = 62, .ofs_x = 2, .ofs_y = -17},
    {.bitmap_index = 21315, .adv_w = 745, .box_w = 39, .box_h = 61, .ofs_x = 4, .ofs_y = 1},
    {.bitmap_index = 21686, .adv_w = 340, .box_w = 14, .box_h = 61, .ofs_x = 4, .ofs_y = 1},
    {.bitmap_index = 21832, .adv_w = 340, .box_w = 23, .box_h = 79, .ofs_x = -5, .ofs_y = -17},
    {.bitmap_index = 22151, .adv_w = 708, .box_w = 41, .box_h = 61, .ofs_x = 4, .ofs_y = 1},
    {.bitmap_index = 22541, .adv_w = 305, .box_w = 11, .box_h = 61, .ofs_x = 4, .ofs_y = 1},
    {.bitmap_index = 22671, .adv_w = 1171, .box_w = 65, .box_h = 43, .ofs_x = 4, .ofs_y = 1},
    {.bitmap_index = 23132, .adv_w = 744, .box_w = 39, .box_h = 43, .ofs_x = 4, .ofs_y = 1},
    {.bitmap_index = 23422, .adv_w = 749, .box_w = 43, .box_h = 45, .ofs_x = 2, .ofs_y = 0},
    {.bitmap_index = 23714, .adv_w = 785, .box_w = 43, .box_h = 61, .ofs_x = 4, .ofs_y = -16},
    {.bitmap_index = 24088, .adv_w = 785, .box_w = 43, .box_h = 61, .ofs_x = 2, .ofs_y = -16},
    {.bitmap_index = 24462, .adv_w = 489, .box_w = 27, .box_h = 43, .ofs_x = 4, .ofs_y = 1},
    {.bitmap_index = 24662, .adv_w = 608, .box_w = 35, .box_h = 45, .ofs_x = 1, .ofs_y = 0},
    {.bitmap_index = 24898, .adv_w = 483, .box_w = 30, .box_h = 57, .ofs_x = 0, .ofs_y = 0},
    {.bitmap_index = 25146, .adv_w = 733, .box_w = 37, .box_h = 44, .ofs_x = 4, .ofs_y = 0},
    {.bitmap_index = 25414, .adv_w = 662, .box_w = 42, .box_h = 43, .ofs_x = 0, .ofs_y = 1},
    {.bitmap_index = 25701, .adv_w = 1004, .box_w = 63, .box_h = 43, .ofs_x = 0, .ofs_y = 1},
    {.bitmap_index = 26179, .adv_w = 722, .box_w = 44, .box_h = 43, .ofs_x = 1, .ofs_y = 1},
    {.bitmap_index = 26477, .adv_w = 675, .box_w = 42, .box_h = 61, .ofs_x = 0, .ofs_y = -17},
    {.bitmap_index = 26849, .adv_w = 626, .box_w = 37, .box_h = 43, .ofs_x = 1, .ofs_y = 1},
    {.bitmap_index = 27027, .adv_w = 417, .box_w = 26, .box_h = 74, .ofs_x = 0, .ofs_y = -7},
    {.bitmap_index = 27363, .adv_w = 306, .box_w = 9, .box_h = 68, .ofs_x = 5, .ofs_y = -3},
    {.bitmap_index = 27387, .adv_w = 417, .box_w = 26, .box_h = 74, .ofs_x = 0, .ofs_y = -7},
    {.bitmap_index = 27715, .adv_w = 762, .box_w = 44, .box_h = 15, .ofs_x = 2, .ofs_y = 20}
};

/*---------------------
 *  CHARACTER MAPPING
 *--------------------*/



/*Collect the unicode lists and glyph_id offsets*/
static const lv_font_fmt_txt_cmap_t cmaps[] =
{
    {
        .range_start = 32, .range_length = 95, .glyph_id_start = 1,
        .unicode_list = NULL, .glyph_id_ofs_list = NULL, .list_length = 0, .type = LV_FONT_FMT_TXT_CMAP_FORMAT0_TINY
    }
};



/*--------------------
 *  ALL CUSTOM DATA
 *--------------------*/

#if LVGL_VERSION_MAJOR == 8
/*Store all the custom data of the font*/
static  lv_font_fmt_txt_glyph_cache_t cache;
#endif

#if LVGL_VERSION_MAJOR >= 8
static const lv_font_fmt_txt_dsc_t font_dsc = {
#else
static lv_font_fmt_txt_dsc_t font_dsc = {
#endif
    .glyph_bitmap = glyph_bitmap,
    .glyph_dsc = glyph_dsc,
    .cmaps = cmaps,
    .kern_dsc = NULL,
    .kern_scale = 0,
    .cmap_num = 1,
    .bpp = 2,
    .kern_classes = 0,
    .bitmap_format = 2,
#if LVGL_VERSION_MAJOR == 8
    .cache = &cache
#endif
};



/*-----------------
 *  PUBLIC FONT
 *----------------*/

/*Initialize a public general font descriptor*/
#if LVGL_VERSION_MAJOR >= 8
const lv_font_t ui_font_HONOR_80 = {
#else
lv_font_t ui_font_HONOR_80 = {
#endif
    .get_glyph_dsc = lv_font_get_glyph_dsc_fmt_txt,    /*Function pointer to get glyph's data*/
    .get_glyph_bitmap = lv_font_get_bitmap_fmt_txt,    /*Function pointer to get glyph's bitmap*/
    .line_height = 84,          /*The maximum line height required by the font*/
    .base_line = 17,             /*Baseline measured from the bottom of the line*/
#if !(LVGL_VERSION_MAJOR == 6 && LVGL_VERSION_MINOR == 0)
    .subpx = LV_FONT_SUBPX_NONE,
#endif
#if LV_VERSION_CHECK(7, 4, 0) || LVGL_VERSION_MAJOR >= 8
    .underline_position = -8,
    .underline_thickness = 4,
#endif
    .dsc = &font_dsc,          /*The custom font data. Will be accessed by `get_glyph_bitmap/dsc` */
#if LV_VERSION_CHECK(8, 2, 0) || LVGL_VERSION_MAJOR >= 9
    .fallback = NULL,
#endif
    .user_data = NULL,
};



#endif /*#if UI_FONT_HONOR_80*/

