/*******************************************************************************
 * Size: 140 px
 * Bpp: 2
 * Opts: --bpp 2 --size 140 --font H:/2025/lvgl_squareline/SquareLine Studio/watch_demo_modify/assets/fonts/HONORSans-Demibold.ttf -o H:/2025/lvgl_squareline/SquareLine Studio/watch_demo_modify/assets/fonts\ui_font_HONORS_H_140.c --format lvgl -r 0x20-0x7f --no-prefilter
 ******************************************************************************/

#include "../ui.h"

#ifndef UI_FONT_HONORS_H_140
#define UI_FONT_HONORS_H_140 1
#endif

#if UI_FONT_HONORS_H_140

/*-----------------
 *    BITMAPS
 *----------------*/

/*Store the image of the glyphs*/
static LV_ATTRIBUTE_LARGE_CONST const uint8_t glyph_bitmap[] = {
    /* U+0020 " " */

    /* U+0021 "!" */
    0xd, 0xff, 0xfc, 0x40, 0xfb, 0xff, 0xf8, 0x81,
    0xf7, 0xff, 0xf1, 0x3, 0xef, 0xff, 0xe2, 0x7,
    0xdf, 0xff, 0xc4, 0xf, 0xbf, 0xff, 0x88, 0x1f,
    0x7f, 0xff, 0x10, 0x3e, 0xff, 0xfe, 0x20, 0x7d,
    0xff, 0xfc, 0x40, 0xfb, 0xff, 0xf8, 0x81, 0xf7,
    0xff, 0xf1, 0x3, 0xef, 0xff, 0xe2, 0x7, 0xdf,
    0xff, 0xc4, 0xf, 0xbf, 0xff, 0x88, 0x1f, 0x7f,
    0xff, 0x10, 0x3e, 0xff, 0xfe, 0x20, 0x7d, 0xff,
    0xfc, 0x40, 0xfb, 0xff, 0xf8, 0x81, 0xf7, 0xff,
    0xf1, 0x3, 0xef, 0xff, 0xe2, 0x7, 0xdf, 0xff,
    0xc4, 0xf, 0xbf, 0xff, 0x88, 0x1f, 0x7f, 0xff,
    0x10, 0x3e, 0xff, 0xfe, 0x20, 0x7d, 0xff, 0xfc,
    0x40, 0xfb, 0xff, 0xf8, 0x81, 0xf7, 0xff, 0xf1,
    0x3, 0xef, 0xff, 0xe2, 0x7, 0xdf, 0xff, 0xc4,
    0xf, 0xbf, 0xff, 0x88, 0x1f, 0x7f, 0xff, 0x10,
    0x3e, 0xff, 0xfe, 0x20, 0x7d, 0xff, 0xfc, 0x40,
    0xfb, 0xff, 0xf8, 0x81, 0xf7, 0xff, 0xf1, 0x3,
    0xef, 0xff, 0xe2, 0x7, 0xdf, 0xff, 0xc4, 0xf,
    0xbf, 0xff, 0x88, 0x1f, 0x7f, 0xff, 0x10, 0x3e,
    0xff, 0xfe, 0x20, 0x7d, 0xff, 0xfc, 0x40, 0xfb,
    0xff, 0xf8, 0x81, 0xf7, 0xff, 0xf1, 0x3, 0xef,
    0xff, 0xe2, 0x7, 0xdf, 0xff, 0xc4, 0xf, 0xbf,
    0xff, 0x88, 0x1f, 0x7f, 0xff, 0x10, 0x3e, 0xff,
    0xfe, 0x20, 0x7d, 0xff, 0xfc, 0x40, 0xfb, 0xff,
    0xf8, 0x81, 0xf7, 0xff, 0xf1, 0x3, 0xef, 0xff,
    0xe2, 0x7, 0xdf, 0xff, 0xc4, 0xf, 0xbf, 0xff,
    0x88, 0x1f, 0x7f, 0xff, 0x10, 0x3e, 0xff, 0xfe,
    0x20, 0x7d, 0xff, 0xfc, 0x40, 0xfb, 0xff, 0xf8,
    0x81, 0xf7, 0xff, 0xf1, 0x3, 0xef, 0xff, 0xe2,
    0x7, 0xdf, 0xff, 0xc4, 0xf, 0xbf, 0xff, 0x88,
    0x1f, 0x7f, 0xff, 0x10, 0x3e, 0xff, 0xfe, 0x20,
    0x7d, 0xff, 0xfc, 0x40, 0xfb, 0xff, 0xf8, 0x81,
    0xf7, 0xff, 0xf1, 0x3, 0xef, 0xff, 0xe2, 0x7,
    0xdf, 0xff, 0xc4, 0xf, 0xbf, 0xff, 0x88, 0x1f,
    0x7f, 0xff, 0x10, 0x3f, 0xff, 0xe1, 0xff, 0xff,
    0xf, 0xff, 0xf8, 0x7f, 0xf7, 0x1a, 0xc8, 0x7f,
    0xf0, 0x9f, 0xff, 0x21, 0xfe, 0xff, 0xfe, 0xc,
    0x1f, 0xbf, 0xff, 0x88, 0x1e, 0xff, 0xfe, 0x2c,
    0x1a, 0xff, 0xfe, 0x32, 0x17, 0xff, 0xf2, 0x0,
    0xff, 0xff, 0x20, 0x1f, 0xff, 0xc9, 0x4f, 0xff,
    0xe4, 0xc7, 0xff, 0xf2, 0x63, 0xff, 0xf9, 0x31,
    0xff, 0xfc, 0x98, 0xff, 0xfe, 0x4c, 0x5f, 0xff,
    0xc8, 0xb, 0xff, 0xf9, 0x1, 0x5f, 0xff, 0xc6,
    0x43, 0x7f, 0xff, 0x16, 0xe, 0x7f, 0xff, 0x88,
    0x1f, 0xbf, 0xff, 0x84, 0x1f, 0xeb, 0xff, 0xc8,
    0x7f, 0xf0, 0x5f, 0xe9, 0xf, 0x80,

    /* U+0022 "\"" */
    0x2b, 0xff, 0x84, 0x1f, 0xfc, 0x6, 0xbf, 0xf8,
    0x2a, 0xff, 0xfe, 0x10, 0x7f, 0xf0, 0x2f, 0xff,
    0xe0, 0xab, 0xff, 0xf8, 0x41, 0xff, 0xc0, 0xbf,
    0xff, 0x82, 0xaf, 0xff, 0xe1, 0x7, 0xff, 0x2,
    0xff, 0xfe, 0xa, 0xbf, 0xff, 0x84, 0x1f, 0xfc,
    0xb, 0xff, 0xf8, 0x2a, 0xff, 0xfe, 0x10, 0x7f,
    0xf0, 0x2f, 0xff, 0xe0, 0xab, 0xff, 0xf8, 0x41,
    0xff, 0xc0, 0xbf, 0xff, 0x82, 0xaf, 0xff, 0xe1,
    0x7, 0xff, 0x2, 0xff, 0xfe, 0xa, 0xbf, 0xff,
    0x84, 0x1f, 0xfc, 0xb, 0xff, 0xf8, 0x2a, 0xff,
    0xfe, 0x10, 0x7f, 0xf0, 0x2f, 0xff, 0xe0, 0xab,
    0xff, 0xf8, 0x41, 0xff, 0xc0, 0xbf, 0xff, 0x82,
    0xaf, 0xff, 0xe1, 0x7, 0xff, 0x2, 0xff, 0xfe,
    0xa, 0xbf, 0xff, 0x84, 0x1f, 0xfc, 0xb, 0xff,
    0xf8, 0x2a, 0xff, 0xfe, 0x10, 0x7f, 0xf0, 0x2f,
    0xff, 0xe0, 0xab, 0xff, 0xf8, 0x41, 0xff, 0xc0,
    0xbf, 0xff, 0x82, 0xaf, 0xff, 0xe1, 0x7, 0xff,
    0x2, 0xff, 0xfe, 0xa, 0xbf, 0xff, 0x84, 0x1f,
    0xfc, 0xb, 0xff, 0xf8, 0x2a, 0xff, 0xfe, 0x10,
    0x7f, 0xf0, 0x2f, 0xff, 0xe0, 0xab, 0xff, 0xf8,
    0x41, 0xff, 0xc0, 0xbf, 0xff, 0x82, 0xaf, 0xff,
    0xe1, 0x7, 0xff, 0x2, 0xff, 0xfe, 0xa, 0xbf,
    0xff, 0x84, 0x1f, 0xfc, 0xb, 0xff, 0xf8, 0x2a,
    0xff, 0xfe, 0x10, 0x7f, 0xf0, 0x2f, 0xff, 0xe0,
    0xab, 0xff, 0xf8, 0x41, 0xff, 0xc0, 0xbf, 0xff,
    0x82, 0xaf, 0xff, 0xe1, 0x7, 0xff, 0x2, 0xff,
    0xfe, 0xa, 0xbf, 0xff, 0x84, 0x1f, 0xfc, 0xb,
    0xff, 0xf8, 0x2a, 0xff, 0xfe, 0x10, 0x7f, 0xf0,
    0x2f, 0xff, 0xe0, 0xab, 0xff, 0xf8, 0x41, 0xff,
    0xc0, 0xbf, 0xff, 0x82, 0xaf, 0xff, 0xe1, 0x7,
    0xff, 0x2, 0xff, 0xfe, 0xa, 0xbf, 0xff, 0x84,
    0x1f, 0xfc, 0xb, 0xff, 0xf8, 0x2a, 0xff, 0xfe,
    0x10, 0x7f, 0xf0, 0x2f, 0xff, 0xe0, 0xab, 0xff,
    0xf8, 0x41, 0xff, 0xc0, 0xbf, 0xff, 0x82, 0xaf,
    0xff, 0xe1, 0x7, 0xff, 0x2, 0xff, 0xfe, 0xa,
    0xbf, 0xff, 0x84, 0x1f, 0xfc, 0xb, 0xff, 0xf8,
    0x2a, 0xff, 0xfe, 0x10, 0x7f, 0xf0, 0x2f, 0xff,
    0xe0, 0xab, 0xff, 0xf8, 0x41, 0xff, 0xc0, 0xbf,
    0xff, 0x82, 0xaf, 0xff, 0xe1, 0x7, 0xff, 0x2,
    0xff, 0xfe, 0xa, 0xbf, 0xff, 0x84, 0x1f, 0xfc,
    0xb, 0xff, 0xf8, 0x2a, 0xff, 0xfe, 0x10, 0x7f,
    0xf0, 0x2f, 0xff, 0xe0, 0xa0,

    /* U+0023 "#" */
    0xf, 0xfe, 0x67, 0xff, 0xf0, 0xe0, 0xff, 0xe3,
    0x7f, 0xff, 0x10, 0x3f, 0xfa, 0xdf, 0xff, 0xc3,
    0x43, 0xff, 0x8d, 0xff, 0xfc, 0x38, 0x3f, 0xfa,
    0xaf, 0xff, 0xf0, 0xd0, 0xff, 0xe3, 0x7f, 0xff,
    0xe, 0xf, 0xfe, 0xab, 0xff, 0xfc, 0x30, 0xff,
    0xe3, 0xff, 0xff, 0xd, 0xf, 0xfe, 0xad, 0xff,
    0xfc, 0x30, 0xff, 0xe3, 0x3f, 0xff, 0xc3, 0xf,
    0xfe, 0xb7, 0xff, 0xf1, 0x3, 0xff, 0x8c, 0xff,
    0xff, 0xc, 0x3f, 0xfa, 0xdf, 0xff, 0xc4, 0xf,
    0xfe, 0x35, 0xff, 0xfc, 0x30, 0xff, 0xeb, 0x7f,
    0xff, 0xe, 0xf, 0xfe, 0x35, 0xff, 0xfc, 0x30,
    0xff, 0xeb, 0x7f, 0xff, 0xe, 0xf, 0xfe, 0x37,
    0xff, 0xf0, 0xe0, 0xff, 0xea, 0xbf, 0xff, 0xc3,
    0x43, 0xff, 0x8d, 0xff, 0xfc, 0x38, 0x3f, 0xfa,
    0xaf, 0xff, 0xf0, 0xc3, 0xff, 0x8f, 0xff, 0xfc,
    0x34, 0x3f, 0xfa, 0xb7, 0xff, 0xf0, 0xc3, 0xff,
    0x8c, 0xff, 0xff, 0xc, 0x3f, 0xfa, 0xdf, 0xff,
    0xc4, 0xf, 0xfe, 0x33, 0xff, 0xfc, 0x30, 0xff,
    0xeb, 0x7f, 0xff, 0x10, 0x3f, 0xf8, 0xd7, 0xff,
    0xf0, 0xc3, 0xff, 0xad, 0xff, 0xfc, 0x38, 0x3f,
    0xf8, 0xd7, 0xff, 0xf0, 0xc3, 0xff, 0xad, 0xff,
    0xfc, 0x38, 0x3f, 0xf8, 0xdf, 0xff, 0xc3, 0x83,
    0xff, 0xaa, 0xff, 0xff, 0xd, 0xf, 0xfe, 0x37,
    0xff, 0xf0, 0xe0, 0xff, 0xea, 0xbf, 0xff, 0xc3,
    0xf, 0xfe, 0x3f, 0xff, 0xf0, 0xd0, 0xff, 0xea,
    0xdf, 0xff, 0xc3, 0xf, 0xfe, 0x33, 0xff, 0xfc,
    0x30, 0xff, 0xeb, 0x5f, 0xff, 0xc3, 0xf, 0xfe,
    0x33, 0xff, 0xfc, 0x30, 0xff, 0xeb, 0x7f, 0xff,
    0x10, 0x3f, 0xf8, 0xd7, 0xff, 0xf0, 0xc3, 0xff,
    0xad, 0xff, 0xfc, 0x38, 0x3f, 0xf8, 0xd7, 0xff,
    0xf0, 0xc3, 0xff, 0xad, 0xff, 0xfc, 0x38, 0x3f,
    0xf8, 0xdf, 0xff, 0xc3, 0x83, 0xff, 0xaa, 0xff,
    0xff, 0xd, 0xf, 0xfe, 0x37, 0xff, 0xf0, 0xe0,
    0xff, 0xea, 0xbf, 0xff, 0xc3, 0xf, 0xfe, 0x3f,
    0xff, 0xf0, 0xd0, 0xff, 0xea, 0xdf, 0xff, 0xc3,
    0xf, 0xfe, 0x33, 0xff, 0xfc, 0x34, 0x3f, 0xfa,
    0xb7, 0xff, 0xf0, 0xc3, 0xff, 0x8c, 0xff, 0xff,
    0xc, 0x3f, 0xfa, 0xdf, 0xff, 0xc4, 0xf, 0xfe,
    0x35, 0xff, 0xfc, 0x30, 0xff, 0xe3, 0xaf, 0xff,
    0xf, 0xff, 0xf8, 0x8b, 0xff, 0xc6, 0xff, 0xfe,
    0x22, 0xff, 0xf0, 0x43, 0xaf, 0xff, 0xff, 0xfc,
    0x1d, 0x7f, 0xff, 0xff, 0xe0, 0xeb, 0xff, 0xff,
    0xff, 0x7, 0x5f, 0xff, 0xff, 0xf8, 0x3a, 0xff,
    0xff, 0xff, 0xc1, 0xd7, 0xff, 0xff, 0xfe, 0xe,
    0xbf, 0xff, 0xff, 0xf0, 0x75, 0xff, 0xff, 0xff,
    0x83, 0xaf, 0xff, 0xff, 0xfc, 0x1d, 0x7f, 0xff,
    0xff, 0xe0, 0xeb, 0xff, 0xff, 0xff, 0x7, 0x5f,
    0xff, 0xff, 0xf8, 0x3a, 0xff, 0xff, 0xff, 0xc1,
    0xd7, 0xff, 0xff, 0xfe, 0xf, 0xfe, 0x3f, 0xff,
    0xf0, 0xd0, 0xff, 0xe3, 0x7f, 0xff, 0xe, 0xf,
    0xfe, 0xb7, 0xff, 0xf0, 0xd0, 0xff, 0xe3, 0x7f,
    0xff, 0xd, 0xf, 0xfe, 0xab, 0xff, 0xfc, 0x30,
    0xff, 0xe3, 0xff, 0xff, 0xd, 0xf, 0xfe, 0xad,
    0xff, 0xfc, 0x30, 0xff, 0xe3, 0x3f, 0xff, 0xc3,
    0xf, 0xfe, 0xb5, 0xff, 0xfc, 0x30, 0xff, 0xe3,
    0x3f, 0xff, 0xc3, 0xf, 0xfe, 0xb7, 0xff, 0xf0,
    0xe0, 0xff, 0xe3, 0x5f, 0xff, 0xc3, 0xf, 0xfe,
    0xb7, 0xff, 0xf0, 0xe0, 0xff, 0xe3, 0x7f, 0xff,
    0xe, 0xf, 0xfe, 0xb7, 0xff, 0xf0, 0xd0, 0xff,
    0xe3, 0x7f, 0xff, 0xe, 0xf, 0xfe, 0xab, 0xff,
    0xfc, 0x34, 0x3f, 0xf8, 0xdf, 0xff, 0xc3, 0x43,
    0xff, 0xaa, 0xff, 0xff, 0xc, 0x3f, 0xf8, 0xff,
    0xff, 0xc3, 0x43, 0xff, 0xab, 0x7f, 0xff, 0xc,
    0x3f, 0xf8, 0xcf, 0xff, 0xf0, 0xc3, 0xff, 0xad,
    0x7f, 0xff, 0xc, 0x3f, 0xf8, 0xcf, 0xff, 0xf0,
    0xc3, 0xff, 0xad, 0xff, 0xfc, 0x38, 0x3f, 0xf8,
    0xd7, 0xff, 0xf0, 0xc3, 0xff, 0xad, 0xff, 0xfc,
    0x38, 0x3f, 0xf8, 0xdf, 0xff, 0xc3, 0x83, 0xff,
    0xad, 0xff, 0xfc, 0x34, 0x3f, 0xf8, 0xdf, 0xff,
    0xc3, 0x83, 0xff, 0xaa, 0xff, 0xff, 0xc, 0x3f,
    0xf8, 0xff, 0xff, 0xc3, 0x43, 0xff, 0xaa, 0xff,
    0xff, 0xc, 0x3f, 0xf8, 0xff, 0xff, 0xc3, 0xf,
    0xfe, 0x42, 0xff, 0xf0, 0xaf, 0xff, 0xe1, 0xaf,
    0xff, 0x1f, 0xff, 0xf8, 0x6b, 0xff, 0xc1, 0xf,
    0x7f, 0xff, 0xff, 0xf0, 0x77, 0xff, 0xff, 0xff,
    0x7, 0x7f, 0xff, 0xff, 0xf0, 0x77, 0xff, 0xff,
    0xff, 0x7, 0x7f, 0xff, 0xff, 0xf0, 0x77, 0xff,
    0xff, 0xff, 0x7, 0x7f, 0xff, 0xff, 0xf0, 0x77,
    0xff, 0xff, 0xff, 0x7, 0x7f, 0xff, 0xff, 0xf0,
    0x77, 0xff, 0xff, 0xff, 0x7, 0x7f, 0xff, 0xff,
    0xf0, 0x77, 0xff, 0xff, 0xff, 0x7, 0x7f, 0xff,
    0xff, 0xf0, 0x77, 0xff, 0xff, 0xff, 0x7, 0xff,
    0x1a, 0xff, 0xfe, 0x14, 0x1f, 0xfc, 0x6b, 0xff,
    0xf8, 0x61, 0xff, 0xd6, 0xff, 0xfe, 0x1c, 0x1f,
    0xfc, 0x6b, 0xff, 0xf8, 0x50, 0x7f, 0xf5, 0xbf,
    0xff, 0x86, 0x87, 0xff, 0x1b, 0xff, 0xf8, 0x70,
    0x7f, 0xf5, 0xbf, 0xff, 0x86, 0x87, 0xff, 0x1b,
    0xff, 0xf8, 0x68, 0x7f, 0xf5, 0x5f, 0xff, 0xe1,
    0x87, 0xff, 0x1f, 0xff, 0xf8, 0x68, 0x7f, 0xf5,
    0x5f, 0xff, 0xe1, 0x87, 0xff, 0x19, 0xff, 0xfe,
    0x18, 0x7f, 0xf5, 0xaf, 0xff, 0xe1, 0x87, 0xff,
    0x19, 0xff, 0xfe, 0x18, 0x7f, 0xf5, 0xaf, 0xff,
    0xe1, 0x41, 0xff, 0xc6, 0xbf, 0xff, 0x86, 0x1f,
    0xfd, 0x6f, 0xff, 0xe1, 0xc1, 0xff, 0xc6, 0xbf,
    0xff, 0x85, 0x7, 0xff, 0x5b, 0xff, 0xf8, 0x68,
    0x7f, 0xf1, 0xbf, 0xff, 0x87, 0x7, 0xff, 0x5b,
    0xff, 0xf8, 0x68, 0x7f, 0xf1, 0xbf, 0xff, 0x86,
    0x87, 0xff, 0x55, 0xff, 0xfe, 0x18, 0x7f, 0xf1,
    0xff, 0xff, 0x86, 0x87, 0xff, 0x55, 0xff, 0xfe,
    0x18, 0x7f, 0xf1, 0x9f, 0xff, 0xe1, 0x87, 0xff,
    0x5a, 0xff, 0xfe, 0x18, 0x7f, 0xf1, 0x9f, 0xff,
    0xe1, 0x87, 0xff, 0x5a, 0xff, 0xfe, 0x14, 0x1f,
    0xfc, 0x6b, 0xff, 0xf8, 0x61, 0xff, 0xd6, 0xff,
    0xfe, 0x1c, 0x1f, 0xfc, 0x6b, 0xff, 0xf8, 0x61,
    0xff, 0xd6, 0xff, 0xfe, 0x1a, 0x1f, 0xfc, 0x6f,
    0xff, 0xe1, 0xc1, 0xff, 0xd6, 0xff, 0xfe, 0x1a,
    0x1f, 0xfc, 0x6f, 0xff, 0xe1, 0xa1, 0xff, 0xd5,
    0x7f, 0xff, 0x86, 0x1f, 0xfc, 0x7f, 0xff, 0xe1,
    0xa1, 0xff, 0xd5, 0x7f, 0xff, 0x86, 0x1f, 0xfc,
    0x67, 0xff, 0xf8, 0x61, 0xff, 0xd6, 0xbf, 0xff,
    0x86, 0x1f, 0xfc, 0x67, 0xff, 0xf8, 0x61, 0xff,
    0xd6, 0xbf, 0xff, 0x86, 0x1f, 0xfc, 0x6b, 0xff,
    0xf8, 0x61, 0xff, 0xd6, 0xff, 0xfe, 0x1c, 0x1f,
    0xfc, 0x6b, 0xff, 0xf8, 0x61, 0xff, 0xd6, 0xff,
    0xfe, 0x1a, 0x1f, 0xfc, 0x6f, 0xff, 0xe1, 0xc1,
    0xff, 0xd6, 0xff, 0xfe, 0x1a, 0x1f, 0xfc, 0x6f,
    0xff, 0xe1, 0xc1, 0xff, 0xd5, 0x7f, 0xff, 0x86,
    0x1f, 0xfc, 0x7f, 0xff, 0xe1, 0xa1, 0xff, 0xd5,
    0x7f, 0xff, 0x86, 0x1f, 0xfc, 0x67, 0xff, 0xf8,
    0x61, 0xff, 0xd6, 0xbf, 0xff, 0x86, 0x1f, 0xfc,
    0x67, 0xff, 0xf8, 0x61, 0xff, 0xcd,

    /* U+0024 "$" */
    0xf, 0xfe, 0xa2, 0xff, 0xf0, 0x83, 0xff, 0xe0,
    0xff, 0xff, 0x9, 0xf, 0xff, 0x7b, 0xff, 0xfc,
    0x24, 0x3f, 0xfd, 0xef, 0xff, 0xf0, 0x90, 0xff,
    0xf7, 0xbf, 0xff, 0xc2, 0x43, 0xff, 0xde, 0xff,
    0xff, 0x9, 0xf, 0xff, 0x7b, 0xff, 0xfc, 0x24,
    0x3f, 0xfd, 0xef, 0xff, 0xf0, 0x90, 0xff, 0xf7,
    0xbf, 0xff, 0xc2, 0x43, 0xff, 0xde, 0xff, 0xff,
    0x9, 0xf, 0xff, 0x7b, 0xff, 0xfc, 0x28, 0x3f,
    0xfd, 0x4d, 0xff, 0xfc, 0x99, 0xf, 0xff, 0x1b,
    0x7f, 0xff, 0x41, 0xf, 0xfe, 0xf5, 0xff, 0xfd,
    0x64, 0x3f, 0xfb, 0x37, 0xff, 0xf6, 0xa0, 0xff,
    0xea, 0xdf, 0xff, 0xde, 0x90, 0xff, 0xe8, 0x3f,
    0xff, 0xe2, 0x83, 0xff, 0x9d, 0x7f, 0xff, 0x96,
    0xf, 0xfe, 0x5f, 0xff, 0xfa, 0x50, 0xff, 0xe3,
    0xbf, 0xff, 0xeb, 0x83, 0xff, 0x8a, 0xff, 0xff,
    0xb8, 0x3f, 0xf8, 0x6f, 0xff, 0xfc, 0x10, 0xff,
    0xe0, 0xff, 0xff, 0xc9, 0xf, 0xfb, 0xff, 0xfe,
    0x90, 0x7f, 0x5f, 0xff, 0xf4, 0x83, 0xfb, 0xff,
    0xfe, 0x90, 0x7f, 0x7f, 0xff, 0x32, 0x9f, 0xff,
    0xda, 0x83, 0xf9, 0xff, 0xfe, 0x4c, 0x81, 0xff,
    0xfe, 0x12, 0x37, 0xff, 0xf1, 0xe0, 0xff, 0x5f,
    0xff, 0xc8, 0xe, 0x7f, 0xff, 0x84, 0x86, 0x7f,
    0xff, 0x89, 0x7, 0xfd, 0xff, 0xfc, 0x78, 0x3c,
    0xff, 0xff, 0x9, 0xf, 0x3f, 0xff, 0xc1, 0x83,
    0xfe, 0x7f, 0xff, 0x8c, 0x87, 0xcf, 0xff, 0xf0,
    0x90, 0xfc, 0xff, 0xfa, 0xf, 0xfe, 0x7, 0xff,
    0xf1, 0xa0, 0xfc, 0xff, 0xff, 0x9, 0xf, 0xf5,
    0xff, 0x21, 0xff, 0xc1, 0xff, 0xfe, 0x30, 0x7f,
    0x3f, 0xff, 0xc2, 0x43, 0xfe, 0x7f, 0x90, 0xff,
    0xe0, 0xbf, 0xff, 0xc5, 0x43, 0xf9, 0xff, 0xfe,
    0x12, 0x1f, 0xfc, 0x1f, 0x90, 0xff, 0xe1, 0x3f,
    0xff, 0xc5, 0xf, 0xf3, 0xff, 0xfc, 0x24, 0x3f,
    0xf8, 0x5a, 0x1f, 0xfc, 0x3b, 0xff, 0xf8, 0x90,
    0x7f, 0x9f, 0xff, 0xe1, 0x21, 0xff, 0xd3, 0xbf,
    0xff, 0x88, 0x87, 0xf9, 0xff, 0xfe, 0x12, 0x1f,
    0xfd, 0x3f, 0xff, 0xe2, 0x87, 0xfc, 0xff, 0xff,
    0x9, 0xf, 0xfe, 0x9f, 0xff, 0xf1, 0x43, 0xfe,
    0x7f, 0xff, 0x84, 0x87, 0xff, 0x4f, 0xff, 0xf8,
    0xa1, 0xff, 0x3f, 0xff, 0xc2, 0x43, 0xff, 0xa7,
    0xff, 0xfc, 0x50, 0xff, 0x9f, 0xff, 0xe1, 0x21,
    0xff, 0xd3, 0xff, 0xfe, 0x2a, 0x1f, 0xe7, 0xff,
    0xf8, 0x48, 0x7f, 0xf4, 0xef, 0xff, 0xe2, 0x41,
    0xfe, 0x7f, 0xff, 0x84, 0x87, 0xff, 0x4e, 0xff,
    0xfe, 0x28, 0x7f, 0x9f, 0xff, 0xe1, 0x21, 0xff,
    0xd3, 0x7f, 0xff, 0x8b, 0x7, 0xf3, 0xff, 0xfc,
    0x24, 0x3f, 0xfa, 0x6f, 0xff, 0xf1, 0xa0, 0xfc,
    0xff, 0xff, 0x9, 0xf, 0xfe, 0xa7, 0xff, 0xf1,
    0xe0, 0xf9, 0xff, 0xfe, 0x12, 0x1f, 0xfd, 0x4f,
    0xff, 0xe4, 0x87, 0x9f, 0xff, 0xe1, 0x21, 0xff,
    0xd4, 0x7f, 0xff, 0x92, 0x86, 0x7f, 0xff, 0x84,
    0x87, 0xff, 0x57, 0xff, 0xf9, 0x68, 0x1f, 0xff,
    0xe1, 0x21, 0xff, 0xd5, 0xbf, 0xff, 0x99, 0x3f,
    0xff, 0xc2, 0x43, 0xff, 0xad, 0xff, 0xfd, 0xc4,
    0x3f, 0xfa, 0xd7, 0xff, 0xf6, 0xd0, 0xff, 0xeb,
    0xff, 0xff, 0x6d, 0xf, 0xfe, 0xbb, 0xff, 0xfd,
    0xa4, 0x3f, 0xfb, 0xf, 0xff, 0xf6, 0x60, 0xff,
    0xec, 0xbf, 0xff, 0xda, 0x43, 0xff, 0xb0, 0xff,
    0xff, 0x6e, 0x43, 0xff, 0xac, 0xff, 0xff, 0x75,
    0xf, 0xfe, 0xb5, 0xff, 0xfd, 0xd4, 0x3f, 0xfa,
    0xaf, 0xff, 0xf7, 0x90, 0xff, 0xea, 0xdf, 0xff,
    0xde, 0x43, 0xff, 0xa8, 0xff, 0xff, 0x7a, 0xf,
    0xfe, 0xab, 0xff, 0xfd, 0xe4, 0x3f, 0xfa, 0xaf,
    0xff, 0xf7, 0x60, 0xff, 0xeb, 0x3f, 0xff, 0xdd,
    0xf, 0xfe, 0xc5, 0xff, 0xfd, 0xb0, 0xff, 0xec,
    0xbf, 0xff, 0xda, 0xf, 0xfe, 0xdd, 0xff, 0xfd,
    0x80, 0xff, 0xed, 0x3f, 0xff, 0xd9, 0xf, 0xfe,
    0xcb, 0xff, 0xfd, 0x98, 0x3f, 0xfb, 0xf, 0xff,
    0xf6, 0x90, 0xff, 0xeb, 0xbf, 0xff, 0xdb, 0xf,
    0xfe, 0xbb, 0xff, 0xfd, 0xb8, 0x3f, 0xfa, 0xcf,
    0xff, 0xf0, 0x92, 0xff, 0xfe, 0x58, 0x7f, 0xf5,
    0x9f, 0xff, 0xe1, 0x21, 0x7f, 0xff, 0x2a, 0xf,
    0xfe, 0xab, 0xff, 0xfc, 0x24, 0x33, 0xff, 0xfc,
    0x90, 0xff, 0xea, 0xbf, 0xff, 0xc2, 0x43, 0xdf,
    0xff, 0xc8, 0x43, 0xff, 0xa8, 0xff, 0xff, 0x9,
    0xf, 0xbf, 0xff, 0x8f, 0x7, 0xff, 0x51, 0xff,
    0xfe, 0x12, 0x1f, 0xbf, 0xff, 0x8e, 0x1f, 0xfd,
    0x47, 0xff, 0xf8, 0x48, 0x7f, 0x7f, 0xff, 0x18,
    0x3f, 0xfa, 0x8f, 0xff, 0xf0, 0x90, 0xfe, 0xbf,
    0xff, 0x8a, 0x87, 0xff, 0x4d, 0xff, 0xfe, 0x12,
    0x1f, 0xef, 0xff, 0xe2, 0xc1, 0xff, 0xd3, 0x7f,
    0xff, 0x84, 0x87, 0xfa, 0xff, 0xfe, 0x24, 0x1f,
    0xfd, 0x37, 0xff, 0xf8, 0x48, 0x7f, 0x9f, 0xff,
    0xe2, 0x41, 0xff, 0xd3, 0x7f, 0xff, 0x84, 0x87,
    0xf9, 0xff, 0xfe, 0x28, 0x7f, 0xf4, 0xdf, 0xff,
    0xe1, 0x21, 0xff, 0x7f, 0xff, 0x14, 0x3f, 0xfa,
    0x6f, 0xff, 0xf0, 0x90, 0xff, 0xbf, 0xff, 0x8a,
    0x1f, 0xfd, 0x37, 0xff, 0xf8, 0x48, 0x7f, 0xdf,
    0xff, 0xc5, 0xf, 0xfe, 0x9b, 0xff, 0xfc, 0x24,
    0x3f, 0xef, 0xff, 0xe2, 0x41, 0xfe, 0xe0, 0xff,
    0xe3, 0xbf, 0xff, 0xc2, 0x43, 0xfc, 0xff, 0xff,
    0x12, 0xf, 0xef, 0xa0, 0xff, 0xe3, 0x3f, 0xff,
    0xc2, 0x43, 0xfd, 0x7f, 0xff, 0x12, 0xf, 0xdf,
    0xe0, 0xff, 0xe2, 0xbf, 0xff, 0xc2, 0x43, 0xfd,
    0xff, 0xfc, 0x54, 0x3e, 0xff, 0xc1, 0xff, 0xc4,
    0x7f, 0xff, 0x84, 0x87, 0xf3, 0xff, 0xfc, 0x50,
    0xfb, 0xff, 0xd0, 0x7f, 0xf0, 0x9f, 0xff, 0xe1,
    0x21, 0xfd, 0xff, 0xfc, 0x60, 0xf7, 0xff, 0xf0,
    0x43, 0xff, 0x82, 0xff, 0xff, 0x9, 0xf, 0xd7,
    0xff, 0xf1, 0x83, 0xaf, 0xff, 0xe1, 0x41, 0xff,
    0x3f, 0xff, 0xc2, 0x43, 0xeb, 0xff, 0xf8, 0xc8,
    0x6b, 0xff, 0xf8, 0xb0, 0x7f, 0x3f, 0xff, 0xc2,
    0x43, 0xd7, 0xff, 0xf1, 0xc3, 0x5f, 0xff, 0xc8,
    0x83, 0xe7, 0xff, 0xf8, 0x48, 0x77, 0xff, 0xf2,
    0x20, 0xaf, 0xff, 0xe6, 0x21, 0x9f, 0xff, 0xe1,
    0x21, 0x5f, 0xff, 0xc9, 0x41, 0x7f, 0xff, 0x42,
    0x57, 0xff, 0xf0, 0xa9, 0xff, 0xfc, 0xc0, 0x9f,
    0xff, 0xfd, 0x21, 0x9f, 0xff, 0xfc, 0x41, 0xeb,
    0xff, 0xfe, 0xe1, 0xf9, 0xff, 0xff, 0xa8, 0x7f,
    0x9f, 0xff, 0xf9, 0xa1, 0xff, 0x3f, 0xff, 0xf1,
    0x43, 0xff, 0x85, 0x7f, 0xff, 0xb9, 0xf, 0xfe,
    0x23, 0xff, 0xfe, 0xc4, 0x3f, 0xf8, 0xf7, 0xff,
    0xfa, 0x43, 0xff, 0x97, 0x7f, 0xff, 0x96, 0xf,
    0xfe, 0x6b, 0xff, 0xfe, 0x30, 0xff, 0xe9, 0x5f,
    0xff, 0xde, 0x43, 0xff, 0xaa, 0xff, 0xff, 0x66,
    0x43, 0xff, 0xb5, 0x7f, 0xff, 0x52, 0xf, 0xff,
    0x3, 0x7f, 0xff, 0x32, 0x43, 0xff, 0xce, 0xab,
    0xff, 0xf8, 0x72, 0x1f, 0xfe, 0xe7, 0xff, 0xf8,
    0x48, 0x7f, 0xfb, 0xdf, 0xff, 0xe1, 0x21, 0xff,
    0xef, 0x7f, 0xff, 0x84, 0x87, 0xff, 0xbd, 0xff,
    0xfe, 0x12, 0x1f, 0xfe, 0xf7, 0xff, 0xf8, 0x48,
    0x7f, 0xfb, 0xdf, 0xff, 0xe1, 0x21, 0xff, 0xef,
    0x7f, 0xff, 0x84, 0x87, 0xff, 0xbd, 0xff, 0xfe,
    0x12, 0x1f, 0xfe, 0xf7, 0xff, 0xf8, 0x48, 0x7f,
    0xfb, 0xdf, 0xff, 0xe1, 0x21, 0xff, 0xd0,

    /* U+0025 "%" */
    0xf, 0xff, 0xf8, 0x7f, 0xfb, 0x1b, 0xff, 0x48,
    0x7f, 0xf9, 0x57, 0xff, 0x8c, 0x1f, 0xfd, 0x3b,
    0xff, 0xf8, 0x90, 0x7f, 0xf8, 0xbf, 0xff, 0x8a,
    0x87, 0xff, 0x46, 0xff, 0xfe, 0x44, 0x1f, 0xfd,
    0xfb, 0xff, 0xf8, 0x90, 0x7f, 0xf4, 0x2f, 0xff,
    0xe6, 0x41, 0xff, 0xdc, 0x7f, 0xff, 0x8a, 0x1f,
    0xfd, 0xf, 0xff, 0xe8, 0x7, 0xff, 0x6f, 0xff,
    0xf8, 0xa8, 0x7f, 0xf3, 0x9f, 0xff, 0xe9, 0x21,
    0xff, 0xd8, 0xbf, 0xff, 0x8a, 0x1f, 0xfc, 0xe7,
    0xff, 0xfa, 0x88, 0x7f, 0xf5, 0xff, 0xff, 0x8a,
    0x1f, 0xfc, 0xe7, 0xff, 0xfa, 0xc8, 0x7f, 0xf5,
    0x7f, 0xff, 0x8b, 0x7, 0xff, 0x35, 0xff, 0xfe,
    0xc2, 0x1f, 0xfd, 0x37, 0xff, 0xf8, 0xa1, 0xff,
    0xce, 0xff, 0xfe, 0xd0, 0x7f, 0xf4, 0xff, 0xff,
    0x8a, 0x87, 0xff, 0x37, 0xff, 0xfb, 0x70, 0x7f,
    0xf4, 0x6f, 0xff, 0xe2, 0x41, 0xff, 0xcd, 0x7f,
    0xff, 0xb8, 0x87, 0xff, 0x43, 0xff, 0xf8, 0xa1,
    0xff, 0xce, 0xff, 0xfe, 0x2c, 0x86, 0x6f, 0xff,
    0xe2, 0x87, 0xff, 0x3f, 0xff, 0xf8, 0xb0, 0x7f,
    0xf3, 0x5f, 0xff, 0xe1, 0xa1, 0xfe, 0x7f, 0xff,
    0x86, 0x87, 0xff, 0x35, 0xff, 0xfe, 0x28, 0x7f,
    0xf3, 0xbf, 0xff, 0x86, 0x1f, 0xfc, 0x2f, 0xff,
    0xe1, 0x87, 0xff, 0x37, 0xff, 0xf8, 0xa8, 0x7f,
    0xf3, 0x5f, 0xff, 0xe1, 0x7, 0xff, 0x13, 0xff,
    0xf8, 0x41, 0xff, 0xcc, 0xbf, 0xff, 0x89, 0x7,
    0xff, 0x3a, 0xff, 0xfe, 0xa, 0x1f, 0xfc, 0x47,
    0xff, 0xf8, 0x30, 0x7f, 0xf2, 0x9f, 0xff, 0xe2,
    0x87, 0xff, 0x3f, 0xff, 0xf8, 0x41, 0xff, 0xc6,
    0xff, 0xfe, 0x10, 0x7f, 0xf2, 0xbf, 0xff, 0x8a,
    0x87, 0xff, 0x3f, 0xff, 0xf8, 0x28, 0x7f, 0xf1,
    0x9f, 0xff, 0xe0, 0x87, 0xff, 0x26, 0xff, 0xfe,
    0x28, 0x7f, 0xf3, 0xdf, 0xff, 0xe0, 0x87, 0xff,
    0x23, 0xff, 0xf8, 0x21, 0xff, 0xc9, 0xff, 0xfe,
    0x28, 0x7f, 0xf4, 0x2f, 0xff, 0xe0, 0x41, 0xff,
    0xc8, 0xbf, 0xff, 0x80, 0x87, 0xff, 0x1f, 0xff,
    0xf8, 0xb0, 0x7f, 0xf4, 0x2f, 0xff, 0xe0, 0x21,
    0xff, 0xc8, 0x7f, 0xff, 0x80, 0x87, 0xff, 0x19,
    0xff, 0xfe, 0x28, 0x7f, 0xf4, 0x7f, 0xff, 0x82,
    0x87, 0xff, 0x21, 0xff, 0xfe, 0x4, 0x1f, 0xfc,
    0x6f, 0xff, 0xe2, 0xa1, 0xff, 0xd1, 0xff, 0xfe,
    0x8, 0x7f, 0xf2, 0x5f, 0xff, 0xe0, 0x41, 0xff,
    0xc5, 0xbf, 0xff, 0x89, 0x7, 0xff, 0x4b, 0xff,
    0xf8, 0x21, 0xff, 0xc9, 0x7f, 0xff, 0x81, 0x7,
    0xff, 0x17, 0xff, 0xf8, 0xa1, 0xff, 0xd3, 0xff,
    0xfe, 0xa, 0x1f, 0xfc, 0x87, 0xff, 0xf8, 0x10,
    0x7f, 0xf1, 0x3f, 0xff, 0x8a, 0x87, 0xff, 0x4e,
    0xff, 0xfe, 0x2, 0x1f, 0xfc, 0x87, 0xff, 0xf8,
    0x8, 0x7f, 0xf0, 0xdf, 0xff, 0xe2, 0x87, 0xff,
    0x52, 0xff, 0xfe, 0x4, 0x1f, 0xfc, 0x8b, 0xff,
    0xf8, 0x8, 0x7f, 0xf0, 0xff, 0xff, 0x8a, 0x87,
    0xff, 0x51, 0xff, 0xfe, 0x8, 0x7f, 0xf2, 0x3f,
    0xff, 0x82, 0x1f, 0xfc, 0x3b, 0xff, 0xf8, 0x90,
    0x7f, 0xf5, 0xbf, 0xff, 0x82, 0x87, 0xff, 0x19,
    0xff, 0xfe, 0x8, 0x7f, 0xf0, 0x9f, 0xff, 0xe2,
    0x87, 0xff, 0x5f, 0xff, 0xf8, 0x30, 0x7f, 0xf1,
    0xbf, 0xff, 0x84, 0x1f, 0xfc, 0x2f, 0xff, 0xe2,
    0xa1, 0xff, 0xd7, 0xbf, 0xff, 0x82, 0x87, 0xff,
    0x11, 0xff, 0xfe, 0xa, 0x1f, 0xfc, 0x1b, 0xff,
    0xf8, 0xa1, 0xff, 0xd8, 0x7f, 0xff, 0x84, 0x1f,
    0xfc, 0x4f, 0xff, 0xe1, 0x7, 0xff, 0xb, 0xff,
    0xf8, 0xa1, 0xff, 0xda, 0xff, 0xfe, 0x18, 0x7f,
    0xf0, 0xbf, 0xff, 0x85, 0x7, 0xff, 0x7, 0xff,
    0xf8, 0xb0, 0x7f, 0xf6, 0x9f, 0xff, 0xe1, 0xa1,
    0xfe, 0xbf, 0xff, 0x86, 0x87, 0xff, 0x1, 0xff,
    0xfe, 0x28, 0x7f, 0xf7, 0x3f, 0xff, 0x8b, 0x21,
    0x9b, 0xff, 0xf8, 0xa1, 0xff, 0xc1, 0xff, 0xfe,
    0x2a, 0x1f, 0xfd, 0xc7, 0xff, 0xfb, 0x81, 0xff,
    0xc1, 0xbf, 0xff, 0x89, 0x7, 0xff, 0x7a, 0xff,
    0xfe, 0xd4, 0x1f, 0xfc, 0x1f, 0xff, 0xe2, 0x87,
    0xff, 0x83, 0xff, 0xfb, 0x41, 0xff, 0xc1, 0xff,
    0xfe, 0x2a, 0x1f, 0xfe, 0x7, 0xff, 0xfb, 0x1,
    0xff, 0xc1, 0x7f, 0xff, 0x8a, 0x1f, 0xfe, 0x27,
    0xff, 0xfa, 0xc8, 0x7f, 0xf0, 0x7f, 0xff, 0x8a,
    0x1f, 0xfe, 0x47, 0xff, 0xfa, 0x88, 0x7f, 0xf0,
    0x6f, 0xff, 0xe2, 0x41, 0xff, 0xe5, 0x7f, 0xff,
    0xa4, 0x1f, 0xfc, 0x27, 0xff, 0xf8, 0xa1, 0xff,
    0xe8, 0xff, 0xfe, 0x80, 0x7f, 0xf0, 0xff, 0xff,
    0x8a, 0x87, 0xff, 0xa5, 0xff, 0xfe, 0x62, 0x1f,
    0xfc, 0x3b, 0xff, 0xf8, 0xa1, 0xff, 0xec, 0xbf,
    0xff, 0x91, 0x7, 0xff, 0x17, 0xff, 0xf8, 0xa1,
    0xff, 0xef, 0x7f, 0xff, 0x88, 0x87, 0xff, 0x1b,
    0xff, 0xf8, 0xb0, 0x7f, 0xfc, 0x9a, 0x7f, 0xd2,
    0x1f, 0xfc, 0x87, 0xff, 0xf8, 0xa1, 0xff, 0xff,
    0xf, 0xfe, 0x47, 0xff, 0xf1, 0x50, 0xff, 0xff,
    0x87, 0xff, 0x1e, 0xff, 0xfe, 0x24, 0x1f, 0xff,
    0xf0, 0xff, 0xe4, 0x7f, 0xff, 0x14, 0x3f, 0xff,
    0xe1, 0xff, 0xc8, 0xff, 0xfe, 0x2a, 0x1f, 0xff,
    0xf0, 0xff, 0xe3, 0xbf, 0xff, 0xc5, 0xf, 0xff,
    0xf8, 0x7f, 0xf2, 0x3f, 0xff, 0x8a, 0x1f, 0xff,
    0xf0, 0xff, 0xe4, 0x5f, 0xff, 0xc4, 0x83, 0xff,
    0xfe, 0x1f, 0xfc, 0x77, 0xff, 0xf8, 0xa1, 0xff,
    0xff, 0xf, 0xfe, 0x47, 0xff, 0xf1, 0x50, 0xff,
    0xe4, 0x37, 0xfd, 0x44, 0x3f, 0xfe, 0x57, 0xff,
    0xf1, 0x20, 0xff, 0xe3, 0x5f, 0xff, 0xc4, 0x43,
    0xff, 0xdf, 0xff, 0xfc, 0x50, 0xff, 0xe2, 0xdf,
    0xff, 0xc8, 0x83, 0xff, 0xd9, 0xff, 0xfc, 0x58,
    0x3f, 0xf8, 0x77, 0xff, 0xf3, 0x10, 0xff, 0xf4,
    0xbf, 0xff, 0xc5, 0xf, 0xfe, 0x13, 0xff, 0xfd,
    0x0, 0xff, 0xf4, 0x7f, 0xff, 0x15, 0xf, 0xfe,
    0xb, 0xff, 0xfd, 0x20, 0xff, 0xf3, 0x5f, 0xff,
    0xc4, 0x83, 0xff, 0x83, 0x7f, 0xff, 0x51, 0xf,
    0xff, 0x27, 0xff, 0xf1, 0x43, 0xff, 0x83, 0x7f,
    0xff, 0x59, 0xf, 0xff, 0x17, 0xff, 0xf1, 0x50,
    0xff, 0xe0, 0x3f, 0xff, 0xd8, 0xf, 0xff, 0xb,
    0xff, 0xfc, 0x50, 0xff, 0xe0, 0xff, 0xff, 0x68,
    0x3f, 0xfc, 0x1f, 0xff, 0xc5, 0xf, 0xfe, 0xf,
    0xff, 0xf6, 0xe0, 0xff, 0xef, 0x5f, 0xff, 0xc4,
    0x83, 0xff, 0x81, 0x7f, 0xff, 0x71, 0xf, 0xfe,
    0xe3, 0xff, 0xfc, 0x50, 0xff, 0xe0, 0xff, 0xff,
    0x16, 0x50, 0x15, 0xff, 0xfc, 0x60, 0xff, 0xee,
    0x7f, 0xff, 0x15, 0xf, 0xfe, 0x5, 0xff, 0xfc,
    0x38, 0x3f, 0xdf, 0xff, 0xc4, 0x43, 0xff, 0xb5,
    0x7f, 0xff, 0x12, 0xf, 0xfe, 0xf, 0xff, 0xf0,
    0xc3, 0xff, 0x82, 0xff, 0xff, 0xc, 0x3f, 0xfb,
    0x5f, 0xff, 0xc5, 0xf, 0xfe, 0xb, 0xff, 0xfc,
    0x20, 0xff, 0xe1, 0xbf, 0xff, 0xc2, 0xf, 0xfe,
    0xcf, 0xff, 0xf1, 0x50, 0xff, 0xe0, 0xdf, 0xff,
    0xc1, 0x43, 0xff, 0x89, 0x7f, 0xff, 0x6, 0xf,
    0xfe, 0xbb, 0xff, 0xfc, 0x50, 0xff, 0xe1, 0x7f,
    0xff, 0x6, 0xf, 0xfe, 0x37, 0xff, 0xf0, 0x83,
    0xff, 0xaf, 0xff, 0xfc, 0x54, 0x3f, 0xf8, 0x2f,
    0xff, 0xf0, 0x43, 0xff, 0x8f, 0x7f, 0xff, 0x4,
    0x3f, 0xfa, 0xd7, 0xff, 0xf1, 0x20, 0xff, 0xe1,
    0x3f, 0xff, 0xc0, 0x83, 0xff, 0x91, 0xff, 0xfc,
    0x14, 0x3f, 0xfa, 0xbf, 0xff, 0xc5, 0xf, 0xfe,
    0x1d, 0xff, 0xfc, 0x4, 0x3f, 0xf9, 0x1f, 0xff,
    0xc1, 0x43, 0xff, 0xa9, 0xff, 0xfc, 0x54, 0x3f,
    0xf8, 0x77, 0xff, 0xf0, 0x3, 0xff, 0x93, 0x7f,
    0xff, 0x2, 0xf, 0xfe, 0x9b, 0xff, 0xfc, 0x50,
    0xff, 0xe2, 0x7f, 0xff, 0x4, 0x3f, 0xf9, 0x2f,
    0xff, 0xf0, 0x20, 0xff, 0xe9, 0xff, 0xff, 0x14,
    0x3f, 0xf8, 0xbf, 0xff, 0xc1, 0xf, 0xfe, 0x4b,
    0xff, 0xfc, 0x8, 0x3f, 0xfa, 0x57, 0xff, 0xf1,
    0x20, 0xff, 0xe2, 0xff, 0xff, 0x4, 0x3f, 0xf9,
    0x2f, 0xff, 0xf0, 0x20, 0xff, 0xe8, 0xbf, 0xff,
    0xc5, 0xf, 0xfe, 0x37, 0xff, 0xf0, 0x43, 0xff,
    0x92, 0xff, 0xff, 0x2, 0xf, 0xfe, 0x8f, 0xff,
    0xf1, 0x50, 0xff, 0xe3, 0x5f, 0xff, 0xc0, 0xf,
    0xfe, 0x4d, 0xff, 0xfc, 0x8, 0x3f, 0xfa, 0x17,
    0xff, 0xf1, 0x20, 0xff, 0xe3, 0xdf, 0xff, 0xc0,
    0x43, 0xff, 0x91, 0x7f, 0xff, 0x1, 0xf, 0xfe,
    0x87, 0xff, 0xf1, 0x43, 0xff, 0x90, 0xff, 0xff,
    0x2, 0xf, 0xfe, 0x47, 0xff, 0xf0, 0x50, 0xff,
    0xe7, 0xff, 0xff, 0x15, 0xf, 0xfe, 0x43, 0xff,
    0xfc, 0x10, 0xff, 0xe3, 0xbf, 0xff, 0xc1, 0xf,
    0xfe, 0x7b, 0xff, 0xfc, 0x50, 0xff, 0xe5, 0x7f,
    0xff, 0x6, 0xf, 0xfe, 0x37, 0xff, 0xf0, 0x83,
    0xff, 0x9f, 0xff, 0xfc, 0x50, 0xff, 0xe5, 0xdf,
    0xff, 0xc1, 0x43, 0xff, 0x89, 0x7f, 0xff, 0x6,
    0xf, 0xfe, 0x75, 0xff, 0xfc, 0x48, 0x3f, 0xf9,
    0x6f, 0xff, 0xf0, 0x83, 0xff, 0x86, 0xff, 0xff,
    0x8, 0x3f, 0xf9, 0xff, 0xff, 0xc5, 0xf, 0xfe,
    0x6f, 0xff, 0xf0, 0xc3, 0xff, 0x82, 0xff, 0xff,
    0xc, 0x3f, 0xf9, 0xdf, 0xff, 0xc5, 0x43, 0xff,
    0x9b, 0x7f, 0xff, 0xe, 0xf, 0xf5, 0xff, 0xfc,
    0x34, 0x3f, 0xf9, 0xaf, 0xff, 0xf1, 0x43, 0xff,
    0x9f, 0xff, 0xfc, 0x59, 0x40, 0x55, 0xff, 0xfc,
    0x50, 0xff, 0xe7, 0x7f, 0xff, 0x14, 0x3f, 0xfa,
    0xf, 0xff, 0xf7, 0x10, 0xff, 0xe6, 0xdf, 0xff,
    0xc4, 0x83, 0xff, 0xa3, 0xff, 0xfd, 0xb8, 0x3f,
    0xf9, 0xaf, 0xff, 0xf1, 0x43, 0xff, 0xa7, 0xff,
    0xfd, 0xa0, 0xff, 0xe7, 0x7f, 0xff, 0x15, 0xf,
    0xfe, 0x9b, 0xff, 0xfd, 0x80, 0xff, 0xe7, 0x5f,
    0xff, 0xc4, 0x83, 0xff, 0xaa, 0xff, 0xff, 0x59,
    0xf, 0xfe, 0x77, 0xff, 0xf1, 0x43, 0xff, 0xae,
    0xff, 0xff, 0x51, 0xf, 0xfe, 0x77, 0xff, 0xf1,
    0x50, 0xff, 0xec, 0x3f, 0xff, 0xd2, 0xf, 0xfe,
    0x7b, 0xff, 0xfc, 0x50, 0xff, 0xed, 0xff, 0xff,
    0x3e, 0xf, 0xfe, 0x87, 0xff, 0xf1, 0x43, 0xff,
    0xbb, 0x7f, 0xff, 0x31, 0xf, 0xfe, 0x85, 0xff,
    0xfc, 0x48, 0x3f, 0xfb, 0xf7, 0xff, 0xf2, 0x20,
    0xff, 0xe9, 0x7f, 0xff, 0x14, 0x3f, 0xfc, 0x4f,
    0xff, 0xf1, 0x10, 0xff, 0xea, 0x2f, 0xff, 0x10,
    0x3f, 0xfc, 0xcd, 0xff, 0x51, 0xf, 0xfe, 0x30,

    /* U+0026 "&" */
    0xf, 0xff, 0xf8, 0x7f, 0xfa, 0x5b, 0xff, 0xf8,
    0x14, 0x43, 0xff, 0xfe, 0xdf, 0xff, 0xc9, 0x43,
    0xff, 0xf5, 0x7f, 0xff, 0x3a, 0x43, 0xff, 0xeb,
    0x7f, 0xff, 0x4d, 0xf, 0xff, 0x8b, 0xff, 0xfd,
    0x68, 0x3f, 0xfd, 0xff, 0xff, 0xda, 0x43, 0xff,
    0xd6, 0xff, 0xff, 0x72, 0xf, 0xff, 0x4b, 0xff,
    0xfd, 0xe8, 0x3f, 0xfc, 0xef, 0xff, 0xf8, 0x43,
    0xff, 0xca, 0xff, 0xff, 0x8a, 0xf, 0xff, 0x1b,
    0xff, 0xfe, 0x44, 0x3f, 0xfc, 0x5f, 0xff, 0xe6,
    0xf, 0xff, 0xd, 0xff, 0xfe, 0x70, 0xff, 0xef,
    0xbf, 0xff, 0xe8, 0x43, 0xff, 0xbd, 0xff, 0xfc,
    0xa9, 0xf, 0x37, 0xff, 0xf2, 0x83, 0xff, 0xba,
    0xff, 0xff, 0x22, 0xf, 0xfe, 0x5, 0xff, 0xfc,
    0x84, 0x3f, 0xfb, 0x9f, 0xff, 0xc8, 0xf, 0xfe,
    0x1b, 0xff, 0xfc, 0x78, 0x3f, 0xfb, 0x9f, 0xff,
    0xc7, 0xf, 0xfe, 0x37, 0xff, 0xf1, 0xc3, 0xff,
    0xb7, 0x7f, 0xff, 0x18, 0x3f, 0xf9, 0x1f, 0xff,
    0xc6, 0x43, 0xff, 0xb5, 0x7f, 0xff, 0x15, 0xf,
    0xfe, 0x45, 0xff, 0xfc, 0x58, 0x3f, 0xfb, 0x5f,
    0xff, 0xc6, 0xf, 0xfe, 0x57, 0xff, 0xf1, 0x60,
    0xff, 0xed, 0x7f, 0xff, 0x15, 0xf, 0xfe, 0x55,
    0xff, 0xfc, 0x50, 0xff, 0xed, 0x7f, 0xff, 0x14,
    0x3f, 0xf9, 0x6f, 0xff, 0xf1, 0x43, 0xff, 0xb2,
    0xff, 0xff, 0x14, 0x3f, 0xf9, 0x9f, 0xff, 0xc5,
    0xf, 0xfe, 0xcb, 0xff, 0xfc, 0x50, 0xff, 0xe6,
    0x7f, 0xff, 0x14, 0x3f, 0xfb, 0x2f, 0xff, 0xf1,
    0x43, 0xff, 0x99, 0xff, 0xfc, 0x50, 0xff, 0xec,
    0xbf, 0xff, 0xc5, 0xf, 0xfe, 0x67, 0xff, 0xf1,
    0x43, 0xff, 0xb2, 0xff, 0xff, 0x14, 0x3f, 0xf9,
    0x6f, 0xff, 0xf1, 0x20, 0xff, 0xed, 0x7f, 0xff,
    0x14, 0x3f, 0xf9, 0x77, 0xff, 0xf1, 0x20, 0xff,
    0xed, 0x7f, 0xff, 0x15, 0xf, 0xfe, 0x57, 0xff,
    0xf1, 0x50, 0xff, 0xed, 0x7f, 0xff, 0x18, 0x3f,
    0xf9, 0x2f, 0xff, 0xf1, 0x43, 0xff, 0xb7, 0x7f,
    0xff, 0x14, 0x3f, 0xf9, 0x3f, 0xff, 0xc6, 0xf,
    0xfe, 0xdb, 0xff, 0xfc, 0x58, 0x3f, 0xf8, 0xf7,
    0xff, 0xf1, 0x60, 0xff, 0xee, 0x7f, 0xff, 0x19,
    0xf, 0xfe, 0x2b, 0xff, 0xfc, 0x60, 0xff, 0xee,
    0xff, 0xff, 0x1c, 0x3f, 0xf8, 0x8f, 0xff, 0xf1,
    0xc3, 0xff, 0xba, 0xff, 0xff, 0x1a, 0xf, 0xfe,
    0x15, 0xff, 0xfc, 0x74, 0x3f, 0xfb, 0xdf, 0xff,
    0xc7, 0x43, 0xff, 0x81, 0xff, 0xfc, 0x88, 0x3f,
    0xfb, 0xef, 0xff, 0xf1, 0xc3, 0xfd, 0x7f, 0xff,
    0x24, 0x3f, 0xfc, 0x3f, 0xff, 0xc8, 0xf, 0x9f,
    0xff, 0xe5, 0x21, 0xff, 0xe1, 0x7f, 0xff, 0x90,
    0x1d, 0x7f, 0xff, 0x2a, 0xf, 0xff, 0x1d, 0xff,
    0xfc, 0x78, 0x17, 0xff, 0xf3, 0x3, 0xff, 0xcb,
    0xff, 0xfe, 0x20, 0xff, 0xf3, 0x3f, 0xff, 0xe0,
    0xf, 0xff, 0x45, 0xff, 0xfd, 0xe0, 0xff, 0xf5,
    0x7f, 0xff, 0x74, 0x3f, 0xfd, 0x9f, 0xff, 0xda,
    0x83, 0xff, 0xdd, 0xff, 0xfd, 0x88, 0x3f, 0xfd,
    0xef, 0xff, 0xf5, 0x83, 0xff, 0xe5, 0xff, 0xfd,
    0x48, 0x3f, 0xfe, 0x2f, 0xff, 0xf5, 0x3, 0xff,
    0xe5, 0xff, 0xfd, 0x44, 0x3f, 0xfe, 0x37, 0xff,
    0xf4, 0xd0, 0xff, 0xf8, 0xbf, 0xff, 0xd4, 0xf,
    0xff, 0x95, 0xff, 0xfd, 0x58, 0x3f, 0xfe, 0x1f,
    0xff, 0xd8, 0x83, 0xff, 0xdd, 0xff, 0xfd, 0xa4,
    0x3f, 0xfd, 0x9f, 0xff, 0xdc, 0x43, 0xff, 0x98,
    0x87, 0xff, 0x41, 0xff, 0xfe, 0xf2, 0x1f, 0xfc,
    0xab, 0xe9, 0xf, 0xfe, 0x67, 0xff, 0xf8, 0x10,
    0xff, 0xe4, 0xff, 0xe9, 0xf, 0xfe, 0x3f, 0xff,
    0xf3, 0x2f, 0xff, 0xe4, 0xa1, 0xff, 0xc7, 0x7f,
    0xff, 0x81, 0x21, 0xff, 0xc2, 0xff, 0xfe, 0x5a,
    0x7, 0xff, 0xf9, 0x21, 0xff, 0xc7, 0xbf, 0xff,
    0x88, 0x1f, 0xf5, 0xff, 0xfc, 0x94, 0x39, 0xff,
    0xfe, 0x48, 0x7f, 0xf1, 0xbf, 0xff, 0x89, 0x7,
    0xf9, 0xff, 0xfe, 0x48, 0x7e, 0xbf, 0xff, 0x92,
    0x1f, 0xfc, 0x47, 0xff, 0xf8, 0x88, 0x7f, 0xbf,
    0xff, 0x91, 0x7, 0xfa, 0xff, 0xfe, 0x48, 0x7f,
    0xf0, 0xff, 0xff, 0x8a, 0x1f, 0xe7, 0xff, 0xf8,
    0xe8, 0x7f, 0xf0, 0x2f, 0xff, 0xe4, 0x87, 0xff,
    0x5, 0xff, 0xfe, 0x24, 0x1f, 0xef, 0xff, 0xe3,
    0xa1, 0xff, 0xc2, 0xbf, 0xff, 0x92, 0x1f, 0xfc,
    0xf, 0xff, 0xe2, 0xa1, 0xfc, 0xff, 0xff, 0x19,
    0xf, 0xfe, 0x25, 0xff, 0xfc, 0x90, 0xff, 0x3f,
    0xff, 0xc5, 0xf, 0xf7, 0xff, 0xf1, 0xa0, 0xff,
    0xe3, 0x5f, 0xff, 0xc9, 0xf, 0xef, 0xff, 0xe2,
    0xc1, 0xfe, 0xff, 0xfe, 0x30, 0x7f, 0xf2, 0x3f,
    0xff, 0x94, 0x1f, 0x3f, 0xff, 0xc5, 0xf, 0xf3,
    0xff, 0xfc, 0x58, 0x3f, 0xf9, 0x3f, 0xff, 0xc9,
    0x83, 0xdf, 0xff, 0xc6, 0xf, 0xf7, 0xff, 0xf1,
    0x83, 0xff, 0x97, 0xff, 0xfc, 0x98, 0x35, 0xff,
    0xfc, 0x54, 0x3f, 0xdf, 0xff, 0xc5, 0x83, 0xff,
    0x99, 0xff, 0xfc, 0x98, 0xf, 0xff, 0xf1, 0x83,
    0xfe, 0xff, 0xfe, 0x2a, 0x1f, 0xfc, 0xdf, 0xff,
    0xe4, 0xc7, 0xff, 0xf1, 0x90, 0xff, 0x3f, 0xff,
    0xc5, 0x43, 0xff, 0x9d, 0xff, 0xfd, 0xc0, 0xff,
    0x9f, 0xff, 0xe2, 0x87, 0xff, 0x43, 0xff, 0xfb,
    0x48, 0x7f, 0xd7, 0xff, 0xf1, 0x43, 0xff, 0xa3,
    0xff, 0xfd, 0x90, 0xff, 0xe0, 0x5f, 0xff, 0xc5,
    0xf, 0xfe, 0x8b, 0xff, 0xfd, 0x74, 0x3f, 0xf8,
    0x17, 0xff, 0xf1, 0x43, 0xff, 0xa4, 0xff, 0xff,
    0x56, 0xf, 0xfe, 0xd, 0xff, 0xfc, 0x50, 0xff,
    0xe9, 0xbf, 0xff, 0xd4, 0xf, 0xfe, 0x15, 0xff,
    0xfc, 0x54, 0x3f, 0xfa, 0x6f, 0xff, 0xf4, 0xa0,
    0xff, 0xe1, 0x3f, 0xff, 0xc5, 0x83, 0xff, 0xa8,
    0xff, 0xff, 0x44, 0x3f, 0xf8, 0x6f, 0xff, 0xf1,
    0x83, 0xff, 0xab, 0x7f, 0xff, 0x3c, 0x3f, 0xf8,
    0xbf, 0xff, 0xc6, 0x43, 0xff, 0xab, 0x7f, 0xff,
    0x36, 0xf, 0xfe, 0x2f, 0xff, 0xf1, 0xc3, 0xff,
    0xad, 0x7f, 0xff, 0x30, 0x3f, 0xf8, 0xdf, 0xff,
    0xc7, 0x83, 0xff, 0xad, 0x7f, 0xff, 0x28, 0x3f,
    0xf8, 0xf7, 0xff, 0xf1, 0xd0, 0xff, 0xea, 0x3f,
    0xff, 0xcb, 0xf, 0xfe, 0x47, 0xff, 0xf2, 0x10,
    0xff, 0xe9, 0x5f, 0xff, 0xcc, 0x83, 0xff, 0x8f,
    0xff, 0xfc, 0x98, 0x3f, 0xf9, 0xef, 0xff, 0xf3,
    0xe0, 0xff, 0xe3, 0x3f, 0xff, 0xca, 0xf, 0xfe,
    0x6f, 0xff, 0xf4, 0xa0, 0xff, 0xe3, 0x7f, 0xff,
    0x2e, 0xf, 0xfe, 0x4d, 0xff, 0xfd, 0x44, 0x3f,
    0xf8, 0xaf, 0xff, 0xf3, 0x24, 0x3f, 0xf8, 0x6f,
    0xff, 0xf6, 0x10, 0xff, 0xe2, 0xff, 0xff, 0x42,
    0x50, 0x72, 0xaf, 0xff, 0xee, 0x21, 0xff, 0xc5,
    0xff, 0xff, 0xff, 0xe4, 0x3f, 0xf8, 0x8f, 0xff,
    0xff, 0xff, 0x7, 0xff, 0x16, 0xff, 0xff, 0xff,
    0xe0, 0xff, 0xe2, 0xff, 0xff, 0xff, 0xf8, 0x3f,
    0xf8, 0xbf, 0xff, 0xee, 0xbf, 0xff, 0x92, 0x1f,
    0xfc, 0x5f, 0xff, 0xf5, 0xc0, 0x7f, 0xff, 0x92,
    0x1f, 0xfc, 0x5b, 0xff, 0xfd, 0x1, 0xd7, 0xff,
    0xf2, 0x43, 0xff, 0x8a, 0xff, 0xff, 0x96, 0xf,
    0xaf, 0xff, 0xe4, 0x87, 0xff, 0x1b, 0xff, 0xfc,
    0x50, 0x7f, 0xaf, 0xff, 0xe4, 0x41, 0xff, 0xc6,
    0x7f, 0xff, 0xbd, 0x7, 0xff, 0x6, 0xff, 0xfe,
    0x44, 0x1f, 0xfc, 0x7b, 0xff, 0xfb, 0x52, 0x1f,
    0xfc, 0x3b, 0xff, 0xf9, 0x10, 0x7f, 0xf2, 0x2f,
    0xff, 0xeb, 0x41, 0xff, 0xc7, 0xbf, 0xff, 0x91,
    0x7, 0xff, 0x25, 0xbf, 0xff, 0xa1, 0x21, 0xff,
    0xca, 0xbf, 0xff, 0x90, 0x87, 0xff, 0x2d, 0xbf,
    0xff, 0x95, 0x21, 0xff, 0xff, 0x69, 0xff, 0xea,
    0x21, 0xff, 0xe8,

    /* U+0027 "'" */
    0x2b, 0xff, 0x84, 0xff, 0xff, 0x9, 0xff, 0xfe,
    0x13, 0xff, 0xfc, 0x27, 0xff, 0xf8, 0x4f, 0xff,
    0xf0, 0x9f, 0xff, 0xe1, 0x3f, 0xff, 0xc2, 0x7f,
    0xff, 0x84, 0xff, 0xff, 0x9, 0xff, 0xfe, 0x13,
    0xff, 0xfc, 0x27, 0xff, 0xf8, 0x4f, 0xff, 0xf0,
    0x9f, 0xff, 0xe1, 0x3f, 0xff, 0xc2, 0x7f, 0xff,
    0x84, 0xff, 0xff, 0x9, 0xff, 0xfe, 0x13, 0xff,
    0xfc, 0x27, 0xff, 0xf8, 0x4f, 0xff, 0xf0, 0x9f,
    0xff, 0xe1, 0x3f, 0xff, 0xc2, 0x7f, 0xff, 0x84,
    0xff, 0xff, 0x9, 0xff, 0xfe, 0x13, 0xff, 0xfc,
    0x27, 0xff, 0xf8, 0x4f, 0xff, 0xf0, 0x9f, 0xff,
    0xe1, 0x3f, 0xff, 0xc2, 0x7f, 0xff, 0x84, 0xff,
    0xff, 0x9, 0xff, 0xfe, 0x13, 0xff, 0xfc, 0x27,
    0xff, 0xf8, 0x4f, 0xff, 0xf0, 0x80,

    /* U+0028 "(" */
    0xf, 0xfe, 0x52, 0x1f, 0xfd, 0x5f, 0x41, 0xff,
    0xd3, 0xbf, 0x21, 0xff, 0xd0, 0x7f, 0xd0, 0x7f,
    0xf3, 0xff, 0xf9, 0xf, 0xfe, 0x65, 0xff, 0xf0,
    0x7f, 0xf2, 0xff, 0xff, 0x83, 0x7, 0xff, 0x23,
    0xff, 0xf8, 0x88, 0x7f, 0xf1, 0x5f, 0xff, 0xe2,
    0xc1, 0xff, 0xc4, 0xff, 0xfe, 0x32, 0x1f, 0xfc,
    0x3b, 0xff, 0xf8, 0xb0, 0x7f, 0xf1, 0x3f, 0xff,
    0x8c, 0x1f, 0xfc, 0x4f, 0xff, 0xe3, 0x21, 0xff,
    0xc3, 0x7f, 0xff, 0x8b, 0x7, 0xff, 0x13, 0xff,
    0xf8, 0xc1, 0xff, 0xc4, 0x7f, 0xff, 0x8a, 0x87,
    0xff, 0x13, 0xff, 0xf8, 0xc1, 0xff, 0xc4, 0x7f,
    0xff, 0x8a, 0x87, 0xff, 0x13, 0xff, 0xf8, 0xc1,
    0xff, 0xc4, 0x7f, 0xff, 0x8a, 0x1f, 0xfc, 0x5f,
    0xff, 0xe2, 0xc1, 0xff, 0xc4, 0x7f, 0xff, 0x8a,
    0x1f, 0xfc, 0x5b, 0xff, 0xf8, 0x90, 0x7f, 0xf1,
    0x7f, 0xff, 0x8a, 0x1f, 0xfc, 0x5b, 0xff, 0xf8,
    0xa1, 0xff, 0xc5, 0xff, 0xfe, 0x2a, 0x1f, 0xfc,
    0x47, 0xff, 0xf8, 0xa1, 0xff, 0xc5, 0xbf, 0xff,
    0x88, 0x87, 0xff, 0x17, 0xff, 0xf8, 0xa1, 0xff,
    0xc5, 0x7f, 0xff, 0x89, 0x7, 0xff, 0x17, 0xff,
    0xf8, 0xa8, 0x7f, 0xf1, 0x7f, 0xff, 0x8a, 0x1f,
    0xfc, 0x57, 0xff, 0xf8, 0x90, 0x7f, 0xf1, 0x7f,
    0xff, 0x8a, 0x1f, 0xfc, 0x6f, 0xff, 0xe2, 0x87,
    0xff, 0x15, 0xff, 0xfe, 0x24, 0x1f, 0xfc, 0x5b,
    0xff, 0xf8, 0x88, 0x7f, 0xf1, 0x7f, 0xff, 0x8a,
    0x1f, 0xfc, 0x6f, 0xff, 0xe2, 0x41, 0xff, 0xc5,
    0x7f, 0xff, 0x88, 0x87, 0xff, 0x16, 0xff, 0xfe,
    0x20, 0x7f, 0xf1, 0xbf, 0xff, 0x8a, 0x1f, 0xfc,
    0x6f, 0xff, 0xe2, 0x41, 0xff, 0xc5, 0x7f, 0xff,
    0x89, 0x7, 0xff, 0x16, 0xff, 0xfe, 0x22, 0x1f,
    0xfc, 0x5b, 0xff, 0xf8, 0x81, 0xff, 0xc6, 0xff,
    0xfe, 0x28, 0x7f, 0xf1, 0xbf, 0xff, 0x8a, 0x1f,
    0xfc, 0x6f, 0xff, 0xe2, 0x41, 0xff, 0xc5, 0x7f,
    0xff, 0x88, 0x87, 0xff, 0x15, 0xff, 0xfe, 0x22,
    0x1f, 0xfc, 0x5b, 0xff, 0xf8, 0x81, 0xff, 0xc6,
    0xff, 0xfe, 0x28, 0x7f, 0xf1, 0xbf, 0xff, 0x8a,
    0x1f, 0xfc, 0x6f, 0xff, 0xe2, 0x87, 0xff, 0x1b,
    0xff, 0xf8, 0xa1, 0xff, 0xc6, 0xff, 0xfe, 0x24,
    0x1f, 0xfc, 0x6f, 0xff, 0xe2, 0x41, 0xff, 0xc5,
    0x7f, 0xff, 0x89, 0x7, 0xff, 0x15, 0xff, 0xfe,
    0x22, 0x1f, 0xfc, 0x57, 0xff, 0xf8, 0x88, 0x7f,
    0xf1, 0x5f, 0xff, 0xe2, 0x21, 0xff, 0xc5, 0x7f,
    0xff, 0x88, 0x87, 0xff, 0x15, 0xff, 0xfe, 0x22,
    0x1f, 0xfc, 0x57, 0xff, 0xf8, 0x88, 0x7f, 0xf1,
    0x5f, 0xff, 0xe2, 0x21, 0xff, 0xc5, 0x7f, 0xff,
    0x88, 0x87, 0xff, 0x15, 0xff, 0xfe, 0x22, 0x1f,
    0xfc, 0x57, 0xff, 0xf8, 0x88, 0x7f, 0xf1, 0x5f,
    0xff, 0xe2, 0x21, 0xff, 0xc5, 0x7f, 0xff, 0x88,
    0x87, 0xff, 0x1b, 0xff, 0xf8, 0x90, 0x7f, 0xf1,
    0xbf, 0xff, 0x89, 0x7, 0xff, 0x1b, 0xff, 0xf8,
    0x90, 0x7f, 0xf1, 0xbf, 0xff, 0x89, 0x7, 0xff,
    0x1b, 0xff, 0xf8, 0xa1, 0xff, 0xc6, 0xff, 0xfe,
    0x28, 0x7f, 0xf1, 0xaf, 0xff, 0xe2, 0x7, 0xff,
    0x1a, 0xff, 0xfe, 0x20, 0x7f, 0xf1, 0x9f, 0xff,
    0xe2, 0x7, 0xff, 0x1f, 0xff, 0xf8, 0x88, 0x7f,
    0xf1, 0xbf, 0xff, 0x88, 0x87, 0xff, 0x1b, 0xff,
    0xf8, 0x90, 0x7f, 0xf1, 0xaf, 0xff, 0xe2, 0x7,
    0xff, 0x1a, 0xff, 0xfe, 0x20, 0x7f, 0xf1, 0x9f,
    0xff, 0xe2, 0x7, 0xff, 0x1f, 0xff, 0xf8, 0x88,
    0x7f, 0xf1, 0xbf, 0xff, 0x89, 0x7, 0xff, 0x1a,
    0xff, 0xfe, 0x20, 0x7f, 0xf1, 0x9f, 0xff, 0xe2,
    0x7, 0xff, 0x1f, 0xff, 0xf8, 0x88, 0x7f, 0xf1,
    0xbf, 0xff, 0x89, 0x7, 0xff, 0x1a, 0xff, 0xfe,
    0x20, 0x7f, 0xf1, 0x9f, 0xff, 0xe2, 0x7, 0xff,
    0x1f, 0xff, 0xf8, 0x90, 0x7f, 0xf1, 0xbf, 0xff,
    0x8a, 0x1f, 0xfc, 0x6b, 0xff, 0xf8, 0x81, 0xff,
    0xc7, 0xff, 0xfe, 0x24, 0x1f, 0xfc, 0x6f, 0xff,
    0xe2, 0x87, 0xff, 0x1a, 0xff, 0xfe, 0x22, 0x1f,
    0xfc, 0x6f, 0xff, 0xe2, 0x87, 0xff, 0x1b, 0xff,
    0xf8, 0xa8, 0x7f, 0xf1, 0x6f, 0xff, 0xe2, 0x41,
    0xff, 0xc6, 0xff, 0xfe, 0x28, 0x7f, 0xf1, 0xaf,
    0xff, 0xe2, 0x41, 0xff, 0xc5, 0x7f, 0xff, 0x8a,
    0x1f, 0xfc, 0x6f, 0xff, 0xe2, 0xc1, 0xff, 0xc5,
    0xbf, 0xff, 0x8a, 0x1f, 0xfc, 0x6f, 0xff, 0xe2,
    0xc1, 0xff, 0xc5, 0xbf, 0xff, 0x8a, 0x1f, 0xfc,
    0x6f, 0xff, 0xe2, 0xc1, 0xff, 0xc5, 0xbf, 0xff,
    0x8a, 0x1f, 0xfc, 0x6f, 0xff, 0xe2, 0xc1, 0xff,
    0xc5, 0xbf, 0xff, 0x8a, 0x87, 0xff, 0x17, 0xff,
    0xf8, 0xc1, 0xff, 0xc5, 0xbf, 0xff, 0x8a, 0x87,
    0xff, 0x17, 0xff, 0xf8, 0xc1, 0xff, 0xc5, 0xbf,
    0xff, 0x8b, 0x7, 0xff, 0x17, 0xff, 0xf8, 0xc1,
    0xff, 0xc5, 0xbf, 0xff, 0x8c, 0x1f, 0xfc, 0x5f,
    0xff, 0xe3, 0x21, 0xff, 0xc4, 0x7f, 0xff, 0x8b,
    0x7, 0xff, 0x16, 0xff, 0xfe, 0x1a, 0x1f, 0xfc,
    0x7f, 0xff, 0xe0, 0xc1, 0xff, 0xc9, 0x7f, 0xfe,
    0xf, 0xfe, 0x67, 0xff, 0x21, 0xff, 0xce, 0xff,
    0x41, 0xff, 0xd0, 0x7f, 0x21, 0xff, 0xd2, 0xb8,
    0x3f, 0xfc, 0x40,

    /* U+0029 ")" */
    0xf, 0xfe, 0xa, 0x1f, 0xfd, 0x6b, 0xc1, 0xff,
    0xd3, 0x7f, 0x21, 0xff, 0xd1, 0xff, 0x83, 0xff,
    0x9f, 0x7f, 0xf0, 0x7f, 0xf3, 0x1f, 0xff, 0xa0,
    0xff, 0xe5, 0x5f, 0xff, 0xc1, 0xf, 0xfe, 0x43,
    0xff, 0xfc, 0x40, 0xff, 0xe3, 0x7f, 0xff, 0x19,
    0xf, 0xfe, 0x2d, 0xff, 0xfc, 0x60, 0xff, 0xe3,
    0x7f, 0xff, 0x1a, 0xf, 0xfe, 0x37, 0xff, 0xf1,
    0x83, 0xff, 0x8d, 0x7f, 0xff, 0x16, 0xf, 0xfe,
    0x37, 0xff, 0xf1, 0x90, 0xff, 0xe3, 0x7f, 0xff,
    0x18, 0x3f, 0xf8, 0xd7, 0xff, 0xf1, 0x50, 0xff,
    0xe3, 0x7f, 0xff, 0x18, 0x3f, 0xf8, 0xcf, 0xff,
    0xf1, 0x50, 0xff, 0xe3, 0x7f, 0xff, 0x18, 0x3f,
    0xf8, 0xcf, 0xff, 0xf1, 0x50, 0xff, 0xe3, 0x7f,
    0xff, 0x16, 0xf, 0xfe, 0x33, 0xff, 0xfc, 0x50,
    0xff, 0xe3, 0xff, 0xff, 0x16, 0xf, 0xfe, 0x33,
    0xff, 0xfc, 0x50, 0xff, 0xe3, 0xff, 0xff, 0x15,
    0xf, 0xfe, 0x33, 0xff, 0xfc, 0x50, 0xff, 0xe3,
    0xff, 0xff, 0x15, 0xf, 0xfe, 0x35, 0xff, 0xfc,
    0x48, 0x3f, 0xf8, 0xff, 0xff, 0xc5, 0xf, 0xfe,
    0x3d, 0xff, 0xfc, 0x44, 0x3f, 0xf8, 0xcf, 0xff,
    0xf1, 0x20, 0xff, 0xe3, 0xff, 0xff, 0x14, 0x3f,
    0xf8, 0xf7, 0xff, 0xf1, 0x10, 0xff, 0xe3, 0x3f,
    0xff, 0xc4, 0x83, 0xff, 0x8f, 0xff, 0xfc, 0x50,
    0xff, 0xe3, 0xdf, 0xff, 0xc4, 0x43, 0xff, 0x8c,
    0xff, 0xff, 0x12, 0xf, 0xfe, 0x3f, 0xff, 0xf1,
    0x43, 0xff, 0x8f, 0xff, 0xfc, 0x50, 0xff, 0xe3,
    0xdf, 0xff, 0xc4, 0x43, 0xff, 0x8c, 0xff, 0xff,
    0x12, 0xf, 0xfe, 0x3f, 0xff, 0xf1, 0x43, 0xff,
    0x8f, 0xff, 0xfc, 0x50, 0xff, 0xe3, 0xdf, 0xff,
    0xc4, 0xf, 0xfe, 0x3b, 0xff, 0xfc, 0x44, 0x3f,
    0xf8, 0xff, 0xff, 0xc4, 0x83, 0xff, 0x8f, 0xff,
    0xfc, 0x50, 0xff, 0xe3, 0xff, 0xff, 0x14, 0x3f,
    0xf8, 0xf7, 0xff, 0xf1, 0x3, 0xff, 0x8f, 0x7f,
    0xff, 0x11, 0xf, 0xfe, 0x33, 0xff, 0xfc, 0x44,
    0x3f, 0xf8, 0xcf, 0xff, 0xf1, 0x20, 0xff, 0xe3,
    0xff, 0xff, 0x12, 0xf, 0xfe, 0x3f, 0xff, 0xf1,
    0x43, 0xff, 0x8f, 0xff, 0xfc, 0x50, 0xff, 0xe3,
    0xff, 0xff, 0x14, 0x3f, 0xf8, 0xf7, 0xff, 0xf1,
    0x3, 0xff, 0x8f, 0x7f, 0xff, 0x10, 0x3f, 0xf8,
    0xf7, 0xff, 0xf1, 0x3, 0xff, 0x8f, 0x7f, 0xff,
    0x11, 0xf, 0xfe, 0x35, 0xff, 0xfc, 0x44, 0x3f,
    0xf8, 0xcf, 0xff, 0xf1, 0x10, 0xff, 0xe3, 0x3f,
    0xff, 0xc4, 0x43, 0xff, 0x8c, 0xff, 0xff, 0x11,
    0xf, 0xfe, 0x33, 0xff, 0xfc, 0x44, 0x3f, 0xf8,
    0xcf, 0xff, 0xf1, 0x10, 0xff, 0xe3, 0x3f, 0xff,
    0xc4, 0x43, 0xff, 0x8c, 0xff, 0xff, 0x11, 0xf,
    0xfe, 0x33, 0xff, 0xfc, 0x44, 0x3f, 0xf8, 0xcf,
    0xff, 0xf1, 0x10, 0xff, 0xe3, 0x5f, 0xff, 0xc4,
    0xf, 0xfe, 0x3d, 0xff, 0xfc, 0x40, 0xff, 0xe3,
    0xdf, 0xff, 0xc4, 0xf, 0xfe, 0x3d, 0xff, 0xfc,
    0x40, 0xff, 0xe3, 0xff, 0xff, 0x14, 0x3f, 0xf8,
    0xff, 0xff, 0xc5, 0xf, 0xfe, 0x3f, 0xff, 0xf1,
    0x20, 0xff, 0xe3, 0xff, 0xff, 0x12, 0xf, 0xfe,
    0x3f, 0xff, 0xf1, 0x10, 0xff, 0xe3, 0x3f, 0xff,
    0xc4, 0x43, 0xff, 0x8c, 0xff, 0xff, 0x10, 0x3f,
    0xf8, 0xf7, 0xff, 0xf1, 0x3, 0xff, 0x8f, 0x7f,
    0xff, 0x10, 0x3f, 0xf8, 0xff, 0xff, 0xc4, 0x83,
    0xff, 0x8f, 0xff, 0xfc, 0x44, 0x3f, 0xf8, 0xff,
    0xff, 0xc4, 0x43, 0xff, 0x8c, 0xff, 0xff, 0x10,
    0x3f, 0xf8, 0xf7, 0xff, 0xf1, 0x3, 0xff, 0x8f,
    0xff, 0xfc, 0x48, 0x3f, 0xf8, 0xff, 0xff, 0xc4,
    0x43, 0xff, 0x8c, 0xff, 0xff, 0x10, 0x3f, 0xf8,
    0xf7, 0xff, 0xf1, 0x3, 0xff, 0x8f, 0xff, 0xfc,
    0x48, 0x3f, 0xf8, 0xcf, 0xff, 0xf1, 0x10, 0xff,
    0xe3, 0x5f, 0xff, 0xc4, 0xf, 0xfe, 0x3f, 0xff,
    0xf1, 0x43, 0xff, 0x8c, 0xff, 0xff, 0x11, 0xf,
    0xfe, 0x35, 0xff, 0xfc, 0x40, 0xff, 0xe3, 0xff,
    0xff, 0x14, 0x3f, 0xf8, 0xcf, 0xff, 0xf1, 0x20,
    0xff, 0xe3, 0x7f, 0xff, 0x14, 0x3f, 0xf8, 0xcf,
    0xff, 0xf1, 0x43, 0xff, 0x8d, 0xff, 0xfc, 0x54,
    0x3f, 0xf8, 0xdf, 0xff, 0xc5, 0xf, 0xfe, 0x35,
    0xff, 0xfc, 0x48, 0x3f, 0xf8, 0xdf, 0xff, 0xc5,
    0x43, 0xff, 0x8b, 0x7f, 0xff, 0x14, 0x3f, 0xf8,
    0xdf, 0xff, 0xc5, 0x43, 0xff, 0x8b, 0x7f, 0xff,
    0x14, 0x3f, 0xf8, 0xdf, 0xff, 0xc5, 0x83, 0xff,
    0x8b, 0x7f, 0xff, 0x14, 0x3f, 0xf8, 0xaf, 0xff,
    0xf1, 0x60, 0xff, 0xe2, 0xff, 0xff, 0x18, 0x3f,
    0xf8, 0xaf, 0xff, 0xf1, 0x60, 0xff, 0xe2, 0xff,
    0xff, 0x18, 0x3f, 0xf8, 0xaf, 0xff, 0xf1, 0x60,
    0xff, 0xe2, 0xff, 0xff, 0x18, 0x3f, 0xf8, 0xb7,
    0xff, 0xf1, 0x60, 0xff, 0xe2, 0xff, 0xff, 0x18,
    0x3f, 0xf8, 0xbf, 0xff, 0xc6, 0x43, 0xff, 0x88,
    0xff, 0xff, 0x18, 0x3f, 0xf8, 0xbf, 0xff, 0xc6,
    0x43, 0xff, 0x8c, 0xff, 0xff, 0xe, 0xf, 0xfe,
    0x4d, 0xff, 0xfc, 0x10, 0xff, 0xe5, 0xbf, 0xff,
    0x21, 0xff, 0xcd, 0x7f, 0xf4, 0x1f, 0xfd, 0xb,
    0xfc, 0x1f, 0xfd, 0x27, 0xf2, 0x1f, 0xfd, 0x4b,
    0x83, 0xff, 0xda,

    /* U+002A "*" */
    0xf, 0xfe, 0x67, 0xff, 0xf0, 0x43, 0xff, 0xc9,
    0xff, 0xfc, 0x10, 0xff, 0xf2, 0x7f, 0xff, 0x4,
    0x3f, 0xfc, 0x9f, 0xff, 0xc1, 0xf, 0xff, 0x27,
    0xff, 0xf0, 0x43, 0xff, 0xc9, 0xff, 0xfc, 0x10,
    0xff, 0xf2, 0x7f, 0xff, 0x4, 0x3f, 0xfc, 0x9f,
    0xff, 0xc1, 0xf, 0xff, 0x27, 0xff, 0xf0, 0x43,
    0xff, 0xc9, 0x7f, 0xff, 0x0, 0x3f, 0xfc, 0x97,
    0xff, 0xf0, 0x3, 0xff, 0xc9, 0x7f, 0xfd, 0x7,
    0xff, 0x92, 0xff, 0xfa, 0xf, 0xff, 0x25, 0xff,
    0xf4, 0x1f, 0xfd, 0x1f, 0x21, 0xff, 0xc4, 0xbf,
    0xfe, 0x83, 0xff, 0x88, 0xf8, 0x3f, 0x9f, 0xe4,
    0x3f, 0xf8, 0x37, 0xff, 0xd0, 0x7f, 0xf0, 0x5b,
    0xf4, 0x1f, 0xbf, 0xf4, 0x87, 0xfa, 0xff, 0xfa,
    0xf, 0xf3, 0x7f, 0xe0, 0xfd, 0xff, 0xf4, 0x87,
    0xd7, 0xff, 0xd0, 0x7e, 0xbf, 0xfe, 0x43, 0xd7,
    0xff, 0xf0, 0xa0, 0xe7, 0xff, 0xe8, 0x3a, 0xff,
    0xfe, 0x18, 0x7b, 0xff, 0xf8, 0xd0, 0x1f, 0xff,
    0xa0, 0x3f, 0xff, 0xc6, 0xe, 0x7f, 0xff, 0x93,
    0x7f, 0xff, 0x56, 0xd, 0xff, 0xfe, 0xd0, 0xdf,
    0xff, 0xed, 0x41, 0x7f, 0xff, 0xb8, 0x1f, 0xff,
    0xef, 0x5, 0xff, 0xfe, 0xe4, 0x26, 0xff, 0xff,
    0x3c, 0x87, 0xf9, 0xbf, 0xff, 0xc1, 0x7, 0xff,
    0x15, 0xbf, 0xff, 0xb3, 0x21, 0xff, 0xcc, 0x7f,
    0xff, 0xa7, 0x7, 0xff, 0x4d, 0xbf, 0xff, 0x97,
    0x21, 0xff, 0xd9, 0x7f, 0xff, 0x8e, 0x87, 0xff,
    0x73, 0xff, 0xf9, 0x21, 0xff, 0xdb, 0xbf, 0xff,
    0x93, 0x7, 0xff, 0x65, 0xff, 0xfe, 0x5a, 0x1f,
    0xfd, 0x8f, 0xff, 0xe6, 0x87, 0xff, 0x5f, 0xff,
    0xf9, 0xe1, 0xff, 0xd5, 0xbf, 0xff, 0xa0, 0x1f,
    0xfd, 0x37, 0xff, 0xf8, 0x57, 0xff, 0xf0, 0xa0,
    0xff, 0xe9, 0x7f, 0xff, 0xc, 0xbf, 0xff, 0x84,
    0x87, 0xff, 0x43, 0xff, 0xf8, 0x61, 0x7f, 0xff,
    0xc, 0x3f, 0xf9, 0xf7, 0xff, 0xf0, 0x90, 0xdf,
    0xff, 0xc3, 0xf, 0xfe, 0x6b, 0xff, 0xfc, 0x30,
    0xe7, 0xff, 0xf8, 0x50, 0x7f, 0xf3, 0x3f, 0xff,
    0x86, 0x1f, 0x7f, 0xff, 0xe, 0xf, 0xfe, 0x57,
    0xff, 0xf0, 0xe0, 0xfd, 0xff, 0xfc, 0x34, 0x3f,
    0xf9, 0x17, 0xff, 0xf0, 0xc3, 0xf9, 0xff, 0xfe,
    0x18, 0x7f, 0xf1, 0xdf, 0xff, 0xe1, 0xa1, 0xfe,
    0xff, 0xfe, 0x20, 0x7f, 0xf1, 0xbf, 0xff, 0x87,
    0x7, 0xff, 0x3, 0xff, 0xf8, 0x70, 0x7f, 0xf1,
    0x1f, 0xff, 0xe1, 0x87, 0xff, 0x5, 0xff, 0xfe,
    0x18, 0x7f, 0xf1, 0x5f, 0xff, 0xe0, 0xa1, 0xff,
    0xc2, 0xbf, 0xff, 0x81, 0x7, 0xff, 0x22, 0xff,
    0xf4, 0x1f, 0xfc, 0x4f, 0xff, 0x90, 0xff, 0xe5,
    0x3f, 0xfc, 0x1f, 0xfc, 0x57, 0xff, 0x83, 0xff,
    0x9d, 0xff, 0x21, 0xff, 0xc6, 0xbf, 0xd0, 0x7f,
    0xf4, 0x2f, 0xe0, 0xff, 0xe4, 0x7f, 0x21, 0xff,
    0xd2, 0x7e, 0xf, 0xfe, 0x4b, 0xf0, 0x7f, 0xf5,
    0xb4, 0x3f, 0xf9, 0x54, 0xf, 0xff, 0xf8, 0x40,

    /* U+002B "+" */
    0xf, 0xfe, 0x9a, 0xff, 0xf0, 0x83, 0xff, 0xe1,
    0x7f, 0xff, 0x8, 0x3f, 0xfe, 0x17, 0xff, 0xf0,
    0x83, 0xff, 0xe1, 0x7f, 0xff, 0x8, 0x3f, 0xfe,
    0x17, 0xff, 0xf0, 0x83, 0xff, 0xe1, 0x7f, 0xff,
    0x8, 0x3f, 0xfe, 0x17, 0xff, 0xf0, 0x83, 0xff,
    0xe1, 0x7f, 0xff, 0x8, 0x3f, 0xfe, 0x17, 0xff,
    0xf0, 0x83, 0xff, 0xe1, 0x7f, 0xff, 0x8, 0x3f,
    0xfe, 0x17, 0xff, 0xf0, 0x83, 0xff, 0xe1, 0x7f,
    0xff, 0x8, 0x3f, 0xfe, 0x17, 0xff, 0xf0, 0x83,
    0xff, 0xe1, 0x7f, 0xff, 0x8, 0x3f, 0xfe, 0x17,
    0xff, 0xf0, 0x83, 0xff, 0xe1, 0x7f, 0xff, 0x8,
    0x3f, 0xfe, 0x17, 0xff, 0xf0, 0x83, 0xff, 0xe1,
    0x7f, 0xff, 0x8, 0x3f, 0xfe, 0x17, 0xff, 0xf0,
    0x83, 0xff, 0xe1, 0x7f, 0xff, 0x8, 0x3f, 0xfe,
    0x17, 0xff, 0xf0, 0x83, 0xff, 0xe1, 0x7f, 0xff,
    0x8, 0x3f, 0xfe, 0x17, 0xff, 0xf0, 0x83, 0xff,
    0xe1, 0x7f, 0xff, 0x8, 0x3f, 0xfe, 0x17, 0xff,
    0xf0, 0x83, 0xff, 0xe1, 0x7f, 0xff, 0x8, 0x3f,
    0xfe, 0x17, 0xff, 0xf0, 0x83, 0xff, 0xe1, 0x7f,
    0xff, 0x8, 0x3f, 0xfe, 0x17, 0xff, 0xf0, 0x83,
    0xff, 0xe1, 0x7f, 0xff, 0x8, 0x3f, 0xfa, 0x4b,
    0xff, 0xd2, 0xbf, 0xff, 0x84, 0xbf, 0xfd, 0x2b,
    0xff, 0xff, 0xd7, 0xff, 0xff, 0xaf, 0xff, 0xff,
    0x5f, 0xff, 0xfe, 0xbf, 0xff, 0xfd, 0x7f, 0xff,
    0xfa, 0xff, 0xff, 0xf5, 0xff, 0xff, 0xeb, 0xff,
    0xff, 0xd7, 0xff, 0xff, 0xaf, 0xff, 0xff, 0x5f,
    0xff, 0xfe, 0xbf, 0xff, 0xfd, 0x7f, 0xff, 0xf8,
    0x3f, 0xfa, 0x57, 0xff, 0xf0, 0x83, 0xff, 0xe1,
    0x7f, 0xff, 0x8, 0x3f, 0xfe, 0x17, 0xff, 0xf0,
    0x83, 0xff, 0xe1, 0x7f, 0xff, 0x8, 0x3f, 0xfe,
    0x17, 0xff, 0xf0, 0x83, 0xff, 0xe1, 0x7f, 0xff,
    0x8, 0x3f, 0xfe, 0x17, 0xff, 0xf0, 0x83, 0xff,
    0xe1, 0x7f, 0xff, 0x8, 0x3f, 0xfe, 0x17, 0xff,
    0xf0, 0x83, 0xff, 0xe1, 0x7f, 0xff, 0x8, 0x3f,
    0xfe, 0x17, 0xff, 0xf0, 0x83, 0xff, 0xe1, 0x7f,
    0xff, 0x8, 0x3f, 0xfe, 0x17, 0xff, 0xf0, 0x83,
    0xff, 0xe1, 0x7f, 0xff, 0x8, 0x3f, 0xfe, 0x17,
    0xff, 0xf0, 0x83, 0xff, 0xe1, 0x7f, 0xff, 0x8,
    0x3f, 0xfe, 0x17, 0xff, 0xf0, 0x83, 0xff, 0xe1,
    0x7f, 0xff, 0x8, 0x3f, 0xfe, 0x17, 0xff, 0xf0,
    0x83, 0xff, 0xe1, 0x7f, 0xff, 0x8, 0x3f, 0xfe,
    0x17, 0xff, 0xf0, 0x83, 0xff, 0xe1, 0x7f, 0xff,
    0x8, 0x3f, 0xfe, 0x17, 0xff, 0xf0, 0x83, 0xff,
    0xe1, 0x7f, 0xff, 0x8, 0x3f, 0xfe, 0x17, 0xff,
    0xf0, 0x83, 0xff, 0xe1, 0x7f, 0xff, 0x8, 0x3f,
    0xfe, 0x17, 0xff, 0xf0, 0x83, 0xff, 0xe1, 0x7f,
    0xff, 0x8, 0x3f, 0xfe, 0x17, 0xff, 0xf0, 0x83,
    0xff, 0xe1, 0x7f, 0xff, 0x8, 0x3f, 0xfe, 0x17,
    0xff, 0xf0, 0x83, 0xff, 0xa4,

    /* U+002C "," */
    0xf, 0xfe, 0x8b, 0x7f, 0xc8, 0x7f, 0xf0, 0x3f,
    0xff, 0x80, 0x87, 0xf7, 0xff, 0xf0, 0x90, 0xfb,
    0xff, 0xf8, 0x88, 0x77, 0xff, 0xf1, 0x83, 0x3f,
    0xff, 0xc6, 0x82, 0xff, 0xfe, 0x40, 0x5f, 0xff,
    0xc8, 0x47, 0xff, 0xf9, 0x10, 0xff, 0xff, 0x24,
    0x7f, 0xff, 0x92, 0x3f, 0xff, 0xc9, 0x7, 0xff,
    0xf2, 0x41, 0xff, 0xfc, 0x90, 0x5f, 0xff, 0xc8,
    0xb, 0xff, 0xf9, 0x1, 0x5f, 0xff, 0xc7, 0xd,
    0xff, 0xfc, 0x70, 0xeb, 0xff, 0xf8, 0x90, 0x79,
    0xff, 0xfe, 0x1a, 0x1f, 0x9b, 0xff, 0xf8, 0x8,
    0x7f, 0xf0, 0x2f, 0xfe, 0xf, 0xfe, 0xf, 0xff,
    0x83, 0xff, 0x83, 0xff, 0xc8, 0x7f, 0xf0, 0x1f,
    0xfe, 0xf, 0xfe, 0xf, 0xff, 0x83, 0xff, 0x80,
    0xff, 0xf2, 0x1f, 0xfc, 0xf, 0xff, 0x7, 0xff,
    0x3, 0xff, 0xc8, 0x7f, 0xd7, 0xff, 0x83, 0xfe,
    0xbf, 0xfc, 0x87, 0xfa, 0xff, 0xf4, 0x1f, 0xef,
    0xff, 0xe0, 0x7, 0xf3, 0xff, 0xfc, 0x0, 0xfe,
    0xbf, 0xff, 0x80, 0x1f, 0xf7, 0xff, 0xc8, 0x7f,
    0xf0, 0x3f, 0xf8, 0x3f, 0xf8, 0x7f, 0xf0, 0x7f,
    0xf1, 0x7f, 0x41, 0xff, 0xc7, 0xf0, 0x7f, 0xf6,
    0x80,

    /* U+002D "-" */
    0xf, 0xff, 0x4f, 0xff, 0xff, 0xff, 0xff, 0xff,
    0xff, 0xff, 0xff, 0xff, 0xff, 0xff, 0xff, 0xff,
    0xff, 0xff, 0xff, 0xff, 0xff, 0xff, 0xff, 0xff,
    0xff, 0xff, 0xff, 0xff, 0xee,

    /* U+002E "." */
    0xf, 0xfe, 0xa5, 0xfe, 0x83, 0xff, 0x85, 0x7f,
    0xfa, 0xf, 0xfb, 0xff, 0xf8, 0x48, 0x7e, 0xff,
    0xfe, 0x22, 0x1e, 0xff, 0xfe, 0x30, 0x75, 0xff,
    0xfc, 0x70, 0xdf, 0xff, 0xc8, 0x40, 0xff, 0xff,
    0x22, 0x7, 0xff, 0xf2, 0x81, 0xff, 0xfc, 0xa0,
    0x7f, 0xff, 0x28, 0x1f, 0xff, 0xca, 0x7, 0xff,
    0xf2, 0x81, 0xff, 0xfc, 0xa0, 0x3f, 0xff, 0xc8,
    0x82, 0xff, 0xfe, 0x40, 0x6b, 0xff, 0xf8, 0xd0,
    0x77, 0xff, 0xf1, 0x83, 0xef, 0xff, 0xe2, 0x7,
    0xf7, 0xff, 0xf0, 0x83, 0xfe, 0x7f, 0xfd, 0x7,
    0xff, 0x9, 0xbf, 0x48, 0x7e,

    /* U+002F "/" */
    0xf, 0xfe, 0xd3, 0xff, 0xfc, 0x40, 0xff, 0xed,
    0xff, 0xff, 0x12, 0xf, 0xfe, 0xdf, 0xff, 0xf1,
    0x3, 0xff, 0xb7, 0x7f, 0xff, 0x10, 0x3f, 0xfb,
    0x7f, 0xff, 0xc4, 0x43, 0xff, 0xb4, 0xff, 0xff,
    0x10, 0x3f, 0xfb, 0x77, 0xff, 0xf0, 0xe0, 0xff,
    0xed, 0xff, 0xff, 0x11, 0xf, 0xfe, 0xd3, 0xff,
    0xfc, 0x40, 0xff, 0xed, 0xff, 0xff, 0x12, 0xf,
    0xfe, 0xdf, 0xff, 0xf1, 0x3, 0xff, 0xb7, 0x7f,
    0xff, 0x10, 0x3f, 0xfb, 0x7f, 0xff, 0xc4, 0x43,
    0xff, 0xb4, 0xff, 0xff, 0x10, 0x3f, 0xfb, 0x77,
    0xff, 0xf0, 0xe0, 0xff, 0xed, 0xff, 0xff, 0x11,
    0xf, 0xfe, 0xd3, 0xff, 0xfc, 0x40, 0xff, 0xed,
    0xff, 0xff, 0x12, 0xf, 0xfe, 0xdf, 0xff, 0xf1,
    0x3, 0xff, 0xb7, 0x7f, 0xff, 0x10, 0x3f, 0xfb,
    0x7f, 0xff, 0xc4, 0x43, 0xff, 0xb4, 0xff, 0xff,
    0x10, 0x3f, 0xfb, 0x77, 0xff, 0xf0, 0xe0, 0xff,
    0xed, 0xff, 0xff, 0x11, 0xf, 0xfe, 0xd3, 0xff,
    0xfc, 0x40, 0xff, 0xed, 0xff, 0xff, 0x12, 0xf,
    0xfe, 0xdf, 0xff, 0xf1, 0x3, 0xff, 0xb7, 0x7f,
    0xff, 0x10, 0x3f, 0xfb, 0x7f, 0xff, 0xc4, 0x43,
    0xff, 0xb4, 0xff, 0xff, 0x10, 0x3f, 0xfb, 0x77,
    0xff, 0xf0, 0xe0, 0xff, 0xed, 0xff, 0xff, 0x11,
    0xf, 0xfe, 0xd3, 0xff, 0xfc, 0x40, 0xff, 0xed,
    0xff, 0xff, 0x12, 0xf, 0xfe, 0xdf, 0xff, 0xf1,
    0x3, 0xff, 0xb7, 0x7f, 0xff, 0x10, 0x3f, 0xfb,
    0x7f, 0xff, 0xc4, 0x43, 0xff, 0xb4, 0xff, 0xff,
    0x10, 0x3f, 0xfb, 0x77, 0xff, 0xf0, 0xe0, 0xff,
    0xed, 0xff, 0xff, 0x11, 0xf, 0xfe, 0xd3, 0xff,
    0xfc, 0x40, 0xff, 0xed, 0xff, 0xff, 0x12, 0xf,
    0xfe, 0xdf, 0xff, 0xf1, 0x3, 0xff, 0xb7, 0x7f,
    0xff, 0x10, 0x3f, 0xfb, 0x7f, 0xff, 0xc4, 0x43,
    0xff, 0xb4, 0xff, 0xff, 0x10, 0x3f, 0xfb, 0x77,
    0xff, 0xf0, 0xe0, 0xff, 0xed, 0xff, 0xff, 0x11,
    0xf, 0xfe, 0xd3, 0xff, 0xfc, 0x40, 0xff, 0xed,
    0xff, 0xff, 0x12, 0xf, 0xfe, 0xdf, 0xff, 0xf1,
    0x3, 0xff, 0xb7, 0x7f, 0xff, 0x10, 0x3f, 0xfb,
    0x7f, 0xff, 0xc4, 0x43, 0xff, 0xb4, 0xff, 0xff,
    0x10, 0x3f, 0xfb, 0x77, 0xff, 0xf0, 0xe0, 0xff,
    0xed, 0xff, 0xff, 0x11, 0xf, 0xfe, 0xd3, 0xff,
    0xfc, 0x40, 0xff, 0xed, 0xff, 0xff, 0x12, 0xf,
    0xfe, 0xdf, 0xff, 0xf1, 0x3, 0xff, 0xb7, 0x7f,
    0xff, 0x10, 0x3f, 0xfb, 0x7f, 0xff, 0xc4, 0x43,
    0xff, 0xb4, 0xff, 0xff, 0x10, 0x3f, 0xfb, 0x77,
    0xff, 0xf0, 0xe0, 0xff, 0xed, 0xff, 0xff, 0x11,
    0xf, 0xfe, 0xd3, 0xff, 0xfc, 0x40, 0xff, 0xed,
    0xff, 0xff, 0x12, 0xf, 0xfe, 0xdf, 0xff, 0xf1,
    0x3, 0xff, 0xb7, 0x7f, 0xff, 0x10, 0x3f, 0xfb,
    0x7f, 0xff, 0xc4, 0x43, 0xff, 0xb4, 0xff, 0xff,
    0x10, 0x3f, 0xfb, 0x77, 0xff, 0xf0, 0xe0, 0xff,
    0xed, 0xff, 0xff, 0x11, 0xf, 0xfe, 0xd3, 0xff,
    0xfc, 0x40, 0xff, 0xed, 0xff, 0xff, 0x12, 0xf,
    0xfe, 0xdf, 0xff, 0xf1, 0x3, 0xff, 0xb7, 0x7f,
    0xff, 0x10, 0x3f, 0xfb, 0x7f, 0xff, 0xc4, 0x43,
    0xff, 0xb4, 0xff, 0xff, 0x10, 0x3f, 0xfb, 0x77,
    0xff, 0xf0, 0xe0, 0xff, 0xed, 0xff, 0xff, 0x11,
    0xf, 0xfe, 0xd3, 0xff, 0xfc, 0x40, 0xff, 0xed,
    0xff, 0xff, 0x12, 0xf, 0xfe, 0xdf, 0xff, 0xf1,
    0x3, 0xff, 0xb7, 0x7f, 0xff, 0x10, 0x3f, 0xfb,
    0x7f, 0xff, 0xc4, 0x43, 0xff, 0xb4, 0xff, 0xff,
    0x10, 0x3f, 0xfb, 0x77, 0xff, 0xf0, 0xe0, 0xff,
    0xed, 0xff, 0xff, 0x11, 0xf, 0xfe, 0xd3, 0xff,
    0xfc, 0x40, 0xff, 0xed, 0xff, 0xff, 0x12, 0xf,
    0xfe, 0xdf, 0xff, 0xf1, 0x3, 0xff, 0xb7, 0x7f,
    0xff, 0x10, 0x3f, 0xfb, 0x7f, 0xff, 0xc4, 0x43,
    0xff, 0xb4, 0xff, 0xff, 0x10, 0x3f, 0xfb, 0x77,
    0xff, 0xf0, 0xe0, 0xff, 0xed, 0xff, 0xff, 0x11,
    0xf, 0xfe, 0xd3, 0xff, 0xfc, 0x40, 0xff, 0xed,
    0xff, 0xff, 0x12, 0xf, 0xfe, 0xdf, 0xff, 0xf1,
    0x3, 0xff, 0xb7, 0x7f, 0xff, 0x10, 0x3f, 0xfb,
    0x7f, 0xff, 0xc4, 0x43, 0xff, 0xb4, 0xff, 0xff,
    0x10, 0x3f, 0xfb, 0x77, 0xff, 0xf0, 0xe0, 0xff,
    0xed, 0x80,

    /* U+0030 "0" */
    0xf, 0xfe, 0x7a, 0xaf, 0xfd, 0x45, 0x7, 0xff,
    0x99, 0xbf, 0xff, 0x8f, 0x21, 0xff, 0xe0, 0xbf,
    0xff, 0x9b, 0x7, 0xff, 0x6d, 0xff, 0xfe, 0x94,
    0x1f, 0xfd, 0x8b, 0xff, 0xfa, 0xb0, 0x7f, 0xf5,
    0x1f, 0xff, 0xec, 0xa1, 0xff, 0xd1, 0xff, 0xfe,
    0xe4, 0x1f, 0xfc, 0xe7, 0xff, 0xfb, 0xe1, 0xff,
    0xcc, 0x7f, 0xff, 0xc2, 0x87, 0xff, 0x25, 0xff,
    0xff, 0x1a, 0x1f, 0xfc, 0x77, 0xff, 0xfc, 0xa8,
    0x7f, 0xf1, 0x5f, 0xff, 0xf3, 0x87, 0xff, 0x17,
    0xff, 0xfd, 0x21, 0xff, 0xc3, 0xff, 0xff, 0x54,
    0x1f, 0xfc, 0x1b, 0xff, 0xfd, 0x68, 0x7f, 0xf0,
    0x3f, 0xff, 0xda, 0x1f, 0xf7, 0xff, 0xf3, 0x24,
    0x3c, 0xab, 0xff, 0xf9, 0x70, 0x7f, 0x3f, 0xff,
    0xca, 0x43, 0xff, 0x82, 0xff, 0xff, 0x29, 0xf,
    0xdf, 0xff, 0xc9, 0x83, 0xff, 0x8b, 0x7f, 0xff,
    0x24, 0x3e, 0x7f, 0xff, 0x90, 0x87, 0xff, 0x1e,
    0xff, 0xfe, 0x40, 0x7d, 0x7f, 0xff, 0x1d, 0xf,
    0xfe, 0x4b, 0xff, 0xfc, 0x78, 0x3d, 0xff, 0xfc,
    0x74, 0x3f, 0xf9, 0x77, 0xff, 0xf1, 0xc3, 0x9f,
    0xff, 0xe3, 0x41, 0xff, 0xcd, 0xff, 0xfe, 0x3a,
    0x1b, 0xff, 0xf8, 0xe1, 0xff, 0xce, 0x7f, 0xff,
    0x8d, 0x6, 0xff, 0xfe, 0x34, 0x1f, 0xfc, 0xff,
    0xff, 0xe3, 0x84, 0xff, 0xff, 0x18, 0x3f, 0xfa,
    0xf, 0xff, 0xf1, 0x90, 0x5f, 0xff, 0xc6, 0xf,
    0xfe, 0x8f, 0xff, 0xf1, 0x90, 0x5f, 0xff, 0xc5,
    0x83, 0xff, 0xa3, 0x7f, 0xff, 0x16, 0x7, 0xff,
    0xf1, 0x90, 0xff, 0xe8, 0xbf, 0xff, 0xc6, 0x7,
    0xff, 0xf1, 0x83, 0xff, 0xa7, 0xff, 0xfc, 0x60,
    0x7f, 0xff, 0x18, 0x3f, 0xfa, 0x7f, 0xff, 0xc6,
    0x7, 0xff, 0xf1, 0x60, 0xff, 0xe9, 0xdf, 0xff,
    0xc5, 0x1f, 0xff, 0xe2, 0xc1, 0xff, 0xd3, 0xbf,
    0xff, 0x8a, 0xaf, 0xff, 0xe2, 0xa1, 0xff, 0xd3,
    0x7f, 0xff, 0x8a, 0xaf, 0xff, 0xe2, 0xa1, 0xff,
    0xd3, 0x7f, 0xff, 0x8a, 0xaf, 0xff, 0xe2, 0xa1,
    0xff, 0xd3, 0x7f, 0xff, 0x8a, 0xaf, 0xff, 0xe2,
    0x87, 0xff, 0x57, 0xff, 0xf8, 0xaa, 0xff, 0xfe,
    0x28, 0x7f, 0xf5, 0x7f, 0xff, 0x8a, 0xaf, 0xff,
    0xe2, 0x87, 0xff, 0x57, 0xff, 0xf8, 0xaa, 0xff,
    0xfe, 0x28, 0x7f, 0xf5, 0x7f, 0xff, 0x8a, 0xaf,
    0xff, 0xe2, 0x87, 0xff, 0x57, 0xff, 0xf8, 0xaa,
    0xff, 0xfe, 0x28, 0x7f, 0xf5, 0x7f, 0xff, 0x8b,
    0x3f, 0xff, 0xc5, 0xf, 0xfe, 0xaf, 0xff, 0xf1,
    0x67, 0xff, 0xf8, 0xa1, 0xff, 0xd5, 0xff, 0xfe,
    0x2d, 0x3f, 0xff, 0x8a, 0x1f, 0xfd, 0x5f, 0xff,
    0xe2, 0xd3, 0xff, 0xf8, 0xa1, 0xff, 0xd5, 0xff,
    0xfe, 0x2d, 0x3f, 0xff, 0x8a, 0x1f, 0xfd, 0x5f,
    0xff, 0xe2, 0xd3, 0xff, 0xf8, 0xa1, 0xff, 0xd5,
    0xff, 0xfe, 0x2d, 0x3f, 0xff, 0x8a, 0x1f, 0xfd,
    0x5f, 0xff, 0xe2, 0xd3, 0xff, 0xf8, 0xa1, 0xff,
    0xd5, 0xff, 0xfe, 0x2d, 0x3f, 0xff, 0x8a, 0x1f,
    0xfd, 0x5f, 0xff, 0xe2, 0xd3, 0xff, 0xf8, 0xa1,
    0xff, 0xd5, 0xff, 0xfe, 0x2d, 0x3f, 0xff, 0x8a,
    0x1f, 0xfd, 0x5f, 0xff, 0xe2, 0xd3, 0xff, 0xf8,
    0xa1, 0xff, 0xd5, 0xff, 0xfe, 0x2d, 0x3f, 0xff,
    0x8a, 0x1f, 0xfd, 0x5f, 0xff, 0xe2, 0xd3, 0xff,
    0xf8, 0xa1, 0xff, 0xd5, 0xff, 0xfe, 0x2d, 0x3f,
    0xff, 0x8a, 0x1f, 0xfd, 0x5f, 0xff, 0xe2, 0xd3,
    0xff, 0xf8, 0xa1, 0xff, 0xd5, 0xff, 0xfe, 0x2d,
    0x3f, 0xff, 0x8a, 0x1f, 0xfd, 0x5f, 0xff, 0xe2,
    0xd3, 0xff, 0xf8, 0xa1, 0xff, 0xd5, 0xff, 0xfe,
    0x2d, 0x3f, 0xff, 0x8a, 0x1f, 0xfd, 0x5f, 0xff,
    0xe2, 0xd3, 0xff, 0xf8, 0xa1, 0xff, 0xd5, 0xff,
    0xfe, 0x2d, 0x3f, 0xff, 0x8a, 0x1f, 0xfd, 0x5f,
    0xff, 0xe2, 0xcf, 0xff, 0xf1, 0x43, 0xff, 0xab,
    0xff, 0xfc, 0x59, 0xff, 0xfe, 0x28, 0x7f, 0xf5,
    0x7f, 0xff, 0x8b, 0x3f, 0xff, 0xc5, 0xf, 0xfe,
    0xaf, 0xff, 0xf1, 0x67, 0xff, 0xf8, 0xa1, 0xff,
    0xd5, 0xff, 0xfe, 0x2c, 0xff, 0xff, 0x14, 0x3f,
    0xfa, 0xbf, 0xff, 0xc5, 0x57, 0xff, 0xf1, 0x43,
    0xff, 0xab, 0xff, 0xfc, 0x55, 0x7f, 0xff, 0x14,
    0x3f, 0xfa, 0xbf, 0xff, 0xc5, 0x57, 0xff, 0xf1,
    0x43, 0xff, 0xab, 0xff, 0xfc, 0x55, 0x7f, 0xff,
    0x15, 0xf, 0xfe, 0x9b, 0xff, 0xfc, 0x55, 0x7f,
    0xff, 0x15, 0xf, 0xfe, 0x9b, 0xff, 0xfc, 0x55,
    0x7f, 0xff, 0x15, 0xf, 0xfe, 0x9b, 0xff, 0xfc,
    0x55, 0x7f, 0xff, 0x16, 0xf, 0xfe, 0x9d, 0xff,
    0xfc, 0x54, 0xff, 0xfe, 0x2c, 0x1f, 0xfd, 0x3b,
    0xff, 0xf8, 0xa0, 0xff, 0xfe, 0x30, 0x7f, 0xf4,
    0xff, 0xff, 0x8c, 0xf, 0xff, 0xe3, 0x7, 0xff,
    0x4f, 0xff, 0xf8, 0xc0, 0xff, 0xfe, 0x30, 0x7f,
    0xf4, 0x9f, 0xff, 0xe3, 0x2, 0xff, 0xfe, 0x2c,
    0x1f, 0xfd, 0x1b, 0xff, 0xf8, 0xc0, 0xbf, 0xff,
    0x8c, 0x1f, 0xfd, 0x1f, 0xff, 0xe3, 0x40, 0x7f,
    0xff, 0x8c, 0x1f, 0xfd, 0x7, 0xff, 0xf8, 0xc8,
    0x5f, 0xff, 0xc6, 0x83, 0xff, 0x9f, 0x7f, 0xff,
    0x18, 0x37, 0xff, 0xf1, 0xc3, 0xff, 0x9f, 0xff,
    0xfc, 0x70, 0xd7, 0xff, 0xf1, 0xa0, 0xff, 0xe6,
    0xff, 0xff, 0x1e, 0xe, 0xff, 0xfe, 0x3a, 0x1f,
    0xfc, 0xb7, 0xff, 0xf8, 0xe1, 0xef, 0xff, 0xe4,
    0x7, 0xff, 0x29, 0xff, 0xfe, 0x40, 0x79, 0xff,
    0xfe, 0x40, 0x7f, 0xf2, 0x1f, 0xff, 0xe4, 0x21,
    0xf7, 0xff, 0xf2, 0x50, 0xff, 0xe2, 0xbf, 0xff,
    0xc9, 0xf, 0xcf, 0xff, 0xf2, 0x83, 0xff, 0x84,
    0xff, 0xff, 0x29, 0xf, 0xef, 0xff, 0xe6, 0x21,
    0xf9, 0xbf, 0xff, 0x98, 0x1f, 0xe7, 0xff, 0xfd,
    0xa8, 0x7f, 0xd7, 0xff, 0xfa, 0xe0, 0xff, 0xe0,
    0xff, 0xff, 0xac, 0x3f, 0xf8, 0x4f, 0xff, 0xfa,
    0x43, 0xff, 0x88, 0xff, 0xff, 0x9d, 0xf, 0xfe,
    0x2d, 0xff, 0xfe, 0x54, 0x3f, 0xf8, 0xf7, 0xff,
    0xf8, 0xe0, 0xff, 0xe4, 0xdf, 0xff, 0xe1, 0x43,
    0xff, 0x96, 0xff, 0xff, 0x7d, 0xf, 0xfe, 0x6b,
    0xff, 0xfd, 0xd0, 0xff, 0xe8, 0xdf, 0xff, 0xd9,
    0x43, 0xff, 0xa9, 0xff, 0xfd, 0x68, 0x3f, 0xfa,
    0xef, 0xff, 0xf4, 0xd0, 0xff, 0xed, 0x37, 0xff,
    0xf3, 0x60, 0xff, 0xf0, 0x37, 0xff, 0xf1, 0xe4,
    0x3f, 0xfc, 0xcd, 0x3f, 0xfa, 0x88, 0x7f, 0xf3,
    0xc0,

    /* U+0031 "1" */
    0xf, 0xfe, 0x55, 0xff, 0xfc, 0x24, 0x3f, 0xf9,
    0x3f, 0xff, 0xc4, 0x43, 0xff, 0x8e, 0xff, 0xff,
    0x15, 0xf, 0xfe, 0x33, 0xff, 0xfc, 0x64, 0x3f,
    0xf8, 0xb7, 0xff, 0xf1, 0xd0, 0xff, 0xe2, 0x7f,
    0xff, 0x25, 0xf, 0xfe, 0x13, 0xff, 0xfc, 0xa4,
    0x3f, 0xf8, 0x37, 0xff, 0xf2, 0xd0, 0xff, 0xe0,
    0x7f, 0xff, 0x35, 0xf, 0xf3, 0xff, 0xfc, 0xe4,
    0x3f, 0x9f, 0xff, 0xe7, 0xa1, 0xfa, 0xff, 0xfe,
    0x82, 0x1f, 0x7f, 0xff, 0x49, 0xe, 0x7f, 0xff,
    0xa6, 0x86, 0xbf, 0xff, 0xa8, 0x85, 0xff, 0xfd,
    0x64, 0x7f, 0xff, 0xae, 0xaf, 0xff, 0xec, 0x37,
    0xff, 0xf6, 0x1b, 0xff, 0xf8, 0xd7, 0xff, 0xf1,
    0x5b, 0xff, 0xf8, 0xa9, 0xff, 0xfc, 0x56, 0xff,
    0xfe, 0x20, 0x5f, 0xff, 0xc5, 0x6f, 0xff, 0xe1,
    0x86, 0xff, 0xfe, 0x2b, 0x7f, 0xff, 0x6, 0xe,
    0xff, 0xfe, 0x2b, 0x7f, 0xff, 0x1, 0xf, 0x7f,
    0xff, 0x15, 0xbf, 0xfe, 0x43, 0xef, 0xff, 0xe2,
    0xb7, 0xff, 0x83, 0xfb, 0xff, 0xf8, 0xad, 0xff,
    0xa0, 0xff, 0x7f, 0xff, 0x15, 0xbf, 0xe8, 0x3f,
    0xef, 0xff, 0xe2, 0xb7, 0xf9, 0xf, 0xfe, 0x7,
    0xff, 0xf1, 0x5b, 0xf8, 0x3f, 0xf8, 0x5f, 0xff,
    0xc5, 0x6f, 0xc1, 0xff, 0xc3, 0xff, 0xfe, 0x2b,
    0x7a, 0xf, 0xfe, 0x27, 0xff, 0xf1, 0x5b, 0x43,
    0xff, 0x8b, 0xff, 0xfc, 0x56, 0x43, 0xff, 0x8d,
    0xff, 0xfc, 0x54, 0x3f, 0xf9, 0x1f, 0xff, 0xc5,
    0x43, 0xff, 0x91, 0xff, 0xfc, 0x54, 0x3f, 0xf9,
    0x1f, 0xff, 0xc5, 0x43, 0xff, 0x91, 0xff, 0xfc,
    0x54, 0x3f, 0xf9, 0x1f, 0xff, 0xc5, 0x43, 0xff,
    0x91, 0xff, 0xfc, 0x54, 0x3f, 0xf9, 0x1f, 0xff,
    0xc5, 0x43, 0xff, 0x91, 0xff, 0xfc, 0x54, 0x3f,
    0xf9, 0x1f, 0xff, 0xc5, 0x43, 0xff, 0x91, 0xff,
    0xfc, 0x54, 0x3f, 0xf9, 0x1f, 0xff, 0xc5, 0x43,
    0xff, 0x91, 0xff, 0xfc, 0x54, 0x3f, 0xf9, 0x1f,
    0xff, 0xc5, 0x43, 0xff, 0x91, 0xff, 0xfc, 0x54,
    0x3f, 0xf9, 0x1f, 0xff, 0xc5, 0x43, 0xff, 0x91,
    0xff, 0xfc, 0x54, 0x3f, 0xf9, 0x1f, 0xff, 0xc5,
    0x43, 0xff, 0x91, 0xff, 0xfc, 0x54, 0x3f, 0xf9,
    0x1f, 0xff, 0xc5, 0x43, 0xff, 0x91, 0xff, 0xfc,
    0x54, 0x3f, 0xf9, 0x1f, 0xff, 0xc5, 0x43, 0xff,
    0x91, 0xff, 0xfc, 0x54, 0x3f, 0xf9, 0x1f, 0xff,
    0xc5, 0x43, 0xff, 0x91, 0xff, 0xfc, 0x54, 0x3f,
    0xf9, 0x1f, 0xff, 0xc5, 0x43, 0xff, 0x91, 0xff,
    0xfc, 0x54, 0x3f, 0xf9, 0x1f, 0xff, 0xc5, 0x43,
    0xff, 0x91, 0xff, 0xfc, 0x54, 0x3f, 0xf9, 0x1f,
    0xff, 0xc5, 0x43, 0xff, 0x91, 0xff, 0xfc, 0x54,
    0x3f, 0xf9, 0x1f, 0xff, 0xc5, 0x43, 0xff, 0x91,
    0xff, 0xfc, 0x54, 0x3f, 0xf9, 0x1f, 0xff, 0xc5,
    0x43, 0xff, 0x91, 0xff, 0xfc, 0x54, 0x3f, 0xf9,
    0x1f, 0xff, 0xc5, 0x43, 0xff, 0x91, 0xff, 0xfc,
    0x54, 0x3f, 0xf9, 0x1f, 0xff, 0xc5, 0x43, 0xff,
    0x91, 0xff, 0xfc, 0x54, 0x3f, 0xf9, 0x1f, 0xff,
    0xc5, 0x43, 0xff, 0x91, 0xff, 0xfc, 0x54, 0x3f,
    0xf9, 0x1f, 0xff, 0xc5, 0x43, 0xff, 0x91, 0xff,
    0xfc, 0x54, 0x3f, 0xf9, 0x1f, 0xff, 0xc5, 0x43,
    0xff, 0x91, 0xff, 0xfc, 0x54, 0x3f, 0xf9, 0x1f,
    0xff, 0xc5, 0x43, 0xff, 0x91, 0xff, 0xfc, 0x54,
    0x3f, 0xf9, 0x1f, 0xff, 0xc5, 0x43, 0xff, 0x91,
    0xff, 0xfc, 0x54, 0x3f, 0xf9, 0x1f, 0xff, 0xc5,
    0x43, 0xff, 0x91, 0xff, 0xfc, 0x54, 0x3f, 0xf9,
    0x1f, 0xff, 0xc5, 0x43, 0xff, 0x91, 0xff, 0xfc,
    0x54, 0x3f, 0xf9, 0x1f, 0xff, 0xc5, 0x43, 0xff,
    0x91, 0xff, 0xfc, 0x54, 0x3f, 0xf9, 0x1f, 0xff,
    0xc5, 0x43, 0xff, 0x91, 0xff, 0xfc, 0x54, 0x3f,
    0xf9, 0x1f, 0xff, 0xc5, 0x43, 0xff, 0x91, 0xff,
    0xfc, 0x54, 0x3f, 0xf9, 0x1f, 0xff, 0xc5, 0x43,
    0xff, 0x91, 0xff, 0xfc, 0x54, 0x3f, 0xf9, 0x1f,
    0xff, 0xc5, 0x43, 0xff, 0x91, 0xff, 0xfc, 0x54,
    0x3f, 0xf9, 0x1f, 0xff, 0xc5, 0x43, 0xff, 0x91,
    0xff, 0xfc, 0x54, 0x3f, 0xf9, 0x1f, 0xff, 0xc5,
    0x43, 0xff, 0x91, 0xff, 0xfc, 0x54, 0x3f, 0xf9,
    0x1f, 0xff, 0xc5, 0x43, 0xff, 0x91, 0xff, 0xfc,
    0x54,

    /* U+0032 "2" */
    0xf, 0xfe, 0x82, 0xaa, 0xfa, 0xb2, 0x83, 0xff,
    0xca, 0xdf, 0xff, 0xc6, 0x90, 0xff, 0xef, 0x3f,
    0xff, 0xce, 0x43, 0xff, 0xb0, 0xdf, 0xff, 0xd2,
    0x83, 0xff, 0xab, 0x7f, 0xff, 0x59, 0xf, 0xfe,
    0x8d, 0xff, 0xfd, 0xa4, 0x3f, 0xf9, 0xaf, 0xff,
    0xf7, 0x60, 0xff, 0xe5, 0xdf, 0xff, 0xdf, 0x83,
    0xff, 0x93, 0x7f, 0xff, 0x88, 0x3f, 0xf8, 0xff,
    0xff, 0xe5, 0xf, 0xfe, 0x2f, 0xff, 0xf9, 0xa0,
    0xff, 0xe1, 0xff, 0xff, 0xa1, 0xf, 0xfe, 0xd,
    0xff, 0xfe, 0x90, 0xff, 0xe0, 0x3f, 0xff, 0xeb,
    0xf, 0xfb, 0xff, 0xfd, 0x88, 0x7f, 0x7f, 0xff,
    0xb8, 0x3f, 0x3f, 0xff, 0xcc, 0x90, 0xf3, 0x7f,
    0xff, 0x31, 0xf, 0xbf, 0xff, 0x95, 0x7, 0xff,
    0x5, 0xbf, 0xff, 0x94, 0x1e, 0xbf, 0xff, 0x91,
    0x7, 0xff, 0x15, 0xff, 0xfe, 0x48, 0x7b, 0xff,
    0xf9, 0x8, 0x7f, 0xf2, 0x3f, 0xff, 0x91, 0x6,
    0x7f, 0xff, 0x8e, 0x1f, 0xfc, 0xbf, 0xff, 0xe4,
    0x6, 0xff, 0xfe, 0x38, 0x7f, 0xf3, 0x1f, 0xff,
    0xe3, 0x86, 0xff, 0xfe, 0x32, 0x1f, 0xfc, 0xdf,
    0xff, 0xe3, 0x85, 0x7f, 0xff, 0x16, 0xf, 0xfe,
    0x73, 0xff, 0xfc, 0x64, 0x1f, 0xff, 0xc6, 0xf,
    0xfe, 0x87, 0xff, 0xf1, 0xa0, 0x7f, 0xff, 0x16,
    0xf, 0xfe, 0x87, 0xff, 0xf1, 0xa1, 0xff, 0xfe,
    0x2a, 0x1f, 0xfd, 0xb, 0xff, 0xf8, 0xb1, 0x7f,
    0xff, 0x14, 0x3f, 0xfa, 0x37, 0xff, 0xf1, 0x61,
    0xaf, 0xfe, 0x22, 0x1f, 0xfd, 0x17, 0xff, 0xf8,
    0xc1, 0xff, 0xe4, 0x7f, 0xff, 0x8b, 0x7, 0xff,
    0x92, 0xff, 0xfe, 0x2c, 0x1f, 0xfe, 0x4b, 0xff,
    0xf8, 0xb0, 0x7f, 0xf9, 0x2f, 0xff, 0xe2, 0xa1,
    0xff, 0xe4, 0xff, 0xfe, 0x32, 0x1f, 0xfe, 0x4f,
    0xff, 0xe3, 0x7, 0xff, 0x91, 0xff, 0xfe, 0x30,
    0x7f, 0xf9, 0x3f, 0xff, 0x8d, 0x7, 0xff, 0x93,
    0xff, 0xf8, 0xc8, 0x7f, 0xf8, 0xef, 0xff, 0xe3,
    0x7, 0xff, 0x8d, 0xff, 0xfe, 0x34, 0x1f, 0xfe,
    0x3f, 0xff, 0xe3, 0x87, 0xff, 0x8d, 0xff, 0xfe,
    0x38, 0x7f, 0xf8, 0xff, 0xff, 0x8e, 0x87, 0xff,
    0x8b, 0xff, 0xf9, 0x1, 0xff, 0xe2, 0xbf, 0xff,
    0x8e, 0x87, 0xff, 0x85, 0xff, 0xfe, 0x3c, 0x1f,
    0xfe, 0x2f, 0xff, 0xe4, 0x7, 0xff, 0x8b, 0xff,
    0xf9, 0x10, 0x7f, 0xf8, 0x6f, 0xff, 0xe4, 0x7,
    0xff, 0x86, 0xff, 0xfe, 0x40, 0x7f, 0xf8, 0x5f,
    0xff, 0xe4, 0x41, 0xff, 0xe1, 0xff, 0xfe, 0x44,
    0x1f, 0xfe, 0x1f, 0xff, 0xe4, 0x87, 0xff, 0x87,
    0xff, 0xf9, 0x21, 0xff, 0xe1, 0xbf, 0xff, 0x90,
    0x87, 0xff, 0x82, 0xff, 0xfe, 0x44, 0x1f, 0xfe,
    0x7, 0xff, 0xf9, 0x21, 0xff, 0xe0, 0x7f, 0xff,
    0x92, 0x1f, 0xfe, 0x1f, 0xff, 0xe4, 0x87, 0xff,
    0x87, 0xff, 0xf9, 0x28, 0x7f, 0xf8, 0x2f, 0xff,
    0xe4, 0x21, 0xff, 0xe0, 0xbf, 0xff, 0x91, 0x7,
    0xff, 0x81, 0xff, 0xfe, 0x44, 0x1f, 0xfe, 0x7,
    0xff, 0xf9, 0x21, 0xff, 0xe1, 0xff, 0xfe, 0x48,
    0x7f, 0xf8, 0x7f, 0xff, 0x92, 0x1f, 0xfe, 0x1f,
    0xff, 0xe4, 0xa1, 0xff, 0xe0, 0xbf, 0xff, 0x91,
    0x7, 0xff, 0x81, 0xff, 0xfe, 0x44, 0x1f, 0xfe,
    0x7, 0xff, 0xf9, 0x21, 0xff, 0xe1, 0xff, 0xfe,
    0x48, 0x7f, 0xf8, 0x7f, 0xff, 0x92, 0x1f, 0xfe,
    0x1f, 0xff, 0xe4, 0xa1, 0xff, 0xe0, 0xbf, 0xff,
    0x90, 0x87, 0xff, 0x82, 0xff, 0xfe, 0x44, 0x1f,
    0xfe, 0x7, 0xff, 0xf9, 0x21, 0xff, 0xe1, 0xff,
    0xfe, 0x48, 0x7f, 0xf8, 0x7f, 0xff, 0x92, 0x1f,
    0xfe, 0x1f, 0xff, 0xe4, 0xa1, 0xff, 0xe0, 0xbf,
    0xff, 0x90, 0x87, 0xff, 0x82, 0xff, 0xfe, 0x44,
    0x1f, 0xfe, 0x7, 0xff, 0xf9, 0x10, 0x7f, 0xf8,
    0x7f, 0xff, 0x92, 0x1f, 0xfe, 0x1f, 0xff, 0xe4,
    0x87, 0xff, 0x87, 0xff, 0xf9, 0x21, 0xff, 0xe1,
    0xbf, 0xff, 0x90, 0x87, 0xff, 0x82, 0xff, 0xfe,
    0x44, 0x1f, 0xfe, 0x7, 0xff, 0xf9, 0x10, 0x7f,
    0xf8, 0x1f, 0xff, 0xe4, 0x87, 0xff, 0x87, 0xff,
    0xf9, 0x2b, 0xff, 0xdd, 0xd, 0xff, 0xff, 0x38,
    0xf, 0xff, 0xfc, 0xe0, 0x3f, 0xff, 0xf3, 0x80,
    0xff, 0xff, 0xce, 0x3, 0xff, 0xff, 0x38, 0xf,
    0xff, 0xfc, 0xe0, 0x3f, 0xff, 0xf3, 0x80, 0xff,
    0xff, 0xce, 0x3, 0xff, 0xff, 0x38, 0xf, 0xff,
    0xfc, 0xe0, 0x3f, 0xff, 0xf3, 0x80, 0xff, 0xff,
    0xce, 0x3, 0xff, 0xff, 0x38, 0xf, 0xff, 0xfc,
    0xe0, 0x3f, 0xff, 0xf3, 0x80,

    /* U+0033 "3" */
    0xf, 0xfe, 0x83, 0x4f, 0xfe, 0x94, 0x1f, 0xfe,
    0x76, 0xff, 0xfe, 0x3c, 0x87, 0xff, 0x81, 0xff,
    0xfe, 0x74, 0x87, 0xff, 0x6d, 0xff, 0xfe, 0x9a,
    0x1f, 0xfd, 0x77, 0xff, 0xfa, 0xe8, 0x7f, 0xf5,
    0x3f, 0xff, 0xb5, 0x7, 0xff, 0x45, 0xff, 0xfe,
    0xea, 0x1f, 0xfc, 0xeb, 0xff, 0xfb, 0xe8, 0x7f,
    0xf3, 0x3f, 0xff, 0xc5, 0x7, 0xff, 0x2b, 0xff,
    0xfc, 0x88, 0x7f, 0xf2, 0x3f, 0xff, 0xcc, 0x87,
    0xff, 0x1a, 0xff, 0xff, 0x38, 0x7f, 0xf1, 0x5f,
    0xff, 0xf4, 0x87, 0xff, 0xd, 0xff, 0xff, 0x52,
    0x1f, 0xfc, 0x2f, 0xff, 0xf6, 0x7, 0xff, 0x5,
    0xff, 0xff, 0x64, 0x1f, 0xfc, 0xf, 0xff, 0xe6,
    0x48, 0x79, 0xbf, 0xff, 0x98, 0x1f, 0xf5, 0xff,
    0xfc, 0x98, 0x3f, 0xf8, 0x37, 0xff, 0xf2, 0x90,
    0xff, 0x7f, 0xff, 0x25, 0xf, 0xfe, 0x27, 0xff,
    0xf2, 0x60, 0xfe, 0x7f, 0xff, 0x90, 0x1f, 0xfc,
    0x7b, 0xff, 0xf9, 0x1, 0xfd, 0xff, 0xfc, 0x80,
    0xff, 0xe4, 0xff, 0xff, 0x21, 0xf, 0xdf, 0xff,
    0xc7, 0xf, 0xfe, 0x5f, 0xff, 0xf1, 0xd0, 0xf9,
    0xff, 0xfe, 0x32, 0x1f, 0xfc, 0xbb, 0xff, 0xf8,
    0xd0, 0x7d, 0x7f, 0xff, 0x18, 0x3f, 0xf9, 0xbf,
    0xff, 0xc7, 0xf, 0xbf, 0xff, 0x8c, 0x1f, 0xfc,
    0xef, 0xff, 0xe3, 0x87, 0xdf, 0xff, 0xc5, 0x83,
    0xff, 0x9d, 0x7f, 0xff, 0x18, 0x3c, 0xff, 0xff,
    0x15, 0xf, 0xfe, 0x73, 0xff, 0xfc, 0x60, 0xf3,
    0xff, 0xfc, 0x50, 0xff, 0xe8, 0x7f, 0xff, 0x18,
    0x3f, 0xfd, 0x1f, 0xff, 0xc6, 0xf, 0xff, 0x47,
    0xff, 0xf1, 0x83, 0xff, 0xd1, 0xff, 0xfc, 0x60,
    0xff, 0xf4, 0x7f, 0xff, 0x18, 0x3f, 0xfc, 0xef,
    0xff, 0xf1, 0x60, 0xff, 0xf3, 0xdf, 0xff, 0xc5,
    0x43, 0xff, 0xcf, 0xff, 0xfc, 0x60, 0xff, 0xf4,
    0x7f, 0xff, 0x18, 0x3f, 0xfc, 0xf7, 0xff, 0xf1,
    0x60, 0xff, 0xf3, 0x3f, 0xff, 0xc6, 0x43, 0xff,
    0xcd, 0xff, 0xfc, 0x70, 0xff, 0xf3, 0x7f, 0xff,
    0x1d, 0xf, 0xff, 0x23, 0xff, 0xfc, 0x80, 0xff,
    0xf2, 0x5f, 0xff, 0xc8, 0xf, 0xff, 0x13, 0x7f,
    0xff, 0x25, 0xf, 0xfe, 0xf2, 0xaf, 0xff, 0xe5,
    0xc1, 0xff, 0xd6, 0xff, 0xfe, 0xb4, 0x1f, 0xfd,
    0x7f, 0xff, 0xea, 0xc1, 0xff, 0xd8, 0xff, 0xfe,
    0xa4, 0x1f, 0xfd, 0x9f, 0xff, 0xe9, 0xa1, 0xff,
    0xda, 0xff, 0xfe, 0x8c, 0x1f, 0xfd, 0xcf, 0xff,
    0xe7, 0xc1, 0xff, 0xde, 0xff, 0xfe, 0x6a, 0x1f,
    0xfe, 0xf, 0xff, 0xe7, 0x48, 0x7f, 0xf7, 0xbf,
    0xff, 0xa3, 0x21, 0xff, 0xdb, 0xff, 0xfe, 0xa2,
    0x1f, 0xfd, 0x9f, 0xff, 0xea, 0xc1, 0xff, 0xd8,
    0xff, 0xfe, 0xb8, 0x7f, 0xf5, 0xff, 0xff, 0xb0,
    0x87, 0xff, 0x57, 0xff, 0xfb, 0x28, 0x7f, 0xf5,
    0x2b, 0xfb, 0xff, 0xfa, 0x28, 0x7f, 0xf8, 0x1b,
    0xff, 0xf9, 0x81, 0xff, 0xe3, 0x6f, 0xff, 0xe5,
    0x7, 0xff, 0x97, 0xff, 0xf9, 0x28, 0x7f, 0xf9,
    0x5f, 0xff, 0xe4, 0x7, 0xff, 0x9f, 0xff, 0xf8,
    0xf0, 0x7f, 0xf9, 0xff, 0xff, 0x8e, 0x1f, 0xfe,
    0x77, 0xff, 0xf8, 0xc8, 0x7f, 0xf9, 0xff, 0xff,
    0x8e, 0x1f, 0xfe, 0x77, 0xff, 0xf8, 0xc1, 0xff,
    0xe8, 0xff, 0xfe, 0x32, 0x1f, 0xfe, 0x7b, 0xff,
    0xf8, 0xb0, 0x7f, 0xf9, 0xdf, 0xff, 0xe3, 0x7,
    0xff, 0xa3, 0xff, 0xf8, 0xc1, 0xff, 0xe8, 0xff,
    0xfe, 0x30, 0x7f, 0xfa, 0x3f, 0xff, 0x8c, 0x1f,
    0xfe, 0x8f, 0xff, 0xe3, 0x2, 0xbf, 0xf8, 0xa8,
    0x7f, 0xf5, 0x3f, 0xff, 0x8c, 0x9f, 0xff, 0xc6,
    0xf, 0xfe, 0xa7, 0xff, 0xf1, 0x93, 0xff, 0xf8,
    0xc1, 0xff, 0xd4, 0xff, 0xfe, 0x32, 0x7f, 0xff,
    0x18, 0x3f, 0xfa, 0x9f, 0xff, 0xc6, 0x4b, 0xff,
    0xf8, 0xa8, 0x7f, 0xf4, 0x9f, 0xff, 0xe3, 0x2,
    0xff, 0xfe, 0x30, 0x7f, 0xf4, 0x9f, 0xff, 0xe3,
    0x1, 0xff, 0xfe, 0x30, 0x7f, 0xf4, 0xbf, 0xff,
    0x8e, 0x17, 0xff, 0xf1, 0xa0, 0xff, 0xe8, 0xff,
    0xff, 0x1c, 0x2f, 0xff, 0xe3, 0x87, 0xff, 0x42,
    0xff, 0xfe, 0x34, 0x15, 0xff, 0xfc, 0x68, 0x3f,
    0xf9, 0xff, 0xff, 0xc7, 0x42, 0x7f, 0xff, 0x8f,
    0x7, 0xff, 0x37, 0xff, 0xf9, 0x1, 0xdf, 0xff,
    0xc8, 0x43, 0xff, 0x97, 0x7f, 0xff, 0x20, 0x3a,
    0xff, 0xfe, 0x42, 0x1f, 0xfc, 0x9b, 0xff, 0xf9,
    0x8, 0x7b, 0xff, 0xf9, 0x30, 0x7f, 0xf1, 0xff,
    0xff, 0x94, 0x1f, 0x5f, 0xff, 0xca, 0x43, 0xff,
    0x87, 0x7f, 0xff, 0x2a, 0xf, 0xdf, 0xff, 0xcc,
    0x90, 0xfc, 0xdf, 0xff, 0xcd, 0xf, 0xeb, 0xff,
    0xfd, 0xf0, 0x7f, 0xbf, 0xff, 0xde, 0x1f, 0xfc,
    0xf, 0xff, 0xf6, 0xa1, 0xff, 0xc0, 0x7f, 0xff,
    0xd7, 0x7, 0xff, 0xa, 0xff, 0xff, 0x50, 0x7f,
    0xf1, 0x2f, 0xff, 0xf4, 0x7, 0xff, 0x1b, 0xff,
    0xfc, 0xe1, 0xff, 0xc8, 0xbf, 0xff, 0xc8, 0x1f,
    0xfc, 0xab, 0xff, 0xfc, 0x41, 0xff, 0xcc, 0x7f,
    0xff, 0xbf, 0x7, 0xff, 0x3e, 0xff, 0xfe, 0xe0,
    0x7f, 0xf4, 0x9f, 0xff, 0xec, 0xa1, 0xff, 0xd5,
    0x7f, 0xff, 0xaa, 0x87, 0xff, 0x65, 0xbf, 0xff,
    0x9f, 0x21, 0xff, 0xde, 0x6f, 0xff, 0xe4, 0xc8,
    0x7f, 0xf9, 0x55, 0x7f, 0xfa, 0x88, 0x7f, 0xf3,
    0xc0,

    /* U+0034 "4" */
    0xf, 0xfe, 0xff, 0xff, 0xf1, 0x50, 0xff, 0xf4,
    0x5f, 0xff, 0xc5, 0x83, 0xff, 0xd1, 0xff, 0xfc,
    0x68, 0x3f, 0xfc, 0xf7, 0xff, 0xf1, 0xa0, 0xff,
    0xf3, 0x3f, 0xff, 0xc7, 0x83, 0xff, 0xcd, 0xff,
    0xfc, 0x88, 0x3f, 0xfc, 0xaf, 0xff, 0xf2, 0x20,
    0xff, 0xf2, 0xff, 0xff, 0x26, 0xf, 0xff, 0x25,
    0xff, 0xfc, 0x98, 0x3f, 0xfc, 0x9f, 0xff, 0xca,
    0x83, 0xff, 0xc7, 0xff, 0xfc, 0xb8, 0x3f, 0xfc,
    0x4f, 0xff, 0xf2, 0xe0, 0xff, 0xf1, 0x7f, 0xff,
    0x32, 0xf, 0xff, 0xd, 0xff, 0xfc, 0xc8, 0x3f,
    0xfc, 0x3f, 0xff, 0xcd, 0x83, 0xff, 0xc1, 0xff,
    0xfc, 0xe8, 0x3f, 0xfb, 0xef, 0xff, 0xf3, 0xa0,
    0xff, 0xef, 0xff, 0xff, 0x3e, 0xf, 0xfe, 0xf5,
    0xff, 0xfc, 0xf8, 0x3f, 0xfb, 0xdf, 0xff, 0xd0,
    0x83, 0xff, 0xbb, 0x7f, 0xff, 0x42, 0xf, 0xfe,
    0xe3, 0xff, 0xfd, 0x18, 0x3f, 0xfb, 0x9f, 0xff,
    0xd2, 0x83, 0xff, 0xb6, 0xff, 0xff, 0x4a, 0xf,
    0xfe, 0xdf, 0xff, 0xf4, 0xe0, 0xff, 0xed, 0x5f,
    0xff, 0xd3, 0x83, 0xff, 0xb5, 0xff, 0xfd, 0x48,
    0x3f, 0xfb, 0x3f, 0xff, 0xd5, 0x83, 0xff, 0xb0,
    0xff, 0xff, 0x12, 0xff, 0xfe, 0x24, 0x1f, 0xfd,
    0x8f, 0xff, 0xe2, 0x37, 0xff, 0xf1, 0x20, 0xff,
    0xeb, 0xdf, 0xff, 0xc4, 0x2f, 0xff, 0xe2, 0x41,
    0xff, 0xd7, 0xff, 0xfe, 0x22, 0x5f, 0xff, 0xc4,
    0x83, 0xff, 0xad, 0xff, 0xfc, 0x48, 0x17, 0xff,
    0xf1, 0x20, 0xff, 0xea, 0xbf, 0xff, 0xc4, 0xa,
    0xff, 0xfe, 0x24, 0x1f, 0xfd, 0x5f, 0xff, 0xe2,
    0x41, 0x5f, 0xff, 0xc4, 0x83, 0xff, 0xa9, 0x7f,
    0xff, 0x10, 0x35, 0xff, 0xfc, 0x48, 0x3f, 0xfa,
    0x9f, 0xff, 0xc4, 0x83, 0x5f, 0xff, 0xc4, 0x83,
    0xff, 0xa7, 0x7f, 0xff, 0x10, 0x3a, 0xff, 0xfe,
    0x24, 0x1f, 0xfd, 0x27, 0xff, 0xf8, 0x88, 0x75,
    0xff, 0xfc, 0x48, 0x3f, 0xfa, 0x5f, 0xff, 0xc5,
    0xf, 0x5f, 0xff, 0xc4, 0x83, 0xff, 0xa2, 0xff,
    0xff, 0x11, 0xf, 0x5f, 0xff, 0xc4, 0x83, 0xff,
    0xa3, 0xff, 0xfc, 0x48, 0x3e, 0xbf, 0xff, 0x89,
    0x7, 0xff, 0x42, 0xff, 0xfe, 0x20, 0x7e, 0xbf,
    0xff, 0x89, 0x7, 0xff, 0x43, 0xff, 0xf8, 0x90,
    0x7e, 0xbf, 0xff, 0x89, 0x7, 0xff, 0x3f, 0xff,
    0xf8, 0xa1, 0xfd, 0x7f, 0xff, 0x12, 0xf, 0xfe,
    0x73, 0xff, 0xfc, 0x48, 0x3f, 0xaf, 0xff, 0xe2,
    0x41, 0xff, 0xce, 0xff, 0xfe, 0x28, 0x7f, 0xaf,
    0xff, 0xe2, 0x41, 0xff, 0xcd, 0xbf, 0xff, 0x88,
    0x87, 0xfa, 0xff, 0xfe, 0x24, 0x1f, 0xfc, 0xdf,
    0xff, 0xe2, 0x87, 0xfd, 0x7f, 0xff, 0x12, 0xf,
    0xfe, 0x67, 0xff, 0xf1, 0x50, 0xff, 0xaf, 0xff,
    0xe2, 0x41, 0xff, 0xcb, 0x7f, 0xff, 0x89, 0x7,
    0xff, 0x2, 0xff, 0xfe, 0x24, 0x1f, 0xfc, 0xbf,
    0xff, 0xe2, 0x87, 0xff, 0x6, 0xff, 0xfe, 0x24,
    0x1f, 0xfc, 0xab, 0xff, 0xf8, 0x90, 0x7f, 0xf0,
    0x6f, 0xff, 0xe2, 0x41, 0xff, 0xca, 0xff, 0xfe,
    0x28, 0x7f, 0xf0, 0xaf, 0xff, 0xe2, 0x41, 0xff,
    0xc9, 0xbf, 0xff, 0x89, 0x7, 0xff, 0xa, 0xff,
    0xfe, 0x24, 0x1f, 0xfc, 0x87, 0xff, 0xf8, 0xa1,
    0xff, 0xc3, 0xbf, 0xff, 0x89, 0x7, 0xff, 0x23,
    0xff, 0xf8, 0xa8, 0x7f, 0xf0, 0xef, 0xff, 0xe2,
    0x41, 0xff, 0xc7, 0x7f, 0xff, 0x8a, 0x1f, 0xfc,
    0x4b, 0xff, 0xf8, 0x90, 0x7f, 0xf1, 0xff, 0xff,
    0x8a, 0x87, 0xff, 0x12, 0xff, 0xfe, 0x24, 0x1f,
    0xfc, 0x6b, 0xff, 0xf8, 0x90, 0x7f, 0xf1, 0x6f,
    0xff, 0xe2, 0x41, 0xff, 0xc6, 0xff, 0xfe, 0x28,
    0x7f, 0xf1, 0xaf, 0xff, 0xe2, 0x41, 0xff, 0xc5,
    0xff, 0xfe, 0x2c, 0x1f, 0xfc, 0x6b, 0xff, 0xf8,
    0x90, 0x7f, 0xf1, 0x1f, 0xff, 0xe2, 0x87, 0xff,
    0x1e, 0xff, 0xfe, 0x24, 0x1f, 0xfc, 0x4f, 0xff,
    0xe2, 0xc1, 0xff, 0xc7, 0xbf, 0xff, 0x89, 0x7,
    0xff, 0xe, 0xff, 0xfe, 0x28, 0x7f, 0xf2, 0x2f,
    0xff, 0xe2, 0x41, 0xff, 0xc3, 0xff, 0xfe, 0x2a,
    0x1f, 0xfc, 0x8b, 0xff, 0xf8, 0x90, 0x7f, 0xf0,
    0xaf, 0xff, 0xe2, 0x87, 0xff, 0x26, 0xff, 0xfe,
    0x24, 0x1f, 0xfc, 0x17, 0xff, 0xf8, 0xa8, 0x7f,
    0xf2, 0x6f, 0xff, 0xe2, 0x41, 0xff, 0xc1, 0xff,
    0xfe, 0x2c, 0x1f, 0xfc, 0xab, 0xff, 0xf8, 0x90,
    0x7f, 0xf0, 0x2f, 0xff, 0xe2, 0x87, 0xff, 0x2e,
    0xff, 0xfe, 0x24, 0x1f, 0xfc, 0xf, 0xff, 0xe2,
    0xc1, 0xff, 0xcb, 0xbf, 0xff, 0x89, 0x7, 0xfd,
    0x7f, 0xff, 0xe1, 0x3f, 0xff, 0xf2, 0x9f, 0xff,
    0xf9, 0x4f, 0xff, 0xfc, 0xa7, 0xff, 0xfe, 0x53,
    0xff, 0xff, 0x29, 0xff, 0xff, 0x94, 0xff, 0xff,
    0xca, 0x7f, 0xff, 0xe5, 0x3f, 0xff, 0xf2, 0x9f,
    0xff, 0xf9, 0x4f, 0xff, 0xfc, 0xa7, 0xff, 0xfe,
    0x53, 0xff, 0xff, 0x29, 0xff, 0xff, 0x94, 0x3f,
    0xfb, 0xf7, 0xff, 0xf1, 0x20, 0xff, 0xf4, 0xdf,
    0xff, 0xc4, 0x83, 0xff, 0xd3, 0x7f, 0xff, 0x12,
    0xf, 0xff, 0x4d, 0xff, 0xfc, 0x48, 0x3f, 0xfd,
    0x37, 0xff, 0xf1, 0x20, 0xff, 0xf4, 0xdf, 0xff,
    0xc4, 0x83, 0xff, 0xd3, 0x7f, 0xff, 0x12, 0xf,
    0xff, 0x4d, 0xff, 0xfc, 0x48, 0x3f, 0xfd, 0x37,
    0xff, 0xf1, 0x20, 0xff, 0xf4, 0xdf, 0xff, 0xc4,
    0x83, 0xff, 0xd3, 0x7f, 0xff, 0x12, 0xf, 0xff,
    0x4d, 0xff, 0xfc, 0x48, 0x3f, 0xfd, 0x37, 0xff,
    0xf1, 0x20, 0xff, 0xf4, 0xdf, 0xff, 0xc4, 0x83,
    0xff, 0xd3, 0x7f, 0xff, 0x12, 0xf, 0xff, 0x4d,
    0xff, 0xfc, 0x48, 0x3f, 0xfd, 0x37, 0xff, 0xf1,
    0x20, 0xff, 0x0,

    /* U+0035 "5" */
    0xf, 0xef, 0xff, 0xf4, 0x41, 0xff, 0xc5, 0xff,
    0xff, 0x44, 0x1f, 0xfc, 0x5f, 0xff, 0xf4, 0x41,
    0xff, 0xc5, 0xff, 0xff, 0x44, 0x1f, 0xfc, 0x5f,
    0xff, 0xf4, 0x41, 0xff, 0xc4, 0x7f, 0xff, 0xd1,
    0x7, 0xff, 0x11, 0xff, 0xff, 0x44, 0x1f, 0xfc,
    0x47, 0xff, 0xfd, 0x10, 0x7f, 0xf1, 0x2f, 0xff,
    0xf4, 0x41, 0xff, 0xc4, 0xbf, 0xff, 0xd1, 0x7,
    0xff, 0x12, 0xff, 0xff, 0x44, 0x1f, 0xfc, 0x4f,
    0xff, 0xf4, 0xc1, 0xff, 0xc4, 0xff, 0xff, 0x4c,
    0x1f, 0xfc, 0x4f, 0xff, 0xf4, 0xc1, 0xff, 0xc4,
    0xff, 0xff, 0x4c, 0x1f, 0xfc, 0x4f, 0xff, 0xe1,
    0xc1, 0xff, 0xe9, 0x7f, 0xff, 0x87, 0x7, 0xff,
    0xa5, 0xff, 0xfe, 0x1a, 0x1f, 0xfe, 0x97, 0xff,
    0xf8, 0x68, 0x7f, 0xfa, 0x6f, 0xff, 0xe1, 0xa1,
    0xff, 0xe9, 0xbf, 0xff, 0x86, 0x1f, 0xfe, 0xaf,
    0xff, 0xe2, 0x7, 0xff, 0xab, 0xff, 0xf8, 0x81,
    0xff, 0xea, 0xff, 0xfe, 0x20, 0x7f, 0xfa, 0xbf,
    0xff, 0x88, 0x1f, 0xfe, 0xaf, 0xff, 0xe1, 0xc1,
    0xff, 0xea, 0xff, 0xfe, 0x1c, 0x1f, 0xfe, 0x97,
    0xff, 0xf8, 0x70, 0x7f, 0xfa, 0x5f, 0xff, 0xe1,
    0xa1, 0xff, 0xe9, 0xbf, 0xff, 0x86, 0x87, 0xff,
    0xa6, 0xff, 0xfe, 0x18, 0x7f, 0xfa, 0xaf, 0xff,
    0xe1, 0x87, 0xff, 0xab, 0xff, 0xf8, 0x81, 0xff,
    0xea, 0xff, 0xfe, 0x20, 0x7f, 0xfa, 0xbf, 0xff,
    0x88, 0x1f, 0xfe, 0xaf, 0xff, 0xe2, 0x7, 0xff,
    0xab, 0xff, 0xf8, 0x70, 0x7f, 0x2a, 0xaf, 0xaa,
    0x50, 0x7f, 0xf4, 0xdf, 0xff, 0xe1, 0xc1, 0xcd,
    0xff, 0xfc, 0x59, 0xf, 0xfe, 0x7b, 0xff, 0xfc,
    0x34, 0x2b, 0xff, 0xf9, 0x70, 0x7f, 0xf3, 0x5f,
    0xff, 0xe1, 0xa5, 0xff, 0xfc, 0xf8, 0x3f, 0xf9,
    0x77, 0xff, 0xf0, 0xef, 0xff, 0xe9, 0xc1, 0xff,
    0xc9, 0xbf, 0xff, 0xca, 0x87, 0xff, 0x1e, 0xff,
    0xff, 0x34, 0x1f, 0xfc, 0x6f, 0xff, 0xf4, 0x87,
    0xff, 0x17, 0xff, 0xfd, 0x41, 0xff, 0xc4, 0xff,
    0xff, 0x58, 0x7f, 0xf0, 0xff, 0xff, 0xd8, 0x1f,
    0xfc, 0x2f, 0xff, 0xf6, 0x41, 0xff, 0xc0, 0x7f,
    0xff, 0xdb, 0x7, 0xfc, 0xff, 0xff, 0xb8, 0x3f,
    0xe7, 0xff, 0xfd, 0xe1, 0xfe, 0xbf, 0xff, 0xde,
    0x87, 0xf5, 0xff, 0xfc, 0xb9, 0x41, 0xe5, 0x5f,
    0xff, 0xcd, 0xf, 0xef, 0xff, 0xe4, 0xc8, 0x7f,
    0xf0, 0x9f, 0xff, 0xe5, 0xc1, 0xfb, 0xff, 0xf9,
    0x1, 0xff, 0xc7, 0xbf, 0xff, 0x94, 0x1f, 0xbf,
    0xff, 0x8c, 0x87, 0xff, 0x25, 0xff, 0xfe, 0x4a,
    0x1f, 0x7f, 0xff, 0x14, 0x3f, 0xf9, 0xbf, 0xff,
    0xc9, 0xf, 0xbf, 0xff, 0x87, 0x7, 0xff, 0x3f,
    0xff, 0xf9, 0x1, 0xff, 0xe6, 0x7f, 0xff, 0x8f,
    0x7, 0xff, 0x9a, 0xff, 0xfe, 0x38, 0x7f, 0xf9,
    0xff, 0xff, 0x8e, 0x1f, 0xfe, 0x7b, 0xff, 0xf8,
    0xc8, 0x7f, 0xf9, 0xff, 0xff, 0x8d, 0x7, 0xff,
    0x9f, 0xff, 0xf8, 0xd0, 0x7f, 0xf9, 0xef, 0xff,
    0xe3, 0x7, 0xff, 0x9d, 0xff, 0xfe, 0x30, 0x7f,
    0xf9, 0xdf, 0xff, 0xe3, 0x7, 0xff, 0xa3, 0xff,
    0xf8, 0xc1, 0xff, 0xe8, 0xff, 0xfe, 0x30, 0x7f,
    0xfa, 0x3f, 0xff, 0x8c, 0x1f, 0xfe, 0x8f, 0xff,
    0xe3, 0x7, 0xff, 0xa3, 0xff, 0xf8, 0xc1, 0xff,
    0xe8, 0xff, 0xfe, 0x30, 0x7f, 0xfa, 0x3f, 0xff,
    0x8c, 0x1f, 0xfe, 0x77, 0xff, 0xf8, 0xc1, 0xff,
    0xe7, 0xbf, 0xff, 0x8c, 0xf, 0xff, 0xe2, 0x87,
    0xff, 0x52, 0xff, 0xfe, 0x2c, 0xf, 0xff, 0xe2,
    0xa1, 0xff, 0xd3, 0xff, 0xfe, 0x34, 0xf, 0xff,
    0xe3, 0x7, 0xff, 0x49, 0xff, 0xfe, 0x32, 0xb,
    0xff, 0xf8, 0xa1, 0xff, 0xd2, 0xbf, 0xff, 0x8c,
    0x13, 0xff, 0xfc, 0x58, 0x3f, 0xfa, 0x3f, 0xff,
    0xc7, 0xd, 0xff, 0xfc, 0x60, 0xff, 0xe8, 0x7f,
    0xff, 0x1e, 0xd, 0xff, 0xfc, 0x70, 0xff, 0xe7,
    0x3f, 0xff, 0xc7, 0xe, 0xbf, 0xff, 0x8d, 0x7,
    0xff, 0x37, 0xff, 0xf9, 0x1, 0xef, 0xff, 0xe3,
    0xc1, 0xff, 0xcb, 0xff, 0xfe, 0x42, 0x1e, 0xbf,
    0xff, 0x8f, 0x7, 0xff, 0x21, 0xff, 0xfe, 0x48,
    0x7c, 0xff, 0xff, 0x24, 0x3f, 0xf8, 0xd7, 0xff,
    0xf2, 0x60, 0xfd, 0xff, 0xfc, 0xa8, 0x3f, 0xf8,
    0x4f, 0xff, 0xf2, 0xc3, 0xf9, 0xff, 0xfe, 0x5c,
    0x87, 0xe6, 0xff, 0xfe, 0x64, 0x1f, 0xeb, 0xff,
    0xfd, 0xc1, 0xff, 0xc0, 0xff, 0xff, 0x6a, 0x1f,
    0xfc, 0x7, 0xff, 0xfd, 0x70, 0x7f, 0xf0, 0xaf,
    0xff, 0xf5, 0x7, 0xff, 0x13, 0xff, 0xfd, 0x21,
    0xff, 0xc6, 0xff, 0xff, 0x38, 0x7f, 0xf2, 0x3f,
    0xff, 0xca, 0x1f, 0xfc, 0xaf, 0xff, 0xf1, 0x87,
    0xff, 0x32, 0xff, 0xff, 0x0, 0x7f, 0xf3, 0x9f,
    0xff, 0xee, 0xc1, 0xff, 0xd1, 0xff, 0xfe, 0xd8,
    0x7f, 0xf5, 0x1f, 0xff, 0xeb, 0xa1, 0xff, 0xd7,
    0xbf, 0xff, 0xa7, 0x7, 0xff, 0x6d, 0xff, 0xfe,
    0x7a, 0x1f, 0xfe, 0x6, 0xff, 0xfe, 0x3c, 0x87,
    0xff, 0x9d, 0xa7, 0xff, 0x51, 0xf, 0xfe, 0x80,

    /* U+0036 "6" */
    0xf, 0xfe, 0x9b, 0xff, 0xfc, 0x64, 0x3f, 0xfc,
    0xff, 0xff, 0xc6, 0x83, 0xff, 0xcf, 0x7f, 0xff,
    0x18, 0x3f, 0xfd, 0x1f, 0xff, 0xc6, 0x43, 0xff,
    0xcf, 0x7f, 0xff, 0x18, 0x3f, 0xfd, 0x1f, 0xff,
    0xc6, 0x43, 0xff, 0xcf, 0x7f, 0xff, 0x16, 0xf,
    0xff, 0x47, 0xff, 0xf1, 0x83, 0xff, 0xd1, 0x7f,
    0xff, 0x15, 0xf, 0xff, 0x3b, 0xff, 0xfc, 0x60,
    0xff, 0xf4, 0x7f, 0xff, 0x19, 0xf, 0xff, 0x3b,
    0xff, 0xfc, 0x58, 0x3f, 0xfd, 0x1f, 0xff, 0xc6,
    0xf, 0xff, 0x43, 0xff, 0xfc, 0x54, 0x3f, 0xfd,
    0x1f, 0xff, 0xc6, 0xf, 0xff, 0x43, 0xff, 0xfc,
    0x54, 0x3f, 0xfd, 0x1f, 0xff, 0xc5, 0x83, 0xff,
    0xd1, 0x7f, 0xff, 0x14, 0x3f, 0xfd, 0x3f, 0xff,
    0xc5, 0x43, 0xff, 0xd1, 0x7f, 0xff, 0x14, 0x3f,
    0xfd, 0x3f, 0xff, 0xc5, 0x43, 0xff, 0xd1, 0x7f,
    0xff, 0x12, 0xf, 0xff, 0x4f, 0xff, 0xf1, 0x43,
    0xff, 0xd3, 0x7f, 0xff, 0x11, 0xf, 0xff, 0x4f,
    0xff, 0xf1, 0x43, 0xff, 0xd3, 0xff, 0xfc, 0x54,
    0x3f, 0xfd, 0xf, 0xff, 0xf1, 0x20, 0xff, 0xf4,
    0xff, 0xff, 0x14, 0x3f, 0xfd, 0x2f, 0xff, 0xf1,
    0x10, 0xff, 0xf4, 0xff, 0xff, 0x14, 0x3f, 0xfd,
    0x2f, 0xff, 0xf1, 0x3, 0xff, 0xd5, 0xff, 0xfc,
    0x48, 0x3f, 0xfd, 0x37, 0xff, 0xf1, 0x3, 0xff,
    0xd5, 0xff, 0xfc, 0x44, 0x3f, 0xfd, 0x37, 0xff,
    0xf1, 0x3, 0xff, 0xd5, 0xff, 0xfc, 0x40, 0xff,
    0xf5, 0x5f, 0xff, 0xc3, 0x83, 0xff, 0xd5, 0xff,
    0xfc, 0x40, 0xff, 0xf5, 0x5f, 0xff, 0xc3, 0x43,
    0xca, 0xa7, 0xea, 0x28, 0x3f, 0xfb, 0x1f, 0xff,
    0xc4, 0x9, 0xbf, 0xff, 0x89, 0x21, 0xff, 0xd3,
    0xbf, 0xff, 0x86, 0xb, 0xff, 0xf9, 0x50, 0x7f,
    0xf4, 0x1f, 0xff, 0xe2, 0x5f, 0xff, 0xce, 0x83,
    0xff, 0x9d, 0xff, 0xfe, 0x28, 0x3f, 0xf9, 0x6f,
    0xff, 0xf9, 0x3, 0xff, 0x95, 0xff, 0xfe, 0x64,
    0x3f, 0xf8, 0xef, 0xff, 0xf9, 0xe0, 0xff, 0xe3,
    0x5f, 0xff, 0xe8, 0x83, 0xff, 0x8b, 0xff, 0xfe,
    0xa8, 0x3f, 0xf8, 0x77, 0xff, 0xfa, 0xe0, 0xff,
    0xe1, 0x7f, 0xff, 0xb5, 0xf, 0xfe, 0x5, 0xff,
    0xfe, 0xe0, 0xff, 0xe0, 0x7f, 0xff, 0xc0, 0x3f,
    0xcf, 0xff, 0xfc, 0x10, 0xfe, 0xff, 0xff, 0x90,
    0x7f, 0x7f, 0xff, 0x3a, 0x50, 0x79, 0x5f, 0xff,
    0xcd, 0x83, 0xeb, 0xff, 0xf9, 0x88, 0x7f, 0xf0,
    0xaf, 0xff, 0xe5, 0x87, 0xdf, 0xff, 0xcb, 0x43,
    0xff, 0x8d, 0x7f, 0xff, 0x26, 0xf, 0x7f, 0xff,
    0x26, 0xf, 0xfe, 0x4b, 0xff, 0xfc, 0x90, 0xeb,
    0xff, 0xf9, 0x10, 0x7f, 0xf2, 0xdf, 0xff, 0xe4,
    0x21, 0xbf, 0xff, 0x91, 0x7, 0xff, 0x36, 0xff,
    0xfe, 0x3c, 0x1b, 0xff, 0xf9, 0x1, 0xff, 0xcf,
    0xff, 0xfe, 0x40, 0x4f, 0xff, 0xf1, 0xc3, 0xff,
    0xa3, 0xff, 0xfc, 0x74, 0x17, 0xff, 0xf1, 0xa0,
    0xff, 0xe8, 0xdf, 0xff, 0xc6, 0x81, 0xff, 0xfc,
    0x70, 0xff, 0xe9, 0xff, 0xff, 0x1a, 0x7, 0xff,
    0xf1, 0xa0, 0xff, 0xe9, 0xff, 0xff, 0x1c, 0x1f,
    0xff, 0xc6, 0x43, 0xff, 0xa7, 0x7f, 0xff, 0x18,
    0x1f, 0xff, 0xc6, 0xf, 0xfe, 0xa3, 0xff, 0xfc,
    0x61, 0xff, 0xfe, 0x30, 0x7f, 0xf5, 0x7f, 0xff,
    0x8c, 0xaf, 0xff, 0xe3, 0x7, 0xff, 0x57, 0xff,
    0xf8, 0xca, 0xff, 0xfe, 0x2c, 0x1f, 0xfd, 0x5f,
    0xff, 0xe3, 0x2b, 0xff, 0xf8, 0xb0, 0x7f, 0xf5,
    0x7f, 0xff, 0x8c, 0xaf, 0xff, 0xe2, 0xc1, 0xff,
    0xd5, 0xff, 0xfe, 0x32, 0xbf, 0xff, 0x8b, 0x7,
    0xff, 0x57, 0xff, 0xf8, 0xca, 0xff, 0xfe, 0x2c,
    0x1f, 0xfd, 0x5f, 0xff, 0xe3, 0x27, 0xff, 0xf1,
    0x83, 0xff, 0xab, 0xff, 0xfc, 0x64, 0xff, 0xfe,
    0x30, 0x7f, 0xf5, 0x7f, 0xff, 0x8c, 0xf, 0xff,
    0xe3, 0x7, 0xff, 0x51, 0xff, 0xfe, 0x30, 0x3f,
    0xff, 0x8c, 0x87, 0xff, 0x4d, 0xff, 0xfe, 0x30,
    0x2f, 0xff, 0xe2, 0xc1, 0xff, 0xd3, 0xff, 0xfe,
    0x34, 0x7, 0xff, 0xf8, 0xc1, 0xff, 0xd3, 0xff,
    0xfe, 0x32, 0x17, 0xff, 0xf1, 0xa0, 0xff, 0xe8,
    0xdf, 0xff, 0xc6, 0xd, 0xff, 0xfc, 0x70, 0xff,
    0xe8, 0xff, 0xff, 0x1c, 0x35, 0xff, 0xfc, 0x68,
    0x3f, 0xf9, 0xff, 0xff, 0xc7, 0x83, 0xbf, 0xff,
    0x8e, 0x87, 0xff, 0x36, 0xff, 0xfe, 0x3a, 0x1d,
    0xff, 0xfc, 0x84, 0x3f, 0xf9, 0x77, 0xff, 0xf2,
    0x3, 0xcf, 0xff, 0xf2, 0x10, 0xff, 0xe4, 0xdf,
    0xff, 0xc8, 0x43, 0xef, 0xff, 0xe4, 0xc1, 0xff,
    0xc7, 0xff, 0xfe, 0x50, 0x7e, 0x7f, 0xff, 0x94,
    0x87, 0xff, 0xe, 0xff, 0xfe, 0x52, 0x1f, 0xdf,
    0xff, 0xcc, 0x90, 0xfc, 0xdf, 0xff, 0xcd, 0xf,
    0xfb, 0xff, 0xfd, 0xe8, 0x7f, 0xd7, 0xff, 0xfb,
    0x60, 0xff, 0xe0, 0xff, 0xff, 0xb4, 0x3f, 0xf8,
    0x7f, 0xff, 0xeb, 0x43, 0xff, 0x89, 0xff, 0xfe,
    0x94, 0x3f, 0xf8, 0xaf, 0xff, 0xf9, 0xd0, 0xff,
    0xe3, 0xbf, 0xff, 0xe5, 0x83, 0xff, 0x92, 0xff,
    0xff, 0x8d, 0xf, 0xfe, 0x67, 0xff, 0xf8, 0x50,
    0xff, 0xe7, 0x5f, 0xff, 0xde, 0xf, 0xfe, 0x8b,
    0xff, 0xfd, 0xb4, 0x3f, 0xfa, 0x97, 0xff, 0xf5,
    0xe0, 0xff, 0xec, 0x5f, 0xff, 0xd3, 0x83, 0xff,
    0xb8, 0xff, 0xff, 0x3e, 0xf, 0xff, 0xb, 0xff,
    0xfc, 0x98, 0x3f, 0xfd, 0xd, 0x3f, 0xfa, 0x8a,
    0xf, 0xfe, 0x78,

    /* U+0037 "7" */
    0x17, 0xff, 0xe8, 0x7f, 0xff, 0xd6, 0xff, 0xff,
    0xad, 0xff, 0xff, 0x5b, 0xff, 0xfe, 0xb7, 0xff,
    0xfd, 0x6f, 0xff, 0xfa, 0xdf, 0xff, 0xf5, 0xbf,
    0xff, 0xeb, 0x7f, 0xff, 0xd6, 0xff, 0xff, 0xad,
    0xff, 0xff, 0x5b, 0xff, 0xfe, 0xb7, 0xff, 0xfd,
    0x6f, 0xff, 0xfa, 0xdf, 0xff, 0xf5, 0xf, 0xff,
    0x1b, 0xff, 0xfc, 0x60, 0xff, 0xf1, 0xff, 0xff,
    0x19, 0xf, 0xff, 0x13, 0xff, 0xfc, 0x60, 0xff,
    0xf1, 0xff, 0xff, 0x19, 0xf, 0xff, 0x1f, 0xff,
    0xf1, 0x83, 0xff, 0xc7, 0x7f, 0xff, 0x15, 0xf,
    0xff, 0x1f, 0xff, 0xf1, 0x83, 0xff, 0xc7, 0x7f,
    0xff, 0x16, 0xf, 0xff, 0x1f, 0xff, 0xf1, 0x83,
    0xff, 0xc7, 0x7f, 0xff, 0x16, 0xf, 0xff, 0x1f,
    0xff, 0xf1, 0x83, 0xff, 0xc6, 0xff, 0xff, 0x18,
    0x3f, 0xfc, 0x7f, 0xff, 0xc6, 0x43, 0xff, 0xc4,
    0xff, 0xff, 0x18, 0x3f, 0xfc, 0x7f, 0xff, 0xc6,
    0x43, 0xff, 0xc4, 0xff, 0xff, 0x18, 0x3f, 0xfc,
    0x7f, 0xff, 0xc6, 0x83, 0xff, 0xc4, 0xff, 0xff,
    0x18, 0x3f, 0xfc, 0x7f, 0xff, 0xc6, 0x83, 0xff,
    0xc7, 0xff, 0xfc, 0x60, 0xff, 0xf1, 0xdf, 0xff,
    0xc5, 0x83, 0xff, 0xc7, 0xff, 0xfc, 0x60, 0xff,
    0xf1, 0xdf, 0xff, 0xc6, 0xf, 0xff, 0x1f, 0xff,
    0xf1, 0x90, 0xff, 0xf1, 0x5f, 0xff, 0xc6, 0xf,
    0xff, 0x1f, 0xff, 0xf1, 0x90, 0xff, 0xf1, 0x3f,
    0xff, 0xc6, 0xf, 0xff, 0x1f, 0xff, 0xf1, 0xa0,
    0xff, 0xf1, 0x3f, 0xff, 0xc6, 0xf, 0xff, 0x1f,
    0xff, 0xf1, 0xa0, 0xff, 0xf1, 0x3f, 0xff, 0xc6,
    0xf, 0xff, 0x1f, 0xff, 0xf1, 0xa0, 0xff, 0xf1,
    0x3f, 0xff, 0xc6, 0xf, 0xff, 0x1d, 0xff, 0xfc,
    0x60, 0xff, 0xf1, 0xff, 0xff, 0x19, 0xf, 0xff,
    0x15, 0xff, 0xfc, 0x60, 0xff, 0xf1, 0xff, 0xff,
    0x19, 0xf, 0xff, 0x15, 0xff, 0xfc, 0x60, 0xff,
    0xf1, 0xff, 0xff, 0x1a, 0xf, 0xff, 0x15, 0xff,
    0xfc, 0x60, 0xff, 0xf1, 0xff, 0xff, 0x1a, 0xf,
    0xff, 0x13, 0xff, 0xfc, 0x60, 0xff, 0xf1, 0xff,
    0xff, 0x1a, 0xf, 0xff, 0x13, 0xff, 0xfc, 0x64,
    0x3f, 0xfc, 0x5f, 0xff, 0xc7, 0xf, 0xff, 0x13,
    0xff, 0xfc, 0x64, 0x3f, 0xfc, 0x5f, 0xff, 0xc7,
    0xf, 0xff, 0x13, 0xff, 0xfc, 0x64, 0x3f, 0xfc,
    0x57, 0xff, 0xf1, 0x83, 0xff, 0xc7, 0xff, 0xfc,
    0x68, 0x3f, 0xfc, 0x57, 0xff, 0xf1, 0x83, 0xff,
    0xc7, 0xff, 0xfc, 0x68, 0x3f, 0xfc, 0x57, 0xff,
    0xf1, 0x83, 0xff, 0xc7, 0xff, 0xfc, 0x68, 0x3f,
    0xfc, 0x57, 0xff, 0xf1, 0x90, 0xff, 0xf1, 0x7f,
    0xff, 0x1c, 0x3f, 0xfc, 0x4f, 0xff, 0xf1, 0x90,
    0xff, 0xf1, 0x7f, 0xff, 0x1c, 0x3f, 0xfc, 0x4f,
    0xff, 0xf1, 0x90, 0xff, 0xf1, 0x7f, 0xff, 0x1c,
    0x3f, 0xfc, 0x4f, 0xff, 0xf1, 0xa0, 0xff, 0xf1,
    0x7f, 0xff, 0x1c, 0x3f, 0xfc, 0x7f, 0xff, 0xc6,
    0x83, 0xff, 0xc5, 0x7f, 0xff, 0x18, 0x3f, 0xfc,
    0x7f, 0xff, 0xc6, 0x83, 0xff, 0xc5, 0x7f, 0xff,
    0x19, 0xf, 0xff, 0x17, 0xff, 0xf1, 0xc3, 0xff,
    0xc5, 0x7f, 0xff, 0x19, 0xf, 0xff, 0x17, 0xff,
    0xf1, 0xc3, 0xff, 0xc4, 0xff, 0xff, 0x19, 0xf,
    0xff, 0x17, 0xff, 0xf1, 0xc3, 0xff, 0xc4, 0xff,
    0xff, 0x1a, 0xf, 0xff, 0x17, 0xff, 0xf1, 0xc3,
    0xff, 0xc4, 0xff, 0xff, 0x1a, 0xf, 0xff, 0x17,
    0xff, 0xf1, 0xc3, 0xff, 0xc4, 0xff, 0xff, 0x1a,
    0xf, 0xff, 0x17, 0xff, 0xf1, 0xd0, 0xff, 0xf1,
    0x7f, 0xff, 0x1c, 0x3f, 0xfc, 0x57, 0xff, 0xf1,
    0x90, 0xff, 0xf1, 0x7f, 0xff, 0x1c, 0x3f, 0xfc,
    0x57, 0xff, 0xf1, 0x90, 0xff, 0xf1, 0x7f, 0xff,
    0x1c, 0x3f, 0xfc, 0x57, 0xff, 0xf1, 0xa0, 0xff,
    0xf1, 0x7f, 0xff, 0x1c, 0x3f, 0xfc, 0x4f, 0xff,
    0xf1, 0xa0, 0xff, 0xf1, 0x7f, 0xff, 0x1c, 0x3f,
    0xfc, 0x4f, 0xff, 0xf1, 0xc3, 0xff, 0xc4, 0xd7,
    0xff, 0x18, 0x3f, 0xfb, 0xa0,

    /* U+0038 "8" */
    0xf, 0xfe, 0x8b, 0x4f, 0xfe, 0xa2, 0x1f, 0xfe,
    0x9b, 0xff, 0xf9, 0x32, 0x1f, 0xfe, 0x1b, 0xff,
    0xf9, 0xf0, 0x7f, 0xf7, 0x1f, 0xff, 0xea, 0xa1,
    0xff, 0xd8, 0xbf, 0xff, 0xaf, 0x7, 0xff, 0x56,
    0xff, 0xfe, 0xdc, 0x1f, 0xfd, 0x2f, 0xff, 0xef,
    0x87, 0xff, 0x3d, 0xff, 0xff, 0xa, 0x1f, 0xfc,
    0xc7, 0xff, 0xfc, 0x68, 0x7f, 0xf2, 0xaf, 0xff,
    0xf2, 0xc1, 0xff, 0xc8, 0x7f, 0xff, 0xce, 0x87,
    0xff, 0x19, 0xff, 0xff, 0x48, 0x7f, 0xf1, 0xbf,
    0xff, 0xd6, 0x1f, 0xfc, 0x4f, 0xff, 0xf6, 0x41,
    0xff, 0xc2, 0x7f, 0xff, 0xda, 0x87, 0xff, 0x7,
    0xff, 0xf9, 0xd4, 0x5a, 0x9f, 0xff, 0xce, 0xf,
    0xfe, 0x3, 0xff, 0xfc, 0xb4, 0x3f, 0xeb, 0xff,
    0xf9, 0x68, 0x7f, 0xdf, 0xff, 0xca, 0x43, 0xff,
    0x87, 0x7f, 0xff, 0x28, 0x3f, 0xef, 0xff, 0xe4,
    0x87, 0xff, 0x19, 0xff, 0xfe, 0x48, 0x7f, 0xaf,
    0xff, 0xe4, 0x7, 0xff, 0x27, 0xff, 0xf9, 0x8,
    0x7f, 0x7f, 0xff, 0x20, 0x3f, 0xf9, 0x7f, 0xff,
    0xc7, 0x83, 0xfb, 0xff, 0xf8, 0xe8, 0x7f, 0xf2,
    0xdf, 0xff, 0xe3, 0x87, 0xe7, 0xff, 0xf8, 0xe1,
    0xff, 0xcd, 0xff, 0xfe, 0x38, 0x7e, 0x7f, 0xff,
    0x8c, 0x87, 0xff, 0x35, 0xff, 0xfe, 0x32, 0x1f,
    0x5f, 0xff, 0xc6, 0xf, 0xfe, 0x7f, 0xff, 0xf1,
    0x90, 0xfa, 0xff, 0xfe, 0x2c, 0x1f, 0xfc, 0xfb,
    0xff, 0xf8, 0xb0, 0x7d, 0x7f, 0xff, 0x16, 0xf,
    0xfe, 0x7d, 0xff, 0xfc, 0x58, 0x3e, 0xff, 0xfe,
    0x32, 0x1f, 0xfc, 0xf7, 0xff, 0xf8, 0xb0, 0x7d,
    0x7f, 0xff, 0x15, 0xf, 0xfe, 0x7b, 0xff, 0xfc,
    0x58, 0x3e, 0xbf, 0xff, 0x8a, 0x87, 0xff, 0x3d,
    0xff, 0xfe, 0x2c, 0x1f, 0x5f, 0xff, 0xc5, 0x43,
    0xff, 0x9e, 0xff, 0xff, 0x15, 0xf, 0xaf, 0xff,
    0xe2, 0xa1, 0xff, 0xcf, 0x7f, 0xff, 0x8a, 0x87,
    0xcf, 0xff, 0xf1, 0x60, 0xff, 0xe7, 0xdf, 0xff,
    0xc5, 0xf, 0xef, 0xff, 0xe3, 0x7, 0xff, 0x3f,
    0xff, 0xf8, 0xc1, 0xfd, 0xff, 0xfc, 0x60, 0xff,
    0xe7, 0xff, 0xff, 0x18, 0x3f, 0xaf, 0xff, 0xe2,
    0xc1, 0xff, 0xcd, 0xbf, 0xff, 0x8b, 0x7, 0xf3,
    0xff, 0xfc, 0x60, 0xff, 0xe6, 0xff, 0xff, 0x18,
    0x3f, 0xef, 0xff, 0xe3, 0x87, 0xff, 0x2e, 0xff,
    0xfe, 0x30, 0x7f, 0xd7, 0xff, 0xf1, 0xa0, 0xff,
    0xe4, 0xdf, 0xff, 0xc6, 0x43, 0xff, 0x81, 0xff,
    0xfc, 0x78, 0x3f, 0xf8, 0xf7, 0xff, 0xf1, 0xc3,
    0xff, 0x82, 0xff, 0xff, 0x1e, 0xf, 0xfe, 0x2d,
    0xff, 0xfc, 0x74, 0x3f, 0xf8, 0x57, 0xff, 0xf2,
    0x10, 0xff, 0xe0, 0xdf, 0xff, 0xc8, 0x83, 0xff,
    0x89, 0xff, 0xfc, 0xa9, 0xf, 0x2a, 0xff, 0xfe,
    0x50, 0x7f, 0xf1, 0xbf, 0xff, 0xd2, 0x1f, 0xfc,
    0x8f, 0xff, 0xf3, 0x87, 0xff, 0x2b, 0xff, 0xfc,
    0xa1, 0xff, 0xcc, 0xbf, 0xff, 0xc3, 0x7, 0xff,
    0x39, 0xff, 0xfe, 0xfa, 0x1f, 0xfd, 0x1b, 0xff,
    0xfb, 0x70, 0x7f, 0xf5, 0x6f, 0xff, 0xeb, 0xc1,
    0xff, 0xd9, 0xff, 0xfe, 0xa8, 0x7f, 0xf6, 0x6f,
    0xff, 0xeb, 0xc1, 0xff, 0xd4, 0x7f, 0xff, 0xba,
    0x87, 0xff, 0x42, 0xff, 0xfe, 0xfc, 0x1f, 0xfc,
    0xd7, 0xff, 0xfc, 0x68, 0x7f, 0xf2, 0xaf, 0xff,
    0xf2, 0xc1, 0xff, 0xc8, 0xff, 0xff, 0x48, 0x7f,
    0xf1, 0xbf, 0xff, 0xd6, 0x1f, 0xfc, 0x4f, 0xff,
    0xe6, 0x4b, 0xf5, 0xff, 0xfc, 0xc0, 0xff, 0xe1,
    0x7f, 0xff, 0x2a, 0xf, 0xfe, 0xd, 0xff, 0xfc,
    0xa0, 0xff, 0xe0, 0x5f, 0xff, 0xc8, 0x83, 0xff,
    0x8a, 0xff, 0xff, 0x24, 0x3f, 0xcf, 0xff, 0xf2,
    0x3, 0xff, 0x93, 0xff, 0xfc, 0x84, 0x3f, 0xbf,
    0xff, 0x8f, 0x7, 0xff, 0x2e, 0xff, 0xfe, 0x38,
    0x7e, 0xbf, 0xff, 0x8d, 0x7, 0xff, 0x36, 0xff,
    0xfe, 0x34, 0x1f, 0x7f, 0xff, 0x1a, 0xf, 0xfe,
    0x7f, 0xff, 0xf1, 0xc3, 0xd7, 0xff, 0xf1, 0x83,
    0xff, 0xa3, 0xff, 0xfc, 0x68, 0x3b, 0xff, 0xf8,
    0xc8, 0x7f, 0xf4, 0x5f, 0xff, 0xe3, 0x6, 0x7f,
    0xff, 0x8c, 0x1f, 0xfd, 0x3f, 0xff, 0xe3, 0x21,
    0x7f, 0xff, 0x19, 0xf, 0xfe, 0x9b, 0xff, 0xfc,
    0x60, 0xbf, 0xff, 0x8c, 0x1f, 0xfd, 0x5f, 0xff,
    0xe3, 0x1, 0xff, 0xfe, 0x2c, 0x1f, 0xfd, 0x5f,
    0xff, 0xe3, 0x25, 0xff, 0xfc, 0x54, 0x3f, 0xfa,
    0xb7, 0xff, 0xf1, 0x52, 0xff, 0xfe, 0x2a, 0x1f,
    0xfd, 0x57, 0xff, 0xf8, 0xb1, 0xff, 0xfc, 0x60,
    0xff, 0xeb, 0x3f, 0xff, 0xc6, 0x3f, 0xff, 0x8c,
    0x1f, 0xfd, 0x7f, 0xff, 0xe3, 0x1f, 0xff, 0xc6,
    0xf, 0xfe, 0xbf, 0xff, 0xf1, 0x8f, 0xff, 0xe3,
    0x7, 0xff, 0x59, 0xff, 0xfe, 0x31, 0xff, 0xfc,
    0x60, 0xff, 0xeb, 0x3f, 0xff, 0xc6, 0x3f, 0xff,
    0x8c, 0x87, 0xff, 0x55, 0xff, 0xfe, 0x31, 0xff,
    0xfc, 0x68, 0x3f, 0xfa, 0xb7, 0xff, 0xf1, 0x8f,
    0xff, 0xe3, 0x41, 0xff, 0xd5, 0xff, 0xfe, 0x39,
    0xff, 0xfc, 0x70, 0xff, 0xea, 0xff, 0xff, 0x1c,
    0xff, 0xfe, 0x3a, 0x1f, 0xfd, 0x3b, 0xff, 0xf8,
    0xd1, 0x7f, 0xff, 0x1c, 0x3f, 0xfa, 0x7f, 0xff,
    0xc7, 0x47, 0xff, 0xf8, 0xf0, 0x7f, 0xf4, 0x6f,
    0xff, 0xe3, 0x85, 0xff, 0xfc, 0x84, 0x3f, 0xf9,
    0xef, 0xff, 0xf2, 0x2, 0xff, 0xfe, 0x48, 0x7f,
    0xf3, 0x9f, 0xff, 0xe4, 0x41, 0x5f, 0xff, 0xc9,
    0x43, 0xff, 0x96, 0xff, 0xff, 0x25, 0xd, 0xff,
    0xfc, 0xa8, 0x3f, 0xf9, 0x37, 0xff, 0xf2, 0x83,
    0xaf, 0xff, 0xe5, 0xa1, 0xff, 0xc5, 0xbf, 0xff,
    0x97, 0x7, 0xbf, 0xff, 0x9b, 0x21, 0xff, 0x37,
    0xff, 0xf3, 0x43, 0xeb, 0xff, 0xfa, 0x15, 0xf7,
    0xff, 0xf4, 0x10, 0xfd, 0xff, 0xff, 0x30, 0xfe,
    0x7f, 0xff, 0xe2, 0x1f, 0xf5, 0xff, 0xfe, 0xf4,
    0x3f, 0xf8, 0x1f, 0xff, 0xee, 0x83, 0xff, 0x85,
    0xff, 0xfe, 0xc8, 0x3f, 0xf8, 0x9f, 0xff, 0xea,
    0x83, 0xff, 0x8d, 0x7f, 0xff, 0x9e, 0xf, 0xfe,
    0x45, 0xff, 0xfe, 0x54, 0x3f, 0xf9, 0x4f, 0xff,
    0xf8, 0xc3, 0xff, 0x9d, 0x7f, 0xff, 0x7d, 0xf,
    0xfe, 0x8d, 0xff, 0xfd, 0xb4, 0x3f, 0xfa, 0xb7,
    0xff, 0xf5, 0xd0, 0xff, 0xec, 0xb7, 0xff, 0xf4,
    0x60, 0xff, 0xef, 0xb7, 0xff, 0xf2, 0xa4, 0x3f,
    0xfc, 0xed, 0x3f, 0xfe, 0x94, 0x1f, 0xfc, 0xf0,

    /* U+0039 "9" */
    0xf, 0xfe, 0x83, 0x4f, 0xfe, 0xa2, 0x1f, 0xfe,
    0x86, 0xff, 0xfe, 0x3c, 0x87, 0xff, 0x85, 0xff,
    0xfe, 0x7a, 0x1f, 0xfd, 0xcb, 0xff, 0xfa, 0x70,
    0x7f, 0xf6, 0x2f, 0xff, 0xeb, 0xc1, 0xff, 0xd4,
    0x7f, 0xff, 0xb6, 0x1f, 0xfd, 0x2b, 0xff, 0xfb,
    0xb0, 0x7f, 0xf3, 0xff, 0xff, 0xc2, 0x1f, 0xfc,
    0xc7, 0xff, 0xfc, 0x61, 0xff, 0xca, 0x7f, 0xff,
    0xca, 0x87, 0xff, 0x1d, 0xff, 0xff, 0x3a, 0x1f,
    0xfc, 0x57, 0xff, 0xfd, 0x21, 0xff, 0xc5, 0xff,
    0xff, 0x58, 0x7f, 0xf0, 0xff, 0xff, 0xda, 0x1f,
    0xfc, 0x1b, 0xff, 0xfd, 0xa8, 0x7f, 0xf0, 0x3f,
    0xff, 0xde, 0x1f, 0xf7, 0xff, 0xf3, 0x65, 0x7,
    0x9b, 0xff, 0xf9, 0xa1, 0xfc, 0xff, 0xff, 0x2d,
    0xf, 0xfe, 0x15, 0xff, 0xfc, 0xa4, 0x3f, 0x7f,
    0xff, 0x29, 0xf, 0xfe, 0x37, 0xff, 0xf2, 0x83,
    0xe7, 0xff, 0xf9, 0x10, 0x7f, 0xf2, 0x6f, 0xff,
    0xe4, 0x21, 0xef, 0xff, 0xe4, 0x41, 0xff, 0xcb,
    0x7f, 0xff, 0x90, 0x1c, 0xff, 0xff, 0x1e, 0xf,
    0xfe, 0x6d, 0xff, 0xfc, 0x70, 0xeb, 0xff, 0xf8,
    0xe1, 0xff, 0xcf, 0xff, 0xfe, 0x3c, 0x1b, 0xff,
    0xf8, 0xe1, 0xff, 0xd1, 0xff, 0xfe, 0x38, 0x6f,
    0xff, 0xe3, 0x41, 0xff, 0xd1, 0xbf, 0xff, 0x8c,
    0x13, 0xff, 0xfc, 0x60, 0xff, 0xe9, 0xff, 0xff,
    0x19, 0x5, 0xff, 0xfc, 0x60, 0xff, 0xe9, 0xdf,
    0xff, 0xc5, 0x81, 0xff, 0xfc, 0x68, 0x3f, 0xfa,
    0x6f, 0xff, 0xf1, 0x81, 0xff, 0xfc, 0x64, 0x3f,
    0xfa, 0x9f, 0xff, 0xc6, 0x7, 0xff, 0xf1, 0x83,
    0xff, 0xab, 0xff, 0xfc, 0x60, 0x7f, 0xff, 0x18,
    0x3f, 0xfa, 0xbf, 0xff, 0xc6, 0x1f, 0xff, 0xe3,
    0x7, 0xff, 0x56, 0xff, 0xfe, 0x2a, 0xbf, 0xff,
    0x8c, 0x1f, 0xfd, 0x5b, 0xff, 0xf8, 0xaa, 0xff,
    0xfe, 0x30, 0x7f, 0xf5, 0x6f, 0xff, 0xe2, 0xab,
    0xff, 0xf8, 0xc1, 0xff, 0xd5, 0xbf, 0xff, 0x8a,
    0xaf, 0xff, 0xe3, 0x7, 0xff, 0x56, 0xff, 0xfe,
    0x2a, 0xbf, 0xff, 0x8c, 0x1f, 0xfd, 0x5f, 0xff,
    0xe3, 0x2b, 0xff, 0xf8, 0xc1, 0xff, 0xd5, 0xff,
    0xfe, 0x32, 0x7f, 0xff, 0x19, 0xf, 0xfe, 0xa7,
    0xff, 0xf1, 0x81, 0xff, 0xfc, 0x64, 0x3f, 0xfa,
    0x6f, 0xff, 0xf1, 0x81, 0xff, 0xfc, 0x70, 0xff,
    0xe9, 0xdf, 0xff, 0xc6, 0x7, 0xff, 0xf1, 0xc3,
    0xff, 0xa7, 0xff, 0xfc, 0x70, 0x5f, 0xff, 0xc6,
    0x83, 0xff, 0xa3, 0x7f, 0xff, 0x1a, 0x3, 0xff,
    0xfc, 0x70, 0xff, 0xe8, 0xff, 0xff, 0x1d, 0xb,
    0xff, 0xf8, 0xf0, 0x7f, 0xf3, 0xef, 0xff, 0xe3,
    0x86, 0xff, 0xfe, 0x42, 0x1f, 0xfc, 0xdb, 0xff,
    0xf9, 0x1, 0x9f, 0xff, 0xe4, 0x7, 0xff, 0x31,
    0xff, 0xfe, 0x44, 0x1d, 0xff, 0xfc, 0x94, 0x3f,
    0xf9, 0x37, 0xff, 0xf2, 0x50, 0xeb, 0xff, 0xf9,
    0x28, 0x7f, 0xf1, 0xff, 0xff, 0x96, 0x1f, 0x7f,
    0xff, 0x2d, 0xf, 0xfe, 0x1d, 0xff, 0xfc, 0xb8,
    0x3e, 0xbf, 0xff, 0x99, 0x21, 0xf9, 0xbf, 0xff,
    0x9c, 0x87, 0xef, 0xff, 0xf9, 0x7, 0xf5, 0xff,
    0xff, 0x4, 0x3f, 0xdf, 0xff, 0xf0, 0xf, 0xf9,
    0xff, 0xff, 0x74, 0x1f, 0xfc, 0xb, 0xff, 0xfd,
    0xa1, 0xff, 0xc2, 0xbf, 0xff, 0xd7, 0x7, 0xff,
    0xf, 0xff, 0xfd, 0x68, 0x7f, 0xf1, 0x3f, 0xff,
    0xd4, 0x1f, 0xfc, 0x6b, 0xff, 0xfc, 0xe8, 0x7f,
    0xf1, 0xef, 0xff, 0xf3, 0x7, 0xff, 0x25, 0xff,
    0xff, 0x22, 0x1f, 0xfc, 0xbb, 0xff, 0xfc, 0x41,
    0xff, 0xcd, 0x7f, 0xff, 0xc0, 0x87, 0xff, 0x3d,
    0xbf, 0xff, 0x97, 0x3f, 0xff, 0xc4, 0xf, 0xfe,
    0x9b, 0xff, 0xfc, 0x69, 0x7, 0xff, 0xf1, 0x10,
    0xff, 0xeb, 0x34, 0xff, 0xd4, 0x43, 0x9f, 0xff,
    0xe2, 0x7, 0xff, 0xab, 0xff, 0xf8, 0x88, 0x7f,
    0xfa, 0x6f, 0xff, 0xe2, 0x7, 0xff, 0xab, 0xff,
    0xf8, 0x81, 0xff, 0xea, 0xff, 0xfe, 0x24, 0x1f,
    0xfe, 0x97, 0xff, 0xf8, 0x81, 0xff, 0xea, 0xff,
    0xfe, 0x24, 0x1f, 0xfe, 0x9b, 0xff, 0xf8, 0x81,
    0xff, 0xea, 0xff, 0xfe, 0x24, 0x1f, 0xfe, 0x9b,
    0xff, 0xf8, 0x81, 0xff, 0xe9, 0x7f, 0xff, 0x89,
    0x7, 0xff, 0xa7, 0xff, 0xf8, 0xa1, 0xff, 0xe9,
    0xbf, 0xff, 0x88, 0x87, 0xff, 0xa7, 0xff, 0xf8,
    0xa1, 0xff, 0xe9, 0xbf, 0xff, 0x88, 0x87, 0xff,
    0xa1, 0xff, 0xfe, 0x28, 0x7f, 0xfa, 0x7f, 0xff,
    0x8a, 0x87, 0xff, 0xa2, 0xff, 0xfe, 0x28, 0x7f,
    0xfa, 0x7f, 0xff, 0x8a, 0x87, 0xff, 0xa2, 0xff,
    0xfe, 0x28, 0x7f, 0xfa, 0x1f, 0xff, 0xe2, 0xa1,
    0xff, 0xe8, 0xff, 0xfe, 0x2c, 0x1f, 0xfe, 0x8b,
    0xff, 0xf8, 0xa1, 0xff, 0xe9, 0xff, 0xfe, 0x2c,
    0x1f, 0xfe, 0x8b, 0xff, 0xf8, 0xa1, 0xff, 0xe8,
    0x7f, 0xff, 0x8b, 0x7, 0xff, 0xa3, 0xff, 0xf8,
    0xc1, 0xff, 0xe8, 0xbf, 0xff, 0x8b, 0x7, 0xff,
    0xa3, 0xff, 0xf8, 0xc1, 0xff, 0xe8, 0xbf, 0xff,
    0x8b, 0x7, 0xff, 0x9d, 0xff, 0xfe, 0x30, 0x7f,
    0xfa, 0x3f, 0xff, 0x8c, 0x87, 0xff, 0x9e, 0xff,
    0xfe, 0x30, 0x7f, 0xfa, 0x3f, 0xff, 0x8c, 0x87,
    0xff, 0x9e, 0xff, 0xfe, 0x30, 0x7f, 0xf9, 0xdf,
    0xff, 0xe3, 0x21, 0xff, 0xe7, 0xff, 0xfe, 0x38,
    0x7f, 0xf9, 0xdf, 0xff, 0xe3, 0x21, 0xff, 0xe7,
    0xff, 0xfe, 0x34, 0x1f, 0xfe, 0x76, 0xbf, 0xf8,
    0xc1, 0xff, 0xd4,

    /* U+003A ":" */
    0xf, 0xd7, 0xf4, 0x87, 0xff, 0x6, 0xff, 0xf4,
    0x1f, 0xcf, 0xff, 0xf0, 0x83, 0xe7, 0xff, 0xf8,
    0x81, 0xef, 0xff, 0xe3, 0x6, 0xbf, 0xff, 0x8c,
    0x85, 0xff, 0xfc, 0x80, 0x5f, 0xff, 0xc8, 0x7,
    0xff, 0xf2, 0x63, 0xff, 0xf9, 0x31, 0xff, 0xfc,
    0x98, 0xff, 0xfe, 0x4c, 0x7f, 0xff, 0x26, 0x3f,
    0xff, 0x92, 0x8f, 0xff, 0xf2, 0x2, 0xff, 0xfe,
    0x40, 0x57, 0xff, 0xf1, 0x83, 0xbf, 0xff, 0x8b,
    0x7, 0xbf, 0xff, 0x87, 0x7, 0xeb, 0xff, 0xf8,
    0x10, 0x7f, 0x9f, 0xfe, 0x83, 0xff, 0x86, 0xd6,
    0x43, 0xff, 0xfe, 0x1f, 0xff, 0xf0, 0xff, 0xff,
    0x87, 0xff, 0xfc, 0x3f, 0xff, 0xe1, 0xff, 0xff,
    0xf, 0xff, 0xf8, 0x7f, 0xff, 0xc3, 0xff, 0xfe,
    0x1f, 0xfd, 0x46, 0xb2, 0x1f, 0xfc, 0x27, 0xff,
    0xc8, 0x7f, 0xbf, 0xff, 0x83, 0x7, 0xef, 0xff,
    0xe2, 0x7, 0xbf, 0xff, 0x8b, 0x6, 0xbf, 0xff,
    0x8c, 0x85, 0xff, 0xfc, 0x80, 0x3f, 0xff, 0xc8,
    0x7, 0xff, 0xf2, 0x53, 0xff, 0xf9, 0x31, 0xff,
    0xfc, 0x98, 0xff, 0xfe, 0x4c, 0x7f, 0xff, 0x26,
    0x3f, 0xff, 0x93, 0x17, 0xff, 0xf2, 0x2, 0xff,
    0xfe, 0x40, 0x57, 0xff, 0xf1, 0x90, 0xdf, 0xff,
    0xc5, 0x83, 0x9f, 0xff, 0xe2, 0x7, 0xef, 0xff,
    0xe1, 0x7, 0xfa, 0xff, 0xf2, 0x1f, 0xfc, 0x17,
    0xfa, 0x43, 0xe0,

    /* U+003B ";" */
    0xf, 0x9b, 0xfa, 0x43, 0xff, 0x80, 0xff, 0xfc,
    0x87, 0xf3, 0xff, 0xfc, 0x20, 0xf9, 0xff, 0xfe,
    0x20, 0x73, 0xff, 0xfc, 0x58, 0x37, 0xff, 0xf1,
    0xd0, 0x3f, 0xff, 0xc8, 0x5, 0xff, 0xfc, 0x80,
    0x7f, 0xff, 0x25, 0x3f, 0xff, 0x93, 0x1f, 0xff,
    0xc9, 0x8f, 0xff, 0xe4, 0xc7, 0xff, 0xf2, 0x53,
    0xff, 0xf9, 0x29, 0x7f, 0xff, 0x20, 0x2f, 0xff,
    0xe3, 0xc1, 0x5f, 0xff, 0xc6, 0xe, 0xff, 0xfe,
    0x2a, 0x1e, 0xff, 0xfe, 0x1c, 0x1f, 0xbf, 0xff,
    0x82, 0x87, 0xf9, 0xff, 0xe8, 0x3f, 0xf8, 0x6d,
    0x64, 0x3f, 0xff, 0xe1, 0xff, 0xff, 0xf, 0xff,
    0xf8, 0x7f, 0xff, 0xc3, 0xff, 0xfe, 0x1f, 0xff,
    0xf0, 0xff, 0xff, 0x87, 0xff, 0xfc, 0x3f, 0xff,
    0xe1, 0xff, 0xd6, 0x43, 0xff, 0x8d, 0x7f, 0xd0,
    0x7f, 0xf0, 0x2f, 0xff, 0x90, 0xfe, 0xff, 0xfe,
    0x14, 0x1f, 0x7f, 0xff, 0x12, 0xe, 0xbf, 0xff,
    0x8a, 0x86, 0xff, 0xfe, 0x38, 0x57, 0xff, 0xf1,
    0xd0, 0x7f, 0xff, 0x22, 0x7, 0xff, 0xf2, 0x41,
    0xff, 0xfc, 0x90, 0x7f, 0xff, 0x25, 0x3f, 0xff,
    0x92, 0x9f, 0xff, 0xc9, 0x4f, 0xff, 0xe4, 0xa3,
    0xff, 0xfc, 0x84, 0x1f, 0xff, 0xc8, 0x40, 0xff,
    0xff, 0x1d, 0x9, 0xff, 0xfe, 0x30, 0x73, 0xff,
    0xfc, 0x50, 0xf3, 0xff, 0xfc, 0x40, 0xfc, 0xdf,
    0xff, 0xc0, 0x83, 0xff, 0x83, 0xff, 0xc8, 0x7f,
    0xf0, 0x1f, 0xfe, 0xf, 0xfe, 0xf, 0xff, 0x83,
    0xff, 0x83, 0xff, 0xc8, 0x7f, 0xf0, 0x2f, 0xfe,
    0xf, 0xfe, 0xf, 0xff, 0x41, 0xff, 0xc0, 0xff,
    0xf0, 0x7f, 0xf0, 0x2f, 0xfe, 0x83, 0xfe, 0x7f,
    0xfc, 0x1f, 0xf3, 0xff, 0xe8, 0x3f, 0xd7, 0xff,
    0xc1, 0xfe, 0xbf, 0xfe, 0x43, 0xf3, 0xff, 0xfc,
    0x4, 0x3f, 0x3f, 0xff, 0xc0, 0x83, 0xfd, 0x7f,
    0xfa, 0xf, 0xfe, 0x5, 0xff, 0x90, 0xff, 0xe1,
    0x5f, 0xe4, 0x3f, 0xf8, 0x97, 0xe0, 0xff, 0xe3,
    0xda, 0x1f, 0xfd, 0x90,

    /* U+003C "<" */
    0xf, 0xff, 0xf8, 0x7f, 0xff, 0xd8, 0x3f, 0xff,
    0x97, 0xc1, 0xff, 0xfa, 0xbf, 0x83, 0xff, 0xf1,
    0x7f, 0xc1, 0xff, 0xf5, 0x7f, 0xfc, 0x1f, 0xff,
    0x37, 0xff, 0xf8, 0x1, 0xff, 0xf1, 0x7f, 0xff,
    0x84, 0x1f, 0xfe, 0xfb, 0xff, 0xf8, 0x81, 0xff,
    0xed, 0xbf, 0xff, 0x8c, 0x1f, 0xfe, 0xbb, 0xff,
    0xf9, 0x1, 0xff, 0xe8, 0x7f, 0xff, 0x96, 0x1f,
    0xfe, 0x67, 0xff, 0xf9, 0xa1, 0xff, 0xe4, 0x7f,
    0xff, 0x9e, 0x1f, 0xfe, 0x2b, 0xff, 0xfa, 0x21,
    0xff, 0xe0, 0xbf, 0xff, 0xa6, 0x1f, 0xfd, 0xeb,
    0xff, 0xfa, 0xa1, 0xff, 0xdb, 0x7f, 0xff, 0xad,
    0x7, 0xff, 0x69, 0xff, 0xfe, 0xb2, 0x1f, 0xfd,
    0xa7, 0xff, 0xfa, 0xc8, 0x7f, 0xf6, 0xaf, 0xff,
    0xea, 0xc1, 0xff, 0xdb, 0xbf, 0xff, 0xab, 0x7,
    0xff, 0x6e, 0xff, 0xfe, 0xaa, 0x1f, 0xfd, 0xa6,
    0xff, 0xfe, 0xa4, 0x87, 0xff, 0x69, 0xff, 0xfe,
    0xac, 0x1f, 0xfd, 0xb7, 0xff, 0xfa, 0xa8, 0x7f,
    0xf6, 0xef, 0xff, 0xea, 0xa1, 0xff, 0xdb, 0xbf,
    0xff, 0xa9, 0x7, 0xff, 0x72, 0xff, 0xfe, 0xa4,
    0x1f, 0xfd, 0xb6, 0xff, 0xfe, 0xa2, 0x1f, 0xfd,
    0xb7, 0xff, 0xfa, 0x92, 0x1f, 0xfd, 0xb7, 0xff,
    0xfa, 0x90, 0x7f, 0xf7, 0x2f, 0xff, 0xea, 0x21,
    0xff, 0xdc, 0xbf, 0xff, 0xa7, 0x21, 0xff, 0xdc,
    0xbf, 0xff, 0xa7, 0x7, 0xff, 0x76, 0xff, 0xfe,
    0x9a, 0x1f, 0xfd, 0xff, 0xff, 0xe9, 0x21, 0xff,
    0xe1, 0xff, 0xfe, 0x7c, 0x1f, 0xfe, 0x4f, 0xff,
    0xe6, 0xc1, 0xff, 0xe6, 0xff, 0xfe, 0x5a, 0x1f,
    0xfe, 0x8f, 0xff, 0xe4, 0x48, 0x7f, 0xfa, 0xbf,
    0xff, 0x8d, 0x7, 0xff, 0xb7, 0xff, 0xf8, 0x90,
    0x7f, 0xfb, 0xff, 0xff, 0x8b, 0x7, 0xff, 0xbb,
    0xff, 0xf9, 0x8, 0x7f, 0xfa, 0xff, 0xff, 0x94,
    0x87, 0xff, 0xa7, 0xff, 0xf9, 0x90, 0x7f, 0xf9,
    0xff, 0xff, 0x9d, 0x21, 0xff, 0xe4, 0xff, 0xfe,
    0x8a, 0x1f, 0xfe, 0x2f, 0xff, 0xe9, 0xc1, 0xff,
    0xe1, 0xbf, 0xff, 0xa7, 0x7, 0xff, 0x85, 0xff,
    0xfe, 0xa2, 0x1f, 0xfe, 0x7, 0xff, 0xfa, 0x88,
    0x7f, 0xf8, 0x1f, 0xff, 0xea, 0x41, 0xff, 0xe0,
    0x6f, 0xff, 0xe9, 0xc8, 0x7f, 0xf8, 0x2f, 0xff,
    0xea, 0x21, 0xff, 0xe0, 0xbf, 0xff, 0xa9, 0x7,
    0xff, 0x81, 0xff, 0xfe, 0xa4, 0x1f, 0xfe, 0x7,
    0xff, 0xfa, 0xa8, 0x7f, 0xf7, 0xdf, 0xff, 0xea,
    0xa1, 0xff, 0xdf, 0x6f, 0xff, 0xea, 0x41, 0xff,
    0xe0, 0xbf, 0xff, 0xa9, 0x21, 0xff, 0xdf, 0xbf,
    0xff, 0xaa, 0x87, 0xff, 0x7d, 0xff, 0xfe, 0xac,
    0x1f, 0xfd, 0xf7, 0xff, 0xfa, 0xb0, 0x7f, 0xf7,
    0xdf, 0xff, 0xeb, 0x21, 0xff, 0xde, 0x6f, 0xff,
    0xea, 0xa1, 0xff, 0xdf, 0xbf, 0xff, 0xab, 0x7,
    0xff, 0x7e, 0xff, 0xfe, 0xac, 0x1f, 0xfd, 0xfb,
    0xff, 0xfa, 0x81, 0xff, 0xe1, 0x7f, 0xff, 0xa4,
    0x1f, 0xfe, 0x37, 0xff, 0xfa, 0x1, 0xff, 0xe5,
    0x6f, 0xff, 0xe6, 0x87, 0xff, 0xa2, 0xff, 0xfe,
    0x58, 0x7f, 0xfa, 0xaf, 0xff, 0xe4, 0x87, 0xff,
    0xb2, 0xff, 0xfe, 0x38, 0x7f, 0xfb, 0x9f, 0xff,
    0xe2, 0x87, 0xff, 0xc1, 0xff, 0xfe, 0x18, 0x7f,
    0xfc, 0x9b, 0xff, 0xf8, 0x1, 0xff, 0xf5, 0xbf,
    0xfc, 0x1f, 0xff, 0x7b, 0xff, 0x7, 0xff, 0xe6,
    0xff, 0x7, 0xff, 0xed, 0xfc, 0x1f, 0xff, 0xd7,
    0xc1, 0xff, 0xff, 0x0,

    /* U+003D "=" */
    0x5f, 0xff, 0xff, 0xff, 0xff, 0xff, 0xff, 0xff,
    0xff, 0xff, 0xff, 0xff, 0xff, 0xff, 0xff, 0xff,
    0xff, 0xff, 0xff, 0xff, 0xff, 0xff, 0xff, 0xff,
    0xff, 0xff, 0xff, 0xff, 0xff, 0xff, 0xff, 0xff,
    0xff, 0xff, 0xff, 0xff, 0xff, 0xff, 0xff, 0xe1,
    0xff, 0xff, 0xf, 0xff, 0xf8, 0x7f, 0xff, 0xc3,
    0xff, 0xfe, 0x1f, 0xff, 0xf0, 0xff, 0xff, 0x87,
    0xff, 0xfc, 0x3f, 0xff, 0xe1, 0xff, 0xff, 0xf,
    0xff, 0xf8, 0x7f, 0xff, 0xd7, 0xff, 0xff, 0xff,
    0xff, 0xff, 0xff, 0xff, 0xff, 0xff, 0xff, 0xff,
    0xff, 0xff, 0xff, 0xff, 0xff, 0xff, 0xff, 0xff,
    0xff, 0xff, 0xff, 0xff, 0xff, 0xff, 0xff, 0xff,
    0xff, 0xff, 0xff, 0xff, 0xff, 0xff, 0xff, 0xff,
    0xff, 0xff, 0xff, 0xf8,

    /* U+003E ">" */
    0xf, 0xff, 0xfe, 0x87, 0xff, 0xf7, 0xe4, 0x3f,
    0xff, 0x7f, 0xd0, 0x7f, 0xfe, 0x7f, 0xe8, 0x3f,
    0xfe, 0xff, 0xfd, 0x7, 0xff, 0xd7, 0xff, 0xf8,
    0x8, 0x7f, 0xfc, 0xbf, 0xff, 0x84, 0x87, 0xff,
    0xc3, 0xff, 0xf8, 0x88, 0x7f, 0xfb, 0xbf, 0xff,
    0x8d, 0x7, 0xff, 0xb3, 0xff, 0xf9, 0x10, 0x7f,
    0xfa, 0xbf, 0xff, 0x95, 0x7, 0xff, 0xa3, 0xff,
    0xf9, 0xa8, 0x7f, 0xf9, 0x7f, 0xff, 0x9e, 0x87,
    0xff, 0x8f, 0xff, 0xfa, 0x28, 0x7f, 0xf8, 0x7f,
    0xff, 0xa7, 0x7, 0xff, 0x7f, 0xff, 0xfa, 0xb0,
    0x7f, 0xf7, 0xaf, 0xff, 0xea, 0xc1, 0xff, 0xde,
    0xbf, 0xff, 0xac, 0x87, 0xff, 0x75, 0xff, 0xfe,
    0xb2, 0x1f, 0xfd, 0xd6, 0xff, 0xfe, 0xaa, 0x1f,
    0xfd, 0xeb, 0xff, 0xfa, 0xb0, 0x7f, 0xf7, 0x9f,
    0xff, 0xea, 0xc1, 0xff, 0xde, 0x7f, 0xff, 0xab,
    0x7, 0xff, 0x7e, 0xff, 0xfe, 0xaa, 0x1f, 0xfd,
    0xeb, 0xff, 0xfa, 0xa8, 0x7f, 0xf7, 0x9f, 0xff,
    0xea, 0xa1, 0xff, 0xde, 0x6f, 0xff, 0xea, 0x41,
    0xff, 0xdf, 0xbf, 0xff, 0xa9, 0x7, 0xff, 0x7d,
    0xff, 0xfe, 0xa4, 0x1f, 0xfd, 0xf7, 0xff, 0xfa,
    0xa8, 0x7f, 0xf7, 0xef, 0xff, 0xea, 0x21, 0xff,
    0xdf, 0xbf, 0xff, 0xa8, 0x87, 0xff, 0x7d, 0xff,
    0xfe, 0xa4, 0x1f, 0xfe, 0xb, 0xff, 0xfa, 0x70,
    0x7f, 0xf8, 0x2f, 0xff, 0xe9, 0xc1, 0xff, 0xe0,
    0x7f, 0xff, 0xa4, 0x1f, 0xfe, 0x26, 0xff, 0xfe,
    0x78, 0x7f, 0xf9, 0x6f, 0xff, 0xe6, 0x87, 0xff,
    0x9d, 0xff, 0xfe, 0x58, 0x7f, 0xfa, 0x5f, 0xff,
    0xe4, 0x87, 0xff, 0xb2, 0xff, 0xfe, 0x30, 0x7f,
    0xfb, 0xaf, 0xff, 0xe2, 0x7, 0xff, 0xb1, 0xbf,
    0xff, 0x8a, 0x1f, 0xfe, 0xa7, 0xff, 0xf9, 0x1,
    0xff, 0xe8, 0xbf, 0xff, 0x94, 0x1f, 0xfe, 0x6b,
    0xff, 0xf9, 0x81, 0xff, 0xe3, 0x7f, 0xff, 0x9e,
    0x1f, 0xfe, 0x17, 0xff, 0xfa, 0x21, 0xff, 0xdf,
    0xbf, 0xff, 0xa6, 0x1f, 0xfd, 0xc6, 0xff, 0xfe,
    0x9c, 0x1f, 0xfd, 0xb7, 0xff, 0xfa, 0x88, 0x7f,
    0xf6, 0xef, 0xff, 0xea, 0x21, 0xff, 0xdb, 0xbf,
    0xff, 0xa7, 0x21, 0xff, 0xda, 0x7f, 0xff, 0xa9,
    0x7, 0xff, 0x6d, 0xff, 0xfe, 0xa4, 0x1f, 0xfd,
    0xbb, 0xff, 0xfa, 0x90, 0x7f, 0xf6, 0x9b, 0xff,
    0xfa, 0x88, 0x7f, 0xf6, 0x9f, 0xff, 0xea, 0xa1,
    0xff, 0xda, 0xbf, 0xff, 0xa9, 0x21, 0xff, 0xda,
    0xbf, 0xff, 0xa9, 0x7, 0xff, 0x69, 0xff, 0xfe,
    0xac, 0x1f, 0xfd, 0xa7, 0xff, 0xfa, 0xb0, 0x7f,
    0xf6, 0xaf, 0xff, 0xea, 0xa1, 0xff, 0xd9, 0x6f,
    0xff, 0xea, 0xa1, 0xff, 0xd9, 0x7f, 0xff, 0xab,
    0x21, 0xff, 0xd9, 0x7f, 0xff, 0xab, 0x7, 0xff,
    0x6a, 0xff, 0xfe, 0xac, 0x1f, 0xfd, 0xab, 0xff,
    0xfa, 0xb0, 0x7f, 0xf7, 0x3f, 0xff, 0xa8, 0x87,
    0xff, 0x7b, 0xff, 0xfa, 0x48, 0x7f, 0xf8, 0x3f,
    0xff, 0x9f, 0x21, 0xff, 0xe2, 0xff, 0xfe, 0x6c,
    0x1f, 0xfe, 0x5f, 0xff, 0xe5, 0xc1, 0xff, 0xe7,
    0xff, 0xfe, 0x4c, 0x1f, 0xfe, 0x9f, 0xff, 0xe3,
    0xa1, 0xff, 0xeb, 0xff, 0xfe, 0x2a, 0x1f, 0xfe,
    0xdf, 0xff, 0xe1, 0x48, 0x7f, 0xfb, 0xff, 0xff,
    0x81, 0x7, 0xff, 0xcb, 0xff, 0xd0, 0x7f, 0xfd,
    0x3f, 0xf4, 0x1f, 0xff, 0x6f, 0xf2, 0x1f, 0xff,
    0x8f, 0xc8, 0x7f, 0xfe, 0xbc, 0x87, 0xff, 0xfc,
    0x3f, 0xff, 0x80,

    /* U+003F "?" */
    0xf, 0xfe, 0x83, 0x5b, 0xea, 0x94, 0x1f, 0xfe,
    0x26, 0xff, 0xfe, 0x34, 0x87, 0xff, 0x6d, 0xbf,
    0xff, 0x9a, 0x87, 0xff, 0x59, 0xff, 0xfe, 0x92,
    0x1f, 0xfd, 0x27, 0xff, 0xfa, 0xc8, 0x7f, 0xf3,
    0x9f, 0xff, 0xec, 0xc1, 0xff, 0xcc, 0xbf, 0xff,
    0xb8, 0x1f, 0xfc, 0x97, 0xff, 0xfb, 0xe8, 0x7f,
    0xf1, 0x9f, 0xff, 0xf0, 0xa1, 0xff, 0xc4, 0xbf,
    0xff, 0xc6, 0x87, 0xff, 0xa, 0xff, 0xff, 0x28,
    0x7f, 0xf0, 0x6f, 0xff, 0xf3, 0x87, 0xfd, 0x7f,
    0xff, 0xa2, 0xf, 0xe7, 0xff, 0xfd, 0x41, 0xfd,
    0xff, 0xfe, 0xb8, 0x3e, 0xff, 0xff, 0x68, 0x7a,
    0xff, 0xfe, 0x64, 0xa0, 0xe6, 0xff, 0xfe, 0x5c,
    0x1d, 0xff, 0xfc, 0xb4, 0x3f, 0xf8, 0xf, 0xff,
    0xf2, 0x83, 0x7f, 0xff, 0x2a, 0xf, 0xfe, 0x27,
    0xff, 0xf2, 0x50, 0xbf, 0xff, 0x92, 0x87, 0xff,
    0x1b, 0xff, 0xf9, 0x10, 0x2f, 0xff, 0xe4, 0x7,
    0xff, 0x21, 0xff, 0xfe, 0x3c, 0xf, 0xff, 0xe4,
    0x7, 0xff, 0x2a, 0xff, 0xfe, 0x38, 0xff, 0xff,
    0x1c, 0x3f, 0xf9, 0x9f, 0xff, 0xc7, 0x2f, 0xff,
    0xe3, 0x21, 0xff, 0xcc, 0xff, 0xfe, 0x38, 0xdf,
    0xff, 0xc4, 0x83, 0xff, 0x9b, 0x7f, 0xff, 0x18,
    0x33, 0x7f, 0xff, 0x4, 0x3f, 0xf9, 0xcf, 0xff,
    0xf1, 0x90, 0xf3, 0x7f, 0xf2, 0x1f, 0xfc, 0xff,
    0xff, 0xe3, 0x21, 0xfc, 0xdf, 0xe0, 0xff, 0xe8,
    0x7f, 0xff, 0x19, 0xf, 0xfe, 0x3, 0x79, 0xf,
    0xfe, 0x87, 0xff, 0xf1, 0x83, 0xff, 0x88, 0x87,
    0xff, 0x47, 0xff, 0xf8, 0xc1, 0xff, 0xe1, 0x7f,
    0xff, 0x8c, 0x1f, 0xfe, 0x1b, 0xff, 0xf8, 0xc1,
    0xff, 0xe1, 0xff, 0xfe, 0x34, 0x1f, 0xfe, 0x1f,
    0xff, 0xe3, 0x21, 0xff, 0xe0, 0xbf, 0xff, 0x8c,
    0x1f, 0xfe, 0x1f, 0xff, 0xe3, 0x41, 0xff, 0xe0,
    0xbf, 0xff, 0x8c, 0x87, 0xff, 0x7d, 0xff, 0xfe,
    0x38, 0x7f, 0xf8, 0x3f, 0xff, 0x8e, 0x87, 0xff,
    0x7f, 0xff, 0xf9, 0x1, 0xff, 0xdf, 0xbf, 0xff,
    0x8e, 0x1f, 0xfd, 0xf7, 0xff, 0xf8, 0xf0, 0x7f,
    0xf7, 0x9f, 0xff, 0xe4, 0x7, 0xff, 0x79, 0xff,
    0xfe, 0x40, 0x7f, 0xf7, 0x9f, 0xff, 0xe4, 0x21,
    0xff, 0xdd, 0x7f, 0xff, 0x90, 0x87, 0xff, 0x75,
    0xff, 0xfe, 0x42, 0x1f, 0xfd, 0xd7, 0xff, 0xf9,
    0x10, 0x7f, 0xf7, 0xbf, 0xff, 0x91, 0x7, 0xff,
    0x7b, 0xff, 0xf9, 0x10, 0x7f, 0xf7, 0xbf, 0xff,
    0x91, 0x7, 0xff, 0x7b, 0xff, 0xf9, 0x8, 0x7f,
    0xf7, 0xaf, 0xff, 0xe3, 0xa1, 0xff, 0xde, 0x7f,
    0xff, 0x8e, 0x87, 0xff, 0x7f, 0xff, 0xf8, 0xe8,
    0x7f, 0xf7, 0xdf, 0xff, 0xe3, 0x21, 0xff, 0xe0,
    0xff, 0xfe, 0x32, 0x1f, 0xfe, 0x7, 0xff, 0xf8,
    0xb0, 0x7f, 0xf8, 0x6f, 0xff, 0xe2, 0x41, 0xff,
    0xe2, 0xff, 0xfe, 0x28, 0x7f, 0xf8, 0xff, 0xff,
    0x88, 0x87, 0xff, 0x8f, 0xff, 0xf8, 0x70, 0x7f,
    0xf8, 0xdf, 0xff, 0xe1, 0xa1, 0xff, 0xe3, 0x7f,
    0xff, 0x86, 0x1f, 0xfe, 0x47, 0xff, 0xf8, 0x61,
    0xff, 0xe4, 0x7f, 0xff, 0x86, 0x1f, 0xfe, 0x47,
    0xff, 0xf8, 0x50, 0x7f, 0xf9, 0x1f, 0xff, 0xe1,
    0x41, 0xff, 0xe4, 0x7f, 0xff, 0x85, 0x7, 0xff,
    0x91, 0xff, 0xfe, 0x14, 0x1f, 0xfe, 0x47, 0xff,
    0xf8, 0x50, 0x7f, 0xf9, 0x1f, 0xff, 0xe1, 0x41,
    0xff, 0xe4, 0x7f, 0xff, 0x85, 0x7, 0xff, 0x96,
    0xbf, 0xf8, 0x48, 0x7f, 0xff, 0xc3, 0xff, 0xfe,
    0x1f, 0xff, 0xf0, 0xff, 0xff, 0x87, 0xff, 0xfc,
    0x3f, 0xff, 0xe1, 0xff, 0xff, 0xf, 0xff, 0xf8,
    0x7f, 0xff, 0xc3, 0xff, 0x8c, 0xd6, 0x43, 0xff,
    0xd6, 0xff, 0xf9, 0xf, 0xff, 0x3f, 0xff, 0xf0,
    0x60, 0xff, 0xf2, 0xff, 0xff, 0x10, 0x3f, 0xfc,
    0x7f, 0xff, 0xc6, 0xf, 0xff, 0xb, 0xff, 0xfc,
    0x64, 0x3f, 0xfc, 0x1f, 0xff, 0xc8, 0xf, 0xfe,
    0xfb, 0xff, 0xfc, 0x84, 0x3f, 0xfb, 0xd7, 0xff,
    0xf2, 0x20, 0xff, 0xef, 0x7f, 0xff, 0x28, 0x3f,
    0xfb, 0xdf, 0xff, 0xca, 0xf, 0xfe, 0xf7, 0xff,
    0xf2, 0x83, 0xff, 0xbd, 0xff, 0xfc, 0xa0, 0xff,
    0xef, 0x5f, 0xff, 0xc8, 0x83, 0xff, 0xbc, 0xff,
    0xff, 0x21, 0xf, 0xfe, 0xff, 0xff, 0xf2, 0x3,
    0xff, 0xc1, 0x7f, 0xff, 0x1a, 0xf, 0xff, 0xf,
    0xff, 0xf1, 0x83, 0xff, 0xc7, 0xff, 0xfc, 0x40,
    0xff, 0xf2, 0xff, 0xff, 0x8, 0x3f, 0xfc, 0xf7,
    0xff, 0xa0, 0xff, 0xf5, 0x37, 0xe9, 0xf, 0xfe,
    0x80,

    /* U+0040 "@" */
    0xf, 0xff, 0xa, 0xaa, 0xff, 0xf5, 0x4a, 0xf,
    0xff, 0xf8, 0x7c, 0xd3, 0xff, 0xf9, 0x92, 0x1f,
    0xff, 0xf7, 0xff, 0xfa, 0xb2, 0x1f, 0xff, 0x87,
    0xff, 0xfb, 0x72, 0x1f, 0xff, 0x3b, 0xff, 0xfc,
    0x10, 0x7f, 0xfb, 0x9f, 0xff, 0xf2, 0xc1, 0xff,
    0xea, 0x7f, 0xff, 0xd3, 0x7, 0xff, 0x9e, 0xff,
    0xff, 0x62, 0x1f, 0xfe, 0x37, 0xff, 0xfe, 0x1,
    0xff, 0xe1, 0xff, 0xff, 0x9c, 0x1f, 0xfd, 0xd7,
    0xff, 0xfe, 0xc1, 0xff, 0xdb, 0xbf, 0xff, 0xf0,
    0x87, 0xff, 0x63, 0xff, 0xff, 0x68, 0x7f, 0xf5,
    0xbf, 0xff, 0xa1, 0x28, 0x3f, 0xf8, 0xa, 0xbf,
    0xff, 0x9f, 0x7, 0xff, 0x53, 0xff, 0xf9, 0xb2,
    0x1f, 0xfc, 0xb7, 0xff, 0xf9, 0x90, 0x7f, 0xf4,
    0x5f, 0xff, 0xe5, 0xc8, 0x7f, 0xf4, 0x5f, 0xff,
    0xe5, 0x41, 0xff, 0xd0, 0xff, 0xfe, 0x52, 0x1f,
    0xfd, 0x7b, 0xff, 0xf9, 0x10, 0x7f, 0xf3, 0xbf,
    0xff, 0x92, 0x87, 0xff, 0x6e, 0xff, 0xfe, 0x3a,
    0x1f, 0xfc, 0xcf, 0xff, 0xe4, 0x41, 0xff, 0xdf,
    0xbf, 0xff, 0x8c, 0x87, 0xff, 0x2a, 0xff, 0xfe,
    0x38, 0x7f, 0xf8, 0x9f, 0xff, 0xe3, 0x7, 0xff,
    0x26, 0xff, 0xfe, 0x34, 0x1f, 0xfe, 0x5f, 0xff,
    0xe3, 0x7, 0xff, 0x1d, 0xff, 0xfe, 0x32, 0x1f,
    0xfe, 0x7b, 0xff, 0xf8, 0x90, 0x7f, 0xf1, 0xbf,
    0xff, 0x8c, 0x1f, 0xfc, 0x95, 0x51, 0x41, 0xff,
    0xcf, 0x7f, 0xff, 0x88, 0x1f, 0xfc, 0x5b, 0xff,
    0xf8, 0xa1, 0xff, 0xc6, 0xbf, 0xff, 0x80, 0x87,
    0xf2, 0xff, 0xf0, 0x2, 0x7f, 0xff, 0x88, 0x1f,
    0xfc, 0x37, 0xff, 0xf8, 0xa1, 0xff, 0xc4, 0x6f,
    0xff, 0xe2, 0x41, 0xe7, 0xff, 0xf8, 0x1, 0xaf,
    0xff, 0xe1, 0xa1, 0xff, 0xc2, 0xff, 0xfe, 0x28,
    0x7f, 0xf1, 0x2f, 0xff, 0xe4, 0x21, 0x9f, 0xff,
    0xe0, 0x7, 0x5f, 0xff, 0xc3, 0xf, 0xfe, 0xb,
    0xff, 0xfc, 0x44, 0x3f, 0xf8, 0x4f, 0xff, 0xf2,
    0xe0, 0x9f, 0xff, 0xe0, 0x7, 0xbf, 0xff, 0x87,
    0x7, 0xff, 0x3, 0xff, 0xf8, 0x88, 0x7f, 0xf0,
    0xaf, 0xff, 0xe7, 0x1, 0xff, 0xfe, 0x0, 0x7d,
    0xff, 0xfc, 0x30, 0xff, 0xaf, 0xff, 0xe1, 0xc1,
    0xff, 0xc2, 0xff, 0xfe, 0x88, 0xff, 0xff, 0x0,
    0x3e, 0x7f, 0xff, 0x85, 0x7, 0xfb, 0xff, 0xf8,
    0x81, 0xff, 0xc2, 0xff, 0xfe, 0x94, 0xff, 0xff,
    0x0, 0x3f, 0x7f, 0xff, 0xc, 0x3f, 0x9f, 0xff,
    0xe1, 0xa1, 0xff, 0xc1, 0xff, 0xff, 0x8, 0x7f,
    0x7f, 0xff, 0x9, 0xf, 0xdf, 0xff, 0xc4, 0xf,
    0xfe, 0xd, 0xff, 0xfe, 0x10, 0xfe, 0xbf, 0xff,
    0x84, 0x1f, 0x3f, 0xff, 0xc3, 0xf, 0xfe, 0xd,
    0xff, 0xfe, 0x20, 0xff, 0x7f, 0xff, 0x8, 0x3e,
    0xbf, 0xff, 0x85, 0x7, 0xff, 0x7, 0xff, 0xfc,
    0x61, 0xfe, 0xff, 0xfe, 0x12, 0x1e, 0xff, 0xfe,
    0x18, 0x7f, 0xf0, 0x7f, 0xff, 0xc8, 0x1f, 0xe7,
    0xff, 0xf8, 0x41, 0xcf, 0xff, 0xf0, 0xc3, 0xff,
    0x80, 0xff, 0xff, 0x90, 0x3f, 0xef, 0xff, 0xe1,
    0x7, 0x5f, 0xff, 0xc2, 0x43, 0xff, 0x81, 0xff,
    0xfe, 0x50, 0xff, 0xaf, 0xff, 0xe0, 0xa1, 0xbf,
    0xff, 0x86, 0x1f, 0xfc, 0xb, 0xff, 0xf8, 0xf2,
    0x19, 0xbf, 0xff, 0x94, 0x1f, 0xf3, 0xff, 0xfc,
    0x18, 0x27, 0xff, 0xf8, 0x50, 0x7f, 0xf0, 0x3f,
    0xff, 0x8c, 0x87, 0xfa, 0xff, 0xfe, 0x40, 0x7f,
    0xf0, 0x3f, 0xff, 0x84, 0x15, 0xff, 0xfc, 0x24,
    0x3f, 0xe7, 0xff, 0xf8, 0xa1, 0xff, 0xc1, 0x7f,
    0xff, 0x8e, 0x1f, 0xfc, 0xf, 0xff, 0xe1, 0x5,
    0xff, 0xfc, 0x30, 0xff, 0xe0, 0x7f, 0xff, 0x14,
    0x3f, 0xf8, 0x6f, 0xff, 0xf1, 0x83, 0xff, 0x81,
    0x7f, 0xff, 0x4, 0x2f, 0xff, 0xe1, 0x41, 0xff,
    0x3f, 0xff, 0xc4, 0x43, 0xff, 0x89, 0x7f, 0xff,
    0x14, 0x3f, 0xf8, 0xf, 0xff, 0xf0, 0x50, 0x7f,
    0xff, 0x9, 0xf, 0xfa, 0xff, 0xfe, 0x20, 0x7f,
    0xf1, 0xbf, 0xff, 0x8a, 0x1f, 0xfc, 0x1f, 0xff,
    0xe0, 0xa3, 0xff, 0xfc, 0x20, 0xff, 0xe0, 0x7f,
    0xff, 0x11, 0xf, 0xfe, 0x35, 0xff, 0xfc, 0x40,
    0xff, 0xe0, 0xff, 0xff, 0x6, 0x2f, 0xff, 0xe1,
    0x7, 0xff, 0x3, 0xff, 0xf8, 0x81, 0xff, 0xc8,
    0xff, 0xfe, 0x20, 0x7f, 0xf0, 0x7f, 0xff, 0x83,
    0x17, 0xff, 0xf0, 0x83, 0xfe, 0x7f, 0xff, 0x86,
    0x87, 0xff, 0x23, 0xff, 0xf8, 0x81, 0xff, 0xc1,
    0xff, 0xfe, 0x11, 0xff, 0xfc, 0x28, 0x3f, 0xeb,
    0xff, 0xf8, 0x61, 0xff, 0xc9, 0x7f, 0xff, 0x86,
    0x1f, 0xfc, 0x1b, 0xff, 0xf8, 0x27, 0xff, 0xf0,
    0xa0, 0xff, 0xbf, 0xff, 0x88, 0x1f, 0xfc, 0xaf,
    0xff, 0xe1, 0x87, 0xff, 0x6, 0xff, 0xfe, 0x9,
    0xff, 0xfc, 0x24, 0x3f, 0xef, 0xff, 0xe1, 0xc1,
    0xff, 0xca, 0xff, 0xfe, 0x18, 0x7f, 0xf0, 0x6f,
    0xff, 0xe0, 0x9f, 0xff, 0xc2, 0x43, 0xfe, 0xff,
    0xfe, 0x1a, 0x1f, 0xfc, 0xaf, 0xff, 0xe1, 0x87,
    0xff, 0x6, 0xff, 0xfe, 0x9, 0xff, 0xfc, 0x24,
    0x3f, 0xef, 0xff, 0xe1, 0xa1, 0xff, 0xca, 0xff,
    0xfe, 0x18, 0x7f, 0xf0, 0x6f, 0xff, 0xe0, 0x9f,
    0xff, 0xc2, 0x43, 0xfc, 0xff, 0xff, 0xc, 0x3f,
    0xf9, 0x77, 0xff, 0xf0, 0x83, 0xff, 0x83, 0x7f,
    0xff, 0x4, 0xff, 0xfe, 0x10, 0x7f, 0xcf, 0xff,
    0xf0, 0xc3, 0xff, 0x97, 0x7f, 0xff, 0x8, 0x3f,
    0xf8, 0x37, 0xff, 0xf0, 0x4f, 0xff, 0xe1, 0x7,
    0xfc, 0xff, 0xff, 0xc, 0x3f, 0xf9, 0x77, 0xff,
    0xf0, 0x83, 0xff, 0x83, 0x7f, 0xff, 0x4, 0xff,
    0xfe, 0x10, 0x7f, 0xcf, 0xff, 0xf0, 0xc3, 0xff,
    0x97, 0x7f, 0xff, 0x8, 0x3f, 0xf8, 0x37, 0xff,
    0xf0, 0x23, 0xff, 0xf8, 0x48, 0x7f, 0x9f, 0xff,
    0xe1, 0x87, 0xff, 0x2e, 0xff, 0xfe, 0x10, 0x7f,
    0xf0, 0x6f, 0xff, 0xe0, 0x47, 0xff, 0xf0, 0x90,
    0xff, 0x3f, 0xff, 0xc3, 0xf, 0xfe, 0x5d, 0xff,
    0xfc, 0x20, 0xff, 0xe0, 0xdf, 0xff, 0xc0, 0x8f,
    0xff, 0xe1, 0x21, 0xfe, 0x7f, 0xff, 0x86, 0x1f,
    0xfc, 0xbb, 0xff, 0xf8, 0x41, 0xff, 0xc1, 0xff,
    0xfe, 0xa, 0x7f, 0xff, 0x9, 0xf, 0xf3, 0xff,
    0xfc, 0x34, 0x3f, 0xf9, 0x5f, 0xff, 0xc3, 0xf,
    0xfe, 0xf, 0xff, 0xf0, 0x53, 0xff, 0xf8, 0x50,
    0x7f, 0xdf, 0xff, 0xc3, 0x43, 0xff, 0x95, 0xff,
    0xfc, 0x30, 0xff, 0xe0, 0xff, 0xff, 0x5, 0x3f,
    0xff, 0x85, 0x7, 0xfd, 0xff, 0xfc, 0x38, 0x3f,
    0xf9, 0x5f, 0xff, 0xc3, 0xf, 0xfe, 0xf, 0xff,
    0xf0, 0x41, 0x7f, 0xff, 0x8, 0x3f, 0xef, 0xff,
    0xe2, 0x7, 0xff, 0x25, 0xff, 0xfe, 0x18, 0x7f,
    0xf0, 0x1f, 0xff, 0xe0, 0x82, 0xff, 0xfe, 0x10,
    0x7f, 0xd7, 0xff, 0xf0, 0xc3, 0xff, 0x93, 0x7f,
    0xff, 0xc, 0x3f, 0xf8, 0xf, 0xff, 0xf0, 0x40,
    0xff, 0xff, 0x8, 0x3f, 0xeb, 0xff, 0xf8, 0x68,
    0x7f, 0xf2, 0x3f, 0xff, 0x88, 0x1f, 0xfc, 0xb,
    0xff, 0xf8, 0x10, 0x5f, 0xff, 0xc2, 0x43, 0xfc,
    0xff, 0xff, 0x10, 0x3f, 0xf8, 0xef, 0xff, 0xf1,
    0x3, 0xff, 0x81, 0xff, 0xfc, 0x14, 0x2f, 0xff,
    0xe1, 0x41, 0xff, 0x7f, 0xff, 0x11, 0xf, 0xfe,
    0x37, 0xff, 0xf1, 0x43, 0xff, 0x81, 0xff, 0xfc,
    0x10, 0xdf, 0xff, 0xc3, 0xf, 0xfa, 0xff, 0xfe,
    0x20, 0x7f, 0xf1, 0x5f, 0xff, 0xe2, 0x87, 0xfd,
    0x7f, 0xff, 0x4, 0x35, 0xff, 0xfc, 0x24, 0x3f,
    0xcf, 0xff, 0xf1, 0x20, 0xff, 0xe2, 0x7f, 0xff,
    0x19, 0xf, 0xf7, 0xff, 0xf0, 0x60, 0xcf, 0xff,
    0xf0, 0xa0, 0xff, 0xbf, 0xff, 0x8a, 0x87, 0xff,
    0xb, 0xff, 0xf8, 0xf0, 0x7f, 0x3f, 0xff, 0xc1,
    0xf, 0x7f, 0xff, 0xc, 0x3f, 0xeb, 0xff, 0xf8,
    0xa8, 0x7f, 0xf0, 0x3f, 0xff, 0x92, 0x1f, 0xdf,
    0xff, 0xc2, 0xf, 0x5f, 0xff, 0xc2, 0x43, 0xfe,
    0xff, 0xfe, 0x3a, 0x1f, 0xaf, 0xff, 0xe5, 0x21,
    0xf5, 0xff, 0xfc, 0x14, 0x3c, 0xff, 0xff, 0xc,
    0x3f, 0xeb, 0xff, 0xf9, 0x35, 0xbf, 0xff, 0x9c,
    0x87, 0x5f, 0xff, 0xc2, 0xf, 0xdf, 0xff, 0xc3,
    0x43, 0xfe, 0xff, 0xff, 0x4c, 0xdf, 0xff, 0xc3,
    0x83, 0xf5, 0xff, 0xfc, 0x30, 0xff, 0xaf, 0xff,
    0xfd, 0x7, 0xf3, 0xff, 0xfc, 0x34, 0x3f, 0xef,
    0xff, 0xfc, 0xc1, 0xfe, 0xff, 0xfe, 0x20, 0x7f,
    0xcf, 0xff, 0xfe, 0x3, 0xfe, 0x7f, 0xff, 0x87,
    0x7, 0xfd, 0x7f, 0xff, 0x5c, 0x7f, 0xff, 0xa2,
    0x87, 0xff, 0x3, 0xff, 0xf8, 0x81, 0xff, 0xc0,
    0xbf, 0xff, 0xab, 0x3, 0xff, 0xfa, 0x10, 0x7f,
    0xf0, 0x5f, 0xff, 0xe2, 0x7, 0xff, 0x3, 0xff,
    0xfa, 0xa1, 0x5f, 0xff, 0xcf, 0xf, 0xfe, 0x1f,
    0xff, 0xf1, 0x20, 0xff, 0xe0, 0x7f, 0xff, 0x4c,
    0x3b, 0xff, 0xf9, 0xc1, 0xff, 0xc4, 0x7f, 0xff,
    0x88, 0x87, 0xff, 0x2, 0xff, 0xfe, 0x80, 0x79,
    0xff, 0xfe, 0x60, 0x7f, 0xf1, 0xbf, 0xff, 0x8a,
    0x87, 0xff, 0x2, 0xff, 0xfe, 0x6c, 0x1f, 0xaf,
    0xff, 0xe5, 0x7, 0xff, 0x23, 0xff, 0xf8, 0xa8,
    0x7f, 0xf0, 0x7f, 0xff, 0x96, 0x87, 0xfa, 0xff,
    0xfe, 0x3a, 0x1f, 0xfc, 0x9b, 0xff, 0xf8, 0xa8,
    0x7f, 0xf0, 0x5f, 0xff, 0xe3, 0xc1, 0xff, 0xc1,
    0x7f, 0xff, 0x89, 0x7, 0xff, 0x33, 0xff, 0xf8,
    0xc8, 0x7f, 0xf0, 0x9b, 0xff, 0xf8, 0x50, 0x7f,
    0xf1, 0x6f, 0xff, 0xe0, 0x41, 0xff, 0xcf, 0xff,
    0xfe, 0x34, 0x1f, 0xfc, 0x46, 0x9f, 0xe9, 0x41,
    0xff, 0xc9, 0x6f, 0xe9, 0x41, 0xff, 0xd1, 0x7f,
    0xff, 0x8e, 0x1f, 0xff, 0xf0, 0xff, 0xe0, 0xdf,
    0xff, 0xc7, 0x43, 0xff, 0xfe, 0x1f, 0xfc, 0xf,
    0xff, 0xe4, 0x87, 0xff, 0x7a, 0xe0, 0xff, 0xef,
    0x7f, 0xff, 0x26, 0xf, 0xfe, 0xd3, 0xf8, 0x3f,
    0xfb, 0xff, 0xff, 0xca, 0x83, 0xff, 0xac, 0xff,
    0xa0, 0xff, 0xef, 0xff, 0xff, 0x31, 0xf, 0xfe,
    0x8d, 0xff, 0xc8, 0x7f, 0xf7, 0xff, 0xff, 0x9c,
    0x87, 0xff, 0x29, 0xbf, 0xff, 0x82, 0x1f, 0xfe,
    0xf, 0xff, 0xe8, 0xca, 0xf, 0xf9, 0x57, 0xff,
    0xf1, 0x50, 0xff, 0xf0, 0x5f, 0xff, 0xf2, 0xf,
    0xff, 0xd, 0xff, 0xff, 0x18, 0x3f, 0xfc, 0x2f,
    0xff, 0xfc, 0x43, 0xff, 0xc7, 0x7f, 0xff, 0xbe,
    0xf, 0xff, 0x1b, 0xff, 0xfe, 0xf0, 0xff, 0xf2,
    0xdf, 0xff, 0xec, 0x43, 0xff, 0xcf, 0x7f, 0xff,
    0xa1, 0xf, 0xff, 0x5d, 0xff, 0xfe, 0x48, 0x3f,
    0xfd, 0xf7, 0xff, 0xf8, 0x10, 0xff, 0xf9, 0xb7,
    0xff, 0xf6, 0xa4, 0x3f, 0xff, 0xd, 0xff, 0xfd,
    0x49, 0xf, 0xff, 0xfb, 0x7f, 0xff, 0x32, 0x43,
    0xff, 0xfe, 0x1f, 0xcd, 0x5f, 0xff, 0x51, 0x41,
    0xff, 0xde,

    /* U+0041 "A" */
    0xf, 0xfe, 0xe3, 0x5f, 0xfc, 0x54, 0x3f, 0xff,
    0xe1, 0xef, 0xff, 0xe3, 0xa1, 0xff, 0xff, 0xc,
    0xff, 0xff, 0x1e, 0xf, 0xff, 0xf8, 0x6b, 0xff,
    0xf9, 0x1, 0xff, 0xff, 0xd, 0xff, 0xfc, 0x98,
    0x3f, 0xff, 0xe0, 0xbf, 0xff, 0x94, 0x1f, 0xff,
    0xf0, 0x7f, 0xff, 0x2d, 0xf, 0xff, 0xfb, 0xff,
    0xfc, 0xb8, 0x3f, 0xff, 0xf7, 0xff, 0xf3, 0x3,
    0xff, 0xff, 0xff, 0xfc, 0xd4, 0x3f, 0xff, 0xaf,
    0xff, 0xf3, 0x83, 0xff, 0xfb, 0xff, 0xfc, 0xf0,
    0xff, 0xfe, 0xff, 0xff, 0x3e, 0xf, 0xff, 0xdd,
    0xff, 0xfd, 0x0, 0xff, 0xfd, 0xff, 0xff, 0x45,
    0xf, 0xff, 0xcb, 0xff, 0xfd, 0x20, 0xff, 0xfc,
    0xff, 0xff, 0x4c, 0x3f, 0xff, 0x3f, 0xff, 0xd3,
    0x83, 0xff, 0xef, 0x7f, 0xff, 0xe, 0xff, 0xfe,
    0x20, 0x7f, 0xfd, 0xff, 0xff, 0x87, 0x1f, 0xff,
    0xc4, 0x43, 0xff, 0xea, 0xff, 0xff, 0xd, 0x3f,
    0xff, 0x8a, 0x1f, 0xff, 0x5f, 0xff, 0xe2, 0x1,
    0xff, 0xfe, 0x20, 0x7f, 0xfd, 0x7f, 0xff, 0x87,
    0x5, 0xff, 0xfc, 0x48, 0x3f, 0xfe, 0x77, 0xff,
    0xf0, 0xd0, 0xaf, 0xff, 0xe2, 0x7, 0xff, 0xcf,
    0xff, 0xf8, 0x81, 0x9f, 0xff, 0xe2, 0x21, 0xff,
    0xf1, 0x7f, 0xff, 0x87, 0x7, 0x7f, 0xff, 0x12,
    0xf, 0xff, 0x8d, 0xff, 0xfc, 0x30, 0xf5, 0xff,
    0xfc, 0x40, 0xff, 0xf8, 0xff, 0xff, 0x10, 0x3e,
    0xff, 0xfe, 0x24, 0x1f, 0xfe, 0xfb, 0xff, 0xf8,
    0x68, 0x7d, 0xff, 0xfc, 0x50, 0xff, 0xf7, 0xff,
    0xff, 0x10, 0x3f, 0x3f, 0xff, 0xc4, 0x43, 0xff,
    0xda, 0xff, 0xff, 0xe, 0xf, 0xef, 0xff, 0xe2,
    0x41, 0xff, 0xed, 0xbf, 0xff, 0x86, 0x87, 0xf5,
    0xff, 0xfc, 0x40, 0xff, 0xf6, 0xff, 0xff, 0x10,
    0x3f, 0xcf, 0xff, 0xf1, 0x10, 0xff, 0xf5, 0xbf,
    0xff, 0xc3, 0x83, 0xfe, 0xff, 0xfe, 0x28, 0x7f,
    0xfa, 0xff, 0xff, 0x88, 0x1f, 0xfc, 0xb, 0xff,
    0xf8, 0x81, 0xff, 0xeb, 0xff, 0xfe, 0x20, 0x7f,
    0xf0, 0x7f, 0xff, 0x89, 0x7, 0xff, 0xa6, 0xff,
    0xfe, 0x1a, 0x1f, 0xfc, 0x1f, 0xff, 0xe2, 0x87,
    0xff, 0xa7, 0xff, 0xf8, 0x81, 0xff, 0xc2, 0x7f,
    0xff, 0x88, 0x87, 0xff, 0x9d, 0xff, 0xfe, 0x1c,
    0x1f, 0xfc, 0x3f, 0xff, 0xe2, 0x87, 0xff, 0x9f,
    0xff, 0xf8, 0x88, 0x7f, 0xf0, 0xef, 0xff, 0xe2,
    0x7, 0xff, 0x9f, 0xff, 0xf8, 0x81, 0xff, 0xc4,
    0x7f, 0xff, 0x89, 0x7, 0xff, 0x96, 0xff, 0xfe,
    0x1c, 0x1f, 0xfc, 0x5f, 0xff, 0xe2, 0x87, 0xff,
    0x97, 0xff, 0xf8, 0x81, 0xff, 0xc6, 0xbf, 0xff,
    0x88, 0x87, 0xff, 0x8d, 0xff, 0xfe, 0x20, 0x7f,
    0xf1, 0xff, 0xff, 0x8a, 0x1f, 0xfe, 0x3f, 0xff,
    0xe2, 0x41, 0xff, 0xc7, 0xff, 0xfe, 0x28, 0x7f,
    0xf8, 0xff, 0xff, 0x88, 0x1f, 0xfc, 0x87, 0xff,
    0xf8, 0x90, 0x7f, 0xf8, 0x6f, 0xff, 0xe2, 0x7,
    0xff, 0x27, 0xff, 0xf8, 0xa1, 0xff, 0xe1, 0xff,
    0xfe, 0x22, 0x1f, 0xfc, 0x9b, 0xff, 0xf8, 0x88,
    0x7f, 0xf7, 0xdf, 0xff, 0xe2, 0x7, 0xff, 0x29,
    0xff, 0xfe, 0x24, 0x1f, 0xfd, 0xfb, 0xff, 0xf8,
    0x70, 0x7f, 0xf2, 0xff, 0xff, 0x8a, 0x1f, 0xfd,
    0xff, 0xff, 0xe2, 0x21, 0xff, 0xcb, 0xbf, 0xff,
    0x89, 0x7, 0xff, 0x76, 0xff, 0xfe, 0x20, 0x7f,
    0xf3, 0x1f, 0xff, 0xe2, 0x87, 0xff, 0x77, 0xff,
    0xf8, 0x90, 0x7f, 0xf3, 0x7f, 0xff, 0x8a, 0x87,
    0xff, 0x6d, 0xff, 0xfe, 0x20, 0x7f, 0xf3, 0xaf,
    0xff, 0xe2, 0x41, 0xff, 0xdb, 0xbf, 0xff, 0x88,
    0x1f, 0xfc, 0xff, 0xff, 0xe2, 0x87, 0xff, 0x6f,
    0xff, 0xf8, 0x88, 0x7f, 0xf3, 0xff, 0xff, 0x8a,
    0x87, 0xff, 0x65, 0xff, 0xfe, 0x20, 0x7f, 0xf4,
    0x1f, 0xff, 0xe2, 0x87, 0xff, 0x67, 0xff, 0xf8,
    0x90, 0x7f, 0xf4, 0x7f, 0xff, 0x8a, 0x87, 0xff,
    0x5d, 0xff, 0xfe, 0x22, 0x1f, 0xfd, 0x1b, 0xff,
    0xf8, 0x90, 0x7f, 0xf5, 0xef, 0xff, 0xe2, 0x7,
    0xff, 0x49, 0xff, 0xfe, 0x28, 0x7f, 0xf5, 0xff,
    0xff, 0x89, 0x7, 0xff, 0x4f, 0xff, 0xf8, 0xa8,
    0x7f, 0xf5, 0x5f, 0xff, 0xe2, 0x4b, 0xff, 0xd3,
    0xff, 0xfe, 0x30, 0x7f, 0xf5, 0x7f, 0xff, 0xee,
    0x1f, 0xfd, 0x5f, 0xff, 0xfb, 0xc1, 0xff, 0xd3,
    0xbf, 0xff, 0xf0, 0x1f, 0xfd, 0x3f, 0xff, 0xfc,
    0xa1, 0xff, 0xd1, 0x7f, 0xff, 0xf4, 0x1f, 0xfd,
    0x1f, 0xff, 0xfd, 0x87, 0xff, 0x47, 0xff, 0xff,
    0x70, 0x7f, 0xf3, 0xef, 0xff, 0xfe, 0x7, 0xff,
    0x3f, 0xff, 0xff, 0xa8, 0x7f, 0xf3, 0x5f, 0xff,
    0xfe, 0xc1, 0xff, 0xcd, 0xbf, 0xff, 0xfc, 0x1f,
    0xfc, 0xdf, 0xff, 0xff, 0xc1, 0xff, 0xcb, 0xbf,
    0xff, 0xff, 0x87, 0xff, 0x2f, 0xff, 0xff, 0xfe,
    0x43, 0xff, 0x92, 0xff, 0xff, 0xff, 0xd0, 0x7f,
    0xf2, 0x6f, 0xff, 0xe2, 0x21, 0xff, 0xdf, 0xbf,
    0xff, 0x8a, 0x1f, 0xfc, 0x9f, 0xff, 0xe2, 0x87,
    0xff, 0x87, 0xff, 0xf8, 0xa8, 0x7f, 0xf1, 0xdf,
    0xff, 0xe2, 0x41, 0xff, 0xe1, 0xff, 0xfe, 0x30,
    0x7f, 0xf1, 0xff, 0xff, 0x8a, 0x87, 0xff, 0x85,
    0xff, 0xfe, 0x2a, 0x1f, 0xfc, 0x57, 0xff, 0xf8,
    0xa1, 0xff, 0xe3, 0xff, 0xfe, 0x2c, 0x1f, 0xfc,
    0x5b, 0xff, 0xf8, 0x90, 0x7f, 0xf8, 0xef, 0xff,
    0xe2, 0x87, 0xff, 0x17, 0xff, 0xf8, 0xa1, 0xff,
    0xe4, 0x7f, 0xff, 0x8a, 0x87, 0xff, 0xd, 0xff,
    0xfe, 0x28, 0x7f, 0xf9, 0x7f, 0xff, 0x8c, 0x1f,
    0xfc, 0x3f, 0xff, 0xe2, 0xa1, 0xff, 0xe5, 0xbf,
    0xff, 0x8a, 0x1f, 0xfc, 0x3f, 0xff, 0xe2, 0x87,
    0xff, 0x9f, 0xff, 0xf8, 0xb0, 0x7f, 0xf0, 0x6f,
    0xff, 0xe2, 0x41, 0xff, 0xe7, 0xff, 0xfe, 0x30,
    0x7f, 0xf0, 0x7f, 0xff, 0x8a, 0x87, 0xff, 0x9d,
    0xff, 0xfe, 0x2a, 0x1f, 0xf3, 0xff, 0xfc, 0x50,
    0xff, 0xf4, 0xff, 0xff, 0x18, 0x3f, 0xef, 0xff,
    0xe2, 0xc1, 0xff, 0xe9, 0xbf, 0xff, 0x8a, 0x1f,
    0xf7, 0xff, 0xf1, 0x43, 0xff, 0xd4, 0xff, 0xff,
    0x16, 0xf, 0xeb, 0xff, 0xf8, 0xa1, 0xff, 0xeb,
    0xff, 0xfe, 0x30, 0x7f, 0x7f, 0xff, 0x15, 0xf,
    0xff, 0x5d, 0xff, 0xfc, 0x54, 0x3e, 0x7f, 0xff,
    0x8a, 0x1f, 0xfe, 0xc7, 0xff, 0xf8, 0xb0, 0x7d,
    0x7f, 0xff, 0x12, 0xf, 0xff, 0x6f, 0xff, 0xf1,
    0x83, 0xef, 0xff, 0xe2, 0xa1, 0xff, 0xed, 0xbf,
    0xff, 0x8b, 0x7, 0x5f, 0xff, 0xc5, 0xf, 0xff,
    0x7f, 0xff, 0xf1, 0x83, 0xbf, 0xff, 0x8b, 0x7,
    0xff, 0xbf, 0xff, 0xf8, 0xc8, 0x4f, 0xff, 0xf1,
    0x50, 0xff, 0xf7, 0xbf, 0xff, 0xc5, 0x82, 0xbf,
    0xff, 0x8a, 0x1f, 0xff, 0x1f, 0xff, 0xe3, 0x5,
    0xff, 0xfc, 0x58, 0x3f, 0xfe, 0x37, 0xff, 0xf1,
    0x51, 0xff, 0xfe, 0x28, 0x7f, 0xfc, 0x9f, 0xff,
    0xe3, 0xd, 0x7f, 0xf1, 0x10, 0xff, 0xf9, 0xb5,
    0xff, 0xc5, 0x0,

    /* U+0042 "B" */
    0xbf, 0xff, 0xbb, 0x52, 0x83, 0xff, 0xa7, 0x7f,
    0xff, 0x96, 0x43, 0xff, 0x9d, 0x7f, 0xff, 0xa5,
    0xf, 0xfe, 0x5d, 0xff, 0xfe, 0xc4, 0x3f, 0xf9,
    0x17, 0xff, 0xfb, 0x90, 0xff, 0xe3, 0x5f, 0xff,
    0xf0, 0x43, 0xff, 0x89, 0x7f, 0xff, 0xc8, 0x3f,
    0xf8, 0x77, 0xff, 0xfc, 0xd0, 0xff, 0xe0, 0xdf,
    0xff, 0xf4, 0x43, 0xff, 0x81, 0x7f, 0xff, 0xd6,
    0xf, 0xfa, 0xff, 0xff, 0xb2, 0x1f, 0xeb, 0xff,
    0xfe, 0xe8, 0x7f, 0x5f, 0xff, 0xf8, 0xf, 0xeb,
    0xff, 0xff, 0x10, 0x7e, 0xbf, 0xff, 0xf2, 0x1f,
    0xaf, 0xff, 0xe2, 0xaf, 0xff, 0x2a, 0x9f, 0xff,
    0xd0, 0x83, 0xeb, 0xff, 0xf8, 0x90, 0x7f, 0xf3,
    0xef, 0xff, 0xe6, 0x87, 0xd7, 0xff, 0xf1, 0x20,
    0xff, 0xe8, 0xbf, 0xff, 0xcb, 0x43, 0xd7, 0xff,
    0xf1, 0x20, 0xff, 0xe9, 0xbf, 0xff, 0xc9, 0x83,
    0xd7, 0xff, 0xf1, 0x20, 0xff, 0xea, 0xff, 0xff,
    0x24, 0x3d, 0x7f, 0xff, 0x12, 0xf, 0xfe, 0xb7,
    0xff, 0xf2, 0x3, 0xd7, 0xff, 0xf1, 0x20, 0xff,
    0xeb, 0x3f, 0xff, 0xc7, 0xf, 0x5f, 0xff, 0xc4,
    0x83, 0xff, 0xaf, 0xff, 0xfc, 0x74, 0x3a, 0xff,
    0xfe, 0x24, 0x1f, 0xfd, 0x77, 0xff, 0xf8, 0xc8,
    0x75, 0xff, 0xfc, 0x48, 0x3f, 0xfb, 0x1f, 0xff,
    0xc6, 0x83, 0xaf, 0xff, 0xe2, 0x41, 0xff, 0xd8,
    0xff, 0xfe, 0x34, 0x1d, 0x7f, 0xff, 0x12, 0xf,
    0xfe, 0xc5, 0xff, 0xfc, 0x58, 0x3a, 0xff, 0xfe,
    0x24, 0x1f, 0xfd, 0x8b, 0xff, 0xf8, 0xb0, 0x75,
    0xff, 0xfc, 0x48, 0x3f, 0xfb, 0x17, 0xff, 0xf1,
    0x50, 0xeb, 0xff, 0xf8, 0x90, 0x7f, 0xf6, 0x2f,
    0xff, 0xe2, 0xa1, 0xd7, 0xff, 0xf1, 0x20, 0xff,
    0xec, 0x5f, 0xff, 0xc5, 0xf, 0x5f, 0xff, 0xc4,
    0x83, 0xff, 0xb1, 0xff, 0xfc, 0x60, 0xf5, 0xff,
    0xfc, 0x48, 0x3f, 0xfb, 0x1f, 0xff, 0xc6, 0xf,
    0x5f, 0xff, 0xc4, 0x83, 0xff, 0xae, 0xff, 0xff,
    0x16, 0xf, 0x5f, 0xff, 0xc4, 0x83, 0xff, 0xaf,
    0x7f, 0xff, 0x14, 0x3e, 0xbf, 0xff, 0x89, 0x7,
    0xff, 0x5f, 0xff, 0xf8, 0xc1, 0xf5, 0xff, 0xfc,
    0x48, 0x3f, 0xfa, 0xd7, 0xff, 0xf1, 0x50, 0xfa,
    0xff, 0xfe, 0x24, 0x1f, 0xfd, 0x5b, 0xff, 0xf8,
    0xc1, 0xfa, 0xff, 0xfe, 0x24, 0x1f, 0xfd, 0x4b,
    0xff, 0xf8, 0xc8, 0x7e, 0xbf, 0xff, 0x89, 0x7,
    0xff, 0x49, 0xff, 0xfe, 0x3c, 0x1f, 0xd7, 0xff,
    0xf1, 0x20, 0xff, 0xe8, 0x5f, 0xff, 0xc9, 0xf,
    0xf5, 0xff, 0xfc, 0x48, 0x3f, 0xf9, 0x6a, 0xbf,
    0xff, 0x96, 0x1f, 0xf5, 0xff, 0xff, 0x50, 0xff,
    0xe0, 0x5f, 0xff, 0xf4, 0xf, 0xfe, 0xd, 0xff,
    0xff, 0x28, 0x3f, 0xf8, 0x57, 0xff, 0xfc, 0x50,
    0xff, 0xe1, 0xdf, 0xff, 0xef, 0x43, 0xff, 0x8b,
    0x7f, 0xff, 0xb2, 0x43, 0xff, 0x8f, 0x7f, 0xff,
    0xaa, 0xf, 0xfe, 0x55, 0xff, 0xfe, 0xd9, 0xf,
    0xfe, 0x35, 0xff, 0xff, 0x14, 0x3f, 0xf8, 0x77,
    0xff, 0xfc, 0xd0, 0xff, 0xe0, 0xdf, 0xff, 0xf5,
    0x43, 0xfe, 0xbf, 0xff, 0xed, 0x7, 0xfa, 0xff,
    0xff, 0xc0, 0x7f, 0x5f, 0xff, 0xf9, 0xf, 0xd7,
    0xff, 0xfe, 0x83, 0xeb, 0xff, 0xf8, 0x90, 0x7f,
    0xf3, 0xdb, 0xff, 0xf9, 0xa1, 0xeb, 0xff, 0xf8,
    0x90, 0x7f, 0xf4, 0xdf, 0xff, 0xe5, 0x41, 0xd7,
    0xff, 0xf1, 0x20, 0xff, 0xeb, 0x5f, 0xff, 0xc8,
    0x43, 0x5f, 0xff, 0xc4, 0x83, 0xff, 0xae, 0xff,
    0xff, 0x20, 0x35, 0xff, 0xfc, 0x48, 0x3f, 0xfb,
    0x37, 0xff, 0xf1, 0xa0, 0xaf, 0xff, 0xe2, 0x41,
    0xff, 0xda, 0xbf, 0xff, 0x8c, 0x15, 0xff, 0xfc,
    0x48, 0x3f, 0xfb, 0x7f, 0xff, 0xc6, 0x81, 0x7f,
    0xff, 0x12, 0xf, 0xfe, 0xe7, 0xff, 0xf1, 0x81,
    0x7f, 0xff, 0x12, 0xf, 0xfe, 0xe5, 0xff, 0xfc,
    0x58, 0xbf, 0xff, 0x89, 0x7, 0xff, 0x71, 0xff,
    0xfe, 0x31, 0x7f, 0xff, 0x12, 0xf, 0xfe, 0xef,
    0xff, 0xf1, 0x8b, 0xff, 0xf8, 0x90, 0x7f, 0xf7,
    0x6f, 0xff, 0xe2, 0xb7, 0xff, 0xf1, 0x20, 0xff,
    0xee, 0xdf, 0xff, 0xc5, 0xa7, 0xff, 0xf1, 0x20,
    0xff, 0xee, 0xbf, 0xff, 0xc5, 0xa7, 0xff, 0xf1,
    0x20, 0xff, 0xee, 0xbf, 0xff, 0xc6, 0xbf, 0xff,
    0x89, 0x7, 0xff, 0x75, 0xff, 0xfe, 0x35, 0xff,
    0xfc, 0x48, 0x3f, 0xfb, 0xaf, 0xff, 0xf1, 0xaf,
    0xff, 0xe2, 0x41, 0xff, 0xdd, 0x7f, 0xff, 0x8d,
    0x7f, 0xff, 0x12, 0xf, 0xfe, 0xed, 0xff, 0xfc,
    0x6b, 0xff, 0xf8, 0x90, 0x7f, 0xf7, 0x6f, 0xff,
    0xe3, 0x5f, 0xff, 0xc4, 0x83, 0xff, 0xbb, 0xff,
    0xfc, 0x7b, 0xff, 0xf8, 0x90, 0x7f, 0xf7, 0x7f,
    0xff, 0x8d, 0x4f, 0xff, 0xe2, 0x41, 0xff, 0xdc,
    0xbf, 0xff, 0x8d, 0x4f, 0xff, 0xe2, 0x41, 0xff,
    0xdc, 0xff, 0xfe, 0x3b, 0x7f, 0xff, 0x12, 0xf,
    0xfe, 0xdf, 0xff, 0xf2, 0xb, 0xff, 0xf8, 0x90,
    0x7f, 0xf6, 0xaf, 0xff, 0xe4, 0x17, 0xff, 0xf1,
    0x20, 0xff, 0xec, 0xdf, 0xff, 0xc8, 0x8b, 0xff,
    0xf8, 0x90, 0x7f, 0xf6, 0x2f, 0xff, 0xe4, 0xa5,
    0xff, 0xfc, 0x48, 0x3f, 0xfa, 0xd7, 0xff, 0xf2,
    0xc1, 0x7f, 0xff, 0x12, 0xf, 0xfe, 0x9b, 0x7f,
    0xff, 0x31, 0x5, 0xff, 0xfc, 0x55, 0xff, 0xe7,
    0xd3, 0xff, 0xfa, 0x1, 0x5f, 0xff, 0xfd, 0x42,
    0xbf, 0xff, 0xfa, 0x1a, 0xff, 0xff, 0xe0, 0x75,
    0xff, 0xff, 0xb4, 0x3a, 0xff, 0xff, 0xd2, 0x1e,
    0xbf, 0xff, 0xf2, 0x87, 0xd7, 0xff, 0xfe, 0x10,
    0xfd, 0x7f, 0xff, 0xdc, 0x3f, 0xd7, 0xff, 0xfd,
    0x50, 0xff, 0xaf, 0xff, 0xf9, 0xc1, 0xff, 0xc1,
    0xbf, 0xff, 0xe3, 0x7, 0xff, 0xe, 0xff, 0xff,
    0x7c, 0x1f, 0xfc, 0x5b, 0xff, 0xfd, 0x92, 0x1f,
    0xfc, 0x7b, 0xff, 0xfd, 0x12, 0x1f, 0xfc, 0xbb,
    0xff, 0xfc, 0x35, 0x21, 0xff, 0xd0,

    /* U+0043 "C" */
    0xf, 0xfe, 0xf3, 0x57, 0xff, 0xa8, 0xa0, 0xff,
    0xfc, 0xb7, 0xff, 0xf2, 0xe4, 0x3f, 0xfe, 0x57,
    0xff, 0xf4, 0xe4, 0x3f, 0xfd, 0x6f, 0xff, 0xf6,
    0x60, 0xff, 0xf3, 0xdf, 0xff, 0xde, 0x43, 0xff,
    0xc5, 0x7f, 0xff, 0x89, 0xf, 0xfe, 0xf3, 0xff,
    0xfe, 0x64, 0x3f, 0xfb, 0x4f, 0xff, 0xfa, 0x60,
    0xff, 0xec, 0x5f, 0xff, 0xec, 0x43, 0xff, 0xab,
    0xff, 0xfe, 0xf8, 0x3f, 0xfa, 0x4f, 0xff, 0xfc,
    0x83, 0xff, 0xa1, 0x7f, 0xff, 0xd1, 0xf, 0xfe,
    0x6d, 0xff, 0xff, 0x64, 0x3f, 0xf9, 0x77, 0xff,
    0xfe, 0x20, 0xff, 0xe4, 0xdf, 0xff, 0xfa, 0x43,
    0xff, 0x8f, 0x7f, 0xff, 0xf1, 0xf, 0xfe, 0x2d,
    0xff, 0xfd, 0x39, 0x7f, 0xaf, 0xff, 0xea, 0x7,
    0xff, 0x11, 0xff, 0xfe, 0x84, 0x1f, 0xfc, 0x56,
    0xff, 0xfe, 0x72, 0x1f, 0xfc, 0x4f, 0xff, 0xe7,
    0x41, 0xff, 0xcc, 0xbf, 0xff, 0x94, 0x87, 0xff,
    0x13, 0xff, 0xf9, 0xb0, 0x7f, 0xf4, 0x1f, 0xff,
    0xe3, 0xa1, 0xff, 0xc4, 0xbf, 0xff, 0x97, 0x7,
    0xff, 0x52, 0xff, 0xfe, 0x22, 0x1f, 0xfc, 0x47,
    0xff, 0xf9, 0x68, 0x7f, 0xf5, 0xff, 0xff, 0x84,
    0x87, 0xff, 0x17, 0xff, 0xf9, 0x61, 0xff, 0xda,
    0xbf, 0xfe, 0x43, 0xff, 0x8b, 0x7f, 0xff, 0x26,
    0xf, 0xfe, 0xef, 0xff, 0x21, 0xff, 0xc6, 0xff,
    0xfe, 0x4c, 0x1f, 0xfd, 0xff, 0xf9, 0xf, 0xfe,
    0x35, 0xff, 0xfc, 0x90, 0xff, 0xf0, 0xdf, 0x90,
    0xff, 0xe3, 0xff, 0xff, 0x24, 0x3f, 0xfc, 0x77,
    0x90, 0xff, 0xe3, 0xdf, 0xff, 0xc8, 0xf, 0xff,
    0x2c, 0x87, 0xff, 0x23, 0xff, 0xf9, 0x8, 0x7f,
    0xfe, 0xaf, 0xff, 0xe3, 0xc1, 0xff, 0xfb, 0xff,
    0xfe, 0x40, 0x7f, 0xfe, 0xdf, 0xff, 0xe3, 0xa1,
    0xff, 0xfb, 0xff, 0xfe, 0x40, 0x7f, 0xff, 0x3f,
    0xff, 0x8e, 0x87, 0xff, 0xed, 0xff, 0xfe, 0x38,
    0x7f, 0xff, 0x3f, 0xff, 0x8f, 0x7, 0xff, 0xf3,
    0xff, 0xf8, 0xe1, 0xff, 0xfc, 0x7f, 0xff, 0x8d,
    0x7, 0xff, 0xf2, 0xff, 0xfe, 0x32, 0x1f, 0xff,
    0xcf, 0xff, 0xe3, 0x87, 0xff, 0xf7, 0xff, 0xf8,
    0xe1, 0xff, 0xfd, 0xff, 0xfe, 0x34, 0x1f, 0xff,
    0xc7, 0xff, 0xf8, 0xc8, 0x7f, 0xff, 0x2f, 0xff,
    0xe3, 0x7, 0xff, 0xf6, 0xff, 0xfe, 0x30, 0x7f,
    0xff, 0x7f, 0xff, 0x8e, 0x1f, 0xff, 0xdf, 0xff,
    0xe3, 0x41, 0xff, 0xfd, 0xff, 0xfe, 0x34, 0x1f,
    0xff, 0xdf, 0xff, 0xe3, 0x21, 0xff, 0xfd, 0xff,
    0xfe, 0x32, 0x1f, 0xff, 0xdf, 0xff, 0xe3, 0x21,
    0xff, 0xfd, 0xff, 0xfe, 0x32, 0x1f, 0xff, 0xdf,
    0xff, 0xe3, 0x21, 0xff, 0xfd, 0xff, 0xfe, 0x30,
    0x7f, 0xff, 0xbf, 0xff, 0x8c, 0x87, 0xff, 0xf7,
    0xff, 0xf8, 0xc8, 0x7f, 0xff, 0x7f, 0xff, 0x8c,
    0x87, 0xff, 0xf7, 0xff, 0xf8, 0xc8, 0x7f, 0xff,
    0x7f, 0xff, 0x8c, 0x87, 0xff, 0xf7, 0xff, 0xf8,
    0xd0, 0x7f, 0xff, 0x7f, 0xff, 0x8d, 0x7, 0xff,
    0xf7, 0xff, 0xf8, 0xe1, 0xff, 0xfd, 0xbf, 0xff,
    0x8c, 0x1f, 0xff, 0xdb, 0xff, 0xf8, 0xc1, 0xff,
    0xfd, 0x7f, 0xff, 0x8c, 0x87, 0xff, 0xf7, 0xff,
    0xf8, 0xd0, 0x7f, 0xff, 0x7f, 0xff, 0x8e, 0x1f,
    0xff, 0xdf, 0xff, 0xe3, 0x87, 0xff, 0xf6, 0xff,
    0xfe, 0x32, 0x1f, 0xff, 0xc7, 0xff, 0xf8, 0xe1,
    0xff, 0xfd, 0xff, 0xfe, 0x38, 0x7f, 0xff, 0x7f,
    0xff, 0x8f, 0x7, 0xff, 0xf1, 0xff, 0xfe, 0x38,
    0x7f, 0xff, 0x7f, 0xff, 0x8f, 0x7, 0xff, 0xf3,
    0xff, 0xf9, 0x1, 0xff, 0xfc, 0x7f, 0xff, 0x8f,
    0x7, 0xff, 0xa7, 0x43, 0xff, 0x8b, 0xff, 0xfc,
    0x80, 0xff, 0xf4, 0x7e, 0x43, 0xff, 0x87, 0x7f,
    0xff, 0x20, 0x3f, 0xfc, 0xcf, 0xf4, 0x1f, 0xfc,
    0x3f, 0xff, 0xe4, 0x41, 0xff, 0xe5, 0xff, 0xd0,
    0x7f, 0xf0, 0x6f, 0xff, 0xe4, 0x21, 0xff, 0xe3,
    0xff, 0xfa, 0xf, 0xfe, 0x7, 0xff, 0xf2, 0x43,
    0xff, 0xc5, 0x7f, 0xff, 0x5, 0xf, 0xf5, 0xff,
    0xfc, 0x90, 0xff, 0xf0, 0x5f, 0xff, 0xc4, 0x43,
    0xfb, 0xff, 0xf9, 0x41, 0xff, 0xde, 0xbf, 0xff,
    0x8c, 0x87, 0xeb, 0xff, 0xf9, 0x41, 0xff, 0xdc,
    0xbf, 0xff, 0x8e, 0x1f, 0xef, 0xff, 0xe5, 0xa1,
    0xff, 0xd9, 0xff, 0xfe, 0x44, 0x1f, 0xe7, 0xff,
    0xf9, 0x70, 0x7f, 0xf5, 0x9f, 0xff, 0xe4, 0x87,
    0xff, 0x2, 0xff, 0xfe, 0x62, 0x1f, 0xfd, 0x3b,
    0xff, 0xf9, 0x28, 0x7f, 0xf0, 0x7f, 0xff, 0x9c,
    0x87, 0xff, 0x3d, 0xff, 0xfe, 0x58, 0x7f, 0xf0,
    0xff, 0xff, 0x9e, 0x87, 0xff, 0x2d, 0xff, 0xfe,
    0x60, 0x7f, 0xf1, 0x1f, 0xff, 0xe8, 0x48, 0x7f,
    0xf1, 0x5f, 0xff, 0xe7, 0x41, 0xff, 0xc5, 0xbf,
    0xff, 0xa7, 0x45, 0xc2, 0xeb, 0xff, 0xfa, 0x41,
    0xff, 0xc7, 0xbf, 0xff, 0xf6, 0x1f, 0xfc, 0x9b,
    0xff, 0xff, 0x21, 0xff, 0xcb, 0xbf, 0xff, 0xee,
    0x1f, 0xfc, 0xdb, 0xff, 0xfe, 0xa8, 0x7f, 0xf3,
    0xaf, 0xff, 0xf9, 0x87, 0xff, 0x45, 0xff, 0xff,
    0x88, 0x7f, 0xf5, 0x3f, 0xff, 0xdd, 0x7, 0xff,
    0x5a, 0xff, 0xff, 0x5a, 0x1f, 0xfd, 0x87, 0xff,
    0xfd, 0x21, 0xff, 0xdc, 0xbf, 0xff, 0xca, 0x87,
    0xff, 0x7e, 0xff, 0xff, 0xc, 0x1f, 0xfe, 0x3b,
    0xff, 0xfb, 0xb0, 0x7f, 0xf9, 0xdf, 0xff, 0xec,
    0xa1, 0xff, 0xec, 0xbf, 0xff, 0xa7, 0x7, 0xff,
    0xc9, 0xbf, 0xff, 0x97, 0x21, 0xff, 0xfa, 0x69,
    0xff, 0xf5, 0x14, 0x1f, 0xfd, 0x40,

    /* U+0044 "D" */
    0xbf, 0xff, 0xbf, 0x52, 0x83, 0xff, 0xb9, 0x7f,
    0xff, 0x9a, 0x43, 0xff, 0xb1, 0x7f, 0xff, 0xaa,
    0x43, 0xff, 0xa9, 0x7f, 0xff, 0xb6, 0x43, 0xff,
    0xa3, 0x7f, 0xff, 0xc1, 0xf, 0xfe, 0x7d, 0xff,
    0xff, 0x24, 0x3f, 0xf9, 0xb7, 0xff, 0xfd, 0x10,
    0xff, 0xe5, 0xdf, 0xff, 0xf6, 0xf, 0xfe, 0x55,
    0xff, 0xff, 0x78, 0x3f, 0xf9, 0x17, 0xff, 0xfe,
    0x43, 0xff, 0x8f, 0x7f, 0xff, 0xe9, 0xf, 0xfe,
    0x2d, 0xff, 0xff, 0xb4, 0x3f, 0xf8, 0x97, 0xff,
    0xff, 0x20, 0xff, 0xe1, 0xdf, 0xff, 0xfd, 0x83,
    0xff, 0x85, 0x7f, 0xff, 0xfa, 0xf, 0xfe, 0xd,
    0xff, 0xfc, 0x50, 0xff, 0xe5, 0xaa, 0x9f, 0xff,
    0xd3, 0x83, 0xff, 0x81, 0x7f, 0xff, 0x14, 0x3f,
    0xfa, 0x4f, 0xff, 0xf4, 0x10, 0xff, 0xaf, 0xff,
    0xe2, 0x87, 0xff, 0x56, 0xff, 0xfe, 0x70, 0x7f,
    0xd7, 0xff, 0xf1, 0x43, 0xff, 0xae, 0xff, 0xff,
    0x34, 0x3f, 0xd7, 0xff, 0xf1, 0x43, 0xff, 0xb3,
    0x7f, 0xff, 0x2e, 0xf, 0xeb, 0xff, 0xf8, 0xa1,
    0xff, 0xdb, 0xff, 0xfe, 0x5a, 0x1f, 0xaf, 0xff,
    0xe2, 0x87, 0xff, 0x72, 0xff, 0xfe, 0x50, 0x7e,
    0xbf, 0xff, 0x8a, 0x1f, 0xfd, 0xd7, 0xff, 0xf9,
    0x30, 0x7d, 0x7f, 0xff, 0x14, 0x3f, 0xfb, 0xcf,
    0xff, 0xf2, 0x43, 0xeb, 0xff, 0xf8, 0xa1, 0xff,
    0xdf, 0x7f, 0xff, 0x92, 0x1e, 0xbf, 0xff, 0x8a,
    0x1f, 0xfe, 0xb, 0xff, 0xf9, 0x8, 0x75, 0xff,
    0xfc, 0x50, 0xff, 0xf0, 0xdf, 0xff, 0xc8, 0xe,
    0xbf, 0xff, 0x8a, 0x1f, 0xfe, 0x2f, 0xff, 0xe4,
    0x7, 0x5f, 0xff, 0xc5, 0xf, 0xff, 0x13, 0xff,
    0xfc, 0x78, 0x35, 0xff, 0xfc, 0x50, 0xff, 0xf1,
    0xdf, 0xff, 0xc7, 0xd, 0x7f, 0xff, 0x14, 0x3f,
    0xfc, 0x9f, 0xff, 0xc7, 0x42, 0xbf, 0xff, 0x8a,
    0x1f, 0xfe, 0x4b, 0xff, 0xf8, 0xe1, 0x5f, 0xff,
    0xc5, 0xf, 0xff, 0x2f, 0xff, 0xf1, 0xc2, 0xbf,
    0xff, 0x8a, 0x1f, 0xfe, 0x5b, 0xff, 0xf8, 0xc8,
    0x2f, 0xff, 0xe2, 0x87, 0xff, 0x95, 0xff, 0xfe,
    0x34, 0xb, 0xff, 0xf8, 0xa1, 0xff, 0xe6, 0xff,
    0xfe, 0x38, 0x2f, 0xff, 0xe2, 0x87, 0xff, 0x9a,
    0xff, 0xfe, 0x32, 0x5f, 0xff, 0xc5, 0xf, 0xff,
    0x33, 0xff, 0xfc, 0x68, 0xbf, 0xff, 0x8a, 0x1f,
    0xfe, 0x7f, 0xff, 0xe3, 0x45, 0xff, 0xfc, 0x50,
    0xff, 0xf3, 0xdf, 0xff, 0xc6, 0x2f, 0xff, 0xe2,
    0x87, 0xff, 0x9e, 0xff, 0xfe, 0x31, 0x7f, 0xff,
    0x14, 0x3f, 0xfc, 0xef, 0xff, 0xf1, 0x8b, 0xff,
    0xf8, 0xa1, 0xff, 0xe8, 0xff, 0xfe, 0x33, 0x7f,
    0xff, 0x14, 0x3f, 0xfd, 0x1f, 0xff, 0xc6, 0xa7,
    0xff, 0xf1, 0x43, 0xff, 0xd1, 0xff, 0xfc, 0x6a,
    0x7f, 0xff, 0x14, 0x3f, 0xfd, 0x1f, 0xff, 0xc6,
    0xa7, 0xff, 0xf1, 0x43, 0xff, 0xd1, 0x7f, 0xff,
    0x1a, 0xff, 0xfe, 0x28, 0x7f, 0xfa, 0x2f, 0xff,
    0xe3, 0x5f, 0xff, 0xc5, 0xf, 0xff, 0x45, 0xff,
    0xfc, 0x6b, 0xff, 0xf8, 0xa1, 0xff, 0xe8, 0xbf,
    0xff, 0x8d, 0x7f, 0xff, 0x14, 0x3f, 0xfd, 0x17,
    0xff, 0xf1, 0xaf, 0xff, 0xe2, 0x87, 0xff, 0xa2,
    0xff, 0xfe, 0x35, 0xff, 0xfc, 0x50, 0xff, 0xf4,
    0x5f, 0xff, 0xc6, 0xbf, 0xff, 0x8a, 0x1f, 0xfe,
    0x8b, 0xff, 0xf8, 0xd7, 0xff, 0xf1, 0x43, 0xff,
    0xd1, 0x7f, 0xff, 0x1a, 0xff, 0xfe, 0x28, 0x7f,
    0xfa, 0x2f, 0xff, 0xe3, 0x5f, 0xff, 0xc5, 0xf,
    0xff, 0x45, 0xff, 0xfc, 0x6b, 0xff, 0xf8, 0xa1,
    0xff, 0xe8, 0xff, 0xfe, 0x35, 0x3f, 0xff, 0x8a,
    0x1f, 0xfe, 0x8f, 0xff, 0xe3, 0x53, 0xff, 0xf8,
    0xa1, 0xff, 0xe8, 0xff, 0xfe, 0x35, 0x3f, 0xff,
    0x8a, 0x1f, 0xfe, 0x8f, 0xff, 0xe3, 0x37, 0xff,
    0xf1, 0x43, 0xff, 0xce, 0xff, 0xff, 0x18, 0xbf,
    0xff, 0x8a, 0x1f, 0xfe, 0x7b, 0xff, 0xf8, 0xc5,
    0xff, 0xfc, 0x50, 0xff, 0xf3, 0xff, 0xff, 0x1c,
    0xbf, 0xff, 0x8a, 0x1f, 0xfe, 0x7f, 0xff, 0xe3,
    0x45, 0xff, 0xfc, 0x50, 0xff, 0xf3, 0x3f, 0xff,
    0xc6, 0x4b, 0xff, 0xf8, 0xa1, 0xff, 0xe6, 0xbf,
    0xff, 0x8c, 0xb, 0xff, 0xf8, 0xa1, 0xff, 0xe6,
    0xff, 0xfe, 0x38, 0x2f, 0xff, 0xe2, 0x87, 0xff,
    0x95, 0xff, 0xfe, 0x34, 0xb, 0xff, 0xf8, 0xa1,
    0xff, 0xe5, 0xff, 0xfe, 0x3a, 0xb, 0xff, 0xf8,
    0xa1, 0xff, 0xe5, 0xff, 0xfe, 0x38, 0x57, 0xff,
    0xf1, 0x43, 0xff, 0xc9, 0x7f, 0xff, 0x1a, 0xa,
    0xff, 0xfe, 0x28, 0x7f, 0xf9, 0x3f, 0xff, 0x8e,
    0x85, 0x7f, 0xff, 0x14, 0x3f, 0xfc, 0x7f, 0xff,
    0xc8, 0xd, 0x7f, 0xff, 0x14, 0x3f, 0xfc, 0x4f,
    0xff, 0xf1, 0xe0, 0xd7, 0xff, 0xf1, 0x43, 0xff,
    0xc5, 0xff, 0xfc, 0x80, 0xeb, 0xff, 0xf8, 0xa1,
    0xff, 0xe1, 0xff, 0xfe, 0x44, 0x1d, 0x7f, 0xff,
    0x14, 0x3f, 0xfc, 0x17, 0xff, 0xf2, 0x3, 0xd7,
    0xff, 0xf1, 0x43, 0xff, 0xbf, 0x7f, 0xff, 0x22,
    0xf, 0x5f, 0xff, 0xc5, 0xf, 0xfe, 0xf5, 0xff,
    0xfc, 0x90, 0xfa, 0xff, 0xfe, 0x28, 0x7f, 0xf7,
    0x6f, 0xff, 0xe4, 0xa1, 0xf5, 0xff, 0xfc, 0x50,
    0xff, 0xee, 0x7f, 0xff, 0x2c, 0x3f, 0x5f, 0xff,
    0xc5, 0xf, 0xfe, 0xd3, 0xff, 0xfc, 0xb0, 0xfe,
    0xbf, 0xff, 0x8a, 0x1f, 0xfd, 0x9b, 0xff, 0xf9,
    0x70, 0x7f, 0x5f, 0xff, 0xc5, 0xf, 0xfe, 0xbd,
    0xff, 0xfc, 0xd0, 0xff, 0x5f, 0xff, 0xc5, 0xf,
    0xfe, 0xad, 0xff, 0xfc, 0xe0, 0xff, 0xaf, 0xff,
    0xe2, 0x87, 0xff, 0x45, 0xbf, 0xff, 0xa0, 0x1f,
    0xfc, 0xb, 0xff, 0xf8, 0xa1, 0xff, 0xcb, 0x5a,
    0xff, 0xfe, 0x9a, 0x1f, 0xfc, 0xb, 0xff, 0xff,
    0xc8, 0x7f, 0xf0, 0x6f, 0xff, 0xfe, 0xa1, 0xff,
    0xc2, 0xbf, 0xff, 0xf8, 0x87, 0xff, 0xe, 0xff,
    0xff, 0xda, 0x1f, 0xfc, 0x4b, 0xff, 0xff, 0x41,
    0xff, 0xc6, 0xbf, 0xff, 0xf1, 0x7, 0xff, 0x1e,
    0xff, 0xff, 0xba, 0x1f, 0xfc, 0x8b, 0xff, 0xfe,
    0xb0, 0x7f, 0xf2, 0xaf, 0xff, 0xfa, 0x21, 0xff,
    0xcb, 0xbf, 0xff, 0xe4, 0x87, 0xff, 0x36, 0xff,
    0xff, 0x82, 0x1f, 0xfc, 0xfb, 0xff, 0xfd, 0xb0,
    0x7f, 0xf4, 0xaf, 0xff, 0xf5, 0x48, 0x7f, 0xf5,
    0x2f, 0xff, 0xf3, 0x48, 0x7f, 0xf6, 0x2f, 0xff,
    0xef, 0xd4, 0x87, 0xff, 0x74,

    /* U+0045 "E" */
    0xbf, 0xff, 0xf2, 0x15, 0xff, 0xff, 0x90, 0xaf,
    0xff, 0xfc, 0x85, 0x7f, 0xff, 0xe4, 0x2b, 0xff,
    0xff, 0x21, 0x5f, 0xff, 0xf9, 0xa, 0xff, 0xff,
    0xc8, 0x57, 0xff, 0xfe, 0x42, 0xbf, 0xff, 0xf2,
    0x15, 0xff, 0xff, 0x90, 0xaf, 0xff, 0xfc, 0x85,
    0x7f, 0xff, 0xe4, 0x2b, 0xff, 0xff, 0x21, 0x5f,
    0xff, 0xf9, 0xa, 0xff, 0xff, 0xc8, 0x57, 0xff,
    0xf1, 0x57, 0xff, 0xce, 0x1a, 0xff, 0xfe, 0x28,
    0x7f, 0xfa, 0xef, 0xff, 0xe2, 0x87, 0xff, 0xae,
    0xff, 0xfe, 0x28, 0x7f, 0xfa, 0xef, 0xff, 0xe2,
    0x87, 0xff, 0xae, 0xff, 0xfe, 0x28, 0x7f, 0xfa,
    0xef, 0xff, 0xe2, 0x87, 0xff, 0xae, 0xff, 0xfe,
    0x28, 0x7f, 0xfa, 0xef, 0xff, 0xe2, 0x87, 0xff,
    0xae, 0xff, 0xfe, 0x28, 0x7f, 0xfa, 0xef, 0xff,
    0xe2, 0x87, 0xff, 0xae, 0xff, 0xfe, 0x28, 0x7f,
    0xfa, 0xef, 0xff, 0xe2, 0x87, 0xff, 0xae, 0xff,
    0xfe, 0x28, 0x7f, 0xfa, 0xef, 0xff, 0xe2, 0x87,
    0xff, 0xae, 0xff, 0xfe, 0x28, 0x7f, 0xfa, 0xef,
    0xff, 0xe2, 0x87, 0xff, 0xae, 0xff, 0xfe, 0x28,
    0x7f, 0xfa, 0xef, 0xff, 0xe2, 0x87, 0xff, 0xae,
    0xff, 0xfe, 0x28, 0x7f, 0xfa, 0xef, 0xff, 0xe2,
    0x87, 0xff, 0xae, 0xff, 0xfe, 0x28, 0x7f, 0xfa,
    0xef, 0xff, 0xe2, 0x87, 0xff, 0xae, 0xff, 0xfe,
    0x28, 0x7f, 0xfa, 0xef, 0xff, 0xe2, 0x87, 0xff,
    0xae, 0xff, 0xfe, 0x28, 0x7f, 0xfa, 0xef, 0xff,
    0xe2, 0x87, 0xff, 0xae, 0xff, 0xfe, 0x28, 0x7f,
    0xfa, 0xef, 0xff, 0xfa, 0x87, 0xd7, 0xff, 0xfd,
    0x43, 0xeb, 0xff, 0xfe, 0xa1, 0xf5, 0xff, 0xff,
    0x50, 0xfa, 0xff, 0xff, 0xa8, 0x7d, 0x7f, 0xff,
    0xd4, 0x3e, 0xbf, 0xff, 0xea, 0x1f, 0x5f, 0xff,
    0xf5, 0xf, 0xaf, 0xff, 0xfa, 0x87, 0xd7, 0xff,
    0xfd, 0x43, 0xeb, 0xff, 0xfe, 0xa1, 0xf5, 0xff,
    0xff, 0x50, 0xfa, 0xff, 0xff, 0xa8, 0x7d, 0x7f,
    0xff, 0xd4, 0x3e, 0xbf, 0xff, 0xea, 0x1f, 0x5f,
    0xff, 0xc5, 0xf, 0xff, 0x5d, 0xff, 0xfc, 0x50,
    0xff, 0xf5, 0xdf, 0xff, 0xc5, 0xf, 0xff, 0x5d,
    0xff, 0xfc, 0x50, 0xff, 0xf5, 0xdf, 0xff, 0xc5,
    0xf, 0xff, 0x5d, 0xff, 0xfc, 0x50, 0xff, 0xf5,
    0xdf, 0xff, 0xc5, 0xf, 0xff, 0x5d, 0xff, 0xfc,
    0x50, 0xff, 0xf5, 0xdf, 0xff, 0xc5, 0xf, 0xff,
    0x5d, 0xff, 0xfc, 0x50, 0xff, 0xf5, 0xdf, 0xff,
    0xc5, 0xf, 0xff, 0x5d, 0xff, 0xfc, 0x50, 0xff,
    0xf5, 0xdf, 0xff, 0xc5, 0xf, 0xff, 0x5d, 0xff,
    0xfc, 0x50, 0xff, 0xf5, 0xdf, 0xff, 0xc5, 0xf,
    0xff, 0x5d, 0xff, 0xfc, 0x50, 0xff, 0xf5, 0xdf,
    0xff, 0xc5, 0xf, 0xff, 0x5d, 0xff, 0xfc, 0x50,
    0xff, 0xf5, 0xdf, 0xff, 0xc5, 0xf, 0xff, 0x5d,
    0xff, 0xfc, 0x50, 0xff, 0xf5, 0xdf, 0xff, 0xc5,
    0xf, 0xff, 0x5d, 0xff, 0xfc, 0x50, 0xff, 0xf5,
    0xdf, 0xff, 0xc5, 0xf, 0xff, 0x5d, 0xff, 0xfc,
    0x50, 0xff, 0xf5, 0xdf, 0xff, 0xc5, 0xf, 0xff,
    0x5d, 0xff, 0xfc, 0x50, 0xff, 0xf5, 0xdf, 0xff,
    0xc5, 0xf, 0xff, 0x5d, 0xff, 0xfc, 0x50, 0xff,
    0xf5, 0xdf, 0xff, 0xc5, 0xf, 0xff, 0x5d, 0xff,
    0xfc, 0x55, 0xff, 0xf5, 0x17, 0xff, 0xfe, 0xcb,
    0xff, 0xff, 0x65, 0xff, 0xff, 0xb2, 0xff, 0xff,
    0xd9, 0x7f, 0xff, 0xec, 0xbf, 0xff, 0xf6, 0x5f,
    0xff, 0xfb, 0x2f, 0xff, 0xfd, 0x97, 0xff, 0xfe,
    0xcb, 0xff, 0xff, 0x65, 0xff, 0xff, 0xb2, 0xff,
    0xff, 0xd9, 0x7f, 0xff, 0xec, 0xbf, 0xff, 0xf6,
    0x5f, 0xff, 0xfb, 0x0,

    /* U+0046 "F" */
    0xbf, 0xff, 0xee, 0x5f, 0xff, 0xf7, 0x2f, 0xff,
    0xfb, 0x97, 0xff, 0xfd, 0xcb, 0xff, 0xfe, 0xe5,
    0xff, 0xff, 0x72, 0xff, 0xff, 0xb9, 0x7f, 0xff,
    0xdc, 0xbf, 0xff, 0xee, 0x5f, 0xff, 0xf7, 0x2f,
    0xff, 0xfb, 0x97, 0xff, 0xfd, 0xcb, 0xff, 0xfe,
    0xe5, 0xff, 0xff, 0x72, 0xff, 0xff, 0xb9, 0x7f,
    0xff, 0x15, 0x7f, 0xfc, 0xc5, 0xff, 0xfc, 0x50,
    0xff, 0xf3, 0xdf, 0xff, 0xc5, 0xf, 0xff, 0x3d,
    0xff, 0xfc, 0x50, 0xff, 0xf3, 0xdf, 0xff, 0xc5,
    0xf, 0xff, 0x3d, 0xff, 0xfc, 0x50, 0xff, 0xf3,
    0xdf, 0xff, 0xc5, 0xf, 0xff, 0x3d, 0xff, 0xfc,
    0x50, 0xff, 0xf3, 0xdf, 0xff, 0xc5, 0xf, 0xff,
    0x3d, 0xff, 0xfc, 0x50, 0xff, 0xf3, 0xdf, 0xff,
    0xc5, 0xf, 0xff, 0x3d, 0xff, 0xfc, 0x50, 0xff,
    0xf3, 0xdf, 0xff, 0xc5, 0xf, 0xff, 0x3d, 0xff,
    0xfc, 0x50, 0xff, 0xf3, 0xdf, 0xff, 0xc5, 0xf,
    0xff, 0x3d, 0xff, 0xfc, 0x50, 0xff, 0xf3, 0xdf,
    0xff, 0xc5, 0xf, 0xff, 0x3d, 0xff, 0xfc, 0x50,
    0xff, 0xf3, 0xdf, 0xff, 0xc5, 0xf, 0xff, 0x3d,
    0xff, 0xfc, 0x50, 0xff, 0xf3, 0xdf, 0xff, 0xc5,
    0xf, 0xff, 0x3d, 0xff, 0xfc, 0x50, 0xff, 0xf3,
    0xdf, 0xff, 0xc5, 0xf, 0xff, 0x3d, 0xff, 0xfc,
    0x50, 0xff, 0xf3, 0xdf, 0xff, 0xc5, 0xf, 0xff,
    0x3d, 0xff, 0xfc, 0x50, 0xff, 0xf3, 0xdf, 0xff,
    0xc5, 0xf, 0xff, 0x3d, 0xff, 0xfc, 0x50, 0xff,
    0xf3, 0xdf, 0xff, 0xc5, 0xf, 0xff, 0x3d, 0xff,
    0xfc, 0x55, 0xff, 0xf0, 0x87, 0xaf, 0xff, 0xf9,
    0x7, 0xaf, 0xff, 0xf9, 0x7, 0xaf, 0xff, 0xf9,
    0x7, 0xaf, 0xff, 0xf9, 0x7, 0xaf, 0xff, 0xf9,
    0x7, 0xaf, 0xff, 0xf9, 0x7, 0xaf, 0xff, 0xf9,
    0x7, 0xaf, 0xff, 0xf9, 0x7, 0xaf, 0xff, 0xf9,
    0x7, 0xaf, 0xff, 0xf9, 0x7, 0xaf, 0xff, 0xf9,
    0x7, 0xaf, 0xff, 0xf9, 0x7, 0xaf, 0xff, 0xf9,
    0x7, 0xaf, 0xff, 0xf9, 0x7, 0xaf, 0xff, 0xf9,
    0x7, 0xaf, 0xff, 0xe2, 0x87, 0xff, 0x9e, 0xff,
    0xfe, 0x28, 0x7f, 0xf9, 0xef, 0xff, 0xe2, 0x87,
    0xff, 0x9e, 0xff, 0xfe, 0x28, 0x7f, 0xf9, 0xef,
    0xff, 0xe2, 0x87, 0xff, 0x9e, 0xff, 0xfe, 0x28,
    0x7f, 0xf9, 0xef, 0xff, 0xe2, 0x87, 0xff, 0x9e,
    0xff, 0xfe, 0x28, 0x7f, 0xf9, 0xef, 0xff, 0xe2,
    0x87, 0xff, 0x9e, 0xff, 0xfe, 0x28, 0x7f, 0xf9,
    0xef, 0xff, 0xe2, 0x87, 0xff, 0x9e, 0xff, 0xfe,
    0x28, 0x7f, 0xf9, 0xef, 0xff, 0xe2, 0x87, 0xff,
    0x9e, 0xff, 0xfe, 0x28, 0x7f, 0xf9, 0xef, 0xff,
    0xe2, 0x87, 0xff, 0x9e, 0xff, 0xfe, 0x28, 0x7f,
    0xf9, 0xef, 0xff, 0xe2, 0x87, 0xff, 0x9e, 0xff,
    0xfe, 0x28, 0x7f, 0xf9, 0xef, 0xff, 0xe2, 0x87,
    0xff, 0x9e, 0xff, 0xfe, 0x28, 0x7f, 0xf9, 0xef,
    0xff, 0xe2, 0x87, 0xff, 0x9e, 0xff, 0xfe, 0x28,
    0x7f, 0xf9, 0xef, 0xff, 0xe2, 0x87, 0xff, 0x9e,
    0xff, 0xfe, 0x28, 0x7f, 0xf9, 0xef, 0xff, 0xe2,
    0x87, 0xff, 0x9e, 0xff, 0xfe, 0x28, 0x7f, 0xf9,
    0xef, 0xff, 0xe2, 0x87, 0xff, 0x9e, 0xff, 0xfe,
    0x28, 0x7f, 0xf9, 0xef, 0xff, 0xe2, 0x87, 0xff,
    0x9e, 0xff, 0xfe, 0x28, 0x7f, 0xf9, 0xef, 0xff,
    0xe2, 0x87, 0xff, 0x9e, 0xff, 0xfe, 0x28, 0x7f,
    0xf9, 0xef, 0xff, 0xe2, 0x87, 0xff, 0x9e, 0xff,
    0xfe, 0x28, 0x7f, 0xf9, 0xef, 0xff, 0xe2, 0x87,
    0xff, 0x9e, 0xff, 0xfe, 0x28, 0x7f, 0xf9, 0xef,
    0xff, 0xe2, 0x87, 0xff, 0x9e, 0xff, 0xfe, 0x28,
    0x7f, 0xf9, 0xef, 0xff, 0xe2, 0x87, 0xff, 0x9e,
    0xff, 0xfe, 0x28, 0x7f, 0xf9, 0xef, 0xff, 0xe2,
    0x87, 0xff, 0x9e, 0xff, 0xfe, 0x28, 0x7f, 0xf9,
    0xef, 0xff, 0xe2, 0x87, 0xff, 0x9c,

    /* U+0047 "G" */
    0xf, 0xfe, 0xf2, 0xa9, 0xff, 0xf5, 0x10, 0xff,
    0xfc, 0xb4, 0xff, 0xfe, 0x5c, 0x87, 0xff, 0xc5,
    0xbf, 0xff, 0xa7, 0x7, 0xff, 0xad, 0xbf, 0xff,
    0xb2, 0x87, 0xff, 0x99, 0xff, 0xfe, 0xf4, 0x1f,
    0xfe, 0x27, 0xff, 0xfc, 0x50, 0x7f, 0xf7, 0x9f,
    0xff, 0xf3, 0x41, 0xff, 0xdb, 0xbf, 0xff, 0xd2,
    0x87, 0xff, 0x5d, 0xff, 0xff, 0x64, 0x1f, 0xfd,
    0x5b, 0xff, 0xfd, 0xe8, 0x7f, 0xf4, 0x5f, 0xff,
    0xf9, 0x41, 0xff, 0xcf, 0x7f, 0xff, 0xe9, 0x7,
    0xff, 0x36, 0xff, 0xff, 0xb8, 0x7f, 0xf2, 0xef,
    0xff, 0xfc, 0x87, 0xff, 0x26, 0xff, 0xff, 0xd8,
    0x7f, 0xf1, 0xef, 0xff, 0xfe, 0x21, 0xff, 0xc5,
    0x7f, 0xff, 0xa7, 0x45, 0x7, 0x95, 0x4f, 0xff,
    0xe7, 0xa1, 0xff, 0xc5, 0x7f, 0xff, 0xa2, 0x87,
    0xff, 0x19, 0xbf, 0xff, 0x94, 0x87, 0xff, 0x1b,
    0xff, 0xf9, 0xf0, 0x7f, 0xf3, 0x1f, 0xff, 0xe3,
    0xa1, 0xff, 0xc6, 0xff, 0xfe, 0x72, 0x1f, 0xfd,
    0x7, 0xff, 0xf8, 0x88, 0x7f, 0xf1, 0xaf, 0xff,
    0xe6, 0x41, 0xff, 0xd4, 0x7f, 0xff, 0x82, 0x87,
    0xff, 0x19, 0xff, 0xfe, 0x62, 0x1f, 0xfd, 0x7f,
    0xff, 0x90, 0xff, 0xe3, 0xff, 0xff, 0x2e, 0xf,
    0xfe, 0xd5, 0xff, 0x90, 0xff, 0xe3, 0xdf, 0xff,
    0xca, 0x83, 0xff, 0xb8, 0xff, 0x90, 0xff, 0xe4,
    0x7f, 0xff, 0x29, 0xf, 0xfe, 0xff, 0xe4, 0x3f,
    0xf9, 0x17, 0xff, 0xf2, 0x50, 0xff, 0xf0, 0xf9,
    0xf, 0xfe, 0x4f, 0xff, 0xf2, 0x50, 0xff, 0xf1,
    0xa1, 0xff, 0xc9, 0xbf, 0xff, 0x91, 0x7, 0xff,
    0xeb, 0xff, 0xf9, 0x21, 0xff, 0xfa, 0xbf, 0xff,
    0x90, 0x1f, 0xff, 0xbf, 0xff, 0xe4, 0x21, 0xff,
    0xfa, 0x7f, 0xff, 0x90, 0x1f, 0xff, 0xbf, 0xff,
    0xe4, 0x21, 0xff, 0xfb, 0xff, 0xfe, 0x3c, 0x1f,
    0xff, 0xb7, 0xff, 0xf8, 0xe1, 0xff, 0xfc, 0xff,
    0xfe, 0x3c, 0x1f, 0xff, 0xcf, 0xff, 0xe3, 0xa1,
    0xff, 0xfb, 0x7f, 0xff, 0x8e, 0x1f, 0xff, 0xcb,
    0xff, 0xf8, 0xc8, 0x7f, 0xff, 0x3f, 0xff, 0x8e,
    0x1f, 0xff, 0xdf, 0xff, 0xe3, 0x87, 0xff, 0xf7,
    0xff, 0xf8, 0xd0, 0x7f, 0xff, 0x1f, 0xff, 0xe3,
    0x21, 0xff, 0xfc, 0xbf, 0xff, 0x8c, 0x1f, 0xff,
    0xdb, 0xff, 0xf8, 0xc1, 0xff, 0xfd, 0xff, 0xfe,
    0x34, 0x1f, 0xff, 0xdf, 0xff, 0xe3, 0x41, 0xff,
    0xfd, 0xff, 0xfe, 0x32, 0x1f, 0xff, 0xdf, 0xff,
    0xe3, 0x21, 0xff, 0xfd, 0xff, 0xfe, 0x32, 0x1f,
    0xff, 0xdf, 0xff, 0xe3, 0x7, 0xff, 0x4f, 0xff,
    0xfb, 0xc7, 0xff, 0xf1, 0x83, 0xff, 0xa7, 0xff,
    0xfd, 0xe3, 0xff, 0xf8, 0xc1, 0xff, 0xd3, 0xff,
    0xfe, 0xf1, 0xff, 0xfc, 0x60, 0xff, 0xe9, 0xff,
    0xff, 0x78, 0xff, 0xfe, 0x30, 0x7f, 0xf4, 0xff,
    0xff, 0xbc, 0x7f, 0xff, 0x18, 0x3f, 0xfa, 0x7f,
    0xff, 0xde, 0x3f, 0xff, 0x8c, 0x1f, 0xfd, 0x3f,
    0xff, 0xef, 0x1f, 0xff, 0xc6, 0xf, 0xfe, 0x9f,
    0xff, 0xf7, 0x8f, 0xff, 0xe3, 0x21, 0xff, 0xd2,
    0xff, 0xfe, 0xf1, 0xff, 0xfc, 0x64, 0x3f, 0xfa,
    0x5f, 0xff, 0xde, 0x3f, 0xff, 0x8d, 0x7, 0xff,
    0x4b, 0xff, 0xfb, 0xc7, 0xff, 0xf1, 0xa0, 0xff,
    0xe9, 0x7f, 0xff, 0x78, 0xbf, 0xff, 0x8c, 0x1f,
    0xfd, 0x2f, 0xff, 0xef, 0x17, 0xff, 0xf1, 0x83,
    0xff, 0xa5, 0xff, 0xfd, 0xe1, 0xff, 0xfe, 0x30,
    0x7f, 0xf4, 0xbf, 0xff, 0xbc, 0xf, 0xff, 0xe3,
    0x21, 0xff, 0xd1, 0x5f, 0xfe, 0x6f, 0xff, 0xf1,
    0x41, 0xff, 0xfc, 0x68, 0x3f, 0xfd, 0x2f, 0xff,
    0xf1, 0x41, 0xff, 0xfc, 0x70, 0xff, 0xf4, 0xbf,
    0xff, 0xc5, 0x5, 0xff, 0xfc, 0x64, 0x3f, 0xfd,
    0xf, 0xff, 0xf1, 0x40, 0xff, 0xff, 0x1a, 0xf,
    0xff, 0x43, 0xff, 0xfc, 0x50, 0xbf, 0xff, 0x8e,
    0x1f, 0xfe, 0x87, 0xff, 0xf8, 0xa1, 0x7f, 0xff,
    0x1d, 0xf, 0xff, 0x3b, 0xff, 0xfc, 0x50, 0x9f,
    0xff, 0xe3, 0x87, 0xff, 0x9d, 0xff, 0xfe, 0x28,
    0x6f, 0xff, 0xe3, 0xa1, 0xff, 0xe6, 0x7f, 0xff,
    0x8a, 0x1b, 0xff, 0xf9, 0x1, 0xff, 0xe6, 0x7f,
    0xff, 0x8a, 0x19, 0xff, 0xfe, 0x3c, 0x1f, 0xfe,
    0x57, 0xff, 0xf8, 0xa1, 0xdf, 0xff, 0xc8, 0xf,
    0xff, 0x2b, 0xff, 0xfc, 0x50, 0xeb, 0xff, 0xf8,
    0xf0, 0x7f, 0xf9, 0x1f, 0xff, 0xe2, 0x87, 0xbf,
    0xff, 0x90, 0x87, 0xff, 0x8d, 0xff, 0xfe, 0x28,
    0x7a, 0xff, 0xfe, 0x40, 0x7f, 0xf8, 0xdf, 0xff,
    0xe2, 0x87, 0x9f, 0xff, 0xe4, 0x87, 0xff, 0x89,
    0xff, 0xfe, 0x28, 0x7d, 0x7f, 0xff, 0x24, 0x3f,
    0xfc, 0x2f, 0xff, 0xf1, 0x43, 0xf7, 0xff, 0xf2,
    0x83, 0xff, 0xc1, 0x7f, 0xff, 0x14, 0x3f, 0x5f,
    0xff, 0xca, 0xf, 0xfe, 0xf3, 0xff, 0xfc, 0x60,
    0xfe, 0xff, 0xfe, 0x58, 0x7f, 0xf7, 0x1f, 0xff,
    0xe3, 0x87, 0xf3, 0xff, 0xfc, 0xb4, 0x3f, 0xfb,
    0x37, 0xff, 0xf2, 0x3, 0xfd, 0x7f, 0xff, 0x2e,
    0xf, 0xfe, 0xb3, 0xff, 0xfc, 0xa0, 0xff, 0xbf,
    0xff, 0x9b, 0x7, 0xff, 0x49, 0xbf, 0xff, 0x96,
    0x1f, 0xf3, 0xff, 0xfc, 0xe8, 0x3f, 0xf9, 0xcf,
    0xff, 0xf3, 0x83, 0xff, 0x80, 0xff, 0xff, 0x3e,
    0x43, 0xff, 0x90, 0xff, 0xff, 0x42, 0xf, 0xfe,
    0xd, 0xff, 0xfd, 0x29, 0x41, 0xfc, 0xab, 0xff,
    0xfa, 0x81, 0xff, 0xc3, 0xbf, 0xff, 0xfe, 0x1f,
    0xfc, 0x5f, 0xff, 0xff, 0x7, 0xff, 0x1f, 0xff,
    0xff, 0x81, 0xff, 0xc9, 0xbf, 0xff, 0xf2, 0x1f,
    0xfc, 0xbb, 0xff, 0xfe, 0xe1, 0xff, 0xcd, 0x7f,
    0xff, 0xe9, 0x7, 0xff, 0x3d, 0xff, 0xff, 0x92,
    0x1f, 0xfd, 0x2b, 0xff, 0xfd, 0xe1, 0xff, 0xd5,
    0x7f, 0xff, 0xd8, 0x87, 0xff, 0x62, 0xff, 0xff,
    0x44, 0x1f, 0xfd, 0xcb, 0xff, 0xfc, 0x90, 0x7f,
    0xf8, 0x2f, 0xff, 0xf0, 0x21, 0xff, 0xe4, 0x7f,
    0xff, 0xb7, 0x21, 0xff, 0xe9, 0xbf, 0xff, 0xab,
    0x21, 0xff, 0xef, 0x6f, 0xff, 0xe6, 0xc8, 0x7f,
    0xfd, 0xd5, 0x4f, 0xff, 0xe0, 0x51, 0x41, 0xff,
    0xd3,

    /* U+0048 "H" */
    0xbf, 0xff, 0x8a, 0x1f, 0xfe, 0x4f, 0xff, 0xe2,
    0xd3, 0xff, 0xf8, 0xa1, 0xff, 0xe4, 0xff, 0xfe,
    0x2d, 0x3f, 0xff, 0x8a, 0x1f, 0xfe, 0x4f, 0xff,
    0xe2, 0xd3, 0xff, 0xf8, 0xa1, 0xff, 0xe4, 0xff,
    0xfe, 0x2d, 0x3f, 0xff, 0x8a, 0x1f, 0xfe, 0x4f,
    0xff, 0xe2, 0xd3, 0xff, 0xf8, 0xa1, 0xff, 0xe4,
    0xff, 0xfe, 0x2d, 0x3f, 0xff, 0x8a, 0x1f, 0xfe,
    0x4f, 0xff, 0xe2, 0xd3, 0xff, 0xf8, 0xa1, 0xff,
    0xe4, 0xff, 0xfe, 0x2d, 0x3f, 0xff, 0x8a, 0x1f,
    0xfe, 0x4f, 0xff, 0xe2, 0xd3, 0xff, 0xf8, 0xa1,
    0xff, 0xe4, 0xff, 0xfe, 0x2d, 0x3f, 0xff, 0x8a,
    0x1f, 0xfe, 0x4f, 0xff, 0xe2, 0xd3, 0xff, 0xf8,
    0xa1, 0xff, 0xe4, 0xff, 0xfe, 0x2d, 0x3f, 0xff,
    0x8a, 0x1f, 0xfe, 0x4f, 0xff, 0xe2, 0xd3, 0xff,
    0xf8, 0xa1, 0xff, 0xe4, 0xff, 0xfe, 0x2d, 0x3f,
    0xff, 0x8a, 0x1f, 0xfe, 0x4f, 0xff, 0xe2, 0xd3,
    0xff, 0xf8, 0xa1, 0xff, 0xe4, 0xff, 0xfe, 0x2d,
    0x3f, 0xff, 0x8a, 0x1f, 0xfe, 0x4f, 0xff, 0xe2,
    0xd3, 0xff, 0xf8, 0xa1, 0xff, 0xe4, 0xff, 0xfe,
    0x2d, 0x3f, 0xff, 0x8a, 0x1f, 0xfe, 0x4f, 0xff,
    0xe2, 0xd3, 0xff, 0xf8, 0xa1, 0xff, 0xe4, 0xff,
    0xfe, 0x2d, 0x3f, 0xff, 0x8a, 0x1f, 0xfe, 0x4f,
    0xff, 0xe2, 0xd3, 0xff, 0xf8, 0xa1, 0xff, 0xe4,
    0xff, 0xfe, 0x2d, 0x3f, 0xff, 0x8a, 0x1f, 0xfe,
    0x4f, 0xff, 0xe2, 0xd3, 0xff, 0xf8, 0xa1, 0xff,
    0xe4, 0xff, 0xfe, 0x2d, 0x3f, 0xff, 0x8a, 0x1f,
    0xfe, 0x4f, 0xff, 0xe2, 0xd3, 0xff, 0xf8, 0xa1,
    0xff, 0xe4, 0xff, 0xfe, 0x2d, 0x3f, 0xff, 0x8a,
    0x1f, 0xfe, 0x4f, 0xff, 0xe2, 0xd3, 0xff, 0xf8,
    0xa1, 0xff, 0xe4, 0xff, 0xfe, 0x2d, 0x3f, 0xff,
    0x8a, 0x1f, 0xfe, 0x4f, 0xff, 0xe2, 0xd3, 0xff,
    0xf8, 0xa1, 0xff, 0xe4, 0xff, 0xfe, 0x2d, 0x3f,
    0xff, 0x8a, 0x1f, 0xfe, 0x4f, 0xff, 0xe2, 0xd3,
    0xff, 0xf8, 0xa1, 0xff, 0xe4, 0xff, 0xfe, 0x2d,
    0x3f, 0xff, 0x8a, 0x1f, 0xfe, 0x4f, 0xff, 0xe2,
    0xd3, 0xff, 0xf8, 0xa1, 0xff, 0xe4, 0xff, 0xfe,
    0x2d, 0x3f, 0xff, 0x8a, 0x1f, 0xfe, 0x4f, 0xff,
    0xe2, 0xd3, 0xff, 0xf8, 0xa1, 0xff, 0xe4, 0xff,
    0xfe, 0x2d, 0x3f, 0xff, 0x8a, 0x1f, 0xfe, 0x4f,
    0xff, 0xe2, 0xd3, 0xff, 0xf8, 0xa1, 0xff, 0xe4,
    0xff, 0xfe, 0x2d, 0x3f, 0xff, 0x8a, 0x1f, 0xfe,
    0x4f, 0xff, 0xe2, 0xd3, 0xff, 0xf8, 0xa1, 0xff,
    0xe4, 0xff, 0xfe, 0x2d, 0x3f, 0xff, 0x8a, 0x1f,
    0xfe, 0x4f, 0xff, 0xe2, 0xd3, 0xff, 0xf8, 0xa1,
    0xff, 0xe4, 0xff, 0xfe, 0x2d, 0x3f, 0xff, 0x8b,
    0x5f, 0xfe, 0x4f, 0xff, 0xe2, 0xd3, 0xff, 0xff,
    0xff, 0xf5, 0x3f, 0xff, 0xff, 0xff, 0x53, 0xff,
    0xff, 0xff, 0xf5, 0x3f, 0xff, 0xff, 0xff, 0x53,
    0xff, 0xff, 0xff, 0xf5, 0x3f, 0xff, 0xff, 0xff,
    0x53, 0xff, 0xff, 0xff, 0xf5, 0x3f, 0xff, 0xff,
    0xff, 0x53, 0xff, 0xff, 0xff, 0xf5, 0x3f, 0xff,
    0xff, 0xff, 0x53, 0xff, 0xff, 0xff, 0xf5, 0x3f,
    0xff, 0xff, 0xff, 0x53, 0xff, 0xff, 0xff, 0xf5,
    0x3f, 0xff, 0xff, 0xff, 0x53, 0xff, 0xff, 0xff,
    0xf5, 0x3f, 0xff, 0x8a, 0x1f, 0xfe, 0x4f, 0xff,
    0xe2, 0xd3, 0xff, 0xf8, 0xa1, 0xff, 0xe4, 0xff,
    0xfe, 0x2d, 0x3f, 0xff, 0x8a, 0x1f, 0xfe, 0x4f,
    0xff, 0xe2, 0xd3, 0xff, 0xf8, 0xa1, 0xff, 0xe4,
    0xff, 0xfe, 0x2d, 0x3f, 0xff, 0x8a, 0x1f, 0xfe,
    0x4f, 0xff, 0xe2, 0xd3, 0xff, 0xf8, 0xa1, 0xff,
    0xe4, 0xff, 0xfe, 0x2d, 0x3f, 0xff, 0x8a, 0x1f,
    0xfe, 0x4f, 0xff, 0xe2, 0xd3, 0xff, 0xf8, 0xa1,
    0xff, 0xe4, 0xff, 0xfe, 0x2d, 0x3f, 0xff, 0x8a,
    0x1f, 0xfe, 0x4f, 0xff, 0xe2, 0xd3, 0xff, 0xf8,
    0xa1, 0xff, 0xe4, 0xff, 0xfe, 0x2d, 0x3f, 0xff,
    0x8a, 0x1f, 0xfe, 0x4f, 0xff, 0xe2, 0xd3, 0xff,
    0xf8, 0xa1, 0xff, 0xe4, 0xff, 0xfe, 0x2d, 0x3f,
    0xff, 0x8a, 0x1f, 0xfe, 0x4f, 0xff, 0xe2, 0xd3,
    0xff, 0xf8, 0xa1, 0xff, 0xe4, 0xff, 0xfe, 0x2d,
    0x3f, 0xff, 0x8a, 0x1f, 0xfe, 0x4f, 0xff, 0xe2,
    0xd3, 0xff, 0xf8, 0xa1, 0xff, 0xe4, 0xff, 0xfe,
    0x2d, 0x3f, 0xff, 0x8a, 0x1f, 0xfe, 0x4f, 0xff,
    0xe2, 0xd3, 0xff, 0xf8, 0xa1, 0xff, 0xe4, 0xff,
    0xfe, 0x2d, 0x3f, 0xff, 0x8a, 0x1f, 0xfe, 0x4f,
    0xff, 0xe2, 0xd3, 0xff, 0xf8, 0xa1, 0xff, 0xe4,
    0xff, 0xfe, 0x2d, 0x3f, 0xff, 0x8a, 0x1f, 0xfe,
    0x4f, 0xff, 0xe2, 0xd3, 0xff, 0xf8, 0xa1, 0xff,
    0xe4, 0xff, 0xfe, 0x2d, 0x3f, 0xff, 0x8a, 0x1f,
    0xfe, 0x4f, 0xff, 0xe2, 0xd3, 0xff, 0xf8, 0xa1,
    0xff, 0xe4, 0xff, 0xfe, 0x2d, 0x3f, 0xff, 0x8a,
    0x1f, 0xfe, 0x4f, 0xff, 0xe2, 0xd3, 0xff, 0xf8,
    0xa1, 0xff, 0xe4, 0xff, 0xfe, 0x2d, 0x3f, 0xff,
    0x8a, 0x1f, 0xfe, 0x4f, 0xff, 0xe2, 0xd3, 0xff,
    0xf8, 0xa1, 0xff, 0xe4, 0xff, 0xfe, 0x2d, 0x3f,
    0xff, 0x8a, 0x1f, 0xfe, 0x4f, 0xff, 0xe2, 0xd3,
    0xff, 0xf8, 0xa1, 0xff, 0xe4, 0xff, 0xfe, 0x2d,
    0x3f, 0xff, 0x8a, 0x1f, 0xfe, 0x4f, 0xff, 0xe2,
    0xd3, 0xff, 0xf8, 0xa1, 0xff, 0xe4, 0xff, 0xfe,
    0x2d, 0x3f, 0xff, 0x8a, 0x1f, 0xfe, 0x4f, 0xff,
    0xe2, 0xd3, 0xff, 0xf8, 0xa1, 0xff, 0xe4, 0xff,
    0xfe, 0x2d, 0x3f, 0xff, 0x8a, 0x1f, 0xfe, 0x4f,
    0xff, 0xe2, 0xd3, 0xff, 0xf8, 0xa1, 0xff, 0xe4,
    0xff, 0xfe, 0x2d, 0x3f, 0xff, 0x8a, 0x1f, 0xfe,
    0x4f, 0xff, 0xe2, 0xd3, 0xff, 0xf8, 0xa1, 0xff,
    0xe4, 0xff, 0xfe, 0x2d, 0x3f, 0xff, 0x8a, 0x1f,
    0xfe, 0x4f, 0xff, 0xe2, 0xd3, 0xff, 0xf8, 0xa1,
    0xff, 0xe4, 0xff, 0xfe, 0x2d, 0x3f, 0xff, 0x8a,
    0x1f, 0xfe, 0x4f, 0xff, 0xe2, 0xd3, 0xff, 0xf8,
    0xa1, 0xff, 0xe4, 0xff, 0xfe, 0x2d, 0x3f, 0xff,
    0x8a, 0x1f, 0xfe, 0x4f, 0xff, 0xe2, 0xd3, 0xff,
    0xf8, 0xa1, 0xff, 0xe4, 0xff, 0xfe, 0x2d, 0x3f,
    0xff, 0x8a, 0x1f, 0xfe, 0x4f, 0xff, 0xe2, 0xc0,

    /* U+0049 "I" */
    0xbf, 0xff, 0x8a, 0x5f, 0xff, 0xc5, 0x2f, 0xff,
    0xe2, 0x97, 0xff, 0xf1, 0x4b, 0xff, 0xf8, 0xa5,
    0xff, 0xfc, 0x52, 0xff, 0xfe, 0x29, 0x7f, 0xff,
    0x14, 0xbf, 0xff, 0x8a, 0x5f, 0xff, 0xc5, 0x2f,
    0xff, 0xe2, 0x97, 0xff, 0xf1, 0x4b, 0xff, 0xf8,
    0xa5, 0xff, 0xfc, 0x52, 0xff, 0xfe, 0x29, 0x7f,
    0xff, 0x14, 0xbf, 0xff, 0x8a, 0x5f, 0xff, 0xc5,
    0x2f, 0xff, 0xe2, 0x97, 0xff, 0xf1, 0x4b, 0xff,
    0xf8, 0xa5, 0xff, 0xfc, 0x52, 0xff, 0xfe, 0x29,
    0x7f, 0xff, 0x14, 0xbf, 0xff, 0x8a, 0x5f, 0xff,
    0xc5, 0x2f, 0xff, 0xe2, 0x97, 0xff, 0xf1, 0x4b,
    0xff, 0xf8, 0xa5, 0xff, 0xfc, 0x52, 0xff, 0xfe,
    0x29, 0x7f, 0xff, 0x14, 0xbf, 0xff, 0x8a, 0x5f,
    0xff, 0xc5, 0x2f, 0xff, 0xe2, 0x97, 0xff, 0xf1,
    0x4b, 0xff, 0xf8, 0xa5, 0xff, 0xfc, 0x52, 0xff,
    0xfe, 0x29, 0x7f, 0xff, 0x14, 0xbf, 0xff, 0x8a,
    0x5f, 0xff, 0xc5, 0x2f, 0xff, 0xe2, 0x97, 0xff,
    0xf1, 0x4b, 0xff, 0xf8, 0xa5, 0xff, 0xfc, 0x52,
    0xff, 0xfe, 0x29, 0x7f, 0xff, 0x14, 0xbf, 0xff,
    0x8a, 0x5f, 0xff, 0xc5, 0x2f, 0xff, 0xe2, 0x97,
    0xff, 0xf1, 0x4b, 0xff, 0xf8, 0xa5, 0xff, 0xfc,
    0x52, 0xff, 0xfe, 0x29, 0x7f, 0xff, 0x14, 0xbf,
    0xff, 0x8a, 0x5f, 0xff, 0xc5, 0x2f, 0xff, 0xe2,
    0x97, 0xff, 0xf1, 0x4b, 0xff, 0xf8, 0xa5, 0xff,
    0xfc, 0x52, 0xff, 0xfe, 0x29, 0x7f, 0xff, 0x14,
    0xbf, 0xff, 0x8a, 0x5f, 0xff, 0xc5, 0x2f, 0xff,
    0xe2, 0x97, 0xff, 0xf1, 0x4b, 0xff, 0xf8, 0xa5,
    0xff, 0xfc, 0x52, 0xff, 0xfe, 0x29, 0x7f, 0xff,
    0x14, 0xbf, 0xff, 0x8a, 0x5f, 0xff, 0xc5, 0x2f,
    0xff, 0xe2, 0x97, 0xff, 0xf1, 0x4b, 0xff, 0xf8,
    0xa5, 0xff, 0xfc, 0x52, 0xff, 0xfe, 0x29, 0x7f,
    0xff, 0x14, 0xbf, 0xff, 0x8a, 0x5f, 0xff, 0xc5,
    0x2f, 0xff, 0xe2, 0x97, 0xff, 0xf1, 0x4b, 0xff,
    0xf8, 0xa5, 0xff, 0xfc, 0x52, 0xff, 0xfe, 0x29,
    0x7f, 0xff, 0x14, 0xbf, 0xff, 0x8a, 0x5f, 0xff,
    0xc5, 0x2f, 0xff, 0xe2, 0x97, 0xff, 0xf1, 0x4b,
    0xff, 0xf8, 0xa5, 0xff, 0xfc, 0x52, 0xff, 0xfe,
    0x29, 0x7f, 0xff, 0x14, 0xbf, 0xff, 0x8a, 0x5f,
    0xff, 0xc5, 0x2f, 0xff, 0xe2, 0x97, 0xff, 0xf1,
    0x4b, 0xff, 0xf8, 0xa5, 0xff, 0xfc, 0x52, 0xff,
    0xfe, 0x28,

    /* U+004A "J" */
    0xf, 0xfe, 0xff, 0xff, 0xf1, 0x83, 0xff, 0xbf,
    0xff, 0xfc, 0x60, 0xff, 0xef, 0xff, 0xff, 0x18,
    0x3f, 0xfb, 0xff, 0xff, 0xc6, 0xf, 0xfe, 0xff,
    0xff, 0xf1, 0x83, 0xff, 0xbf, 0xff, 0xfc, 0x60,
    0xff, 0xef, 0xff, 0xff, 0x18, 0x3f, 0xfb, 0xff,
    0xff, 0xc6, 0xf, 0xfe, 0xff, 0xff, 0xf1, 0x83,
    0xff, 0xbf, 0xff, 0xfc, 0x60, 0xff, 0xef, 0xff,
    0xff, 0x18, 0x3f, 0xfb, 0xff, 0xff, 0xc6, 0xf,
    0xfe, 0xff, 0xff, 0xf1, 0x83, 0xff, 0xbf, 0xff,
    0xfc, 0x60, 0xff, 0xef, 0xff, 0xff, 0x18, 0x3f,
    0xfb, 0xff, 0xff, 0xc6, 0xf, 0xfe, 0xff, 0xff,
    0xf1, 0x83, 0xff, 0xbf, 0xff, 0xfc, 0x60, 0xff,
    0xef, 0xff, 0xff, 0x18, 0x3f, 0xfb, 0xff, 0xff,
    0xc6, 0xf, 0xfe, 0xff, 0xff, 0xf1, 0x83, 0xff,
    0xbf, 0xff, 0xfc, 0x60, 0xff, 0xef, 0xff, 0xff,
    0x18, 0x3f, 0xfb, 0xff, 0xff, 0xc6, 0xf, 0xfe,
    0xff, 0xff, 0xf1, 0x83, 0xff, 0xbf, 0xff, 0xfc,
    0x60, 0xff, 0xef, 0xff, 0xff, 0x18, 0x3f, 0xfb,
    0xff, 0xff, 0xc6, 0xf, 0xfe, 0xff, 0xff, 0xf1,
    0x83, 0xff, 0xbf, 0xff, 0xfc, 0x60, 0xff, 0xef,
    0xff, 0xff, 0x18, 0x3f, 0xfb, 0xff, 0xff, 0xc6,
    0xf, 0xfe, 0xff, 0xff, 0xf1, 0x83, 0xff, 0xbf,
    0xff, 0xfc, 0x60, 0xff, 0xef, 0xff, 0xff, 0x18,
    0x3f, 0xfb, 0xff, 0xff, 0xc6, 0xf, 0xfe, 0xff,
    0xff, 0xf1, 0x83, 0xff, 0xbf, 0xff, 0xfc, 0x60,
    0xff, 0xef, 0xff, 0xff, 0x18, 0x3f, 0xfb, 0xff,
    0xff, 0xc6, 0xf, 0xfe, 0xff, 0xff, 0xf1, 0x83,
    0xff, 0xbf, 0xff, 0xfc, 0x60, 0xff, 0xef, 0xff,
    0xff, 0x18, 0x3f, 0xfb, 0xff, 0xff, 0xc6, 0xf,
    0xfe, 0xff, 0xff, 0xf1, 0x83, 0xff, 0xbf, 0xff,
    0xfc, 0x60, 0xff, 0xef, 0xff, 0xff, 0x18, 0x3f,
    0xfb, 0xff, 0xff, 0xc6, 0xf, 0xfe, 0xff, 0xff,
    0xf1, 0x83, 0xff, 0xbf, 0xff, 0xfc, 0x60, 0xff,
    0xef, 0xff, 0xff, 0x18, 0x3f, 0xfb, 0xff, 0xff,
    0xc6, 0xf, 0xfe, 0xff, 0xff, 0xf1, 0x83, 0xff,
    0xbf, 0xff, 0xfc, 0x60, 0xff, 0xef, 0xff, 0xff,
    0x18, 0x3f, 0xfb, 0xff, 0xff, 0xc6, 0xf, 0xfe,
    0xff, 0xff, 0xf1, 0x83, 0xff, 0xbf, 0xff, 0xfc,
    0x60, 0xff, 0xef, 0xff, 0xff, 0x18, 0x3f, 0xfb,
    0xff, 0xff, 0xc6, 0xf, 0xfe, 0xff, 0xff, 0xf1,
    0x83, 0xff, 0xbf, 0xff, 0xfc, 0x60, 0xff, 0xef,
    0xff, 0xff, 0x18, 0x3f, 0xfb, 0xff, 0xff, 0xc6,
    0xf, 0xfe, 0xff, 0xff, 0xf1, 0x83, 0xff, 0xbf,
    0xff, 0xfc, 0x60, 0xff, 0xef, 0xff, 0xff, 0x18,
    0x3f, 0xfb, 0xff, 0xff, 0xc6, 0xf, 0xfe, 0xff,
    0xff, 0xf1, 0x83, 0xff, 0xbf, 0xff, 0xfc, 0x60,
    0xff, 0xef, 0xff, 0xff, 0x18, 0x3f, 0xfb, 0xff,
    0xff, 0xc6, 0xf, 0xfe, 0xff, 0xff, 0xf1, 0x83,
    0xff, 0xbf, 0xff, 0xfc, 0x60, 0xff, 0xef, 0xff,
    0xff, 0x18, 0x3f, 0xfb, 0xff, 0xff, 0xc6, 0xf,
    0xfe, 0xff, 0xff, 0xf1, 0x60, 0xff, 0xe1, 0xa8,
    0x3f, 0xf9, 0xdf, 0xff, 0xc5, 0x83, 0xf2, 0xaf,
    0xf0, 0x7f, 0xf3, 0x5f, 0xff, 0xe2, 0xa0, 0x55,
    0xff, 0xfc, 0x4, 0x3f, 0xf9, 0x97, 0xff, 0xf1,
    0x53, 0xff, 0xf8, 0xa1, 0xff, 0xcc, 0xff, 0xfe,
    0x30, 0x3f, 0xff, 0x8a, 0x87, 0xff, 0x29, 0xff,
    0xfe, 0x30, 0x2f, 0xff, 0xe2, 0x87, 0xff, 0x2b,
    0xff, 0xf8, 0xe0, 0x7f, 0xff, 0x8a, 0x87, 0xff,
    0x21, 0xff, 0xfe, 0x34, 0x17, 0xff, 0xf1, 0x83,
    0xff, 0x91, 0xff, 0xfc, 0x70, 0xdf, 0xff, 0xc7,
    0xf, 0xfe, 0x37, 0xff, 0xf2, 0x3, 0x3f, 0xff,
    0xc7, 0x43, 0xff, 0x87, 0xff, 0xfc, 0x88, 0x3b,
    0xff, 0xf9, 0x10, 0x7f, 0xf0, 0x2f, 0xff, 0xe4,
    0x87, 0xaf, 0xff, 0xe5, 0x48, 0x65, 0x5f, 0xff,
    0xcb, 0xf, 0xbf, 0xff, 0xd2, 0x87, 0xd7, 0xff,
    0xfa, 0x3, 0xfb, 0xff, 0xfc, 0xe1, 0xfe, 0xbf,
    0xff, 0xcb, 0x7, 0xfd, 0xff, 0xfe, 0x50, 0xff,
    0xe0, 0xff, 0xff, 0x8c, 0x3f, 0xf8, 0x4f, 0xff,
    0xf8, 0x50, 0xff, 0xe1, 0xdf, 0xff, 0xdf, 0x43,
    0xff, 0x8b, 0x7f, 0xff, 0x75, 0xf, 0xfe, 0x3b,
    0xff, 0xfd, 0xb4, 0x3f, 0xf9, 0x2f, 0xff, 0xf6,
    0x43, 0xff, 0x9b, 0x7f, 0xff, 0x56, 0xf, 0xfe,
    0x7b, 0xff, 0xfd, 0x28, 0x3f, 0xfa, 0x6d, 0xff,
    0xfc, 0xd8, 0x3f, 0xfb, 0xd, 0xff, 0xfc, 0x79,
    0xf, 0xfe, 0xf3, 0x4f, 0xfe, 0xa2, 0x1f, 0xfc,
    0xb0,

    /* U+004B "K" */
    0xbf, 0xff, 0x8a, 0x1f, 0xfd, 0xcb, 0xff, 0xf9,
    0x28, 0x57, 0xff, 0xf1, 0x43, 0xff, 0xb7, 0x7f,
    0xff, 0x26, 0xd, 0x7f, 0xff, 0x14, 0x3f, 0xfb,
    0x4f, 0xff, 0xf2, 0x60, 0xeb, 0xff, 0xf8, 0xa1,
    0xff, 0xd9, 0x7f, 0xff, 0x94, 0x1e, 0xbf, 0xff,
    0x8a, 0x1f, 0xfd, 0x87, 0xff, 0xf9, 0x41, 0xf5,
    0xff, 0xfc, 0x50, 0xff, 0xec, 0x7f, 0xff, 0x28,
    0x3f, 0x5f, 0xff, 0xc5, 0xf, 0xfe, 0xbf, 0xff,
    0xf2, 0x83, 0xfa, 0xff, 0xfe, 0x28, 0x7f, 0xf5,
    0xbf, 0xff, 0x94, 0x1f, 0xeb, 0xff, 0xf8, 0xa1,
    0xff, 0xd5, 0xff, 0xfe, 0x50, 0x7f, 0xd7, 0xff,
    0xf1, 0x43, 0xff, 0xa9, 0x7f, 0xff, 0x25, 0xf,
    0xfa, 0xff, 0xfe, 0x28, 0x7f, 0xf4, 0xef, 0xff,
    0xe4, 0xa1, 0xff, 0xc0, 0xbf, 0xff, 0x8a, 0x1f,
    0xfd, 0x27, 0xff, 0xf9, 0x28, 0x7f, 0xf0, 0x6f,
    0xff, 0xe2, 0x87, 0xff, 0x45, 0xff, 0xfe, 0x4c,
    0x1f, 0xfc, 0x2b, 0xff, 0xf8, 0xa1, 0xff, 0xd0,
    0x7f, 0xff, 0x93, 0x7, 0xff, 0xe, 0xff, 0xfe,
    0x28, 0x7f, 0xf4, 0x3f, 0xff, 0x93, 0x7, 0xff,
    0x12, 0xff, 0xfe, 0x28, 0x7f, 0xf3, 0xff, 0xff,
    0x93, 0x7, 0xff, 0x16, 0xff, 0xfe, 0x28, 0x7f,
    0xf3, 0xbf, 0xff, 0x94, 0x1f, 0xfc, 0x6b, 0xff,
    0xf8, 0xa1, 0xff, 0xcd, 0xff, 0xfe, 0x50, 0x7f,
    0xf1, 0xef, 0xff, 0xe2, 0x87, 0xff, 0x32, 0xff,
    0xfe, 0x48, 0x7f, 0xf2, 0x2f, 0xff, 0xe2, 0x87,
    0xff, 0x2e, 0xff, 0xfe, 0x48, 0x7f, 0xf2, 0x6f,
    0xff, 0xe2, 0x87, 0xff, 0x29, 0xff, 0xfe, 0x48,
    0x7f, 0xf2, 0xaf, 0xff, 0xe2, 0x87, 0xff, 0x25,
    0xff, 0xfe, 0x4a, 0x1f, 0xfc, 0xab, 0xff, 0xf8,
    0xa1, 0xff, 0xc9, 0xff, 0xfe, 0x4a, 0x1f, 0xfc,
    0xbb, 0xff, 0xf8, 0xa1, 0xff, 0xc8, 0xff, 0xfe,
    0x4a, 0x1f, 0xfc, 0xcb, 0xff, 0xf8, 0xa1, 0xff,
    0xc7, 0xff, 0xfe, 0x4c, 0x1f, 0xfc, 0xdb, 0xff,
    0xf8, 0xa1, 0xff, 0xc6, 0xff, 0xfe, 0x4c, 0x1f,
    0xfc, 0xeb, 0xff, 0xf8, 0xa1, 0xff, 0xc5, 0xbf,
    0xff, 0x91, 0x7, 0xff, 0x3e, 0xff, 0xfe, 0x28,
    0x7f, 0xf1, 0x2f, 0xff, 0xe4, 0x41, 0xff, 0xd0,
    0xbf, 0xff, 0x8a, 0x1f, 0xfc, 0x3b, 0xff, 0xf9,
    0x21, 0xff, 0xd1, 0xbf, 0xff, 0x8a, 0x1f, 0xfc,
    0x27, 0xff, 0xf9, 0x21, 0xff, 0xd2, 0xbf, 0xff,
    0x8a, 0x1f, 0xfc, 0x17, 0xff, 0xf9, 0x21, 0xff,
    0xd3, 0xbf, 0xff, 0x8a, 0x1f, 0xfc, 0x1f, 0xff,
    0xe4, 0x87, 0xff, 0x52, 0xff, 0xfe, 0x28, 0x7f,
    0xf0, 0x3f, 0xff, 0x92, 0x1f, 0xfd, 0x5b, 0xff,
    0xf8, 0xa1, 0xff, 0x7f, 0xff, 0x25, 0xf, 0xfe,
    0xad, 0xff, 0xfc, 0x50, 0xff, 0x7f, 0xff, 0x25,
    0xf, 0xfe, 0xb5, 0xff, 0xfc, 0x50, 0xfe, 0xbf,
    0xff, 0x90, 0x87, 0xff, 0x5e, 0xff, 0xfe, 0x28,
    0x7e, 0xbf, 0xff, 0x90, 0x87, 0xff, 0x62, 0xff,
    0xfe, 0x28, 0x7d, 0x7f, 0xff, 0x22, 0xf, 0xfe,
    0xcd, 0xff, 0xfc, 0x50, 0xf3, 0xff, 0xfc, 0x88,
    0x3f, 0xfb, 0x57, 0xff, 0xf1, 0x43, 0x9f, 0xff,
    0xe4, 0x41, 0xff, 0xdb, 0xbf, 0xff, 0x8a, 0x1d,
    0xff, 0xfc, 0x90, 0xff, 0xee, 0x5f, 0xff, 0xc5,
    0xd, 0xff, 0xfc, 0x90, 0xff, 0xee, 0xdf, 0xff,
    0xc5, 0xb, 0xff, 0xf9, 0x21, 0xff, 0xde, 0xbf,
    0xff, 0x8a, 0xf, 0xff, 0xe4, 0x87, 0xff, 0x7e,
    0xff, 0xfe, 0x29, 0x7f, 0xff, 0x21, 0xf, 0xfe,
    0xfd, 0xff, 0xfc, 0x5b, 0xff, 0xf9, 0x41, 0xff,
    0xdf, 0xbf, 0xff, 0xb9, 0x7, 0xff, 0x7a, 0xff,
    0xfe, 0xea, 0x1f, 0xfd, 0xdb, 0xff, 0xfb, 0xc1,
    0xff, 0xdd, 0xbf, 0xff, 0xbe, 0x1f, 0xfd, 0xcb,
    0xff, 0xfb, 0xf0, 0x7f, 0xf6, 0xef, 0xff, 0xf0,
    0x21, 0xff, 0xda, 0xbf, 0xff, 0xc2, 0x1f, 0xfd,
    0xab, 0xff, 0xfc, 0x41, 0xff, 0xd9, 0xbf, 0xff,
    0xc5, 0x7, 0xff, 0x62, 0xff, 0xff, 0x1a, 0x1f,
    0xfd, 0x7b, 0xff, 0xfc, 0x81, 0xff, 0xd7, 0xbf,
    0xff, 0x9e, 0xaf, 0xff, 0xe4, 0x7, 0xff, 0x5a,
    0xff, 0xfe, 0x72, 0xb, 0xff, 0xf8, 0xf0, 0x7f,
    0xf5, 0x6f, 0xff, 0xe6, 0xa1, 0xbf, 0xff, 0x90,
    0x87, 0xff, 0x52, 0xff, 0xfe, 0x64, 0x1e, 0xff,
    0xfe, 0x40, 0x7f, 0xf5, 0x2f, 0xff, 0xe5, 0xc1,
    0xf3, 0xff, 0xfc, 0x78, 0x3f, 0xfa, 0x77, 0xff,
    0xf2, 0xa0, 0xfe, 0xff, 0xfe, 0x42, 0x1f, 0xfd,
    0x2b, 0xff, 0xf9, 0x30, 0x7f, 0xdf, 0xff, 0xc8,
    0xf, 0xfe, 0x95, 0xff, 0xfc, 0x90, 0xff, 0xe0,
    0x3f, 0xff, 0xc8, 0xf, 0xfe, 0x8d, 0xff, 0xfc,
    0x80, 0xff, 0xe1, 0x5f, 0xff, 0xc7, 0x83, 0xff,
    0xa1, 0x7f, 0xff, 0x1c, 0x3f, 0xf8, 0x9f, 0xff,
    0xc8, 0x43, 0xff, 0x9f, 0x7f, 0xff, 0x18, 0x3f,
    0xf8, 0xaf, 0xff, 0xf2, 0x3, 0xff, 0x9f, 0x7f,
    0xff, 0x14, 0x3f, 0xf8, 0xf7, 0xff, 0xf2, 0x3,
    0xff, 0x9d, 0x7f, 0xff, 0x14, 0x3f, 0xf9, 0x1f,
    0xff, 0xc8, 0x83, 0xff, 0x9b, 0x7f, 0xff, 0x14,
    0x3f, 0xf9, 0x3f, 0xff, 0xc8, 0x43, 0xff, 0x99,
    0x7f, 0xff, 0x14, 0x3f, 0xf9, 0x2f, 0xff, 0xf2,
    0x3, 0xff, 0x99, 0x7f, 0xff, 0x14, 0x3f, 0xf9,
    0x57, 0xff, 0xf2, 0x3, 0xff, 0x97, 0x7f, 0xff,
    0x14, 0x3f, 0xf9, 0x7f, 0xff, 0xc8, 0x83, 0xff,
    0x95, 0x7f, 0xff, 0x14, 0x3f, 0xf9, 0x6f, 0xff,
    0xf2, 0x10, 0xff, 0xe4, 0xdf, 0xff, 0xc5, 0xf,
    0xfe, 0x65, 0xff, 0xfc, 0x80, 0xff, 0xe4, 0xdf,
    0xff, 0xc5, 0xf, 0xfe, 0x6f, 0xff, 0xf2, 0x43,
    0xff, 0x91, 0x7f, 0xff, 0x14, 0x3f, 0xf9, 0xdf,
    0xff, 0xc8, 0x83, 0xff, 0x8f, 0x7f, 0xff, 0x14,
    0x3f, 0xf9, 0xcf, 0xff, 0xf2, 0x10, 0xff, 0xe3,
    0x5f, 0xff, 0xc5, 0xf, 0xfe, 0x7f, 0xff, 0xf2,
    0x43, 0xff, 0x8d, 0x7f, 0xff, 0x14, 0x3f, 0xfa,
    0x1f, 0xff, 0xc9, 0xf, 0xfe, 0x2d, 0xff, 0xfc,
    0x50, 0xff, 0xe8, 0x3f, 0xff, 0xc8, 0x83, 0xff,
    0x89, 0x7f, 0xff, 0x14, 0x3f, 0xfa, 0x37, 0xff,
    0xf2, 0x10, 0xff, 0xe1, 0xdf, 0xff, 0xc5, 0xf,
    0xfe, 0x97, 0xff, 0xf2, 0x43, 0xff, 0x87, 0x7f,
    0xff, 0x14, 0x3f, 0xfa, 0x7f, 0xff, 0xc8, 0x83,
    0xff, 0x85, 0x7f, 0xff, 0x14, 0x3f, 0xfa, 0x77,
    0xff, 0xf2, 0x10, 0xff, 0xe0, 0xdf, 0xff, 0xc5,
    0xf, 0xfe, 0xa7, 0xff, 0xf2, 0x43, 0xff, 0x83,
    0x7f, 0xff, 0x14, 0x3f, 0xfa, 0xbf, 0xff, 0xc9,
    0xf, 0xfe, 0x5, 0xff, 0xfc, 0x50, 0xff, 0xea,
    0xbf, 0xff, 0xc8, 0x83, 0xfe, 0xbf, 0xff, 0x8a,
    0x1f, 0xfd, 0x6b, 0xff, 0xf9, 0x8, 0x7f, 0xaf,
    0xff, 0xe2, 0x87, 0xff, 0x5f, 0xff, 0xf9, 0x21,
    0xfe, 0xbf, 0xff, 0x8a, 0x1f, 0xfd, 0x77, 0xff,
    0xf9, 0x21, 0xfd, 0x7f, 0xff, 0x14, 0x3f, 0xfb,
    0x17, 0xff, 0xf2, 0x20, 0xfd, 0x7f, 0xff, 0x14,
    0x3f, 0xfb, 0x3f, 0xff, 0xc9, 0x43, 0xeb, 0xff,
    0xf8, 0xa1, 0xff, 0xda, 0xff, 0xfe, 0x48, 0x7d,
    0x7f, 0xff, 0x14, 0x3f, 0xfb, 0x4f, 0xff, 0xf2,
    0x43, 0xd7, 0xff, 0xf1, 0x43, 0xff, 0xb7, 0x7f,
    0xff, 0x22, 0xe, 0xbf, 0xff, 0x8a, 0x1f, 0xfd,
    0xcf, 0xff, 0xe4, 0xa1, 0xaf, 0xff, 0xe2, 0x87,
    0xff, 0x71, 0xff, 0xfe, 0x48, 0x6b, 0xff, 0xf8,
    0xa1, 0xff, 0xdd, 0xbf, 0xff, 0x92, 0x15, 0xff,
    0xfc, 0x50, 0xff, 0xef, 0x7f, 0xff, 0x26, 0x5,
    0xff, 0xfc, 0x50, 0xff, 0xef, 0xff, 0xff, 0x25,
    0x2f, 0xff, 0xe2, 0x87, 0xff, 0x7d, 0xff, 0xfe,
    0x48,

    /* U+004C "L" */
    0xbf, 0xff, 0x8a, 0x1f, 0xfe, 0x8b, 0xff, 0xf8,
    0xa1, 0xff, 0xe8, 0xbf, 0xff, 0x8a, 0x1f, 0xfe,
    0x8b, 0xff, 0xf8, 0xa1, 0xff, 0xe8, 0xbf, 0xff,
    0x8a, 0x1f, 0xfe, 0x8b, 0xff, 0xf8, 0xa1, 0xff,
    0xe8, 0xbf, 0xff, 0x8a, 0x1f, 0xfe, 0x8b, 0xff,
    0xf8, 0xa1, 0xff, 0xe8, 0xbf, 0xff, 0x8a, 0x1f,
    0xfe, 0x8b, 0xff, 0xf8, 0xa1, 0xff, 0xe8, 0xbf,
    0xff, 0x8a, 0x1f, 0xfe, 0x8b, 0xff, 0xf8, 0xa1,
    0xff, 0xe8, 0xbf, 0xff, 0x8a, 0x1f, 0xfe, 0x8b,
    0xff, 0xf8, 0xa1, 0xff, 0xe8, 0xbf, 0xff, 0x8a,
    0x1f, 0xfe, 0x8b, 0xff, 0xf8, 0xa1, 0xff, 0xe8,
    0xbf, 0xff, 0x8a, 0x1f, 0xfe, 0x8b, 0xff, 0xf8,
    0xa1, 0xff, 0xe8, 0xbf, 0xff, 0x8a, 0x1f, 0xfe,
    0x8b, 0xff, 0xf8, 0xa1, 0xff, 0xe8, 0xbf, 0xff,
    0x8a, 0x1f, 0xfe, 0x8b, 0xff, 0xf8, 0xa1, 0xff,
    0xe8, 0xbf, 0xff, 0x8a, 0x1f, 0xfe, 0x8b, 0xff,
    0xf8, 0xa1, 0xff, 0xe8, 0xbf, 0xff, 0x8a, 0x1f,
    0xfe, 0x8b, 0xff, 0xf8, 0xa1, 0xff, 0xe8, 0xbf,
    0xff, 0x8a, 0x1f, 0xfe, 0x8b, 0xff, 0xf8, 0xa1,
    0xff, 0xe8, 0xbf, 0xff, 0x8a, 0x1f, 0xfe, 0x8b,
    0xff, 0xf8, 0xa1, 0xff, 0xe8, 0xbf, 0xff, 0x8a,
    0x1f, 0xfe, 0x8b, 0xff, 0xf8, 0xa1, 0xff, 0xe8,
    0xbf, 0xff, 0x8a, 0x1f, 0xfe, 0x8b, 0xff, 0xf8,
    0xa1, 0xff, 0xe8, 0xbf, 0xff, 0x8a, 0x1f, 0xfe,
    0x8b, 0xff, 0xf8, 0xa1, 0xff, 0xe8, 0xbf, 0xff,
    0x8a, 0x1f, 0xfe, 0x8b, 0xff, 0xf8, 0xa1, 0xff,
    0xe8, 0xbf, 0xff, 0x8a, 0x1f, 0xfe, 0x8b, 0xff,
    0xf8, 0xa1, 0xff, 0xe8, 0xbf, 0xff, 0x8a, 0x1f,
    0xfe, 0x8b, 0xff, 0xf8, 0xa1, 0xff, 0xe8, 0xbf,
    0xff, 0x8a, 0x1f, 0xfe, 0x8b, 0xff, 0xf8, 0xa1,
    0xff, 0xe8, 0xbf, 0xff, 0x8a, 0x1f, 0xfe, 0x8b,
    0xff, 0xf8, 0xa1, 0xff, 0xe8, 0xbf, 0xff, 0x8a,
    0x1f, 0xfe, 0x8b, 0xff, 0xf8, 0xa1, 0xff, 0xe8,
    0xbf, 0xff, 0x8a, 0x1f, 0xfe, 0x8b, 0xff, 0xf8,
    0xa1, 0xff, 0xe8, 0xbf, 0xff, 0x8a, 0x1f, 0xfe,
    0x8b, 0xff, 0xf8, 0xa1, 0xff, 0xe8, 0xbf, 0xff,
    0x8a, 0x1f, 0xfe, 0x8b, 0xff, 0xf8, 0xa1, 0xff,
    0xe8, 0xbf, 0xff, 0x8a, 0x1f, 0xfe, 0x8b, 0xff,
    0xf8, 0xa1, 0xff, 0xe8, 0xbf, 0xff, 0x8a, 0x1f,
    0xfe, 0x8b, 0xff, 0xf8, 0xa1, 0xff, 0xe8, 0xbf,
    0xff, 0x8a, 0x1f, 0xfe, 0x8b, 0xff, 0xf8, 0xa1,
    0xff, 0xe8, 0xbf, 0xff, 0x8a, 0x1f, 0xfe, 0x8b,
    0xff, 0xf8, 0xa1, 0xff, 0xe8, 0xbf, 0xff, 0x8a,
    0x1f, 0xfe, 0x8b, 0xff, 0xf8, 0xa1, 0xff, 0xe8,
    0xbf, 0xff, 0x8a, 0x1f, 0xfe, 0x8b, 0xff, 0xf8,
    0xa1, 0xff, 0xe8, 0xbf, 0xff, 0x8a, 0x1f, 0xfe,
    0x8b, 0xff, 0xf8, 0xa1, 0xff, 0xe8, 0xbf, 0xff,
    0x8a, 0x1f, 0xfe, 0x8b, 0xff, 0xf8, 0xa1, 0xff,
    0xe8, 0xbf, 0xff, 0x8a, 0x1f, 0xfe, 0x8b, 0xff,
    0xf8, 0xa1, 0xff, 0xe8, 0xbf, 0xff, 0x8a, 0x1f,
    0xfe, 0x8b, 0xff, 0xf8, 0xa1, 0xff, 0xe8, 0xbf,
    0xff, 0x8a, 0x1f, 0xfe, 0x8b, 0xff, 0xf8, 0xa1,
    0xff, 0xe8, 0xbf, 0xff, 0x8a, 0x1f, 0xfe, 0x8b,
    0xff, 0xf8, 0xa1, 0xff, 0xe8, 0xbf, 0xff, 0x8a,
    0x1f, 0xfe, 0x8b, 0xff, 0xf8, 0xa1, 0xff, 0xe8,
    0xbf, 0xff, 0x8a, 0x1f, 0xfe, 0x8b, 0xff, 0xf8,
    0xa1, 0xff, 0xe8, 0xbf, 0xff, 0x8a, 0x1f, 0xfe,
    0x8b, 0xff, 0xf8, 0xa1, 0xff, 0xe8, 0xbf, 0xff,
    0x8a, 0x1f, 0xfe, 0x8b, 0xff, 0xf8, 0xa1, 0xff,
    0xe8, 0xbf, 0xff, 0x8a, 0x1f, 0xfe, 0x8b, 0xff,
    0xf8, 0xb5, 0xff, 0xe7, 0x6f, 0xff, 0xfc, 0x53,
    0xff, 0xff, 0x14, 0xff, 0xff, 0xc5, 0x3f, 0xff,
    0xf1, 0x4f, 0xff, 0xfc, 0x53, 0xff, 0xff, 0x14,
    0xff, 0xff, 0xc5, 0x3f, 0xff, 0xf1, 0x4f, 0xff,
    0xfc, 0x53, 0xff, 0xff, 0x14, 0xff, 0xff, 0xc5,
    0x3f, 0xff, 0xf1, 0x4f, 0xff, 0xfc, 0x53, 0xff,
    0xff, 0x14, 0xff, 0xff, 0xc4,

    /* U+004D "M" */
    0xbf, 0xff, 0x8b, 0x7, 0xff, 0xeb, 0xff, 0xf8,
    0xb4, 0xff, 0xfe, 0x30, 0x7f, 0xfe, 0x6f, 0xff,
    0xe3, 0x5f, 0xff, 0xc7, 0xf, 0xff, 0xc7, 0xff,
    0xf1, 0xef, 0xff, 0xe3, 0xa1, 0xff, 0xf6, 0xbf,
    0xff, 0x8f, 0x7f, 0xff, 0x20, 0x3f, 0xfe, 0xaf,
    0xff, 0xf2, 0x2f, 0xff, 0xe4, 0x21, 0xff, 0xf4,
    0xff, 0xfe, 0x4d, 0xff, 0xfc, 0x90, 0xff, 0xf9,
    0xbf, 0xff, 0xc9, 0xbf, 0xff, 0x92, 0x87, 0xff,
    0xcb, 0xff, 0xf9, 0x57, 0xff, 0xf2, 0x83, 0xff,
    0xe2, 0xff, 0xff, 0x2a, 0xff, 0xfe, 0x54, 0x1f,
    0xff, 0xf, 0xff, 0xe5, 0xdf, 0xff, 0xcb, 0xf,
    0xff, 0x7d, 0xff, 0xfc, 0xbb, 0xff, 0xf9, 0x70,
    0x7f, 0xfb, 0xbf, 0xff, 0x99, 0x7f, 0xff, 0x30,
    0x3f, 0xfd, 0xb7, 0xff, 0xf3, 0x2f, 0xff, 0xe6,
    0x41, 0xff, 0xec, 0xff, 0xfe, 0x6d, 0xff, 0xfc,
    0xd4, 0x3f, 0xfd, 0x57, 0xff, 0xf3, 0x6f, 0xff,
    0xe7, 0x7, 0xff, 0xa5, 0xff, 0xfe, 0x75, 0xff,
    0xfc, 0xe4, 0x3f, 0xfd, 0x1f, 0xff, 0xcf, 0xbf,
    0xff, 0x9e, 0x1f, 0xfe, 0x77, 0xff, 0xf9, 0xf7,
    0xff, 0xf3, 0xd0, 0xff, 0xf3, 0x7f, 0xff, 0x42,
    0xff, 0xfe, 0x80, 0x7f, 0xf9, 0x5f, 0xff, 0xe8,
    0x5f, 0xff, 0xd0, 0x83, 0xff, 0xc9, 0xff, 0xfd,
    0x1b, 0xff, 0xfa, 0x21, 0xff, 0xe3, 0xbf, 0xff,
    0xa3, 0x7f, 0xff, 0x46, 0xf, 0xff, 0x17, 0xff,
    0xf4, 0xaf, 0xff, 0xe9, 0x7, 0xff, 0x86, 0xff,
    0xfe, 0x95, 0xff, 0xfd, 0x28, 0x3f, 0xfc, 0x1f,
    0xff, 0xd3, 0xbf, 0xff, 0xa6, 0x87, 0xff, 0x7b,
    0xff, 0xfa, 0x97, 0xff, 0xf5, 0x3, 0xff, 0xba,
    0xff, 0xff, 0x52, 0xff, 0xfe, 0xa2, 0x1f, 0xfd,
    0xcf, 0xff, 0xea, 0xdf, 0xff, 0xd5, 0xf, 0xfe,
    0xdb, 0xff, 0xfd, 0x5b, 0xff, 0xfa, 0xa8, 0x7f,
    0xf6, 0xbf, 0xff, 0xad, 0x7f, 0xff, 0x58, 0x3f,
    0xfb, 0x2f, 0xff, 0xf5, 0xaf, 0xff, 0xe2, 0x3f,
    0xff, 0xc5, 0x83, 0xff, 0xb1, 0xff, 0xfc, 0x57,
    0xff, 0xf8, 0xb7, 0xff, 0xf1, 0x15, 0xff, 0xfc,
    0x50, 0xff, 0xeb, 0xdf, 0xff, 0xc4, 0x57, 0xff,
    0xf1, 0x6f, 0xff, 0xe2, 0x27, 0xff, 0xf1, 0x60,
    0xff, 0xeb, 0x7f, 0xff, 0x14, 0x7f, 0xff, 0x8b,
    0x7f, 0xff, 0x11, 0x1f, 0xff, 0xe2, 0x87, 0xff,
    0x56, 0xff, 0xfe, 0x22, 0x3f, 0xff, 0xc5, 0xbf,
    0xff, 0x88, 0x83, 0xff, 0xf8, 0xb0, 0x7f, 0xf5,
    0x3f, 0xff, 0x8a, 0x7, 0xff, 0xf8, 0xb7, 0xff,
    0xf1, 0x10, 0x3f, 0xff, 0xc5, 0xf, 0xfe, 0x9f,
    0xff, 0xf1, 0x50, 0x3f, 0xff, 0xc5, 0xbf, 0xff,
    0x88, 0x85, 0x7f, 0xff, 0x14, 0x3f, 0xfa, 0x2f,
    0xff, 0xf1, 0x42, 0x7f, 0xff, 0x8b, 0x7f, 0xff,
    0x11, 0xd, 0xff, 0xfc, 0x54, 0x3f, 0xfa, 0x1f,
    0xff, 0xc5, 0x42, 0x7f, 0xff, 0x8b, 0x7f, 0xff,
    0x11, 0xd, 0x7f, 0xff, 0x14, 0x3f, 0xf9, 0xef,
    0xff, 0xf1, 0x20, 0xcf, 0xff, 0xf1, 0x6f, 0xff,
    0xe2, 0x21, 0xdf, 0xff, 0xc5, 0x43, 0xff, 0x9d,
    0xff, 0xfc, 0x50, 0xe7, 0xff, 0xf8, 0xb7, 0xff,
    0xf1, 0x10, 0xeb, 0xff, 0xf8, 0xa1, 0xff, 0xcd,
    0xbf, 0xff, 0x89, 0x7, 0x3f, 0xff, 0xc5, 0xbf,
    0xff, 0x88, 0x87, 0xbf, 0xff, 0x8a, 0x87, 0xff,
    0x33, 0xff, 0xf8, 0xa1, 0xe7, 0xff, 0xf8, 0xb7,
    0xff, 0xf1, 0x10, 0xf5, 0xff, 0xfc, 0x50, 0xff,
    0xe5, 0xdf, 0xff, 0xc4, 0x83, 0xcf, 0xff, 0xf1,
    0x6f, 0xff, 0xe2, 0x21, 0xf7, 0xff, 0xf1, 0x60,
    0xff, 0xe5, 0x7f, 0xff, 0x14, 0x3e, 0x7f, 0xff,
    0x8b, 0x7f, 0xff, 0x11, 0xf, 0xaf, 0xff, 0xe2,
    0x87, 0xff, 0x26, 0xff, 0xfe, 0x24, 0x1f, 0x3f,
    0xff, 0xc5, 0xbf, 0xff, 0x88, 0x87, 0xef, 0xff,
    0xe2, 0xc1, 0xff, 0xc7, 0x7f, 0xff, 0x8a, 0x1f,
    0x9f, 0xff, 0xe2, 0xdf, 0xff, 0xc4, 0x43, 0xf3,
    0xff, 0xfc, 0x50, 0xff, 0xe3, 0xff, 0xff, 0x15,
    0xf, 0xcf, 0xff, 0xf1, 0x6f, 0xff, 0xe2, 0x21,
    0xfd, 0xff, 0xfc, 0x60, 0xff, 0xe2, 0xbf, 0xff,
    0xc5, 0xf, 0xe7, 0xff, 0xf8, 0xb7, 0xff, 0xf1,
    0x10, 0xfe, 0x7f, 0xff, 0x8a, 0x87, 0xff, 0x13,
    0xff, 0xf8, 0xa8, 0x7f, 0x3f, 0xff, 0xc5, 0xbf,
    0xff, 0x88, 0x87, 0xfb, 0xff, 0xf8, 0xc1, 0xff,
    0xc3, 0x7f, 0xff, 0x8a, 0x1f, 0xe7, 0xff, 0xf8,
    0xb7, 0xff, 0xf1, 0x10, 0xff, 0x3f, 0xff, 0xc5,
    0x43, 0xff, 0x85, 0xff, 0xfc, 0x54, 0x3f, 0xcf,
    0xff, 0xf1, 0x6f, 0xff, 0xe2, 0x21, 0xff, 0x7f,
    0xff, 0x18, 0x3f, 0xf8, 0x37, 0xff, 0xf1, 0x43,
    0xfe, 0x7f, 0xff, 0x8b, 0x7f, 0xff, 0x11, 0xf,
    0xf9, 0xff, 0xfe, 0x2a, 0x1f, 0xfc, 0xf, 0xff,
    0xe2, 0xa1, 0xff, 0x3f, 0xff, 0xc5, 0xbf, 0xff,
    0x88, 0x87, 0xff, 0x2, 0xff, 0xfe, 0x28, 0x7f,
    0xd7, 0xff, 0xf1, 0x43, 0xff, 0x80, 0xff, 0xff,
    0x16, 0xff, 0xfe, 0x22, 0x1f, 0xfc, 0x1f, 0xff,
    0xe2, 0xc1, 0xfe, 0xff, 0xfe, 0x2a, 0x1f, 0xfc,
    0x7, 0xff, 0xf8, 0xb7, 0xff, 0xf1, 0x10, 0xff,
    0xe0, 0xdf, 0xff, 0xc5, 0xf, 0xeb, 0xff, 0xf8,
    0x90, 0x7f, 0xf0, 0x5f, 0xff, 0xe2, 0xdf, 0xff,
    0xc4, 0x43, 0xff, 0x85, 0xff, 0xfc, 0x58, 0x3e,
    0x7f, 0xff, 0x8a, 0x1f, 0xfc, 0x27, 0xff, 0xf8,
    0xb7, 0xff, 0xf1, 0x10, 0xff, 0xe1, 0x5f, 0xff,
    0xc5, 0xf, 0xbf, 0xff, 0x8b, 0x7, 0xff, 0x9,
    0xff, 0xfe, 0x2d, 0xff, 0xfc, 0x44, 0x3f, 0xf8,
    0x7f, 0xff, 0xc5, 0x83, 0x9f, 0xff, 0xe2, 0x87,
    0xff, 0xd, 0xff, 0xfe, 0x2d, 0xff, 0xfc, 0x44,
    0x3f, 0xf8, 0x77, 0xff, 0xf1, 0x50, 0xdf, 0xff,
    0xc5, 0x83, 0xff, 0x86, 0xff, 0xff, 0x16, 0xff,
    0xfe, 0x22, 0x1f, 0xfc, 0x4f, 0xff, 0xe3, 0x4,
    0xff, 0xff, 0x14, 0x3f, 0xf8, 0x8f, 0xff, 0xf1,
    0x6f, 0xff, 0xe2, 0x21, 0xff, 0xc4, 0x7f, 0xff,
    0x8a, 0x83, 0xff, 0xf8, 0xb0, 0x7f, 0xf1, 0x1f,
    0xff, 0xe2, 0xdf, 0xff, 0xc4, 0x43, 0xff, 0x8b,
    0xff, 0xfc, 0x62, 0xff, 0xfe, 0x28, 0x7f, 0xf1,
    0x5f, 0xff, 0xe2, 0xdf, 0xff, 0xc4, 0x43, 0xff,
    0x8a, 0xff, 0xff, 0x16, 0xff, 0xfe, 0x2a, 0x1f,
    0xfc, 0x57, 0xff, 0xf8, 0xb7, 0xff, 0xf1, 0x10,
    0xff, 0xe3, 0x7f, 0xff, 0x5c, 0x3f, 0xf8, 0xcf,
    0xff, 0xf1, 0x6f, 0xff, 0xe2, 0x21, 0xff, 0xc6,
    0x7f, 0xff, 0xaa, 0x87, 0xff, 0x19, 0xff, 0xfe,
    0x2d, 0xff, 0xfc, 0x44, 0x3f, 0xf8, 0xff, 0xff,
    0xd5, 0xf, 0xfe, 0x3b, 0xff, 0xfc, 0x5b, 0xff,
    0xf8, 0x88, 0x7f, 0xf1, 0xdf, 0xff, 0xe9, 0xa1,
    0xff, 0xc7, 0x7f, 0xff, 0x8b, 0x7f, 0xff, 0x11,
    0xf, 0xfe, 0x47, 0xff, 0xf4, 0xc3, 0xff, 0x90,
    0xff, 0xff, 0x16, 0xff, 0xfe, 0x22, 0x1f, 0xfc,
    0x9f, 0xff, 0xe8, 0xa1, 0xff, 0xc8, 0x7f, 0xff,
    0x8b, 0x7f, 0xff, 0x11, 0xf, 0xfe, 0x4d, 0xff,
    0xfd, 0x0, 0xff, 0xe4, 0xbf, 0xff, 0xc5, 0xbf,
    0xff, 0x88, 0x87, 0xff, 0x2b, 0xff, 0xf9, 0xe1,
    0xff, 0xca, 0x7f, 0xff, 0x8b, 0x7f, 0xff, 0x11,
    0xf, 0xfe, 0x55, 0xff, 0xfc, 0xd8, 0x3f, 0xf9,
    0x4f, 0xff, 0xf1, 0x6f, 0xff, 0xe2, 0x21, 0xff,
    0xcb, 0xff, 0xfe, 0x68, 0x7f, 0xf2, 0xdf, 0xff,
    0xe2, 0xdf, 0xff, 0xc4, 0x43, 0xff, 0x97, 0x7f,
    0xff, 0x2e, 0xf, 0xfe, 0x5b, 0xff, 0xfc, 0x5b,
    0xff, 0xf8, 0x88, 0x7f, 0xf3, 0x3f, 0xff, 0x96,
    0x1f, 0xfc, 0xc7, 0xff, 0xf8, 0xb7, 0xff, 0xf1,
    0x10, 0xff, 0xe6, 0x5f, 0xff, 0xc9, 0x83, 0xff,
    0x98, 0xff, 0xff, 0x16, 0xff, 0xfe, 0x22, 0x1f,
    0xfc, 0xdf, 0xff, 0xe4, 0x87, 0xff, 0x35, 0xff,
    0xfe, 0x2d, 0xff, 0xfc, 0x44, 0x3f, 0xf9, 0xaf,
    0xff, 0xf1, 0xe0, 0xff, 0xe6, 0xbf, 0xff, 0xc5,
    0xbf, 0xff, 0x88, 0x87, 0xff, 0x3b, 0xff, 0xf8,
    0xe1, 0xff, 0xce, 0x7f, 0xff, 0x8b, 0x7f, 0xff,
    0x11, 0xf, 0xfe, 0x73, 0xff, 0xfc, 0x54, 0x3f,
    0xf9, 0xcf, 0xff, 0xf1, 0x6f, 0xff, 0xe2, 0x21,
    0xff, 0xcf, 0xff, 0xfe, 0x28, 0x7f, 0xf3, 0xdf,
    0xff, 0xe2, 0xdf, 0xff, 0xc4, 0x43, 0xff, 0x9e,
    0xff, 0xff, 0xd, 0xf, 0xfe, 0x7b, 0xff, 0xfc,
    0x5b, 0xff, 0xf8, 0x88, 0x7f, 0xf4, 0x3f, 0xff,
    0x86, 0x1f, 0xfd, 0x7, 0xff, 0xf8, 0xb7, 0xff,
    0xf1, 0x10, 0xff, 0xe8, 0x3f, 0xff, 0xc1, 0x43,
    0xff, 0xa0, 0xff, 0xff, 0x16, 0xff, 0xfe, 0x22,
    0x1f, 0xfd, 0x1f, 0xff, 0xe0, 0x87, 0xff, 0x45,
    0xff, 0xfe, 0x2d, 0xff, 0xfc, 0x44, 0x3f, 0xfa,
    0x5f, 0xff, 0x21, 0xff, 0xd1, 0x7f, 0xff, 0x8b,
    0x7f, 0xff, 0x11, 0xf, 0xfe, 0x95, 0xff, 0xe0,
    0xff, 0xe9, 0x3f, 0xff, 0xc5, 0xbf, 0xff, 0x88,
    0x87, 0xff, 0xed, 0xff, 0xfe, 0x2d, 0xff, 0xfc,
    0x44, 0x3f, 0xff, 0x6f, 0xff, 0xf1, 0x6f, 0xff,
    0xe2, 0x21, 0xff, 0xfb, 0x7f, 0xff, 0x8b, 0x7f,
    0xff, 0x11, 0xf, 0xff, 0xdb, 0xff, 0xfc, 0x5b,
    0xff, 0xf8, 0x88, 0x7f, 0xfe, 0xdf, 0xff, 0xe2,
    0xdf, 0xff, 0xc4, 0x43, 0xff, 0xf6, 0xff, 0xff,
    0x16, 0xff, 0xfe, 0x22, 0x1f, 0xff, 0xb7, 0xff,
    0xf8, 0xb7, 0xff, 0xf1, 0x10, 0xff, 0xfd, 0xbf,
    0xff, 0xc5, 0xbf, 0xff, 0x88, 0x87, 0xff, 0xed,
    0xff, 0xfe, 0x2d, 0xff, 0xfc, 0x44, 0x3f, 0xff,
    0x6f, 0xff, 0xf1, 0x6f, 0xff, 0xe2, 0x21, 0xff,
    0xfb, 0x7f, 0xff, 0x8b, 0x7f, 0xff, 0x11, 0xf,
    0xff, 0xdb, 0xff, 0xfc, 0x5b, 0xff, 0xf8, 0x88,
    0x7f, 0xfe, 0xdf, 0xff, 0xe2, 0xdf, 0xff, 0xc4,
    0x43, 0xff, 0xf6, 0xff, 0xff, 0x14,

    /* U+004E "N" */
    0xbf, 0xff, 0x8e, 0x1f, 0xfe, 0x37, 0xff, 0xf8,
    0x94, 0xff, 0xfe, 0x3a, 0x1f, 0xfe, 0x27, 0xff,
    0xf8, 0x94, 0xff, 0xfe, 0x40, 0x7f, 0xf8, 0x9f,
    0xff, 0xe2, 0x53, 0xff, 0xf9, 0x10, 0x7f, 0xf8,
    0x5f, 0xff, 0xe2, 0x53, 0xff, 0xf9, 0x28, 0x7f,
    0xf8, 0x1f, 0xff, 0xe2, 0x53, 0xff, 0xf9, 0x41,
    0xff, 0xe0, 0x7f, 0xff, 0x89, 0x4f, 0xff, 0xe5,
    0x41, 0xff, 0xdf, 0x7f, 0xff, 0x89, 0x4f, 0xff,
    0xe5, 0xa1, 0xff, 0xde, 0x7f, 0xff, 0x89, 0x4f,
    0xff, 0xe6, 0x7, 0xff, 0x79, 0xff, 0xfe, 0x25,
    0x3f, 0xff, 0x99, 0x7, 0xff, 0x75, 0xff, 0xfe,
    0x25, 0x3f, 0xff, 0x9a, 0x1f, 0xfd, 0xd7, 0xff,
    0xf8, 0x94, 0xff, 0xfe, 0x70, 0x7f, 0xf7, 0x1f,
    0xff, 0xe2, 0x53, 0xff, 0xf9, 0xc8, 0x7f, 0xf6,
    0xdf, 0xff, 0xe2, 0x53, 0xff, 0xf9, 0xe1, 0xff,
    0xdb, 0x7f, 0xff, 0x89, 0x4f, 0xff, 0xe7, 0xc1,
    0xff, 0xda, 0x7f, 0xff, 0x89, 0x4f, 0xff, 0xe8,
    0x21, 0xff, 0xd9, 0x7f, 0xff, 0x89, 0x4f, 0xff,
    0xe8, 0x87, 0xff, 0x65, 0xff, 0xfe, 0x25, 0x3f,
    0xff, 0xa3, 0x7, 0xff, 0x61, 0xff, 0xfe, 0x25,
    0x3f, 0xff, 0xa4, 0x87, 0xff, 0x5d, 0xff, 0xfe,
    0x25, 0x3f, 0xff, 0xa6, 0x1f, 0xfd, 0x77, 0xff,
    0xf8, 0x94, 0xff, 0xfe, 0x9c, 0x1f, 0xfd, 0x67,
    0xff, 0xf8, 0x94, 0xff, 0xfe, 0xa0, 0x7f, 0xf5,
    0x9f, 0xff, 0xe2, 0x53, 0xff, 0xfa, 0xa1, 0xff,
    0xd5, 0x7f, 0xff, 0x89, 0x4f, 0xff, 0xea, 0xa1,
    0xff, 0xd4, 0x7f, 0xff, 0x89, 0x4f, 0xff, 0xeb,
    0x7, 0xff, 0x51, 0xff, 0xfe, 0x25, 0x3f, 0xff,
    0xad, 0x7, 0xff, 0x4d, 0xff, 0xfe, 0x25, 0x3f,
    0xff, 0xae, 0x87, 0xff, 0x49, 0xff, 0xfe, 0x25,
    0x3f, 0xff, 0x89, 0x7f, 0xff, 0x1c, 0x3f, 0xfa,
    0x4f, 0xff, 0xf1, 0x29, 0xff, 0xfc, 0x46, 0xff,
    0xfe, 0x34, 0x1f, 0xfd, 0x17, 0xff, 0xf8, 0x94,
    0xff, 0xfe, 0x22, 0x7f, 0xff, 0x1d, 0xf, 0xfe,
    0x83, 0xff, 0xfc, 0x4a, 0x7f, 0xff, 0x11, 0x1f,
    0xff, 0xe3, 0x87, 0xff, 0x41, 0xff, 0xfe, 0x25,
    0x3f, 0xff, 0x88, 0x82, 0xff, 0xfe, 0x34, 0x1f,
    0xfc, 0xf7, 0xff, 0xf8, 0x94, 0xff, 0xfe, 0x22,
    0x17, 0xff, 0xf1, 0xc3, 0xff, 0x9e, 0xff, 0xff,
    0x12, 0x9f, 0xff, 0xc4, 0x42, 0x7f, 0xff, 0x8e,
    0x1f, 0xfc, 0xe7, 0xff, 0xf8, 0x94, 0xff, 0xfe,
    0x22, 0x1b, 0xff, 0xf8, 0xe8, 0x7f, 0xf3, 0x5f,
    0xff, 0xe2, 0x53, 0xff, 0xf8, 0x88, 0x77, 0xff,
    0xf1, 0xc3, 0xff, 0x9a, 0xff, 0xff, 0x12, 0x9f,
    0xff, 0xc4, 0x43, 0xaf, 0xff, 0xe3, 0x41, 0xff,
    0xcc, 0x7f, 0xff, 0x89, 0x4f, 0xff, 0xe2, 0x21,
    0xef, 0xff, 0xe3, 0xa1, 0xff, 0xcb, 0x7f, 0xff,
    0x89, 0x4f, 0xff, 0xe2, 0x21, 0xe7, 0xff, 0xf8,
    0xe1, 0xff, 0xcb, 0x7f, 0xff, 0x89, 0x4f, 0xff,
    0xe2, 0x21, 0xf5, 0xff, 0xfc, 0x68, 0x3f, 0xf9,
    0x4f, 0xff, 0xf1, 0x29, 0xff, 0xfc, 0x44, 0x3f,
    0x7f, 0xff, 0x1d, 0xf, 0xfe, 0x4b, 0xff, 0xfc,
    0x4a, 0x7f, 0xff, 0x11, 0xf, 0xcf, 0xff, 0xf1,
    0xc3, 0xff, 0x92, 0xff, 0xff, 0x12, 0x9f, 0xff,
    0xc4, 0x43, 0xfa, 0xff, 0xfe, 0x34, 0x1f, 0xfc,
    0x87, 0xff, 0xf8, 0x94, 0xff, 0xfe, 0x22, 0x1f,
    0xef, 0xff, 0xe3, 0x87, 0xff, 0x21, 0xff, 0xfe,
    0x25, 0x3f, 0xff, 0x88, 0x87, 0xf9, 0xff, 0xfe,
    0x38, 0x7f, 0xf1, 0xdf, 0xff, 0xe2, 0x53, 0xff,
    0xf8, 0x88, 0x7f, 0xdf, 0xff, 0xc7, 0x43, 0xff,
    0x8c, 0xff, 0xff, 0x12, 0x9f, 0xff, 0xc4, 0x43,
    0xff, 0x81, 0xff, 0xfc, 0x70, 0xff, 0xe3, 0x3f,
    0xff, 0xc4, 0xa7, 0xff, 0xf1, 0x10, 0xff, 0xe0,
    0x5f, 0xff, 0xc7, 0xf, 0xfe, 0x2b, 0xff, 0xfc,
    0x4a, 0x7f, 0xff, 0x11, 0xf, 0xfe, 0xf, 0xff,
    0xf1, 0xd0, 0xff, 0xe2, 0x3f, 0xff, 0xc4, 0xa7,
    0xff, 0xf1, 0x10, 0xff, 0xe1, 0x7f, 0xff, 0x1c,
    0x3f, 0xf8, 0x8f, 0xff, 0xf1, 0x29, 0xff, 0xfc,
    0x44, 0x3f, 0xf8, 0x57, 0xff, 0xf1, 0xa0, 0xff,
    0xe1, 0xbf, 0xff, 0xc4, 0xa7, 0xff, 0xf1, 0x10,
    0xff, 0xe1, 0xff, 0xff, 0x1d, 0xf, 0xfe, 0x13,
    0xff, 0xfc, 0x4a, 0x7f, 0xff, 0x11, 0xf, 0xfe,
    0x1b, 0xff, 0xfc, 0x70, 0xff, 0xe1, 0x3f, 0xff,
    0xc4, 0xa7, 0xff, 0xf1, 0x10, 0xff, 0xe2, 0x5f,
    0xff, 0xc6, 0x83, 0xff, 0x82, 0xff, 0xff, 0x12,
    0x9f, 0xff, 0xc4, 0x43, 0xff, 0x8b, 0xff, 0xfc,
    0x70, 0xff, 0xe0, 0xbf, 0xff, 0xc4, 0xa7, 0xff,
    0xf1, 0x10, 0xff, 0xe2, 0xbf, 0xff, 0xc7, 0xf,
    0xfe, 0x3, 0xff, 0xfc, 0x4a, 0x7f, 0xff, 0x11,
    0xf, 0xfe, 0x37, 0xff, 0xf1, 0xd0, 0xff, 0x9f,
    0xff, 0xe2, 0x53, 0xff, 0xf8, 0x88, 0x7f, 0xf1,
    0xff, 0xff, 0x8e, 0x1f, 0xf3, 0xff, 0xfc, 0x4a,
    0x7f, 0xff, 0x11, 0xf, 0xfe, 0x3b, 0xff, 0xfc,
    0x70, 0xff, 0x3f, 0xff, 0xc4, 0xa7, 0xff, 0xf1,
    0x10, 0xff, 0xe4, 0x7f, 0xff, 0x1d, 0xf, 0xe7,
    0xff, 0xf8, 0x94, 0xff, 0xfe, 0x22, 0x1f, 0xfc,
    0x9f, 0xff, 0xe3, 0x87, 0xf3, 0xff, 0xfc, 0x4a,
    0x7f, 0xff, 0x11, 0xf, 0xfe, 0x4d, 0xff, 0xfc,
    0x68, 0x3f, 0x3f, 0xff, 0xc4, 0xa7, 0xff, 0xf1,
    0x10, 0xff, 0xe5, 0x7f, 0xff, 0x1d, 0xf, 0x9f,
    0xff, 0xe2, 0x53, 0xff, 0xf8, 0x88, 0x7f, 0xf2,
    0x9f, 0xff, 0xe3, 0x87, 0xcf, 0xff, 0xf1, 0x29,
    0xff, 0xfc, 0x44, 0x3f, 0xf9, 0x77, 0xff, 0xf1,
    0xa0, 0xf3, 0xff, 0xfc, 0x4a, 0x7f, 0xff, 0x11,
    0xf, 0xfe, 0x67, 0xff, 0xf1, 0xc3, 0xcf, 0xff,
    0xf1, 0x29, 0xff, 0xfc, 0x44, 0x3f, 0xf9, 0x8f,
    0xff, 0xf1, 0xc3, 0x9f, 0xff, 0xe2, 0x53, 0xff,
    0xf8, 0x88, 0x7f, 0xf3, 0x6f, 0xff, 0xe3, 0x21,
    0x9f, 0xff, 0xe2, 0x53, 0xff, 0xf8, 0x88, 0x7f,
    0xf3, 0xbf, 0xff, 0x8e, 0x19, 0xff, 0xfe, 0x25,
    0x3f, 0xff, 0x88, 0x87, 0xff, 0x39, 0xff, 0xfe,
    0x38, 0x4f, 0xff, 0xf1, 0x29, 0xff, 0xfc, 0x44,
    0x3f, 0xf9, 0xff, 0xff, 0xc7, 0x40, 0xff, 0xff,
    0x12, 0x9f, 0xff, 0xc4, 0x43, 0xff, 0xa1, 0xff,
    0xfc, 0x70, 0x3f, 0xff, 0xc4, 0xa7, 0xff, 0xf1,
    0x10, 0xff, 0xe8, 0x5f, 0xff, 0xc6, 0x87, 0xff,
    0xf8, 0x94, 0xff, 0xfe, 0x22, 0x1f, 0xfd, 0x1f,
    0xff, 0xe3, 0xab, 0xff, 0xf8, 0x94, 0xff, 0xfe,
    0x22, 0x1f, 0xfd, 0x17, 0xff, 0xf8, 0xf7, 0xff,
    0xf1, 0x29, 0xff, 0xfc, 0x44, 0x3f, 0xfa, 0x57,
    0xff, 0xf5, 0xe9, 0xff, 0xfc, 0x44, 0x3f, 0xfa,
    0x7f, 0xff, 0xd7, 0xa7, 0xff, 0xf1, 0x10, 0xff,
    0xe9, 0xbf, 0xff, 0xd6, 0xa7, 0xff, 0xf1, 0x10,
    0xff, 0xea, 0x5f, 0xff, 0xd5, 0xa7, 0xff, 0xf1,
    0x10, 0xff, 0xea, 0xff, 0xff, 0x56, 0x9f, 0xff,
    0xc4, 0x43, 0xff, 0xaa, 0xff, 0xff, 0x52, 0x9f,
    0xff, 0xc4, 0x43, 0xff, 0xad, 0xff, 0xfd, 0x4a,
    0x7f, 0xff, 0x11, 0xf, 0xfe, 0xbf, 0xff, 0xf4,
    0xe9, 0xff, 0xfc, 0x44, 0x3f, 0xfa, 0xf7, 0xff,
    0xf4, 0xa9, 0xff, 0xfc, 0x44, 0x3f, 0xfb, 0x1f,
    0xff, 0xd2, 0xa7, 0xff, 0xf1, 0x10, 0xff, 0xec,
    0x3f, 0xff, 0xd1, 0xa7, 0xff, 0xf1, 0x10, 0xff,
    0xec, 0xdf, 0xff, 0xd0, 0xa7, 0xff, 0xf1, 0x10,
    0xff, 0xed, 0x7f, 0xff, 0x42, 0x9f, 0xff, 0xc4,
    0x43, 0xff, 0xb4, 0xff, 0xff, 0x3e, 0x9f, 0xff,
    0xc4, 0x43, 0xff, 0xb7, 0x7f, 0xff, 0x3a, 0x9f,
    0xff, 0xc4, 0x43, 0xff, 0xb9, 0xff, 0xfc, 0xea,
    0x7f, 0xff, 0x11, 0xf, 0xfe, 0xe3, 0xff, 0xfc,
    0xda, 0x7f, 0xff, 0x11, 0xf, 0xfe, 0xef, 0xff,
    0xf3, 0x69, 0xff, 0xfc, 0x44, 0x3f, 0xfb, 0xdf,
    0xff, 0xcc, 0xa7, 0xff, 0xf1, 0x10, 0xff, 0xef,
    0x5f, 0xff, 0xcb, 0xa7, 0xff, 0xf1, 0x10, 0xff,
    0xef, 0xff, 0xff, 0x2e, 0x9f, 0xff, 0xc4, 0x43,
    0xff, 0xc1, 0xff, 0xfc, 0xaa, 0x7f, 0xff, 0x11,
    0xf, 0xff, 0x5, 0xff, 0xfc, 0x9a, 0x7f, 0xff,
    0x11, 0xf, 0xff, 0xf, 0xff, 0xf2, 0x69, 0xff,
    0xfc, 0x44, 0x3f, 0xfc, 0x2f, 0xff, 0xf2, 0x29,
    0xff, 0xfc, 0x44, 0x3f, 0xfc, 0x57, 0xff, 0xf1,
    0xe9, 0xff, 0xfc, 0x44, 0x3f, 0xfc, 0x7f, 0xff,
    0xc7, 0xa7, 0xff, 0xf1, 0x10, 0xff, 0xf1, 0xbf,
    0xff, 0xc6, 0x80,

    /* U+004F "O" */
    0xf, 0xfe, 0xfb, 0x57, 0xff, 0xa8, 0xa0, 0xff,
    0xff, 0x87, 0x37, 0xff, 0xf2, 0xe4, 0x3f, 0xff,
    0xb7, 0xff, 0xf4, 0xe4, 0x3f, 0xfe, 0xcf, 0xff,
    0xf6, 0x60, 0xff, 0xf9, 0x5f, 0xff, 0xdd, 0x90,
    0xff, 0xf6, 0xdf, 0xff, 0xe2, 0x43, 0xff, 0xd3,
    0x7f, 0xff, 0x96, 0xf, 0xff, 0x33, 0xff, 0xfe,
    0x98, 0x3f, 0xfc, 0x77, 0xff, 0xfb, 0x3, 0xff,
    0xc0, 0xff, 0xff, 0xbd, 0xf, 0xfe, 0xed, 0xff,
    0xff, 0x18, 0x3f, 0xfb, 0x7f, 0xff, 0xf5, 0xf,
    0xfe, 0xcf, 0xff, 0xfd, 0xd0, 0xff, 0xeb, 0x7f,
    0xff, 0xe5, 0xf, 0xfe, 0xa7, 0xff, 0xfe, 0xd0,
    0xff, 0xe9, 0x7f, 0xff, 0xf5, 0xf, 0xfe, 0x87,
    0xff, 0xf5, 0x25, 0xfe, 0xbf, 0xff, 0xa8, 0x1f,
    0xfc, 0xff, 0xff, 0xe8, 0xa1, 0xff, 0xc5, 0x6f,
    0xff, 0xe8, 0x7, 0xff, 0x36, 0xff, 0xfe, 0x74,
    0x1f, 0xfc, 0xb7, 0xff, 0xf9, 0xe1, 0xff, 0xcb,
    0x7f, 0xff, 0x9a, 0x87, 0xff, 0x3d, 0xff, 0xfe,
    0x6c, 0x1f, 0xfc, 0xaf, 0xff, 0xe6, 0x21, 0xff,
    0xd3, 0x7f, 0xff, 0x98, 0x87, 0xff, 0x23, 0xff,
    0xf9, 0x81, 0xff, 0xd7, 0xbf, 0xff, 0x96, 0x1f,
    0xfc, 0x77, 0xff, 0xf9, 0x50, 0x7f, 0xf6, 0x5f,
    0xff, 0xe5, 0x41, 0xff, 0xc6, 0xff, 0xfe, 0x52,
    0x1f, 0xfd, 0xcf, 0xff, 0xe5, 0x21, 0xff, 0xc4,
    0xbf, 0xff, 0x92, 0x87, 0xff, 0x7b, 0xff, 0xf9,
    0x41, 0xff, 0xc3, 0x7f, 0xff, 0x92, 0x87, 0xff,
    0x83, 0xff, 0xf9, 0x28, 0x7f, 0xf0, 0xbf, 0xff,
    0x92, 0x87, 0xff, 0x8b, 0xff, 0xf9, 0x21, 0xff,
    0xc1, 0x7f, 0xff, 0x91, 0x7, 0xff, 0x93, 0xff,
    0xf9, 0x10, 0x7f, 0xf0, 0x3f, 0xff, 0x91, 0x7,
    0xff, 0x95, 0xff, 0xfe, 0x40, 0x7f, 0xcf, 0xff,
    0xf2, 0x3, 0xff, 0xcf, 0x7f, 0xff, 0x1d, 0xf,
    0xf5, 0xff, 0xfc, 0x74, 0x3f, 0xfd, 0x1f, 0xff,
    0xc8, 0xf, 0xf7, 0xff, 0xf2, 0x3, 0xff, 0xd2,
    0xff, 0xff, 0x1d, 0xf, 0xd7, 0xff, 0xf1, 0xc3,
    0xff, 0xd7, 0xff, 0xfc, 0x78, 0x3f, 0x7f, 0xff,
    0x1e, 0xf, 0xff, 0x5b, 0xff, 0xfc, 0x70, 0xfd,
    0xff, 0xfc, 0x70, 0xff, 0xf6, 0xff, 0xff, 0x1d,
    0xf, 0x5f, 0xff, 0xc6, 0x83, 0xff, 0xda, 0xff,
    0xff, 0x1c, 0x3d, 0xff, 0xfc, 0x74, 0x3f, 0xfd,
    0xdf, 0xff, 0xc7, 0xf, 0x7f, 0xff, 0x1c, 0x3f,
    0xfd, 0xf7, 0xff, 0xf1, 0x90, 0xcf, 0xff, 0xf1,
    0xa0, 0xff, 0xf7, 0xbf, 0xff, 0xc6, 0x83, 0x5f,
    0xff, 0xc6, 0xf, 0xff, 0x8f, 0xff, 0xf1, 0xc3,
    0x7f, 0xff, 0x1c, 0x3f, 0xfe, 0x37, 0xff, 0xf1,
    0x83, 0x7f, 0xff, 0x1a, 0xf, 0xff, 0x8b, 0xff,
    0xfc, 0x64, 0xf, 0xff, 0xf1, 0x90, 0xff, 0xf9,
    0x7f, 0xff, 0x19, 0x3, 0xff, 0xfc, 0x60, 0xff,
    0xf9, 0xff, 0xff, 0x1a, 0x5, 0xff, 0xfc, 0x60,
    0xff, 0xf9, 0xff, 0xff, 0x1c, 0x17, 0xff, 0xf1,
    0x83, 0xff, 0xe7, 0x7f, 0xff, 0x18, 0x1f, 0xff,
    0xc6, 0x83, 0xff, 0xe6, 0xff, 0xff, 0x18, 0x1f,
    0xff, 0xc6, 0x83, 0xff, 0xe6, 0xff, 0xff, 0x18,
    0x1f, 0xff, 0xc6, 0x43, 0xff, 0xe6, 0xff, 0xff,
    0x18, 0x1f, 0xff, 0xc6, 0x43, 0xff, 0xe9, 0xff,
    0xfc, 0x64, 0xff, 0xfe, 0x32, 0x1f, 0xff, 0x4f,
    0xff, 0xe3, 0x27, 0xff, 0xf1, 0x90, 0xff, 0xfa,
    0x7f, 0xff, 0x19, 0x3f, 0xff, 0x8c, 0x87, 0xff,
    0xd3, 0xff, 0xf8, 0xc9, 0xff, 0xfc, 0x60, 0xff,
    0xfa, 0xff, 0xff, 0x19, 0x3f, 0xff, 0x8c, 0x87,
    0xff, 0xd3, 0xff, 0xf8, 0xc9, 0xff, 0xfc, 0x64,
    0x3f, 0xfe, 0x9f, 0xff, 0xc6, 0x4f, 0xff, 0xe3,
    0x21, 0xff, 0xf3, 0x7f, 0xff, 0x8c, 0x9f, 0xff,
    0xc6, 0x43, 0xff, 0xe6, 0xff, 0xff, 0x19, 0x3f,
    0xff, 0x8c, 0x87, 0xff, 0xcd, 0xff, 0xfe, 0x30,
    0x3f, 0xff, 0x8d, 0x7, 0xff, 0xce, 0xff, 0xfe,
    0x30, 0x3f, 0xff, 0x8d, 0x7, 0xff, 0xce, 0xff,
    0xfe, 0x30, 0x3f, 0xff, 0x8e, 0x1f, 0xff, 0x3f,
    0xff, 0xe3, 0x82, 0xff, 0xfe, 0x30, 0x7f, 0xfc,
    0xff, 0xff, 0x8e, 0x7, 0xff, 0xf8, 0xc1, 0xff,
    0xf3, 0xff, 0xfe, 0x34, 0x7, 0xff, 0xf8, 0xc8,
    0x7f, 0xfc, 0x5f, 0xff, 0xe3, 0x21, 0x7f, 0xff,
    0x1a, 0xf, 0xff, 0x8d, 0xff, 0xfc, 0x64, 0x2f,
    0xff, 0xe3, 0x87, 0xff, 0xc7, 0xff, 0xf8, 0xe1,
    0xaf, 0xff, 0xe3, 0x7, 0xff, 0xc7, 0xff, 0xf8,
    0xe1, 0x9f, 0xff, 0xe3, 0x41, 0xff, 0xef, 0x7f,
    0xff, 0x8d, 0x7, 0x7f, 0xff, 0x1c, 0x3f, 0xfd,
    0xff, 0xff, 0xc7, 0x43, 0xbf, 0xff, 0x8e, 0x1f,
    0xfe, 0xe7, 0xff, 0xf8, 0xe1, 0xeb, 0xff, 0xf8,
    0xd0, 0x7f, 0xfb, 0x6f, 0xff, 0xe3, 0x87, 0x9f,
    0xff, 0xe3, 0x87, 0xff, 0xb7, 0xff, 0xf8, 0xe8,
    0x7d, 0xff, 0xfc, 0x78, 0x3f, 0xfd, 0x77, 0xff,
    0xf1, 0xc3, 0xf5, 0xff, 0xfc, 0x70, 0xff, 0xf5,
    0xff, 0xff, 0x20, 0x3f, 0xbf, 0xff, 0x8f, 0x7,
    0xff, 0xa6, 0xff, 0xfe, 0x3a, 0x1f, 0xdf, 0xff,
    0xc8, 0x43, 0xff, 0xd1, 0xff, 0xfc, 0x80, 0xff,
    0x3f, 0xff, 0xc8, 0xf, 0xff, 0x3f, 0xff, 0xf2,
    0x20, 0xff, 0xbf, 0xff, 0x91, 0x7, 0xff, 0x96,
    0xff, 0xfe, 0x40, 0x7f, 0xf0, 0x1f, 0xff, 0xe4,
    0x21, 0xff, 0xe3, 0x7f, 0xff, 0x91, 0x7, 0xff,
    0x7, 0xff, 0xf9, 0x28, 0x7f, 0xf8, 0xbf, 0xff,
    0x92, 0x1f, 0xfc, 0x27, 0xff, 0xf9, 0x28, 0x7f,
    0xf8, 0x3f, 0xff, 0x93, 0x7, 0xff, 0xf, 0xff,
    0xf9, 0x48, 0x7f, 0xf7, 0xbf, 0xff, 0x94, 0x1f,
    0xfc, 0x5f, 0xff, 0xe5, 0x21, 0xff, 0xdc, 0xff,
    0xfe, 0x52, 0x1f, 0xfc, 0x5b, 0xff, 0xf9, 0x50,
    0x7f, 0xf6, 0x5f, 0xff, 0xe5, 0x41, 0xff, 0xc7,
    0xff, 0xfe, 0x60, 0x7f, 0xf5, 0xef, 0xff, 0xe5,
    0x87, 0xff, 0x27, 0xff, 0xf9, 0x88, 0x7f, 0xf4,
    0xdf, 0xff, 0xe6, 0x21, 0xff, 0xc9, 0x7f, 0xff,
    0x9a, 0x87, 0xff, 0x3d, 0xff, 0xfe, 0x6c, 0x1f,
    0xfc, 0xbb, 0xff, 0xf9, 0xc8, 0x7f, 0xf2, 0xdf,
    0xff, 0xe7, 0x87, 0xff, 0x37, 0xff, 0xfa, 0x28,
    0x7f, 0xf1, 0x5b, 0xff, 0xfa, 0x1, 0xff, 0xcf,
    0xff, 0xfe, 0xa4, 0xb8, 0x5d, 0x4f, 0xff, 0xe9,
    0x87, 0xff, 0x47, 0xff, 0xff, 0xa8, 0x7f, 0xf4,
    0xbf, 0xff, 0xf6, 0x87, 0xff, 0x53, 0xff, 0xff,
    0x28, 0x7f, 0xf5, 0xbf, 0xff, 0xee, 0x87, 0xff,
    0x63, 0xff, 0xfe, 0xa1, 0xff, 0xdb, 0xbf, 0xff,
    0xe3, 0x7, 0xff, 0x75, 0xff, 0xff, 0x7c, 0x1f,
    0xfe, 0xf, 0xff, 0xf6, 0x87, 0xff, 0x8d, 0xff,
    0xff, 0x4c, 0x1f, 0xfe, 0x6b, 0xff, 0xfc, 0xb0,
    0x7f, 0xfa, 0xaf, 0xff, 0xf1, 0x21, 0xff, 0xed,
    0xbf, 0xff, 0xbb, 0x21, 0xff, 0xf1, 0xbf, 0xff,
    0xb3, 0x7, 0xff, 0xd9, 0xbf, 0xff, 0xa7, 0x21,
    0xff, 0xfc, 0x6f, 0xff, 0xe5, 0xc8, 0x7f, 0xff,
    0xc3, 0x95, 0x4f, 0xff, 0xa8, 0xa0, 0xff, 0xef,
    0x0,

    /* U+0050 "P" */
    0xf, 0xff, 0xf8, 0x57, 0xff, 0xf8, 0x68, 0xa0,
    0xff, 0xe8, 0x5f, 0xff, 0xe7, 0x90, 0xff, 0xe6,
    0x5f, 0xff, 0xeb, 0x90, 0xff, 0xe4, 0x5f, 0xff,
    0xee, 0x43, 0xff, 0x8d, 0x7f, 0xff, 0xc2, 0xf,
    0xfe, 0x25, 0xff, 0xff, 0x24, 0x3f, 0xf8, 0x57,
    0xff, 0xfd, 0x3, 0xff, 0x83, 0x7f, 0xff, 0xd5,
    0xf, 0xfa, 0xff, 0xff, 0xb4, 0x1f, 0xeb, 0xff,
    0xfe, 0xf0, 0x7f, 0x5f, 0xff, 0xf8, 0x83, 0xf5,
    0xff, 0xff, 0x98, 0x3e, 0xbf, 0xff, 0xf4, 0x87,
    0xaf, 0xff, 0xfd, 0x87, 0xaf, 0xff, 0xfe, 0x7,
    0x5f, 0xff, 0xc5, 0xf, 0xfe, 0x6a, 0xaf, 0xff,
    0xe7, 0xa1, 0xaf, 0xff, 0xe2, 0x87, 0xff, 0x49,
    0xff, 0xfe, 0x68, 0x6b, 0xff, 0xf8, 0xa1, 0xff,
    0xd4, 0x7f, 0xff, 0x96, 0x85, 0x7f, 0xff, 0x14,
    0x3f, 0xfa, 0xd7, 0xff, 0xf2, 0x82, 0xbf, 0xff,
    0x8a, 0x1f, 0xfd, 0x77, 0xff, 0xf9, 0x21, 0x5f,
    0xff, 0xc5, 0xf, 0xfe, 0xc3, 0xff, 0xfc, 0x88,
    0x17, 0xff, 0xf1, 0x43, 0xff, 0xb2, 0xff, 0xff,
    0x20, 0x17, 0xff, 0xf1, 0x43, 0xff, 0xb5, 0x7f,
    0xff, 0x1c, 0x17, 0xff, 0xf1, 0x43, 0xff, 0xb7,
    0xff, 0xfc, 0x74, 0xbf, 0xff, 0x8a, 0x1f, 0xfd,
    0xbb, 0xff, 0xf8, 0xd1, 0x7f, 0xff, 0x14, 0x3f,
    0xfb, 0x6f, 0xff, 0xf1, 0xa2, 0xff, 0xfe, 0x28,
    0x7f, 0xf7, 0x3f, 0xff, 0x8e, 0x5f, 0xff, 0xc5,
    0xf, 0xfe, 0xe7, 0xff, 0xf1, 0xcb, 0xff, 0xf8,
    0xa1, 0xff, 0xdc, 0xbf, 0xff, 0x8c, 0x5f, 0xff,
    0xc5, 0xf, 0xfe, 0xe3, 0xff, 0xfc, 0x62, 0xff,
    0xfe, 0x28, 0x7f, 0xf7, 0x1f, 0xff, 0xe3, 0x17,
    0xff, 0xf1, 0x43, 0xff, 0xb8, 0xff, 0xff, 0x18,
    0xbf, 0xff, 0x8a, 0x1f, 0xfd, 0xc7, 0xff, 0xf8,
    0xc5, 0xff, 0xfc, 0x50, 0xff, 0xee, 0x3f, 0xff,
    0xc6, 0x2f, 0xff, 0xe2, 0x87, 0xff, 0x71, 0xff,
    0xfe, 0x31, 0x7f, 0xff, 0x14, 0x3f, 0xfb, 0x8f,
    0xff, 0xf1, 0x8b, 0xff, 0xf8, 0xa1, 0xff, 0xdc,
    0xbf, 0xff, 0x8c, 0x5f, 0xff, 0xc5, 0xf, 0xfe,
    0xe7, 0xff, 0xf1, 0xcb, 0xff, 0xf8, 0xa1, 0xff,
    0xdc, 0xff, 0xfe, 0x39, 0x7f, 0xff, 0x14, 0x3f,
    0xfb, 0x6f, 0xff, 0xf1, 0xa2, 0xff, 0xfe, 0x28,
    0x7f, 0xf6, 0xef, 0xff, 0xe3, 0x25, 0xff, 0xfc,
    0x50, 0xff, 0xed, 0xff, 0xff, 0x1d, 0x2f, 0xff,
    0xe2, 0x87, 0xff, 0x6a, 0xff, 0xfe, 0x38, 0x2f,
    0xff, 0xe2, 0x87, 0xff, 0x65, 0xff, 0xfe, 0x40,
    0x2f, 0xff, 0xe2, 0x87, 0xff, 0x67, 0xff, 0xf9,
    0x8, 0x2f, 0xff, 0xe2, 0x87, 0xff, 0x5d, 0xff,
    0xfe, 0x48, 0x57, 0xff, 0xf1, 0x43, 0xff, 0xac,
    0xff, 0xff, 0x28, 0x2b, 0xff, 0xf8, 0xa1, 0xff,
    0xd4, 0x7f, 0xff, 0x96, 0x85, 0x7f, 0xff, 0x14,
    0x3f, 0xfa, 0x4f, 0xff, 0xf3, 0x43, 0x5f, 0xff,
    0xc5, 0xf, 0xfe, 0x73, 0x7f, 0xff, 0x3d, 0xd,
    0x7f, 0xff, 0xee, 0xe, 0xbf, 0xff, 0xf6, 0x1e,
    0xbf, 0xff, 0xf4, 0x87, 0xaf, 0xff, 0xfc, 0xc1,
    0xf5, 0xff, 0xff, 0x88, 0x3f, 0x5f, 0xff, 0xf7,
    0x83, 0xfa, 0xff, 0xff, 0xb4, 0x1f, 0xeb, 0xff,
    0xfe, 0xa8, 0x7f, 0xd7, 0xff, 0xfd, 0x3, 0xff,
    0x83, 0x7f, 0xff, 0xc9, 0xf, 0xfe, 0x15, 0xff,
    0xff, 0x8, 0x3f, 0xf8, 0x97, 0xff, 0xfb, 0x90,
    0xff, 0xe3, 0x5f, 0xff, 0xeb, 0x90, 0xff, 0xe4,
    0x5f, 0xff, 0xe8, 0x90, 0xff, 0xe5, 0xdf, 0xff,
    0xe1, 0xa9, 0xf, 0xfe, 0x85, 0xff, 0xfc, 0x50,
    0xff, 0xf8, 0x5f, 0xff, 0xc5, 0xf, 0xff, 0x85,
    0xff, 0xfc, 0x50, 0xff, 0xf8, 0x5f, 0xff, 0xc5,
    0xf, 0xff, 0x85, 0xff, 0xfc, 0x50, 0xff, 0xf8,
    0x5f, 0xff, 0xc5, 0xf, 0xff, 0x85, 0xff, 0xfc,
    0x50, 0xff, 0xf8, 0x5f, 0xff, 0xc5, 0xf, 0xff,
    0x85, 0xff, 0xfc, 0x50, 0xff, 0xf8, 0x5f, 0xff,
    0xc5, 0xf, 0xff, 0x85, 0xff, 0xfc, 0x50, 0xff,
    0xf8, 0x5f, 0xff, 0xc5, 0xf, 0xff, 0x85, 0xff,
    0xfc, 0x50, 0xff, 0xf8, 0x5f, 0xff, 0xc5, 0xf,
    0xff, 0x85, 0xff, 0xfc, 0x50, 0xff, 0xf8, 0x5f,
    0xff, 0xc5, 0xf, 0xff, 0x85, 0xff, 0xfc, 0x50,
    0xff, 0xf8, 0x5f, 0xff, 0xc5, 0xf, 0xff, 0x85,
    0xff, 0xfc, 0x50, 0xff, 0xf8, 0x5f, 0xff, 0xc5,
    0xf, 0xff, 0x85, 0xff, 0xfc, 0x50, 0xff, 0xf8,
    0x5f, 0xff, 0xc5, 0xf, 0xff, 0x85, 0xff, 0xfc,
    0x50, 0xff, 0xf8, 0x5f, 0xff, 0xc5, 0xf, 0xff,
    0x85, 0xff, 0xfc, 0x50, 0xff, 0xf8, 0x5f, 0xff,
    0xc5, 0xf, 0xff, 0x85, 0xff, 0xfc, 0x50, 0xff,
    0xf8, 0x5f, 0xff, 0xc5, 0xf, 0xff, 0x85, 0xff,
    0xfc, 0x50, 0xff, 0xf8, 0x5f, 0xff, 0xc5, 0xf,
    0xff, 0x85, 0xff, 0xfc, 0x50, 0xff, 0xf8, 0x5f,
    0xff, 0xc5, 0xf, 0xff, 0x85, 0xff, 0xfc, 0x50,
    0xff, 0xf8, 0x5f, 0xff, 0xc5, 0xf, 0xff, 0x85,
    0xff, 0xfc, 0x50, 0xff, 0xf8, 0x5f, 0xff, 0xc5,
    0xf, 0xff, 0x85, 0xff, 0xfc, 0x50, 0xff, 0xf8,
    0x5f, 0xff, 0xc5, 0xf, 0xff, 0x80,

    /* U+0051 "Q" */
    0xf, 0xfe, 0xfb, 0x57, 0xff, 0xa8, 0xa0, 0xff,
    0xff, 0x87, 0x37, 0xff, 0xf2, 0xe4, 0x3f, 0xff,
    0xb7, 0xff, 0xf4, 0xe4, 0x3f, 0xfe, 0xcf, 0xff,
    0xf6, 0x60, 0xff, 0xf9, 0x5f, 0xff, 0xdd, 0x90,
    0xff, 0xf6, 0xdf, 0xff, 0xe2, 0x43, 0xff, 0xd3,
    0x7f, 0xff, 0x96, 0xf, 0xff, 0x33, 0xff, 0xfe,
    0x98, 0x3f, 0xfc, 0x77, 0xff, 0xfb, 0x3, 0xff,
    0xc0, 0xff, 0xff, 0xbd, 0xf, 0xfe, 0xed, 0xff,
    0xff, 0x18, 0x3f, 0xfb, 0x7f, 0xff, 0xf5, 0xf,
    0xfe, 0xcf, 0xff, 0xfd, 0xc3, 0xff, 0xaf, 0xff,
    0xff, 0x94, 0x3f, 0xfa, 0x9f, 0xff, 0xfb, 0x43,
    0xff, 0xa5, 0xff, 0xff, 0xd4, 0x3f, 0xfa, 0x1f,
    0xff, 0xd4, 0x97, 0xfa, 0xff, 0xfe, 0xa0, 0x7f,
    0xf3, 0xff, 0xff, 0xa2, 0x87, 0xff, 0x15, 0xbf,
    0xff, 0xa0, 0x1f, 0xfc, 0xdb, 0xff, 0xf9, 0xd0,
    0x7f, 0xf2, 0xdf, 0xff, 0xe7, 0x87, 0xff, 0x2d,
    0xff, 0xfe, 0x6a, 0x1f, 0xfc, 0xf7, 0xff, 0xf9,
    0xb0, 0x7f, 0xf2, 0xbf, 0xff, 0x98, 0x87, 0xff,
    0x4d, 0xff, 0xfe, 0x62, 0x1f, 0xfc, 0x8f, 0xff,
    0xe6, 0x7, 0xff, 0x5e, 0xff, 0xfe, 0x58, 0x7f,
    0xf1, 0xdf, 0xff, 0xe5, 0x41, 0xff, 0xd9, 0x7f,
    0xff, 0x95, 0x7, 0xff, 0x1b, 0xff, 0xf9, 0x48,
    0x7f, 0xf7, 0x3f, 0xff, 0x94, 0x87, 0xff, 0x12,
    0xff, 0xfe, 0x4a, 0x1f, 0xfd, 0xef, 0xff, 0xe5,
    0x7, 0xff, 0xd, 0xff, 0xfe, 0x4a, 0x1f, 0xfe,
    0xf, 0xff, 0xe4, 0xa1, 0xff, 0xc2, 0xff, 0xfe,
    0x4a, 0x1f, 0xfe, 0x2f, 0xff, 0xe4, 0x87, 0xff,
    0x5, 0xff, 0xfe, 0x44, 0x1f, 0xfe, 0x4f, 0xff,
    0xe4, 0x41, 0xff, 0xc0, 0xff, 0xfe, 0x44, 0x1f,
    0xfe, 0x57, 0xff, 0xf9, 0x1, 0xff, 0x3f, 0xff,
    0xc8, 0xf, 0xff, 0x3d, 0xff, 0xfc, 0x74, 0x3f,
    0xd7, 0xff, 0xf1, 0xd0, 0xff, 0xf4, 0x7f, 0xff,
    0x20, 0x3f, 0xdf, 0xff, 0xc8, 0xf, 0xff, 0x4b,
    0xff, 0xfc, 0x74, 0x3f, 0x5f, 0xff, 0xc7, 0xf,
    0xff, 0x5f, 0xff, 0xf1, 0xe0, 0xfd, 0xff, 0xfc,
    0x78, 0x3f, 0xfd, 0x6f, 0xff, 0xf1, 0xc3, 0xf7,
    0xff, 0xf1, 0xc3, 0xff, 0xdb, 0xff, 0xfc, 0x74,
    0x3d, 0x7f, 0xff, 0x1a, 0xf, 0xff, 0x6b, 0xff,
    0xfc, 0x70, 0xf7, 0xff, 0xf1, 0xd0, 0xff, 0xf7,
    0x7f, 0xff, 0x1c, 0x3d, 0xff, 0xfc, 0x70, 0xff,
    0xf7, 0xdf, 0xff, 0xc6, 0x43, 0x3f, 0xff, 0xc6,
    0x83, 0xff, 0xde, 0xff, 0xff, 0x1a, 0xd, 0x7f,
    0xff, 0x18, 0x3f, 0xfe, 0x3f, 0xff, 0xc7, 0xd,
    0xff, 0xfc, 0x70, 0xff, 0xf8, 0xdf, 0xff, 0xc6,
    0xd, 0xff, 0xfc, 0x68, 0x3f, 0xfe, 0x2f, 0xff,
    0xf1, 0x90, 0x3f, 0xff, 0xc6, 0x43, 0xff, 0xe5,
    0xff, 0xfc, 0x64, 0xf, 0xff, 0xf1, 0x83, 0xff,
    0xe7, 0xff, 0xfc, 0x68, 0x17, 0xff, 0xf1, 0x83,
    0xff, 0xe7, 0xff, 0xfc, 0x70, 0x5f, 0xff, 0xc6,
    0xf, 0xff, 0x9d, 0xff, 0xfc, 0x60, 0x7f, 0xff,
    0x1a, 0xf, 0xff, 0x9b, 0xff, 0xfc, 0x60, 0x7f,
    0xff, 0x1a, 0xf, 0xff, 0x9b, 0xff, 0xfc, 0x60,
    0x7f, 0xff, 0x19, 0xf, 0xff, 0x9b, 0xff, 0xfc,
    0x60, 0x7f, 0xff, 0x19, 0xf, 0xff, 0xa7, 0xff,
    0xf1, 0x93, 0xff, 0xf8, 0xc8, 0x7f, 0xfd, 0x3f,
    0xff, 0x8c, 0x9f, 0xff, 0xc6, 0x43, 0xff, 0xe9,
    0xff, 0xfc, 0x64, 0xff, 0xfe, 0x32, 0x1f, 0xff,
    0x4f, 0xff, 0xe3, 0x27, 0xff, 0xf1, 0x83, 0xff,
    0xeb, 0xff, 0xfc, 0x64, 0xff, 0xfe, 0x32, 0x1f,
    0xff, 0x4f, 0xff, 0xe3, 0x27, 0xff, 0xf1, 0x90,
    0xff, 0xfa, 0x7f, 0xff, 0x19, 0x3f, 0xff, 0x8c,
    0x87, 0xff, 0xd3, 0xff, 0xf8, 0xc9, 0xff, 0xfc,
    0x64, 0x3f, 0xfe, 0x6f, 0xff, 0xf1, 0x81, 0xff,
    0xfc, 0x64, 0x3f, 0xfe, 0x6f, 0xff, 0xf1, 0x81,
    0xff, 0xfc, 0x68, 0x3f, 0xfe, 0x77, 0xff, 0xf1,
    0x81, 0xff, 0xfc, 0x68, 0x3f, 0xfe, 0x77, 0xff,
    0xf1, 0x81, 0xff, 0xfc, 0x70, 0xff, 0xf9, 0xff,
    0xff, 0x1c, 0x17, 0xff, 0xf1, 0x83, 0xff, 0xe7,
    0xff, 0xfc, 0x68, 0xf, 0xff, 0xf1, 0x83, 0xff,
    0xe7, 0xff, 0xfc, 0x68, 0xf, 0xff, 0xf1, 0x90,
    0xff, 0xf8, 0xbf, 0xff, 0xc6, 0x42, 0xff, 0xfe,
    0x34, 0x1f, 0xff, 0x1b, 0xff, 0xf8, 0xc1, 0xbf,
    0xff, 0x8e, 0x1f, 0xfe, 0x9, 0xf, 0xfe, 0x1f,
    0xff, 0xf1, 0xc3, 0x5f, 0xff, 0xc6, 0xf, 0xfe,
    0xff, 0xc8, 0x7f, 0xf0, 0xbf, 0xff, 0x8e, 0x19,
    0xff, 0xfe, 0x34, 0x1f, 0xfd, 0xc7, 0xf8, 0x3f,
    0xf8, 0x37, 0xff, 0xf1, 0xa0, 0xef, 0xff, 0xe3,
    0x87, 0xff, 0x6d, 0xff, 0x83, 0xff, 0x81, 0xff,
    0xfc, 0x74, 0x3b, 0xff, 0xf8, 0xe1, 0xff, 0xda,
    0xbf, 0xf8, 0x3f, 0xcf, 0xff, 0xf1, 0xc3, 0xd7,
    0xff, 0xf1, 0xa0, 0xff, 0xec, 0x7f, 0xfd, 0x7,
    0xf7, 0xff, 0xf1, 0xe0, 0xf3, 0xff, 0xfc, 0x70,
    0xff, 0xeb, 0x3f, 0xff, 0xc1, 0x43, 0xf7, 0xff,
    0xf1, 0xd0, 0xfb, 0xff, 0xf8, 0xf0, 0x7f, 0xf5,
    0x1f, 0xff, 0xe1, 0xa1, 0xeb, 0xff, 0xf8, 0xe1,
    0xfa, 0xff, 0xfe, 0x38, 0x7f, 0xf4, 0xef, 0xff,
    0xe2, 0x87, 0x3f, 0xff, 0xc7, 0x83, 0xfb, 0xff,
    0xf8, 0xf0, 0x7f, 0xf4, 0x6f, 0xff, 0xe3, 0x86,
    0xff, 0xfe, 0x42, 0x1f, 0xdf, 0xff, 0xc8, 0x43,
    0xff, 0xa3, 0x7f, 0xff, 0x1c, 0xf, 0xff, 0xf2,
    0x3, 0xfc, 0xff, 0xff, 0x20, 0x3f, 0xfa, 0x5f,
    0xff, 0xc7, 0x8f, 0xff, 0xe4, 0x21, 0xff, 0x7f,
    0xff, 0x22, 0xf, 0xfe, 0x97, 0xff, 0xf7, 0x3,
    0xff, 0x80, 0xff, 0xff, 0x21, 0xf, 0xfe, 0x97,
    0xff, 0xf6, 0xa0, 0xff, 0xe0, 0xff, 0xff, 0x25,
    0xf, 0xfe, 0x8b, 0xff, 0xfd, 0x90, 0xff, 0xe1,
    0x3f, 0xff, 0xc9, 0x43, 0xff, 0xa3, 0x7f, 0xff,
    0x5d, 0xf, 0xfe, 0x1f, 0xff, 0xf2, 0x90, 0xff,
    0xe8, 0xdf, 0xff, 0xd6, 0xf, 0xfe, 0x2f, 0xff,
    0xf2, 0x90, 0xff, 0xe8, 0xff, 0xff, 0x55, 0xf,
    0xfe, 0x2d, 0xff, 0xfc, 0xa8, 0x3f, 0xfa, 0x3f,
    0xff, 0xd3, 0x83, 0xff, 0x8f, 0xff, 0xfc, 0xc0,
    0xff, 0xe8, 0xff, 0xff, 0x48, 0x3f, 0xf9, 0x3f,
    0xff, 0xcc, 0x43, 0xff, 0x9e, 0xff, 0xff, 0x41,
    0xf, 0xfe, 0x4b, 0xff, 0xfc, 0xd4, 0x3f, 0xf9,
    0xd7, 0xff, 0xf3, 0xa0, 0xff, 0xe5, 0xdf, 0xff,
    0xce, 0x43, 0xff, 0x94, 0xff, 0xff, 0x40, 0x3f,
    0xf9, 0xbf, 0xff, 0xd0, 0x90, 0xff, 0xe2, 0x37,
    0xff, 0xf4, 0x43, 0xff, 0x9f, 0xff, 0xfd, 0x49,
    0x70, 0xba, 0xff, 0xfe, 0xa0, 0x7f, 0xf4, 0x7f,
    0xff, 0xfa, 0x87, 0xff, 0x4b, 0xff, 0xff, 0x90,
    0x7f, 0xf4, 0xff, 0xff, 0xf8, 0x87, 0xff, 0x4f,
    0xff, 0xff, 0x81, 0xff, 0xd4, 0xff, 0xff, 0xe0,
    0x7f, 0xf5, 0x2f, 0xff, 0xfd, 0x87, 0xff, 0x51,
    0xff, 0xff, 0xd8, 0x7f, 0xf5, 0x7f, 0xff, 0xf5,
    0x7, 0xff, 0x55, 0xff, 0xff, 0xca, 0x1f, 0xfd,
    0x6b, 0xff, 0xff, 0x8, 0x7f, 0xf5, 0xef, 0xff,
    0xf0, 0xc3, 0xff, 0xfc, 0x70, 0xff, 0xec, 0xdf,
    0xff, 0xdd, 0x83, 0x5f, 0xff, 0xc7, 0xf, 0xfe,
    0xd3, 0xff, 0xfd, 0x94, 0x3e, 0xbf, 0xff, 0x8e,
    0x1f, 0xfd, 0xcb, 0xff, 0xfa, 0x70, 0x7f, 0xdf,
    0xff, 0xc8, 0xf, 0xfe, 0xf3, 0x7f, 0xff, 0x2e,
    0x43, 0xff, 0x87, 0xff, 0xfc, 0x74, 0x3f, 0xfc,
    0x4d, 0x3f, 0xfe, 0xa2, 0x83, 0xff, 0x91, 0xff,
    0xfc, 0x54, 0x3f, 0xff, 0xe1, 0xfe, 0x7f, 0xff,
    0x86, 0x1f, 0xff, 0xf0, 0xff, 0xe0, 0xbf, 0xff,
    0xc1, 0xf, 0xff, 0xf8, 0x7f, 0xf0, 0xef, 0xff,
    0x41, 0xff, 0xff, 0xf, 0xfe, 0x2d, 0xff, 0xa0,
    0xff, 0xff, 0x87, 0xff, 0x1f, 0xfe, 0x43, 0xff,
    0xfe, 0x1f, 0xfc, 0x9f, 0xe0, 0xff, 0xff, 0x87,
    0xff, 0x33, 0xe0, 0xff, 0xff, 0x87, 0xff, 0x35,
    0x83, 0xff, 0x84,

    /* U+0052 "R" */
    0xf, 0xff, 0xf8, 0x7d, 0x7f, 0xff, 0x7e, 0x8a,
    0xf, 0xfe, 0xb5, 0xff, 0xfe, 0x59, 0xf, 0xfe,
    0x95, 0xff, 0xfe, 0x99, 0xf, 0xfe, 0x75, 0xff,
    0xfe, 0xc8, 0x3f, 0xf9, 0x97, 0xff, 0xfb, 0xa0,
    0xff, 0xe5, 0x5f, 0xff, 0xf0, 0x83, 0xff, 0x91,
    0x7f, 0xff, 0xc9, 0xf, 0xfe, 0x35, 0xff, 0xff,
    0x40, 0xff, 0xe2, 0xdf, 0xff, 0xf5, 0x43, 0xff,
    0x87, 0x7f, 0xff, 0xd9, 0xf, 0xfe, 0x15, 0xff,
    0xff, 0x74, 0x3f, 0xf8, 0x37, 0xff, 0xfe, 0x10,
    0xff, 0xe0, 0x5f, 0xff, 0xf9, 0xf, 0xfe, 0x5,
    0xff, 0xff, 0xa0, 0xff, 0xaf, 0xff, 0xfd, 0x21,
    0xfe, 0xbf, 0xff, 0x8a, 0x1f, 0xfc, 0xb5, 0x5f,
    0xff, 0xd0, 0xf, 0xf5, 0xff, 0xfc, 0x50, 0xff,
    0xe8, 0x3f, 0xff, 0xcd, 0x43, 0xfa, 0xff, 0xfe,
    0x28, 0x7f, 0xf4, 0xef, 0xff, 0xe5, 0x87, 0xf5,
    0xff, 0xfc, 0x50, 0xff, 0xea, 0x3f, 0xff, 0xca,
    0x43, 0xf5, 0xff, 0xfc, 0x50, 0xff, 0xeb, 0x7f,
    0xff, 0x26, 0xf, 0xd7, 0xff, 0xf1, 0x43, 0xff,
    0xaf, 0xff, 0xfc, 0x90, 0xfd, 0x7f, 0xff, 0x14,
    0x3f, 0xfb, 0x1f, 0xff, 0xc8, 0x43, 0xeb, 0xff,
    0xf8, 0xa1, 0xff, 0xd9, 0xff, 0xfe, 0x3c, 0x1f,
    0x5f, 0xff, 0xc5, 0xf, 0xfe, 0xcd, 0xff, 0xfc,
    0x70, 0xfa, 0xff, 0xfe, 0x28, 0x7f, 0xf6, 0xbf,
    0xff, 0x8e, 0x1f, 0x5f, 0xff, 0xc5, 0xf, 0xfe,
    0xd7, 0xff, 0xf1, 0xc3, 0xeb, 0xff, 0xf8, 0xa1,
    0xff, 0xda, 0x7f, 0xff, 0x8c, 0x1f, 0x5f, 0xff,
    0xc5, 0xf, 0xfe, 0xd3, 0xff, 0xfc, 0x64, 0x3d,
    0x7f, 0xff, 0x14, 0x3f, 0xfb, 0x7f, 0xff, 0xc6,
    0x43, 0xd7, 0xff, 0xf1, 0x43, 0xff, 0xb7, 0xff,
    0xfc, 0x64, 0x3d, 0x7f, 0xff, 0x14, 0x3f, 0xfb,
    0x7f, 0xff, 0xc6, 0x43, 0xd7, 0xff, 0xf1, 0x43,
    0xff, 0xb7, 0xff, 0xfc, 0x68, 0x3d, 0x7f, 0xff,
    0x14, 0x3f, 0xfb, 0x7f, 0xff, 0xc6, 0x83, 0xd7,
    0xff, 0xf1, 0x43, 0xff, 0xb7, 0xff, 0xfc, 0x64,
    0x3d, 0x7f, 0xff, 0x14, 0x3f, 0xfb, 0x7f, 0xff,
    0xc6, 0x43, 0xd7, 0xff, 0xf1, 0x43, 0xff, 0xb7,
    0xff, 0xfc, 0x64, 0x3d, 0x7f, 0xff, 0x14, 0x3f,
    0xfb, 0x7f, 0xff, 0xc6, 0x43, 0xd7, 0xff, 0xf1,
    0x43, 0xff, 0xb4, 0xff, 0xff, 0x18, 0x3e, 0xbf,
    0xff, 0x8a, 0x1f, 0xfd, 0xab, 0xff, 0xf8, 0xc1,
    0xf5, 0xff, 0xfc, 0x50, 0xff, 0xed, 0x7f, 0xff,
    0x1c, 0x3e, 0xbf, 0xff, 0x8a, 0x1f, 0xfd, 0x97,
    0xff, 0xf8, 0xd0, 0x7d, 0x7f, 0xff, 0x14, 0x3f,
    0xfb, 0x3f, 0xff, 0xc7, 0x43, 0xeb, 0xff, 0xf8,
    0xa1, 0xff, 0xd8, 0xbf, 0xff, 0x8e, 0x1f, 0xaf,
    0xff, 0xe2, 0x87, 0xff, 0x5e, 0xff, 0xfe, 0x3c,
    0x1f, 0xaf, 0xff, 0xe2, 0x87, 0xff, 0x5a, 0xff,
    0xfe, 0x42, 0x1f, 0xaf, 0xff, 0xe2, 0x87, 0xff,
    0x57, 0xff, 0xf9, 0x41, 0xfd, 0x7f, 0xff, 0x14,
    0x3f, 0xfa, 0x4d, 0xff, 0xfc, 0xa4, 0x3f, 0xaf,
    0xff, 0xe2, 0x87, 0xff, 0x3d, 0xbf, 0xff, 0x9a,
    0x1f, 0xeb, 0xff, 0xf8, 0xa1, 0xff, 0xc9, 0x5a,
    0xff, 0xfe, 0x82, 0x1f, 0xeb, 0xff, 0xff, 0x41,
    0xff, 0x5f, 0xff, 0xf9, 0xf, 0xfe, 0x5, 0xff,
    0xff, 0x84, 0x3f, 0xf8, 0x17, 0xff, 0xfd, 0xe0,
    0xff, 0xe0, 0xdf, 0xff, 0xf6, 0x83, 0xff, 0x85,
    0x7f, 0xff, 0xd6, 0xf, 0xfe, 0x1d, 0xff, 0xff,
    0x44, 0x3f, 0xf8, 0x97, 0xff, 0xfc, 0xd0, 0xff,
    0xe2, 0xdf, 0xff, 0xf1, 0x83, 0xff, 0x8f, 0x7f,
    0xff, 0xc1, 0xf, 0xfe, 0x45, 0xff, 0xfe, 0xe4,
    0x3f, 0xf9, 0x57, 0xff, 0xfb, 0x10, 0xff, 0xe6,
    0x5f, 0xff, 0xe9, 0x43, 0xff, 0x9f, 0x7f, 0xff,
    0x9d, 0xf, 0xfe, 0x8d, 0xff, 0xfe, 0x80, 0xff,
    0xe8, 0xdf, 0xff, 0xc5, 0xf, 0xfe, 0x23, 0xff,
    0xfc, 0x70, 0xff, 0xe8, 0x5f, 0xff, 0xc5, 0xf,
    0xfe, 0x2d, 0xff, 0xfc, 0x68, 0x3f, 0xf9, 0xf7,
    0xff, 0xf1, 0x43, 0xff, 0x8d, 0xff, 0xfc, 0x74,
    0x3f, 0xf9, 0xd7, 0xff, 0xf1, 0x43, 0xff, 0x8c,
    0xff, 0xff, 0x1c, 0x3f, 0xf9, 0xd7, 0xff, 0xf1,
    0x43, 0xff, 0x8f, 0x7f, 0xff, 0x1a, 0xf, 0xfe,
    0x6d, 0xff, 0xfc, 0x50, 0xff, 0xe4, 0x7f, 0xff,
    0x1d, 0xf, 0xfe, 0x65, 0xff, 0xfc, 0x50, 0xff,
    0xe4, 0xff, 0xff, 0x1c, 0x3f, 0xf9, 0x97, 0xff,
    0xf1, 0x43, 0xff, 0x93, 0x7f, 0xff, 0x1c, 0x3f,
    0xf9, 0x77, 0xff, 0xf1, 0x43, 0xff, 0x95, 0xff,
    0xfc, 0x78, 0x3f, 0xf9, 0x57, 0xff, 0xf1, 0x43,
    0xff, 0x97, 0xff, 0xfc, 0x74, 0x3f, 0xf9, 0x37,
    0xff, 0xf1, 0x43, 0xff, 0x96, 0xff, 0xff, 0x1c,
    0x3f, 0xf9, 0x37, 0xff, 0xf1, 0x43, 0xff, 0x99,
    0x7f, 0xff, 0x1a, 0xf, 0xfe, 0x45, 0xff, 0xfc,
    0x50, 0xff, 0xe6, 0xff, 0xff, 0x1d, 0xf, 0xfe,
    0x3d, 0xff, 0xfc, 0x50, 0xff, 0xe6, 0xbf, 0xff,
    0xc7, 0xf, 0xfe, 0x3d, 0xff, 0xfc, 0x50, 0xff,
    0xe7, 0x5f, 0xff, 0xc7, 0xf, 0xfe, 0x35, 0xff,
    0xfc, 0x50, 0xff, 0xe7, 0xff, 0xff, 0x1e, 0xf,
    0xfe, 0x2d, 0xff, 0xfc, 0x50, 0xff, 0xe7, 0xbf,
    0xff, 0xc7, 0x43, 0xff, 0x89, 0x7f, 0xff, 0x14,
    0x3f, 0xfa, 0x17, 0xff, 0xf1, 0xc3, 0xff, 0x89,
    0x7f, 0xff, 0x14, 0x3f, 0xfa, 0x3f, 0xff, 0xc8,
    0xf, 0xfe, 0x1d, 0xff, 0xfc, 0x50, 0xff, 0xe9,
    0x7f, 0xff, 0x1e, 0xf, 0xfe, 0x15, 0xff, 0xfc,
    0x50, 0xff, 0xe9, 0x3f, 0xff, 0xc7, 0xf, 0xfe,
    0x15, 0xff, 0xfc, 0x50, 0xff, 0xe9, 0xff, 0xff,
    0x20, 0x3f, 0xf8, 0x37, 0xff, 0xf1, 0x43, 0xff,
    0xa9, 0xff, 0xfc, 0x78, 0x3f, 0xf8, 0x17, 0xff,
    0xf1, 0x43, 0xff, 0xa8, 0xff, 0xff, 0x1d, 0xf,
    0xfa, 0xff, 0xfe, 0x28, 0x7f, 0xf5, 0x6f, 0xff,
    0xe3, 0x87, 0xfd, 0x7f, 0xff, 0x14, 0x3f, 0xfa,
    0xdf, 0xff, 0xc8, 0xf, 0xf5, 0xff, 0xfc, 0x50,
    0xff, 0xeb, 0x3f, 0xff, 0xc7, 0x83, 0xfa, 0xff,
    0xfe, 0x28, 0x7f, 0xf5, 0xef, 0xff, 0xe3, 0xa1,
    0xfa, 0xff, 0xfe, 0x28, 0x7f, 0xf6, 0x3f, 0xff,
    0x90, 0x1f, 0xaf, 0xff, 0xe2, 0x87, 0xff, 0x67,
    0xff, 0xf8, 0xf0, 0x7d, 0x7f, 0xff, 0x14, 0x3f,
    0xfb, 0x37, 0xff, 0xf1, 0xd0, 0xf5, 0xff, 0xfc,
    0x50, 0xff, 0xed, 0x7f, 0xff, 0x20, 0x3d, 0x7f,
    0xff, 0x14, 0x3f, 0xfb, 0x7f, 0xff, 0xc8, 0xe,
    0xbf, 0xff, 0x8a, 0x1f, 0xfd, 0xb7, 0xff, 0xf8,
    0xf0, 0x6b, 0xff, 0xf8, 0xa1, 0xff, 0xdc, 0xbf,
    0xff, 0x8e, 0x85, 0x7f, 0xff, 0x14, 0x3f, 0xfb,
    0xbf, 0xff, 0xc8, 0xa, 0xff, 0xfe, 0x28, 0x7f,
    0xf7, 0x5f, 0xff, 0xe3, 0xc0, 0xbf, 0xff, 0x8a,
    0x1f, 0xfd, 0xeb, 0xff, 0xf8, 0xe9, 0x7f, 0xff,
    0x14, 0x3f, 0xfb, 0xff, 0xff, 0xc8, 0x0,

    /* U+0053 "S" */
    0xf, 0xfe, 0x9b, 0x4f, 0xff, 0x51, 0xf, 0xff,
    0x5b, 0x7f, 0xff, 0x2a, 0x43, 0xff, 0xc6, 0xdf,
    0xff, 0xd0, 0x90, 0xff, 0xef, 0x5f, 0xff, 0xd6,
    0x83, 0xff, 0xb5, 0x7f, 0xff, 0x6a, 0xf, 0xfe,
    0xb5, 0xff, 0xfd, 0xe8, 0x3f, 0xfa, 0x7f, 0xff,
    0xe2, 0x83, 0xff, 0x9f, 0x7f, 0xff, 0x95, 0xf,
    0xfe, 0x65, 0xff, 0xfe, 0x78, 0x3f, 0xf9, 0x57,
    0xff, 0xfa, 0x83, 0xff, 0x91, 0xff, 0xfe, 0xd4,
    0x3f, 0xf8, 0xb7, 0xff, 0xfb, 0x90, 0xff, 0xe1,
    0xbf, 0xff, 0xf0, 0x43, 0xff, 0x82, 0xff, 0xff,
    0xc9, 0xf, 0xfe, 0x7, 0xff, 0xfd, 0x3, 0xfe,
    0xbf, 0xff, 0x9f, 0x5f, 0x7f, 0xff, 0x44, 0x3f,
    0xf8, 0x1f, 0xff, 0xcc, 0x90, 0xff, 0xe0, 0x37,
    0xff, 0xf2, 0xc3, 0xff, 0x81, 0x7f, 0xff, 0x29,
    0xf, 0xfe, 0x3b, 0xff, 0xfc, 0x70, 0xff, 0xe0,
    0xff, 0xff, 0x25, 0xf, 0xfe, 0x5b, 0xff, 0xfc,
    0x40, 0xff, 0xe0, 0xbf, 0xff, 0xc8, 0xf, 0xfe,
    0x7b, 0xff, 0xfc, 0x10, 0xff, 0xe1, 0x7f, 0xff,
    0x20, 0x3f, 0xfa, 0x57, 0xff, 0x83, 0xff, 0x87,
    0xff, 0xfc, 0x70, 0xff, 0xea, 0x3f, 0xf8, 0x3f,
    0xf8, 0x6f, 0xff, 0xf1, 0x90, 0xff, 0xea, 0xbf,
    0xe0, 0xff, 0xe2, 0x5f, 0xff, 0xc6, 0xf, 0xfe,
    0xc7, 0xe0, 0xff, 0xe2, 0xdf, 0xff, 0xc5, 0x83,
    0xff, 0xb3, 0xe0, 0xff, 0xe3, 0x7f, 0xff, 0x19,
    0xf, 0xfe, 0xca, 0x1f, 0xfc, 0x7f, 0xff, 0xe3,
    0x7, 0xff, 0xbb, 0xff, 0xf8, 0xc1, 0xff, 0xee,
    0xff, 0xfe, 0x30, 0x7f, 0xfb, 0xbf, 0xff, 0x8c,
    0x1f, 0xfe, 0xef, 0xff, 0xe3, 0x7, 0xff, 0xbb,
    0xff, 0xf8, 0xc8, 0x7f, 0xfb, 0x7f, 0xff, 0x8d,
    0x7, 0xff, 0xb7, 0xff, 0xf8, 0xe1, 0xff, 0xed,
    0xbf, 0xff, 0x8c, 0x87, 0xff, 0xb2, 0xff, 0xfe,
    0x38, 0x7f, 0xfb, 0x1f, 0xff, 0xe4, 0x7, 0xff,
    0xb3, 0xff, 0xf9, 0x28, 0x7f, 0xfa, 0xaf, 0xff,
    0xe4, 0xc1, 0xff, 0xe9, 0x7f, 0xff, 0x96, 0x87,
    0xff, 0xa3, 0xff, 0xf9, 0xb0, 0x7f, 0xf9, 0x9f,
    0xff, 0xe7, 0x48, 0x7f, 0xf9, 0x3f, 0xff, 0xa3,
    0x21, 0xff, 0xe1, 0x7f, 0xff, 0xa7, 0x21, 0xff,
    0xdf, 0xbf, 0xff, 0xab, 0x21, 0xff, 0xdd, 0xff,
    0xfe, 0xcc, 0x1f, 0xfd, 0xbf, 0xff, 0xed, 0xa1,
    0xff, 0xd9, 0xff, 0xfe, 0xe4, 0x87, 0xff, 0x5f,
    0xff, 0xfb, 0xc8, 0x7f, 0xf5, 0xaf, 0xff, 0xef,
    0x21, 0xff, 0xd5, 0x7f, 0xff, 0xbe, 0x87, 0xff,
    0x57, 0xff, 0xfc, 0x8, 0x7f, 0xf5, 0x1f, 0xff,
    0xef, 0xc1, 0xff, 0xd5, 0xbf, 0xff, 0xbe, 0x87,
    0xff, 0x56, 0xff, 0xfe, 0xf4, 0x1f, 0xfd, 0x67,
    0xff, 0xfb, 0xb0, 0x7f, 0xf5, 0xdb, 0xff, 0xfb,
    0x81, 0xff, 0xd9, 0x7f, 0xff, 0xb6, 0x1f, 0xfd,
    0xb6, 0xff, 0xfe, 0xc0, 0x7f, 0xf7, 0x5b, 0xff,
    0xfa, 0xb0, 0x7f, 0xf8, 0x1f, 0xff, 0xe9, 0xa1,
    0xff, 0xe2, 0x7f, 0xff, 0xa2, 0x1f, 0xfe, 0x5b,
    0xff, 0xf9, 0xd0, 0x7f, 0xf9, 0x9b, 0xff, 0xf9,
    0x81, 0xff, 0xe9, 0xff, 0xfe, 0x5c, 0x1f, 0xfe,
    0x97, 0xff, 0xf9, 0x41, 0xff, 0xeb, 0xff, 0xfe,
    0x4a, 0x1f, 0xfe, 0xbf, 0xff, 0xe4, 0x87, 0xff,
    0xb3, 0xff, 0xf9, 0x1, 0xff, 0xed, 0xff, 0xfe,
    0x3a, 0x1f, 0xfe, 0xcb, 0xff, 0xf8, 0xd0, 0x7f,
    0xfb, 0x7f, 0xff, 0x8d, 0x7, 0xff, 0xb6, 0xff,
    0xfe, 0x30, 0x7f, 0xfb, 0x5f, 0xff, 0xe3, 0x7,
    0xff, 0xbb, 0xff, 0xf8, 0xc1, 0xff, 0xee, 0xff,
    0xfe, 0x30, 0x7f, 0xfb, 0xbf, 0xff, 0x8c, 0x1f,
    0xfe, 0xef, 0xff, 0xe3, 0x7, 0xff, 0xbb, 0xff,
    0xf8, 0xc1, 0xff, 0xee, 0xff, 0xfe, 0x30, 0x7f,
    0xf0, 0x34, 0x3f, 0xfc, 0x1f, 0xff, 0xc6, 0xf,
    0xfb, 0xe4, 0x3f, 0xfb, 0xcf, 0xff, 0xf1, 0x83,
    0xfd, 0xfc, 0x87, 0xff, 0x76, 0xff, 0xfe, 0x2c,
    0x1f, 0xdf, 0xf4, 0x1f, 0xfd, 0xcf, 0xff, 0xe3,
    0x41, 0xfb, 0xff, 0xc1, 0xff, 0xda, 0xbf, 0xff,
    0x8c, 0x87, 0xdf, 0xff, 0xc0, 0x43, 0xff, 0xae,
    0xff, 0xff, 0x1c, 0x3e, 0xff, 0xfe, 0x18, 0x7f,
    0xf5, 0x5f, 0xff, 0xe4, 0x7, 0xbf, 0xff, 0x8b,
    0x7, 0xff, 0x49, 0xff, 0xfe, 0x42, 0x1d, 0x7f,
    0xff, 0x1e, 0x43, 0xff, 0x9d, 0xff, 0xfc, 0xa0,
    0xeb, 0xff, 0xf9, 0x70, 0x7f, 0xf2, 0xaf, 0xff,
    0xe5, 0x41, 0xaf, 0xff, 0xe7, 0xc8, 0x7f, 0xf0,
    0x9b, 0xff, 0xf9, 0xa1, 0xdf, 0xff, 0xd6, 0xaf,
    0xbf, 0xff, 0xa3, 0x7, 0xbf, 0xff, 0xf2, 0x1f,
    0xbf, 0xff, 0xee, 0x87, 0xf7, 0xff, 0xfd, 0x50,
    0xff, 0xbf, 0xff, 0xe7, 0x7, 0xff, 0x6, 0xff,
    0xff, 0x84, 0x1f, 0xfc, 0x37, 0xff, 0xfd, 0xd0,
    0x7f, 0xf1, 0xbf, 0xff, 0xd9, 0x7, 0xff, 0x21,
    0xff, 0xff, 0x4a, 0x1f, 0xfc, 0xbb, 0xff, 0xfc,
    0xb0, 0x7f, 0xf3, 0xef, 0xff, 0xf1, 0x21, 0xff,
    0xd2, 0x7f, 0xff, 0xbc, 0x87, 0xff, 0x5e, 0xff,
    0xfe, 0xca, 0x1f, 0xfd, 0xb6, 0xff, 0xfe, 0x9a,
    0x1f, 0xfe, 0x26, 0xff, 0xfe, 0x5c, 0x87, 0xff,
    0xa5, 0x54, 0xff, 0xf5, 0x14, 0x1f, 0xfd, 0x10,

    /* U+0054 "T" */
    0x2b, 0xff, 0xff, 0x58, 0x7f, 0xff, 0xff, 0xf8,
    0x7f, 0xff, 0xff, 0xf8, 0x7f, 0xff, 0xff, 0xf8,
    0x7f, 0xff, 0xff, 0xf8, 0x7f, 0xff, 0xff, 0xf8,
    0x7f, 0xff, 0xff, 0xf8, 0x7f, 0xff, 0xff, 0xf8,
    0x7f, 0xff, 0xff, 0xf8, 0x7f, 0xff, 0xff, 0xf8,
    0x7f, 0xff, 0xff, 0xf8, 0x7f, 0xff, 0xff, 0xf8,
    0x7f, 0xff, 0xff, 0xf8, 0x7f, 0xff, 0xff, 0xf8,
    0x7f, 0xff, 0xff, 0xf8, 0x7f, 0xff, 0xff, 0xf8,
    0x3f, 0xfa, 0x97, 0xff, 0xf1, 0x43, 0xff, 0xe7,
    0x7f, 0xff, 0x14, 0x3f, 0xfe, 0x77, 0xff, 0xf1,
    0x43, 0xff, 0xe7, 0x7f, 0xff, 0x14, 0x3f, 0xfe,
    0x77, 0xff, 0xf1, 0x43, 0xff, 0xe7, 0x7f, 0xff,
    0x14, 0x3f, 0xfe, 0x77, 0xff, 0xf1, 0x43, 0xff,
    0xe7, 0x7f, 0xff, 0x14, 0x3f, 0xfe, 0x77, 0xff,
    0xf1, 0x43, 0xff, 0xe7, 0x7f, 0xff, 0x14, 0x3f,
    0xfe, 0x77, 0xff, 0xf1, 0x43, 0xff, 0xe7, 0x7f,
    0xff, 0x14, 0x3f, 0xfe, 0x77, 0xff, 0xf1, 0x43,
    0xff, 0xe7, 0x7f, 0xff, 0x14, 0x3f, 0xfe, 0x77,
    0xff, 0xf1, 0x43, 0xff, 0xe7, 0x7f, 0xff, 0x14,
    0x3f, 0xfe, 0x77, 0xff, 0xf1, 0x43, 0xff, 0xe7,
    0x7f, 0xff, 0x14, 0x3f, 0xfe, 0x77, 0xff, 0xf1,
    0x43, 0xff, 0xe7, 0x7f, 0xff, 0x14, 0x3f, 0xfe,
    0x77, 0xff, 0xf1, 0x43, 0xff, 0xe7, 0x7f, 0xff,
    0x14, 0x3f, 0xfe, 0x77, 0xff, 0xf1, 0x43, 0xff,
    0xe7, 0x7f, 0xff, 0x14, 0x3f, 0xfe, 0x77, 0xff,
    0xf1, 0x43, 0xff, 0xe7, 0x7f, 0xff, 0x14, 0x3f,
    0xfe, 0x77, 0xff, 0xf1, 0x43, 0xff, 0xe7, 0x7f,
    0xff, 0x14, 0x3f, 0xfe, 0x77, 0xff, 0xf1, 0x43,
    0xff, 0xe7, 0x7f, 0xff, 0x14, 0x3f, 0xfe, 0x77,
    0xff, 0xf1, 0x43, 0xff, 0xe7, 0x7f, 0xff, 0x14,
    0x3f, 0xfe, 0x77, 0xff, 0xf1, 0x43, 0xff, 0xe7,
    0x7f, 0xff, 0x14, 0x3f, 0xfe, 0x77, 0xff, 0xf1,
    0x43, 0xff, 0xe7, 0x7f, 0xff, 0x14, 0x3f, 0xfe,
    0x77, 0xff, 0xf1, 0x43, 0xff, 0xe7, 0x7f, 0xff,
    0x14, 0x3f, 0xfe, 0x77, 0xff, 0xf1, 0x43, 0xff,
    0xe7, 0x7f, 0xff, 0x14, 0x3f, 0xfe, 0x77, 0xff,
    0xf1, 0x43, 0xff, 0xe7, 0x7f, 0xff, 0x14, 0x3f,
    0xfe, 0x77, 0xff, 0xf1, 0x43, 0xff, 0xe7, 0x7f,
    0xff, 0x14, 0x3f, 0xfe, 0x77, 0xff, 0xf1, 0x43,
    0xff, 0xe7, 0x7f, 0xff, 0x14, 0x3f, 0xfe, 0x77,
    0xff, 0xf1, 0x43, 0xff, 0xe7, 0x7f, 0xff, 0x14,
    0x3f, 0xfe, 0x77, 0xff, 0xf1, 0x43, 0xff, 0xe7,
    0x7f, 0xff, 0x14, 0x3f, 0xfe, 0x77, 0xff, 0xf1,
    0x43, 0xff, 0xe7, 0x7f, 0xff, 0x14, 0x3f, 0xfe,
    0x77, 0xff, 0xf1, 0x43, 0xff, 0xe7, 0x7f, 0xff,
    0x14, 0x3f, 0xfe, 0x77, 0xff, 0xf1, 0x43, 0xff,
    0xe7, 0x7f, 0xff, 0x14, 0x3f, 0xfe, 0x77, 0xff,
    0xf1, 0x43, 0xff, 0xe7, 0x7f, 0xff, 0x14, 0x3f,
    0xfe, 0x77, 0xff, 0xf1, 0x43, 0xff, 0xe7, 0x7f,
    0xff, 0x14, 0x3f, 0xfe, 0x77, 0xff, 0xf1, 0x43,
    0xff, 0xe7, 0x7f, 0xff, 0x14, 0x3f, 0xfe, 0x77,
    0xff, 0xf1, 0x43, 0xff, 0xe7, 0x7f, 0xff, 0x14,
    0x3f, 0xfe, 0x77, 0xff, 0xf1, 0x43, 0xff, 0xe7,
    0x7f, 0xff, 0x14, 0x3f, 0xfe, 0x77, 0xff, 0xf1,
    0x43, 0xff, 0xe7, 0x7f, 0xff, 0x14, 0x3f, 0xfe,
    0x77, 0xff, 0xf1, 0x43, 0xff, 0xe7, 0x7f, 0xff,
    0x14, 0x3f, 0xfe, 0x77, 0xff, 0xf1, 0x43, 0xff,
    0xe7, 0x7f, 0xff, 0x14, 0x3f, 0xfe, 0x77, 0xff,
    0xf1, 0x43, 0xff, 0xe7, 0x7f, 0xff, 0x14, 0x3f,
    0xfe, 0x77, 0xff, 0xf1, 0x43, 0xff, 0xe7, 0x7f,
    0xff, 0x14, 0x3f, 0xfe, 0x77, 0xff, 0xf1, 0x43,
    0xff, 0xe7, 0x7f, 0xff, 0x14, 0x3f, 0xfe, 0x77,
    0xff, 0xf1, 0x43, 0xff, 0xe7, 0x7f, 0xff, 0x14,
    0x3f, 0xfe, 0x77, 0xff, 0xf1, 0x43, 0xff, 0xe7,
    0x7f, 0xff, 0x14, 0x3f, 0xfe, 0x77, 0xff, 0xf1,
    0x43, 0xff, 0xe7, 0x7f, 0xff, 0x14, 0x3f, 0xfe,
    0x77, 0xff, 0xf1, 0x43, 0xff, 0xe7, 0x7f, 0xff,
    0x14, 0x3f, 0xfe, 0x77, 0xff, 0xf1, 0x43, 0xff,
    0xe6, 0xd7, 0xff, 0x14, 0x3f, 0xfa, 0x80,

    /* U+0055 "U" */
    0xff, 0xfe, 0x30, 0x7f, 0xf8, 0xdf, 0xff, 0xe2,
    0xbf, 0xff, 0xc6, 0xf, 0xff, 0x1b, 0xff, 0xfc,
    0x57, 0xff, 0xf8, 0xc1, 0xff, 0xe3, 0x7f, 0xff,
    0x8a, 0xff, 0xff, 0x18, 0x3f, 0xfc, 0x6f, 0xff,
    0xf1, 0x5f, 0xff, 0xe3, 0x7, 0xff, 0x8d, 0xff,
    0xfe, 0x2b, 0xff, 0xfc, 0x60, 0xff, 0xf1, 0xbf,
    0xff, 0xc5, 0x7f, 0xff, 0x8c, 0x1f, 0xfe, 0x37,
    0xff, 0xf8, 0xaf, 0xff, 0xf1, 0x83, 0xff, 0xc6,
    0xff, 0xff, 0x15, 0xff, 0xfe, 0x30, 0x7f, 0xf8,
    0xdf, 0xff, 0xe2, 0xbf, 0xff, 0xc6, 0xf, 0xff,
    0x1b, 0xff, 0xfc, 0x57, 0xff, 0xf8, 0xc1, 0xff,
    0xe3, 0x7f, 0xff, 0x8a, 0xff, 0xff, 0x18, 0x3f,
    0xfc, 0x6f, 0xff, 0xf1, 0x5f, 0xff, 0xe3, 0x7,
    0xff, 0x8d, 0xff, 0xfe, 0x2b, 0xff, 0xfc, 0x60,
    0xff, 0xf1, 0xbf, 0xff, 0xc5, 0x7f, 0xff, 0x8c,
    0x1f, 0xfe, 0x37, 0xff, 0xf8, 0xaf, 0xff, 0xf1,
    0x83, 0xff, 0xc6, 0xff, 0xff, 0x15, 0xff, 0xfe,
    0x30, 0x7f, 0xf8, 0xdf, 0xff, 0xe2, 0xbf, 0xff,
    0xc6, 0xf, 0xff, 0x1b, 0xff, 0xfc, 0x57, 0xff,
    0xf8, 0xc1, 0xff, 0xe3, 0x7f, 0xff, 0x8a, 0xff,
    0xff, 0x18, 0x3f, 0xfc, 0x6f, 0xff, 0xf1, 0x5f,
    0xff, 0xe3, 0x7, 0xff, 0x8d, 0xff, 0xfe, 0x2b,
    0xff, 0xfc, 0x60, 0xff, 0xf1, 0xbf, 0xff, 0xc5,
    0x7f, 0xff, 0x8c, 0x1f, 0xfe, 0x37, 0xff, 0xf8,
    0xaf, 0xff, 0xf1, 0x83, 0xff, 0xc6, 0xff, 0xff,
    0x15, 0xff, 0xfe, 0x30, 0x7f, 0xf8, 0xdf, 0xff,
    0xe2, 0xbf, 0xff, 0xc6, 0xf, 0xff, 0x1b, 0xff,
    0xfc, 0x57, 0xff, 0xf8, 0xc1, 0xff, 0xe3, 0x7f,
    0xff, 0x8a, 0xff, 0xff, 0x18, 0x3f, 0xfc, 0x6f,
    0xff, 0xf1, 0x5f, 0xff, 0xe3, 0x7, 0xff, 0x8d,
    0xff, 0xfe, 0x2b, 0xff, 0xfc, 0x60, 0xff, 0xf1,
    0xbf, 0xff, 0xc5, 0x7f, 0xff, 0x8c, 0x1f, 0xfe,
    0x37, 0xff, 0xf8, 0xaf, 0xff, 0xf1, 0x83, 0xff,
    0xc6, 0xff, 0xff, 0x15, 0xff, 0xfe, 0x30, 0x7f,
    0xf8, 0xdf, 0xff, 0xe2, 0xbf, 0xff, 0xc6, 0xf,
    0xff, 0x1b, 0xff, 0xfc, 0x57, 0xff, 0xf8, 0xc1,
    0xff, 0xe3, 0x7f, 0xff, 0x8a, 0xff, 0xff, 0x18,
    0x3f, 0xfc, 0x6f, 0xff, 0xf1, 0x5f, 0xff, 0xe3,
    0x7, 0xff, 0x8d, 0xff, 0xfe, 0x2b, 0xff, 0xfc,
    0x60, 0xff, 0xf1, 0xbf, 0xff, 0xc5, 0x7f, 0xff,
    0x8c, 0x1f, 0xfe, 0x37, 0xff, 0xf8, 0xaf, 0xff,
    0xf1, 0x83, 0xff, 0xc6, 0xff, 0xff, 0x15, 0xff,
    0xfe, 0x30, 0x7f, 0xf8, 0xdf, 0xff, 0xe2, 0xbf,
    0xff, 0xc6, 0xf, 0xff, 0x1b, 0xff, 0xfc, 0x57,
    0xff, 0xf8, 0xc1, 0xff, 0xe3, 0x7f, 0xff, 0x8a,
    0xff, 0xff, 0x18, 0x3f, 0xfc, 0x6f, 0xff, 0xf1,
    0x5f, 0xff, 0xe3, 0x7, 0xff, 0x8d, 0xff, 0xfe,
    0x2b, 0xff, 0xfc, 0x60, 0xff, 0xf1, 0xbf, 0xff,
    0xc5, 0x7f, 0xff, 0x8c, 0x1f, 0xfe, 0x37, 0xff,
    0xf8, 0xaf, 0xff, 0xf1, 0x83, 0xff, 0xc6, 0xff,
    0xff, 0x15, 0xff, 0xfe, 0x30, 0x7f, 0xf8, 0xdf,
    0xff, 0xe2, 0xbf, 0xff, 0xc6, 0xf, 0xff, 0x1b,
    0xff, 0xfc, 0x57, 0xff, 0xf8, 0xc1, 0xff, 0xe3,
    0x7f, 0xff, 0x8a, 0xff, 0xff, 0x18, 0x3f, 0xfc,
    0x6f, 0xff, 0xf1, 0x5f, 0xff, 0xe3, 0x7, 0xff,
    0x8d, 0xff, 0xfe, 0x2b, 0xff, 0xfc, 0x60, 0xff,
    0xf1, 0xbf, 0xff, 0xc5, 0x7f, 0xff, 0x8c, 0x1f,
    0xfe, 0x37, 0xff, 0xf8, 0xaf, 0xff, 0xf1, 0x83,
    0xff, 0xc6, 0xff, 0xff, 0x15, 0xff, 0xfe, 0x30,
    0x7f, 0xf8, 0xdf, 0xff, 0xe2, 0xbf, 0xff, 0xc6,
    0xf, 0xff, 0x1b, 0xff, 0xfc, 0x57, 0xff, 0xf8,
    0xc1, 0xff, 0xe3, 0x7f, 0xff, 0x8a, 0xff, 0xff,
    0x18, 0x3f, 0xfc, 0x6f, 0xff, 0xf1, 0x5f, 0xff,
    0xe3, 0x7, 0xff, 0x8d, 0xff, 0xfe, 0x2b, 0xff,
    0xfc, 0x60, 0xff, 0xf1, 0xbf, 0xff, 0xc5, 0x7f,
    0xff, 0x8c, 0x1f, 0xfe, 0x37, 0xff, 0xf8, 0xaf,
    0xff, 0xf1, 0x83, 0xff, 0xc6, 0xff, 0xff, 0x15,
    0xff, 0xfe, 0x30, 0x7f, 0xf8, 0xdf, 0xff, 0xe2,
    0xbf, 0xff, 0xc6, 0xf, 0xff, 0x1b, 0xff, 0xfc,
    0x53, 0xff, 0xf8, 0xc1, 0xff, 0xe3, 0x7f, 0xff,
    0x8a, 0x7f, 0xff, 0x18, 0x3f, 0xfc, 0x77, 0xff,
    0xf1, 0x4f, 0xff, 0xe3, 0x7, 0xff, 0x8e, 0xff,
    0xfe, 0x29, 0x7f, 0xff, 0x15, 0xf, 0xff, 0x17,
    0xff, 0xf1, 0x8b, 0xff, 0xf8, 0xa8, 0x7f, 0xf8,
    0xbf, 0xff, 0x8c, 0x5f, 0xff, 0xc5, 0x83, 0xff,
    0xc5, 0xff, 0xfc, 0x61, 0xff, 0xfe, 0x30, 0x7f,
    0xf8, 0x5f, 0xff, 0xe3, 0xf, 0xff, 0xf1, 0x83,
    0xff, 0xc3, 0x7f, 0xff, 0x16, 0x7, 0xff, 0xf1,
    0x90, 0xff, 0xf0, 0x7f, 0xff, 0x19, 0x7, 0xff,
    0xf1, 0xc3, 0xff, 0xbe, 0xff, 0xff, 0x19, 0x5,
    0xff, 0xfc, 0x60, 0xff, 0xef, 0xdf, 0xff, 0xc6,
    0x9, 0xff, 0xfe, 0x34, 0x1f, 0xfd, 0xef, 0xff,
    0xe3, 0x86, 0xff, 0xfe, 0x38, 0x7f, 0xf7, 0x6f,
    0xff, 0xe3, 0x41, 0xbf, 0xff, 0x90, 0x1f, 0xfd,
    0xcf, 0xff, 0xe3, 0xa1, 0xaf, 0xff, 0xe3, 0xa1,
    0xff, 0xda, 0xff, 0xfe, 0x40, 0x73, 0xff, 0xfc,
    0x80, 0xff, 0xec, 0xdf, 0xff, 0xc7, 0x83, 0xdf,
    0xff, 0xc9, 0xf, 0xfe, 0xbb, 0xff, 0xfc, 0x84,
    0x3c, 0xff, 0xff, 0x24, 0x3f, 0xfa, 0xaf, 0xff,
    0xf2, 0x43, 0xf7, 0xff, 0xf2, 0x90, 0xff, 0xe9,
    0x5f, 0xff, 0xc9, 0x43, 0xf5, 0xff, 0xfc, 0xa8,
    0x3f, 0xf9, 0xef, 0xff, 0xf2, 0xc3, 0xfd, 0xff,
    0xfc, 0xc8, 0x3f, 0xf9, 0x6d, 0xff, 0xfc, 0xb4,
    0x3f, 0xcf, 0xff, 0xf3, 0x64, 0x3f, 0xf8, 0xcf,
    0xff, 0xf3, 0x83, 0xff, 0x81, 0xff, 0xfd, 0x19,
    0x41, 0xf2, 0xa9, 0xff, 0xfd, 0x4, 0x3f, 0xf8,
    0x3f, 0xff, 0xf9, 0x83, 0xff, 0x84, 0xff, 0xff,
    0xe0, 0x3f, 0xf8, 0x97, 0xff, 0xfd, 0x83, 0xff,
    0x8d, 0xff, 0xff, 0x54, 0x3f, 0xf8, 0xff, 0xff,
    0xf3, 0x43, 0xff, 0x93, 0xff, 0xff, 0x14, 0x3f,
    0xf9, 0x77, 0xff, 0xfb, 0x90, 0xff, 0xe6, 0xdf,
    0xff, 0xec, 0xf, 0xfe, 0x83, 0xff, 0xfe, 0x98,
    0x3f, 0xfa, 0x77, 0xff, 0xf9, 0x90, 0xff, 0xea,
    0xbf, 0xff, 0xe3, 0x83, 0xff, 0xb2, 0xff, 0xff,
    0x7e, 0xf, 0xfe, 0xeb, 0x7f, 0xff, 0x69, 0xf,
    0xff, 0x13, 0xff, 0xfd, 0x59, 0xf, 0xff, 0x3b,
    0x7f, 0xff, 0x36, 0x43, 0xff, 0xe0, 0xaa, 0x7f,
    0xfd, 0x52, 0x83, 0xff, 0xa8,

    /* U+0056 "V" */
    0xbf, 0xff, 0x8c, 0x87, 0xff, 0xad, 0xff, 0xfe,
    0x30, 0x3f, 0xff, 0x8e, 0x1f, 0xfe, 0xbb, 0xff,
    0xf8, 0xb0, 0x3f, 0xff, 0x8e, 0x1f, 0xfe, 0xbf,
    0xff, 0xe3, 0x4, 0xff, 0xff, 0x1a, 0xf, 0xff,
    0x4b, 0xff, 0xfc, 0x60, 0xdf, 0xff, 0xc7, 0xf,
    0xff, 0x4d, 0xff, 0xfc, 0x54, 0x35, 0xff, 0xfc,
    0x60, 0xff, 0xf4, 0xff, 0xff, 0x18, 0x39, 0xff,
    0xfe, 0x34, 0x1f, 0xfe, 0x77, 0xff, 0xf8, 0xb0,
    0x7b, 0xff, 0xf8, 0xe1, 0xff, 0xe7, 0xbf, 0xff,
    0x8a, 0x87, 0xaf, 0xff, 0xe3, 0x7, 0xff, 0x9f,
    0xff, 0xf8, 0xc1, 0xfb, 0xff, 0xf8, 0xd0, 0x7f,
    0xf9, 0x5f, 0xff, 0xe2, 0xc1, 0xfb, 0xff, 0xf8,
    0xe1, 0xff, 0xe5, 0xff, 0xfe, 0x30, 0x7f, 0x3f,
    0xff, 0xc6, 0xf, 0xff, 0x2f, 0xff, 0xf1, 0x83,
    0xfd, 0xff, 0xfc, 0x68, 0x3f, 0xfc, 0x6f, 0xff,
    0xf1, 0x50, 0xff, 0x5f, 0xff, 0xc6, 0xf, 0xff,
    0x1f, 0xff, 0xf1, 0x83, 0xfe, 0x7f, 0xff, 0x8c,
    0x1f, 0xfe, 0x3f, 0xff, 0xe2, 0xc1, 0xff, 0xc0,
    0xff, 0xfe, 0x34, 0x1f, 0xfe, 0x1b, 0xff, 0xf8,
    0xa8, 0x7f, 0xf0, 0x2f, 0xff, 0xe3, 0x7, 0xff,
    0x87, 0xff, 0xf8, 0xc1, 0xff, 0xc1, 0x7f, 0xff,
    0x8c, 0x87, 0xff, 0x83, 0xff, 0xf8, 0xb0, 0x7f,
    0xf0, 0xbf, 0xff, 0x8d, 0x7, 0xff, 0x7e, 0xff,
    0xfe, 0x28, 0x7f, 0xf0, 0xef, 0xff, 0xe3, 0x7,
    0xff, 0x7f, 0xff, 0xf8, 0xc1, 0xff, 0xc4, 0xff,
    0xfe, 0x32, 0x1f, 0xfd, 0xef, 0xff, 0xe2, 0xa1,
    0xff, 0xc4, 0xff, 0xfe, 0x34, 0x1f, 0xfd, 0xdb,
    0xff, 0xf8, 0xa1, 0xff, 0xc5, 0x7f, 0xff, 0x8c,
    0x1f, 0xfd, 0xdf, 0xff, 0xe3, 0x7, 0xff, 0x1b,
    0xff, 0xf8, 0xc8, 0x7f, 0xf6, 0xdf, 0xff, 0xe2,
    0xa1, 0xff, 0xc6, 0xbf, 0xff, 0x8b, 0x7, 0xff,
    0x6e, 0xff, 0xfe, 0x28, 0x7f, 0xf1, 0xdf, 0xff,
    0xe3, 0x7, 0xff, 0x6f, 0xff, 0xf8, 0xb0, 0x7f,
    0xf2, 0x3f, 0xff, 0x8c, 0x87, 0xff, 0x65, 0xff,
    0xfe, 0x2a, 0x1f, 0xfc, 0x8b, 0xff, 0xf8, 0xb0,
    0x7f, 0xf6, 0x6f, 0xff, 0xe2, 0x87, 0xff, 0x2b,
    0xff, 0xf8, 0xc1, 0xff, 0xd9, 0xff, 0xfe, 0x2c,
    0x1f, 0xfc, 0xaf, 0xff, 0xe3, 0x21, 0xff, 0xd7,
    0x7f, 0xff, 0x8a, 0x1f, 0xfc, 0xb7, 0xff, 0xf8,
    0xb0, 0x7f, 0xf5, 0xef, 0xff, 0xe2, 0x87, 0xff,
    0x33, 0xff, 0xf8, 0xc1, 0xff, 0xd7, 0xff, 0xfe,
    0x2a, 0x1f, 0xfc, 0xcf, 0xff, 0xe3, 0x21, 0xff,
    0xd5, 0x7f, 0xff, 0x8a, 0x1f, 0xfc, 0xd7, 0xff,
    0xf8, 0xb0, 0x7f, 0xf5, 0x6f, 0xff, 0xe2, 0x41,
    0xff, 0xce, 0xff, 0xfe, 0x30, 0x7f, 0xf5, 0x7f,
    0xff, 0x8a, 0x87, 0xff, 0x3a, 0xff, 0xfe, 0x2a,
    0x1f, 0xfd, 0x37, 0xff, 0xf8, 0xa1, 0xff, 0xcf,
    0x7f, 0xff, 0x8b, 0x7, 0xff, 0x4f, 0xff, 0xf8,
    0xb0, 0x7f, 0xf4, 0x3f, 0xff, 0x8c, 0x1f, 0xfd,
    0x3f, 0xff, 0xe2, 0x87, 0xff, 0x46, 0xff, 0xfe,
    0x2a, 0x1f, 0xfd, 0x17, 0xff, 0xf8, 0xa1, 0xff,
    0xd2, 0xff, 0xfe, 0x2c, 0x1f, 0xfd, 0x1f, 0xff,
    0xe2, 0xa1, 0xff, 0xd2, 0xff, 0xfe, 0x30, 0x7f,
    0xf4, 0x7f, 0xff, 0x8a, 0x1f, 0xfd, 0x37, 0xff,
    0xf8, 0xa8, 0x7f, 0xf3, 0xef, 0xff, 0xe2, 0x41,
    0xff, 0xd4, 0xff, 0xfe, 0x30, 0x7f, 0xf3, 0xff,
    0xff, 0x8a, 0x87, 0xff, 0x52, 0xff, 0xfe, 0x28,
    0x7f, 0xf3, 0xff, 0xff, 0x8a, 0x1f, 0xfd, 0x57,
    0xff, 0xf8, 0xa8, 0x7f, 0xf3, 0x6f, 0xff, 0xe2,
    0x41, 0xff, 0xd6, 0xff, 0xfe, 0x30, 0x7f, 0xf3,
    0x7f, 0xff, 0x8a, 0x87, 0xff, 0x5a, 0xff, 0xfe,
    0x28, 0x7f, 0xf3, 0x7f, 0xff, 0x8a, 0x1f, 0xfd,
    0x8f, 0xff, 0xe2, 0xa1, 0xff, 0xcb, 0xbf, 0xff,
    0x89, 0x7, 0xff, 0x63, 0xff, 0xf8, 0xc1, 0xff,
    0xcb, 0xff, 0xfe, 0x28, 0x7f, 0xf6, 0x5f, 0xff,
    0xe2, 0x87, 0xff, 0x29, 0xff, 0xfe, 0x28, 0x7f,
    0xf6, 0xbf, 0xff, 0x8a, 0x87, 0xff, 0x26, 0xff,
    0xfe, 0x22, 0x1f, 0xfd, 0xaf, 0xff, 0xe3, 0x7,
    0xff, 0x27, 0xff, 0xf8, 0xa1, 0xff, 0xdb, 0x7f,
    0xff, 0x8a, 0x1f, 0xfc, 0x87, 0xff, 0xf8, 0x90,
    0x7f, 0xf7, 0x3f, 0xff, 0x8b, 0x7, 0xff, 0x1e,
    0xff, 0xfe, 0x22, 0x1f, 0xfd, 0xcb, 0xff, 0xf8,
    0xa1, 0xff, 0xc7, 0xff, 0xfe, 0x28, 0x7f, 0xf7,
    0x5f, 0xff, 0xe2, 0x87, 0xff, 0x19, 0xff, 0xfe,
    0x24, 0x1f, 0xfd, 0xef, 0xff, 0xe2, 0xc1, 0xff,
    0xc5, 0xbf, 0xff, 0x88, 0x1f, 0xfd, 0xfb, 0xff,
    0xf8, 0xa1, 0xff, 0xc5, 0xff, 0xfe, 0x28, 0x7f,
    0xf8, 0x3f, 0xff, 0x8a, 0x1f, 0xfc, 0x47, 0xff,
    0xf8, 0x88, 0x7f, 0xf8, 0x3f, 0xff, 0x8b, 0x7,
    0xff, 0xf, 0xff, 0xf8, 0xa1, 0xff, 0xe1, 0x7f,
    0xff, 0x8a, 0x1f, 0xfc, 0x3f, 0xff, 0xe2, 0x41,
    0xff, 0xe2, 0xff, 0xfe, 0x28, 0x7f, 0xf0, 0x9f,
    0xff, 0xe2, 0x21, 0xff, 0xe2, 0xbf, 0xff, 0x89,
    0x7, 0xff, 0x7, 0xff, 0xf8, 0xa1, 0xff, 0xe3,
    0x7f, 0xff, 0x8a, 0x1f, 0xfc, 0x1f, 0xff, 0xe2,
    0x41, 0xff, 0xe4, 0xff, 0xfe, 0x28, 0x7f, 0xf0,
    0x1f, 0xff, 0xe2, 0x7, 0xff, 0x96, 0xff, 0xfe,
    0x24, 0x1f, 0xf7, 0xff, 0xf1, 0x43, 0xff, 0xcd,
    0xff, 0xfc, 0x50, 0xff, 0xbf, 0xff, 0x88, 0x87,
    0xff, 0x9b, 0xff, 0xf8, 0xa8, 0x7f, 0x5f, 0xff,
    0xc4, 0xf, 0xff, 0x3b, 0xff, 0xfc, 0x48, 0x3f,
    0xbf, 0xff, 0x8a, 0x1f, 0xfe, 0x8f, 0xff, 0xe2,
    0x87, 0xf7, 0xff, 0xf1, 0x10, 0xff, 0xf4, 0x7f,
    0xff, 0x15, 0xf, 0xaf, 0xff, 0xe2, 0x7, 0xff,
    0xa5, 0xff, 0xfe, 0x24, 0x1f, 0x7f, 0xff, 0x12,
    0xf, 0xff, 0x57, 0xff, 0xf1, 0x43, 0xcf, 0xff,
    0xf1, 0x10, 0xff, 0xf5, 0x5f, 0xff, 0xc4, 0x43,
    0xaf, 0xff, 0xe2, 0x7, 0xff, 0xad, 0xff, 0xfe,
    0x24, 0x1d, 0xff, 0xfc, 0x48, 0x3f, 0xfd, 0x9f,
    0xff, 0xc5, 0xc, 0xff, 0xff, 0x10, 0x3f, 0xfd,
    0xb7, 0xff, 0xf1, 0x10, 0xaf, 0xff, 0xe2, 0x7,
    0xff, 0xbb, 0xff, 0xf8, 0x90, 0x5f, 0xff, 0xc4,
    0x43, 0xff, 0xdd, 0xff, 0xfc, 0x50, 0x3f, 0xff,
    0xc4, 0xf, 0xff, 0x7b, 0xff, 0xfc, 0x44, 0xbf,
    0xff, 0x87, 0x7, 0xff, 0xc3, 0xff, 0xf8, 0x91,
    0xff, 0xfc, 0x44, 0x3f, 0xfe, 0x17, 0xff, 0xf1,
    0x1f, 0xff, 0xe2, 0x7, 0xff, 0xc5, 0xff, 0xfe,
    0xa4, 0x1f, 0xff, 0x2f, 0xff, 0xea, 0x7, 0xff,
    0xce, 0xff, 0xfe, 0x98, 0x7f, 0xfd, 0x3f, 0xff,
    0xa4, 0x87, 0xff, 0xd3, 0xff, 0xfa, 0x41, 0xff,
    0xf5, 0x7f, 0xff, 0xa1, 0x7, 0xff, 0xdb, 0xff,
    0xfa, 0x8, 0x7f, 0xfd, 0xbf, 0xff, 0xa0, 0x1f,
    0xff, 0x77, 0xff, 0xf9, 0xd0, 0x7f, 0xfe, 0x3f,
    0xff, 0x9c, 0x87, 0xff, 0xe2, 0xff, 0xfe, 0x68,
    0x7f, 0xfe, 0x5f, 0xff, 0xe6, 0x41, 0xff, 0xfa,
    0xff, 0xfe, 0x60, 0x7f, 0xfe, 0xef, 0xff, 0xe5,
    0x87, 0xff, 0xf3, 0xff, 0xf9, 0x48, 0x7f, 0xff,
    0x3f, 0xff, 0x94, 0x1f, 0xff, 0xd7, 0xff, 0xf9,
    0x10, 0x7f, 0xff, 0xbf, 0xff, 0x90, 0x87, 0xff,
    0xfa, 0xff, 0xfe, 0x38, 0x7f, 0xff, 0xdf, 0xff,
    0xe3, 0x41, 0xff, 0xff, 0x3f, 0xff, 0x8c, 0x1f,
    0xfd, 0xb0,

    /* U+0057 "W" */
    0xbf, 0xff, 0x8c, 0x1f, 0xfd, 0xcf, 0xff, 0xe3,
    0xc1, 0xff, 0xdc, 0x7f, 0xff, 0x8a, 0xff, 0xff,
    0x18, 0x3f, 0xfb, 0x9f, 0xff, 0xc8, 0xf, 0xfe,
    0xe5, 0xff, 0xfc, 0x44, 0xff, 0xfe, 0x32, 0x1f,
    0xfd, 0xa7, 0xff, 0xf9, 0x1, 0xff, 0xdc, 0xff,
    0xfe, 0x28, 0x3f, 0xff, 0x8d, 0x7, 0xff, 0x6a,
    0xff, 0xfe, 0x42, 0x1f, 0xfd, 0xbf, 0xff, 0xe2,
    0x82, 0xff, 0xfe, 0x30, 0x7f, 0xf6, 0xbf, 0xff,
    0x93, 0x7, 0xff, 0x69, 0xff, 0xfe, 0x24, 0x7,
    0xff, 0xf8, 0xc1, 0xff, 0xda, 0xff, 0xfe, 0x50,
    0x7f, 0xf6, 0xaf, 0xff, 0xe2, 0x21, 0x7f, 0xff,
    0x19, 0xf, 0xfe, 0xc3, 0xff, 0xfc, 0xa0, 0xff,
    0xed, 0x7f, 0xff, 0x14, 0x35, 0xff, 0xfc, 0x58,
    0x3f, 0xfb, 0x17, 0xff, 0xf2, 0x90, 0xff, 0xec,
    0xff, 0xff, 0x14, 0x33, 0xff, 0xfc, 0x60, 0xff,
    0xec, 0x7f, 0xff, 0x2e, 0xf, 0xfe, 0xc3, 0xff,
    0xfc, 0x48, 0x3b, 0xff, 0xf8, 0xc1, 0xff, 0xd8,
    0xff, 0xfe, 0x60, 0x7f, 0xf6, 0x2f, 0xff, 0xe2,
    0x21, 0xdf, 0xff, 0xc6, 0x43, 0xff, 0xac, 0xff,
    0xff, 0x30, 0x3f, 0xfb, 0x1f, 0xff, 0xc5, 0xf,
    0x5f, 0xff, 0xc5, 0x83, 0xff, 0xad, 0x7f, 0xff,
    0x31, 0xf, 0xfe, 0xbf, 0xff, 0xf1, 0x43, 0xcf,
    0xff, 0xf1, 0x83, 0xff, 0xad, 0xff, 0xfc, 0xd8,
    0x3f, 0xfa, 0xcf, 0xff, 0xf1, 0x10, 0xfb, 0xff,
    0xf8, 0xc1, 0xff, 0xd6, 0xff, 0xfe, 0x70, 0x7f,
    0xf5, 0xaf, 0xff, 0xe2, 0x7, 0xef, 0xff, 0xe3,
    0x21, 0xff, 0xd4, 0x7f, 0xff, 0x9c, 0x1f, 0xfd,
    0x6f, 0xff, 0xe2, 0x87, 0xeb, 0xff, 0xf8, 0xb0,
    0x7f, 0xf5, 0x2f, 0xff, 0xe7, 0x21, 0xff, 0xd5,
    0xff, 0xfe, 0x24, 0x1f, 0x9f, 0xff, 0xe2, 0xc1,
    0xff, 0xd4, 0xff, 0xfe, 0x7c, 0x1f, 0xfd, 0x47,
    0xff, 0xf8, 0x88, 0x7f, 0x7f, 0xff, 0x18, 0x3f,
    0xfa, 0x9f, 0xff, 0xd0, 0xf, 0xfe, 0xa5, 0xff,
    0xfc, 0x40, 0xff, 0x7f, 0xff, 0x18, 0x3f, 0xfa,
    0x6f, 0xff, 0xf4, 0x3, 0xff, 0xa9, 0xff, 0xfc,
    0x50, 0xff, 0x5f, 0xff, 0xc5, 0x43, 0xff, 0xa5,
    0x7f, 0xff, 0x41, 0xf, 0xfe, 0x9f, 0xff, 0xf1,
    0x20, 0xff, 0xbf, 0xff, 0x8b, 0x7, 0xff, 0x4b,
    0xff, 0xfa, 0x30, 0x7f, 0xf4, 0x9f, 0xff, 0xe2,
    0x21, 0xff, 0x7f, 0xff, 0x18, 0x3f, 0xfa, 0x5f,
    0xff, 0xc2, 0xbf, 0xff, 0x86, 0x1f, 0xfd, 0x2b,
    0xff, 0xf8, 0x81, 0xff, 0xc0, 0xbf, 0xff, 0x8a,
    0x1f, 0xfd, 0x17, 0xff, 0xf8, 0x47, 0xff, 0xf0,
    0xc3, 0xff, 0xa5, 0xff, 0xfc, 0x50, 0xff, 0xe0,
    0x3f, 0xff, 0xc5, 0x43, 0xff, 0xa1, 0x7f, 0xff,
    0x6, 0x3f, 0xff, 0x86, 0x87, 0xff, 0x47, 0xff,
    0xf8, 0x88, 0x7f, 0xf0, 0x7f, 0xff, 0x8b, 0x7,
    0xff, 0x43, 0xff, 0xf8, 0x49, 0x7f, 0xff, 0xa,
    0xf, 0xfe, 0x83, 0xff, 0xfc, 0x40, 0xff, 0xe1,
    0x7f, 0xff, 0x18, 0x3f, 0xfa, 0x1f, 0xff, 0xc2,
    0x3, 0xff, 0xfc, 0x30, 0xff, 0xe8, 0x5f, 0xff,
    0xc4, 0xf, 0xfe, 0x15, 0xff, 0xfc, 0x50, 0xff,
    0xe7, 0xbf, 0xff, 0xc2, 0xb, 0xff, 0xf8, 0x61,
    0xff, 0xd0, 0xff, 0xfe, 0x24, 0x1f, 0xfc, 0x27,
    0xff, 0xf8, 0xa8, 0x7f, 0xf3, 0xaf, 0xff, 0xe0,
    0xc1, 0x7f, 0xff, 0xd, 0xf, 0xfe, 0x7f, 0xff,
    0xf1, 0x10, 0xff, 0xe1, 0xff, 0xff, 0x16, 0xf,
    0xfe, 0x77, 0xff, 0xf0, 0x90, 0xaf, 0xff, 0xe1,
    0x41, 0xff, 0xce, 0x7f, 0xff, 0x88, 0x1f, 0xfc,
    0x4f, 0xff, 0xe3, 0x7, 0xff, 0x3b, 0xff, 0xf8,
    0x41, 0x9f, 0xff, 0xe1, 0x87, 0xff, 0x3a, 0xff,
    0xfe, 0x20, 0x7f, 0xf1, 0x2f, 0xff, 0xe2, 0x87,
    0xff, 0x35, 0xff, 0xfe, 0x10, 0x77, 0xff, 0xf0,
    0xc3, 0xff, 0x9d, 0xff, 0xfc, 0x48, 0x3f, 0xf8,
    0x8f, 0xff, 0xf1, 0x50, 0xff, 0xe6, 0x5f, 0xff,
    0xc1, 0x83, 0xbf, 0xff, 0x86, 0x87, 0xff, 0x37,
    0xff, 0xf8, 0x88, 0x7f, 0xf1, 0x7f, 0xff, 0x8a,
    0x87, 0xff, 0x33, 0xff, 0xf8, 0x48, 0x75, 0xff,
    0xfc, 0x28, 0x3f, 0xf9, 0x8f, 0xff, 0xf1, 0x3,
    0xff, 0x8d, 0xff, 0xfc, 0x58, 0x3f, 0xf9, 0x9f,
    0xff, 0xc2, 0xf, 0x3f, 0xff, 0xc3, 0xf, 0xfe,
    0x65, 0xff, 0xfc, 0x40, 0xff, 0xe3, 0x3f, 0xff,
    0xc5, 0xf, 0xfe, 0x5b, 0xff, 0xfc, 0x20, 0xfb,
    0xff, 0xf8, 0x61, 0xff, 0xcc, 0xbf, 0xff, 0x86,
    0x87, 0xff, 0x1f, 0xff, 0xf8, 0xa1, 0xff, 0xcb,
    0xbf, 0xff, 0x83, 0x7, 0xdf, 0xff, 0xc3, 0x43,
    0xff, 0x97, 0xff, 0xfc, 0x40, 0xff, 0xe4, 0x7f,
    0xff, 0x15, 0xf, 0xfe, 0x57, 0xff, 0xf0, 0x90,
    0xfa, 0xff, 0xfe, 0x14, 0x1f, 0xfc, 0xbf, 0xff,
    0xe2, 0x7, 0xff, 0x22, 0xff, 0xfe, 0x24, 0x1f,
    0xfc, 0xaf, 0xff, 0xe1, 0x7, 0xe7, 0xff, 0xf8,
    0x61, 0xff, 0xca, 0x7f, 0xff, 0x87, 0x7, 0xff,
    0x21, 0xff, 0xfe, 0x28, 0x7f, 0xf2, 0x5f, 0xff,
    0xe1, 0x7, 0xf7, 0xff, 0xf0, 0xc3, 0xff, 0x95,
    0x7f, 0xff, 0xd, 0xf, 0xfe, 0x4f, 0xff, 0xf1,
    0x43, 0xff, 0x93, 0x7f, 0xff, 0x6, 0xf, 0xef,
    0xff, 0xe1, 0xa1, 0xff, 0xc9, 0xff, 0xfe, 0x20,
    0x7f, 0xf2, 0xbf, 0xff, 0x8a, 0x87, 0xff, 0x23,
    0xff, 0xf8, 0x48, 0x7f, 0x5f, 0xff, 0xc2, 0x83,
    0xff, 0x93, 0xff, 0xfc, 0x40, 0xff, 0xe5, 0x5f,
    0xff, 0xc4, 0x83, 0xff, 0x91, 0xff, 0xfc, 0x20,
    0xff, 0x3f, 0xff, 0xc3, 0xf, 0xfe, 0x43, 0xff,
    0xfc, 0x38, 0x3f, 0xf9, 0x4f, 0xff, 0xf1, 0x43,
    0xff, 0x8e, 0xff, 0xff, 0x8, 0x3f, 0xef, 0xff,
    0xe1, 0x87, 0xff, 0x22, 0xff, 0xfe, 0x1a, 0x1f,
    0xfc, 0xbf, 0xff, 0xe2, 0x87, 0xff, 0x1e, 0xff,
    0xfe, 0xc, 0x1f, 0xf7, 0xff, 0xf0, 0xd0, 0xff,
    0xe3, 0xff, 0xff, 0x10, 0x3f, 0xf9, 0x9f, 0xff,
    0xc5, 0x43, 0xff, 0x8d, 0xff, 0xfc, 0x24, 0x3f,
    0xeb, 0xff, 0xf8, 0x50, 0x7f, 0xf1, 0xff, 0xff,
    0x87, 0x7, 0xff, 0x32, 0xff, 0xfe, 0x24, 0x1f,
    0xfc, 0x6f, 0xff, 0xe1, 0x7, 0xff, 0x1, 0xff,
    0xfe, 0x18, 0x7f, 0xf1, 0x9f, 0xff, 0xe1, 0xa1,
    0xff, 0xcc, 0x7f, 0xff, 0x8a, 0x1f, 0xfc, 0x57,
    0xff, 0xf8, 0x41, 0xff, 0xc1, 0xff, 0xfe, 0x18,
    0x7f, 0xf1, 0xaf, 0xff, 0xe1, 0x87, 0xff, 0x3b,
    0xff, 0xf8, 0xa1, 0xff, 0xc5, 0xbf, 0xff, 0x83,
    0x7, 0xff, 0x7, 0xff, 0xf8, 0x68, 0x7f, 0xf1,
    0x7f, 0xff, 0x88, 0x1f, 0xfc, 0xef, 0xff, 0xe2,
    0xa1, 0xff, 0xc4, 0xff, 0xfe, 0x12, 0x1f, 0xfc,
    0x1b, 0xff, 0xf8, 0x50, 0x7f, 0xf1, 0x7f, 0xff,
    0x87, 0x7, 0xff, 0x39, 0xff, 0xfe, 0x22, 0x1f,
    0xfc, 0x4f, 0xff, 0xe1, 0x7, 0xff, 0x9, 0xff,
    0xfe, 0x18, 0x7f, 0xf1, 0x1f, 0xff, 0xe1, 0xa1,
    0xff, 0xcf, 0xff, 0xfe, 0x24, 0x1f, 0xfc, 0x37,
    0xff, 0xf8, 0x41, 0xff, 0xc3, 0xff, 0xfe, 0x18,
    0x7f, 0xf1, 0x2f, 0xff, 0xe1, 0x87, 0xff, 0x43,
    0xff, 0xf8, 0xa1, 0xff, 0xc3, 0xbf, 0xff, 0x83,
    0x7, 0xff, 0xf, 0xff, 0xf8, 0x68, 0x7f, 0xf0,
    0xff, 0xff, 0x88, 0x1f, 0xfd, 0xb, 0xff, 0xf8,
    0x81, 0xff, 0xc3, 0xff, 0xfe, 0x12, 0x1f, 0xfc,
    0x3b, 0xff, 0xf8, 0x50, 0x7f, 0xf0, 0xff, 0xff,
    0x87, 0x7, 0xff, 0x41, 0xff, 0xfe, 0x22, 0x1f,
    0xfc, 0x2f, 0xff, 0xe1, 0x7, 0xff, 0x11, 0xff,
    0xfe, 0x18, 0x7f, 0xf0, 0x9f, 0xff, 0xe1, 0xa1,
    0xff, 0xd1, 0xff, 0xfe, 0x24, 0x1f, 0xfc, 0x17,
    0xff, 0xf8, 0x41, 0xff, 0xc5, 0xff, 0xfe, 0x18,
    0x7f, 0xf0, 0xaf, 0xff, 0xe1, 0x87, 0xff, 0x4b,
    0xff, 0xf8, 0xa1, 0xff, 0xc1, 0xbf, 0xff, 0x83,
    0x7, 0xff, 0x17, 0xff, 0xf8, 0x68, 0x7f, 0xf0,
    0x7f, 0xff, 0x87, 0x7, 0xff, 0x4a, 0xff, 0xfe,
    0x20, 0x7f, 0xf0, 0x7f, 0xff, 0x84, 0x87, 0xff,
    0x16, 0xff, 0xfe, 0x14, 0x1f, 0xfc, 0x1f, 0xff,
    0xe1, 0xa1, 0xff, 0xd2, 0x7f, 0xff, 0x88, 0x87,
    0xff, 0x3, 0xff, 0xf8, 0x41, 0xff, 0xc6, 0x7f,
    0xff, 0x86, 0x1f, 0xfc, 0x7, 0xff, 0xf8, 0x61,
    0xff, 0xd4, 0xff, 0xfe, 0x24, 0x1f, 0xf3, 0xff,
    0xfc, 0x20, 0xff, 0xe3, 0xff, 0xff, 0xc, 0x3f,
    0xf8, 0x17, 0xff, 0xf0, 0xc3, 0xff, 0xa9, 0xff,
    0xfc, 0x50, 0xff, 0xaf, 0xff, 0xe0, 0xc1, 0xff,
    0xc7, 0xff, 0xfe, 0x1a, 0x1f, 0xf7, 0xff, 0xf0,
    0xe0, 0xff, 0xea, 0x5f, 0xff, 0xc4, 0xf, 0xfb,
    0xff, 0xf8, 0x48, 0x7f, 0xf1, 0xef, 0xff, 0xe1,
    0x41, 0xff, 0x7f, 0xff, 0xd, 0xf, 0xfe, 0xa3,
    0xff, 0xfc, 0x44, 0x3f, 0xdf, 0xff, 0xc2, 0xf,
    0xfe, 0x43, 0xff, 0xfc, 0x30, 0xff, 0x3f, 0xff,
    0xc3, 0xf, 0xfe, 0xb7, 0xff, 0xf1, 0x20, 0xfe,
    0x7f, 0xff, 0x84, 0x1f, 0xfc, 0x9f, 0xff, 0xe1,
    0x87, 0xfa, 0xff, 0xfe, 0x18, 0x7f, 0xf5, 0xaf,
    0xff, 0xe2, 0x7, 0xf5, 0xff, 0xfc, 0x18, 0x3f,
    0xf9, 0x3f, 0xff, 0xc3, 0x43, 0xfb, 0xff, 0xf8,
    0x70, 0x7f, 0xf5, 0x9f, 0xff, 0xe2, 0x7, 0xf7,
    0xff, 0xf0, 0x90, 0xff, 0xe4, 0xdf, 0xff, 0xc2,
    0x83, 0xfb, 0xff, 0xf8, 0x68, 0x7f, 0xf5, 0xff,
    0xff, 0x88, 0x1f, 0xdf, 0xff, 0xc2, 0xf, 0xfe,
    0x53, 0xff, 0xfc, 0x30, 0xfc, 0xff, 0xff, 0xc,
    0x3f, 0xfb, 0x1f, 0xff, 0xc4, 0x43, 0xe7, 0xff,
    0xf8, 0x41, 0xff, 0xcb, 0xff, 0xfe, 0x18, 0x7e,
    0xbf, 0xff, 0x85, 0x7, 0xff, 0x62, 0xff, 0xfe,
    0x1c, 0x1f, 0x5f, 0xff, 0xc1, 0x83, 0xff, 0x97,
    0xff, 0xfc, 0x34, 0x3e, 0xff, 0xfe, 0x1a, 0x1f,
    0xfd, 0x87, 0xff, 0xf8, 0x81, 0xf7, 0xff, 0xf0,
    0x90, 0xff, 0xe5, 0xdf, 0xff, 0xc2, 0x83, 0xef,
    0xff, 0xe1, 0x87, 0xff, 0x6b, 0xff, 0xf8, 0x81,
    0xe7, 0xff, 0xf8, 0x41, 0xff, 0xcc, 0x7f, 0xff,
    0x86, 0x1e, 0x7f, 0xff, 0x86, 0x1f, 0xfd, 0xaf,
    0xff, 0xe2, 0x21, 0xd7, 0xff, 0xf0, 0x83, 0xff,
    0x9b, 0xff, 0xfc, 0x30, 0xf5, 0xff, 0xfc, 0x28,
    0x3f, 0xfb, 0x57, 0xff, 0xf0, 0xe0, 0xef, 0xff,
    0xe1, 0x41, 0xff, 0xcd, 0xff, 0xfe, 0x1a, 0x1d,
    0xff, 0xfc, 0x34, 0x3f, 0xfb, 0x4f, 0xff, 0xf1,
    0x3, 0xbf, 0xff, 0x84, 0x87, 0xff, 0x36, 0xff,
    0xfe, 0x14, 0x1d, 0xff, 0xfc, 0x30, 0xff, 0xee,
    0x7f, 0xff, 0x10, 0x33, 0xff, 0xfc, 0x20, 0xff,
    0xe7, 0x3f, 0xff, 0xc3, 0xc, 0xff, 0xff, 0xc,
    0x3f, 0xfb, 0x9f, 0xff, 0xc4, 0x42, 0xbf, 0xff,
    0x84, 0x1f, 0xfc, 0xff, 0xff, 0xe1, 0x86, 0xbf,
    0xff, 0x85, 0x7, 0xff, 0x72, 0xff, 0xfe, 0x1c,
    0x17, 0xff, 0xf0, 0xa0, 0xff, 0xe7, 0xff, 0xff,
    0xd, 0xb, 0xff, 0xf8, 0x68, 0x7f, 0xf7, 0x1f,
    0xff, 0xe2, 0x5, 0xff, 0xfc, 0x24, 0x3f, 0xf9,
    0xf7, 0xff, 0xf0, 0xa0, 0xbf, 0xff, 0x86, 0x1f,
    0xfd, 0xef, 0xff, 0xe2, 0x1, 0xff, 0xfe, 0x10,
    0x7f, 0xf4, 0x1f, 0xff, 0xe1, 0x81, 0xff, 0xfe,
    0x14, 0x1f, 0xfd, 0xeb, 0xff, 0xf8, 0x69, 0x7f,
    0xff, 0x8, 0x3f, 0xfa, 0x3f, 0xff, 0xc3, 0x3,
    0xff, 0xfc, 0x24, 0x3f, 0xfb, 0xcf, 0xff, 0xf0,
    0xe3, 0xff, 0xf8, 0x50, 0x7f, 0xf4, 0x7f, 0xff,
    0x86, 0x97, 0xff, 0xf0, 0x83, 0xff, 0xc1, 0xff,
    0xfc, 0x43, 0xff, 0xf8, 0x48, 0x7f, 0xf4, 0x6f,
    0xff, 0xe1, 0x47, 0xff, 0xf0, 0xc3, 0xff, 0xc1,
    0xff, 0xfc, 0x47, 0xff, 0xf8, 0x41, 0xff, 0xd2,
    0x7f, 0xff, 0x86, 0x7f, 0xff, 0xa, 0xf, 0xff,
    0x5, 0xff, 0xfd, 0x20, 0xff, 0xe9, 0xff, 0xff,
    0xe, 0xff, 0xfe, 0x12, 0x1f, 0xfe, 0x7, 0xff,
    0xfa, 0x30, 0x7f, 0xf4, 0xff, 0xff, 0xa4, 0x1f,
    0xfe, 0x2f, 0xff, 0xe8, 0xa1, 0xff, 0xd3, 0xbf,
    0xff, 0xa2, 0x1f, 0xfe, 0x2f, 0xff, 0xe8, 0x87,
    0xff, 0x51, 0xff, 0xfe, 0x84, 0x1f, 0xfe, 0x2b,
    0xff, 0xfa, 0x1, 0xff, 0xd5, 0xff, 0xfe, 0x82,
    0x1f, 0xfe, 0x27, 0xff, 0xf9, 0xf0, 0x7f, 0xf5,
    0x7f, 0xff, 0xa0, 0x1f, 0xfe, 0x4f, 0xff, 0xe7,
    0xa1, 0xff, 0xd5, 0xbf, 0xff, 0x9d, 0x7, 0xff,
    0x93, 0xff, 0xf9, 0xe1, 0xff, 0xd6, 0x7f, 0xff,
    0x9c, 0x87, 0xff, 0x92, 0xff, 0xfe, 0x70, 0x7f,
    0xf5, 0xff, 0xff, 0x9c, 0x1f, 0xfe, 0x6f, 0xff,
    0xe6, 0xc1, 0xff, 0xd7, 0xff, 0xfe, 0x70, 0x7f,
    0xf9, 0xbf, 0xff, 0x9a, 0x87, 0xff, 0x5e, 0xff,
    0xfe, 0x64, 0x1f, 0xfe, 0x6b, 0xff, 0xf9, 0x81,
    0xff, 0xd8, 0x7f, 0xff, 0x98, 0x87, 0xff, 0x99,
    0xff, 0xfe, 0x60, 0x7f, 0xf6, 0x7f, 0xff, 0x98,
    0x1f, 0xfe, 0x8f, 0xff, 0xe5, 0xc1, 0xff, 0xd9,
    0xff, 0xfe, 0x60, 0x7f, 0xfa, 0x3f, 0xff, 0x96,
    0x87, 0xff, 0x66, 0xff, 0xfe, 0x54, 0x1f, 0xfe,
    0x8b, 0xff, 0xf9, 0x41, 0xff, 0xda, 0x7f, 0xff,
    0x94, 0x87, 0xff, 0xa1, 0xff, 0xfe, 0x50, 0x7f,
    0xf6, 0xff, 0xff, 0x94, 0x1f, 0xfe, 0xaf, 0xff,
    0xe4, 0xc1, 0xff, 0xdb, 0xff, 0xfe, 0x4c, 0x1f,
    0xfe, 0xaf, 0xff, 0xe4, 0xa1, 0xff, 0xdb, 0xbf,
    0xff, 0x90, 0x87, 0xff, 0xaa, 0xff, 0xfe, 0x40,
    0x7f, 0xf7, 0x1f, 0xff, 0xe4, 0x7, 0xff, 0xad,
    0xff, 0xfe, 0x40, 0x7f, 0xf7, 0x7f, 0xff, 0x90,
    0x1f, 0xfd, 0x0,

    /* U+0058 "X" */
    0xd, 0xff, 0xfc, 0x84, 0x3f, 0xfb, 0xef, 0xff,
    0xf1, 0xe0, 0xfc, 0xff, 0xff, 0x20, 0x3f, 0xfb,
    0xff, 0xff, 0xc8, 0xf, 0xf7, 0xff, 0xf2, 0x20,
    0xff, 0xee, 0xdf, 0xff, 0xc7, 0x43, 0xfe, 0xff,
    0xfe, 0x42, 0x1f, 0xfd, 0xcf, 0xff, 0xe4, 0x7,
    0xff, 0x2, 0xff, 0xfe, 0x40, 0x7f, 0xf6, 0xff,
    0xff, 0x90, 0x1f, 0xfc, 0x2f, 0xff, 0xe4, 0x41,
    0xff, 0xd9, 0x7f, 0xff, 0x8f, 0x7, 0xff, 0xf,
    0xff, 0xf9, 0x1, 0xff, 0xd9, 0xff, 0xfe, 0x40,
    0x7f, 0xf1, 0x2f, 0xff, 0xe4, 0x7, 0xff, 0x5e,
    0xff, 0xfe, 0x3a, 0x1f, 0xfc, 0x5f, 0xff, 0xe4,
    0x21, 0xff, 0xd5, 0x7f, 0xff, 0x8f, 0x7, 0xff,
    0x1f, 0xff, 0xf9, 0x1, 0xff, 0xd5, 0xff, 0xfe,
    0x40, 0x7f, 0xf2, 0x2f, 0xff, 0xe3, 0xc1, 0xff,
    0xd3, 0xbf, 0xff, 0x8e, 0x87, 0xff, 0x27, 0xff,
    0xf9, 0x8, 0x7f, 0xf4, 0xbf, 0xff, 0x8f, 0x7,
    0xff, 0x29, 0xff, 0xfe, 0x40, 0x7f, 0xf4, 0x7f,
    0xff, 0x90, 0x1f, 0xfc, 0xcb, 0xff, 0xf8, 0xf0,
    0x7f, 0xf3, 0xdf, 0xff, 0xe3, 0xa1, 0xff, 0xcd,
    0xff, 0xfe, 0x40, 0x7f, 0xf3, 0xff, 0xff, 0x8f,
    0x7, 0xff, 0x39, 0xff, 0xfe, 0x40, 0x7f, 0xf3,
    0x6f, 0xff, 0xe3, 0x87, 0xff, 0x42, 0xff, 0xfe,
    0x3a, 0x1f, 0xfc, 0xcf, 0xff, 0xe3, 0xa1, 0xff,
    0xd1, 0xff, 0xfe, 0x40, 0x7f, 0xf2, 0xff, 0xff,
    0x8f, 0x7, 0xff, 0x49, 0xff, 0xfe, 0x3c, 0x1f,
    0xfc, 0x97, 0xff, 0xf8, 0xe1, 0xff, 0xd4, 0xbf,
    0xff, 0x8e, 0x87, 0xff, 0x23, 0xff, 0xf8, 0xe8,
    0x7f, 0xf5, 0x7f, 0xff, 0x90, 0x1f, 0xfc, 0x7b,
    0xff, 0xf8, 0xe1, 0xff, 0xd6, 0x7f, 0xff, 0x8e,
    0x87, 0xff, 0x15, 0xff, 0xfe, 0x38, 0x7f, 0xf6,
    0x3f, 0xff, 0x90, 0x1f, 0xfc, 0x5f, 0xff, 0xe3,
    0xc1, 0xff, 0xd9, 0xff, 0xfe, 0x3c, 0x1f, 0xfc,
    0x3b, 0xff, 0xf8, 0xe1, 0xff, 0xda, 0x7f, 0xff,
    0x8e, 0x87, 0xff, 0xb, 0xff, 0xf8, 0xe1, 0xff,
    0xdc, 0xff, 0xfe, 0x40, 0x7f, 0xf0, 0x7f, 0xff,
    0x8f, 0x7, 0xff, 0x77, 0xff, 0xf8, 0xf0, 0x7f,
    0xcf, 0xff, 0xf1, 0xc3, 0xff, 0xbd, 0x7f, 0xff,
    0x1c, 0x3f, 0xef, 0xff, 0xe3, 0xa1, 0xff, 0xdf,
    0xff, 0xfe, 0x40, 0x7f, 0x5f, 0xff, 0xc6, 0x83,
    0xff, 0xc3, 0xff, 0xfc, 0x74, 0x3f, 0x7f, 0xff,
    0x1c, 0x3f, 0xfc, 0x57, 0xff, 0xf1, 0xc3, 0xef,
    0xff, 0xe3, 0xa1, 0xff, 0xe3, 0xff, 0xfe, 0x3c,
    0x1c, 0xff, 0xff, 0x1a, 0xf, 0xff, 0x23, 0xff,
    0xfc, 0x74, 0x37, 0xff, 0xf1, 0xc3, 0xff, 0xcd,
    0x7f, 0xff, 0x1c, 0x2b, 0xff, 0xf8, 0xc8, 0x7f,
    0xf9, 0xff, 0xff, 0x8f, 0xf, 0xff, 0xf1, 0xa0,
    0xff, 0xf4, 0x3f, 0xff, 0xc7, 0x3f, 0xff, 0x8e,
    0x1f, 0xfe, 0xab, 0xff, 0xfb, 0x28, 0x7f, 0xfa,
    0xff, 0xff, 0xb2, 0x1f, 0xfe, 0xc7, 0xff, 0xfa,
    0xe1, 0xff, 0xee, 0xbf, 0xff, 0xaa, 0x87, 0xff,
    0xbf, 0xff, 0xfa, 0xa1, 0xff, 0xf0, 0x7f, 0xff,
    0xa6, 0x1f, 0xff, 0x2b, 0xff, 0xfa, 0x30, 0x7f,
    0xfc, 0xff, 0xff, 0xa2, 0x1f, 0xff, 0x47, 0xff,
    0xf9, 0xe1, 0xff, 0xf6, 0xff, 0xfe, 0x74, 0x1f,
    0xff, 0x7f, 0xff, 0xe6, 0x87, 0xff, 0xe1, 0xff,
    0xfe, 0x5a, 0x1f, 0xff, 0x9f, 0xff, 0xe5, 0x41,
    0xff, 0xfa, 0xbf, 0xff, 0x92, 0x87, 0xff, 0xe5,
    0xff, 0xfe, 0x58, 0x7f, 0xfe, 0x7f, 0xff, 0x99,
    0x7, 0xff, 0xde, 0xff, 0xfe, 0x6a, 0x1f, 0xff,
    0x57, 0xff, 0xf9, 0xe1, 0xff, 0xf5, 0xff, 0xfe,
    0x84, 0x1f, 0xff, 0x3b, 0xff, 0xfa, 0x21, 0xff,
    0xf3, 0xff, 0xfe, 0x98, 0x7f, 0xfc, 0x7f, 0xff,
    0xa9, 0x7, 0xff, 0xbe, 0xff, 0xfe, 0xa8, 0x7f,
    0xfb, 0xff, 0xff, 0xae, 0x1f, 0xfe, 0xdf, 0xff,
    0xec, 0x21, 0xff, 0xeb, 0x7f, 0xff, 0xb2, 0x1f,
    0xfe, 0xbf, 0xff, 0xed, 0x87, 0xff, 0xa6, 0xff,
    0xfe, 0x34, 0x7f, 0xff, 0x1d, 0xf, 0xff, 0x3b,
    0xff, 0xfc, 0x70, 0x5f, 0xff, 0xc7, 0xf, 0xff,
    0x3f, 0xff, 0xf1, 0xd0, 0xbf, 0xff, 0x8f, 0x7,
    0xff, 0x96, 0xff, 0xfe, 0x34, 0x19, 0xff, 0xfe,
    0x3a, 0x1f, 0xfe, 0x37, 0xff, 0xf8, 0xe1, 0xeb,
    0xff, 0xf8, 0xe1, 0xff, 0xe3, 0xff, 0xfe, 0x3a,
    0x1f, 0x7f, 0xff, 0x1e, 0xf, 0xff, 0xd, 0xff,
    0xfc, 0x70, 0xfc, 0xff, 0xff, 0x1d, 0xf, 0xfe,
    0xfb, 0xff, 0xfc, 0x70, 0xff, 0x7f, 0xff, 0x20,
    0x3f, 0xfb, 0xff, 0xff, 0xc7, 0x83, 0xfe, 0xff,
    0xfe, 0x3c, 0x1f, 0xfd, 0xdb, 0xff, 0xf8, 0xe1,
    0xff, 0xc0, 0xbf, 0xff, 0x8e, 0x87, 0xff, 0x73,
    0xff, 0xf8, 0xe8, 0x7f, 0xf0, 0x7f, 0xff, 0x90,
    0x1f, 0xfd, 0xbf, 0xff, 0xe3, 0xc1, 0xff, 0xc2,
    0x7f, 0xff, 0x8f, 0x7, 0xff, 0x66, 0xff, 0xfe,
    0x38, 0x7f, 0xf1, 0x2f, 0xff, 0xe3, 0xa1, 0xff,
    0xd8, 0xff, 0xfe, 0x3a, 0x1f, 0xfc, 0x5f, 0xff,
    0xe4, 0x7, 0xff, 0x5f, 0xff, 0xf9, 0x1, 0xff,
    0xc6, 0x7f, 0xff, 0x8f, 0x7, 0xff, 0x55, 0xff,
    0xfe, 0x38, 0x7f, 0xf2, 0x3f, 0xff, 0x90, 0x87,
    0xff, 0x53, 0xff, 0xf8, 0xf0, 0x7f, 0xf2, 0x7f,
    0xff, 0x90, 0x1f, 0xfd, 0x3b, 0xff, 0xf8, 0xe1,
    0xff, 0xca, 0xbf, 0xff, 0x8f, 0x7, 0xff, 0x45,
    0xff, 0xfe, 0x3a, 0x1f, 0xfc, 0xbf, 0xff, 0xe4,
    0x7, 0xff, 0x47, 0xff, 0xf8, 0xf0, 0x7f, 0xf3,
    0x1f, 0xff, 0xe4, 0x7, 0xff, 0x3e, 0xff, 0xfe,
    0x38, 0x7f, 0xf3, 0xaf, 0xff, 0xe3, 0xc1, 0xff,
    0xcd, 0x7f, 0xff, 0x8e, 0x87, 0xff, 0x3f, 0xff,
    0xf9, 0x1, 0xff, 0xcd, 0xff, 0xfe, 0x40, 0x7f,
    0xf4, 0x1f, 0xff, 0xe4, 0x7, 0xff, 0x2e, 0xff,
    0xfe, 0x38, 0x7f, 0xf4, 0xbf, 0xff, 0x90, 0x87,
    0xff, 0x25, 0xff, 0xfe, 0x3c, 0x1f, 0xfd, 0x3f,
    0xff, 0xe4, 0x7, 0xff, 0x27, 0xff, 0xf9, 0x1,
    0xff, 0xd4, 0xbf, 0xff, 0x90, 0x1f, 0xfc, 0x7b,
    0xff, 0xf8, 0xe8, 0x7f, 0xf5, 0x7f, 0xff, 0x90,
    0x87, 0xff, 0x1b, 0xff, 0xf8, 0xf0, 0x7f, 0xf5,
    0x9f, 0xff, 0xe4, 0x7, 0xff, 0x17, 0xff, 0xf9,
    0x1, 0xff, 0xd8, 0xbf, 0xff, 0x8f, 0x7, 0xff,
    0xe, 0xff, 0xfe, 0x3a, 0x1f, 0xfd, 0x9f, 0xff,
    0xe4, 0x21, 0xff, 0xc2, 0xff, 0xfe, 0x40, 0x7f,
    0xf6, 0x9f, 0xff, 0xe4, 0x7, 0xff, 0x7, 0xff,
    0xf9, 0x1, 0xff, 0xdc, 0xff, 0xfe, 0x44, 0x1f,
    0xf3, 0xff, 0xfc, 0x78, 0x3f, 0xfb, 0xbf, 0xff,
    0xc8, 0x43, 0xfd, 0xff, 0xfc, 0x80, 0xff, 0xef,
    0x5f, 0xff, 0xc8, 0xf, 0xeb, 0xff, 0xf8, 0xe8,
    0x7f, 0xf7, 0xff, 0xff, 0x91, 0x7, 0xcf, 0xff,
    0xf1, 0xe0, 0xff, 0xf0, 0x3f, 0xff, 0xc8, 0x43,
    0xdf, 0xff, 0xc8, 0xf, 0xff, 0x15, 0xff, 0xfc,
    0x80, 0xeb, 0xff, 0xf8, 0xe8, 0x7f, 0xf8, 0xff,
    0xff, 0x91, 0x4, 0xff, 0xff, 0x20, 0x3f, 0xfc,
    0x8f, 0xff, 0xf2, 0x10, 0x7f, 0xff, 0x20, 0x3f,
    0xfc, 0xdf, 0xff, 0xc9, 0x0,

    /* U+0059 "Y" */
    0x3f, 0xff, 0x90, 0x87, 0xff, 0x8e, 0xff, 0xfe,
    0x38, 0x2f, 0xff, 0xe4, 0x7, 0xff, 0x89, 0xff,
    0xfe, 0x3c, 0x17, 0xff, 0xf2, 0x10, 0xff, 0xf0,
    0xff, 0xff, 0x20, 0x33, 0xff, 0xfc, 0x80, 0xff,
    0xf0, 0x3f, 0xff, 0xc7, 0x43, 0xbf, 0xff, 0x90,
    0x87, 0xff, 0x7f, 0xff, 0xf9, 0x1, 0xf7, 0xff,
    0xf2, 0x3, 0xff, 0xbc, 0xff, 0xff, 0x1c, 0x3f,
    0x5f, 0xff, 0xc7, 0x43, 0xff, 0xbb, 0xff, 0xfc,
    0x78, 0x3f, 0xbf, 0xff, 0x90, 0x1f, 0xfd, 0xcb,
    0xff, 0xf8, 0xe1, 0xfe, 0x7f, 0xff, 0x8f, 0x7,
    0xff, 0x6f, 0xff, 0xf8, 0xe8, 0x7f, 0xdf, 0xff,
    0xc8, 0xf, 0xfe, 0xd5, 0xff, 0xfc, 0x70, 0xff,
    0xe0, 0x3f, 0xff, 0xc7, 0x83, 0xff, 0xb3, 0xff,
    0xfc, 0x70, 0xff, 0xe1, 0x5f, 0xff, 0xc7, 0xf,
    0xfe, 0xc7, 0xff, 0xf1, 0xe0, 0xff, 0xe1, 0xff,
    0xff, 0x1e, 0xf, 0xfe, 0xb3, 0xff, 0xfc, 0x70,
    0xff, 0xe2, 0x3f, 0xff, 0xc7, 0x43, 0xff, 0xab,
    0xff, 0xfc, 0x74, 0x3f, 0xf8, 0xbf, 0xff, 0xc8,
    0xf, 0xfe, 0xa3, 0xff, 0xfc, 0x70, 0xff, 0xe3,
    0x3f, 0xff, 0xc7, 0x43, 0xff, 0xa7, 0xff, 0xfc,
    0x74, 0x3f, 0xf8, 0xf7, 0xff, 0xf1, 0xc3, 0xff,
    0xa5, 0x7f, 0xff, 0x1a, 0xf, 0xfe, 0x4f, 0xff,
    0xf1, 0xd0, 0xff, 0xe8, 0xff, 0xff, 0x1c, 0x3f,
    0xf9, 0x57, 0xff, 0xf1, 0xc3, 0xff, 0xa1, 0x7f,
    0xff, 0x19, 0xf, 0xfe, 0x5f, 0xff, 0xf1, 0xd0,
    0xff, 0xe7, 0xff, 0xff, 0x1c, 0x3f, 0xf9, 0x8f,
    0xff, 0xf1, 0xc3, 0xff, 0x9d, 0xff, 0xfc, 0x74,
    0x3f, 0xf9, 0xbf, 0xff, 0xc7, 0x83, 0xff, 0x98,
    0xff, 0xff, 0x1a, 0xf, 0xfe, 0x7f, 0xff, 0xf1,
    0xc3, 0xff, 0x99, 0xff, 0xfc, 0x70, 0xff, 0xe8,
    0x5f, 0xff, 0xc6, 0x83, 0xff, 0x94, 0xff, 0xff,
    0x1a, 0xf, 0xfe, 0x8f, 0xff, 0xf1, 0xc3, 0xff,
    0x95, 0xff, 0xfc, 0x70, 0xff, 0xe9, 0x3f, 0xff,
    0xc6, 0x83, 0xff, 0x91, 0x7f, 0xff, 0x19, 0xf,
    0xfe, 0x9f, 0xff, 0xf1, 0xc3, 0xff, 0x91, 0xff,
    0xfc, 0x68, 0x3f, 0xfa, 0xbf, 0xff, 0xc7, 0xf,
    0xfe, 0x35, 0xff, 0xfc, 0x60, 0xff, 0xeb, 0x5f,
    0xff, 0xc6, 0x43, 0xff, 0x8b, 0xff, 0xfc, 0x68,
    0x3f, 0xfa, 0xff, 0xff, 0xc7, 0xf, 0xfe, 0x25,
    0xff, 0xfc, 0x60, 0xff, 0xec, 0x3f, 0xff, 0xc6,
    0x43, 0xff, 0x84, 0xff, 0xff, 0x19, 0xf, 0xfe,
    0xcf, 0xff, 0xf1, 0xc3, 0xff, 0x85, 0xff, 0xfc,
    0x70, 0xff, 0xed, 0x3f, 0xff, 0xc6, 0x43, 0xff,
    0x80, 0xff, 0xff, 0x18, 0x3f, 0xfb, 0x97, 0xff,
    0xf1, 0x83, 0xff, 0x81, 0xff, 0xfc, 0x68, 0x3f,
    0xfb, 0xbf, 0xff, 0xc6, 0x83, 0xfd, 0x7f, 0xff,
    0x18, 0x3f, 0xfb, 0xd7, 0xff, 0xf1, 0x83, 0xfd,
    0xff, 0xfc, 0x64, 0x3f, 0xfb, 0xff, 0xff, 0xc6,
    0x83, 0xf5, 0xff, 0xfc, 0x60, 0xff, 0xf0, 0x3f,
    0xff, 0xc6, 0xf, 0xdf, 0xff, 0xc6, 0xf, 0xff,
    0x17, 0xff, 0xf1, 0xa0, 0xf5, 0xff, 0xfc, 0x58,
    0x3f, 0xfc, 0x7f, 0xff, 0xc6, 0xe, 0x7f, 0xff,
    0x8c, 0x1f, 0xfe, 0x4b, 0xff, 0xf8, 0xc1, 0xbf,
    0xff, 0x8c, 0x87, 0xff, 0x97, 0xff, 0xf8, 0xc8,
    0x1f, 0xff, 0xe3, 0x7, 0xff, 0x99, 0xff, 0xfe,
    0x30, 0x3f, 0xff, 0x8c, 0x1f, 0xfe, 0x8f, 0xff,
    0xe3, 0x2b, 0xff, 0xf8, 0xb0, 0x7f, 0xfa, 0x7f,
    0xff, 0xb0, 0x1f, 0xfe, 0xab, 0xff, 0xfa, 0xc8,
    0x7f, 0xfa, 0xff, 0xff, 0xac, 0x1f, 0xfe, 0xc7,
    0xff, 0xfa, 0x88, 0x7f, 0xfb, 0x7f, 0xff, 0xa7,
    0x7, 0xff, 0xb9, 0xff, 0xfe, 0x90, 0x7f, 0xfc,
    0x2f, 0xff, 0xe8, 0x21, 0xff, 0xf1, 0xff, 0xfe,
    0x80, 0x7f, 0xfc, 0xaf, 0xff, 0xe7, 0x21, 0xff,
    0xf3, 0xff, 0xfe, 0x6c, 0x1f, 0xff, 0x47, 0xff,
    0xf9, 0x81, 0xff, 0xf6, 0xbf, 0xff, 0x95, 0x7,
    0xff, 0xdf, 0xff, 0xf9, 0x41, 0xff, 0xf8, 0xbf,
    0xff, 0x90, 0x87, 0xff, 0xe7, 0xff, 0xf8, 0xf0,
    0x7f, 0xfe, 0x9f, 0xff, 0xe3, 0x7, 0xff, 0xf3,
    0xff, 0xf8, 0xc1, 0xff, 0xfc, 0xff, 0xfe, 0x30,
    0x7f, 0xff, 0x3f, 0xff, 0x8c, 0x1f, 0xff, 0xcf,
    0xff, 0xe3, 0x7, 0xff, 0xf3, 0xff, 0xf8, 0xc1,
    0xff, 0xfc, 0xff, 0xfe, 0x30, 0x7f, 0xff, 0x3f,
    0xff, 0x8c, 0x1f, 0xff, 0xcf, 0xff, 0xe3, 0x7,
    0xff, 0xf3, 0xff, 0xf8, 0xc1, 0xff, 0xfc, 0xff,
    0xfe, 0x30, 0x7f, 0xff, 0x3f, 0xff, 0x8c, 0x1f,
    0xff, 0xcf, 0xff, 0xe3, 0x7, 0xff, 0xf3, 0xff,
    0xf8, 0xc1, 0xff, 0xfc, 0xff, 0xfe, 0x30, 0x7f,
    0xff, 0x3f, 0xff, 0x8c, 0x1f, 0xff, 0xcf, 0xff,
    0xe3, 0x7, 0xff, 0xf3, 0xff, 0xf8, 0xc1, 0xff,
    0xfc, 0xff, 0xfe, 0x30, 0x7f, 0xff, 0x3f, 0xff,
    0x8c, 0x1f, 0xff, 0xcf, 0xff, 0xe3, 0x7, 0xff,
    0xf3, 0xff, 0xf8, 0xc1, 0xff, 0xfc, 0xff, 0xfe,
    0x30, 0x7f, 0xff, 0x3f, 0xff, 0x8c, 0x1f, 0xff,
    0xcf, 0xff, 0xe3, 0x7, 0xff, 0xf3, 0xff, 0xf8,
    0xc1, 0xff, 0xfc, 0xff, 0xfe, 0x30, 0x7f, 0xff,
    0x3f, 0xff, 0x8c, 0x1f, 0xff, 0xcf, 0xff, 0xe3,
    0x7, 0xff, 0xf3, 0xff, 0xf8, 0xc1, 0xff, 0xfc,
    0xff, 0xfe, 0x30, 0x7f, 0xff, 0x3f, 0xff, 0x8c,
    0x1f, 0xff, 0xcf, 0xff, 0xe3, 0x7, 0xff, 0xf3,
    0xff, 0xf8, 0xc1, 0xff, 0xfc, 0xff, 0xfe, 0x30,
    0x7f, 0xff, 0x3f, 0xff, 0x8c, 0x1f, 0xff, 0xcf,
    0xff, 0xe3, 0x7, 0xff, 0xf3, 0xff, 0xf8, 0xc1,
    0xff, 0xfc, 0xff, 0xfe, 0x30, 0x7f, 0xff, 0x3f,
    0xff, 0x8c, 0x1f, 0xff, 0xcf, 0xff, 0xe3, 0x7,
    0xff, 0xf3, 0xff, 0xf8, 0xc1, 0xff, 0xfc, 0xff,
    0xfe, 0x30, 0x7f, 0xff, 0x3f, 0xff, 0x8c, 0x1f,
    0xfd, 0x80,

    /* U+005A "Z" */
    0x7, 0xff, 0xff, 0x20, 0xbf, 0xff, 0xf9, 0x5,
    0xff, 0xff, 0xc8, 0x2f, 0xff, 0xfe, 0x41, 0x7f,
    0xff, 0xf2, 0xb, 0xff, 0xff, 0x90, 0x5f, 0xff,
    0xfc, 0x82, 0xff, 0xff, 0xe4, 0x17, 0xff, 0xff,
    0x20, 0xbf, 0xff, 0xf9, 0x5, 0xff, 0xff, 0xc8,
    0x2f, 0xff, 0xfe, 0x41, 0x7f, 0xff, 0xf2, 0xb,
    0xff, 0xff, 0x90, 0x5f, 0xff, 0xfc, 0xd, 0x5f,
    0xfe, 0x7f, 0xff, 0xe4, 0x7, 0xff, 0xaf, 0xff,
    0xf9, 0x8, 0x7f, 0xfa, 0xaf, 0xff, 0xe3, 0xc1,
    0xff, 0xea, 0x7f, 0xff, 0x90, 0x1f, 0xfe, 0xbf,
    0xff, 0xe4, 0x21, 0xff, 0xea, 0xff, 0xfe, 0x44,
    0x1f, 0xfe, 0xab, 0xff, 0xf9, 0x1, 0xff, 0xea,
    0x7f, 0xff, 0x90, 0x1f, 0xfe, 0xbf, 0xff, 0xe4,
    0x21, 0xff, 0xea, 0xbf, 0xff, 0x8f, 0x7, 0xff,
    0xa9, 0xff, 0xfe, 0x40, 0x7f, 0xfa, 0xff, 0xff,
    0x90, 0x87, 0xff, 0xab, 0xff, 0xf9, 0x10, 0x7f,
    0xfa, 0xaf, 0xff, 0xe4, 0x7, 0xff, 0xa9, 0xff,
    0xfe, 0x40, 0x7f, 0xfa, 0xff, 0xff, 0x90, 0x87,
    0xff, 0xaa, 0xff, 0xfe, 0x3c, 0x1f, 0xfe, 0xa7,
    0xff, 0xf9, 0x1, 0xff, 0xeb, 0xff, 0xfe, 0x42,
    0x1f, 0xfe, 0xaf, 0xff, 0xe4, 0x41, 0xff, 0xea,
    0xbf, 0xff, 0x90, 0x1f, 0xfe, 0xa7, 0xff, 0xf9,
    0x1, 0xff, 0xeb, 0xff, 0xfe, 0x42, 0x1f, 0xfe,
    0xab, 0xff, 0xf8, 0xf0, 0x7f, 0xfa, 0x9f, 0xff,
    0xe4, 0x7, 0xff, 0xaf, 0xff, 0xf9, 0x8, 0x7f,
    0xfa, 0xbf, 0xff, 0x91, 0x7, 0xff, 0xaa, 0xff,
    0xfe, 0x40, 0x7f, 0xfa, 0x9f, 0xff, 0xe4, 0x7,
    0xff, 0xaf, 0xff, 0xf9, 0x8, 0x7f, 0xfa, 0xaf,
    0xff, 0xe3, 0xc1, 0xff, 0xea, 0x7f, 0xff, 0x90,
    0x1f, 0xfe, 0xbf, 0xff, 0xe4, 0x21, 0xff, 0xea,
    0xff, 0xfe, 0x44, 0x1f, 0xfe, 0xab, 0xff, 0xf9,
    0x1, 0xff, 0xea, 0x7f, 0xff, 0x90, 0x1f, 0xfe,
    0xbf, 0xff, 0xe4, 0x21, 0xff, 0xea, 0xbf, 0xff,
    0x8f, 0x7, 0xff, 0xa9, 0xff, 0xfe, 0x40, 0x7f,
    0xfa, 0xff, 0xff, 0x90, 0x87, 0xff, 0xab, 0xff,
    0xf9, 0x10, 0x7f, 0xfa, 0xaf, 0xff, 0xe4, 0x7,
    0xff, 0xaf, 0xff, 0xf9, 0x1, 0xff, 0xeb, 0xff,
    0xfe, 0x42, 0x1f, 0xfe, 0xab, 0xff, 0xf8, 0xf0,
    0x7f, 0xfa, 0x9f, 0xff, 0xe4, 0x7, 0xff, 0xaf,
    0xff, 0xf9, 0x8, 0x7f, 0xfa, 0xbf, 0xff, 0x91,
    0x7, 0xff, 0xaa, 0xff, 0xfe, 0x40, 0x7f, 0xfa,
    0xff, 0xff, 0x90, 0x1f, 0xfe, 0xbf, 0xff, 0xe4,
    0x21, 0xff, 0xea, 0xbf, 0xff, 0x8f, 0x7, 0xff,
    0xa9, 0xff, 0xfe, 0x40, 0x7f, 0xfa, 0xff, 0xff,
    0x90, 0x87, 0xff, 0xab, 0xff, 0xf9, 0x10, 0x7f,
    0xfa, 0xaf, 0xff, 0xe4, 0x7, 0xff, 0xaf, 0xff,
    0xf9, 0x1, 0xff, 0xeb, 0xff, 0xfe, 0x42, 0x1f,
    0xfe, 0xab, 0xff, 0xf8, 0xf0, 0x7f, 0xfa, 0x9f,
    0xff, 0xe4, 0x7, 0xff, 0xaf, 0xff, 0xf9, 0x8,
    0x7f, 0xfa, 0xbf, 0xff, 0x91, 0x7, 0xff, 0xaa,
    0xff, 0xfe, 0x40, 0x7f, 0xfa, 0xff, 0xff, 0x90,
    0x1f, 0xfe, 0xbf, 0xff, 0xe4, 0x21, 0xff, 0xea,
    0xbf, 0xff, 0x8f, 0x7, 0xff, 0xa9, 0xff, 0xfe,
    0x40, 0x7f, 0xfa, 0xff, 0xff, 0x90, 0x87, 0xff,
    0xab, 0xff, 0xf9, 0x10, 0x7f, 0xfa, 0xaf, 0xff,
    0xe4, 0x7, 0xff, 0xaf, 0xff, 0xf9, 0x1, 0xff,
    0xeb, 0xff, 0xfe, 0x42, 0x1f, 0xfe, 0xab, 0xff,
    0xf9, 0x15, 0xff, 0xe9, 0x57, 0xff, 0xff, 0xaf,
    0xff, 0xff, 0xdf, 0xff, 0xff, 0xbf, 0xff, 0xff,
    0x7f, 0xff, 0xfe, 0xff, 0xff, 0xfd, 0xff, 0xff,
    0xfb, 0xff, 0xff, 0xf7, 0xff, 0xff, 0xef, 0xff,
    0xff, 0xdf, 0xff, 0xff, 0xbf, 0xff, 0xff, 0x7f,
    0xff, 0xfe, 0xff, 0xff, 0xfd, 0xff, 0xff, 0xf8,

    /* U+005B "[" */
    0xf, 0xfe, 0x9d, 0xff, 0xfd, 0x12, 0xff, 0xfe,
    0x89, 0x7f, 0xff, 0x44, 0xbf, 0xff, 0xa2, 0x5f,
    0xff, 0xd1, 0x2f, 0xff, 0xe8, 0x97, 0xff, 0xf4,
    0x4b, 0xff, 0xfa, 0x25, 0xff, 0xfd, 0x12, 0xff,
    0xfe, 0x89, 0x7f, 0xff, 0x44, 0xbf, 0xff, 0xa2,
    0x5f, 0xff, 0xd1, 0x2f, 0xff, 0xe8, 0x97, 0xff,
    0xf0, 0xe0, 0xff, 0xe1, 0x5f, 0xff, 0xc3, 0x83,
    0xff, 0x85, 0x7f, 0xff, 0xe, 0xf, 0xfe, 0x15,
    0xff, 0xfc, 0x38, 0x3f, 0xf8, 0x57, 0xff, 0xf0,
    0xe0, 0xff, 0xe1, 0x5f, 0xff, 0xc3, 0x83, 0xff,
    0x85, 0x7f, 0xff, 0xe, 0xf, 0xfe, 0x15, 0xff,
    0xfc, 0x38, 0x3f, 0xf8, 0x57, 0xff, 0xf0, 0xe0,
    0xff, 0xe1, 0x5f, 0xff, 0xc3, 0x83, 0xff, 0x85,
    0x7f, 0xff, 0xe, 0xf, 0xfe, 0x15, 0xff, 0xfc,
    0x38, 0x3f, 0xf8, 0x57, 0xff, 0xf0, 0xe0, 0xff,
    0xe1, 0x5f, 0xff, 0xc3, 0x83, 0xff, 0x85, 0x7f,
    0xff, 0xe, 0xf, 0xfe, 0x15, 0xff, 0xfc, 0x38,
    0x3f, 0xf8, 0x57, 0xff, 0xf0, 0xe0, 0xff, 0xe1,
    0x5f, 0xff, 0xc3, 0x83, 0xff, 0x85, 0x7f, 0xff,
    0xe, 0xf, 0xfe, 0x15, 0xff, 0xfc, 0x38, 0x3f,
    0xf8, 0x57, 0xff, 0xf0, 0xe0, 0xff, 0xe1, 0x5f,
    0xff, 0xc3, 0x83, 0xff, 0x85, 0x7f, 0xff, 0xe,
    0xf, 0xfe, 0x15, 0xff, 0xfc, 0x38, 0x3f, 0xf8,
    0x57, 0xff, 0xf0, 0xe0, 0xff, 0xe1, 0x5f, 0xff,
    0xc3, 0x83, 0xff, 0x85, 0x7f, 0xff, 0xe, 0xf,
    0xfe, 0x15, 0xff, 0xfc, 0x38, 0x3f, 0xf8, 0x57,
    0xff, 0xf0, 0xe0, 0xff, 0xe1, 0x5f, 0xff, 0xc3,
    0x83, 0xff, 0x85, 0x7f, 0xff, 0xe, 0xf, 0xfe,
    0x15, 0xff, 0xfc, 0x38, 0x3f, 0xf8, 0x57, 0xff,
    0xf0, 0xe0, 0xff, 0xe1, 0x5f, 0xff, 0xc3, 0x83,
    0xff, 0x85, 0x7f, 0xff, 0xe, 0xf, 0xfe, 0x15,
    0xff, 0xfc, 0x38, 0x3f, 0xf8, 0x57, 0xff, 0xf0,
    0xe0, 0xff, 0xe1, 0x5f, 0xff, 0xc3, 0x83, 0xff,
    0x85, 0x7f, 0xff, 0xe, 0xf, 0xfe, 0x15, 0xff,
    0xfc, 0x38, 0x3f, 0xf8, 0x57, 0xff, 0xf0, 0xe0,
    0xff, 0xe1, 0x5f, 0xff, 0xc3, 0x83, 0xff, 0x85,
    0x7f, 0xff, 0xe, 0xf, 0xfe, 0x15, 0xff, 0xfc,
    0x38, 0x3f, 0xf8, 0x57, 0xff, 0xf0, 0xe0, 0xff,
    0xe1, 0x5f, 0xff, 0xc3, 0x83, 0xff, 0x85, 0x7f,
    0xff, 0xe, 0xf, 0xfe, 0x15, 0xff, 0xfc, 0x38,
    0x3f, 0xf8, 0x57, 0xff, 0xf0, 0xe0, 0xff, 0xe1,
    0x5f, 0xff, 0xc3, 0x83, 0xff, 0x85, 0x7f, 0xff,
    0xe, 0xf, 0xfe, 0x15, 0xff, 0xfc, 0x38, 0x3f,
    0xf8, 0x57, 0xff, 0xf0, 0xe0, 0xff, 0xe1, 0x5f,
    0xff, 0xc3, 0x83, 0xff, 0x85, 0x7f, 0xff, 0xe,
    0xf, 0xfe, 0x15, 0xff, 0xfc, 0x38, 0x3f, 0xf8,
    0x57, 0xff, 0xf0, 0xe0, 0xff, 0xe1, 0x5f, 0xff,
    0xc3, 0x83, 0xff, 0x85, 0x7f, 0xff, 0xe, 0xf,
    0xfe, 0x15, 0xff, 0xfc, 0x38, 0x3f, 0xf8, 0x57,
    0xff, 0xf0, 0xe0, 0xff, 0xe1, 0x5f, 0xff, 0xc3,
    0x83, 0xff, 0x85, 0x7f, 0xff, 0xe, 0xf, 0xfe,
    0x15, 0xff, 0xfc, 0x38, 0x3f, 0xf8, 0x57, 0xff,
    0xf0, 0xe0, 0xff, 0xe1, 0x5f, 0xff, 0xc3, 0x83,
    0xff, 0x85, 0x7f, 0xff, 0xe, 0xf, 0xfe, 0x15,
    0xff, 0xfc, 0x38, 0x3f, 0xf8, 0x57, 0xff, 0xf0,
    0xe0, 0xff, 0xe1, 0x5f, 0xff, 0xc3, 0x83, 0xff,
    0x85, 0x7f, 0xff, 0xe, 0xf, 0xfe, 0x15, 0xff,
    0xfc, 0x38, 0x3f, 0xf8, 0x57, 0xff, 0xf0, 0xe0,
    0xff, 0xe1, 0x5f, 0xff, 0xc3, 0x83, 0xff, 0x85,
    0x7f, 0xff, 0xe, 0xf, 0xfe, 0x15, 0xff, 0xfc,
    0x38, 0x3f, 0xf8, 0x57, 0xff, 0xf0, 0xe0, 0xff,
    0xe1, 0x5f, 0xff, 0xc3, 0x83, 0xff, 0x85, 0x7f,
    0xff, 0xe, 0xf, 0xfe, 0x15, 0xff, 0xfc, 0x38,
    0x3f, 0xf8, 0x57, 0xff, 0xf0, 0xe0, 0xff, 0xe1,
    0x5f, 0xff, 0xc3, 0x83, 0xff, 0x85, 0x7f, 0xff,
    0xe, 0xf, 0xfe, 0x15, 0xff, 0xfc, 0x38, 0x3f,
    0xf8, 0x57, 0xff, 0xf0, 0xe0, 0xff, 0xe1, 0x5f,
    0xff, 0xc3, 0x83, 0xff, 0x85, 0x7f, 0xff, 0xe,
    0xf, 0xfe, 0x15, 0xff, 0xfc, 0x38, 0x3f, 0xf8,
    0x57, 0xff, 0xf0, 0xe0, 0xff, 0xe1, 0x5f, 0xff,
    0xc3, 0x83, 0xff, 0x85, 0x7f, 0xff, 0xe, 0xf,
    0xfe, 0x15, 0xff, 0xfc, 0x38, 0x3f, 0xf8, 0x57,
    0xff, 0xf0, 0xe0, 0xff, 0xe1, 0x5f, 0xff, 0xc3,
    0x83, 0xff, 0x85, 0x7f, 0xff, 0xe, 0xf, 0xfe,
    0x15, 0xff, 0xfc, 0x38, 0x3f, 0xf8, 0x57, 0xff,
    0xf0, 0xe0, 0xff, 0xe1, 0x5f, 0xff, 0xc3, 0x83,
    0xff, 0x85, 0x7f, 0xff, 0xe, 0xf, 0xfe, 0x15,
    0xff, 0xfc, 0x38, 0x3f, 0xf8, 0x57, 0xff, 0xf0,
    0xe0, 0xff, 0xe1, 0x5f, 0xff, 0xd1, 0x2f, 0xff,
    0xe8, 0x97, 0xff, 0xf4, 0x4b, 0xff, 0xfa, 0x25,
    0xff, 0xfd, 0x12, 0xff, 0xfe, 0x89, 0x7f, 0xff,
    0x44, 0xbf, 0xff, 0xa2, 0x5f, 0xff, 0xd1, 0x2f,
    0xff, 0xe8, 0x97, 0xff, 0xf4, 0x4b, 0xff, 0xfa,
    0x25, 0xff, 0xfd, 0x12, 0xff, 0xfe, 0x88,

    /* U+005C "\\" */
    0xbf, 0xff, 0x88, 0x1f, 0xfd, 0xb7, 0xff, 0xf8,
    0x81, 0xff, 0xdc, 0xff, 0xfe, 0x24, 0x1f, 0xfd,
    0xbb, 0xff, 0xf8, 0x81, 0xff, 0xdc, 0xff, 0xfe,
    0x22, 0x1f, 0xfd, 0xbf, 0xff, 0xe2, 0x41, 0xff,
    0xdb, 0x7f, 0xff, 0x88, 0x1f, 0xfd, 0xcf, 0xff,
    0xe2, 0x21, 0xff, 0xdb, 0xbf, 0xff, 0x88, 0x1f,
    0xfd, 0xb7, 0xff, 0xf8, 0x81, 0xff, 0xdc, 0xff,
    0xfe, 0x24, 0x1f, 0xfd, 0xbb, 0xff, 0xf8, 0x81,
    0xff, 0xdc, 0xff, 0xfe, 0x22, 0x1f, 0xfd, 0xbf,
    0xff, 0xe2, 0x41, 0xff, 0xdb, 0x7f, 0xff, 0x88,
    0x1f, 0xfd, 0xcf, 0xff, 0xe2, 0x21, 0xff, 0xdb,
    0xbf, 0xff, 0x88, 0x1f, 0xfd, 0xb7, 0xff, 0xf8,
    0x81, 0xff, 0xdc, 0xff, 0xfe, 0x24, 0x1f, 0xfd,
    0xbb, 0xff, 0xf8, 0x81, 0xff, 0xdc, 0xff, 0xfe,
    0x22, 0x1f, 0xfd, 0xbf, 0xff, 0xe2, 0x41, 0xff,
    0xdb, 0x7f, 0xff, 0x88, 0x1f, 0xfd, 0xcf, 0xff,
    0xe2, 0x21, 0xff, 0xdb, 0xbf, 0xff, 0x88, 0x1f,
    0xfd, 0xb7, 0xff, 0xf8, 0x81, 0xff, 0xdc, 0xff,
    0xfe, 0x24, 0x1f, 0xfd, 0xbb, 0xff, 0xf8, 0x81,
    0xff, 0xdc, 0xff, 0xfe, 0x22, 0x1f, 0xfd, 0xbf,
    0xff, 0xe2, 0x41, 0xff, 0xdb, 0x7f, 0xff, 0x88,
    0x1f, 0xfd, 0xcf, 0xff, 0xe2, 0x21, 0xff, 0xdb,
    0xbf, 0xff, 0x88, 0x1f, 0xfd, 0xb7, 0xff, 0xf8,
    0x81, 0xff, 0xdc, 0xff, 0xfe, 0x24, 0x1f, 0xfd,
    0xbb, 0xff, 0xf8, 0x81, 0xff, 0xdc, 0xff, 0xfe,
    0x22, 0x1f, 0xfd, 0xbf, 0xff, 0xe2, 0x41, 0xff,
    0xdb, 0x7f, 0xff, 0x88, 0x1f, 0xfd, 0xcf, 0xff,
    0xe2, 0x21, 0xff, 0xdb, 0xbf, 0xff, 0x88, 0x1f,
    0xfd, 0xb7, 0xff, 0xf8, 0x81, 0xff, 0xdc, 0xff,
    0xfe, 0x24, 0x1f, 0xfd, 0xbb, 0xff, 0xf8, 0x81,
    0xff, 0xdc, 0xff, 0xfe, 0x22, 0x1f, 0xfd, 0xbf,
    0xff, 0xe2, 0x41, 0xff, 0xdb, 0x7f, 0xff, 0x88,
    0x1f, 0xfd, 0xcf, 0xff, 0xe2, 0x21, 0xff, 0xdb,
    0xbf, 0xff, 0x88, 0x1f, 0xfd, 0xb7, 0xff, 0xf8,
    0x81, 0xff, 0xdc, 0xff, 0xfe, 0x24, 0x1f, 0xfd,
    0xbb, 0xff, 0xf8, 0x81, 0xff, 0xdc, 0xff, 0xfe,
    0x20, 0x7f, 0xf7, 0x3f, 0xff, 0x89, 0x7, 0xff,
    0x6d, 0xff, 0xfe, 0x20, 0x7f, 0xf7, 0x3f, 0xff,
    0x88, 0x87, 0xff, 0x6e, 0xff, 0xfe, 0x1c, 0x1f,
    0xfd, 0xb7, 0xff, 0xf8, 0x81, 0xff, 0xdc, 0xff,
    0xfe, 0x22, 0x1f, 0xfd, 0xbb, 0xff, 0xf8, 0x81,
    0xff, 0xdc, 0xff, 0xfe, 0x20, 0x7f, 0xf7, 0x3f,
    0xff, 0x89, 0x7, 0xff, 0x6d, 0xff, 0xfe, 0x20,
    0x7f, 0xf7, 0x3f, 0xff, 0x88, 0x87, 0xff, 0x6e,
    0xff, 0xfe, 0x1c, 0x1f, 0xfd, 0xcf, 0xff, 0xe2,
    0x7, 0xff, 0x73, 0xff, 0xf8, 0x88, 0x7f, 0xf6,
    0xdf, 0xff, 0xe2, 0x7, 0xff, 0x73, 0xff, 0xf8,
    0x81, 0xff, 0xdc, 0xbf, 0xff, 0x87, 0x7, 0xff,
    0x6d, 0xff, 0xfe, 0x20, 0x7f, 0xf7, 0x3f, 0xff,
    0x88, 0x87, 0xff, 0x6e, 0xff, 0xfe, 0x1c, 0x1f,
    0xfd, 0xcf, 0xff, 0xe2, 0x7, 0xff, 0x73, 0xff,
    0xf8, 0x88, 0x7f, 0xf6, 0xdf, 0xff, 0xe2, 0x7,
    0xff, 0x73, 0xff, 0xf8, 0x81, 0xff, 0xdc, 0xbf,
    0xff, 0x87, 0x7, 0xff, 0x6d, 0xff, 0xfe, 0x20,
    0x7f, 0xf7, 0x3f, 0xff, 0x88, 0x87, 0xff, 0x6e,
    0xff, 0xfe, 0x1c, 0x1f, 0xfd, 0xcf, 0xff, 0xe2,
    0x7, 0xff, 0x73, 0xff, 0xf8, 0x88, 0x7f, 0xf6,
    0xdf, 0xff, 0xe2, 0x7, 0xff, 0x73, 0xff, 0xf8,
    0x81, 0xff, 0xdc, 0xbf, 0xff, 0x87, 0x7, 0xff,
    0x6d, 0xff, 0xfe, 0x20, 0x7f, 0xf7, 0x3f, 0xff,
    0x88, 0x87, 0xff, 0x6e, 0xff, 0xfe, 0x1c, 0x1f,
    0xfd, 0xcf, 0xff, 0xe2, 0x7, 0xff, 0x73, 0xff,
    0xf8, 0x88, 0x7f, 0xf6, 0xdf, 0xff, 0xe2, 0x7,
    0xff, 0x73, 0xff, 0xf8, 0x81, 0xff, 0xdc, 0xbf,
    0xff, 0x87, 0x7, 0xff, 0x6d, 0xff, 0xfe, 0x20,
    0x7f, 0xf7, 0x3f, 0xff, 0x88, 0x87, 0xff, 0x6e,
    0xff, 0xfe, 0x1c, 0x1f, 0xfd, 0xcf, 0xff, 0xe2,
    0x7, 0xff, 0x73, 0xff, 0xf8, 0x88, 0x7f, 0xf6,
    0xdf, 0xff, 0xe2, 0x7, 0xff, 0x73, 0xff, 0xf8,
    0x81, 0xff, 0xdc, 0xbf, 0xff, 0x87, 0x7, 0xff,
    0x6d, 0xff, 0xfe, 0x20,

    /* U+005D "]" */
    0xf, 0xfe, 0x9b, 0xff, 0xfd, 0x19, 0xff, 0xfe,
    0x8c, 0xff, 0xff, 0x46, 0x7f, 0xff, 0xa3, 0x3f,
    0xff, 0xd1, 0x9f, 0xff, 0xe8, 0xcf, 0xff, 0xf4,
    0x67, 0xff, 0xfa, 0x33, 0xff, 0xfd, 0x19, 0xff,
    0xfe, 0x8c, 0xff, 0xff, 0x46, 0x7f, 0xff, 0xa3,
    0x3f, 0xff, 0xd1, 0x9f, 0xff, 0xe8, 0xc1, 0xff,
    0xc2, 0xff, 0xfe, 0x24, 0x1f, 0xfc, 0x2f, 0xff,
    0xe2, 0x41, 0xff, 0xc2, 0xff, 0xfe, 0x24, 0x1f,
    0xfc, 0x2f, 0xff, 0xe2, 0x41, 0xff, 0xc2, 0xff,
    0xfe, 0x24, 0x1f, 0xfc, 0x2f, 0xff, 0xe2, 0x41,
    0xff, 0xc2, 0xff, 0xfe, 0x24, 0x1f, 0xfc, 0x2f,
    0xff, 0xe2, 0x41, 0xff, 0xc2, 0xff, 0xfe, 0x24,
    0x1f, 0xfc, 0x2f, 0xff, 0xe2, 0x41, 0xff, 0xc2,
    0xff, 0xfe, 0x24, 0x1f, 0xfc, 0x2f, 0xff, 0xe2,
    0x41, 0xff, 0xc2, 0xff, 0xfe, 0x24, 0x1f, 0xfc,
    0x2f, 0xff, 0xe2, 0x41, 0xff, 0xc2, 0xff, 0xfe,
    0x24, 0x1f, 0xfc, 0x2f, 0xff, 0xe2, 0x41, 0xff,
    0xc2, 0xff, 0xfe, 0x24, 0x1f, 0xfc, 0x2f, 0xff,
    0xe2, 0x41, 0xff, 0xc2, 0xff, 0xfe, 0x24, 0x1f,
    0xfc, 0x2f, 0xff, 0xe2, 0x41, 0xff, 0xc2, 0xff,
    0xfe, 0x24, 0x1f, 0xfc, 0x2f, 0xff, 0xe2, 0x41,
    0xff, 0xc2, 0xff, 0xfe, 0x24, 0x1f, 0xfc, 0x2f,
    0xff, 0xe2, 0x41, 0xff, 0xc2, 0xff, 0xfe, 0x24,
    0x1f, 0xfc, 0x2f, 0xff, 0xe2, 0x41, 0xff, 0xc2,
    0xff, 0xfe, 0x24, 0x1f, 0xfc, 0x2f, 0xff, 0xe2,
    0x41, 0xff, 0xc2, 0xff, 0xfe, 0x24, 0x1f, 0xfc,
    0x2f, 0xff, 0xe2, 0x41, 0xff, 0xc2, 0xff, 0xfe,
    0x24, 0x1f, 0xfc, 0x2f, 0xff, 0xe2, 0x41, 0xff,
    0xc2, 0xff, 0xfe, 0x24, 0x1f, 0xfc, 0x2f, 0xff,
    0xe2, 0x41, 0xff, 0xc2, 0xff, 0xfe, 0x24, 0x1f,
    0xfc, 0x2f, 0xff, 0xe2, 0x41, 0xff, 0xc2, 0xff,
    0xfe, 0x24, 0x1f, 0xfc, 0x2f, 0xff, 0xe2, 0x41,
    0xff, 0xc2, 0xff, 0xfe, 0x24, 0x1f, 0xfc, 0x2f,
    0xff, 0xe2, 0x41, 0xff, 0xc2, 0xff, 0xfe, 0x24,
    0x1f, 0xfc, 0x2f, 0xff, 0xe2, 0x41, 0xff, 0xc2,
    0xff, 0xfe, 0x24, 0x1f, 0xfc, 0x2f, 0xff, 0xe2,
    0x41, 0xff, 0xc2, 0xff, 0xfe, 0x24, 0x1f, 0xfc,
    0x2f, 0xff, 0xe2, 0x41, 0xff, 0xc2, 0xff, 0xfe,
    0x24, 0x1f, 0xfc, 0x2f, 0xff, 0xe2, 0x41, 0xff,
    0xc2, 0xff, 0xfe, 0x24, 0x1f, 0xfc, 0x2f, 0xff,
    0xe2, 0x41, 0xff, 0xc2, 0xff, 0xfe, 0x24, 0x1f,
    0xfc, 0x2f, 0xff, 0xe2, 0x41, 0xff, 0xc2, 0xff,
    0xfe, 0x24, 0x1f, 0xfc, 0x2f, 0xff, 0xe2, 0x41,
    0xff, 0xc2, 0xff, 0xfe, 0x24, 0x1f, 0xfc, 0x2f,
    0xff, 0xe2, 0x41, 0xff, 0xc2, 0xff, 0xfe, 0x24,
    0x1f, 0xfc, 0x2f, 0xff, 0xe2, 0x41, 0xff, 0xc2,
    0xff, 0xfe, 0x24, 0x1f, 0xfc, 0x2f, 0xff, 0xe2,
    0x41, 0xff, 0xc2, 0xff, 0xfe, 0x24, 0x1f, 0xfc,
    0x2f, 0xff, 0xe2, 0x41, 0xff, 0xc2, 0xff, 0xfe,
    0x24, 0x1f, 0xfc, 0x2f, 0xff, 0xe2, 0x41, 0xff,
    0xc2, 0xff, 0xfe, 0x24, 0x1f, 0xfc, 0x2f, 0xff,
    0xe2, 0x41, 0xff, 0xc2, 0xff, 0xfe, 0x24, 0x1f,
    0xfc, 0x2f, 0xff, 0xe2, 0x41, 0xff, 0xc2, 0xff,
    0xfe, 0x24, 0x1f, 0xfc, 0x2f, 0xff, 0xe2, 0x41,
    0xff, 0xc2, 0xff, 0xfe, 0x24, 0x1f, 0xfc, 0x2f,
    0xff, 0xe2, 0x41, 0xff, 0xc2, 0xff, 0xfe, 0x24,
    0x1f, 0xfc, 0x2f, 0xff, 0xe2, 0x41, 0xff, 0xc2,
    0xff, 0xfe, 0x24, 0x1f, 0xfc, 0x2f, 0xff, 0xe2,
    0x41, 0xff, 0xc2, 0xff, 0xfe, 0x24, 0x1f, 0xfc,
    0x2f, 0xff, 0xe2, 0x41, 0xff, 0xc2, 0xff, 0xfe,
    0x24, 0x1f, 0xfc, 0x2f, 0xff, 0xe2, 0x41, 0xff,
    0xc2, 0xff, 0xfe, 0x24, 0x1f, 0xfc, 0x2f, 0xff,
    0xe2, 0x41, 0xff, 0xc2, 0xff, 0xfe, 0x24, 0x1f,
    0xfc, 0x2f, 0xff, 0xe2, 0x41, 0xff, 0xc2, 0xff,
    0xfe, 0x24, 0x1f, 0xfc, 0x2f, 0xff, 0xe2, 0x41,
    0xff, 0xc2, 0xff, 0xfe, 0x24, 0x1f, 0xfc, 0x2f,
    0xff, 0xe2, 0x41, 0xff, 0xc2, 0xff, 0xfe, 0x24,
    0x1f, 0xfc, 0x2f, 0xff, 0xe2, 0x41, 0xff, 0xc2,
    0xff, 0xfe, 0x24, 0x1f, 0xfc, 0x2f, 0xff, 0xe2,
    0x41, 0xff, 0xc2, 0xff, 0xfe, 0x24, 0x1f, 0xfc,
    0x2f, 0xff, 0xe2, 0x41, 0xff, 0xc2, 0xff, 0xfe,
    0x24, 0x1f, 0xfc, 0x2f, 0xff, 0xe2, 0x41, 0xff,
    0xc2, 0xff, 0xfe, 0x24, 0x1f, 0xfc, 0x2f, 0xff,
    0xe2, 0x41, 0xff, 0xc2, 0xff, 0xfe, 0x24, 0x1f,
    0xfc, 0x2f, 0xff, 0xe2, 0x41, 0xff, 0xc2, 0xff,
    0xfe, 0x24, 0xff, 0xff, 0x46, 0x7f, 0xff, 0xa3,
    0x3f, 0xff, 0xd1, 0x9f, 0xff, 0xe8, 0xcf, 0xff,
    0xf4, 0x67, 0xff, 0xfa, 0x33, 0xff, 0xfd, 0x19,
    0xff, 0xfe, 0x8c, 0xff, 0xff, 0x46, 0x7f, 0xff,
    0xa3, 0x3f, 0xff, 0xd1, 0x9f, 0xff, 0xe8, 0xcf,
    0xff, 0xf4, 0x67, 0xff, 0xfa, 0x30,

    /* U+005E "^" */
    0xf, 0xfe, 0xa7, 0xff, 0xf0, 0x43, 0xff, 0xe9,
    0x7f, 0xff, 0x6, 0xf, 0xff, 0x9f, 0xff, 0xf0,
    0xd0, 0xff, 0xf8, 0xdf, 0xff, 0xc4, 0xf, 0xff,
    0x8f, 0xff, 0xf1, 0x50, 0xff, 0xf7, 0xff, 0xff,
    0x1c, 0x3f, 0xfd, 0xcf, 0xff, 0xf1, 0xd0, 0xff,
    0xf6, 0xff, 0xff, 0x24, 0x3f, 0xfd, 0x8f, 0xff,
    0xf2, 0x60, 0xff, 0xf5, 0xff, 0xff, 0x2c, 0x3f,
    0xfd, 0x57, 0xff, 0xf2, 0xe0, 0xff, 0xf4, 0xff,
    0xff, 0x35, 0xf, 0xff, 0x3d, 0xff, 0xfc, 0xe0,
    0xff, 0xf3, 0xff, 0xff, 0x3d, 0xf, 0xff, 0x2d,
    0xff, 0xfd, 0x0, 0xff, 0xf2, 0x3f, 0xff, 0xd1,
    0x43, 0xff, 0xc7, 0xff, 0xfc, 0x3b, 0xff, 0xf8,
    0x61, 0xff, 0xe2, 0x7f, 0xff, 0x86, 0x5f, 0xff,
    0xc2, 0x83, 0xff, 0xc3, 0xff, 0xfc, 0x38, 0x1f,
    0xff, 0xc3, 0xf, 0xff, 0x5, 0xff, 0xfc, 0x30,
    0xaf, 0xff, 0xe1, 0x41, 0xff, 0xdf, 0xff, 0xfe,
    0x1a, 0x1b, 0xff, 0xf8, 0x68, 0x7f, 0xf7, 0x6f,
    0xff, 0xe1, 0x87, 0x3f, 0xff, 0xc3, 0xf, 0xfe,
    0xef, 0xff, 0xf0, 0xd0, 0xf7, 0xff, 0xf0, 0xd0,
    0xff, 0xed, 0xdf, 0xff, 0xc3, 0xf, 0x9f, 0xff,
    0xe1, 0x87, 0xff, 0x69, 0xff, 0xfe, 0x1a, 0x1f,
    0xbf, 0xff, 0x86, 0x87, 0xff, 0x67, 0xff, 0xf8,
    0x81, 0xfc, 0xff, 0xff, 0xc, 0x3f, 0xfb, 0xf,
    0xff, 0xf0, 0xc3, 0xfe, 0xff, 0xfe, 0x1c, 0x1f,
    0xfd, 0x7f, 0xff, 0xe1, 0xc1, 0xff, 0x3f, 0xff,
    0xc3, 0xf, 0xfe, 0xb3, 0xff, 0xfc, 0x30, 0xff,
    0xe0, 0xff, 0xff, 0xe, 0xf, 0xfe, 0xaf, 0xff,
    0xf0, 0xe0, 0xff, 0xe1, 0x7f, 0xff, 0xd, 0xf,
    0xfe, 0x9d, 0xff, 0xfc, 0x30, 0xff, 0xe1, 0xdf,
    0xff, 0xc3, 0xf, 0xfe, 0x9f, 0xff, 0xf0, 0xe0,
    0xff, 0xe2, 0x7f, 0xff, 0xd, 0xf, 0xfe, 0x8d,
    0xff, 0xfc, 0x30, 0xff, 0xe2, 0xdf, 0xff, 0xc3,
    0xf, 0xfe, 0x8f, 0xff, 0xf0, 0xd0, 0xff, 0xe3,
    0x7f, 0xff, 0xd, 0xf, 0xfe, 0x7f, 0xff, 0xf1,
    0x3, 0xff, 0x8f, 0x7f, 0xff, 0xc, 0x3f, 0xf9,
    0xcf, 0xff, 0xf0, 0xd0, 0xff, 0xe4, 0x7f, 0xff,
    0xe, 0xf, 0xfe, 0x6f, 0xff, 0xf1, 0x3, 0xff,
    0x92, 0xff, 0xff, 0xc, 0x3f, 0xf9, 0x8f, 0xff,
    0xf0, 0xd0, 0xff, 0xe5, 0x7f, 0xff, 0xe, 0xf,
    0xfe, 0x5f, 0xff, 0xf1, 0x3, 0xff, 0x96, 0xff,
    0xff, 0xd, 0xf, 0xfe, 0x4d, 0xff, 0xfc, 0x30,
    0xff, 0xe6, 0xff, 0xff, 0x10, 0x3f, 0xf9, 0x3f,
    0xff, 0xc3, 0x83, 0xff, 0x9a, 0xff, 0xff, 0xd,
    0xf, 0xfe, 0x3d, 0xff, 0xfc, 0x30, 0xff, 0xe7,
    0xff, 0xff, 0x10, 0x3f, 0xf8, 0xff, 0xff, 0xc3,
    0x83, 0xff, 0x9e, 0xff, 0xff, 0xd, 0xf, 0xfe,
    0x2f, 0xff, 0xf1, 0x3, 0xff, 0xa3, 0xff, 0xfc,
    0x40, 0xff, 0xe2, 0x3f, 0xff, 0xc3, 0x83, 0xff,
    0xa5, 0xff, 0xfc, 0x38, 0x3f, 0xf8, 0x7f, 0xff,
    0xc4, 0xf, 0xfe, 0x9d, 0xff, 0xfc, 0x30, 0xff,
    0xe1, 0x3f, 0xff, 0xc3, 0x43, 0xff, 0xa9, 0xff,
    0xfc, 0x38, 0x3f, 0xf8, 0x3f, 0xff, 0xc4, 0xf,
    0xfe, 0xad, 0xff, 0xfc, 0x30, 0xff, 0xe0, 0x5f,
    0xff, 0xc3, 0x43, 0xff, 0xad, 0xff, 0xfc, 0x40,
    0xff, 0xbf, 0xff, 0x88, 0x1f, 0xfd, 0x7b, 0xff,
    0xf8, 0x68, 0x7f, 0x5f, 0xff, 0xc3, 0x43, 0xff,
    0xb1, 0xff, 0xfc, 0x40, 0xfe, 0xff, 0xfe, 0x20,
    0x7f, 0xf6, 0x5f, 0xff, 0xe1, 0xa1, 0xf5, 0xff,
    0xfc, 0x34, 0x3f, 0xfb, 0x5f, 0xff, 0xc4, 0xf,
    0x3f, 0xff, 0xc3, 0x83, 0xff, 0xb6, 0xff, 0xff,
    0xe, 0xe, 0xff, 0xfe, 0x20, 0x7f, 0xf7, 0x7f,
    0xff, 0x88, 0x19, 0xff, 0xfe, 0x1c, 0x1f, 0xfd,
    0xd7, 0xff, 0xf8, 0x70, 0x5f, 0xff, 0xc4, 0xf,
    0xfe, 0xff, 0xff, 0xf1, 0x1, 0x7f, 0xff, 0xe,
    0xf, 0xfe, 0xfb, 0xff, 0xfc, 0x40,

    /* U+005F "_" */
    0x17, 0xff, 0xfc, 0x5f, 0xff, 0xfe, 0xa7, 0xff,
    0xff, 0xa9, 0xff, 0xff, 0xea, 0x7f, 0xff, 0xfa,
    0x9f, 0xff, 0xfe, 0xa7, 0xff, 0xff, 0xa9, 0xff,
    0xff, 0xea, 0x7f, 0xff, 0xfa, 0x9f, 0xff, 0xfe,
    0xa7, 0xff, 0xff, 0xa9, 0xff, 0xff, 0xea, 0x7f,
    0xff, 0xfa, 0x9f, 0xff, 0xfe, 0x80,

    /* U+0060 "`" */
    0x3f, 0xff, 0x8a, 0x1f, 0xfc, 0x3f, 0xff, 0xe2,
    0x41, 0xff, 0xc2, 0x7f, 0xff, 0x88, 0x1f, 0xfc,
    0x3b, 0xff, 0xf8, 0x70, 0x7f, 0xf0, 0xff, 0xff,
    0x88, 0x87, 0xff, 0x9, 0xff, 0xfe, 0x20, 0x7f,
    0xf0, 0xef, 0xff, 0xe1, 0xa1, 0xff, 0xc3, 0xff,
    0xfe, 0x20, 0x7f, 0xf1, 0x3f, 0xff, 0x87, 0x7,
    0xff, 0xd, 0xff, 0xfe, 0x1a, 0x1f, 0xfc, 0x3b,
    0xff, 0xf8, 0x61, 0xff, 0xc4, 0xff, 0xfe, 0x1a,
    0x1f, 0xfc, 0x4f, 0xff, 0xe1, 0x87, 0xff, 0x11,
    0xff, 0xfe, 0x14, 0x1f, 0xfc, 0x4f, 0xff, 0xe1,
    0x87, 0xff, 0x17, 0xff, 0xf8, 0x61, 0xff, 0xc4,
    0x7f, 0xff, 0x84, 0x87, 0xff, 0x12, 0xff, 0xfe,
    0x10, 0x7f, 0xf1, 0x7f, 0xff, 0x85, 0x7, 0xff,
    0x17, 0xff, 0xf8, 0x41, 0xff, 0xc5, 0x7f, 0xff,
    0x84, 0x1f, 0xfc, 0x5b, 0xff, 0xf8, 0x28,

    /* U+0061 "a" */
    0xf, 0xfe, 0x82, 0xaa, 0xfe, 0xa9, 0xf, 0xff,
    0x23, 0x7f, 0xff, 0x1e, 0x43, 0xff, 0xb9, 0x7f,
    0xff, 0x3a, 0xf, 0xfe, 0xbb, 0x7f, 0xff, 0x4a,
    0xf, 0xfe, 0x9b, 0xff, 0xfd, 0x78, 0x3f, 0xf9,
    0xef, 0xff, 0xf6, 0xd0, 0xff, 0xe6, 0x7f, 0xff,
    0x7a, 0xf, 0xfe, 0x4d, 0xff, 0xfe, 0x10, 0xff,
    0xe3, 0xff, 0xff, 0x90, 0x3f, 0xf8, 0x8f, 0xff,
    0xf9, 0x83, 0xff, 0x85, 0x7f, 0xff, 0xa0, 0x3f,
    0xf8, 0x17, 0xff, 0xfa, 0x50, 0xff, 0x5f, 0xff,
    0xeb, 0xf, 0xfb, 0xff, 0xfd, 0x81, 0xfe, 0x7f,
    0xff, 0x93, 0x28, 0x3e, 0x6f, 0xff, 0xe5, 0x21,
    0xfe, 0x7f, 0xff, 0x8a, 0x87, 0xff, 0xe, 0xff,
    0xfe, 0x48, 0x7f, 0xd7, 0xff, 0xf0, 0x60, 0xff,
    0xe4, 0x5f, 0xff, 0xc7, 0x43, 0xfe, 0xbf, 0xfe,
    0xf, 0xfe, 0x5d, 0xff, 0xfc, 0x68, 0x3f, 0xf8,
    0x17, 0xfe, 0x43, 0xff, 0x9b, 0x7f, 0xff, 0x18,
    0x3f, 0xf8, 0x3f, 0xf0, 0x7f, 0xf4, 0x3f, 0xff,
    0x8c, 0x87, 0xff, 0x7, 0xf4, 0x1f, 0xfd, 0x2f,
    0xff, 0xe2, 0xc1, 0xff, 0xc2, 0xf2, 0x1f, 0xfd,
    0x3b, 0xff, 0xf8, 0xa1, 0xff, 0xc3, 0x43, 0xff,
    0xab, 0xff, 0xfc, 0x50, 0xff, 0xf2, 0xff, 0xff,
    0x14, 0x3f, 0xfc, 0xb7, 0xff, 0xf1, 0x3, 0xff,
    0xca, 0xff, 0xff, 0x11, 0xf, 0xff, 0x23, 0xff,
    0xfc, 0x44, 0x3f, 0xfc, 0x8f, 0xff, 0xf1, 0x10,
    0xff, 0xf2, 0xff, 0xff, 0x11, 0xf, 0xff, 0x2f,
    0xff, 0xf1, 0x10, 0xff, 0xe5, 0x34, 0xff, 0xfe,
    0x5, 0x14, 0x1f, 0xbf, 0xff, 0x88, 0x87, 0xff,
    0x19, 0xbf, 0xff, 0x97, 0x21, 0xbf, 0xff, 0x88,
    0x87, 0xff, 0x12, 0xff, 0xfe, 0x8c, 0x9f, 0xff,
    0xc4, 0x43, 0xff, 0x82, 0xff, 0xff, 0x9d, 0xf,
    0xfe, 0x7, 0xff, 0xfa, 0x50, 0xff, 0x5f, 0xff,
    0xea, 0x43, 0xfb, 0xff, 0xfd, 0x88, 0x7e, 0xff,
    0xff, 0x6a, 0x1e, 0x7f, 0xff, 0xdc, 0x87, 0xbf,
    0xff, 0xde, 0x87, 0x7f, 0xff, 0xc1, 0xd, 0x7f,
    0xff, 0x2a, 0x43, 0xf2, 0xaf, 0xff, 0xe6, 0xa1,
    0x3f, 0xff, 0xc8, 0x43, 0xff, 0x8c, 0xdf, 0xff,
    0xc8, 0x42, 0xff, 0xfe, 0x3c, 0x1f, 0xfc, 0xb7,
    0xff, 0xf8, 0xc8, 0x1f, 0xff, 0xe3, 0x7, 0xff,
    0x3d, 0xff, 0xfe, 0x22, 0xf, 0xff, 0xe3, 0x7,
    0xff, 0x47, 0xff, 0xf8, 0x88, 0xff, 0xff, 0x15,
    0xf, 0xfe, 0x8f, 0xff, 0xf1, 0x12, 0xff, 0xfe,
    0x24, 0x1f, 0xfd, 0x2f, 0xff, 0xe2, 0x27, 0xff,
    0xf1, 0x43, 0xff, 0xa7, 0xff, 0xfc, 0x44, 0xff,
    0xfe, 0x28, 0x7f, 0xf4, 0xff, 0xff, 0x88, 0x9f,
    0xff, 0xc4, 0x83, 0xff, 0xa4, 0xff, 0xff, 0x11,
    0x5f, 0xff, 0xc4, 0x83, 0xff, 0xa4, 0xff, 0xff,
    0x11, 0x5f, 0xff, 0xc4, 0x83, 0xff, 0xa5, 0x7f,
    0xff, 0x11, 0x5f, 0xff, 0xc4, 0x83, 0xff, 0xa5,
    0xff, 0xfc, 0x56, 0xff, 0xfe, 0x24, 0x1f, 0xfd,
    0x1b, 0xff, 0xf8, 0xaa, 0xff, 0xfe, 0x28, 0x7f,
    0xf4, 0x7f, 0xff, 0x8c, 0xaf, 0xff, 0xe2, 0x87,
    0xff, 0x43, 0xff, 0xf8, 0xea, 0xff, 0xfe, 0x2c,
    0x1f, 0xfc, 0xeb, 0xff, 0xf8, 0xe9, 0xff, 0xfc,
    0x60, 0xff, 0xe6, 0xdf, 0xff, 0xc8, 0x4f, 0xff,
    0xe3, 0x87, 0xff, 0x2f, 0xff, 0xf9, 0x49, 0x7f,
    0xff, 0x1c, 0x3f, 0xf9, 0xf, 0xff, 0xf2, 0xd1,
    0xff, 0xfe, 0x42, 0x1f, 0xfc, 0x47, 0xff, 0xf9,
    0xa8, 0x3f, 0xff, 0x94, 0x87, 0xfc, 0xdf, 0xff,
    0xcf, 0x41, 0x7f, 0xff, 0x32, 0x8b, 0x53, 0xff,
    0xfa, 0x68, 0x5f, 0xff, 0xf2, 0x42, 0xbf, 0xff,
    0xe2, 0x86, 0xff, 0xff, 0x4, 0xff, 0xff, 0xd,
    0xe, 0xff, 0xfe, 0xf8, 0xff, 0xff, 0xd, 0xe,
    0x7f, 0xff, 0xba, 0x7, 0xff, 0xf8, 0x68, 0x79,
    0xff, 0xfe, 0xd8, 0x4f, 0xff, 0xf0, 0xd0, 0xf9,
    0xff, 0xfe, 0xc8, 0x67, 0xff, 0xf8, 0x68, 0x7e,
    0x7f, 0xff, 0xad, 0x7, 0x3f, 0xff, 0xc3, 0x43,
    0xfd, 0x7f, 0xff, 0x4d, 0xf, 0x3f, 0xff, 0xc3,
    0x43, 0xfe, 0x7f, 0xff, 0xa1, 0x7, 0xe7, 0xff,
    0xf8, 0x68, 0x7f, 0xf0, 0x5f, 0xff, 0xe6, 0x21,
    0xfe, 0x7f, 0xff, 0x86, 0x87, 0xff, 0x12, 0xff,
    0xfe, 0x34, 0x87, 0xff, 0x1, 0xaf, 0xfe, 0x1a,
    0x1f, 0xfc, 0x76, 0x9f, 0xfa, 0x88, 0x7f, 0xf5,
    0x40,

    /* U+0062 "b" */
    0xf, 0xff, 0xf5, 0xff, 0xfc, 0x40, 0xff, 0xf6,
    0xdf, 0xff, 0xc4, 0xf, 0xff, 0x6d, 0xff, 0xfc,
    0x40, 0xff, 0xf6, 0xdf, 0xff, 0xc4, 0xf, 0xff,
    0x6d, 0xff, 0xfc, 0x40, 0xff, 0xf6, 0xdf, 0xff,
    0xc4, 0xf, 0xff, 0x6d, 0xff, 0xfc, 0x40, 0xff,
    0xf6, 0xdf, 0xff, 0xc4, 0xf, 0xff, 0x6d, 0xff,
    0xfc, 0x40, 0xff, 0xf6, 0xdf, 0xff, 0xc4, 0xf,
    0xff, 0x6d, 0xff, 0xfc, 0x40, 0xff, 0xf6, 0xdf,
    0xff, 0xc4, 0xf, 0xff, 0x6d, 0xff, 0xfc, 0x40,
    0xff, 0xf6, 0xdf, 0xff, 0xc4, 0xf, 0xff, 0x6d,
    0xff, 0xfc, 0x40, 0xff, 0xf6, 0xdf, 0xff, 0xc4,
    0xf, 0xff, 0x6d, 0xff, 0xfc, 0x40, 0xff, 0xf6,
    0xdf, 0xff, 0xc4, 0xf, 0xff, 0x6d, 0xff, 0xfc,
    0x40, 0xff, 0xf6, 0xdf, 0xff, 0xc4, 0xf, 0xff,
    0x6d, 0xff, 0xfc, 0x40, 0xff, 0xf6, 0xdf, 0xff,
    0xc4, 0xf, 0xff, 0x6d, 0xff, 0xfc, 0x40, 0xff,
    0xf6, 0xdf, 0xff, 0xc4, 0xf, 0xff, 0x6d, 0xff,
    0xfc, 0x40, 0xff, 0xf6, 0xdf, 0xff, 0xc4, 0xf,
    0xff, 0x6d, 0xff, 0xfc, 0x40, 0xff, 0xf6, 0xdf,
    0xff, 0xc4, 0xf, 0xff, 0x6d, 0xff, 0xfc, 0x40,
    0xff, 0xf6, 0xdf, 0xff, 0xc4, 0xf, 0xff, 0x6d,
    0xff, 0xfc, 0x40, 0xff, 0xf6, 0xdf, 0xff, 0xc4,
    0xf, 0xfe, 0x33, 0x57, 0xea, 0x28, 0x3f, 0xf9,
    0xf7, 0xff, 0xf1, 0x3, 0xff, 0x84, 0xff, 0xff,
    0x16, 0x43, 0xff, 0x97, 0x7f, 0xff, 0x10, 0x3f,
    0xe7, 0xff, 0xf9, 0x70, 0x7f, 0xf2, 0x6f, 0xff,
    0xe2, 0x7, 0xf3, 0xff, 0xfc, 0xf8, 0x3f, 0xf8,
    0xf7, 0xff, 0xf1, 0x3, 0xe7, 0xff, 0xfa, 0x70,
    0x7f, 0xf1, 0x6f, 0xff, 0xe2, 0x7, 0xaf, 0xff,
    0xeb, 0x21, 0xff, 0xc3, 0xbf, 0xff, 0x88, 0x19,
    0xff, 0xfe, 0xcc, 0x1f, 0xfc, 0x2b, 0xff, 0xf8,
    0x81, 0x3f, 0xff, 0xdc, 0xf, 0xfe, 0xd, 0xff,
    0xfc, 0x40, 0x5f, 0xff, 0xde, 0xf, 0xfe, 0x5,
    0xff, 0xfc, 0x41, 0xff, 0xff, 0x0, 0x7f, 0xd7,
    0xff, 0xf1, 0x2f, 0xff, 0xf1, 0x7, 0xfa, 0xff,
    0xff, 0xa0, 0x7f, 0x5f, 0xff, 0xf4, 0x83, 0xf5,
    0xff, 0xff, 0x54, 0x3e, 0xbf, 0xff, 0xec, 0x1f,
    0x5f, 0xff, 0xd2, 0xa2, 0x1e, 0x6f, 0xff, 0xe6,
    0xc1, 0xeb, 0xff, 0xfa, 0x8, 0x7f, 0xf0, 0x5b,
    0xff, 0xf9, 0x61, 0xeb, 0xff, 0xf9, 0xc8, 0x7f,
    0xf1, 0xbf, 0xff, 0x96, 0x1d, 0x7f, 0xff, 0x32,
    0xf, 0xfe, 0x4d, 0xff, 0xfc, 0x94, 0x35, 0xff,
    0xfc, 0xb8, 0x3f, 0xf9, 0x6f, 0xff, 0xf2, 0x43,
    0x5f, 0xff, 0xca, 0x43, 0xff, 0x9a, 0xff, 0xff,
    0x20, 0x35, 0xff, 0xfc, 0x98, 0x3f, 0xf9, 0xef,
    0xff, 0xf1, 0xe0, 0xaf, 0xff, 0xe4, 0x41, 0xff,
    0xd1, 0xbf, 0xff, 0x8e, 0x15, 0xff, 0xfc, 0x80,
    0xff, 0xe9, 0xff, 0xff, 0x1d, 0x5, 0xff, 0xfc,
    0x74, 0x3f, 0xfa, 0x6f, 0xff, 0xf1, 0xa0, 0x5f,
    0xff, 0xc7, 0xf, 0xfe, 0xaf, 0xff, 0xf1, 0xc1,
    0x7f, 0xff, 0x18, 0x3f, 0xfa, 0xcf, 0xff, 0xf1,
    0x81, 0x7f, 0xff, 0x18, 0x3f, 0xfa, 0xff, 0xff,
    0xc6, 0x4b, 0xff, 0xf8, 0xa8, 0x7f, 0xf5, 0xef,
    0xff, 0xe2, 0xc5, 0xff, 0xfc, 0x50, 0xff, 0xec,
    0xff, 0xff, 0x18, 0xbf, 0xff, 0x8a, 0x1f, 0xfd,
    0x9f, 0xff, 0xe3, 0x17, 0xff, 0xf1, 0x10, 0xff,
    0xec, 0xdf, 0xff, 0xc5, 0x2f, 0xff, 0xe2, 0x21,
    0xff, 0xd9, 0xbf, 0xff, 0x8a, 0x5f, 0xff, 0xc4,
    0xf, 0xfe, 0xd3, 0xff, 0xfc, 0x56, 0xff, 0xfe,
    0x20, 0x7f, 0xf6, 0x9f, 0xff, 0xe2, 0xb7, 0xff,
    0xf1, 0x3, 0xff, 0xb7, 0xff, 0xfc, 0x56, 0xff,
    0xfe, 0x20, 0x7f, 0xf6, 0xff, 0xff, 0x8a, 0xdf,
    0xff, 0xc3, 0x83, 0xff, 0xb7, 0xff, 0xfc, 0x56,
    0xff, 0xfe, 0x1c, 0x1f, 0xfd, 0xbf, 0xff, 0xe2,
    0xb7, 0xff, 0xf0, 0xe0, 0xff, 0xed, 0xff, 0xff,
    0x15, 0xbf, 0xff, 0x87, 0x7, 0xff, 0x6f, 0xff,
    0xf8, 0xad, 0xff, 0xfc, 0x38, 0x3f, 0xfb, 0x7f,
    0xff, 0xc5, 0x6f, 0xff, 0xe2, 0x7, 0xff, 0x6f,
    0xff, 0xf8, 0xad, 0xff, 0xfc, 0x40, 0xff, 0xed,
    0x3f, 0xff, 0xc5, 0x2f, 0xff, 0xe2, 0x7, 0xff,
    0x69, 0xff, 0xfe, 0x29, 0x7f, 0xff, 0x11, 0xf,
    0xfe, 0xcd, 0xff, 0xfc, 0x52, 0xff, 0xfe, 0x24,
    0x1f, 0xfd, 0x9f, 0xff, 0xe3, 0x17, 0xff, 0xf1,
    0x43, 0xff, 0xb3, 0xff, 0xfc, 0x58, 0xbf, 0xff,
    0x8a, 0x1f, 0xfd, 0x87, 0xff, 0xf8, 0xb1, 0x7f,
    0xff, 0x15, 0xf, 0xfe, 0xbf, 0xff, 0xf1, 0x92,
    0xff, 0xfe, 0x30, 0x7f, 0xf5, 0xff, 0xff, 0x8c,
    0xb, 0xff, 0xf8, 0xc8, 0x7f, 0xf5, 0x6f, 0xff,
    0xe3, 0x2, 0xff, 0xfe, 0x38, 0x7f, 0xf5, 0x7f,
    0xff, 0x8d, 0x2, 0xff, 0xfe, 0x3a, 0x1f, 0xfd,
    0x3b, 0xff, 0xf8, 0xc8, 0x2f, 0xff, 0xe4, 0x7,
    0xff, 0x49, 0xff, 0xfe, 0x38, 0x57, 0xff, 0xf2,
    0x43, 0xff, 0xa3, 0xff, 0xfc, 0x78, 0x2b, 0xff,
    0xf9, 0x41, 0xff, 0xcf, 0xff, 0xfe, 0x40, 0x6b,
    0xff, 0xf9, 0x61, 0xff, 0xcd, 0xff, 0xfe, 0x48,
    0x6b, 0xff, 0xf9, 0x81, 0xff, 0xca, 0x7f, 0xff,
    0x92, 0x86, 0xbf, 0xff, 0x9b, 0x7, 0xff, 0x1e,
    0xff, 0xfe, 0x50, 0x75, 0xff, 0xfc, 0xf4, 0x3f,
    0xf8, 0x6f, 0xff, 0xf2, 0xd0, 0xeb, 0xff, 0xfa,
    0x32, 0x1f, 0xcd, 0xff, 0xfc, 0xc8, 0x3d, 0x7f,
    0xff, 0xd8, 0x3e, 0xbf, 0xff, 0xea, 0x87, 0xd7,
    0xff, 0xfd, 0x20, 0xfd, 0x7f, 0xff, 0xd0, 0x3f,
    0xaf, 0xff, 0xe1, 0x9f, 0xff, 0xe3, 0xf, 0xf5,
    0xff, 0xfc, 0x31, 0xff, 0xff, 0x8, 0x7f, 0xd7,
    0xff, 0xf0, 0xc0, 0xff, 0xff, 0x7c, 0x3f, 0xf8,
    0x17, 0xff, 0xf0, 0xc2, 0x7f, 0xff, 0xba, 0x1f,
    0xfc, 0x1b, 0xff, 0xf8, 0x61, 0xdf, 0xff, 0xda,
    0x83, 0xff, 0x85, 0x7f, 0xff, 0xc, 0x3d, 0x7f,
    0xff, 0x5d, 0xf, 0xfe, 0x1d, 0xff, 0xfc, 0x30,
    0xf9, 0xff, 0xfe, 0xa4, 0x1f, 0xfc, 0x5b, 0xff,
    0xf8, 0x61, 0xfc, 0xff, 0xff, 0x42, 0xf, 0xfe,
    0x3d, 0xff, 0xfc, 0x30, 0xff, 0x9f, 0xff, 0xe6,
    0x41, 0xff, 0xc9, 0xbf, 0xff, 0x86, 0x1f, 0xfc,
    0x2b, 0xff, 0xf8, 0xd2, 0x1f, 0xfe, 0xc6, 0x9f,
    0xfa, 0x88, 0x7f, 0xf3, 0xc0,

    /* U+0063 "c" */
    0xf, 0xfe, 0x92, 0xaa, 0xfd, 0x52, 0x83, 0xff,
    0xcc, 0xdf, 0xff, 0xc6, 0x90, 0xff, 0xef, 0xbf,
    0xff, 0xce, 0x43, 0xff, 0xb5, 0x7f, 0xff, 0x4a,
    0xf, 0xfe, 0xb5, 0xff, 0xfd, 0x68, 0x3f, 0xfa,
    0x57, 0xff, 0xf6, 0x90, 0xff, 0xe7, 0xff, 0xff,
    0x78, 0x3f, 0xf9, 0x8f, 0xff, 0xf8, 0x10, 0xff,
    0xe4, 0xdf, 0xff, 0xe2, 0x83, 0xff, 0x8f, 0x7f,
    0xff, 0x94, 0x3f, 0xf8, 0xbf, 0xff, 0xe8, 0xf,
    0xfe, 0x1f, 0xff, 0xfa, 0x83, 0xff, 0x83, 0x7f,
    0xff, 0xac, 0x3f, 0xe7, 0xff, 0xfd, 0x90, 0x7f,
    0x3f, 0xff, 0xec, 0x83, 0xfd, 0xff, 0xfc, 0xd9,
    0x41, 0xe6, 0xff, 0xfe, 0x44, 0x1f, 0xeb, 0xff,
    0xf9, 0x50, 0x7f, 0xf0, 0xdf, 0xff, 0xe2, 0x41,
    0xff, 0x7f, 0xff, 0x26, 0xf, 0xfe, 0x3b, 0xff,
    0xfc, 0x18, 0x3f, 0xef, 0xff, 0xe4, 0xa1, 0xff,
    0xca, 0xbf, 0xfd, 0x7, 0xfc, 0xff, 0xff, 0x20,
    0x3f, 0xf9, 0xaf, 0xfe, 0x83, 0xff, 0x81, 0xff,
    0xfc, 0x80, 0xff, 0xe8, 0x7f, 0xa0, 0xff, 0xe0,
    0x3f, 0xff, 0xc7, 0xf, 0xfe, 0x97, 0xe8, 0x3f,
    0xf8, 0x37, 0xff, 0xf1, 0x90, 0xff, 0xe9, 0xf9,
    0xf, 0xfe, 0x17, 0xff, 0xf1, 0xa0, 0xff, 0xea,
    0xa1, 0xff, 0xc2, 0x7f, 0xff, 0x8c, 0x1f, 0xfe,
    0x5f, 0xff, 0xe3, 0x41, 0xff, 0xe5, 0xff, 0xfe,
    0x30, 0x7f, 0xf9, 0x5f, 0xff, 0xe2, 0xc1, 0xff,
    0xe5, 0xbf, 0xff, 0x8a, 0x87, 0xff, 0x97, 0xff,
    0xf8, 0xc1, 0xff, 0xe6, 0xff, 0xfe, 0x2c, 0x1f,
    0xfe, 0x6f, 0xff, 0xe2, 0xc1, 0xff, 0xe5, 0x7f,
    0xff, 0x8a, 0x87, 0xff, 0x95, 0xff, 0xfe, 0x28,
    0x7f, 0xf9, 0x9f, 0xff, 0xe2, 0x87, 0xff, 0x9a,
    0xff, 0xfe, 0x28, 0x7f, 0xf9, 0xaf, 0xff, 0xe2,
    0x87, 0xff, 0x9a, 0xff, 0xfe, 0x28, 0x7f, 0xf9,
    0xaf, 0xff, 0xe2, 0x87, 0xff, 0x9a, 0xff, 0xfe,
    0x28, 0x7f, 0xf9, 0xaf, 0xff, 0xe2, 0x87, 0xff,
    0x9a, 0xff, 0xfe, 0x28, 0x7f, 0xf9, 0x9f, 0xff,
    0xe2, 0x87, 0xff, 0x99, 0xff, 0xfe, 0x28, 0x7f,
    0xf9, 0x9f, 0xff, 0xe2, 0xa1, 0xff, 0xe6, 0xff,
    0xfe, 0x2c, 0x1f, 0xfe, 0x6f, 0xff, 0xe2, 0xc1,
    0xff, 0xe6, 0xff, 0xfe, 0x30, 0x7f, 0xf9, 0xaf,
    0xff, 0xe2, 0xa1, 0xff, 0xe5, 0x7f, 0xff, 0x8b,
    0x7, 0xff, 0x9b, 0xff, 0xf8, 0xc1, 0xff, 0xe6,
    0xff, 0xfe, 0x32, 0x1f, 0xfd, 0x75, 0x7, 0xff,
    0x2, 0xff, 0xfe, 0x30, 0x7f, 0xf5, 0xfd, 0x7,
    0xff, 0x3, 0xff, 0xf8, 0xd0, 0x7f, 0xf5, 0x7f,
    0x41, 0xff, 0x7f, 0xff, 0x1c, 0x3f, 0xfa, 0x9f,
    0xe8, 0x3f, 0xcf, 0xff, 0xf1, 0xc3, 0xff, 0xa5,
    0xff, 0xc1, 0xfe, 0xff, 0xfe, 0x40, 0x7f, 0xf4,
    0x3f, 0xfe, 0xf, 0xe7, 0xff, 0xf8, 0xf0, 0x7f,
    0xf3, 0xbf, 0xff, 0x82, 0x1f, 0xdf, 0xff, 0xc9,
    0xf, 0xfe, 0x5b, 0xff, 0xfc, 0x34, 0x3e, 0x7f,
    0xff, 0x92, 0x87, 0xff, 0x23, 0xff, 0xf8, 0xc8,
    0x7d, 0x7f, 0xff, 0x29, 0xf, 0xfe, 0x1b, 0xff,
    0xfc, 0x94, 0x3e, 0xff, 0xfe, 0x64, 0x87, 0xf3,
    0x7f, 0xff, 0x2c, 0x3f, 0x5f, 0xff, 0xee, 0x43,
    0xfa, 0xff, 0xff, 0x64, 0x1f, 0xf7, 0xff, 0xfb,
    0x3, 0xff, 0x83, 0xff, 0xfe, 0xa0, 0xff, 0xe1,
    0xff, 0xff, 0xa0, 0x3f, 0xf8, 0xbf, 0xff, 0xe6,
    0xf, 0xfe, 0x3f, 0xff, 0xf8, 0xe0, 0xff, 0xe4,
    0xdf, 0xff, 0xe0, 0x83, 0xff, 0x96, 0xff, 0xff,
    0x79, 0xf, 0xfe, 0x77, 0xff, 0xf6, 0xe0, 0xff,
    0xe8, 0xbf, 0xff, 0xd8, 0x43, 0xff, 0xa8, 0xff,
    0xff, 0x51, 0xf, 0xfe, 0xc3, 0x7f, 0xff, 0x3a,
    0x43, 0xff, 0xba, 0xdf, 0xff, 0xc8, 0x90, 0xff,
    0xf2, 0x2a, 0xff, 0xf5, 0x10, 0xff, 0xe5, 0x80,

    /* U+0064 "d" */
    0xf, 0xff, 0xf8, 0x7f, 0xfa, 0xef, 0xff, 0xe2,
    0x7, 0xff, 0xb6, 0xff, 0xfe, 0x20, 0x7f, 0xfb,
    0x6f, 0xff, 0xe2, 0x7, 0xff, 0xb6, 0xff, 0xfe,
    0x20, 0x7f, 0xfb, 0x6f, 0xff, 0xe2, 0x7, 0xff,
    0xb6, 0xff, 0xfe, 0x20, 0x7f, 0xfb, 0x6f, 0xff,
    0xe2, 0x7, 0xff, 0xb6, 0xff, 0xfe, 0x20, 0x7f,
    0xfb, 0x6f, 0xff, 0xe2, 0x7, 0xff, 0xb6, 0xff,
    0xfe, 0x20, 0x7f, 0xfb, 0x6f, 0xff, 0xe2, 0x7,
    0xff, 0xb6, 0xff, 0xfe, 0x20, 0x7f, 0xfb, 0x6f,
    0xff, 0xe2, 0x7, 0xff, 0xb6, 0xff, 0xfe, 0x20,
    0x7f, 0xfb, 0x6f, 0xff, 0xe2, 0x7, 0xff, 0xb6,
    0xff, 0xfe, 0x20, 0x7f, 0xfb, 0x6f, 0xff, 0xe2,
    0x7, 0xff, 0xb6, 0xff, 0xfe, 0x20, 0x7f, 0xfb,
    0x6f, 0xff, 0xe2, 0x7, 0xff, 0xb6, 0xff, 0xfe,
    0x20, 0x7f, 0xfb, 0x6f, 0xff, 0xe2, 0x7, 0xff,
    0xb6, 0xff, 0xfe, 0x20, 0x7f, 0xfb, 0x6f, 0xff,
    0xe2, 0x7, 0xff, 0xb6, 0xff, 0xfe, 0x20, 0x7f,
    0xfb, 0x6f, 0xff, 0xe2, 0x7, 0xff, 0xb6, 0xff,
    0xfe, 0x20, 0x7f, 0xfb, 0x6f, 0xff, 0xe2, 0x7,
    0xff, 0xb6, 0xff, 0xfe, 0x20, 0x7f, 0xfb, 0x6f,
    0xff, 0xe2, 0x7, 0xff, 0xb6, 0xff, 0xfe, 0x20,
    0x7f, 0xfb, 0x6f, 0xff, 0xe2, 0x7, 0xff, 0x45,
    0x54, 0xfd, 0x52, 0x83, 0xff, 0x87, 0x7f, 0xff,
    0x10, 0x3f, 0xf9, 0xad, 0xff, 0xfc, 0x58, 0x3f,
    0xf8, 0x17, 0xff, 0xf1, 0x3, 0xff, 0x97, 0x7f,
    0xff, 0x2d, 0xf, 0xeb, 0xff, 0xf8, 0x81, 0xff,
    0xc9, 0xbf, 0xff, 0x9e, 0x87, 0xd7, 0xff, 0xf1,
    0x3, 0xff, 0x8f, 0x7f, 0xff, 0x4d, 0xe, 0xbf,
    0xff, 0x88, 0x1f, 0xfc, 0x57, 0xff, 0xfa, 0xd0,
    0x6b, 0xff, 0xf8, 0x81, 0xff, 0xc4, 0xbf, 0xff,
    0xb2, 0x15, 0xff, 0xfc, 0x40, 0xff, 0xe1, 0xff,
    0xff, 0x70, 0x17, 0xff, 0xf1, 0x3, 0xff, 0x82,
    0xff, 0xff, 0x78, 0xbf, 0xff, 0x88, 0x1f, 0xfc,
    0x7, 0xff, 0xfe, 0x21, 0xff, 0x3f, 0xff, 0xf2,
    0xf, 0xf3, 0xff, 0xff, 0x30, 0xff, 0x7f, 0xff,
    0xd0, 0x3f, 0xbf, 0xff, 0xea, 0x1f, 0xaf, 0xff,
    0xfa, 0x87, 0xcf, 0xff, 0xf3, 0x64, 0x3c, 0xdf,
    0xff, 0xd3, 0xf, 0xbf, 0xff, 0x97, 0x7, 0xff,
    0xa, 0xff, 0xfe, 0x80, 0x7a, 0xff, 0xfe, 0x4c,
    0x1f, 0xfc, 0x6b, 0xff, 0xf9, 0xc1, 0xcf, 0xff,
    0xf2, 0x50, 0xff, 0xe4, 0xff, 0xff, 0x34, 0x3b,
    0xff, 0xf9, 0x21, 0xff, 0xcc, 0xff, 0xfe, 0x60,
    0x67, 0xff, 0xf9, 0x1, 0xff, 0xce, 0xbf, 0xff,
    0x94, 0x1a, 0xff, 0xfe, 0x38, 0x7f, 0xf4, 0x3f,
    0xff, 0x94, 0x1b, 0xff, 0xf8, 0xe1, 0xff, 0xd2,
    0xff, 0xfe, 0x48, 0x57, 0xff, 0xf1, 0xa0, 0xff,
    0xe9, 0x3f, 0xff, 0xc8, 0xb, 0xff, 0xf8, 0xe1,
    0xff, 0xd4, 0xff, 0xfe, 0x40, 0x5f, 0xff, 0xc6,
    0x43, 0xff, 0xab, 0xff, 0xfc, 0x70, 0x3f, 0xff,
    0xc6, 0xf, 0xfe, 0xb5, 0xff, 0xfc, 0x60, 0x5f,
    0xff, 0xc5, 0x43, 0xff, 0xac, 0xff, 0xff, 0x18,
    0x1f, 0xff, 0xc6, 0xf, 0xfe, 0xc7, 0xff, 0xf1,
    0x81, 0xff, 0xfc, 0x60, 0xff, 0xec, 0x5f, 0xff,
    0xc5, 0x1f, 0xff, 0xe2, 0xc1, 0xff, 0xd8, 0x7f,
    0xff, 0x8a, 0x3f, 0xff, 0xc5, 0x43, 0xff, 0xb3,
    0xff, 0xfc, 0x52, 0xff, 0xfe, 0x28, 0x7f, 0xf6,
    0xbf, 0xff, 0x8a, 0x5f, 0xff, 0xc5, 0xf, 0xfe,
    0xd5, 0xff, 0xfc, 0x43, 0xff, 0xf8, 0xc1, 0xff,
    0xda, 0xbf, 0xff, 0x88, 0x7f, 0xff, 0x18, 0x3f,
    0xfb, 0x4f, 0xff, 0xf1, 0xf, 0xff, 0xe3, 0x7,
    0xff, 0x69, 0xff, 0xfe, 0x21, 0xff, 0xfc, 0x58,
    0x3f, 0xfb, 0x4f, 0xff, 0xf1, 0xf, 0xff, 0xe2,
    0xc1, 0xff, 0xda, 0x7f, 0xff, 0x88, 0x7f, 0xff,
    0x16, 0xf, 0xfe, 0xd3, 0xff, 0xfc, 0x43, 0xff,
    0xf8, 0xc1, 0xff, 0xda, 0x7f, 0xff, 0x88, 0x7f,
    0xff, 0x18, 0x3f, 0xfb, 0x4f, 0xff, 0xf1, 0xf,
    0xff, 0xe3, 0x7, 0xff, 0x69, 0xff, 0xfe, 0x21,
    0x7f, 0xff, 0x14, 0x3f, 0xfb, 0x57, 0xff, 0xf1,
    0xb, 0xff, 0xf8, 0xa1, 0xff, 0xda, 0xbf, 0xff,
    0x88, 0x3f, 0xff, 0xc5, 0x43, 0xff, 0xb3, 0xff,
    0xfc, 0x51, 0xff, 0xfe, 0x2c, 0x1f, 0xfd, 0x9f,
    0xff, 0xe2, 0x83, 0xff, 0xf8, 0xc1, 0xff, 0xd8,
    0x7f, 0xff, 0x8a, 0xf, 0xff, 0xe3, 0x7, 0xff,
    0x62, 0xff, 0xfe, 0x28, 0x3f, 0xff, 0x8d, 0x7,
    0xff, 0x5f, 0xff, 0xf8, 0xc0, 0xbf, 0xff, 0x8c,
    0x1f, 0xfd, 0x6b, 0xff, 0xf8, 0xc0, 0x7f, 0xff,
    0x8c, 0x87, 0xff, 0x57, 0xff, 0xf8, 0xe1, 0x7f,
    0xff, 0x1c, 0x3f, 0xfa, 0x97, 0xff, 0xf1, 0xc2,
    0xbf, 0xff, 0x8d, 0x7, 0xff, 0x4f, 0xff, 0xf9,
    0x1, 0x3f, 0xff, 0xc7, 0xf, 0xfe, 0x97, 0xff,
    0xf2, 0x43, 0x7f, 0xff, 0x20, 0x3f, 0xfa, 0x17,
    0xff, 0xf2, 0x43, 0x5f, 0xff, 0xc8, 0xf, 0xfe,
    0x75, 0xff, 0xfc, 0xa0, 0xef, 0xff, 0xe4, 0x41,
    0xff, 0xcc, 0xbf, 0xff, 0x96, 0x1d, 0x7f, 0xff,
    0x24, 0x3f, 0xf9, 0x57, 0xff, 0xf3, 0x3, 0xdf,
    0xff, 0xca, 0x43, 0xff, 0x8c, 0xff, 0xff, 0x38,
    0x3d, 0x7f, 0xff, 0x2d, 0xf, 0xfe, 0x13, 0xff,
    0xfd, 0x0, 0xfb, 0xff, 0xf9, 0xb2, 0x1f, 0x9b,
    0xff, 0xfa, 0x41, 0xf3, 0xff, 0xff, 0x60, 0xfd,
    0x7f, 0xff, 0xd4, 0x3f, 0xbf, 0xff, 0xea, 0x1f,
    0xef, 0xff, 0xf2, 0x5f, 0xff, 0xc3, 0xf, 0xfb,
    0xff, 0xfc, 0x45, 0xff, 0xfc, 0x30, 0xff, 0x9f,
    0xff, 0xf0, 0x25, 0xff, 0xfc, 0x30, 0xff, 0xe0,
    0x3f, 0xff, 0xde, 0x41, 0x7f, 0xff, 0xc, 0x3f,
    0xf8, 0x5f, 0xff, 0xdc, 0x42, 0xbf, 0xff, 0x86,
    0x1f, 0xfc, 0x3f, 0xff, 0xed, 0x7, 0x5f, 0xff,
    0xc3, 0xf, 0xfe, 0x23, 0xff, 0xfd, 0x68, 0x3d,
    0x7f, 0xff, 0xc, 0x3f, 0xf8, 0xd7, 0xff, 0xf4,
    0xd0, 0xfa, 0xff, 0xfe, 0x18, 0x7f, 0xf1, 0xdf,
    0xff, 0xe8, 0x41, 0xfd, 0x7f, 0xff, 0xc, 0x3f,
    0xf9, 0x57, 0xff, 0xf2, 0xe0, 0xff, 0xaf, 0xff,
    0xe1, 0x87, 0xff, 0x31, 0xbf, 0xff, 0x8b, 0x21,
    0xff, 0xc1, 0xbf, 0xff, 0x86, 0x1f, 0xfd, 0x6,
    0x9f, 0xfa, 0x43, 0xff, 0xac,

    /* U+0065 "e" */
    0xf, 0xfe, 0x8a, 0xa9, 0xfe, 0xa9, 0xf, 0xff,
    0x4b, 0x7f, 0xff, 0x1a, 0x43, 0xff, 0xc7, 0x7f,
    0xff, 0x35, 0xf, 0xfe, 0xeb, 0xff, 0xfd, 0x28,
    0x3f, 0xfb, 0x2f, 0xff, 0xf5, 0x90, 0xff, 0xeb,
    0x5f, 0xff, 0xd9, 0xf, 0xfe, 0x9b, 0xff, 0xfd,
    0xc4, 0x3f, 0xfa, 0x17, 0xff, 0xf7, 0xa0, 0xff,
    0xe7, 0x7f, 0xff, 0x86, 0xf, 0xfe, 0x67, 0xff,
    0xf9, 0x3, 0xff, 0x95, 0xff, 0xfe, 0x60, 0xff,
    0xe4, 0x7f, 0xff, 0x9e, 0xf, 0xfe, 0x37, 0xff,
    0xfa, 0x50, 0xff, 0xe2, 0x5f, 0xff, 0xea, 0x43,
    0xff, 0x84, 0xff, 0xff, 0x2e, 0x43, 0xcd, 0xff,
    0xfc, 0xb0, 0xff, 0xe1, 0x7f, 0xff, 0x26, 0xf,
    0xfe, 0x15, 0xff, 0xfc, 0x88, 0x3f, 0xf8, 0x17,
    0xff, 0xf1, 0xe0, 0xff, 0xe3, 0x5f, 0xff, 0xc7,
    0xf, 0xf9, 0xff, 0xfe, 0x3a, 0x1f, 0xfc, 0x87,
    0xff, 0xf8, 0xd0, 0x7f, 0xbf, 0xff, 0x8e, 0x1f,
    0xfc, 0xb7, 0xff, 0xf8, 0xc8, 0x7e, 0x7f, 0xff,
    0x8c, 0x1f, 0xfc, 0xd7, 0xff, 0xf8, 0xc1, 0xfb,
    0xff, 0xf8, 0xc8, 0x7f, 0xf3, 0x9f, 0xff, 0xe2,
    0x87, 0xcf, 0xff, 0xf1, 0x60, 0xff, 0xe8, 0x5f,
    0xff, 0xc4, 0x83, 0xdf, 0xff, 0xc6, 0xf, 0xfe,
    0x97, 0xff, 0xf1, 0x43, 0xdf, 0xff, 0xc5, 0x43,
    0xff, 0xa5, 0x7f, 0xff, 0x11, 0xd, 0x7f, 0xff,
    0x12, 0xf, 0xfe, 0xa7, 0xff, 0xf1, 0x20, 0xdf,
    0xff, 0xc5, 0x43, 0xff, 0xa9, 0x7f, 0xff, 0x10,
    0x37, 0xff, 0xf1, 0x43, 0xff, 0xaa, 0xff, 0xff,
    0x10, 0x27, 0xff, 0xf8, 0x90, 0x7f, 0xf5, 0xbf,
    0xff, 0x88, 0x82, 0xff, 0xfe, 0x20, 0x7f, 0xf5,
    0xff, 0xff, 0x89, 0x3, 0xff, 0xf8, 0xa1, 0xff,
    0xd7, 0xff, 0xfe, 0x28, 0x3f, 0xff, 0x8a, 0x1f,
    0xfd, 0x7b, 0xff, 0xf8, 0x80, 0xff, 0xfe, 0x24,
    0x1f, 0xfd, 0x7b, 0xff, 0xf8, 0x83, 0xff, 0xff,
    0x95, 0x7f, 0xff, 0xe5, 0x5f, 0xff, 0xf9, 0x6f,
    0xff, 0xfc, 0xd3, 0xff, 0xff, 0x34, 0xff, 0xff,
    0xcd, 0x3f, 0xff, 0xf3, 0x4f, 0xff, 0xfc, 0xd3,
    0xff, 0xff, 0x34, 0xff, 0xff, 0xcc, 0xff, 0xff,
    0xe6, 0x7f, 0xff, 0xf3, 0x3f, 0xff, 0xc4, 0x97,
    0xff, 0xd0, 0xf, 0xff, 0xe2, 0x41, 0xff, 0xea,
    0xff, 0xfe, 0x24, 0x1f, 0xfe, 0xaf, 0xff, 0xe2,
    0x87, 0xff, 0xaa, 0xff, 0xfe, 0x20, 0x7f, 0xfa,
    0x9f, 0xff, 0xe2, 0x41, 0xff, 0xea, 0xff, 0xfe,
    0x28, 0x7f, 0xfa, 0xbf, 0xff, 0x8a, 0x87, 0xff,
    0xa6, 0xff, 0xfe, 0x24, 0x1f, 0xfe, 0xaf, 0xff,
    0xe2, 0x87, 0xff, 0xab, 0xff, 0xf8, 0xc1, 0xff,
    0xd8, 0xf0, 0x7f, 0xf0, 0xdf, 0xff, 0xe2, 0xc1,
    0xff, 0xd6, 0xbe, 0xf, 0xfe, 0x1f, 0xff, 0xf1,
    0x90, 0xff, 0xea, 0x7f, 0x83, 0xff, 0x84, 0xff,
    0xff, 0x19, 0xf, 0xfe, 0x97, 0xfe, 0xf, 0xfe,
    0x17, 0xff, 0xf1, 0xd0, 0xff, 0xe7, 0xdf, 0xfe,
    0xf, 0xfe, 0xb, 0xff, 0xfc, 0x78, 0x3f, 0xf9,
    0x8f, 0xff, 0xf0, 0x43, 0xff, 0x83, 0x7f, 0xff,
    0x21, 0xf, 0xfe, 0x43, 0x7f, 0xff, 0xc, 0x3f,
    0xf8, 0x3f, 0xff, 0xca, 0x83, 0xff, 0x88, 0xff,
    0xff, 0x1a, 0xf, 0xfe, 0x3, 0xff, 0xfc, 0xc9,
    0x60, 0xca, 0xa7, 0xff, 0xf2, 0xa0, 0xff, 0xe0,
    0x5f, 0xff, 0xee, 0x43, 0xff, 0x81, 0xff, 0xfe,
    0xd4, 0x3f, 0xf8, 0x5f, 0xff, 0xeb, 0x83, 0xff,
    0x89, 0xff, 0xfe, 0x98, 0x3f, 0xf8, 0xdf, 0xff,
    0xe7, 0x83, 0xff, 0x91, 0xff, 0xfe, 0x54, 0x3f,
    0xf9, 0x57, 0xff, 0xf8, 0x83, 0xff, 0x9a, 0xff,
    0xff, 0x7d, 0xf, 0xfe, 0x87, 0xff, 0xf7, 0x20,
    0xff, 0xe9, 0xbf, 0xff, 0xd8, 0x83, 0xff, 0xae,
    0xff, 0xff, 0x52, 0xf, 0xfe, 0xdb, 0x7f, 0xff,
    0x3d, 0xf, 0xff, 0x3, 0x7f, 0xff, 0x22, 0x43,
    0xff, 0xce, 0xd3, 0xff, 0xa8, 0xa0, 0xff, 0xe7,
    0x0,

    /* U+0066 "f" */
    0xf, 0xfe, 0x92, 0xa9, 0xfa, 0xa4, 0x3f, 0xfa,
    0xad, 0xff, 0xfc, 0x59, 0xf, 0xfe, 0x75, 0xff,
    0xfc, 0xb0, 0xff, 0xe5, 0xbf, 0xff, 0xcd, 0x43,
    0xff, 0x93, 0xff, 0xfc, 0xf0, 0xff, 0xe4, 0x3f,
    0xff, 0xd0, 0xf, 0xfe, 0x3b, 0xff, 0xfd, 0x10,
    0xff, 0xe3, 0x3f, 0xff, 0xd1, 0x83, 0xff, 0x8d,
    0xff, 0xfd, 0x24, 0x3f, 0xf8, 0xbf, 0xff, 0xd3,
    0x43, 0xff, 0x88, 0xff, 0xff, 0x4c, 0x3f, 0xf8,
    0xbf, 0xff, 0xd4, 0xf, 0xfe, 0x25, 0xff, 0xfd,
    0x40, 0xff, 0xe2, 0x7f, 0xff, 0x52, 0xf, 0xfe,
    0x1b, 0xff, 0xfd, 0x48, 0x3f, 0xf8, 0x77, 0xff,
    0xf2, 0x10, 0xf2, 0xaf, 0x21, 0xff, 0xc3, 0xff,
    0xfe, 0x3a, 0x1f, 0xfd, 0x7, 0xff, 0xf8, 0xc8,
    0x7f, 0xf4, 0x5f, 0xff, 0xe2, 0xc1, 0xff, 0xd2,
    0xbf, 0xff, 0x8a, 0x1f, 0xfd, 0x3f, 0xff, 0xe2,
    0xc1, 0xff, 0xd3, 0xff, 0xfe, 0x2a, 0x1f, 0xfd,
    0x3f, 0xff, 0xe2, 0x87, 0xff, 0x53, 0xff, 0xf8,
    0xa1, 0xff, 0xd4, 0xff, 0xfe, 0x28, 0x7f, 0xf5,
    0x3f, 0xff, 0x89, 0x7, 0xff, 0x53, 0xff, 0xf8,
    0x90, 0x7f, 0xf5, 0x3f, 0xff, 0x89, 0x7, 0xff,
    0x53, 0xff, 0xf8, 0x90, 0x7f, 0xf5, 0x3f, 0xff,
    0x89, 0x7, 0xff, 0x53, 0xff, 0xf8, 0x90, 0x7f,
    0xf5, 0x3f, 0xff, 0x89, 0x7, 0xff, 0x53, 0xff,
    0xf8, 0x90, 0x7f, 0xf5, 0x3f, 0xff, 0x89, 0x7,
    0xff, 0x25, 0x7f, 0xef, 0xff, 0xe2, 0x4b, 0xff,
    0xc3, 0xe, 0xbf, 0xff, 0xbe, 0x1d, 0x7f, 0xff,
    0x7c, 0x3a, 0xff, 0xfe, 0xf8, 0x75, 0xff, 0xfd,
    0xf0, 0xeb, 0xff, 0xfb, 0xe1, 0xd7, 0xff, 0xf7,
    0xc3, 0xaf, 0xff, 0xef, 0x87, 0x5f, 0xff, 0xdf,
    0xe, 0xbf, 0xff, 0xbe, 0x1d, 0x7f, 0xff, 0x7c,
    0x3a, 0xff, 0xfe, 0xf8, 0x75, 0xff, 0xfd, 0xf0,
    0xeb, 0xff, 0xfb, 0xe1, 0xd7, 0xff, 0xf7, 0xc3,
    0xff, 0x8b, 0xff, 0xfc, 0x48, 0x3f, 0xfa, 0x9f,
    0xff, 0xc4, 0x83, 0xff, 0xa9, 0xff, 0xfc, 0x48,
    0x3f, 0xfa, 0x9f, 0xff, 0xc4, 0x83, 0xff, 0xa9,
    0xff, 0xfc, 0x48, 0x3f, 0xfa, 0x9f, 0xff, 0xc4,
    0x83, 0xff, 0xa9, 0xff, 0xfc, 0x48, 0x3f, 0xfa,
    0x9f, 0xff, 0xc4, 0x83, 0xff, 0xa9, 0xff, 0xfc,
    0x48, 0x3f, 0xfa, 0x9f, 0xff, 0xc4, 0x83, 0xff,
    0xa9, 0xff, 0xfc, 0x48, 0x3f, 0xfa, 0x9f, 0xff,
    0xc4, 0x83, 0xff, 0xa9, 0xff, 0xfc, 0x48, 0x3f,
    0xfa, 0x9f, 0xff, 0xc4, 0x83, 0xff, 0xa9, 0xff,
    0xfc, 0x48, 0x3f, 0xfa, 0x9f, 0xff, 0xc4, 0x83,
    0xff, 0xa9, 0xff, 0xfc, 0x48, 0x3f, 0xfa, 0x9f,
    0xff, 0xc4, 0x83, 0xff, 0xa9, 0xff, 0xfc, 0x48,
    0x3f, 0xfa, 0x9f, 0xff, 0xc4, 0x83, 0xff, 0xa9,
    0xff, 0xfc, 0x48, 0x3f, 0xfa, 0x9f, 0xff, 0xc4,
    0x83, 0xff, 0xa9, 0xff, 0xfc, 0x48, 0x3f, 0xfa,
    0x9f, 0xff, 0xc4, 0x83, 0xff, 0xa9, 0xff, 0xfc,
    0x48, 0x3f, 0xfa, 0x9f, 0xff, 0xc4, 0x83, 0xff,
    0xa9, 0xff, 0xfc, 0x48, 0x3f, 0xfa, 0x9f, 0xff,
    0xc4, 0x83, 0xff, 0xa9, 0xff, 0xfc, 0x48, 0x3f,
    0xfa, 0x9f, 0xff, 0xc4, 0x83, 0xff, 0xa9, 0xff,
    0xfc, 0x48, 0x3f, 0xfa, 0x9f, 0xff, 0xc4, 0x83,
    0xff, 0xa9, 0xff, 0xfc, 0x48, 0x3f, 0xfa, 0x9f,
    0xff, 0xc4, 0x83, 0xff, 0xa9, 0xff, 0xfc, 0x48,
    0x3f, 0xfa, 0x9f, 0xff, 0xc4, 0x83, 0xff, 0xa9,
    0xff, 0xfc, 0x48, 0x3f, 0xfa, 0x9f, 0xff, 0xc4,
    0x83, 0xff, 0xa9, 0xff, 0xfc, 0x48, 0x3f, 0xfa,
    0x9f, 0xff, 0xc4, 0x83, 0xff, 0xa9, 0xff, 0xfc,
    0x48, 0x3f, 0xfa, 0x9f, 0xff, 0xc4, 0x83, 0xff,
    0xa9, 0xff, 0xfc, 0x48, 0x3f, 0xfa, 0x9f, 0xff,
    0xc4, 0x83, 0xff, 0xa9, 0xff, 0xfc, 0x48, 0x3f,
    0xfa, 0x9f, 0xff, 0xc4, 0x83, 0xff, 0xa9, 0xff,
    0xfc, 0x48, 0x3f, 0xfa, 0x9f, 0xff, 0xc4, 0x83,
    0xff, 0xa9, 0xff, 0xfc, 0x48, 0x3f, 0xfa, 0x9f,
    0xff, 0xc4, 0x83, 0xff, 0xa9, 0xff, 0xfc, 0x48,
    0x3f, 0xfa, 0x9f, 0xff, 0xc4, 0x83, 0xff, 0xa9,
    0xff, 0xfc, 0x48, 0x3f, 0xfa, 0x9f, 0xff, 0xc4,
    0x83, 0xff, 0xa9, 0xff, 0xfc, 0x48, 0x3f, 0xfa,
    0x9f, 0xff, 0xc4, 0x83, 0xff, 0xa9, 0xff, 0xfc,
    0x48, 0x3f, 0xfa, 0x9f, 0xff, 0xc4, 0x83, 0xff,
    0xa9, 0xff, 0xfc, 0x48, 0x3f, 0xfa, 0x95, 0xff,
    0xc4, 0x43, 0xff, 0x90,

    /* U+0067 "g" */
    0xf, 0xfe, 0x83, 0x57, 0xea, 0x90, 0xff, 0xf6,
    0xb7, 0xff, 0xf1, 0x24, 0x3f, 0xf8, 0x2b, 0xff,
    0xc4, 0xf, 0xfe, 0x4b, 0x7f, 0xff, 0x2a, 0xf,
    0xfb, 0xff, 0xf8, 0x81, 0xff, 0xc7, 0x7f, 0xff,
    0x9f, 0x7, 0xf7, 0xff, 0xf1, 0x3, 0xff, 0x8d,
    0xff, 0xfd, 0x34, 0x3e, 0xff, 0xfe, 0x20, 0x7f,
    0xf1, 0x2f, 0xff, 0xea, 0xc1, 0xef, 0xff, 0xe2,
    0x7, 0xff, 0xf, 0xff, 0xfb, 0x21, 0xdf, 0xff,
    0xc4, 0xf, 0xfe, 0xb, 0xff, 0xfd, 0xb4, 0x2f,
    0xff, 0xe2, 0x7, 0xff, 0x1, 0xff, 0xfe, 0xea,
    0xf, 0xff, 0xe2, 0x7, 0xfc, 0xff, 0xff, 0x7d,
    0x3f, 0xff, 0x88, 0x1f, 0xe7, 0xff, 0xfc, 0x27,
    0xff, 0xf1, 0x3, 0xf9, 0xff, 0xff, 0x98, 0x7f,
    0x7f, 0xff, 0xd0, 0x3f, 0x7f, 0xff, 0xd4, 0x3e,
    0xbf, 0xff, 0xea, 0x1e, 0x7f, 0xff, 0x9b, 0x21,
    0xe6, 0xff, 0xfe, 0x98, 0x7b, 0xff, 0xf9, 0x70,
    0x7f, 0xf0, 0xaf, 0xff, 0xe8, 0x7, 0x3f, 0xff,
    0xc9, 0x83, 0xff, 0x8d, 0x7f, 0xff, 0x38, 0x3b,
    0xff, 0xf9, 0x28, 0x7f, 0xf2, 0x1f, 0xff, 0xe6,
    0x86, 0xbf, 0xff, 0x90, 0x1f, 0xfc, 0xcf, 0xff,
    0xe6, 0x6, 0xff, 0xfe, 0x40, 0x7f, 0xf3, 0xbf,
    0xff, 0x96, 0x13, 0xff, 0xfc, 0x70, 0xff, 0xe8,
    0x7f, 0xff, 0x28, 0x2f, 0xff, 0xe3, 0xa1, 0xff,
    0xd0, 0x7f, 0xff, 0x92, 0x17, 0xff, 0xf1, 0xa0,
    0xff, 0xe9, 0x5f, 0xff, 0xc8, 0x5, 0xff, 0xfc,
    0x60, 0xff, 0xea, 0x7f, 0xff, 0x20, 0x1f, 0xff,
    0xc6, 0x83, 0xff, 0xa8, 0xff, 0xff, 0x1c, 0x1f,
    0xff, 0xc6, 0xf, 0xfe, 0xb7, 0xff, 0xf1, 0xc7,
    0xff, 0xf8, 0xb0, 0x7f, 0xf5, 0xaf, 0xff, 0xe3,
    0x17, 0xff, 0xf1, 0x50, 0xff, 0xeb, 0xff, 0xff,
    0x18, 0xff, 0xfe, 0x30, 0x7f, 0xf6, 0x3f, 0xff,
    0x8c, 0x7f, 0xff, 0x16, 0xf, 0xfe, 0xc5, 0xff,
    0xfc, 0x53, 0xff, 0xf8, 0xb0, 0x7f, 0xf6, 0x1f,
    0xff, 0xe2, 0xbf, 0xff, 0xc5, 0x43, 0xff, 0xb3,
    0xff, 0xfc, 0x57, 0xff, 0xf8, 0xa1, 0xff, 0xda,
    0xff, 0xfe, 0x2b, 0xff, 0xfc, 0x50, 0xff, 0xed,
    0x7f, 0xff, 0x16, 0xff, 0xfe, 0x28, 0x7f, 0xf6,
    0xaf, 0xff, 0xe2, 0x5f, 0xff, 0xc5, 0xf, 0xfe,
    0xd5, 0xff, 0xfc, 0x4b, 0xff, 0xf8, 0xa1, 0xff,
    0xda, 0xbf, 0xff, 0x89, 0x7f, 0xff, 0x14, 0x3f,
    0xfb, 0x57, 0xff, 0xf1, 0x2f, 0xff, 0xe2, 0x87,
    0xff, 0x6a, 0xff, 0xfe, 0x25, 0xff, 0xfc, 0x50,
    0xff, 0xed, 0x5f, 0xff, 0xc4, 0xbf, 0xff, 0x8a,
    0x1f, 0xfd, 0xab, 0xff, 0xf8, 0x8f, 0xff, 0xf1,
    0x43, 0xff, 0xb5, 0x7f, 0xff, 0x11, 0xff, 0xfe,
    0x2a, 0x1f, 0xfd, 0x9f, 0xff, 0xe2, 0xbf, 0xff,
    0xc5, 0x43, 0xff, 0xb3, 0xff, 0xfc, 0x53, 0xff,
    0xf8, 0xb0, 0x7f, 0xf6, 0x7f, 0xff, 0x8a, 0x7f,
    0xff, 0x18, 0x3f, 0xfb, 0xf, 0xff, 0xf1, 0x4f,
    0xff, 0xe3, 0x7, 0xff, 0x62, 0xff, 0xfe, 0x29,
    0x7f, 0xff, 0x16, 0xf, 0xfe, 0xbf, 0xff, 0xf1,
    0x87, 0xff, 0xf8, 0xc1, 0xff, 0xd6, 0x7f, 0xff,
    0x8c, 0xf, 0xff, 0xe3, 0x21, 0xff, 0xd5, 0xff,
    0xfe, 0x38, 0x3f, 0xff, 0x8e, 0x1f, 0xfd, 0x47,
    0xff, 0xf8, 0xe0, 0xbf, 0xff, 0x8c, 0x87, 0xff,
    0x4f, 0xff, 0xf9, 0x1, 0x7f, 0xff, 0x1c, 0x3f,
    0xfa, 0x57, 0xff, 0xf2, 0x2, 0xff, 0xfe, 0x3c,
    0x1f, 0xfd, 0x7, 0xff, 0xf9, 0x21, 0x3f, 0xff,
    0xc7, 0x83, 0xff, 0x9f, 0xff, 0xfc, 0xa0, 0xdf,
    0xff, 0xc8, 0x43, 0xff, 0x9b, 0xff, 0xfc, 0xb0,
    0xd7, 0xff, 0xf2, 0x20, 0xff, 0xe5, 0x3f, 0xff,
    0xcc, 0xe, 0xff, 0xfe, 0x4c, 0x1f, 0xfc, 0x8b,
    0xff, 0xf9, 0xa1, 0xcf, 0xff, 0xf2, 0x90, 0xff,
    0xe2, 0x3f, 0xff, 0xcf, 0xf, 0x7f, 0xff, 0x32,
    0x43, 0xfc, 0xdf, 0xff, 0xd1, 0xf, 0xbf, 0xff,
    0x9f, 0x5e, 0xff, 0xfe, 0xa8, 0x7d, 0x7f, 0xff,
    0xd4, 0x3f, 0x5f, 0xff, 0xf4, 0xf, 0xef, 0xff,
    0xfa, 0x7, 0xfb, 0xff, 0xfc, 0x37, 0xff, 0xf1,
    0x43, 0xfe, 0xff, 0xfe, 0xfc, 0x7f, 0xff, 0x14,
    0x3f, 0xf8, 0x1f, 0xff, 0xde, 0x7, 0xff, 0xf1,
    0x43, 0xff, 0x83, 0xff, 0xfd, 0xc0, 0xbf, 0xff,
    0x8a, 0x1f, 0xfc, 0x2b, 0xff, 0xfb, 0x21, 0xbf,
    0xff, 0x8a, 0x1f, 0xfc, 0x37, 0xff, 0xfa, 0xd0,
    0x77, 0xff, 0xf1, 0x43, 0xff, 0x8b, 0x7f, 0xff,
    0x4d, 0xf, 0x7f, 0xff, 0x14, 0x3f, 0xf8, 0xcf,
    0xff, 0xf4, 0x20, 0xfd, 0xff, 0xfc, 0x50, 0xff,
    0xe4, 0x37, 0xff, 0xf2, 0xe0, 0xff, 0x7f, 0xff,
    0x14, 0x3f, 0xf9, 0x6f, 0xff, 0xf1, 0xa4, 0x3f,
    0xf8, 0x1f, 0xff, 0xc5, 0xf, 0xfe, 0x72, 0xaf,
    0xfe, 0x94, 0x1f, 0xfc, 0x3f, 0xff, 0xe2, 0x41,
    0xff, 0xeb, 0x7f, 0xff, 0x89, 0x7, 0xff, 0xae,
    0xff, 0xfe, 0x24, 0x1f, 0xfe, 0xbb, 0xff, 0xf8,
    0x88, 0x7f, 0xfa, 0xff, 0xff, 0x8a, 0x87, 0xff,
    0xa9, 0xff, 0xfe, 0x28, 0x7f, 0xfa, 0xff, 0xff,
    0x8c, 0x1f, 0xfe, 0xbf, 0xff, 0xe2, 0xc1, 0xff,
    0xc0, 0xe0, 0xff, 0xee, 0x7f, 0xff, 0x19, 0xf,
    0xfa, 0xf8, 0x3f, 0xfb, 0x4f, 0xff, 0xf1, 0x83,
    0xfe, 0x7f, 0x90, 0xff, 0xec, 0x7f, 0xff, 0x1c,
    0x3f, 0xef, 0xfa, 0xf, 0xfe, 0xb7, 0xff, 0xf1,
    0xd0, 0xff, 0x7f, 0xf9, 0xf, 0xfe, 0x9f, 0xff,
    0xf2, 0x3, 0xfc, 0xff, 0xff, 0x1, 0xf, 0xfe,
    0x87, 0xff, 0xf2, 0x20, 0xff, 0x7f, 0xff, 0xd,
    0xf, 0xfe, 0x65, 0xff, 0xfc, 0x90, 0xff, 0x7f,
    0xff, 0x1a, 0x43, 0xff, 0x8f, 0x7f, 0xff, 0x2a,
    0xf, 0xe7, 0xff, 0xf9, 0x52, 0x1f, 0xf3, 0x7f,
    0xff, 0x34, 0x3f, 0xdf, 0xff, 0xf2, 0x43, 0xfb,
    0xff, 0xfe, 0x50, 0x7f, 0x5f, 0xff, 0xf2, 0xf,
    0xf3, 0xff, 0xff, 0x10, 0xff, 0xe0, 0xff, 0xff,
    0xbd, 0xf, 0xfe, 0x15, 0xff, 0xfe, 0xc4, 0x3f,
    0xf8, 0x8f, 0xff, 0xfa, 0x90, 0xff, 0xe3, 0xdf,
    0xff, 0xe7, 0xf, 0xfe, 0x53, 0xff, 0xfe, 0x48,
    0x3f, 0xf9, 0xaf, 0xff, 0xf8, 0x50, 0xff, 0xe8,
    0x3f, 0xff, 0xdd, 0x43, 0xff, 0xab, 0x7f, 0xff,
    0x61, 0xf, 0xfe, 0xcb, 0x7f, 0xff, 0x4a, 0x43,
    0xff, 0xbc, 0xd3, 0xff, 0xf9, 0x70, 0x7f, 0xf9,
    0xd5, 0x4f, 0xff, 0x51, 0x41, 0xff, 0xd0,

    /* U+0068 "h" */
    0xf, 0xff, 0xbd, 0xff, 0xfc, 0x40, 0xff, 0xf3,
    0x5f, 0xff, 0xc4, 0xf, 0xff, 0x35, 0xff, 0xfc,
    0x40, 0xff, 0xf3, 0x5f, 0xff, 0xc4, 0xf, 0xff,
    0x35, 0xff, 0xfc, 0x40, 0xff, 0xf3, 0x5f, 0xff,
    0xc4, 0xf, 0xff, 0x35, 0xff, 0xfc, 0x40, 0xff,
    0xf3, 0x5f, 0xff, 0xc4, 0xf, 0xff, 0x35, 0xff,
    0xfc, 0x40, 0xff, 0xf3, 0x5f, 0xff, 0xc4, 0xf,
    0xff, 0x35, 0xff, 0xfc, 0x40, 0xff, 0xf3, 0x5f,
    0xff, 0xc4, 0xf, 0xff, 0x35, 0xff, 0xfc, 0x40,
    0xff, 0xf3, 0x5f, 0xff, 0xc4, 0xf, 0xff, 0x35,
    0xff, 0xfc, 0x40, 0xff, 0xf3, 0x5f, 0xff, 0xc4,
    0xf, 0xff, 0x35, 0xff, 0xfc, 0x40, 0xff, 0xf3,
    0x5f, 0xff, 0xc4, 0xf, 0xff, 0x35, 0xff, 0xfc,
    0x40, 0xff, 0xf3, 0x5f, 0xff, 0xc4, 0xf, 0xff,
    0x35, 0xff, 0xfc, 0x40, 0xff, 0xf3, 0x5f, 0xff,
    0xc4, 0xf, 0xff, 0x35, 0xff, 0xfc, 0x40, 0xff,
    0xf3, 0x5f, 0xff, 0xc4, 0xf, 0xff, 0x35, 0xff,
    0xfc, 0x40, 0xff, 0xf3, 0x5f, 0xff, 0xc4, 0xf,
    0xff, 0x35, 0xff, 0xfc, 0x40, 0xff, 0xf3, 0x5f,
    0xff, 0xc4, 0xf, 0xff, 0x35, 0xff, 0xfc, 0x40,
    0xff, 0xf3, 0x5f, 0xff, 0xc4, 0xf, 0xff, 0x35,
    0xff, 0xfc, 0x40, 0xff, 0xf3, 0x5f, 0xff, 0xc4,
    0xf, 0xff, 0x35, 0xff, 0xfc, 0x40, 0xff, 0xe2,
    0x2a, 0xff, 0xd2, 0x1f, 0xfc, 0x9b, 0xff, 0xf8,
    0x81, 0xff, 0xc1, 0x6f, 0xff, 0xe2, 0x48, 0x7f,
    0xf1, 0x6f, 0xff, 0xe2, 0x7, 0xfc, 0xff, 0xff,
    0x29, 0xf, 0xfe, 0x1d, 0xff, 0xfc, 0x40, 0xfe,
    0x7f, 0xff, 0x9c, 0x87, 0xff, 0x6, 0xff, 0xfe,
    0x20, 0x7c, 0xff, 0xff, 0x46, 0xf, 0xfe, 0x5,
    0xff, 0xfc, 0x40, 0xf5, 0xff, 0xfd, 0x44, 0x3f,
    0xd7, 0xff, 0xf1, 0x3, 0xbf, 0xff, 0xae, 0x87,
    0xf5, 0xff, 0xfc, 0x40, 0xdf, 0xff, 0xd9, 0x43,
    0xf5, 0xff, 0xfc, 0x40, 0xbf, 0xff, 0xb6, 0x87,
    0xd7, 0xff, 0xf1, 0x1, 0xff, 0xfd, 0xd0, 0xfa,
    0xff, 0xfe, 0x23, 0xff, 0xfd, 0xf0, 0xf5, 0xff,
    0xff, 0x8, 0x3a, 0xff, 0xff, 0x88, 0x75, 0xff,
    0xff, 0x18, 0x35, 0xff, 0xff, 0x20, 0xd7, 0xff,
    0xf4, 0x64, 0x3e, 0x6f, 0xff, 0xe5, 0x41, 0x5f,
    0xff, 0xcf, 0x83, 0xff, 0x83, 0xff, 0xfc, 0xa0,
    0xaf, 0xff, 0xe6, 0xc1, 0xff, 0xc4, 0x7f, 0xff,
    0x90, 0x82, 0xff, 0xfe, 0x62, 0x1f, 0xfc, 0x67,
    0xff, 0xf8, 0xf0, 0x2f, 0xff, 0xe5, 0x87, 0xff,
    0x26, 0xff, 0xfe, 0x38, 0x2f, 0xff, 0xe5, 0x7,
    0xff, 0x2f, 0xff, 0xf8, 0xe0, 0xbf, 0xff, 0x92,
    0x1f, 0xfc, 0xc7, 0xff, 0xf8, 0xc9, 0x7f, 0xff,
    0x21, 0xf, 0xfe, 0x6f, 0xff, 0xf1, 0xa2, 0xff,
    0xfe, 0x3c, 0x1f, 0xfc, 0xe7, 0xff, 0xf8, 0xb1,
    0x7f, 0xff, 0x1c, 0x3f, 0xfa, 0x1f, 0xff, 0xc6,
    0x2f, 0xff, 0xe3, 0x41, 0xff, 0xd0, 0xbf, 0xff,
    0x8a, 0x5f, 0xff, 0xc6, 0xf, 0xfe, 0x8d, 0xff,
    0xfc, 0x52, 0xff, 0xfe, 0x2c, 0x1f, 0xfd, 0x17,
    0xff, 0xf8, 0xa5, 0xff, 0xfc, 0x54, 0x3f, 0xfa,
    0x5f, 0xff, 0xc5, 0x2f, 0xff, 0xe2, 0x87, 0xff,
    0x4f, 0xff, 0xf8, 0xa5, 0xff, 0xfc, 0x50, 0xff,
    0xe9, 0xff, 0xff, 0x14, 0xbf, 0xff, 0x89, 0x7,
    0xff, 0x4f, 0xff, 0xf8, 0xa5, 0xff, 0xfc, 0x44,
    0x3f, 0xfa, 0x7f, 0xff, 0xc5, 0x2f, 0xff, 0xe2,
    0x21, 0xff, 0xd3, 0xff, 0xfe, 0x29, 0x7f, 0xff,
    0x11, 0xf, 0xfe, 0x9f, 0xff, 0xf1, 0x4b, 0xff,
    0xf8, 0x81, 0xff, 0xd4, 0xff, 0xfe, 0x29, 0x7f,
    0xff, 0x10, 0x3f, 0xfa, 0x9f, 0xff, 0xc5, 0x2f,
    0xff, 0xe2, 0x7, 0xff, 0x53, 0xff, 0xf8, 0xa5,
    0xff, 0xfc, 0x40, 0xff, 0xea, 0x7f, 0xff, 0x14,
    0xbf, 0xff, 0x88, 0x1f, 0xfd, 0x4f, 0xff, 0xe2,
    0x97, 0xff, 0xf1, 0x3, 0xff, 0xa9, 0xff, 0xfc,
    0x52, 0xff, 0xfe, 0x20, 0x7f, 0xf5, 0x3f, 0xff,
    0x8a, 0x5f, 0xff, 0xc4, 0xf, 0xfe, 0xa7, 0xff,
    0xf1, 0x4b, 0xff, 0xf8, 0x81, 0xff, 0xd4, 0xff,
    0xfe, 0x29, 0x7f, 0xff, 0x10, 0x3f, 0xfa, 0x9f,
    0xff, 0xc5, 0x2f, 0xff, 0xe2, 0x7, 0xff, 0x53,
    0xff, 0xf8, 0xa5, 0xff, 0xfc, 0x40, 0xff, 0xea,
    0x7f, 0xff, 0x14, 0xbf, 0xff, 0x88, 0x1f, 0xfd,
    0x4f, 0xff, 0xe2, 0x97, 0xff, 0xf1, 0x3, 0xff,
    0xa9, 0xff, 0xfc, 0x52, 0xff, 0xfe, 0x20, 0x7f,
    0xf5, 0x3f, 0xff, 0x8a, 0x5f, 0xff, 0xc4, 0xf,
    0xfe, 0xa7, 0xff, 0xf1, 0x4b, 0xff, 0xf8, 0x81,
    0xff, 0xd4, 0xff, 0xfe, 0x29, 0x7f, 0xff, 0x10,
    0x3f, 0xfa, 0x9f, 0xff, 0xc5, 0x2f, 0xff, 0xe2,
    0x7, 0xff, 0x53, 0xff, 0xf8, 0xa5, 0xff, 0xfc,
    0x40, 0xff, 0xea, 0x7f, 0xff, 0x14, 0xbf, 0xff,
    0x88, 0x1f, 0xfd, 0x4f, 0xff, 0xe2, 0x97, 0xff,
    0xf1, 0x3, 0xff, 0xa9, 0xff, 0xfc, 0x52, 0xff,
    0xfe, 0x20, 0x7f, 0xf5, 0x3f, 0xff, 0x8a, 0x5f,
    0xff, 0xc4, 0xf, 0xfe, 0xa7, 0xff, 0xf1, 0x4b,
    0xff, 0xf8, 0x81, 0xff, 0xd4, 0xff, 0xfe, 0x29,
    0x7f, 0xff, 0x10, 0x3f, 0xfa, 0x9f, 0xff, 0xc5,
    0x2f, 0xff, 0xe2, 0x7, 0xff, 0x53, 0xff, 0xf8,
    0xa5, 0xff, 0xfc, 0x40, 0xff, 0xea, 0x7f, 0xff,
    0x14, 0xbf, 0xff, 0x88, 0x1f, 0xfd, 0x4f, 0xff,
    0xe2, 0x97, 0xff, 0xf1, 0x3, 0xff, 0xa9, 0xff,
    0xfc, 0x52, 0xff, 0xfe, 0x20, 0x7f, 0xf5, 0x3f,
    0xff, 0x8a, 0x5f, 0xff, 0xc4, 0xf, 0xfe, 0xa7,
    0xff, 0xf1, 0x4b, 0xff, 0xf8, 0x81, 0xff, 0xd4,
    0xff, 0xfe, 0x29, 0x7f, 0xff, 0x10, 0x3f, 0xfa,
    0x9f, 0xff, 0xc5, 0x2f, 0xff, 0xe2, 0x7, 0xff,
    0x53, 0xff, 0xf8, 0xa5, 0xff, 0xfc, 0x40, 0xff,
    0xea, 0x7f, 0xff, 0x14, 0xbf, 0xff, 0x88, 0x1f,
    0xfd, 0x4f, 0xff, 0xe2, 0x97, 0xff, 0xf1, 0x3,
    0xff, 0xa9, 0xff, 0xfc, 0x52, 0xff, 0xfe, 0x20,
    0x7f, 0xf5, 0x3f, 0xff, 0x8a, 0x5f, 0xff, 0xc4,
    0xf, 0xfe, 0xa7, 0xff, 0xf1, 0x40,

    /* U+0069 "i" */
    0xf, 0x9b, 0xf9, 0xf, 0xfe, 0x3, 0xff, 0xe8,
    0x3f, 0xaf, 0xff, 0xe0, 0x87, 0xd7, 0xff, 0xf0,
    0xc3, 0x9f, 0xff, 0xe2, 0x86, 0xff, 0xfe, 0x34,
    0xb, 0xff, 0xf8, 0xe0, 0xff, 0xfe, 0x42, 0x7f,
    0xff, 0x22, 0x3f, 0xff, 0x91, 0x3f, 0xff, 0xc9,
    0x3f, 0xff, 0x91, 0x1f, 0xff, 0xc8, 0x8f, 0xff,
    0xe4, 0x25, 0xff, 0xfc, 0x70, 0xbf, 0xff, 0x8d,
    0x4, 0xff, 0xff, 0x14, 0x3a, 0xff, 0xfe, 0x18,
    0x7d, 0x7f, 0xff, 0x4, 0x3f, 0x9f, 0xff, 0x41,
    0xff, 0xc0, 0x6f, 0xe4, 0x3f, 0xff, 0xe1, 0xff,
    0xff, 0xf, 0xff, 0xf8, 0x7f, 0xf3, 0xff, 0xff,
    0x89, 0x7, 0x7f, 0xff, 0x12, 0xe, 0xff, 0xfe,
    0x24, 0x1d, 0xff, 0xfc, 0x48, 0x3b, 0xff, 0xf8,
    0x90, 0x77, 0xff, 0xf1, 0x20, 0xef, 0xff, 0xe2,
    0x41, 0xdf, 0xff, 0xc4, 0x83, 0xbf, 0xff, 0x89,
    0x7, 0x7f, 0xff, 0x12, 0xe, 0xff, 0xfe, 0x24,
    0x1d, 0xff, 0xfc, 0x48, 0x3b, 0xff, 0xf8, 0x90,
    0x77, 0xff, 0xf1, 0x20, 0xef, 0xff, 0xe2, 0x41,
    0xdf, 0xff, 0xc4, 0x83, 0xbf, 0xff, 0x89, 0x7,
    0x7f, 0xff, 0x12, 0xe, 0xff, 0xfe, 0x24, 0x1d,
    0xff, 0xfc, 0x48, 0x3b, 0xff, 0xf8, 0x90, 0x77,
    0xff, 0xf1, 0x20, 0xef, 0xff, 0xe2, 0x41, 0xdf,
    0xff, 0xc4, 0x83, 0xbf, 0xff, 0x89, 0x7, 0x7f,
    0xff, 0x12, 0xe, 0xff, 0xfe, 0x24, 0x1d, 0xff,
    0xfc, 0x48, 0x3b, 0xff, 0xf8, 0x90, 0x77, 0xff,
    0xf1, 0x20, 0xef, 0xff, 0xe2, 0x41, 0xdf, 0xff,
    0xc4, 0x83, 0xbf, 0xff, 0x89, 0x7, 0x7f, 0xff,
    0x12, 0xe, 0xff, 0xfe, 0x24, 0x1d, 0xff, 0xfc,
    0x48, 0x3b, 0xff, 0xf8, 0x90, 0x77, 0xff, 0xf1,
    0x20, 0xef, 0xff, 0xe2, 0x41, 0xdf, 0xff, 0xc4,
    0x83, 0xbf, 0xff, 0x89, 0x7, 0x7f, 0xff, 0x12,
    0xe, 0xff, 0xfe, 0x24, 0x1d, 0xff, 0xfc, 0x48,
    0x3b, 0xff, 0xf8, 0x90, 0x77, 0xff, 0xf1, 0x20,
    0xef, 0xff, 0xe2, 0x41, 0xdf, 0xff, 0xc4, 0x83,
    0xbf, 0xff, 0x89, 0x7, 0x7f, 0xff, 0x12, 0xe,
    0xff, 0xfe, 0x24, 0x1d, 0xff, 0xfc, 0x48, 0x3b,
    0xff, 0xf8, 0x90, 0x77, 0xff, 0xf1, 0x20, 0xef,
    0xff, 0xe2, 0x41, 0xdf, 0xff, 0xc4, 0x83, 0xbf,
    0xff, 0x89, 0x7, 0x7f, 0xff, 0x12, 0xe, 0xff,
    0xfe, 0x24, 0x1d, 0xff, 0xfc, 0x48, 0x3b, 0xff,
    0xf8, 0x90, 0x77, 0xff, 0xf1, 0x20, 0xef, 0xff,
    0xe2, 0x41, 0xdf, 0xff, 0xc4, 0x83, 0xbf, 0xff,
    0x89, 0x7, 0x7f, 0xff, 0x12, 0xe, 0xff, 0xfe,
    0x24, 0x1d, 0xff, 0xfc, 0x48, 0x3b, 0xff, 0xf8,
    0x90, 0x77, 0xff, 0xf1, 0x20, 0xef, 0xff, 0xe2,
    0x41, 0xdf, 0xff, 0xc4, 0x83, 0xbf, 0xff, 0x89,
    0x7, 0x7f, 0xff, 0x12, 0x0,

    /* U+006A "j" */
    0xf, 0xfe, 0x5b, 0x7f, 0x41, 0xff, 0xd0, 0x7f,
    0xfd, 0x7, 0xff, 0x36, 0xff, 0xfe, 0xa, 0x1f,
    0xfc, 0xab, 0xff, 0xf8, 0x68, 0x7f, 0xf2, 0x1f,
    0xff, 0xe2, 0x87, 0xff, 0x23, 0xff, 0xf8, 0xd0,
    0x7f, 0xf1, 0x9f, 0xff, 0xe3, 0x87, 0xff, 0x1a,
    0xff, 0xfe, 0x3a, 0x1f, 0xfc, 0x5f, 0xff, 0xe4,
    0x41, 0xff, 0xc5, 0xff, 0xfe, 0x48, 0x7f, 0xf1,
    0x7f, 0xff, 0x92, 0x1f, 0xfc, 0x5f, 0xff, 0xe4,
    0x87, 0xff, 0x17, 0xff, 0xf9, 0x21, 0xff, 0xc5,
    0xff, 0xfe, 0x44, 0x1f, 0xfc, 0x57, 0xff, 0xf8,
    0xe1, 0xff, 0xc7, 0xff, 0xfe, 0x34, 0x1f, 0xfc,
    0x77, 0xff, 0xf8, 0xa1, 0xff, 0xc9, 0xbf, 0xff,
    0x86, 0x87, 0xff, 0x29, 0xff, 0xfe, 0xa, 0x1f,
    0xfc, 0xc7, 0xff, 0xd0, 0x7f, 0xf4, 0x1b, 0xfa,
    0xf, 0xff, 0xf8, 0x7f, 0xff, 0xc3, 0xff, 0xfe,
    0x1f, 0xff, 0xf0, 0xff, 0xff, 0x87, 0xff, 0x4d,
    0x7f, 0xf8, 0xa1, 0xff, 0xc9, 0xff, 0xfe, 0x28,
    0x7f, 0xf2, 0x7f, 0xff, 0x8a, 0x1f, 0xfc, 0x9f,
    0xff, 0xe2, 0x87, 0xff, 0x27, 0xff, 0xf8, 0xa1,
    0xff, 0xc9, 0xff, 0xfe, 0x28, 0x7f, 0xf2, 0x7f,
    0xff, 0x8a, 0x1f, 0xfc, 0x9f, 0xff, 0xe2, 0x87,
    0xff, 0x27, 0xff, 0xf8, 0xa1, 0xff, 0xc9, 0xff,
    0xfe, 0x28, 0x7f, 0xf2, 0x7f, 0xff, 0x8a, 0x1f,
    0xfc, 0x9f, 0xff, 0xe2, 0x87, 0xff, 0x27, 0xff,
    0xf8, 0xa1, 0xff, 0xc9, 0xff, 0xfe, 0x28, 0x7f,
    0xf2, 0x7f, 0xff, 0x8a, 0x1f, 0xfc, 0x9f, 0xff,
    0xe2, 0x87, 0xff, 0x27, 0xff, 0xf8, 0xa1, 0xff,
    0xc9, 0xff, 0xfe, 0x28, 0x7f, 0xf2, 0x7f, 0xff,
    0x8a, 0x1f, 0xfc, 0x9f, 0xff, 0xe2, 0x87, 0xff,
    0x27, 0xff, 0xf8, 0xa1, 0xff, 0xc9, 0xff, 0xfe,
    0x28, 0x7f, 0xf2, 0x7f, 0xff, 0x8a, 0x1f, 0xfc,
    0x9f, 0xff, 0xe2, 0x87, 0xff, 0x27, 0xff, 0xf8,
    0xa1, 0xff, 0xc9, 0xff, 0xfe, 0x28, 0x7f, 0xf2,
    0x7f, 0xff, 0x8a, 0x1f, 0xfc, 0x9f, 0xff, 0xe2,
    0x87, 0xff, 0x27, 0xff, 0xf8, 0xa1, 0xff, 0xc9,
    0xff, 0xfe, 0x28, 0x7f, 0xf2, 0x7f, 0xff, 0x8a,
    0x1f, 0xfc, 0x9f, 0xff, 0xe2, 0x87, 0xff, 0x27,
    0xff, 0xf8, 0xa1, 0xff, 0xc9, 0xff, 0xfe, 0x28,
    0x7f, 0xf2, 0x7f, 0xff, 0x8a, 0x1f, 0xfc, 0x9f,
    0xff, 0xe2, 0x87, 0xff, 0x27, 0xff, 0xf8, 0xa1,
    0xff, 0xc9, 0xff, 0xfe, 0x28, 0x7f, 0xf2, 0x7f,
    0xff, 0x8a, 0x1f, 0xfc, 0x9f, 0xff, 0xe2, 0x87,
    0xff, 0x27, 0xff, 0xf8, 0xa1, 0xff, 0xc9, 0xff,
    0xfe, 0x28, 0x7f, 0xf2, 0x7f, 0xff, 0x8a, 0x1f,
    0xfc, 0x9f, 0xff, 0xe2, 0x87, 0xff, 0x27, 0xff,
    0xf8, 0xa1, 0xff, 0xc9, 0xff, 0xfe, 0x28, 0x7f,
    0xf2, 0x7f, 0xff, 0x8a, 0x1f, 0xfc, 0x9f, 0xff,
    0xe2, 0x87, 0xff, 0x27, 0xff, 0xf8, 0xa1, 0xff,
    0xc9, 0xff, 0xfe, 0x28, 0x7f, 0xf2, 0x7f, 0xff,
    0x8a, 0x1f, 0xfc, 0x9f, 0xff, 0xe2, 0x87, 0xff,
    0x27, 0xff, 0xf8, 0xa1, 0xff, 0xc9, 0xff, 0xfe,
    0x28, 0x7f, 0xf2, 0x7f, 0xff, 0x8a, 0x1f, 0xfc,
    0x9f, 0xff, 0xe2, 0x87, 0xff, 0x27, 0xff, 0xf8,
    0xa1, 0xff, 0xc9, 0xff, 0xfe, 0x28, 0x7f, 0xf2,
    0x7f, 0xff, 0x8a, 0x1f, 0xfc, 0x9f, 0xff, 0xe2,
    0x87, 0xff, 0x27, 0xff, 0xf8, 0xa1, 0xff, 0xc9,
    0xff, 0xfe, 0x28, 0x7f, 0xf2, 0x7f, 0xff, 0x8a,
    0x1f, 0xfc, 0x9f, 0xff, 0xe2, 0x87, 0xff, 0x27,
    0xff, 0xf8, 0xa1, 0xff, 0xc9, 0xff, 0xfe, 0x28,
    0x7f, 0xf2, 0x7f, 0xff, 0x8a, 0x1f, 0xfc, 0x9f,
    0xff, 0xe2, 0x87, 0xff, 0x27, 0xff, 0xf8, 0xa1,
    0xff, 0xc9, 0xff, 0xfe, 0x28, 0x7f, 0xf2, 0x7f,
    0xff, 0x8a, 0x1f, 0xfc, 0x9f, 0xff, 0xe2, 0x87,
    0xff, 0x27, 0xff, 0xf8, 0xa1, 0xff, 0xc9, 0xff,
    0xfe, 0x28, 0x7f, 0xf2, 0x7f, 0xff, 0x8a, 0x1f,
    0xfc, 0x9f, 0xff, 0xe2, 0x87, 0xff, 0x27, 0xff,
    0xf8, 0xa1, 0xff, 0xc9, 0xff, 0xfe, 0x28, 0x7f,
    0xf2, 0x7f, 0xff, 0x8a, 0x1f, 0xfc, 0x9f, 0xff,
    0xe2, 0x87, 0xff, 0x27, 0xff, 0xf8, 0xa1, 0xff,
    0xc9, 0xff, 0xfe, 0x28, 0x7f, 0xf2, 0x7f, 0xff,
    0x8a, 0x1f, 0xfc, 0x9f, 0xff, 0xe2, 0x87, 0xff,
    0x21, 0xff, 0xfe, 0x28, 0x7f, 0xf2, 0x2f, 0xff,
    0xe2, 0x41, 0xff, 0xc8, 0xff, 0xfe, 0x2c, 0x1f,
    0xfc, 0x7b, 0xff, 0xf8, 0xa8, 0x7f, 0xf1, 0x9f,
    0xff, 0xe3, 0x7, 0xff, 0x19, 0xff, 0xfe, 0x38,
    0x73, 0xc8, 0x7c, 0xff, 0xff, 0x22, 0xe, 0x7f,
    0xff, 0xa6, 0x87, 0x5f, 0xff, 0xd3, 0xf, 0x5f,
    0xff, 0xd2, 0x43, 0xdf, 0xff, 0xd3, 0xf, 0xbf,
    0xff, 0xa4, 0x87, 0xdf, 0xff, 0xd2, 0xf, 0x9f,
    0xff, 0xe8, 0x87, 0xe7, 0xff, 0xfa, 0x8, 0x7e,
    0xbf, 0xff, 0x9e, 0x87, 0xf7, 0xff, 0xf3, 0xd0,
    0xff, 0x7f, 0xff, 0x39, 0xf, 0xfb, 0xff, 0xf9,
    0x90, 0x7f, 0xf0, 0x7f, 0xff, 0x96, 0x87, 0xff,
    0xd, 0xff, 0xfe, 0x34, 0x1f, 0xfc, 0x95, 0x5f,
    0xfa, 0x88, 0x7f, 0xf1, 0xc0,

    /* U+006B "k" */
    0xf, 0xff, 0xd5, 0xff, 0xfc, 0x40, 0xff, 0xf4,
    0xdf, 0xff, 0xc4, 0xf, 0xff, 0x4d, 0xff, 0xfc,
    0x40, 0xff, 0xf4, 0xdf, 0xff, 0xc4, 0xf, 0xff,
    0x4d, 0xff, 0xfc, 0x40, 0xff, 0xf4, 0xdf, 0xff,
    0xc4, 0xf, 0xff, 0x4d, 0xff, 0xfc, 0x40, 0xff,
    0xf4, 0xdf, 0xff, 0xc4, 0xf, 0xff, 0x4d, 0xff,
    0xfc, 0x40, 0xff, 0xf4, 0xdf, 0xff, 0xc4, 0xf,
    0xff, 0x4d, 0xff, 0xfc, 0x40, 0xff, 0xf4, 0xdf,
    0xff, 0xc4, 0xf, 0xff, 0x4d, 0xff, 0xfc, 0x40,
    0xff, 0xf4, 0xdf, 0xff, 0xc4, 0xf, 0xff, 0x4d,
    0xff, 0xfc, 0x40, 0xff, 0xf4, 0xdf, 0xff, 0xc4,
    0xf, 0xff, 0x4d, 0xff, 0xfc, 0x40, 0xff, 0xf4,
    0xdf, 0xff, 0xc4, 0xf, 0xff, 0x4d, 0xff, 0xfc,
    0x40, 0xff, 0xf4, 0xdf, 0xff, 0xc4, 0xf, 0xff,
    0x4d, 0xff, 0xfc, 0x40, 0xff, 0xf4, 0xdf, 0xff,
    0xc4, 0xf, 0xff, 0x4d, 0xff, 0xfc, 0x40, 0xff,
    0xf4, 0xdf, 0xff, 0xc4, 0xf, 0xff, 0x4d, 0xff,
    0xfc, 0x40, 0xff, 0xf4, 0xdf, 0xff, 0xc4, 0xf,
    0xff, 0x4d, 0xff, 0xfc, 0x40, 0xff, 0xf4, 0xdf,
    0xff, 0xc4, 0xf, 0xff, 0x4d, 0xff, 0xfc, 0x40,
    0xff, 0xf4, 0xdf, 0xff, 0xc4, 0xf, 0xff, 0x4d,
    0xff, 0xfc, 0x40, 0xff, 0xf4, 0xdf, 0xff, 0xc4,
    0xf, 0xff, 0x4d, 0xff, 0xfc, 0x40, 0xff, 0xf4,
    0xdf, 0xff, 0xc4, 0xf, 0xfe, 0x7b, 0xff, 0xfc,
    0x90, 0xd7, 0xff, 0xf1, 0x3, 0xff, 0x9c, 0xff,
    0xff, 0x24, 0x3a, 0xff, 0xfe, 0x20, 0x7f, 0xf3,
    0x5f, 0xff, 0xe4, 0x87, 0xaf, 0xff, 0xe2, 0x7,
    0xff, 0x31, 0xff, 0xfe, 0x48, 0x7d, 0x7f, 0xff,
    0x10, 0x3f, 0xf9, 0x6f, 0xff, 0xf2, 0x43, 0xf5,
    0xff, 0xfc, 0x40, 0xff, 0xe5, 0x3f, 0xff, 0xc9,
    0xf, 0xeb, 0xff, 0xf8, 0x81, 0xff, 0xc9, 0x7f,
    0xff, 0x92, 0x1f, 0xeb, 0xff, 0xf8, 0x81, 0xff,
    0xc8, 0x7f, 0xff, 0x92, 0x1f, 0xf5, 0xff, 0xfc,
    0x40, 0xff, 0xe3, 0xbf, 0xff, 0xc9, 0xf, 0xfe,
    0x5, 0xff, 0xfc, 0x40, 0xff, 0xe3, 0x3f, 0xff,
    0xc9, 0xf, 0xfe, 0xd, 0xff, 0xfc, 0x40, 0xff,
    0xe2, 0xbf, 0xff, 0xc9, 0xf, 0xfe, 0x15, 0xff,
    0xfc, 0x40, 0xff, 0xe2, 0x3f, 0xff, 0xc8, 0x83,
    0xff, 0x87, 0x7f, 0xff, 0x10, 0x3f, 0xf8, 0x6f,
    0xff, 0xf2, 0x20, 0xff, 0xe2, 0x5f, 0xff, 0xc4,
    0xf, 0xfe, 0x13, 0xff, 0xfc, 0x88, 0x3f, 0xf8,
    0xb7, 0xff, 0xf1, 0x3, 0xff, 0x82, 0xff, 0xff,
    0x22, 0xf, 0xfe, 0x35, 0xff, 0xfc, 0x40, 0xff,
    0xe0, 0x5f, 0xff, 0xc8, 0x83, 0xff, 0x8f, 0x7f,
    0xff, 0x10, 0x3f, 0xeb, 0xff, 0xf9, 0x10, 0x7f,
    0xf2, 0x2f, 0xff, 0xe2, 0x7, 0xfa, 0xff, 0xfe,
    0x44, 0x1f, 0xfc, 0x9b, 0xff, 0xf8, 0x81, 0xfd,
    0x7f, 0xff, 0x21, 0xf, 0xfe, 0x55, 0xff, 0xfc,
    0x40, 0xfd, 0x7f, 0xff, 0x21, 0xf, 0xfe, 0x5d,
    0xff, 0xfc, 0x40, 0xfa, 0xff, 0xfe, 0x42, 0x1f,
    0xfc, 0xcb, 0xff, 0xf8, 0x81, 0xeb, 0xff, 0xf9,
    0x8, 0x7f, 0xf3, 0x6f, 0xff, 0xe2, 0x7, 0x5f,
    0xff, 0xc8, 0x43, 0xff, 0x9d, 0x7f, 0xff, 0x10,
    0x35, 0xff, 0xfc, 0x84, 0x3f, 0xf9, 0xf7, 0xff,
    0xf1, 0x2, 0xbf, 0xff, 0x90, 0x87, 0xff, 0x42,
    0xff, 0xfe, 0x20, 0x2f, 0xff, 0xe4, 0x21, 0xff,
    0xd1, 0xbf, 0xff, 0x88, 0x5f, 0xff, 0xc8, 0xf,
    0xfe, 0x9d, 0xff, 0xfd, 0x90, 0xff, 0xea, 0x5f,
    0xff, 0xd8, 0xf, 0xfe, 0xad, 0xff, 0xfd, 0x80,
    0xff, 0xea, 0xdf, 0xff, 0xd9, 0xf, 0xfe, 0xa5,
    0xff, 0xfd, 0x98, 0x3f, 0xfa, 0x77, 0xff, 0xf6,
    0x90, 0xff, 0xe9, 0x5f, 0xff, 0xdb, 0xf, 0xfe,
    0x95, 0xff, 0xfd, 0xb8, 0x3f, 0xfa, 0x37, 0xff,
    0xf7, 0x10, 0xff, 0xe8, 0x5f, 0xff, 0xdd, 0xf,
    0xfe, 0x85, 0xff, 0xfd, 0xe0, 0xff, 0xe7, 0xdf,
    0xff, 0xde, 0x83, 0xff, 0x9d, 0x7f, 0xff, 0x32,
    0xff, 0xfe, 0x32, 0x1f, 0xfc, 0xdb, 0xff, 0xf9,
    0x71, 0x7f, 0xff, 0x18, 0x3f, 0xf9, 0xb7, 0xff,
    0xf2, 0xa0, 0xbf, 0xff, 0x8e, 0x1f, 0xfc, 0xcb,
    0xff, 0xf9, 0x30, 0x77, 0xff, 0xf1, 0xa0, 0xff,
    0xe5, 0xdf, 0xff, 0xc8, 0x43, 0xcf, 0xff, 0xf1,
    0x90, 0xff, 0xe5, 0x5f, 0xff, 0xc7, 0x43, 0xf7,
    0xff, 0xf1, 0xc3, 0xff, 0x95, 0x7f, 0xff, 0x19,
    0xf, 0xf7, 0xff, 0xf1, 0xc3, 0xff, 0x93, 0x7f,
    0xff, 0x15, 0xf, 0xf9, 0xff, 0xfe, 0x34, 0x1f,
    0xfc, 0x8b, 0xff, 0xf8, 0x88, 0x7f, 0xf0, 0x7f,
    0xff, 0x8e, 0x87, 0xff, 0x1e, 0xff, 0xfe, 0x20,
    0x7f, 0xf0, 0xff, 0xff, 0x8e, 0x1f, 0xfc, 0x7b,
    0xff, 0xf8, 0x81, 0xff, 0xc3, 0x7f, 0xff, 0x8d,
    0x7, 0xff, 0x1a, 0xff, 0xfe, 0x20, 0x7f, 0xf1,
    0x2f, 0xff, 0xe3, 0x21, 0xff, 0xc5, 0xbf, 0xff,
    0x88, 0x1f, 0xfc, 0x5f, 0xff, 0xe3, 0x87, 0xff,
    0x16, 0xff, 0xfe, 0x20, 0x7f, 0xf1, 0x5f, 0xff,
    0xe3, 0x87, 0xff, 0x12, 0xff, 0xfe, 0x20, 0x7f,
    0xf1, 0xaf, 0xff, 0xe3, 0x41, 0xff, 0xc3, 0xbf,
    0xff, 0x88, 0x1f, 0xfc, 0x7f, 0xff, 0xe3, 0xa1,
    0xff, 0xc2, 0xbf, 0xff, 0x88, 0x1f, 0xfc, 0x77,
    0xff, 0xf8, 0xe1, 0xff, 0xc2, 0xbf, 0xff, 0x88,
    0x1f, 0xfc, 0x8b, 0xff, 0xf8, 0xe1, 0xff, 0xc1,
    0xbf, 0xff, 0x88, 0x1f, 0xfc, 0x9f, 0xff, 0xe3,
    0xc1, 0xff, 0xc0, 0xbf, 0xff, 0x88, 0x1f, 0xfc,
    0x97, 0xff, 0xf8, 0xe8, 0x7f, 0xd7, 0xff, 0xf1,
    0x3, 0xff, 0x95, 0x7f, 0xff, 0x1c, 0x3f, 0xeb,
    0xff, 0xf8, 0x81, 0xff, 0xcb, 0xff, 0xfe, 0x40,
    0x7f, 0xaf, 0xff, 0xe2, 0x7, 0xff, 0x33, 0xff,
    0xf8, 0xf0, 0x7f, 0x5f, 0xff, 0xc4, 0xf, 0xfe,
    0x65, 0xff, 0xfc, 0x74, 0x3f, 0x5f, 0xff, 0xc4,
    0xf, 0xfe, 0x6f, 0xff, 0xf2, 0x3, 0xf5, 0xff,
    0xfc, 0x40, 0xff, 0xe7, 0x7f, 0xff, 0x1e, 0xf,
    0xaf, 0xff, 0xe2, 0x7, 0xff, 0x3a, 0xff, 0xfe,
    0x3a, 0x1e, 0xbf, 0xff, 0x88, 0x1f, 0xfc, 0xff,
    0xff, 0xe4, 0x7, 0xaf, 0xff, 0xe2, 0x7, 0xff,
    0x43, 0xff, 0xf9, 0x1, 0xd7, 0xff, 0xf1, 0x3,
    0xff, 0xa0, 0xff, 0xff, 0x1e, 0xd, 0x7f, 0xff,
    0x10, 0x3f, 0xfa, 0x3f, 0xff, 0xc8, 0x42, 0xbf,
    0xff, 0x88, 0x1f, 0xfd, 0x2f, 0xff, 0xe4, 0x5,
    0x7f, 0xff, 0x10, 0x3f, 0xfa, 0x4f, 0xff, 0xf2,
    0x1, 0x7f, 0xff, 0x10, 0x3f, 0xfa, 0x77, 0xff,
    0xf1, 0xe2, 0xff, 0xfe, 0x20, 0x7f, 0xf5, 0x3f,
    0xff, 0x90, 0x80,

    /* U+006C "l" */
    0xf, 0xfe, 0x35, 0xff, 0xfc, 0x42, 0xff, 0xfe,
    0x21, 0x7f, 0xff, 0x10, 0xbf, 0xff, 0x88, 0x5f,
    0xff, 0xc4, 0x2f, 0xff, 0xe2, 0x17, 0xff, 0xf1,
    0xb, 0xff, 0xf8, 0x85, 0xff, 0xfc, 0x42, 0xff,
    0xfe, 0x21, 0x7f, 0xff, 0x10, 0xbf, 0xff, 0x88,
    0x5f, 0xff, 0xc4, 0x2f, 0xff, 0xe2, 0x17, 0xff,
    0xf1, 0xb, 0xff, 0xf8, 0x85, 0xff, 0xfc, 0x42,
    0xff, 0xfe, 0x21, 0x7f, 0xff, 0x10, 0xbf, 0xff,
    0x88, 0x5f, 0xff, 0xc4, 0x2f, 0xff, 0xe2, 0x17,
    0xff, 0xf1, 0xb, 0xff, 0xf8, 0x85, 0xff, 0xfc,
    0x42, 0xff, 0xfe, 0x21, 0x7f, 0xff, 0x10, 0xbf,
    0xff, 0x88, 0x5f, 0xff, 0xc4, 0x2f, 0xff, 0xe2,
    0x17, 0xff, 0xf1, 0xb, 0xff, 0xf8, 0x85, 0xff,
    0xfc, 0x42, 0xff, 0xfe, 0x21, 0x7f, 0xff, 0x10,
    0xbf, 0xff, 0x88, 0x5f, 0xff, 0xc4, 0x2f, 0xff,
    0xe2, 0x17, 0xff, 0xf1, 0xb, 0xff, 0xf8, 0x85,
    0xff, 0xfc, 0x42, 0xff, 0xfe, 0x21, 0x7f, 0xff,
    0x10, 0xbf, 0xff, 0x88, 0x5f, 0xff, 0xc4, 0x2f,
    0xff, 0xe2, 0x17, 0xff, 0xf1, 0xb, 0xff, 0xf8,
    0x85, 0xff, 0xfc, 0x42, 0xff, 0xfe, 0x21, 0x7f,
    0xff, 0x10, 0xbf, 0xff, 0x88, 0x5f, 0xff, 0xc4,
    0x2f, 0xff, 0xe2, 0x17, 0xff, 0xf1, 0xb, 0xff,
    0xf8, 0x85, 0xff, 0xfc, 0x42, 0xff, 0xfe, 0x21,
    0x7f, 0xff, 0x10, 0xbf, 0xff, 0x88, 0x5f, 0xff,
    0xc4, 0x2f, 0xff, 0xe2, 0x17, 0xff, 0xf1, 0xb,
    0xff, 0xf8, 0x85, 0xff, 0xfc, 0x42, 0xff, 0xfe,
    0x21, 0x7f, 0xff, 0x10, 0xbf, 0xff, 0x88, 0x5f,
    0xff, 0xc4, 0x2f, 0xff, 0xe2, 0x17, 0xff, 0xf1,
    0xb, 0xff, 0xf8, 0x85, 0xff, 0xfc, 0x42, 0xff,
    0xfe, 0x21, 0x7f, 0xff, 0x10, 0xbf, 0xff, 0x88,
    0x5f, 0xff, 0xc4, 0x2f, 0xff, 0xe2, 0x17, 0xff,
    0xf1, 0xb, 0xff, 0xf8, 0x85, 0xff, 0xfc, 0x42,
    0xff, 0xfe, 0x21, 0x7f, 0xff, 0x10, 0xbf, 0xff,
    0x88, 0x5f, 0xff, 0xc4, 0x2f, 0xff, 0xe2, 0x17,
    0xff, 0xf1, 0xb, 0xff, 0xf8, 0x85, 0xff, 0xfc,
    0x42, 0xff, 0xfe, 0x21, 0x7f, 0xff, 0x10, 0xbf,
    0xff, 0x88, 0x5f, 0xff, 0xc4, 0x2f, 0xff, 0xe2,
    0x17, 0xff, 0xf1, 0xb, 0xff, 0xf8, 0x85, 0xff,
    0xfc, 0x42, 0xff, 0xfe, 0x21, 0x7f, 0xff, 0x10,
    0xbf, 0xff, 0x88, 0x5f, 0xff, 0xc4, 0x2f, 0xff,
    0xe2, 0x17, 0xff, 0xf1, 0xb, 0xff, 0xf8, 0x85,
    0xff, 0xfc, 0x42, 0xff, 0xfe, 0x21, 0x7f, 0xff,
    0x10,

    /* U+006D "m" */
    0xf, 0xfe, 0xab, 0x7f, 0xd4, 0x43, 0xff, 0xac,
    0xab, 0xff, 0x48, 0x7f, 0xf2, 0x5f, 0xff, 0xe1,
    0xa1, 0xff, 0xc0, 0x6f, 0xff, 0xe2, 0x21, 0xff,
    0xd0, 0x7f, 0xff, 0x8b, 0x21, 0xff, 0xc5, 0x7f,
    0xff, 0x87, 0x7, 0xf9, 0xff, 0xfe, 0x4c, 0x1f,
    0xfc, 0xb7, 0xff, 0xf9, 0x70, 0x7f, 0xf0, 0xdf,
    0xff, 0xe1, 0xc1, 0xfd, 0xff, 0xfc, 0xd4, 0x3f,
    0xf8, 0xef, 0xff, 0xf3, 0xe0, 0xff, 0xe0, 0xbf,
    0xff, 0xc3, 0x83, 0xeb, 0xff, 0xf9, 0xf0, 0x7f,
    0xf1, 0x7f, 0xff, 0xa6, 0x1f, 0xfc, 0x7, 0xff,
    0xf8, 0x70, 0x7b, 0xff, 0xfa, 0x50, 0x7f, 0xf0,
    0x9f, 0xff, 0xea, 0xc1, 0xfe, 0x7f, 0xff, 0x87,
    0x6, 0x7f, 0xff, 0xaa, 0x1f, 0xfc, 0xb, 0xff,
    0xfa, 0xf0, 0x7f, 0x3f, 0xff, 0xc3, 0x82, 0x7f,
    0xff, 0xad, 0x7, 0xfb, 0xff, 0xfb, 0x50, 0x7e,
    0x7f, 0xff, 0x87, 0x1, 0xff, 0xfe, 0xc4, 0x1f,
    0xbf, 0xff, 0xb9, 0x7, 0xcf, 0xff, 0xf0, 0xe1,
    0xff, 0xfe, 0xd2, 0x1e, 0xff, 0xfe, 0xf4, 0x1e,
    0x7f, 0xff, 0x87, 0x1f, 0xff, 0xdc, 0xe, 0xff,
    0xff, 0x2, 0x1c, 0xff, 0xff, 0xe, 0xff, 0xfe,
    0xec, 0x17, 0xff, 0xf8, 0x83, 0x9f, 0xff, 0xf7,
    0x2, 0xff, 0xff, 0x14, 0x19, 0xff, 0xff, 0x72,
    0xbf, 0xff, 0xc8, 0x19, 0xff, 0xff, 0xff, 0xff,
    0xf5, 0x60, 0x9f, 0xff, 0xe8, 0xc8, 0x7c, 0xff,
    0xff, 0x66, 0x43, 0xe6, 0xff, 0xfe, 0x50, 0x4f,
    0xff, 0xf3, 0xd0, 0xff, 0xe0, 0x3f, 0xff, 0xd5,
    0x43, 0xff, 0x83, 0x7f, 0xff, 0x22, 0x3, 0xff,
    0xfc, 0xd4, 0x3f, 0xf8, 0x97, 0xff, 0xf4, 0x60,
    0xff, 0xe2, 0x3f, 0xff, 0xc8, 0x3, 0xff, 0xfc,
    0xc0, 0xff, 0xe3, 0xdf, 0xff, 0xcf, 0x43, 0xff,
    0x8c, 0xff, 0xff, 0x1d, 0x1f, 0xff, 0xe5, 0x87,
    0xff, 0x27, 0xff, 0xf9, 0xc8, 0x7f, 0xf2, 0x2f,
    0xff, 0xe3, 0x43, 0xff, 0xfc, 0xa0, 0xff, 0xe5,
    0x3f, 0xff, 0xcc, 0x43, 0xff, 0x95, 0xff, 0xfc,
    0x71, 0xff, 0xfe, 0x48, 0x7f, 0xf3, 0x2f, 0xff,
    0xe5, 0x41, 0xff, 0xcb, 0x7f, 0xff, 0x8c, 0x3f,
    0xff, 0xc8, 0x43, 0xff, 0x98, 0xff, 0xff, 0x28,
    0x3f, 0xf9, 0xbf, 0xff, 0xc6, 0x1f, 0xff, 0xe4,
    0x7, 0xff, 0x3b, 0xff, 0xf9, 0x28, 0x7f, 0xf3,
    0x5f, 0xff, 0xe2, 0xab, 0xff, 0xf8, 0xe1, 0xff,
    0xcf, 0xbf, 0xff, 0x8f, 0x7, 0xff, 0x3f, 0xff,
    0xf8, 0xaa, 0xff, 0xfe, 0x34, 0x1f, 0xfc, 0xf7,
    0xff, 0xf8, 0xe1, 0xff, 0xd0, 0xff, 0xfe, 0x2c,
    0xff, 0xff, 0x19, 0xf, 0xfe, 0x87, 0xff, 0xf1,
    0xc3, 0xff, 0xa1, 0x7f, 0xff, 0x12, 0x7f, 0xff,
    0x8c, 0x1f, 0xfd, 0x1f, 0xff, 0xe3, 0x21, 0xff,
    0xd0, 0x7f, 0xff, 0x89, 0x3f, 0xff, 0xc5, 0x83,
    0xff, 0xa3, 0xff, 0xfc, 0x60, 0xff, 0xe8, 0xbf,
    0xff, 0xc4, 0x9f, 0xff, 0xe2, 0xa1, 0xff, 0xd1,
    0xff, 0xfe, 0x30, 0x7f, 0xf4, 0x5f, 0xff, 0xe2,
    0x4f, 0xff, 0xf1, 0x43, 0xff, 0xa5, 0xff, 0xfc,
    0x58, 0x3f, 0xfa, 0x5f, 0xff, 0xc4, 0x9f, 0xff,
    0xe2, 0x87, 0xff, 0x4a, 0xff, 0xfe, 0x22, 0x1f,
    0xfd, 0x2f, 0xff, 0xe2, 0x4f, 0xff, 0xf1, 0x20,
    0xff, 0xe9, 0x5f, 0xff, 0xc4, 0x43, 0xff, 0xa5,
    0xff, 0xfc, 0x49, 0xff, 0xfe, 0x24, 0x1f, 0xfd,
    0x2b, 0xff, 0xf8, 0x81, 0xff, 0xd3, 0xff, 0xfe,
    0x24, 0xff, 0xff, 0x12, 0xf, 0xfe, 0x95, 0xff,
    0xfc, 0x40, 0xff, 0xe9, 0xff, 0xff, 0x12, 0x7f,
    0xff, 0x89, 0x7, 0xff, 0x4a, 0xff, 0xfe, 0x20,
    0x7f, 0xf4, 0xff, 0xff, 0x89, 0x3f, 0xff, 0xc4,
    0x43, 0xff, 0xa5, 0x7f, 0xff, 0x10, 0x3f, 0xfa,
    0x7f, 0xff, 0xc4, 0x9f, 0xff, 0xe2, 0x21, 0xff,
    0xd2, 0xbf, 0xff, 0x88, 0x1f, 0xfd, 0x3f, 0xff,
    0xe2, 0x4f, 0xff, 0xf1, 0x10, 0xff, 0xe9, 0x5f,
    0xff, 0xc4, 0xf, 0xfe, 0x9f, 0xff, 0xf1, 0x27,
    0xff, 0xf8, 0x88, 0x7f, 0xf4, 0xaf, 0xff, 0xe2,
    0x7, 0xff, 0x4f, 0xff, 0xf8, 0x93, 0xff, 0xfc,
    0x44, 0x3f, 0xfa, 0x57, 0xff, 0xf1, 0x3, 0xff,
    0xa7, 0xff, 0xfc, 0x49, 0xff, 0xfe, 0x22, 0x1f,
    0xfd, 0x2b, 0xff, 0xf8, 0x81, 0xff, 0xd3, 0xff,
    0xfe, 0x24, 0xff, 0xff, 0x11, 0xf, 0xfe, 0x95,
    0xff, 0xfc, 0x40, 0xff, 0xe9, 0xff, 0xff, 0x12,
    0x7f, 0xff, 0x88, 0x87, 0xff, 0x4a, 0xff, 0xfe,
    0x20, 0x7f, 0xf4, 0xff, 0xff, 0x89, 0x3f, 0xff,
    0xc4, 0x43, 0xff, 0xa5, 0x7f, 0xff, 0x10, 0x3f,
    0xfa, 0x7f, 0xff, 0xc4, 0x9f, 0xff, 0xe2, 0x21,
    0xff, 0xd2, 0xbf, 0xff, 0x88, 0x1f, 0xfd, 0x3f,
    0xff, 0xe2, 0x4f, 0xff, 0xf1, 0x10, 0xff, 0xe9,
    0x5f, 0xff, 0xc4, 0xf, 0xfe, 0x9f, 0xff, 0xf1,
    0x27, 0xff, 0xf8, 0x88, 0x7f, 0xf4, 0xaf, 0xff,
    0xe2, 0x7, 0xff, 0x4f, 0xff, 0xf8, 0x93, 0xff,
    0xfc, 0x44, 0x3f, 0xfa, 0x57, 0xff, 0xf1, 0x3,
    0xff, 0xa7, 0xff, 0xfc, 0x49, 0xff, 0xfe, 0x22,
    0x1f, 0xfd, 0x2b, 0xff, 0xf8, 0x81, 0xff, 0xd3,
    0xff, 0xfe, 0x24, 0xff, 0xff, 0x11, 0xf, 0xfe,
    0x95, 0xff, 0xfc, 0x40, 0xff, 0xe9, 0xff, 0xff,
    0x12, 0x7f, 0xff, 0x88, 0x87, 0xff, 0x4a, 0xff,
    0xfe, 0x20, 0x7f, 0xf4, 0xff, 0xff, 0x89, 0x3f,
    0xff, 0xc4, 0x43, 0xff, 0xa5, 0x7f, 0xff, 0x10,
    0x3f, 0xfa, 0x7f, 0xff, 0xc4, 0x9f, 0xff, 0xe2,
    0x21, 0xff, 0xd2, 0xbf, 0xff, 0x88, 0x1f, 0xfd,
    0x3f, 0xff, 0xe2, 0x4f, 0xff, 0xf1, 0x10, 0xff,
    0xe9, 0x5f, 0xff, 0xc4, 0xf, 0xfe, 0x9f, 0xff,
    0xf1, 0x27, 0xff, 0xf8, 0x88, 0x7f, 0xf4, 0xaf,
    0xff, 0xe2, 0x7, 0xff, 0x4f, 0xff, 0xf8, 0x93,
    0xff, 0xfc, 0x44, 0x3f, 0xfa, 0x57, 0xff, 0xf1,
    0x3, 0xff, 0xa7, 0xff, 0xfc, 0x49, 0xff, 0xfe,
    0x22, 0x1f, 0xfd, 0x2b, 0xff, 0xf8, 0x81, 0xff,
    0xd3, 0xff, 0xfe, 0x24, 0xff, 0xff, 0x11, 0xf,
    0xfe, 0x95, 0xff, 0xfc, 0x40, 0xff, 0xe9, 0xff,
    0xff, 0x12, 0x7f, 0xff, 0x88, 0x87, 0xff, 0x4a,
    0xff, 0xfe, 0x20, 0x7f, 0xf4, 0xff, 0xff, 0x89,
    0x3f, 0xff, 0xc4, 0x43, 0xff, 0xa5, 0x7f, 0xff,
    0x10, 0x3f, 0xfa, 0x7f, 0xff, 0xc4, 0x9f, 0xff,
    0xe2, 0x21, 0xff, 0xd2, 0xbf, 0xff, 0x88, 0x1f,
    0xfd, 0x3f, 0xff, 0xe2, 0x4f, 0xff, 0xf1, 0x10,
    0xff, 0xe9, 0x5f, 0xff, 0xc4, 0xf, 0xfe, 0x9f,
    0xff, 0xf1, 0x27, 0xff, 0xf8, 0x88, 0x7f, 0xf4,
    0xaf, 0xff, 0xe2, 0x7, 0xff, 0x4f, 0xff, 0xf8,
    0x93, 0xff, 0xfc, 0x44, 0x3f, 0xfa, 0x57, 0xff,
    0xf1, 0x3, 0xff, 0xa7, 0xff, 0xfc, 0x49, 0xff,
    0xfe, 0x22, 0x1f, 0xfd, 0x2b, 0xff, 0xf8, 0x81,
    0xff, 0xd3, 0xff, 0xfe, 0x24, 0xff, 0xff, 0x11,
    0xf, 0xfe, 0x95, 0xff, 0xfc, 0x40, 0xff, 0xe9,
    0xff, 0xff, 0x12, 0x7f, 0xff, 0x88, 0x87, 0xff,
    0x4a, 0xff, 0xfe, 0x20, 0x7f, 0xf4, 0xff, 0xff,
    0x89, 0x3f, 0xff, 0xc4, 0x43, 0xff, 0xa5, 0x7f,
    0xff, 0x10, 0x3f, 0xfa, 0x7f, 0xff, 0xc4, 0x9f,
    0xff, 0xe2, 0x21, 0xff, 0xd2, 0xbf, 0xff, 0x88,
    0x1f, 0xfd, 0x3f, 0xff, 0xe2, 0x4f, 0xff, 0xf1,
    0x10, 0xff, 0xe9, 0x5f, 0xff, 0xc4, 0xf, 0xfe,
    0x9f, 0xff, 0xf1, 0x27, 0xff, 0xf8, 0x88, 0x7f,
    0xf4, 0xaf, 0xff, 0xe2, 0x7, 0xff, 0x4f, 0xff,
    0xf8, 0x93, 0xff, 0xfc, 0x44, 0x3f, 0xfa, 0x57,
    0xff, 0xf1, 0x3, 0xff, 0xa7, 0xff, 0xfc, 0x49,
    0xff, 0xfe, 0x22, 0x1f, 0xfd, 0x2b, 0xff, 0xf8,
    0x81, 0xff, 0xd3, 0xff, 0xfe, 0x24, 0xff, 0xff,
    0x11, 0xf, 0xfe, 0x95, 0xff, 0xfc, 0x40, 0xff,
    0xe9, 0xff, 0xff, 0x12,

    /* U+006E "n" */
    0xf, 0xfe, 0xb3, 0x7f, 0xe9, 0xf, 0xfe, 0x43,
    0xff, 0xfc, 0x34, 0x3f, 0xf8, 0x2d, 0xff, 0xfc,
    0x49, 0xf, 0xfe, 0x23, 0xff, 0xfc, 0x38, 0x3f,
    0xe7, 0xff, 0xf9, 0x48, 0x7f, 0xf0, 0x9f, 0xff,
    0xe1, 0xc1, 0xfd, 0x7f, 0xff, 0x39, 0xf, 0xfe,
    0x3, 0xff, 0xfc, 0x38, 0x3e, 0x7f, 0xff, 0xa3,
    0x7, 0xfc, 0xff, 0xff, 0xe, 0xf, 0x5f, 0xff,
    0xd4, 0xf, 0xf3, 0xff, 0xfc, 0x38, 0x3b, 0xff,
    0xfa, 0xe8, 0x7e, 0x7f, 0xff, 0x87, 0x4, 0xff,
    0xff, 0x65, 0xf, 0x9f, 0xff, 0xe1, 0xc0, 0x7f,
    0xff, 0xb6, 0x1f, 0x3f, 0xff, 0xc3, 0x87, 0xff,
    0xfb, 0xa1, 0xe7, 0xff, 0xf8, 0x71, 0xff, 0xfd,
    0xf0, 0xe7, 0xff, 0xf8, 0x77, 0xff, 0xf8, 0x10,
    0xcf, 0xff, 0xfc, 0x43, 0x3f, 0xff, 0xf1, 0x82,
    0x7f, 0xff, 0xe4, 0x13, 0xff, 0xfd, 0x29, 0xf,
    0x37, 0xff, 0xf2, 0x90, 0x3f, 0xff, 0xcf, 0x90,
    0xff, 0xe0, 0x3f, 0xff, 0xc9, 0x3, 0xff, 0xfc,
    0xe4, 0x3f, 0xf8, 0x9f, 0xff, 0xc8, 0x3, 0xff,
    0xfc, 0xc8, 0x3f, 0xf8, 0xff, 0xff, 0xc7, 0x87,
    0xff, 0xf9, 0x70, 0x7f, 0xf2, 0x7f, 0xff, 0x8e,
    0x3f, 0xff, 0xca, 0x83, 0xff, 0x95, 0x7f, 0xff,
    0x18, 0x7f, 0xff, 0x93, 0x7, 0xff, 0x33, 0xff,
    0xf8, 0xca, 0xff, 0xfe, 0x48, 0x7f, 0xf3, 0x5f,
    0xff, 0xe2, 0xab, 0xff, 0xf9, 0x1, 0xff, 0xcf,
    0xff, 0xfe, 0x2c, 0xff, 0xff, 0x1e, 0xf, 0xfe,
    0x7f, 0xff, 0xf1, 0x67, 0xff, 0xf8, 0xe1, 0xff,
    0xd0, 0xbf, 0xff, 0x8a, 0xff, 0xff, 0x19, 0xf,
    0xfe, 0x83, 0xff, 0xfc, 0x57, 0xff, 0xf8, 0xc1,
    0xff, 0xd2, 0xff, 0xfe, 0x2b, 0xff, 0xfc, 0x58,
    0x3f, 0xfa, 0x5f, 0xff, 0xc5, 0x7f, 0xff, 0x8a,
    0x87, 0xff, 0x4b, 0xff, 0xf8, 0xaf, 0xff, 0xf1,
    0x43, 0xff, 0xa7, 0xff, 0xfc, 0x57, 0xff, 0xf8,
    0xa1, 0xff, 0xd3, 0xff, 0xfe, 0x2b, 0xff, 0xfc,
    0x48, 0x3f, 0xfa, 0x7f, 0xff, 0xc5, 0x7f, 0xff,
    0x89, 0x7, 0xff, 0x4f, 0xff, 0xf8, 0xaf, 0xff,
    0xf1, 0x20, 0xff, 0xe9, 0xff, 0xff, 0x15, 0xff,
    0xfe, 0x24, 0x1f, 0xfd, 0x3f, 0xff, 0xe2, 0xbf,
    0xff, 0xc4, 0x43, 0xff, 0xa7, 0xff, 0xfc, 0x57,
    0xff, 0xf8, 0x88, 0x7f, 0xf4, 0xff, 0xff, 0x8a,
    0xff, 0xff, 0x11, 0xf, 0xfe, 0x9f, 0xff, 0xf1,
    0x5f, 0xff, 0xe2, 0x21, 0xff, 0xd3, 0xff, 0xfe,
    0x2b, 0xff, 0xfc, 0x44, 0x3f, 0xfa, 0x7f, 0xff,
    0xc5, 0x7f, 0xff, 0x88, 0x87, 0xff, 0x4f, 0xff,
    0xf8, 0xaf, 0xff, 0xf1, 0x10, 0xff, 0xe9, 0xff,
    0xff, 0x15, 0xff, 0xfe, 0x22, 0x1f, 0xfd, 0x3f,
    0xff, 0xe2, 0xbf, 0xff, 0xc4, 0x43, 0xff, 0xa7,
    0xff, 0xfc, 0x57, 0xff, 0xf8, 0x88, 0x7f, 0xf4,
    0xff, 0xff, 0x8a, 0xff, 0xff, 0x11, 0xf, 0xfe,
    0x9f, 0xff, 0xf1, 0x5f, 0xff, 0xe2, 0x21, 0xff,
    0xd3, 0xff, 0xfe, 0x2b, 0xff, 0xfc, 0x44, 0x3f,
    0xfa, 0x7f, 0xff, 0xc5, 0x7f, 0xff, 0x88, 0x87,
    0xff, 0x4f, 0xff, 0xf8, 0xaf, 0xff, 0xf1, 0x10,
    0xff, 0xe9, 0xff, 0xff, 0x15, 0xff, 0xfe, 0x22,
    0x1f, 0xfd, 0x3f, 0xff, 0xe2, 0xbf, 0xff, 0xc4,
    0x43, 0xff, 0xa7, 0xff, 0xfc, 0x57, 0xff, 0xf8,
    0x88, 0x7f, 0xf4, 0xff, 0xff, 0x8a, 0xff, 0xff,
    0x11, 0xf, 0xfe, 0x9f, 0xff, 0xf1, 0x5f, 0xff,
    0xe2, 0x21, 0xff, 0xd3, 0xff, 0xfe, 0x2b, 0xff,
    0xfc, 0x44, 0x3f, 0xfa, 0x7f, 0xff, 0xc5, 0x7f,
    0xff, 0x88, 0x87, 0xff, 0x4f, 0xff, 0xf8, 0xaf,
    0xff, 0xf1, 0x10, 0xff, 0xe9, 0xff, 0xff, 0x15,
    0xff, 0xfe, 0x22, 0x1f, 0xfd, 0x3f, 0xff, 0xe2,
    0xbf, 0xff, 0xc4, 0x43, 0xff, 0xa7, 0xff, 0xfc,
    0x57, 0xff, 0xf8, 0x88, 0x7f, 0xf4, 0xff, 0xff,
    0x8a, 0xff, 0xff, 0x11, 0xf, 0xfe, 0x9f, 0xff,
    0xf1, 0x5f, 0xff, 0xe2, 0x21, 0xff, 0xd3, 0xff,
    0xfe, 0x2b, 0xff, 0xfc, 0x44, 0x3f, 0xfa, 0x7f,
    0xff, 0xc5, 0x7f, 0xff, 0x88, 0x87, 0xff, 0x4f,
    0xff, 0xf8, 0xaf, 0xff, 0xf1, 0x10, 0xff, 0xe9,
    0xff, 0xff, 0x15, 0xff, 0xfe, 0x22, 0x1f, 0xfd,
    0x3f, 0xff, 0xe2, 0xbf, 0xff, 0xc4, 0x43, 0xff,
    0xa7, 0xff, 0xfc, 0x57, 0xff, 0xf8, 0x88, 0x7f,
    0xf4, 0xff, 0xff, 0x8a, 0xff, 0xff, 0x11, 0xf,
    0xfe, 0x9f, 0xff, 0xf1, 0x5f, 0xff, 0xe2, 0x21,
    0xff, 0xd3, 0xff, 0xfe, 0x2b, 0xff, 0xfc, 0x44,
    0x3f, 0xfa, 0x7f, 0xff, 0xc5, 0x7f, 0xff, 0x88,
    0x87, 0xff, 0x4f, 0xff, 0xf8, 0xaf, 0xff, 0xf1,
    0x10, 0xff, 0xe9, 0xff, 0xff, 0x14,

    /* U+006F "o" */
    0xf, 0xfe, 0x92, 0xa9, 0xfe, 0xa9, 0xf, 0xff,
    0x65, 0xff, 0xfc, 0x89, 0xf, 0xff, 0x25, 0xff,
    0xfc, 0xe9, 0xf, 0xfe, 0xf3, 0xff, 0xfd, 0x44,
    0x3f, 0xfb, 0x4f, 0xff, 0xf6, 0x10, 0xff, 0xeb,
    0xdf, 0xff, 0xdb, 0xf, 0xfe, 0xa3, 0xff, 0xfd,
    0xe4, 0x3f, 0xfa, 0x37, 0xff, 0xf8, 0x43, 0xff,
    0x9f, 0xff, 0xfe, 0x40, 0xff, 0xe6, 0xff, 0xff,
    0x99, 0xf, 0xfe, 0x57, 0xff, 0xfa, 0x10, 0xff,
    0xe4, 0x7f, 0xff, 0xa8, 0x3f, 0xf8, 0xff, 0xff,
    0xec, 0xf, 0xfe, 0x2d, 0xff, 0xfe, 0xd0, 0xff,
    0xe1, 0xbf, 0xff, 0xee, 0x83, 0xff, 0x85, 0xff,
    0xfc, 0xd9, 0xf, 0x2a, 0xff, 0xfe, 0x62, 0x1f,
    0xfc, 0xb, 0xff, 0xf9, 0x50, 0x7f, 0xf0, 0x9f,
    0xff, 0xe5, 0x87, 0xfc, 0xff, 0xff, 0x26, 0xf,
    0xfe, 0x35, 0xff, 0xfc, 0x98, 0x3f, 0xdf, 0xff,
    0xc9, 0x43, 0xff, 0x93, 0xff, 0xfc, 0x90, 0xfe,
    0x7f, 0xff, 0x90, 0x1f, 0xfc, 0xcf, 0xff, 0xe4,
    0x41, 0xfb, 0xff, 0xf9, 0x1, 0xff, 0xce, 0xff,
    0xfe, 0x40, 0x7c, 0xff, 0xff, 0x1d, 0xf, 0xfe,
    0x7f, 0xff, 0xf1, 0xe0, 0xf7, 0xff, 0xf1, 0xe0,
    0xff, 0xe8, 0x3f, 0xff, 0xc7, 0xf, 0x7f, 0xff,
    0x1c, 0x3f, 0xfa, 0x57, 0xff, 0xf1, 0x90, 0xcf,
    0xff, 0xf1, 0x83, 0xff, 0xa9, 0xff, 0xfc, 0x68,
    0x37, 0xff, 0xf1, 0xa0, 0xff, 0xea, 0x5f, 0xff,
    0xc6, 0xd, 0xff, 0xfc, 0x60, 0xff, 0xeb, 0x7f,
    0xff, 0x19, 0x3, 0xff, 0xfc, 0x60, 0xff, 0xeb,
    0x5f, 0xff, 0xc5, 0x81, 0x7f, 0xff, 0x15, 0xf,
    0xfe, 0xb3, 0xff, 0xfc, 0x60, 0x7f, 0xff, 0x18,
    0x3f, 0xfb, 0x1f, 0xff, 0xc6, 0x7, 0xff, 0xf1,
    0x83, 0xff, 0xb1, 0x7f, 0xff, 0x14, 0x1f, 0xff,
    0xc5, 0x83, 0xff, 0xb0, 0xff, 0xff, 0x15, 0x5f,
    0xff, 0xc5, 0x43, 0xff, 0xb3, 0xff, 0xfc, 0x55,
    0x7f, 0xff, 0x14, 0x3f, 0xfb, 0x5f, 0xff, 0xc5,
    0x9f, 0xff, 0xe2, 0x87, 0xff, 0x6b, 0xff, 0xf8,
    0xb4, 0xff, 0xfe, 0x28, 0x7f, 0xf6, 0xbf, 0xff,
    0x8b, 0x4f, 0xff, 0xe2, 0x87, 0xff, 0x6a, 0xff,
    0xfe, 0x2d, 0xff, 0xfc, 0x50, 0xff, 0xed, 0x5f,
    0xff, 0xc5, 0xbf, 0xff, 0x8a, 0x1f, 0xfd, 0xab,
    0xff, 0xf8, 0xb7, 0xff, 0xf1, 0x43, 0xff, 0xb5,
    0x7f, 0xff, 0x16, 0xff, 0xfe, 0x28, 0x7f, 0xf6,
    0xaf, 0xff, 0xe2, 0xdf, 0xff, 0xc5, 0xf, 0xfe,
    0xd7, 0xff, 0xf1, 0xaf, 0xff, 0xe2, 0x87, 0xff,
    0x6b, 0xff, 0xf8, 0xb3, 0xff, 0xfc, 0x50, 0xff,
    0xed, 0x7f, 0xff, 0x16, 0x7f, 0xff, 0x8a, 0x87,
    0xff, 0x67, 0xff, 0xf8, 0xa9, 0xff, 0xfc, 0x58,
    0x3f, 0xfb, 0xf, 0xff, 0xf1, 0x53, 0xff, 0xf8,
    0xb0, 0x7f, 0xf6, 0x2f, 0xff, 0xe2, 0x83, 0xff,
    0xf8, 0xc1, 0xff, 0xd8, 0xff, 0xfe, 0x30, 0x2f,
    0xff, 0xe2, 0xa1, 0xff, 0xd7, 0xff, 0xfe, 0x30,
    0x1f, 0xff, 0xe2, 0xc1, 0xff, 0xd6, 0x7f, 0xff,
    0x8b, 0x5, 0xff, 0xfc, 0x60, 0xff, 0xeb, 0x7f,
    0xff, 0x19, 0xb, 0xff, 0xf8, 0xd0, 0x7f, 0xf5,
    0x1f, 0xff, 0xe3, 0x6, 0xbf, 0xff, 0x8c, 0x1f,
    0xfd, 0x4f, 0xff, 0xe3, 0x86, 0x7f, 0xff, 0x8d,
    0x7, 0xff, 0x49, 0xff, 0xfe, 0x32, 0x1d, 0xff,
    0xfc, 0x74, 0x3f, 0xfa, 0x3f, 0xff, 0xc7, 0xf,
    0x3f, 0xff, 0xc7, 0xf, 0xfe, 0x87, 0xff, 0xf1,
    0xe0, 0xfb, 0xff, 0xf9, 0x1, 0xff, 0xce, 0xbf,
    0xff, 0x8e, 0x1f, 0xaf, 0xff, 0xe3, 0xc1, 0xff,
    0xcc, 0xbf, 0xff, 0x8f, 0x7, 0xf7, 0xff, 0xf2,
    0x43, 0xff, 0x95, 0x7f, 0xff, 0x20, 0x3f, 0xcf,
    0xff, 0xf2, 0x50, 0xff, 0xe3, 0x3f, 0xff, 0xc9,
    0x83, 0xfe, 0xff, 0xfe, 0x5a, 0x1f, 0xfc, 0x3b,
    0xff, 0xf9, 0x41, 0xff, 0xc0, 0x7f, 0xff, 0x99,
    0x21, 0xf9, 0xbf, 0xff, 0x98, 0x87, 0xff, 0x6,
    0xff, 0xff, 0x78, 0x7f, 0xf0, 0xff, 0xff, 0xdc,
    0x1f, 0xfc, 0x5f, 0xff, 0xf6, 0x7, 0xff, 0x1f,
    0xff, 0xfd, 0x48, 0x7f, 0xf1, 0xdf, 0xff, 0xf4,
    0x21, 0xff, 0xc9, 0x7f, 0xff, 0xcc, 0x87, 0xff,
    0x33, 0xff, 0xfc, 0x88, 0x7f, 0xf3, 0xbf, 0xff,
    0xc4, 0x87, 0xff, 0x42, 0xff, 0xfe, 0xf4, 0x1f,
    0xfd, 0x4f, 0xff, 0xee, 0x21, 0xff, 0xd6, 0x7f,
    0xff, 0xb1, 0x7, 0xff, 0x6a, 0xff, 0xfe, 0xa4,
    0x1f, 0xfd, 0xe7, 0xff, 0xfa, 0x8, 0x7f, 0xf8,
    0xdb, 0xff, 0xf9, 0x12, 0x1f, 0xfe, 0xa6, 0x9f,
    0xfe, 0xa2, 0x1f, 0xfd, 0x10,

    /* U+0070 "p" */
    0xf, 0xfe, 0xbb, 0x57, 0xea, 0x28, 0x3f, 0xfa,
    0xb, 0xff, 0xc3, 0xf, 0xfe, 0x1b, 0x7f, 0xff,
    0x12, 0x43, 0xff, 0x96, 0xff, 0xff, 0xd, 0xf,
    0xfe, 0x5, 0xff, 0xfc, 0xa8, 0x3f, 0xf9, 0x2f,
    0xff, 0xf0, 0xd0, 0xff, 0x5f, 0xff, 0xcf, 0x43,
    0xff, 0x8c, 0xff, 0xff, 0xd, 0xf, 0xd7, 0xff,
    0xf4, 0xa0, 0xff, 0xe2, 0xbf, 0xff, 0xc3, 0x43,
    0xef, 0xff, 0xeb, 0x21, 0xff, 0xc3, 0x7f, 0xff,
    0x86, 0x87, 0x3f, 0xff, 0xd8, 0x83, 0xff, 0x84,
    0xff, 0xff, 0xd, 0xd, 0x7f, 0xff, 0x6c, 0x3f,
    0xf8, 0x2f, 0xff, 0xf0, 0xd0, 0xbf, 0xff, 0xbc,
    0x1f, 0xfc, 0x7, 0xff, 0xf8, 0x68, 0x3f, 0xff,
    0xc0, 0x87, 0xf9, 0xff, 0xfe, 0x1a, 0x5f, 0xff,
    0xe1, 0xf, 0xf3, 0xff, 0xfc, 0x36, 0xff, 0xff,
    0x18, 0x7f, 0x3f, 0xff, 0xf5, 0xf, 0xcf, 0xff,
    0xfd, 0x60, 0xf9, 0xff, 0xff, 0xb2, 0x1e, 0x7f,
    0xff, 0xa7, 0x21, 0xe6, 0xff, 0xfe, 0x70, 0x79,
    0xff, 0xfe, 0x84, 0x1f, 0xfc, 0x2b, 0xff, 0xf9,
    0x68, 0x73, 0xff, 0xfc, 0xe8, 0x3f, 0xf8, 0xd7,
    0xff, 0xf2, 0x83, 0x9f, 0xff, 0xe6, 0x87, 0xff,
    0x25, 0xff, 0xfe, 0x4c, 0x19, 0xff, 0xfe, 0x5c,
    0x1f, 0xfc, 0xcf, 0xff, 0xe4, 0x86, 0x7f, 0xff,
    0x95, 0x7, 0xff, 0x3b, 0xff, 0xf9, 0x8, 0x4f,
    0xff, 0xf2, 0x60, 0xff, 0xe8, 0x7f, 0xff, 0x20,
    0x27, 0xff, 0xf9, 0x21, 0xff, 0xd1, 0x7f, 0xff,
    0x8e, 0x81, 0xff, 0xfe, 0x40, 0x7f, 0xf4, 0xef,
    0xff, 0xe3, 0x40, 0x7f, 0xff, 0x8f, 0x7, 0xff,
    0x53, 0xff, 0xf8, 0xe0, 0x7f, 0xff, 0x8e, 0x1f,
    0xfd, 0x57, 0xff, 0xf8, 0xc0, 0x7f, 0xff, 0x8c,
    0x87, 0xff, 0x5b, 0xff, 0xf8, 0xc8, 0xff, 0xff,
    0x18, 0x3f, 0xfa, 0xf7, 0xff, 0xf1, 0x61, 0xff,
    0xfe, 0x2c, 0x1f, 0xfd, 0x8f, 0xff, 0xe3, 0xf,
    0xff, 0xf1, 0x50, 0xff, 0xec, 0x7f, 0xff, 0x18,
    0x7f, 0xff, 0x8a, 0x1f, 0xfd, 0x9b, 0xff, 0xf8,
    0xa3, 0xff, 0xfc, 0x50, 0xff, 0xec, 0xbf, 0xff,
    0xc5, 0x57, 0xff, 0xf1, 0x20, 0xff, 0xed, 0x7f,
    0xff, 0x15, 0x5f, 0xff, 0xc4, 0x43, 0xff, 0xb5,
    0xff, 0xfc, 0x59, 0xff, 0xfe, 0x22, 0x1f, 0xfd,
    0xaf, 0xff, 0xe2, 0xcf, 0xff, 0xf1, 0x3, 0xff,
    0xb7, 0xff, 0xfc, 0x59, 0xff, 0xfe, 0x20, 0x7f,
    0xf6, 0xff, 0xff, 0x8b, 0x3f, 0xff, 0xc4, 0xf,
    0xfe, 0xdf, 0xff, 0xf1, 0x67, 0xff, 0xf8, 0x81,
    0xff, 0xdb, 0xbf, 0xff, 0x8a, 0xff, 0xff, 0x10,
    0x3f, 0xfb, 0x7f, 0xff, 0xc5, 0x9f, 0xff, 0xe2,
    0x7, 0xff, 0x6f, 0xff, 0xf8, 0xb3, 0xff, 0xfc,
    0x40, 0xff, 0xed, 0xff, 0xff, 0x16, 0x7f, 0xff,
    0x88, 0x87, 0xff, 0x6b, 0xff, 0xf8, 0xb3, 0xff,
    0xfc, 0x44, 0x3f, 0xfb, 0x5f, 0xff, 0xc5, 0x9f,
    0xff, 0xe2, 0x41, 0xff, 0xda, 0xff, 0xfe, 0x2a,
    0xbf, 0xff, 0x8a, 0x1f, 0xfd, 0x97, 0xff, 0xf8,
    0xaa, 0xff, 0xfe, 0x28, 0x7f, 0xf6, 0x6f, 0xff,
    0xe2, 0x8f, 0xff, 0xf1, 0x50, 0xff, 0xec, 0x7f,
    0xff, 0x18, 0x7f, 0xff, 0x8b, 0x7, 0xff, 0x63,
    0xff, 0xf8, 0xc3, 0xff, 0xfc, 0x60, 0xff, 0xeb,
    0xdf, 0xff, 0xc5, 0x87, 0xff, 0xf8, 0xc8, 0x7f,
    0xf5, 0xbf, 0xff, 0x8c, 0x8f, 0xff, 0xf1, 0xc3,
    0xff, 0xaa, 0xff, 0xff, 0x18, 0xf, 0xff, 0xf1,
    0xd0, 0xff, 0xea, 0x7f, 0xff, 0x1c, 0xf, 0xff,
    0xf2, 0x3, 0xff, 0xa7, 0x7f, 0xff, 0x19, 0x3,
    0xff, 0xfc, 0x90, 0xff, 0xe8, 0xbf, 0xff, 0xc7,
    0x9, 0xff, 0xfe, 0x4c, 0x1f, 0xfd, 0xf, 0xff,
    0xe3, 0xc1, 0x3f, 0xff, 0xca, 0x83, 0xff, 0x9d,
    0xff, 0xfc, 0x84, 0x27, 0xff, 0xf9, 0x70, 0x7f,
    0xf3, 0x3f, 0xff, 0x92, 0x19, 0xff, 0xfe, 0x64,
    0x1f, 0xfc, 0x97, 0xff, 0xf9, 0x28, 0x67, 0xff,
    0xf9, 0xc8, 0x7f, 0xf1, 0xaf, 0xff, 0xe5, 0x7,
    0x3f, 0xff, 0xd0, 0x43, 0xff, 0x85, 0x7f, 0xff,
    0x2d, 0xe, 0x7f, 0xff, 0xa5, 0x28, 0x3c, 0xdf,
    0xff, 0xcd, 0x83, 0xcf, 0xff, 0xfd, 0x83, 0xe7,
    0xff, 0xfe, 0xa8, 0x7c, 0xff, 0xff, 0xd2, 0xf,
    0xcf, 0xff, 0xfc, 0xe0, 0xfe, 0x7f, 0xff, 0xe6,
    0x1f, 0xe7, 0xff, 0xfe, 0x41, 0xff, 0x3f, 0xff,
    0xc4, 0x8f, 0xff, 0xef, 0x87, 0xff, 0x1, 0xff,
    0xfe, 0x24, 0xf, 0xff, 0xee, 0x41, 0xff, 0xc1,
    0x7f, 0xff, 0x89, 0x5, 0x7f, 0xff, 0x65, 0xf,
    0xfe, 0x13, 0xff, 0xfc, 0x48, 0x33, 0xff, 0xfd,
    0x70, 0xff, 0xe2, 0x3f, 0xff, 0xc4, 0x83, 0xd7,
    0xff, 0xf4, 0xd0, 0xff, 0xe2, 0xbf, 0xff, 0xc4,
    0x83, 0xf7, 0xff, 0xf4, 0x20, 0xff, 0xe3, 0xbf,
    0xff, 0xc4, 0x83, 0xfd, 0x7f, 0xff, 0x2d, 0xf,
    0xfe, 0x4b, 0xff, 0xfc, 0x48, 0x3f, 0xf8, 0xd,
    0xff, 0xfc, 0x54, 0x3f, 0xf9, 0x8f, 0xff, 0xf1,
    0x20, 0xff, 0xe2, 0x35, 0x7f, 0x51, 0xf, 0xfe,
    0x83, 0xff, 0xfc, 0x48, 0x3f, 0xfd, 0x8f, 0xff,
    0xf1, 0x20, 0xff, 0xf6, 0x3f, 0xff, 0xc4, 0x83,
    0xff, 0xd8, 0xff, 0xff, 0x12, 0xf, 0xff, 0x63,
    0xff, 0xfc, 0x48, 0x3f, 0xfd, 0x8f, 0xff, 0xf1,
    0x20, 0xff, 0xf6, 0x3f, 0xff, 0xc4, 0x83, 0xff,
    0xd8, 0xff, 0xff, 0x12, 0xf, 0xff, 0x63, 0xff,
    0xfc, 0x48, 0x3f, 0xfd, 0x8f, 0xff, 0xf1, 0x20,
    0xff, 0xf6, 0x3f, 0xff, 0xc4, 0x83, 0xff, 0xd8,
    0xff, 0xff, 0x12, 0xf, 0xff, 0x63, 0xff, 0xfc,
    0x48, 0x3f, 0xfd, 0x8f, 0xff, 0xf1, 0x20, 0xff,
    0xf6, 0x3f, 0xff, 0xc4, 0x83, 0xff, 0xd8, 0xff,
    0xff, 0x12, 0xf, 0xff, 0x63, 0xff, 0xfc, 0x48,
    0x3f, 0xfd, 0x8f, 0xff, 0xf1, 0x20, 0xff, 0xf6,
    0x3f, 0xff, 0xc4, 0x83, 0xff, 0xd8, 0xff, 0xff,
    0x12, 0xf, 0xff, 0x63, 0xff, 0xfc, 0x48, 0x3f,
    0xfd, 0x8f, 0xff, 0xf1, 0x20, 0xff, 0xf6, 0x3f,
    0xff, 0xc4, 0x83, 0xff, 0xd8, 0xff, 0xff, 0x12,
    0xf, 0xff, 0x63, 0xff, 0xfc, 0x48, 0x3f, 0xfd,
    0x8f, 0xff, 0xf1, 0x20, 0xff, 0xf6, 0x3f, 0xff,
    0xc4, 0x83, 0xff, 0xd8, 0xff, 0xff, 0x12, 0xf,
    0xff, 0x63, 0xff, 0xfc, 0x48, 0x3f, 0xfd, 0x80,

    /* U+0071 "q" */
    0xf, 0xfe, 0x82, 0xa9, 0xfa, 0xa4, 0x3f, 0xfd,
    0xcd, 0xff, 0xfc, 0x54, 0x3f, 0xf8, 0x4b, 0xff,
    0xc3, 0xf, 0xfe, 0x5d, 0xff, 0xfc, 0xb4, 0x3f,
    0xcf, 0xff, 0xf0, 0xd0, 0xff, 0xe3, 0xbf, 0xff,
    0xd0, 0x43, 0xf3, 0xff, 0xfc, 0x34, 0x3f, 0xf8,
    0xdf, 0xff, 0xd3, 0x83, 0xe7, 0xff, 0xf8, 0x68,
    0x7f, 0xf1, 0x2f, 0xff, 0xeb, 0x21, 0xcf, 0xff,
    0xf0, 0xd0, 0xff, 0xe1, 0xff, 0xff, 0x65, 0xc,
    0xff, 0xff, 0xd, 0xf, 0xfe, 0xb, 0xff, 0xfd,
    0xb8, 0x27, 0xff, 0xf8, 0x68, 0x7f, 0xf0, 0x2f,
    0xff, 0xee, 0xc0, 0x7f, 0xff, 0x86, 0x87, 0xfd,
    0x7f, 0xff, 0x7d, 0x1f, 0xff, 0xe1, 0xa1, 0xfe,
    0xbf, 0xff, 0xc2, 0x3f, 0xff, 0xc3, 0x43, 0xfa,
    0xff, 0xff, 0x1b, 0xff, 0xfc, 0x34, 0x3f, 0x3f,
    0xff, 0xf4, 0x43, 0xf7, 0xff, 0xfd, 0x50, 0xfb,
    0xff, 0xfe, 0xc8, 0x79, 0xff, 0xfe, 0x6c, 0x87,
    0x9b, 0xff, 0xfa, 0x68, 0x7b, 0xff, 0xf9, 0x70,
    0x7f, 0xf0, 0x9f, 0xff, 0xe8, 0x21, 0xd7, 0xff,
    0xf2, 0x60, 0xff, 0xe3, 0x3f, 0xff, 0xce, 0x43,
    0xbf, 0xff, 0x92, 0x87, 0xff, 0x27, 0xff, 0xf9,
    0xa8, 0x6b, 0xff, 0xf9, 0x1, 0xff, 0xcc, 0xbf,
    0xff, 0x96, 0x86, 0xff, 0xfe, 0x40, 0x7f, 0xf3,
    0xaf, 0xff, 0xe5, 0x21, 0x5f, 0xff, 0xc7, 0xf,
    0xfe, 0x85, 0xff, 0xfc, 0x94, 0x2f, 0xff, 0xe3,
    0xa1, 0xff, 0xd1, 0xff, 0xfe, 0x4a, 0x7, 0xff,
    0xf8, 0xd0, 0x7f, 0xf4, 0xff, 0xff, 0x90, 0x82,
    0xff, 0xfe, 0x30, 0x7f, 0xf5, 0x1f, 0xff, 0xe3,
    0xa0, 0xff, 0xfe, 0x32, 0x1f, 0xfd, 0x5f, 0xff,
    0xe3, 0xa0, 0xff, 0xfe, 0x30, 0x7f, 0xf5, 0x9f,
    0xff, 0xe3, 0x23, 0xff, 0xfc, 0x58, 0x3f, 0xfa,
    0xff, 0xff, 0xc6, 0x4b, 0xff, 0xf8, 0xa1, 0xff,
    0xd8, 0xbf, 0xff, 0x8a, 0x9f, 0xff, 0xc6, 0xf,
    0xfe, 0xcf, 0xff, 0xf1, 0x53, 0xff, 0xf8, 0xb0,
    0x7f, 0xf6, 0x7f, 0xff, 0x8a, 0x9f, 0xff, 0xc5,
    0x43, 0xff, 0xb3, 0x7f, 0xff, 0x11, 0x5f, 0xff,
    0xc5, 0x43, 0xff, 0xb3, 0x7f, 0xff, 0x11, 0x5f,
    0xff, 0xc5, 0xf, 0xfe, 0xd3, 0xff, 0xfc, 0x45,
    0x7f, 0xff, 0x14, 0x3f, 0xfb, 0x7f, 0xff, 0xc4,
    0x6f, 0xff, 0xe2, 0x87, 0xff, 0x6f, 0xff, 0xf8,
    0x8d, 0xff, 0xfc, 0x50, 0xff, 0xed, 0xff, 0xff,
    0x11, 0xbf, 0xff, 0x8a, 0x1f, 0xfd, 0xbf, 0xff,
    0xe2, 0x37, 0xff, 0xf1, 0x43, 0xff, 0xb7, 0xff,
    0xfc, 0x46, 0xff, 0xfe, 0x28, 0x7f, 0xf6, 0xff,
    0xff, 0x88, 0xdf, 0xff, 0xc5, 0xf, 0xfe, 0xdf,
    0xff, 0xf1, 0x1b, 0xff, 0xf8, 0xa1, 0xff, 0xdb,
    0xff, 0xfe, 0x23, 0x7f, 0xff, 0x14, 0x3f, 0xfb,
    0x7f, 0xff, 0xc4, 0x57, 0xff, 0xf1, 0x43, 0xff,
    0xb4, 0xff, 0xff, 0x11, 0x5f, 0xff, 0xc5, 0x43,
    0xff, 0xb3, 0x7f, 0xff, 0x11, 0x3f, 0xff, 0x8b,
    0x7, 0xff, 0x66, 0xff, 0xfe, 0x22, 0x7f, 0xff,
    0x18, 0x3f, 0xfb, 0x3f, 0xff, 0xc5, 0x4f, 0xff,
    0xe3, 0x7, 0xff, 0x67, 0xff, 0xf8, 0xa9, 0x7f,
    0xff, 0x15, 0xf, 0xfe, 0xbd, 0xff, 0xfc, 0x54,
    0xbf, 0xff, 0x8c, 0x1f, 0xfd, 0x7f, 0xff, 0xe3,
    0x23, 0xff, 0xfc, 0x60, 0xff, 0xeb, 0x3f, 0xff,
    0xc6, 0x41, 0xff, 0xfc, 0x68, 0x3f, 0xfa, 0xbf,
    0xff, 0xc7, 0x41, 0x7f, 0xff, 0x18, 0x3f, 0xfa,
    0x8f, 0xff, 0xf1, 0xd0, 0x3f, 0xff, 0xc7, 0xf,
    0xfe, 0x9f, 0xff, 0xf2, 0x10, 0xbf, 0xff, 0x8e,
    0x87, 0xff, 0x46, 0xff, 0xfe, 0x42, 0x15, 0xff,
    0xfc, 0x74, 0x3f, 0xf9, 0xf7, 0xff, 0xf2, 0x50,
    0xdf, 0xff, 0xc8, 0xf, 0xfe, 0x73, 0xff, 0xfc,
    0xa4, 0x37, 0xff, 0xf2, 0x43, 0xff, 0x98, 0xff,
    0xff, 0x2d, 0xc, 0xff, 0xff, 0x25, 0xf, 0xfe,
    0x4d, 0xff, 0xfc, 0xc4, 0x3b, 0xff, 0xf9, 0x50,
    0x7f, 0xf1, 0x9f, 0xff, 0xe7, 0x21, 0xef, 0xff,
    0xe5, 0xc1, 0xff, 0xc2, 0x7f, 0xff, 0xa0, 0x87,
    0xaf, 0xff, 0xe6, 0xc8, 0x79, 0x57, 0xff, 0xf4,
    0x90, 0xfb, 0xff, 0xfe, 0xc8, 0x7c, 0xff, 0xff,
    0xd5, 0xf, 0xd7, 0xff, 0xfd, 0x10, 0xfe, 0xbf,
    0xff, 0xe6, 0x87, 0xfb, 0xff, 0xfe, 0x68, 0x7f,
    0xdf, 0xff, 0xe0, 0xa7, 0xff, 0xf1, 0x10, 0xff,
    0xe0, 0x5f, 0xff, 0xdd, 0x8b, 0xff, 0xf8, 0x88,
    0x7f, 0xf0, 0x6f, 0xff, 0xed, 0xc0, 0xbf, 0xff,
    0x88, 0x87, 0xff, 0x9, 0xff, 0xfe, 0xcc, 0x15,
    0xff, 0xfc, 0x44, 0x3f, 0xf8, 0x9f, 0xff, 0xd7,
    0x43, 0x5f, 0xff, 0xc4, 0x43, 0xff, 0x8a, 0xff,
    0xff, 0x4e, 0xf, 0x5f, 0xff, 0xc4, 0x43, 0xff,
    0x8e, 0xff, 0xff, 0x40, 0x3f, 0x5f, 0xff, 0xc4,
    0x43, 0xff, 0x92, 0xdf, 0xff, 0xca, 0x90, 0xfe,
    0xbf, 0xff, 0x88, 0x87, 0xff, 0x31, 0xbf, 0xff,
    0x89, 0x21, 0xff, 0xc0, 0xbf, 0xff, 0x88, 0x87,
    0xff, 0x41, 0xab, 0xf5, 0x48, 0x7f, 0xf1, 0x2f,
    0xff, 0xe2, 0x21, 0xff, 0xec, 0xbf, 0xff, 0x88,
    0x87, 0xff, 0xb2, 0xff, 0xfe, 0x22, 0x1f, 0xfe,
    0xcb, 0xff, 0xf8, 0x88, 0x7f, 0xfb, 0x2f, 0xff,
    0xe2, 0x21, 0xff, 0xec, 0xbf, 0xff, 0x88, 0x87,
    0xff, 0xb2, 0xff, 0xfe, 0x22, 0x1f, 0xfe, 0xcb,
    0xff, 0xf8, 0x88, 0x7f, 0xfb, 0x2f, 0xff, 0xe2,
    0x21, 0xff, 0xec, 0xbf, 0xff, 0x88, 0x87, 0xff,
    0xb2, 0xff, 0xfe, 0x22, 0x1f, 0xfe, 0xcb, 0xff,
    0xf8, 0x88, 0x7f, 0xfb, 0x2f, 0xff, 0xe2, 0x21,
    0xff, 0xec, 0xbf, 0xff, 0x88, 0x87, 0xff, 0xb2,
    0xff, 0xfe, 0x22, 0x1f, 0xfe, 0xcb, 0xff, 0xf8,
    0x88, 0x7f, 0xfb, 0x2f, 0xff, 0xe2, 0x21, 0xff,
    0xec, 0xbf, 0xff, 0x88, 0x87, 0xff, 0xb2, 0xff,
    0xfe, 0x22, 0x1f, 0xfe, 0xcb, 0xff, 0xf8, 0x88,
    0x7f, 0xfb, 0x2f, 0xff, 0xe2, 0x21, 0xff, 0xec,
    0xbf, 0xff, 0x88, 0x87, 0xff, 0xb2, 0xff, 0xfe,
    0x22, 0x1f, 0xfe, 0xcb, 0xff, 0xf8, 0x88, 0x7f,
    0xfb, 0x2f, 0xff, 0xe2, 0x21, 0xff, 0xec, 0xbf,
    0xff, 0x88, 0x87, 0xff, 0xb2, 0xff, 0xfe, 0x22,
    0x1f, 0xfe, 0xcb, 0xff, 0xf8, 0x88, 0x7f, 0xfb,
    0x2f, 0xff, 0xe2, 0x21, 0xff, 0xec, 0xbf, 0xff,
    0x88, 0x80,

    /* U+0072 "r" */
    0xf, 0xfe, 0xa2, 0xaf, 0xfa, 0x42, 0x7f, 0xff,
    0x86, 0x87, 0xff, 0x1, 0xbf, 0xff, 0x86, 0x3f,
    0xff, 0xc3, 0x43, 0xfc, 0xff, 0xff, 0x18, 0x7f,
    0xff, 0x86, 0x87, 0xf7, 0xff, 0xf1, 0xe1, 0xff,
    0xfe, 0x1a, 0x1f, 0x3f, 0xff, 0xc8, 0x47, 0xff,
    0xf8, 0x68, 0x7a, 0xff, 0xfe, 0x4a, 0x3f, 0xff,
    0xc3, 0x43, 0xaf, 0xff, 0xe5, 0x1, 0xff, 0xfe,
    0x1a, 0x1a, 0xff, 0xfe, 0x58, 0x1f, 0xff, 0xe1,
    0xa1, 0x5f, 0xff, 0xcc, 0x3, 0xff, 0xfc, 0x34,
    0xf, 0xff, 0xf3, 0x20, 0x3f, 0xff, 0xc3, 0x41,
    0xff, 0xfc, 0xd4, 0xf, 0xff, 0xf0, 0xc1, 0xff,
    0xfc, 0xe4, 0xf, 0xff, 0xf0, 0xc7, 0xff, 0xf9,
    0xc1, 0x3f, 0xff, 0xc3, 0x7f, 0xff, 0x9e, 0x13,
    0xff, 0xfd, 0xf0, 0x9f, 0xff, 0xe9, 0x48, 0x7c,
    0xdc, 0x13, 0xff, 0xfc, 0xf8, 0x3f, 0xf8, 0xcf,
    0xff, 0xf3, 0x90, 0xff, 0xe3, 0xbf, 0xff, 0xcc,
    0x83, 0xff, 0x92, 0xff, 0xff, 0x2e, 0xf, 0xfe,
    0x53, 0xff, 0xfc, 0xa8, 0x3f, 0xf9, 0x6f, 0xff,
    0xf2, 0x83, 0xff, 0x98, 0xff, 0xff, 0x24, 0x3f,
    0xf9, 0xaf, 0xff, 0xf2, 0x10, 0xff, 0xe6, 0xbf,
    0xff, 0xc8, 0xf, 0xfe, 0x73, 0xff, 0xfc, 0x74,
    0x3f, 0xf9, 0xcf, 0xff, 0xf1, 0xc3, 0xff, 0x9e,
    0xff, 0xff, 0x19, 0xf, 0xfe, 0x7b, 0xff, 0xfc,
    0x60, 0xff, 0xe8, 0x3f, 0xff, 0xc6, 0xf, 0xfe,
    0x83, 0xff, 0xfc, 0x58, 0x3f, 0xfa, 0xf, 0xff,
    0xf1, 0x50, 0xff, 0xe8, 0x3f, 0xff, 0xc5, 0xf,
    0xfe, 0x8b, 0xff, 0xfc, 0x50, 0xff, 0xe8, 0xbf,
    0xff, 0xc5, 0xf, 0xfe, 0x8b, 0xff, 0xfc, 0x48,
    0x3f, 0xfa, 0x2f, 0xff, 0xf1, 0x20, 0xff, 0xe8,
    0xbf, 0xff, 0xc4, 0x83, 0xff, 0xa2, 0xff, 0xff,
    0x12, 0xf, 0xfe, 0x8b, 0xff, 0xfc, 0x44, 0x3f,
    0xfa, 0x2f, 0xff, 0xf1, 0x10, 0xff, 0xe8, 0xbf,
    0xff, 0xc4, 0x43, 0xff, 0xa2, 0xff, 0xff, 0x11,
    0xf, 0xfe, 0x8b, 0xff, 0xfc, 0x44, 0x3f, 0xfa,
    0x2f, 0xff, 0xf1, 0x10, 0xff, 0xe8, 0xbf, 0xff,
    0xc4, 0x43, 0xff, 0xa2, 0xff, 0xff, 0x11, 0xf,
    0xfe, 0x8b, 0xff, 0xfc, 0x44, 0x3f, 0xfa, 0x2f,
    0xff, 0xf1, 0x10, 0xff, 0xe8, 0xbf, 0xff, 0xc4,
    0x43, 0xff, 0xa2, 0xff, 0xff, 0x11, 0xf, 0xfe,
    0x8b, 0xff, 0xfc, 0x44, 0x3f, 0xfa, 0x2f, 0xff,
    0xf1, 0x10, 0xff, 0xe8, 0xbf, 0xff, 0xc4, 0x43,
    0xff, 0xa2, 0xff, 0xff, 0x11, 0xf, 0xfe, 0x8b,
    0xff, 0xfc, 0x44, 0x3f, 0xfa, 0x2f, 0xff, 0xf1,
    0x10, 0xff, 0xe8, 0xbf, 0xff, 0xc4, 0x43, 0xff,
    0xa2, 0xff, 0xff, 0x11, 0xf, 0xfe, 0x8b, 0xff,
    0xfc, 0x44, 0x3f, 0xfa, 0x2f, 0xff, 0xf1, 0x10,
    0xff, 0xe8, 0xbf, 0xff, 0xc4, 0x43, 0xff, 0xa2,
    0xff, 0xff, 0x11, 0xf, 0xfe, 0x8b, 0xff, 0xfc,
    0x44, 0x3f, 0xfa, 0x2f, 0xff, 0xf1, 0x10, 0xff,
    0xe8, 0xbf, 0xff, 0xc4, 0x43, 0xff, 0xa2, 0xff,
    0xff, 0x11, 0xf, 0xfe, 0x8b, 0xff, 0xfc, 0x44,
    0x3f, 0xfa, 0x2f, 0xff, 0xf1, 0x10, 0xff, 0xe8,
    0xbf, 0xff, 0xc4, 0x43, 0xff, 0xa2, 0xff, 0xff,
    0x11, 0xf, 0xfe, 0x8b, 0xff, 0xfc, 0x44, 0x3f,
    0xfa, 0x2f, 0xff, 0xf1, 0x10, 0xff, 0xe8, 0xbf,
    0xff, 0xc4, 0x43, 0xff, 0xa2, 0xff, 0xff, 0x11,
    0xf, 0xfe, 0x88,

    /* U+0073 "s" */
    0xf, 0xfe, 0x63, 0x4f, 0xfe, 0xa2, 0x1f, 0xfd,
    0xe6, 0xff, 0xfe, 0x3c, 0x87, 0xff, 0x5d, 0xbf,
    0xff, 0x9c, 0x87, 0xff, 0x49, 0xff, 0xfe, 0x9c,
    0x1f, 0xfc, 0xe7, 0xff, 0xfa, 0xf0, 0x7f, 0xf2,
    0xef, 0xff, 0xed, 0x21, 0xff, 0xc8, 0xff, 0xfe,
    0xf0, 0x7f, 0xf1, 0x5f, 0xff, 0xf0, 0x21, 0xff,
    0xc3, 0xff, 0xff, 0x14, 0x1f, 0xfc, 0x1f, 0xff,
    0xf2, 0x87, 0xfd, 0xff, 0xfe, 0x68, 0x3f, 0xaf,
    0xff, 0xf3, 0xc1, 0xfb, 0xff, 0xfd, 0x8, 0x7d,
    0x7f, 0xff, 0x9e, 0xf, 0xdf, 0xff, 0xc9, 0xa2,
    0x19, 0x57, 0xff, 0xf2, 0x20, 0xfc, 0xff, 0xff,
    0x1d, 0xf, 0xfe, 0xb, 0x7f, 0xff, 0xe, 0xf,
    0xeb, 0xff, 0xf8, 0xb0, 0x7f, 0xf1, 0xaf, 0xff,
    0xe0, 0x41, 0xfe, 0xff, 0xfe, 0x2c, 0x1f, 0xfc,
    0x9b, 0xff, 0xa0, 0xff, 0xbf, 0xff, 0x8a, 0x1f,
    0xfc, 0xcf, 0xfa, 0xf, 0xf9, 0xff, 0xfe, 0x24,
    0x1f, 0xfc, 0xdb, 0xf4, 0x1f, 0xfc, 0x7, 0xff,
    0xf8, 0x90, 0x7f, 0xf3, 0x9f, 0x41, 0xff, 0xc1,
    0x7f, 0xff, 0x88, 0x87, 0xff, 0x3d, 0x83, 0xff,
    0x84, 0xff, 0xff, 0x12, 0xf, 0xfe, 0xfb, 0xff,
    0xfc, 0x48, 0x3f, 0xfc, 0x1f, 0xff, 0xc5, 0xf,
    0xff, 0x7, 0xff, 0xf1, 0x60, 0xff, 0xef, 0xff,
    0xff, 0x1a, 0xf, 0xfe, 0xf5, 0xff, 0xfc, 0x70,
    0xff, 0xee, 0xbf, 0xff, 0xc9, 0x43, 0xff, 0xb7,
    0xff, 0xfc, 0xb8, 0x3f, 0xfb, 0x2f, 0xff, 0xf3,
    0x60, 0xff, 0xeb, 0xff, 0xff, 0x42, 0x43, 0xff,
    0xa9, 0xff, 0xfd, 0x29, 0xf, 0xfe, 0x8b, 0xff,
    0xfd, 0x49, 0xf, 0xfe, 0x7b, 0xff, 0xfd, 0x68,
    0x3f, 0xf9, 0xcf, 0xff, 0xf6, 0x10, 0xff, 0xe6,
    0xff, 0xff, 0x65, 0xf, 0xfe, 0x65, 0xff, 0xfd,
    0x90, 0xff, 0xe6, 0xff, 0xff, 0x66, 0xf, 0xfe,
    0x63, 0xff, 0xfd, 0x94, 0x3f, 0xf9, 0xb7, 0xff,
    0xf5, 0xe0, 0xff, 0xe7, 0x3f, 0xff, 0xd6, 0x83,
    0xff, 0xa1, 0x7f, 0xff, 0x52, 0xf, 0xfe, 0x95,
    0xff, 0xfd, 0x24, 0x3f, 0xfa, 0x8d, 0xff, 0xfc,
    0xf0, 0xff, 0xeb, 0xb7, 0xff, 0xf3, 0x43, 0xff,
    0xb2, 0xdf, 0xff, 0xca, 0x43, 0xff, 0xb7, 0x7f,
    0xff, 0x22, 0xf, 0xfe, 0xed, 0xff, 0xfc, 0x70,
    0xff, 0xef, 0x3f, 0xff, 0xc6, 0x43, 0xff, 0xbd,
    0x7f, 0xff, 0x16, 0xf, 0xfe, 0xff, 0xff, 0xf1,
    0x60, 0xff, 0x48, 0x7f, 0xf4, 0xdf, 0xff, 0xe2,
    0x87, 0xf5, 0xe4, 0x3f, 0xfa, 0x7f, 0xff, 0xc5,
    0xf, 0xd7, 0xe0, 0xff, 0xe9, 0xff, 0xff, 0x14,
    0x3e, 0xbf, 0xc8, 0x7f, 0xf4, 0x7f, 0xff, 0x8a,
    0x1e, 0xbf, 0xf2, 0x1f, 0xfc, 0xf7, 0xff, 0xf8,
    0xa1, 0xd7, 0xff, 0xa0, 0xff, 0xe7, 0x5f, 0xff,
    0xc5, 0xc, 0xff, 0xff, 0x4, 0x3f, 0xf9, 0xbf,
    0xff, 0xc5, 0x82, 0x7f, 0xff, 0x87, 0x7, 0xff,
    0x2b, 0xff, 0xf8, 0xc8, 0x1f, 0xff, 0xe3, 0x41,
    0xff, 0xc7, 0xff, 0xfe, 0x38, 0x1f, 0xff, 0xe5,
    0x21, 0xff, 0xc2, 0xbf, 0xff, 0x90, 0x3f, 0xff,
    0xce, 0xa2, 0xfa, 0x9f, 0xff, 0xca, 0x41, 0xff,
    0xfe, 0xe0, 0xdf, 0xff, 0xec, 0x83, 0xbf, 0xff,
    0xd6, 0x1f, 0x7f, 0xff, 0xa4, 0x3f, 0xbf, 0xff,
    0xce, 0x87, 0xfa, 0xff, 0xff, 0x22, 0x1f, 0xfc,
    0x7, 0xff, 0xfc, 0x48, 0x7f, 0xf0, 0xef, 0xff,
    0xef, 0xa1, 0xff, 0xc6, 0xff, 0xfe, 0xe4, 0x1f,
    0xfc, 0x97, 0xff, 0xfb, 0x28, 0x7f, 0xf3, 0x1b,
    0xff, 0xfa, 0x88, 0x7f, 0xf4, 0x6f, 0xff, 0xe7,
    0xc8, 0x7f, 0xf5, 0x9b, 0xff, 0xf9, 0x12, 0x1f,
    0xfd, 0xd6, 0x9f, 0xfd, 0x45, 0x7, 0xff, 0x24,

    /* U+0074 "t" */
    0xf, 0xfe, 0xb, 0xff, 0xfc, 0x48, 0x3f, 0xfa,
    0xcf, 0xff, 0xf1, 0x20, 0xff, 0xeb, 0x3f, 0xff,
    0xc4, 0x83, 0xff, 0xac, 0xff, 0xff, 0x12, 0xf,
    0xfe, 0xb3, 0xff, 0xfc, 0x48, 0x3f, 0xfa, 0xcf,
    0xff, 0xf1, 0x20, 0xff, 0xeb, 0x3f, 0xff, 0xc4,
    0x83, 0xff, 0xac, 0xff, 0xff, 0x12, 0xf, 0xfe,
    0xb3, 0xff, 0xfc, 0x48, 0x3f, 0xfa, 0xcf, 0xff,
    0xf1, 0x20, 0xff, 0xeb, 0x3f, 0xff, 0xc4, 0x83,
    0xff, 0xac, 0xff, 0xff, 0x12, 0xf, 0xfe, 0xb3,
    0xff, 0xfc, 0x48, 0x3f, 0xfa, 0xcf, 0xff, 0xf1,
    0x20, 0xff, 0xeb, 0x3f, 0xff, 0xc4, 0x83, 0xff,
    0xac, 0xff, 0xff, 0x12, 0xf, 0xfe, 0xb3, 0xff,
    0xfc, 0x48, 0x3f, 0xfa, 0xcf, 0xff, 0xf1, 0x20,
    0xff, 0xeb, 0x3f, 0xff, 0xc4, 0x83, 0xff, 0xac,
    0xff, 0xff, 0x12, 0xf, 0xfe, 0xb3, 0xff, 0xfc,
    0x48, 0x3f, 0xfa, 0xcf, 0xff, 0xf1, 0x20, 0xff,
    0xe5, 0x2f, 0xff, 0x7, 0xff, 0xf8, 0xab, 0xff,
    0xc7, 0x5, 0xff, 0xfe, 0x54, 0xbf, 0xff, 0xca,
    0x97, 0xff, 0xf9, 0x52, 0xff, 0xff, 0x2a, 0x5f,
    0xff, 0xe5, 0x4b, 0xff, 0xfc, 0xa9, 0x7f, 0xff,
    0x95, 0x2f, 0xff, 0xf2, 0xa5, 0xff, 0xfe, 0x54,
    0xbf, 0xff, 0xca, 0x97, 0xff, 0xf9, 0x52, 0xff,
    0xff, 0x2a, 0x5f, 0xff, 0xe5, 0x4b, 0xff, 0xfc,
    0xa8, 0x7f, 0xf0, 0x9f, 0xff, 0xe2, 0x41, 0xff,
    0xd6, 0x7f, 0xff, 0x89, 0x7, 0xff, 0x59, 0xff,
    0xfe, 0x24, 0x1f, 0xfd, 0x67, 0xff, 0xf8, 0x90,
    0x7f, 0xf5, 0x9f, 0xff, 0xe2, 0x41, 0xff, 0xd6,
    0x7f, 0xff, 0x89, 0x7, 0xff, 0x59, 0xff, 0xfe,
    0x24, 0x1f, 0xfd, 0x67, 0xff, 0xf8, 0x90, 0x7f,
    0xf5, 0x9f, 0xff, 0xe2, 0x41, 0xff, 0xd6, 0x7f,
    0xff, 0x89, 0x7, 0xff, 0x59, 0xff, 0xfe, 0x24,
    0x1f, 0xfd, 0x67, 0xff, 0xf8, 0x90, 0x7f, 0xf5,
    0x9f, 0xff, 0xe2, 0x41, 0xff, 0xd6, 0x7f, 0xff,
    0x89, 0x7, 0xff, 0x59, 0xff, 0xfe, 0x24, 0x1f,
    0xfd, 0x67, 0xff, 0xf8, 0x90, 0x7f, 0xf5, 0x9f,
    0xff, 0xe2, 0x41, 0xff, 0xd6, 0x7f, 0xff, 0x89,
    0x7, 0xff, 0x59, 0xff, 0xfe, 0x24, 0x1f, 0xfd,
    0x67, 0xff, 0xf8, 0x90, 0x7f, 0xf5, 0x9f, 0xff,
    0xe2, 0x41, 0xff, 0xd6, 0x7f, 0xff, 0x89, 0x7,
    0xff, 0x59, 0xff, 0xfe, 0x24, 0x1f, 0xfd, 0x67,
    0xff, 0xf8, 0x90, 0x7f, 0xf5, 0x9f, 0xff, 0xe2,
    0x41, 0xff, 0xd6, 0x7f, 0xff, 0x89, 0x7, 0xff,
    0x59, 0xff, 0xfe, 0x24, 0x1f, 0xfd, 0x67, 0xff,
    0xf8, 0x90, 0x7f, 0xf5, 0x9f, 0xff, 0xe2, 0x41,
    0xff, 0xd6, 0x7f, 0xff, 0x89, 0x7, 0xff, 0x59,
    0xff, 0xfe, 0x24, 0x1f, 0xfd, 0x67, 0xff, 0xf8,
    0x90, 0x7f, 0xf5, 0x9f, 0xff, 0xe2, 0x41, 0xff,
    0xd6, 0x7f, 0xff, 0x89, 0x7, 0xff, 0x59, 0xff,
    0xfe, 0x24, 0x1f, 0xfd, 0x67, 0xff, 0xf8, 0x90,
    0x7f, 0xf5, 0x9f, 0xff, 0xe2, 0x87, 0xff, 0x5f,
    0xff, 0xf8, 0xa1, 0xff, 0xd7, 0xff, 0xfe, 0x28,
    0x7f, 0xf5, 0xff, 0xff, 0x8a, 0x1f, 0xfd, 0x7f,
    0xff, 0xe2, 0xa1, 0xff, 0xd6, 0xff, 0xfe, 0x30,
    0x7f, 0xf5, 0xbf, 0xff, 0x8c, 0x1f, 0xfd, 0x6b,
    0xff, 0xf8, 0xc1, 0xff, 0xd5, 0x7f, 0xff, 0x8d,
    0x7, 0xff, 0x5, 0x83, 0xff, 0x8d, 0xff, 0xfc,
    0x84, 0x3e, 0x55, 0xf2, 0x1f, 0xfc, 0x5f, 0xff,
    0xeb, 0x41, 0xff, 0xc5, 0xbf, 0xff, 0xab, 0x7,
    0xff, 0x1b, 0xff, 0xfa, 0xc1, 0xff, 0xc6, 0xff,
    0xfe, 0xb0, 0x7f, 0xf1, 0x9f, 0xff, 0xea, 0x87,
    0xff, 0x1f, 0xff, 0xfa, 0xa8, 0x7f, 0xf1, 0xff,
    0xff, 0xa8, 0x87, 0xff, 0x1d, 0xff, 0xfe, 0x9c,
    0x1f, 0xfc, 0x8b, 0xff, 0xfa, 0x61, 0xff, 0xc9,
    0xbf, 0xff, 0xa4, 0x1f, 0xfc, 0xab, 0xff, 0xfa,
    0x21, 0xff, 0xcb, 0x7f, 0xff, 0xa0, 0x87, 0xff,
    0x32, 0xff, 0xfe, 0x6a, 0x1f, 0xfc, 0xf7, 0xff,
    0xf8, 0xf2, 0x1f, 0xfd, 0x56, 0x9f, 0xfa, 0x8a,
    0xf, 0xc0,

    /* U+0075 "u" */
    0x7f, 0xff, 0x89, 0x7, 0xff, 0x4b, 0xff, 0xf8,
    0x93, 0xff, 0xfc, 0x48, 0x3f, 0xfa, 0x5f, 0xff,
    0xc4, 0x9f, 0xff, 0xe2, 0x41, 0xff, 0xd2, 0xff,
    0xfe, 0x24, 0xff, 0xff, 0x12, 0xf, 0xfe, 0x97,
    0xff, 0xf1, 0x27, 0xff, 0xf8, 0x90, 0x7f, 0xf4,
    0xbf, 0xff, 0x89, 0x3f, 0xff, 0xc4, 0x83, 0xff,
    0xa5, 0xff, 0xfc, 0x49, 0xff, 0xfe, 0x24, 0x1f,
    0xfd, 0x2f, 0xff, 0xe2, 0x4f, 0xff, 0xf1, 0x20,
    0xff, 0xe9, 0x7f, 0xff, 0x12, 0x7f, 0xff, 0x89,
    0x7, 0xff, 0x4b, 0xff, 0xf8, 0x93, 0xff, 0xfc,
    0x48, 0x3f, 0xfa, 0x5f, 0xff, 0xc4, 0x9f, 0xff,
    0xe2, 0x41, 0xff, 0xd2, 0xff, 0xfe, 0x24, 0xff,
    0xff, 0x12, 0xf, 0xfe, 0x97, 0xff, 0xf1, 0x27,
    0xff, 0xf8, 0x90, 0x7f, 0xf4, 0xbf, 0xff, 0x89,
    0x3f, 0xff, 0xc4, 0x83, 0xff, 0xa5, 0xff, 0xfc,
    0x49, 0xff, 0xfe, 0x24, 0x1f, 0xfd, 0x2f, 0xff,
    0xe2, 0x4f, 0xff, 0xf1, 0x20, 0xff, 0xe9, 0x7f,
    0xff, 0x12, 0x7f, 0xff, 0x89, 0x7, 0xff, 0x4b,
    0xff, 0xf8, 0x93, 0xff, 0xfc, 0x48, 0x3f, 0xfa,
    0x5f, 0xff, 0xc4, 0x9f, 0xff, 0xe2, 0x41, 0xff,
    0xd2, 0xff, 0xfe, 0x24, 0xff, 0xff, 0x12, 0xf,
    0xfe, 0x97, 0xff, 0xf1, 0x27, 0xff, 0xf8, 0x90,
    0x7f, 0xf4, 0xbf, 0xff, 0x89, 0x3f, 0xff, 0xc4,
    0x83, 0xff, 0xa5, 0xff, 0xfc, 0x49, 0xff, 0xfe,
    0x24, 0x1f, 0xfd, 0x2f, 0xff, 0xe2, 0x4f, 0xff,
    0xf1, 0x20, 0xff, 0xe9, 0x7f, 0xff, 0x12, 0x7f,
    0xff, 0x89, 0x7, 0xff, 0x4b, 0xff, 0xf8, 0x93,
    0xff, 0xfc, 0x48, 0x3f, 0xfa, 0x5f, 0xff, 0xc4,
    0x9f, 0xff, 0xe2, 0x41, 0xff, 0xd2, 0xff, 0xfe,
    0x24, 0xff, 0xff, 0x12, 0xf, 0xfe, 0x97, 0xff,
    0xf1, 0x27, 0xff, 0xf8, 0x90, 0x7f, 0xf4, 0xbf,
    0xff, 0x89, 0x3f, 0xff, 0xc4, 0x83, 0xff, 0xa5,
    0xff, 0xfc, 0x49, 0xff, 0xfe, 0x24, 0x1f, 0xfd,
    0x2f, 0xff, 0xe2, 0x4f, 0xff, 0xf1, 0x20, 0xff,
    0xe9, 0x7f, 0xff, 0x12, 0x7f, 0xff, 0x89, 0x7,
    0xff, 0x4b, 0xff, 0xf8, 0x93, 0xff, 0xfc, 0x48,
    0x3f, 0xfa, 0x5f, 0xff, 0xc4, 0x9f, 0xff, 0xe2,
    0x41, 0xff, 0xd2, 0xff, 0xfe, 0x24, 0xff, 0xff,
    0x12, 0xf, 0xfe, 0x97, 0xff, 0xf1, 0x27, 0xff,
    0xf8, 0x90, 0x7f, 0xf4, 0xbf, 0xff, 0x89, 0x3f,
    0xff, 0xc4, 0x83, 0xff, 0xa5, 0xff, 0xfc, 0x49,
    0xff, 0xfe, 0x24, 0x1f, 0xfd, 0x2f, 0xff, 0xe2,
    0x4f, 0xff, 0xf1, 0x20, 0xff, 0xe9, 0x7f, 0xff,
    0x12, 0x7f, 0xff, 0x89, 0x7, 0xff, 0x4b, 0xff,
    0xf8, 0x93, 0xff, 0xfc, 0x48, 0x3f, 0xfa, 0x5f,
    0xff, 0xc4, 0x9f, 0xff, 0xe2, 0x41, 0xff, 0xd2,
    0xff, 0xfe, 0x24, 0xff, 0xff, 0x12, 0xf, 0xfe,
    0x8b, 0xff, 0xfc, 0x49, 0xff, 0xfe, 0x24, 0x1f,
    0xfd, 0x1b, 0xff, 0xf8, 0x93, 0xff, 0xfc, 0x48,
    0x3f, 0xfa, 0x37, 0xff, 0xf1, 0x27, 0xff, 0xf8,
    0x90, 0x7f, 0xf4, 0x7f, 0xff, 0x8b, 0x3f, 0xff,
    0xc5, 0xf, 0xfe, 0x83, 0xff, 0xfc, 0x59, 0xff,
    0xfe, 0x28, 0x7f, 0xf4, 0x2f, 0xff, 0xe2, 0xcf,
    0xff, 0xf1, 0x43, 0xff, 0xa1, 0xff, 0xfc, 0x68,
    0xff, 0xfe, 0x2a, 0x1f, 0xfc, 0xeb, 0xff, 0xf8,
    0xd1, 0xff, 0xfc, 0x58, 0x3f, 0xf9, 0xaf, 0xff,
    0xf1, 0xe3, 0xff, 0xf8, 0xc1, 0xff, 0xcd, 0xff,
    0xfe, 0x44, 0x7f, 0xff, 0x18, 0x3f, 0xf9, 0x97,
    0xff, 0xf2, 0x22, 0xff, 0xfe, 0x2c, 0x1f, 0xfc,
    0xab, 0xff, 0xf9, 0x30, 0xff, 0xff, 0x19, 0xf,
    0xfe, 0x45, 0xff, 0xfc, 0xa8, 0x1f, 0xff, 0xc7,
    0xf, 0xfe, 0x3d, 0xff, 0xfc, 0xb8, 0x1f, 0xff,
    0xc8, 0xf, 0xfe, 0x23, 0xff, 0xfc, 0xd8, 0x17,
    0xff, 0xf2, 0x10, 0xff, 0xe0, 0xdf, 0xff, 0xce,
    0x82, 0xff, 0xfe, 0x54, 0x87, 0x95, 0xff, 0xfd,
    0x18, 0x2b, 0xff, 0xfe, 0x10, 0x4f, 0xff, 0xfc,
    0x20, 0xdf, 0xff, 0xf0, 0x83, 0xbf, 0xff, 0xdf,
    0x7, 0x5f, 0xff, 0xde, 0x3f, 0xff, 0x87, 0x7,
    0xbf, 0xff, 0xba, 0xf, 0xff, 0xe1, 0xc1, 0xf7,
    0xff, 0xf6, 0xc2, 0xff, 0xfe, 0x1c, 0x1f, 0x3f,
    0xff, 0xd9, 0xd, 0xff, 0xfc, 0x38, 0x3f, 0x3f,
    0xff, 0xd7, 0xe, 0xff, 0xfe, 0x1c, 0x1f, 0xef,
    0xff, 0xea, 0x41, 0xef, 0xff, 0xe1, 0xc1, 0xff,
    0x5f, 0xff, 0xd1, 0x43, 0xef, 0xff, 0xe1, 0xc1,
    0xff, 0xc0, 0x7f, 0xff, 0x9d, 0x7, 0xf7, 0xff,
    0xf0, 0xe0, 0xff, 0xe1, 0x3f, 0xff, 0xca, 0x83,
    0xfe, 0xff, 0xfe, 0x1c, 0x1f, 0xfc, 0x46, 0xff,
    0xfe, 0x24, 0x87, 0xff, 0x7, 0xff, 0xf8, 0x68,
    0x7f, 0xf1, 0xd5, 0x7f, 0xe9, 0x41, 0xff, 0xd4,

    /* U+0076 "v" */
    0x7f, 0xff, 0x8c, 0x1f, 0xfd, 0x7f, 0xff, 0xe3,
    0x1f, 0xff, 0xc6, 0x43, 0xff, 0xaa, 0xff, 0xff,
    0x15, 0x2f, 0xff, 0xe2, 0xc1, 0xff, 0xd5, 0xbf,
    0xff, 0x8a, 0x7, 0xff, 0xf8, 0xc1, 0xff, 0xd5,
    0xff, 0xfe, 0x2c, 0x17, 0xff, 0xf1, 0x83, 0xff,
    0xa8, 0xff, 0xff, 0x15, 0xa, 0xff, 0xfe, 0x2c,
    0x1f, 0xfd, 0x3b, 0xff, 0xf8, 0xa1, 0xdf, 0xff,
    0xc6, 0xf, 0xfe, 0x9f, 0xff, 0xf1, 0x60, 0xef,
    0xff, 0xe3, 0x7, 0xff, 0x4f, 0xff, 0xf8, 0xa1,
    0xe7, 0xff, 0xf8, 0xb0, 0x7f, 0xf4, 0x6f, 0xff,
    0xe2, 0x87, 0xdf, 0xff, 0xc6, 0xf, 0xfe, 0x8f,
    0xff, 0xf1, 0x50, 0xfa, 0xff, 0xfe, 0x28, 0x7f,
    0xf4, 0x7f, 0xff, 0x8a, 0x1f, 0x9f, 0xff, 0xe2,
    0xa1, 0xff, 0xcf, 0xbf, 0xff, 0x89, 0x7, 0xf7,
    0xff, 0xf1, 0x83, 0xff, 0x9f, 0xff, 0xfc, 0x54,
    0x3f, 0xaf, 0xff, 0xe2, 0x87, 0xff, 0x3f, 0xff,
    0xf8, 0xa1, 0xfe, 0x7f, 0xff, 0x8a, 0x87, 0xff,
    0x36, 0xff, 0xfe, 0x24, 0x1f, 0xf7, 0xff, 0xf1,
    0x83, 0xff, 0x9b, 0xff, 0xfc, 0x54, 0x3f, 0xeb,
    0xff, 0xf8, 0xa1, 0xff, 0xcd, 0xff, 0xfe, 0x28,
    0x7f, 0xf0, 0x7f, 0xff, 0x8a, 0x87, 0xff, 0x2d,
    0xff, 0xfe, 0x24, 0x1f, 0xfc, 0x1f, 0xff, 0xe3,
    0x7, 0xff, 0x2f, 0xff, 0xf8, 0xa1, 0xff, 0xc2,
    0x7f, 0xff, 0x8a, 0x1f, 0xfc, 0xbf, 0xff, 0xe2,
    0x87, 0xff, 0xf, 0xff, 0xf8, 0xa8, 0x7f, 0xf2,
    0x5f, 0xff, 0xe2, 0x21, 0xff, 0xc3, 0xbf, 0xff,
    0x89, 0x7, 0xff, 0x27, 0xff, 0xf8, 0xa1, 0xff,
    0xc4, 0x7f, 0xff, 0x8a, 0x1f, 0xfc, 0x9f, 0xff,
    0xe2, 0x41, 0xff, 0xc5, 0xff, 0xfe, 0x2a, 0x1f,
    0xfc, 0x77, 0xff, 0xf8, 0x88, 0x7f, 0xf1, 0x6f,
    0xff, 0xe2, 0x41, 0xff, 0xc7, 0xff, 0xfe, 0x28,
    0x7f, 0xf1, 0xff, 0xff, 0x8a, 0x1f, 0xfc, 0x7f,
    0xff, 0xe2, 0x41, 0xff, 0xc7, 0xff, 0xfe, 0x2a,
    0x1f, 0xfc, 0x57, 0xff, 0xf8, 0x81, 0xff, 0xc8,
    0x7f, 0xff, 0x89, 0x7, 0xff, 0x16, 0xff, 0xfe,
    0x20, 0x7f, 0xf2, 0x7f, 0xff, 0x8a, 0x1f, 0xfc,
    0x5f, 0xff, 0xe2, 0x21, 0xff, 0xc9, 0xff, 0xfe,
    0x2a, 0x1f, 0xfc, 0x37, 0xff, 0xf8, 0x81, 0xff,
    0xca, 0x7f, 0xff, 0x89, 0x7, 0xff, 0xe, 0xff,
    0xfe, 0x20, 0x7f, 0xf2, 0xff, 0xff, 0x8a, 0x1f,
    0xfc, 0x3f, 0xff, 0xe2, 0x21, 0xff, 0xcb, 0xbf,
    0xff, 0x88, 0x87, 0xff, 0x5, 0xff, 0xfe, 0x20,
    0x7f, 0xf3, 0x1f, 0xff, 0xe2, 0x41, 0xff, 0xc1,
    0xbf, 0xff, 0x87, 0x7, 0xff, 0x37, 0xff, 0xf8,
    0xa1, 0xff, 0xc1, 0xff, 0xfe, 0x22, 0x1f, 0xfc,
    0xdb, 0xff, 0xf8, 0x88, 0x7f, 0xcf, 0xff, 0xf1,
    0x3, 0xff, 0x9f, 0xff, 0xfc, 0x48, 0x3f, 0xeb,
    0xff, 0xf8, 0x70, 0x7f, 0xf3, 0xff, 0xff, 0x8a,
    0x1f, 0xf7, 0xff, 0xf1, 0x3, 0xff, 0xa0, 0xff,
    0xff, 0x11, 0xf, 0xe7, 0xff, 0xf8, 0x81, 0xff,
    0xd1, 0xff, 0xfe, 0x24, 0x1f, 0xd7, 0xff, 0xf0,
    0xd0, 0xff, 0xe8, 0xdf, 0xff, 0xc4, 0xf, 0xef,
    0xff, 0xe2, 0x7, 0xff, 0x49, 0xff, 0xfe, 0x20,
    0x7e, 0x7f, 0xff, 0x87, 0x7, 0xff, 0x4f, 0xff,
    0xf8, 0x90, 0x7d, 0x7f, 0xff, 0xd, 0xf, 0xfe,
    0x9d, 0xff, 0xfc, 0x40, 0xfb, 0xff, 0xf8, 0x81,
    0xff, 0xd4, 0x7f, 0xff, 0x88, 0x1f, 0x7f, 0xff,
    0xe, 0xf, 0xfe, 0xaf, 0xff, 0xf1, 0x20, 0xeb,
    0xff, 0xf8, 0x68, 0x7f, 0xf5, 0x6f, 0xff, 0xe2,
    0x7, 0x7f, 0xff, 0x10, 0x3f, 0xfa, 0xff, 0xff,
    0xc4, 0xe, 0xff, 0xfe, 0x1c, 0x1f, 0xfd, 0x7f,
    0xff, 0xe2, 0x21, 0x5f, 0xff, 0xc3, 0xf, 0xfe,
    0xc3, 0xff, 0xfc, 0x40, 0xbf, 0xff, 0x88, 0x1f,
    0xfd, 0x9f, 0xff, 0xe2, 0x5, 0xff, 0xfc, 0x34,
    0x3f, 0xfb, 0x37, 0xff, 0xf0, 0xd2, 0xff, 0xfe,
    0x18, 0x7f, 0xf6, 0x9f, 0xff, 0xe2, 0x1f, 0xff,
    0xc3, 0x83, 0xff, 0xb7, 0xff, 0xfc, 0x47, 0xff,
    0xf8, 0x68, 0x7f, 0xf6, 0xef, 0xff, 0xe9, 0x87,
    0xff, 0x77, 0xff, 0xfa, 0x50, 0x7f, 0xf7, 0x7f,
    0xff, 0xa4, 0x1f, 0xfd, 0xe7, 0xff, 0xfa, 0x21,
    0xff, 0xdf, 0xff, 0xfe, 0x82, 0x1f, 0xfd, 0xfb,
    0xff, 0xf9, 0xe1, 0xff, 0xe0, 0x7f, 0xff, 0x9e,
    0x1f, 0xfe, 0x1f, 0xff, 0xe7, 0x21, 0xff, 0xe1,
    0xbf, 0xff, 0x9a, 0x1f, 0xfe, 0x27, 0xff, 0xf9,
    0x90, 0x7f, 0xf8, 0xff, 0xff, 0x98, 0x87, 0xff,
    0x8e, 0xff, 0xfe, 0x58, 0x7f, 0xf9, 0x7f, 0xff,
    0x95, 0x7, 0xff, 0x97, 0xff, 0xf9, 0x41, 0xff,
    0xe6, 0x7f, 0xff, 0x92, 0x1f, 0xfe, 0x7f, 0xff,
    0xe4, 0x21, 0xff, 0xe7, 0xbf, 0xff, 0x8e, 0x1f,
    0xfe, 0x87, 0xff, 0xf8, 0xd0, 0x7f, 0xfa, 0x7f,
    0xff, 0x8c, 0x87, 0xff, 0xa6, 0xff, 0xfe, 0x28,
    0x7f, 0xf3, 0xc0,

    /* U+0077 "w" */
    0xbf, 0xff, 0x89, 0x7, 0xff, 0x43, 0xff, 0xf8,
    0x88, 0x7f, 0xf3, 0xdf, 0xff, 0xe2, 0x4f, 0xff,
    0xf1, 0x43, 0xff, 0xa1, 0xff, 0xfc, 0x48, 0x3f,
    0xf9, 0xf7, 0xff, 0xf1, 0x13, 0xff, 0xf8, 0xa1,
    0xff, 0xcf, 0x7f, 0xff, 0x8a, 0x1f, 0xfc, 0xff,
    0xff, 0xe2, 0x83, 0xff, 0xf8, 0xa8, 0x7f, 0xf3,
    0xaf, 0xff, 0xe2, 0x87, 0xff, 0x3f, 0xff, 0xf8,
    0xa0, 0xbf, 0xff, 0x89, 0x7, 0xff, 0x3b, 0xff,
    0xf8, 0xc8, 0x7f, 0xf3, 0x5f, 0xff, 0xe2, 0x20,
    0x7f, 0xff, 0x8a, 0x1f, 0xfc, 0xd7, 0xff, 0xf8,
    0xd0, 0x7f, 0xf3, 0x6f, 0xff, 0xe2, 0x6, 0xff,
    0xfe, 0x28, 0x7f, 0xf3, 0x6f, 0xff, 0xe3, 0x87,
    0xff, 0x37, 0xff, 0xf8, 0xa1, 0xaf, 0xff, 0xe2,
    0x21, 0xff, 0xcc, 0xff, 0xfe, 0x42, 0x1f, 0xfc,
    0xcf, 0xff, 0xe2, 0x41, 0x9f, 0xff, 0xe2, 0x41,
    0xff, 0xcc, 0xff, 0xfe, 0x44, 0x1f, 0xfc, 0xb7,
    0xff, 0xf8, 0x88, 0x77, 0xff, 0xf1, 0x43, 0xff,
    0x96, 0xff, 0xff, 0x24, 0x3f, 0xf9, 0x77, 0xff,
    0xf1, 0x3, 0xdf, 0xff, 0xc5, 0xf, 0xfe, 0x5d,
    0xff, 0xfc, 0x90, 0xff, 0xe5, 0xff, 0xff, 0x14,
    0x3c, 0xff, 0xff, 0x11, 0xf, 0xfe, 0x57, 0xff,
    0xf2, 0xa0, 0xff, 0xe5, 0x7f, 0xff, 0x11, 0xf,
    0xbf, 0xff, 0x89, 0x7, 0xff, 0x2b, 0xff, 0xf9,
    0x61, 0xff, 0xc9, 0x7f, 0xff, 0x88, 0x1f, 0xbf,
    0xff, 0x8a, 0x1f, 0xfc, 0x9b, 0xff, 0xf9, 0x61,
    0xff, 0xc9, 0xbf, 0xff, 0x88, 0x1f, 0xaf, 0xff,
    0xe2, 0x21, 0xff, 0xc8, 0xff, 0xfe, 0x62, 0x1f,
    0xfc, 0x8f, 0xff, 0xe2, 0x41, 0xf9, 0xff, 0xfe,
    0x24, 0x1f, 0xfc, 0x8f, 0xff, 0xe6, 0x41, 0xff,
    0xc8, 0xff, 0xfe, 0x22, 0x1f, 0xdf, 0xff, 0xc5,
    0xf, 0xfe, 0x3b, 0xff, 0xfc, 0xd0, 0xff, 0xe3,
    0xbf, 0xff, 0xc4, 0xf, 0xf5, 0xff, 0xfc, 0x40,
    0xff, 0xe3, 0xdf, 0xff, 0xcd, 0x43, 0xff, 0x8d,
    0x7f, 0xff, 0xe, 0xf, 0xf3, 0xff, 0xfc, 0x44,
    0x3f, 0xf8, 0xdf, 0xff, 0xce, 0x83, 0xff, 0x8d,
    0xff, 0xfc, 0x44, 0x3f, 0xef, 0xff, 0xe2, 0x41,
    0xff, 0xc6, 0xff, 0xfe, 0x78, 0x7f, 0xf1, 0xbf,
    0xff, 0x88, 0x1f, 0xfc, 0xf, 0xff, 0xe2, 0x87,
    0xff, 0x16, 0xff, 0xfe, 0x3, 0xff, 0xfc, 0x20,
    0xff, 0xe2, 0xbf, 0xff, 0xc4, 0xf, 0xfe, 0x5,
    0xff, 0xfc, 0x40, 0xff, 0xe2, 0xff, 0xff, 0x4,
    0x7f, 0xff, 0x82, 0x87, 0xff, 0x12, 0xff, 0xfe,
    0x1c, 0x1f, 0xfc, 0x1f, 0xff, 0xe2, 0x21, 0xff,
    0xc4, 0xff, 0xfe, 0x8, 0x3f, 0xff, 0x83, 0x7,
    0xff, 0x13, 0xff, 0xf8, 0x88, 0x7f, 0xf0, 0x7f,
    0xff, 0x89, 0x7, 0xff, 0xd, 0xff, 0xfe, 0x4,
    0xf, 0xff, 0xe1, 0x7, 0xff, 0x13, 0xff, 0xf8,
    0x81, 0xff, 0xc2, 0xbf, 0xff, 0x88, 0x1f, 0xfc,
    0x3b, 0xff, 0xf8, 0x8, 0x2f, 0xff, 0xe0, 0xa1,
    0xff, 0xc2, 0x7f, 0xff, 0x87, 0x7, 0xff, 0x9,
    0xff, 0xfe, 0x20, 0x7f, 0xf0, 0xff, 0xff, 0x82,
    0x13, 0xff, 0xfc, 0x18, 0x3f, 0xf8, 0x57, 0xff,
    0xf0, 0xd0, 0xff, 0xe1, 0xff, 0xff, 0x11, 0xf,
    0xfe, 0x17, 0xff, 0xf0, 0x43, 0x7f, 0xff, 0x8,
    0x3f, 0xf8, 0x5f, 0xff, 0xc4, 0xf, 0xfe, 0x27,
    0xff, 0xf1, 0x20, 0xff, 0xe0, 0xdf, 0xff, 0xc0,
    0x43, 0x7f, 0xff, 0x8, 0x3f, 0xf8, 0x5f, 0xff,
    0xc4, 0xf, 0xfe, 0x23, 0xff, 0xfc, 0x40, 0xff,
    0xe0, 0xff, 0xff, 0x4, 0x39, 0xff, 0xfe, 0xa,
    0x1f, 0xfc, 0x7, 0xff, 0xf8, 0x70, 0x7f, 0xf1,
    0x7f, 0xff, 0x88, 0x1f, 0xfc, 0x1f, 0xff, 0xe0,
    0x87, 0xbf, 0xff, 0x84, 0x1f, 0xfc, 0xb, 0xff,
    0xf8, 0x68, 0x7f, 0xf1, 0x7f, 0xff, 0x88, 0x87,
    0xfc, 0xff, 0xff, 0x2, 0xf, 0x7f, 0xff, 0x8,
    0x3f, 0xf8, 0x1f, 0xff, 0xc4, 0xf, 0xfe, 0x35,
    0xff, 0xfc, 0x38, 0x3f, 0xeb, 0xff, 0xf8, 0x8,
    0x7a, 0xff, 0xfe, 0xa, 0x1f, 0xf7, 0xff, 0xf0,
    0xe0, 0xff, 0xe3, 0x3f, 0xff, 0xc4, 0xf, 0xfb,
    0xff, 0xf8, 0x21, 0xf3, 0xff, 0xfc, 0x18, 0x3f,
    0xcf, 0xff, 0xf0, 0xd0, 0xff, 0xe3, 0xff, 0xff,
    0x10, 0x3f, 0xef, 0xff, 0xe0, 0x87, 0xef, 0xff,
    0xe1, 0x7, 0xfa, 0xff, 0xfe, 0x18, 0x7f, 0xf2,
    0x2f, 0xff, 0xe1, 0xa1, 0xfd, 0x7f, 0xff, 0x2,
    0xf, 0xdf, 0xff, 0xc2, 0xf, 0xf7, 0xff, 0xf1,
    0x3, 0xff, 0x90, 0xff, 0xff, 0xe, 0xf, 0xef,
    0xff, 0xe0, 0xa1, 0xf9, 0xff, 0xfe, 0xc, 0x1f,
    0xdf, 0xff, 0xc3, 0x83, 0xff, 0x93, 0xff, 0xfc,
    0x40, 0xfe, 0xff, 0xfe, 0x8, 0x7f, 0xbf, 0xff,
    0x84, 0x1f, 0x9f, 0xff, 0xe1, 0xa1, 0xff, 0xc9,
    0xff, 0xfe, 0x20, 0x7e, 0x7f, 0xff, 0x81, 0x7,
    0xfb, 0xff, 0xf8, 0x41, 0xfa, 0xff, 0xfe, 0x18,
    0x7f, 0xf2, 0xaf, 0xff, 0xe1, 0xc1, 0xf5, 0xff,
    0xfc, 0x4, 0x3f, 0xd7, 0xff, 0xf0, 0x50, 0xfb,
    0xff, 0xf8, 0x70, 0x7f, 0xf2, 0xff, 0xff, 0x88,
    0x1f, 0x7f, 0xff, 0x4, 0x3f, 0xe7, 0xff, 0xf8,
    0x30, 0x7d, 0xff, 0xfc, 0x34, 0x3f, 0xf9, 0x7f,
    0xff, 0xc4, 0xf, 0xbf, 0xff, 0x82, 0x1f, 0xfc,
    0xf, 0xff, 0xe1, 0x7, 0x9f, 0xff, 0xe1, 0x87,
    0xff, 0x32, 0xff, 0xfe, 0x1a, 0x1c, 0xff, 0xff,
    0x2, 0xf, 0xfe, 0x7, 0xff, 0xf0, 0x90, 0xeb,
    0xff, 0xf8, 0x61, 0xff, 0xcc, 0x7f, 0xff, 0x87,
    0x7, 0x7f, 0xff, 0x5, 0xf, 0xfe, 0x3, 0xff,
    0xfc, 0x18, 0x3b, 0xff, 0xf8, 0x70, 0x7f, 0xf3,
    0x7f, 0xff, 0x88, 0x1d, 0xff, 0xfc, 0x10, 0xff,
    0xe1, 0x7f, 0xff, 0x8, 0x3b, 0xff, 0xf8, 0x68,
    0x7f, 0xf3, 0x7f, 0xff, 0x88, 0x19, 0xff, 0xfe,
    0x8, 0x7f, 0xf0, 0xbf, 0xff, 0x84, 0x19, 0xff,
    0xfe, 0x18, 0x7f, 0xf3, 0x9f, 0xff, 0xe1, 0xa1,
    0x5f, 0xff, 0xc0, 0x83, 0xff, 0x85, 0x7f, 0xff,
    0x5, 0xa, 0xff, 0xfe, 0x14, 0x1f, 0xfc, 0xff,
    0xff, 0xe1, 0xc1, 0x7f, 0xff, 0x5, 0xf, 0xfe,
    0x13, 0xff, 0xfc, 0x20, 0xbf, 0xff, 0x86, 0x87,
    0xff, 0x3f, 0xff, 0xf8, 0x81, 0x7f, 0xff, 0x4,
    0x3f, 0xf8, 0x9f, 0xff, 0xc2, 0xb, 0xff, 0xf8,
    0x61, 0xff, 0xd0, 0xbf, 0xff, 0x86, 0x7, 0xff,
    0xf8, 0x10, 0x7f, 0xf1, 0x3f, 0xff, 0x84, 0x8f,
    0xff, 0xf0, 0xc3, 0xff, 0xa0, 0xff, 0xff, 0xd,
    0x3f, 0xff, 0x82, 0x87, 0xff, 0x11, 0xff, 0xfe,
    0xc, 0x5f, 0xff, 0xc2, 0x83, 0xff, 0xa3, 0xff,
    0xfc, 0x38, 0xff, 0xfe, 0x8, 0x7f, 0xf1, 0xbf,
    0xff, 0x84, 0x7f, 0xff, 0xd, 0xf, 0xfe, 0x8d,
    0xff, 0xfc, 0x37, 0xff, 0xf8, 0x21, 0xff, 0xc6,
    0xff, 0xfe, 0x13, 0xff, 0xfc, 0x30, 0xff, 0xe9,
    0x3f, 0xff, 0xd0, 0x83, 0xff, 0x8d, 0x7f, 0xff,
    0x42, 0xf, 0xfe, 0x9f, 0xff, 0xf4, 0x10, 0xff,
    0xe3, 0x3f, 0xff, 0xd0, 0x43, 0xff, 0xa7, 0xff,
    0xfd, 0x0, 0xff, 0xe4, 0x7f, 0xff, 0x40, 0x3f,
    0xfa, 0x97, 0xff, 0xf3, 0xc3, 0xff, 0x91, 0x7f,
    0xff, 0x3c, 0x3f, 0xfa, 0xbf, 0xff, 0xce, 0x83,
    0xff, 0x90, 0xff, 0xff, 0x3a, 0xf, 0xfe, 0xaf,
    0xff, 0xf3, 0x90, 0xff, 0xe4, 0xff, 0xff, 0x38,
    0x3f, 0xfa, 0xd7, 0xff, 0xf3, 0x43, 0xff, 0x95,
    0xff, 0xfc, 0xe0, 0xff, 0xeb, 0x3f, 0xff, 0xcc,
    0x83, 0xff, 0x95, 0x7f, 0xff, 0x32, 0xf, 0xfe,
    0xbf, 0xff, 0xf3, 0x10, 0xff, 0xe5, 0x3f, 0xff,
    0xcc, 0x43, 0xff, 0xaf, 0x7f, 0xff, 0x2c, 0x3f,
    0xf9, 0x9f, 0xff, 0xcc, 0xf, 0xfe, 0xc3, 0xff,
    0xfc, 0xb0, 0xff, 0xe6, 0x5f, 0xff, 0xcb, 0xf,
    0xfe, 0xcf, 0xff, 0xf2, 0xa0, 0xff, 0xe6, 0x3f,
    0xff, 0xca, 0x83, 0xff, 0xb3, 0xff, 0xfc, 0xa4,
    0x3f, 0xf9, 0xbf, 0xff, 0xca, 0xf, 0xfe, 0xd5,
    0xff, 0xfc, 0x90, 0xff, 0xe7, 0x7f, 0xff, 0x28,
    0x3f, 0xfb, 0x4f, 0xff, 0xf2, 0x43, 0xff, 0x9d,
    0x7f, 0xff, 0x22, 0xf, 0xfe, 0xdf, 0xff, 0xf2,
    0x20, 0xff, 0xe7, 0x3f, 0xff, 0xc8, 0x43, 0xff,
    0xb7, 0x7f, 0xff, 0x1d, 0xf, 0xfe, 0x7f, 0xff,
    0xf2, 0x3, 0xff, 0xb8, 0xff, 0xff, 0x1c, 0x3f,
    0xfa, 0x17, 0xff, 0xf1, 0xc3, 0xff, 0xbb, 0xff,
    0xfc, 0x68, 0x3f, 0xfa, 0xf, 0xff, 0xf1, 0xa0,
    0xff, 0xee, 0xff, 0xff, 0x19, 0xf, 0xfe, 0x8f,
    0xff, 0xf1, 0x83, 0xff, 0xbc, 0xff, 0xff, 0x14,
    0x3f, 0xfa, 0x5f, 0xff, 0xc6, 0xf, 0xfe, 0xff,
    0xff, 0xf1, 0x43, 0xff, 0xa5, 0x7f, 0xff, 0x12,
    0xf, 0xfe, 0x48,

    /* U+0078 "x" */
    0x7, 0xff, 0xf2, 0x10, 0xff, 0xea, 0x7f, 0xff,
    0x21, 0xa, 0xff, 0xfe, 0x40, 0x7f, 0xf4, 0xdf,
    0xff, 0xe3, 0xc1, 0xdf, 0xff, 0xc8, 0x83, 0xff,
    0xa5, 0xff, 0xfc, 0x80, 0xfb, 0xff, 0xf9, 0x8,
    0x7f, 0xf4, 0x2f, 0xff, 0xe3, 0xa1, 0xf3, 0xff,
    0xfc, 0x80, 0xff, 0xe7, 0xbf, 0xff, 0xc7, 0x83,
    0xfa, 0xff, 0xfe, 0x3c, 0x1f, 0xfc, 0xef, 0xff,
    0xe4, 0x7, 0xfd, 0xff, 0xfc, 0x84, 0x3f, 0xf9,
    0x97, 0xff, 0xf1, 0xc3, 0xff, 0x80, 0xff, 0xff,
    0x20, 0x3f, 0xf9, 0x9f, 0xff, 0xc7, 0x43, 0xff,
    0x83, 0x7f, 0xff, 0x1e, 0xf, 0xfe, 0x57, 0xff,
    0xf2, 0x3, 0xff, 0x87, 0xff, 0xfc, 0x80, 0xff,
    0xe4, 0xbf, 0xff, 0xc7, 0xf, 0xfe, 0x23, 0xff,
    0xfc, 0x80, 0xff, 0xe4, 0x7f, 0xff, 0x1d, 0xf,
    0xfe, 0x2d, 0xff, 0xfc, 0x74, 0x3f, 0xf8, 0xd7,
    0xff, 0xf1, 0xa0, 0xff, 0xe3, 0xff, 0xff, 0x20,
    0x3f, 0xf8, 0xaf, 0xff, 0xf1, 0xc3, 0xff, 0x93,
    0xff, 0xfc, 0x78, 0x3f, 0xf8, 0x9f, 0xff, 0xc7,
    0x43, 0xff, 0x92, 0xff, 0xff, 0x1d, 0xf, 0xfe,
    0x15, 0xff, 0xfc, 0x68, 0x3f, 0xf9, 0x7f, 0xff,
    0xc8, 0xf, 0xfe, 0x17, 0xff, 0xf1, 0xc3, 0xff,
    0x9b, 0xff, 0xfc, 0x78, 0x3f, 0xf8, 0x1f, 0xff,
    0xc7, 0xf, 0xfe, 0x73, 0xff, 0xfc, 0x70, 0xff,
    0x9f, 0xff, 0xe3, 0x21, 0xff, 0xcf, 0xbf, 0xff,
    0x8e, 0x1f, 0xef, 0xff, 0xe3, 0x41, 0xff, 0xd1,
    0xff, 0xfe, 0x3a, 0x1f, 0xaf, 0xff, 0xe3, 0x7,
    0xff, 0x49, 0xff, 0xfe, 0x38, 0x7c, 0xff, 0xff,
    0x19, 0xf, 0xfe, 0x9d, 0xff, 0xfc, 0x68, 0x3d,
    0xff, 0xfc, 0x68, 0x3f, 0xfa, 0xbf, 0xff, 0xc7,
    0x43, 0x5f, 0xff, 0xc6, 0xf, 0xfe, 0xbf, 0xff,
    0xf1, 0xc3, 0x7f, 0xff, 0x18, 0x3f, 0xfb, 0x17,
    0xff, 0xf1, 0xa0, 0x7f, 0xff, 0x19, 0xf, 0xfe,
    0xcf, 0xff, 0xf1, 0xc7, 0xff, 0xf8, 0xc1, 0xff,
    0xdb, 0xff, 0xfe, 0xc8, 0x7f, 0xf7, 0x1f, 0xff,
    0xeb, 0xa1, 0xff, 0xdd, 0xbf, 0xff, 0xab, 0x7,
    0xff, 0x7f, 0xff, 0xfa, 0xa1, 0xff, 0xe0, 0x7f,
    0xff, 0xa6, 0x1f, 0xfe, 0x2b, 0xff, 0xfa, 0x30,
    0x7f, 0xf8, 0xff, 0xff, 0xa2, 0x1f, 0xfe, 0x5f,
    0xff, 0xe7, 0x87, 0xff, 0x9a, 0xff, 0xfe, 0x6a,
    0x1f, 0xfe, 0x7f, 0xff, 0xe6, 0x41, 0xff, 0xe9,
    0xff, 0xfe, 0x58, 0x7f, 0xfa, 0xbf, 0xff, 0x95,
    0x7, 0xff, 0xa5, 0xff, 0xfe, 0x5a, 0x1f, 0xfe,
    0x8f, 0xff, 0xe6, 0x87, 0xff, 0x9f, 0xff, 0xf9,
    0xd0, 0x7f, 0xf9, 0x6f, 0xff, 0xe7, 0xa1, 0xff,
    0xe3, 0x7f, 0xff, 0xa2, 0x1f, 0xfe, 0x3f, 0xff,
    0xe9, 0x87, 0xff, 0x86, 0xff, 0xfe, 0x9c, 0x1f,
    0xfd, 0xf7, 0xff, 0xfa, 0xa8, 0x7f, 0xf7, 0xbf,
    0xff, 0xae, 0x1f, 0xfd, 0xdf, 0xff, 0xec, 0x87,
    0xff, 0x6e, 0xff, 0xfe, 0xcc, 0x1f, 0xfd, 0x97,
    0xff, 0xf8, 0xc0, 0xff, 0xfe, 0x3a, 0x1f, 0xfd,
    0x8f, 0xff, 0xe3, 0x20, 0xbf, 0xff, 0x8e, 0x1f,
    0xfd, 0x7f, 0xff, 0xe3, 0x86, 0xff, 0xfe, 0x40,
    0x7f, 0xf5, 0x6f, 0xff, 0xe3, 0x7, 0xbf, 0xff,
    0x8f, 0x7, 0xff, 0x4d, 0xff, 0xfe, 0x34, 0x1e,
    0xbf, 0xff, 0x8e, 0x87, 0xff, 0x4b, 0xff, 0xf8,
    0xe1, 0xfb, 0xff, 0xf9, 0x1, 0xff, 0xd1, 0xbf,
    0xff, 0x8c, 0x87, 0xf7, 0xff, 0xf1, 0xe0, 0xff,
    0xe7, 0xbf, 0xff, 0xc6, 0x83, 0xfc, 0xff, 0xff,
    0x1d, 0xf, 0xfe, 0x77, 0xff, 0xf1, 0xc3, 0xff,
    0x81, 0xff, 0xfc, 0x80, 0xff, 0xe6, 0xff, 0xff,
    0x1d, 0xf, 0xfe, 0xf, 0xff, 0xf2, 0x3, 0xff,
    0x97, 0x7f, 0xff, 0x1a, 0xf, 0xfe, 0x13, 0xff,
    0xfc, 0x78, 0x3f, 0xf9, 0x2f, 0xff, 0xf1, 0xc3,
    0xff, 0x89, 0x7f, 0xff, 0x1d, 0xf, 0xfe, 0x47,
    0xff, 0xf1, 0xd0, 0xff, 0xe2, 0xff, 0xff, 0x20,
    0x3f, 0xf8, 0xf7, 0xff, 0xf1, 0xc3, 0xff, 0x8c,
    0xff, 0xff, 0x20, 0x3f, 0xf8, 0xaf, 0xff, 0xf1,
    0xc3, 0xff, 0x91, 0x7f, 0xff, 0x1e, 0xf, 0xfe,
    0x27, 0xff, 0xf1, 0xd0, 0xff, 0xe4, 0xff, 0xff,
    0x21, 0xf, 0xfe, 0x17, 0xff, 0xf2, 0x3, 0xff,
    0x94, 0xff, 0xff, 0x20, 0x3f, 0xf8, 0x37, 0xff,
    0xf1, 0xc3, 0xff, 0x99, 0x7f, 0xff, 0x20, 0x3f,
    0xe7, 0xff, 0xf8, 0xf0, 0x7f, 0xf3, 0x7f, 0xff,
    0x91, 0x7, 0xfb, 0xff, 0xf9, 0x1, 0xff, 0xce,
    0x7f, 0xff, 0x90, 0x87, 0xef, 0xff, 0xe4, 0x21,
    0xff, 0xcf, 0xbf, 0xff, 0x90, 0x1f, 0x5f, 0xff,
    0xc7, 0x83, 0xff, 0xa3, 0xff, 0xfc, 0x88, 0x39,
    0xff, 0xfe, 0x40, 0x7f, 0xf4, 0x9f, 0xff, 0xe4,
    0x21, 0xbf, 0xff, 0x90, 0x87, 0xff, 0x4e, 0xff,
    0xfe, 0x40, 0x57, 0xff, 0xf1, 0xe0, 0xff, 0xea,
    0xff, 0xff, 0x24,

    /* U+0079 "y" */
    0x2b, 0xff, 0x8c, 0x1f, 0xfd, 0x86, 0xbf, 0xf8,
    0x88, 0x3f, 0xff, 0x8d, 0x7, 0xff, 0x5f, 0xff,
    0xf8, 0xb0, 0x2f, 0xff, 0xe3, 0x7, 0xff, 0x5f,
    0xff, 0xf8, 0xa8, 0x5f, 0xff, 0xc6, 0xf, 0xfe,
    0xb5, 0xff, 0xfc, 0x50, 0xdf, 0xff, 0xc6, 0x83,
    0xff, 0xab, 0xff, 0xfc, 0x58, 0x33, 0xff, 0xfc,
    0x60, 0xff, 0xea, 0xff, 0xff, 0x14, 0x3d, 0xff,
    0xfc, 0x60, 0xff, 0xea, 0x3f, 0xff, 0xc5, 0xf,
    0x5f, 0xff, 0xc5, 0x83, 0xff, 0xa7, 0xff, 0xfc,
    0x54, 0x3c, 0xff, 0xff, 0x18, 0x3f, 0xfa, 0x7f,
    0xff, 0xc5, 0xf, 0xdf, 0xff, 0xc6, 0xf, 0xfe,
    0x93, 0xff, 0xfc, 0x48, 0x3f, 0x3f, 0xff, 0xc5,
    0x83, 0xff, 0xa3, 0xff, 0xfc, 0x54, 0x3f, 0xbf,
    0xff, 0x8c, 0x1f, 0xfd, 0x1f, 0xff, 0xe2, 0x87,
    0xfa, 0xff, 0xfe, 0x2a, 0x1f, 0xfc, 0xf7, 0xff,
    0xf8, 0x90, 0x7f, 0x9f, 0xff, 0xe2, 0xc1, 0xff,
    0xcf, 0xbf, 0xff, 0x88, 0x87, 0xfd, 0xff, 0xfc,
    0x60, 0xff, 0xe7, 0xff, 0xff, 0x14, 0x3f, 0xf8,
    0x17, 0xff, 0xf1, 0x50, 0xff, 0xe6, 0xbf, 0xff,
    0xc4, 0x83, 0xff, 0x83, 0xff, 0xfc, 0x58, 0x3f,
    0xf9, 0xb7, 0xff, 0xf1, 0x3, 0xff, 0x85, 0xff,
    0xfc, 0x60, 0xff, 0xe6, 0xff, 0xff, 0x14, 0x3f,
    0xf8, 0x4f, 0xff, 0xf1, 0x50, 0xff, 0xe5, 0xbf,
    0xff, 0xc4, 0x43, 0xff, 0x87, 0xff, 0xfc, 0x58,
    0x3f, 0xf9, 0x77, 0xff, 0xf1, 0x3, 0xff, 0x89,
    0x7f, 0xff, 0x14, 0x3f, 0xf9, 0x7f, 0xff, 0xc4,
    0x83, 0xff, 0x88, 0xff, 0xff, 0x15, 0xf, 0xfe,
    0x4b, 0xff, 0xfc, 0x44, 0x3f, 0xf8, 0xbf, 0xff,
    0xc5, 0x83, 0xff, 0x93, 0x7f, 0xff, 0x10, 0x3f,
    0xf8, 0xd7, 0xff, 0xf1, 0x43, 0xff, 0x93, 0xff,
    0xfc, 0x48, 0x3f, 0xf8, 0xff, 0xff, 0xc5, 0x43,
    0xff, 0x91, 0xff, 0xfc, 0x40, 0xff, 0xe4, 0x7f,
    0xff, 0x16, 0xf, 0xfe, 0x3d, 0xff, 0xfc, 0x40,
    0xff, 0xe4, 0x3f, 0xff, 0xc5, 0xf, 0xfe, 0x3f,
    0xff, 0xf1, 0x10, 0xff, 0xe4, 0xff, 0xff, 0x15,
    0xf, 0xfe, 0x37, 0xff, 0xf1, 0x3, 0xff, 0x95,
    0x7f, 0xff, 0x12, 0xf, 0xfe, 0x2d, 0xff, 0xfc,
    0x38, 0x3f, 0xf9, 0x4f, 0xff, 0xf1, 0x43, 0xff,
    0x8b, 0xff, 0xfc, 0x44, 0x3f, 0xf9, 0x7f, 0xff,
    0xc5, 0x43, 0xff, 0x89, 0xff, 0xfc, 0x40, 0xff,
    0xe6, 0x5f, 0xff, 0xc4, 0x83, 0xff, 0x86, 0xff,
    0xff, 0xe, 0xf, 0xfe, 0x6f, 0xff, 0xf1, 0x43,
    0xff, 0x87, 0xff, 0xfc, 0x40, 0xff, 0xe7, 0x5f,
    0xff, 0xc4, 0x43, 0xff, 0x85, 0xff, 0xfc, 0x40,
    0xff, 0xe7, 0x3f, 0xff, 0xc5, 0xf, 0xfe, 0xb,
    0xff, 0xfc, 0x34, 0x3f, 0xf9, 0xff, 0xff, 0xc5,
    0xf, 0xfe, 0xf, 0xff, 0xf1, 0x3, 0xff, 0xa1,
    0x7f, 0xff, 0x11, 0xf, 0xfe, 0x7, 0xff, 0xf0,
    0xe0, 0xff, 0xe8, 0xff, 0xff, 0x14, 0x3f, 0xe7,
    0xff, 0xf8, 0x68, 0x7f, 0xf4, 0x7f, 0xff, 0x8a,
    0x1f, 0xf5, 0xff, 0xfc, 0x30, 0xff, 0xe9, 0x3f,
    0xff, 0xc4, 0x43, 0xfd, 0xff, 0xfc, 0x38, 0x3f,
    0xfa, 0x7f, 0xff, 0xc5, 0xf, 0xe7, 0xff, 0xf8,
    0x68, 0x7f, 0xf4, 0xef, 0xff, 0xe2, 0x7, 0xf5,
    0xff, 0xfc, 0x30, 0xff, 0xea, 0x3f, 0xff, 0xc4,
    0x43, 0xf7, 0xff, 0xf0, 0xe0, 0xff, 0xea, 0xff,
    0xff, 0x14, 0x3e, 0x7f, 0xff, 0x86, 0x1f, 0xfd,
    0x6b, 0xff, 0xf8, 0x81, 0xf5, 0xff, 0xfc, 0x30,
    0xff, 0xeb, 0xff, 0xff, 0x11, 0xf, 0x7f, 0xff,
    0xd, 0xf, 0xfe, 0xbf, 0xff, 0xf1, 0x43, 0x9f,
    0xff, 0xe1, 0x87, 0xff, 0x61, 0xff, 0xfe, 0x20,
    0x75, 0xff, 0xfc, 0x28, 0x3f, 0xfb, 0x3f, 0xff,
    0xc4, 0x83, 0x7f, 0xff, 0xd, 0xf, 0xfe, 0xcd,
    0xff, 0xfc, 0x40, 0xdf, 0xff, 0xc3, 0xf, 0xfe,
    0xd3, 0xff, 0xfc, 0x40, 0xaf, 0xff, 0xe1, 0x41,
    0xff, 0xdb, 0xff, 0xfe, 0x24, 0xf, 0xff, 0xe1,
    0x87, 0xff, 0x72, 0xff, 0xfe, 0x20, 0x3f, 0xff,
    0x86, 0x1f, 0xfd, 0xdf, 0xff, 0xe2, 0x17, 0xff,
    0xf0, 0x90, 0xff, 0xee, 0xff, 0xff, 0x12, 0xff,
    0xfe, 0x18, 0x7f, 0xf7, 0x9f, 0xff, 0xe9, 0x41,
    0xff, 0xdf, 0xff, 0xfe, 0x92, 0x1f, 0xfd, 0xfb,
    0xff, 0xfa, 0x21, 0xff, 0xe1, 0xff, 0xfe, 0x84,
    0x1f, 0xfe, 0x1f, 0xff, 0xe8, 0x7, 0xff, 0x89,
    0xff, 0xfe, 0x78, 0x7f, 0xf8, 0xff, 0xff, 0x9c,
    0x87, 0xff, 0x8e, 0xff, 0xfe, 0x68, 0x7f, 0xf9,
    0x1f, 0xff, 0xe6, 0x87, 0xff, 0x97, 0xff, 0xf9,
    0x88, 0x7f, 0xf9, 0x6f, 0xff, 0xe5, 0x87, 0xff,
    0x9f, 0xff, 0xf9, 0x50, 0x7f, 0xf9, 0xff, 0xff,
    0x94, 0x87, 0xff, 0x9d, 0xff, 0xfe, 0x48, 0x7f,
    0xfa, 0x7f, 0xff, 0x91, 0x7, 0xff, 0xa6, 0xff,
    0xfe, 0x38, 0x7f, 0xfa, 0x9f, 0xff, 0xe3, 0x87,
    0xff, 0xaf, 0xff, 0xf8, 0xc8, 0x7f, 0xfa, 0xef,
    0xff, 0xe2, 0x87, 0xff, 0xb7, 0xff, 0xf8, 0x90,
    0x7f, 0xfb, 0x7f, 0xff, 0x88, 0x87, 0xff, 0xb1,
    0xff, 0xfe, 0x20, 0x7f, 0xfb, 0x6f, 0xff, 0xe1,
    0xc1, 0xff, 0xed, 0xff, 0xfe, 0x20, 0x7f, 0xfb,
    0x6f, 0xff, 0xe2, 0x7, 0xff, 0xb7, 0xff, 0xf8,
    0x88, 0x7f, 0xfb, 0x1f, 0xff, 0xe2, 0x7, 0xff,
    0xb7, 0xff, 0xf8, 0x90, 0x7f, 0xfb, 0x2f, 0xff,
    0xe2, 0x21, 0xff, 0xec, 0xff, 0xfe, 0x28, 0x7f,
    0xfb, 0x3f, 0xff, 0x8b, 0x7, 0xff, 0xae, 0xff,
    0xfe, 0x28, 0x7f, 0xfa, 0xdf, 0xff, 0xe2, 0xc1,
    0xff, 0xea, 0xbf, 0xff, 0x8c, 0x1f, 0xfe, 0xab,
    0xff, 0xf8, 0xd0, 0x7f, 0xf7, 0x24, 0x3f, 0xd7,
    0xff, 0xf2, 0x3, 0xff, 0xbb, 0xfe, 0xab, 0xff,
    0xf9, 0x70, 0x7f, 0xf7, 0x1f, 0xff, 0xea, 0x7,
    0xff, 0x76, 0xff, 0xfe, 0x9a, 0x1f, 0xfd, 0xdb,
    0xff, 0xfa, 0x61, 0xff, 0xde, 0xff, 0xfe, 0x98,
    0x7f, 0xf7, 0xff, 0xff, 0xa4, 0x87, 0xff, 0x7f,
    0xff, 0xfa, 0x30, 0x7f, 0xf7, 0xdf, 0xff, 0xe8,
    0x41, 0xff, 0xe0, 0xbf, 0xff, 0x9f, 0x7, 0xff,
    0x86, 0xff, 0xfe, 0x74, 0x1f, 0xfe, 0x2f, 0xff,
    0xe7, 0x21, 0xff, 0xe3, 0xff, 0xfe, 0x68, 0x7f,
    0xf9, 0x7f, 0xff, 0x96, 0x87, 0xff, 0x9a, 0xff,
    0xfe, 0x3c, 0x1f, 0xfe, 0xc6, 0x9f, 0xfd, 0x44,
    0x3f, 0xfd, 0x0,

    /* U+007A "z" */
    0x7, 0xff, 0xfb, 0xa0, 0xbf, 0xff, 0xdd, 0x5,
    0xff, 0xfe, 0xe8, 0x2f, 0xff, 0xf7, 0x41, 0x7f,
    0xff, 0xba, 0xb, 0xff, 0xfd, 0xd0, 0x5f, 0xff,
    0xee, 0x82, 0xff, 0xff, 0x74, 0x17, 0xff, 0xfb,
    0xa0, 0xbf, 0xff, 0xdd, 0x5, 0xff, 0xfe, 0xe8,
    0x2f, 0xff, 0xf7, 0x41, 0x7f, 0xff, 0xb8, 0x37,
    0xff, 0xfb, 0x50, 0xe5, 0xff, 0xec, 0x5f, 0xff,
    0xc6, 0x83, 0xff, 0xbd, 0xff, 0xfc, 0x68, 0x3f,
    0xfb, 0xdf, 0xff, 0xc7, 0xf, 0xfe, 0xf5, 0xff,
    0xfc, 0x60, 0xff, 0xef, 0x5f, 0xff, 0xc6, 0xf,
    0xfe, 0xf3, 0xff, 0xfc, 0x64, 0x3f, 0xfb, 0xdf,
    0xff, 0xc6, 0x83, 0xff, 0xbd, 0xff, 0xfc, 0x68,
    0x3f, 0xfb, 0xdf, 0xff, 0xc7, 0xf, 0xfe, 0xf5,
    0xff, 0xfc, 0x60, 0xff, 0xef, 0x5f, 0xff, 0xc6,
    0x43, 0xff, 0xba, 0xff, 0xff, 0x19, 0xf, 0xfe,
    0xf7, 0xff, 0xf1, 0xa0, 0xff, 0xef, 0x7f, 0xff,
    0x1a, 0xf, 0xfe, 0xf7, 0xff, 0xf1, 0xc3, 0xff,
    0xbd, 0x7f, 0xff, 0x18, 0x3f, 0xfb, 0xd7, 0xff,
    0xf1, 0x90, 0xff, 0xee, 0xbf, 0xff, 0xc6, 0x43,
    0xff, 0xbd, 0xff, 0xfc, 0x68, 0x3f, 0xfb, 0xdf,
    0xff, 0xc7, 0xf, 0xfe, 0xf7, 0xff, 0xf1, 0xc3,
    0xff, 0xbd, 0x7f, 0xff, 0x18, 0x3f, 0xfb, 0xd7,
    0xff, 0xf1, 0x90, 0xff, 0xee, 0xbf, 0xff, 0xc6,
    0x43, 0xff, 0xbd, 0xff, 0xfc, 0x68, 0x3f, 0xfb,
    0xdf, 0xff, 0xc7, 0xf, 0xfe, 0xf7, 0xff, 0xf1,
    0xc3, 0xff, 0xbd, 0x7f, 0xff, 0x18, 0x3f, 0xfb,
    0xd7, 0xff, 0xf1, 0x90, 0xff, 0xee, 0xbf, 0xff,
    0xc6, 0x83, 0xff, 0xbd, 0xff, 0xfc, 0x68, 0x3f,
    0xfb, 0xdf, 0xff, 0xc7, 0xf, 0xfe, 0xf7, 0xff,
    0xf1, 0xc3, 0xff, 0xbd, 0x7f, 0xff, 0x18, 0x3f,
    0xfb, 0xd7, 0xff, 0xf1, 0x90, 0xff, 0xee, 0xbf,
    0xff, 0xc6, 0x83, 0xff, 0xbd, 0xff, 0xfc, 0x68,
    0x3f, 0xfb, 0xdf, 0xff, 0xc7, 0xf, 0xfe, 0xf7,
    0xff, 0xf1, 0xc3, 0xff, 0xbd, 0x7f, 0xff, 0x19,
    0xf, 0xfe, 0xed, 0xff, 0xfc, 0x64, 0x3f, 0xfb,
    0xaf, 0xff, 0xf1, 0xa0, 0xff, 0xef, 0x7f, 0xff,
    0x1a, 0xf, 0xfe, 0xf7, 0xff, 0xf1, 0xc3, 0xff,
    0xbd, 0xff, 0xfc, 0x70, 0xff, 0xef, 0x5f, 0xff,
    0xc6, 0x97, 0xff, 0xb6, 0xb, 0xff, 0xfe, 0xf,
    0xff, 0xfc, 0x6f, 0xff, 0xf8, 0xdf, 0xff, 0xf1,
    0xbf, 0xff, 0xe3, 0x7f, 0xff, 0xc6, 0xff, 0xff,
    0x8d, 0xff, 0xff, 0x1b, 0xff, 0xfe, 0x37, 0xff,
    0xfc, 0x6f, 0xff, 0xf8, 0xdf, 0xff, 0xf1, 0xbf,
    0xff, 0xe3, 0x7f, 0xff, 0xc4,

    /* U+007B "{" */
    0xf, 0xff, 0xdd, 0xff, 0xfc, 0x50, 0xff, 0xe6,
    0x3f, 0xff, 0xc8, 0xf, 0xfe, 0x53, 0xff, 0xfc,
    0xa0, 0xff, 0xe4, 0xdf, 0xff, 0xcb, 0xf, 0xfe,
    0x47, 0xff, 0xf3, 0x43, 0xff, 0x8f, 0xff, 0xfc,
    0xe0, 0xff, 0xe3, 0x5f, 0xff, 0xce, 0xf, 0xfe,
    0x2b, 0xff, 0xfc, 0xf0, 0xff, 0xe2, 0xff, 0xff,
    0x40, 0x3f, 0xf8, 0x97, 0xff, 0xf4, 0x3, 0xff,
    0x89, 0xff, 0xfd, 0x10, 0xff, 0xe1, 0xdf, 0xff,
    0xd1, 0xf, 0xfe, 0x1f, 0xff, 0xf4, 0x83, 0xff,
    0x84, 0xff, 0xff, 0x48, 0x3f, 0xf8, 0x57, 0xff,
    0xf1, 0xd0, 0xff, 0xe6, 0x7f, 0xff, 0x1a, 0xf,
    0xfe, 0x77, 0xff, 0xf1, 0x83, 0xff, 0x9f, 0xff,
    0xfc, 0x54, 0x3f, 0xf9, 0xff, 0xff, 0xc5, 0xf,
    0xfe, 0x87, 0xff, 0xf1, 0x20, 0xff, 0xe8, 0x7f,
    0xff, 0x11, 0xf, 0xfe, 0x87, 0xff, 0xf1, 0x10,
    0xff, 0xe8, 0x7f, 0xff, 0x11, 0xf, 0xfe, 0x87,
    0xff, 0xf1, 0x3, 0xff, 0xa3, 0xff, 0xfc, 0x40,
    0xff, 0xe8, 0xff, 0xff, 0x10, 0x3f, 0xfa, 0x3f,
    0xff, 0xc4, 0xf, 0xfe, 0x8f, 0xff, 0xf1, 0x3,
    0xff, 0xa3, 0xff, 0xfc, 0x40, 0xff, 0xe8, 0xff,
    0xff, 0x10, 0x3f, 0xfa, 0x3f, 0xff, 0xc4, 0xf,
    0xfe, 0x8f, 0xff, 0xf1, 0x3, 0xff, 0xa3, 0xff,
    0xfc, 0x40, 0xff, 0xe8, 0xff, 0xff, 0x10, 0x3f,
    0xfa, 0x3f, 0xff, 0xc4, 0xf, 0xfe, 0x8f, 0xff,
    0xf1, 0x3, 0xff, 0xa3, 0xff, 0xfc, 0x40, 0xff,
    0xe8, 0xff, 0xff, 0x10, 0x3f, 0xfa, 0x3f, 0xff,
    0xc4, 0xf, 0xfe, 0x8f, 0xff, 0xf1, 0x3, 0xff,
    0xa3, 0xff, 0xfc, 0x40, 0xff, 0xe8, 0xff, 0xff,
    0x10, 0x3f, 0xfa, 0x3f, 0xff, 0xc4, 0xf, 0xfe,
    0x8f, 0xff, 0xf1, 0x3, 0xff, 0xa0, 0xff, 0xff,
    0x10, 0x3f, 0xfa, 0xf, 0xff, 0xf1, 0x3, 0xff,
    0xa1, 0x7f, 0xff, 0x10, 0x3f, 0xfa, 0x1f, 0xff,
    0xc5, 0xf, 0xfe, 0x87, 0xff, 0xf1, 0x43, 0xff,
    0x9f, 0x7f, 0xff, 0x14, 0x3f, 0xf9, 0xff, 0xff,
    0xc5, 0x83, 0xff, 0x9d, 0xff, 0xfc, 0x64, 0x3f,
    0xf9, 0xb7, 0xff, 0xf1, 0x83, 0xff, 0x9b, 0x7f,
    0xff, 0x1c, 0x3f, 0xf9, 0x97, 0xff, 0xf1, 0xd0,
    0xff, 0xe5, 0x5f, 0xff, 0xc9, 0xf, 0xfe, 0x33,
    0x4f, 0xff, 0xe5, 0xa1, 0xff, 0xc6, 0xbf, 0xff,
    0x99, 0x7, 0xff, 0x1e, 0xff, 0xfe, 0x60, 0x7f,
    0xf2, 0x2f, 0xff, 0xe5, 0x87, 0xff, 0x26, 0xff,
    0xfe, 0x50, 0x7f, 0xf2, 0xaf, 0xff, 0xe4, 0x41,
    0xff, 0xcb, 0xbf, 0xff, 0x8e, 0x1f, 0xfc, 0xdb,
    0xff, 0xf8, 0x92, 0x1f, 0xfc, 0xeb, 0xff, 0xf8,
    0x68, 0x7f, 0xf4, 0x2f, 0xff, 0xe2, 0xc8, 0x7f,
    0xf3, 0x6f, 0xff, 0xe4, 0x21, 0xff, 0xcb, 0xbf,
    0xff, 0x93, 0x7, 0xff, 0x2a, 0xff, 0xfe, 0x54,
    0x1f, 0xfc, 0x9b, 0xff, 0xf9, 0x70, 0x7f, 0xf2,
    0x2f, 0xff, 0xe6, 0x41, 0xff, 0xc7, 0xbf, 0xff,
    0x9a, 0x1f, 0xfc, 0x85, 0x5f, 0xff, 0xcb, 0xf,
    0xfe, 0x5b, 0xff, 0xfc, 0x94, 0x3f, 0xf9, 0x97,
    0xff, 0xf1, 0xe0, 0xff, 0xe6, 0xdf, 0xff, 0xc7,
    0xf, 0xfe, 0x75, 0xff, 0xfc, 0x64, 0x3f, 0xf9,
    0xdf, 0xff, 0xc6, 0x83, 0xff, 0x9f, 0xff, 0xfc,
    0x60, 0xff, 0xe7, 0xdf, 0xff, 0xc5, 0xf, 0xfe,
    0x87, 0xff, 0xf1, 0x43, 0xff, 0xa1, 0xff, 0xfc,
    0x50, 0xff, 0xe8, 0x5f, 0xff, 0xc4, 0xf, 0xfe,
    0x83, 0xff, 0xfc, 0x40, 0xff, 0xe8, 0x3f, 0xff,
    0xc4, 0xf, 0xfe, 0x8f, 0xff, 0xf1, 0x3, 0xff,
    0xa3, 0xff, 0xfc, 0x40, 0xff, 0xe8, 0xff, 0xff,
    0x10, 0x3f, 0xfa, 0x3f, 0xff, 0xc4, 0xf, 0xfe,
    0x8f, 0xff, 0xf1, 0x3, 0xff, 0xa3, 0xff, 0xfc,
    0x40, 0xff, 0xe8, 0xff, 0xff, 0x10, 0x3f, 0xfa,
    0x3f, 0xff, 0xc4, 0xf, 0xfe, 0x8f, 0xff, 0xf1,
    0x3, 0xff, 0xa3, 0xff, 0xfc, 0x40, 0xff, 0xe8,
    0xff, 0xff, 0x10, 0x3f, 0xfa, 0x3f, 0xff, 0xc4,
    0xf, 0xfe, 0x8f, 0xff, 0xf1, 0x3, 0xff, 0xa3,
    0xff, 0xfc, 0x40, 0xff, 0xe8, 0xff, 0xff, 0x10,
    0x3f, 0xfa, 0x3f, 0xff, 0xc4, 0xf, 0xfe, 0x8f,
    0xff, 0xf1, 0x3, 0xff, 0xa3, 0xff, 0xfc, 0x40,
    0xff, 0xe8, 0xff, 0xff, 0x10, 0x3f, 0xfa, 0x3f,
    0xff, 0xc4, 0xf, 0xfe, 0x8f, 0xff, 0xf1, 0x10,
    0xff, 0xe8, 0x7f, 0xff, 0x11, 0xf, 0xfe, 0x87,
    0xff, 0xf1, 0x10, 0xff, 0xe8, 0x7f, 0xff, 0x11,
    0xf, 0xfe, 0x87, 0xff, 0xf1, 0x20, 0xff, 0xe8,
    0x7f, 0xff, 0x14, 0x3f, 0xfa, 0x1f, 0xff, 0xc5,
    0x43, 0xff, 0x9f, 0xff, 0xfc, 0x60, 0xff, 0xe7,
    0xff, 0xff, 0x1c, 0x3f, 0xf9, 0xd7, 0xff, 0xf1,
    0xe5, 0xff, 0x7, 0xff, 0x9, 0xff, 0xfe, 0x90,
    0x7f, 0xf0, 0xff, 0xff, 0xa4, 0x1f, 0xfc, 0x3b,
    0xff, 0xfa, 0x21, 0xff, 0xc3, 0x7f, 0xff, 0xa2,
    0x1f, 0xfc, 0x4f, 0xff, 0xe8, 0x87, 0xff, 0x17,
    0xff, 0xfa, 0x1, 0xff, 0xc5, 0xbf, 0xff, 0x9e,
    0x1f, 0xfc, 0x6b, 0xff, 0xf9, 0xc1, 0xff, 0xc7,
    0xff, 0xfe, 0x70, 0x7f, 0xf2, 0x3f, 0xff, 0x9a,
    0x1f, 0xfc, 0x9b, 0xff, 0xf9, 0x61, 0xff, 0xca,
    0x7f, 0xff, 0x94, 0x1f, 0xfc, 0xc7, 0xff, 0xf9,
    0x1, 0xff, 0xcf, 0x6f, 0xff, 0xe2, 0x0,

    /* U+007C "|" */
    0x2b, 0xff, 0x86, 0x9f, 0xff, 0xc3, 0x8f, 0xff,
    0xe1, 0xc7, 0xff, 0xf0, 0xe3, 0xff, 0xf8, 0x71,
    0xff, 0xfc, 0x38, 0xff, 0xfe, 0x1c, 0x7f, 0xff,
    0xe, 0x3f, 0xff, 0x87, 0x1f, 0xff, 0xc3, 0x8f,
    0xff, 0xe1, 0xc7, 0xff, 0xf0, 0xe3, 0xff, 0xf8,
    0x71, 0xff, 0xfc, 0x38, 0xff, 0xfe, 0x1c, 0x7f,
    0xff, 0xe, 0x3f, 0xff, 0x87, 0x1f, 0xff, 0xc3,
    0x8f, 0xff, 0xe1, 0xc7, 0xff, 0xf0, 0xe3, 0xff,
    0xf8, 0x71, 0xff, 0xfc, 0x38, 0xff, 0xfe, 0x1c,
    0x7f, 0xff, 0xe, 0x3f, 0xff, 0x87, 0x1f, 0xff,
    0xc3, 0x8f, 0xff, 0xe1, 0xc7, 0xff, 0xf0, 0xe3,
    0xff, 0xf8, 0x71, 0xff, 0xfc, 0x38, 0xff, 0xfe,
    0x1c, 0x7f, 0xff, 0xe, 0x3f, 0xff, 0x87, 0x1f,
    0xff, 0xc3, 0x8f, 0xff, 0xe1, 0xc7, 0xff, 0xf0,
    0xe3, 0xff, 0xf8, 0x71, 0xff, 0xfc, 0x38, 0xff,
    0xfe, 0x1c, 0x7f, 0xff, 0xe, 0x3f, 0xff, 0x87,
    0x1f, 0xff, 0xc3, 0x8f, 0xff, 0xe1, 0xc7, 0xff,
    0xf0, 0xe3, 0xff, 0xf8, 0x71, 0xff, 0xfc, 0x38,
    0xff, 0xfe, 0x1c, 0x7f, 0xff, 0xe, 0x3f, 0xff,
    0x87, 0x1f, 0xff, 0xc3, 0x8f, 0xff, 0xe1, 0xc7,
    0xff, 0xf0, 0xe3, 0xff, 0xf8, 0x71, 0xff, 0xfc,
    0x38, 0xff, 0xfe, 0x1c, 0x7f, 0xff, 0xe, 0x3f,
    0xff, 0x87, 0x1f, 0xff, 0xc3, 0x8f, 0xff, 0xe1,
    0xc7, 0xff, 0xf0, 0xe3, 0xff, 0xf8, 0x71, 0xff,
    0xfc, 0x38, 0xff, 0xfe, 0x1c, 0x7f, 0xff, 0xe,
    0x3f, 0xff, 0x87, 0x1f, 0xff, 0xc3, 0x8f, 0xff,
    0xe1, 0xc7, 0xff, 0xf0, 0xe3, 0xff, 0xf8, 0x71,
    0xff, 0xfc, 0x38, 0xff, 0xfe, 0x1c, 0x7f, 0xff,
    0xe, 0x3f, 0xff, 0x87, 0x1f, 0xff, 0xc3, 0x8f,
    0xff, 0xe1, 0xc7, 0xff, 0xf0, 0xe3, 0xff, 0xf8,
    0x71, 0xff, 0xfc, 0x38, 0xff, 0xfe, 0x1c, 0x7f,
    0xff, 0xe, 0x3f, 0xff, 0x87, 0x1f, 0xff, 0xc3,
    0x8f, 0xff, 0xe1, 0xc7, 0xff, 0xf0, 0xe3, 0xff,
    0xf8, 0x71, 0xff, 0xfc, 0x38, 0xff, 0xfe, 0x1c,
    0x7f, 0xff, 0xe, 0x3f, 0xff, 0x87, 0x1f, 0xff,
    0xc3, 0x8f, 0xff, 0xe1, 0xc7, 0xff, 0xf0, 0xe3,
    0xff, 0xf8, 0x71, 0xff, 0xfc, 0x38, 0xff, 0xfe,
    0x1c, 0x7f, 0xff, 0xe, 0x3f, 0xff, 0x87, 0x1f,
    0xff, 0xc3, 0x8f, 0xff, 0xe1, 0xc7, 0xff, 0xf0,
    0xe3, 0xff, 0xf8, 0x71, 0xff, 0xfc, 0x38, 0xff,
    0xfe, 0x1c, 0x7f, 0xff, 0xe, 0x3f, 0xff, 0x87,
    0x1f, 0xff, 0xc3, 0x8f, 0xff, 0xe1, 0xc7, 0xff,
    0xf0, 0xe3, 0xff, 0xf8, 0x71, 0xff, 0xfc, 0x38,
    0xff, 0xfe, 0x1c, 0x7f, 0xff, 0xe, 0x3f, 0xff,
    0x87, 0x1f, 0xff, 0xc3, 0x8f, 0xff, 0xe1, 0xc7,
    0xff, 0xf0, 0xe3, 0xff, 0xf8, 0x71, 0xff, 0xfc,
    0x38,

    /* U+007D "}" */
    0xf, 0xff, 0xd, 0xff, 0xfc, 0x49, 0xf, 0xfe,
    0x75, 0xff, 0xfc, 0x79, 0xf, 0xfe, 0x5d, 0xff,
    0xfc, 0x98, 0x3f, 0xf9, 0x57, 0xff, 0xf2, 0xd0,
    0xff, 0xe4, 0x5f, 0xff, 0xcc, 0x43, 0xff, 0x8f,
    0x7f, 0xff, 0x36, 0xf, 0xfe, 0x35, 0xff, 0xfc,
    0xe4, 0x3f, 0xf8, 0xb7, 0xff, 0xf3, 0xc3, 0xff,
    0x8b, 0x7f, 0xff, 0x3e, 0xf, 0xfe, 0x25, 0xff,
    0xfd, 0x4, 0x3f, 0xf8, 0x77, 0xff, 0xf4, 0x43,
    0xff, 0x87, 0x7f, 0xff, 0x45, 0xf, 0xfe, 0x15,
    0xff, 0xfd, 0x18, 0x3f, 0xf8, 0x57, 0xff, 0xf4,
    0x83, 0xff, 0x9b, 0x7f, 0xff, 0x1c, 0x3f, 0xf9,
    0xff, 0xff, 0xc6, 0x43, 0xff, 0x9f, 0xff, 0xfc,
    0x58, 0x3f, 0xf9, 0xf7, 0xff, 0xf1, 0x20, 0xff,
    0xe7, 0xbf, 0xff, 0xc4, 0x83, 0xff, 0xa1, 0xff,
    0xfc, 0x50, 0xff, 0xe8, 0x7f, 0xff, 0x14, 0x3f,
    0xfa, 0x17, 0xff, 0xf1, 0x3, 0xff, 0xa1, 0x7f,
    0xff, 0x10, 0x3f, 0xfa, 0x17, 0xff, 0xf1, 0x3,
    0xff, 0xa1, 0x7f, 0xff, 0x10, 0x3f, 0xfa, 0x17,
    0xff, 0xf1, 0x3, 0xff, 0xa1, 0x7f, 0xff, 0x10,
    0x3f, 0xfa, 0x17, 0xff, 0xf1, 0x3, 0xff, 0xa1,
    0x7f, 0xff, 0x10, 0x3f, 0xfa, 0x17, 0xff, 0xf1,
    0x3, 0xff, 0xa1, 0x7f, 0xff, 0x10, 0x3f, 0xfa,
    0x17, 0xff, 0xf1, 0x3, 0xff, 0xa1, 0x7f, 0xff,
    0x10, 0x3f, 0xfa, 0x17, 0xff, 0xf1, 0x3, 0xff,
    0xa1, 0x7f, 0xff, 0x10, 0x3f, 0xfa, 0x17, 0xff,
    0xf1, 0x3, 0xff, 0xa1, 0x7f, 0xff, 0x10, 0x3f,
    0xfa, 0x17, 0xff, 0xf1, 0x3, 0xff, 0xa1, 0x7f,
    0xff, 0x10, 0x3f, 0xfa, 0x17, 0xff, 0xf1, 0x3,
    0xff, 0xa1, 0x7f, 0xff, 0x10, 0x3f, 0xfa, 0x17,
    0xff, 0xf1, 0x3, 0xff, 0xa1, 0x7f, 0xff, 0x10,
    0x3f, 0xfa, 0x17, 0xff, 0xf1, 0x3, 0xff, 0xa1,
    0x7f, 0xff, 0x10, 0x3f, 0xfa, 0x17, 0xff, 0xf1,
    0x3, 0xff, 0xa1, 0x7f, 0xff, 0x10, 0x3f, 0xfa,
    0xf, 0xff, 0xf1, 0x10, 0xff, 0xe7, 0xbf, 0xff,
    0xc5, 0xf, 0xfe, 0x7b, 0xff, 0xfc, 0x54, 0x3f,
    0xf9, 0xff, 0xff, 0xc6, 0xf, 0xfe, 0x7f, 0xff,
    0xf1, 0x90, 0xff, 0xe7, 0x5f, 0xff, 0xc6, 0x43,
    0xff, 0x9d, 0xff, 0xfc, 0x74, 0x3f, 0xf9, 0xbf,
    0xff, 0xc8, 0x43, 0xff, 0x98, 0xff, 0xff, 0x25,
    0xf, 0xfe, 0x5d, 0xff, 0xfc, 0xaa, 0x21, 0xff,
    0xc8, 0xff, 0xfe, 0x68, 0x7f, 0xf2, 0x7f, 0xff,
    0x98, 0x1f, 0xfc, 0x97, 0xff, 0xf9, 0x61, 0xff,
    0xcb, 0xff, 0xfe, 0x50, 0x7f, 0xf3, 0x3f, 0xff,
    0x92, 0x1f, 0xfc, 0xd7, 0xff, 0xf8, 0xe1, 0xff,
    0xcf, 0x7f, 0xff, 0x8a, 0x1f, 0xfd, 0x1b, 0xff,
    0xf8, 0x61, 0xff, 0xce, 0x7f, 0xff, 0x8c, 0x1f,
    0xfc, 0xcb, 0xff, 0xf9, 0x1, 0xff, 0xcb, 0xff,
    0xfe, 0x50, 0x7f, 0xf2, 0xbf, 0xff, 0x96, 0x1f,
    0xfc, 0x9f, 0xff, 0xe6, 0x7, 0xff, 0x23, 0xff,
    0xf9, 0xa1, 0xff, 0xc7, 0xbf, 0xff, 0x9a, 0x1f,
    0xfc, 0x7f, 0xff, 0xe5, 0xca, 0xf, 0xfe, 0x35,
    0xff, 0xfc, 0x94, 0x3f, 0xf9, 0x5f, 0xff, 0xc8,
    0x43, 0xff, 0x96, 0xff, 0xff, 0x1d, 0xf, 0xfe,
    0x67, 0xff, 0xf1, 0xc3, 0xff, 0x9d, 0xff, 0xfc,
    0x64, 0x3f, 0xf9, 0xdf, 0xff, 0xc5, 0x83, 0xff,
    0x9c, 0xff, 0xff, 0x14, 0x3f, 0xf9, 0xef, 0xff,
    0xf1, 0x43, 0xff, 0x9f, 0x7f, 0xff, 0x11, 0xf,
    0xfe, 0x7d, 0xff, 0xfc, 0x40, 0xff, 0xe8, 0x5f,
    0xff, 0xc4, 0xf, 0xfe, 0x85, 0xff, 0xfc, 0x40,
    0xff, 0xe8, 0x5f, 0xff, 0xc4, 0xf, 0xfe, 0x85,
    0xff, 0xfc, 0x40, 0xff, 0xe8, 0x5f, 0xff, 0xc4,
    0xf, 0xfe, 0x85, 0xff, 0xfc, 0x40, 0xff, 0xe8,
    0x5f, 0xff, 0xc4, 0xf, 0xfe, 0x85, 0xff, 0xfc,
    0x40, 0xff, 0xe8, 0x5f, 0xff, 0xc4, 0xf, 0xfe,
    0x85, 0xff, 0xfc, 0x40, 0xff, 0xe8, 0x5f, 0xff,
    0xc4, 0xf, 0xfe, 0x85, 0xff, 0xfc, 0x40, 0xff,
    0xe8, 0x5f, 0xff, 0xc4, 0xf, 0xfe, 0x85, 0xff,
    0xfc, 0x40, 0xff, 0xe8, 0x5f, 0xff, 0xc4, 0xf,
    0xfe, 0x85, 0xff, 0xfc, 0x40, 0xff, 0xe8, 0x5f,
    0xff, 0xc4, 0xf, 0xfe, 0x85, 0xff, 0xfc, 0x40,
    0xff, 0xe8, 0x5f, 0xff, 0xc4, 0xf, 0xfe, 0x85,
    0xff, 0xfc, 0x40, 0xff, 0xe8, 0x5f, 0xff, 0xc4,
    0xf, 0xfe, 0x85, 0xff, 0xfc, 0x40, 0xff, 0xe8,
    0x5f, 0xff, 0xc4, 0xf, 0xfe, 0x85, 0xff, 0xfc,
    0x40, 0xff, 0xe8, 0x5f, 0xff, 0xc4, 0xf, 0xfe,
    0x87, 0xff, 0xf1, 0x43, 0xff, 0xa1, 0xff, 0xfc,
    0x50, 0xff, 0xe7, 0xbf, 0xff, 0xc4, 0x83, 0xff,
    0x9f, 0x7f, 0xff, 0x12, 0xf, 0xfe, 0x73, 0xff,
    0xfc, 0x58, 0x3f, 0xf9, 0xaf, 0xff, 0xf1, 0x90,
    0xff, 0xe1, 0x2f, 0xfb, 0xff, 0xf9, 0x1, 0xff,
    0xc2, 0xbf, 0xff, 0xa4, 0x1f, 0xfc, 0x2b, 0xff,
    0xfa, 0x30, 0x7f, 0xf0, 0xaf, 0xff, 0xe8, 0xa1,
    0xff, 0xc2, 0xbf, 0xff, 0xa2, 0x1f, 0xfc, 0x3b,
    0xff, 0xfa, 0x8, 0x7f, 0xf0, 0xef, 0xff, 0xe8,
    0x7, 0xff, 0x12, 0xff, 0xfe, 0x78, 0x7f, 0xf1,
    0x6f, 0xff, 0xe7, 0x21, 0xff, 0xc5, 0xbf, 0xff,
    0x9b, 0x7, 0xff, 0x1a, 0xff, 0xfe, 0x64, 0x1f,
    0xfc, 0x7b, 0xff, 0xf9, 0x68, 0x7f, 0xf2, 0x2f,
    0xff, 0xe4, 0xc1, 0xff, 0xca, 0xbf, 0xff, 0x8f,
    0x21, 0xff, 0xcb, 0xbf, 0xff, 0x89, 0x21, 0xff,
    0xce,

    /* U+007E "~" */
    0xf, 0xfe, 0x3d, 0x3f, 0xd2, 0x1f, 0xff, 0x3b,
    0xff, 0xf8, 0x48, 0x7f, 0xf5, 0x78, 0x3f, 0xf9,
    0x6f, 0xff, 0xf1, 0x90, 0xff, 0xe9, 0x7e, 0xf,
    0xfe, 0x4f, 0xff, 0xf2, 0xa0, 0xff, 0xe7, 0xff,
    0x90, 0xff, 0xe2, 0xbf, 0xff, 0xcd, 0x83, 0xff,
    0x99, 0x7f, 0xd0, 0x7f, 0xf0, 0xef, 0xff, 0xe8,
    0x41, 0xff, 0xc9, 0xbf, 0xfc, 0x1f, 0xfc, 0x1b,
    0xff, 0xfa, 0x70, 0x7f, 0xf1, 0xaf, 0xff, 0xe0,
    0x21, 0xfe, 0xbf, 0xff, 0xad, 0x7, 0xff, 0xe,
    0xff, 0xfe, 0x14, 0x1f, 0xaf, 0xff, 0xec, 0xc1,
    0xff, 0xc0, 0xff, 0xfe, 0x28, 0x7d, 0x7f, 0xff,
    0x72, 0x43, 0xeb, 0xff, 0xf8, 0xa1, 0xf5, 0xff,
    0xfe, 0xa, 0xdf, 0xff, 0xc7, 0xf, 0x9f, 0xff,
    0xfb, 0xa1, 0xe7, 0xff, 0xfe, 0xf0, 0x7d, 0xff,
    0xff, 0x78, 0x3e, 0xff, 0xfe, 0x3d, 0x6f, 0xff,
    0xf0, 0x87, 0xd7, 0xff, 0xf1, 0x20, 0xfd, 0x7f,
    0xff, 0x74, 0x3e, 0x7f, 0xff, 0x88, 0x87, 0xfc,
    0xff, 0xff, 0x68, 0x3f, 0x3f, 0xff, 0xc3, 0xf,
    0xfe, 0x1b, 0xff, 0xfd, 0x70, 0xff, 0xbf, 0xff,
    0x82, 0x1f, 0xfc, 0x67, 0xff, 0xfa, 0x81, 0xff,
    0xc1, 0xbf, 0xfc, 0x1f, 0xfc, 0x97, 0xff, 0xfa,
    0x21, 0xff, 0xc3, 0x7f, 0xf0, 0x7f, 0xf3, 0x2f,
    0xff, 0xe6, 0xc1, 0xff, 0xc6, 0xff, 0x7, 0xff,
    0x3e, 0xff, 0xfe, 0x52, 0x1f, 0xfc, 0x8b, 0xe4,
    0x3f, 0xfa, 0x2f, 0xff, 0xf1, 0xa0, 0xff, 0xe5,
    0xda, 0x1f, 0xfd, 0x46, 0xff, 0xfe, 0xc, 0x1f,
    0xff, 0x36, 0xff, 0xa4, 0x3f, 0xf8, 0xe0
};


/*---------------------
 *  GLYPH DESCRIPTION
 *--------------------*/

static const lv_font_fmt_txt_glyph_dsc_t glyph_dsc[] = {
    {.bitmap_index = 0, .adv_w = 0, .box_w = 0, .box_h = 0, .ofs_x = 0, .ofs_y = 0} /* id = 0 reserved */,
    {.bitmap_index = 0, .adv_w = 535, .box_w = 0, .box_h = 0, .ofs_x = 0, .ofs_y = 0},
    {.bitmap_index = 0, .adv_w = 699, .box_w = 23, .box_h = 104, .ofs_x = 10, .ofs_y = 1},
    {.bitmap_index = 366, .adv_w = 836, .box_w = 42, .box_h = 38, .ofs_x = 5, .ofs_y = 67},
    {.bitmap_index = 699, .adv_w = 1427, .box_w = 84, .box_h = 103, .ofs_x = 3, .ofs_y = 2},
    {.bitmap_index = 1665, .adv_w = 1292, .box_w = 75, .box_h = 127, .ofs_x = 3, .ofs_y = -10},
    {.bitmap_index = 2656, .adv_w = 1998, .box_w = 113, .box_h = 105, .ofs_x = 6, .ofs_y = 1},
    {.bitmap_index = 4048, .adv_w = 1568, .box_w = 96, .box_h = 108, .ofs_x = 2, .ofs_y = -1},
    {.bitmap_index = 5075, .adv_w = 410, .box_w = 15, .box_h = 38, .ofs_x = 5, .ofs_y = 67},
    {.bitmap_index = 5185, .adv_w = 719, .box_w = 35, .box_h = 130, .ofs_x = 8, .ofs_y = -13},
    {.bitmap_index = 5884, .adv_w = 719, .box_w = 36, .box_h = 130, .ofs_x = 1, .ofs_y = -13},
    {.bitmap_index = 6583, .adv_w = 1075, .box_w = 61, .box_h = 57, .ofs_x = 3, .ofs_y = 48},
    {.bitmap_index = 6983, .adv_w = 1333, .box_w = 75, .box_h = 76, .ofs_x = 4, .ofs_y = 9},
    {.bitmap_index = 7372, .adv_w = 582, .box_w = 23, .box_h = 42, .ofs_x = 7, .ofs_y = -19},
    {.bitmap_index = 7533, .adv_w = 1102, .box_w = 53, .box_h = 15, .ofs_x = 8, .ofs_y = 40},
    {.bitmap_index = 7562, .adv_w = 643, .box_w = 24, .box_h = 23, .ofs_x = 8, .ofs_y = 1},
    {.bitmap_index = 7647, .adv_w = 950, .box_w = 56, .box_h = 103, .ofs_x = 2, .ofs_y = 2},
    {.bitmap_index = 8217, .adv_w = 1328, .box_w = 69, .box_h = 107, .ofs_x = 7, .ofs_y = 0},
    {.bitmap_index = 9066, .adv_w = 1328, .box_w = 38, .box_h = 103, .ofs_x = 17, .ofs_y = 2},
    {.bitmap_index = 9635, .adv_w = 1328, .box_w = 67, .box_h = 105, .ofs_x = 8, .ofs_y = 2},
    {.bitmap_index = 10240, .adv_w = 1328, .box_w = 70, .box_h = 107, .ofs_x = 6, .ofs_y = 0},
    {.bitmap_index = 10945, .adv_w = 1328, .box_w = 71, .box_h = 103, .ofs_x = 6, .ofs_y = 2},
    {.bitmap_index = 11700, .adv_w = 1328, .box_w = 70, .box_h = 105, .ofs_x = 6, .ofs_y = 0},
    {.bitmap_index = 12372, .adv_w = 1328, .box_w = 71, .box_h = 105, .ofs_x = 6, .ofs_y = 0},
    {.bitmap_index = 13095, .adv_w = 1328, .box_w = 66, .box_h = 104, .ofs_x = 9, .ofs_y = 1},
    {.bitmap_index = 13628, .adv_w = 1328, .box_w = 72, .box_h = 107, .ofs_x = 5, .ofs_y = 0},
    {.bitmap_index = 14476, .adv_w = 1328, .box_w = 71, .box_h = 106, .ofs_x = 6, .ofs_y = 1},
    {.bitmap_index = 15199, .adv_w = 699, .box_w = 23, .box_h = 74, .ofs_x = 10, .ofs_y = 1},
    {.bitmap_index = 15386, .adv_w = 692, .box_w = 23, .box_h = 94, .ofs_x = 10, .ofs_y = -19},
    {.bitmap_index = 15654, .adv_w = 1454, .box_w = 76, .box_h = 85, .ofs_x = 5, .ofs_y = 5},
    {.bitmap_index = 16114, .adv_w = 1326, .box_w = 75, .box_h = 41, .ofs_x = 4, .ofs_y = 27},
    {.bitmap_index = 16222, .adv_w = 1454, .box_w = 75, .box_h = 85, .ofs_x = 10, .ofs_y = 5},
    {.bitmap_index = 16681, .adv_w = 1176, .box_w = 64, .box_h = 106, .ofs_x = 4, .ofs_y = 1},
    {.bitmap_index = 17282, .adv_w = 1803, .box_w = 107, .box_h = 107, .ofs_x = 3, .ofs_y = -1},
    {.bitmap_index = 18708, .adv_w = 1590, .box_w = 100, .box_h = 104, .ofs_x = 0, .ofs_y = 1},
    {.bitmap_index = 19631, .adv_w = 1481, .box_w = 78, .box_h = 103, .ofs_x = 10, .ofs_y = 2},
    {.bitmap_index = 20413, .adv_w = 1572, .box_w = 92, .box_h = 107, .ofs_x = 4, .ofs_y = 0},
    {.bitmap_index = 21147, .adv_w = 1660, .box_w = 89, .box_h = 103, .ofs_x = 10, .ofs_y = 2},
    {.bitmap_index = 21992, .adv_w = 1387, .box_w = 73, .box_h = 103, .ofs_x = 10, .ofs_y = 2},
    {.bitmap_index = 22476, .adv_w = 1281, .box_w = 69, .box_h = 103, .ofs_x = 10, .ofs_y = 2},
    {.bitmap_index = 22986, .adv_w = 1617, .box_w = 92, .box_h = 107, .ofs_x = 4, .ofs_y = 0},
    {.bitmap_index = 23795, .adv_w = 1597, .box_w = 84, .box_h = 103, .ofs_x = 8, .ofs_y = 2},
    {.bitmap_index = 24611, .adv_w = 549, .box_w = 19, .box_h = 103, .ofs_x = 8, .ofs_y = 2},
    {.bitmap_index = 24933, .adv_w = 1136, .box_w = 61, .box_h = 105, .ofs_x = 1, .ofs_y = 0},
    {.bitmap_index = 25534, .adv_w = 1476, .box_w = 84, .box_h = 103, .ofs_x = 8, .ofs_y = 2},
    {.bitmap_index = 26543, .adv_w = 1248, .box_w = 70, .box_h = 103, .ofs_x = 8, .ofs_y = 2},
    {.bitmap_index = 27076, .adv_w = 1969, .box_w = 107, .box_h = 103, .ofs_x = 8, .ofs_y = 2},
    {.bitmap_index = 28370, .adv_w = 1615, .box_w = 85, .box_h = 103, .ofs_x = 8, .ofs_y = 2},
    {.bitmap_index = 29493, .adv_w = 1779, .box_w = 103, .box_h = 107, .ofs_x = 4, .ofs_y = 0},
    {.bitmap_index = 30422, .adv_w = 1438, .box_w = 78, .box_h = 104, .ofs_x = 10, .ofs_y = 1},
    {.bitmap_index = 31100, .adv_w = 1779, .box_w = 103, .box_h = 115, .ofs_x = 4, .ofs_y = -8},
    {.bitmap_index = 32151, .adv_w = 1523, .box_w = 82, .box_h = 104, .ofs_x = 10, .ofs_y = 1},
    {.bitmap_index = 33062, .adv_w = 1301, .box_w = 76, .box_h = 107, .ofs_x = 2, .ofs_y = 0},
    {.bitmap_index = 33750, .adv_w = 1324, .box_w = 81, .box_h = 104, .ofs_x = 1, .ofs_y = 1},
    {.bitmap_index = 34301, .adv_w = 1622, .box_w = 84, .box_h = 105, .ofs_x = 9, .ofs_y = 0},
    {.bitmap_index = 35162, .adv_w = 1510, .box_w = 95, .box_h = 103, .ofs_x = 0, .ofs_y = 2},
    {.bitmap_index = 36132, .adv_w = 2227, .box_w = 137, .box_h = 103, .ofs_x = 1, .ofs_y = 2},
    {.bitmap_index = 37911, .adv_w = 1487, .box_w = 93, .box_h = 103, .ofs_x = 0, .ofs_y = 2},
    {.bitmap_index = 38852, .adv_w = 1438, .box_w = 90, .box_h = 103, .ofs_x = 0, .ofs_y = 2},
    {.bitmap_index = 39622, .adv_w = 1310, .box_w = 76, .box_h = 103, .ofs_x = 3, .ofs_y = 2},
    {.bitmap_index = 40126, .adv_w = 732, .box_w = 31, .box_h = 130, .ofs_x = 15, .ofs_y = -12},
    {.bitmap_index = 40797, .adv_w = 950, .box_w = 56, .box_h = 103, .ofs_x = 2, .ofs_y = 2},
    {.bitmap_index = 41361, .adv_w = 732, .box_w = 31, .box_h = 130, .ofs_x = 0, .ofs_y = -12},
    {.bitmap_index = 42007, .adv_w = 1333, .box_w = 78, .box_h = 58, .ofs_x = 3, .ofs_y = 47},
    {.bitmap_index = 42525, .adv_w = 1216, .box_w = 76, .box_h = 14, .ofs_x = 0, .ofs_y = -13},
    {.bitmap_index = 42571, .adv_w = 764, .box_w = 31, .box_h = 22, .ofs_x = 6, .ofs_y = 88},
    {.bitmap_index = 42690, .adv_w = 1230, .box_w = 66, .box_h = 77, .ofs_x = 4, .ofs_y = 0},
    {.bitmap_index = 43267, .adv_w = 1366, .box_w = 74, .box_h = 109, .ofs_x = 8, .ofs_y = 0},
    {.bitmap_index = 44104, .adv_w = 1160, .box_w = 68, .box_h = 77, .ofs_x = 4, .ofs_y = 0},
    {.bitmap_index = 44608, .adv_w = 1364, .box_w = 74, .box_h = 109, .ofs_x = 4, .ofs_y = 0},
    {.bitmap_index = 45437, .adv_w = 1245, .box_w = 71, .box_h = 77, .ofs_x = 4, .ofs_y = 0},
    {.bitmap_index = 45958, .adv_w = 728, .box_w = 49, .box_h = 109, .ofs_x = 0, .ofs_y = 1},
    {.bitmap_index = 46546, .adv_w = 1355, .box_w = 73, .box_h = 107, .ofs_x = 4, .ofs_y = -30},
    {.bitmap_index = 47393, .adv_w = 1304, .box_w = 67, .box_h = 108, .ofs_x = 8, .ofs_y = 2},
    {.bitmap_index = 48199, .adv_w = 596, .box_w = 22, .box_h = 106, .ofs_x = 8, .ofs_y = 2},
    {.bitmap_index = 48572, .adv_w = 596, .box_w = 38, .box_h = 137, .ofs_x = -8, .ofs_y = -30},
    {.bitmap_index = 49249, .adv_w = 1239, .box_w = 70, .box_h = 108, .ofs_x = 8, .ofs_y = 2},
    {.bitmap_index = 50124, .adv_w = 533, .box_w = 18, .box_h = 108, .ofs_x = 8, .ofs_y = 2},
    {.bitmap_index = 50461, .adv_w = 2050, .box_w = 113, .box_h = 75, .ofs_x = 8, .ofs_y = 2},
    {.bitmap_index = 51497, .adv_w = 1301, .box_w = 66, .box_h = 75, .ofs_x = 8, .ofs_y = 2},
    {.bitmap_index = 52119, .adv_w = 1310, .box_w = 74, .box_h = 77, .ofs_x = 4, .ofs_y = 0},
    {.bitmap_index = 52724, .adv_w = 1373, .box_w = 74, .box_h = 106, .ofs_x = 8, .ofs_y = -29},
    {.bitmap_index = 53556, .adv_w = 1373, .box_w = 74, .box_h = 106, .ofs_x = 4, .ofs_y = -29},
    {.bitmap_index = 54390, .adv_w = 856, .box_w = 47, .box_h = 75, .ofs_x = 8, .ofs_y = 2},
    {.bitmap_index = 54841, .adv_w = 1064, .box_w = 61, .box_h = 77, .ofs_x = 2, .ofs_y = 0},
    {.bitmap_index = 55329, .adv_w = 844, .box_w = 52, .box_h = 98, .ofs_x = 0, .ofs_y = 0},
    {.bitmap_index = 55867, .adv_w = 1284, .box_w = 65, .box_h = 75, .ofs_x = 7, .ofs_y = 0},
    {.bitmap_index = 56499, .adv_w = 1158, .box_w = 72, .box_h = 74, .ofs_x = 0, .ofs_y = 2},
    {.bitmap_index = 57150, .adv_w = 1756, .box_w = 108, .box_h = 74, .ofs_x = 1, .ofs_y = 2},
    {.bitmap_index = 58297, .adv_w = 1263, .box_w = 77, .box_h = 74, .ofs_x = 1, .ofs_y = 2},
    {.bitmap_index = 58940, .adv_w = 1180, .box_w = 74, .box_h = 106, .ofs_x = 0, .ofs_y = -30},
    {.bitmap_index = 59783, .adv_w = 1095, .box_w = 62, .box_h = 74, .ofs_x = 3, .ofs_y = 2},
    {.bitmap_index = 60132, .adv_w = 730, .box_w = 45, .box_h = 130, .ofs_x = 1, .ofs_y = -12},
    {.bitmap_index = 60835, .adv_w = 535, .box_w = 17, .box_h = 118, .ofs_x = 8, .ofs_y = -6},
    {.bitmap_index = 61204, .adv_w = 730, .box_w = 45, .box_h = 130, .ofs_x = 0, .ofs_y = -12},
    {.bitmap_index = 61925, .adv_w = 1333, .box_w = 76, .box_h = 25, .ofs_x = 4, .ofs_y = 35}
};

/*---------------------
 *  CHARACTER MAPPING
 *--------------------*/



/*Collect the unicode lists and glyph_id offsets*/
static const lv_font_fmt_txt_cmap_t cmaps[] =
{
    {
        .range_start = 32, .range_length = 95, .glyph_id_start = 1,
        .unicode_list = NULL, .glyph_id_ofs_list = NULL, .list_length = 0, .type = LV_FONT_FMT_TXT_CMAP_FORMAT0_TINY
    }
};



/*--------------------
 *  ALL CUSTOM DATA
 *--------------------*/

#if LVGL_VERSION_MAJOR == 8
/*Store all the custom data of the font*/
static  lv_font_fmt_txt_glyph_cache_t cache;
#endif

#if LVGL_VERSION_MAJOR >= 8
static const lv_font_fmt_txt_dsc_t font_dsc = {
#else
static lv_font_fmt_txt_dsc_t font_dsc = {
#endif
    .glyph_bitmap = glyph_bitmap,
    .glyph_dsc = glyph_dsc,
    .cmaps = cmaps,
    .kern_dsc = NULL,
    .kern_scale = 0,
    .cmap_num = 1,
    .bpp = 2,
    .kern_classes = 0,
    .bitmap_format = 2,
#if LVGL_VERSION_MAJOR == 8
    .cache = &cache
#endif
};



/*-----------------
 *  PUBLIC FONT
 *----------------*/

/*Initialize a public general font descriptor*/
#if LVGL_VERSION_MAJOR >= 8
const lv_font_t ui_font_HONORS_H_140 = {
#else
lv_font_t ui_font_HONORS_H_140 = {
#endif
    .get_glyph_dsc = lv_font_get_glyph_dsc_fmt_txt,    /*Function pointer to get glyph's data*/
    .get_glyph_bitmap = lv_font_get_bitmap_fmt_txt,    /*Function pointer to get glyph's bitmap*/
    .line_height = 148,          /*The maximum line height required by the font*/
    .base_line = 30,             /*Baseline measured from the bottom of the line*/
#if !(LVGL_VERSION_MAJOR == 6 && LVGL_VERSION_MINOR == 0)
    .subpx = LV_FONT_SUBPX_NONE,
#endif
#if LV_VERSION_CHECK(7, 4, 0) || LVGL_VERSION_MAJOR >= 8
    .underline_position = -14,
    .underline_thickness = 7,
#endif
    .dsc = &font_dsc,          /*The custom font data. Will be accessed by `get_glyph_bitmap/dsc` */
#if LV_VERSION_CHECK(8, 2, 0) || LVGL_VERSION_MAJOR >= 9
    .fallback = NULL,
#endif
    .user_data = NULL,
};



#endif /*#if UI_FONT_HONORS_H_140*/

