/*******************************************************************************
 * Size: 200 px
 * Bpp: 2
 * Opts: --bpp 2 --size 200 --font H:/2025/lvgl_squareline/SquareLine Studio/watch_demo_modify/assets/fonts/HONORSans-Demibold.ttf -o H:/2025/lvgl_squareline/SquareLine Studio/watch_demo_modify/assets/fonts\ui_font_HONORS_200.c --format lvgl -r 0x20-0x7f --no-prefilter
 ******************************************************************************/

#include "../ui.h"

#ifndef UI_FONT_HONORS_200
#define UI_FONT_HONORS_200 1
#endif

#if UI_FONT_HONORS_200

/*-----------------
 *    BITMAPS
 *----------------*/

/*Store the image of the glyphs*/
static LV_ATTRIBUTE_LARGE_CONST const uint8_t glyph_bitmap[] = {
    /* U+0020 " " */

    /* U+0021 "!" */
    0xe, 0xff, 0xfe, 0x54, 0x1f, 0xdf, 0xff, 0xca,
    0x83, 0xfb, 0xff, 0xf9, 0x50, 0x7f, 0x7f, 0xff,
    0x2a, 0xf, 0xef, 0xff, 0xe5, 0x41, 0xfd, 0xff,
    0xfc, 0xa8, 0x3f, 0xbf, 0xff, 0x95, 0x7, 0xf7,
    0xff, 0xf2, 0xa0, 0xfe, 0xff, 0xfe, 0x54, 0x1f,
    0xdf, 0xff, 0xca, 0x83, 0xfb, 0xff, 0xf9, 0x50,
    0x7f, 0x7f, 0xff, 0x2a, 0xf, 0xef, 0xff, 0xe5,
    0x41, 0xfd, 0xff, 0xfc, 0xa8, 0x3f, 0xbf, 0xff,
    0x95, 0x7, 0xf7, 0xff, 0xf2, 0xa0, 0xfe, 0xff,
    0xfe, 0x54, 0x1f, 0xdf, 0xff, 0xca, 0x83, 0xfb,
    0xff, 0xf9, 0x50, 0x7f, 0x7f, 0xff, 0x2a, 0xf,
    0xef, 0xff, 0xe5, 0x41, 0xfd, 0xff, 0xfc, 0xa8,
    0x3f, 0xbf, 0xff, 0x95, 0x7, 0xf7, 0xff, 0xf2,
    0xa0, 0xfe, 0xff, 0xfe, 0x54, 0x1f, 0xdf, 0xff,
    0xca, 0x83, 0xfb, 0xff, 0xf9, 0x50, 0x7f, 0x7f,
    0xff, 0x2a, 0xf, 0xef, 0xff, 0xe5, 0x41, 0xfd,
    0xff, 0xfc, 0xa8, 0x3f, 0xbf, 0xff, 0x95, 0x7,
    0xf7, 0xff, 0xf2, 0xa0, 0xfe, 0xff, 0xfe, 0x54,
    0x1f, 0xdf, 0xff, 0xca, 0x83, 0xfb, 0xff, 0xf9,
    0x50, 0x7f, 0x7f, 0xff, 0x2a, 0xf, 0xef, 0xff,
    0xe5, 0x41, 0xfd, 0xff, 0xfc, 0xa8, 0x3f, 0xbf,
    0xff, 0x95, 0x7, 0xf7, 0xff, 0xf2, 0xa0, 0xfe,
    0xff, 0xfe, 0x54, 0x1f, 0xdf, 0xff, 0xca, 0x83,
    0xfb, 0xff, 0xf9, 0x50, 0x7f, 0x7f, 0xff, 0x2a,
    0xf, 0xef, 0xff, 0xe5, 0x41, 0xfd, 0xff, 0xfc,
    0xa8, 0x3f, 0xbf, 0xff, 0x95, 0x7, 0xf7, 0xff,
    0xf2, 0xa0, 0xfe, 0xff, 0xfe, 0x54, 0x1f, 0xdf,
    0xff, 0xca, 0x83, 0xfb, 0xff, 0xf9, 0x50, 0x7f,
    0x7f, 0xff, 0x2a, 0xf, 0xef, 0xff, 0xe5, 0x41,
    0xfd, 0xff, 0xfc, 0xa8, 0x3f, 0xbf, 0xff, 0x95,
    0x7, 0xf7, 0xff, 0xf2, 0xa0, 0xfe, 0xff, 0xfe,
    0x54, 0x1f, 0xdf, 0xff, 0xca, 0x83, 0xfb, 0xff,
    0xf9, 0x50, 0x7f, 0x7f, 0xff, 0x2a, 0xf, 0xef,
    0xff, 0xe5, 0x41, 0xfd, 0xff, 0xfc, 0xa8, 0x3f,
    0xbf, 0xff, 0x95, 0x7, 0xf7, 0xff, 0xf2, 0xa0,
    0xfe, 0xff, 0xfe, 0x54, 0x1f, 0xdf, 0xff, 0xca,
    0x83, 0xfb, 0xff, 0xf9, 0x50, 0x7f, 0x7f, 0xff,
    0x2a, 0xf, 0xef, 0xff, 0xe5, 0x41, 0xfd, 0xff,
    0xfc, 0xa8, 0x3f, 0xbf, 0xff, 0x95, 0x7, 0xf7,
    0xff, 0xf2, 0xa0, 0xfe, 0xff, 0xfe, 0x54, 0x1f,
    0xdf, 0xff, 0xca, 0x83, 0xfb, 0xff, 0xf9, 0x50,
    0x7f, 0x7f, 0xff, 0x2a, 0xf, 0xef, 0xff, 0xe5,
    0x41, 0xfd, 0xff, 0xfc, 0xa8, 0x3f, 0xbf, 0xff,
    0x95, 0x7, 0xf7, 0xff, 0xf2, 0xa0, 0xfe, 0xff,
    0xfe, 0x54, 0x1f, 0xdf, 0xff, 0xca, 0x83, 0xfb,
    0xff, 0xf9, 0x50, 0x7f, 0x7f, 0xff, 0x2a, 0xf,
    0xef, 0xff, 0xe5, 0x41, 0xfd, 0xff, 0xfc, 0xa8,
    0x3f, 0xbf, 0xff, 0x95, 0x7, 0xf7, 0xff, 0xf2,
    0xa0, 0xfe, 0xff, 0xfe, 0x54, 0x1f, 0xdf, 0xff,
    0xca, 0x83, 0xfb, 0xff, 0xf9, 0x50, 0x7f, 0x7f,
    0xff, 0x2a, 0xf, 0xef, 0xff, 0xe5, 0x41, 0xfd,
    0xff, 0xfc, 0xa8, 0x3f, 0xbf, 0xff, 0x95, 0x7,
    0xf7, 0xff, 0xf2, 0xa0, 0xfe, 0xff, 0xfe, 0x54,
    0x1f, 0xdf, 0xff, 0xca, 0x83, 0xfb, 0xff, 0xf9,
    0x50, 0x7f, 0x7f, 0xff, 0x2a, 0xf, 0xef, 0xff,
    0xe5, 0x41, 0xfc, 0xbf, 0xfc, 0xa0, 0xff, 0xff,
    0x87, 0xff, 0xfc, 0x3f, 0xff, 0xe1, 0xff, 0xff,
    0xf, 0xff, 0xf8, 0x7f, 0xff, 0xc3, 0xff, 0xc4,
    0xdf, 0xea, 0x7, 0xff, 0x1d, 0xbf, 0xff, 0x82,
    0x87, 0xff, 0xe, 0xff, 0xfe, 0x2a, 0x1f, 0xfc,
    0xf, 0xff, 0xe4, 0x41, 0xfe, 0xff, 0xfe, 0x54,
    0x1f, 0xbf, 0xff, 0x98, 0x87, 0xbf, 0xff, 0x9c,
    0x1c, 0xff, 0xff, 0x3c, 0x37, 0xff, 0xf4, 0x10,
    0x3f, 0xff, 0xd0, 0x81, 0x7f, 0xff, 0x44, 0x1f,
    0xff, 0xd2, 0x4f, 0xff, 0xe9, 0x4f, 0xff, 0xf4,
    0xa7, 0xff, 0xfa, 0x53, 0xff, 0xfd, 0x37, 0xff,
    0xfa, 0x6f, 0xff, 0xf4, 0xa3, 0xff, 0xfa, 0x51,
    0xff, 0xfd, 0x24, 0xbf, 0xff, 0xa2, 0x7, 0xff,
    0xfa, 0x10, 0x5f, 0xff, 0xd0, 0xc, 0xff, 0xff,
    0x3a, 0xe, 0xbf, 0xff, 0x9a, 0x1f, 0x7f, 0xff,
    0x30, 0x3f, 0xbf, 0xff, 0x94, 0x87, 0xfa, 0xff,
    0xfe, 0x3a, 0x1f, 0xfc, 0x7, 0xff, 0xf8, 0x90,
    0x7f, 0xf1, 0x2f, 0xff, 0xe0, 0xa1, 0xff, 0xc7,
    0x6f, 0xf4, 0x87, 0xfc,

    /* U+0022 "\"" */
    0xbf, 0xff, 0x8e, 0x87, 0xff, 0x16, 0xff, 0xfe,
    0x3b, 0xff, 0xfc, 0x84, 0x3f, 0xf8, 0xbf, 0xff,
    0xc8, 0x7f, 0xff, 0x90, 0x87, 0xff, 0x17, 0xff,
    0xf9, 0xf, 0xff, 0xf2, 0x10, 0xff, 0xe2, 0xff,
    0xff, 0x21, 0xff, 0xfe, 0x42, 0x1f, 0xfc, 0x5f,
    0xff, 0xe4, 0x3f, 0xff, 0xc8, 0x43, 0xff, 0x8b,
    0xff, 0xfc, 0x87, 0xff, 0xf9, 0x8, 0x7f, 0xf1,
    0x7f, 0xff, 0x90, 0xff, 0xff, 0x21, 0xf, 0xfe,
    0x2f, 0xff, 0xf2, 0x1f, 0xff, 0xe4, 0x21, 0xff,
    0xc5, 0xff, 0xfe, 0x43, 0xff, 0xfc, 0x84, 0x3f,
    0xf8, 0xbf, 0xff, 0xc8, 0x7f, 0xff, 0x90, 0x87,
    0xff, 0x17, 0xff, 0xf9, 0xf, 0xff, 0xf2, 0x10,
    0xff, 0xe2, 0xff, 0xff, 0x21, 0xff, 0xfe, 0x42,
    0x1f, 0xfc, 0x5f, 0xff, 0xe4, 0x3f, 0xff, 0xc8,
    0x43, 0xff, 0x8b, 0xff, 0xfc, 0x87, 0xff, 0xf9,
    0x8, 0x7f, 0xf1, 0x7f, 0xff, 0x90, 0xff, 0xff,
    0x21, 0xf, 0xfe, 0x2f, 0xff, 0xf2, 0x1f, 0xff,
    0xe4, 0x21, 0xff, 0xc5, 0xff, 0xfe, 0x43, 0xff,
    0xfc, 0x84, 0x3f, 0xf8, 0xbf, 0xff, 0xc8, 0x7f,
    0xff, 0x90, 0x87, 0xff, 0x17, 0xff, 0xf9, 0xf,
    0xff, 0xf2, 0x10, 0xff, 0xe2, 0xff, 0xff, 0x21,
    0xff, 0xfe, 0x42, 0x1f, 0xfc, 0x5f, 0xff, 0xe4,
    0x3f, 0xff, 0xc8, 0x43, 0xff, 0x8b, 0xff, 0xfc,
    0x87, 0xff, 0xf9, 0x8, 0x7f, 0xf1, 0x7f, 0xff,
    0x90, 0xff, 0xff, 0x21, 0xf, 0xfe, 0x2f, 0xff,
    0xf2, 0x1f, 0xff, 0xe4, 0x21, 0xff, 0xc5, 0xff,
    0xfe, 0x43, 0xff, 0xfc, 0x84, 0x3f, 0xf8, 0xbf,
    0xff, 0xc8, 0x7f, 0xff, 0x90, 0x87, 0xff, 0x17,
    0xff, 0xf9, 0xf, 0xff, 0xf2, 0x10, 0xff, 0xe2,
    0xff, 0xff, 0x21, 0xff, 0xfe, 0x42, 0x1f, 0xfc,
    0x5f, 0xff, 0xe4, 0x3f, 0xff, 0xc8, 0x43, 0xff,
    0x8b, 0xff, 0xfc, 0x87, 0xff, 0xf9, 0x8, 0x7f,
    0xf1, 0x7f, 0xff, 0x90, 0xff, 0xff, 0x21, 0xf,
    0xfe, 0x2f, 0xff, 0xf2, 0x1f, 0xff, 0xe4, 0x21,
    0xff, 0xc5, 0xff, 0xfe, 0x43, 0xff, 0xfc, 0x84,
    0x3f, 0xf8, 0xbf, 0xff, 0xc8, 0x7f, 0xff, 0x90,
    0x87, 0xff, 0x17, 0xff, 0xf9, 0xf, 0xff, 0xf2,
    0x10, 0xff, 0xe2, 0xff, 0xff, 0x21, 0xff, 0xfe,
    0x42, 0x1f, 0xfc, 0x5f, 0xff, 0xe4, 0x3f, 0xff,
    0xc8, 0x43, 0xff, 0x8b, 0xff, 0xfc, 0x87, 0xff,
    0xf9, 0x8, 0x7f, 0xf1, 0x7f, 0xff, 0x90, 0xff,
    0xff, 0x21, 0xf, 0xfe, 0x2f, 0xff, 0xf2, 0x1f,
    0xff, 0xe4, 0x21, 0xff, 0xc5, 0xff, 0xfe, 0x43,
    0xff, 0xfc, 0x84, 0x3f, 0xf8, 0xbf, 0xff, 0xc8,
    0x7f, 0xff, 0x90, 0x87, 0xff, 0x17, 0xff, 0xf9,
    0xf, 0xff, 0xf2, 0x10, 0xff, 0xe2, 0xff, 0xff,
    0x21, 0xff, 0xfe, 0x42, 0x1f, 0xfc, 0x5f, 0xff,
    0xe4, 0x3f, 0xff, 0xc8, 0x43, 0xff, 0x8b, 0xff,
    0xfc, 0x87, 0xff, 0xf9, 0x8, 0x7f, 0xf1, 0x7f,
    0xff, 0x90, 0xff, 0xff, 0x21, 0xf, 0xfe, 0x2f,
    0xff, 0xf2, 0x1f, 0xff, 0xe4, 0x21, 0xff, 0xc5,
    0xff, 0xfe, 0x43, 0xff, 0xfc, 0x84, 0x3f, 0xf8,
    0xbf, 0xff, 0xc8, 0x7f, 0xff, 0x90, 0x87, 0xff,
    0x17, 0xff, 0xf9, 0xf, 0xff, 0xf2, 0x10, 0xff,
    0xe2, 0xff, 0xff, 0x21, 0xff, 0xfe, 0x42, 0x1f,
    0xfc, 0x5f, 0xff, 0xe4, 0x3f, 0xff, 0xc8, 0x43,
    0xff, 0x8b, 0xff, 0xfc, 0x84,

    /* U+0023 "#" */
    0xf, 0xfe, 0xb3, 0xff, 0xfc, 0xa0, 0xff, 0xe7,
    0x3f, 0xff, 0xc9, 0x83, 0xff, 0xc7, 0x7f, 0xff,
    0x28, 0x3f, 0xf9, 0xd7, 0xff, 0xf2, 0x60, 0xff,
    0xf1, 0xff, 0xff, 0x2a, 0xf, 0xfe, 0x77, 0xff,
    0xf2, 0x90, 0xff, 0xf1, 0xff, 0xff, 0x29, 0xf,
    0xfe, 0x77, 0xff, 0xf2, 0x90, 0xff, 0xf1, 0xff,
    0xff, 0x29, 0xf, 0xfe, 0x77, 0xff, 0xf2, 0x83,
    0xff, 0xc9, 0xff, 0xfc, 0xa0, 0xff, 0xe7, 0xff,
    0xff, 0x28, 0x3f, 0xfc, 0x6f, 0xff, 0xf2, 0x83,
    0xff, 0x9c, 0xff, 0xff, 0x28, 0x3f, 0xfc, 0x6f,
    0xff, 0xf2, 0x83, 0xff, 0x9c, 0xff, 0xff, 0x26,
    0xf, 0xff, 0x1d, 0xff, 0xfc, 0xa0, 0xff, 0xe7,
    0x5f, 0xff, 0xc9, 0x83, 0xff, 0xc7, 0xff, 0xfc,
    0xa8, 0x3f, 0xf9, 0xdf, 0xff, 0xca, 0x43, 0xff,
    0xc7, 0xff, 0xfc, 0xa8, 0x3f, 0xf9, 0xdf, 0xff,
    0xca, 0x43, 0xff, 0xc7, 0xff, 0xfc, 0xa4, 0x3f,
    0xf9, 0xdf, 0xff, 0xca, 0xf, 0xff, 0x27, 0xff,
    0xf2, 0x83, 0xff, 0x9f, 0xff, 0xfc, 0xa0, 0xff,
    0xf1, 0xbf, 0xff, 0xca, 0xf, 0xfe, 0x73, 0xff,
    0xfc, 0xa0, 0xff, 0xf1, 0xbf, 0xff, 0xca, 0xf,
    0xfe, 0x73, 0xff, 0xfc, 0x98, 0x3f, 0xfc, 0x77,
    0xff, 0xf2, 0x83, 0xff, 0x9d, 0x7f, 0xff, 0x26,
    0xf, 0xff, 0x1f, 0xff, 0xf2, 0xa0, 0xff, 0xe7,
    0x7f, 0xff, 0x29, 0xf, 0xff, 0x1f, 0xff, 0xf2,
    0xa0, 0xff, 0xe7, 0x7f, 0xff, 0x29, 0xf, 0xff,
    0x1f, 0xff, 0xf2, 0x90, 0xff, 0xe7, 0x7f, 0xff,
    0x28, 0x3f, 0xfc, 0x9f, 0xff, 0xca, 0xf, 0xfe,
    0x7f, 0xff, 0xf2, 0x83, 0xff, 0xc6, 0xff, 0xff,
    0x28, 0x3f, 0xf9, 0xcf, 0xff, 0xf2, 0x83, 0xff,
    0xc6, 0xff, 0xff, 0x28, 0x3f, 0xf9, 0xcf, 0xff,
    0xf2, 0x60, 0xff, 0xf1, 0xdf, 0xff, 0xca, 0xf,
    0xfe, 0x75, 0xff, 0xfc, 0x98, 0x3f, 0xfc, 0x7f,
    0xff, 0xca, 0x83, 0xff, 0x9d, 0xff, 0xfc, 0xa4,
    0x3f, 0xfc, 0x7f, 0xff, 0xca, 0x83, 0xff, 0x9d,
    0xff, 0xfc, 0xa4, 0x3f, 0xfc, 0x7f, 0xff, 0xca,
    0x43, 0xff, 0x9d, 0xff, 0xfc, 0xa0, 0xff, 0xf2,
    0x7f, 0xff, 0x28, 0x3f, 0xf9, 0xff, 0xff, 0xca,
    0xf, 0xff, 0x1b, 0xff, 0xfc, 0xa0, 0xff, 0xe7,
    0x3f, 0xff, 0xca, 0xf, 0xff, 0x1b, 0xff, 0xfc,
    0xa0, 0xff, 0xe7, 0x3f, 0xff, 0xc9, 0x83, 0xff,
    0xc7, 0x7f, 0xff, 0x28, 0x3f, 0xf9, 0xd7, 0xff,
    0xf2, 0x60, 0xff, 0xf1, 0xff, 0xff, 0x2a, 0xf,
    0xfe, 0x77, 0xff, 0xf2, 0x90, 0xff, 0xf1, 0xff,
    0xff, 0x2a, 0xf, 0xfe, 0x77, 0xff, 0xf2, 0x90,
    0xff, 0xf1, 0xff, 0xff, 0x29, 0xf, 0xfe, 0x77,
    0xff, 0xf2, 0x83, 0xff, 0xc9, 0xff, 0xfc, 0xa0,
    0xff, 0xe7, 0xff, 0xff, 0x28, 0x3f, 0xfc, 0x6f,
    0xff, 0xf2, 0x83, 0xff, 0x9c, 0xff, 0xff, 0x28,
    0x3f, 0xfc, 0x6f, 0xff, 0xf2, 0x83, 0xff, 0x9c,
    0xff, 0xff, 0x26, 0xf, 0xff, 0x1d, 0xff, 0xfc,
    0xa0, 0xff, 0xe7, 0x5f, 0xff, 0xc9, 0x83, 0xff,
    0xc7, 0xff, 0xfc, 0xa8, 0x3f, 0xf9, 0xdf, 0xff,
    0xca, 0x43, 0xff, 0xc7, 0xff, 0xfc, 0xa8, 0x3f,
    0xf9, 0xdf, 0xff, 0xca, 0x43, 0xff, 0xc7, 0xff,
    0xfc, 0xa4, 0x3f, 0xf9, 0xdf, 0xff, 0xca, 0xf,
    0xfe, 0x72, 0xff, 0xf2, 0xbf, 0xff, 0x95, 0x2f,
    0xff, 0x3b, 0xff, 0xf9, 0x4b, 0xff, 0xc7, 0xf,
    0x3f, 0xff, 0xff, 0xff, 0xfe, 0xc8, 0x79, 0xff,
    0xff, 0xff, 0xff, 0xf6, 0x43, 0xcf, 0xff, 0xff,
    0xff, 0xff, 0xb2, 0x1e, 0x7f, 0xff, 0xff, 0xff,
    0xfd, 0x90, 0xf3, 0xff, 0xff, 0xff, 0xff, 0xec,
    0x87, 0x9f, 0xff, 0xff, 0xff, 0xff, 0x64, 0x3c,
    0xff, 0xff, 0xff, 0xff, 0xfb, 0x21, 0xe7, 0xff,
    0xff, 0xff, 0xff, 0xd9, 0xf, 0x3f, 0xff, 0xff,
    0xff, 0xfe, 0xc8, 0x79, 0xff, 0xff, 0xff, 0xff,
    0xf6, 0x43, 0xcf, 0xff, 0xff, 0xff, 0xff, 0xb2,
    0x1e, 0x7f, 0xff, 0xff, 0xff, 0xfd, 0x90, 0xf3,
    0xff, 0xff, 0xff, 0xff, 0xec, 0x87, 0x9f, 0xff,
    0xff, 0xff, 0xff, 0x64, 0x3c, 0xff, 0xff, 0xff,
    0xff, 0xfb, 0x21, 0xe7, 0xff, 0xff, 0xff, 0xff,
    0xd9, 0xf, 0x3f, 0xff, 0xff, 0xff, 0xfe, 0xc8,
    0x79, 0xff, 0xff, 0xff, 0xff, 0xf6, 0x43, 0xcf,
    0xff, 0xff, 0xff, 0xff, 0xb2, 0x1e, 0x7f, 0xff,
    0xff, 0xff, 0xfd, 0x90, 0xff, 0xe7, 0x7f, 0xff,
    0x28, 0x3f, 0xf9, 0xcf, 0xff, 0xf2, 0x83, 0xff,
    0xc9, 0xff, 0xfc, 0xa0, 0xff, 0xe7, 0x3f, 0xff,
    0xca, 0xf, 0xff, 0x1b, 0xff, 0xfc, 0xa0, 0xff,
    0xe7, 0x5f, 0xff, 0xc9, 0x83, 0xff, 0xc7, 0x7f,
    0xff, 0x26, 0xf, 0xfe, 0x75, 0xff, 0xfc, 0x94,
    0x3f, 0xfc, 0x77, 0xff, 0xf2, 0x60, 0xff, 0xe7,
    0x7f, 0xff, 0x29, 0xf, 0xff, 0x1f, 0xff, 0xf2,
    0x90, 0xff, 0xe7, 0x7f, 0xff, 0x28, 0x3f, 0xfc,
    0x9f, 0xff, 0xca, 0xf, 0xfe, 0x7f, 0xff, 0xf2,
    0x83, 0xff, 0xc9, 0xff, 0xfc, 0xa0, 0xff, 0xe7,
    0x3f, 0xff, 0xca, 0xf, 0xff, 0x1b, 0xff, 0xfc,
    0xa0, 0xff, 0xe7, 0x3f, 0xff, 0xc9, 0x83, 0xff,
    0xc6, 0xff, 0xff, 0x28, 0x3f, 0xf9, 0xd7, 0xff,
    0xf2, 0x60, 0xff, 0xf1, 0xdf, 0xff, 0xc9, 0x83,
    0xff, 0x9d, 0x7f, 0xff, 0x25, 0xf, 0xff, 0x1d,
    0xff, 0xfc, 0x94, 0x3f, 0xf9, 0xdf, 0xff, 0xca,
    0x43, 0xff, 0xc7, 0xff, 0xfc, 0xa4, 0x3f, 0xf9,
    0xdf, 0xff, 0xca, 0xf, 0xff, 0x27, 0xff, 0xf2,
    0x83, 0xff, 0x9f, 0xff, 0xfc, 0xa0, 0xff, 0xf2,
    0x7f, 0xff, 0x28, 0x3f, 0xf9, 0xff, 0xff, 0xca,
    0xf, 0xff, 0x1b, 0xff, 0xfc, 0xa0, 0xff, 0xe7,
    0x3f, 0xff, 0xc9, 0x83, 0xff, 0xc6, 0xff, 0xff,
    0x28, 0x3f, 0xf9, 0xd7, 0xff, 0xf2, 0x60, 0xff,
    0xf1, 0xdf, 0xff, 0xc9, 0x83, 0xff, 0x9d, 0x7f,
    0xff, 0x25, 0xf, 0xff, 0x1d, 0xff, 0xfc, 0x94,
    0x3f, 0xf9, 0xdf, 0xff, 0xca, 0x43, 0xff, 0xc7,
    0xff, 0xfc, 0xa4, 0x3f, 0xf9, 0xdf, 0xff, 0xca,
    0xf, 0xff, 0x27, 0xff, 0xf2, 0x83, 0xff, 0x9f,
    0xff, 0xfc, 0xa0, 0xff, 0xf2, 0x7f, 0xff, 0x28,
    0x3f, 0xf9, 0xff, 0xff, 0xca, 0xf, 0xff, 0x1b,
    0xff, 0xfc, 0xa0, 0xff, 0xe7, 0x3f, 0xff, 0xc9,
    0x83, 0xff, 0xc6, 0xff, 0xff, 0x26, 0xf, 0xfe,
    0x75, 0xff, 0xfc, 0x98, 0x3f, 0xfc, 0x77, 0xff,
    0xf2, 0x60, 0xff, 0xe7, 0x5f, 0xff, 0xc9, 0x43,
    0xff, 0x9c, 0xbf, 0xfc, 0x9f, 0xff, 0xe5, 0x4b,
    0xff, 0xce, 0xff, 0xfe, 0x54, 0xbf, 0xfc, 0x70,
    0xf5, 0xff, 0xff, 0xff, 0xff, 0xec, 0x87, 0xaf,
    0xff, 0xff, 0xff, 0xff, 0x64, 0x3d, 0x7f, 0xff,
    0xff, 0xff, 0xfb, 0x21, 0xeb, 0xff, 0xff, 0xff,
    0xff, 0xd9, 0xf, 0x5f, 0xff, 0xff, 0xff, 0xfe,
    0xc8, 0x7a, 0xff, 0xff, 0xff, 0xff, 0xf6, 0x43,
    0xd7, 0xff, 0xff, 0xff, 0xff, 0xb2, 0x1e, 0xbf,
    0xff, 0xff, 0xff, 0xfd, 0x90, 0xf5, 0xff, 0xff,
    0xff, 0xff, 0xec, 0x87, 0xaf, 0xff, 0xff, 0xff,
    0xff, 0x64, 0x3d, 0x7f, 0xff, 0xff, 0xff, 0xfb,
    0x21, 0xeb, 0xff, 0xff, 0xff, 0xff, 0xd9, 0xf,
    0x5f, 0xff, 0xff, 0xff, 0xfe, 0xc8, 0x7a, 0xff,
    0xff, 0xff, 0xff, 0xf6, 0x43, 0xd7, 0xff, 0xff,
    0xff, 0xff, 0xb2, 0x1e, 0xbf, 0xff, 0xff, 0xff,
    0xfd, 0x90, 0xf5, 0xff, 0xff, 0xff, 0xff, 0xec,
    0x87, 0xaf, 0xff, 0xff, 0xff, 0xff, 0x64, 0x3d,
    0x7f, 0xff, 0xff, 0xff, 0xfb, 0x21, 0xeb, 0xff,
    0xff, 0xff, 0xff, 0xd9, 0xf, 0xfe, 0x6d, 0xff,
    0xfc, 0x94, 0x3f, 0xf9, 0xdf, 0xff, 0xca, 0xf,
    0xff, 0x27, 0xff, 0xf2, 0x83, 0xff, 0x9f, 0xff,
    0xfc, 0xa0, 0xff, 0xf2, 0x7f, 0xff, 0x28, 0x3f,
    0xf9, 0xff, 0xff, 0xca, 0xf, 0xff, 0x27, 0xff,
    0xf2, 0x83, 0xff, 0x9c, 0xff, 0xff, 0x26, 0xf,
    0xff, 0x1b, 0xff, 0xfc, 0xa0, 0xff, 0xe7, 0x3f,
    0xff, 0xc9, 0x83, 0xff, 0xc6, 0xff, 0xff, 0x26,
    0xf, 0xfe, 0x75, 0xff, 0xfc, 0x94, 0x3f, 0xfc,
    0x77, 0xff, 0xf2, 0x50, 0xff, 0xe7, 0x5f, 0xff,
    0xc9, 0x43, 0xff, 0xc7, 0x7f, 0xff, 0x25, 0xf,
    0xfe, 0x77, 0xff, 0xf2, 0x83, 0xff, 0xc9, 0xff,
    0xfc, 0xa0, 0xff, 0xe7, 0xff, 0xff, 0x28, 0x3f,
    0xfc, 0x9f, 0xff, 0xca, 0xf, 0xfe, 0x7f, 0xff,
    0xf2, 0x83, 0xff, 0xc9, 0xff, 0xfc, 0xa0, 0xff,
    0xe7, 0x3f, 0xff, 0xc9, 0x83, 0xff, 0xc6, 0xff,
    0xff, 0x28, 0x3f, 0xf9, 0xcf, 0xff, 0xf2, 0x60,
    0xff, 0xf1, 0xbf, 0xff, 0xc9, 0x83, 0xff, 0x9d,
    0x7f, 0xff, 0x25, 0xf, 0xff, 0x1d, 0xff, 0xfc,
    0x98, 0x3f, 0xf9, 0xdf, 0xff, 0xca, 0x43, 0xff,
    0xc7, 0x7f, 0xff, 0x25, 0xf, 0xfe, 0x77, 0xff,
    0xf2, 0x83, 0xff, 0xc9, 0xff, 0xfc, 0xa0, 0xff,
    0xe7, 0xff, 0xff, 0x28, 0x3f, 0xfc, 0x9f, 0xff,
    0xca, 0xf, 0xfe, 0x7f, 0xff, 0xf2, 0x83, 0xff,
    0xc9, 0xff, 0xfc, 0xa0, 0xff, 0xe7, 0x3f, 0xff,
    0xc9, 0x83, 0xff, 0xc6, 0xff, 0xff, 0x28, 0x3f,
    0xf9, 0xcf, 0xff, 0xf2, 0x60, 0xff, 0xf1, 0xbf,
    0xff, 0xc9, 0x83, 0xff, 0x9d, 0x7f, 0xff, 0x25,
    0xf, 0xff, 0x1d, 0xff, 0xfc, 0x98, 0x3f, 0xf9,
    0xdf, 0xff, 0xca, 0x43, 0xff, 0xc7, 0x7f, 0xff,
    0x25, 0xf, 0xfe, 0x77, 0xff, 0xf2, 0x83, 0xff,
    0xc9, 0xff, 0xfc, 0xa4, 0x3f, 0xf9, 0xdf, 0xff,
    0xca, 0xf, 0xff, 0x27, 0xff, 0xf2, 0x83, 0xff,
    0x9f, 0xff, 0xfc, 0xa0, 0xff, 0xf2, 0x7f, 0xff,
    0x28, 0x3f, 0xf9, 0xcf, 0xff, 0xf2, 0x83, 0xff,
    0xc6, 0xff, 0xff, 0x28, 0x3f, 0xf9, 0xcf, 0xff,
    0xf2, 0x60, 0xff, 0xf1, 0xbf, 0xff, 0xc9, 0x83,
    0xff, 0x9d, 0x7f, 0xff, 0x25, 0xf, 0xff, 0x1d,
    0xff, 0xfc, 0x98, 0x3f, 0xf9, 0xdf, 0xff, 0xca,
    0x43, 0xff, 0xc7, 0x7f, 0xff, 0x25, 0xf, 0xfe,
    0x77, 0xff, 0xf2, 0x83, 0xff, 0xc9, 0xff, 0xfc,
    0xa4, 0x3f, 0xf9, 0xdf, 0xff, 0xca, 0xf, 0xff,
    0x27, 0xff, 0xf2, 0x83, 0xff, 0x9f, 0xff, 0xfc,
    0xa0, 0xff, 0xf2, 0x7f, 0xff, 0x28, 0x3f, 0xf9,
    0xcf, 0xff, 0xf2, 0x83, 0xff, 0xc6, 0xff, 0xff,
    0x28, 0x3f, 0xf9, 0xd7, 0xff, 0xf2, 0x60, 0xff,
    0xf1, 0xbf, 0xff, 0xc9, 0x83, 0xff, 0x9d, 0x7f,
    0xff, 0x26, 0xf, 0xff, 0x1d, 0xff, 0xfc, 0x98,
    0x3f, 0xf9, 0xdf, 0xff, 0xca, 0x43, 0xff, 0xc7,
    0xff, 0xfc, 0xa4, 0x3f, 0xf9, 0xdf, 0xff, 0xca,
    0xf, 0xff, 0x27, 0xff, 0xf2, 0x90, 0xff, 0xe7,
    0x7f, 0xff, 0x28, 0x3f, 0xfc, 0x9f, 0xff, 0xca,
    0xf, 0xfe, 0x7f, 0xff, 0xf2, 0x83, 0xff, 0xc9,
    0xff, 0xfc, 0xa0, 0xff, 0xe7, 0x3f, 0xff, 0xca,
    0xf, 0xff, 0x1b, 0xff, 0xfc, 0xa0, 0xff, 0xe7,
    0x5f, 0xff, 0xc9, 0x83, 0xff, 0xac,

    /* U+0024 "$" */
    0xf, 0xff, 0x12, 0xff, 0xf2, 0x3, 0xff, 0xfe,
    0x1f, 0xfc, 0x7, 0xff, 0xf9, 0x10, 0x7f, 0xff,
    0xc3, 0xfe, 0x7f, 0xff, 0x91, 0x7, 0xff, 0xfc,
    0x3f, 0xe7, 0xff, 0xf9, 0x10, 0x7f, 0xff, 0xc3,
    0xfe, 0x7f, 0xff, 0x91, 0x7, 0xff, 0xfc, 0x3f,
    0xe7, 0xff, 0xf9, 0x10, 0x7f, 0xff, 0xc3, 0xfe,
    0x7f, 0xff, 0x91, 0x7, 0xff, 0xfc, 0x3f, 0xe7,
    0xff, 0xf9, 0x10, 0x7f, 0xff, 0xc3, 0xfe, 0x7f,
    0xff, 0x91, 0x7, 0xff, 0xfc, 0x3f, 0xe7, 0xff,
    0xf9, 0x10, 0x7f, 0xff, 0xc3, 0xfe, 0x7f, 0xff,
    0x91, 0x7, 0xff, 0xfc, 0x3f, 0xe7, 0xff, 0xf9,
    0x10, 0x7f, 0xff, 0xc3, 0xfe, 0x7f, 0xff, 0x91,
    0x7, 0xff, 0xfc, 0x3f, 0xe7, 0xff, 0xf9, 0x10,
    0x7f, 0xff, 0xc3, 0xfe, 0x7f, 0xff, 0x91, 0x7,
    0xff, 0xfc, 0x3e, 0x6f, 0xff, 0xe6, 0xc8, 0x7f,
    0xff, 0xdb, 0xff, 0xfa, 0xb2, 0x1f, 0xff, 0x8b,
    0xff, 0xfb, 0xb2, 0x1f, 0xff, 0x17, 0xff, 0xfc,
    0x70, 0x7f, 0xfb, 0x6f, 0xff, 0xf4, 0x21, 0xff,
    0xe8, 0xbf, 0xff, 0xd9, 0x7, 0xff, 0x92, 0xff,
    0xff, 0x84, 0x87, 0xff, 0x7d, 0xff, 0xff, 0xa4,
    0x1f, 0xfd, 0xdf, 0xff, 0xfc, 0x41, 0xff, 0xd9,
    0x7f, 0xff, 0xf7, 0x7, 0xff, 0x5a, 0xff, 0xff,
    0xf2, 0x1f, 0xfd, 0x3f, 0xff, 0xff, 0xfa, 0xf,
    0xfe, 0x8f, 0xff, 0xff, 0xff, 0x90, 0xff, 0xe7,
    0x7f, 0xff, 0xff, 0xfe, 0x83, 0xff, 0x99, 0xff,
    0xff, 0xff, 0xff, 0x7, 0xff, 0x2b, 0xff, 0xff,
    0xff, 0xff, 0xc0, 0xf, 0xfe, 0x47, 0xff, 0xff,
    0xff, 0xff, 0x84, 0x1f, 0xfc, 0x6b, 0xff, 0xff,
    0xff, 0xff, 0xc3, 0x43, 0xff, 0x86, 0xff, 0xff,
    0xff, 0xff, 0xf8, 0xa8, 0x7f, 0xf0, 0xbf, 0xff,
    0xff, 0xff, 0xfc, 0x64, 0x3f, 0xf8, 0x37, 0xff,
    0xff, 0xff, 0xff, 0x8a, 0x87, 0xff, 0x5, 0xff,
    0xff, 0xff, 0xff, 0xf1, 0x50, 0xff, 0xe1, 0x7f,
    0xff, 0x5e, 0x9f, 0xff, 0xeb, 0xf, 0xfe, 0x1b,
    0xff, 0xfd, 0x44, 0x27, 0xff, 0xf9, 0x10, 0xdf,
    0xff, 0xd2, 0xf, 0xfe, 0x27, 0xff, 0xf4, 0xa0,
    0xf3, 0xff, 0xfc, 0x88, 0x33, 0x7f, 0xff, 0x38,
    0x3f, 0xf8, 0x8f, 0xff, 0xf4, 0x50, 0xf9, 0xff,
    0xfe, 0x44, 0x1f, 0x3f, 0xff, 0xcb, 0xf, 0xfe,
    0x2d, 0xff, 0xfc, 0xf8, 0x3f, 0x9f, 0xff, 0xe4,
    0x41, 0xfc, 0xff, 0xff, 0x20, 0x3f, 0xf8, 0xdf,
    0xff, 0xcf, 0x43, 0xfc, 0xff, 0xff, 0x22, 0xf,
    0xf9, 0xff, 0xfe, 0x28, 0x7f, 0xf1, 0x9f, 0xff,
    0xe7, 0x21, 0xff, 0x3f, 0xff, 0xc8, 0x83, 0xff,
    0x82, 0xff, 0xff, 0x8, 0x3f, 0xf8, 0xf7, 0xff,
    0xf3, 0x50, 0xff, 0xe0, 0x3f, 0xff, 0xc8, 0x83,
    0xff, 0x87, 0x7f, 0xfc, 0x1f, 0xfc, 0x8f, 0xff,
    0xe6, 0xc1, 0xff, 0xc1, 0x7f, 0xff, 0x91, 0x7,
    0xff, 0x11, 0xff, 0xe0, 0xff, 0xe4, 0xff, 0xff,
    0x34, 0x3f, 0xf8, 0x4f, 0xff, 0xf2, 0x20, 0xff,
    0xe3, 0x7f, 0xc1, 0xff, 0xc9, 0x7f, 0xff, 0x99,
    0x7, 0xff, 0x9, 0xff, 0xfe, 0x44, 0x1f, 0xfc,
    0x7f, 0xe0, 0xff, 0xe5, 0x5f, 0xff, 0xcc, 0xf,
    0xfe, 0x1b, 0xff, 0xfc, 0x88, 0x3f, 0xf9, 0x1e,
    0x83, 0xff, 0x97, 0x7f, 0xff, 0x30, 0x3f, 0xf8,
    0x6f, 0xff, 0xf2, 0x20, 0xff, 0xe4, 0xc1, 0xff,
    0xcc, 0xff, 0xfe, 0x64, 0x1f, 0xfc, 0x37, 0xff,
    0xf9, 0x10, 0x7f, 0xf8, 0xbf, 0xff, 0x98, 0x87,
    0xff, 0xd, 0xff, 0xfe, 0x44, 0x1f, 0xfe, 0x2f,
    0xff, 0xe6, 0x7, 0xff, 0x11, 0xff, 0xfe, 0x44,
    0x1f, 0xfe, 0x2f, 0xff, 0xe6, 0x7, 0xff, 0x11,
    0xff, 0xfe, 0x44, 0x1f, 0xfe, 0x2f, 0xff, 0xe6,
    0x7, 0xff, 0x11, 0xff, 0xfe, 0x44, 0x1f, 0xfe,
    0x2f, 0xff, 0xe6, 0x7, 0xff, 0x11, 0xff, 0xfe,
    0x44, 0x1f, 0xfe, 0x2f, 0xff, 0xe6, 0x7, 0xff,
    0x11, 0xff, 0xfe, 0x44, 0x1f, 0xfe, 0x2f, 0xff,
    0xe6, 0x7, 0xff, 0x11, 0xff, 0xfe, 0x44, 0x1f,
    0xfe, 0x2f, 0xff, 0xe6, 0x21, 0xff, 0xc3, 0x7f,
    0xff, 0x91, 0x7, 0xff, 0x8b, 0xff, 0xf9, 0x90,
    0x7f, 0xf0, 0xdf, 0xff, 0xe4, 0x41, 0xff, 0xe2,
    0xff, 0xfe, 0x68, 0x7f, 0xf0, 0xdf, 0xff, 0xe4,
    0x41, 0xff, 0xe2, 0xff, 0xfe, 0x6a, 0x1f, 0xfc,
    0x27, 0xff, 0xf9, 0x10, 0x7f, 0xf8, 0xaf, 0xff,
    0xe6, 0x87, 0xff, 0x9, 0xff, 0xfe, 0x44, 0x1f,
    0xfe, 0x2b, 0xff, 0xf9, 0xb0, 0x7f, 0xf0, 0x5f,
    0xff, 0xe4, 0x41, 0xff, 0xe2, 0x7f, 0xff, 0x9c,
    0x87, 0xff, 0x1, 0xff, 0xfe, 0x44, 0x1f, 0xfe,
    0x3f, 0xff, 0xe7, 0xa1, 0xff, 0x3f, 0xff, 0xc8,
    0x83, 0xff, 0xc7, 0xff, 0xfd, 0x8, 0x3f, 0xcf,
    0xff, 0xf2, 0x20, 0xff, 0xf1, 0xdf, 0xff, 0xd1,
    0xf, 0xe7, 0xff, 0xf9, 0x10, 0x7f, 0xf8, 0xdf,
    0xff, 0xe9, 0x21, 0xf3, 0xff, 0xfc, 0x88, 0x3f,
    0xfc, 0x9f, 0xff, 0xd4, 0x43, 0x9f, 0xff, 0xe4,
    0x41, 0xff, 0xe4, 0xbf, 0xff, 0xaa, 0x84, 0xff,
    0xff, 0x22, 0xf, 0xff, 0x2f, 0xff, 0xf5, 0xd1,
    0xff, 0xfe, 0x44, 0x1f, 0xfe, 0x5b, 0xff, 0xfd,
    0xb0, 0x7f, 0xf9, 0xbf, 0xff, 0xdb, 0x7, 0xff,
    0x9a, 0xff, 0xff, 0x64, 0x1f, 0xfe, 0x7f, 0xff,
    0xf6, 0x41, 0xff, 0xe7, 0x7f, 0xff, 0xd7, 0x7,
    0xff, 0xa2, 0xff, 0xff, 0x54, 0x1f, 0xfe, 0x9f,
    0xff, 0xf5, 0x41, 0xff, 0xea, 0xff, 0xff, 0x52,
    0x1f, 0xfe, 0xaf, 0xff, 0xf5, 0xc8, 0x7f, 0xfa,
    0x3f, 0xff, 0xdb, 0x7, 0xff, 0x9e, 0xff, 0xff,
    0x6c, 0x87, 0xff, 0x95, 0xff, 0xff, 0x7a, 0x1f,
    0xfe, 0x5f, 0xff, 0xf8, 0x21, 0xff, 0xe4, 0xbf,
    0xff, 0xe0, 0x87, 0xff, 0x8d, 0xff, 0xff, 0x8a,
    0x1f, 0xfe, 0x3b, 0xff, 0xfe, 0x10, 0x7f, 0xf9,
    0x2f, 0xff, 0xf8, 0x21, 0xff, 0xe3, 0x7f, 0xff,
    0xe2, 0x1f, 0xfe, 0x47, 0xff, 0xfe, 0x8, 0x7f,
    0xf9, 0x1f, 0xff, 0xf8, 0x7, 0xff, 0x95, 0xff,
    0xff, 0x78, 0x7f, 0xf9, 0xef, 0xff, 0xf6, 0xa1,
    0xff, 0xe7, 0xbf, 0xff, 0xd9, 0x7, 0xff, 0xa1,
    0xbf, 0xff, 0xd5, 0x7, 0xff, 0xa9, 0xff, 0xff,
    0x4c, 0x1f, 0xfe, 0xcb, 0xff, 0xfc, 0xf0, 0x7f,
    0xfa, 0xdf, 0xff, 0xf4, 0x41, 0xff, 0xea, 0x7f,
    0xff, 0xd2, 0x87, 0xff, 0xa5, 0xff, 0xff, 0x50,
    0x7f, 0xfa, 0x5f, 0xff, 0xf5, 0x87, 0xff, 0xa1,
    0xff, 0xff, 0x5a, 0x1f, 0xfe, 0x77, 0xff, 0xfd,
    0x81, 0xff, 0xe7, 0x7f, 0xff, 0xd9, 0x7, 0xff,
    0x99, 0xff, 0xfe, 0x44, 0x5f, 0xff, 0xd6, 0xf,
    0xff, 0x33, 0xff, 0xfc, 0x88, 0x2b, 0xff, 0xfa,
    0x90, 0x7f, 0xf9, 0x5f, 0xff, 0xe4, 0x41, 0x9f,
    0xff, 0xea, 0x7, 0xff, 0x95, 0xff, 0xfe, 0x44,
    0x1e, 0xbf, 0xff, 0xa5, 0x7, 0xff, 0x91, 0xff,
    0xfe, 0x44, 0x1f, 0xbf, 0xff, 0xa4, 0x1f, 0xfe,
    0x47, 0xff, 0xf9, 0x10, 0x7f, 0x7f, 0xff, 0x44,
    0x3f, 0xfc, 0x8f, 0xff, 0xf2, 0x20, 0xff, 0x5f,
    0xff, 0xcf, 0x83, 0xff, 0xc6, 0xff, 0xff, 0x22,
    0xf, 0xfa, 0xff, 0xfe, 0x78, 0x7f, 0xf8, 0xdf,
    0xff, 0xe4, 0x41, 0xff, 0xc0, 0xff, 0xfe, 0x78,
    0x7f, 0xf8, 0xdf, 0xff, 0xe4, 0x41, 0xff, 0xc1,
    0xff, 0xfe, 0x72, 0x1f, 0xfe, 0x27, 0xff, 0xf9,
    0x10, 0x7f, 0xf0, 0x5f, 0xff, 0xe6, 0xa1, 0xff,
    0xe2, 0x7f, 0xff, 0x91, 0x7, 0xff, 0xb, 0xff,
    0xf9, 0xb0, 0x7f, 0xf8, 0x9f, 0xff, 0xe4, 0x41,
    0xff, 0xc2, 0x7f, 0xff, 0x9a, 0x1f, 0xfe, 0x27,
    0xff, 0xf9, 0x10, 0x7f, 0xf0, 0xff, 0xff, 0x9a,
    0x1f, 0xfe, 0x27, 0xff, 0xf9, 0x10, 0x7f, 0xf0,
    0xff, 0xff, 0x9a, 0x1f, 0xfe, 0x27, 0xff, 0xf9,
    0x10, 0x7f, 0xf0, 0xef, 0xff, 0xe6, 0x7, 0xff,
    0x89, 0xff, 0xfe, 0x44, 0x1f, 0xfc, 0x37, 0xff,
    0xf9, 0x81, 0xff, 0xe2, 0x7f, 0xff, 0x91, 0x7,
    0xff, 0x13, 0xff, 0xf9, 0x81, 0xff, 0xe2, 0x7f,
    0xff, 0x91, 0x7, 0xff, 0x13, 0xff, 0xf9, 0x81,
    0xff, 0xe2, 0x7f, 0xff, 0x91, 0x7, 0xff, 0x13,
    0xff, 0xf9, 0x81, 0xff, 0xe2, 0x7f, 0xff, 0x91,
    0x7, 0xff, 0x13, 0xff, 0xf9, 0x81, 0xff, 0xe2,
    0x7f, 0xff, 0x91, 0x7, 0xff, 0x13, 0xff, 0xf9,
    0x81, 0xff, 0xe2, 0x7f, 0xff, 0x91, 0x7, 0xff,
    0x13, 0xff, 0xf9, 0x81, 0xff, 0xc4, 0xe0, 0xff,
    0xe8, 0x3f, 0xff, 0xc8, 0x83, 0xff, 0x86, 0xff,
    0xff, 0x30, 0x3f, 0xf8, 0x7f, 0x41, 0xff, 0xcf,
    0x7f, 0xff, 0x91, 0x7, 0xff, 0xe, 0xff, 0xfe,
    0x60, 0x7f, 0xf0, 0xbf, 0xa0, 0xff, 0xe7, 0x3f,
    0xff, 0xc8, 0x83, 0xff, 0x87, 0xff, 0xfc, 0xc8,
    0x3f, 0xf8, 0x3f, 0xf8, 0x3f, 0xf9, 0xaf, 0xff,
    0xf2, 0x20, 0xff, 0xe1, 0xff, 0xff, 0x32, 0xf,
    0xfe, 0x7, 0xff, 0x83, 0xff, 0x98, 0xff, 0xff,
    0x22, 0xf, 0xfe, 0x13, 0xff, 0xfc, 0xc4, 0x3f,
    0xef, 0xff, 0xe0, 0x21, 0xff, 0xca, 0x7f, 0xff,
    0x91, 0x7, 0xff, 0xb, 0xff, 0xf9, 0xa1, 0xff,
    0x7f, 0xff, 0xa, 0xf, 0xfe, 0x4b, 0xff, 0xfc,
    0x88, 0x3f, 0xf8, 0x37, 0xff, 0xf3, 0x43, 0xfd,
    0xff, 0xfc, 0x54, 0x3f, 0xf8, 0xef, 0xff, 0xf2,
    0x20, 0xff, 0xe0, 0xff, 0xff, 0x38, 0x3f, 0xaf,
    0xff, 0xe3, 0x41, 0xff, 0xc6, 0x7f, 0xff, 0x91,
    0x7, 0xff, 0x3, 0xff, 0xf9, 0xd0, 0x7e, 0xbf,
    0xff, 0x92, 0x87, 0xff, 0x11, 0xff, 0xfe, 0x44,
    0x1f, 0xf7, 0xff, 0xf3, 0xc3, 0xf5, 0xff, 0xfc,
    0xc4, 0x3f, 0xf8, 0x4f, 0xff, 0xf2, 0x20, 0xff,
    0x7f, 0xff, 0x40, 0x3e, 0xbf, 0xff, 0x9e, 0x87,
    0xff, 0x1, 0xff, 0xfe, 0x44, 0x1f, 0x9f, 0xff,
    0xe8, 0x41, 0xeb, 0xff, 0xfa, 0x50, 0x7f, 0x9f,
    0xff, 0xe4, 0x41, 0xf5, 0xff, 0xfd, 0x10, 0xf5,
    0xff, 0xfd, 0x64, 0x3e, 0x7f, 0xff, 0x91, 0x7,
    0x5f, 0xff, 0xd2, 0x83, 0xaf, 0xff, 0xed, 0x21,
    0x9f, 0xff, 0xe4, 0x40, 0x6f, 0xff, 0xea, 0x7,
    0x3f, 0xff, 0xde, 0x9b, 0xff, 0xf9, 0x37, 0xff,
    0xf5, 0xa0, 0xf7, 0xff, 0xff, 0xff, 0xff, 0x9c,
    0x1f, 0xbf, 0xff, 0xff, 0xff, 0xfc, 0xc8, 0x3f,
    0xbf, 0xff, 0xff, 0xff, 0xfc, 0xb0, 0xff, 0xbf,
    0xff, 0xff, 0xff, 0xfc, 0x90, 0xff, 0xe0, 0xff,
    0xff, 0xff, 0xff, 0xf8, 0xe8, 0x7f, 0xf0, 0xbf,
    0xff, 0xff, 0xff, 0xfc, 0x58, 0x3f, 0xf8, 0x9f,
    0xff, 0xff, 0xff, 0xfe, 0x1c, 0x1f, 0xfc, 0x6b,
    0xff, 0xff, 0xff, 0xff, 0xc1, 0xf, 0xfe, 0x43,
    0xff, 0xff, 0xff, 0xff, 0x83, 0xff, 0x97, 0xff,
    0xff, 0xff, 0xfd, 0x7, 0xff, 0x36, 0xff, 0xff,
    0xff, 0xf4, 0x1f, 0xfd, 0xf, 0xff, 0xff, 0xfc,
    0x87, 0xff, 0x49, 0xff, 0xff, 0xf8, 0x7f, 0xf5,
    0xaf, 0xff, 0xfd, 0xc1, 0xff, 0xd9, 0xbf, 0xff,
    0xf0, 0x1f, 0xfd, 0xdb, 0xff, 0xfe, 0x88, 0x7f,
    0xf8, 0x1f, 0xff, 0xf8, 0x21, 0xff, 0xe5, 0xbf,
    0xff, 0xd6, 0x87, 0xff, 0xa5, 0xbf, 0xff, 0xcb,
    0x21, 0xff, 0xee, 0x6f, 0xff, 0xef, 0xc8, 0x7f,
    0xfd, 0x6f, 0xff, 0xec, 0xc8, 0x7f, 0xff, 0x1b,
    0xff, 0xf9, 0xf2, 0x83, 0xff, 0xfe, 0x1e, 0x6f,
    0xff, 0xe4, 0x41, 0xff, 0xff, 0xf, 0xf9, 0xff,
    0xfe, 0x44, 0x1f, 0xff, 0xf0, 0xff, 0x9f, 0xff,
    0xe4, 0x41, 0xff, 0xff, 0xf, 0xf9, 0xff, 0xfe,
    0x44, 0x1f, 0xff, 0xf0, 0xff, 0x9f, 0xff, 0xe4,
    0x41, 0xff, 0xff, 0xf, 0xf9, 0xff, 0xfe, 0x44,
    0x1f, 0xff, 0xf0, 0xff, 0x9f, 0xff, 0xe4, 0x41,
    0xff, 0xff, 0xf, 0xf9, 0xff, 0xfe, 0x44, 0x1f,
    0xff, 0xf0, 0xff, 0x9f, 0xff, 0xe4, 0x41, 0xff,
    0xff, 0xf, 0xf9, 0xff, 0xfe, 0x44, 0x1f, 0xff,
    0xf0, 0xff, 0x9f, 0xff, 0xe4, 0x41, 0xff, 0xff,
    0xf, 0xf9, 0xff, 0xfe, 0x44, 0x1f, 0xff, 0xf0,
    0xff, 0x9f, 0xff, 0xe4, 0x41, 0xff, 0xff, 0xf,
    0xf9, 0xff, 0xfe, 0x44, 0x1f, 0xff, 0xf0, 0xff,
    0x9f, 0xff, 0xe4, 0x41, 0xff, 0xdd,

    /* U+0025 "%" */
    0xf, 0xfe, 0x7a, 0xa9, 0xff, 0xa8, 0x87, 0xff,
    0xfc, 0x3f, 0xff, 0x2f, 0xff, 0xf1, 0xe4, 0x3f,
    0xff, 0x1f, 0xff, 0xcc, 0x83, 0xff, 0xc0, 0xff,
    0xff, 0x36, 0x43, 0xff, 0xe9, 0xff, 0xfc, 0xd0,
    0xff, 0xef, 0xbf, 0xff, 0xd2, 0x43, 0xff, 0xe2,
    0xff, 0xff, 0x31, 0xf, 0xfe, 0xeb, 0xff, 0xfd,
    0x60, 0xff, 0xf8, 0x7f, 0xff, 0x32, 0xf, 0xfe,
    0xed, 0xff, 0xfd, 0x88, 0x3f, 0xfd, 0xb7, 0xff,
    0xf3, 0x3, 0xff, 0xb8, 0xff, 0xff, 0x70, 0x3f,
    0xfd, 0x6f, 0xff, 0xf3, 0x10, 0xff, 0xed, 0xdf,
    0xff, 0xde, 0x43, 0xff, 0xd3, 0xff, 0xfc, 0xd0,
    0xff, 0xed, 0xdf, 0xff, 0xe0, 0x43, 0xff, 0xcf,
    0x7f, 0xff, 0x31, 0xf, 0xfe, 0xd7, 0xff, 0xf8,
    0xe0, 0xff, 0xf3, 0x7f, 0xff, 0x32, 0xf, 0xfe,
    0xd7, 0xff, 0xf9, 0x60, 0xff, 0xf2, 0x7f, 0xff,
    0x34, 0x3f, 0xfb, 0x57, 0xff, 0xf9, 0x90, 0xff,
    0xf1, 0x3f, 0xff, 0xcc, 0x43, 0xff, 0xb3, 0x7f,
    0xff, 0xa1, 0xf, 0xff, 0xf, 0xff, 0xf3, 0x43,
    0xff, 0xb2, 0xff, 0xff, 0xa8, 0x3f, 0xfc, 0x17,
    0xff, 0xf3, 0x3, 0xff, 0xb5, 0xff, 0xfe, 0xb8,
    0x3f, 0xfb, 0xff, 0xff, 0xcc, 0x83, 0xff, 0xb3,
    0x7f, 0xff, 0xb1, 0xf, 0xfe, 0xef, 0xff, 0xf3,
    0x43, 0xff, 0xb2, 0xff, 0xff, 0xb8, 0x3f, 0xfb,
    0x8f, 0xff, 0xf3, 0x10, 0xff, 0xec, 0xff, 0xff,
    0x36, 0x58, 0xa, 0xbf, 0xff, 0x9b, 0x7, 0xff,
    0x6f, 0xff, 0xf9, 0x90, 0x7f, 0xf6, 0x6f, 0xff,
    0xe5, 0xa1, 0xff, 0xc0, 0xbf, 0xff, 0x96, 0x1f,
    0xfd, 0xab, 0xff, 0xf9, 0x81, 0xff, 0xda, 0xff,
    0xfe, 0x54, 0x1f, 0xfc, 0x4b, 0xff, 0xf9, 0x30,
    0x7f, 0xf6, 0x1f, 0xff, 0xe6, 0x21, 0xff, 0xd9,
    0x7f, 0xff, 0x92, 0x87, 0xff, 0x19, 0xff, 0xfe,
    0x48, 0x7f, 0xf6, 0x3f, 0xff, 0x9a, 0x1f, 0xfd,
    0xaf, 0xff, 0xe4, 0x87, 0xff, 0x25, 0xff, 0xfe,
    0x42, 0x1f, 0xfd, 0x6b, 0xff, 0xf9, 0x88, 0x7f,
    0xf6, 0xbf, 0xff, 0x90, 0x87, 0xff, 0x2a, 0xff,
    0xfe, 0x3c, 0x1f, 0xfd, 0x6f, 0xff, 0xe6, 0x41,
    0xff, 0xda, 0xbf, 0xff, 0x8f, 0x7, 0xff, 0x33,
    0xff, 0xf9, 0x1, 0xff, 0xd5, 0xbf, 0xff, 0x98,
    0x1f, 0xfd, 0xbf, 0xff, 0xe4, 0x7, 0xff, 0x3b,
    0xff, 0xf8, 0xe8, 0x7f, 0xf4, 0xdf, 0xff, 0xe6,
    0x21, 0xff, 0xdb, 0xff, 0xfe, 0x3a, 0x1f, 0xfc,
    0xeb, 0xff, 0xf8, 0xd0, 0x7f, 0xf4, 0xff, 0xff,
    0x9a, 0x1f, 0xfd, 0xb7, 0xff, 0xf8, 0xe1, 0xff,
    0xd0, 0xff, 0xfe, 0x38, 0x7f, 0xf4, 0xaf, 0xff,
    0xe6, 0x7, 0xff, 0x72, 0xff, 0xfe, 0x32, 0x1f,
    0xfd, 0xf, 0xff, 0xe3, 0x87, 0xff, 0x4b, 0xff,
    0xf9, 0x90, 0x7f, 0xf7, 0x3f, 0xff, 0x8e, 0x1f,
    0xfd, 0x1b, 0xff, 0xf8, 0xc1, 0xff, 0xd1, 0xff,
    0xfe, 0x68, 0x7f, 0xf7, 0x7f, 0xff, 0x8e, 0x1f,
    0xfd, 0x17, 0xff, 0xf8, 0xc8, 0x7f, 0xf3, 0xdf,
    0xff, 0xe6, 0x21, 0xff, 0xdd, 0xff, 0xfe, 0x34,
    0x1f, 0xfd, 0x2f, 0xff, 0xe3, 0x21, 0xff, 0xcf,
    0xff, 0xfe, 0x64, 0x1f, 0xfd, 0xef, 0xff, 0xe3,
    0x41, 0xff, 0xd2, 0xff, 0xfe, 0x34, 0x1f, 0xfc,
    0xeb, 0xff, 0xf9, 0x81, 0xff, 0xdf, 0xff, 0xfe,
    0x32, 0x1f, 0xfd, 0x2f, 0xff, 0xe3, 0x41, 0xff,
    0xcd, 0x7f, 0xff, 0x98, 0x87, 0xff, 0x7f, 0xff,
    0xf8, 0xc8, 0x7f, 0xf4, 0xbf, 0xff, 0x8d, 0x7,
    0xff, 0x37, 0xff, 0xf9, 0xa1, 0xff, 0xe0, 0xff,
    0xfe, 0x32, 0x1f, 0xfd, 0x2f, 0xff, 0xe3, 0x41,
    0xff, 0xcc, 0x7f, 0xff, 0x98, 0x87, 0xff, 0x83,
    0xff, 0xf8, 0xc8, 0x7f, 0xf4, 0xbf, 0xff, 0x8d,
    0x7, 0xff, 0x33, 0xff, 0xf9, 0x90, 0x7f, 0xf8,
    0x7f, 0xff, 0x8d, 0x7, 0xff, 0x4b, 0xff, 0xf8,
    0xd0, 0x7f, 0xf2, 0xef, 0xff, 0xe6, 0x7, 0xff,
    0x8b, 0xff, 0xf8, 0xd0, 0x7f, 0xf4, 0xbf, 0xff,
    0x8c, 0x87, 0xff, 0x29, 0xff, 0xfe, 0x62, 0x1f,
    0xfe, 0x2f, 0xff, 0xe3, 0x87, 0xff, 0x45, 0xff,
    0xfe, 0x32, 0x1f, 0xfc, 0xaf, 0xff, 0xe6, 0x87,
    0xff, 0x8f, 0xff, 0xf8, 0xe1, 0xff, 0xd1, 0xbf,
    0xff, 0x8c, 0x1f, 0xfc, 0xab, 0xff, 0xf9, 0x81,
    0xff, 0xe4, 0xbf, 0xff, 0x8c, 0x87, 0xff, 0x43,
    0xff, 0xf8, 0xe1, 0xff, 0xca, 0xff, 0xfe, 0x64,
    0x1f, 0xfe, 0x47, 0xff, 0xf8, 0xd0, 0x7f, 0xf4,
    0x3f, 0xff, 0x8e, 0x1f, 0xfc, 0x9f, 0xff, 0xe6,
    0x87, 0xff, 0x9b, 0xff, 0xf8, 0xe1, 0xff, 0xcf,
    0xbf, 0xff, 0x8d, 0x7, 0xff, 0x21, 0xff, 0xfe,
    0x62, 0x1f, 0xfe, 0x6f, 0xff, 0xe3, 0xc1, 0xff,
    0xce, 0xff, 0xfe, 0x3a, 0x1f, 0xfc, 0x8f, 0xff,
    0xe6, 0x41, 0xff, 0xe7, 0xbf, 0xff, 0x8e, 0x87,
    0xff, 0x32, 0xff, 0xfe, 0x38, 0x7f, 0xf2, 0x2f,
    0xff, 0xe6, 0x7, 0xff, 0xa1, 0xff, 0xfe, 0x40,
    0x7f, 0xf2, 0xdf, 0xff, 0xe3, 0xc1, 0xff, 0xc7,
    0x7f, 0xff, 0x98, 0x87, 0xff, 0xa7, 0xff, 0xf9,
    0x21, 0xff, 0xc9, 0x7f, 0xff, 0x90, 0x87, 0xff,
    0x1f, 0xff, 0xf9, 0xa1, 0xff, 0xea, 0xbf, 0xff,
    0x92, 0x1f, 0xfc, 0x77, 0xff, 0xf9, 0x21, 0xff,
    0xc7, 0x7f, 0xff, 0x98, 0x87, 0xff, 0xaf, 0xff,
    0xf9, 0x48, 0x7f, 0xf1, 0x2f, 0xff, 0xe4, 0xc1,
    0xff, 0xc7, 0xff, 0xfe, 0x64, 0x1f, 0xfe, 0xcb,
    0xff, 0xf9, 0x50, 0x7f, 0xf0, 0x5f, 0xff, 0xe5,
    0x87, 0xff, 0x1e, 0xff, 0xfe, 0x60, 0x7f, 0xfb,
    0xbf, 0xff, 0x9b, 0x21, 0xe6, 0xff, 0xfe, 0x64,
    0x1f, 0xfc, 0x67, 0xff, 0xf9, 0x88, 0x7f, 0xfb,
    0xaf, 0xff, 0xf7, 0x7, 0xff, 0x1f, 0xff, 0xf9,
    0xa1, 0xff, 0xf0, 0xff, 0xff, 0x6a, 0x1f, 0xfc,
    0x6b, 0xff, 0xf9, 0x81, 0xff, 0xf2, 0xff, 0xff,
    0x5c, 0x1f, 0xfc, 0x7f, 0xff, 0xe6, 0x41, 0xff,
    0xf2, 0xbf, 0xff, 0xd4, 0x1f, 0xfc, 0x7f, 0xff,
    0xe6, 0x87, 0xff, 0xd2, 0xff, 0xff, 0x42, 0x1f,
    0xfc, 0x67, 0xff, 0xf9, 0x88, 0x7f, 0xfd, 0x7f,
    0xff, 0xce, 0x87, 0xff, 0x1f, 0xff, 0xf9, 0x90,
    0x7f, 0xfd, 0xff, 0xff, 0xcb, 0x7, 0xff, 0x1e,
    0xff, 0xfe, 0x60, 0x7f, 0xfe, 0x7f, 0xff, 0xc7,
    0x7, 0xff, 0x23, 0xff, 0xf9, 0x88, 0x7f, 0xfe,
    0xbf, 0xff, 0xc3, 0x7, 0xff, 0x23, 0xff, 0xf9,
    0xa1, 0xff, 0xfc, 0xbf, 0xff, 0xbc, 0x87, 0xff,
    0x21, 0xff, 0xfe, 0x62, 0x1f, 0xff, 0xdb, 0xff,
    0xfb, 0x88, 0x7f, 0xf2, 0x7f, 0xff, 0x99, 0x7,
    0xff, 0xfc, 0xff, 0xfe, 0xcc, 0x1f, 0xfc, 0xab,
    0xff, 0xf9, 0x81, 0xff, 0xff, 0xa, 0xff, 0xfe,
    0xb2, 0x1f, 0xfc, 0xa7, 0xff, 0xf9, 0x88, 0x7f,
    0xff, 0xc3, 0xaf, 0xff, 0xe9, 0x21, 0xff, 0xcc,
    0xff, 0xfe, 0x68, 0x7f, 0xff, 0xc3, 0xf5, 0xff,
    0xfc, 0xe4, 0x3f, 0xf9, 0xb7, 0xff, 0xf3, 0x3,
    0xff, 0xfe, 0x1f, 0xf3, 0x7f, 0xff, 0x22, 0x43,
    0xff, 0x9f, 0xff, 0xfc, 0xc8, 0x3f, 0xff, 0xe1,
    0xff, 0xc3, 0x6f, 0xff, 0xe0, 0x48, 0x7f, 0xf4,
    0xbf, 0xff, 0x9a, 0x1f, 0xff, 0xf0, 0xff, 0xf8,
    0xbf, 0xff, 0xcc, 0x43, 0xff, 0xfe, 0x1f, 0xff,
    0x1f, 0xff, 0xe6, 0x41, 0xff, 0xff, 0xf, 0xff,
    0x8d, 0xff, 0xfc, 0xc0, 0xff, 0xff, 0x87, 0xff,
    0xcb, 0xff, 0xf9, 0x88, 0x7f, 0xff, 0xc3, 0xff,
    0xe3, 0xff, 0xfc, 0xd0, 0xff, 0xff, 0x87, 0xff,
    0xc5, 0xff, 0xfe, 0x62, 0x1f, 0xff, 0xf0, 0xff,
    0xf8, 0xff, 0xff, 0x32, 0xf, 0xff, 0xf8, 0x7f,
    0xfc, 0x6f, 0xff, 0xe6, 0x7, 0xff, 0xfc, 0x3f,
    0xfe, 0x2f, 0xff, 0xf3, 0x10, 0xff, 0xff, 0x87,
    0xff, 0xc7, 0xff, 0xf9, 0xa1, 0xff, 0xff, 0xf,
    0xff, 0x8d, 0xff, 0xfc, 0xc0, 0xff, 0xff, 0x87,
    0xff, 0xcb, 0xff, 0xf9, 0x90, 0x7f, 0xff, 0xc3,
    0xff, 0xe3, 0x7f, 0xff, 0x30, 0x3f, 0xfa, 0xcb,
    0xf0, 0x7f, 0xff, 0xc3, 0xff, 0x90, 0xff, 0xff,
    0x31, 0xf, 0xfe, 0x82, 0xaf, 0xff, 0xe1, 0x48,
    0x7f, 0xff, 0xc3, 0xff, 0x85, 0xff, 0xfc, 0xc8,
    0x3f, 0xf9, 0xcd, 0xff, 0xfc, 0x99, 0xf, 0xff,
    0xf8, 0x7f, 0xaf, 0xff, 0xe6, 0x7, 0xff, 0x35,
    0xff, 0xfe, 0x7c, 0x1f, 0xff, 0xf0, 0xfd, 0xff,
    0xfc, 0xc4, 0x3f, 0xf9, 0x77, 0xff, 0xf4, 0xe0,
    0xff, 0xff, 0x87, 0x7f, 0xff, 0x34, 0x3f, 0xf9,
    0x4f, 0xff, 0xf5, 0xd0, 0xff, 0xff, 0x81, 0xff,
    0xfe, 0x62, 0x1f, 0xfc, 0x9b, 0xff, 0xfb, 0x30,
    0x7f, 0xff, 0xcf, 0xff, 0xe6, 0x41, 0xff, 0xc8,
    0x7f, 0xff, 0xba, 0x87, 0xff, 0xf6, 0xff, 0xfe,
    0x60, 0x7f, 0xf2, 0x1f, 0xff, 0xef, 0xa1, 0xff,
    0xfb, 0x7f, 0xff, 0x98, 0x87, 0xff, 0x1e, 0xff,
    0xff, 0xc, 0x1f, 0xff, 0xaf, 0xff, 0xe6, 0x87,
    0xff, 0x1e, 0xff, 0xff, 0x1c, 0x1f, 0xff, 0x8b,
    0xff, 0xf9, 0x81, 0xff, 0xc7, 0xbf, 0xff, 0xcb,
    0x7, 0xff, 0xdf, 0xff, 0xf9, 0x90, 0x7f, 0xf1,
    0x9f, 0xff, 0xf3, 0xa1, 0xff, 0xf5, 0xbf, 0xff,
    0x98, 0x1f, 0xfc, 0x67, 0xff, 0xfd, 0x28, 0x7f,
    0xfc, 0xdf, 0xff, 0xe6, 0x21, 0xff, 0xc6, 0xff,
    0xff, 0x58, 0x7f, 0xfc, 0xff, 0xff, 0x99, 0x7,
    0xff, 0x1a, 0xff, 0xff, 0x5c, 0x1f, 0xff, 0x1b,
    0xff, 0xf9, 0x81, 0xff, 0xc6, 0x7f, 0xff, 0xda,
    0x87, 0xff, 0xc3, 0xff, 0xf9, 0x88, 0x7f, 0xf1,
    0xbf, 0xff, 0xde, 0x1f, 0xfe, 0xff, 0xff, 0xe6,
    0x87, 0xff, 0x1a, 0xff, 0xfe, 0x64, 0xa0, 0xe5,
    0x5f, 0xff, 0xcc, 0x83, 0xff, 0xda, 0xff, 0xff,
    0x31, 0xf, 0xfe, 0x37, 0xff, 0xf2, 0xe0, 0xff,
    0xe0, 0xdf, 0xff, 0xcb, 0xf, 0xff, 0x6f, 0xff,
    0xf3, 0x20, 0xff, 0xe3, 0x3f, 0xff, 0xc9, 0x83,
    0xff, 0x8b, 0xff, 0xfc, 0xa8, 0x3f, 0xfd, 0x77,
    0xff, 0xf3, 0x3, 0xff, 0x8f, 0xff, 0xfc, 0x98,
    0x3f, 0xf8, 0xf7, 0xff, 0xf2, 0x43, 0xff, 0xd4,
    0xff, 0xff, 0x31, 0xf, 0xfe, 0x33, 0xff, 0xfc,
    0x84, 0x3f, 0xf9, 0x37, 0xff, 0xf2, 0x10, 0xff,
    0xf4, 0xff, 0xff, 0x34, 0x3f, 0xf8, 0xf7, 0xff,
    0xf1, 0xe0, 0xff, 0xe5, 0xff, 0xff, 0x22, 0xf,
    0xff, 0x43, 0xff, 0xfc, 0xc0, 0xff, 0xe4, 0x7f,
    0xff, 0x20, 0x3f, 0xf9, 0xbf, 0xff, 0xc8, 0xf,
    0xff, 0x47, 0xff, 0xf3, 0x20, 0xff, 0xe4, 0x7f,
    0xff, 0x1d, 0xf, 0xfe, 0x6b, 0xff, 0xfc, 0x74,
    0x3f, 0xfc, 0xd7, 0xff, 0xf3, 0x3, 0xff, 0x90,
    0xff, 0xff, 0x1c, 0x3f, 0xf9, 0xff, 0xff, 0xc7,
    0x83, 0xff, 0xca, 0xff, 0xff, 0x31, 0xf, 0xfe,
    0x45, 0xff, 0xfc, 0x64, 0x3f, 0xf9, 0xef, 0xff,
    0xf1, 0xc3, 0xff, 0xcb, 0xff, 0xfc, 0xc8, 0x3f,
    0xf9, 0x3f, 0xff, 0xc7, 0xf, 0xfe, 0x8f, 0xff,
    0xf1, 0xc3, 0xff, 0xc9, 0x7f, 0xff, 0x30, 0x3f,
    0xf9, 0x5f, 0xff, 0xc6, 0x83, 0xff, 0xa3, 0x7f,
    0xff, 0x18, 0x3f, 0xfc, 0x9f, 0xff, 0xcc, 0x43,
    0xff, 0x95, 0xff, 0xfc, 0x64, 0x3f, 0xfa, 0x2f,
    0xff, 0xf1, 0x90, 0xff, 0xf1, 0x7f, 0xff, 0x34,
    0x3f, 0xf9, 0x7f, 0xff, 0xc6, 0x43, 0xff, 0xa2,
    0xff, 0xff, 0x19, 0xf, 0xff, 0xb, 0xff, 0xfc,
    0xc4, 0x3f, 0xf9, 0x4f, 0xff, 0xf1, 0x83, 0xff,
    0xa7, 0xff, 0xfc, 0x68, 0x3f, 0xfc, 0x3f, 0xff,
    0xcc, 0x83, 0xff, 0x96, 0xff, 0xff, 0x18, 0x3f,
    0xfa, 0x7f, 0xff, 0xc6, 0x83, 0xff, 0xc1, 0x7f,
    0xff, 0x30, 0x3f, 0xf9, 0x8f, 0xff, 0xf1, 0x83,
    0xff, 0xa7, 0xff, 0xfc, 0x68, 0x3f, 0xfc, 0x1f,
    0xff, 0xcc, 0x43, 0xff, 0x98, 0xff, 0xff, 0x18,
    0x3f, 0xfa, 0x7f, 0xff, 0xc6, 0x83, 0xff, 0xbf,
    0xff, 0xfc, 0xd0, 0xff, 0xe6, 0xbf, 0xff, 0xc6,
    0xf, 0xfe, 0x9f, 0xff, 0xf1, 0xa0, 0xff, 0xef,
    0x3f, 0xff, 0xcc, 0xf, 0xfe, 0x73, 0xff, 0xfc,
    0x60, 0xff, 0xe9, 0xff, 0xff, 0x19, 0xf, 0xfe,
    0xf7, 0xff, 0xf3, 0x20, 0xff, 0xe7, 0xff, 0xff,
    0x19, 0xf, 0xfe, 0x8b, 0xff, 0xfc, 0x64, 0x3f,
    0xfb, 0xb7, 0xff, 0xf3, 0x3, 0xff, 0xa1, 0xff,
    0xfc, 0x68, 0x3f, 0xfa, 0x37, 0xff, 0xf1, 0x90,
    0xff, 0xee, 0x3f, 0xff, 0xcc, 0x43, 0xff, 0xa1,
    0xff, 0xfc, 0x70, 0xff, 0xe8, 0xff, 0xff, 0x1c,
    0x3f, 0xfb, 0xbf, 0xff, 0xcc, 0x83, 0xff, 0xa3,
    0xff, 0xfc, 0x70, 0xff, 0xe8, 0xff, 0xff, 0x1c,
    0x3f, 0xfb, 0x97, 0xff, 0xf3, 0x3, 0xff, 0xa5,
    0x7f, 0xff, 0x1a, 0xf, 0xfe, 0x7b, 0xff, 0xfc,
    0x70, 0xff, 0xee, 0x7f, 0xff, 0x31, 0xf, 0xfe,
    0x93, 0xff, 0xfc, 0x70, 0xff, 0xe7, 0xff, 0xff,
    0x1e, 0xf, 0xfe, 0xdf, 0xff, 0xf3, 0x43, 0xff,
    0xa9, 0xff, 0xfc, 0x78, 0x3f, 0xf9, 0xb7, 0xff,
    0xf1, 0xd0, 0xff, 0xed, 0x3f, 0xff, 0xcc, 0x43,
    0xff, 0xa9, 0xff, 0xfc, 0x84, 0x3f, 0xf9, 0x9f,
    0xff, 0xc8, 0xf, 0xfe, 0xdf, 0xff, 0xf3, 0x20,
    0xff, 0xea, 0xbf, 0xff, 0xc8, 0xf, 0xfe, 0x5f,
    0xff, 0xf2, 0x20, 0xff, 0xed, 0x5f, 0xff, 0xcc,
    0xf, 0xfe, 0xbf, 0xff, 0xf2, 0x43, 0xff, 0x93,
    0xff, 0xfc, 0x94, 0x3f, 0xfb, 0x5f, 0xff, 0xcc,
    0x43, 0xff, 0xaf, 0x7f, 0xff, 0x24, 0x3f, 0xf8,
    0xff, 0xff, 0xca, 0xf, 0xfe, 0xd7, 0xff, 0xf3,
    0x43, 0xff, 0xb3, 0xff, 0xfc, 0xa4, 0x3f, 0xf8,
    0x6f, 0xff, 0xf2, 0x90, 0xff, 0xec, 0xbf, 0xff,
    0xcc, 0xf, 0xfe, 0xd5, 0xff, 0xfc, 0xb4, 0x3f,
    0xe7, 0xff, 0xf9, 0x81, 0xff, 0xda, 0xff, 0xfe,
    0x64, 0x1f, 0xfd, 0xbf, 0xff, 0xe7, 0x51, 0x75,
    0xff, 0xfc, 0xe4, 0x3f, 0xfb, 0x37, 0xff, 0xf3,
    0x3, 0xff, 0xb9, 0x7f, 0xff, 0xb8, 0x3f, 0xfb,
    0x2f, 0xff, 0xf3, 0x10, 0xff, 0xee, 0xff, 0xff,
    0xb4, 0x3f, 0xfb, 0x5f, 0xff, 0xcc, 0x83, 0xff,
    0xbc, 0xff, 0xff, 0xad, 0xf, 0xfe, 0xcd, 0xff,
    0xfc, 0xc0, 0xff, 0xf0, 0x5f, 0xff, 0xea, 0xf,
    0xfe, 0xd7, 0xff, 0xf3, 0x10, 0xff, 0xf0, 0xff,
    0xff, 0xa4, 0x3f, 0xfb, 0x5f, 0xff, 0xcd, 0xf,
    0xff, 0x1f, 0xff, 0xf9, 0xc3, 0xff, 0xb4, 0xff,
    0xff, 0x31, 0xf, 0xff, 0x27, 0xff, 0xf9, 0x50,
    0xff, 0xed, 0x7f, 0xff, 0x32, 0xf, 0xff, 0x37,
    0xff, 0xf8, 0xd0, 0xff, 0xed, 0x5f, 0xff, 0xcc,
    0xf, 0xff, 0x47, 0xff, 0xf8, 0x43, 0xff, 0xb9,
    0xff, 0xfc, 0xc4, 0x3f, 0xfd, 0x37, 0xff, 0xf7,
    0x83, 0xff, 0xb9, 0xff, 0xfc, 0xd0, 0xff, 0xf5,
    0xbf, 0xff, 0xdb, 0x83, 0xff, 0xb8, 0xff, 0xff,
    0x30, 0x3f, 0xfd, 0xdf, 0xff, 0xd9, 0x43, 0xff,
    0xbb, 0xff, 0xfc, 0xc8, 0x3f, 0xfd, 0xef, 0xff,
    0xf5, 0x60, 0xff, 0xef, 0x5f, 0xff, 0xcc, 0xf,
    0xff, 0x95, 0xff, 0xfd, 0x18, 0x3f, 0xfb, 0xef,
    0xff, 0xf3, 0x10, 0xff, 0xfa, 0x3f, 0xff, 0xcd,
    0x83, 0xff, 0xc3, 0xff, 0xfc, 0xc8, 0x3f, 0xff,
    0x17, 0xff, 0xf1, 0xe4, 0x3f, 0xff, 0xe1, 0xff,
    0xf8, 0x55, 0xff, 0xd4, 0x43, 0xff, 0x9e,

    /* U+0026 "&" */
    0xf, 0xff, 0x4a, 0xfe, 0xf, 0xff, 0xf8, 0x7f,
    0xf8, 0xda, 0x7f, 0xff, 0x12, 0x88, 0x7f, 0xff,
    0xc3, 0xff, 0xb0, 0xdf, 0xff, 0xce, 0x90, 0xff,
    0xff, 0x87, 0xff, 0x4a, 0xff, 0xfe, 0xaa, 0x1f,
    0xff, 0xf0, 0xff, 0xe6, 0x3f, 0xff, 0xda, 0x83,
    0xff, 0xfe, 0x1f, 0xfc, 0x87, 0xff, 0xfb, 0xe8,
    0x7f, 0xff, 0xc3, 0xff, 0x86, 0xff, 0xff, 0x8c,
    0x3f, 0xff, 0xe1, 0xff, 0xc1, 0xff, 0xff, 0x34,
    0x1f, 0xff, 0xf0, 0xfe, 0xbf, 0xff, 0xd2, 0x87,
    0xff, 0xfc, 0x3d, 0xff, 0xfe, 0xc8, 0x3f, 0xff,
    0xe1, 0x3f, 0xff, 0xee, 0x83, 0xff, 0xfe, 0x3f,
    0xff, 0xf1, 0xf, 0xff, 0xf5, 0xff, 0xff, 0x30,
    0xff, 0xfe, 0x5f, 0xff, 0xf5, 0xf, 0xff, 0xd3,
    0xff, 0xff, 0x70, 0xff, 0xfc, 0x3f, 0xff, 0xf8,
    0x83, 0xff, 0xef, 0xff, 0xff, 0xa4, 0x3f, 0xfe,
    0xbf, 0xff, 0xfc, 0xf, 0xff, 0xa5, 0xff, 0xff,
    0xc8, 0x3f, 0xfe, 0x7f, 0xff, 0xfe, 0x43, 0xff,
    0xe3, 0xff, 0xff, 0xfc, 0x3f, 0xfe, 0xf, 0xff,
    0xf5, 0x25, 0x7, 0x95, 0x7f, 0xff, 0x51, 0xf,
    0xff, 0x7f, 0xff, 0xf4, 0xd0, 0xff, 0xe1, 0x3f,
    0xff, 0xd3, 0xf, 0xff, 0x73, 0xff, 0xfd, 0x14,
    0x3f, 0xf8, 0xcf, 0xff, 0xf4, 0x50, 0xff, 0xf6,
    0xdf, 0xff, 0xcf, 0x83, 0xff, 0x95, 0x7f, 0xff,
    0x3e, 0xf, 0xff, 0x6f, 0xff, 0xf3, 0xe0, 0xff,
    0xe6, 0x5f, 0xff, 0xcf, 0xf, 0xff, 0x63, 0xff,
    0xfc, 0xe8, 0x3f, 0xf9, 0xd7, 0xff, 0xf3, 0x90,
    0xff, 0xf5, 0xff, 0xff, 0x3a, 0xf, 0xfe, 0x87,
    0xff, 0xf3, 0xa0, 0xff, 0xf5, 0xff, 0xff, 0x38,
    0x3f, 0xfa, 0x5f, 0xff, 0xcd, 0x83, 0xff, 0xd4,
    0xff, 0xff, 0x35, 0xf, 0xfe, 0x95, 0xff, 0xfc,
    0xd0, 0xff, 0xf5, 0x3f, 0xff, 0xcd, 0xf, 0xfe,
    0xa7, 0xff, 0xf3, 0x43, 0xff, 0xd5, 0x7f, 0xff,
    0x32, 0xf, 0xfe, 0xa7, 0xff, 0xf3, 0x43, 0xff,
    0xd5, 0xff, 0xfc, 0xd0, 0xff, 0xea, 0xdf, 0xff,
    0xcc, 0x43, 0xff, 0xd3, 0xff, 0xfc, 0xd0, 0xff,
    0xea, 0xbf, 0xff, 0xcc, 0x43, 0xff, 0xd3, 0xff,
    0xfc, 0xd0, 0xff, 0xeb, 0x7f, 0xff, 0x31, 0xf,
    0xff, 0x4f, 0xff, 0xf3, 0x20, 0xff, 0xeb, 0x7f,
    0xff, 0x31, 0xf, 0xff, 0x4f, 0xff, 0xf3, 0x20,
    0xff, 0xeb, 0x7f, 0xff, 0x31, 0xf, 0xff, 0x4f,
    0xff, 0xf3, 0x20, 0xff, 0xeb, 0x7f, 0xff, 0x31,
    0xf, 0xff, 0x4f, 0xff, 0xf3, 0x20, 0xff, 0xeb,
    0x7f, 0xff, 0x30, 0x3f, 0xfd, 0x5f, 0xff, 0xcc,
    0x83, 0xff, 0xad, 0xff, 0xfc, 0xc0, 0xff, 0xf5,
    0x7f, 0xff, 0x34, 0x3f, 0xfa, 0xaf, 0xff, 0xf3,
    0x3, 0xff, 0xd5, 0x7f, 0xff, 0x30, 0x3f, 0xfa,
    0xb7, 0xff, 0xf3, 0x3, 0xff, 0xd5, 0x7f, 0xff,
    0x31, 0xf, 0xfe, 0xa7, 0xff, 0xf3, 0x20, 0xff,
    0xf5, 0x3f, 0xff, 0xcc, 0x83, 0xff, 0xa6, 0xff,
    0xff, 0x31, 0xf, 0xff, 0x53, 0xff, 0xfc, 0xd0,
    0xff, 0xe9, 0xdf, 0xff, 0xcc, 0x43, 0xff, 0xd7,
    0xff, 0xfc, 0xd4, 0x3f, 0xfa, 0x2f, 0xff, 0xf3,
    0x43, 0xff, 0xd9, 0xff, 0xfc, 0xe0, 0xff, 0xe8,
    0xff, 0xff, 0x36, 0xf, 0xff, 0x65, 0xff, 0xfc,
    0xd4, 0x3f, 0xf9, 0xf7, 0xff, 0xf3, 0x50, 0xff,
    0xf6, 0x3f, 0xff, 0xce, 0xf, 0xfe, 0x73, 0xff,
    0xfc, 0xe0, 0xff, 0xf7, 0x7f, 0xff, 0x3a, 0xf,
    0xfe, 0x63, 0xff, 0xfc, 0xe8, 0x3f, 0xfd, 0xd7,
    0xff, 0xf3, 0x90, 0xff, 0xe5, 0x3f, 0xff, 0xcf,
    0xf, 0xff, 0x87, 0xff, 0xf3, 0xc3, 0xff, 0x93,
    0x7f, 0xff, 0x3e, 0xf, 0xff, 0x87, 0xff, 0xf3,
    0xe0, 0xff, 0xe3, 0xff, 0xff, 0x44, 0x3f, 0xfe,
    0x2f, 0xff, 0xf3, 0xd0, 0xff, 0xe2, 0x3f, 0xff,
    0xd1, 0x83, 0xff, 0xe5, 0xff, 0xfd, 0x0, 0xff,
    0xe1, 0xdf, 0xff, 0xd2, 0xf, 0xff, 0x9b, 0xff,
    0xfd, 0x0, 0xff, 0xe0, 0x3f, 0xff, 0xd3, 0x43,
    0xff, 0xe9, 0xff, 0xfd, 0x10, 0xfe, 0x7f, 0xff,
    0xa9, 0x7, 0xff, 0xdb, 0xff, 0xfa, 0x10, 0x7d,
    0x7f, 0xff, 0x54, 0x3f, 0xfe, 0xf7, 0xff, 0xf4,
    0x20, 0xd7, 0xff, 0xf5, 0x83, 0xff, 0xf3, 0xff,
    0xfd, 0x14, 0xbf, 0xff, 0xae, 0x87, 0xff, 0xe5,
    0xff, 0xff, 0xaa, 0x1f, 0xff, 0xbb, 0xff, 0xfe,
    0x68, 0x7f, 0xff, 0x7f, 0xff, 0xe4, 0x87, 0xff,
    0xff, 0xff, 0xfe, 0x8, 0x7f, 0xff, 0xc7, 0xff,
    0xfd, 0xc8, 0x7f, 0xff, 0xc2, 0xbf, 0xff, 0xd8,
    0x1f, 0xff, 0xf0, 0xf5, 0xff, 0xfe, 0xa0, 0xff,
    0xff, 0x87, 0xef, 0xff, 0xf4, 0x41, 0xff, 0xff,
    0xf, 0xf7, 0xff, 0xf9, 0x90, 0xff, 0xff, 0x87,
    0xff, 0x3, 0xff, 0xfc, 0x70, 0x7f, 0xff, 0xc3,
    0xff, 0x85, 0x7f, 0xff, 0x85, 0xf, 0xff, 0xf8,
    0x7f, 0xf0, 0x5f, 0xff, 0xf0, 0xc1, 0xff, 0xff,
    0xf, 0xfe, 0xb, 0xff, 0xfe, 0x20, 0xff, 0xff,
    0x87, 0xff, 0xb, 0xff, 0xfc, 0x48, 0x7f, 0xff,
    0xc3, 0xff, 0x83, 0x7f, 0xff, 0x85, 0xf, 0xff,
    0xf8, 0x7f, 0xf0, 0xbf, 0xff, 0xc2, 0x87, 0xff,
    0xfc, 0x3f, 0xf8, 0x57, 0xff, 0xf8, 0x83, 0xff,
    0xfe, 0x1f, 0xfc, 0x2f, 0xff, 0xf2, 0x87, 0xff,
    0xfc, 0x3f, 0xe7, 0xff, 0xfc, 0xd0, 0x7f, 0xff,
    0xc3, 0xf9, 0xff, 0xff, 0x44, 0x1f, 0xff, 0xf0,
    0xfa, 0xff, 0xff, 0x54, 0x1f, 0xff, 0xf0, 0xeb,
    0xff, 0xfd, 0x90, 0x7f, 0xff, 0xc2, 0xff, 0xff,
    0x7c, 0x1f, 0xfd, 0x5b, 0x90, 0xff, 0xed, 0xff,
    0xff, 0xc6, 0xf, 0xfe, 0xa7, 0xfa, 0x88, 0x7f,
    0xf5, 0x6f, 0xff, 0xf9, 0x21, 0xff, 0xd2, 0x7f,
    0xfe, 0x90, 0xff, 0xe8, 0x5f, 0xff, 0xf4, 0x43,
    0xff, 0xa3, 0x7f, 0xff, 0xe, 0x43, 0xff, 0x97,
    0x7f, 0xff, 0x55, 0x2f, 0xff, 0xe9, 0x21, 0xff,
    0xd0, 0xff, 0xfe, 0x44, 0x87, 0xff, 0x19, 0xff,
    0xfe, 0xa4, 0x1a, 0xff, 0xfe, 0x92, 0x1f, 0xfc,
    0xe7, 0xff, 0xf9, 0x68, 0x7f, 0xf1, 0x3f, 0xff,
    0xa7, 0x7, 0xd7, 0xff, 0xf4, 0x90, 0xff, 0xe6,
    0xdf, 0xff, 0xcb, 0xf, 0xfe, 0x25, 0xff, 0xfd,
    0x24, 0x3f, 0xaf, 0xff, 0xe9, 0x7, 0xff, 0x37,
    0xff, 0xf9, 0x81, 0xff, 0xc3, 0x7f, 0xff, 0xa3,
    0x7, 0xff, 0x2, 0xff, 0xfe, 0x90, 0x7f, 0xf2,
    0xef, 0xff, 0xe5, 0xc1, 0xff, 0xc3, 0xff, 0xfe,
    0x8a, 0x1f, 0xfc, 0x2f, 0xff, 0xe9, 0x87, 0xff,
    0x2b, 0xff, 0xf9, 0x81, 0xff, 0xc3, 0xbf, 0xff,
    0xa0, 0x1f, 0xfc, 0x5f, 0xff, 0xe9, 0x87, 0xff,
    0x21, 0xff, 0xfe, 0x60, 0x7f, 0xf0, 0xff, 0xff,
    0xa0, 0x1f, 0xfc, 0x7f, 0xff, 0xe9, 0x87, 0xff,
    0x1f, 0xff, 0xf9, 0x90, 0x7f, 0xf0, 0xaf, 0xff,
    0xe7, 0x87, 0xff, 0x27, 0xff, 0xfa, 0x61, 0xff,
    0xc5, 0x7f, 0xff, 0x98, 0x1f, 0xfc, 0x3f, 0xff,
    0xe7, 0x87, 0xff, 0x2f, 0xff, 0xfa, 0x61, 0xff,
    0xc4, 0xff, 0xfe, 0x68, 0x7f, 0xf0, 0xaf, 0xff,
    0xe7, 0x7, 0xff, 0x37, 0xff, 0xfa, 0x61, 0xff,
    0xc2, 0x7f, 0xff, 0x98, 0x87, 0xff, 0xb, 0xff,
    0xf9, 0xc8, 0x7f, 0xf3, 0xbf, 0xff, 0xa5, 0x7,
    0xff, 0x7, 0xff, 0xf9, 0xa1, 0xff, 0xc2, 0x7f,
    0xff, 0x9c, 0x1f, 0xfd, 0xf, 0xff, 0xe9, 0x41,
    0xff, 0x3f, 0xff, 0xcc, 0x83, 0xff, 0x85, 0x7f,
    0xff, 0x34, 0x3f, 0xfa, 0x2f, 0xff, 0xf4, 0xa0,
    0xff, 0x7f, 0xff, 0x34, 0x3f, 0xf8, 0x7f, 0xff,
    0xcd, 0x83, 0xff, 0xa4, 0xff, 0xff, 0x4a, 0xf,
    0xd7, 0xff, 0xf3, 0x43, 0xff, 0x84, 0xff, 0xff,
    0x34, 0x3f, 0xfa, 0x8f, 0xff, 0xf4, 0xa0, 0xfb,
    0xff, 0xf9, 0xa8, 0x7f, 0xf0, 0xaf, 0xff, 0xe6,
    0x87, 0xff, 0x55, 0xff, 0xfe, 0x92, 0x1d, 0xff,
    0xfc, 0xe0, 0xff, 0xe1, 0xdf, 0xff, 0xcc, 0x83,
    0xff, 0xac, 0xff, 0xff, 0x49, 0xa, 0xff, 0xfe,
    0x6a, 0x1f, 0xfc, 0x3f, 0xff, 0xe6, 0xa1, 0xff,
    0xd7, 0xbf, 0xff, 0xa4, 0x83, 0xff, 0xf9, 0xc1,
    0xff, 0xc4, 0xff, 0xfe, 0x68, 0x7f, 0xf6, 0x6f,
    0xff, 0xe9, 0x3f, 0xff, 0xce, 0x43, 0xff, 0x89,
    0xff, 0xfc, 0xd0, 0xff, 0xed, 0x5f, 0xff, 0xec,
    0xf, 0xfe, 0x23, 0xff, 0xfc, 0xc8, 0x3f, 0xfb,
    0x77, 0xff, 0xfa, 0x90, 0xff, 0xe2, 0x3f, 0xff,
    0xcc, 0x83, 0xff, 0xb9, 0x7f, 0xff, 0xa4, 0x3f,
    0xf8, 0xb7, 0xff, 0xf3, 0x20, 0xff, 0xee, 0xff,
    0xff, 0xa1, 0xf, 0xfe, 0x2d, 0xff, 0xfc, 0xc8,
    0x3f, 0xfb, 0xdf, 0xff, 0xe7, 0xf, 0xfe, 0x35,
    0xff, 0xfc, 0xc8, 0x3f, 0xfb, 0xff, 0xff, 0xe5,
    0xf, 0xfe, 0x3d, 0xff, 0xfc, 0xc8, 0x3f, 0xfc,
    0x1f, 0xff, 0xe3, 0x83, 0xff, 0x8f, 0x7f, 0xff,
    0x34, 0x3f, 0xfc, 0x3f, 0xff, 0xe2, 0xf, 0xfe,
    0x45, 0xff, 0xfc, 0xd0, 0xff, 0xf1, 0x7f, 0xff,
    0x81, 0xf, 0xfe, 0x43, 0xff, 0xfc, 0xd4, 0x3f,
    0xfc, 0x5f, 0xff, 0xdf, 0xf, 0xfe, 0x4b, 0xff,
    0xfc, 0xd8, 0x3f, 0xfc, 0x7f, 0xff, 0xdd, 0xf,
    0xfe, 0x5f, 0xff, 0xf3, 0x83, 0xff, 0xc6, 0xff,
    0xff, 0x6d, 0xf, 0xfe, 0x5f, 0xff, 0xf3, 0x90,
    0xff, 0xf1, 0xbf, 0xff, 0xda, 0xf, 0xfe, 0x67,
    0xff, 0xf3, 0xc3, 0xff, 0xc8, 0xff, 0xff, 0x60,
    0x3f, 0xf9, 0xb7, 0xff, 0xf3, 0x90, 0xff, 0xf2,
    0x3f, 0xff, 0xd6, 0x43, 0xff, 0x9a, 0xff, 0xff,
    0x3c, 0x3f, 0xfc, 0xaf, 0xff, 0xf5, 0x20, 0xff,
    0xe7, 0xff, 0xff, 0x40, 0x3f, 0xfc, 0x8f, 0xff,
    0xf5, 0x3, 0xff, 0xa1, 0xff, 0xfd, 0x8, 0x3f,
    0xfc, 0x4f, 0xff, 0xf5, 0x43, 0xff, 0xa1, 0x7f,
    0xff, 0x42, 0xf, 0xff, 0x5, 0xff, 0xfd, 0x70,
    0xff, 0xe7, 0xbf, 0xff, 0xd1, 0x83, 0xff, 0xba,
    0xff, 0xff, 0x68, 0x3f, 0xf9, 0xff, 0xff, 0xd3,
    0xf, 0xfe, 0xdd, 0xff, 0xfd, 0xc0, 0xff, 0xe7,
    0x3f, 0xff, 0xd3, 0x43, 0xff, 0xaf, 0x7f, 0xff,
    0x7c, 0x3f, 0xf9, 0xdf, 0xff, 0xd5, 0xf, 0xfe,
    0xa3, 0xff, 0xfe, 0x18, 0x3f, 0xf9, 0xb7, 0xff,
    0xf5, 0x64, 0x3f, 0xf9, 0xf7, 0xff, 0xf9, 0x20,
    0xff, 0xe6, 0xff, 0xff, 0x62, 0xf, 0xfe, 0x53,
    0x7f, 0xff, 0x9e, 0xf, 0xfe, 0x63, 0xff, 0xfd,
    0xa9, 0xf, 0xfe, 0x13, 0x7f, 0xff, 0xb2, 0xf,
    0xfe, 0x67, 0xff, 0xf8, 0x2b, 0xef, 0xff, 0xf9,
    0x21, 0xff, 0xcc, 0xff, 0xff, 0xff, 0xff, 0xf6,
    0x90, 0xff, 0xe5, 0xbf, 0xff, 0xff, 0xff, 0xfe,
    0xd2, 0x1f, 0xfc, 0xbb, 0xff, 0xff, 0xff, 0xff,
    0xda, 0x43, 0xff, 0x97, 0xff, 0xff, 0xff, 0xff,
    0xed, 0xa1, 0xff, 0xcb, 0xff, 0xff, 0xff, 0xff,
    0xf6, 0xc3, 0xff, 0x99, 0xff, 0xff, 0xff, 0xff,
    0xed, 0x87, 0xff, 0x33, 0xff, 0xff, 0xff, 0xe4,
    0xbf, 0xff, 0xa4, 0x1f, 0xfc, 0xcf, 0xff, 0xff,
    0xfe, 0xd, 0x7f, 0xff, 0x48, 0x3f, 0xf9, 0x9f,
    0xff, 0xff, 0xe0, 0xf5, 0xff, 0xfd, 0x20, 0xff,
    0xe6, 0x5f, 0xff, 0xfd, 0xf, 0xeb, 0xff, 0xfa,
    0x41, 0xff, 0xcc, 0x7f, 0xff, 0xf4, 0x87, 0xfd,
    0x7f, 0xff, 0x46, 0xf, 0xfe, 0x6f, 0xff, 0xfd,
    0xe0, 0xff, 0xe1, 0x7f, 0xff, 0x4a, 0xf, 0xfe,
    0x6d, 0xff, 0xff, 0x38, 0x3f, 0xf8, 0xbf, 0xff,
    0xd2, 0x83, 0xff, 0x9d, 0x7f, 0xff, 0xc1, 0xf,
    0xfe, 0x3f, 0xff, 0xf4, 0xa0, 0xff, 0xe7, 0xff,
    0xff, 0xb5, 0xf, 0xfe, 0x57, 0xff, 0xf4, 0xa0,
    0xff, 0xe8, 0x5f, 0xff, 0xe7, 0x83, 0xff, 0x9d,
    0xff, 0xfd, 0x24, 0x3f, 0xfa, 0x37, 0xff, 0xf8,
    0xd0, 0xff, 0xe8, 0xff, 0xff, 0x49, 0xf, 0xfe,
    0x93, 0x7f, 0xff, 0x76, 0xf, 0xfe, 0xaf, 0xff,
    0xf4, 0x83, 0xff, 0xaa, 0xdf, 0xff, 0xd7, 0x43,
    0xff, 0xfe, 0x1f, 0xfd, 0x6, 0xff, 0xfe, 0x74,
    0x87, 0xff, 0xfc, 0x3f, 0xfb, 0x2a, 0xab, 0xff,
    0xea, 0x28, 0x3f, 0xff, 0xe0,

    /* U+0027 "'" */
    0xbf, 0xff, 0x8e, 0xff, 0xff, 0x21, 0xff, 0xfe,
    0x43, 0xff, 0xfc, 0x87, 0xff, 0xf9, 0xf, 0xff,
    0xf2, 0x1f, 0xff, 0xe4, 0x3f, 0xff, 0xc8, 0x7f,
    0xff, 0x90, 0xff, 0xff, 0x21, 0xff, 0xfe, 0x43,
    0xff, 0xfc, 0x87, 0xff, 0xf9, 0xf, 0xff, 0xf2,
    0x1f, 0xff, 0xe4, 0x3f, 0xff, 0xc8, 0x7f, 0xff,
    0x90, 0xff, 0xff, 0x21, 0xff, 0xfe, 0x43, 0xff,
    0xfc, 0x87, 0xff, 0xf9, 0xf, 0xff, 0xf2, 0x1f,
    0xff, 0xe4, 0x3f, 0xff, 0xc8, 0x7f, 0xff, 0x90,
    0xff, 0xff, 0x21, 0xff, 0xfe, 0x43, 0xff, 0xfc,
    0x87, 0xff, 0xf9, 0xf, 0xff, 0xf2, 0x1f, 0xff,
    0xe4, 0x3f, 0xff, 0xc8, 0x7f, 0xff, 0x90, 0xff,
    0xff, 0x21, 0xff, 0xfe, 0x43, 0xff, 0xfc, 0x87,
    0xff, 0xf9, 0xf, 0xff, 0xf2, 0x1f, 0xff, 0xe4,
    0x3f, 0xff, 0xc8, 0x7f, 0xff, 0x90, 0xff, 0xff,
    0x21, 0xff, 0xfe, 0x43, 0xff, 0xfc, 0x87, 0xff,
    0xf9, 0xf, 0xff, 0xf2, 0x1f, 0xff, 0xe4, 0x3f,
    0xff, 0xc8, 0x7f, 0xff, 0x90, 0xff, 0xff, 0x21,
    0xff, 0xfe, 0x43, 0xff, 0xfc, 0x87, 0xff, 0xf9,
    0xf, 0xff, 0xf2, 0x10,

    /* U+0028 "(" */
    0xf, 0xff, 0xf8, 0x77, 0xa0, 0xff, 0xf1, 0x5f,
    0x83, 0xff, 0xc0, 0xff, 0xa0, 0xff, 0xef, 0x7f,
    0xf2, 0x1f, 0xfd, 0xbf, 0xff, 0xa0, 0xff, 0xec,
    0xbf, 0xff, 0xc1, 0x43, 0xff, 0xaf, 0xff, 0xfc,
    0x40, 0xff, 0xea, 0xdf, 0xff, 0xc5, 0x83, 0xff,
    0xa4, 0xff, 0xff, 0x21, 0xf, 0xfe, 0x87, 0xff,
    0xf2, 0xa0, 0xff, 0xe7, 0x5f, 0xff, 0xcc, 0x43,
    0xff, 0x99, 0xff, 0xfc, 0xe0, 0xff, 0xe5, 0xff,
    0xff, 0x3a, 0xf, 0xfe, 0x53, 0xff, 0xfc, 0xe0,
    0xff, 0xe5, 0xff, 0xff, 0x38, 0x3f, 0xf9, 0x77,
    0xff, 0xf3, 0x50, 0xff, 0xe5, 0xff, 0xff, 0x38,
    0x3f, 0xf9, 0x77, 0xff, 0xf3, 0x43, 0xff, 0x99,
    0xff, 0xfc, 0xd8, 0x3f, 0xf9, 0x7f, 0xff, 0xce,
    0xf, 0xfe, 0x5b, 0xff, 0xfc, 0xd4, 0x3f, 0xf9,
    0x7f, 0xff, 0xcd, 0x83, 0xff, 0x96, 0xff, 0xff,
    0x34, 0x3f, 0xf9, 0x9f, 0xff, 0xcd, 0x83, 0xff,
    0x96, 0xff, 0xff, 0x34, 0x3f, 0xf9, 0x9f, 0xff,
    0xcd, 0x43, 0xff, 0x96, 0xff, 0xff, 0x34, 0x3f,
    0xf9, 0x97, 0xff, 0xf3, 0x10, 0xff, 0xe6, 0x7f,
    0xff, 0x34, 0x3f, 0xf9, 0x97, 0xff, 0xf3, 0x10,
    0xff, 0xe6, 0x7f, 0xff, 0x34, 0x3f, 0xf9, 0x97,
    0xff, 0xf3, 0x10, 0xff, 0xe6, 0x7f, 0xff, 0x34,
    0x3f, 0xf9, 0x8f, 0xff, 0xf3, 0x10, 0xff, 0xe6,
    0x5f, 0xff, 0xcc, 0xf, 0xfe, 0x6f, 0xff, 0xf3,
    0x20, 0xff, 0xe6, 0x5f, 0xff, 0xcc, 0xf, 0xfe,
    0x6f, 0xff, 0xf3, 0x20, 0xff, 0xe6, 0x3f, 0xff,
    0xcc, 0xf, 0xfe, 0x6d, 0xff, 0xfc, 0xc0, 0xff,
    0xe6, 0xff, 0xff, 0x31, 0xf, 0xfe, 0x63, 0xff,
    0xfc, 0xc0, 0xff, 0xe6, 0xdf, 0xff, 0xcb, 0x83,
    0xff, 0x9b, 0xff, 0xfc, 0xc4, 0x3f, 0xf9, 0x8f,
    0xff, 0xf3, 0x3, 0xff, 0x9b, 0x7f, 0xff, 0x2e,
    0xf, 0xfe, 0x6f, 0xff, 0xf3, 0x10, 0xff, 0xe6,
    0x3f, 0xff, 0xcc, 0xf, 0xfe, 0x6d, 0xff, 0xfc,
    0xb8, 0x3f, 0xf9, 0xbf, 0xff, 0xcc, 0x43, 0xff,
    0x9b, 0xff, 0xfc, 0xc0, 0xff, 0xe6, 0xbf, 0xff,
    0xcb, 0x83, 0xff, 0x9b, 0x7f, 0xff, 0x2d, 0xf,
    0xfe, 0x6f, 0xff, 0xf3, 0x3, 0xff, 0x9a, 0xff,
    0xff, 0x30, 0x3f, 0xf9, 0xb7, 0xff, 0xf2, 0xe0,
    0xff, 0xe6, 0xdf, 0xff, 0xcb, 0x43, 0xff, 0x9b,
    0xff, 0xfc, 0xc0, 0xff, 0xe7, 0x7f, 0xff, 0x30,
    0x3f, 0xf9, 0xaf, 0xff, 0xf2, 0xe0, 0xff, 0xe6,
    0xdf, 0xff, 0xcb, 0x43, 0xff, 0x9b, 0xff, 0xfc,
    0xc0, 0xff, 0xe7, 0x7f, 0xff, 0x30, 0x3f, 0xf9,
    0xdf, 0xff, 0xcc, 0xf, 0xfe, 0x6b, 0xff, 0xfc,
    0xb8, 0x3f, 0xf9, 0xb7, 0xff, 0xf2, 0xd0, 0xff,
    0xe6, 0xff, 0xff, 0x31, 0xf, 0xfe, 0x6f, 0xff,
    0xf3, 0x3, 0xff, 0x9d, 0xff, 0xfc, 0xc0, 0xff,
    0xe7, 0x7f, 0xff, 0x30, 0x3f, 0xf9, 0xaf, 0xff,
    0xf2, 0xe0, 0xff, 0xe6, 0xbf, 0xff, 0xcb, 0x83,
    0xff, 0x9b, 0x7f, 0xff, 0x2d, 0xf, 0xfe, 0x6f,
    0xff, 0xf3, 0x10, 0xff, 0xe6, 0xff, 0xff, 0x30,
    0x3f, 0xf9, 0xdf, 0xff, 0xcc, 0xf, 0xfe, 0x77,
    0xff, 0xf3, 0x3, 0xff, 0x9d, 0xff, 0xfc, 0xc0,
    0xff, 0xe6, 0xbf, 0xff, 0xcc, 0xf, 0xfe, 0x6b,
    0xff, 0xfc, 0xb8, 0x3f, 0xf9, 0xaf, 0xff, 0xf2,
    0xe0, 0xff, 0xe6, 0xbf, 0xff, 0xcb, 0x83, 0xff,
    0x9b, 0x7f, 0xff, 0x2d, 0xf, 0xfe, 0x6d, 0xff,
    0xfc, 0xb4, 0x3f, 0xf9, 0xb7, 0xff, 0xf2, 0xd0,
    0xff, 0xe6, 0xdf, 0xff, 0xcb, 0x43, 0xff, 0x9b,
    0x7f, 0xff, 0x2d, 0xf, 0xfe, 0x6d, 0xff, 0xfc,
    0xb4, 0x3f, 0xf9, 0xb7, 0xff, 0xf2, 0xd0, 0xff,
    0xe6, 0xff, 0xff, 0x30, 0x3f, 0xf9, 0xdf, 0xff,
    0xcc, 0xf, 0xfe, 0x77, 0xff, 0xf3, 0x3, 0xff,
    0x9d, 0xff, 0xfc, 0xc0, 0xff, 0xe7, 0x7f, 0xff,
    0x30, 0x3f, 0xf9, 0xd7, 0xff, 0xf2, 0xc3, 0xff,
    0x9d, 0x7f, 0xff, 0x2d, 0xf, 0xfe, 0x6d, 0xff,
    0xfc, 0xb4, 0x3f, 0xf9, 0xb7, 0xff, 0xf2, 0xd0,
    0xff, 0xe6, 0xdf, 0xff, 0xcb, 0x43, 0xff, 0x9b,
    0x7f, 0xff, 0x2d, 0xf, 0xfe, 0x6b, 0xff, 0xfc,
    0xb4, 0x3f, 0xf9, 0xaf, 0xff, 0xf2, 0xd0, 0xff,
    0xe6, 0xbf, 0xff, 0xcb, 0x83, 0xff, 0x9a, 0xff,
    0xff, 0x2e, 0xf, 0xfe, 0x77, 0xff, 0xf2, 0xe0,
    0xff, 0xe7, 0x7f, 0xff, 0x2e, 0xf, 0xfe, 0x77,
    0xff, 0xf3, 0x3, 0xff, 0x9d, 0xff, 0xfc, 0xc0,
    0xff, 0xe7, 0x7f, 0xff, 0x30, 0x3f, 0xf9, 0xd7,
    0xff, 0xf2, 0xc3, 0xff, 0x9d, 0x7f, 0xff, 0x2c,
    0x3f, 0xf9, 0xcf, 0xff, 0xf2, 0xd0, 0xff, 0xe6,
    0xbf, 0xff, 0xcb, 0x43, 0xff, 0x9d, 0xff, 0xfc,
    0xb8, 0x3f, 0xf9, 0xdf, 0xff, 0xcb, 0x83, 0xff,
    0x9d, 0xff, 0xfc, 0xc0, 0xff, 0xe7, 0x5f, 0xff,
    0xcb, 0xf, 0xfe, 0x73, 0xff, 0xfc, 0xb0, 0xff,
    0xe7, 0x3f, 0xff, 0xcb, 0x43, 0xff, 0x9d, 0xff,
    0xfc, 0xb8, 0x3f, 0xf9, 0xdf, 0xff, 0xcb, 0x83,
    0xff, 0x9d, 0x7f, 0xff, 0x2c, 0x3f, 0xf9, 0xd7,
    0xff, 0xf2, 0xc3, 0xff, 0x9c, 0xff, 0xff, 0x2d,
    0xf, 0xfe, 0x77, 0xff, 0xf2, 0xe0, 0xff, 0xe7,
    0x7f, 0xff, 0x30, 0x3f, 0xf9, 0xd7, 0xff, 0xf2,
    0xc3, 0xff, 0x9c, 0xff, 0xff, 0x2d, 0xf, 0xfe,
    0x77, 0xff, 0xf2, 0xe0, 0xff, 0xe7, 0x7f, 0xff,
    0x30, 0x3f, 0xf9, 0xd7, 0xff, 0xf2, 0xc3, 0xff,
    0x9c, 0xff, 0xff, 0x2d, 0xf, 0xfe, 0x77, 0xff,
    0xf2, 0xe0, 0xff, 0xe7, 0x7f, 0xff, 0x30, 0x3f,
    0xf9, 0xcf, 0xff, 0xf2, 0xd0, 0xff, 0xe7, 0x7f,
    0xff, 0x30, 0x3f, 0xf9, 0xdf, 0xff, 0xcc, 0xf,
    0xfe, 0x75, 0xff, 0xfc, 0xb8, 0x3f, 0xf9, 0xdf,
    0xff, 0xcc, 0xf, 0xfe, 0x77, 0xff, 0xf3, 0x10,
    0xff, 0xe6, 0xdf, 0xff, 0xcb, 0x83, 0xff, 0x9d,
    0xff, 0xfc, 0xc0, 0xff, 0xe7, 0x7f, 0xff, 0x32,
    0xf, 0xfe, 0x6d, 0xff, 0xfc, 0xc0, 0xff, 0xe7,
    0x7f, 0xff, 0x31, 0xf, 0xfe, 0x6f, 0xff, 0xf3,
    0x43, 0xff, 0x9a, 0xff, 0xff, 0x31, 0xf, 0xfe,
    0x6f, 0xff, 0xf3, 0x43, 0xff, 0x9b, 0x7f, 0xff,
    0x30, 0x3f, 0xf9, 0xdf, 0xff, 0xcc, 0x83, 0xff,
    0x9b, 0xff, 0xfc, 0xd0, 0xff, 0xe6, 0xbf, 0xff,
    0xcc, 0x83, 0xff, 0x9b, 0xff, 0xfc, 0xd0, 0xff,
    0xe6, 0xdf, 0xff, 0xcc, 0x83, 0xff, 0x9b, 0xff,
    0xfc, 0xd0, 0xff, 0xe6, 0xdf, 0xff, 0xcc, 0x83,
    0xff, 0x9b, 0xff, 0xfc, 0xd0, 0xff, 0xe6, 0xdf,
    0xff, 0xcd, 0xf, 0xfe, 0x6f, 0xff, 0xf3, 0x50,
    0xff, 0xe6, 0x7f, 0xff, 0x38, 0x3f, 0xf9, 0x8f,
    0xff, 0xf3, 0x50, 0xff, 0xe6, 0x7f, 0xff, 0x38,
    0x3f, 0xf9, 0x8f, 0xff, 0xf3, 0x60, 0xff, 0xe6,
    0x7f, 0xff, 0x38, 0x3f, 0xf9, 0xbf, 0xff, 0xcd,
    0x83, 0xff, 0x99, 0x7f, 0xff, 0x35, 0xf, 0xfe,
    0x67, 0xff, 0xf3, 0x83, 0xff, 0x99, 0x7f, 0xff,
    0x35, 0xf, 0xfe, 0x67, 0xff, 0xf3, 0x83, 0xff,
    0x98, 0xff, 0xff, 0x36, 0xf, 0xfe, 0x67, 0xff,
    0xf3, 0x90, 0xff, 0xe5, 0xbf, 0xff, 0xce, 0xf,
    0xfe, 0x65, 0xff, 0xfc, 0xd0, 0xff, 0xe6, 0xff,
    0xff, 0x2e, 0xf, 0xfe, 0x73, 0xff, 0xfc, 0x90,
    0xff, 0xe8, 0xff, 0xff, 0x1d, 0xf, 0xfe, 0x9f,
    0xff, 0xf1, 0x20, 0xff, 0xea, 0xdf, 0xff, 0xc2,
    0xf, 0xfe, 0xc7, 0xff, 0xf0, 0x10, 0xff, 0xed,
    0x7f, 0xf4, 0x1f, 0xfd, 0xcb, 0xfe, 0x43, 0xff,
    0xbd, 0xfd, 0x7, 0xff, 0x87, 0xe0, 0xff, 0xf1,
    0xa8, 0x3f, 0xf8, 0xc0,

    /* U+0029 ")" */
    0xf, 0xfe, 0x3a, 0x1f, 0xfe, 0x37, 0xc1, 0xff,
    0xe2, 0xfe, 0xf, 0xfe, 0xfd, 0xfe, 0x83, 0xff,
    0xb8, 0xff, 0xf2, 0x1f, 0xfd, 0xab, 0xff, 0xe0,
    0xff, 0xec, 0x3f, 0xff, 0xc1, 0x83, 0xff, 0xad,
    0x7f, 0xff, 0xd, 0xf, 0xfe, 0x9b, 0xff, 0xfc,
    0x60, 0xff, 0xe9, 0x7f, 0xff, 0x22, 0xf, 0xfe,
    0x7d, 0xff, 0xfc, 0xa0, 0xff, 0xe6, 0xbf, 0xff,
    0xcd, 0xf, 0xfe, 0x67, 0xff, 0xf3, 0x90, 0xff,
    0xe5, 0xbf, 0xff, 0xce, 0xf, 0xfe, 0x67, 0xff,
    0xf3, 0xa0, 0xff, 0xe6, 0x7f, 0xff, 0x38, 0x3f,
    0xf9, 0x8f, 0xff, 0xf3, 0x83, 0xff, 0x99, 0x7f,
    0xff, 0x35, 0xf, 0xfe, 0x67, 0xff, 0xf3, 0x83,
    0xff, 0x98, 0xff, 0xff, 0x35, 0xf, 0xfe, 0x67,
    0xff, 0xf3, 0x83, 0xff, 0x9b, 0xff, 0xfc, 0xd8,
    0x3f, 0xf9, 0x97, 0xff, 0xf3, 0x43, 0xff, 0x9b,
    0xff, 0xfc, 0xd8, 0x3f, 0xf9, 0x8f, 0xff, 0xf3,
    0x43, 0xff, 0x9b, 0xff, 0xfc, 0xd4, 0x3f, 0xf9,
    0x8f, 0xff, 0xf3, 0x43, 0xff, 0x9b, 0x7f, 0xff,
    0x31, 0xf, 0xfe, 0x6f, 0xff, 0xf3, 0x43, 0xff,
    0x9b, 0x7f, 0xff, 0x31, 0xf, 0xfe, 0x6f, 0xff,
    0xf3, 0x43, 0xff, 0x9b, 0x7f, 0xff, 0x30, 0x3f,
    0xf9, 0xdf, 0xff, 0xcc, 0x83, 0xff, 0x9b, 0x7f,
    0xff, 0x30, 0x3f, 0xf9, 0xdf, 0xff, 0xcc, 0x43,
    0xff, 0x9b, 0xff, 0xfc, 0xd0, 0xff, 0xe6, 0xbf,
    0xff, 0xcc, 0x43, 0xff, 0x9b, 0xff, 0xfc, 0xc8,
    0x3f, 0xf9, 0xaf, 0xff, 0xf3, 0x3, 0xff, 0x9d,
    0xff, 0xfc, 0xc4, 0x3f, 0xf9, 0xb7, 0xff, 0xf3,
    0x3, 0xff, 0x9d, 0xff, 0xfc, 0xc0, 0xff, 0xe7,
    0x7f, 0xff, 0x32, 0xf, 0xfe, 0x6b, 0xff, 0xfc,
    0xc0, 0xff, 0xe7, 0x7f, 0xff, 0x30, 0x3f, 0xf9,
    0xd7, 0xff, 0xf2, 0xe0, 0xff, 0xe6, 0xbf, 0xff,
    0xcc, 0xf, 0xfe, 0x77, 0xff, 0xf3, 0x3, 0xff,
    0x9d, 0x7f, 0xff, 0x2d, 0xf, 0xfe, 0x6b, 0xff,
    0xfc, 0xc0, 0xff, 0xe7, 0x7f, 0xff, 0x30, 0x3f,
    0xf9, 0xdf, 0xff, 0xcc, 0x43, 0xff, 0x9b, 0x7f,
    0xff, 0x2e, 0xf, 0xfe, 0x77, 0xff, 0xf3, 0x3,
    0xff, 0x9d, 0xff, 0xfc, 0xc0, 0xff, 0xe7, 0x5f,
    0xff, 0xcb, 0x43, 0xff, 0x9a, 0xff, 0xff, 0x2e,
    0xf, 0xfe, 0x77, 0xff, 0xf3, 0x3, 0xff, 0x9d,
    0xff, 0xfc, 0xc0, 0xff, 0xe7, 0x5f, 0xff, 0xcb,
    0x43, 0xff, 0x9a, 0xff, 0xff, 0x2e, 0xf, 0xfe,
    0x77, 0xff, 0xf3, 0x3, 0xff, 0x9d, 0xff, 0xfc,
    0xc0, 0xff, 0xe7, 0x7f, 0xff, 0x30, 0x3f, 0xf9,
    0xd7, 0xff, 0xf2, 0xd0, 0xff, 0xe6, 0xbf, 0xff,
    0xcb, 0x83, 0xff, 0x9d, 0xff, 0xfc, 0xc0, 0xff,
    0xe7, 0x7f, 0xff, 0x30, 0x3f, 0xf9, 0xdf, 0xff,
    0xcc, 0xf, 0xfe, 0x75, 0xff, 0xfc, 0xb0, 0xff,
    0xe7, 0x5f, 0xff, 0xcb, 0x43, 0xff, 0x9a, 0xff,
    0xff, 0x2e, 0xf, 0xfe, 0x6b, 0xff, 0xfc, 0xb8,
    0x3f, 0xf9, 0xdf, 0xff, 0xcc, 0xf, 0xfe, 0x77,
    0xff, 0xf3, 0x3, 0xff, 0x9d, 0xff, 0xfc, 0xc0,
    0xff, 0xe7, 0x7f, 0xff, 0x30, 0x3f, 0xf9, 0xd7,
    0xff, 0xf2, 0xc3, 0xff, 0x9d, 0x7f, 0xff, 0x2d,
    0xf, 0xfe, 0x6d, 0xff, 0xfc, 0xb4, 0x3f, 0xf9,
    0xaf, 0xff, 0xf2, 0xe0, 0xff, 0xe6, 0xbf, 0xff,
    0xcb, 0x83, 0xff, 0x9a, 0xff, 0xff, 0x2e, 0xf,
    0xfe, 0x6b, 0xff, 0xfc, 0xb8, 0x3f, 0xf9, 0xdf,
    0xff, 0xcc, 0xf, 0xfe, 0x77, 0xff, 0xf3, 0x3,
    0xff, 0x9d, 0xff, 0xfc, 0xc0, 0xff, 0xe7, 0x7f,
    0xff, 0x30, 0x3f, 0xf9, 0xdf, 0xff, 0xcc, 0xf,
    0xfe, 0x77, 0xff, 0xf3, 0x3, 0xff, 0x9d, 0xff,
    0xfc, 0xc0, 0xff, 0xe7, 0x7f, 0xff, 0x30, 0x3f,
    0xf9, 0xdf, 0xff, 0xcc, 0xf, 0xfe, 0x77, 0xff,
    0xf3, 0x3, 0xff, 0x9d, 0xff, 0xfc, 0xc0, 0xff,
    0xe7, 0x7f, 0xff, 0x30, 0x3f, 0xf9, 0xdf, 0xff,
    0xcc, 0xf, 0xfe, 0x77, 0xff, 0xf3, 0x3, 0xff,
    0x9d, 0xff, 0xfc, 0xc0, 0xff, 0xe7, 0x7f, 0xff,
    0x30, 0x3f, 0xf9, 0xdf, 0xff, 0xcb, 0x83, 0xff,
    0x9d, 0xff, 0xfc, 0xb8, 0x3f, 0xf9, 0xaf, 0xff,
    0xf2, 0xe0, 0xff, 0xe6, 0xbf, 0xff, 0xcb, 0x83,
    0xff, 0x9a, 0xff, 0xff, 0x2d, 0xf, 0xfe, 0x6b,
    0xff, 0xfc, 0xb4, 0x3f, 0xf9, 0xb7, 0xff, 0xf2,
    0xd0, 0xff, 0xe6, 0xdf, 0xff, 0xcb, 0xf, 0xfe,
    0x75, 0xff, 0xfc, 0xb0, 0xff, 0xe7, 0x7f, 0xff,
    0x30, 0x3f, 0xf9, 0xdf, 0xff, 0xcc, 0xf, 0xfe,
    0x77, 0xff, 0xf2, 0xe0, 0xff, 0xe7, 0x7f, 0xff,
    0x2e, 0xf, 0xfe, 0x77, 0xff, 0xf2, 0xd0, 0xff,
    0xe6, 0xbf, 0xff, 0xcb, 0x43, 0xff, 0x9b, 0x7f,
    0xff, 0x2c, 0x3f, 0xf9, 0xd7, 0xff, 0xf2, 0xc3,
    0xff, 0x9d, 0xff, 0xfc, 0xc0, 0xff, 0xe7, 0x7f,
    0xff, 0x2e, 0xf, 0xfe, 0x77, 0xff, 0xf2, 0xd0,
    0xff, 0xe6, 0xbf, 0xff, 0xcb, 0x43, 0xff, 0x9b,
    0x7f, 0xff, 0x2c, 0x3f, 0xf9, 0xd7, 0xff, 0xf2,
    0xc3, 0xff, 0x9d, 0xff, 0xfc, 0xb8, 0x3f, 0xf9,
    0xdf, 0xff, 0xcb, 0x43, 0xff, 0x9a, 0xff, 0xff,
    0x2c, 0x3f, 0xf9, 0xd7, 0xff, 0xf2, 0xc3, 0xff,
    0x9d, 0xff, 0xfc, 0xc0, 0xff, 0xe7, 0x7f, 0xff,
    0x2e, 0xf, 0xfe, 0x6b, 0xff, 0xfc, 0xb4, 0x3f,
    0xf9, 0xb7, 0xff, 0xf2, 0xc3, 0xff, 0x9d, 0xff,
    0xfc, 0xc0, 0xff, 0xe7, 0x7f, 0xff, 0x2d, 0xf,
    0xfe, 0x6d, 0xff, 0xfc, 0xb0, 0xff, 0xe7, 0x7f,
    0xff, 0x30, 0x3f, 0xf9, 0xdf, 0xff, 0xcb, 0x83,
    0xff, 0x9b, 0x7f, 0xff, 0x2d, 0xf, 0xfe, 0x6f,
    0xff, 0xf3, 0x3, 0xff, 0x9a, 0xff, 0xff, 0x2e,
    0xf, 0xfe, 0x6d, 0xff, 0xfc, 0xb4, 0x3f, 0xf9,
    0xbf, 0xff, 0xcc, 0xf, 0xfe, 0x6b, 0xff, 0xfc,
    0xb8, 0x3f, 0xf9, 0xbf, 0xff, 0xcc, 0x43, 0xff,
    0x98, 0xff, 0xff, 0x30, 0x3f, 0xf9, 0xbf, 0xff,
    0xcc, 0x83, 0xff, 0x9b, 0xff, 0xfc, 0xc4, 0x3f,
    0xf9, 0x97, 0xff, 0xf3, 0x3, 0xff, 0x9b, 0xff,
    0xfc, 0xc8, 0x3f, 0xf9, 0x97, 0xff, 0xf3, 0x3,
    0xff, 0x9b, 0xff, 0xfc, 0xd0, 0xff, 0xe6, 0x5f,
    0xff, 0xcc, 0x43, 0xff, 0x99, 0xff, 0xfc, 0xd0,
    0xff, 0xe6, 0x3f, 0xff, 0xcc, 0x83, 0xff, 0x99,
    0xff, 0xfc, 0xd0, 0xff, 0xe6, 0x5f, 0xff, 0xcc,
    0x83, 0xff, 0x99, 0xff, 0xfc, 0xd4, 0x3f, 0xf9,
    0x77, 0xff, 0xf3, 0x43, 0xff, 0x99, 0xff, 0xfc,
    0xd4, 0x3f, 0xf9, 0x77, 0xff, 0xf3, 0x43, 0xff,
    0x99, 0xff, 0xfc, 0xd4, 0x3f, 0xf9, 0x77, 0xff,
    0xf3, 0x43, 0xff, 0x99, 0xff, 0xfc, 0xd4, 0x3f,
    0xf9, 0x7f, 0xff, 0xce, 0xf, 0xfe, 0x5b, 0xff,
    0xfc, 0xd4, 0x3f, 0xf9, 0x7f, 0xff, 0xce, 0xf,
    0xfe, 0x5b, 0xff, 0xfc, 0xd4, 0x3f, 0xf9, 0x7f,
    0xff, 0xce, 0xf, 0xfe, 0x5d, 0xff, 0xfc, 0xd4,
    0x3f, 0xf9, 0x7f, 0xff, 0xce, 0xf, 0xfe, 0x5f,
    0xff, 0xf3, 0x83, 0xff, 0x96, 0xff, 0xff, 0x36,
    0xf, 0xfe, 0x5f, 0xff, 0xf3, 0x83, 0xff, 0x97,
    0x7f, 0xff, 0x35, 0xf, 0xfe, 0x5f, 0xff, 0xf3,
    0x83, 0xff, 0x9a, 0xff, 0xff, 0x2d, 0xf, 0xfe,
    0x7d, 0xff, 0xfc, 0x88, 0x3f, 0xfa, 0x2f, 0xff,
    0xf1, 0xc3, 0xff, 0xa9, 0x7f, 0xff, 0x11, 0xf,
    0xfe, 0xb5, 0xff, 0xfc, 0x18, 0x3f, 0xfb, 0xf,
    0xff, 0xf0, 0x3, 0xff, 0xb7, 0x7f, 0xf2, 0x1f,
    0xfd, 0xdf, 0xfa, 0xf, 0xfe, 0xfb, 0xfc, 0x1f,
    0xfe, 0x2b, 0xc8, 0x7f, 0xf9, 0x10, 0xff, 0xe9,
    0x0,

    /* U+002A "*" */
    0xf, 0xfe, 0xab, 0xff, 0xfc, 0x60, 0xff, 0xfb,
    0xbf, 0xff, 0xc6, 0xf, 0xff, 0xbb, 0xff, 0xfc,
    0x60, 0xff, 0xfb, 0xbf, 0xff, 0xc6, 0xf, 0xff,
    0xbb, 0xff, 0xfc, 0x60, 0xff, 0xfb, 0xbf, 0xff,
    0xc6, 0xf, 0xff, 0xc7, 0xff, 0xf1, 0x83, 0xff,
    0xf1, 0xff, 0xfc, 0x60, 0xff, 0xfc, 0x7f, 0xff,
    0x18, 0x3f, 0xff, 0x1f, 0xff, 0xc6, 0xf, 0xff,
    0xc7, 0xff, 0xf1, 0x83, 0xff, 0xf1, 0xff, 0xfc,
    0x60, 0xff, 0xfc, 0x7f, 0xff, 0x18, 0x3f, 0xff,
    0x1f, 0xff, 0xc6, 0xf, 0xff, 0xc7, 0xff, 0xf1,
    0x83, 0xff, 0xf1, 0xff, 0xfc, 0x60, 0xff, 0xfc,
    0x7f, 0xff, 0x18, 0x3f, 0xff, 0x1f, 0xff, 0xc5,
    0x83, 0xff, 0xf1, 0xff, 0xfc, 0x58, 0x3f, 0xff,
    0x1f, 0xff, 0xc5, 0x83, 0xff, 0xb9, 0x79, 0xf,
    0xfe, 0x67, 0xff, 0xf1, 0x60, 0xff, 0xe6, 0x3e,
    0x83, 0xff, 0x81, 0xfd, 0x21, 0xff, 0xc9, 0xff,
    0xfe, 0x2c, 0x1f, 0xfc, 0x96, 0xfe, 0xf, 0xf9,
    0xff, 0xd2, 0x1f, 0xfc, 0x6f, 0xff, 0xe2, 0xc1,
    0xff, 0xc6, 0x6f, 0xfc, 0x87, 0xfa, 0xff, 0xfa,
    0xf, 0xfe, 0x27, 0xff, 0xf1, 0x60, 0xff, 0xe1,
    0xb7, 0xff, 0xd0, 0x7f, 0xbf, 0xff, 0x87, 0x7,
    0xff, 0x6, 0xff, 0xfe, 0x24, 0x1f, 0xfc, 0x1b,
    0xff, 0xf8, 0x61, 0xfd, 0x7f, 0xff, 0x19, 0xf,
    0xf5, 0xff, 0xfc, 0x48, 0x3f, 0xd7, 0xff, 0xf1,
    0xa0, 0xfd, 0xff, 0xfc, 0xa4, 0x3e, 0xbf, 0xff,
    0x88, 0x87, 0xcf, 0xff, 0xf2, 0x83, 0xe7, 0xff,
    0xf9, 0x92, 0x1a, 0xff, 0xfe, 0x22, 0x19, 0xbf,
    0xff, 0x98, 0x87, 0xaf, 0xff, 0xe7, 0xc9, 0x7f,
    0xff, 0x11, 0x1b, 0xff, 0xf9, 0xf0, 0x7b, 0xff,
    0xff, 0xff, 0xc1, 0xcf, 0xff, 0xff, 0xff, 0x90,
    0xdf, 0xff, 0xff, 0xff, 0x82, 0x7f, 0xff, 0xff,
    0xff, 0x20, 0xbf, 0xff, 0xff, 0xff, 0x40, 0xff,
    0xff, 0xff, 0xff, 0xf, 0xff, 0xff, 0xff, 0xf9,
    0x5f, 0xff, 0xff, 0xff, 0xe4, 0x26, 0xff, 0xff,
    0xff, 0x21, 0xfe, 0xbf, 0xff, 0xf4, 0x87, 0xff,
    0x15, 0xbf, 0xff, 0xe5, 0x21, 0xff, 0xcc, 0xbf,
    0xff, 0xd8, 0x87, 0xff, 0x4d, 0xbf, 0xff, 0xc9,
    0x21, 0xff, 0xd9, 0x6f, 0xff, 0xef, 0x21, 0xff,
    0xe1, 0x6f, 0xff, 0xeb, 0x48, 0x7f, 0xf9, 0xdb,
    0xff, 0xfa, 0x10, 0x7f, 0xfb, 0x7f, 0xff, 0xa0,
    0x1f, 0xfe, 0xdf, 0xff, 0xe8, 0xc1, 0xff, 0xeb,
    0xbf, 0xff, 0xa5, 0x7, 0xff, 0xa5, 0xff, 0xfe,
    0xa2, 0x1f, 0xfe, 0x8f, 0xff, 0xeb, 0x7, 0xff,
    0x9f, 0xff, 0xfb, 0x1, 0xff, 0xe5, 0xbf, 0xff,
    0xb1, 0x7, 0xff, 0x8d, 0xff, 0xfe, 0xd2, 0x1f,
    0xfe, 0x2f, 0xff, 0xee, 0x7, 0xff, 0x87, 0xff,
    0xfb, 0xc1, 0xff, 0xdf, 0xbf, 0xff, 0x90, 0xaf,
    0xff, 0xe4, 0x87, 0xff, 0x75, 0xff, 0xfe, 0x48,
    0x2f, 0xff, 0xe4, 0x41, 0xff, 0xdb, 0x7f, 0xff,
    0x92, 0x1b, 0xff, 0xf9, 0x28, 0x7f, 0xf6, 0xbf,
    0xff, 0x92, 0x86, 0x7f, 0xff, 0x92, 0x1f, 0xfd,
    0x9f, 0xff, 0xe5, 0x7, 0xaf, 0xff, 0xe4, 0x87,
    0xff, 0x5e, 0xff, 0xfe, 0x48, 0x7e, 0xff, 0xfe,
    0x4c, 0x1f, 0xfd, 0x57, 0xff, 0xf9, 0x30, 0x7e,
    0x7f, 0xff, 0x93, 0x7, 0xff, 0x53, 0xff, 0xf9,
    0x41, 0xfe, 0xbf, 0xff, 0x92, 0x87, 0xff, 0x4b,
    0xff, 0xf9, 0x48, 0x7f, 0xdf, 0xff, 0xca, 0xf,
    0xfe, 0x8d, 0xff, 0xfc, 0x98, 0x3f, 0xf8, 0xf,
    0xff, 0xf2, 0x83, 0xff, 0x9e, 0xff, 0xff, 0x28,
    0x3f, 0xf8, 0x57, 0xff, 0xf2, 0x60, 0xff, 0xe7,
    0x7f, 0xff, 0x29, 0xf, 0xfe, 0x1f, 0xff, 0xf2,
    0x90, 0xff, 0xe6, 0x7f, 0xff, 0x2a, 0xf, 0xfe,
    0x2f, 0xff, 0xf2, 0x83, 0xff, 0x97, 0x7f, 0xff,
    0x28, 0x3f, 0xf8, 0xd7, 0xff, 0xf2, 0x83, 0xff,
    0x94, 0xff, 0xff, 0x25, 0xf, 0xfe, 0x3f, 0xff,
    0xf2, 0x60, 0xff, 0xe6, 0x7f, 0xff, 0x20, 0x3f,
    0xf9, 0x3f, 0xff, 0xc7, 0x43, 0xff, 0x9d, 0x7f,
    0xff, 0x14, 0x3f, 0xf9, 0x57, 0xff, 0xf1, 0x43,
    0xff, 0xa2, 0xff, 0xff, 0xd, 0xf, 0xfe, 0x5f,
    0xff, 0xf0, 0xe0, 0xff, 0xea, 0x7f, 0xff, 0x8,
    0x3f, 0xf9, 0xbf, 0xff, 0xc1, 0x43, 0xff, 0xad,
    0x7f, 0xfc, 0x1f, 0xfc, 0xe7, 0xff, 0xe0, 0xff,
    0xec, 0xbf, 0xfd, 0x7, 0xff, 0x3f, 0xff, 0xa0,
    0xff, 0xee, 0x7f, 0xe0, 0xff, 0xe8, 0xff, 0xc8,
    0x7f, 0xf7, 0xaf, 0xe4, 0x3f, 0xfa, 0x2f, 0xf0,
    0x7f, 0xf8, 0x5f, 0xa0, 0xff, 0xe9, 0xde, 0x83,
    0xff, 0xc9, 0x61, 0xff, 0xd5, 0xd0, 0xff, 0xff,
    0x87, 0xff, 0x5c,

    /* U+002B "+" */
    0xf, 0xfe, 0xfb, 0x5f, 0xfc, 0x74, 0x3f, 0xff,
    0xe1, 0xff, 0x7f, 0xff, 0x24, 0x3f, 0xff, 0xe1,
    0xff, 0x7f, 0xff, 0x24, 0x3f, 0xff, 0xe1, 0xff,
    0x7f, 0xff, 0x24, 0x3f, 0xff, 0xe1, 0xff, 0x7f,
    0xff, 0x24, 0x3f, 0xff, 0xe1, 0xff, 0x7f, 0xff,
    0x24, 0x3f, 0xff, 0xe1, 0xff, 0x7f, 0xff, 0x24,
    0x3f, 0xff, 0xe1, 0xff, 0x7f, 0xff, 0x24, 0x3f,
    0xff, 0xe1, 0xff, 0x7f, 0xff, 0x24, 0x3f, 0xff,
    0xe1, 0xff, 0x7f, 0xff, 0x24, 0x3f, 0xff, 0xe1,
    0xff, 0x7f, 0xff, 0x24, 0x3f, 0xff, 0xe1, 0xff,
    0x7f, 0xff, 0x24, 0x3f, 0xff, 0xe1, 0xff, 0x7f,
    0xff, 0x24, 0x3f, 0xff, 0xe1, 0xff, 0x7f, 0xff,
    0x24, 0x3f, 0xff, 0xe1, 0xff, 0x7f, 0xff, 0x24,
    0x3f, 0xff, 0xe1, 0xff, 0x7f, 0xff, 0x24, 0x3f,
    0xff, 0xe1, 0xff, 0x7f, 0xff, 0x24, 0x3f, 0xff,
    0xe1, 0xff, 0x7f, 0xff, 0x24, 0x3f, 0xff, 0xe1,
    0xff, 0x7f, 0xff, 0x24, 0x3f, 0xff, 0xe1, 0xff,
    0x7f, 0xff, 0x24, 0x3f, 0xff, 0xe1, 0xff, 0x7f,
    0xff, 0x24, 0x3f, 0xff, 0xe1, 0xff, 0x7f, 0xff,
    0x24, 0x3f, 0xff, 0xe1, 0xff, 0x7f, 0xff, 0x24,
    0x3f, 0xff, 0xe1, 0xff, 0x7f, 0xff, 0x24, 0x3f,
    0xff, 0xe1, 0xff, 0x7f, 0xff, 0x24, 0x3f, 0xff,
    0xe1, 0xff, 0x7f, 0xff, 0x24, 0x3f, 0xff, 0xe1,
    0xff, 0x7f, 0xff, 0x24, 0x3f, 0xff, 0xe1, 0xff,
    0x7f, 0xff, 0x24, 0x3f, 0xff, 0xe1, 0xff, 0x7f,
    0xff, 0x24, 0x3f, 0xff, 0xe1, 0xff, 0x7f, 0xff,
    0x24, 0x3f, 0xff, 0xe1, 0xff, 0x7f, 0xff, 0x24,
    0x3f, 0xff, 0xe1, 0xff, 0x7f, 0xff, 0x24, 0x3f,
    0xff, 0xe1, 0xff, 0x7f, 0xff, 0x24, 0x3f, 0xff,
    0xe1, 0xff, 0x7f, 0xff, 0x24, 0x3f, 0xff, 0xe1,
    0xff, 0x7f, 0xff, 0x24, 0x3f, 0xff, 0xe1, 0xff,
    0x7f, 0xff, 0x24, 0x3f, 0xff, 0xe1, 0xff, 0x7f,
    0xff, 0x24, 0x3f, 0xff, 0xe1, 0xff, 0x7f, 0xff,
    0x24, 0x3f, 0xff, 0xe1, 0xff, 0x7f, 0xff, 0x24,
    0x3f, 0xff, 0xe1, 0xff, 0x7f, 0xff, 0x24, 0x3f,
    0xff, 0xe1, 0xff, 0x7f, 0xff, 0x24, 0x3f, 0xff,
    0xe1, 0xff, 0x7f, 0xff, 0x24, 0x3f, 0xff, 0xe1,
    0xff, 0x7f, 0xff, 0x24, 0x3f, 0xfb, 0xed, 0x7f,
    0xf7, 0xbf, 0xff, 0x93, 0x5f, 0xfd, 0xe7, 0xff,
    0xff, 0xff, 0xff, 0xff, 0xff, 0xff, 0xff, 0xff,
    0xff, 0xff, 0xff, 0xff, 0xff, 0xff, 0xff, 0xff,
    0xff, 0xff, 0xff, 0xff, 0xff, 0xff, 0xff, 0xff,
    0xff, 0xff, 0xff, 0xff, 0xff, 0xff, 0xff, 0xff,
    0xff, 0xff, 0xff, 0xff, 0xff, 0xff, 0xff, 0xff,
    0xff, 0xff, 0xff, 0xff, 0xff, 0xff, 0xff, 0xff,
    0xff, 0xff, 0xff, 0xff, 0xff, 0xff, 0xff, 0xff,
    0xff, 0xff, 0xff, 0xff, 0xff, 0xff, 0xff, 0xff,
    0xff, 0xff, 0xff, 0xff, 0xff, 0xff, 0xff, 0xff,
    0xff, 0xff, 0xb8, 0x1f, 0xfd, 0xff, 0xff, 0xe4,
    0x87, 0xff, 0xfc, 0x3f, 0xef, 0xff, 0xe4, 0x87,
    0xff, 0xfc, 0x3f, 0xef, 0xff, 0xe4, 0x87, 0xff,
    0xfc, 0x3f, 0xef, 0xff, 0xe4, 0x87, 0xff, 0xfc,
    0x3f, 0xef, 0xff, 0xe4, 0x87, 0xff, 0xfc, 0x3f,
    0xef, 0xff, 0xe4, 0x87, 0xff, 0xfc, 0x3f, 0xef,
    0xff, 0xe4, 0x87, 0xff, 0xfc, 0x3f, 0xef, 0xff,
    0xe4, 0x87, 0xff, 0xfc, 0x3f, 0xef, 0xff, 0xe4,
    0x87, 0xff, 0xfc, 0x3f, 0xef, 0xff, 0xe4, 0x87,
    0xff, 0xfc, 0x3f, 0xef, 0xff, 0xe4, 0x87, 0xff,
    0xfc, 0x3f, 0xef, 0xff, 0xe4, 0x87, 0xff, 0xfc,
    0x3f, 0xef, 0xff, 0xe4, 0x87, 0xff, 0xfc, 0x3f,
    0xef, 0xff, 0xe4, 0x87, 0xff, 0xfc, 0x3f, 0xef,
    0xff, 0xe4, 0x87, 0xff, 0xfc, 0x3f, 0xef, 0xff,
    0xe4, 0x87, 0xff, 0xfc, 0x3f, 0xef, 0xff, 0xe4,
    0x87, 0xff, 0xfc, 0x3f, 0xef, 0xff, 0xe4, 0x87,
    0xff, 0xfc, 0x3f, 0xef, 0xff, 0xe4, 0x87, 0xff,
    0xfc, 0x3f, 0xef, 0xff, 0xe4, 0x87, 0xff, 0xfc,
    0x3f, 0xef, 0xff, 0xe4, 0x87, 0xff, 0xfc, 0x3f,
    0xef, 0xff, 0xe4, 0x87, 0xff, 0xfc, 0x3f, 0xef,
    0xff, 0xe4, 0x87, 0xff, 0xfc, 0x3f, 0xef, 0xff,
    0xe4, 0x87, 0xff, 0xfc, 0x3f, 0xef, 0xff, 0xe4,
    0x87, 0xff, 0xfc, 0x3f, 0xef, 0xff, 0xe4, 0x87,
    0xff, 0xfc, 0x3f, 0xef, 0xff, 0xe4, 0x87, 0xff,
    0xfc, 0x3f, 0xef, 0xff, 0xe4, 0x87, 0xff, 0xfc,
    0x3f, 0xef, 0xff, 0xe4, 0x87, 0xff, 0xfc, 0x3f,
    0xef, 0xff, 0xe4, 0x87, 0xff, 0xfc, 0x3f, 0xef,
    0xff, 0xe4, 0x87, 0xff, 0xfc, 0x3f, 0xef, 0xff,
    0xe4, 0x87, 0xff, 0xfc, 0x3f, 0xef, 0xff, 0xe4,
    0x87, 0xff, 0xfc, 0x3f, 0xef, 0xff, 0xe4, 0x87,
    0xff, 0xfc, 0x3f, 0xef, 0xff, 0xe4, 0x87, 0xff,
    0xfc, 0x3f, 0xef, 0xff, 0xe4, 0x87, 0xff, 0xfc,
    0x3f, 0xef, 0xff, 0xe4, 0x87, 0xff, 0xfc, 0x3f,
    0xef, 0xff, 0xe4, 0x87, 0xff, 0xfc, 0x3f, 0xef,
    0xff, 0xe4, 0x87, 0xff, 0xfc, 0x3f, 0xef, 0xff,
    0xe4, 0x87, 0xff, 0xfc, 0x3f, 0xef, 0xff, 0xe4,
    0x87, 0xff, 0xfc, 0x3f, 0xef, 0xff, 0xe4, 0x87,
    0xff, 0xfc, 0x3f, 0xef, 0xff, 0xe4, 0x87, 0xff,
    0xfc, 0x3f, 0xef, 0xff, 0xe4, 0x87, 0xff, 0x7c,

    /* U+002C "," */
    0xf, 0xfe, 0x12, 0xe0, 0xff, 0xe6, 0x5f, 0xfe,
    0x43, 0xff, 0x8d, 0x7f, 0xff, 0xa, 0xf, 0xfe,
    0x13, 0xff, 0xfc, 0x60, 0xff, 0xe0, 0x3f, 0xff,
    0xc8, 0x43, 0xf9, 0xff, 0xfe, 0x50, 0x7e, 0x7f,
    0xff, 0x98, 0x1f, 0x7f, 0xff, 0x36, 0xe, 0x7f,
    0xff, 0x9c, 0x1d, 0xff, 0xfc, 0xf8, 0x27, 0xff,
    0xfa, 0x1, 0x5f, 0xff, 0xd0, 0x41, 0xff, 0xfd,
    0x20, 0x7f, 0xff, 0x48, 0x1f, 0xff, 0xd2, 0x7,
    0xff, 0xf4, 0x93, 0xff, 0xfa, 0x49, 0xff, 0xfd,
    0x28, 0xff, 0xfe, 0x94, 0x7f, 0xff, 0x4a, 0x2f,
    0xff, 0xe8, 0xc0, 0xff, 0xfe, 0x8c, 0xf, 0xff,
    0xe8, 0xc0, 0x7f, 0xff, 0xa0, 0x85, 0x7f, 0xff,
    0x3d, 0xd, 0xff, 0xfc, 0xf4, 0x3b, 0xff, 0xf9,
    0xc1, 0xf7, 0xff, 0xf3, 0x43, 0xf5, 0xff, 0xfc,
    0xb0, 0xff, 0x5f, 0xff, 0xc8, 0x83, 0xff, 0x80,
    0xdf, 0xff, 0xc5, 0x43, 0xff, 0x8b, 0x7f, 0xff,
    0x4, 0x3f, 0xf8, 0xdf, 0xff, 0xc2, 0xf, 0xfe,
    0x37, 0xff, 0xf0, 0x60, 0xff, 0xe2, 0xbf, 0xff,
    0xc1, 0x43, 0xff, 0x8b, 0xff, 0xfc, 0x20, 0xff,
    0xe3, 0x7f, 0xff, 0x6, 0xf, 0xfe, 0x2d, 0xff,
    0xfc, 0x14, 0x3f, 0xf8, 0xbf, 0xff, 0xc2, 0xf,
    0xfe, 0x2f, 0xff, 0xf0, 0x90, 0xff, 0xe2, 0x3f,
    0xff, 0xc2, 0xf, 0xfe, 0x2f, 0xff, 0xf0, 0x90,
    0xff, 0xe2, 0x7f, 0xff, 0xc, 0x3f, 0xf8, 0x9f,
    0xff, 0xc3, 0x43, 0xff, 0x87, 0xff, 0xfc, 0x40,
    0xff, 0xe1, 0xff, 0xff, 0x10, 0x3f, 0xf8, 0x7f,
    0xff, 0xc4, 0x43, 0xff, 0x82, 0xff, 0xff, 0x12,
    0xf, 0xfe, 0xd, 0xff, 0xfc, 0x50, 0xff, 0xe0,
    0x3f, 0xff, 0xc6, 0xf, 0xfe, 0xf, 0xff, 0xf1,
    0x83, 0xff, 0x87, 0xff, 0xfc, 0x44, 0x3f, 0xf8,
    0x9f, 0xff, 0xc2, 0xf, 0xfe, 0x33, 0xff, 0xfc,
    0x0, 0xff, 0xe4, 0x3f, 0xfd, 0x7, 0xff, 0x29,
    0xff, 0x90, 0xff, 0xe6, 0x3f, 0xc1, 0xff, 0xcf,
    0x7c, 0x87, 0xff, 0x45, 0xf, 0xfe, 0x50,

    /* U+002D "-" */
    0xf, 0xff, 0xf8, 0xff, 0xff, 0xfd, 0xff, 0xff,
    0xfb, 0xff, 0xff, 0xf7, 0xff, 0xff, 0xef, 0xff,
    0xff, 0xdf, 0xff, 0xff, 0xbf, 0xff, 0xff, 0x7f,
    0xff, 0xfe, 0xff, 0xff, 0xfd, 0xff, 0xff, 0xfb,
    0xff, 0xff, 0xf7, 0xff, 0xff, 0xef, 0xff, 0xff,
    0xdf, 0xff, 0xff, 0xbf, 0xff, 0xff, 0x7f, 0xff,
    0xfe, 0xff, 0xff, 0xfd, 0xff, 0xff, 0xfb, 0xff,
    0xff, 0xf7, 0xff, 0xff, 0xe0,

    /* U+002E "." */
    0xf, 0xfe, 0xa, 0xaa, 0x50, 0x7f, 0xf2, 0xdf,
    0xff, 0xa0, 0xff, 0xe3, 0x3f, 0xff, 0xc3, 0x83,
    0xff, 0x87, 0x7f, 0xff, 0x19, 0xf, 0xfe, 0x7,
    0xff, 0xf2, 0x50, 0xff, 0x7f, 0xff, 0x2d, 0xf,
    0xdf, 0xff, 0xcd, 0x43, 0xd7, 0xff, 0xf3, 0x83,
    0xdf, 0xff, 0xcf, 0x83, 0x5f, 0xff, 0xd0, 0xd,
    0xff, 0xfd, 0x18, 0x17, 0xff, 0xf4, 0x81, 0xff,
    0xfd, 0x30, 0x7f, 0xff, 0x4d, 0x3f, 0xff, 0xa6,
    0x9f, 0xff, 0xd3, 0x8f, 0xff, 0xe9, 0xc7, 0xff,
    0xf4, 0xe3, 0xff, 0xfa, 0x69, 0xff, 0xfd, 0x34,
    0xbf, 0xff, 0xa4, 0x7, 0xff, 0xfa, 0x30, 0x5f,
    0xff, 0xd1, 0x42, 0x7f, 0xff, 0xa0, 0x1d, 0xff,
    0xfc, 0xf0, 0xfb, 0xff, 0xf9, 0xa8, 0x7c, 0xff,
    0xff, 0x2e, 0xf, 0xe7, 0xff, 0xf9, 0x30, 0x7f,
    0xcf, 0xff, 0xf1, 0xe0, 0xff, 0xe1, 0x5f, 0xff,
    0xc4, 0x43, 0xff, 0x88, 0xff, 0xff, 0x5, 0xf,
    0xfe, 0x4b, 0x7f, 0x50, 0x3f, 0xf8, 0x0,

    /* U+002F "/" */
    0xf, 0xff, 0x5f, 0xff, 0xf2, 0xd0, 0xff, 0xf5,
    0x3f, 0xff, 0xcb, 0xf, 0xff, 0x5d, 0xff, 0xfc,
    0xa8, 0x3f, 0xfd, 0x7f, 0xff, 0xcb, 0x43, 0xff,
    0xd4, 0xff, 0xff, 0x2c, 0x3f, 0xfd, 0x7f, 0xff,
    0xcb, 0x83, 0xff, 0xd7, 0xff, 0xfc, 0xb0, 0xff,
    0xf5, 0xdf, 0xff, 0xcb, 0xf, 0xff, 0x5f, 0xff,
    0xf2, 0xd0, 0xff, 0xf5, 0x3f, 0xff, 0xcb, 0xf,
    0xff, 0x5d, 0xff, 0xfc, 0xa8, 0x3f, 0xfd, 0x7f,
    0xff, 0xcb, 0x43, 0xff, 0xd4, 0xff, 0xff, 0x2c,
    0x3f, 0xfd, 0x7f, 0xff, 0xcb, 0x83, 0xff, 0xd7,
    0xff, 0xfc, 0xb0, 0xff, 0xf5, 0xdf, 0xff, 0xcb,
    0xf, 0xff, 0x5f, 0xff, 0xf2, 0xd0, 0xff, 0xf5,
    0x3f, 0xff, 0xcb, 0xf, 0xff, 0x5d, 0xff, 0xfc,
    0xa8, 0x3f, 0xfd, 0x7f, 0xff, 0xcb, 0x43, 0xff,
    0xd4, 0xff, 0xff, 0x2c, 0x3f, 0xfd, 0x7f, 0xff,
    0xcb, 0x83, 0xff, 0xd7, 0xff, 0xfc, 0xb0, 0xff,
    0xf5, 0xdf, 0xff, 0xcb, 0xf, 0xff, 0x5f, 0xff,
    0xf2, 0xd0, 0xff, 0xf5, 0x3f, 0xff, 0xcb, 0xf,
    0xff, 0x5f, 0xff, 0xf2, 0xe0, 0xff, 0xf5, 0xff,
    0xff, 0x2d, 0xf, 0xff, 0x55, 0xff, 0xfc, 0xb0,
    0xff, 0xf5, 0xff, 0xff, 0x2e, 0xf, 0xff, 0x53,
    0xff, 0xfc, 0xb0, 0xff, 0xf5, 0xdf, 0xff, 0xcb,
    0xf, 0xff, 0x5f, 0xff, 0xf2, 0xd0, 0xff, 0xf5,
    0x3f, 0xff, 0xcb, 0xf, 0xff, 0x5f, 0xff, 0xf2,
    0xe0, 0xff, 0xf5, 0xff, 0xff, 0x2d, 0xf, 0xff,
    0x55, 0xff, 0xfc, 0xb0, 0xff, 0xf5, 0xff, 0xff,
    0x2e, 0xf, 0xff, 0x53, 0xff, 0xfc, 0xb0, 0xff,
    0xf5, 0xdf, 0xff, 0xcb, 0xf, 0xff, 0x5f, 0xff,
    0xf2, 0xd0, 0xff, 0xf5, 0x3f, 0xff, 0xcb, 0xf,
    0xff, 0x5f, 0xff, 0xf2, 0xe0, 0xff, 0xf5, 0xff,
    0xff, 0x2d, 0xf, 0xff, 0x55, 0xff, 0xfc, 0xb0,
    0xff, 0xf5, 0xff, 0xff, 0x2e, 0xf, 0xff, 0x53,
    0xff, 0xfc, 0xb0, 0xff, 0xf5, 0xdf, 0xff, 0xcb,
    0xf, 0xff, 0x5f, 0xff, 0xf2, 0xd0, 0xff, 0xf5,
    0x3f, 0xff, 0xcb, 0xf, 0xff, 0x5f, 0xff, 0xf2,
    0xe0, 0xff, 0xf5, 0xff, 0xff, 0x2d, 0xf, 0xff,
    0x55, 0xff, 0xfc, 0xb0, 0xff, 0xf5, 0xff, 0xff,
    0x2e, 0xf, 0xff, 0x53, 0xff, 0xfc, 0xb0, 0xff,
    0xf5, 0xdf, 0xff, 0xcb, 0xf, 0xff, 0x5f, 0xff,
    0xf2, 0xd0, 0xff, 0xf5, 0x3f, 0xff, 0xcb, 0xf,
    0xff, 0x5f, 0xff, 0xf2, 0xe0, 0xff, 0xf5, 0xff,
    0xff, 0x2d, 0xf, 0xff, 0x55, 0xff, 0xfc, 0xb0,
    0xff, 0xf5, 0xff, 0xff, 0x2e, 0xf, 0xff, 0x53,
    0xff, 0xfc, 0xb0, 0xff, 0xf5, 0xdf, 0xff, 0xcb,
    0xf, 0xff, 0x5f, 0xff, 0xf2, 0xd0, 0xff, 0xf5,
    0x3f, 0xff, 0xcb, 0xf, 0xff, 0x5f, 0xff, 0xf2,
    0xe0, 0xff, 0xf5, 0xff, 0xff, 0x2d, 0xf, 0xff,
    0x55, 0xff, 0xfc, 0xb0, 0xff, 0xf5, 0xff, 0xff,
    0x2e, 0xf, 0xff, 0x53, 0xff, 0xfc, 0xb0, 0xff,
    0xf5, 0xdf, 0xff, 0xcb, 0xf, 0xff, 0x5f, 0xff,
    0xf2, 0xd0, 0xff, 0xf5, 0x3f, 0xff, 0xcb, 0xf,
    0xff, 0x5f, 0xff, 0xf2, 0xe0, 0xff, 0xf5, 0xff,
    0xff, 0x2c, 0x3f, 0xfd, 0x77, 0xff, 0xf2, 0xc3,
    0xff, 0xd7, 0xff, 0xfc, 0xb4, 0x3f, 0xfd, 0x4f,
    0xff, 0xf2, 0xc3, 0xff, 0xd7, 0x7f, 0xff, 0x2a,
    0xf, 0xff, 0x5f, 0xff, 0xf2, 0xd0, 0xff, 0xf5,
    0x3f, 0xff, 0xcb, 0xf, 0xff, 0x5f, 0xff, 0xf2,
    0xe0, 0xff, 0xf5, 0xff, 0xff, 0x2c, 0x3f, 0xfd,
    0x77, 0xff, 0xf2, 0xc3, 0xff, 0xd7, 0xff, 0xfc,
    0xb4, 0x3f, 0xfd, 0x4f, 0xff, 0xf2, 0xc3, 0xff,
    0xd7, 0x7f, 0xff, 0x2a, 0xf, 0xff, 0x5f, 0xff,
    0xf2, 0xd0, 0xff, 0xf5, 0x3f, 0xff, 0xcb, 0xf,
    0xff, 0x5f, 0xff, 0xf2, 0xe0, 0xff, 0xf5, 0xff,
    0xff, 0x2c, 0x3f, 0xfd, 0x77, 0xff, 0xf2, 0xc3,
    0xff, 0xd7, 0xff, 0xfc, 0xb4, 0x3f, 0xfd, 0x4f,
    0xff, 0xf2, 0xc3, 0xff, 0xd7, 0x7f, 0xff, 0x2a,
    0xf, 0xff, 0x5f, 0xff, 0xf2, 0xd0, 0xff, 0xf5,
    0x3f, 0xff, 0xcb, 0xf, 0xff, 0x5f, 0xff, 0xf2,
    0xe0, 0xff, 0xf5, 0xff, 0xff, 0x2c, 0x3f, 0xfd,
    0x77, 0xff, 0xf2, 0xc3, 0xff, 0xd7, 0xff, 0xfc,
    0xb4, 0x3f, 0xfd, 0x4f, 0xff, 0xf2, 0xc3, 0xff,
    0xd7, 0x7f, 0xff, 0x2a, 0xf, 0xff, 0x5f, 0xff,
    0xf2, 0xd0, 0xff, 0xf5, 0x3f, 0xff, 0xcb, 0xf,
    0xff, 0x5f, 0xff, 0xf2, 0xe0, 0xff, 0xf5, 0xff,
    0xff, 0x2c, 0x3f, 0xfd, 0x77, 0xff, 0xf2, 0xc3,
    0xff, 0xd7, 0xff, 0xfc, 0xb4, 0x3f, 0xfd, 0x4f,
    0xff, 0xf2, 0xc3, 0xff, 0xd7, 0x7f, 0xff, 0x2a,
    0xf, 0xff, 0x5f, 0xff, 0xf2, 0xd0, 0xff, 0xf5,
    0x3f, 0xff, 0xcb, 0xf, 0xff, 0x5f, 0xff, 0xf2,
    0xe0, 0xff, 0xf5, 0xff, 0xff, 0x2c, 0x3f, 0xfd,
    0x77, 0xff, 0xf2, 0xc3, 0xff, 0xd7, 0xff, 0xfc,
    0xb4, 0x3f, 0xfd, 0x4f, 0xff, 0xf2, 0xc3, 0xff,
    0xd7, 0x7f, 0xff, 0x2a, 0xf, 0xff, 0x5f, 0xff,
    0xf2, 0xd0, 0xff, 0xf5, 0x3f, 0xff, 0xcb, 0xf,
    0xff, 0x5f, 0xff, 0xf2, 0xe0, 0xff, 0xf5, 0xff,
    0xff, 0x2c, 0x3f, 0xfd, 0x77, 0xff, 0xf2, 0xc3,
    0xff, 0xd7, 0xff, 0xfc, 0xb4, 0x3f, 0xfd, 0x4f,
    0xff, 0xf2, 0xc3, 0xff, 0xd7, 0x7f, 0xff, 0x2a,
    0xf, 0xff, 0x5f, 0xff, 0xf2, 0xd0, 0xff, 0xf5,
    0x3f, 0xff, 0xcb, 0xf, 0xff, 0x5f, 0xff, 0xf2,
    0xe0, 0xff, 0xf5, 0xff, 0xff, 0x2c, 0x3f, 0xfd,
    0x77, 0xff, 0xf2, 0xc3, 0xff, 0xd7, 0xff, 0xfc,
    0xb4, 0x3f, 0xfd, 0x4f, 0xff, 0xf2, 0xc3, 0xff,
    0xd7, 0x7f, 0xff, 0x2a, 0xf, 0xff, 0x5f, 0xff,
    0xf2, 0xd0, 0xff, 0xf5, 0x3f, 0xff, 0xcb, 0xf,
    0xff, 0x5f, 0xff, 0xf2, 0xe0, 0xff, 0xf5, 0xff,
    0xff, 0x2c, 0x3f, 0xfd, 0x77, 0xff, 0xf2, 0xc3,
    0xff, 0xd7, 0xff, 0xfc, 0xb4, 0x3f, 0xfd, 0x4f,
    0xff, 0xf2, 0xc3, 0xff, 0xd7, 0x7f, 0xff, 0x2a,
    0xf, 0xff, 0x5f, 0xff, 0xf2, 0xd0, 0xff, 0xf5,
    0x3f, 0xff, 0xcb, 0xf, 0xff, 0x5f, 0xff, 0xf2,
    0xe0, 0xff, 0xf5, 0x80,

    /* U+0030 "0" */
    0xf, 0xfe, 0xf2, 0xab, 0x7d, 0x59, 0x41, 0xff,
    0xff, 0x3, 0x4f, 0xff, 0xe4, 0xc8, 0x7f, 0xfe,
    0x5b, 0xff, 0xfa, 0x30, 0x7f, 0xfc, 0xdb, 0xff,
    0xfa, 0xe8, 0x7f, 0xfb, 0xaf, 0xff, 0xee, 0x41,
    0xff, 0xea, 0xbf, 0xff, 0xc1, 0x7, 0xff, 0x99,
    0xff, 0xff, 0x24, 0x1f, 0xfe, 0x27, 0xff, 0xfd,
    0x8, 0x7f, 0xf7, 0xef, 0xff, 0xf5, 0x87, 0xff,
    0x77, 0xff, 0xfd, 0xc8, 0x7f, 0xf6, 0x5f, 0xff,
    0xf8, 0x41, 0xff, 0xd7, 0xbf, 0xff, 0xe6, 0x1f,
    0xfd, 0x5b, 0xff, 0xfe, 0xa1, 0xff, 0xd3, 0xbf,
    0xff, 0xee, 0x1f, 0xfd, 0x1b, 0xff, 0xff, 0x21,
    0xff, 0xcf, 0xbf, 0xff, 0xf6, 0x1f, 0xfc, 0xdb,
    0xff, 0xff, 0xa1, 0xff, 0xcb, 0x7f, 0xff, 0xfd,
    0x7, 0xff, 0x2b, 0xff, 0xff, 0xfc, 0x1f, 0xfc,
    0x8f, 0xff, 0xff, 0xfc, 0x87, 0xff, 0x1a, 0xff,
    0xff, 0xff, 0xe0, 0xff, 0xe3, 0x7f, 0xff, 0xff,
    0xfa, 0xf, 0xfe, 0x27, 0xff, 0xff, 0xff, 0xe4,
    0x3f, 0xf8, 0x4f, 0xff, 0xf5, 0xe5, 0x7, 0xcd,
    0xff, 0xfd, 0x80, 0xff, 0xe1, 0x7f, 0xff, 0x55,
    0xf, 0xfe, 0x23, 0xff, 0xfd, 0x54, 0x3f, 0xf8,
    0x17, 0xff, 0xf4, 0xd0, 0xff, 0xe4, 0xff, 0xff,
    0x50, 0x3f, 0xf8, 0x1f, 0xff, 0xd2, 0x83, 0xff,
    0x98, 0xff, 0xff, 0x4a, 0xf, 0xf3, 0xff, 0xfd,
    0x14, 0x3f, 0xf9, 0xff, 0xff, 0xd2, 0xf, 0xf7,
    0xff, 0xf4, 0x43, 0xff, 0xa5, 0xff, 0xfd, 0x14,
    0x3f, 0x3f, 0xff, 0xd0, 0xf, 0xfe, 0xa7, 0xff,
    0xf4, 0x43, 0xf5, 0xff, 0xfc, 0xf4, 0x3f, 0xfa,
    0xbf, 0xff, 0xd0, 0xf, 0xdf, 0xff, 0xcf, 0x83,
    0xff, 0xac, 0xff, 0xff, 0x3e, 0xf, 0x3f, 0xff,
    0xcf, 0xf, 0xfe, 0xc5, 0xff, 0xfc, 0xf0, 0xf5,
    0xff, 0xfc, 0xe4, 0x3f, 0xfb, 0x3f, 0xff, 0xcf,
    0x43, 0xbf, 0xff, 0x9e, 0x1f, 0xfd, 0xa7, 0xff,
    0xf9, 0xd0, 0x67, 0xff, 0xf9, 0xc8, 0x7f, 0xf6,
    0xff, 0xff, 0x9e, 0x1a, 0xff, 0xfe, 0x70, 0x7f,
    0xf7, 0x2f, 0xff, 0xe7, 0x6, 0xff, 0xfe, 0x74,
    0x1f, 0xfd, 0xdf, 0xff, 0xe7, 0x21, 0x7f, 0xff,
    0x38, 0x3f, 0xfb, 0xdf, 0xff, 0xce, 0x82, 0xff,
    0xfe, 0x70, 0x7f, 0xf7, 0x9f, 0xff, 0xe6, 0xc0,
    0x7f, 0xff, 0x9b, 0x7, 0xff, 0x7f, 0xff, 0xf9,
    0xc0, 0x7f, 0xff, 0x9a, 0x87, 0xff, 0x7f, 0xff,
    0xf9, 0xc0, 0xbf, 0xff, 0x9a, 0x1f, 0xfe, 0xb,
    0xff, 0xf9, 0xa0, 0xbf, 0xff, 0x9a, 0x1f, 0xfe,
    0x7, 0xff, 0xf9, 0xa9, 0xff, 0xfc, 0xd8, 0x3f,
    0xfc, 0xf, 0xff, 0xf3, 0x53, 0xff, 0xf9, 0xb0,
    0x7f, 0xf8, 0x7f, 0xff, 0x9a, 0x9f, 0xff, 0xcd,
    0x43, 0xff, 0xc3, 0xff, 0xfc, 0xd8, 0xff, 0xfe,
    0x6a, 0x1f, 0xfe, 0x1f, 0xff, 0xe6, 0xc7, 0xff,
    0xf3, 0x43, 0xff, 0xc5, 0x7f, 0xff, 0x32, 0x3f,
    0xff, 0x9a, 0x1f, 0xfe, 0x2b, 0xff, 0xf9, 0x91,
    0xff, 0xfc, 0xd0, 0xff, 0xf1, 0x5f, 0xff, 0xcc,
    0x8f, 0xff, 0xe6, 0x87, 0xff, 0x89, 0xff, 0xfe,
    0x64, 0x7f, 0xff, 0x34, 0x3f, 0xfc, 0x4f, 0xff,
    0xf3, 0x23, 0xff, 0xf9, 0xa1, 0xff, 0xe2, 0x7f,
    0xff, 0x9a, 0x7f, 0xff, 0x34, 0x3f, 0xfc, 0x4f,
    0xff, 0xf3, 0x4f, 0xff, 0xe6, 0x87, 0xff, 0x89,
    0xff, 0xfe, 0x69, 0xff, 0xfc, 0xd0, 0xff, 0xf1,
    0xff, 0xff, 0x34, 0xff, 0xfe, 0x68, 0x7f, 0xf8,
    0xff, 0xff, 0x9a, 0x7f, 0xff, 0x34, 0x3f, 0xfc,
    0x7f, 0xff, 0xcd, 0x3f, 0xff, 0x9a, 0x1f, 0xfe,
    0x3f, 0xff, 0xe6, 0x9f, 0xff, 0xcd, 0xf, 0xff,
    0x1f, 0xff, 0xf3, 0x5f, 0xff, 0xe6, 0x87, 0xff,
    0x8f, 0xff, 0xf9, 0xaf, 0xff, 0xf3, 0x43, 0xff,
    0xc7, 0xff, 0xfc, 0xd7, 0xff, 0xf9, 0x90, 0x7f,
    0xf8, 0xff, 0xff, 0x9a, 0xff, 0xff, 0x32, 0xf,
    0xff, 0x1f, 0xff, 0xf3, 0x5f, 0xff, 0xe6, 0x41,
    0xff, 0xe3, 0xff, 0xfe, 0x6b, 0xff, 0xfc, 0xc8,
    0x3f, 0xfc, 0x7f, 0xff, 0xcd, 0x7f, 0xff, 0x99,
    0x7, 0xff, 0x8f, 0xff, 0xf9, 0xaf, 0xff, 0xf3,
    0x20, 0xff, 0xf1, 0xff, 0xff, 0x35, 0xff, 0xfe,
    0x64, 0x1f, 0xfe, 0x3f, 0xff, 0xe6, 0xbf, 0xff,
    0xcc, 0x83, 0xff, 0xc7, 0xff, 0xfc, 0xd7, 0xff,
    0xf9, 0x90, 0x7f, 0xf8, 0xff, 0xff, 0x9a, 0xff,
    0xff, 0x32, 0xf, 0xff, 0x1f, 0xff, 0xf3, 0x5f,
    0xff, 0xe6, 0x41, 0xff, 0xe3, 0xff, 0xfe, 0x6b,
    0xff, 0xfc, 0xc8, 0x3f, 0xfc, 0x7f, 0xff, 0xcd,
    0x7f, 0xff, 0x99, 0x7, 0xff, 0x8f, 0xff, 0xf9,
    0xaf, 0xff, 0xf3, 0x20, 0xff, 0xf1, 0xff, 0xff,
    0x35, 0xff, 0xfe, 0x64, 0x1f, 0xfe, 0x3f, 0xff,
    0xe6, 0xbf, 0xff, 0xcc, 0x83, 0xff, 0xc7, 0xff,
    0xfc, 0xd7, 0xff, 0xf9, 0x90, 0x7f, 0xf8, 0xff,
    0xff, 0x9a, 0xff, 0xff, 0x32, 0xf, 0xff, 0x1f,
    0xff, 0xf3, 0x5f, 0xff, 0xe6, 0x41, 0xff, 0xe3,
    0xff, 0xfe, 0x6b, 0xff, 0xfc, 0xc8, 0x3f, 0xfc,
    0x7f, 0xff, 0xcd, 0x7f, 0xff, 0x99, 0x7, 0xff,
    0x8f, 0xff, 0xf9, 0xaf, 0xff, 0xf3, 0x20, 0xff,
    0xf1, 0xff, 0xff, 0x35, 0xff, 0xfe, 0x64, 0x1f,
    0xfe, 0x3f, 0xff, 0xe6, 0xbf, 0xff, 0xcc, 0x83,
    0xff, 0xc7, 0xff, 0xfc, 0xd7, 0xff, 0xf9, 0x90,
    0x7f, 0xf8, 0xff, 0xff, 0x9a, 0xff, 0xff, 0x32,
    0xf, 0xff, 0x1f, 0xff, 0xf3, 0x5f, 0xff, 0xe6,
    0x41, 0xff, 0xe3, 0xff, 0xfe, 0x6b, 0xff, 0xfc,
    0xd0, 0xff, 0xf1, 0xff, 0xff, 0x35, 0xff, 0xfe,
    0x68, 0x7f, 0xf8, 0xff, 0xff, 0x9a, 0x7f, 0xff,
    0x34, 0x3f, 0xfc, 0x7f, 0xff, 0xcd, 0x3f, 0xff,
    0x9a, 0x1f, 0xfe, 0x3f, 0xff, 0xe6, 0x9f, 0xff,
    0xcd, 0xf, 0xff, 0x1f, 0xff, 0xf3, 0x4f, 0xff,
    0xe6, 0x87, 0xff, 0x8f, 0xff, 0xf9, 0xa7, 0xff,
    0xf3, 0x43, 0xff, 0xc7, 0xff, 0xfc, 0xd3, 0xff,
    0xf9, 0xa1, 0xff, 0xe2, 0x7f, 0xff, 0x9a, 0x7f,
    0xff, 0x34, 0x3f, 0xfc, 0x4f, 0xff, 0xf3, 0x4f,
    0xff, 0xe6, 0x87, 0xff, 0x89, 0xff, 0xfe, 0x69,
    0xff, 0xfc, 0xd0, 0xff, 0xf1, 0x3f, 0xff, 0xcd,
    0x3f, 0xff, 0x9a, 0x1f, 0xfe, 0x27, 0xff, 0xf9,
    0x91, 0xff, 0xfc, 0xd0, 0xff, 0xf1, 0x5f, 0xff,
    0xcc, 0x8f, 0xff, 0xe6, 0x87, 0xff, 0x8a, 0xff,
    0xfe, 0x64, 0x7f, 0xff, 0x34, 0x3f, 0xfc, 0x57,
    0xff, 0xf3, 0x23, 0xff, 0xf9, 0xa8, 0x7f, 0xf8,
    0x7f, 0xff, 0x9b, 0x1f, 0xff, 0xcd, 0x43, 0xff,
    0xc3, 0xff, 0xfc, 0xd8, 0xff, 0xfe, 0x6c, 0x1f,
    0xfe, 0x1f, 0xff, 0xe6, 0xa7, 0xff, 0xf3, 0x60,
    0xff, 0xf0, 0xff, 0xff, 0x35, 0x2f, 0xff, 0xe6,
    0x87, 0xff, 0x81, 0xff, 0xfe, 0x6a, 0x5f, 0xff,
    0xcd, 0xf, 0xff, 0x5, 0xff, 0xfc, 0xd0, 0x5f,
    0xff, 0xcd, 0x43, 0xff, 0xbf, 0xff, 0xfc, 0xe0,
    0x3f, 0xff, 0xcd, 0x83, 0xff, 0xbf, 0xff, 0xfc,
    0xe0, 0xbf, 0xff, 0x9c, 0x1f, 0xfd, 0xe7, 0xff,
    0xf9, 0xc1, 0x7f, 0xff, 0x38, 0x3f, 0xfb, 0xd7,
    0xff, 0xf3, 0x60, 0xbf, 0xff, 0x9c, 0x87, 0xff,
    0x77, 0xff, 0xf9, 0xc8, 0x57, 0xff, 0xf3, 0x83,
    0xff, 0xb8, 0xff, 0xff, 0x38, 0x33, 0xff, 0xfc,
    0xe0, 0xff, 0xee, 0x7f, 0xff, 0x3c, 0x3b, 0xff,
    0xf9, 0xd0, 0x7f, 0xf6, 0x9f, 0xff, 0xe7, 0x87,
    0x7f, 0xff, 0x3c, 0x3f, 0xfb, 0x5f, 0xff, 0xcf,
    0x43, 0xaf, 0xff, 0xe7, 0x87, 0xff, 0x61, 0xff,
    0xfe, 0x78, 0x7d, 0xff, 0xfc, 0xf4, 0x3f, 0xfa,
    0xff, 0xff, 0xd0, 0xf, 0xbf, 0xff, 0xa0, 0x1f,
    0xfd, 0x6b, 0xff, 0xf9, 0xe8, 0x7d, 0x7f, 0xff,
    0x40, 0x3f, 0xfa, 0x97, 0xff, 0xf4, 0x3, 0xfb,
    0xff, 0xfa, 0x21, 0xff, 0xd2, 0x7f, 0xff, 0xa1,
    0x7, 0xf5, 0xff, 0xfd, 0x10, 0xff, 0xe8, 0x3f,
    0xff, 0xd1, 0x43, 0xfd, 0xff, 0xfd, 0x20, 0xff,
    0xe7, 0x5f, 0xff, 0xd2, 0xf, 0xfb, 0xff, 0xfa,
    0x70, 0x7f, 0xf2, 0x9f, 0xff, 0xe9, 0xa1, 0xff,
    0xc0, 0xff, 0xfe, 0xa4, 0x1f, 0xfc, 0x67, 0xff,
    0xfa, 0xa1, 0xff, 0xc1, 0xbf, 0xff, 0xab, 0x21,
    0xff, 0xc0, 0x6f, 0xff, 0xeb, 0x7, 0xff, 0xf,
    0xff, 0xfb, 0x55, 0xef, 0xff, 0xed, 0x41, 0xff,
    0xc3, 0x7f, 0xff, 0xff, 0xfe, 0xf, 0xfe, 0x2f,
    0xff, 0xff, 0xff, 0x90, 0xff, 0xe3, 0x7f, 0xff,
    0xff, 0xe8, 0x3f, 0xf8, 0xef, 0xff, 0xff, 0xfc,
    0x1f, 0xfc, 0x9b, 0xff, 0xff, 0xe1, 0xff, 0xcb,
    0xff, 0xff, 0xf2, 0x1f, 0xfc, 0xcf, 0xff, 0xfe,
    0x21, 0xff, 0xce, 0xff, 0xff, 0xd4, 0x1f, 0xfd,
    0xf, 0xff, 0xfc, 0x41, 0xff, 0xd2, 0xff, 0xff,
    0xb4, 0x1f, 0xfd, 0x4f, 0xff, 0xfa, 0x21, 0xff,
    0xd6, 0xbf, 0xff, 0xe2, 0x87, 0xff, 0x62, 0xff,
    0xff, 0x78, 0x7f, 0xf6, 0xdf, 0xff, 0xf6, 0x21,
    0xff, 0xde, 0xbf, 0xff, 0xd2, 0x1f, 0xfe, 0x2f,
    0xff, 0xf3, 0x21, 0xff, 0xe4, 0x7f, 0xff, 0xc4,
    0x87, 0xff, 0xa1, 0xff, 0xfe, 0xf2, 0x1f, 0xfe,
    0xdb, 0xff, 0xfb, 0x28, 0x7f, 0xfc, 0x5b, 0xff,
    0xfa, 0x68, 0x7f, 0xfd, 0xda, 0x7f, 0xff, 0x2e,
    0x43, 0xff, 0xfe, 0xaa, 0x7f, 0xfa, 0xa4, 0x3f,
    0xfb, 0x80,

    /* U+0031 "1" */
    0xf, 0xfe, 0xa5, 0xff, 0xfc, 0x90, 0xff, 0xe9,
    0xff, 0xff, 0x2c, 0x3f, 0xfa, 0x2f, 0xff, 0xf3,
    0x3, 0xff, 0xa1, 0x7f, 0xff, 0x34, 0x3f, 0xf9,
    0xf7, 0xff, 0xf3, 0x83, 0xff, 0x9d, 0xff, 0xfd,
    0x0, 0xff, 0xe6, 0x3f, 0xff, 0xd1, 0xf, 0xfe,
    0x5d, 0xff, 0xfd, 0x20, 0xff, 0xe5, 0x7f, 0xff,
    0x50, 0x3f, 0xf9, 0xf, 0xff, 0xf5, 0x43, 0xff,
    0x8f, 0x7f, 0xff, 0x58, 0x3f, 0xf8, 0xd7, 0xff,
    0xf5, 0xc3, 0xff, 0x8b, 0xff, 0xfd, 0x90, 0xff,
    0xe1, 0xbf, 0xff, 0xda, 0xf, 0xfe, 0x15, 0xff,
    0xfd, 0xb0, 0xff, 0xe0, 0xff, 0xff, 0x74, 0x3f,
    0xe7, 0xff, 0xfb, 0xc1, 0xfe, 0xbf, 0xff, 0xbe,
    0x1f, 0xd7, 0xff, 0xf8, 0x3, 0xf7, 0xff, 0xf8,
    0x83, 0xcf, 0xff, 0xf8, 0xc3, 0xaf, 0xff, 0xf2,
    0x6, 0xff, 0xff, 0x30, 0x1f, 0xff, 0xf3, 0x97,
    0xff, 0xfa, 0xf, 0xff, 0xf4, 0x9f, 0xff, 0xe9,
    0x3f, 0xff, 0x9f, 0x7f, 0xff, 0x34, 0xff, 0xfe,
    0x72, 0x7f, 0xff, 0x34, 0xff, 0xfe, 0x68, 0x5f,
    0xff, 0xcd, 0x3f, 0xff, 0x97, 0x6, 0xff, 0xfe,
    0x69, 0xff, 0xfc, 0xa8, 0x3b, 0xff, 0xf9, 0xa7,
    0xff, 0xf2, 0x50, 0xf7, 0xff, 0xf3, 0x4f, 0xff,
    0xe4, 0x7, 0xef, 0xff, 0xe6, 0x9f, 0xff, 0xc7,
    0xf, 0xef, 0xff, 0xe6, 0x9f, 0xff, 0xc5, 0x83,
    0xfd, 0xff, 0xfc, 0xd3, 0xff, 0xf8, 0x90, 0x7f,
    0xdf, 0xff, 0xcd, 0x3f, 0xff, 0x86, 0x87, 0xff,
    0x3, 0xff, 0xf9, 0xa7, 0xff, 0xf0, 0x83, 0xff,
    0x85, 0xff, 0xfc, 0xd3, 0xff, 0xf8, 0x21, 0xff,
    0xc3, 0xff, 0xfe, 0x69, 0xff, 0xf4, 0x1f, 0xfc,
    0x4f, 0xff, 0xe6, 0x9f, 0xfe, 0x43, 0xff, 0x8b,
    0xff, 0xfc, 0xd3, 0xff, 0x90, 0xff, 0xe3, 0x7f,
    0xff, 0x34, 0xff, 0xc1, 0xff, 0xc8, 0xff, 0xfe,
    0x69, 0xfe, 0x83, 0xff, 0x93, 0xff, 0xfc, 0xd3,
    0xfa, 0xf, 0xfe, 0x57, 0xff, 0xf3, 0x4f, 0xc8,
    0x7f, 0xf2, 0xff, 0xff, 0x9a, 0x7c, 0x1f, 0xfc,
    0xdf, 0xff, 0xe6, 0x9e, 0xf, 0xfe, 0x77, 0xff,
    0xf3, 0x48, 0x3f, 0xf9, 0xff, 0xff, 0xcd, 0xf,
    0xfe, 0x8f, 0xff, 0xf3, 0x43, 0xff, 0xa3, 0xff,
    0xfc, 0xd0, 0xff, 0xe8, 0xff, 0xff, 0x34, 0x3f,
    0xfa, 0x3f, 0xff, 0xcd, 0xf, 0xfe, 0x8f, 0xff,
    0xf3, 0x43, 0xff, 0xa3, 0xff, 0xfc, 0xd0, 0xff,
    0xe8, 0xff, 0xff, 0x34, 0x3f, 0xfa, 0x3f, 0xff,
    0xcd, 0xf, 0xfe, 0x8f, 0xff, 0xf3, 0x43, 0xff,
    0xa3, 0xff, 0xfc, 0xd0, 0xff, 0xe8, 0xff, 0xff,
    0x34, 0x3f, 0xfa, 0x3f, 0xff, 0xcd, 0xf, 0xfe,
    0x8f, 0xff, 0xf3, 0x43, 0xff, 0xa3, 0xff, 0xfc,
    0xd0, 0xff, 0xe8, 0xff, 0xff, 0x34, 0x3f, 0xfa,
    0x3f, 0xff, 0xcd, 0xf, 0xfe, 0x8f, 0xff, 0xf3,
    0x43, 0xff, 0xa3, 0xff, 0xfc, 0xd0, 0xff, 0xe8,
    0xff, 0xff, 0x34, 0x3f, 0xfa, 0x3f, 0xff, 0xcd,
    0xf, 0xfe, 0x8f, 0xff, 0xf3, 0x43, 0xff, 0xa3,
    0xff, 0xfc, 0xd0, 0xff, 0xe8, 0xff, 0xff, 0x34,
    0x3f, 0xfa, 0x3f, 0xff, 0xcd, 0xf, 0xfe, 0x8f,
    0xff, 0xf3, 0x43, 0xff, 0xa3, 0xff, 0xfc, 0xd0,
    0xff, 0xe8, 0xff, 0xff, 0x34, 0x3f, 0xfa, 0x3f,
    0xff, 0xcd, 0xf, 0xfe, 0x8f, 0xff, 0xf3, 0x43,
    0xff, 0xa3, 0xff, 0xfc, 0xd0, 0xff, 0xe8, 0xff,
    0xff, 0x34, 0x3f, 0xfa, 0x3f, 0xff, 0xcd, 0xf,
    0xfe, 0x8f, 0xff, 0xf3, 0x43, 0xff, 0xa3, 0xff,
    0xfc, 0xd0, 0xff, 0xe8, 0xff, 0xff, 0x34, 0x3f,
    0xfa, 0x3f, 0xff, 0xcd, 0xf, 0xfe, 0x8f, 0xff,
    0xf3, 0x43, 0xff, 0xa3, 0xff, 0xfc, 0xd0, 0xff,
    0xe8, 0xff, 0xff, 0x34, 0x3f, 0xfa, 0x3f, 0xff,
    0xcd, 0xf, 0xfe, 0x8f, 0xff, 0xf3, 0x43, 0xff,
    0xa3, 0xff, 0xfc, 0xd0, 0xff, 0xe8, 0xff, 0xff,
    0x34, 0x3f, 0xfa, 0x3f, 0xff, 0xcd, 0xf, 0xfe,
    0x8f, 0xff, 0xf3, 0x43, 0xff, 0xa3, 0xff, 0xfc,
    0xd0, 0xff, 0xe8, 0xff, 0xff, 0x34, 0x3f, 0xfa,
    0x3f, 0xff, 0xcd, 0xf, 0xfe, 0x8f, 0xff, 0xf3,
    0x43, 0xff, 0xa3, 0xff, 0xfc, 0xd0, 0xff, 0xe8,
    0xff, 0xff, 0x34, 0x3f, 0xfa, 0x3f, 0xff, 0xcd,
    0xf, 0xfe, 0x8f, 0xff, 0xf3, 0x43, 0xff, 0xa3,
    0xff, 0xfc, 0xd0, 0xff, 0xe8, 0xff, 0xff, 0x34,
    0x3f, 0xfa, 0x3f, 0xff, 0xcd, 0xf, 0xfe, 0x8f,
    0xff, 0xf3, 0x43, 0xff, 0xa3, 0xff, 0xfc, 0xd0,
    0xff, 0xe8, 0xff, 0xff, 0x34, 0x3f, 0xfa, 0x3f,
    0xff, 0xcd, 0xf, 0xfe, 0x8f, 0xff, 0xf3, 0x43,
    0xff, 0xa3, 0xff, 0xfc, 0xd0, 0xff, 0xe8, 0xff,
    0xff, 0x34, 0x3f, 0xfa, 0x3f, 0xff, 0xcd, 0xf,
    0xfe, 0x8f, 0xff, 0xf3, 0x43, 0xff, 0xa3, 0xff,
    0xfc, 0xd0, 0xff, 0xe8, 0xff, 0xff, 0x34, 0x3f,
    0xfa, 0x3f, 0xff, 0xcd, 0xf, 0xfe, 0x8f, 0xff,
    0xf3, 0x43, 0xff, 0xa3, 0xff, 0xfc, 0xd0, 0xff,
    0xe8, 0xff, 0xff, 0x34, 0x3f, 0xfa, 0x3f, 0xff,
    0xcd, 0xf, 0xfe, 0x8f, 0xff, 0xf3, 0x43, 0xff,
    0xa3, 0xff, 0xfc, 0xd0, 0xff, 0xe8, 0xff, 0xff,
    0x34, 0x3f, 0xfa, 0x3f, 0xff, 0xcd, 0xf, 0xfe,
    0x8f, 0xff, 0xf3, 0x43, 0xff, 0xa3, 0xff, 0xfc,
    0xd0, 0xff, 0xe8, 0xff, 0xff, 0x34, 0x3f, 0xfa,
    0x3f, 0xff, 0xcd, 0xf, 0xfe, 0x8f, 0xff, 0xf3,
    0x43, 0xff, 0xa3, 0xff, 0xfc, 0xd0, 0xff, 0xe8,
    0xff, 0xff, 0x34, 0x3f, 0xfa, 0x3f, 0xff, 0xcd,
    0xf, 0xfe, 0x8f, 0xff, 0xf3, 0x43, 0xff, 0xa3,
    0xff, 0xfc, 0xd0, 0xff, 0xe8, 0xff, 0xff, 0x34,
    0x3f, 0xfa, 0x3f, 0xff, 0xcd, 0xf, 0xfe, 0x8f,
    0xff, 0xf3, 0x43, 0xff, 0xa3, 0xff, 0xfc, 0xd0,
    0xff, 0xe8, 0xff, 0xff, 0x34, 0x3f, 0xfa, 0x3f,
    0xff, 0xcd, 0xf, 0xfe, 0x8f, 0xff, 0xf3, 0x43,
    0xff, 0xa3, 0xff, 0xfc, 0xd0, 0xff, 0xe8, 0xff,
    0xff, 0x34, 0x3f, 0xfa, 0x3f, 0xff, 0xcd, 0xf,
    0xfe, 0x8f, 0xff, 0xf3, 0x40,

    /* U+0032 "2" */
    0xf, 0xff, 0x2, 0xd5, 0xf2, 0xc1, 0xff, 0xff,
    0x3, 0x7f, 0xff, 0x22, 0x88, 0x7f, 0xfd, 0xdb,
    0xff, 0xfa, 0x32, 0x1f, 0xff, 0x7, 0xff, 0xfb,
    0x12, 0x1f, 0xfe, 0xbb, 0xff, 0xfb, 0xa8, 0x7f,
    0xf9, 0x9f, 0xff, 0xf1, 0x41, 0xff, 0xe2, 0x7f,
    0xff, 0xcc, 0x87, 0xff, 0x7e, 0xff, 0xff, 0x48,
    0x7f, 0xf7, 0x2f, 0xff, 0xf6, 0x41, 0xff, 0xd9,
    0xff, 0xff, 0x80, 0x7f, 0xf5, 0x9f, 0xff, 0xf9,
    0x21, 0xff, 0xd3, 0xbf, 0xff, 0xe8, 0x87, 0xff,
    0x46, 0xff, 0xff, 0xb2, 0x1f, 0xfc, 0xff, 0xff,
    0xfc, 0xa1, 0xff, 0xcd, 0xff, 0xff, 0xda, 0x1f,
    0xfc, 0xbf, 0xff, 0xfe, 0x87, 0xff, 0x2b, 0xff,
    0xff, 0xe1, 0xff, 0xc8, 0xbf, 0xff, 0xff, 0x7,
    0xff, 0x1a, 0xff, 0xff, 0xff, 0x90, 0xff, 0xe2,
    0x3f, 0xff, 0xff, 0xfc, 0x1f, 0xfc, 0x4f, 0xff,
    0xff, 0xff, 0x21, 0xff, 0xc2, 0xbf, 0xff, 0xff,
    0xfe, 0xf, 0xfe, 0xb, 0xff, 0xff, 0xff, 0xfa,
    0xf, 0xfe, 0x7, 0xff, 0xf5, 0xe5, 0x7, 0xe6,
    0xff, 0xfe, 0xc0, 0x7f, 0xd7, 0xff, 0xf5, 0x20,
    0xff, 0xe2, 0xbf, 0xff, 0xd5, 0x43, 0xfd, 0xff,
    0xfd, 0x34, 0x3f, 0xf9, 0x2f, 0xff, 0xf5, 0x3,
    0xfa, 0xff, 0xfe, 0x8c, 0x1f, 0xfc, 0xd7, 0xff,
    0xfa, 0x41, 0xfd, 0xff, 0xfd, 0x14, 0x3f, 0xfa,
    0x1f, 0xff, 0xd1, 0x43, 0xeb, 0xff, 0xfa, 0x1,
    0xff, 0xd3, 0xff, 0xfe, 0x88, 0x7d, 0xff, 0xfd,
    0x0, 0xff, 0xea, 0x3f, 0xff, 0xd0, 0xf, 0x3f,
    0xff, 0xcf, 0xf, 0xfe, 0xb5, 0xff, 0xfc, 0xf4,
    0x3b, 0xff, 0xf9, 0xe1, 0xff, 0xd8, 0xff, 0xfe,
    0x7c, 0x1d, 0xff, 0xfc, 0xe4, 0x3f, 0xfb, 0xf,
    0xff, 0xf3, 0xa0, 0xcf, 0xff, 0xf3, 0x60, 0xff,
    0xed, 0x7f, 0xff, 0x3c, 0x37, 0xff, 0xf3, 0x83,
    0xff, 0xb7, 0x7f, 0xff, 0x38, 0x37, 0xff, 0xf3,
    0x60, 0xff, 0xed, 0xbf, 0xff, 0xce, 0x9, 0xff,
    0xfe, 0x68, 0x7f, 0xf7, 0x7f, 0xff, 0x9c, 0x15,
    0xff, 0xfc, 0xc8, 0x3f, 0xfb, 0xbf, 0xff, 0xce,
    0x41, 0xff, 0xfc, 0xd4, 0x3f, 0xfb, 0xbf, 0xff,
    0xce, 0x41, 0xff, 0xfc, 0xd0, 0xff, 0xef, 0x5f,
    0xff, 0xcd, 0x41, 0xff, 0xfc, 0xc8, 0x3f, 0xfb,
    0xd7, 0xff, 0xf3, 0x50, 0xff, 0xfc, 0xdf, 0xff,
    0xcd, 0x43, 0xff, 0xf3, 0x7f, 0xff, 0x35, 0xf,
    0xff, 0xcd, 0xff, 0xfc, 0xd4, 0x3f, 0xff, 0x37,
    0xff, 0xf3, 0x43, 0xff, 0xf5, 0xff, 0xfc, 0xe0,
    0xff, 0xfd, 0x7f, 0xff, 0x38, 0x3f, 0xff, 0x5f,
    0xff, 0xce, 0xf, 0xff, 0xcb, 0xff, 0xfc, 0xd8,
    0x3f, 0xff, 0x37, 0xff, 0xf3, 0x50, 0xff, 0xfc,
    0xff, 0xff, 0x38, 0x3f, 0xff, 0x2f, 0xff, 0xf3,
    0x83, 0xff, 0xf3, 0x7f, 0xff, 0x36, 0xf, 0xff,
    0xcf, 0xff, 0xf3, 0x90, 0xff, 0xfc, 0x5f, 0xff,
    0xce, 0xf, 0xff, 0xcf, 0xff, 0xf3, 0xa0, 0xff,
    0xfc, 0x5f, 0xff, 0xce, 0x43, 0xff, 0xf1, 0xff,
    0xfc, 0xf0, 0xff, 0xfc, 0x7f, 0xff, 0x3e, 0xf,
    0xff, 0xbb, 0xff, 0xfc, 0xf0, 0xff, 0xfc, 0x7f,
    0xff, 0x3e, 0xf, 0xff, 0xbf, 0xff, 0xf4, 0x3,
    0xff, 0xef, 0x7f, 0xff, 0x3e, 0xf, 0xff, 0xb3,
    0xff, 0xfd, 0x0, 0xff, 0xfb, 0xff, 0xff, 0x42,
    0xf, 0xff, 0xb7, 0xff, 0xf4, 0x43, 0xff, 0xed,
    0x7f, 0xff, 0x41, 0xf, 0xff, 0xab, 0xff, 0xfd,
    0x8, 0x3f, 0xfe, 0xdf, 0xff, 0xd1, 0xf, 0xff,
    0xb7, 0xff, 0xf4, 0x50, 0xff, 0xfa, 0xff, 0xff,
    0x48, 0x3f, 0xfe, 0xb7, 0xff, 0xf4, 0x43, 0xff,
    0xea, 0xff, 0xff, 0x45, 0xf, 0xff, 0xa3, 0xff,
    0xfd, 0x18, 0x3f, 0xfe, 0xbf, 0xff, 0xd2, 0xf,
    0xff, 0xaf, 0xff, 0xf4, 0x83, 0xff, 0xeb, 0xff,
    0xfd, 0x24, 0x3f, 0xfe, 0x97, 0xff, 0xf4, 0x50,
    0xff, 0xfa, 0x5f, 0xff, 0xd1, 0x83, 0xff, 0xe8,
    0xff, 0xff, 0x48, 0x3f, 0xfe, 0xbf, 0xff, 0xd2,
    0xf, 0xff, 0xaf, 0xff, 0xf4, 0x83, 0xff, 0xeb,
    0xff, 0xfd, 0x24, 0x3f, 0xfe, 0x97, 0xff, 0xf4,
    0x60, 0xff, 0xfa, 0x5f, 0xff, 0xd1, 0x83, 0xff,
    0xe8, 0xff, 0xff, 0x48, 0x3f, 0xfe, 0xbf, 0xff,
    0xd2, 0xf, 0xff, 0xaf, 0xff, 0xf4, 0x83, 0xff,
    0xeb, 0xff, 0xfd, 0x24, 0x3f, 0xfe, 0x97, 0xff,
    0xf4, 0x50, 0xff, 0xfa, 0x5f, 0xff, 0xd1, 0x83,
    0xff, 0xe8, 0xff, 0xff, 0x46, 0xf, 0xff, 0xa3,
    0xff, 0xfd, 0x20, 0xff, 0xfa, 0xff, 0xff, 0x48,
    0x3f, 0xfe, 0xbf, 0xff, 0xd2, 0xf, 0xff, 0xaf,
    0xff, 0xf4, 0x90, 0xff, 0xfa, 0x5f, 0xff, 0xd1,
    0x83, 0xff, 0xe8, 0xff, 0xff, 0x46, 0xf, 0xff,
    0xa3, 0xff, 0xfd, 0x20, 0xff, 0xfa, 0xff, 0xff,
    0x48, 0x3f, 0xfe, 0xbf, 0xff, 0xd2, 0xf, 0xff,
    0xaf, 0xff, 0xf4, 0x90, 0xff, 0xfa, 0x5f, 0xff,
    0xd1, 0x43, 0xff, 0xe9, 0x7f, 0xff, 0x46, 0xf,
    0xff, 0xa3, 0xff, 0xfd, 0x20, 0xff, 0xfa, 0xff,
    0xff, 0x48, 0x3f, 0xfe, 0xbf, 0xff, 0xd2, 0xf,
    0xff, 0xaf, 0xff, 0xf4, 0x90, 0xff, 0xfa, 0x5f,
    0xff, 0xd1, 0x43, 0xff, 0xe9, 0x7f, 0xff, 0x46,
    0xf, 0xff, 0xa3, 0xff, 0xfd, 0x18, 0x3f, 0xfe,
    0x8f, 0xff, 0xf4, 0x83, 0xff, 0xeb, 0xff, 0xfd,
    0x20, 0xff, 0xfa, 0xff, 0xff, 0x48, 0x3f, 0xfe,
    0xb7, 0xff, 0xf4, 0x50, 0xff, 0xfa, 0x5f, 0xff,
    0xd1, 0x83, 0xff, 0xe8, 0xff, 0xff, 0x46, 0xf,
    0xff, 0xa3, 0xff, 0xfd, 0x20, 0xff, 0xfa, 0xff,
    0xff, 0x48, 0x3f, 0xfe, 0xbf, 0xff, 0xd2, 0xf,
    0xff, 0xaf, 0xff, 0xf4, 0x90, 0xff, 0xfa, 0x5f,
    0xff, 0xd1, 0x43, 0xff, 0xe8, 0xff, 0xff, 0x46,
    0xf, 0xff, 0xa3, 0xff, 0xfd, 0x20, 0xff, 0xfa,
    0xff, 0xff, 0x48, 0x3f, 0xfe, 0xbf, 0xff, 0xd2,
    0xf, 0xff, 0xaf, 0xff, 0xf4, 0x90, 0xff, 0xfa,
    0x5f, 0xff, 0xd1, 0x43, 0xff, 0xe9, 0x7f, 0xff,
    0xff, 0xff, 0xf8, 0x50, 0x67, 0xff, 0xff, 0xff,
    0xff, 0xc3, 0x83, 0x7f, 0xff, 0xff, 0xff, 0xf8,
    0x90, 0x6f, 0xff, 0xff, 0xff, 0xff, 0x12, 0xd,
    0xff, 0xff, 0xff, 0xff, 0xe2, 0x41, 0xbf, 0xff,
    0xff, 0xff, 0xfc, 0x48, 0x37, 0xff, 0xff, 0xff,
    0xff, 0x89, 0x6, 0xff, 0xff, 0xff, 0xff, 0xf1,
    0x20, 0xdf, 0xff, 0xff, 0xff, 0xfe, 0x24, 0x1b,
    0xff, 0xff, 0xff, 0xff, 0xc4, 0x83, 0x7f, 0xff,
    0xff, 0xff, 0xf8, 0x90, 0x6f, 0xff, 0xff, 0xff,
    0xff, 0x12, 0xd, 0xff, 0xff, 0xff, 0xff, 0xe2,
    0x41, 0xbf, 0xff, 0xff, 0xff, 0xfc, 0x48, 0x37,
    0xff, 0xff, 0xff, 0xff, 0x89, 0x6, 0xff, 0xff,
    0xff, 0xff, 0xf1, 0x20, 0xdf, 0xff, 0xff, 0xff,
    0xfe, 0x24, 0x1b, 0xff, 0xff, 0xff, 0xff, 0xc4,
    0x83, 0x7f, 0xff, 0xff, 0xff, 0xf8, 0x90, 0x6f,
    0xff, 0xff, 0xff, 0xff, 0x12, 0xd, 0xff, 0xff,
    0xff, 0xff, 0xe2, 0x41, 0xbf, 0xff, 0xff, 0xff,
    0xfc, 0x48,

    /* U+0033 "3" */
    0xf, 0xfe, 0xf2, 0xab, 0x7e, 0xac, 0xa0, 0xff,
    0xff, 0x84, 0xdf, 0xff, 0xca, 0xa2, 0x1f, 0xff,
    0x86, 0xff, 0xfe, 0x9a, 0x1f, 0xff, 0x3b, 0xff,
    0xfb, 0x28, 0x7f, 0xfb, 0x5f, 0xff, 0xef, 0x41,
    0xff, 0xe9, 0x7f, 0xff, 0xc5, 0x7, 0xff, 0x95,
    0xff, 0xff, 0x34, 0x1f, 0xfe, 0x2b, 0xff, 0xfd,
    0x28, 0x7f, 0xf7, 0x9f, 0xff, 0xf6, 0x41, 0xff,
    0xdc, 0xbf, 0xff, 0xde, 0x1f, 0xfd, 0xaf, 0xff,
    0xf9, 0x21, 0xff, 0xd6, 0x7f, 0xff, 0xe8, 0x87,
    0xff, 0x51, 0xff, 0xff, 0xb2, 0x1f, 0xfd, 0x27,
    0xff, 0xff, 0x8, 0x7f, 0xf4, 0x1f, 0xff, 0xfd,
    0x21, 0xff, 0xce, 0x7f, 0xff, 0xf8, 0x1f, 0xfc,
    0xef, 0xff, 0xff, 0x7, 0xff, 0x33, 0xff, 0xff,
    0xf0, 0x7f, 0xf2, 0xaf, 0xff, 0xff, 0xe1, 0xff,
    0xc9, 0x7f, 0xff, 0xff, 0xf0, 0x7f, 0xf2, 0x3f,
    0xff, 0xff, 0xf9, 0xf, 0xfe, 0x35, 0xff, 0xff,
    0xff, 0xe0, 0xff, 0xe2, 0xbf, 0xff, 0xff, 0xff,
    0x21, 0xff, 0xc4, 0xff, 0xfe, 0xbc, 0xa0, 0xf9,
    0xbf, 0xff, 0xb0, 0x1f, 0xfc, 0x37, 0xff, 0xfa,
    0x90, 0x7f, 0xf1, 0x2f, 0xff, 0xea, 0xa1, 0xff,
    0xc2, 0xff, 0xfe, 0x9c, 0x1f, 0xfc, 0x8b, 0xff,
    0xfa, 0x70, 0x7f, 0xf0, 0x5f, 0xff, 0xe9, 0x7,
    0xff, 0x33, 0xff, 0xfa, 0x61, 0xff, 0xc1, 0xff,
    0xfe, 0x90, 0x7f, 0xf3, 0xaf, 0xff, 0xe8, 0xa1,
    0xff, 0xc0, 0xff, 0xfe, 0x84, 0x1f, 0xfd, 0xb,
    0xff, 0xfa, 0x10, 0x7f, 0xd7, 0xff, 0xf4, 0x3,
    0xff, 0xa5, 0xff, 0xfd, 0x10, 0xff, 0xbf, 0xff,
    0xa0, 0x1f, 0xfd, 0x4f, 0xff, 0xe8, 0x7, 0xfd,
    0xff, 0xfc, 0xf0, 0xff, 0xea, 0xdf, 0xff, 0xcf,
    0x43, 0xf9, 0xff, 0xfe, 0x74, 0x1f, 0xfd, 0x6f,
    0xff, 0xe7, 0xa1, 0xfd, 0x7f, 0xff, 0x38, 0x3f,
    0xfa, 0xf7, 0xff, 0xf3, 0xa0, 0xfe, 0xff, 0xfe,
    0x72, 0x1f, 0xfd, 0x8f, 0xff, 0xe7, 0x87, 0xf7,
    0xff, 0xf3, 0x83, 0xff, 0xb3, 0xff, 0xfc, 0xf0,
    0xfc, 0xff, 0xff, 0x35, 0xf, 0xfe, 0xcd, 0xff,
    0xfc, 0xe0, 0xfd, 0x7f, 0xff, 0x34, 0x3f, 0xfb,
    0x4f, 0xff, 0xf3, 0x83, 0xf5, 0xff, 0xfc, 0xc8,
    0x3f, 0xfb, 0x4f, 0xff, 0xf3, 0x83, 0xf5, 0xff,
    0xfc, 0xc0, 0xff, 0xee, 0x7f, 0xff, 0x38, 0x3f,
    0xff, 0xbf, 0xff, 0xce, 0xf, 0xff, 0xef, 0xff,
    0xf3, 0x83, 0xff, 0xfb, 0xff, 0xfc, 0xe0, 0xff,
    0xfe, 0xff, 0xff, 0x38, 0x3f, 0xff, 0xbf, 0xff,
    0xcd, 0x83, 0xff, 0xfb, 0xff, 0xfc, 0xd8, 0x3f,
    0xff, 0x8f, 0xff, 0xf3, 0x50, 0xff, 0xfe, 0x5f,
    0xff, 0xcd, 0xf, 0xff, 0xef, 0xff, 0xf3, 0x83,
    0xff, 0xfb, 0xff, 0xfc, 0xe0, 0xff, 0xfe, 0x3f,
    0xff, 0xcd, 0x83, 0xff, 0xf9, 0xff, 0xfc, 0xe0,
    0xff, 0xfe, 0x3f, 0xff, 0xce, 0xf, 0xff, 0xe7,
    0xff, 0xf3, 0xa0, 0xff, 0xfd, 0xdf, 0xff, 0xce,
    0xf, 0xff, 0xdb, 0xff, 0xfc, 0xe8, 0x3f, 0xff,
    0x4f, 0xff, 0xf3, 0xc3, 0xff, 0xf5, 0x7f, 0xff,
    0x3e, 0xf, 0xff, 0xcd, 0xff, 0xfd, 0x0, 0xff,
    0xfc, 0x3f, 0xff, 0xd1, 0x43, 0xff, 0xec, 0xff,
    0xff, 0x4c, 0x3f, 0xfe, 0xb7, 0xff, 0xf5, 0x3,
    0xff, 0xe2, 0xab, 0xff, 0xfa, 0xc8, 0x7f, 0xf8,
    0xdf, 0xff, 0xf2, 0xa1, 0xff, 0xe4, 0xbf, 0xff,
    0xc8, 0x87, 0xff, 0x96, 0xff, 0xff, 0x1a, 0x1f,
    0xfe, 0x6b, 0xff, 0xfc, 0x48, 0x7f, 0xf9, 0xef,
    0xff, 0xf0, 0x87, 0xff, 0xa6, 0xff, 0xfe, 0xfa,
    0x1f, 0xfe, 0xab, 0xff, 0xfb, 0xb0, 0x7f, 0xfb,
    0x2f, 0xff, 0xed, 0xc1, 0xff, 0xee, 0xbf, 0xff,
    0xb3, 0x7, 0xff, 0xc2, 0xff, 0xfe, 0xbc, 0x1f,
    0xff, 0x2b, 0xff, 0xfb, 0x12, 0x1f, 0xff, 0xb,
    0xff, 0xfb, 0x72, 0x1f, 0xfe, 0xdb, 0xff, 0xfb,
    0xd0, 0x7f, 0xfa, 0xef, 0xff, 0xf0, 0x41, 0xff,
    0xe9, 0xbf, 0xff, 0xc4, 0x87, 0xff, 0x9e, 0xff,
    0xff, 0x20, 0x7f, 0xf9, 0xaf, 0xff, 0xf2, 0xa1,
    0xff, 0xe4, 0xbf, 0xff, 0xcd, 0x7, 0xff, 0x8e,
    0xff, 0xff, 0x3c, 0x1f, 0xfe, 0x2b, 0xff, 0xfd,
    0x10, 0x7f, 0xf8, 0x6f, 0xff, 0xf4, 0xc1, 0xff,
    0xee, 0x55, 0xff, 0xfd, 0xa4, 0x3f, 0xfe, 0x6d,
    0xff, 0xfd, 0x64, 0x3f, 0xfe, 0xad, 0xff, 0xfd,
    0x40, 0xff, 0xfc, 0x5f, 0xff, 0xd2, 0x83, 0xff,
    0xf3, 0x7f, 0xff, 0x45, 0xf, 0xff, 0xcb, 0xff,
    0xfd, 0x10, 0xff, 0xfd, 0xff, 0xff, 0x41, 0xf,
    0xff, 0xdf, 0xff, 0xf4, 0x3, 0xff, 0xf9, 0xff,
    0xfc, 0xf4, 0x3f, 0xff, 0x9f, 0xff, 0xce, 0x83,
    0xff, 0xf9, 0x7f, 0xff, 0x38, 0x3f, 0xff, 0xbf,
    0xff, 0xce, 0x43, 0xff, 0xf8, 0xff, 0xff, 0x38,
    0x3f, 0xff, 0xbf, 0xff, 0xce, 0xf, 0xff, 0xed,
    0xff, 0xfc, 0xd4, 0x3f, 0xff, 0x8f, 0xff, 0xf3,
    0x60, 0xff, 0xfe, 0xff, 0xff, 0x36, 0xf, 0xff,
    0xef, 0xff, 0xf3, 0x83, 0xff, 0xfb, 0xff, 0xfc,
    0xe0, 0xff, 0xfe, 0xdf, 0xff, 0xcd, 0xf, 0xff,
    0xed, 0xff, 0xfc, 0xd4, 0x3f, 0xff, 0x97, 0xff,
    0xf3, 0x50, 0xff, 0xfe, 0x3f, 0xff, 0xcd, 0x43,
    0xff, 0xf8, 0xff, 0xff, 0x36, 0x3f, 0xff, 0x9a,
    0x87, 0xff, 0x85, 0xff, 0xfe, 0x6c, 0x7f, 0xff,
    0x35, 0xf, 0xff, 0xb, 0xff, 0xfc, 0xd8, 0xff,
    0xfe, 0x6c, 0x1f, 0xfe, 0x1b, 0xff, 0xf9, 0xb1,
    0xff, 0xfc, 0xd8, 0x3f, 0xfc, 0x37, 0xff, 0xf3,
    0x63, 0xff, 0xf9, 0xc1, 0xff, 0xe1, 0xbf, 0xff,
    0x9b, 0x17, 0xff, 0xf3, 0x43, 0xff, 0xc3, 0xff,
    0xfc, 0xe4, 0xbf, 0xff, 0x9a, 0x87, 0xff, 0x83,
    0xff, 0xf9, 0xc8, 0xff, 0xff, 0x38, 0x3f, 0xfb,
    0xef, 0xff, 0xf3, 0x90, 0x7f, 0xff, 0x38, 0x3f,
    0xfb, 0xf7, 0xff, 0xf3, 0x82, 0xff, 0xfe, 0x74,
    0x1f, 0xfd, 0xef, 0xff, 0xe7, 0x85, 0x7f, 0xff,
    0x38, 0x3f, 0xfb, 0xaf, 0xff, 0xf3, 0xc2, 0x7f,
    0xff, 0x9d, 0x7, 0xff, 0x73, 0xff, 0xf9, 0xf0,
    0x6f, 0xff, 0xe7, 0xa1, 0xff, 0xda, 0x7f, 0xff,
    0x9e, 0x86, 0xff, 0xfe, 0x80, 0x7f, 0xf6, 0xbf,
    0xff, 0xa0, 0x1d, 0x7f, 0xff, 0x40, 0x3f, 0xfb,
    0x17, 0xff, 0xf4, 0x3, 0xdf, 0xff, 0xd0, 0x83,
    0xff, 0xac, 0xff, 0xff, 0x42, 0xf, 0x7f, 0xff,
    0x46, 0xf, 0xfe, 0xa3, 0xff, 0xfd, 0x10, 0xf9,
    0xff, 0xfe, 0x90, 0x7f, 0xf4, 0xaf, 0xff, 0xe9,
    0x7, 0xef, 0xff, 0xe9, 0xa1, 0xff, 0xcf, 0xff,
    0xfe, 0x9a, 0x1f, 0x9f, 0xff, 0xe9, 0xc1, 0xff,
    0xcc, 0xbf, 0xff, 0xa8, 0x1f, 0xef, 0xff, 0xea,
    0xc1, 0xff, 0xc8, 0xbf, 0xff, 0xab, 0x7, 0xf9,
    0xff, 0xfe, 0xba, 0x83, 0xff, 0x80, 0xdf, 0xff,
    0xd8, 0xf, 0xfe, 0x7, 0xff, 0xf7, 0x2b, 0xbf,
    0xff, 0xbb, 0x7, 0xff, 0x1, 0xff, 0xff, 0xff,
    0xff, 0x83, 0xff, 0x85, 0x7f, 0xff, 0xff, 0xff,
    0x21, 0xff, 0xc3, 0xff, 0xff, 0xff, 0xfe, 0xf,
    0xfe, 0x2f, 0xff, 0xff, 0xff, 0xc1, 0xff, 0xc6,
    0x7f, 0xff, 0xff, 0xf9, 0xf, 0xfe, 0x3d, 0xff,
    0xff, 0xff, 0x41, 0xff, 0xc9, 0xbf, 0xff, 0xff,
    0x87, 0xff, 0x2f, 0xff, 0xff, 0xe1, 0xff, 0xcd,
    0xff, 0xff, 0xe8, 0x7f, 0xf3, 0xff, 0xff, 0xf6,
    0x1f, 0xfd, 0x1b, 0xff, 0xfe, 0xf0, 0x7f, 0xf4,
    0xef, 0xff, 0xfa, 0xc1, 0xff, 0xd5, 0x7f, 0xff,
    0xe6, 0x87, 0xff, 0x62, 0xff, 0xff, 0x7c, 0x1f,
    0xfd, 0xb7, 0xff, 0xfd, 0xa8, 0x7f, 0xf7, 0xaf,
    0xff, 0xf4, 0xa1, 0xff, 0xe2, 0xbf, 0xff, 0xcb,
    0x7, 0xff, 0x9a, 0xff, 0xff, 0xa, 0x1f, 0xfe,
    0xa7, 0xff, 0xfb, 0x92, 0x1f, 0xfe, 0xfb, 0xff,
    0xfa, 0xd2, 0x1f, 0xff, 0x56, 0xff, 0xfe, 0x74,
    0x87, 0xff, 0xf9, 0x54, 0xff, 0xfa, 0xa5, 0x7,
    0xff, 0x6c,

    /* U+0034 "4" */
    0xf, 0xff, 0x8f, 0xff, 0xf3, 0x43, 0xff, 0xfc,
    0xff, 0xff, 0x34, 0x3f, 0xff, 0xdf, 0xff, 0xce,
    0xf, 0xff, 0xed, 0xff, 0xfc, 0xe0, 0xff, 0xfe,
    0xff, 0xff, 0x3c, 0x3f, 0xff, 0x9f, 0xff, 0xd0,
    0xf, 0xff, 0xdb, 0xff, 0xfd, 0x0, 0xff, 0xfd,
    0xff, 0xff, 0x44, 0x3f, 0xff, 0x57, 0xff, 0xf4,
    0x43, 0xff, 0xf5, 0xff, 0xfd, 0x20, 0xff, 0xfc,
    0xff, 0xff, 0x4c, 0x3f, 0xff, 0xf, 0xff, 0xf4,
    0xc3, 0xff, 0xf1, 0xff, 0xfd, 0x40, 0xff, 0xfb,
    0xdf, 0xff, 0xd4, 0xf, 0xff, 0xbf, 0xff, 0xf5,
    0x43, 0xff, 0xed, 0x7f, 0xff, 0x54, 0x3f, 0xfe,
    0xaf, 0xff, 0xf5, 0x83, 0xff, 0xeb, 0xff, 0xfd,
    0x70, 0xff, 0xfa, 0x3f, 0xff, 0xd7, 0xf, 0xff,
    0xa7, 0xff, 0xf6, 0x3, 0xff, 0xe7, 0x7f, 0xff,
    0x60, 0x3f, 0xfe, 0x7f, 0xff, 0xd9, 0xf, 0xff,
    0x97, 0xff, 0xf6, 0x83, 0xff, 0xe2, 0xff, 0xff,
    0x68, 0x3f, 0xfe, 0x3f, 0xff, 0xdb, 0xf, 0xff,
    0x85, 0xff, 0xfd, 0xb0, 0xff, 0xf8, 0x7f, 0xff,
    0x70, 0x3f, 0xfd, 0xf7, 0xff, 0xf7, 0x3, 0xff,
    0xdc, 0xff, 0xff, 0x74, 0x3f, 0xfd, 0xdf, 0xff,
    0xde, 0xf, 0xff, 0x6d, 0xff, 0xfd, 0xe0, 0xff,
    0xf6, 0xff, 0xff, 0x7c, 0x3f, 0xfd, 0x97, 0xff,
    0xf7, 0xc3, 0xff, 0xd6, 0xff, 0xff, 0x80, 0x3f,
    0xfd, 0x7f, 0xff, 0xe1, 0xf, 0xff, 0x53, 0xff,
    0xfe, 0x10, 0xff, 0xf5, 0x7f, 0xff, 0x88, 0x3f,
    0xfd, 0x37, 0xff, 0xf8, 0x83, 0xff, 0xd3, 0xff,
    0xfe, 0x30, 0xff, 0xf4, 0x7f, 0xff, 0x90, 0x3f,
    0xfc, 0xef, 0xff, 0xf2, 0xef, 0xff, 0xe6, 0x7,
    0xff, 0x9f, 0xff, 0xf9, 0x6a, 0xff, 0xfe, 0x60,
    0x7f, 0xf9, 0xaf, 0xff, 0xe5, 0x8f, 0xff, 0xf3,
    0x3, 0xff, 0xcd, 0xff, 0xfc, 0xb4, 0x7f, 0xff,
    0x98, 0x1f, 0xfe, 0x5b, 0xff, 0xf9, 0x60, 0x7f,
    0xff, 0x98, 0x1f, 0xfe, 0x47, 0xff, 0xf9, 0x61,
    0x3f, 0xff, 0xcc, 0xf, 0xff, 0x27, 0xff, 0xf2,
    0xe0, 0x9f, 0xff, 0xe6, 0x7, 0xff, 0x8d, 0xff,
    0xfe, 0x58, 0x67, 0xff, 0xf9, 0x81, 0xff, 0xe3,
    0xff, 0xfe, 0x5c, 0x19, 0xff, 0xfe, 0x60, 0x7f,
    0xf8, 0xaf, 0xff, 0xe5, 0x87, 0x3f, 0xff, 0xcc,
    0xf, 0xff, 0xb, 0xff, 0xfc, 0xb4, 0x39, 0xff,
    0xfe, 0x60, 0x7f, 0xf8, 0x7f, 0xff, 0x98, 0x1e,
    0x7f, 0xff, 0x98, 0x1f, 0xfe, 0x7, 0xff, 0xf9,
    0x68, 0x79, 0xff, 0xfe, 0x60, 0x7f, 0xf8, 0x3f,
    0xff, 0x98, 0x1f, 0x3f, 0xff, 0xcc, 0xf, 0xfe,
    0xfd, 0xff, 0xfc, 0xb0, 0xfc, 0xff, 0xff, 0x30,
    0x3f, 0xfb, 0xff, 0xff, 0xcb, 0x83, 0xf3, 0xff,
    0xfc, 0xc0, 0xff, 0xef, 0x7f, 0xff, 0x30, 0x3f,
    0x9f, 0xff, 0xe6, 0x7, 0xff, 0x75, 0xff, 0xfe,
    0x5c, 0x1f, 0xcf, 0xff, 0xf3, 0x3, 0xff, 0xbb,
    0xff, 0xfc, 0xc0, 0xff, 0x3f, 0xff, 0xcc, 0xf,
    0xfe, 0xe5, 0xff, 0xfc, 0xb4, 0x3f, 0xcf, 0xff,
    0xf3, 0x3, 0xff, 0xb9, 0xff, 0xfc, 0xc0, 0xff,
    0x9f, 0xff, 0xe6, 0x7, 0xff, 0x6e, 0xff, 0xfe,
    0x5a, 0x1f, 0xf3, 0xff, 0xfc, 0xc0, 0xff, 0xed,
    0x3f, 0xff, 0xcc, 0xf, 0xfe, 0x3, 0xff, 0xfc,
    0xc0, 0xff, 0xed, 0x7f, 0xff, 0x30, 0x3f, 0xf8,
    0x2f, 0xff, 0xf3, 0x3, 0xff, 0xb2, 0xff, 0xff,
    0x2e, 0xf, 0xfe, 0xb, 0xff, 0xfc, 0xc0, 0xff,
    0xec, 0xff, 0xff, 0x30, 0x3f, 0xf8, 0x4f, 0xff,
    0xf3, 0x3, 0xff, 0xb1, 0x7f, 0xff, 0x2e, 0xf,
    0xfe, 0x13, 0xff, 0xfc, 0xc0, 0xff, 0xec, 0x7f,
    0xff, 0x30, 0x3f, 0xf8, 0x6f, 0xff, 0xf3, 0x3,
    0xff, 0xaf, 0xff, 0xfc, 0xc4, 0x3f, 0xf8, 0x6f,
    0xff, 0xf3, 0x3, 0xff, 0xac, 0xff, 0xff, 0x30,
    0x3f, 0xf8, 0x8f, 0xff, 0xf3, 0x3, 0xff, 0xad,
    0xff, 0xfc, 0xc4, 0x3f, 0xf8, 0x8f, 0xff, 0xf3,
    0x3, 0xff, 0xab, 0x7f, 0xff, 0x30, 0x3f, 0xf8,
    0xaf, 0xff, 0xf3, 0x3, 0xff, 0xab, 0xff, 0xfc,
    0xc0, 0xff, 0xe3, 0x3f, 0xff, 0xcc, 0xf, 0xfe,
    0xa7, 0xff, 0xf3, 0x20, 0xff, 0xe3, 0x3f, 0xff,
    0xcc, 0xf, 0xfe, 0x9b, 0xff, 0xfc, 0xc0, 0xff,
    0xe3, 0xbf, 0xff, 0xcc, 0xf, 0xfe, 0x9f, 0xff,
    0xf3, 0x20, 0xff, 0xe3, 0xbf, 0xff, 0xcc, 0xf,
    0xfe, 0x95, 0xff, 0xfc, 0xc0, 0xff, 0xe4, 0x3f,
    0xff, 0xcc, 0xf, 0xfe, 0x97, 0xff, 0xf3, 0x10,
    0xff, 0xe4, 0x3f, 0xff, 0xcc, 0xf, 0xfe, 0x8d,
    0xff, 0xfc, 0xc0, 0xff, 0xe4, 0xbf, 0xff, 0xcc,
    0xf, 0xfe, 0x83, 0xff, 0xfc, 0xc4, 0x3f, 0xf9,
    0x2f, 0xff, 0xf3, 0x3, 0xff, 0xa1, 0xff, 0xfc,
    0xd0, 0xff, 0xe5, 0x3f, 0xff, 0xcc, 0xf, 0xfe,
    0x7b, 0xff, 0xfc, 0xc0, 0xff, 0xe5, 0xbf, 0xff,
    0xcc, 0xf, 0xfe, 0x7f, 0xff, 0xf3, 0x20, 0xff,
    0xe5, 0xbf, 0xff, 0xcc, 0xf, 0xfe, 0x75, 0xff,
    0xfc, 0xc0, 0xff, 0xe6, 0x3f, 0xff, 0xcc, 0xf,
    0xfe, 0x77, 0xff, 0xf3, 0x20, 0xff, 0xe6, 0x3f,
    0xff, 0xcc, 0xf, 0xfe, 0x6f, 0xff, 0xf3, 0x43,
    0xff, 0x9a, 0xff, 0xff, 0x30, 0x3f, 0xf9, 0x8f,
    0xff, 0xf3, 0x10, 0xff, 0xe6, 0xbf, 0xff, 0xcc,
    0xf, 0xfe, 0x67, 0xff, 0xf3, 0x43, 0xff, 0x9c,
    0xff, 0xff, 0x30, 0x3f, 0xf9, 0x77, 0xff, 0xf3,
    0x10, 0xff, 0xe7, 0x3f, 0xff, 0xcc, 0xf, 0xfe,
    0x5f, 0xff, 0xf3, 0x43, 0xff, 0x9e, 0xff, 0xff,
    0x30, 0x3f, 0xf9, 0x5f, 0xff, 0xcd, 0xf, 0xfe,
    0x83, 0xff, 0xfc, 0xc0, 0xff, 0xe4, 0xbf, 0xff,
    0xcc, 0x83, 0xff, 0xa0, 0xff, 0xff, 0x30, 0x3f,
    0xf9, 0x3f, 0xff, 0xcd, 0xf, 0xfe, 0x8b, 0xff,
    0xfc, 0xc0, 0xff, 0xe4, 0x5f, 0xff, 0xcc, 0x83,
    0xff, 0xa2, 0xff, 0xff, 0x30, 0x3f, 0xf9, 0x1f,
    0xff, 0xcd, 0xf, 0xfe, 0x93, 0xff, 0xfc, 0xc0,
    0xff, 0xe3, 0xdf, 0xff, 0xcc, 0x43, 0xff, 0xa4,
    0xff, 0xff, 0x30, 0x3f, 0xf8, 0xcf, 0xff, 0xf3,
    0x43, 0xff, 0xa6, 0xff, 0xff, 0x30, 0x3f, 0xf8,
    0xdf, 0xff, 0xcd, 0x43, 0xff, 0xa6, 0xff, 0xff,
    0x30, 0x3f, 0xf8, 0xaf, 0xff, 0xf3, 0x43, 0xff,
    0xa8, 0xff, 0xff, 0x30, 0x3f, 0xf8, 0xbf, 0xff,
    0xcd, 0x43, 0xff, 0xa8, 0xff, 0xff, 0x30, 0x3f,
    0xf8, 0x97, 0xff, 0xf3, 0x20, 0xff, 0xea, 0xbf,
    0xff, 0xcc, 0xf, 0xfe, 0x27, 0xff, 0xf3, 0x6b,
    0xff, 0xad, 0xff, 0xfc, 0xda, 0xff, 0xe1, 0x1f,
    0xff, 0xff, 0xff, 0xfe, 0x61, 0xff, 0xff, 0xff,
    0xff, 0xe6, 0x1f, 0xff, 0xff, 0xff, 0xfe, 0x61,
    0xff, 0xff, 0xff, 0xff, 0xe6, 0x1f, 0xff, 0xff,
    0xff, 0xfe, 0x61, 0xff, 0xff, 0xff, 0xff, 0xe6,
    0x1f, 0xff, 0xff, 0xff, 0xfe, 0x61, 0xff, 0xff,
    0xff, 0xff, 0xe6, 0x1f, 0xff, 0xff, 0xff, 0xfe,
    0x61, 0xff, 0xff, 0xff, 0xff, 0xe6, 0x1f, 0xff,
    0xff, 0xff, 0xfe, 0x61, 0xff, 0xff, 0xff, 0xff,
    0xe6, 0x1f, 0xff, 0xff, 0xff, 0xfe, 0x61, 0xff,
    0xff, 0xff, 0xff, 0xe6, 0x1f, 0xff, 0xff, 0xff,
    0xfe, 0x61, 0xff, 0xff, 0xff, 0xff, 0xe6, 0x1f,
    0xff, 0xff, 0xff, 0xfe, 0x61, 0xff, 0xff, 0xff,
    0xff, 0xe6, 0x1f, 0xff, 0xff, 0xff, 0xfe, 0x61,
    0xff, 0xff, 0xff, 0xff, 0xe6, 0x1f, 0xff, 0xff,
    0xff, 0xfe, 0x60, 0x7f, 0xfc, 0x5f, 0xff, 0xe6,
    0x7, 0xff, 0xfd, 0xff, 0xfe, 0x60, 0x7f, 0xff,
    0xdf, 0xff, 0xe6, 0x7, 0xff, 0xfd, 0xff, 0xfe,
    0x60, 0x7f, 0xff, 0xdf, 0xff, 0xe6, 0x7, 0xff,
    0xfd, 0xff, 0xfe, 0x60, 0x7f, 0xff, 0xdf, 0xff,
    0xe6, 0x7, 0xff, 0xfd, 0xff, 0xfe, 0x60, 0x7f,
    0xff, 0xdf, 0xff, 0xe6, 0x7, 0xff, 0xfd, 0xff,
    0xfe, 0x60, 0x7f, 0xff, 0xdf, 0xff, 0xe6, 0x7,
    0xff, 0xfd, 0xff, 0xfe, 0x60, 0x7f, 0xff, 0xdf,
    0xff, 0xe6, 0x7, 0xff, 0xfd, 0xff, 0xfe, 0x60,
    0x7f, 0xff, 0xdf, 0xff, 0xe6, 0x7, 0xff, 0xfd,
    0xff, 0xfe, 0x60, 0x7f, 0xff, 0xdf, 0xff, 0xe6,
    0x7, 0xff, 0xfd, 0xff, 0xfe, 0x60, 0x7f, 0xff,
    0xdf, 0xff, 0xe6, 0x7, 0xff, 0xfd, 0xff, 0xfe,
    0x60, 0x7f, 0xff, 0xdf, 0xff, 0xe6, 0x7, 0xff,
    0xfd, 0xff, 0xfe, 0x60, 0x7f, 0xff, 0xdf, 0xff,
    0xe6, 0x7, 0xff, 0xfd, 0xff, 0xfe, 0x60, 0x7f,
    0xf0, 0x80,

    /* U+0035 "5" */
    0xf, 0xfe, 0x3, 0xff, 0xff, 0xe8, 0x3f, 0xf9,
    0x6f, 0xff, 0xff, 0xa0, 0xff, 0xe5, 0xbf, 0xff,
    0xfe, 0x83, 0xff, 0x97, 0x7f, 0xff, 0xfa, 0xf,
    0xfe, 0x5d, 0xff, 0xff, 0xe8, 0x3f, 0xf9, 0x77,
    0xff, 0xff, 0xa0, 0xff, 0xe5, 0xff, 0xff, 0xfe,
    0xf, 0xfe, 0x5f, 0xff, 0xff, 0xe0, 0xff, 0xe5,
    0xff, 0xff, 0xfe, 0xf, 0xfe, 0x5f, 0xff, 0xff,
    0xe0, 0xff, 0xe5, 0xff, 0xff, 0xfe, 0xf, 0xfe,
    0x53, 0xff, 0xff, 0xf8, 0x3f, 0xf9, 0x4f, 0xff,
    0xff, 0xe0, 0xff, 0xe5, 0x3f, 0xff, 0xff, 0x83,
    0xff, 0x95, 0x7f, 0xff, 0xfe, 0xf, 0xfe, 0x55,
    0xff, 0xff, 0xf8, 0x3f, 0xf9, 0x5f, 0xff, 0xff,
    0xe0, 0xff, 0xe5, 0x7f, 0xff, 0xff, 0x83, 0xff,
    0x95, 0xff, 0xff, 0xfe, 0xf, 0xfe, 0x57, 0xff,
    0xff, 0xf8, 0x3f, 0xf9, 0x5f, 0xff, 0xff, 0xe0,
    0xff, 0xe5, 0x7f, 0xff, 0x2a, 0x5f, 0xff, 0x48,
    0x7f, 0xf2, 0x9f, 0xff, 0xe5, 0x21, 0xff, 0xff,
    0x7f, 0xff, 0x94, 0x1f, 0xff, 0xf2, 0xff, 0xfe,
    0x50, 0x7f, 0xff, 0xcb, 0xff, 0xf9, 0x41, 0xff,
    0xff, 0x2f, 0xff, 0xe5, 0x7, 0xff, 0xfc, 0xff,
    0xfe, 0x58, 0x7f, 0xff, 0xcf, 0xff, 0xe5, 0x87,
    0xff, 0xfc, 0xff, 0xfe, 0x54, 0x1f, 0xff, 0xf3,
    0xff, 0xf9, 0x50, 0x7f, 0xff, 0xcf, 0xff, 0xe5,
    0x21, 0xff, 0xff, 0x7f, 0xff, 0x94, 0x87, 0xff,
    0xfd, 0xff, 0xfe, 0x52, 0x1f, 0xff, 0xf7, 0xff,
    0xf9, 0x41, 0xff, 0xff, 0x2f, 0xff, 0xe5, 0x7,
    0xff, 0xfc, 0xbf, 0xff, 0x94, 0x1f, 0xff, 0xf2,
    0xff, 0xfe, 0x50, 0x7f, 0xff, 0xcf, 0xff, 0xe5,
    0x87, 0xff, 0xfc, 0xff, 0xfe, 0x54, 0x1f, 0xff,
    0xf3, 0xff, 0xf9, 0x50, 0x7f, 0xff, 0xcf, 0xff,
    0xe5, 0x41, 0xff, 0xff, 0x3f, 0xff, 0x94, 0x87,
    0xff, 0xfd, 0xff, 0xfe, 0x52, 0x1f, 0xff, 0xf7,
    0xff, 0xf9, 0x48, 0x7f, 0xff, 0xdf, 0xff, 0xe5,
    0x7, 0xff, 0xfc, 0xbf, 0xff, 0x94, 0x1f, 0xff,
    0xf2, 0xff, 0xfe, 0x50, 0x7f, 0xff, 0xcf, 0xff,
    0xe5, 0x87, 0xff, 0xfc, 0xff, 0xfe, 0x58, 0x7f,
    0xff, 0xcf, 0xff, 0xe5, 0x41, 0xff, 0xff, 0x3f,
    0xff, 0x95, 0x7, 0xff, 0xfc, 0xff, 0xfe, 0x54,
    0x1f, 0xfc, 0x15, 0x53, 0xff, 0xd4, 0x50, 0x7f,
    0xf8, 0x7f, 0xff, 0x94, 0x87, 0xf3, 0x7f, 0xff,
    0x2a, 0x43, 0xff, 0xb8, 0xff, 0xff, 0x29, 0xf,
    0x3f, 0xff, 0xd2, 0x43, 0xff, 0xb2, 0xff, 0xff,
    0x29, 0xd, 0x7f, 0xff, 0x5a, 0x43, 0xff, 0xad,
    0x7f, 0xff, 0x28, 0x2b, 0xff, 0xfb, 0x68, 0x7f,
    0xf5, 0x2f, 0xff, 0xe5, 0x17, 0xff, 0xf7, 0xd0,
    0xff, 0xe9, 0x5f, 0xff, 0xf8, 0x83, 0xff, 0xa3,
    0xff, 0xff, 0xb4, 0x3f, 0xf9, 0xff, 0xff, 0xfd,
    0xf, 0xfe, 0x77, 0xff, 0xff, 0x90, 0xff, 0xe6,
    0x7f, 0xff, 0xfd, 0xf, 0xfe, 0x5f, 0xff, 0xff,
    0xf8, 0x3f, 0xf9, 0x2f, 0xff, 0xff, 0xfd, 0x7,
    0xff, 0x21, 0xff, 0xff, 0xff, 0xd0, 0x7f, 0xf1,
    0xdf, 0xff, 0xff, 0xfe, 0x43, 0xff, 0x8d, 0x7f,
    0xff, 0xff, 0xf9, 0xf, 0xfe, 0x2d, 0xff, 0xff,
    0xff, 0xf0, 0x7f, 0xf1, 0x6f, 0xff, 0xff, 0xff,
    0xc1, 0xff, 0xc4, 0xff, 0xff, 0xff, 0xfe, 0x83,
    0xff, 0x87, 0xff, 0xff, 0xff, 0xfe, 0x43, 0xff,
    0x85, 0xff, 0xff, 0xff, 0xff, 0x7, 0xff, 0xb,
    0xff, 0xff, 0xff, 0xfe, 0x83, 0xff, 0x83, 0xff,
    0xfd, 0xba, 0xf7, 0xff, 0xf7, 0x43, 0xff, 0x80,
    0xff, 0xff, 0x5a, 0x43, 0xff, 0x80, 0xaf, 0xff,
    0xec, 0x41, 0xff, 0x3f, 0xff, 0xd3, 0x43, 0xff,
    0x91, 0x7f, 0xff, 0x58, 0x3f, 0xe7, 0xff, 0xfa,
    0x28, 0x7f, 0xf3, 0x1f, 0xff, 0xea, 0x41, 0xfe,
    0xbf, 0xff, 0x9e, 0x87, 0xff, 0x42, 0xff, 0xfe,
    0x98, 0x7f, 0xaf, 0xff, 0xe6, 0xc1, 0xff, 0xd3,
    0x7f, 0xff, 0xa5, 0x7, 0xf7, 0xff, 0xf3, 0x50,
    0xff, 0xea, 0xbf, 0xff, 0xd2, 0xf, 0xef, 0xff,
    0xe5, 0xc1, 0xff, 0xd8, 0x7f, 0xff, 0xa2, 0x87,
    0xef, 0xff, 0xe5, 0x41, 0xff, 0xda, 0x7f, 0xff,
    0xa1, 0x7, 0xff, 0xea, 0xff, 0xfe, 0x80, 0x7f,
    0xfe, 0xff, 0xff, 0xa0, 0x87, 0xff, 0xef, 0xff,
    0xf9, 0xf0, 0x7f, 0xfe, 0xef, 0xff, 0xe7, 0x87,
    0xff, 0xf3, 0xff, 0xf9, 0xe1, 0xff, 0xfc, 0xbf,
    0xff, 0x9c, 0x87, 0xff, 0xed, 0xff, 0xfe, 0x72,
    0x1f, 0xff, 0xcf, 0xff, 0xe7, 0x41, 0xff, 0xfc,
    0xbf, 0xff, 0x9c, 0x1f, 0xff, 0xc7, 0xff, 0xf9,
    0xc1, 0xff, 0xfc, 0x7f, 0xff, 0x9c, 0x1f, 0xff,
    0xdf, 0xff, 0xe7, 0x7, 0xff, 0xf7, 0xff, 0xf9,
    0xc1, 0xff, 0xfd, 0xff, 0xfe, 0x72, 0x1f, 0xff,
    0xcb, 0xff, 0xf9, 0xa8, 0x7f, 0xff, 0x2f, 0xff,
    0xe6, 0xa1, 0xff, 0xfc, 0xbf, 0xff, 0x9a, 0x87,
    0xff, 0xf2, 0xff, 0xfe, 0x6a, 0x1f, 0xff, 0xcb,
    0xff, 0xf9, 0xa8, 0x7f, 0xff, 0x2f, 0xff, 0xe6,
    0xa1, 0xff, 0xfc, 0xbf, 0xff, 0x9a, 0x87, 0xff,
    0xf3, 0xff, 0xf9, 0xc1, 0xff, 0xfd, 0xff, 0xfe,
    0x70, 0x7f, 0xff, 0x7f, 0xff, 0x9c, 0x1f, 0xff,
    0xdf, 0xff, 0xe7, 0x7, 0xff, 0xf1, 0xff, 0xfe,
    0x70, 0xff, 0xff, 0x32, 0xf, 0xff, 0xd, 0xff,
    0xfc, 0xd8, 0x1f, 0xff, 0xcd, 0xf, 0xff, 0xf,
    0xff, 0xf3, 0xa0, 0x7f, 0xff, 0x34, 0x3f, 0xfc,
    0x3f, 0xff, 0xce, 0x41, 0xff, 0xfc, 0xd8, 0x3f,
    0xfb, 0xf7, 0xff, 0xf3, 0x82, 0xbf, 0xff, 0x9a,
    0x1f, 0xfd, 0xff, 0xff, 0xe7, 0x84, 0xff, 0xff,
    0x35, 0xf, 0xfe, 0xeb, 0xff, 0xfc, 0xe8, 0x37,
    0xff, 0xf3, 0x83, 0xff, 0xbb, 0xff, 0xfc, 0xf4,
    0x37, 0xff, 0xf3, 0x90, 0xff, 0xed, 0xdf, 0xff,
    0xcf, 0xe, 0xbf, 0xff, 0x9c, 0x1f, 0xfd, 0xbf,
    0xff, 0xe8, 0x7, 0xbf, 0xff, 0x9e, 0x1f, 0xfd,
    0x9f, 0xff, 0xe8, 0x21, 0xef, 0xff, 0xe7, 0xc1,
    0xff, 0xd7, 0xbf, 0xff, 0xa0, 0x1f, 0x5f, 0xff,
    0xcf, 0x83, 0xff, 0xab, 0x7f, 0xff, 0x42, 0xf,
    0xdf, 0xff, 0xd0, 0x83, 0xff, 0xa7, 0x7f, 0xff,
    0x45, 0xf, 0xd7, 0xff, 0xf4, 0x20, 0xff, 0xe8,
    0xdf, 0xff, 0xd2, 0xf, 0xe7, 0xff, 0xfa, 0x30,
    0x7f, 0xf3, 0x9f, 0xff, 0xe9, 0xa1, 0xfe, 0xff,
    0xfe, 0x9a, 0x1f, 0xfc, 0xbb, 0xff, 0xfa, 0x81,
    0xff, 0x3f, 0xff, 0xd4, 0x43, 0xff, 0x8f, 0x7f,
    0xff, 0x55, 0xf, 0xfe, 0x5, 0xff, 0xfd, 0x59,
    0xf, 0xfe, 0x3, 0x7f, 0xff, 0x60, 0x3f, 0xf8,
    0x5f, 0xff, 0xdb, 0xae, 0xff, 0xfe, 0xe0, 0x7f,
    0xf0, 0xef, 0xff, 0xff, 0xff, 0xd0, 0x7f, 0xf1,
    0x3f, 0xff, 0xff, 0xff, 0x7, 0xff, 0x1b, 0xff,
    0xff, 0xff, 0xc1, 0xff, 0xc7, 0x7f, 0xff, 0xff,
    0xf4, 0x1f, 0xfc, 0x8b, 0xff, 0xff, 0xfc, 0x1f,
    0xfc, 0xaf, 0xff, 0xff, 0xe1, 0xff, 0xcc, 0xff,
    0xff, 0xf0, 0x7f, 0xf3, 0xbf, 0xff, 0xf8, 0x1f,
    0xfd, 0xf, 0xff, 0xfd, 0x7, 0xff, 0x4b, 0xff,
    0xff, 0x1, 0xff, 0xd4, 0xff, 0xff, 0xb0, 0x7f,
    0xf5, 0xaf, 0xff, 0xf9, 0x41, 0xff, 0xd8, 0x7f,
    0xff, 0xe0, 0x87, 0xff, 0x6f, 0xff, 0xfd, 0xc1,
    0xff, 0xde, 0xbf, 0xff, 0xd4, 0x87, 0xff, 0x86,
    0xff, 0xff, 0x34, 0x1f, 0xfe, 0x47, 0xff, 0xfc,
    0x70, 0x7f, 0xfa, 0x1b, 0xff, 0xfb, 0xd0, 0x7f,
    0xfb, 0x6f, 0xff, 0xed, 0x21, 0xff, 0xf1, 0x6f,
    0xff, 0xea, 0x21, 0xff, 0xf8, 0x6f, 0xff, 0xe6,
    0x48, 0x7f, 0xff, 0xd5, 0x4f, 0xff, 0xa8, 0xa0,
    0xff, 0xee, 0x80,

    /* U+0036 "6" */
    0xf, 0xff, 0x3, 0xff, 0xfc, 0xe4, 0x3f, 0xff,
    0xbf, 0xff, 0xcf, 0xf, 0xff, 0xeb, 0xff, 0xfc,
    0xe4, 0x3f, 0xff, 0xbf, 0xff, 0xce, 0x83, 0xff,
    0xfa, 0xff, 0xff, 0x38, 0x3f, 0xff, 0xdf, 0xff,
    0xce, 0x83, 0xff, 0xfa, 0xff, 0xff, 0x38, 0x3f,
    0xff, 0xdf, 0xff, 0xce, 0x43, 0xff, 0xfb, 0x7f,
    0xff, 0x36, 0xf, 0xff, 0xf7, 0xff, 0xf3, 0x83,
    0xff, 0xfd, 0x7f, 0xff, 0x36, 0xf, 0xff, 0xf7,
    0xff, 0xf3, 0x83, 0xff, 0xfd, 0x7f, 0xff, 0x35,
    0xf, 0xff, 0xf7, 0xff, 0xf3, 0x83, 0xff, 0xfd,
    0x7f, 0xff, 0x34, 0x3f, 0xff, 0xcf, 0xff, 0xf3,
    0x60, 0xff, 0xff, 0x7f, 0xff, 0x38, 0x3f, 0xff,
    0xcf, 0xff, 0xf3, 0x50, 0xff, 0xff, 0x7f, 0xff,
    0x38, 0x3f, 0xff, 0xcf, 0xff, 0xf3, 0x43, 0xff,
    0xff, 0xff, 0xfc, 0xd8, 0x3f, 0xff, 0xcf, 0xff,
    0xf3, 0x43, 0xff, 0xff, 0xff, 0xfc, 0xd4, 0x3f,
    0xff, 0xd7, 0xff, 0xf3, 0x43, 0xff, 0xff, 0xff,
    0xfc, 0xd0, 0xff, 0xff, 0xdf, 0xff, 0xcc, 0x83,
    0xff, 0xff, 0xff, 0xfc, 0xd0, 0xff, 0xff, 0xdf,
    0xff, 0xcc, 0x43, 0xff, 0xff, 0xff, 0xfc, 0xd0,
    0xff, 0xff, 0xdf, 0xff, 0xcc, 0xf, 0xff, 0xf9,
    0xff, 0xfc, 0xc8, 0x3f, 0xff, 0xff, 0xff, 0xcd,
    0xf, 0xff, 0xfb, 0xff, 0xfc, 0xc4, 0x3f, 0xff,
    0xff, 0xff, 0xcd, 0xf, 0xff, 0xfb, 0xff, 0xfc,
    0xc0, 0xff, 0xff, 0x9f, 0xff, 0xcc, 0x83, 0xff,
    0xfe, 0xff, 0xff, 0x30, 0x3f, 0xff, 0xe7, 0xff,
    0xf3, 0x10, 0xff, 0xff, 0xdf, 0xff, 0xcc, 0xf,
    0xff, 0xf9, 0xff, 0xfc, 0xc4, 0x3f, 0xff, 0xf7,
    0xff, 0xf2, 0xe0, 0xff, 0xff, 0x9f, 0xff, 0xcc,
    0xf, 0xff, 0xf9, 0x7f, 0xff, 0x2d, 0xf, 0xff,
    0xf9, 0xff, 0xfc, 0xc0, 0xff, 0xff, 0x97, 0xff,
    0xf2, 0xd0, 0xff, 0xff, 0x9f, 0xff, 0xcb, 0x83,
    0xff, 0xfe, 0x7f, 0xff, 0x30, 0x3f, 0xff, 0xe3,
    0xff, 0xfc, 0xb4, 0x3f, 0xff, 0xe7, 0xff, 0xf3,
    0x3, 0xff, 0xfe, 0x3f, 0xff, 0xcb, 0x43, 0xff,
    0xfe, 0x7f, 0xff, 0x2e, 0xf, 0xff, 0xf8, 0xff,
    0xff, 0x2c, 0x3f, 0xff, 0xe0, 0xff, 0xfe, 0x5c,
    0x1f, 0xff, 0xf2, 0xff, 0xfe, 0x58, 0x7f, 0xff,
    0xc1, 0xff, 0xfc, 0xb4, 0x3f, 0xff, 0xe5, 0xff,
    0xfc, 0xa8, 0x3f, 0xcd, 0x3f, 0xfa, 0x8a, 0xf,
    0xff, 0x3f, 0xff, 0xf2, 0xc3, 0xeb, 0xff, 0xf9,
    0x32, 0x1f, 0xfe, 0x2b, 0xff, 0xf9, 0x50, 0x4d,
    0xff, 0xfd, 0x4, 0x3f, 0xfb, 0xff, 0xff, 0xcb,
    0x5, 0xff, 0xfd, 0x58, 0x3f, 0xfb, 0x97, 0xff,
    0xf2, 0xa9, 0xff, 0xfd, 0x98, 0x3f, 0xfb, 0x5f,
    0xff, 0xf4, 0x83, 0xff, 0xaf, 0x7f, 0xff, 0xda,
    0xf, 0xfe, 0xaf, 0xff, 0xfe, 0x43, 0xff, 0xa7,
    0x7f, 0xff, 0xe9, 0xf, 0xfe, 0x8f, 0xff, 0xff,
    0x20, 0xff, 0xe7, 0xdf, 0xff, 0xfe, 0xf, 0xfe,
    0x77, 0xff, 0xff, 0xf0, 0xff, 0xe6, 0x5f, 0xff,
    0xff, 0xf0, 0x7f, 0xf2, 0xff, 0xff, 0xff, 0xf8,
    0x3f, 0xf9, 0x2f, 0xff, 0xff, 0xff, 0x83, 0xff,
    0x91, 0xff, 0xff, 0xff, 0xf4, 0x1f, 0xfc, 0x67,
    0xff, 0xff, 0xff, 0xf4, 0x1f, 0xfc, 0x5f, 0xff,
    0xff, 0xff, 0xf2, 0x1f, 0xfc, 0x4f, 0xff, 0xff,
    0xff, 0xf8, 0x3f, 0xf8, 0x77, 0xff, 0xff, 0xff,
    0xfd, 0x7, 0xff, 0xb, 0xff, 0xff, 0xff, 0xff,
    0xc0, 0x43, 0xff, 0x80, 0xff, 0xff, 0xff, 0xff,
    0xf8, 0x21, 0xff, 0xc0, 0xff, 0xfe, 0xfd, 0x7b,
    0xff, 0xfb, 0x88, 0x7f, 0x9f, 0xff, 0xed, 0x48,
    0x7f, 0xf0, 0x1b, 0xff, 0xfb, 0x1, 0xfe, 0xbf,
    0xff, 0xae, 0x87, 0xff, 0x22, 0xff, 0xfe, 0xaa,
    0x1f, 0xdf, 0xff, 0xd6, 0x43, 0xff, 0x99, 0x7f,
    0xff, 0x50, 0x3f, 0x3f, 0xff, 0xd4, 0x83, 0xff,
    0x9e, 0xff, 0xff, 0x4d, 0xf, 0xaf, 0xff, 0xe9,
    0x87, 0xff, 0x4f, 0xff, 0xfa, 0x61, 0xf7, 0xff,
    0xf4, 0xc3, 0xff, 0xab, 0xff, 0xfd, 0x20, 0xfb,
    0xff, 0xfa, 0x41, 0xff, 0xd7, 0xff, 0xfe, 0x8a,
    0x1d, 0x7f, 0xff, 0x44, 0x3f, 0xfb, 0x3f, 0xff,
    0xd1, 0xe, 0xff, 0xfe, 0x88, 0x7f, 0xf6, 0x9f,
    0xff, 0xe8, 0x7, 0x7f, 0xff, 0x41, 0xf, 0xfe,
    0xdd, 0xff, 0xfc, 0xf4, 0x37, 0xff, 0xf3, 0xe0,
    0xff, 0xee, 0xff, 0xff, 0x3e, 0x9, 0xff, 0xfe,
    0x78, 0x7f, 0xf7, 0xaf, 0xff, 0xe7, 0x85, 0x7f,
    0xff, 0x3a, 0xf, 0xfe, 0xff, 0xff, 0xf3, 0xc2,
    0xff, 0xfe, 0x78, 0x7f, 0xf8, 0x2f, 0xff, 0xe7,
    0x20, 0xff, 0xfe, 0x78, 0x7f, 0xf8, 0x1f, 0xff,
    0xe7, 0x20, 0xff, 0xfe, 0x72, 0x1f, 0xfe, 0x1f,
    0xff, 0xe7, 0x40, 0xff, 0xfe, 0x70, 0x7f, 0xf8,
    0xaf, 0xff, 0xe7, 0xf, 0xff, 0xf3, 0x83, 0xff,
    0xc5, 0x7f, 0xff, 0x38, 0x7f, 0xff, 0x9b, 0x7,
    0xff, 0x89, 0xff, 0xfe, 0x70, 0xff, 0xff, 0x36,
    0xf, 0xff, 0x1f, 0xff, 0xf3, 0x8b, 0xff, 0xf9,
    0xa8, 0x7f, 0xf8, 0xff, 0xff, 0x9c, 0x5f, 0xff,
    0xcd, 0x43, 0xff, 0xc7, 0xff, 0xfc, 0xe2, 0xff,
    0xfe, 0x6a, 0x1f, 0xfe, 0x3f, 0xff, 0xe7, 0x17,
    0xff, 0xf3, 0x43, 0xff, 0xc9, 0xff, 0xfc, 0xe2,
    0xff, 0xfe, 0x68, 0x7f, 0xf9, 0x3f, 0xff, 0x9c,
    0x5f, 0xff, 0xcd, 0xf, 0xff, 0x27, 0xff, 0xf3,
    0x8b, 0xff, 0xf9, 0xa8, 0x7f, 0xf8, 0xff, 0xff,
    0x9c, 0x3f, 0xff, 0xcd, 0x43, 0xff, 0xc7, 0xff,
    0xfc, 0xe1, 0xff, 0xfe, 0x6a, 0x1f, 0xfe, 0x3f,
    0xff, 0xe7, 0x3, 0xff, 0xf9, 0xb0, 0x7f, 0xf8,
    0xff, 0xff, 0x9c, 0xf, 0xff, 0xe7, 0x7, 0xff,
    0x89, 0xff, 0xfe, 0x70, 0x3f, 0xff, 0x9c, 0x1f,
    0xfe, 0x2b, 0xff, 0xf9, 0xb0, 0x3f, 0xff, 0x9c,
    0x1f, 0xfe, 0x2b, 0xff, 0xf9, 0xa8, 0x2f, 0xff,
    0xe6, 0xa1, 0xff, 0xe1, 0xff, 0xfe, 0x72, 0x7,
    0xff, 0xf9, 0xc1, 0xff, 0xe0, 0x7f, 0xff, 0x9c,
    0x1b, 0xff, 0xf9, 0xc1, 0xff, 0xe0, 0xbf, 0xff,
    0x9c, 0x1b, 0xff, 0xf9, 0xd0, 0x7f, 0xf7, 0xff,
    0xff, 0x9d, 0x6, 0xbf, 0xff, 0x9c, 0x1f, 0xfd,
    0xeb, 0xff, 0xf9, 0xc8, 0x67, 0xff, 0xf9, 0xd0,
    0x7f, 0xf7, 0x7f, 0xff, 0x9e, 0x1e, 0xff, 0xfe,
    0x78, 0x7f, 0xf7, 0x3f, 0xff, 0xa0, 0x1e, 0xbf,
    0xff, 0x9e, 0x1f, 0xfd, 0xab, 0xff, 0xf9, 0xe8,
    0x79, 0xff, 0xfe, 0x7c, 0x1f, 0xfd, 0x87, 0xff,
    0xfa, 0x1, 0xfb, 0xff, 0xfa, 0x10, 0x7f, 0xf5,
    0x9f, 0xff, 0xe8, 0x41, 0xfa, 0xff, 0xfe, 0x84,
    0x1f, 0xfd, 0x47, 0xff, 0xfa, 0x28, 0x7f, 0x7f,
    0xff, 0x46, 0xf, 0xfe, 0x95, 0xff, 0xfd, 0x20,
    0xff, 0x5f, 0xff, 0xd2, 0xf, 0xfe, 0x87, 0xff,
    0xf4, 0xd0, 0xff, 0xbf, 0xff, 0xa7, 0x7, 0xff,
    0x32, 0xff, 0xfe, 0xa0, 0x7f, 0xf0, 0x2f, 0xff,
    0xea, 0x41, 0xff, 0xc8, 0xbf, 0xff, 0xaa, 0x87,
    0xff, 0x7, 0xff, 0xfa, 0xf2, 0x1f, 0xfc, 0x6,
    0xff, 0xfe, 0xc0, 0x7f, 0xf0, 0x9f, 0xff, 0xed,
    0xd7, 0xbf, 0xff, 0xb8, 0x1f, 0xfc, 0x4f, 0xff,
    0xff, 0xff, 0xf4, 0x1f, 0xfc, 0x5f, 0xff, 0xff,
    0xff, 0xe0, 0xff, 0xe3, 0x3f, 0xff, 0xff, 0xff,
    0x7, 0xff, 0x22, 0xff, 0xff, 0xff, 0xe4, 0x3f,
    0xf9, 0x3f, 0xff, 0xff, 0xfa, 0xf, 0xfe, 0x5f,
    0xff, 0xff, 0xfc, 0x1f, 0xfc, 0xdf, 0xff, 0xff,
    0x87, 0xff, 0x3f, 0xff, 0xff, 0xa1, 0xff, 0xd1,
    0xff, 0xff, 0xd8, 0x7f, 0xf4, 0xff, 0xff, 0xf2,
    0x1f, 0xfd, 0x5f, 0xff, 0xfb, 0x87, 0xff, 0x5e,
    0xff, 0xff, 0x9c, 0x1f, 0xfd, 0x97, 0xff, 0xfe,
    0x28, 0x7f, 0xf7, 0x3f, 0xff, 0xdd, 0x7, 0xff,
    0x7d, 0xff, 0xff, 0x5a, 0x1f, 0xfe, 0x2b, 0xff,
    0xfc, 0xf0, 0x7f, 0xf9, 0xaf, 0xff, 0xf1, 0xc1,
    0xff, 0xea, 0xbf, 0xff, 0xbf, 0x7, 0xff, 0xb9,
    0xff, 0xfe, 0xda, 0x1f, 0xff, 0x3b, 0xff, 0xfa,
    0xa8, 0x7f, 0xfe, 0x5b, 0xff, 0xf9, 0xb2, 0x1f,
    0xff, 0xf0, 0x2a, 0x9f, 0xff, 0x51, 0x41, 0xff,
    0xdd,

    /* U+0037 "7" */
    0xff, 0xff, 0xff, 0xff, 0xf1, 0x9f, 0xff, 0xff,
    0xff, 0xff, 0x1a, 0xff, 0xff, 0xff, 0xff, 0xf1,
    0xaf, 0xff, 0xff, 0xff, 0xff, 0x1a, 0xff, 0xff,
    0xff, 0xff, 0xf1, 0xaf, 0xff, 0xff, 0xff, 0xff,
    0x1a, 0xff, 0xff, 0xff, 0xff, 0xf1, 0xaf, 0xff,
    0xff, 0xff, 0xff, 0x1a, 0xff, 0xff, 0xff, 0xff,
    0xf1, 0xaf, 0xff, 0xff, 0xff, 0xff, 0x1a, 0xff,
    0xff, 0xff, 0xff, 0xf1, 0xaf, 0xff, 0xff, 0xff,
    0xff, 0x1a, 0xff, 0xff, 0xff, 0xff, 0xf1, 0xaf,
    0xff, 0xff, 0xff, 0xff, 0x1a, 0xff, 0xff, 0xff,
    0xff, 0xf1, 0xaf, 0xff, 0xff, 0xff, 0xff, 0x1a,
    0xff, 0xff, 0xff, 0xff, 0xf1, 0xaf, 0xff, 0xff,
    0xff, 0xff, 0x1a, 0xff, 0xff, 0xff, 0xff, 0xf1,
    0xaf, 0xff, 0xff, 0xff, 0xff, 0x1a, 0xff, 0xff,
    0xff, 0xff, 0xf1, 0x9f, 0xff, 0xff, 0xff, 0xff,
    0x18, 0x3f, 0xfe, 0xef, 0xff, 0xf3, 0x50, 0xff,
    0xfb, 0xff, 0xff, 0x38, 0x3f, 0xfe, 0xef, 0xff,
    0xf3, 0x60, 0xff, 0xfb, 0xff, 0xff, 0x38, 0x3f,
    0xfe, 0xef, 0xff, 0xf3, 0x60, 0xff, 0xfb, 0xff,
    0xff, 0x38, 0x3f, 0xff, 0x1f, 0xff, 0xcd, 0x83,
    0xff, 0xef, 0x7f, 0xff, 0x35, 0xf, 0xff, 0xbf,
    0xff, 0xf3, 0x83, 0xff, 0xef, 0x7f, 0xff, 0x35,
    0xf, 0xff, 0xbf, 0xff, 0xf3, 0x83, 0xff, 0xef,
    0x7f, 0xff, 0x35, 0xf, 0xff, 0xbf, 0xff, 0xf3,
    0x83, 0xff, 0xee, 0xff, 0xff, 0x36, 0xf, 0xff,
    0xbf, 0xff, 0xf3, 0x83, 0xff, 0xee, 0xff, 0xff,
    0x36, 0xf, 0xff, 0xbf, 0xff, 0xf3, 0x83, 0xff,
    0xee, 0xff, 0xff, 0x38, 0x3f, 0xfe, 0xff, 0xff,
    0xce, 0x43, 0xff, 0xec, 0xff, 0xff, 0x38, 0x3f,
    0xfe, 0xff, 0xff, 0xce, 0x43, 0xff, 0xef, 0xff,
    0xfc, 0xe0, 0xff, 0xfb, 0xdf, 0xff, 0xcd, 0x43,
    0xff, 0xef, 0xff, 0xfc, 0xe0, 0xff, 0xfb, 0xdf,
    0xff, 0xcd, 0x83, 0xff, 0xef, 0xff, 0xfc, 0xe0,
    0xff, 0xfb, 0xdf, 0xff, 0xcd, 0x83, 0xff, 0xef,
    0xff, 0xfc, 0xe0, 0xff, 0xfb, 0xbf, 0xff, 0xce,
    0xf, 0xff, 0xbf, 0xff, 0xf3, 0x90, 0xff, 0xfb,
    0x3f, 0xff, 0xce, 0xf, 0xff, 0xbf, 0xff, 0xf3,
    0x90, 0xff, 0xfb, 0x3f, 0xff, 0xce, 0xf, 0xff,
    0xbf, 0xff, 0xf3, 0x90, 0xff, 0xfb, 0x3f, 0xff,
    0xce, 0xf, 0xff, 0xbd, 0xff, 0xfc, 0xd8, 0x3f,
    0xfe, 0xff, 0xff, 0xce, 0xf, 0xff, 0xbd, 0xff,
    0xfc, 0xd8, 0x3f, 0xfe, 0xff, 0xff, 0xce, 0xf,
    0xff, 0xbd, 0xff, 0xfc, 0xe0, 0xff, 0xfb, 0xff,
    0xff, 0x39, 0xf, 0xff, 0xb5, 0xff, 0xfc, 0xe0,
    0xff, 0xfb, 0xff, 0xff, 0x39, 0xf, 0xff, 0xb3,
    0xff, 0xfc, 0xe0, 0xff, 0xfb, 0xff, 0xff, 0x3a,
    0xf, 0xff, 0xb3, 0xff, 0xfc, 0xe0, 0xff, 0xfb,
    0xff, 0xff, 0x3a, 0xf, 0xff, 0xb3, 0xff, 0xfc,
    0xe0, 0xff, 0xfb, 0xff, 0xff, 0x3a, 0xf, 0xff,
    0xb3, 0xff, 0xfc, 0xe0, 0xff, 0xfb, 0xdf, 0xff,
    0xce, 0xf, 0xff, 0xbf, 0xff, 0xf3, 0x90, 0xff,
    0xfb, 0x5f, 0xff, 0xce, 0xf, 0xff, 0xbf, 0xff,
    0xf3, 0x90, 0xff, 0xfb, 0x5f, 0xff, 0xce, 0xf,
    0xff, 0xbf, 0xff, 0xf3, 0xa0, 0xff, 0xfb, 0x5f,
    0xff, 0xce, 0xf, 0xff, 0xbf, 0xff, 0xf3, 0xa0,
    0xff, 0xfb, 0x3f, 0xff, 0xce, 0xf, 0xff, 0xbf,
    0xff, 0xf3, 0xa0, 0xff, 0xfb, 0x3f, 0xff, 0xce,
    0x43, 0xff, 0xed, 0xff, 0xfc, 0xf0, 0xff, 0xfb,
    0x3f, 0xff, 0xce, 0x43, 0xff, 0xed, 0xff, 0xfc,
    0xf0, 0xff, 0xfb, 0xff, 0xff, 0x39, 0xf, 0xff,
    0xb5, 0xff, 0xfc, 0xe0, 0xff, 0xfb, 0xff, 0xff,
    0x3a, 0xf, 0xff, 0xb5, 0xff, 0xfc, 0xe0, 0xff,
    0xfb, 0xff, 0xff, 0x3a, 0xf, 0xff, 0xb5, 0xff,
    0xfc, 0xe0, 0xff, 0xfb, 0xff, 0xff, 0x3a, 0xf,
    0xff, 0xb3, 0xff, 0xfc, 0xe4, 0x3f, 0xfe, 0xdf,
    0xff, 0xcf, 0xf, 0xff, 0xb3, 0xff, 0xfc, 0xe4,
    0x3f, 0xfe, 0xdf, 0xff, 0xcf, 0xf, 0xff, 0xb3,
    0xff, 0xfc, 0xe4, 0x3f, 0xfe, 0xdf, 0xff, 0xcf,
    0xf, 0xff, 0xb3, 0xff, 0xfc, 0xe8, 0x3f, 0xfe,
    0xdf, 0xff, 0xcf, 0xf, 0xff, 0xbf, 0xff, 0xf3,
    0xa0, 0xff, 0xfb, 0x5f, 0xff, 0xce, 0xf, 0xff,
    0xbf, 0xff, 0xf3, 0xa0, 0xff, 0xfb, 0x5f, 0xff,
    0xce, 0x43, 0xff, 0xed, 0xff, 0xfc, 0xf0, 0xff,
    0xfb, 0x5f, 0xff, 0xce, 0x43, 0xff, 0xed, 0xff,
    0xfc, 0xf0, 0xff, 0xfb, 0x3f, 0xff, 0xce, 0x43,
    0xff, 0xed, 0xff, 0xfc, 0xf0, 0xff, 0xfb, 0x3f,
    0xff, 0xce, 0x83, 0xff, 0xed, 0xff, 0xfc, 0xf0,
    0xff, 0xfb, 0x3f, 0xff, 0xce, 0x83, 0xff, 0xed,
    0xff, 0xfc, 0xf0, 0xff, 0xfb, 0x3f, 0xff, 0xce,
    0x83, 0xff, 0xed, 0x7f, 0xff, 0x39, 0xf, 0xff,
    0xb7, 0xff, 0xf3, 0xc3, 0xff, 0xed, 0x7f, 0xff,
    0x39, 0xf, 0xff, 0xb7, 0xff, 0xf3, 0xc3, 0xff,
    0xed, 0x7f, 0xff, 0x39, 0xf, 0xff, 0xb7, 0xff,
    0xf3, 0xc3, 0xff, 0xed, 0x7f, 0xff, 0x3a, 0xf,
    0xff, 0xb7, 0xff, 0xf3, 0xc3, 0xff, 0xec, 0xff,
    0xff, 0x3a, 0xf, 0xff, 0xb7, 0xff, 0xf3, 0xc3,
    0xff, 0xec, 0xff, 0xff, 0x3a, 0xf, 0xff, 0xb7,
    0xff, 0xf3, 0xd0, 0xff, 0xfa, 0xbf, 0xff, 0xcf,
    0xf, 0xff, 0xb7, 0xff, 0xf3, 0xd0, 0xff, 0xfa,
    0xbf, 0xff, 0xcf, 0xf, 0xff, 0xb5, 0xff, 0xfc,
    0xe4, 0x3f, 0xfe, 0xdf, 0xff, 0xcf, 0xf, 0xff,
    0xb5, 0xff, 0xfc, 0xe8, 0x3f, 0xfe, 0xdf, 0xff,
    0xcf, 0xf, 0xff, 0xb5, 0xff, 0xfc, 0xe8, 0x3f,
    0xfe, 0xdf, 0xff, 0xcf, 0xf, 0xff, 0xb5, 0xff,
    0xfc, 0xf0, 0xff, 0xfb, 0x7f, 0xff, 0x3d, 0xf,
    0xff, 0xab, 0xff, 0xfc, 0xf0, 0xff, 0xfb, 0x7f,
    0xff, 0x3d, 0xf, 0xff, 0xab, 0xff, 0xfc, 0xf0,
    0xff, 0xfb, 0x7f, 0xff, 0x3d, 0xf, 0xff, 0xab,
    0xff, 0xfc, 0xf0, 0xff, 0xfb, 0x7f, 0xff, 0x3e,
    0xf, 0xff, 0xb7, 0xff, 0xf3, 0xc3, 0xff, 0xed,
    0x7f, 0xff, 0x3a, 0xf, 0xff, 0xb7, 0xff, 0xf3,
    0xc3, 0xff, 0xdc,

    /* U+0038 "8" */
    0xf, 0xfe, 0xf3, 0x57, 0xff, 0xd4, 0x50, 0x7f,
    0xff, 0xc2, 0x6f, 0xff, 0xe6, 0xc8, 0x7f, 0xfe,
    0x5b, 0xff, 0xfa, 0xb0, 0x7f, 0xfc, 0xdb, 0xff,
    0xfb, 0x68, 0x7f, 0xfb, 0x9f, 0xff, 0xf0, 0x48,
    0x7f, 0xfa, 0x5f, 0xff, 0xf2, 0xa1, 0xff, 0xe5,
    0x7f, 0xff, 0xd2, 0x1f, 0xfe, 0x3f, 0xff, 0xf6,
    0x41, 0xff, 0xdf, 0xbf, 0xff, 0xde, 0x87, 0xff,
    0x73, 0xff, 0xfe, 0x50, 0x7f, 0xf6, 0x5f, 0xff,
    0xfa, 0x41, 0xff, 0xd7, 0x7f, 0xff, 0xee, 0x1f,
    0xfd, 0x5b, 0xff, 0xff, 0x21, 0xff, 0xd3, 0xbf,
    0xff, 0xf6, 0x1f, 0xfd, 0x17, 0xff, 0xff, 0xa1,
    0xff, 0xcf, 0x7f, 0xff, 0xfe, 0x1f, 0xfc, 0xef,
    0xff, 0xff, 0xf0, 0x7f, 0xf3, 0x3f, 0xff, 0xff,
    0xf2, 0x1f, 0xfc, 0xab, 0xff, 0xff, 0xff, 0x83,
    0xff, 0x92, 0xff, 0xff, 0xff, 0xfa, 0xf, 0xfe,
    0x47, 0xff, 0xff, 0xff, 0xe4, 0x3f, 0xf8, 0xcf,
    0xff, 0xff, 0xff, 0xf0, 0x7f, 0xf1, 0xbf, 0xff,
    0xb1, 0x28, 0x3e, 0x6f, 0xff, 0xec, 0x21, 0xff,
    0xc4, 0x7f, 0xff, 0xab, 0x7, 0xff, 0x11, 0xff,
    0xfe, 0xb0, 0x7f, 0xf1, 0x3f, 0xff, 0xa9, 0x7,
    0xff, 0x21, 0xff, 0xfe, 0xa2, 0x1f, 0xfc, 0x27,
    0xff, 0xfa, 0x61, 0xff, 0xcc, 0xbf, 0xff, 0xa6,
    0x1f, 0xfc, 0x2b, 0xff, 0xfa, 0x30, 0x7f, 0xf3,
    0x9f, 0xff, 0xe9, 0x7, 0xff, 0xb, 0xff, 0xfa,
    0x30, 0x7f, 0xf4, 0x7f, 0xff, 0xa2, 0x87, 0xff,
    0x1, 0xff, 0xfe, 0x84, 0x1f, 0xfd, 0x3f, 0xff,
    0xe8, 0x87, 0xff, 0x2, 0xff, 0xfe, 0x80, 0x7f,
    0xf5, 0x1f, 0xff, 0xe8, 0x7, 0xff, 0x3, 0xff,
    0xfa, 0x1, 0xff, 0xd6, 0xbf, 0xff, 0x9e, 0x87,
    0xfd, 0xff, 0xfc, 0xf4, 0x3f, 0xfa, 0xff, 0xff,
    0xcf, 0x43, 0xfe, 0xff, 0xfe, 0x78, 0x7f, 0xf6,
    0x1f, 0xff, 0xe7, 0x41, 0xfe, 0x7f, 0xff, 0x9c,
    0x87, 0xff, 0x67, 0xff, 0xf9, 0xe1, 0xfe, 0xbf,
    0xff, 0x9c, 0x1f, 0xfd, 0xab, 0xff, 0xf9, 0xc1,
    0xfe, 0xbf, 0xff, 0x9c, 0x1f, 0xfd, 0xbf, 0xff,
    0xe7, 0x7, 0xfa, 0xff, 0xfe, 0x6c, 0x1f, 0xfd,
    0xbf, 0xff, 0xe7, 0x7, 0xfa, 0xff, 0xfe, 0x6a,
    0x1f, 0xfd, 0xbb, 0xff, 0xf9, 0xa1, 0xfe, 0xff,
    0xfe, 0x70, 0x7f, 0xf7, 0x2f, 0xff, 0xe6, 0x87,
    0xfb, 0xff, 0xf9, 0xc1, 0xff, 0xdc, 0x7f, 0xff,
    0x9a, 0x1f, 0xef, 0xff, 0xe7, 0x7, 0xff, 0x71,
    0xff, 0xfe, 0x68, 0x7f, 0xaf, 0xff, 0xe6, 0x87,
    0xff, 0x71, 0xff, 0xfe, 0x68, 0x7f, 0xaf, 0xff,
    0xe6, 0x87, 0xff, 0x71, 0xff, 0xfe, 0x68, 0x7f,
    0xaf, 0xff, 0xe6, 0x87, 0xff, 0x72, 0xff, 0xfe,
    0x68, 0x7f, 0x9f, 0xff, 0xe6, 0x87, 0xff, 0x72,
    0xff, 0xfe, 0x68, 0x7f, 0x9f, 0xff, 0xe6, 0xa1,
    0xff, 0xdb, 0xbf, 0xff, 0x9a, 0x1f, 0xf7, 0xff,
    0xf3, 0x60, 0xff, 0xed, 0xff, 0xff, 0x36, 0xf,
    0xfb, 0xff, 0xf9, 0xc1, 0xff, 0xdb, 0xff, 0xfe,
    0x6a, 0x1f, 0xf7, 0xff, 0xf3, 0x83, 0xff, 0xb4,
    0xff, 0xff, 0x34, 0x3f, 0xf8, 0x17, 0xff, 0xf3,
    0x50, 0xff, 0xec, 0xff, 0xff, 0x38, 0x3f, 0xf8,
    0xf, 0xff, 0xf3, 0x83, 0xff, 0xb3, 0xff, 0xfc,
    0xd8, 0x3f, 0xf8, 0x3f, 0xff, 0xce, 0x43, 0xff,
    0xaf, 0x7f, 0xff, 0x35, 0xf, 0xfe, 0xd, 0xff,
    0xfc, 0xe0, 0xff, 0xeb, 0x3f, 0xff, 0xce, 0xf,
    0xfe, 0x1f, 0xff, 0xf3, 0xa0, 0xff, 0xea, 0xff,
    0xff, 0x3a, 0xf, 0xfe, 0x1d, 0xff, 0xfc, 0xe4,
    0x3f, 0xfa, 0x77, 0xff, 0xf3, 0x83, 0xff, 0x8b,
    0xff, 0xfc, 0xf4, 0x3f, 0xfa, 0x37, 0xff, 0xf3,
    0xa0, 0xff, 0xe2, 0xdf, 0xff, 0xcf, 0x43, 0xff,
    0x9f, 0x7f, 0xff, 0x3c, 0x3f, 0xf8, 0xff, 0xff,
    0xd0, 0x83, 0xff, 0x9b, 0xff, 0xfd, 0x8, 0x3f,
    0xf8, 0xef, 0xff, 0xf4, 0x43, 0xff, 0x95, 0x7f,
    0xff, 0x44, 0x3f, 0xf9, 0x37, 0xff, 0xf4, 0x64,
    0x3f, 0xf8, 0xb7, 0xff, 0xf4, 0x83, 0xff, 0x97,
    0xff, 0xfd, 0x49, 0xf, 0xf3, 0x7f, 0xff, 0x51,
    0xf, 0xfe, 0x67, 0xff, 0xff, 0xf8, 0x3f, 0xf9,
    0xdf, 0xff, 0xfe, 0x83, 0xff, 0xa1, 0xff, 0xff,
    0xc8, 0x3f, 0xfa, 0x5f, 0xff, 0xfa, 0x83, 0xff,
    0xa9, 0x7f, 0xff, 0xde, 0xf, 0xfe, 0xb3, 0xff,
    0xff, 0x54, 0x3f, 0xfb, 0x3f, 0xff, 0xf2, 0x83,
    0xff, 0xb8, 0xff, 0xff, 0xbd, 0xf, 0xfe, 0xfd,
    0xff, 0xfe, 0xb8, 0x3f, 0xfc, 0x77, 0xff, 0xf9,
    0xd0, 0xff, 0xf3, 0xbf, 0xff, 0xe3, 0x43, 0xff,
    0xd3, 0x7f, 0xff, 0x8d, 0xf, 0xff, 0x33, 0xff,
    0xfe, 0x89, 0xf, 0xff, 0xd, 0xff, 0xfe, 0xd4,
    0x3f, 0xfb, 0xaf, 0xff, 0xfc, 0x50, 0xff, 0xed,
    0x7f, 0xff, 0xd2, 0xf, 0xfe, 0xbd, 0xff, 0xff,
    0x74, 0x3f, 0xfa, 0x9f, 0xff, 0xfa, 0x83, 0xff,
    0xa2, 0xff, 0xff, 0xf4, 0x3f, 0xf9, 0xef, 0xff,
    0xff, 0xc3, 0xff, 0x9a, 0xff, 0xff, 0xff, 0xc8,
    0x7f, 0xf2, 0x9f, 0xff, 0xff, 0xfe, 0x43, 0xff,
    0x90, 0xff, 0xff, 0x5a, 0x50, 0x7c, 0xab, 0xff,
    0xfa, 0xc8, 0x7f, 0xf1, 0x9f, 0xff, 0xe9, 0xc8,
    0x7f, 0xf1, 0x6f, 0xff, 0xea, 0x7, 0xff, 0x1b,
    0xff, 0xfa, 0x50, 0x7f, 0xf2, 0x9f, 0xff, 0xe9,
    0x87, 0xff, 0x13, 0xff, 0xfa, 0x41, 0xff, 0xce,
    0x7f, 0xff, 0xa3, 0x7, 0xff, 0xa, 0xff, 0xfe,
    0x82, 0x1f, 0xfd, 0x1b, 0xff, 0xfa, 0x8, 0x7f,
    0xf0, 0x1f, 0xff, 0xe8, 0x7, 0xff, 0x52, 0xff,
    0xfe, 0x80, 0x7f, 0xf0, 0x3f, 0xff, 0xa0, 0x1f,
    0xfd, 0x67, 0xff, 0xf9, 0xf0, 0x7f, 0xaf, 0xff,
    0xe7, 0x87, 0xff, 0x61, 0xff, 0xfe, 0x7a, 0x1f,
    0xdf, 0xff, 0xcf, 0xf, 0xfe, 0xd3, 0xff, 0xfc,
    0xf0, 0xfd, 0x7f, 0xff, 0x39, 0xf, 0xfe, 0xdd,
    0xff, 0xfc, 0xe4, 0x3e, 0xff, 0xfe, 0x74, 0x1f,
    0xfd, 0xdf, 0xff, 0xe7, 0x41, 0xeb, 0xff, 0xf9,
    0xc1, 0xff, 0xde, 0x7f, 0xff, 0x9c, 0x1e, 0xff,
    0xfe, 0x72, 0x1f, 0xfd, 0xff, 0xff, 0xe7, 0x41,
    0x9f, 0xff, 0xe7, 0x7, 0xff, 0x81, 0xff, 0xfe,
    0x70, 0x6b, 0xff, 0xf9, 0xa8, 0x7f, 0xf8, 0x7f,
    0xff, 0x9c, 0x1b, 0xff, 0xf9, 0xc1, 0xff, 0xe2,
    0x7f, 0xff, 0x9a, 0x85, 0xff, 0xfc, 0xd8, 0x3f,
    0xfc, 0x7f, 0xff, 0xcd, 0x80, 0xff, 0xff, 0x35,
    0xf, 0xff, 0x1f, 0xff, 0xf3, 0x81, 0x7f, 0xff,
    0x34, 0x3f, 0xfc, 0x97, 0xff, 0xf3, 0x41, 0xff,
    0xfc, 0xe0, 0xff, 0xf2, 0x3f, 0xff, 0xcd, 0x4f,
    0xff, 0xe6, 0xc1, 0xff, 0xe4, 0x7f, 0xff, 0x9a,
    0x9f, 0xff, 0xcd, 0x83, 0xff, 0xcb, 0xff, 0xfc,
    0xd9, 0xff, 0xfe, 0x6a, 0x1f, 0xfe, 0x5f, 0xff,
    0xe6, 0xcf, 0xff, 0xf3, 0x50, 0xff, 0xf2, 0xff,
    0xff, 0x39, 0xff, 0xfe, 0x6a, 0x1f, 0xfe, 0x5f,
    0xff, 0xe7, 0x5f, 0xff, 0xcd, 0x43, 0xff, 0xcb,
    0xff, 0xfc, 0xeb, 0xff, 0xf9, 0xa8, 0x7f, 0xf9,
    0x7f, 0xff, 0x9d, 0x7f, 0xff, 0x36, 0xf, 0xff,
    0x2f, 0xff, 0xf3, 0xaf, 0xff, 0xe6, 0xc1, 0xff,
    0xe4, 0x7f, 0xff, 0x9d, 0x7f, 0xff, 0x38, 0x3f,
    0xfc, 0x8f, 0xff, 0xf3, 0xaf, 0xff, 0xe7, 0x7,
    0xff, 0x92, 0xff, 0xfe, 0x73, 0xff, 0xfc, 0xe0,
    0xff, 0xf2, 0x7f, 0xff, 0x3d, 0xff, 0xfe, 0x72,
    0x1f, 0xfe, 0x3f, 0xff, 0xe7, 0x4f, 0xff, 0xf3,
    0xc3, 0xff, 0xc4, 0xff, 0xff, 0x3a, 0x3f, 0xff,
    0x9e, 0x1f, 0xfe, 0x2f, 0xff, 0xe7, 0xc7, 0xff,
    0xf3, 0xe0, 0xff, 0xf0, 0x3f, 0xff, 0xcf, 0x4f,
    0xff, 0xe8, 0x7, 0xff, 0x83, 0xff, 0xfa, 0x0,
    0xbf, 0xff, 0x9f, 0x7, 0xff, 0x79, 0xff, 0xfe,
    0x80, 0x1f, 0xff, 0xe8, 0x21, 0xff, 0xdd, 0xff,
    0xfe, 0x84, 0x17, 0xff, 0xf4, 0x43, 0xff, 0xb9,
    0xff, 0xfd, 0x14, 0x2f, 0xff, 0xe9, 0x7, 0xff,
    0x6b, 0xff, 0xfa, 0x41, 0x9f, 0xff, 0xe9, 0x7,
    0xff, 0x63, 0xff, 0xfa, 0x61, 0xdf, 0xff, 0xd3,
    0x43, 0xff, 0xab, 0xff, 0xfd, 0x34, 0x3a, 0xff,
    0xfe, 0x9c, 0x1f, 0xfd, 0x27, 0xff, 0xfa, 0x81,
    0xe7, 0xff, 0xfa, 0xa8, 0x7f, 0xf3, 0x9f, 0xff,
    0xea, 0xc1, 0xf7, 0xff, 0xf5, 0xd0, 0xff, 0xe5,
    0x37, 0xff, 0xf5, 0x83, 0xf3, 0xff, 0xfd, 0x89,
    0xf, 0xfe, 0x23, 0x7f, 0xff, 0x62, 0xf, 0xef,
    0xff, 0xee, 0x51, 0x60, 0x96, 0xbf, 0xff, 0xb8,
    0x1f, 0xe7, 0xff, 0xff, 0xff, 0xff, 0xc3, 0x83,
    0xfe, 0xbf, 0xff, 0xff, 0xff, 0xfc, 0x20, 0xff,
    0xe0, 0xff, 0xff, 0xff, 0xff, 0xf8, 0x21, 0xff,
    0xc3, 0xff, 0xff, 0xff, 0xff, 0xc8, 0x7f, 0xf0,
    0xdf, 0xff, 0xff, 0xff, 0xf4, 0x1f, 0xfc, 0x5b,
    0xff, 0xff, 0xff, 0xf8, 0x3f, 0xf8, 0xff, 0xff,
    0xff, 0xff, 0x83, 0xff, 0x93, 0xff, 0xff, 0xff,
    0xe0, 0xff, 0xe5, 0xff, 0xff, 0xff, 0xe0, 0xff,
    0xe6, 0xdf, 0xff, 0xff, 0xf, 0xfe, 0x7d, 0xff,
    0xff, 0xc8, 0x3f, 0xfa, 0x2f, 0xff, 0xfe, 0x90,
    0xff, 0xea, 0x7f, 0xff, 0xe0, 0x3f, 0xfa, 0xef,
    0xff, 0xfd, 0x20, 0xff, 0xed, 0x5f, 0xff, 0xf0,
    0x83, 0xff, 0xbd, 0x7f, 0xff, 0xb5, 0xf, 0xff,
    0xd, 0xff, 0xfe, 0x89, 0xf, 0xff, 0x2d, 0xff,
    0xfe, 0x48, 0x3f, 0xfd, 0x4d, 0xff, 0xfd, 0xe9,
    0xf, 0xff, 0x7b, 0x7f, 0xff, 0x62, 0x43, 0xff,
    0xec, 0xd3, 0xff, 0xf9, 0xf2, 0x1f, 0xff, 0xf1,
    0x54, 0xff, 0xfe, 0x5, 0x4a, 0xf, 0xfe, 0xe0,

    /* U+0039 "9" */
    0xf, 0xfe, 0xea, 0xa9, 0xff, 0xf5, 0x14, 0x1f,
    0xff, 0xf0, 0x37, 0xff, 0xf3, 0x28, 0x87, 0xff,
    0xe6, 0xff, 0xfe, 0xa4, 0x87, 0xff, 0xce, 0xff,
    0xfe, 0xd4, 0x87, 0xff, 0xba, 0xff, 0xfe, 0xfa,
    0x1f, 0xfe, 0x97, 0xff, 0xfc, 0x88, 0x7f, 0xf9,
    0xaf, 0xff, 0xf3, 0xa1, 0xff, 0xe2, 0xbf, 0xff,
    0xd6, 0x1f, 0xfd, 0xf7, 0xff, 0xfd, 0xd0, 0x7f,
    0xf7, 0x2f, 0xff, 0xf8, 0x87, 0xff, 0x6b, 0xff,
    0xfe, 0x88, 0x7f, 0xf5, 0x9f, 0xff, 0xfb, 0x41,
    0xff, 0xd4, 0x7f, 0xff, 0xf1, 0x7, 0xff, 0x49,
    0xff, 0xff, 0xd4, 0x1f, 0xfd, 0x7, 0xff, 0xff,
    0xa1, 0xff, 0xce, 0x7f, 0xff, 0xfd, 0x7, 0xff,
    0x31, 0xff, 0xff, 0xff, 0x7, 0xff, 0x2f, 0xff,
    0xff, 0xff, 0x21, 0xff, 0xc9, 0xff, 0xff, 0xff,
    0xf2, 0x1f, 0xfc, 0x7b, 0xff, 0xff, 0xff, 0xe0,
    0xff, 0xe3, 0x3f, 0xff, 0xff, 0xff, 0xa0, 0xff,
    0xe2, 0xff, 0xff, 0xff, 0xff, 0x90, 0xff, 0xe1,
    0xdf, 0xff, 0xff, 0xff, 0xf0, 0x7f, 0xf0, 0xff,
    0xff, 0xb1, 0x21, 0xff, 0x37, 0xff, 0xf5, 0xe0,
    0xff, 0xe0, 0xff, 0xff, 0x5a, 0xf, 0xfe, 0x3d,
    0xff, 0xfd, 0x50, 0xff, 0xe0, 0x3f, 0xff, 0xd4,
    0x43, 0xff, 0x96, 0xff, 0xff, 0x4e, 0xf, 0xfb,
    0xff, 0xfa, 0x70, 0x7f, 0xf3, 0xef, 0xff, 0xe9,
    0x7, 0xf9, 0xff, 0xfe, 0x92, 0x1f, 0xfd, 0x17,
    0xff, 0xfa, 0x30, 0x7f, 0x5f, 0xff, 0xd1, 0xf,
    0xfe, 0xaf, 0xff, 0xf4, 0x43, 0xfb, 0xff, 0xfa,
    0x21, 0xff, 0xd7, 0xff, 0xfe, 0x84, 0x1f, 0x5f,
    0xff, 0xd0, 0xf, 0xfe, 0xc3, 0xff, 0xfd, 0x0,
    0xfb, 0xff, 0xfa, 0x1, 0xff, 0xda, 0x7f, 0xff,
    0x9e, 0x87, 0xbf, 0xff, 0x9e, 0x87, 0xff, 0x6e,
    0xff, 0xfe, 0x74, 0x1d, 0x7f, 0xff, 0x3c, 0x3f,
    0xfb, 0xbf, 0xff, 0xcf, 0xe, 0xff, 0xfe, 0x78,
    0x7f, 0xf7, 0xaf, 0xff, 0xe7, 0x21, 0xbf, 0xff,
    0x9e, 0x1f, 0xfd, 0xff, 0xff, 0xe7, 0x41, 0x3f,
    0xff, 0xce, 0x43, 0xff, 0xbf, 0x7f, 0xff, 0x38,
    0x2b, 0xff, 0xf9, 0xc1, 0xff, 0xe1, 0xff, 0xfe,
    0x70, 0x57, 0xff, 0xf3, 0x60, 0xff, 0xf0, 0xff,
    0xff, 0x38, 0x2f, 0xff, 0xe7, 0x21, 0xff, 0xe1,
    0xbf, 0xff, 0x9a, 0x83, 0xff, 0xf9, 0xc1, 0xff,
    0xe2, 0x7f, 0xff, 0x9b, 0x3, 0xff, 0xf9, 0xc1,
    0xff, 0xe3, 0xff, 0xfe, 0x6c, 0x3f, 0xff, 0xce,
    0xf, 0xff, 0x1f, 0xff, 0xf3, 0x87, 0xff, 0xf9,
    0xb0, 0x7f, 0xf8, 0xff, 0xff, 0x9c, 0x3f, 0xff,
    0xcd, 0x83, 0xff, 0xc7, 0xff, 0xfc, 0xe2, 0xff,
    0xfe, 0x6a, 0x1f, 0xfe, 0x3b, 0xff, 0xf9, 0xa5,
    0xff, 0xfc, 0xd4, 0x3f, 0xfc, 0x77, 0xff, 0xf3,
    0x4b, 0xff, 0xf9, 0xa8, 0x7f, 0xf8, 0xef, 0xff,
    0xe6, 0x97, 0xff, 0xf3, 0x50, 0xff, 0xf1, 0xdf,
    0xff, 0xcd, 0x2f, 0xff, 0xe6, 0xa1, 0xff, 0xe3,
    0xbf, 0xff, 0x9a, 0x5f, 0xff, 0xcd, 0x83, 0xff,
    0xc7, 0x7f, 0xff, 0x34, 0xbf, 0xff, 0x9b, 0x7,
    0xff, 0x8f, 0xff, 0xf9, 0xc3, 0xff, 0xfc, 0xd8,
    0x3f, 0xfc, 0x7f, 0xff, 0xce, 0x1f, 0xff, 0xe7,
    0x7, 0xff, 0x8f, 0xff, 0xf9, 0xc3, 0xff, 0xfc,
    0xe0, 0xff, 0xf1, 0x3f, 0xff, 0xce, 0x7, 0xff,
    0xf3, 0x90, 0xff, 0xf0, 0xdf, 0xff, 0xce, 0x7,
    0xff, 0xf3, 0xa0, 0xff, 0xf0, 0xff, 0xff, 0x3a,
    0x7, 0xff, 0xf3, 0xc3, 0xff, 0xc3, 0xff, 0xfc,
    0xe8, 0x17, 0xff, 0xf3, 0x83, 0xff, 0xc1, 0x7f,
    0xff, 0x39, 0x3, 0xff, 0xfc, 0xe8, 0x3f, 0xfb,
    0xff, 0xff, 0xcf, 0x9, 0xff, 0xfe, 0x78, 0x7f,
    0xf7, 0x9f, 0xff, 0xe7, 0x86, 0xff, 0xfe, 0x7c,
    0x1f, 0xfd, 0xdf, 0xff, 0xe8, 0x6, 0xff, 0xfe,
    0x80, 0x7f, 0xf7, 0x2f, 0xff, 0xe7, 0xc1, 0xaf,
    0xff, 0xe8, 0x7, 0xff, 0x69, 0xff, 0xfe, 0x82,
    0x1d, 0xff, 0xfd, 0x8, 0x3f, 0xfb, 0xf, 0xff,
    0xf4, 0x43, 0xdf, 0xff, 0xd1, 0x43, 0xff, 0xaf,
    0xff, 0xfd, 0x20, 0xf5, 0xff, 0xfd, 0x14, 0x3f,
    0xfa, 0x8f, 0xff, 0xf4, 0xa0, 0xfb, 0xff, 0xfa,
    0x50, 0x7f, 0xf4, 0xaf, 0xff, 0xe9, 0x87, 0xeb,
    0xff, 0xfa, 0x50, 0x7f, 0xf4, 0x3f, 0xff, 0xaa,
    0x1f, 0x9f, 0xff, 0xea, 0x21, 0xff, 0xcc, 0xbf,
    0xff, 0xab, 0x7, 0xf7, 0xff, 0xf5, 0x90, 0xff,
    0xe4, 0x5f, 0xff, 0xd7, 0xf, 0xf3, 0xff, 0xfd,
    0x79, 0xf, 0xfe, 0xb, 0x7f, 0xff, 0x68, 0x3f,
    0xef, 0xff, 0xee, 0x57, 0xdf, 0xff, 0xde, 0x43,
    0xff, 0x81, 0xff, 0xff, 0xff, 0xff, 0xe0, 0x87,
    0xff, 0x6, 0xff, 0xff, 0xff, 0xff, 0xd0, 0x7f,
    0xf0, 0xbf, 0xff, 0xff, 0xff, 0xf0, 0x7f, 0xf0,
    0xdf, 0xff, 0xff, 0xff, 0xf8, 0x3f, 0xf8, 0x97,
    0xff, 0xff, 0xff, 0xf2, 0x1f, 0xfc, 0x5f, 0xff,
    0xff, 0xff, 0xe0, 0xff, 0xe3, 0xff, 0xff, 0xff,
    0xfc, 0x87, 0xff, 0x1d, 0xff, 0xff, 0xff, 0xf0,
    0x7f, 0xf2, 0x5f, 0xff, 0xff, 0xfd, 0x7, 0xff,
    0x29, 0xff, 0xff, 0xff, 0x83, 0xff, 0x98, 0xff,
    0xff, 0xfe, 0xf, 0xfe, 0x6b, 0xff, 0xff, 0xe0,
    0xff, 0xe8, 0x7f, 0xff, 0xf2, 0xf, 0xfe, 0x8f,
    0xff, 0xfe, 0xc3, 0xff, 0xa6, 0xff, 0xff, 0xe2,
    0xf, 0xfe, 0xaf, 0xff, 0xfd, 0xc3, 0xff, 0xae,
    0xff, 0xff, 0xd2, 0xf, 0xfe, 0xcb, 0xff, 0xfd,
    0xab, 0xff, 0xf9, 0x61, 0xff, 0xdc, 0x7f, 0xff,
    0xad, 0xf, 0xff, 0xf2, 0xa0, 0xff, 0xef, 0xdf,
    0xff, 0xd1, 0x42, 0xff, 0xfe, 0x58, 0x7f, 0xf8,
    0xef, 0xff, 0xe5, 0x48, 0x75, 0xff, 0xfc, 0xa8,
    0x3f, 0xfc, 0xed, 0x3f, 0xfd, 0x45, 0x7, 0xf7,
    0xff, 0xf2, 0xc3, 0xff, 0xfe, 0xf, 0xff, 0xe5,
    0xc1, 0xff, 0xff, 0x1f, 0xff, 0xe5, 0x87, 0xff,
    0xfc, 0x1f, 0xff, 0xcb, 0x43, 0xff, 0xfe, 0x5f,
    0xff, 0xcb, 0xf, 0xff, 0xf8, 0x3f, 0xff, 0x96,
    0x87, 0xff, 0xfc, 0xff, 0xfe, 0x60, 0x7f, 0xff,
    0xc7, 0xff, 0xf9, 0x68, 0x7f, 0xff, 0xcf, 0xff,
    0xe6, 0x7, 0xff, 0xfc, 0xbf, 0xff, 0x96, 0x87,
    0xff, 0xfc, 0xff, 0xfe, 0x5c, 0x1f, 0xff, 0xf3,
    0xff, 0xf9, 0x81, 0xff, 0xff, 0x1f, 0xff, 0xe5,
    0xc1, 0xff, 0xff, 0x3f, 0xff, 0x98, 0x1f, 0xff,
    0xf2, 0xff, 0xfe, 0x5c, 0x1f, 0xff, 0xf3, 0xff,
    0xf9, 0x81, 0xff, 0xff, 0x3f, 0xff, 0x99, 0x7,
    0xff, 0xfd, 0xff, 0xfe, 0x60, 0x7f, 0xff, 0xcf,
    0xff, 0xe6, 0x21, 0xff, 0xff, 0xbf, 0xff, 0x98,
    0x1f, 0xff, 0xf3, 0xff, 0xf9, 0x88, 0x7f, 0xff,
    0xff, 0xff, 0x9a, 0x1f, 0xff, 0xf7, 0xff, 0xf9,
    0x88, 0x7f, 0xff, 0xff, 0xff, 0x9a, 0x1f, 0xff,
    0xfb, 0xff, 0xf9, 0x88, 0x7f, 0xff, 0xff, 0xff,
    0x9a, 0x1f, 0xff, 0xff, 0xff, 0xe6, 0xa1, 0xff,
    0xfe, 0x7f, 0xff, 0x99, 0x7, 0xff, 0xff, 0xff,
    0xf9, 0xa1, 0xff, 0xff, 0xbf, 0xff, 0x99, 0x7,
    0xff, 0xff, 0xff, 0xf9, 0xa1, 0xff, 0xff, 0xff,
    0xfe, 0x6c, 0x1f, 0xff, 0xe7, 0xff, 0xf9, 0xa1,
    0xff, 0xff, 0xff, 0xfe, 0x6c, 0x1f, 0xff, 0xeb,
    0xff, 0xf9, 0xa1, 0xff, 0xff, 0xff, 0xfe, 0x6a,
    0x1f, 0xff, 0xeb, 0xff, 0xf9, 0xa1, 0xff, 0xfe,
    0x7f, 0xff, 0x9a, 0x87, 0xff, 0xfb, 0xff, 0xf9,
    0xc1, 0xff, 0xfe, 0xbf, 0xff, 0x9a, 0x87, 0xff,
    0xfb, 0xff, 0xf9, 0xc1, 0xff, 0xfe, 0xbf, 0xff,
    0x9a, 0x87, 0xff, 0xf5, 0xff, 0xfe, 0x70, 0x7f,
    0xff, 0xbf, 0xff, 0x9c, 0x1f, 0xff, 0xeb, 0xff,
    0xf9, 0xb0, 0x7f, 0xff, 0xbf, 0xff, 0x9c, 0x1f,
    0xff, 0xeb, 0xff, 0xf9, 0xb0, 0x7f, 0xff, 0x5f,
    0xff, 0xe7, 0x7, 0xff, 0xfb, 0xff, 0xf9, 0xd0,
    0x7f, 0xff, 0x6f, 0xff, 0xe7, 0x7, 0xff, 0xfb,
    0xff, 0xf9, 0xd0, 0x7f, 0xff, 0x6f, 0xff, 0xe7,
    0x7, 0xff, 0xf5, 0xff, 0xfe, 0x72, 0x1f, 0xff,
    0xdf, 0xff, 0xe7, 0x87, 0xff, 0xf6, 0xff, 0xfe,
    0x72, 0x1f, 0xff, 0xdf, 0xff, 0xe7, 0x87, 0xff,
    0x84,

    /* U+003A ":" */
    0xf, 0xf9, 0xbf, 0xd2, 0x1f, 0xfc, 0x8b, 0xff,
    0xf8, 0x28, 0x7f, 0xf0, 0xef, 0xff, 0xe2, 0x87,
    0xff, 0x7, 0xff, 0xf9, 0x8, 0x7f, 0xbf, 0xff,
    0x94, 0x87, 0xef, 0xff, 0xe6, 0x21, 0xeb, 0xff,
    0xf9, 0xa1, 0xcf, 0xff, 0xf3, 0xa0, 0xdf, 0xff,
    0xd0, 0x40, 0xff, 0xff, 0x42, 0x5, 0xff, 0xfd,
    0x10, 0x7f, 0xff, 0x49, 0x3f, 0xff, 0xa5, 0x3f,
    0xff, 0xd2, 0x9f, 0xff, 0xe9, 0x4f, 0xff, 0xf4,
    0xdf, 0xff, 0xe9, 0xbf, 0xff, 0xd2, 0x8f, 0xff,
    0xe9, 0x47, 0xff, 0xf4, 0x92, 0xff, 0xfe, 0x88,
    0x1f, 0xff, 0xe8, 0x41, 0x7f, 0xff, 0x40, 0x33,
    0xff, 0xfc, 0xe8, 0x3a, 0xff, 0xfe, 0x68, 0x7d,
    0xff, 0xfc, 0xc4, 0x3f, 0x7f, 0xff, 0x29, 0xf,
    0xf5, 0xff, 0xfc, 0x74, 0x3f, 0xf8, 0xf, 0xff,
    0xf1, 0x43, 0xff, 0x89, 0x7f, 0xff, 0x5, 0xf,
    0xfe, 0x3b, 0x7f, 0xa4, 0x3f, 0xff, 0xe1, 0xff,
    0xff, 0xf, 0xff, 0xf8, 0x7f, 0xff, 0xc3, 0xff,
    0xfe, 0x1f, 0xff, 0xf0, 0xff, 0xff, 0x87, 0xff,
    0xfc, 0x3f, 0xff, 0xe1, 0xff, 0xff, 0xf, 0xff,
    0xf8, 0x7f, 0xff, 0xc3, 0xff, 0xfe, 0x1f, 0xff,
    0xf0, 0xff, 0xff, 0x87, 0xff, 0xfc, 0x3f, 0xff,
    0xe1, 0xff, 0xff, 0xf, 0xff, 0xf8, 0x73, 0x7f,
    0xa8, 0x1f, 0xfc, 0x76, 0xff, 0xfe, 0xa, 0x1f,
    0xfc, 0x3b, 0xff, 0xf8, 0xa8, 0x7f, 0xf0, 0x3f,
    0xff, 0x91, 0x7, 0xfb, 0xff, 0xf9, 0x50, 0x7e,
    0xff, 0xfe, 0x62, 0x1e, 0xff, 0xfe, 0x70, 0x73,
    0xff, 0xfc, 0xf0, 0xdf, 0xff, 0xd0, 0x40, 0xff,
    0xff, 0x42, 0x5, 0xff, 0xfd, 0x10, 0x7f, 0xff,
    0x49, 0x3f, 0xff, 0xa5, 0x3f, 0xff, 0xd2, 0x9f,
    0xff, 0xe9, 0x4f, 0xff, 0xf4, 0xdf, 0xff, 0xe9,
    0xbf, 0xff, 0xd2, 0x8f, 0xff, 0xe9, 0x47, 0xff,
    0xf4, 0x92, 0xff, 0xfe, 0x88, 0x1f, 0xff, 0xe8,
    0x41, 0x7f, 0xff, 0x40, 0x33, 0xff, 0xfc, 0xe8,
    0x3a, 0xff, 0xfe, 0x68, 0x7d, 0xff, 0xfc, 0xc0,
    0xfe, 0xff, 0xfe, 0x52, 0x1f, 0xeb, 0xff, 0xf8,
    0xe8, 0x7f, 0xf0, 0x1f, 0xff, 0xe2, 0x41, 0xff,
    0xc4, 0xbf, 0xff, 0x82, 0x87, 0xff, 0x1d, 0xbf,
    0xd2, 0x1f, 0xf0,

    /* U+003B ";" */
    0xf, 0xf9, 0xbf, 0xd2, 0x1f, 0xfc, 0x77, 0xff,
    0xf8, 0x48, 0x7f, 0xf0, 0xff, 0xff, 0x8c, 0x1f,
    0xfc, 0x7, 0xff, 0xf9, 0x8, 0x7f, 0x3f, 0xff,
    0xca, 0x43, 0xf7, 0xff, 0xf3, 0x3, 0xef, 0xff,
    0xe7, 0x7, 0x5f, 0xff, 0xce, 0x83, 0x7f, 0xff,
    0x40, 0x27, 0xff, 0xfa, 0x8, 0x3f, 0xff, 0xa4,
    0xf, 0xff, 0xe9, 0xf, 0xff, 0xf4, 0x95, 0xff,
    0xfd, 0x26, 0xff, 0xfe, 0x95, 0x3f, 0xff, 0xa5,
    0x4f, 0xff, 0xe9, 0x4f, 0xff, 0xf4, 0x95, 0xff,
    0xfd, 0x24, 0xff, 0xfe, 0x90, 0x3f, 0xff, 0xa4,
    0x7, 0xff, 0xfa, 0x8, 0x5f, 0xff, 0xd0, 0xc,
    0xff, 0xff, 0x39, 0xe, 0xff, 0xfe, 0x70, 0x7d,
    0xff, 0xfc, 0xc0, 0xfe, 0xff, 0xfe, 0x50, 0x7f,
    0xdf, 0xff, 0xc8, 0xf, 0xfe, 0xd, 0xff, 0xfc,
    0x48, 0x3f, 0xf8, 0x97, 0xff, 0xf0, 0x24, 0x3f,
    0xf8, 0xed, 0xfe, 0x90, 0xff, 0xff, 0x87, 0xff,
    0xfc, 0x3f, 0xff, 0xe1, 0xff, 0xff, 0xf, 0xff,
    0xf8, 0x7f, 0xff, 0xc3, 0xff, 0xfe, 0x1f, 0xff,
    0xf0, 0xff, 0xff, 0x87, 0xff, 0xfc, 0x3f, 0xff,
    0xe1, 0xff, 0xff, 0xf, 0xff, 0xf8, 0x7f, 0xff,
    0xc3, 0xff, 0xfe, 0x1f, 0xff, 0xf0, 0xff, 0xff,
    0x87, 0xff, 0xfc, 0x3f, 0xff, 0xe1, 0xf2, 0xf0,
    0x7f, 0xf2, 0xdb, 0xff, 0xa4, 0x3f, 0xf8, 0xdf,
    0xff, 0xc3, 0x43, 0xff, 0x85, 0x7f, 0xff, 0x16,
    0xf, 0xfe, 0x5, 0xff, 0xfc, 0x80, 0xff, 0x5f,
    0xff, 0xca, 0xf, 0xd7, 0xff, 0xf2, 0xe0, 0xf3,
    0xff, 0xfc, 0xd4, 0x3b, 0xff, 0xf9, 0xe1, 0x9f,
    0xff, 0xe7, 0xa1, 0x5f, 0xff, 0xd0, 0xb, 0xff,
    0xfa, 0x20, 0x7f, 0xff, 0xa2, 0x8f, 0xff, 0xf4,
    0x62, 0xff, 0xfe, 0x91, 0x7f, 0xff, 0x48, 0xbf,
    0xff, 0xa4, 0x5f, 0xff, 0xd2, 0x57, 0xff, 0xf4,
    0x93, 0xff, 0xfa, 0x49, 0xff, 0xfd, 0x24, 0xbf,
    0xff, 0xa2, 0x83, 0xff, 0xfa, 0x28, 0x2f, 0xff,
    0xe8, 0x6, 0xff, 0xfe, 0x80, 0x77, 0xff, 0xf3,
    0xc3, 0x9f, 0xff, 0xe7, 0x7, 0x9f, 0xff, 0xe6,
    0x87, 0xeb, 0xff, 0xf9, 0x50, 0x7f, 0x3f, 0xff,
    0xc9, 0x43, 0xff, 0x80, 0xdf, 0xff, 0xc5, 0xf,
    0xfe, 0x35, 0xff, 0xfc, 0x10, 0xff, 0xe3, 0x7f,
    0xff, 0x6, 0xf, 0xfe, 0x2b, 0xff, 0xfc, 0x14,
    0x3f, 0xf8, 0xb7, 0xff, 0xf0, 0x43, 0xff, 0x8d,
    0xff, 0xfc, 0x20, 0xff, 0xe2, 0xbf, 0xff, 0xc1,
    0x43, 0xff, 0x8b, 0xff, 0xfc, 0x20, 0xff, 0xe2,
    0xdf, 0xff, 0xc1, 0x83, 0xff, 0x8b, 0xff, 0xfc,
    0x20, 0xff, 0xe2, 0xff, 0xff, 0xa, 0xf, 0xfe,
    0x25, 0xff, 0xfc, 0x20, 0xff, 0xe2, 0x3f, 0xff,
    0xc2, 0x83, 0xff, 0x86, 0xff, 0xff, 0xc, 0x3f,
    0xf8, 0x6f, 0xff, 0xf0, 0xe0, 0xff, 0xe1, 0x3f,
    0xff, 0xc4, 0xf, 0xfe, 0x13, 0xff, 0xfc, 0x40,
    0xff, 0xe1, 0x5f, 0xff, 0xc4, 0x43, 0xff, 0x80,
    0xff, 0xff, 0x16, 0xf, 0xfe, 0x5, 0xff, 0xfc,
    0x60, 0xff, 0xe0, 0x3f, 0xff, 0xc6, 0xf, 0xfe,
    0x15, 0xff, 0xfc, 0x40, 0xff, 0xe2, 0x5f, 0xff,
    0xc2, 0xf, 0xfe, 0x35, 0xff, 0xf4, 0x1f, 0xfc,
    0x8b, 0xff, 0xa0, 0xff, 0xe5, 0x5f, 0xf2, 0x1f,
    0xfc, 0xcb, 0xf4, 0x1f, 0xfc, 0xfb, 0xc8, 0x7f,
    0xf4, 0x50, 0xff, 0xe5, 0x0,

    /* U+003C "<" */
    0xf, 0xff, 0xf8, 0x7f, 0xff, 0xc3, 0xff, 0xe6,
    0xe8, 0x7f, 0xff, 0xc3, 0xff, 0xa0, 0xfc, 0x87,
    0xff, 0xfc, 0x3f, 0xf9, 0xcf, 0xf2, 0x1f, 0xff,
    0xf0, 0xff, 0xe6, 0x5f, 0xf2, 0x1f, 0xff, 0xf0,
    0xff, 0xe5, 0x5f, 0xfc, 0x87, 0xff, 0xfc, 0x3f,
    0xf9, 0x17, 0xff, 0xc8, 0x7f, 0xff, 0xc3, 0xff,
    0x8a, 0xff, 0xff, 0x9, 0xf, 0xff, 0xf8, 0x7f,
    0xf0, 0xdf, 0xff, 0xe2, 0x21, 0xff, 0xff, 0xf,
    0xfe, 0xb, 0xff, 0xfc, 0x64, 0x3f, 0xff, 0xe1,
    0xff, 0x5f, 0xff, 0xc8, 0x43, 0xff, 0xfe, 0x1f,
    0xd7, 0xff, 0xf2, 0x90, 0xff, 0xff, 0x87, 0xd7,
    0xff, 0xf3, 0x10, 0xff, 0xff, 0x86, 0x7f, 0xff,
    0x9e, 0x87, 0xff, 0xfc, 0xf, 0xff, 0xf4, 0x50,
    0xff, 0xff, 0xbf, 0xff, 0xd3, 0x43, 0xff, 0xfb,
    0x7f, 0xff, 0x55, 0xf, 0xff, 0xdd, 0xff, 0xfd,
    0x74, 0x3f, 0xff, 0x37, 0xff, 0xf6, 0x50, 0xff,
    0xfb, 0x3f, 0xff, 0xdc, 0x43, 0xff, 0xe8, 0xff,
    0xff, 0x79, 0xf, 0xff, 0x93, 0xff, 0xfe, 0x4,
    0x3f, 0xfe, 0x17, 0xff, 0xf8, 0x90, 0xff, 0xf7,
    0x5f, 0xff, 0xe4, 0x43, 0xff, 0xd9, 0x7f, 0xff,
    0x92, 0xf, 0xff, 0x5b, 0xff, 0xfe, 0x58, 0x3f,
    0xfd, 0x6f, 0xff, 0xf9, 0x50, 0xff, 0xf5, 0xbf,
    0xff, 0xe4, 0x83, 0xff, 0xd9, 0x7f, 0xff, 0x92,
    0xf, 0xff, 0x65, 0xff, 0xfe, 0x44, 0x3f, 0xfd,
    0x97, 0xff, 0xf8, 0xe4, 0x3f, 0xfd, 0x6f, 0xff,
    0xf9, 0x20, 0xff, 0xf6, 0x3f, 0xff, 0xe4, 0x43,
    0xff, 0xd8, 0xff, 0xff, 0x91, 0xf, 0xff, 0x65,
    0xff, 0xfe, 0x38, 0x3f, 0xfd, 0xb7, 0xff, 0xf8,
    0xe0, 0xff, 0xf6, 0xdf, 0xff, 0xe3, 0x43, 0xff,
    0xd8, 0xff, 0xff, 0x8e, 0x43, 0xff, 0xd8, 0xff,
    0xff, 0x8e, 0xf, 0xff, 0x6b, 0xff, 0xfe, 0x34,
    0x3f, 0xfd, 0xb7, 0xff, 0xf8, 0xd0, 0xff, 0xf6,
    0xdf, 0xff, 0xe2, 0x83, 0xff, 0xdd, 0x7f, 0xff,
    0x89, 0xf, 0xff, 0x6b, 0xff, 0xfe, 0x34, 0x3f,
    0xfd, 0xaf, 0xff, 0xf8, 0xa0, 0xff, 0xf7, 0x3f,
    0xff, 0xe2, 0x83, 0xff, 0xdd, 0x7f, 0xff, 0x89,
    0xf, 0xff, 0x75, 0xff, 0xfe, 0x19, 0xf, 0xff,
    0x75, 0xff, 0xfe, 0x18, 0x3f, 0xfd, 0xcf, 0xff,
    0xf8, 0x90, 0xff, 0xf7, 0xdf, 0xff, 0xe1, 0x43,
    0xff, 0xe3, 0x7f, 0xff, 0x7a, 0xf, 0xff, 0xa5,
    0xff, 0xfd, 0xc8, 0x3f, 0xfe, 0xd7, 0xff, 0xf6,
    0x90, 0xff, 0xfc, 0x5f, 0xff, 0xd7, 0x90, 0xff,
    0xfd, 0x5f, 0xff, 0xd5, 0x83, 0xff, 0xfb, 0x7f,
    0xff, 0x4d, 0xf, 0xff, 0xfd, 0xff, 0xfd, 0x14,
    0x3f, 0xff, 0xe0, 0xbf, 0xff, 0x9d, 0x7, 0xff,
    0xfc, 0x3a, 0xff, 0xfe, 0x62, 0x1f, 0xff, 0xf0,
    0xfa, 0xff, 0xfe, 0x58, 0x7f, 0xff, 0xc3, 0xfa,
    0xff, 0xfe, 0x64, 0x1f, 0xff, 0xf0, 0xfa, 0xff,
    0xfe, 0x7a, 0x1f, 0xff, 0xf0, 0xd7, 0xff, 0xf4,
    0x50, 0xff, 0xff, 0x82, 0xff, 0xfe, 0x9c, 0x1f,
    0xff, 0xfb, 0xff, 0xfa, 0xb2, 0x1f, 0xff, 0xcb,
    0xff, 0xfb, 0x8, 0x7f, 0xfe, 0xaf, 0xff, 0xed,
    0x41, 0xff, 0xf8, 0xbf, 0xff, 0xb9, 0x7, 0xff,
    0xda, 0xff, 0xfe, 0xfa, 0x1f, 0xff, 0x37, 0xff,
    0xfc, 0x28, 0x7f, 0xfc, 0xef, 0xff, 0xf0, 0xc1,
    0xff, 0xf3, 0x7f, 0xff, 0xc3, 0x21, 0xff, 0xf2,
    0x7f, 0xff, 0xc4, 0x87, 0xff, 0xc9, 0xff, 0xff,
    0x14, 0x1f, 0xff, 0x26, 0xff, 0xff, 0xc, 0x1f,
    0xff, 0x3b, 0xff, 0xfc, 0x48, 0x7f, 0xfc, 0xaf,
    0xff, 0xf1, 0x21, 0xff, 0xf2, 0x7f, 0xff, 0xc5,
    0x7, 0xff, 0xc9, 0xff, 0xff, 0x14, 0x87, 0xff,
    0xc5, 0xff, 0xff, 0x1a, 0x1f, 0xff, 0x16, 0xff,
    0xff, 0x14, 0x1f, 0xff, 0x2b, 0xff, 0xfc, 0x50,
    0x7f, 0xfc, 0xaf, 0xff, 0xf1, 0xa1, 0xff, 0xf1,
    0x7f, 0xff, 0xc6, 0x87, 0xff, 0xc5, 0xff, 0xff,
    0x1c, 0x1f, 0xff, 0x17, 0xff, 0xfc, 0x72, 0x1f,
    0xff, 0x6, 0xff, 0xff, 0x1a, 0x1f, 0xff, 0x1b,
    0xff, 0xfc, 0x70, 0x7f, 0xfc, 0x6f, 0xff, 0xf1,
    0xc1, 0xff, 0xf1, 0x7f, 0xff, 0xc8, 0x87, 0xff,
    0xc1, 0xff, 0xff, 0x22, 0x1f, 0xff, 0x7, 0xff,
    0xfc, 0x90, 0x7f, 0xfc, 0x1b, 0xff, 0xfc, 0x72,
    0x1f, 0xff, 0xb, 0xff, 0xfc, 0x88, 0x7f, 0xfc,
    0x2f, 0xff, 0xf2, 0x41, 0xff, 0xf0, 0x7f, 0xff,
    0xc9, 0x7, 0xff, 0xc1, 0xff, 0xff, 0x22, 0x1f,
    0xff, 0x7, 0xff, 0xfc, 0x48, 0x7f, 0xfc, 0x9b,
    0xff, 0xfb, 0xe8, 0x7f, 0xfd, 0x6f, 0xff, 0xee,
    0xa1, 0xff, 0xf7, 0xbf, 0xff, 0xb6, 0x87, 0xff,
    0xe6, 0xff, 0xfe, 0xca, 0x1f, 0xff, 0xb7, 0xff,
    0xfa, 0xe8, 0x7f, 0xff, 0x5f, 0xff, 0xea, 0xa1,
    0xff, 0xff, 0x6f, 0xff, 0xe9, 0x21, 0xff, 0xff,
    0xa, 0xff, 0xfe, 0x82, 0x1f, 0xff, 0xf0, 0xeb,
    0xff, 0xf9, 0xc8, 0x7f, 0xff, 0xc3, 0xeb, 0xff,
    0xf9, 0x88, 0x7f, 0xff, 0xc3, 0xf9, 0xff, 0xfe,
    0x52, 0x1f, 0xff, 0xf0, 0xff, 0x9f, 0xff, 0xe4,
    0x21, 0xff, 0xff, 0xf, 0xfe, 0xb, 0x7f, 0xff,
    0x15, 0xf, 0xff, 0xf8, 0x7f, 0xf1, 0x2f, 0xff,
    0xe1, 0xa1, 0xff, 0xff, 0xf, 0xfe, 0x35, 0xff,
    0xfc, 0x14, 0x3f, 0xff, 0xe1, 0xff, 0xc8, 0xbf,
    0xfe, 0x43, 0xff, 0xfe, 0x1f, 0xfc, 0xa7, 0xff,
    0x90, 0xff, 0xff, 0x87, 0xff, 0x31, 0xff, 0x90,
    0xff, 0xff, 0x87, 0xff, 0x39, 0xbf, 0x21, 0xff,
    0xff, 0xf, 0xfe, 0x8d, 0xe4, 0x3f, 0xff, 0xe1,
    0xff, 0xd3, 0x90,

    /* U+003D "=" */
    0x2b, 0xff, 0xff, 0x5f, 0xfd, 0x34, 0xff, 0xff,
    0xff, 0xff, 0xf4, 0xe3, 0xff, 0xff, 0xff, 0xff,
    0xd3, 0x8f, 0xff, 0xff, 0xff, 0xff, 0x4e, 0x3f,
    0xff, 0xff, 0xff, 0xfd, 0x38, 0xff, 0xff, 0xff,
    0xff, 0xf4, 0xe3, 0xff, 0xff, 0xff, 0xff, 0xd3,
    0x8f, 0xff, 0xff, 0xff, 0xff, 0x4e, 0x3f, 0xff,
    0xff, 0xff, 0xfd, 0x38, 0xff, 0xff, 0xff, 0xff,
    0xf4, 0xe3, 0xff, 0xff, 0xff, 0xff, 0xd3, 0x8f,
    0xff, 0xff, 0xff, 0xff, 0x4e, 0x3f, 0xff, 0xff,
    0xff, 0xfd, 0x38, 0xff, 0xff, 0xff, 0xff, 0xf4,
    0xe3, 0xff, 0xff, 0xff, 0xff, 0xd3, 0x8f, 0xff,
    0xff, 0xff, 0xff, 0x4e, 0x3f, 0xff, 0xff, 0xff,
    0xfd, 0x38, 0xff, 0xff, 0xff, 0xff, 0xf4, 0xe3,
    0xff, 0xff, 0xff, 0xff, 0xd3, 0x8f, 0xff, 0xff,
    0xff, 0xff, 0x4e, 0x3f, 0xff, 0xff, 0xff, 0xfd,
    0x38, 0x3f, 0xff, 0xe1, 0xff, 0xff, 0xf, 0xff,
    0xf8, 0x7f, 0xff, 0xc3, 0xff, 0xfe, 0x1f, 0xff,
    0xf0, 0xff, 0xff, 0x87, 0xff, 0xfc, 0x3f, 0xff,
    0xe1, 0xff, 0xff, 0xf, 0xff, 0xf8, 0x7f, 0xff,
    0xc3, 0xff, 0xfe, 0x1f, 0xff, 0xf0, 0xff, 0xff,
    0x87, 0xff, 0xfc, 0x3f, 0xff, 0xe1, 0xff, 0xff,
    0xf, 0xff, 0xf8, 0x7f, 0xff, 0xc3, 0xff, 0xfe,
    0x1f, 0xff, 0xf0, 0xff, 0xff, 0x86, 0xaf, 0xff,
    0xfd, 0x7f, 0xf4, 0xd3, 0xff, 0xff, 0xff, 0xff,
    0xd3, 0x8f, 0xff, 0xff, 0xff, 0xff, 0x4e, 0x3f,
    0xff, 0xff, 0xff, 0xfd, 0x38, 0xff, 0xff, 0xff,
    0xff, 0xf4, 0xe3, 0xff, 0xff, 0xff, 0xff, 0xd3,
    0x8f, 0xff, 0xff, 0xff, 0xff, 0x4e, 0x3f, 0xff,
    0xff, 0xff, 0xfd, 0x38, 0xff, 0xff, 0xff, 0xff,
    0xf4, 0xe3, 0xff, 0xff, 0xff, 0xff, 0xd3, 0x8f,
    0xff, 0xff, 0xff, 0xff, 0x4e, 0x3f, 0xff, 0xff,
    0xff, 0xfd, 0x38, 0xff, 0xff, 0xff, 0xff, 0xf4,
    0xe3, 0xff, 0xff, 0xff, 0xff, 0xd3, 0x8f, 0xff,
    0xff, 0xff, 0xff, 0x4e, 0x3f, 0xff, 0xff, 0xff,
    0xfd, 0x38, 0xff, 0xff, 0xff, 0xff, 0xf4, 0xe3,
    0xff, 0xff, 0xff, 0xff, 0xd3, 0x8f, 0xff, 0xff,
    0xff, 0xff, 0x4e, 0x3f, 0xff, 0xff, 0xff, 0xfd,
    0x38, 0xff, 0xff, 0xff, 0xff, 0xf4, 0xe0,

    /* U+003E ">" */
    0xf, 0xff, 0xf8, 0x7f, 0xf5, 0x68, 0x1f, 0xff,
    0xf0, 0xff, 0xe9, 0xdf, 0x21, 0xff, 0xff, 0xf,
    0xfe, 0x85, 0xfc, 0x87, 0xff, 0xfc, 0x3f, 0xf9,
    0xd7, 0xfc, 0x87, 0xff, 0xfc, 0x3f, 0xf9, 0x97,
    0xff, 0x41, 0xff, 0xff, 0xf, 0xfe, 0x55, 0xff,
    0xf4, 0x1f, 0xff, 0xf0, 0xff, 0xe4, 0x5f, 0xff,
    0xc1, 0x83, 0xff, 0xfe, 0x1f, 0xfc, 0x6b, 0xff,
    0xf8, 0x88, 0x7f, 0xff, 0xc3, 0xff, 0x87, 0x7f,
    0xff, 0x19, 0xf, 0xff, 0xf8, 0x7f, 0xf0, 0x6f,
    0xff, 0xe4, 0x21, 0xff, 0xff, 0xf, 0xfa, 0xff,
    0xfe, 0x54, 0x1f, 0xff, 0xf0, 0xfe, 0xbf, 0xff,
    0x99, 0x7, 0xff, 0xfc, 0x3e, 0xbf, 0xff, 0x9d,
    0x7, 0xff, 0xfc, 0x3a, 0xff, 0xfe, 0x8a, 0x1f,
    0xff, 0xf0, 0x5f, 0xff, 0xd3, 0x43, 0xff, 0xff,
    0x7f, 0xff, 0x55, 0xf, 0xff, 0xed, 0xff, 0xfd,
    0x78, 0x3f, 0xff, 0x77, 0xff, 0xf6, 0x60, 0xff,
    0xfc, 0xdf, 0xff, 0xdb, 0x83, 0xff, 0xef, 0x7f,
    0xff, 0x79, 0xf, 0xff, 0xa5, 0xff, 0xfe, 0x4,
    0x3f, 0xfe, 0x57, 0xff, 0xf8, 0x90, 0xff, 0xf8,
    0x5f, 0xff, 0xe4, 0x83, 0xff, 0xde, 0xdf, 0xff,
    0xe4, 0x83, 0xff, 0xe1, 0x7f, 0xff, 0x92, 0xf,
    0xff, 0x83, 0xff, 0xfe, 0x54, 0x3f, 0xfd, 0xef,
    0xff, 0xf9, 0x50, 0xff, 0xf8, 0x5f, 0xff, 0xe4,
    0x43, 0xff, 0xe1, 0x7f, 0xff, 0x92, 0xf, 0xff,
    0x83, 0xff, 0xfe, 0x48, 0x3f, 0xfe, 0x37, 0xff,
    0xf8, 0xe0, 0xff, 0xf8, 0xdf, 0xff, 0xe4, 0x43,
    0xff, 0xe0, 0xff, 0xff, 0x91, 0xf, 0xff, 0x83,
    0x7f, 0xff, 0x8d, 0xf, 0xff, 0x8d, 0xff, 0xfe,
    0x38, 0x3f, 0xfe, 0x2f, 0xff, 0xf8, 0xe0, 0xff,
    0xf8, 0xbf, 0xff, 0xe3, 0x83, 0xff, 0xe5, 0x7f,
    0xff, 0x8d, 0xf, 0xff, 0x8d, 0xff, 0xfe, 0x34,
    0x3f, 0xfe, 0x2f, 0xff, 0xf8, 0xd0, 0xff, 0xf8,
    0xb7, 0xff, 0xf8, 0xa0, 0xff, 0xf9, 0x5f, 0xff,
    0xe2, 0x83, 0xff, 0xe4, 0xff, 0xff, 0x8a, 0xf,
    0xff, 0x93, 0xff, 0xfe, 0x34, 0x3f, 0xfe, 0x57,
    0xff, 0xf8, 0x90, 0xff, 0xf9, 0x5f, 0xff, 0xe2,
    0x43, 0xff, 0xe4, 0xff, 0xff, 0x8a, 0xf, 0xff,
    0x9d, 0xff, 0xfe, 0x18, 0x3f, 0xfe, 0x77, 0xff,
    0xf8, 0x60, 0xff, 0xf9, 0xbf, 0xff, 0xe1, 0x43,
    0xff, 0xe6, 0xdf, 0xff, 0xde, 0x43, 0xff, 0xed,
    0x7f, 0xff, 0x71, 0xf, 0xff, 0xc3, 0xff, 0xfd,
    0xa4, 0x3f, 0xff, 0x4f, 0xff, 0xf6, 0x10, 0xff,
    0xfe, 0xdf, 0xff, 0xd5, 0x43, 0xff, 0xff, 0x7f,
    0xff, 0x4d, 0xf, 0xff, 0xf8, 0x1f, 0xff, 0xe8,
    0xa1, 0xff, 0xff, 0xc, 0xdf, 0xff, 0xce, 0x43,
    0xff, 0xfe, 0x1f, 0x5f, 0xff, 0xcc, 0x43, 0xff,
    0xfe, 0x1f, 0x9f, 0xff, 0xe5, 0xa1, 0xff, 0xff,
    0xf, 0x3f, 0xff, 0xcd, 0x43, 0xff, 0xfe, 0x19,
    0xff, 0xfe, 0x7a, 0x1f, 0xff, 0xf0, 0x5f, 0xff,
    0xd1, 0x43, 0xff, 0xfc, 0xdf, 0xff, 0xd3, 0x43,
    0xff, 0xf8, 0xff, 0xff, 0x59, 0xf, 0xff, 0xd5,
    0xff, 0xfd, 0x84, 0x3f, 0xff, 0x17, 0xff, 0xf6,
    0x90, 0xff, 0xfa, 0xb7, 0xff, 0xf7, 0x10, 0xff,
    0xf9, 0xbf, 0xff, 0xdf, 0x43, 0xff, 0xe3, 0x7f,
    0xff, 0x85, 0xf, 0xff, 0x7d, 0xff, 0xfe, 0x14,
    0x3f, 0xfd, 0xcf, 0xff, 0xf8, 0x90, 0xff, 0xf7,
    0x3f, 0xff, 0xe2, 0x43, 0xff, 0xdd, 0x7f, 0xff,
    0x86, 0xf, 0xff, 0x73, 0x7f, 0xff, 0x86, 0xf,
    0xff, 0x73, 0xff, 0xfe, 0x28, 0x3f, 0xfd, 0xd7,
    0xff, 0xf8, 0x90, 0xff, 0xf7, 0x5f, 0xff, 0xe2,
    0x43, 0xff, 0xda, 0xff, 0xff, 0x8d, 0xf, 0xff,
    0x6b, 0xff, 0xfe, 0x29, 0xf, 0xff, 0x6d, 0xff,
    0xfe, 0x28, 0x3f, 0xfd, 0xad, 0xff, 0xfe, 0x28,
    0x3f, 0xfd, 0xaf, 0xff, 0xf8, 0xd0, 0xff, 0xf6,
    0xdf, 0xff, 0xe3, 0x43, 0xff, 0xdb, 0x7f, 0xff,
    0x8d, 0xf, 0xff, 0x63, 0xff, 0xfe, 0x39, 0xf,
    0xff, 0x63, 0xff, 0xfe, 0x38, 0x3f, 0xfd, 0xb7,
    0xff, 0xf8, 0xe0, 0xff, 0xf6, 0x37, 0xff, 0xf8,
    0xd0, 0xff, 0xf6, 0x3f, 0xff, 0xe4, 0x43, 0xff,
    0xd9, 0x7f, 0xff, 0x91, 0xf, 0xff, 0x65, 0xff,
    0xfe, 0x39, 0xf, 0xff, 0x5b, 0xff, 0xfe, 0x48,
    0x3f, 0xfd, 0x8f, 0xff, 0xf9, 0x20, 0xff, 0xf6,
    0x5f, 0xff, 0xe4, 0x43, 0xff, 0xd6, 0xdf, 0xff,
    0xe4, 0x43, 0xff, 0xd9, 0x7f, 0xff, 0x91, 0xf,
    0xff, 0x75, 0xff, 0xfe, 0x19, 0xf, 0xff, 0x85,
    0xff, 0xfd, 0xf8, 0x3f, 0xfe, 0x77, 0xff, 0xf7,
    0x60, 0xff, 0xfa, 0xdf, 0xff, 0xdb, 0x43, 0xff,
    0xef, 0x7f, 0xff, 0x65, 0xf, 0xff, 0xcd, 0xff,
    0xfd, 0x74, 0x3f, 0xff, 0x77, 0xff, 0xf5, 0x24,
    0x3f, 0xff, 0xb7, 0xff, 0xf4, 0xa0, 0xff, 0xff,
    0x97, 0xff, 0xf4, 0x20, 0xff, 0xff, 0x85, 0x7f,
    0xff, 0x39, 0xf, 0xff, 0xf8, 0x75, 0xff, 0xfc,
    0xc4, 0x3f, 0xff, 0xe1, 0xf5, 0xff, 0xfc, 0xa4,
    0x3f, 0xff, 0xe1, 0xfd, 0x7f, 0xff, 0x1e, 0x43,
    0xff, 0xfe, 0x1f, 0xf5, 0xff, 0xfc, 0x58, 0x3f,
    0xff, 0xe1, 0xff, 0xc2, 0xbf, 0xff, 0x87, 0x7,
    0xff, 0xfc, 0x3f, 0xf8, 0x97, 0xff, 0xf0, 0x50,
    0xff, 0xff, 0x87, 0xff, 0x1a, 0xff, 0xf9, 0xf,
    0xff, 0xf8, 0x7f, 0xf2, 0x2f, 0xfe, 0x43, 0xff,
    0xfe, 0x1f, 0xfc, 0xab, 0xfd, 0x21, 0xff, 0xff,
    0xf, 0xfe, 0x65, 0xfa, 0xf, 0xff, 0xf8, 0x7f,
    0xf3, 0xef, 0x41, 0xff, 0xff, 0xf, 0xfe, 0x8c,
    0x87, 0xff, 0xfc, 0x3f, 0xfa, 0x60,

    /* U+003F "?" */
    0xf, 0xfe, 0xe2, 0xa9, 0xff, 0xf5, 0x14, 0x1f,
    0xff, 0x96, 0xff, 0xfe, 0x64, 0x87, 0xff, 0xc1,
    0xbf, 0xff, 0xa7, 0x21, 0xff, 0xeb, 0xbf, 0xff,
    0xb3, 0x7, 0xff, 0x99, 0xff, 0xfe, 0xf4, 0x1f,
    0xfe, 0x27, 0xff, 0xfc, 0x50, 0x7f, 0xf7, 0x9f,
    0xff, 0xf3, 0x41, 0xff, 0xdb, 0xbf, 0xff, 0xd2,
    0x87, 0xff, 0x5e, 0xff, 0xff, 0x64, 0x1f, 0xfd,
    0x5f, 0xff, 0xf7, 0xc1, 0xff, 0xd2, 0x7f, 0xff,
    0xe4, 0x1f, 0xfd, 0xb, 0xff, 0xfe, 0x81, 0xff,
    0xce, 0xff, 0xff, 0xb8, 0x7f, 0xf3, 0x3f, 0xff,
    0xf2, 0x1f, 0xfc, 0x97, 0xff, 0xff, 0x50, 0x7f,
    0xf2, 0x3f, 0xff, 0xf8, 0x87, 0xff, 0x1b, 0xff,
    0xff, 0xc1, 0xff, 0xc5, 0xff, 0xff, 0xfe, 0x1f,
    0xfc, 0x3f, 0xff, 0xff, 0xf9, 0xf, 0xfe, 0xd,
    0xff, 0xff, 0xff, 0x83, 0xff, 0x80, 0xff, 0xff,
    0xff, 0xf4, 0x1f, 0xf7, 0xff, 0xff, 0xff, 0xc1,
    0xfe, 0xff, 0xfe, 0xe5, 0x77, 0xff, 0xf6, 0x50,
    0xfd, 0x7f, 0xff, 0x5e, 0x43, 0xfe, 0x7f, 0xff,
    0xac, 0x1f, 0xbf, 0xff, 0xab, 0x21, 0xff, 0xc4,
    0x7f, 0xff, 0xa8, 0x1f, 0x5f, 0xff, 0xd3, 0x83,
    0xff, 0x93, 0x7f, 0xff, 0x4a, 0xe, 0x7f, 0xff,
    0xa6, 0x87, 0xff, 0x2d, 0xff, 0xfe, 0x90, 0x77,
    0xff, 0xf4, 0xc3, 0xff, 0x9c, 0xff, 0xff, 0x44,
    0x3b, 0xff, 0xfa, 0x30, 0x7f, 0xf4, 0x2f, 0xff,
    0xe8, 0x21, 0x5f, 0xff, 0xd1, 0xf, 0xfe, 0x97,
    0xff, 0xf4, 0x20, 0xbf, 0xff, 0xa2, 0x1f, 0xfd,
    0x4f, 0xff, 0xe7, 0xc0, 0x7f, 0xff, 0xa0, 0x1f,
    0xfd, 0x5f, 0xff, 0xe8, 0x2, 0xff, 0xfe, 0x78,
    0x7f, 0xf5, 0x9f, 0xff, 0xe7, 0x83, 0xff, 0xf9,
    0xe8, 0x7f, 0xf5, 0xff, 0xff, 0x9e, 0x6, 0xff,
    0xfe, 0x64, 0x1f, 0xfd, 0x8f, 0xff, 0xe7, 0x87,
    0x37, 0xff, 0xf2, 0x43, 0xff, 0xb3, 0x7f, 0xff,
    0x38, 0x3f, 0x37, 0xff, 0xf1, 0x50, 0xff, 0xec,
    0xbf, 0xff, 0xce, 0xf, 0xf9, 0xbf, 0xff, 0x83,
    0x7, 0xff, 0x69, 0xff, 0xfe, 0x70, 0x7f, 0xf0,
    0x9b, 0xff, 0xc1, 0xff, 0xdc, 0xff, 0xfe, 0x70,
    0x7f, 0xf1, 0x5b, 0xfd, 0x7, 0xff, 0x73, 0xff,
    0xf9, 0xc1, 0xff, 0xc8, 0x6f, 0x83, 0xff, 0xb8,
    0xff, 0xff, 0x38, 0x3f, 0xf9, 0x6c, 0x1f, 0xfd,
    0xc7, 0xff, 0xf9, 0xc1, 0xff, 0xf5, 0x7f, 0xff,
    0x9c, 0x1f, 0xff, 0x5b, 0xff, 0xf9, 0xb0, 0x7f,
    0xfd, 0x7f, 0xff, 0x9c, 0x87, 0xff, 0xd7, 0xff,
    0xf9, 0xc8, 0x7f, 0xfd, 0x1f, 0xff, 0xe7, 0x7,
    0xff, 0xd6, 0xff, 0xfe, 0x70, 0x7f, 0xfd, 0x7f,
    0xff, 0x9c, 0x87, 0xff, 0xd2, 0xff, 0xfe, 0x70,
    0x7f, 0xfd, 0x7f, 0xff, 0x9e, 0x1f, 0xff, 0x4b,
    0xff, 0xf9, 0xc8, 0x7f, 0xfc, 0xdf, 0xff, 0xe7,
    0x87, 0xff, 0xd3, 0xff, 0xf9, 0xf0, 0x7f, 0xfc,
    0xef, 0xff, 0xe7, 0x87, 0xff, 0xcd, 0xff, 0xfe,
    0x7a, 0x1f, 0xff, 0x3f, 0xff, 0xe8, 0x7, 0xff,
    0xcf, 0xff, 0xfa, 0x8, 0x7f, 0xfc, 0xbf, 0xff,
    0xa1, 0x7, 0xff, 0xca, 0xff, 0xfe, 0x80, 0x7f,
    0xfc, 0xaf, 0xff, 0xe8, 0x7, 0xff, 0xca, 0xff,
    0xfe, 0x82, 0x1f, 0xff, 0x1b, 0xff, 0xfa, 0x10,
    0x7f, 0xfc, 0x6f, 0xff, 0xe8, 0x87, 0xff, 0xc6,
    0xff, 0xfe, 0x88, 0x7f, 0xfc, 0x6f, 0xff, 0xe8,
    0x87, 0xff, 0xc5, 0xff, 0xfe, 0x88, 0x7f, 0xfc,
    0x5f, 0xff, 0xe8, 0xa1, 0xff, 0xf0, 0x7f, 0xff,
    0xa2, 0x87, 0xff, 0xc1, 0xff, 0xfe, 0x8a, 0x1f,
    0xff, 0x7, 0xff, 0xfa, 0x28, 0x7f, 0xfc, 0x7f,
    0xff, 0xa2, 0x87, 0xff, 0xc7, 0xff, 0xfa, 0x21,
    0xff, 0xf2, 0xff, 0xfe, 0x88, 0x7f, 0xfc, 0xaf,
    0xff, 0xe8, 0x7, 0xff, 0xc9, 0xff, 0xfe, 0x80,
    0x7f, 0xfc, 0xff, 0xff, 0xa0, 0x1f, 0xff, 0x3b,
    0xff, 0xf9, 0xe1, 0xff, 0xf4, 0xff, 0xfe, 0x78,
    0x7f, 0xfd, 0x2f, 0xff, 0xe7, 0x7, 0xff, 0xd7,
    0xff, 0xf9, 0xc1, 0xff, 0xf5, 0x7f, 0xff, 0x9a,
    0x1f, 0xff, 0x6f, 0xff, 0xe6, 0xa1, 0xff, 0xf6,
    0xff, 0xfe, 0x62, 0x1f, 0xff, 0x67, 0xff, 0xf9,
    0x70, 0x7f, 0xfd, 0xef, 0xff, 0xe5, 0x87, 0xff,
    0xe2, 0xff, 0xfe, 0x52, 0x1f, 0xff, 0x8f, 0xff,
    0xe5, 0x87, 0xff, 0xe7, 0xff, 0xf9, 0x48, 0x7f,
    0xfe, 0x7f, 0xff, 0x94, 0x1f, 0xff, 0xaf, 0xff,
    0xe5, 0x7, 0xff, 0xeb, 0xff, 0xf9, 0x30, 0x7f,
    0xfe, 0xbf, 0xff, 0x93, 0x7, 0xff, 0xeb, 0xff,
    0xf9, 0x30, 0x7f, 0xfe, 0xbf, 0xff, 0x92, 0x87,
    0xff, 0xeb, 0xff, 0xf9, 0x28, 0x7f, 0xfe, 0xbf,
    0xff, 0x92, 0x87, 0xff, 0xeb, 0xff, 0xf9, 0x28,
    0x7f, 0xfe, 0xbf, 0xff, 0x92, 0x87, 0xff, 0xeb,
    0xff, 0xf9, 0x28, 0x7f, 0xfe, 0xbf, 0xff, 0x92,
    0x87, 0xff, 0xeb, 0xff, 0xf9, 0x28, 0x7f, 0xfe,
    0xbf, 0xff, 0x92, 0x87, 0xff, 0xeb, 0xff, 0xf9,
    0x28, 0x7f, 0xfe, 0xab, 0xff, 0x92, 0x87, 0xff,
    0xfc, 0x3f, 0xff, 0xe1, 0xff, 0xff, 0xf, 0xff,
    0xf8, 0x7f, 0xff, 0xc3, 0xff, 0xfe, 0x1f, 0xff,
    0xf0, 0xff, 0xff, 0x87, 0xff, 0xfc, 0x3f, 0xff,
    0xe1, 0xff, 0xff, 0xf, 0xff, 0xf8, 0x7f, 0xff,
    0xc3, 0xff, 0xfe, 0x1f, 0xff, 0xf0, 0xff, 0xff,
    0x87, 0xff, 0xfc, 0x3f, 0xff, 0xe1, 0xff, 0xff,
    0xf, 0xfe, 0x93, 0x7f, 0xa8, 0x87, 0xff, 0xfc,
    0x35, 0xff, 0xfc, 0x18, 0x3f, 0xff, 0xf7, 0xff,
    0xf1, 0x50, 0xff, 0xfe, 0x7f, 0xff, 0x22, 0xf,
    0xff, 0xd7, 0xff, 0xf2, 0xa0, 0xff, 0xfc, 0x7f,
    0xff, 0x32, 0xf, 0xff, 0xb5, 0xff, 0xfc, 0xd4,
    0x3f, 0xfe, 0xbf, 0xff, 0xcf, 0xf, 0xff, 0xa5,
    0xff, 0xfc, 0xf8, 0x3f, 0xfe, 0x7f, 0xff, 0xd1,
    0xf, 0xff, 0x93, 0xff, 0xfd, 0x14, 0x3f, 0xfe,
    0x37, 0xff, 0xf4, 0x60, 0xff, 0xf8, 0xff, 0xff,
    0x4a, 0xf, 0xff, 0x8f, 0xff, 0xf4, 0xc3, 0xff,
    0xe3, 0xff, 0xfd, 0x30, 0xff, 0xf8, 0xff, 0xff,
    0x4c, 0x3f, 0xfe, 0x3f, 0xff, 0xd3, 0xf, 0xff,
    0x8f, 0xff, 0xf4, 0xc3, 0xff, 0xe3, 0xff, 0xfd,
    0x28, 0x3f, 0xfe, 0x37, 0xff, 0xf4, 0x60, 0xff,
    0xf8, 0xbf, 0xff, 0xd1, 0xf, 0xff, 0x9f, 0xff,
    0xf4, 0x43, 0xff, 0xe7, 0x7f, 0xff, 0x3d, 0xf,
    0xff, 0xa7, 0xff, 0xf3, 0xc3, 0xff, 0xea, 0xff,
    0xff, 0x34, 0x3f, 0xfe, 0xf7, 0xff, 0xf2, 0xd0,
    0xff, 0xfc, 0x5f, 0xff, 0xc9, 0x43, 0xff, 0xf5,
    0x7f, 0xff, 0x1d, 0xf, 0xff, 0xe3, 0xff, 0xfc,
    0x50, 0xff, 0xff, 0x8f, 0xff, 0xf0, 0x50, 0xff,
    0xff, 0x86, 0x6f, 0xf5, 0x3, 0xff, 0xba,

    /* U+0040 "@" */
    0xf, 0xff, 0xea, 0xff, 0x83, 0xff, 0xfe, 0x1f,
    0xfe, 0xe6, 0x9f, 0xff, 0xca, 0x94, 0x1f, 0xff,
    0xf0, 0xff, 0xef, 0xaa, 0xff, 0xfe, 0xb4, 0x87,
    0xff, 0xfc, 0x3f, 0xfa, 0xf7, 0xff, 0xf7, 0xe4,
    0x3f, 0xff, 0xe1, 0xff, 0xcf, 0x6f, 0xff, 0xf3,
    0x21, 0xff, 0xff, 0xf, 0xfe, 0x4b, 0x7f, 0xff,
    0xb1, 0xf, 0xff, 0xf8, 0x7f, 0xf1, 0x2f, 0xff,
    0xf8, 0xc1, 0xff, 0xff, 0xf, 0xfe, 0x5, 0xff,
    0xff, 0x64, 0x3f, 0xff, 0xe1, 0xe7, 0xff, 0xff,
    0x68, 0x7f, 0xff, 0xc2, 0xff, 0xff, 0xfa, 0x1f,
    0xff, 0xeb, 0xff, 0xff, 0xff, 0x7, 0xff, 0xee,
    0xff, 0xff, 0xff, 0xfa, 0xf, 0xff, 0xbb, 0xff,
    0xff, 0xff, 0xff, 0x21, 0xff, 0xf4, 0xbf, 0xff,
    0xff, 0xff, 0xfc, 0x10, 0xff, 0xf8, 0xbf, 0xff,
    0xff, 0xff, 0xfe, 0x22, 0x1f, 0xfe, 0xeb, 0xff,
    0xff, 0xff, 0xff, 0xc6, 0x83, 0xff, 0xd9, 0xff,
    0xff, 0xff, 0xff, 0xe5, 0x7, 0xff, 0xa5, 0xff,
    0xff, 0xff, 0xff, 0xf3, 0x10, 0xff, 0xf3, 0x3f,
    0xff, 0xff, 0xff, 0xfe, 0x72, 0x1f, 0xfe, 0x4b,
    0xff, 0xfb, 0xd4, 0x50, 0x7f, 0xf0, 0x15, 0x4f,
    0xff, 0xee, 0xc1, 0xff, 0xe2, 0xbf, 0xff, 0xb5,
    0x21, 0xff, 0xce, 0x55, 0xff, 0xfd, 0x88, 0x3f,
    0xfc, 0x17, 0xff, 0xf5, 0xe4, 0x3f, 0xfa, 0xef,
    0xff, 0xf5, 0xa0, 0xff, 0xef, 0x7f, 0xff, 0x5a,
    0x43, 0xff, 0xba, 0xff, 0xff, 0x52, 0xf, 0xfe,
    0xe7, 0xff, 0xf5, 0x50, 0xff, 0xf1, 0xdf, 0xff,
    0xd2, 0x83, 0xff, 0xb5, 0x7f, 0xff, 0x4d, 0xf,
    0xff, 0x3b, 0xff, 0xfd, 0x18, 0x3f, 0xfb, 0x17,
    0xff, 0xf4, 0x90, 0xff, 0xf5, 0xbf, 0xff, 0xd0,
    0x43, 0xff, 0xad, 0x7f, 0xff, 0x45, 0xf, 0xff,
    0x7d, 0xff, 0xfc, 0xf4, 0x3f, 0xfa, 0x8f, 0xff,
    0xf4, 0x20, 0xff, 0xf9, 0xdf, 0xff, 0xce, 0xf,
    0xfe, 0xa7, 0xff, 0xf4, 0x3, 0xff, 0xec, 0xff,
    0xff, 0x38, 0x3f, 0xfa, 0x5f, 0xff, 0xcf, 0x83,
    0xff, 0xf3, 0xff, 0xfc, 0xd8, 0x3f, 0xfa, 0x17,
    0xff, 0xf3, 0x90, 0xff, 0xfd, 0xdf, 0xff, 0xcc,
    0x43, 0xff, 0x9c, 0xff, 0xff, 0x38, 0x3f, 0xff,
    0xcf, 0xff, 0xf3, 0x3, 0xff, 0x9d, 0xff, 0xfc,
    0xd8, 0x3f, 0xff, 0xe3, 0xff, 0xfc, 0xb8, 0x3f,
    0xf9, 0x9f, 0xff, 0xcd, 0x83, 0xff, 0xa0, 0xd3,
    0xfe, 0xa2, 0x1f, 0xfd, 0xaf, 0xff, 0xe5, 0xa1,
    0xff, 0xca, 0xbf, 0xff, 0x99, 0x7, 0xff, 0x3a,
    0xff, 0xfe, 0x2c, 0x1f, 0xfd, 0x8f, 0xff, 0xe5,
    0x87, 0xff, 0x2b, 0xff, 0xf9, 0x90, 0x7f, 0xf3,
    0x1f, 0xff, 0xe5, 0x41, 0xff, 0x7f, 0xff, 0x16,
    0xe, 0x7f, 0xff, 0x95, 0x7, 0xff, 0x22, 0xff,
    0xfe, 0x5c, 0x1f, 0xfc, 0xb7, 0xff, 0xf9, 0xd0,
    0x7f, 0x7f, 0xff, 0x16, 0xf, 0x3f, 0xff, 0xca,
    0xf, 0xfe, 0x3b, 0xff, 0xfc, 0xc0, 0xff, 0xe5,
    0x3f, 0xff, 0xd2, 0x43, 0xef, 0xff, 0xe2, 0xc1,
    0xf5, 0xff, 0xfc, 0x98, 0x3f, 0xf8, 0xdf, 0xff,
    0xcc, 0xf, 0xfe, 0x55, 0xff, 0xfd, 0x48, 0x3d,
    0xff, 0xfc, 0x58, 0x3f, 0x5f, 0xff, 0xc9, 0x43,
    0xff, 0x88, 0xff, 0xff, 0x2c, 0x3f, 0xf9, 0x5f,
    0xff, 0xd8, 0xe, 0xff, 0xfe, 0x2c, 0x1f, 0xdf,
    0xff, 0xca, 0xf, 0xfe, 0x27, 0xff, 0xf2, 0xd0,
    0xff, 0xe4, 0x3f, 0xff, 0xda, 0xd, 0xff, 0xfc,
    0x58, 0x3f, 0x9f, 0xff, 0xe4, 0xa1, 0xff, 0xc2,
    0x7f, 0xff, 0x95, 0x7, 0xff, 0x22, 0xff, 0xfe,
    0xe0, 0x5f, 0xff, 0xc5, 0x83, 0xfd, 0x7f, 0xff,
    0x22, 0xf, 0xfe, 0x17, 0xff, 0xf2, 0xc3, 0xff,
    0x91, 0x7f, 0xff, 0x78, 0x1f, 0xff, 0xc5, 0x83,
    0xfe, 0xff, 0xfe, 0x48, 0x7f, 0xf0, 0x5f, 0xff,
    0xe5, 0x21, 0xff, 0xc7, 0xbf, 0xff, 0xc0, 0x7f,
    0xff, 0x16, 0xf, 0xf9, 0xff, 0xfe, 0x44, 0x1f,
    0xfc, 0xf, 0xff, 0xe5, 0x41, 0xff, 0xc7, 0xbf,
    0xff, 0xe7, 0x7, 0xff, 0x3, 0xff, 0xf9, 0x21,
    0xff, 0x3f, 0xff, 0xca, 0xf, 0xfe, 0x3b, 0xff,
    0xff, 0x48, 0x3f, 0xf8, 0xf, 0xff, 0xf2, 0x10,
    0xff, 0x7f, 0xff, 0x2a, 0xf, 0xfe, 0x33, 0xff,
    0xff, 0x58, 0x3f, 0xf8, 0x3f, 0xff, 0xc9, 0xf,
    0xf7, 0xff, 0xf2, 0x83, 0xff, 0x8f, 0xff, 0xff,
    0x68, 0x3f, 0xf8, 0x2f, 0xff, 0xf2, 0x3, 0xfa,
    0xff, 0xfe, 0x4c, 0x1f, 0xfc, 0x6b, 0xff, 0xfe,
    0xd0, 0x7f, 0xf0, 0xbf, 0xff, 0x90, 0x87, 0xef,
    0xff, 0xe5, 0x7, 0xff, 0x19, 0xff, 0xff, 0xbc,
    0x1f, 0xfc, 0x27, 0xff, 0xf9, 0x1, 0xf3, 0xff,
    0xfc, 0x98, 0x3f, 0xf8, 0xdf, 0xff, 0xf8, 0x83,
    0xff, 0x87, 0xff, 0xfc, 0x80, 0xfa, 0xff, 0xfe,
    0x48, 0x7f, 0xf1, 0xaf, 0xff, 0xfc, 0x41, 0xff,
    0xc3, 0xbf, 0xff, 0x8e, 0x87, 0xbf, 0xff, 0x93,
    0x7, 0xff, 0x1b, 0xff, 0xff, 0x30, 0x7f, 0xf0,
    0xdf, 0xff, 0xe3, 0xc1, 0xef, 0xff, 0xe4, 0xa1,
    0xff, 0xc5, 0xff, 0xff, 0xd4, 0x1f, 0xfc, 0x4f,
    0xff, 0xe4, 0x7, 0x3f, 0xff, 0xc9, 0xf, 0xfe,
    0x2b, 0xff, 0xfd, 0x9, 0xf, 0x9b, 0xff, 0xfa,
    0x70, 0x7f, 0xf1, 0x2f, 0xff, 0xe3, 0x87, 0x7f,
    0xff, 0x26, 0xf, 0xfe, 0x2f, 0xff, 0xf3, 0xd0,
    0xff, 0xe0, 0xbf, 0xff, 0xd1, 0x83, 0xff, 0x88,
    0xff, 0xff, 0x1d, 0xd, 0xff, 0xfc, 0x90, 0xff,
    0xe3, 0x7f, 0xff, 0x36, 0xf, 0xfe, 0x2f, 0xff,
    0xf4, 0x20, 0xff, 0xe2, 0xff, 0xff, 0x1e, 0x9,
    0xff, 0xfe, 0x48, 0x7f, 0xf1, 0x6f, 0xff, 0xe6,
    0x41, 0xff, 0xc7, 0xbf, 0xff, 0x9d, 0x7, 0xff,
    0x17, 0xff, 0xf9, 0x1, 0x5f, 0xff, 0xc8, 0x83,
    0xff, 0x8b, 0xff, 0xfc, 0xc8, 0x3f, 0xf9, 0x3f,
    0xff, 0xce, 0x83, 0xff, 0x8b, 0x7f, 0xff, 0x1c,
    0x2b, 0xff, 0xf9, 0x8, 0x7f, 0xf1, 0x1f, 0xff,
    0xe5, 0xc1, 0xff, 0xcb, 0xff, 0xfe, 0x6c, 0x1f,
    0xfc, 0x57, 0xff, 0xf8, 0xe1, 0x7f, 0xff, 0x24,
    0x3f, 0xf8, 0xbf, 0xff, 0xcc, 0xf, 0xfe, 0x63,
    0xff, 0xfc, 0xc8, 0x3f, 0xf8, 0xaf, 0xff, 0xf1,
    0xc2, 0xff, 0xfe, 0x48, 0x7f, 0xf1, 0x7f, 0xff,
    0x96, 0x87, 0xff, 0x37, 0xff, 0xf9, 0x90, 0x7f,
    0xf1, 0xbf, 0xff, 0x8e, 0x8f, 0xff, 0xf2, 0x20,
    0xff, 0xe2, 0x3f, 0xff, 0xcb, 0xf, 0xfe, 0x73,
    0xff, 0xfc, 0xb8, 0x3f, 0xf8, 0xdf, 0xff, 0xc7,
    0x47, 0xff, 0xf9, 0x8, 0x7f, 0xf1, 0x2f, 0xff,
    0xe5, 0x21, 0xff, 0xcf, 0xff, 0xfe, 0x5c, 0x1f,
    0xfc, 0x6f, 0xff, 0xe3, 0xc5, 0xff, 0xfc, 0x80,
    0xff, 0xe2, 0xff, 0xff, 0x2c, 0x3f, 0xfa, 0xf,
    0xff, 0xf2, 0xa0, 0xff, 0xe3, 0x5f, 0xff, 0xc6,
    0x8f, 0xff, 0xe4, 0x87, 0xff, 0x17, 0xff, 0xf9,
    0x48, 0x7f, 0xf4, 0x7f, 0xff, 0x95, 0x7, 0xff,
    0x1a, 0xff, 0xfe, 0x39, 0xff, 0xfc, 0x90, 0xff,
    0xe2, 0x3f, 0xff, 0xca, 0xf, 0xfe, 0x95, 0xff,
    0xfc, 0x98, 0x3f, 0xf8, 0xd7, 0xff, 0xf1, 0xcf,
    0xff, 0xe4, 0x41, 0xff, 0xc4, 0xbf, 0xff, 0x94,
    0x1f, 0xfd, 0x27, 0xff, 0xf9, 0x30, 0x7f, 0xf1,
    0x9f, 0xff, 0xe3, 0x9f, 0xff, 0xc8, 0x83, 0xff,
    0x89, 0xff, 0xfc, 0xa8, 0x3f, 0xfa, 0x7f, 0xff,
    0xc9, 0x83, 0xff, 0x8c, 0xff, 0xff, 0x1c, 0xff,
    0xfe, 0x42, 0x1f, 0xfc, 0x4f, 0xff, 0xe5, 0x21,
    0xff, 0xd3, 0xff, 0xfe, 0x4c, 0x1f, 0xfc, 0x67,
    0xff, 0xf8, 0xef, 0xff, 0xf2, 0x10, 0xff, 0xe2,
    0x7f, 0xff, 0x28, 0x3f, 0xfa, 0x9f, 0xff, 0xc9,
    0x83, 0xff, 0x8c, 0xff, 0xff, 0x1d, 0xff, 0xfe,
    0x42, 0x1f, 0xfc, 0x37, 0xff, 0xf9, 0x41, 0xff,
    0xd4, 0xbf, 0xff, 0x91, 0x7, 0xff, 0x1f, 0xff,
    0xf8, 0xef, 0xff, 0xf2, 0x3, 0xff, 0x88, 0xff,
    0xff, 0x28, 0x3f, 0xfa, 0x97, 0xff, 0xf2, 0x20,
    0xff, 0xe3, 0xff, 0xff, 0x1d, 0xff, 0xfe, 0x40,
    0x7f, 0xf1, 0x2f, 0xff, 0xe4, 0xc1, 0xff, 0xd4,
    0x7f, 0xff, 0x91, 0x7, 0xff, 0x1f, 0xff, 0xf8,
    0xf7, 0xff, 0xf2, 0x3, 0xff, 0x89, 0x7f, 0xff,
    0x26, 0xf, 0xfe, 0xa3, 0xff, 0xfc, 0x88, 0x3f,
    0xf8, 0xff, 0xff, 0xc7, 0xbf, 0xff, 0x90, 0x1f,
    0xfc, 0x4b, 0xff, 0xf9, 0x30, 0x7f, 0xf5, 0x1f,
    0xff, 0xe4, 0x41, 0xff, 0xc7, 0xff, 0xfe, 0x3d,
    0xff, 0xfc, 0x80, 0xff, 0xe2, 0x5f, 0xff, 0xc9,
    0x43, 0xff, 0xa8, 0xff, 0xff, 0x22, 0xf, 0xfe,
    0x3f, 0xff, 0xf1, 0xef, 0xff, 0xe4, 0x7, 0xff,
    0x13, 0xff, 0xf9, 0x48, 0x7f, 0xf5, 0x7f, 0xff,
    0x91, 0x7, 0xff, 0x19, 0xff, 0xfe, 0x3d, 0xff,
    0xfc, 0x80, 0xff, 0xe2, 0x7f, 0xff, 0x29, 0xf,
    0xfe, 0xaf, 0xff, 0xf2, 0x20, 0xff, 0xe3, 0x3f,
    0xff, 0xc7, 0xbf, 0xff, 0x90, 0x1f, 0xfc, 0x4f,
    0xff, 0xe5, 0x21, 0xff, 0xd5, 0xff, 0xfe, 0x44,
    0x1f, 0xfc, 0x67, 0xff, 0xf8, 0xd4, 0xff, 0xfe,
    0x40, 0x7f, 0xf1, 0x3f, 0xff, 0x94, 0x87, 0xff,
    0x57, 0xff, 0xf9, 0x10, 0x7f, 0xf1, 0x9f, 0xff,
    0xe3, 0x4f, 0xff, 0xf2, 0x3, 0xff, 0x89, 0xff,
    0xfc, 0xa4, 0x3f, 0xfa, 0x8f, 0xff, 0xf2, 0x20,
    0xff, 0xe3, 0x3f, 0xff, 0xc6, 0x9f, 0xff, 0xe4,
    0x7, 0xff, 0x12, 0xff, 0xfe, 0x4c, 0x1f, 0xfd,
    0x47, 0xff, 0xf9, 0x10, 0x7f, 0xf1, 0xaf, 0xff,
    0xe3, 0x2b, 0xff, 0xf9, 0x8, 0x7f, 0xf0, 0xef,
    0xff, 0xe4, 0xc1, 0xff, 0xd4, 0x7f, 0xff, 0x91,
    0x7, 0xff, 0x1a, 0xff, 0xfe, 0x32, 0xbf, 0xff,
    0x90, 0x87, 0xff, 0xe, 0xff, 0xfe, 0x4c, 0x1f,
    0xfd, 0x4b, 0xff, 0xf9, 0x10, 0x7f, 0xf1, 0xaf,
    0xff, 0xe3, 0x27, 0xff, 0xf2, 0x10, 0xff, 0xe1,
    0xbf, 0xff, 0xca, 0xf, 0xfe, 0xa5, 0xff, 0xfc,
    0x88, 0x3f, 0xf8, 0xdf, 0xff, 0xc7, 0x7, 0xff,
    0xf2, 0x20, 0xff, 0xe1, 0xbf, 0xff, 0xca, 0xf,
    0xfe, 0xa7, 0xff, 0xf2, 0x60, 0xff, 0xe3, 0x7f,
    0xff, 0x1c, 0x1f, 0xff, 0xc8, 0x83, 0xff, 0x86,
    0xff, 0xff, 0x28, 0x3f, 0xfa, 0x9f, 0xff, 0xc9,
    0x83, 0xff, 0x8d, 0xff, 0xfc, 0x70, 0x7f, 0xff,
    0x24, 0x3f, 0xf8, 0x9f, 0xff, 0xca, 0x43, 0xff,
    0xa7, 0xff, 0xfc, 0x98, 0x3f, 0xf8, 0xdf, 0xff,
    0xc6, 0x81, 0x7f, 0xff, 0x20, 0x3f, 0xf8, 0x9f,
    0xff, 0xca, 0x83, 0xff, 0xa4, 0xff, 0xff, 0x26,
    0xf, 0xfe, 0x2b, 0xff, 0xfc, 0x68, 0x17, 0xff,
    0xf2, 0x3, 0xff, 0x89, 0xff, 0xfc, 0xb0, 0xff,
    0xe9, 0x5f, 0xff, 0xc9, 0x83, 0xff, 0x8b, 0x7f,
    0xff, 0x19, 0x3, 0xff, 0xfc, 0x84, 0x3f, 0xf8,
    0x77, 0xff, 0xf2, 0x83, 0xff, 0xa5, 0xff, 0xfc,
    0xa8, 0x3f, 0xf8, 0xbf, 0xff, 0xc7, 0x9, 0xff,
    0xfe, 0x44, 0x1f, 0xfc, 0x37, 0xff, 0xf9, 0x50,
    0x7f, 0xf4, 0x1f, 0xff, 0xe5, 0x41, 0xff, 0xc5,
    0xff, 0xfe, 0x38, 0x6f, 0xff, 0xe4, 0x87, 0xff,
    0x13, 0xff, 0xf9, 0x61, 0xff, 0xd0, 0xff, 0xfe,
    0x5c, 0x1f, 0xfc, 0x5f, 0xff, 0xe3, 0x41, 0xbf,
    0xff, 0x92, 0x1f, 0xfc, 0x4f, 0xff, 0xe5, 0xa1,
    0xff, 0xce, 0x7f, 0xff, 0x97, 0x7, 0xff, 0x12,
    0xff, 0xfe, 0x32, 0x1a, 0xff, 0xfe, 0x42, 0x1f,
    0xfc, 0x3b, 0xff, 0xf9, 0x61, 0xff, 0xce, 0xff,
    0xfe, 0x64, 0x1f, 0xfc, 0x4f, 0xff, 0xe3, 0x87,
    0x3f, 0xff, 0xc8, 0x83, 0xff, 0x89, 0xff, 0xfc,
    0xb8, 0x3f, 0xf9, 0x8f, 0xff, 0xf3, 0x43, 0xff,
    0x89, 0xff, 0xfc, 0x70, 0xf7, 0xff, 0xf2, 0x43,
    0xff, 0x89, 0xff, 0xfc, 0xc4, 0x3f, 0xf9, 0x7f,
    0xff, 0xce, 0xf, 0xfe, 0x1d, 0xff, 0xfc, 0x68,
    0x3d, 0xff, 0xfc, 0x94, 0x3f, 0xf8, 0x77, 0xff,
    0xf3, 0x3, 0xff, 0x95, 0xff, 0xfc, 0xf0, 0xff,
    0xe1, 0xff, 0xff, 0x1d, 0xf, 0x5f, 0xff, 0xc8,
    0x83, 0xff, 0x89, 0xff, 0xfc, 0xd0, 0xff, 0xe4,
    0x7f, 0xff, 0x41, 0xf, 0xfe, 0xd, 0xff, 0xfc,
    0x70, 0xf9, 0xff, 0xfe, 0x48, 0x7f, 0xf1, 0x2f,
    0xff, 0xe6, 0xa1, 0xff, 0xc4, 0x7f, 0xff, 0xa4,
    0x1f, 0xfc, 0x1f, 0xff, 0xe3, 0xc1, 0xfb, 0xff,
    0xf9, 0x28, 0x7f, 0xf0, 0xdf, 0xff, 0xe7, 0x41,
    0xff, 0xc2, 0xbf, 0xff, 0xa6, 0x87, 0xfd, 0xff,
    0xfc, 0x80, 0xfe, 0xff, 0xfe, 0x50, 0x7f, 0xf1,
    0x3f, 0xff, 0xa1, 0x21, 0xf9, 0xbf, 0xff, 0xac,
    0x1f, 0xef, 0xff, 0xe4, 0x41, 0xfc, 0xff, 0xff,
    0x25, 0xf, 0xfe, 0x1b, 0xff, 0xff, 0xe0, 0xfd,
    0xff, 0xfc, 0x94, 0x3f, 0xdf, 0xff, 0xca, 0xf,
    0xfe, 0x27, 0xff, 0xff, 0xe5, 0xd, 0xff, 0xfc,
    0xa0, 0xff, 0xaf, 0xff, 0xe4, 0xa1, 0xff, 0xc3,
    0x7f, 0xff, 0xff, 0xff, 0xfc, 0xe4, 0x3f, 0xe7,
    0xff, 0xf9, 0x41, 0xff, 0xc4, 0xbf, 0xff, 0xff,
    0xff, 0xfc, 0xd0, 0xff, 0xe0, 0xff, 0xff, 0x29,
    0xf, 0xfe, 0x27, 0xff, 0xff, 0xff, 0xff, 0x98,
    0x87, 0xff, 0x6, 0xff, 0xfe, 0x50, 0x7f, 0xf1,
    0x1f, 0xff, 0xff, 0xff, 0xff, 0x2a, 0xf, 0xfe,
    0x1f, 0xff, 0xf2, 0xa0, 0xff, 0xe2, 0x5f, 0xff,
    0xe7, 0x9f, 0xff, 0xef, 0x87, 0xff, 0x12, 0xff,
    0xfe, 0x50, 0x7f, 0xf1, 0x7f, 0xff, 0xce, 0xf,
    0xff, 0xef, 0x21, 0xff, 0xc5, 0xff, 0xfe, 0x58,
    0x7f, 0xf1, 0x7f, 0xff, 0xcb, 0x2, 0xff, 0xfe,
    0xe8, 0x7f, 0xf1, 0xaf, 0xff, 0xe5, 0x41, 0xff,
    0xc4, 0x7f, 0xff, 0xc8, 0x1b, 0xff, 0xfb, 0x81,
    0xff, 0xc8, 0xff, 0xfe, 0x58, 0x7f, 0xf1, 0x5f,
    0xff, 0xf1, 0x7, 0x5f, 0xff, 0xda, 0x43, 0xff,
    0x91, 0x7f, 0xff, 0x2c, 0x3f, 0xf8, 0xaf, 0xff,
    0xf8, 0x3, 0xef, 0xff, 0xec, 0xa1, 0xff, 0xca,
    0xff, 0xfe, 0x60, 0x7f, 0xf1, 0x5f, 0xff, 0xef,
    0x7, 0xeb, 0xff, 0xfa, 0xe8, 0x7f, 0xf2, 0xef,
    0xff, 0xe5, 0xc1, 0xff, 0xc6, 0xff, 0xfe, 0xe0,
    0x7f, 0xbf, 0xff, 0xac, 0x87, 0xff, 0x37, 0xff,
    0xf9, 0x90, 0x7f, 0xf1, 0xaf, 0xff, 0xec, 0x41,
    0xff, 0xc0, 0xff, 0xfe, 0xa2, 0x1f, 0xfc, 0xe7,
    0xff, 0xf9, 0x88, 0x7f, 0xf1, 0x9f, 0xff, 0xeb,
    0x41, 0xff, 0xc2, 0xff, 0xfe, 0x90, 0x7f, 0xf4,
    0x7f, 0xff, 0x9a, 0x87, 0xff, 0x1e, 0xff, 0xfe,
    0x98, 0x7f, 0xf1, 0x7f, 0xff, 0x9f, 0x7, 0xff,
    0x4f, 0xff, 0xf9, 0xa8, 0x7f, 0xf1, 0xdf, 0xff,
    0xe8, 0x21, 0xff, 0xc7, 0xff, 0xfe, 0x64, 0x1f,
    0xfd, 0x57, 0xff, 0xf9, 0xb0, 0x7f, 0xf2, 0x6f,
    0xff, 0xe5, 0xa1, 0xff, 0xca, 0x7f, 0xff, 0x91,
    0x7, 0xff, 0x62, 0xff, 0xfe, 0x6c, 0x1f, 0xfc,
    0xa6, 0xff, 0xfe, 0x2c, 0x87, 0xff, 0x39, 0xff,
    0xfe, 0x22, 0x1f, 0xfd, 0xbf, 0xff, 0xe7, 0x87,
    0xff, 0x35, 0xa7, 0xfe, 0x90, 0xff, 0xea, 0xb7,
    0xfd, 0x44, 0x3f, 0xfb, 0xcf, 0xff, 0xf3, 0xd0,
    0xff, 0xff, 0x87, 0xff, 0x96, 0xff, 0xfe, 0x7c,
    0x1f, 0xff, 0xf0, 0xff, 0xf2, 0xdf, 0xff, 0xd0,
    0x43, 0xff, 0xe7, 0x7, 0xff, 0xbf, 0xff, 0xfa,
    0x30, 0x7f, 0xfc, 0x1f, 0x41, 0xff, 0xef, 0xff,
    0xfe, 0x94, 0x1f, 0xfe, 0xc7, 0xf8, 0x3f, 0xfe,
    0x1f, 0xff, 0xd3, 0x43, 0xff, 0xd0, 0xff, 0xd0,
    0x7f, 0xfc, 0x3f, 0xff, 0xa9, 0x7, 0xff, 0x91,
    0xff, 0xf0, 0x7f, 0xfc, 0x1f, 0xff, 0xea, 0xc8,
    0x7f, 0xf7, 0xef, 0xff, 0xe0, 0x87, 0xff, 0xc1,
    0xff, 0xfe, 0xbc, 0x1f, 0xfd, 0xa7, 0xff, 0xf8,
    0x88, 0x7f, 0xfc, 0x7f, 0xff, 0xb3, 0x21, 0xff,
    0xd3, 0x7f, 0xff, 0x90, 0x1f, 0xff, 0x2f, 0xff,
    0xee, 0x51, 0xf, 0xfe, 0x4b, 0x4f, 0xff, 0xe5,
    0xa1, 0xff, 0xf2, 0xff, 0xff, 0x15, 0x4b, 0xf5,
    0x5f, 0xff, 0xd3, 0xf, 0xff, 0x9d, 0xff, 0xff,
    0xff, 0xff, 0xe0, 0xc1, 0xff, 0xf3, 0xbf, 0xff,
    0xff, 0xff, 0xfc, 0x10, 0xff, 0xfa, 0x3f, 0xff,
    0xff, 0xff, 0xfe, 0x4, 0x1f, 0xff, 0x5b, 0xff,
    0xff, 0xff, 0xff, 0x21, 0xff, 0xf5, 0x7f, 0xff,
    0xff, 0xff, 0xf0, 0x7f, 0xfd, 0xff, 0xff, 0xff,
    0xff, 0xe4, 0x3f, 0xfe, 0xef, 0xff, 0xff, 0xff,
    0xf2, 0x1f, 0xff, 0x9b, 0xff, 0xff, 0xff, 0xa0,
    0xff, 0xfe, 0xdf, 0xff, 0xff, 0xc3, 0xff, 0xfe,
    0xb, 0xff, 0xff, 0x88, 0x7f, 0xff, 0xc3, 0xaf,
    0xff, 0xfc, 0x21, 0xff, 0xff, 0xf, 0xeb, 0xff,
    0xfe, 0x72, 0x1f, 0xff, 0xf0, 0xff, 0xe0, 0xbf,
    0xff, 0xef, 0x83, 0xff, 0xfe, 0x1f, 0xfc, 0x77,
    0xff, 0xfd, 0x32, 0x1f, 0xff, 0xf0, 0xff, 0xe6,
    0x37, 0xff, 0xf8, 0xa4, 0x3f, 0xff, 0xe1, 0xff,
    0xd2, 0x6f, 0xff, 0xed, 0xc8, 0x7f, 0xff, 0xc3,
    0xff, 0xb6, 0xdf, 0xff, 0xd2, 0x90, 0xff, 0xff,
    0x87, 0xff, 0x95, 0x55, 0x7f, 0xff, 0x6, 0x8b,
    0x7, 0xff, 0xc8,

    /* U+0041 "A" */
    0xf, 0xff, 0x6b, 0xff, 0xfc, 0xe4, 0x3f, 0xff,
    0xe1, 0xff, 0xdb, 0xff, 0xfe, 0x80, 0x7f, 0xff,
    0xc3, 0xff, 0xb7, 0xff, 0xfd, 0x0, 0xff, 0xff,
    0x87, 0xff, 0x6a, 0xff, 0xfe, 0x84, 0x1f, 0xff,
    0xf0, 0xff, 0xec, 0xff, 0xff, 0x48, 0x3f, 0xff,
    0xe1, 0xff, 0xd8, 0x7f, 0xff, 0xa4, 0x87, 0xff,
    0xfc, 0x3f, 0xfa, 0xff, 0xff, 0xd3, 0x83, 0xff,
    0xfe, 0x1f, 0xfd, 0x7f, 0xff, 0xea, 0x7, 0xff,
    0xfc, 0x3f, 0xfa, 0xd7, 0xff, 0xf5, 0x20, 0xff,
    0xff, 0x87, 0xff, 0x57, 0xff, 0xfa, 0xc1, 0xff,
    0xff, 0xf, 0xfe, 0xa3, 0xff, 0xfd, 0x64, 0x3f,
    0xff, 0xe1, 0xff, 0xd3, 0xbf, 0xff, 0xad, 0x7,
    0xff, 0xfc, 0x3f, 0xfa, 0x7f, 0xff, 0xd8, 0xf,
    0xff, 0xf8, 0x7f, 0xf4, 0x9f, 0xff, 0xec, 0x21,
    0xff, 0xff, 0xf, 0xfe, 0x8f, 0xff, 0xf6, 0x83,
    0xff, 0xfe, 0x1f, 0xfd, 0x7, 0xff, 0xfb, 0x48,
    0x7f, 0xff, 0xc3, 0xff, 0x9f, 0x7f, 0xff, 0x6a,
    0xf, 0xff, 0xf8, 0x7f, 0xf3, 0xff, 0xff, 0xb8,
    0x1f, 0xff, 0xf0, 0xff, 0xe7, 0x3f, 0xff, 0xdc,
    0x43, 0xff, 0xfe, 0x1f, 0xfc, 0xdf, 0xff, 0xef,
    0x7, 0xff, 0xfc, 0x3f, 0xf9, 0xbf, 0xff, 0xde,
    0xf, 0xff, 0xf8, 0x7f, 0xf3, 0x2f, 0xff, 0xef,
    0x41, 0xff, 0xff, 0xf, 0xfe, 0x5f, 0xff, 0xf8,
    0x3, 0xff, 0xfe, 0x1f, 0xfc, 0xa7, 0xff, 0xfc,
    0x8, 0x7f, 0xff, 0xc3, 0xff, 0x93, 0xff, 0xfe,
    0x20, 0xff, 0xff, 0x87, 0xff, 0x27, 0xff, 0xf9,
    0x57, 0xff, 0xf2, 0xc3, 0xff, 0xfe, 0x1f, 0xfc,
    0x8b, 0xff, 0xf9, 0x47, 0xff, 0xf2, 0xe0, 0xff,
    0xff, 0x87, 0xff, 0x1f, 0xff, 0xf9, 0x49, 0x7f,
    0xff, 0x2c, 0x3f, 0xff, 0xe1, 0xff, 0xc6, 0x7f,
    0xff, 0x94, 0x7, 0xff, 0xf9, 0x68, 0x7f, 0xff,
    0xc3, 0xff, 0x8b, 0xff, 0xfc, 0xa8, 0x2f, 0xff,
    0xe6, 0x7, 0xff, 0xfc, 0x3f, 0xf8, 0xbf, 0xff,
    0xca, 0x42, 0xbf, 0xff, 0x96, 0x1f, 0xff, 0xf0,
    0xff, 0xe2, 0x5f, 0xff, 0xca, 0xe, 0xff, 0xfe,
    0x5c, 0x1f, 0xff, 0xf0, 0xff, 0xe1, 0xff, 0xff,
    0x2a, 0xe, 0xff, 0xfe, 0x60, 0x7f, 0xff, 0xc3,
    0xff, 0x84, 0xff, 0xff, 0x29, 0xe, 0x7f, 0xff,
    0x96, 0x87, 0xff, 0xfc, 0x3f, 0xf8, 0x37, 0xff,
    0xf2, 0x83, 0xef, 0xff, 0xe5, 0xc1, 0xff, 0xff,
    0xf, 0xfe, 0xf, 0xff, 0xf2, 0xa0, 0xfa, 0xff,
    0xfe, 0x58, 0x7f, 0xff, 0xc3, 0xff, 0x81, 0x7f,
    0xff, 0x28, 0x3f, 0x3f, 0xff, 0xcb, 0x83, 0xff,
    0xfe, 0x1f, 0xf7, 0xff, 0xf2, 0xc3, 0xfb, 0xff,
    0xf9, 0x81, 0xff, 0xff, 0xf, 0xf3, 0xff, 0xfc,
    0xa4, 0x3f, 0xaf, 0xff, 0xe5, 0xa1, 0xff, 0xff,
    0xf, 0xeb, 0xff, 0xf9, 0x41, 0xff, 0x7f, 0xff,
    0x2e, 0xf, 0xff, 0xf8, 0x7f, 0x7f, 0xff, 0x2a,
    0xf, 0xfb, 0xff, 0xf9, 0x81, 0xff, 0xff, 0xf,
    0xcf, 0xff, 0xf2, 0x90, 0xff, 0x9f, 0xff, 0xe5,
    0xa1, 0xff, 0xff, 0xf, 0xbf, 0xff, 0x96, 0x1f,
    0xfc, 0x1f, 0xff, 0xe6, 0x7, 0xff, 0xfc, 0x3e,
    0xff, 0xfe, 0x54, 0x1f, 0xfc, 0x1b, 0xff, 0xf9,
    0x61, 0xff, 0xff, 0xf, 0x5f, 0xff, 0xca, 0xf,
    0xfe, 0x13, 0xff, 0xfc, 0xb8, 0x3f, 0xff, 0xe1,
    0xdf, 0xff, 0xcb, 0xf, 0xfe, 0x1f, 0xff, 0xf3,
    0x3, 0xff, 0xfe, 0x19, 0xff, 0xfe, 0x52, 0x1f,
    0xfc, 0x3b, 0xff, 0xf9, 0x68, 0x7f, 0xff, 0xc2,
    0xff, 0xfe, 0x58, 0x7f, 0xf1, 0x7f, 0xff, 0x98,
    0x1f, 0xff, 0xf0, 0xbf, 0xff, 0x95, 0x7, 0xff,
    0x17, 0xff, 0xf9, 0x81, 0xff, 0xff, 0x5, 0xff,
    0xfc, 0xa4, 0x3f, 0xf8, 0xaf, 0xff, 0xf2, 0xe0,
    0xff, 0xff, 0x9f, 0xff, 0xcb, 0xf, 0xfe, 0x3f,
    0xff, 0xf3, 0x3, 0xff, 0xfe, 0xff, 0xff, 0x2a,
    0xf, 0xfe, 0x3d, 0xff, 0xfc, 0xb4, 0x3f, 0xff,
    0xdf, 0xff, 0xcb, 0xf, 0xfe, 0x43, 0xff, 0xfc,
    0xc0, 0xff, 0xff, 0x7f, 0xff, 0x2c, 0x3f, 0xf9,
    0x3f, 0xff, 0xcc, 0xf, 0xff, 0xed, 0xff, 0xfc,
    0xa4, 0x3f, 0xf9, 0x37, 0xff, 0xf2, 0xe0, 0xff,
    0xfe, 0x7f, 0xff, 0x2c, 0x3f, 0xf9, 0x7f, 0xff,
    0xcc, 0xf, 0xff, 0xdb, 0xff, 0xfc, 0xa8, 0x3f,
    0xf9, 0x7f, 0xff, 0xcc, 0x43, 0xff, 0xf5, 0x7f,
    0xff, 0x29, 0xf, 0xfe, 0x5b, 0xff, 0xfc, 0xb8,
    0x3f, 0xff, 0x5f, 0xff, 0xcb, 0xf, 0xfe, 0x6f,
    0xff, 0xf3, 0x3, 0xff, 0xf3, 0x7f, 0xff, 0x2a,
    0xf, 0xfe, 0x6d, 0xff, 0xfc, 0xb8, 0x3f, 0xff,
    0x1f, 0xff, 0xcb, 0xf, 0xfe, 0x73, 0xff, 0xfc,
    0xc0, 0xff, 0xfb, 0xbf, 0xff, 0xcb, 0xf, 0xfe,
    0x7f, 0xff, 0xf3, 0x10, 0xff, 0xfb, 0x5f, 0xff,
    0xca, 0x43, 0xff, 0x9f, 0x7f, 0xff, 0x2e, 0xf,
    0xff, 0xb7, 0xff, 0xf2, 0xc3, 0xff, 0xa3, 0xff,
    0xfc, 0xc0, 0xff, 0xfa, 0xbf, 0xff, 0xcb, 0xf,
    0xfe, 0x8f, 0xff, 0xf3, 0x10, 0xff, 0xfa, 0x7f,
    0xff, 0x2d, 0xf, 0xfe, 0x8b, 0xff, 0xfc, 0xc0,
    0xff, 0xf9, 0xbf, 0xff, 0xcb, 0xf, 0xfe, 0x9f,
    0xff, 0xf3, 0x10, 0xff, 0xf9, 0x5f, 0xff, 0xca,
    0x83, 0xff, 0xa7, 0x7f, 0xff, 0x2e, 0xf, 0xff,
    0x97, 0xff, 0xf2, 0xd0, 0xff, 0xe9, 0xbf, 0xff,
    0xcc, 0xf, 0xff, 0x8b, 0xff, 0xfc, 0xb0, 0xff,
    0xea, 0xff, 0xff, 0x31, 0xf, 0xff, 0x87, 0xff,
    0xf2, 0xe0, 0xff, 0xea, 0xdf, 0xff, 0xcc, 0xf,
    0xff, 0x87, 0xff, 0xf2, 0xc3, 0xff, 0xaf, 0xff,
    0xfc, 0xc0, 0xff, 0xf7, 0xdf, 0xff, 0xcb, 0xf,
    0xfe, 0xbf, 0xff, 0xf3, 0x20, 0xff, 0xf7, 0x7f,
    0xff, 0x2d, 0xf, 0xfe, 0xbb, 0xff, 0xfc, 0xc0,
    0xff, 0xf6, 0xbf, 0xff, 0xcb, 0xf, 0xfe, 0xcf,
    0xff, 0xf3, 0x10, 0xff, 0xf6, 0x7f, 0xff, 0x2e,
    0xf, 0xfe, 0xcd, 0xff, 0xfc, 0xc0, 0xff, 0xf6,
    0x7f, 0xff, 0x2d, 0xf, 0xfe, 0xcb, 0xff, 0xfc,
    0xc0, 0xff, 0xf5, 0xdf, 0xff, 0xcb, 0xf, 0xfe,
    0xdf, 0xff, 0xf3, 0x20, 0xff, 0xf5, 0x7f, 0xff,
    0x2e, 0xf, 0xfe, 0xdd, 0xff, 0xfc, 0xc0, 0xff,
    0xf4, 0xbf, 0xff, 0xcb, 0xf, 0xfe, 0xef, 0xff,
    0xf3, 0x10, 0xff, 0xf4, 0x5f, 0xff, 0xcb, 0xf,
    0xfe, 0xef, 0xff, 0xf3, 0x20, 0xff, 0xf4, 0x7f,
    0xff, 0x2d, 0xf, 0xfe, 0xeb, 0xff, 0xfc, 0xc0,
    0xff, 0xf3, 0xdf, 0xff, 0xcb, 0xf, 0xfe, 0xff,
    0xff, 0xf3, 0x20, 0xff, 0xf3, 0x7f, 0xff, 0x2e,
    0xf, 0xfe, 0xfd, 0xff, 0xfc, 0xc0, 0xff, 0xf2,
    0xbf, 0xff, 0xcb, 0x43, 0xff, 0xbe, 0xff, 0xff,
    0x31, 0xf, 0xff, 0x25, 0xff, 0xfc, 0xb0, 0xff,
    0xf0, 0xff, 0xff, 0x32, 0xf, 0xff, 0x27, 0xff,
    0xf2, 0xe0, 0xff, 0xf0, 0xdf, 0xff, 0xcc, 0xf,
    0xff, 0x1b, 0xff, 0xff, 0xff, 0xff, 0xe3, 0xa1,
    0xff, 0xe2, 0xff, 0xff, 0xff, 0xff, 0xf2, 0x43,
    0xff, 0xc2, 0xff, 0xff, 0xff, 0xff, 0xf9, 0x28,
    0x7f, 0xf8, 0x2f, 0xff, 0xff, 0xff, 0xff, 0x26,
    0xf, 0xff, 0x7, 0xff, 0xff, 0xff, 0xff, 0x96,
    0x1f, 0xfd, 0xf7, 0xff, 0xff, 0xff, 0xff, 0xcb,
    0x43, 0xff, 0xbd, 0xff, 0xff, 0xff, 0xff, 0xe6,
    0x87, 0xff, 0x7b, 0xff, 0xff, 0xff, 0xff, 0xcd,
    0xf, 0xfe, 0xed, 0xff, 0xff, 0xff, 0xff, 0xe6,
    0xc1, 0xff, 0xdc, 0xff, 0xff, 0xff, 0xff, 0xf3,
    0xc3, 0xff, 0xb6, 0xff, 0xff, 0xff, 0xff, 0xf9,
    0xe8, 0x7f, 0xf6, 0xbf, 0xff, 0xff, 0xff, 0xfd,
    0x10, 0xff, 0xed, 0x7f, 0xff, 0xff, 0xff, 0xfa,
    0x21, 0xff, 0xd9, 0xbf, 0xff, 0xff, 0xff, 0xfd,
    0x18, 0x3f, 0xfb, 0x1f, 0xff, 0xff, 0xff, 0xfe,
    0x98, 0x7f, 0xf5, 0xdf, 0xff, 0xff, 0xff, 0xff,
    0x4d, 0xf, 0xfe, 0xb7, 0xff, 0xff, 0xff, 0xff,
    0xaa, 0x1f, 0xfd, 0x6f, 0xff, 0xff, 0xff, 0xff,
    0x54, 0x3f, 0xfa, 0xb7, 0xff, 0xff, 0xff, 0xff,
    0xab, 0x7, 0xff, 0x53, 0xff, 0xff, 0xff, 0xff,
    0xd7, 0xf, 0xfe, 0x9b, 0xff, 0xff, 0xff, 0xff,
    0xeb, 0xa1, 0xff, 0xd2, 0xbf, 0xff, 0xff, 0xff,
    0xfd, 0x78, 0x3f, 0xfa, 0x5f, 0xff, 0xcc, 0xf,
    0xff, 0x9f, 0xff, 0xf3, 0x43, 0xff, 0xa2, 0xff,
    0xff, 0x30, 0x3f, 0xfe, 0x77, 0xff, 0xf3, 0x10,
    0xff, 0xe8, 0x7f, 0xff, 0x31, 0xf, 0xff, 0x9b,
    0xff, 0xfc, 0xd0, 0xff, 0xe7, 0xbf, 0xff, 0xcc,
    0xf, 0xff, 0xaf, 0xff, 0xf3, 0x50, 0xff, 0xe7,
    0x5f, 0xff, 0xcb, 0x83, 0xff, 0xeb, 0x7f, 0xff,
    0x32, 0xf, 0xfe, 0x77, 0xff, 0xf3, 0x10, 0xff,
    0xfb, 0x7f, 0xff, 0x34, 0x3f, 0xf9, 0xaf, 0xff,
    0xf3, 0x3, 0xff, 0xef, 0xff, 0xfc, 0xd4, 0x3f,
    0xf9, 0x9f, 0xff, 0xcc, 0x83, 0xff, 0xee, 0xff,
    0xff, 0x34, 0x3f, 0xf9, 0x9f, 0xff, 0xcc, 0x43,
    0xff, 0xf1, 0xff, 0xfc, 0xd0, 0xff, 0xe5, 0xdf,
    0xff, 0xcc, 0xf, 0xff, 0xcd, 0xff, 0xfc, 0xc8,
    0x3f, 0xf9, 0x5f, 0xff, 0xcc, 0x83, 0xff, 0xf2,
    0xff, 0xff, 0x34, 0x3f, 0xf9, 0x2f, 0xff, 0xf3,
    0x3, 0xff, 0xf7, 0xff, 0xfc, 0xd4, 0x3f, 0xf9,
    0x1f, 0xff, 0xcd, 0xf, 0xff, 0xdd, 0xff, 0xfc,
    0xd0, 0xff, 0xe4, 0x7f, 0xff, 0x31, 0xf, 0xff,
    0xe7, 0xff, 0xf3, 0x43, 0xff, 0x8f, 0x7f, 0xff,
    0x30, 0x3f, 0xff, 0xbf, 0xff, 0xcd, 0x83, 0xff,
    0x8d, 0xff, 0xfc, 0xc8, 0x3f, 0xff, 0xaf, 0xff,
    0xf3, 0x43, 0xff, 0x8a, 0xff, 0xff, 0x31, 0xf,
    0xff, 0xf7, 0xff, 0xf3, 0x50, 0xff, 0xe2, 0x7f,
    0xff, 0x34, 0x3f, 0xff, 0xff, 0xff, 0xce, 0xf,
    0xfe, 0x27, 0xff, 0xf3, 0x20, 0xff, 0xff, 0xbf,
    0xff, 0xcd, 0xf, 0xfe, 0x1d, 0xff, 0xfc, 0xc0,
    0xff, 0xff, 0x83, 0xff, 0xf9, 0xb0, 0x7f, 0xf0,
    0xbf, 0xff, 0x9a, 0x1f, 0xff, 0xf0, 0x5f, 0xff,
    0xcd, 0xf, 0xfe, 0xb, 0xff, 0xfc, 0xc4, 0x3f,
    0xff, 0xe0, 0x7f, 0xff, 0x9a, 0x87, 0xff, 0x2,
    0xff, 0xfe, 0x60, 0x7f, 0xff, 0xc3, 0x7f, 0xff,
    0x36, 0xf, 0xfe, 0x7, 0xff, 0xf3, 0x20, 0xff,
    0xff, 0x86, 0xbf, 0xff, 0x9a, 0x1f, 0xf5, 0xff,
    0xfc, 0xc4, 0x3f, 0xff, 0xe1, 0xdf, 0xff, 0xcd,
    0x83, 0xfd, 0xff, 0xfc, 0xd0, 0xff, 0xff, 0x87,
    0xbf, 0xff, 0x9c, 0x1f, 0xcf, 0xff, 0xf3, 0x20,
    0xff, 0xff, 0x87, 0x9f, 0xff, 0xe6, 0xa1, 0xfa,
    0xff, 0xfe, 0x62, 0x1f, 0xff, 0xf0, 0xfb, 0xff,
    0xf9, 0xb0, 0x7e, 0xff, 0xfe, 0x68, 0x7f, 0xff,
    0xc3, 0xf5, 0xff, 0xfc, 0xd0, 0xf9, 0xff, 0xfe,
    0x64, 0x1f, 0xff, 0xf0, 0xfc, 0xff, 0xff, 0x35,
    0xf, 0x7f, 0xff, 0x34, 0x3f, 0xff, 0xe1, 0xfe,
    0xff, 0xfe, 0x70, 0x73, 0xff, 0xfc, 0xd0, 0xff,
    0xff, 0x87, 0xfa, 0xff, 0xfe, 0x68, 0x75, 0xff,
    0xfc, 0xc4, 0x3f, 0xff, 0xe1, 0xff, 0x7f, 0xff,
    0x36, 0xd, 0xff, 0xfc, 0xd0, 0xff, 0xff, 0x87,
    0xff, 0x3, 0xff, 0xf9, 0xc1, 0x3f, 0xff, 0xcc,
    0x83, 0xff, 0xfe, 0x1f, 0xfc, 0x7, 0xff, 0xf9,
    0xa8, 0x3f, 0xff, 0x9a, 0x87, 0xff, 0xfc, 0x3f,
    0xf8, 0x3f, 0xff, 0xce, 0x7, 0xff, 0xf3, 0x43,
    0xff, 0xfe, 0x1f, 0xfc, 0x2f, 0xff, 0xe7, 0x17,
    0xff, 0xf3, 0x20, 0xff, 0xff, 0x87, 0xff, 0x9,
    0xff, 0xfe, 0x6c,

    /* U+0042 "B" */
    0x3f, 0xff, 0xdd, 0x59, 0x41, 0xff, 0xe4, 0xff,
    0xff, 0xbd, 0x10, 0xff, 0xef, 0x7f, 0xff, 0xf2,
    0x43, 0xff, 0xb5, 0xff, 0xff, 0xfe, 0x43, 0xff,
    0xad, 0xff, 0xff, 0xff, 0xd0, 0x7f, 0xf5, 0x3f,
    0xff, 0xff, 0xff, 0x21, 0xff, 0xd1, 0xff, 0xff,
    0xff, 0xff, 0x21, 0xff, 0xcf, 0xff, 0xff, 0xff,
    0xff, 0xc8, 0x7f, 0xf3, 0x7f, 0xff, 0xff, 0xff,
    0xfc, 0x10, 0xff, 0xe6, 0x7f, 0xff, 0xff, 0xff,
    0xf8, 0x50, 0x7f, 0xf2, 0xbf, 0xff, 0xff, 0xff,
    0xfc, 0x40, 0xff, 0xe4, 0xff, 0xff, 0xff, 0xff,
    0xf8, 0xa8, 0x7f, 0xf1, 0xff, 0xff, 0xff, 0xff,
    0xfc, 0x64, 0x3f, 0xf8, 0xdf, 0xff, 0xff, 0xff,
    0xfe, 0x3a, 0x1f, 0xfc, 0x5f, 0xff, 0xff, 0xff,
    0xff, 0x21, 0xf, 0xfe, 0x27, 0xff, 0xff, 0xff,
    0xff, 0x92, 0x1f, 0xfc, 0x4f, 0xff, 0xff, 0xff,
    0xff, 0x28, 0x3f, 0xf8, 0x7f, 0xff, 0xff, 0xff,
    0xfe, 0x54, 0x1f, 0xfc, 0x2f, 0xff, 0xff, 0xff,
    0xff, 0x2d, 0xf, 0xfe, 0xf, 0xff, 0xff, 0xff,
    0xff, 0x98, 0x1f, 0xfc, 0x1f, 0xff, 0xff, 0xff,
    0xff, 0x31, 0xf, 0xfe, 0x7, 0xff, 0xff, 0xff,
    0xff, 0x9a, 0x1f, 0xfc, 0xf, 0xff, 0xe6, 0x41,
    0xff, 0xd5, 0x55, 0xff, 0xfd, 0xb4, 0x3f, 0xef,
    0xff, 0xe6, 0x41, 0xff, 0xda, 0x6f, 0xff, 0xeb,
    0xc1, 0xff, 0x7f, 0xff, 0x32, 0xf, 0xfe, 0xeb,
    0xff, 0xfd, 0x60, 0xff, 0xbf, 0xff, 0x99, 0x7,
    0xff, 0x7d, 0xff, 0xfe, 0xa2, 0x1f, 0xef, 0xff,
    0xe6, 0x41, 0xff, 0xe1, 0xbf, 0xff, 0xa5, 0x7,
    0xfb, 0xff, 0xf9, 0x90, 0x7f, 0xf8, 0x9f, 0xff,
    0xe9, 0x7, 0xfb, 0xff, 0xf9, 0x90, 0x7f, 0xf8,
    0xdf, 0xff, 0xe8, 0x87, 0xfb, 0xff, 0xf9, 0x90,
    0x7f, 0xf9, 0x1f, 0xff, 0xe8, 0x21, 0xfd, 0xff,
    0xfc, 0xc8, 0x3f, 0xfc, 0xb7, 0xff, 0xf3, 0xd0,
    0xfe, 0xff, 0xfe, 0x64, 0x1f, 0xfe, 0x6f, 0xff,
    0xe7, 0xc1, 0xfd, 0xff, 0xfc, 0xc8, 0x3f, 0xfc,
    0xd7, 0xff, 0xf3, 0xc3, 0xfb, 0xff, 0xf9, 0x90,
    0x7f, 0xf9, 0xff, 0xff, 0x9e, 0x1f, 0xdf, 0xff,
    0xcc, 0x83, 0xff, 0xcf, 0xff, 0xfc, 0xf0, 0xfe,
    0xff, 0xfe, 0x64, 0x1f, 0xfe, 0x7b, 0xff, 0xf9,
    0xc1, 0xfd, 0xff, 0xfc, 0xc8, 0x3f, 0xfc, 0xef,
    0xff, 0xf3, 0x83, 0xfb, 0xff, 0xf9, 0x90, 0x7f,
    0xfa, 0x3f, 0xff, 0x9c, 0x1f, 0xdf, 0xff, 0xcc,
    0x83, 0xff, 0xd1, 0xff, 0xfc, 0xe0, 0xfe, 0xff,
    0xfe, 0x64, 0x1f, 0xfe, 0x8f, 0xff, 0xe7, 0x7,
    0xf7, 0xff, 0xf3, 0x20, 0xff, 0xf4, 0x7f, 0xff,
    0x38, 0x3f, 0xbf, 0xff, 0x99, 0x7, 0xff, 0xa3,
    0xff, 0xf9, 0xb0, 0x7f, 0x7f, 0xff, 0x32, 0xf,
    0xff, 0x47, 0xff, 0xf3, 0x60, 0xfe, 0xff, 0xfe,
    0x64, 0x1f, 0xfe, 0x8f, 0xff, 0xe6, 0xa1, 0xfd,
    0xff, 0xfc, 0xc8, 0x3f, 0xfc, 0xef, 0xff, 0xf3,
    0x50, 0xfe, 0xff, 0xfe, 0x64, 0x1f, 0xfe, 0x77,
    0xff, 0xf9, 0xa1, 0xfe, 0xff, 0xfe, 0x64, 0x1f,
    0xfe, 0x7b, 0xff, 0xf9, 0xa1, 0xfe, 0xff, 0xfe,
    0x64, 0x1f, 0xfe, 0x7f, 0xff, 0xe6, 0xc1, 0xfe,
    0xff, 0xfe, 0x64, 0x1f, 0xfe, 0x67, 0xff, 0xf9,
    0xa1, 0xff, 0x7f, 0xff, 0x32, 0xf, 0xff, 0x35,
    0xff, 0xfc, 0xd0, 0xff, 0xbf, 0xff, 0x99, 0x7,
    0xff, 0x9b, 0xff, 0xf9, 0xa8, 0x7f, 0xdf, 0xff,
    0xcc, 0x83, 0xff, 0xcb, 0xff, 0xfc, 0xe0, 0xff,
    0xe0, 0x7f, 0xff, 0x32, 0xf, 0xff, 0x25, 0xff,
    0xfc, 0xd8, 0x3f, 0xf8, 0x1f, 0xff, 0xcc, 0x83,
    0xff, 0xc7, 0x7f, 0xff, 0x38, 0x3f, 0xf8, 0x3f,
    0xff, 0xcc, 0x83, 0xff, 0xc5, 0x7f, 0xff, 0x39,
    0xf, 0xfe, 0xf, 0xff, 0xf3, 0x20, 0xff, 0xf0,
    0xff, 0xff, 0x40, 0x3f, 0xf8, 0x5f, 0xff, 0xcc,
    0x83, 0xff, 0xbf, 0x7f, 0xff, 0x40, 0x3f, 0xf8,
    0x7f, 0xff, 0xcc, 0x83, 0xff, 0xb8, 0xff, 0xff,
    0x49, 0xf, 0xfe, 0x1f, 0xff, 0xf3, 0x20, 0xff,
    0xec, 0x37, 0xff, 0xf5, 0x10, 0xff, 0xe2, 0x7f,
    0xff, 0x35, 0x7f, 0xfa, 0x55, 0x7f, 0xff, 0x62,
    0xf, 0xfe, 0x2f, 0xff, 0xff, 0xff, 0xff, 0x8d,
    0x7, 0xff, 0x1b, 0xff, 0xff, 0xff, 0xff, 0xc5,
    0x43, 0xff, 0x8f, 0xff, 0xff, 0xff, 0xff, 0xe2,
    0x21, 0xff, 0xc8, 0xff, 0xff, 0xff, 0xff, 0xf0,
    0xc3, 0xff, 0x95, 0xff, 0xff, 0xff, 0xff, 0xe0,
    0xa1, 0xff, 0xcb, 0xff, 0xff, 0xff, 0xff, 0xd0,
    0x7f, 0xf3, 0x7f, 0xff, 0xff, 0xff, 0xd0, 0x7f,
    0xf3, 0xff, 0xff, 0xff, 0xff, 0x21, 0xff, 0xd1,
    0xff, 0xff, 0xff, 0xe8, 0x3f, 0xfa, 0x9f, 0xff,
    0xff, 0xfc, 0xa0, 0xff, 0xe9, 0xff, 0xff, 0xff,
    0xff, 0x48, 0x7f, 0xf3, 0xff, 0xff, 0xff, 0xff,
    0xfc, 0x4, 0x3f, 0xf9, 0x9f, 0xff, 0xff, 0xff,
    0xfe, 0x14, 0x1f, 0xfc, 0xaf, 0xff, 0xff, 0xff,
    0xff, 0x12, 0xf, 0xfe, 0x47, 0xff, 0xff, 0xff,
    0xff, 0x8d, 0x7, 0xff, 0x1b, 0xff, 0xff, 0xff,
    0xff, 0xc8, 0x43, 0xff, 0x89, 0xff, 0xff, 0xff,
    0xff, 0xe4, 0xc1, 0xff, 0xc3, 0xff, 0xff, 0xff,
    0xff, 0xf2, 0xa0, 0xff, 0xe1, 0x7f, 0xff, 0xff,
    0xff, 0xf9, 0x81, 0xff, 0xc1, 0xff, 0xff, 0xff,
    0xff, 0xf3, 0x43, 0xff, 0x81, 0xff, 0xff, 0xff,
    0xff, 0xe7, 0x7, 0xfd, 0xff, 0xfc, 0xc8, 0x3f,
    0xfb, 0x2a, 0xa7, 0xff, 0xf6, 0x3, 0xfd, 0xff,
    0xfc, 0xc8, 0x3f, 0xfb, 0xef, 0xff, 0xf5, 0x60,
    0xfe, 0xff, 0xfe, 0x64, 0x1f, 0xfe, 0x2b, 0xff,
    0xfa, 0x68, 0x7e, 0xff, 0xfe, 0x64, 0x1f, 0xfe,
    0x47, 0xff, 0xfa, 0x41, 0xfb, 0xff, 0xf9, 0x90,
    0x7f, 0xf9, 0xaf, 0xff, 0xe8, 0x87, 0xdf, 0xff,
    0xcc, 0x83, 0xff, 0xd1, 0xff, 0xfd, 0x4, 0x3d,
    0xff, 0xfc, 0xc8, 0x3f, 0xfd, 0x3f, 0xff, 0xd0,
    0xf, 0x7f, 0xff, 0x32, 0xf, 0xff, 0x55, 0xff,
    0xfc, 0xe8, 0x3b, 0xff, 0xf9, 0x90, 0x7f, 0xfa,
    0xff, 0xff, 0x9e, 0x1d, 0xff, 0xfc, 0xc8, 0x3f,
    0xfd, 0x9f, 0xff, 0xce, 0x83, 0x7f, 0xff, 0x32,
    0xf, 0xff, 0x63, 0xff, 0xfc, 0xe0, 0xdf, 0xff,
    0xcc, 0x83, 0xff, 0xdb, 0xff, 0xfc, 0xe4, 0x2f,
    0xff, 0xe6, 0x41, 0xff, 0xed, 0x7f, 0xff, 0x9b,
    0x5, 0xff, 0xfc, 0xc8, 0x3f, 0xfd, 0xdf, 0xff,
    0xce, 0xb, 0xff, 0xf9, 0x90, 0x7f, 0xfb, 0xaf,
    0xff, 0xe6, 0xa0, 0xff, 0xfe, 0x64, 0x1f, 0xfe,
    0xe7, 0xff, 0xf9, 0xb0, 0x3f, 0xff, 0x99, 0x7,
    0xff, 0xbf, 0xff, 0xf9, 0xb0, 0x3f, 0xff, 0x99,
    0x7, 0xff, 0xbf, 0xff, 0xf9, 0xc0, 0xff, 0xfe,
    0x64, 0x1f, 0xfe, 0xfb, 0xff, 0xf9, 0xa0, 0xff,
    0xfe, 0x64, 0x1f, 0xfe, 0xfb, 0xff, 0xf9, 0xa0,
    0xff, 0xfe, 0x64, 0x1f, 0xfe, 0xf7, 0xff, 0xf9,
    0xa9, 0xff, 0xfc, 0xc8, 0x3f, 0xfd, 0xef, 0xff,
    0xf3, 0x53, 0xff, 0xf9, 0x90, 0x7f, 0xfb, 0xdf,
    0xff, 0xe6, 0xa7, 0xff, 0xf3, 0x20, 0xff, 0xf7,
    0xbf, 0xff, 0xcd, 0x8f, 0xff, 0xe6, 0x41, 0xff,
    0xef, 0xbf, 0xff, 0x9b, 0x1f, 0xff, 0xcc, 0x83,
    0xff, 0xdf, 0x7f, 0xff, 0x36, 0x3f, 0xff, 0x99,
    0x7, 0xff, 0xbe, 0xff, 0xfe, 0x6c, 0x7f, 0xff,
    0x32, 0xf, 0xff, 0x7f, 0xff, 0xf3, 0x93, 0xff,
    0xf9, 0x90, 0x7f, 0xfb, 0xff, 0xff, 0x9c, 0x9f,
    0xff, 0xcc, 0x83, 0xff, 0xdc, 0xff, 0xff, 0x39,
    0x3f, 0xff, 0x99, 0x7, 0xff, 0xba, 0xff, 0xfe,
    0x72, 0x7f, 0xff, 0x32, 0xf, 0xff, 0x77, 0xff,
    0xf3, 0xc1, 0xff, 0xfc, 0xc8, 0x3f, 0xfd, 0xaf,
    0xff, 0xf3, 0xc1, 0xff, 0xfc, 0xc8, 0x3f, 0xfd,
    0xbf, 0xff, 0xd0, 0x7, 0xff, 0xf3, 0x20, 0xff,
    0xf6, 0x3f, 0xff, 0xcf, 0x81, 0xff, 0xfc, 0xc8,
    0x3f, 0xfd, 0x9f, 0xff, 0xd0, 0x41, 0xff, 0xfc,
    0xc8, 0x3f, 0xfd, 0x7f, 0xff, 0xd1, 0xb, 0xff,
    0xf9, 0x90, 0x7f, 0xfa, 0xbf, 0xff, 0xa4, 0x17,
    0xff, 0xf3, 0x20, 0xff, 0xf4, 0xff, 0xff, 0x4a,
    0xb, 0xff, 0xf9, 0x90, 0x7f, 0xf9, 0xdf, 0xff,
    0xe9, 0xa1, 0x7f, 0xff, 0x32, 0xf, 0xff, 0x35,
    0xff, 0xfd, 0x40, 0xdf, 0xff, 0xcc, 0x83, 0xff,
    0xc6, 0xdf, 0xff, 0xd5, 0x43, 0x7f, 0xff, 0x32,
    0xf, 0xff, 0x3, 0x7f, 0xff, 0x60, 0x3b, 0xff,
    0xf9, 0x90, 0x7f, 0xf6, 0xd5, 0x7f, 0xff, 0x6e,
    0xe, 0xff, 0xff, 0xff, 0xff, 0xf4, 0xc3, 0xdf,
    0xff, 0xff, 0xff, 0xfe, 0x92, 0x1e, 0xff, 0xff,
    0xff, 0xff, 0xf4, 0x83, 0xef, 0xff, 0xff, 0xff,
    0xff, 0x44, 0x3f, 0x7f, 0xff, 0xff, 0xff, 0xfa,
    0x8, 0x7e, 0xff, 0xff, 0xff, 0xff, 0xf3, 0xe0,
    0xfe, 0xff, 0xff, 0xff, 0xff, 0xf3, 0xa0, 0xff,
    0x7f, 0xff, 0xff, 0xff, 0xf9, 0xb0, 0x7f, 0xdf,
    0xff, 0xff, 0xff, 0xfe, 0x64, 0x1f, 0xfc, 0xf,
    0xff, 0xff, 0xff, 0xff, 0x2e, 0xf, 0xfe, 0xf,
    0xff, 0xff, 0xff, 0xff, 0x94, 0x87, 0xff, 0xb,
    0xff, 0xff, 0xff, 0xff, 0xc9, 0xf, 0xfe, 0x27,
    0xff, 0xff, 0xff, 0xff, 0x8f, 0x7, 0xff, 0x17,
    0xff, 0xff, 0xff, 0xff, 0xc6, 0xf, 0xfe, 0x3f,
    0xff, 0xff, 0xff, 0xff, 0x88, 0x87, 0xff, 0x23,
    0xff, 0xff, 0xff, 0xff, 0xc2, 0x43, 0xff, 0x95,
    0xff, 0xff, 0xff, 0xff, 0xa4, 0x3f, 0xf9, 0x9f,
    0xff, 0xff, 0xff, 0xe8, 0x3f, 0xf9, 0xff, 0xff,
    0xff, 0xff, 0x41, 0xff, 0xd2, 0xff, 0xff, 0xff,
    0xa4, 0x3f, 0xfa, 0xbf, 0xff, 0xfc, 0xa2, 0x1f,
    0xfd, 0x9f, 0xff, 0xf9, 0xd4, 0xb0, 0x7f, 0xf7,
    0x80,

    /* U+0043 "C" */
    0xf, 0xff, 0x8a, 0xaa, 0xff, 0xfe, 0x5, 0x4a,
    0xf, 0xff, 0xf8, 0x7f, 0xf4, 0x5b, 0xff, 0xfa,
    0x12, 0x83, 0xff, 0xfe, 0x1f, 0xfc, 0x76, 0xff,
    0xfe, 0xcc, 0x87, 0xff, 0xfc, 0x3f, 0xe6, 0xff,
    0xff, 0x4, 0x87, 0xff, 0xfc, 0x3d, 0x7f, 0xff,
    0x9a, 0x43, 0xff, 0xfe, 0xff, 0xff, 0xb2, 0xf,
    0xff, 0xdb, 0xff, 0xff, 0x14, 0x3f, 0xfe, 0xd7,
    0xff, 0xfd, 0x50, 0xff, 0xf9, 0x3f, 0xff, 0xf9,
    0x43, 0xff, 0xdc, 0xff, 0xff, 0xf4, 0x3f, 0xfd,
    0x97, 0xff, 0xff, 0xe0, 0xff, 0xf4, 0x3f, 0xff,
    0xff, 0xfc, 0x87, 0xff, 0x97, 0xff, 0xff, 0xff,
    0xf4, 0x1f, 0xfe, 0x27, 0xff, 0xff, 0xff, 0xfe,
    0x43, 0xff, 0xbf, 0x7f, 0xff, 0xff, 0xff, 0xf8,
    0x10, 0x7f, 0xf7, 0x7f, 0xff, 0xff, 0xff, 0xfc,
    0x38, 0x3f, 0xfb, 0x7f, 0xff, 0xff, 0xff, 0xfe,
    0x30, 0x7f, 0xf6, 0x1f, 0xff, 0xff, 0xff, 0xff,
    0x20, 0x3f, 0xfa, 0xcf, 0xff, 0xff, 0xff, 0xff,
    0x94, 0x1f, 0xfd, 0x47, 0xff, 0xff, 0xff, 0xff,
    0xcc, 0xf, 0xfe, 0x93, 0xff, 0xff, 0xff, 0xff,
    0xe7, 0x7, 0xff, 0x41, 0xff, 0xff, 0xff, 0xff,
    0xf4, 0x3, 0xff, 0x9f, 0xff, 0xff, 0xff, 0xff,
    0xe9, 0x7, 0xff, 0x37, 0xff, 0xfc, 0x54, 0x58,
    0x25, 0xea, 0x7f, 0xff, 0x86, 0xf, 0xfe, 0x5f,
    0xff, 0xf7, 0xa4, 0x3f, 0xf9, 0x2d, 0xff, 0xfd,
    0xc0, 0xff, 0xe5, 0xdf, 0xff, 0xdb, 0x43, 0xff,
    0xa2, 0xff, 0xff, 0x60, 0x3f, 0xf9, 0x6f, 0xff,
    0xf6, 0x60, 0xff, 0xeb, 0xdf, 0xff, 0xd4, 0xf,
    0xfe, 0x67, 0xff, 0xf6, 0x20, 0xff, 0xed, 0xbf,
    0xff, 0xd1, 0xf, 0xfe, 0x67, 0xff, 0xf5, 0xe0,
    0xff, 0xef, 0xbf, 0xff, 0xce, 0xf, 0xfe, 0x65,
    0xff, 0xfd, 0x64, 0x3f, 0xfc, 0x57, 0xff, 0xf2,
    0xc3, 0xff, 0x98, 0xff, 0xff, 0x56, 0xf, 0xff,
    0x37, 0xff, 0xf2, 0x43, 0xff, 0x9b, 0xff, 0xfd,
    0x54, 0x3f, 0xfd, 0x17, 0xff, 0xf1, 0x83, 0xff,
    0x9b, 0x7f, 0xff, 0x50, 0x3f, 0xfd, 0x9f, 0xff,
    0xc4, 0xf, 0xfe, 0x77, 0xff, 0xf4, 0xe0, 0xff,
    0xf7, 0x5f, 0xff, 0xc1, 0xf, 0xfe, 0x77, 0xff,
    0xf4, 0xe0, 0xff, 0xf8, 0x5f, 0xff, 0x7, 0xff,
    0x39, 0xff, 0xfe, 0x94, 0x1f, 0xff, 0x27, 0xff,
    0x83, 0xff, 0x9f, 0xff, 0xfd, 0x28, 0x3f, 0xfe,
    0xbf, 0xf0, 0x7f, 0xf3, 0xdf, 0xff, 0xe9, 0x7,
    0xff, 0xdf, 0xf8, 0x3f, 0xfa, 0x1f, 0xff, 0xd2,
    0xf, 0xff, 0xcf, 0xc1, 0xff, 0xd0, 0x7f, 0xff,
    0xa2, 0x1f, 0xff, 0xbc, 0x3f, 0xfa, 0x3f, 0xff,
    0xd1, 0x43, 0xff, 0xfe, 0x1f, 0xfc, 0xd7, 0xff,
    0xfa, 0x21, 0xff, 0xff, 0xf, 0xfe, 0x75, 0xff,
    0xfd, 0x0, 0xff, 0xff, 0x87, 0xff, 0x3f, 0xff,
    0xfa, 0x8, 0x7f, 0xff, 0xc3, 0xff, 0x9d, 0x7f,
    0xff, 0x40, 0x3f, 0xff, 0xe1, 0xff, 0xcf, 0xff,
    0xfe, 0x82, 0x1f, 0xff, 0xf0, 0xff, 0xe7, 0x3f,
    0xff, 0xd0, 0xf, 0xff, 0xf8, 0x7f, 0xf3, 0xef,
    0xff, 0xe7, 0xa1, 0xff, 0xff, 0xf, 0xfe, 0x7f,
    0xff, 0xf4, 0x3, 0xff, 0xfe, 0x1f, 0xfc, 0xf7,
    0xff, 0xf9, 0xe8, 0x7f, 0xff, 0xc3, 0xff, 0x9f,
    0x7f, 0xff, 0x3c, 0x3f, 0xff, 0xe1, 0xff, 0xd0,
    0xff, 0xfe, 0x7c, 0x1f, 0xff, 0xf0, 0xff, 0xe8,
    0x7f, 0xff, 0x3c, 0x3f, 0xff, 0xe1, 0xff, 0xd0,
    0x7f, 0xff, 0x9e, 0x1f, 0xff, 0xf0, 0xff, 0xe8,
    0x5f, 0xff, 0xce, 0x43, 0xff, 0xfe, 0x1f, 0xfd,
    0xf, 0xff, 0xe7, 0x87, 0xff, 0xfc, 0x3f, 0xfa,
    0x3f, 0xff, 0xcf, 0xf, 0xff, 0xf8, 0x7f, 0xf4,
    0x1f, 0xff, 0xe7, 0x41, 0xff, 0xff, 0xf, 0xfe,
    0x85, 0xff, 0xfc, 0xe4, 0x3f, 0xff, 0xe1, 0xff,
    0xd0, 0xbf, 0xff, 0x9c, 0x1f, 0xff, 0xf0, 0xff,
    0xe8, 0xff, 0xff, 0x3c, 0x3f, 0xff, 0xe1, 0xff,
    0xd1, 0xff, 0xfe, 0x74, 0x1f, 0xff, 0xf0, 0xff,
    0xe8, 0xff, 0xff, 0x39, 0xf, 0xff, 0xf8, 0x7f,
    0xf4, 0x1f, 0xff, 0xe7, 0x21, 0xff, 0xff, 0xf,
    0xfe, 0x83, 0xff, 0xfc, 0xe0, 0xff, 0xff, 0x87,
    0xff, 0x46, 0xff, 0xfe, 0x70, 0x7f, 0xff, 0xc3,
    0xff, 0xa3, 0x7f, 0xff, 0x38, 0x3f, 0xff, 0xe1,
    0xff, 0xd1, 0xff, 0xfe, 0x74, 0x1f, 0xff, 0xf0,
    0xff, 0xe8, 0xff, 0xff, 0x3a, 0xf, 0xff, 0xf8,
    0x7f, 0xf4, 0x7f, 0xff, 0x9d, 0x7, 0xff, 0xfc,
    0x3f, 0xfa, 0x3f, 0xff, 0xce, 0x43, 0xff, 0xfe,
    0x1f, 0xfd, 0x1f, 0xff, 0xe7, 0x21, 0xff, 0xff,
    0xf, 0xfe, 0x8f, 0xff, 0xf3, 0x90, 0xff, 0xff,
    0x87, 0xff, 0x47, 0xff, 0xf9, 0xc8, 0x7f, 0xff,
    0xc3, 0xff, 0xa3, 0xff, 0xfc, 0xe0, 0xff, 0xff,
    0x87, 0xff, 0x4b, 0xff, 0xf9, 0xc1, 0xff, 0xff,
    0xf, 0xfe, 0x97, 0xff, 0xf3, 0x83, 0xff, 0xfe,
    0x1f, 0xfd, 0x2f, 0xff, 0xe7, 0x7, 0xff, 0xfc,
    0x3f, 0xfa, 0x5f, 0xff, 0xce, 0xf, 0xff, 0xf8,
    0x7f, 0xf4, 0xbf, 0xff, 0x9c, 0x87, 0xff, 0xfc,
    0x3f, 0xfa, 0x3f, 0xff, 0xce, 0x43, 0xff, 0xfe,
    0x1f, 0xfd, 0x1f, 0xff, 0xe7, 0x21, 0xff, 0xff,
    0xf, 0xfe, 0x8f, 0xff, 0xf3, 0x90, 0xff, 0xff,
    0x87, 0xff, 0x47, 0xff, 0xf9, 0xd0, 0x7f, 0xff,
    0xc3, 0xff, 0xa3, 0xff, 0xfc, 0xe8, 0x3f, 0xff,
    0xe1, 0xff, 0xd1, 0xff, 0xfe, 0x74, 0x1f, 0xff,
    0xf0, 0xff, 0xe8, 0xdf, 0xff, 0xce, 0xf, 0xff,
    0xf8, 0x7f, 0xf4, 0x6f, 0xff, 0xe7, 0x7, 0xff,
    0xfc, 0x3f, 0xfa, 0x2f, 0xff, 0xf3, 0x83, 0xff,
    0xfe, 0x1f, 0xfd, 0x17, 0xff, 0xf9, 0xc8, 0x7f,
    0xff, 0xc3, 0xff, 0xa3, 0xff, 0xfc, 0xe4, 0x3f,
    0xff, 0xe1, 0xff, 0xd1, 0xff, 0xfe, 0x74, 0x1f,
    0xff, 0xf0, 0xff, 0xe8, 0xff, 0xff, 0x3c, 0x3f,
    0xff, 0xe1, 0xff, 0xd1, 0xbf, 0xff, 0x9c, 0x1f,
    0xff, 0xf0, 0xff, 0xe8, 0xdf, 0xff, 0xce, 0x43,
    0xff, 0xfe, 0x1f, 0xfd, 0x7, 0xff, 0xf9, 0xd0,
    0x7f, 0xff, 0xc3, 0xff, 0xa3, 0xff, 0xfc, 0xf0,
    0xff, 0xff, 0x87, 0xff, 0x47, 0xff, 0xf9, 0xe8,
    0x7f, 0xff, 0xc3, 0xff, 0xa1, 0x7f, 0xff, 0x3a,
    0xf, 0xff, 0xf8, 0x7f, 0xf4, 0x1f, 0xff, 0xe7,
    0x87, 0xff, 0xfc, 0x3f, 0xfa, 0x3f, 0xff, 0xcf,
    0x43, 0xff, 0xfe, 0x1f, 0xfd, 0xf, 0xff, 0xe7,
    0xc1, 0xff, 0xff, 0xf, 0xfe, 0x85, 0xff, 0xfc,
    0xf0, 0xff, 0xff, 0x87, 0xff, 0x41, 0xff, 0xfe,
    0x7c, 0x1f, 0xff, 0xf0, 0xff, 0xe8, 0x7f, 0xff,
    0x40, 0x3f, 0xff, 0xe1, 0xff, 0xd0, 0xbf, 0xff,
    0x9f, 0x7, 0xff, 0xfc, 0x3f, 0xf9, 0xef, 0xff,
    0xf4, 0x3, 0xff, 0xfe, 0x1f, 0xfd, 0xf, 0xff,
    0xe8, 0x41, 0xff, 0xff, 0x24, 0x3f, 0xf9, 0x97,
    0xff, 0xf4, 0x3, 0xff, 0xfe, 0xfa, 0xf, 0xfe,
    0x67, 0xff, 0xf4, 0x43, 0xff, 0xfd, 0xfd, 0x7,
    0xff, 0x2a, 0xff, 0xfe, 0x82, 0x1f, 0xff, 0xcb,
    0xfe, 0x83, 0xff, 0x90, 0xff, 0xff, 0x44, 0x3f,
    0xff, 0x6f, 0xff, 0x90, 0xff, 0xe3, 0xff, 0xff,
    0x48, 0x3f, 0xff, 0x5f, 0xff, 0xc1, 0x43, 0xff,
    0x8a, 0xff, 0xff, 0x46, 0xf, 0xff, 0xc7, 0xff,
    0xf1, 0x10, 0xff, 0xe2, 0x7f, 0xff, 0x49, 0xf,
    0xff, 0xb5, 0xff, 0xfc, 0x60, 0xff, 0xe1, 0xbf,
    0xff, 0xd2, 0x43, 0xff, 0xe9, 0x7f, 0xff, 0x22,
    0xf, 0xfe, 0x17, 0xff, 0xf4, 0xc3, 0xff, 0xe6,
    0xff, 0xff, 0x2e, 0xf, 0xfe, 0x3, 0xff, 0xfd,
    0x30, 0xff, 0xf8, 0xbf, 0xff, 0xce, 0x43, 0xfe,
    0xbf, 0xff, 0xa6, 0x1f, 0xfe, 0xf7, 0xff, 0xf9,
    0xe1, 0xff, 0xc1, 0xff, 0xfe, 0xa2, 0x1f, 0xfe,
    0xcb, 0xff, 0xf9, 0xf0, 0x7f, 0xf0, 0x6f, 0xff,
    0xea, 0x41, 0xff, 0xea, 0xbf, 0xff, 0xa0, 0x1f,
    0xfc, 0x3f, 0xff, 0xea, 0xc1, 0xff, 0xe8, 0xff,
    0xfe, 0x90, 0x7f, 0xf1, 0x3f, 0xff, 0xac, 0x87,
    0xff, 0x91, 0xff, 0xfe, 0x90, 0x7f, 0xf1, 0x6f,
    0xff, 0xeb, 0x41, 0xff, 0xe2, 0xbf, 0xff, 0xa5,
    0x7, 0xff, 0x1b, 0xff, 0xfb, 0x8, 0x7f, 0xf7,
    0x9f, 0xff, 0xea, 0x7, 0xff, 0x23, 0xff, 0xfb,
    0x28, 0x7f, 0xf6, 0x9f, 0xff, 0xea, 0xa1, 0xff,
    0xc8, 0x7f, 0xff, 0xb5, 0x7, 0xff, 0x59, 0xff,
    0xfe, 0xb8, 0x7f, 0xf2, 0xaf, 0xff, 0xee, 0x21,
    0xff, 0xd0, 0x6f, 0xff, 0xec, 0x7, 0xff, 0x33,
    0xff, 0xfb, 0xf2, 0x1f, 0xfc, 0x86, 0xff, 0xfe,
    0xda, 0x1f, 0xfc, 0xdf, 0xff, 0xf1, 0xd1, 0x60,
    0xcb, 0x53, 0xff, 0xfb, 0xf0, 0x7f, 0xf3, 0xff,
    0xff, 0xff, 0xff, 0xfd, 0x0, 0xff, 0xe8, 0xff,
    0xff, 0xff, 0xff, 0xf9, 0xc1, 0xff, 0xd3, 0xff,
    0xff, 0xff, 0xff, 0xf3, 0x3, 0xff, 0xab, 0xff,
    0xff, 0xff, 0xff, 0xe5, 0x7, 0xff, 0x5f, 0xff,
    0xff, 0xff, 0xff, 0xc8, 0x43, 0xff, 0xb1, 0xff,
    0xff, 0xff, 0xff, 0xe3, 0x21, 0xff, 0xda, 0xff,
    0xff, 0xff, 0xff, 0xf1, 0x3, 0xff, 0xbb, 0x7f,
    0xff, 0xff, 0xff, 0xf8, 0x21, 0xff, 0xdf, 0xbf,
    0xff, 0xff, 0xff, 0xe8, 0x3f, 0xfc, 0x2f, 0xff,
    0xff, 0xff, 0xf2, 0x1f, 0xfe, 0x4b, 0xff, 0xff,
    0xff, 0xc8, 0x7f, 0xf9, 0x9f, 0xff, 0xff, 0xfa,
    0xf, 0xff, 0x55, 0xff, 0xff, 0xe4, 0x3f, 0xfd,
    0x8f, 0xff, 0xfe, 0xe0, 0xff, 0xf8, 0x3f, 0xff,
    0xf7, 0x83, 0xff, 0xe9, 0x7f, 0xff, 0xd1, 0xf,
    0xff, 0xbb, 0xff, 0xff, 0x4, 0x3f, 0xff, 0x6f,
    0xff, 0xfa, 0xe4, 0x3f, 0xff, 0xe5, 0xff, 0xfe,
    0x64, 0x3f, 0xff, 0xe1, 0xe6, 0xff, 0xff, 0x4,
    0x1f, 0xff, 0xf0, 0xff, 0xe0, 0xdf, 0xff, 0xd9,
    0x90, 0xff, 0xff, 0x87, 0xff, 0x21, 0xbf, 0xff,
    0xa1, 0x21, 0xff, 0xff, 0xf, 0xfe, 0x8a, 0xaa,
    0xff, 0xfe, 0x5, 0x4a, 0xf, 0xff, 0x20,

    /* U+0044 "D" */
    0x3f, 0xff, 0xe3, 0x52, 0x83, 0xff, 0xe5, 0xff,
    0xff, 0xa9, 0xf, 0xff, 0x67, 0xff, 0xff, 0xe4,
    0x3f, 0xfc, 0xff, 0xff, 0xff, 0xfa, 0x43, 0xff,
    0xc9, 0xff, 0xff, 0xff, 0xf4, 0x87, 0xff, 0x87,
    0xff, 0xff, 0xff, 0xfd, 0x7, 0xff, 0x7f, 0xff,
    0xff, 0xff, 0xff, 0xc0, 0x43, 0xff, 0xb9, 0xff,
    0xff, 0xff, 0xff, 0xe1, 0x21, 0xff, 0xda, 0xff,
    0xff, 0xff, 0xff, 0xf1, 0x10, 0xff, 0xec, 0x7f,
    0xff, 0xff, 0xff, 0xf8, 0xc1, 0xff, 0xd7, 0xff,
    0xff, 0xff, 0xff, 0xf1, 0xe0, 0xff, 0xea, 0xff,
    0xff, 0xff, 0xff, 0xf9, 0x28, 0x7f, 0xf4, 0xff,
    0xff, 0xff, 0xff, 0xfc, 0xa8, 0x3f, 0xfa, 0x5f,
    0xff, 0xff, 0xff, 0xfe, 0x62, 0x1f, 0xfd, 0xf,
    0xff, 0xff, 0xff, 0xff, 0x35, 0xf, 0xfe, 0x7f,
    0xff, 0xff, 0xff, 0xff, 0x9d, 0x7, 0xff, 0x3b,
    0xff, 0xff, 0xff, 0xff, 0xd0, 0xf, 0xfe, 0x6f,
    0xff, 0xff, 0xff, 0xff, 0xa2, 0x1f, 0xfc, 0xcf,
    0xff, 0xff, 0xff, 0xff, 0x48, 0x3f, 0xf9, 0x7f,
    0xff, 0xff, 0xff, 0xfe, 0x98, 0x7f, 0xf2, 0xbf,
    0xff, 0xff, 0xff, 0xfd, 0x40, 0xff, 0xe4, 0xff,
    0xff, 0x36, 0xbf, 0xfa, 0x9f, 0xff, 0xe7, 0xf,
    0xfe, 0x47, 0xff, 0xf3, 0x43, 0xff, 0xb2, 0xab,
    0xff, 0xfc, 0x1, 0xff, 0xc7, 0xff, 0xfe, 0x68,
    0x7f, 0xf7, 0x9b, 0xff, 0xfb, 0xa1, 0xff, 0xc6,
    0xff, 0xfe, 0x68, 0x7f, 0xf8, 0xaf, 0xff, 0xed,
    0x41, 0xff, 0xc5, 0xff, 0xfe, 0x68, 0x7f, 0xf9,
    0x1f, 0xff, 0xec, 0xa1, 0xff, 0xc4, 0xff, 0xfe,
    0x68, 0x7f, 0xf9, 0xef, 0xff, 0xeb, 0x87, 0xff,
    0x13, 0xff, 0xf9, 0xa1, 0xff, 0xe8, 0x7f, 0xff,
    0xae, 0x1f, 0xfc, 0x3f, 0xff, 0xe6, 0x87, 0xff,
    0xa9, 0xff, 0xfe, 0xac, 0x1f, 0xfc, 0x2f, 0xff,
    0xe6, 0x87, 0xff, 0xb3, 0xff, 0xfa, 0xa8, 0x7f,
    0xf0, 0x7f, 0xff, 0x9a, 0x1f, 0xfe, 0xdb, 0xff,
    0xfa, 0x81, 0xff, 0xc1, 0xff, 0xfe, 0x68, 0x7f,
    0xfb, 0x9f, 0xff, 0xe9, 0xc1, 0xff, 0xc0, 0xff,
    0xfe, 0x68, 0x7f, 0xfc, 0x3f, 0xff, 0xa6, 0x1f,
    0xfc, 0xf, 0xff, 0xe6, 0x87, 0xff, 0xc7, 0xff,
    0xfa, 0x50, 0x7f, 0xdf, 0xff, 0xcd, 0xf, 0xff,
    0x97, 0xff, 0xf4, 0x90, 0xff, 0x7f, 0xff, 0x34,
    0x3f, 0xfe, 0x7f, 0xff, 0xd2, 0xf, 0xf7, 0xff,
    0xf3, 0x43, 0xff, 0xe6, 0xff, 0xff, 0x45, 0xf,
    0xef, 0xff, 0xe6, 0x87, 0xff, 0xd2, 0xff, 0xfe,
    0x88, 0x7f, 0x7f, 0xff, 0x34, 0x3f, 0xfe, 0xb7,
    0xff, 0xf4, 0x10, 0xfd, 0xff, 0xfc, 0xd0, 0xff,
    0xfb, 0x7f, 0xff, 0x42, 0xf, 0xdf, 0xff, 0xcd,
    0xf, 0xff, 0xb3, 0xff, 0xfd, 0x0, 0xfd, 0xff,
    0xfc, 0xd0, 0xff, 0xfb, 0xdf, 0xff, 0xcf, 0x83,
    0xef, 0xff, 0xe6, 0x87, 0xff, 0xe3, 0xff, 0xfa,
    0x1, 0xf7, 0xff, 0xf3, 0x43, 0xff, 0xf1, 0x7f,
    0xff, 0x3d, 0xf, 0x7f, 0xff, 0x34, 0x3f, 0xff,
    0x3f, 0xff, 0xcf, 0x83, 0xdf, 0xff, 0xcd, 0xf,
    0xff, 0xcd, 0xff, 0xfc, 0xf0, 0xf7, 0xff, 0xf3,
    0x43, 0xff, 0xf5, 0xff, 0xfc, 0xf4, 0x3b, 0xff,
    0xf9, 0xa1, 0xff, 0xfa, 0xbf, 0xff, 0x9d, 0x7,
    0x7f, 0xff, 0x34, 0x3f, 0xff, 0x7f, 0xff, 0xcf,
    0xe, 0xff, 0xfe, 0x68, 0x7f, 0xfe, 0xff, 0xff,
    0x9e, 0x86, 0xff, 0xfe, 0x68, 0x7f, 0xfe, 0xdf,
    0xff, 0xe7, 0x41, 0xbf, 0xff, 0x9a, 0x1f, 0xff,
    0xcf, 0xff, 0xe7, 0x86, 0xff, 0xfe, 0x68, 0x7f,
    0xff, 0x3f, 0xff, 0x9e, 0x1b, 0xff, 0xf9, 0xa1,
    0xff, 0xfc, 0xbf, 0xff, 0x9c, 0x85, 0xff, 0xfc,
    0xd0, 0xff, 0xfe, 0x3f, 0xff, 0xce, 0x42, 0xff,
    0xfe, 0x68, 0x7f, 0xff, 0x7f, 0xff, 0x9d, 0x5,
    0xff, 0xfc, 0xd0, 0xff, 0xfe, 0xdf, 0xff, 0xce,
    0xb, 0xff, 0xf9, 0xa1, 0xff, 0xfd, 0xbf, 0xff,
    0x9c, 0x17, 0xff, 0xf3, 0x43, 0xff, 0xfa, 0xff,
    0xff, 0x39, 0x7, 0xff, 0xf3, 0x43, 0xff, 0xfd,
    0xff, 0xfc, 0xe4, 0x1f, 0xff, 0xcd, 0xf, 0xff,
    0xf7, 0xff, 0xf3, 0xa0, 0x7f, 0xff, 0x34, 0x3f,
    0xff, 0xdf, 0xff, 0xce, 0x81, 0xff, 0xfc, 0xd0,
    0xff, 0xff, 0x5f, 0xff, 0xce, 0x7, 0xff, 0xf3,
    0x43, 0xff, 0xfd, 0x7f, 0xff, 0x38, 0x1f, 0xff,
    0xcd, 0xf, 0xff, 0xf3, 0xff, 0xfc, 0xe0, 0x7f,
    0xff, 0x34, 0x3f, 0xff, 0xcf, 0xff, 0xf3, 0x81,
    0xff, 0xfc, 0xd0, 0xff, 0xff, 0x3f, 0xff, 0xce,
    0x7, 0xff, 0xf3, 0x43, 0xff, 0xff, 0xff, 0xfc,
    0xe0, 0x7f, 0xff, 0x34, 0x3f, 0xff, 0xff, 0xff,
    0xce, 0x4f, 0xff, 0xe6, 0x87, 0xff, 0xff, 0xff,
    0xf9, 0xc9, 0xff, 0xfc, 0xd0, 0xff, 0xff, 0xff,
    0xff, 0x39, 0x3f, 0xff, 0x9a, 0x1f, 0xff, 0xff,
    0xff, 0xe7, 0x27, 0xff, 0xf3, 0x43, 0xff, 0xff,
    0xff, 0xfc, 0xe4, 0xff, 0xfe, 0x68, 0x7f, 0xff,
    0xff, 0xff, 0x9c, 0x9f, 0xff, 0xcd, 0xf, 0xff,
    0xff, 0xff, 0xf3, 0x93, 0xff, 0xf9, 0xa1, 0xff,
    0xff, 0xff, 0xfe, 0x72, 0x7f, 0xff, 0x34, 0x3f,
    0xff, 0xff, 0xff, 0xce, 0x4f, 0xff, 0xe6, 0x87,
    0xff, 0xff, 0xff, 0xf9, 0xc9, 0xff, 0xfc, 0xd0,
    0xff, 0xff, 0xff, 0xff, 0x39, 0x3f, 0xff, 0x9a,
    0x1f, 0xff, 0xff, 0xff, 0xe7, 0x3, 0xff, 0xf9,
    0xa1, 0xff, 0xfe, 0x7f, 0xff, 0x9c, 0xf, 0xff,
    0xe6, 0x87, 0xff, 0xf9, 0xff, 0xfe, 0x70, 0x3f,
    0xff, 0x9a, 0x1f, 0xff, 0xeb, 0xff, 0xf9, 0xc0,
    0xff, 0xfe, 0x68, 0x7f, 0xff, 0xaf, 0xff, 0xe7,
    0x3, 0xff, 0xf9, 0xa1, 0xff, 0xfe, 0xbf, 0xff,
    0x9c, 0xf, 0xff, 0xe6, 0x87, 0xff, 0xfb, 0xff,
    0xf9, 0xd0, 0x3f, 0xff, 0x9a, 0x1f, 0xff, 0xef,
    0xff, 0xe7, 0x20, 0xff, 0xfe, 0x68, 0x7f, 0xff,
    0x5f, 0xff, 0xe7, 0x20, 0xff, 0xfe, 0x68, 0x7f,
    0xff, 0x5f, 0xff, 0xe7, 0x5, 0xff, 0xfc, 0xd0,
    0xff, 0xfe, 0xdf, 0xff, 0xce, 0xb, 0xff, 0xf9,
    0xa1, 0xff, 0xfd, 0xff, 0xfe, 0x78, 0x5f, 0xff,
    0xcd, 0xf, 0xff, 0xef, 0xff, 0xf3, 0xa0, 0xbf,
    0xff, 0x9a, 0x1f, 0xff, 0xc7, 0xff, 0xf9, 0xc8,
    0x5f, 0xff, 0xcd, 0xf, 0xff, 0xe5, 0xff, 0xfc,
    0xe0, 0xdf, 0xff, 0xcd, 0xf, 0xff, 0xe7, 0xff,
    0xf3, 0xc3, 0x7f, 0xff, 0x34, 0x3f, 0xff, 0x9f,
    0xff, 0xce, 0x83, 0x7f, 0xff, 0x34, 0x3f, 0xff,
    0x77, 0xff, 0xf3, 0x90, 0xdf, 0xff, 0xcd, 0xf,
    0xff, 0xdf, 0xff, 0xf3, 0xc3, 0xbf, 0xff, 0x9a,
    0x1f, 0xff, 0xa7, 0xff, 0xf9, 0xe1, 0xdf, 0xff,
    0xcd, 0xf, 0xff, 0xd7, 0xff, 0xf3, 0xe0, 0xef,
    0xff, 0xe6, 0x87, 0xff, 0xeb, 0xff, 0xf9, 0xe8,
    0x77, 0xff, 0xf3, 0x43, 0xff, 0xf3, 0x7f, 0xff,
    0x3c, 0x3d, 0xff, 0xfc, 0xd0, 0xff, 0xfc, 0xff,
    0xff, 0x3e, 0xf, 0x7f, 0xff, 0x34, 0x3f, 0xff,
    0x1f, 0xff, 0xd0, 0xf, 0xbf, 0xff, 0x9a, 0x1f,
    0xff, 0x77, 0xff, 0xfa, 0x1, 0xf7, 0xff, 0xf3,
    0x43, 0xff, 0xef, 0xff, 0xfd, 0x4, 0x3e, 0xff,
    0xfe, 0x68, 0x7f, 0xfd, 0xaf, 0xff, 0xe8, 0x7,
    0xef, 0xff, 0xe6, 0x87, 0xff, 0xd5, 0xff, 0xfe,
    0x84, 0x1f, 0xbf, 0xff, 0x9a, 0x1f, 0xff, 0x5f,
    0xff, 0xe8, 0x87, 0xf7, 0xff, 0xf3, 0x43, 0xff,
    0xe9, 0xff, 0xfd, 0x18, 0x3f, 0xbf, 0xff, 0x9a,
    0x1f, 0xff, 0x3b, 0xff, 0xfa, 0x21, 0xfe, 0xff,
    0xfe, 0x68, 0x7f, 0xfc, 0x9f, 0xff, 0xe8, 0xc1,
    0xfe, 0xff, 0xfe, 0x68, 0x7f, 0xfc, 0x5f, 0xff,
    0xe9, 0x7, 0xfd, 0xff, 0xfc, 0xd0, 0xff, 0xf8,
    0x3f, 0xff, 0xd2, 0x43, 0xfe, 0xff, 0xfe, 0x68,
    0x7f, 0xfb, 0xdf, 0xff, 0xe9, 0x87, 0xff, 0x3,
    0xff, 0xf9, 0xa1, 0xff, 0xee, 0xbf, 0xff, 0xa6,
    0x87, 0xff, 0x3, 0xff, 0xf9, 0xa1, 0xff, 0xed,
    0xff, 0xfe, 0xa4, 0x1f, 0xfc, 0x1f, 0xff, 0xe6,
    0x87, 0xff, 0xad, 0xff, 0xfe, 0xa8, 0x7f, 0xf0,
    0xbf, 0xff, 0x9a, 0x1f, 0xfe, 0xab, 0xff, 0xfa,
    0xa8, 0x7f, 0xf0, 0xbf, 0xff, 0x9a, 0x1f, 0xfe,
    0x87, 0xff, 0xfa, 0xd0, 0x7f, 0xf0, 0xff, 0xff,
    0x9a, 0x1f, 0xfe, 0x67, 0xff, 0xfb, 0x1, 0xff,
    0xc4, 0xff, 0xfe, 0x68, 0x7f, 0xf9, 0x1f, 0xff,
    0xec, 0x87, 0xff, 0x17, 0xff, 0xf9, 0xa1, 0xff,
    0xe1, 0x6f, 0xff, 0xed, 0x21, 0xff, 0xc5, 0xff,
    0xfe, 0x68, 0x7f, 0xf7, 0x9b, 0xff, 0xfb, 0x90,
    0x7f, 0xf1, 0xbf, 0xff, 0x9a, 0x1f, 0xfd, 0x95,
    0x5f, 0xff, 0xdf, 0x83, 0xff, 0x8f, 0xff, 0xfc,
    0xda, 0xff, 0xea, 0xff, 0xff, 0x96, 0xf, 0xfe,
    0x47, 0xff, 0xff, 0xff, 0xff, 0xa8, 0x1f, 0xfc,
    0x9f, 0xff, 0xff, 0xff, 0xff, 0x4c, 0x3f, 0xf9,
    0x5f, 0xff, 0xff, 0xff, 0xfe, 0x8c, 0x1f, 0xfc,
    0xbf, 0xff, 0xff, 0xff, 0xff, 0x42, 0xf, 0xfe,
    0x67, 0xff, 0xff, 0xff, 0xff, 0x9f, 0x7, 0xff,
    0x37, 0xff, 0xff, 0xff, 0xff, 0xce, 0x43, 0xff,
    0x9d, 0xff, 0xff, 0xff, 0xff, 0xe6, 0x87, 0xff,
    0x43, 0xff, 0xff, 0xff, 0xff, 0xcb, 0x83, 0xff,
    0xa3, 0xff, 0xff, 0xff, 0xff, 0xe5, 0x21, 0xff,
    0xd2, 0xff, 0xff, 0xff, 0xff, 0xf2, 0x43, 0xff,
    0xa9, 0xff, 0xff, 0xff, 0xff, 0xe3, 0xa1, 0xff,
    0xd5, 0xff, 0xff, 0xff, 0xff, 0xf1, 0x60, 0xff,
    0xeb, 0xff, 0xff, 0xff, 0xff, 0xf8, 0x70, 0x7f,
    0xf6, 0x7f, 0xff, 0xff, 0xff, 0xfc, 0x18, 0x3f,
    0xfb, 0x7f, 0xff, 0xff, 0xff, 0xfa, 0xf, 0xfe,
    0xef, 0xff, 0xff, 0xff, 0xf9, 0xf, 0xfe, 0xff,
    0xff, 0xff, 0xff, 0xd2, 0x1f, 0xfe, 0x1f, 0xff,
    0xff, 0xfd, 0x21, 0xff, 0xe4, 0xff, 0xff, 0xf4,
    0x87, 0xff, 0xa3, 0xff, 0xff, 0x52, 0x1f, 0xfe,
    0xcf, 0xff, 0xf8, 0xd4, 0xa0, 0xff, 0xf8, 0x80,

    /* U+0045 "E" */
    0x3f, 0xff, 0xff, 0xff, 0xfc, 0xc0, 0xef, 0xff,
    0xff, 0xff, 0xff, 0x30, 0x3b, 0xff, 0xff, 0xff,
    0xff, 0xcc, 0xe, 0xff, 0xff, 0xff, 0xff, 0xf3,
    0x3, 0xbf, 0xff, 0xff, 0xff, 0xfc, 0xc0, 0xef,
    0xff, 0xff, 0xff, 0xff, 0x30, 0x3b, 0xff, 0xff,
    0xff, 0xff, 0xcc, 0xe, 0xff, 0xff, 0xff, 0xff,
    0xf3, 0x3, 0xbf, 0xff, 0xff, 0xff, 0xfc, 0xc0,
    0xef, 0xff, 0xff, 0xff, 0xff, 0x30, 0x3b, 0xff,
    0xff, 0xff, 0xff, 0xcc, 0xe, 0xff, 0xff, 0xff,
    0xff, 0xf3, 0x3, 0xbf, 0xff, 0xff, 0xff, 0xfc,
    0xc0, 0xef, 0xff, 0xff, 0xff, 0xff, 0x30, 0x3b,
    0xff, 0xff, 0xff, 0xff, 0xcc, 0xe, 0xff, 0xff,
    0xff, 0xff, 0xf3, 0x3, 0xbf, 0xff, 0xff, 0xff,
    0xfc, 0xc0, 0xef, 0xff, 0xff, 0xff, 0xff, 0x30,
    0x3b, 0xff, 0xff, 0xff, 0xff, 0xcc, 0xe, 0xff,
    0xff, 0xff, 0xff, 0xf3, 0x3, 0xbf, 0xff, 0xff,
    0xff, 0xfc, 0xc0, 0xef, 0xff, 0xff, 0xff, 0xff,
    0x30, 0x3b, 0xff, 0xf9, 0xa1, 0xff, 0xff, 0xd,
    0xff, 0xfc, 0xd0, 0xff, 0xff, 0x86, 0xff, 0xfe,
    0x68, 0x7f, 0xff, 0xc3, 0x7f, 0xff, 0x34, 0x3f,
    0xff, 0xe1, 0xbf, 0xff, 0x9a, 0x1f, 0xff, 0xf0,
    0xdf, 0xff, 0xcd, 0xf, 0xff, 0xf8, 0x6f, 0xff,
    0xe6, 0x87, 0xff, 0xfc, 0x37, 0xff, 0xf3, 0x43,
    0xff, 0xfe, 0x1b, 0xff, 0xf9, 0xa1, 0xff, 0xff,
    0xd, 0xff, 0xfc, 0xd0, 0xff, 0xff, 0x86, 0xff,
    0xfe, 0x68, 0x7f, 0xff, 0xc3, 0x7f, 0xff, 0x34,
    0x3f, 0xff, 0xe1, 0xbf, 0xff, 0x9a, 0x1f, 0xff,
    0xf0, 0xdf, 0xff, 0xcd, 0xf, 0xff, 0xf8, 0x6f,
    0xff, 0xe6, 0x87, 0xff, 0xfc, 0x37, 0xff, 0xf3,
    0x43, 0xff, 0xfe, 0x1b, 0xff, 0xf9, 0xa1, 0xff,
    0xff, 0xd, 0xff, 0xfc, 0xd0, 0xff, 0xff, 0x86,
    0xff, 0xfe, 0x68, 0x7f, 0xff, 0xc3, 0x7f, 0xff,
    0x34, 0x3f, 0xff, 0xe1, 0xbf, 0xff, 0x9a, 0x1f,
    0xff, 0xf0, 0xdf, 0xff, 0xcd, 0xf, 0xff, 0xf8,
    0x6f, 0xff, 0xe6, 0x87, 0xff, 0xfc, 0x37, 0xff,
    0xf3, 0x43, 0xff, 0xfe, 0x1b, 0xff, 0xf9, 0xa1,
    0xff, 0xff, 0xd, 0xff, 0xfc, 0xd0, 0xff, 0xff,
    0x86, 0xff, 0xfe, 0x68, 0x7f, 0xff, 0xc3, 0x7f,
    0xff, 0x34, 0x3f, 0xff, 0xe1, 0xbf, 0xff, 0x9a,
    0x1f, 0xff, 0xf0, 0xdf, 0xff, 0xcd, 0xf, 0xff,
    0xf8, 0x6f, 0xff, 0xe6, 0x87, 0xff, 0xfc, 0x37,
    0xff, 0xf3, 0x43, 0xff, 0xfe, 0x1b, 0xff, 0xf9,
    0xa1, 0xff, 0xff, 0xd, 0xff, 0xfc, 0xd0, 0xff,
    0xff, 0x86, 0xff, 0xfe, 0x68, 0x7f, 0xff, 0xc3,
    0x7f, 0xff, 0x34, 0x3f, 0xff, 0xe1, 0xbf, 0xff,
    0x9a, 0x1f, 0xff, 0xf0, 0xdf, 0xff, 0xcd, 0xf,
    0xff, 0xf8, 0x6f, 0xff, 0xe6, 0x87, 0xff, 0xfc,
    0x37, 0xff, 0xff, 0xff, 0xff, 0x8d, 0x7, 0xfb,
    0xff, 0xff, 0xff, 0xff, 0xc6, 0x83, 0xfd, 0xff,
    0xff, 0xff, 0xff, 0xe3, 0x41, 0xfe, 0xff, 0xff,
    0xff, 0xff, 0xf1, 0xa0, 0xff, 0x7f, 0xff, 0xff,
    0xff, 0xf8, 0xd0, 0x7f, 0xbf, 0xff, 0xff, 0xff,
    0xfc, 0x68, 0x3f, 0xdf, 0xff, 0xff, 0xff, 0xfe,
    0x34, 0x1f, 0xef, 0xff, 0xff, 0xff, 0xff, 0x1a,
    0xf, 0xf7, 0xff, 0xff, 0xff, 0xff, 0x8d, 0x7,
    0xfb, 0xff, 0xff, 0xff, 0xff, 0xc6, 0x83, 0xfd,
    0xff, 0xff, 0xff, 0xff, 0xe3, 0x41, 0xfe, 0xff,
    0xff, 0xff, 0xff, 0xf1, 0xa0, 0xff, 0x7f, 0xff,
    0xff, 0xff, 0xf8, 0xd0, 0x7f, 0xbf, 0xff, 0xff,
    0xff, 0xfc, 0x68, 0x3f, 0xdf, 0xff, 0xff, 0xff,
    0xfe, 0x34, 0x1f, 0xef, 0xff, 0xff, 0xff, 0xff,
    0x1a, 0xf, 0xf7, 0xff, 0xff, 0xff, 0xff, 0x8d,
    0x7, 0xfb, 0xff, 0xff, 0xff, 0xff, 0xc6, 0x83,
    0xfd, 0xff, 0xff, 0xff, 0xff, 0xe3, 0x41, 0xfe,
    0xff, 0xff, 0xff, 0xff, 0xf1, 0xa0, 0xff, 0x7f,
    0xff, 0xff, 0xff, 0xf8, 0xd0, 0x7f, 0xbf, 0xff,
    0x9b, 0x5f, 0xff, 0x84, 0x3f, 0xdf, 0xff, 0xcd,
    0xf, 0xff, 0xf8, 0x6f, 0xff, 0xe6, 0x87, 0xff,
    0xfc, 0x37, 0xff, 0xf3, 0x43, 0xff, 0xfe, 0x1b,
    0xff, 0xf9, 0xa1, 0xff, 0xff, 0xd, 0xff, 0xfc,
    0xd0, 0xff, 0xff, 0x86, 0xff, 0xfe, 0x68, 0x7f,
    0xff, 0xc3, 0x7f, 0xff, 0x34, 0x3f, 0xff, 0xe1,
    0xbf, 0xff, 0x9a, 0x1f, 0xff, 0xf0, 0xdf, 0xff,
    0xcd, 0xf, 0xff, 0xf8, 0x6f, 0xff, 0xe6, 0x87,
    0xff, 0xfc, 0x37, 0xff, 0xf3, 0x43, 0xff, 0xfe,
    0x1b, 0xff, 0xf9, 0xa1, 0xff, 0xff, 0xd, 0xff,
    0xfc, 0xd0, 0xff, 0xff, 0x86, 0xff, 0xfe, 0x68,
    0x7f, 0xff, 0xc3, 0x7f, 0xff, 0x34, 0x3f, 0xff,
    0xe1, 0xbf, 0xff, 0x9a, 0x1f, 0xff, 0xf0, 0xdf,
    0xff, 0xcd, 0xf, 0xff, 0xf8, 0x6f, 0xff, 0xe6,
    0x87, 0xff, 0xfc, 0x37, 0xff, 0xf3, 0x43, 0xff,
    0xfe, 0x1b, 0xff, 0xf9, 0xa1, 0xff, 0xff, 0xd,
    0xff, 0xfc, 0xd0, 0xff, 0xff, 0x86, 0xff, 0xfe,
    0x68, 0x7f, 0xff, 0xc3, 0x7f, 0xff, 0x34, 0x3f,
    0xff, 0xe1, 0xbf, 0xff, 0x9a, 0x1f, 0xff, 0xf0,
    0xdf, 0xff, 0xcd, 0xf, 0xff, 0xf8, 0x6f, 0xff,
    0xe6, 0x87, 0xff, 0xfc, 0x37, 0xff, 0xf3, 0x43,
    0xff, 0xfe, 0x1b, 0xff, 0xf9, 0xa1, 0xff, 0xff,
    0xd, 0xff, 0xfc, 0xd0, 0xff, 0xff, 0x86, 0xff,
    0xfe, 0x68, 0x7f, 0xff, 0xc3, 0x7f, 0xff, 0x34,
    0x3f, 0xff, 0xe1, 0xbf, 0xff, 0x9a, 0x1f, 0xff,
    0xf0, 0xdf, 0xff, 0xcd, 0xf, 0xff, 0xf8, 0x6f,
    0xff, 0xe6, 0x87, 0xff, 0xfc, 0x37, 0xff, 0xf3,
    0x43, 0xff, 0xfe, 0x1b, 0xff, 0xf9, 0xa1, 0xff,
    0xff, 0xd, 0xff, 0xfc, 0xd0, 0xff, 0xff, 0x86,
    0xff, 0xfe, 0x68, 0x7f, 0xff, 0xc3, 0x7f, 0xff,
    0x34, 0x3f, 0xff, 0xe1, 0xbf, 0xff, 0x9a, 0x1f,
    0xff, 0xf0, 0xdf, 0xff, 0xcd, 0xf, 0xff, 0xf8,
    0x6f, 0xff, 0xe6, 0x87, 0xff, 0xfc, 0x37, 0xff,
    0xff, 0xff, 0xff, 0x9e, 0x9f, 0xff, 0xff, 0xff,
    0xfe, 0x7a, 0x7f, 0xff, 0xff, 0xff, 0xf9, 0xe9,
    0xff, 0xff, 0xff, 0xff, 0xe7, 0xa7, 0xff, 0xff,
    0xff, 0xff, 0x9e, 0x9f, 0xff, 0xff, 0xff, 0xfe,
    0x7a, 0x7f, 0xff, 0xff, 0xff, 0xf9, 0xe9, 0xff,
    0xff, 0xff, 0xff, 0xe7, 0xa7, 0xff, 0xff, 0xff,
    0xff, 0x9e, 0x9f, 0xff, 0xff, 0xff, 0xfe, 0x7a,
    0x7f, 0xff, 0xff, 0xff, 0xf9, 0xe9, 0xff, 0xff,
    0xff, 0xff, 0xe7, 0xa7, 0xff, 0xff, 0xff, 0xff,
    0x9e, 0x9f, 0xff, 0xff, 0xff, 0xfe, 0x7a, 0x7f,
    0xff, 0xff, 0xff, 0xf9, 0xe9, 0xff, 0xff, 0xff,
    0xff, 0xe7, 0xa7, 0xff, 0xff, 0xff, 0xff, 0x9e,
    0x9f, 0xff, 0xff, 0xff, 0xfe, 0x7a, 0x7f, 0xff,
    0xff, 0xff, 0xf9, 0xe9, 0xff, 0xff, 0xff, 0xff,
    0xe7, 0xa7, 0xff, 0xff, 0xff, 0xff, 0x9e, 0x9f,
    0xff, 0xff, 0xff, 0xfe, 0x7a,

    /* U+0046 "F" */
    0x3f, 0xff, 0xff, 0xff, 0xfc, 0x98, 0xff, 0xff,
    0xff, 0xff, 0xf2, 0x63, 0xff, 0xff, 0xff, 0xff,
    0xc9, 0x8f, 0xff, 0xff, 0xff, 0xff, 0x26, 0x3f,
    0xff, 0xff, 0xff, 0xfc, 0x98, 0xff, 0xff, 0xff,
    0xff, 0xf2, 0x63, 0xff, 0xff, 0xff, 0xff, 0xc9,
    0x8f, 0xff, 0xff, 0xff, 0xff, 0x26, 0x3f, 0xff,
    0xff, 0xff, 0xfc, 0x98, 0xff, 0xff, 0xff, 0xff,
    0xf2, 0x63, 0xff, 0xff, 0xff, 0xff, 0xc9, 0x8f,
    0xff, 0xff, 0xff, 0xff, 0x26, 0x3f, 0xff, 0xff,
    0xff, 0xfc, 0x98, 0xff, 0xff, 0xff, 0xff, 0xf2,
    0x63, 0xff, 0xff, 0xff, 0xff, 0xc9, 0x8f, 0xff,
    0xff, 0xff, 0xff, 0x26, 0x3f, 0xff, 0xff, 0xff,
    0xfc, 0x98, 0xff, 0xff, 0xff, 0xff, 0xf2, 0x63,
    0xff, 0xff, 0xff, 0xff, 0xc9, 0x8f, 0xff, 0xff,
    0xff, 0xff, 0x26, 0x3f, 0xff, 0xff, 0xff, 0xfc,
    0x98, 0xff, 0xff, 0xff, 0xff, 0xf2, 0x63, 0xff,
    0xf9, 0xa1, 0xff, 0xfd, 0xff, 0xfe, 0x68, 0x7f,
    0xff, 0x7f, 0xff, 0x9a, 0x1f, 0xff, 0xdf, 0xff,
    0xe6, 0x87, 0xff, 0xf7, 0xff, 0xf9, 0xa1, 0xff,
    0xfd, 0xff, 0xfe, 0x68, 0x7f, 0xff, 0x7f, 0xff,
    0x9a, 0x1f, 0xff, 0xdf, 0xff, 0xe6, 0x87, 0xff,
    0xf7, 0xff, 0xf9, 0xa1, 0xff, 0xfd, 0xff, 0xfe,
    0x68, 0x7f, 0xff, 0x7f, 0xff, 0x9a, 0x1f, 0xff,
    0xdf, 0xff, 0xe6, 0x87, 0xff, 0xf7, 0xff, 0xf9,
    0xa1, 0xff, 0xfd, 0xff, 0xfe, 0x68, 0x7f, 0xff,
    0x7f, 0xff, 0x9a, 0x1f, 0xff, 0xdf, 0xff, 0xe6,
    0x87, 0xff, 0xf7, 0xff, 0xf9, 0xa1, 0xff, 0xfd,
    0xff, 0xfe, 0x68, 0x7f, 0xff, 0x7f, 0xff, 0x9a,
    0x1f, 0xff, 0xdf, 0xff, 0xe6, 0x87, 0xff, 0xf7,
    0xff, 0xf9, 0xa1, 0xff, 0xfd, 0xff, 0xfe, 0x68,
    0x7f, 0xff, 0x7f, 0xff, 0x9a, 0x1f, 0xff, 0xdf,
    0xff, 0xe6, 0x87, 0xff, 0xf7, 0xff, 0xf9, 0xa1,
    0xff, 0xfd, 0xff, 0xfe, 0x68, 0x7f, 0xff, 0x7f,
    0xff, 0x9a, 0x1f, 0xff, 0xdf, 0xff, 0xe6, 0x87,
    0xff, 0xf7, 0xff, 0xf9, 0xa1, 0xff, 0xfd, 0xff,
    0xfe, 0x68, 0x7f, 0xff, 0x7f, 0xff, 0x9a, 0x1f,
    0xff, 0xdf, 0xff, 0xe6, 0x87, 0xff, 0xf7, 0xff,
    0xf9, 0xa1, 0xff, 0xfd, 0xff, 0xfe, 0x68, 0x7f,
    0xff, 0x7f, 0xff, 0x9a, 0x1f, 0xff, 0xdf, 0xff,
    0xe6, 0x87, 0xff, 0xf7, 0xff, 0xf9, 0xa1, 0xff,
    0xfd, 0xff, 0xfe, 0x68, 0x7f, 0xff, 0x7f, 0xff,
    0x9a, 0x1f, 0xff, 0xdf, 0xff, 0xe6, 0x87, 0xff,
    0xf7, 0xff, 0xf9, 0xa1, 0xff, 0xfd, 0xff, 0xff,
    0xff, 0xff, 0xf0, 0x83, 0xfb, 0xff, 0xff, 0xff,
    0xff, 0xc2, 0xf, 0xef, 0xff, 0xff, 0xff, 0xff,
    0x8, 0x3f, 0xbf, 0xff, 0xff, 0xff, 0xfc, 0x20,
    0xfe, 0xff, 0xff, 0xff, 0xff, 0xf0, 0x83, 0xfb,
    0xff, 0xff, 0xff, 0xff, 0xc2, 0xf, 0xef, 0xff,
    0xff, 0xff, 0xff, 0x8, 0x3f, 0xbf, 0xff, 0xff,
    0xff, 0xfc, 0x20, 0xfe, 0xff, 0xff, 0xff, 0xff,
    0xf0, 0x83, 0xfb, 0xff, 0xff, 0xff, 0xff, 0xc2,
    0xf, 0xef, 0xff, 0xff, 0xff, 0xff, 0x8, 0x3f,
    0xbf, 0xff, 0xff, 0xff, 0xfc, 0x20, 0xfe, 0xff,
    0xff, 0xff, 0xff, 0xf0, 0x83, 0xfb, 0xff, 0xff,
    0xff, 0xff, 0xc2, 0xf, 0xef, 0xff, 0xff, 0xff,
    0xff, 0x8, 0x3f, 0xbf, 0xff, 0xff, 0xff, 0xfc,
    0x20, 0xfe, 0xff, 0xff, 0xff, 0xff, 0xf0, 0x83,
    0xfb, 0xff, 0xff, 0xff, 0xff, 0xc2, 0xf, 0xef,
    0xff, 0xff, 0xff, 0xff, 0x8, 0x3f, 0xbf, 0xff,
    0xff, 0xff, 0xfc, 0x20, 0xfe, 0xff, 0xff, 0xff,
    0xff, 0xf0, 0x83, 0xfb, 0xff, 0xff, 0xff, 0xff,
    0xc2, 0xf, 0xef, 0xff, 0xe6, 0x87, 0xff, 0xf7,
    0xff, 0xf9, 0xa1, 0xff, 0xfd, 0xff, 0xfe, 0x68,
    0x7f, 0xff, 0x7f, 0xff, 0x9a, 0x1f, 0xff, 0xdf,
    0xff, 0xe6, 0x87, 0xff, 0xf7, 0xff, 0xf9, 0xa1,
    0xff, 0xfd, 0xff, 0xfe, 0x68, 0x7f, 0xff, 0x7f,
    0xff, 0x9a, 0x1f, 0xff, 0xdf, 0xff, 0xe6, 0x87,
    0xff, 0xf7, 0xff, 0xf9, 0xa1, 0xff, 0xfd, 0xff,
    0xfe, 0x68, 0x7f, 0xff, 0x7f, 0xff, 0x9a, 0x1f,
    0xff, 0xdf, 0xff, 0xe6, 0x87, 0xff, 0xf7, 0xff,
    0xf9, 0xa1, 0xff, 0xfd, 0xff, 0xfe, 0x68, 0x7f,
    0xff, 0x7f, 0xff, 0x9a, 0x1f, 0xff, 0xdf, 0xff,
    0xe6, 0x87, 0xff, 0xf7, 0xff, 0xf9, 0xa1, 0xff,
    0xfd, 0xff, 0xfe, 0x68, 0x7f, 0xff, 0x7f, 0xff,
    0x9a, 0x1f, 0xff, 0xdf, 0xff, 0xe6, 0x87, 0xff,
    0xf7, 0xff, 0xf9, 0xa1, 0xff, 0xfd, 0xff, 0xfe,
    0x68, 0x7f, 0xff, 0x7f, 0xff, 0x9a, 0x1f, 0xff,
    0xdf, 0xff, 0xe6, 0x87, 0xff, 0xf7, 0xff, 0xf9,
    0xa1, 0xff, 0xfd, 0xff, 0xfe, 0x68, 0x7f, 0xff,
    0x7f, 0xff, 0x9a, 0x1f, 0xff, 0xdf, 0xff, 0xe6,
    0x87, 0xff, 0xf7, 0xff, 0xf9, 0xa1, 0xff, 0xfd,
    0xff, 0xfe, 0x68, 0x7f, 0xff, 0x7f, 0xff, 0x9a,
    0x1f, 0xff, 0xdf, 0xff, 0xe6, 0x87, 0xff, 0xf7,
    0xff, 0xf9, 0xa1, 0xff, 0xfd, 0xff, 0xfe, 0x68,
    0x7f, 0xff, 0x7f, 0xff, 0x9a, 0x1f, 0xff, 0xdf,
    0xff, 0xe6, 0x87, 0xff, 0xf7, 0xff, 0xf9, 0xa1,
    0xff, 0xfd, 0xff, 0xfe, 0x68, 0x7f, 0xff, 0x7f,
    0xff, 0x9a, 0x1f, 0xff, 0xdf, 0xff, 0xe6, 0x87,
    0xff, 0xf7, 0xff, 0xf9, 0xa1, 0xff, 0xfd, 0xff,
    0xfe, 0x68, 0x7f, 0xff, 0x7f, 0xff, 0x9a, 0x1f,
    0xff, 0xdf, 0xff, 0xe6, 0x87, 0xff, 0xf7, 0xff,
    0xf9, 0xa1, 0xff, 0xfd, 0xff, 0xfe, 0x68, 0x7f,
    0xff, 0x7f, 0xff, 0x9a, 0x1f, 0xff, 0xdf, 0xff,
    0xe6, 0x87, 0xff, 0xf7, 0xff, 0xf9, 0xa1, 0xff,
    0xfd, 0xff, 0xfe, 0x68, 0x7f, 0xff, 0x7f, 0xff,
    0x9a, 0x1f, 0xff, 0xdf, 0xff, 0xe6, 0x87, 0xff,
    0xf7, 0xff, 0xf9, 0xa1, 0xff, 0xfd, 0xff, 0xfe,
    0x68, 0x7f, 0xff, 0x7f, 0xff, 0x9a, 0x1f, 0xff,
    0xdf, 0xff, 0xe6, 0x87, 0xff, 0xf7, 0xff, 0xf9,
    0xa1, 0xff, 0xfd, 0xff, 0xfe, 0x68, 0x7f, 0xff,
    0x7f, 0xff, 0x9a, 0x1f, 0xff, 0xdf, 0xff, 0xe6,
    0x87, 0xff, 0xf6, 0xbf, 0xf9, 0xa1, 0xff, 0xfc,

    /* U+0047 "G" */
    0xf, 0xff, 0x92, 0xaa, 0xff, 0xfe, 0x5, 0x4a,
    0xf, 0xff, 0xf8, 0x7f, 0xf4, 0x15, 0x7f, 0xff,
    0x42, 0x43, 0xff, 0xfe, 0x1f, 0xfc, 0x76, 0xff,
    0xfe, 0xd4, 0x1f, 0xff, 0xf0, 0xff, 0xe0, 0x37,
    0xff, 0xf8, 0x24, 0x3f, 0xff, 0xe1, 0xcd, 0xff,
    0xfe, 0x69, 0xf, 0xff, 0xfd, 0xff, 0xfe, 0xc4,
    0x3f, 0xff, 0x77, 0xff, 0xfc, 0x20, 0xff, 0xfb,
    0x3f, 0xff, 0xf5, 0x83, 0xff, 0xe7, 0xff, 0xff,
    0x98, 0x3f, 0xfd, 0xf7, 0xff, 0xff, 0x20, 0xff,
    0xf5, 0xbf, 0xff, 0xff, 0xd0, 0xff, 0xf4, 0x7f,
    0xff, 0xff, 0xf8, 0x3f, 0xfc, 0xb7, 0xff, 0xff,
    0xff, 0xe4, 0x3f, 0xfc, 0x5f, 0xff, 0xff, 0xff,
    0xf4, 0x1f, 0xfd, 0xf7, 0xff, 0xff, 0xff, 0xff,
    0xc1, 0xf, 0xfe, 0xed, 0xff, 0xff, 0xff, 0xff,
    0xe1, 0xa1, 0xff, 0xda, 0xbf, 0xff, 0xff, 0xff,
    0xfc, 0x58, 0x3f, 0xfb, 0x1f, 0xff, 0xff, 0xff,
    0xfe, 0x44, 0x1f, 0xfd, 0x6f, 0xff, 0xff, 0xff,
    0xff, 0x2a, 0xf, 0xfe, 0xa7, 0xff, 0xff, 0xff,
    0xff, 0x99, 0x7, 0xff, 0x4b, 0xff, 0xff, 0xff,
    0xff, 0xce, 0x83, 0xff, 0xa1, 0xff, 0xff, 0xff,
    0xff, 0xe8, 0x21, 0xff, 0xce, 0xff, 0xff, 0xff,
    0xff, 0xf4, 0x43, 0xff, 0x9d, 0xff, 0xfe, 0x2a,
    0x28, 0x3f, 0xca, 0xbf, 0xff, 0xba, 0x1f, 0xfc,
    0xeb, 0xff, 0xfb, 0xd2, 0x1f, 0xfc, 0xa6, 0xff,
    0xfe, 0xb8, 0x7f, 0xf3, 0xaf, 0xff, 0xee, 0x41,
    0xff, 0xd2, 0x7f, 0xff, 0xa6, 0x1f, 0xfc, 0xe7,
    0xff, 0xfb, 0x52, 0x1f, 0xfd, 0x66, 0xff, 0xfe,
    0x78, 0x7f, 0xf3, 0xff, 0xff, 0xb3, 0x7, 0xff,
    0x72, 0xff, 0xfe, 0x60, 0x7f, 0xf3, 0xff, 0xff,
    0xb2, 0x1f, 0xfe, 0xb, 0xff, 0xf9, 0x21, 0xff,
    0xcf, 0xbf, 0xff, 0xae, 0x87, 0xff, 0x89, 0xff,
    0xfe, 0x38, 0x7f, 0xf4, 0x3f, 0xff, 0xad, 0x7,
    0xff, 0x9a, 0xff, 0xfe, 0x20, 0x7f, 0xf4, 0x3f,
    0xff, 0xac, 0x87, 0xff, 0xa1, 0xff, 0xfe, 0x10,
    0x7f, 0xf4, 0x2f, 0xff, 0xea, 0x87, 0xff, 0xb3,
    0xff, 0xf8, 0x1, 0xff, 0xd1, 0xff, 0xfe, 0xa4,
    0x1f, 0xfe, 0xeb, 0xff, 0x83, 0xff, 0xa3, 0x7f,
    0xff, 0x4e, 0xf, 0xff, 0x83, 0xff, 0x7, 0xff,
    0x45, 0xff, 0xfe, 0x9c, 0x1f, 0xff, 0x27, 0xf9,
    0xf, 0xfe, 0x8f, 0xff, 0xf4, 0xe0, 0xff, 0xfa,
    0x3f, 0x21, 0xff, 0xd1, 0x7f, 0xff, 0xa5, 0x7,
    0xff, 0xd9, 0xd0, 0xff, 0xe9, 0x7f, 0xff, 0x4c,
    0x3f, 0xff, 0xe1, 0xff, 0xcc, 0x7f, 0xff, 0xa4,
    0x1f, 0xff, 0xf0, 0xff, 0xe6, 0xff, 0xff, 0x48,
    0x3f, 0xff, 0xe1, 0xff, 0xcd, 0x7f, 0xff, 0xa2,
    0x87, 0xff, 0xfc, 0x3f, 0xf9, 0xb7, 0xff, 0xf4,
    0x20, 0xff, 0xff, 0x87, 0xff, 0x3b, 0xff, 0xfa,
    0x21, 0xff, 0xff, 0xf, 0xfe, 0x75, 0xff, 0xfd,
    0x4, 0x3f, 0xff, 0xe1, 0xff, 0xce, 0xff, 0xfe,
    0x88, 0x7f, 0xff, 0xc3, 0xff, 0x9c, 0xff, 0xff,
    0x41, 0xf, 0xff, 0xf8, 0x7f, 0xf3, 0xaf, 0xff,
    0xe7, 0xc1, 0xff, 0xff, 0xf, 0xfe, 0x7f, 0xff,
    0xf4, 0x3, 0xff, 0xfe, 0x1f, 0xfc, 0xf7, 0xff,
    0xf9, 0xf0, 0x7f, 0xff, 0xc3, 0xff, 0x9f, 0x7f,
    0xff, 0x3d, 0xf, 0xff, 0xf8, 0x7f, 0xf3, 0xff,
    0xff, 0xa0, 0x1f, 0xff, 0xf0, 0xff, 0xe8, 0x7f,
    0xff, 0x3d, 0xf, 0xff, 0xf8, 0x7f, 0xf3, 0xdf,
    0xff, 0xe7, 0x87, 0xff, 0xfc, 0x3f, 0xfa, 0x17,
    0xff, 0xf3, 0xa0, 0xff, 0xff, 0x87, 0xff, 0x43,
    0xff, 0xf9, 0xe8, 0x7f, 0xff, 0xc3, 0xff, 0xa1,
    0xff, 0xfc, 0xf0, 0xff, 0xff, 0x87, 0xff, 0x41,
    0xff, 0xfe, 0x74, 0x1f, 0xff, 0xf0, 0xff, 0xe8,
    0x5f, 0xff, 0xce, 0x43, 0xff, 0xfe, 0x1f, 0xfd,
    0xb, 0xff, 0xf9, 0xc1, 0xff, 0xff, 0xf, 0xfe,
    0x8f, 0xff, 0xf3, 0xc3, 0xff, 0xfe, 0x1f, 0xfd,
    0x1f, 0xff, 0xe7, 0x41, 0xff, 0xff, 0xf, 0xfe,
    0x8f, 0xff, 0xf3, 0x90, 0xff, 0xff, 0x87, 0xff,
    0x41, 0xff, 0xfe, 0x70, 0x7f, 0xff, 0xc3, 0xff,
    0xa2, 0xff, 0xff, 0x38, 0x3f, 0xff, 0xe1, 0xff,
    0xd1, 0xbf, 0xff, 0x9c, 0x1f, 0xff, 0xf0, 0xff,
    0xe8, 0xdf, 0xff, 0xcd, 0x83, 0xff, 0xfe, 0x1f,
    0xfd, 0x1f, 0xff, 0xe7, 0x41, 0xff, 0xff, 0xf,
    0xfe, 0x8f, 0xff, 0xf3, 0x90, 0xff, 0xff, 0x87,
    0xff, 0x47, 0xff, 0xf9, 0xc8, 0x7f, 0xff, 0xc3,
    0xff, 0xa3, 0xff, 0xfc, 0xe4, 0x3f, 0xff, 0xe1,
    0xff, 0xd1, 0xff, 0xfe, 0x70, 0x7f, 0xff, 0xc3,
    0xff, 0xa5, 0xff, 0xfc, 0xe0, 0xff, 0xf0, 0x7f,
    0xff, 0xc0, 0xff, 0xfe, 0x70, 0x7f, 0xf8, 0x3f,
    0xff, 0xe0, 0x7f, 0xff, 0x38, 0x3f, 0xfc, 0x1f,
    0xff, 0xf0, 0x3f, 0xff, 0x9c, 0x1f, 0xfe, 0xf,
    0xff, 0xf8, 0x1f, 0xff, 0xce, 0xf, 0xff, 0x7,
    0xff, 0xfc, 0xf, 0xff, 0xe7, 0x7, 0xff, 0x83,
    0xff, 0xfe, 0x7, 0xff, 0xf3, 0x83, 0xff, 0xc1,
    0xff, 0xff, 0x3, 0xff, 0xf9, 0xc1, 0xff, 0xe0,
    0xff, 0xff, 0x81, 0xff, 0xfc, 0xe0, 0xff, 0xf0,
    0x7f, 0xff, 0xc0, 0xff, 0xfe, 0x70, 0x7f, 0xf8,
    0x3f, 0xff, 0xe0, 0x7f, 0xff, 0x38, 0x3f, 0xfc,
    0x1f, 0xff, 0xf0, 0x3f, 0xff, 0x9c, 0x87, 0xff,
    0x7f, 0xff, 0xfe, 0x7, 0xff, 0xf3, 0x90, 0xff,
    0xef, 0xff, 0xff, 0xc0, 0xff, 0xfe, 0x74, 0x1f,
    0xfd, 0xff, 0xff, 0xf8, 0x17, 0xff, 0xf3, 0x60,
    0xff, 0xef, 0xff, 0xff, 0xc0, 0xbf, 0xff, 0x9c,
    0x1f, 0xfd, 0xff, 0xff, 0xf8, 0xf, 0xff, 0xf3,
    0x83, 0xff, 0xbf, 0xff, 0xff, 0x1, 0xff, 0xfe,
    0x70, 0x7f, 0xf7, 0xff, 0xff, 0xe0, 0xf, 0xff,
    0xe7, 0x21, 0xff, 0xde, 0xff, 0xff, 0x80, 0x3f,
    0xff, 0x9c, 0x87, 0xff, 0x7b, 0xff, 0xfe, 0x0,
    0xff, 0xfe, 0x74, 0x1f, 0xfd, 0xef, 0xff, 0xf8,
    0x3, 0xff, 0xf9, 0xe1, 0xff, 0xde, 0xbf, 0xff,
    0xde, 0xb, 0xff, 0xf9, 0xc1, 0xff, 0xff, 0x5,
    0xff, 0xfc, 0xc0, 0x3f, 0xff, 0xce, 0x43, 0xff,
    0xfe, 0x5f, 0xff, 0xcc, 0xb, 0xff, 0xf9, 0xe1,
    0xff, 0xff, 0x2f, 0xff, 0xe6, 0x5, 0xff, 0xfc,
    0xf0, 0xff, 0xff, 0x97, 0xff, 0xf3, 0x2, 0xbf,
    0xff, 0x9c, 0x87, 0xff, 0xfe, 0xff, 0xfe, 0x60,
    0x4f, 0xff, 0xf3, 0xc3, 0xff, 0xff, 0x7f, 0xff,
    0x30, 0x37, 0xff, 0xf3, 0xc3, 0xff, 0xff, 0x7f,
    0xff, 0x30, 0x37, 0xff, 0xf3, 0xe0, 0xff, 0xff,
    0x5f, 0xff, 0xcc, 0xd, 0x7f, 0xff, 0x3c, 0x3f,
    0xff, 0xd7, 0xff, 0xf3, 0x3, 0x3f, 0xff, 0xcf,
    0x43, 0xff, 0xfb, 0x7f, 0xff, 0x30, 0x3b, 0xff,
    0xfa, 0x1, 0xff, 0xfd, 0xbf, 0xff, 0x98, 0x1d,
    0x7f, 0xff, 0x3d, 0xf, 0xff, 0xe5, 0xff, 0xfc,
    0xc0, 0xe7, 0xff, 0xfa, 0x1, 0xff, 0xfc, 0xbf,
    0xff, 0x98, 0x1e, 0xff, 0xfe, 0x82, 0x1f, 0xff,
    0xbb, 0xff, 0xf9, 0x81, 0xeb, 0xff, 0xfa, 0x1,
    0xff, 0xfb, 0xbf, 0xff, 0x98, 0x1f, 0x7f, 0xff,
    0x42, 0xf, 0xff, 0xd5, 0xff, 0xfc, 0xc0, 0xfb,
    0xff, 0xfa, 0x21, 0xff, 0xfa, 0xbf, 0xff, 0x98,
    0x1f, 0x3f, 0xff, 0xd1, 0xf, 0xff, 0xcd, 0xff,
    0xfc, 0xc0, 0xfd, 0xff, 0xfd, 0x18, 0x3f, 0xff,
    0x17, 0xff, 0xf3, 0x3, 0xf3, 0xff, 0xfd, 0x14,
    0x3f, 0xfe, 0xf7, 0xff, 0xf3, 0x3, 0xfb, 0xff,
    0xfa, 0x41, 0xff, 0xf7, 0xbf, 0xff, 0x98, 0x1f,
    0xcf, 0xff, 0xf4, 0x83, 0xff, 0xed, 0x7f, 0xff,
    0x30, 0x3f, 0xdf, 0xff, 0xd3, 0xf, 0xff, 0xad,
    0xff, 0xfc, 0xc0, 0xff, 0x3f, 0xff, 0xd3, 0xf,
    0xff, 0xa5, 0xff, 0xfc, 0xc0, 0xff, 0xbf, 0xff,
    0xa8, 0x1f, 0xff, 0x3f, 0xff, 0xe6, 0x87, 0xff,
    0x3, 0xff, 0xfa, 0x81, 0xff, 0xf1, 0xff, 0xfe,
    0x70, 0x7f, 0xf0, 0x2f, 0xff, 0xea, 0x7, 0xff,
    0xbf, 0xff, 0xf9, 0xe1, 0xff, 0xc1, 0xff, 0xfe,
    0xaa, 0x1f, 0xfe, 0xcf, 0xff, 0xe8, 0x7, 0xff,
    0x5, 0xff, 0xfe, 0xac, 0x1f, 0xfe, 0x97, 0xff,
    0xfa, 0x21, 0xff, 0xc2, 0xbf, 0xff, 0xac, 0x87,
    0xff, 0x9a, 0xff, 0xfe, 0x90, 0x7f, 0xf0, 0xff,
    0xff, 0xaf, 0x7, 0xff, 0x8e, 0xff, 0xfe, 0xa0,
    0x7f, 0xf0, 0xdf, 0xff, 0xec, 0x41, 0xff, 0xdf,
    0xbf, 0xff, 0xac, 0x1f, 0xfc, 0x4b, 0xff, 0xfb,
    0x30, 0x7f, 0xf6, 0x9f, 0xff, 0xec, 0x87, 0xff,
    0x17, 0xff, 0xfb, 0x72, 0x1f, 0xfd, 0x46, 0xff,
    0xfe, 0xd8, 0x7f, 0xf1, 0xbf, 0xff, 0xbb, 0x21,
    0xff, 0xcd, 0x6f, 0xff, 0xef, 0x21, 0xff, 0xc7,
    0xff, 0xff, 0x5, 0x10, 0xff, 0xe1, 0x2a, 0x9f,
    0xff, 0xe1, 0x83, 0xff, 0x90, 0xff, 0xff, 0xff,
    0xff, 0xfa, 0xb0, 0x7f, 0xf2, 0x9f, 0xff, 0xff,
    0xff, 0xff, 0x50, 0x3f, 0xf9, 0x8f, 0xff, 0xff,
    0xff, 0xff, 0xa4, 0x1f, 0xfc, 0xe7, 0xff, 0xff,
    0xff, 0xff, 0xd0, 0xf, 0xfe, 0x83, 0xff, 0xff,
    0xff, 0xff, 0xe7, 0x7, 0xff, 0x49, 0xff, 0xff,
    0xff, 0xff, 0xf3, 0x3, 0xff, 0xab, 0xff, 0xff,
    0xff, 0xff, 0xe4, 0xc1, 0xff, 0xd7, 0xff, 0xff,
    0xff, 0xff, 0xf1, 0xd0, 0xff, 0xec, 0xdf, 0xff,
    0xff, 0xff, 0xfe, 0x22, 0x1f, 0xfd, 0xb7, 0xff,
    0xff, 0xff, 0xff, 0xc1, 0x83, 0xff, 0xbf, 0xff,
    0xff, 0xff, 0xff, 0x90, 0xff, 0xf0, 0xdf, 0xff,
    0xff, 0xff, 0xa0, 0xff, 0xf2, 0xff, 0xff, 0xff,
    0xf9, 0xf, 0xff, 0x3b, 0xff, 0xff, 0xfd, 0xf,
    0xff, 0x5d, 0xff, 0xff, 0xc8, 0x3f, 0xfd, 0xf7,
    0xff, 0xfe, 0x10, 0xff, 0xf9, 0xdf, 0xff, 0xf4,
    0x43, 0xff, 0xee, 0xff, 0xff, 0xbe, 0xf, 0xff,
    0xe3, 0x7f, 0xff, 0xa6, 0x43, 0xff, 0xfe, 0x6,
    0xff, 0xff, 0x1c, 0x87, 0xff, 0xfc, 0x3f, 0x37,
    0xff, 0xf7, 0x24, 0x3f, 0xff, 0xe1, 0xff, 0xc4,
    0x69, 0xff, 0xfd, 0x29, 0x41, 0xff, 0xff, 0xf,
    0xfe, 0x72, 0xaa, 0xff, 0xfe, 0xd, 0x4a, 0xf,
    0xff, 0x18,

    /* U+0048 "H" */
    0x3f, 0xff, 0x9a, 0x1f, 0xff, 0x8b, 0xff, 0xf9,
    0xa7, 0xff, 0xf3, 0x43, 0xff, 0xf1, 0x7f, 0xff,
    0x34, 0xff, 0xfe, 0x68, 0x7f, 0xfe, 0x2f, 0xff,
    0xe6, 0x9f, 0xff, 0xcd, 0xf, 0xff, 0xc5, 0xff,
    0xfc, 0xd3, 0xff, 0xf9, 0xa1, 0xff, 0xf8, 0xbf,
    0xff, 0x9a, 0x7f, 0xff, 0x34, 0x3f, 0xff, 0x17,
    0xff, 0xf3, 0x4f, 0xff, 0xe6, 0x87, 0xff, 0xe2,
    0xff, 0xfe, 0x69, 0xff, 0xfc, 0xd0, 0xff, 0xfc,
    0x5f, 0xff, 0xcd, 0x3f, 0xff, 0x9a, 0x1f, 0xff,
    0x8b, 0xff, 0xf9, 0xa7, 0xff, 0xf3, 0x43, 0xff,
    0xf1, 0x7f, 0xff, 0x34, 0xff, 0xfe, 0x68, 0x7f,
    0xfe, 0x2f, 0xff, 0xe6, 0x9f, 0xff, 0xcd, 0xf,
    0xff, 0xc5, 0xff, 0xfc, 0xd3, 0xff, 0xf9, 0xa1,
    0xff, 0xf8, 0xbf, 0xff, 0x9a, 0x7f, 0xff, 0x34,
    0x3f, 0xff, 0x17, 0xff, 0xf3, 0x4f, 0xff, 0xe6,
    0x87, 0xff, 0xe2, 0xff, 0xfe, 0x69, 0xff, 0xfc,
    0xd0, 0xff, 0xfc, 0x5f, 0xff, 0xcd, 0x3f, 0xff,
    0x9a, 0x1f, 0xff, 0x8b, 0xff, 0xf9, 0xa7, 0xff,
    0xf3, 0x43, 0xff, 0xf1, 0x7f, 0xff, 0x34, 0xff,
    0xfe, 0x68, 0x7f, 0xfe, 0x2f, 0xff, 0xe6, 0x9f,
    0xff, 0xcd, 0xf, 0xff, 0xc5, 0xff, 0xfc, 0xd3,
    0xff, 0xf9, 0xa1, 0xff, 0xf8, 0xbf, 0xff, 0x9a,
    0x7f, 0xff, 0x34, 0x3f, 0xff, 0x17, 0xff, 0xf3,
    0x4f, 0xff, 0xe6, 0x87, 0xff, 0xe2, 0xff, 0xfe,
    0x69, 0xff, 0xfc, 0xd0, 0xff, 0xfc, 0x5f, 0xff,
    0xcd, 0x3f, 0xff, 0x9a, 0x1f, 0xff, 0x8b, 0xff,
    0xf9, 0xa7, 0xff, 0xf3, 0x43, 0xff, 0xf1, 0x7f,
    0xff, 0x34, 0xff, 0xfe, 0x68, 0x7f, 0xfe, 0x2f,
    0xff, 0xe6, 0x9f, 0xff, 0xcd, 0xf, 0xff, 0xc5,
    0xff, 0xfc, 0xd3, 0xff, 0xf9, 0xa1, 0xff, 0xf8,
    0xbf, 0xff, 0x9a, 0x7f, 0xff, 0x34, 0x3f, 0xff,
    0x17, 0xff, 0xf3, 0x4f, 0xff, 0xe6, 0x87, 0xff,
    0xe2, 0xff, 0xfe, 0x69, 0xff, 0xfc, 0xd0, 0xff,
    0xfc, 0x5f, 0xff, 0xcd, 0x3f, 0xff, 0x9a, 0x1f,
    0xff, 0x8b, 0xff, 0xf9, 0xa7, 0xff, 0xf3, 0x43,
    0xff, 0xf1, 0x7f, 0xff, 0x34, 0xff, 0xfe, 0x68,
    0x7f, 0xfe, 0x2f, 0xff, 0xe6, 0x9f, 0xff, 0xcd,
    0xf, 0xff, 0xc5, 0xff, 0xfc, 0xd3, 0xff, 0xf9,
    0xa1, 0xff, 0xf8, 0xbf, 0xff, 0x9a, 0x7f, 0xff,
    0x34, 0x3f, 0xff, 0x17, 0xff, 0xf3, 0x4f, 0xff,
    0xe6, 0x87, 0xff, 0xe2, 0xff, 0xfe, 0x69, 0xff,
    0xfc, 0xd0, 0xff, 0xfc, 0x5f, 0xff, 0xcd, 0x3f,
    0xff, 0x9a, 0x1f, 0xff, 0x8b, 0xff, 0xf9, 0xa7,
    0xff, 0xf3, 0x43, 0xff, 0xf1, 0x7f, 0xff, 0x34,
    0xff, 0xfe, 0x68, 0x7f, 0xfe, 0x2f, 0xff, 0xe6,
    0x9f, 0xff, 0xcd, 0xf, 0xff, 0xc5, 0xff, 0xfc,
    0xd3, 0xff, 0xf9, 0xa1, 0xff, 0xf8, 0xbf, 0xff,
    0x9a, 0x7f, 0xff, 0x34, 0x3f, 0xff, 0x17, 0xff,
    0xf3, 0x4f, 0xff, 0xe6, 0x87, 0xff, 0xe2, 0xff,
    0xfe, 0x69, 0xff, 0xfc, 0xd0, 0xff, 0xfc, 0x5f,
    0xff, 0xcd, 0x3f, 0xff, 0x9a, 0x1f, 0xff, 0x8b,
    0xff, 0xf9, 0xa7, 0xff, 0xf3, 0x43, 0xff, 0xf1,
    0x7f, 0xff, 0x34, 0xff, 0xfe, 0x68, 0x7f, 0xfe,
    0x2f, 0xff, 0xe6, 0x9f, 0xff, 0xcd, 0xf, 0xff,
    0xc5, 0xff, 0xfc, 0xd3, 0xff, 0xf9, 0xa1, 0xff,
    0xf8, 0xbf, 0xff, 0x9a, 0x7f, 0xff, 0x34, 0x3f,
    0xff, 0x17, 0xff, 0xf3, 0x4f, 0xff, 0xe6, 0x87,
    0xff, 0xe2, 0xff, 0xfe, 0x69, 0xff, 0xfc, 0xd0,
    0xff, 0xfc, 0x5f, 0xff, 0xcd, 0x3f, 0xff, 0x9a,
    0x1f, 0xff, 0x8b, 0xff, 0xf9, 0xa7, 0xff, 0xf3,
    0x43, 0xff, 0xf1, 0x7f, 0xff, 0x34, 0xff, 0xfe,
    0x68, 0x7f, 0xfe, 0x2f, 0xff, 0xe6, 0x9f, 0xff,
    0xcd, 0xf, 0xff, 0xc5, 0xff, 0xfc, 0xd3, 0xff,
    0xf9, 0xa8, 0x7f, 0xfd, 0xef, 0xff, 0xe6, 0x9f,
    0xff, 0xff, 0xff, 0xff, 0x1, 0xff, 0xff, 0xff,
    0xff, 0xf0, 0x1f, 0xff, 0xff, 0xff, 0xff, 0x1,
    0xff, 0xff, 0xff, 0xff, 0xf0, 0x1f, 0xff, 0xff,
    0xff, 0xff, 0x1, 0xff, 0xff, 0xff, 0xff, 0xf0,
    0x1f, 0xff, 0xff, 0xff, 0xff, 0x1, 0xff, 0xff,
    0xff, 0xff, 0xf0, 0x1f, 0xff, 0xff, 0xff, 0xff,
    0x1, 0xff, 0xff, 0xff, 0xff, 0xf0, 0x1f, 0xff,
    0xff, 0xff, 0xff, 0x1, 0xff, 0xff, 0xff, 0xff,
    0xf0, 0x1f, 0xff, 0xff, 0xff, 0xff, 0x1, 0xff,
    0xff, 0xff, 0xff, 0xf0, 0x1f, 0xff, 0xff, 0xff,
    0xff, 0x1, 0xff, 0xff, 0xff, 0xff, 0xf0, 0x1f,
    0xff, 0xff, 0xff, 0xff, 0x1, 0xff, 0xff, 0xff,
    0xff, 0xf0, 0x1f, 0xff, 0xff, 0xff, 0xff, 0x1,
    0xff, 0xff, 0xff, 0xff, 0xf0, 0x1f, 0xff, 0xff,
    0xff, 0xff, 0x1, 0xff, 0xff, 0xff, 0xff, 0xf0,
    0x1f, 0xff, 0xcd, 0xf, 0xff, 0xc5, 0xff, 0xfc,
    0xd3, 0xff, 0xf9, 0xa1, 0xff, 0xf8, 0xbf, 0xff,
    0x9a, 0x7f, 0xff, 0x34, 0x3f, 0xff, 0x17, 0xff,
    0xf3, 0x4f, 0xff, 0xe6, 0x87, 0xff, 0xe2, 0xff,
    0xfe, 0x69, 0xff, 0xfc, 0xd0, 0xff, 0xfc, 0x5f,
    0xff, 0xcd, 0x3f, 0xff, 0x9a, 0x1f, 0xff, 0x8b,
    0xff, 0xf9, 0xa7, 0xff, 0xf3, 0x43, 0xff, 0xf1,
    0x7f, 0xff, 0x34, 0xff, 0xfe, 0x68, 0x7f, 0xfe,
    0x2f, 0xff, 0xe6, 0x9f, 0xff, 0xcd, 0xf, 0xff,
    0xc5, 0xff, 0xfc, 0xd3, 0xff, 0xf9, 0xa1, 0xff,
    0xf8, 0xbf, 0xff, 0x9a, 0x7f, 0xff, 0x34, 0x3f,
    0xff, 0x17, 0xff, 0xf3, 0x4f, 0xff, 0xe6, 0x87,
    0xff, 0xe2, 0xff, 0xfe, 0x69, 0xff, 0xfc, 0xd0,
    0xff, 0xfc, 0x5f, 0xff, 0xcd, 0x3f, 0xff, 0x9a,
    0x1f, 0xff, 0x8b, 0xff, 0xf9, 0xa7, 0xff, 0xf3,
    0x43, 0xff, 0xf1, 0x7f, 0xff, 0x34, 0xff, 0xfe,
    0x68, 0x7f, 0xfe, 0x2f, 0xff, 0xe6, 0x9f, 0xff,
    0xcd, 0xf, 0xff, 0xc5, 0xff, 0xfc, 0xd3, 0xff,
    0xf9, 0xa1, 0xff, 0xf8, 0xbf, 0xff, 0x9a, 0x7f,
    0xff, 0x34, 0x3f, 0xff, 0x17, 0xff, 0xf3, 0x4f,
    0xff, 0xe6, 0x87, 0xff, 0xe2, 0xff, 0xfe, 0x69,
    0xff, 0xfc, 0xd0, 0xff, 0xfc, 0x5f, 0xff, 0xcd,
    0x3f, 0xff, 0x9a, 0x1f, 0xff, 0x8b, 0xff, 0xf9,
    0xa7, 0xff, 0xf3, 0x43, 0xff, 0xf1, 0x7f, 0xff,
    0x34, 0xff, 0xfe, 0x68, 0x7f, 0xfe, 0x2f, 0xff,
    0xe6, 0x9f, 0xff, 0xcd, 0xf, 0xff, 0xc5, 0xff,
    0xfc, 0xd3, 0xff, 0xf9, 0xa1, 0xff, 0xf8, 0xbf,
    0xff, 0x9a, 0x7f, 0xff, 0x34, 0x3f, 0xff, 0x17,
    0xff, 0xf3, 0x4f, 0xff, 0xe6, 0x87, 0xff, 0xe2,
    0xff, 0xfe, 0x69, 0xff, 0xfc, 0xd0, 0xff, 0xfc,
    0x5f, 0xff, 0xcd, 0x3f, 0xff, 0x9a, 0x1f, 0xff,
    0x8b, 0xff, 0xf9, 0xa7, 0xff, 0xf3, 0x43, 0xff,
    0xf1, 0x7f, 0xff, 0x34, 0xff, 0xfe, 0x68, 0x7f,
    0xfe, 0x2f, 0xff, 0xe6, 0x9f, 0xff, 0xcd, 0xf,
    0xff, 0xc5, 0xff, 0xfc, 0xd3, 0xff, 0xf9, 0xa1,
    0xff, 0xf8, 0xbf, 0xff, 0x9a, 0x7f, 0xff, 0x34,
    0x3f, 0xff, 0x17, 0xff, 0xf3, 0x4f, 0xff, 0xe6,
    0x87, 0xff, 0xe2, 0xff, 0xfe, 0x69, 0xff, 0xfc,
    0xd0, 0xff, 0xfc, 0x5f, 0xff, 0xcd, 0x3f, 0xff,
    0x9a, 0x1f, 0xff, 0x8b, 0xff, 0xf9, 0xa7, 0xff,
    0xf3, 0x43, 0xff, 0xf1, 0x7f, 0xff, 0x34, 0xff,
    0xfe, 0x68, 0x7f, 0xfe, 0x2f, 0xff, 0xe6, 0x9f,
    0xff, 0xcd, 0xf, 0xff, 0xc5, 0xff, 0xfc, 0xd3,
    0xff, 0xf9, 0xa1, 0xff, 0xf8, 0xbf, 0xff, 0x9a,
    0x7f, 0xff, 0x34, 0x3f, 0xff, 0x17, 0xff, 0xf3,
    0x4f, 0xff, 0xe6, 0x87, 0xff, 0xe2, 0xff, 0xfe,
    0x69, 0xff, 0xfc, 0xd0, 0xff, 0xfc, 0x5f, 0xff,
    0xcd, 0x3f, 0xff, 0x9a, 0x1f, 0xff, 0x8b, 0xff,
    0xf9, 0xa7, 0xff, 0xf3, 0x43, 0xff, 0xf1, 0x7f,
    0xff, 0x34, 0xff, 0xfe, 0x68, 0x7f, 0xfe, 0x2f,
    0xff, 0xe6, 0x9f, 0xff, 0xcd, 0xf, 0xff, 0xc5,
    0xff, 0xfc, 0xd3, 0xff, 0xf9, 0xa1, 0xff, 0xf8,
    0xbf, 0xff, 0x9a, 0x7f, 0xff, 0x34, 0x3f, 0xff,
    0x17, 0xff, 0xf3, 0x4f, 0xff, 0xe6, 0x87, 0xff,
    0xe2, 0xff, 0xfe, 0x69, 0xff, 0xfc, 0xd0, 0xff,
    0xfc, 0x5f, 0xff, 0xcd, 0x3f, 0xff, 0x9a, 0x1f,
    0xff, 0x8b, 0xff, 0xf9, 0xa7, 0xff, 0xf3, 0x43,
    0xff, 0xf1, 0x7f, 0xff, 0x34, 0xff, 0xfe, 0x68,
    0x7f, 0xfe, 0x2f, 0xff, 0xe6, 0x9f, 0xff, 0xcd,
    0xf, 0xff, 0xc5, 0xff, 0xfc, 0xd3, 0xff, 0xf9,
    0xa1, 0xff, 0xf8, 0xbf, 0xff, 0x9a, 0x7f, 0xff,
    0x34, 0x3f, 0xff, 0x17, 0xff, 0xf3, 0x4f, 0xff,
    0xe6, 0x87, 0xff, 0xe2, 0xff, 0xfe, 0x69, 0xff,
    0xfc, 0xd0, 0xff, 0xfc, 0x5f, 0xff, 0xcd, 0x3f,
    0xff, 0x9a, 0x1f, 0xff, 0x8b, 0xff, 0xf9, 0xa7,
    0xff, 0xf3, 0x43, 0xff, 0xf1, 0x7f, 0xff, 0x34,
    0xff, 0xfe, 0x68, 0x7f, 0xfe, 0x2f, 0xff, 0xe6,
    0x80,

    /* U+0049 "I" */
    0x3f, 0xff, 0x9a, 0xf, 0xff, 0xe6, 0x83, 0xff,
    0xf9, 0xa0, 0xff, 0xfe, 0x68, 0x3f, 0xff, 0x9a,
    0xf, 0xff, 0xe6, 0x83, 0xff, 0xf9, 0xa0, 0xff,
    0xfe, 0x68, 0x3f, 0xff, 0x9a, 0xf, 0xff, 0xe6,
    0x83, 0xff, 0xf9, 0xa0, 0xff, 0xfe, 0x68, 0x3f,
    0xff, 0x9a, 0xf, 0xff, 0xe6, 0x83, 0xff, 0xf9,
    0xa0, 0xff, 0xfe, 0x68, 0x3f, 0xff, 0x9a, 0xf,
    0xff, 0xe6, 0x83, 0xff, 0xf9, 0xa0, 0xff, 0xfe,
    0x68, 0x3f, 0xff, 0x9a, 0xf, 0xff, 0xe6, 0x83,
    0xff, 0xf9, 0xa0, 0xff, 0xfe, 0x68, 0x3f, 0xff,
    0x9a, 0xf, 0xff, 0xe6, 0x83, 0xff, 0xf9, 0xa0,
    0xff, 0xfe, 0x68, 0x3f, 0xff, 0x9a, 0xf, 0xff,
    0xe6, 0x83, 0xff, 0xf9, 0xa0, 0xff, 0xfe, 0x68,
    0x3f, 0xff, 0x9a, 0xf, 0xff, 0xe6, 0x83, 0xff,
    0xf9, 0xa0, 0xff, 0xfe, 0x68, 0x3f, 0xff, 0x9a,
    0xf, 0xff, 0xe6, 0x83, 0xff, 0xf9, 0xa0, 0xff,
    0xfe, 0x68, 0x3f, 0xff, 0x9a, 0xf, 0xff, 0xe6,
    0x83, 0xff, 0xf9, 0xa0, 0xff, 0xfe, 0x68, 0x3f,
    0xff, 0x9a, 0xf, 0xff, 0xe6, 0x83, 0xff, 0xf9,
    0xa0, 0xff, 0xfe, 0x68, 0x3f, 0xff, 0x9a, 0xf,
    0xff, 0xe6, 0x83, 0xff, 0xf9, 0xa0, 0xff, 0xfe,
    0x68, 0x3f, 0xff, 0x9a, 0xf, 0xff, 0xe6, 0x83,
    0xff, 0xf9, 0xa0, 0xff, 0xfe, 0x68, 0x3f, 0xff,
    0x9a, 0xf, 0xff, 0xe6, 0x83, 0xff, 0xf9, 0xa0,
    0xff, 0xfe, 0x68, 0x3f, 0xff, 0x9a, 0xf, 0xff,
    0xe6, 0x83, 0xff, 0xf9, 0xa0, 0xff, 0xfe, 0x68,
    0x3f, 0xff, 0x9a, 0xf, 0xff, 0xe6, 0x83, 0xff,
    0xf9, 0xa0, 0xff, 0xfe, 0x68, 0x3f, 0xff, 0x9a,
    0xf, 0xff, 0xe6, 0x83, 0xff, 0xf9, 0xa0, 0xff,
    0xfe, 0x68, 0x3f, 0xff, 0x9a, 0xf, 0xff, 0xe6,
    0x83, 0xff, 0xf9, 0xa0, 0xff, 0xfe, 0x68, 0x3f,
    0xff, 0x9a, 0xf, 0xff, 0xe6, 0x83, 0xff, 0xf9,
    0xa0, 0xff, 0xfe, 0x68, 0x3f, 0xff, 0x9a, 0xf,
    0xff, 0xe6, 0x83, 0xff, 0xf9, 0xa0, 0xff, 0xfe,
    0x68, 0x3f, 0xff, 0x9a, 0xf, 0xff, 0xe6, 0x83,
    0xff, 0xf9, 0xa0, 0xff, 0xfe, 0x68, 0x3f, 0xff,
    0x9a, 0xf, 0xff, 0xe6, 0x83, 0xff, 0xf9, 0xa0,
    0xff, 0xfe, 0x68, 0x3f, 0xff, 0x9a, 0xf, 0xff,
    0xe6, 0x83, 0xff, 0xf9, 0xa0, 0xff, 0xfe, 0x68,
    0x3f, 0xff, 0x9a, 0xf, 0xff, 0xe6, 0x83, 0xff,
    0xf9, 0xa0, 0xff, 0xfe, 0x68, 0x3f, 0xff, 0x9a,
    0xf, 0xff, 0xe6, 0x83, 0xff, 0xf9, 0xa0, 0xff,
    0xfe, 0x68, 0x3f, 0xff, 0x9a, 0xf, 0xff, 0xe6,
    0x83, 0xff, 0xf9, 0xa0, 0xff, 0xfe, 0x68, 0x3f,
    0xff, 0x9a, 0xf, 0xff, 0xe6, 0x83, 0xff, 0xf9,
    0xa0, 0xff, 0xfe, 0x68, 0x3f, 0xff, 0x9a, 0xf,
    0xff, 0xe6, 0x83, 0xff, 0xf9, 0xa0, 0xff, 0xfe,
    0x68, 0x3f, 0xff, 0x9a, 0xf, 0xff, 0xe6, 0x83,
    0xff, 0xf9, 0xa0, 0xff, 0xfe, 0x68, 0x3f, 0xff,
    0x9a, 0xf, 0xff, 0xe6, 0x83, 0xff, 0xf9, 0xa0,
    0xff, 0xfe, 0x68, 0x3f, 0xff, 0x9a, 0xf, 0xff,
    0xe6, 0x83, 0xff, 0xf9, 0xa0, 0xff, 0xfe, 0x68,
    0x3f, 0xff, 0x9a, 0xf, 0xff, 0xe6, 0x83, 0xff,
    0xf9, 0xa0, 0xff, 0xfe, 0x68, 0x3f, 0xff, 0x9a,
    0xf, 0xff, 0xe6, 0x83, 0xff, 0xf9, 0xa0, 0xff,
    0xfe, 0x68, 0x3f, 0xff, 0x9a, 0xf, 0xff, 0xe6,
    0x83, 0xff, 0xf9, 0xa0, 0xff, 0xfe, 0x68, 0x3f,
    0xff, 0x9a, 0xf, 0xff, 0xe6, 0x83, 0xff, 0xf9,
    0xa0, 0xff, 0xfe, 0x68, 0x3f, 0xff, 0x9a, 0xf,
    0xff, 0xe6, 0x83, 0xff, 0xf9, 0xa0,

    /* U+004A "J" */
    0xf, 0xff, 0x8f, 0xff, 0xf3, 0x50, 0xff, 0xf8,
    0xff, 0xff, 0x35, 0xf, 0xff, 0x8f, 0xff, 0xf3,
    0x50, 0xff, 0xf8, 0xff, 0xff, 0x35, 0xf, 0xff,
    0x8f, 0xff, 0xf3, 0x50, 0xff, 0xf8, 0xff, 0xff,
    0x35, 0xf, 0xff, 0x8f, 0xff, 0xf3, 0x50, 0xff,
    0xf8, 0xff, 0xff, 0x35, 0xf, 0xff, 0x8f, 0xff,
    0xf3, 0x50, 0xff, 0xf8, 0xff, 0xff, 0x35, 0xf,
    0xff, 0x8f, 0xff, 0xf3, 0x50, 0xff, 0xf8, 0xff,
    0xff, 0x35, 0xf, 0xff, 0x8f, 0xff, 0xf3, 0x50,
    0xff, 0xf8, 0xff, 0xff, 0x35, 0xf, 0xff, 0x8f,
    0xff, 0xf3, 0x50, 0xff, 0xf8, 0xff, 0xff, 0x35,
    0xf, 0xff, 0x8f, 0xff, 0xf3, 0x50, 0xff, 0xf8,
    0xff, 0xff, 0x35, 0xf, 0xff, 0x8f, 0xff, 0xf3,
    0x50, 0xff, 0xf8, 0xff, 0xff, 0x35, 0xf, 0xff,
    0x8f, 0xff, 0xf3, 0x50, 0xff, 0xf8, 0xff, 0xff,
    0x35, 0xf, 0xff, 0x8f, 0xff, 0xf3, 0x50, 0xff,
    0xf8, 0xff, 0xff, 0x35, 0xf, 0xff, 0x8f, 0xff,
    0xf3, 0x50, 0xff, 0xf8, 0xff, 0xff, 0x35, 0xf,
    0xff, 0x8f, 0xff, 0xf3, 0x50, 0xff, 0xf8, 0xff,
    0xff, 0x35, 0xf, 0xff, 0x8f, 0xff, 0xf3, 0x50,
    0xff, 0xf8, 0xff, 0xff, 0x35, 0xf, 0xff, 0x8f,
    0xff, 0xf3, 0x50, 0xff, 0xf8, 0xff, 0xff, 0x35,
    0xf, 0xff, 0x8f, 0xff, 0xf3, 0x50, 0xff, 0xf8,
    0xff, 0xff, 0x35, 0xf, 0xff, 0x8f, 0xff, 0xf3,
    0x50, 0xff, 0xf8, 0xff, 0xff, 0x35, 0xf, 0xff,
    0x8f, 0xff, 0xf3, 0x50, 0xff, 0xf8, 0xff, 0xff,
    0x35, 0xf, 0xff, 0x8f, 0xff, 0xf3, 0x50, 0xff,
    0xf8, 0xff, 0xff, 0x35, 0xf, 0xff, 0x8f, 0xff,
    0xf3, 0x50, 0xff, 0xf8, 0xff, 0xff, 0x35, 0xf,
    0xff, 0x8f, 0xff, 0xf3, 0x50, 0xff, 0xf8, 0xff,
    0xff, 0x35, 0xf, 0xff, 0x8f, 0xff, 0xf3, 0x50,
    0xff, 0xf8, 0xff, 0xff, 0x35, 0xf, 0xff, 0x8f,
    0xff, 0xf3, 0x50, 0xff, 0xf8, 0xff, 0xff, 0x35,
    0xf, 0xff, 0x8f, 0xff, 0xf3, 0x50, 0xff, 0xf8,
    0xff, 0xff, 0x35, 0xf, 0xff, 0x8f, 0xff, 0xf3,
    0x50, 0xff, 0xf8, 0xff, 0xff, 0x35, 0xf, 0xff,
    0x8f, 0xff, 0xf3, 0x50, 0xff, 0xf8, 0xff, 0xff,
    0x35, 0xf, 0xff, 0x8f, 0xff, 0xf3, 0x50, 0xff,
    0xf8, 0xff, 0xff, 0x35, 0xf, 0xff, 0x8f, 0xff,
    0xf3, 0x50, 0xff, 0xf8, 0xff, 0xff, 0x35, 0xf,
    0xff, 0x8f, 0xff, 0xf3, 0x50, 0xff, 0xf8, 0xff,
    0xff, 0x35, 0xf, 0xff, 0x8f, 0xff, 0xf3, 0x50,
    0xff, 0xf8, 0xff, 0xff, 0x35, 0xf, 0xff, 0x8f,
    0xff, 0xf3, 0x50, 0xff, 0xf8, 0xff, 0xff, 0x35,
    0xf, 0xff, 0x8f, 0xff, 0xf3, 0x50, 0xff, 0xf8,
    0xff, 0xff, 0x35, 0xf, 0xff, 0x8f, 0xff, 0xf3,
    0x50, 0xff, 0xf8, 0xff, 0xff, 0x35, 0xf, 0xff,
    0x8f, 0xff, 0xf3, 0x50, 0xff, 0xf8, 0xff, 0xff,
    0x35, 0xf, 0xff, 0x8f, 0xff, 0xf3, 0x50, 0xff,
    0xf8, 0xff, 0xff, 0x35, 0xf, 0xff, 0x8f, 0xff,
    0xf3, 0x50, 0xff, 0xf8, 0xff, 0xff, 0x35, 0xf,
    0xff, 0x8f, 0xff, 0xf3, 0x50, 0xff, 0xf8, 0xff,
    0xff, 0x35, 0xf, 0xff, 0x8f, 0xff, 0xf3, 0x50,
    0xff, 0xf8, 0xff, 0xff, 0x35, 0xf, 0xff, 0x8f,
    0xff, 0xf3, 0x50, 0xff, 0xf8, 0xff, 0xff, 0x35,
    0xf, 0xff, 0x8f, 0xff, 0xf3, 0x50, 0xff, 0xf8,
    0xff, 0xff, 0x35, 0xf, 0xff, 0x8f, 0xff, 0xf3,
    0x50, 0xff, 0xf8, 0xff, 0xff, 0x35, 0xf, 0xff,
    0x8f, 0xff, 0xf3, 0x50, 0xff, 0xf8, 0xff, 0xff,
    0x35, 0xf, 0xff, 0x8f, 0xff, 0xf3, 0x50, 0xff,
    0xf8, 0xff, 0xff, 0x35, 0xf, 0xff, 0x8f, 0xff,
    0xf3, 0x50, 0xff, 0xf8, 0xff, 0xff, 0x35, 0xf,
    0xff, 0x8f, 0xff, 0xf3, 0x50, 0xff, 0xf8, 0xff,
    0xff, 0x35, 0xf, 0xff, 0x8f, 0xff, 0xf3, 0x50,
    0xff, 0xf8, 0xff, 0xff, 0x35, 0xf, 0xff, 0x8f,
    0xff, 0xf3, 0x50, 0xff, 0xf8, 0xff, 0xff, 0x35,
    0xf, 0xff, 0x8f, 0xff, 0xf3, 0x50, 0xff, 0xf8,
    0xff, 0xff, 0x35, 0xf, 0xff, 0x8f, 0xff, 0xf3,
    0x50, 0xff, 0xf8, 0xff, 0xff, 0x35, 0xf, 0xff,
    0x8f, 0xff, 0xf3, 0x50, 0xff, 0xf8, 0xff, 0xff,
    0x35, 0xf, 0xff, 0x8f, 0xff, 0xf3, 0x50, 0xff,
    0xf8, 0xff, 0xff, 0x35, 0xf, 0xff, 0x8f, 0xff,
    0xf3, 0x50, 0xff, 0xf8, 0xff, 0xff, 0x35, 0xf,
    0xff, 0x8f, 0xff, 0xf3, 0x50, 0xff, 0xf8, 0xff,
    0xff, 0x35, 0xf, 0xff, 0x8f, 0xff, 0xf3, 0x43,
    0xff, 0xe2, 0xff, 0xff, 0x34, 0x3f, 0xf9, 0x68,
    0x7f, 0xf6, 0x5f, 0xff, 0xe6, 0x87, 0xff, 0x15,
    0x57, 0xe8, 0x3f, 0xfb, 0x17, 0xff, 0xf3, 0x43,
    0xfe, 0x69, 0xff, 0xf0, 0x7f, 0xf6, 0x3f, 0xff,
    0x9c, 0x19, 0x54, 0xff, 0xfe, 0x2a, 0x1f, 0xfd,
    0x7f, 0xff, 0xe6, 0xc3, 0xff, 0xfc, 0xb8, 0x3f,
    0xfa, 0xcf, 0xff, 0xf3, 0x60, 0x7f, 0xff, 0x30,
    0x3f, 0xfa, 0xd7, 0xff, 0xf3, 0x50, 0x7f, 0xff,
    0x32, 0xf, 0xfe, 0xaf, 0xff, 0xf3, 0x82, 0xbf,
    0xff, 0x98, 0x1f, 0xfd, 0x47, 0xff, 0xf9, 0xc1,
    0x3f, 0xff, 0xcc, 0x83, 0xff, 0xa7, 0xff, 0xfc,
    0xe8, 0x37, 0xff, 0xf3, 0x50, 0xff, 0xe8, 0xdf,
    0xff, 0xce, 0x43, 0x7f, 0xff, 0x38, 0x3f, 0xfa,
    0x3f, 0xff, 0xcf, 0xe, 0xbf, 0xff, 0x9c, 0x1f,
    0xfc, 0xff, 0xff, 0xe8, 0x7, 0x3f, 0xff, 0xcf,
    0xf, 0xfe, 0x6f, 0xff, 0xf4, 0x20, 0xf7, 0xff,
    0xf4, 0x3, 0xff, 0x97, 0xff, 0xfd, 0x10, 0xfa,
    0xff, 0xfe, 0x82, 0x1f, 0xfc, 0x7b, 0xff, 0xfa,
    0x41, 0xfb, 0xff, 0xfa, 0x48, 0x7f, 0xf0, 0xdf,
    0xff, 0xe9, 0xa1, 0xfb, 0xff, 0xfa, 0xb2, 0x1f,
    0x37, 0xff, 0xf5, 0x83, 0xf9, 0xff, 0xff, 0xfe,
    0x87, 0xfb, 0xff, 0xff, 0xf8, 0x7f, 0xcf, 0xff,
    0xff, 0x90, 0xff, 0xe0, 0x7f, 0xff, 0xf8, 0x3f,
    0xf8, 0x5f, 0xff, 0xfc, 0xf, 0xfe, 0x1d, 0xff,
    0xff, 0xa8, 0x3f, 0xf8, 0x9f, 0xff, 0xfa, 0xf,
    0xfe, 0x37, 0xff, 0xfe, 0x3, 0xff, 0x8f, 0x7f,
    0xff, 0xd9, 0xf, 0xfe, 0x45, 0xff, 0xff, 0x48,
    0x3f, 0xf9, 0x5f, 0xff, 0xf3, 0x83, 0xff, 0x99,
    0xff, 0xff, 0x18, 0x3f, 0xf9, 0xdf, 0xff, 0xef,
    0x83, 0xff, 0xa1, 0x7f, 0xff, 0xb2, 0xf, 0xfe,
    0x95, 0xff, 0xfe, 0xa4, 0x3f, 0xfa, 0x8f, 0xff,
    0xfa, 0x3, 0xff, 0xb1, 0x7f, 0xff, 0x91, 0xf,
    0xfe, 0xd3, 0xff, 0xfe, 0x18, 0x3f, 0xfb, 0xcf,
    0xff, 0xf7, 0x60, 0xff, 0xf1, 0x37, 0xff, 0xf6,
    0x20, 0xff, 0xf3, 0xbf, 0xff, 0xd3, 0x90, 0xff,
    0xf6, 0x37, 0xff, 0xf3, 0x24, 0x3f, 0xfe, 0x8d,
    0x5f, 0xfe, 0xa2, 0x83, 0xff, 0xae,

    /* U+004B "K" */
    0x3f, 0xff, 0x9a, 0x1f, 0xfe, 0xd7, 0xff, 0xfa,
    0x70, 0x77, 0xff, 0xf3, 0x43, 0xff, 0xdb, 0xff,
    0xfd, 0x38, 0x3d, 0xff, 0xfc, 0xd0, 0xff, 0xf6,
    0x7f, 0xff, 0x4e, 0xf, 0xbf, 0xff, 0x9a, 0x1f,
    0xfe, 0xbf, 0xff, 0xea, 0x7, 0xef, 0xff, 0xe6,
    0x87, 0xff, 0xab, 0xff, 0xfa, 0x81, 0xfd, 0xff,
    0xfc, 0xd0, 0xff, 0xf4, 0xdf, 0xff, 0xd3, 0xf,
    0xf7, 0xff, 0xf3, 0x43, 0xff, 0xd1, 0x7f, 0xff,
    0x4c, 0x3f, 0xef, 0xff, 0xe6, 0x87, 0xff, 0x9d,
    0xff, 0xfe, 0x98, 0x7f, 0xf0, 0x3f, 0xff, 0x9a,
    0x1f, 0xfe, 0x67, 0xff, 0xfa, 0x61, 0xff, 0xc1,
    0xff, 0xfe, 0x68, 0x7f, 0xf9, 0xbf, 0xff, 0xa6,
    0x87, 0xff, 0x7, 0xff, 0xf9, 0xa1, 0xff, 0xe5,
    0xff, 0xfe, 0x9a, 0x1f, 0xfc, 0x2f, 0xff, 0xe6,
    0x87, 0xff, 0x93, 0xff, 0xfa, 0x68, 0x7f, 0xf0,
    0xff, 0xff, 0x9a, 0x1f, 0xfe, 0x3f, 0xff, 0xe9,
    0xc1, 0xff, 0xc4, 0xff, 0xfe, 0x68, 0x7f, 0xf8,
    0xaf, 0xff, 0xe9, 0x41, 0xff, 0xc5, 0xff, 0xfe,
    0x68, 0x7f, 0xf8, 0x6f, 0xff, 0xe9, 0x41, 0xff,
    0xc6, 0xff, 0xfe, 0x68, 0x7f, 0xf8, 0x2f, 0xff,
    0xe9, 0x41, 0xff, 0xc7, 0xff, 0xfe, 0x68, 0x7f,
    0xf7, 0xdf, 0xff, 0xe9, 0x87, 0xff, 0x23, 0xff,
    0xf9, 0xa1, 0xff, 0xde, 0x7f, 0xff, 0xa6, 0x1f,
    0xfc, 0x9f, 0xff, 0xe6, 0x87, 0xff, 0x7b, 0xff,
    0xfa, 0x61, 0xff, 0xca, 0xff, 0xfe, 0x68, 0x7f,
    0xf7, 0x7f, 0xff, 0xa6, 0x1f, 0xfc, 0xbf, 0xff,
    0xe6, 0x87, 0xff, 0x73, 0xff, 0xfa, 0x61, 0xff,
    0xcc, 0xff, 0xfe, 0x68, 0x7f, 0xf6, 0xff, 0xff,
    0xa6, 0x87, 0xff, 0x33, 0xff, 0xf9, 0xa1, 0xff,
    0xda, 0xbf, 0xff, 0xa4, 0x87, 0xff, 0x37, 0xff,
    0xf9, 0xa1, 0xff, 0xd9, 0xbf, 0xff, 0xa4, 0x87,
    0xff, 0x3b, 0xff, 0xf9, 0xa1, 0xff, 0xd8, 0xbf,
    0xff, 0xa5, 0x7, 0xff, 0x3f, 0xff, 0xf9, 0xa1,
    0xff, 0xd7, 0x7f, 0xff, 0xa5, 0x7, 0xff, 0x43,
    0xff, 0xf9, 0xa1, 0xff, 0xd6, 0x7f, 0xff, 0xa5,
    0x7, 0xff, 0x47, 0xff, 0xf9, 0xa1, 0xff, 0xd6,
    0xff, 0xfe, 0x94, 0x1f, 0xfd, 0x2f, 0xff, 0xe6,
    0x87, 0xff, 0x57, 0xff, 0xfa, 0x61, 0xff, 0xd3,
    0xff, 0xfe, 0x68, 0x7f, 0xf5, 0x3f, 0xff, 0xa6,
    0x1f, 0xfd, 0x4f, 0xff, 0xe6, 0x87, 0xff, 0x4f,
    0xff, 0xfa, 0x61, 0xff, 0xd5, 0xff, 0xfe, 0x68,
    0x7f, 0xf4, 0xaf, 0xff, 0xe9, 0x7, 0xff, 0x5b,
    0xff, 0xf9, 0xa1, 0xff, 0xd1, 0xbf, 0xff, 0xa4,
    0x1f, 0xfd, 0x7f, 0xff, 0xe6, 0x87, 0xff, 0x42,
    0xff, 0xfe, 0x92, 0x1f, 0xfd, 0x7f, 0xff, 0xe6,
    0x87, 0xff, 0x3d, 0xff, 0xfe, 0x92, 0x1f, 0xfd,
    0x8f, 0xff, 0xe6, 0x87, 0xff, 0x39, 0xff, 0xfe,
    0x92, 0x1f, 0xfd, 0x9f, 0xff, 0xe6, 0x87, 0xff,
    0x3b, 0xff, 0xfa, 0x48, 0x7f, 0xf6, 0xbf, 0xff,
    0x9a, 0x1f, 0xfc, 0xdf, 0xff, 0xe9, 0x41, 0xff,
    0xdb, 0xff, 0xfe, 0x68, 0x7f, 0xf3, 0x3f, 0xff,
    0xa5, 0x7, 0xff, 0x73, 0xff, 0xf9, 0xa1, 0xff,
    0xcb, 0xff, 0xfe, 0x94, 0x1f, 0xfd, 0xdf, 0xff,
    0xe6, 0x87, 0xff, 0x2a, 0xff, 0xfe, 0x90, 0x7f,
    0xf7, 0xbf, 0xff, 0x9a, 0x1f, 0xfc, 0x9b, 0xff,
    0xfa, 0x41, 0xff, 0xdf, 0xff, 0xfe, 0x68, 0x7f,
    0xf2, 0x1f, 0xff, 0xe9, 0x7, 0xff, 0x83, 0xff,
    0xf9, 0xa1, 0xff, 0xc7, 0x7f, 0xff, 0xa4, 0x1f,
    0xfe, 0x1f, 0xff, 0xe6, 0x87, 0xff, 0x19, 0xff,
    0xfe, 0x90, 0x7f, 0xf8, 0xbf, 0xff, 0x9a, 0x1f,
    0xfc, 0x6f, 0xff, 0xe9, 0x21, 0xff, 0xe2, 0xff,
    0xfe, 0x68, 0x7f, 0xf1, 0x7f, 0xff, 0xa4, 0x87,
    0xff, 0x8f, 0xff, 0xf9, 0xa1, 0xff, 0xc4, 0xff,
    0xfe, 0x92, 0x1f, 0xfe, 0x4f, 0xff, 0xe6, 0x87,
    0xff, 0xf, 0xff, 0xfa, 0x48, 0x7f, 0xf9, 0x7f,
    0xff, 0x9a, 0x1f, 0xfc, 0x2b, 0xff, 0xfa, 0x30,
    0x7f, 0xf9, 0xbf, 0xff, 0x9a, 0x1f, 0xfc, 0x1b,
    0xff, 0xfa, 0x30, 0x7f, 0xf9, 0xff, 0xff, 0x9a,
    0x1f, 0xfc, 0x7, 0xff, 0xfa, 0x30, 0x7f, 0xfa,
    0x3f, 0xff, 0x9a, 0x1f, 0xf3, 0xff, 0xfd, 0x20,
    0xff, 0xf4, 0xff, 0xff, 0x34, 0x3f, 0xcf, 0xff,
    0xf4, 0x83, 0xff, 0xd5, 0xff, 0xfc, 0xd0, 0xff,
    0x7f, 0xff, 0x48, 0x3f, 0xfd, 0x7f, 0xff, 0xcd,
    0xf, 0xef, 0xff, 0xe9, 0x7, 0xff, 0xb3, 0xff,
    0xf9, 0xa1, 0xfb, 0xff, 0xfa, 0x41, 0xff, 0xed,
    0xff, 0xfe, 0x68, 0x7d, 0xff, 0xfd, 0x20, 0xff,
    0xf7, 0x7f, 0xff, 0x34, 0x3d, 0x7f, 0xff, 0x45,
    0xf, 0xff, 0x77, 0xff, 0xf3, 0x43, 0xaf, 0xff,
    0xe8, 0xa1, 0xff, 0xef, 0xff, 0xfe, 0x68, 0x67,
    0xff, 0xfa, 0x28, 0x7f, 0xfc, 0x3f, 0xff, 0x9a,
    0x13, 0xff, 0xfd, 0x18, 0x3f, 0xfe, 0x3f, 0xff,
    0xcd, 0xb, 0xff, 0xfa, 0x30, 0x7f, 0xfc, 0xbf,
    0xff, 0x9a, 0xf, 0xff, 0xe9, 0x7, 0xff, 0xcf,
    0xff, 0xf9, 0xaf, 0xff, 0xf4, 0xe0, 0xff, 0xf9,
    0x7f, 0xff, 0xb9, 0xf, 0xff, 0x8f, 0xff, 0xfb,
    0xc3, 0xff, 0xe3, 0xff, 0xff, 0x0, 0xff, 0xf8,
    0x7f, 0xff, 0xc2, 0xf, 0xff, 0x7f, 0xff, 0xfc,
    0x50, 0xff, 0xf7, 0x7f, 0xff, 0xc8, 0x3f, 0xfd,
    0xdf, 0xff, 0xf3, 0xf, 0xff, 0x6f, 0xff, 0xfc,
    0xe0, 0xff, 0xf6, 0x7f, 0xff, 0xd1, 0xf, 0xff,
    0x5f, 0xff, 0xfd, 0x43, 0xff, 0xd7, 0xff, 0xff,
    0x58, 0x3f, 0xfd, 0x5f, 0xff, 0xf6, 0x43, 0xff,
    0xd3, 0xff, 0xff, 0x70, 0xff, 0xf4, 0xff, 0xff,
    0xe0, 0x3f, 0xfd, 0x1f, 0xff, 0xf8, 0x83, 0xff,
    0xcf, 0xff, 0xff, 0x94, 0x3f, 0xfc, 0xdf, 0xff,
    0xdc, 0x6f, 0xff, 0xe8, 0x7, 0xff, 0x9b, 0xff,
    0xfb, 0x68, 0x3f, 0xff, 0xa2, 0x1f, 0xfe, 0x5f,
    0xff, 0xed, 0x21, 0xbf, 0xff, 0xa1, 0x7, 0xff,
    0x93, 0xff, 0xfb, 0x30, 0x73, 0xff, 0xfd, 0x4,
    0x3f, 0xfc, 0x7f, 0xff, 0xd8, 0x83, 0xeb, 0xff,
    0xfa, 0x1, 0xff, 0xe3, 0xff, 0xfe, 0xbc, 0x1f,
    0xdf, 0xff, 0xd1, 0xf, 0xff, 0x17, 0xff, 0xf5,
    0xa0, 0xff, 0x3f, 0xff, 0xd0, 0x83, 0xff, 0xc3,
    0xff, 0xfd, 0x60, 0xff, 0xe0, 0x5f, 0xff, 0xd0,
    0x43, 0xff, 0xc1, 0xff, 0xfd, 0x50, 0xff, 0xe1,
    0x7f, 0xff, 0x44, 0x3f, 0xfc, 0x1f, 0xff, 0xd4,
    0xf, 0xfe, 0x27, 0xff, 0xf4, 0x43, 0xff, 0xbf,
    0xff, 0xfd, 0x30, 0xff, 0xe2, 0xbf, 0xff, 0xd0,
    0x83, 0xff, 0xbd, 0xff, 0xfd, 0x20, 0xff, 0xe3,
    0xdf, 0xff, 0xd0, 0x43, 0xff, 0xbb, 0xff, 0xfd,
    0x10, 0xff, 0xe4, 0xff, 0xff, 0x44, 0x3f, 0xfb,
    0xbf, 0xff, 0xd0, 0x43, 0xff, 0x92, 0xff, 0xff,
    0x44, 0x3f, 0xfb, 0x9f, 0xff, 0xcf, 0x43, 0xff,
    0x97, 0x7f, 0xff, 0x42, 0xf, 0xfe, 0xdf, 0xff,
    0xf3, 0x90, 0xff, 0xe6, 0xff, 0xff, 0x45, 0xf,
    0xfe, 0xd7, 0xff, 0xf3, 0x50, 0xff, 0xe7, 0xff,
    0xff, 0x44, 0x3f, 0xfb, 0x5f, 0xff, 0xcd, 0xf,
    0xfe, 0x83, 0xff, 0xfd, 0x8, 0x3f, 0xfb, 0x3f,
    0xff, 0xcd, 0xf, 0xfe, 0x8f, 0xff, 0xf4, 0x50,
    0xff, 0xec, 0x7f, 0xff, 0x34, 0x3f, 0xfa, 0x5f,
    0xff, 0xd1, 0xf, 0xfe, 0xc7, 0xff, 0xf3, 0x43,
    0xff, 0xa4, 0xff, 0xff, 0x44, 0x3f, 0xfa, 0xff,
    0xff, 0xcd, 0xf, 0xfe, 0x9d, 0xff, 0xfd, 0x8,
    0x3f, 0xfa, 0xdf, 0xff, 0xcd, 0xf, 0xfe, 0xa7,
    0xff, 0xf4, 0x50, 0xff, 0xea, 0xff, 0xff, 0x34,
    0x3f, 0xfa, 0x8f, 0xff, 0xf4, 0x43, 0xff, 0xab,
    0xff, 0xfc, 0xd0, 0xff, 0xea, 0xdf, 0xff, 0xd1,
    0xf, 0xfe, 0xa7, 0xff, 0xf3, 0x43, 0xff, 0xad,
    0xff, 0xfd, 0x18, 0x3f, 0xfa, 0x7f, 0xff, 0xcd,
    0xf, 0xfe, 0xbf, 0xff, 0xf4, 0x50, 0xff, 0xe9,
    0x7f, 0xff, 0x34, 0x3f, 0xfa, 0xef, 0xff, 0xf4,
    0x43, 0xff, 0xa5, 0xff, 0xfc, 0xd0, 0xff, 0xec,
    0x5f, 0xff, 0xd1, 0xf, 0xfe, 0x8f, 0xff, 0xf3,
    0x43, 0xff, 0xb3, 0xff, 0xfd, 0x18, 0x3f, 0xfa,
    0x1f, 0xff, 0xcd, 0xf, 0xfe, 0xcb, 0xff, 0xfd,
    0x14, 0x3f, 0xf9, 0xff, 0xff, 0xcd, 0xf, 0xfe,
    0xd5, 0xff, 0xfd, 0x10, 0xff, 0xe7, 0xff, 0xff,
    0x34, 0x3f, 0xfb, 0x7f, 0xff, 0xd2, 0xf, 0xfe,
    0x77, 0xff, 0xf3, 0x43, 0xff, 0xb9, 0xff, 0xfd,
    0x18, 0x3f, 0xf9, 0xbf, 0xff, 0xcd, 0xf, 0xfe,
    0xe3, 0xff, 0xfd, 0x14, 0x3f, 0xf9, 0x9f, 0xff,
    0xcd, 0xf, 0xfe, 0xef, 0xff, 0xf4, 0x83, 0xff,
    0x99, 0xff, 0xfc, 0xd0, 0xff, 0xef, 0x7f, 0xff,
    0x48, 0x3f, 0xf9, 0x7f, 0xff, 0xcd, 0xf, 0xfe,
    0xf3, 0xff, 0xfd, 0x18, 0x3f, 0xf9, 0x5f, 0xff,
    0xcd, 0xf, 0xfe, 0xfd, 0xff, 0xfd, 0x14, 0x3f,
    0xf9, 0x3f, 0xff, 0xcd, 0xf, 0xff, 0x7, 0xff,
    0xf4, 0x83, 0xff, 0x93, 0xff, 0xfc, 0xd0, 0xff,
    0xf0, 0xff, 0xff, 0x46, 0xf, 0xfe, 0x47, 0xff,
    0xf3, 0x43, 0xff, 0xc3, 0x7f, 0xff, 0x45, 0xf,
    0xfe, 0x3f, 0xff, 0xf3, 0x43, 0xff, 0xc5, 0xff,
    0xfd, 0x20, 0xff, 0xe3, 0xff, 0xff, 0x34, 0x3f,
    0xfc, 0x7f, 0xff, 0xd2, 0xf, 0xfe, 0x37, 0xff,
    0xf3, 0x43, 0xff, 0xc6, 0xff, 0xff, 0x46, 0xf,
    0xfe, 0x2f, 0xff, 0xf3, 0x43, 0xff, 0xc9, 0x7f,
    0xff, 0x45, 0xf, 0xfe, 0x27, 0xff, 0xf3, 0x43,
    0xff, 0xcb, 0xff, 0xfd, 0x20, 0xff, 0xe2, 0x7f,
    0xff, 0x34, 0x3f, 0xfc, 0xaf, 0xff, 0xf4, 0x83,
    0xff, 0x87, 0xff, 0xfc, 0xd0, 0xff, 0xf3, 0x5f,
    0xff, 0xd1, 0x83, 0xff, 0x85, 0xff, 0xfc, 0xd0,
    0xff, 0xf3, 0xff, 0xff, 0x49, 0xf, 0xfe, 0xf,
    0xff, 0xf3, 0x43, 0xff, 0xd1, 0xff, 0xfd, 0x20,
    0xff, 0xe0, 0xff, 0xff, 0x34, 0x3f, 0xfd, 0xf,
    0xff, 0xf4, 0x83, 0xff, 0x81, 0xff, 0xfc, 0xd0,
    0xff, 0xf4, 0xdf, 0xff, 0xd1, 0x83, 0xfe, 0xff,
    0xfe, 0x68, 0x7f, 0xfa, 0xbf, 0xff, 0xa4, 0x87,
    0xfb, 0xff, 0xf9, 0xa1, 0xff, 0xea, 0x7f, 0xff,
    0xa4, 0x1f, 0xef, 0xff, 0xe6, 0x87, 0xff, 0xae,
    0xff, 0xfe, 0x90, 0x7f, 0x7f, 0xff, 0x34, 0x3f,
    0xfd, 0x9f, 0xff, 0xd2, 0x83, 0xf7, 0xff, 0xf3,
    0x43, 0xff, 0xdb, 0xff, 0xfd, 0x24, 0x3e, 0xff,
    0xfe, 0x68, 0x7f, 0xfb, 0x6f, 0xff, 0xe9, 0x7,
    0xdf, 0xff, 0xcd, 0xf, 0xff, 0x77, 0xff, 0xf4,
    0xc3, 0xdf, 0xff, 0xcd, 0xf, 0xff, 0x7f, 0xff,
    0xf4, 0xa0, 0xef, 0xff, 0xe6, 0x87, 0xff, 0xbd,
    0xff, 0xfe, 0x92, 0x1b, 0xff, 0xf9, 0xa1, 0xff,
    0xf0, 0xbf, 0xff, 0xa4, 0x1b, 0xff, 0xf9, 0xa1,
    0xff, 0xf1, 0xff, 0xfe, 0x94, 0x17, 0xff, 0xf3,
    0x43, 0xff, 0xe2, 0xff, 0xff, 0x49, 0x7, 0xff,
    0xf3, 0x43, 0xff, 0xe5, 0x7f, 0xff, 0x48,

    /* U+004C "L" */
    0x3f, 0xff, 0x9a, 0x1f, 0xff, 0xff, 0xff, 0xe6,
    0x87, 0xff, 0xff, 0xff, 0xf9, 0xa1, 0xff, 0xff,
    0xff, 0xfe, 0x68, 0x7f, 0xff, 0xff, 0xff, 0x9a,
    0x1f, 0xff, 0xff, 0xff, 0xe6, 0x87, 0xff, 0xff,
    0xff, 0xf9, 0xa1, 0xff, 0xff, 0xff, 0xfe, 0x68,
    0x7f, 0xff, 0xff, 0xff, 0x9a, 0x1f, 0xff, 0xff,
    0xff, 0xe6, 0x87, 0xff, 0xff, 0xff, 0xf9, 0xa1,
    0xff, 0xff, 0xff, 0xfe, 0x68, 0x7f, 0xff, 0xff,
    0xff, 0x9a, 0x1f, 0xff, 0xff, 0xff, 0xe6, 0x87,
    0xff, 0xff, 0xff, 0xf9, 0xa1, 0xff, 0xff, 0xff,
    0xfe, 0x68, 0x7f, 0xff, 0xff, 0xff, 0x9a, 0x1f,
    0xff, 0xff, 0xff, 0xe6, 0x87, 0xff, 0xff, 0xff,
    0xf9, 0xa1, 0xff, 0xff, 0xff, 0xfe, 0x68, 0x7f,
    0xff, 0xff, 0xff, 0x9a, 0x1f, 0xff, 0xff, 0xff,
    0xe6, 0x87, 0xff, 0xff, 0xff, 0xf9, 0xa1, 0xff,
    0xff, 0xff, 0xfe, 0x68, 0x7f, 0xff, 0xff, 0xff,
    0x9a, 0x1f, 0xff, 0xff, 0xff, 0xe6, 0x87, 0xff,
    0xff, 0xff, 0xf9, 0xa1, 0xff, 0xff, 0xff, 0xfe,
    0x68, 0x7f, 0xff, 0xff, 0xff, 0x9a, 0x1f, 0xff,
    0xff, 0xff, 0xe6, 0x87, 0xff, 0xff, 0xff, 0xf9,
    0xa1, 0xff, 0xff, 0xff, 0xfe, 0x68, 0x7f, 0xff,
    0xff, 0xff, 0x9a, 0x1f, 0xff, 0xff, 0xff, 0xe6,
    0x87, 0xff, 0xff, 0xff, 0xf9, 0xa1, 0xff, 0xff,
    0xff, 0xfe, 0x68, 0x7f, 0xff, 0xff, 0xff, 0x9a,
    0x1f, 0xff, 0xff, 0xff, 0xe6, 0x87, 0xff, 0xff,
    0xff, 0xf9, 0xa1, 0xff, 0xff, 0xff, 0xfe, 0x68,
    0x7f, 0xff, 0xff, 0xff, 0x9a, 0x1f, 0xff, 0xff,
    0xff, 0xe6, 0x87, 0xff, 0xff, 0xff, 0xf9, 0xa1,
    0xff, 0xff, 0xff, 0xfe, 0x68, 0x7f, 0xff, 0xff,
    0xff, 0x9a, 0x1f, 0xff, 0xff, 0xff, 0xe6, 0x87,
    0xff, 0xff, 0xff, 0xf9, 0xa1, 0xff, 0xff, 0xff,
    0xfe, 0x68, 0x7f, 0xff, 0xff, 0xff, 0x9a, 0x1f,
    0xff, 0xff, 0xff, 0xe6, 0x87, 0xff, 0xff, 0xff,
    0xf9, 0xa1, 0xff, 0xff, 0xff, 0xfe, 0x68, 0x7f,
    0xff, 0xff, 0xff, 0x9a, 0x1f, 0xff, 0xff, 0xff,
    0xe6, 0x87, 0xff, 0xff, 0xff, 0xf9, 0xa1, 0xff,
    0xff, 0xff, 0xfe, 0x68, 0x7f, 0xff, 0xff, 0xff,
    0x9a, 0x1f, 0xff, 0xff, 0xff, 0xe6, 0x87, 0xff,
    0xff, 0xff, 0xf9, 0xa1, 0xff, 0xff, 0xff, 0xfe,
    0x68, 0x7f, 0xff, 0xff, 0xff, 0x9a, 0x1f, 0xff,
    0xff, 0xff, 0xe6, 0x87, 0xff, 0xff, 0xff, 0xf9,
    0xa1, 0xff, 0xff, 0xff, 0xfe, 0x68, 0x7f, 0xff,
    0xff, 0xff, 0x9a, 0x1f, 0xff, 0xff, 0xff, 0xe6,
    0x87, 0xff, 0xff, 0xff, 0xf9, 0xa1, 0xff, 0xff,
    0xff, 0xfe, 0x68, 0x7f, 0xff, 0xff, 0xff, 0x9a,
    0x1f, 0xff, 0xff, 0xff, 0xe6, 0x87, 0xff, 0xff,
    0xff, 0xf9, 0xa1, 0xff, 0xff, 0xff, 0xfe, 0x68,
    0x7f, 0xff, 0xff, 0xff, 0x9a, 0x1f, 0xff, 0xff,
    0xff, 0xe6, 0x87, 0xff, 0xff, 0xff, 0xf9, 0xa1,
    0xff, 0xff, 0xff, 0xfe, 0x68, 0x7f, 0xff, 0xff,
    0xff, 0x9a, 0x1f, 0xff, 0xff, 0xff, 0xe6, 0x87,
    0xff, 0xff, 0xff, 0xf9, 0xa1, 0xff, 0xff, 0xff,
    0xfe, 0x68, 0x7f, 0xff, 0xff, 0xff, 0x9a, 0x1f,
    0xff, 0xff, 0xff, 0xe6, 0x87, 0xff, 0xff, 0xff,
    0xf9, 0xa1, 0xff, 0xff, 0xff, 0xfe, 0x68, 0x7f,
    0xff, 0xff, 0xff, 0x9a, 0x1f, 0xff, 0xff, 0xff,
    0xe6, 0x87, 0xff, 0xff, 0xff, 0xf9, 0xa1, 0xff,
    0xff, 0xff, 0xfe, 0x68, 0x7f, 0xff, 0xff, 0xff,
    0x9a, 0x1f, 0xff, 0xff, 0xff, 0xe6, 0x87, 0xff,
    0xff, 0xff, 0xf9, 0xa1, 0xff, 0xff, 0xff, 0xfe,
    0x68, 0x7f, 0xff, 0xff, 0xff, 0x9a, 0x1f, 0xff,
    0xff, 0xff, 0xe6, 0x87, 0xff, 0xff, 0xff, 0xf9,
    0xa1, 0xff, 0xff, 0xff, 0xfe, 0x68, 0x7f, 0xff,
    0xff, 0xff, 0x9a, 0x1f, 0xff, 0xff, 0xff, 0xe6,
    0x87, 0xff, 0xff, 0xff, 0xf9, 0xa1, 0xff, 0xff,
    0xff, 0xfe, 0x68, 0x7f, 0xff, 0xff, 0xff, 0x9a,
    0x1f, 0xff, 0xff, 0xff, 0xe6, 0x87, 0xff, 0xff,
    0xff, 0xf9, 0xa1, 0xff, 0xff, 0xff, 0xfe, 0x68,
    0x7f, 0xff, 0xff, 0xff, 0x9a, 0x1f, 0xff, 0xff,
    0xff, 0xe6, 0x87, 0xff, 0xff, 0xff, 0xf9, 0xa1,
    0xff, 0xff, 0xff, 0xfe, 0x68, 0x7f, 0xff, 0xff,
    0xff, 0x9a, 0x1f, 0xff, 0xff, 0xff, 0xe6, 0x87,
    0xff, 0xff, 0xff, 0xf9, 0xa1, 0xff, 0xff, 0xff,
    0xfe, 0x68, 0x7f, 0xff, 0xff, 0xff, 0x9a, 0x1f,
    0xff, 0xff, 0xff, 0xe6, 0x87, 0xff, 0xff, 0xff,
    0xf9, 0xa1, 0xff, 0xff, 0xff, 0xfe, 0x68, 0x7f,
    0xff, 0xff, 0xff, 0x9a, 0x1f, 0xff, 0xff, 0xff,
    0xe6, 0x87, 0xff, 0xff, 0xff, 0xf9, 0xa1, 0xff,
    0xff, 0xff, 0xfe, 0x68, 0x7f, 0xff, 0xff, 0xff,
    0x9a, 0x1f, 0xff, 0xff, 0xff, 0xe6, 0x87, 0xff,
    0xff, 0xff, 0xf9, 0xa1, 0xff, 0xff, 0xff, 0xfe,
    0x68, 0x7f, 0xff, 0xff, 0xff, 0x9a, 0x87, 0xff,
    0xfb, 0xff, 0xff, 0xff, 0xff, 0xcc, 0x3f, 0xff,
    0xff, 0xff, 0xfc, 0xc3, 0xff, 0xff, 0xff, 0xff,
    0xcc, 0x3f, 0xff, 0xff, 0xff, 0xfc, 0xc3, 0xff,
    0xff, 0xff, 0xff, 0xcc, 0x3f, 0xff, 0xff, 0xff,
    0xfc, 0xc3, 0xff, 0xff, 0xff, 0xff, 0xcc, 0x3f,
    0xff, 0xff, 0xff, 0xfc, 0xc3, 0xff, 0xff, 0xff,
    0xff, 0xcc, 0x3f, 0xff, 0xff, 0xff, 0xfc, 0xc3,
    0xff, 0xff, 0xff, 0xff, 0xcc, 0x3f, 0xff, 0xff,
    0xff, 0xfc, 0xc3, 0xff, 0xff, 0xff, 0xff, 0xcc,
    0x3f, 0xff, 0xff, 0xff, 0xfc, 0xc3, 0xff, 0xff,
    0xff, 0xff, 0xcc, 0x3f, 0xff, 0xff, 0xff, 0xfc,
    0xc3, 0xff, 0xff, 0xff, 0xff, 0xcc, 0x3f, 0xff,
    0xff, 0xff, 0xfc, 0xc3, 0xff, 0xff, 0xff, 0xff,
    0xcc, 0x3f, 0xff, 0xff, 0xff, 0xfc, 0xc3, 0xff,
    0xff, 0xff, 0xff, 0xcc, 0x3f, 0xff, 0xff, 0xff,
    0xfc, 0xc0,

    /* U+004D "M" */
    0x3f, 0xff, 0x9c, 0x1f, 0xff, 0xf0, 0xff, 0xe6,
    0xbf, 0xff, 0xcd, 0x3f, 0xff, 0x9d, 0x7, 0xff,
    0xfc, 0x3f, 0xf9, 0x9f, 0xff, 0xce, 0x3f, 0xff,
    0x9e, 0x1f, 0xff, 0xf0, 0xff, 0xe5, 0xdf, 0xff,
    0xce, 0x3f, 0xff, 0x9f, 0x7, 0xff, 0xfc, 0x3f,
    0xf9, 0x5f, 0xff, 0xcf, 0x3f, 0xff, 0xa0, 0x1f,
    0xff, 0xf0, 0xff, 0xe4, 0xdf, 0xff, 0xcf, 0x3f,
    0xff, 0xa2, 0x1f, 0xff, 0xf0, 0xff, 0xe4, 0x7f,
    0xff, 0x40, 0xff, 0xfe, 0x8a, 0x1f, 0xff, 0xf0,
    0xff, 0xe3, 0x7f, 0xff, 0x44, 0xff, 0xfe, 0x90,
    0x7f, 0xff, 0xc3, 0xff, 0x8a, 0xff, 0xff, 0x44,
    0xff, 0xfe, 0x92, 0x1f, 0xff, 0xf0, 0xff, 0xe2,
    0x7f, 0xff, 0x48, 0xff, 0xfe, 0x98, 0x7f, 0xff,
    0xc3, 0xff, 0x86, 0xff, 0xff, 0x48, 0xff, 0xfe,
    0x9c, 0x1f, 0xff, 0xf0, 0xff, 0xe1, 0x7f, 0xff,
    0x4c, 0xff, 0xfe, 0xa0, 0x7f, 0xff, 0xc3, 0xff,
    0x83, 0x7f, 0xff, 0x4c, 0xff, 0xfe, 0xa4, 0x1f,
    0xff, 0xf0, 0xff, 0xe0, 0x7f, 0xff, 0x50, 0xff,
    0xfe, 0xa8, 0x7f, 0xff, 0xc3, 0xfe, 0xbf, 0xff,
    0xa8, 0x7f, 0xff, 0x56, 0xf, 0xff, 0xf8, 0x7f,
    0xbf, 0xff, 0xaa, 0x7f, 0xff, 0x58, 0x3f, 0xff,
    0xe1, 0xfd, 0x7f, 0xff, 0x54, 0xff, 0xfe, 0xb8,
    0x7f, 0xff, 0xc3, 0xf7, 0xff, 0xf5, 0x8f, 0xff,
    0xeb, 0xa1, 0xff, 0xff, 0xf, 0x7f, 0xff, 0x5c,
    0xff, 0xfe, 0xc0, 0x7f, 0xff, 0xc3, 0x9f, 0xff,
    0xeb, 0x9f, 0xff, 0xd8, 0x43, 0xff, 0xfe, 0x1b,
    0xff, 0xfb, 0x7, 0xff, 0xf6, 0x43, 0xff, 0xfe,
    0x13, 0xff, 0xfd, 0x83, 0xff, 0xfb, 0x28, 0x7f,
    0xff, 0xc1, 0xff, 0xfd, 0x93, 0xff, 0xfb, 0x41,
    0xff, 0xff, 0x2f, 0xff, 0xec, 0x9f, 0xff, 0xda,
    0x83, 0xff, 0xff, 0xff, 0xfd, 0xa3, 0xff, 0xfb,
    0x61, 0xff, 0xfe, 0xbf, 0xff, 0xb4, 0x7f, 0xff,
    0x6e, 0xf, 0xff, 0xef, 0xff, 0xf6, 0xcf, 0xff,
    0xee, 0x7, 0xff, 0xf2, 0xff, 0xfe, 0xd9, 0xff,
    0xfd, 0xc8, 0x3f, 0xff, 0x4f, 0xff, 0xf7, 0xf,
    0xff, 0xee, 0xa1, 0xff, 0xf9, 0xff, 0xfe, 0xe9,
    0xff, 0xfd, 0xe0, 0xff, 0xfc, 0x3f, 0xff, 0xdd,
    0x3f, 0xff, 0xbc, 0x87, 0xff, 0xdf, 0xff, 0xfb,
    0xc7, 0xff, 0xf7, 0xc3, 0xff, 0xec, 0xff, 0xff,
    0x78, 0xff, 0xfe, 0xfa, 0x1f, 0xff, 0x5f, 0xff,
    0xef, 0x9f, 0xff, 0xe0, 0xf, 0xff, 0xa5, 0xff,
    0xfd, 0xf3, 0xff, 0xfc, 0x10, 0x7f, 0xfc, 0xff,
    0xff, 0xc0, 0x7f, 0xff, 0x84, 0x3f, 0xfe, 0x57,
    0xff, 0xf8, 0xf, 0xff, 0xf0, 0xc1, 0xff, 0xf1,
    0xff, 0xff, 0x9, 0xff, 0xfe, 0x20, 0xff, 0xf8,
    0x5f, 0xff, 0xe1, 0x3f, 0xff, 0xc5, 0x7, 0xff,
    0xb9, 0xff, 0xff, 0x11, 0xff, 0xfe, 0x34, 0x3f,
    0xfd, 0xbf, 0xff, 0xe3, 0x3f, 0xff, 0xc8, 0x1f,
    0xfe, 0xc7, 0xff, 0xfc, 0x67, 0xff, 0xf9, 0x10,
    0xff, 0xf5, 0xff, 0xff, 0x90, 0xff, 0xff, 0x28,
    0x7f, 0xfa, 0x9f, 0xff, 0xf2, 0x1f, 0xff, 0xe5,
    0x43, 0xff, 0xd3, 0xff, 0xfe, 0x53, 0xff, 0xf9,
    0x87, 0xff, 0xf3, 0x43, 0xff, 0xd1, 0x7f, 0xff,
    0x2e, 0x7f, 0xff, 0x98, 0x7f, 0xff, 0x30, 0x7f,
    0xff, 0x99, 0x7, 0xff, 0x9f, 0xff, 0xf9, 0x83,
    0xff, 0xfc, 0xc3, 0xff, 0xf9, 0x80, 0xff, 0xfe,
    0x68, 0x7f, 0xf9, 0xaf, 0xff, 0xe5, 0xc3, 0xff,
    0xfc, 0xc3, 0xff, 0xf9, 0x80, 0x7f, 0xff, 0x99,
    0x7, 0xff, 0x97, 0xff, 0xf9, 0x80, 0x7f, 0xff,
    0x98, 0x7f, 0xff, 0x30, 0x2f, 0xff, 0xe6, 0x87,
    0xff, 0x93, 0xff, 0xf9, 0x90, 0x1f, 0xff, 0xe6,
    0x1f, 0xff, 0xcc, 0x9, 0xff, 0xfe, 0x64, 0x1f,
    0xfe, 0x27, 0xff, 0xf9, 0x81, 0x3f, 0xff, 0xcc,
    0x3f, 0xff, 0x98, 0x1b, 0xff, 0xf9, 0xa1, 0xff,
    0xe2, 0xff, 0xfe, 0x64, 0x13, 0xff, 0xfc, 0xc3,
    0xff, 0xf9, 0x81, 0xdf, 0xff, 0xcd, 0xf, 0xff,
    0x3, 0xff, 0xfc, 0xc0, 0xcf, 0xff, 0xf3, 0xf,
    0xff, 0xe6, 0x7, 0x5f, 0xff, 0xcc, 0x43, 0xff,
    0xbf, 0xff, 0xfc, 0xc4, 0x33, 0xff, 0xfc, 0xc3,
    0xff, 0xf9, 0x81, 0xef, 0xff, 0xe6, 0x87, 0xff,
    0x7a, 0xff, 0xfe, 0x60, 0x73, 0xff, 0xfc, 0xc3,
    0xff, 0xf9, 0x81, 0xeb, 0xff, 0xf9, 0x88, 0x7f,
    0xf7, 0x7f, 0xff, 0x98, 0x87, 0x3f, 0xff, 0xcc,
    0x3f, 0xff, 0x98, 0x1f, 0x7f, 0xff, 0x34, 0x3f,
    0xfb, 0x97, 0xff, 0xf3, 0x3, 0xcf, 0xff, 0xf3,
    0xf, 0xff, 0xe6, 0x7, 0xd7, 0xff, 0xf3, 0x20,
    0xff, 0xed, 0xff, 0xff, 0x31, 0xf, 0x3f, 0xff,
    0xcc, 0x3f, 0xff, 0x98, 0x1f, 0xbf, 0xff, 0x9a,
    0x1f, 0xfd, 0xab, 0xff, 0xf9, 0x81, 0xf3, 0xff,
    0xfc, 0xc3, 0xff, 0xf9, 0x81, 0xfa, 0xff, 0xfe,
    0x64, 0x1f, 0xfd, 0x9f, 0xff, 0xe6, 0x21, 0xf3,
    0xff, 0xfc, 0xc3, 0xff, 0xf9, 0x81, 0xfd, 0xff,
    0xfc, 0xd0, 0xff, 0xec, 0x7f, 0xff, 0x34, 0x3f,
    0x3f, 0xff, 0xcc, 0x3f, 0xff, 0x98, 0x1f, 0xcf,
    0xff, 0xf3, 0x20, 0xff, 0xeb, 0x3f, 0xff, 0xcc,
    0x43, 0xf3, 0xff, 0xfc, 0xc3, 0xff, 0xf9, 0x81,
    0xfe, 0xff, 0xfe, 0x68, 0x7f, 0xf5, 0xbf, 0xff,
    0x99, 0x7, 0xf3, 0xff, 0xfc, 0xc3, 0xff, 0xf9,
    0x81, 0xfe, 0x7f, 0xff, 0x9a, 0x1f, 0xfd, 0x47,
    0xff, 0xf9, 0x81, 0xfe, 0x7f, 0xff, 0x98, 0x7f,
    0xff, 0x30, 0x3f, 0xef, 0xff, 0xe6, 0xa1, 0xff,
    0xd3, 0xff, 0xfe, 0x64, 0x1f, 0xe7, 0xff, 0xf9,
    0x87, 0xff, 0xf3, 0x3, 0xfe, 0x7f, 0xff, 0x9a,
    0x1f, 0xfd, 0x2b, 0xff, 0xf9, 0x81, 0xff, 0x3f,
    0xff, 0xcc, 0x3f, 0xff, 0x98, 0x1f, 0xfc, 0xf,
    0xff, 0xe6, 0xa1, 0xff, 0xd1, 0xff, 0xfe, 0x64,
    0x1f, 0xf3, 0xff, 0xfc, 0xc3, 0xff, 0xf9, 0x81,
    0xff, 0xc0, 0x7f, 0xff, 0x9a, 0x1f, 0xfd, 0xb,
    0xff, 0xf9, 0x81, 0xff, 0xc0, 0x7f, 0xff, 0x98,
    0x7f, 0xff, 0x30, 0x3f, 0xf8, 0x37, 0xff, 0xf3,
    0x10, 0xff, 0xe7, 0xff, 0xff, 0x32, 0xf, 0xfe,
    0x3, 0xff, 0xfc, 0xc3, 0xff, 0xf9, 0x81, 0xff,
    0xc2, 0xff, 0xfe, 0x68, 0x7f, 0xf3, 0xaf, 0xff,
    0xe6, 0x7, 0xff, 0x5, 0xff, 0xfe, 0x61, 0xff,
    0xfc, 0xc0, 0xff, 0xe1, 0x5f, 0xff, 0xcc, 0x83,
    0xff, 0x98, 0xff, 0xff, 0x31, 0xf, 0xfe, 0xb,
    0xff, 0xfc, 0xc3, 0xff, 0xf9, 0x81, 0xff, 0xc3,
    0xff, 0xfe, 0x68, 0x7f, 0xf3, 0x3f, 0xff, 0x9a,
    0x1f, 0xfc, 0x27, 0xff, 0xf9, 0x87, 0xff, 0xf3,
    0x3, 0xff, 0x87, 0x7f, 0xff, 0x32, 0xf, 0xfe,
    0x53, 0xff, 0xfc, 0xc4, 0x3f, 0xf8, 0x4f, 0xff,
    0xf3, 0xf, 0xff, 0xe6, 0x7, 0xff, 0x13, 0xff,
    0xf9, 0xa1, 0xff, 0xca, 0xff, 0xfe, 0x68, 0x7f,
    0xf0, 0xdf, 0xff, 0xe6, 0x1f, 0xff, 0xcc, 0xf,
    0xfe, 0x25, 0xff, 0xfc, 0xc8, 0x3f, 0xf9, 0xf,
    0xff, 0xf3, 0x10, 0xff, 0xe1, 0xbf, 0xff, 0xcc,
    0x3f, 0xff, 0x98, 0x1f, 0xfc, 0x5f, 0xff, 0xe6,
    0xa1, 0xff, 0xc7, 0xff, 0xfe, 0x68, 0x7f, 0xf1,
    0x1f, 0xff, 0xe6, 0x1f, 0xff, 0xcc, 0xf, 0xfe,
    0x2d, 0xff, 0xfc, 0xd0, 0xff, 0xe3, 0x5f, 0xff,
    0xcc, 0x43, 0xff, 0x88, 0xff, 0xff, 0x30, 0xff,
    0xfe, 0x60, 0x7f, 0xf1, 0xbf, 0xff, 0x9a, 0x87,
    0xff, 0x17, 0xff, 0xf9, 0xa1, 0xff, 0xc5, 0x7f,
    0xff, 0x98, 0x7f, 0xff, 0x30, 0x3f, 0xf8, 0xcf,
    0xff, 0xf3, 0x43, 0xff, 0x89, 0x7f, 0xff, 0x30,
    0x3f, 0xf8, 0xcf, 0xff, 0xf3, 0xf, 0xff, 0xe6,
    0x7, 0xff, 0x1f, 0xff, 0xf9, 0xa8, 0x7f, 0xf0,
    0xff, 0xff, 0x99, 0x7, 0xff, 0x19, 0xff, 0xfe,
    0x61, 0xff, 0xfc, 0xc0, 0xff, 0xe3, 0xbf, 0xff,
    0xcd, 0xf, 0xfe, 0x15, 0xff, 0xfc, 0xc0, 0xff,
    0xe3, 0xbf, 0xff, 0xcc, 0x3f, 0xff, 0x98, 0x1f,
    0xfc, 0x8f, 0xff, 0xe6, 0xc1, 0xff, 0xc0, 0x7f,
    0xff, 0x99, 0x7, 0xff, 0x1d, 0xff, 0xfe, 0x61,
    0xff, 0xfc, 0xc0, 0xff, 0xe4, 0x3f, 0xff, 0xcd,
    0xf, 0xfe, 0x7, 0xff, 0xf3, 0x43, 0xff, 0x90,
    0xff, 0xff, 0x30, 0xff, 0xfe, 0x60, 0x7f, 0xf2,
    0x7f, 0xff, 0x9b, 0x7, 0xf9, 0xff, 0xfe, 0x64,
    0x1f, 0xfc, 0x87, 0xff, 0xf9, 0x87, 0xff, 0xf3,
    0x3, 0xff, 0x92, 0xff, 0xff, 0x34, 0x3f, 0xdf,
    0xff, 0xcd, 0xf, 0xfe, 0x4b, 0xff, 0xfc, 0xc3,
    0xff, 0xf9, 0x81, 0xff, 0xca, 0xbf, 0xff, 0x99,
    0x7, 0xe7, 0xff, 0xf9, 0x90, 0x7f, 0xf2, 0x5f,
    0xff, 0xe6, 0x1f, 0xff, 0xcc, 0xf, 0xfe, 0x5f,
    0xff, 0xf3, 0x50, 0xfb, 0xff, 0xf9, 0xa1, 0xff,
    0xca, 0x7f, 0xff, 0x98, 0x7f, 0xff, 0x30, 0x3f,
    0xf9, 0x77, 0xff, 0xf3, 0x43, 0xd7, 0xff, 0xf3,
    0x10, 0xff, 0xe5, 0x3f, 0xff, 0xcc, 0x3f, 0xff,
    0x98, 0x1f, 0xfc, 0xcf, 0xff, 0xe6, 0xa1, 0xdf,
    0xff, 0xcd, 0xf, 0xfe, 0x5b, 0xff, 0xfc, 0xc3,
    0xff, 0xf9, 0x81, 0xff, 0xcc, 0xbf, 0xff, 0x9a,
    0x1a, 0xff, 0xfe, 0x62, 0x1f, 0xfc, 0xb7, 0xff,
    0xf9, 0x87, 0xff, 0xf3, 0x3, 0xff, 0x9b, 0xff,
    0xfc, 0xd4, 0x2f, 0xff, 0xe6, 0x87, 0xff, 0x31,
    0xff, 0xfe, 0x61, 0xff, 0xfc, 0xc0, 0xff, 0xe6,
    0xdf, 0xff, 0xcd, 0x7, 0xff, 0xf3, 0x50, 0xff,
    0xe6, 0x3f, 0xff, 0xcc, 0x3f, 0xff, 0x98, 0x1f,
    0xfc, 0xef, 0xff, 0xe6, 0xcf, 0xff, 0xf3, 0x43,
    0xff, 0x9a, 0xff, 0xff, 0x30, 0xff, 0xfe, 0x60,
    0x7f, 0xf3, 0x9f, 0xff, 0xf3, 0x21, 0xff, 0xcd,
    0x7f, 0xff, 0x98, 0x7f, 0xff, 0x30, 0x3f, 0xf9,
    0xff, 0xff, 0xe6, 0xf, 0xfe, 0x73, 0xff, 0xfc,
    0xc3, 0xff, 0xf9, 0x81, 0xff, 0xcf, 0x7f, 0xff,
    0xc8, 0x1f, 0xfc, 0xf7, 0xff, 0xf9, 0x87, 0xff,
    0xf3, 0x3, 0xff, 0xa1, 0xff, 0xfe, 0x38, 0x3f,
    0xf9, 0xef, 0xff, 0xf3, 0xf, 0xff, 0xe6, 0x7,
    0xff, 0x41, 0xff, 0xff, 0x10, 0x7f, 0xf4, 0x1f,
    0xff, 0xe6, 0x1f, 0xff, 0xcc, 0xf, 0xfe, 0x8f,
    0xff, 0xf8, 0x60, 0xff, 0xe8, 0x3f, 0xff, 0xcc,
    0x3f, 0xff, 0x98, 0x1f, 0xfd, 0x17, 0xff, 0xfc,
    0x1, 0xff, 0xd1, 0x7f, 0xff, 0x98, 0x7f, 0xff,
    0x30, 0x3f, 0xfa, 0x5f, 0xff, 0xdf, 0x83, 0xff,
    0xa2, 0xff, 0xff, 0x30, 0xff, 0xfe, 0x60, 0x7f,
    0xf4, 0x9f, 0xff, 0xef, 0x7, 0xff, 0x49, 0xff,
    0xfe, 0x61, 0xff, 0xfc, 0xc0, 0xff, 0xe9, 0xdf,
    0xff, 0xdc, 0x83, 0xff, 0xa4, 0xff, 0xff, 0x30,
    0xff, 0xfe, 0x60, 0x7f, 0xf5, 0x3f, 0xff, 0xb8,
    0x1f, 0xfd, 0x37, 0xff, 0xf9, 0x87, 0xff, 0xf3,
    0x3, 0xff, 0xa9, 0x7f, 0xff, 0x69, 0xf, 0xfe,
    0x9b, 0xff, 0xfc, 0xc3, 0xff, 0xf9, 0x81, 0xff,
    0xd5, 0xff, 0xfe, 0xd0, 0x7f, 0xf5, 0x1f, 0xff,
    0xe6, 0x1f, 0xff, 0xcc, 0xf, 0xfe, 0xad, 0xff,
    0xfd, 0x84, 0x3f, 0xfa, 0x8f, 0xff, 0xf3, 0xf,
    0xff, 0xe6, 0x7, 0xff, 0x5b, 0xff, 0xfb, 0x1,
    0xff, 0xd5, 0x7f, 0xff, 0x98, 0x7f, 0xff, 0x30,
    0x3f, 0xfa, 0xd7, 0xff, 0xf5, 0x90, 0xff, 0xea,
    0xbf, 0xff, 0xcc, 0x3f, 0xff, 0x98, 0x1f, 0xfd,
    0x7f, 0xff, 0xeb, 0x7, 0xff, 0x59, 0xff, 0xfe,
    0x61, 0xff, 0xfc, 0xc0, 0xff, 0xeb, 0xbf, 0xff,
    0xd4, 0x43, 0xff, 0xac, 0xff, 0xff, 0x30, 0xff,
    0xfe, 0x60, 0x7f, 0xf6, 0x3f, 0xff, 0xa7, 0x7,
    0xff, 0x5d, 0xff, 0xfe, 0x61, 0xff, 0xfc, 0xc0,
    0xff, 0xec, 0x3f, 0xff, 0xd2, 0xf, 0xfe, 0xc3,
    0xff, 0xfc, 0xc3, 0xff, 0xf9, 0x81, 0xff, 0xd9,
    0xff, 0xfe, 0x8c, 0x1f, 0xfd, 0x87, 0xff, 0xf9,
    0x87, 0xff, 0xf3, 0x3, 0xff, 0xb2, 0xff, 0xff,
    0x40, 0x3f, 0xfb, 0x2f, 0xff, 0xf3, 0xf, 0xff,
    0xe6, 0x7, 0xff, 0x6b, 0xff, 0xf9, 0xf0, 0x7f,
    0xf6, 0x5f, 0xff, 0xe6, 0x1f, 0xff, 0xcc, 0xf,
    0xfe, 0xd3, 0xff, 0xfc, 0xe0, 0xff, 0xed, 0x3f,
    0xff, 0xcc, 0x3f, 0xff, 0x98, 0x1f, 0xfd, 0xbf,
    0xff, 0xe6, 0xc1, 0xff, 0xda, 0x7f, 0xff, 0x98,
    0x7f, 0xff, 0x30, 0x3f, 0xfb, 0x9f, 0xff, 0xcc,
    0xf, 0xfe, 0xdb, 0xff, 0xfc, 0xc3, 0xff, 0xf9,
    0x81, 0xff, 0xdc, 0xbf, 0xff, 0x95, 0x7, 0xff,
    0x6d, 0xff, 0xfe, 0x61, 0xff, 0xfc, 0xc0, 0xff,
    0xee, 0xff, 0xff, 0x28, 0x3f, 0xfb, 0x8f, 0xff,
    0xf3, 0xf, 0xff, 0xe6, 0x7, 0xff, 0x76, 0xff,
    0xfe, 0x42, 0x1f, 0xfd, 0xc7, 0xff, 0xf9, 0x87,
    0xff, 0xf3, 0x3, 0xff, 0xbd, 0xff, 0xfc, 0x80,
    0xff, 0xee, 0xbf, 0xff, 0xcc, 0x3f, 0xff, 0x98,
    0x1f, 0xfd, 0xeb, 0xff, 0xf8, 0xc8, 0x7f, 0xf7,
    0x5f, 0xff, 0xe6, 0x1f, 0xff, 0xcc, 0xf, 0xfe,
    0xff, 0xff, 0xf1, 0x83, 0xff, 0xbc, 0xff, 0xff,
    0x30, 0xff, 0xfe, 0x60, 0x7f, 0xf7, 0xef, 0xff,
    0xe2, 0x21, 0xff, 0xde, 0x7f, 0xff, 0x98, 0x7f,
    0xff, 0x30, 0x3f, 0xfc, 0x1f, 0xff, 0xc4, 0xf,
    0xfe, 0xfb, 0xff, 0xfc, 0xc3, 0xff, 0xf9, 0x81,
    0xff, 0xe0, 0x7f, 0xff, 0x84, 0x87, 0xff, 0x7d,
    0xff, 0xfe, 0x61, 0xff, 0xfc, 0xc0, 0xff, 0xff,
    0x87, 0xff, 0x41, 0xff, 0xfe, 0x61, 0xff, 0xfc,
    0xc0, 0xff, 0xff, 0x87, 0xff, 0x41, 0xff, 0xfe,
    0x61, 0xff, 0xfc, 0xc0, 0xff, 0xff, 0x87, 0xff,
    0x41, 0xff, 0xfe, 0x61, 0xff, 0xfc, 0xc0, 0xff,
    0xff, 0x87, 0xff, 0x41, 0xff, 0xfe, 0x61, 0xff,
    0xfc, 0xc0, 0xff, 0xff, 0x87, 0xff, 0x41, 0xff,
    0xfe, 0x61, 0xff, 0xfc, 0xc0, 0xff, 0xff, 0x87,
    0xff, 0x41, 0xff, 0xfe, 0x61, 0xff, 0xfc, 0xc0,
    0xff, 0xff, 0x87, 0xff, 0x41, 0xff, 0xfe, 0x61,
    0xff, 0xfc, 0xc0, 0xff, 0xff, 0x87, 0xff, 0x41,
    0xff, 0xfe, 0x61, 0xff, 0xfc, 0xc0, 0xff, 0xff,
    0x87, 0xff, 0x41, 0xff, 0xfe, 0x61, 0xff, 0xfc,
    0xc0, 0xff, 0xff, 0x87, 0xff, 0x41, 0xff, 0xfe,
    0x61, 0xff, 0xfc, 0xc0, 0xff, 0xff, 0x87, 0xff,
    0x41, 0xff, 0xfe, 0x61, 0xff, 0xfc, 0xc0, 0xff,
    0xff, 0x87, 0xff, 0x41, 0xff, 0xfe, 0x61, 0xff,
    0xfc, 0xc0, 0xff, 0xff, 0x87, 0xff, 0x41, 0xff,
    0xfe, 0x61, 0xff, 0xfc, 0xc0, 0xff, 0xff, 0x87,
    0xff, 0x41, 0xff, 0xfe, 0x61, 0xff, 0xfc, 0xc0,
    0xff, 0xff, 0x87, 0xff, 0x41, 0xff, 0xfe, 0x61,
    0xff, 0xfc, 0xc0, 0xff, 0xff, 0x87, 0xff, 0x41,
    0xff, 0xfe, 0x61, 0xff, 0xfc, 0xc0, 0xff, 0xff,
    0x87, 0xff, 0x41, 0xff, 0xfe, 0x61, 0xff, 0xfc,
    0xc0, 0xff, 0xff, 0x87, 0xff, 0x41, 0xff, 0xfe,
    0x61, 0xff, 0xfc, 0xc0, 0xff, 0xff, 0x87, 0xff,
    0x41, 0xff, 0xfe, 0x61, 0xff, 0xfc, 0xc0, 0xff,
    0xff, 0x87, 0xff, 0x41, 0xff, 0xfe, 0x60,

    /* U+004E "N" */
    0x3f, 0xff, 0x9f, 0x7, 0xff, 0xe3, 0xff, 0xf9,
    0x89, 0xff, 0xfd, 0x4, 0x3f, 0xfe, 0xff, 0xff,
    0xcc, 0x4f, 0xff, 0xe8, 0x87, 0xff, 0xdf, 0xff,
    0xf9, 0x89, 0xff, 0xfd, 0x18, 0x3f, 0xfe, 0xdf,
    0xff, 0xcc, 0x4f, 0xff, 0xe9, 0x21, 0xff, 0xf5,
    0xff, 0xfe, 0x62, 0x7f, 0xff, 0x4c, 0x3f, 0xfe,
    0xbf, 0xff, 0xcc, 0x4f, 0xff, 0xe9, 0xc1, 0xff,
    0xf4, 0xff, 0xfe, 0x62, 0x7f, 0xff, 0x50, 0x3f,
    0xfe, 0x9f, 0xff, 0xcc, 0x4f, 0xff, 0xea, 0x87,
    0xff, 0xcf, 0xff, 0xf9, 0x89, 0xff, 0xfd, 0x54,
    0x3f, 0xfe, 0x5f, 0xff, 0xcc, 0x4f, 0xff, 0xeb,
    0x7, 0xff, 0xcb, 0xff, 0xf9, 0x89, 0xff, 0xfd,
    0x68, 0x3f, 0xfe, 0x3f, 0xff, 0xcc, 0x4f, 0xff,
    0xeb, 0xa1, 0xff, 0xf0, 0xff, 0xfe, 0x62, 0x7f,
    0xff, 0x60, 0x3f, 0xfe, 0x1f, 0xff, 0xcc, 0x4f,
    0xff, 0xec, 0x41, 0xff, 0xef, 0xff, 0xfe, 0x62,
    0x7f, 0xff, 0x65, 0xf, 0xff, 0x77, 0xff, 0xf3,
    0x13, 0xff, 0xfb, 0x41, 0xff, 0xee, 0xff, 0xfe,
    0x62, 0x7f, 0xff, 0x6a, 0xf, 0xff, 0x6f, 0xff,
    0xf3, 0x13, 0xff, 0xfb, 0x61, 0xff, 0xed, 0xff,
    0xfe, 0x62, 0x7f, 0xff, 0x70, 0x3f, 0xfd, 0x9f,
    0xff, 0xcc, 0x4f, 0xff, 0xee, 0x21, 0xff, 0xeb,
    0xff, 0xfe, 0x62, 0x7f, 0xff, 0x74, 0x3f, 0xfd,
    0x7f, 0xff, 0xcc, 0x4f, 0xff, 0xee, 0xc1, 0xff,
    0xea, 0xff, 0xfe, 0x62, 0x7f, 0xff, 0x79, 0xf,
    0xff, 0x4f, 0xff, 0xf3, 0x13, 0xff, 0xfb, 0xe1,
    0xff, 0xe9, 0xff, 0xfe, 0x62, 0x7f, 0xff, 0x7e,
    0xf, 0xff, 0x47, 0xff, 0xf3, 0x13, 0xff, 0xfc,
    0x8, 0x7f, 0xf9, 0xff, 0xff, 0x98, 0x9f, 0xff,
    0xe1, 0xf, 0xff, 0x3f, 0xff, 0xf3, 0x13, 0xff,
    0xfc, 0x30, 0x7f, 0xf9, 0xbf, 0xff, 0x98, 0x9f,
    0xff, 0xe2, 0xf, 0xff, 0x37, 0xff, 0xf3, 0x13,
    0xff, 0xfc, 0x61, 0xff, 0xe5, 0xff, 0xfe, 0x62,
    0x7f, 0xff, 0x8d, 0xf, 0xff, 0x27, 0xff, 0xf3,
    0x13, 0xff, 0xfc, 0x81, 0xff, 0xe4, 0xff, 0xfe,
    0x62, 0x7f, 0xff, 0x92, 0xf, 0xff, 0x1f, 0xff,
    0xf3, 0x13, 0xff, 0xfc, 0xa8, 0x7f, 0xf8, 0xbf,
    0xff, 0x98, 0x9f, 0xff, 0xe6, 0xf, 0xff, 0x17,
    0xff, 0xf3, 0x13, 0xff, 0xfc, 0xd0, 0x7f, 0xf8,
    0x7f, 0xff, 0x98, 0x9f, 0xff, 0xe7, 0x43, 0xff,
    0xc1, 0xff, 0xfc, 0xc4, 0xff, 0xff, 0x40, 0x7f,
    0xf8, 0x3f, 0xff, 0x98, 0x9f, 0xff, 0xcc, 0x7f,
    0xff, 0x9f, 0x7, 0xff, 0x7f, 0xff, 0xf9, 0x89,
    0xff, 0xfc, 0xc1, 0xff, 0xfe, 0x78, 0x7f, 0xf7,
    0xff, 0xff, 0x98, 0x9f, 0xff, 0xcc, 0x5, 0xff,
    0xfc, 0xf0, 0xff, 0xef, 0x7f, 0xff, 0x31, 0x3f,
    0xff, 0x98, 0x17, 0xff, 0xf3, 0xd0, 0xff, 0xee,
    0xff, 0xff, 0x31, 0x3f, 0xff, 0x98, 0x13, 0xff,
    0xfc, 0xf0, 0xff, 0xee, 0xff, 0xff, 0x31, 0x3f,
    0xff, 0x98, 0x1b, 0xff, 0xf9, 0xf0, 0x7f, 0xf7,
    0x3f, 0xff, 0x98, 0x9f, 0xff, 0xcc, 0xe, 0xff,
    0xfe, 0x7a, 0x1f, 0xfd, 0xbf, 0xff, 0xe6, 0x27,
    0xff, 0xf3, 0x3, 0xaf, 0xff, 0xe7, 0x87, 0xff,
    0x6f, 0xff, 0xf9, 0x89, 0xff, 0xfc, 0xc0, 0xf7,
    0xff, 0xf3, 0xe0, 0xff, 0xed, 0x7f, 0xff, 0x31,
    0x3f, 0xff, 0x98, 0x1e, 0x7f, 0xff, 0x9e, 0x87,
    0xff, 0x67, 0xff, 0xf9, 0x89, 0xff, 0xfc, 0xc0,
    0xfa, 0xff, 0xfe, 0x78, 0x7f, 0xf6, 0x7f, 0xff,
    0x98, 0x9f, 0xff, 0xcc, 0xf, 0xdf, 0xff, 0xcf,
    0x83, 0xff, 0xb1, 0xff, 0xfc, 0xc4, 0xff, 0xfe,
    0x60, 0x7e, 0x7f, 0xff, 0x9e, 0x1f, 0xfd, 0x8f,
    0xff, 0xe6, 0x27, 0xff, 0xf3, 0x3, 0xfa, 0xff,
    0xfe, 0x78, 0x7f, 0xf5, 0xff, 0xff, 0x98, 0x9f,
    0xff, 0xcc, 0xf, 0xf7, 0xff, 0xf3, 0xd0, 0xff,
    0xeb, 0x7f, 0xff, 0x31, 0x3f, 0xff, 0x98, 0x1f,
    0xe7, 0xff, 0xf9, 0xe1, 0xff, 0xd6, 0xff, 0xfe,
    0x62, 0x7f, 0xff, 0x30, 0x3f, 0xef, 0xff, 0xe7,
    0xc1, 0xff, 0xd5, 0xff, 0xfe, 0x62, 0x7f, 0xff,
    0x30, 0x3f, 0xf8, 0x1f, 0xff, 0xcf, 0x43, 0xff,
    0xa9, 0xff, 0xfc, 0xc4, 0xff, 0xfe, 0x60, 0x7f,
    0xf0, 0x2f, 0xff, 0xe7, 0x87, 0xff, 0x53, 0xff,
    0xf9, 0x89, 0xff, 0xfc, 0xc0, 0xff, 0xe0, 0xff,
    0xff, 0x3e, 0xf, 0xfe, 0x9f, 0xff, 0xf3, 0x13,
    0xff, 0xf9, 0x81, 0xff, 0xc1, 0x7f, 0xff, 0x9e,
    0x87, 0xff, 0x4b, 0xff, 0xf9, 0x89, 0xff, 0xfc,
    0xc0, 0xff, 0xe1, 0x5f, 0xff, 0xcf, 0xf, 0xfe,
    0x97, 0xff, 0xf3, 0x13, 0xff, 0xf9, 0x81, 0xff,
    0xc3, 0xff, 0xfe, 0x7c, 0x1f, 0xfd, 0x1f, 0xff,
    0xe6, 0x27, 0xff, 0xf3, 0x3, 0xff, 0x86, 0xff,
    0xff, 0x3c, 0x3f, 0xfa, 0x3f, 0xff, 0xcc, 0x4f,
    0xff, 0xe6, 0x7, 0xff, 0x12, 0xff, 0xfe, 0x78,
    0x7f, 0xf4, 0x3f, 0xff, 0x98, 0x9f, 0xff, 0xcc,
    0xf, 0xfe, 0x2f, 0xff, 0xf3, 0xd0, 0xff, 0xe7,
    0xff, 0xff, 0x31, 0x3f, 0xff, 0x98, 0x1f, 0xfc,
    0x57, 0xff, 0xf9, 0xe1, 0xff, 0xcf, 0xff, 0xfe,
    0x62, 0x7f, 0xff, 0x30, 0x3f, 0xf8, 0xdf, 0xff,
    0xcf, 0x83, 0xff, 0x9d, 0xff, 0xfc, 0xc4, 0xff,
    0xfe, 0x60, 0x7f, 0xf1, 0xff, 0xff, 0x9e, 0x87,
    0xff, 0x37, 0xff, 0xf9, 0x89, 0xff, 0xfc, 0xc0,
    0xff, 0xe3, 0xdf, 0xff, 0xcf, 0xf, 0xfe, 0x6f,
    0xff, 0xf3, 0x13, 0xff, 0xf9, 0x81, 0xff, 0xc8,
    0xff, 0xfe, 0x7c, 0x1f, 0xfc, 0xcf, 0xff, 0xe6,
    0x27, 0xff, 0xf3, 0x3, 0xff, 0x93, 0xff, 0xfc,
    0xf4, 0x3f, 0xf9, 0x7f, 0xff, 0xcc, 0x4f, 0xff,
    0xe6, 0x7, 0xff, 0x26, 0xff, 0xfe, 0x78, 0x7f,
    0xf2, 0xff, 0xff, 0x98, 0x9f, 0xff, 0xcc, 0xf,
    0xfe, 0x57, 0xff, 0xf3, 0xe0, 0xff, 0xe5, 0x7f,
    0xff, 0x31, 0x3f, 0xff, 0x98, 0x1f, 0xfc, 0xa7,
    0xff, 0xf9, 0xe1, 0xff, 0xca, 0xff, 0xfe, 0x62,
    0x7f, 0xff, 0x30, 0x3f, 0xf9, 0x77, 0xff, 0xf3,
    0xc3, 0xff, 0x93, 0xff, 0xfc, 0xc4, 0xff, 0xfe,
    0x60, 0x7f, 0xf3, 0x3f, 0xff, 0x9e, 0x87, 0xff,
    0x23, 0xff, 0xf9, 0x89, 0xff, 0xfc, 0xc0, 0xff,
    0xe6, 0x3f, 0xff, 0xcf, 0xf, 0xfe, 0x47, 0xff,
    0xf3, 0x13, 0xff, 0xf9, 0x81, 0xff, 0xcd, 0xff,
    0xfe, 0x7c, 0x1f, 0xfc, 0x7f, 0xff, 0xe6, 0x27,
    0xff, 0xf3, 0x3, 0xff, 0x9d, 0xff, 0xfc, 0xf4,
    0x3f, 0xf8, 0xdf, 0xff, 0xcc, 0x4f, 0xff, 0xe6,
    0x7, 0xff, 0x39, 0xff, 0xfe, 0x78, 0x7f, 0xf1,
    0xbf, 0xff, 0x98, 0x9f, 0xff, 0xcc, 0xf, 0xfe,
    0x7f, 0xff, 0xf3, 0xe0, 0xff, 0xe2, 0xff, 0xff,
    0x31, 0x3f, 0xff, 0x98, 0x1f, 0xfd, 0xf, 0xff,
    0xe7, 0xa1, 0xff, 0xc4, 0xff, 0xfe, 0x62, 0x7f,
    0xff, 0x30, 0x3f, 0xfa, 0x17, 0xff, 0xf3, 0xc3,
    0xff, 0x89, 0xff, 0xfc, 0xc4, 0xff, 0xfe, 0x60,
    0x7f, 0xf4, 0x7f, 0xff, 0x9f, 0x7, 0xff, 0xf,
    0xff, 0xf9, 0x89, 0xff, 0xfc, 0xc0, 0xff, 0xe8,
    0xbf, 0xff, 0xcf, 0xf, 0xfe, 0x1f, 0xff, 0xf3,
    0x13, 0xff, 0xf9, 0x81, 0xff, 0xd2, 0xbf, 0xff,
    0x9e, 0x1f, 0xfc, 0x2f, 0xff, 0xe6, 0x27, 0xff,
    0xf3, 0x3, 0xff, 0xa7, 0xff, 0xfc, 0xf4, 0x3f,
    0xf8, 0x3f, 0xff, 0xcc, 0x4f, 0xff, 0xe6, 0x7,
    0xff, 0x4d, 0xff, 0xfe, 0x78, 0x7f, 0xf0, 0x7f,
    0xff, 0x98, 0x9f, 0xff, 0xcc, 0xf, 0xfe, 0xa5,
    0xff, 0xfc, 0xf0, 0xff, 0xe0, 0x7f, 0xff, 0x31,
    0x3f, 0xff, 0x98, 0x1f, 0xfd, 0x5f, 0xff, 0xe7,
    0xa1, 0xff, 0x7f, 0xff, 0x31, 0x3f, 0xff, 0x98,
    0x1f, 0xfd, 0x57, 0xff, 0xf9, 0xe1, 0xff, 0x7f,
    0xff, 0x31, 0x3f, 0xff, 0x98, 0x1f, 0xfd, 0x6f,
    0xff, 0xe7, 0xc1, 0xfe, 0xff, 0xfe, 0x62, 0x7f,
    0xff, 0x30, 0x3f, 0xfa, 0xff, 0xff, 0xcf, 0x43,
    0xfb, 0xff, 0xf9, 0x89, 0xff, 0xfc, 0xc0, 0xff,
    0xeb, 0xdf, 0xff, 0xcf, 0xf, 0xef, 0xff, 0xe6,
    0x27, 0xff, 0xf3, 0x3, 0xff, 0xb1, 0xff, 0xfc,
    0xf8, 0x3f, 0x7f, 0xff, 0x31, 0x3f, 0xff, 0x98,
    0x1f, 0xfd, 0x87, 0xff, 0xf9, 0xe1, 0xfb, 0xff,
    0xf9, 0x89, 0xff, 0xfc, 0xc0, 0xff, 0xec, 0xdf,
    0xff, 0xcf, 0xf, 0xbf, 0xff, 0x98, 0x9f, 0xff,
    0xcc, 0xf, 0xfe, 0xd7, 0xff, 0xf3, 0xd0, 0xf7,
    0xff, 0xf3, 0x13, 0xff, 0xf9, 0x81, 0xff, 0xda,
    0x7f, 0xff, 0x9e, 0x1e, 0xff, 0xfe, 0x62, 0x7f,
    0xff, 0x30, 0x3f, 0xfb, 0x77, 0xff, 0xf3, 0xc3,
    0xbf, 0xff, 0x98, 0x9f, 0xff, 0xcc, 0xf, 0xfe,
    0xe7, 0xff, 0xf3, 0xd0, 0xdf, 0xff, 0xcc, 0x4f,
    0xff, 0xe6, 0x7, 0xff, 0x71, 0xff, 0xfe, 0x78,
    0x6f, 0xff, 0xe6, 0x27, 0xff, 0xf3, 0x3, 0xff,
    0xbb, 0xff, 0xfc, 0xf8, 0x2f, 0xff, 0xe6, 0x27,
    0xff, 0xf3, 0x3, 0xff, 0xbd, 0xff, 0xfc, 0xf4,
    0x1f, 0xff, 0xcc, 0x4f, 0xff, 0xe6, 0x7, 0xff,
    0x7a, 0xff, 0xfe, 0x78, 0x3f, 0xff, 0x98, 0x9f,
    0xff, 0xcc, 0xf, 0xfe, 0xff, 0xff, 0xf3, 0xe3,
    0xff, 0xf9, 0x89, 0xff, 0xfc, 0xc0, 0xff, 0xef,
    0xbf, 0xff, 0xcf, 0x7f, 0xff, 0x98, 0x9f, 0xff,
    0xcc, 0xf, 0xff, 0x5, 0xff, 0xfe, 0x74, 0xff,
    0xfe, 0x60, 0x7f, 0xf8, 0x7f, 0xff, 0xce, 0x9f,
    0xff, 0xcc, 0xf, 0xff, 0xb, 0xff, 0xfe, 0x64,
    0xff, 0xfe, 0x60, 0x7f, 0xf8, 0xaf, 0xff, 0xf2,
    0xa7, 0xff, 0xf3, 0x3, 0xff, 0xc7, 0xff, 0xfe,
    0x54, 0xff, 0xfe, 0x60, 0x7f, 0xf8, 0xdf, 0xff,
    0xf2, 0x27, 0xff, 0xf3, 0x3, 0xff, 0xc9, 0xff,
    0xfe, 0x44, 0xff, 0xfe, 0x60, 0x7f, 0xf9, 0x7f,
    0xff, 0xc6, 0x9f, 0xff, 0xcc, 0xf, 0xff, 0x2d,
    0xff, 0xfe, 0x24, 0xff, 0xfe, 0x60, 0x7f, 0xf9,
    0xbf, 0xff, 0xc4, 0x9f, 0xff, 0xcc, 0xf, 0xff,
    0x3f, 0xff, 0xf8, 0x53, 0xff, 0xf9, 0x81, 0xff,
    0xe7, 0xbf, 0xff, 0xc0, 0x9f, 0xff, 0xcc, 0xf,
    0xff, 0x47, 0xff, 0xf8, 0x13, 0xff, 0xf9, 0x81,
    0xff, 0xe8, 0x7f, 0xff, 0xbe, 0x9f, 0xff, 0xcc,
    0xf, 0xff, 0x4d, 0xff, 0xfd, 0xe4, 0xff, 0xfe,
    0x60, 0x7f, 0xfa, 0xbf, 0xff, 0xbc, 0x9f, 0xff,
    0xcc, 0xf, 0xff, 0x53, 0xff, 0xfd, 0xd4, 0xff,
    0xfe, 0x60, 0x7f, 0xfa, 0xff, 0xff, 0xba, 0x9f,
    0xff, 0xcc, 0xf, 0xff, 0x67, 0xff, 0xf7, 0x13,
    0xff, 0xf9, 0x81, 0xff, 0xec, 0x7f, 0xff, 0xb6,
    0x9f, 0xff, 0xcc, 0xf, 0xff, 0x6f, 0xff, 0xf6,
    0xd3, 0xff, 0xf9, 0x81, 0xff, 0xee, 0xff, 0xfe,
    0xd2, 0x7f, 0xff, 0x30, 0x3f, 0xfd, 0xd7, 0xff,
    0xf6, 0x53, 0xff, 0xf9, 0x81, 0xff, 0xef, 0xff,
    0xfe, 0xca, 0x7f, 0xff, 0x30, 0x3f, 0xfd, 0xef,
    0xff, 0xf6, 0x13, 0xff, 0xf9, 0x81, 0xff, 0xf0,
    0xbf, 0xff, 0xae, 0x9f, 0xff, 0xcc, 0xf, 0xff,
    0x8f, 0xff, 0xf5, 0xd3, 0xff, 0xf9, 0x81, 0xff,
    0xf1, 0x7f, 0xff, 0xac, 0x9f, 0xff, 0xcc, 0xf,
    0xff, 0x95, 0xff, 0xfd, 0x54, 0xff, 0xfe, 0x60,
    0x7f, 0xfc, 0xff, 0xff, 0xaa, 0x9f, 0xff, 0xcc,
    0xf, 0xff, 0x9b, 0xff, 0xfd, 0x44, 0xff, 0xfe,
    0x60, 0x7f, 0xfd, 0x3f, 0xff, 0xa8, 0x9f, 0xff,
    0xcc, 0xf, 0xff, 0xaf, 0xff, 0xf4, 0xd3, 0xff,
    0xf9, 0x81, 0xff, 0xf5, 0xbf, 0xff, 0xa4, 0x9f,
    0xff, 0xcc, 0xf, 0xff, 0xb7, 0xff, 0xf4, 0x93,
    0xff, 0xf9, 0x81, 0xff, 0xf6, 0x7f, 0xff, 0xa2,
    0x9f, 0xff, 0xcc, 0xf, 0xff, 0xbd, 0xff, 0xfd,
    0x4, 0xff, 0xfe, 0x60, 0x7f, 0xfe, 0x3f, 0xff,
    0xa0, 0x9f, 0xff, 0xcc, 0xf, 0xff, 0xc3, 0xff,
    0xfc, 0xf4, 0xff, 0xfe, 0x60, 0x7f, 0xfe, 0x6f,
    0xff, 0xe7, 0x20,

    /* U+004F "O" */
    0xf, 0xff, 0x9a, 0xa9, 0xff, 0xfc, 0x1a, 0x28,
    0x3f, 0xff, 0xe1, 0xff, 0xe0, 0x6f, 0xff, 0xe8,
    0x51, 0xf, 0xff, 0xf8, 0x7f, 0xf5, 0x9b, 0xff,
    0xfb, 0x32, 0x1f, 0xff, 0xf0, 0xff, 0xe7, 0xdf,
    0xff, 0xe1, 0x43, 0xff, 0xfe, 0x1f, 0xfc, 0x97,
    0xff, 0xfc, 0xe8, 0x7f, 0xff, 0xc3, 0xff, 0x86,
    0xdf, 0xff, 0xeb, 0x90, 0xff, 0xff, 0x87, 0xf9,
    0xff, 0xff, 0x8a, 0x1f, 0xff, 0xf0, 0xf3, 0xff,
    0xff, 0x54, 0x3f, 0xff, 0xe0, 0x7f, 0xff, 0xf2,
    0x87, 0xff, 0xfb, 0xff, 0xff, 0x90, 0x7f, 0xfe,
    0xef, 0xff, 0xff, 0xc1, 0xff, 0xf7, 0x7f, 0xff,
    0xff, 0xf9, 0xf, 0xff, 0xa5, 0xff, 0xff, 0xff,
    0xf4, 0x1f, 0xff, 0x17, 0xff, 0xff, 0xff, 0xfe,
    0xf, 0xff, 0x7d, 0xff, 0xff, 0xff, 0xff, 0xe0,
    0x21, 0xff, 0xec, 0xbf, 0xff, 0xff, 0xff, 0xfc,
    0x28, 0x3f, 0xfd, 0x5f, 0xff, 0xff, 0xff, 0xfe,
    0x30, 0x7f, 0xfa, 0x3f, 0xff, 0xff, 0xff, 0xfc,
    0x80, 0xff, 0xf2, 0xbf, 0xff, 0xff, 0xff, 0xfe,
    0x50, 0x7f, 0xf8, 0xdf, 0xff, 0xff, 0xff, 0xff,
    0x30, 0x3f, 0xfc, 0x2f, 0xff, 0xff, 0xff, 0xff,
    0x9c, 0x1f, 0xfd, 0xf7, 0xff, 0xff, 0xff, 0xff,
    0xd0, 0xf, 0xfe, 0xeb, 0xff, 0xff, 0xff, 0xff,
    0xe9, 0x7, 0xff, 0x73, 0xff, 0xfc, 0x54, 0x5c,
    0x12, 0xea, 0x7f, 0xff, 0x88, 0x3f, 0xfb, 0x5f,
    0xff, 0xde, 0x90, 0xff, 0xe4, 0xb7, 0xff, 0xf7,
    0x83, 0xff, 0xb1, 0xff, 0xfd, 0xc8, 0x3f, 0xfa,
    0xd, 0xff, 0xfd, 0xb8, 0x3f, 0xfa, 0xd7, 0xff,
    0xf6, 0x64, 0x3f, 0xfa, 0xad, 0xff, 0xfd, 0x94,
    0x3f, 0xfa, 0x8f, 0xff, 0xf6, 0x20, 0xff, 0xed,
    0xdf, 0xff, 0xd8, 0x43, 0xff, 0xa7, 0xff, 0xfd,
    0x78, 0x3f, 0xfb, 0xf7, 0xff, 0xf5, 0xc3, 0xff,
    0xa5, 0xff, 0xfd, 0x70, 0xff, 0xf1, 0x3f, 0xff,
    0xd7, 0xf, 0xfe, 0x85, 0xff, 0xfd, 0x54, 0x3f,
    0xfc, 0xb7, 0xff, 0xf5, 0x50, 0xff, 0xe7, 0x3f,
    0xff, 0xd5, 0xf, 0xff, 0x4f, 0xff, 0xf5, 0x43,
    0xff, 0x9d, 0xff, 0xfd, 0x48, 0x3f, 0xfd, 0x77,
    0xff, 0xf5, 0x3, 0xff, 0x99, 0x7f, 0xff, 0x4e,
    0xf, 0xff, 0x6d, 0xff, 0xfd, 0x34, 0x3f, 0xf9,
    0x7f, 0xff, 0xd3, 0x43, 0xff, 0xde, 0xff, 0xff,
    0x4c, 0x3f, 0xf9, 0x57, 0xff, 0xf4, 0x90, 0xff,
    0xf8, 0xbf, 0xff, 0xd2, 0x83, 0xff, 0x90, 0xff,
    0xff, 0x49, 0xf, 0xff, 0x9b, 0xff, 0xfd, 0x20,
    0xff, 0xe4, 0x7f, 0xff, 0x49, 0xf, 0xff, 0xab,
    0xff, 0xfd, 0x18, 0x3f, 0xf8, 0xcf, 0xff, 0xf4,
    0x60, 0xff, 0xfb, 0xdf, 0xff, 0xd1, 0xf, 0xfe,
    0x37, 0xff, 0xf4, 0x83, 0xff, 0xf3, 0xff, 0xfd,
    0x18, 0x3f, 0xf8, 0x8f, 0xff, 0xf4, 0x43, 0xff,
    0xf7, 0xff, 0xfd, 0x10, 0xff, 0xe2, 0x7f, 0xff,
    0x45, 0xf, 0xff, 0xdb, 0xff, 0xfd, 0x8, 0x3f,
    0xf8, 0x4f, 0xff, 0xf4, 0x20, 0xff, 0xfe, 0xdf,
    0xff, 0xd0, 0xf, 0xfe, 0x15, 0xff, 0xfd, 0x0,
    0xff, 0xff, 0xff, 0xff, 0x42, 0xf, 0xfe, 0xf,
    0xff, 0xf4, 0x10, 0xff, 0xff, 0xbf, 0xff, 0xd0,
    0xf, 0xfe, 0x5, 0xff, 0xfc, 0xf8, 0x3f, 0xff,
    0xe0, 0xbf, 0xff, 0x9e, 0x87, 0xfd, 0xff, 0xfd,
    0x0, 0xff, 0xff, 0x86, 0xff, 0xfe, 0x80, 0x7f,
    0x9f, 0xff, 0xe7, 0xc1, 0xff, 0xff, 0xd, 0x7f,
    0xff, 0x3c, 0x3f, 0xd7, 0xff, 0xf3, 0xc3, 0xff,
    0xfe, 0x1e, 0xff, 0xfe, 0x7a, 0x1f, 0xdf, 0xff,
    0xcf, 0x83, 0xff, 0xfe, 0x1e, 0xbf, 0xff, 0x9e,
    0x1f, 0x9f, 0xff, 0xe7, 0xa1, 0xff, 0xff, 0xf,
    0x3f, 0xff, 0xcf, 0xf, 0xd7, 0xff, 0xf3, 0xc3,
    0xff, 0xfe, 0x1f, 0xbf, 0xff, 0x9e, 0x87, 0xdf,
    0xff, 0xcf, 0x43, 0xff, 0xfe, 0x1f, 0x9f, 0xff,
    0xe7, 0x41, 0xf7, 0xff, 0xf3, 0xc3, 0xff, 0xfe,
    0x1f, 0xef, 0xff, 0xe7, 0x87, 0x9f, 0xff, 0xe7,
    0x41, 0xff, 0xff, 0xf, 0xf5, 0xff, 0xfc, 0xe4,
    0x3a, 0xff, 0xfe, 0x72, 0x1f, 0xff, 0xf0, 0xff,
    0x3f, 0xff, 0xce, 0x83, 0xbf, 0xff, 0x9e, 0x1f,
    0xff, 0xf0, 0xff, 0xe0, 0x7f, 0xff, 0x3c, 0x3b,
    0xff, 0xf9, 0xd0, 0x7f, 0xff, 0xc3, 0xff, 0x81,
    0xff, 0xfc, 0xf0, 0xcf, 0xff, 0xf3, 0x90, 0xff,
    0xff, 0x87, 0xff, 0x2, 0xff, 0xfe, 0x70, 0x6b,
    0xff, 0xf9, 0xc1, 0xff, 0xff, 0xf, 0xfe, 0xb,
    0xff, 0xfc, 0xe4, 0x2f, 0xff, 0xe7, 0x87, 0xff,
    0xfc, 0x3f, 0xf8, 0x5f, 0xff, 0xce, 0x82, 0xff,
    0xfe, 0x74, 0x1f, 0xff, 0xf0, 0xff, 0xe1, 0x7f,
    0xff, 0x3c, 0x2f, 0xff, 0xe7, 0x41, 0xff, 0xff,
    0xf, 0xfe, 0x15, 0xff, 0xfc, 0xe0, 0x3f, 0xff,
    0xce, 0x43, 0xff, 0xfe, 0x1f, 0xfc, 0x27, 0xff,
    0xf9, 0xc0, 0x7f, 0xff, 0x9c, 0x1f, 0xff, 0xf0,
    0xff, 0xe1, 0xbf, 0xff, 0xce, 0x5, 0xff, 0xfc,
    0xe0, 0xff, 0xff, 0x87, 0xff, 0x13, 0xff, 0xf9,
    0xc9, 0x7f, 0xff, 0x38, 0x3f, 0xff, 0xe1, 0xff,
    0xc4, 0xff, 0xfe, 0x72, 0x5f, 0xff, 0xcd, 0x83,
    0xff, 0xfe, 0x1f, 0xfc, 0x4f, 0xff, 0xe7, 0x47,
    0xff, 0xf3, 0xa0, 0xff, 0xff, 0x87, 0xff, 0x12,
    0xff, 0xfe, 0x6c, 0x7f, 0xff, 0x3a, 0xf, 0xff,
    0xf8, 0x7f, 0xf1, 0x2f, 0xff, 0xe6, 0xc7, 0xff,
    0xf3, 0x90, 0xff, 0xff, 0x87, 0xff, 0x12, 0xff,
    0xfe, 0x71, 0xff, 0xfc, 0xe4, 0x3f, 0xff, 0xe1,
    0xff, 0xc4, 0xbf, 0xff, 0x9c, 0x7f, 0xff, 0x39,
    0xf, 0xff, 0xf8, 0x7f, 0xf1, 0x1f, 0xff, 0xe7,
    0x1f, 0xff, 0xce, 0x43, 0xff, 0xfe, 0x1f, 0xfc,
    0x47, 0xff, 0xf9, 0xc7, 0xff, 0xf3, 0x90, 0xff,
    0xff, 0x87, 0xff, 0x11, 0xff, 0xfe, 0x71, 0xff,
    0xfc, 0xe0, 0xff, 0xff, 0x87, 0xff, 0x15, 0xff,
    0xfe, 0x71, 0xff, 0xfc, 0xe0, 0xff, 0xff, 0x87,
    0xff, 0x15, 0xff, 0xfe, 0x71, 0xff, 0xfc, 0xe0,
    0xff, 0xff, 0x87, 0xff, 0x15, 0xff, 0xfe, 0x71,
    0xff, 0xfc, 0xe0, 0xff, 0xff, 0x87, 0xff, 0x15,
    0xff, 0xfe, 0x71, 0xff, 0xfc, 0xe4, 0x3f, 0xff,
    0xe1, 0xff, 0xc4, 0xbf, 0xff, 0x9c, 0x7f, 0xff,
    0x39, 0xf, 0xff, 0xf8, 0x7f, 0xf1, 0x2f, 0xff,
    0xe7, 0x1f, 0xff, 0xce, 0x43, 0xff, 0xfe, 0x1f,
    0xfc, 0x4b, 0xff, 0xf9, 0xc7, 0xff, 0xf3, 0x90,
    0xff, 0xff, 0x87, 0xff, 0x12, 0xff, 0xfe, 0x71,
    0xff, 0xfc, 0xe8, 0x3f, 0xff, 0xe1, 0xff, 0xc4,
    0xff, 0xfe, 0x74, 0x7f, 0xff, 0x3a, 0xf, 0xff,
    0xf8, 0x7f, 0xf1, 0x3f, 0xff, 0x9d, 0x1f, 0xff,
    0xce, 0x83, 0xff, 0xfe, 0x1f, 0xfc, 0x4f, 0xff,
    0xe7, 0x45, 0xff, 0xfc, 0xe0, 0xff, 0xff, 0x87,
    0xff, 0x13, 0xff, 0xf9, 0xc9, 0x7f, 0xff, 0x38,
    0x3f, 0xff, 0xe1, 0xff, 0xc3, 0x7f, 0xff, 0x9c,
    0x8f, 0xff, 0xf3, 0x83, 0xff, 0xfe, 0x1f, 0xfc,
    0x37, 0xff, 0xf9, 0xc0, 0x7f, 0xff, 0x9c, 0x87,
    0xff, 0xfc, 0x3f, 0xf8, 0x57, 0xff, 0xf3, 0x82,
    0xff, 0xfe, 0x72, 0x1f, 0xff, 0xf0, 0xff, 0xe1,
    0x7f, 0xff, 0x3c, 0x2f, 0xff, 0xe7, 0x41, 0xff,
    0xff, 0xf, 0xfe, 0x17, 0xff, 0xf3, 0xc2, 0xff,
    0xfe, 0x78, 0x7f, 0xff, 0xc3, 0xff, 0x82, 0xff,
    0xff, 0x3a, 0xa, 0xff, 0xfe, 0x70, 0x7f, 0xff,
    0xc3, 0xff, 0x83, 0x7f, 0xff, 0x39, 0x9, 0xff,
    0xfe, 0x72, 0x1f, 0xff, 0xf0, 0xff, 0xe0, 0x7f,
    0xff, 0x3c, 0x3b, 0xff, 0xf9, 0xd0, 0x7f, 0xff,
    0xc3, 0xff, 0x81, 0xff, 0xfc, 0xf0, 0xef, 0xff,
    0xe7, 0x87, 0xff, 0xfc, 0x3f, 0xe7, 0xff, 0xf9,
    0xe1, 0xdf, 0xff, 0xcf, 0x43, 0xff, 0xfe, 0x1f,
    0xeb, 0xff, 0xf9, 0xd0, 0x75, 0xff, 0xfc, 0xe8,
    0x3f, 0xff, 0xe1, 0xfe, 0xff, 0xfe, 0x7a, 0x1c,
    0xff, 0xff, 0x3c, 0x3f, 0xff, 0xe1, 0xfc, 0xff,
    0xff, 0x3c, 0x3e, 0xff, 0xfe, 0x7a, 0x1f, 0xff,
    0xf0, 0xfd, 0x7f, 0xff, 0x3c, 0x3e, 0xbf, 0xff,
    0x9e, 0x1f, 0xff, 0xf0, 0xfd, 0xff, 0xfc, 0xf8,
    0x3e, 0x7f, 0xff, 0x9e, 0x1f, 0xff, 0xf0, 0xfa,
    0xff, 0xfe, 0x78, 0x7f, 0x7f, 0xff, 0x3e, 0xf,
    0xff, 0xf8, 0x7b, 0xff, 0xfa, 0x1, 0xfd, 0x7f,
    0xff, 0x3c, 0x3f, 0xff, 0xe1, 0xcf, 0xff, 0xf3,
    0xe0, 0xfe, 0x7f, 0xff, 0x9f, 0x7, 0xff, 0xfc,
    0x37, 0xff, 0xf4, 0x3, 0xfe, 0xff, 0xfe, 0x80,
    0x7f, 0xff, 0xc2, 0x7f, 0xff, 0xa0, 0x1f, 0xf5,
    0xff, 0xfc, 0xf8, 0x3f, 0xff, 0xe0, 0xff, 0xfe,
    0x82, 0x1f, 0xfc, 0xf, 0xff, 0xe8, 0x21, 0xff,
    0xff, 0xbf, 0xff, 0xa0, 0x1f, 0xfc, 0x1f, 0xff,
    0xe8, 0x87, 0xff, 0xff, 0xff, 0xfa, 0x10, 0x7f,
    0xf0, 0x5f, 0xff, 0xe8, 0x41, 0xff, 0xfd, 0xff,
    0xfe, 0x88, 0x7f, 0xf0, 0xff, 0xff, 0xa2, 0x87,
    0xff, 0xee, 0xff, 0xfe, 0x84, 0x1f, 0xfc, 0x37,
    0xff, 0xfa, 0x21, 0xff, 0xfb, 0xff, 0xfe, 0x88,
    0x7f, 0xf1, 0x7f, 0xff, 0xa3, 0x7, 0xff, 0xe7,
    0xff, 0xfa, 0x30, 0x7f, 0xf1, 0x5f, 0xff, 0xe8,
    0xc1, 0xff, 0xf7, 0xff, 0xfe, 0x90, 0x7f, 0xf1,
    0xff, 0xff, 0xa4, 0x87, 0xff, 0xd6, 0xff, 0xfe,
    0x8c, 0x1f, 0xfc, 0x77, 0xff, 0xfa, 0x48, 0x7f,
    0xfc, 0xef, 0xff, 0xe9, 0x7, 0xff, 0x27, 0xff,
    0xfa, 0x68, 0x7f, 0xfc, 0x6f, 0xff, 0xe9, 0x41,
    0xff, 0xca, 0xff, 0xfe, 0x9a, 0x1f, 0xfe, 0xfb,
    0xff, 0xfa, 0x61, 0xff, 0xcb, 0xbf, 0xff, 0xa6,
    0x87, 0xff, 0xb6, 0xff, 0xfe, 0x9a, 0x1f, 0xfc,
    0xcf, 0xff, 0xea, 0x41, 0xff, 0xeb, 0xff, 0xfe,
    0xa8, 0x7f, 0xf3, 0x5f, 0xff, 0xea, 0x87, 0xff,
    0xa1, 0xff, 0xfe, 0xa8, 0x7f, 0xf3, 0xef, 0xff,
    0xea, 0xa1, 0xff, 0xe5, 0xbf, 0xff, 0xaa, 0x87,
    0xff, 0x43, 0xff, 0xfa, 0xe1, 0xff, 0xe2, 0x7f,
    0xff, 0xae, 0x1f, 0xfd, 0x17, 0xff, 0xfa, 0xf0,
    0x7f, 0xf7, 0xef, 0xff, 0xeb, 0x87, 0xff, 0x4e,
    0xff, 0xfe, 0xc4, 0x1f, 0xfd, 0xbb, 0xff, 0xfb,
    0x8, 0x7f, 0xf5, 0x2f, 0xff, 0xec, 0xc8, 0x7f,
    0xf5, 0x5b, 0xff, 0xfb, 0x30, 0x7f, 0xf5, 0xbf,
    0xff, 0xb9, 0x7, 0xff, 0x41, 0xbf, 0xff, 0xb7,
    0x7, 0xff, 0x63, 0xff, 0xfb, 0xd2, 0x1f, 0xfc,
    0x96, 0xff, 0xfe, 0xf0, 0x7f, 0xf6, 0x5f, 0xff,
    0xf1, 0x51, 0x70, 0x4b, 0xa9, 0xff, 0xfe, 0x20,
    0xff, 0xed, 0xbf, 0xff, 0xff, 0xff, 0xfe, 0x90,
    0x7f, 0xf7, 0x5f, 0xff, 0xff, 0xff, 0xff, 0x40,
    0x3f, 0xfb, 0xef, 0xff, 0xff, 0xff, 0xff, 0x9c,
    0x1f, 0xfe, 0x17, 0xff, 0xff, 0xff, 0xff, 0xcc,
    0xf, 0xff, 0x1b, 0xff, 0xff, 0xff, 0xff, 0xe5,
    0x7, 0xff, 0x95, 0xff, 0xff, 0xff, 0xff, 0xf2,
    0x3, 0xff, 0xd1, 0xff, 0xff, 0xff, 0xff, 0xe3,
    0x7, 0xff, 0xab, 0xff, 0xff, 0xff, 0xff, 0xc3,
    0x83, 0xff, 0xd9, 0x7f, 0xff, 0xff, 0xff, 0xf8,
    0x8, 0x7f, 0xfb, 0x9f, 0xff, 0xff, 0xff, 0xf8,
    0x3f, 0xfe, 0x57, 0xff, 0xff, 0xff, 0xd0, 0x7f,
    0xfd, 0x1f, 0xff, 0xff, 0xfe, 0x43, 0xff, 0xef,
    0x7f, 0xff, 0xfe, 0xf, 0xff, 0xd3, 0xff, 0xff,
    0xc8, 0x3f, 0xff, 0xcf, 0xff, 0xfe, 0x50, 0xff,
    0xff, 0x82, 0xff, 0xff, 0xaa, 0x1f, 0xff, 0xf0,
    0xf3, 0xff, 0xff, 0x14, 0x3f, 0xff, 0xe1, 0xfe,
    0x7f, 0xff, 0xd9, 0x21, 0xff, 0xff, 0xf, 0xfe,
    0x1d, 0xff, 0xfe, 0x74, 0x3f, 0xff, 0xe1, 0xff,
    0xc8, 0x6f, 0xff, 0xf0, 0xc1, 0xff, 0xff, 0xf,
    0xfe, 0x7b, 0x7f, 0xff, 0x66, 0x43, 0xff, 0xfe,
    0x1f, 0xfd, 0x66, 0xff, 0xfe, 0x8c, 0x87, 0xff,
    0xfc, 0x3f, 0xfb, 0xea, 0xab, 0xff, 0xf8, 0x34,
    0x50, 0x7f, 0xfc, 0x80,

    /* U+0050 "P" */
    0x3f, 0xff, 0xe7, 0x45, 0x83, 0xff, 0xbf, 0xff,
    0xff, 0xb9, 0xf, 0xfe, 0xd7, 0xff, 0xff, 0xe4,
    0x3f, 0xfa, 0xdf, 0xff, 0xff, 0xfd, 0x7, 0xff,
    0x4f, 0xff, 0xff, 0xff, 0xf4, 0x1f, 0xfd, 0xf,
    0xff, 0xff, 0xff, 0xf4, 0x1f, 0xfc, 0xef, 0xff,
    0xff, 0xff, 0xff, 0x1, 0xf, 0xfe, 0x5f, 0xff,
    0xff, 0xff, 0xff, 0x83, 0x7, 0xff, 0x2b, 0xff,
    0xff, 0xff, 0xff, 0xc3, 0x83, 0xff, 0x91, 0xff,
    0xff, 0xff, 0xff, 0xe2, 0xa1, 0xff, 0xc6, 0xff,
    0xff, 0xff, 0xff, 0xf1, 0xa0, 0xff, 0xe2, 0xff,
    0xff, 0xff, 0xff, 0xf9, 0x1, 0xff, 0xc4, 0xff,
    0xff, 0xff, 0xff, 0xf2, 0x43, 0xff, 0x87, 0xff,
    0xff, 0xff, 0xff, 0xe5, 0x21, 0xff, 0xc1, 0xff,
    0xff, 0xff, 0xff, 0xf2, 0xd0, 0xff, 0xe0, 0x7f,
    0xff, 0xff, 0xff, 0xf9, 0x81, 0xff, 0xc0, 0xff,
    0xff, 0xff, 0xff, 0xf3, 0x43, 0xfe, 0xff, 0xff,
    0xff, 0xff, 0xf3, 0x83, 0xfd, 0xff, 0xff, 0xff,
    0xff, 0xe7, 0x41, 0xfd, 0xff, 0xff, 0xff, 0xff,
    0xe7, 0xa1, 0xfb, 0xff, 0xff, 0xff, 0xff, 0xd0,
    0xf, 0xdf, 0xff, 0xcd, 0xaf, 0xfe, 0xb7, 0xff,
    0xf8, 0x20, 0xfb, 0xff, 0xf9, 0xa1, 0xff, 0xda,
    0x55, 0xff, 0xfd, 0xa0, 0xfb, 0xff, 0xf9, 0xa1,
    0xff, 0xde, 0x6f, 0xff, 0xeb, 0xc1, 0xef, 0xff,
    0xe6, 0x87, 0xff, 0x86, 0xff, 0xfe, 0xb0, 0x7b,
    0xff, 0xf9, 0xa1, 0xff, 0xe3, 0xbf, 0xff, 0xa9,
    0x7, 0x7f, 0xff, 0x34, 0x3f, 0xfc, 0xbf, 0xff,
    0xd4, 0xe, 0xff, 0xfe, 0x68, 0x7f, 0xf9, 0xaf,
    0xff, 0xe9, 0x21, 0xbf, 0xff, 0x9a, 0x1f, 0xfe,
    0x77, 0xff, 0xfa, 0x41, 0xbf, 0xff, 0x9a, 0x1f,
    0xfe, 0x87, 0xff, 0xfa, 0x21, 0xbf, 0xff, 0x9a,
    0x1f, 0xfe, 0x9b, 0xff, 0xfa, 0x10, 0x5f, 0xff,
    0xcd, 0xf, 0xff, 0x57, 0xff, 0xf4, 0x42, 0xff,
    0xfe, 0x68, 0x7f, 0xfa, 0xff, 0xff, 0xa0, 0x17,
    0xff, 0xf3, 0x43, 0xff, 0xd7, 0x7f, 0xff, 0x3c,
    0x2f, 0xff, 0xe6, 0x87, 0xff, 0xb3, 0xff, 0xf9,
    0xe8, 0x3f, 0xff, 0x9a, 0x1f, 0xfe, 0xcb, 0xff,
    0xf9, 0xd0, 0x3f, 0xff, 0x9a, 0x1f, 0xfe, 0xc7,
    0xff, 0xf9, 0xe0, 0xff, 0xfe, 0x68, 0x7f, 0xfb,
    0x7f, 0xff, 0x9e, 0xf, 0xff, 0xe6, 0x87, 0xff,
    0xb6, 0xff, 0xfe, 0x70, 0x3f, 0xff, 0x9a, 0x1f,
    0xfe, 0xdb, 0xff, 0xf9, 0xc0, 0xff, 0xfe, 0x68,
    0x7f, 0xfb, 0x5f, 0xff, 0xe7, 0x27, 0xff, 0xf3,
    0x43, 0xff, 0xdd, 0xff, 0xfc, 0xe4, 0xff, 0xfe,
    0x68, 0x7f, 0xfb, 0xbf, 0xff, 0x9c, 0x9f, 0xff,
    0xcd, 0xf, 0xff, 0x77, 0xff, 0xf3, 0x93, 0xff,
    0xf9, 0xa1, 0xff, 0xee, 0xff, 0xfe, 0x74, 0x7f,
    0xff, 0x34, 0x3f, 0xfd, 0xdf, 0xff, 0xce, 0x8f,
    0xff, 0xe6, 0x87, 0xff, 0xbb, 0xff, 0xf9, 0xd1,
    0xff, 0xfc, 0xd0, 0xff, 0xf7, 0x7f, 0xff, 0x3a,
    0x3f, 0xff, 0x9a, 0x1f, 0xfe, 0xef, 0xff, 0xe7,
    0x47, 0xff, 0xf3, 0x43, 0xff, 0xdd, 0xff, 0xfc,
    0xe4, 0xff, 0xfe, 0x68, 0x7f, 0xfb, 0xbf, 0xff,
    0x9c, 0x9f, 0xff, 0xcd, 0xf, 0xff, 0x77, 0xff,
    0xf3, 0x93, 0xff, 0xf9, 0xa1, 0xff, 0xed, 0x7f,
    0xff, 0x9c, 0x9f, 0xff, 0xcd, 0xf, 0xff, 0x6b,
    0xff, 0xfc, 0xe0, 0x7f, 0xff, 0x34, 0x3f, 0xfd,
    0xb7, 0xff, 0xf3, 0x81, 0xff, 0xfc, 0xd0, 0xff,
    0xf6, 0xff, 0xff, 0x3c, 0x1f, 0xff, 0xcd, 0xf,
    0xff, 0x63, 0xff, 0xfc, 0xf0, 0x7f, 0xff, 0x34,
    0x3f, 0xfd, 0x97, 0xff, 0xf3, 0xa0, 0x7f, 0xff,
    0x34, 0x3f, 0xfd, 0x9f, 0xff, 0xcf, 0x41, 0xff,
    0xfc, 0xd0, 0xff, 0xf5, 0xdf, 0xff, 0xcf, 0xb,
    0xff, 0xf9, 0xa1, 0xff, 0xeb, 0xff, 0xfe, 0x80,
    0x5f, 0xff, 0xcd, 0xf, 0xff, 0x55, 0xff, 0xfc,
    0xf8, 0x2f, 0xff, 0xe6, 0x87, 0xff, 0xa5, 0xff,
    0xfe, 0x82, 0x17, 0xff, 0xf3, 0x43, 0xff, 0xd3,
    0xff, 0xfd, 0x10, 0xdf, 0xff, 0xcd, 0xf, 0xff,
    0x47, 0xff, 0xf4, 0x83, 0x7f, 0xff, 0x34, 0x3f,
    0xfc, 0xcf, 0xff, 0xf4, 0x90, 0xdf, 0xff, 0xcd,
    0xf, 0xff, 0x2d, 0xff, 0xfd, 0x30, 0xef, 0xff,
    0xe6, 0x87, 0xff, 0x93, 0xff, 0xfa, 0x90, 0x77,
    0xff, 0xf3, 0x43, 0xff, 0xc5, 0x7f, 0xff, 0x54,
    0x3d, 0xff, 0xfc, 0xd0, 0xff, 0xef, 0xbf, 0xff,
    0xd7, 0x83, 0xdf, 0xff, 0xcd, 0xf, 0xfe, 0xe3,
    0xff, 0xfd, 0xa0, 0xfb, 0xff, 0xf9, 0xab, 0xff,
    0xd6, 0xab, 0xff, 0xfb, 0xb0, 0x7d, 0xff, 0xff,
    0xff, 0xff, 0xe8, 0x7, 0xef, 0xff, 0xff, 0xff,
    0xff, 0x3d, 0xf, 0xdf, 0xff, 0xff, 0xff, 0xfe,
    0x74, 0x1f, 0xdf, 0xff, 0xff, 0xff, 0xfe, 0x70,
    0x7f, 0xbf, 0xff, 0xff, 0xff, 0xfc, 0xd0, 0xff,
    0xbf, 0xff, 0xff, 0xff, 0xfc, 0xc4, 0x3f, 0xef,
    0xff, 0xff, 0xff, 0xff, 0x2d, 0xf, 0xfe, 0x7,
    0xff, 0xff, 0xff, 0xff, 0x94, 0x87, 0xff, 0x7,
    0xff, 0xff, 0xff, 0xff, 0xc9, 0xf, 0xfe, 0x1f,
    0xff, 0xff, 0xff, 0xff, 0x90, 0x1f, 0xfc, 0x4f,
    0xff, 0xff, 0xff, 0xff, 0x1a, 0xf, 0xfe, 0x2f,
    0xff, 0xff, 0xff, 0xff, 0x8a, 0x87, 0xff, 0x1b,
    0xff, 0xff, 0xff, 0xff, 0xc3, 0x83, 0xff, 0x91,
    0xff, 0xff, 0xff, 0xff, 0xe1, 0x21, 0xff, 0xc9,
    0xff, 0xff, 0xff, 0xff, 0xf0, 0x10, 0xff, 0xe5,
    0xff, 0xff, 0xff, 0xff, 0xc8, 0x7f, 0xf3, 0x7f,
    0xff, 0xff, 0xff, 0x48, 0x7f, 0xf3, 0xff, 0xff,
    0xff, 0xfc, 0x87, 0xff, 0x4b, 0xff, 0xff, 0xfc,
    0x87, 0xff, 0x57, 0xff, 0xff, 0x92, 0x1f, 0xfd,
    0x9f, 0xff, 0xfa, 0x54, 0xa0, 0xff, 0xef, 0x7f,
    0xff, 0x34, 0x3f, 0xff, 0xe1, 0xff, 0x7f, 0xff,
    0x34, 0x3f, 0xff, 0xe1, 0xff, 0x7f, 0xff, 0x34,
    0x3f, 0xff, 0xe1, 0xff, 0x7f, 0xff, 0x34, 0x3f,
    0xff, 0xe1, 0xff, 0x7f, 0xff, 0x34, 0x3f, 0xff,
    0xe1, 0xff, 0x7f, 0xff, 0x34, 0x3f, 0xff, 0xe1,
    0xff, 0x7f, 0xff, 0x34, 0x3f, 0xff, 0xe1, 0xff,
    0x7f, 0xff, 0x34, 0x3f, 0xff, 0xe1, 0xff, 0x7f,
    0xff, 0x34, 0x3f, 0xff, 0xe1, 0xff, 0x7f, 0xff,
    0x34, 0x3f, 0xff, 0xe1, 0xff, 0x7f, 0xff, 0x34,
    0x3f, 0xff, 0xe1, 0xff, 0x7f, 0xff, 0x34, 0x3f,
    0xff, 0xe1, 0xff, 0x7f, 0xff, 0x34, 0x3f, 0xff,
    0xe1, 0xff, 0x7f, 0xff, 0x34, 0x3f, 0xff, 0xe1,
    0xff, 0x7f, 0xff, 0x34, 0x3f, 0xff, 0xe1, 0xff,
    0x7f, 0xff, 0x34, 0x3f, 0xff, 0xe1, 0xff, 0x7f,
    0xff, 0x34, 0x3f, 0xff, 0xe1, 0xff, 0x7f, 0xff,
    0x34, 0x3f, 0xff, 0xe1, 0xff, 0x7f, 0xff, 0x34,
    0x3f, 0xff, 0xe1, 0xff, 0x7f, 0xff, 0x34, 0x3f,
    0xff, 0xe1, 0xff, 0x7f, 0xff, 0x34, 0x3f, 0xff,
    0xe1, 0xff, 0x7f, 0xff, 0x34, 0x3f, 0xff, 0xe1,
    0xff, 0x7f, 0xff, 0x34, 0x3f, 0xff, 0xe1, 0xff,
    0x7f, 0xff, 0x34, 0x3f, 0xff, 0xe1, 0xff, 0x7f,
    0xff, 0x34, 0x3f, 0xff, 0xe1, 0xff, 0x7f, 0xff,
    0x34, 0x3f, 0xff, 0xe1, 0xff, 0x7f, 0xff, 0x34,
    0x3f, 0xff, 0xe1, 0xff, 0x7f, 0xff, 0x34, 0x3f,
    0xff, 0xe1, 0xff, 0x7f, 0xff, 0x34, 0x3f, 0xff,
    0xe1, 0xff, 0x7f, 0xff, 0x34, 0x3f, 0xff, 0xe1,
    0xff, 0x7f, 0xff, 0x34, 0x3f, 0xff, 0xe1, 0xff,
    0x7f, 0xff, 0x34, 0x3f, 0xff, 0xe1, 0xff, 0x7f,
    0xff, 0x34, 0x3f, 0xff, 0xe1, 0xff, 0x7f, 0xff,
    0x34, 0x3f, 0xff, 0xe1, 0xff, 0x7f, 0xff, 0x34,
    0x3f, 0xff, 0xe1, 0xff, 0x7f, 0xff, 0x34, 0x3f,
    0xff, 0xe1, 0xff, 0x7f, 0xff, 0x34, 0x3f, 0xff,
    0xe1, 0xff, 0x7f, 0xff, 0x34, 0x3f, 0xff, 0xe1,
    0xff, 0x7f, 0xff, 0x34, 0x3f, 0xff, 0xe1, 0xff,
    0x7f, 0xff, 0x34, 0x3f, 0xff, 0xe1, 0xff, 0x7f,
    0xff, 0x34, 0x3f, 0xff, 0xe1, 0xff, 0x7f, 0xff,
    0x34, 0x3f, 0xff, 0xe1, 0xff, 0x7f, 0xff, 0x34,
    0x3f, 0xff, 0xe1, 0xff, 0x7f, 0xff, 0x34, 0x3f,
    0xff, 0xe1, 0xff, 0x7f, 0xff, 0x34, 0x3f, 0xff,
    0xe1, 0xff, 0x7f, 0xff, 0x34, 0x3f, 0xff, 0xe1,
    0xff, 0x7f, 0xff, 0x34, 0x3f, 0xff, 0xe1, 0xff,
    0x7f, 0xff, 0x34, 0x3f, 0xff, 0xe1, 0xff, 0x7f,
    0xff, 0x34, 0x3f, 0xff, 0xe1, 0xff, 0x7f, 0xff,
    0x34, 0x3f, 0xff, 0xe1, 0xff, 0x7f, 0xff, 0x34,
    0x3f, 0xff, 0xe1, 0xff, 0x7f, 0xff, 0x34, 0x3f,
    0xff, 0xe1, 0xff, 0x7f, 0xff, 0x34, 0x3f, 0xff,
    0xe1, 0xff, 0x7f, 0xff, 0x34, 0x3f, 0xff, 0xe1,
    0xfe,

    /* U+0051 "Q" */
    0xf, 0xff, 0x9a, 0xa9, 0xff, 0xfc, 0x1a, 0x28,
    0x3f, 0xff, 0xe1, 0xff, 0xe0, 0x6f, 0xff, 0xe8,
    0x51, 0xf, 0xff, 0xf8, 0x7f, 0xf5, 0x9b, 0xff,
    0xfb, 0x32, 0x1f, 0xff, 0xf0, 0xff, 0xe7, 0xdf,
    0xff, 0xe1, 0x43, 0xff, 0xfe, 0x1f, 0xfc, 0x97,
    0xff, 0xfc, 0xe8, 0x7f, 0xff, 0xc3, 0xff, 0x86,
    0xdf, 0xff, 0xeb, 0x90, 0xff, 0xff, 0x87, 0xf9,
    0xff, 0xff, 0x8a, 0x1f, 0xff, 0xf0, 0xf3, 0xff,
    0xff, 0x54, 0x3f, 0xff, 0xe0, 0x7f, 0xff, 0xf2,
    0x87, 0xff, 0xfb, 0xff, 0xff, 0x90, 0x7f, 0xfe,
    0xef, 0xff, 0xff, 0xc1, 0xff, 0xf7, 0x7f, 0xff,
    0xff, 0xf9, 0xf, 0xff, 0xa5, 0xff, 0xff, 0xff,
    0xf4, 0x1f, 0xff, 0x17, 0xff, 0xff, 0xff, 0xfe,
    0xf, 0xff, 0x7d, 0xff, 0xff, 0xff, 0xff, 0xe0,
    0x21, 0xff, 0xec, 0xbf, 0xff, 0xff, 0xff, 0xfc,
    0x28, 0x3f, 0xfd, 0x5f, 0xff, 0xff, 0xff, 0xfe,
    0x30, 0x7f, 0xfa, 0x3f, 0xff, 0xff, 0xff, 0xfc,
    0x80, 0xff, 0xf2, 0xbf, 0xff, 0xff, 0xff, 0xfe,
    0x50, 0x7f, 0xf8, 0xdf, 0xff, 0xff, 0xff, 0xff,
    0x30, 0x3f, 0xfc, 0x2f, 0xff, 0xff, 0xff, 0xff,
    0x9c, 0x1f, 0xfd, 0xf7, 0xff, 0xff, 0xff, 0xff,
    0xd0, 0xf, 0xfe, 0xeb, 0xff, 0xff, 0xff, 0xff,
    0xe9, 0x7, 0xff, 0x73, 0xff, 0xfc, 0x54, 0x5c,
    0x12, 0xea, 0x7f, 0xff, 0x88, 0x3f, 0xfb, 0x5f,
    0xff, 0xde, 0x90, 0xff, 0xe4, 0xb7, 0xff, 0xf7,
    0x83, 0xff, 0xb1, 0xff, 0xfd, 0xc8, 0x3f, 0xfa,
    0xd, 0xff, 0xfd, 0xb8, 0x3f, 0xfa, 0xd7, 0xff,
    0xf6, 0x64, 0x3f, 0xfa, 0xad, 0xff, 0xfd, 0x94,
    0x3f, 0xfa, 0x8f, 0xff, 0xf6, 0x20, 0xff, 0xed,
    0xdf, 0xff, 0xd8, 0x43, 0xff, 0xa7, 0xff, 0xfd,
    0x78, 0x3f, 0xfb, 0xf7, 0xff, 0xf5, 0xc3, 0xff,
    0xa5, 0xff, 0xfd, 0x70, 0xff, 0xf1, 0x3f, 0xff,
    0xd6, 0x83, 0xff, 0xa1, 0x7f, 0xff, 0x55, 0xf,
    0xff, 0x2d, 0xff, 0xfd, 0x54, 0x3f, 0xf9, 0xcf,
    0xff, 0xf5, 0x43, 0xff, 0xd3, 0xff, 0xfd, 0x50,
    0xff, 0xe7, 0x7f, 0xff, 0x52, 0xf, 0xff, 0x5d,
    0xff, 0xfd, 0x38, 0x3f, 0xf9, 0x97, 0xff, 0xf4,
    0xe0, 0xff, 0xf6, 0xdf, 0xff, 0xd3, 0x43, 0xff,
    0x97, 0xff, 0xfd, 0x34, 0x3f, 0xfd, 0xef, 0xff,
    0xf4, 0xc3, 0xff, 0x95, 0x7f, 0xff, 0x49, 0xf,
    0xff, 0x8b, 0xff, 0xfd, 0x28, 0x3f, 0xf9, 0xf,
    0xff, 0xf4, 0x90, 0xff, 0xf9, 0xbf, 0xff, 0xd2,
    0xf, 0xfe, 0x47, 0xff, 0xf4, 0x90, 0xff, 0xfa,
    0xbf, 0xff, 0xd1, 0x83, 0xff, 0x8c, 0xff, 0xff,
    0x46, 0xf, 0xff, 0xbd, 0xff, 0xfd, 0x10, 0xff,
    0xe3, 0x7f, 0xff, 0x48, 0x3f, 0xff, 0x3f, 0xff,
    0xd1, 0x83, 0xff, 0x88, 0xff, 0xff, 0x44, 0x3f,
    0xff, 0x7f, 0xff, 0xd1, 0xf, 0xfe, 0x27, 0xff,
    0xf4, 0x50, 0xff, 0xfd, 0xbf, 0xff, 0xd0, 0x83,
    0xff, 0x84, 0xff, 0xff, 0x42, 0xf, 0xff, 0xed,
    0xff, 0xfd, 0x0, 0xff, 0xe1, 0x5f, 0xff, 0xd0,
    0xf, 0xff, 0xff, 0xff, 0xf4, 0x20, 0xff, 0xe0,
    0xff, 0xff, 0x41, 0xf, 0xff, 0xfb, 0xff, 0xfd,
    0x0, 0xff, 0xe0, 0x5f, 0xff, 0xcf, 0x83, 0xff,
    0xfe, 0xb, 0xff, 0xf9, 0xe8, 0x7f, 0xdf, 0xff,
    0xd0, 0xf, 0xff, 0xf8, 0x6f, 0xff, 0xe8, 0x7,
    0xf9, 0xff, 0xfe, 0x7c, 0x1f, 0xff, 0xf0, 0xd7,
    0xff, 0xf3, 0xc3, 0xfd, 0x7f, 0xff, 0x3c, 0x3f,
    0xff, 0xe1, 0xef, 0xff, 0xe7, 0xa1, 0xfd, 0xff,
    0xfc, 0xf8, 0x3f, 0xff, 0xe1, 0xeb, 0xff, 0xf9,
    0xe1, 0xf9, 0xff, 0xfe, 0x7a, 0x1f, 0xff, 0xf0,
    0xf3, 0xff, 0xfc, 0xf0, 0xfd, 0x7f, 0xff, 0x3c,
    0x3f, 0xff, 0xe1, 0xfb, 0xff, 0xf9, 0xe8, 0x7d,
    0xff, 0xfc, 0xf4, 0x3f, 0xff, 0xe1, 0xf9, 0xff,
    0xfe, 0x74, 0x1f, 0x7f, 0xff, 0x3c, 0x3f, 0xff,
    0xe1, 0xfe, 0xff, 0xfe, 0x78, 0x79, 0xff, 0xfe,
    0x74, 0x1f, 0xff, 0xf0, 0xff, 0x5f, 0xff, 0xce,
    0x43, 0xaf, 0xff, 0xe7, 0x21, 0xff, 0xff, 0xf,
    0xf3, 0xff, 0xfc, 0xe8, 0x3b, 0xff, 0xf9, 0xe1,
    0xff, 0xff, 0xf, 0xfe, 0x7, 0xff, 0xf3, 0xc3,
    0xbf, 0xff, 0x9d, 0x7, 0xff, 0xfc, 0x3f, 0xf8,
    0x1f, 0xff, 0xcf, 0xc, 0xff, 0xff, 0x39, 0xf,
    0xff, 0xf8, 0x7f, 0xf0, 0x2f, 0xff, 0xe7, 0x6,
    0xbf, 0xff, 0x9c, 0x1f, 0xff, 0xf0, 0xff, 0xe0,
    0xbf, 0xff, 0xce, 0x42, 0xff, 0xfe, 0x78, 0x7f,
    0xff, 0xc3, 0xff, 0x85, 0xff, 0xfc, 0xe8, 0x2f,
    0xff, 0xe7, 0x41, 0xff, 0xff, 0xf, 0xfe, 0x17,
    0xff, 0xf3, 0xc2, 0xff, 0xfe, 0x74, 0x1f, 0xff,
    0xf0, 0xff, 0xe1, 0x5f, 0xff, 0xce, 0x3, 0xff,
    0xfc, 0xe4, 0x3f, 0xff, 0xe1, 0xff, 0xc2, 0x7f,
    0xff, 0x9c, 0x7, 0xff, 0xf9, 0xc1, 0xff, 0xff,
    0xf, 0xfe, 0x1b, 0xff, 0xfc, 0xe0, 0x5f, 0xff,
    0xce, 0xf, 0xff, 0xf8, 0x7f, 0xf1, 0x3f, 0xff,
    0x9c, 0x97, 0xff, 0xf3, 0x83, 0xff, 0xfe, 0x1f,
    0xfc, 0x4f, 0xff, 0xe7, 0x25, 0xff, 0xfc, 0xd8,
    0x3f, 0xff, 0xe1, 0xff, 0xc4, 0xff, 0xfe, 0x74,
    0x7f, 0xff, 0x3a, 0xf, 0xff, 0xf8, 0x7f, 0xf1,
    0x2f, 0xff, 0xe6, 0xc7, 0xff, 0xf3, 0xa0, 0xff,
    0xff, 0x87, 0xff, 0x12, 0xff, 0xfe, 0x6c, 0x7f,
    0xff, 0x39, 0xf, 0xff, 0xf8, 0x7f, 0xf1, 0x2f,
    0xff, 0xe7, 0x1f, 0xff, 0xce, 0x43, 0xff, 0xfe,
    0x1f, 0xfc, 0x4b, 0xff, 0xf9, 0xc7, 0xff, 0xf3,
    0x90, 0xff, 0xff, 0x87, 0xff, 0x11, 0xff, 0xfe,
    0x71, 0xff, 0xfc, 0xe4, 0x3f, 0xff, 0xe1, 0xff,
    0xc4, 0x7f, 0xff, 0x9c, 0x7f, 0xff, 0x39, 0xf,
    0xff, 0xf8, 0x7f, 0xf1, 0x1f, 0xff, 0xe7, 0x1f,
    0xff, 0xce, 0xf, 0xff, 0xf8, 0x7f, 0xf1, 0x5f,
    0xff, 0xe7, 0x1f, 0xff, 0xce, 0xf, 0xff, 0xf8,
    0x7f, 0xf1, 0x5f, 0xff, 0xe7, 0x1f, 0xff, 0xce,
    0xf, 0xff, 0xf8, 0x7f, 0xf1, 0x5f, 0xff, 0xe7,
    0x1f, 0xff, 0xce, 0xf, 0xff, 0xf8, 0x7f, 0xf1,
    0x6f, 0xff, 0xe7, 0x1f, 0xff, 0xce, 0x43, 0xff,
    0xfe, 0x1f, 0xfc, 0x4b, 0xff, 0xf9, 0xc7, 0xff,
    0xf3, 0x90, 0xff, 0xff, 0x87, 0xff, 0x12, 0xff,
    0xfe, 0x71, 0xff, 0xfc, 0xe4, 0x3f, 0xff, 0xe1,
    0xff, 0xc4, 0xbf, 0xff, 0x9c, 0x7f, 0xff, 0x39,
    0xf, 0xff, 0xf8, 0x7f, 0xf1, 0x2f, 0xff, 0xe7,
    0x1f, 0xff, 0xce, 0x83, 0xff, 0xfe, 0x1f, 0xfc,
    0x4f, 0xff, 0xe7, 0x47, 0xff, 0xf3, 0xa0, 0xff,
    0xff, 0x87, 0xff, 0x13, 0xff, 0xf9, 0xd1, 0xff,
    0xfc, 0xe8, 0x3f, 0xff, 0xe1, 0xff, 0xc4, 0xff,
    0xfe, 0x74, 0x5f, 0xff, 0xce, 0xf, 0xff, 0xf8,
    0x7f, 0xf1, 0x3f, 0xff, 0x9c, 0x97, 0xff, 0xf3,
    0x83, 0xff, 0xfe, 0x1f, 0xfc, 0x37, 0xff, 0xf9,
    0xc8, 0xff, 0xff, 0x38, 0x3f, 0xff, 0xe1, 0xff,
    0xc3, 0xbf, 0xff, 0x9c, 0x7, 0xff, 0xf9, 0xc8,
    0x7f, 0xff, 0xc3, 0xff, 0x85, 0x7f, 0xff, 0x38,
    0x2f, 0xff, 0xe7, 0x21, 0xff, 0xff, 0xf, 0xfe,
    0x17, 0xff, 0xf3, 0xc2, 0xff, 0xfe, 0x74, 0x1f,
    0xff, 0xf0, 0xff, 0xe1, 0x7f, 0xff, 0x3c, 0x2f,
    0xff, 0xe7, 0x87, 0xff, 0xfc, 0x3f, 0xf8, 0x2f,
    0xff, 0xf3, 0xa0, 0xaf, 0xff, 0xe7, 0x7, 0xff,
    0xfc, 0x3f, 0xf8, 0x37, 0xff, 0xf3, 0x90, 0x9f,
    0xff, 0xe7, 0x21, 0xff, 0xf3, 0x43, 0xff, 0x97,
    0xff, 0xfc, 0xf0, 0xef, 0xff, 0xe7, 0x41, 0xff,
    0xf2, 0x7c, 0x1f, 0xfc, 0xaf, 0xff, 0xe7, 0x87,
    0x7f, 0xff, 0x3c, 0x3f, 0xfe, 0x37, 0xe0, 0xff,
    0xe4, 0x3f, 0xff, 0xcf, 0xe, 0xff, 0xfe, 0x7a,
    0x1f, 0xfe, 0xff, 0xf4, 0x1f, 0xfc, 0x7f, 0xff,
    0xe7, 0xc1, 0xd7, 0xff, 0xf3, 0xa0, 0xff, 0xf6,
    0xbf, 0xfa, 0xf, 0xfe, 0x37, 0xff, 0xf3, 0xd0,
    0xe7, 0xff, 0xf9, 0xe1, 0xff, 0xec, 0x7f, 0xfc,
    0x87, 0xff, 0x12, 0xff, 0xfe, 0x78, 0x7d, 0xff,
    0xfc, 0xf4, 0x3f, 0xfd, 0x57, 0xff, 0xf0, 0x3,
    0xff, 0x89, 0xff, 0xfc, 0xf8, 0x3e, 0xbf, 0xff,
    0x9e, 0x1f, 0xfe, 0x9f, 0xff, 0xe1, 0x87, 0xff,
    0x9, 0xff, 0xfe, 0x7a, 0x1f, 0x3f, 0xff, 0xcf,
    0xf, 0xff, 0x3b, 0xff, 0xfc, 0x50, 0xff, 0xe0,
    0xff, 0xff, 0x40, 0x3f, 0xbf, 0xff, 0x9f, 0x7,
    0xff, 0x96, 0xff, 0xfe, 0x34, 0x1f, 0xfc, 0xf,
    0xff, 0xe8, 0x7, 0xf5, 0xff, 0xfc, 0xf0, 0xff,
    0xf2, 0x5f, 0xff, 0xc8, 0x83, 0xfd, 0x7f, 0xff,
    0x3d, 0xf, 0xe7, 0xff, 0xf9, 0xf0, 0x7f, 0xf8,
    0xbf, 0xff, 0x96, 0x87, 0xf7, 0xff, 0xf4, 0x3,
    0xfe, 0xff, 0xfe, 0x80, 0x7f, 0xf8, 0x1f, 0xff,
    0xe6, 0xa1, 0xf7, 0xff, 0xf4, 0x20, 0xff, 0xaf,
    0xff, 0xe7, 0xc1, 0xff, 0xde, 0x7f, 0xff, 0x9e,
    0x1e, 0x7f, 0xff, 0xa0, 0x87, 0xff, 0x3, 0xff,
    0xfa, 0x8, 0x7f, 0xf7, 0xbf, 0xff, 0xa0, 0x1d,
    0xff, 0xfd, 0x10, 0xff, 0xe0, 0xff, 0xff, 0x44,
    0x3f, 0xfb, 0xcf, 0xff, 0xf3, 0xe0, 0xaf, 0xff,
    0xe8, 0x41, 0xff, 0xc1, 0x7f, 0xff, 0xa1, 0x7,
    0xff, 0x79, 0xff, 0xfe, 0x7c, 0xf, 0xff, 0xe8,
    0x87, 0xff, 0xf, 0xff, 0xfa, 0x21, 0xff, 0xdf,
    0xbf, 0xff, 0x9e, 0xff, 0xff, 0x46, 0xf, 0xfe,
    0x1b, 0xff, 0xfd, 0x10, 0xff, 0xef, 0xdf, 0xff,
    0xec, 0xf, 0xfe, 0x2f, 0xff, 0xf4, 0x60, 0xff,
    0xef, 0xff, 0xff, 0xae, 0xf, 0xfe, 0x2b, 0xff,
    0xfd, 0x18, 0x3f, 0xfb, 0xff, 0xff, 0xea, 0xf,
    0xfe, 0x3f, 0xff, 0xf4, 0x90, 0xff, 0xef, 0xff,
    0xff, 0xa2, 0xf, 0xfe, 0x3b, 0xff, 0xfd, 0x24,
    0x3f, 0xfb, 0xcf, 0xff, 0xf9, 0xc3, 0xff, 0x93,
    0xff, 0xfd, 0x34, 0x3f, 0xfb, 0xcf, 0xff, 0xf9,
    0x60, 0xff, 0xe5, 0x7f, 0xff, 0x4d, 0xf, 0xfe,
    0xf5, 0xff, 0xfe, 0x40, 0xff, 0xe5, 0xdf, 0xff,
    0xd3, 0x43, 0xff, 0xbd, 0xff, 0xfe, 0x34, 0x3f,
    0xf9, 0x9f, 0xff, 0xd4, 0x83, 0xff, 0xbd, 0xff,
    0xfe, 0x20, 0xff, 0xe6, 0xbf, 0xff, 0xd5, 0xf,
    0xfe, 0xf7, 0xff, 0xf8, 0x3, 0xff, 0x9f, 0x7f,
    0xff, 0x55, 0xf, 0xfe, 0xe3, 0xff, 0xfd, 0xe8,
    0x3f, 0xfa, 0x1f, 0xff, 0xd6, 0x83, 0xff, 0xb8,
    0xff, 0xff, 0x74, 0x3f, 0xfa, 0x2f, 0xff, 0xf5,
    0xe0, 0xff, 0xed, 0xdf, 0xff, 0xdb, 0xf, 0xfe,
    0x9d, 0xff, 0xfd, 0x88, 0x3f, 0xfb, 0x2f, 0xff,
    0xf6, 0x90, 0xff, 0xea, 0x5f, 0xff, 0xd9, 0x83,
    0xff, 0xaa, 0xff, 0xff, 0x6e, 0xf, 0xfe, 0xb7,
    0xff, 0xf7, 0x10, 0xff, 0xe8, 0x5f, 0xff, 0xdd,
    0xf, 0xfe, 0xc7, 0xff, 0xf7, 0xa4, 0x3f, 0xf9,
    0xd, 0xff, 0xfd, 0xf0, 0xff, 0xed, 0x7f, 0xff,
    0x8a, 0x8b, 0x82, 0x5d, 0x7f, 0xff, 0x8c, 0x3f,
    0xfb, 0x6f, 0xff, 0xff, 0xff, 0xff, 0xa4, 0x1f,
    0xfd, 0xd7, 0xff, 0xff, 0xff, 0xff, 0xd0, 0x83,
    0xff, 0xbc, 0xff, 0xff, 0xff, 0xff, 0xfa, 0x8,
    0x7f, 0xf7, 0x9f, 0xff, 0xff, 0xff, 0xff, 0x40,
    0x3f, 0xfb, 0xef, 0xff, 0xff, 0xff, 0xff, 0xa0,
    0x1f, 0xfe, 0xf, 0xff, 0xff, 0xff, 0xff, 0x40,
    0x3f, 0xfc, 0x1f, 0xff, 0xff, 0xff, 0xfe, 0x7c,
    0x1f, 0xfe, 0xb, 0xff, 0xff, 0xff, 0xff, 0xce,
    0x83, 0xff, 0xc1, 0x7f, 0xff, 0xff, 0xff, 0xf9,
    0xc8, 0x7f, 0xf8, 0x1f, 0xff, 0xff, 0xff, 0xff,
    0x39, 0xf, 0xff, 0xd, 0xff, 0xff, 0xff, 0xff,
    0xe6, 0x87, 0xff, 0x89, 0xff, 0xff, 0xff, 0xff,
    0xf3, 0x43, 0xff, 0xc7, 0x7f, 0xff, 0xff, 0xff,
    0xf9, 0x81, 0xff, 0xe3, 0x7f, 0xff, 0xff, 0xff,
    0xfc, 0xb8, 0x3f, 0xfc, 0x8f, 0xff, 0xfe, 0x27,
    0xff, 0xf9, 0xf0, 0x7f, 0xf9, 0x5f, 0xff, 0xfa,
    0x41, 0x3f, 0xff, 0xcf, 0x43, 0xff, 0xcc, 0xff,
    0xff, 0xc2, 0xf, 0x5f, 0xff, 0xcf, 0x43, 0xff,
    0xce, 0xdf, 0xff, 0xeb, 0x83, 0xfb, 0xff, 0xfa,
    0x1, 0xff, 0xea, 0x7f, 0xff, 0xcd, 0x21, 0xff,
    0xc0, 0xff, 0xfe, 0x80, 0x7f, 0xfb, 0x2f, 0xff,
    0xf0, 0x48, 0x7f, 0xf1, 0x3f, 0xff, 0xa0, 0x1f,
    0xfe, 0xe6, 0xff, 0xfe, 0xcc, 0x87, 0xff, 0x1d,
    0xff, 0xfe, 0x7c, 0x1f, 0xff, 0x16, 0xff, 0xfe,
    0x84, 0xa0, 0xff, 0xe6, 0x3f, 0xff, 0xce, 0xf,
    0xff, 0xc2, 0xa9, 0xff, 0xfc, 0xa, 0x94, 0x1f,
    0xfd, 0x3b, 0xff, 0xf9, 0x81, 0xff, 0xff, 0xf,
    0xff, 0x1d, 0xff, 0xfc, 0x98, 0x3f, 0xff, 0xe1,
    0xff, 0xe5, 0xff, 0xfe, 0x44, 0x1f, 0xff, 0xf0,
    0xff, 0xf3, 0xff, 0xff, 0x19, 0xf, 0xff, 0xf8,
    0x7f, 0xfa, 0x7f, 0xff, 0x88, 0x1f, 0xff, 0xf0,
    0xff, 0xf5, 0xbf, 0xff, 0xc2, 0xf, 0xff, 0xf8,
    0x7f, 0xfb, 0x5f, 0xff, 0xa0, 0xff, 0xff, 0x87,
    0xff, 0xbe, 0xff, 0xe8, 0x3f, 0xff, 0xe1, 0xff,
    0xf1, 0xbf, 0xe4, 0x3f, 0xff, 0xe1, 0xff, 0xf3,
    0xff, 0x7, 0xff, 0xfc, 0x3f, 0xfe, 0xdf, 0x83,
    0xff, 0xfe, 0x1f, 0xff, 0x8e, 0xf, 0xff, 0xf8,
    0x7f, 0xff, 0xc3, 0xff, 0x86,

    /* U+0052 "R" */
    0x2b, 0xff, 0xd6, 0xbc, 0x1f, 0xfe, 0xdf, 0xff,
    0xfa, 0xca, 0xf, 0xff, 0x2f, 0xff, 0xfe, 0xe4,
    0x3f, 0xfc, 0x1f, 0xff, 0xff, 0x83, 0xff, 0xbb,
    0xff, 0xff, 0xff, 0xa4, 0x3f, 0xfb, 0x3f, 0xff,
    0xff, 0xff, 0x21, 0xff, 0xd7, 0xff, 0xff, 0xff,
    0xfe, 0x83, 0xff, 0xab, 0xff, 0xff, 0xff, 0xff,
    0x41, 0xff, 0xd3, 0xff, 0xff, 0xff, 0xff, 0xf0,
    0x20, 0xff, 0xe8, 0xff, 0xff, 0xff, 0xff, 0xf8,
    0x48, 0x7f, 0xf3, 0xff, 0xff, 0xff, 0xff, 0xfc,
    0x40, 0xff, 0xe7, 0x7f, 0xff, 0xff, 0xff, 0xf8,
    0xa8, 0x7f, 0xf3, 0x3f, 0xff, 0xff, 0xff, 0xfc,
    0x68, 0x3f, 0xf9, 0x7f, 0xff, 0xff, 0xff, 0xfe,
    0x40, 0x7f, 0xf2, 0xbf, 0xff, 0xff, 0xff, 0xfc,
    0x90, 0xff, 0xe4, 0xff, 0xff, 0xff, 0xff, 0xf9,
    0x41, 0xff, 0xc8, 0xff, 0xff, 0xff, 0xff, 0xf2,
    0xc3, 0xff, 0x8f, 0xff, 0xff, 0xff, 0xff, 0xe5,
    0xc1, 0xff, 0xc6, 0xff, 0xff, 0xff, 0xff, 0xf3,
    0x10, 0xff, 0xe2, 0xff, 0xff, 0xff, 0xff, 0xf9,
    0xa1, 0xff, 0xc5, 0xff, 0xff, 0xff, 0xff, 0xf3,
    0x83, 0xff, 0x89, 0xff, 0xff, 0xff, 0xff, 0xe7,
    0x21, 0xff, 0xc3, 0xff, 0xfe, 0x68, 0x7f, 0xf4,
    0xd6, 0xbf, 0xff, 0xbc, 0x1f, 0xfc, 0x3f, 0xff,
    0xe6, 0x87, 0xff, 0x69, 0xbf, 0xff, 0xb2, 0x87,
    0xff, 0xb, 0xff, 0xf9, 0xa1, 0xff, 0xdd, 0x6f,
    0xff, 0xeb, 0x87, 0xff, 0xb, 0xff, 0xf9, 0xa1,
    0xff, 0xe0, 0xbf, 0xff, 0xaa, 0x87, 0xff, 0x7,
    0xff, 0xf9, 0xa1, 0xff, 0xe2, 0xbf, 0xff, 0xa8,
    0x1f, 0xfc, 0x1f, 0xff, 0xe6, 0x87, 0xff, 0x8d,
    0xff, 0xfe, 0x98, 0x7f, 0xf0, 0x7f, 0xff, 0x9a,
    0x1f, 0xfe, 0x5f, 0xff, 0xe9, 0x41, 0xff, 0xc0,
    0xff, 0xfe, 0x68, 0x7f, 0xf9, 0xbf, 0xff, 0xa4,
    0x1f, 0xfc, 0xf, 0xff, 0xe6, 0x87, 0xff, 0x9f,
    0xff, 0xfa, 0x21, 0xff, 0xc0, 0xff, 0xfe, 0x68,
    0x7f, 0xf9, 0xdf, 0xff, 0xe8, 0x21, 0xff, 0x7f,
    0xff, 0x34, 0x3f, 0xfd, 0x17, 0xff, 0xf3, 0xe0,
    0xff, 0xbf, 0xff, 0x9a, 0x1f, 0xfe, 0x9f, 0xff,
    0xe8, 0x7, 0xfd, 0xff, 0xfc, 0xd0, 0xff, 0xf4,
    0xbf, 0xff, 0xcf, 0xf, 0xfb, 0xff, 0xf9, 0xa1,
    0xff, 0xea, 0xff, 0xfe, 0x7a, 0x1f, 0xef, 0xff,
    0xe6, 0x87, 0xff, 0xaa, 0xff, 0xfe, 0x72, 0x1f,
    0xef, 0xff, 0xe6, 0x87, 0xff, 0xa9, 0xff, 0xfe,
    0x74, 0x1f, 0xef, 0xff, 0xe6, 0x87, 0xff, 0xaf,
    0xff, 0xf9, 0xe1, 0xfe, 0xff, 0xfe, 0x68, 0x7f,
    0xfa, 0xef, 0xff, 0xe7, 0x7, 0xfb, 0xff, 0xf9,
    0xa1, 0xff, 0xeb, 0xbf, 0xff, 0x9c, 0x1f, 0xef,
    0xff, 0xe6, 0x87, 0xff, 0xad, 0xff, 0xfe, 0x70,
    0x7f, 0xbf, 0xff, 0x9a, 0x1f, 0xfe, 0xcf, 0xff,
    0xe7, 0x7, 0xfb, 0xff, 0xf9, 0xa1, 0xff, 0xec,
    0xff, 0xfe, 0x70, 0x7f, 0xbf, 0xff, 0x9a, 0x1f,
    0xfe, 0xcf, 0xff, 0xe7, 0x7, 0xfb, 0xff, 0xf9,
    0xa1, 0xff, 0xec, 0xff, 0xfe, 0x70, 0x7f, 0xbf,
    0xff, 0x9a, 0x1f, 0xfe, 0xcf, 0xff, 0xe7, 0x7,
    0xfb, 0xff, 0xf9, 0xa1, 0xff, 0xec, 0xff, 0xfe,
    0x70, 0x7f, 0xbf, 0xff, 0x9a, 0x1f, 0xfe, 0xcf,
    0xff, 0xe7, 0x7, 0xfb, 0xff, 0xf9, 0xa1, 0xff,
    0xec, 0xff, 0xfe, 0x70, 0x7f, 0xbf, 0xff, 0x9a,
    0x1f, 0xfe, 0xcf, 0xff, 0xe7, 0x7, 0xfb, 0xff,
    0xf9, 0xa1, 0xff, 0xeb, 0x7f, 0xff, 0x9c, 0x1f,
    0xef, 0xff, 0xe6, 0x87, 0xff, 0xae, 0xff, 0xfe,
    0x70, 0x7f, 0xbf, 0xff, 0x9a, 0x1f, 0xfe, 0xbb,
    0xff, 0xf9, 0xb0, 0x7f, 0xbf, 0xff, 0x9a, 0x1f,
    0xfe, 0xbf, 0xff, 0xe7, 0x41, 0xfe, 0xff, 0xfe,
    0x68, 0x7f, 0xfa, 0xff, 0xff, 0x9c, 0x87, 0xfb,
    0xff, 0xf9, 0xa1, 0xff, 0xea, 0xbf, 0xff, 0x9c,
    0x1f, 0xf7, 0xff, 0xf3, 0x43, 0xff, 0xd5, 0xff,
    0xfc, 0xf0, 0xff, 0xbf, 0xff, 0x9a, 0x1f, 0xfe,
    0x97, 0xff, 0xf9, 0xe1, 0xff, 0x7f, 0xff, 0x34,
    0x3f, 0xfd, 0x3f, 0xff, 0xcf, 0x83, 0xfe, 0xff,
    0xfe, 0x68, 0x7f, 0xfa, 0x2f, 0xff, 0xe7, 0xa1,
    0xff, 0x7f, 0xff, 0x34, 0x3f, 0xfc, 0xef, 0xff,
    0xf4, 0x3, 0xff, 0x81, 0xff, 0xfc, 0xd0, 0xff,
    0xf3, 0xff, 0xff, 0x42, 0xf, 0xfe, 0x7, 0xff,
    0xf3, 0x43, 0xff, 0xcd, 0xff, 0xfd, 0x14, 0x3f,
    0xf8, 0x1f, 0xff, 0xcd, 0xf, 0xff, 0x23, 0xff,
    0xfd, 0x20, 0xff, 0xe0, 0xff, 0xff, 0x34, 0x3f,
    0xfc, 0x77, 0xff, 0xf4, 0x90, 0xff, 0xe0, 0xff,
    0xff, 0x34, 0x3f, 0xfc, 0x37, 0xff, 0xf5, 0x3,
    0xff, 0x85, 0xff, 0xfc, 0xd0, 0xff, 0xef, 0xdf,
    0xff, 0xd5, 0x83, 0xff, 0x85, 0xff, 0xfc, 0xd0,
    0xff, 0xed, 0xb7, 0xff, 0xf6, 0x3, 0xff, 0x87,
    0xff, 0xfc, 0xd0, 0xff, 0xeb, 0xb7, 0xff, 0xf6,
    0xd0, 0xff, 0xe1, 0xff, 0xff, 0x36, 0xbf, 0xfa,
    0x5f, 0xff, 0xe2, 0xf, 0xfe, 0x27, 0xff, 0xff,
    0xff, 0xff, 0x9a, 0x87, 0xff, 0x13, 0xff, 0xff,
    0xff, 0xff, 0xcc, 0x83, 0xff, 0x8b, 0xff, 0xff,
    0xff, 0xff, 0xe6, 0x7, 0xff, 0x1b, 0xff, 0xff,
    0xff, 0xff, 0xcb, 0xf, 0xfe, 0x3f, 0xff, 0xff,
    0xff, 0xff, 0x94, 0x87, 0xff, 0x1f, 0xff, 0xff,
    0xff, 0xff, 0xc9, 0x43, 0xff, 0x91, 0xff, 0xff,
    0xff, 0xff, 0xe4, 0x21, 0xff, 0xc9, 0xff, 0xff,
    0xff, 0xff, 0xf1, 0xd0, 0xff, 0xe5, 0x7f, 0xff,
    0xff, 0xff, 0xf8, 0xc8, 0x7f, 0xf2, 0xff, 0xff,
    0xff, 0xff, 0xfc, 0x50, 0xff, 0xe6, 0xff, 0xff,
    0xff, 0xff, 0xf8, 0x70, 0x7f, 0xf3, 0xbf, 0xff,
    0xff, 0xff, 0xfc, 0x24, 0x3f, 0xf9, 0xff, 0xff,
    0xff, 0xff, 0xfe, 0x4, 0x1f, 0xfd, 0x1f, 0xff,
    0xff, 0xff, 0xfc, 0x87, 0xff, 0x4b, 0xff, 0xff,
    0xff, 0xfc, 0x87, 0xff, 0x53, 0xff, 0xff, 0xff,
    0xf2, 0x1f, 0xfd, 0x6f, 0xff, 0xff, 0xfe, 0x83,
    0xff, 0xb3, 0xff, 0xff, 0xfe, 0x43, 0xff, 0xb7,
    0xff, 0xff, 0xe0, 0xff, 0xef, 0xff, 0xff, 0xfa,
    0xf, 0xfe, 0xf7, 0xff, 0xff, 0xd0, 0xff, 0xee,
    0xff, 0xff, 0x34, 0x3f, 0xf9, 0x6f, 0xff, 0xf3,
    0xc3, 0xff, 0xbb, 0xff, 0xfc, 0xd0, 0xff, 0xe6,
    0x5f, 0xff, 0xce, 0x83, 0xff, 0xb9, 0xff, 0xfc,
    0xd0, 0xff, 0xe6, 0xff, 0xff, 0x3d, 0xf, 0xfe,
    0xdf, 0xff, 0xf3, 0x43, 0xff, 0x9a, 0xff, 0xff,
    0x3c, 0x3f, 0xfb, 0x7f, 0xff, 0xcd, 0xf, 0xfe,
    0x75, 0xff, 0xfc, 0xf0, 0xff, 0xed, 0x7f, 0xff,
    0x34, 0x3f, 0xf9, 0xff, 0xff, 0xcf, 0x83, 0xff,
    0xb3, 0xff, 0xfc, 0xd0, 0xff, 0xe7, 0xbf, 0xff,
    0xcf, 0x43, 0xff, 0xb1, 0xff, 0xfc, 0xd0, 0xff,
    0xe8, 0x5f, 0xff, 0xcf, 0xf, 0xfe, 0xc7, 0xff,
    0xf3, 0x43, 0xff, 0xa3, 0xff, 0xfd, 0x0, 0xff,
    0xeb, 0xff, 0xff, 0x34, 0x3f, 0xfa, 0x5f, 0xff,
    0xcf, 0x83, 0xff, 0xad, 0xff, 0xfc, 0xd0, 0xff,
    0xe9, 0x3f, 0xff, 0xcf, 0x43, 0xff, 0xab, 0xff,
    0xfc, 0xd0, 0xff, 0xe9, 0xff, 0xff, 0x40, 0x3f,
    0xfa, 0xbf, 0xff, 0xcd, 0xf, 0xfe, 0xa7, 0xff,
    0xf3, 0xe0, 0xff, 0xea, 0x7f, 0xff, 0x34, 0x3f,
    0xfa, 0x8f, 0xff, 0xf3, 0xd0, 0xff, 0xe9, 0xff,
    0xff, 0x34, 0x3f, 0xfa, 0xb7, 0xff, 0xf3, 0xc3,
    0xff, 0xa7, 0xff, 0xfc, 0xd0, 0xff, 0xeb, 0x7f,
    0xff, 0x40, 0x3f, 0xfa, 0x5f, 0xff, 0xcd, 0xf,
    0xfe, 0xb3, 0xff, 0xfc, 0xf8, 0x3f, 0xfa, 0x3f,
    0xff, 0xcd, 0xf, 0xfe, 0xbd, 0xff, 0xfc, 0xf4,
    0x3f, 0xfa, 0x1f, 0xff, 0xcd, 0xf, 0xfe, 0xc7,
    0xff, 0xf4, 0x3, 0xff, 0xa1, 0xff, 0xfc, 0xd0,
    0xff, 0xec, 0xff, 0xff, 0x40, 0x3f, 0xf9, 0xff,
    0xff, 0xcd, 0xf, 0xfe, 0xcb, 0xff, 0xfc, 0xf4,
    0x3f, 0xf9, 0xdf, 0xff, 0xcd, 0xf, 0xfe, 0xd7,
    0xff, 0xf4, 0x3, 0xff, 0x9d, 0xff, 0xfc, 0xd0,
    0xff, 0xed, 0xff, 0xff, 0x40, 0x3f, 0xf9, 0xbf,
    0xff, 0xcd, 0xf, 0xfe, 0xdb, 0xff, 0xfc, 0xf8,
    0x3f, 0xf9, 0x9f, 0xff, 0xcd, 0xf, 0xfe, 0xe5,
    0xff, 0xfc, 0xf4, 0x3f, 0xf9, 0x7f, 0xff, 0xcd,
    0xf, 0xfe, 0xef, 0xff, 0xf4, 0x3, 0xff, 0x97,
    0xff, 0xfc, 0xd0, 0xff, 0xee, 0xbf, 0xff, 0xd0,
    0xf, 0xfe, 0x57, 0xff, 0xf3, 0x43, 0xff, 0xbd,
    0x7f, 0xff, 0x3e, 0xf, 0xfe, 0x4f, 0xff, 0xf3,
    0x43, 0xff, 0xbf, 0xff, 0xfd, 0x4, 0x3f, 0xf9,
    0x1f, 0xff, 0xcd, 0xf, 0xff, 0x7, 0xff, 0xf4,
    0x3, 0xff, 0x91, 0xff, 0xfc, 0xd0, 0xff, 0xf0,
    0x3f, 0xff, 0xcf, 0x83, 0xff, 0x8f, 0xff, 0xfc,
    0xd0, 0xff, 0xf0, 0xff, 0xff, 0x41, 0xf, 0xfe,
    0x37, 0xff, 0xf3, 0x43, 0xff, 0xc5, 0xff, 0xfd,
    0x0, 0xff, 0xe3, 0x7f, 0xff, 0x34, 0x3f, 0xfc,
    0x4f, 0xff, 0xf4, 0x3, 0xff, 0x8b, 0xff, 0xfc,
    0xd0, 0xff, 0xf1, 0xdf, 0xff, 0xcf, 0x83, 0xff,
    0x89, 0xff, 0xfc, 0xd0, 0xff, 0xf2, 0x7f, 0xff,
    0x41, 0xf, 0xfe, 0x1f, 0xff, 0xf3, 0x43, 0xff,
    0xc8, 0xff, 0xff, 0x40, 0x3f, 0xf8, 0x7f, 0xff,
    0xcd, 0xf, 0xff, 0x2d, 0xff, 0xfd, 0x0, 0xff,
    0xe1, 0x7f, 0xff, 0x34, 0x3f, 0xfc, 0xdf, 0xff,
    0xd0, 0x83, 0xff, 0x83, 0xff, 0xfc, 0xd0, 0xff,
    0xf3, 0xff, 0xff, 0x40, 0x3f, 0xf8, 0x3f, 0xff,
    0xcd, 0xf, 0xff, 0x3b, 0xff, 0xfd, 0x0, 0xff,
    0xe0, 0x7f, 0xff, 0x34, 0x3f, 0xfd, 0x1f, 0xff,
    0xd0, 0x83, 0xfe, 0xff, 0xfe, 0x68, 0x7f, 0xfa,
    0x7f, 0xff, 0xa0, 0x87, 0xfb, 0xff, 0xf9, 0xa1,
    0xff, 0xe9, 0x7f, 0xff, 0xa0, 0x1f, 0xef, 0xff,
    0xe6, 0x87, 0xff, 0xaa, 0xff, 0xfe, 0x80, 0x7f,
    0x7f, 0xff, 0x34, 0x3f, 0xfd, 0x7f, 0xff, 0xd0,
    0x83, 0xf7, 0xff, 0xf3, 0x43, 0xff, 0xd6, 0xff,
    0xff, 0x41, 0xf, 0xbf, 0xff, 0x9a, 0x1f, 0xfe,
    0xcb, 0xff, 0xfa, 0x1, 0xf7, 0xff, 0xf3, 0x43,
    0xff, 0xdb, 0xff, 0xfd, 0x8, 0x3d, 0xff, 0xfc,
    0xd0, 0xff, 0xf7, 0x7f, 0xff, 0x41, 0xe, 0xff,
    0xfe, 0x68, 0x7f, 0xfb, 0x9f, 0xff, 0xe8, 0x7,
    0x7f, 0xff, 0x34, 0x3f, 0xfd, 0xff, 0xff, 0xd1,
    0xd, 0xff, 0xfc, 0xd0, 0xff, 0xf8, 0x7f, 0xff,
    0x42, 0xb, 0xff, 0xf9, 0xa1, 0xff, 0xf0, 0x7f,
    0xff, 0xa0, 0x83, 0xff, 0xf9, 0xa1, 0xff, 0xf1,
    0xbf, 0xff, 0xa0, 0xa, 0xff, 0xe6, 0x87, 0xff,
    0xca, 0xbf, 0xfa, 0x8,

    /* U+0053 "S" */
    0xf, 0xff, 0x2, 0xaa, 0xff, 0xfa, 0xa5, 0x7,
    0xff, 0xfc, 0x3c, 0xdf, 0xff, 0xcf, 0x90, 0xff,
    0xfe, 0x37, 0xff, 0xf5, 0xe4, 0x3f, 0xfe, 0xad,
    0xff, 0xfd, 0xd9, 0xf, 0xff, 0x85, 0xff, 0xfe,
    0x38, 0x3f, 0xfd, 0x97, 0xff, 0xfa, 0x10, 0xff,
    0xf3, 0xdf, 0xff, 0xec, 0x43, 0xff, 0xc7, 0x7f,
    0xff, 0xc1, 0xf, 0xfe, 0xfb, 0xff, 0xff, 0x44,
    0x3f, 0xfb, 0x97, 0xff, 0xfd, 0xa0, 0xff, 0xec,
    0xbf, 0xff, 0xfa, 0x43, 0xff, 0xac, 0xff, 0xff,
    0xf4, 0x3f, 0xfa, 0x97, 0xff, 0xff, 0xd0, 0xff,
    0xe8, 0xdf, 0xff, 0xff, 0xf4, 0x1f, 0xfc, 0xfb,
    0xff, 0xff, 0xff, 0xc1, 0xff, 0xcd, 0xbf, 0xff,
    0xff, 0xff, 0x7, 0xff, 0x2e, 0xff, 0xff, 0xff,
    0xff, 0x7, 0xff, 0x25, 0xff, 0xff, 0xff, 0xff,
    0xc1, 0xff, 0xc8, 0xff, 0xff, 0xff, 0xff, 0xf0,
    0x43, 0xff, 0x8d, 0xff, 0xff, 0xff, 0xff, 0xe1,
    0x87, 0xff, 0x12, 0xff, 0xff, 0xff, 0xff, 0xf1,
    0x3, 0xff, 0x87, 0xff, 0xff, 0xff, 0xff, 0xe2,
    0x7, 0xff, 0xf, 0xff, 0xfb, 0x72, 0xe0, 0x2e,
    0xa7, 0xff, 0xf6, 0xc3, 0xff, 0x86, 0xff, 0xff,
    0x5d, 0xf, 0xfe, 0x3b, 0x7f, 0xff, 0x54, 0x3f,
    0xf8, 0x9f, 0xff, 0xd5, 0x83, 0xff, 0x9d, 0x7f,
    0xff, 0x44, 0x3f, 0xf8, 0x8f, 0xff, 0xf4, 0xe0,
    0xff, 0xe9, 0x37, 0xff, 0xf3, 0x43, 0xff, 0x8b,
    0x7f, 0xff, 0x48, 0x3f, 0xfa, 0xf7, 0xff, 0xf2,
    0x83, 0xff, 0x8d, 0xff, 0xfd, 0x14, 0x3f, 0xfb,
    0x5f, 0xff, 0xc8, 0xf, 0xfe, 0x33, 0xff, 0xfd,
    0x4, 0x3f, 0xfb, 0x8f, 0xff, 0xf1, 0x43, 0xff,
    0x8f, 0xff, 0xfd, 0x4, 0x3f, 0xfb, 0xff, 0xff,
    0xc3, 0xf, 0xfe, 0x47, 0xff, 0xf3, 0xd0, 0xff,
    0xf0, 0xdf, 0xff, 0xc0, 0xf, 0xfe, 0x43, 0xff,
    0xfc, 0xe8, 0x3f, 0xfc, 0x6f, 0xff, 0x83, 0xff,
    0x93, 0x7f, 0xff, 0x38, 0x3f, 0xfc, 0xaf, 0xfe,
    0xf, 0xfe, 0x57, 0xff, 0xf3, 0xa0, 0xff, 0xf3,
    0xff, 0x83, 0xff, 0x97, 0xff, 0xfc, 0xe0, 0xff,
    0xf4, 0xfe, 0xf, 0xfe, 0x67, 0xff, 0xf3, 0x83,
    0xff, 0xd2, 0xf8, 0x3f, 0xf9, 0x8f, 0xff, 0xf3,
    0x60, 0xff, 0xf5, 0x21, 0xff, 0xcd, 0x7f, 0xff,
    0x9a, 0x87, 0xff, 0xfc, 0x39, 0xff, 0xfe, 0x6a,
    0x1f, 0xff, 0xf0, 0xeb, 0xff, 0xf9, 0xa8, 0x7f,
    0xff, 0xc3, 0xaf, 0xff, 0xe6, 0x87, 0xff, 0xfc,
    0x3d, 0x7f, 0xff, 0x34, 0x3f, 0xff, 0xe1, 0xeb,
    0xff, 0xf9, 0xa8, 0x7f, 0xff, 0xc3, 0xaf, 0xff,
    0xe6, 0xa1, 0xff, 0xff, 0xe, 0x7f, 0xff, 0x9b,
    0x7, 0xff, 0xfc, 0x39, 0xff, 0xfe, 0x70, 0x7f,
    0xff, 0xc3, 0x9f, 0xff, 0xe7, 0x7, 0xff, 0xfc,
    0x3d, 0xff, 0xfc, 0xe4, 0x3f, 0xff, 0xe1, 0xdf,
    0xff, 0xcf, 0xf, 0xff, 0xf8, 0x77, 0xff, 0xf3,
    0xd0, 0xff, 0xff, 0x86, 0xff, 0xfe, 0x80, 0x7f,
    0xff, 0xc3, 0x5f, 0xff, 0xd0, 0xf, 0xff, 0xf8,
    0x4f, 0xff, 0xf4, 0x43, 0xff, 0xfe, 0x17, 0xff,
    0xf4, 0x83, 0xff, 0xfe, 0xb, 0xff, 0xfa, 0x48,
    0x7f, 0xff, 0xdf, 0xff, 0xea, 0x21, 0xff, 0xfe,
    0xff, 0xfe, 0xac, 0x1f, 0xff, 0xdb, 0xff, 0xfa,
    0xd2, 0x1f, 0xff, 0xbf, 0xff, 0xec, 0xa1, 0xff,
    0xf9, 0xbf, 0xff, 0xb5, 0x21, 0xff, 0xf7, 0xff,
    0xfe, 0xec, 0x1f, 0xff, 0x5b, 0xff, 0xfb, 0xf0,
    0x7f, 0xfc, 0xff, 0xff, 0xc5, 0x21, 0xff, 0xf0,
    0xff, 0xff, 0x2a, 0x1f, 0xfe, 0xd7, 0xff, 0xfc,
    0xf0, 0x7f, 0xfa, 0xef, 0xff, 0xf4, 0xc1, 0xff,
    0xe9, 0xbf, 0xff, 0xd7, 0x7, 0xff, 0x9f, 0xff,
    0xfd, 0xb2, 0x1f, 0xfe, 0x5b, 0xff, 0xfd, 0xd0,
    0x7f, 0xf9, 0x2f, 0xff, 0xf7, 0xc1, 0xff, 0xe3,
    0x7f, 0xff, 0xe1, 0x7, 0xff, 0x89, 0xff, 0xff,
    0x8c, 0x1f, 0xfe, 0x2b, 0xff, 0xfe, 0x30, 0x7f,
    0xf8, 0x5f, 0xff, 0xf9, 0x41, 0xff, 0xe1, 0xbf,
    0xff, 0xe4, 0x87, 0xff, 0x81, 0xff, 0xff, 0x94,
    0x1f, 0xfe, 0x17, 0xff, 0xfe, 0x48, 0x7f, 0xf8,
    0x5f, 0xff, 0xf8, 0xc1, 0xff, 0xe2, 0x7f, 0xff,
    0xe2, 0x1f, 0xfe, 0x37, 0xff, 0xfe, 0x1, 0xff,
    0xe5, 0xbf, 0xff, 0xdc, 0x87, 0xff, 0x95, 0xbf,
    0xff, 0xd8, 0x87, 0xff, 0x9d, 0xff, 0xff, 0x5a,
    0x1f, 0xfe, 0x96, 0xff, 0xff, 0x40, 0x7f, 0xfb,
    0x1b, 0xff, 0xfc, 0xc1, 0xff, 0xef, 0x7f, 0xff,
    0xc8, 0x1f, 0xff, 0x16, 0xff, 0xff, 0x4, 0x1f,
    0xff, 0x36, 0xff, 0xfe, 0xf0, 0x7f, 0xfd, 0x9b,
    0xff, 0xfb, 0x81, 0xff, 0xf8, 0x7f, 0xff, 0xb4,
    0x87, 0xff, 0xea, 0xff, 0xfe, 0xc0, 0x7f, 0xff,
    0x2f, 0xff, 0xeb, 0x21, 0xff, 0xfd, 0xbf, 0xff,
    0xaa, 0x1f, 0xff, 0xff, 0xff, 0xea, 0x21, 0xff,
    0xff, 0xbf, 0xff, 0xa5, 0x7, 0xff, 0xfc, 0x7f,
    0xff, 0xa4, 0x1f, 0xff, 0xf0, 0x3f, 0xff, 0xd1,
    0x43, 0xff, 0xfe, 0x7, 0xff, 0xfa, 0x10, 0x7f,
    0xff, 0xc2, 0x7f, 0xff, 0xa0, 0x1f, 0xff, 0xf0,
    0xd7, 0xff, 0xf3, 0xc3, 0xff, 0xfe, 0x1d, 0xff,
    0xfc, 0xf4, 0x3f, 0xff, 0xe1, 0x9f, 0xff, 0xe7,
    0x21, 0xff, 0xff, 0xe, 0xff, 0xfe, 0x74, 0x1f,
    0xff, 0xf0, 0xeb, 0xff, 0xf9, 0xc1, 0xff, 0xff,
    0xe, 0x7f, 0xff, 0x9c, 0x1f, 0xff, 0xf0, 0xf7,
    0xff, 0xf3, 0x83, 0xff, 0xfe, 0x1e, 0xff, 0xfe,
    0x70, 0x7f, 0xff, 0xc3, 0xd7, 0xff, 0xf3, 0x43,
    0xff, 0xfe, 0x1e, 0xbf, 0xff, 0x9a, 0x1f, 0xff,
    0xf0, 0xf5, 0xff, 0xfc, 0xd0, 0xff, 0xff, 0x87,
    0x9f, 0xff, 0xe6, 0x87, 0xff, 0xfc, 0x3c, 0xff,
    0xff, 0x34, 0x3f, 0xff, 0xe1, 0xe7, 0xff, 0xf9,
    0xa1, 0xff, 0xff, 0xf, 0x5f, 0xff, 0xcd, 0xf,
    0xfe, 0x24, 0x1f, 0xff, 0x4b, 0xff, 0xf9, 0xa1,
    0xff, 0xc3, 0xf8, 0x3f, 0xfe, 0x7f, 0xff, 0xce,
    0xf, 0xfe, 0x17, 0xf0, 0x7f, 0xfc, 0xbf, 0xff,
    0x9c, 0x1f, 0xfc, 0x1f, 0xf8, 0x3f, 0xfe, 0xf,
    0xff, 0xf3, 0x60, 0xff, 0xe0, 0x5f, 0xf8, 0x3f,
    0xfd, 0xff, 0xff, 0xce, 0x43, 0xfe, 0xbf, 0xfc,
    0x87, 0xff, 0xb7, 0xff, 0xf9, 0xc8, 0x7f, 0xaf,
    0xff, 0xe0, 0x41, 0xff, 0xeb, 0xff, 0xfe, 0x78,
    0x7f, 0xaf, 0xff, 0xe1, 0x41, 0xff, 0xe9, 0x7f,
    0xff, 0x9e, 0x1f, 0xd7, 0xff, 0xf1, 0x50, 0xff,
    0xf3, 0xff, 0xff, 0x3e, 0xf, 0xd7, 0xff, 0xf2,
    0x3, 0xff, 0xcb, 0xff, 0xfd, 0x4, 0x3e, 0xbf,
    0xff, 0x95, 0x7, 0xff, 0x8b, 0xff, 0xfa, 0x21,
    0xf5, 0xff, 0xfc, 0xd8, 0x3f, 0xfb, 0xcf, 0xff,
    0xf4, 0x60, 0xf3, 0xff, 0xfd, 0x9, 0xf, 0xfe,
    0xd7, 0xff, 0xf4, 0xc3, 0xcf, 0xff, 0xf5, 0x10,
    0xff, 0xeb, 0x5f, 0xff, 0xd4, 0xe, 0x7f, 0xff,
    0xb0, 0x87, 0xff, 0x41, 0xbf, 0xff, 0xaa, 0x86,
    0x7f, 0xff, 0xb9, 0x21, 0xff, 0xc9, 0x6f, 0xff,
    0xec, 0x7, 0x5f, 0xff, 0xe1, 0xa2, 0xe0, 0xcb,
    0xaf, 0xff, 0xee, 0x21, 0xef, 0xff, 0xff, 0xff,
    0xff, 0x32, 0xf, 0xdf, 0xff, 0xff, 0xff, 0xfe,
    0x58, 0x7f, 0xbf, 0xff, 0xff, 0xff, 0xfc, 0x94,
    0x3f, 0xef, 0xff, 0xff, 0xff, 0xff, 0x1e, 0xf,
    0xfe, 0xf, 0xff, 0xff, 0xff, 0xff, 0x8c, 0x1f,
    0xfc, 0x3f, 0xff, 0xff, 0xff, 0xff, 0x10, 0x3f,
    0xf8, 0xb7, 0xff, 0xff, 0xff, 0xff, 0x82, 0x1f,
    0xfc, 0x77, 0xff, 0xff, 0xff, 0xff, 0x7, 0xff,
    0x2b, 0xff, 0xff, 0xff, 0xfc, 0x1f, 0xfc, 0xcb,
    0xff, 0xff, 0xff, 0xe0, 0xff, 0xe7, 0x3f, 0xff,
    0xff, 0xfa, 0xf, 0xfe, 0x8b, 0xff, 0xff, 0xf4,
    0x3f, 0xfa, 0x97, 0xff, 0xff, 0x3, 0xff, 0xb1,
    0x7f, 0xff, 0xe1, 0xf, 0xfe, 0xdd, 0xff, 0xff,
    0x48, 0x3f, 0xfb, 0xef, 0xff, 0xfc, 0x20, 0xff,
    0xf1, 0xb7, 0xff, 0xfa, 0xe0, 0xff, 0xf4, 0x3f,
    0xff, 0xe7, 0x43, 0xff, 0xda, 0xdf, 0xff, 0xe0,
    0x43, 0xff, 0xe6, 0xdf, 0xff, 0xd9, 0x90, 0xff,
    0xfd, 0x34, 0xff, 0xfe, 0x84, 0x87, 0xff, 0xfc,
    0x39, 0x54, 0xff, 0xfe, 0xd, 0x14, 0x1f, 0xfd,
    0xf0,

    /* U+0054 "T" */
    0xf, 0xff, 0xf8, 0x7f, 0xf6, 0xff, 0xff, 0xff,
    0xff, 0xff, 0xff, 0xff, 0xff, 0xff, 0xff, 0xff,
    0xff, 0xff, 0xff, 0xff, 0xff, 0xff, 0xff, 0xff,
    0xff, 0xff, 0xff, 0xff, 0xff, 0xff, 0xff, 0xff,
    0xff, 0xff, 0xff, 0xff, 0xff, 0xff, 0xff, 0xff,
    0xff, 0xff, 0xff, 0xff, 0xff, 0xff, 0xff, 0xff,
    0xff, 0xff, 0xff, 0xff, 0xff, 0xff, 0xff, 0xff,
    0xff, 0xff, 0xff, 0xff, 0xff, 0xff, 0xff, 0xff,
    0xff, 0xff, 0xff, 0xff, 0xff, 0xff, 0xff, 0xff,
    0xff, 0xff, 0xff, 0xff, 0xff, 0xff, 0xff, 0xff,
    0xff, 0xff, 0xff, 0xff, 0xff, 0xff, 0xff, 0xff,
    0xff, 0xff, 0xff, 0xff, 0xff, 0xfd, 0x50, 0xff,
    0xf0, 0x5f, 0xff, 0xcc, 0x83, 0xff, 0xfe, 0x1f,
    0xfc, 0x1b, 0xff, 0xf9, 0x90, 0x7f, 0xff, 0xc3,
    0xff, 0x83, 0x7f, 0xff, 0x32, 0xf, 0xff, 0xf8,
    0x7f, 0xf0, 0x6f, 0xff, 0xe6, 0x41, 0xff, 0xff,
    0xf, 0xfe, 0xd, 0xff, 0xfc, 0xc8, 0x3f, 0xff,
    0xe1, 0xff, 0xc1, 0xbf, 0xff, 0x99, 0x7, 0xff,
    0xfc, 0x3f, 0xf8, 0x37, 0xff, 0xf3, 0x20, 0xff,
    0xff, 0x87, 0xff, 0x6, 0xff, 0xfe, 0x64, 0x1f,
    0xff, 0xf0, 0xff, 0xe0, 0xdf, 0xff, 0xcc, 0x83,
    0xff, 0xfe, 0x1f, 0xfc, 0x1b, 0xff, 0xf9, 0x90,
    0x7f, 0xff, 0xc3, 0xff, 0x83, 0x7f, 0xff, 0x32,
    0xf, 0xff, 0xf8, 0x7f, 0xf0, 0x6f, 0xff, 0xe6,
    0x41, 0xff, 0xff, 0xf, 0xfe, 0xd, 0xff, 0xfc,
    0xc8, 0x3f, 0xff, 0xe1, 0xff, 0xc1, 0xbf, 0xff,
    0x99, 0x7, 0xff, 0xfc, 0x3f, 0xf8, 0x37, 0xff,
    0xf3, 0x20, 0xff, 0xff, 0x87, 0xff, 0x6, 0xff,
    0xfe, 0x64, 0x1f, 0xff, 0xf0, 0xff, 0xe0, 0xdf,
    0xff, 0xcc, 0x83, 0xff, 0xfe, 0x1f, 0xfc, 0x1b,
    0xff, 0xf9, 0x90, 0x7f, 0xff, 0xc3, 0xff, 0x83,
    0x7f, 0xff, 0x32, 0xf, 0xff, 0xf8, 0x7f, 0xf0,
    0x6f, 0xff, 0xe6, 0x41, 0xff, 0xff, 0xf, 0xfe,
    0xd, 0xff, 0xfc, 0xc8, 0x3f, 0xff, 0xe1, 0xff,
    0xc1, 0xbf, 0xff, 0x99, 0x7, 0xff, 0xfc, 0x3f,
    0xf8, 0x37, 0xff, 0xf3, 0x20, 0xff, 0xff, 0x87,
    0xff, 0x6, 0xff, 0xfe, 0x64, 0x1f, 0xff, 0xf0,
    0xff, 0xe0, 0xdf, 0xff, 0xcc, 0x83, 0xff, 0xfe,
    0x1f, 0xfc, 0x1b, 0xff, 0xf9, 0x90, 0x7f, 0xff,
    0xc3, 0xff, 0x83, 0x7f, 0xff, 0x32, 0xf, 0xff,
    0xf8, 0x7f, 0xf0, 0x6f, 0xff, 0xe6, 0x41, 0xff,
    0xff, 0xf, 0xfe, 0xd, 0xff, 0xfc, 0xc8, 0x3f,
    0xff, 0xe1, 0xff, 0xc1, 0xbf, 0xff, 0x99, 0x7,
    0xff, 0xfc, 0x3f, 0xf8, 0x37, 0xff, 0xf3, 0x20,
    0xff, 0xff, 0x87, 0xff, 0x6, 0xff, 0xfe, 0x64,
    0x1f, 0xff, 0xf0, 0xff, 0xe0, 0xdf, 0xff, 0xcc,
    0x83, 0xff, 0xfe, 0x1f, 0xfc, 0x1b, 0xff, 0xf9,
    0x90, 0x7f, 0xff, 0xc3, 0xff, 0x83, 0x7f, 0xff,
    0x32, 0xf, 0xff, 0xf8, 0x7f, 0xf0, 0x6f, 0xff,
    0xe6, 0x41, 0xff, 0xff, 0xf, 0xfe, 0xd, 0xff,
    0xfc, 0xc8, 0x3f, 0xff, 0xe1, 0xff, 0xc1, 0xbf,
    0xff, 0x99, 0x7, 0xff, 0xfc, 0x3f, 0xf8, 0x37,
    0xff, 0xf3, 0x20, 0xff, 0xff, 0x87, 0xff, 0x6,
    0xff, 0xfe, 0x64, 0x1f, 0xff, 0xf0, 0xff, 0xe0,
    0xdf, 0xff, 0xcc, 0x83, 0xff, 0xfe, 0x1f, 0xfc,
    0x1b, 0xff, 0xf9, 0x90, 0x7f, 0xff, 0xc3, 0xff,
    0x83, 0x7f, 0xff, 0x32, 0xf, 0xff, 0xf8, 0x7f,
    0xf0, 0x6f, 0xff, 0xe6, 0x41, 0xff, 0xff, 0xf,
    0xfe, 0xd, 0xff, 0xfc, 0xc8, 0x3f, 0xff, 0xe1,
    0xff, 0xc1, 0xbf, 0xff, 0x99, 0x7, 0xff, 0xfc,
    0x3f, 0xf8, 0x37, 0xff, 0xf3, 0x20, 0xff, 0xff,
    0x87, 0xff, 0x6, 0xff, 0xfe, 0x64, 0x1f, 0xff,
    0xf0, 0xff, 0xe0, 0xdf, 0xff, 0xcc, 0x83, 0xff,
    0xfe, 0x1f, 0xfc, 0x1b, 0xff, 0xf9, 0x90, 0x7f,
    0xff, 0xc3, 0xff, 0x83, 0x7f, 0xff, 0x32, 0xf,
    0xff, 0xf8, 0x7f, 0xf0, 0x6f, 0xff, 0xe6, 0x41,
    0xff, 0xff, 0xf, 0xfe, 0xd, 0xff, 0xfc, 0xc8,
    0x3f, 0xff, 0xe1, 0xff, 0xc1, 0xbf, 0xff, 0x99,
    0x7, 0xff, 0xfc, 0x3f, 0xf8, 0x37, 0xff, 0xf3,
    0x20, 0xff, 0xff, 0x87, 0xff, 0x6, 0xff, 0xfe,
    0x64, 0x1f, 0xff, 0xf0, 0xff, 0xe0, 0xdf, 0xff,
    0xcc, 0x83, 0xff, 0xfe, 0x1f, 0xfc, 0x1b, 0xff,
    0xf9, 0x90, 0x7f, 0xff, 0xc3, 0xff, 0x83, 0x7f,
    0xff, 0x32, 0xf, 0xff, 0xf8, 0x7f, 0xf0, 0x6f,
    0xff, 0xe6, 0x41, 0xff, 0xff, 0xf, 0xfe, 0xd,
    0xff, 0xfc, 0xc8, 0x3f, 0xff, 0xe1, 0xff, 0xc1,
    0xbf, 0xff, 0x99, 0x7, 0xff, 0xfc, 0x3f, 0xf8,
    0x37, 0xff, 0xf3, 0x20, 0xff, 0xff, 0x87, 0xff,
    0x6, 0xff, 0xfe, 0x64, 0x1f, 0xff, 0xf0, 0xff,
    0xe0, 0xdf, 0xff, 0xcc, 0x83, 0xff, 0xfe, 0x1f,
    0xfc, 0x1b, 0xff, 0xf9, 0x90, 0x7f, 0xff, 0xc3,
    0xff, 0x83, 0x7f, 0xff, 0x32, 0xf, 0xff, 0xf8,
    0x7f, 0xf0, 0x6f, 0xff, 0xe6, 0x41, 0xff, 0xff,
    0xf, 0xfe, 0xd, 0xff, 0xfc, 0xc8, 0x3f, 0xff,
    0xe1, 0xff, 0xc1, 0xbf, 0xff, 0x99, 0x7, 0xff,
    0xfc, 0x3f, 0xf8, 0x37, 0xff, 0xf3, 0x20, 0xff,
    0xff, 0x87, 0xff, 0x6, 0xff, 0xfe, 0x64, 0x1f,
    0xff, 0xf0, 0xff, 0xe0, 0xdf, 0xff, 0xcc, 0x83,
    0xff, 0xfe, 0x1f, 0xfc, 0x1b, 0xff, 0xf9, 0x90,
    0x7f, 0xff, 0xc3, 0xff, 0x83, 0x7f, 0xff, 0x32,
    0xf, 0xff, 0xf8, 0x7f, 0xf0, 0x6f, 0xff, 0xe6,
    0x41, 0xff, 0xff, 0xf, 0xfe, 0xd, 0xff, 0xfc,
    0xc8, 0x3f, 0xff, 0xe1, 0xff, 0xc1, 0xbf, 0xff,
    0x99, 0x7, 0xff, 0xfc, 0x3f, 0xf8, 0x37, 0xff,
    0xf3, 0x20, 0xff, 0xff, 0x87, 0xff, 0x6, 0xff,
    0xfe, 0x64, 0x1f, 0xff, 0xf0, 0xff, 0xe0, 0xdf,
    0xff, 0xcc, 0x83, 0xff, 0xfe, 0x1f, 0xfc, 0x1b,
    0xff, 0xf9, 0x90, 0x7f, 0xff, 0xc3, 0xff, 0x83,
    0x7f, 0xff, 0x32, 0xf, 0xff, 0xf8, 0x7f, 0xf0,
    0x6f, 0xff, 0xe6, 0x41, 0xff, 0xff, 0xf, 0xfe,
    0xd, 0xff, 0xfc, 0xc8, 0x3f, 0xff, 0xe1, 0xff,
    0xc1, 0xbf, 0xff, 0x99, 0x7, 0xff, 0xfc, 0x3f,
    0xf8, 0x37, 0xff, 0xf3, 0x20, 0xff, 0xff, 0x87,
    0xff, 0x6, 0xff, 0xfe, 0x64, 0x1f, 0xff, 0xf0,
    0xff, 0xe0, 0xdf, 0xff, 0xcc, 0x83, 0xff, 0xfe,
    0x1f, 0xfc, 0x1b, 0xff, 0xf9, 0x90, 0x7f, 0xff,
    0xc3, 0xff, 0x83, 0x7f, 0xff, 0x32, 0xf, 0xff,
    0xf8, 0x7f, 0xf0, 0x6f, 0xff, 0xe6, 0x41, 0xff,
    0xff, 0xf, 0xfe, 0xd, 0xff, 0xfc, 0xc8, 0x3f,
    0xff, 0xe1, 0xff, 0xc1, 0xbf, 0xff, 0x99, 0x7,
    0xff, 0xfc, 0x3f, 0xf8, 0x37, 0xff, 0xf3, 0x20,
    0xff, 0xff, 0x87, 0xff, 0x6, 0xff, 0xfe, 0x64,
    0x1f, 0xff, 0xf0, 0xff, 0xe0, 0xdf, 0xff, 0xcc,
    0x83, 0xff, 0xfe, 0x1f, 0xfc, 0x1b, 0xff, 0xf9,
    0x90, 0x7f, 0xff, 0xc3, 0xff, 0x83, 0x7f, 0xff,
    0x32, 0xf, 0xff, 0xf8, 0x7f, 0xf0, 0x6f, 0xff,
    0xe6, 0x41, 0xff, 0xff, 0xf, 0xfe, 0xd, 0xff,
    0xfc, 0xc8, 0x3f, 0xff, 0xe1, 0xff, 0xc1, 0xbf,
    0xff, 0x99, 0x7, 0xff, 0xfc, 0x3f, 0xf8, 0x37,
    0xff, 0xf3, 0x20, 0xff, 0xff, 0x87, 0xff, 0x6,
    0xff, 0xfe, 0x64, 0x1f, 0xff, 0xf0, 0xff, 0xe0,
    0xdf, 0xff, 0xcc, 0x83, 0xff, 0xfe, 0x1f, 0xfc,
    0x1b, 0xff, 0xf9, 0x90, 0x7f, 0xff, 0xc3, 0xff,
    0x83, 0x7f, 0xff, 0x32, 0xf, 0xff, 0xf8, 0x7f,
    0xf0, 0x6f, 0xff, 0xe6, 0x41, 0xff, 0xff, 0xf,
    0xfe, 0xd, 0xff, 0xfc, 0xc8, 0x3f, 0xff, 0xe1,
    0xff, 0xc1, 0xbf, 0xff, 0x99, 0x7, 0xff, 0xfc,
    0x3f, 0xf8, 0x37, 0xff, 0xf3, 0x20, 0xff, 0xff,
    0x87, 0xff, 0x6, 0xff, 0xfe, 0x64, 0x1f, 0xff,
    0xf0, 0xff, 0xe0, 0xdf, 0xff, 0xcc, 0x83, 0xff,
    0xfe, 0x1f, 0xfc, 0x1b, 0xff, 0xf9, 0x90, 0x7f,
    0xff, 0xc3, 0xff, 0x83, 0x7f, 0xff, 0x32, 0xf,
    0xff, 0xf8, 0x7f, 0xf0, 0x6f, 0xff, 0xe6, 0x41,
    0xff, 0xff, 0xf, 0xfe, 0xd, 0xff, 0xfc, 0xc8,
    0x3f, 0xff, 0xe1, 0xff, 0xc1, 0xbf, 0xff, 0x99,
    0x7, 0xff, 0xfc, 0x3f, 0xf8, 0x37, 0xff, 0xf3,
    0x20, 0xff, 0xff, 0x87, 0xff, 0x6, 0xff, 0xfe,
    0x64, 0x1f, 0xff, 0xf0, 0xff, 0xe0, 0xdf, 0xff,
    0xcc, 0x83, 0xff, 0xfe, 0x1f, 0xfc, 0x1b, 0xff,
    0xf9, 0x90, 0x7f, 0xff, 0xc3, 0xff, 0x83, 0x7f,
    0xff, 0x32, 0xf, 0xff, 0xf8, 0x7f, 0xf0, 0x6f,
    0xff, 0xe6, 0x41, 0xff, 0xff, 0xf, 0xfe, 0xd,
    0xff, 0xfc, 0xc8, 0x3f, 0xfc, 0x0,

    /* U+0055 "U" */
    0xff, 0xfe, 0x6a, 0x1f, 0xff, 0x77, 0xff, 0xfc,
    0xc8, 0x7f, 0xfd, 0xdf, 0xff, 0xf3, 0x21, 0xff,
    0xf7, 0x7f, 0xff, 0xcc, 0x87, 0xff, 0xdd, 0xff,
    0xff, 0x32, 0x1f, 0xff, 0x77, 0xff, 0xfc, 0xc8,
    0x7f, 0xfd, 0xdf, 0xff, 0xf3, 0x21, 0xff, 0xf7,
    0x7f, 0xff, 0xcc, 0x87, 0xff, 0xdd, 0xff, 0xff,
    0x32, 0x1f, 0xff, 0x77, 0xff, 0xfc, 0xc8, 0x7f,
    0xfd, 0xdf, 0xff, 0xf3, 0x21, 0xff, 0xf7, 0x7f,
    0xff, 0xcc, 0x87, 0xff, 0xdd, 0xff, 0xff, 0x32,
    0x1f, 0xff, 0x77, 0xff, 0xfc, 0xc8, 0x7f, 0xfd,
    0xdf, 0xff, 0xf3, 0x21, 0xff, 0xf7, 0x7f, 0xff,
    0xcc, 0x87, 0xff, 0xdd, 0xff, 0xff, 0x32, 0x1f,
    0xff, 0x77, 0xff, 0xfc, 0xc8, 0x7f, 0xfd, 0xdf,
    0xff, 0xf3, 0x21, 0xff, 0xf7, 0x7f, 0xff, 0xcc,
    0x87, 0xff, 0xdd, 0xff, 0xff, 0x32, 0x1f, 0xff,
    0x77, 0xff, 0xfc, 0xc8, 0x7f, 0xfd, 0xdf, 0xff,
    0xf3, 0x21, 0xff, 0xf7, 0x7f, 0xff, 0xcc, 0x87,
    0xff, 0xdd, 0xff, 0xff, 0x32, 0x1f, 0xff, 0x77,
    0xff, 0xfc, 0xc8, 0x7f, 0xfd, 0xdf, 0xff, 0xf3,
    0x21, 0xff, 0xf7, 0x7f, 0xff, 0xcc, 0x87, 0xff,
    0xdd, 0xff, 0xff, 0x32, 0x1f, 0xff, 0x77, 0xff,
    0xfc, 0xc8, 0x7f, 0xfd, 0xdf, 0xff, 0xf3, 0x21,
    0xff, 0xf7, 0x7f, 0xff, 0xcc, 0x87, 0xff, 0xdd,
    0xff, 0xff, 0x32, 0x1f, 0xff, 0x77, 0xff, 0xfc,
    0xc8, 0x7f, 0xfd, 0xdf, 0xff, 0xf3, 0x21, 0xff,
    0xf7, 0x7f, 0xff, 0xcc, 0x87, 0xff, 0xdd, 0xff,
    0xff, 0x32, 0x1f, 0xff, 0x77, 0xff, 0xfc, 0xc8,
    0x7f, 0xfd, 0xdf, 0xff, 0xf3, 0x21, 0xff, 0xf7,
    0x7f, 0xff, 0xcc, 0x87, 0xff, 0xdd, 0xff, 0xff,
    0x32, 0x1f, 0xff, 0x77, 0xff, 0xfc, 0xc8, 0x7f,
    0xfd, 0xdf, 0xff, 0xf3, 0x21, 0xff, 0xf7, 0x7f,
    0xff, 0xcc, 0x87, 0xff, 0xdd, 0xff, 0xff, 0x32,
    0x1f, 0xff, 0x77, 0xff, 0xfc, 0xc8, 0x7f, 0xfd,
    0xdf, 0xff, 0xf3, 0x21, 0xff, 0xf7, 0x7f, 0xff,
    0xcc, 0x87, 0xff, 0xdd, 0xff, 0xff, 0x32, 0x1f,
    0xff, 0x77, 0xff, 0xfc, 0xc8, 0x7f, 0xfd, 0xdf,
    0xff, 0xf3, 0x21, 0xff, 0xf7, 0x7f, 0xff, 0xcc,
    0x87, 0xff, 0xdd, 0xff, 0xff, 0x32, 0x1f, 0xff,
    0x77, 0xff, 0xfc, 0xc8, 0x7f, 0xfd, 0xdf, 0xff,
    0xf3, 0x21, 0xff, 0xf7, 0x7f, 0xff, 0xcc, 0x87,
    0xff, 0xdd, 0xff, 0xff, 0x32, 0x1f, 0xff, 0x77,
    0xff, 0xfc, 0xc8, 0x7f, 0xfd, 0xdf, 0xff, 0xf3,
    0x21, 0xff, 0xf7, 0x7f, 0xff, 0xcc, 0x87, 0xff,
    0xdd, 0xff, 0xff, 0x32, 0x1f, 0xff, 0x77, 0xff,
    0xfc, 0xc8, 0x7f, 0xfd, 0xdf, 0xff, 0xf3, 0x21,
    0xff, 0xf7, 0x7f, 0xff, 0xcc, 0x87, 0xff, 0xdd,
    0xff, 0xff, 0x32, 0x1f, 0xff, 0x77, 0xff, 0xfc,
    0xc8, 0x7f, 0xfd, 0xdf, 0xff, 0xf3, 0x21, 0xff,
    0xf7, 0x7f, 0xff, 0xcc, 0x87, 0xff, 0xdd, 0xff,
    0xff, 0x32, 0x1f, 0xff, 0x77, 0xff, 0xfc, 0xc8,
    0x7f, 0xfd, 0xdf, 0xff, 0xf3, 0x21, 0xff, 0xf7,
    0x7f, 0xff, 0xcc, 0x87, 0xff, 0xdd, 0xff, 0xff,
    0x32, 0x1f, 0xff, 0x77, 0xff, 0xfc, 0xc8, 0x7f,
    0xfd, 0xdf, 0xff, 0xf3, 0x21, 0xff, 0xf7, 0x7f,
    0xff, 0xcc, 0x87, 0xff, 0xdd, 0xff, 0xff, 0x32,
    0x1f, 0xff, 0x77, 0xff, 0xfc, 0xc8, 0x7f, 0xfd,
    0xdf, 0xff, 0xf3, 0x21, 0xff, 0xf7, 0x7f, 0xff,
    0xcc, 0x87, 0xff, 0xdd, 0xff, 0xff, 0x32, 0x1f,
    0xff, 0x77, 0xff, 0xfc, 0xc8, 0x7f, 0xfd, 0xdf,
    0xff, 0xf3, 0x21, 0xff, 0xf7, 0x7f, 0xff, 0xcc,
    0x87, 0xff, 0xdd, 0xff, 0xff, 0x32, 0x1f, 0xff,
    0x77, 0xff, 0xfc, 0xc8, 0x7f, 0xfd, 0xdf, 0xff,
    0xf3, 0x21, 0xff, 0xf7, 0x7f, 0xff, 0xcc, 0x87,
    0xff, 0xdd, 0xff, 0xff, 0x32, 0x1f, 0xff, 0x77,
    0xff, 0xfc, 0xc8, 0x7f, 0xfd, 0xdf, 0xff, 0xf3,
    0x21, 0xff, 0xf7, 0x7f, 0xff, 0xcc, 0x87, 0xff,
    0xdd, 0xff, 0xff, 0x32, 0x1f, 0xff, 0x77, 0xff,
    0xfc, 0xd0, 0x7f, 0xfd, 0xef, 0xff, 0xf3, 0x41,
    0xff, 0xf7, 0xbf, 0xff, 0x99, 0x7f, 0xff, 0x36,
    0xf, 0xff, 0xbd, 0xff, 0xfc, 0xcb, 0xff, 0xf9,
    0xb0, 0x7f, 0xfd, 0xef, 0xff, 0xe6, 0x5f, 0xff,
    0xce, 0xf, 0xff, 0xbf, 0xff, 0xf3, 0x6f, 0xff,
    0xe7, 0x7, 0xff, 0xdf, 0xff, 0xf9, 0xb4, 0xff,
    0xfe, 0x68, 0x7f, 0xfd, 0xff, 0xff, 0x9b, 0x4f,
    0xff, 0xe6, 0x87, 0xff, 0xdf, 0xff, 0xf9, 0xad,
    0xff, 0xfc, 0xd4, 0x3f, 0xfe, 0xaf, 0xff, 0xf3,
    0x55, 0xff, 0xfc, 0xd8, 0x3f, 0xfe, 0xb7, 0xff,
    0xf3, 0x47, 0xff, 0xf9, 0xc1, 0xff, 0xf5, 0xff,
    0xfe, 0x70, 0x3f, 0xff, 0x9c, 0x1f, 0xff, 0x5f,
    0xff, 0xe7, 0x3, 0xff, 0xf9, 0xc8, 0x7f, 0xfc,
    0xdf, 0xff, 0xe7, 0x3, 0xff, 0xf9, 0xd0, 0x7f,
    0xfc, 0xef, 0xff, 0xe6, 0xc0, 0xbf, 0xff, 0x9c,
    0x1f, 0xff, 0x3f, 0xff, 0xe7, 0x20, 0x7f, 0xff,
    0x9c, 0x87, 0xff, 0xc5, 0xff, 0xfe, 0x70, 0x6f,
    0xff, 0xe7, 0x87, 0xff, 0xc7, 0xff, 0xf9, 0xe1,
    0xbf, 0xff, 0x9e, 0x87, 0xff, 0xbd, 0xff, 0xfe,
    0x78, 0x6f, 0xff, 0xe8, 0x7, 0xff, 0xbe, 0xff,
    0xfe, 0x74, 0x19, 0xff, 0xfe, 0x7a, 0x1f, 0xfe,
    0xef, 0xff, 0xe7, 0xa1, 0xdf, 0xff, 0xd0, 0xf,
    0xff, 0x6f, 0xff, 0xf4, 0x3, 0xdf, 0xff, 0xd0,
    0x83, 0xff, 0xd6, 0xff, 0xff, 0x3e, 0xf, 0x5f,
    0xff, 0xd0, 0x43, 0xff, 0xd5, 0xff, 0xfd, 0x4,
    0x3e, 0xff, 0xfe, 0x88, 0x7f, 0xfa, 0x7f, 0xff,
    0xa2, 0x1f, 0xbf, 0xff, 0xa4, 0x1f, 0xfe, 0x7b,
    0xff, 0xfa, 0x10, 0x7e, 0x7f, 0xff, 0xa4, 0x1f,
    0xfe, 0x5b, 0xff, 0xfa, 0x28, 0x7f, 0x7f, 0xff,
    0x4c, 0x3f, 0xfc, 0x77, 0xff, 0xf4, 0x83, 0xfd,
    0x7f, 0xff, 0x4c, 0x3f, 0xfc, 0x3f, 0xff, 0xd3,
    0x43, 0xfe, 0xff, 0xfe, 0xa2, 0x1f, 0xfd, 0xd7,
    0xff, 0xfa, 0x81, 0xff, 0xc0, 0xbf, 0xff, 0xaa,
    0x87, 0xff, 0x6a, 0xff, 0xfe, 0xa2, 0x1f, 0xfc,
    0x1f, 0xff, 0xeb, 0x41, 0xff, 0xd7, 0xbf, 0xff,
    0xac, 0x1f, 0xfc, 0x2b, 0xff, 0xfb, 0x8, 0x7f,
    0xf4, 0x5b, 0xff, 0xfa, 0xe8, 0x7f, 0xf0, 0xff,
    0xff, 0xb6, 0x87, 0xff, 0x2d, 0xbf, 0xff, 0xb4,
    0x1f, 0xfc, 0x47, 0xff, 0xfb, 0xd2, 0x83, 0xfe,
    0x55, 0xff, 0xfd, 0xe0, 0xff, 0xe3, 0x5f, 0xff,
    0xff, 0xff, 0xfe, 0x64, 0x1f, 0xfc, 0x7f, 0xff,
    0xff, 0xff, 0xff, 0x30, 0x3f, 0xf9, 0x3f, 0xff,
    0xff, 0xff, 0xfe, 0x50, 0x7f, 0xf2, 0x9f, 0xff,
    0xff, 0xff, 0xff, 0x21, 0xf, 0xfe, 0x5d, 0xff,
    0xff, 0xff, 0xff, 0xe3, 0x41, 0xff, 0xcd, 0xbf,
    0xff, 0xff, 0xff, 0xfc, 0x48, 0x3f, 0xf9, 0xf7,
    0xff, 0xff, 0xff, 0xff, 0x85, 0x7, 0xff, 0x47,
    0xff, 0xff, 0xff, 0xff, 0xc1, 0x83, 0xff, 0xa7,
    0x7f, 0xff, 0xff, 0xff, 0xd0, 0x7f, 0xf5, 0x6f,
    0xff, 0xff, 0xff, 0xe8, 0x3f, 0xfa, 0xef, 0xff,
    0xff, 0xff, 0xc8, 0x7f, 0xf6, 0x5f, 0xff, 0xff,
    0xfe, 0x43, 0xff, 0xb9, 0x7f, 0xff, 0xfe, 0xf,
    0xfe, 0xfb, 0xff, 0xff, 0xd4, 0x3f, 0xfc, 0x57,
    0xff, 0xfe, 0x60, 0xff, 0xf3, 0x5f, 0xff, 0xf5,
    0x83, 0xff, 0xd2, 0xff, 0xff, 0xcd, 0xf, 0xff,
    0x63, 0x7f, 0xff, 0xb6, 0x43, 0xff, 0xe2, 0xff,
    0xff, 0xa5, 0xf, 0xff, 0xbd, 0xff, 0xfe, 0x39,
    0xf, 0xff, 0xe3, 0x7f, 0xff, 0x6e, 0x43, 0xff,
    0xfe, 0x1c, 0xd3, 0xff, 0xfa, 0x34, 0x43, 0xff,
    0xfe, 0x1f, 0xfc, 0x35, 0x55, 0xff, 0xfc, 0x2a,
    0x28, 0x3f, 0xfc, 0x80,

    /* U+0056 "V" */
    0x7f, 0xff, 0x9e, 0x1f, 0xff, 0xf0, 0xef, 0xff,
    0xe7, 0x3, 0xff, 0xf9, 0xe1, 0xff, 0xff, 0xe,
    0xff, 0xfe, 0x70, 0x2f, 0xff, 0xe7, 0x21, 0xff,
    0xff, 0x9, 0xff, 0xfe, 0x6a, 0x7, 0xff, 0xf9,
    0xe1, 0xff, 0xff, 0xb, 0xff, 0xf9, 0xc1, 0xbf,
    0xff, 0x9e, 0x1f, 0xff, 0xf0, 0xbf, 0xff, 0x9b,
    0x6, 0xbf, 0xff, 0x9c, 0x87, 0xff, 0xfc, 0xbf,
    0xff, 0x9a, 0x87, 0x7f, 0xff, 0x3c, 0x3f, 0xff,
    0xe7, 0xff, 0xf3, 0x83, 0xdf, 0xff, 0xcf, 0xf,
    0xff, 0xf9, 0xff, 0xfc, 0xd8, 0x3c, 0xff, 0xff,
    0x39, 0xf, 0xff, 0xf5, 0xff, 0xfc, 0xd4, 0x3e,
    0xff, 0xfe, 0x78, 0x7f, 0xff, 0xbf, 0xff, 0x9c,
    0x1f, 0xaf, 0xff, 0xe7, 0x7, 0xff, 0xfb, 0xff,
    0xf9, 0xb0, 0x7e, 0x7f, 0xff, 0x9d, 0x7, 0xff,
    0xf2, 0xff, 0xfe, 0x68, 0x7f, 0xbf, 0xff, 0x9e,
    0x1f, 0xff, 0xcf, 0xff, 0xe7, 0x7, 0xfa, 0xff,
    0xfe, 0x70, 0x7f, 0xfe, 0xdf, 0xff, 0xe6, 0xa1,
    0xfe, 0x7f, 0xff, 0x9d, 0x7, 0xff, 0xea, 0xff,
    0xfe, 0x68, 0x7f, 0xf0, 0x3f, 0xff, 0x9e, 0x1f,
    0xff, 0xaf, 0xff, 0xe6, 0xc1, 0xff, 0xc0, 0xbf,
    0xff, 0x9c, 0x1f, 0xff, 0x97, 0xff, 0xf9, 0xa8,
    0x7f, 0xf0, 0x7f, 0xff, 0x9d, 0x7, 0xff, 0xe2,
    0xff, 0xfe, 0x68, 0x7f, 0xf0, 0xbf, 0xff, 0x9e,
    0x1f, 0xff, 0x8f, 0xff, 0xe6, 0xc1, 0xff, 0xc2,
    0x7f, 0xff, 0x9c, 0x1f, 0xff, 0x77, 0xff, 0xf9,
    0xa1, 0xff, 0xc4, 0xff, 0xfe, 0x74, 0x1f, 0xff,
    0x6b, 0xff, 0xf9, 0xa1, 0xff, 0xc4, 0xbf, 0xff,
    0x9c, 0x1f, 0xff, 0x6f, 0xff, 0xe6, 0xa1, 0xff,
    0xc4, 0x7f, 0xff, 0x9c, 0x1f, 0xff, 0x57, 0xff,
    0xf9, 0xa1, 0xff, 0xc6, 0xff, 0xfe, 0x74, 0x1f,
    0xff, 0x4f, 0xff, 0xe6, 0xc1, 0xff, 0xc6, 0xbf,
    0xff, 0x9c, 0x1f, 0xff, 0x4f, 0xff, 0xe6, 0xa1,
    0xff, 0xc7, 0xff, 0xfe, 0x72, 0x1f, 0xff, 0x27,
    0xff, 0xf9, 0xa1, 0xff, 0xc8, 0xff, 0xfe, 0x74,
    0x1f, 0xff, 0x2f, 0xff, 0xe6, 0xc1, 0xff, 0xc8,
    0x7f, 0xff, 0x9c, 0x1f, 0xff, 0x2f, 0xff, 0xe6,
    0x87, 0xff, 0x2b, 0xff, 0xf9, 0xc8, 0x7f, 0xfc,
    0x1f, 0xff, 0xe6, 0x87, 0xff, 0x2a, 0xff, 0xfe,
    0x6c, 0x1f, 0xff, 0xf, 0xff, 0xe6, 0xa1, 0xff,
    0xca, 0x7f, 0xff, 0x9c, 0x1f, 0xff, 0xf, 0xff,
    0xe6, 0x87, 0xff, 0x33, 0xff, 0xf9, 0xc8, 0x7f,
    0xfb, 0xaf, 0xff, 0xe6, 0x41, 0xff, 0xcc, 0xbf,
    0xff, 0x9b, 0x7, 0xff, 0xbb, 0xff, 0xf9, 0xa8,
    0x7f, 0xf3, 0x7f, 0xff, 0x9c, 0x1f, 0xfe, 0xef,
    0xff, 0xe6, 0x87, 0xff, 0x3b, 0xff, 0xf9, 0xc8,
    0x7f, 0xfb, 0x2f, 0xff, 0xe6, 0x41, 0xff, 0xce,
    0xbf, 0xff, 0x9b, 0x7, 0xff, 0xb3, 0xff, 0xf9,
    0xa8, 0x7f, 0xf3, 0xff, 0xff, 0x9c, 0x1f, 0xfe,
    0xb7, 0xff, 0xf9, 0xa1, 0xff, 0xd0, 0xff, 0xfe,
    0x72, 0x1f, 0xfe, 0xab, 0xff, 0xf9, 0x90, 0x7f,
    0xf4, 0x1f, 0xff, 0xe6, 0xc1, 0xff, 0xea, 0xff,
    0xfe, 0x68, 0x7f, 0xf4, 0xbf, 0xff, 0x9c, 0x1f,
    0xfe, 0x97, 0xff, 0xf9, 0xa1, 0xff, 0xd2, 0xbf,
    0xff, 0x9a, 0x87, 0xff, 0xa2, 0xff, 0xfe, 0x62,
    0x1f, 0xfd, 0x27, 0xff, 0xf9, 0xb0, 0x7f, 0xfa,
    0x3f, 0xff, 0x9a, 0x1f, 0xfd, 0x4f, 0xff, 0xe7,
    0x7, 0xff, 0x9d, 0xff, 0xfe, 0x64, 0x1f, 0xfd,
    0x4b, 0xff, 0xf9, 0xa8, 0x7f, 0xf9, 0xaf, 0xff,
    0xe6, 0x21, 0xff, 0xd5, 0xff, 0xfe, 0x6c, 0x1f,
    0xfe, 0x6f, 0xff, 0xe6, 0x87, 0xff, 0x5b, 0xff,
    0xf9, 0xc1, 0xff, 0xe5, 0x7f, 0xff, 0x99, 0x7,
    0xff, 0x59, 0xff, 0xfe, 0x6a, 0x1f, 0xfe, 0x4b,
    0xff, 0xf9, 0x81, 0xff, 0xd8, 0xff, 0xfe, 0x70,
    0x7f, 0xf9, 0x3f, 0xff, 0x9a, 0x1f, 0xfd, 0x8b,
    0xff, 0xf9, 0xa1, 0xff, 0xe3, 0x7f, 0xff, 0x98,
    0x87, 0xff, 0x61, 0xff, 0xfe, 0x6a, 0x1f, 0xfe,
    0x2f, 0xff, 0xe6, 0x87, 0xff, 0x6b, 0xff, 0xf9,
    0xc1, 0xff, 0xe2, 0xff, 0xfe, 0x64, 0x1f, 0xfd,
    0xab, 0xff, 0xf9, 0xa1, 0xff, 0xe1, 0x7f, 0xff,
    0x98, 0x87, 0xff, 0x6f, 0xff, 0xf9, 0xa8, 0x7f,
    0xf8, 0x3f, 0xff, 0x9a, 0x1f, 0xfd, 0xcf, 0xff,
    0xe7, 0x7, 0xff, 0x83, 0xff, 0xf9, 0x90, 0x7f,
    0xf7, 0x2f, 0xff, 0xe6, 0x87, 0xff, 0x7e, 0xff,
    0xfe, 0x60, 0x7f, 0xf7, 0xbf, 0xff, 0x9a, 0x87,
    0xff, 0x7b, 0xff, 0xf9, 0xa1, 0xff, 0xde, 0xff,
    0xfe, 0x70, 0x7f, 0xf7, 0xbf, 0xff, 0x98, 0x87,
    0xff, 0x79, 0xff, 0xfe, 0x68, 0x7f, 0xf7, 0x6f,
    0xff, 0xe6, 0x7, 0xff, 0x83, 0xff, 0xf9, 0xa8,
    0x7f, 0xf7, 0x3f, 0xff, 0x9a, 0x1f, 0xfe, 0xb,
    0xff, 0xf9, 0xa1, 0xff, 0xdc, 0xff, 0xfe, 0x62,
    0x1f, 0xfe, 0x7, 0xff, 0xf9, 0xa1, 0xff, 0xdb,
    0xbf, 0xff, 0x98, 0x1f, 0xfe, 0x2f, 0xff, 0xe6,
    0xc1, 0xff, 0xda, 0xff, 0xfe, 0x64, 0x1f, 0xfe,
    0x2b, 0xff, 0xf9, 0xa1, 0xff, 0xd9, 0x7f, 0xff,
    0x98, 0x87, 0xff, 0x8f, 0xff, 0xf9, 0xa1, 0xff,
    0xd9, 0xbf, 0xff, 0x98, 0x1f, 0xfe, 0x4f, 0xff,
    0xe6, 0xc1, 0xff, 0xd8, 0xff, 0xfe, 0x64, 0x1f,
    0xfe, 0x47, 0xff, 0xf9, 0xa1, 0xff, 0xd7, 0x7f,
    0xff, 0x98, 0x1f, 0xfe, 0x6f, 0xff, 0xe6, 0x87,
    0xff, 0x5e, 0xff, 0xfe, 0x60, 0x7f, 0xf9, 0xaf,
    0xff, 0xe6, 0x41, 0xff, 0xd6, 0xff, 0xfe, 0x62,
    0x1f, 0xfe, 0x67, 0xff, 0xf9, 0xa1, 0xff, 0xd5,
    0x7f, 0xff, 0x98, 0x1f, 0xfe, 0x8f, 0xff, 0xe6,
    0x87, 0xff, 0x56, 0xff, 0xfe, 0x5c, 0x1f, 0xfe,
    0x8b, 0xff, 0xf9, 0x90, 0x7f, 0xf5, 0x3f, 0xff,
    0x98, 0x87, 0xff, 0xa7, 0xff, 0xf9, 0xa1, 0xff,
    0xd3, 0x7f, 0xff, 0x98, 0x1f, 0xfe, 0xaf, 0xff,
    0xe6, 0xa1, 0xff, 0xd2, 0xff, 0xfe, 0x64, 0x1f,
    0xfe, 0xab, 0xff, 0xf9, 0x90, 0x7f, 0xf4, 0xbf,
    0xff, 0x98, 0x1f, 0xfe, 0xcf, 0xff, 0xe6, 0x87,
    0xff, 0x45, 0xff, 0xfe, 0x60, 0x7f, 0xfb, 0x3f,
    0xff, 0x9a, 0x87, 0xff, 0x43, 0xff, 0xf9, 0x88,
    0x7f, 0xfb, 0x1f, 0xff, 0xe6, 0x41, 0xff, 0xd0,
    0xff, 0xfe, 0x60, 0x7f, 0xfb, 0xbf, 0xff, 0x9a,
    0x1f, 0xfc, 0xf7, 0xff, 0xf9, 0x70, 0x7f, 0xfb,
    0xaf, 0xff, 0xe6, 0x21, 0xff, 0xce, 0xff, 0xfe,
    0x62, 0x1f, 0xfe, 0xe7, 0xff, 0xf9, 0x90, 0x7f,
    0xf3, 0xbf, 0xff, 0x98, 0x1f, 0xff, 0xf, 0xff,
    0xe6, 0x87, 0xff, 0x36, 0xff, 0xfe, 0x5c, 0x1f,
    0xff, 0xb, 0xff, 0xf9, 0x88, 0x7f, 0xf3, 0x3f,
    0xff, 0x98, 0x1f, 0xff, 0x2f, 0xff, 0xe6, 0x41,
    0xff, 0xcc, 0xff, 0xfe, 0x60, 0x7f, 0xfc, 0xbf,
    0xff, 0x9a, 0x1f, 0xfc, 0xbb, 0xff, 0xf9, 0x70,
    0x7f, 0xfc, 0x9f, 0xff, 0xe6, 0x21, 0xff, 0xca,
    0xff, 0xfe, 0x60, 0x7f, 0xfd, 0x3f, 0xff, 0x99,
    0x7, 0xff, 0x25, 0xff, 0xfe, 0x60, 0x7f, 0xfd,
    0x2f, 0xff, 0xe6, 0x7, 0xff, 0x26, 0xff, 0xfe,
    0x5a, 0x1f, 0xff, 0x47, 0xff, 0xf9, 0x88, 0x7f,
    0xf2, 0x3f, 0xff, 0x98, 0x1f, 0xff, 0x6f, 0xff,
    0xe6, 0x41, 0xff, 0xc7, 0x7f, 0xff, 0x97, 0x7,
    0xff, 0xda, 0xff, 0xfe, 0x60, 0x7f, 0xf1, 0xef,
    0xff, 0xe5, 0xa1, 0xff, 0xf7, 0xff, 0xfe, 0x62,
    0x1f, 0xfc, 0x6f, 0xff, 0xe6, 0x7, 0xff, 0xe3,
    0xff, 0xf9, 0x90, 0x7f, 0xf1, 0x5f, 0xff, 0xe5,
    0xc1, 0xff, 0xf8, 0x7f, 0xff, 0x98, 0x1f, 0xfc,
    0x5b, 0xff, 0xf9, 0x61, 0xff, 0xfa, 0xff, 0xfe,
    0x62, 0x1f, 0xfc, 0x4f, 0xff, 0xe6, 0x7, 0xff,
    0xeb, 0xff, 0xf9, 0x90, 0x7f, 0xf0, 0xdf, 0xff,
    0xe5, 0xa1, 0xff, 0xfa, 0x7f, 0xff, 0x98, 0x1f,
    0xfc, 0x3b, 0xff, 0xf9, 0x61, 0xff, 0xfc, 0xff,
    0xfe, 0x62, 0x1f, 0xfc, 0x2f, 0xff, 0xe5, 0xc1,
    0xff, 0xfc, 0xbf, 0xff, 0x98, 0x1f, 0xfc, 0x17,
    0xff, 0xf9, 0x68, 0x7f, 0xff, 0x1f, 0xff, 0xe6,
    0x7, 0xff, 0x7, 0xff, 0xf9, 0x81, 0xff, 0xfe,
    0xff, 0xfe, 0x62, 0x1f, 0xfc, 0xf, 0xff, 0xe5,
    0xc1, 0xff, 0xfe, 0xbf, 0xff, 0x98, 0x1f, 0xf3,
    0xff, 0xfc, 0xb0, 0xff, 0xff, 0x9f, 0xff, 0xcc,
    0xf, 0xfb, 0xff, 0xf9, 0x81, 0xff, 0xff, 0x3f,
    0xff, 0x98, 0x87, 0xfb, 0xff, 0xf9, 0x68, 0x7f,
    0xff, 0xc7, 0xff, 0xf9, 0x81, 0xfd, 0x7f, 0xff,
    0x2c, 0x3f, 0xff, 0xe1, 0x7f, 0xff, 0x30, 0x3f,
    0xbf, 0xff, 0x97, 0x7, 0xff, 0xfc, 0x2b, 0xff,
    0xf9, 0x68, 0x7e, 0xff, 0xfe, 0x5a, 0x1f, 0xff,
    0xf0, 0x9f, 0xff, 0xe6, 0x7, 0xd7, 0xff, 0xf2,
    0xc3, 0xff, 0xfe, 0x1d, 0xff, 0xfc, 0xc0, 0xfb,
    0xff, 0xf9, 0x70, 0x7f, 0xff, 0xc3, 0xaf, 0xff,
    0xe5, 0xc1, 0xcf, 0xff, 0xf2, 0xc3, 0xff, 0xfe,
    0x1f, 0x7f, 0xff, 0x30, 0x3a, 0xff, 0xfe, 0x58,
    0x7f, 0xff, 0xc3, 0xef, 0xff, 0xe6, 0x7, 0x7f,
    0xff, 0x2e, 0xf, 0xff, 0xf8, 0x7c, 0xff, 0xff,
    0x2e, 0x9, 0xff, 0xfe, 0x58, 0x7f, 0xff, 0xc3,
    0xfb, 0xff, 0xf9, 0x81, 0x5f, 0xff, 0xcb, 0xf,
    0xff, 0xf8, 0x7f, 0x7f, 0xff, 0x30, 0x2f, 0xff,
    0xe5, 0xa1, 0xff, 0xff, 0xf, 0xe7, 0xff, 0xf9,
    0x70, 0xff, 0xff, 0x2c, 0x3f, 0xff, 0xe1, 0xff,
    0x7f, 0xff, 0x30, 0xbf, 0xff, 0x95, 0x7, 0xff,
    0xfc, 0x3f, 0xeb, 0xff, 0xf9, 0x6f, 0xff, 0xf2,
    0xd0, 0xff, 0xff, 0x87, 0xfc, 0xff, 0xff, 0x8c,
    0x3f, 0xff, 0xe1, 0xff, 0xc1, 0xff, 0xff, 0x14,
    0x1f, 0xff, 0xf0, 0xff, 0xe0, 0xdf, 0xff, 0xe1,
    0xf, 0xff, 0xf8, 0x7f, 0xf0, 0xff, 0xff, 0xc2,
    0x1f, 0xff, 0xf0, 0xff, 0xe1, 0xff, 0xff, 0x81,
    0xf, 0xff, 0xf8, 0x7f, 0xf0, 0xdf, 0xff, 0xef,
    0x87, 0xff, 0xfc, 0x3f, 0xf8, 0xbf, 0xff, 0xde,
    0x83, 0xff, 0xfe, 0x1f, 0xfc, 0x5b, 0xff, 0xfb,
    0xa8, 0x7f, 0xff, 0xc3, 0xff, 0x8a, 0xff, 0xff,
    0x74, 0x3f, 0xff, 0xe1, 0xff, 0xc7, 0xff, 0xfe,
    0xe4, 0x1f, 0xff, 0xf0, 0xff, 0xe3, 0xdf, 0xff,
    0xdb, 0xf, 0xff, 0xf8, 0x7f, 0xf2, 0x7f, 0xff,
    0xb6, 0x1f, 0xff, 0xf0, 0xff, 0xe4, 0xff, 0xff,
    0x69, 0xf, 0xff, 0xf8, 0x7f, 0xf2, 0x5f, 0xff,
    0xec, 0x87, 0xff, 0xfc, 0x3f, 0xf9, 0x7f, 0xff,
    0xd8, 0x83, 0xff, 0xfe, 0x1f, 0xfc, 0xbf, 0xff,
    0xec, 0x21, 0xff, 0xff, 0xf, 0xfe, 0x5b, 0xff,
    0xfd, 0x70, 0xff, 0xff, 0x87, 0xff, 0x37, 0xff,
    0xfa, 0xd0, 0x7f, 0xff, 0xc3, 0xff, 0x9b, 0x7f,
    0xff, 0x55, 0xf, 0xff, 0xf8, 0x7f, 0xf3, 0x5f,
    0xff, 0xea, 0x87, 0xff, 0xfc, 0x3f, 0xf9, 0xff,
    0xff, 0xd4, 0x83, 0xff, 0xfe, 0x1f, 0xfc, 0xfb,
    0xff, 0xfa, 0x61, 0xff, 0xff, 0xf, 0xfe, 0x8f,
    0xff, 0xf4, 0xc3, 0xff, 0xfe, 0x1f, 0xfd, 0x1f,
    0xff, 0xe9, 0x21, 0xff, 0xff, 0xf, 0xfe, 0x8b,
    0xff, 0xfd, 0x10, 0xff, 0xff, 0x87, 0xff, 0x4f,
    0xff, 0xfa, 0x10, 0x7f, 0xff, 0xc3, 0xff, 0xa7,
    0x7f, 0xff, 0x3d, 0xf, 0xff, 0xf8, 0x7f, 0xf4,
    0xdf, 0xff, 0xe7, 0x87, 0xff, 0xfc, 0x3f, 0xfa,
    0xbf, 0xff, 0xce, 0x83, 0xff, 0xfe, 0x1f, 0xfd,
    0x5b, 0xff, 0xf9, 0xa1, 0xff, 0xeb,

    /* U+0057 "W" */
    0x3f, 0xff, 0x9d, 0x7, 0xff, 0xb7, 0xff, 0xf9,
    0xf0, 0x7f, 0xfb, 0xaf, 0xff, 0xe6, 0x1f, 0xff,
    0xcf, 0xf, 0xff, 0x6f, 0xff, 0xf4, 0x3, 0xff,
    0xdd, 0xff, 0xfc, 0xc8, 0xbf, 0xff, 0x9c, 0x1f,
    0xfe, 0xc7, 0xff, 0xfa, 0x1, 0xff, 0xee, 0xff,
    0xfe, 0x62, 0x3f, 0xff, 0xce, 0xf, 0xff, 0x65,
    0xff, 0xfd, 0x4, 0x3f, 0xfd, 0x8f, 0xff, 0xf3,
    0x2, 0xff, 0xfe, 0x72, 0x1f, 0xfe, 0xbf, 0xff,
    0xe8, 0xc1, 0xff, 0xec, 0xbf, 0xff, 0x98, 0x15,
    0xff, 0xfc, 0xd8, 0x3f, 0xfd, 0x7f, 0xff, 0xd2,
    0xf, 0xff, 0x67, 0xff, 0xf3, 0x10, 0x9f, 0xff,
    0xe7, 0x7, 0xff, 0xa9, 0xff, 0xfe, 0x90, 0x7f,
    0xfb, 0x3f, 0xff, 0x98, 0x1d, 0xff, 0xfc, 0xe0,
    0xff, 0xf5, 0x5f, 0xff, 0xd2, 0x43, 0xff, 0xd4,
    0xff, 0xff, 0x30, 0x3b, 0xff, 0xf9, 0xc8, 0x7f,
    0xfa, 0x7f, 0xff, 0xa7, 0x7, 0xff, 0xaa, 0xff,
    0xfe, 0x5c, 0x1d, 0x7f, 0xff, 0x36, 0xf, 0xff,
    0x4f, 0xff, 0xf5, 0x3, 0xff, 0xd5, 0xff, 0xfc,
    0xc4, 0x39, 0xff, 0xfe, 0x70, 0x7f, 0xfa, 0x1f,
    0xff, 0xea, 0x7, 0xff, 0xab, 0xff, 0xf9, 0x81,
    0xf7, 0xff, 0xf3, 0x83, 0xff, 0xd1, 0x7f, 0xff,
    0x51, 0xf, 0xff, 0x43, 0xff, 0xfc, 0xc0, 0xfb,
    0xff, 0xf9, 0xc8, 0x7f, 0xf9, 0xff, 0xff, 0xab,
    0x7, 0xff, 0xa2, 0xff, 0xfe, 0x5c, 0x1f, 0x5f,
    0xff, 0xcd, 0x83, 0xff, 0xcf, 0xff, 0xfd, 0x60,
    0xff, 0xf4, 0x7f, 0xff, 0x31, 0xf, 0x9f, 0xff,
    0xe7, 0x7, 0xff, 0x99, 0xff, 0xfe, 0xb0, 0x7f,
    0xfa, 0x3f, 0xff, 0x98, 0x1f, 0xdf, 0xff, 0xce,
    0xf, 0xff, 0x35, 0xff, 0xfd, 0x64, 0x3f, 0xfc,
    0xcf, 0xff, 0xf3, 0x3, 0xfb, 0xff, 0xf9, 0xc8,
    0x7f, 0xf9, 0x7f, 0xff, 0xaf, 0x7, 0xff, 0x9a,
    0xff, 0xfe, 0x5a, 0x1f, 0xd7, 0xff, 0xf3, 0x60,
    0xff, 0xf2, 0xff, 0xff, 0x60, 0x3f, 0xfc, 0xdf,
    0xff, 0xcc, 0xf, 0xfb, 0xff, 0xf9, 0xb0, 0x7f,
    0xf9, 0x1f, 0xff, 0xec, 0x7, 0xff, 0x9b, 0xff,
    0xf9, 0x81, 0xff, 0x7f, 0xff, 0x38, 0x3f, 0xfc,
    0x97, 0xff, 0xf6, 0x10, 0xff, 0xf2, 0x3f, 0xff,
    0xcb, 0x83, 0xfe, 0xbf, 0xff, 0x9a, 0x1f, 0xfe,
    0x4f, 0xff, 0xec, 0xc1, 0xff, 0xe4, 0xbf, 0xff,
    0x96, 0x87, 0xfc, 0xff, 0xff, 0x35, 0xf, 0xff,
    0x1f, 0xff, 0xf6, 0x83, 0xff, 0xc9, 0xff, 0xfc,
    0xc0, 0xff, 0xe0, 0xff, 0xff, 0x36, 0xf, 0xff,
    0x15, 0xff, 0xfd, 0xa0, 0xff, 0xf2, 0x7f, 0xff,
    0x30, 0x3f, 0xf8, 0x3f, 0xff, 0xce, 0xf, 0xff,
    0x17, 0xff, 0xf6, 0xd0, 0xff, 0xf1, 0x3f, 0xff,
    0xcb, 0x83, 0xff, 0x83, 0x7f, 0xff, 0x34, 0x3f,
    0xfc, 0x5f, 0xff, 0xdb, 0x83, 0xff, 0xc5, 0x7f,
    0xff, 0x2d, 0xf, 0xfe, 0xb, 0xff, 0xfc, 0xd4,
    0x3f, 0xfc, 0xf, 0xff, 0xf7, 0x3, 0xff, 0xc5,
    0xff, 0xfc, 0xc0, 0xff, 0xe1, 0xff, 0xff, 0x36,
    0xf, 0xff, 0x5, 0xff, 0xfd, 0xc0, 0xff, 0xf1,
    0x7f, 0xff, 0x30, 0x3f, 0xf8, 0x7f, 0xff, 0xce,
    0xf, 0xff, 0x7, 0xff, 0xf7, 0x50, 0xff, 0xf0,
    0x3f, 0xff, 0xcb, 0x43, 0xff, 0x87, 0x7f, 0xff,
    0x34, 0x3f, 0xfc, 0x1f, 0xff, 0xdd, 0x83, 0xff,
    0xc1, 0x7f, 0xff, 0x2c, 0x3f, 0xf8, 0x8f, 0xff,
    0xf3, 0x50, 0xff, 0xef, 0x3f, 0xff, 0xde, 0xf,
    0xff, 0x7, 0xff, 0xf3, 0x3, 0xff, 0x8b, 0xff,
    0xfc, 0xd8, 0x3f, 0xfb, 0xd7, 0xff, 0xf2, 0x2f,
    0xff, 0xe4, 0x87, 0xff, 0x83, 0xff, 0xf9, 0x70,
    0x7f, 0xf1, 0x7f, 0xff, 0x9c, 0x1f, 0xfd, 0xef,
    0xff, 0xe4, 0x4f, 0xff, 0xf2, 0x50, 0xff, 0xef,
    0x3f, 0xff, 0xcb, 0x43, 0xff, 0x8a, 0xff, 0xff,
    0x34, 0x3f, 0xfb, 0xdf, 0xff, 0xc8, 0x4f, 0xff,
    0xe4, 0xc1, 0xff, 0xde, 0xbf, 0xff, 0x96, 0x1f,
    0xfc, 0x7f, 0xff, 0xe6, 0xa1, 0xff, 0xdc, 0x7f,
    0xff, 0x90, 0xf, 0xff, 0xe5, 0x7, 0xff, 0x7b,
    0xff, 0xf9, 0x81, 0xff, 0xc7, 0xff, 0xfe, 0x6c,
    0x1f, 0xfd, 0xcb, 0xff, 0xf9, 0x0, 0xbf, 0xff,
    0x92, 0x1f, 0xfd, 0xef, 0xff, 0xe5, 0xc1, 0xff,
    0xc7, 0xbf, 0xff, 0x99, 0x7, 0xff, 0x73, 0xff,
    0xf9, 0x10, 0x1f, 0xff, 0xe4, 0xa1, 0xff, 0xdc,
    0x7f, 0xff, 0x96, 0x87, 0xff, 0x1d, 0xff, 0xfe,
    0x68, 0x7f, 0xf7, 0x3f, 0xff, 0x90, 0x85, 0xff,
    0xfc, 0x98, 0x3f, 0xfb, 0x97, 0xff, 0xf2, 0xc3,
    0xff, 0x93, 0xff, 0xfc, 0xd0, 0xff, 0xed, 0xbf,
    0xff, 0xc8, 0xd, 0xff, 0xfc, 0xa0, 0xff, 0xee,
    0x7f, 0xff, 0x2e, 0xf, 0xfe, 0x4f, 0xff, 0xf3,
    0x50, 0xff, 0xed, 0x5f, 0xff, 0xc8, 0xd, 0x7f,
    0xff, 0x24, 0x3f, 0xfb, 0x9f, 0xff, 0xcb, 0x43,
    0xff, 0x93, 0x7f, 0xff, 0x32, 0xf, 0xfe, 0xd7,
    0xff, 0xf2, 0x20, 0xcf, 0xff, 0xf2, 0x50, 0xff,
    0xed, 0x3f, 0xff, 0xcb, 0xf, 0xfe, 0x53, 0xff,
    0xfc, 0xd0, 0xff, 0xed, 0x7f, 0xff, 0x21, 0xe,
    0xff, 0xfe, 0x4c, 0x1f, 0xfd, 0xab, 0xff, 0xf9,
    0x61, 0xff, 0xcb, 0xff, 0xfe, 0x68, 0x7f, 0xf6,
    0x5f, 0xff, 0xe4, 0x7, 0xbf, 0xff, 0x94, 0x1f,
    0xfd, 0xab, 0xff, 0xf9, 0x50, 0x7f, 0xf2, 0xff,
    0xff, 0x9a, 0x87, 0xff, 0x62, 0xff, 0xfe, 0x40,
    0x7a, 0xff, 0xfe, 0x48, 0x7f, 0xf6, 0xbf, 0xff,
    0x96, 0x87, 0xff, 0x2e, 0xff, 0xfe, 0x64, 0x1f,
    0xfd, 0x8f, 0xff, 0xe4, 0x41, 0xe7, 0xff, 0xf9,
    0x28, 0x7f, 0xf6, 0x7f, 0xff, 0x96, 0x1f, 0xfc,
    0xc7, 0xff, 0xf9, 0xa1, 0xff, 0xd8, 0xff, 0xfe,
    0x42, 0x1f, 0x7f, 0xff, 0x26, 0xf, 0xfe, 0xc3,
    0xff, 0xfc, 0xb0, 0xff, 0xe6, 0xff, 0xff, 0x34,
    0x3f, 0xfa, 0xef, 0xff, 0xf2, 0x3, 0xf7, 0xff,
    0xf2, 0x83, 0xff, 0xb1, 0x7f, 0xff, 0x2a, 0xf,
    0xfe, 0x6d, 0xff, 0xfc, 0xc4, 0x3f, 0xfa, 0xd7,
    0xff, 0xf2, 0x3, 0xf5, 0xff, 0xfc, 0x90, 0xff,
    0xec, 0x7f, 0xff, 0x2d, 0xf, 0xfe, 0x6b, 0xff,
    0xfc, 0xc8, 0x3f, 0xfa, 0xdf, 0xff, 0xc8, 0x83,
    0xf3, 0xff, 0xfc, 0x94, 0x3f, 0xfa, 0xff, 0xff,
    0xcb, 0xf, 0xfe, 0x7f, 0xff, 0xf3, 0x43, 0xff,
    0xad, 0xff, 0xfc, 0x84, 0x3f, 0xbf, 0xff, 0x93,
    0x7, 0xff, 0x59, 0xff, 0xfe, 0x54, 0x1f, 0xfc,
    0xff, 0xff, 0xe6, 0x87, 0xff, 0x55, 0xff, 0xfe,
    0x40, 0x7f, 0xbf, 0xff, 0x94, 0x1f, 0xfd, 0x6b,
    0xff, 0xf9, 0x48, 0x7f, 0xf3, 0xef, 0xff, 0xe6,
    0x21, 0xff, 0xd4, 0xbf, 0xff, 0x90, 0x1f, 0xeb,
    0xff, 0xf9, 0x21, 0xff, 0xd6, 0xff, 0xfe, 0x58,
    0x7f, 0xf4, 0x1f, 0xff, 0xe6, 0x21, 0xff, 0xd4,
    0xff, 0xfe, 0x44, 0x1f, 0xe7, 0xff, 0xf9, 0x28,
    0x7f, 0xf5, 0x7f, 0xff, 0x96, 0x1f, 0xfd, 0x1f,
    0xff, 0xe6, 0x41, 0xff, 0xd4, 0xff, 0xfe, 0x42,
    0x1f, 0xf7, 0xff, 0xf2, 0x60, 0xff, 0xea, 0x3f,
    0xff, 0xca, 0x83, 0xff, 0xa3, 0xff, 0xfc, 0xd0,
    0xff, 0xe9, 0xbf, 0xff, 0xc8, 0xf, 0xfe, 0x7,
    0xff, 0xf2, 0x83, 0xff, 0xa9, 0x7f, 0xff, 0x29,
    0xf, 0xfe, 0x8d, 0xff, 0xfc, 0xc0, 0xff, 0xe9,
    0xdf, 0xff, 0xc8, 0xf, 0xfe, 0x5, 0xff, 0xfc,
    0x90, 0xff, 0xea, 0x7f, 0xff, 0x2c, 0x3f, 0xfa,
    0x4f, 0xff, 0xf3, 0x10, 0xff, 0xe9, 0x7f, 0xff,
    0x22, 0xf, 0xfe, 0x3, 0xff, 0xfc, 0x94, 0x3f,
    0xfa, 0x7f, 0xff, 0xcb, 0xf, 0xfe, 0x9f, 0xff,
    0xf3, 0x20, 0xff, 0xe9, 0x7f, 0xff, 0x21, 0xf,
    0xfe, 0xf, 0xff, 0xf2, 0x60, 0xff, 0xe9, 0x3f,
    0xff, 0xca, 0x83, 0xff, 0xa7, 0xff, 0xfc, 0xd0,
    0xff, 0xe8, 0xbf, 0xff, 0xc8, 0xf, 0xfe, 0x17,
    0xff, 0xf2, 0x83, 0xff, 0xa5, 0x7f, 0xff, 0x29,
    0xf, 0xfe, 0x9d, 0xff, 0xfc, 0xc0, 0xff, 0xe8,
    0xdf, 0xff, 0xc8, 0xf, 0xfe, 0x15, 0xff, 0xfc,
    0x90, 0xff, 0xe9, 0x7f, 0xff, 0x2c, 0x3f, 0xfa,
    0x8f, 0xff, 0xf3, 0x10, 0xff, 0xe8, 0x7f, 0xff,
    0x22, 0xf, 0xfe, 0x13, 0xff, 0xfc, 0x94, 0x3f,
    0xfa, 0x3f, 0xff, 0xca, 0x83, 0xff, 0xab, 0xff,
    0xfc, 0xc8, 0x3f, 0xfa, 0x1f, 0xff, 0xc8, 0x43,
    0xff, 0x87, 0xff, 0xfc, 0x98, 0x3f, 0xfa, 0xf,
    0xff, 0xf2, 0x90, 0xff, 0xea, 0xdf, 0xff, 0xcc,
    0xf, 0xfe, 0x7b, 0xff, 0xfc, 0x80, 0xff, 0xe2,
    0x7f, 0xff, 0x28, 0x3f, 0xfa, 0x17, 0xff, 0xf2,
    0x83, 0xff, 0xac, 0xff, 0xff, 0x30, 0x3f, 0xf9,
    0xf7, 0xff, 0xf2, 0x3, 0xff, 0x89, 0x7f, 0xff,
    0x24, 0x3f, 0xfa, 0x1f, 0xff, 0xcb, 0xf, 0xfe,
    0xbf, 0xff, 0xf3, 0x10, 0xff, 0xe7, 0x7f, 0xff,
    0x22, 0xf, 0xfe, 0x23, 0xff, 0xfc, 0x94, 0x3f,
    0xf9, 0xff, 0xff, 0xca, 0x83, 0xff, 0xaf, 0xff,
    0xfc, 0xc8, 0x3f, 0xf9, 0xdf, 0xff, 0xc8, 0x43,
    0xff, 0x8b, 0xff, 0xfc, 0x98, 0x3f, 0xf9, 0xcf,
    0xff, 0xf2, 0x90, 0xff, 0xeb, 0xdf, 0xff, 0xcc,
    0xf, 0xfe, 0x6b, 0xff, 0xfc, 0x80, 0xff, 0xe3,
    0x7f, 0xff, 0x28, 0x3f, 0xf9, 0xd7, 0xff, 0xf2,
    0x83, 0xff, 0xb0, 0xff, 0xff, 0x30, 0x3f, 0xf9,
    0xb7, 0xff, 0xf2, 0x3, 0xff, 0x8d, 0x7f, 0xff,
    0x24, 0x3f, 0xf9, 0xdf, 0xff, 0xcb, 0xf, 0xfe,
    0xcf, 0xff, 0xf3, 0x3, 0xff, 0x9b, 0xff, 0xfc,
    0x88, 0x3f, 0xf8, 0xcf, 0xff, 0xf2, 0x50, 0xff,
    0xe6, 0xff, 0xff, 0x2a, 0xf, 0xfe, 0xcf, 0xff,
    0xf3, 0x10, 0xff, 0xe6, 0x7f, 0xff, 0x21, 0xf,
    0xfe, 0x3f, 0xff, 0xf2, 0x60, 0xff, 0xe6, 0x3f,
    0xff, 0xca, 0x43, 0xff, 0xb3, 0x7f, 0xff, 0x2e,
    0xf, 0xfe, 0x5b, 0xff, 0xfc, 0x80, 0xff, 0xe4,
    0x7f, 0xff, 0x28, 0x3f, 0xf9, 0x97, 0xff, 0xf2,
    0x83, 0xff, 0xb4, 0xff, 0xff, 0x30, 0x3f, 0xf9,
    0x77, 0xff, 0xf2, 0x3, 0xff, 0x91, 0x7f, 0xff,
    0x24, 0x3f, 0xf9, 0x9f, 0xff, 0xca, 0x83, 0xff,
    0xb7, 0xff, 0xfc, 0xc0, 0xff, 0xe5, 0xff, 0xff,
    0x22, 0xf, 0xfe, 0x43, 0xff, 0xfc, 0x94, 0x3f,
    0xf9, 0x7f, 0xff, 0xca, 0x43, 0xff, 0xb7, 0xff,
    0xfc, 0xc4, 0x3f, 0xf9, 0x5f, 0xff, 0xc8, 0x43,
    0xff, 0x93, 0xff, 0xfc, 0x98, 0x3f, 0xf9, 0x4f,
    0xff, 0xf2, 0x83, 0xff, 0xb9, 0x7f, 0xff, 0x2e,
    0xf, 0xfe, 0x4b, 0xff, 0xfc, 0x80, 0xff, 0xe5,
    0x7f, 0xff, 0x28, 0x3f, 0xf9, 0x57, 0xff, 0xf2,
    0x83, 0xff, 0xbb, 0xff, 0xfc, 0xc0, 0xff, 0xe4,
    0xdf, 0xff, 0xc8, 0xf, 0xfe, 0x55, 0xff, 0xfc,
    0x90, 0xff, 0xe5, 0x7f, 0xff, 0x2a, 0xf, 0xfe,
    0xef, 0xff, 0xf3, 0x3, 0xff, 0x93, 0xff, 0xfc,
    0x88, 0x3f, 0xf9, 0x4f, 0xff, 0xf2, 0x50, 0xff,
    0xe4, 0xff, 0xff, 0x29, 0xf, 0xfe, 0xed, 0xff,
    0xfc, 0xb4, 0x3f, 0xf9, 0x1f, 0xff, 0xc8, 0x43,
    0xff, 0x97, 0xff, 0xfc, 0x98, 0x3f, 0xf9, 0xf,
    0xff, 0xf2, 0x83, 0xff, 0xbc, 0xff, 0xff, 0x2e,
    0xf, 0xfe, 0x3b, 0xff, 0xfc, 0x80, 0xff, 0xe6,
    0x7f, 0xff, 0x28, 0x3f, 0xf9, 0x17, 0xff, 0xf2,
    0x83, 0xff, 0xbf, 0xff, 0xfc, 0xc0, 0xff, 0xe3,
    0xdf, 0xff, 0xc8, 0xf, 0xfe, 0x65, 0xff, 0xfc,
    0x90, 0xff, 0xe4, 0x7f, 0xff, 0x2a, 0xf, 0xfe,
    0xff, 0xff, 0xf3, 0x3, 0xff, 0x8f, 0xff, 0xfc,
    0x88, 0x3f, 0xf9, 0x8f, 0xff, 0xf2, 0x50, 0xff,
    0xe3, 0xff, 0xff, 0x29, 0xf, 0xfe, 0xfd, 0xff,
    0xfc, 0xb4, 0x3f, 0xf8, 0xdf, 0xff, 0xc8, 0xf,
    0xfe, 0x77, 0xff, 0xf2, 0x60, 0xff, 0xe3, 0x3f,
    0xff, 0xca, 0xf, 0xff, 0x3, 0xff, 0xfc, 0xb8,
    0x3f, 0xf8, 0xaf, 0xff, 0xf2, 0x3, 0xff, 0x9d,
    0xff, 0xfc, 0xa0, 0xff, 0xe3, 0x5f, 0xff, 0xc9,
    0x83, 0xff, 0xc3, 0xff, 0xfc, 0xc0, 0xff, 0xe2,
    0xdf, 0xff, 0xc7, 0x83, 0xff, 0x9d, 0x7f, 0xff,
    0x24, 0x3f, 0xf8, 0xdf, 0xff, 0xca, 0x43, 0xff,
    0xc3, 0xff, 0xfc, 0xc0, 0xff, 0xe2, 0xff, 0xff,
    0x21, 0xf, 0xfe, 0x73, 0xff, 0xfc, 0x94, 0x3f,
    0xf8, 0xbf, 0xff, 0xca, 0xf, 0xff, 0x15, 0xff,
    0xfc, 0xb0, 0xff, 0xe2, 0xff, 0xff, 0x20, 0x3f,
    0xfa, 0x1f, 0xff, 0xc9, 0x83, 0xff, 0x88, 0xff,
    0xff, 0x28, 0x3f, 0xfc, 0x4f, 0xff, 0xf2, 0xd0,
    0xff, 0xe1, 0xbf, 0xff, 0xc8, 0xf, 0xfe, 0x87,
    0xff, 0xf2, 0x83, 0xff, 0x89, 0x7f, 0xff, 0x26,
    0xf, 0xff, 0x1f, 0xff, 0xf2, 0xe0, 0xff, 0xe1,
    0xdf, 0xff, 0xc7, 0x83, 0xff, 0xa1, 0x7f, 0xff,
    0x24, 0x3f, 0xf8, 0x9f, 0xff, 0xca, 0x43, 0xff,
    0xc7, 0x7f, 0xff, 0x2c, 0x3f, 0xf8, 0x7f, 0xff,
    0xc8, 0x43, 0xff, 0xa0, 0xff, 0xff, 0x25, 0xf,
    0xfe, 0x1f, 0xff, 0xf2, 0x83, 0xff, 0xc8, 0xff,
    0xff, 0x2c, 0x3f, 0xf8, 0x7f, 0xff, 0xc8, 0xf,
    0xfe, 0x97, 0xff, 0xf2, 0x60, 0xff, 0xe1, 0xff,
    0xff, 0x28, 0x3f, 0xfc, 0xbf, 0xff, 0xcb, 0x43,
    0xff, 0x82, 0xff, 0xff, 0x20, 0x3f, 0xfa, 0x5f,
    0xff, 0xca, 0xf, 0xfe, 0x13, 0xff, 0xfc, 0x98,
    0x3f, 0xfc, 0xbf, 0xff, 0xcb, 0x83, 0xff, 0x83,
    0x7f, 0xff, 0x1e, 0xf, 0xfe, 0x95, 0xff, 0xfc,
    0x90, 0xff, 0xe1, 0x5f, 0xff, 0xc9, 0xf, 0xff,
    0x35, 0xff, 0xfc, 0xb0, 0xff, 0xe0, 0xff, 0xff,
    0x21, 0xf, 0xfe, 0x93, 0xff, 0xfc, 0x94, 0x3f,
    0xf8, 0x3f, 0xff, 0xca, 0xf, 0xff, 0x33, 0xff,
    0xfc, 0xb0, 0xff, 0xe0, 0xff, 0xff, 0x20, 0x3f,
    0xfa, 0x9f, 0xff, 0xc9, 0x83, 0xff, 0x83, 0xff,
    0xfc, 0x98, 0x3f, 0xfc, 0xff, 0xff, 0xcb, 0x43,
    0xfe, 0x7f, 0xff, 0x90, 0x1f, 0xfd, 0x4f, 0xff,
    0xe5, 0x7, 0xff, 0x1, 0xff, 0xfe, 0x4a, 0x1f,
    0xfe, 0x7f, 0xff, 0xe5, 0xc1, 0xff, 0x5f, 0xff,
    0xc7, 0x83, 0xff, 0xa9, 0x7f, 0xff, 0x24, 0x3f,
    0xf8, 0x17, 0xff, 0xf2, 0x43, 0xff, 0xd1, 0x7f,
    0xff, 0x2c, 0x3f, 0xef, 0xff, 0xe4, 0x21, 0xff,
    0xd4, 0x7f, 0xff, 0x92, 0x87, 0xfd, 0xff, 0xfc,
    0xa0, 0xff, 0xf4, 0x3f, 0xff, 0xcb, 0xf, 0xf3,
    0xff, 0xfc, 0x80, 0xff, 0xeb, 0x7f, 0xff, 0x26,
    0xf, 0xfb, 0xff, 0xf9, 0x30, 0x7f, 0xfa, 0x7f,
    0xff, 0x96, 0x87, 0xf5, 0xff, 0xfc, 0x80, 0xff,
    0xeb, 0x7f, 0xff, 0x28, 0x3f, 0xcf, 0xff, 0xf2,
    0x50, 0xff, 0xf4, 0xff, 0xff, 0x2e, 0xf, 0xef,
    0xff, 0xe4, 0x41, 0xff, 0xd6, 0xbf, 0xff, 0x92,
    0x1f, 0xeb, 0xff, 0xf9, 0x21, 0xff, 0xea, 0xbf,
    0xff, 0x96, 0x1f, 0xdf, 0xff, 0xc8, 0x43, 0xff,
    0xac, 0xff, 0xff, 0x25, 0xf, 0xef, 0xff, 0xe5,
    0x7, 0xff, 0xa9, 0xff, 0xfe, 0x58, 0x7e, 0x7f,
    0xff, 0x90, 0x1f, 0xfd, 0x8f, 0xff, 0xe4, 0xc1,
    0xfd, 0xff, 0xfc, 0x98, 0x3f, 0xfd, 0x7f, 0xff,
    0xcb, 0xf, 0xd7, 0xff, 0xf2, 0x3, 0xff, 0xb1,
    0xff, 0xfc, 0xa0, 0xfc, 0xff, 0xff, 0x24, 0x3f,
    0xfd, 0x97, 0xff, 0xf2, 0x90, 0xfb, 0xff, 0xf9,
    0x10, 0x7f, 0xf6, 0x2f, 0xff, 0xe4, 0x87, 0xeb,
    0xff, 0xf9, 0x21, 0xff, 0xec, 0x7f, 0xff, 0x95,
    0x7, 0xdf, 0xff, 0xc8, 0x43, 0xff, 0xb0, 0xff,
    0xff, 0x25, 0xf, 0xbf, 0xff, 0x93, 0x7, 0xff,
    0xb7, 0xff, 0xf9, 0x61, 0xe7, 0xff, 0xf9, 0x1,
    0xff, 0xda, 0xff, 0xfe, 0x4c, 0x1f, 0x7f, 0xff,
    0x25, 0xf, 0xff, 0x6f, 0xff, 0xf2, 0xc3, 0xd7,
    0xff, 0xf2, 0x3, 0xff, 0xb5, 0xff, 0xfc, 0xa0,
    0xf3, 0xff, 0xfc, 0x90, 0xff, 0xf7, 0x5f, 0xff,
    0xca, 0x43, 0xbf, 0xff, 0x91, 0x7, 0xff, 0x6a,
    0xff, 0xfe, 0x48, 0x7a, 0xff, 0xfe, 0x48, 0x7f,
    0xfb, 0x9f, 0xff, 0xe5, 0x41, 0xdf, 0xff, 0xc8,
    0x43, 0xff, 0xb4, 0xff, 0xff, 0x25, 0xe, 0xff,
    0xfe, 0x4c, 0x1f, 0xfe, 0xff, 0xff, 0xe5, 0x86,
    0x7f, 0xff, 0x90, 0x1f, 0xfd, 0xcf, 0xff, 0xe4,
    0xc1, 0xdf, 0xff, 0xc9, 0x43, 0xff, 0xdf, 0xff,
    0xfc, 0xb0, 0xd7, 0xff, 0xf2, 0x3, 0xff, 0xb9,
    0xff, 0xfc, 0xa0, 0xcf, 0xff, 0xf2, 0x43, 0xff,
    0xe1, 0x7f, 0xff, 0x29, 0xb, 0xff, 0xf9, 0x10,
    0x7f, 0xf7, 0x2f, 0xff, 0xe4, 0x86, 0xbf, 0xff,
    0x92, 0x1f, 0xff, 0x7, 0xff, 0xf9, 0x50, 0x5f,
    0xff, 0xc8, 0x43, 0xff, 0xb8, 0xff, 0xff, 0x25,
    0xb, 0xff, 0xf9, 0x30, 0x7f, 0xfc, 0x7f, 0xff,
    0x96, 0x7, 0xff, 0xf9, 0x1, 0xff, 0xde, 0xff,
    0xfe, 0x4c, 0x17, 0xff, 0xf2, 0x43, 0xff, 0xe5,
    0xff, 0xfc, 0xb0, 0x5f, 0xff, 0xc8, 0xf, 0xfe,
    0xf7, 0xff, 0xf2, 0x80, 0xff, 0xff, 0x24, 0x3f,
    0xfe, 0x57, 0xff, 0xf2, 0x93, 0xff, 0xf9, 0x10,
    0x7f, 0xf7, 0xaf, 0xff, 0xe4, 0x82, 0xff, 0xfe,
    0x44, 0x1f, 0xff, 0x3f, 0xff, 0xe5, 0x47, 0xff,
    0xf2, 0x10, 0xff, 0xef, 0x3f, 0xff, 0xc9, 0x4f,
    0xff, 0xe4, 0xa1, 0xff, 0xf3, 0xff, 0xfe, 0x54,
    0xff, 0xff, 0x20, 0x3f, 0xfc, 0x1f, 0xff, 0xc9,
    0x8f, 0xff, 0xe4, 0x87, 0xff, 0xd2, 0xff, 0xfe,
    0x55, 0xff, 0xfc, 0x80, 0xff, 0xf0, 0x7f, 0xff,
    0x29, 0xff, 0xfe, 0x48, 0x7f, 0xfd, 0x1f, 0xff,
    0xef, 0x41, 0xff, 0xe0, 0xbf, 0xff, 0xbd, 0x7,
    0xff, 0xd7, 0xff, 0xfb, 0xc8, 0x7f, 0xf8, 0x1f,
    0xff, 0xef, 0x21, 0xff, 0xf5, 0xff, 0xfe, 0xf0,
    0x7f, 0xf8, 0xbf, 0xff, 0xbc, 0x1f, 0xff, 0x6b,
    0xff, 0xfb, 0xa1, 0xff, 0xe2, 0xff, 0xfe, 0xf0,
    0x7f, 0xfd, 0x9f, 0xff, 0xee, 0x41, 0xff, 0xe2,
    0xbf, 0xff, 0xb8, 0x87, 0xff, 0xdf, 0xff, 0xfb,
    0x88, 0x7f, 0xf8, 0x9f, 0xff, 0xee, 0x7, 0xff,
    0xe3, 0xff, 0xfb, 0x81, 0xff, 0xe4, 0xff, 0xfe,
    0xe0, 0x7f, 0xfe, 0x2f, 0xff, 0xed, 0x87, 0xff,
    0x93, 0xff, 0xfb, 0x70, 0x7f, 0xfe, 0x1f, 0xff,
    0xed, 0x41, 0xff, 0xe4, 0xbf, 0xff, 0xb4, 0x87,
    0xff, 0xe7, 0xff, 0xfb, 0x48, 0x7f, 0xf9, 0x1f,
    0xff, 0xed, 0x7, 0xff, 0xeb, 0xff, 0xfb, 0x41,
    0xff, 0xe6, 0xff, 0xfe, 0xd0, 0x7f, 0xfe, 0x9f,
    0xff, 0xec, 0x87, 0xff, 0x9b, 0xff, 0xfb, 0x30,
    0x7f, 0xfe, 0xff, 0xff, 0xb1, 0x7, 0xff, 0x9a,
    0xff, 0xfe, 0xc2, 0x1f, 0xff, 0xbf, 0xff, 0xec,
    0x21, 0xff, 0xe6, 0x7f, 0xff, 0xb0, 0x1f, 0xff,
    0xcb, 0xff, 0xfa, 0xe1, 0xff, 0xe8, 0xff, 0xfe,
    0xc0, 0x7f, 0xff, 0x1f, 0xff, 0xeb, 0x87, 0xff,
    0xa3, 0xff, 0xfa, 0xe8, 0x7f, 0xff, 0x7f, 0xff,
    0xad, 0x7, 0xff, 0xa2, 0xff, 0xfe, 0xb0, 0x7f,
    0xff, 0xbf, 0xff, 0xac, 0x87, 0xff, 0xa1, 0xff,
    0xfe, 0xb0, 0x7f, 0xff, 0xaf, 0xff, 0xea, 0x87,
    0xff, 0xab, 0xff, 0xfa, 0xb0, 0x7f, 0xff, 0x9f,
    0xff, 0xea, 0x87, 0xff, 0xab, 0xff, 0xfa, 0xa8,
    0x7f, 0xff, 0xff, 0xff, 0xa9, 0x7, 0xff, 0xaa,
    0xff, 0xfe, 0xa0, 0x7f, 0xff, 0xcf, 0xff, 0xea,
    0x21, 0xff, 0xea, 0x7f, 0xff, 0xa8, 0x1f, 0xff,
    0xf2, 0xff, 0xfe, 0x98, 0x7f, 0xfb, 0x3f, 0xff,
    0xa7, 0x7, 0xff, 0xfc, 0x7f, 0xff, 0xa6, 0x1f,
    0xfe, 0xcf, 0xff, 0xe9, 0xa1, 0xff, 0xff, 0x7,
    0xff, 0xf4, 0xa0, 0xff, 0xf6, 0x5f, 0xff, 0xd2,
    0xf, 0xff, 0xf8, 0x57, 0xff, 0xf4, 0x50, 0xff,
    0xf6, 0x3f, 0xff, 0xd2, 0xf, 0xff, 0xf8, 0x4f,
    0xff, 0xf4, 0x43, 0xff, 0xdd, 0xff, 0xfd, 0x14,
    0x3f, 0xff, 0xe1, 0xbf, 0xff, 0xa2, 0x1f, 0xfe,
    0xef, 0xff, 0xe8, 0x87, 0xff, 0xfc, 0x3b, 0xff,
    0xfa, 0x10, 0x7f, 0xfb, 0xaf, 0xff, 0xe8, 0x7,
    0xff, 0x70,

    /* U+0058 "X" */
    0xc, 0xff, 0xff, 0x44, 0x3f, 0xfe, 0x7f, 0xff,
    0xd1, 0xf, 0xf7, 0xff, 0xf4, 0x60, 0xff, 0xf8,
    0xdf, 0xff, 0xd0, 0xf, 0xfe, 0x7, 0xff, 0xf4,
    0x43, 0xff, 0xe3, 0xff, 0xfd, 0x8, 0x3f, 0xf8,
    0x17, 0xff, 0xf4, 0x43, 0xff, 0xdf, 0x7f, 0xff,
    0x40, 0x3f, 0xf8, 0x5f, 0xff, 0xd1, 0x43, 0xff,
    0xda, 0xff, 0xff, 0x41, 0xf, 0xfe, 0x1f, 0xff,
    0xf4, 0x43, 0xff, 0xdb, 0xff, 0xfd, 0x8, 0x3f,
    0xf8, 0x97, 0xff, 0xf4, 0x20, 0xff, 0xf5, 0xdf,
    0xff, 0xd0, 0xf, 0xfe, 0x37, 0xff, 0xf4, 0x43,
    0xff, 0xd7, 0xff, 0xfd, 0x4, 0x3f, 0xf8, 0xcf,
    0xff, 0xf4, 0x43, 0xff, 0xd3, 0xff, 0xfd, 0x8,
    0x3f, 0xf9, 0x17, 0xff, 0xf4, 0x10, 0xff, 0xf3,
    0xbf, 0xff, 0xd0, 0xf, 0xfe, 0x57, 0xff, 0xf4,
    0x43, 0xff, 0xcf, 0xff, 0xfd, 0x4, 0x3f, 0xf9,
    0x4f, 0xff, 0xf4, 0x20, 0xff, 0xf2, 0xdf, 0xff,
    0xcf, 0x83, 0xff, 0x99, 0x7f, 0xff, 0x41, 0xf,
    0xff, 0x1b, 0xff, 0xfd, 0x0, 0xff, 0xe7, 0x7f,
    0xff, 0x44, 0x3f, 0xfc, 0x7f, 0xff, 0xd0, 0x43,
    0xff, 0x9c, 0xff, 0xff, 0x42, 0xf, 0xff, 0xd,
    0xff, 0xfd, 0x0, 0xff, 0xe8, 0x5f, 0xff, 0xd0,
    0xf, 0xff, 0xf, 0xff, 0xf4, 0x3, 0xff, 0xa5,
    0xff, 0xfd, 0x10, 0xff, 0xef, 0xff, 0xff, 0x41,
    0xf, 0xfe, 0x93, 0xff, 0xfd, 0x4, 0x3f, 0xfb,
    0xaf, 0xff, 0xf4, 0x3, 0xff, 0xa9, 0x7f, 0xff,
    0x40, 0x3f, 0xfb, 0xbf, 0xff, 0xd0, 0xf, 0xfe,
    0xb7, 0xff, 0xf4, 0x20, 0xff, 0xed, 0xdf, 0xff,
    0xcf, 0x83, 0xff, 0xac, 0xff, 0xff, 0x41, 0xf,
    0xfe, 0xd7, 0xff, 0xf4, 0x3, 0xff, 0xb1, 0xff,
    0xfd, 0x10, 0xff, 0xec, 0xff, 0xff, 0x40, 0x3f,
    0xfb, 0x5f, 0xff, 0xd0, 0x83, 0xff, 0xae, 0xff,
    0xff, 0x3e, 0xf, 0xfe, 0xd3, 0xff, 0xfd, 0x0,
    0xff, 0xeb, 0xff, 0xff, 0x40, 0x3f, 0xfb, 0x9f,
    0xff, 0xd1, 0xf, 0xfe, 0xad, 0xff, 0xfc, 0xf4,
    0x3f, 0xfb, 0xbf, 0xff, 0xd0, 0x43, 0xff, 0xa6,
    0xff, 0xff, 0x3e, 0xf, 0xfe, 0xf5, 0xff, 0xfd,
    0x0, 0xff, 0xe9, 0xff, 0xff, 0x40, 0x3f, 0xfc,
    0x1f, 0xff, 0xd0, 0x83, 0xff, 0xa3, 0x7f, 0xff,
    0x3d, 0xf, 0xff, 0xf, 0xff, 0xf4, 0x10, 0xff,
    0xe8, 0x7f, 0xff, 0x3e, 0xf, 0xff, 0x15, 0xff,
    0xfd, 0x0, 0xff, 0xe7, 0xff, 0xff, 0x40, 0x3f,
    0xfc, 0x9f, 0xff, 0xd0, 0x83, 0xff, 0x9a, 0xff,
    0xff, 0x3d, 0xf, 0xff, 0x23, 0xff, 0xfd, 0x0,
    0xff, 0xe6, 0xff, 0xff, 0x3e, 0xf, 0xff, 0x35,
    0xff, 0xfc, 0xf8, 0x3f, 0xf9, 0x77, 0xff, 0xf3,
    0xc3, 0xff, 0xd1, 0xff, 0xfd, 0x4, 0x3f, 0xf9,
    0x2f, 0xff, 0xf3, 0xd0, 0xff, 0xf4, 0x3f, 0xff,
    0xd0, 0xf, 0xfe, 0x4f, 0xff, 0xf4, 0x3, 0xff,
    0xd5, 0x7f, 0xff, 0x3e, 0xf, 0xfe, 0x3b, 0xff,
    0xfc, 0xf0, 0xff, 0xf6, 0x7f, 0xff, 0x40, 0x3f,
    0xf8, 0xff, 0xff, 0xcf, 0x43, 0xff, 0xd8, 0xff,
    0xff, 0x40, 0x3f, 0xf8, 0xb7, 0xff, 0xf3, 0xc3,
    0xff, 0xdd, 0x7f, 0xff, 0x3d, 0xf, 0xfe, 0x1b,
    0xff, 0xfc, 0xf0, 0xff, 0xf8, 0x7f, 0xff, 0x40,
    0x3f, 0xf8, 0x7f, 0xff, 0xcf, 0x83, 0xff, 0xe0,
    0xff, 0xff, 0x3e, 0xf, 0xfe, 0xd, 0xff, 0xfc,
    0xf0, 0xff, 0xf9, 0x7f, 0xff, 0x41, 0xf, 0xfe,
    0x7, 0xff, 0xf3, 0xc3, 0xff, 0xe9, 0xff, 0xfd,
    0x0, 0xff, 0xbf, 0xff, 0x9f, 0x7, 0xff, 0xd1,
    0xff, 0xfe, 0x7c, 0x1f, 0xcf, 0xff, 0xf3, 0xc3,
    0xff, 0xed, 0xff, 0xfd, 0x0, 0xfe, 0xff, 0xfe,
    0x7a, 0x1f, 0xff, 0x7f, 0xff, 0xe8, 0x7, 0xd7,
    0xff, 0xf3, 0xa0, 0xff, 0xfc, 0x5f, 0xff, 0xcf,
    0x43, 0x9f, 0xff, 0xe7, 0x87, 0xff, 0xeb, 0xff,
    0xfa, 0x1, 0xdf, 0xff, 0xcf, 0x43, 0xff, 0xf7,
    0xff, 0xfc, 0xf8, 0x2b, 0xff, 0xf9, 0xd0, 0x7f,
    0xff, 0x2f, 0xff, 0xe7, 0xa0, 0xff, 0xfe, 0x78,
    0x7f, 0xff, 0xbf, 0xff, 0xa0, 0x5f, 0xff, 0xce,
    0x43, 0xff, 0xfc, 0xff, 0xff, 0xaa, 0xf, 0xff,
    0xf9, 0x7f, 0xff, 0xa4, 0x3f, 0xff, 0xe1, 0x7f,
    0xff, 0xa1, 0xf, 0xff, 0xf8, 0x4f, 0xff, 0xf9,
    0xc3, 0xff, 0xfe, 0x1d, 0x7f, 0xff, 0x94, 0x3f,
    0xff, 0xe1, 0xf7, 0xff, 0xf9, 0x10, 0xff, 0xff,
    0x87, 0xcf, 0xff, 0xf8, 0xc3, 0xff, 0xfe, 0x1f,
    0xd7, 0xff, 0xf8, 0x43, 0xff, 0xfe, 0x1f, 0xf7,
    0xff, 0xf8, 0x20, 0xff, 0xff, 0x87, 0xfc, 0xff,
    0xff, 0x7c, 0x3f, 0xff, 0xe1, 0xff, 0xc1, 0xbf,
    0xff, 0xba, 0x87, 0xff, 0xfc, 0x3f, 0xf8, 0x5f,
    0xff, 0xdc, 0x83, 0xff, 0xfe, 0x1f, 0xfc, 0x37,
    0xff, 0xfb, 0x61, 0xff, 0xff, 0xf, 0xfe, 0x2f,
    0xff, 0xf6, 0x90, 0xff, 0xff, 0x87, 0xff, 0x1b,
    0xff, 0xfb, 0x10, 0x7f, 0xff, 0xc3, 0xff, 0x8e,
    0xff, 0xff, 0x5c, 0x3f, 0xff, 0xe1, 0xff, 0xc9,
    0xff, 0xfe, 0xb2, 0x1f, 0xff, 0xf0, 0xff, 0xe5,
    0x7f, 0xff, 0x52, 0xf, 0xff, 0xf8, 0x7f, 0xf2,
    0xef, 0xff, 0xe9, 0x87, 0xff, 0xfc, 0x3f, 0xf9,
    0x97, 0xff, 0xf4, 0xc3, 0xff, 0xfe, 0x1f, 0xfc,
    0xcf, 0xff, 0xea, 0x21, 0xff, 0xff, 0xf, 0xfe,
    0x57, 0xff, 0xf5, 0x83, 0xff, 0xfe, 0x1f, 0xfc,
    0x97, 0xff, 0xfa, 0xd0, 0x7f, 0xff, 0xc3, 0xff,
    0x91, 0xff, 0xfd, 0x84, 0x3f, 0xff, 0xe1, 0xff,
    0xc6, 0xff, 0xfe, 0xd0, 0x7f, 0xff, 0xc3, 0xff,
    0x8a, 0xff, 0xff, 0x6a, 0xf, 0xff, 0xf8, 0x7f,
    0xf1, 0x3f, 0xff, 0xb8, 0x87, 0xff, 0xfc, 0x3f,
    0xf8, 0x57, 0xff, 0xf7, 0x43, 0xff, 0xfe, 0x1f,
    0xfc, 0x17, 0xff, 0xfb, 0xd0, 0x7f, 0xff, 0xc3,
    0xff, 0x81, 0xff, 0xfe, 0x4, 0x3f, 0xff, 0xe1,
    0xfe, 0xbf, 0xff, 0xc2, 0x1f, 0xff, 0xf0, 0xfe,
    0x7f, 0xff, 0xc5, 0x7, 0xff, 0xfc, 0x3f, 0x7f,
    0xff, 0x91, 0xf, 0xff, 0xf8, 0x7a, 0xff, 0xff,
    0x28, 0x7f, 0xff, 0xc3, 0xdf, 0xff, 0xe6, 0x83,
    0xff, 0xfe, 0x1b, 0xff, 0xfd, 0x1, 0xff, 0xff,
    0xa, 0xff, 0xff, 0x48, 0x7f, 0xff, 0xc1, 0xff,
    0xfe, 0xa8, 0x3f, 0xff, 0xff, 0xff, 0xec, 0xf,
    0xff, 0xf3, 0xff, 0xfc, 0xf0, 0x7f, 0xff, 0x40,
    0x3f, 0xff, 0xbf, 0xff, 0xcf, 0x81, 0x7f, 0xff,
    0x3e, 0xf, 0xff, 0xdd, 0xff, 0xfc, 0xf0, 0xdf,
    0xff, 0xd0, 0xf, 0xff, 0xd3, 0xff, 0xfc, 0xf4,
    0x33, 0xff, 0xfd, 0x0, 0xff, 0xfc, 0xff, 0xff,
    0x3e, 0xf, 0x5f, 0xff, 0xcf, 0x43, 0xff, 0xef,
    0x7f, 0xff, 0x3c, 0x3f, 0x7f, 0xff, 0x40, 0x3f,
    0xfe, 0xcf, 0xff, 0xf3, 0xd0, 0xfc, 0xff, 0xff,
    0x40, 0x3f, 0xfe, 0xbf, 0xff, 0xd0, 0xf, 0xf7,
    0xff, 0xf4, 0x10, 0xff, 0xf9, 0xdf, 0xff, 0xcf,
    0xf, 0xfe, 0x7, 0xff, 0xf4, 0x3, 0xff, 0xe4,
    0xff, 0xff, 0x3e, 0xf, 0xfe, 0x5, 0xff, 0xfc,
    0xf8, 0x3f, 0xfe, 0x3f, 0xff, 0xd0, 0xf, 0xfe,
    0x17, 0xff, 0xf4, 0x10, 0xff, 0xf7, 0xdf, 0xff,
    0xcf, 0x43, 0xff, 0x84, 0xff, 0xff, 0x40, 0x3f,
    0xfd, 0xff, 0xff, 0xcf, 0x83, 0xff, 0x89, 0x7f,
    0xff, 0x3e, 0xf, 0xff, 0x6f, 0xff, 0xf4, 0x3,
    0xff, 0x8d, 0xff, 0xfd, 0x4, 0x3f, 0xfd, 0x77,
    0xff, 0xf3, 0xd0, 0xff, 0xe3, 0x3f, 0xff, 0xd0,
    0xf, 0xff, 0x5f, 0xff, 0xf4, 0x3, 0xff, 0x91,
    0xff, 0xfd, 0x8, 0x3f, 0xfd, 0x3f, 0xff, 0xd0,
    0xf, 0xfe, 0x57, 0xff, 0xf4, 0x10, 0xff, 0xf3,
    0xbf, 0xff, 0xcf, 0x83, 0xff, 0x95, 0x7f, 0xff,
    0x40, 0x3f, 0xfc, 0xff, 0xff, 0xd0, 0xf, 0xfe,
    0x67, 0xff, 0xf4, 0x20, 0xff, 0xf2, 0xdf, 0xff,
    0xcf, 0x43, 0xff, 0x98, 0xff, 0xff, 0x41, 0xf,
    0xff, 0x1b, 0xff, 0xfc, 0xf8, 0x3f, 0xf9, 0xd7,
    0xff, 0xf4, 0x3, 0xff, 0xc7, 0xff, 0xfd, 0x0,
    0xff, 0xe8, 0x7f, 0xff, 0x42, 0xf, 0xff, 0xd,
    0xff, 0xfc, 0xf4, 0x3f, 0xfa, 0xf, 0xff, 0xf4,
    0x3, 0xff, 0xc0, 0xff, 0xff, 0x40, 0x3f, 0xfa,
    0x5f, 0xff, 0xd1, 0xf, 0xfe, 0xff, 0xff, 0xf4,
    0x3, 0xff, 0xa9, 0xff, 0xfd, 0x8, 0x3f, 0xfb,
    0xb7, 0xff, 0xf3, 0xe0, 0xff, 0xea, 0x5f, 0xff,
    0xd0, 0xf, 0xfe, 0xe3, 0xff, 0xfd, 0x0, 0xff,
    0xeb, 0x7f, 0xff, 0x44, 0x3f, 0xfb, 0x7f, 0xff,
    0xd0, 0x43, 0xff, 0xac, 0xff, 0xff, 0x42, 0xf,
    0xfe, 0xcd, 0xff, 0xfc, 0xf8, 0x3f, 0xfb, 0x17,
    0xff, 0xf4, 0x3, 0xff, 0xb3, 0xff, 0xfd, 0x0,
    0xff, 0xed, 0x7f, 0xff, 0x44, 0x3f, 0xfa, 0xff,
    0xff, 0xd0, 0x43, 0xff, 0xb4, 0xff, 0xff, 0x41,
    0xf, 0xfe, 0xad, 0xff, 0xfd, 0x0, 0xff, 0xee,
    0x7f, 0xff, 0x44, 0x3f, 0xfa, 0xbf, 0xff, 0xd0,
    0xf, 0xfe, 0xf7, 0xff, 0xf4, 0x43, 0xff, 0xa7,
    0xff, 0xfd, 0x8, 0x3f, 0xfb, 0xd7, 0xff, 0xf4,
    0x10, 0xff, 0xe8, 0xbf, 0xff, 0xd0, 0xf, 0xff,
    0x7, 0xff, 0xf4, 0x43, 0xff, 0xa3, 0xff, 0xfd,
    0x4, 0x3f, 0xfc, 0xf, 0xff, 0xf4, 0x20, 0xff,
    0xe7, 0xdf, 0xff, 0xcf, 0x83, 0xff, 0xc5, 0x7f,
    0xff, 0x41, 0xf, 0xfe, 0x6b, 0xff, 0xfd, 0x0,
    0xff, 0xf2, 0x7f, 0xff, 0x44, 0x3f, 0xf9, 0xbf,
    0xff, 0xd0, 0x43, 0xff, 0xc8, 0xff, 0xff, 0x42,
    0xf, 0xfe, 0x5d, 0xff, 0xfd, 0x0, 0xff, 0xf3,
    0x7f, 0xff, 0x45, 0xf, 0xfe, 0x4b, 0xff, 0xfd,
    0x0, 0xff, 0xf4, 0x7f, 0xff, 0x44, 0x3f, 0xf9,
    0x3f, 0xff, 0xd0, 0x83, 0xff, 0xd1, 0x7f, 0xff,
    0x42, 0xf, 0xfe, 0x3d, 0xff, 0xfd, 0x0, 0xff,
    0xf5, 0x7f, 0xff, 0x45, 0xf, 0xfe, 0x2b, 0xff,
    0xfd, 0x4, 0x3f, 0xfd, 0x4f, 0xff, 0xf4, 0x43,
    0xff, 0x8b, 0xff, 0xfd, 0x8, 0x3f, 0xfd, 0x97,
    0xff, 0xf4, 0x20, 0xff, 0xe1, 0xdf, 0xff, 0xd0,
    0xf, 0xff, 0x77, 0xff, 0xf4, 0x50, 0xff, 0xe1,
    0x7f, 0xff, 0x41, 0xf, 0xff, 0x73, 0xff, 0xfd,
    0x10, 0xff, 0xe0, 0xff, 0xff, 0x42, 0xf, 0xff,
    0x85, 0xff, 0xfd, 0x8, 0x3f, 0xeb, 0xff, 0xfa,
    0x1, 0xff, 0xf2, 0xff, 0xfe, 0x88, 0x7f, 0xdf,
    0xff, 0xd0, 0x43, 0xff, 0xe4, 0xff, 0xff, 0x44,
    0x3f, 0xbf, 0xff, 0xa2, 0x1f, 0xff, 0x4f, 0xff,
    0xe8, 0xc1, 0xf3, 0xff, 0xfd, 0x0, 0xff, 0xfb,
    0x7f, 0xff, 0x44, 0x3e, 0xff, 0xfe, 0x84, 0x1f,
    0xff, 0x6b, 0xff, 0xfa, 0x21, 0xd7, 0xff, 0xf4,
    0x3, 0xff, 0xf1, 0xff, 0xfd, 0x18, 0x27, 0xff,
    0xfa, 0x8, 0x7f, 0xfe, 0x1f, 0xff, 0xe8, 0x85,
    0xff, 0xfd, 0x8, 0x3f, 0xff, 0x57, 0xff, 0xf4,
    0x4b, 0xff, 0xfa, 0x1, 0xff, 0xfc, 0xff, 0xfe,
    0x8a,

    /* U+0059 "Y" */
    0x3f, 0xff, 0xa2, 0x87, 0xff, 0xe3, 0xff, 0xfa,
    0x8, 0xff, 0xff, 0x44, 0x3f, 0xfe, 0xef, 0xff,
    0xf4, 0x2, 0xbf, 0xff, 0xa0, 0x87, 0xff, 0xdb,
    0xff, 0xfa, 0x8, 0x6f, 0xff, 0xe8, 0x87, 0xff,
    0xd6, 0xff, 0xfe, 0x7c, 0x1d, 0x7f, 0xff, 0x41,
    0xf, 0xff, 0xa7, 0xff, 0xf4, 0x3, 0xef, 0xff,
    0xe8, 0x87, 0xff, 0xce, 0xff, 0xfe, 0x7c, 0x1f,
    0x3f, 0xff, 0xd0, 0x43, 0xff, 0xe5, 0xff, 0xfd,
    0x0, 0xfe, 0xff, 0xfe, 0x88, 0x7f, 0xfc, 0x6f,
    0xff, 0xe7, 0xa1, 0xfe, 0xff, 0xfe, 0x84, 0x1f,
    0xfe, 0xf7, 0xff, 0xf9, 0xf0, 0x7f, 0xd7, 0xff,
    0xf4, 0x3, 0xff, 0xdf, 0xff, 0xfd, 0x0, 0xff,
    0xe0, 0xff, 0xff, 0x42, 0xf, 0xff, 0x6b, 0xff,
    0xfc, 0xf8, 0x3f, 0xf8, 0x2f, 0xff, 0xf4, 0x3,
    0xff, 0xdb, 0xff, 0xfd, 0x0, 0xff, 0xe1, 0xff,
    0xff, 0x42, 0xf, 0xff, 0x5d, 0xff, 0xfc, 0xf4,
    0x3f, 0xf8, 0x9f, 0xff, 0xd0, 0x43, 0xff, 0xd5,
    0xff, 0xfd, 0x0, 0xff, 0xe2, 0xdf, 0xff, 0xd0,
    0xf, 0xff, 0x4d, 0xff, 0xfc, 0xf0, 0xff, 0xe3,
    0xff, 0xff, 0x41, 0xf, 0xff, 0x47, 0xff, 0xf3,
    0xe0, 0xff, 0xe3, 0xbf, 0xff, 0xd0, 0xf, 0xff,
    0x3d, 0xff, 0xfc, 0xf0, 0xff, 0xe4, 0xff, 0xff,
    0x41, 0xf, 0xff, 0x2b, 0xff, 0xfc, 0xf4, 0x3f,
    0xf9, 0x2f, 0xff, 0xf4, 0x3, 0xff, 0xcb, 0xff,
    0xfd, 0x0, 0xff, 0xe5, 0xdf, 0xff, 0xcf, 0x43,
    0xff, 0xc6, 0xff, 0xff, 0x3c, 0x3f, 0xf9, 0xbf,
    0xff, 0xd0, 0xf, 0xff, 0x1f, 0xff, 0xf3, 0xe0,
    0xff, 0xe6, 0xdf, 0xff, 0xcf, 0x83, 0xff, 0xc2,
    0xff, 0xff, 0x3c, 0x3f, 0xf9, 0xff, 0xff, 0xd0,
    0xf, 0xff, 0xf, 0xff, 0xf3, 0xd0, 0xff, 0xe7,
    0xbf, 0xff, 0xcf, 0x83, 0xff, 0xbf, 0x7f, 0xff,
    0x3c, 0x3f, 0xfa, 0x3f, 0xff, 0xd0, 0xf, 0xfe,
    0xff, 0xff, 0xf3, 0xc3, 0xff, 0xa7, 0xff, 0xfc,
    0xf8, 0x3f, 0xfb, 0xb7, 0xff, 0xf3, 0xa0, 0xff,
    0xe9, 0xdf, 0xff, 0xcf, 0x43, 0xff, 0xb6, 0xff,
    0xff, 0x3c, 0x3f, 0xfa, 0xbf, 0xff, 0xd0, 0xf,
    0xfe, 0xdf, 0xff, 0xf3, 0xd0, 0xff, 0xea, 0xbf,
    0xff, 0xcf, 0x43, 0xff, 0xb2, 0xff, 0xff, 0x3c,
    0x3f, 0xfa, 0xff, 0xff, 0xd0, 0xf, 0xfe, 0xcf,
    0xff, 0xf3, 0xd0, 0xff, 0xec, 0x7f, 0xff, 0x3d,
    0xf, 0xfe, 0xbb, 0xff, 0xfc, 0xe8, 0x3f, 0xfb,
    0x37, 0xff, 0xf3, 0xc3, 0xff, 0xaf, 0xff, 0xfc,
    0xf0, 0xff, 0xed, 0xff, 0xff, 0x3d, 0xf, 0xfe,
    0xad, 0xff, 0xfc, 0xe4, 0x3f, 0xfb, 0x6f, 0xff,
    0xf3, 0xc3, 0xff, 0xab, 0xff, 0xfc, 0xf0, 0xff,
    0xee, 0xff, 0xff, 0x3e, 0xf, 0xfe, 0x9d, 0xff,
    0xfc, 0xe4, 0x3f, 0xfb, 0xaf, 0xff, 0xf3, 0xc3,
    0xff, 0xa7, 0xff, 0xfc, 0xe8, 0x3f, 0xfb, 0xf7,
    0xff, 0xf3, 0xa0, 0xff, 0xe8, 0xff, 0xff, 0x3c,
    0x3f, 0xfc, 0x3f, 0xff, 0xcf, 0xf, 0xfe, 0x83,
    0xff, 0xfc, 0xe8, 0x3f, 0xfc, 0x2f, 0xff, 0xf3,
    0xa0, 0xff, 0xe7, 0xff, 0xff, 0x3c, 0x3f, 0xfc,
    0x7f, 0xff, 0xcf, 0xf, 0xfe, 0x73, 0xff, 0xfc,
    0xe4, 0x3f, 0xfc, 0x6f, 0xff, 0xf3, 0xc3, 0xff,
    0x9b, 0xff, 0xfc, 0xe8, 0x3f, 0xfc, 0xb7, 0xff,
    0xf3, 0x90, 0xff, 0xe5, 0xdf, 0xff, 0xce, 0xf,
    0xff, 0x3f, 0xff, 0xf3, 0xc3, 0xff, 0x97, 0xff,
    0xfc, 0xe8, 0x3f, 0xfc, 0xf7, 0xff, 0xf3, 0x90,
    0xff, 0xe4, 0xdf, 0xff, 0xce, 0xf, 0xff, 0x4f,
    0xff, 0xf3, 0xc3, 0xff, 0x93, 0xff, 0xfc, 0xe4,
    0x3f, 0xfd, 0x2f, 0xff, 0xf3, 0x90, 0xff, 0xe3,
    0xff, 0xff, 0x3a, 0xf, 0xff, 0x5f, 0xff, 0xf3,
    0xc3, 0xff, 0x8c, 0xff, 0xff, 0x38, 0x3f, 0xfd,
    0xbf, 0xff, 0xce, 0x83, 0xff, 0x8b, 0xff, 0xfc,
    0xe8, 0x3f, 0xfd, 0xb7, 0xff, 0xf3, 0x83, 0xff,
    0x88, 0xff, 0xff, 0x38, 0x3f, 0xfd, 0xff, 0xff,
    0xce, 0x83, 0xff, 0x87, 0xff, 0xfc, 0xe4, 0x3f,
    0xfd, 0xef, 0xff, 0xf3, 0x83, 0xff, 0x85, 0x7f,
    0xff, 0x38, 0x3f, 0xfe, 0x3f, 0xff, 0xce, 0x83,
    0xff, 0x83, 0xff, 0xfc, 0xe0, 0xff, 0xf9, 0xff,
    0xff, 0x38, 0x3f, 0xf8, 0x17, 0xff, 0xf3, 0x60,
    0xff, 0xf9, 0xdf, 0xff, 0xce, 0xf, 0xfb, 0xff,
    0xf9, 0xc1, 0xff, 0xf5, 0xff, 0xfe, 0x72, 0x1f,
    0xdf, 0xff, 0xce, 0x43, 0xff, 0xea, 0xff, 0xff,
    0x38, 0x3f, 0x3f, 0xff, 0xce, 0xf, 0xff, 0xbf,
    0xff, 0xf3, 0x90, 0xfb, 0xff, 0xf9, 0xc1, 0xff,
    0xf8, 0x7f, 0xff, 0x9c, 0x1e, 0x7f, 0xff, 0x9b,
    0x7, 0xff, 0xe6, 0xff, 0xfe, 0x6a, 0x1d, 0xff,
    0xfc, 0xe0, 0xff, 0xfd, 0xff, 0xff, 0x38, 0x35,
    0xff, 0xfc, 0xd4, 0x3f, 0xff, 0x77, 0xff, 0xf3,
    0x60, 0xbf, 0xff, 0x9c, 0x1f, 0xff, 0xdf, 0xff,
    0xe7, 0x2, 0xff, 0xfe, 0x68, 0x7f, 0xff, 0x9f,
    0xff, 0xe6, 0xc7, 0xff, 0xf3, 0x60, 0xff, 0xff,
    0xdf, 0xff, 0xe7, 0xf, 0xff, 0xf8, 0x3f, 0xff,
    0xcc, 0x87, 0xff, 0xfc, 0x17, 0xff, 0xf9, 0x43,
    0xff, 0xfe, 0x1b, 0xff, 0xfc, 0x88, 0x7f, 0xff,
    0xc3, 0x3f, 0xff, 0xe2, 0x83, 0xff, 0xfe, 0x1e,
    0xff, 0xff, 0x10, 0x7f, 0xff, 0xc3, 0xf7, 0xff,
    0xf8, 0x10, 0xff, 0xff, 0x87, 0xeb, 0xff, 0xfb,
    0xe1, 0xff, 0xff, 0xf, 0xf7, 0xff, 0xf7, 0x90,
    0xff, 0xff, 0x87, 0xf9, 0xff, 0xfe, 0xe4, 0x1f,
    0xff, 0xf0, 0xff, 0xe0, 0x7f, 0xff, 0x70, 0x3f,
    0xff, 0xe1, 0xff, 0xc1, 0x7f, 0xff, 0xb5, 0x7,
    0xff, 0xfc, 0x3f, 0xf8, 0x57, 0xff, 0xf6, 0x43,
    0xff, 0xfe, 0x1f, 0xfc, 0x4f, 0xff, 0xec, 0x21,
    0xff, 0xff, 0xf, 0xfe, 0x23, 0xff, 0xfd, 0x68,
    0x3f, 0xff, 0xe1, 0xff, 0xc6, 0xff, 0xfe, 0xb0,
    0x7f, 0xff, 0xc3, 0xff, 0x8e, 0xff, 0xff, 0x52,
    0xf, 0xff, 0xf8, 0x7f, 0xf2, 0x2f, 0xff, 0xe9,
    0x87, 0xff, 0xfc, 0x3f, 0xf9, 0x5f, 0xff, 0xd2,
    0x43, 0xff, 0xfe, 0x1f, 0xfc, 0xab, 0xff, 0xfa,
    0x21, 0xff, 0xff, 0xf, 0xfe, 0x67, 0xff, 0xf4,
    0x3, 0xff, 0xfe, 0x1f, 0xfc, 0xd7, 0xff, 0xf9,
    0xd0, 0x7f, 0xff, 0xc3, 0xff, 0x9d, 0xff, 0xfc,
    0xe0, 0xff, 0xff, 0x87, 0xff, 0x3e, 0xff, 0xfe,
    0x68, 0x7f, 0xff, 0xc3, 0xff, 0x9f, 0x7f, 0xff,
    0x34, 0x3f, 0xff, 0xe1, 0xff, 0xcf, 0xbf, 0xff,
    0x9a, 0x1f, 0xff, 0xf0, 0xff, 0xe7, 0xdf, 0xff,
    0xcd, 0xf, 0xff, 0xf8, 0x7f, 0xf3, 0xef, 0xff,
    0xe6, 0x87, 0xff, 0xfc, 0x3f, 0xf9, 0xf7, 0xff,
    0xf3, 0x43, 0xff, 0xfe, 0x1f, 0xfc, 0xfb, 0xff,
    0xf9, 0xa1, 0xff, 0xff, 0xf, 0xfe, 0x7d, 0xff,
    0xfc, 0xd0, 0xff, 0xff, 0x87, 0xff, 0x3e, 0xff,
    0xfe, 0x68, 0x7f, 0xff, 0xc3, 0xff, 0x9f, 0x7f,
    0xff, 0x34, 0x3f, 0xff, 0xe1, 0xff, 0xcf, 0xbf,
    0xff, 0x9a, 0x1f, 0xff, 0xf0, 0xff, 0xe7, 0xdf,
    0xff, 0xcd, 0xf, 0xff, 0xf8, 0x7f, 0xf3, 0xef,
    0xff, 0xe6, 0x87, 0xff, 0xfc, 0x3f, 0xf9, 0xf7,
    0xff, 0xf3, 0x43, 0xff, 0xfe, 0x1f, 0xfc, 0xfb,
    0xff, 0xf9, 0xa1, 0xff, 0xff, 0xf, 0xfe, 0x7d,
    0xff, 0xfc, 0xd0, 0xff, 0xff, 0x87, 0xff, 0x3e,
    0xff, 0xfe, 0x68, 0x7f, 0xff, 0xc3, 0xff, 0x9f,
    0x7f, 0xff, 0x34, 0x3f, 0xff, 0xe1, 0xff, 0xcf,
    0xbf, 0xff, 0x9a, 0x1f, 0xff, 0xf0, 0xff, 0xe7,
    0xdf, 0xff, 0xcd, 0xf, 0xff, 0xf8, 0x7f, 0xf3,
    0xef, 0xff, 0xe6, 0x87, 0xff, 0xfc, 0x3f, 0xf9,
    0xf7, 0xff, 0xf3, 0x43, 0xff, 0xfe, 0x1f, 0xfc,
    0xfb, 0xff, 0xf9, 0xa1, 0xff, 0xff, 0xf, 0xfe,
    0x7d, 0xff, 0xfc, 0xd0, 0xff, 0xff, 0x87, 0xff,
    0x3e, 0xff, 0xfe, 0x68, 0x7f, 0xff, 0xc3, 0xff,
    0x9f, 0x7f, 0xff, 0x34, 0x3f, 0xff, 0xe1, 0xff,
    0xcf, 0xbf, 0xff, 0x9a, 0x1f, 0xff, 0xf0, 0xff,
    0xe7, 0xdf, 0xff, 0xcd, 0xf, 0xff, 0xf8, 0x7f,
    0xf3, 0xef, 0xff, 0xe6, 0x87, 0xff, 0xfc, 0x3f,
    0xf9, 0xf7, 0xff, 0xf3, 0x43, 0xff, 0xfe, 0x1f,
    0xfc, 0xfb, 0xff, 0xf9, 0xa1, 0xff, 0xff, 0xf,
    0xfe, 0x7d, 0xff, 0xfc, 0xd0, 0xff, 0xff, 0x87,
    0xff, 0x3e, 0xff, 0xfe, 0x68, 0x7f, 0xff, 0xc3,
    0xff, 0x9f, 0x7f, 0xff, 0x34, 0x3f, 0xff, 0xe1,
    0xff, 0xcf, 0xbf, 0xff, 0x9a, 0x1f, 0xff, 0xf0,
    0xff, 0xe7, 0xdf, 0xff, 0xcd, 0xf, 0xff, 0xf8,
    0x7f, 0xf3, 0xef, 0xff, 0xe6, 0x87, 0xff, 0xfc,
    0x3f, 0xf9, 0xf7, 0xff, 0xf3, 0x43, 0xff, 0xfe,
    0x1f, 0xfc, 0xfb, 0xff, 0xf9, 0xa1, 0xff, 0xff,
    0xf, 0xfe, 0x7d, 0xff, 0xfc, 0xd0, 0xff, 0xff,
    0x87, 0xff, 0x3e, 0xff, 0xfe, 0x68, 0x7f, 0xff,
    0xc3, 0xff, 0x9f, 0x7f, 0xff, 0x34, 0x3f, 0xff,
    0xe1, 0xff, 0xcf, 0xbf, 0xff, 0x9a, 0x1f, 0xff,
    0xf0, 0xff, 0xe7, 0xdf, 0xff, 0xcd, 0xf, 0xff,
    0xf8, 0x7f, 0xf3, 0xef, 0xff, 0xe6, 0x87, 0xff,
    0xfc, 0x3f, 0xf9, 0xf7, 0xff, 0xf3, 0x43, 0xff,
    0xfe, 0x1f, 0xfc, 0xfb, 0xff, 0xf9, 0xa1, 0xff,
    0xff, 0xf, 0xfe, 0x7d, 0xff, 0xfc, 0xd0, 0xff,
    0xff, 0x87, 0xff, 0x3e, 0xff, 0xfe, 0x68, 0x7f,
    0xff, 0xc3, 0xff, 0x9f, 0x7f, 0xff, 0x34, 0x3f,
    0xff, 0xe1, 0xff, 0xcf, 0xbf, 0xff, 0x9a, 0x1f,
    0xff, 0xf0, 0xff, 0xe7, 0xdf, 0xff, 0xcd, 0xf,
    0xff, 0xf8, 0x7f, 0xf3, 0xef, 0xff, 0xe6, 0x87,
    0xff, 0xfc, 0x3f, 0xf9, 0xf7, 0xff, 0xf3, 0x43,
    0xff, 0xfe, 0x1f, 0xfc, 0xfb, 0xff, 0xf9, 0xa1,
    0xff, 0xff, 0xf, 0xfe, 0x7d, 0xff, 0xfc, 0xd0,
    0xff, 0xff, 0x87, 0xff, 0x3e, 0xff, 0xfe, 0x68,
    0x7f, 0xff, 0xc3, 0xff, 0x9f, 0x7f, 0xff, 0x34,
    0x3f, 0xff, 0xe1, 0xff, 0xcf, 0xbf, 0xff, 0x9a,
    0x1f, 0xff, 0xf0, 0xff, 0xe7, 0xdf, 0xff, 0xcd,
    0xf, 0xff, 0xf8, 0x7f, 0xf3, 0xef, 0xff, 0xe6,
    0x87, 0xff, 0x9c,

    /* U+005A "Z" */
    0xb, 0xff, 0xff, 0xff, 0xff, 0xd1, 0xe, 0xff,
    0xff, 0xff, 0xff, 0xf4, 0x43, 0xbf, 0xff, 0xff,
    0xff, 0xfd, 0x10, 0xef, 0xff, 0xff, 0xff, 0xff,
    0x44, 0x3b, 0xff, 0xff, 0xff, 0xff, 0xd1, 0xe,
    0xff, 0xff, 0xff, 0xff, 0xf4, 0x43, 0xbf, 0xff,
    0xff, 0xff, 0xfd, 0x10, 0xef, 0xff, 0xff, 0xff,
    0xff, 0x44, 0x3b, 0xff, 0xff, 0xff, 0xff, 0xd1,
    0xe, 0xff, 0xff, 0xff, 0xff, 0xf4, 0x43, 0xbf,
    0xff, 0xff, 0xff, 0xfd, 0x10, 0xef, 0xff, 0xff,
    0xff, 0xff, 0x44, 0x3b, 0xff, 0xff, 0xff, 0xff,
    0xd1, 0xe, 0xff, 0xff, 0xff, 0xff, 0xf4, 0x43,
    0xbf, 0xff, 0xff, 0xff, 0xfd, 0x10, 0xef, 0xff,
    0xff, 0xff, 0xff, 0x44, 0x3b, 0xff, 0xff, 0xff,
    0xff, 0xd1, 0xe, 0xff, 0xff, 0xff, 0xff, 0xf4,
    0x43, 0xbf, 0xff, 0xff, 0xff, 0xfd, 0x10, 0xef,
    0xff, 0xff, 0xff, 0xff, 0x42, 0xe, 0xff, 0xff,
    0xff, 0xff, 0xf4, 0x3, 0xdf, 0xff, 0xff, 0xff,
    0xfe, 0x78, 0x7f, 0xff, 0xc3, 0x7f, 0xff, 0x45,
    0xf, 0xff, 0xf8, 0x4f, 0xff, 0xf4, 0x43, 0xff,
    0xfe, 0x1b, 0xff, 0xfa, 0x21, 0xff, 0xff, 0xd,
    0xff, 0xfd, 0x14, 0x3f, 0xff, 0xe1, 0x3f, 0xff,
    0xd0, 0x83, 0xff, 0xfe, 0x1b, 0xff, 0xfa, 0x21,
    0xff, 0xff, 0xd, 0xff, 0xfd, 0x10, 0xff, 0xff,
    0x86, 0xbf, 0xff, 0xa0, 0x87, 0xff, 0xfc, 0x27,
    0xff, 0xfa, 0x21, 0xff, 0xff, 0xd, 0xff, 0xfd,
    0x10, 0xff, 0xff, 0x86, 0xff, 0xfe, 0x8a, 0x1f,
    0xff, 0xf0, 0x9f, 0xff, 0xe8, 0x41, 0xff, 0xff,
    0xd, 0xff, 0xfd, 0x10, 0xff, 0xff, 0x86, 0xff,
    0xfe, 0x88, 0x7f, 0xff, 0xc3, 0x5f, 0xff, 0xd0,
    0x43, 0xff, 0xfe, 0x13, 0xff, 0xfd, 0x10, 0xff,
    0xff, 0x86, 0xff, 0xfe, 0x88, 0x7f, 0xff, 0xc3,
    0x7f, 0xff, 0x45, 0xf, 0xff, 0xf8, 0x4f, 0xff,
    0xf4, 0x20, 0xff, 0xff, 0x86, 0xff, 0xfe, 0x88,
    0x7f, 0xff, 0xc3, 0x7f, 0xff, 0x44, 0x3f, 0xff,
    0xe1, 0xaf, 0xff, 0xe8, 0x21, 0xff, 0xff, 0x9,
    0xff, 0xfe, 0x88, 0x7f, 0xff, 0xc3, 0x7f, 0xff,
    0x44, 0x3f, 0xff, 0xe1, 0xbf, 0xff, 0xa2, 0x87,
    0xff, 0xfc, 0x27, 0xff, 0xfa, 0x10, 0x7f, 0xff,
    0xc3, 0x7f, 0xff, 0x44, 0x3f, 0xff, 0xe1, 0xbf,
    0xff, 0xa2, 0x1f, 0xff, 0xf0, 0xd7, 0xff, 0xf4,
    0x10, 0xff, 0xff, 0x84, 0xff, 0xff, 0x44, 0x3f,
    0xff, 0xe1, 0xbf, 0xff, 0xa2, 0x1f, 0xff, 0xf0,
    0xdf, 0xff, 0xd1, 0x43, 0xff, 0xfe, 0x13, 0xff,
    0xfd, 0x8, 0x3f, 0xff, 0xe1, 0xbf, 0xff, 0xa2,
    0x1f, 0xff, 0xf0, 0xdf, 0xff, 0xd1, 0xf, 0xff,
    0xf8, 0x6b, 0xff, 0xfa, 0x8, 0x7f, 0xff, 0xc2,
    0x7f, 0xff, 0xa2, 0x1f, 0xff, 0xf0, 0xdf, 0xff,
    0xd1, 0xf, 0xff, 0xf8, 0x6f, 0xff, 0xe8, 0xa1,
    0xff, 0xff, 0x9, 0xff, 0xfe, 0x84, 0x1f, 0xff,
    0xf0, 0xdf, 0xff, 0xd1, 0xf, 0xff, 0xf8, 0x6f,
    0xff, 0xe8, 0x87, 0xff, 0xfc, 0x35, 0xff, 0xfd,
    0x4, 0x3f, 0xff, 0xe1, 0x3f, 0xff, 0xd1, 0xf,
    0xff, 0xf8, 0x6f, 0xff, 0xe8, 0x87, 0xff, 0xfc,
    0x37, 0xff, 0xf4, 0x50, 0xff, 0xff, 0x84, 0xff,
    0xff, 0x42, 0xf, 0xff, 0xf8, 0x6f, 0xff, 0xe8,
    0x87, 0xff, 0xfc, 0x37, 0xff, 0xf4, 0x43, 0xff,
    0xfe, 0x1a, 0xff, 0xfe, 0x82, 0x1f, 0xff, 0xf0,
    0x9f, 0xff, 0xe8, 0x87, 0xff, 0xfc, 0x37, 0xff,
    0xf4, 0x43, 0xff, 0xfe, 0x1b, 0xff, 0xfa, 0x28,
    0x7f, 0xff, 0xc2, 0x7f, 0xff, 0xa1, 0x7, 0xff,
    0xfc, 0x37, 0xff, 0xf4, 0x43, 0xff, 0xfe, 0x1b,
    0xff, 0xfa, 0x21, 0xff, 0xff, 0xd, 0x7f, 0xff,
    0x41, 0xf, 0xff, 0xf8, 0x4f, 0xff, 0xf4, 0x43,
    0xff, 0xfe, 0x1b, 0xff, 0xfa, 0x21, 0xff, 0xff,
    0xd, 0xff, 0xfd, 0x14, 0x3f, 0xff, 0xe1, 0x5f,
    0xff, 0xd0, 0x83, 0xff, 0xfe, 0x1b, 0xff, 0xfa,
    0x21, 0xff, 0xff, 0xd, 0xff, 0xfd, 0x10, 0xff,
    0xff, 0x86, 0xbf, 0xff, 0xa0, 0x87, 0xff, 0xfc,
    0x27, 0xff, 0xfa, 0x21, 0xff, 0xff, 0xd, 0xff,
    0xfd, 0x10, 0xff, 0xff, 0x86, 0xff, 0xfe, 0x8a,
    0x1f, 0xff, 0xf0, 0xaf, 0xff, 0xe8, 0x41, 0xff,
    0xff, 0xd, 0xff, 0xfd, 0x10, 0xff, 0xff, 0x86,
    0xff, 0xfe, 0x88, 0x7f, 0xff, 0xc3, 0x5f, 0xff,
    0xd0, 0x43, 0xff, 0xfe, 0x13, 0xff, 0xfd, 0x10,
    0xff, 0xff, 0x86, 0xff, 0xfe, 0x88, 0x7f, 0xff,
    0xc3, 0x7f, 0xff, 0x45, 0xf, 0xff, 0xf8, 0x57,
    0xff, 0xf4, 0x20, 0xff, 0xff, 0x86, 0xff, 0xfe,
    0x88, 0x7f, 0xff, 0xc3, 0x7f, 0xff, 0x44, 0x3f,
    0xff, 0xe1, 0xaf, 0xff, 0xe8, 0x21, 0xff, 0xff,
    0x9, 0xff, 0xfe, 0x88, 0x7f, 0xff, 0xc3, 0x7f,
    0xff, 0x44, 0x3f, 0xff, 0xe1, 0xbf, 0xff, 0xa2,
    0x87, 0xff, 0xfc, 0x2b, 0xff, 0xfa, 0x10, 0x7f,
    0xff, 0xc3, 0x7f, 0xff, 0x44, 0x3f, 0xff, 0xe1,
    0xbf, 0xff, 0xa2, 0x1f, 0xff, 0xf0, 0xd7, 0xff,
    0xf4, 0x10, 0xff, 0xff, 0x84, 0xff, 0xff, 0x44,
    0x3f, 0xff, 0xe1, 0xbf, 0xff, 0xa2, 0x1f, 0xff,
    0xf0, 0xdf, 0xff, 0xd1, 0x43, 0xff, 0xfe, 0x15,
    0xff, 0xfd, 0x8, 0x3f, 0xff, 0xe1, 0xbf, 0xff,
    0xa2, 0x1f, 0xff, 0xf0, 0xdf, 0xff, 0xd1, 0xf,
    0xff, 0xf8, 0x6b, 0xff, 0xfa, 0x8, 0x7f, 0xff,
    0xc2, 0x7f, 0xff, 0xa2, 0x1f, 0xff, 0xf0, 0xdf,
    0xff, 0xd1, 0xf, 0xff, 0xf8, 0x6f, 0xff, 0xe8,
    0xa1, 0xff, 0xff, 0xa, 0xff, 0xfe, 0x84, 0x1f,
    0xff, 0xf0, 0xdf, 0xff, 0xd1, 0xf, 0xff, 0xf8,
    0x6f, 0xff, 0xe8, 0x87, 0xff, 0xfc, 0x35, 0xff,
    0xfd, 0x4, 0x3f, 0xff, 0xe1, 0x3f, 0xff, 0xd1,
    0xf, 0xff, 0xf8, 0x6f, 0xff, 0xe8, 0x87, 0xff,
    0xfc, 0x37, 0xff, 0xf4, 0x50, 0xff, 0xff, 0x85,
    0x7f, 0xff, 0x44, 0x3f, 0xff, 0xe1, 0xbf, 0xff,
    0xff, 0xff, 0xfd, 0x34, 0xff, 0xff, 0xff, 0xff,
    0xf5, 0x1b, 0xff, 0xff, 0xff, 0xff, 0xd4, 0x6f,
    0xff, 0xff, 0xff, 0xff, 0x51, 0xbf, 0xff, 0xff,
    0xff, 0xfd, 0x46, 0xff, 0xff, 0xff, 0xff, 0xf5,
    0x1b, 0xff, 0xff, 0xff, 0xff, 0xd4, 0x6f, 0xff,
    0xff, 0xff, 0xff, 0x51, 0xbf, 0xff, 0xff, 0xff,
    0xfd, 0x46, 0xff, 0xff, 0xff, 0xff, 0xf5, 0x1b,
    0xff, 0xff, 0xff, 0xff, 0xd4, 0x6f, 0xff, 0xff,
    0xff, 0xff, 0x51, 0xbf, 0xff, 0xff, 0xff, 0xfd,
    0x46, 0xff, 0xff, 0xff, 0xff, 0xf5, 0x1b, 0xff,
    0xff, 0xff, 0xff, 0xd4, 0x6f, 0xff, 0xff, 0xff,
    0xff, 0x51, 0xbf, 0xff, 0xff, 0xff, 0xfd, 0x46,
    0xff, 0xff, 0xff, 0xff, 0xf5, 0x1b, 0xff, 0xff,
    0xff, 0xff, 0xd4, 0x6f, 0xff, 0xff, 0xff, 0xff,
    0x51, 0xbf, 0xff, 0xff, 0xff, 0xfd, 0x46, 0xff,
    0xff, 0xff, 0xff, 0xf5, 0x10,

    /* U+005B "[" */
    0xf, 0xff, 0xf, 0xff, 0xf7, 0x93, 0xff, 0xfb,
    0xc9, 0xff, 0xfd, 0xe4, 0xff, 0xfe, 0xf2, 0x7f,
    0xff, 0x79, 0x3f, 0xff, 0xbc, 0x9f, 0xff, 0xde,
    0x4f, 0xff, 0xef, 0x27, 0xff, 0xf7, 0x93, 0xff,
    0xfb, 0xc9, 0xff, 0xfd, 0xe4, 0xff, 0xfe, 0xf2,
    0x7f, 0xff, 0x79, 0x3f, 0xff, 0xbc, 0x9f, 0xff,
    0xde, 0x4f, 0xff, 0xef, 0x27, 0xff, 0xf7, 0x93,
    0xff, 0xfb, 0xc9, 0xff, 0xfd, 0xe4, 0xff, 0xfe,
    0xf2, 0x7f, 0xff, 0x2c, 0x3f, 0xf9, 0x3f, 0xff,
    0xcb, 0xf, 0xfe, 0x4f, 0xff, 0xf2, 0xc3, 0xff,
    0x93, 0xff, 0xfc, 0xb0, 0xff, 0xe4, 0xff, 0xff,
    0x2c, 0x3f, 0xf9, 0x3f, 0xff, 0xcb, 0xf, 0xfe,
    0x4f, 0xff, 0xf2, 0xc3, 0xff, 0x93, 0xff, 0xfc,
    0xb0, 0xff, 0xe4, 0xff, 0xff, 0x2c, 0x3f, 0xf9,
    0x3f, 0xff, 0xcb, 0xf, 0xfe, 0x4f, 0xff, 0xf2,
    0xc3, 0xff, 0x93, 0xff, 0xfc, 0xb0, 0xff, 0xe4,
    0xff, 0xff, 0x2c, 0x3f, 0xf9, 0x3f, 0xff, 0xcb,
    0xf, 0xfe, 0x4f, 0xff, 0xf2, 0xc3, 0xff, 0x93,
    0xff, 0xfc, 0xb0, 0xff, 0xe4, 0xff, 0xff, 0x2c,
    0x3f, 0xf9, 0x3f, 0xff, 0xcb, 0xf, 0xfe, 0x4f,
    0xff, 0xf2, 0xc3, 0xff, 0x93, 0xff, 0xfc, 0xb0,
    0xff, 0xe4, 0xff, 0xff, 0x2c, 0x3f, 0xf9, 0x3f,
    0xff, 0xcb, 0xf, 0xfe, 0x4f, 0xff, 0xf2, 0xc3,
    0xff, 0x93, 0xff, 0xfc, 0xb0, 0xff, 0xe4, 0xff,
    0xff, 0x2c, 0x3f, 0xf9, 0x3f, 0xff, 0xcb, 0xf,
    0xfe, 0x4f, 0xff, 0xf2, 0xc3, 0xff, 0x93, 0xff,
    0xfc, 0xb0, 0xff, 0xe4, 0xff, 0xff, 0x2c, 0x3f,
    0xf9, 0x3f, 0xff, 0xcb, 0xf, 0xfe, 0x4f, 0xff,
    0xf2, 0xc3, 0xff, 0x93, 0xff, 0xfc, 0xb0, 0xff,
    0xe4, 0xff, 0xff, 0x2c, 0x3f, 0xf9, 0x3f, 0xff,
    0xcb, 0xf, 0xfe, 0x4f, 0xff, 0xf2, 0xc3, 0xff,
    0x93, 0xff, 0xfc, 0xb0, 0xff, 0xe4, 0xff, 0xff,
    0x2c, 0x3f, 0xf9, 0x3f, 0xff, 0xcb, 0xf, 0xfe,
    0x4f, 0xff, 0xf2, 0xc3, 0xff, 0x93, 0xff, 0xfc,
    0xb0, 0xff, 0xe4, 0xff, 0xff, 0x2c, 0x3f, 0xf9,
    0x3f, 0xff, 0xcb, 0xf, 0xfe, 0x4f, 0xff, 0xf2,
    0xc3, 0xff, 0x93, 0xff, 0xfc, 0xb0, 0xff, 0xe4,
    0xff, 0xff, 0x2c, 0x3f, 0xf9, 0x3f, 0xff, 0xcb,
    0xf, 0xfe, 0x4f, 0xff, 0xf2, 0xc3, 0xff, 0x93,
    0xff, 0xfc, 0xb0, 0xff, 0xe4, 0xff, 0xff, 0x2c,
    0x3f, 0xf9, 0x3f, 0xff, 0xcb, 0xf, 0xfe, 0x4f,
    0xff, 0xf2, 0xc3, 0xff, 0x93, 0xff, 0xfc, 0xb0,
    0xff, 0xe4, 0xff, 0xff, 0x2c, 0x3f, 0xf9, 0x3f,
    0xff, 0xcb, 0xf, 0xfe, 0x4f, 0xff, 0xf2, 0xc3,
    0xff, 0x93, 0xff, 0xfc, 0xb0, 0xff, 0xe4, 0xff,
    0xff, 0x2c, 0x3f, 0xf9, 0x3f, 0xff, 0xcb, 0xf,
    0xfe, 0x4f, 0xff, 0xf2, 0xc3, 0xff, 0x93, 0xff,
    0xfc, 0xb0, 0xff, 0xe4, 0xff, 0xff, 0x2c, 0x3f,
    0xf9, 0x3f, 0xff, 0xcb, 0xf, 0xfe, 0x4f, 0xff,
    0xf2, 0xc3, 0xff, 0x93, 0xff, 0xfc, 0xb0, 0xff,
    0xe4, 0xff, 0xff, 0x2c, 0x3f, 0xf9, 0x3f, 0xff,
    0xcb, 0xf, 0xfe, 0x4f, 0xff, 0xf2, 0xc3, 0xff,
    0x93, 0xff, 0xfc, 0xb0, 0xff, 0xe4, 0xff, 0xff,
    0x2c, 0x3f, 0xf9, 0x3f, 0xff, 0xcb, 0xf, 0xfe,
    0x4f, 0xff, 0xf2, 0xc3, 0xff, 0x93, 0xff, 0xfc,
    0xb0, 0xff, 0xe4, 0xff, 0xff, 0x2c, 0x3f, 0xf9,
    0x3f, 0xff, 0xcb, 0xf, 0xfe, 0x4f, 0xff, 0xf2,
    0xc3, 0xff, 0x93, 0xff, 0xfc, 0xb0, 0xff, 0xe4,
    0xff, 0xff, 0x2c, 0x3f, 0xf9, 0x3f, 0xff, 0xcb,
    0xf, 0xfe, 0x4f, 0xff, 0xf2, 0xc3, 0xff, 0x93,
    0xff, 0xfc, 0xb0, 0xff, 0xe4, 0xff, 0xff, 0x2c,
    0x3f, 0xf9, 0x3f, 0xff, 0xcb, 0xf, 0xfe, 0x4f,
    0xff, 0xf2, 0xc3, 0xff, 0x93, 0xff, 0xfc, 0xb0,
    0xff, 0xe4, 0xff, 0xff, 0x2c, 0x3f, 0xf9, 0x3f,
    0xff, 0xcb, 0xf, 0xfe, 0x4f, 0xff, 0xf2, 0xc3,
    0xff, 0x93, 0xff, 0xfc, 0xb0, 0xff, 0xe4, 0xff,
    0xff, 0x2c, 0x3f, 0xf9, 0x3f, 0xff, 0xcb, 0xf,
    0xfe, 0x4f, 0xff, 0xf2, 0xc3, 0xff, 0x93, 0xff,
    0xfc, 0xb0, 0xff, 0xe4, 0xff, 0xff, 0x2c, 0x3f,
    0xf9, 0x3f, 0xff, 0xcb, 0xf, 0xfe, 0x4f, 0xff,
    0xf2, 0xc3, 0xff, 0x93, 0xff, 0xfc, 0xb0, 0xff,
    0xe4, 0xff, 0xff, 0x2c, 0x3f, 0xf9, 0x3f, 0xff,
    0xcb, 0xf, 0xfe, 0x4f, 0xff, 0xf2, 0xc3, 0xff,
    0x93, 0xff, 0xfc, 0xb0, 0xff, 0xe4, 0xff, 0xff,
    0x2c, 0x3f, 0xf9, 0x3f, 0xff, 0xcb, 0xf, 0xfe,
    0x4f, 0xff, 0xf2, 0xc3, 0xff, 0x93, 0xff, 0xfc,
    0xb0, 0xff, 0xe4, 0xff, 0xff, 0x2c, 0x3f, 0xf9,
    0x3f, 0xff, 0xcb, 0xf, 0xfe, 0x4f, 0xff, 0xf2,
    0xc3, 0xff, 0x93, 0xff, 0xfc, 0xb0, 0xff, 0xe4,
    0xff, 0xff, 0x2c, 0x3f, 0xf9, 0x3f, 0xff, 0xcb,
    0xf, 0xfe, 0x4f, 0xff, 0xf2, 0xc3, 0xff, 0x93,
    0xff, 0xfc, 0xb0, 0xff, 0xe4, 0xff, 0xff, 0x2c,
    0x3f, 0xf9, 0x3f, 0xff, 0xcb, 0xf, 0xfe, 0x4f,
    0xff, 0xf2, 0xc3, 0xff, 0x93, 0xff, 0xfc, 0xb0,
    0xff, 0xe4, 0xff, 0xff, 0x2c, 0x3f, 0xf9, 0x3f,
    0xff, 0xcb, 0xf, 0xfe, 0x4f, 0xff, 0xf2, 0xc3,
    0xff, 0x93, 0xff, 0xfc, 0xb0, 0xff, 0xe4, 0xff,
    0xff, 0x2c, 0x3f, 0xf9, 0x3f, 0xff, 0xcb, 0xf,
    0xfe, 0x4f, 0xff, 0xf2, 0xc3, 0xff, 0x93, 0xff,
    0xfc, 0xb0, 0xff, 0xe4, 0xff, 0xff, 0x2c, 0x3f,
    0xf9, 0x3f, 0xff, 0xcb, 0xf, 0xfe, 0x4f, 0xff,
    0xf2, 0xc3, 0xff, 0x93, 0xff, 0xfc, 0xb0, 0xff,
    0xe4, 0xff, 0xff, 0x2c, 0x3f, 0xf9, 0x3f, 0xff,
    0xcb, 0xf, 0xfe, 0x4f, 0xff, 0xf2, 0xc3, 0xff,
    0x93, 0xff, 0xfc, 0xb0, 0xff, 0xe4, 0xff, 0xff,
    0x2c, 0x3f, 0xf9, 0x3f, 0xff, 0xcb, 0xf, 0xfe,
    0x4f, 0xff, 0xf2, 0xc3, 0xff, 0x93, 0xff, 0xfc,
    0xb0, 0xff, 0xe4, 0xff, 0xff, 0x2c, 0x3f, 0xf9,
    0x3f, 0xff, 0xcb, 0xf, 0xfe, 0x4f, 0xff, 0xf2,
    0xc3, 0xff, 0x93, 0xff, 0xfc, 0xb0, 0xff, 0xe4,
    0xff, 0xff, 0x2c, 0x3f, 0xf9, 0x3f, 0xff, 0xcb,
    0xf, 0xfe, 0x4f, 0xff, 0xf2, 0xc3, 0xff, 0x93,
    0xff, 0xfc, 0xb4, 0x3f, 0xf9, 0x1f, 0xff, 0xde,
    0x4f, 0xff, 0xef, 0x27, 0xff, 0xf7, 0x93, 0xff,
    0xfb, 0xc9, 0xff, 0xfd, 0xe4, 0xff, 0xfe, 0xf2,
    0x7f, 0xff, 0x79, 0x3f, 0xff, 0xbc, 0x9f, 0xff,
    0xde, 0x4f, 0xff, 0xef, 0x27, 0xff, 0xf7, 0x93,
    0xff, 0xfb, 0xc9, 0xff, 0xfd, 0xe4, 0xff, 0xfe,
    0xf2, 0x7f, 0xff, 0x79, 0x3f, 0xff, 0xbc, 0x9f,
    0xff, 0xde, 0x4f, 0xff, 0xef, 0x27, 0xff, 0xf7,
    0x93, 0xff, 0xfb, 0xc8,

    /* U+005C "\\" */
    0xff, 0xfe, 0x60, 0x7f, 0xfa, 0xdf, 0xff, 0xe5,
    0x87, 0xff, 0xb3, 0xff, 0xf9, 0x70, 0x7f, 0xfa,
    0xef, 0xff, 0xe5, 0x87, 0xff, 0xad, 0xff, 0xfe,
    0x5a, 0x1f, 0xfe, 0xbf, 0xff, 0xe5, 0xc1, 0xff,
    0xeb, 0xbf, 0xff, 0x96, 0x1f, 0xfe, 0xcf, 0xff,
    0xe5, 0xa1, 0xff, 0xeb, 0xff, 0xfe, 0x60, 0x7f,
    0xfa, 0xdf, 0xff, 0xe5, 0x87, 0xff, 0xb3, 0xff,
    0xf9, 0x70, 0x7f, 0xfa, 0xef, 0xff, 0xe5, 0x87,
    0xff, 0xad, 0xff, 0xfe, 0x5a, 0x1f, 0xfe, 0xbf,
    0xff, 0xe5, 0xc1, 0xff, 0xeb, 0xbf, 0xff, 0x96,
    0x1f, 0xfe, 0xcf, 0xff, 0xe5, 0xa1, 0xff, 0xeb,
    0xff, 0xfe, 0x60, 0x7f, 0xfa, 0xdf, 0xff, 0xe5,
    0x87, 0xff, 0xb3, 0xff, 0xf9, 0x70, 0x7f, 0xfa,
    0xef, 0xff, 0xe5, 0x87, 0xff, 0xad, 0xff, 0xfe,
    0x5a, 0x1f, 0xfe, 0xbf, 0xff, 0xe5, 0xc1, 0xff,
    0xeb, 0xbf, 0xff, 0x96, 0x1f, 0xfe, 0xcf, 0xff,
    0xe5, 0xa1, 0xff, 0xeb, 0xff, 0xfe, 0x60, 0x7f,
    0xfa, 0xdf, 0xff, 0xe5, 0x87, 0xff, 0xb3, 0xff,
    0xf9, 0x70, 0x7f, 0xfa, 0xef, 0xff, 0xe5, 0x87,
    0xff, 0xad, 0xff, 0xfe, 0x5a, 0x1f, 0xfe, 0xbf,
    0xff, 0xe5, 0xc1, 0xff, 0xeb, 0xbf, 0xff, 0x96,
    0x1f, 0xfe, 0xcf, 0xff, 0xe5, 0xa1, 0xff, 0xeb,
    0xff, 0xfe, 0x60, 0x7f, 0xfa, 0xdf, 0xff, 0xe5,
    0x87, 0xff, 0xb3, 0xff, 0xf9, 0x70, 0x7f, 0xfa,
    0xef, 0xff, 0xe5, 0x87, 0xff, 0xb3, 0xff, 0xf9,
    0x61, 0xff, 0xec, 0xff, 0xfe, 0x5c, 0x1f, 0xfe,
    0xb7, 0xff, 0xf9, 0x61, 0xff, 0xec, 0xff, 0xfe,
    0x5a, 0x1f, 0xfe, 0xbb, 0xff, 0xf9, 0x50, 0x7f,
    0xfa, 0xdf, 0xff, 0xe5, 0x87, 0xff, 0xb3, 0xff,
    0xf9, 0x68, 0x7f, 0xfa, 0xef, 0xff, 0xe5, 0x87,
    0xff, 0xb3, 0xff, 0xf9, 0x61, 0xff, 0xec, 0xff,
    0xfe, 0x5c, 0x1f, 0xfe, 0xb7, 0xff, 0xf9, 0x61,
    0xff, 0xec, 0xff, 0xfe, 0x5a, 0x1f, 0xfe, 0xbb,
    0xff, 0xf9, 0x50, 0x7f, 0xfa, 0xdf, 0xff, 0xe5,
    0x87, 0xff, 0xb3, 0xff, 0xf9, 0x68, 0x7f, 0xfa,
    0xef, 0xff, 0xe5, 0x87, 0xff, 0xb3, 0xff, 0xf9,
    0x61, 0xff, 0xec, 0xff, 0xfe, 0x5c, 0x1f, 0xfe,
    0xb7, 0xff, 0xf9, 0x61, 0xff, 0xec, 0xff, 0xfe,
    0x5a, 0x1f, 0xfe, 0xbb, 0xff, 0xf9, 0x50, 0x7f,
    0xfa, 0xdf, 0xff, 0xe5, 0x87, 0xff, 0xb3, 0xff,
    0xf9, 0x68, 0x7f, 0xfa, 0xef, 0xff, 0xe5, 0x87,
    0xff, 0xb3, 0xff, 0xf9, 0x61, 0xff, 0xec, 0xff,
    0xfe, 0x5c, 0x1f, 0xfe, 0xb7, 0xff, 0xf9, 0x61,
    0xff, 0xec, 0xff, 0xfe, 0x5a, 0x1f, 0xfe, 0xbb,
    0xff, 0xf9, 0x50, 0x7f, 0xfa, 0xdf, 0xff, 0xe5,
    0x87, 0xff, 0xb3, 0xff, 0xf9, 0x68, 0x7f, 0xfa,
    0xef, 0xff, 0xe5, 0x87, 0xff, 0xb3, 0xff, 0xf9,
    0x61, 0xff, 0xec, 0xff, 0xfe, 0x5c, 0x1f, 0xfe,
    0xb7, 0xff, 0xf9, 0x61, 0xff, 0xec, 0xff, 0xfe,
    0x5a, 0x1f, 0xfe, 0xbb, 0xff, 0xf9, 0x50, 0x7f,
    0xfa, 0xdf, 0xff, 0xe5, 0x87, 0xff, 0xb3, 0xff,
    0xf9, 0x68, 0x7f, 0xfa, 0xef, 0xff, 0xe5, 0x87,
    0xff, 0xb3, 0xff, 0xf9, 0x61, 0xff, 0xec, 0xff,
    0xfe, 0x5c, 0x1f, 0xfe, 0xb7, 0xff, 0xf9, 0x61,
    0xff, 0xec, 0xff, 0xfe, 0x5a, 0x1f, 0xfe, 0xbb,
    0xff, 0xf9, 0x50, 0x7f, 0xfa, 0xdf, 0xff, 0xe5,
    0x87, 0xff, 0xb3, 0xff, 0xf9, 0x68, 0x7f, 0xfa,
    0xef, 0xff, 0xe5, 0x87, 0xff, 0xb3, 0xff, 0xf9,
    0x61, 0xff, 0xec, 0xff, 0xfe, 0x5c, 0x1f, 0xfe,
    0xb7, 0xff, 0xf9, 0x61, 0xff, 0xec, 0xff, 0xfe,
    0x5a, 0x1f, 0xfe, 0xbb, 0xff, 0xf9, 0x50, 0x7f,
    0xfa, 0xdf, 0xff, 0xe5, 0x87, 0xff, 0xb3, 0xff,
    0xf9, 0x68, 0x7f, 0xfa, 0xef, 0xff, 0xe5, 0x87,
    0xff, 0xb3, 0xff, 0xf9, 0x61, 0xff, 0xec, 0xff,
    0xfe, 0x5c, 0x1f, 0xfe, 0xb7, 0xff, 0xf9, 0x61,
    0xff, 0xec, 0xff, 0xfe, 0x5a, 0x1f, 0xfe, 0xbb,
    0xff, 0xf9, 0x50, 0x7f, 0xfa, 0xdf, 0xff, 0xe5,
    0x87, 0xff, 0xb3, 0xff, 0xf9, 0x68, 0x7f, 0xfa,
    0xef, 0xff, 0xe5, 0x87, 0xff, 0xb3, 0xff, 0xf9,
    0x61, 0xff, 0xec, 0xbf, 0xff, 0x95, 0x7, 0xff,
    0xad, 0xff, 0xfe, 0x58, 0x7f, 0xfb, 0x3f, 0xff,
    0x96, 0x87, 0xff, 0xae, 0xff, 0xfe, 0x54, 0x1f,
    0xfe, 0xcf, 0xff, 0xe5, 0x87, 0xff, 0xb3, 0xff,
    0xf9, 0x68, 0x7f, 0xfa, 0xdf, 0xff, 0xe5, 0x87,
    0xff, 0xb3, 0xff, 0xf9, 0x61, 0xff, 0xec, 0xbf,
    0xff, 0x95, 0x7, 0xff, 0xad, 0xff, 0xfe, 0x58,
    0x7f, 0xfb, 0x3f, 0xff, 0x96, 0x87, 0xff, 0xae,
    0xff, 0xfe, 0x54, 0x1f, 0xfe, 0xcf, 0xff, 0xe5,
    0x87, 0xff, 0xb3, 0xff, 0xf9, 0x68, 0x7f, 0xfa,
    0xdf, 0xff, 0xe5, 0x87, 0xff, 0xb3, 0xff, 0xf9,
    0x61, 0xff, 0xec, 0xbf, 0xff, 0x95, 0x7, 0xff,
    0xad, 0xff, 0xfe, 0x58, 0x7f, 0xfb, 0x3f, 0xff,
    0x96, 0x87, 0xff, 0xae, 0xff, 0xfe, 0x54, 0x1f,
    0xfe, 0xcf, 0xff, 0xe5, 0x87, 0xff, 0xb3, 0xff,
    0xf9, 0x68, 0x7f, 0xfa, 0xdf, 0xff, 0xe5, 0x87,
    0xff, 0xb3, 0xff, 0xf9, 0x61, 0xff, 0xec, 0xbf,
    0xff, 0x95, 0x7, 0xff, 0xad, 0xff, 0xfe, 0x58,
    0x7f, 0xfb, 0x3f, 0xff, 0x96, 0x87, 0xff, 0xae,
    0xff, 0xfe, 0x54, 0x1f, 0xfe, 0xcf, 0xff, 0xe5,
    0x87, 0xff, 0xb3, 0xff, 0xf9, 0x68, 0x7f, 0xfa,
    0xdf, 0xff, 0xe5, 0x87, 0xff, 0xb3, 0xff, 0xf9,
    0x61, 0xff, 0xec, 0xbf, 0xff, 0x95, 0x7, 0xff,
    0xad, 0xff, 0xfe, 0x58, 0x7f, 0xfb, 0x3f, 0xff,
    0x96, 0x87, 0xff, 0xae, 0xff, 0xfe, 0x54, 0x1f,
    0xfe, 0xcf, 0xff, 0xe5, 0x87, 0xff, 0xb3, 0xff,
    0xf9, 0x68, 0x7f, 0xfa, 0xdf, 0xff, 0xe5, 0x87,
    0xff, 0xb3, 0xff, 0xf9, 0x61, 0xff, 0xec, 0xbf,
    0xff, 0x95, 0x7, 0xff, 0xad, 0xff, 0xfe, 0x58,
    0x7f, 0xfb, 0x3f, 0xff, 0x96, 0x87, 0xff, 0xae,
    0xff, 0xfe, 0x54, 0x1f, 0xfe, 0xcf, 0xff, 0xe5,
    0x87, 0xff, 0xb3, 0xff, 0xf9, 0x68,

    /* U+005D "]" */
    0xf, 0xfe, 0xff, 0xff, 0xf7, 0xaf, 0xff, 0xef,
    0x5f, 0xff, 0xde, 0xbf, 0xff, 0xbd, 0x7f, 0xff,
    0x7a, 0xff, 0xfe, 0xf5, 0xff, 0xfd, 0xeb, 0xff,
    0xfb, 0xd7, 0xff, 0xf7, 0xaf, 0xff, 0xef, 0x5f,
    0xff, 0xde, 0xbf, 0xff, 0xbd, 0x7f, 0xff, 0x7a,
    0xff, 0xfe, 0xf5, 0xff, 0xfd, 0xeb, 0xff, 0xfb,
    0xd7, 0xff, 0xf7, 0xaf, 0xff, 0xef, 0x5f, 0xff,
    0xde, 0xbf, 0xff, 0xbd, 0x7, 0xff, 0x1f, 0xff,
    0xf9, 0x70, 0x7f, 0xf1, 0xff, 0xff, 0x97, 0x7,
    0xff, 0x1f, 0xff, 0xf9, 0x70, 0x7f, 0xf1, 0xff,
    0xff, 0x97, 0x7, 0xff, 0x1f, 0xff, 0xf9, 0x70,
    0x7f, 0xf1, 0xff, 0xff, 0x97, 0x7, 0xff, 0x1f,
    0xff, 0xf9, 0x70, 0x7f, 0xf1, 0xff, 0xff, 0x97,
    0x7, 0xff, 0x1f, 0xff, 0xf9, 0x70, 0x7f, 0xf1,
    0xff, 0xff, 0x97, 0x7, 0xff, 0x1f, 0xff, 0xf9,
    0x70, 0x7f, 0xf1, 0xff, 0xff, 0x97, 0x7, 0xff,
    0x1f, 0xff, 0xf9, 0x70, 0x7f, 0xf1, 0xff, 0xff,
    0x97, 0x7, 0xff, 0x1f, 0xff, 0xf9, 0x70, 0x7f,
    0xf1, 0xff, 0xff, 0x97, 0x7, 0xff, 0x1f, 0xff,
    0xf9, 0x70, 0x7f, 0xf1, 0xff, 0xff, 0x97, 0x7,
    0xff, 0x1f, 0xff, 0xf9, 0x70, 0x7f, 0xf1, 0xff,
    0xff, 0x97, 0x7, 0xff, 0x1f, 0xff, 0xf9, 0x70,
    0x7f, 0xf1, 0xff, 0xff, 0x97, 0x7, 0xff, 0x1f,
    0xff, 0xf9, 0x70, 0x7f, 0xf1, 0xff, 0xff, 0x97,
    0x7, 0xff, 0x1f, 0xff, 0xf9, 0x70, 0x7f, 0xf1,
    0xff, 0xff, 0x97, 0x7, 0xff, 0x1f, 0xff, 0xf9,
    0x70, 0x7f, 0xf1, 0xff, 0xff, 0x97, 0x7, 0xff,
    0x1f, 0xff, 0xf9, 0x70, 0x7f, 0xf1, 0xff, 0xff,
    0x97, 0x7, 0xff, 0x1f, 0xff, 0xf9, 0x70, 0x7f,
    0xf1, 0xff, 0xff, 0x97, 0x7, 0xff, 0x1f, 0xff,
    0xf9, 0x70, 0x7f, 0xf1, 0xff, 0xff, 0x97, 0x7,
    0xff, 0x1f, 0xff, 0xf9, 0x70, 0x7f, 0xf1, 0xff,
    0xff, 0x97, 0x7, 0xff, 0x1f, 0xff, 0xf9, 0x70,
    0x7f, 0xf1, 0xff, 0xff, 0x97, 0x7, 0xff, 0x1f,
    0xff, 0xf9, 0x70, 0x7f, 0xf1, 0xff, 0xff, 0x97,
    0x7, 0xff, 0x1f, 0xff, 0xf9, 0x70, 0x7f, 0xf1,
    0xff, 0xff, 0x97, 0x7, 0xff, 0x1f, 0xff, 0xf9,
    0x70, 0x7f, 0xf1, 0xff, 0xff, 0x97, 0x7, 0xff,
    0x1f, 0xff, 0xf9, 0x70, 0x7f, 0xf1, 0xff, 0xff,
    0x97, 0x7, 0xff, 0x1f, 0xff, 0xf9, 0x70, 0x7f,
    0xf1, 0xff, 0xff, 0x97, 0x7, 0xff, 0x1f, 0xff,
    0xf9, 0x70, 0x7f, 0xf1, 0xff, 0xff, 0x97, 0x7,
    0xff, 0x1f, 0xff, 0xf9, 0x70, 0x7f, 0xf1, 0xff,
    0xff, 0x97, 0x7, 0xff, 0x1f, 0xff, 0xf9, 0x70,
    0x7f, 0xf1, 0xff, 0xff, 0x97, 0x7, 0xff, 0x1f,
    0xff, 0xf9, 0x70, 0x7f, 0xf1, 0xff, 0xff, 0x97,
    0x7, 0xff, 0x1f, 0xff, 0xf9, 0x70, 0x7f, 0xf1,
    0xff, 0xff, 0x97, 0x7, 0xff, 0x1f, 0xff, 0xf9,
    0x70, 0x7f, 0xf1, 0xff, 0xff, 0x97, 0x7, 0xff,
    0x1f, 0xff, 0xf9, 0x70, 0x7f, 0xf1, 0xff, 0xff,
    0x97, 0x7, 0xff, 0x1f, 0xff, 0xf9, 0x70, 0x7f,
    0xf1, 0xff, 0xff, 0x97, 0x7, 0xff, 0x1f, 0xff,
    0xf9, 0x70, 0x7f, 0xf1, 0xff, 0xff, 0x97, 0x7,
    0xff, 0x1f, 0xff, 0xf9, 0x70, 0x7f, 0xf1, 0xff,
    0xff, 0x97, 0x7, 0xff, 0x1f, 0xff, 0xf9, 0x70,
    0x7f, 0xf1, 0xff, 0xff, 0x97, 0x7, 0xff, 0x1f,
    0xff, 0xf9, 0x70, 0x7f, 0xf1, 0xff, 0xff, 0x97,
    0x7, 0xff, 0x1f, 0xff, 0xf9, 0x70, 0x7f, 0xf1,
    0xff, 0xff, 0x97, 0x7, 0xff, 0x1f, 0xff, 0xf9,
    0x70, 0x7f, 0xf1, 0xff, 0xff, 0x97, 0x7, 0xff,
    0x1f, 0xff, 0xf9, 0x70, 0x7f, 0xf1, 0xff, 0xff,
    0x97, 0x7, 0xff, 0x1f, 0xff, 0xf9, 0x70, 0x7f,
    0xf1, 0xff, 0xff, 0x97, 0x7, 0xff, 0x1f, 0xff,
    0xf9, 0x70, 0x7f, 0xf1, 0xff, 0xff, 0x97, 0x7,
    0xff, 0x1f, 0xff, 0xf9, 0x70, 0x7f, 0xf1, 0xff,
    0xff, 0x97, 0x7, 0xff, 0x1f, 0xff, 0xf9, 0x70,
    0x7f, 0xf1, 0xff, 0xff, 0x97, 0x7, 0xff, 0x1f,
    0xff, 0xf9, 0x70, 0x7f, 0xf1, 0xff, 0xff, 0x97,
    0x7, 0xff, 0x1f, 0xff, 0xf9, 0x70, 0x7f, 0xf1,
    0xff, 0xff, 0x97, 0x7, 0xff, 0x1f, 0xff, 0xf9,
    0x70, 0x7f, 0xf1, 0xff, 0xff, 0x97, 0x7, 0xff,
    0x1f, 0xff, 0xf9, 0x70, 0x7f, 0xf1, 0xff, 0xff,
    0x97, 0x7, 0xff, 0x1f, 0xff, 0xf9, 0x70, 0x7f,
    0xf1, 0xff, 0xff, 0x97, 0x7, 0xff, 0x1f, 0xff,
    0xf9, 0x70, 0x7f, 0xf1, 0xff, 0xff, 0x97, 0x7,
    0xff, 0x1f, 0xff, 0xf9, 0x70, 0x7f, 0xf1, 0xff,
    0xff, 0x97, 0x7, 0xff, 0x1f, 0xff, 0xf9, 0x70,
    0x7f, 0xf1, 0xff, 0xff, 0x97, 0x7, 0xff, 0x1f,
    0xff, 0xf9, 0x70, 0x7f, 0xf1, 0xff, 0xff, 0x97,
    0x7, 0xff, 0x1f, 0xff, 0xf9, 0x70, 0x7f, 0xf1,
    0xff, 0xff, 0x97, 0x7, 0xff, 0x1f, 0xff, 0xf9,
    0x70, 0x7f, 0xf1, 0xff, 0xff, 0x97, 0x7, 0xff,
    0x1f, 0xff, 0xf9, 0x70, 0x7f, 0xf1, 0xff, 0xff,
    0x97, 0x7, 0xff, 0x1f, 0xff, 0xf9, 0x70, 0x7f,
    0xf1, 0xff, 0xff, 0x97, 0x7, 0xff, 0x1f, 0xff,
    0xf9, 0x70, 0x7f, 0xf1, 0xff, 0xff, 0x97, 0x7,
    0xff, 0x1f, 0xff, 0xf9, 0x70, 0x7f, 0xf1, 0xff,
    0xff, 0x97, 0x7, 0xff, 0x1f, 0xff, 0xf9, 0x70,
    0x7f, 0xf1, 0xff, 0xff, 0x97, 0x7, 0xff, 0x1f,
    0xff, 0xf9, 0x70, 0x7f, 0xf1, 0xff, 0xff, 0x97,
    0x7, 0xff, 0x1f, 0xff, 0xf9, 0x70, 0x7f, 0xf1,
    0xff, 0xff, 0x97, 0x7, 0xff, 0x1f, 0xff, 0xf9,
    0x70, 0x7f, 0xf1, 0xff, 0xff, 0x97, 0x7, 0xff,
    0x1f, 0xff, 0xf9, 0x70, 0x7f, 0xf1, 0xff, 0xff,
    0x97, 0x7, 0xff, 0x1f, 0xff, 0xf9, 0x70, 0x7f,
    0xf1, 0xff, 0xff, 0x97, 0x7, 0xff, 0x1f, 0xff,
    0xf9, 0x70, 0x7f, 0xf1, 0xff, 0xff, 0x97, 0x7,
    0xff, 0x1f, 0xff, 0xf9, 0x70, 0x7f, 0xf1, 0xff,
    0xff, 0x97, 0x7, 0xff, 0x1f, 0xff, 0xf9, 0x70,
    0x7f, 0xf1, 0xff, 0xff, 0x97, 0x7, 0xff, 0x1f,
    0xff, 0xf9, 0x70, 0x7f, 0xf1, 0xff, 0xff, 0x97,
    0x7, 0xff, 0x1f, 0xff, 0xf9, 0x70, 0x7f, 0xf1,
    0xff, 0xff, 0x97, 0x7, 0xff, 0x1f, 0xff, 0xf9,
    0x70, 0x7f, 0xf1, 0xff, 0xff, 0x97, 0x7, 0xff,
    0x1f, 0xff, 0xf9, 0x70, 0x7f, 0xf1, 0xff, 0xff,
    0x97, 0x7, 0xff, 0x1f, 0xff, 0xf9, 0x70, 0x7f,
    0xf1, 0xff, 0xff, 0x97, 0x7f, 0xff, 0x7a, 0xff,
    0xfe, 0xf5, 0xff, 0xfd, 0xeb, 0xff, 0xfb, 0xd7,
    0xff, 0xf7, 0xaf, 0xff, 0xef, 0x5f, 0xff, 0xde,
    0xbf, 0xff, 0xbd, 0x7f, 0xff, 0x7a, 0xff, 0xfe,
    0xf5, 0xff, 0xfd, 0xeb, 0xff, 0xfb, 0xd7, 0xff,
    0xf7, 0xaf, 0xff, 0xef, 0x5f, 0xff, 0xde, 0xbf,
    0xff, 0xbd, 0x7f, 0xff, 0x7a, 0xff, 0xfe, 0xf5,
    0xff, 0xfd, 0xeb, 0xff, 0xfb, 0xd0,

    /* U+005E "^" */
    0xf, 0xff, 0x17, 0xff, 0xf1, 0xa0, 0xff, 0xff,
    0x87, 0xff, 0x11, 0xff, 0xfe, 0x38, 0x7f, 0xff,
    0xc3, 0xff, 0x89, 0xff, 0xfc, 0x90, 0xff, 0xff,
    0x87, 0xff, 0xa, 0xff, 0xfe, 0x4a, 0x1f, 0xff,
    0xf0, 0xff, 0xe0, 0xff, 0xff, 0x2c, 0x3f, 0xff,
    0xe1, 0xff, 0xc0, 0xbf, 0xff, 0x96, 0x87, 0xff,
    0xfc, 0x3f, 0xef, 0xff, 0xe6, 0x87, 0xff, 0xfc,
    0x3f, 0xd7, 0xff, 0xf3, 0x60, 0xff, 0xff, 0x87,
    0xe7, 0xff, 0xf9, 0xe1, 0xff, 0xff, 0xf, 0xdf,
    0xff, 0xd0, 0x83, 0xff, 0xfe, 0x1e, 0x7f, 0xff,
    0xa2, 0x1f, 0xff, 0xf0, 0xf7, 0xff, 0xf4, 0xc3,
    0xff, 0xfe, 0x19, 0xff, 0xfe, 0x9a, 0x1f, 0xff,
    0xf0, 0xbf, 0xff, 0xaa, 0x1f, 0xff, 0xf0, 0x5f,
    0xff, 0xd5, 0x43, 0xff, 0xfe, 0x7f, 0xff, 0x5c,
    0x3f, 0xff, 0xf7, 0xff, 0xf5, 0xe0, 0xff, 0xfe,
    0xbf, 0xff, 0xd9, 0xf, 0xff, 0xef, 0xff, 0xf6,
    0xa0, 0xff, 0xfd, 0xbf, 0xff, 0xdb, 0xf, 0xff,
    0xdf, 0xff, 0xf7, 0x43, 0xff, 0xf2, 0xff, 0xff,
    0x75, 0xf, 0xff, 0xc7, 0xff, 0xf7, 0xc3, 0xff,
    0xef, 0x7f, 0xff, 0x26, 0xff, 0xfe, 0x4a, 0x1f,
    0xff, 0x6f, 0xff, 0xe5, 0x17, 0xff, 0xf2, 0x43,
    0xff, 0xeb, 0x7f, 0xff, 0x25, 0x7, 0xff, 0xf2,
    0x60, 0xff, 0xfa, 0x7f, 0xff, 0x28, 0x2b, 0xff,
    0xf9, 0x21, 0xff, 0xf3, 0xff, 0xfe, 0x52, 0x1b,
    0xff, 0xf9, 0x30, 0x7f, 0xfc, 0x5f, 0xff, 0xe5,
    0x7, 0x5f, 0xff, 0xc9, 0xf, 0xff, 0x8f, 0xff,
    0xf2, 0x83, 0xef, 0xff, 0xe5, 0x7, 0xff, 0xbd,
    0xff, 0xfe, 0x4c, 0x1f, 0x5f, 0xff, 0xc9, 0x43,
    0xff, 0xdd, 0xff, 0xfc, 0xa0, 0xfe, 0xff, 0xfe,
    0x50, 0x7f, 0xfb, 0x6f, 0xff, 0xe4, 0xc1, 0xfc,
    0xff, 0xff, 0x25, 0xf, 0xff, 0x67, 0xff, 0xf2,
    0x83, 0xfe, 0xff, 0xfe, 0x50, 0x7f, 0xfa, 0xef,
    0xff, 0xe4, 0xc1, 0xff, 0x3f, 0xff, 0xc9, 0x83,
    0xff, 0xd5, 0xff, 0xfc, 0xa0, 0xff, 0xe0, 0xff,
    0xff, 0x28, 0x3f, 0xfd, 0x37, 0xff, 0xf2, 0x50,
    0xff, 0xe0, 0xbf, 0xff, 0xc9, 0x83, 0xff, 0xce,
    0xff, 0xff, 0x28, 0x3f, 0xf8, 0x7f, 0xff, 0xca,
    0xf, 0xff, 0x3f, 0xff, 0xf2, 0x90, 0xff, 0xe1,
    0xbf, 0xff, 0xc9, 0x83, 0xff, 0xca, 0xff, 0xff,
    0x28, 0x3f, 0xf8, 0xbf, 0xff, 0xca, 0x43, 0xff,
    0xc9, 0xff, 0xfc, 0xa4, 0x3f, 0xf8, 0xdf, 0xff,
    0xca, 0xf, 0xff, 0x1d, 0xff, 0xfc, 0xa0, 0xff,
    0xe3, 0xdf, 0xff, 0xc9, 0x43, 0xff, 0xc5, 0xff,
    0xfc, 0xa4, 0x3f, 0xf9, 0x1f, 0xff, 0xca, 0xf,
    0xff, 0xd, 0xff, 0xfc, 0x98, 0x3f, 0xf9, 0x37,
    0xff, 0xf2, 0x60, 0xff, 0xf0, 0x7f, 0xff, 0x28,
    0x3f, 0xf9, 0x7f, 0xff, 0xca, 0xf, 0xfe, 0xfd,
    0xff, 0xfc, 0x98, 0x3f, 0xf9, 0x77, 0xff, 0xf2,
    0x60, 0xff, 0xee, 0xbf, 0xff, 0xca, 0xf, 0xfe,
    0x6f, 0xff, 0xf2, 0x83, 0xff, 0xbb, 0xff, 0xfc,
    0xa8, 0x3f, 0xf9, 0xaf, 0xff, 0xf2, 0x60, 0xff,
    0xed, 0xbf, 0xff, 0xca, 0xf, 0xfe, 0x7f, 0xff,
    0xf2, 0x90, 0xff, 0xed, 0x7f, 0xff, 0x2a, 0xf,
    0xfe, 0x7b, 0xff, 0xfc, 0xa0, 0xff, 0xec, 0xbf,
    0xff, 0xca, 0xf, 0xfe, 0x8f, 0xff, 0xf2, 0x90,
    0xff, 0xec, 0x7f, 0xff, 0x29, 0xf, 0xfe, 0x8b,
    0xff, 0xfc, 0xa0, 0xff, 0xeb, 0xdf, 0xff, 0xca,
    0xf, 0xfe, 0x9f, 0xff, 0xf2, 0xa0, 0xff, 0xeb,
    0x7f, 0xff, 0x29, 0xf, 0xfe, 0x9b, 0xff, 0xfc,
    0xa0, 0xff, 0xea, 0xdf, 0xff, 0xca, 0xf, 0xfe,
    0xaf, 0xff, 0xf2, 0xa0, 0xff, 0xea, 0x7f, 0xff,
    0x29, 0xf, 0xfe, 0xb7, 0xff, 0xf2, 0x83, 0xff,
    0xa7, 0xff, 0xfc, 0xb0, 0xff, 0xeb, 0xdf, 0xff,
    0xc9, 0x83, 0xff, 0xa2, 0xff, 0xff, 0x28, 0x3f,
    0xfb, 0x3f, 0xff, 0xca, 0x43, 0xff, 0xa1, 0xff,
    0xfc, 0xa8, 0x3f, 0xfb, 0x37, 0xff, 0xf2, 0x83,
    0xff, 0x9e, 0xff, 0xff, 0x28, 0x3f, 0xfb, 0x7f,
    0xff, 0xca, 0x43, 0xff, 0x9d, 0xff, 0xfc, 0xa8,
    0x3f, 0xfb, 0x77, 0xff, 0xf2, 0x83, 0xff, 0x9b,
    0x7f, 0xff, 0x28, 0x3f, 0xfb, 0xbf, 0xff, 0xca,
    0x43, 0xff, 0x99, 0xff, 0xfc, 0xa8, 0x3f, 0xfb,
    0xb7, 0xff, 0xf2, 0x83, 0xff, 0x97, 0x7f, 0xff,
    0x28, 0x3f, 0xfb, 0xff, 0xff, 0xca, 0x83, 0xff,
    0x95, 0xff, 0xfc, 0xa4, 0x3f, 0xfb, 0xef, 0xff,
    0xf2, 0x83, 0xff, 0x93, 0x7f, 0xff, 0x28, 0x3f,
    0xfc, 0x3f, 0xff, 0xca, 0x83, 0xff, 0x8e, 0xff,
    0xff, 0x29, 0xf, 0xff, 0xb, 0xff, 0xfc, 0xa4,
    0x3f, 0xf8, 0xdf, 0xff, 0xcb, 0xf, 0xff, 0x1f,
    0xff, 0xf2, 0xc3, 0xff, 0x8a, 0xff, 0xff, 0x29,
    0xf, 0xff, 0x1b, 0xff, 0xfc, 0xa4, 0x3f, 0xf8,
    0x9f, 0xff, 0xcb, 0xf, 0xff, 0x2f, 0xff, 0xf2,
    0xc3, 0xff, 0x87, 0x7f, 0xff, 0x29, 0xf, 0xff,
    0x37, 0xff, 0xf2, 0x90, 0xff, 0xe1, 0x7f, 0xff,
    0x2c, 0x3f, 0xfc, 0xf7, 0xff, 0xf2, 0x83, 0xff,
    0x83, 0x7f, 0xff, 0x28, 0x3f, 0xfd, 0x3f, 0xff,
    0xca, 0x83, 0xff, 0x81, 0xff, 0xfc, 0xa8, 0x3f,
    0xfd, 0x37, 0xff, 0xf2, 0x83, 0xfe, 0xbf, 0xff,
    0x94, 0x1f, 0xfe, 0xbf, 0xff, 0xe5, 0x41, 0xfc,
    0xff, 0xff, 0x2a, 0xf, 0xff, 0x5d, 0xff, 0xfc,
    0xa0, 0xfe, 0xff, 0xfe, 0x58, 0x7f, 0xfb, 0x7f,
    0xff, 0x96, 0x1f, 0x3f, 0xff, 0xca, 0x83, 0xff,
    0xdb, 0x7f, 0xff, 0x29, 0xf, 0x7f, 0xff, 0x2c,
    0x3f, 0xfd, 0xff, 0xff, 0xcb, 0xe, 0x7f, 0xff,
    0x94, 0x87, 0xff, 0xbd, 0xff, 0xfe, 0x52, 0x1b,
    0xff, 0xf9, 0x61, 0xff, 0xf1, 0xff, 0xfe, 0x58,
    0x57, 0xff, 0xf2, 0x90, 0xff, 0xf8, 0xbf, 0xff,
    0xca, 0x81, 0xff, 0xfc, 0xb0, 0xff, 0xf9, 0xff,
    0xff, 0x2c,

    /* U+005F "_" */
    0xbf, 0xff, 0xff, 0xff, 0xfd, 0x42, 0xff, 0xff,
    0xff, 0xff, 0xf5, 0xb, 0xff, 0xff, 0xff, 0xff,
    0xd4, 0x2f, 0xff, 0xff, 0xff, 0xff, 0x50, 0xbf,
    0xff, 0xff, 0xff, 0xfd, 0x42, 0xff, 0xff, 0xff,
    0xff, 0xf5, 0xb, 0xff, 0xff, 0xff, 0xff, 0xd4,
    0x2f, 0xff, 0xff, 0xff, 0xff, 0x50, 0xbf, 0xff,
    0xff, 0xff, 0xfd, 0x42, 0xff, 0xff, 0xff, 0xff,
    0xf5, 0xb, 0xff, 0xff, 0xff, 0xff, 0xd4, 0x2f,
    0xff, 0xff, 0xff, 0xff, 0x50, 0xbf, 0xff, 0xff,
    0xff, 0xfd, 0x42, 0xff, 0xff, 0xff, 0xff, 0xf5,
    0xb, 0xff, 0xff, 0xff, 0xff, 0xd4, 0x2f, 0xff,
    0xff, 0xff, 0xff, 0x50, 0xbf, 0xff, 0xff, 0xff,
    0xfd, 0x42, 0xff, 0xff, 0xff, 0xff, 0xf5, 0xb,
    0xff, 0xff, 0xff, 0xff, 0xd4, 0x0,

    /* U+0060 "`" */
    0x17, 0xff, 0x98, 0x1f, 0xfc, 0x8b, 0xff, 0xf9,
    0x68, 0x7f, 0xf2, 0x3f, 0xff, 0x98, 0x1f, 0xfc,
    0x87, 0xff, 0xf9, 0x70, 0x7f, 0xf2, 0x2f, 0xff,
    0xe5, 0x87, 0xff, 0x27, 0xff, 0xf9, 0x70, 0x7f,
    0xf2, 0x7f, 0xff, 0x96, 0x87, 0xff, 0x21, 0xff,
    0xfe, 0x58, 0x7f, 0xf2, 0x6f, 0xff, 0xe5, 0x21,
    0xff, 0xc9, 0xff, 0xfe, 0x58, 0x7f, 0xf2, 0xbf,
    0xff, 0x95, 0x7, 0xff, 0x25, 0xff, 0xfe, 0x52,
    0x1f, 0xfc, 0x9b, 0xff, 0xf9, 0x41, 0xff, 0xca,
    0xff, 0xfe, 0x52, 0x1f, 0xfc, 0x97, 0xff, 0xf9,
    0x41, 0xff, 0xca, 0xbf, 0xff, 0x93, 0x7, 0xff,
    0x2b, 0xff, 0xf9, 0x41, 0xff, 0xcb, 0xff, 0xfe,
    0x50, 0x7f, 0xf2, 0x9f, 0xff, 0xe4, 0xa1, 0xff,
    0xca, 0xbf, 0xff, 0x92, 0x1f, 0xfc, 0xbf, 0xff,
    0xe4, 0xc1, 0xff, 0xcb, 0xff, 0xfe, 0x48, 0x7f,
    0xf2, 0xdf, 0xff, 0xe4, 0x87, 0xff, 0x2f, 0xff,
    0xf9, 0x28, 0x7f, 0xf2, 0xff, 0xff, 0x92, 0x1f,
    0xfc, 0xb7, 0xff, 0xf9, 0x10, 0x7f, 0xf2, 0xef,
    0xff, 0xe4, 0x7, 0xff, 0x33, 0xff, 0xf9, 0x10,
    0x7f, 0xf3, 0x3f, 0xff, 0x90, 0x87, 0xff, 0x2d,
    0xff, 0xfe, 0x40, 0x7f, 0xf3, 0x2f, 0xff, 0xe3,
    0xc1, 0xff, 0xcc, 0xff, 0xfe, 0x40,

    /* U+0061 "a" */
    0xf, 0xfe, 0xf2, 0xab, 0xbe, 0xac, 0xa0, 0xff,
    0xfe, 0x2a, 0xff, 0xfe, 0x55, 0x10, 0xff, 0xf9,
    0xbf, 0xff, 0xd4, 0x43, 0xff, 0xdb, 0x7f, 0xff,
    0x69, 0xf, 0xff, 0x3b, 0xff, 0xfd, 0xf8, 0x3f,
    0xfc, 0x77, 0xff, 0xf8, 0xe0, 0xff, 0xef, 0xdf,
    0xff, 0xe7, 0x43, 0xff, 0xb7, 0x7f, 0xff, 0xac,
    0x3f, 0xfb, 0xf, 0xff, 0xfb, 0x90, 0xff, 0xea,
    0xff, 0xff, 0xc6, 0xf, 0xfe, 0x95, 0xff, 0xff,
    0x40, 0xff, 0xe7, 0xbf, 0xff, 0xf7, 0xf, 0xfe,
    0x6d, 0xff, 0xff, 0x90, 0xff, 0xe5, 0xdf, 0xff,
    0xfb, 0xf, 0xfe, 0x4f, 0xff, 0xff, 0x83, 0xff,
    0x8c, 0xff, 0xff, 0xfe, 0xf, 0xfe, 0x23, 0xff,
    0xff, 0xff, 0x21, 0xff, 0xc2, 0x7f, 0xff, 0xff,
    0xf8, 0x3f, 0xf8, 0x57, 0xff, 0xff, 0xff, 0x41,
    0xff, 0xc2, 0xff, 0xff, 0xff, 0xf0, 0x7f, 0xf0,
    0xff, 0xff, 0xa9, 0x45, 0x7, 0xe6, 0xff, 0xfe,
    0xb0, 0x7f, 0xf0, 0xff, 0xff, 0x9f, 0x21, 0xff,
    0xc6, 0x7f, 0xff, 0xa6, 0x87, 0xff, 0xf, 0xff,
    0xf9, 0x72, 0x1f, 0xfc, 0xb7, 0xff, 0xfa, 0x41,
    0xff, 0xc3, 0x7f, 0xff, 0x91, 0x7, 0xff, 0x42,
    0xff, 0xfe, 0x80, 0x7f, 0xf1, 0x1f, 0xff, 0xe2,
    0xc1, 0xff, 0xd3, 0x7f, 0xff, 0x9f, 0x7, 0xff,
    0x12, 0xff, 0xfe, 0x1a, 0x1f, 0xfd, 0x57, 0xff,
    0xf9, 0xe1, 0xff, 0xc5, 0xbf, 0xff, 0x81, 0x7,
    0xff, 0x61, 0xff, 0xfe, 0x72, 0x1f, 0xfc, 0x5b,
    0xff, 0xc1, 0xff, 0xdb, 0xbf, 0xff, 0x9b, 0x7,
    0xff, 0x1b, 0xff, 0x41, 0xff, 0xdd, 0xff, 0xfe,
    0x70, 0x7f, 0xf1, 0xff, 0xc8, 0x7f, 0xf7, 0xff,
    0xff, 0x9a, 0x1f, 0xfc, 0x8f, 0xc8, 0x7f, 0xf8,
    0x2f, 0xff, 0xe6, 0x21, 0xff, 0xc8, 0xf0, 0x7f,
    0xf8, 0x9f, 0xff, 0xe6, 0x41, 0xff, 0xc8, 0x43,
    0xff, 0xc9, 0xff, 0xfc, 0xc8, 0x3f, 0xff, 0x37,
    0xff, 0xf3, 0x3, 0xff, 0xf2, 0xff, 0xff, 0x30,
    0x3f, 0xff, 0x5f, 0xff, 0xcc, 0xf, 0xff, 0xd7,
    0xff, 0xf3, 0x3, 0xff, 0xf5, 0xff, 0xfc, 0xc0,
    0xff, 0xfd, 0x5f, 0xff, 0xcb, 0xf, 0xff, 0xd5,
    0xff, 0xfc, 0xb0, 0xff, 0xfd, 0x5f, 0xff, 0xcb,
    0xf, 0xff, 0xd5, 0xff, 0xfc, 0xb0, 0xff, 0xfd,
    0x5f, 0xff, 0xcb, 0xf, 0xfe, 0xba, 0xaa, 0xff,
    0xfa, 0xa5, 0x7, 0xff, 0xa, 0xff, 0xfe, 0x58,
    0x7f, 0xf4, 0x9b, 0xff, 0xf9, 0xf2, 0x1f, 0xd7,
    0xff, 0xf2, 0xc3, 0xff, 0x9f, 0x7f, 0xff, 0x5e,
    0x43, 0xaf, 0xff, 0xe5, 0x87, 0xff, 0x32, 0xff,
    0xfe, 0xec, 0x82, 0xff, 0xfe, 0x58, 0x7f, 0xf2,
    0xaf, 0xff, 0xf1, 0x53, 0xff, 0xf9, 0x61, 0xff,
    0xc8, 0xff, 0xff, 0xf0, 0x7f, 0xf1, 0xaf, 0xff,
    0xff, 0x87, 0xff, 0x12, 0xff, 0xff, 0xff, 0x83,
    0xff, 0x87, 0xff, 0xff, 0xff, 0xc1, 0xff, 0xc1,
    0x7f, 0xff, 0xff, 0xfc, 0x1f, 0xfc, 0xb, 0xff,
    0xff, 0xff, 0xe0, 0xff, 0xaf, 0xff, 0xff, 0xff,
    0xc1, 0xfe, 0xbf, 0xff, 0xff, 0xff, 0x83, 0xfa,
    0xff, 0xff, 0xff, 0xff, 0x7, 0xeb, 0xff, 0xff,
    0xff, 0xfe, 0xf, 0x9f, 0xff, 0xff, 0xff, 0xfc,
    0x1f, 0x7f, 0xff, 0x56, 0x50, 0x7f, 0x95, 0x4f,
    0xff, 0xec, 0x87, 0xbf, 0xff, 0xa5, 0x21, 0xff,
    0xca, 0x6f, 0xff, 0xea, 0x7, 0x3f, 0xff, 0xd0,
    0x83, 0xff, 0xa2, 0xdf, 0xff, 0xd0, 0xe, 0xff,
    0xfe, 0x7c, 0x1f, 0xfd, 0x67, 0xff, 0xf9, 0xc1,
    0xaf, 0xff, 0xe7, 0x21, 0xff, 0xd9, 0x7f, 0xff,
    0x98, 0x1b, 0xff, 0xf9, 0xc1, 0xff, 0xdc, 0xbf,
    0xff, 0x96, 0x13, 0xff, 0xfc, 0xd0, 0xff, 0xee,
    0xdf, 0xff, 0xcb, 0xb, 0xff, 0xf9, 0xa8, 0x7f,
    0xf7, 0x6f, 0xff, 0xe5, 0x85, 0xff, 0xfc, 0xd0,
    0xff, 0xef, 0x5f, 0xff, 0xcb, 0x3, 0xff, 0xfc,
    0xc0, 0xff, 0xef, 0xdf, 0xff, 0xcb, 0x5, 0xff,
    0xfc, 0xc0, 0xff, 0xef, 0xdf, 0xff, 0xcb, 0x7,
    0xff, 0xf3, 0x10, 0xff, 0xef, 0xdf, 0xff, 0xcb,
    0x7, 0xff, 0xf3, 0x3, 0xff, 0xc1, 0x7f, 0xff,
    0x2c, 0x1f, 0xff, 0xcc, 0xf, 0xff, 0x7, 0xff,
    0xf3, 0x7, 0xff, 0xf9, 0x81, 0xff, 0xe0, 0xff,
    0xfe, 0x60, 0xff, 0xff, 0x30, 0x3f, 0xfc, 0x1f,
    0xff, 0xcc, 0x1f, 0xff, 0xe6, 0x7, 0xff, 0x7d,
    0xff, 0xfe, 0x61, 0x7f, 0xff, 0x30, 0x3f, 0xfb,
    0xff, 0xff, 0xcd, 0x2f, 0xff, 0xe6, 0x7, 0xff,
    0x7f, 0xff, 0xf9, 0xa5, 0xff, 0xfc, 0xc0, 0xff,
    0xef, 0x5f, 0xff, 0xcd, 0x2f, 0xff, 0xe6, 0x21,
    0xff, 0xdc, 0x7f, 0xff, 0x9c, 0x3f, 0xff, 0xcc,
    0x83, 0xff, 0xb9, 0xff, 0xfc, 0xf1, 0xff, 0xfe,
    0x68, 0x7f, 0xf6, 0xff, 0xff, 0xa0, 0x3f, 0xff,
    0xcd, 0x43, 0xff, 0xb3, 0xff, 0xfd, 0x10, 0x7f,
    0xff, 0x38, 0x3f, 0xfb, 0x1f, 0xff, 0xd2, 0x7,
    0xff, 0xf3, 0xa0, 0xff, 0xeb, 0x7f, 0xff, 0x4c,
    0x17, 0xff, 0xf3, 0x90, 0xff, 0xe9, 0xbf, 0xff,
    0xd4, 0x3, 0xff, 0xfc, 0xf4, 0x3f, 0xfa, 0x3f,
    0xff, 0xd6, 0xb, 0xff, 0xfa, 0x10, 0x7f, 0xf3,
    0xaf, 0xff, 0xeb, 0x85, 0xff, 0xfd, 0x24, 0x3f,
    0xf9, 0x2d, 0xff, 0xfd, 0x90, 0x9f, 0xff, 0xe9,
    0xc1, 0xff, 0xc4, 0x6f, 0xff, 0xee, 0x6, 0xff,
    0xfe, 0xb5, 0x14, 0x12, 0xd4, 0xff, 0xff, 0x0,
    0x6b, 0xff, 0xff, 0xff, 0xff, 0xc2, 0xe, 0xff,
    0xff, 0xff, 0xff, 0xf0, 0x83, 0xaf, 0xff, 0xff,
    0xff, 0xff, 0x4, 0x3d, 0xff, 0xff, 0x49, 0xff,
    0xfe, 0x50, 0x7d, 0xff, 0xff, 0x31, 0xff, 0xfe,
    0x50, 0x7c, 0xff, 0xff, 0xc4, 0xf, 0xff, 0xf2,
    0x83, 0xf5, 0xff, 0xfe, 0xf4, 0xf, 0xff, 0xf2,
    0x83, 0xfa, 0xff, 0xff, 0x6a, 0x13, 0xff, 0xfc,
    0xa0, 0xff, 0x5f, 0xff, 0xeb, 0x43, 0x3f, 0xff,
    0xca, 0xf, 0xfa, 0xff, 0xff, 0x4a, 0x1c, 0xff,
    0xff, 0x28, 0x3f, 0xf8, 0x17, 0xff, 0xf9, 0xc3,
    0xe7, 0xff, 0xf9, 0x41, 0xff, 0xc1, 0x7f, 0xff,
    0xc9, 0x7, 0xe7, 0xff, 0xf9, 0x41, 0xff, 0xc3,
    0xff, 0xff, 0x12, 0x1f, 0xcf, 0xff, 0xf2, 0x83,
    0xff, 0x88, 0xff, 0xff, 0x7a, 0xf, 0xf9, 0xff,
    0xfe, 0x50, 0x7f, 0xf1, 0x9f, 0xff, 0xed, 0x41,
    0xff, 0xc1, 0x7f, 0xff, 0x94, 0x1f, 0xfc, 0x87,
    0xff, 0xfa, 0xd0, 0x7f, 0xf0, 0xdf, 0xff, 0xe5,
    0x7, 0xff, 0x29, 0xbf, 0xff, 0xa1, 0x21, 0xff,
    0xc5, 0x7f, 0xff, 0x94, 0x1f, 0xfc, 0xd6, 0xff,
    0xfe, 0x54, 0x87, 0xff, 0xf5, 0xa7, 0xff, 0xa8,
    0xa0, 0xff, 0xf2, 0x0,

    /* U+0062 "b" */
    0x3f, 0xff, 0x98, 0x1f, 0xff, 0xf0, 0xfb, 0xff,
    0xf9, 0x81, 0xff, 0xff, 0xf, 0xbf, 0xff, 0x98,
    0x1f, 0xff, 0xf0, 0xfb, 0xff, 0xf9, 0x81, 0xff,
    0xff, 0xf, 0xbf, 0xff, 0x98, 0x1f, 0xff, 0xf0,
    0xfb, 0xff, 0xf9, 0x81, 0xff, 0xff, 0xf, 0xbf,
    0xff, 0x98, 0x1f, 0xff, 0xf0, 0xfb, 0xff, 0xf9,
    0x81, 0xff, 0xff, 0xf, 0xbf, 0xff, 0x98, 0x1f,
    0xff, 0xf0, 0xfb, 0xff, 0xf9, 0x81, 0xff, 0xff,
    0xf, 0xbf, 0xff, 0x98, 0x1f, 0xff, 0xf0, 0xfb,
    0xff, 0xf9, 0x81, 0xff, 0xff, 0xf, 0xbf, 0xff,
    0x98, 0x1f, 0xff, 0xf0, 0xfb, 0xff, 0xf9, 0x81,
    0xff, 0xff, 0xf, 0xbf, 0xff, 0x98, 0x1f, 0xff,
    0xf0, 0xfb, 0xff, 0xf9, 0x81, 0xff, 0xff, 0xf,
    0xbf, 0xff, 0x98, 0x1f, 0xff, 0xf0, 0xfb, 0xff,
    0xf9, 0x81, 0xff, 0xff, 0xf, 0xbf, 0xff, 0x98,
    0x1f, 0xff, 0xf0, 0xfb, 0xff, 0xf9, 0x81, 0xff,
    0xff, 0xf, 0xbf, 0xff, 0x98, 0x1f, 0xff, 0xf0,
    0xfb, 0xff, 0xf9, 0x81, 0xff, 0xff, 0xf, 0xbf,
    0xff, 0x98, 0x1f, 0xff, 0xf0, 0xfb, 0xff, 0xf9,
    0x81, 0xff, 0xff, 0xf, 0xbf, 0xff, 0x98, 0x1f,
    0xff, 0xf0, 0xfb, 0xff, 0xf9, 0x81, 0xff, 0xff,
    0xf, 0xbf, 0xff, 0x98, 0x1f, 0xff, 0xf0, 0xfb,
    0xff, 0xf9, 0x81, 0xff, 0xff, 0xf, 0xbf, 0xff,
    0x98, 0x1f, 0xff, 0xf0, 0xfb, 0xff, 0xf9, 0x81,
    0xff, 0xff, 0xf, 0xbf, 0xff, 0x98, 0x1f, 0xff,
    0xf0, 0xfb, 0xff, 0xf9, 0x81, 0xff, 0xff, 0xf,
    0xbf, 0xff, 0x98, 0x1f, 0xff, 0xf0, 0xfb, 0xff,
    0xf9, 0x81, 0xff, 0xff, 0xf, 0xbf, 0xff, 0x98,
    0x1f, 0xff, 0xf0, 0xfb, 0xff, 0xf9, 0x81, 0xff,
    0xff, 0xf, 0xbf, 0xff, 0x98, 0x1f, 0xff, 0xf0,
    0xfb, 0xff, 0xf9, 0x81, 0xff, 0xff, 0xf, 0xbf,
    0xff, 0x98, 0x1f, 0xff, 0xf0, 0xfb, 0xff, 0xf9,
    0x81, 0xff, 0xff, 0xf, 0xbf, 0xff, 0x98, 0x1f,
    0xff, 0xf0, 0xfb, 0xff, 0xf9, 0x81, 0xff, 0xff,
    0xf, 0xbf, 0xff, 0x98, 0x1f, 0xff, 0xf0, 0xfb,
    0xff, 0xf9, 0x81, 0xff, 0xff, 0xf, 0xbf, 0xff,
    0x98, 0x1f, 0xff, 0xf0, 0xfb, 0xff, 0xf9, 0x81,
    0xff, 0xff, 0xf, 0xbf, 0xff, 0x98, 0x1f, 0xfc,
    0xc6, 0x9f, 0xff, 0xc1, 0xa2, 0x1f, 0xfd, 0xbf,
    0xff, 0xe6, 0x7, 0xff, 0x21, 0xbf, 0xff, 0x97,
    0x21, 0xff, 0xd7, 0xff, 0xfe, 0x60, 0x7f, 0xf1,
    0x5b, 0xff, 0xfa, 0x48, 0x7f, 0xf5, 0x3f, 0xff,
    0x98, 0x1f, 0xfc, 0x37, 0xff, 0xfa, 0xf0, 0x7f,
    0xf4, 0xbf, 0xff, 0x98, 0x1f, 0xfc, 0x1b, 0xff,
    0xfb, 0x70, 0x7f, 0xf4, 0x3f, 0xff, 0x98, 0x1f,
    0xf3, 0xff, 0xfd, 0xf8, 0x3f, 0xf9, 0xdf, 0xff,
    0xcc, 0xf, 0xe7, 0xff, 0xfc, 0x70, 0x7f, 0xf3,
    0x3f, 0xff, 0x98, 0x1f, 0xaf, 0xff, 0xf3, 0x7,
    0xff, 0x2f, 0xff, 0xf9, 0x81, 0xf7, 0xff, 0xfa,
    0x50, 0xff, 0xe4, 0xff, 0xff, 0x30, 0x39, 0xff,
    0xff, 0x5c, 0x1f, 0xfc, 0x8f, 0xff, 0xe6, 0x6,
    0x7f, 0xff, 0xdc, 0x1f, 0xfc, 0x7f, 0xff, 0xe6,
    0x5, 0x7f, 0xff, 0xc0, 0x3f, 0xf8, 0xdf, 0xff,
    0xcc, 0x5, 0xff, 0xff, 0x20, 0xff, 0xe2, 0xff,
    0xff, 0x30, 0x7f, 0xff, 0xe8, 0x1f, 0xfc, 0x4f,
    0xff, 0xe6, 0x3f, 0xff, 0xf6, 0xf, 0xfe, 0x1f,
    0xff, 0xff, 0xff, 0xff, 0x8a, 0x1f, 0xfc, 0x2f,
    0xff, 0xff, 0xff, 0xff, 0x16, 0xf, 0xfe, 0xf,
    0xff, 0xff, 0xff, 0xff, 0x8c, 0x87, 0xff, 0x3,
    0xff, 0xff, 0xff, 0xff, 0xc7, 0xf, 0xfe, 0x7,
    0xff, 0xff, 0xff, 0xff, 0x90, 0x1f, 0xf7, 0xff,
    0xff, 0xff, 0xff, 0x90, 0x87, 0xfb, 0xff, 0xfc,
    0x52, 0x1f, 0x2a, 0xff, 0xfe, 0xd0, 0x7f, 0xbf,
    0xff, 0xbd, 0x21, 0xff, 0xc4, 0x7f, 0xff, 0xaf,
    0x7, 0xf7, 0xff, 0xf7, 0x20, 0xff, 0xe5, 0x5f,
    0xff, 0xd5, 0xf, 0xef, 0xff, 0xed, 0x41, 0xff,
    0xce, 0xbf, 0xff, 0xa8, 0x1f, 0xbf, 0xff, 0xb2,
    0x1f, 0xfd, 0x17, 0xff, 0xfa, 0x68, 0x7d, 0xff,
    0xfd, 0x78, 0x3f, 0xfa, 0x9f, 0xff, 0xd3, 0xf,
    0xbf, 0xff, 0xac, 0x87, 0xff, 0x5b, 0xff, 0xfa,
    0x41, 0xf7, 0xff, 0xf5, 0x50, 0xff, 0xec, 0x7f,
    0xff, 0x46, 0xf, 0x7f, 0xff, 0x51, 0xf, 0xfe,
    0xd7, 0xff, 0xf4, 0x43, 0xdf, 0xff, 0xd3, 0x43,
    0xff, 0xb9, 0xff, 0xfd, 0x4, 0x3b, 0xff, 0xfa,
    0x50, 0x7f, 0xf7, 0xbf, 0xff, 0xa0, 0x1d, 0xff,
    0xfd, 0x20, 0xff, 0xef, 0xbf, 0xff, 0xcf, 0xe,
    0xff, 0xfe, 0x88, 0x7f, 0xf8, 0x7f, 0xff, 0x9e,
    0x86, 0xff, 0xfe, 0x82, 0x1f, 0xfe, 0x2f, 0xff,
    0xe7, 0x86, 0xff, 0xfe, 0x80, 0x7f, 0xf8, 0xef,
    0xff, 0xe7, 0x6, 0xff, 0xfe, 0x7a, 0x1f, 0xfe,
    0x4f, 0xff, 0xe7, 0x21, 0x7f, 0xff, 0x3c, 0x3f,
    0xfc, 0xb7, 0xff, 0xf3, 0x60, 0xbf, 0xff, 0x9c,
    0x87, 0xff, 0x95, 0xff, 0xfe, 0x70, 0x5f, 0xff,
    0xce, 0xf, 0xff, 0x3f, 0xff, 0xf3, 0x82, 0xff,
    0xfe, 0x6c, 0x1f, 0xfe, 0x7b, 0xff, 0xf9, 0xa1,
    0x7f, 0xff, 0x34, 0x3f, 0xfd, 0xf, 0xff, 0xf3,
    0x50, 0x7f, 0xff, 0x34, 0x3f, 0xfd, 0x3f, 0xff,
    0xcd, 0x81, 0xff, 0xfc, 0xc8, 0x3f, 0xfd, 0x3f,
    0xff, 0xcd, 0x81, 0xff, 0xfc, 0xc4, 0x3f, 0xfd,
    0x37, 0xff, 0xf3, 0x41, 0xff, 0xfc, 0xc0, 0xff,
    0xf5, 0x3f, 0xff, 0xcd, 0x7, 0xff, 0xf3, 0x3,
    0xff, 0xd7, 0xff, 0xfc, 0xd0, 0x7f, 0xff, 0x30,
    0x3f, 0xfd, 0x7f, 0xff, 0xcd, 0x7, 0xff, 0xf2,
    0xe0, 0xff, 0xf5, 0xff, 0xff, 0x34, 0x1f, 0xff,
    0xcb, 0x43, 0xff, 0xd7, 0xff, 0xfc, 0xd4, 0xff,
    0xfe, 0x5a, 0x1f, 0xfe, 0xbb, 0xff, 0xf9, 0x89,
    0xff, 0xfc, 0xb4, 0x3f, 0xfd, 0x77, 0xff, 0xf3,
    0x13, 0xff, 0xf9, 0x68, 0x7f, 0xfa, 0xef, 0xff,
    0xe6, 0x27, 0xff, 0xf2, 0xd0, 0xff, 0xf5, 0xdf,
    0xff, 0xcc, 0x4f, 0xff, 0xe5, 0x87, 0xff, 0xb2,
    0xff, 0xfe, 0x62, 0x7f, 0xff, 0x2c, 0x3f, 0xfd,
    0x97, 0xff, 0xf3, 0x13, 0xff, 0xf9, 0x68, 0x7f,
    0xfa, 0xef, 0xff, 0xe6, 0x27, 0xff, 0xf2, 0xd0,
    0xff, 0xf5, 0xdf, 0xff, 0xcc, 0x4f, 0xff, 0xe5,
    0xa1, 0xff, 0xeb, 0xbf, 0xff, 0x98, 0x9f, 0xff,
    0xcb, 0x43, 0xff, 0xd7, 0xff, 0xfc, 0xd0, 0x7f,
    0xff, 0x2e, 0xf, 0xff, 0x5f, 0xff, 0xf3, 0x41,
    0xff, 0xfc, 0xb8, 0x3f, 0xfd, 0x7f, 0xff, 0xcd,
    0x7, 0xff, 0xf3, 0x3, 0xff, 0xd7, 0xff, 0xfc,
    0xd0, 0x7f, 0xff, 0x30, 0x3f, 0xfd, 0x4f, 0xff,
    0xf3, 0x41, 0xff, 0xfc, 0xc0, 0xff, 0xf5, 0x5f,
    0xff, 0xcc, 0x81, 0xff, 0xfc, 0xc4, 0x3f, 0xfd,
    0x3f, 0xff, 0xcd, 0x81, 0xff, 0xfc, 0xc8, 0x3f,
    0xfd, 0x3f, 0xff, 0xcd, 0x41, 0xff, 0xfc, 0xd0,
    0xff, 0xf4, 0x3f, 0xff, 0xcd, 0x41, 0xff, 0xfc,
    0xd4, 0x3f, 0xfc, 0xf7, 0xff, 0xf3, 0x42, 0xff,
    0xfe, 0x6c, 0x1f, 0xfe, 0x7f, 0xff, 0xe7, 0x5,
    0xff, 0xfc, 0xe0, 0xff, 0xf3, 0x3f, 0xff, 0xcd,
    0x82, 0xff, 0xfe, 0x72, 0x1f, 0xfe, 0x5f, 0xff,
    0xe7, 0x21, 0x7f, 0xff, 0x3c, 0x3f, 0xfc, 0x8f,
    0xff, 0xf3, 0x83, 0x7f, 0xff, 0x3d, 0xf, 0xff,
    0x1d, 0xff, 0xfc, 0xe0, 0xdf, 0xff, 0xd0, 0xf,
    0xff, 0x13, 0xff, 0xfc, 0xe8, 0x37, 0xff, 0xf4,
    0x20, 0xff, 0xf0, 0xff, 0xff, 0x3d, 0xd, 0xff,
    0xfd, 0x14, 0x3f, 0xfb, 0xf7, 0xff, 0xf3, 0xc3,
    0xbf, 0xff, 0xa4, 0x1f, 0xfd, 0xe7, 0xff, 0xf9,
    0xf0, 0x77, 0xff, 0xf4, 0xc3, 0xff, 0xbb, 0xff,
    0xfd, 0x4, 0x3b, 0xff, 0xfa, 0x81, 0xff, 0xdb,
    0xff, 0xfe, 0x88, 0x7b, 0xff, 0xfa, 0x90, 0x7f,
    0xf6, 0x7f, 0xff, 0xa3, 0x7, 0xbf, 0xff, 0xac,
    0x1f, 0xfd, 0x7f, 0xff, 0xe9, 0x7, 0xdf, 0xff,
    0xd7, 0xf, 0xfe, 0xaf, 0xff, 0xf4, 0xa0, 0xfb,
    0xff, 0xfb, 0x10, 0x7f, 0xf4, 0x5f, 0xff, 0xe9,
    0x87, 0xef, 0xff, 0xed, 0x21, 0xff, 0xce, 0xff,
    0xfe, 0xa4, 0x1f, 0xbf, 0xff, 0xb8, 0x87, 0xff,
    0x25, 0xbf, 0xff, 0xaa, 0x1f, 0xdf, 0xff, 0xde,
    0x90, 0xff, 0xe2, 0x3f, 0xff, 0xd7, 0x43, 0xfb,
    0xff, 0xfc, 0x54, 0x58, 0xb, 0x53, 0xff, 0xfb,
    0x41, 0xfe, 0xff, 0xff, 0xff, 0xff, 0xf2, 0x3,
    0xfe, 0xff, 0xff, 0xff, 0xff, 0xf1, 0xe0, 0xff,
    0xbf, 0xff, 0xff, 0xff, 0xfc, 0x70, 0xff, 0xe0,
    0x7f, 0xff, 0xff, 0xff, 0xf8, 0xc1, 0xff, 0xc1,
    0xff, 0xff, 0xff, 0xff, 0xf1, 0x50, 0xff, 0xe0,
    0xff, 0xff, 0x29, 0xbf, 0xff, 0xee, 0x87, 0xff,
    0xb, 0xff, 0xf9, 0x40, 0xff, 0xff, 0xb4, 0x1f,
    0xfc, 0x3f, 0xff, 0xe5, 0x5, 0xff, 0xff, 0x48,
    0x3f, 0xf8, 0x9f, 0xff, 0xca, 0xd, 0xff, 0xff,
    0x28, 0x3f, 0xf8, 0xbf, 0xff, 0xca, 0xe, 0xff,
    0xff, 0x84, 0x1f, 0xfc, 0x6f, 0xff, 0xe5, 0x7,
    0xbf, 0xff, 0xdc, 0x87, 0xff, 0x1f, 0xff, 0xf9,
    0x41, 0xf5, 0xff, 0xfe, 0xb4, 0x3f, 0xf9, 0x1f,
    0xff, 0xca, 0xf, 0xcf, 0xff, 0xfa, 0x43, 0xff,
    0x95, 0xff, 0xfc, 0xa0, 0xff, 0x7f, 0xff, 0x99,
    0xf, 0xfe, 0x5f, 0xff, 0xf2, 0x83, 0xfe, 0x7f,
    0xff, 0xc5, 0x7, 0xff, 0x37, 0xff, 0xf9, 0x41,
    0xff, 0xc1, 0xbf, 0xff, 0xbe, 0x1f, 0xfc, 0xff,
    0xff, 0xe5, 0x7, 0xff, 0xe, 0xff, 0xfe, 0xd4,
    0x87, 0xff, 0x43, 0xff, 0xf9, 0x41, 0xff, 0xc5,
    0xbf, 0xff, 0xad, 0x7, 0xff, 0x4f, 0xff, 0xf9,
    0x41, 0xff, 0xc7, 0x7f, 0xff, 0xa3, 0x21, 0xff,
    0xff, 0x3, 0x7f, 0xff, 0x2a, 0x43, 0xff, 0xfe,
    0x1f, 0xca, 0xa7, 0xff, 0x51, 0x41, 0xff, 0xdc,

    /* U+0063 "c" */
    0xf, 0xff, 0xf8, 0x7f, 0xfd, 0x15, 0x7f, 0xff,
    0xe, 0x88, 0x7f, 0xff, 0x1b, 0xff, 0xf9, 0xb2,
    0x1f, 0xff, 0x46, 0xff, 0xfe, 0xac, 0x1f, 0xfe,
    0xfb, 0xff, 0xfb, 0x68, 0x7f, 0xfa, 0x5b, 0xff,
    0xfb, 0xf0, 0x7f, 0xf9, 0x5f, 0xff, 0xf2, 0x41,
    0xff, 0xe2, 0xbf, 0xff, 0xcf, 0x7, 0xff, 0x7a,
    0xff, 0xff, 0x5a, 0x1f, 0xfd, 0xa7, 0xff, 0xfd,
    0xe1, 0xff, 0xd8, 0xbf, 0xff, 0xe2, 0x87, 0xff,
    0x57, 0xff, 0xfe, 0xa1, 0xff, 0xd3, 0xff, 0xff,
    0xba, 0x1f, 0xfc, 0xf7, 0xff, 0xff, 0x28, 0x7f,
    0xf3, 0x5f, 0xff, 0xfd, 0xc1, 0xff, 0xcb, 0x7f,
    0xff, 0xfb, 0x7, 0xff, 0x25, 0xff, 0xff, 0xfc,
    0x1f, 0xfc, 0x77, 0xff, 0xff, 0xfe, 0x83, 0xff,
    0x8d, 0xff, 0xff, 0xff, 0xd0, 0x7f, 0xf1, 0x3f,
    0xff, 0xff, 0xfe, 0x43, 0xff, 0x85, 0xff, 0xff,
    0xff, 0xf8, 0x3f, 0xf8, 0x57, 0xff, 0xff, 0xff,
    0xc1, 0xff, 0xc3, 0xff, 0xfe, 0xcc, 0xa0, 0xfc,
    0xdf, 0xff, 0xd3, 0xf, 0xfe, 0x1f, 0xff, 0xf5,
    0xa4, 0x3f, 0xf8, 0xad, 0xff, 0xfc, 0xe0, 0xff,
    0xe1, 0xdf, 0xff, 0xd4, 0x43, 0xff, 0x96, 0xff,
    0xff, 0x2c, 0x3f, 0xf8, 0x9f, 0xff, 0xd3, 0x43,
    0xff, 0x9e, 0xff, 0xff, 0x20, 0x3f, 0xf8, 0x97,
    0xff, 0xf4, 0x60, 0xff, 0xe9, 0xdf, 0xff, 0xc4,
    0x83, 0xff, 0x88, 0xff, 0xff, 0x46, 0xf, 0xfe,
    0xb7, 0xff, 0xf0, 0xa0, 0xff, 0xe2, 0xff, 0xff,
    0x45, 0xf, 0xfe, 0xc5, 0xff, 0xf4, 0x1f, 0xfc,
    0x6f, 0xff, 0xe8, 0x21, 0xff, 0xda, 0x7f, 0xfa,
    0xf, 0xfe, 0x35, 0xff, 0xfc, 0xf4, 0x3f, 0xfb,
    0x8f, 0xfd, 0x7, 0xff, 0x1f, 0xff, 0xf9, 0xe8,
    0x7f, 0xf7, 0xff, 0xa0, 0xff, 0xe3, 0xdf, 0xff,
    0xce, 0x83, 0xff, 0xc3, 0xf4, 0x1f, 0xfc, 0x8f,
    0xff, 0xe7, 0x87, 0xff, 0x89, 0xd0, 0xff, 0xe4,
    0x3f, 0xff, 0xce, 0x43, 0xff, 0xf3, 0x7f, 0xff,
    0x38, 0x3f, 0xff, 0x5f, 0xff, 0xce, 0xf, 0xff,
    0xd3, 0xff, 0xfc, 0xd8, 0x3f, 0xff, 0x57, 0xff,
    0xf3, 0x50, 0xff, 0xfd, 0x7f, 0xff, 0x38, 0x3f,
    0xff, 0x7f, 0xff, 0xcd, 0x83, 0xff, 0xf4, 0xff,
    0xff, 0x34, 0x3f, 0xff, 0x77, 0xff, 0xf3, 0x43,
    0xff, 0xf7, 0x7f, 0xff, 0x32, 0xf, 0xff, 0xdf,
    0xff, 0xf3, 0x50, 0xff, 0xfd, 0xff, 0xff, 0x34,
    0x3f, 0xff, 0x9f, 0xff, 0xcd, 0xf, 0xff, 0xdb,
    0xff, 0xfc, 0xd0, 0xff, 0xfd, 0xbf, 0xff, 0xcc,
    0x83, 0xff, 0xf7, 0x7f, 0xff, 0x32, 0xf, 0xff,
    0xdd, 0xff, 0xfc, 0xc4, 0x3f, 0xff, 0x77, 0xff,
    0xf3, 0x10, 0xff, 0xfd, 0xdf, 0xff, 0xcc, 0x43,
    0xff, 0xf7, 0xff, 0xfc, 0xd4, 0x3f, 0xff, 0x7f,
    0xff, 0xcd, 0xf, 0xff, 0xe7, 0xff, 0xf3, 0x43,
    0xff, 0xf9, 0xff, 0xfc, 0xd0, 0xff, 0xfe, 0x5f,
    0xff, 0xcc, 0x43, 0xff, 0xf7, 0x7f, 0xff, 0x31,
    0xf, 0xff, 0xdd, 0xff, 0xfc, 0xc4, 0x3f, 0xff,
    0x77, 0xff, 0xf3, 0x10, 0xff, 0xfd, 0xdf, 0xff,
    0xcc, 0x83, 0xff, 0xf6, 0xff, 0xff, 0x32, 0xf,
    0xff, 0xdb, 0xff, 0xfc, 0xd0, 0xff, 0xfe, 0x7f,
    0xff, 0x34, 0x3f, 0xff, 0x9f, 0xff, 0xcd, 0xf,
    0xff, 0xe7, 0xff, 0xf3, 0x50, 0xff, 0xfd, 0xdf,
    0xff, 0xcc, 0x83, 0xff, 0xf6, 0xff, 0xff, 0x34,
    0x3f, 0xff, 0x6f, 0xff, 0xf3, 0x50, 0xff, 0xfd,
    0xff, 0xff, 0x36, 0xf, 0xff, 0xdf, 0xff, 0xf3,
    0x83, 0xff, 0xf7, 0x7f, 0xff, 0x35, 0xf, 0xff,
    0xd3, 0xff, 0xfc, 0xe0, 0xff, 0xf3, 0xb0, 0x7f,
    0xf1, 0xbf, 0xff, 0x9c, 0x87, 0xff, 0x9b, 0xd0,
    0x7f, 0xf1, 0x6f, 0xff, 0xe7, 0x7, 0xff, 0x97,
    0xf4, 0x1f, 0xfc, 0x47, 0xff, 0xf9, 0xd0, 0x7f,
    0xf8, 0xef, 0xf0, 0x7f, 0xf1, 0x3f, 0xff, 0x9e,
    0x1f, 0xfe, 0x2b, 0xff, 0x7, 0xff, 0xe, 0xff,
    0xfe, 0x78, 0x7f, 0xf8, 0x1f, 0xff, 0x21, 0xff,
    0xc2, 0xff, 0xfe, 0x7c, 0x1f, 0xfd, 0xe7, 0xff,
    0xf8, 0x8, 0x7f, 0xf0, 0x6f, 0xff, 0xe7, 0xc1,
    0xff, 0xdc, 0x7f, 0xff, 0x84, 0x87, 0xff, 0x7,
    0xff, 0xfa, 0x8, 0x7f, 0xf6, 0xaf, 0xff, 0xe2,
    0x41, 0xff, 0xc0, 0xbf, 0xff, 0xa1, 0x7, 0xff,
    0x63, 0xff, 0xf8, 0xf0, 0x7f, 0xf0, 0x3f, 0xff,
    0xa3, 0x7, 0xff, 0x55, 0xff, 0xfe, 0x50, 0x7f,
    0xd7, 0xff, 0xf4, 0x83, 0xff, 0xa7, 0x7f, 0xff,
    0x30, 0x3f, 0xef, 0xff, 0xe9, 0xc1, 0xff, 0xcf,
    0xbf, 0xff, 0x9e, 0x1f, 0xeb, 0xff, 0xfa, 0x90,
    0x7f, 0xf2, 0xef, 0xff, 0xe9, 0x7, 0xfb, 0xff,
    0xfa, 0xe8, 0x7f, 0xf1, 0x6f, 0xff, 0xea, 0x87,
    0xfd, 0xff, 0xfd, 0x9a, 0x2c, 0x5, 0xd7, 0xff,
    0xf6, 0x3, 0xff, 0x81, 0x7f, 0xff, 0xff, 0xff,
    0x21, 0xff, 0xc1, 0xbf, 0xff, 0xff, 0xfe, 0x83,
    0xff, 0x87, 0xff, 0xff, 0xff, 0xf0, 0x7f, 0xf1,
    0x7f, 0xff, 0xff, 0xf8, 0x3f, 0xf8, 0xcf, 0xff,
    0xff, 0xfc, 0x87, 0xff, 0x1d, 0xff, 0xff, 0xfa,
    0x1f, 0xfc, 0x97, 0xff, 0xff, 0xa8, 0x7f, 0xf2,
    0xdf, 0xff, 0xfd, 0xa1, 0xff, 0xcd, 0x7f, 0xff,
    0xf2, 0x1f, 0xfd, 0x1f, 0xff, 0xfb, 0x87, 0xff,
    0x4e, 0xff, 0xff, 0x9c, 0x1f, 0xfd, 0x57, 0xff,
    0xfe, 0x28, 0x7f, 0xf6, 0x3f, 0xff, 0xde, 0x1f,
    0xfd, 0xb7, 0xff, 0xfd, 0x68, 0x7f, 0xf7, 0xaf,
    0xff, 0xf3, 0xc1, 0xff, 0xe2, 0xbf, 0xff, 0xc7,
    0x7, 0xff, 0x9a, 0xff, 0xfe, 0xfc, 0x1f, 0xfe,
    0xa7, 0xff, 0xfb, 0x68, 0x7f, 0xfb, 0xdf, 0xff,
    0xea, 0xc1, 0xff, 0xf5, 0x6f, 0xff, 0xe6, 0xc8,
    0x7f, 0xff, 0x55, 0x4f, 0xff, 0xaa, 0x43, 0xff,
    0xae,

    /* U+0064 "d" */
    0xf, 0xff, 0xf8, 0x7b, 0xff, 0xf9, 0x81, 0xff,
    0xff, 0xf, 0xbf, 0xff, 0x98, 0x1f, 0xff, 0xf0,
    0xfb, 0xff, 0xf9, 0x81, 0xff, 0xff, 0xf, 0xbf,
    0xff, 0x98, 0x1f, 0xff, 0xf0, 0xfb, 0xff, 0xf9,
    0x81, 0xff, 0xff, 0xf, 0xbf, 0xff, 0x98, 0x1f,
    0xff, 0xf0, 0xfb, 0xff, 0xf9, 0x81, 0xff, 0xff,
    0xf, 0xbf, 0xff, 0x98, 0x1f, 0xff, 0xf0, 0xfb,
    0xff, 0xf9, 0x81, 0xff, 0xff, 0xf, 0xbf, 0xff,
    0x98, 0x1f, 0xff, 0xf0, 0xfb, 0xff, 0xf9, 0x81,
    0xff, 0xff, 0xf, 0xbf, 0xff, 0x98, 0x1f, 0xff,
    0xf0, 0xfb, 0xff, 0xf9, 0x81, 0xff, 0xff, 0xf,
    0xbf, 0xff, 0x98, 0x1f, 0xff, 0xf0, 0xfb, 0xff,
    0xf9, 0x81, 0xff, 0xff, 0xf, 0xbf, 0xff, 0x98,
    0x1f, 0xff, 0xf0, 0xfb, 0xff, 0xf9, 0x81, 0xff,
    0xff, 0xf, 0xbf, 0xff, 0x98, 0x1f, 0xff, 0xf0,
    0xfb, 0xff, 0xf9, 0x81, 0xff, 0xff, 0xf, 0xbf,
    0xff, 0x98, 0x1f, 0xff, 0xf0, 0xfb, 0xff, 0xf9,
    0x81, 0xff, 0xff, 0xf, 0xbf, 0xff, 0x98, 0x1f,
    0xff, 0xf0, 0xfb, 0xff, 0xf9, 0x81, 0xff, 0xff,
    0xf, 0xbf, 0xff, 0x98, 0x1f, 0xff, 0xf0, 0xfb,
    0xff, 0xf9, 0x81, 0xff, 0xff, 0xf, 0xbf, 0xff,
    0x98, 0x1f, 0xff, 0xf0, 0xfb, 0xff, 0xf9, 0x81,
    0xff, 0xff, 0xf, 0xbf, 0xff, 0x98, 0x1f, 0xff,
    0xf0, 0xfb, 0xff, 0xf9, 0x81, 0xff, 0xff, 0xf,
    0xbf, 0xff, 0x98, 0x1f, 0xff, 0xf0, 0xfb, 0xff,
    0xf9, 0x81, 0xff, 0xff, 0xf, 0xbf, 0xff, 0x98,
    0x1f, 0xff, 0xf0, 0xfb, 0xff, 0xf9, 0x81, 0xff,
    0xff, 0xf, 0xbf, 0xff, 0x98, 0x1f, 0xff, 0xf0,
    0xfb, 0xff, 0xf9, 0x81, 0xff, 0xff, 0xf, 0xbf,
    0xff, 0x98, 0x1f, 0xff, 0xf0, 0xfb, 0xff, 0xf9,
    0x81, 0xff, 0xff, 0xf, 0xbf, 0xff, 0x98, 0x1f,
    0xff, 0xf0, 0xfb, 0xff, 0xf9, 0x81, 0xff, 0xff,
    0xf, 0xbf, 0xff, 0x98, 0x1f, 0xff, 0xf0, 0xfb,
    0xff, 0xf9, 0x81, 0xff, 0xff, 0xf, 0xbf, 0xff,
    0x98, 0x1f, 0xff, 0xf0, 0xfb, 0xff, 0xf9, 0x81,
    0xff, 0xff, 0xf, 0xbf, 0xff, 0x98, 0x1f, 0xff,
    0xf0, 0xfb, 0xff, 0xf9, 0x81, 0xff, 0xff, 0xf,
    0xbf, 0xff, 0x98, 0x1f, 0xfd, 0xe6, 0x9f, 0xff,
    0xc0, 0xa2, 0x1f, 0xfc, 0xaf, 0xff, 0xe6, 0x7,
    0xff, 0x6a, 0xff, 0xfe, 0x5c, 0x87, 0xff, 0x1b,
    0xff, 0xf9, 0x81, 0xff, 0xd7, 0xbf, 0xff, 0xa4,
    0x87, 0xff, 0xf, 0xff, 0xf9, 0x81, 0xff, 0xd4,
    0x7f, 0xff, 0xaf, 0x7, 0xff, 0x7, 0xff, 0xf9,
    0x81, 0xff, 0xd2, 0x7f, 0xff, 0xb7, 0x7, 0xfd,
    0xff, 0xfc, 0xc0, 0xff, 0xe8, 0x3f, 0xff, 0xdf,
    0x83, 0xfb, 0xff, 0xf9, 0x81, 0xff, 0xce, 0x7f,
    0xff, 0xc6, 0x87, 0xdf, 0xff, 0xcc, 0xf, 0xfe,
    0x6d, 0xff, 0xfe, 0x58, 0x3d, 0xff, 0xfc, 0xc0,
    0xff, 0xe5, 0xbf, 0xff, 0xe9, 0xe, 0xff, 0xfe,
    0x60, 0x7f, 0xf2, 0xaf, 0xff, 0xf5, 0x86, 0xff,
    0xfe, 0x60, 0x7f, 0xf2, 0x7f, 0xff, 0xdc, 0x17,
    0xff, 0xf3, 0x3, 0xff, 0x91, 0xff, 0xff, 0x0,
    0x7f, 0xff, 0x30, 0x3f, 0xf8, 0xff, 0xff, 0xf2,
    0x3f, 0xff, 0x98, 0x1f, 0xfc, 0x57, 0xff, 0xff,
    0xff, 0xff, 0xc1, 0xf, 0xfe, 0x23, 0xff, 0xff,
    0xff, 0xff, 0xe1, 0x7, 0xff, 0x13, 0xff, 0xff,
    0xff, 0xff, 0xc3, 0xf, 0xfe, 0x1f, 0xff, 0xff,
    0xff, 0xff, 0x88, 0x1f, 0xfc, 0x2f, 0xff, 0xff,
    0xff, 0xff, 0x14, 0x3f, 0xf8, 0x37, 0xff, 0xff,
    0xff, 0xff, 0x8a, 0x1f, 0xfc, 0x7, 0xff, 0xff,
    0xff, 0xff, 0xc6, 0xf, 0xfe, 0x7, 0xff, 0xff,
    0xff, 0xff, 0x8e, 0x1f, 0xf7, 0xff, 0xf6, 0x65,
    0x7, 0xca, 0xbf, 0xff, 0xc2, 0x1f, 0xeb, 0xff,
    0xfa, 0xd0, 0x7f, 0xf1, 0x5f, 0xff, 0xef, 0x7,
    0xfb, 0xff, 0xfa, 0xa8, 0x7f, 0xf2, 0xaf, 0xff,
    0xed, 0x87, 0xf5, 0xff, 0xfd, 0x34, 0x3f, 0xf9,
    0xaf, 0xff, 0xf6, 0x83, 0xf3, 0xff, 0xfd, 0x28,
    0x3f, 0xfa, 0x2f, 0xff, 0xf6, 0x3, 0xf7, 0xff,
    0xf4, 0x90, 0xff, 0xea, 0x7f, 0xff, 0x5c, 0x3e,
    0x7f, 0xff, 0xa2, 0x1f, 0xfd, 0x7f, 0xff, 0xeb,
    0x7, 0xdf, 0xff, 0xd1, 0xf, 0xfe, 0xcf, 0xff,
    0xf5, 0x43, 0xcf, 0xff, 0xf4, 0x3, 0xff, 0xb7,
    0xff, 0xfd, 0x40, 0xf5, 0xff, 0xfc, 0xf4, 0x3f,
    0xfb, 0x9f, 0xff, 0xd3, 0xf, 0x7f, 0xff, 0x3e,
    0xf, 0xfe, 0xeb, 0xff, 0xfd, 0x20, 0xeb, 0xff,
    0xf9, 0xe1, 0xff, 0xdf, 0x7f, 0xff, 0xa2, 0x1d,
    0xff, 0xfc, 0xf0, 0xff, 0xf0, 0xff, 0xff, 0x44,
    0x3b, 0xff, 0xf9, 0xd0, 0x7f, 0xf8, 0x5f, 0xff,
    0xe8, 0x6, 0xbf, 0xff, 0x9c, 0x1f, 0xfe, 0x3b,
    0xff, 0xf9, 0xe1, 0xbf, 0xff, 0x9c, 0x87, 0xff,
    0x93, 0xff, 0xf9, 0xe1, 0xbf, 0xff, 0x9c, 0x1f,
    0xfe, 0x5b, 0xff, 0xf9, 0xc1, 0x3f, 0xff, 0xcd,
    0x83, 0xff, 0xca, 0xff, 0xff, 0x38, 0x2b, 0xff,
    0xf9, 0xa8, 0x7f, 0xf9, 0xbf, 0xff, 0x9c, 0x17,
    0xff, 0xf3, 0x83, 0xff, 0xce, 0xff, 0xff, 0x34,
    0x2f, 0xff, 0xe6, 0xc1, 0xff, 0xe8, 0xff, 0xfe,
    0x68, 0x1f, 0xff, 0xe6, 0xa1, 0xff, 0xe8, 0xff,
    0xfe, 0x68, 0x1f, 0xff, 0xe6, 0x87, 0xff, 0xa6,
    0xff, 0xfe, 0x60, 0x2f, 0xff, 0xe6, 0x87, 0xff,
    0xa5, 0xff, 0xfe, 0x60, 0x2f, 0xff, 0xe6, 0x41,
    0xff, 0xea, 0xff, 0xfe, 0x60, 0x3f, 0xff, 0x9b,
    0x7, 0xff, 0xab, 0xff, 0xf9, 0x80, 0xff, 0xfe,
    0x6a, 0x1f, 0xfe, 0xaf, 0xff, 0xe6, 0x3, 0xff,
    0xf9, 0xa8, 0x7f, 0xfa, 0xaf, 0xff, 0xe5, 0x83,
    0xff, 0xf9, 0xa1, 0xff, 0xeb, 0x7f, 0xff, 0x96,
    0xf, 0xff, 0xe6, 0x87, 0xff, 0xad, 0xff, 0xfe,
    0x58, 0x3f, 0xff, 0x9a, 0x1f, 0xfe, 0xb7, 0xff,
    0xf9, 0x60, 0xff, 0xfe, 0x68, 0x7f, 0xfa, 0xdf,
    0xff, 0xe5, 0x83, 0xff, 0xf9, 0xa1, 0xff, 0xeb,
    0x7f, 0xff, 0x96, 0xf, 0xff, 0xe6, 0x87, 0xff,
    0xb3, 0xff, 0xf9, 0x60, 0xff, 0xfe, 0x68, 0x7f,
    0xfb, 0x3f, 0xff, 0x96, 0xf, 0xff, 0xe6, 0x87,
    0xff, 0xad, 0xff, 0xfe, 0x58, 0x3f, 0xff, 0x9a,
    0x1f, 0xfe, 0xb7, 0xff, 0xf9, 0x60, 0xff, 0xfe,
    0x68, 0x7f, 0xfa, 0xdf, 0xff, 0xe5, 0x83, 0xff,
    0xf9, 0xa8, 0x7f, 0xfa, 0x9f, 0xff, 0xe5, 0x83,
    0xff, 0xf9, 0xa8, 0x7f, 0xfa, 0xaf, 0xff, 0xe5,
    0x83, 0xff, 0xf9, 0xb0, 0x7f, 0xfa, 0xaf, 0xff,
    0xe5, 0x83, 0xff, 0xf9, 0xb0, 0x7f, 0xfa, 0xbf,
    0xff, 0x98, 0xb, 0xff, 0xf9, 0xa1, 0xff, 0xea,
    0xff, 0xfe, 0x60, 0x1f, 0xff, 0xe6, 0x87, 0xff,
    0xab, 0xff, 0xf9, 0x80, 0x7f, 0xff, 0x9a, 0x87,
    0xff, 0xa1, 0xff, 0xfe, 0x60, 0x5f, 0xff, 0xcd,
    0x83, 0xff, 0xd1, 0xff, 0xfc, 0xd0, 0xbf, 0xff,
    0x9c, 0x1f, 0xfe, 0x8f, 0xff, 0xe6, 0x85, 0xff,
    0xfc, 0xe0, 0xff, 0xf3, 0xbf, 0xff, 0xcd, 0xa,
    0xff, 0xfe, 0x6c, 0x1f, 0xfe, 0x6f, 0xff, 0xe7,
    0x4, 0xff, 0xff, 0x38, 0x3f, 0xfc, 0xdf, 0xff,
    0xce, 0xd, 0xff, 0xfc, 0xe4, 0x3f, 0xfc, 0x97,
    0xff, 0xf3, 0x83, 0x7f, 0xff, 0x3c, 0x3f, 0xfc,
    0x9f, 0xff, 0xcf, 0xd, 0x7f, 0xff, 0x39, 0xf,
    0xff, 0x15, 0xff, 0xfc, 0xf0, 0xcf, 0xff, 0xf3,
    0xc3, 0xff, 0xc5, 0xff, 0xfd, 0x0, 0xef, 0xff,
    0xe7, 0xa1, 0xff, 0xe0, 0xff, 0xfe, 0x88, 0x75,
    0xff, 0xfc, 0xf0, 0xff, 0xef, 0xdf, 0xff, 0xd1,
    0xe, 0x7f, 0xff, 0xa0, 0x1f, 0xfd, 0xd7, 0xff,
    0xfa, 0x41, 0xef, 0xff, 0xe8, 0x41, 0xff, 0xdc,
    0xff, 0xfe, 0x98, 0x7a, 0xff, 0xfe, 0x82, 0x1f,
    0xfd, 0xaf, 0xff, 0xea, 0x7, 0xdf, 0xff, 0xd1,
    0x43, 0xff, 0xb1, 0xff, 0xfd, 0x50, 0xfa, 0xff,
    0xfe, 0x8a, 0x1f, 0xfd, 0x6f, 0xff, 0xeb, 0x7,
    0xef, 0xff, 0xe9, 0x41, 0xff, 0xd3, 0x7f, 0xff,
    0xae, 0x1f, 0xaf, 0xff, 0xe9, 0x87, 0xff, 0x46,
    0xff, 0xfe, 0xc0, 0x7f, 0x7f, 0xff, 0x52, 0xf,
    0xfe, 0x6b, 0xff, 0xfd, 0xa0, 0xfe, 0xbf, 0xff,
    0xaa, 0x87, 0xff, 0x25, 0xff, 0xfe, 0xe0, 0x7f,
    0xbf, 0xff, 0xaf, 0x21, 0xff, 0xc3, 0x6f, 0xff,
    0xef, 0x7, 0xf9, 0xff, 0xfe, 0xd4, 0xb0, 0x17,
    0x5f, 0xff, 0xe2, 0xf, 0xfa, 0xff, 0xff, 0xff,
    0xff, 0xf1, 0xc3, 0xff, 0x81, 0xff, 0xff, 0xff,
    0xff, 0xe3, 0x87, 0xff, 0x7, 0xff, 0xff, 0xff,
    0xff, 0xc6, 0xf, 0xfe, 0xb, 0xff, 0xff, 0xff,
    0xff, 0xe2, 0x87, 0xff, 0xa, 0xff, 0xff, 0xc3,
    0xff, 0xfc, 0xa0, 0xff, 0xe1, 0xff, 0xff, 0xdc,
    0x1f, 0xff, 0xca, 0xf, 0xfe, 0x27, 0xff, 0xfd,
    0x50, 0x7f, 0xff, 0x28, 0x3f, 0xf8, 0xbf, 0xff,
    0xf3, 0x82, 0xff, 0xfe, 0x50, 0x7f, 0xf1, 0xbf,
    0xff, 0xe3, 0x6, 0xff, 0xfe, 0x50, 0x7f, 0xf1,
    0xff, 0xff, 0xdf, 0x7, 0x7f, 0xff, 0x28, 0x3f,
    0xf9, 0x17, 0xff, 0xfb, 0x20, 0xf7, 0xff, 0xf2,
    0x83, 0xff, 0x92, 0xff, 0xff, 0xaa, 0xf, 0xbf,
    0xff, 0x94, 0x1f, 0xfc, 0xbf, 0xff, 0xf4, 0x21,
    0xfb, 0xff, 0xf9, 0x41, 0xff, 0xcc, 0xbf, 0xff,
    0xc9, 0x7, 0xfb, 0xff, 0xf9, 0x41, 0xff, 0xce,
    0xff, 0xff, 0x12, 0x1f, 0xf7, 0xff, 0xf2, 0x83,
    0xff, 0x9e, 0xff, 0xff, 0x7a, 0xf, 0xfe, 0xf,
    0xff, 0xf2, 0x83, 0xff, 0xa2, 0xff, 0xff, 0x6a,
    0xf, 0xfe, 0x1f, 0xff, 0xf2, 0x83, 0xff, 0xa6,
    0xdf, 0xff, 0xd5, 0x83, 0xff, 0x8b, 0xff, 0xfc,
    0xa0, 0xff, 0xeb, 0x37, 0xff, 0xf4, 0x10, 0xff,
    0xe3, 0xff, 0xff, 0x28, 0x3f, 0xfb, 0x2d, 0xff,
    0xfc, 0x99, 0xf, 0xff, 0xf8, 0x7f, 0xcd, 0x3f,
    0xfd, 0x44, 0x3f, 0xfc, 0xa0,

    /* U+0065 "e" */
    0xf, 0xff, 0x2, 0xab, 0x7d, 0x59, 0x41, 0xff,
    0xff, 0xf, 0x37, 0xff, 0xf2, 0x65, 0x7, 0xff,
    0xed, 0xbf, 0xff, 0xa3, 0x21, 0xff, 0xf5, 0x6f,
    0xff, 0xeb, 0xc8, 0x7f, 0xfc, 0x1f, 0xff, 0xee,
    0xa1, 0xff, 0xec, 0xbf, 0xff, 0xc2, 0x87, 0xff,
    0xa1, 0xff, 0xff, 0x2a, 0x1f, 0xfe, 0x47, 0xff,
    0xfd, 0x10, 0x7f, 0xf8, 0xaf, 0xff, 0xf5, 0xa1,
    0xff, 0xde, 0x7f, 0xff, 0xdd, 0x7, 0xff, 0x72,
    0xff, 0xff, 0x88, 0x7f, 0xf6, 0xbf, 0xff, 0xe8,
    0x1f, 0xfd, 0x8f, 0xff, 0xfb, 0x21, 0xff, 0xd5,
    0xff, 0xff, 0xc2, 0x1f, 0xfd, 0x3f, 0xff, 0xfd,
    0x21, 0xff, 0xd1, 0xff, 0xff, 0xe2, 0x1f, 0xfc,
    0xff, 0xff, 0xff, 0x7, 0xff, 0x3b, 0xff, 0xff,
    0xf8, 0x7f, 0xf3, 0x3f, 0xff, 0xff, 0xe8, 0x3f,
    0xf9, 0x57, 0xff, 0xff, 0xfe, 0x43, 0xff, 0x90,
    0xff, 0xff, 0x5a, 0x50, 0x7c, 0xab, 0xff, 0xfa,
    0xa1, 0xff, 0xc8, 0xff, 0xfe, 0xa2, 0x1f, 0xfc,
    0x46, 0xff, 0xfe, 0x94, 0x1f, 0xfc, 0x6b, 0xff,
    0xfa, 0x30, 0x7f, 0xf2, 0xaf, 0xff, 0xe8, 0xa1,
    0xff, 0xc4, 0x7f, 0xff, 0xa2, 0x1f, 0xfc, 0xeb,
    0xff, 0xfa, 0x1, 0xff, 0xc4, 0xff, 0xfe, 0x82,
    0x1f, 0xfd, 0x7, 0xff, 0xf9, 0xf0, 0x7f, 0xf0,
    0xaf, 0xff, 0xe7, 0x87, 0xff, 0x53, 0xff, 0xf9,
    0xe1, 0xff, 0xc2, 0xff, 0xfe, 0x78, 0x7f, 0xf5,
    0xbf, 0xff, 0x9d, 0x7, 0xff, 0x2, 0xff, 0xfe,
    0x70, 0x7f, 0xf6, 0x3f, 0xff, 0x9c, 0x1f, 0xfc,
    0xf, 0xff, 0xe7, 0x7, 0xff, 0x6b, 0xff, 0xf9,
    0xa8, 0x7f, 0xaf, 0xff, 0xe6, 0x87, 0xff, 0x73,
    0xff, 0xf9, 0xa1, 0xfe, 0xff, 0xfe, 0x6a, 0x1f,
    0xfd, 0xc7, 0xff, 0xf9, 0x88, 0x7e, 0x7f, 0xff,
    0x99, 0x7, 0xff, 0x7b, 0xff, 0xf9, 0x90, 0x7e,
    0xff, 0xfe, 0x68, 0x7f, 0xf8, 0x3f, 0xff, 0x98,
    0x1f, 0xbf, 0xff, 0x98, 0x87, 0xff, 0x82, 0xff,
    0xfe, 0x5a, 0x1e, 0xbf, 0xff, 0x98, 0x1f, 0xfe,
    0x17, 0xff, 0xf9, 0x70, 0x7b, 0xff, 0xf9, 0x88,
    0x7f, 0xf8, 0xbf, 0xff, 0x98, 0x1e, 0xff, 0xfe,
    0x60, 0x7f, 0xf8, 0xef, 0xff, 0xe5, 0xa1, 0x9f,
    0xff, 0xe5, 0xc1, 0xff, 0xe4, 0xff, 0xfe, 0x5c,
    0x1b, 0xff, 0xf9, 0x88, 0x7f, 0xf9, 0x3f, 0xff,
    0x98, 0x1b, 0xff, 0xf9, 0x81, 0xff, 0xe5, 0xbf,
    0xff, 0x96, 0x13, 0xff, 0xfc, 0xb8, 0x3f, 0xfc,
    0xb7, 0xff, 0xf2, 0xd0, 0x3f, 0xff, 0xcb, 0x43,
    0xff, 0xca, 0xff, 0xff, 0x2d, 0x5, 0xff, 0xfc,
    0xb0, 0xff, 0xf3, 0xff, 0xff, 0x2e, 0x7, 0xff,
    0xf3, 0x3, 0xff, 0xcf, 0xff, 0xfc, 0xc0, 0x7f,
    0xff, 0x2e, 0xf, 0xff, 0x3f, 0xff, 0xf3, 0x1,
    0xff, 0xff, 0xff, 0xff, 0xe6, 0xf, 0xff, 0xff,
    0xff, 0xff, 0x98, 0x3f, 0xff, 0xff, 0xff, 0xfe,
    0x62, 0xbf, 0xff, 0xff, 0xff, 0xfc, 0xc6, 0xff,
    0xff, 0xff, 0xff, 0xf3, 0x1b, 0xff, 0xff, 0xff,
    0xff, 0xcc, 0x6f, 0xff, 0xff, 0xff, 0xff, 0x32,
    0x9f, 0xff, 0xff, 0xff, 0xfe, 0x65, 0xff, 0xff,
    0xff, 0xff, 0xe6, 0xdf, 0xff, 0xff, 0xff, 0xfe,
    0x6d, 0xff, 0xff, 0xff, 0xff, 0xe6, 0xdf, 0xff,
    0xff, 0xff, 0xfe, 0x6d, 0x3f, 0xff, 0xff, 0xff,
    0xfc, 0xca, 0x7f, 0xff, 0xff, 0xff, 0xf9, 0x94,
    0xff, 0xff, 0xff, 0xff, 0xf3, 0x29, 0xff, 0xff,
    0xff, 0xff, 0xe6, 0x4f, 0xff, 0xff, 0xff, 0xff,
    0x98, 0xaf, 0xff, 0xff, 0xff, 0xff, 0x31, 0x5f,
    0xff, 0xcb, 0x83, 0xff, 0xfe, 0xf, 0xff, 0xe6,
    0x7, 0xff, 0xfc, 0x1f, 0xff, 0xcc, 0xf, 0xff,
    0xf8, 0x3f, 0xff, 0x98, 0x1f, 0xff, 0xf0, 0x5f,
    0xff, 0xcb, 0x43, 0xff, 0xfe, 0x3f, 0xff, 0xcb,
    0x83, 0xff, 0xfe, 0x3f, 0xff, 0xcc, 0xf, 0xff,
    0xf8, 0x3f, 0xff, 0x98, 0x1f, 0xff, 0xf0, 0x7f,
    0xff, 0x32, 0xf, 0xff, 0xf8, 0xff, 0xff, 0x30,
    0x3f, 0xff, 0xe0, 0xff, 0xfe, 0x62, 0x1f, 0xff,
    0xf3, 0xff, 0xf9, 0xa1, 0xff, 0xff, 0x2f, 0xff,
    0xe6, 0x21, 0xff, 0xff, 0x3f, 0xff, 0x9a, 0x1f,
    0xfe, 0x94, 0x3f, 0xf9, 0x5f, 0xff, 0xcd, 0x43,
    0xff, 0xce, 0xf0, 0x7f, 0xf2, 0x5f, 0xff, 0xe6,
    0x87, 0xff, 0x99, 0xfa, 0xf, 0xfe, 0x4f, 0xff,
    0xf3, 0x83, 0xff, 0xc8, 0xff, 0x41, 0xff, 0xc8,
    0xbf, 0xff, 0x9b, 0x7, 0xff, 0x8a, 0xff, 0xa0,
    0xff, 0xe4, 0x7f, 0xff, 0x39, 0xf, 0xff, 0x5,
    0xff, 0xd0, 0x7f, 0xf1, 0xef, 0xff, 0xe7, 0x21,
    0xff, 0xde, 0xff, 0xfe, 0x4, 0x1f, 0xfc, 0x7f,
    0xff, 0xe7, 0xc1, 0xff, 0xdb, 0x7f, 0xff, 0x85,
    0x7, 0xff, 0x1a, 0xff, 0xfe, 0x7c, 0x1f, 0xfd,
    0x9b, 0xff, 0xf8, 0x88, 0x7f, 0xf1, 0xbf, 0xff,
    0xa2, 0x87, 0xff, 0x56, 0xff, 0xfe, 0x3a, 0x1f,
    0xfc, 0x57, 0xff, 0xfa, 0x41, 0xff, 0xd2, 0xbf,
    0xff, 0x94, 0x87, 0xff, 0x17, 0xff, 0xfa, 0x88,
    0x7f, 0xf3, 0x1b, 0xff, 0xf9, 0xa8, 0x7f, 0xf1,
    0x7f, 0xff, 0xab, 0x21, 0xff, 0xc6, 0x6f, 0xff,
    0xe8, 0xa1, 0xff, 0xc4, 0x7f, 0xff, 0xb1, 0x45,
    0xc0, 0x5d, 0x7f, 0xff, 0x5d, 0xf, 0xfe, 0x25,
    0xff, 0xff, 0xff, 0xfe, 0xf, 0xfe, 0x2f, 0xff,
    0xff, 0xff, 0xf2, 0x1f, 0xfc, 0x6f, 0xff, 0xff,
    0xff, 0x90, 0xff, 0xe4, 0x7f, 0xff, 0xff, 0xf4,
    0x1f, 0xfc, 0x97, 0xff, 0xff, 0xfe, 0x83, 0xff,
    0x96, 0xff, 0xff, 0xfe, 0xf, 0xfe, 0x6b, 0xff,
    0xff, 0xd4, 0x3f, 0xf9, 0xef, 0xff, 0xfe, 0xd0,
    0xff, 0xe9, 0x7f, 0xff, 0xe4, 0x3f, 0xfa, 0xb7,
    0xff, 0xfd, 0x60, 0xff, 0xeb, 0xbf, 0xff, 0xf3,
    0x43, 0xff, 0xb5, 0xff, 0xff, 0x8, 0x3f, 0xfb,
    0xaf, 0xff, 0xfb, 0x20, 0xff, 0xf0, 0xdf, 0xff,
    0xe8, 0x83, 0xff, 0xcb, 0x7f, 0xff, 0x92, 0xf,
    0xff, 0x4d, 0xff, 0xfe, 0x4, 0x3f, 0xfd, 0xaf,
    0xff, 0xf6, 0xe4, 0x3f, 0xfe, 0x4f, 0xff, 0xf5,
    0x64, 0x3f, 0xff, 0xd, 0xff, 0xfc, 0xd9, 0xf,
    0xff, 0xf8, 0x15, 0x4f, 0xff, 0xa8, 0xa0, 0xff,
    0xed, 0x80,

    /* U+0066 "f" */
    0xf, 0xfe, 0xfa, 0xa9, 0xff, 0xea, 0x21, 0xff,
    0xe5, 0x6f, 0xff, 0xe5, 0x48, 0x7f, 0xf7, 0x5b,
    0xff, 0xfa, 0x12, 0x1f, 0xfd, 0x87, 0xff, 0xfa,
    0xc1, 0xff, 0xd5, 0x7f, 0xff, 0xb0, 0x1f, 0xfd,
    0x4f, 0xff, 0xed, 0x7, 0xff, 0x49, 0xff, 0xfe,
    0xd4, 0x1f, 0xfd, 0x1b, 0xff, 0xfb, 0x70, 0x7f,
    0xf4, 0x2f, 0xff, 0xee, 0x21, 0xff, 0xcf, 0xbf,
    0xff, 0xba, 0x1f, 0xfc, 0xfb, 0xff, 0xfb, 0xc1,
    0xff, 0xce, 0x7f, 0xff, 0xbe, 0x1f, 0xfc, 0xd7,
    0xff, 0xfb, 0xf0, 0x7f, 0xf3, 0x7f, 0xff, 0xc1,
    0x7, 0xff, 0x32, 0xff, 0xff, 0x2, 0x1f, 0xfc,
    0xcf, 0xff, 0xf0, 0x87, 0xff, 0x32, 0xff, 0xff,
    0x8, 0x7f, 0xf3, 0x3f, 0xff, 0xc4, 0x1f, 0xfc,
    0xbb, 0xff, 0xfc, 0x41, 0xff, 0xcb, 0xff, 0xff,
    0x14, 0x1f, 0xfc, 0xa7, 0xff, 0xfc, 0x48, 0x7f,
    0xf2, 0xbf, 0xff, 0xa7, 0x28, 0xb, 0x53, 0xfc,
    0x87, 0xff, 0x2b, 0xff, 0xfa, 0x10, 0x7f, 0xf0,
    0xdf, 0x7, 0xff, 0x29, 0xff, 0xfe, 0x78, 0x7f,
    0xf7, 0xaf, 0xff, 0xe7, 0x7, 0xff, 0x7f, 0xff,
    0xf9, 0xc1, 0xff, 0xe0, 0xff, 0xfe, 0x6a, 0x1f,
    0xfd, 0xf7, 0xff, 0xf9, 0xa1, 0xff, 0xe0, 0xbf,
    0xff, 0x99, 0x7, 0xff, 0x82, 0xff, 0xfe, 0x60,
    0x7f, 0xf8, 0x7f, 0xff, 0x9a, 0x1f, 0xfe, 0x1f,
    0xff, 0xe6, 0x41, 0xff, 0xe1, 0xff, 0xfe, 0x62,
    0x1f, 0xfe, 0x1f, 0xff, 0xe6, 0x21, 0xff, 0xe1,
    0xff, 0xfe, 0x60, 0x7f, 0xf8, 0xbf, 0xff, 0x98,
    0x1f, 0xfe, 0x2f, 0xff, 0xe6, 0x7, 0xff, 0x8b,
    0xff, 0xf9, 0x81, 0xff, 0xe2, 0xff, 0xfe, 0x60,
    0x7f, 0xf8, 0xbf, 0xff, 0x98, 0x1f, 0xfe, 0x2f,
    0xff, 0xe6, 0x7, 0xff, 0x8b, 0xff, 0xf9, 0x81,
    0xff, 0xe2, 0xff, 0xfe, 0x60, 0x7f, 0xf8, 0xbf,
    0xff, 0x98, 0x1f, 0xfe, 0x2f, 0xff, 0xe6, 0x7,
    0xff, 0x8b, 0xff, 0xf9, 0x81, 0xff, 0xe2, 0xff,
    0xfe, 0x60, 0x7f, 0xf8, 0xbf, 0xff, 0x98, 0x1f,
    0xfe, 0x2f, 0xff, 0xe6, 0x7, 0xff, 0x49, 0x7f,
    0xf8, 0x77, 0xff, 0xf3, 0x17, 0xff, 0x94, 0x1f,
    0x3f, 0xff, 0xf2, 0xf, 0x9f, 0xff, 0xf9, 0x7,
    0xcf, 0xff, 0xfc, 0x83, 0xe7, 0xff, 0xfe, 0x41,
    0xf3, 0xff, 0xff, 0x20, 0xf9, 0xff, 0xff, 0x90,
    0x7c, 0xff, 0xff, 0xc8, 0x3e, 0x7f, 0xff, 0xe4,
    0x1f, 0x3f, 0xff, 0xf2, 0xf, 0x9f, 0xff, 0xf9,
    0x7, 0xcf, 0xff, 0xfc, 0x83, 0xe7, 0xff, 0xfe,
    0x41, 0xf3, 0xff, 0xff, 0x20, 0xf9, 0xff, 0xff,
    0x90, 0x7c, 0xff, 0xff, 0xc8, 0x3e, 0x7f, 0xff,
    0xe4, 0x1f, 0x3f, 0xff, 0xf2, 0xf, 0x9f, 0xff,
    0xf9, 0x7, 0xcf, 0xff, 0xfc, 0x83, 0xe7, 0xff,
    0xfe, 0x41, 0xff, 0xcc, 0xff, 0xfe, 0x60, 0x7f,
    0xf8, 0xbf, 0xff, 0x98, 0x1f, 0xfe, 0x2f, 0xff,
    0xe6, 0x7, 0xff, 0x8b, 0xff, 0xf9, 0x81, 0xff,
    0xe2, 0xff, 0xfe, 0x60, 0x7f, 0xf8, 0xbf, 0xff,
    0x98, 0x1f, 0xfe, 0x2f, 0xff, 0xe6, 0x7, 0xff,
    0x8b, 0xff, 0xf9, 0x81, 0xff, 0xe2, 0xff, 0xfe,
    0x60, 0x7f, 0xf8, 0xbf, 0xff, 0x98, 0x1f, 0xfe,
    0x2f, 0xff, 0xe6, 0x7, 0xff, 0x8b, 0xff, 0xf9,
    0x81, 0xff, 0xe2, 0xff, 0xfe, 0x60, 0x7f, 0xf8,
    0xbf, 0xff, 0x98, 0x1f, 0xfe, 0x2f, 0xff, 0xe6,
    0x7, 0xff, 0x8b, 0xff, 0xf9, 0x81, 0xff, 0xe2,
    0xff, 0xfe, 0x60, 0x7f, 0xf8, 0xbf, 0xff, 0x98,
    0x1f, 0xfe, 0x2f, 0xff, 0xe6, 0x7, 0xff, 0x8b,
    0xff, 0xf9, 0x81, 0xff, 0xe2, 0xff, 0xfe, 0x60,
    0x7f, 0xf8, 0xbf, 0xff, 0x98, 0x1f, 0xfe, 0x2f,
    0xff, 0xe6, 0x7, 0xff, 0x8b, 0xff, 0xf9, 0x81,
    0xff, 0xe2, 0xff, 0xfe, 0x60, 0x7f, 0xf8, 0xbf,
    0xff, 0x98, 0x1f, 0xfe, 0x2f, 0xff, 0xe6, 0x7,
    0xff, 0x8b, 0xff, 0xf9, 0x81, 0xff, 0xe2, 0xff,
    0xfe, 0x60, 0x7f, 0xf8, 0xbf, 0xff, 0x98, 0x1f,
    0xfe, 0x2f, 0xff, 0xe6, 0x7, 0xff, 0x8b, 0xff,
    0xf9, 0x81, 0xff, 0xe2, 0xff, 0xfe, 0x60, 0x7f,
    0xf8, 0xbf, 0xff, 0x98, 0x1f, 0xfe, 0x2f, 0xff,
    0xe6, 0x7, 0xff, 0x8b, 0xff, 0xf9, 0x81, 0xff,
    0xe2, 0xff, 0xfe, 0x60, 0x7f, 0xf8, 0xbf, 0xff,
    0x98, 0x1f, 0xfe, 0x2f, 0xff, 0xe6, 0x7, 0xff,
    0x8b, 0xff, 0xf9, 0x81, 0xff, 0xe2, 0xff, 0xfe,
    0x60, 0x7f, 0xf8, 0xbf, 0xff, 0x98, 0x1f, 0xfe,
    0x2f, 0xff, 0xe6, 0x7, 0xff, 0x8b, 0xff, 0xf9,
    0x81, 0xff, 0xe2, 0xff, 0xfe, 0x60, 0x7f, 0xf8,
    0xbf, 0xff, 0x98, 0x1f, 0xfe, 0x2f, 0xff, 0xe6,
    0x7, 0xff, 0x8b, 0xff, 0xf9, 0x81, 0xff, 0xe2,
    0xff, 0xfe, 0x60, 0x7f, 0xf8, 0xbf, 0xff, 0x98,
    0x1f, 0xfe, 0x2f, 0xff, 0xe6, 0x7, 0xff, 0x8b,
    0xff, 0xf9, 0x81, 0xff, 0xe2, 0xff, 0xfe, 0x60,
    0x7f, 0xf8, 0xbf, 0xff, 0x98, 0x1f, 0xfe, 0x2f,
    0xff, 0xe6, 0x7, 0xff, 0x8b, 0xff, 0xf9, 0x81,
    0xff, 0xe2, 0xff, 0xfe, 0x60, 0x7f, 0xf8, 0xbf,
    0xff, 0x98, 0x1f, 0xfe, 0x2f, 0xff, 0xe6, 0x7,
    0xff, 0x8b, 0xff, 0xf9, 0x81, 0xff, 0xe2, 0xff,
    0xfe, 0x60, 0x7f, 0xf8, 0xbf, 0xff, 0x98, 0x1f,
    0xfe, 0x2f, 0xff, 0xe6, 0x7, 0xff, 0x8b, 0xff,
    0xf9, 0x81, 0xff, 0xe2, 0xff, 0xfe, 0x60, 0x7f,
    0xf8, 0xbf, 0xff, 0x98, 0x1f, 0xfe, 0x2f, 0xff,
    0xe6, 0x7, 0xff, 0x8b, 0xff, 0xf9, 0x81, 0xff,
    0xe2, 0xff, 0xfe, 0x60, 0x7f, 0xf8, 0xbf, 0xff,
    0x98, 0x1f, 0xfe, 0x2f, 0xff, 0xe6, 0x7, 0xff,
    0x8b, 0xff, 0xf9, 0x81, 0xff, 0xe2, 0xff, 0xfe,
    0x60, 0x7f, 0xf8, 0xbf, 0xff, 0x98, 0x1f, 0xfe,
    0x2f, 0xff, 0xe6, 0x7, 0xff, 0x8b, 0xff, 0xf9,
    0x81, 0xff, 0xe2, 0xff, 0xfe, 0x60, 0x7f, 0xf8,
    0xbf, 0xff, 0x98, 0x1f, 0xfe, 0x2f, 0xff, 0xe6,
    0x7, 0xff, 0x8b, 0xff, 0xf9, 0x81, 0xff, 0xe2,
    0xff, 0xfe, 0x60, 0x7f, 0xf8, 0xbf, 0xff, 0x98,
    0x1f, 0xfe, 0x2f, 0xff, 0xe6, 0x7, 0xff, 0x8b,
    0xff, 0xf9, 0x81, 0xff, 0xe2, 0xff, 0xfe, 0x60,
    0x7f, 0xf4, 0x40,

    /* U+0067 "g" */
    0xf, 0xff, 0xf8, 0x7f, 0xfe, 0x15, 0x7f, 0xff,
    0x6, 0x50, 0x7f, 0xff, 0xc3, 0xcd, 0xff, 0xfc,
    0xb8, 0x3f, 0xff, 0xed, 0xff, 0xfd, 0x14, 0x3f,
    0xf8, 0xb7, 0xff, 0xf2, 0x83, 0xff, 0xa5, 0x7f,
    0xff, 0x5a, 0xf, 0xfe, 0x1d, 0xff, 0xfc, 0xa0,
    0xff, 0xe8, 0x5f, 0xff, 0xda, 0x83, 0xff, 0x83,
    0x7f, 0xff, 0x28, 0x3f, 0xf9, 0xd7, 0xff, 0xf7,
    0x90, 0xff, 0xaf, 0xff, 0xe5, 0x7, 0xff, 0x31,
    0xff, 0xff, 0x10, 0x7f, 0xaf, 0xff, 0xe5, 0x7,
    0xff, 0x2f, 0xff, 0xfc, 0xa8, 0x7e, 0xbf, 0xff,
    0x94, 0x1f, 0xfc, 0x97, 0xff, 0xfc, 0xf0, 0x7d,
    0x7f, 0xff, 0x28, 0x3f, 0xf9, 0x17, 0xff, 0xfa,
    0x83, 0xd7, 0xff, 0xf2, 0x83, 0xff, 0x8f, 0xff,
    0xfe, 0xd0, 0xeb, 0xff, 0xf9, 0x41, 0xff, 0xc6,
    0xff, 0xff, 0x7a, 0x15, 0xff, 0xfc, 0xa0, 0xff,
    0xe2, 0x3f, 0xff, 0xf1, 0xa, 0xff, 0xfe, 0x50,
    0x7f, 0xf0, 0xdf, 0xff, 0xf9, 0x82, 0xff, 0xfe,
    0x50, 0x7f, 0xf0, 0xff, 0xff, 0xea, 0x5f, 0xff,
    0xca, 0xf, 0xfe, 0x17, 0xff, 0xfd, 0xa9, 0xff,
    0xfc, 0xa0, 0xff, 0xe0, 0xff, 0xff, 0xff, 0xff,
    0xf8, 0x81, 0xff, 0xc0, 0xff, 0xff, 0xff, 0xff,
    0xf1, 0x43, 0xfe, 0xbf, 0xff, 0xff, 0xff, 0xfc,
    0x50, 0xff, 0x3f, 0xff, 0xff, 0xff, 0xfe, 0x30,
    0x7f, 0xbf, 0xff, 0xff, 0xff, 0xfc, 0x70, 0xfe,
    0xbf, 0xff, 0xb1, 0x28, 0x3e, 0x55, 0xff, 0xfe,
    0x10, 0xfc, 0xff, 0xff, 0x5a, 0xf, 0xfe, 0x2d,
    0xff, 0xfd, 0xe0, 0xfd, 0xff, 0xfd, 0x54, 0x3f,
    0xf9, 0x2f, 0xff, 0xf7, 0x3, 0xe7, 0xff, 0xfa,
    0x68, 0x7f, 0xf3, 0x5f, 0xff, 0xed, 0x7, 0xdf,
    0xff, 0xd2, 0x83, 0xff, 0xa3, 0xff, 0xfd, 0x90,
    0xf5, 0xff, 0xfd, 0x14, 0x3f, 0xfa, 0x77, 0xff,
    0xf5, 0xc3, 0xdf, 0xff, 0xd1, 0x43, 0xff, 0xaa,
    0xff, 0xff, 0x58, 0x39, 0xff, 0xfe, 0x82, 0x1f,
    0xfd, 0x77, 0xff, 0xfa, 0xa1, 0xdf, 0xff, 0xd0,
    0x43, 0xff, 0xb2, 0xff, 0xff, 0x50, 0x33, 0xff,
    0xfc, 0xf8, 0x3f, 0xfb, 0x6f, 0xff, 0xf4, 0xc3,
    0x5f, 0xff, 0xcf, 0xf, 0xfe, 0xed, 0xff, 0xfd,
    0x20, 0xdf, 0xff, 0xcf, 0xf, 0xfe, 0xff, 0xff,
    0xf4, 0x82, 0x7f, 0xff, 0x9c, 0x87, 0xff, 0x83,
    0xff, 0xfa, 0x21, 0x7f, 0xff, 0x3c, 0x3f, 0xfc,
    0x37, 0xff, 0xf4, 0x2, 0xff, 0xfe, 0x72, 0x1f,
    0xfe, 0x2f, 0xff, 0xe8, 0x1, 0xff, 0xfe, 0x70,
    0x7f, 0xf8, 0xef, 0xff, 0xe7, 0x82, 0xff, 0xfe,
    0x6a, 0x1f, 0xfe, 0x4f, 0xff, 0xe7, 0x83, 0xff,
    0xf9, 0xc1, 0xff, 0xe5, 0xbf, 0xff, 0x9c, 0xf,
    0xff, 0xe6, 0xc1, 0xff, 0xe5, 0x7f, 0xff, 0x9c,
    0x3f, 0xff, 0xcd, 0xf, 0xff, 0x3f, 0xff, 0xf3,
    0x8b, 0xff, 0xf9, 0xa1, 0xff, 0xe7, 0xbf, 0xff,
    0x9a, 0x7f, 0xff, 0x36, 0xf, 0xff, 0x3b, 0xff,
    0xfc, 0xd3, 0xff, 0xf9, 0xa8, 0x7f, 0xfa, 0x3f,
    0xff, 0x9a, 0x7f, 0xff, 0x34, 0x3f, 0xfd, 0x37,
    0xff, 0xf3, 0xf, 0xff, 0xe6, 0x87, 0xff, 0xa5,
    0xff, 0xfe, 0x63, 0xff, 0xfc, 0xd0, 0xff, 0xf4,
    0xbf, 0xff, 0xcc, 0x7f, 0xff, 0x99, 0x7, 0xff,
    0xab, 0xff, 0xf9, 0x97, 0xff, 0xf3, 0x20, 0xff,
    0xf5, 0x7f, 0xff, 0x32, 0xff, 0xfe, 0x62, 0x1f,
    0xfe, 0xaf, 0xff, 0xe6, 0x5f, 0xff, 0xcc, 0x43,
    0xff, 0xd5, 0xff, 0xfc, 0xcb, 0xff, 0xf9, 0x88,
    0x7f, 0xfa, 0xbf, 0xff, 0xca, 0x1f, 0xfe, 0xbb,
    0xff, 0xfc, 0x81, 0xff, 0xeb, 0xbf, 0xff, 0xc8,
    0x1f, 0xfe, 0xbb, 0xff, 0xfc, 0x88, 0x7f, 0xfa,
    0xaf, 0xff, 0xe5, 0xdf, 0xff, 0xcc, 0x43, 0xff,
    0xd5, 0x7f, 0xff, 0x2e, 0xff, 0xfe, 0x62, 0x1f,
    0xfe, 0xab, 0xff, 0xf9, 0x77, 0xff, 0xf3, 0x10,
    0xff, 0xf5, 0x5f, 0xff, 0xcb, 0xbf, 0xff, 0x99,
    0x7, 0xff, 0xab, 0xff, 0xf9, 0x97, 0xff, 0xf3,
    0x20, 0xff, 0xf5, 0x7f, 0xff, 0x31, 0xff, 0xfe,
    0x68, 0x7f, 0xfa, 0xbf, 0xff, 0x98, 0xff, 0xff,
    0x34, 0x3f, 0xfd, 0x5f, 0xff, 0xcc, 0x3f, 0xff,
    0x9a, 0x1f, 0xfe, 0x97, 0xff, 0xf9, 0x87, 0xff,
    0xf3, 0x50, 0xff, 0xf4, 0x5f, 0xff, 0xcc, 0x3f,
    0xff, 0x9b, 0x7, 0xff, 0xa3, 0xff, 0xf9, 0xa7,
    0xff, 0xf3, 0x83, 0xff, 0xd1, 0xff, 0xfc, 0xd2,
    0xff, 0xfe, 0x68, 0x7f, 0xf9, 0xdf, 0xff, 0xe6,
    0x8f, 0xff, 0xf3, 0x60, 0xff, 0xf3, 0x7f, 0xff,
    0x38, 0x1f, 0xff, 0xce, 0xf, 0xff, 0x37, 0xff,
    0xf3, 0x81, 0xff, 0xfc, 0xe4, 0x3f, 0xfc, 0x97,
    0xff, 0xf3, 0x81, 0x7f, 0xff, 0x38, 0x3f, 0xfc,
    0x9f, 0xff, 0xcf, 0x3, 0xff, 0xfc, 0xe4, 0x3f,
    0xfc, 0x57, 0xff, 0xf3, 0xc2, 0xff, 0xfe, 0x78,
    0x7f, 0xf8, 0xbf, 0xff, 0xa0, 0x17, 0xff, 0xf3,
    0xd0, 0xff, 0xf0, 0x5f, 0xff, 0xd0, 0x9, 0xff,
    0xfe, 0x78, 0x7f, 0xf7, 0xdf, 0xff, 0xe8, 0x86,
    0xff, 0xfe, 0x7c, 0x1f, 0xfd, 0xef, 0xff, 0xe9,
    0x6, 0xbf, 0xff, 0x9e, 0x87, 0xff, 0x73, 0xff,
    0xfa, 0x61, 0x9f, 0xff, 0xe8, 0x21, 0xff, 0xda,
    0xbf, 0xff, 0xa6, 0x1d, 0xff, 0xfd, 0x14, 0x3f,
    0xfb, 0x17, 0xff, 0xf5, 0x3, 0x9f, 0xff, 0xe8,
    0xa1, 0xff, 0xd6, 0xbf, 0xff, 0xaa, 0x1e, 0xff,
    0xfe, 0x92, 0x1f, 0xfd, 0x4f, 0xff, 0xeb, 0x87,
    0x9f, 0xff, 0xe9, 0x41, 0xff, 0xd1, 0x7f, 0xff,
    0xb0, 0x1f, 0x7f, 0xff, 0x51, 0xf, 0xfe, 0x75,
    0xff, 0xfd, 0x90, 0xf9, 0xff, 0xfe, 0xa4, 0x1f,
    0xfc, 0xbb, 0xff, 0xfb, 0x61, 0xfa, 0xff, 0xfe,
    0xb2, 0x1f, 0xfc, 0x57, 0xff, 0xfb, 0xc1, 0xfd,
    0xff, 0xfd, 0x99, 0xf, 0xca, 0xbf, 0xff, 0xc2,
    0x1f, 0xcf, 0xff, 0xff, 0xff, 0xff, 0x8e, 0x1f,
    0xeb, 0xff, 0xff, 0xff, 0xff, 0xc6, 0xf, 0xfb,
    0xff, 0xff, 0xff, 0xff, 0xc6, 0xf, 0xfe, 0x7,
    0xff, 0xff, 0xff, 0xff, 0x8a, 0x1f, 0xfc, 0x7,
    0xff, 0xff, 0xff, 0xff, 0xc4, 0xf, 0xfe, 0xd,
    0xff, 0xff, 0xff, 0xff, 0xe1, 0x87, 0xff, 0xa,
    0xff, 0xff, 0x9a, 0xbf, 0xff, 0x98, 0x1f, 0xfc,
    0x3b, 0xff, 0xfe, 0x30, 0xff, 0xff, 0x30, 0x3f,
    0xf8, 0x97, 0xff, 0xfc, 0x0, 0xff, 0xff, 0x30,
    0x3f, 0xf8, 0xb7, 0xff, 0xfb, 0x82, 0x7f, 0xff,
    0x98, 0x1f, 0xfc, 0x67, 0xff, 0xfd, 0x81, 0x9f,
    0xff, 0xe6, 0x7, 0xff, 0x23, 0xff, 0xfd, 0x41,
    0xcf, 0xff, 0xf3, 0x3, 0xff, 0x93, 0x7f, 0xff,
    0x9c, 0x3c, 0xff, 0xff, 0x30, 0x3f, 0xf9, 0x4f,
    0xff, 0xf9, 0x20, 0xf9, 0xff, 0xfe, 0x60, 0x7f,
    0xf3, 0x2f, 0xff, 0xf0, 0xa1, 0xf9, 0xff, 0xfe,
    0x60, 0x7f, 0xf3, 0xaf, 0xff, 0xee, 0xc1, 0xfe,
    0x7f, 0xff, 0x98, 0x1f, 0xfd, 0xb, 0xff, 0xfb,
    0x30, 0x7f, 0xf0, 0x1f, 0xff, 0xe6, 0x7, 0xff,
    0x4a, 0xff, 0xfe, 0xac, 0x1f, 0xfc, 0x27, 0xff,
    0xf9, 0x70, 0x7f, 0xf5, 0x1b, 0xff, 0xf9, 0xf2,
    0x1f, 0xfc, 0x47, 0xff, 0xf9, 0x70, 0x7f, 0xf6,
    0x1b, 0xff, 0xf9, 0x12, 0x1f, 0xfc, 0x7b, 0xff,
    0xf9, 0x70, 0x7f, 0xf7, 0x15, 0x5b, 0xea, 0xca,
    0xf, 0xfe, 0x65, 0xff, 0xfc, 0xb8, 0x3f, 0xff,
    0xe1, 0xbf, 0xff, 0x99, 0x7, 0xff, 0xfc, 0x37,
    0xff, 0xf3, 0x10, 0xff, 0xff, 0x86, 0xff, 0xfe,
    0x62, 0x1f, 0xff, 0xf0, 0x9f, 0xff, 0xe6, 0x7,
    0xff, 0xfc, 0x35, 0xff, 0xfc, 0xc0, 0xff, 0xff,
    0x86, 0xff, 0xfe, 0x68, 0x7f, 0xff, 0xc2, 0x7f,
    0xff, 0x99, 0x7, 0xff, 0xfc, 0x2f, 0xff, 0xe6,
    0xa1, 0xff, 0xff, 0xb, 0xff, 0xf9, 0xa1, 0xff,
    0xc6, 0x43, 0xff, 0xdf, 0x7f, 0xff, 0x34, 0x3f,
    0xf8, 0xb7, 0x7, 0xff, 0xb5, 0xff, 0xfe, 0x70,
    0x7f, 0xf1, 0x1f, 0xc1, 0xff, 0xec, 0xff, 0xfe,
    0x72, 0x1f, 0xfc, 0x4f, 0xf2, 0x1f, 0xfe, 0x9b,
    0xff, 0xf9, 0xc1, 0xff, 0xc4, 0xbf, 0xe8, 0x3f,
    0xfc, 0xef, 0xff, 0xf3, 0xc3, 0xff, 0x86, 0xff,
    0xf9, 0xf, 0xff, 0x2f, 0xff, 0xf3, 0xd0, 0xff,
    0xe1, 0xff, 0xff, 0x2, 0xf, 0xff, 0x1f, 0xff,
    0xf4, 0x3, 0xff, 0x87, 0x7f, 0xff, 0xa, 0xf,
    0xff, 0x7, 0xff, 0xf4, 0x20, 0xff, 0xe1, 0x3f,
    0xff, 0xc5, 0x43, 0xff, 0xb8, 0xff, 0xff, 0x44,
    0x3f, 0xf8, 0x7f, 0xff, 0xc8, 0x83, 0xff, 0xb3,
    0x7f, 0xff, 0x48, 0x3f, 0xf8, 0x5f, 0xff, 0xcb,
    0x90, 0xff, 0xea, 0x5f, 0xff, 0xd3, 0x43, 0xff,
    0x82, 0xff, 0xff, 0x3a, 0xf, 0xfe, 0x85, 0xff,
    0xfd, 0x48, 0x3f, 0xf8, 0x5f, 0xff, 0xd2, 0x90,
    0xff, 0xe4, 0x37, 0xff, 0xf5, 0xc3, 0xff, 0x85,
    0xff, 0xfd, 0x8a, 0x2e, 0x9, 0x75, 0x3f, 0xff,
    0xb5, 0x7, 0xff, 0x6, 0xff, 0xff, 0xff, 0xff,
    0xf0, 0x83, 0xff, 0x85, 0xff, 0xff, 0xff, 0xff,
    0xe1, 0x7, 0xff, 0xb, 0xff, 0xff, 0xff, 0xff,
    0xc2, 0x43, 0xff, 0x83, 0x7f, 0xff, 0xff, 0xff,
    0xf8, 0x30, 0x7f, 0xf0, 0xff, 0xff, 0xff, 0xff,
    0xfc, 0x10, 0xff, 0xe2, 0xdf, 0xff, 0xff, 0xff,
    0xf0, 0x7f, 0xf1, 0xdf, 0xff, 0xff, 0xff, 0xe0,
    0xff, 0xe4, 0xbf, 0xff, 0xff, 0xff, 0x7, 0xff,
    0x32, 0xff, 0xff, 0xff, 0xc1, 0xff, 0xce, 0x7f,
    0xff, 0xff, 0x7, 0xff, 0x46, 0xff, 0xff, 0xe4,
    0x1f, 0xfd, 0x37, 0xff, 0xff, 0x48, 0x7f, 0xf5,
    0x9f, 0xff, 0xfb, 0x41, 0xff, 0xda, 0x7f, 0xff,
    0xe6, 0x87, 0xff, 0x75, 0xff, 0xff, 0x7a, 0x1f,
    0xfe, 0x16, 0xff, 0xff, 0x52, 0x1f, 0xfe, 0x6b,
    0xff, 0xfc, 0xc8, 0x7f, 0xfa, 0xef, 0xff, 0xf0,
    0x41, 0xff, 0xf1, 0x6f, 0xff, 0xec, 0x48, 0x7f,
    0xfe, 0x1b, 0xff, 0xfa, 0x12, 0x83, 0xff, 0xfe,
    0x2a, 0xaf, 0xff, 0xe0, 0x54, 0xa0, 0xff, 0xef,
    0x0,

    /* U+0068 "h" */
    0x3f, 0xff, 0x98, 0x1f, 0xff, 0xbf, 0xff, 0xe6,
    0x7, 0xff, 0xef, 0xff, 0xf9, 0x81, 0xff, 0xfb,
    0xff, 0xfe, 0x60, 0x7f, 0xfe, 0xff, 0xff, 0x98,
    0x1f, 0xff, 0xbf, 0xff, 0xe6, 0x7, 0xff, 0xef,
    0xff, 0xf9, 0x81, 0xff, 0xfb, 0xff, 0xfe, 0x60,
    0x7f, 0xfe, 0xff, 0xff, 0x98, 0x1f, 0xff, 0xbf,
    0xff, 0xe6, 0x7, 0xff, 0xef, 0xff, 0xf9, 0x81,
    0xff, 0xfb, 0xff, 0xfe, 0x60, 0x7f, 0xfe, 0xff,
    0xff, 0x98, 0x1f, 0xff, 0xbf, 0xff, 0xe6, 0x7,
    0xff, 0xef, 0xff, 0xf9, 0x81, 0xff, 0xfb, 0xff,
    0xfe, 0x60, 0x7f, 0xfe, 0xff, 0xff, 0x98, 0x1f,
    0xff, 0xbf, 0xff, 0xe6, 0x7, 0xff, 0xef, 0xff,
    0xf9, 0x81, 0xff, 0xfb, 0xff, 0xfe, 0x60, 0x7f,
    0xfe, 0xff, 0xff, 0x98, 0x1f, 0xff, 0xbf, 0xff,
    0xe6, 0x7, 0xff, 0xef, 0xff, 0xf9, 0x81, 0xff,
    0xfb, 0xff, 0xfe, 0x60, 0x7f, 0xfe, 0xff, 0xff,
    0x98, 0x1f, 0xff, 0xbf, 0xff, 0xe6, 0x7, 0xff,
    0xef, 0xff, 0xf9, 0x81, 0xff, 0xfb, 0xff, 0xfe,
    0x60, 0x7f, 0xfe, 0xff, 0xff, 0x98, 0x1f, 0xff,
    0xbf, 0xff, 0xe6, 0x7, 0xff, 0xef, 0xff, 0xf9,
    0x81, 0xff, 0xfb, 0xff, 0xfe, 0x60, 0x7f, 0xfe,
    0xff, 0xff, 0x98, 0x1f, 0xff, 0xbf, 0xff, 0xe6,
    0x7, 0xff, 0xef, 0xff, 0xf9, 0x81, 0xff, 0xfb,
    0xff, 0xfe, 0x60, 0x7f, 0xfe, 0xff, 0xff, 0x98,
    0x1f, 0xff, 0xbf, 0xff, 0xe6, 0x7, 0xff, 0xef,
    0xff, 0xf9, 0x81, 0xff, 0xfb, 0xff, 0xfe, 0x60,
    0x7f, 0xfe, 0xff, 0xff, 0x98, 0x1f, 0xff, 0xbf,
    0xff, 0xe6, 0x7, 0xff, 0xef, 0xff, 0xf9, 0x81,
    0xff, 0xfb, 0xff, 0xfe, 0x60, 0x7f, 0xfe, 0xff,
    0xff, 0x98, 0x1f, 0xff, 0xbf, 0xff, 0xe6, 0x7,
    0xff, 0xef, 0xff, 0xf9, 0x81, 0xff, 0xcc, 0x6f,
    0xff, 0xe0, 0xc8, 0x7f, 0xf4, 0xbf, 0xff, 0x98,
    0x1f, 0xfc, 0x86, 0xff, 0xfe, 0x4c, 0x87, 0xff,
    0x3b, 0xff, 0xf9, 0x81, 0xff, 0xc5, 0x6f, 0xff,
    0xe7, 0xc8, 0x7f, 0xf2, 0xff, 0xff, 0x98, 0x1f,
    0xfc, 0x37, 0xff, 0xfa, 0xa8, 0x7f, 0xf2, 0x7f,
    0xff, 0x98, 0x1f, 0xfc, 0x17, 0xff, 0xfb, 0x28,
    0x7f, 0xf1, 0xff, 0xff, 0x98, 0x1f, 0xfc, 0xb,
    0xff, 0xfb, 0x70, 0x7f, 0xf1, 0xbf, 0xff, 0x98,
    0x1f, 0xe7, 0xff, 0xfb, 0xe8, 0x7f, 0xf1, 0x3f,
    0xff, 0x98, 0x1f, 0xdf, 0xff, 0xe2, 0x83, 0xff,
    0x87, 0xff, 0xfc, 0xc0, 0xf9, 0xff, 0xff, 0x28,
    0x7f, 0xf0, 0xbf, 0xff, 0x98, 0x1e, 0xbf, 0xff,
    0xce, 0x1f, 0xfc, 0x1f, 0xff, 0xe6, 0x7, 0x5f,
    0xff, 0xe9, 0xf, 0xfe, 0x7, 0xff, 0xf3, 0x3,
    0x5f, 0xff, 0xeb, 0xf, 0xfb, 0xff, 0xf9, 0x81,
    0x5f, 0xff, 0xec, 0x83, 0xfd, 0xff, 0xfc, 0xc0,
    0x5f, 0xff, 0xee, 0x83, 0xfb, 0xff, 0xf9, 0x83,
    0xff, 0xff, 0x4, 0x3f, 0x7f, 0xff, 0x32, 0xff,
    0xff, 0x90, 0x7e, 0xff, 0xff, 0xff, 0xff, 0xf0,
    0x20, 0xfb, 0xff, 0xff, 0xff, 0xff, 0xc1, 0xf,
    0xbf, 0xff, 0xff, 0xff, 0xfc, 0x18, 0x3d, 0xff,
    0xff, 0xff, 0xff, 0xe1, 0x21, 0xdf, 0xff, 0xff,
    0xff, 0xfe, 0x14, 0x1d, 0xff, 0xfe, 0x19, 0xf,
    0x2a, 0xff, 0xfe, 0xb0, 0x77, 0xff, 0xf7, 0x90,
    0xff, 0xe1, 0x3f, 0xff, 0xd4, 0x83, 0x7f, 0xff,
    0x6e, 0xf, 0xfe, 0x3b, 0xff, 0xfd, 0x30, 0xdf,
    0xff, 0xda, 0x43, 0xff, 0x95, 0x7f, 0xff, 0x45,
    0xb, 0xff, 0xfb, 0x10, 0x7f, 0xf3, 0x6f, 0xff,
    0xe8, 0x41, 0x7f, 0xff, 0x5d, 0xf, 0xfe, 0x7d,
    0xff, 0xfd, 0x0, 0xbf, 0xff, 0xac, 0x1f, 0xfd,
    0x2b, 0xff, 0xf9, 0xe1, 0x7f, 0xff, 0x54, 0x3f,
    0xfa, 0x9f, 0xff, 0xcf, 0x41, 0xff, 0xfd, 0x40,
    0xff, 0xea, 0xbf, 0xff, 0xce, 0x81, 0xff, 0xfd,
    0x30, 0xff, 0xeb, 0xff, 0xff, 0x3c, 0x1f, 0xff,
    0xd2, 0x43, 0xff, 0xae, 0xff, 0xff, 0x38, 0x1f,
    0xff, 0xd1, 0x83, 0xff, 0xb3, 0xff, 0xfc, 0xe0,
    0x7f, 0xff, 0x44, 0x3f, 0xfb, 0x4f, 0xff, 0xf3,
    0x53, 0xff, 0xfa, 0x8, 0x7f, 0xf6, 0xff, 0xff,
    0x9a, 0x9f, 0xff, 0xd0, 0xf, 0xfe, 0xe7, 0xff,
    0xf3, 0x63, 0xff, 0xf9, 0xe8, 0x7f, 0xf7, 0x2f,
    0xff, 0xe6, 0x47, 0xff, 0xf3, 0xc3, 0xff, 0xba,
    0xff, 0xff, 0x32, 0x3f, 0xff, 0x9c, 0x87, 0xff,
    0x7b, 0xff, 0xf9, 0x91, 0xff, 0xfc, 0xe0, 0xff,
    0xef, 0xff, 0xff, 0x34, 0xff, 0xfe, 0x6c, 0x1f,
    0xfd, 0xff, 0xff, 0xe6, 0x9f, 0xff, 0xcd, 0x43,
    0xff, 0xbf, 0x7f, 0xff, 0x30, 0xff, 0xfe, 0x68,
    0x7f, 0xf8, 0x2f, 0xff, 0xe6, 0x1f, 0xff, 0xcd,
    0xf, 0xff, 0x3, 0xff, 0xfc, 0xc3, 0xff, 0xf9,
    0x90, 0x7f, 0xf8, 0x1f, 0xff, 0xe6, 0x1f, 0xff,
    0xcc, 0x43, 0xff, 0xc0, 0xff, 0xff, 0x30, 0xff,
    0xfe, 0x62, 0x1f, 0xfe, 0x7, 0xff, 0xf9, 0x87,
    0xff, 0xf3, 0x3, 0xff, 0xc2, 0xff, 0xff, 0x30,
    0xff, 0xfe, 0x60, 0x7f, 0xf8, 0x5f, 0xff, 0xe6,
    0x1f, 0xff, 0xcc, 0xf, 0xff, 0xb, 0xff, 0xfc,
    0xc3, 0xff, 0xf9, 0x81, 0xff, 0xe1, 0x7f, 0xff,
    0x98, 0x7f, 0xff, 0x30, 0x3f, 0xfc, 0x2f, 0xff,
    0xf3, 0xf, 0xff, 0xe6, 0x7, 0xff, 0x85, 0xff,
    0xfe, 0x61, 0xff, 0xfc, 0xc0, 0xff, 0xf0, 0xbf,
    0xff, 0xcc, 0x3f, 0xff, 0x98, 0x1f, 0xfe, 0x17,
    0xff, 0xf9, 0x87, 0xff, 0xf3, 0x3, 0xff, 0xc2,
    0xff, 0xff, 0x30, 0xff, 0xfe, 0x60, 0x7f, 0xf8,
    0x5f, 0xff, 0xe6, 0x1f, 0xff, 0xcc, 0xf, 0xff,
    0xb, 0xff, 0xfc, 0xc3, 0xff, 0xf9, 0x81, 0xff,
    0xe1, 0x7f, 0xff, 0x98, 0x7f, 0xff, 0x30, 0x3f,
    0xfc, 0x2f, 0xff, 0xf3, 0xf, 0xff, 0xe6, 0x7,
    0xff, 0x85, 0xff, 0xfe, 0x61, 0xff, 0xfc, 0xc0,
    0xff, 0xf0, 0xbf, 0xff, 0xcc, 0x3f, 0xff, 0x98,
    0x1f, 0xfe, 0x17, 0xff, 0xf9, 0x87, 0xff, 0xf3,
    0x3, 0xff, 0xc2, 0xff, 0xff, 0x30, 0xff, 0xfe,
    0x60, 0x7f, 0xf8, 0x5f, 0xff, 0xe6, 0x1f, 0xff,
    0xcc, 0xf, 0xff, 0xb, 0xff, 0xfc, 0xc3, 0xff,
    0xf9, 0x81, 0xff, 0xe1, 0x7f, 0xff, 0x98, 0x7f,
    0xff, 0x30, 0x3f, 0xfc, 0x2f, 0xff, 0xf3, 0xf,
    0xff, 0xe6, 0x7, 0xff, 0x85, 0xff, 0xfe, 0x61,
    0xff, 0xfc, 0xc0, 0xff, 0xf0, 0xbf, 0xff, 0xcc,
    0x3f, 0xff, 0x98, 0x1f, 0xfe, 0x17, 0xff, 0xf9,
    0x87, 0xff, 0xf3, 0x3, 0xff, 0xc2, 0xff, 0xff,
    0x30, 0xff, 0xfe, 0x60, 0x7f, 0xf8, 0x5f, 0xff,
    0xe6, 0x1f, 0xff, 0xcc, 0xf, 0xff, 0xb, 0xff,
    0xfc, 0xc3, 0xff, 0xf9, 0x81, 0xff, 0xe1, 0x7f,
    0xff, 0x98, 0x7f, 0xff, 0x30, 0x3f, 0xfc, 0x2f,
    0xff, 0xf3, 0xf, 0xff, 0xe6, 0x7, 0xff, 0x85,
    0xff, 0xfe, 0x61, 0xff, 0xfc, 0xc0, 0xff, 0xf0,
    0xbf, 0xff, 0xcc, 0x3f, 0xff, 0x98, 0x1f, 0xfe,
    0x17, 0xff, 0xf9, 0x87, 0xff, 0xf3, 0x3, 0xff,
    0xc2, 0xff, 0xff, 0x30, 0xff, 0xfe, 0x60, 0x7f,
    0xf8, 0x5f, 0xff, 0xe6, 0x1f, 0xff, 0xcc, 0xf,
    0xff, 0xb, 0xff, 0xfc, 0xc3, 0xff, 0xf9, 0x81,
    0xff, 0xe1, 0x7f, 0xff, 0x98, 0x7f, 0xff, 0x30,
    0x3f, 0xfc, 0x2f, 0xff, 0xf3, 0xf, 0xff, 0xe6,
    0x7, 0xff, 0x85, 0xff, 0xfe, 0x61, 0xff, 0xfc,
    0xc0, 0xff, 0xf0, 0xbf, 0xff, 0xcc, 0x3f, 0xff,
    0x98, 0x1f, 0xfe, 0x17, 0xff, 0xf9, 0x87, 0xff,
    0xf3, 0x3, 0xff, 0xc2, 0xff, 0xff, 0x30, 0xff,
    0xfe, 0x60, 0x7f, 0xf8, 0x5f, 0xff, 0xe6, 0x1f,
    0xff, 0xcc, 0xf, 0xff, 0xb, 0xff, 0xfc, 0xc3,
    0xff, 0xf9, 0x81, 0xff, 0xe1, 0x7f, 0xff, 0x98,
    0x7f, 0xff, 0x30, 0x3f, 0xfc, 0x2f, 0xff, 0xf3,
    0xf, 0xff, 0xe6, 0x7, 0xff, 0x85, 0xff, 0xfe,
    0x61, 0xff, 0xfc, 0xc0, 0xff, 0xf0, 0xbf, 0xff,
    0xcc, 0x3f, 0xff, 0x98, 0x1f, 0xfe, 0x17, 0xff,
    0xf9, 0x87, 0xff, 0xf3, 0x3, 0xff, 0xc2, 0xff,
    0xff, 0x30, 0xff, 0xfe, 0x60, 0x7f, 0xf8, 0x5f,
    0xff, 0xe6, 0x1f, 0xff, 0xcc, 0xf, 0xff, 0xb,
    0xff, 0xfc, 0xc3, 0xff, 0xf9, 0x81, 0xff, 0xe1,
    0x7f, 0xff, 0x98, 0x7f, 0xff, 0x30, 0x3f, 0xfc,
    0x2f, 0xff, 0xf3, 0xf, 0xff, 0xe6, 0x7, 0xff,
    0x85, 0xff, 0xfe, 0x61, 0xff, 0xfc, 0xc0, 0xff,
    0xf0, 0xbf, 0xff, 0xcc, 0x3f, 0xff, 0x98, 0x1f,
    0xfe, 0x17, 0xff, 0xf9, 0x87, 0xff, 0xf3, 0x3,
    0xff, 0xc2, 0xff, 0xff, 0x30, 0xff, 0xfe, 0x60,
    0x7f, 0xf8, 0x5f, 0xff, 0xe6, 0x1f, 0xff, 0xcc,
    0xf, 0xff, 0xb, 0xff, 0xfc, 0xc3, 0xff, 0xf9,
    0x81, 0xff, 0xe1, 0x7f, 0xff, 0x98,

    /* U+0069 "i" */
    0xf, 0xf3, 0x7f, 0xa8, 0x1f, 0xfc, 0x77, 0xff,
    0xf8, 0x28, 0x7f, 0xf0, 0x9f, 0xff, 0xe2, 0x87,
    0xff, 0x1, 0xff, 0xfe, 0x3a, 0x1f, 0xcf, 0xff,
    0xf2, 0x50, 0xf9, 0xff, 0xfe, 0x5a, 0x1e, 0xff,
    0xfe, 0x68, 0x75, 0xff, 0xfc, 0xd8, 0x37, 0xff,
    0xf3, 0xc2, 0xbf, 0xff, 0x9f, 0x3, 0xff, 0xfa,
    0x20, 0xff, 0xfe, 0x88, 0xff, 0xff, 0x45, 0xbf,
    0xff, 0xa2, 0xdf, 0xff, 0xd1, 0xa7, 0xff, 0xf4,
    0x69, 0xff, 0xfd, 0x19, 0xff, 0xfe, 0x8a, 0x7f,
    0xff, 0x44, 0x1f, 0xff, 0xd1, 0x5, 0xff, 0xfc,
    0xf8, 0x2f, 0xff, 0xe7, 0x86, 0xbf, 0xff, 0x9b,
    0x7, 0x7f, 0xff, 0x34, 0x3c, 0xff, 0xff, 0x2d,
    0xf, 0x9f, 0xff, 0xe4, 0xa1, 0xfc, 0xff, 0xff,
    0x1d, 0xf, 0xfe, 0x7, 0xff, 0xf1, 0x43, 0xff,
    0x86, 0xff, 0xff, 0x5, 0xf, 0xfe, 0x3d, 0x3f,
    0xa8, 0x1f, 0xff, 0xf0, 0xff, 0xff, 0x87, 0xff,
    0xfc, 0x3f, 0xff, 0xe1, 0xff, 0xff, 0xf, 0xff,
    0xf8, 0x7f, 0xf4, 0xab, 0xff, 0x96, 0x87, 0x9f,
    0xff, 0xe5, 0xc1, 0xe7, 0xff, 0xf9, 0x70, 0x79,
    0xff, 0xfe, 0x5c, 0x1e, 0x7f, 0xff, 0x97, 0x7,
    0x9f, 0xff, 0xe5, 0xc1, 0xe7, 0xff, 0xf9, 0x70,
    0x79, 0xff, 0xfe, 0x5c, 0x1e, 0x7f, 0xff, 0x97,
    0x7, 0x9f, 0xff, 0xe5, 0xc1, 0xe7, 0xff, 0xf9,
    0x70, 0x79, 0xff, 0xfe, 0x5c, 0x1e, 0x7f, 0xff,
    0x97, 0x7, 0x9f, 0xff, 0xe5, 0xc1, 0xe7, 0xff,
    0xf9, 0x70, 0x79, 0xff, 0xfe, 0x5c, 0x1e, 0x7f,
    0xff, 0x97, 0x7, 0x9f, 0xff, 0xe5, 0xc1, 0xe7,
    0xff, 0xf9, 0x70, 0x79, 0xff, 0xfe, 0x5c, 0x1e,
    0x7f, 0xff, 0x97, 0x7, 0x9f, 0xff, 0xe5, 0xc1,
    0xe7, 0xff, 0xf9, 0x70, 0x79, 0xff, 0xfe, 0x5c,
    0x1e, 0x7f, 0xff, 0x97, 0x7, 0x9f, 0xff, 0xe5,
    0xc1, 0xe7, 0xff, 0xf9, 0x70, 0x79, 0xff, 0xfe,
    0x5c, 0x1e, 0x7f, 0xff, 0x97, 0x7, 0x9f, 0xff,
    0xe5, 0xc1, 0xe7, 0xff, 0xf9, 0x70, 0x79, 0xff,
    0xfe, 0x5c, 0x1e, 0x7f, 0xff, 0x97, 0x7, 0x9f,
    0xff, 0xe5, 0xc1, 0xe7, 0xff, 0xf9, 0x70, 0x79,
    0xff, 0xfe, 0x5c, 0x1e, 0x7f, 0xff, 0x97, 0x7,
    0x9f, 0xff, 0xe5, 0xc1, 0xe7, 0xff, 0xf9, 0x70,
    0x79, 0xff, 0xfe, 0x5c, 0x1e, 0x7f, 0xff, 0x97,
    0x7, 0x9f, 0xff, 0xe5, 0xc1, 0xe7, 0xff, 0xf9,
    0x70, 0x79, 0xff, 0xfe, 0x5c, 0x1e, 0x7f, 0xff,
    0x97, 0x7, 0x9f, 0xff, 0xe5, 0xc1, 0xe7, 0xff,
    0xf9, 0x70, 0x79, 0xff, 0xfe, 0x5c, 0x1e, 0x7f,
    0xff, 0x97, 0x7, 0x9f, 0xff, 0xe5, 0xc1, 0xe7,
    0xff, 0xf9, 0x70, 0x79, 0xff, 0xfe, 0x5c, 0x1e,
    0x7f, 0xff, 0x97, 0x7, 0x9f, 0xff, 0xe5, 0xc1,
    0xe7, 0xff, 0xf9, 0x70, 0x79, 0xff, 0xfe, 0x5c,
    0x1e, 0x7f, 0xff, 0x97, 0x7, 0x9f, 0xff, 0xe5,
    0xc1, 0xe7, 0xff, 0xf9, 0x70, 0x79, 0xff, 0xfe,
    0x5c, 0x1e, 0x7f, 0xff, 0x97, 0x7, 0x9f, 0xff,
    0xe5, 0xc1, 0xe7, 0xff, 0xf9, 0x70, 0x79, 0xff,
    0xfe, 0x5c, 0x1e, 0x7f, 0xff, 0x97, 0x7, 0x9f,
    0xff, 0xe5, 0xc1, 0xe7, 0xff, 0xf9, 0x70, 0x79,
    0xff, 0xfe, 0x5c, 0x1e, 0x7f, 0xff, 0x97, 0x7,
    0x9f, 0xff, 0xe5, 0xc1, 0xe7, 0xff, 0xf9, 0x70,
    0x79, 0xff, 0xfe, 0x5c, 0x1e, 0x7f, 0xff, 0x97,
    0x7, 0x9f, 0xff, 0xe5, 0xc1, 0xe7, 0xff, 0xf9,
    0x70, 0x79, 0xff, 0xfe, 0x5c, 0x1e, 0x7f, 0xff,
    0x97, 0x7, 0x9f, 0xff, 0xe5, 0xc1, 0xe7, 0xff,
    0xf9, 0x70, 0x79, 0xff, 0xfe, 0x5c, 0x1e, 0x7f,
    0xff, 0x97, 0x7, 0x9f, 0xff, 0xe5, 0xc1, 0xe7,
    0xff, 0xf9, 0x70, 0x79, 0xff, 0xfe, 0x5c, 0x1e,
    0x7f, 0xff, 0x97, 0x7, 0x9f, 0xff, 0xe5, 0xc1,
    0xe7, 0xff, 0xf9, 0x70, 0x79, 0xff, 0xfe, 0x5c,
    0x1e, 0x7f, 0xff, 0x97, 0x7, 0x9f, 0xff, 0xe5,
    0xc1, 0xe7, 0xff, 0xf9, 0x70, 0x79, 0xff, 0xfe,
    0x5c, 0x1e, 0x7f, 0xff, 0x97, 0x7, 0x9f, 0xff,
    0xe5, 0xc1, 0xe7, 0xff, 0xf9, 0x70, 0x79, 0xff,
    0xfe, 0x5c, 0x1e, 0x7f, 0xff, 0x97, 0x7, 0x9f,
    0xff, 0xe5, 0xc1, 0xe7, 0xff, 0xf9, 0x70, 0x79,
    0xff, 0xfe, 0x5c, 0x1e, 0x7f, 0xff, 0x97, 0x7,
    0x9f, 0xff, 0xe5, 0xc1, 0xe7, 0xff, 0xf9, 0x70,
    0x79, 0xff, 0xfe, 0x5c, 0x1e, 0x7f, 0xff, 0x97,
    0x7, 0x9f, 0xff, 0xe5, 0xc1, 0x0,

    /* U+006A "j" */
    0xf, 0xfe, 0xb5, 0x3f, 0xd2, 0x1f, 0xfd, 0xd7,
    0xff, 0xf8, 0x28, 0x7f, 0xf6, 0xbf, 0xff, 0x8a,
    0x87, 0xff, 0x59, 0xff, 0xfe, 0x3c, 0x1f, 0xfd,
    0x47, 0xff, 0xf9, 0x30, 0x7f, 0xf4, 0xff, 0xff,
    0x96, 0x87, 0xff, 0x47, 0xff, 0xf9, 0xa1, 0xff,
    0xd0, 0x7f, 0xff, 0x9c, 0x1f, 0xfc, 0xff, 0xff,
    0xe7, 0xa1, 0xff, 0xcd, 0x7f, 0xff, 0xa0, 0x1f,
    0xfc, 0xdf, 0xff, 0xe8, 0x87, 0xff, 0x37, 0xff,
    0xfa, 0x28, 0x7f, 0xf3, 0x3f, 0xff, 0xa3, 0x7,
    0xff, 0x2d, 0xff, 0xfe, 0x8c, 0x1f, 0xfc, 0xb7,
    0xff, 0xfa, 0x41, 0xff, 0xcb, 0x7f, 0xff, 0xa4,
    0x1f, 0xfc, 0xb7, 0xff, 0xfa, 0x30, 0x7f, 0xf3,
    0x3f, 0xff, 0xa3, 0x7, 0xff, 0x33, 0xff, 0xfa,
    0x28, 0x7f, 0xf3, 0x3f, 0xff, 0xa2, 0x1f, 0xfc,
    0xd7, 0xff, 0xfa, 0x1, 0xff, 0xce, 0xff, 0xfe,
    0x7a, 0x1f, 0xfc, 0xe7, 0xff, 0xf9, 0xc1, 0xff,
    0xd0, 0xff, 0xfe, 0x68, 0x7f, 0xf4, 0xbf, 0xff,
    0x96, 0x87, 0xff, 0x4f, 0xff, 0xf9, 0x30, 0x7f,
    0xf5, 0x7f, 0xff, 0x8f, 0x7, 0xff, 0x5e, 0xff,
    0xfe, 0x22, 0x1f, 0xfd, 0x97, 0xff, 0xf8, 0x28,
    0x7f, 0xf7, 0x9b, 0xfd, 0x21, 0xff, 0xff, 0xf,
    0xff, 0xf8, 0x7f, 0xff, 0xc3, 0xff, 0xfe, 0x1f,
    0xff, 0xf0, 0xff, 0xff, 0x87, 0xff, 0xfc, 0x3f,
    0xff, 0xe1, 0xff, 0xff, 0xf, 0xff, 0xf8, 0x7f,
    0xff, 0xc3, 0xff, 0x95, 0xff, 0xfc, 0xc0, 0xff,
    0xe9, 0x7f, 0xff, 0x30, 0x3f, 0xfa, 0x5f, 0xff,
    0xcc, 0xf, 0xfe, 0x97, 0xff, 0xf3, 0x3, 0xff,
    0xa5, 0xff, 0xfc, 0xc0, 0xff, 0xe9, 0x7f, 0xff,
    0x30, 0x3f, 0xfa, 0x5f, 0xff, 0xcc, 0xf, 0xfe,
    0x97, 0xff, 0xf3, 0x3, 0xff, 0xa5, 0xff, 0xfc,
    0xc0, 0xff, 0xe9, 0x7f, 0xff, 0x30, 0x3f, 0xfa,
    0x5f, 0xff, 0xcc, 0xf, 0xfe, 0x97, 0xff, 0xf3,
    0x3, 0xff, 0xa5, 0xff, 0xfc, 0xc0, 0xff, 0xe9,
    0x7f, 0xff, 0x30, 0x3f, 0xfa, 0x5f, 0xff, 0xcc,
    0xf, 0xfe, 0x97, 0xff, 0xf3, 0x3, 0xff, 0xa5,
    0xff, 0xfc, 0xc0, 0xff, 0xe9, 0x7f, 0xff, 0x30,
    0x3f, 0xfa, 0x5f, 0xff, 0xcc, 0xf, 0xfe, 0x97,
    0xff, 0xf3, 0x3, 0xff, 0xa5, 0xff, 0xfc, 0xc0,
    0xff, 0xe9, 0x7f, 0xff, 0x30, 0x3f, 0xfa, 0x5f,
    0xff, 0xcc, 0xf, 0xfe, 0x97, 0xff, 0xf3, 0x3,
    0xff, 0xa5, 0xff, 0xfc, 0xc0, 0xff, 0xe9, 0x7f,
    0xff, 0x30, 0x3f, 0xfa, 0x5f, 0xff, 0xcc, 0xf,
    0xfe, 0x97, 0xff, 0xf3, 0x3, 0xff, 0xa5, 0xff,
    0xfc, 0xc0, 0xff, 0xe9, 0x7f, 0xff, 0x30, 0x3f,
    0xfa, 0x5f, 0xff, 0xcc, 0xf, 0xfe, 0x97, 0xff,
    0xf3, 0x3, 0xff, 0xa5, 0xff, 0xfc, 0xc0, 0xff,
    0xe9, 0x7f, 0xff, 0x30, 0x3f, 0xfa, 0x5f, 0xff,
    0xcc, 0xf, 0xfe, 0x97, 0xff, 0xf3, 0x3, 0xff,
    0xa5, 0xff, 0xfc, 0xc0, 0xff, 0xe9, 0x7f, 0xff,
    0x30, 0x3f, 0xfa, 0x5f, 0xff, 0xcc, 0xf, 0xfe,
    0x97, 0xff, 0xf3, 0x3, 0xff, 0xa5, 0xff, 0xfc,
    0xc0, 0xff, 0xe9, 0x7f, 0xff, 0x30, 0x3f, 0xfa,
    0x5f, 0xff, 0xcc, 0xf, 0xfe, 0x97, 0xff, 0xf3,
    0x3, 0xff, 0xa5, 0xff, 0xfc, 0xc0, 0xff, 0xe9,
    0x7f, 0xff, 0x30, 0x3f, 0xfa, 0x5f, 0xff, 0xcc,
    0xf, 0xfe, 0x97, 0xff, 0xf3, 0x3, 0xff, 0xa5,
    0xff, 0xfc, 0xc0, 0xff, 0xe9, 0x7f, 0xff, 0x30,
    0x3f, 0xfa, 0x5f, 0xff, 0xcc, 0xf, 0xfe, 0x97,
    0xff, 0xf3, 0x3, 0xff, 0xa5, 0xff, 0xfc, 0xc0,
    0xff, 0xe9, 0x7f, 0xff, 0x30, 0x3f, 0xfa, 0x5f,
    0xff, 0xcc, 0xf, 0xfe, 0x97, 0xff, 0xf3, 0x3,
    0xff, 0xa5, 0xff, 0xfc, 0xc0, 0xff, 0xe9, 0x7f,
    0xff, 0x30, 0x3f, 0xfa, 0x5f, 0xff, 0xcc, 0xf,
    0xfe, 0x97, 0xff, 0xf3, 0x3, 0xff, 0xa5, 0xff,
    0xfc, 0xc0, 0xff, 0xe9, 0x7f, 0xff, 0x30, 0x3f,
    0xfa, 0x5f, 0xff, 0xcc, 0xf, 0xfe, 0x97, 0xff,
    0xf3, 0x3, 0xff, 0xa5, 0xff, 0xfc, 0xc0, 0xff,
    0xe9, 0x7f, 0xff, 0x30, 0x3f, 0xfa, 0x5f, 0xff,
    0xcc, 0xf, 0xfe, 0x97, 0xff, 0xf3, 0x3, 0xff,
    0xa5, 0xff, 0xfc, 0xc0, 0xff, 0xe9, 0x7f, 0xff,
    0x30, 0x3f, 0xfa, 0x5f, 0xff, 0xcc, 0xf, 0xfe,
    0x97, 0xff, 0xf3, 0x3, 0xff, 0xa5, 0xff, 0xfc,
    0xc0, 0xff, 0xe9, 0x7f, 0xff, 0x30, 0x3f, 0xfa,
    0x5f, 0xff, 0xcc, 0xf, 0xfe, 0x97, 0xff, 0xf3,
    0x3, 0xff, 0xa5, 0xff, 0xfc, 0xc0, 0xff, 0xe9,
    0x7f, 0xff, 0x30, 0x3f, 0xfa, 0x5f, 0xff, 0xcc,
    0xf, 0xfe, 0x97, 0xff, 0xf3, 0x3, 0xff, 0xa5,
    0xff, 0xfc, 0xc0, 0xff, 0xe9, 0x7f, 0xff, 0x30,
    0x3f, 0xfa, 0x5f, 0xff, 0xcc, 0xf, 0xfe, 0x97,
    0xff, 0xf3, 0x3, 0xff, 0xa5, 0xff, 0xfc, 0xc0,
    0xff, 0xe9, 0x7f, 0xff, 0x30, 0x3f, 0xfa, 0x5f,
    0xff, 0xcc, 0xf, 0xfe, 0x97, 0xff, 0xf3, 0x3,
    0xff, 0xa5, 0xff, 0xfc, 0xc0, 0xff, 0xe9, 0x7f,
    0xff, 0x30, 0x3f, 0xfa, 0x5f, 0xff, 0xcc, 0xf,
    0xfe, 0x97, 0xff, 0xf3, 0x3, 0xff, 0xa5, 0xff,
    0xfc, 0xc0, 0xff, 0xe9, 0x7f, 0xff, 0x30, 0x3f,
    0xfa, 0x5f, 0xff, 0xcc, 0xf, 0xfe, 0x97, 0xff,
    0xf3, 0x3, 0xff, 0xa5, 0xff, 0xfc, 0xc0, 0xff,
    0xe9, 0x7f, 0xff, 0x30, 0x3f, 0xfa, 0x5f, 0xff,
    0xcc, 0xf, 0xfe, 0x97, 0xff, 0xf3, 0x3, 0xff,
    0xa5, 0xff, 0xfc, 0xc0, 0xff, 0xe9, 0x7f, 0xff,
    0x30, 0x3f, 0xfa, 0x5f, 0xff, 0xcc, 0xf, 0xfe,
    0x97, 0xff, 0xf3, 0x3, 0xff, 0xa5, 0xff, 0xfc,
    0xc0, 0xff, 0xe9, 0x7f, 0xff, 0x30, 0x3f, 0xfa,
    0x5f, 0xff, 0xcc, 0xf, 0xfe, 0x97, 0xff, 0xf3,
    0x3, 0xff, 0xa5, 0xff, 0xfc, 0xc0, 0xff, 0xe9,
    0x7f, 0xff, 0x30, 0x3f, 0xfa, 0x5f, 0xff, 0xcc,
    0xf, 0xfe, 0x97, 0xff, 0xf3, 0x3, 0xff, 0xa5,
    0xff, 0xfc, 0xc0, 0xff, 0xe9, 0x7f, 0xff, 0x30,
    0x3f, 0xfa, 0x5f, 0xff, 0xcc, 0xf, 0xfe, 0x97,
    0xff, 0xf3, 0x3, 0xff, 0xa5, 0xff, 0xfc, 0xc0,
    0xff, 0xe9, 0x7f, 0xff, 0x30, 0x3f, 0xfa, 0x2f,
    0xff, 0xf3, 0x3, 0xff, 0xa3, 0x7f, 0xff, 0x30,
    0x3f, 0xfa, 0x3f, 0xff, 0xcc, 0x83, 0xff, 0xa3,
    0xff, 0xfc, 0xc8, 0x3f, 0xfa, 0xf, 0xff, 0xf3,
    0x10, 0xff, 0xe8, 0x7f, 0xff, 0x35, 0xf, 0xfe,
    0x7b, 0xff, 0xfc, 0xd0, 0xff, 0xe8, 0x7f, 0xff,
    0x38, 0x3f, 0xf9, 0xff, 0xff, 0xce, 0x83, 0xff,
    0x9d, 0xff, 0xfc, 0xf4, 0x3e, 0xb9, 0xf, 0xfe,
    0xd, 0xff, 0xfd, 0x0, 0xfd, 0x7e, 0xa2, 0xc0,
    0x55, 0xff, 0xfd, 0x30, 0xfd, 0xff, 0xfe, 0x14,
    0x3f, 0x7f, 0xff, 0x84, 0x3f, 0xbf, 0xff, 0xc1,
    0x7, 0xe7, 0xff, 0xfc, 0x1, 0xfc, 0xff, 0xff,
    0x7e, 0xf, 0xeb, 0xff, 0xfb, 0xe1, 0xfe, 0xbf,
    0xff, 0xbd, 0x7, 0xfb, 0xff, 0xfb, 0xe1, 0xff,
    0x7f, 0xff, 0x79, 0xf, 0xfb, 0xff, 0xfb, 0xa8,
    0x7f, 0xcf, 0xff, 0xf7, 0x20, 0xff, 0xe0, 0x3f,
    0xff, 0xdc, 0xf, 0xfe, 0xd, 0xff, 0xfd, 0xb0,
    0xff, 0xe1, 0x7f, 0xff, 0x6a, 0xf, 0xfe, 0x1f,
    0xff, 0xf6, 0x60, 0xff, 0xe2, 0x7f, 0xff, 0x61,
    0xf, 0xfe, 0x2f, 0xff, 0xf5, 0xa0, 0xff, 0xe3,
    0x3f, 0xff, 0xd4, 0x83, 0xff, 0x95, 0x7f, 0xff,
    0x42, 0xf, 0xfe, 0x7d, 0xff, 0xfc, 0xa8, 0x3f,
    0xfa, 0xca, 0xbf, 0xfd, 0x44, 0x3f, 0xfa, 0x20,

    /* U+006B "k" */
    0x3f, 0xff, 0x98, 0x1f, 0xff, 0xf3, 0xff, 0xf9,
    0x81, 0xff, 0xff, 0x3f, 0xff, 0x98, 0x1f, 0xff,
    0xf3, 0xff, 0xf9, 0x81, 0xff, 0xff, 0x3f, 0xff,
    0x98, 0x1f, 0xff, 0xf3, 0xff, 0xf9, 0x81, 0xff,
    0xff, 0x3f, 0xff, 0x98, 0x1f, 0xff, 0xf3, 0xff,
    0xf9, 0x81, 0xff, 0xff, 0x3f, 0xff, 0x98, 0x1f,
    0xff, 0xf3, 0xff, 0xf9, 0x81, 0xff, 0xff, 0x3f,
    0xff, 0x98, 0x1f, 0xff, 0xf3, 0xff, 0xf9, 0x81,
    0xff, 0xff, 0x3f, 0xff, 0x98, 0x1f, 0xff, 0xf3,
    0xff, 0xf9, 0x81, 0xff, 0xff, 0x3f, 0xff, 0x98,
    0x1f, 0xff, 0xf3, 0xff, 0xf9, 0x81, 0xff, 0xff,
    0x3f, 0xff, 0x98, 0x1f, 0xff, 0xf3, 0xff, 0xf9,
    0x81, 0xff, 0xff, 0x3f, 0xff, 0x98, 0x1f, 0xff,
    0xf3, 0xff, 0xf9, 0x81, 0xff, 0xff, 0x3f, 0xff,
    0x98, 0x1f, 0xff, 0xf3, 0xff, 0xf9, 0x81, 0xff,
    0xff, 0x3f, 0xff, 0x98, 0x1f, 0xff, 0xf3, 0xff,
    0xf9, 0x81, 0xff, 0xff, 0x3f, 0xff, 0x98, 0x1f,
    0xff, 0xf3, 0xff, 0xf9, 0x81, 0xff, 0xff, 0x3f,
    0xff, 0x98, 0x1f, 0xff, 0xf3, 0xff, 0xf9, 0x81,
    0xff, 0xff, 0x3f, 0xff, 0x98, 0x1f, 0xff, 0xf3,
    0xff, 0xf9, 0x81, 0xff, 0xff, 0x3f, 0xff, 0x98,
    0x1f, 0xff, 0xf3, 0xff, 0xf9, 0x81, 0xff, 0xff,
    0x3f, 0xff, 0x98, 0x1f, 0xff, 0xf3, 0xff, 0xf9,
    0x81, 0xff, 0xff, 0x3f, 0xff, 0x98, 0x1f, 0xff,
    0xf3, 0xff, 0xf9, 0x81, 0xff, 0xff, 0x3f, 0xff,
    0x98, 0x1f, 0xff, 0xf3, 0xff, 0xf9, 0x81, 0xff,
    0xff, 0x3f, 0xff, 0x98, 0x1f, 0xff, 0xf3, 0xff,
    0xf9, 0x81, 0xff, 0xff, 0x3f, 0xff, 0x98, 0x1f,
    0xff, 0xf3, 0xff, 0xf9, 0x81, 0xff, 0xff, 0x3f,
    0xff, 0x98, 0x1f, 0xff, 0xf3, 0xff, 0xf9, 0x81,
    0xff, 0xff, 0x3f, 0xff, 0x98, 0x1f, 0xff, 0xf3,
    0xff, 0xf9, 0x81, 0xff, 0xff, 0x3f, 0xff, 0x98,
    0x1f, 0xff, 0xf3, 0xff, 0xf9, 0x81, 0xff, 0xdc,
    0xaf, 0xfe, 0x90, 0x7b, 0xff, 0xf9, 0x81, 0xff,
    0xdb, 0xff, 0xfe, 0x92, 0x1e, 0xff, 0xfe, 0x60,
    0x7f, 0xf6, 0xbf, 0xff, 0xa4, 0x87, 0xdf, 0xff,
    0xcc, 0xf, 0xfe, 0xcf, 0xff, 0xf4, 0x90, 0xfd,
    0xff, 0xfc, 0xc0, 0xff, 0xec, 0x7f, 0xff, 0x49,
    0xf, 0xef, 0xff, 0xe6, 0x7, 0xff, 0x5f, 0xff,
    0xfa, 0x48, 0x7f, 0xbf, 0xff, 0x98, 0x1f, 0xfd,
    0x57, 0xff, 0xfa, 0x48, 0x7f, 0xdf, 0xff, 0xcc,
    0xf, 0xfe, 0xa3, 0xff, 0xfd, 0x24, 0x3f, 0xf8,
    0x1f, 0xff, 0xcc, 0xf, 0xfe, 0x9b, 0xff, 0xfd,
    0x20, 0xff, 0xe1, 0x7f, 0xff, 0x30, 0x3f, 0xfa,
    0x4f, 0xff, 0xf4, 0x83, 0xff, 0x87, 0xff, 0xfc,
    0xc0, 0xff, 0xe8, 0xbf, 0xff, 0xd2, 0xf, 0xfe,
    0x27, 0xff, 0xf3, 0x3, 0xff, 0xa0, 0xff, 0xff,
    0x48, 0x3f, 0xf8, 0xbf, 0xff, 0xcc, 0xf, 0xfe,
    0x7b, 0xff, 0xfd, 0x20, 0xff, 0xe3, 0x7f, 0xff,
    0x30, 0x3f, 0xf9, 0xcf, 0xff, 0xf4, 0x83, 0xff,
    0x8f, 0xff, 0xfc, 0xc0, 0xff, 0xe6, 0xbf, 0xff,
    0xd2, 0xf, 0xfe, 0x47, 0xff, 0xf3, 0x3, 0xff,
    0x98, 0xff, 0xff, 0x48, 0x3f, 0xf9, 0x3f, 0xff,
    0xcc, 0xf, 0xfe, 0x5b, 0xff, 0xfd, 0x20, 0xff,
    0xe5, 0x7f, 0xff, 0x30, 0x3f, 0xf9, 0x4f, 0xff,
    0xf4, 0x83, 0xff, 0x97, 0xff, 0xfc, 0xc0, 0xff,
    0xe4, 0xbf, 0xff, 0xd2, 0xf, 0xfe, 0x67, 0xff,
    0xf3, 0x3, 0xff, 0x90, 0xff, 0xff, 0x46, 0xf,
    0xfe, 0x6f, 0xff, 0xf3, 0x3, 0xff, 0x8f, 0x7f,
    0xff, 0x46, 0xf, 0xfe, 0x77, 0xff, 0xf3, 0x3,
    0xff, 0x8d, 0x7f, 0xff, 0x46, 0xf, 0xfe, 0x7f,
    0xff, 0xf3, 0x3, 0xff, 0x8b, 0x7f, 0xff, 0x46,
    0xf, 0xfe, 0x87, 0xff, 0xf3, 0x3, 0xff, 0x89,
    0x7f, 0xff, 0x46, 0xf, 0xfe, 0x8f, 0xff, 0xf3,
    0x3, 0xff, 0x87, 0x7f, 0xff, 0x46, 0xf, 0xfe,
    0x97, 0xff, 0xf3, 0x3, 0xff, 0x85, 0x7f, 0xff,
    0x46, 0xf, 0xfe, 0x9f, 0xff, 0xf3, 0x3, 0xff,
    0x83, 0x7f, 0xff, 0x45, 0xf, 0xfe, 0xa7, 0xff,
    0xf3, 0x3, 0xff, 0x81, 0x7f, 0xff, 0x45, 0xf,
    0xfe, 0xaf, 0xff, 0xf3, 0x3, 0xfe, 0xbf, 0xff,
    0xa2, 0x87, 0xff, 0x5b, 0xff, 0xf9, 0x81, 0xfe,
    0xbf, 0xff, 0xa2, 0x87, 0xff, 0x5f, 0xff, 0xf9,
    0x81, 0xfd, 0x7f, 0xff, 0x45, 0xf, 0xfe, 0xc7,
    0xff, 0xf3, 0x3, 0xf5, 0xff, 0xfd, 0x14, 0x3f,
    0xfb, 0x3f, 0xff, 0xcc, 0xf, 0xaf, 0xff, 0xe8,
    0xa1, 0xff, 0xda, 0xff, 0xfe, 0x60, 0x7a, 0xff,
    0xfe, 0x8a, 0x1f, 0xfd, 0xbf, 0xff, 0xe6, 0x7,
    0x5f, 0xff, 0xd1, 0xf, 0xfe, 0xef, 0xff, 0xf3,
    0x3, 0x7f, 0xff, 0x48, 0x3f, 0xfb, 0xdf, 0xff,
    0xcc, 0xb, 0xff, 0xfa, 0x41, 0xff, 0xdf, 0xff,
    0xfe, 0x60, 0x3f, 0xff, 0xa4, 0x1f, 0xfe, 0xf,
    0xff, 0xe6, 0x1f, 0xff, 0xd2, 0xf, 0xff, 0xf,
    0xff, 0xfa, 0x83, 0xff, 0xc5, 0xff, 0xfe, 0x90,
    0xff, 0xf1, 0xff, 0xff, 0xa0, 0x3f, 0xfc, 0x9f,
    0xff, 0xe8, 0x43, 0xff, 0xc7, 0xff, 0xfe, 0x90,
    0xff, 0xf1, 0xff, 0xff, 0xa8, 0x3f, 0xfc, 0x5f,
    0xff, 0xea, 0x83, 0xff, 0xc3, 0xff, 0xfe, 0xb4,
    0x3f, 0xfc, 0x1f, 0xff, 0xec, 0xf, 0xff, 0x7,
    0xff, 0xfb, 0x43, 0xff, 0xbf, 0xff, 0xfe, 0xd8,
    0x3f, 0xfb, 0xdf, 0xff, 0xee, 0x43, 0xff, 0xbb,
    0xff, 0xfe, 0xf0, 0xff, 0xee, 0xff, 0xff, 0xc0,
    0x3f, 0xfb, 0x9f, 0xff, 0xf0, 0x83, 0xff, 0xb7,
    0xff, 0xff, 0x14, 0x3f, 0xfb, 0x5f, 0xff, 0xf2,
    0xf, 0xfe, 0xd7, 0xff, 0xfc, 0xa0, 0xff, 0xec,
    0xff, 0xff, 0x5d, 0x3f, 0xff, 0x9c, 0x87, 0xff,
    0x63, 0xff, 0xfa, 0xc8, 0x2f, 0xff, 0xe7, 0x7,
    0xff, 0x63, 0xff, 0xfa, 0xa1, 0xdf, 0xff, 0xcf,
    0xf, 0xfe, 0xbf, 0xff, 0xf5, 0x3, 0xef, 0xff,
    0xe7, 0x41, 0xff, 0xd6, 0xff, 0xfe, 0x98, 0x7e,
    0x7f, 0xff, 0x9c, 0x87, 0xff, 0x57, 0xff, 0xfa,
    0x41, 0xfe, 0xff, 0xfe, 0x78, 0x7f, 0xf5, 0x7f,
    0xff, 0xa2, 0x1f, 0xfc, 0xf, 0xff, 0xe7, 0x87,
    0xff, 0x53, 0xff, 0xfa, 0x1, 0xff, 0xc1, 0x7f,
    0xff, 0x9d, 0x7, 0xff, 0x4f, 0xff, 0xf9, 0xe1,
    0xff, 0xc3, 0xbf, 0xff, 0x9c, 0x87, 0xff, 0x4b,
    0xff, 0xf9, 0xb0, 0x7f, 0xf1, 0x7f, 0xff, 0x9e,
    0x1f, 0xfd, 0x2f, 0xff, 0xe6, 0x41, 0xff, 0xc6,
    0x7f, 0xff, 0x9e, 0x1f, 0xfd, 0x1f, 0xff, 0xe6,
    0x7, 0xff, 0x22, 0xff, 0xfe, 0x74, 0x1f, 0xfd,
    0xf, 0xff, 0xe6, 0x7, 0xff, 0x27, 0xff, 0xf9,
    0xe8, 0x7f, 0xf3, 0xff, 0xff, 0x98, 0x1f, 0xfc,
    0x97, 0xff, 0xf9, 0xe1, 0xff, 0xcf, 0xff, 0xfe,
    0x60, 0x7f, 0xf2, 0xaf, 0xff, 0xe7, 0x41, 0xff,
    0xce, 0xff, 0xfe, 0x60, 0x7f, 0xf2, 0xff, 0xff,
    0x9e, 0x87, 0xff, 0x37, 0xff, 0xf9, 0x81, 0xff,
    0xcb, 0x7f, 0xff, 0x9e, 0x1f, 0xfc, 0xdf, 0xff,
    0xe6, 0x7, 0xff, 0x32, 0xff, 0xfe, 0x78, 0x7f,
    0xf3, 0x3f, 0xff, 0x98, 0x1f, 0xfc, 0xdf, 0xff,
    0xe7, 0xc1, 0xff, 0xcb, 0xff, 0xfe, 0x60, 0x7f,
    0xf3, 0x5f, 0xff, 0xe7, 0xa1, 0xff, 0xca, 0xff,
    0xfe, 0x60, 0x7f, 0xf3, 0xaf, 0xff, 0xe7, 0x87,
    0xff, 0x2b, 0xff, 0xf9, 0x81, 0xff, 0xcf, 0xff,
    0xfe, 0x80, 0x7f, 0xf2, 0x7f, 0xff, 0x98, 0x1f,
    0xfd, 0xf, 0xff, 0xe7, 0xc1, 0xff, 0xc8, 0xff,
    0xfe, 0x60, 0x7f, 0xf4, 0x2f, 0xff, 0xe7, 0xa1,
    0xff, 0xc7, 0xff, 0xfe, 0x60, 0x7f, 0xf4, 0x7f,
    0xff, 0xa0, 0x1f, 0xfc, 0x7f, 0xff, 0xe6, 0x7,
    0xff, 0x4b, 0xff, 0xfa, 0x1, 0xff, 0xc6, 0xff,
    0xfe, 0x60, 0x7f, 0xf4, 0xaf, 0xff, 0xe7, 0xc1,
    0xff, 0xc5, 0xff, 0xfe, 0x60, 0x7f, 0xf4, 0xff,
    0xff, 0xa0, 0x1f, 0xfc, 0x5f, 0xff, 0xe6, 0x7,
    0xff, 0x53, 0xff, 0xfa, 0x1, 0xff, 0xc4, 0xff,
    0xfe, 0x60, 0x7f, 0xf5, 0x1f, 0xff, 0xe7, 0xc1,
    0xff, 0xc3, 0xff, 0xfe, 0x60, 0x7f, 0xf5, 0x7f,
    0xff, 0xa0, 0x87, 0xff, 0xb, 0xff, 0xf9, 0x81,
    0xff, 0xd6, 0xff, 0xfe, 0x80, 0x7f, 0xf0, 0xbf,
    0xff, 0x98, 0x1f, 0xfd, 0x67, 0xff, 0xfa, 0x1,
    0xff, 0xc1, 0xff, 0xfe, 0x60, 0x7f, 0xf5, 0xef,
    0xff, 0xe7, 0xc1, 0xff, 0xc0, 0xff, 0xfe, 0x60,
    0x7f, 0xf6, 0x3f, 0xff, 0xa0, 0x87, 0xfd, 0xff,
    0xfc, 0xc0, 0xff, 0xec, 0x3f, 0xff, 0xd0, 0xf,
    0xfb, 0xff, 0xf9, 0x81, 0xff, 0xd9, 0xbf, 0xff,
    0xa0, 0x1f, 0xef, 0xff, 0xe6, 0x7, 0xff, 0x6b,
    0xff, 0xfa, 0x10, 0x7f, 0x7f, 0xff, 0x30, 0x3f,
    0xfb, 0x4f, 0xff, 0xf4, 0x10, 0xfd, 0xff, 0xfc,
    0xc0, 0xff, 0xed, 0xdf, 0xff, 0xd0, 0xf, 0xdf,
    0xff, 0xcc, 0xf, 0xfe, 0xe7, 0xff, 0xf4, 0x43,
    0xef, 0xff, 0xe6, 0x7, 0xff, 0x71, 0xff, 0xfe,
    0x84, 0x1e, 0xff, 0xfe, 0x60, 0x7f, 0xf7, 0x6f,
    0xff, 0xe8, 0x7, 0xbf, 0xff, 0x98, 0x1f, 0xfd,
    0xef, 0xff, 0xe8, 0x87, 0x7f, 0xff, 0x30, 0x3f,
    0xfb, 0xcf, 0xff, 0xf4, 0x20, 0xdf, 0xff, 0xcc,
    0xf, 0xfe, 0xfd, 0xff, 0xfd, 0x4, 0x2f, 0xff,
    0xe6, 0x7, 0xff, 0x83, 0xff, 0xfa, 0x21, 0x7f,
    0xff, 0x30, 0x3f, 0xfc, 0x3f, 0xff, 0xd1, 0x7,
    0xff, 0xf3, 0x3, 0xff, 0xc3, 0x7f, 0xff, 0x42,

    /* U+006C "l" */
    0x3f, 0xff, 0x98, 0x7f, 0xff, 0x30, 0xff, 0xfe,
    0x61, 0xff, 0xfc, 0xc3, 0xff, 0xf9, 0x87, 0xff,
    0xf3, 0xf, 0xff, 0xe6, 0x1f, 0xff, 0xcc, 0x3f,
    0xff, 0x98, 0x7f, 0xff, 0x30, 0xff, 0xfe, 0x61,
    0xff, 0xfc, 0xc3, 0xff, 0xf9, 0x87, 0xff, 0xf3,
    0xf, 0xff, 0xe6, 0x1f, 0xff, 0xcc, 0x3f, 0xff,
    0x98, 0x7f, 0xff, 0x30, 0xff, 0xfe, 0x61, 0xff,
    0xfc, 0xc3, 0xff, 0xf9, 0x87, 0xff, 0xf3, 0xf,
    0xff, 0xe6, 0x1f, 0xff, 0xcc, 0x3f, 0xff, 0x98,
    0x7f, 0xff, 0x30, 0xff, 0xfe, 0x61, 0xff, 0xfc,
    0xc3, 0xff, 0xf9, 0x87, 0xff, 0xf3, 0xf, 0xff,
    0xe6, 0x1f, 0xff, 0xcc, 0x3f, 0xff, 0x98, 0x7f,
    0xff, 0x30, 0xff, 0xfe, 0x61, 0xff, 0xfc, 0xc3,
    0xff, 0xf9, 0x87, 0xff, 0xf3, 0xf, 0xff, 0xe6,
    0x1f, 0xff, 0xcc, 0x3f, 0xff, 0x98, 0x7f, 0xff,
    0x30, 0xff, 0xfe, 0x61, 0xff, 0xfc, 0xc3, 0xff,
    0xf9, 0x87, 0xff, 0xf3, 0xf, 0xff, 0xe6, 0x1f,
    0xff, 0xcc, 0x3f, 0xff, 0x98, 0x7f, 0xff, 0x30,
    0xff, 0xfe, 0x61, 0xff, 0xfc, 0xc3, 0xff, 0xf9,
    0x87, 0xff, 0xf3, 0xf, 0xff, 0xe6, 0x1f, 0xff,
    0xcc, 0x3f, 0xff, 0x98, 0x7f, 0xff, 0x30, 0xff,
    0xfe, 0x61, 0xff, 0xfc, 0xc3, 0xff, 0xf9, 0x87,
    0xff, 0xf3, 0xf, 0xff, 0xe6, 0x1f, 0xff, 0xcc,
    0x3f, 0xff, 0x98, 0x7f, 0xff, 0x30, 0xff, 0xfe,
    0x61, 0xff, 0xfc, 0xc3, 0xff, 0xf9, 0x87, 0xff,
    0xf3, 0xf, 0xff, 0xe6, 0x1f, 0xff, 0xcc, 0x3f,
    0xff, 0x98, 0x7f, 0xff, 0x30, 0xff, 0xfe, 0x61,
    0xff, 0xfc, 0xc3, 0xff, 0xf9, 0x87, 0xff, 0xf3,
    0xf, 0xff, 0xe6, 0x1f, 0xff, 0xcc, 0x3f, 0xff,
    0x98, 0x7f, 0xff, 0x30, 0xff, 0xfe, 0x61, 0xff,
    0xfc, 0xc3, 0xff, 0xf9, 0x87, 0xff, 0xf3, 0xf,
    0xff, 0xe6, 0x1f, 0xff, 0xcc, 0x3f, 0xff, 0x98,
    0x7f, 0xff, 0x30, 0xff, 0xfe, 0x61, 0xff, 0xfc,
    0xc3, 0xff, 0xf9, 0x87, 0xff, 0xf3, 0xf, 0xff,
    0xe6, 0x1f, 0xff, 0xcc, 0x3f, 0xff, 0x98, 0x7f,
    0xff, 0x30, 0xff, 0xfe, 0x61, 0xff, 0xfc, 0xc3,
    0xff, 0xf9, 0x87, 0xff, 0xf3, 0xf, 0xff, 0xe6,
    0x1f, 0xff, 0xcc, 0x3f, 0xff, 0x98, 0x7f, 0xff,
    0x30, 0xff, 0xfe, 0x61, 0xff, 0xfc, 0xc3, 0xff,
    0xf9, 0x87, 0xff, 0xf3, 0xf, 0xff, 0xe6, 0x1f,
    0xff, 0xcc, 0x3f, 0xff, 0x98, 0x7f, 0xff, 0x30,
    0xff, 0xfe, 0x61, 0xff, 0xfc, 0xc3, 0xff, 0xf9,
    0x87, 0xff, 0xf3, 0xf, 0xff, 0xe6, 0x1f, 0xff,
    0xcc, 0x3f, 0xff, 0x98, 0x7f, 0xff, 0x30, 0xff,
    0xfe, 0x61, 0xff, 0xfc, 0xc3, 0xff, 0xf9, 0x87,
    0xff, 0xf3, 0xf, 0xff, 0xe6, 0x1f, 0xff, 0xcc,
    0x3f, 0xff, 0x98, 0x7f, 0xff, 0x30, 0xff, 0xfe,
    0x61, 0xff, 0xfc, 0xc3, 0xff, 0xf9, 0x87, 0xff,
    0xf3, 0xf, 0xff, 0xe6, 0x1f, 0xff, 0xcc, 0x3f,
    0xff, 0x98, 0x7f, 0xff, 0x30, 0xff, 0xfe, 0x61,
    0xff, 0xfc, 0xc3, 0xff, 0xf9, 0x87, 0xff, 0xf3,
    0xf, 0xff, 0xe6, 0x1f, 0xff, 0xcc, 0x3f, 0xff,
    0x98, 0x7f, 0xff, 0x30, 0xff, 0xfe, 0x61, 0xff,
    0xfc, 0xc3, 0xff, 0xf9, 0x87, 0xff, 0xf3, 0xf,
    0xff, 0xe6, 0x1f, 0xff, 0xcc, 0x3f, 0xff, 0x98,

    /* U+006D "m" */
    0xf, 0xff, 0xf8, 0x7f, 0xff, 0xc3, 0xff, 0xda,
    0xd3, 0xff, 0xf8, 0x12, 0x1f, 0xfe, 0x66, 0x9f,
    0xff, 0xc0, 0xa2, 0x1f, 0xfd, 0x26, 0xbf, 0xf9,
    0x41, 0xff, 0xc8, 0x7f, 0xff, 0x93, 0x21, 0xff,
    0xde, 0x6f, 0xff, 0xe5, 0x48, 0x7f, 0xf3, 0xaf,
    0xff, 0xe5, 0x7, 0xff, 0x15, 0xbf, 0xff, 0x9d,
    0x7, 0xff, 0x65, 0xbf, 0xff, 0xa1, 0x21, 0xff,
    0xcb, 0xbf, 0xff, 0x94, 0x1f, 0xfc, 0x37, 0xff,
    0xfa, 0x70, 0x7f, 0xf5, 0x5f, 0xff, 0xeb, 0x21,
    0xff, 0xc9, 0xbf, 0xff, 0x94, 0x1f, 0xfc, 0x2f,
    0xff, 0xeb, 0xa1, 0xff, 0xd1, 0x7f, 0xff, 0xb4,
    0x87, 0xff, 0x1e, 0xff, 0xfe, 0x50, 0x7f, 0xf0,
    0x2f, 0xff, 0xec, 0xc1, 0xff, 0xce, 0x7f, 0xff,
    0xbb, 0x7, 0xff, 0x1a, 0xff, 0xfe, 0x50, 0x7f,
    0x9f, 0xff, 0xee, 0x87, 0xff, 0x32, 0xff, 0xff,
    0x2, 0x1f, 0xfc, 0x4b, 0xff, 0xf9, 0x41, 0xfd,
    0x7f, 0xff, 0x7c, 0x3f, 0xf9, 0x2f, 0xff, 0xf8,
    0xe0, 0xff, 0xe1, 0xdf, 0xff, 0xca, 0xf, 0xd7,
    0xff, 0xf8, 0x50, 0xff, 0xe3, 0x5f, 0xff, 0xe6,
    0xf, 0xfe, 0x15, 0xff, 0xfc, 0xa0, 0xfb, 0xff,
    0xfc, 0x81, 0xff, 0xc5, 0xff, 0xff, 0x48, 0x7f,
    0xf0, 0x6f, 0xff, 0xe5, 0x7, 0xbf, 0xff, 0xcc,
    0x1f, 0xfc, 0x27, 0xff, 0xfd, 0x61, 0xff, 0xc0,
    0xbf, 0xff, 0x94, 0x1d, 0xff, 0xfe, 0x80, 0xff,
    0xe0, 0x3f, 0xff, 0xed, 0xf, 0xfa, 0xff, 0xfe,
    0x50, 0x6f, 0xff, 0xf4, 0xc1, 0xfe, 0xbf, 0xff,
    0xde, 0x1f, 0xeb, 0xff, 0xf9, 0x41, 0x7f, 0xff,
    0xad, 0xf, 0xcf, 0xff, 0xfc, 0x43, 0xfa, 0xff,
    0xfe, 0x50, 0x3f, 0xff, 0xda, 0x1f, 0x3f, 0xff,
    0xf2, 0x83, 0xf5, 0xff, 0xfc, 0xa2, 0xff, 0xff,
    0x6c, 0x1c, 0xff, 0xff, 0xd1, 0xf, 0xaf, 0xff,
    0xff, 0xff, 0xc1, 0xdf, 0xff, 0xf6, 0xf, 0xaf,
    0xff, 0xff, 0xff, 0xd0, 0x5f, 0xff, 0xf7, 0x83,
    0xd7, 0xff, 0xff, 0xff, 0xf0, 0x2f, 0xff, 0xfc,
    0x7, 0xaf, 0xff, 0xff, 0xff, 0xe9, 0xff, 0xff,
    0xcc, 0x1d, 0x7f, 0xff, 0xff, 0xff, 0xff, 0xff,
    0xc1, 0xd7, 0xff, 0xf7, 0xe5, 0x7, 0x95, 0x7f,
    0xff, 0xb2, 0x43, 0xe6, 0xff, 0xfe, 0xac, 0x1a,
    0xff, 0xfe, 0xe4, 0x87, 0xff, 0x9, 0xff, 0xff,
    0x3a, 0x1f, 0xfc, 0x3b, 0xff, 0xfa, 0x61, 0xaf,
    0xff, 0xed, 0x41, 0xff, 0xc7, 0xbf, 0xff, 0xc6,
    0x1f, 0xfc, 0x8b, 0xff, 0xfa, 0x30, 0x57, 0xff,
    0xf6, 0x20, 0xff, 0xe5, 0xff, 0xff, 0x81, 0xf,
    0xfe, 0x53, 0xff, 0xfd, 0x10, 0xaf, 0xff, 0xeb,
    0xa1, 0xff, 0xcd, 0xff, 0xfe, 0xec, 0x1f, 0xfc,
    0xd7, 0xff, 0xfa, 0x1, 0x5f, 0xff, 0xd6, 0xf,
    0xfe, 0x87, 0xff, 0xf6, 0xe0, 0xff, 0xe7, 0xbf,
    0xff, 0xcf, 0x81, 0x7f, 0xff, 0x54, 0x3f, 0xfa,
    0x2f, 0xff, 0xf6, 0x50, 0xff, 0xe8, 0xdf, 0xff,
    0xcf, 0x5, 0xff, 0xfd, 0x40, 0xff, 0xe9, 0xdf,
    0xff, 0xd7, 0x83, 0xff, 0xa7, 0xff, 0xfc, 0xf0,
    0x5f, 0xff, 0xd3, 0xf, 0xfe, 0xaf, 0xff, 0xf5,
    0xa0, 0xff, 0xea, 0xff, 0xff, 0x39, 0x2f, 0xff,
    0xe9, 0x7, 0xff, 0x59, 0xff, 0xfe, 0xa8, 0x7f,
    0xf5, 0xaf, 0xff, 0xe6, 0xa5, 0xff, 0xfd, 0x14,
    0x3f, 0xfa, 0xff, 0xff, 0xd4, 0xf, 0xfe, 0xc7,
    0xff, 0xf3, 0x62, 0xff, 0xfe, 0x84, 0x1f, 0xfd,
    0x8b, 0xff, 0xfa, 0x48, 0x7f, 0xf6, 0x2f, 0xff,
    0xe6, 0x97, 0xff, 0xf4, 0x3, 0xff, 0xb2, 0xff,
    0xff, 0x48, 0x3f, 0xfb, 0x2f, 0xff, 0xf3, 0x4b,
    0xff, 0xf9, 0xe8, 0x7f, 0xf6, 0xbf, 0xff, 0xa2,
    0x87, 0xff, 0x6b, 0xff, 0xf9, 0xa5, 0xff, 0xfc,
    0xf0, 0xff, 0xed, 0xdf, 0xff, 0xd0, 0xf, 0xfe,
    0xdd, 0xff, 0xfc, 0xc2, 0xff, 0xfe, 0x72, 0x1f,
    0xfd, 0xb7, 0xff, 0xf9, 0xe8, 0x7f, 0xf6, 0xef,
    0xff, 0xe6, 0x37, 0xff, 0xf3, 0x83, 0xff, 0xb8,
    0xff, 0xff, 0x3c, 0x3f, 0xfb, 0x8f, 0xff, 0xf3,
    0x1b, 0xff, 0xf9, 0xb0, 0x7f, 0xf7, 0x7f, 0xff,
    0x9d, 0x7, 0xff, 0x77, 0xff, 0xf9, 0x8d, 0xff,
    0xfc, 0xd0, 0xff, 0xef, 0x7f, 0xff, 0x38, 0x3f,
    0xfb, 0xdf, 0xff, 0xcc, 0x6f, 0xff, 0xe6, 0x87,
    0xff, 0x7b, 0xff, 0xf9, 0xc1, 0xff, 0xde, 0xff,
    0xfe, 0x63, 0x7f, 0xff, 0x32, 0xf, 0xfe, 0xf7,
    0xff, 0xf3, 0x60, 0xff, 0xef, 0x7f, 0xff, 0x31,
    0xbf, 0xff, 0x98, 0x87, 0xff, 0x7a, 0xff, 0xfe,
    0x62, 0x1f, 0xfd, 0xeb, 0xff, 0xf9, 0x6d, 0xff,
    0xfc, 0xc0, 0xff, 0xef, 0xdf, 0xff, 0xcc, 0xf,
    0xfe, 0xfd, 0xff, 0xfc, 0xb6, 0xff, 0xfe, 0x60,
    0x7f, 0xf7, 0xef, 0xff, 0xe6, 0x7, 0xff, 0x7e,
    0xff, 0xfe, 0x5b, 0x7f, 0xff, 0x30, 0x3f, 0xfb,
    0xf7, 0xff, 0xf3, 0x3, 0xff, 0xbf, 0x7f, 0xff,
    0x2d, 0xbf, 0xff, 0x97, 0x7, 0xff, 0x7e, 0xff,
    0xfe, 0x5c, 0x1f, 0xfd, 0xfb, 0xff, 0xf9, 0x6d,
    0xff, 0xfc, 0xb8, 0x3f, 0xfb, 0xf7, 0xff, 0xf2,
    0xe0, 0xff, 0xef, 0xdf, 0xff, 0xcb, 0x6f, 0xff,
    0xe5, 0xc1, 0xff, 0xdf, 0xbf, 0xff, 0x97, 0x7,
    0xff, 0x7e, 0xff, 0xfe, 0x5b, 0x7f, 0xff, 0x2d,
    0xf, 0xfe, 0xfd, 0xff, 0xfc, 0xb4, 0x3f, 0xfb,
    0xf7, 0xff, 0xf2, 0xdb, 0xff, 0xf9, 0x68, 0x7f,
    0xf7, 0xef, 0xff, 0xe5, 0xa1, 0xff, 0xdf, 0xbf,
    0xff, 0x96, 0xdf, 0xff, 0xcb, 0x43, 0xff, 0xbf,
    0x7f, 0xff, 0x2d, 0xf, 0xfe, 0xfd, 0xff, 0xfc,
    0xb6, 0xff, 0xfe, 0x5a, 0x1f, 0xfd, 0xfb, 0xff,
    0xf9, 0x68, 0x7f, 0xf7, 0xef, 0xff, 0xe5, 0xb7,
    0xff, 0xf2, 0xd0, 0xff, 0xef, 0xdf, 0xff, 0xcb,
    0x43, 0xff, 0xbf, 0x7f, 0xff, 0x2d, 0xbf, 0xff,
    0x96, 0x87, 0xff, 0x7e, 0xff, 0xfe, 0x5a, 0x1f,
    0xfd, 0xfb, 0xff, 0xf9, 0x6d, 0xff, 0xfc, 0xb4,
    0x3f, 0xfb, 0xf7, 0xff, 0xf2, 0xd0, 0xff, 0xef,
    0xdf, 0xff, 0xcb, 0x6f, 0xff, 0xe5, 0xa1, 0xff,
    0xdf, 0xbf, 0xff, 0x96, 0x87, 0xff, 0x7e, 0xff,
    0xfe, 0x5b, 0x7f, 0xff, 0x2d, 0xf, 0xfe, 0xfd,
    0xff, 0xfc, 0xb4, 0x3f, 0xfb, 0xf7, 0xff, 0xf2,
    0xdb, 0xff, 0xf9, 0x68, 0x7f, 0xf7, 0xef, 0xff,
    0xe5, 0xa1, 0xff, 0xdf, 0xbf, 0xff, 0x96, 0xdf,
    0xff, 0xcb, 0x43, 0xff, 0xbf, 0x7f, 0xff, 0x2d,
    0xf, 0xfe, 0xfd, 0xff, 0xfc, 0xb6, 0xff, 0xfe,
    0x5a, 0x1f, 0xfd, 0xfb, 0xff, 0xf9, 0x68, 0x7f,
    0xf7, 0xef, 0xff, 0xe5, 0xb7, 0xff, 0xf2, 0xd0,
    0xff, 0xef, 0xdf, 0xff, 0xcb, 0x43, 0xff, 0xbf,
    0x7f, 0xff, 0x2d, 0xbf, 0xff, 0x96, 0x87, 0xff,
    0x7e, 0xff, 0xfe, 0x5a, 0x1f, 0xfd, 0xfb, 0xff,
    0xf9, 0x6d, 0xff, 0xfc, 0xb4, 0x3f, 0xfb, 0xf7,
    0xff, 0xf2, 0xd0, 0xff, 0xef, 0xdf, 0xff, 0xcb,
    0x6f, 0xff, 0xe5, 0xa1, 0xff, 0xdf, 0xbf, 0xff,
    0x96, 0x87, 0xff, 0x7e, 0xff, 0xfe, 0x5b, 0x7f,
    0xff, 0x2d, 0xf, 0xfe, 0xfd, 0xff, 0xfc, 0xb4,
    0x3f, 0xfb, 0xf7, 0xff, 0xf2, 0xdb, 0xff, 0xf9,
    0x68, 0x7f, 0xf7, 0xef, 0xff, 0xe5, 0xa1, 0xff,
    0xdf, 0xbf, 0xff, 0x96, 0xdf, 0xff, 0xcb, 0x43,
    0xff, 0xbf, 0x7f, 0xff, 0x2d, 0xf, 0xfe, 0xfd,
    0xff, 0xfc, 0xb6, 0xff, 0xfe, 0x5a, 0x1f, 0xfd,
    0xfb, 0xff, 0xf9, 0x68, 0x7f, 0xf7, 0xef, 0xff,
    0xe5, 0xb7, 0xff, 0xf2, 0xd0, 0xff, 0xef, 0xdf,
    0xff, 0xcb, 0x43, 0xff, 0xbf, 0x7f, 0xff, 0x2d,
    0xbf, 0xff, 0x96, 0x87, 0xff, 0x7e, 0xff, 0xfe,
    0x5a, 0x1f, 0xfd, 0xfb, 0xff, 0xf9, 0x6d, 0xff,
    0xfc, 0xb4, 0x3f, 0xfb, 0xf7, 0xff, 0xf2, 0xd0,
    0xff, 0xef, 0xdf, 0xff, 0xcb, 0x6f, 0xff, 0xe5,
    0xa1, 0xff, 0xdf, 0xbf, 0xff, 0x96, 0x87, 0xff,
    0x7e, 0xff, 0xfe, 0x5b, 0x7f, 0xff, 0x2d, 0xf,
    0xfe, 0xfd, 0xff, 0xfc, 0xb4, 0x3f, 0xfb, 0xf7,
    0xff, 0xf2, 0xdb, 0xff, 0xf9, 0x68, 0x7f, 0xf7,
    0xef, 0xff, 0xe5, 0xa1, 0xff, 0xdf, 0xbf, 0xff,
    0x96, 0xdf, 0xff, 0xcb, 0x43, 0xff, 0xbf, 0x7f,
    0xff, 0x2d, 0xf, 0xfe, 0xfd, 0xff, 0xfc, 0xb6,
    0xff, 0xfe, 0x5a, 0x1f, 0xfd, 0xfb, 0xff, 0xf9,
    0x68, 0x7f, 0xf7, 0xef, 0xff, 0xe5, 0xb7, 0xff,
    0xf2, 0xd0, 0xff, 0xef, 0xdf, 0xff, 0xcb, 0x43,
    0xff, 0xbf, 0x7f, 0xff, 0x2d, 0xbf, 0xff, 0x96,
    0x87, 0xff, 0x7e, 0xff, 0xfe, 0x5a, 0x1f, 0xfd,
    0xfb, 0xff, 0xf9, 0x6d, 0xff, 0xfc, 0xb4, 0x3f,
    0xfb, 0xf7, 0xff, 0xf2, 0xd0, 0xff, 0xef, 0xdf,
    0xff, 0xcb, 0x6f, 0xff, 0xe5, 0xa1, 0xff, 0xdf,
    0xbf, 0xff, 0x96, 0x87, 0xff, 0x7e, 0xff, 0xfe,
    0x5b, 0x7f, 0xff, 0x2d, 0xf, 0xfe, 0xfd, 0xff,
    0xfc, 0xb4, 0x3f, 0xfb, 0xf7, 0xff, 0xf2, 0xdb,
    0xff, 0xf9, 0x68, 0x7f, 0xf7, 0xef, 0xff, 0xe5,
    0xa1, 0xff, 0xdf, 0xbf, 0xff, 0x96, 0xdf, 0xff,
    0xcb, 0x43, 0xff, 0xbf, 0x7f, 0xff, 0x2d, 0xf,
    0xfe, 0xfd, 0xff, 0xfc, 0xb6, 0xff, 0xfe, 0x5a,
    0x1f, 0xfd, 0xfb, 0xff, 0xf9, 0x68, 0x7f, 0xf7,
    0xef, 0xff, 0xe5, 0xb7, 0xff, 0xf2, 0xd0, 0xff,
    0xef, 0xdf, 0xff, 0xcb, 0x43, 0xff, 0xbf, 0x7f,
    0xff, 0x2d, 0xbf, 0xff, 0x96, 0x87, 0xff, 0x7e,
    0xff, 0xfe, 0x5a, 0x1f, 0xfd, 0xfb, 0xff, 0xf9,
    0x6d, 0xff, 0xfc, 0xb4, 0x3f, 0xfb, 0xf7, 0xff,
    0xf2, 0xd0, 0xff, 0xef, 0xdf, 0xff, 0xcb, 0x6f,
    0xff, 0xe5, 0xa1, 0xff, 0xdf, 0xbf, 0xff, 0x96,
    0x87, 0xff, 0x7e, 0xff, 0xfe, 0x5b, 0x7f, 0xff,
    0x2d, 0xf, 0xfe, 0xfd, 0xff, 0xfc, 0xb4, 0x3f,
    0xfb, 0xf7, 0xff, 0xf2, 0xdb, 0xff, 0xf9, 0x68,
    0x7f, 0xf7, 0xef, 0xff, 0xe5, 0xa1, 0xff, 0xdf,
    0xbf, 0xff, 0x96, 0xdf, 0xff, 0xcb, 0x43, 0xff,
    0xbf, 0x7f, 0xff, 0x2d, 0xf, 0xfe, 0xfd, 0xff,
    0xfc, 0xb6, 0xff, 0xfe, 0x5a, 0x1f, 0xfd, 0xfb,
    0xff, 0xf9, 0x68, 0x7f, 0xf7, 0xef, 0xff, 0xe5,
    0xb7, 0xff, 0xf2, 0xd0, 0xff, 0xef, 0xdf, 0xff,
    0xcb, 0x43, 0xff, 0xbf, 0x7f, 0xff, 0x2d, 0xbf,
    0xff, 0x96, 0x87, 0xff, 0x7e, 0xff, 0xfe, 0x5a,
    0x1f, 0xfd, 0xfb, 0xff, 0xf9, 0x6d, 0xff, 0xfc,
    0xb4, 0x3f, 0xfb, 0xf7, 0xff, 0xf2, 0xd0, 0xff,
    0xef, 0xdf, 0xff, 0xcb, 0x6f, 0xff, 0xe5, 0xa1,
    0xff, 0xdf, 0xbf, 0xff, 0x96, 0x87, 0xff, 0x7e,
    0xff, 0xfe, 0x5b, 0x7f, 0xff, 0x2d, 0xf, 0xfe,
    0xfd, 0xff, 0xfc, 0xb4, 0x3f, 0xfb, 0xf7, 0xff,
    0xf2, 0xdb, 0xff, 0xf9, 0x68, 0x7f, 0xf7, 0xef,
    0xff, 0xe5, 0xa1, 0xff, 0xdf, 0xbf, 0xff, 0x96,
    0xdf, 0xff, 0xcb, 0x43, 0xff, 0xbf, 0x7f, 0xff,
    0x2d, 0xf, 0xfe, 0xfd, 0xff, 0xfc, 0xb6, 0xff,
    0xfe, 0x5a, 0x1f, 0xfd, 0xfb, 0xff, 0xf9, 0x68,
    0x7f, 0xf7, 0xef, 0xff, 0xe5, 0xb7, 0xff, 0xf2,
    0xd0, 0xff, 0xef, 0xdf, 0xff, 0xcb, 0x43, 0xff,
    0xbf, 0x7f, 0xff, 0x2d, 0xbf, 0xff, 0x96, 0x87,
    0xff, 0x7e, 0xff, 0xfe, 0x5a, 0x1f, 0xfd, 0xfb,
    0xff, 0xf9, 0x6d, 0xff, 0xfc, 0xb4, 0x3f, 0xfb,
    0xf7, 0xff, 0xf2, 0xd0, 0xff, 0xef, 0xdf, 0xff,
    0xcb, 0x6f, 0xff, 0xe5, 0xa1, 0xff, 0xdf, 0xbf,
    0xff, 0x96, 0x87, 0xff, 0x7e, 0xff, 0xfe, 0x5b,
    0x7f, 0xff, 0x2d, 0xf, 0xfe, 0xfd, 0xff, 0xfc,
    0xb4, 0x3f, 0xfb, 0xf7, 0xff, 0xf2, 0xdb, 0xff,
    0xf9, 0x68, 0x7f, 0xf7, 0xef, 0xff, 0xe5, 0xa1,
    0xff, 0xdf, 0xbf, 0xff, 0x96, 0x80,

    /* U+006E "n" */
    0xf, 0xff, 0xf8, 0x7f, 0xfd, 0xdb, 0xff, 0xf8,
    0x14, 0x43, 0xff, 0xa2, 0xd7, 0xff, 0x28, 0x3f,
    0xf9, 0x2d, 0xff, 0xfc, 0x99, 0xf, 0xfe, 0x6d,
    0xff, 0xfc, 0xa0, 0xff, 0xe3, 0x37, 0xff, 0xf3,
    0xe0, 0xff, 0xe5, 0xdf, 0xff, 0xca, 0xf, 0xfe,
    0x23, 0xff, 0xfd, 0x54, 0x3f, 0xf9, 0x17, 0xff,
    0xf2, 0x83, 0xff, 0x84, 0xff, 0xff, 0x64, 0x3f,
    0xf8, 0xf7, 0xff, 0xf2, 0x83, 0xff, 0x83, 0xff,
    0xfd, 0xc8, 0x3f, 0xf8, 0xb7, 0xff, 0xf2, 0x83,
    0xfe, 0xbf, 0xff, 0xbe, 0x1f, 0xfc, 0x4b, 0xff,
    0xf9, 0x41, 0xfe, 0xff, 0xff, 0x12, 0x1f, 0xfc,
    0x2b, 0xff, 0xf9, 0x41, 0xf9, 0xff, 0xff, 0x24,
    0x1f, 0xfc, 0x1b, 0xff, 0xf9, 0x41, 0xf5, 0xff,
    0xfe, 0x68, 0x3f, 0xf8, 0x17, 0xff, 0xf2, 0x83,
    0xdf, 0xff, 0xe9, 0x83, 0xfe, 0xbf, 0xff, 0x94,
    0x1d, 0xff, 0xfe, 0xb8, 0x3f, 0xd7, 0xff, 0xf2,
    0x83, 0x7f, 0xff, 0xb6, 0xf, 0xeb, 0xff, 0xf9,
    0x41, 0x7f, 0xff, 0xbd, 0xf, 0xd7, 0xff, 0xf2,
    0x81, 0xff, 0xff, 0x10, 0xfd, 0x7f, 0xff, 0x28,
    0xbf, 0xff, 0xe3, 0x7, 0xd7, 0xff, 0xf2, 0x9f,
    0xff, 0xf9, 0xa1, 0xeb, 0xff, 0xff, 0xff, 0xff,
    0xc0, 0xf, 0x5f, 0xff, 0xff, 0xff, 0xfe, 0x2,
    0x1d, 0x7f, 0xff, 0xff, 0xff, 0xf8, 0x21, 0xd7,
    0xff, 0xff, 0xff, 0xff, 0x82, 0x86, 0xbf, 0xff,
    0xc1, 0x28, 0x3c, 0xdf, 0xff, 0xd6, 0xd, 0x7f,
    0xff, 0x76, 0x43, 0xff, 0x84, 0xff, 0xff, 0x4d,
    0xa, 0xff, 0xfe, 0xdc, 0x1f, 0xfc, 0x7b, 0xff,
    0xfa, 0x41, 0x5f, 0xff, 0xd9, 0x83, 0xff, 0x94,
    0xff, 0xff, 0x44, 0x2b, 0xff, 0xfb, 0x8, 0x7f,
    0xf3, 0x7f, 0xff, 0xa0, 0x82, 0xff, 0xfe, 0xb8,
    0x7f, 0xf4, 0x3f, 0xff, 0x9f, 0x2, 0xff, 0xfe,
    0xac, 0x1f, 0xfd, 0x17, 0xff, 0xf9, 0xe0, 0xbf,
    0xff, 0xa9, 0x7, 0xff, 0x4e, 0xff, 0xfe, 0x72,
    0x5f, 0xff, 0xd3, 0x83, 0xff, 0xab, 0xff, 0xfc,
    0xe4, 0xbf, 0xff, 0xa5, 0x7, 0xff, 0x59, 0xff,
    0xfe, 0x6c, 0x5f, 0xff, 0xd2, 0xf, 0xfe, 0xc7,
    0xff, 0xf3, 0x8b, 0xff, 0xfa, 0x21, 0xff, 0xd9,
    0x7f, 0xff, 0x9a, 0x5f, 0xff, 0xd0, 0x83, 0xff,
    0xb5, 0xff, 0xfc, 0xd2, 0xff, 0xfe, 0x80, 0x7f,
    0xf6, 0xff, 0xff, 0x9a, 0xdf, 0xff, 0xcf, 0x43,
    0xff, 0xb7, 0x7f, 0xff, 0x31, 0xbf, 0xff, 0x9e,
    0x1f, 0xfd, 0xc7, 0xff, 0xf9, 0x8d, 0xff, 0xfc,
    0xe4, 0x3f, 0xfb, 0xbf, 0xff, 0xcc, 0xa7, 0xff,
    0xf3, 0x83, 0xff, 0xbd, 0xff, 0xfc, 0xca, 0x7f,
    0xff, 0x35, 0xf, 0xfe, 0xf7, 0xff, 0xf3, 0x29,
    0xff, 0xfc, 0xd0, 0xff, 0xef, 0xdf, 0xff, 0xcb,
    0xa7, 0xff, 0xf3, 0x43, 0xff, 0xbf, 0x7f, 0xff,
    0x2e, 0x9f, 0xff, 0xcc, 0x83, 0xff, 0xbf, 0x7f,
    0xff, 0x2e, 0x9f, 0xff, 0xcc, 0x43, 0xff, 0xbe,
    0xff, 0xff, 0x2e, 0x9f, 0xff, 0xcc, 0xf, 0xff,
    0x3, 0xff, 0xfc, 0xba, 0x7f, 0xff, 0x30, 0x3f,
    0xfc, 0xf, 0xff, 0xf2, 0xe9, 0xff, 0xfc, 0xb8,
    0x3f, 0xfc, 0xf, 0xff, 0xf2, 0xe9, 0xff, 0xfc,
    0xb8, 0x3f, 0xfc, 0xf, 0xff, 0xf2, 0xe9, 0xff,
    0xfc, 0xb8, 0x3f, 0xfc, 0xf, 0xff, 0xf2, 0xe9,
    0xff, 0xfc, 0xb8, 0x3f, 0xfc, 0xf, 0xff, 0xf2,
    0xe9, 0xff, 0xfc, 0xb4, 0x3f, 0xfc, 0xf, 0xff,
    0xf2, 0xe9, 0xff, 0xfc, 0xb4, 0x3f, 0xfc, 0xf,
    0xff, 0xf2, 0xe9, 0xff, 0xfc, 0xb4, 0x3f, 0xfc,
    0xf, 0xff, 0xf2, 0xe9, 0xff, 0xfc, 0xb4, 0x3f,
    0xfc, 0xf, 0xff, 0xf2, 0xe9, 0xff, 0xfc, 0xb4,
    0x3f, 0xfc, 0xf, 0xff, 0xf2, 0xe9, 0xff, 0xfc,
    0xb4, 0x3f, 0xfc, 0xf, 0xff, 0xf2, 0xe9, 0xff,
    0xfc, 0xb4, 0x3f, 0xfc, 0xf, 0xff, 0xf2, 0xe9,
    0xff, 0xfc, 0xb4, 0x3f, 0xfc, 0xf, 0xff, 0xf2,
    0xe9, 0xff, 0xfc, 0xb4, 0x3f, 0xfc, 0xf, 0xff,
    0xf2, 0xe9, 0xff, 0xfc, 0xb4, 0x3f, 0xfc, 0xf,
    0xff, 0xf2, 0xe9, 0xff, 0xfc, 0xb4, 0x3f, 0xfc,
    0xf, 0xff, 0xf2, 0xe9, 0xff, 0xfc, 0xb4, 0x3f,
    0xfc, 0xf, 0xff, 0xf2, 0xe9, 0xff, 0xfc, 0xb4,
    0x3f, 0xfc, 0xf, 0xff, 0xf2, 0xe9, 0xff, 0xfc,
    0xb4, 0x3f, 0xfc, 0xf, 0xff, 0xf2, 0xe9, 0xff,
    0xfc, 0xb4, 0x3f, 0xfc, 0xf, 0xff, 0xf2, 0xe9,
    0xff, 0xfc, 0xb4, 0x3f, 0xfc, 0xf, 0xff, 0xf2,
    0xe9, 0xff, 0xfc, 0xb4, 0x3f, 0xfc, 0xf, 0xff,
    0xf2, 0xe9, 0xff, 0xfc, 0xb4, 0x3f, 0xfc, 0xf,
    0xff, 0xf2, 0xe9, 0xff, 0xfc, 0xb4, 0x3f, 0xfc,
    0xf, 0xff, 0xf2, 0xe9, 0xff, 0xfc, 0xb4, 0x3f,
    0xfc, 0xf, 0xff, 0xf2, 0xe9, 0xff, 0xfc, 0xb4,
    0x3f, 0xfc, 0xf, 0xff, 0xf2, 0xe9, 0xff, 0xfc,
    0xb4, 0x3f, 0xfc, 0xf, 0xff, 0xf2, 0xe9, 0xff,
    0xfc, 0xb4, 0x3f, 0xfc, 0xf, 0xff, 0xf2, 0xe9,
    0xff, 0xfc, 0xb4, 0x3f, 0xfc, 0xf, 0xff, 0xf2,
    0xe9, 0xff, 0xfc, 0xb4, 0x3f, 0xfc, 0xf, 0xff,
    0xf2, 0xe9, 0xff, 0xfc, 0xb4, 0x3f, 0xfc, 0xf,
    0xff, 0xf2, 0xe9, 0xff, 0xfc, 0xb4, 0x3f, 0xfc,
    0xf, 0xff, 0xf2, 0xe9, 0xff, 0xfc, 0xb4, 0x3f,
    0xfc, 0xf, 0xff, 0xf2, 0xe9, 0xff, 0xfc, 0xb4,
    0x3f, 0xfc, 0xf, 0xff, 0xf2, 0xe9, 0xff, 0xfc,
    0xb4, 0x3f, 0xfc, 0xf, 0xff, 0xf2, 0xe9, 0xff,
    0xfc, 0xb4, 0x3f, 0xfc, 0xf, 0xff, 0xf2, 0xe9,
    0xff, 0xfc, 0xb4, 0x3f, 0xfc, 0xf, 0xff, 0xf2,
    0xe9, 0xff, 0xfc, 0xb4, 0x3f, 0xfc, 0xf, 0xff,
    0xf2, 0xe9, 0xff, 0xfc, 0xb4, 0x3f, 0xfc, 0xf,
    0xff, 0xf2, 0xe9, 0xff, 0xfc, 0xb4, 0x3f, 0xfc,
    0xf, 0xff, 0xf2, 0xe9, 0xff, 0xfc, 0xb4, 0x3f,
    0xfc, 0xf, 0xff, 0xf2, 0xe9, 0xff, 0xfc, 0xb4,
    0x3f, 0xfc, 0xf, 0xff, 0xf2, 0xe9, 0xff, 0xfc,
    0xb4, 0x3f, 0xfc, 0xf, 0xff, 0xf2, 0xe9, 0xff,
    0xfc, 0xb4, 0x3f, 0xfc, 0xf, 0xff, 0xf2, 0xe9,
    0xff, 0xfc, 0xb4, 0x3f, 0xfc, 0xf, 0xff, 0xf2,
    0xe9, 0xff, 0xfc, 0xb4, 0x3f, 0xfc, 0xf, 0xff,
    0xf2, 0xe9, 0xff, 0xfc, 0xb4, 0x3f, 0xfc, 0xf,
    0xff, 0xf2, 0xe9, 0xff, 0xfc, 0xb4, 0x3f, 0xfc,
    0xf, 0xff, 0xf2, 0xe9, 0xff, 0xfc, 0xb4, 0x3f,
    0xfc, 0xf, 0xff, 0xf2, 0xe9, 0xff, 0xfc, 0xb4,
    0x3f, 0xfc, 0xf, 0xff, 0xf2, 0xe9, 0xff, 0xfc,
    0xb4, 0x3f, 0xfc, 0xf, 0xff, 0xf2, 0xe9, 0xff,
    0xfc, 0xb4, 0x3f, 0xfc, 0xf, 0xff, 0xf2, 0xe9,
    0xff, 0xfc, 0xb4, 0x3f, 0xfc, 0xf, 0xff, 0xf2,
    0xe9, 0xff, 0xfc, 0xb4, 0x3f, 0xfc, 0xf, 0xff,
    0xf2, 0xe9, 0xff, 0xfc, 0xb4, 0x3f, 0xfc, 0xf,
    0xff, 0xf2, 0xe9, 0xff, 0xfc, 0xb4, 0x3f, 0xfc,
    0xf, 0xff, 0xf2, 0xe9, 0xff, 0xfc, 0xb4, 0x3f,
    0xfc, 0xf, 0xff, 0xf2, 0xe9, 0xff, 0xfc, 0xb4,
    0x3f, 0xfc, 0xf, 0xff, 0xf2, 0xe9, 0xff, 0xfc,
    0xb4, 0x3f, 0xfc, 0xf, 0xff, 0xf2, 0xe9, 0xff,
    0xfc, 0xb4, 0x3f, 0xfc, 0xf, 0xff, 0xf2, 0xe9,
    0xff, 0xfc, 0xb4, 0x3f, 0xfc, 0xf, 0xff, 0xf2,
    0xe9, 0xff, 0xfc, 0xb4, 0x3f, 0xfc, 0xf, 0xff,
    0xf2, 0xe0,

    /* U+006F "o" */
    0xf, 0xff, 0xf8, 0x7f, 0xff, 0x5a, 0x7f, 0xff,
    0xe, 0x8a, 0xf, 0xff, 0xf8, 0x66, 0xff, 0xfe,
    0x7c, 0x87, 0xff, 0xf1, 0xbf, 0xff, 0xad, 0x7,
    0xff, 0xd9, 0xbf, 0xff, 0xb9, 0x7, 0xff, 0xc5,
    0xff, 0xff, 0xc, 0x1f, 0xfe, 0xd7, 0xff, 0xfc,
    0xb0, 0x7f, 0xfa, 0x5f, 0xff, 0xf4, 0xc1, 0xff,
    0xe6, 0xff, 0xff, 0x6a, 0x1f, 0xfe, 0x2b, 0xff,
    0xfe, 0x1, 0xff, 0xe0, 0xff, 0xff, 0x9a, 0x1f,
    0xfd, 0xc7, 0xff, 0xfe, 0xb0, 0x7f, 0xf6, 0x9f,
    0xff, 0xfc, 0x7, 0xff, 0x62, 0xff, 0xff, 0xd0,
    0x7f, 0xf5, 0xaf, 0xff, 0xfe, 0x7, 0xff, 0x52,
    0xff, 0xff, 0xf0, 0x7f, 0xf4, 0xaf, 0xff, 0xff,
    0xe1, 0xff, 0xd0, 0xbf, 0xff, 0xff, 0xf0, 0x7f,
    0xf3, 0xaf, 0xff, 0xff, 0xff, 0x7, 0xff, 0x31,
    0xff, 0xff, 0xff, 0xfa, 0xf, 0xfe, 0x5f, 0xff,
    0xff, 0xff, 0xf2, 0x1f, 0xfc, 0x9f, 0xff, 0xff,
    0xff, 0xf8, 0x3f, 0xf9, 0xf, 0xff, 0xf6, 0x25,
    0x7, 0xca, 0xbf, 0xff, 0xb2, 0x1f, 0xfc, 0x7f,
    0xff, 0xeb, 0x41, 0xff, 0xc5, 0x7f, 0xff, 0xad,
    0x7, 0xff, 0x16, 0xff, 0xfe, 0xa2, 0x1f, 0xfc,
    0xab, 0xff, 0xfa, 0x81, 0xff, 0xc4, 0x7f, 0xff,
    0xa6, 0x87, 0xff, 0x3a, 0xff, 0xfe, 0x94, 0x1f,
    0xfc, 0x3f, 0xff, 0xe9, 0x87, 0xff, 0x45, 0xff,
    0xfe, 0x92, 0x1f, 0xfc, 0x17, 0xff, 0xfa, 0x30,
    0x7f, 0xf5, 0x3f, 0xff, 0xa4, 0x1f, 0xfc, 0x1f,
    0xff, 0xe8, 0xa1, 0xff, 0xd6, 0xff, 0xfe, 0x8a,
    0x1f, 0xf3, 0xff, 0xfd, 0x4, 0x3f, 0xfb, 0x1f,
    0xff, 0xd1, 0xf, 0xfb, 0xff, 0xfa, 0x10, 0x7f,
    0xf6, 0xbf, 0xff, 0xa0, 0x87, 0xf3, 0xff, 0xfc,
    0xf8, 0x3f, 0xfb, 0x6f, 0xff, 0xf3, 0xe0, 0xfe,
    0xbf, 0xff, 0x9e, 0x1f, 0xfd, 0xdb, 0xff, 0xf9,
    0xe1, 0xfd, 0xff, 0xfc, 0xf4, 0x3f, 0xfb, 0xdf,
    0xff, 0xcf, 0x43, 0xe7, 0xff, 0xf9, 0xd0, 0x7f,
    0xf8, 0x3f, 0xff, 0x9e, 0x1f, 0x5f, 0xff, 0xce,
    0xf, 0xff, 0xd, 0xff, 0xfc, 0xe0, 0xfb, 0xff,
    0xf9, 0xc8, 0x7f, 0xf8, 0xbf, 0xff, 0x9c, 0x87,
    0x3f, 0xff, 0xce, 0xf, 0xff, 0x1d, 0xff, 0xfc,
    0xe0, 0xeb, 0xff, 0xf9, 0xb0, 0x7f, 0xf9, 0x3f,
    0xff, 0x9c, 0x1d, 0xff, 0xfc, 0xe0, 0xff, 0xf2,
    0xdf, 0xff, 0xcd, 0x43, 0x7f, 0xff, 0x36, 0xf,
    0xff, 0x2b, 0xff, 0xfc, 0xd8, 0x27, 0xff, 0xf9,
    0xa8, 0x7f, 0xf9, 0xbf, 0xff, 0x9c, 0x15, 0xff,
    0xfc, 0xd0, 0xff, 0xf3, 0xdf, 0xff, 0xcd, 0xb,
    0xff, 0xf9, 0xb0, 0x7f, 0xf9, 0xdf, 0xff, 0xe6,
    0x85, 0xff, 0xfc, 0xd4, 0x3f, 0xfd, 0x1f, 0xff,
    0xcd, 0x41, 0xff, 0xfc, 0xd0, 0xff, 0xf4, 0xff,
    0xff, 0x35, 0x7, 0xff, 0xf3, 0x43, 0xff, 0xd3,
    0x7f, 0xff, 0x32, 0x1f, 0xff, 0xe6, 0x87, 0xff,
    0xa5, 0xff, 0xfe, 0x68, 0xff, 0xff, 0x32, 0xf,
    0xff, 0x4b, 0xff, 0xfc, 0xd2, 0xff, 0xfe, 0x64,
    0x1f, 0xfe, 0xaf, 0xff, 0xe6, 0x97, 0xff, 0xf3,
    0x10, 0xff, 0xf5, 0x7f, 0xff, 0x34, 0xbf, 0xff,
    0x98, 0x87, 0xff, 0xab, 0xff, 0xf9, 0xa5, 0xff,
    0xfc, 0xc4, 0x3f, 0xfd, 0x5f, 0xff, 0xcd, 0x2f,
    0xff, 0xe6, 0x21, 0xff, 0xea, 0xff, 0xfe, 0x69,
    0xff, 0xfc, 0xd0, 0xff, 0xf5, 0xff, 0xff, 0x34,
    0xff, 0xfe, 0x68, 0x7f, 0xfa, 0xff, 0xff, 0x9a,
    0x7f, 0xff, 0x34, 0x3f, 0xfd, 0x7f, 0xff, 0xcd,
    0x2f, 0xff, 0xe6, 0x21, 0xff, 0xea, 0xff, 0xfe,
    0x69, 0x7f, 0xff, 0x31, 0xf, 0xff, 0x57, 0xff,
    0xf3, 0x4b, 0xff, 0xf9, 0x88, 0x7f, 0xfa, 0xbf,
    0xff, 0x9a, 0x5f, 0xff, 0xcc, 0x43, 0xff, 0xd5,
    0xff, 0xfc, 0xd2, 0xff, 0xfe, 0x64, 0x1f, 0xfe,
    0xaf, 0xff, 0xe6, 0x8f, 0xff, 0xf3, 0x20, 0xff,
    0xf4, 0xbf, 0xff, 0xcd, 0x1f, 0xff, 0xe6, 0x87,
    0xff, 0xa5, 0xff, 0xfe, 0x64, 0xf, 0xff, 0xe6,
    0x87, 0xff, 0xa6, 0xff, 0xfe, 0x64, 0xf, 0xff,
    0xe6, 0x87, 0xff, 0xa7, 0xff, 0xf9, 0xa8, 0x3f,
    0xff, 0x9a, 0x87, 0xff, 0xa3, 0xff, 0xf9, 0xa8,
    0x3f, 0xff, 0x9b, 0x7, 0xff, 0x9d, 0xff, 0xfe,
    0x68, 0x57, 0xff, 0xf3, 0x43, 0xff, 0xcf, 0x7f,
    0xff, 0x34, 0x27, 0xff, 0xf9, 0xa8, 0x7f, 0xf9,
    0xbf, 0xff, 0x9c, 0x1b, 0xff, 0xf9, 0xb0, 0x7f,
    0xf9, 0x5f, 0xff, 0xe6, 0xc1, 0xbf, 0xff, 0x9c,
    0x1f, 0xfe, 0x5b, 0xff, 0xf9, 0xa8, 0x6b, 0xff,
    0xf9, 0xa8, 0x7f, 0xf9, 0x3f, 0xff, 0x9c, 0x1c,
    0xff, 0xff, 0x38, 0x3f, 0xfc, 0x77, 0xff, 0xf3,
    0x83, 0xdf, 0xff, 0xce, 0x43, 0xff, 0xc5, 0xff,
    0xfc, 0xe4, 0x3d, 0x7f, 0xff, 0x38, 0x3f, 0xfc,
    0x37, 0xff, 0xf3, 0x83, 0xe7, 0xff, 0xf9, 0xd0,
    0x7f, 0xf8, 0x3f, 0xff, 0x9e, 0x1f, 0xbf, 0xff,
    0x9e, 0x1f, 0xfd, 0xff, 0xff, 0xe7, 0xa1, 0xfa,
    0xff, 0xfe, 0x78, 0x7f, 0xf7, 0x6f, 0xff, 0xe7,
    0x87, 0xfb, 0xff, 0xf9, 0xf0, 0x7f, 0xf6, 0xdf,
    0xff, 0xe7, 0xc1, 0xfe, 0xff, 0xfe, 0x84, 0x1f,
    0xfd, 0xaf, 0xff, 0xe8, 0x7, 0xfc, 0xff, 0xff,
    0x41, 0xf, 0xfe, 0xc7, 0xff, 0xf4, 0x20, 0xff,
    0xe0, 0x7f, 0xff, 0x45, 0xf, 0xfe, 0xb7, 0xff,
    0xf4, 0x50, 0xff, 0xe0, 0x3f, 0xff, 0xd1, 0x83,
    0xff, 0xa6, 0xff, 0xff, 0x48, 0x3f, 0xf8, 0x5f,
    0xff, 0xd3, 0xf, 0xfe, 0x8d, 0xff, 0xfd, 0x20,
    0xff, 0xe1, 0xbf, 0xff, 0xd3, 0x83, 0xff, 0x9a,
    0xff, 0xff, 0x4e, 0xf, 0xfe, 0x25, 0xff, 0xfd,
    0x44, 0x3f, 0xf9, 0x2d, 0xff, 0xfd, 0x40, 0xff,
    0xe3, 0x7f, 0xff, 0x5a, 0x43, 0xff, 0x89, 0x7f,
    0xff, 0x59, 0xf, 0xfe, 0x33, 0xff, 0xfd, 0x9a,
    0x2c, 0x5, 0xa9, 0xff, 0xfd, 0x90, 0xff, 0xe4,
    0x5f, 0xff, 0xff, 0xff, 0xe0, 0xff, 0xe5, 0x7f,
    0xff, 0xff, 0xff, 0x21, 0xff, 0xcb, 0xff, 0xff,
    0xff, 0xfa, 0xf, 0xfe, 0x63, 0xff, 0xff, 0xff,
    0xe0, 0xff, 0xe7, 0x5f, 0xff, 0xff, 0xf8, 0x3f,
    0xfa, 0x17, 0xff, 0xff, 0xf0, 0xff, 0xe9, 0x5f,
    0xff, 0xfe, 0xf, 0xfe, 0xa5, 0xff, 0xff, 0xc0,
    0xff, 0xeb, 0x5f, 0xff, 0xfa, 0xf, 0xfe, 0xc3,
    0xff, 0xff, 0x78, 0x3f, 0xfb, 0x7f, 0xff, 0xf5,
    0x43, 0xff, 0xbb, 0x7f, 0xff, 0xc8, 0x3f, 0xfc,
    0xf, 0xff, 0xfb, 0xe0, 0xff, 0xf1, 0xdf, 0xff,
    0xec, 0x43, 0xff, 0xcd, 0xff, 0xfe, 0x94, 0x3f,
    0xfd, 0x2f, 0xff, 0xf9, 0x60, 0xff, 0xf6, 0xb7,
    0xff, 0xf8, 0x10, 0xff, 0xf9, 0x5f, 0xff, 0xdb,
    0x90, 0xff, 0xfb, 0xdf, 0xff, 0xd5, 0x90, 0xff,
    0xfe, 0xb7, 0xff, 0xf3, 0x64, 0x3f, 0xff, 0xe1,
    0xf2, 0xa9, 0xff, 0xf5, 0x48, 0x7f, 0xf8, 0x0,

    /* U+0070 "p" */
    0xf, 0xff, 0x33, 0x4f, 0xfe, 0xa9, 0xf, 0xff,
    0xf8, 0x7f, 0xaf, 0xff, 0xe4, 0xc8, 0x7f, 0xf5,
    0xef, 0xff, 0xe5, 0x7, 0xff, 0x22, 0xff, 0xfe,
    0x84, 0x1f, 0xfd, 0x4b, 0xff, 0xf9, 0x41, 0xff,
    0xc5, 0x7f, 0xff, 0xac, 0x87, 0xff, 0x46, 0xff,
    0xfe, 0x50, 0x7f, 0xf0, 0xdf, 0xff, 0xed, 0x41,
    0xff, 0xcf, 0xbf, 0xff, 0x94, 0x1f, 0xfc, 0x17,
    0xff, 0xfb, 0xd0, 0x7f, 0xf3, 0x6f, 0xff, 0xe5,
    0x7, 0xff, 0x2, 0xff, 0xff, 0xa, 0x1f, 0xfc,
    0xbb, 0xff, 0xf9, 0x41, 0xfe, 0x7f, 0xff, 0xc9,
    0x7, 0xff, 0x2a, 0xff, 0xfe, 0x50, 0x7f, 0x5f,
    0xff, 0xe7, 0x43, 0xff, 0x91, 0x7f, 0xff, 0x28,
    0x3f, 0x7f, 0xff, 0xaa, 0xf, 0xfe, 0x3d, 0xff,
    0xfc, 0xa0, 0xf3, 0xff, 0xfe, 0xd0, 0xff, 0xe3,
    0x5f, 0xff, 0xca, 0xe, 0x7f, 0xff, 0xde, 0x1f,
    0xfc, 0x5b, 0xff, 0xf9, 0x41, 0x9f, 0xff, 0xf8,
    0x87, 0xff, 0x12, 0xff, 0xfe, 0x50, 0x4f, 0xff,
    0xfc, 0xc3, 0xff, 0x87, 0x7f, 0xff, 0x28, 0xf,
    0xff, 0xfd, 0x43, 0xff, 0x85, 0x7f, 0xff, 0x28,
    0x1f, 0xff, 0xf7, 0xf, 0xfe, 0xd, 0xff, 0xfc,
    0xa3, 0xff, 0xff, 0x10, 0x7f, 0xf0, 0x2f, 0xff,
    0xff, 0xff, 0xff, 0x15, 0xf, 0xfa, 0xff, 0xff,
    0xff, 0xff, 0xf1, 0x83, 0xfe, 0xbf, 0xff, 0xff,
    0xff, 0xfc, 0x70, 0xff, 0x5f, 0xff, 0xff, 0xff,
    0xfe, 0x3c, 0x1f, 0xd7, 0xff, 0xf8, 0xa5, 0x80,
    0xb5, 0x3f, 0xff, 0xb4, 0x1f, 0xd7, 0xff, 0xf7,
    0xa4, 0x3f, 0xf8, 0x6f, 0xff, 0xf6, 0x3, 0xf5,
    0xff, 0xfd, 0xc4, 0x3f, 0xf9, 0x37, 0xff, 0xf5,
    0x50, 0xfa, 0xff, 0xfe, 0xd2, 0x1f, 0xfc, 0xdb,
    0xff, 0xfa, 0x81, 0xf5, 0xff, 0xfd, 0x88, 0x3f,
    0xfa, 0xf, 0xff, 0xf4, 0xe0, 0xf5, 0xff, 0xfd,
    0x70, 0xff, 0xea, 0x7f, 0xff, 0x4c, 0x3d, 0x7f,
    0xff, 0x56, 0xf, 0xfe, 0xb5, 0xff, 0xfd, 0x14,
    0x3a, 0xff, 0xfe, 0xa4, 0x1f, 0xfd, 0x8b, 0xff,
    0xfa, 0x21, 0xd7, 0xff, 0xf4, 0xe0, 0xff, 0xed,
    0x5f, 0xff, 0xd0, 0x43, 0x5f, 0xff, 0xd3, 0xf,
    0xfe, 0xe5, 0xff, 0xfc, 0xf8, 0x35, 0xff, 0xfd,
    0x20, 0xff, 0xef, 0x7f, 0xff, 0x40, 0x35, 0xff,
    0xfd, 0x10, 0xff, 0xf0, 0x7f, 0xff, 0x3d, 0xa,
    0xff, 0xfe, 0x84, 0x1f, 0xfe, 0xb, 0xff, 0xf9,
    0xe1, 0x5f, 0xff, 0xd0, 0xf, 0xff, 0x17, 0xff,
    0xf3, 0xc2, 0xbf, 0xff, 0x9e, 0x87, 0xff, 0x89,
    0xff, 0xfe, 0x72, 0xb, 0xff, 0xf9, 0xd0, 0x7f,
    0xf9, 0x3f, 0xff, 0x9d, 0x2, 0xff, 0xfe, 0x72,
    0x1f, 0xfe, 0x47, 0xff, 0xf9, 0xc0, 0xbf, 0xff,
    0x9c, 0x1f, 0xfe, 0x6f, 0xff, 0xe7, 0x2, 0xff,
    0xfe, 0x6a, 0x1f, 0xfe, 0x6b, 0xff, 0xf9, 0xa9,
    0x7f, 0xff, 0x34, 0x3f, 0xfc, 0xef, 0xff, 0xf3,
    0x62, 0xff, 0xfe, 0x64, 0x1f, 0xfe, 0x8f, 0xff,
    0xe6, 0xc5, 0xff, 0xfc, 0xc4, 0x3f, 0xfd, 0x17,
    0xff, 0xf3, 0x4b, 0xff, 0xf9, 0x81, 0xff, 0xe9,
    0x7f, 0xff, 0x9a, 0x5f, 0xff, 0xcc, 0xf, 0xff,
    0x57, 0xff, 0xf3, 0x4b, 0xff, 0xf9, 0x70, 0x7f,
    0xfa, 0xbf, 0xff, 0x9a, 0xdf, 0xff, 0xcb, 0x83,
    0xff, 0xd5, 0xff, 0xfc, 0xd6, 0xff, 0xfe, 0x5a,
    0x1f, 0xfe, 0xab, 0xff, 0xf9, 0x8d, 0xff, 0xfc,
    0xb0, 0xff, 0xf5, 0xdf, 0xff, 0xcc, 0xa7, 0xff,
    0xf2, 0xc3, 0xff, 0xd6, 0xff, 0xff, 0x32, 0x9f,
    0xff, 0xcb, 0xf, 0xff, 0x5b, 0xff, 0xfc, 0xca,
    0x7f, 0xff, 0x2c, 0x3f, 0xfd, 0x6f, 0xff, 0xf3,
    0x29, 0xff, 0xfc, 0xb0, 0xff, 0xf5, 0xbf, 0xff,
    0xcd, 0xbf, 0xff, 0x96, 0x1f, 0xfe, 0xcf, 0xff,
    0xe6, 0xdf, 0xff, 0xcb, 0xf, 0xff, 0x67, 0xff,
    0xf3, 0x6f, 0xff, 0xe5, 0x87, 0xff, 0xb3, 0xff,
    0xf9, 0xb7, 0xff, 0xf2, 0xc3, 0xff, 0xd6, 0xff,
    0xff, 0x32, 0x9f, 0xff, 0xcb, 0xf, 0xff, 0x5b,
    0xff, 0xfc, 0xca, 0x7f, 0xff, 0x2c, 0x3f, 0xfd,
    0x6f, 0xff, 0xf3, 0x29, 0xff, 0xfc, 0xb0, 0xff,
    0xf5, 0xbf, 0xff, 0xcc, 0xa7, 0xff, 0xf2, 0xc3,
    0xff, 0xd7, 0x7f, 0xff, 0x32, 0x9f, 0xff, 0xcb,
    0x43, 0xff, 0xd5, 0x7f, 0xff, 0x31, 0xbf, 0xff,
    0x96, 0x87, 0xff, 0xab, 0xff, 0xf9, 0xad, 0xff,
    0xfc, 0xb8, 0x3f, 0xfd, 0x5f, 0xff, 0xcd, 0x6f,
    0xff, 0xe6, 0x7, 0xff, 0xab, 0xff, 0xf9, 0xa5,
    0xff, 0xfc, 0xc0, 0xff, 0xf4, 0xbf, 0xff, 0xcd,
    0x2f, 0xff, 0xe6, 0x21, 0xff, 0xe8, 0xbf, 0xff,
    0x9a, 0x5f, 0xff, 0xcc, 0x83, 0xff, 0xd1, 0xff,
    0xfc, 0xd8, 0xbf, 0xff, 0x9a, 0x1f, 0xfe, 0x8f,
    0xff, 0xe6, 0xa5, 0xff, 0xfc, 0xd4, 0x3f, 0xfc,
    0xd7, 0xff, 0xf3, 0x52, 0xff, 0xfe, 0x6c, 0x1f,
    0xfe, 0x6f, 0xff, 0xe7, 0x2, 0xff, 0xfe, 0x70,
    0x7f, 0xf9, 0x5f, 0xff, 0xe7, 0x2, 0xff, 0xfe,
    0x74, 0x1f, 0xfe, 0x4f, 0xff, 0xe7, 0x40, 0xbf,
    0xff, 0x9e, 0x1f, 0xfe, 0x37, 0xff, 0xf9, 0xc8,
    0x2f, 0xff, 0xe7, 0xc1, 0xff, 0xe2, 0xff, 0xfe,
    0x78, 0x57, 0xff, 0xf4, 0x10, 0xff, 0xf0, 0x3f,
    0xff, 0xce, 0x82, 0xbf, 0xff, 0xa2, 0x1f, 0xfe,
    0xf, 0xff, 0xe7, 0xa1, 0x5f, 0xff, 0xd1, 0x83,
    0xff, 0xbd, 0xff, 0xfd, 0x0, 0xd7, 0xff, 0xf4,
    0xa0, 0xff, 0xee, 0x5f, 0xff, 0xcf, 0x83, 0x5f,
    0xff, 0xd3, 0x43, 0xff, 0xb4, 0xff, 0xff, 0x40,
    0x3a, 0xff, 0xfe, 0xa2, 0x1f, 0xfd, 0x87, 0xff,
    0xfa, 0x21, 0xd7, 0xff, 0xf5, 0x50, 0xff, 0xeb,
    0x3f, 0xff, 0xd1, 0x43, 0xaf, 0xff, 0xeb, 0x41,
    0xff, 0xd4, 0xbf, 0xff, 0xa4, 0x1e, 0xbf, 0xff,
    0xb0, 0x1f, 0xfd, 0x2f, 0xff, 0xe9, 0xa1, 0xeb,
    0xff, 0xfb, 0x30, 0x7f, 0xf3, 0x9f, 0xff, 0xea,
    0x7, 0xd7, 0xff, 0xf6, 0xd0, 0xff, 0xe5, 0x3f,
    0xff, 0xd5, 0xf, 0xd7, 0xff, 0xf7, 0x64, 0x3f,
    0xf8, 0xb7, 0xff, 0xf5, 0xa0, 0xfd, 0x7f, 0xff,
    0x86, 0x43, 0xf2, 0xaf, 0xff, 0xec, 0x87, 0xf5,
    0xff, 0xff, 0xff, 0xff, 0xe3, 0xa1, 0xfd, 0x7f,
    0xff, 0xff, 0xff, 0xf8, 0xd0, 0x7f, 0xaf, 0xff,
    0xff, 0xff, 0xff, 0x18, 0x3f, 0xeb, 0xff, 0xff,
    0xff, 0xff, 0xc5, 0xf, 0xfe, 0x5, 0xff, 0xff,
    0xff, 0xff, 0xe2, 0x21, 0xff, 0xc0, 0xbf, 0xff,
    0xff, 0xff, 0xfc, 0x38, 0x3f, 0xf8, 0x37, 0xff,
    0xff, 0xff, 0xff, 0x85, 0x7, 0xff, 0xa, 0xff,
    0xff, 0xff, 0xff, 0xf0, 0x60, 0xff, 0xe1, 0xdf,
    0xff, 0xcb, 0x8f, 0xff, 0xf9, 0x41, 0xff, 0xc4,
    0xbf, 0xff, 0x97, 0x3, 0xff, 0xfe, 0x10, 0x7f,
    0xf1, 0x6f, 0xff, 0xe5, 0xc1, 0x7f, 0xff, 0xba,
    0xf, 0xfe, 0x35, 0xff, 0xfc, 0xb8, 0x37, 0xff,
    0xfb, 0x10, 0xff, 0xe3, 0xdf, 0xff, 0xcb, 0x83,
    0xaf, 0xff, 0xf4, 0x87, 0xff, 0x26, 0xff, 0xfe,
    0x5c, 0x1e, 0x7f, 0xff, 0xcd, 0x7, 0xff, 0x2a,
    0xff, 0xfe, 0x5c, 0x1f, 0xaf, 0xff, 0xf1, 0x87,
    0xff, 0x32, 0xff, 0xfe, 0x5c, 0x1f, 0xcf, 0xff,
    0xf8, 0x10, 0xff, 0xe6, 0xdf, 0xff, 0xcb, 0x83,
    0xfe, 0x7f, 0xff, 0xb8, 0x87, 0xff, 0x3e, 0xff,
    0xfe, 0x5c, 0x1f, 0xfc, 0x17, 0xff, 0xfa, 0xf2,
    0x1f, 0xfd, 0x1b, 0xff, 0xf9, 0x70, 0x7f, 0xf1,
    0x2f, 0xff, 0xe9, 0x41, 0xff, 0xd4, 0xbf, 0xff,
    0x97, 0x7, 0xff, 0x19, 0xbf, 0xff, 0x97, 0x21,
    0xff, 0xd7, 0xbf, 0xff, 0x97, 0x7, 0xff, 0x29,
    0x57, 0xff, 0xf0, 0x68, 0x87, 0xff, 0x6e, 0xff,
    0xfe, 0x5c, 0x1f, 0xff, 0xf0, 0xeb, 0xff, 0xf9,
    0x70, 0x7f, 0xff, 0xc3, 0xaf, 0xff, 0xe5, 0xc1,
    0xff, 0xff, 0xe, 0xbf, 0xff, 0x97, 0x7, 0xff,
    0xfc, 0x3a, 0xff, 0xfe, 0x5c, 0x1f, 0xff, 0xf0,
    0xeb, 0xff, 0xf9, 0x70, 0x7f, 0xff, 0xc3, 0xaf,
    0xff, 0xe5, 0xc1, 0xff, 0xff, 0xe, 0xbf, 0xff,
    0x97, 0x7, 0xff, 0xfc, 0x3a, 0xff, 0xfe, 0x5c,
    0x1f, 0xff, 0xf0, 0xeb, 0xff, 0xf9, 0x70, 0x7f,
    0xff, 0xc3, 0xaf, 0xff, 0xe5, 0xc1, 0xff, 0xff,
    0xe, 0xbf, 0xff, 0x97, 0x7, 0xff, 0xfc, 0x3a,
    0xff, 0xfe, 0x5c, 0x1f, 0xff, 0xf0, 0xeb, 0xff,
    0xf9, 0x70, 0x7f, 0xff, 0xc3, 0xaf, 0xff, 0xe5,
    0xc1, 0xff, 0xff, 0xe, 0xbf, 0xff, 0x97, 0x7,
    0xff, 0xfc, 0x3a, 0xff, 0xfe, 0x5c, 0x1f, 0xff,
    0xf0, 0xeb, 0xff, 0xf9, 0x70, 0x7f, 0xff, 0xc3,
    0xaf, 0xff, 0xe5, 0xc1, 0xff, 0xff, 0xe, 0xbf,
    0xff, 0x97, 0x7, 0xff, 0xfc, 0x3a, 0xff, 0xfe,
    0x5c, 0x1f, 0xff, 0xf0, 0xeb, 0xff, 0xf9, 0x70,
    0x7f, 0xff, 0xc3, 0xaf, 0xff, 0xe5, 0xc1, 0xff,
    0xff, 0xe, 0xbf, 0xff, 0x97, 0x7, 0xff, 0xfc,
    0x3a, 0xff, 0xfe, 0x5c, 0x1f, 0xff, 0xf0, 0xeb,
    0xff, 0xf9, 0x70, 0x7f, 0xff, 0xc3, 0xaf, 0xff,
    0xe5, 0xc1, 0xff, 0xff, 0xe, 0xbf, 0xff, 0x97,
    0x7, 0xff, 0xfc, 0x3a, 0xff, 0xfe, 0x5c, 0x1f,
    0xff, 0xf0, 0xeb, 0xff, 0xf9, 0x70, 0x7f, 0xff,
    0xc3, 0xaf, 0xff, 0xe5, 0xc1, 0xff, 0xff, 0xe,
    0xbf, 0xff, 0x97, 0x7, 0xff, 0xfc, 0x3a, 0xff,
    0xfe, 0x5c, 0x1f, 0xff, 0xf0, 0xeb, 0xff, 0xf9,
    0x70, 0x7f, 0xff, 0xc3, 0xaf, 0xff, 0xe5, 0xc1,
    0xff, 0xff, 0xe, 0xbf, 0xff, 0x97, 0x7, 0xff,
    0xfc, 0x3a, 0xff, 0xfe, 0x5c, 0x1f, 0xff, 0xf0,
    0xeb, 0xff, 0xf9, 0x70, 0x7f, 0xff, 0xc3, 0xaf,
    0xff, 0xe5, 0xc1, 0xff, 0xff, 0xe, 0xbf, 0xff,
    0x97, 0x7, 0xff, 0xfc, 0x3a, 0xff, 0xfe, 0x5c,
    0x1f, 0xff, 0xf0, 0xeb, 0xff, 0xf9, 0x70, 0x7f,
    0xff, 0xc3, 0x80,

    /* U+0071 "q" */
    0xf, 0xfe, 0xeb, 0x4f, 0xff, 0x51, 0xf, 0xff,
    0xf8, 0x7f, 0x37, 0xff, 0xf2, 0x90, 0xff, 0xff,
    0x81, 0xff, 0xfe, 0x8c, 0x1f, 0xfc, 0x6f, 0xff,
    0xe5, 0x21, 0xff, 0xd2, 0x6f, 0xff, 0xea, 0xc1,
    0xff, 0xc4, 0xff, 0xfe, 0x52, 0x1f, 0xfd, 0x7,
    0xff, 0xfb, 0x50, 0x7f, 0xf0, 0xbf, 0xff, 0x94,
    0x87, 0xff, 0x39, 0xff, 0xfe, 0xf4, 0x1f, 0xfc,
    0xf, 0xff, 0xe5, 0x21, 0xff, 0xcc, 0x7f, 0xff,
    0xc4, 0x87, 0xfb, 0xff, 0xf9, 0x48, 0x7f, 0xf2,
    0xef, 0xff, 0xf2, 0x41, 0xfd, 0xff, 0xfc, 0xa4,
    0x3f, 0xf9, 0x2f, 0xff, 0xfa, 0x3, 0xf7, 0xff,
    0xf2, 0x90, 0xff, 0xe4, 0x5f, 0xff, 0xea, 0xf,
    0xbf, 0xff, 0x94, 0x87, 0xff, 0x1f, 0xff, 0xfd,
    0xa8, 0x77, 0xff, 0xf2, 0x90, 0xff, 0xe3, 0x7f,
    0xff, 0xbd, 0xd, 0xff, 0xfc, 0xa4, 0x3f, 0xf8,
    0x8f, 0xff, 0xfc, 0x43, 0x7f, 0xff, 0x29, 0xf,
    0xfe, 0x1b, 0xff, 0xff, 0x30, 0xbf, 0xff, 0x94,
    0x87, 0xff, 0x9, 0xff, 0xff, 0xa8, 0x3f, 0xff,
    0x94, 0x87, 0xff, 0xb, 0xff, 0xfe, 0xd1, 0xff,
    0xfc, 0xa4, 0x3f, 0xf8, 0x3f, 0xff, 0xf8, 0x7f,
    0xff, 0x94, 0x87, 0xff, 0x3, 0xff, 0xff, 0xff,
    0xff, 0xc5, 0x43, 0xfe, 0xbf, 0xff, 0xff, 0xff,
    0xfc, 0x54, 0x3f, 0xcf, 0xff, 0xff, 0xff, 0xff,
    0x8c, 0x87, 0xfb, 0xff, 0xff, 0xff, 0xff, 0xc7,
    0x43, 0xfa, 0xff, 0xfe, 0xcd, 0x16, 0x2, 0xd7,
    0xff, 0xf8, 0x90, 0xfc, 0xff, 0xff, 0x5d, 0xf,
    0xfe, 0x1b, 0x7f, 0xff, 0x79, 0xf, 0xdf, 0xff,
    0xd5, 0x83, 0xff, 0x92, 0xff, 0xff, 0x71, 0xf,
    0xaf, 0xff, 0xe9, 0xc1, 0xff, 0xcd, 0x7f, 0xff,
    0xb4, 0x87, 0xdf, 0xff, 0xd3, 0x43, 0xff, 0xa1,
    0x7f, 0xff, 0x61, 0xf, 0x5f, 0xff, 0xd1, 0x83,
    0xff, 0xa9, 0xff, 0xfd, 0x74, 0x3d, 0xff, 0xfd,
    0x18, 0x3f, 0xfa, 0xd7, 0xff, 0xf5, 0x50, 0xeb,
    0xff, 0xfa, 0x10, 0x7f, 0xf6, 0x2f, 0xff, 0xea,
    0x21, 0xdf, 0xff, 0xd0, 0x83, 0xff, 0xb5, 0x7f,
    0xff, 0x4d, 0xc, 0xff, 0xff, 0x3e, 0xf, 0xfe,
    0xe7, 0xff, 0xf4, 0xd0, 0xdf, 0xff, 0xd0, 0xf,
    0xfe, 0xf7, 0xff, 0xf4, 0x90, 0xdf, 0xff, 0xcf,
    0xf, 0xff, 0x7, 0xff, 0xf4, 0x50, 0xaf, 0xff,
    0xe7, 0x21, 0xff, 0xe0, 0xbf, 0xff, 0xa0, 0x85,
    0xff, 0xfc, 0xf0, 0xff, 0xf1, 0x7f, 0xff, 0x41,
    0xb, 0xff, 0xf9, 0xc8, 0x7f, 0xf8, 0x9f, 0xff,
    0xe7, 0xa0, 0x7f, 0xff, 0x9c, 0x1f, 0xfe, 0x4f,
    0xff, 0xe7, 0xa0, 0xbf, 0xff, 0x9a, 0x87, 0xff,
    0x91, 0xff, 0xfe, 0x72, 0xf, 0xff, 0xe7, 0x7,
    0xff, 0x9b, 0xff, 0xf9, 0xc8, 0x3f, 0xff, 0x9b,
    0x7, 0xff, 0x99, 0xff, 0xfe, 0x6a, 0x3f, 0xff,
    0xcd, 0xf, 0xff, 0x47, 0xff, 0xf3, 0x52, 0xff,
    0xfe, 0x68, 0x7f, 0xfa, 0x2f, 0xff, 0xe6, 0x27,
    0xff, 0xf3, 0x60, 0xff, 0xf4, 0x3f, 0xff, 0xcc,
    0x4f, 0xff, 0xe6, 0xa1, 0xff, 0xe9, 0xff, 0xfe,
    0x62, 0x7f, 0xff, 0x34, 0x3f, 0xfd, 0x5f, 0xff,
    0xcc, 0x4f, 0xff, 0xe6, 0x87, 0xff, 0xaa, 0xff,
    0xfe, 0x5a, 0xbf, 0xff, 0x9a, 0x1f, 0xfe, 0xab,
    0xff, 0xf9, 0x6a, 0xff, 0xfe, 0x64, 0x1f, 0xfe,
    0xa7, 0xff, 0xf9, 0x6d, 0xff, 0xfc, 0xc8, 0x3f,
    0xfd, 0x7f, 0xff, 0xcb, 0x6f, 0xff, 0xe6, 0x21,
    0xff, 0xeb, 0xff, 0xfe, 0x5b, 0x7f, 0xff, 0x31,
    0xf, 0xff, 0x5f, 0xff, 0xf2, 0xdb, 0xff, 0xf9,
    0x88, 0x7f, 0xfa, 0xff, 0xff, 0x96, 0xdf, 0xff,
    0xcc, 0x43, 0xff, 0xd7, 0xff, 0xfc, 0xb7, 0xff,
    0xf9, 0xa1, 0xff, 0xec, 0xff, 0xfe, 0x5b, 0xff,
    0xfc, 0xd0, 0xff, 0xf6, 0x7f, 0xff, 0x2d, 0xff,
    0xfe, 0x68, 0x7f, 0xfb, 0x3f, 0xff, 0x96, 0xff,
    0xff, 0x35, 0xf, 0xff, 0x5f, 0xff, 0xf2, 0xdb,
    0xff, 0xf9, 0x88, 0x7f, 0xfa, 0xff, 0xff, 0x96,
    0xdf, 0xff, 0xcc, 0x43, 0xff, 0xd7, 0xff, 0xfc,
    0xb6, 0xff, 0xfe, 0x62, 0x1f, 0xfe, 0xbf, 0xff,
    0xe5, 0xb7, 0xff, 0xf3, 0x20, 0xff, 0xf5, 0xff,
    0xff, 0x2d, 0x5f, 0xff, 0xcc, 0x83, 0xff, 0xd4,
    0xff, 0xff, 0x2d, 0x5f, 0xff, 0xcd, 0xf, 0xff,
    0x53, 0xff, 0xfc, 0xb5, 0x7f, 0xff, 0x34, 0x3f,
    0xfd, 0x57, 0xff, 0xf2, 0xd3, 0xff, 0xf9, 0xa1,
    0xff, 0xea, 0xff, 0xfe, 0x62, 0x7f, 0xff, 0x35,
    0xf, 0xff, 0x4f, 0xff, 0xf3, 0x13, 0xff, 0xf9,
    0xb0, 0x7f, 0xfa, 0x1f, 0xff, 0xe6, 0x25, 0xff,
    0xfc, 0xd0, 0xff, 0xf4, 0x5f, 0xff, 0xcc, 0x4b,
    0xff, 0xf9, 0xa8, 0x7f, 0xf9, 0xff, 0xff, 0x9a,
    0x8f, 0xff, 0xf3, 0x60, 0xff, 0xf3, 0x3f, 0xff,
    0xcd, 0x41, 0xff, 0xfc, 0xe0, 0xff, 0xf3, 0x5f,
    0xff, 0xcd, 0x41, 0xff, 0xfc, 0xe4, 0x3f, 0xfc,
    0xbf, 0xff, 0xce, 0x41, 0x7f, 0xff, 0x38, 0x3f,
    0xfc, 0x97, 0xff, 0xf3, 0x90, 0x3f, 0xff, 0xce,
    0x43, 0xff, 0xc7, 0xff, 0xfc, 0xf4, 0x2f, 0xff,
    0xe7, 0x87, 0xff, 0x8a, 0xff, 0xfe, 0x7a, 0x15,
    0xff, 0xfc, 0xe8, 0x3f, 0xfc, 0xf, 0xff, 0xf4,
    0x10, 0x9f, 0xff, 0xe7, 0x87, 0xff, 0x83, 0xff,
    0xfa, 0x28, 0x6f, 0xff, 0xe8, 0x7, 0xff, 0x7a,
    0xff, 0xfe, 0x8a, 0x1a, 0xff, 0xfe, 0x7c, 0x1f,
    0xfd, 0xcb, 0xff, 0xfa, 0x48, 0x77, 0xff, 0xf4,
    0x20, 0xff, 0xed, 0x3f, 0xff, 0xd3, 0x43, 0xbf,
    0xff, 0xa3, 0x7, 0xff, 0x61, 0xff, 0xfe, 0xa2,
    0x1c, 0xff, 0xff, 0x46, 0xf, 0xfe, 0xb3, 0xff,
    0xfd, 0x54, 0x3d, 0xff, 0xfd, 0x28, 0x3f, 0xfa,
    0x97, 0xff, 0xf5, 0x90, 0xf3, 0xff, 0xfd, 0x30,
    0xff, 0xe9, 0x7f, 0xff, 0x61, 0xf, 0xbf, 0xff,
    0xa9, 0x7, 0xff, 0x3a, 0xff, 0xfe, 0xca, 0x1f,
    0x3f, 0xff, 0xd5, 0x43, 0xff, 0x94, 0xff, 0xff,
    0x6d, 0xf, 0xd7, 0xff, 0xf5, 0xa0, 0xff, 0xe2,
    0xb7, 0xff, 0xf7, 0x50, 0xfe, 0xff, 0xfe, 0xcc,
    0xa0, 0xfc, 0xdf, 0xff, 0xe1, 0x43, 0xf9, 0xff,
    0xff, 0xff, 0xff, 0xf1, 0xd0, 0xff, 0x5f, 0xff,
    0xff, 0xff, 0xfe, 0x32, 0x1f, 0xf7, 0xff, 0xff,
    0xff, 0xff, 0x8c, 0x87, 0xfc, 0xff, 0xff, 0xff,
    0xff, 0xf8, 0xa8, 0x7f, 0xf0, 0x1f, 0xff, 0xff,
    0xff, 0xff, 0x11, 0xf, 0xfe, 0xd, 0xff, 0xff,
    0xff, 0xff, 0xe1, 0xa1, 0xff, 0xc2, 0xbf, 0xff,
    0xff, 0xff, 0xfc, 0x24, 0x3f, 0xf8, 0x77, 0xff,
    0xfc, 0xdb, 0xff, 0xf9, 0x68, 0x7f, 0xf1, 0x2f,
    0xff, 0xf8, 0xa5, 0xff, 0xfc, 0xb4, 0x3f, 0xf8,
    0xb7, 0xff, 0xfb, 0xe0, 0x5f, 0xff, 0xcb, 0x43,
    0xff, 0x8d, 0x7f, 0xff, 0xb6, 0xa, 0xff, 0xfe,
    0x5a, 0x1f, 0xfc, 0x77, 0xff, 0xfd, 0x68, 0x6b,
    0xff, 0xf9, 0x68, 0x7f, 0xf2, 0x7f, 0xff, 0xd2,
    0x87, 0x5f, 0xff, 0xcb, 0x43, 0xff, 0x94, 0xff,
    0xff, 0x98, 0x3e, 0xbf, 0xff, 0x96, 0x87, 0xff,
    0x32, 0xff, 0xff, 0x14, 0x1f, 0xaf, 0xff, 0xe5,
    0xa1, 0xff, 0xcd, 0x7f, 0xff, 0xbf, 0x7, 0xfa,
    0xff, 0xfe, 0x5a, 0x1f, 0xfc, 0xf7, 0xff, 0xfb,
    0x88, 0x7f, 0xd7, 0xff, 0xf2, 0xd0, 0xff, 0xe8,
    0xb7, 0xff, 0xf5, 0xd0, 0xff, 0xe0, 0xdf, 0xff,
    0xcb, 0x43, 0xff, 0xa8, 0xff, 0xff, 0x4a, 0x43,
    0xff, 0x87, 0x7f, 0xff, 0x2d, 0xf, 0xfe, 0xbb,
    0x7f, 0xff, 0x2e, 0x43, 0xff, 0x8d, 0x7f, 0xff,
    0x2d, 0xf, 0xfe, 0xdb, 0x4f, 0xff, 0xe0, 0xd1,
    0xf, 0xfe, 0x55, 0xff, 0xfc, 0xb4, 0x3f, 0xff,
    0xe1, 0xd7, 0xff, 0xf2, 0xd0, 0xff, 0xff, 0x87,
    0x5f, 0xff, 0xcb, 0x43, 0xff, 0xfe, 0x1d, 0x7f,
    0xff, 0x2d, 0xf, 0xff, 0xf8, 0x75, 0xff, 0xfc,
    0xb4, 0x3f, 0xff, 0xe1, 0xd7, 0xff, 0xf2, 0xd0,
    0xff, 0xff, 0x87, 0x5f, 0xff, 0xcb, 0x43, 0xff,
    0xfe, 0x1d, 0x7f, 0xff, 0x2d, 0xf, 0xff, 0xf8,
    0x75, 0xff, 0xfc, 0xb4, 0x3f, 0xff, 0xe1, 0xd7,
    0xff, 0xf2, 0xd0, 0xff, 0xff, 0x87, 0x5f, 0xff,
    0xcb, 0x43, 0xff, 0xfe, 0x1d, 0x7f, 0xff, 0x2d,
    0xf, 0xff, 0xf8, 0x75, 0xff, 0xfc, 0xb4, 0x3f,
    0xff, 0xe1, 0xd7, 0xff, 0xf2, 0xd0, 0xff, 0xff,
    0x87, 0x5f, 0xff, 0xcb, 0x43, 0xff, 0xfe, 0x1d,
    0x7f, 0xff, 0x2d, 0xf, 0xff, 0xf8, 0x75, 0xff,
    0xfc, 0xb4, 0x3f, 0xff, 0xe1, 0xd7, 0xff, 0xf2,
    0xd0, 0xff, 0xff, 0x87, 0x5f, 0xff, 0xcb, 0x43,
    0xff, 0xfe, 0x1d, 0x7f, 0xff, 0x2d, 0xf, 0xff,
    0xf8, 0x75, 0xff, 0xfc, 0xb4, 0x3f, 0xff, 0xe1,
    0xd7, 0xff, 0xf2, 0xd0, 0xff, 0xff, 0x87, 0x5f,
    0xff, 0xcb, 0x43, 0xff, 0xfe, 0x1d, 0x7f, 0xff,
    0x2d, 0xf, 0xff, 0xf8, 0x75, 0xff, 0xfc, 0xb4,
    0x3f, 0xff, 0xe1, 0xd7, 0xff, 0xf2, 0xd0, 0xff,
    0xff, 0x87, 0x5f, 0xff, 0xcb, 0x43, 0xff, 0xfe,
    0x1d, 0x7f, 0xff, 0x2d, 0xf, 0xff, 0xf8, 0x75,
    0xff, 0xfc, 0xb4, 0x3f, 0xff, 0xe1, 0xd7, 0xff,
    0xf2, 0xd0, 0xff, 0xff, 0x87, 0x5f, 0xff, 0xcb,
    0x43, 0xff, 0xfe, 0x1d, 0x7f, 0xff, 0x2d, 0xf,
    0xff, 0xf8, 0x75, 0xff, 0xfc, 0xb4, 0x3f, 0xff,
    0xe1, 0xd7, 0xff, 0xf2, 0xd0, 0xff, 0xff, 0x87,
    0x5f, 0xff, 0xcb, 0x43, 0xff, 0xfe, 0x1d, 0x7f,
    0xff, 0x2d, 0xf, 0xff, 0xf8, 0x75, 0xff, 0xfc,
    0xb4, 0x3f, 0xff, 0xe1, 0xd7, 0xff, 0xf2, 0xd0,
    0xff, 0xff, 0x87, 0x5f, 0xff, 0xcb, 0x43, 0xff,
    0xfe, 0x1d, 0x7f, 0xff, 0x2d, 0xf, 0xff, 0xf8,
    0x75, 0xff, 0xfc, 0xb4, 0x3f, 0xff, 0xe1, 0xd7,
    0xff, 0xf2, 0xd0, 0xff, 0xff, 0x87, 0x5f, 0xff,
    0xcb, 0x40,

    /* U+0072 "r" */
    0xf, 0xff, 0xf8, 0x7f, 0xf6, 0x5b, 0xff, 0xf8,
    0x12, 0x19, 0xaf, 0xfe, 0x4a, 0x1f, 0xfc, 0x8b,
    0xff, 0xf9, 0x11, 0x7f, 0xff, 0x28, 0x3f, 0xf8,
    0xaf, 0xff, 0xf3, 0xb, 0xff, 0xf9, 0x41, 0xff,
    0xc3, 0x7f, 0xff, 0x9c, 0x5f, 0xff, 0xca, 0xf,
    0xfe, 0x17, 0xff, 0xf3, 0xe2, 0xff, 0xfe, 0x50,
    0x7f, 0xf0, 0x1f, 0xff, 0xe8, 0x45, 0xff, 0xfc,
    0x98, 0x3f, 0xeb, 0xff, 0xfa, 0x29, 0x7f, 0xff,
    0x26, 0xf, 0xf7, 0xff, 0xf4, 0xc1, 0x7f, 0xff,
    0x26, 0xf, 0xcf, 0xff, 0xf5, 0x1, 0x7f, 0xff,
    0x26, 0xf, 0x9f, 0xff, 0xea, 0x82, 0xff, 0xfe,
    0x4c, 0x1f, 0x7f, 0xff, 0x56, 0x5, 0xff, 0xfc,
    0x98, 0x3d, 0xff, 0xfd, 0x68, 0x17, 0xff, 0xf2,
    0x60, 0xef, 0xff, 0xeb, 0xa0, 0xbf, 0xff, 0x93,
    0x6, 0xbf, 0xff, 0xae, 0x15, 0xff, 0xfc, 0x98,
    0x27, 0xff, 0xfb, 0x1, 0x5f, 0xff, 0xc9, 0x82,
    0xff, 0xfe, 0xc8, 0x57, 0xff, 0xf2, 0x60, 0x7f,
    0xff, 0x66, 0xa, 0xff, 0xfe, 0x4c, 0x3f, 0xff,
    0xd9, 0x82, 0xbf, 0xff, 0x93, 0x1f, 0xff, 0xda,
    0x42, 0xbf, 0xff, 0x93, 0x4f, 0xff, 0xed, 0x6,
    0xbf, 0xff, 0xe2, 0x1a, 0xff, 0xff, 0x4, 0xa0,
    0xf9, 0x57, 0xe0, 0xd7, 0xff, 0xf7, 0x60, 0xff,
    0xe2, 0xd0, 0x35, 0xff, 0xfd, 0xb4, 0x3f, 0xf9,
    0xb7, 0xff, 0xf6, 0x60, 0xff, 0xe7, 0xdf, 0xff,
    0xd8, 0x43, 0xff, 0xa1, 0x7f, 0xff, 0x5c, 0x3f,
    0xfa, 0x57, 0xff, 0xf5, 0x83, 0xff, 0xa7, 0x7f,
    0xff, 0x52, 0xf, 0xfe, 0xa5, 0xff, 0xfd, 0x40,
    0xff, 0xea, 0xdf, 0xff, 0xd3, 0xf, 0xfe, 0xb5,
    0xff, 0xfd, 0x24, 0x3f, 0xfa, 0xd7, 0xff, 0xf4,
    0x60, 0xff, 0xeb, 0xdf, 0xff, 0xd1, 0xf, 0xfe,
    0xc5, 0xff, 0xfd, 0x4, 0x3f, 0xfb, 0x17, 0xff,
    0xf4, 0x3, 0xff, 0xb3, 0x7f, 0xff, 0x3d, 0xf,
    0xfe, 0xcd, 0xff, 0xfc, 0xf0, 0xff, 0xed, 0x5f,
    0xff, 0xce, 0x43, 0xff, 0xb5, 0x7f, 0xff, 0x38,
    0x3f, 0xfb, 0x77, 0xff, 0xf3, 0x60, 0xff, 0xed,
    0xdf, 0xff, 0xcd, 0x43, 0xff, 0xb7, 0x7f, 0xff,
    0x34, 0x3f, 0xfb, 0x97, 0xff, 0xf3, 0x43, 0xff,
    0xb9, 0x7f, 0xff, 0x32, 0xf, 0xfe, 0xe5, 0xff,
    0xfc, 0xc4, 0x3f, 0xfb, 0x97, 0xff, 0xf3, 0x3,
    0xff, 0xbb, 0x7f, 0xff, 0x30, 0x3f, 0xfb, 0xb7,
    0xff, 0xf3, 0x3, 0xff, 0xbb, 0x7f, 0xff, 0x30,
    0x3f, 0xfb, 0xb7, 0xff, 0xf2, 0xe0, 0xff, 0xee,
    0xdf, 0xff, 0xcb, 0x83, 0xff, 0xbb, 0x7f, 0xff,
    0x2e, 0xf, 0xfe, 0xed, 0xff, 0xfc, 0xb4, 0x3f,
    0xfb, 0xb7, 0xff, 0xf2, 0xd0, 0xff, 0xee, 0xdf,
    0xff, 0xcb, 0x43, 0xff, 0xbb, 0x7f, 0xff, 0x2d,
    0xf, 0xfe, 0xed, 0xff, 0xfc, 0xb4, 0x3f, 0xfb,
    0xb7, 0xff, 0xf2, 0xd0, 0xff, 0xee, 0xdf, 0xff,
    0xcb, 0x43, 0xff, 0xbb, 0x7f, 0xff, 0x2d, 0xf,
    0xfe, 0xed, 0xff, 0xfc, 0xb4, 0x3f, 0xfb, 0xb7,
    0xff, 0xf2, 0xd0, 0xff, 0xee, 0xdf, 0xff, 0xcb,
    0x43, 0xff, 0xbb, 0x7f, 0xff, 0x2d, 0xf, 0xfe,
    0xed, 0xff, 0xfc, 0xb4, 0x3f, 0xfb, 0xb7, 0xff,
    0xf2, 0xd0, 0xff, 0xee, 0xdf, 0xff, 0xcb, 0x43,
    0xff, 0xbb, 0x7f, 0xff, 0x2d, 0xf, 0xfe, 0xed,
    0xff, 0xfc, 0xb4, 0x3f, 0xfb, 0xb7, 0xff, 0xf2,
    0xd0, 0xff, 0xee, 0xdf, 0xff, 0xcb, 0x43, 0xff,
    0xbb, 0x7f, 0xff, 0x2d, 0xf, 0xfe, 0xed, 0xff,
    0xfc, 0xb4, 0x3f, 0xfb, 0xb7, 0xff, 0xf2, 0xd0,
    0xff, 0xee, 0xdf, 0xff, 0xcb, 0x43, 0xff, 0xbb,
    0x7f, 0xff, 0x2d, 0xf, 0xfe, 0xed, 0xff, 0xfc,
    0xb4, 0x3f, 0xfb, 0xb7, 0xff, 0xf2, 0xd0, 0xff,
    0xee, 0xdf, 0xff, 0xcb, 0x43, 0xff, 0xbb, 0x7f,
    0xff, 0x2d, 0xf, 0xfe, 0xed, 0xff, 0xfc, 0xb4,
    0x3f, 0xfb, 0xb7, 0xff, 0xf2, 0xd0, 0xff, 0xee,
    0xdf, 0xff, 0xcb, 0x43, 0xff, 0xbb, 0x7f, 0xff,
    0x2d, 0xf, 0xfe, 0xed, 0xff, 0xfc, 0xb4, 0x3f,
    0xfb, 0xb7, 0xff, 0xf2, 0xd0, 0xff, 0xee, 0xdf,
    0xff, 0xcb, 0x43, 0xff, 0xbb, 0x7f, 0xff, 0x2d,
    0xf, 0xfe, 0xed, 0xff, 0xfc, 0xb4, 0x3f, 0xfb,
    0xb7, 0xff, 0xf2, 0xd0, 0xff, 0xee, 0xdf, 0xff,
    0xcb, 0x43, 0xff, 0xbb, 0x7f, 0xff, 0x2d, 0xf,
    0xfe, 0xed, 0xff, 0xfc, 0xb4, 0x3f, 0xfb, 0xb7,
    0xff, 0xf2, 0xd0, 0xff, 0xee, 0xdf, 0xff, 0xcb,
    0x43, 0xff, 0xbb, 0x7f, 0xff, 0x2d, 0xf, 0xfe,
    0xed, 0xff, 0xfc, 0xb4, 0x3f, 0xfb, 0xb7, 0xff,
    0xf2, 0xd0, 0xff, 0xee, 0xdf, 0xff, 0xcb, 0x43,
    0xff, 0xbb, 0x7f, 0xff, 0x2d, 0xf, 0xfe, 0xed,
    0xff, 0xfc, 0xb4, 0x3f, 0xfb, 0xb7, 0xff, 0xf2,
    0xd0, 0xff, 0xee, 0xdf, 0xff, 0xcb, 0x43, 0xff,
    0xbb, 0x7f, 0xff, 0x2d, 0xf, 0xfe, 0xed, 0xff,
    0xfc, 0xb4, 0x3f, 0xfb, 0xb7, 0xff, 0xf2, 0xd0,
    0xff, 0xee, 0x80,

    /* U+0073 "s" */
    0xf, 0xff, 0xf8, 0x7f, 0xf8, 0xda, 0x7f, 0xff,
    0xa, 0x88, 0x7f, 0xfc, 0x9b, 0xff, 0xf9, 0xd2,
    0x1f, 0xfe, 0xa6, 0xff, 0xfe, 0xa4, 0x87, 0xff,
    0x91, 0xbf, 0xff, 0xb5, 0x21, 0xff, 0xdf, 0x7f,
    0xff, 0xc0, 0x87, 0xff, 0x6d, 0xff, 0xff, 0x22,
    0x1f, 0xfd, 0x8b, 0xff, 0xfc, 0xe8, 0x7f, 0xf5,
    0x1f, 0xff, 0xf5, 0xa1, 0xff, 0xd1, 0xff, 0xff,
    0x74, 0x1f, 0xfc, 0xff, 0xff, 0xf8, 0xa1, 0xff,
    0xcb, 0x7f, 0xff, 0xe7, 0x7, 0xff, 0x25, 0xff,
    0xff, 0xb0, 0x7f, 0xf2, 0x3f, 0xff, 0xf0, 0x1f,
    0xfc, 0x6f, 0xff, 0xfd, 0x21, 0xff, 0xc3, 0xff,
    0xff, 0xe0, 0x7f, 0xf0, 0xaf, 0xff, 0xfe, 0x87,
    0xff, 0x1, 0xff, 0xff, 0xf8, 0x7f, 0xdf, 0xff,
    0xff, 0x83, 0xfc, 0xff, 0xff, 0xfa, 0xf, 0xfb,
    0xff, 0xff, 0xd0, 0x7f, 0xf0, 0x3f, 0xff, 0xa7,
    0x28, 0x3e, 0x55, 0xff, 0xfd, 0x18, 0x3f, 0xf8,
    0x17, 0xff, 0xf4, 0x20, 0xff, 0xe2, 0xb7, 0xff,
    0xf3, 0x20, 0xff, 0xe0, 0xff, 0xff, 0x3e, 0xf,
    0xfe, 0x53, 0x7f, 0xff, 0x22, 0xf, 0xfe, 0x17,
    0xff, 0xf3, 0x83, 0xff, 0x9f, 0x7f, 0xff, 0x16,
    0xf, 0xfe, 0x13, 0xff, 0xfc, 0xd0, 0xff, 0xe9,
    0x5f, 0xff, 0xc2, 0x83, 0xff, 0x87, 0x7f, 0xff,
    0x31, 0xf, 0xfe, 0xa7, 0xff, 0xf0, 0x20, 0xff,
    0xe2, 0x5f, 0xff, 0xcc, 0xf, 0xfe, 0xb3, 0xff,
    0xd0, 0x7f, 0xf1, 0x7f, 0xff, 0x98, 0x87, 0xff,
    0x63, 0xfe, 0x83, 0xff, 0x8d, 0xff, 0xfc, 0xc0,
    0xff, 0xed, 0x5f, 0xc1, 0xff, 0xc7, 0xff, 0xfe,
    0x60, 0x7f, 0xf6, 0xef, 0x83, 0xff, 0x91, 0xff,
    0xfc, 0xc0, 0xff, 0xee, 0x58, 0x7f, 0xf2, 0x7f,
    0xff, 0x98, 0x1f, 0xff, 0x3f, 0xff, 0xe6, 0x7,
    0xff, 0xcf, 0xff, 0xf9, 0x88, 0x7f, 0xfc, 0xaf,
    0xff, 0xe6, 0x7, 0xff, 0xca, 0xff, 0xfe, 0x62,
    0x1f, 0xff, 0x17, 0xff, 0xf9, 0xa1, 0xff, 0xf2,
    0xff, 0xfe, 0x70, 0x7f, 0xfc, 0x7f, 0xff, 0x9e,
    0x87, 0xff, 0xbe, 0xff, 0xfe, 0x82, 0x1f, 0xfe,
    0xd7, 0xff, 0xfa, 0x50, 0x7f, 0xfb, 0x3f, 0xff,
    0xa9, 0x21, 0xff, 0xe9, 0x7f, 0xff, 0xad, 0x21,
    0xff, 0xe7, 0xff, 0xfe, 0xcc, 0x87, 0xff, 0x91,
    0xff, 0xfe, 0xe4, 0x87, 0xff, 0x86, 0xff, 0xfe,
    0xf4, 0x87, 0xff, 0x7f, 0xff, 0xfc, 0x32, 0x1f,
    0xfd, 0xdf, 0xff, 0xf1, 0xc8, 0x7f, 0xf6, 0xff,
    0xff, 0xcb, 0x7, 0xff, 0x6b, 0xff, 0xfc, 0xd2,
    0x1f, 0xfd, 0x8f, 0xff, 0xf4, 0x21, 0xff, 0xd7,
    0xbf, 0xff, 0xd0, 0x87, 0xff, 0x5f, 0xff, 0xfd,
    0x28, 0x7f, 0xf5, 0xaf, 0xff, 0xf4, 0xa1, 0xff,
    0xd6, 0xbf, 0xff, 0xd1, 0x7, 0xff, 0x5e, 0xff,
    0xff, 0x42, 0x1f, 0xfd, 0x7b, 0xff, 0xfc, 0xf0,
    0x7f, 0xf6, 0x1f, 0xff, 0xf3, 0x87, 0xff, 0x65,
    0xbf, 0xff, 0xca, 0x1f, 0xfd, 0xb7, 0xff, 0xfc,
    0x81, 0xff, 0xdd, 0x7f, 0xff, 0xc4, 0x1f, 0xfd,
    0xf6, 0xff, 0xfe, 0xf8, 0x7f, 0xf8, 0x9f, 0xff,
    0xee, 0x41, 0xff, 0xe4, 0x6f, 0xff, 0xec, 0xa1,
    0xff, 0xe6, 0x6f, 0xff, 0xeb, 0x87, 0xff, 0xa5,
    0xbf, 0xff, 0xa8, 0x87, 0xff, 0xae, 0xff, 0xfe,
    0x98, 0x7f, 0xfb, 0x5f, 0xff, 0xe8, 0xa1, 0xff,
    0xee, 0xbf, 0xff, 0x9f, 0x7, 0xff, 0xbd, 0xff,
    0xfe, 0x78, 0x7f, 0xfc, 0x7f, 0xff, 0x9c, 0x1f,
    0xff, 0x17, 0xff, 0xf9, 0xa8, 0x7f, 0xfc, 0x6f,
    0xff, 0xe6, 0x41, 0xff, 0xc3, 0x43, 0xff, 0xc5,
    0xff, 0xfc, 0xc8, 0x3f, 0xf8, 0x56, 0x87, 0xff,
    0x87, 0xff, 0xf9, 0xa1, 0xff, 0xc1, 0xbe, 0x43,
    0xff, 0xc1, 0x7f, 0xff, 0x30, 0x3f, 0xf8, 0x17,
    0xf0, 0x7f, 0xf8, 0x1f, 0xff, 0xe6, 0x7, 0xfd,
    0x7f, 0xc8, 0x7f, 0xf7, 0x9f, 0xff, 0xe6, 0x7,
    0xfa, 0xff, 0xe4, 0x3f, 0xfb, 0xaf, 0xff, 0xf3,
    0x3, 0xfa, 0xff, 0xf9, 0xf, 0xfe, 0xe5, 0xff,
    0xfc, 0xc0, 0xfd, 0x7f, 0xff, 0x6, 0xf, 0xfe,
    0xdf, 0xff, 0xf3, 0x43, 0xeb, 0xff, 0xf8, 0x81,
    0xff, 0xda, 0xff, 0xfe, 0x64, 0x1e, 0xbf, 0xff,
    0x8c, 0x87, 0xff, 0x5e, 0xff, 0xfe, 0x64, 0x1d,
    0x7f, 0xff, 0x25, 0xf, 0xfe, 0xa3, 0xff, 0xfc,
    0xd4, 0x35, 0xff, 0xfc, 0xb8, 0x3f, 0xfa, 0x4f,
    0xff, 0xf3, 0x83, 0x5f, 0xff, 0xce, 0x90, 0xff,
    0xe7, 0x3f, 0xff, 0xcf, 0xa, 0xff, 0xfe, 0x92,
    0x1f, 0xfc, 0xa7, 0xff, 0xfa, 0x10, 0x2f, 0xff,
    0xeb, 0x48, 0x7f, 0xf0, 0xdb, 0xff, 0xfa, 0x48,
    0x3f, 0xff, 0xb9, 0x52, 0xea, 0xbf, 0xff, 0xac,
    0x15, 0xff, 0xff, 0xff, 0xf9, 0xd, 0x7f, 0xff,
    0xff, 0xfc, 0x1e, 0xff, 0xff, 0xff, 0xf2, 0x1f,
    0x7f, 0xff, 0xff, 0xf0, 0x7f, 0x7f, 0xff, 0xff,
    0xc1, 0xff, 0x7f, 0xff, 0xfd, 0xf, 0xfe, 0x5,
    0xff, 0xff, 0xc4, 0x3f, 0xf8, 0x4f, 0xff, 0xfe,
    0x90, 0xff, 0xe2, 0xff, 0xff, 0xe2, 0xf, 0xfe,
    0x3d, 0xff, 0xff, 0x54, 0x3f, 0xf9, 0x2f, 0xff,
    0xfc, 0xd0, 0xff, 0xe6, 0x5f, 0xff, 0xf0, 0xf,
    0xfe, 0x85, 0xff, 0xfe, 0xc4, 0x3f, 0xfa, 0x77,
    0xff, 0xfa, 0x20, 0xff, 0xeb, 0xdf, 0xff, 0xe5,
    0x43, 0xff, 0xb5, 0x7f, 0xff, 0x82, 0xf, 0xfe,
    0xfb, 0x7f, 0xff, 0x6e, 0xf, 0xff, 0x23, 0x7f,
    0xff, 0x56, 0xf, 0xff, 0x5b, 0x7f, 0xff, 0x36,
    0x43, 0xff, 0xe6, 0xaa, 0x7f, 0xfd, 0x45, 0x7,
    0xff, 0x50,

    /* U+0074 "t" */
    0xf, 0xfe, 0x3b, 0xff, 0xfc, 0xc0, 0xff, 0xf2,
    0xbf, 0xff, 0xcc, 0xf, 0xff, 0x2b, 0xff, 0xfc,
    0xc0, 0xff, 0xf2, 0xbf, 0xff, 0xcc, 0xf, 0xff,
    0x2b, 0xff, 0xfc, 0xc0, 0xff, 0xf2, 0xbf, 0xff,
    0xcc, 0xf, 0xff, 0x2b, 0xff, 0xfc, 0xc0, 0xff,
    0xf2, 0xbf, 0xff, 0xcc, 0xf, 0xff, 0x2b, 0xff,
    0xfc, 0xc0, 0xff, 0xf2, 0xbf, 0xff, 0xcc, 0xf,
    0xff, 0x2b, 0xff, 0xfc, 0xc0, 0xff, 0xf2, 0xbf,
    0xff, 0xcc, 0xf, 0xff, 0x2b, 0xff, 0xfc, 0xc0,
    0xff, 0xf2, 0xbf, 0xff, 0xcc, 0xf, 0xff, 0x2b,
    0xff, 0xfc, 0xc0, 0xff, 0xf2, 0xbf, 0xff, 0xcc,
    0xf, 0xff, 0x2b, 0xff, 0xfc, 0xc0, 0xff, 0xf2,
    0xbf, 0xff, 0xcc, 0xf, 0xff, 0x2b, 0xff, 0xfc,
    0xc0, 0xff, 0xf2, 0xbf, 0xff, 0xcc, 0xf, 0xff,
    0x2b, 0xff, 0xfc, 0xc0, 0xff, 0xf2, 0xbf, 0xff,
    0xcc, 0xf, 0xff, 0x2b, 0xff, 0xfc, 0xc0, 0xff,
    0xf2, 0xbf, 0xff, 0xcc, 0xf, 0xff, 0x2b, 0xff,
    0xfc, 0xc0, 0xff, 0xf2, 0xbf, 0xff, 0xcc, 0xf,
    0xff, 0x2b, 0xff, 0xfc, 0xc0, 0xff, 0xf2, 0xbf,
    0xff, 0xcc, 0xf, 0xff, 0x2b, 0xff, 0xfc, 0xc0,
    0xff, 0xf2, 0xbf, 0xff, 0xcc, 0xf, 0xff, 0x2b,
    0xff, 0xfc, 0xc0, 0xff, 0xf2, 0xbf, 0xff, 0xcc,
    0xf, 0xfe, 0x9a, 0xff, 0xf1, 0xaf, 0xff, 0xe6,
    0x2f, 0xff, 0x40, 0x17, 0xff, 0xfe, 0xc1, 0x7f,
    0xff, 0xec, 0x17, 0xff, 0xfe, 0xc1, 0x7f, 0xff,
    0xec, 0x17, 0xff, 0xfe, 0xc1, 0x7f, 0xff, 0xec,
    0x17, 0xff, 0xfe, 0xc1, 0x7f, 0xff, 0xec, 0x17,
    0xff, 0xfe, 0xc1, 0x7f, 0xff, 0xec, 0x17, 0xff,
    0xfe, 0xc1, 0x7f, 0xff, 0xec, 0x17, 0xff, 0xfe,
    0xc1, 0x7f, 0xff, 0xec, 0x17, 0xff, 0xfe, 0xc1,
    0x7f, 0xff, 0xec, 0x17, 0xff, 0xfe, 0xc1, 0x7f,
    0xff, 0xec, 0x17, 0xff, 0xfe, 0xc1, 0x7f, 0xff,
    0xec, 0x3f, 0xf9, 0x2f, 0xff, 0xf3, 0x3, 0xff,
    0xca, 0xff, 0xff, 0x30, 0x3f, 0xfc, 0xaf, 0xff,
    0xf3, 0x3, 0xff, 0xca, 0xff, 0xff, 0x30, 0x3f,
    0xfc, 0xaf, 0xff, 0xf3, 0x3, 0xff, 0xca, 0xff,
    0xff, 0x30, 0x3f, 0xfc, 0xaf, 0xff, 0xf3, 0x3,
    0xff, 0xca, 0xff, 0xff, 0x30, 0x3f, 0xfc, 0xaf,
    0xff, 0xf3, 0x3, 0xff, 0xca, 0xff, 0xff, 0x30,
    0x3f, 0xfc, 0xaf, 0xff, 0xf3, 0x3, 0xff, 0xca,
    0xff, 0xff, 0x30, 0x3f, 0xfc, 0xaf, 0xff, 0xf3,
    0x3, 0xff, 0xca, 0xff, 0xff, 0x30, 0x3f, 0xfc,
    0xaf, 0xff, 0xf3, 0x3, 0xff, 0xca, 0xff, 0xff,
    0x30, 0x3f, 0xfc, 0xaf, 0xff, 0xf3, 0x3, 0xff,
    0xca, 0xff, 0xff, 0x30, 0x3f, 0xfc, 0xaf, 0xff,
    0xf3, 0x3, 0xff, 0xca, 0xff, 0xff, 0x30, 0x3f,
    0xfc, 0xaf, 0xff, 0xf3, 0x3, 0xff, 0xca, 0xff,
    0xff, 0x30, 0x3f, 0xfc, 0xaf, 0xff, 0xf3, 0x3,
    0xff, 0xca, 0xff, 0xff, 0x30, 0x3f, 0xfc, 0xaf,
    0xff, 0xf3, 0x3, 0xff, 0xca, 0xff, 0xff, 0x30,
    0x3f, 0xfc, 0xaf, 0xff, 0xf3, 0x3, 0xff, 0xca,
    0xff, 0xff, 0x30, 0x3f, 0xfc, 0xaf, 0xff, 0xf3,
    0x3, 0xff, 0xca, 0xff, 0xff, 0x30, 0x3f, 0xfc,
    0xaf, 0xff, 0xf3, 0x3, 0xff, 0xca, 0xff, 0xff,
    0x30, 0x3f, 0xfc, 0xaf, 0xff, 0xf3, 0x3, 0xff,
    0xca, 0xff, 0xff, 0x30, 0x3f, 0xfc, 0xaf, 0xff,
    0xf3, 0x3, 0xff, 0xca, 0xff, 0xff, 0x30, 0x3f,
    0xfc, 0xaf, 0xff, 0xf3, 0x3, 0xff, 0xca, 0xff,
    0xff, 0x30, 0x3f, 0xfc, 0xaf, 0xff, 0xf3, 0x3,
    0xff, 0xca, 0xff, 0xff, 0x30, 0x3f, 0xfc, 0xaf,
    0xff, 0xf3, 0x3, 0xff, 0xca, 0xff, 0xff, 0x30,
    0x3f, 0xfc, 0xaf, 0xff, 0xf3, 0x3, 0xff, 0xca,
    0xff, 0xff, 0x30, 0x3f, 0xfc, 0xaf, 0xff, 0xf3,
    0x3, 0xff, 0xca, 0xff, 0xff, 0x30, 0x3f, 0xfc,
    0xaf, 0xff, 0xf3, 0x3, 0xff, 0xca, 0xff, 0xff,
    0x30, 0x3f, 0xfc, 0xaf, 0xff, 0xf3, 0x3, 0xff,
    0xca, 0xff, 0xff, 0x30, 0x3f, 0xfc, 0xaf, 0xff,
    0xf3, 0x3, 0xff, 0xca, 0xff, 0xff, 0x30, 0x3f,
    0xfc, 0xaf, 0xff, 0xf3, 0x3, 0xff, 0xca, 0xff,
    0xff, 0x30, 0x3f, 0xfc, 0xaf, 0xff, 0xf3, 0x10,
    0xff, 0xf2, 0x3f, 0xff, 0xcc, 0x43, 0xff, 0xcb,
    0xff, 0xfc, 0xc8, 0x3f, 0xfc, 0xbf, 0xff, 0xcd,
    0xf, 0xff, 0x2f, 0xff, 0xf3, 0x43, 0xff, 0xcb,
    0xff, 0xfc, 0xd4, 0x3f, 0xfc, 0x97, 0xff, 0xf3,
    0x43, 0xff, 0xc9, 0x7f, 0xff, 0x35, 0xf, 0xff,
    0x1b, 0xff, 0xfc, 0xe0, 0xff, 0xf2, 0x7f, 0xff,
    0x3c, 0x3f, 0xf9, 0xe, 0x87, 0xff, 0x33, 0xff,
    0xfa, 0x10, 0x7f, 0xf0, 0x9b, 0xf2, 0x1f, 0xfc,
    0xcb, 0xff, 0xfa, 0x52, 0x80, 0xb5, 0x3f, 0xf4,
    0x1f, 0xfc, 0xc7, 0xff, 0xfc, 0xa1, 0xff, 0xcd,
    0xff, 0xff, 0x28, 0x7f, 0xf3, 0x6f, 0xff, 0xf2,
    0x7, 0xff, 0x35, 0xff, 0xff, 0x22, 0x1f, 0xfc,
    0xdf, 0xff, 0xf2, 0x21, 0xff, 0xcd, 0x7f, 0xff,
    0xc7, 0x7, 0xff, 0x3b, 0xff, 0xfc, 0x70, 0x7f,
    0xf3, 0x9f, 0xff, 0xf1, 0x87, 0xff, 0x3f, 0xff,
    0xfc, 0x61, 0xff, 0xd0, 0xff, 0xff, 0x10, 0x7f,
    0xf4, 0x1f, 0xff, 0xf0, 0xa1, 0xff, 0xd0, 0xbf,
    0xff, 0xc1, 0x7, 0xff, 0x46, 0xff, 0xfe, 0xfc,
    0x1f, 0xfd, 0x2b, 0xff, 0xfb, 0xe1, 0xff, 0xd3,
    0xbf, 0xff, 0xbc, 0x1f, 0xfd, 0x47, 0xff, 0xfb,
    0xa1, 0xff, 0xd6, 0xbf, 0xff, 0xb6, 0x87, 0xff,
    0x59, 0xff, 0xfe, 0xc4, 0x1f, 0xfd, 0xa6, 0xff,
    0xfe, 0x94, 0x1f, 0xfe, 0x6, 0xff, 0xfe, 0x55,
    0x10, 0xff, 0xf3, 0xb4, 0xff, 0xfa, 0x8a, 0xf,
    0xfe, 0x8,

    /* U+0075 "u" */
    0x2b, 0xff, 0x98, 0x1f, 0xfd, 0xf6, 0xbf, 0xf9,
    0x60, 0xff, 0xfe, 0x60, 0x7f, 0xf7, 0xef, 0xff,
    0xe5, 0x83, 0xff, 0xf9, 0x81, 0xff, 0xdf, 0xbf,
    0xff, 0x96, 0xf, 0xff, 0xe6, 0x7, 0xff, 0x7e,
    0xff, 0xfe, 0x58, 0x3f, 0xff, 0x98, 0x1f, 0xfd,
    0xfb, 0xff, 0xf9, 0x60, 0xff, 0xfe, 0x60, 0x7f,
    0xf7, 0xef, 0xff, 0xe5, 0x83, 0xff, 0xf9, 0x81,
    0xff, 0xdf, 0xbf, 0xff, 0x96, 0xf, 0xff, 0xe6,
    0x7, 0xff, 0x7e, 0xff, 0xfe, 0x58, 0x3f, 0xff,
    0x98, 0x1f, 0xfd, 0xfb, 0xff, 0xf9, 0x60, 0xff,
    0xfe, 0x60, 0x7f, 0xf7, 0xef, 0xff, 0xe5, 0x83,
    0xff, 0xf9, 0x81, 0xff, 0xdf, 0xbf, 0xff, 0x96,
    0xf, 0xff, 0xe6, 0x7, 0xff, 0x7e, 0xff, 0xfe,
    0x58, 0x3f, 0xff, 0x98, 0x1f, 0xfd, 0xfb, 0xff,
    0xf9, 0x60, 0xff, 0xfe, 0x60, 0x7f, 0xf7, 0xef,
    0xff, 0xe5, 0x83, 0xff, 0xf9, 0x81, 0xff, 0xdf,
    0xbf, 0xff, 0x96, 0xf, 0xff, 0xe6, 0x7, 0xff,
    0x7e, 0xff, 0xfe, 0x58, 0x3f, 0xff, 0x98, 0x1f,
    0xfd, 0xfb, 0xff, 0xf9, 0x60, 0xff, 0xfe, 0x60,
    0x7f, 0xf7, 0xef, 0xff, 0xe5, 0x83, 0xff, 0xf9,
    0x81, 0xff, 0xdf, 0xbf, 0xff, 0x96, 0xf, 0xff,
    0xe6, 0x7, 0xff, 0x7e, 0xff, 0xfe, 0x58, 0x3f,
    0xff, 0x98, 0x1f, 0xfd, 0xfb, 0xff, 0xf9, 0x60,
    0xff, 0xfe, 0x60, 0x7f, 0xf7, 0xef, 0xff, 0xe5,
    0x83, 0xff, 0xf9, 0x81, 0xff, 0xdf, 0xbf, 0xff,
    0x96, 0xf, 0xff, 0xe6, 0x7, 0xff, 0x7e, 0xff,
    0xfe, 0x58, 0x3f, 0xff, 0x98, 0x1f, 0xfd, 0xfb,
    0xff, 0xf9, 0x60, 0xff, 0xfe, 0x60, 0x7f, 0xf7,
    0xef, 0xff, 0xe5, 0x83, 0xff, 0xf9, 0x81, 0xff,
    0xdf, 0xbf, 0xff, 0x96, 0xf, 0xff, 0xe6, 0x7,
    0xff, 0x7e, 0xff, 0xfe, 0x58, 0x3f, 0xff, 0x98,
    0x1f, 0xfd, 0xfb, 0xff, 0xf9, 0x60, 0xff, 0xfe,
    0x60, 0x7f, 0xf7, 0xef, 0xff, 0xe5, 0x83, 0xff,
    0xf9, 0x81, 0xff, 0xdf, 0xbf, 0xff, 0x96, 0xf,
    0xff, 0xe6, 0x7, 0xff, 0x7e, 0xff, 0xfe, 0x58,
    0x3f, 0xff, 0x98, 0x1f, 0xfd, 0xfb, 0xff, 0xf9,
    0x60, 0xff, 0xfe, 0x60, 0x7f, 0xf7, 0xef, 0xff,
    0xe5, 0x83, 0xff, 0xf9, 0x81, 0xff, 0xdf, 0xbf,
    0xff, 0x96, 0xf, 0xff, 0xe6, 0x7, 0xff, 0x7e,
    0xff, 0xfe, 0x58, 0x3f, 0xff, 0x98, 0x1f, 0xfd,
    0xfb, 0xff, 0xf9, 0x60, 0xff, 0xfe, 0x60, 0x7f,
    0xf7, 0xef, 0xff, 0xe5, 0x83, 0xff, 0xf9, 0x81,
    0xff, 0xdf, 0xbf, 0xff, 0x96, 0xf, 0xff, 0xe6,
    0x7, 0xff, 0x7e, 0xff, 0xfe, 0x58, 0x3f, 0xff,
    0x98, 0x1f, 0xfd, 0xfb, 0xff, 0xf9, 0x60, 0xff,
    0xfe, 0x60, 0x7f, 0xf7, 0xef, 0xff, 0xe5, 0x83,
    0xff, 0xf9, 0x81, 0xff, 0xdf, 0xbf, 0xff, 0x96,
    0xf, 0xff, 0xe6, 0x7, 0xff, 0x7e, 0xff, 0xfe,
    0x58, 0x3f, 0xff, 0x98, 0x1f, 0xfd, 0xfb, 0xff,
    0xf9, 0x60, 0xff, 0xfe, 0x60, 0x7f, 0xf7, 0xef,
    0xff, 0xe5, 0x83, 0xff, 0xf9, 0x81, 0xff, 0xdf,
    0xbf, 0xff, 0x96, 0xf, 0xff, 0xe6, 0x7, 0xff,
    0x7e, 0xff, 0xfe, 0x58, 0x3f, 0xff, 0x98, 0x1f,
    0xfd, 0xfb, 0xff, 0xf9, 0x60, 0xff, 0xfe, 0x60,
    0x7f, 0xf7, 0xef, 0xff, 0xe5, 0x83, 0xff, 0xf9,
    0x81, 0xff, 0xdf, 0xbf, 0xff, 0x96, 0xf, 0xff,
    0xe6, 0x7, 0xff, 0x7e, 0xff, 0xfe, 0x58, 0x3f,
    0xff, 0x98, 0x1f, 0xfd, 0xfb, 0xff, 0xf9, 0x60,
    0xff, 0xfe, 0x60, 0x7f, 0xf7, 0xef, 0xff, 0xe5,
    0x83, 0xff, 0xf9, 0x81, 0xff, 0xdf, 0xbf, 0xff,
    0x96, 0xf, 0xff, 0xe6, 0x7, 0xff, 0x7e, 0xff,
    0xfe, 0x58, 0x3f, 0xff, 0x98, 0x1f, 0xfd, 0xfb,
    0xff, 0xf9, 0x60, 0xff, 0xfe, 0x60, 0x7f, 0xf7,
    0xef, 0xff, 0xe5, 0x83, 0xff, 0xf9, 0x81, 0xff,
    0xdf, 0xbf, 0xff, 0x96, 0xf, 0xff, 0xe6, 0x7,
    0xff, 0x7e, 0xff, 0xfe, 0x58, 0x3f, 0xff, 0x98,
    0x1f, 0xfd, 0xfb, 0xff, 0xf9, 0x60, 0xff, 0xfe,
    0x60, 0x7f, 0xf7, 0xff, 0xff, 0x98, 0xf, 0xff,
    0xe6, 0x7, 0xff, 0x7f, 0xff, 0xf9, 0x80, 0xff,
    0xfe, 0x60, 0x7f, 0xf7, 0xff, 0xff, 0x98, 0xf,
    0xff, 0xe6, 0x7, 0xff, 0x7f, 0xff, 0xf9, 0x80,
    0xff, 0xfe, 0x60, 0x7f, 0xf7, 0x9f, 0xff, 0xe6,
    0x3, 0xff, 0xf9, 0x81, 0xff, 0xde, 0xbf, 0xff,
    0x98, 0xf, 0xff, 0xe6, 0x21, 0xff, 0xdd, 0xff,
    0xfe, 0x68, 0x3f, 0xff, 0x98, 0x87, 0xff, 0x71,
    0xff, 0xfe, 0x68, 0x3f, 0xff, 0x98, 0x87, 0xff,
    0x72, 0xff, 0xfe, 0x68, 0x3f, 0xff, 0x99, 0x7,
    0xff, 0x73, 0xff, 0xf9, 0xc0, 0xff, 0xfe, 0x68,
    0x7f, 0xf6, 0xef, 0xff, 0xe7, 0x3, 0xff, 0xf9,
    0xa1, 0xff, 0xdb, 0xff, 0xfe, 0x78, 0x3f, 0xff,
    0x9a, 0x87, 0xff, 0x66, 0xff, 0xfe, 0x78, 0x3f,
    0xff, 0x9b, 0x7, 0xff, 0x67, 0xff, 0xfa, 0x0,
    0xbf, 0xff, 0x9a, 0x1f, 0xfd, 0x8f, 0xff, 0xe8,
    0x81, 0xff, 0xfe, 0x68, 0x7f, 0xf5, 0xef, 0xff,
    0xe8, 0x81, 0xff, 0xfe, 0x6c, 0x1f, 0xfd, 0x57,
    0xff, 0xfa, 0x41, 0x7f, 0xff, 0x38, 0x3f, 0xfa,
    0xbf, 0xff, 0xd3, 0xb, 0xff, 0xf9, 0xd0, 0x7f,
    0xf4, 0xff, 0xff, 0xa8, 0x15, 0xff, 0xfc, 0xe4,
    0x3f, 0xfa, 0xf, 0xff, 0xf5, 0x42, 0x7f, 0xff,
    0x9e, 0x1f, 0xfc, 0xf7, 0xff, 0xfa, 0xc1, 0xbf,
    0xff, 0xa0, 0x1f, 0xfc, 0xdb, 0xff, 0xfa, 0xe1,
    0xbf, 0xff, 0xa2, 0x1f, 0xfc, 0xa7, 0xff, 0xfb,
    0x21, 0x9f, 0xff, 0xe8, 0xc1, 0xff, 0xc6, 0x7f,
    0xff, 0xb6, 0x1d, 0xff, 0xfd, 0x38, 0x3f, 0xf8,
    0x57, 0xff, 0xf7, 0x43, 0xaf, 0xff, 0xea, 0xcb,
    0x1, 0x6b, 0xff, 0xfc, 0x1, 0xcf, 0xff, 0xff,
    0xff, 0xff, 0x80, 0x1e, 0xff, 0xff, 0xff, 0xff,
    0xf0, 0x3, 0xcf, 0xff, 0xff, 0xff, 0xfe, 0xf,
    0xbf, 0xff, 0xff, 0xff, 0xf0, 0x7e, 0xff, 0xff,
    0x95, 0xff, 0xfc, 0xa0, 0xfd, 0x7f, 0xff, 0xc2,
    0x3f, 0xff, 0x94, 0x1f, 0xdf, 0xff, 0xf0, 0x7,
    0xff, 0xf2, 0x83, 0xfd, 0xff, 0xfe, 0xe0, 0xbf,
    0xff, 0x94, 0x1f, 0xe7, 0xff, 0xfd, 0x88, 0x5f,
    0xff, 0xca, 0xf, 0xfa, 0xff, 0xff, 0x52, 0x1b,
    0xff, 0xf9, 0x41, 0xff, 0xc0, 0xbf, 0xff, 0xd0,
    0x87, 0x7f, 0xff, 0x28, 0x3f, 0xf8, 0x37, 0xff,
    0xf9, 0x90, 0xf7, 0xff, 0xf2, 0x83, 0xff, 0x85,
    0x7f, 0xff, 0x90, 0x3f, 0x7f, 0xff, 0x28, 0x3f,
    0xf8, 0x6f, 0xff, 0xf8, 0x60, 0xfe, 0xff, 0xfe,
    0x50, 0x7f, 0xf1, 0x1f, 0xff, 0xef, 0xa1, 0xfe,
    0xff, 0xfe, 0x50, 0x7f, 0xf1, 0xaf, 0xff, 0xed,
    0xc1, 0xff, 0xc0, 0xff, 0xfe, 0x50, 0x7f, 0xf2,
    0x3f, 0xff, 0xb1, 0x7, 0xff, 0xb, 0xff, 0xf9,
    0x41, 0xff, 0xc9, 0x7f, 0xff, 0xa9, 0x7, 0xff,
    0x13, 0xff, 0xf9, 0x41, 0xff, 0xcc, 0xbf, 0xff,
    0x9e, 0x87, 0xff, 0x1b, 0xff, 0xf9, 0x41, 0xff,
    0xce, 0x6f, 0xff, 0xe4, 0x48, 0x7f, 0xff, 0x55,
    0x7f, 0xfa, 0x88, 0x7f, 0xf9, 0x0,

    /* U+0076 "v" */
    0x2b, 0xff, 0x9a, 0x87, 0xff, 0x99, 0xaf, 0xfe,
    0x62, 0x7f, 0xff, 0x38, 0x3f, 0xfc, 0xdf, 0xff,
    0xcd, 0x4b, 0xff, 0xf9, 0xa8, 0x7f, 0xf9, 0x7f,
    0xff, 0x9a, 0x7, 0xff, 0xf9, 0xc1, 0xff, 0xe4,
    0xbf, 0xff, 0x99, 0x5, 0xff, 0xfc, 0xe0, 0xff,
    0xf2, 0x7f, 0xff, 0x35, 0xa, 0xff, 0xfe, 0x6a,
    0x1f, 0xfe, 0x3f, 0xff, 0xe6, 0x87, 0x7f, 0xff,
    0x36, 0xf, 0xff, 0x15, 0xff, 0xfc, 0xc8, 0x3b,
    0xff, 0xf9, 0xc1, 0xff, 0xe2, 0xff, 0xfe, 0x68,
    0x79, 0xff, 0xfe, 0x6a, 0x1f, 0xfe, 0x1f, 0xff,
    0xe6, 0x87, 0xdf, 0xff, 0xcd, 0x83, 0xff, 0xc1,
    0x7f, 0xff, 0x31, 0xf, 0xaf, 0xff, 0xe6, 0x87,
    0xff, 0x83, 0xff, 0xf9, 0xa1, 0xf9, 0xff, 0xfe,
    0x6a, 0x1f, 0xfd, 0xff, 0xff, 0xe6, 0x87, 0xf7,
    0xff, 0xf3, 0x60, 0xff, 0xef, 0x3f, 0xff, 0xcc,
    0x43, 0xfa, 0xff, 0xfe, 0x68, 0x7f, 0xf7, 0xbf,
    0xff, 0x9a, 0x1f, 0xe7, 0xff, 0xf9, 0xa8, 0x7f,
    0xf7, 0x7f, 0xff, 0x99, 0x7, 0xfd, 0xff, 0xfc,
    0xd8, 0x3f, 0xfb, 0x8f, 0xff, 0xf3, 0x10, 0xff,
    0xaf, 0xff, 0xe6, 0x87, 0xff, 0x73, 0xff, 0xf9,
    0xa1, 0xff, 0xc1, 0xff, 0xfe, 0x6a, 0x1f, 0xfd,
    0xbf, 0xff, 0xe6, 0x41, 0xff, 0xc1, 0xff, 0xfe,
    0x6c, 0x1f, 0xfd, 0xa7, 0xff, 0xf9, 0x81, 0xff,
    0xc2, 0x7f, 0xff, 0x9a, 0x1f, 0xfd, 0xaf, 0xff,
    0xe6, 0x87, 0xff, 0xf, 0xff, 0xf9, 0xa8, 0x7f,
    0xf6, 0x7f, 0xff, 0x98, 0x87, 0xff, 0xe, 0xff,
    0xfe, 0x64, 0x1f, 0xfd, 0x87, 0xff, 0xf9, 0x81,
    0xff, 0xc4, 0x7f, 0xff, 0x9a, 0x1f, 0xfd, 0x8b,
    0xff, 0xf9, 0x70, 0x7f, 0xf1, 0x7f, 0xff, 0x9a,
    0x87, 0xff, 0x5f, 0xff, 0xf9, 0x88, 0x7f, 0xf1,
    0x6f, 0xff, 0xe6, 0x41, 0xff, 0xd6, 0x7f, 0xff,
    0x98, 0x1f, 0xfc, 0x7f, 0xff, 0xe6, 0x87, 0xff,
    0x5a, 0xff, 0xfe, 0x5c, 0x1f, 0xfc, 0x7f, 0xff,
    0xe6, 0x87, 0xff, 0x5b, 0xff, 0xf9, 0x81, 0xff,
    0xc8, 0x7f, 0xff, 0x99, 0x7, 0xff, 0x51, 0xff,
    0xfe, 0x60, 0x7f, 0xf2, 0x7f, 0xff, 0x9a, 0x1f,
    0xfd, 0x4b, 0xff, 0xf9, 0x68, 0x7f, 0xf2, 0x6f,
    0xff, 0xe6, 0x7, 0xff, 0x53, 0xff, 0xf9, 0x81,
    0xff, 0xca, 0x7f, 0xff, 0x99, 0x7, 0xff, 0x49,
    0xff, 0xfe, 0x60, 0x7f, 0xf2, 0xff, 0xff, 0x9a,
    0x1f, 0xfd, 0x2b, 0xff, 0xf9, 0x68, 0x7f, 0xf2,
    0xef, 0xff, 0xe6, 0x7, 0xff, 0x4b, 0xff, 0xf9,
    0x81, 0xff, 0xcc, 0x7f, 0xff, 0x99, 0x7, 0xff,
    0x41, 0xff, 0xfe, 0x5c, 0x1f, 0xfc, 0xdf, 0xff,
    0xe6, 0x87, 0xff, 0x42, 0xff, 0xfe, 0x5a, 0x1f,
    0xfc, 0xdb, 0xff, 0xf9, 0x81, 0xff, 0xd0, 0xff,
    0xfe, 0x60, 0x7f, 0xf3, 0xff, 0xff, 0x98, 0x87,
    0xff, 0x39, 0xff, 0xfe, 0x5c, 0x1f, 0xfc, 0xff,
    0xff, 0xe6, 0x87, 0xff, 0x3a, 0xff, 0xfe, 0x58,
    0x7f, 0xf4, 0x1f, 0xff, 0xe6, 0x7, 0xff, 0x3b,
    0xff, 0xf9, 0x81, 0xff, 0xd1, 0xff, 0xfe, 0x62,
    0x1f, 0xfc, 0xc7, 0xff, 0xf9, 0x68, 0x7f, 0xf4,
    0x6f, 0xff, 0xe6, 0x7, 0xff, 0x32, 0xff, 0xfe,
    0x58, 0x7f, 0xf4, 0x9f, 0xff, 0xe6, 0x7, 0xff,
    0x33, 0xff, 0xf9, 0x70, 0x7f, 0xf4, 0xff, 0xff,
    0x98, 0x87, 0xff, 0x2f, 0xff, 0xf9, 0x68, 0x7f,
    0xf4, 0xef, 0xff, 0xe6, 0x7, 0xff, 0x2a, 0xff,
    0xfe, 0x58, 0x7f, 0xf5, 0x7f, 0xff, 0x98, 0x1f,
    0xfc, 0xaf, 0xff, 0xe5, 0xc1, 0xff, 0xd5, 0xff,
    0xfe, 0x62, 0x1f, 0xfc, 0x9f, 0xff, 0xe5, 0x87,
    0xff, 0x59, 0xff, 0xfe, 0x5c, 0x1f, 0xfc, 0x8b,
    0xff, 0xf9, 0x61, 0xff, 0xd7, 0xff, 0xfe, 0x60,
    0x7f, 0xf2, 0x3f, 0xff, 0x97, 0x7, 0xff, 0x5f,
    0xff, 0xf9, 0x88, 0x7f, 0xf1, 0xff, 0xff, 0x96,
    0x1f, 0xfd, 0x87, 0xff, 0xf9, 0x70, 0x7f, 0xf1,
    0xaf, 0xff, 0xe5, 0x87, 0xff, 0x67, 0xff, 0xf9,
    0x81, 0xff, 0xc6, 0xff, 0xfe, 0x5a, 0x1f, 0xfd,
    0x9b, 0xff, 0xf9, 0x68, 0x7f, 0xf1, 0x7f, 0xff,
    0x96, 0x1f, 0xfd, 0xa7, 0xff, 0xf9, 0x70, 0x7f,
    0xf1, 0x1f, 0xff, 0xe5, 0x41, 0xff, 0xdb, 0xff,
    0xfe, 0x60, 0x7f, 0xf1, 0x3f, 0xff, 0x96, 0x87,
    0xff, 0x6e, 0xff, 0xfe, 0x5a, 0x1f, 0xfc, 0x3f,
    0xff, 0xe5, 0x87, 0xff, 0x77, 0xff, 0xf9, 0x70,
    0x7f, 0xf0, 0x9f, 0xff, 0xe5, 0x41, 0xff, 0xdd,
    0xff, 0xfe, 0x60, 0x7f, 0xf0, 0xbf, 0xff, 0x96,
    0x1f, 0xfd, 0xe7, 0xff, 0xf9, 0x68, 0x7f, 0xf0,
    0x7f, 0xff, 0x96, 0x1f, 0xfd, 0xff, 0xff, 0xe5,
    0xc1, 0xff, 0xc0, 0x7f, 0xff, 0x94, 0x87, 0xff,
    0x7e, 0xff, 0xfe, 0x58, 0x7f, 0xf0, 0x3f, 0xff,
    0x96, 0x1f, 0xfe, 0x7, 0xff, 0xf9, 0x68, 0x7f,
    0xdf, 0xff, 0xca, 0x83, 0xff, 0xc3, 0xff, 0xfc,
    0xb8, 0x3f, 0xcf, 0xff, 0xf2, 0x90, 0xff, 0xf0,
    0xdf, 0xff, 0xcb, 0xf, 0xf5, 0xff, 0xfc, 0xa0,
    0xff, 0xf1, 0xff, 0xff, 0x2d, 0xf, 0xef, 0xff,
    0xe5, 0x41, 0xff, 0xe3, 0xff, 0xfe, 0x5c, 0x1f,
    0x9f, 0xff, 0xe5, 0x21, 0xff, 0xe3, 0x7f, 0xff,
    0x96, 0x1f, 0xaf, 0xff, 0xe5, 0x7, 0xff, 0x97,
    0xff, 0xf9, 0x61, 0xfb, 0xff, 0xf9, 0x50, 0x7f,
    0xf9, 0x7f, 0xff, 0x97, 0x7, 0x9f, 0xff, 0xe5,
    0x7, 0xff, 0x99, 0xff, 0xfe, 0x58, 0x7a, 0xff,
    0xfe, 0x50, 0x7f, 0xf9, 0xff, 0xff, 0x96, 0x1e,
    0xff, 0xfe, 0x52, 0x1f, 0xfe, 0x7b, 0xff, 0xf9,
    0x50, 0x67, 0xff, 0xf9, 0x41, 0xff, 0xe8, 0x7f,
    0xff, 0x96, 0x1a, 0xff, 0xfe, 0x4c, 0x1f, 0xfe,
    0x9f, 0xff, 0xe5, 0x86, 0xff, 0xfe, 0x52, 0x1f,
    0xfe, 0x9b, 0xff, 0xf9, 0x50, 0x1f, 0xff, 0xe5,
    0x7, 0xff, 0xaf, 0xff, 0xf9, 0x60, 0xbf, 0xff,
    0x93, 0x7, 0xff, 0xaf, 0xff, 0xf9, 0x60, 0xff,
    0xfe, 0x50, 0x7f, 0xfb, 0x1f, 0xff, 0xe5, 0x2b,
    0xff, 0xf9, 0x41, 0xff, 0xed, 0xff, 0xff, 0xa,
    0x1f, 0xfe, 0xdb, 0xff, 0xfc, 0x1, 0xff, 0xee,
    0x7f, 0xff, 0xbf, 0x7, 0xff, 0xbf, 0xff, 0xfb,
    0xe8, 0x7f, 0xfb, 0xef, 0xff, 0xef, 0x7, 0xff,
    0xc7, 0xff, 0xfb, 0xb0, 0x7f, 0xfc, 0x7f, 0xff,
    0xba, 0x87, 0xff, 0xc6, 0xff, 0xfe, 0xe0, 0x7f,
    0xfc, 0xff, 0xff, 0xb7, 0x7, 0xff, 0xcf, 0xff,
    0xfb, 0x61, 0xff, 0xf4, 0x7f, 0xff, 0xb4, 0x1f,
    0xff, 0x5f, 0xff, 0xec, 0xa1, 0xff, 0xf5, 0xbf,
    0xff, 0xb0, 0x1f, 0xff, 0x67, 0xff, 0xfa, 0xf0,
    0x7f, 0xfd, 0xff, 0xff, 0xae, 0x87, 0xff, 0xde,
    0xff, 0xfe, 0xb0, 0x7f, 0xfe, 0x7f, 0xff, 0xab,
    0x7, 0xff, 0xe7, 0xff, 0xfa, 0xa1, 0xff, 0xfa,
    0x7f, 0xff, 0xa8, 0x1f, 0xff, 0xbf, 0xff, 0xe9,
    0xa1, 0xff, 0xfb, 0xbf, 0xff, 0xa4, 0x1f, 0xff,
    0xc7, 0xff, 0xfa, 0x41, 0xff, 0xfd, 0xff, 0xfe,
    0x8a, 0x1f, 0xff, 0xdb, 0xff, 0xfa, 0x1, 0xff,
    0xfe, 0x7f, 0xff, 0x9f, 0x7, 0xff, 0xff, 0xff,
    0xf9, 0xe8, 0x7f, 0xff, 0xef, 0xff, 0xe7, 0x7,
    0xff, 0xfc, 0x1f, 0xff, 0xcd, 0x83, 0xff, 0xfe,
    0xf, 0xff, 0xe6, 0x87, 0xff, 0x6c,

    /* U+0077 "w" */
    0x2b, 0xff, 0x98, 0x1f, 0xfd, 0xea, 0xff, 0xe5,
    0x7, 0xff, 0x75, 0xaf, 0xfe, 0x58, 0x3f, 0xff,
    0x99, 0x7, 0xff, 0x72, 0xff, 0xfe, 0x52, 0x1f,
    0xfd, 0xcf, 0xff, 0xe6, 0x3, 0xff, 0xf9, 0xa1,
    0xff, 0xdc, 0xff, 0xfe, 0x60, 0x7f, 0xf6, 0xdf,
    0xff, 0xe6, 0x2, 0xff, 0xfe, 0x60, 0x7f, 0xf6,
    0xdf, 0xff, 0xe6, 0x7, 0xff, 0x6e, 0xff, 0xfe,
    0x5c, 0x17, 0xff, 0xf3, 0x10, 0xff, 0xed, 0x5f,
    0xff, 0xcc, 0x43, 0xff, 0xb5, 0xff, 0xfc, 0xc4,
    0x2f, 0xff, 0xe6, 0x41, 0xff, 0xda, 0xff, 0xfe,
    0x6c, 0x1f, 0xfd, 0xaf, 0xff, 0xe6, 0x6, 0xbf,
    0xff, 0x98, 0x1f, 0xfd, 0xaf, 0xff, 0xe7, 0x7,
    0xff, 0x65, 0xff, 0xfe, 0x5c, 0x19, 0xff, 0xfe,
    0x60, 0x7f, 0xf6, 0x5f, 0xff, 0xe7, 0x21, 0xff,
    0xd8, 0xbf, 0xff, 0x96, 0x87, 0x7f, 0xff, 0x31,
    0xf, 0xfe, 0xc5, 0xff, 0xfc, 0xe8, 0x3f, 0xfb,
    0x1f, 0xff, 0xcc, 0xf, 0x5f, 0xff, 0xcc, 0xf,
    0xfe, 0xc7, 0xff, 0xf4, 0x3, 0xff, 0xb1, 0xff,
    0xfc, 0xc0, 0xf3, 0xff, 0xfc, 0xc0, 0xff, 0xeb,
    0xbf, 0xff, 0xd0, 0xf, 0xfe, 0xbb, 0xff, 0xfc,
    0xb8, 0x3e, 0xff, 0xfe, 0x62, 0x1f, 0xfd, 0x6b,
    0xff, 0xfa, 0x8, 0x7f, 0xf5, 0xaf, 0xff, 0xe5,
    0x87, 0xef, 0xff, 0xe6, 0x41, 0xff, 0xd6, 0xff,
    0xfe, 0x8c, 0x1f, 0xfd, 0x6f, 0xff, 0xe6, 0x7,
    0xeb, 0xff, 0xf9, 0x81, 0xff, 0xd6, 0xff, 0xfe,
    0x90, 0x7f, 0xf5, 0xbf, 0xff, 0x97, 0x7, 0xe7,
    0xff, 0xf9, 0x81, 0xff, 0xd5, 0x7f, 0xff, 0xa4,
    0x87, 0xff, 0x51, 0xff, 0xfe, 0x5a, 0x1f, 0xdf,
    0xff, 0xcc, 0x43, 0xff, 0xa9, 0x7f, 0xff, 0x4a,
    0xf, 0xfe, 0xa5, 0xff, 0xfc, 0xb0, 0xff, 0x5f,
    0xff, 0xcb, 0x83, 0xff, 0xa9, 0xff, 0xfd, 0x40,
    0xff, 0xea, 0x7f, 0xff, 0x30, 0x3f, 0xcf, 0xff,
    0xf3, 0x3, 0xff, 0xa6, 0xff, 0xff, 0x50, 0x3f,
    0xfa, 0x9f, 0xff, 0xcb, 0x83, 0xfe, 0xff, 0xfe,
    0x60, 0x7f, 0xf4, 0xef, 0xff, 0xea, 0x21, 0xff,
    0xd2, 0x7f, 0xff, 0x96, 0x1f, 0xfc, 0xf, 0xff,
    0xe6, 0x21, 0xff, 0xd2, 0xff, 0xfe, 0xb0, 0x7f,
    0xf4, 0xaf, 0xff, 0xe5, 0x87, 0xff, 0x1, 0xff,
    0xfe, 0x5c, 0x1f, 0xfd, 0x2f, 0xff, 0xeb, 0x7,
    0xff, 0x4b, 0xff, 0xf9, 0x70, 0x7f, 0xf0, 0x7f,
    0xff, 0x98, 0x1f, 0xfd, 0x17, 0xff, 0xfa, 0xc8,
    0x7f, 0xf4, 0x7f, 0xff, 0x96, 0x87, 0xff, 0x7,
    0xff, 0xf9, 0x81, 0xff, 0xd1, 0xbf, 0xff, 0xad,
    0x7, 0xff, 0x41, 0xff, 0xfe, 0x58, 0x7f, 0xf0,
    0xaf, 0xff, 0xe5, 0xa1, 0xff, 0xd0, 0xff, 0xfe,
    0xc0, 0x7f, 0xf4, 0x2f, 0xff, 0xe5, 0x87, 0xff,
    0x9, 0xff, 0xfe, 0x5c, 0x1f, 0xfd, 0xf, 0xff,
    0xec, 0x7, 0xff, 0x43, 0xff, 0xf9, 0x68, 0x7f,
    0xf0, 0xff, 0xff, 0x98, 0x1f, 0xfc, 0xfb, 0xff,
    0xfb, 0x10, 0x7f, 0xf3, 0xff, 0xff, 0x96, 0x1f,
    0xfc, 0x4b, 0xff, 0xf9, 0x61, 0xff, 0xcf, 0xff,
    0xfe, 0xd0, 0x7f, 0xf3, 0x9f, 0xff, 0xe5, 0x87,
    0xff, 0x11, 0xff, 0xfe, 0x5a, 0x1f, 0xfc, 0xef,
    0xff, 0xed, 0x7, 0xff, 0x3a, 0xff, 0xfe, 0x54,
    0x1f, 0xfc, 0x5f, 0xff, 0xe5, 0xc1, 0xff, 0xcd,
    0x7f, 0xff, 0xb4, 0x87, 0xff, 0x37, 0xff, 0xf9,
    0x68, 0x7f, 0xf1, 0x7f, 0xff, 0x98, 0x1f, 0xfc,
    0xdb, 0xff, 0xf8, 0xc7, 0xff, 0xf1, 0xe0, 0xff,
    0xe6, 0xff, 0xff, 0x2c, 0x3f, 0xf8, 0xd7, 0xff,
    0xf2, 0xc3, 0xff, 0x9b, 0xff, 0xfc, 0x64, 0xff,
    0xfe, 0x40, 0x7f, 0xf3, 0x1f, 0xff, 0xe5, 0x87,
    0xff, 0x1f, 0xff, 0xf9, 0x68, 0x7f, 0xf3, 0x3f,
    0xff, 0x8c, 0xb, 0xff, 0xf8, 0xe8, 0x7f, 0xf2,
    0xef, 0xff, 0xe5, 0x21, 0xff, 0xc7, 0xff, 0xfe,
    0x60, 0x7f, 0xf2, 0xef, 0xff, 0xe3, 0x1, 0xff,
    0xfe, 0x3c, 0x1f, 0xfc, 0xbf, 0xff, 0xe5, 0x87,
    0xff, 0x22, 0xff, 0xfe, 0x58, 0x7f, 0xf2, 0xff,
    0xff, 0x8d, 0x5, 0xff, 0xfc, 0x80, 0xff, 0xe5,
    0xff, 0xff, 0x2c, 0x3f, 0xf9, 0xf, 0xff, 0xf2,
    0xd0, 0xff, 0xe5, 0x7f, 0xff, 0x19, 0xa, 0xff,
    0xfe, 0x38, 0x7f, 0xf2, 0x9f, 0xff, 0xe5, 0x41,
    0xff, 0xc9, 0xff, 0xfe, 0x5c, 0x1f, 0xfc, 0x97,
    0xff, 0xf8, 0xc1, 0x9f, 0xff, 0xe3, 0xa1, 0xff,
    0xc9, 0xbf, 0xff, 0x94, 0x87, 0xff, 0x27, 0xff,
    0xf9, 0x81, 0xff, 0xc9, 0xbf, 0xff, 0x8c, 0x1d,
    0xff, 0xfc, 0x80, 0xff, 0xe4, 0xff, 0xff, 0x2c,
    0x3f, 0xf9, 0x4f, 0xff, 0xf2, 0xc3, 0xff, 0x93,
    0xff, 0xfc, 0x68, 0x3b, 0xff, 0xf9, 0x1, 0xff,
    0xc9, 0xff, 0xfe, 0x54, 0x1f, 0xfc, 0xbf, 0xff,
    0xe5, 0xa1, 0xff, 0xc8, 0xff, 0xfe, 0x32, 0x1d,
    0x7f, 0xff, 0x1d, 0xf, 0xfe, 0x3b, 0xff, 0xfc,
    0xa4, 0x3f, 0xf9, 0x7f, 0xff, 0xcb, 0x83, 0xff,
    0x8f, 0x7f, 0xff, 0x18, 0x3c, 0xff, 0xff, 0x1e,
    0xf, 0xfe, 0x3d, 0xff, 0xfc, 0xa0, 0xff, 0xe6,
    0x5f, 0xff, 0xcb, 0xf, 0xfe, 0x3f, 0xff, 0xf1,
    0xc3, 0xef, 0xff, 0xe4, 0x7, 0xff, 0x1f, 0xff,
    0xf9, 0x61, 0xff, 0xcc, 0x7f, 0xff, 0x96, 0x1f,
    0xfc, 0x7f, 0xff, 0xe3, 0x21, 0xf5, 0xff, 0xfc,
    0x70, 0xff, 0xe3, 0xff, 0xff, 0x2a, 0xf, 0xfe,
    0x6f, 0xff, 0xf2, 0xd0, 0xff, 0xe2, 0xbf, 0xff,
    0xc6, 0xf, 0xcf, 0xff, 0xf1, 0xe0, 0xff, 0xe2,
    0xbf, 0xff, 0xca, 0x43, 0xff, 0x9b, 0x7f, 0xff,
    0x2a, 0xf, 0xfe, 0x2d, 0xff, 0xfc, 0x60, 0xfe,
    0xff, 0xfe, 0x40, 0x7f, 0xf1, 0x6f, 0xff, 0xe5,
    0x7, 0xff, 0x39, 0xff, 0xfe, 0x58, 0x7f, 0xf1,
    0x7f, 0xff, 0x8d, 0x7, 0xf7, 0xff, 0xf2, 0x3,
    0xff, 0x8b, 0xff, 0xfc, 0xa8, 0x3f, 0xf9, 0xff,
    0xff, 0xcb, 0xf, 0xfe, 0x2f, 0xff, 0xf1, 0x90,
    0xfe, 0xbf, 0xff, 0x8e, 0x87, 0xff, 0x13, 0xff,
    0xf9, 0x48, 0x7f, 0xf3, 0xff, 0xff, 0x96, 0x87,
    0xff, 0xe, 0xff, 0xfe, 0x30, 0x7f, 0x9f, 0xff,
    0xe3, 0xc1, 0xff, 0xc3, 0x7f, 0xff, 0x94, 0x1f,
    0xfd, 0xb, 0xff, 0xf9, 0x50, 0x7f, 0xf0, 0xff,
    0xff, 0x8e, 0x1f, 0xf7, 0xff, 0xf2, 0x3, 0xff,
    0x87, 0x7f, 0xff, 0x28, 0x3f, 0xfa, 0x3f, 0xff,
    0xcb, 0xf, 0xfe, 0x1f, 0xff, 0xf1, 0xa0, 0xff,
    0xaf, 0xff, 0xe3, 0xa1, 0xff, 0xc2, 0xff, 0xfe,
    0x54, 0x1f, 0xfd, 0x1f, 0xff, 0xe5, 0x87, 0xff,
    0x9, 0xff, 0xfe, 0x32, 0x1f, 0xf3, 0xff, 0xfc,
    0x78, 0x3f, 0xf8, 0x5f, 0xff, 0xca, 0x43, 0xff,
    0xa3, 0x7f, 0xff, 0x29, 0xf, 0xfe, 0xd, 0xff,
    0xfc, 0x60, 0xff, 0xe0, 0xff, 0xff, 0x20, 0x3f,
    0xf8, 0x2f, 0xff, 0xf2, 0x83, 0xff, 0xa4, 0xff,
    0xff, 0x2a, 0xf, 0xfe, 0xf, 0xff, 0xf1, 0xa0,
    0xff, 0xe0, 0xff, 0xff, 0x20, 0x3f, 0xf8, 0x37,
    0xff, 0xf2, 0x60, 0xff, 0xe9, 0xff, 0xff, 0x2c,
    0x3f, 0xf8, 0x3f, 0xff, 0xc6, 0x43, 0xff, 0x83,
    0x7f, 0xff, 0x1d, 0xf, 0xfe, 0x7, 0xff, 0xf2,
    0x90, 0xff, 0xe9, 0xdf, 0xff, 0xca, 0xf, 0xfe,
    0x5, 0xff, 0xfc, 0x60, 0xff, 0xe1, 0x3f, 0xff,
    0xc7, 0x83, 0xff, 0x81, 0xff, 0xfc, 0xa0, 0xff,
    0xea, 0x3f, 0xff, 0xca, 0x43, 0xfe, 0xff, 0xfe,
    0x38, 0x7f, 0xf0, 0xff, 0xff, 0x90, 0x1f, 0xf3,
    0xff, 0xfc, 0xa0, 0xff, 0xea, 0xff, 0xff, 0x2c,
    0x3f, 0xef, 0xff, 0xe3, 0x41, 0xff, 0xc3, 0xbf,
    0xff, 0x8e, 0x87, 0xfa, 0xff, 0xfe, 0x4c, 0x1f,
    0xfd, 0x5f, 0xff, 0xe5, 0x87, 0xf9, 0xff, 0xfe,
    0x32, 0x1f, 0xfc, 0x37, 0xff, 0xf8, 0xf0, 0x7f,
    0xbf, 0xff, 0x94, 0x87, 0xff, 0x56, 0xff, 0xfe,
    0x52, 0x1f, 0xd7, 0xff, 0xf1, 0x83, 0xff, 0x8b,
    0xff, 0xfc, 0x80, 0xff, 0x7f, 0xff, 0x28, 0x3f,
    0xfa, 0xcf, 0xff, 0xf2, 0xa0, 0xfe, 0xff, 0xfe,
    0x38, 0x7f, 0xf1, 0x7f, 0xff, 0x90, 0x1f, 0xcf,
    0xff, 0xf2, 0x60, 0xff, 0xeb, 0xff, 0xff, 0x2c,
    0x3f, 0xbf, 0xff, 0x8d, 0x7, 0xff, 0x16, 0xff,
    0xfe, 0x3c, 0x1f, 0xaf, 0xff, 0xe4, 0xa1, 0xff,
    0xd7, 0xbf, 0xff, 0x94, 0x1f, 0xaf, 0xff, 0xe3,
    0x21, 0xff, 0xc5, 0x7f, 0xff, 0x90, 0x1f, 0xbf,
    0xff, 0x94, 0x1f, 0xfd, 0x87, 0xff, 0xf9, 0x48,
    0x7d, 0xff, 0xfc, 0x70, 0xff, 0xe3, 0xff, 0xff,
    0x20, 0x3f, 0x7f, 0xff, 0x28, 0x3f, 0xfb, 0x3f,
    0xff, 0xca, 0x83, 0xef, 0xff, 0xe3, 0x41, 0xff,
    0xc7, 0xbf, 0xff, 0x8e, 0x87, 0x9f, 0xff, 0xe4,
    0xc1, 0xff, 0xd9, 0xff, 0xfe, 0x58, 0x79, 0xff,
    0xfe, 0x32, 0x1f, 0xfc, 0x77, 0xff, 0xf8, 0xf0,
    0x7a, 0xff, 0xfe, 0x48, 0x7f, 0xf6, 0x9f, 0xff,
    0xe5, 0x7, 0xaf, 0xff, 0xe3, 0x7, 0xff, 0x27,
    0xff, 0xf9, 0x1, 0xef, 0xff, 0xe5, 0x7, 0xff,
    0x6f, 0xff, 0xf9, 0x48, 0x77, 0xff, 0xf1, 0xc3,
    0xff, 0x93, 0xff, 0xfc, 0x84, 0x3b, 0xff, 0xf9,
    0x30, 0x7f, 0xf6, 0xff, 0xff, 0x95, 0x7, 0x7f,
    0xff, 0x1a, 0xf, 0xfe, 0x4d, 0xff, 0xfc, 0x78,
    0x33, 0xff, 0xfc, 0x94, 0x3f, 0xfb, 0x77, 0xff,
    0xf2, 0x83, 0x5f, 0xff, 0xc6, 0x43, 0xff, 0x92,
    0xff, 0xff, 0x20, 0x35, 0xff, 0xfc, 0x90, 0xff,
    0xee, 0x3f, 0xff, 0xca, 0xd, 0xff, 0xfc, 0x70,
    0xff, 0xe5, 0xff, 0xff, 0x20, 0x37, 0xff, 0xf2,
    0x83, 0xff, 0xbb, 0xff, 0xfc, 0xa4, 0x2f, 0xff,
    0xe3, 0x87, 0xff, 0x2e, 0xff, 0xfe, 0x3a, 0x17,
    0xff, 0xf2, 0x60, 0xff, 0xee, 0xdf, 0xff, 0xc9,
    0x80, 0xff, 0xff, 0x1a, 0xf, 0xfe, 0x5b, 0xff,
    0xfc, 0x78, 0x17, 0xff, 0xf2, 0x43, 0xff, 0xbc,
    0xff, 0xff, 0x28, 0x17, 0xff, 0xf1, 0x90, 0xff,
    0xe6, 0x7f, 0xff, 0x20, 0x1f, 0xff, 0xca, 0xf,
    0xfe, 0xff, 0xff, 0xf2, 0x81, 0xff, 0xfc, 0x70,
    0xff, 0xe6, 0xff, 0xff, 0x21, 0x3f, 0xff, 0x93,
    0x7, 0xff, 0x7f, 0xff, 0xf9, 0x49, 0xff, 0xfc,
    0x68, 0x3f, 0xf9, 0xb7, 0xff, 0xf1, 0xe7, 0xff,
    0xf9, 0x28, 0x7f, 0xf7, 0xef, 0xff, 0xe4, 0xd3,
    0xff, 0xf8, 0xc8, 0x7f, 0xf3, 0x5f, 0xff, 0xe4,
    0x5f, 0xff, 0xc9, 0xf, 0xff, 0xf, 0xff, 0xf7,
    0x43, 0xff, 0x9f, 0xff, 0xfd, 0xe0, 0xff, 0xf0,
    0xff, 0xff, 0x74, 0x3f, 0xf9, 0xf7, 0xff, 0xf7,
    0x20, 0xff, 0xf0, 0xdf, 0xff, 0xdb, 0x83, 0xff,
    0x9e, 0xff, 0xff, 0x70, 0x3f, 0xfc, 0x4f, 0xff,
    0xf6, 0xd0, 0xff, 0xe8, 0x7f, 0xff, 0x70, 0x3f,
    0xfc, 0x7f, 0xff, 0xdb, 0xf, 0xfe, 0x8f, 0xff,
    0xf6, 0xe0, 0xff, 0xf1, 0xdf, 0xff, 0xda, 0xf,
    0xfe, 0x8d, 0xff, 0xfd, 0xa4, 0x3f, 0xfc, 0x6f,
    0xff, 0xf6, 0x60, 0xff, 0xe9, 0x7f, 0xff, 0x68,
    0x3f, 0xfc, 0xbf, 0xff, 0xd9, 0xf, 0xfe, 0x9f,
    0xff, 0xf6, 0x83, 0xff, 0xcb, 0xff, 0xfd, 0x90,
    0xff, 0xe9, 0xdf, 0xff, 0xd8, 0x43, 0xff, 0xcb,
    0x7f, 0xff, 0x5e, 0xf, 0xfe, 0x9b, 0xff, 0xfd,
    0x80, 0xff, 0xf3, 0x3f, 0xff, 0xd7, 0x43, 0xff,
    0xa9, 0xff, 0xfd, 0x80, 0xff, 0xf3, 0xff, 0xff,
    0x5c, 0x3f, 0xfa, 0xbf, 0xff, 0xd7, 0x83, 0xff,
    0xcf, 0x7f, 0xff, 0x58, 0x3f, 0xfa, 0xb7, 0xff,
    0xf5, 0x90, 0xff, 0xf3, 0xbf, 0xff, 0xd5, 0x83,
    0xff, 0xad, 0xff, 0xfd, 0x60, 0xff, 0xf4, 0xff,
    0xff, 0x55, 0xf, 0xfe, 0xb7, 0xff, 0xf5, 0x83,
    0xff, 0xd3, 0xff, 0xfd, 0x50, 0xff, 0xeb, 0xdf,
    0xff, 0xd4, 0x43, 0xff, 0xd2, 0xff, 0xff, 0x50,
    0x3f, 0xfa, 0xef, 0xff, 0xf5, 0x3, 0xff, 0xd7,
    0xff, 0xfd, 0x34, 0x3f, 0xfb, 0x1f, 0xff, 0xd4,
    0xf, 0xff, 0x5f, 0xff, 0xf4, 0xc3, 0xff, 0xb3,
    0xff, 0xfd, 0x38, 0x3f, 0xfd, 0x77, 0xff, 0xf4,
    0x83, 0xff, 0xb3, 0x7f, 0xff, 0x49, 0xf, 0xff,
    0x5b, 0xff, 0xfd, 0x18, 0x3f, 0xfb, 0x5f, 0xff,
    0xd2, 0xf, 0xff, 0x6f, 0xff, 0xf4, 0x50, 0xff,
    0xed, 0x7f, 0xff, 0x46, 0xf, 0xff, 0x6d, 0xff,
    0xfd, 0x0, 0xff, 0xed, 0xdf, 0xff, 0xd0, 0x43,
    0xff, 0xda, 0xff, 0xff, 0x40, 0x3f, 0xfb, 0x6f,
    0xff, 0xf4, 0x3, 0xff, 0xdf, 0xff, 0xfc, 0xf8,
    0x3f, 0xfb, 0x9f, 0xff, 0xd0, 0xf, 0xff, 0x7f,
    0xff, 0xf3, 0xd0, 0xff, 0xee, 0x7f, 0xff, 0x3e,
    0xf, 0xff, 0x7d, 0xff, 0xfc, 0xe0, 0xff, 0xee,
    0xbf, 0xff, 0xce, 0x43, 0xff, 0xe1, 0xff, 0xfc,
    0xe0, 0xff, 0xef, 0x7f, 0xff, 0x38, 0x3f, 0xfe,
    0x3f, 0xff, 0xcd, 0x43, 0xff, 0xbd, 0xff, 0xfc,
    0xd8, 0x3f, 0xfe, 0x37, 0xff, 0xf3, 0x3, 0xff,
    0xbf, 0x7f, 0xff, 0x31, 0xf, 0xff, 0x8b, 0xff,
    0xfc, 0xc0, 0xff, 0xef, 0xbf, 0xff, 0xcc, 0xf,
    0xfe, 0x98,

    /* U+0078 "x" */
    0x5, 0x7f, 0xf4, 0x43, 0xff, 0xc6, 0xd7, 0xff,
    0x40, 0x35, 0xff, 0xfd, 0x10, 0xff, 0xf1, 0x7f,
    0xff, 0x44, 0x3b, 0xff, 0xfa, 0x30, 0x7f, 0xf8,
    0x2f, 0xff, 0xe8, 0x7, 0x9f, 0xff, 0xe8, 0x87,
    0xff, 0x7d, 0xff, 0xfe, 0x82, 0x1f, 0x5f, 0xff,
    0xd1, 0xf, 0xfe, 0xf7, 0xff, 0xf4, 0x20, 0xfe,
    0xff, 0xfe, 0x8a, 0x1f, 0xfd, 0xcb, 0xff, 0xfa,
    0x1, 0xff, 0x7f, 0xff, 0x44, 0x3f, 0xfb, 0x9f,
    0xff, 0xd0, 0x43, 0xfe, 0x7f, 0xff, 0xa1, 0x7,
    0xff, 0x6b, 0xff, 0xfa, 0x10, 0x7f, 0xf0, 0x7f,
    0xff, 0xa2, 0x87, 0xff, 0x61, 0xff, 0xfe, 0x80,
    0x7f, 0xf0, 0xff, 0xff, 0xa2, 0x1f, 0xfd, 0x8f,
    0xff, 0xe8, 0x7, 0xff, 0x11, 0xff, 0xfe, 0x84,
    0x1f, 0xfd, 0x6b, 0xff, 0xf9, 0xe8, 0x7f, 0xf1,
    0x6f, 0xff, 0xe8, 0x7, 0xff, 0x55, 0xff, 0xfe,
    0x7c, 0x1f, 0xfc, 0x7f, 0xff, 0xe8, 0x87, 0xff,
    0x53, 0xff, 0xfa, 0x1, 0xff, 0xc8, 0x7f, 0xff,
    0xa0, 0x87, 0xff, 0x4a, 0xff, 0xfe, 0x7a, 0x1f,
    0xfc, 0x9b, 0xff, 0xfa, 0x1, 0xff, 0xd2, 0xff,
    0xfe, 0x7c, 0x1f, 0xfc, 0xbf, 0xff, 0xe8, 0x41,
    0xff, 0xd0, 0xff, 0xfe, 0x80, 0x7f, 0xf3, 0x7f,
    0xff, 0xa0, 0x87, 0xff, 0x39, 0xff, 0xfe, 0x78,
    0x7f, 0xf3, 0xaf, 0xff, 0xe8, 0x7, 0xff, 0x3b,
    0xff, 0xf9, 0xf0, 0x7f, 0xf3, 0xff, 0xff, 0xa1,
    0x7, 0xff, 0x32, 0xff, 0xfe, 0x78, 0x7f, 0xf4,
    0x7f, 0xff, 0xa0, 0x1f, 0xfc, 0xb7, 0xff, 0xf9,
    0xe1, 0xff, 0xd2, 0x7f, 0xff, 0xa0, 0x1f, 0xfc,
    0xaf, 0xff, 0xe7, 0xa1, 0xff, 0xd3, 0xbf, 0xff,
    0x9e, 0x87, 0xff, 0x22, 0xff, 0xfe, 0x74, 0x1f,
    0xfd, 0x5f, 0xff, 0xe8, 0x7, 0xff, 0x23, 0xff,
    0xf9, 0xe1, 0xff, 0xd6, 0x7f, 0xff, 0x9f, 0x7,
    0xff, 0x1b, 0xff, 0xf9, 0xe8, 0x7f, 0xf5, 0xef,
    0xff, 0xe7, 0xa1, 0xff, 0xc4, 0x7f, 0xff, 0x9d,
    0x7, 0xff, 0x67, 0xff, 0xfa, 0x1, 0xff, 0xc4,
    0xff, 0xfe, 0x78, 0x7f, 0xf6, 0x9f, 0xff, 0xe7,
    0xc1, 0xff, 0xc2, 0xbf, 0xff, 0x9c, 0x1f, 0xfd,
    0xcb, 0xff, 0xf9, 0xe8, 0x7f, 0xf0, 0x1f, 0xff,
    0xe7, 0x21, 0xff, 0xdd, 0xff, 0xfe, 0x80, 0x7f,
    0xf0, 0x3f, 0xff, 0x9d, 0x7, 0xff, 0x7f, 0xff,
    0xf9, 0xf0, 0x7f, 0xaf, 0xff, 0xe7, 0x7, 0xff,
    0x81, 0xff, 0xfe, 0x78, 0x7f, 0xbf, 0xff, 0x9c,
    0x87, 0xff, 0x87, 0xff, 0xfa, 0x1, 0xfb, 0xff,
    0xf9, 0xd0, 0x7f, 0xf8, 0xff, 0xff, 0x9e, 0x87,
    0x9f, 0xff, 0xe7, 0x7, 0xff, 0x91, 0xff, 0xfe,
    0x78, 0x7b, 0xff, 0xf9, 0xc1, 0xff, 0xe6, 0xbf,
    0xff, 0x9d, 0x6, 0xbf, 0xff, 0x9b, 0x7, 0xff,
    0x9f, 0xff, 0xf9, 0xe8, 0x1f, 0xff, 0xe7, 0x7,
    0xff, 0xa1, 0xff, 0xfe, 0x78, 0x3f, 0xff, 0x9c,
    0x1f, 0xfe, 0xab, 0xff, 0xf9, 0xd4, 0xff, 0xfe,
    0x6a, 0x1f, 0xfe, 0xbf, 0xff, 0xf4, 0x41, 0xff,
    0xed, 0xff, 0xff, 0x38, 0x7f, 0xfb, 0xaf, 0xff,
    0xf2, 0xa1, 0xff, 0xef, 0xff, 0xff, 0x24, 0x1f,
    0xff, 0x1f, 0xff, 0xf1, 0x87, 0xff, 0xc9, 0xff,
    0xff, 0x8, 0x7f, 0xfd, 0x2f, 0xff, 0xef, 0xa1,
    0xff, 0xf5, 0xff, 0xfe, 0xf4, 0x1f, 0xff, 0x67,
    0xff, 0xfb, 0xa1, 0xff, 0xf8, 0xbf, 0xff, 0xb6,
    0x87, 0xff, 0xe7, 0xff, 0xfb, 0x50, 0x7f, 0xfe,
    0x9f, 0xff, 0xec, 0x87, 0xff, 0xf2, 0xff, 0xfe,
    0xb8, 0x7f, 0xff, 0xbf, 0xff, 0xac, 0x87, 0xff,
    0xff, 0xff, 0xfa, 0xa1, 0xff, 0xff, 0x2f, 0xff,
    0xe9, 0x87, 0xff, 0xfc, 0x1f, 0xff, 0xd4, 0x83,
    0xff, 0xff, 0xff, 0xfd, 0x64, 0x3f, 0xff, 0xaf,
    0xff, 0xf5, 0xc3, 0xff, 0xfb, 0xff, 0xfd, 0x90,
    0xff, 0xfd, 0xff, 0xff, 0x6a, 0xf, 0xff, 0xcd,
    0xff, 0xfd, 0xb4, 0x3f, 0xfe, 0xef, 0xff, 0xf7,
    0x43, 0xff, 0xef, 0xff, 0xfd, 0xf0, 0xff, 0xfa,
    0xff, 0xff, 0x82, 0xf, 0xff, 0x9d, 0xff, 0xfe,
    0x14, 0x3f, 0xfe, 0x2f, 0xff, 0xf8, 0xc3, 0xff,
    0xe3, 0xff, 0xfe, 0x48, 0x3f, 0xfd, 0xf7, 0xff,
    0xf9, 0x50, 0xff, 0xf6, 0xbf, 0xff, 0xe7, 0xf,
    0xff, 0x6f, 0xff, 0xfa, 0x43, 0xff, 0xd7, 0xff,
    0xfc, 0xeb, 0xff, 0xf9, 0xf0, 0x7f, 0xfa, 0x6f,
    0xff, 0xe7, 0x17, 0xff, 0xf3, 0xd0, 0xff, 0xf3,
    0xbf, 0xff, 0xce, 0xb, 0xff, 0xfa, 0x1, 0xff,
    0xe7, 0xff, 0xfe, 0x72, 0x1b, 0xff, 0xfa, 0x1,
    0xff, 0xe5, 0xbf, 0xff, 0x9c, 0x1c, 0xff, 0xff,
    0x3e, 0xf, 0xff, 0x1b, 0xff, 0xfc, 0xe0, 0xfb,
    0xff, 0xfa, 0x8, 0x7f, 0xf8, 0xbf, 0xff, 0x9d,
    0x7, 0xef, 0xff, 0xe8, 0x7, 0xff, 0x87, 0xff,
    0xf9, 0xe1, 0xfc, 0xff, 0xff, 0x40, 0x3f, 0xfb,
    0xf7, 0xff, 0xf3, 0x90, 0xff, 0x7f, 0xff, 0x42,
    0xf, 0xfe, 0xeb, 0xff, 0xfc, 0xe8, 0x3f, 0xf8,
    0x1f, 0xff, 0xd0, 0x43, 0xff, 0xb9, 0xff, 0xfc,
    0xf0, 0xff, 0xe0, 0xbf, 0xff, 0xd0, 0xf, 0xfe,
    0xdf, 0xff, 0xf3, 0xd0, 0xff, 0xe1, 0x5f, 0xff,
    0xcf, 0x83, 0xff, 0xb3, 0x7f, 0xff, 0x3a, 0xf,
    0xfe, 0x27, 0xff, 0xf4, 0x10, 0xff, 0xeb, 0xbf,
    0xff, 0xcf, 0xf, 0xfe, 0x2b, 0xff, 0xfd, 0x0,
    0xff, 0xeb, 0xff, 0xff, 0x3d, 0xf, 0xfe, 0x35,
    0xff, 0xfd, 0x0, 0xff, 0xea, 0xdf, 0xff, 0xcf,
    0xf, 0xfe, 0x47, 0xff, 0xf4, 0x20, 0xff, 0xe9,
    0xbf, 0xff, 0xcf, 0xf, 0xfe, 0x4b, 0xff, 0xfd,
    0x4, 0x3f, 0xfa, 0x5f, 0xff, 0xcf, 0x83, 0xff,
    0x95, 0x7f, 0xff, 0x40, 0x3f, 0xfa, 0x3f, 0xff,
    0xd0, 0xf, 0xfe, 0x67, 0xff, 0xf4, 0x43, 0xff,
    0x9f, 0x7f, 0xff, 0x3c, 0x3f, 0xf9, 0xaf, 0xff,
    0xf4, 0x20, 0xff, 0xe6, 0xbf, 0xff, 0xcf, 0x83,
    0xff, 0x9d, 0x7f, 0xff, 0x41, 0xf, 0xfe, 0x67,
    0xff, 0xf4, 0x3, 0xff, 0xa1, 0xff, 0xfd, 0x10,
    0xff, 0xe5, 0xdf, 0xff, 0xcf, 0x43, 0xff, 0xa0,
    0xff, 0xff, 0x44, 0x3f, 0xf9, 0x2f, 0xff, 0xf3,
    0xe0, 0xff, 0xe9, 0x5f, 0xff, 0xd0, 0x83, 0xff,
    0x91, 0xff, 0xfd, 0x0, 0xff, 0xea, 0x7f, 0xff,
    0x45, 0xf, 0xfe, 0x37, 0xff, 0xf4, 0x10, 0xff,
    0xea, 0xff, 0xff, 0x44, 0x3f, 0xf8, 0xb7, 0xff,
    0xf3, 0xe0, 0xff, 0xeb, 0x5f, 0xff, 0xd0, 0x83,
    0xff, 0x86, 0xff, 0xff, 0x40, 0x3f, 0xfb, 0x1f,
    0xff, 0xd1, 0x43, 0xff, 0x85, 0xff, 0xfd, 0x4,
    0x3f, 0xfb, 0x3f, 0xff, 0xd1, 0xf, 0xfe, 0xf,
    0xff, 0xf4, 0x43, 0xff, 0xb5, 0x7f, 0xff, 0x44,
    0x3f, 0xeb, 0xff, 0xfa, 0x1, 0xff, 0xdc, 0xff,
    0xfe, 0x8c, 0x1f, 0xef, 0xff, 0xe8, 0x41, 0xff,
    0xdd, 0xff, 0xfe, 0x8a, 0x1f, 0xbf, 0xff, 0xa2,
    0x1f, 0xfd, 0xe7, 0xff, 0xfa, 0x21, 0xf5, 0xff,
    0xfd, 0x0, 0xff, 0xf0, 0x7f, 0xff, 0x48, 0x39,
    0xff, 0xfe, 0x84, 0x1f, 0xfe, 0x1f, 0xff, 0xe8,
    0xc1, 0xbf, 0xff, 0xa2, 0x1f, 0xfe, 0x27, 0xff,
    0xfa, 0x28, 0x3f, 0xff, 0xa2, 0x87, 0xff, 0x8e,
    0xff, 0xfe, 0x88,

    /* U+0079 "y" */
    0xff, 0xfe, 0x74, 0x1f, 0xfe, 0x7f, 0xff, 0xe6,
    0x8f, 0xff, 0xf3, 0x83, 0xff, 0xcc, 0xff, 0xff,
    0x34, 0x1f, 0xff, 0xce, 0x43, 0xff, 0xcb, 0x7f,
    0xff, 0x31, 0x5, 0xff, 0xfc, 0xd8, 0x3f, 0xfc,
    0xbf, 0xff, 0xcd, 0x9, 0xff, 0xfe, 0x70, 0x7f,
    0xf9, 0x7f, 0xff, 0x99, 0x6, 0xff, 0xfe, 0x72,
    0x1f, 0xfe, 0x3b, 0xff, 0xf9, 0x88, 0x6b, 0xff,
    0xf9, 0xb0, 0x7f, 0xf8, 0xff, 0xff, 0x9a, 0x1e,
    0xff, 0xfe, 0x70, 0x7f, 0xf8, 0xff, 0xff, 0x99,
    0x7, 0xbf, 0xff, 0x9c, 0x87, 0xff, 0x86, 0xff,
    0xfe, 0x62, 0x1e, 0x7f, 0xff, 0x9b, 0x7, 0xff,
    0x87, 0xff, 0xf9, 0xa1, 0xfb, 0xff, 0xf9, 0xc1,
    0xff, 0xe1, 0xff, 0xfe, 0x64, 0x1f, 0xaf, 0xff,
    0xe6, 0xa1, 0xff, 0xdf, 0x7f, 0xff, 0x98, 0x1f,
    0xcf, 0xff, 0xf3, 0x60, 0xff, 0xef, 0xff, 0xff,
    0x34, 0x3f, 0xdf, 0xff, 0xce, 0xf, 0xfe, 0xff,
    0xff, 0xf3, 0x10, 0xff, 0x3f, 0xff, 0xcd, 0x43,
    0xff, 0xba, 0xff, 0xff, 0x30, 0x3f, 0xf8, 0x1f,
    0xff, 0xcd, 0x83, 0xff, 0xbb, 0x7f, 0xff, 0x2e,
    0xf, 0xfe, 0x5, 0xff, 0xfc, 0xd0, 0xff, 0xee,
    0xff, 0xff, 0x31, 0xf, 0xfe, 0x3, 0xff, 0xfc,
    0xd4, 0x3f, 0xfb, 0x6f, 0xff, 0xf3, 0x3, 0xff,
    0x85, 0xff, 0xfc, 0xd8, 0x3f, 0xfb, 0x77, 0xff,
    0xf2, 0xe0, 0xff, 0xe1, 0x5f, 0xff, 0xcd, 0xf,
    0xfe, 0xdf, 0xff, 0xf3, 0x3, 0xff, 0x89, 0xff,
    0xfc, 0xd4, 0x3f, 0xfb, 0x2f, 0xff, 0xf3, 0x3,
    0xff, 0x89, 0xff, 0xfc, 0xd8, 0x3f, 0xfb, 0x37,
    0xff, 0xf2, 0xd0, 0xff, 0xe2, 0x3f, 0xff, 0xcd,
    0xf, 0xfe, 0xcf, 0xff, 0xf3, 0x3, 0xff, 0x8d,
    0xff, 0xfc, 0xd4, 0x3f, 0xfa, 0xef, 0xff, 0xf2,
    0xe0, 0xff, 0xe3, 0x5f, 0xff, 0xcc, 0x83, 0xff,
    0xaf, 0x7f, 0xff, 0x2d, 0xf, 0xfe, 0x33, 0xff,
    0xfc, 0xd0, 0xff, 0xeb, 0xff, 0xff, 0x30, 0x3f,
    0xf9, 0x1f, 0xff, 0xcd, 0x43, 0xff, 0xaa, 0xff,
    0xff, 0x2e, 0xf, 0xfe, 0x45, 0xff, 0xfc, 0xc8,
    0x3f, 0xfa, 0xb7, 0xff, 0xf2, 0xc3, 0xff, 0x95,
    0xff, 0xfc, 0xd0, 0xff, 0xea, 0xff, 0xff, 0x30,
    0x3f, 0xf9, 0x5f, 0xff, 0xcd, 0x43, 0xff, 0xa9,
    0xff, 0xfc, 0xb4, 0x3f, 0xf9, 0x4f, 0xff, 0xf3,
    0x43, 0xff, 0xa7, 0x7f, 0xff, 0x2c, 0x3f, 0xf9,
    0x9f, 0xff, 0xcd, 0xf, 0xfe, 0x9f, 0xff, 0xf3,
    0x3, 0xff, 0x99, 0x7f, 0xff, 0x31, 0xf, 0xfe,
    0x97, 0xff, 0xf2, 0xd0, 0xff, 0xe6, 0x3f, 0xff,
    0xcd, 0xf, 0xfe, 0x8b, 0xff, 0xfc, 0xb0, 0xff,
    0xe7, 0x7f, 0xff, 0x34, 0x3f, 0xfa, 0x3f, 0xff,
    0xcb, 0x83, 0xff, 0x9d, 0x7f, 0xff, 0x31, 0xf,
    0xfe, 0x87, 0xff, 0xf2, 0xd0, 0xff, 0xe7, 0xff,
    0xff, 0x34, 0x3f, 0xf9, 0xef, 0xff, 0xf2, 0xc3,
    0xff, 0xa1, 0xff, 0xfc, 0xd0, 0xff, 0xe7, 0xff,
    0xff, 0x2e, 0xf, 0xfe, 0x83, 0xff, 0xfc, 0xc4,
    0x3f, 0xf9, 0xdf, 0xff, 0xcb, 0xf, 0xfe, 0x97,
    0xff, 0xf3, 0x43, 0xff, 0x9a, 0xff, 0xff, 0x2c,
    0x3f, 0xfa, 0x57, 0xff, 0xf3, 0x3, 0xff, 0x9b,
    0x7f, 0xff, 0x29, 0xf, 0xfe, 0x93, 0xff, 0xfc,
    0xc4, 0x3f, 0xf9, 0x9f, 0xff, 0xcb, 0xf, 0xfe,
    0xa7, 0xff, 0xf3, 0x43, 0xff, 0x96, 0xff, 0xff,
    0x2a, 0xf, 0xfe, 0xa3, 0xff, 0xfc, 0xc0, 0xff,
    0xe5, 0xdf, 0xff, 0xca, 0x43, 0xff, 0xab, 0xff,
    0xfc, 0xc8, 0x3f, 0xf9, 0x5f, 0xff, 0xcb, 0xf,
    0xfe, 0xb5, 0xff, 0xfc, 0xc0, 0xff, 0xe4, 0xbf,
    0xff, 0xca, 0x83, 0xff, 0xac, 0xff, 0xff, 0x30,
    0x3f, 0xf9, 0x37, 0xff, 0xf2, 0x83, 0xff, 0xb1,
    0xff, 0xfc, 0xc8, 0x3f, 0xf9, 0x1f, 0xff, 0xcb,
    0xf, 0xfe, 0xc5, 0xff, 0xfc, 0xc0, 0xff, 0xe3,
    0xbf, 0xff, 0xca, 0x43, 0xff, 0xb3, 0xff, 0xfc,
    0xc0, 0xff, 0xe3, 0xdf, 0xff, 0xca, 0xf, 0xfe,
    0xd7, 0xff, 0xf3, 0x20, 0xff, 0xe3, 0x7f, 0xff,
    0x2a, 0xf, 0xfe, 0xd3, 0xff, 0xfc, 0xc0, 0xff,
    0xe3, 0x7f, 0xff, 0x29, 0xf, 0xfe, 0xdf, 0xff,
    0xf3, 0x3, 0xff, 0x8b, 0x7f, 0xff, 0x28, 0x3f,
    0xfb, 0x97, 0xff, 0xf2, 0xe0, 0xff, 0xe2, 0x7f,
    0xff, 0x2a, 0xf, 0xfe, 0xe3, 0xff, 0xfc, 0xc0,
    0xff, 0xe2, 0x7f, 0xff, 0x29, 0xf, 0xfe, 0xef,
    0xff, 0xf3, 0x10, 0xff, 0xe1, 0x5f, 0xff, 0xca,
    0xf, 0xfe, 0xf5, 0xff, 0xfc, 0xb8, 0x3f, 0xf8,
    0x5f, 0xff, 0xca, 0x83, 0xff, 0xbf, 0xff, 0xfc,
    0xc0, 0xff, 0xe1, 0x7f, 0xff, 0x28, 0x3f, 0xfc,
    0x1f, 0xff, 0xcc, 0x43, 0xff, 0x80, 0xff, 0xff,
    0x28, 0x3f, 0xfc, 0xf, 0xff, 0xf2, 0xe0, 0xff,
    0xe0, 0x7f, 0xff, 0x29, 0xf, 0xff, 0xf, 0xff,
    0xf3, 0x3, 0xff, 0x81, 0xff, 0xfc, 0xa0, 0xff,
    0xf1, 0x5f, 0xff, 0xcb, 0x43, 0xfc, 0xff, 0xff,
    0x26, 0xf, 0xff, 0x13, 0xff, 0xfc, 0xb8, 0x3f,
    0xd7, 0xff, 0xf2, 0x50, 0xff, 0xf1, 0xff, 0xff,
    0x30, 0x3f, 0xdf, 0xff, 0xca, 0xf, 0xff, 0x25,
    0xff, 0xfc, 0xb4, 0x3f, 0x3f, 0xff, 0xc9, 0x83,
    0xff, 0xcb, 0xff, 0xfc, 0xb8, 0x3f, 0x5f, 0xff,
    0xc9, 0xf, 0xff, 0x37, 0xff, 0xf3, 0x3, 0xf7,
    0xff, 0xf2, 0x83, 0xff, 0xcc, 0xff, 0xff, 0x2d,
    0xf, 0x3f, 0xff, 0xc9, 0x43, 0xff, 0xcf, 0xff,
    0xfc, 0xb8, 0x3d, 0x7f, 0xff, 0x24, 0x3f, 0xfd,
    0x17, 0xff, 0xf2, 0xc3, 0xdf, 0xff, 0xc9, 0x83,
    0xff, 0xd3, 0xff, 0xfc, 0xb4, 0x33, 0xff, 0xfc,
    0x94, 0x3f, 0xfd, 0x3f, 0xff, 0xcb, 0x83, 0x5f,
    0xff, 0xc9, 0xf, 0xff, 0x53, 0xff, 0xfc, 0xb0,
    0xdf, 0xff, 0xc9, 0x83, 0xff, 0xd7, 0xff, 0xfc,
    0xb4, 0xf, 0xff, 0xf2, 0x43, 0xff, 0xd9, 0x7f,
    0xff, 0x2a, 0x5, 0xff, 0xfc, 0x90, 0xff, 0xf6,
    0x3f, 0xff, 0xcb, 0x7, 0xff, 0xf2, 0x50, 0xff,
    0xf6, 0xff, 0xff, 0x2d, 0x3f, 0xff, 0x92, 0x1f,
    0xfe, 0xeb, 0xff, 0xf9, 0x77, 0xff, 0xf2, 0x43,
    0xff, 0xdf, 0xff, 0xfe, 0x4, 0x3f, 0xfd, 0xff,
    0xff, 0xe0, 0xf, 0xff, 0x83, 0xff, 0xfd, 0xe8,
    0x3f, 0xfe, 0x3f, 0xff, 0xde, 0x43, 0xff, 0xe3,
    0x7f, 0xff, 0x74, 0x3f, 0xfe, 0x4f, 0xff, 0xf7,
    0x20, 0xff, 0xf9, 0xff, 0xff, 0x70, 0x3f, 0xfe,
    0x97, 0xff, 0xf6, 0xc3, 0xff, 0xeb, 0xff, 0xfd,
    0xa4, 0x3f, 0xfe, 0xbf, 0xff, 0xda, 0xf, 0xff,
    0xb3, 0xff, 0xfd, 0x88, 0x3f, 0xfe, 0xff, 0xff,
    0xd8, 0x43, 0xff, 0xef, 0x7f, 0xff, 0x5c, 0x3f,
    0xff, 0xf, 0xff, 0xf5, 0xa0, 0xff, 0xfc, 0xff,
    0xff, 0x58, 0x3f, 0xff, 0x57, 0xff, 0xf5, 0x43,
    0xff, 0xf7, 0xff, 0xfd, 0x44, 0x3f, 0xff, 0x7f,
    0xff, 0xd4, 0xf, 0xff, 0xe3, 0xff, 0xfd, 0x28,
    0x3f, 0xff, 0xbf, 0xff, 0xd2, 0x43, 0xff, 0xfb,
    0x7f, 0xff, 0x44, 0x3f, 0xff, 0xff, 0xff, 0xd0,
    0x83, 0xff, 0xff, 0xff, 0xfd, 0x0, 0xff, 0xff,
    0x8f, 0xff, 0xf3, 0xc3, 0xff, 0xfe, 0xf, 0xff,
    0xe7, 0x41, 0xff, 0xff, 0x5, 0xff, 0xfc, 0xd0,
    0xff, 0xff, 0x84, 0xff, 0xff, 0x34, 0x3f, 0xff,
    0xe1, 0xbf, 0xff, 0x98, 0x87, 0xff, 0xfc, 0x35,
    0xff, 0xfc, 0xb0, 0xff, 0xff, 0x87, 0x5f, 0xff,
    0xca, 0x83, 0xff, 0xfe, 0x1d, 0xff, 0xfc, 0xb4,
    0x3f, 0xff, 0xe1, 0x9f, 0xff, 0xe5, 0x87, 0xff,
    0xfc, 0x3a, 0xff, 0xfe, 0x54, 0x1f, 0xff, 0xf0,
    0xef, 0xff, 0xe5, 0x87, 0xff, 0xfc, 0x3a, 0xff,
    0xfe, 0x58, 0x7f, 0xff, 0xc3, 0xbf, 0xff, 0x96,
    0x87, 0xff, 0xfc, 0x33, 0xff, 0xfc, 0xb0, 0xff,
    0xff, 0x87, 0x7f, 0xff, 0x2e, 0xf, 0xff, 0xf8,
    0x67, 0xff, 0xf9, 0x68, 0x7f, 0xff, 0xc3, 0x7f,
    0xff, 0x30, 0x3f, 0xff, 0xe1, 0x9f, 0xff, 0xe5,
    0xc1, 0xff, 0xff, 0xd, 0xff, 0xfc, 0xc0, 0xff,
    0xff, 0x86, 0xbf, 0xff, 0x98, 0x1f, 0xff, 0xf0,
    0x9f, 0xff, 0xe6, 0x21, 0xff, 0xff, 0xb, 0xff,
    0xf9, 0xa1, 0xff, 0xff, 0xb, 0xff, 0xf9, 0xb0,
    0x7f, 0xff, 0xc1, 0x7f, 0xff, 0x34, 0x3f, 0xff,
    0xe0, 0xbf, 0xff, 0x9b, 0x7, 0xff, 0xfc, 0xff,
    0xfe, 0x78, 0x7f, 0xff, 0xdf, 0xff, 0xe7, 0xc1,
    0xff, 0xfd, 0x6f, 0xff, 0xe8, 0x7, 0xff, 0xb2,
    0xf5, 0x14, 0x1f, 0x9b, 0xff, 0xfa, 0x50, 0x7f,
    0xfb, 0x2f, 0xff, 0xf1, 0x7, 0xff, 0xb7, 0xff,
    0xfc, 0x48, 0x7f, 0xfb, 0x7f, 0xff, 0xc4, 0x1f,
    0xfe, 0xef, 0xff, 0xf0, 0x87, 0xff, 0xb9, 0xff,
    0xff, 0x4, 0x1f, 0xfe, 0xeb, 0xff, 0xfc, 0x1,
    0xff, 0xef, 0xbf, 0xff, 0xbe, 0x1f, 0xff, 0xf,
    0xff, 0xef, 0xa1, 0xff, 0xf0, 0xff, 0xfe, 0xf4,
    0x1f, 0xff, 0x1f, 0xff, 0xee, 0xc1, 0xff, 0xf1,
    0x7f, 0xff, 0xba, 0x1f, 0xff, 0x2b, 0xff, 0xfb,
    0x81, 0xff, 0xf3, 0xbf, 0xff, 0xb6, 0x1f, 0xff,
    0x4f, 0xff, 0xed, 0x41, 0xff, 0xf5, 0xff, 0xfe,
    0xcc, 0x1f, 0xff, 0x6f, 0xff, 0xec, 0x7, 0xff,
    0xdd, 0xff, 0xfe, 0xb4, 0x1f, 0xff, 0x8b, 0xff,
    0xfa, 0x90, 0x7f, 0xfe, 0xaf, 0xff, 0xe9, 0x21,
    0xff, 0xfe, 0x6f, 0xff, 0xe5, 0xc8, 0x7f, 0xff,
    0xc3, 0xe6, 0xaf, 0xff, 0xa8, 0x87, 0xff, 0xfc,

    /* U+007A "z" */
    0xc, 0xbf, 0xff, 0xf5, 0xfc, 0x1d, 0x7f, 0xff,
    0xff, 0xff, 0x7, 0x5f, 0xff, 0xff, 0xff, 0xc1,
    0xd7, 0xff, 0xff, 0xff, 0xf0, 0x75, 0xff, 0xff,
    0xff, 0xfc, 0x1d, 0x7f, 0xff, 0xff, 0xff, 0x7,
    0x5f, 0xff, 0xff, 0xff, 0xc1, 0xd7, 0xff, 0xff,
    0xff, 0xf0, 0x75, 0xff, 0xff, 0xff, 0xfc, 0x1d,
    0x7f, 0xff, 0xff, 0xff, 0x7, 0x5f, 0xff, 0xff,
    0xff, 0xc1, 0xd7, 0xff, 0xff, 0xff, 0xf0, 0x75,
    0xff, 0xff, 0xff, 0xfc, 0x1d, 0x7f, 0xff, 0xff,
    0xff, 0x7, 0x5f, 0xff, 0xff, 0xff, 0xc1, 0xd7,
    0xff, 0xff, 0xff, 0xf0, 0x75, 0xff, 0xff, 0xff,
    0xfc, 0x1d, 0x7f, 0xff, 0xff, 0xff, 0x7, 0x5f,
    0xff, 0xff, 0xff, 0x83, 0xd7, 0xff, 0xff, 0xff,
    0xc8, 0x7a, 0xff, 0xff, 0xff, 0xf4, 0x1f, 0xff,
    0x1f, 0xff, 0xe7, 0x41, 0xff, 0xf1, 0xff, 0xfe,
    0x78, 0x7f, 0xfc, 0x6f, 0xff, 0xe7, 0x7, 0xff,
    0xc6, 0xff, 0xfe, 0x70, 0x7f, 0xfc, 0x5f, 0xff,
    0xe7, 0x21, 0xff, 0xf1, 0xff, 0xfe, 0x74, 0x1f,
    0xff, 0x1f, 0xff, 0xe7, 0x41, 0xff, 0xf1, 0xff,
    0xfe, 0x78, 0x7f, 0xfc, 0x6f, 0xff, 0xe7, 0x7,
    0xff, 0xc6, 0xff, 0xfe, 0x72, 0x1f, 0xff, 0x7,
    0xff, 0xf9, 0xc8, 0x7f, 0xfc, 0x7f, 0xff, 0x9d,
    0x7, 0xff, 0xc7, 0xff, 0xf9, 0xd0, 0x7f, 0xfc,
    0x7f, 0xff, 0x9e, 0x1f, 0xff, 0x1b, 0xff, 0xf9,
    0xc1, 0xff, 0xf1, 0xbf, 0xff, 0x9c, 0x87, 0xff,
    0xc1, 0xff, 0xfe, 0x72, 0x1f, 0xff, 0x7, 0xff,
    0xf9, 0xd0, 0x7f, 0xfc, 0x7f, 0xff, 0x9d, 0x7,
    0xff, 0xc7, 0xff, 0xf9, 0xe1, 0xff, 0xf1, 0xbf,
    0xff, 0x9c, 0x1f, 0xff, 0x1b, 0xff, 0xf9, 0xc8,
    0x7f, 0xfc, 0x1f, 0xff, 0xe7, 0x21, 0xff, 0xf0,
    0x7f, 0xff, 0x9d, 0x7, 0xff, 0xc7, 0xff, 0xf9,
    0xd0, 0x7f, 0xfc, 0x7f, 0xff, 0x9e, 0x1f, 0xff,
    0x1f, 0xff, 0xe7, 0x87, 0xff, 0xc6, 0xff, 0xfe,
    0x72, 0x1f, 0xff, 0x7, 0xff, 0xf9, 0xc8, 0x7f,
    0xfc, 0x1f, 0xff, 0xe7, 0x41, 0xff, 0xf1, 0xff,
    0xfe, 0x74, 0x1f, 0xff, 0x1f, 0xff, 0xe7, 0x87,
    0xff, 0xc7, 0xff, 0xf9, 0xe1, 0xff, 0xf1, 0xbf,
    0xff, 0x9c, 0x87, 0xff, 0xc1, 0xff, 0xfe, 0x72,
    0x1f, 0xff, 0x7, 0xff, 0xf9, 0xd0, 0x7f, 0xfc,
    0x7f, 0xff, 0x9e, 0x1f, 0xff, 0x1f, 0xff, 0xe7,
    0x87, 0xff, 0xc7, 0xff, 0xf9, 0xe1, 0xff, 0xf1,
    0xbf, 0xff, 0x9c, 0x87, 0xff, 0xc2, 0xff, 0xfe,
    0x72, 0x1f, 0xff, 0x7, 0xff, 0xf9, 0xd0, 0x7f,
    0xfc, 0x7f, 0xff, 0x9e, 0x1f, 0xff, 0x1f, 0xff,
    0xe7, 0x87, 0xff, 0xc7, 0xff, 0xf9, 0xe1, 0xff,
    0xf1, 0xbf, 0xff, 0x9c, 0x87, 0xff, 0xc2, 0xff,
    0xfe, 0x72, 0x1f, 0xff, 0x7, 0xff, 0xf9, 0xd0,
    0x7f, 0xfc, 0x7f, 0xff, 0x9e, 0x1f, 0xff, 0x1f,
    0xff, 0xe7, 0x87, 0xff, 0xc7, 0xff, 0xf9, 0xe1,
    0xff, 0xf1, 0xbf, 0xff, 0x9c, 0x87, 0xff, 0xc2,
    0xff, 0xfe, 0x72, 0x1f, 0xff, 0x7, 0xff, 0xf9,
    0xd0, 0x7f, 0xfc, 0x7f, 0xff, 0x9e, 0x1f, 0xff,
    0x1f, 0xff, 0xe7, 0x87, 0xff, 0xc7, 0xff, 0xf9,
    0xe1, 0xff, 0xf1, 0xbf, 0xff, 0x9c, 0x87, 0xff,
    0xc2, 0xff, 0xfe, 0x72, 0x1f, 0xff, 0x7, 0xff,
    0xf9, 0xd0, 0x7f, 0xfc, 0x1f, 0xff, 0xe7, 0x87,
    0xff, 0xc7, 0xff, 0xf9, 0xe1, 0xff, 0xf1, 0xff,
    0xfe, 0x78, 0x7f, 0xfc, 0x6f, 0xff, 0xe7, 0x21,
    0xff, 0xf0, 0xbf, 0xff, 0x9e, 0xbf, 0xfe, 0xd0,
    0x9f, 0xff, 0xff, 0xff, 0xfa, 0x1f, 0xff, 0xff,
    0xff, 0xfd, 0x1f, 0xff, 0xff, 0xff, 0xfe, 0x4,
    0x7f, 0xff, 0xff, 0xff, 0xf8, 0x11, 0xff, 0xff,
    0xff, 0xff, 0xe0, 0x47, 0xff, 0xff, 0xff, 0xff,
    0x81, 0x1f, 0xff, 0xff, 0xff, 0xfe, 0x4, 0x7f,
    0xff, 0xff, 0xff, 0xf8, 0x11, 0xff, 0xff, 0xff,
    0xff, 0xe0, 0x47, 0xff, 0xff, 0xff, 0xff, 0x81,
    0x1f, 0xff, 0xff, 0xff, 0xfe, 0x4, 0x7f, 0xff,
    0xff, 0xff, 0xf8, 0x11, 0xff, 0xff, 0xff, 0xff,
    0xe0, 0x47, 0xff, 0xff, 0xff, 0xff, 0x81, 0x1f,
    0xff, 0xff, 0xff, 0xfe, 0x4, 0x7f, 0xff, 0xff,
    0xff, 0xf8, 0x11, 0xff, 0xff, 0xff, 0xff, 0xe0,
    0x47, 0xff, 0xff, 0xff, 0xff, 0x81, 0x1f, 0xff,
    0xff, 0xff, 0xfe, 0x4, 0x7f, 0xff, 0xff, 0xff,
    0xf8, 0x10,

    /* U+007B "{" */
    0xf, 0xff, 0xf8, 0x7f, 0xf3, 0x5b, 0xff, 0xf9,
    0x70, 0x7f, 0xf5, 0x9f, 0xff, 0xe7, 0xc1, 0xff,
    0xd4, 0xbf, 0xff, 0xa3, 0x7, 0xff, 0x49, 0xff,
    0xfe, 0x9c, 0x1f, 0xfd, 0x1b, 0xff, 0xfa, 0x90,
    0x7f, 0xf3, 0xdf, 0xff, 0xeb, 0x41, 0xff, 0xce,
    0x7f, 0xff, 0xaf, 0x7, 0xff, 0x35, 0xff, 0xfe,
    0xc4, 0x1f, 0xfc, 0xc7, 0xff, 0xfb, 0x30, 0x7f,
    0xf3, 0x3f, 0xff, 0xb5, 0x7, 0xff, 0x2f, 0xff,
    0xfb, 0x70, 0x7f, 0xf2, 0x9f, 0xff, 0xed, 0xc1,
    0xff, 0xca, 0xff, 0xfe, 0xe4, 0x1f, 0xfc, 0x9b,
    0xff, 0xfb, 0x90, 0x7f, 0xf2, 0x7f, 0xff, 0xbb,
    0x7, 0xff, 0x22, 0xff, 0xfe, 0xec, 0x1f, 0xfc,
    0x8f, 0xff, 0xef, 0x41, 0xff, 0xc7, 0x7f, 0xff,
    0xbd, 0x7, 0xff, 0x1f, 0xff, 0xfb, 0xf0, 0x7f,
    0xf1, 0xff, 0xff, 0xbf, 0x7, 0xff, 0x19, 0xff,
    0xfe, 0x84, 0x87, 0xff, 0x52, 0xff, 0xfe, 0x74,
    0x1f, 0xfd, 0x7b, 0xff, 0xf9, 0xa8, 0x7f, 0xf6,
    0x3f, 0xff, 0x9b, 0x7, 0xff, 0x67, 0xff, 0xf9,
    0xa1, 0xff, 0xda, 0xff, 0xfe, 0x64, 0x1f, 0xfd,
    0xaf, 0xff, 0xe6, 0x7, 0xff, 0x6f, 0xff, 0xf9,
    0x81, 0xff, 0xdb, 0xff, 0xfe, 0x5c, 0x1f, 0xfd,
    0xbf, 0xff, 0xe5, 0xc1, 0xff, 0xdb, 0xff, 0xfe,
    0x5a, 0x1f, 0xfd, 0xbf, 0xff, 0xe5, 0xa1, 0xff,
    0xdb, 0xff, 0xfe, 0x5a, 0x1f, 0xfd, 0xbf, 0xff,
    0xe5, 0x87, 0xff, 0x73, 0xff, 0xf9, 0x61, 0xff,
    0xdc, 0xff, 0xfe, 0x58, 0x7f, 0xf7, 0x3f, 0xff,
    0x96, 0x1f, 0xfd, 0xcf, 0xff, 0xe5, 0x87, 0xff,
    0x73, 0xff, 0xf9, 0x61, 0xff, 0xdc, 0xff, 0xfe,
    0x58, 0x7f, 0xf7, 0x3f, 0xff, 0x96, 0x1f, 0xfd,
    0xcf, 0xff, 0xe5, 0x87, 0xff, 0x73, 0xff, 0xf9,
    0x61, 0xff, 0xdc, 0xff, 0xfe, 0x58, 0x7f, 0xf7,
    0x3f, 0xff, 0x96, 0x1f, 0xfd, 0xcf, 0xff, 0xe5,
    0x87, 0xff, 0x73, 0xff, 0xf9, 0x61, 0xff, 0xdc,
    0xff, 0xfe, 0x58, 0x7f, 0xf7, 0x3f, 0xff, 0x96,
    0x1f, 0xfd, 0xcf, 0xff, 0xe5, 0x87, 0xff, 0x73,
    0xff, 0xf9, 0x61, 0xff, 0xdc, 0xff, 0xfe, 0x58,
    0x7f, 0xf7, 0x3f, 0xff, 0x96, 0x1f, 0xfd, 0xcf,
    0xff, 0xe5, 0x87, 0xff, 0x73, 0xff, 0xf9, 0x61,
    0xff, 0xdc, 0xff, 0xfe, 0x58, 0x7f, 0xf7, 0x3f,
    0xff, 0x96, 0x1f, 0xfd, 0xcf, 0xff, 0xe5, 0x87,
    0xff, 0x73, 0xff, 0xf9, 0x61, 0xff, 0xdc, 0xff,
    0xfe, 0x58, 0x7f, 0xf7, 0x3f, 0xff, 0x96, 0x1f,
    0xfd, 0xcf, 0xff, 0xe5, 0x87, 0xff, 0x6d, 0xff,
    0xfe, 0x58, 0x7f, 0xf6, 0xdf, 0xff, 0xe5, 0x87,
    0xff, 0x6d, 0xff, 0xfe, 0x58, 0x7f, 0xf6, 0xef,
    0xff, 0xe5, 0x87, 0xff, 0x6f, 0xff, 0xf9, 0x81,
    0xff, 0xdb, 0xff, 0xfe, 0x60, 0x7f, 0xf6, 0x9f,
    0xff, 0xe6, 0x7, 0xff, 0x6b, 0xff, 0xf9, 0xa1,
    0xff, 0xda, 0xff, 0xfe, 0x68, 0x7f, 0xf6, 0x6f,
    0xff, 0xe6, 0x41, 0xff, 0xd8, 0x7f, 0xff, 0x9a,
    0x87, 0xff, 0x63, 0xff, 0xf9, 0xc1, 0xff, 0xd8,
    0xff, 0xfe, 0x78, 0x7f, 0xf5, 0xef, 0xff, 0xe7,
    0x41, 0xff, 0xd6, 0xbf, 0xff, 0x9e, 0x1f, 0xfd,
    0x6f, 0xff, 0xe8, 0x87, 0xff, 0x51, 0xff, 0xfe,
    0x8a, 0x1f, 0xfd, 0x27, 0xff, 0xfa, 0x61, 0xff,
    0xcd, 0x5a, 0xff, 0xfe, 0xa8, 0x7f, 0xf3, 0xbf,
    0xff, 0xb1, 0x7, 0xff, 0x3b, 0xff, 0xfb, 0x1,
    0xff, 0xcf, 0xff, 0xfe, 0xb8, 0x7f, 0xf4, 0x3f,
    0xff, 0xac, 0x1f, 0xfd, 0x1f, 0xff, 0xea, 0x87,
    0xff, 0x4b, 0xff, 0xfa, 0x81, 0xff, 0xd3, 0xff,
    0xfe, 0x94, 0x1f, 0xfd, 0x4f, 0xff, 0xe8, 0xa1,
    0xff, 0xd5, 0xff, 0xfe, 0x7a, 0x1f, 0xfd, 0x7f,
    0xff, 0xe6, 0xa1, 0xff, 0xd9, 0xff, 0xfe, 0x54,
    0x1f, 0xfd, 0xcf, 0xff, 0xe5, 0xc8, 0x7f, 0xf6,
    0xbf, 0xff, 0x9d, 0x21, 0xff, 0xd7, 0xff, 0xfe,
    0x8a, 0x1f, 0xfd, 0x5f, 0xff, 0xe9, 0x41, 0xff,
    0xd4, 0xff, 0xfe, 0xa0, 0x7f, 0xf4, 0xff, 0xff,
    0xaa, 0x87, 0xff, 0x47, 0xff, 0xfa, 0xc8, 0x7f,
    0xf4, 0x3f, 0xff, 0xae, 0x1f, 0xfd, 0xf, 0xff,
    0xec, 0x7, 0xff, 0x3f, 0xff, 0xfb, 0x10, 0x7f,
    0xf3, 0xbf, 0xff, 0xb2, 0x1f, 0xfd, 0x5, 0x7f,
    0xff, 0x58, 0x3f, 0xfa, 0x6f, 0xff, 0xf4, 0xd0,
    0xff, 0xea, 0x3f, 0xff, 0xd2, 0xf, 0xfe, 0xb7,
    0xff, 0xf4, 0x43, 0xff, 0xaf, 0x7f, 0xff, 0x3e,
    0xf, 0xfe, 0xbd, 0xff, 0xfc, 0xf0, 0xff, 0xec,
    0x5f, 0xff, 0xce, 0xf, 0xfe, 0xcf, 0xff, 0xf3,
    0x90, 0xff, 0xec, 0xff, 0xff, 0x36, 0xf, 0xfe,
    0xcd, 0xff, 0xfc, 0xd0, 0xff, 0xed, 0x7f, 0xff,
    0x34, 0x3f, 0xfb, 0x57, 0xff, 0xf3, 0x3, 0xff,
    0xb4, 0xff, 0xff, 0x30, 0x3f, 0xfb, 0x7f, 0xff,
    0xcc, 0xf, 0xfe, 0xdf, 0xff, 0xf3, 0x3, 0xff,
    0xb7, 0x7f, 0xff, 0x2c, 0x3f, 0xfb, 0x6f, 0xff,
    0xf2, 0xc3, 0xff, 0xb6, 0xff, 0xff, 0x2c, 0x3f,
    0xfb, 0x6f, 0xff, 0xf2, 0xc3, 0xff, 0xb9, 0xff,
    0xfc, 0xb0, 0xff, 0xee, 0x7f, 0xff, 0x2c, 0x3f,
    0xfb, 0x9f, 0xff, 0xcb, 0xf, 0xfe, 0xe7, 0xff,
    0xf2, 0xc3, 0xff, 0xb9, 0xff, 0xfc, 0xb0, 0xff,
    0xee, 0x7f, 0xff, 0x2c, 0x3f, 0xfb, 0x9f, 0xff,
    0xcb, 0xf, 0xfe, 0xe7, 0xff, 0xf2, 0xc3, 0xff,
    0xb9, 0xff, 0xfc, 0xb0, 0xff, 0xee, 0x7f, 0xff,
    0x2c, 0x3f, 0xfb, 0x9f, 0xff, 0xcb, 0xf, 0xfe,
    0xe7, 0xff, 0xf2, 0xc3, 0xff, 0xb9, 0xff, 0xfc,
    0xb0, 0xff, 0xee, 0x7f, 0xff, 0x2c, 0x3f, 0xfb,
    0x9f, 0xff, 0xcb, 0xf, 0xfe, 0xe7, 0xff, 0xf2,
    0xc3, 0xff, 0xb9, 0xff, 0xfc, 0xb0, 0xff, 0xee,
    0x7f, 0xff, 0x2c, 0x3f, 0xfb, 0x9f, 0xff, 0xcb,
    0xf, 0xfe, 0xe7, 0xff, 0xf2, 0xc3, 0xff, 0xb9,
    0xff, 0xfc, 0xb0, 0xff, 0xee, 0x7f, 0xff, 0x2c,
    0x3f, 0xfb, 0x9f, 0xff, 0xcb, 0xf, 0xfe, 0xe7,
    0xff, 0xf2, 0xc3, 0xff, 0xb9, 0xff, 0xfc, 0xb0,
    0xff, 0xee, 0x7f, 0xff, 0x2c, 0x3f, 0xfb, 0x9f,
    0xff, 0xcb, 0xf, 0xfe, 0xe7, 0xff, 0xf2, 0xc3,
    0xff, 0xb9, 0xff, 0xfc, 0xb0, 0xff, 0xee, 0x7f,
    0xff, 0x2d, 0xf, 0xfe, 0xdf, 0xff, 0xf2, 0xd0,
    0xff, 0xed, 0xff, 0xff, 0x2d, 0xf, 0xfe, 0xdf,
    0xff, 0xf2, 0xe0, 0xff, 0xed, 0xff, 0xff, 0x2e,
    0xf, 0xfe, 0xdf, 0xff, 0xf3, 0x3, 0xff, 0xb7,
    0xff, 0xfc, 0xc0, 0xff, 0xed, 0xff, 0xff, 0x32,
    0xf, 0xfe, 0xd7, 0xff, 0xf3, 0x43, 0xff, 0xb5,
    0xff, 0xfc, 0xd8, 0x3f, 0xfb, 0x3f, 0xff, 0xce,
    0x83, 0xff, 0xb1, 0x7f, 0xff, 0x3c, 0x3f, 0xfa,
    0xef, 0xff, 0xf4, 0x65, 0xff, 0xe0, 0x87, 0xff,
    0x23, 0xff, 0xfb, 0xf0, 0x7f, 0xf1, 0xff, 0xff,
    0xbf, 0x7, 0xff, 0x1e, 0xff, 0xfe, 0xf4, 0x1f,
    0xfc, 0x8f, 0xff, 0xef, 0x41, 0xff, 0xc8, 0xbf,
    0xff, 0xbb, 0x7, 0xff, 0x21, 0xff, 0xfe, 0xec,
    0x1f, 0xfc, 0x9f, 0xff, 0xee, 0xc1, 0xff, 0xca,
    0xff, 0xfe, 0xe4, 0x1f, 0xfc, 0xab, 0xff, 0xfb,
    0x70, 0x7f, 0xf2, 0xff, 0xff, 0xb7, 0x7, 0xff,
    0x33, 0xff, 0xfb, 0x50, 0x7f, 0xf3, 0x1f, 0xff,
    0xec, 0xc1, 0xff, 0xcd, 0x7f, 0xff, 0xb1, 0x7,
    0xff, 0x39, 0xff, 0xfe, 0xbc, 0x1f, 0xfc, 0xf7,
    0xff, 0xfa, 0xd0, 0x7f, 0xf4, 0x6f, 0xff, 0xea,
    0x41, 0xff, 0xd2, 0x7f, 0xff, 0xa7, 0x7, 0xff,
    0x51, 0xff, 0xfe, 0x8c, 0x1f, 0xfd, 0x66, 0xff,
    0xfe, 0x74, 0x1f, 0xfd, 0x95, 0x5f, 0xff, 0xca,
    0x80,

    /* U+007C "|" */
    0xf, 0xfe, 0x67, 0xff, 0xf2, 0x8f, 0xff, 0xe5,
    0x1f, 0xff, 0xca, 0x3f, 0xff, 0x94, 0x7f, 0xff,
    0x28, 0xff, 0xfe, 0x51, 0xff, 0xfc, 0xa3, 0xff,
    0xf9, 0x47, 0xff, 0xf2, 0x8f, 0xff, 0xe5, 0x1f,
    0xff, 0xca, 0x3f, 0xff, 0x94, 0x7f, 0xff, 0x28,
    0xff, 0xfe, 0x51, 0xff, 0xfc, 0xa3, 0xff, 0xf9,
    0x47, 0xff, 0xf2, 0x8f, 0xff, 0xe5, 0x1f, 0xff,
    0xca, 0x3f, 0xff, 0x94, 0x7f, 0xff, 0x28, 0xff,
    0xfe, 0x51, 0xff, 0xfc, 0xa3, 0xff, 0xf9, 0x47,
    0xff, 0xf2, 0x8f, 0xff, 0xe5, 0x1f, 0xff, 0xca,
    0x3f, 0xff, 0x94, 0x7f, 0xff, 0x28, 0xff, 0xfe,
    0x51, 0xff, 0xfc, 0xa3, 0xff, 0xf9, 0x47, 0xff,
    0xf2, 0x8f, 0xff, 0xe5, 0x1f, 0xff, 0xca, 0x3f,
    0xff, 0x94, 0x7f, 0xff, 0x28, 0xff, 0xfe, 0x51,
    0xff, 0xfc, 0xa3, 0xff, 0xf9, 0x47, 0xff, 0xf2,
    0x8f, 0xff, 0xe5, 0x1f, 0xff, 0xca, 0x3f, 0xff,
    0x94, 0x7f, 0xff, 0x28, 0xff, 0xfe, 0x51, 0xff,
    0xfc, 0xa3, 0xff, 0xf9, 0x47, 0xff, 0xf2, 0x8f,
    0xff, 0xe5, 0x1f, 0xff, 0xca, 0x3f, 0xff, 0x94,
    0x7f, 0xff, 0x28, 0xff, 0xfe, 0x51, 0xff, 0xfc,
    0xa3, 0xff, 0xf9, 0x47, 0xff, 0xf2, 0x8f, 0xff,
    0xe5, 0x1f, 0xff, 0xca, 0x3f, 0xff, 0x94, 0x7f,
    0xff, 0x28, 0xff, 0xfe, 0x51, 0xff, 0xfc, 0xa3,
    0xff, 0xf9, 0x47, 0xff, 0xf2, 0x8f, 0xff, 0xe5,
    0x1f, 0xff, 0xca, 0x3f, 0xff, 0x94, 0x7f, 0xff,
    0x28, 0xff, 0xfe, 0x51, 0xff, 0xfc, 0xa3, 0xff,
    0xf9, 0x47, 0xff, 0xf2, 0x8f, 0xff, 0xe5, 0x1f,
    0xff, 0xca, 0x3f, 0xff, 0x94, 0x7f, 0xff, 0x28,
    0xff, 0xfe, 0x51, 0xff, 0xfc, 0xa3, 0xff, 0xf9,
    0x47, 0xff, 0xf2, 0x8f, 0xff, 0xe5, 0x1f, 0xff,
    0xca, 0x3f, 0xff, 0x94, 0x7f, 0xff, 0x28, 0xff,
    0xfe, 0x51, 0xff, 0xfc, 0xa3, 0xff, 0xf9, 0x47,
    0xff, 0xf2, 0x8f, 0xff, 0xe5, 0x1f, 0xff, 0xca,
    0x3f, 0xff, 0x94, 0x7f, 0xff, 0x28, 0xff, 0xfe,
    0x51, 0xff, 0xfc, 0xa3, 0xff, 0xf9, 0x47, 0xff,
    0xf2, 0x8f, 0xff, 0xe5, 0x1f, 0xff, 0xca, 0x3f,
    0xff, 0x94, 0x7f, 0xff, 0x28, 0xff, 0xfe, 0x51,
    0xff, 0xfc, 0xa3, 0xff, 0xf9, 0x47, 0xff, 0xf2,
    0x8f, 0xff, 0xe5, 0x1f, 0xff, 0xca, 0x3f, 0xff,
    0x94, 0x7f, 0xff, 0x28, 0xff, 0xfe, 0x51, 0xff,
    0xfc, 0xa3, 0xff, 0xf9, 0x47, 0xff, 0xf2, 0x8f,
    0xff, 0xe5, 0x1f, 0xff, 0xca, 0x3f, 0xff, 0x94,
    0x7f, 0xff, 0x28, 0xff, 0xfe, 0x51, 0xff, 0xfc,
    0xa3, 0xff, 0xf9, 0x47, 0xff, 0xf2, 0x8f, 0xff,
    0xe5, 0x1f, 0xff, 0xca, 0x3f, 0xff, 0x94, 0x7f,
    0xff, 0x28, 0xff, 0xfe, 0x51, 0xff, 0xfc, 0xa3,
    0xff, 0xf9, 0x47, 0xff, 0xf2, 0x8f, 0xff, 0xe5,
    0x1f, 0xff, 0xca, 0x3f, 0xff, 0x94, 0x7f, 0xff,
    0x28, 0xff, 0xfe, 0x51, 0xff, 0xfc, 0xa3, 0xff,
    0xf9, 0x47, 0xff, 0xf2, 0x8f, 0xff, 0xe5, 0x1f,
    0xff, 0xca, 0x3f, 0xff, 0x94, 0x7f, 0xff, 0x28,
    0xff, 0xfe, 0x51, 0xff, 0xfc, 0xa3, 0xff, 0xf9,
    0x47, 0xff, 0xf2, 0x8f, 0xff, 0xe5, 0x1f, 0xff,
    0xca, 0x3f, 0xff, 0x94, 0x7f, 0xff, 0x28, 0xff,
    0xfe, 0x51, 0xff, 0xfc, 0xa3, 0xff, 0xf9, 0x47,
    0xff, 0xf2, 0x8f, 0xff, 0xe5, 0x1f, 0xff, 0xca,
    0x3f, 0xff, 0x94, 0x7f, 0xff, 0x28, 0xff, 0xfe,
    0x51, 0xff, 0xfc, 0xa3, 0xff, 0xf9, 0x47, 0xff,
    0xf2, 0x8f, 0xff, 0xe5, 0x1f, 0xff, 0xca, 0x3f,
    0xff, 0x94, 0x7f, 0xff, 0x28, 0xff, 0xfe, 0x51,
    0xff, 0xfc, 0xa3, 0xff, 0xf9, 0x40,

    /* U+007D "}" */
    0xf, 0xff, 0xa3, 0xff, 0xfc, 0xb9, 0xf, 0xfe,
    0xd3, 0xff, 0xfc, 0xf4, 0x3f, 0xfa, 0xef, 0xff,
    0xf4, 0x60, 0xff, 0xea, 0xbf, 0xff, 0xd3, 0x83,
    0xff, 0xa6, 0xff, 0xff, 0x54, 0x3f, 0xfa, 0x4f,
    0xff, 0xf5, 0x90, 0xff, 0xe8, 0x3f, 0xff, 0xd7,
    0x43, 0xff, 0x9e, 0xff, 0xff, 0x62, 0xf, 0xfe,
    0x73, 0xff, 0xfd, 0x94, 0x3f, 0xf9, 0xaf, 0xff,
    0xf6, 0x90, 0xff, 0xe6, 0x3f, 0xff, 0xdb, 0xf,
    0xfe, 0x63, 0xff, 0xfd, 0xb8, 0x3f, 0xf9, 0x6f,
    0xff, 0xf7, 0x10, 0xff, 0xe5, 0x3f, 0xff, 0xdd,
    0xf, 0xfe, 0x53, 0xff, 0xfd, 0xd4, 0x3f, 0xf9,
    0x2f, 0xff, 0xf7, 0x83, 0xff, 0x92, 0xff, 0xff,
    0x79, 0xf, 0xfe, 0x43, 0xff, 0xfd, 0xe8, 0x3f,
    0xf9, 0xf, 0xff, 0xf7, 0xc3, 0xff, 0x90, 0xff,
    0xff, 0x7d, 0xf, 0xfe, 0xb3, 0xff, 0xfd, 0x8,
    0x3f, 0xfb, 0xf, 0xff, 0xf3, 0xc3, 0xff, 0xb5,
    0xff, 0xfc, 0xe0, 0xff, 0xed, 0x3f, 0xff, 0xcd,
    0xf, 0xfe, 0xdd, 0xff, 0xfc, 0xc0, 0xff, 0xed,
    0xbf, 0xff, 0xcc, 0x43, 0xff, 0xb7, 0xff, 0xfc,
    0xc4, 0x3f, 0xfb, 0x77, 0xff, 0xf2, 0xd0, 0xff,
    0xed, 0xbf, 0xff, 0xcb, 0x43, 0xff, 0xb6, 0xff,
    0xff, 0x2d, 0xf, 0xfe, 0xe7, 0xff, 0xf2, 0xd0,
    0xff, 0xee, 0x7f, 0xff, 0x2d, 0xf, 0xfe, 0xe7,
    0xff, 0xf2, 0xd0, 0xff, 0xee, 0x7f, 0xff, 0x2d,
    0xf, 0xfe, 0xe7, 0xff, 0xf2, 0xd0, 0xff, 0xee,
    0x7f, 0xff, 0x2d, 0xf, 0xfe, 0xe7, 0xff, 0xf2,
    0xd0, 0xff, 0xee, 0x7f, 0xff, 0x2d, 0xf, 0xfe,
    0xe7, 0xff, 0xf2, 0xd0, 0xff, 0xee, 0x7f, 0xff,
    0x2d, 0xf, 0xfe, 0xe7, 0xff, 0xf2, 0xd0, 0xff,
    0xee, 0x7f, 0xff, 0x2d, 0xf, 0xfe, 0xe7, 0xff,
    0xf2, 0xd0, 0xff, 0xee, 0x7f, 0xff, 0x2d, 0xf,
    0xfe, 0xe7, 0xff, 0xf2, 0xd0, 0xff, 0xee, 0x7f,
    0xff, 0x2d, 0xf, 0xfe, 0xe7, 0xff, 0xf2, 0xd0,
    0xff, 0xee, 0x7f, 0xff, 0x2d, 0xf, 0xfe, 0xe7,
    0xff, 0xf2, 0xd0, 0xff, 0xee, 0x7f, 0xff, 0x2d,
    0xf, 0xfe, 0xe7, 0xff, 0xf2, 0xd0, 0xff, 0xee,
    0x7f, 0xff, 0x2d, 0xf, 0xfe, 0xe7, 0xff, 0xf2,
    0xd0, 0xff, 0xee, 0x7f, 0xff, 0x2d, 0xf, 0xfe,
    0xe7, 0xff, 0xf2, 0xd0, 0xff, 0xee, 0x7f, 0xff,
    0x2d, 0xf, 0xfe, 0xe7, 0xff, 0xf2, 0xd0, 0xff,
    0xee, 0x7f, 0xff, 0x2d, 0xf, 0xfe, 0xe7, 0xff,
    0xf2, 0xd0, 0xff, 0xee, 0x7f, 0xff, 0x2d, 0xf,
    0xfe, 0xe7, 0xff, 0xf2, 0xd0, 0xff, 0xee, 0x7f,
    0xff, 0x2d, 0xf, 0xfe, 0xe7, 0xff, 0xf2, 0xd0,
    0xff, 0xee, 0x7f, 0xff, 0x2e, 0xf, 0xfe, 0xe7,
    0xff, 0xf2, 0xe0, 0xff, 0xee, 0x7f, 0xff, 0x30,
    0x3f, 0xfb, 0x9f, 0xff, 0xcc, 0xf, 0xfe, 0xe7,
    0xff, 0xf3, 0x10, 0xff, 0xed, 0xff, 0xff, 0x32,
    0xf, 0xfe, 0xdd, 0xff, 0xfc, 0xc0, 0xff, 0xed,
    0xdf, 0xff, 0xcc, 0x43, 0xff, 0xb4, 0xff, 0xff,
    0x34, 0x3f, 0xfb, 0x7f, 0xff, 0xcd, 0x83, 0xff,
    0xb5, 0xff, 0xfc, 0xe0, 0xff, 0xed, 0x5f, 0xff,
    0xce, 0xf, 0xfe, 0xcb, 0xff, 0xfc, 0xf0, 0xff,
    0xec, 0xff, 0xff, 0x40, 0x3f, 0xfb, 0x17, 0xff,
    0xf4, 0x3, 0xff, 0xb1, 0xff, 0xfd, 0x18, 0x3f,
    0xfa, 0xd7, 0xff, 0xf4, 0xa0, 0xff, 0xea, 0xff,
    0xff, 0x56, 0x58, 0x3f, 0xf9, 0xef, 0xff, 0xf6,
    0x3, 0xff, 0xa1, 0x7f, 0xff, 0x5c, 0x3f, 0xfa,
    0x37, 0xff, 0xf5, 0x83, 0xff, 0xa5, 0xff, 0xfd,
    0x60, 0xff, 0xe9, 0xdf, 0xff, 0xd4, 0xf, 0xfe,
    0xa5, 0xff, 0xfd, 0x30, 0xff, 0xea, 0xbf, 0xff,
    0xd2, 0xf, 0xfe, 0xbd, 0xff, 0xfd, 0x0, 0xff,
    0xec, 0x3f, 0xff, 0xcf, 0xf, 0xfe, 0xd3, 0x7f,
    0xff, 0x30, 0x3f, 0xfb, 0xaf, 0xff, 0xf2, 0x83,
    0xff, 0xb6, 0xd3, 0xff, 0xf9, 0x41, 0xff, 0xd9,
    0xbf, 0xff, 0x9c, 0x1f, 0xfd, 0x7b, 0xff, 0xfa,
    0x1, 0xff, 0xd5, 0x7f, 0xff, 0xa4, 0x1f, 0xfd,
    0x4f, 0xff, 0xea, 0x7, 0xff, 0x4f, 0xff, 0xfa,
    0xa1, 0xff, 0xd2, 0xff, 0xfe, 0xb0, 0x7f, 0xf4,
    0x7f, 0xff, 0xae, 0x1f, 0xfd, 0xb, 0xff, 0xfa,
    0xe1, 0xff, 0xcf, 0x7f, 0xff, 0xb0, 0x1f, 0xfc,
    0xff, 0xff, 0xec, 0x87, 0xff, 0x3a, 0xff, 0xfe,
    0xac, 0x87, 0xff, 0x43, 0xff, 0xfa, 0x70, 0x7f,
    0xf4, 0xef, 0xff, 0xe8, 0xc1, 0xff, 0xd5, 0xff,
    0xfe, 0x88, 0x7f, 0xf5, 0x9f, 0xff, 0xe8, 0x7,
    0xff, 0x5e, 0xff, 0xfe, 0x78, 0x7f, 0xf6, 0x3f,
    0xff, 0x9e, 0x1f, 0xfd, 0x9f, 0xff, 0xe7, 0x7,
    0xff, 0x65, 0xff, 0xfe, 0x6a, 0x1f, 0xfd, 0x9b,
    0xff, 0xf9, 0xa1, 0xff, 0xda, 0xbf, 0xff, 0x98,
    0x87, 0xff, 0x6b, 0xff, 0xf9, 0xa1, 0xff, 0xdb,
    0xff, 0xfe, 0x64, 0x1f, 0xfd, 0xbf, 0xff, 0xe6,
    0x7, 0xff, 0x73, 0xff, 0xf9, 0x81, 0xff, 0xdc,
    0xff, 0xfe, 0x60, 0x7f, 0xf7, 0x3f, 0xff, 0x97,
    0x7, 0xff, 0x73, 0xff, 0xf9, 0x70, 0x7f, 0xf7,
    0x3f, 0xff, 0x96, 0x87, 0xff, 0x73, 0xff, 0xf9,
    0x68, 0x7f, 0xf7, 0x3f, 0xff, 0x96, 0x87, 0xff,
    0x73, 0xff, 0xf9, 0x68, 0x7f, 0xf7, 0x3f, 0xff,
    0x96, 0x87, 0xff, 0x73, 0xff, 0xf9, 0x68, 0x7f,
    0xf7, 0x3f, 0xff, 0x96, 0x87, 0xff, 0x73, 0xff,
    0xf9, 0x68, 0x7f, 0xf7, 0x3f, 0xff, 0x96, 0x87,
    0xff, 0x73, 0xff, 0xf9, 0x68, 0x7f, 0xf7, 0x3f,
    0xff, 0x96, 0x87, 0xff, 0x73, 0xff, 0xf9, 0x68,
    0x7f, 0xf7, 0x3f, 0xff, 0x96, 0x87, 0xff, 0x73,
    0xff, 0xf9, 0x68, 0x7f, 0xf7, 0x3f, 0xff, 0x96,
    0x87, 0xff, 0x73, 0xff, 0xf9, 0x68, 0x7f, 0xf7,
    0x3f, 0xff, 0x96, 0x87, 0xff, 0x73, 0xff, 0xf9,
    0x68, 0x7f, 0xf7, 0x3f, 0xff, 0x96, 0x87, 0xff,
    0x73, 0xff, 0xf9, 0x68, 0x7f, 0xf7, 0x3f, 0xff,
    0x96, 0x87, 0xff, 0x73, 0xff, 0xf9, 0x68, 0x7f,
    0xf7, 0x3f, 0xff, 0x96, 0x87, 0xff, 0x73, 0xff,
    0xf9, 0x68, 0x7f, 0xf7, 0x3f, 0xff, 0x96, 0x87,
    0xff, 0x73, 0xff, 0xf9, 0x68, 0x7f, 0xf7, 0x3f,
    0xff, 0x96, 0x87, 0xff, 0x73, 0xff, 0xf9, 0x68,
    0x7f, 0xf7, 0x3f, 0xff, 0x96, 0x87, 0xff, 0x73,
    0xff, 0xf9, 0x68, 0x7f, 0xf7, 0x3f, 0xff, 0x96,
    0x87, 0xff, 0x73, 0xff, 0xf9, 0x68, 0x7f, 0xf7,
    0x3f, 0xff, 0x96, 0x87, 0xff, 0x6d, 0xff, 0xfe,
    0x5a, 0x1f, 0xfd, 0xb7, 0xff, 0xf9, 0x68, 0x7f,
    0xf6, 0xef, 0xff, 0xe5, 0xa1, 0xff, 0xdb, 0xff,
    0xfe, 0x62, 0x1f, 0xfd, 0xa7, 0xff, 0xf9, 0x88,
    0x7f, 0xf6, 0xbf, 0xff, 0x9a, 0x1f, 0xfd, 0xa7,
    0xff, 0xf9, 0xa1, 0xff, 0xd9, 0x7f, 0xff, 0x9c,
    0x1f, 0xfd, 0x8b, 0xff, 0xf9, 0xe1, 0xff, 0xc8,
    0x5f, 0xfe, 0xd, 0xff, 0xfd, 0x18, 0x3f, 0xf8,
    0xef, 0xff, 0xf7, 0xd0, 0xff, 0xe3, 0xbf, 0xff,
    0xdf, 0xf, 0xfe, 0x43, 0xff, 0xfd, 0xe8, 0x3f,
    0xf9, 0xf, 0xff, 0xf7, 0x90, 0xff, 0xe4, 0x3f,
    0xff, 0xde, 0xf, 0xfe, 0x4b, 0xff, 0xfd, 0xd4,
    0x3f, 0xf9, 0x2f, 0xff, 0xf7, 0x43, 0xff, 0x94,
    0xff, 0xff, 0x71, 0xf, 0xfe, 0x53, 0xff, 0xfd,
    0xc0, 0xff, 0xe5, 0xbf, 0xff, 0xdb, 0xf, 0xfe,
    0x63, 0xff, 0xfd, 0xa4, 0x3f, 0xf9, 0x8f, 0xff,
    0xf6, 0x60, 0xff, 0xe6, 0xbf, 0xff, 0xd8, 0x83,
    0xff, 0x9c, 0xff, 0xff, 0x5e, 0xf, 0xfe, 0x7b,
    0xff, 0xfd, 0x64, 0x3f, 0xfa, 0xf, 0xff, 0xf5,
    0x43, 0xff, 0xa4, 0xff, 0xff, 0x4e, 0xf, 0xfe,
    0x9b, 0xff, 0xfd, 0x18, 0x3f, 0xfa, 0xaf, 0xff,
    0xf3, 0xd0, 0xff, 0xeb, 0xbf, 0xff, 0xcb, 0x90,
    0xff, 0xed, 0x0,

    /* U+007E "~" */
    0xf, 0xfe, 0x8a, 0xa9, 0xf5, 0x48, 0x7f, 0xff,
    0xc3, 0xff, 0x91, 0x7f, 0xff, 0xe, 0x43, 0xff,
    0xcd, 0x7, 0xff, 0x65, 0xff, 0xfe, 0x4c, 0x1f,
    0xfe, 0x3f, 0x90, 0xff, 0xea, 0xbf, 0xff, 0xcd,
    0x90, 0xff, 0xef, 0xdf, 0xa0, 0xff, 0xe9, 0xdf,
    0xff, 0xd1, 0x43, 0xff, 0xb8, 0xff, 0xc1, 0xff,
    0xd0, 0x7f, 0xff, 0xaa, 0x87, 0xff, 0x65, 0xff,
    0xe4, 0x3f, 0xf9, 0xaf, 0xff, 0xf6, 0x10, 0xff,
    0xeb, 0xff, 0xfd, 0x7, 0xff, 0x2e, 0xff, 0xfe,
    0xda, 0x1f, 0xfd, 0x4f, 0xff, 0xe1, 0x7, 0xff,
    0x27, 0xff, 0xfb, 0xe8, 0x7f, 0xf4, 0x7f, 0xff,
    0x88, 0x87, 0xff, 0x1b, 0xff, 0xfc, 0x48, 0x7f,
    0xf3, 0xbf, 0xff, 0x8d, 0x7, 0xff, 0x13, 0xff,
    0xfc, 0xa8, 0x7f, 0xf2, 0xff, 0xff, 0x91, 0x7,
    0xff, 0xb, 0xff, 0xfd, 0x8, 0x7f, 0xf1, 0xdf,
    0xff, 0xe5, 0x87, 0xff, 0x3, 0xff, 0xfd, 0x68,
    0x7f, 0xf1, 0x2f, 0xff, 0xe5, 0xa1, 0xff, 0x7f,
    0xff, 0xb9, 0xf, 0xfe, 0x3, 0xff, 0xfc, 0xc8,
    0x3f, 0xef, 0xff, 0xf8, 0xc8, 0x7c, 0xff, 0xff,
    0x38, 0x3f, 0xeb, 0xff, 0xff, 0xff, 0xff, 0xc9,
    0xf, 0xfa, 0xff, 0xff, 0xff, 0xff, 0xf2, 0x50,
    0xff, 0x3f, 0xff, 0xff, 0xff, 0xfe, 0x4c, 0x1f,
    0xe7, 0xff, 0xff, 0xff, 0xff, 0xc9, 0x83, 0xfe,
    0xff, 0xff, 0xff, 0xff, 0xf2, 0x83, 0xfe, 0xff,
    0xff, 0xff, 0xff, 0xf2, 0x83, 0xfe, 0xbf, 0xff,
    0x9b, 0x21, 0xcd, 0xff, 0xff, 0x20, 0xff, 0xaf,
    0xff, 0xe6, 0x21, 0xff, 0x37, 0xff, 0xfb, 0x83,
    0xfe, 0x7f, 0xff, 0x97, 0x7, 0xff, 0x12, 0xff,
    0xff, 0x5a, 0x1f, 0xf7, 0xff, 0xf2, 0xd0, 0xff,
    0xe3, 0xbf, 0xff, 0xe8, 0x43, 0xff, 0x83, 0xff,
    0xfc, 0x94, 0x3f, 0xf9, 0x4f, 0xff, 0xf9, 0x50,
    0xff, 0xe1, 0xdf, 0xff, 0xc6, 0xf, 0xfe, 0x75,
    0xff, 0xfe, 0x24, 0x3f, 0xf8, 0xaf, 0xff, 0xf1,
    0x3, 0xff, 0xa3, 0x7f, 0xff, 0x7c, 0x3f, 0xf9,
    0xf, 0xff, 0xf0, 0x90, 0xff, 0xe9, 0xdf, 0xff,
    0xdc, 0xf, 0xfe, 0x5f, 0xff, 0xf0, 0x10, 0xff,
    0xeb, 0x5f, 0xff, 0xd8, 0x83, 0xff, 0x9b, 0x7f,
    0xf2, 0x1f, 0xfd, 0x9b, 0xff, 0xfa, 0xa8, 0x7f,
    0xf3, 0xdf, 0xfa, 0xf, 0xfe, 0xe5, 0xff, 0xfd,
    0x20, 0xff, 0xe9, 0xff, 0x41, 0xff, 0xdf, 0xbf,
    0xff, 0x9c, 0x87, 0xff, 0x56, 0xf8, 0x3f, 0xfc,
    0x4f, 0xff, 0xf2, 0x90, 0xff, 0xec, 0x38, 0x7f,
    0xf9, 0x5b, 0xff, 0xf8, 0x92, 0x1f, 0xff, 0xf0,
    0xff, 0xe3, 0x34, 0xff, 0xa8, 0x87, 0xff, 0x40
};


/*---------------------
 *  GLYPH DESCRIPTION
 *--------------------*/

static const lv_font_fmt_txt_glyph_dsc_t glyph_dsc[] = {
    {.bitmap_index = 0, .adv_w = 0, .box_w = 0, .box_h = 0, .ofs_x = 0, .ofs_y = 0} /* id = 0 reserved */,
    {.bitmap_index = 0, .adv_w = 765, .box_w = 0, .box_h = 0, .ofs_x = 0, .ofs_y = 0},
    {.bitmap_index = 0, .adv_w = 998, .box_w = 32, .box_h = 148, .ofs_x = 15, .ofs_y = 1},
    {.bitmap_index = 588, .adv_w = 1194, .box_w = 59, .box_h = 54, .ofs_x = 8, .ofs_y = 96},
    {.bitmap_index = 1041, .adv_w = 2038, .box_w = 119, .box_h = 147, .ofs_x = 4, .ofs_y = 2},
    {.bitmap_index = 2495, .adv_w = 1846, .box_w = 108, .box_h = 181, .ofs_x = 4, .ofs_y = -15},
    {.bitmap_index = 4101, .adv_w = 2854, .box_w = 162, .box_h = 149, .ofs_x = 8, .ofs_y = 1},
    {.bitmap_index = 6108, .adv_w = 2240, .box_w = 137, .box_h = 154, .ofs_x = 3, .ofs_y = -1},
    {.bitmap_index = 7689, .adv_w = 586, .box_w = 21, .box_h = 54, .ofs_x = 8, .ofs_y = 96},
    {.bitmap_index = 7845, .adv_w = 1027, .box_w = 50, .box_h = 185, .ofs_x = 12, .ofs_y = -18},
    {.bitmap_index = 8849, .adv_w = 1027, .box_w = 50, .box_h = 185, .ofs_x = 2, .ofs_y = -18},
    {.bitmap_index = 9850, .adv_w = 1536, .box_w = 86, .box_h = 81, .ofs_x = 5, .ofs_y = 68},
    {.bitmap_index = 10469, .adv_w = 1904, .box_w = 107, .box_h = 108, .ofs_x = 6, .ofs_y = 13},
    {.bitmap_index = 11165, .adv_w = 832, .box_w = 32, .box_h = 59, .ofs_x = 10, .ofs_y = -26},
    {.bitmap_index = 11436, .adv_w = 1574, .box_w = 76, .box_h = 21, .ofs_x = 11, .ofs_y = 57},
    {.bitmap_index = 11497, .adv_w = 918, .box_w = 33, .box_h = 32, .ofs_x = 12, .ofs_y = 1},
    {.bitmap_index = 11632, .adv_w = 1357, .box_w = 79, .box_h = 147, .ofs_x = 3, .ofs_y = 2},
    {.bitmap_index = 12444, .adv_w = 1898, .box_w = 98, .box_h = 153, .ofs_x = 10, .ofs_y = 0},
    {.bitmap_index = 13670, .adv_w = 1898, .box_w = 54, .box_h = 147, .ofs_x = 24, .ofs_y = 2},
    {.bitmap_index = 14467, .adv_w = 1898, .box_w = 96, .box_h = 150, .ofs_x = 11, .ofs_y = 2},
    {.bitmap_index = 15397, .adv_w = 1898, .box_w = 99, .box_h = 153, .ofs_x = 9, .ofs_y = 0},
    {.bitmap_index = 16439, .adv_w = 1898, .box_w = 100, .box_h = 147, .ofs_x = 9, .ofs_y = 2},
    {.bitmap_index = 17553, .adv_w = 1898, .box_w = 99, .box_h = 150, .ofs_x = 9, .ofs_y = 0},
    {.bitmap_index = 18564, .adv_w = 1898, .box_w = 101, .box_h = 150, .ofs_x = 9, .ofs_y = 0},
    {.bitmap_index = 19637, .adv_w = 1898, .box_w = 94, .box_h = 147, .ofs_x = 13, .ofs_y = 3},
    {.bitmap_index = 20448, .adv_w = 1898, .box_w = 102, .box_h = 153, .ofs_x = 8, .ofs_y = 0},
    {.bitmap_index = 21712, .adv_w = 1898, .box_w = 101, .box_h = 150, .ofs_x = 9, .ofs_y = 2},
    {.bitmap_index = 22785, .adv_w = 998, .box_w = 32, .box_h = 106, .ofs_x = 15, .ofs_y = 1},
    {.bitmap_index = 23084, .adv_w = 989, .box_w = 32, .box_h = 134, .ofs_x = 15, .ofs_y = -26},
    {.bitmap_index = 23529, .adv_w = 2077, .box_w = 108, .box_h = 120, .ofs_x = 8, .ofs_y = 8},
    {.bitmap_index = 24268, .adv_w = 1894, .box_w = 108, .box_h = 58, .ofs_x = 5, .ofs_y = 39},
    {.bitmap_index = 24571, .adv_w = 2077, .box_w = 108, .box_h = 120, .ofs_x = 14, .ofs_y = 8},
    {.bitmap_index = 25313, .adv_w = 1680, .box_w = 92, .box_h = 151, .ofs_x = 5, .ofs_y = 1},
    {.bitmap_index = 26200, .adv_w = 2576, .box_w = 152, .box_h = 154, .ofs_x = 5, .ofs_y = -1},
    {.bitmap_index = 28435, .adv_w = 2272, .box_w = 142, .box_h = 147, .ofs_x = 0, .ofs_y = 2},
    {.bitmap_index = 29942, .adv_w = 2115, .box_w = 112, .box_h = 147, .ofs_x = 14, .ofs_y = 2},
    {.bitmap_index = 31223, .adv_w = 2246, .box_w = 131, .box_h = 153, .ofs_x = 6, .ofs_y = 0},
    {.bitmap_index = 32534, .adv_w = 2371, .box_w = 128, .box_h = 147, .ofs_x = 14, .ofs_y = 2},
    {.bitmap_index = 33846, .adv_w = 1981, .box_w = 104, .box_h = 147, .ofs_x = 14, .ofs_y = 2},
    {.bitmap_index = 34763, .adv_w = 1830, .box_w = 98, .box_h = 147, .ofs_x = 14, .ofs_y = 2},
    {.bitmap_index = 35579, .adv_w = 2310, .box_w = 131, .box_h = 153, .ofs_x = 6, .ofs_y = 0},
    {.bitmap_index = 36909, .adv_w = 2282, .box_w = 120, .box_h = 147, .ofs_x = 11, .ofs_y = 2},
    {.bitmap_index = 38078, .adv_w = 784, .box_w = 27, .box_h = 147, .ofs_x = 11, .ofs_y = 2},
    {.bitmap_index = 38556, .adv_w = 1622, .box_w = 87, .box_h = 150, .ofs_x = 2, .ofs_y = 0},
    {.bitmap_index = 39450, .adv_w = 2109, .box_w = 120, .box_h = 147, .ofs_x = 11, .ofs_y = 2},
    {.bitmap_index = 40889, .adv_w = 1782, .box_w = 100, .box_h = 147, .ofs_x = 11, .ofs_y = 2},
    {.bitmap_index = 41667, .adv_w = 2813, .box_w = 153, .box_h = 147, .ofs_x = 11, .ofs_y = 2},
    {.bitmap_index = 43634, .adv_w = 2307, .box_w = 122, .box_h = 147, .ofs_x = 11, .ofs_y = 2},
    {.bitmap_index = 45197, .adv_w = 2541, .box_w = 146, .box_h = 153, .ofs_x = 6, .ofs_y = 0},
    {.bitmap_index = 46761, .adv_w = 2054, .box_w = 111, .box_h = 147, .ofs_x = 14, .ofs_y = 2},
    {.bitmap_index = 47898, .adv_w = 2541, .box_w = 146, .box_h = 165, .ofs_x = 6, .ofs_y = -12},
    {.bitmap_index = 49639, .adv_w = 2176, .box_w = 117, .box_h = 148, .ofs_x = 14, .ofs_y = 2},
    {.bitmap_index = 51035, .adv_w = 1859, .box_w = 107, .box_h = 153, .ofs_x = 4, .ofs_y = 0},
    {.bitmap_index = 52116, .adv_w = 1891, .box_w = 114, .box_h = 148, .ofs_x = 2, .ofs_y = 2},
    {.bitmap_index = 53258, .adv_w = 2317, .box_w = 119, .box_h = 150, .ofs_x = 13, .ofs_y = 0},
    {.bitmap_index = 54278, .adv_w = 2157, .box_w = 135, .box_h = 147, .ofs_x = 0, .ofs_y = 2},
    {.bitmap_index = 55780, .adv_w = 3181, .box_w = 196, .box_h = 147, .ofs_x = 1, .ofs_y = 2},
    {.bitmap_index = 58390, .adv_w = 2125, .box_w = 131, .box_h = 147, .ofs_x = 1, .ofs_y = 2},
    {.bitmap_index = 59823, .adv_w = 2054, .box_w = 128, .box_h = 147, .ofs_x = 0, .ofs_y = 2},
    {.bitmap_index = 61154, .adv_w = 1872, .box_w = 109, .box_h = 147, .ofs_x = 4, .ofs_y = 2},
    {.bitmap_index = 62071, .adv_w = 1046, .box_w = 44, .box_h = 185, .ofs_x = 21, .ofs_y = -18},
    {.bitmap_index = 62955, .adv_w = 1357, .box_w = 79, .box_h = 147, .ofs_x = 3, .ofs_y = 2},
    {.bitmap_index = 63761, .adv_w = 1046, .box_w = 43, .box_h = 185, .ofs_x = 1, .ofs_y = -18},
    {.bitmap_index = 64671, .adv_w = 1904, .box_w = 111, .box_h = 83, .ofs_x = 4, .ofs_y = 67},
    {.bitmap_index = 65449, .adv_w = 1738, .box_w = 109, .box_h = 19, .ofs_x = 0, .ofs_y = -18},
    {.bitmap_index = 65559, .adv_w = 1091, .box_w = 44, .box_h = 32, .ofs_x = 9, .ofs_y = 126},
    {.bitmap_index = 65733, .adv_w = 1757, .box_w = 94, .box_h = 110, .ofs_x = 6, .ofs_y = 1},
    {.bitmap_index = 66609, .adv_w = 1952, .box_w = 106, .box_h = 155, .ofs_x = 11, .ofs_y = 1},
    {.bitmap_index = 67905, .adv_w = 1658, .box_w = 97, .box_h = 110, .ofs_x = 6, .ofs_y = 1},
    {.bitmap_index = 68666, .adv_w = 1949, .box_w = 106, .box_h = 155, .ofs_x = 5, .ofs_y = 1},
    {.bitmap_index = 69967, .adv_w = 1779, .box_w = 101, .box_h = 110, .ofs_x = 6, .ofs_y = 1},
    {.bitmap_index = 70785, .adv_w = 1040, .box_w = 70, .box_h = 155, .ofs_x = 0, .ofs_y = 3},
    {.bitmap_index = 71604, .adv_w = 1936, .box_w = 104, .box_h = 153, .ofs_x = 6, .ofs_y = -43},
    {.bitmap_index = 72917, .adv_w = 1862, .box_w = 95, .box_h = 153, .ofs_x = 11, .ofs_y = 2},
    {.bitmap_index = 74075, .adv_w = 851, .box_w = 31, .box_h = 151, .ofs_x = 12, .ofs_y = 2},
    {.bitmap_index = 74665, .adv_w = 851, .box_w = 54, .box_h = 196, .ofs_x = -11, .ofs_y = -43},
    {.bitmap_index = 75657, .adv_w = 1770, .box_w = 100, .box_h = 153, .ofs_x = 11, .ofs_y = 2},
    {.bitmap_index = 76905, .adv_w = 762, .box_w = 25, .box_h = 153, .ofs_x = 11, .ofs_y = 2},
    {.bitmap_index = 77345, .adv_w = 2928, .box_w = 161, .box_h = 108, .ofs_x = 12, .ofs_y = 2},
    {.bitmap_index = 78887, .adv_w = 1859, .box_w = 94, .box_h = 108, .ofs_x = 12, .ofs_y = 2},
    {.bitmap_index = 79849, .adv_w = 1872, .box_w = 106, .box_h = 110, .ofs_x = 6, .ofs_y = 1},
    {.bitmap_index = 80753, .adv_w = 1962, .box_w = 105, .box_h = 151, .ofs_x = 12, .ofs_y = -41},
    {.bitmap_index = 82044, .adv_w = 1962, .box_w = 105, .box_h = 151, .ofs_x = 6, .ofs_y = -41},
    {.bitmap_index = 83334, .adv_w = 1222, .box_w = 66, .box_h = 108, .ofs_x = 12, .ofs_y = 2},
    {.bitmap_index = 83993, .adv_w = 1520, .box_w = 87, .box_h = 110, .ofs_x = 3, .ofs_y = 1},
    {.bitmap_index = 84723, .adv_w = 1206, .box_w = 74, .box_h = 140, .ofs_x = 0, .ofs_y = 1},
    {.bitmap_index = 85477, .adv_w = 1834, .box_w = 93, .box_h = 108, .ofs_x = 10, .ofs_y = 1},
    {.bitmap_index = 86419, .adv_w = 1654, .box_w = 103, .box_h = 106, .ofs_x = 0, .ofs_y = 2},
    {.bitmap_index = 87377, .adv_w = 2509, .box_w = 155, .box_h = 106, .ofs_x = 1, .ofs_y = 2},
    {.bitmap_index = 89083, .adv_w = 1805, .box_w = 109, .box_h = 106, .ofs_x = 2, .ofs_y = 2},
    {.bitmap_index = 90030, .adv_w = 1686, .box_w = 104, .box_h = 151, .ofs_x = 1, .ofs_y = -43},
    {.bitmap_index = 91270, .adv_w = 1565, .box_w = 89, .box_h = 106, .ofs_x = 4, .ofs_y = 2},
    {.bitmap_index = 91856, .adv_w = 1043, .box_w = 63, .box_h = 185, .ofs_x = 2, .ofs_y = -18},
    {.bitmap_index = 92865, .adv_w = 765, .box_w = 23, .box_h = 169, .ofs_x = 12, .ofs_y = -8},
    {.bitmap_index = 93351, .adv_w = 1043, .box_w = 64, .box_h = 185, .ofs_x = 0, .ofs_y = -18},
    {.bitmap_index = 94378, .adv_w = 1904, .box_w = 109, .box_h = 36, .ofs_x = 5, .ofs_y = 50}
};

/*---------------------
 *  CHARACTER MAPPING
 *--------------------*/



/*Collect the unicode lists and glyph_id offsets*/
static const lv_font_fmt_txt_cmap_t cmaps[] =
{
    {
        .range_start = 32, .range_length = 95, .glyph_id_start = 1,
        .unicode_list = NULL, .glyph_id_ofs_list = NULL, .list_length = 0, .type = LV_FONT_FMT_TXT_CMAP_FORMAT0_TINY
    }
};



/*--------------------
 *  ALL CUSTOM DATA
 *--------------------*/

#if LVGL_VERSION_MAJOR == 8
/*Store all the custom data of the font*/
static  lv_font_fmt_txt_glyph_cache_t cache;
#endif

#if LVGL_VERSION_MAJOR >= 8
static const lv_font_fmt_txt_dsc_t font_dsc = {
#else
static lv_font_fmt_txt_dsc_t font_dsc = {
#endif
    .glyph_bitmap = glyph_bitmap,
    .glyph_dsc = glyph_dsc,
    .cmaps = cmaps,
    .kern_dsc = NULL,
    .kern_scale = 0,
    .cmap_num = 1,
    .bpp = 2,
    .kern_classes = 0,
    .bitmap_format = 2,
#if LVGL_VERSION_MAJOR == 8
    .cache = &cache
#endif
};



/*-----------------
 *  PUBLIC FONT
 *----------------*/

/*Initialize a public general font descriptor*/
#if LVGL_VERSION_MAJOR >= 8
const lv_font_t ui_font_HONORS_200 = {
#else
lv_font_t ui_font_HONORS_200 = {
#endif
    .get_glyph_dsc = lv_font_get_glyph_dsc_fmt_txt,    /*Function pointer to get glyph's data*/
    .get_glyph_bitmap = lv_font_get_bitmap_fmt_txt,    /*Function pointer to get glyph's bitmap*/
    .line_height = 210,          /*The maximum line height required by the font*/
    .base_line = 43,             /*Baseline measured from the bottom of the line*/
#if !(LVGL_VERSION_MAJOR == 6 && LVGL_VERSION_MINOR == 0)
    .subpx = LV_FONT_SUBPX_NONE,
#endif
#if LV_VERSION_CHECK(7, 4, 0) || LVGL_VERSION_MAJOR >= 8
    .underline_position = -20,
    .underline_thickness = 10,
#endif
    .dsc = &font_dsc,          /*The custom font data. Will be accessed by `get_glyph_bitmap/dsc` */
#if LV_VERSION_CHECK(8, 2, 0) || LVGL_VERSION_MAJOR >= 9
    .fallback = NULL,
#endif
    .user_data = NULL,
};



#endif /*#if UI_FONT_HONORS_200*/

