/*******************************************************************************
 * Size: 80 px
 * Bpp: 2
 * Opts: --bpp 2 --size 80 --font H:/2025/lvgl_squareline/SquareLine Studio/watch_demo_modify/assets/img/clk08/fonts/Gotham-Black.otf -o H:/2025/lvgl_squareline/SquareLine Studio/watch_demo_modify/assets/img/clk08/fonts\ui_font_GOTH_80.c --format lvgl -r 0x20-0x7f --no-prefilter
 ******************************************************************************/

#include "../ui.h"

#ifndef UI_FONT_GOTH_80
#define UI_FONT_GOTH_80 1
#endif

#if UI_FONT_GOTH_80

/*-----------------
 *    BITMAPS
 *----------------*/

/*Store the image of the glyphs*/
static LV_ATTRIBUTE_LARGE_CONST const uint8_t glyph_bitmap[] = {
    /* U+0020 " " */

    /* U+0021 "!" */
    0x6b, 0xff, 0x88, 0xdf, 0xff, 0xc4, 0xa7, 0xff,
    0xf1, 0x29, 0xff, 0xfc, 0x4a, 0x7f, 0xff, 0x12,
    0x9f, 0xff, 0xc4, 0xa7, 0xff, 0xf1, 0x29, 0xff,
    0xfc, 0x49, 0xff, 0xfe, 0x22, 0xbf, 0xff, 0x88,
    0xf, 0xff, 0xe2, 0x3, 0xff, 0xf8, 0x80, 0xff,
    0xfe, 0x20, 0x2f, 0xff, 0xe1, 0x40, 0xbf, 0xff,
    0x84, 0x81, 0xff, 0xfe, 0x12, 0x7, 0xff, 0xf8,
    0x41, 0xbf, 0xff, 0x84, 0x1b, 0xff, 0xf8, 0x41,
    0xbf, 0xff, 0x83, 0x6, 0xbf, 0xff, 0x81, 0x6,
    0xbf, 0xff, 0x80, 0x86, 0x7f, 0xff, 0x80, 0x87,
    0x7f, 0xff, 0x0, 0x3d, 0xff, 0xfc, 0x0, 0xf7,
    0xff, 0xf0, 0x3, 0xdf, 0xff, 0x41, 0xeb, 0xff,
    0xd0, 0x79, 0xff, 0xf2, 0x1e, 0x7f, 0xfc, 0x1f,
    0xbf, 0xfc, 0x1f, 0xbf, 0xfc, 0x1f, 0xbf, 0xfc,
    0x1f, 0xaf, 0xfd, 0x7, 0xeb, 0xff, 0x21, 0xf9,
    0xff, 0xc8, 0x7e, 0x7f, 0xf0, 0x7f, 0xbf, 0xf0,
    0x7f, 0xff, 0xc2, 0xaf, 0xfe, 0x1a, 0xf, 0xff,
    0xe2, 0x3, 0xff, 0xf8, 0x80, 0xff, 0xfe, 0x20,
    0x3f, 0xff, 0x88, 0xf, 0xff, 0xe2, 0x3, 0xff,
    0xf8, 0x80, 0xff, 0xfe, 0x20, 0x3f, 0xff, 0x88,
    0xf, 0xff, 0xe2, 0x3, 0xff, 0xf8, 0x80, 0xff,
    0xfe, 0x20, 0x3f, 0xff, 0x88, 0xf, 0xff, 0xe2,
    0x0,

    /* U+0022 "\"" */
    0x9, 0x7f, 0xf8, 0x61, 0xcb, 0xff, 0xc4, 0xa,
    0xff, 0xfe, 0x1a, 0x1b, 0xff, 0xf8, 0x81, 0x5f,
    0xff, 0xc3, 0xe, 0xff, 0xfe, 0x1c, 0x15, 0xff,
    0xfc, 0x30, 0xef, 0xff, 0xe1, 0xa1, 0x7f, 0xff,
    0xd, 0xe, 0xff, 0xfe, 0x18, 0x6f, 0xff, 0xe1,
    0x87, 0x3f, 0xff, 0xc2, 0x83, 0x7f, 0xff, 0xa,
    0xe, 0x7f, 0xff, 0x84, 0x86, 0xff, 0xfe, 0x12,
    0x1c, 0xff, 0xff, 0x8, 0x3b, 0xff, 0xf8, 0x41,
    0xe7, 0xff, 0xf8, 0x30, 0x77, 0xff, 0xf0, 0x60,
    0xf5, 0xff, 0xfc, 0x10, 0xf7, 0xff, 0xf0, 0x50,
    0xf5, 0xff, 0xfc, 0x10, 0xf7, 0xff, 0xf0, 0x43,
    0xeb, 0xff, 0xf8, 0x8, 0x73, 0xff, 0xfc, 0x8,
    0x3e, 0xbf, 0xff, 0x80, 0x1e, 0x7f, 0xff, 0x80,
    0x1f, 0xbf, 0xff, 0x82, 0x1e, 0x7f, 0xff, 0x80,
    0x1f, 0xbf, 0xff, 0x80, 0x87, 0x9f, 0xff, 0x90,
    0xfd, 0xff, 0xfc, 0x0, 0xfa, 0xff, 0xf8, 0x3f,
    0xbf, 0xfe, 0x83, 0xeb, 0xff, 0xe0, 0xfe, 0xff,
    0xf9, 0xf, 0xaf, 0xff, 0x21, 0xfd, 0xff, 0xf0,
    0x7e, 0xbf, 0xfc, 0x1f, 0xef, 0xff, 0x41, 0xfb,
    0xff, 0xd0, 0x7f, 0xbf, 0xfc, 0x1f, 0xdf, 0xfe,
    0x43, 0xf9, 0xff, 0xf0, 0x7f, 0x7f, 0xf8, 0x3f,
    0xcf, 0xff, 0x41, 0xfd, 0xff, 0xd0, 0x7f, 0x9f,
    0xfe, 0xf, 0xf7, 0xff, 0x21, 0xfe, 0xbf, 0xf8,
    0x3f, 0xdf, 0xfc, 0x1f, 0xf5, 0xff, 0x90, 0xff,
    0x7f, 0xe8, 0x3f, 0xeb, 0xff, 0x7, 0xfd, 0xff,
    0x83, 0xff, 0x81, 0x7f, 0xd0, 0x7f, 0x9f, 0xfc,
    0x1f, 0xfc, 0xf, 0xfc, 0x87, 0xf8,

    /* U+0023 "#" */
    0xf, 0xfe, 0x17, 0xff, 0xf0, 0x3, 0xfd, 0xff,
    0xf4, 0x1f, 0xfc, 0x7f, 0xff, 0xa0, 0xfe, 0x7f,
    0xfe, 0x43, 0xff, 0x8f, 0xff, 0xf2, 0x1f, 0xcf,
    0xff, 0xc1, 0xff, 0xc7, 0x7f, 0xfe, 0x43, 0xfa,
    0xff, 0xf8, 0x3f, 0xf8, 0xef, 0xff, 0xc1, 0xfe,
    0xff, 0xfe, 0x0, 0x7f, 0xf1, 0xef, 0xff, 0x83,
    0xfd, 0xff, 0xf4, 0x1f, 0xfc, 0x7f, 0xff, 0xa0,
    0xff, 0x7f, 0xfc, 0x87, 0xff, 0x1f, 0xff, 0xe8,
    0x3f, 0x9f, 0xff, 0x90, 0xff, 0xe3, 0xff, 0xfc,
    0x87, 0xf3, 0xff, 0xf0, 0x7f, 0xf1, 0xdf, 0xff,
    0x83, 0xfd, 0x7f, 0xfc, 0x1f, 0xef, 0xff, 0xf2,
    0x86, 0xff, 0xff, 0x28, 0x6f, 0xff, 0xf2, 0x86,
    0xff, 0xff, 0x28, 0x6f, 0xff, 0xf2, 0x86, 0xff,
    0xff, 0x28, 0x6f, 0xff, 0xf2, 0x86, 0xff, 0xff,
    0x28, 0x6f, 0xff, 0xf2, 0x86, 0xff, 0xff, 0x28,
    0x6f, 0xff, 0xf2, 0x86, 0xff, 0xff, 0x28, 0x6f,
    0xff, 0xe3, 0xd7, 0xfb, 0xff, 0xf9, 0x1, 0xff,
    0x7f, 0xfd, 0x7, 0xfb, 0xff, 0xe8, 0x3f, 0xf8,
    0xff, 0xff, 0x21, 0xfe, 0xff, 0xf9, 0xf, 0xfe,
    0x3f, 0xff, 0xc1, 0xff, 0x7f, 0xfc, 0x1f, 0xfc,
    0x77, 0xff, 0xe0, 0xff, 0x3f, 0xff, 0x7, 0xff,
    0x1d, 0xff, 0xf8, 0x3f, 0xcf, 0xff, 0xc1, 0xff,
    0xc7, 0xbf, 0xfd, 0x7, 0xfa, 0xff, 0xf4, 0x1f,
    0xfc, 0x7f, 0xff, 0xa0, 0xff, 0x7f, 0xfd, 0x7,
    0xff, 0x1f, 0xff, 0xe4, 0x3f, 0xdf, 0xff, 0x21,
    0xff, 0xc7, 0xff, 0xf8, 0x3f, 0xef, 0xff, 0x83,
    0xfe, 0xbf, 0xff, 0x8f, 0x2f, 0xf5, 0xff, 0xfc,
    0x64, 0x2b, 0xff, 0xfc, 0x88, 0x57, 0xff, 0xf9,
    0x10, 0xaf, 0xff, 0xf2, 0x21, 0x5f, 0xff, 0xe4,
    0x42, 0xbf, 0xff, 0xc8, 0x85, 0x7f, 0xff, 0x91,
    0xa, 0xff, 0xff, 0x22, 0x15, 0xff, 0xfe, 0x44,
    0x2b, 0xff, 0xfc, 0x88, 0x57, 0xff, 0xf9, 0x10,
    0xaf, 0xff, 0xf2, 0x21, 0x5f, 0xff, 0xe4, 0x43,
    0xfa, 0xff, 0xf8, 0x3f, 0xdf, 0xff, 0xc0, 0xf,
    0xfe, 0x3d, 0xff, 0xf0, 0x7f, 0xbf, 0xfe, 0x83,
    0xff, 0x8f, 0xff, 0xf4, 0x1f, 0xef, 0xff, 0x90,
    0xff, 0xe3, 0xff, 0xfd, 0x7, 0xf3, 0xff, 0xf2,
    0x1f, 0xfc, 0x7f, 0xff, 0x90, 0xfe, 0xbf, 0xfe,
    0xf, 0xfe, 0x3b, 0xff, 0xf0, 0x7f, 0xaf, 0xff,
    0x83, 0xff, 0x8f, 0x7f, 0xfc, 0x1f, 0xef, 0xff,
    0xa0, 0xff, 0xe3, 0xff, 0xff, 0x0, 0x3f, 0xdf,
    0xff, 0x41, 0xff, 0xc7, 0xff, 0xfa, 0xf, 0xf7,
    0xff, 0xc8, 0x7f, 0xf1, 0xff, 0xfe, 0x43, 0xf9,
    0xff, 0xf8, 0x3f, 0xf9, 0xb, 0xff, 0x7, 0xf9,
    0x7f, 0xf8, 0x1, 0xff, 0xc3,

    /* U+0024 "$" */
    0xf, 0xff, 0xdf, 0xfe, 0xf, 0xfe, 0xef, 0xfe,
    0xf, 0xfe, 0xef, 0xfe, 0xf, 0xfe, 0xef, 0xfe,
    0xf, 0xfe, 0xd2, 0xaf, 0xfc, 0x87, 0xff, 0x55,
    0xbf, 0xff, 0x89, 0x44, 0x3f, 0xf9, 0xaf, 0xff,
    0xf3, 0x24, 0x3f, 0xf9, 0xf, 0xff, 0xf4, 0x60,
    0xff, 0xe2, 0xdf, 0xff, 0xd4, 0x83, 0xff, 0x82,
    0xff, 0xff, 0x62, 0xf, 0xfb, 0xff, 0xfb, 0x68,
    0x7e, 0xff, 0xfe, 0xe4, 0x1f, 0x7f, 0xff, 0x74,
    0x3e, 0x7f, 0xff, 0xb8, 0x87, 0xdf, 0xff, 0xdc,
    0x83, 0xe7, 0xff, 0xfb, 0x81, 0xfa, 0xff, 0xfe,
    0x1c, 0x9f, 0xff, 0xc9, 0x43, 0xf7, 0xff, 0xf0,
    0xc3, 0x7f, 0xd0, 0xdf, 0xfe, 0xf, 0xef, 0xff,
    0xe1, 0x7, 0x7f, 0xd0, 0x67, 0xfe, 0x43, 0xfb,
    0xff, 0xf8, 0x41, 0xdf, 0xf4, 0x1e, 0x7f, 0x41,
    0xfc, 0xff, 0xff, 0x8, 0x3b, 0xfe, 0x83, 0xf3,
    0xe0, 0xff, 0x3f, 0xff, 0xc2, 0xe, 0xff, 0xa0,
    0xff, 0x21, 0xfe, 0x7f, 0xff, 0x85, 0x6, 0xff,
    0xa0, 0xff, 0xe5, 0x7f, 0xff, 0x11, 0x7, 0xfd,
    0x7, 0xff, 0x2b, 0xff, 0xf8, 0xd7, 0xfd, 0x7,
    0xff, 0x2b, 0xff, 0xf9, 0xd0, 0x7f, 0xf2, 0xaf,
    0xff, 0xe7, 0xc8, 0x7f, 0xf2, 0x3f, 0xff, 0xa5,
    0x21, 0xff, 0xc5, 0xbf, 0xff, 0xa9, 0x7, 0xff,
    0x13, 0xff, 0xfa, 0xd0, 0x7f, 0xf0, 0x9f, 0xff,
    0xeb, 0xc1, 0xff, 0xc1, 0xbf, 0xff, 0xb0, 0x87,
    0xff, 0x1, 0xff, 0xfe, 0xc2, 0x1f, 0xfc, 0x1f,
    0xff, 0xec, 0x21, 0xff, 0xc1, 0xbf, 0xff, 0xae,
    0x1f, 0xfc, 0x37, 0xff, 0xfa, 0xc1, 0xff, 0xc4,
    0x6f, 0xff, 0xe9, 0xa1, 0xff, 0xc6, 0x6f, 0xff,
    0xe8, 0x87, 0xff, 0x29, 0xff, 0xfe, 0x70, 0x7f,
    0xf2, 0xff, 0xff, 0x9c, 0x87, 0xff, 0x2b, 0xfe,
    0x87, 0xff, 0xf8, 0x90, 0x7f, 0xf2, 0xbf, 0xe8,
    0x2b, 0xff, 0xf8, 0x50, 0x79, 0xe0, 0xff, 0xe0,
    0xff, 0xd0, 0x6b, 0xff, 0xf8, 0x30, 0x7b, 0xf2,
    0x1f, 0xf7, 0xfd, 0x7, 0x7f, 0xff, 0x8, 0x3b,
    0xfd, 0x7, 0xfb, 0xfe, 0x83, 0xbf, 0xff, 0x83,
    0x6, 0x7f, 0xf4, 0x1f, 0xbf, 0xe8, 0x3b, 0xff,
    0xf8, 0x30, 0x6f, 0xff, 0xe0, 0x21, 0xdf, 0xf4,
    0x1a, 0xff, 0xfe, 0xa, 0x17, 0xff, 0xf0, 0xe5,
    0x1f, 0xf4, 0x15, 0xff, 0xfc, 0x24, 0x17, 0xff,
    0xf3, 0xef, 0xff, 0xe2, 0x85, 0xff, 0xfe, 0x18,
    0x1f, 0xff, 0xe2, 0x5, 0xff, 0xfe, 0x18, 0xf,
    0xff, 0xf8, 0x43, 0xaf, 0xff, 0xef, 0x7, 0xcf,
    0xff, 0xf7, 0x3, 0xfc, 0xff, 0xff, 0x64, 0x3f,
    0xf8, 0x2d, 0xff, 0xfd, 0x48, 0x3f, 0xf8, 0xb7,
    0xff, 0xf4, 0x20, 0xff, 0xe5, 0x37, 0xff, 0xf2,
    0xa0, 0xff, 0xe8, 0x34, 0xff, 0xfe, 0xc, 0x87,
    0xff, 0x5d, 0xff, 0xc1, 0xff, 0xdc, 0x7f, 0xf0,
    0x7f, 0xf7, 0x1f, 0xfc, 0x1f, 0xfd, 0xc7, 0xff,
    0x7, 0xff, 0x71, 0xff, 0xc1, 0xff, 0xdc, 0x7f,
    0xf0, 0x7f, 0xf7, 0x1f, 0xfc, 0x1f, 0xfd, 0xc7,
    0xff, 0x7, 0xff, 0x1c,

    /* U+0025 "%" */
    0xf, 0xf9, 0xbf, 0xa4, 0x3f, 0xfd, 0x8f, 0xff,
    0xf0, 0x20, 0xff, 0xe7, 0xbf, 0xfe, 0x43, 0xff,
    0x85, 0xff, 0xfc, 0x48, 0x3f, 0xf9, 0xbf, 0xfe,
    0x83, 0xff, 0x82, 0xff, 0xff, 0x1a, 0xf, 0xfe,
    0x5f, 0xff, 0xc1, 0xff, 0xc1, 0x7f, 0xff, 0x92,
    0x1f, 0xfc, 0x9b, 0xff, 0xc1, 0xff, 0xc2, 0xff,
    0xfe, 0x54, 0x1f, 0xfc, 0x7b, 0xff, 0xc8, 0x7f,
    0xf0, 0x7f, 0xff, 0x98, 0x87, 0xff, 0x15, 0xff,
    0xf4, 0x1f, 0xfc, 0x17, 0xff, 0xf9, 0xa1, 0xff,
    0xc5, 0xff, 0xf4, 0x1f, 0xfc, 0x2f, 0xff, 0xe7,
    0x21, 0xff, 0xc3, 0xff, 0xf8, 0x3f, 0xf8, 0x4f,
    0xff, 0xc1, 0xaf, 0xff, 0x83, 0xff, 0x85, 0x7f,
    0xf8, 0x3f, 0xf8, 0x77, 0xff, 0x83, 0xd7, 0xff,
    0x83, 0xff, 0x82, 0xff, 0xf9, 0xf, 0xfe, 0x1f,
    0xff, 0x90, 0xfb, 0xff, 0xc8, 0x7f, 0xf0, 0x3f,
    0xfd, 0x7, 0xff, 0x13, 0xff, 0xc1, 0xf9, 0xff,
    0xe4, 0x3f, 0xef, 0xff, 0x83, 0xff, 0x8b, 0xff,
    0xd0, 0x7e, 0x7f, 0xfa, 0xf, 0xf5, 0xff, 0xe0,
    0xff, 0xe3, 0x7f, 0xf4, 0x1f, 0xdf, 0xfd, 0x7,
    0xf5, 0xff, 0xe4, 0x3f, 0xf8, 0xdf, 0xfd, 0x7,
    0xf7, 0xff, 0x41, 0xf9, 0xff, 0xf2, 0x1f, 0xfc,
    0x7f, 0xff, 0x7, 0xe7, 0xff, 0xa0, 0xfd, 0xff,
    0xe8, 0x3f, 0xf9, 0x1f, 0xfe, 0xf, 0xd7, 0xff,
    0x21, 0xf7, 0xff, 0xc1, 0xff, 0xc9, 0xff, 0xf4,
    0x1f, 0x7f, 0xf8, 0x3e, 0xbf, 0xfc, 0x1f, 0xfc,
    0xab, 0xff, 0xc8, 0x75, 0xff, 0xe0, 0xf3, 0xff,
    0xe4, 0x3f, 0xf9, 0x7f, 0xff, 0x20, 0x6f, 0xff,
    0x41, 0xef, 0xff, 0x41, 0xff, 0xcc, 0xff, 0xfe,
    0x70, 0x7b, 0xff, 0xe0, 0xff, 0xe6, 0xbf, 0xff,
    0xcc, 0x83, 0xbf, 0xfe, 0xf, 0xfe, 0x7d, 0xff,
    0xfc, 0xb0, 0xeb, 0xff, 0xc8, 0x7f, 0xf4, 0x3f,
    0xff, 0x94, 0x86, 0x7f, 0xfc, 0x87, 0xff, 0x4b,
    0xff, 0xf9, 0x10, 0x77, 0xff, 0xa0, 0xff, 0xea,
    0x7f, 0xff, 0x19, 0xe, 0xff, 0xf8, 0x3f, 0xfa,
    0xd7, 0xff, 0xf0, 0xc3, 0xd7, 0xff, 0x83, 0xf3,
    0x7f, 0x48, 0x7f, 0xf2, 0x2f, 0xff, 0x90, 0xf3,
    0xff, 0xe4, 0x3d, 0x7f, 0xff, 0x1, 0xf, 0xfe,
    0x3a, 0xab, 0x90, 0xfe, 0xff, 0xf4, 0x1d, 0x7f,
    0xff, 0x10, 0x3f, 0xfa, 0xdf, 0xff, 0x7, 0x5f,
    0xff, 0xc6, 0x43, 0xff, 0xa7, 0xff, 0xf0, 0x77,
    0xff, 0xf2, 0x50, 0xff, 0xe8, 0xdf, 0xfe, 0x43,
    0x5f, 0xff, 0xca, 0xf, 0xfe, 0x83, 0xff, 0xe4,
    0x33, 0xff, 0xfc, 0xc0, 0xff, 0xe7, 0xff, 0xfa,
    0xe, 0xff, 0xfe, 0x6a, 0x1f, 0xfc, 0xdf, 0xff,
    0x83, 0x9f, 0xff, 0xe7, 0x7, 0xff, 0x32, 0xff,
    0xf0, 0x7b, 0xff, 0xe4, 0x27, 0xff, 0xe0, 0xff,
    0xe5, 0xbf, 0xfe, 0x43, 0xdf, 0xfe, 0x43, 0xdf,
    0xfe, 0x43, 0xff, 0x92, 0xff, 0xfa, 0xf, 0x3f,
    0xfd, 0x7, 0xcf, 0xff, 0x83, 0xff, 0x93, 0xff,
    0xf0, 0x7d, 0x7f, 0xf2, 0x1f, 0xbf, 0xfc, 0x1f,
    0xfc, 0x8f, 0xff, 0x83, 0xf5, 0xff, 0xc1, 0xfd,
    0xff, 0xe0, 0xff, 0xe3, 0xdf, 0xfe, 0xf, 0xeb,
    0xff, 0x83, 0xfa, 0xff, 0xe0, 0xff, 0xe3, 0x3f,
    0xfe, 0x43, 0xfa, 0xff, 0xe0, 0xfe, 0xbf, 0xf8,
    0x3f, 0xf8, 0xdf, 0xfe, 0x83, 0xfd, 0x7f, 0xf0,
    0x7f, 0x7f, 0xf8, 0x3f, 0xf8, 0xbf, 0xff, 0x7,
    0xfd, 0x7f, 0xf2, 0x1f, 0xbf, 0xfc, 0x1f, 0xfc,
    0x4b, 0xff, 0xc1, 0xff, 0xc0, 0x7f, 0xfc, 0x1f,
    0x3f, 0xfd, 0x7, 0xff, 0xd, 0xff, 0xf2, 0x1f,
    0xfc, 0x1f, 0xff, 0x21, 0xef, 0xff, 0x21, 0xff,
    0xc2, 0x7f, 0xfd, 0x7, 0xff, 0xb, 0xff, 0xe8,
    0x37, 0xff, 0xc1, 0xff, 0xc3, 0xff, 0xf8, 0x3f,
    0xf8, 0x6f, 0xff, 0xf3, 0x60, 0xff, 0xe1, 0x7f,
    0xfc, 0x1f, 0xfc, 0x5f, 0xff, 0xe6, 0x87, 0xff,
    0xa, 0xff, 0xf0, 0x7f, 0xf1, 0x9f, 0xff, 0xe5,
    0xc1, 0xff, 0xc1, 0x7f, 0xfc, 0x87, 0xff, 0x1e,
    0xff, 0xfe, 0x50, 0x7f, 0xf0, 0xbf, 0xfd, 0x7,
    0xff, 0x27, 0xff, 0xf9, 0x21, 0xff, 0xc2, 0xff,
    0xf8, 0x3f, 0xf9, 0x77, 0xff, 0xf1, 0x83, 0xff,
    0x85, 0x7f, 0xf8, 0x3f, 0xf9, 0xb7, 0xff, 0xf0,
    0xe0, 0xff, 0xe1, 0x3f, 0xfe, 0x43, 0xff, 0x9f,
    0x7f, 0xff, 0x1, 0xf, 0xff, 0x63, 0x7f, 0x48,
    0x7f, 0xc0,

    /* U+0026 "&" */
    0xf, 0xfe, 0x52, 0xd4, 0x58, 0x3f, 0xfb, 0xcd,
    0xff, 0xfc, 0x8, 0x3f, 0xfb, 0x2f, 0xff, 0xf1,
    0x64, 0x3f, 0xfa, 0xbf, 0xff, 0xc9, 0x83, 0xff,
    0xa4, 0xff, 0xff, 0x30, 0x3f, 0xfa, 0xf, 0xff,
    0xf3, 0x83, 0xff, 0x9c, 0xff, 0xff, 0x40, 0x3f,
    0xf9, 0xbf, 0xff, 0xd1, 0x83, 0xff, 0x97, 0x7f,
    0xff, 0x48, 0x3f, 0xf9, 0x4f, 0xff, 0xf4, 0xe0,
    0xff, 0xe4, 0xdf, 0xff, 0xd4, 0xf, 0xfe, 0x4f,
    0xff, 0xf0, 0xd0, 0x3f, 0xff, 0xc2, 0xf, 0xfe,
    0x43, 0xff, 0xfc, 0x18, 0x3d, 0x7f, 0xff, 0x1,
    0xf, 0xfe, 0x3b, 0xff, 0xfc, 0x10, 0xfd, 0xff,
    0xfc, 0x4, 0x3f, 0xf8, 0xf7, 0xff, 0xf0, 0x20,
    0xfd, 0xff, 0xfc, 0x8, 0x3f, 0xf8, 0xf7, 0xff,
    0xf0, 0x20, 0xfd, 0xff, 0xfc, 0x8, 0x3f, 0xf8,
    0xf7, 0xff, 0xf0, 0x20, 0xfd, 0xff, 0xfc, 0x4,
    0x3f, 0xf8, 0xef, 0xff, 0xf0, 0x20, 0xfd, 0xff,
    0xfc, 0x4, 0x3f, 0xf8, 0xef, 0xff, 0xf0, 0x43,
    0xeb, 0xff, 0xf8, 0x1, 0xff, 0xc9, 0xff, 0xfe,
    0xa, 0x1c, 0xff, 0xff, 0x4, 0x3f, 0xf9, 0x3f,
    0xff, 0xc2, 0xc, 0xff, 0xff, 0x5, 0xf, 0xfe,
    0x4d, 0xff, 0xfc, 0x18, 0x17, 0xff, 0xf0, 0x83,
    0xff, 0x97, 0xff, 0xfc, 0x2b, 0xff, 0xf8, 0x68,
    0x7f, 0xf2, 0xef, 0xff, 0xe8, 0x41, 0xff, 0xcd,
    0xff, 0xfe, 0x7c, 0x1f, 0xfc, 0xe7, 0xff, 0xf9,
    0xb0, 0x7f, 0xf3, 0xdf, 0xff, 0xe6, 0x21, 0xe4,
    0x3f, 0xf8, 0xef, 0xff, 0xf3, 0x20, 0xf9, 0xf2,
    0x1f, 0xfc, 0x4f, 0xff, 0xe6, 0x87, 0xf7, 0xf2,
    0x1f, 0xfc, 0x7, 0xff, 0xf9, 0xa1, 0xfd, 0x7f,
    0xc8, 0x7f, 0x3f, 0xff, 0xcf, 0xf, 0xdf, 0xfe,
    0x43, 0xcf, 0xff, 0xf4, 0x43, 0xd7, 0xff, 0xf0,
    0x3, 0x3f, 0xff, 0xd3, 0xc, 0xff, 0xff, 0x4,
    0x37, 0xff, 0xf5, 0x42, 0xff, 0xfe, 0xa, 0x15,
    0xff, 0xfd, 0x62, 0xff, 0xfe, 0x4, 0x1b, 0xff,
    0xf8, 0xb3, 0xff, 0xfd, 0x20, 0xcf, 0xff, 0xf1,
    0x10, 0x3f, 0xff, 0xd0, 0x83, 0x5f, 0xff, 0xc3,
    0x43, 0x3f, 0xff, 0xcf, 0xe, 0xff, 0xfe, 0x20,
    0x79, 0xff, 0xfe, 0x6a, 0x1d, 0xff, 0xfc, 0x34,
    0x3e, 0x7f, 0xff, 0x97, 0x7, 0xbf, 0xff, 0x86,
    0x87, 0xe7, 0xff, 0xf9, 0x41, 0xe7, 0xff, 0xf8,
    0x68, 0x7f, 0x3f, 0xff, 0xc8, 0x43, 0xcf, 0xff,
    0xf0, 0xd0, 0xff, 0x3f, 0xff, 0xc6, 0x83, 0xf7,
    0xff, 0xf1, 0x3, 0xfe, 0x7f, 0xff, 0x8a, 0x87,
    0xef, 0xff, 0xe2, 0x41, 0xfe, 0x7f, 0xff, 0x8c,
    0x87, 0xdf, 0xff, 0xc5, 0x83, 0xf7, 0xff, 0xf2,
    0x50, 0xf5, 0xff, 0xfc, 0x6a, 0x2a, 0xff, 0xfe,
    0x62, 0x1e, 0xff, 0xff, 0x22, 0x1d, 0xff, 0xfe,
    0x54, 0x33, 0xff, 0xfe, 0x54, 0x35, 0xff, 0xfe,
    0x54, 0x37, 0xff, 0xf9, 0x10, 0xf7, 0xff, 0xf5,
    0x2f, 0xff, 0xe0, 0x87, 0xf7, 0xff, 0xf4, 0x60,
    0x5f, 0xfe, 0x83, 0xfe, 0x7f, 0xff, 0x9c, 0x1d,
    0x7f, 0xe4, 0x3f, 0xf8, 0x57, 0xff, 0xf2, 0x64,
    0x3e, 0xbf, 0xa0, 0xff, 0xe3, 0x3f, 0xff, 0xc5,
    0x83, 0xfe, 0xbe, 0x43, 0xff, 0x94, 0xd3, 0xfe,
    0xa2, 0x1f, 0xfc, 0x3b, 0xf, 0xff, 0xa0,

    /* U+0027 "'" */
    0x9, 0x7f, 0xf8, 0x81, 0x5f, 0xff, 0xc4, 0xa,
    0xff, 0xfe, 0x1a, 0x15, 0xff, 0xfc, 0x30, 0xdf,
    0xff, 0xc3, 0x83, 0x7f, 0xff, 0xd, 0xd, 0xff,
    0xfc, 0x30, 0xef, 0xff, 0xe1, 0x41, 0xdf, 0xff,
    0xc2, 0x43, 0xbf, 0xff, 0x84, 0x1e, 0xff, 0xfe,
    0xc, 0x1e, 0xff, 0xfe, 0x8, 0x79, 0xff, 0xfe,
    0x8, 0x79, 0xff, 0xfe, 0x4, 0x1e, 0x7f, 0xff,
    0x80, 0x1f, 0x3f, 0xff, 0xc0, 0xf, 0xaf, 0xff,
    0x90, 0xfa, 0xff, 0xf8, 0x3f, 0x5f, 0xfe, 0x83,
    0xf5, 0xff, 0xe4, 0x3f, 0x7f, 0xfc, 0x1f, 0xdf,
    0xfe, 0x83, 0xfb, 0xff, 0xc8, 0x7f, 0x7f, 0xf8,
    0x3f, 0xdf, 0xfd, 0x7, 0xfb, 0xff, 0x83, 0xfe,
    0xff, 0xe0, 0xff, 0xbf, 0xf2, 0x1f, 0xe7, 0xff,
    0x7, 0xfc,

    /* U+0028 "(" */
    0xf, 0xfe, 0x5c, 0x1f, 0xfd, 0xb, 0xe0, 0xff,
    0xe6, 0xbf, 0xc8, 0x7f, 0xf2, 0xff, 0xf0, 0x7f,
    0xf2, 0x5f, 0xff, 0x7, 0xff, 0x1e, 0xff, 0xfa,
    0xf, 0xfe, 0x2f, 0xff, 0xf0, 0x83, 0xff, 0x86,
    0xff, 0xff, 0x10, 0x3f, 0xf8, 0x2f, 0xff, 0xf1,
    0x60, 0xff, 0x9f, 0xff, 0xe3, 0x87, 0xf9, 0xff,
    0xfe, 0x34, 0x1f, 0xe7, 0xff, 0xf8, 0xd0, 0x7f,
    0xdf, 0xff, 0xc6, 0x43, 0xfe, 0xff, 0xfe, 0x30,
    0x7f, 0xf0, 0x2f, 0xff, 0xe2, 0x87, 0xff, 0x1,
    0xff, 0xfe, 0x28, 0x7f, 0xf0, 0x7f, 0xff, 0x8a,
    0x1f, 0xfc, 0x1b, 0xff, 0xf8, 0x81, 0xff, 0xc2,
    0xff, 0xfe, 0x22, 0x1f, 0xfc, 0x17, 0xff, 0xf8,
    0x70, 0x7f, 0xf0, 0xbf, 0xff, 0x88, 0x1f, 0xfc,
    0x27, 0xff, 0xf8, 0x68, 0x7f, 0xf0, 0xaf, 0xff,
    0xe1, 0x87, 0xff, 0xf, 0xff, 0xf8, 0x68, 0x7f,
    0xf0, 0xff, 0xff, 0x86, 0x1f, 0xfc, 0x37, 0xff,
    0xf8, 0x50, 0x7f, 0xf0, 0xef, 0xff, 0xe1, 0x21,
    0xff, 0xc3, 0xff, 0xfe, 0x18, 0x7f, 0xf1, 0x3f,
    0xff, 0x86, 0x1f, 0xfc, 0x4f, 0xff, 0xe1, 0x87,
    0xff, 0x13, 0xff, 0xf8, 0x50, 0x7f, 0xf0, 0xdf,
    0xff, 0xe1, 0x41, 0xff, 0xc3, 0x7f, 0xff, 0x84,
    0x87, 0xff, 0xd, 0xff, 0xfe, 0x12, 0x1f, 0xfc,
    0x37, 0xff, 0xf8, 0x48, 0x7f, 0xf0, 0xdf, 0xff,
    0xe1, 0x21, 0xff, 0xc3, 0x7f, 0xff, 0x85, 0x7,
    0xff, 0xd, 0xff, 0xfe, 0x14, 0x1f, 0xfc, 0x4f,
    0xff, 0xe1, 0x41, 0xff, 0xc4, 0xff, 0xfe, 0x18,
    0x7f, 0xf1, 0x3f, 0xff, 0x86, 0x1f, 0xfc, 0x4f,
    0xff, 0xe1, 0xa1, 0xff, 0xc3, 0xbf, 0xff, 0x85,
    0x7, 0xff, 0xd, 0xff, 0xfe, 0x18, 0x7f, 0xf1,
    0x3f, 0xff, 0x86, 0x87, 0xff, 0xf, 0xff, 0xf8,
    0x81, 0xff, 0xc3, 0x7f, 0xff, 0x86, 0x87, 0xff,
    0xf, 0xff, 0xf8, 0x81, 0xff, 0xc3, 0xbf, 0xff,
    0x86, 0x87, 0xff, 0xf, 0xff, 0xf8, 0x81, 0xff,
    0xc3, 0xbf, 0xff, 0x88, 0x1f, 0xfc, 0x3f, 0xff,
    0xe2, 0x41, 0xff, 0xc2, 0xbf, 0xff, 0x89, 0x7,
    0xff, 0xb, 0xff, 0xf8, 0xb0, 0x7f, 0xf0, 0x5f,
    0xff, 0xe2, 0xc1, 0xff, 0xc1, 0x7f, 0xff, 0x8c,
    0x1f, 0xfc, 0x1b, 0xff, 0xf8, 0xc1, 0xff, 0xc1,
    0xbf, 0xff, 0x8c, 0x87, 0xff, 0x3, 0xff, 0xf8,
    0xf0, 0x7f, 0xf0, 0x2f, 0xff, 0xe2, 0xc1, 0xff,
    0xc1, 0xbf, 0xff, 0x88, 0x1f, 0xfc, 0x3b, 0xff,
    0xf8, 0x48, 0x7f, 0xf1, 0x1f, 0xff, 0xe0, 0x41,
    0xff, 0xc7, 0xbf, 0xfc, 0x1f, 0xfc, 0x97, 0xff,
    0x21, 0xff, 0xcb, 0xbf, 0xa0, 0xff, 0xe6, 0xbf,
    0x83, 0xff, 0xa0, 0xe8, 0x7f, 0xf6, 0x40,

    /* U+0029 ")" */
    0xf, 0x28, 0x3f, 0xfa, 0x3f, 0x21, 0xff, 0xce,
    0xfe, 0x83, 0xff, 0x99, 0x7f, 0xd0, 0x7f, 0xf2,
    0xbf, 0xfc, 0x1f, 0xfc, 0x8f, 0xff, 0xe0, 0x21,
    0xff, 0xc5, 0xbf, 0xff, 0x83, 0x7, 0xff, 0xd,
    0xff, 0xfe, 0x20, 0x7f, 0xf0, 0xbf, 0xff, 0x8c,
    0x1f, 0xfc, 0x7, 0xff, 0xf8, 0xe1, 0xff, 0xc0,
    0x7f, 0xff, 0x8e, 0x1f, 0xfc, 0x1f, 0xff, 0xe3,
    0x87, 0xff, 0x6, 0xff, 0xfe, 0x2c, 0x1f, 0xfc,
    0x17, 0xff, 0xf8, 0xb0, 0x7f, 0xf0, 0x5f, 0xff,
    0xe2, 0xa1, 0xff, 0xc1, 0x7f, 0xff, 0x8a, 0x1f,
    0xfc, 0x27, 0xff, 0xf8, 0x90, 0x7f, 0xf0, 0xaf,
    0xff, 0xe2, 0x7, 0xff, 0xf, 0xff, 0xf8, 0x90,
    0x7f, 0xf0, 0xff, 0xff, 0x88, 0x1f, 0xfc, 0x37,
    0xff, 0xf8, 0x68, 0x7f, 0xf0, 0xff, 0xff, 0x88,
    0x1f, 0xfc, 0x37, 0xff, 0xf8, 0x68, 0x7f, 0xf0,
    0xff, 0xff, 0x87, 0x7, 0xff, 0xd, 0xff, 0xfe,
    0x18, 0x7f, 0xf1, 0x3f, 0xff, 0x86, 0x1f, 0xfc,
    0x4f, 0xff, 0xe1, 0xa1, 0xff, 0xc3, 0xbf, 0xff,
    0x84, 0x87, 0xff, 0xd, 0xff, 0xfe, 0x14, 0x1f,
    0xfc, 0x4f, 0xff, 0xe1, 0x87, 0xff, 0x13, 0xff,
    0xf8, 0x61, 0xff, 0xc4, 0xff, 0xfe, 0x18, 0x7f,
    0xf1, 0x3f, 0xff, 0x86, 0x1f, 0xfc, 0x4f, 0xff,
    0xe1, 0x87, 0xff, 0x13, 0xff, 0xf8, 0x61, 0xff,
    0xc4, 0xff, 0xfe, 0x18, 0x7f, 0xf1, 0x3f, 0xff,
    0x86, 0x1f, 0xfc, 0x4f, 0xff, 0xe1, 0x87, 0xff,
    0x13, 0xff, 0xf8, 0x61, 0xff, 0xc3, 0x7f, 0xff,
    0x85, 0x7, 0xff, 0xd, 0xff, 0xfe, 0x14, 0x1f,
    0xfc, 0x3b, 0xff, 0xf8, 0x48, 0x7f, 0xf0, 0xff,
    0xff, 0x86, 0x1f, 0xfc, 0x37, 0xff, 0xf8, 0x61,
    0xff, 0xc3, 0xbf, 0xff, 0x85, 0x7, 0xff, 0xf,
    0xff, 0xf8, 0x68, 0x7f, 0xf0, 0xaf, 0xff, 0xe1,
    0x87, 0xff, 0xf, 0xff, 0xf8, 0x70, 0x7f, 0xf0,
    0xbf, 0xff, 0x88, 0x1f, 0xfc, 0x2b, 0xff, 0xf8,
    0x81, 0xff, 0xc1, 0x7f, 0xff, 0x88, 0x87, 0xff,
    0x7, 0xff, 0xf8, 0x90, 0x7f, 0xf0, 0x7f, 0xff,
    0x8a, 0x1f, 0xfc, 0x1f, 0xff, 0xe2, 0xc1, 0xff,
    0xc0, 0xff, 0xfe, 0x30, 0x7f, 0xcf, 0xff, 0xf1,
    0x83, 0xfe, 0x7f, 0xff, 0x8c, 0x1f, 0xf5, 0xff,
    0xfc, 0x64, 0x3f, 0xdf, 0xff, 0xc7, 0x43, 0xfe,
    0xff, 0xfe, 0x32, 0x1f, 0xfc, 0x7, 0xff, 0xf8,
    0x88, 0x7f, 0xf0, 0xbf, 0xff, 0x86, 0x1f, 0xfc,
    0x5f, 0xff, 0xe0, 0x41, 0xff, 0xc6, 0x7f, 0xfc,
    0x87, 0xff, 0x23, 0xff, 0x83, 0xff, 0x97, 0xfe,
    0x43, 0xff, 0x98, 0xfd, 0x7, 0xff, 0x3f, 0xc1,
    0xff, 0xea,

    /* U+002A "*" */
    0xf, 0xfb, 0xff, 0x7, 0xff, 0x2b, 0xff, 0x7,
    0xff, 0x2a, 0xff, 0x41, 0xff, 0xca, 0xbf, 0xd0,
    0x7f, 0xf0, 0xf8, 0x39, 0xff, 0x21, 0xd6, 0x1f,
    0x5e, 0x83, 0xbf, 0xc1, 0xd7, 0xa0, 0xf7, 0xf0,
    0x6f, 0xf0, 0x6f, 0xe0, 0xeb, 0xfc, 0x17, 0xf8,
    0x2f, 0xf4, 0x13, 0xff, 0x92, 0xfd, 0xf, 0xfe,
    0x41, 0xff, 0xe5, 0x7e, 0x57, 0xff, 0x87, 0xff,
    0xfa, 0x8, 0xff, 0xff, 0x39, 0xe, 0xbf, 0xff,
    0x91, 0x7, 0xfd, 0x7f, 0xff, 0xa, 0xf, 0xfe,
    0x23, 0xff, 0xe4, 0x3f, 0xf8, 0x8d, 0xff, 0xfc,
    0x9, 0xf, 0xf9, 0xbf, 0xff, 0x8d, 0x21, 0xcd,
    0xff, 0xfc, 0xc9, 0x2f, 0xff, 0xe8, 0x47, 0xff,
    0xa7, 0xf3, 0x7f, 0xf8, 0xf, 0xfe, 0x4b, 0xf4,
    0x3f, 0xf9, 0xb, 0xfe, 0x41, 0xfe, 0x3, 0xff,
    0x7, 0x7f, 0x6, 0xff, 0x6, 0xfe, 0xf, 0x5f,
    0x7, 0x7f, 0x83, 0xbe, 0x83, 0xee, 0xe, 0x7f,
    0xc8, 0x75, 0x87, 0xff, 0xe, 0xff, 0x41, 0xff,
    0xca, 0xbf, 0xd0, 0x7f, 0xf2, 0xbf, 0xf0, 0x7f,
    0xf2, 0xbf, 0xf0, 0x7f, 0xc0,

    /* U+002B "+" */
    0xf, 0xfe, 0xb, 0x5f, 0xfc, 0x14, 0x3f, 0xf9,
    0xef, 0xff, 0xf0, 0x60, 0xff, 0xe7, 0xbf, 0xff,
    0xc1, 0x83, 0xff, 0x9e, 0xff, 0xff, 0x6, 0xf,
    0xfe, 0x7b, 0xff, 0xfc, 0x18, 0x3f, 0xf9, 0xef,
    0xff, 0xf0, 0x60, 0xff, 0xe7, 0xbf, 0xff, 0xc1,
    0x83, 0xff, 0x9e, 0xff, 0xff, 0x6, 0xf, 0xfe,
    0x7b, 0xff, 0xfc, 0x18, 0x3f, 0xf9, 0xef, 0xff,
    0xf0, 0x60, 0xff, 0xe7, 0xbf, 0xff, 0xc1, 0x83,
    0xff, 0x9e, 0xff, 0xff, 0x6, 0xf, 0xfe, 0x7b,
    0xff, 0xfc, 0x18, 0x3f, 0xf9, 0xef, 0xff, 0xf0,
    0x60, 0xff, 0xe1, 0x7f, 0xff, 0x74, 0xff, 0xfe,
    0xe9, 0xff, 0xfd, 0xd3, 0xff, 0xfb, 0xa7, 0xff,
    0xf7, 0x4f, 0xff, 0xee, 0x9f, 0xff, 0xdd, 0x3f,
    0xff, 0xba, 0x7f, 0xff, 0x74, 0xff, 0xfe, 0xe9,
    0xff, 0xfd, 0xd3, 0xff, 0xfb, 0xa7, 0xff, 0xf7,
    0x45, 0xff, 0xe0, 0xdf, 0xff, 0xc1, 0x97, 0xff,
    0x82, 0x1f, 0xfc, 0x27, 0xff, 0xf8, 0x30, 0x7f,
    0xf3, 0xdf, 0xff, 0xe0, 0xc1, 0xff, 0xcf, 0x7f,
    0xff, 0x83, 0x7, 0xff, 0x3d, 0xff, 0xfe, 0xc,
    0x1f, 0xfc, 0xf7, 0xff, 0xf8, 0x30, 0x7f, 0xf3,
    0xdf, 0xff, 0xe0, 0xc1, 0xff, 0xcf, 0x7f, 0xff,
    0x83, 0x7, 0xff, 0x3d, 0xff, 0xfe, 0xc, 0x1f,
    0xfc, 0xf7, 0xff, 0xf8, 0x30, 0x7f, 0xf3, 0xdf,
    0xff, 0xe0, 0xc1, 0xff, 0xcf, 0x7f, 0xff, 0x83,
    0x7, 0xff, 0x3d, 0xff, 0xfe, 0xc, 0x1f, 0xfc,
    0xf7, 0xff, 0xf8, 0x30, 0x7f, 0xf0, 0x80,

    /* U+002C "," */
    0x3, 0x5f, 0xfc, 0x30, 0xaf, 0xff, 0xe1, 0xa0,
    0xbf, 0xff, 0x86, 0x82, 0xff, 0xfe, 0x1a, 0xb,
    0xff, 0xf8, 0x68, 0x2f, 0xff, 0xe1, 0xa0, 0xbf,
    0xff, 0x86, 0x82, 0xff, 0xfe, 0x1a, 0xb, 0xff,
    0xf8, 0x68, 0x2f, 0xff, 0xe1, 0xa0, 0xbf, 0xff,
    0x86, 0x82, 0xff, 0xfe, 0x1a, 0xb, 0xff, 0xf8,
    0x68, 0x2f, 0xff, 0xe1, 0xa0, 0xbf, 0xff, 0x86,
    0x15, 0xff, 0xfc, 0x30, 0xfe, 0x7f, 0xf8, 0x3f,
    0xaf, 0xfe, 0xf, 0xeb, 0xff, 0x41, 0xfd, 0xff,
    0xc8, 0x7e, 0xff, 0xf0, 0x7e, 0xff, 0xf4, 0x1c,
    0xdf, 0xff, 0x6, 0xff, 0xfe, 0x14, 0x1b, 0xff,
    0xf8, 0x30, 0x77, 0xff, 0xf0, 0x20, 0xf5, 0xff,
    0xe4, 0x3e, 0xbf, 0xf2, 0x1f, 0xcf, 0xe9, 0xf,
    0xf8,

    /* U+002D "-" */
    0x17, 0xff, 0x9a, 0x7f, 0xff, 0x39, 0xff, 0xfe,
    0x73, 0xff, 0xfc, 0xe7, 0xff, 0xf9, 0xcf, 0xff,
    0xf3, 0x9f, 0xff, 0xe7, 0x3f, 0xff, 0xce, 0x7f,
    0xff, 0x9c, 0xff, 0xff, 0x39, 0xff, 0xfe, 0x73,
    0xff, 0xfc, 0xe7, 0xff, 0xf9, 0xcf, 0xff, 0xf3,
    0x90,

    /* U+002E "." */
    0x6b, 0xff, 0x86, 0x5f, 0xff, 0xc3, 0x6f, 0xff,
    0xe1, 0xb7, 0xff, 0xf0, 0xdb, 0xff, 0xf8, 0x6d,
    0xff, 0xfc, 0x36, 0xff, 0xfe, 0x1b, 0x7f, 0xff,
    0xd, 0xbf, 0xff, 0x86, 0xdf, 0xff, 0xc3, 0x6f,
    0xff, 0xe1, 0xb7, 0xff, 0xf0, 0xdb, 0xff, 0xf8,
    0x6d, 0xff, 0xfc, 0x36, 0xff, 0xfe, 0x1b, 0x7f,
    0xff, 0xd,

    /* U+002F "/" */
    0xf, 0xfe, 0xc2, 0xff, 0xf0, 0x43, 0xff, 0xb1,
    0xff, 0xfc, 0x0, 0xff, 0xec, 0x5f, 0xff, 0xc0,
    0xf, 0xfe, 0xc7, 0xff, 0xf0, 0x10, 0xff, 0xeb,
    0xdf, 0xff, 0xc0, 0xf, 0xfe, 0xc7, 0xff, 0xf0,
    0x10, 0xff, 0xeb, 0xbf, 0xff, 0xc0, 0xf, 0xfe,
    0xc7, 0xff, 0xf0, 0x10, 0xff, 0xeb, 0xbf, 0xff,
    0xc0, 0xf, 0xfe, 0xc7, 0xff, 0xf0, 0x10, 0xff,
    0xeb, 0xbf, 0xff, 0xc0, 0xf, 0xfe, 0xc7, 0xff,
    0xf0, 0x10, 0xff, 0xeb, 0xbf, 0xff, 0xc0, 0xf,
    0xfe, 0xc7, 0xff, 0xf0, 0x10, 0xff, 0xeb, 0xbf,
    0xff, 0xc0, 0xf, 0xfe, 0xc7, 0xff, 0xf0, 0x10,
    0xff, 0xeb, 0xbf, 0xff, 0xc0, 0xf, 0xfe, 0xc7,
    0xff, 0xf0, 0x20, 0xff, 0xeb, 0xbf, 0xff, 0xc0,
    0xf, 0xfe, 0xc7, 0xff, 0xf0, 0x20, 0xff, 0xec,
    0x7f, 0xff, 0x0, 0x3f, 0xfb, 0x17, 0xff, 0xd0,
    0x7f, 0xf6, 0x3f, 0xff, 0x80, 0x1f, 0xfd, 0x8b,
    0xff, 0xe8, 0x3f, 0xfb, 0x1f, 0xff, 0xc0, 0xf,
    0xfe, 0xc5, 0xff, 0xf4, 0x1f, 0xfd, 0x8f, 0xff,
    0xe0, 0x7, 0xff, 0x62, 0xff, 0xfa, 0xf, 0xfe,
    0xc7, 0xff, 0xf0, 0x3, 0xff, 0xb1, 0x7f, 0xfd,
    0x7, 0xff, 0x63, 0xff, 0xf8, 0x8, 0x7f, 0xf5,
    0xef, 0xff, 0xe0, 0x7, 0xff, 0x63, 0xff, 0xf8,
    0x8, 0x7f, 0xf5, 0xef, 0xff, 0xe0, 0x7, 0xff,
    0x63, 0xff, 0xf8, 0x8, 0x7f, 0xf5, 0xdf, 0xff,
    0xe0, 0x7, 0xff, 0x63, 0xff, 0xf8, 0x8, 0x7f,
    0xf5, 0xdf, 0xff, 0xe0, 0x7, 0xff, 0x63, 0xff,
    0xf8, 0x8, 0x7f, 0xf5, 0xdf, 0xff, 0xe0, 0x7,
    0xff, 0x63, 0xff, 0xf8, 0x8, 0x7f, 0xf5, 0xdf,
    0xff, 0xe0, 0x7, 0xff, 0x63, 0xff, 0xf8, 0x8,
    0x7f, 0xf5, 0xdf, 0xff, 0xe0, 0x7, 0xff, 0x63,
    0xff, 0xf8, 0x10, 0x7f, 0xf5, 0xdf, 0xff, 0xe0,
    0x7, 0xff, 0x63, 0xff, 0xf8, 0x10, 0x7f, 0xf5,
    0xdf, 0xff, 0xe0, 0x7, 0xff, 0x62, 0xff, 0xfa,
    0xf, 0xfe, 0xc7, 0xff, 0xf0, 0x3, 0xff, 0xb1,
    0x7f, 0xfd, 0x7, 0xff, 0x63, 0xff, 0xf8, 0x1,
    0xff, 0xd8, 0xbf, 0xfe, 0x83, 0xff, 0xb1, 0xff,
    0xfc, 0x0, 0xff, 0xec, 0x5f, 0xff, 0x41, 0xff,
    0xd8, 0xff, 0xfe, 0x0, 0x7f, 0xf6, 0x2f, 0xff,
    0xa0, 0xff, 0xec, 0x7f, 0xff, 0x0, 0x3f, 0xfb,
    0x17, 0xff, 0xf0, 0x3, 0xff, 0xb1, 0xff, 0xfc,
    0x4, 0x3f, 0xfa, 0xf7, 0xff, 0xf0, 0x3, 0xff,
    0xb1, 0xff, 0xfc, 0x4, 0x3f, 0xfa, 0xf7, 0xff,
    0xf0, 0x3, 0xff, 0xb1, 0xff, 0xfc, 0x4, 0x3f,
    0xfa, 0xef, 0xff, 0xf0, 0x3, 0xff, 0xb1, 0xff,
    0xfc, 0x4, 0x3f, 0xfa, 0xef, 0xff, 0xf0, 0x3,
    0xff, 0xb1, 0xff, 0xfc, 0x4, 0x3f, 0xfa, 0xef,
    0xff, 0xf0, 0x3, 0xff, 0xb1, 0xff, 0xfc, 0x4,
    0x3f, 0xfa, 0xef, 0xff, 0xf0, 0x3, 0xff, 0xb1,
    0xff, 0xfc, 0x4, 0x3f, 0xfa, 0xef, 0xff, 0xf0,
    0x3, 0xff, 0xb1, 0xff, 0xfc, 0x8, 0x3f, 0xfa,
    0xe0,

    /* U+0030 "0" */
    0xf, 0xfe, 0x43, 0x4f, 0xfa, 0x50, 0x7f, 0xf6,
    0x5f, 0xff, 0xe2, 0x48, 0x7f, 0xf5, 0x2f, 0xff,
    0xe4, 0xa1, 0xff, 0xd0, 0x7f, 0xff, 0x9a, 0x1f,
    0xfc, 0xd7, 0xff, 0xfa, 0x10, 0x7f, 0xf2, 0x9f,
    0xff, 0xe9, 0x87, 0xff, 0x21, 0xff, 0xfe, 0xa8,
    0x7f, 0xf1, 0xaf, 0xff, 0xeb, 0x87, 0xff, 0x12,
    0xff, 0xfe, 0xc8, 0x7f, 0xf0, 0x9f, 0xff, 0xed,
    0x87, 0xff, 0x7, 0xff, 0xfb, 0x90, 0x7f, 0xd7,
    0xff, 0xf7, 0x50, 0xfe, 0x7f, 0xff, 0xbe, 0x1f,
    0xdf, 0xff, 0xca, 0xbf, 0xff, 0x92, 0x87, 0xcf,
    0xff, 0xf1, 0xa0, 0xf3, 0xff, 0xfc, 0x70, 0xfb,
    0xff, 0xf8, 0xc1, 0xfe, 0xbf, 0xff, 0x8a, 0x87,
    0x3f, 0xff, 0xc5, 0xf, 0xfe, 0x5, 0xff, 0xfc,
    0x50, 0xef, 0xff, 0xe2, 0x87, 0xff, 0xb, 0xff,
    0xf8, 0xa1, 0xdf, 0xff, 0xc4, 0x43, 0xff, 0x87,
    0xff, 0xfc, 0x48, 0x27, 0xff, 0xf8, 0x81, 0xff,
    0xc4, 0xbf, 0xff, 0x88, 0x15, 0xff, 0xfc, 0x34,
    0x3f, 0xf8, 0xbf, 0xff, 0xc4, 0xb, 0xff, 0xf8,
    0x81, 0xff, 0xc6, 0xbf, 0xff, 0x86, 0x83, 0xff,
    0xf8, 0x70, 0x7f, 0xf1, 0x9f, 0xff, 0xe1, 0xc3,
    0xff, 0xfc, 0x34, 0x3f, 0xf8, 0xff, 0xff, 0xc3,
    0x87, 0xff, 0xf8, 0x68, 0x7f, 0xf1, 0xff, 0xff,
    0x88, 0x3f, 0xff, 0xc3, 0xf, 0xfe, 0x45, 0xff,
    0xfc, 0x32, 0xff, 0xfe, 0x18, 0x7f, 0xf2, 0x2f,
    0xff, 0xe1, 0x97, 0xff, 0xf0, 0xc3, 0xff, 0x91,
    0x7f, 0xff, 0xc, 0xbf, 0xff, 0x86, 0x1f, 0xfc,
    0x8b, 0xff, 0xf8, 0x65, 0xff, 0xfc, 0x30, 0xff,
    0xe4, 0x5f, 0xff, 0xc3, 0x2f, 0xff, 0xe1, 0x87,
    0xff, 0x22, 0xff, 0xfe, 0x19, 0x7f, 0xff, 0xc,
    0x3f, 0xf9, 0x17, 0xff, 0xf0, 0xc7, 0xff, 0xf8,
    0x61, 0xff, 0xc8, 0xbf, 0xff, 0x86, 0x3f, 0xff,
    0xc3, 0x43, 0xff, 0x8f, 0xff, 0xfc, 0x41, 0xff,
    0xfe, 0x1a, 0x1f, 0xfc, 0x7f, 0xff, 0xe1, 0xc0,
    0xff, 0xfe, 0x1c, 0x1f, 0xfc, 0x67, 0xff, 0xf8,
    0x68, 0x3f, 0xff, 0x88, 0x1f, 0xfc, 0x6b, 0xff,
    0xf8, 0x61, 0x5f, 0xff, 0xc3, 0x43, 0xff, 0x8b,
    0xff, 0xfc, 0x40, 0x9f, 0xff, 0xe2, 0x7, 0xff,
    0x11, 0xff, 0xfe, 0x1c, 0x1b, 0xff, 0xf8, 0x88,
    0x7f, 0xf0, 0xff, 0xff, 0x88, 0x86, 0xff, 0xfe,
    0x28, 0x7f, 0xf0, 0xaf, 0xff, 0xe2, 0x7, 0x3f,
    0xff, 0xc5, 0xf, 0xfe, 0x3, 0xff, 0xfc, 0x48,
    0x3d, 0xff, 0xfc, 0x60, 0xff, 0x5f, 0xff, 0xc5,
    0x43, 0xd7, 0xff, 0xf1, 0xa0, 0xf3, 0xff, 0xfc,
    0x70, 0xfd, 0xff, 0xfc, 0xab, 0xff, 0xf9, 0x28,
    0x7e, 0xbf, 0xff, 0xbe, 0x1f, 0xef, 0xff, 0xef,
    0x7, 0xff, 0x3, 0xff, 0xfb, 0x88, 0x7f, 0xf0,
    0x1f, 0xff, 0xed, 0x87, 0xff, 0xa, 0xff, 0xfe,
    0xc8, 0x7f, 0xf1, 0x2f, 0xff, 0xeb, 0x87, 0xff,
    0x1a, 0xff, 0xfe, 0xa8, 0x7f, 0xf2, 0x2f, 0xff,
    0xe9, 0x87, 0xff, 0x29, 0xff, 0xfe, 0x84, 0x1f,
    0xfc, 0xdb, 0xff, 0xf9, 0x90, 0x7f, 0xf4, 0x7f,
    0xff, 0x94, 0x87, 0xff, 0x52, 0xff, 0xfe, 0x24,
    0x87, 0xff, 0x65, 0xa7, 0xfd, 0x21, 0xff, 0xc9,

    /* U+0031 "1" */
    0xf, 0xfe, 0xfb, 0x7f, 0xff, 0x1, 0xf, 0xf3,
    0x7f, 0xff, 0x11, 0xf, 0x9b, 0xff, 0xf8, 0xe8,
    0x4d, 0xff, 0xfc, 0xb4, 0xbf, 0xff, 0x9c, 0x9f,
    0xff, 0xcf, 0x4f, 0xff, 0xe7, 0xa5, 0xff, 0xfc,
    0xe4, 0x7f, 0xff, 0x9c, 0x83, 0xff, 0xf9, 0xc8,
    0x3f, 0xff, 0x9c, 0x82, 0xff, 0xfe, 0x6a, 0x7,
    0xff, 0xf9, 0xa8, 0x5f, 0xff, 0xcd, 0x42, 0xff,
    0xd3, 0xff, 0xfc, 0x34, 0x2b, 0xe9, 0xd, 0xff,
    0xfc, 0x34, 0x3f, 0xf8, 0x3f, 0xff, 0xc3, 0x43,
    0xff, 0x83, 0xff, 0xfc, 0x34, 0x3f, 0xf8, 0x3f,
    0xff, 0xc3, 0x43, 0xff, 0x83, 0xff, 0xfc, 0x34,
    0x3f, 0xf8, 0x3f, 0xff, 0xc3, 0x43, 0xff, 0x83,
    0xff, 0xfc, 0x34, 0x3f, 0xf8, 0x3f, 0xff, 0xc3,
    0x43, 0xff, 0x83, 0xff, 0xfc, 0x34, 0x3f, 0xf8,
    0x3f, 0xff, 0xc3, 0x43, 0xff, 0x83, 0xff, 0xfc,
    0x34, 0x3f, 0xf8, 0x3f, 0xff, 0xc3, 0x43, 0xff,
    0x83, 0xff, 0xfc, 0x34, 0x3f, 0xf8, 0x3f, 0xff,
    0xc3, 0x43, 0xff, 0x83, 0xff, 0xfc, 0x34, 0x3f,
    0xf8, 0x3f, 0xff, 0xc3, 0x43, 0xff, 0x83, 0xff,
    0xfc, 0x34, 0x3f, 0xf8, 0x3f, 0xff, 0xc3, 0x43,
    0xff, 0x83, 0xff, 0xfc, 0x34, 0x3f, 0xf8, 0x3f,
    0xff, 0xc3, 0x43, 0xff, 0x83, 0xff, 0xfc, 0x34,
    0x3f, 0xf8, 0x3f, 0xff, 0xc3, 0x43, 0xff, 0x83,
    0xff, 0xfc, 0x34, 0x3f, 0xf8, 0x3f, 0xff, 0xc3,
    0x43, 0xff, 0x83, 0xff, 0xfc, 0x34, 0x3f, 0xf8,
    0x3f, 0xff, 0xc3, 0x43, 0xff, 0x83, 0xff, 0xfc,
    0x34, 0x3f, 0xf8, 0x3f, 0xff, 0xc3, 0x43, 0xff,
    0x83, 0xff, 0xfc, 0x34, 0x3f, 0xf8, 0x3f, 0xff,
    0xc3, 0x43, 0xff, 0x83, 0xff, 0xfc, 0x34, 0x3f,
    0xf8, 0x3f, 0xff, 0xc3, 0x43, 0xff, 0x83, 0xff,
    0xfc, 0x34, 0x3f, 0xf8, 0x3f, 0xff, 0xc3, 0x43,
    0xff, 0x83, 0xff, 0xfc, 0x34, 0x3f, 0xf8, 0x3f,
    0xff, 0xc3, 0x43, 0xff, 0x83, 0xff, 0xfc, 0x34,
    0x3f, 0xf8, 0x3f, 0xff, 0xc3, 0x43, 0xff, 0x83,
    0xff, 0xfc, 0x34, 0x3f, 0xf8, 0x3f, 0xff, 0xc3,
    0x43, 0xff, 0x83, 0xff, 0xfc, 0x34,

    /* U+0032 "2" */
    0xf, 0xfe, 0x42, 0xf8, 0x3f, 0xfa, 0xcd, 0xff,
    0xfc, 0x19, 0xf, 0xfe, 0x6b, 0x7f, 0xff, 0x1e,
    0xf, 0xfe, 0x4b, 0xff, 0xfc, 0xc8, 0x3f, 0xf8,
    0xd7, 0xff, 0xf3, 0xd0, 0xff, 0xe1, 0x3f, 0xff,
    0xd2, 0x83, 0xff, 0x80, 0xff, 0xff, 0x52, 0xf,
    0xf5, 0xff, 0xfd, 0x68, 0x3f, 0x5f, 0xff, 0xd8,
    0x43, 0xd7, 0xff, 0xf6, 0x83, 0x9f, 0xff, 0xed,
    0xc1, 0x3f, 0xff, 0xdd, 0xb, 0xff, 0xfb, 0xc8,
    0x57, 0xff, 0xf7, 0x20, 0xd7, 0xff, 0xf0, 0xe4,
    0x26, 0xff, 0xfe, 0x30, 0x73, 0xff, 0xfc, 0x8,
    0x3f, 0xbf, 0xff, 0x8a, 0x1f, 0x7f, 0xf9, 0xf,
    0xfb, 0xff, 0xf8, 0x81, 0xfb, 0xff, 0x7, 0xff,
    0x6, 0xff, 0xfe, 0x1a, 0x1f, 0xaf, 0xe0, 0xff,
    0xe1, 0x3f, 0xff, 0xc3, 0x43, 0xfa, 0xf8, 0x3f,
    0xf8, 0x6f, 0xff, 0xf0, 0xd0, 0xff, 0x38, 0x7f,
    0xf1, 0x1f, 0xff, 0xe1, 0xa1, 0xff, 0xd0, 0xbf,
    0xff, 0x86, 0x1f, 0xfd, 0x1f, 0xff, 0xe2, 0x7,
    0xff, 0x41, 0xff, 0xfe, 0x1c, 0x1f, 0xfd, 0xf,
    0xff, 0xe2, 0x21, 0xff, 0xcf, 0xff, 0xfe, 0x28,
    0x7f, 0xf3, 0xff, 0xff, 0x8b, 0x7, 0xff, 0x3b,
    0xff, 0xf8, 0xc1, 0xff, 0xce, 0xff, 0xfe, 0x32,
    0x1f, 0xfc, 0xc7, 0xff, 0xf8, 0xd0, 0x7f, 0xf3,
    0x2f, 0xff, 0xe3, 0x87, 0xff, 0x33, 0xff, 0xf9,
    0x1, 0xff, 0xcb, 0x7f, 0xff, 0x90, 0x1f, 0xfc,
    0xbb, 0xff, 0xf9, 0x1, 0xff, 0xcb, 0xff, 0xfe,
    0x44, 0x1f, 0xfc, 0xa7, 0xff, 0xf9, 0x10, 0x7f,
    0xf2, 0xaf, 0xff, 0xe4, 0x21, 0xff, 0xca, 0xff,
    0xfe, 0x44, 0x1f, 0xfc, 0xa7, 0xff, 0xf9, 0x8,
    0x7f, 0xf2, 0xaf, 0xff, 0xe4, 0x7, 0xff, 0x2f,
    0xff, 0xf9, 0x10, 0x7f, 0xf2, 0x9f, 0xff, 0xe4,
    0x7, 0xff, 0x2e, 0xff, 0xfe, 0x3c, 0x1f, 0xfc,
    0xbf, 0xff, 0xe4, 0x21, 0xff, 0xca, 0x7f, 0xff,
    0x91, 0x5f, 0xfc, 0xb7, 0xff, 0xfc, 0xf, 0xff,
    0xf8, 0x1f, 0xff, 0xf0, 0x3f, 0xff, 0xe0, 0x7f,
    0xff, 0xc0, 0xff, 0xff, 0x81, 0xff, 0xff, 0x3,
    0xff, 0xfe, 0x7, 0xff, 0xfc, 0xf, 0xff, 0xf8,
    0x1f, 0xff, 0xf0, 0x3f, 0xff, 0xe0,

    /* U+0033 "3" */
    0xd, 0x7f, 0xff, 0x70, 0x3a, 0xff, 0xfe, 0xe0,
    0x75, 0xff, 0xfd, 0xc0, 0xeb, 0xff, 0xfb, 0x81,
    0xd7, 0xff, 0xf7, 0x3, 0xaf, 0xff, 0xee, 0x7,
    0x5f, 0xff, 0xdc, 0xe, 0xbf, 0xff, 0xb8, 0x1d,
    0x7f, 0xff, 0x70, 0x3a, 0xff, 0xfe, 0xe0, 0x75,
    0xff, 0xfd, 0xc0, 0xeb, 0xff, 0xfb, 0x68, 0x72,
    0xff, 0xf2, 0x7f, 0xff, 0x8c, 0x1f, 0xfc, 0xf7,
    0xff, 0xf8, 0xa1, 0xff, 0xcf, 0x7f, 0xff, 0x89,
    0x7, 0xff, 0x3e, 0xff, 0xfe, 0x24, 0x1f, 0xfc,
    0xfb, 0xff, 0xf8, 0x88, 0x7f, 0xf3, 0xff, 0xff,
    0x8a, 0x87, 0xff, 0x3f, 0xff, 0xf8, 0xa1, 0xff,
    0xd0, 0xff, 0xfe, 0x28, 0x7f, 0xf4, 0x3f, 0xff,
    0x89, 0x7, 0xff, 0x3d, 0xff, 0xfe, 0x24, 0x1f,
    0xfc, 0xf7, 0xff, 0xf8, 0xa1, 0xff, 0xcf, 0x7f,
    0xff, 0x91, 0x7, 0xff, 0x33, 0xff, 0xf9, 0x88,
    0x7f, 0xf2, 0x7f, 0xff, 0x9c, 0x1f, 0xfc, 0x87,
    0xff, 0xf9, 0xc8, 0x7f, 0xf1, 0xff, 0xff, 0x9f,
    0x7, 0xff, 0x1b, 0xff, 0xfa, 0x10, 0x7f, 0xf1,
    0x6f, 0xff, 0xe8, 0x21, 0xff, 0xc4, 0x7f, 0xff,
    0xa2, 0x1f, 0xfc, 0x5f, 0xff, 0xe8, 0xa1, 0xff,
    0xcc, 0x55, 0xff, 0xfc, 0x70, 0xff, 0xe8, 0x3f,
    0xff, 0xc5, 0xf, 0xfe, 0x95, 0xff, 0xfc, 0x34,
    0x3f, 0xfa, 0x5f, 0xff, 0xc3, 0x83, 0xff, 0xa4,
    0xff, 0xff, 0xa, 0xf, 0xf2, 0x1f, 0xfc, 0x77,
    0xff, 0xf8, 0x61, 0xfd, 0xe4, 0x3f, 0xf8, 0xcf,
    0xff, 0xf0, 0xc3, 0xf7, 0xe8, 0x3f, 0xf8, 0xaf,
    0xff, 0xf0, 0xc3, 0xef, 0xf4, 0x1f, 0xfc, 0x4f,
    0xff, 0xe1, 0xc1, 0xef, 0xfe, 0x43, 0xff, 0x83,
    0x7f, 0xff, 0xe, 0xe, 0xff, 0xfe, 0x2, 0x1f,
    0xeb, 0xff, 0xf8, 0x88, 0x6f, 0xff, 0xe2, 0x4a,
    0x15, 0x7f, 0xff, 0x18, 0x37, 0xff, 0xf7, 0x82,
    0xff, 0xfe, 0xf2, 0xf, 0xff, 0xef, 0x85, 0xff,
    0xfd, 0xe4, 0x37, 0xff, 0xf7, 0x43, 0xdf, 0xff,
    0xdb, 0xf, 0xdf, 0xff, 0xd9, 0xf, 0xf5, 0xff,
    0xfd, 0x60, 0xff, 0xe0, 0xff, 0xff, 0x50, 0x3f,
    0xf8, 0x6f, 0xff, 0xf4, 0x10, 0xff, 0xe3, 0x37,
    0xff, 0xf2, 0xe0, 0xff, 0xe5, 0xb7, 0xff, 0xf1,
    0x90, 0xff, 0xe8, 0xb4, 0xff, 0xd4, 0x43, 0xff,
    0x86,

    /* U+0034 "4" */
    0xf, 0xfe, 0x8a, 0xff, 0xf1, 0x3, 0xff, 0xaf,
    0x7f, 0xff, 0x10, 0x3f, 0xfa, 0xd7, 0xff, 0xf1,
    0x43, 0xff, 0xaa, 0xff, 0xff, 0x18, 0x3f, 0xfa,
    0x8f, 0xff, 0xf1, 0xc3, 0xff, 0xa9, 0xff, 0xfc,
    0x80, 0xff, 0xe9, 0xff, 0xff, 0x24, 0x3f, 0xfa,
    0x5f, 0xff, 0xca, 0xf, 0xfe, 0x8d, 0xff, 0xfc,
    0xa0, 0xff, 0xe8, 0x3f, 0xff, 0xcb, 0xf, 0xfe,
    0x7b, 0xff, 0xfc, 0xc0, 0xff, 0xe7, 0xff, 0xff,
    0x34, 0x3f, 0xf9, 0xdf, 0xff, 0xce, 0xf, 0xfe,
    0x6f, 0xff, 0xf3, 0xc3, 0xff, 0x99, 0x7f, 0xff,
    0x3c, 0x3f, 0xf9, 0x77, 0xff, 0xf4, 0x3, 0xff,
    0x94, 0xff, 0xff, 0x44, 0x3f, 0xf9, 0x5f, 0xff,
    0xd2, 0xf, 0xfe, 0x4f, 0xff, 0xf4, 0xc3, 0xff,
    0x91, 0xff, 0xfc, 0x47, 0xff, 0xf8, 0x61, 0xff,
    0xc7, 0xbf, 0xff, 0x86, 0x3f, 0xff, 0xc3, 0xf,
    0xfe, 0x35, 0xff, 0xfc, 0x30, 0x3f, 0xff, 0xc3,
    0xf, 0xfe, 0x2b, 0xff, 0xfc, 0x34, 0xf, 0xff,
    0xf0, 0xc3, 0xff, 0x88, 0xff, 0xff, 0xe, 0x9,
    0xff, 0xfe, 0x18, 0x7f, 0xf1, 0x3f, 0xff, 0x87,
    0x6, 0x7f, 0xff, 0x86, 0x1f, 0xfc, 0x3f, 0xff,
    0xe2, 0x7, 0x3f, 0xff, 0xc3, 0xf, 0xfe, 0x15,
    0xff, 0xfc, 0x30, 0xf3, 0xff, 0xfc, 0x30, 0xff,
    0xe0, 0xdf, 0xff, 0xc3, 0xf, 0x9f, 0xff, 0xe1,
    0x87, 0xff, 0x1, 0xff, 0xfe, 0x1a, 0x1f, 0x3f,
    0xff, 0xc3, 0xf, 0xf9, 0xff, 0xfe, 0x1c, 0x1f,
    0x9f, 0xff, 0xe1, 0x87, 0xfd, 0xff, 0xfc, 0x38,
    0x3f, 0x9f, 0xff, 0xe1, 0x87, 0xfb, 0xff, 0xf8,
    0x81, 0xfe, 0x7f, 0xff, 0x86, 0x1f, 0xdf, 0xff,
    0xc4, 0xf, 0xf9, 0xff, 0xfe, 0x18, 0x7e, 0xbf,
    0xff, 0x86, 0x1f, 0xfc, 0x7, 0xff, 0xf8, 0x61,
    0xf3, 0xff, 0xfc, 0x4a, 0xff, 0xe0, 0xff, 0xff,
    0xe, 0xbc, 0xff, 0xff, 0xa2, 0xff, 0xff, 0x3b,
    0xff, 0xfe, 0x73, 0xff, 0xfc, 0xe7, 0xff, 0xf9,
    0xcb, 0xff, 0xfc, 0xc3, 0xff, 0xfe, 0x60, 0x7f,
    0xff, 0x98, 0x1f, 0xff, 0xe6, 0x7, 0xff, 0xf9,
    0x81, 0x7f, 0xff, 0x94, 0x3f, 0xfa, 0x2f, 0xff,
    0xf0, 0xc3, 0xff, 0xb0, 0xff, 0xff, 0xc, 0x3f,
    0xfb, 0xf, 0xff, 0xf0, 0xc3, 0xff, 0xb0, 0xff,
    0xff, 0xc, 0x3f, 0xfb, 0xf, 0xff, 0xf0, 0xc3,
    0xff, 0xb0, 0xff, 0xff, 0xc, 0x3f, 0xfb, 0xf,
    0xff, 0xf0, 0xc3, 0xff, 0xb0, 0xff, 0xff, 0xc,
    0x3f, 0xfb, 0xf, 0xff, 0xf0, 0xc3, 0xff, 0xb0,
    0xff, 0xff, 0xc, 0x3f, 0xfb, 0xf, 0xff, 0xf0,
    0xc3, 0xe0,

    /* U+0035 "5" */
    0xf, 0x35, 0xff, 0xd9, 0xf, 0xeb, 0xff, 0xfb,
    0x21, 0xfd, 0x7f, 0xff, 0x64, 0x3f, 0xaf, 0xff,
    0xec, 0x87, 0xf7, 0xff, 0xf6, 0x83, 0xfb, 0xff,
    0xfb, 0x41, 0xfd, 0xff, 0xfd, 0xa0, 0xfe, 0xff,
    0xfe, 0xd0, 0x7f, 0x7f, 0xff, 0x68, 0x3f, 0xbf,
    0xff, 0xb4, 0x1f, 0xdf, 0xff, 0xda, 0xf, 0xef,
    0xff, 0xed, 0x7, 0xf7, 0xff, 0xf6, 0x83, 0xf3,
    0xff, 0xfc, 0x8, 0x3f, 0xfa, 0xaf, 0xff, 0xf0,
    0x20, 0xff, 0xea, 0xbf, 0xff, 0xc0, 0x83, 0xff,
    0xaa, 0xff, 0xff, 0x1, 0xf, 0xfe, 0xad, 0xff,
    0xfc, 0x4, 0x3f, 0xfa, 0xb7, 0xff, 0xf0, 0x10,
    0xff, 0xea, 0xdf, 0xff, 0xc0, 0x43, 0xcb, 0x83,
    0xff, 0x97, 0x7f, 0xff, 0x1, 0x5, 0xff, 0xf4,
    0x87, 0xff, 0x17, 0xff, 0xf8, 0x37, 0xff, 0xf1,
    0x50, 0xff, 0xe1, 0xff, 0xff, 0x55, 0xf, 0xfe,
    0xf, 0xff, 0xf5, 0xc3, 0xff, 0x81, 0xff, 0xfd,
    0x80, 0xff, 0xbf, 0xff, 0xb2, 0x1f, 0xef, 0xff,
    0xed, 0x7, 0xf7, 0xff, 0xf6, 0xa0, 0xfd, 0xff,
    0xfd, 0xb4, 0x3f, 0x5f, 0xff, 0xda, 0xf, 0xf5,
    0xff, 0xfd, 0x80, 0xff, 0xe0, 0x7f, 0xe9, 0xe,
    0x6f, 0xff, 0xe3, 0x21, 0xff, 0xc0, 0x7f, 0x41,
    0xff, 0x3f, 0xff, 0xc5, 0xf, 0xfe, 0x13, 0x7,
    0xff, 0x9, 0xff, 0xfe, 0x20, 0x7f, 0xf4, 0xef,
    0xff, 0xe1, 0x87, 0xff, 0x53, 0xff, 0xf8, 0x61,
    0xff, 0xd4, 0xff, 0xfe, 0x1a, 0x1f, 0xfd, 0x3f,
    0xff, 0xe1, 0xa1, 0xfd, 0xa1, 0xff, 0xc8, 0xff,
    0xfe, 0x18, 0x7f, 0x7d, 0x7, 0xff, 0x1f, 0xff,
    0xf8, 0x61, 0xfb, 0xfc, 0x1f, 0xfc, 0x5b, 0xff,
    0xf8, 0x61, 0xf5, 0xff, 0x41, 0xff, 0xc2, 0x7f,
    0xff, 0x88, 0x1e, 0xbf, 0xfd, 0x7, 0xfd, 0x7f,
    0xff, 0x12, 0xe, 0x7f, 0xff, 0x85, 0x28, 0xa,
    0xbf, 0xff, 0x8c, 0x86, 0x7f, 0xff, 0xba, 0x1d,
    0xff, 0xfd, 0xd8, 0x37, 0xff, 0xf7, 0x83, 0x7f,
    0xff, 0x7a, 0xd, 0xff, 0xfd, 0xe0, 0xf5, 0xff,
    0xfd, 0xb0, 0xfd, 0x7f, 0xff, 0x64, 0x3f, 0xcf,
    0xff, 0xf5, 0xc3, 0xff, 0x83, 0x7f, 0xff, 0x4e,
    0xf, 0xfe, 0x25, 0xff, 0xfd, 0x4, 0x3f, 0xf8,
    0xf7, 0xff, 0xf3, 0x10, 0xff, 0xe5, 0xb7, 0xff,
    0xf1, 0xa4, 0x3f, 0xfa, 0x2d, 0x3f, 0xf5, 0x10,
    0xff, 0xe2, 0x80,

    /* U+0036 "6" */
    0xf, 0xfe, 0x43, 0x7f, 0xea, 0x21, 0xff, 0xd2,
    0x6f, 0xff, 0xe2, 0xc8, 0x7f, 0xf3, 0x1f, 0xff,
    0xe5, 0xc1, 0xff, 0xc9, 0xff, 0xfe, 0x7c, 0x1f,
    0xfc, 0x5b, 0xff, 0xfa, 0x48, 0x7f, 0xf0, 0xbf,
    0xff, 0xac, 0x1f, 0xfc, 0xf, 0xff, 0xeb, 0xc1,
    0xfe, 0xff, 0xfe, 0xc0, 0x7f, 0xbf, 0xff, 0xb0,
    0x87, 0xf5, 0xff, 0xfd, 0x78, 0x3f, 0x9f, 0xff,
    0xec, 0x7, 0xfb, 0xff, 0xfb, 0x8, 0x7f, 0x5f,
    0xff, 0xd7, 0x83, 0xfd, 0xff, 0xfc, 0x69, 0xf,
    0x37, 0xfe, 0xf, 0xf5, 0xff, 0xfc, 0x48, 0x3f,
    0xf8, 0xf, 0xf0, 0x7f, 0xdf, 0xff, 0xc4, 0x83,
    0xff, 0x86, 0xfa, 0xf, 0xf3, 0xff, 0xfc, 0x38,
    0x3f, 0xf8, 0xd0, 0x7f, 0xd7, 0xff, 0xf0, 0xc3,
    0xff, 0xa7, 0xff, 0xfc, 0x38, 0x3f, 0xfa, 0x4f,
    0xff, 0xf0, 0xc3, 0xff, 0xa7, 0x7f, 0xff, 0xc,
    0x3c, 0xdf, 0xe9, 0xf, 0xfe, 0x1d, 0xff, 0xfc,
    0x28, 0x27, 0xff, 0xf8, 0x50, 0x7f, 0xf0, 0x3f,
    0xff, 0x86, 0x8f, 0xff, 0xf1, 0xa0, 0xff, 0x7f,
    0xff, 0xd, 0xbf, 0xff, 0x92, 0x87, 0xcf, 0xff,
    0xf7, 0x3, 0xcf, 0xff, 0xf7, 0x43, 0x9f, 0xff,
    0xee, 0xc1, 0xaf, 0xff, 0xef, 0x41, 0x5f, 0xff,
    0xdf, 0xa, 0xff, 0xfe, 0xfc, 0xb, 0xff, 0xfc,
    0x0, 0xbf, 0xff, 0x8f, 0x21, 0x37, 0xff, 0xf1,
    0x92, 0xff, 0xfe, 0x2c, 0x1f, 0xd7, 0xff, 0xf1,
    0x4b, 0xff, 0xf8, 0x90, 0x7f, 0xd7, 0xff, 0xf1,
    0xb, 0xff, 0xf8, 0x81, 0xff, 0xc1, 0xff, 0xfe,
    0x20, 0xff, 0xff, 0xd, 0xf, 0xfe, 0x17, 0xff,
    0xf0, 0xd5, 0xff, 0xfc, 0x30, 0xff, 0xe1, 0xff,
    0xff, 0xd, 0x5f, 0xff, 0xc3, 0xf, 0xfe, 0x1d,
    0xff, 0xfc, 0x24, 0xff, 0xfe, 0x14, 0x1f, 0xfc,
    0x3b, 0xff, 0xf8, 0x49, 0xff, 0xfc, 0x30, 0xff,
    0xe1, 0xdf, 0xff, 0xc2, 0x4b, 0xff, 0xf8, 0x41,
    0xff, 0xc3, 0xff, 0xfe, 0x18, 0x1f, 0xff, 0xe1,
    0x21, 0xff, 0xc2, 0xff, 0xfe, 0x18, 0x5f, 0xff,
    0xc3, 0xf, 0xfe, 0xf, 0xff, 0xf1, 0x2, 0xff,
    0xfe, 0x1c, 0x1f, 0xf3, 0xff, 0xfc, 0x38, 0x27,
    0xff, 0xf8, 0x81, 0xfd, 0x7f, 0xff, 0x11, 0xd,
    0xff, 0xfc, 0x59, 0xc, 0xff, 0xff, 0x18, 0x3a,
    0xff, 0xfe, 0xe4, 0x1e, 0xff, 0xfe, 0xe0, 0x7c,
    0xff, 0xff, 0x69, 0xf, 0xd7, 0xff, 0xf6, 0x43,
    0xfd, 0x7f, 0xff, 0x5c, 0x3f, 0xf8, 0x1f, 0xff,
    0xd6, 0xf, 0xfe, 0x15, 0xff, 0xfd, 0x30, 0xff,
    0xe2, 0x5f, 0xff, 0xd0, 0x83, 0xff, 0x8c, 0xff,
    0xff, 0x39, 0xf, 0xfe, 0x4b, 0xff, 0xfc, 0xa4,
    0x3f, 0xf9, 0xad, 0xff, 0xfc, 0x49, 0xf, 0xfe,
    0x9b, 0x4f, 0xf5, 0x10, 0xff, 0xe2, 0x80,

    /* U+0037 "7" */
    0x7f, 0xff, 0xbe, 0xff, 0xff, 0x7d, 0xff, 0xfe,
    0xfb, 0xff, 0xfd, 0xf7, 0xff, 0xfb, 0xef, 0xff,
    0xf7, 0xdf, 0xff, 0xef, 0xbf, 0xff, 0xdf, 0x7f,
    0xff, 0xbe, 0xff, 0xff, 0x7d, 0xff, 0xfe, 0xfb,
    0xff, 0xfd, 0xf7, 0xff, 0xfb, 0xc8, 0x7f, 0xf3,
    0xaf, 0xff, 0xe1, 0xc1, 0xff, 0xce, 0x7f, 0xff,
    0x88, 0x1f, 0xfc, 0xff, 0xff, 0xe2, 0x41, 0xff,
    0xce, 0x7f, 0xff, 0x88, 0x1f, 0xfc, 0xff, 0xff,
    0xe2, 0x21, 0xff, 0xce, 0xbf, 0xff, 0x88, 0x1f,
    0xfc, 0xff, 0xff, 0xe2, 0x21, 0xff, 0xce, 0xff,
    0xfe, 0x28, 0x7f, 0xf3, 0x9f, 0xff, 0xe2, 0x7,
    0xff, 0x3f, 0xff, 0xf8, 0x90, 0x7f, 0xf3, 0x9f,
    0xff, 0xe2, 0x7, 0xff, 0x3f, 0xff, 0xf8, 0x90,
    0x7f, 0xf3, 0xaf, 0xff, 0xe2, 0x7, 0xff, 0x3f,
    0xff, 0xf8, 0x88, 0x7f, 0xf3, 0xbf, 0xff, 0x8a,
    0x1f, 0xfc, 0xe7, 0xff, 0xf8, 0x88, 0x7f, 0xf3,
    0xbf, 0xff, 0x89, 0x7, 0xff, 0x3a, 0xff, 0xfe,
    0x20, 0x7f, 0xf3, 0xff, 0xff, 0x89, 0x7, 0xff,
    0x3a, 0xff, 0xfe, 0x20, 0x7f, 0xf3, 0x9f, 0xff,
    0xe2, 0x21, 0xff, 0xce, 0xff, 0xfe, 0x28, 0x7f,
    0xf3, 0x9f, 0xff, 0xe2, 0x21, 0xff, 0xce, 0xff,
    0xfe, 0x28, 0x7f, 0xf3, 0xaf, 0xff, 0xe2, 0x7,
    0xff, 0x3f, 0xff, 0xf8, 0x90, 0x7f, 0xf3, 0xbf,
    0xff, 0x8a, 0x1f, 0xfc, 0xe7, 0xff, 0xf8, 0x90,
    0x7f, 0xf3, 0xbf, 0xff, 0x8a, 0x1f, 0xfc, 0xeb,
    0xff, 0xf8, 0x88, 0x7f, 0xf3, 0xbf, 0xff, 0x8a,
    0x1f, 0xfc, 0xeb, 0xff, 0xf8, 0x88, 0x7f, 0xf3,
    0xbf, 0xff, 0x89, 0x7, 0xff, 0x3b, 0xff, 0xf8,
    0xa1, 0xff, 0xce, 0x7f, 0xff, 0x89, 0x7, 0xff,
    0x3b, 0xff, 0xf8, 0xa1, 0xff, 0xce, 0xbf, 0xff,
    0x88, 0x87, 0xff, 0x3b, 0xff, 0xf8, 0xa1, 0xff,
    0xce, 0xbf, 0xff, 0x88, 0x87, 0xff, 0x35, 0xff,
    0xfe, 0x28, 0x7f, 0xf3, 0xbf, 0xff, 0x8a, 0x1f,
    0xfc, 0xe7, 0xff, 0xf8, 0x90, 0x7f, 0xf3, 0x97,
    0xff, 0x8a, 0x1f, 0xfc, 0xd0,

    /* U+0038 "8" */
    0xf, 0xfe, 0x42, 0xf8, 0x3f, 0xfb, 0xd, 0xff,
    0xfc, 0x19, 0xf, 0xfe, 0x7b, 0xff, 0xfc, 0x88,
    0x3f, 0xf9, 0x77, 0xff, 0xf3, 0x43, 0xff, 0x8e,
    0xff, 0xff, 0x42, 0xf, 0xfe, 0x25, 0xff, 0xfd,
    0x30, 0xff, 0xe1, 0x5f, 0xff, 0xd5, 0xf, 0xfe,
    0x5, 0xff, 0xfd, 0x70, 0xff, 0x3f, 0xff, 0xd9,
    0xf, 0xef, 0xff, 0xed, 0x41, 0xf5, 0xff, 0xfd,
    0xb0, 0xfb, 0xff, 0xfb, 0x88, 0x73, 0xff, 0xfc,
    0x55, 0x4, 0xdf, 0xff, 0xc5, 0xe, 0xbf, 0xff,
    0x87, 0x7, 0xe7, 0xff, 0xf8, 0x81, 0xd7, 0xff,
    0xf0, 0xa0, 0xff, 0xbf, 0xff, 0x86, 0x1d, 0xff,
    0xfc, 0x30, 0xff, 0xe0, 0x5f, 0xff, 0xc2, 0xe,
    0xff, 0xfe, 0x14, 0x1f, 0xfc, 0x1f, 0xff, 0xe1,
    0x21, 0xbf, 0xff, 0x84, 0x87, 0xff, 0x7, 0xff,
    0xf8, 0x41, 0xd7, 0xff, 0xf0, 0x50, 0xff, 0xe0,
    0xff, 0xff, 0x8, 0x3a, 0xff, 0xfe, 0xc, 0x1f,
    0xfc, 0x1f, 0xff, 0xe1, 0x7, 0xbf, 0xff, 0x84,
    0x1f, 0xfc, 0xb, 0xff, 0xf8, 0x30, 0x7a, 0xff,
    0xfe, 0xc, 0x1f, 0xf7, 0xff, 0xf0, 0x83, 0xf7,
    0xff, 0xf0, 0xa0, 0xfc, 0xff, 0xff, 0xa, 0xf,
    0xd7, 0xff, 0xf0, 0xd4, 0x13, 0x7f, 0xff, 0xc,
    0x3f, 0xdf, 0xff, 0xd8, 0xf, 0xfe, 0x7, 0xff,
    0xf5, 0x90, 0xff, 0xe0, 0xdf, 0xff, 0xd3, 0x43,
    0xff, 0x86, 0xff, 0xff, 0x42, 0xf, 0xfe, 0x35,
    0xff, 0xfc, 0xf4, 0x3f, 0xf8, 0x97, 0xff, 0xf4,
    0xc3, 0xff, 0x82, 0xff, 0xff, 0x5a, 0xf, 0xf5,
    0xff, 0xfd, 0x88, 0x3f, 0x5f, 0xff, 0xda, 0x83,
    0xcf, 0xff, 0xf7, 0x20, 0xef, 0xff, 0xe2, 0xc8,
    0x66, 0xff, 0xfe, 0x2a, 0x15, 0xff, 0xfc, 0x38,
    0x3f, 0xcf, 0xff, 0xf1, 0x2, 0xff, 0xfe, 0x1c,
    0x1f, 0xfc, 0x1f, 0xff, 0xe1, 0xa3, 0xff, 0xfc,
    0x30, 0xff, 0xe1, 0x3f, 0xff, 0xc2, 0x8b, 0xff,
    0xf8, 0x48, 0x7f, 0xf0, 0xff, 0xff, 0x86, 0x5f,
    0xff, 0xc2, 0xf, 0xfe, 0x27, 0xff, 0xf0, 0xcf,
    0xff, 0xe1, 0x87, 0xff, 0x13, 0xff, 0xf8, 0x67,
    0xff, 0xf0, 0xd0, 0xff, 0xe1, 0xff, 0xff, 0xc,
    0xbf, 0xff, 0x85, 0x7, 0xff, 0x9, 0xff, 0xfe,
    0x19, 0x7f, 0xff, 0xc, 0x3f, 0xf8, 0x5f, 0xff,
    0xc4, 0x1f, 0xff, 0xe2, 0x21, 0xff, 0x5f, 0xff,
    0xc4, 0x1f, 0xff, 0xe2, 0xc1, 0xf9, 0xff, 0xfe,
    0x2c, 0xf, 0xff, 0xe4, 0x56, 0xff, 0xfe, 0x42,
    0x7, 0xff, 0xfb, 0xe1, 0xbf, 0xff, 0xbc, 0x86,
    0x7f, 0xff, 0xb9, 0x7, 0xaf, 0xff, 0xed, 0x87,
    0xeb, 0xff, 0xfb, 0x21, 0xfe, 0xbf, 0xff, 0xae,
    0x1f, 0xfc, 0x7, 0xff, 0xfa, 0x90, 0x7f, 0xf0,
    0xef, 0xff, 0xe8, 0xa1, 0xff, 0xc6, 0xbf, 0xff,
    0x9a, 0x87, 0xff, 0x29, 0xbf, 0xff, 0x8e, 0x87,
    0xff, 0x45, 0xa7, 0xfe, 0xa2, 0x1f, 0xfc, 0x50,

    /* U+0039 "9" */
    0xf, 0xfe, 0x2b, 0x4f, 0xfa, 0x81, 0xff, 0xd3,
    0x6f, 0xff, 0xe2, 0x48, 0x7f, 0xf3, 0x5f, 0xff,
    0xe5, 0x21, 0xff, 0xc9, 0x7f, 0xff, 0x9c, 0x87,
    0xff, 0x1a, 0xff, 0xfe, 0x84, 0x1f, 0xfc, 0x4f,
    0xff, 0xe9, 0xc1, 0xff, 0xc2, 0xff, 0xfe, 0xb0,
    0x7f, 0xf0, 0x3f, 0xff, 0xaf, 0x7, 0xfb, 0xff,
    0xfb, 0x30, 0x7e, 0x7f, 0xff, 0xb4, 0x87, 0xdf,
    0xff, 0xdc, 0xf, 0x5f, 0xff, 0xdc, 0x83, 0xbf,
    0xff, 0x8c, 0x86, 0x6f, 0xff, 0xe2, 0x86, 0x7f,
    0xff, 0x89, 0x7, 0xf7, 0xff, 0xf1, 0x10, 0xaf,
    0xff, 0xe1, 0xa1, 0xff, 0x5f, 0xff, 0xc3, 0xb,
    0xff, 0xf8, 0x70, 0x7f, 0xf0, 0x7f, 0xff, 0x86,
    0x17, 0xff, 0xf0, 0xc3, 0xff, 0x84, 0xff, 0xff,
    0x9, 0x1f, 0xff, 0xe1, 0x41, 0xff, 0xc3, 0xff,
    0xfe, 0x14, 0x3f, 0xff, 0xc2, 0x83, 0xff, 0x87,
    0xff, 0xfc, 0x31, 0xff, 0xfe, 0x12, 0x1f, 0xfc,
    0x3b, 0xff, 0xf8, 0x45, 0xff, 0xfc, 0x28, 0x3f,
    0xf8, 0x7f, 0xff, 0xc3, 0x1f, 0xff, 0xe1, 0x41,
    0xff, 0xc3, 0xff, 0xfe, 0x1a, 0xbf, 0xff, 0x86,
    0x1f, 0xfc, 0x3f, 0xff, 0xe1, 0xab, 0xff, 0xf8,
    0x70, 0x7f, 0xf0, 0x7f, 0xff, 0x89, 0x1f, 0xff,
    0xc4, 0x43, 0xfe, 0xbf, 0xff, 0x89, 0x1f, 0xff,
    0xc5, 0x83, 0xfa, 0xff, 0xfe, 0x2c, 0x5f, 0xff,
    0xc6, 0x43, 0x9f, 0xff, 0xe3, 0xc3, 0xff, 0xfe,
    0x8, 0x1f, 0xff, 0xe0, 0x82, 0xff, 0xfe, 0xfc,
    0x15, 0xff, 0xfd, 0xe4, 0x37, 0xff, 0xf7, 0x90,
    0xef, 0xff, 0xee, 0xa1, 0xef, 0xff, 0xee, 0x21,
    0xf5, 0xff, 0xfc, 0x98, 0xff, 0xfe, 0x18, 0x7f,
    0x3f, 0xff, 0xc7, 0x41, 0xff, 0xfc, 0x30, 0xff,
    0x9b, 0xff, 0xf8, 0x50, 0x4f, 0xff, 0xf0, 0xa0,
    0xff, 0xe1, 0x37, 0xfe, 0x83, 0xd7, 0xff, 0xf0,
    0x90, 0xff, 0xe9, 0xff, 0xff, 0xd, 0xf, 0xfe,
    0x93, 0xff, 0xfc, 0x30, 0xff, 0xe9, 0xff, 0xff,
    0xe, 0xf, 0xf7, 0x7, 0xff, 0x1a, 0xff, 0xfe,
    0x1a, 0x1f, 0xd7, 0xc8, 0x7f, 0xf0, 0xef, 0xff,
    0xe2, 0x7, 0xf3, 0xfe, 0x43, 0xff, 0x81, 0x7f,
    0xff, 0x12, 0xf, 0xef, 0xfe, 0x90, 0xfa, 0xff,
    0xfe, 0x30, 0x7f, 0x5f, 0xff, 0xd8, 0x83, 0xf3,
    0xff, 0xfd, 0x90, 0xfe, 0xff, 0xfe, 0xca, 0x1f,
    0xbf, 0xff, 0xb3, 0x7, 0xe7, 0xff, 0xfb, 0x21,
    0xfd, 0xff, 0xfd, 0x90, 0xfe, 0x7f, 0xff, 0xb0,
    0x1f, 0xfc, 0xf, 0xff, 0xeb, 0x7, 0xff, 0xa,
    0xff, 0xfe, 0x94, 0x1f, 0xfc, 0x5b, 0xff, 0xf9,
    0xe1, 0xff, 0xc9, 0xbf, 0xff, 0x96, 0x87, 0xff,
    0x31, 0xbf, 0xff, 0x8b, 0x21, 0xff, 0xd2, 0x6a,
    0xff, 0xa4, 0x3f, 0xf9, 0x0,

    /* U+003A ":" */
    0x3f, 0xff, 0x87, 0x1f, 0xff, 0xc3, 0x8f, 0xff,
    0xe1, 0xc7, 0xff, 0xf0, 0xe3, 0xff, 0xf8, 0x71,
    0xff, 0xfc, 0x38, 0xff, 0xfe, 0x1c, 0x7f, 0xff,
    0xe, 0x3f, 0xff, 0x87, 0x1f, 0xff, 0xc3, 0x8f,
    0xff, 0xe1, 0xc7, 0xff, 0xf0, 0xe3, 0xff, 0xf8,
    0x71, 0xff, 0xfc, 0x38, 0xff, 0xfe, 0x1c, 0x57,
    0xff, 0xd, 0xf, 0xff, 0xf8, 0x7f, 0xff, 0xc3,
    0xff, 0xb5, 0x5f, 0xfc, 0x34, 0xff, 0xfe, 0x1c,
    0x7f, 0xff, 0xe, 0x3f, 0xff, 0x87, 0x1f, 0xff,
    0xc3, 0x8f, 0xff, 0xe1, 0xc7, 0xff, 0xf0, 0xe3,
    0xff, 0xf8, 0x71, 0xff, 0xfc, 0x38, 0xff, 0xfe,
    0x1c, 0x7f, 0xff, 0xe, 0x3f, 0xff, 0x87, 0x1f,
    0xff, 0xc3, 0x8f, 0xff, 0xe1, 0xc7, 0xff, 0xf0,
    0xe3, 0xff, 0xf8, 0x70,

    /* U+003B ";" */
    0x7, 0xff, 0xf0, 0xe0, 0x7f, 0xff, 0xe, 0x7,
    0xff, 0xf0, 0xe0, 0x7f, 0xff, 0xe, 0x7, 0xff,
    0xf0, 0xe0, 0x7f, 0xff, 0xe, 0x7, 0xff, 0xf0,
    0xe0, 0x7f, 0xff, 0xe, 0x7, 0xff, 0xf0, 0xe0,
    0x7f, 0xff, 0xe, 0x7, 0xff, 0xf0, 0xe0, 0x7f,
    0xff, 0xe, 0x7, 0xff, 0xf0, 0xe0, 0x7f, 0xff,
    0xe, 0x7, 0xff, 0xf0, 0xe0, 0x57, 0xff, 0xd,
    0xf, 0xff, 0xf8, 0x7f, 0xff, 0xc3, 0xff, 0xcd,
    0x5f, 0xfc, 0x34, 0x1f, 0xff, 0xc3, 0x81, 0xff,
    0xfc, 0x38, 0x1f, 0xff, 0xc3, 0x81, 0xff, 0xfc,
    0x38, 0x1f, 0xff, 0xc3, 0x81, 0xff, 0xfc, 0x38,
    0x1f, 0xff, 0xc3, 0x81, 0xff, 0xfc, 0x38, 0x1f,
    0xff, 0xc3, 0x81, 0xff, 0xfc, 0x38, 0x1f, 0xff,
    0xc3, 0x81, 0xff, 0xfc, 0x38, 0x1f, 0xff, 0xc3,
    0x81, 0xff, 0xfc, 0x38, 0x1f, 0xff, 0xc3, 0x83,
    0xf7, 0xff, 0x21, 0xfb, 0xff, 0x90, 0xf9, 0xff,
    0xe0, 0xfd, 0xff, 0xe0, 0xf9, 0xff, 0xe8, 0x3d,
    0x7f, 0xf8, 0x39, 0xff, 0xfa, 0x5, 0xff, 0xfc,
    0x20, 0xbf, 0xff, 0x84, 0x1a, 0xff, 0xfe, 0x0,
    0x73, 0xff, 0xe8, 0x3e, 0xff, 0xd0, 0x7f, 0x7e,
    0x94, 0x1f, 0xe0,

    /* U+003C "<" */
    0xf, 0xfe, 0xdc, 0x1f, 0xfd, 0x87, 0xe0, 0xff,
    0xeb, 0x5f, 0xc1, 0xff, 0xd3, 0x7f, 0xf0, 0x7f,
    0xf4, 0x6f, 0xff, 0x7, 0xff, 0x39, 0xff, 0xfe,
    0x8, 0x7f, 0xf3, 0x2f, 0xff, 0xe1, 0x87, 0xff,
    0x25, 0xff, 0xfe, 0x30, 0x7f, 0xf1, 0x9b, 0xff,
    0xf9, 0x1, 0xff, 0xc4, 0x7f, 0xff, 0x96, 0x1f,
    0xfc, 0x16, 0xff, 0xfe, 0x68, 0x7f, 0xcf, 0xff,
    0xf4, 0x3, 0xf3, 0x7f, 0xff, 0x48, 0x3d, 0x7f,
    0xff, 0x54, 0x26, 0xff, 0xfe, 0xb2, 0x5f, 0xff,
    0xd6, 0x42, 0xff, 0xfe, 0xaa, 0x1e, 0xff, 0xfe,
    0x92, 0x1f, 0xdf, 0xff, 0xcf, 0x43, 0xff, 0x81,
    0xff, 0xfc, 0xc4, 0x3f, 0xf8, 0x7f, 0xff, 0xc9,
    0x43, 0xff, 0x8d, 0xff, 0xfc, 0x64, 0x3f, 0xf9,
    0x3f, 0xff, 0xc3, 0x43, 0xff, 0x99, 0xff, 0xfc,
    0x34, 0x3f, 0xf9, 0x9f, 0xff, 0xc6, 0x43, 0xff,
    0x93, 0xff, 0xfc, 0x94, 0x3f, 0xf8, 0xdf, 0xff,
    0xcc, 0x43, 0xff, 0x87, 0xff, 0xfc, 0xf4, 0x3f,
    0xf8, 0x1f, 0xff, 0xd2, 0x43, 0xfb, 0xff, 0xfa,
    0xa8, 0x7d, 0x7f, 0xff, 0x59, 0xf, 0x3f, 0xff,
    0xd7, 0x43, 0xd7, 0xff, 0xf5, 0x43, 0xf3, 0xff,
    0xfd, 0x30, 0xff, 0xaf, 0xff, 0xe8, 0x7, 0xff,
    0x5, 0xbf, 0xff, 0x9a, 0x1f, 0xfc, 0x4b, 0xff,
    0xf9, 0x61, 0xff, 0xc6, 0x6f, 0xff, 0xe4, 0x7,
    0xff, 0x26, 0xff, 0xfe, 0x30, 0x7f, 0xf2, 0xdb,
    0xff, 0xf8, 0x61, 0xff, 0xce, 0x7f, 0xff, 0x82,
    0x1f, 0xfd, 0x6, 0xff, 0xf0, 0x7f, 0xf4, 0xdf,
    0xfc, 0x1f, 0xfd, 0x56, 0xfe, 0xf, 0xfe, 0xc3,
    0xf0, 0x7f, 0xf6, 0x98,

    /* U+003D "=" */
    0x3f, 0xff, 0xb6, 0xf, 0xff, 0xed, 0x83, 0xff,
    0xfb, 0x60, 0xff, 0xfe, 0xd8, 0x3f, 0xff, 0xb6,
    0xf, 0xff, 0xed, 0x83, 0xff, 0xfb, 0x60, 0xff,
    0xfe, 0xd8, 0x3f, 0xff, 0xb6, 0xf, 0xff, 0xed,
    0x83, 0xff, 0xfb, 0x60, 0xff, 0xfe, 0xd8, 0x3f,
    0xff, 0xb6, 0x5, 0xff, 0xed, 0x87, 0xff, 0xfc,
    0x3f, 0xff, 0xe1, 0xff, 0xff, 0xf, 0xff, 0xa2,
    0xff, 0xf6, 0xc1, 0xff, 0xfd, 0xb0, 0x7f, 0xff,
    0x6c, 0x1f, 0xff, 0xdb, 0x7, 0xff, 0xf6, 0xc1,
    0xff, 0xfd, 0xb0, 0x7f, 0xff, 0x6c, 0x1f, 0xff,
    0xdb, 0x7, 0xff, 0xf6, 0xc1, 0xff, 0xfd, 0xb0,
    0x7f, 0xff, 0x6c, 0x1f, 0xff, 0xdb, 0x7, 0xff,
    0xf6, 0xc1, 0xff, 0xfd, 0xb0,

    /* U+003E ">" */
    0x50, 0x7f, 0xf6, 0xdf, 0x41, 0xff, 0xd9, 0x7f,
    0x90, 0xff, 0xeb, 0x3f, 0xf4, 0x1f, 0xfd, 0x47,
    0xff, 0xc8, 0x7f, 0xf4, 0x5f, 0xff, 0xe0, 0x41,
    0xff, 0xcf, 0x7f, 0xff, 0x86, 0x87, 0xff, 0x31,
    0xff, 0xfe, 0x2c, 0x87, 0xff, 0x25, 0xff, 0xfe,
    0x42, 0x1f, 0xfc, 0x77, 0xff, 0xf9, 0x52, 0x1f,
    0xfc, 0x47, 0xff, 0xf9, 0xa8, 0x7f, 0xf0, 0x9f,
    0xff, 0xe7, 0xc8, 0x7f, 0xcf, 0xff, 0xf4, 0xa0,
    0xfe, 0x7f, 0xff, 0xa9, 0x21, 0xf5, 0xff, 0xfd,
    0x68, 0x3e, 0x6f, 0xff, 0xea, 0xc8, 0x7c, 0xdf,
    0xff, 0xd4, 0x43, 0xf9, 0xbf, 0xff, 0xa2, 0x87,
    0xff, 0x1, 0xbf, 0xff, 0x9c, 0x87, 0xff, 0xd,
    0xbf, 0xff, 0x96, 0x87, 0xff, 0x19, 0xbf, 0xff,
    0x90, 0x87, 0xff, 0x25, 0xbf, 0xff, 0x8a, 0x87,
    0xff, 0x31, 0xbf, 0xff, 0x84, 0x87, 0xff, 0x36,
    0xff, 0xfe, 0x12, 0x1f, 0xfc, 0xab, 0xff, 0xf8,
    0xa8, 0x7f, 0xf1, 0xef, 0xff, 0xe4, 0x21, 0xff,
    0xc4, 0xbf, 0xff, 0x96, 0x87, 0xff, 0x6, 0xff,
    0xfe, 0x72, 0x1f, 0xeb, 0xff, 0xfa, 0x28, 0x7d,
    0x7f, 0xff, 0x51, 0xd, 0x7f, 0xff, 0x59, 0x5,
    0xff, 0xfd, 0x68, 0x33, 0xff, 0xfd, 0x54, 0x3c,
    0xff, 0xff, 0x4a, 0xf, 0xe7, 0xff, 0xfa, 0x8,
    0x7f, 0xcf, 0xff, 0xf3, 0x60, 0xff, 0xe1, 0x3f,
    0xff, 0xca, 0x90, 0xff, 0xe2, 0x3f, 0xff, 0xc8,
    0x83, 0xff, 0x8e, 0xff, 0xff, 0x16, 0x43, 0xff,
    0x92, 0xff, 0xff, 0xe, 0xf, 0xfe, 0x63, 0xff,
    0xfc, 0x9, 0xf, 0xfe, 0x73, 0xff, 0xe4, 0x3f,
    0xfa, 0x2f, 0xfd, 0x21, 0xff, 0xd3, 0x7f, 0x90,
    0xff, 0xeb, 0x3e, 0x90, 0xff, 0xec, 0x28, 0x3f,
    0xfb, 0x60,

    /* U+003F "?" */
    0xf, 0xfe, 0x2a, 0xab, 0x2c, 0x1f, 0xfd, 0x6,
    0xff, 0xfe, 0x14, 0x87, 0xff, 0x2a, 0xff, 0xfe,
    0x44, 0x87, 0xff, 0x16, 0xff, 0xfe, 0x64, 0x1f,
    0xfc, 0x2b, 0xff, 0xfa, 0x8, 0x7f, 0x9f, 0xff,
    0xe9, 0xc1, 0xfa, 0xff, 0xfe, 0xac, 0x1e, 0xbf,
    0xff, 0xae, 0x86, 0xff, 0xfe, 0xd0, 0x6b, 0xff,
    0xfb, 0x30, 0x6f, 0xff, 0xed, 0x7, 0x7f, 0xff,
    0x65, 0xc, 0xff, 0xff, 0x64, 0x3a, 0xff, 0xfe,
    0xc0, 0x7b, 0xff, 0xe9, 0xe, 0xbf, 0xff, 0x8a,
    0x1f, 0x7f, 0xe4, 0x3f, 0xdf, 0xff, 0xc4, 0x43,
    0xcf, 0xf4, 0x1f, 0xfc, 0x1f, 0xff, 0xe1, 0xa1,
    0xf5, 0xf0, 0x7f, 0xf0, 0xef, 0xff, 0xe1, 0x21,
    0xfb, 0x83, 0xff, 0x89, 0x7f, 0xff, 0x9, 0xf,
    0xfe, 0x75, 0xff, 0xfc, 0x24, 0x3f, 0xf9, 0xdf,
    0xff, 0xc3, 0xf, 0xfe, 0x77, 0xff, 0xf1, 0x3,
    0xff, 0x98, 0xff, 0xff, 0x12, 0xf, 0xfe, 0x53,
    0xff, 0xfc, 0x64, 0x3f, 0xf8, 0x8a, 0xbf, 0xff,
    0x94, 0x1f, 0xfc, 0x3b, 0xff, 0xf9, 0xa8, 0x7f,
    0xf0, 0xef, 0xff, 0xe6, 0x41, 0xff, 0xc4, 0x7f,
    0xff, 0x98, 0x1f, 0xfc, 0x57, 0xff, 0xf9, 0x61,
    0xff, 0xc7, 0xff, 0xfe, 0x4c, 0x1f, 0xfc, 0x8f,
    0xff, 0xe4, 0x21, 0xff, 0xc9, 0xff, 0xfe, 0x32,
    0x1f, 0xfc, 0xbb, 0xff, 0xf8, 0x52, 0x1f, 0xfc,
    0xdb, 0xff, 0xe9, 0xf, 0xfe, 0x83, 0xff, 0xf0,
    0x7f, 0xf4, 0xff, 0xfd, 0x7, 0xff, 0x4f, 0xff,
    0xc8, 0x7f, 0xf4, 0xff, 0xfc, 0x1f, 0xfd, 0x4b,
    0xff, 0x83, 0xff, 0xfe, 0x1f, 0xff, 0xf0, 0xff,
    0xf1, 0xd7, 0xff, 0xd, 0xf, 0xfe, 0x77, 0xff,
    0xf1, 0x3, 0xff, 0x9d, 0xff, 0xfc, 0x40, 0xff,
    0xe7, 0x7f, 0xff, 0x10, 0x3f, 0xf9, 0xdf, 0xff,
    0xc4, 0xf, 0xfe, 0x77, 0xff, 0xf1, 0x3, 0xff,
    0x9d, 0xff, 0xfc, 0x40, 0xff, 0xe7, 0x7f, 0xff,
    0x10, 0x3f, 0xf9, 0xdf, 0xff, 0xc4, 0xf, 0xfe,
    0x77, 0xff, 0xf1, 0x3, 0xff, 0x9d, 0xff, 0xfc,
    0x40, 0xff, 0xe7, 0x7f, 0xff, 0x10, 0x3f, 0xf9,
    0xdf, 0xff, 0xc4, 0xf, 0xfe, 0x77, 0xff, 0xf1,
    0x3, 0xff, 0x84,

    /* U+0040 "@" */
    0xf, 0xfe, 0x8b, 0x4f, 0xfd, 0x45, 0x7, 0xff,
    0xa1, 0xbf, 0xff, 0x8f, 0x7, 0xff, 0x89, 0xff,
    0xfe, 0x74, 0x1f, 0xfd, 0xdb, 0xff, 0xa8, 0xa0,
    0xcb, 0x5f, 0xfd, 0x21, 0xff, 0xd8, 0xbf, 0xe9,
    0xf, 0xfe, 0x2b, 0x7f, 0xa0, 0xff, 0xea, 0xbf,
    0xe8, 0x3f, 0xf9, 0x8f, 0xfa, 0xf, 0xfe, 0x95,
    0xfc, 0x87, 0xff, 0x41, 0xff, 0x7, 0xff, 0x43,
    0xfa, 0xf, 0xfe, 0xa3, 0xfc, 0x87, 0xff, 0x37,
    0xf8, 0x3f, 0xfb, 0x17, 0xe8, 0x3f, 0xf9, 0x4f,
    0xe8, 0x3f, 0xfb, 0x4f, 0xf0, 0x7f, 0xf2, 0x1f,
    0xc8, 0x7f, 0xf7, 0x7f, 0x41, 0xff, 0xc6, 0x7f,
    0x21, 0xff, 0xdf, 0xbe, 0x83, 0xff, 0x88, 0xfe,
    0xf, 0xff, 0x15, 0xf4, 0x1f, 0xfc, 0x3f, 0xc1,
    0xff, 0xe4, 0xfc, 0x87, 0xff, 0x6, 0xf9, 0xf,
    0xff, 0x2f, 0xe0, 0xff, 0xe0, 0x3f, 0x41, 0xff,
    0xe7, 0xfc, 0x1f, 0xf7, 0xe0, 0xff, 0xe3, 0x37,
    0xea, 0x21, 0xff, 0xcd, 0x7e, 0x83, 0xfa, 0xf8,
    0x3f, 0xf8, 0x8d, 0xff, 0xf2, 0x1d, 0xe9, 0x41,
    0xff, 0xc2, 0xbe, 0xf, 0xcf, 0xc8, 0x7f, 0xf0,
    0xef, 0xff, 0xe1, 0x86, 0xff, 0xd4, 0x43, 0xfb,
    0xe8, 0x3e, 0xfc, 0x1f, 0xfc, 0x27, 0xff, 0xf8,
    0xc0, 0x7f, 0xff, 0x80, 0x87, 0xd7, 0xc1, 0xf7,
    0xc8, 0x7f, 0xf0, 0x5f, 0xff, 0xe4, 0x17, 0xff,
    0xf0, 0x3, 0xfb, 0xe4, 0x3a, 0xf8, 0x3f, 0xf8,
    0x2f, 0xff, 0xf5, 0xc3, 0xfa, 0xf8, 0x3b, 0xe4,
    0x3f, 0xf8, 0xf, 0xff, 0xf6, 0x3, 0xf9, 0xf8,
    0x33, 0xf0, 0x7f, 0xf0, 0x7f, 0xff, 0xb1, 0x7,
    0xfb, 0xe4, 0x2f, 0xa0, 0xff, 0xe0, 0x7f, 0xff,
    0x65, 0xf, 0xf5, 0xf0, 0x5f, 0x21, 0xff, 0x3f,
    0xff, 0xd9, 0x43, 0xfc, 0xfc, 0x7, 0xe0, 0xff,
    0xe0, 0x7f, 0xff, 0x68, 0x3f, 0xe7, 0xe0, 0x5f,
    0x7, 0xfc, 0xff, 0xff, 0xd, 0xe, 0xbf, 0xff,
    0x88, 0x1f, 0xfc, 0xf, 0x93, 0xe8, 0x3f, 0xef,
    0xff, 0xe1, 0x41, 0xf9, 0xff, 0xfe, 0x18, 0x7f,
    0xf0, 0x3e, 0x4f, 0x90, 0xff, 0xbf, 0xff, 0x83,
    0x7, 0xfb, 0xff, 0xf8, 0x50, 0x7f, 0xf0, 0x3e,
    0x4f, 0x90, 0xff, 0x3f, 0xff, 0xc1, 0xf, 0xf9,
    0xff, 0xfe, 0xa, 0x1f, 0xfc, 0xf, 0x93, 0xe0,
    0xff, 0xaf, 0xff, 0xe0, 0x21, 0xff, 0xc0, 0xff,
    0xfe, 0x8, 0x7f, 0xf0, 0x7e, 0x57, 0xc1, 0xff,
    0x7f, 0xff, 0x4, 0x3f, 0xf8, 0x3f, 0xff, 0xc1,
    0xf, 0xfe, 0xf, 0xca, 0xf8, 0x3f, 0xef, 0xff,
    0xe0, 0x87, 0xff, 0x7, 0xff, 0xf8, 0x21, 0xff,
    0xc1, 0xf9, 0x5f, 0x7, 0xfd, 0xff, 0xfc, 0x8,
    0x3f, 0xf8, 0x3f, 0xff, 0xc0, 0x83, 0xff, 0x83,
    0xf0, 0xfc, 0x1f, 0xf7, 0xff, 0xf0, 0x20, 0xff,
    0xe0, 0x3f, 0xff, 0xc0, 0x43, 0xff, 0x83, 0xf0,
    0xfc, 0x1f, 0xf7, 0xff, 0xf0, 0x43, 0xff, 0x81,
    0xff, 0xfc, 0x14, 0x3f, 0xf8, 0xf, 0xc3, 0xf0,
    0x7f, 0xdf, 0xff, 0xc1, 0xf, 0xf9, 0xff, 0xfe,
    0x8, 0x7f, 0xf0, 0x6f, 0x40, 0xf8, 0x3f, 0xef,
    0xff, 0xe0, 0xa1, 0xfe, 0xff, 0xfe, 0x10, 0x7f,
    0xf0, 0x7e, 0x41, 0xf2, 0x1f, 0xef, 0xff, 0xe1,
    0x7, 0xf7, 0xff, 0xf0, 0xc3, 0xff, 0x83, 0xf0,
    0x5f, 0x21, 0xfe, 0xbf, 0xff, 0x84, 0x87, 0x5f,
    0xff, 0xc3, 0x83, 0xff, 0x80, 0xfc, 0x17, 0xd0,
    0x7f, 0x9f, 0xff, 0xec, 0x41, 0xff, 0xc0, 0xf9,
    0xa, 0xf8, 0x3f, 0xef, 0xff, 0xec, 0x41, 0xff,
    0x3f, 0x6, 0x7e, 0xf, 0xfb, 0xff, 0xfb, 0x10,
    0x7f, 0xdf, 0x41, 0xdf, 0x21, 0xfe, 0x7f, 0xff,
    0xb0, 0x1f, 0xef, 0xc1, 0xef, 0xa0, 0xff, 0xaf,
    0xff, 0xec, 0x7, 0xef, 0xc1, 0xf5, 0xf0, 0x7f,
    0xf0, 0x3f, 0xff, 0x95, 0x4f, 0xff, 0xe0, 0xa1,
    0x37, 0xe4, 0x3f, 0x7c, 0x87, 0xff, 0x3, 0xff,
    0xf9, 0x10, 0x2f, 0xff, 0xe4, 0xa1, 0xfd, 0xf8,
    0x3f, 0xf8, 0x3f, 0xff, 0xc6, 0x83, 0x7f, 0xff,
    0x21, 0xf, 0xf3, 0xf0, 0x7f, 0xf0, 0xbf, 0xff,
    0x88, 0x87, 0xaf, 0xff, 0xe2, 0x87, 0xff, 0x7,
    0xe8, 0x3f, 0xf8, 0x4f, 0xff, 0xf0, 0x20, 0xff,
    0x5f, 0xff, 0xc1, 0x43, 0xff, 0x84, 0xfc, 0x87,
    0xff, 0x11, 0xbf, 0xa4, 0x3f, 0xf8, 0x4d, 0xfe,
    0x90, 0xff, 0xe3, 0x7e, 0xf, 0xff, 0xc7, 0xd0,
    0x7f, 0xfd, 0xef, 0x90, 0xff, 0xfb, 0xfe, 0xf,
    0xff, 0xc7, 0xe0, 0xff, 0xfb, 0xbf, 0x83, 0xff,
    0xee, 0xfe, 0xf, 0xff, 0xbd, 0xf9, 0xf, 0xff,
    0xb3, 0xf9, 0xf, 0xff, 0xb3, 0xfa, 0xf, 0xfe,
    0xca, 0x1f, 0xfd, 0x1f, 0xe4, 0x3f, 0xfa, 0xaf,
    0xa0, 0xff, 0xe8, 0xdf, 0xc8, 0x7f, 0xf4, 0x5f,
    0xe0, 0xff, 0xe9, 0x3f, 0xe8, 0x3f, 0xf9, 0xb7,
    0xf9, 0xf, 0xfe, 0xa5, 0xff, 0x48, 0x7f, 0xf1,
    0x5b, 0xfe, 0x83, 0xff, 0xb1, 0x7f, 0xf5, 0x16,
    0x2, 0xea, 0x7f, 0xf4, 0x1f, 0xfd, 0xc7, 0xff,
    0xf9, 0xd2, 0x1f, 0xfe, 0x16, 0xff, 0xfe, 0x3c,
    0x87, 0xff, 0xa1, 0xa7, 0xfe, 0xa9, 0xf, 0xfe,
    0x78,

    /* U+0041 "A" */
    0xf, 0xfe, 0x67, 0xff, 0xf0, 0xd0, 0xff, 0xf1,
    0xbf, 0xff, 0xc4, 0xf, 0xff, 0x1f, 0xff, 0xf1,
    0x50, 0xff, 0xf1, 0x7f, 0xff, 0x18, 0x3f, 0xfc,
    0x37, 0xff, 0xf1, 0x83, 0xff, 0xc3, 0xff, 0xfc,
    0x78, 0x3f, 0xfb, 0xef, 0xff, 0xf2, 0x3, 0xff,
    0xbf, 0xff, 0xfc, 0x94, 0x3f, 0xfb, 0xaf, 0xff,
    0xf2, 0x83, 0xff, 0xbb, 0x7f, 0xff, 0x29, 0xf,
    0xfe, 0xe7, 0xff, 0xf2, 0xe0, 0xff, 0xed, 0xdf,
    0xff, 0xcc, 0xf, 0xfe, 0xdf, 0xff, 0xf3, 0x60,
    0xff, 0xec, 0xbf, 0xff, 0xce, 0xf, 0xfe, 0xcf,
    0xff, 0xf3, 0xd0, 0xff, 0xeb, 0xbf, 0xff, 0xd0,
    0xf, 0xfe, 0xbd, 0xff, 0xfd, 0x4, 0x3f, 0xfa,
    0xdf, 0xff, 0xd1, 0x83, 0xff, 0xab, 0x7f, 0xff,
    0x48, 0x3f, 0xfa, 0xbf, 0xff, 0xc3, 0x3f, 0xff,
    0x87, 0x7, 0xff, 0x4d, 0xff, 0xfe, 0x18, 0xff,
    0xff, 0xc, 0x3f, 0xfa, 0x7f, 0xff, 0xc3, 0x41,
    0xff, 0xfc, 0x34, 0x3f, 0xfa, 0x2f, 0xff, 0xf0,
    0xc2, 0xbf, 0xff, 0x86, 0x1f, 0xfd, 0x1b, 0xff,
    0xf8, 0x50, 0x6f, 0xff, 0xe1, 0xa1, 0xff, 0xd0,
    0xff, 0xfe, 0x18, 0x77, 0xff, 0xf0, 0xe0, 0xff,
    0xe7, 0xdf, 0xff, 0xc3, 0xe, 0x7f, 0xff, 0x86,
    0x1f, 0xfc, 0xff, 0xff, 0xe1, 0xa1, 0xef, 0xff,
    0xe1, 0xc1, 0xff, 0xcd, 0x7f, 0xff, 0x86, 0x1f,
    0x5f, 0xff, 0xc3, 0xf, 0xfe, 0x6f, 0xff, 0xf0,
    0xe0, 0xfd, 0xff, 0xfc, 0x34, 0x3f, 0xf9, 0x9f,
    0xff, 0xc3, 0xf, 0xef, 0xff, 0xe2, 0x7, 0xff,
    0x2e, 0xff, 0xfe, 0x18, 0x7f, 0x3f, 0xff, 0xc3,
    0x43, 0xff, 0x95, 0xff, 0xfc, 0x34, 0x3f, 0xdf,
    0xff, 0xc3, 0x83, 0xff, 0x93, 0x7f, 0xff, 0xc,
    0x3f, 0xeb, 0xff, 0xf8, 0x61, 0xff, 0xc9, 0xff,
    0xfe, 0x1c, 0x1f, 0xf3, 0xff, 0xfc, 0x38, 0x3f,
    0xf8, 0xef, 0xff, 0xf8, 0x3, 0xff, 0x8f, 0xff,
    0xfe, 0x14, 0x3f, 0xf8, 0xdf, 0xff, 0xe2, 0xf,
    0xfe, 0x2d, 0xff, 0xfe, 0x20, 0xff, 0xe2, 0xff,
    0xff, 0x8e, 0xf, 0xfe, 0x1b, 0xff, 0xfe, 0x40,
    0xff, 0xe1, 0xff, 0xff, 0x96, 0xf, 0xfe, 0xb,
    0xff, 0xfe, 0x60, 0xff, 0xe0, 0xff, 0xff, 0x9d,
    0xf, 0xfe, 0x7, 0xff, 0xfa, 0x3, 0xfe, 0xbf,
    0xff, 0xd0, 0x1f, 0xf7, 0xff, 0xfa, 0x60, 0xfe,
    0x7f, 0xff, 0x87, 0x7, 0xff, 0x25, 0xff, 0xfe,
    0x20, 0x7f, 0x7f, 0xff, 0x10, 0x3f, 0xf9, 0x7f,
    0xff, 0xc4, 0x83, 0xe7, 0xff, 0xf8, 0x81, 0xff,
    0xcb, 0xbf, 0xff, 0x88, 0x1f, 0x7f, 0xff, 0x11,
    0xf, 0xfe, 0x67, 0xff, 0xf1, 0x10, 0xf7, 0xff,
    0xf1, 0x3, 0xff, 0x9b, 0xff, 0xfc, 0x50, 0xeb,
    0xff, 0xf8, 0x70, 0x7f, 0xf3, 0x5f, 0xff, 0xe2,
    0x7, 0x7f, 0xff, 0x10, 0x3f, 0xf9, 0xff, 0xff,
    0xc4, 0x82, 0x7f, 0xff, 0x88, 0x1f, 0xfc, 0xfb,
    0xff, 0xf8, 0x81, 0x7f, 0xff, 0x11, 0xf, 0xfe,
    0x87, 0xff, 0xf1, 0x11, 0xff, 0xfe, 0x20, 0x7f,
    0xf4, 0x6f, 0xff, 0xe2, 0x0,

    /* U+0042 "B" */
    0x3f, 0xff, 0xa9, 0x44, 0x3f, 0xf8, 0xbf, 0xff,
    0xda, 0x43, 0xff, 0x83, 0xff, 0xfd, 0xc4, 0x3f,
    0xef, 0xff, 0xef, 0x7, 0xfb, 0xff, 0xfb, 0xe8,
    0x7e, 0xff, 0xff, 0x2, 0x1f, 0x7f, 0xff, 0x84,
    0x3e, 0xff, 0xff, 0x10, 0x7b, 0xff, 0xfc, 0x48,
    0x77, 0xff, 0xf8, 0xc3, 0xbf, 0xff, 0xc6, 0x1d,
    0xff, 0xfe, 0x34, 0x37, 0xff, 0xf0, 0xd7, 0xfe,
    0xa7, 0xff, 0xf1, 0xd0, 0xdf, 0xff, 0xc3, 0xf,
    0xfe, 0x13, 0xff, 0xfc, 0x58, 0x37, 0xff, 0xf0,
    0xc3, 0xff, 0x89, 0xff, 0xfc, 0x48, 0x37, 0xff,
    0xf0, 0xc3, 0xff, 0x8b, 0xff, 0xfc, 0x34, 0x37,
    0xff, 0xf0, 0xc3, 0xff, 0x8b, 0xff, 0xfc, 0x34,
    0x37, 0xff, 0xf0, 0xc3, 0xff, 0x8b, 0xff, 0xfc,
    0x30, 0xef, 0xff, 0xe1, 0x87, 0xff, 0x17, 0xff,
    0xf8, 0x61, 0xdf, 0xff, 0xc3, 0xf, 0xfe, 0x23,
    0xff, 0xfc, 0x24, 0x3b, 0xff, 0xf8, 0x61, 0xff,
    0xc3, 0x7f, 0xff, 0x86, 0x1e, 0xff, 0xfe, 0x18,
    0x7f, 0xf0, 0x5b, 0xff, 0xf8, 0x68, 0x7b, 0xff,
    0xfc, 0x10, 0x7d, 0xff, 0xfd, 0xf8, 0x3f, 0x7f,
    0xff, 0x79, 0xf, 0xef, 0xff, 0xee, 0x41, 0xff,
    0x7f, 0xff, 0x6d, 0xf, 0xfe, 0x7, 0xff, 0xf7,
    0x50, 0xff, 0x7f, 0xff, 0x7d, 0xf, 0xdf, 0xff,
    0xe0, 0x83, 0xef, 0xff, 0xf1, 0x7, 0xbf, 0xff,
    0xc6, 0x1d, 0xff, 0xfe, 0x40, 0xdf, 0xff, 0xc3,
    0xf, 0xfe, 0x1b, 0xff, 0xfc, 0x54, 0x2f, 0xff,
    0xe1, 0x87, 0xff, 0x15, 0xff, 0xfe, 0x20, 0x5f,
    0xff, 0xc3, 0xf, 0xfe, 0x33, 0xff, 0xfc, 0x34,
    0x1f, 0xff, 0xc3, 0xf, 0xfe, 0x3f, 0xff, 0xf0,
    0xe0, 0x7f, 0xff, 0xc, 0x3f, 0xf8, 0xf7, 0xff,
    0xf0, 0xc1, 0xff, 0xfc, 0x30, 0xff, 0xe3, 0xdf,
    0xff, 0xc3, 0x7, 0xff, 0xf0, 0xc3, 0xff, 0x8f,
    0x7f, 0xff, 0xc, 0x1f, 0xff, 0xc3, 0xf, 0xfe,
    0x3f, 0xff, 0xf1, 0x1, 0xff, 0xfc, 0x30, 0xff,
    0xe3, 0x7f, 0xff, 0x14, 0x1f, 0xff, 0xc3, 0xf,
    0xfe, 0x23, 0xff, 0xfc, 0x60, 0x7f, 0xff, 0xd,
    0x7f, 0xf8, 0x34, 0xff, 0xfe, 0x3c, 0xf, 0xff,
    0xf2, 0xa0, 0xff, 0xff, 0x28, 0x5f, 0xff, 0xe5,
    0xb, 0xff, 0xfc, 0x88, 0x5f, 0xff, 0xe3, 0x83,
    0x7f, 0xff, 0x8c, 0x3b, 0xff, 0xfc, 0x41, 0xef,
    0xff, 0xf0, 0x87, 0xdf, 0xff, 0xdf, 0x43, 0xf7,
    0xff, 0xf7, 0x60, 0xff, 0x7f, 0xff, 0x6a, 0x43,
    0xff, 0x81, 0xff, 0xfd, 0x5a, 0x21, 0xff, 0xc3,

    /* U+0043 "C" */
    0xf, 0xfe, 0x5b, 0x4f, 0xfd, 0x28, 0x3f, 0xfb,
    0xd, 0xff, 0xfc, 0x68, 0x3f, 0xfa, 0x77, 0xff,
    0xf3, 0x10, 0xff, 0xe7, 0x5f, 0xff, 0xd0, 0x43,
    0xff, 0x94, 0xff, 0xff, 0x50, 0x3f, 0xf9, 0x1f,
    0xff, 0xd7, 0x43, 0xff, 0x88, 0xff, 0xff, 0x66,
    0xf, 0xfe, 0x13, 0xff, 0xfd, 0xb8, 0x3f, 0xf8,
    0x17, 0xff, 0xf7, 0x60, 0xff, 0x3f, 0xff, 0xdf,
    0x83, 0xf3, 0xff, 0xfe, 0x14, 0x3e, 0xff, 0xff,
    0x18, 0x7b, 0xff, 0xfc, 0x68, 0x75, 0xff, 0xfe,
    0x20, 0xfb, 0xff, 0xf9, 0x32, 0x82, 0x55, 0xff,
    0xfc, 0x38, 0x3e, 0xbf, 0xff, 0x8f, 0x7, 0xfd,
    0x7f, 0xff, 0x1, 0xf, 0xdf, 0xff, 0xc7, 0xf,
    0xfe, 0x1d, 0xff, 0xc1, 0xfd, 0x7f, 0xff, 0x16,
    0xf, 0xfe, 0x2b, 0xfe, 0x83, 0xfd, 0xff, 0xfc,
    0x58, 0x3f, 0xf8, 0xef, 0xe4, 0x3f, 0xcf, 0xff,
    0xf1, 0x43, 0xff, 0x92, 0xf8, 0x3f, 0xf8, 0x17,
    0xff, 0xf1, 0x10, 0xff, 0xe5, 0x21, 0xff, 0xc1,
    0xff, 0xfe, 0x28, 0x7f, 0xf6, 0x7f, 0xff, 0x88,
    0x87, 0xff, 0x61, 0xff, 0xfe, 0x20, 0x7f, 0xf6,
    0x6f, 0xff, 0xe1, 0xc1, 0xff, 0xd9, 0xbf, 0xff,
    0x86, 0x87, 0xff, 0x67, 0xff, 0xf8, 0x81, 0xff,
    0xda, 0xff, 0xfe, 0x20, 0x7f, 0xf6, 0xbf, 0xff,
    0x88, 0x1f, 0xfd, 0xaf, 0xff, 0xe2, 0x7, 0xff,
    0x6b, 0xff, 0xf8, 0x81, 0xff, 0xda, 0xff, 0xfe,
    0x22, 0x1f, 0xfd, 0x9f, 0xff, 0xe2, 0x21, 0xff,
    0xd9, 0xbf, 0xff, 0x87, 0x7, 0xff, 0x65, 0xff,
    0xfe, 0x20, 0x7f, 0xf6, 0x5f, 0xff, 0xe2, 0x21,
    0xff, 0xd9, 0xff, 0xfe, 0x28, 0x7f, 0xf6, 0x7f,
    0xff, 0x8a, 0x87, 0xff, 0x29, 0x83, 0xff, 0x80,
    0xff, 0xff, 0x14, 0x3f, 0xf9, 0x5f, 0x7, 0xff,
    0x3, 0xff, 0xf8, 0xb0, 0x7f, 0xf2, 0x3f, 0x90,
    0xff, 0x7f, 0xff, 0x1a, 0xf, 0xfe, 0x2b, 0xff,
    0x41, 0xfc, 0xff, 0xff, 0x1c, 0x3f, 0xf8, 0x77,
    0xff, 0x90, 0xfd, 0x7f, 0xff, 0x1e, 0xf, 0xf9,
    0xff, 0xfe, 0xc, 0x1f, 0xbf, 0xff, 0x93, 0x28,
    0x25, 0x5f, 0xff, 0xc5, 0xf, 0xaf, 0xff, 0xf1,
    0xa1, 0xef, 0xff, 0xf2, 0x21, 0xcf, 0xff, 0xf8,
    0xc3, 0xe7, 0xff, 0xfc, 0x21, 0xfd, 0x7f, 0xff,
    0x7c, 0x3f, 0xef, 0xff, 0xef, 0x7, 0xff, 0x6,
    0xff, 0xfe, 0xda, 0x1f, 0xfc, 0x27, 0xff, 0xfb,
    0x21, 0xff, 0xc5, 0x7f, 0xff, 0xae, 0x1f, 0xfc,
    0x8b, 0xff, 0xfa, 0x68, 0x7f, 0xf2, 0xef, 0xff,
    0xe7, 0xc1, 0xff, 0xcf, 0xbf, 0xff, 0x97, 0x7,
    0xff, 0x4d, 0xff, 0xfe, 0x34, 0x87, 0xff, 0x61,
    0xa7, 0xfe, 0xa2, 0x1f, 0xfc, 0x60,

    /* U+0044 "D" */
    0x2b, 0xff, 0x9c, 0xa0, 0xff, 0xe7, 0xff, 0xff,
    0x4a, 0x43, 0xff, 0x97, 0xff, 0xfd, 0x69, 0xf,
    0xfe, 0x3f, 0xff, 0xf6, 0x50, 0xff, 0xe2, 0xff,
    0xff, 0x6e, 0xf, 0xfe, 0x1f, 0xff, 0xf7, 0x50,
    0xff, 0xe0, 0xff, 0xff, 0x7a, 0xf, 0xfe, 0x7,
    0xff, 0xf8, 0x3, 0xfe, 0xff, 0xff, 0xa, 0x1f,
    0xdf, 0xff, 0xe2, 0xf, 0xef, 0xff, 0xf1, 0x87,
    0xef, 0xff, 0xf2, 0x7, 0xdf, 0xff, 0xe4, 0x83,
    0xdf, 0xff, 0xe5, 0x43, 0xbf, 0xff, 0x86, 0x87,
    0xf3, 0x7f, 0xff, 0x2c, 0x3b, 0xff, 0xf8, 0x68,
    0x7f, 0xf0, 0x6f, 0xff, 0xe4, 0x21, 0xbf, 0xff,
    0x86, 0x87, 0xff, 0xe, 0xff, 0xfe, 0x38, 0x6f,
    0xff, 0xe1, 0xa1, 0xff, 0xc4, 0x7f, 0xff, 0x8c,
    0x85, 0xff, 0xfc, 0x34, 0x3f, 0xf8, 0xaf, 0xff,
    0xf1, 0x60, 0xbf, 0xff, 0x86, 0x87, 0xff, 0x19,
    0xff, 0xfe, 0x28, 0x5f, 0xff, 0xc3, 0x43, 0xff,
    0x8f, 0xff, 0xfc, 0x50, 0xbf, 0xff, 0x86, 0x87,
    0xff, 0x23, 0xff, 0xf8, 0x88, 0x3f, 0xff, 0x86,
    0x87, 0xff, 0x23, 0xff, 0xf8, 0x90, 0x3f, 0xff,
    0x86, 0x87, 0xff, 0x21, 0xff, 0xfe, 0x20, 0x3f,
    0xff, 0x86, 0x87, 0xff, 0x27, 0xff, 0xf8, 0x80,
    0xff, 0xfe, 0x1a, 0x1f, 0xfc, 0x9f, 0xff, 0xe2,
    0x3, 0xff, 0xf8, 0x68, 0x7f, 0xf2, 0x7f, 0xff,
    0x88, 0xf, 0xff, 0xe1, 0xa1, 0xff, 0xc9, 0xff,
    0xfe, 0x20, 0x3f, 0xff, 0x86, 0x87, 0xff, 0x27,
    0xff, 0xf8, 0x80, 0xff, 0xfe, 0x1a, 0x1f, 0xfc,
    0x9f, 0xff, 0xe2, 0x3, 0xff, 0xf8, 0x68, 0x7f,
    0xf2, 0x7f, 0xff, 0x88, 0xf, 0xff, 0xe1, 0xa1,
    0xff, 0xc9, 0xff, 0xfe, 0x20, 0x3f, 0xff, 0x86,
    0x87, 0xff, 0x21, 0xff, 0xfe, 0x20, 0x3f, 0xff,
    0x86, 0x87, 0xff, 0x22, 0xff, 0xfe, 0x1c, 0xf,
    0xff, 0xe1, 0xa1, 0xff, 0xc8, 0xff, 0xfe, 0x22,
    0xf, 0xff, 0xe1, 0xa1, 0xff, 0xc7, 0xbf, 0xff,
    0x88, 0x17, 0xff, 0xf0, 0xd0, 0xff, 0xe3, 0xff,
    0xff, 0x14, 0x2f, 0xff, 0xe1, 0xa1, 0xff, 0xc6,
    0xff, 0xfe, 0x2c, 0x17, 0xff, 0xf0, 0xd0, 0xff,
    0xe2, 0xff, 0xff, 0x18, 0x37, 0xff, 0xf0, 0xd0,
    0xff, 0xe1, 0xbf, 0xff, 0xc7, 0xd, 0xff, 0xfc,
    0x34, 0x3f, 0xf8, 0x57, 0xff, 0xf1, 0xd0, 0xdf,
    0xff, 0xc3, 0x43, 0xfe, 0x7f, 0xff, 0x93, 0x7,
    0x7f, 0xff, 0x12, 0xbe, 0xff, 0xfe, 0x70, 0x7b,
    0xff, 0xfc, 0x90, 0x7b, 0xff, 0xfc, 0x81, 0xf7,
    0xff, 0xf8, 0xc3, 0xf7, 0xff, 0xf8, 0x83, 0xfb,
    0xff, 0xfc, 0x21, 0xfe, 0xff, 0xff, 0x0, 0x7f,
    0xdf, 0xff, 0xde, 0x83, 0xff, 0x81, 0xff, 0xfd,
    0xd4, 0x3f, 0xf8, 0x3f, 0xff, 0xdb, 0x83, 0xff,
    0x87, 0xff, 0xfd, 0x98, 0x3f, 0xf8, 0xbf, 0xff,
    0xd7, 0x83, 0xff, 0x8f, 0xff, 0xfd, 0x49, 0xf,
    0xfe, 0x4f, 0xff, 0xf3, 0xa8, 0x87, 0xff, 0x34,

    /* U+0045 "E" */
    0x3f, 0xff, 0xc2, 0xf, 0xff, 0xf0, 0x83, 0xff,
    0xfc, 0x20, 0xff, 0xff, 0x8, 0x3f, 0xff, 0xc2,
    0xf, 0xff, 0xf0, 0x83, 0xff, 0xfc, 0x20, 0xff,
    0xff, 0x8, 0x3f, 0xff, 0xc2, 0xf, 0xff, 0xf0,
    0x83, 0xff, 0xfc, 0x20, 0xff, 0xff, 0x8, 0x3f,
    0xff, 0xc2, 0xf, 0xff, 0xe1, 0xa1, 0xff, 0xd3,
    0xff, 0xfe, 0x1a, 0x1f, 0xfd, 0x3f, 0xff, 0xe1,
    0xa1, 0xff, 0xd3, 0xff, 0xfe, 0x1a, 0x1f, 0xfd,
    0x3f, 0xff, 0xe1, 0xa1, 0xff, 0xd3, 0xff, 0xfe,
    0x1a, 0x1f, 0xfd, 0x3f, 0xff, 0xe1, 0xa1, 0xff,
    0xd3, 0xff, 0xfe, 0x1a, 0x1f, 0xfd, 0x3f, 0xff,
    0xe1, 0xa1, 0xff, 0xd3, 0xff, 0xfe, 0xf0, 0x77,
    0xff, 0xf7, 0x83, 0xbf, 0xff, 0xbc, 0x1d, 0xff,
    0xfd, 0xe0, 0xef, 0xff, 0xef, 0x7, 0x7f, 0xff,
    0x78, 0x3b, 0xff, 0xfb, 0xc1, 0xdf, 0xff, 0xde,
    0xe, 0xff, 0xfe, 0xf0, 0x77, 0xff, 0xf7, 0x83,
    0xbf, 0xff, 0xbc, 0x1d, 0xff, 0xfd, 0xe0, 0xef,
    0xff, 0xe1, 0xa1, 0xff, 0xd3, 0xff, 0xfe, 0x1a,
    0x1f, 0xfd, 0x3f, 0xff, 0xe1, 0xa1, 0xff, 0xd3,
    0xff, 0xfe, 0x1a, 0x1f, 0xfd, 0x3f, 0xff, 0xe1,
    0xa1, 0xff, 0xd3, 0xff, 0xfe, 0x1a, 0x1f, 0xfd,
    0x3f, 0xff, 0xe1, 0xa1, 0xff, 0xd3, 0xff, 0xfe,
    0x1a, 0x1f, 0xfd, 0x3f, 0xff, 0xe1, 0xa1, 0xff,
    0xd3, 0xff, 0xff, 0xa, 0x7f, 0xff, 0x85, 0x3f,
    0xff, 0xc2, 0x9f, 0xff, 0xe1, 0x4f, 0xff, 0xf0,
    0xa7, 0xff, 0xf8, 0x53, 0xff, 0xfc, 0x29, 0xff,
    0xfe, 0x14, 0xff, 0xff, 0xa, 0x7f, 0xff, 0x85,
    0x3f, 0xff, 0xc2, 0x9f, 0xff, 0xe1, 0x4f, 0xff,
    0xf0, 0xa0,

    /* U+0046 "F" */
    0x3f, 0xff, 0xc2, 0x7f, 0xff, 0x84, 0xff, 0xff,
    0x9, 0xff, 0xfe, 0x13, 0xff, 0xfc, 0x27, 0xff,
    0xf8, 0x4f, 0xff, 0xf0, 0x9f, 0xff, 0xe1, 0x3f,
    0xff, 0xc2, 0x7f, 0xff, 0x84, 0xff, 0xff, 0x9,
    0xff, 0xfe, 0x13, 0xff, 0xfc, 0x27, 0xff, 0xf1,
    0x2b, 0xff, 0xa0, 0x9f, 0xff, 0xc3, 0x43, 0xff,
    0xa5, 0xff, 0xfc, 0x34, 0x3f, 0xfa, 0x5f, 0xff,
    0xc3, 0x43, 0xff, 0xa5, 0xff, 0xfc, 0x34, 0x3f,
    0xfa, 0x5f, 0xff, 0xc3, 0x43, 0xff, 0xa5, 0xff,
    0xfc, 0x34, 0x3f, 0xfa, 0x5f, 0xff, 0xc3, 0x43,
    0xff, 0xa5, 0xff, 0xfc, 0x34, 0x3f, 0xfa, 0x5f,
    0xff, 0xc3, 0x43, 0xff, 0xa5, 0xff, 0xfd, 0xe0,
    0xdf, 0xff, 0xde, 0xd, 0xff, 0xfd, 0xe0, 0xdf,
    0xff, 0xde, 0xd, 0xff, 0xfd, 0xe0, 0xdf, 0xff,
    0xde, 0xd, 0xff, 0xfd, 0xe0, 0xdf, 0xff, 0xde,
    0xd, 0xff, 0xfd, 0xe0, 0xdf, 0xff, 0xde, 0xd,
    0xff, 0xfd, 0xe0, 0xdf, 0xff, 0xde, 0xd, 0xff,
    0xfd, 0xe0, 0xdf, 0xff, 0xc3, 0x43, 0xff, 0xa5,
    0xff, 0xfc, 0x34, 0x3f, 0xfa, 0x5f, 0xff, 0xc3,
    0x43, 0xff, 0xa5, 0xff, 0xfc, 0x34, 0x3f, 0xfa,
    0x5f, 0xff, 0xc3, 0x43, 0xff, 0xa5, 0xff, 0xfc,
    0x34, 0x3f, 0xfa, 0x5f, 0xff, 0xc3, 0x43, 0xff,
    0xa5, 0xff, 0xfc, 0x34, 0x3f, 0xfa, 0x5f, 0xff,
    0xc3, 0x43, 0xff, 0xa5, 0xff, 0xfc, 0x34, 0x3f,
    0xfa, 0x5f, 0xff, 0xc3, 0x43, 0xff, 0xa5, 0xff,
    0xfc, 0x34, 0x3f, 0xfa, 0x5f, 0xff, 0xc3, 0x43,
    0xff, 0xa5, 0xff, 0xfc, 0x34, 0x3f, 0xfa, 0x5f,
    0xff, 0xc3, 0x43, 0xff, 0xa5, 0xff, 0xfc, 0x34,
    0x3f, 0xfa, 0x5f, 0xff, 0xc3, 0x43, 0xff, 0xa5,
    0xff, 0xfc, 0x34, 0x3f, 0xfa, 0x5f, 0xff, 0xc3,
    0x43, 0xff, 0xa5, 0xff, 0xfc, 0x34, 0x3f, 0xfa,
    0x20,

    /* U+0047 "G" */
    0xf, 0xfe, 0x5a, 0xaf, 0xfe, 0xa2, 0x1f, 0xfd,
    0x9b, 0xff, 0xf8, 0xf2, 0x1f, 0xfd, 0x27, 0xff,
    0xf9, 0xb0, 0x7f, 0xf3, 0x9f, 0xff, 0xe8, 0xc1,
    0xff, 0xca, 0x7f, 0xff, 0xab, 0x7, 0xff, 0x1e,
    0xff, 0xfe, 0xc2, 0x1f, 0xfc, 0x4f, 0xff, 0xed,
    0xc1, 0xff, 0xc1, 0x7f, 0xff, 0xbc, 0x1f, 0xf3,
    0xff, 0xfd, 0xf8, 0x3f, 0x9f, 0xff, 0xef, 0xc1,
    0xfe, 0xff, 0xff, 0x0, 0x7f, 0xbf, 0xff, 0xc0,
    0x1f, 0xef, 0xff, 0xf0, 0x7, 0xf9, 0xff, 0xfe,
    0xfa, 0x1f, 0xef, 0xff, 0xe4, 0xc8, 0x7e, 0x7f,
    0xfe, 0x83, 0xfd, 0x7f, 0xff, 0x1e, 0xf, 0xfe,
    0x15, 0xff, 0x41, 0xff, 0x7f, 0xff, 0x1c, 0x3f,
    0xf8, 0xd7, 0xf0, 0x7f, 0xd7, 0xff, 0xf1, 0x83,
    0xff, 0x93, 0xf0, 0x7f, 0xf0, 0x3f, 0xff, 0x8c,
    0x1f, 0xfc, 0xb8, 0x3f, 0xf8, 0xf, 0xff, 0xf1,
    0x43, 0xff, 0xb3, 0x7f, 0xff, 0x11, 0xf, 0xfe,
    0xcf, 0xff, 0xf1, 0x43, 0xff, 0xb5, 0xff, 0xfc,
    0x44, 0x3f, 0xfb, 0x2f, 0xff, 0xf1, 0x3, 0xff,
    0xb5, 0x7f, 0xff, 0xe, 0xf, 0xfe, 0x7, 0xff,
    0xf3, 0xaf, 0xff, 0xe1, 0xa1, 0xff, 0xc0, 0xff,
    0xfe, 0xf0, 0x7f, 0xf0, 0x7f, 0xff, 0xbc, 0x1f,
    0xfc, 0x1f, 0xff, 0xef, 0x7, 0xff, 0x7, 0xff,
    0xfb, 0xc1, 0xff, 0xc1, 0xff, 0xfe, 0xf0, 0x7f,
    0xf0, 0x7f, 0xff, 0xbc, 0x1f, 0xfc, 0x1f, 0xff,
    0xef, 0x21, 0xff, 0xc0, 0xff, 0xfe, 0x75, 0xff,
    0xfc, 0x38, 0x3f, 0xf8, 0x1f, 0xff, 0xce, 0x7f,
    0xff, 0x88, 0x1f, 0xfc, 0xf, 0xff, 0xe7, 0x3f,
    0xff, 0xc4, 0xf, 0xfe, 0x2, 0xff, 0xdf, 0xff,
    0xc3, 0x3f, 0xff, 0x89, 0x7, 0xff, 0x2b, 0xff,
    0xf8, 0x67, 0xff, 0xf1, 0x43, 0xff, 0x95, 0xff,
    0xfc, 0x31, 0xff, 0xfe, 0x24, 0x1f, 0xfc, 0x9f,
    0xff, 0xe1, 0x83, 0xff, 0xf8, 0xb0, 0x7f, 0xf2,
    0x3f, 0xff, 0x86, 0xf, 0xff, 0xe3, 0x21, 0xff,
    0xc7, 0xff, 0xfe, 0x18, 0x1f, 0xff, 0xe3, 0x41,
    0xff, 0xc6, 0xff, 0xfe, 0x18, 0x57, 0xff, 0xf1,
    0xc3, 0xff, 0x88, 0xff, 0xff, 0xc, 0x37, 0xff,
    0xf2, 0x24, 0x3f, 0xe7, 0xff, 0xf8, 0xa1, 0xaf,
    0xff, 0xe5, 0x51, 0x7a, 0xff, 0xfe, 0x40, 0x77,
    0xff, 0xf9, 0x83, 0x9f, 0xff, 0xf2, 0x87, 0x9f,
    0xff, 0xf2, 0x7, 0xcf, 0xff, 0xf8, 0xc3, 0xf5,
    0xff, 0xfe, 0x18, 0x3f, 0x9f, 0xff, 0xef, 0xa1,
    0xff, 0x3f, 0xff, 0xdc, 0x83, 0xff, 0x87, 0xff,
    0xfd, 0xa4, 0x3f, 0xf8, 0xaf, 0xff, 0xf5, 0xa0,
    0xff, 0xe4, 0xbf, 0xff, 0xd2, 0x43, 0xff, 0x9a,
    0xff, 0xff, 0x39, 0xf, 0xfe, 0x95, 0xff, 0xfc,
    0x79, 0xf, 0xfe, 0xc2, 0xaf, 0xfe, 0xa2, 0x1f,
    0xfc, 0x50,

    /* U+0048 "H" */
    0x2b, 0xff, 0x86, 0x87, 0xff, 0x1d, 0xaf, 0xfe,
    0x19, 0xff, 0xfc, 0x34, 0x3f, 0xf8, 0xf7, 0xff,
    0xf0, 0xcf, 0xff, 0xe1, 0xa1, 0xff, 0xc7, 0xbf,
    0xff, 0x86, 0x7f, 0xff, 0xd, 0xf, 0xfe, 0x3d,
    0xff, 0xfc, 0x33, 0xff, 0xf8, 0x68, 0x7f, 0xf1,
    0xef, 0xff, 0xe1, 0x9f, 0xff, 0xc3, 0x43, 0xff,
    0x8f, 0x7f, 0xff, 0xc, 0xff, 0xfe, 0x1a, 0x1f,
    0xfc, 0x7b, 0xff, 0xf8, 0x67, 0xff, 0xf0, 0xd0,
    0xff, 0xe3, 0xdf, 0xff, 0xc3, 0x3f, 0xff, 0x86,
    0x87, 0xff, 0x1e, 0xff, 0xfe, 0x19, 0xff, 0xfc,
    0x34, 0x3f, 0xf8, 0xf7, 0xff, 0xf0, 0xcf, 0xff,
    0xe1, 0xa1, 0xff, 0xc7, 0xbf, 0xff, 0x86, 0x7f,
    0xff, 0xd, 0xf, 0xfe, 0x3d, 0xff, 0xfc, 0x33,
    0xff, 0xf8, 0x68, 0x7f, 0xf1, 0xef, 0xff, 0xe1,
    0x9f, 0xff, 0xc3, 0x43, 0xff, 0x8f, 0x7f, 0xff,
    0xc, 0xff, 0xfe, 0x1a, 0x1f, 0xfc, 0x7b, 0xff,
    0xf8, 0x67, 0xff, 0xf0, 0xd0, 0xff, 0xe3, 0xdf,
    0xff, 0xc3, 0x3f, 0xff, 0x86, 0x87, 0xff, 0x1e,
    0xff, 0xfe, 0x19, 0xff, 0xfc, 0x34, 0x3f, 0xf8,
    0xf7, 0xff, 0xf0, 0xcf, 0xff, 0xe1, 0xa1, 0xff,
    0xc7, 0xbf, 0xff, 0x86, 0x7f, 0xff, 0xd, 0xf,
    0xfe, 0x3d, 0xff, 0xfc, 0x33, 0xff, 0xf8, 0x68,
    0x7f, 0xf1, 0xef, 0xff, 0xe1, 0x9f, 0xff, 0xe7,
    0x3f, 0xff, 0xce, 0x7f, 0xff, 0x9c, 0xff, 0xff,
    0x39, 0xff, 0xfe, 0x73, 0xff, 0xfc, 0xe7, 0xff,
    0xf9, 0xcf, 0xff, 0xf3, 0x9f, 0xff, 0xe7, 0x3f,
    0xff, 0xce, 0x7f, 0xff, 0x9c, 0xff, 0xff, 0x39,
    0xff, 0xfe, 0x73, 0xff, 0xf8, 0x95, 0xff, 0xc7,
    0xff, 0xfe, 0x21, 0xff, 0xfc, 0x34, 0x3f, 0xf8,
    0xf7, 0xff, 0xf0, 0xcf, 0xff, 0xe1, 0xa1, 0xff,
    0xc7, 0xbf, 0xff, 0x86, 0x7f, 0xff, 0xd, 0xf,
    0xfe, 0x3d, 0xff, 0xfc, 0x33, 0xff, 0xf8, 0x68,
    0x7f, 0xf1, 0xef, 0xff, 0xe1, 0x9f, 0xff, 0xc3,
    0x43, 0xff, 0x8f, 0x7f, 0xff, 0xc, 0xff, 0xfe,
    0x1a, 0x1f, 0xfc, 0x7b, 0xff, 0xf8, 0x67, 0xff,
    0xf0, 0xd0, 0xff, 0xe3, 0xdf, 0xff, 0xc3, 0x3f,
    0xff, 0x86, 0x87, 0xff, 0x1e, 0xff, 0xfe, 0x19,
    0xff, 0xfc, 0x34, 0x3f, 0xf8, 0xf7, 0xff, 0xf0,
    0xcf, 0xff, 0xe1, 0xa1, 0xff, 0xc7, 0xbf, 0xff,
    0x86, 0x7f, 0xff, 0xd, 0xf, 0xfe, 0x3d, 0xff,
    0xfc, 0x33, 0xff, 0xf8, 0x68, 0x7f, 0xf1, 0xef,
    0xff, 0xe1, 0x9f, 0xff, 0xc3, 0x43, 0xff, 0x8f,
    0x7f, 0xff, 0xc, 0xff, 0xfe, 0x1a, 0x1f, 0xfc,
    0x7b, 0xff, 0xf8, 0x67, 0xff, 0xf0, 0xd0, 0xff,
    0xe3, 0xdf, 0xff, 0xc3, 0x3f, 0xff, 0x86, 0x87,
    0xff, 0x1e, 0xff, 0xfe, 0x19, 0xff, 0xfc, 0x34,
    0x3f, 0xf8, 0xf7, 0xff, 0xf0, 0xcf, 0xff, 0xe1,
    0xa1, 0xff, 0xc7, 0xbf, 0xff, 0x86, 0x7f, 0xff,
    0xd, 0xf, 0xfe, 0x3d, 0xff, 0xfc, 0x33, 0xff,
    0xf8, 0x68, 0x7f, 0xf1, 0xef, 0xff, 0xe1, 0x9f,
    0xff, 0xc3, 0x43, 0xff, 0x8f, 0x7f, 0xff, 0xc,

    /* U+0049 "I" */
    0xaf, 0xfe, 0x2f, 0xff, 0xf0, 0xef, 0xff, 0xe1,
    0xdf, 0xff, 0xc3, 0xbf, 0xff, 0x87, 0x7f, 0xff,
    0xe, 0xff, 0xfe, 0x1d, 0xff, 0xfc, 0x3b, 0xff,
    0xf8, 0x77, 0xff, 0xf0, 0xef, 0xff, 0xe1, 0xdf,
    0xff, 0xc3, 0xbf, 0xff, 0x87, 0x7f, 0xff, 0xe,
    0xff, 0xfe, 0x1d, 0xff, 0xfc, 0x3b, 0xff, 0xf8,
    0x77, 0xff, 0xf0, 0xef, 0xff, 0xe1, 0xdf, 0xff,
    0xc3, 0xbf, 0xff, 0x87, 0x7f, 0xff, 0xe, 0xff,
    0xfe, 0x1d, 0xff, 0xfc, 0x3b, 0xff, 0xf8, 0x77,
    0xff, 0xf0, 0xef, 0xff, 0xe1, 0xdf, 0xff, 0xc3,
    0xbf, 0xff, 0x87, 0x7f, 0xff, 0xe, 0xff, 0xfe,
    0x1d, 0xff, 0xfc, 0x3b, 0xff, 0xf8, 0x77, 0xff,
    0xf0, 0xef, 0xff, 0xe1, 0xdf, 0xff, 0xc3, 0xbf,
    0xff, 0x87, 0x7f, 0xff, 0xe, 0xff, 0xfe, 0x1d,
    0xff, 0xfc, 0x3b, 0xff, 0xf8, 0x77, 0xff, 0xf0,
    0xef, 0xff, 0xe1, 0xdf, 0xff, 0xc3, 0xbf, 0xff,
    0x87, 0x7f, 0xff, 0xe, 0xff, 0xfe, 0x1d, 0xff,
    0xfc, 0x3b, 0xff, 0xf8, 0x77, 0xff, 0xf0, 0xef,
    0xff, 0xe1, 0xdf, 0xff, 0xc3, 0xbf, 0xff, 0x87,
    0x7f, 0xff, 0xe, 0xff, 0xfe, 0x1d, 0xff, 0xfc,
    0x30,

    /* U+004A "J" */
    0xf, 0xfe, 0x6a, 0xff, 0xf1, 0x3, 0xff, 0x9b,
    0x7f, 0xff, 0xc, 0x3f, 0xf9, 0xb7, 0xff, 0xf0,
    0xc3, 0xff, 0x9b, 0x7f, 0xff, 0xc, 0x3f, 0xf9,
    0xb7, 0xff, 0xf0, 0xc3, 0xff, 0x9b, 0x7f, 0xff,
    0xc, 0x3f, 0xf9, 0xb7, 0xff, 0xf0, 0xc3, 0xff,
    0x9b, 0x7f, 0xff, 0xc, 0x3f, 0xf9, 0xb7, 0xff,
    0xf0, 0xc3, 0xff, 0x9b, 0x7f, 0xff, 0xc, 0x3f,
    0xf9, 0xb7, 0xff, 0xf0, 0xc3, 0xff, 0x9b, 0x7f,
    0xff, 0xc, 0x3f, 0xf9, 0xb7, 0xff, 0xf0, 0xc3,
    0xff, 0x9b, 0x7f, 0xff, 0xc, 0x3f, 0xf9, 0xb7,
    0xff, 0xf0, 0xc3, 0xff, 0x9b, 0x7f, 0xff, 0xc,
    0x3f, 0xf9, 0xb7, 0xff, 0xf0, 0xc3, 0xff, 0x9b,
    0x7f, 0xff, 0xc, 0x3f, 0xf9, 0xb7, 0xff, 0xf0,
    0xc3, 0xff, 0x9b, 0x7f, 0xff, 0xc, 0x3f, 0xf9,
    0xb7, 0xff, 0xf0, 0xc3, 0xff, 0x9b, 0x7f, 0xff,
    0xc, 0x3f, 0xf9, 0xb7, 0xff, 0xf0, 0xc3, 0xff,
    0x9b, 0x7f, 0xff, 0xc, 0x3f, 0xf9, 0xb7, 0xff,
    0xf0, 0xc3, 0xff, 0x9b, 0x7f, 0xff, 0xc, 0x3f,
    0xf9, 0xb7, 0xff, 0xf0, 0xc3, 0xff, 0x9b, 0x7f,
    0xff, 0xc, 0x3f, 0xf9, 0xb7, 0xff, 0xf0, 0xc3,
    0xff, 0x9b, 0x7f, 0xff, 0xc, 0x3f, 0xf9, 0xb7,
    0xff, 0xf0, 0xc3, 0xff, 0x9b, 0x7f, 0xff, 0xc,
    0x3f, 0xf9, 0xb7, 0xff, 0xf0, 0xc3, 0xff, 0x9b,
    0x7f, 0xff, 0xc, 0x3f, 0xf9, 0xb7, 0xff, 0xf0,
    0xc3, 0xff, 0x9b, 0x7f, 0xff, 0xc, 0x3f, 0xf9,
    0xb7, 0xff, 0xf0, 0xc3, 0xff, 0x9b, 0xff, 0xfc,
    0x38, 0x3f, 0xc8, 0x7f, 0xf0, 0xbf, 0xff, 0x87,
    0x7, 0xf7, 0x90, 0xff, 0xe0, 0x3f, 0xff, 0xc3,
    0x83, 0xf7, 0xe4, 0x3f, 0xef, 0xff, 0xe2, 0x41,
    0xf7, 0xfa, 0xf, 0xe7, 0xff, 0xf8, 0x88, 0x73,
    0xff, 0xc8, 0x7a, 0xff, 0xfe, 0x28, 0x73, 0xff,
    0xfc, 0x1a, 0x7f, 0xff, 0x20, 0x33, 0xff, 0xfd,
    0x78, 0x27, 0xff, 0xfb, 0x1, 0x3f, 0xff, 0xd8,
    0x80, 0xff, 0xff, 0x64, 0x37, 0xff, 0xf6, 0x20,
    0xef, 0xff, 0xeb, 0x87, 0xdf, 0xff, 0xd5, 0xf,
    0xef, 0xff, 0xe9, 0x87, 0xfd, 0xff, 0xfd, 0x10,
    0xff, 0xe0, 0xbf, 0xff, 0xcd, 0x83, 0xff, 0x89,
    0x7f, 0xff, 0x26, 0xf, 0xfe, 0x43, 0x7f, 0xff,
    0x12, 0xf, 0xfe, 0x6a, 0xaf, 0xfa, 0x88, 0x7f,
    0xf0, 0xc0,

    /* U+004B "K" */
    0x2b, 0xff, 0x86, 0x87, 0xff, 0x19, 0xaf, 0xfe,
    0x30, 0x3f, 0xff, 0x86, 0x87, 0xff, 0x15, 0xff,
    0xfe, 0x30, 0x5f, 0xff, 0xc3, 0x43, 0xff, 0x8b,
    0xff, 0xfc, 0x60, 0xdf, 0xff, 0xc3, 0x43, 0xff,
    0x89, 0xff, 0xfc, 0x64, 0x37, 0xff, 0xf0, 0xd0,
    0xff, 0xe1, 0xff, 0xff, 0x19, 0xe, 0xff, 0xfe,
    0x1a, 0x1f, 0xfc, 0x2b, 0xff, 0xf8, 0xb0, 0x7b,
    0xff, 0xf8, 0x68, 0x7f, 0xf0, 0x6f, 0xff, 0xe2,
    0xc1, 0xf7, 0xff, 0xf0, 0xd0, 0xff, 0xe0, 0x3f,
    0xff, 0xc6, 0xf, 0xdf, 0xff, 0xc3, 0x43, 0xfe,
    0x7f, 0xff, 0x8c, 0x1f, 0xdf, 0xff, 0xc3, 0x43,
    0xfe, 0xff, 0xfe, 0x30, 0x7f, 0xbf, 0xff, 0x86,
    0x87, 0xfb, 0xff, 0xf8, 0xc1, 0xff, 0x7f, 0xff,
    0xd, 0xf, 0xef, 0xff, 0xe3, 0x21, 0xff, 0x7f,
    0xff, 0xd, 0xf, 0xd7, 0xff, 0xf1, 0x50, 0xff,
    0xe0, 0x7f, 0xff, 0xd, 0xf, 0xaf, 0xff, 0xe2,
    0xa1, 0xff, 0xc1, 0xff, 0xfe, 0x1a, 0x1e, 0x7f,
    0xff, 0x8b, 0x7, 0xff, 0xb, 0xff, 0xf8, 0x68,
    0x7b, 0xff, 0xf8, 0xb0, 0x7f, 0xf0, 0xff, 0xff,
    0x86, 0x87, 0x7f, 0xff, 0x18, 0x3f, 0xf8, 0x9f,
    0xff, 0xc3, 0x43, 0x7f, 0xff, 0x18, 0x3f, 0xf8,
    0xbf, 0xff, 0xc3, 0x42, 0xbf, 0xff, 0x8a, 0x1f,
    0xfc, 0x6f, 0xff, 0xe1, 0xa0, 0xbf, 0xff, 0x8a,
    0x1f, 0xfc, 0x7f, 0xff, 0xe1, 0xa3, 0xff, 0xfc,
    0x54, 0x3f, 0xf8, 0xff, 0xff, 0xc3, 0x57, 0xff,
    0xf1, 0x50, 0xff, 0xe4, 0x7f, 0xff, 0xe, 0xff,
    0xfe, 0x2a, 0x1f, 0xfc, 0x9f, 0xff, 0xea, 0x41,
    0xff, 0xca, 0xff, 0xfe, 0xa0, 0x7f, 0xf2, 0xff,
    0xff, 0xaa, 0x1f, 0xfc, 0xaf, 0xff, 0xea, 0xc1,
    0xff, 0xc9, 0xff, 0xfe, 0xb0, 0x7f, 0xf2, 0x7f,
    0xff, 0xae, 0x1f, 0xfc, 0x8f, 0xff, 0xeb, 0xc1,
    0xff, 0xc7, 0xff, 0xfe, 0xc2, 0x1f, 0xfc, 0x6f,
    0xff, 0xec, 0x87, 0xff, 0x1b, 0xff, 0xfb, 0x30,
    0x7f, 0xf1, 0x7f, 0xff, 0xb4, 0x87, 0xff, 0x13,
    0xff, 0xfb, 0x61, 0xff, 0xc4, 0xff, 0xfe, 0x4d,
    0xff, 0xfc, 0x58, 0x3f, 0xf8, 0x7f, 0xff, 0xc8,
    0x7, 0xff, 0xf1, 0x90, 0xff, 0xe1, 0x7f, 0xff,
    0x1c, 0x27, 0xff, 0xf8, 0xc1, 0xff, 0xc2, 0xff,
    0xfe, 0x32, 0x1a, 0xff, 0xfe, 0x30, 0x7f, 0xf0,
    0x7f, 0xff, 0x8a, 0x87, 0xbf, 0xff, 0x8c, 0x87,
    0xff, 0x3, 0xff, 0xf8, 0x88, 0x7c, 0xff, 0xff,
    0x18, 0x3f, 0xf8, 0x1f, 0xff, 0xc3, 0x83, 0xfa,
    0xff, 0xfe, 0x30, 0x7f, 0xdf, 0xff, 0xc3, 0x43,
    0xfd, 0xff, 0xfc, 0x68, 0x3f, 0xdf, 0xff, 0xc3,
    0x43, 0xfc, 0xff, 0xff, 0x18, 0x3f, 0xdf, 0xff,
    0xc3, 0x43, 0xfe, 0xbf, 0xff, 0x8c, 0x1f, 0xdf,
    0xff, 0xc3, 0x43, 0xff, 0x81, 0xff, 0xfc, 0x68,
    0x3f, 0x7f, 0xff, 0xd, 0xf, 0xfe, 0xf, 0xff,
    0xf1, 0x90, 0xfb, 0xff, 0xf8, 0x68, 0x7f, 0xf0,
    0x6f, 0xff, 0xe3, 0x7, 0xdf, 0xff, 0xc3, 0x43,
    0xff, 0x85, 0xff, 0xfc, 0x68, 0x3d, 0xff, 0xfc,
    0x34, 0x3f, 0xf8, 0x7f, 0xff, 0xc6, 0x43, 0xbf,
    0xff, 0x86, 0x87, 0xff, 0xe, 0xff, 0xfe, 0x30,
    0x77, 0xff, 0xf0, 0xd0, 0xff, 0xe2, 0x7f, 0xff,
    0x1c, 0x37, 0xff, 0xf0, 0xd0, 0xff, 0xe2, 0xff,
    0xff, 0x19, 0xb, 0xff, 0xf8, 0x68, 0x7f, 0xf1,
    0x5f, 0xff, 0xe3, 0x5, 0xff, 0xfc, 0x34, 0x3f,
    0xf8, 0xdf, 0xff, 0xc7, 0x7, 0xff, 0xf0, 0xd0,
    0xff, 0xe3, 0xff, 0xff, 0x1a,

    /* U+004C "L" */
    0x17, 0xff, 0x86, 0x1f, 0xfd, 0x1f, 0xff, 0xe1,
    0xa1, 0xff, 0xd0, 0xff, 0xfe, 0x1a, 0x1f, 0xfd,
    0xf, 0xff, 0xe1, 0xa1, 0xff, 0xd0, 0xff, 0xfe,
    0x1a, 0x1f, 0xfd, 0xf, 0xff, 0xe1, 0xa1, 0xff,
    0xd0, 0xff, 0xfe, 0x1a, 0x1f, 0xfd, 0xf, 0xff,
    0xe1, 0xa1, 0xff, 0xd0, 0xff, 0xfe, 0x1a, 0x1f,
    0xfd, 0xf, 0xff, 0xe1, 0xa1, 0xff, 0xd0, 0xff,
    0xfe, 0x1a, 0x1f, 0xfd, 0xf, 0xff, 0xe1, 0xa1,
    0xff, 0xd0, 0xff, 0xfe, 0x1a, 0x1f, 0xfd, 0xf,
    0xff, 0xe1, 0xa1, 0xff, 0xd0, 0xff, 0xfe, 0x1a,
    0x1f, 0xfd, 0xf, 0xff, 0xe1, 0xa1, 0xff, 0xd0,
    0xff, 0xfe, 0x1a, 0x1f, 0xfd, 0xf, 0xff, 0xe1,
    0xa1, 0xff, 0xd0, 0xff, 0xfe, 0x1a, 0x1f, 0xfd,
    0xf, 0xff, 0xe1, 0xa1, 0xff, 0xd0, 0xff, 0xfe,
    0x1a, 0x1f, 0xfd, 0xf, 0xff, 0xe1, 0xa1, 0xff,
    0xd0, 0xff, 0xfe, 0x1a, 0x1f, 0xfd, 0xf, 0xff,
    0xe1, 0xa1, 0xff, 0xd0, 0xff, 0xfe, 0x1a, 0x1f,
    0xfd, 0xf, 0xff, 0xe1, 0xa1, 0xff, 0xd0, 0xff,
    0xfe, 0x1a, 0x1f, 0xfd, 0xf, 0xff, 0xe1, 0xa1,
    0xff, 0xd0, 0xff, 0xfe, 0x1a, 0x1f, 0xfd, 0xf,
    0xff, 0xe1, 0xa1, 0xff, 0xd0, 0xff, 0xfe, 0x1a,
    0x1f, 0xfd, 0xf, 0xff, 0xe1, 0xa1, 0xff, 0xd0,
    0xff, 0xfe, 0x1a, 0x1f, 0xfd, 0xf, 0xff, 0xe1,
    0xa1, 0xff, 0xd0, 0xff, 0xfe, 0x1a, 0x1f, 0xfd,
    0xf, 0xff, 0xe1, 0xa1, 0xff, 0xd0, 0xff, 0xfe,
    0x1a, 0x1f, 0xfd, 0xf, 0xff, 0xe1, 0xa1, 0xff,
    0xd0, 0xff, 0xfe, 0x1a, 0x1f, 0xfd, 0xf, 0xff,
    0xe1, 0xa1, 0xff, 0xd0, 0xff, 0xfe, 0x1a, 0x1f,
    0xfd, 0xf, 0xff, 0xe1, 0xa1, 0xff, 0xd0, 0xff,
    0xfe, 0x25, 0x7f, 0xf3, 0x93, 0xff, 0xfb, 0xd1,
    0xff, 0xfd, 0xe8, 0xff, 0xfe, 0xf4, 0x7f, 0xff,
    0x7a, 0x3f, 0xff, 0xbd, 0x1f, 0xff, 0xde, 0x8f,
    0xff, 0xef, 0x47, 0xff, 0xf7, 0xa3, 0xff, 0xfb,
    0xd1, 0xff, 0xfd, 0xe8, 0xff, 0xfe, 0xf4, 0x7f,
    0xff, 0x7a, 0x3f, 0xff, 0xbd, 0x0,

    /* U+004D "M" */
    0x2b, 0xff, 0x88, 0x87, 0xff, 0x3a, 0xbf, 0xf8,
    0x89, 0xff, 0xfc, 0x50, 0xff, 0xe6, 0xdf, 0xff,
    0xc4, 0x4f, 0xff, 0xe2, 0xc1, 0xff, 0xcb, 0x7f,
    0xff, 0x8a, 0x9f, 0xff, 0xc6, 0x43, 0xff, 0x95,
    0xff, 0xfc, 0x64, 0xff, 0xfe, 0x38, 0x7f, 0xf2,
    0x6f, 0xff, 0xe3, 0x27, 0xff, 0xf1, 0xe0, 0xff,
    0xe4, 0x7f, 0xff, 0x1d, 0x3f, 0xff, 0x90, 0x1f,
    0xfc, 0x7f, 0xff, 0xe4, 0x27, 0xff, 0xf2, 0x43,
    0xff, 0x8a, 0xff, 0xff, 0x21, 0x3f, 0xff, 0x92,
    0x87, 0xff, 0x13, 0xff, 0xf9, 0x29, 0xff, 0xfc,
    0xa0, 0xff, 0xe1, 0xdf, 0xff, 0xc9, 0x4f, 0xff,
    0xe5, 0x41, 0xff, 0xc2, 0xff, 0xfe, 0x52, 0x7f,
    0xff, 0x2d, 0xf, 0xfe, 0x7, 0xff, 0xf2, 0xd3,
    0xff, 0xf9, 0x81, 0xff, 0x3f, 0xff, 0xcb, 0x4f,
    0xff, 0xe6, 0x41, 0xfe, 0xff, 0xfe, 0x62, 0x7f,
    0xff, 0x34, 0x3f, 0xaf, 0xff, 0xe6, 0x27, 0xff,
    0xf3, 0x83, 0xe7, 0xff, 0xf9, 0xa9, 0xff, 0xfc,
    0xe4, 0x3d, 0xff, 0xfc, 0xe4, 0xff, 0xfe, 0x78,
    0x75, 0xff, 0xfc, 0xe4, 0xff, 0xfe, 0x7c, 0x1b,
    0xff, 0xf9, 0xe9, 0xff, 0xfd, 0x4, 0x1f, 0xff,
    0xd0, 0x4f, 0xff, 0xe8, 0x8f, 0xff, 0xf4, 0x13,
    0xff, 0xfa, 0x37, 0xff, 0xf4, 0x53, 0xff, 0xfd,
    0xe9, 0xff, 0xfe, 0xf4, 0xff, 0xfe, 0xfd, 0xff,
    0xfc, 0x34, 0xff, 0xfe, 0x19, 0xff, 0xfc, 0xf3,
    0xff, 0xf8, 0x69, 0xff, 0xfc, 0x31, 0xff, 0xfe,
    0x6a, 0x7f, 0xff, 0xd, 0x3f, 0xff, 0x86, 0xb,
    0xff, 0xf9, 0x80, 0xff, 0xfe, 0x1a, 0x7f, 0xff,
    0xc, 0x2f, 0xff, 0xe5, 0x85, 0xff, 0xfc, 0x34,
    0xff, 0xfe, 0x18, 0x4f, 0xff, 0xf2, 0x50, 0xbf,
    0xff, 0x86, 0x9f, 0xff, 0xc3, 0xd, 0x7f, 0xff,
    0x20, 0x37, 0xff, 0xf0, 0xd3, 0xff, 0xf8, 0x61,
    0xdf, 0xff, 0xc7, 0xe, 0xff, 0xfe, 0x1a, 0x7f,
    0xff, 0xc, 0x39, 0xff, 0xfe, 0x2a, 0x1d, 0xff,
    0xfc, 0x34, 0xff, 0xfe, 0x18, 0x7a, 0xff, 0xfe,
    0x20, 0x7b, 0xff, 0xf8, 0x69, 0xff, 0xfc, 0x30,
    0xfb, 0xff, 0xf8, 0x61, 0xf7, 0xff, 0xf0, 0xd3,
    0xff, 0xf8, 0x61, 0xf3, 0xff, 0xfc, 0x14, 0x3e,
    0xff, 0xfe, 0x1a, 0x7f, 0xff, 0xc, 0x3f, 0x5f,
    0xff, 0xc0, 0xf, 0xdf, 0xff, 0xc3, 0x4f, 0xff,
    0xe1, 0x87, 0xf7, 0xff, 0xc1, 0xfd, 0xff, 0xfc,
    0x34, 0xff, 0xfe, 0x18, 0x7f, 0x3f, 0xfd, 0x7,
    0xf7, 0xff, 0xf0, 0xd3, 0xff, 0xf8, 0x61, 0xfe,
    0xbf, 0xf0, 0x7f, 0xbf, 0xff, 0x86, 0x9f, 0xff,
    0xc3, 0xf, 0xfb, 0xfe, 0xf, 0xfb, 0xff, 0xf8,
    0x69, 0xff, 0xfc, 0x30, 0xff, 0x9f, 0xe8, 0x3f,
    0xef, 0xff, 0xe1, 0xa7, 0xff, 0xf0, 0xc3, 0xff,
    0x81, 0xfc, 0x1f, 0xfc, 0xf, 0xff, 0xe1, 0xa7,
    0xff, 0xf0, 0xc3, 0xff, 0x83, 0xf0, 0x7f, 0xf0,
    0x7f, 0xff, 0x86, 0x9f, 0xff, 0xc3, 0xf, 0xfe,
    0xb, 0xc1, 0xff, 0xc1, 0xff, 0xfe, 0x1a, 0x7f,
    0xff, 0xc, 0x3f, 0xf8, 0x50, 0x7f, 0xf0, 0xbf,
    0xff, 0x86, 0x9f, 0xff, 0xc3, 0xf, 0xfe, 0x8f,
    0xff, 0xf0, 0xd3, 0xff, 0xf8, 0x61, 0xff, 0xd1,
    0xff, 0xfe, 0x1a, 0x7f, 0xff, 0xc, 0x3f, 0xfa,
    0x3f, 0xff, 0xc3, 0x4f, 0xff, 0xe1, 0x87, 0xff,
    0x47, 0xff, 0xf8, 0x69, 0xff, 0xfc, 0x30, 0xff,
    0xe8, 0xff, 0xff, 0xd, 0x3f, 0xff, 0x86, 0x1f,
    0xfd, 0x1f, 0xff, 0xe1, 0xa7, 0xff, 0xf0, 0xc3,
    0xff, 0xa3, 0xff, 0xfc, 0x34, 0xff, 0xfe, 0x18,
    0x7f, 0xf4, 0x7f, 0xff, 0x86, 0x9f, 0xff, 0xc3,
    0xf, 0xfe, 0x8f, 0xff, 0xf0, 0xd3, 0xff, 0xf8,
    0x61, 0xff, 0xd1, 0xff, 0xfe, 0x1a,

    /* U+004E "N" */
    0x2b, 0xff, 0x84, 0x87, 0xff, 0x29, 0xaf, 0xfe,
    0x19, 0xff, 0xfc, 0x34, 0x3f, 0xf9, 0x37, 0xff,
    0xf0, 0xcf, 0xff, 0xe2, 0x7, 0xff, 0x26, 0xff,
    0xfe, 0x19, 0xff, 0xfc, 0x50, 0xff, 0xe4, 0x5f,
    0xff, 0xc3, 0x3f, 0xff, 0x8b, 0x7, 0xff, 0x1e,
    0xff, 0xfe, 0x19, 0xff, 0xfc, 0x68, 0x3f, 0xf8,
    0xd7, 0xff, 0xf0, 0xcf, 0xff, 0xe3, 0xa1, 0xff,
    0xc5, 0xbf, 0xff, 0x86, 0x7f, 0xff, 0x20, 0x3f,
    0xf8, 0xb7, 0xff, 0xf0, 0xcf, 0xff, 0xe4, 0x87,
    0xff, 0x12, 0xff, 0xfe, 0x19, 0xff, 0xfc, 0x98,
    0x3f, 0xf8, 0x77, 0xff, 0xf0, 0xcf, 0xff, 0xe5,
    0x21, 0xff, 0xc2, 0xbf, 0xff, 0x86, 0x7f, 0xff,
    0x2c, 0x3f, 0xf8, 0x57, 0xff, 0xf0, 0xcf, 0xff,
    0xe6, 0x7, 0xff, 0x6, 0xff, 0xfe, 0x19, 0xff,
    0xfc, 0xd0, 0xff, 0xe0, 0x5f, 0xff, 0xc3, 0x3f,
    0xff, 0x9b, 0x7, 0xfd, 0x7f, 0xff, 0xc, 0xff,
    0xfe, 0x72, 0x1f, 0xeb, 0xff, 0xf8, 0x67, 0xff,
    0xf3, 0xc3, 0xfd, 0x7f, 0xff, 0xc, 0xff, 0xfe,
    0x80, 0x7f, 0x5f, 0xff, 0xc3, 0x3f, 0xff, 0xa1,
    0x7, 0xeb, 0xff, 0xf8, 0x67, 0xff, 0xf4, 0x50,
    0xfa, 0xff, 0xfe, 0x19, 0xff, 0xfd, 0x24, 0x3d,
    0x7f, 0xff, 0xc, 0xff, 0xfe, 0x98, 0x7a, 0xff,
    0xfe, 0x19, 0xff, 0xfd, 0x40, 0xeb, 0xff, 0xf8,
    0x67, 0xff, 0xf5, 0x20, 0xd7, 0xff, 0xf0, 0xcf,
    0xff, 0xea, 0xa1, 0x5f, 0xff, 0xc3, 0x3f, 0xff,
    0xac, 0x15, 0xff, 0xfc, 0x33, 0xff, 0xf8, 0x6f,
    0xff, 0xf1, 0xc1, 0x7f, 0xff, 0xc, 0xff, 0xfe,
    0x1a, 0x7f, 0xff, 0x1a, 0x2f, 0xff, 0xe1, 0x9f,
    0xff, 0xc3, 0x47, 0xff, 0xf8, 0xd4, 0xff, 0xfe,
    0x19, 0xff, 0xfc, 0x34, 0x17, 0xff, 0xf5, 0x8f,
    0xff, 0xe1, 0xa1, 0x5f, 0xff, 0xd5, 0x3f, 0xff,
    0x86, 0x86, 0xff, 0xfe, 0xa9, 0xff, 0xfc, 0x34,
    0x3b, 0xff, 0xfa, 0x87, 0xff, 0xf0, 0xd0, 0xe7,
    0xff, 0xfa, 0x67, 0xff, 0xf0, 0xd0, 0xf5, 0xff,
    0xfd, 0x23, 0xff, 0xf8, 0x68, 0x7d, 0xff, 0xfd,
    0x23, 0xff, 0xf8, 0x68, 0x7e, 0xff, 0xfe, 0x89,
    0xff, 0xfc, 0x34, 0x3f, 0x3f, 0xff, 0xd0, 0x3f,
    0xff, 0x86, 0x87, 0xf3, 0xff, 0xfc, 0xf3, 0xff,
    0xf8, 0x68, 0x7f, 0xaf, 0xff, 0xe7, 0x1f, 0xff,
    0xc3, 0x43, 0xfe, 0xff, 0xfe, 0x71, 0xff, 0xfc,
    0x34, 0x3f, 0xf8, 0x1f, 0xff, 0xcd, 0x3f, 0xff,
    0x86, 0x87, 0xff, 0x1, 0xff, 0xfe, 0x61, 0xff,
    0xfc, 0x34, 0x3f, 0xf8, 0x37, 0xff, 0xf2, 0xcf,
    0xff, 0xe1, 0xa1, 0xff, 0xc2, 0xff, 0xfe, 0x59,
    0xff, 0xfc, 0x34, 0x3f, 0xf8, 0x7f, 0xff, 0xca,
    0x3f, 0xff, 0x86, 0x87, 0xff, 0x13, 0xff, 0xf9,
    0x27, 0xff, 0xf0, 0xd0, 0xff, 0xe2, 0x3f, 0xff,
    0xc8, 0x3f, 0xff, 0x86, 0x87, 0xff, 0x16, 0xff,
    0xfe, 0x39, 0xff, 0xfc, 0x34, 0x3f, 0xf8, 0xdf,
    0xff, 0xc7, 0x3f, 0xff, 0x86, 0x87, 0xff, 0x1f,
    0xff, 0xf8, 0xc7, 0xff, 0xf0, 0xd0, 0xff, 0xe3,
    0xbf, 0xff, 0xc5, 0x3f, 0xff, 0x86, 0x87, 0xff,
    0x22, 0xff, 0xfe, 0x21, 0xff, 0xfc, 0x34, 0x3f,
    0xf9, 0x37, 0xff, 0xf0, 0xcf, 0xff, 0xe1, 0xa1,
    0xff, 0xca, 0xff, 0xfe, 0x19, 0xff, 0xfc, 0x34,
    0x3f, 0xf9, 0x7f, 0xff, 0xc2,

    /* U+004F "O" */
    0xf, 0xfe, 0x63, 0x4f, 0xfa, 0x50, 0x7f, 0xf8,
    0x1b, 0xff, 0xf8, 0xb2, 0x1f, 0xfd, 0xab, 0xff,
    0xf9, 0x70, 0x7f, 0xf5, 0xaf, 0xff, 0xe7, 0xc1,
    0xff, 0xd2, 0xbf, 0xff, 0xa6, 0x87, 0xff, 0x39,
    0xff, 0xfe, 0xb8, 0x7f, 0xf3, 0x2f, 0xff, 0xec,
    0xa1, 0xff, 0xc9, 0xff, 0xfe, 0xe4, 0x1f, 0xfc,
    0x67, 0xff, 0xfb, 0xd0, 0x7f, 0xf1, 0x7f, 0xff,
    0xc1, 0x7, 0xff, 0xf, 0xff, 0xfc, 0x48, 0x7f,
    0xf0, 0x7f, 0xff, 0xc8, 0x87, 0xfd, 0x7f, 0xff,
    0x94, 0x3f, 0xcf, 0xff, 0xf9, 0xc3, 0xfb, 0xff,
    0xf9, 0x4a, 0xe, 0x6f, 0xff, 0xe4, 0xa1, 0xf3,
    0xff, 0xfc, 0x78, 0x3f, 0xf8, 0x17, 0xff, 0xf2,
    0x3, 0xef, 0xff, 0xe3, 0xa1, 0xff, 0xc3, 0xbf,
    0xff, 0x8c, 0x87, 0x5f, 0xff, 0xc6, 0xf, 0xfe,
    0x35, 0xff, 0xfc, 0x60, 0xef, 0xff, 0xe3, 0x7,
    0xff, 0x22, 0xff, 0xfe, 0x2a, 0x13, 0xff, 0xfc,
    0x50, 0xff, 0xe5, 0x5f, 0xff, 0xc5, 0xa, 0xff,
    0xfe, 0x22, 0x1f, 0xfc, 0xbf, 0xff, 0xe2, 0x85,
    0xff, 0xfc, 0x50, 0xff, 0xe6, 0x3f, 0xff, 0xc4,
    0x41, 0xff, 0xfc, 0x44, 0x3f, 0xf9, 0xbf, 0xff,
    0xc4, 0x87, 0xff, 0xf8, 0x81, 0xff, 0xce, 0x7f,
    0xff, 0x88, 0x5f, 0xff, 0xc3, 0x83, 0xff, 0x9f,
    0xff, 0xfc, 0x42, 0xff, 0xfe, 0x1a, 0x1f, 0xfc,
    0xff, 0xff, 0xe2, 0x1f, 0xff, 0xc4, 0xf, 0xfe,
    0x85, 0xff, 0xfc, 0x33, 0xff, 0xf8, 0x81, 0xff,
    0xd0, 0xbf, 0xff, 0x86, 0xff, 0xff, 0x10, 0x3f,
    0xfa, 0x17, 0xff, 0xf0, 0xdf, 0xff, 0xe2, 0x7,
    0xff, 0x42, 0xff, 0xfe, 0x1b, 0xff, 0xfc, 0x40,
    0xff, 0xe8, 0x5f, 0xff, 0xc3, 0x7f, 0xff, 0x88,
    0x1f, 0xfd, 0xb, 0xff, 0xf8, 0x67, 0xff, 0xf1,
    0x10, 0xff, 0xe7, 0xff, 0xff, 0x10, 0xbf, 0xff,
    0x87, 0x7, 0xff, 0x3f, 0xff, 0xf8, 0x83, 0xff,
    0xfc, 0x40, 0xff, 0xe7, 0x3f, 0xff, 0xc4, 0x1f,
    0xff, 0xe2, 0x21, 0xff, 0xcd, 0xff, 0xfe, 0x24,
    0xf, 0xff, 0xe2, 0x87, 0xff, 0x31, 0xff, 0xfe,
    0x22, 0xb, 0xff, 0xf8, 0x88, 0x7f, 0xf2, 0xff,
    0xff, 0x8a, 0x13, 0xff, 0xfc, 0x50, 0xff, 0xe5,
    0x5f, 0xff, 0xc4, 0x83, 0x7f, 0xff, 0x18, 0x3f,
    0xf9, 0xf, 0xff, 0xf1, 0x50, 0xd7, 0xff, 0xf1,
    0x83, 0xff, 0x8c, 0xff, 0xff, 0x18, 0x3d, 0xff,
    0xfc, 0x74, 0x3f, 0xf8, 0x77, 0xff, 0xf1, 0x90,
    0xf5, 0xff, 0xfc, 0x78, 0x3f, 0xf8, 0xf, 0xff,
    0xf2, 0x3, 0xf7, 0xff, 0xf2, 0x90, 0xf3, 0x7f,
    0xff, 0x25, 0xf, 0xcf, 0xff, 0xf9, 0xa0, 0xff,
    0x7f, 0xff, 0x98, 0x3f, 0xf8, 0x1f, 0xff, 0xe4,
    0x43, 0xff, 0x83, 0xff, 0xfe, 0x24, 0x3f, 0xf8,
    0x4f, 0xff, 0xf8, 0x20, 0xff, 0xe2, 0x3f, 0xff,
    0xde, 0x83, 0xff, 0x8c, 0xff, 0xff, 0x71, 0xf,
    0xfe, 0x4f, 0xff, 0xf6, 0x90, 0xff, 0xe5, 0xdf,
    0xff, 0xd7, 0xf, 0xfe, 0x73, 0xff, 0xfd, 0x44,
    0x3f, 0xfa, 0x2f, 0xff, 0xf4, 0x20, 0xff, 0xea,
    0xbf, 0xff, 0xcc, 0x83, 0xff, 0xb5, 0x7f, 0xff,
    0x1a, 0x43, 0xff, 0xbe, 0xd3, 0xff, 0x51, 0xf,
    0xfe, 0x60,

    /* U+0050 "P" */
    0x3f, 0xff, 0x9f, 0x52, 0x1f, 0xfc, 0x6f, 0xff,
    0xea, 0xc8, 0x7f, 0xf0, 0xbf, 0xff, 0xb0, 0x87,
    0xff, 0x3, 0xff, 0xfb, 0x48, 0x7f, 0xbf, 0xff,
    0xb7, 0x7, 0xf7, 0xff, 0xf7, 0x43, 0xf7, 0xff,
    0xf7, 0x83, 0xef, 0xff, 0xef, 0x87, 0xbf, 0xff,
    0xc0, 0x1d, 0xff, 0xfe, 0x4, 0x37, 0xff, 0xf8,
    0x43, 0x7f, 0xff, 0x86, 0xb, 0xff, 0xfc, 0x41,
    0x7f, 0xff, 0xd, 0xf, 0xe6, 0xff, 0xfe, 0x38,
    0x5f, 0xff, 0xc3, 0x43, 0xff, 0x80, 0xff, 0xff,
    0x16, 0x7, 0xff, 0xf0, 0xd0, 0xff, 0xe1, 0x7f,
    0xff, 0x14, 0x1f, 0xff, 0xc3, 0x43, 0xff, 0x84,
    0xff, 0xff, 0x10, 0x1f, 0xff, 0xc3, 0x43, 0xff,
    0x87, 0xff, 0xfc, 0x40, 0x7f, 0xff, 0xd, 0xf,
    0xfe, 0x1d, 0xff, 0xfc, 0x30, 0x7f, 0xff, 0xd,
    0xf, 0xfe, 0x1b, 0xff, 0xfc, 0x30, 0x7f, 0xff,
    0xd, 0xf, 0xfe, 0x1b, 0xff, 0xfc, 0x30, 0x7f,
    0xff, 0xd, 0xf, 0xfe, 0x1b, 0xff, 0xfc, 0x30,
    0x7f, 0xff, 0xd, 0xf, 0xfe, 0x1d, 0xff, 0xfc,
    0x30, 0x7f, 0xff, 0xd, 0xf, 0xfe, 0x1f, 0xff,
    0xf1, 0x1, 0xff, 0xfc, 0x34, 0x3f, 0xf8, 0x4f,
    0xff, 0xf0, 0xe0, 0x7f, 0xff, 0xd, 0xf, 0xfe,
    0xb, 0xff, 0xfc, 0x44, 0x1f, 0xff, 0xc3, 0x43,
    0xff, 0x81, 0x7f, 0xff, 0x14, 0x2f, 0xff, 0xe1,
    0xc1, 0xfc, 0xdf, 0xff, 0xc7, 0xb, 0xff, 0xfc,
    0x28, 0x5f, 0xff, 0xe1, 0xd, 0xff, 0xfe, 0x0,
    0xef, 0xff, 0xef, 0xc1, 0xdf, 0xff, 0xdf, 0xf,
    0x7f, 0xff, 0x78, 0x3e, 0xff, 0xfe, 0xe4, 0x1f,
    0xbf, 0xff, 0xb6, 0x87, 0xf7, 0xff, 0xf6, 0x60,
    0xff, 0xbf, 0xff, 0xaf, 0x21, 0xff, 0xc0, 0xff,
    0xfe, 0xaa, 0x1f, 0xfc, 0x3f, 0xff, 0xe7, 0xd1,
    0xf, 0xfe, 0x3f, 0xff, 0xf0, 0xd0, 0xff, 0xea,
    0xff, 0xff, 0xd, 0xf, 0xfe, 0xaf, 0xff, 0xf0,
    0xd0, 0xff, 0xea, 0xff, 0xff, 0xd, 0xf, 0xfe,
    0xaf, 0xff, 0xf0, 0xd0, 0xff, 0xea, 0xff, 0xff,
    0xd, 0xf, 0xfe, 0xaf, 0xff, 0xf0, 0xd0, 0xff,
    0xea, 0xff, 0xff, 0xd, 0xf, 0xfe, 0xaf, 0xff,
    0xf0, 0xd0, 0xff, 0xea, 0xff, 0xff, 0xd, 0xf,
    0xfe, 0xaf, 0xff, 0xf0, 0xd0, 0xff, 0xea, 0xff,
    0xff, 0xd, 0xf, 0xfe, 0xaf, 0xff, 0xf0, 0xd0,
    0xff, 0xea, 0xff, 0xff, 0xd, 0xf, 0xfe, 0xaf,
    0xff, 0xf0, 0xd0, 0xff, 0xea, 0xff, 0xff, 0xd,
    0xf, 0xfe, 0xa0,

    /* U+0051 "Q" */
    0xf, 0xfe, 0x63, 0x4f, 0xfa, 0x50, 0x7f, 0xf8,
    0x5b, 0xff, 0xf8, 0xb2, 0x1f, 0xfd, 0xbb, 0xff,
    0xf9, 0x70, 0x7f, 0xf5, 0xef, 0xff, 0xe7, 0xc1,
    0xff, 0xd3, 0xbf, 0xff, 0xa6, 0x87, 0xff, 0x3d,
    0xff, 0xfe, 0xb8, 0x7f, 0xf3, 0x6f, 0xff, 0xec,
    0xa1, 0xff, 0xca, 0xff, 0xfe, 0xe4, 0x1f, 0xfc,
    0x77, 0xff, 0xfb, 0xd0, 0x7f, 0xf1, 0xbf, 0xff,
    0xc1, 0x7, 0xff, 0x13, 0xff, 0xfc, 0x48, 0x7f,
    0xf0, 0xbf, 0xff, 0xc8, 0x87, 0xff, 0x2, 0xff,
    0xff, 0x28, 0x7f, 0xcf, 0xff, 0xf9, 0xc3, 0xfd,
    0xff, 0xfc, 0xa9, 0xe, 0x6f, 0xff, 0xe4, 0xa1,
    0xf9, 0xff, 0xfe, 0x3c, 0x1f, 0xfc, 0xb, 0xff,
    0xf9, 0x1, 0xfb, 0xff, 0xf8, 0xe8, 0x7f, 0xf0,
    0xef, 0xff, 0xe3, 0x21, 0xeb, 0xff, 0xf8, 0xc1,
    0xff, 0xc6, 0xbf, 0xff, 0x8c, 0x1e, 0xff, 0xfe,
    0x30, 0x7f, 0xf2, 0x2f, 0xff, 0xe2, 0xa1, 0x9f,
    0xff, 0xe2, 0x87, 0xff, 0x2a, 0xff, 0xfe, 0x28,
    0x6b, 0xff, 0xf8, 0x88, 0x7f, 0xf2, 0xff, 0xff,
    0x8a, 0x1b, 0xff, 0xf8, 0xa1, 0xff, 0xcc, 0x7f,
    0xff, 0x88, 0x85, 0xff, 0xfc, 0x44, 0x3f, 0xf9,
    0xbf, 0xff, 0xc4, 0x80, 0xff, 0xff, 0x10, 0x3f,
    0xf9, 0xcf, 0xff, 0xf1, 0x1, 0x7f, 0xff, 0xe,
    0xf, 0xfe, 0x7f, 0xff, 0xf1, 0x1, 0x7f, 0xff,
    0xd, 0xf, 0xfe, 0x7f, 0xff, 0xf1, 0x1, 0xff,
    0xfc, 0x40, 0xff, 0xe8, 0x5f, 0xff, 0xc3, 0x7,
    0xff, 0xf1, 0x3, 0xff, 0xa1, 0x7f, 0xff, 0xd,
    0x3f, 0xff, 0x88, 0x1f, 0xfc, 0x76, 0xf, 0x9f,
    0xff, 0xe1, 0xa7, 0xff, 0xf1, 0x3, 0xff, 0x8c,
    0xfa, 0xf, 0x3f, 0xff, 0xc3, 0x4f, 0xff, 0xe2,
    0x7, 0xff, 0x15, 0xfe, 0xe, 0xbf, 0xff, 0x86,
    0xf, 0xff, 0xe2, 0x7, 0xff, 0x17, 0xfe, 0xd,
    0x7f, 0xff, 0xc, 0x1f, 0xff, 0xc4, 0x43, 0xff,
    0x87, 0xff, 0xc1, 0x5f, 0xff, 0xc3, 0x5, 0xff,
    0xfc, 0x38, 0x3f, 0xf8, 0x5f, 0xff, 0x27, 0xff,
    0xf1, 0x0, 0xff, 0xff, 0x10, 0x3f, 0xf8, 0x3f,
    0xff, 0xc1, 0xbf, 0xff, 0x88, 0x7, 0xff, 0xf8,
    0x81, 0xff, 0xc0, 0xbf, 0xff, 0xa3, 0x5, 0xff,
    0xfc, 0x48, 0x3f, 0xd7, 0xff, 0xf4, 0x90, 0xaf,
    0xff, 0xe2, 0x7, 0xfd, 0xff, 0xfd, 0x20, 0xcf,
    0xff, 0xf1, 0x43, 0xfe, 0xbf, 0xff, 0x9f, 0x7,
    0x7f, 0xff, 0x16, 0xf, 0xf9, 0xff, 0xfe, 0x72,
    0x1d, 0x7f, 0xff, 0x16, 0xf, 0xf9, 0xff, 0xfe,
    0x68, 0x7d, 0xff, 0xfc, 0x70, 0xff, 0xe0, 0x7f,
    0xff, 0x2d, 0xf, 0xaf, 0xff, 0xe3, 0xa1, 0xff,
    0x7f, 0xff, 0x28, 0x3f, 0xbf, 0xff, 0x93, 0x7,
    0xe6, 0xff, 0xfe, 0x42, 0x1f, 0xcf, 0xff, 0xf3,
    0x6f, 0xff, 0xe6, 0x41, 0xff, 0x7f, 0xff, 0x9c,
    0x3f, 0xf8, 0x1f, 0xff, 0xe7, 0xf, 0xfe, 0x7,
    0xff, 0xf9, 0xd0, 0xff, 0x3f, 0xff, 0xe7, 0x83,
    0xfc, 0xff, 0xff, 0x9e, 0xf, 0xf3, 0xff, 0xfe,
    0x68, 0x3f, 0xf8, 0x1f, 0xff, 0xe4, 0x83, 0xff,
    0x85, 0x7f, 0xff, 0x88, 0x3f, 0xf8, 0x8f, 0xff,
    0xf5, 0x15, 0xff, 0xe0, 0xff, 0xe3, 0xbf, 0xff,
    0xd0, 0x82, 0x7f, 0xf0, 0x7f, 0xf2, 0x9f, 0xff,
    0xe6, 0x21, 0xf7, 0xf8, 0x3f, 0xf9, 0xd7, 0xff,
    0xf1, 0xa0, 0xff, 0xbf, 0x7, 0xff, 0x49, 0xa7,
    0xfe, 0xa2, 0x1f, 0xfc, 0x3f, 0x21, 0xff, 0xf0,
    0x43, 0xf0,

    /* U+0052 "R" */
    0x3f, 0xff, 0xa5, 0x52, 0x1f, 0xfc, 0x7f, 0xff,
    0xec, 0x48, 0x7f, 0xf0, 0xff, 0xff, 0xb6, 0x87,
    0xff, 0x7, 0xff, 0xfb, 0xa8, 0x7f, 0xdf, 0xff,
    0xde, 0x83, 0xfd, 0xff, 0xfe, 0x0, 0xfe, 0xff,
    0xff, 0x8, 0x7e, 0xff, 0xff, 0x10, 0x7d, 0xff,
    0xfe, 0x28, 0x3d, 0xff, 0xfe, 0x30, 0xf7, 0xff,
    0xf9, 0x3, 0xbf, 0xff, 0xc8, 0x86, 0xff, 0xff,
    0x24, 0x1b, 0xff, 0xf8, 0x72, 0xff, 0xd4, 0xff,
    0xfe, 0x40, 0x6f, 0xff, 0xe1, 0xa1, 0xff, 0xc2,
    0x7f, 0xff, 0x8c, 0x1b, 0xff, 0xf8, 0x68, 0x7f,
    0xf1, 0x2f, 0xff, 0xe2, 0x21, 0x7f, 0xff, 0xd,
    0xf, 0xfe, 0x2f, 0xff, 0xf1, 0x10, 0xbf, 0xff,
    0x86, 0x87, 0xff, 0x15, 0xff, 0xfe, 0x1c, 0x17,
    0xff, 0xf0, 0xd0, 0xff, 0xe3, 0x7f, 0xff, 0xe,
    0xb, 0xff, 0xf8, 0x68, 0x7f, 0xf1, 0xbf, 0xff,
    0x87, 0x5, 0xff, 0xfc, 0x34, 0x3f, 0xf8, 0xdf,
    0xff, 0xc3, 0x82, 0xff, 0xfe, 0x1a, 0x1f, 0xfc,
    0x6f, 0xff, 0xe1, 0xa1, 0x7f, 0xff, 0xd, 0xf,
    0xfe, 0x2b, 0xff, 0xfc, 0x34, 0x2f, 0xff, 0xe1,
    0xa1, 0xff, 0xc5, 0xff, 0xfe, 0x20, 0x6f, 0xff,
    0xe1, 0xa1, 0xff, 0xc4, 0xbf, 0xff, 0x88, 0x1b,
    0xff, 0xf8, 0x68, 0x7f, 0xf0, 0xef, 0xff, 0xe2,
    0x41, 0xbf, 0xff, 0x87, 0x7, 0xfc, 0xab, 0xff,
    0xf8, 0xc8, 0x6f, 0xff, 0xf2, 0x7, 0x7f, 0xff,
    0x8d, 0xe, 0xff, 0xff, 0x18, 0x7b, 0xff, 0xfc,
    0x41, 0xf7, 0xff, 0xf8, 0x43, 0xf7, 0xff, 0xf8,
    0x10, 0xfd, 0xff, 0xfd, 0xf0, 0xff, 0x7f, 0xff,
    0x76, 0xf, 0xfb, 0xff, 0xfb, 0x88, 0x7f, 0xf0,
    0x3f, 0xff, 0xb4, 0x87, 0xff, 0xb, 0xff, 0xfb,
    0x61, 0xff, 0xc2, 0xff, 0xfe, 0xdc, 0x1f, 0xfc,
    0x1f, 0xff, 0xe1, 0xa1, 0xe7, 0xff, 0xf8, 0xa1,
    0xff, 0xc1, 0xff, 0xfe, 0x1a, 0x1f, 0x5f, 0xff,
    0xc5, 0xf, 0xfe, 0x7, 0xff, 0xf0, 0xd0, 0xfd,
    0xff, 0xfc, 0x58, 0x3f, 0xef, 0xff, 0xe1, 0xa1,
    0xf9, 0xff, 0xfe, 0x2a, 0x1f, 0xef, 0xff, 0xe1,
    0xa1, 0xfd, 0x7f, 0xff, 0x14, 0x3f, 0xdf, 0xff,
    0xc3, 0x43, 0xfd, 0xff, 0xfc, 0x58, 0x3f, 0xbf,
    0xff, 0x86, 0x87, 0xf9, 0xff, 0xfe, 0x2a, 0x1f,
    0xbf, 0xff, 0x86, 0x87, 0xfd, 0x7f, 0xff, 0x14,
    0x3f, 0x7f, 0xff, 0xd, 0xf, 0xfe, 0x7, 0xff,
    0xf1, 0x60, 0xfb, 0xff, 0xf8, 0x68, 0x7f, 0xf0,
    0x1f, 0xff, 0xe2, 0xa1, 0xef, 0xff, 0xe1, 0xa1,
    0xff, 0xc1, 0xbf, 0xff, 0x8a, 0x1e, 0xff, 0xfe,
    0x1a, 0x1f, 0xfc, 0x2f, 0xff, 0xe2, 0xc1, 0xdf,
    0xff, 0xc3, 0x43, 0xff, 0x84, 0xff, 0xff, 0x15,
    0xd, 0xff, 0xfc, 0x34, 0x3f, 0xf8, 0x7f, 0xff,
    0xc6, 0xd, 0xff, 0xfc, 0x34, 0x3f, 0xf8, 0x9f,
    0xff, 0xc6, 0xb, 0xff, 0xf8, 0x68, 0x7f, 0xf1,
    0x1f, 0xff, 0xe2, 0xa0, 0xff, 0xfe, 0x1a, 0x1f,
    0xfc, 0x5f, 0xff, 0xe3, 0x0,

    /* U+0053 "S" */
    0xf, 0xfe, 0x3a, 0xaa, 0xf5, 0x4b, 0x7, 0xff,
    0x55, 0xbf, 0xff, 0x8b, 0x21, 0xff, 0xcf, 0x7f,
    0xff, 0x99, 0x7, 0xff, 0x29, 0xff, 0xfe, 0x8a,
    0x1f, 0xfc, 0x6b, 0xff, 0xfa, 0x88, 0x7f, 0xf0,
    0xff, 0xff, 0xb0, 0x1f, 0xfc, 0x1f, 0xff, 0xed,
    0x21, 0xfe, 0xff, 0xfe, 0xe4, 0x1f, 0xaf, 0xff,
    0xee, 0x21, 0xf3, 0xff, 0xfd, 0xc8, 0x3f, 0x7f,
    0xff, 0x74, 0x3f, 0x3f, 0xff, 0xdc, 0x43, 0xf5,
    0xff, 0xfd, 0xb8, 0x3f, 0xbf, 0xff, 0x8b, 0x7,
    0x2a, 0xff, 0xfe, 0x10, 0x7f, 0x3f, 0xff, 0xc4,
    0xf, 0xfe, 0x3, 0xff, 0xe0, 0xff, 0x3f, 0xff,
    0xc3, 0x43, 0xff, 0x84, 0xff, 0xc8, 0x7f, 0x9f,
    0xff, 0xe1, 0x87, 0xff, 0x1b, 0xf4, 0x1f, 0xf5,
    0xff, 0xfc, 0x30, 0xff, 0xe3, 0xbe, 0xf, 0xfe,
    0x5, 0xff, 0xfc, 0x38, 0x3f, 0xfa, 0xb7, 0xff,
    0xf1, 0x20, 0xff, 0xea, 0x3f, 0xff, 0xc6, 0x83,
    0xff, 0xa4, 0xff, 0xff, 0x26, 0x43, 0xff, 0x9f,
    0xff, 0xfc, 0xd9, 0xf, 0xfe, 0x5d, 0xff, 0xfd,
    0x9, 0xf, 0xfe, 0x3b, 0xff, 0xfd, 0x39, 0xf,
    0xfe, 0x2f, 0xff, 0xf5, 0x90, 0xff, 0xe1, 0xbf,
    0xff, 0xd7, 0x43, 0xff, 0x85, 0x7f, 0xff, 0x61,
    0xf, 0xfe, 0xd, 0xff, 0xfd, 0x84, 0x3f, 0xf8,
    0x37, 0xff, 0xf6, 0x20, 0xff, 0xe0, 0xbf, 0xff,
    0xd8, 0x83, 0xff, 0x85, 0x7f, 0xff, 0x5c, 0x3f,
    0xf8, 0x8f, 0xff, 0xf5, 0x83, 0xff, 0x8a, 0xdf,
    0xff, 0xd3, 0x43, 0xff, 0x8e, 0xdf, 0xff, 0xd0,
    0x83, 0xff, 0x96, 0xdf, 0xff, 0xcd, 0xf, 0xfe,
    0x7b, 0x7f, 0xff, 0x25, 0xf, 0xfe, 0x95, 0xff,
    0xfc, 0x64, 0x3f, 0x90, 0xff, 0xe5, 0x5f, 0xff,
    0xc4, 0x43, 0xf5, 0xc1, 0xff, 0xca, 0xbf, 0xff,
    0x87, 0x7, 0xcf, 0xe4, 0x3f, 0xf9, 0xf, 0xff,
    0xf0, 0xe0, 0xfb, 0xfd, 0x7, 0xff, 0x23, 0xff,
    0xf8, 0x68, 0x7b, 0xff, 0xa4, 0x3f, 0xf8, 0x8f,
    0xff, 0xf0, 0xd0, 0xef, 0xff, 0xe0, 0xa1, 0xff,
    0xc2, 0xff, 0xfe, 0x20, 0x75, 0xff, 0xfc, 0x49,
    0xf, 0xd7, 0xff, 0xf1, 0x43, 0x5f, 0xff, 0xe0,
    0x82, 0x7f, 0xff, 0xc2, 0x85, 0xff, 0xfe, 0x20,
    0xbf, 0xff, 0xc4, 0x84, 0xff, 0xff, 0x82, 0xf,
    0x7f, 0xff, 0x7c, 0x3f, 0x5f, 0xff, 0xdc, 0xf,
    0xf3, 0xff, 0xfd, 0xa0, 0xff, 0xe0, 0xbf, 0xff,
    0xd6, 0x83, 0xff, 0x88, 0xff, 0xff, 0x4d, 0xf,
    0xfe, 0x45, 0xff, 0xfc, 0xe4, 0x3f, 0xf9, 0xb7,
    0xff, 0xf2, 0x24, 0x3f, 0xfa, 0x6d, 0x3f, 0xfa,
    0x88, 0x7f, 0xf1, 0x0,

    /* U+0054 "T" */
    0x2b, 0xff, 0xca, 0x7f, 0xff, 0x94, 0xff, 0xff,
    0x29, 0xff, 0xfe, 0x53, 0xff, 0xfc, 0xa7, 0xff,
    0xf9, 0x4f, 0xff, 0xf2, 0x9f, 0xff, 0xe5, 0x3f,
    0xff, 0xca, 0x7f, 0xff, 0x94, 0xff, 0xff, 0x29,
    0xff, 0xfe, 0x53, 0xff, 0xfc, 0xa7, 0xff, 0xf9,
    0x43, 0xff, 0x8a, 0xff, 0xff, 0xc, 0x3f, 0xfa,
    0xcf, 0xff, 0xf0, 0xc3, 0xff, 0xac, 0xff, 0xff,
    0xc, 0x3f, 0xfa, 0xcf, 0xff, 0xf0, 0xc3, 0xff,
    0xac, 0xff, 0xff, 0xc, 0x3f, 0xfa, 0xcf, 0xff,
    0xf0, 0xc3, 0xff, 0xac, 0xff, 0xff, 0xc, 0x3f,
    0xfa, 0xcf, 0xff, 0xf0, 0xc3, 0xff, 0xac, 0xff,
    0xff, 0xc, 0x3f, 0xfa, 0xcf, 0xff, 0xf0, 0xc3,
    0xff, 0xac, 0xff, 0xff, 0xc, 0x3f, 0xfa, 0xcf,
    0xff, 0xf0, 0xc3, 0xff, 0xac, 0xff, 0xff, 0xc,
    0x3f, 0xfa, 0xcf, 0xff, 0xf0, 0xc3, 0xff, 0xac,
    0xff, 0xff, 0xc, 0x3f, 0xfa, 0xcf, 0xff, 0xf0,
    0xc3, 0xff, 0xac, 0xff, 0xff, 0xc, 0x3f, 0xfa,
    0xcf, 0xff, 0xf0, 0xc3, 0xff, 0xac, 0xff, 0xff,
    0xc, 0x3f, 0xfa, 0xcf, 0xff, 0xf0, 0xc3, 0xff,
    0xac, 0xff, 0xff, 0xc, 0x3f, 0xfa, 0xcf, 0xff,
    0xf0, 0xc3, 0xff, 0xac, 0xff, 0xff, 0xc, 0x3f,
    0xfa, 0xcf, 0xff, 0xf0, 0xc3, 0xff, 0xac, 0xff,
    0xff, 0xc, 0x3f, 0xfa, 0xcf, 0xff, 0xf0, 0xc3,
    0xff, 0xac, 0xff, 0xff, 0xc, 0x3f, 0xfa, 0xcf,
    0xff, 0xf0, 0xc3, 0xff, 0xac, 0xff, 0xff, 0xc,
    0x3f, 0xfa, 0xcf, 0xff, 0xf0, 0xc3, 0xff, 0xac,
    0xff, 0xff, 0xc, 0x3f, 0xfa, 0xcf, 0xff, 0xf0,
    0xc3, 0xff, 0xac, 0xff, 0xff, 0xc, 0x3f, 0xfa,
    0xcf, 0xff, 0xf0, 0xc3, 0xff, 0xac, 0xff, 0xff,
    0xc, 0x3f, 0xfa, 0xcf, 0xff, 0xf0, 0xc3, 0xff,
    0xac, 0xff, 0xff, 0xc, 0x3f, 0xfa, 0xcf, 0xff,
    0xf0, 0xc3, 0xff, 0xac, 0xff, 0xff, 0xc, 0x3f,
    0xfa, 0xcf, 0xff, 0xf0, 0xc3, 0xff, 0xac, 0xff,
    0xff, 0xc, 0x3f, 0xfa, 0xcf, 0xff, 0xf0, 0xc3,
    0xff, 0x8a,

    /* U+0055 "U" */
    0x5f, 0xfe, 0x20, 0x7f, 0xf2, 0x57, 0xff, 0x86,
    0x7f, 0xff, 0x10, 0x3f, 0xf9, 0xf, 0xff, 0xf0,
    0xdf, 0xff, 0xe2, 0x7, 0xff, 0x21, 0xff, 0xfe,
    0x1b, 0xff, 0xfc, 0x40, 0xff, 0xe4, 0x3f, 0xff,
    0xc3, 0x7f, 0xff, 0x88, 0x1f, 0xfc, 0x87, 0xff,
    0xf8, 0x6f, 0xff, 0xf1, 0x3, 0xff, 0x90, 0xff,
    0xff, 0xd, 0xff, 0xfe, 0x20, 0x7f, 0xf2, 0x1f,
    0xff, 0xe1, 0xbf, 0xff, 0xc4, 0xf, 0xfe, 0x43,
    0xff, 0xfc, 0x37, 0xff, 0xf8, 0x81, 0xff, 0xc8,
    0x7f, 0xff, 0x86, 0xff, 0xff, 0x10, 0x3f, 0xf9,
    0xf, 0xff, 0xf0, 0xdf, 0xff, 0xe2, 0x7, 0xff,
    0x21, 0xff, 0xfe, 0x1b, 0xff, 0xfc, 0x40, 0xff,
    0xe4, 0x3f, 0xff, 0xc3, 0x7f, 0xff, 0x88, 0x1f,
    0xfc, 0x87, 0xff, 0xf8, 0x6f, 0xff, 0xf1, 0x3,
    0xff, 0x90, 0xff, 0xff, 0xd, 0xff, 0xfe, 0x20,
    0x7f, 0xf2, 0x1f, 0xff, 0xe1, 0xbf, 0xff, 0xc4,
    0xf, 0xfe, 0x43, 0xff, 0xfc, 0x37, 0xff, 0xf8,
    0x81, 0xff, 0xc8, 0x7f, 0xff, 0x86, 0xff, 0xff,
    0x10, 0x3f, 0xf9, 0xf, 0xff, 0xf0, 0xdf, 0xff,
    0xe2, 0x7, 0xff, 0x21, 0xff, 0xfe, 0x1b, 0xff,
    0xfc, 0x40, 0xff, 0xe4, 0x3f, 0xff, 0xc3, 0x7f,
    0xff, 0x88, 0x1f, 0xfc, 0x87, 0xff, 0xf8, 0x6f,
    0xff, 0xf1, 0x3, 0xff, 0x90, 0xff, 0xff, 0xd,
    0xff, 0xfe, 0x20, 0x7f, 0xf2, 0x1f, 0xff, 0xe1,
    0xbf, 0xff, 0xc4, 0xf, 0xfe, 0x43, 0xff, 0xfc,
    0x37, 0xff, 0xf8, 0x81, 0xff, 0xc8, 0x7f, 0xff,
    0x86, 0xff, 0xff, 0x10, 0x3f, 0xf9, 0xf, 0xff,
    0xf0, 0xdf, 0xff, 0xe2, 0x7, 0xff, 0x21, 0xff,
    0xfe, 0x1b, 0xff, 0xfc, 0x40, 0xff, 0xe4, 0x3f,
    0xff, 0xc3, 0x7f, 0xff, 0x88, 0x1f, 0xfc, 0x87,
    0xff, 0xf8, 0x6f, 0xff, 0xf1, 0x3, 0xff, 0x90,
    0xff, 0xff, 0xd, 0xff, 0xfe, 0x20, 0x7f, 0xf2,
    0x1f, 0xff, 0xe1, 0xbf, 0xff, 0xc4, 0xf, 0xfe,
    0x43, 0xff, 0xfc, 0x36, 0xff, 0xfe, 0x18, 0x7f,
    0xf2, 0x1f, 0xff, 0xe1, 0xb7, 0xff, 0xf0, 0xc3,
    0xff, 0x90, 0xff, 0xff, 0xc, 0xbf, 0xff, 0x86,
    0x87, 0xff, 0x1e, 0xff, 0xfe, 0x18, 0xff, 0xff,
    0xe, 0xf, 0xfe, 0x3f, 0xff, 0xf1, 0x7, 0xff,
    0xf8, 0x81, 0xff, 0xc7, 0xff, 0xfe, 0x20, 0xff,
    0xff, 0x10, 0x3f, 0xf8, 0xcf, 0xff, 0xf1, 0x1,
    0xff, 0xfc, 0x48, 0x3f, 0xf8, 0xbf, 0xff, 0xc4,
    0x81, 0xff, 0xfc, 0x54, 0x3f, 0xf8, 0x77, 0xff,
    0xf1, 0x10, 0x5f, 0xff, 0xc5, 0x43, 0xff, 0x82,
    0xff, 0xff, 0x14, 0x27, 0xff, 0xf8, 0xc8, 0x7f,
    0xd7, 0xff, 0xf1, 0x83, 0x7f, 0xff, 0x22, 0x43,
    0x9b, 0xff, 0xf8, 0xf0, 0x6b, 0xff, 0xfc, 0x61,
    0xef, 0xff, 0xf1, 0x41, 0xeb, 0xff, 0xfc, 0x21,
    0xfb, 0xff, 0xfc, 0x10, 0x7e, 0xbf, 0xff, 0xbe,
    0x1f, 0xeb, 0xff, 0xfb, 0xa8, 0x7f, 0xdf, 0xff,
    0xdc, 0x43, 0xff, 0x83, 0xff, 0xfd, 0xa8, 0x3f,
    0xf8, 0x7f, 0xff, 0xd8, 0x43, 0xff, 0x8a, 0xff,
    0xff, 0x54, 0x3f, 0xf9, 0x3f, 0xff, 0xd2, 0x83,
    0xff, 0x99, 0x7f, 0xff, 0x35, 0xf, 0xfe, 0x83,
    0x7f, 0xff, 0x1e, 0x43, 0xff, 0xac, 0xd3, 0xff,
    0x51, 0x41, 0xff, 0xc7,

    /* U+0056 "V" */
    0x7f, 0xff, 0x8a, 0x1f, 0xfc, 0xdf, 0xff, 0xe2,
    0x83, 0xff, 0xf8, 0xa8, 0x7f, 0xf2, 0xdf, 0xff,
    0xe2, 0x40, 0xbf, 0xff, 0x89, 0x7, 0xff, 0x2e,
    0xff, 0xfe, 0x22, 0x17, 0xff, 0xf1, 0x43, 0xff,
    0x97, 0xff, 0xfc, 0x50, 0xd7, 0xff, 0xf1, 0x10,
    0xff, 0xe4, 0xbf, 0xff, 0xc4, 0x43, 0x3f, 0xff,
    0xc5, 0xf, 0xfe, 0x4d, 0xff, 0xfc, 0x40, 0xf7,
    0xff, 0xf1, 0x43, 0xff, 0x93, 0xff, 0xfc, 0x48,
    0x3c, 0xff, 0xff, 0x12, 0xf, 0xfe, 0x3b, 0xff,
    0xfc, 0x44, 0x3e, 0xff, 0xfe, 0x28, 0x7f, 0xf1,
    0xff, 0xff, 0x8a, 0x1f, 0xaf, 0xff, 0xe2, 0x21,
    0xff, 0xc6, 0xff, 0xfe, 0x22, 0x1f, 0x9f, 0xff,
    0xe2, 0x41, 0xff, 0xc5, 0xbf, 0xff, 0x88, 0x1f,
    0xef, 0xff, 0xe2, 0x87, 0xff, 0x17, 0xff, 0xf8,
    0x90, 0x7f, 0x9f, 0xff, 0xe2, 0x21, 0xff, 0xc4,
    0xff, 0xfe, 0x20, 0x7f, 0xf0, 0x3f, 0xff, 0x89,
    0x7, 0xff, 0xe, 0xff, 0xfe, 0x20, 0x7f, 0xf0,
    0x2f, 0xff, 0xe2, 0x7, 0xff, 0xf, 0xff, 0xf8,
    0x88, 0x7f, 0xf0, 0x7f, 0xff, 0x88, 0x87, 0xff,
    0x5, 0xff, 0xfe, 0x20, 0x7f, 0xf0, 0xbf, 0xff,
    0x8a, 0x1f, 0xfc, 0x1b, 0xff, 0xf8, 0x70, 0x7f,
    0xf0, 0x9f, 0xff, 0xe2, 0x7, 0xff, 0x7, 0xff,
    0xf8, 0x81, 0xff, 0xc4, 0xff, 0xfe, 0x24, 0x1f,
    0xf3, 0xff, 0xfc, 0x40, 0xff, 0xe2, 0x5f, 0xff,
    0xc4, 0xf, 0xfb, 0xff, 0xf8, 0x88, 0x7f, 0xf1,
    0x7f, 0xff, 0x88, 0x87, 0xfb, 0xff, 0xf8, 0x81,
    0xff, 0xc6, 0xff, 0xfe, 0x24, 0x1f, 0xcf, 0xff,
    0xf0, 0xe0, 0xff, 0xe3, 0x3f, 0xff, 0xc4, 0xf,
    0xef, 0xff, 0xe2, 0x7, 0xff, 0x23, 0xff, 0xf8,
    0x88, 0x7e, 0xff, 0xfe, 0x20, 0x7f, 0xf2, 0x2f,
    0xff, 0xe1, 0xc1, 0xf5, 0xff, 0xfc, 0x34, 0x3f,
    0xf9, 0x3f, 0xff, 0xc4, 0xf, 0xbf, 0xff, 0x88,
    0x1f, 0xfc, 0xaf, 0xff, 0xe2, 0x21, 0xcf, 0xff,
    0xf0, 0xe0, 0xff, 0xe5, 0x3f, 0xff, 0xc4, 0xe,
    0xbf, 0xff, 0x86, 0x1f, 0xfc, 0xcf, 0xff, 0xe2,
    0x7, 0x7f, 0xff, 0xe, 0xf, 0xfe, 0x65, 0xff,
    0xfc, 0x38, 0x27, 0xff, 0xf8, 0x68, 0x7f, 0xf3,
    0x7f, 0xff, 0x88, 0x15, 0xff, 0xfc, 0x30, 0xff,
    0xe7, 0x5f, 0xff, 0xc3, 0xb, 0xff, 0xf8, 0x70,
    0x7f, 0xf3, 0x9f, 0xff, 0xe1, 0xc3, 0xff, 0xfc,
    0x30, 0xff, 0xe8, 0x7f, 0xff, 0x10, 0xff, 0xfe,
    0x1c, 0x1f, 0xfd, 0xb, 0xff, 0xf8, 0x77, 0xff,
    0xf0, 0xd0, 0xff, 0xe8, 0xff, 0xff, 0x4c, 0x3f,
    0xfa, 0x57, 0xff, 0xf4, 0x60, 0xff, 0xe9, 0x3f,
    0xff, 0xd1, 0xf, 0xfe, 0xa7, 0xff, 0xf4, 0x20,
    0xff, 0xea, 0x3f, 0xff, 0xcf, 0x43, 0xff, 0xab,
    0xff, 0xfc, 0xf0, 0xff, 0xeb, 0x5f, 0xff, 0xcd,
    0x43, 0xff, 0xac, 0xff, 0xff, 0x34, 0x3f, 0xfb,
    0x1f, 0xff, 0xcc, 0x83, 0xff, 0xb0, 0xff, 0xff,
    0x2d, 0xf, 0xfe, 0xcf, 0xff, 0xf2, 0xc3, 0xff,
    0xb5, 0x7f, 0xff, 0x25, 0xf, 0xfe, 0xdf, 0xff,
    0xf2, 0x43, 0xff, 0xb9, 0xff, 0xfc, 0x88, 0x3f,
    0xfb, 0x8f, 0xff, 0xf1, 0xc3, 0xff, 0xbd, 0xff,
    0xfc, 0x70, 0xff, 0xef, 0x5f, 0xff, 0xc5, 0x43,
    0xff, 0xbf, 0xff, 0xfc, 0x50, 0xff, 0xf0, 0x7f,
    0xff, 0x12, 0xf, 0xff, 0x3, 0xff, 0xfc, 0x30,
    0xff, 0xf1, 0x7f, 0xff, 0xc, 0x3f, 0xf9, 0x60,

    /* U+0057 "W" */
    0xbf, 0xff, 0x87, 0x7, 0xff, 0x23, 0xff, 0xf8,
    0x30, 0x7f, 0xf2, 0x3f, 0xff, 0x88, 0x3f, 0xff,
    0xc4, 0xf, 0xfe, 0x3b, 0xff, 0xfc, 0x20, 0xff,
    0xe3, 0xbf, 0xff, 0xc3, 0x81, 0xff, 0xfc, 0x44,
    0x3f, 0xf8, 0xd7, 0xff, 0xf0, 0x90, 0xff, 0xe3,
    0x5f, 0xff, 0xc3, 0x41, 0x7f, 0xff, 0xe, 0xf,
    0xfe, 0x37, 0xff, 0xf0, 0xe0, 0xff, 0xe3, 0x7f,
    0xff, 0x10, 0x27, 0xff, 0xf8, 0x81, 0xff, 0xc5,
    0x7f, 0xff, 0x88, 0x1f, 0xfc, 0x57, 0xff, 0xf8,
    0x70, 0x6f, 0xff, 0xe2, 0x21, 0xff, 0xc4, 0xbf,
    0xff, 0x88, 0x87, 0xff, 0x12, 0xff, 0xfe, 0x1a,
    0x1a, 0xff, 0xfe, 0x1c, 0x1f, 0xfc, 0x4f, 0xff,
    0xe2, 0xc1, 0xff, 0xc4, 0xff, 0xfe, 0x20, 0x73,
    0xff, 0xfc, 0x40, 0xff, 0xe1, 0xbf, 0xff, 0xc6,
    0xf, 0xfe, 0x27, 0xff, 0xf0, 0xe0, 0xf7, 0xff,
    0xf1, 0x3, 0xff, 0x87, 0x7f, 0xff, 0x19, 0xf,
    0xfe, 0x15, 0xff, 0xfc, 0x34, 0x3d, 0x7f, 0xff,
    0xd, 0xf, 0xfe, 0x17, 0xff, 0xf1, 0xe0, 0xff,
    0xe1, 0x7f, 0xff, 0x10, 0x3e, 0x7f, 0xff, 0x88,
    0x1f, 0xfc, 0x17, 0xff, 0xf9, 0x1, 0xff, 0xc2,
    0xff, 0xfe, 0x1c, 0x1f, 0xbf, 0xff, 0x88, 0x1f,
    0xfc, 0x1b, 0xff, 0xf9, 0x8, 0x7f, 0xf0, 0x1f,
    0xff, 0xe1, 0xa1, 0xfa, 0xff, 0xfe, 0x1a, 0x1f,
    0xfc, 0xf, 0xff, 0xe4, 0xc1, 0xff, 0xc0, 0xbf,
    0xff, 0x86, 0x1f, 0xcf, 0xff, 0xf0, 0xe0, 0xff,
    0x9f, 0xff, 0xe5, 0x7, 0xff, 0x3, 0xff, 0xf8,
    0x70, 0x7f, 0xbf, 0xff, 0x88, 0x1f, 0xf5, 0xff,
    0xfc, 0xa4, 0x3f, 0xcf, 0xff, 0xf0, 0xd0, 0xff,
    0x5f, 0xff, 0xc3, 0x43, 0xfd, 0xff, 0xfc, 0xb8,
    0x3f, 0xd7, 0xff, 0xf0, 0xc3, 0xfe, 0x7f, 0xff,
    0x87, 0x7, 0xf3, 0xff, 0xfc, 0xc0, 0xff, 0x7f,
    0xff, 0xe, 0xf, 0xfe, 0x7, 0xff, 0xf1, 0x3,
    0xfa, 0xff, 0xfe, 0x62, 0x1f, 0xdf, 0xff, 0xc3,
    0x43, 0xff, 0x81, 0x7f, 0xff, 0xc, 0x3f, 0xbf,
    0xff, 0x9b, 0x7, 0xeb, 0xff, 0xf8, 0x61, 0xff,
    0xc1, 0x7f, 0xff, 0x87, 0x7, 0xcf, 0xff, 0xf3,
    0x83, 0xf7, 0xff, 0xf0, 0xe0, 0xff, 0xe1, 0x7f,
    0xff, 0x10, 0x3e, 0xbf, 0xff, 0x9c, 0x87, 0xdf,
    0xff, 0xc3, 0x43, 0xff, 0x85, 0x7f, 0xff, 0xc,
    0x3e, 0xff, 0xfe, 0x7c, 0x1e, 0x7f, 0xff, 0x86,
    0x1f, 0xfc, 0x37, 0xff, 0xf8, 0x68, 0x73, 0xff,
    0xfd, 0x0, 0xf7, 0xff, 0xf0, 0xe0, 0xff, 0xe2,
    0x7f, 0xff, 0xe, 0xe, 0xbf, 0xff, 0xa0, 0x87,
    0x7f, 0xff, 0xd, 0xf, 0xfe, 0x25, 0xff, 0xfc,
    0x30, 0xef, 0xff, 0xe1, 0x5f, 0xff, 0xc2, 0x83,
    0x3f, 0xff, 0xc3, 0xf, 0xfe, 0x2b, 0xff, 0xfc,
    0x34, 0x27, 0xff, 0xf8, 0x47, 0xff, 0xf0, 0xc3,
    0x5f, 0xff, 0xc2, 0x83, 0xff, 0x8d, 0xff, 0xfc,
    0x38, 0x2b, 0xff, 0xf8, 0x43, 0xff, 0xfc, 0x24,
    0x2f, 0xff, 0xe1, 0xa1, 0xff, 0xc6, 0xbf, 0xff,
    0x86, 0x17, 0xff, 0xf0, 0x90, 0x7f, 0xff, 0xa,
    0x3, 0xff, 0xfc, 0x30, 0xff, 0xe3, 0xbf, 0xff,
    0xc3, 0x3, 0xff, 0xfc, 0x20, 0xbf, 0xff, 0x86,
    0xb, 0xff, 0xf8, 0x50, 0x7f, 0xf2, 0x3f, 0xff,
    0x87, 0x17, 0xff, 0xf0, 0x60, 0x9f, 0xff, 0xe1,
    0x27, 0xff, 0xf0, 0xd0, 0xff, 0xe4, 0x5f, 0xff,
    0xc3, 0x3f, 0xff, 0x84, 0x86, 0xff, 0xfe, 0x14,
    0x7f, 0xff, 0xc, 0x3f, 0xf9, 0x2f, 0xff, 0xf0,
    0xef, 0xff, 0xe1, 0x7, 0x5f, 0xff, 0xc2, 0xbf,
    0xff, 0x85, 0x7, 0xff, 0x2b, 0xff, 0xfa, 0x30,
    0x73, 0xff, 0xfd, 0x14, 0x3f, 0xf9, 0x57, 0xff,
    0xf4, 0x10, 0xf7, 0xff, 0xf4, 0x43, 0xff, 0x96,
    0xff, 0xff, 0x40, 0x3e, 0xbf, 0xff, 0x9f, 0x7,
    0xff, 0x33, 0xff, 0xf9, 0xf0, 0x7c, 0xff, 0xff,
    0x3d, 0xf, 0xfe, 0x65, 0xff, 0xfc, 0xe4, 0x3f,
    0x7f, 0xff, 0x3c, 0x3f, 0xf9, 0xaf, 0xff, 0xf3,
    0x83, 0xfa, 0xff, 0xfe, 0x6c, 0x1f, 0xfc, 0xef,
    0xff, 0xe6, 0xc1, 0xfe, 0xff, 0xfe, 0x6a, 0x1f,
    0xfc, 0xeb, 0xff, 0xf9, 0x81, 0xff, 0x7f, 0xff,
    0x34, 0x3f, 0xf9, 0xef, 0xff, 0xf3, 0x3, 0xfe,
    0xbf, 0xff, 0x97, 0x7, 0xff, 0x43, 0xff, 0xf9,
    0x70, 0x7f, 0xf0, 0x3f, 0xff, 0x96, 0x87, 0xff,
    0x42, 0xff, 0xfe, 0x50, 0x7f, 0xf0, 0x7f, 0xff,
    0x96, 0x1f, 0xfd, 0x17, 0xff, 0xf9, 0x41, 0xff,
    0xc1, 0x7f, 0xff, 0x93, 0x7, 0xff, 0x4b, 0xff,
    0xf9, 0x28, 0x7f, 0xf0, 0xbf, 0xff, 0x92, 0x87,
    0xff, 0x4a, 0xff, 0xfe, 0x40, 0x7f, 0xf0, 0xff,
    0xff, 0x92, 0x1f, 0xfd, 0x37, 0xff, 0xf9, 0x1,
    0xff, 0xc3, 0x7f, 0xff, 0x8f, 0x7, 0xff, 0x53,
    0xff, 0xf8, 0xe8, 0x7f, 0xf1, 0x3f, 0xff, 0x8e,
    0x87, 0xff, 0x52, 0xff, 0xfe, 0x30, 0x7f, 0xf1,
    0x6f, 0xff, 0xe3, 0x7, 0xff, 0x55, 0xff, 0xfe,
    0x2c, 0x1f, 0xfc, 0x57, 0xff, 0xf8, 0xb0, 0x7f,
    0xf5, 0xbf, 0xff, 0x8a, 0x87, 0xff, 0x1b, 0xff,
    0xf8, 0xa8, 0x7f, 0xf5, 0xaf, 0xff, 0xe2, 0x7,
    0xff, 0x1e, 0xff, 0xfe, 0x20, 0x7f, 0xf6, 0x3f,
    0xff, 0x87, 0x7, 0xff, 0x1d, 0xff, 0xfe, 0x1c,
    0x1f, 0xfd, 0x8f, 0xff, 0xe1, 0xa1, 0xff, 0xc8,
    0xff, 0xfe, 0x1a, 0x1f, 0xfd, 0x8b, 0xff, 0xf8,
    0x41, 0xff, 0xc9, 0xbf, 0xff, 0x84, 0x1f, 0xfd,
    0xaf, 0xff, 0xe0, 0xc1, 0xff, 0xc9, 0x7f, 0xff,
    0x83, 0x7, 0xff, 0x1c,

    /* U+0058 "X" */
    0x5, 0x7f, 0xf1, 0x83, 0xff, 0x8f, 0x5f, 0xfc,
    0x54, 0x2b, 0xff, 0xf8, 0xa8, 0x7f, 0xf1, 0x5f,
    0xff, 0xe2, 0x87, 0x7f, 0xff, 0x18, 0x3f, 0xf8,
    0xbf, 0xff, 0xc5, 0x43, 0xdf, 0xff, 0xc5, 0x83,
    0xff, 0x87, 0x7f, 0xff, 0x12, 0xf, 0x9f, 0xff,
    0xe2, 0x87, 0xff, 0x9, 0xff, 0xfe, 0x28, 0x7f,
    0x7f, 0xff, 0x18, 0x3f, 0xf8, 0x3f, 0xff, 0xc5,
    0x43, 0xfd, 0xff, 0xfc, 0x54, 0x3f, 0xeb, 0xff,
    0xf8, 0x90, 0x7f, 0xcf, 0xff, 0xf1, 0x43, 0xfe,
    0xff, 0xfe, 0x28, 0x7f, 0xf0, 0x7f, 0xff, 0x8b,
    0x7, 0xf7, 0xff, 0xf1, 0x50, 0xff, 0xe1, 0x7f,
    0xff, 0x15, 0xf, 0x9f, 0xff, 0xe2, 0x41, 0xff,
    0xc3, 0x7f, 0xff, 0x8a, 0x1f, 0x7f, 0xff, 0x14,
    0x3f, 0xf8, 0xbf, 0xff, 0xc5, 0x83, 0xaf, 0xff,
    0xe2, 0x21, 0xff, 0xc6, 0xff, 0xfe, 0x28, 0x67,
    0xff, 0xf8, 0x90, 0x7f, 0xf1, 0xdf, 0xff, 0xe2,
    0x85, 0xff, 0xfc, 0x50, 0xff, 0xe4, 0xff, 0xff,
    0x16, 0x2f, 0xff, 0xe2, 0x21, 0xff, 0xca, 0xff,
    0xfe, 0x2b, 0xff, 0xfc, 0x48, 0x3f, 0xf9, 0x6f,
    0xff, 0xf5, 0x43, 0xff, 0x9b, 0xff, 0xfd, 0x44,
    0x3f, 0xf9, 0xdf, 0xff, 0xd2, 0x83, 0xff, 0x9e,
    0xff, 0xff, 0x44, 0x3f, 0xfa, 0x37, 0xff, 0xf3,
    0xc3, 0xff, 0xa7, 0xff, 0xfc, 0xe8, 0x3f, 0xfa,
    0x6f, 0xff, 0xf3, 0x43, 0xff, 0xab, 0x7f, 0xff,
    0x2c, 0x3f, 0xfa, 0xff, 0xff, 0xca, 0x83, 0xff,
    0xae, 0xff, 0xff, 0x24, 0x3f, 0xfb, 0x37, 0xff,
    0xf1, 0xc3, 0xff, 0xb7, 0xff, 0xfc, 0x68, 0x3f,
    0xfb, 0x4f, 0xff, 0xf1, 0xc3, 0xff, 0xb5, 0xff,
    0xfc, 0x90, 0xff, 0xec, 0x7f, 0xff, 0x29, 0xf,
    0xfe, 0xb5, 0xff, 0xfc, 0xb0, 0xff, 0xeb, 0x7f,
    0xff, 0x34, 0x3f, 0xfa, 0x9f, 0xff, 0xce, 0x83,
    0xff, 0xa5, 0x7f, 0xff, 0x3c, 0x3f, 0xfa, 0x5f,
    0xff, 0xd1, 0xf, 0xfe, 0x87, 0xff, 0xf4, 0xa0,
    0xff, 0xe7, 0x5f, 0xff, 0xd3, 0xf, 0xfe, 0x6b,
    0xff, 0xfd, 0x50, 0xff, 0xe6, 0x7f, 0xff, 0x16,
    0xff, 0xfe, 0x24, 0x1f, 0xfc, 0xab, 0xff, 0xf8,
    0x89, 0xff, 0xfc, 0x50, 0xff, 0xe4, 0xbf, 0xff,
    0xc4, 0x80, 0xff, 0xff, 0x14, 0x3f, 0xf9, 0x1f,
    0xff, 0xc5, 0xd, 0xff, 0xfc, 0x58, 0x3f, 0xf8,
    0xd7, 0xff, 0xf1, 0x10, 0xef, 0xff, 0xe2, 0xa1,
    0xff, 0xc4, 0x7f, 0xff, 0x89, 0x7, 0x9f, 0xff,
    0xe2, 0x87, 0xff, 0x13, 0xff, 0xf8, 0xa1, 0xfb,
    0xff, 0xf8, 0xb0, 0x7f, 0xf0, 0xaf, 0xff, 0xe2,
    0x21, 0xfd, 0xff, 0xfc, 0x54, 0x3f, 0xf8, 0xf,
    0xff, 0xf1, 0x43, 0xfd, 0x7f, 0xff, 0x14, 0x3f,
    0xf8, 0x1f, 0xff, 0xc5, 0xf, 0xfe, 0x7, 0xff,
    0xf1, 0x60, 0xff, 0x5f, 0xff, 0xc4, 0x43, 0xff,
    0x80, 0xff, 0xff, 0x15, 0xf, 0xcf, 0xff, 0xf1,
    0x43, 0xff, 0x85, 0x7f, 0xff, 0x14, 0x3f, 0x7f,
    0xff, 0x14, 0x3f, 0xf8, 0x9f, 0xff, 0xc5, 0x83,
    0xd7, 0xff, 0xf1, 0x20, 0xff, 0xe2, 0x3f, 0xff,
    0xc5, 0x43, 0x3f, 0xff, 0xc5, 0xf, 0xfe, 0x35,
    0xff, 0xfc, 0x50, 0xdf, 0xff, 0xc5, 0x43, 0xff,
    0x8f, 0xff, 0xfc, 0x58, 0x1f, 0xff, 0xc5, 0x83,
    0xff, 0x90, 0xff, 0xff, 0x15,

    /* U+0059 "Y" */
    0x17, 0xff, 0x8c, 0x1f, 0xfc, 0xa5, 0xff, 0xe3,
    0x17, 0xff, 0xf1, 0x43, 0xff, 0x95, 0xff, 0xfc,
    0x54, 0x1f, 0xff, 0xc5, 0x83, 0xff, 0x91, 0x7f,
    0xff, 0x14, 0x27, 0xff, 0xf8, 0xa1, 0xff, 0xc8,
    0xff, 0xfe, 0x28, 0x75, 0xff, 0xfc, 0x50, 0xff,
    0xe3, 0x5f, 0xff, 0xc4, 0x83, 0xdf, 0xff, 0xc5,
    0x43, 0xff, 0x8b, 0xff, 0xfc, 0x50, 0xf9, 0xff,
    0xfe, 0x28, 0x7f, 0xf1, 0x3f, 0xff, 0x8a, 0x87,
    0xef, 0xff, 0xe2, 0xc1, 0xff, 0xc2, 0x7f, 0xff,
    0x89, 0x7, 0xf3, 0xff, 0xfc, 0x50, 0xff, 0xe1,
    0x7f, 0xff, 0x14, 0x3f, 0xeb, 0xff, 0xf8, 0x90,
    0x7f, 0xf0, 0x2f, 0xff, 0xe2, 0x21, 0xff, 0xc0,
    0xff, 0xfe, 0x28, 0x7f, 0xf0, 0x3f, 0xff, 0x8a,
    0x1f, 0xfc, 0x17, 0xff, 0xf8, 0xa1, 0xfe, 0xbf,
    0xff, 0x88, 0x1f, 0xfc, 0x3f, 0xff, 0xe2, 0xa1,
    0xfd, 0xff, 0xfc, 0x48, 0x3f, 0xf8, 0x9f, 0xff,
    0xc5, 0xf, 0xdf, 0xff, 0xc5, 0xf, 0xfe, 0x2d,
    0xff, 0xfc, 0x44, 0x3c, 0xff, 0xff, 0x11, 0xf,
    0xfe, 0x37, 0xff, 0xf1, 0x43, 0xdf, 0xff, 0xc4,
    0x83, 0xff, 0x8e, 0xff, 0xff, 0x12, 0xd, 0x7f,
    0xff, 0x10, 0x3f, 0xf9, 0x37, 0xff, 0xf1, 0x3,
    0x7f, 0xff, 0x12, 0xf, 0xfe, 0x57, 0xff, 0xf1,
    0x41, 0x7f, 0xff, 0x10, 0x3f, 0xf9, 0x77, 0xff,
    0xf1, 0x15, 0xff, 0xfc, 0x44, 0x3f, 0xf9, 0x9f,
    0xff, 0xd5, 0x83, 0xff, 0x9a, 0xff, 0xff, 0x50,
    0x3f, 0xf9, 0xf7, 0xff, 0xf4, 0x90, 0xff, 0xe8,
    0x7f, 0xff, 0x48, 0x3f, 0xfa, 0x2f, 0xff, 0xf4,
    0x3, 0xff, 0xa7, 0xff, 0xfc, 0xf8, 0x3f, 0xfa,
    0x9f, 0xff, 0xce, 0xf, 0xfe, 0xad, 0xff, 0xfc,
    0xc4, 0x3f, 0xfa, 0xdf, 0xff, 0xcb, 0x83, 0xff,
    0xae, 0xff, 0xff, 0x28, 0x3f, 0xfb, 0x3f, 0xff,
    0xc9, 0x43, 0xff, 0xb5, 0xff, 0xfc, 0x80, 0xff,
    0xed, 0xdf, 0xff, 0xc6, 0x43, 0xff, 0xb9, 0xff,
    0xfc, 0x58, 0x3f, 0xfb, 0xaf, 0xff, 0xf1, 0x3,
    0xff, 0xbf, 0xff, 0xfc, 0x38, 0x3f, 0xfb, 0xff,
    0xff, 0xc3, 0x83, 0xff, 0xbf, 0xff, 0xfc, 0x38,
    0x3f, 0xfb, 0xff, 0xff, 0xc3, 0x83, 0xff, 0xbf,
    0xff, 0xfc, 0x38, 0x3f, 0xfb, 0xff, 0xff, 0xc3,
    0x83, 0xff, 0xbf, 0xff, 0xfc, 0x38, 0x3f, 0xfb,
    0xff, 0xff, 0xc3, 0x83, 0xff, 0xbf, 0xff, 0xfc,
    0x38, 0x3f, 0xfb, 0xff, 0xff, 0xc3, 0x83, 0xff,
    0xbf, 0xff, 0xfc, 0x38, 0x3f, 0xfb, 0xff, 0xff,
    0xc3, 0x83, 0xff, 0xbf, 0xff, 0xfc, 0x38, 0x3f,
    0xfb, 0xff, 0xff, 0xc3, 0x83, 0xff, 0xbf, 0xff,
    0xfc, 0x38, 0x3f, 0xfb, 0xff, 0xff, 0xc3, 0x83,
    0xff, 0xbf, 0xff, 0xfc, 0x38, 0x3f, 0xfb, 0xff,
    0xff, 0xc3, 0x83, 0xff, 0xbf, 0xff, 0xfc, 0x38,
    0x3f, 0xfb, 0xff, 0xff, 0xc3, 0x83, 0xff, 0xbf,
    0xff, 0xfc, 0x38, 0x3f, 0xf9, 0x20,

    /* U+005A "Z" */
    0x3f, 0xff, 0xc9, 0x1f, 0xff, 0xe4, 0x8f, 0xff,
    0xf2, 0x47, 0xff, 0xf9, 0x23, 0xff, 0xfc, 0x91,
    0xff, 0xfe, 0x48, 0xff, 0xff, 0x24, 0x7f, 0xff,
    0x92, 0x3f, 0xff, 0xc9, 0x1f, 0xff, 0xe4, 0x8f,
    0xff, 0xf2, 0x47, 0xff, 0xf9, 0x13, 0xff, 0xfc,
    0x70, 0x7f, 0xf4, 0x7f, 0xff, 0x8f, 0x7, 0xff,
    0x47, 0xff, 0xf9, 0x1, 0xff, 0xd1, 0xff, 0xfe,
    0x40, 0x7f, 0xf4, 0x6f, 0xff, 0xe3, 0x87, 0xff,
    0x46, 0xff, 0xfe, 0x38, 0x7f, 0xf4, 0x6f, 0xff,
    0xe3, 0xa1, 0xff, 0xd0, 0x7f, 0xff, 0x8e, 0x87,
    0xff, 0x41, 0xff, 0xfe, 0x3c, 0x1f, 0xfd, 0x1f,
    0xff, 0xe3, 0xc1, 0xff, 0xd1, 0xff, 0xfe, 0x3c,
    0x1f, 0xfd, 0x1f, 0xff, 0xe4, 0x7, 0xff, 0x47,
    0xff, 0xf9, 0x1, 0xff, 0xd1, 0xbf, 0xff, 0x8e,
    0x1f, 0xfd, 0x1b, 0xff, 0xf8, 0xe1, 0xff, 0xd1,
    0xbf, 0xff, 0x8e, 0x87, 0xff, 0x41, 0xff, 0xfe,
    0x3a, 0x1f, 0xfd, 0x7, 0xff, 0xf8, 0xf0, 0x7f,
    0xf4, 0x7f, 0xff, 0x8f, 0x7, 0xff, 0x47, 0xff,
    0xf8, 0xf0, 0x7f, 0xf4, 0x7f, 0xff, 0x90, 0x1f,
    0xfd, 0x1f, 0xff, 0xe4, 0x7, 0xff, 0x46, 0xff,
    0xfe, 0x38, 0x7f, 0xf4, 0x6f, 0xff, 0xe3, 0xa1,
    0xff, 0xd0, 0x7f, 0xff, 0x8e, 0x87, 0xff, 0x41,
    0xff, 0xfe, 0x3a, 0x1f, 0xfd, 0x7, 0xff, 0xf8,
    0xf0, 0x7f, 0xf4, 0x7f, 0xff, 0x8f, 0x7, 0xff,
    0x47, 0xff, 0xf9, 0x1, 0xff, 0xd1, 0xff, 0xfe,
    0x40, 0x7f, 0xf4, 0x7f, 0xff, 0x90, 0x1f, 0xfd,
    0x1b, 0xff, 0xfc, 0x74, 0xff, 0xff, 0x25, 0xff,
    0xfe, 0x5b, 0xff, 0xfc, 0xb7, 0xff, 0xf9, 0x6f,
    0xff, 0xf2, 0xdf, 0xff, 0xe5, 0xbf, 0xff, 0xcb,
    0x7f, 0xff, 0x96, 0xff, 0xff, 0x2d, 0xff, 0xfe,
    0x5b, 0xff, 0xfc, 0xb7, 0xff, 0xf9, 0x60,

    /* U+005B "[" */
    0xbf, 0xff, 0x9f, 0x7f, 0xff, 0x3e, 0xff, 0xfe,
    0x7d, 0xff, 0xfc, 0xfb, 0xff, 0xf9, 0xf7, 0xff,
    0xf3, 0xef, 0xff, 0xe7, 0xdf, 0xff, 0xcf, 0xbf,
    0xff, 0x9f, 0x7f, 0xff, 0x3e, 0xff, 0xfe, 0xa,
    0xff, 0xf0, 0xaf, 0xff, 0xe0, 0x87, 0xff, 0xa,
    0xff, 0xfe, 0x8, 0x7f, 0xf0, 0xaf, 0xff, 0xe0,
    0x87, 0xff, 0xa, 0xff, 0xfe, 0x8, 0x7f, 0xf0,
    0xaf, 0xff, 0xe0, 0x87, 0xff, 0xa, 0xff, 0xfe,
    0x8, 0x7f, 0xf0, 0xaf, 0xff, 0xe0, 0x87, 0xff,
    0xa, 0xff, 0xfe, 0x8, 0x7f, 0xf0, 0xaf, 0xff,
    0xe0, 0x87, 0xff, 0xa, 0xff, 0xfe, 0x8, 0x7f,
    0xf0, 0xaf, 0xff, 0xe0, 0x87, 0xff, 0xa, 0xff,
    0xfe, 0x8, 0x7f, 0xf0, 0xaf, 0xff, 0xe0, 0x87,
    0xff, 0xa, 0xff, 0xfe, 0x8, 0x7f, 0xf0, 0xaf,
    0xff, 0xe0, 0x87, 0xff, 0xa, 0xff, 0xfe, 0x8,
    0x7f, 0xf0, 0xaf, 0xff, 0xe0, 0x87, 0xff, 0xa,
    0xff, 0xfe, 0x8, 0x7f, 0xf0, 0xaf, 0xff, 0xe0,
    0x87, 0xff, 0xa, 0xff, 0xfe, 0x8, 0x7f, 0xf0,
    0xaf, 0xff, 0xe0, 0x87, 0xff, 0xa, 0xff, 0xfe,
    0x8, 0x7f, 0xf0, 0xaf, 0xff, 0xe0, 0x87, 0xff,
    0xa, 0xff, 0xfe, 0x8, 0x7f, 0xf0, 0xaf, 0xff,
    0xe0, 0x87, 0xff, 0xa, 0xff, 0xfe, 0x8, 0x7f,
    0xf0, 0xaf, 0xff, 0xe0, 0x87, 0xff, 0xa, 0xff,
    0xfe, 0x8, 0x7f, 0xf0, 0xaf, 0xff, 0xe0, 0x87,
    0xff, 0xa, 0xff, 0xfe, 0x8, 0x7f, 0xf0, 0xaf,
    0xff, 0xe0, 0x87, 0xff, 0xa, 0xff, 0xfe, 0x8,
    0x7f, 0xf0, 0xaf, 0xff, 0xe0, 0x87, 0xff, 0xa,
    0xff, 0xfe, 0x8, 0x7f, 0xf0, 0xaf, 0xff, 0xe0,
    0x87, 0xff, 0xa, 0xff, 0xfe, 0x8, 0x7f, 0xf0,
    0xaf, 0xff, 0xe0, 0x87, 0xff, 0xa, 0xff, 0xfe,
    0x8, 0x7f, 0xf0, 0xaf, 0xff, 0xe0, 0x87, 0xff,
    0xa, 0xff, 0xfe, 0x8, 0x7f, 0xf0, 0xaf, 0xff,
    0xe0, 0x87, 0xff, 0xa, 0xff, 0xfe, 0x8, 0x7f,
    0xf0, 0xaf, 0xff, 0xe0, 0x87, 0xff, 0xa, 0xff,
    0xfe, 0x8, 0x7f, 0xf0, 0xaf, 0xff, 0xe0, 0xaf,
    0xff, 0xa, 0xff, 0xfe, 0x7d, 0xff, 0xfc, 0xfb,
    0xff, 0xf9, 0xf7, 0xff, 0xf3, 0xef, 0xff, 0xe7,
    0xdf, 0xff, 0xcf, 0xbf, 0xff, 0x9f, 0x7f, 0xff,
    0x3e, 0xff, 0xfe, 0x7d, 0xff, 0xfc, 0xf0,

    /* U+005C "\\" */
    0x5f, 0xfe, 0x8, 0x7f, 0xf5, 0xdf, 0xff, 0xe0,
    0x7, 0xff, 0x63, 0xff, 0xf8, 0x8, 0x7f, 0xf5,
    0xdf, 0xff, 0xe0, 0x7, 0xff, 0x63, 0xff, 0xf8,
    0x8, 0x7f, 0xf5, 0xef, 0xff, 0xe0, 0x7, 0xff,
    0x63, 0xff, 0xf8, 0x8, 0x7f, 0xf5, 0xef, 0xff,
    0xe0, 0x7, 0xff, 0x63, 0xff, 0xf8, 0x8, 0x7f,
    0xf5, 0xef, 0xff, 0xa0, 0xff, 0xec, 0x7f, 0xff,
    0x0, 0x3f, 0xfb, 0x17, 0xff, 0xd0, 0x7f, 0xf6,
    0x3f, 0xff, 0x80, 0x1f, 0xfd, 0x8b, 0xff, 0xe8,
    0x3f, 0xfb, 0x1f, 0xff, 0xc0, 0xf, 0xfe, 0xc5,
    0xff, 0xf4, 0x1f, 0xfd, 0x8f, 0xff, 0xe0, 0x7,
    0xff, 0x62, 0xff, 0xfa, 0xf, 0xfe, 0xc7, 0xff,
    0xf0, 0x3, 0xff, 0xb1, 0xff, 0xfc, 0x8, 0x3f,
    0xfa, 0xef, 0xff, 0xf0, 0x3, 0xff, 0xb1, 0xff,
    0xfc, 0x8, 0x3f, 0xfa, 0xef, 0xff, 0xf0, 0x3,
    0xff, 0xb1, 0xff, 0xfc, 0x4, 0x3f, 0xfa, 0xef,
    0xff, 0xf0, 0x3, 0xff, 0xb1, 0xff, 0xfc, 0x4,
    0x3f, 0xfa, 0xef, 0xff, 0xf0, 0x3, 0xff, 0xb1,
    0xff, 0xfc, 0x4, 0x3f, 0xfa, 0xef, 0xff, 0xf0,
    0x3, 0xff, 0xb1, 0xff, 0xfc, 0x4, 0x3f, 0xfa,
    0xef, 0xff, 0xf0, 0x3, 0xff, 0xb1, 0xff, 0xfc,
    0x4, 0x3f, 0xfa, 0xef, 0xff, 0xf0, 0x3, 0xff,
    0xb1, 0xff, 0xfc, 0x4, 0x3f, 0xfa, 0xf7, 0xff,
    0xf0, 0x3, 0xff, 0xb1, 0xff, 0xfc, 0x4, 0x3f,
    0xfa, 0xf7, 0xff, 0xf0, 0x3, 0xff, 0xb1, 0xff,
    0xfc, 0x0, 0xff, 0xec, 0x5f, 0xff, 0x41, 0xff,
    0xd8, 0xff, 0xfe, 0x0, 0x7f, 0xf6, 0x2f, 0xff,
    0xa0, 0xff, 0xec, 0x7f, 0xff, 0x0, 0x3f, 0xfb,
    0x17, 0xff, 0xd0, 0x7f, 0xf6, 0x3f, 0xff, 0x80,
    0x1f, 0xfd, 0x8b, 0xff, 0xe8, 0x3f, 0xfb, 0x1f,
    0xff, 0xc0, 0xf, 0xfe, 0xc5, 0xff, 0xf4, 0x1f,
    0xfd, 0x77, 0xff, 0xf8, 0x1, 0xff, 0xd8, 0xff,
    0xfe, 0x4, 0x1f, 0xfd, 0x77, 0xff, 0xf8, 0x1,
    0xff, 0xd8, 0xff, 0xfe, 0x4, 0x1f, 0xfd, 0x77,
    0xff, 0xf8, 0x1, 0xff, 0xd8, 0xff, 0xfe, 0x2,
    0x1f, 0xfd, 0x77, 0xff, 0xf8, 0x1, 0xff, 0xd8,
    0xff, 0xfe, 0x2, 0x1f, 0xfd, 0x77, 0xff, 0xf8,
    0x1, 0xff, 0xd8, 0xff, 0xfe, 0x2, 0x1f, 0xfd,
    0x77, 0xff, 0xf8, 0x1, 0xff, 0xd8, 0xff, 0xfe,
    0x2, 0x1f, 0xfd, 0x77, 0xff, 0xf8, 0x1, 0xff,
    0xd8, 0xff, 0xfe, 0x2, 0x1f, 0xfd, 0x7b, 0xff,
    0xf8, 0x1, 0xff, 0xd8, 0xff, 0xfe, 0x2, 0x1f,
    0xfd, 0x7b, 0xff, 0xf8, 0x1, 0xff, 0xd8, 0xff,
    0xfe, 0x2, 0x1f, 0xfd, 0x7b, 0xff, 0xe8, 0x3f,
    0xfb, 0x1f, 0xff, 0xc0, 0xf, 0xfe, 0xc5, 0xff,
    0xf4, 0x1f, 0xfd, 0x8f, 0xff, 0xe0, 0x7, 0xff,
    0x62, 0xff, 0xfa, 0xf, 0xfe, 0xc7, 0xff, 0xf0,
    0x3, 0xff, 0xb1, 0x7f, 0xfd, 0x7, 0xff, 0x63,
    0xff, 0xf8, 0x1, 0xff, 0xd8, 0xbf, 0xfe, 0x80,

    /* U+005D "]" */
    0x7f, 0xff, 0x9e, 0xaf, 0xff, 0xe7, 0xab, 0xff,
    0xf9, 0xea, 0xff, 0xfe, 0x7a, 0xbf, 0xff, 0x9e,
    0xaf, 0xff, 0xe7, 0xab, 0xff, 0xf9, 0xea, 0xff,
    0xfe, 0x7a, 0xbf, 0xff, 0x9e, 0xaf, 0xff, 0xe7,
    0xa2, 0xff, 0xf0, 0xbf, 0xff, 0x82, 0x87, 0xff,
    0x9, 0xff, 0xfe, 0xa, 0x1f, 0xfc, 0x27, 0xff,
    0xf8, 0x28, 0x7f, 0xf0, 0x9f, 0xff, 0xe0, 0xa1,
    0xff, 0xc2, 0x7f, 0xff, 0x82, 0x87, 0xff, 0x9,
    0xff, 0xfe, 0xa, 0x1f, 0xfc, 0x27, 0xff, 0xf8,
    0x28, 0x7f, 0xf0, 0x9f, 0xff, 0xe0, 0xa1, 0xff,
    0xc2, 0x7f, 0xff, 0x82, 0x87, 0xff, 0x9, 0xff,
    0xfe, 0xa, 0x1f, 0xfc, 0x27, 0xff, 0xf8, 0x28,
    0x7f, 0xf0, 0x9f, 0xff, 0xe0, 0xa1, 0xff, 0xc2,
    0x7f, 0xff, 0x82, 0x87, 0xff, 0x9, 0xff, 0xfe,
    0xa, 0x1f, 0xfc, 0x27, 0xff, 0xf8, 0x28, 0x7f,
    0xf0, 0x9f, 0xff, 0xe0, 0xa1, 0xff, 0xc2, 0x7f,
    0xff, 0x82, 0x87, 0xff, 0x9, 0xff, 0xfe, 0xa,
    0x1f, 0xfc, 0x27, 0xff, 0xf8, 0x28, 0x7f, 0xf0,
    0x9f, 0xff, 0xe0, 0xa1, 0xff, 0xc2, 0x7f, 0xff,
    0x82, 0x87, 0xff, 0x9, 0xff, 0xfe, 0xa, 0x1f,
    0xfc, 0x27, 0xff, 0xf8, 0x28, 0x7f, 0xf0, 0x9f,
    0xff, 0xe0, 0xa1, 0xff, 0xc2, 0x7f, 0xff, 0x82,
    0x87, 0xff, 0x9, 0xff, 0xfe, 0xa, 0x1f, 0xfc,
    0x27, 0xff, 0xf8, 0x28, 0x7f, 0xf0, 0x9f, 0xff,
    0xe0, 0xa1, 0xff, 0xc2, 0x7f, 0xff, 0x82, 0x87,
    0xff, 0x9, 0xff, 0xfe, 0xa, 0x1f, 0xfc, 0x27,
    0xff, 0xf8, 0x28, 0x7f, 0xf0, 0x9f, 0xff, 0xe0,
    0xa1, 0xff, 0xc2, 0x7f, 0xff, 0x82, 0x87, 0xff,
    0x9, 0xff, 0xfe, 0xa, 0x1f, 0xfc, 0x27, 0xff,
    0xf8, 0x28, 0x7f, 0xf0, 0x9f, 0xff, 0xe0, 0xa1,
    0xff, 0xc2, 0x7f, 0xff, 0x82, 0x87, 0xff, 0x9,
    0xff, 0xfe, 0xa, 0x1f, 0xfc, 0x27, 0xff, 0xf8,
    0x28, 0x7f, 0xf0, 0x9f, 0xff, 0xe0, 0xa1, 0xff,
    0xc2, 0x7f, 0xff, 0x82, 0x87, 0xff, 0x9, 0xff,
    0xfe, 0xa, 0x1f, 0xfc, 0x27, 0xff, 0xf8, 0x28,
    0x7f, 0xf0, 0x9f, 0xff, 0xe0, 0xa1, 0xff, 0xc2,
    0x7f, 0xff, 0x82, 0x8b, 0xff, 0xc2, 0xff, 0xfe,
    0xa, 0xbf, 0xff, 0x9e, 0xaf, 0xff, 0xe7, 0xab,
    0xff, 0xf9, 0xea, 0xff, 0xfe, 0x7a, 0xbf, 0xff,
    0x9e, 0xaf, 0xff, 0xe7, 0xab, 0xff, 0xf9, 0xea,
    0xff, 0xfe, 0x7a, 0xbf, 0xff, 0x9e, 0xaf, 0xff,
    0xe7, 0xa0,

    /* U+005E "^" */
    0xf, 0xfe, 0x2, 0xff, 0x83, 0xff, 0x97, 0xff,
    0xfc, 0x0, 0xff, 0xe4, 0xdf, 0xff, 0xc0, 0x83,
    0xff, 0x91, 0xff, 0xfc, 0x20, 0xff, 0xe3, 0xff,
    0xff, 0x10, 0x3f, 0xf8, 0xb7, 0xff, 0xf1, 0x20,
    0xff, 0xe1, 0xbf, 0xff, 0xc6, 0x43, 0xff, 0x85,
    0xff, 0xfc, 0x80, 0xff, 0xe0, 0xdf, 0xff, 0xc8,
    0x83, 0xfe, 0x7f, 0xfd, 0x7f, 0xfc, 0x87, 0xfb,
    0xff, 0xe0, 0x7f, 0xfc, 0x1f, 0xdf, 0xff, 0x4,
    0xff, 0xfc, 0x1f, 0x5f, 0xfe, 0x43, 0x5f, 0xfe,
    0x43, 0xdf, 0xfe, 0x83, 0xd7, 0xff, 0x83, 0xbf,
    0xfe, 0xf, 0xdf, 0xff, 0x5, 0x7f, 0xf8, 0x3f,
    0xdf, 0xfe, 0x87, 0xff, 0xc8, 0x7f, 0x9f, 0xff,
    0x20,

    /* U+005F "_" */
    0xf, 0xff, 0x3f, 0xff, 0xf9, 0x1, 0xff, 0xfe,
    0x40, 0x7f, 0xff, 0x90, 0x1f, 0xff, 0xe4, 0x7,
    0xff, 0xf9, 0x1, 0xff, 0xfe, 0x40, 0x7f, 0xff,
    0x90, 0x1f, 0xff, 0xe4, 0x7, 0xff, 0xf9, 0x0,

    /* U+0060 "`" */
    0xf, 0xfe, 0xa, 0x83, 0xff, 0x8d, 0x7e, 0xf,
    0xfe, 0x1d, 0xff, 0x21, 0xfe, 0x6f, 0xff, 0x83,
    0xe6, 0xff, 0xfe, 0x14, 0x1f, 0x7f, 0xff, 0x10,
    0x3f, 0x7f, 0xff, 0xe, 0xf, 0xdf, 0xff, 0xc3,
    0x43, 0xf5, 0xff, 0xfc, 0x20, 0xfe, 0xbf, 0xff,
    0x82, 0x87, 0xf3, 0xff, 0xfc, 0x10, 0xff, 0x3f,
    0xff, 0xc0, 0x83, 0xfe, 0xff, 0xfe, 0x0, 0x7f,
    0xf0, 0x3f, 0xfe, 0x83, 0xff, 0x81, 0x7f, 0xf8,

    /* U+0061 "a" */
    0xf, 0xfe, 0x22, 0xea, 0xcb, 0x83, 0xff, 0x9e,
    0xdf, 0xff, 0xc5, 0x90, 0xff, 0xe3, 0xb7, 0xff,
    0xf3, 0x20, 0xff, 0xe1, 0xdf, 0xff, 0xd1, 0x83,
    0xff, 0x83, 0xff, 0xfd, 0x40, 0xff, 0xe0, 0x7f,
    0xff, 0x55, 0xf, 0xf5, 0xff, 0xfd, 0x54, 0x3f,
    0x9f, 0xff, 0xeb, 0x7, 0xfb, 0xff, 0xfa, 0xe1,
    0xfd, 0x7f, 0xff, 0x59, 0xf, 0xcf, 0xff, 0xf5,
    0xa0, 0xfe, 0xff, 0xfe, 0xb8, 0x7f, 0x7f, 0xa5,
    0x7, 0x9b, 0xff, 0xf8, 0xc8, 0x7e, 0xb9, 0xf,
    0xfe, 0x13, 0xff, 0xfc, 0x48, 0x3f, 0xfa, 0x1f,
    0xff, 0xc4, 0xf, 0xfe, 0x85, 0xff, 0xfc, 0x30,
    0xff, 0xe8, 0xff, 0xff, 0xc, 0x3f, 0xfa, 0x3f,
    0xff, 0xc3, 0xf, 0xfe, 0xb, 0x7f, 0xea, 0x21,
    0x7f, 0xff, 0xc, 0x3f, 0xd7, 0xff, 0xf1, 0x6f,
    0xff, 0xe1, 0x87, 0xeb, 0xff, 0xfa, 0xe1, 0xe7,
    0xff, 0xfb, 0x21, 0xd7, 0xff, 0xf6, 0x83, 0x3f,
    0xff, 0xdb, 0xd, 0xff, 0xfd, 0xc0, 0xaf, 0xff,
    0xe2, 0xcb, 0x53, 0xff, 0xf8, 0xa1, 0x7f, 0xff,
    0x10, 0x3f, 0xd7, 0xff, 0xf0, 0x80, 0xff, 0xff,
    0xc, 0x3f, 0xeb, 0xff, 0xf8, 0x40, 0xff, 0xfe,
    0x18, 0x7f, 0xf0, 0x2f, 0xff, 0xe1, 0x3, 0xff,
    0xf8, 0x61, 0xff, 0xc0, 0xbf, 0xff, 0x84, 0xf,
    0xff, 0xe1, 0x41, 0xff, 0xc0, 0xff, 0xfe, 0x18,
    0x3f, 0xff, 0x85, 0x7, 0xff, 0x3, 0xff, 0xf8,
    0x60, 0xff, 0xfe, 0x18, 0x7f, 0xdf, 0xff, 0xc4,
    0x7, 0xff, 0xf0, 0xd0, 0xfe, 0xbf, 0xff, 0x88,
    0xf, 0xff, 0xe2, 0x21, 0xe7, 0xff, 0xf8, 0xc0,
    0xbf, 0xff, 0x8b, 0x5b, 0xff, 0xf9, 0x1, 0x7f,
    0xff, 0x74, 0x2f, 0xff, 0xee, 0x84, 0xff, 0xff,
    0x70, 0x35, 0xff, 0xfd, 0xb0, 0xef, 0xff, 0xe5,
    0xbf, 0xff, 0xc3, 0xf, 0x7f, 0xff, 0x24, 0x1f,
    0xff, 0xc3, 0xf, 0xaf, 0xff, 0xe2, 0xc1, 0x7f,
    0xff, 0xc, 0x3f, 0xaf, 0xff, 0xe0, 0xc1, 0xdf,
    0xff, 0xc3, 0xf, 0xf9, 0xbf, 0xd4, 0x43, 0xff,
    0x96,

    /* U+0062 "b" */
    0xff, 0xfe, 0x1a, 0x1f, 0xfd, 0x4f, 0xff, 0xe1,
    0xa1, 0xff, 0xd4, 0xff, 0xfe, 0x1a, 0x1f, 0xfd,
    0x4f, 0xff, 0xe1, 0xa1, 0xff, 0xd4, 0xff, 0xfe,
    0x1a, 0x1f, 0xfd, 0x4f, 0xff, 0xe1, 0xa1, 0xff,
    0xd4, 0xff, 0xfe, 0x1a, 0x1f, 0xfd, 0x4f, 0xff,
    0xe1, 0xa1, 0xff, 0xd4, 0xff, 0xfe, 0x1a, 0x1f,
    0xfd, 0x4f, 0xff, 0xe1, 0xa1, 0xff, 0xd4, 0xff,
    0xfe, 0x1a, 0x1f, 0xfd, 0x4f, 0xff, 0xe1, 0xa1,
    0xff, 0xd4, 0xff, 0xfe, 0x1a, 0x1f, 0xfd, 0x4f,
    0xff, 0xe1, 0xa1, 0xff, 0xd4, 0xff, 0xfe, 0x1a,
    0x1f, 0xa9, 0xfd, 0x21, 0xff, 0xc3, 0xff, 0xfe,
    0x1a, 0x1c, 0xff, 0xff, 0x6, 0xf, 0xfe, 0x7,
    0xff, 0xf0, 0xd0, 0x9f, 0xff, 0xe2, 0xa1, 0xfe,
    0xff, 0xfe, 0x1a, 0x7, 0xff, 0xf9, 0x1, 0xfd,
    0xff, 0xfc, 0x34, 0xbf, 0xff, 0x94, 0x87, 0xdf,
    0xff, 0xc3, 0x6f, 0xff, 0xe6, 0x21, 0xef, 0xff,
    0xef, 0x21, 0xdf, 0xff, 0xdf, 0xe, 0xff, 0xfe,
    0xfc, 0x1b, 0xff, 0xfc, 0x8, 0x5f, 0xff, 0xe1,
    0xb, 0xff, 0xfc, 0x28, 0x3f, 0xff, 0x97, 0x4f,
    0xff, 0xe4, 0x83, 0xff, 0xf9, 0x8, 0x7a, 0xff,
    0xfe, 0x30, 0x3f, 0xff, 0x8d, 0x7, 0xfb, 0xff,
    0xf8, 0xa9, 0xff, 0xfc, 0x54, 0x3f, 0xf8, 0x1f,
    0xff, 0xc4, 0x8f, 0xff, 0xe2, 0x41, 0xff, 0xc2,
    0xff, 0xfe, 0x21, 0xff, 0xfc, 0x40, 0xff, 0xe1,
    0xdf, 0xff, 0xc3, 0x3f, 0xff, 0x87, 0x7, 0xff,
    0x13, 0xff, 0xf8, 0x6f, 0xff, 0xf0, 0xd0, 0xff,
    0xe2, 0x7f, 0xff, 0xd, 0xff, 0xfe, 0x18, 0x7f,
    0xf1, 0x6f, 0xff, 0xe1, 0x3f, 0xff, 0xc3, 0xf,
    0xfe, 0x2b, 0xff, 0xfc, 0x2b, 0xff, 0xf8, 0x61,
    0xff, 0xc5, 0x7f, 0xff, 0x85, 0x7f, 0xff, 0xc,
    0x3f, 0xf8, 0xaf, 0xff, 0xf0, 0xaf, 0xff, 0xe1,
    0x87, 0xff, 0x16, 0xff, 0xfe, 0x13, 0xff, 0xfc,
    0x34, 0x3f, 0xf8, 0x9f, 0xff, 0xc3, 0x7f, 0xff,
    0x87, 0x7, 0xff, 0x13, 0xff, 0xf8, 0x6f, 0xff,
    0xf1, 0x3, 0xff, 0x87, 0x7f, 0xff, 0xc, 0xff,
    0xfe, 0x24, 0x1f, 0xfc, 0x2f, 0xff, 0xe2, 0x1f,
    0xff, 0xc5, 0x43, 0xff, 0x81, 0xff, 0xfc, 0x48,
    0xff, 0xfe, 0x34, 0x1f, 0xef, 0xff, 0xe2, 0xa7,
    0xff, 0xf2, 0x10, 0xf5, 0xff, 0xfc, 0x60, 0x7f,
    0xff, 0x2e, 0x9f, 0xff, 0xc9, 0x7, 0xff, 0xf8,
    0x50, 0x7f, 0xff, 0x84, 0x2f, 0xff, 0xf0, 0x21,
    0x7f, 0xff, 0x7e, 0xd, 0xff, 0xfd, 0xf0, 0xef,
    0xff, 0xef, 0x7, 0xbf, 0xff, 0x86, 0xff, 0xff,
    0x35, 0xf, 0x7f, 0xff, 0xd, 0x3f, 0xff, 0x96,
    0x87, 0xdf, 0xff, 0xc3, 0x41, 0xff, 0xfc, 0x90,
    0xfe, 0xff, 0xfe, 0x1a, 0x13, 0xff, 0xfc, 0x54,
    0x3f, 0xdf, 0xff, 0xc3, 0x43, 0xaf, 0xff, 0xe0,
    0xc1, 0xff, 0xd7, 0x6f, 0xf5, 0x3, 0xff, 0x86,

    /* U+0063 "c" */
    0xf, 0xfe, 0x33, 0x4f, 0xf5, 0x10, 0xff, 0xe7,
    0xb7, 0xff, 0xf0, 0xe4, 0x3f, 0xf9, 0x4f, 0xff,
    0xf2, 0x50, 0xff, 0xe3, 0x3f, 0xff, 0xcd, 0xf,
    0xfe, 0x25, 0xff, 0xfc, 0xf4, 0x3f, 0xf8, 0x37,
    0xff, 0xf4, 0x60, 0xff, 0xbf, 0xff, 0xa8, 0x87,
    0xf7, 0xff, 0xf5, 0x90, 0xfa, 0xff, 0xfe, 0xb8,
    0x7a, 0xff, 0xfe, 0xc4, 0x1d, 0xff, 0xfd, 0x88,
    0x3b, 0xff, 0xfb, 0x8, 0x73, 0xff, 0xfd, 0x70,
    0xfb, 0xff, 0xf8, 0xc8, 0x7a, 0xff, 0xd0, 0x7e,
    0xff, 0xfe, 0x24, 0x1f, 0xef, 0xf2, 0x1f, 0x9f,
    0xff, 0xe1, 0xc1, 0xff, 0xc0, 0xfc, 0x1f, 0xef,
    0xff, 0xe2, 0x7, 0xff, 0xb, 0x83, 0xfe, 0xff,
    0xfe, 0x1a, 0x1f, 0xfc, 0xe7, 0xff, 0xf8, 0x61,
    0xff, 0xcf, 0x7f, 0xff, 0x85, 0x7, 0xff, 0x3d,
    0xff, 0xfe, 0x12, 0x1f, 0xfc, 0xfb, 0xff, 0xf8,
    0x41, 0xff, 0xd0, 0xbf, 0xff, 0x84, 0x1f, 0xfd,
    0xb, 0xff, 0xf8, 0x41, 0xff, 0xd0, 0xbf, 0xff,
    0x84, 0x87, 0xff, 0x3d, 0xff, 0xfe, 0x14, 0x1f,
    0xfc, 0xf7, 0xff, 0xf8, 0x61, 0xff, 0xd0, 0xff,
    0xfe, 0x1a, 0x1f, 0xfc, 0xff, 0xff, 0xe2, 0x7,
    0xff, 0xa, 0xc3, 0xfe, 0xbf, 0xff, 0x87, 0x7,
    0xff, 0x2, 0xf9, 0xf, 0xf7, 0xff, 0xf1, 0x20,
    0xff, 0x5f, 0xd0, 0x7f, 0x7f, 0xff, 0x19, 0xf,
    0x5f, 0xfc, 0x87, 0xcf, 0xff, 0xf5, 0xe0, 0xfb,
    0xff, 0xfb, 0x21, 0xe7, 0xff, 0xfb, 0x28, 0x75,
    0xff, 0xfd, 0x90, 0xf7, 0xff, 0xf6, 0x3, 0xf7,
    0xff, 0xf5, 0x90, 0xfe, 0xff, 0xfe, 0xa2, 0x1f,
    0xf7, 0xff, 0xf4, 0x90, 0xff, 0xe0, 0xdf, 0xff,
    0xcf, 0x43, 0xff, 0x86, 0xff, 0xff, 0x32, 0xf,
    0xfe, 0x3b, 0xff, 0xfc, 0x94, 0x3f, 0xf9, 0x4d,
    0xff, 0xfc, 0x39, 0xf, 0xfe, 0x7b, 0x4f, 0xfa,
    0x50, 0x7f, 0xf0, 0x40,

    /* U+0064 "d" */
    0xf, 0xfe, 0xaf, 0xff, 0xf0, 0xc3, 0xff, 0xab,
    0xff, 0xfc, 0x30, 0xff, 0xea, 0xff, 0xff, 0xc,
    0x3f, 0xfa, 0xbf, 0xff, 0xc3, 0xf, 0xfe, 0xaf,
    0xff, 0xf0, 0xc3, 0xff, 0xab, 0xff, 0xfc, 0x30,
    0xff, 0xea, 0xff, 0xff, 0xc, 0x3f, 0xfa, 0xbf,
    0xff, 0xc3, 0xf, 0xfe, 0xaf, 0xff, 0xf0, 0xc3,
    0xff, 0xab, 0xff, 0xfc, 0x30, 0xff, 0xea, 0xff,
    0xff, 0xc, 0x3f, 0xfa, 0xbf, 0xff, 0xc3, 0xf,
    0xfe, 0xaf, 0xff, 0xf0, 0xc3, 0xff, 0xab, 0xff,
    0xfc, 0x30, 0xff, 0xe1, 0xd3, 0xfa, 0x88, 0x7e,
    0xff, 0xfe, 0x18, 0x7f, 0xf0, 0x2f, 0xff, 0xe0,
    0xc1, 0xef, 0xff, 0xe1, 0x87, 0xf9, 0xff, 0xfe,
    0x2a, 0x1b, 0xff, 0xf8, 0x61, 0xfd, 0xff, 0xfc,
    0x90, 0xbf, 0xff, 0x86, 0x1f, 0xbf, 0xff, 0x96,
    0xf, 0xff, 0xe1, 0x87, 0x9f, 0xff, 0xe6, 0xbf,
    0xff, 0xc3, 0xf, 0x7f, 0xff, 0x78, 0x3b, 0xff,
    0xfb, 0xe1, 0xaf, 0xff, 0xef, 0x84, 0xff, 0xff,
    0x80, 0x2f, 0xff, 0xf0, 0x85, 0xff, 0xfe, 0x10,
    0x5f, 0xff, 0xc8, 0xa7, 0xff, 0xf2, 0xc1, 0xff,
    0xfc, 0x68, 0x3c, 0xff, 0xff, 0x20, 0x7f, 0xff,
    0x8a, 0x1f, 0xeb, 0xff, 0xf8, 0xc5, 0xff, 0xfc,
    0x40, 0xff, 0xe0, 0x3f, 0xff, 0xc5, 0x3f, 0xff,
    0x88, 0x1f, 0xfc, 0x2b, 0xff, 0xf8, 0x87, 0xff,
    0xf0, 0xe0, 0xff, 0xe1, 0xff, 0xff, 0x10, 0xff,
    0xfe, 0x18, 0x7f, 0xf1, 0x2f, 0xff, 0xe1, 0xbf,
    0xff, 0xc3, 0xf, 0xfe, 0x23, 0xff, 0xfc, 0x37,
    0xff, 0xf8, 0x50, 0x7f, 0xf1, 0x7f, 0xff, 0x86,
    0xff, 0xff, 0x9, 0xf, 0xfe, 0x2f, 0xff, 0xf0,
    0xef, 0xff, 0xe1, 0x21, 0xff, 0xc5, 0xff, 0xfe,
    0x1b, 0xff, 0xfc, 0x24, 0x3f, 0xf8, 0xbf, 0xff,
    0xc3, 0x7f, 0xff, 0x85, 0x7, 0xff, 0x17, 0xff,
    0xf8, 0x6f, 0xff, 0xf0, 0xc3, 0xff, 0x88, 0xff,
    0xff, 0xc, 0xff, 0xfe, 0x18, 0x7f, 0xf1, 0x2f,
    0xff, 0xe1, 0x9f, 0xff, 0xc3, 0x83, 0xff, 0x87,
    0xff, 0xfc, 0x43, 0xff, 0xf8, 0x81, 0xff, 0xc2,
    0xbf, 0xff, 0x88, 0x5f, 0xff, 0xc4, 0xf, 0xfe,
    0x3, 0xff, 0xfc, 0x51, 0xff, 0xfe, 0x28, 0x7f,
    0xaf, 0xff, 0xe3, 0x3, 0xff, 0xf8, 0xd0, 0x79,
    0xff, 0xfe, 0x40, 0x2f, 0xff, 0xe4, 0x53, 0xff,
    0xf9, 0x60, 0x7f, 0xff, 0xc2, 0x17, 0xff, 0xf8,
    0x42, 0x7f, 0xff, 0xc0, 0x1a, 0xff, 0xfe, 0xf8,
    0x77, 0xff, 0xf7, 0xc3, 0xdf, 0xff, 0xde, 0xf,
    0x3f, 0xff, 0xcc, 0x8f, 0xff, 0xe1, 0x87, 0xef,
    0xff, 0xe5, 0x40, 0xff, 0xfe, 0x18, 0x7f, 0x7f,
    0xff, 0x22, 0xb, 0xff, 0xf8, 0x61, 0xfe, 0x7f,
    0xff, 0x8a, 0x86, 0xff, 0xfe, 0x18, 0x7f, 0xf0,
    0x2f, 0xff, 0xe0, 0xa1, 0xef, 0xff, 0xe1, 0x87,
    0xff, 0xd, 0xbf, 0xa8, 0x1f, 0xfc, 0xc0,

    /* U+0065 "e" */
    0xf, 0xfe, 0x2d, 0x5f, 0xd4, 0x43, 0xff, 0xa2,
    0xdf, 0xff, 0xc3, 0x83, 0xff, 0x9b, 0xff, 0xfc,
    0x88, 0x3f, 0xf9, 0x37, 0xff, 0xf2, 0xe0, 0xff,
    0xe2, 0xbf, 0xff, 0xcf, 0xf, 0xfe, 0x1b, 0xff,
    0xfd, 0x10, 0xff, 0xe0, 0xbf, 0xff, 0xd3, 0xf,
    0xf9, 0xff, 0xfe, 0xa8, 0x7f, 0xbf, 0xff, 0xad,
    0x7, 0xef, 0xff, 0xec, 0x21, 0xe7, 0xff, 0xfb,
    0x21, 0xef, 0xff, 0xe2, 0x48, 0x1b, 0xff, 0xf8,
    0x88, 0x67, 0xff, 0xf8, 0x68, 0x7d, 0x7f, 0xff,
    0xc, 0x37, 0xff, 0xf0, 0xc3, 0xfd, 0x7f, 0xff,
    0x8, 0x27, 0xff, 0xf8, 0x48, 0x7f, 0xdf, 0xff,
    0xc2, 0x81, 0x7f, 0xff, 0x8, 0x3f, 0xf8, 0x3f,
    0xff, 0xc2, 0x7, 0xff, 0xf0, 0x90, 0xff, 0xe0,
    0xff, 0xff, 0x8, 0x1f, 0xff, 0xc2, 0xf, 0xfe,
    0x15, 0xff, 0xfc, 0x15, 0x7f, 0xff, 0x8, 0x3f,
    0xf8, 0x4f, 0xff, 0xf0, 0x67, 0xff, 0xfb, 0xd4,
    0xff, 0xfe, 0xfd, 0xff, 0xfd, 0xfb, 0xff, 0xfb,
    0xf7, 0xff, 0xf7, 0xef, 0xff, 0xef, 0xbf, 0xff,
    0xdf, 0x7f, 0xff, 0x85, 0x5f, 0xfd, 0x13, 0xff,
    0xf8, 0x48, 0x7f, 0xf4, 0x7f, 0xff, 0x85, 0x7,
    0xff, 0x46, 0xff, 0xfe, 0x10, 0x7f, 0xf1, 0x50,
    0xff, 0x9f, 0xff, 0xe1, 0x87, 0xff, 0xd, 0xf2,
    0x1f, 0xef, 0xff, 0xe2, 0x7, 0xff, 0x6, 0xfc,
    0x87, 0xf5, 0xff, 0xfc, 0x44, 0x3f, 0x9f, 0xfa,
    0xf, 0xef, 0xff, 0xe3, 0x51, 0x6a, 0x7f, 0xfc,
    0x1f, 0xaf, 0xff, 0xec, 0x7, 0xef, 0xff, 0xec,
    0xa1, 0xf7, 0xff, 0xf6, 0x43, 0xe7, 0xff, 0xfa,
    0xe1, 0xfc, 0xff, 0xff, 0x54, 0x3f, 0xe7, 0xff,
    0xfa, 0x61, 0xff, 0xc2, 0xff, 0xfe, 0x84, 0x1f,
    0xfc, 0x4b, 0xff, 0xf9, 0xa8, 0x7f, 0xf1, 0xef,
    0xff, 0xe4, 0xc1, 0xff, 0xcb, 0x7f, 0xff, 0x8a,
    0x87, 0xff, 0x41, 0xab, 0xfd, 0x44, 0x3f, 0xf8,
    0x40,

    /* U+0066 "f" */
    0xf, 0xfe, 0x2a, 0xff, 0x7, 0xff, 0x19, 0xbf,
    0xff, 0x85, 0x21, 0xff, 0x3f, 0xff, 0xc6, 0x83,
    0xfd, 0x7f, 0xff, 0x1e, 0xf, 0xeb, 0xff, 0xf9,
    0x10, 0x7e, 0xbf, 0xff, 0x93, 0x7, 0xcf, 0xff,
    0xf2, 0xa0, 0xfa, 0xff, 0xfe, 0x54, 0x1f, 0x7f,
    0xff, 0x2e, 0xf, 0x3f, 0xff, 0xcb, 0x83, 0xd7,
    0xff, 0xf2, 0xe0, 0xf7, 0xff, 0xf1, 0x6b, 0xbd,
    0x7, 0xbf, 0xff, 0x88, 0x1f, 0xfc, 0x3f, 0xff,
    0xe1, 0x87, 0xff, 0x13, 0xff, 0xf8, 0x61, 0xff,
    0xc4, 0xff, 0xfe, 0x14, 0x1f, 0xf7, 0xff, 0xf2,
    0x2b, 0xf9, 0x3f, 0xff, 0xa3, 0x1f, 0xff, 0xd1,
    0x8f, 0xff, 0xe8, 0xc7, 0xff, 0xf4, 0x63, 0xff,
    0xfa, 0x31, 0xff, 0xfd, 0x18, 0xff, 0xfe, 0x8c,
    0x7f, 0xff, 0x46, 0x3f, 0xff, 0xa3, 0x1f, 0xff,
    0xd1, 0x8f, 0xff, 0xe8, 0xc1, 0xef, 0xff, 0xe1,
    0x87, 0xff, 0x13, 0xff, 0xf8, 0x61, 0xff, 0xc4,
    0xff, 0xfe, 0x18, 0x7f, 0xf1, 0x3f, 0xff, 0x86,
    0x1f, 0xfc, 0x4f, 0xff, 0xe1, 0x87, 0xff, 0x13,
    0xff, 0xf8, 0x61, 0xff, 0xc4, 0xff, 0xfe, 0x18,
    0x7f, 0xf1, 0x3f, 0xff, 0x86, 0x1f, 0xfc, 0x4f,
    0xff, 0xe1, 0x87, 0xff, 0x13, 0xff, 0xf8, 0x61,
    0xff, 0xc4, 0xff, 0xfe, 0x18, 0x7f, 0xf1, 0x3f,
    0xff, 0x86, 0x1f, 0xfc, 0x4f, 0xff, 0xe1, 0x87,
    0xff, 0x13, 0xff, 0xf8, 0x61, 0xff, 0xc4, 0xff,
    0xfe, 0x18, 0x7f, 0xf1, 0x3f, 0xff, 0x86, 0x1f,
    0xfc, 0x4f, 0xff, 0xe1, 0x87, 0xff, 0x13, 0xff,
    0xf8, 0x61, 0xff, 0xc4, 0xff, 0xfe, 0x18, 0x7f,
    0xf1, 0x3f, 0xff, 0x86, 0x1f, 0xfc, 0x4f, 0xff,
    0xe1, 0x87, 0xff, 0x13, 0xff, 0xf8, 0x61, 0xff,
    0xc4, 0xff, 0xfe, 0x18, 0x7f, 0xf1, 0x3f, 0xff,
    0x86, 0x1f, 0xfc, 0x4f, 0xff, 0xe1, 0x87, 0xff,
    0x13, 0xff, 0xf8, 0x61, 0xff, 0xc4, 0xff, 0xfe,
    0x18, 0x7f, 0xf1, 0x3f, 0xff, 0x86, 0x1f, 0xfc,
    0x4f, 0xff, 0xe1, 0x87, 0xff, 0x13, 0xff, 0xf8,
    0x61, 0xff, 0xc4, 0xff, 0xfe, 0x18, 0x7f, 0x80,

    /* U+0067 "g" */
    0xf, 0xfe, 0x13, 0x4f, 0xea, 0x7, 0xff, 0x5d,
    0xbf, 0xff, 0x83, 0x7, 0xbf, 0xff, 0x86, 0x1f,
    0xcf, 0xff, 0xf1, 0x90, 0xdf, 0xff, 0xc3, 0xf,
    0xd7, 0xff, 0xf2, 0x42, 0xff, 0xfe, 0x18, 0x7d,
    0xff, 0xfc, 0xc0, 0x7f, 0xff, 0xc, 0x3d, 0xff,
    0xfc, 0xe7, 0xff, 0xf8, 0x61, 0xdf, 0xff, 0xdf,
    0xd, 0x7f, 0xff, 0x7c, 0x27, 0xff, 0xfc, 0x1,
    0x7f, 0xff, 0x84, 0xf, 0xff, 0xf8, 0x41, 0xff,
    0xfe, 0x21, 0xff, 0xfe, 0x32, 0x1e, 0x6f, 0xff,
    0xe3, 0x97, 0xff, 0xf1, 0x20, 0xff, 0x3f, 0xff,
    0xc6, 0x3f, 0xff, 0x89, 0x7, 0xff, 0x7, 0xff,
    0xf8, 0xa7, 0xff, 0xf0, 0xe0, 0xff, 0xe1, 0x3f,
    0xff, 0xc4, 0x3f, 0xff, 0x86, 0x1f, 0xfc, 0x4b,
    0xff, 0xf8, 0x6f, 0xff, 0xf0, 0xc3, 0xff, 0x88,
    0xff, 0xff, 0xd, 0xff, 0xfe, 0x14, 0x1f, 0xfc,
    0x5f, 0xff, 0xe1, 0xbf, 0xff, 0xc2, 0x43, 0xff,
    0x8b, 0xff, 0xfc, 0x37, 0xff, 0xf8, 0x48, 0x7f,
    0xf1, 0x7f, 0xff, 0x86, 0xff, 0xff, 0x9, 0xf,
    0xfe, 0x2f, 0xff, 0xf0, 0xdf, 0xff, 0xe1, 0x41,
    0xff, 0xc4, 0x7f, 0xff, 0x86, 0x7f, 0xff, 0xc,
    0x3f, 0xf8, 0x97, 0xff, 0xf0, 0xcf, 0xff, 0xe1,
    0xc1, 0xff, 0xc3, 0xff, 0xfe, 0x21, 0xff, 0xfc,
    0x44, 0x3f, 0xf8, 0x3f, 0xff, 0xc5, 0x2f, 0xff,
    0xe2, 0x21, 0xff, 0x7f, 0xff, 0x18, 0x7f, 0xff,
    0x8c, 0x87, 0xd7, 0xff, 0xf1, 0xc1, 0xff, 0xfc,
    0x9a, 0xbf, 0xff, 0x94, 0x7, 0xff, 0xfc, 0x21,
    0x7f, 0xff, 0x84, 0x27, 0xff, 0xfc, 0x1, 0xaf,
    0xff, 0xef, 0x87, 0x7f, 0xff, 0x7c, 0x3d, 0xff,
    0xfc, 0xe3, 0xff, 0xf8, 0x61, 0xf7, 0xff, 0xf3,
    0x1, 0xff, 0xfc, 0x30, 0xfd, 0x7f, 0xff, 0x24,
    0x2f, 0xff, 0xe1, 0x87, 0xfb, 0xff, 0xf8, 0xc8,
    0x6f, 0xff, 0xe1, 0x87, 0xfc, 0xdf, 0xff, 0xc1,
    0x83, 0x9f, 0xff, 0xe1, 0x41, 0xff, 0xc2, 0x69,
    0xfe, 0x90, 0xfa, 0xff, 0xfe, 0x14, 0x1f, 0xfd,
    0x4f, 0xff, 0xe1, 0xa1, 0xff, 0xd3, 0x7f, 0xff,
    0x86, 0x1f, 0x50, 0x3f, 0xf9, 0x7f, 0xff, 0xc4,
    0xf, 0xbe, 0x83, 0xff, 0x91, 0xff, 0xfc, 0x48,
    0x3d, 0x7f, 0x90, 0xff, 0xe1, 0xbf, 0xff, 0xc5,
    0x43, 0xdf, 0xfe, 0x90, 0xfc, 0xdf, 0xff, 0xc7,
    0xf, 0x5f, 0xff, 0xdc, 0x43, 0xdf, 0xff, 0xdd,
    0xf, 0x5f, 0xff, 0xdc, 0x43, 0xdf, 0xff, 0xdc,
    0x83, 0xd7, 0xff, 0xf6, 0xe0, 0xfb, 0xff, 0xfb,
    0x70, 0x7e, 0x7f, 0xff, 0xb2, 0x87, 0xfc, 0xdf,
    0xff, 0xd5, 0xf, 0xfe, 0x23, 0xff, 0xfd, 0x8,
    0x3f, 0xf9, 0x2d, 0xff, 0xfc, 0xa8, 0x3f, 0xfa,
    0xd, 0x5f, 0xfd, 0x45, 0x7, 0xff, 0x10,

    /* U+0068 "h" */
    0xff, 0xfe, 0x1a, 0x1f, 0xfc, 0xff, 0xff, 0xe1,
    0xa1, 0xff, 0xcf, 0xff, 0xfe, 0x1a, 0x1f, 0xfc,
    0xff, 0xff, 0xe1, 0xa1, 0xff, 0xcf, 0xff, 0xfe,
    0x1a, 0x1f, 0xfc, 0xff, 0xff, 0xe1, 0xa1, 0xff,
    0xcf, 0xff, 0xfe, 0x1a, 0x1f, 0xfc, 0xff, 0xff,
    0xe1, 0xa1, 0xff, 0xcf, 0xff, 0xfe, 0x1a, 0x1f,
    0xfc, 0xff, 0xff, 0xe1, 0xa1, 0xff, 0xcf, 0xff,
    0xfe, 0x1a, 0x1f, 0xfc, 0xff, 0xff, 0xe1, 0xa1,
    0xff, 0xcf, 0xff, 0xfe, 0x1a, 0x1f, 0xfc, 0xff,
    0xff, 0xe1, 0xa1, 0xff, 0xcf, 0xff, 0xfe, 0x1a,
    0x1f, 0xa9, 0xfd, 0x21, 0xfe, 0xff, 0xfe, 0x1a,
    0x1c, 0xff, 0xff, 0x5, 0xf, 0xbf, 0xff, 0x86,
    0x86, 0xff, 0xfe, 0x28, 0x7b, 0xff, 0xf8, 0x68,
    0x1f, 0xff, 0xe3, 0x87, 0x7f, 0xff, 0xd, 0x2f,
    0xff, 0xe4, 0x86, 0xff, 0xfe, 0x1b, 0x7f, 0xff,
    0x2c, 0x2f, 0xff, 0xe1, 0xdf, 0xff, 0xcc, 0x81,
    0xff, 0xfd, 0xd0, 0x7f, 0xff, 0x76, 0x3f, 0xff,
    0xbc, 0x7f, 0xff, 0x78, 0xff, 0xfe, 0xf3, 0xff,
    0xfd, 0xeb, 0xff, 0xf9, 0x13, 0x7f, 0xff, 0x69,
    0xf, 0x7f, 0xff, 0x5c, 0x3f, 0xbf, 0xff, 0xaa,
    0x87, 0xf3, 0xff, 0xfd, 0x40, 0xff, 0xbf, 0xff,
    0xa7, 0x7, 0xfd, 0x7f, 0xff, 0x49, 0xf, 0xf9,
    0xff, 0xfe, 0x92, 0x1f, 0xf3, 0xff, 0xfd, 0x24,
    0x3f, 0xf8, 0x1f, 0xff, 0xd2, 0x43, 0xff, 0x81,
    0xff, 0xfd, 0x24, 0x3f, 0xf8, 0x1f, 0xff, 0xd2,
    0x43, 0xff, 0x81, 0xff, 0xfd, 0x24, 0x3f, 0xf8,
    0x1f, 0xff, 0xd2, 0x43, 0xff, 0x81, 0xff, 0xfd,
    0x24, 0x3f, 0xf8, 0x1f, 0xff, 0xd2, 0x43, 0xff,
    0x81, 0xff, 0xfd, 0x24, 0x3f, 0xf8, 0x1f, 0xff,
    0xd2, 0x43, 0xff, 0x81, 0xff, 0xfd, 0x24, 0x3f,
    0xf8, 0x1f, 0xff, 0xd2, 0x43, 0xff, 0x81, 0xff,
    0xfd, 0x24, 0x3f, 0xf8, 0x1f, 0xff, 0xd2, 0x43,
    0xff, 0x81, 0xff, 0xfd, 0x24, 0x3f, 0xf8, 0x1f,
    0xff, 0xd2, 0x43, 0xff, 0x81, 0xff, 0xfd, 0x24,
    0x3f, 0xf8, 0x1f, 0xff, 0xd2, 0x43, 0xff, 0x81,
    0xff, 0xfd, 0x24, 0x3f, 0xf8, 0x1f, 0xff, 0xd2,
    0x43, 0xff, 0x81, 0xff, 0xfd, 0x24, 0x3f, 0xf8,
    0x1f, 0xff, 0xd2, 0x43, 0xff, 0x81, 0xff, 0xfd,
    0x24, 0x3f, 0xf8, 0x1f, 0xff, 0xc3, 0xf, 0xfe,
    0xf8,

    /* U+0069 "i" */
    0xff, 0xff, 0xff, 0xff, 0xff, 0xff, 0xff, 0x9c,
    0x1f, 0xff, 0x4b, 0xff, 0xf8, 0x54, 0xff, 0xfe,
    0x15, 0x3f, 0xff, 0x85, 0x4f, 0xff, 0xe1, 0x53,
    0xff, 0xf8, 0x54, 0xff, 0xfe, 0x15, 0x3f, 0xff,
    0x85, 0x4f, 0xff, 0xe1, 0x53, 0xff, 0xf8, 0x54,
    0xff, 0xfe, 0x15, 0x3f, 0xff, 0x85, 0x4f, 0xff,
    0xe1, 0x53, 0xff, 0xf8, 0x54, 0xff, 0xfe, 0x15,
    0x3f, 0xff, 0x85, 0x4f, 0xff, 0xe1, 0x53, 0xff,
    0xf8, 0x54, 0xff, 0xfe, 0x15, 0x3f, 0xff, 0x85,
    0x4f, 0xff, 0xe1, 0x53, 0xff, 0xf8, 0x54, 0xff,
    0xfe, 0x15, 0x3f, 0xff, 0x85, 0x4f, 0xff, 0xe1,
    0x53, 0xff, 0xf8, 0x54, 0xff, 0xfe, 0x15, 0x3f,
    0xff, 0x85, 0x4f, 0xff, 0xe1, 0x53, 0xff, 0xf8,
    0x54, 0xff, 0xfe, 0x15, 0x3f, 0xff, 0x85, 0x4f,
    0xff, 0xe1, 0x53, 0xff, 0xf8, 0x54, 0xff, 0xfe,
    0x15, 0x3f, 0xff, 0x85, 0x4f, 0xff, 0xe1, 0x53,
    0xff, 0xf8, 0x54, 0xff, 0xfe, 0x15, 0x3f, 0xff,
    0x85, 0x4f, 0xff, 0xe1, 0x53, 0xff, 0xf8, 0x54,
    0xff, 0xfe, 0x15, 0x3f, 0xff, 0x85, 0x7, 0xff,
    0x10,

    /* U+006A "j" */
    0xf, 0xbf, 0xff, 0x88, 0x1f, 0x7f, 0xff, 0x10,
    0x3e, 0xff, 0xfe, 0x20, 0x7d, 0xff, 0xfc, 0x40,
    0xfb, 0xff, 0xf8, 0x81, 0xf7, 0xff, 0xf1, 0x3,
    0xef, 0xff, 0xe2, 0x7, 0xdf, 0xff, 0xc4, 0xf,
    0xbf, 0xff, 0x88, 0x1f, 0x7f, 0xff, 0x10, 0x3e,
    0xff, 0xfe, 0x20, 0x7f, 0xff, 0xc3, 0xff, 0x99,
    0x7f, 0xff, 0xa, 0xf, 0xaf, 0xff, 0xe1, 0x41,
    0xf5, 0xff, 0xfc, 0x28, 0x3e, 0xbf, 0xff, 0x85,
    0x7, 0xd7, 0xff, 0xf0, 0xa0, 0xfa, 0xff, 0xfe,
    0x14, 0x1f, 0x5f, 0xff, 0xc2, 0x83, 0xeb, 0xff,
    0xf8, 0x50, 0x7d, 0x7f, 0xff, 0xa, 0xf, 0xaf,
    0xff, 0xe1, 0x41, 0xf5, 0xff, 0xfc, 0x28, 0x3e,
    0xbf, 0xff, 0x85, 0x7, 0xd7, 0xff, 0xf0, 0xa0,
    0xfa, 0xff, 0xfe, 0x14, 0x1f, 0x5f, 0xff, 0xc2,
    0x83, 0xeb, 0xff, 0xf8, 0x50, 0x7d, 0x7f, 0xff,
    0xa, 0xf, 0xaf, 0xff, 0xe1, 0x41, 0xf5, 0xff,
    0xfc, 0x28, 0x3e, 0xbf, 0xff, 0x85, 0x7, 0xd7,
    0xff, 0xf0, 0xa0, 0xfa, 0xff, 0xfe, 0x14, 0x1f,
    0x5f, 0xff, 0xc2, 0x83, 0xeb, 0xff, 0xf8, 0x50,
    0x7d, 0x7f, 0xff, 0xa, 0xf, 0xaf, 0xff, 0xe1,
    0x41, 0xf5, 0xff, 0xfc, 0x28, 0x3e, 0xbf, 0xff,
    0x85, 0x7, 0xd7, 0xff, 0xf0, 0xa0, 0xfa, 0xff,
    0xfe, 0x14, 0x1f, 0x5f, 0xff, 0xc2, 0x83, 0xeb,
    0xff, 0xf8, 0x50, 0x7d, 0x7f, 0xff, 0xa, 0xf,
    0xaf, 0xff, 0xe1, 0x41, 0xf5, 0xff, 0xfc, 0x28,
    0x3e, 0xbf, 0xff, 0x85, 0x7, 0xd7, 0xff, 0xf0,
    0xa0, 0xfa, 0xff, 0xfe, 0x14, 0x1f, 0x5f, 0xff,
    0xc2, 0x83, 0xeb, 0xff, 0xf8, 0x50, 0x7d, 0x7f,
    0xff, 0xa, 0xf, 0xaf, 0xff, 0xe1, 0x41, 0xf7,
    0xff, 0xf0, 0xd0, 0xfb, 0xff, 0xf8, 0x68, 0x7b,
    0xff, 0xf8, 0x89, 0x5b, 0xff, 0xf8, 0xa0, 0xff,
    0xfe, 0x48, 0x3f, 0xff, 0x91, 0x3, 0xff, 0xf9,
    0x8, 0x3f, 0xff, 0x90, 0x17, 0xff, 0xf1, 0xd0,
    0xbf, 0xff, 0x8d, 0x6, 0xff, 0xfe, 0x2c, 0x1d,
    0xff, 0xfc, 0x44, 0x3d, 0xff, 0xfc, 0x28, 0x3f,
    0x53, 0xff, 0x48, 0x7f, 0x80,

    /* U+006B "k" */
    0xff, 0xfe, 0x1a, 0x1f, 0xfd, 0x1f, 0xff, 0xe1,
    0xa1, 0xff, 0xd1, 0xff, 0xfe, 0x1a, 0x1f, 0xfd,
    0x1f, 0xff, 0xe1, 0xa1, 0xff, 0xd1, 0xff, 0xfe,
    0x1a, 0x1f, 0xfd, 0x1f, 0xff, 0xe1, 0xa1, 0xff,
    0xd1, 0xff, 0xfe, 0x1a, 0x1f, 0xfd, 0x1f, 0xff,
    0xe1, 0xa1, 0xff, 0xd1, 0xff, 0xfe, 0x1a, 0x1f,
    0xfd, 0x1f, 0xff, 0xe1, 0xa1, 0xff, 0xd1, 0xff,
    0xfe, 0x1a, 0x1f, 0xfd, 0x1f, 0xff, 0xe1, 0xa1,
    0xff, 0xd1, 0xff, 0xfe, 0x1a, 0x1f, 0xfd, 0x1f,
    0xff, 0xe1, 0xa1, 0xff, 0xd1, 0xff, 0xfe, 0x1a,
    0x1f, 0xfd, 0x1f, 0xff, 0xe1, 0xa1, 0xfe, 0x7f,
    0xff, 0x89, 0x1f, 0xff, 0xc3, 0x43, 0xfd, 0xff,
    0xfc, 0x50, 0x7f, 0xff, 0xd, 0xf, 0xef, 0xff,
    0xe2, 0x85, 0xff, 0xfc, 0x34, 0x3f, 0x7f, 0xff,
    0x15, 0xb, 0xff, 0xf8, 0x68, 0x7d, 0x7f, 0xff,
    0x11, 0xd, 0xff, 0xfc, 0x34, 0x3c, 0xff, 0xff,
    0x11, 0xe, 0xff, 0xfe, 0x1a, 0x1e, 0xff, 0xfe,
    0x24, 0x1e, 0xff, 0xfe, 0x1a, 0x1d, 0xff, 0xfc,
    0x48, 0x3e, 0xff, 0xfe, 0x1a, 0x1b, 0xff, 0xf8,
    0xa1, 0xfb, 0xff, 0xf8, 0x68, 0x57, 0xff, 0xf1,
    0x3, 0xfb, 0xff, 0xf8, 0x68, 0x1f, 0xff, 0xe2,
    0x7, 0xfb, 0xff, 0xf8, 0x68, 0xff, 0xff, 0x11,
    0xf, 0xf7, 0xff, 0xf0, 0xd3, 0xff, 0xf8, 0x88,
    0x7f, 0xdf, 0xff, 0xc3, 0x7f, 0xff, 0x89, 0x7,
    0xff, 0x3, 0xff, 0xfa, 0x70, 0x7f, 0xf0, 0x7f,
    0xff, 0xa6, 0x1f, 0xfc, 0x2f, 0xff, 0xe9, 0x7,
    0xff, 0xf, 0xff, 0xfa, 0x28, 0x7f, 0xf0, 0xff,
    0xff, 0xa4, 0x1f, 0xfc, 0x3f, 0xff, 0xe9, 0x41,
    0xff, 0xc2, 0xff, 0xfe, 0x98, 0x7f, 0xf0, 0xbf,
    0xff, 0xa7, 0x7, 0xff, 0x7, 0xff, 0xfa, 0x88,
    0x7f, 0xf0, 0x3f, 0xff, 0xaa, 0x1f, 0xfc, 0xf,
    0xff, 0xea, 0xc1, 0xff, 0x7f, 0xff, 0x58, 0x3f,
    0xef, 0xff, 0xeb, 0x41, 0xfe, 0xff, 0xfe, 0xba,
    0x1f, 0xdf, 0xff, 0xd8, 0xf, 0xef, 0xff, 0xe3,
    0x27, 0xff, 0xf1, 0x10, 0xfd, 0xff, 0xfc, 0x54,
    0x17, 0xff, 0xf1, 0x3, 0xf7, 0xff, 0xf1, 0x20,
    0xdf, 0xff, 0xc4, 0x83, 0xef, 0xff, 0xe1, 0xc1,
    0xcf, 0xff, 0xf1, 0x10, 0xf7, 0xff, 0xf0, 0xd0,
    0xf7, 0xff, 0xf1, 0x43, 0xdf, 0xff, 0xc3, 0x43,
    0xef, 0xff, 0xe2, 0x21, 0xdf, 0xff, 0xc3, 0x43,
    0xeb, 0xff, 0xf8, 0x81, 0xdf, 0xff, 0xc3, 0x43,
    0xf7, 0xff, 0xf1, 0x20, 0xdf, 0xff, 0xc3, 0x43,
    0xf3, 0xff, 0xfc, 0x44, 0x2f, 0xff, 0xe1, 0xa1,
    0xfd, 0xff, 0xfc, 0x50, 0xbf, 0xff, 0x86, 0x87,
    0xfb, 0xff, 0xf8, 0x88, 0x3f, 0xff, 0x86, 0x87,
    0xfa, 0xff, 0xfe, 0x20, 0x3f, 0xff, 0x86, 0x87,
    0xfd, 0xff, 0xfc, 0x48, 0xff, 0xfe, 0x1a, 0x1f,
    0xf3, 0xff, 0xfc, 0x44, 0x3f, 0xfc, 0x20,

    /* U+006C "l" */
    0xbf, 0xff, 0x85, 0x4f, 0xff, 0xe1, 0x53, 0xff,
    0xf8, 0x54, 0xff, 0xfe, 0x15, 0x3f, 0xff, 0x85,
    0x4f, 0xff, 0xe1, 0x53, 0xff, 0xf8, 0x54, 0xff,
    0xfe, 0x15, 0x3f, 0xff, 0x85, 0x4f, 0xff, 0xe1,
    0x53, 0xff, 0xf8, 0x54, 0xff, 0xfe, 0x15, 0x3f,
    0xff, 0x85, 0x4f, 0xff, 0xe1, 0x53, 0xff, 0xf8,
    0x54, 0xff, 0xfe, 0x15, 0x3f, 0xff, 0x85, 0x4f,
    0xff, 0xe1, 0x53, 0xff, 0xf8, 0x54, 0xff, 0xfe,
    0x15, 0x3f, 0xff, 0x85, 0x4f, 0xff, 0xe1, 0x53,
    0xff, 0xf8, 0x54, 0xff, 0xfe, 0x15, 0x3f, 0xff,
    0x85, 0x4f, 0xff, 0xe1, 0x53, 0xff, 0xf8, 0x54,
    0xff, 0xfe, 0x15, 0x3f, 0xff, 0x85, 0x4f, 0xff,
    0xe1, 0x53, 0xff, 0xf8, 0x54, 0xff, 0xfe, 0x15,
    0x3f, 0xff, 0x85, 0x4f, 0xff, 0xe1, 0x53, 0xff,
    0xf8, 0x54, 0xff, 0xfe, 0x15, 0x3f, 0xff, 0x85,
    0x4f, 0xff, 0xe1, 0x53, 0xff, 0xf8, 0x54, 0xff,
    0xfe, 0x15, 0x3f, 0xff, 0x85, 0x4f, 0xff, 0xe1,
    0x53, 0xff, 0xf8, 0x54, 0xff, 0xfe, 0x15, 0x3f,
    0xff, 0x85, 0x4f, 0xff, 0xe1, 0x53, 0xff, 0xf8,
    0x54, 0xff, 0xfe, 0x15, 0x3f, 0xff, 0x85, 0x4f,
    0xff, 0xe1, 0x53, 0xff, 0xf8, 0x54, 0xff, 0xfe,
    0x15, 0x3f, 0xff, 0x85, 0x4f, 0xff, 0xe1, 0x53,
    0xff, 0xf8, 0x54, 0xff, 0xfe, 0x15, 0x3f, 0xff,
    0x85, 0x4f, 0xff, 0xe1, 0x41, 0xff, 0xc4,

    /* U+006D "m" */
    0xf, 0xfe, 0x65, 0xfd, 0x44, 0x3f, 0xf8, 0xad,
    0x3f, 0xa4, 0x3f, 0xdf, 0xff, 0xc3, 0x43, 0x9f,
    0xff, 0xe0, 0x41, 0xff, 0xc0, 0x6f, 0xff, 0xe0,
    0xa1, 0xf7, 0xff, 0xf0, 0xd0, 0xdf, 0xff, 0xc4,
    0x83, 0xfb, 0xff, 0xf8, 0xc1, 0xef, 0xff, 0xe1,
    0xa0, 0x7f, 0xff, 0x8d, 0x7, 0x9f, 0xff, 0xe4,
    0x21, 0xbf, 0xff, 0x86, 0x97, 0xff, 0xf2, 0x43,
    0x7f, 0xff, 0x2d, 0xb, 0xff, 0xf8, 0x6d, 0xff,
    0xfc, 0xa8, 0x1f, 0xff, 0xcd, 0xb, 0xff, 0xf8,
    0x77, 0xff, 0xf3, 0x1f, 0xff, 0xe7, 0x40, 0xff,
    0xff, 0xc0, 0x3f, 0xff, 0xf1, 0x1f, 0xff, 0xf9,
    0x3f, 0xff, 0xf2, 0x7f, 0xff, 0xe5, 0xff, 0xff,
    0xcd, 0xff, 0xfc, 0x89, 0xbf, 0xff, 0x99, 0x57,
    0xff, 0xf6, 0x83, 0xcf, 0xff, 0xf2, 0x10, 0xf7,
    0xff, 0xf5, 0xc3, 0xfb, 0xff, 0xf8, 0xc1, 0xfd,
    0xff, 0xfd, 0x54, 0x3f, 0xaf, 0xff, 0xe2, 0x41,
    0xfe, 0xff, 0xfe, 0xa0, 0x7f, 0xdf, 0xff, 0xc4,
    0xf, 0xfb, 0xff, 0xfa, 0x70, 0x7f, 0xdf, 0xff,
    0xc4, 0xf, 0xfa, 0xff, 0xfe, 0x92, 0x1f, 0xf7,
    0xff, 0xf0, 0xe0, 0xff, 0x9f, 0xff, 0xe9, 0x21,
    0xff, 0x5f, 0xff, 0xc2, 0x83, 0xfe, 0x7f, 0xff,
    0xa4, 0x87, 0xfd, 0x7f, 0xff, 0xa, 0xf, 0xf9,
    0xff, 0xfe, 0x92, 0x1f, 0xf5, 0xff, 0xfc, 0x28,
    0x3f, 0xe7, 0xff, 0xfa, 0x48, 0x7f, 0xd7, 0xff,
    0xf0, 0xa0, 0xff, 0x9f, 0xff, 0xe9, 0x21, 0xff,
    0x5f, 0xff, 0xc2, 0x83, 0xfe, 0x7f, 0xff, 0xa4,
    0x87, 0xfd, 0x7f, 0xff, 0xa, 0xf, 0xf9, 0xff,
    0xfe, 0x92, 0x1f, 0xf5, 0xff, 0xfc, 0x28, 0x3f,
    0xe7, 0xff, 0xfa, 0x48, 0x7f, 0xd7, 0xff, 0xf0,
    0xa0, 0xff, 0x9f, 0xff, 0xe9, 0x21, 0xff, 0x5f,
    0xff, 0xc2, 0x83, 0xfe, 0x7f, 0xff, 0xa4, 0x87,
    0xfd, 0x7f, 0xff, 0xa, 0xf, 0xf9, 0xff, 0xfe,
    0x92, 0x1f, 0xf5, 0xff, 0xfc, 0x28, 0x3f, 0xe7,
    0xff, 0xfa, 0x48, 0x7f, 0xd7, 0xff, 0xf0, 0xa0,
    0xff, 0x9f, 0xff, 0xe9, 0x21, 0xff, 0x5f, 0xff,
    0xc2, 0x83, 0xfe, 0x7f, 0xff, 0xa4, 0x87, 0xfd,
    0x7f, 0xff, 0xa, 0xf, 0xf9, 0xff, 0xfe, 0x92,
    0x1f, 0xf5, 0xff, 0xfc, 0x28, 0x3f, 0xe7, 0xff,
    0xfa, 0x48, 0x7f, 0xd7, 0xff, 0xf0, 0xa0, 0xff,
    0x9f, 0xff, 0xe9, 0x21, 0xff, 0x5f, 0xff, 0xc2,
    0x83, 0xfe, 0x7f, 0xff, 0xa4, 0x87, 0xfd, 0x7f,
    0xff, 0xa, 0xf, 0xf9, 0xff, 0xfe, 0x92, 0x1f,
    0xf5, 0xff, 0xfc, 0x28, 0x3f, 0xe7, 0xff, 0xfa,
    0x48, 0x7f, 0xd7, 0xff, 0xf0, 0xa0, 0xff, 0x9f,
    0xff, 0xe9, 0x21, 0xff, 0x5f, 0xff, 0xc2, 0x83,
    0xfe, 0x7f, 0xff, 0xa4, 0x87, 0xfd, 0x7f, 0xff,
    0xa, 0xf, 0xf9, 0xff, 0xfe, 0x92, 0x1f, 0xf5,
    0xff, 0xfc, 0x28, 0x3f, 0xe7, 0xff, 0xfa, 0x48,
    0x7f, 0xd7, 0xff, 0xf0, 0xa0, 0xff, 0x9f, 0xff,
    0xe1, 0x80,

    /* U+006E "n" */
    0xf, 0xfe, 0x65, 0x3f, 0xa4, 0x3f, 0xdf, 0xff,
    0xc3, 0x43, 0x9b, 0xff, 0xf8, 0x8, 0x7d, 0xff,
    0xfc, 0x34, 0x37, 0xff, 0xf1, 0x43, 0xdf, 0xff,
    0xc3, 0x40, 0xff, 0xff, 0x1c, 0x3b, 0xff, 0xf8,
    0x68, 0xff, 0xff, 0x24, 0x37, 0xff, 0xf0, 0xd5,
    0xff, 0xfc, 0xb0, 0xbf, 0xff, 0x87, 0x7f, 0xff,
    0x32, 0x7, 0xff, 0xf7, 0x41, 0xff, 0xfd, 0xd8,
    0xff, 0xfe, 0xf1, 0xff, 0xfd, 0xe3, 0xff, 0xfb,
    0xcf, 0xff, 0xf7, 0xaf, 0xff, 0xe4, 0x4d, 0xff,
    0xfd, 0xa4, 0x3d, 0xff, 0xfd, 0x70, 0xfe, 0xff,
    0xfe, 0xaa, 0x1f, 0xcf, 0xff, 0xf5, 0x3, 0xfe,
    0xff, 0xfe, 0x9c, 0x1f, 0xf5, 0xff, 0xfd, 0x24,
    0x3f, 0xe7, 0xff, 0xfa, 0x48, 0x7f, 0xcf, 0xff,
    0xf4, 0x90, 0xff, 0xe0, 0x7f, 0xff, 0x49, 0xf,
    0xfe, 0x7, 0xff, 0xf4, 0x90, 0xff, 0xe0, 0x7f,
    0xff, 0x49, 0xf, 0xfe, 0x7, 0xff, 0xf4, 0x90,
    0xff, 0xe0, 0x7f, 0xff, 0x49, 0xf, 0xfe, 0x7,
    0xff, 0xf4, 0x90, 0xff, 0xe0, 0x7f, 0xff, 0x49,
    0xf, 0xfe, 0x7, 0xff, 0xf4, 0x90, 0xff, 0xe0,
    0x7f, 0xff, 0x49, 0xf, 0xfe, 0x7, 0xff, 0xf4,
    0x90, 0xff, 0xe0, 0x7f, 0xff, 0x49, 0xf, 0xfe,
    0x7, 0xff, 0xf4, 0x90, 0xff, 0xe0, 0x7f, 0xff,
    0x49, 0xf, 0xfe, 0x7, 0xff, 0xf4, 0x90, 0xff,
    0xe0, 0x7f, 0xff, 0x49, 0xf, 0xfe, 0x7, 0xff,
    0xf4, 0x90, 0xff, 0xe0, 0x7f, 0xff, 0x49, 0xf,
    0xfe, 0x7, 0xff, 0xf4, 0x90, 0xff, 0xe0, 0x7f,
    0xff, 0x49, 0xf, 0xfe, 0x7, 0xff, 0xf4, 0x90,
    0xff, 0xe0, 0x7f, 0xff, 0x49, 0xf, 0xfe, 0x7,
    0xff, 0xf4, 0x90, 0xff, 0xe0, 0x7f, 0xff, 0xc,

    /* U+006F "o" */
    0xf, 0xfe, 0x33, 0x57, 0xf5, 0x10, 0xff, 0xeb,
    0x37, 0xff, 0xf0, 0xe4, 0x3f, 0xfa, 0x17, 0xff,
    0xf2, 0x50, 0xff, 0xe6, 0x5f, 0xff, 0xcd, 0x43,
    0xff, 0x93, 0xff, 0xfd, 0x8, 0x3f, 0xf8, 0xcf,
    0xff, 0xf4, 0xc3, 0xff, 0x89, 0x7f, 0xff, 0x55,
    0xf, 0xfe, 0xd, 0xff, 0xfd, 0x70, 0xff, 0xe0,
    0x3f, 0xff, 0xd9, 0xf, 0xf3, 0xff, 0xfd, 0xb0,
    0xfe, 0xff, 0xfe, 0xe4, 0x1f, 0x5f, 0xff, 0xdd,
    0xf, 0xbf, 0xff, 0xbd, 0x7, 0x5f, 0xff, 0xc5,
    0x83, 0xcf, 0xff, 0xf1, 0x90, 0xdf, 0xff, 0xc5,
    0xf, 0xf5, 0xff, 0xfc, 0x48, 0x27, 0xff, 0xf8,
    0x70, 0x7f, 0xf0, 0x1f, 0xff, 0xe2, 0x5, 0x7f,
    0xff, 0xc, 0x3f, 0xf8, 0x57, 0xff, 0xf0, 0xd0,
    0x7f, 0xff, 0xd, 0xf, 0xfe, 0x1f, 0xff, 0xf0,
    0xe1, 0xff, 0xfe, 0x18, 0x7f, 0xf1, 0x1f, 0xff,
    0xe1, 0x8f, 0xff, 0xf0, 0xa0, 0xff, 0xe2, 0xff,
    0xff, 0xc, 0x7f, 0xff, 0x84, 0x87, 0xff, 0x17,
    0xff, 0xf8, 0x65, 0xff, 0xfc, 0x20, 0xff, 0xe3,
    0x5f, 0xff, 0xc2, 0x2f, 0xff, 0xe1, 0x7, 0xff,
    0x1a, 0xff, 0xfe, 0x11, 0x7f, 0xff, 0x8, 0x3f,
    0xf8, 0xd7, 0xff, 0xf0, 0x8b, 0xff, 0xf8, 0x48,
    0x7f, 0xf1, 0x7f, 0xff, 0x86, 0x3f, 0xff, 0xc2,
    0x83, 0xff, 0x8b, 0xff, 0xfc, 0x31, 0xff, 0xfe,
    0x18, 0x7f, 0xf1, 0x1f, 0xff, 0xe1, 0x40, 0xff,
    0xfe, 0x1a, 0x1f, 0xfc, 0x3f, 0xff, 0xe1, 0xc0,
    0xff, 0xfe, 0x20, 0x7f, 0xf0, 0x9f, 0xff, 0xe1,
    0x84, 0xff, 0xff, 0x10, 0x3f, 0xf8, 0xf, 0xff,
    0xf1, 0x3, 0x7f, 0xff, 0x14, 0x3f, 0xcf, 0xff,
    0xf1, 0x20, 0xdf, 0xff, 0xc6, 0x90, 0xe7, 0xff,
    0xf8, 0xc1, 0xcf, 0xff, 0xf7, 0xa0, 0xf5, 0xff,
    0xfd, 0xd0, 0xfd, 0xff, 0xfd, 0xc8, 0x3f, 0x3f,
    0xff, 0xdb, 0xf, 0xf5, 0xff, 0xfd, 0x90, 0xff,
    0xe0, 0x5f, 0xff, 0xd7, 0xf, 0xfe, 0x17, 0xff,
    0xf5, 0x83, 0xff, 0x89, 0x7f, 0xff, 0x4c, 0x3f,
    0xf8, 0xcf, 0xff, 0xf4, 0x20, 0xff, 0xe4, 0xdf,
    0xff, 0xcd, 0x43, 0xff, 0x99, 0x7f, 0xff, 0x25,
    0xf, 0xfe, 0x83, 0xff, 0xfc, 0x49, 0xf, 0xfe,
    0xab, 0x4f, 0xf5, 0x10, 0xff, 0xe3, 0x80,

    /* U+0070 "p" */
    0xf, 0xfe, 0x6b, 0x59, 0x41, 0xff, 0xc4, 0xbf,
    0xff, 0x84, 0x1f, 0x3f, 0xff, 0x41, 0xff, 0xc1,
    0xff, 0xfe, 0x1a, 0x1a, 0xff, 0xfe, 0x1c, 0x1f,
    0xf7, 0xff, 0xf0, 0xd0, 0xbf, 0xff, 0x8f, 0x7,
    0xf7, 0xff, 0xf0, 0xd1, 0xff, 0xfe, 0x50, 0x7e,
    0xff, 0xfe, 0x1a, 0xbf, 0xff, 0x98, 0x1f, 0x7f,
    0xff, 0xe, 0xff, 0xfe, 0x70, 0x7b, 0xff, 0xfb,
    0xe1, 0xdf, 0xff, 0xdf, 0x83, 0x7f, 0xff, 0x80,
    0x37, 0xff, 0xf8, 0x20, 0xbf, 0xff, 0xc2, 0x17,
    0xff, 0xf8, 0x60, 0x7f, 0xff, 0x22, 0x43, 0x3f,
    0xff, 0xc7, 0x7, 0xff, 0xf1, 0xc3, 0xf9, 0xff,
    0xfe, 0x2a, 0x7f, 0xff, 0x16, 0xf, 0xfe, 0x7,
    0xff, 0xf1, 0x23, 0xff, 0xf8, 0xa1, 0xff, 0xc1,
    0x7f, 0xff, 0x88, 0x7f, 0xff, 0x10, 0x3f, 0xf8,
    0x77, 0xff, 0xf0, 0xcf, 0xff, 0xe2, 0x7, 0xff,
    0x13, 0xff, 0xf8, 0x6f, 0xff, 0xf0, 0xd0, 0xff,
    0xe2, 0x7f, 0xff, 0xd, 0xff, 0xfe, 0x18, 0x7f,
    0xf1, 0x6f, 0xff, 0xe1, 0x3f, 0xff, 0xc3, 0xf,
    0xfe, 0x2b, 0xff, 0xfc, 0x2b, 0xff, 0xf8, 0x61,
    0xff, 0xc5, 0x7f, 0xff, 0x85, 0x7f, 0xff, 0xc,
    0x3f, 0xf8, 0xaf, 0xff, 0xf0, 0xaf, 0xff, 0xe1,
    0x87, 0xff, 0x16, 0xff, 0xfe, 0x13, 0xff, 0xfc,
    0x34, 0x3f, 0xf8, 0x97, 0xff, 0xf0, 0x9f, 0xff,
    0xe1, 0xc1, 0xff, 0xc4, 0xff, 0xfe, 0x1b, 0xff,
    0xfc, 0x40, 0xff, 0xe1, 0xbf, 0xff, 0xc3, 0x3f,
    0xff, 0x89, 0x7, 0xff, 0xb, 0xff, 0xf8, 0x87,
    0xff, 0xf1, 0x50, 0xff, 0xe0, 0x7f, 0xff, 0x12,
    0x3f, 0xff, 0x8c, 0x87, 0xfb, 0xff, 0xf8, 0xa9,
    0xff, 0xfc, 0x84, 0x3d, 0x7f, 0xff, 0x18, 0x1f,
    0xff, 0xcb, 0xa7, 0xff, 0xf2, 0x41, 0xff, 0xfe,
    0x14, 0x1f, 0xff, 0xe1, 0xb, 0xff, 0xfc, 0x8,
    0x5f, 0xff, 0xdf, 0x83, 0x7f, 0xff, 0x7c, 0x3b,
    0xff, 0xfb, 0xc8, 0x77, 0xff, 0xf0, 0xdf, 0xff,
    0xe6, 0xa1, 0xef, 0xff, 0xe1, 0xa7, 0xff, 0xf2,
    0xd0, 0xfb, 0xff, 0xf8, 0x68, 0x3f, 0xff, 0x92,
    0x1f, 0xdf, 0xff, 0xc3, 0x42, 0x7f, 0xff, 0x8a,
    0x87, 0xfb, 0xff, 0xf8, 0x68, 0x75, 0xff, 0xfc,
    0x18, 0x3f, 0xf8, 0x1f, 0xff, 0xc3, 0x43, 0xe6,
    0xff, 0x50, 0x3f, 0xf8, 0x7f, 0xff, 0xc3, 0x43,
    0xff, 0xa9, 0xff, 0xfc, 0x34, 0x3f, 0xfa, 0x9f,
    0xff, 0xc3, 0x43, 0xff, 0xa9, 0xff, 0xfc, 0x34,
    0x3f, 0xfa, 0x9f, 0xff, 0xc3, 0x43, 0xff, 0xa9,
    0xff, 0xfc, 0x34, 0x3f, 0xfa, 0x9f, 0xff, 0xc3,
    0x43, 0xff, 0xa9, 0xff, 0xfc, 0x34, 0x3f, 0xfa,
    0x9f, 0xff, 0xc3, 0x43, 0xff, 0xa9, 0xff, 0xfc,
    0x34, 0x3f, 0xfa, 0x9f, 0xff, 0xc3, 0x43, 0xff,
    0xa9, 0xff, 0xfc, 0x34, 0x3f, 0xfa, 0x80,

    /* U+0071 "q" */
    0xf, 0xfe, 0x22, 0xab, 0x21, 0xff, 0xda, 0xbf,
    0xfe, 0x83, 0xef, 0xff, 0xe1, 0x87, 0xfd, 0x7f,
    0xff, 0x10, 0x3b, 0xff, 0xf8, 0x61, 0xfd, 0x7f,
    0xff, 0x1d, 0xb, 0xff, 0xf8, 0x61, 0xfb, 0xff,
    0xf9, 0x50, 0x3f, 0xff, 0x86, 0x1f, 0x7f, 0xff,
    0x32, 0x3f, 0xff, 0x86, 0x1e, 0xff, 0xfe, 0xf0,
    0x75, 0xff, 0xfd, 0xe0, 0xcf, 0xff, 0xf7, 0xc3,
    0x7f, 0xff, 0x80, 0x2b, 0xff, 0xfc, 0x1, 0x7f,
    0xff, 0x84, 0x17, 0xff, 0xf8, 0x41, 0xff, 0xfc,
    0x74, 0x33, 0x7f, 0xff, 0x20, 0x7f, 0xff, 0x8a,
    0x87, 0xf7, 0xff, 0xf1, 0xcb, 0xff, 0xf8, 0x81,
    0xff, 0xc0, 0xbf, 0xff, 0x8a, 0x7f, 0xff, 0x11,
    0xf, 0xfe, 0xf, 0xff, 0xf1, 0x4f, 0xff, 0xe1,
    0xc1, 0xff, 0xc2, 0x7f, 0xff, 0x88, 0x7f, 0xff,
    0xc, 0x3f, 0xf8, 0x9f, 0xff, 0xc4, 0x7f, 0xff,
    0x86, 0x1f, 0xfc, 0x47, 0xff, 0xf8, 0x6f, 0xff,
    0xf0, 0xa0, 0xff, 0xe2, 0xff, 0xff, 0xd, 0xff,
    0xfe, 0x12, 0x1f, 0xfc, 0x5f, 0xff, 0xe1, 0xbf,
    0xff, 0xc2, 0x43, 0xff, 0x8b, 0xff, 0xfc, 0x37,
    0xff, 0xf8, 0x48, 0x7f, 0xf1, 0x7f, 0xff, 0x86,
    0xff, 0xff, 0xa, 0xf, 0xfe, 0x2f, 0xff, 0xf0,
    0xdf, 0xff, 0xe1, 0x41, 0xff, 0xc4, 0x7f, 0xff,
    0x86, 0x7f, 0xff, 0xc, 0x3f, 0xf8, 0x97, 0xff,
    0xf0, 0xcf, 0xff, 0xe1, 0xc1, 0xff, 0xc3, 0xff,
    0xfe, 0x21, 0xff, 0xfc, 0x40, 0xff, 0xe1, 0x5f,
    0xff, 0xc4, 0x2f, 0xff, 0xe2, 0x7, 0xff, 0x1,
    0xff, 0xfe, 0x28, 0xff, 0xff, 0x14, 0x3f, 0xd7,
    0xff, 0xf1, 0x81, 0xff, 0xfc, 0x68, 0x3c, 0xff,
    0xff, 0x20, 0x1f, 0xff, 0xc9, 0xa7, 0xff, 0xf2,
    0xc0, 0xff, 0xff, 0x84, 0x2f, 0xff, 0xf0, 0x84,
    0xff, 0xff, 0x80, 0x35, 0xff, 0xfd, 0xf0, 0xef,
    0xff, 0xef, 0x87, 0xbf, 0xff, 0xbc, 0x1e, 0x7f,
    0xff, 0x99, 0x1f, 0xff, 0xc3, 0xf, 0x9f, 0xff,
    0xe5, 0x40, 0xff, 0xfe, 0x18, 0x7f, 0x7f, 0xff,
    0x22, 0xb, 0xff, 0xf8, 0x61, 0xfe, 0x7f, 0xff,
    0x8a, 0x86, 0xff, 0xfe, 0x18, 0x7f, 0xf0, 0x2f,
    0xff, 0xe0, 0xa1, 0xef, 0xff, 0xe1, 0x87, 0xff,
    0xe, 0x9f, 0xd4, 0xf, 0xef, 0xff, 0xe1, 0x87,
    0xff, 0x57, 0xff, 0xf8, 0x61, 0xff, 0xd5, 0xff,
    0xfe, 0x18, 0x7f, 0xf5, 0x7f, 0xff, 0x86, 0x1f,
    0xfd, 0x5f, 0xff, 0xe1, 0x87, 0xff, 0x57, 0xff,
    0xf8, 0x61, 0xff, 0xd5, 0xff, 0xfe, 0x18, 0x7f,
    0xf5, 0x7f, 0xff, 0x86, 0x1f, 0xfd, 0x5f, 0xff,
    0xe1, 0x87, 0xff, 0x57, 0xff, 0xf8, 0x61, 0xff,
    0xd5, 0xff, 0xfe, 0x18, 0x7f, 0xf5, 0x7f, 0xff,
    0x86, 0x1f, 0xfd, 0x5f, 0xff, 0xe1, 0x80,

    /* U+0072 "r" */
    0xf, 0xfe, 0x63, 0x7f, 0xff, 0x19, 0xf, 0x5f,
    0xff, 0xc9, 0x43, 0x3f, 0xff, 0xcb, 0x42, 0xbf,
    0xff, 0x98, 0x82, 0xff, 0xfe, 0x6a, 0x3f, 0xff,
    0xce, 0x4f, 0xff, 0xe7, 0xb7, 0xff, 0xf3, 0xdf,
    0xff, 0xff, 0xff, 0xff, 0xff, 0xff, 0xff, 0xff,
    0xff, 0xc2, 0x90, 0xdf, 0xff, 0xc9, 0x43, 0xef,
    0xff, 0xe3, 0xc1, 0xfd, 0xff, 0xfc, 0x68, 0x3f,
    0xdf, 0xff, 0xc6, 0xf, 0xfb, 0xff, 0xf8, 0xa1,
    0xff, 0xc0, 0xff, 0xfe, 0x28, 0x7f, 0xf0, 0x3f,
    0xff, 0x88, 0x87, 0xff, 0x3, 0xff, 0xf8, 0x81,
    0xff, 0xc1, 0xff, 0xfe, 0x20, 0x7f, 0xf0, 0x7f,
    0xff, 0x87, 0x7, 0xff, 0x7, 0xff, 0xf8, 0x68,
    0x7f, 0xf0, 0x7f, 0xff, 0x86, 0x87, 0xff, 0x7,
    0xff, 0xf8, 0x68, 0x7f, 0xf0, 0x7f, 0xff, 0x86,
    0x87, 0xff, 0x7, 0xff, 0xf8, 0x68, 0x7f, 0xf0,
    0x7f, 0xff, 0x86, 0x87, 0xff, 0x7, 0xff, 0xf8,
    0x68, 0x7f, 0xf0, 0x7f, 0xff, 0x86, 0x87, 0xff,
    0x7, 0xff, 0xf8, 0x68, 0x7f, 0xf0, 0x7f, 0xff,
    0x86, 0x87, 0xff, 0x7, 0xff, 0xf8, 0x68, 0x7f,
    0xf0, 0x7f, 0xff, 0x86, 0x87, 0xff, 0x7, 0xff,
    0xf8, 0x68, 0x7f, 0xf0, 0x7f, 0xff, 0x86, 0x87,
    0xff, 0x7, 0xff, 0xf8, 0x68, 0x7f, 0xf0, 0x7f,
    0xff, 0x86, 0x87, 0xff, 0x7, 0xff, 0xf8, 0x68,
    0x7f, 0xf0, 0x40,

    /* U+0073 "s" */
    0xf, 0xfe, 0x13, 0x4f, 0xfa, 0x88, 0x7f, 0xf2,
    0xdb, 0xff, 0xf8, 0x92, 0x1f, 0xfc, 0x57, 0xff,
    0xf9, 0x52, 0x1f, 0xfc, 0x1b, 0xff, 0xf9, 0xc8,
    0x7f, 0xbf, 0xff, 0xa4, 0x87, 0xdf, 0xff, 0xd4,
    0xf, 0x7f, 0xff, 0x51, 0xe, 0x7f, 0xff, 0xa7,
    0x7, 0xbf, 0xff, 0xa8, 0x1e, 0x7f, 0xff, 0xa7,
    0x7, 0xaf, 0xff, 0xe1, 0xd5, 0xff, 0xfc, 0x10,
    0xfb, 0xff, 0xf8, 0x41, 0xf3, 0x7f, 0xe8, 0x3e,
    0xff, 0xfe, 0xc, 0x1f, 0xf5, 0xfc, 0x1f, 0xbf,
    0xff, 0x84, 0x1f, 0xfc, 0x17, 0xc8, 0x7e, 0xff,
    0xfe, 0x14, 0x1f, 0xfc, 0x24, 0x3f, 0xbf, 0xff,
    0x89, 0x21, 0xff, 0xc9, 0xff, 0xfe, 0x3c, 0x87,
    0xff, 0x1b, 0xff, 0xf9, 0x52, 0x1f, 0xfc, 0x37,
    0xff, 0xf9, 0x92, 0x1f, 0xfc, 0x1f, 0xff, 0xe7,
    0xa1, 0xff, 0x5f, 0xff, 0xd0, 0x43, 0xfd, 0xff,
    0xfd, 0x18, 0x3f, 0xdf, 0xff, 0xd2, 0xf, 0xf7,
    0xff, 0xf4, 0x60, 0xff, 0x5f, 0xff, 0xd0, 0x43,
    0xfe, 0xbf, 0xff, 0x9e, 0x1f, 0xfc, 0x17, 0xff,
    0xf9, 0xa8, 0x7f, 0xf0, 0xdb, 0xff, 0xf9, 0x30,
    0x7f, 0xf1, 0x9b, 0xff, 0xf8, 0xd0, 0x79, 0xf,
    0xfe, 0x1d, 0xff, 0xfc, 0x40, 0xf7, 0x90, 0xff,
    0xe1, 0xdf, 0xff, 0xc2, 0xe, 0xfe, 0x43, 0xff,
    0x85, 0xff, 0xfc, 0x20, 0xcf, 0xfc, 0x87, 0xff,
    0x3, 0xff, 0xf8, 0x41, 0xbf, 0xfd, 0x21, 0xf9,
    0xff, 0xfe, 0xc, 0x15, 0xff, 0xfc, 0x3a, 0xdf,
    0xff, 0xc3, 0x40, 0xff, 0xff, 0x5c, 0x2f, 0xff,
    0xec, 0x1, 0xff, 0xfe, 0xba, 0xf, 0xff, 0xeb,
    0xc1, 0xaf, 0xff, 0xea, 0x87, 0x9f, 0xff, 0xe9,
    0x87, 0xf3, 0xff, 0xfc, 0xf8, 0x3f, 0xf8, 0x37,
    0xff, 0xf2, 0xd0, 0xff, 0xe2, 0x37, 0xff, 0xf1,
    0x64, 0x3f, 0xf9, 0x4d, 0x5f, 0xf4, 0xa0, 0xff,
    0x80,

    /* U+0074 "t" */
    0xe, 0x7f, 0xff, 0x86, 0x1f, 0xfc, 0x37, 0xff,
    0xf8, 0x61, 0xff, 0xc3, 0x7f, 0xff, 0x86, 0x1f,
    0xfc, 0x37, 0xff, 0xf8, 0x61, 0xff, 0xc3, 0x7f,
    0xff, 0x86, 0x1f, 0xfc, 0x37, 0xff, 0xf8, 0x61,
    0xff, 0xc3, 0x7f, 0xff, 0x86, 0x1f, 0xfc, 0x37,
    0xff, 0xf8, 0x61, 0xff, 0xc3, 0x7f, 0xff, 0x86,
    0x1f, 0xfc, 0x37, 0xff, 0xf8, 0x61, 0xff, 0xc3,
    0x7f, 0xff, 0x86, 0x1f, 0xe7, 0xff, 0xfa, 0x4f,
    0xff, 0xf4, 0x9f, 0xff, 0xe9, 0x3f, 0xff, 0xd2,
    0x7f, 0xff, 0xa4, 0xff, 0xff, 0x49, 0xff, 0xfe,
    0x93, 0xff, 0xfd, 0x27, 0xff, 0xfa, 0x4f, 0xff,
    0xf4, 0x9f, 0xff, 0xe9, 0x3f, 0xff, 0xd2, 0xe,
    0x7f, 0xff, 0x86, 0x1f, 0xfc, 0x37, 0xff, 0xf8,
    0x61, 0xff, 0xc3, 0x7f, 0xff, 0x86, 0x1f, 0xfc,
    0x37, 0xff, 0xf8, 0x61, 0xff, 0xc3, 0x7f, 0xff,
    0x86, 0x1f, 0xfc, 0x37, 0xff, 0xf8, 0x61, 0xff,
    0xc3, 0x7f, 0xff, 0x86, 0x1f, 0xfc, 0x37, 0xff,
    0xf8, 0x61, 0xff, 0xc3, 0x7f, 0xff, 0x86, 0x1f,
    0xfc, 0x37, 0xff, 0xf8, 0x61, 0xff, 0xc3, 0x7f,
    0xff, 0x86, 0x1f, 0xfc, 0x37, 0xff, 0xf8, 0x61,
    0xff, 0xc3, 0x7f, 0xff, 0x86, 0x1f, 0xfc, 0x37,
    0xff, 0xf8, 0x61, 0xff, 0xc3, 0x7f, 0xff, 0x86,
    0x1f, 0xfc, 0x37, 0xff, 0xf8, 0x61, 0xff, 0xc3,
    0x7f, 0xff, 0x86, 0x1f, 0xfc, 0x37, 0xff, 0xf8,
    0x70, 0x7f, 0xf0, 0xff, 0xff, 0x89, 0x7, 0x3e,
    0xf, 0x7f, 0xff, 0x34, 0x3d, 0xff, 0xfc, 0xd0,
    0xf7, 0xff, 0xf3, 0x43, 0xd7, 0xff, 0xf3, 0x3,
    0xcf, 0xff, 0xf3, 0x3, 0xef, 0xff, 0xe6, 0x7,
    0xd7, 0xff, 0xf2, 0xc3, 0xf7, 0xff, 0xf2, 0xc3,
    0xf3, 0xff, 0xfc, 0xa0, 0xfe, 0xbf, 0xff, 0x92,
    0x1f, 0xe7, 0xff, 0xf8, 0xf0, 0x7f, 0xf0, 0x2f,
    0xff, 0xe1, 0xc1, 0xff, 0xc4, 0x55, 0xff, 0x48,
    0x70,

    /* U+0075 "u" */
    0x3f, 0xff, 0x86, 0x1f, 0xfc, 0xb, 0xff, 0xf8,
    0x51, 0xff, 0xfc, 0x30, 0xff, 0xe0, 0x5f, 0xff,
    0xc2, 0x8f, 0xff, 0xe1, 0x87, 0xff, 0x2, 0xff,
    0xfe, 0x14, 0x7f, 0xff, 0xc, 0x3f, 0xf8, 0x17,
    0xff, 0xf0, 0xa3, 0xff, 0xf8, 0x61, 0xff, 0xc0,
    0xbf, 0xff, 0x85, 0x1f, 0xff, 0xc3, 0xf, 0xfe,
    0x5, 0xff, 0xfc, 0x28, 0xff, 0xfe, 0x18, 0x7f,
    0xf0, 0x2f, 0xff, 0xe1, 0x47, 0xff, 0xf0, 0xc3,
    0xff, 0x81, 0x7f, 0xff, 0xa, 0x3f, 0xff, 0x86,
    0x1f, 0xfc, 0xb, 0xff, 0xf8, 0x51, 0xff, 0xfc,
    0x30, 0xff, 0xe0, 0x5f, 0xff, 0xc2, 0x8f, 0xff,
    0xe1, 0x87, 0xff, 0x2, 0xff, 0xfe, 0x14, 0x7f,
    0xff, 0xc, 0x3f, 0xf8, 0x17, 0xff, 0xf0, 0xa3,
    0xff, 0xf8, 0x61, 0xff, 0xc0, 0xbf, 0xff, 0x85,
    0x1f, 0xff, 0xc3, 0xf, 0xfe, 0x5, 0xff, 0xfc,
    0x28, 0xff, 0xfe, 0x18, 0x7f, 0xf0, 0x2f, 0xff,
    0xe1, 0x47, 0xff, 0xf0, 0xc3, 0xff, 0x81, 0x7f,
    0xff, 0xa, 0x3f, 0xff, 0x86, 0x1f, 0xfc, 0xb,
    0xff, 0xf8, 0x51, 0xff, 0xfc, 0x30, 0xff, 0xe0,
    0x5f, 0xff, 0xc2, 0x8f, 0xff, 0xe1, 0x87, 0xff,
    0x2, 0xff, 0xfe, 0x14, 0x7f, 0xff, 0xc, 0x3f,
    0xf8, 0x17, 0xff, 0xf0, 0xa3, 0xff, 0xf8, 0x61,
    0xff, 0xc0, 0xbf, 0xff, 0x85, 0x1f, 0xff, 0xc3,
    0xf, 0xfe, 0x5, 0xff, 0xfc, 0x28, 0xff, 0xfe,
    0x18, 0x7f, 0xf0, 0x2f, 0xff, 0xe1, 0x47, 0xff,
    0xf0, 0xc3, 0xff, 0x81, 0x7f, 0xff, 0xa, 0x3f,
    0xff, 0x86, 0x1f, 0xfc, 0xb, 0xff, 0xf8, 0x51,
    0xff, 0xfc, 0x34, 0x3f, 0xef, 0xff, 0xe1, 0xc7,
    0xff, 0xf0, 0xd0, 0xff, 0xbf, 0xff, 0x87, 0x1f,
    0xff, 0xc4, 0xf, 0xf5, 0xff, 0xfc, 0x38, 0xff,
    0xfe, 0x24, 0x1f, 0x9f, 0xff, 0xe2, 0x47, 0xff,
    0xf1, 0x60, 0xf5, 0xff, 0xfc, 0x58, 0xff, 0xfe,
    0x45, 0x5f, 0xff, 0xc7, 0x8f, 0xff, 0xef, 0x47,
    0xff, 0xf7, 0xa2, 0xff, 0xfe, 0xec, 0x3f, 0xff,
    0xdd, 0x81, 0xff, 0xfd, 0xd8, 0xf, 0xff, 0xf7,
    0x20, 0xbf, 0xff, 0x9b, 0x7f, 0xff, 0xa, 0x9,
    0xff, 0xfe, 0x5b, 0x7f, 0xff, 0xa, 0xd, 0x7f,
    0xff, 0x25, 0x2f, 0xff, 0xe1, 0x41, 0xcf, 0xff,
    0xf1, 0xc2, 0xbf, 0xff, 0x85, 0x7, 0x9f, 0xff,
    0xe2, 0x41, 0xaf, 0xff, 0xe1, 0x41, 0xf9, 0xff,
    0xfe, 0x4, 0x1e, 0xbf, 0xff, 0x85, 0x7, 0xfd,
    0x4f, 0xe9, 0xf, 0xfe, 0x60,

    /* U+0076 "v" */
    0x17, 0xff, 0x88, 0x1f, 0xfc, 0x45, 0xff, 0xe2,
    0x3, 0xff, 0xf8, 0x81, 0xff, 0xc4, 0xff, 0xfe,
    0x20, 0x1f, 0xff, 0xe1, 0xa1, 0xff, 0xc3, 0xff,
    0xfe, 0x1a, 0x17, 0xff, 0xf1, 0x3, 0xff, 0x85,
    0x7f, 0xff, 0xc, 0x35, 0xff, 0xfc, 0x30, 0xff,
    0xe1, 0x7f, 0xff, 0xe, 0xe, 0xff, 0xfe, 0x1a,
    0x1f, 0xfc, 0x1f, 0xff, 0xe1, 0x87, 0xbf, 0xff,
    0x88, 0x1f, 0xfc, 0xb, 0xff, 0xf8, 0x61, 0xe7,
    0xff, 0xf8, 0x61, 0xff, 0xc0, 0xff, 0xfe, 0x1a,
    0x1f, 0x7f, 0xff, 0xd, 0xf, 0xfb, 0xff, 0xf8,
    0x61, 0xfa, 0xff, 0xfe, 0x18, 0x7f, 0xaf, 0xff,
    0xe1, 0x41, 0xfd, 0xff, 0xfc, 0x30, 0xff, 0x7f,
    0xff, 0xc, 0x3f, 0xdf, 0xff, 0xc3, 0x43, 0xfb,
    0xff, 0xf8, 0x61, 0xfe, 0x7f, 0xff, 0x86, 0x1f,
    0xaf, 0xff, 0xe1, 0x21, 0xff, 0x7f, 0xff, 0xc,
    0x3f, 0x7f, 0xff, 0xc, 0x3f, 0xf8, 0x17, 0xff,
    0xf0, 0x90, 0xfb, 0xff, 0xf8, 0x50, 0x7f, 0xf0,
    0x7f, 0xff, 0x85, 0x7, 0xaf, 0xff, 0xe1, 0x7,
    0xff, 0xb, 0xff, 0xf8, 0x61, 0xef, 0xff, 0xe1,
    0x87, 0xff, 0x9, 0xff, 0xfe, 0x12, 0x1d, 0xff,
    0xfc, 0x24, 0x3f, 0xf8, 0x7f, 0xff, 0xc2, 0x83,
    0x3f, 0xff, 0xc2, 0xf, 0xfe, 0x25, 0xff, 0xfc,
    0x20, 0xdf, 0xff, 0xc2, 0x83, 0xff, 0x88, 0xff,
    0xff, 0x9, 0xb, 0xff, 0xf8, 0x48, 0x7f, 0xf1,
    0x7f, 0xff, 0x85, 0x1, 0xff, 0xfe, 0x10, 0x7f,
    0xf1, 0x9f, 0xff, 0xe1, 0x3, 0xff, 0xf8, 0x48,
    0x7f, 0xf1, 0xff, 0xff, 0x84, 0x9f, 0xff, 0xc2,
    0xf, 0xfe, 0x45, 0xff, 0xfc, 0x19, 0xff, 0xfe,
    0xc, 0x1f, 0xfc, 0x87, 0xff, 0xfa, 0x8, 0x7f,
    0xf2, 0x7f, 0xff, 0xa0, 0x1f, 0xfc, 0xa7, 0xff,
    0xf9, 0xc8, 0x7f, 0xf2, 0xff, 0xff, 0x9c, 0x1f,
    0xfc, 0xcb, 0xff, 0xf9, 0x90, 0x7f, 0xf3, 0x1f,
    0xff, 0xe6, 0x21, 0xff, 0xcd, 0xff, 0xfe, 0x60,
    0x7f, 0xf3, 0x9f, 0xff, 0xe5, 0x21, 0xff, 0xcf,
    0xff, 0xfe, 0x50, 0x7f, 0xf4, 0x2f, 0xff, 0xe4,
    0x41, 0xff, 0xd0, 0x7f, 0xff, 0x90, 0x87, 0xff,
    0x47, 0xff, 0xf9, 0x1, 0xff, 0xd2, 0xbf, 0xff,
    0x8d, 0x7, 0xff, 0x4f, 0xff, 0xf8, 0xc1, 0xff,
    0xd4, 0xbf, 0xff, 0x89, 0x7, 0xff, 0x51, 0xff,
    0xfe, 0x22, 0x1f, 0xfd, 0x5f, 0xff, 0xe2, 0x7,
    0xff, 0x5a, 0xff, 0xfe, 0x14, 0x1f, 0xfd, 0x7f,
    0xff, 0xe1, 0x7, 0xff, 0x18,

    /* U+0077 "w" */
    0x17, 0xff, 0x86, 0x1f, 0xfc, 0x5, 0xff, 0xe0,
    0x87, 0xff, 0x1, 0x7f, 0xf8, 0x67, 0xff, 0xf0,
    0xc3, 0xff, 0x81, 0xff, 0xfc, 0x10, 0xff, 0xe0,
    0x7f, 0xff, 0xa, 0x1f, 0xff, 0xe1, 0x21, 0xfe,
    0x7f, 0xff, 0x82, 0x87, 0xfd, 0xff, 0xfc, 0x24,
    0x1f, 0xff, 0xc2, 0x83, 0xfd, 0x7f, 0xff, 0x6,
    0xf, 0xf3, 0xff, 0xfc, 0x20, 0xbf, 0xff, 0x86,
    0x1f, 0xef, 0xff, 0xe1, 0x87, 0xfb, 0xff, 0xf8,
    0x50, 0x57, 0xff, 0xf0, 0x83, 0xf9, 0xff, 0xfe,
    0x18, 0x7f, 0xbf, 0xff, 0x84, 0x84, 0xff, 0xff,
    0x9, 0xf, 0xd7, 0xff, 0xf0, 0xe0, 0xfc, 0xff,
    0xff, 0x8, 0x3b, 0xff, 0xf8, 0x50, 0x7e, 0xff,
    0xfe, 0x28, 0x7e, 0xbf, 0xff, 0x84, 0x1d, 0x7f,
    0xff, 0x8, 0x3e, 0x7f, 0xff, 0x8a, 0x1f, 0xbf,
    0xff, 0x84, 0x87, 0x3f, 0xff, 0xc2, 0xf, 0xaf,
    0xff, 0xe2, 0xa1, 0xf7, 0xff, 0xf0, 0x83, 0xef,
    0xff, 0xe1, 0x21, 0xef, 0xff, 0xe3, 0x87, 0x9f,
    0xff, 0xe1, 0x7, 0xd7, 0xff, 0xf0, 0x60, 0xf7,
    0xff, 0xf1, 0xc3, 0xd7, 0xff, 0xf0, 0x60, 0xf9,
    0xff, 0xfe, 0x10, 0x73, 0xff, 0xfc, 0x74, 0x3b,
    0xff, 0xf8, 0x48, 0x7e, 0xff, 0xfe, 0x10, 0x77,
    0xff, 0xf2, 0x20, 0xef, 0xff, 0xe1, 0x7, 0xf7,
    0xff, 0xf0, 0x90, 0xdf, 0xff, 0xc9, 0xc, 0xff,
    0xff, 0x6, 0xf, 0xeb, 0xff, 0xf8, 0x30, 0x4f,
    0xff, 0xf2, 0x50, 0xaf, 0xff, 0xe0, 0xa1, 0xfe,
    0xff, 0xfe, 0x10, 0x57, 0xff, 0xf2, 0x60, 0xbf,
    0xff, 0x84, 0x1f, 0xf7, 0xff, 0xf0, 0x90, 0x7f,
    0xff, 0x2c, 0x2f, 0xff, 0xe0, 0xc1, 0xff, 0x5f,
    0xff, 0xc1, 0x87, 0xff, 0xf9, 0x60, 0xbf, 0xff,
    0x82, 0x87, 0xfc, 0xff, 0xff, 0x8, 0xbf, 0xff,
    0x97, 0x1f, 0xff, 0xc2, 0xf, 0xfe, 0xf, 0xff,
    0xf0, 0x8f, 0xff, 0xe6, 0x9f, 0xff, 0xc2, 0xf,
    0xfe, 0xd, 0xff, 0xfc, 0x1b, 0xff, 0xf9, 0xaf,
    0xff, 0xf0, 0x50, 0xff, 0xe0, 0xbf, 0xff, 0xce,
    0x7f, 0xff, 0x9c, 0x1f, 0xfc, 0x3f, 0xff, 0xe7,
    0x1f, 0xff, 0xce, 0xf, 0xfe, 0x1f, 0xff, 0xf3,
    0x52, 0xff, 0xfe, 0x64, 0x1f, 0xfc, 0x37, 0xff,
    0xf9, 0x80, 0x7f, 0xff, 0x98, 0x87, 0xff, 0x13,
    0xff, 0xf9, 0x81, 0x7f, 0xff, 0x30, 0x3f, 0xf8,
    0xbf, 0xff, 0xcb, 0x82, 0xff, 0xfe, 0x5c, 0x1f,
    0xfc, 0x5b, 0xff, 0xf9, 0x41, 0x9f, 0xff, 0xe5,
    0x21, 0xff, 0xc5, 0x7f, 0xff, 0x94, 0x1d, 0xff,
    0xfc, 0xa0, 0xff, 0xe3, 0xff, 0xff, 0x26, 0xe,
    0xff, 0xfe, 0x4c, 0x1f, 0xfc, 0x7b, 0xff, 0xf9,
    0x1, 0xe7, 0xff, 0xf9, 0x8, 0x7f, 0xf1, 0xdf,
    0xff, 0xe4, 0x7, 0xdf, 0xff, 0xc8, 0xf, 0xfe,
    0x4f, 0xff, 0xf1, 0xe0, 0xfb, 0xff, 0xf9, 0x1,
    0xff, 0xc9, 0xbf, 0xff, 0x8c, 0x87, 0xd7, 0xff,
    0xf1, 0x90, 0xff, 0xe4, 0xbf, 0xff, 0xc6, 0xf,
    0xef, 0xff, 0xe3, 0x7, 0xff, 0x2f, 0xff, 0xf8,
    0xb0, 0x7f, 0x7f, 0xff, 0x18, 0x3f, 0xf9, 0x7f,
    0xff, 0xc5, 0x43, 0xfa, 0xff, 0xfe, 0x24, 0x1f,
    0xfc, 0xbb, 0xff, 0xf8, 0x81, 0xfe, 0x7f, 0xff,
    0x88, 0x87, 0xff, 0x33, 0xff, 0xf8, 0x70, 0x7f,
    0xdf, 0xff, 0xc4, 0xf, 0xfe, 0x6f, 0xff, 0xf0,
    0xd0, 0xff, 0xaf, 0xff, 0xe1, 0x41, 0xff, 0xcd,
    0xbf, 0xff, 0x84, 0x1f, 0xfc, 0x7, 0xff, 0xf8,
    0x48, 0x7f, 0xf3, 0x5f, 0xff, 0xe0, 0xc1, 0xff,
    0xc1, 0xff, 0xfe, 0x10, 0x7f, 0xf3, 0xff, 0xff,
    0x82, 0x87, 0xff, 0x6, 0xff, 0xfe, 0x4, 0x1f,
    0xfc, 0x10,

    /* U+0078 "x" */
    0xf, 0xff, 0x27, 0xff, 0xf1, 0x20, 0xff, 0x9f,
    0xff, 0xe2, 0x5, 0xff, 0xfc, 0x40, 0xff, 0xbf,
    0xff, 0x88, 0x19, 0xff, 0xfe, 0x20, 0x7f, 0x3f,
    0xff, 0xc3, 0x43, 0xaf, 0xff, 0xe1, 0xa1, 0xfb,
    0xff, 0xf8, 0x81, 0xf7, 0xff, 0xf1, 0x3, 0xeb,
    0xff, 0xf8, 0x61, 0xf9, 0xff, 0xfe, 0x1c, 0x1c,
    0xff, 0xff, 0xd, 0xf, 0xeb, 0xff, 0xf8, 0x61,
    0xdf, 0xff, 0xc4, 0xf, 0xfb, 0xff, 0xf8, 0x81,
    0x3f, 0xff, 0xc3, 0xf, 0xfe, 0x3, 0xff, 0xfc,
    0x34, 0x1f, 0xff, 0xc3, 0x43, 0xff, 0x83, 0x7f,
    0xff, 0xc, 0xbf, 0xff, 0x86, 0x1f, 0xfc, 0x3f,
    0xff, 0xe9, 0x87, 0xff, 0x11, 0xff, 0xfe, 0x8a,
    0x1f, 0xfc, 0x5b, 0xff, 0xf9, 0xf0, 0x7f, 0xf1,
    0xff, 0xff, 0x9e, 0x1f, 0xfc, 0x87, 0xff, 0xf9,
    0xa8, 0x7f, 0xf2, 0x6f, 0xff, 0xe5, 0xc1, 0xff,
    0xcb, 0xff, 0xfe, 0x58, 0x7f, 0xf3, 0x1f, 0xff,
    0xe4, 0xa1, 0xff, 0xcd, 0xbf, 0xff, 0x8f, 0x7,
    0xff, 0x3f, 0xff, 0xf8, 0xe1, 0xff, 0xd0, 0x7f,
    0xff, 0x8a, 0x87, 0xff, 0x47, 0xff, 0xf8, 0xa1,
    0xff, 0xd1, 0xbf, 0xff, 0x8c, 0x1f, 0xfc, 0xf7,
    0xff, 0xf8, 0xe8, 0x7f, 0xf3, 0xbf, 0xff, 0x92,
    0x1f, 0xfc, 0xdb, 0xff, 0xf9, 0x41, 0xff, 0xcb,
    0x7f, 0xff, 0x96, 0x87, 0xff, 0x2b, 0xff, 0xf9,
    0xa1, 0xff, 0xc9, 0xbf, 0xff, 0x9c, 0x1f, 0xfc,
    0x77, 0xff, 0xf9, 0xe8, 0x7f, 0xf1, 0xbf, 0xff,
    0xa2, 0x1f, 0xfc, 0x5b, 0xff, 0xfa, 0x41, 0xff,
    0xc3, 0x7f, 0xff, 0x86, 0xff, 0xff, 0xd, 0xf,
    0xfe, 0x17, 0xff, 0xf0, 0xd2, 0xff, 0xfe, 0x18,
    0x7f, 0xf0, 0x6f, 0xff, 0xe1, 0x85, 0xff, 0xfc,
    0x40, 0xff, 0x9f, 0xff, 0xe1, 0xa1, 0x3f, 0xff,
    0xc3, 0x43, 0xfd, 0xff, 0xfc, 0x38, 0x3b, 0xff,
    0xf8, 0x81, 0xfd, 0x7f, 0xff, 0xc, 0x3e, 0xff,
    0xfe, 0x20, 0x7c, 0xff, 0xff, 0xd, 0xf, 0xaf,
    0xff, 0xe1, 0xa1, 0xef, 0xff, 0xe2, 0x7, 0xf7,
    0xff, 0xf1, 0x3, 0xaf, 0xff, 0xe1, 0x87, 0xf9,
    0xff, 0xfe, 0x20, 0x4f, 0xff, 0xf0, 0xe0, 0xff,
    0xbf, 0xff, 0x88, 0x83, 0xff, 0xf8, 0x81, 0xff,
    0xc1, 0xff, 0xfe, 0x20,

    /* U+0079 "y" */
    0x3f, 0xff, 0x88, 0x1f, 0xfc, 0x4b, 0xff, 0xf8,
    0x60, 0xbf, 0xff, 0x86, 0x87, 0xff, 0xf, 0xff,
    0xf8, 0x70, 0x5f, 0xff, 0xc3, 0x83, 0xff, 0x87,
    0xff, 0xfc, 0x34, 0x2b, 0xff, 0xf8, 0x61, 0xff,
    0xc2, 0xbf, 0xff, 0x86, 0x19, 0xff, 0xfe, 0x1a,
    0x1f, 0xfc, 0x1f, 0xff, 0xe1, 0xc1, 0xdf, 0xff,
    0xc3, 0x83, 0xff, 0x83, 0xff, 0xfc, 0x30, 0xf5,
    0xff, 0xfc, 0x30, 0xff, 0xe0, 0x3f, 0xff, 0xc2,
    0x83, 0xef, 0xff, 0xe1, 0xa1, 0xff, 0x7f, 0xff,
    0xd, 0xf, 0xaf, 0xff, 0xe1, 0x41, 0xff, 0x7f,
    0xff, 0xc, 0x3f, 0x3f, 0xff, 0xc3, 0xf, 0xf3,
    0xff, 0xfc, 0x28, 0x3f, 0xbf, 0xff, 0x86, 0x87,
    0xf5, 0xff, 0xfc, 0x20, 0xff, 0x5f, 0xff, 0xc2,
    0x83, 0xfb, 0xff, 0xf8, 0x61, 0xff, 0x7f, 0xff,
    0xc, 0x3f, 0x3f, 0xff, 0xc2, 0x43, 0xfe, 0xbf,
    0xff, 0x84, 0x87, 0xd7, 0xff, 0xf0, 0x83, 0xff,
    0x80, 0xff, 0xff, 0xa, 0xf, 0xbf, 0xff, 0x85,
    0x7, 0xff, 0x7, 0xff, 0xf8, 0x61, 0xe7, 0xff,
    0xf8, 0x48, 0x7f, 0xf0, 0x5f, 0xff, 0xe1, 0x21,
    0xd7, 0xff, 0xf0, 0x83, 0xff, 0x87, 0xff, 0xfc,
    0x28, 0x3b, 0xff, 0xf8, 0x50, 0x7f, 0xf0, 0xef,
    0xff, 0xe1, 0x7, 0x7f, 0xff, 0x8, 0x3f, 0xf8,
    0x8f, 0xff, 0xf0, 0x90, 0xaf, 0xff, 0xe1, 0x7,
    0xff, 0x17, 0xff, 0xf8, 0x50, 0x5f, 0xff, 0xc2,
    0x43, 0xff, 0x8a, 0xff, 0xff, 0x8, 0x2f, 0xff,
    0xe1, 0x7, 0xff, 0x1f, 0xff, 0xf8, 0x48, 0xff,
    0xff, 0x6, 0xf, 0xfe, 0x3d, 0xff, 0xfc, 0x18,
    0xff, 0xfe, 0x12, 0x1f, 0xfc, 0x77, 0xff, 0xf8,
    0x47, 0xff, 0xf0, 0x83, 0xff, 0x93, 0xff, 0xfc,
    0x2b, 0xff, 0xf8, 0x30, 0x7f, 0xf2, 0x5f, 0xff,
    0xe7, 0x87, 0xff, 0x2f, 0xff, 0xf9, 0xe1, 0xff,
    0xcb, 0xbf, 0xff, 0x9a, 0x87, 0xff, 0x2d, 0xff,
    0xfe, 0x68, 0x7f, 0xf3, 0x7f, 0xff, 0x99, 0x7,
    0xff, 0x35, 0xff, 0xfe, 0x5a, 0x1f, 0xfc, 0xef,
    0xff, 0xe5, 0x87, 0xff, 0x3e, 0xff, 0xfe, 0x4c,
    0x1f, 0xfc, 0xf7, 0xff, 0xf9, 0x21, 0xff, 0xd1,
    0xff, 0xfe, 0x48, 0x7f, 0xf4, 0x5f, 0xff, 0xe3,
    0xa1, 0xff, 0xd2, 0xff, 0xfe, 0x38, 0x7f, 0xf4,
    0xef, 0xff, 0xe2, 0xc1, 0xff, 0xd3, 0x7f, 0xff,
    0x8a, 0x87, 0xff, 0x53, 0xff, 0xf8, 0xa1, 0xff,
    0xd5, 0x7f, 0xff, 0x87, 0x7, 0xff, 0x2e, 0xd0,
    0xf9, 0xff, 0xfe, 0x18, 0x7f, 0xf3, 0x3f, 0x48,
    0x57, 0xff, 0xf0, 0xe0, 0xff, 0xe5, 0xdf, 0xff,
    0xcd, 0x43, 0xff, 0x97, 0xff, 0xfc, 0xe0, 0xff,
    0xe5, 0xbf, 0xff, 0xcd, 0x43, 0xff, 0x97, 0xff,
    0xfc, 0xe0, 0xff, 0xe5, 0xbf, 0xff, 0xcd, 0x43,
    0xff, 0x97, 0xff, 0xfc, 0xd8, 0x3f, 0xf9, 0x6f,
    0xff, 0xf3, 0x43, 0xff, 0x99, 0x7f, 0xff, 0x30,
    0x3f, 0xf9, 0xb7, 0xff, 0xf2, 0xc3, 0xff, 0xa1,
    0x7f, 0xff, 0x20, 0x3f, 0xfa, 0x6d, 0xff, 0xfc,
    0x34, 0x3f, 0xfb, 0xd, 0xff, 0x48, 0x7f, 0xf4,
    0x0,

    /* U+007A "z" */
    0xf, 0xfe, 0xf5, 0xff, 0xfd, 0xa8, 0xbf, 0xff,
    0xb5, 0x17, 0xff, 0xf6, 0xa2, 0xff, 0xfe, 0xd4,
    0x5f, 0xff, 0xda, 0x8b, 0xff, 0xfb, 0x51, 0x7f,
    0xff, 0x6a, 0x2f, 0xff, 0xed, 0x45, 0xff, 0xfd,
    0xa8, 0xbf, 0xff, 0xb5, 0x17, 0xff, 0xf6, 0x81,
    0x7f, 0xff, 0x65, 0xf, 0xfe, 0x4f, 0xff, 0xf1,
    0x90, 0xff, 0xe4, 0xff, 0xff, 0x19, 0xf, 0xfe,
    0x4f, 0xff, 0xf1, 0x90, 0xff, 0xe4, 0xdf, 0xff,
    0xc5, 0x43, 0xff, 0x93, 0x7f, 0xff, 0x15, 0xf,
    0xfe, 0x4d, 0xff, 0xfc, 0x58, 0x3f, 0xf9, 0x37,
    0xff, 0xf1, 0x60, 0xff, 0xe4, 0xdf, 0xff, 0xc5,
    0x83, 0xff, 0x93, 0x7f, 0xff, 0x16, 0xf, 0xfe,
    0x4b, 0xff, 0xfc, 0x58, 0x3f, 0xf9, 0x2f, 0xff,
    0xf1, 0x60, 0xff, 0xe4, 0xbf, 0xff, 0xc5, 0x83,
    0xff, 0x92, 0xff, 0xff, 0x18, 0x3f, 0xf9, 0x2f,
    0xff, 0xf1, 0x83, 0xff, 0x92, 0xff, 0xff, 0x18,
    0x3f, 0xf9, 0x5f, 0xff, 0xc6, 0xf, 0xfe, 0x57,
    0xff, 0xf1, 0x83, 0xff, 0x95, 0xff, 0xfc, 0x60,
    0xff, 0xe5, 0x7f, 0xff, 0x18, 0x3f, 0xf9, 0x5f,
    0xff, 0xda, 0x8f, 0xff, 0xed, 0xcf, 0xff, 0xf6,
    0xe7, 0xff, 0xfb, 0x73, 0xff, 0xfd, 0xb9, 0xff,
    0xfe, 0xdc, 0xff, 0xff, 0x6e, 0x7f, 0xff, 0xb7,
    0x3f, 0xff, 0xdb, 0x9f, 0xff, 0xed, 0xcf, 0xff,
    0xf6, 0xe7, 0xff, 0xfb, 0x70,

    /* U+007B "{" */
    0xf, 0xff, 0x92, 0xaf, 0x21, 0xff, 0xcd, 0x6f,
    0xfa, 0xf, 0xfe, 0x53, 0xff, 0xfc, 0x0, 0xff,
    0xe4, 0x5f, 0xff, 0xc2, 0xf, 0xfe, 0x33, 0xff,
    0xfc, 0x48, 0x3f, 0xf8, 0x97, 0xff, 0xf1, 0x83,
    0xff, 0x87, 0x7f, 0xff, 0x1c, 0x3f, 0xf8, 0x57,
    0xff, 0xf2, 0x10, 0xff, 0xe0, 0xff, 0xff, 0x25,
    0xf, 0xfe, 0x5, 0xff, 0xfc, 0x69, 0xf, 0xfe,
    0x17, 0xff, 0xf1, 0x50, 0xff, 0xe2, 0x3f, 0xff,
    0xc3, 0x43, 0xff, 0x8d, 0x7f, 0xff, 0x8, 0x3f,
    0xf9, 0x17, 0xff, 0xf0, 0x60, 0xff, 0xe4, 0x5f,
    0xff, 0xc1, 0xf, 0xfe, 0x4f, 0xff, 0xf0, 0x83,
    0xff, 0x93, 0xff, 0xfc, 0x20, 0xff, 0xe4, 0xdf,
    0xff, 0xc0, 0x83, 0xff, 0x93, 0x7f, 0xff, 0x2,
    0xf, 0xfe, 0x4d, 0xff, 0xfc, 0x10, 0xff, 0xe4,
    0xdf, 0xff, 0xc1, 0xf, 0xfe, 0x4d, 0xff, 0xfc,
    0x10, 0xff, 0xe4, 0xdf, 0xff, 0xc1, 0xf, 0xfe,
    0x4f, 0xff, 0xf0, 0x83, 0xff, 0x93, 0xff, 0xfc,
    0x20, 0xff, 0xe4, 0x3f, 0xff, 0xc2, 0xf, 0xfe,
    0x47, 0xff, 0xf0, 0xa0, 0xff, 0xe3, 0x3f, 0xff,
    0xc3, 0xf, 0xfe, 0x23, 0x7f, 0xff, 0x14, 0x3f,
    0xe7, 0xff, 0xf9, 0x41, 0xff, 0xc0, 0x7f, 0xff,
    0x92, 0x87, 0xff, 0x1, 0xff, 0xfe, 0x42, 0x1f,
    0xfc, 0x17, 0xff, 0xf8, 0xd0, 0x7f, 0xf0, 0xdf,
    0xff, 0xe2, 0x21, 0xff, 0xc5, 0x7f, 0xff, 0x89,
    0x7, 0xff, 0x15, 0xff, 0xfe, 0x34, 0x1f, 0xfc,
    0x37, 0xff, 0xf9, 0x8, 0x7f, 0xf0, 0x5f, 0xff,
    0xe4, 0xa1, 0xff, 0xc0, 0x7f, 0xff, 0x94, 0x1f,
    0xfc, 0x55, 0x7f, 0xff, 0x14, 0x3f, 0xf8, 0xef,
    0xff, 0xf0, 0xd0, 0xff, 0xe4, 0x7f, 0xff, 0xa,
    0xf, 0xfe, 0x43, 0xff, 0xfc, 0x20, 0xff, 0xe4,
    0xff, 0xff, 0x8, 0x3f, 0xf9, 0x3f, 0xff, 0xc2,
    0xf, 0xfe, 0x4d, 0xff, 0xfc, 0x10, 0xff, 0xe4,
    0xdf, 0xff, 0xc1, 0xf, 0xfe, 0x4d, 0xff, 0xfc,
    0x10, 0xff, 0xe4, 0xdf, 0xff, 0xc1, 0xf, 0xfe,
    0x4d, 0xff, 0xfc, 0x8, 0x3f, 0xf9, 0x37, 0xff,
    0xf0, 0x43, 0xff, 0x93, 0xff, 0xfc, 0x20, 0xff,
    0xe4, 0xff, 0xff, 0x8, 0x3f, 0xf9, 0x37, 0xff,
    0xf0, 0x43, 0xff, 0x93, 0x7f, 0xff, 0x6, 0xf,
    0xfe, 0x45, 0xff, 0xfc, 0x20, 0xff, 0xe4, 0x3f,
    0xff, 0xc3, 0x43, 0xff, 0x8f, 0xff, 0xfc, 0x54,
    0x3f, 0xf8, 0xb7, 0xff, 0xf1, 0xa4, 0x3f, 0xf8,
    0x7f, 0xff, 0xc9, 0x43, 0xff, 0x83, 0x7f, 0xff,
    0x21, 0xf, 0xfe, 0x15, 0xff, 0xfc, 0x70, 0xff,
    0xe2, 0x5f, 0xff, 0xc6, 0xf, 0xfe, 0x2b, 0xff,
    0xfc, 0x48, 0x3f, 0xf8, 0xf7, 0xff, 0xf0, 0x83,
    0xff, 0x94, 0xff, 0xff, 0x0, 0x3f, 0xf9, 0xad,
    0xff, 0x41, 0xff, 0xd1, 0x55, 0xe4, 0x3f, 0xfb,
    0x20,

    /* U+007C "|" */
    0x6b, 0xff, 0x81, 0xff, 0xf5, 0xff, 0xf5, 0xff,
    0xf5, 0xff, 0xf5, 0xff, 0xf5, 0xff, 0xf5, 0xff,
    0xf5, 0xff, 0xf5, 0xff, 0xf5, 0xff, 0xf5, 0xff,
    0xf5, 0xff, 0xf5, 0xff, 0xf5, 0xff, 0xf5, 0xff,
    0xf5, 0xff, 0xf5, 0xff, 0xf5, 0xff, 0xf5, 0xff,
    0xf5, 0xff, 0xf5, 0xff, 0xf5, 0xff, 0xf5, 0xff,
    0xf5, 0xff, 0xf5, 0xff, 0xf5, 0xff, 0xf5, 0xff,
    0xf5, 0xff, 0xf5, 0xff, 0xf5, 0xff, 0xf5, 0xff,
    0xf5, 0xff, 0xf5, 0xff, 0xf5, 0xff, 0xf5, 0xff,
    0xf5, 0xff, 0xf5, 0xff, 0xf5, 0xff, 0xf5, 0xff,
    0xf5, 0xff, 0xf5, 0xff, 0xf5, 0xff, 0xf5, 0xff,
    0xf5, 0xff, 0xf5, 0xff, 0xf5, 0xff, 0xf5, 0xff,
    0xf5, 0xff, 0xf5, 0xff, 0xf5, 0xff, 0xf5, 0xff,
    0xf5, 0xff, 0xf5, 0xff, 0xf5, 0xff, 0xf5, 0xff,
    0xf5, 0xff, 0xf5, 0xff, 0xf5, 0xff, 0xf5, 0xff,
    0xf5, 0xff, 0xf5, 0xff, 0xf5, 0xff, 0xf5, 0xff,
    0xf5, 0xff, 0xf5, 0xff, 0xf5, 0xff, 0xf5, 0xff,
    0xf5, 0xff, 0xf5, 0xff, 0xf5, 0xff, 0xf5, 0xff,
    0xf5, 0xff, 0xf5, 0xff, 0xf0,

    /* U+007D "}" */
    0xf, 0xfe, 0xcb, 0xe9, 0x41, 0xff, 0xd1, 0xbf,
    0xe9, 0xf, 0xfe, 0x6f, 0xff, 0xf0, 0x10, 0xff,
    0xe5, 0x7f, 0xff, 0xa, 0xf, 0xfe, 0x3b, 0xff,
    0xfc, 0x48, 0x3f, 0xf8, 0xb7, 0xff, 0xf1, 0x83,
    0xff, 0x89, 0xff, 0xfc, 0x80, 0xff, 0xe1, 0xff,
    0xff, 0x24, 0x3f, 0xf8, 0x2f, 0xff, 0xf2, 0x50,
    0xff, 0xe1, 0x37, 0xff, 0xf1, 0xc3, 0xff, 0x8d,
    0x7f, 0xff, 0x10, 0x3f, 0xf9, 0x1f, 0xff, 0xc3,
    0x83, 0xff, 0x91, 0xff, 0xfc, 0x30, 0xff, 0xe4,
    0x3f, 0xff, 0xc2, 0xf, 0xfe, 0x4f, 0xff, 0xf0,
    0x83, 0xff, 0x93, 0xff, 0xfc, 0x20, 0xff, 0xe4,
    0xdf, 0xff, 0xc1, 0xf, 0xfe, 0x4d, 0xff, 0xfc,
    0x10, 0xff, 0xe4, 0xdf, 0xff, 0xc1, 0xf, 0xfe,
    0x4d, 0xff, 0xfc, 0x10, 0xff, 0xe4, 0xdf, 0xff,
    0xc1, 0xf, 0xfe, 0x4d, 0xff, 0xfc, 0x10, 0xff,
    0xe4, 0xdf, 0xff, 0xc1, 0xf, 0xfe, 0x4d, 0xff,
    0xfc, 0x10, 0xff, 0xe4, 0xdf, 0xff, 0xc1, 0xf,
    0xfe, 0x4d, 0xff, 0xfc, 0x18, 0x3f, 0xf9, 0xf,
    0xff, 0xf0, 0x90, 0xff, 0xe4, 0x7f, 0xff, 0xd,
    0xf, 0xfe, 0x3d, 0xff, 0xfc, 0x49, 0xf, 0xfe,
    0x2f, 0xff, 0xf2, 0x90, 0xff, 0xe0, 0xff, 0xff,
    0x25, 0xf, 0xfe, 0x17, 0xff, 0xf2, 0x10, 0xff,
    0xe1, 0xdf, 0xff, 0xc6, 0x43, 0xff, 0x8a, 0xff,
    0xff, 0x11, 0xf, 0xfe, 0x2b, 0xff, 0xfc, 0x44,
    0x3f, 0xf8, 0x77, 0xff, 0xf1, 0x90, 0xff, 0xe1,
    0x7f, 0xff, 0x21, 0xf, 0xfe, 0x3, 0xff, 0xfc,
    0x94, 0x3f, 0xf8, 0x1f, 0xff, 0xca, 0x43, 0xfe,
    0xbf, 0xff, 0x89, 0x21, 0xff, 0xc4, 0xff, 0xfe,
    0x1a, 0x1f, 0xfc, 0x67, 0xff, 0xf8, 0x48, 0x7f,
    0xf1, 0xef, 0xff, 0xe0, 0xc1, 0xff, 0xc8, 0xbf,
    0xff, 0x82, 0x1f, 0xfc, 0x9b, 0xff, 0xf8, 0x21,
    0xff, 0xc9, 0xbf, 0xff, 0x82, 0x1f, 0xfc, 0x9b,
    0xff, 0xf8, 0x21, 0xff, 0xc9, 0xbf, 0xff, 0x82,
    0x1f, 0xfc, 0x9b, 0xff, 0xf8, 0x21, 0xff, 0xc9,
    0xbf, 0xff, 0x82, 0x1f, 0xfc, 0x9b, 0xff, 0xf8,
    0x21, 0xff, 0xc9, 0xbf, 0xff, 0x82, 0x1f, 0xfc,
    0x9f, 0xff, 0xe1, 0x7, 0xff, 0x27, 0xff, 0xf8,
    0x41, 0xff, 0xc8, 0x7f, 0xff, 0x84, 0x1f, 0xfc,
    0x8f, 0xff, 0xe1, 0x87, 0xff, 0x1f, 0xff, 0xf8,
    0x70, 0x7f, 0xf1, 0x6f, 0xff, 0xe2, 0x7, 0xff,
    0x9, 0xbf, 0xff, 0x8e, 0x1f, 0xfc, 0x7, 0xff,
    0xf9, 0x28, 0x7f, 0xf0, 0x7f, 0xff, 0x92, 0x1f,
    0xfc, 0x2f, 0xff, 0xe4, 0x7, 0xff, 0xe, 0xff,
    0xfe, 0x30, 0x7f, 0xf1, 0x1f, 0xff, 0xe2, 0x41,
    0xff, 0xc6, 0xff, 0xfe, 0x14, 0x1f, 0xfc, 0x8f,
    0xff, 0xe0, 0x21, 0xff, 0xca, 0xbf, 0xe9, 0xf,
    0xfe, 0x6b, 0xe9, 0x41, 0xff, 0xf2,

    /* U+007E "~" */
    0xf, 0xfe, 0x73, 0x21, 0xff, 0xc0, 0x6f, 0xf4,
    0x1f, 0xf7, 0xe9, 0xf, 0xd7, 0xff, 0xd2, 0x1e,
    0xbf, 0xf0, 0x77, 0xff, 0xf1, 0x24, 0x6f, 0xfe,
    0xd, 0x7f, 0xff, 0x46, 0x9, 0xff, 0xfe, 0x90,
    0x6b, 0xff, 0xfa, 0x41, 0xbf, 0xff, 0xa5, 0x5,
    0x7f, 0xff, 0x48, 0x37, 0xff, 0xf4, 0xa0, 0xdf,
    0xff, 0xd2, 0xc, 0xff, 0xe8, 0x26, 0xff, 0xfe,
    0x18, 0x73, 0xff, 0x41, 0xf3, 0x7f, 0xfc, 0x1f,
    0xcf, 0xe0, 0xff, 0xe0, 0x37, 0xe9, 0xf, 0xfe,
    0xa, 0x83, 0xff, 0x9e
};


/*---------------------
 *  GLYPH DESCRIPTION
 *--------------------*/

static const lv_font_fmt_txt_glyph_dsc_t glyph_dsc[] = {
    {.bitmap_index = 0, .adv_w = 0, .box_w = 0, .box_h = 0, .ofs_x = 0, .ofs_y = 0} /* id = 0 reserved */,
    {.bitmap_index = 0, .adv_w = 355, .box_w = 0, .box_h = 0, .ofs_x = 0, .ofs_y = 0},
    {.bitmap_index = 0, .adv_w = 415, .box_w = 18, .box_h = 56, .ofs_x = 4, .ofs_y = 0},
    {.bitmap_index = 177, .adv_w = 687, .box_w = 40, .box_h = 29, .ofs_x = 2, .ofs_y = 27},
    {.bitmap_index = 391, .adv_w = 904, .box_w = 53, .box_h = 56, .ofs_x = 2, .ofs_y = 0},
    {.bitmap_index = 748, .adv_w = 852, .box_w = 49, .box_h = 69, .ofs_x = 2, .ofs_y = -8},
    {.bitmap_index = 1152, .adv_w = 1151, .box_w = 68, .box_h = 57, .ofs_x = 2, .ofs_y = -1},
    {.bitmap_index = 1730, .adv_w = 893, .box_w = 54, .box_h = 59, .ofs_x = 1, .ofs_y = -2},
    {.bitmap_index = 2161, .adv_w = 364, .box_w = 20, .box_h = 29, .ofs_x = 2, .ofs_y = 27},
    {.bitmap_index = 2267, .adv_w = 570, .box_w = 31, .box_h = 69, .ofs_x = 3, .ofs_y = -12},
    {.bitmap_index = 2626, .adv_w = 570, .box_w = 31, .box_h = 69, .ofs_x = 2, .ofs_y = -12},
    {.bitmap_index = 2980, .adv_w = 544, .box_w = 30, .box_h = 29, .ofs_x = 2, .ofs_y = 27},
    {.bitmap_index = 3129, .adv_w = 819, .box_w = 42, .box_h = 41, .ofs_x = 5, .ofs_y = 8},
    {.bitmap_index = 3336, .adv_w = 364, .box_w = 19, .box_h = 29, .ofs_x = 1, .ofs_y = -13},
    {.bitmap_index = 3441, .adv_w = 522, .box_w = 27, .box_h = 14, .ofs_x = 3, .ofs_y = 18},
    {.bitmap_index = 3482, .adv_w = 364, .box_w = 17, .box_h = 16, .ofs_x = 3, .ofs_y = 0},
    {.bitmap_index = 3532, .adv_w = 685, .box_w = 49, .box_h = 74, .ofs_x = -4, .ofs_y = -10},
    {.bitmap_index = 3933, .adv_w = 934, .box_w = 53, .box_h = 58, .ofs_x = 3, .ofs_y = -1},
    {.bitmap_index = 4357, .adv_w = 540, .box_w = 29, .box_h = 57, .ofs_x = 0, .ofs_y = 0},
    {.bitmap_index = 4643, .adv_w = 799, .box_w = 45, .box_h = 57, .ofs_x = 2, .ofs_y = 0},
    {.bitmap_index = 4937, .adv_w = 795, .box_w = 46, .box_h = 57, .ofs_x = 1, .ofs_y = -1},
    {.bitmap_index = 5242, .adv_w = 882, .box_w = 52, .box_h = 57, .ofs_x = 1, .ofs_y = 0},
    {.bitmap_index = 5588, .adv_w = 806, .box_w = 47, .box_h = 57, .ofs_x = 1, .ofs_y = -1},
    {.bitmap_index = 5903, .adv_w = 847, .box_w = 47, .box_h = 58, .ofs_x = 3, .ofs_y = -1},
    {.bitmap_index = 6270, .adv_w = 786, .box_w = 44, .box_h = 56, .ofs_x = 3, .ofs_y = 0},
    {.bitmap_index = 6547, .adv_w = 806, .box_w = 47, .box_h = 58, .ofs_x = 2, .ofs_y = -1},
    {.bitmap_index = 6931, .adv_w = 847, .box_w = 47, .box_h = 58, .ofs_x = 3, .ofs_y = -1},
    {.bitmap_index = 7296, .adv_w = 376, .box_w = 17, .box_h = 43, .ofs_x = 3, .ofs_y = 0},
    {.bitmap_index = 7404, .adv_w = 376, .box_w = 18, .box_h = 56, .ofs_x = 2, .ofs_y = -13},
    {.bitmap_index = 7567, .adv_w = 824, .box_w = 40, .box_h = 46, .ofs_x = 5, .ofs_y = 5},
    {.bitmap_index = 7787, .adv_w = 818, .box_w = 41, .box_h = 35, .ofs_x = 5, .ofs_y = 11},
    {.bitmap_index = 7888, .adv_w = 824, .box_w = 41, .box_h = 46, .ofs_x = 6, .ofs_y = 5},
    {.bitmap_index = 8122, .adv_w = 691, .box_w = 42, .box_h = 57, .ofs_x = 0, .ofs_y = 0},
    {.bitmap_index = 8413, .adv_w = 1235, .box_w = 71, .box_h = 70, .ofs_x = 3, .ofs_y = -13},
    {.bitmap_index = 9086, .adv_w = 1018, .box_w = 64, .box_h = 56, .ofs_x = 0, .ofs_y = 0},
    {.bitmap_index = 9491, .adv_w = 915, .box_w = 52, .box_h = 56, .ofs_x = 4, .ofs_y = 0},
    {.bitmap_index = 9827, .adv_w = 934, .box_w = 54, .box_h = 58, .ofs_x = 3, .ofs_y = -1},
    {.bitmap_index = 10185, .adv_w = 979, .box_w = 55, .box_h = 56, .ofs_x = 4, .ofs_y = 0},
    {.bitmap_index = 10577, .adv_w = 854, .box_w = 47, .box_h = 56, .ofs_x = 4, .ofs_y = 0},
    {.bitmap_index = 10803, .adv_w = 829, .box_w = 46, .box_h = 56, .ofs_x = 4, .ofs_y = 0},
    {.bitmap_index = 11052, .adv_w = 984, .box_w = 55, .box_h = 58, .ofs_x = 3, .ofs_y = -1},
    {.bitmap_index = 11422, .adv_w = 974, .box_w = 52, .box_h = 56, .ofs_x = 4, .ofs_y = 0},
    {.bitmap_index = 11830, .adv_w = 419, .box_w = 16, .box_h = 56, .ofs_x = 5, .ofs_y = 0},
    {.bitmap_index = 11991, .adv_w = 722, .box_w = 41, .box_h = 57, .ofs_x = 0, .ofs_y = -1},
    {.bitmap_index = 12305, .adv_w = 934, .box_w = 55, .box_h = 56, .ofs_x = 4, .ofs_y = 0},
    {.bitmap_index = 12774, .adv_w = 788, .box_w = 44, .box_h = 56, .ofs_x = 4, .ofs_y = 0},
    {.bitmap_index = 13052, .adv_w = 1111, .box_w = 61, .box_h = 56, .ofs_x = 4, .ofs_y = 0},
    {.bitmap_index = 13546, .adv_w = 1005, .box_w = 54, .box_h = 56, .ofs_x = 4, .ofs_y = 0},
    {.bitmap_index = 13991, .adv_w = 1064, .box_w = 61, .box_h = 58, .ofs_x = 3, .ofs_y = -1},
    {.bitmap_index = 14417, .adv_w = 861, .box_w = 49, .box_h = 56, .ofs_x = 4, .ofs_y = 0},
    {.bitmap_index = 14748, .adv_w = 1064, .box_w = 62, .box_h = 59, .ofs_x = 3, .ofs_y = -2},
    {.bitmap_index = 15206, .adv_w = 920, .box_w = 53, .box_h = 56, .ofs_x = 4, .ofs_y = 0},
    {.bitmap_index = 15603, .adv_w = 835, .box_w = 50, .box_h = 58, .ofs_x = 0, .ofs_y = -1},
    {.bitmap_index = 15951, .adv_w = 845, .box_w = 50, .box_h = 56, .ofs_x = 1, .ofs_y = 0},
    {.bitmap_index = 16225, .adv_w = 970, .box_w = 53, .box_h = 57, .ofs_x = 4, .ofs_y = -1},
    {.bitmap_index = 16661, .adv_w = 973, .box_w = 61, .box_h = 56, .ofs_x = 0, .ofs_y = 0},
    {.bitmap_index = 17117, .adv_w = 1430, .box_w = 88, .box_h = 56, .ofs_x = 1, .ofs_y = 0},
    {.bitmap_index = 17849, .adv_w = 937, .box_w = 58, .box_h = 56, .ofs_x = 0, .ofs_y = 0},
    {.bitmap_index = 18286, .adv_w = 925, .box_w = 59, .box_h = 56, .ofs_x = -1, .ofs_y = 0},
    {.bitmap_index = 18676, .adv_w = 893, .box_w = 50, .box_h = 56, .ofs_x = 3, .ofs_y = 0},
    {.bitmap_index = 18923, .adv_w = 585, .box_w = 28, .box_h = 66, .ofs_x = 5, .ofs_y = -10},
    {.bitmap_index = 19234, .adv_w = 685, .box_w = 48, .box_h = 74, .ofs_x = -2, .ofs_y = -10},
    {.bitmap_index = 19626, .adv_w = 585, .box_w = 29, .box_h = 66, .ofs_x = 3, .ofs_y = -10},
    {.bitmap_index = 19956, .adv_w = 640, .box_w = 34, .box_h = 17, .ofs_x = 3, .ofs_y = 39},
    {.bitmap_index = 20053, .adv_w = 768, .box_w = 50, .box_h = 10, .ofs_x = -1, .ofs_y = -13},
    {.bitmap_index = 20085, .adv_w = 640, .box_w = 23, .box_h = 15, .ofs_x = 7, .ofs_y = 47},
    {.bitmap_index = 20149, .adv_w = 767, .box_w = 44, .box_h = 45, .ofs_x = 1, .ofs_y = -1},
    {.bitmap_index = 20422, .adv_w = 865, .box_w = 48, .box_h = 59, .ofs_x = 4, .ofs_y = -1},
    {.bitmap_index = 20806, .adv_w = 728, .box_w = 43, .box_h = 45, .ofs_x = 2, .ofs_y = -1},
    {.bitmap_index = 21058, .adv_w = 865, .box_w = 48, .box_h = 59, .ofs_x = 2, .ofs_y = -1},
    {.bitmap_index = 21441, .adv_w = 774, .box_w = 44, .box_h = 45, .ofs_x = 2, .ofs_y = -1},
    {.bitmap_index = 21698, .adv_w = 517, .box_w = 31, .box_h = 59, .ofs_x = 1, .ofs_y = 0},
    {.bitmap_index = 21978, .adv_w = 865, .box_w = 48, .box_h = 57, .ofs_x = 2, .ofs_y = -13},
    {.bitmap_index = 22345, .adv_w = 812, .box_w = 43, .box_h = 59, .ofs_x = 4, .ofs_y = -1},
    {.bitmap_index = 22658, .adv_w = 384, .box_w = 16, .box_h = 59, .ofs_x = 4, .ofs_y = -1},
    {.bitmap_index = 22811, .adv_w = 387, .box_w = 23, .box_h = 71, .ofs_x = -3, .ofs_y = -13},
    {.bitmap_index = 23096, .adv_w = 772, .box_w = 45, .box_h = 59, .ofs_x = 4, .ofs_y = -1},
    {.bitmap_index = 23479, .adv_w = 384, .box_w = 16, .box_h = 59, .ofs_x = 4, .ofs_y = -1},
    {.bitmap_index = 23670, .adv_w = 1243, .box_w = 70, .box_h = 44, .ofs_x = 4, .ofs_y = 0},
    {.bitmap_index = 24064, .adv_w = 812, .box_w = 43, .box_h = 44, .ofs_x = 4, .ofs_y = 0},
    {.bitmap_index = 24296, .adv_w = 840, .box_w = 49, .box_h = 45, .ofs_x = 2, .ofs_y = -1},
    {.bitmap_index = 24599, .adv_w = 865, .box_w = 48, .box_h = 57, .ofs_x = 4, .ofs_y = -13},
    {.bitmap_index = 24974, .adv_w = 865, .box_w = 48, .box_h = 57, .ofs_x = 2, .ofs_y = -13},
    {.bitmap_index = 25341, .adv_w = 548, .box_w = 29, .box_h = 44, .ofs_x = 4, .ofs_y = 0},
    {.bitmap_index = 25528, .adv_w = 658, .box_w = 39, .box_h = 45, .ofs_x = 0, .ofs_y = -1},
    {.bitmap_index = 25777, .adv_w = 552, .box_w = 31, .box_h = 55, .ofs_x = 1, .ofs_y = -1},
    {.bitmap_index = 26034, .adv_w = 812, .box_w = 44, .box_h = 44, .ofs_x = 3, .ofs_y = -1},
    {.bitmap_index = 26367, .adv_w = 800, .box_w = 50, .box_h = 44, .ofs_x = 0, .ofs_y = 0},
    {.bitmap_index = 26700, .adv_w = 1102, .box_w = 68, .box_h = 44, .ofs_x = 0, .ofs_y = 0},
    {.bitmap_index = 27182, .adv_w = 754, .box_w = 47, .box_h = 44, .ofs_x = 0, .ofs_y = 0},
    {.bitmap_index = 27482, .adv_w = 801, .box_w = 50, .box_h = 56, .ofs_x = 0, .ofs_y = -13},
    {.bitmap_index = 27891, .adv_w = 721, .box_w = 41, .box_h = 44, .ofs_x = 2, .ofs_y = 0},
    {.bitmap_index = 28080, .adv_w = 627, .box_w = 35, .box_h = 70, .ofs_x = 2, .ofs_y = -12},
    {.bitmap_index = 28457, .adv_w = 454, .box_w = 12, .box_h = 74, .ofs_x = 8, .ofs_y = -10},
    {.bitmap_index = 28606, .adv_w = 627, .box_w = 35, .box_h = 70, .ofs_x = 2, .ofs_y = -12},
    {.bitmap_index = 28980, .adv_w = 646, .box_w = 35, .box_h = 15, .ofs_x = 3, .ofs_y = 17}
};

/*---------------------
 *  CHARACTER MAPPING
 *--------------------*/



/*Collect the unicode lists and glyph_id offsets*/
static const lv_font_fmt_txt_cmap_t cmaps[] =
{
    {
        .range_start = 32, .range_length = 95, .glyph_id_start = 1,
        .unicode_list = NULL, .glyph_id_ofs_list = NULL, .list_length = 0, .type = LV_FONT_FMT_TXT_CMAP_FORMAT0_TINY
    }
};

/*-----------------
 *    KERNING
 *----------------*/


/*Pair left and right glyphs for kerning*/
static const uint8_t kern_pair_glyph_ids[] =
{
    5, 24,
    7, 53,
    7, 55,
    7, 56,
    7, 58,
    7, 87,
    7, 88,
    7, 90,
    9, 36,
    9, 40,
    9, 43,
    9, 48,
    9, 50,
    9, 68,
    9, 69,
    9, 70,
    9, 72,
    9, 75,
    9, 80,
    9, 82,
    9, 84,
    9, 87,
    9, 88,
    9, 90,
    11, 34,
    11, 43,
    11, 66,
    11, 68,
    11, 69,
    11, 70,
    11, 72,
    11, 80,
    11, 82,
    11, 84,
    11, 85,
    13, 17,
    13, 18,
    13, 24,
    13, 36,
    13, 40,
    13, 48,
    13, 50,
    13, 53,
    13, 54,
    13, 55,
    13, 56,
    13, 58,
    13, 68,
    13, 69,
    13, 70,
    13, 71,
    13, 72,
    13, 75,
    13, 80,
    13, 82,
    13, 85,
    13, 87,
    13, 88,
    13, 90,
    14, 18,
    14, 20,
    14, 24,
    14, 34,
    14, 43,
    14, 53,
    14, 55,
    14, 56,
    14, 57,
    14, 58,
    14, 59,
    14, 87,
    14, 88,
    14, 89,
    14, 90,
    14, 91,
    15, 17,
    15, 18,
    15, 24,
    15, 36,
    15, 40,
    15, 48,
    15, 50,
    15, 53,
    15, 54,
    15, 55,
    15, 56,
    15, 58,
    15, 68,
    15, 69,
    15, 70,
    15, 71,
    15, 72,
    15, 80,
    15, 82,
    15, 85,
    15, 87,
    15, 88,
    15, 90,
    16, 16,
    16, 17,
    16, 18,
    16, 19,
    16, 20,
    16, 21,
    16, 22,
    16, 23,
    16, 24,
    16, 25,
    16, 26,
    16, 34,
    16, 36,
    16, 40,
    16, 43,
    16, 48,
    16, 50,
    16, 52,
    16, 59,
    16, 66,
    16, 68,
    16, 69,
    16, 70,
    16, 71,
    16, 72,
    16, 78,
    16, 79,
    16, 80,
    16, 81,
    16, 82,
    16, 83,
    16, 84,
    16, 85,
    16, 86,
    16, 87,
    16, 88,
    16, 89,
    16, 90,
    16, 91,
    17, 13,
    17, 15,
    17, 16,
    17, 18,
    17, 19,
    17, 20,
    17, 24,
    19, 21,
    19, 24,
    20, 16,
    20, 21,
    20, 22,
    20, 24,
    20, 26,
    21, 16,
    21, 18,
    21, 24,
    21, 26,
    22, 16,
    22, 19,
    22, 20,
    22, 24,
    22, 26,
    23, 16,
    23, 18,
    23, 20,
    23, 23,
    23, 24,
    23, 26,
    24, 13,
    24, 14,
    24, 15,
    24, 16,
    24, 17,
    24, 18,
    24, 19,
    24, 20,
    24, 21,
    24, 22,
    24, 23,
    24, 25,
    24, 26,
    25, 24,
    25, 26,
    26, 13,
    26, 15,
    26, 16,
    26, 18,
    26, 19,
    26, 20,
    26, 22,
    26, 24,
    26, 26,
    27, 18,
    27, 53,
    27, 55,
    27, 56,
    27, 58,
    28, 53,
    28, 55,
    28, 56,
    28, 58,
    34, 11,
    34, 14,
    34, 32,
    34, 34,
    34, 36,
    34, 40,
    34, 48,
    34, 50,
    34, 52,
    34, 53,
    34, 54,
    34, 55,
    34, 56,
    34, 57,
    34, 58,
    34, 61,
    34, 68,
    34, 69,
    34, 70,
    34, 71,
    34, 72,
    34, 80,
    34, 82,
    34, 85,
    34, 86,
    34, 87,
    34, 88,
    34, 89,
    34, 90,
    35, 7,
    35, 32,
    35, 53,
    35, 55,
    35, 56,
    35, 57,
    35, 58,
    35, 87,
    35, 88,
    35, 90,
    36, 14,
    36, 34,
    36, 36,
    36, 40,
    36, 48,
    36, 50,
    36, 55,
    36, 56,
    36, 57,
    36, 58,
    36, 68,
    36, 69,
    36, 70,
    36, 71,
    36, 72,
    36, 80,
    36, 82,
    36, 87,
    36, 88,
    36, 89,
    36, 90,
    37, 10,
    37, 13,
    37, 15,
    37, 16,
    37, 32,
    37, 34,
    37, 43,
    37, 52,
    37, 53,
    37, 55,
    37, 56,
    37, 57,
    37, 58,
    37, 59,
    37, 61,
    37, 62,
    37, 66,
    37, 87,
    37, 89,
    37, 90,
    37, 94,
    38, 36,
    38, 40,
    38, 48,
    38, 50,
    38, 68,
    38, 69,
    38, 70,
    38, 80,
    38, 87,
    38, 88,
    38, 90,
    39, 7,
    39, 13,
    39, 15,
    39, 16,
    39, 32,
    39, 34,
    39, 43,
    39, 59,
    39, 66,
    39, 68,
    39, 69,
    39, 70,
    39, 72,
    39, 80,
    39, 82,
    39, 84,
    39, 87,
    39, 88,
    39, 89,
    39, 90,
    39, 91,
    40, 32,
    40, 53,
    40, 55,
    40, 56,
    40, 57,
    40, 58,
    40, 61,
    40, 66,
    40, 87,
    40, 88,
    40, 90,
    43, 13,
    43, 15,
    43, 34,
    43, 43,
    44, 14,
    44, 34,
    44, 36,
    44, 40,
    44, 48,
    44, 50,
    44, 52,
    44, 53,
    44, 54,
    44, 55,
    44, 56,
    44, 58,
    44, 66,
    44, 68,
    44, 69,
    44, 70,
    44, 71,
    44, 72,
    44, 80,
    44, 82,
    44, 85,
    44, 86,
    44, 87,
    44, 88,
    44, 89,
    44, 90,
    45, 11,
    45, 14,
    45, 32,
    45, 36,
    45, 40,
    45, 48,
    45, 50,
    45, 53,
    45, 54,
    45, 55,
    45, 56,
    45, 58,
    45, 61,
    45, 68,
    45, 69,
    45, 70,
    45, 71,
    45, 72,
    45, 80,
    45, 82,
    45, 85,
    45, 87,
    45, 88,
    45, 90,
    48, 10,
    48, 13,
    48, 15,
    48, 16,
    48, 32,
    48, 34,
    48, 43,
    48, 52,
    48, 53,
    48, 55,
    48, 56,
    48, 57,
    48, 58,
    48, 59,
    48, 61,
    48, 62,
    48, 66,
    48, 89,
    48, 94,
    49, 13,
    49, 15,
    49, 16,
    49, 34,
    49, 43,
    49, 55,
    49, 56,
    49, 57,
    49, 58,
    49, 59,
    49, 66,
    49, 68,
    49, 70,
    49, 71,
    49, 80,
    49, 85,
    49, 86,
    49, 87,
    49, 88,
    49, 89,
    49, 90,
    50, 10,
    50, 32,
    50, 53,
    50, 55,
    50, 56,
    50, 58,
    51, 34,
    51, 43,
    51, 55,
    51, 56,
    51, 58,
    51, 68,
    51, 69,
    51, 70,
    51, 71,
    51, 72,
    51, 80,
    51, 82,
    51, 85,
    52, 32,
    52, 34,
    52, 52,
    52, 53,
    52, 55,
    52, 56,
    52, 57,
    52, 58,
    52, 59,
    52, 61,
    52, 71,
    52, 85,
    52, 87,
    52, 88,
    52, 89,
    52, 90,
    52, 91,
    53, 7,
    53, 13,
    53, 14,
    53, 15,
    53, 16,
    53, 27,
    53, 28,
    53, 34,
    53, 36,
    53, 40,
    53, 43,
    53, 48,
    53, 50,
    53, 52,
    53, 59,
    53, 66,
    53, 68,
    53, 69,
    53, 70,
    53, 71,
    53, 72,
    53, 74,
    53, 75,
    53, 77,
    53, 78,
    53, 79,
    53, 80,
    53, 81,
    53, 82,
    53, 83,
    53, 84,
    53, 85,
    53, 86,
    53, 87,
    53, 88,
    53, 89,
    53, 90,
    53, 91,
    54, 13,
    54, 15,
    54, 16,
    54, 34,
    54, 43,
    54, 57,
    54, 89,
    55, 7,
    55, 13,
    55, 14,
    55, 15,
    55, 16,
    55, 27,
    55, 28,
    55, 34,
    55, 36,
    55, 40,
    55, 43,
    55, 48,
    55, 50,
    55, 52,
    55, 55,
    55, 56,
    55, 57,
    55, 58,
    55, 59,
    55, 66,
    55, 68,
    55, 69,
    55, 70,
    55, 71,
    55, 72,
    55, 74,
    55, 75,
    55, 77,
    55, 78,
    55, 79,
    55, 80,
    55, 81,
    55, 82,
    55, 83,
    55, 84,
    55, 85,
    55, 86,
    55, 87,
    55, 88,
    55, 89,
    55, 90,
    55, 91,
    56, 7,
    56, 13,
    56, 14,
    56, 15,
    56, 16,
    56, 27,
    56, 28,
    56, 34,
    56, 36,
    56, 40,
    56, 43,
    56, 48,
    56, 50,
    56, 52,
    56, 55,
    56, 56,
    56, 57,
    56, 58,
    56, 59,
    56, 66,
    56, 68,
    56, 69,
    56, 70,
    56, 71,
    56, 72,
    56, 74,
    56, 75,
    56, 77,
    56, 78,
    56, 79,
    56, 80,
    56, 81,
    56, 82,
    56, 83,
    56, 84,
    56, 85,
    56, 86,
    56, 87,
    56, 88,
    56, 89,
    56, 90,
    56, 91,
    57, 7,
    57, 14,
    57, 32,
    57, 34,
    57, 36,
    57, 40,
    57, 43,
    57, 48,
    57, 50,
    57, 52,
    57, 54,
    57, 55,
    57, 56,
    57, 58,
    57, 66,
    57, 68,
    57, 69,
    57, 70,
    57, 71,
    57, 72,
    57, 74,
    57, 75,
    57, 77,
    57, 80,
    57, 82,
    57, 85,
    57, 86,
    57, 87,
    57, 88,
    57, 89,
    57, 90,
    58, 7,
    58, 13,
    58, 14,
    58, 15,
    58, 16,
    58, 27,
    58, 28,
    58, 34,
    58, 36,
    58, 40,
    58, 43,
    58, 48,
    58, 50,
    58, 52,
    58, 55,
    58, 56,
    58, 57,
    58, 58,
    58, 59,
    58, 66,
    58, 68,
    58, 69,
    58, 70,
    58, 71,
    58, 72,
    58, 74,
    58, 75,
    58, 77,
    58, 78,
    58, 79,
    58, 80,
    58, 81,
    58, 82,
    58, 83,
    58, 84,
    58, 85,
    58, 86,
    58, 87,
    58, 88,
    58, 89,
    58, 90,
    58, 91,
    59, 14,
    59, 36,
    59, 40,
    59, 48,
    59, 50,
    59, 52,
    59, 59,
    59, 68,
    59, 69,
    59, 70,
    59, 71,
    59, 72,
    59, 80,
    59, 82,
    59, 87,
    59, 88,
    59, 90,
    60, 36,
    60, 40,
    60, 43,
    60, 48,
    60, 50,
    60, 66,
    60, 68,
    60, 69,
    60, 70,
    60, 75,
    60, 80,
    60, 82,
    60, 84,
    60, 87,
    60, 88,
    60, 89,
    60, 90,
    61, 36,
    61, 40,
    61, 48,
    61, 50,
    61, 53,
    61, 54,
    61, 55,
    61, 56,
    61, 58,
    61, 71,
    61, 75,
    61, 85,
    61, 87,
    61, 88,
    61, 90,
    66, 11,
    66, 32,
    66, 61,
    66, 85,
    66, 87,
    66, 88,
    66, 90,
    67, 10,
    67, 11,
    67, 13,
    67, 15,
    67, 16,
    67, 32,
    67, 61,
    67, 62,
    67, 85,
    67, 87,
    67, 88,
    67, 89,
    67, 90,
    67, 91,
    67, 94,
    68, 10,
    68, 32,
    68, 61,
    68, 68,
    68, 69,
    68, 70,
    68, 72,
    68, 80,
    68, 82,
    68, 87,
    68, 88,
    68, 89,
    68, 90,
    70, 10,
    70, 11,
    70, 13,
    70, 15,
    70, 16,
    70, 32,
    70, 61,
    70, 62,
    70, 87,
    70, 88,
    70, 89,
    70, 90,
    70, 91,
    70, 94,
    71, 10,
    71, 11,
    71, 13,
    71, 15,
    71, 16,
    71, 32,
    71, 61,
    71, 62,
    71, 66,
    71, 68,
    71, 69,
    71, 70,
    71, 72,
    71, 80,
    71, 82,
    71, 91,
    71, 94,
    72, 61,
    73, 11,
    73, 32,
    73, 61,
    73, 87,
    73, 88,
    73, 90,
    76, 14,
    76, 61,
    76, 66,
    76, 68,
    76, 69,
    76, 70,
    76, 72,
    76, 80,
    76, 82,
    76, 84,
    76, 85,
    76, 86,
    76, 87,
    76, 88,
    76, 90,
    78, 11,
    78, 32,
    78, 61,
    78, 87,
    78, 88,
    78, 90,
    79, 11,
    79, 32,
    79, 61,
    79, 87,
    79, 88,
    79, 90,
    80, 10,
    80, 11,
    80, 13,
    80, 15,
    80, 16,
    80, 32,
    80, 61,
    80, 62,
    80, 71,
    80, 84,
    80, 85,
    80, 87,
    80, 88,
    80, 89,
    80, 90,
    80, 91,
    80, 94,
    81, 10,
    81, 11,
    81, 13,
    81, 15,
    81, 16,
    81, 32,
    81, 61,
    81, 62,
    81, 85,
    81, 87,
    81, 88,
    81, 89,
    81, 90,
    81, 91,
    81, 94,
    82, 61,
    83, 11,
    83, 13,
    83, 15,
    83, 16,
    83, 61,
    83, 66,
    83, 68,
    83, 69,
    83, 70,
    83, 72,
    83, 80,
    83, 82,
    83, 91,
    84, 10,
    84, 32,
    84, 61,
    84, 62,
    84, 84,
    84, 85,
    84, 87,
    84, 88,
    84, 89,
    84, 90,
    84, 91,
    84, 94,
    85, 61,
    85, 68,
    85, 69,
    85, 70,
    85, 72,
    85, 80,
    85, 82,
    86, 61,
    87, 7,
    87, 10,
    87, 13,
    87, 14,
    87, 15,
    87, 16,
    87, 32,
    87, 61,
    87, 62,
    87, 66,
    87, 68,
    87, 69,
    87, 70,
    87, 72,
    87, 80,
    87, 82,
    87, 84,
    87, 87,
    87, 88,
    87, 89,
    87, 90,
    87, 91,
    87, 94,
    88, 7,
    88, 10,
    88, 13,
    88, 14,
    88, 15,
    88, 16,
    88, 32,
    88, 61,
    88, 62,
    88, 66,
    88, 68,
    88, 69,
    88, 70,
    88, 72,
    88, 80,
    88, 82,
    88, 84,
    88, 87,
    88, 88,
    88, 89,
    88, 90,
    88, 91,
    88, 94,
    89, 14,
    89, 32,
    89, 61,
    89, 62,
    89, 66,
    89, 68,
    89, 69,
    89, 70,
    89, 72,
    89, 80,
    89, 82,
    89, 84,
    89, 85,
    89, 87,
    89, 88,
    89, 90,
    89, 94,
    90, 7,
    90, 10,
    90, 13,
    90, 14,
    90, 15,
    90, 16,
    90, 32,
    90, 61,
    90, 62,
    90, 66,
    90, 68,
    90, 69,
    90, 70,
    90, 72,
    90, 80,
    90, 82,
    90, 84,
    90, 87,
    90, 88,
    90, 89,
    90, 90,
    90, 91,
    90, 94,
    91, 61,
    91, 68,
    91, 69,
    91, 70,
    91, 72,
    91, 80,
    91, 82,
    92, 36,
    92, 40,
    92, 43,
    92, 48,
    92, 50,
    92, 68,
    92, 69,
    92, 70,
    92, 72,
    92, 75,
    92, 80,
    92, 82,
    92, 84,
    92, 87,
    92, 88,
    92, 89,
    92, 90,
    92, 91
};

/* Kerning between the respective left and right glyphs
 * 4.4 format which needs to scaled with `kern_scale`*/
static const int8_t kern_pair_values[] =
{
    -7, -40, -42, -34, -48, -15, -7, -15,
    -22, -22, -11, -22, -22, -22, -22, -22,
    -15, 22, -22, -22, -11, -5, -5, -1,
    -73, -59, -7, -15, -11, -15, -11, -15,
    -11, -7, 7, -15, -42, -15, -15, -15,
    -15, -15, -37, -5, -44, -37, -48, -7,
    -4, -7, -5, -4, 5, -7, -4, -9,
    -31, -26, -16, -22, -7, -29, -29, -7,
    -60, -29, -26, -37, -59, -22, -11, -7,
    -22, -11, -7, -15, -42, -15, -22, -22,
    -22, -22, -73, -11, -88, -73, -95, -7,
    -4, -7, -11, -7, -7, -4, -18, -62,
    -44, -37, -117, -27, 7, -15, -7, -69,
    -15, -27, -7, -11, -15, -88, -29, -29,
    -95, -29, -29, -22, -15, -49, -59, -51,
    -59, -18, -51, -37, -37, -59, -37, -51,
    -37, -62, -15, -37, -37, -37, -37, -37,
    -44, -15, -15, -26, -11, -7, -15, -18,
    -11, -4, -7, 4, -4, -15, -4, -15,
    -15, -22, -7, -12, -7, -4, -22, -4,
    -7, -7, -7, -4, -11, -12, -73, -22,
    -73, -102, -15, 11, -11, -15, -62, -18,
    -15, -7, -11, -7, -4, -7, -7, -18,
    -4, -7, -12, -4, -11, -4, -5, -4,
    -15, -12, -29, -4, -15, -12, -29, -73,
    -29, -44, -15, -33, -33, -33, -33, -7,
    -66, -20, -73, -66, -15, -80, -88, -16,
    -18, -16, -15, -18, -16, -18, -29, -9,
    -53, -40, -5, -38, 11, -4, -7, -15,
    -11, -15, -22, -7, -7, -7, -7, -4,
    -15, -15, -15, -15, -7, -7, -7, -15,
    -7, -7, -7, -4, -7, -7, -7, -15,
    -15, -7, -15, -22, -22, -22, -29, -15,
    -37, -29, -7, -26, -33, -29, -40, -48,
    -26, -29, -15, -4, -5, -7, -5, -15,
    -4, -4, -4, -4, -4, -7, -4, -4,
    -7, -7, -7, -11, -48, -48, -51, 7,
    -59, -80, -7, -20, -11, -7, -11, -7,
    -11, -7, -7, -9, -7, -4, -12, -11,
    -7, -7, -18, -15, -7, -22, -11, 7,
    -7, -1, -7, -11, -11, -18, -15, -37,
    -15, -40, -40, -40, -40, -7, -7, -16,
    -22, -22, -22, -7, -26, -20, -26, -15,
    -18, -26, -20, -22, -15, -44, -37, -4,
    -37, -59, -18, -44, -29, -29, -29, -29,
    -73, -15, -84, -73, -95, -88, -7, -4,
    -7, -15, -4, -7, -4, -18, -48, -37,
    -44, -22, -22, -22, -29, -15, -33, -22,
    -4, -22, -33, -29, -38, -48, -23, -29,
    -15, -4, -5, -15, -66, -66, -48, -51,
    -73, -7, -4, -27, -12, -11, -11, -4,
    -4, 11, -4, 11, 4, 7, 7, 4,
    7, -7, -15, -22, -33, -29, -48, -9,
    -4, -15, -11, -18, -7, -4, -7, 7,
    -4, -7, -4, 7, -7, -11, -7, -15,
    -22, -18, -18, -22, -7, -15, -5, -7,
    -15, -9, -11, -15, -4, -37, -73, -60,
    -73, -69, -4, -4, -66, -22, -22, -80,
    -22, -22, -11, -7, -51, -67, -59, -67,
    -15, -56, -4, -4, -1, -26, -26, -67,
    -26, -59, -26, -51, -7, -20, -26, -22,
    -29, -26, -33, -11, -11, -11, -20, -15,
    -7, -4, -34, -88, -29, -88, -88, -15,
    -15, -73, -33, -33, -88, -33, -33, -18,
    -7, -7, -15, -15, -7, -55, -55, -51,
    -55, -16, -51, -7, -7, -4, -31, -31,
    -55, -31, -51, -31, -45, -15, -31, -26,
    -22, -33, -27, -40, -29, -73, -26, -73,
    -73, -12, -12, -66, -29, -29, -77, -29,
    -29, -15, -7, -7, -11, -15, -7, -51,
    -49, -44, -49, -18, -44, -5, -5, -4,
    -29, -29, -49, -29, -44, -29, -44, -15,
    -29, -22, -22, -26, -23, -37, -7, -37,
    -11, -15, -38, -38, -7, -38, -38, -22,
    -7, -15, -11, -22, -7, -33, -29, -33,
    -15, -29, -4, -4, -4, -33, -29, -20,
    -15, -37, -29, -4, -29, -48, -95, -59,
    -95, -84, -29, -29, -80, -48, -48, -97,
    -48, -48, -26, -15, -15, -22, -15, -7,
    -73, -80, -77, -80, -29, -77, -7, -7,
    -4, -53, -53, -80, -53, -77, -53, -73,
    -22, -53, -44, -40, -48, -44, -55, -22,
    -22, -22, -22, -22, -7, -7, -15, -11,
    -15, -4, -11, -15, -11, -11, -9, -9,
    -15, -15, -7, -15, -15, -7, -15, -15,
    -15, 22, -15, -15, -11, -15, -15, -7,
    -7, -29, -29, -29, -29, -69, -11, -88,
    -73, -84, -7, 22, -22, -51, -44, -44,
    -11, -26, -55, -4, -20, -15, -18, -22,
    -11, -4, -4, -4, -27, -51, -15, -4,
    -18, -15, -22, -18, -11, -11, -11, -11,
    -29, -11, -7, -11, -7, -11, -7, -7,
    -4, -7, -7, -22, -15, -4, -4, -4,
    -29, -59, -15, -18, -18, -22, -18, -11,
    -7, 22, 22, -33, -33, -33, 26, 22,
    15, -11, -7, -7, -7, -7, -7, -7,
    -7, 22, -37, -11, -22, -55, -15, -11,
    -11, -15, -29, -7, -22, -20, -22, -22,
    -22, -20, -4, -7, -7, -15, -15, -12,
    -11, -22, -55, -15, -11, -11, -11, -22,
    -55, -15, -11, -11, -22, -15, -7, -7,
    -4, -37, -59, -15, -4, -1, -4, -22,
    -18, -26, -22, -15, -11, -22, -11, -4,
    -4, -4, -27, -51, -15, -4, -18, -15,
    -22, -18, -11, -11, -37, 15, -48, -48,
    -44, -22, -18, -7, -7, -7, -7, -7,
    -7, -7, -15, -26, -55, -11, -7, -7,
    -16, -11, -18, -15, -7, -7, -29, -11,
    -11, -11, -11, -11, -11, -37, -7, -5,
    -62, -11, -62, -53, -7, -37, -15, -22,
    -23, -20, -23, -20, -23, -20, -15, -11,
    -11, -7, -12, -4, -7, -5, -5, -44,
    -7, -44, -44, -7, -37, -15, -18, -18,
    -15, -18, -15, -18, -15, -11, -11, -7,
    -7, -11, -4, -7, -22, -11, -37, -7,
    -11, -26, -22, -26, -22, -26, -22, -15,
    -5, -7, -7, -7, -7, -7, -5, -62,
    -11, -62, -51, -7, -37, -15, -22, -22,
    -18, -22, -18, -22, -18, -15, -11, -7,
    -7, -11, -4, -7, -33, -11, -11, -11,
    -11, -11, -11, -15, -15, -7, -15, -15,
    -11, -11, -11, -7, 26, -11, -11, -7,
    -7, -7, -7, -7, -7
};

/*Collect the kern pair's data in one place*/
static const lv_font_fmt_txt_kern_pair_t kern_pairs =
{
    .glyph_ids = kern_pair_glyph_ids,
    .values = kern_pair_values,
    .pair_cnt = 981,
    .glyph_ids_size = 0
};

/*--------------------
 *  ALL CUSTOM DATA
 *--------------------*/

#if LVGL_VERSION_MAJOR == 8
/*Store all the custom data of the font*/
static  lv_font_fmt_txt_glyph_cache_t cache;
#endif

#if LVGL_VERSION_MAJOR >= 8
static const lv_font_fmt_txt_dsc_t font_dsc = {
#else
static lv_font_fmt_txt_dsc_t font_dsc = {
#endif
    .glyph_bitmap = glyph_bitmap,
    .glyph_dsc = glyph_dsc,
    .cmaps = cmaps,
    .kern_dsc = &kern_pairs,
    .kern_scale = 28,
    .cmap_num = 1,
    .bpp = 2,
    .kern_classes = 0,
    .bitmap_format = 2,
#if LVGL_VERSION_MAJOR == 8
    .cache = &cache
#endif
};



/*-----------------
 *  PUBLIC FONT
 *----------------*/

/*Initialize a public general font descriptor*/
#if LVGL_VERSION_MAJOR >= 8
const lv_font_t ui_font_GOTH_80 = {
#else
lv_font_t ui_font_GOTH_80 = {
#endif
    .get_glyph_dsc = lv_font_get_glyph_dsc_fmt_txt,    /*Function pointer to get glyph's data*/
    .get_glyph_bitmap = lv_font_get_bitmap_fmt_txt,    /*Function pointer to get glyph's bitmap*/
    .line_height = 77,          /*The maximum line height required by the font*/
    .base_line = 13,             /*Baseline measured from the bottom of the line*/
#if !(LVGL_VERSION_MAJOR == 6 && LVGL_VERSION_MINOR == 0)
    .subpx = LV_FONT_SUBPX_NONE,
#endif
#if LV_VERSION_CHECK(7, 4, 0) || LVGL_VERSION_MAJOR >= 8
    .underline_position = -11,
    .underline_thickness = 2,
#endif
    .dsc = &font_dsc,          /*The custom font data. Will be accessed by `get_glyph_bitmap/dsc` */
#if LV_VERSION_CHECK(8, 2, 0) || LVGL_VERSION_MAJOR >= 9
    .fallback = NULL,
#endif
    .user_data = NULL,
};



#endif /*#if UI_FONT_GOTH_80*/

