/*******************************************************************************
 * Size: 190 px
 * Bpp: 2
 * Opts: --bpp 2 --size 190 --font H:/2025/lvgl_squareline/SquareLine Studio/watch_demo_modify/assets/img/clk03/fonts/LEDFont.ttf -o H:/2025/lvgl_squareline/SquareLine Studio/watch_demo_modify/assets/img/clk03/fonts\ui_font_LED_190.c --format lvgl -r 0x20-0x7f --no-prefilter
 ******************************************************************************/

#include "../ui.h"

#ifndef UI_FONT_LED_190
#define UI_FONT_LED_190 1
#endif

#if UI_FONT_LED_190

/*-----------------
 *    BITMAPS
 *----------------*/

/*Store the image of the glyphs*/
static LV_ATTRIBUTE_LARGE_CONST const uint8_t glyph_bitmap[] = {
    /* U+0020 " " */

    /* U+0021 "!" */
    0xf, 0xfe, 0x2f, 0x83, 0xfb, 0xf0, 0x79, 0xff,
    0x21, 0x3f, 0xf9, 0x1f, 0xff, 0xf, 0xff, 0x87,
    0xff, 0xc3, 0xff, 0xe1, 0xff, 0xf0, 0xff, 0xf8,
    0x7f, 0xfc, 0x3f, 0xfe, 0x1f, 0xff, 0xf, 0xff,
    0x87, 0xff, 0xc3, 0xff, 0xe1, 0xff, 0xf0, 0xff,
    0xf8, 0x7f, 0xfc, 0x3f, 0xfe, 0x1f, 0xff, 0xf,
    0xff, 0x87, 0xff, 0xc3, 0xff, 0xe1, 0xff, 0xf0,
    0xff, 0xf8, 0x7f, 0xfc, 0x3f, 0xfe, 0x1f, 0xff,
    0xf, 0xff, 0x87, 0xff, 0xc3, 0xff, 0xe1, 0xff,
    0xf0, 0xff, 0xf8, 0x7f, 0xfc, 0x3f, 0xfe, 0x1f,
    0xff, 0xf, 0xff, 0x87, 0xff, 0xc3, 0xff, 0xe1,
    0xff, 0xf0, 0xff, 0xf8, 0x7f, 0xfc, 0x3f, 0xfe,
    0x1f, 0xff, 0xf, 0xff, 0x87, 0xff, 0xc3, 0xff,
    0xe1, 0xff, 0xf0, 0xff, 0xf8, 0x7f, 0xfc, 0x3f,
    0xfe, 0x1f, 0xff, 0xf, 0xff, 0x87, 0xff, 0xc3,
    0xff, 0xe1, 0xff, 0xf0, 0x1f, 0xfc, 0x84, 0xff,
    0x90, 0xe7, 0xf2, 0x1f, 0x3e, 0x43, 0xf9, 0x83,
    0xff, 0xc5, 0xe0, 0xfe, 0xfc, 0x1f, 0x7f, 0x41,
    0xdf, 0xf4, 0x17, 0xff, 0x43, 0xff, 0xe1, 0xff,
    0xf0, 0xff, 0xf8, 0x7f, 0xfc, 0x3f, 0xfe, 0x1f,
    0xff, 0xf, 0xff, 0x87, 0xff, 0xc3, 0xff, 0xe1,
    0xff, 0xf0, 0xff, 0xf8, 0x7f, 0xfc, 0x3f, 0xfe,
    0x1f, 0xff, 0xf, 0xff, 0x87, 0xff, 0xc3, 0xff,
    0xe1, 0xff, 0xf0, 0xff, 0xf8, 0x7f, 0xfc, 0x3f,
    0xfe, 0x1f, 0xff, 0xf, 0xff, 0x87, 0xff, 0xc3,
    0xff, 0xe1, 0xff, 0xf0, 0xff, 0xf8, 0x7f, 0xfc,
    0x3f, 0xfe, 0x1f, 0xff, 0xf, 0xff, 0x87, 0xff,
    0xc3, 0xff, 0xe1, 0xff, 0xf0, 0x1f, 0xfc, 0x1d,
    0xfe, 0xf, 0xbf, 0x7, 0xf5, 0x87, 0xff, 0xa5,
    0xff, 0xf0, 0xff, 0xf8, 0x7f, 0xfc, 0x3f, 0xfe,
    0x1f, 0xff, 0xf, 0xff, 0x87, 0xff, 0xc3, 0xff,
    0xe1, 0xff, 0xf0, 0xff, 0xf8, 0x7f, 0xfc, 0x3f,
    0xfe, 0x1f, 0xff, 0xf, 0xff, 0x87, 0xff, 0xc0,

    /* U+0022 "\"" */
    0xf, 0xfe, 0xb7, 0x83, 0xff, 0x86, 0xe8, 0x7e,
    0xfc, 0x1f, 0xfc, 0x17, 0xe4, 0x3d, 0xfe, 0xf,
    0xfa, 0xfe, 0x43, 0x7f, 0xe0, 0xfe, 0xbf, 0xe4,
    0x1f, 0xfe, 0xf, 0xaf, 0xfe, 0x57, 0xff, 0x83,
    0xef, 0xff, 0x4f, 0xff, 0x83, 0xef, 0xff, 0x4f,
    0xff, 0x83, 0xef, 0xff, 0x4f, 0xff, 0x83, 0xef,
    0xff, 0x4f, 0xff, 0x83, 0xef, 0xff, 0x4f, 0xff,
    0x83, 0xef, 0xff, 0x4f, 0xff, 0x83, 0xef, 0xff,
    0x4f, 0xff, 0x83, 0xef, 0xff, 0x4f, 0xff, 0x83,
    0xef, 0xff, 0x4f, 0xff, 0x83, 0xef, 0xff, 0x4f,
    0xff, 0x83, 0xef, 0xff, 0x4f, 0xff, 0x83, 0xef,
    0xff, 0x4f, 0xff, 0x83, 0xef, 0xff, 0x4f, 0xff,
    0x83, 0xef, 0xff, 0x4f, 0xff, 0x83, 0xef, 0xff,
    0x4f, 0xff, 0x83, 0xef, 0xff, 0x4f, 0xff, 0x83,
    0xef, 0xff, 0x47, 0xff, 0x41, 0xf3, 0xff, 0xc8,
    0x3f, 0xf0, 0x7f, 0x5f, 0xf2, 0x1b, 0xfc, 0x1f,
    0xf5, 0xfc, 0x87, 0xbf, 0x7, 0xff, 0x6, 0xfa,
    0xf, 0xde, 0x43, 0xff, 0x85, 0x70, 0x7f, 0x28,
    0x3f, 0xf8, 0x90, 0x70,

    /* U+0023 "#" */
    0xf, 0xfe, 0x3a, 0x1f, 0xfd, 0xb4, 0x3f, 0xfa,
    0xfe, 0x43, 0xff, 0xb3, 0x70, 0x7f, 0xf5, 0x7f,
    0x21, 0xff, 0xd7, 0xbe, 0x83, 0xff, 0xa7, 0xfe,
    0x43, 0xff, 0xab, 0x7f, 0x41, 0xff, 0xd1, 0xff,
    0xc8, 0x7f, 0xf4, 0xff, 0xf4, 0x1f, 0xfc, 0xff,
    0xff, 0x7, 0xff, 0x49, 0xff, 0xe8, 0x3f, 0xf9,
    0xb7, 0xff, 0x83, 0xff, 0xa4, 0xff, 0xf9, 0xf,
    0xfe, 0x65, 0xff, 0xe0, 0xff, 0xe9, 0x3f, 0xfe,
    0x43, 0xff, 0x99, 0x7f, 0xf8, 0x3f, 0xfa, 0x4f,
    0xff, 0x90, 0xff, 0xe6, 0x5f, 0xfe, 0xf, 0xfe,
    0x93, 0xff, 0xe4, 0x3f, 0xf9, 0x97, 0xff, 0x83,
    0xff, 0xa4, 0xff, 0xf9, 0xf, 0xff, 0xf8, 0x7f,
    0xff, 0xc3, 0xff, 0x90, 0xff, 0xff, 0xd4, 0x3f,
    0xcf, 0xff, 0xfd, 0xc3, 0xf3, 0xff, 0xff, 0x90,
    0xf3, 0xff, 0xff, 0xb0, 0xcf, 0xff, 0xff, 0x42,
    0xff, 0xff, 0xf4, 0x7, 0xff, 0xff, 0xa1, 0xaf,
    0xff, 0xfd, 0x87, 0xaf, 0xff, 0xfc, 0x87, 0xeb,
    0xff, 0xfe, 0xe1, 0xfe, 0x6b, 0xff, 0xea, 0x1f,
    0xff, 0xf0, 0xff, 0xff, 0x87, 0xff, 0x2e, 0xff,
    0xf0, 0x7f, 0xf4, 0x9f, 0xff, 0x21, 0xff, 0xcc,
    0xbf, 0xfc, 0x1f, 0xfd, 0x27, 0xff, 0xc8, 0x7f,
    0xf3, 0x2f, 0xff, 0x7, 0xff, 0x49, 0xff, 0xf2,
    0x1f, 0xfc, 0xcb, 0xff, 0xc1, 0xff, 0xd2, 0x7f,
    0xfc, 0x87, 0xff, 0x32, 0xff, 0xf0, 0x7f, 0xf4,
    0x9f, 0xff, 0x21, 0xff, 0xcc, 0xbf, 0xfc, 0x1f,
    0xfd, 0x27, 0xff, 0xc8, 0x7f, 0xf3, 0x2f, 0xff,
    0x7, 0xff, 0x49, 0xff, 0xf2, 0x1f, 0xfc, 0xcb,
    0xff, 0xc1, 0xff, 0xd2, 0x7f, 0xfc, 0x87, 0xff,
    0x32, 0xff, 0xf0, 0x7f, 0xf4, 0x9f, 0xff, 0x21,
    0xff, 0xcc, 0xbf, 0xfc, 0x1f, 0xfd, 0x27, 0xff,
    0xc8, 0x7f, 0xf3, 0x2f, 0xff, 0x7, 0xff, 0x49,
    0xff, 0xf2, 0x1f, 0xfc, 0xcb, 0xff, 0xc1, 0xff,
    0xd2, 0x7f, 0xfc, 0x87, 0xff, 0x32, 0xff, 0xf0,
    0x7f, 0xf4, 0x9f, 0xff, 0x21, 0xff, 0xcc, 0xbf,
    0xfc, 0x1f, 0xfd, 0x27, 0xff, 0xc8, 0x7f, 0xf3,
    0x2f, 0xff, 0x7, 0xff, 0x49, 0xff, 0xf2, 0x1f,
    0xfc, 0xcb, 0xff, 0xc1, 0xff, 0xd2, 0x7f, 0xfc,
    0x87, 0xff, 0x32, 0xff, 0xf0, 0x7f, 0xf4, 0x9f,
    0xff, 0x21, 0xff, 0xcc, 0xbf, 0xfc, 0x1f, 0xfd,
    0x27, 0xff, 0xc8, 0x7f, 0xf3, 0x2f, 0xff, 0x7,
    0xff, 0x49, 0xff, 0xf2, 0x1f, 0xfc, 0xcb, 0xff,
    0xc1, 0xff, 0xd2, 0x7f, 0xfc, 0x87, 0xff, 0x32,
    0xff, 0xf0, 0x7f, 0xf4, 0x9f, 0xff, 0x21, 0xff,
    0xcc, 0xbf, 0xfc, 0x1f, 0xfd, 0x27, 0xff, 0xc8,
    0x7f, 0xf3, 0x2f, 0xff, 0x7, 0xff, 0x49, 0xff,
    0xf2, 0x1f, 0xfc, 0xcb, 0xff, 0xc1, 0xff, 0xd2,
    0x7f, 0xfc, 0x87, 0xff, 0x32, 0xff, 0xf0, 0x7f,
    0xf4, 0x9f, 0xff, 0x21, 0xff, 0xcc, 0xbf, 0xfc,
    0x1f, 0xfd, 0x27, 0xff, 0xc8, 0x7f, 0xf3, 0x2f,
    0xff, 0x7, 0xff, 0x49, 0xff, 0xf2, 0x1f, 0xfc,
    0xcb, 0xff, 0xc1, 0xff, 0xd2, 0x7f, 0xfc, 0x87,
    0xff, 0x32, 0xff, 0xf0, 0x7f, 0xf4, 0x9f, 0xff,
    0x21, 0xff, 0xcc, 0xbf, 0xfc, 0x1f, 0xfd, 0x27,
    0xff, 0xc8, 0x7f, 0xf3, 0x2f, 0xff, 0x7, 0xff,
    0x49, 0xff, 0xf2, 0x1f, 0xff, 0xf0, 0xff, 0xe3,
    0x35, 0xff, 0xf5, 0xf, 0xf5, 0xff, 0xff, 0x70,
    0xfd, 0x7f, 0xff, 0xe4, 0x3d, 0x7f, 0xff, 0xec,
    0x35, 0xff, 0xff, 0xd0, 0x5f, 0xff, 0xff, 0x7,
    0xff, 0xff, 0x90, 0xbf, 0xff, 0xf8, 0x87, 0x7f,
    0xff, 0xe9, 0xf, 0xbf, 0xff, 0xf0, 0x87, 0xf7,
    0xff, 0xfd, 0x90, 0xff, 0xff, 0x87, 0xff, 0xfc,
    0x3f, 0xf9, 0x4d, 0x7f, 0x21, 0xff, 0xd3, 0xaf,
    0xf0, 0x7f, 0xf3, 0x6f, 0xff, 0x7, 0xff, 0x49,
    0xff, 0xf2, 0x1f, 0xfc, 0xcb, 0xff, 0xc1, 0xff,
    0xd2, 0x7f, 0xfc, 0x87, 0xff, 0x32, 0xff, 0xf0,
    0x7f, 0xf4, 0x9f, 0xff, 0x21, 0xff, 0xcc, 0xbf,
    0xfc, 0x1f, 0xfd, 0x27, 0xff, 0xc8, 0x7f, 0xf3,
    0x2f, 0xff, 0x7, 0xff, 0x4f, 0xff, 0xc8, 0x7f,
    0xf3, 0x7f, 0xf8, 0x3f, 0xfa, 0x8f, 0xfe, 0x83,
    0xff, 0x9f, 0xff, 0x7, 0xff, 0x59, 0xff, 0x41,
    0xff, 0xd1, 0xfe, 0xf, 0xfe, 0xc3, 0xfa, 0xf,
    0xfe, 0x9f, 0xc1, 0xff, 0xda, 0x7d, 0x7, 0xff,
    0x57, 0xf, 0xfe, 0xe3, 0x87, 0xff, 0xfc, 0x3f,
    0xf8, 0xc0,

    /* U+0024 "$" */
    0xf, 0xff, 0xf8, 0x7f, 0xf6, 0xdd, 0xf, 0xff,
    0xeb, 0xf2, 0x1f, 0xff, 0xb7, 0xfa, 0xf, 0xff,
    0xcd, 0xff, 0x41, 0xff, 0xf7, 0xbf, 0xfa, 0xf,
    0xff, 0xb7, 0xff, 0xc1, 0xff, 0xf6, 0xff, 0xf8,
    0x3f, 0xfe, 0xdf, 0xff, 0x7, 0xff, 0xdb, 0xff,
    0xe0, 0xff, 0xfb, 0x7f, 0xfc, 0x1f, 0xff, 0x6f,
    0xff, 0x83, 0xff, 0xed, 0xff, 0xf0, 0x7f, 0xfd,
    0xbf, 0xfe, 0xf, 0xff, 0xb7, 0xff, 0xc1, 0xff,
    0xf6, 0xff, 0xf8, 0x3f, 0xfe, 0xdf, 0xff, 0x7,
    0xff, 0xdb, 0xff, 0xe0, 0xff, 0xfb, 0x7f, 0xfc,
    0x1f, 0xff, 0x6f, 0xff, 0x83, 0xff, 0xec, 0xd7,
    0xf2, 0x1f, 0xff, 0xf0, 0xff, 0xff, 0x87, 0xff,
    0x9f, 0xff, 0xfc, 0xa1, 0xff, 0xcf, 0xff, 0xff,
    0x38, 0x7f, 0xf3, 0x7f, 0xff, 0xd2, 0x1f, 0xfc,
    0xbf, 0xff, 0xf5, 0x87, 0xff, 0x27, 0xff, 0xfd,
    0xa1, 0xff, 0xc7, 0xff, 0xff, 0x78, 0x7f, 0xf1,
    0xff, 0xff, 0xdb, 0x7, 0xff, 0x23, 0xff, 0xfd,
    0x70, 0x7f, 0xf0, 0xdc, 0x3b, 0xff, 0xfd, 0x28,
    0x7f, 0xf0, 0xdf, 0x83, 0x3f, 0xff, 0xe7, 0x43,
    0xff, 0x86, 0xff, 0x6, 0x6b, 0xff, 0xca, 0x87,
    0xff, 0xd, 0xff, 0x83, 0xff, 0xf0, 0xff, 0xf0,
    0x7f, 0xfd, 0x9f, 0xff, 0x7, 0xff, 0xda, 0xff,
    0xf0, 0x7f, 0xfd, 0xaf, 0xff, 0x7, 0xff, 0xda,
    0xff, 0xf0, 0x7f, 0xfd, 0xaf, 0xff, 0x7, 0xff,
    0xda, 0xff, 0xf0, 0x7f, 0xfd, 0xaf, 0xff, 0x7,
    0xff, 0xda, 0xff, 0xf0, 0x7f, 0xfd, 0xaf, 0xff,
    0x7, 0xff, 0xda, 0xff, 0xf0, 0x7f, 0xfd, 0xaf,
    0xff, 0x7, 0xff, 0xda, 0xff, 0xf0, 0x7f, 0xfd,
    0xaf, 0xff, 0x7, 0xff, 0xda, 0xff, 0xf0, 0x7f,
    0xfd, 0xaf, 0xff, 0x7, 0xff, 0xda, 0xff, 0xf0,
    0x7f, 0xfd, 0xaf, 0xff, 0x7, 0xff, 0xda, 0xff,
    0xf0, 0x7f, 0xfd, 0xaf, 0xff, 0x7, 0xff, 0xda,
    0xff, 0xf0, 0x7f, 0xfd, 0xaf, 0xff, 0x7, 0xff,
    0xda, 0xff, 0xf0, 0x7f, 0xfd, 0xaf, 0xff, 0x7,
    0xff, 0xda, 0xff, 0xf0, 0x7f, 0xfd, 0xaf, 0xff,
    0x7, 0xff, 0xda, 0xff, 0xf0, 0x7f, 0xfd, 0xaf,
    0xff, 0x7, 0xff, 0xda, 0xff, 0xf0, 0x7f, 0xfd,
    0xaf, 0xff, 0x7, 0xff, 0xda, 0xff, 0xf0, 0x7f,
    0xfd, 0xaf, 0xff, 0x7, 0xff, 0xda, 0xff, 0xf0,
    0x7f, 0xfd, 0xaf, 0xff, 0x7, 0xff, 0xda, 0xff,
    0xf0, 0x7f, 0xfd, 0xaf, 0xff, 0x7, 0xff, 0xda,
    0xff, 0xf0, 0x7f, 0xfd, 0xaf, 0xff, 0x7, 0xff,
    0xda, 0xff, 0xf0, 0x7f, 0xfd, 0xaf, 0xff, 0x7,
    0xff, 0xda, 0xff, 0xf0, 0x7f, 0xfd, 0xaf, 0xff,
    0x7, 0xff, 0xda, 0xff, 0xf0, 0x7f, 0xfd, 0xaf,
    0xff, 0x7, 0xff, 0xda, 0xff, 0xf0, 0x7f, 0xfd,
    0xef, 0xfc, 0x1f, 0xff, 0x9b, 0xfc, 0x1a, 0xff,
    0xff, 0x2c, 0x1f, 0xfc, 0x4f, 0xe0, 0xd7, 0xff,
    0xf9, 0xe0, 0xff, 0xe2, 0x7c, 0x1a, 0xff, 0xff,
    0x4c, 0x1f, 0xfc, 0x48, 0x35, 0xff, 0xfe, 0xb8,
    0x3f, 0xf8, 0xf7, 0xff, 0xfb, 0x60, 0xff, 0xe3,
    0x7f, 0xff, 0xbd, 0xf, 0xfe, 0x2b, 0xff, 0xfe,
    0xd4, 0x3f, 0xf8, 0xef, 0xff, 0xfa, 0xd0, 0x9e,
    0xf, 0xfe, 0x1b, 0xff, 0xfe, 0x94, 0x27, 0xe8,
    0x3f, 0xf8, 0x6f, 0xff, 0xf9, 0xd0, 0x9f, 0xe8,
    0x3f, 0xf8, 0x6d, 0x7f, 0xf9, 0x50, 0x9f, 0xfa,
    0xf, 0xff, 0xbb, 0xff, 0xc8, 0x7f, 0xfd, 0xbf,
    0xfe, 0xf, 0xff, 0xb7, 0xff, 0xc1, 0xff, 0xf6,
    0xff, 0xf8, 0x3f, 0xfe, 0xdf, 0xff, 0x7, 0xff,
    0xdb, 0xff, 0xe0, 0xff, 0xfb, 0x7f, 0xfc, 0x1f,
    0xff, 0x6f, 0xff, 0x83, 0xff, 0xed, 0xff, 0xf0,
    0x7f, 0xfd, 0xbf, 0xfe, 0xf, 0xff, 0xb7, 0xff,
    0xc1, 0xff, 0xf6, 0xff, 0xf8, 0x3f, 0xfe, 0xdf,
    0xff, 0x7, 0xff, 0xdb, 0xff, 0xe0, 0xff, 0xfb,
    0x7f, 0xfc, 0x1f, 0xff, 0x6f, 0xff, 0x83, 0xff,
    0xed, 0xff, 0xf0, 0x7f, 0xfd, 0xbf, 0xfe, 0xf,
    0xff, 0xb7, 0xff, 0xc1, 0xff, 0xf6, 0xff, 0xf8,
    0x3f, 0xfe, 0xdf, 0xff, 0x7, 0xff, 0xdb, 0xff,
    0xe0, 0xff, 0xfb, 0x7f, 0xfc, 0x1f, 0xff, 0x6f,
    0xff, 0x83, 0xff, 0xed, 0xff, 0xf0, 0x7f, 0xfd,
    0xbf, 0xfe, 0xf, 0xff, 0xb7, 0xff, 0xc1, 0xff,
    0xf6, 0xff, 0xf8, 0x3f, 0xfe, 0xdf, 0xff, 0x7,
    0xff, 0xdb, 0xff, 0xe0, 0xff, 0xfb, 0x7f, 0xfc,
    0x1f, 0xff, 0x6f, 0xff, 0x83, 0xff, 0xed, 0xff,
    0xf0, 0x7f, 0xfd, 0xbf, 0xfe, 0xf, 0xff, 0xb7,
    0xff, 0xc1, 0xff, 0xf6, 0xff, 0xf8, 0x3f, 0xfe,
    0xdf, 0xff, 0x7, 0xff, 0xdb, 0xff, 0xe0, 0xff,
    0xfb, 0x7f, 0xfc, 0x1f, 0xff, 0x6f, 0xff, 0x83,
    0xff, 0xed, 0xff, 0xf0, 0x7f, 0xfd, 0xbf, 0xfe,
    0xf, 0xff, 0xb7, 0xff, 0xc1, 0xff, 0xf6, 0xff,
    0xf8, 0x3f, 0xfe, 0xdf, 0xfe, 0x43, 0xff, 0xed,
    0xff, 0xc8, 0x7f, 0xfe, 0x3f, 0xe4, 0x3f, 0xf8,
    0x6d, 0x7f, 0xf9, 0x50, 0xdf, 0xc8, 0x7f, 0xf0,
    0xdf, 0xff, 0xf3, 0xa1, 0xaf, 0x21, 0xff, 0xc4,
    0xff, 0xff, 0x4a, 0x1a, 0x43, 0xff, 0x89, 0xff,
    0xfe, 0xb8, 0x3f, 0xf9, 0x1f, 0xff, 0xed, 0x83,
    0xff, 0x8d, 0xff, 0xfe, 0xf0, 0xff, 0xe3, 0x3f,
    0xff, 0xed, 0xf, 0xfe, 0x43, 0xff, 0xfe, 0xb0,
    0xff, 0xe5, 0x3f, 0xff, 0xe9, 0xf, 0xfe, 0x63,
    0xff, 0xfe, 0x70, 0xff, 0xe7, 0x3f, 0xff, 0xe5,
    0xf, 0xff, 0xf8, 0x7f, 0xff, 0xc3, 0xff, 0xfe,
    0x1f, 0xfe, 0x96, 0xbf, 0x90, 0xff, 0xfb, 0x7f,
    0xfc, 0x1f, 0xff, 0x6f, 0xff, 0x83, 0xff, 0xed,
    0xff, 0xf0, 0x7f, 0xfd, 0xbf, 0xfe, 0xf, 0xff,
    0xb7, 0xff, 0xc1, 0xff, 0xf6, 0xff, 0xf8, 0x3f,
    0xfe, 0xdf, 0xff, 0x7, 0xff, 0xdb, 0xff, 0xe0,
    0xff, 0xfb, 0x7f, 0xfc, 0x1f, 0xff, 0x6f, 0xff,
    0x83, 0xff, 0xed, 0xff, 0xf0, 0x7f, 0xfd, 0xbf,
    0xfe, 0xf, 0xff, 0xb7, 0xff, 0xc1, 0xff, 0xf6,
    0xff, 0xf8, 0x3f, 0xfe, 0xcf, 0xff, 0x41, 0xff,
    0xf7, 0x7f, 0xe8, 0x3f, 0xff, 0x2f, 0xf2, 0x1f,
    0xff, 0xcf, 0x90, 0xff, 0xff, 0x61, 0xff, 0xff,
    0xf, 0xfe, 0xe0,

    /* U+0025 "%" */
    0xf, 0xfe, 0x17, 0xff, 0xf5, 0x10, 0xff, 0xf5,
    0xff, 0xc1, 0xff, 0xe1, 0xff, 0xfe, 0xb2, 0x1f,
    0xfe, 0x9b, 0xfe, 0xf, 0xff, 0x7, 0xff, 0xf6,
    0x10, 0xff, 0xf4, 0x7f, 0xe0, 0xff, 0xef, 0xff,
    0xff, 0x69, 0xf, 0xff, 0x37, 0xff, 0x7, 0xff,
    0x7b, 0xff, 0xfb, 0x88, 0x7f, 0xf9, 0x1f, 0xfe,
    0xf, 0xfe, 0xef, 0xff, 0xf7, 0x90, 0xff, 0xf1,
    0xff, 0xf8, 0x3f, 0xfb, 0xdf, 0xff, 0xdd, 0xf,
    0xff, 0x1d, 0xff, 0xe0, 0xff, 0xef, 0xff, 0xff,
    0x6a, 0xf, 0xff, 0x27, 0xff, 0xc1, 0xff, 0xd9,
    0x70, 0xef, 0xff, 0xec, 0x41, 0x98, 0x3f, 0xfb,
    0xd7, 0xff, 0x83, 0xff, 0xb2, 0xfc, 0x19, 0xff,
    0xfe, 0xb4, 0x19, 0xf4, 0x1f, 0xfd, 0xdf, 0xff,
    0x41, 0xff, 0xd8, 0x7f, 0x83, 0x35, 0xff, 0xd5,
    0xd, 0x7e, 0x83, 0xff, 0xb7, 0xff, 0xf0, 0x7f,
    0xf6, 0x1f, 0xf8, 0x3f, 0xfb, 0x97, 0xfa, 0xf,
    0xfe, 0xcb, 0xff, 0xe8, 0x3f, 0xfa, 0xef, 0xff,
    0x7, 0xff, 0x69, 0xff, 0xd0, 0x7f, 0xf6, 0x3f,
    0xfe, 0xf, 0xfe, 0xbb, 0xff, 0xe0, 0xff, 0xed,
    0x5f, 0xfd, 0x7, 0xff, 0x5a, 0xff, 0xf2, 0x1f,
    0xfd, 0x7b, 0xff, 0xc1, 0xff, 0xda, 0xbf, 0xfc,
    0x1f, 0xfd, 0x6f, 0xff, 0x83, 0xff, 0xb1, 0x7f,
    0xf8, 0x3f, 0xfb, 0x57, 0xff, 0x83, 0xff, 0xab,
    0x7f, 0xf9, 0xf, 0xfe, 0xc5, 0xff, 0xe0, 0xff,
    0xed, 0x5f, 0xfe, 0xf, 0xfe, 0xa3, 0xff, 0xf0,
    0x7f, 0xf6, 0x6f, 0xff, 0x7, 0xff, 0x6a, 0xff,
    0xf0, 0x7f, 0xf5, 0x3f, 0xfe, 0x43, 0xff, 0xb3,
    0x7f, 0xf8, 0x3f, 0xfb, 0x57, 0xff, 0x83, 0xff,
    0xa6, 0xff, 0xfa, 0xf, 0xfe, 0xd5, 0xff, 0xe0,
    0xff, 0xed, 0x5f, 0xfe, 0xf, 0xfe, 0x9f, 0xff,
    0xc1, 0xff, 0xdb, 0xbf, 0xfc, 0x1f, 0xfd, 0xab,
    0xff, 0xc1, 0xff, 0xd2, 0xbf, 0xfd, 0x7, 0xff,
    0x6e, 0xff, 0xf0, 0x7f, 0xf6, 0xaf, 0xff, 0x7,
    0xff, 0x4b, 0xff, 0xe0, 0xff, 0xee, 0x5f, 0xfe,
    0xf, 0xfe, 0xd5, 0xff, 0xe0, 0xff, 0xe8, 0xdf,
    0xfe, 0x83, 0xff, 0xb9, 0x7f, 0xf8, 0x3f, 0xfb,
    0x57, 0xff, 0x83, 0xff, 0xa0, 0xff, 0xfc, 0x1f,
    0xfd, 0xdb, 0xff, 0xc1, 0xff, 0xda, 0xbf, 0xfc,
    0x1f, 0xfd, 0xf, 0xff, 0x90, 0xff, 0xee, 0xdf,
    0xfe, 0xf, 0xfe, 0xd5, 0xff, 0xe0, 0xff, 0xe7,
    0xbf, 0xff, 0x7, 0xff, 0x7a, 0xff, 0xf0, 0x7f,
    0xf6, 0xaf, 0xff, 0x7, 0xff, 0x3f, 0xff, 0xe4,
    0x3f, 0xfb, 0xd7, 0xff, 0x83, 0xff, 0xb5, 0x7f,
    0xf8, 0x3f, 0xf9, 0xd7, 0xff, 0xc1, 0xff, 0xdf,
    0xbf, 0xfc, 0x1f, 0xfd, 0xab, 0xff, 0xc1, 0xff,
    0xce, 0xff, 0xf8, 0x3f, 0xfc, 0x17, 0xff, 0x83,
    0xff, 0xb5, 0x7f, 0xf8, 0x3f, 0xf9, 0xb7, 0xff,
    0xa0, 0xff, 0xf0, 0x5f, 0xfe, 0xf, 0xfe, 0xd5,
    0xff, 0xe0, 0xff, 0xe6, 0x3f, 0xff, 0x7, 0xff,
    0x86, 0xff, 0xf0, 0x7f, 0xf6, 0xaf, 0xff, 0x7,
    0xff, 0x33, 0xff, 0xe8, 0x3f, 0xfc, 0x37, 0xff,
    0x83, 0xff, 0xb5, 0x7f, 0xf8, 0x3f, 0xf9, 0x6f,
    0xff, 0xc1, 0xff, 0xe2, 0xbf, 0xfc, 0x1f, 0xfd,
    0xab, 0xff, 0xc1, 0xff, 0xcb, 0xff, 0xf9, 0xf,
    0xff, 0x15, 0xff, 0xe0, 0xff, 0xed, 0x5f, 0xfe,
    0xf, 0xfe, 0x55, 0xff, 0xf0, 0x7f, 0xf8, 0xef,
    0xff, 0x7, 0xff, 0x6a, 0xff, 0xf0, 0x7f, 0xf2,
    0xbf, 0xfe, 0x43, 0xff, 0xc7, 0x7f, 0xf8, 0x3f,
    0xfb, 0x57, 0xff, 0x83, 0xff, 0x93, 0x7f, 0xfc,
    0x1f, 0xfe, 0x4b, 0xff, 0xc1, 0xff, 0xda, 0xbf,
    0xfc, 0x1f, 0xfc, 0x87, 0xff, 0xe4, 0x3f, 0xfc,
    0x97, 0xff, 0x83, 0xff, 0xb5, 0x7f, 0xf8, 0x3f,
    0xf9, 0x1f, 0xff, 0x41, 0xff, 0xe5, 0xbf, 0xfc,
    0x1f, 0xfd, 0xab, 0xff, 0xc1, 0xff, 0xc7, 0x7f,
    0xfe, 0xf, 0xff, 0x35, 0xff, 0xe0, 0xff, 0xed,
    0x5f, 0xfe, 0xf, 0xfe, 0x3f, 0xff, 0xd0, 0x7f,
    0xf9, 0xaf, 0xff, 0x7, 0xff, 0x6a, 0xff, 0xf0,
    0x7f, 0xf1, 0xaf, 0xff, 0x83, 0xff, 0xcf, 0x7f,
    0xf8, 0x3f, 0xfb, 0x57, 0xff, 0x83, 0xff, 0x8d,
    0xff, 0xf4, 0x1f, 0xfe, 0x7b, 0xff, 0xc1, 0xff,
    0xda, 0xbf, 0xfc, 0x1f, 0xfc, 0x5f, 0xff, 0xe0,
    0x7, 0xff, 0xa2, 0xff, 0xf0, 0x7f, 0xf6, 0xaf,
    0xff, 0x7, 0xff, 0x11, 0xff, 0xf9, 0xf, 0xff,
    0x45, 0xff, 0xe0, 0xff, 0xed, 0x5f, 0xfe, 0xf,
    0xfe, 0x27, 0xff, 0xf0, 0x3, 0xff, 0xd3, 0x7f,
    0xf8, 0x3f, 0xfb, 0x57, 0xff, 0x83, 0xff, 0x86,
    0xff, 0xfc, 0x87, 0xff, 0xa6, 0xff, 0xf0, 0x7f,
    0xf6, 0xaf, 0xff, 0x7, 0xff, 0xf, 0xff, 0xf8,
    0x1, 0xff, 0xea, 0xbf, 0xfc, 0x1f, 0xfd, 0xab,
    0xff, 0xc1, 0xff, 0xc2, 0xbf, 0xfe, 0xf, 0xff,
    0x5d, 0xff, 0xe0, 0xff, 0xed, 0x5f, 0xfe, 0xf,
    0xfe, 0x17, 0xff, 0xd0, 0x7f, 0xfa, 0xef, 0xff,
    0x7, 0xff, 0x6a, 0xff, 0xf0, 0x7f, 0xf0, 0x7f,
    0xff, 0x80, 0x1f, 0xfe, 0xcb, 0xff, 0xc1, 0xff,
    0xda, 0xbf, 0xfc, 0x1f, 0xfc, 0x7, 0xff, 0xe8,
    0x3f, 0xfd, 0x97, 0xff, 0x83, 0xff, 0xb5, 0x7f,
    0xf8, 0x3f, 0xf8, 0x17, 0xff, 0xc1, 0xff, 0xed,
    0xbf, 0xfc, 0x1f, 0xfd, 0xab, 0xff, 0xc1, 0xff,
    0xc0, 0x7f, 0xfc, 0x87, 0xff, 0xb6, 0xff, 0xf0,
    0x7f, 0xf6, 0xaf, 0xff, 0x7, 0xff, 0x7, 0xff,
    0xc1, 0xff, 0xee, 0xbf, 0xfc, 0x1f, 0xfd, 0xab,
    0xff, 0xc1, 0xff, 0xc1, 0xff, 0xe4, 0x3f, 0xfd,
    0xd7, 0xff, 0x83, 0xff, 0xb4, 0xff, 0xf8, 0x3f,
    0xf8, 0x37, 0xfe, 0xf, 0xff, 0x85, 0xff, 0x83,
    0xff, 0xb9, 0x7f, 0xe0, 0xff, 0xe1, 0x5f, 0xf2,
    0x1f, 0xff, 0x1b, 0xfc, 0x1a, 0xff, 0xfe, 0xa8,
    0x6b, 0xfc, 0x1f, 0xfc, 0x37, 0xe9, 0xf, 0xfe,
    0x1f, 0xff, 0xf5, 0x60, 0xff, 0xe2, 0x7f, 0x6,
    0xbf, 0xff, 0xae, 0x1a, 0xfc, 0x87, 0xff, 0x11,
    0xf, 0xfe, 0x37, 0xff, 0xf5, 0xe0, 0xff, 0xe2,
    0x7c, 0x1a, 0xff, 0xfe, 0xc8, 0x6b, 0xc8, 0x7f,
    0xf5, 0xff, 0xff, 0xb3, 0x7, 0xff, 0x12, 0xd,
    0x7f, 0xff, 0x6c, 0x34, 0x87, 0xff, 0x5f, 0xff,
    0xfb, 0x70, 0x7f, 0xf1, 0xef, 0xff, 0xee, 0x87,
    0xff, 0x15, 0xbc, 0x87, 0xff, 0x17, 0xff, 0xfb,
    0xb0, 0x7f, 0xf1, 0xbf, 0xff, 0xbd, 0x7, 0xff,
    0x6, 0xff, 0x41, 0xff, 0xc4, 0xbf, 0xff, 0xbc,
    0x1f, 0xfc, 0x67, 0xff, 0xfb, 0x90, 0x7f, 0xf0,
    0x7f, 0xf8, 0x3f, 0xf8, 0xb7, 0xff, 0xf7, 0x10,
    0xff, 0xe3, 0xbf, 0xff, 0xda, 0x83, 0xff, 0x82,
    0xff, 0xf0, 0x7f, 0xf0, 0x3c, 0x1a, 0xff, 0xfe,
    0xd2, 0x13, 0xa1, 0xff, 0xc3, 0x7f, 0xff, 0xb1,
    0x7, 0xff, 0xb, 0xff, 0xc1, 0xff, 0x7e, 0xd,
    0x7f, 0xff, 0x61, 0x9, 0xf8, 0x3f, 0xf8, 0x8f,
    0xff, 0xf5, 0xa0, 0xff, 0xe1, 0x3f, 0xfe, 0x43,
    0xfa, 0xfe, 0xd, 0x7f, 0xff, 0x58, 0x33, 0xfc,
    0x1f, 0xfc, 0x46, 0xbf, 0xfa, 0xa1, 0xff, 0xc3,
    0xff, 0xfa, 0xf, 0xd7, 0xfc, 0x1a, 0xbf, 0xfa,
    0xa1, 0x9f, 0xf8, 0x3f, 0xfe, 0x77, 0xff, 0xd0,
    0x7d, 0x7f, 0xf0, 0x7f, 0xf6, 0xdf, 0xfe, 0xf,
    0xff, 0x97, 0xff, 0xf0, 0x3, 0xf7, 0xff, 0xa0,
    0xff, 0xed, 0x7f, 0xfa, 0xf, 0xff, 0x85, 0xff,
    0xf2, 0x1f, 0xbf, 0xfd, 0x7, 0xff, 0x6b, 0xff,
    0xd0, 0x7f, 0xfc, 0x3f, 0xff, 0x80, 0x1f, 0xdf,
    0xfe, 0x83, 0xff, 0xb5, 0xff, 0xe8, 0x3f, 0xfd,
    0xff, 0xff, 0xc0, 0x43, 0xfb, 0xff, 0xd0, 0x7f,
    0xf6, 0xbf, 0xfd, 0x7, 0xff, 0xb9, 0xff, 0xfa,
    0xf, 0xf7, 0xff, 0xa0, 0xff, 0xed, 0x7f, 0xfa,
    0xf, 0xff, 0x77, 0xff, 0xf0, 0x3, 0xfe, 0xff,
    0xf4, 0x1f, 0xfd, 0xaf, 0xff, 0x41, 0xff, 0xed,
    0x7f, 0xfe, 0x83, 0xfe, 0xff, 0xf4, 0x1f, 0xfd,
    0xaf, 0xff, 0x41, 0xff, 0xed, 0xff, 0xfe, 0x0,
    0x7f, 0xf0, 0x3f, 0xfd, 0x7, 0xff, 0x6b, 0xff,
    0xd0, 0x7f, 0xfb, 0x2f, 0xff, 0x90, 0xff, 0xe0,
    0x7f, 0xfa, 0xf, 0xfe, 0xd7, 0xff, 0xa0, 0xff,
    0xf6, 0x7f, 0xff, 0x0, 0x3f, 0xf8, 0x3f, 0xfe,
    0x83, 0xff, 0xb5, 0xff, 0xe8, 0x3f, 0xfd, 0x77,
    0xff, 0xc8, 0x7f, 0xf0, 0x7f, 0xfd, 0x7, 0xff,
    0x6b, 0xff, 0xd0, 0x7f, 0xfa, 0xff, 0xfe, 0x83,
    0xff, 0x85, 0xff, 0xe8, 0x3f, 0xfb, 0x5f, 0xfe,
    0x83, 0xff, 0xd5, 0xff, 0xfc, 0x0, 0xff, 0xe1,
    0xff, 0xfa, 0xf, 0xfe, 0xd7, 0xff, 0xa0, 0xff,
    0xf4, 0xbf, 0xff, 0x41, 0xff, 0xc3, 0xff, 0xf4,
    0x1f, 0xfd, 0xaf, 0xff, 0x41, 0xff, 0xe9, 0xff,
    0xfe, 0x0, 0x7f, 0xf1, 0x3f, 0xfd, 0x7, 0xff,
    0x6b, 0xff, 0xd0, 0x7f, 0xfa, 0x1f, 0xff, 0x90,
    0xff, 0xe2, 0x7f, 0xfa, 0xf, 0xfe, 0xd7, 0xff,
    0xa0, 0xff, 0xf4, 0x7f, 0xff, 0x0, 0x3f, 0xf8,
    0xbf, 0xfe, 0x83, 0xff, 0xb5, 0xff, 0xe8, 0x3f,
    0xfc, 0xf7, 0xff, 0xc1, 0xff, 0xc6, 0xff, 0xf4,
    0x1f, 0xfd, 0xaf, 0xff, 0x41, 0xff, 0xe7, 0xff,
    0xfa, 0xf, 0xfe, 0x37, 0xff, 0xa0, 0xff, 0xed,
    0x7f, 0xfa, 0xf, 0xff, 0x35, 0xff, 0xf0, 0x7f,
    0xf1, 0xff, 0xfd, 0x7, 0xff, 0x6b, 0xff, 0xd0,
    0x7f, 0xf9, 0x5f, 0xff, 0xa0, 0xff, 0xe3, 0xff,
    0xfa, 0xf, 0xfe, 0xd7, 0xff, 0xa0, 0xff, 0xf2,
    0xff, 0xff, 0x0, 0x3f, 0xf9, 0x1f, 0xfe, 0x83,
    0xff, 0xb5, 0xff, 0xe8, 0x3f, 0xfc, 0x8f, 0xff,
    0xc8, 0x7f, 0xf2, 0x3f, 0xfd, 0x7, 0xff, 0x6b,
    0xff, 0xd0, 0x7f, 0xf9, 0x3f, 0xff, 0x80, 0x1f,
    0xfc, 0x9f, 0xff, 0x41, 0xff, 0xda, 0xff, 0xf4,
    0x1f, 0xfe, 0x37, 0xff, 0xe0, 0xff, 0xe5, 0x7f,
    0xfa, 0xf, 0xfe, 0xd7, 0xff, 0xa0, 0xff, 0xf1,
    0xff, 0xfd, 0x7, 0xff, 0x2b, 0xff, 0xd0, 0x7f,
    0xf6, 0xbf, 0xfd, 0x7, 0xff, 0x8a, 0xff, 0xf8,
    0x3f, 0xf9, 0x7f, 0xfe, 0x83, 0xff, 0xb5, 0xff,
    0xe8, 0x3f, 0xfc, 0x5f, 0xff, 0x21, 0xff, 0xcb,
    0xff, 0xf4, 0x1f, 0xfd, 0xaf, 0xff, 0x41, 0xff,
    0xe1, 0xbf, 0xfe, 0xf, 0xfe, 0x67, 0xff, 0xa0,
    0xff, 0xed, 0x7f, 0xfa, 0xf, 0xff, 0x3, 0xff,
    0xf2, 0x1f, 0xfc, 0xcf, 0xff, 0x41, 0xff, 0xda,
    0xff, 0xf4, 0x1f, 0xfe, 0xf, 0xff, 0xa0, 0xff,
    0xe6, 0xff, 0xfa, 0xf, 0xfe, 0xd7, 0xff, 0xa0,
    0xff, 0xef, 0xbf, 0xff, 0x7, 0xff, 0x3b, 0xff,
    0xd0, 0x7f, 0xf6, 0xbf, 0xfd, 0x7, 0xff, 0x7f,
    0xff, 0xe8, 0x3f, 0xf9, 0xdf, 0xfe, 0x83, 0xff,
    0xb5, 0xff, 0xe8, 0x3f, 0xfb, 0xcf, 0xff, 0xc1,
    0xff, 0xcf, 0xff, 0xf4, 0x1f, 0xfd, 0xaf, 0xff,
    0x41, 0xff, 0xde, 0xff, 0xf9, 0xf, 0xfe, 0x7f,
    0xff, 0xa0, 0xff, 0xed, 0x7f, 0xfa, 0xf, 0xfe,
    0xed, 0xff, 0xf0, 0x7f, 0xf4, 0x3f, 0xfd, 0x7,
    0xff, 0x6b, 0xff, 0xd0, 0x7f, 0xf7, 0x7f, 0xfe,
    0x43, 0xff, 0xa1, 0xff, 0xe8, 0x3f, 0xfb, 0x5f,
    0xfe, 0x83, 0xff, 0xb9, 0x7f, 0xfa, 0xf, 0xfe,
    0x8f, 0xff, 0xa0, 0xff, 0xed, 0x7f, 0xfa, 0xf,
    0xfe, 0xdb, 0xff, 0xf0, 0x7f, 0xf4, 0xbf, 0xfd,
    0x7, 0xff, 0x6b, 0xff, 0xd0, 0x7f, 0xf6, 0xff,
    0xfe, 0x83, 0xff, 0xa5, 0xff, 0xe8, 0x3f, 0xfb,
    0x5f, 0xfe, 0x83, 0xff, 0xb4, 0xff, 0xfc, 0x1f,
    0xfd, 0x3f, 0xff, 0x41, 0xff, 0xda, 0xff, 0xf4,
    0x1f, 0xfd, 0xaf, 0xff, 0x90, 0xff, 0xe9, 0xff,
    0xfa, 0xf, 0xfe, 0xd7, 0xff, 0xa0, 0xff, 0xec,
    0xdf, 0xff, 0x7, 0xff, 0x53, 0xff, 0xd0, 0x7f,
    0xf6, 0xbf, 0xfd, 0x7, 0xff, 0x67, 0xff, 0xe0,
    0xff, 0xea, 0xff, 0xfa, 0xf, 0xfe, 0xd7, 0xff,
    0x90, 0xff, 0xec, 0x5f, 0xfe, 0x83, 0xff, 0xad,
    0xff, 0xc8, 0x7f, 0xf6, 0xbf, 0xf9, 0xf, 0xfe,
    0xcf, 0xff, 0xc1, 0xff, 0xd8, 0xff, 0x90, 0xff,
    0xee, 0x7f, 0xc8, 0x7f, 0xf6, 0x6f, 0xff, 0x41,
    0xff, 0xd9, 0xfe, 0x43, 0x57, 0xff, 0x54, 0x3b,
    0xf9, 0xf, 0xfe, 0xcb, 0xff, 0xf0, 0x7f, 0xf6,
    0xef, 0x21, 0xaf, 0xff, 0xeb, 0x21, 0xbe, 0x43,
    0xff, 0xb5, 0xff, 0xf2, 0x1f, 0xfd, 0xc9, 0xd,
    0x7f, 0xff, 0x61, 0xd, 0xa1, 0xff, 0xda, 0x7f,
    0xfe, 0xf, 0xff, 0x15, 0xff, 0xfd, 0xa4, 0x3f,
    0xfb, 0xf7, 0xff, 0x83, 0xff, 0xc5, 0x7f, 0xff,
    0x71, 0xf, 0xfe, 0xf5, 0xff, 0xd0, 0x7f, 0xf8,
    0x5f, 0xff, 0xef, 0x7, 0xff, 0x7a, 0xff, 0xe0,
    0xff, 0xf1, 0xff, 0xff, 0x74, 0x3f, 0xfb, 0xf7,
    0xfe, 0x43, 0xff, 0xc9, 0xff, 0xfd, 0xb0, 0xff,
    0xf0, 0x5f, 0xf8, 0x3f, 0xfc, 0xd7, 0xff, 0xf6,
    0x3, 0xff, 0xc3, 0x7f, 0xc8, 0x7f, 0xf9, 0xef,
    0xff, 0xeb, 0x7, 0xff, 0x8a, 0xff, 0x41, 0xff,
    0xe9, 0xbf, 0xff, 0xa8, 0x1f, 0xfc, 0x20,

    /* U+0026 "&" */
    0xf, 0xfe, 0x17, 0xff, 0xf9, 0x43, 0xff, 0xb9,
    0xff, 0xfe, 0x70, 0xff, 0xed, 0x7f, 0xff, 0xa4,
    0x3f, 0xfb, 0x1f, 0xff, 0xeb, 0xf, 0xfe, 0xb7,
    0xff, 0xfb, 0x43, 0xff, 0xa9, 0xff, 0xfe, 0xf0,
    0xff, 0xea, 0x7f, 0xff, 0xb6, 0xf, 0xfe, 0xaf,
    0xff, 0xfa, 0xe0, 0xff, 0xe8, 0x38, 0x77, 0xff,
    0xfa, 0x50, 0xff, 0xe8, 0x3f, 0x6, 0x7f, 0xff,
    0xce, 0x87, 0xff, 0x41, 0xfe, 0xc, 0xd7, 0xff,
    0x95, 0xf, 0xfe, 0x83, 0xff, 0x7, 0xff, 0xfc,
    0x3c, 0xff, 0xf0, 0x7f, 0xff, 0xc3, 0x3f, 0xfe,
    0xf, 0xff, 0xf8, 0x6b, 0xff, 0xc1, 0xff, 0xff,
    0xd, 0x7f, 0xf8, 0x3f, 0xff, 0xe1, 0xaf, 0xff,
    0x7, 0xff, 0xfc, 0x35, 0xff, 0xe0, 0xff, 0xff,
    0x86, 0xbf, 0xfc, 0x1f, 0xff, 0xf0, 0xd7, 0xff,
    0x83, 0xff, 0xfe, 0x1a, 0xff, 0xf0, 0x7f, 0xff,
    0xc3, 0x5f, 0xfe, 0xf, 0xff, 0xf8, 0x6b, 0xff,
    0xc1, 0xff, 0xff, 0xd, 0x7f, 0xf8, 0x3f, 0xff,
    0xe1, 0xaf, 0xff, 0x7, 0xff, 0xfc, 0x35, 0xff,
    0xe0, 0xff, 0xff, 0x86, 0xbf, 0xfc, 0x1f, 0xff,
    0xf0, 0xd7, 0xff, 0x83, 0xff, 0xfe, 0x1a, 0xff,
    0xf0, 0x7f, 0xff, 0xc3, 0x5f, 0xfe, 0xf, 0xff,
    0xf8, 0x6b, 0xff, 0xc1, 0xff, 0xff, 0xd, 0x7f,
    0xf8, 0x3f, 0xff, 0xe1, 0xaf, 0xff, 0x7, 0xff,
    0xfc, 0x35, 0xff, 0xe0, 0xff, 0xff, 0x86, 0xbf,
    0xfc, 0x1f, 0xff, 0xf0, 0xd7, 0xff, 0x83, 0xff,
    0xfe, 0x1a, 0xff, 0xf0, 0x7f, 0xff, 0xc3, 0x5f,
    0xfe, 0xf, 0xff, 0xf8, 0x6b, 0xff, 0xc1, 0xff,
    0xff, 0xd, 0x7f, 0xf8, 0x3f, 0xff, 0xe1, 0xaf,
    0xff, 0x7, 0xff, 0xfc, 0x35, 0xff, 0xe0, 0xff,
    0xff, 0x86, 0xbf, 0xfc, 0x1f, 0xff, 0xf0, 0xd7,
    0xff, 0x83, 0xff, 0xe0, 0x87, 0xff, 0x1a, 0xff,
    0xf0, 0x7f, 0xfb, 0xee, 0xf, 0xfe, 0x2d, 0xff,
    0xe0, 0xff, 0xf7, 0x5f, 0x41, 0xff, 0xc4, 0xbf,
    0xfc, 0x1f, 0xfe, 0xdb, 0xfa, 0xf, 0xfe, 0x1d,
    0xff, 0xe0, 0xff, 0xf6, 0x5f, 0xf4, 0x1f, 0xfc,
    0x2b, 0xff, 0xc1, 0xff, 0xeb, 0xbf, 0xfa, 0xf,
    0xfe, 0xd, 0xff, 0xe0, 0xff, 0xf5, 0xff, 0xfc,
    0x1f, 0xfc, 0x1b, 0xff, 0xc1, 0xff, 0xeb, 0xff,
    0xf8, 0x3f, 0xf8, 0x37, 0xff, 0x83, 0xff, 0xd7,
    0xff, 0xf0, 0x7f, 0xf0, 0x6f, 0xff, 0x7, 0xff,
    0xaf, 0xff, 0xe0, 0xff, 0xe0, 0xdf, 0xfe, 0xf,
    0xff, 0x5f, 0xff, 0xc1, 0xff, 0xc1, 0xbf, 0xfc,
    0x1f, 0xfe, 0xbf, 0xff, 0x83, 0xff, 0x83, 0x7f,
    0xf8, 0x3f, 0xfd, 0x7f, 0xff, 0x7, 0xff, 0x6,
    0xff, 0xf0, 0x7f, 0xfa, 0xff, 0xfd, 0x7, 0xff,
    0x6, 0xff, 0xe0, 0xff, 0xf6, 0xff, 0xf0, 0x7f,
    0xf0, 0xaf, 0xfc, 0x1a, 0xff, 0xff, 0x2c, 0x1b,
    0xfe, 0xb, 0xfc, 0x87, 0x5f, 0xf0, 0x6b, 0xff,
    0xfc, 0xf0, 0x6f, 0xe0, 0xbf, 0xf2, 0x1a, 0xff,
    0x6, 0xbf, 0xff, 0xd3, 0x6, 0xf8, 0x2f, 0xff,
    0x21, 0x5f, 0xc1, 0xaf, 0xff, 0xf5, 0xc1, 0xa0,
    0xbf, 0xff, 0x80, 0x87, 0xfd, 0x7f, 0xff, 0xb6,
    0xf, 0x7f, 0xff, 0x9, 0xf, 0xf7, 0xff, 0xfb,
    0xd0, 0xcf, 0xff, 0xf0, 0xc6, 0xb2, 0x13, 0xff,
    0xfe, 0xd4, 0x3c, 0xff, 0xff, 0x4, 0x17, 0xf4,
    0x13, 0xff, 0xfe, 0xb4, 0x27, 0x40, 0xff, 0xfc,
    0x15, 0xfe, 0x82, 0x7f, 0xff, 0xd2, 0x84, 0xfc,
    0x81, 0xff, 0xe0, 0xd7, 0xfd, 0x4, 0xff, 0xff,
    0x9d, 0x9, 0xfe, 0x40, 0xff, 0xc1, 0xd7, 0xfe,
    0x82, 0x6b, 0xff, 0xca, 0x84, 0xff, 0xc8, 0x1a,
    0xe0, 0xf5, 0xff, 0xd0, 0x7f, 0xfa, 0xdf, 0xfe,
    0xf, 0xfe, 0x15, 0xff, 0xe0, 0xff, 0xf5, 0xff,
    0xfa, 0xf, 0xfe, 0xd, 0xff, 0xe0, 0xff, 0xf5,
    0xff, 0xfc, 0x1f, 0xfc, 0x1b, 0xff, 0xc1, 0xff,
    0xeb, 0xff, 0xf8, 0x3f, 0xf8, 0x37, 0xff, 0x83,
    0xff, 0xd7, 0xff, 0xf0, 0x7f, 0xf0, 0x6f, 0xff,
    0x7, 0xff, 0xaf, 0xff, 0xe0, 0xff, 0xe0, 0xdf,
    0xfe, 0xf, 0xff, 0x5f, 0xff, 0xc1, 0xff, 0xc1,
    0xbf, 0xfc, 0x1f, 0xfe, 0xbf, 0xff, 0x83, 0xff,
    0x83, 0x7f, 0xf8, 0x3f, 0xfd, 0x7f, 0xff, 0x7,
    0xff, 0x6, 0xff, 0xf0, 0x7f, 0xfa, 0xff, 0xfe,
    0xf, 0xfe, 0xd, 0xff, 0xe0, 0xff, 0xf5, 0xff,
    0xfc, 0x1f, 0xfc, 0x1b, 0xff, 0xc1, 0xff, 0xeb,
    0xff, 0xf8, 0x3f, 0xf8, 0x37, 0xff, 0x83, 0xff,
    0xd7, 0xff, 0xf0, 0x7f, 0xf0, 0x6f, 0xff, 0x7,
    0xff, 0xaf, 0xff, 0xe0, 0xff, 0xe0, 0xdf, 0xfe,
    0xf, 0xff, 0x5f, 0xff, 0xc1, 0xff, 0xc1, 0xbf,
    0xfc, 0x1f, 0xfe, 0xbf, 0xff, 0x83, 0xff, 0x83,
    0x7f, 0xf8, 0x3f, 0xfd, 0x7f, 0xff, 0x7, 0xff,
    0x6, 0xff, 0xf0, 0x7f, 0xfa, 0xff, 0xfe, 0xf,
    0xfe, 0xd, 0xff, 0xe0, 0xff, 0xf5, 0xff, 0xfc,
    0x1f, 0xfc, 0x1b, 0xff, 0xc1, 0xff, 0xeb, 0xff,
    0xf8, 0x3f, 0xf8, 0x37, 0xff, 0x83, 0xff, 0xd7,
    0xff, 0xf0, 0x7f, 0xf0, 0x6f, 0xff, 0x7, 0xff,
    0xaf, 0xff, 0xe0, 0xff, 0xe0, 0xdf, 0xfe, 0xf,
    0xff, 0x5f, 0xff, 0xc1, 0xff, 0xc1, 0xbf, 0xfc,
    0x1f, 0xfe, 0xbf, 0xff, 0x83, 0xff, 0x83, 0x7f,
    0xf8, 0x3f, 0xfd, 0x7f, 0xff, 0x7, 0xff, 0x6,
    0xff, 0xf0, 0x7f, 0xfa, 0xff, 0xfe, 0xf, 0xfe,
    0xd, 0xff, 0xe0, 0xff, 0xf5, 0xff, 0xfc, 0x1f,
    0xfc, 0x1b, 0xff, 0xc1, 0xff, 0xeb, 0xff, 0xf8,
    0x3f, 0xf8, 0x37, 0xff, 0x83, 0xff, 0xd7, 0xff,
    0xf0, 0x7f, 0xf0, 0x6f, 0xff, 0x7, 0xff, 0xaf,
    0xff, 0xe0, 0xff, 0xe0, 0xdf, 0xfe, 0xf, 0xff,
    0x5f, 0xff, 0xc1, 0xff, 0xc1, 0xbf, 0xfc, 0x1f,
    0xfe, 0xbf, 0xff, 0x83, 0xff, 0x83, 0x7f, 0xf8,
    0x3f, 0xfd, 0x7f, 0xff, 0x7, 0xff, 0x6, 0xff,
    0xf0, 0x7f, 0xfa, 0xff, 0xfe, 0xf, 0xfe, 0xd,
    0xff, 0xe0, 0xff, 0xf5, 0xff, 0xfc, 0x1f, 0xfc,
    0x1b, 0xff, 0xc1, 0xff, 0xeb, 0xff, 0xf8, 0x3f,
    0xf8, 0x37, 0xff, 0x83, 0xff, 0xd7, 0xff, 0xf0,
    0x7f, 0xf0, 0x6f, 0xff, 0x7, 0xff, 0xaf, 0xff,
    0xe0, 0xff, 0xe0, 0xdf, 0xfe, 0xf, 0xff, 0x5f,
    0xff, 0xc1, 0xff, 0xc1, 0xbf, 0xfc, 0x1f, 0xfe,
    0xbf, 0xff, 0x83, 0xff, 0x83, 0x7f, 0xf8, 0x3f,
    0xfd, 0x7f, 0xff, 0x7, 0xff, 0x6, 0xff, 0xf0,
    0x7f, 0xfa, 0xff, 0xfe, 0xf, 0xfe, 0xd, 0xff,
    0xe0, 0xff, 0xf5, 0xff, 0xfc, 0x1f, 0xfc, 0x1b,
    0xff, 0xc1, 0xff, 0xeb, 0xff, 0xf8, 0x3f, 0xf8,
    0x2f, 0xff, 0x83, 0xff, 0xd7, 0xff, 0xe4, 0x3f,
    0xf8, 0x4f, 0xff, 0x7, 0xff, 0xaf, 0xff, 0x90,
    0xff, 0xe2, 0x3f, 0xf0, 0x7f, 0xfb, 0x7f, 0xe4,
    0x3f, 0xf8, 0xcf, 0xf0, 0x66, 0xbf, 0xfc, 0xa8,
    0x6f, 0xe4, 0x3f, 0xf9, 0xf, 0xc1, 0x9f, 0xff,
    0xf3, 0xa1, 0xaf, 0x21, 0xff, 0xca, 0x60, 0xef,
    0xff, 0xf4, 0xa1, 0xa4, 0x3f, 0xfa, 0x3f, 0xff,
    0xeb, 0x83, 0xff, 0xab, 0xff, 0xfe, 0xd8, 0x3f,
    0xfa, 0x7f, 0xff, 0xef, 0xf, 0xfe, 0x9b, 0xff,
    0xfe, 0xd0, 0xff, 0xea, 0xbf, 0xff, 0xeb, 0xf,
    0xfe, 0xbb, 0xff, 0xfe, 0x90, 0xff, 0xec, 0xbf,
    0xff, 0xe7, 0xf, 0xfe, 0xdb, 0xff, 0xfe, 0x50,
    0xff, 0xe7, 0x80,

    /* U+0027 "'" */
    0xf, 0xfe, 0x2f, 0x83, 0xfb, 0xf0, 0x7d, 0xfe,
    0xe, 0xff, 0xc1, 0x7f, 0xf8, 0x7f, 0xfc, 0x3f,
    0xfe, 0x1f, 0xff, 0xf, 0xff, 0x87, 0xff, 0xc3,
    0xff, 0xe1, 0xff, 0xf0, 0xff, 0xf8, 0x7f, 0xfc,
    0x3f, 0xfe, 0x1f, 0xff, 0xf, 0xff, 0x87, 0xff,
    0xc3, 0xff, 0xe1, 0xff, 0xf0, 0xff, 0xf8, 0x7f,
    0xfc, 0xf, 0xfe, 0x82, 0xff, 0xc1, 0xdf, 0xe0,
    0xfb, 0xf0, 0x7f, 0x79, 0xf, 0xe5, 0x7, 0x0,

    /* U+0028 "(" */
    0xf, 0xfe, 0xb5, 0xff, 0x7, 0xff, 0x5b, 0xff,
    0x7, 0xff, 0x57, 0xff, 0x83, 0xff, 0xa9, 0x7f,
    0xf0, 0x7f, 0xf5, 0x3f, 0xfc, 0x1f, 0xfd, 0x3f,
    0xff, 0x83, 0xff, 0xa5, 0x7f, 0xfa, 0xf, 0xfe,
    0x97, 0xff, 0xc1, 0xff, 0xd2, 0xff, 0xfa, 0xf,
    0xfe, 0x8b, 0xff, 0xf0, 0x7f, 0xf4, 0xbf, 0xfe,
    0x43, 0xff, 0xa3, 0xff, 0xf4, 0x1f, 0xfd, 0x17,
    0xff, 0xe0, 0xff, 0xe9, 0x7f, 0xfc, 0x87, 0xff,
    0x46, 0xff, 0xf8, 0x3f, 0xfa, 0x2f, 0xff, 0xc1,
    0xff, 0xd2, 0xff, 0xfa, 0xf, 0xfe, 0x8d, 0xff,
    0xf0, 0x7f, 0xf4, 0x5f, 0xff, 0x90, 0xff, 0xe8,
    0xff, 0xfd, 0x7, 0xff, 0x46, 0xff, 0xf8, 0x3f,
    0xfa, 0x2f, 0xff, 0xc8, 0x7f, 0xf4, 0x7f, 0xff,
    0x80, 0x1f, 0xfd, 0x1b, 0xff, 0xe0, 0xff, 0xe8,
    0xbf, 0xff, 0x41, 0xff, 0xd1, 0xff, 0xfe, 0x0,
    0x7f, 0xf4, 0x6f, 0xff, 0x90, 0xff, 0xe8, 0x3f,
    0xff, 0x41, 0xff, 0xd1, 0xff, 0xfe, 0x0, 0x7f,
    0xf4, 0x6f, 0xff, 0x90, 0xff, 0xe8, 0xff, 0xff,
    0x0, 0x3f, 0xfa, 0x3f, 0xff, 0xc0, 0xf, 0xfe,
    0x8d, 0xff, 0xf4, 0x1f, 0xfd, 0x1f, 0xff, 0xe0,
    0x7, 0xff, 0x47, 0xff, 0xf8, 0x8, 0x7f, 0xf4,
    0x2f, 0xff, 0xa0, 0xff, 0xe8, 0xff, 0xff, 0x0,
    0x3f, 0xfa, 0x3f, 0xff, 0xc0, 0x43, 0xff, 0xa0,
    0xff, 0xff, 0x0, 0x3f, 0xfa, 0x3f, 0xff, 0xc0,
    0xf, 0xfe, 0x8f, 0xff, 0xf0, 0x20, 0xff, 0xe8,
    0x3f, 0xff, 0xc0, 0xf, 0xfe, 0x8f, 0xff, 0xf0,
    0x10, 0xff, 0xe8, 0x7f, 0xff, 0x2, 0xf, 0xfe,
    0x83, 0xff, 0xfc, 0x0, 0xff, 0xe8, 0xff, 0xff,
    0x1, 0xf, 0xfe, 0x85, 0xff, 0xfc, 0x0, 0xff,
    0xe8, 0x3f, 0xff, 0xc0, 0xf, 0xfe, 0x8f, 0xff,
    0xf0, 0x20, 0xff, 0xe8, 0x5f, 0xff, 0xc0, 0xf,
    0xfe, 0x83, 0xff, 0xfc, 0x4, 0x3f, 0xfa, 0x1f,
    0xff, 0xc0, 0x83, 0xff, 0xa0, 0xff, 0xff, 0x0,
    0x3f, 0xfa, 0x2f, 0xff, 0xc8, 0x7f, 0xf4, 0x5f,
    0xff, 0x83, 0xff, 0xa4, 0xff, 0xf8, 0x3f, 0xfa,
    0x6f, 0xff, 0x41, 0xff, 0xd3, 0x7f, 0xf8, 0x3f,
    0xfa, 0x8f, 0xfe, 0x43, 0xff, 0xa8, 0xd7, 0xe0,
    0xff, 0xff, 0x87, 0xff, 0x79, 0xff, 0xc1, 0xff,
    0xd5, 0x7f, 0xf2, 0x1f, 0xfd, 0x47, 0xff, 0x83,
    0xff, 0xa8, 0xff, 0xf4, 0x1f, 0xfd, 0x37, 0xff,
    0xc1, 0xff, 0xd3, 0x7f, 0xfd, 0x7, 0xff, 0x49,
    0xff, 0xf8, 0x3f, 0xfa, 0x4f, 0xff, 0xd0, 0x7f,
    0xf4, 0xbf, 0xff, 0x80, 0x87, 0xff, 0x45, 0xff,
    0xfe, 0x0, 0x7f, 0xf4, 0xaf, 0xff, 0x90, 0xff,
    0xe9, 0x7f, 0xff, 0x0, 0x3f, 0xfa, 0x57, 0xff,
    0xd0, 0x7f, 0xf4, 0xbf, 0xff, 0x80, 0x1f, 0xfd,
    0x27, 0xff, 0xe8, 0x3f, 0xfa, 0x5f, 0xff, 0xc0,
    0xf, 0xfe, 0x93, 0xff, 0xfc, 0x0, 0xff, 0xe9,
    0x5f, 0xff, 0x21, 0xff, 0xd2, 0xff, 0xfe, 0x0,
    0x7f, 0xf4, 0xaf, 0xff, 0x90, 0xff, 0xe9, 0x7f,
    0xff, 0x0, 0x3f, 0xfa, 0x4f, 0xff, 0xd0, 0x7f,
    0xf4, 0xbf, 0xff, 0x80, 0x1f, 0xfd, 0x3f, 0xff,
    0xa0, 0xff, 0xe9, 0x5f, 0xff, 0x7, 0xff, 0x4f,
    0xff, 0xf8, 0x1, 0xff, 0xd2, 0x7f, 0xfe, 0x43,
    0xff, 0xa5, 0xff, 0xfc, 0x0, 0xff, 0xe9, 0x3f,
    0xff, 0x21, 0xff, 0xd2, 0xbf, 0xfe, 0xf, 0xfe,
    0x9f, 0xff, 0xd0, 0x7f, 0xf4, 0xaf, 0xff, 0x83,
    0xff, 0xa7, 0xff, 0xf4, 0x1f, 0xfd, 0x27, 0xff,
    0xe4, 0x3f, 0xfa, 0x5f, 0xff, 0xc0, 0xf, 0xfe,
    0x93, 0xff, 0xf2, 0x1f, 0xfd, 0x2b, 0xff, 0xe0,
    0xff, 0xe9, 0xff, 0xfc, 0x87, 0xff, 0x4a, 0xff,
    0xf8, 0x3f, 0xfa, 0x7f, 0xff, 0x41, 0xff, 0xd2,
    0x7f, 0xfe, 0xf, 0xfe, 0x9f, 0xff, 0xd0, 0x7f,
    0xf4, 0xff, 0xfe, 0x43, 0xff, 0xa5, 0x7f, 0xfc,
    0x1f, 0xfd, 0x3f, 0xff, 0x90, 0xff, 0xe9, 0x3f,
    0xff, 0x7, 0xff, 0x4f, 0xff, 0xe8, 0x3f, 0xfa,
    0x4f, 0xff, 0xc1, 0xff, 0xd3, 0xbf, 0xfd, 0x7,
    0xff, 0x4f, 0xff, 0xe0, 0xff, 0xe9, 0xdf, 0xff,
    0x7, 0xff, 0x4f, 0xff, 0xe4, 0x3f, 0xfa, 0x4f,
    0xff, 0xc1, 0xff, 0xd3, 0xff, 0xf9, 0xf, 0xfe,
    0x93, 0xff, 0xf0, 0x7f, 0xf4, 0xef, 0xff, 0x41,
    0xff, 0xd3, 0xff, 0xf8, 0x3f, 0xfa, 0x77, 0xff,
    0xa0, 0xff, 0xe9, 0xff, 0xfc, 0x1f, 0xfd, 0x37,
    0xff, 0xc1, 0xff, 0xd4, 0xff, 0xf0, 0x7f, 0xf5,
    0x7f, 0xf8, 0x3f, 0xfa, 0xb7, 0xfe, 0xf, 0xfe,
    0xb7, 0xfe, 0xf, 0xfe, 0xb3, 0xff, 0x0,

    /* U+0029 ")" */
    0xbf, 0xd0, 0x7f, 0xf5, 0xaf, 0xf9, 0xf, 0xfe,
    0xad, 0xff, 0x83, 0xff, 0xab, 0x7f, 0xe8, 0x3f,
    0xfa, 0x97, 0xff, 0x21, 0xff, 0xd3, 0xbf, 0xfc,
    0x1f, 0xfd, 0x3b, 0xff, 0xd0, 0x7f, 0xf4, 0xff,
    0xfe, 0x43, 0xff, 0xa4, 0xff, 0xfc, 0x1f, 0xfd,
    0x3f, 0xff, 0xa0, 0xff, 0xe9, 0xff, 0xfc, 0x87,
    0xff, 0x4a, 0xff, 0xf8, 0x3f, 0xfa, 0x7f, 0xff,
    0x41, 0xff, 0xd2, 0x7f, 0xfe, 0x43, 0xff, 0xa5,
    0x7f, 0xfc, 0x1f, 0xfd, 0x3f, 0xff, 0xa0, 0xff,
    0xe9, 0x3f, 0xff, 0x7, 0xff, 0x4f, 0xff, 0xf8,
    0x1, 0xff, 0xd3, 0xff, 0xfa, 0xf, 0xfe, 0x95,
    0xff, 0xf0, 0x7f, 0xf4, 0xff, 0xff, 0x80, 0x1f,
    0xfd, 0x27, 0xff, 0xe4, 0x3f, 0xfa, 0x57, 0xff,
    0xc1, 0xff, 0xd3, 0xff, 0xfe, 0x0, 0x7f, 0xf4,
    0x9f, 0xff, 0x90, 0xff, 0xe9, 0x7f, 0xff, 0x0,
    0x3f, 0xfa, 0x7f, 0xff, 0xc0, 0xf, 0xfe, 0x95,
    0xff, 0xf2, 0x1f, 0xfd, 0x2f, 0xff, 0xe0, 0x7,
    0xff, 0x49, 0xff, 0xfa, 0xf, 0xfe, 0x95, 0xff,
    0xf2, 0x1f, 0xfd, 0x2f, 0xff, 0xe0, 0x7, 0xff,
    0x49, 0xff, 0xfa, 0xf, 0xfe, 0x97, 0xff, 0xf0,
    0x10, 0xff, 0xe9, 0x7f, 0xff, 0x0, 0x3f, 0xfa,
    0x57, 0xff, 0xd0, 0x7f, 0xf4, 0xbf, 0xff, 0x80,
    0x87, 0xff, 0x45, 0xff, 0xfe, 0x0, 0x7f, 0xf4,
    0xaf, 0xff, 0xa0, 0xff, 0xe9, 0x7f, 0xff, 0x1,
    0xf, 0xfe, 0x8b, 0xff, 0xfc, 0x0, 0xff, 0xe9,
    0x7f, 0xff, 0x2, 0xf, 0xfe, 0x97, 0xff, 0xf0,
    0x10, 0xff, 0xe8, 0xdf, 0xff, 0xc0, 0xf, 0xfe,
    0x97, 0xff, 0xf0, 0x20, 0xff, 0xe8, 0xbf, 0xff,
    0xc0, 0xf, 0xfe, 0x95, 0xff, 0xfc, 0x0, 0xff,
    0xe9, 0x7f, 0xff, 0x2, 0xf, 0xfe, 0x8b, 0xff,
    0xfc, 0x0, 0xff, 0xe9, 0x7f, 0xff, 0x4, 0x3f,
    0xfa, 0x5f, 0xff, 0xc0, 0x83, 0xff, 0xa3, 0x7f,
    0xff, 0x0, 0x3f, 0xfa, 0x5f, 0xff, 0xc0, 0x83,
    0xff, 0xa2, 0xff, 0xfd, 0x7, 0xff, 0x4a, 0xff,
    0xf4, 0x1f, 0xfd, 0x3f, 0xff, 0x41, 0xff, 0xd3,
    0x7f, 0xfa, 0xf, 0xfe, 0xa7, 0xff, 0x41, 0xff,
    0xd5, 0xff, 0xd0, 0x7f, 0xf5, 0x5a, 0xf9, 0xf,
    0xff, 0xf8, 0x7f, 0xf7, 0xaf, 0xfa, 0xf, 0xfe,
    0xaf, 0xfe, 0x83, 0xff, 0xa9, 0xff, 0xd0, 0x7f,
    0xf4, 0xdf, 0xfe, 0x83, 0xff, 0xa7, 0xff, 0xe8,
    0x3f, 0xfa, 0x4f, 0xff, 0xa0, 0xff, 0xe9, 0x7f,
    0xfd, 0x7, 0xff, 0x46, 0xff, 0xfa, 0xf, 0xfe,
    0x8f, 0xff, 0xf0, 0x3, 0xff, 0xa3, 0x7f, 0xfc,
    0x87, 0xff, 0x41, 0xff, 0xfe, 0x0, 0x7f, 0xf4,
    0x7f, 0xff, 0x80, 0x87, 0xff, 0x41, 0xff, 0xfa,
    0xf, 0xfe, 0x8f, 0xff, 0xf0, 0x3, 0xff, 0xa2,
    0xff, 0xfd, 0x7, 0xff, 0x47, 0xff, 0xf8, 0x1,
    0xff, 0xd1, 0xbf, 0xfe, 0x43, 0xff, 0xa3, 0xff,
    0xfc, 0x0, 0xff, 0xe8, 0xdf, 0xff, 0x21, 0xff,
    0xd0, 0x7f, 0xfe, 0x83, 0xff, 0xa3, 0xff, 0xfc,
    0x0, 0xff, 0xe8, 0xbf, 0xff, 0x41, 0xff, 0xd1,
    0xff, 0xfe, 0x0, 0x7f, 0xf4, 0x6f, 0xff, 0x90,
    0xff, 0xe8, 0xff, 0xff, 0x0, 0x3f, 0xfa, 0x37,
    0xff, 0xc1, 0xff, 0xd2, 0xff, 0xfa, 0xf, 0xfe,
    0x8d, 0xff, 0xf0, 0x7f, 0xf4, 0x5f, 0xff, 0x90,
    0xff, 0xe8, 0xff, 0xff, 0x0, 0x3f, 0xfa, 0x2f,
    0xff, 0xc8, 0x7f, 0xf4, 0x7f, 0xfe, 0x83, 0xff,
    0xa3, 0x7f, 0xfc, 0x1f, 0xfd, 0x2f, 0xff, 0xa0,
    0xff, 0xe8, 0xdf, 0xff, 0x7, 0xff, 0x4b, 0xff,
    0xe4, 0x3f, 0xfa, 0x3f, 0xff, 0xc0, 0xf, 0xfe,
    0x8b, 0xff, 0xf2, 0x1f, 0xfd, 0x1f, 0xff, 0xa0,
    0xff, 0xe8, 0xbf, 0xff, 0x7, 0xff, 0x4b, 0xff,
    0xe8, 0x3f, 0xfa, 0x37, 0xff, 0xc1, 0xff, 0xd2,
    0xff, 0xf9, 0xf, 0xfe, 0x8d, 0xff, 0xf0, 0x7f,
    0xf4, 0x5f, 0xff, 0x83, 0xff, 0xa5, 0xff, 0xf4,
    0x1f, 0xfd, 0x17, 0xff, 0xe0, 0xff, 0xe9, 0x7f,
    0xfc, 0x87, 0xff, 0x45, 0xff, 0xf8, 0x3f, 0xfa,
    0x5f, 0xff, 0x21, 0xff, 0xd1, 0xbf, 0xfd, 0x7,
    0xff, 0x4b, 0xff, 0xe0, 0xff, 0xe9, 0x5f, 0xfe,
    0x83, 0xff, 0xa2, 0xff, 0xfc, 0x1f, 0xfd, 0x2f,
    0xff, 0x90, 0xff, 0xe8, 0xbf, 0xff, 0x7, 0xff,
    0x4b, 0xff, 0xe4, 0x3f, 0xfa, 0x37, 0xff, 0xa0,
    0xff, 0xe9, 0x5f, 0xfe, 0xf, 0xfe, 0x9d, 0xff,
    0xd0, 0x7f, 0xf4, 0xef, 0xfe, 0xf, 0xfe, 0xa5,
    0xff, 0x90, 0xff, 0xea, 0x5f, 0xf8, 0x3f, 0xfa,
    0xb7, 0xfc, 0x1f, 0xfd, 0x6b, 0xfd, 0x7, 0xff,
    0x54,

    /* U+002A "*" */
    0xf, 0xff, 0xf8, 0x7f, 0xf6, 0xdd, 0xf, 0xff,
    0xeb, 0xf2, 0x1f, 0xff, 0xb7, 0xf9, 0xf, 0xff,
    0xcb, 0xff, 0x21, 0xff, 0xf7, 0x7f, 0xf9, 0xf,
    0xff, 0xb7, 0xff, 0xc1, 0xff, 0xf6, 0xff, 0xf8,
    0x3f, 0xfe, 0xdf, 0xff, 0x7, 0xff, 0xdb, 0xff,
    0xe0, 0xff, 0xfb, 0x7f, 0xfc, 0x1f, 0xfe, 0x15,
    0xf8, 0x3f, 0xf8, 0x5f, 0xff, 0x7, 0xff, 0x9,
    0x7e, 0xf, 0xfe, 0x5b, 0xff, 0x83, 0xff, 0x83,
    0xff, 0xf0, 0x7f, 0xf0, 0x7f, 0xf4, 0x1f, 0xfc,
    0xa7, 0xff, 0x83, 0xff, 0x81, 0xff, 0xf0, 0x7f,
    0xf0, 0x3f, 0xfa, 0xf, 0xfe, 0x53, 0xff, 0xe0,
    0xff, 0xbf, 0xfe, 0xf, 0xfb, 0xff, 0xd0, 0x7f,
    0xf2, 0x9f, 0xff, 0x83, 0xfd, 0xff, 0xf0, 0x7f,
    0xbf, 0xfe, 0x83, 0xff, 0x94, 0xff, 0xff, 0x0,
    0x3f, 0xbf, 0xfe, 0xf, 0xef, 0xff, 0xe0, 0x41,
    0xff, 0xca, 0x7f, 0xff, 0x82, 0x1f, 0xbf, 0xfe,
    0xf, 0xdf, 0xff, 0xc1, 0x83, 0xff, 0x94, 0xff,
    0xff, 0x8, 0x3e, 0xff, 0xf8, 0x3e, 0xff, 0xfe,
    0x14, 0x1f, 0xfc, 0xbf, 0xff, 0xe1, 0x87, 0xbf,
    0xfe, 0xf, 0x7f, 0xff, 0xc, 0x3f, 0xf9, 0xbf,
    0xff, 0xc3, 0xe, 0xff, 0xf8, 0x3b, 0xff, 0xf8,
    0x61, 0xff, 0xcf, 0xff, 0xfe, 0x18, 0x6f, 0xff,
    0x83, 0x7f, 0xff, 0xc, 0x3f, 0xfa, 0x3f, 0xff,
    0xc3, 0xb, 0xff, 0xe0, 0xbf, 0xff, 0x86, 0x1f,
    0xfd, 0x3f, 0xff, 0xe1, 0xa7, 0xff, 0xc0, 0xff,
    0xfe, 0x18, 0x7f, 0xf5, 0x7f, 0xff, 0x86, 0xff,
    0xfc, 0x7f, 0xff, 0xc, 0x3f, 0xfa, 0xff, 0xff,
    0xdd, 0xf, 0xfe, 0xcf, 0xff, 0xf6, 0xc3, 0xff,
    0xb7, 0xff, 0xfd, 0x90, 0xff, 0xee, 0xff, 0xff,
    0x5c, 0x3f, 0xfb, 0xff, 0xff, 0xd5, 0xf, 0xff,
    0xf, 0xff, 0xf4, 0xc3, 0xff, 0xc7, 0xff, 0xfd,
    0x10, 0xff, 0xf2, 0xff, 0xff, 0x3c, 0x3f, 0xfa,
    0x57, 0xff, 0xfd, 0x60, 0xfe, 0xbf, 0xff, 0xef,
    0x7, 0xd7, 0xff, 0xfe, 0x60, 0xeb, 0xff, 0xff,
    0x70, 0x57, 0xff, 0xff, 0x60, 0x7f, 0xff, 0xfd,
    0x1f, 0xff, 0xfe, 0xa1, 0x3f, 0xff, 0xfb, 0x43,
    0x9f, 0xff, 0xfc, 0xa1, 0xf3, 0xff, 0xff, 0x74,
    0x3f, 0x9a, 0xff, 0xe3, 0xff, 0xff, 0x3e, 0xbf,
    0xf8, 0xe8, 0x7f, 0xf4, 0x5f, 0xff, 0xe7, 0xa1,
    0xff, 0xe3, 0x7f, 0xff, 0xa2, 0x87, 0xff, 0x85,
    0xff, 0xfe, 0x9a, 0x1f, 0xfd, 0xf7, 0xff, 0xfa,
    0xa8, 0x7f, 0xf7, 0x5f, 0xff, 0xeb, 0xa1, 0xff,
    0xdb, 0x7f, 0xff, 0xb2, 0x87, 0xff, 0x65, 0xff,
    0xfe, 0xda, 0x1f, 0xfd, 0x77, 0xff, 0xf9, 0xd7,
    0xff, 0xf0, 0x90, 0xff, 0xea, 0xbf, 0xff, 0xc3,
    0x3f, 0xfe, 0x2f, 0xff, 0xe1, 0x21, 0xff, 0xd3,
    0x7f, 0xff, 0x86, 0xf, 0xff, 0x81, 0x7f, 0xff,
    0x9, 0xf, 0xfe, 0x8b, 0xff, 0xfc, 0x30, 0xbf,
    0xfe, 0xa, 0xff, 0xfe, 0x12, 0x1f, 0xfc, 0xf7,
    0xff, 0xf8, 0x61, 0xbf, 0xfe, 0xd, 0x7f, 0xff,
    0x9, 0xf, 0xfe, 0x6b, 0xff, 0xfc, 0x30, 0xef,
    0xff, 0x83, 0xaf, 0xff, 0xe1, 0x21, 0xff, 0xcb,
    0x7f, 0xff, 0x86, 0x1e, 0xff, 0xf8, 0x3d, 0x7f,
    0xff, 0x9, 0xf, 0xfe, 0x53, 0xff, 0xfc, 0x20,
    0xfb, 0xff, 0xe0, 0xfa, 0xff, 0xfe, 0xc, 0x1f,
    0xfc, 0xa7, 0xff, 0xf8, 0x21, 0xfb, 0xff, 0xe0,
    0xfd, 0x7f, 0xff, 0x2, 0xf, 0xfe, 0x53, 0xff,
    0xfc, 0x0, 0xfe, 0xff, 0xf8, 0x3f, 0xaf, 0xff,
    0xa0, 0xff, 0xe5, 0x3f, 0xff, 0x7, 0xfb, 0xff,
    0xe0, 0xff, 0x5f, 0xfe, 0x83, 0xff, 0x94, 0xff,
    0xf8, 0x3f, 0xef, 0xff, 0x83, 0xfe, 0xbf, 0xfa,
    0xf, 0xfe, 0x53, 0xff, 0xc1, 0xff, 0xc0, 0xff,
    0xf8, 0x3f, 0xf8, 0x17, 0xfe, 0x83, 0xff, 0x94,
    0xff, 0xe0, 0xff, 0xe0, 0xff, 0xfc, 0x1f, 0xfc,
    0x1b, 0xfe, 0x83, 0xff, 0xc1, 0xff, 0xf0, 0x7f,
    0xfd, 0xbf, 0xfe, 0xf, 0xff, 0xb7, 0xff, 0xc1,
    0xff, 0xf6, 0xff, 0xf8, 0x3f, 0xfe, 0xdf, 0xff,
    0x7, 0xff, 0xda, 0xff, 0xf0, 0x7f, 0xfd, 0xff,
    0xf8, 0x3f, 0xff, 0x3f, 0xf0, 0x7f, 0xfe, 0xff,
    0x83, 0xff, 0xfb, 0xf0, 0x7f, 0xff, 0xf0, 0xff,
    0xff, 0x87, 0xff, 0x70,

    /* U+002B "+" */
    0xf, 0xff, 0xf8, 0x7f, 0xf6, 0xde, 0xf, 0xff,
    0xed, 0xf4, 0x1f, 0xff, 0xbb, 0xfa, 0xf, 0xff,
    0xcf, 0xff, 0x7, 0xff, 0xde, 0xff, 0xf0, 0x7f,
    0xfd, 0xbf, 0xfe, 0xf, 0xff, 0xb7, 0xff, 0xc1,
    0xff, 0xf6, 0xff, 0xf8, 0x3f, 0xfe, 0xdf, 0xff,
    0x7, 0xff, 0xdb, 0xff, 0xe0, 0xff, 0xfb, 0x7f,
    0xfc, 0x1f, 0xff, 0x6f, 0xff, 0x83, 0xff, 0xed,
    0xff, 0xf0, 0x7f, 0xfd, 0xbf, 0xfe, 0xf, 0xff,
    0xb7, 0xff, 0xc1, 0xff, 0xf6, 0xff, 0xf8, 0x3f,
    0xfe, 0xdf, 0xff, 0x7, 0xff, 0xdb, 0xff, 0xe0,
    0xff, 0xfb, 0x7f, 0xfc, 0x1f, 0xff, 0x6f, 0xff,
    0x83, 0xff, 0xed, 0xff, 0xf0, 0x7f, 0xfd, 0xbf,
    0xfe, 0xf, 0xff, 0xb7, 0xff, 0xc1, 0xff, 0xff,
    0xf, 0xff, 0xf8, 0x7f, 0xff, 0xc3, 0xff, 0xc1,
    0x7f, 0xff, 0xd6, 0xf, 0xeb, 0xff, 0xfe, 0xf0,
    0x7d, 0x7f, 0xff, 0xe6, 0xe, 0xbf, 0xff, 0xf7,
    0x5, 0x7f, 0xff, 0xf6, 0x7, 0xff, 0xff, 0xd1,
    0xff, 0xff, 0xea, 0x13, 0xff, 0xff, 0xb4, 0x39,
    0xff, 0xff, 0xca, 0x1f, 0x3f, 0xff, 0xf7, 0x43,
    0xf9, 0xaf, 0xff, 0xaa, 0x1f, 0xff, 0xf0, 0xff,
    0xff, 0x87, 0xff, 0xfc, 0x3f, 0xfc, 0xb, 0xff,
    0x7, 0xff, 0xdb, 0xff, 0xe0, 0xff, 0xfb, 0x7f,
    0xfc, 0x1f, 0xff, 0x6f, 0xff, 0x83, 0xff, 0xed,
    0xff, 0xf0, 0x7f, 0xfd, 0xbf, 0xfe, 0xf, 0xff,
    0xb7, 0xff, 0xc1, 0xff, 0xf6, 0xff, 0xf8, 0x3f,
    0xfe, 0xdf, 0xff, 0x7, 0xff, 0xdb, 0xff, 0xe0,
    0xff, 0xfb, 0x7f, 0xfc, 0x1f, 0xff, 0x6f, 0xff,
    0x83, 0xff, 0xed, 0xff, 0xf0, 0x7f, 0xfd, 0xbf,
    0xfe, 0xf, 0xff, 0xb7, 0xff, 0xc1, 0xff, 0xf6,
    0xff, 0xf8, 0x3f, 0xfe, 0xdf, 0xff, 0x7, 0xff,
    0xdb, 0xff, 0xe0, 0xff, 0xfb, 0x7f, 0xfc, 0x1f,
    0xff, 0x67, 0xff, 0xa0, 0xff, 0xfb, 0xbf, 0xf2,
    0x1f, 0xff, 0xaf, 0xe4, 0x3f, 0xff, 0x9f, 0x7,
    0xff, 0xfe, 0xf, 0xfe, 0xd0,

    /* U+002C "," */
    0x7f, 0xff, 0x86, 0xff, 0xff, 0xd, 0xff, 0xfe,
    0x1b, 0xff, 0xfc, 0x37, 0xff, 0xf8, 0x6f, 0xff,
    0xf0, 0xdf, 0xff, 0xe1, 0xbf, 0xff, 0xc3, 0x7f,
    0xff, 0x86, 0xff, 0xff, 0xd, 0xff, 0xfe, 0x1b,
    0xff, 0xfc, 0x37, 0xff, 0xf8, 0x6f, 0xff, 0xf0,
    0xdf, 0xff, 0xe1, 0xbf, 0xff, 0xc3, 0x7f, 0xff,
    0x86, 0xff, 0xff, 0xd, 0xff, 0xfe, 0x1b, 0xff,
    0xfc, 0x28, 0xbf, 0xff, 0x82, 0x15, 0xff, 0xf0,
    0x75, 0xff, 0xc1, 0xf5, 0xff, 0x7, 0xf5, 0xfc,
    0x1f, 0xf5, 0xf0, 0x7f, 0xf0, 0x6c, 0x3f, 0xf9,
    0x60,

    /* U+002D "-" */
    0xf, 0x5f, 0xff, 0xe9, 0x83, 0xfe, 0xff, 0xff,
    0x64, 0x1f, 0xdf, 0xff, 0xee, 0x83, 0xef, 0xff,
    0xf8, 0x41, 0xdf, 0xff, 0xf2, 0x82, 0xff, 0xff,
    0xa4, 0xf, 0xff, 0xfa, 0x41, 0x7f, 0xff, 0xca,
    0xe, 0xff, 0xff, 0x84, 0x1f, 0x7f, 0xff, 0xba,
    0xf, 0xef, 0xff, 0xf6, 0x41, 0xff, 0x7f, 0xff,
    0xac, 0x3c,

    /* U+002E "." */
    0xf, 0xfe, 0x23, 0xff, 0xfc, 0x37, 0xff, 0xf8,
    0x6f, 0xff, 0xf0, 0xdf, 0xff, 0xe1, 0xbf, 0xff,
    0xc3, 0x7f, 0xff, 0x86, 0xff, 0xff, 0xd, 0xff,
    0xfe, 0x1b, 0xff, 0xfc, 0x37, 0xff, 0xf8, 0x6f,
    0xff, 0xf0, 0xdf, 0xff, 0xe1, 0xbf, 0xff, 0xc3,
    0x7f, 0xff, 0x86, 0xff, 0xff, 0xc,

    /* U+002F "/" */
    0xf, 0xff, 0xcf, 0xfd, 0x7, 0xff, 0xe1, 0xff,
    0xa0, 0xff, 0xfc, 0x7f, 0xe8, 0x3f, 0xfe, 0xef,
    0xfe, 0x83, 0xff, 0xef, 0xff, 0xd0, 0x7f, 0xfd,
    0xaf, 0xfe, 0x83, 0xff, 0xed, 0xff, 0xe8, 0x3f,
    0xfe, 0xbf, 0xff, 0x7, 0xff, 0xd5, 0xff, 0xf4,
    0x1f, 0xff, 0x5f, 0xff, 0x83, 0xff, 0xea, 0xff,
    0xf9, 0xf, 0xff, 0xaf, 0xff, 0xc1, 0xff, 0xf5,
    0xbf, 0xfc, 0x87, 0xff, 0xd7, 0xff, 0xe0, 0xff,
    0xfa, 0xff, 0xfc, 0x1f, 0xff, 0x57, 0xff, 0xd0,
    0x7f, 0xfd, 0x7f, 0xfe, 0xf, 0xff, 0xab, 0xff,
    0xe8, 0x3f, 0xfe, 0xbf, 0xff, 0x7, 0xff, 0xd6,
    0xff, 0xf4, 0x1f, 0xff, 0x5f, 0xff, 0x83, 0xff,
    0xeb, 0xff, 0xf2, 0x1f, 0xff, 0x47, 0xff, 0xe0,
    0xff, 0xfa, 0xff, 0xfc, 0x87, 0xff, 0xd1, 0xff,
    0xf8, 0x3f, 0xfe, 0xbf, 0xff, 0x7, 0xff, 0xd6,
    0xff, 0xf4, 0x1f, 0xff, 0x5f, 0xff, 0x83, 0xff,
    0xeb, 0xff, 0xf4, 0x1f, 0xff, 0x47, 0xff, 0xe0,
    0xff, 0xfa, 0xff, 0xfc, 0x87, 0xff, 0xd1, 0xff,
    0xf8, 0x3f, 0xfe, 0xbf, 0xff, 0x21, 0xff, 0xf4,
    0xbf, 0xfe, 0xf, 0xff, 0xaf, 0xff, 0xc8, 0x7f,
    0xfd, 0x3f, 0xff, 0x80, 0x1f, 0xff, 0x47, 0xff,
    0xe0, 0xff, 0xfa, 0xff, 0xfd, 0x7, 0xff, 0xd1,
    0xff, 0xf8, 0x3f, 0xfe, 0xbf, 0xff, 0x41, 0xff,
    0xf4, 0xbf, 0xfe, 0xf, 0xff, 0xaf, 0xff, 0xc8,
    0x7f, 0xfd, 0x3f, 0xff, 0x80, 0x1f, 0xff, 0x47,
    0xff, 0xe4, 0x3f, 0xfe, 0x9f, 0xff, 0xc0, 0xf,
    0xff, 0xa3, 0xff, 0xf2, 0x1f, 0xff, 0x4f, 0xff,
    0xa0, 0xff, 0xfa, 0x5f, 0xff, 0x7, 0xff, 0xd7,
    0xff, 0xe8, 0x3f, 0xfe, 0x9f, 0xff, 0xc0, 0xf,
    0xff, 0xa3, 0xff, 0xf4, 0x1f, 0xff, 0x4f, 0xff,
    0xe0, 0x7, 0xff, 0xd7, 0xff, 0xe4, 0x3f, 0xfe,
    0xbf, 0xff, 0x7, 0xff, 0xdb, 0xff, 0xc8, 0x7f,
    0xfd, 0xaf, 0xfe, 0xf, 0xff, 0xbb, 0xff, 0x90,
    0xff, 0xfc, 0x7f, 0xd0, 0x7f, 0xfe, 0x7f, 0x48,
    0x7f, 0xfe, 0xe4, 0x3f, 0xff, 0xe1, 0xff, 0xff,
    0xf, 0xff, 0xf3, 0x50, 0x7f, 0xfe, 0x5b, 0xfc,
    0x1f, 0xff, 0x87, 0xff, 0x7, 0xff, 0xe3, 0xff,
    0x90, 0xff, 0xfb, 0x3f, 0xfc, 0x87, 0xff, 0xdb,
    0xff, 0xd0, 0x7f, 0xfd, 0x6f, 0xff, 0x83, 0xff,
    0xeb, 0xff, 0xfc, 0x0, 0xff, 0xfa, 0x5f, 0xff,
    0x21, 0xff, 0xf3, 0x7f, 0xff, 0x80, 0x1f, 0xff,
    0x4f, 0xff, 0xe0, 0x21, 0xff, 0xf3, 0x7f, 0xfe,
    0x83, 0xff, 0xe9, 0xff, 0xfc, 0x0, 0xff, 0xfa,
    0x3f, 0xff, 0x41, 0xff, 0xf4, 0xff, 0xfe, 0x0,
    0x7f, 0xfd, 0x2f, 0xff, 0x90, 0xff, 0xfa, 0x7f,
    0xff, 0x0, 0x3f, 0xfe, 0x97, 0xff, 0xc8, 0x7f,
    0xfc, 0xdf, 0xff, 0xa0, 0xff, 0xfa, 0x7f, 0xff,
    0x0, 0x3f, 0xfe, 0x8f, 0xff, 0xd0, 0x7f, 0xfd,
    0x3f, 0xff, 0x80, 0x1f, 0xff, 0x4b, 0xff, 0xe4,
    0x3f, 0xfe, 0x9f, 0xff, 0xc0, 0xf, 0xff, 0xa5,
    0xff, 0xf0, 0x7f, 0xfd, 0x7f, 0xfe, 0x83, 0xff,
    0xe9, 0xff, 0xfc, 0x0, 0xff, 0xfa, 0x3f, 0xff,
    0x21, 0xff, 0xf4, 0xff, 0xfe, 0x0, 0x7f, 0xfd,
    0x1f, 0xff, 0x90, 0xff, 0xfa, 0x7f, 0xfd, 0x7,
    0xff, 0xd2, 0xff, 0xf8, 0x3f, 0xfe, 0xbf, 0xff,
    0x41, 0xff, 0xf4, 0xbf, 0xfe, 0xf, 0xff, 0xaf,
    0xff, 0xc8, 0x7f, 0xfd, 0x3f, 0xff, 0x80, 0x1f,
    0xff, 0x47, 0xff, 0xe4, 0x3f, 0xfe, 0x9f, 0xff,
    0x41, 0xff, 0xf4, 0x7f, 0xfe, 0xf, 0xff, 0xaf,
    0xff, 0xd0, 0x7f, 0xfd, 0x2f, 0xff, 0x83, 0xff,
    0xeb, 0xff, 0xf2, 0x1f, 0xff, 0x4b, 0xff, 0xe0,
    0xff, 0xfa, 0x3f, 0xff, 0x7, 0xff, 0xd7, 0xff,
    0xe8, 0x3f, 0xfe, 0x8f, 0xff, 0xc1, 0xff, 0xf5,
    0xff, 0xf9, 0xf, 0xff, 0xa3, 0xff, 0xf0, 0x7f,
    0xfd, 0x7f, 0xfe, 0x43, 0xff, 0xe9, 0x7f, 0xfc,
    0x1f, 0xff, 0x5f, 0xff, 0x83, 0xff, 0xeb, 0x7f,
    0xfa, 0xf, 0xff, 0xa3, 0xff, 0xf0, 0x7f, 0xfd,
    0x7f, 0xfe, 0x43, 0xff, 0xe8, 0xff, 0xfc, 0x1f,
    0xff, 0x5f, 0xff, 0x90, 0xff, 0xfa, 0x5f, 0xfe,
    0x83, 0xff, 0xeb, 0xff, 0xf0, 0x7f, 0xfd, 0x5f,
    0xff, 0x41, 0xff, 0xf5, 0x7f, 0xfc, 0x1f, 0xff,
    0x67, 0xff, 0x90, 0xff, 0xfb, 0x3f, 0xfc, 0x1f,
    0xff, 0x77, 0xff, 0x7, 0xff, 0xe1, 0xff, 0xa0,
    0xff, 0xfc, 0x3f, 0xf0, 0x7f, 0xfe, 0x40,

    /* U+0030 "0" */
    0xf, 0xfe, 0x17, 0xff, 0xf9, 0x43, 0xff, 0x9f,
    0xff, 0xfe, 0x70, 0xff, 0xe6, 0xff, 0xff, 0xa4,
    0x3f, 0xf9, 0x7f, 0xff, 0xeb, 0xf, 0xfe, 0x4f,
    0xff, 0xfb, 0x43, 0xff, 0x8f, 0xff, 0xfe, 0xf0,
    0xff, 0xe3, 0xff, 0xff, 0xb6, 0xf, 0xfe, 0x47,
    0xff, 0xfa, 0xe0, 0xff, 0xe1, 0xb8, 0x77, 0xff,
    0xfa, 0x50, 0xd2, 0x1f, 0xcf, 0xc1, 0x9f, 0xff,
    0xf3, 0xa1, 0xaf, 0x21, 0xf3, 0xfc, 0x19, 0xaf,
    0xff, 0x2a, 0x1b, 0xf9, 0xe, 0x7f, 0xe0, 0xff,
    0xf6, 0xff, 0xc8, 0x4f, 0xff, 0x7, 0xff, 0xaf,
    0xff, 0x91, 0xff, 0xf0, 0x7f, 0xfa, 0xff, 0xfc,
    0xdf, 0xfe, 0xf, 0xff, 0x5f, 0xff, 0xd7, 0xff,
    0x83, 0xff, 0xd7, 0xff, 0xf5, 0xff, 0xe0, 0xff,
    0xf5, 0xff, 0xfd, 0x7f, 0xf8, 0x3f, 0xfd, 0x7f,
    0xff, 0x5f, 0xfe, 0xf, 0xff, 0x5f, 0xff, 0xd7,
    0xff, 0x83, 0xff, 0xd7, 0xff, 0xf5, 0xff, 0xe0,
    0xff, 0xf5, 0xff, 0xfd, 0x7f, 0xf8, 0x3f, 0xfd,
    0x7f, 0xff, 0x5f, 0xfe, 0xf, 0xff, 0x5f, 0xff,
    0xd7, 0xff, 0x83, 0xff, 0xd7, 0xff, 0xf5, 0xff,
    0xe0, 0xff, 0xf5, 0xff, 0xfd, 0x7f, 0xf8, 0x3f,
    0xfd, 0x7f, 0xff, 0x5f, 0xfe, 0xf, 0xff, 0x5f,
    0xff, 0xd7, 0xff, 0x83, 0xff, 0xd7, 0xff, 0xf5,
    0xff, 0xe0, 0xff, 0xf5, 0xff, 0xfd, 0x7f, 0xf8,
    0x3f, 0xfd, 0x7f, 0xff, 0x5f, 0xfe, 0xf, 0xff,
    0x5f, 0xff, 0xd7, 0xff, 0x83, 0xff, 0xd7, 0xff,
    0xf5, 0xff, 0xe0, 0xff, 0xf5, 0xff, 0xfd, 0x7f,
    0xf8, 0x3f, 0xfd, 0x7f, 0xff, 0x5f, 0xfe, 0xf,
    0xff, 0x5f, 0xff, 0xd7, 0xff, 0x83, 0xff, 0xd7,
    0xff, 0xf5, 0xff, 0xe0, 0xff, 0xf5, 0xff, 0xfd,
    0x7f, 0xf8, 0x3f, 0xfd, 0x7f, 0xff, 0x5f, 0xfe,
    0xf, 0xff, 0x5f, 0xff, 0xd7, 0xff, 0x83, 0xff,
    0xd7, 0xff, 0xf5, 0xff, 0xe0, 0xff, 0xf5, 0xff,
    0xfd, 0x7f, 0xf8, 0x3f, 0xfd, 0x7f, 0xff, 0x5f,
    0xfe, 0xf, 0xff, 0x5f, 0xff, 0xd7, 0xff, 0x83,
    0xff, 0xd7, 0xff, 0xf5, 0xff, 0xe0, 0xff, 0xf5,
    0xff, 0xfd, 0x7f, 0xf8, 0x3f, 0xfd, 0x7f, 0xff,
    0x5f, 0xfe, 0xf, 0xff, 0x5f, 0xff, 0xd7, 0xff,
    0x83, 0xff, 0xd7, 0xff, 0xf5, 0xff, 0xe0, 0xff,
    0xf5, 0xff, 0xfd, 0x7f, 0xf8, 0x3f, 0xfd, 0x7f,
    0xff, 0x5f, 0xfe, 0xf, 0xff, 0x5f, 0xff, 0xd7,
    0xff, 0x83, 0xff, 0xd7, 0xff, 0xf5, 0xff, 0xe0,
    0xff, 0xf5, 0xff, 0xfd, 0x7f, 0xf8, 0x3f, 0xfd,
    0x7f, 0xff, 0x5f, 0xfe, 0xf, 0xff, 0x5f, 0xff,
    0xd7, 0xff, 0x83, 0xff, 0xd7, 0xff, 0xf5, 0xff,
    0xe0, 0xff, 0xf5, 0xff, 0xfd, 0x7f, 0xf2, 0x1f,
    0xfe, 0xcf, 0xff, 0x5f, 0xf9, 0xf, 0xff, 0x77,
    0xff, 0x5f, 0xf0, 0x7f, 0xfc, 0x7f, 0xf5, 0xfe,
    0xf, 0xff, 0x9f, 0xfd, 0x7f, 0x7, 0xff, 0xd7,
    0xfc, 0x1f, 0xff, 0xf0, 0xff, 0xff, 0x87, 0x2f,
    0x7, 0xff, 0xee, 0xfe, 0x43, 0xff, 0xe9, 0xfe,
    0xbf, 0xc8, 0x7f, 0xfc, 0xbf, 0xeb, 0xfe, 0x43,
    0xff, 0xe1, 0xff, 0xaf, 0xfc, 0x87, 0xff, 0xbb,
    0xff, 0xaf, 0xfe, 0x43, 0xff, 0xd9, 0xff, 0xeb,
    0xff, 0xc1, 0xff, 0xeb, 0xff, 0xfa, 0xff, 0xf0,
    0x7f, 0xfa, 0xff, 0xfe, 0xbf, 0xfc, 0x1f, 0xfe,
    0xbf, 0xff, 0xaf, 0xff, 0x7, 0xff, 0xaf, 0xff,
    0xeb, 0xff, 0xc1, 0xff, 0xeb, 0xff, 0xfa, 0xff,
    0xf0, 0x7f, 0xfa, 0xff, 0xfe, 0xbf, 0xfc, 0x1f,
    0xfe, 0xbf, 0xff, 0xaf, 0xff, 0x7, 0xff, 0xaf,
    0xff, 0xeb, 0xff, 0xc1, 0xff, 0xeb, 0xff, 0xfa,
    0xff, 0xf0, 0x7f, 0xfa, 0xff, 0xfe, 0xbf, 0xfc,
    0x1f, 0xfe, 0xbf, 0xff, 0xaf, 0xff, 0x7, 0xff,
    0xaf, 0xff, 0xeb, 0xff, 0xc1, 0xff, 0xeb, 0xff,
    0xfa, 0xff, 0xf0, 0x7f, 0xfa, 0xff, 0xfe, 0xbf,
    0xfc, 0x1f, 0xfe, 0xbf, 0xff, 0xaf, 0xff, 0x7,
    0xff, 0xaf, 0xff, 0xeb, 0xff, 0xc1, 0xff, 0xeb,
    0xff, 0xfa, 0xff, 0xf0, 0x7f, 0xfa, 0xff, 0xfe,
    0xbf, 0xfc, 0x1f, 0xfe, 0xbf, 0xff, 0xaf, 0xff,
    0x7, 0xff, 0xaf, 0xff, 0xeb, 0xff, 0xc1, 0xff,
    0xeb, 0xff, 0xfa, 0xff, 0xf0, 0x7f, 0xfa, 0xff,
    0xfe, 0xbf, 0xfc, 0x1f, 0xfe, 0xbf, 0xff, 0xaf,
    0xff, 0x7, 0xff, 0xaf, 0xff, 0xeb, 0xff, 0xc1,
    0xff, 0xeb, 0xff, 0xfa, 0xff, 0xf0, 0x7f, 0xfa,
    0xff, 0xfe, 0xbf, 0xfc, 0x1f, 0xfe, 0xbf, 0xff,
    0xaf, 0xff, 0x7, 0xff, 0xaf, 0xff, 0xeb, 0xff,
    0xc1, 0xff, 0xeb, 0xff, 0xfa, 0xff, 0xf0, 0x7f,
    0xfa, 0xff, 0xfe, 0xbf, 0xfc, 0x1f, 0xfe, 0xbf,
    0xff, 0xaf, 0xff, 0x7, 0xff, 0xaf, 0xff, 0xeb,
    0xff, 0xc1, 0xff, 0xeb, 0xff, 0xfa, 0xff, 0xf0,
    0x7f, 0xfa, 0xff, 0xfe, 0xbf, 0xfc, 0x1f, 0xfe,
    0xbf, 0xff, 0xaf, 0xff, 0x7, 0xff, 0xaf, 0xff,
    0xeb, 0xff, 0xc1, 0xff, 0xeb, 0xff, 0xfa, 0xff,
    0xf0, 0x7f, 0xfa, 0xff, 0xfe, 0xbf, 0xfc, 0x1f,
    0xfe, 0xbf, 0xff, 0xaf, 0xff, 0x7, 0xff, 0xaf,
    0xff, 0xeb, 0xff, 0xc1, 0xff, 0xeb, 0xff, 0xfa,
    0xff, 0xf0, 0x7f, 0xfa, 0xff, 0xfe, 0xbf, 0xfc,
    0x1f, 0xfe, 0xbf, 0xff, 0x9f, 0xff, 0x7, 0xff,
    0xaf, 0xff, 0xc8, 0xff, 0xf0, 0x7f, 0xfa, 0xff,
    0xf9, 0x9, 0xff, 0x83, 0xff, 0xdb, 0xff, 0x21,
    0xcf, 0xf0, 0x66, 0xbf, 0xfc, 0xa8, 0x6f, 0xe4,
    0x3e, 0x7e, 0xc, 0xff, 0xff, 0x9d, 0xd, 0x79,
    0xf, 0xe6, 0xe, 0xff, 0xff, 0x4a, 0x1a, 0x43,
    0xff, 0x89, 0xff, 0xfe, 0xb8, 0x3f, 0xf9, 0x1f,
    0xff, 0xed, 0x83, 0xff, 0x8d, 0xff, 0xfe, 0xf0,
    0xff, 0xe3, 0x3f, 0xff, 0xed, 0xf, 0xfe, 0x43,
    0xff, 0xfe, 0xb0, 0xff, 0xe5, 0x3f, 0xff, 0xe9,
    0xf, 0xfe, 0x63, 0xff, 0xfe, 0x70, 0xff, 0xe7,
    0x3f, 0xff, 0xe5, 0xf, 0xfe, 0x10,

    /* U+0031 "1" */
    0xe, 0x7f, 0xff, 0x8a, 0x87, 0xcf, 0xff, 0xf1,
    0x50, 0xf9, 0xff, 0xfe, 0x2a, 0x19, 0x3, 0xff,
    0xfc, 0x54, 0x37, 0xf, 0xff, 0xf1, 0x50, 0xde,
    0x8f, 0xff, 0xe2, 0xa1, 0xbe, 0x87, 0xff, 0xf8,
    0x68, 0x6f, 0xd0, 0x1f, 0xff, 0xe0, 0xa1, 0xbf,
    0xa0, 0x9f, 0xff, 0x90, 0xdf, 0xe8, 0x33, 0xff,
    0xc1, 0xdf, 0xf4, 0x1c, 0xd7, 0xc1, 0xdf, 0xfa,
    0xf, 0xfe, 0x2f, 0xff, 0x41, 0xff, 0xc4, 0xff,
    0xf4, 0x1f, 0xfc, 0x4f, 0xff, 0x41, 0xff, 0xc4,
    0xff, 0xf4, 0x1f, 0xfc, 0x4f, 0xff, 0x41, 0xff,
    0xc4, 0xff, 0xf4, 0x1f, 0xfc, 0x4f, 0xff, 0x41,
    0xff, 0xc4, 0xff, 0xf4, 0x1f, 0xfc, 0x4f, 0xff,
    0x41, 0xff, 0xc4, 0xff, 0xf4, 0x1f, 0xfc, 0x4f,
    0xff, 0x41, 0xff, 0xc4, 0xff, 0xf4, 0x1f, 0xfc,
    0x4f, 0xff, 0x41, 0xff, 0xc4, 0xff, 0xf4, 0x1f,
    0xfc, 0x4f, 0xff, 0x41, 0xff, 0xc4, 0xff, 0xf4,
    0x1f, 0xfc, 0x4f, 0xff, 0x41, 0xff, 0xc4, 0xff,
    0xf4, 0x1f, 0xfc, 0x4f, 0xff, 0x41, 0xff, 0xc4,
    0xff, 0xf4, 0x1f, 0xfc, 0x4f, 0xff, 0x41, 0xff,
    0xc4, 0xff, 0xf4, 0x1f, 0xfc, 0x4f, 0xff, 0x41,
    0xff, 0xc4, 0xff, 0xf4, 0x1f, 0xfc, 0x4f, 0xff,
    0x41, 0xff, 0xc4, 0xff, 0xf4, 0x1f, 0xfc, 0x4f,
    0xff, 0x41, 0xff, 0xc4, 0xff, 0xf4, 0x1f, 0xfc,
    0x4f, 0xff, 0x41, 0xff, 0xc4, 0xff, 0xf4, 0x1f,
    0xfc, 0x4f, 0xff, 0x41, 0xff, 0xc4, 0xff, 0xf4,
    0x1f, 0xfc, 0x4f, 0xff, 0x41, 0xff, 0xc4, 0xff,
    0xf4, 0x1f, 0xfc, 0x4f, 0xff, 0x41, 0xff, 0xc4,
    0xff, 0xf4, 0x1f, 0xfc, 0x4f, 0xff, 0x41, 0xff,
    0xc4, 0xff, 0xf4, 0x1f, 0xfc, 0x4f, 0xff, 0x41,
    0xff, 0xc4, 0xff, 0xf4, 0x1f, 0xfc, 0x4f, 0xff,
    0x41, 0xff, 0xc4, 0xff, 0xf4, 0x1f, 0xfc, 0x4f,
    0xff, 0x41, 0xff, 0xc4, 0xff, 0xf4, 0x1f, 0xfc,
    0x4f, 0xff, 0x41, 0xff, 0xc4, 0xff, 0xf4, 0x1f,
    0xfc, 0x4b, 0xff, 0xa0, 0xff, 0xe2, 0xdf, 0xfa,
    0xf, 0xfe, 0x35, 0xff, 0x41, 0xff, 0xc7, 0xbf,
    0xd0, 0x7f, 0xf2, 0x2f, 0xe8, 0x3f, 0xf9, 0x2b,
    0xe0, 0xff, 0xff, 0xff, 0x41, 0xff, 0xc8, 0xff,
    0x41, 0xff, 0xc7, 0xff, 0xa0, 0xff, 0xe3, 0x7f,
    0xe8, 0x3f, 0xf8, 0xbf, 0xfd, 0x7, 0xff, 0x13,
    0xff, 0xd0, 0x7f, 0xf1, 0x3f, 0xfd, 0x7, 0xff,
    0x13, 0xff, 0xd0, 0x7f, 0xf1, 0x3f, 0xfd, 0x7,
    0xff, 0x13, 0xff, 0xd0, 0x7f, 0xf1, 0x3f, 0xfd,
    0x7, 0xff, 0x13, 0xff, 0xd0, 0x7f, 0xf1, 0x3f,
    0xfd, 0x7, 0xff, 0x13, 0xff, 0xd0, 0x7f, 0xf1,
    0x3f, 0xfd, 0x7, 0xff, 0x13, 0xff, 0xd0, 0x7f,
    0xf1, 0x3f, 0xfd, 0x7, 0xff, 0x13, 0xff, 0xd0,
    0x7f, 0xf1, 0x3f, 0xfd, 0x7, 0xff, 0x13, 0xff,
    0xd0, 0x7f, 0xf1, 0x3f, 0xfd, 0x7, 0xff, 0x13,
    0xff, 0xd0, 0x7f, 0xf1, 0x3f, 0xfd, 0x7, 0xff,
    0x13, 0xff, 0xd0, 0x7f, 0xf1, 0x3f, 0xfd, 0x7,
    0xff, 0x13, 0xff, 0xd0, 0x7f, 0xf1, 0x3f, 0xfd,
    0x7, 0xff, 0x13, 0xff, 0xd0, 0x7f, 0xf1, 0x3f,
    0xfd, 0x7, 0xff, 0x13, 0xff, 0xd0, 0x7f, 0xf1,
    0x3f, 0xfd, 0x7, 0xff, 0x13, 0xff, 0xd0, 0x7f,
    0xf1, 0x3f, 0xfd, 0x7, 0xff, 0x13, 0xff, 0xd0,
    0x7f, 0xf1, 0x3f, 0xfd, 0x7, 0xff, 0x13, 0xff,
    0xd0, 0x7f, 0xf1, 0x3f, 0xfd, 0x7, 0xff, 0x13,
    0xff, 0xd0, 0x7f, 0xf1, 0x3f, 0xfd, 0x7, 0xff,
    0x13, 0xff, 0xd0, 0x7f, 0xf1, 0x3f, 0xfd, 0x7,
    0xff, 0x13, 0xff, 0xd0, 0x7f, 0xf1, 0x3f, 0xfd,
    0x7, 0xff, 0x13, 0xff, 0xd0, 0x7f, 0xf1, 0x3f,
    0xfd, 0x7, 0xff, 0x13, 0xff, 0xd0, 0x7f, 0xf1,
    0x3f, 0xfd, 0x7, 0xff, 0x13, 0xff, 0xd0, 0x7f,
    0xf1, 0x3f, 0xfd, 0x7, 0xff, 0x13, 0xff, 0xd0,
    0x7f, 0xf1, 0x3f, 0xfd, 0x7, 0xff, 0x13, 0xff,
    0xd0, 0x7f, 0xf1, 0x3f, 0xfd, 0x7, 0xff, 0x13,
    0xff, 0xd0, 0x7f, 0xf1, 0x3f, 0xfd, 0x7, 0xff,
    0x13, 0xff, 0xd0, 0x7f, 0xf1, 0x3f, 0xfd, 0x7,
    0xff, 0x13, 0xff, 0xa0, 0xff, 0xe2, 0xbf, 0xf4,
    0x1f, 0xfc, 0x77, 0xfa, 0xf, 0xfe, 0x4b, 0xf4,
    0x1f, 0xfc, 0xb7, 0x83, 0xff, 0xa8,

    /* U+0032 "2" */
    0xf, 0xfe, 0x17, 0xff, 0xf9, 0x43, 0xff, 0x9f,
    0xff, 0xfe, 0x70, 0xff, 0xe6, 0xff, 0xff, 0xa4,
    0x3f, 0xf9, 0x7f, 0xff, 0xeb, 0xf, 0xfe, 0x4f,
    0xff, 0xfb, 0x43, 0xff, 0x8f, 0xff, 0xfe, 0xf0,
    0xff, 0xe3, 0xff, 0xff, 0xb6, 0xf, 0xfe, 0x47,
    0xff, 0xfa, 0xe0, 0xff, 0xe5, 0x7f, 0xff, 0xa5,
    0xd, 0x21, 0xff, 0xc5, 0x7f, 0xff, 0xce, 0x86,
    0xbc, 0x87, 0xff, 0x15, 0xaf, 0xff, 0x2a, 0x1b,
    0xf9, 0xf, 0xff, 0xd7, 0xfc, 0x87, 0xff, 0xe3,
    0xff, 0x90, 0xff, 0xfb, 0xff, 0xf9, 0xf, 0xff,
    0xb7, 0xff, 0xc1, 0xff, 0xf6, 0xff, 0xf8, 0x3f,
    0xfe, 0xdf, 0xff, 0x7, 0xff, 0xdb, 0xff, 0xe0,
    0xff, 0xfb, 0x7f, 0xfc, 0x1f, 0xff, 0x6f, 0xff,
    0x83, 0xff, 0xed, 0xff, 0xf0, 0x7f, 0xfd, 0xbf,
    0xfe, 0xf, 0xff, 0xb7, 0xff, 0xc1, 0xff, 0xf6,
    0xff, 0xf8, 0x3f, 0xfe, 0xdf, 0xff, 0x7, 0xff,
    0xdb, 0xff, 0xe0, 0xff, 0xfb, 0x7f, 0xfc, 0x1f,
    0xff, 0x6f, 0xff, 0x83, 0xff, 0xed, 0xff, 0xf0,
    0x7f, 0xfd, 0xbf, 0xfe, 0xf, 0xff, 0xb7, 0xff,
    0xc1, 0xff, 0xf6, 0xff, 0xf8, 0x3f, 0xfe, 0xdf,
    0xff, 0x7, 0xff, 0xdb, 0xff, 0xe0, 0xff, 0xfb,
    0x7f, 0xfc, 0x1f, 0xff, 0x6f, 0xff, 0x83, 0xff,
    0xed, 0xff, 0xf0, 0x7f, 0xfd, 0xbf, 0xfe, 0xf,
    0xff, 0xb7, 0xff, 0xc1, 0xff, 0xf6, 0xff, 0xf8,
    0x3f, 0xfe, 0xdf, 0xff, 0x7, 0xff, 0xdb, 0xff,
    0xe0, 0xff, 0xfb, 0x7f, 0xfc, 0x1f, 0xff, 0x6f,
    0xff, 0x83, 0xff, 0xed, 0xff, 0xf0, 0x7f, 0xfd,
    0xbf, 0xfe, 0xf, 0xff, 0xb7, 0xff, 0xc1, 0xff,
    0xf6, 0xff, 0xf8, 0x3f, 0xfe, 0xdf, 0xff, 0x7,
    0xff, 0xdb, 0xff, 0xe0, 0xff, 0xfb, 0x7f, 0xfc,
    0x1f, 0xff, 0x6f, 0xff, 0x83, 0xff, 0xed, 0xff,
    0xf0, 0x7f, 0xfd, 0xbf, 0xfe, 0xf, 0xff, 0xb7,
    0xff, 0xc1, 0xff, 0xf6, 0xff, 0xf8, 0x3f, 0xfe,
    0xdf, 0xfe, 0x83, 0xff, 0xef, 0xff, 0xc1, 0xff,
    0xc2, 0xbf, 0xff, 0xcb, 0x6, 0xff, 0x83, 0xff,
    0x85, 0x7f, 0xff, 0x9e, 0xd, 0xfc, 0x1f, 0xfc,
    0x2b, 0xff, 0xfd, 0x30, 0x6f, 0x83, 0xff, 0x85,
    0x7f, 0xff, 0xae, 0xd, 0x7, 0xff, 0xa, 0xff,
    0xff, 0x6c, 0x1f, 0xfc, 0x6f, 0xff, 0xf7, 0xa1,
    0xff, 0xc1, 0x42, 0x7f, 0xff, 0xda, 0x87, 0xff,
    0x5, 0xe0, 0x9f, 0xff, 0xf5, 0xa1, 0xff, 0xc1,
    0x7e, 0x82, 0x7f, 0xff, 0xd2, 0x87, 0xff, 0x5,
    0xfe, 0x82, 0x7f, 0xff, 0xce, 0x87, 0xff, 0x5,
    0xff, 0xa0, 0x9a, 0xff, 0xf2, 0xa1, 0xff, 0xc2,
    0xff, 0xe8, 0x3f, 0xfe, 0xd7, 0xff, 0x83, 0xff,
    0xed, 0x7f, 0xf8, 0x3f, 0xfe, 0xd7, 0xff, 0x83,
    0xff, 0xed, 0x7f, 0xf8, 0x3f, 0xfe, 0xd7, 0xff,
    0x83, 0xff, 0xed, 0x7f, 0xf8, 0x3f, 0xfe, 0xd7,
    0xff, 0x83, 0xff, 0xed, 0x7f, 0xf8, 0x3f, 0xfe,
    0xd7, 0xff, 0x83, 0xff, 0xed, 0x7f, 0xf8, 0x3f,
    0xfe, 0xd7, 0xff, 0x83, 0xff, 0xed, 0x7f, 0xf8,
    0x3f, 0xfe, 0xd7, 0xff, 0x83, 0xff, 0xed, 0x7f,
    0xf8, 0x3f, 0xfe, 0xd7, 0xff, 0x83, 0xff, 0xed,
    0x7f, 0xf8, 0x3f, 0xfe, 0xd7, 0xff, 0x83, 0xff,
    0xed, 0x7f, 0xf8, 0x3f, 0xfe, 0xd7, 0xff, 0x83,
    0xff, 0xed, 0x7f, 0xf8, 0x3f, 0xfe, 0xd7, 0xff,
    0x83, 0xff, 0xed, 0x7f, 0xf8, 0x3f, 0xfe, 0xd7,
    0xff, 0x83, 0xff, 0xed, 0x7f, 0xf8, 0x3f, 0xfe,
    0xd7, 0xff, 0x83, 0xff, 0xed, 0x7f, 0xf8, 0x3f,
    0xfe, 0xd7, 0xff, 0x83, 0xff, 0xed, 0x7f, 0xf8,
    0x3f, 0xfe, 0xd7, 0xff, 0x83, 0xff, 0xed, 0x7f,
    0xf8, 0x3f, 0xfe, 0xd7, 0xff, 0x83, 0xff, 0xed,
    0x7f, 0xf8, 0x3f, 0xfe, 0xd7, 0xff, 0x83, 0xff,
    0xed, 0x7f, 0xf8, 0x3f, 0xfe, 0xd7, 0xff, 0x83,
    0xff, 0xed, 0x7f, 0xf8, 0x3f, 0xfe, 0xd7, 0xff,
    0x83, 0xff, 0xed, 0x7f, 0xf8, 0x3f, 0xfe, 0xd7,
    0xff, 0x83, 0xff, 0xed, 0x7f, 0xf8, 0x3f, 0xfe,
    0xd7, 0xff, 0x83, 0xff, 0xed, 0x7f, 0xf8, 0x3f,
    0xfe, 0xd7, 0xff, 0x83, 0xff, 0xed, 0x7f, 0xf8,
    0x3f, 0xfe, 0xd7, 0xff, 0x83, 0xff, 0xed, 0x7f,
    0xf0, 0x7f, 0xfd, 0xef, 0xfc, 0x19, 0xaf, 0xff,
    0x2a, 0x1f, 0xfc, 0x1b, 0xfe, 0xc, 0xff, 0xff,
    0x9d, 0xf, 0xfe, 0x5, 0xfe, 0xc, 0xff, 0xff,
    0xa5, 0xf, 0xfa, 0xfe, 0xc, 0xff, 0xff, 0xae,
    0xf, 0xf5, 0xf8, 0x33, 0xff, 0xfe, 0xd8, 0x3f,
    0xaf, 0x83, 0x3f, 0xff, 0xef, 0xf, 0xeb, 0xc1,
    0x9f, 0xff, 0xf7, 0x87, 0xfa, 0xc3, 0x3f, 0xff,
    0xef, 0xf, 0xf9, 0xc, 0xff, 0xff, 0xbc, 0x3f,
    0xf8, 0x8f, 0xff, 0xfb, 0xc3, 0xff, 0x88, 0xff,
    0xff, 0xbc, 0x3f, 0xf8, 0x40,

    /* U+0033 "3" */
    0xf, 0x7f, 0xff, 0x94, 0x3f, 0xf8, 0xff, 0xff,
    0xe7, 0xf, 0xfe, 0x2f, 0xff, 0xfa, 0x43, 0xff,
    0x87, 0xff, 0xfe, 0xb0, 0xff, 0xe0, 0xff, 0xff,
    0xb4, 0x3f, 0xef, 0xff, 0xf7, 0x87, 0xfd, 0xff,
    0xfe, 0xd8, 0x3f, 0xf8, 0x1f, 0xff, 0xeb, 0x83,
    0xff, 0x85, 0xff, 0xfe, 0x94, 0x34, 0x87, 0xf3,
    0xff, 0xfe, 0x74, 0x35, 0xe4, 0x3f, 0x9a, 0xff,
    0xf2, 0xa1, 0xbf, 0x90, 0xff, 0xf9, 0x7f, 0xc8,
    0x7f, 0xfc, 0x3f, 0xf9, 0xf, 0xff, 0x7f, 0xff,
    0x90, 0xff, 0xf7, 0x7f, 0xfc, 0x1f, 0xfe, 0xef,
    0xff, 0x83, 0xff, 0xdd, 0xff, 0xf0, 0x7f, 0xfb,
    0xbf, 0xfe, 0xf, 0xff, 0x77, 0xff, 0xc1, 0xff,
    0xee, 0xff, 0xf8, 0x3f, 0xfd, 0xdf, 0xff, 0x7,
    0xff, 0xbb, 0xff, 0xe0, 0xff, 0xf7, 0x7f, 0xfc,
    0x1f, 0xfe, 0xef, 0xff, 0x83, 0xff, 0xdd, 0xff,
    0xf0, 0x7f, 0xfb, 0xbf, 0xfe, 0xf, 0xff, 0x77,
    0xff, 0xc1, 0xff, 0xee, 0xff, 0xf8, 0x3f, 0xfd,
    0xdf, 0xff, 0x7, 0xff, 0xbb, 0xff, 0xe0, 0xff,
    0xf7, 0x7f, 0xfc, 0x1f, 0xfe, 0xef, 0xff, 0x83,
    0xff, 0xdd, 0xff, 0xf0, 0x7f, 0xfb, 0xbf, 0xfe,
    0xf, 0xff, 0x77, 0xff, 0xc1, 0xff, 0xee, 0xff,
    0xf8, 0x3f, 0xfd, 0xdf, 0xff, 0x7, 0xff, 0xbb,
    0xff, 0xe0, 0xff, 0xf7, 0x7f, 0xfc, 0x1f, 0xfe,
    0xef, 0xff, 0x83, 0xff, 0xdd, 0xff, 0xf0, 0x7f,
    0xfb, 0xbf, 0xfe, 0xf, 0xff, 0x77, 0xff, 0xc1,
    0xff, 0xee, 0xff, 0xf8, 0x3f, 0xfd, 0xdf, 0xff,
    0x7, 0xff, 0xbb, 0xff, 0xe0, 0xff, 0xf7, 0x7f,
    0xfc, 0x1f, 0xfe, 0xef, 0xff, 0x83, 0xff, 0xdd,
    0xff, 0xf0, 0x7f, 0xfb, 0xbf, 0xfe, 0xf, 0xff,
    0x77, 0xff, 0xc1, 0xff, 0xee, 0xff, 0xf8, 0x3f,
    0xfd, 0xdf, 0xff, 0x7, 0xff, 0xbb, 0xff, 0xe0,
    0xff, 0xf7, 0x7f, 0xfc, 0x1f, 0xfe, 0xef, 0xff,
    0x83, 0xff, 0xdd, 0xff, 0xf0, 0x7f, 0xfb, 0xff,
    0xfc, 0x1d, 0x7f, 0xff, 0x96, 0xd, 0xff, 0xc1,
    0xaf, 0xff, 0xf3, 0xc1, 0xbf, 0xf0, 0x57, 0xff,
    0xfa, 0x60, 0xdf, 0xf0, 0x2f, 0xff, 0xf5, 0xc1,
    0xbf, 0xa2, 0xff, 0xff, 0x6c, 0x1f, 0xef, 0xff,
    0xf7, 0xa1, 0xfc, 0xff, 0xff, 0xb5, 0xc, 0xbc,
    0x7, 0xff, 0xfd, 0x68, 0x4f, 0xf8, 0x27, 0xff,
    0xfd, 0x28, 0x4f, 0xfc, 0x19, 0xff, 0xff, 0x3a,
    0x13, 0xff, 0x83, 0x9a, 0xff, 0xf2, 0xa1, 0x3f,
    0xfc, 0x1f, 0xfe, 0xe7, 0xff, 0xc1, 0xff, 0xee,
    0xff, 0xf8, 0x3f, 0xfd, 0xdf, 0xff, 0x7, 0xff,
    0xbb, 0xff, 0xe0, 0xff, 0xf7, 0x7f, 0xfc, 0x1f,
    0xfe, 0xef, 0xff, 0x83, 0xff, 0xdd, 0xff, 0xf0,
    0x7f, 0xfb, 0xbf, 0xfe, 0xf, 0xff, 0x77, 0xff,
    0xc1, 0xff, 0xee, 0xff, 0xf8, 0x3f, 0xfd, 0xdf,
    0xff, 0x7, 0xff, 0xbb, 0xff, 0xe0, 0xff, 0xf7,
    0x7f, 0xfc, 0x1f, 0xfe, 0xef, 0xff, 0x83, 0xff,
    0xdd, 0xff, 0xf0, 0x7f, 0xfb, 0xbf, 0xfe, 0xf,
    0xff, 0x77, 0xff, 0xc1, 0xff, 0xee, 0xff, 0xf8,
    0x3f, 0xfd, 0xdf, 0xff, 0x7, 0xff, 0xbb, 0xff,
    0xe0, 0xff, 0xf7, 0x7f, 0xfc, 0x1f, 0xfe, 0xef,
    0xff, 0x83, 0xff, 0xdd, 0xff, 0xf0, 0x7f, 0xfb,
    0xbf, 0xfe, 0xf, 0xff, 0x77, 0xff, 0xc1, 0xff,
    0xee, 0xff, 0xf8, 0x3f, 0xfd, 0xdf, 0xff, 0x7,
    0xff, 0xbb, 0xff, 0xe0, 0xff, 0xf7, 0x7f, 0xfc,
    0x1f, 0xfe, 0xef, 0xff, 0x83, 0xff, 0xdd, 0xff,
    0xf0, 0x7f, 0xfb, 0xbf, 0xfe, 0xf, 0xff, 0x77,
    0xff, 0xc1, 0xff, 0xee, 0xff, 0xf8, 0x3f, 0xfd,
    0xdf, 0xff, 0x7, 0xff, 0xbb, 0xff, 0xe0, 0xff,
    0xf7, 0x7f, 0xfc, 0x1f, 0xfe, 0xef, 0xff, 0x83,
    0xff, 0xdd, 0xff, 0xf0, 0x7f, 0xfb, 0xbf, 0xfe,
    0xf, 0xff, 0x77, 0xff, 0xc1, 0xff, 0xee, 0xff,
    0xf8, 0x3f, 0xfd, 0xdf, 0xff, 0x7, 0xff, 0xbb,
    0xff, 0xe0, 0xff, 0xf7, 0x7f, 0xf9, 0xf, 0xff,
    0x77, 0xff, 0x21, 0xff, 0xf0, 0xff, 0x90, 0xf9,
    0xaf, 0xff, 0x2a, 0x1b, 0xf9, 0xf, 0x9f, 0xff,
    0xf3, 0xa1, 0xaf, 0x21, 0xfb, 0xff, 0xfd, 0x28,
    0x69, 0xf, 0xdf, 0xff, 0xeb, 0x83, 0xff, 0x81,
    0xff, 0xfe, 0xd8, 0x3f, 0xdf, 0xff, 0xef, 0xf,
    0xf3, 0xff, 0xfe, 0xd0, 0xff, 0xe0, 0x3f, 0xff,
    0xeb, 0xf, 0xfe, 0x13, 0xff, 0xfe, 0x90, 0xff,
    0xe2, 0x3f, 0xff, 0xe7, 0xf, 0xfe, 0x33, 0xff,
    0xfe, 0x50, 0xff, 0xe1, 0x0,

    /* U+0034 "4" */
    0xf, 0xff, 0xf8, 0x7d, 0x61, 0xff, 0xf3, 0xe0,
    0xfe, 0xbe, 0xf, 0xff, 0x8f, 0xd0, 0x7d, 0x7f,
    0x7, 0xff, 0xbf, 0xfa, 0xe, 0xbf, 0xe0, 0xff,
    0xf6, 0xff, 0xd0, 0x5f, 0xfe, 0xf, 0xff, 0x5f,
    0xff, 0x45, 0xff, 0xe0, 0xff, 0xf5, 0xff, 0xfa,
    0x9f, 0xfe, 0xf, 0xff, 0x5f, 0xff, 0xd7, 0xff,
    0x83, 0xff, 0xd7, 0xff, 0xf5, 0xff, 0xe0, 0xff,
    0xf5, 0xff, 0xfd, 0x7f, 0xf8, 0x3f, 0xfd, 0x7f,
    0xff, 0x5f, 0xfe, 0xf, 0xff, 0x5f, 0xff, 0xd7,
    0xff, 0x83, 0xff, 0xd7, 0xff, 0xf5, 0xff, 0xe0,
    0xff, 0xf5, 0xff, 0xfd, 0x7f, 0xf8, 0x3f, 0xfd,
    0x7f, 0xff, 0x5f, 0xfe, 0xf, 0xff, 0x5f, 0xff,
    0xd7, 0xff, 0x83, 0xff, 0xd7, 0xff, 0xf5, 0xff,
    0xe0, 0xff, 0xf5, 0xff, 0xfd, 0x7f, 0xf8, 0x3f,
    0xfd, 0x7f, 0xff, 0x5f, 0xfe, 0xf, 0xff, 0x5f,
    0xff, 0xd7, 0xff, 0x83, 0xff, 0xd7, 0xff, 0xf5,
    0xff, 0xe0, 0xff, 0xf5, 0xff, 0xfd, 0x7f, 0xf8,
    0x3f, 0xfd, 0x7f, 0xff, 0x5f, 0xfe, 0xf, 0xff,
    0x5f, 0xff, 0xd7, 0xff, 0x83, 0xff, 0xd7, 0xff,
    0xf5, 0xff, 0xe0, 0xff, 0xf5, 0xff, 0xfd, 0x7f,
    0xf8, 0x3f, 0xfd, 0x7f, 0xff, 0x5f, 0xfe, 0xf,
    0xff, 0x5f, 0xff, 0xd7, 0xff, 0x83, 0xff, 0xd7,
    0xff, 0xf5, 0xff, 0xe0, 0xff, 0xf5, 0xff, 0xfd,
    0x7f, 0xf8, 0x3f, 0xfd, 0x7f, 0xff, 0x5f, 0xfe,
    0xf, 0xff, 0x5f, 0xff, 0xd7, 0xff, 0x83, 0xff,
    0xd7, 0xff, 0xf5, 0xff, 0xe0, 0xff, 0xf5, 0xff,
    0xfd, 0x7f, 0xf8, 0x3f, 0xfd, 0x7f, 0xff, 0x5f,
    0xfe, 0xf, 0xff, 0x5f, 0xff, 0xd7, 0xff, 0x83,
    0xff, 0xd7, 0xff, 0xf5, 0xff, 0xe0, 0xff, 0xf5,
    0xff, 0xfd, 0x7f, 0xf8, 0x3f, 0xfd, 0x7f, 0xff,
    0x5f, 0xfe, 0xf, 0xff, 0x5f, 0xff, 0xd7, 0xff,
    0x83, 0xff, 0xd7, 0xff, 0xf5, 0xff, 0xe0, 0xff,
    0xf5, 0xff, 0xfd, 0x7f, 0xf8, 0x3f, 0xfd, 0x7f,
    0xff, 0x5f, 0xfe, 0xf, 0xff, 0x5f, 0xff, 0xd7,
    0xff, 0x83, 0xff, 0xd7, 0xff, 0xf5, 0xff, 0xe0,
    0xff, 0xf5, 0xff, 0xfd, 0x7f, 0xf8, 0x3f, 0xfd,
    0x7f, 0xff, 0x5f, 0xfe, 0xf, 0xff, 0x5f, 0xff,
    0xd7, 0xff, 0x83, 0xff, 0xd7, 0xff, 0xf5, 0xff,
    0xe0, 0xff, 0xf5, 0xff, 0xfd, 0x7f, 0xf8, 0x3f,
    0xfd, 0x7f, 0xff, 0x5f, 0xfe, 0xf, 0xff, 0x5f,
    0xff, 0xd7, 0xff, 0x83, 0xff, 0xd7, 0xff, 0xf5,
    0xff, 0xe0, 0xff, 0xf5, 0xff, 0xfd, 0x7f, 0xf8,
    0x3f, 0xfd, 0x7f, 0xff, 0x5f, 0xfe, 0xf, 0xff,
    0x5f, 0xff, 0xd7, 0xff, 0x83, 0xff, 0xd7, 0xff,
    0xf5, 0xff, 0xe0, 0xff, 0xf5, 0xff, 0xfd, 0x7f,
    0xf0, 0x7f, 0xfb, 0x7f, 0xfd, 0x7f, 0xe0, 0xd7,
    0xff, 0xf9, 0x60, 0xdf, 0xfd, 0x7f, 0xc1, 0xaf,
    0xff, 0xf3, 0xc1, 0xbf, 0xf5, 0xfe, 0xd, 0x7f,
    0xff, 0xa6, 0xd, 0xff, 0x5f, 0xc1, 0xaf, 0xff,
    0xf5, 0xc1, 0xbf, 0xa0, 0xfe, 0xbf, 0xff, 0xdb,
    0x7, 0xff, 0x1b, 0xff, 0xfd, 0xe8, 0x7f, 0xf1,
    0x5f, 0xff, 0xf6, 0xa1, 0x97, 0x83, 0xfc, 0xff,
    0xff, 0xad, 0x9, 0xff, 0x7, 0xfc, 0xff, 0xff,
    0xa5, 0x9, 0xff, 0x83, 0xff, 0x80, 0xff, 0xff,
    0x9d, 0x9, 0xff, 0xc1, 0xff, 0xc1, 0x6b, 0xff,
    0xca, 0x84, 0xff, 0xf0, 0x7f, 0xfd, 0x9f, 0xff,
    0x7, 0xff, 0xdb, 0xff, 0xe0, 0xff, 0xfb, 0x7f,
    0xfc, 0x1f, 0xff, 0x6f, 0xff, 0x83, 0xff, 0xed,
    0xff, 0xf0, 0x7f, 0xfd, 0xbf, 0xfe, 0xf, 0xff,
    0xb7, 0xff, 0xc1, 0xff, 0xf6, 0xff, 0xf8, 0x3f,
    0xfe, 0xdf, 0xff, 0x7, 0xff, 0xdb, 0xff, 0xe0,
    0xff, 0xfb, 0x7f, 0xfc, 0x1f, 0xff, 0x6f, 0xff,
    0x83, 0xff, 0xed, 0xff, 0xf0, 0x7f, 0xfd, 0xbf,
    0xfe, 0xf, 0xff, 0xb7, 0xff, 0xc1, 0xff, 0xf6,
    0xff, 0xf8, 0x3f, 0xfe, 0xdf, 0xff, 0x7, 0xff,
    0xdb, 0xff, 0xe0, 0xff, 0xfb, 0x7f, 0xfc, 0x1f,
    0xff, 0x6f, 0xff, 0x83, 0xff, 0xed, 0xff, 0xf0,
    0x7f, 0xfd, 0xbf, 0xfe, 0xf, 0xff, 0xb7, 0xff,
    0xc1, 0xff, 0xf6, 0xff, 0xf8, 0x3f, 0xfe, 0xdf,
    0xff, 0x7, 0xff, 0xdb, 0xff, 0xe0, 0xff, 0xfb,
    0x7f, 0xfc, 0x1f, 0xff, 0x6f, 0xff, 0x83, 0xff,
    0xed, 0xff, 0xf0, 0x7f, 0xfd, 0xbf, 0xfe, 0xf,
    0xff, 0xb7, 0xff, 0xc1, 0xff, 0xf6, 0xff, 0xf8,
    0x3f, 0xfe, 0xdf, 0xff, 0x7, 0xff, 0xdb, 0xff,
    0xe0, 0xff, 0xfb, 0x7f, 0xfc, 0x1f, 0xff, 0x6f,
    0xff, 0x83, 0xff, 0xed, 0xff, 0xf0, 0x7f, 0xfd,
    0xbf, 0xfe, 0xf, 0xff, 0xb7, 0xff, 0xc1, 0xff,
    0xf6, 0xff, 0xf8, 0x3f, 0xfe, 0xdf, 0xff, 0x7,
    0xff, 0xdb, 0xff, 0xe0, 0xff, 0xfb, 0x7f, 0xfc,
    0x1f, 0xff, 0x6f, 0xff, 0x83, 0xff, 0xed, 0xff,
    0xf0, 0x7f, 0xfd, 0xbf, 0xfe, 0xf, 0xff, 0xb7,
    0xff, 0xc1, 0xff, 0xf6, 0xff, 0xf8, 0x3f, 0xfe,
    0xdf, 0xff, 0x7, 0xff, 0xdb, 0xff, 0xe0, 0xff,
    0xfb, 0x7f, 0xfc, 0x1f, 0xff, 0x6f, 0xff, 0x83,
    0xff, 0xed, 0xff, 0xe4, 0x3f, 0xfe, 0xd7, 0xfe,
    0x43, 0xff, 0xf1, 0x7f, 0x90, 0xff, 0xfd, 0x5f,
    0x90, 0xff, 0xfe, 0x5e, 0x43, 0xff, 0xfd, 0x21,
    0xc0,

    /* U+0035 "5" */
    0x9, 0xff, 0xff, 0x78, 0x7f, 0xf1, 0x9f, 0xff,
    0xf7, 0x87, 0xff, 0x5, 0xc, 0xff, 0xff, 0xbc,
    0x3f, 0xf8, 0x16, 0x19, 0xff, 0xff, 0x78, 0x7f,
    0xd7, 0x83, 0x3f, 0xff, 0xef, 0xf, 0xf5, 0xf0,
    0x67, 0xff, 0xfd, 0xe1, 0xfd, 0x7e, 0xc, 0xff,
    0xff, 0xb6, 0xf, 0xeb, 0xf8, 0x33, 0xff, 0xfe,
    0xb8, 0x3f, 0xd7, 0xf8, 0x33, 0xff, 0xfe, 0x94,
    0x3f, 0xeb, 0xfe, 0xc, 0xff, 0xff, 0x9d, 0xf,
    0xfe, 0x5, 0xff, 0x83, 0x35, 0xff, 0xe5, 0x43,
    0xff, 0x83, 0x7f, 0xf0, 0x7f, 0xfd, 0xef, 0xff,
    0x7, 0xff, 0xda, 0xff, 0xf0, 0x7f, 0xfd, 0xaf,
    0xff, 0x7, 0xff, 0xda, 0xff, 0xf0, 0x7f, 0xfd,
    0xaf, 0xff, 0x7, 0xff, 0xda, 0xff, 0xf0, 0x7f,
    0xfd, 0xaf, 0xff, 0x7, 0xff, 0xda, 0xff, 0xf0,
    0x7f, 0xfd, 0xaf, 0xff, 0x7, 0xff, 0xda, 0xff,
    0xf0, 0x7f, 0xfd, 0xaf, 0xff, 0x7, 0xff, 0xda,
    0xff, 0xf0, 0x7f, 0xfd, 0xaf, 0xff, 0x7, 0xff,
    0xda, 0xff, 0xf0, 0x7f, 0xfd, 0xaf, 0xff, 0x7,
    0xff, 0xda, 0xff, 0xf0, 0x7f, 0xfd, 0xaf, 0xff,
    0x7, 0xff, 0xda, 0xff, 0xf0, 0x7f, 0xfd, 0xaf,
    0xff, 0x7, 0xff, 0xda, 0xff, 0xf0, 0x7f, 0xfd,
    0xaf, 0xff, 0x7, 0xff, 0xda, 0xff, 0xf0, 0x7f,
    0xfd, 0xaf, 0xff, 0x7, 0xff, 0xda, 0xff, 0xf0,
    0x7f, 0xfd, 0xaf, 0xff, 0x7, 0xff, 0xda, 0xff,
    0xf0, 0x7f, 0xfd, 0xaf, 0xff, 0x7, 0xff, 0xda,
    0xff, 0xf0, 0x7f, 0xfd, 0xaf, 0xff, 0x7, 0xff,
    0xda, 0xff, 0xf0, 0x7f, 0xfd, 0xaf, 0xff, 0x7,
    0xff, 0xda, 0xff, 0xf0, 0x7f, 0xfd, 0xaf, 0xff,
    0x7, 0xff, 0xda, 0xff, 0xf0, 0x7f, 0xfd, 0xaf,
    0xff, 0x7, 0xff, 0xda, 0xff, 0xf0, 0x7f, 0xfd,
    0xaf, 0xff, 0x7, 0xff, 0xda, 0xff, 0xf0, 0x7f,
    0xfd, 0xaf, 0xff, 0x7, 0xff, 0xda, 0xff, 0xf0,
    0x7f, 0xfd, 0xaf, 0xff, 0x7, 0xff, 0xda, 0xff,
    0xf0, 0x7f, 0xfd, 0xaf, 0xff, 0x7, 0xff, 0xda,
    0xff, 0xf0, 0x7f, 0xfd, 0xaf, 0xff, 0x7, 0xff,
    0xda, 0xff, 0xe0, 0xff, 0xfb, 0xdf, 0xf8, 0x35,
    0xff, 0xfe, 0x58, 0x3f, 0xf8, 0x37, 0xfc, 0x1a,
    0xff, 0xff, 0x3c, 0x1f, 0xfc, 0xb, 0xfc, 0x1a,
    0xff, 0xff, 0x4c, 0x1f, 0xf5, 0xfc, 0x1a, 0xff,
    0xff, 0x5c, 0x1f, 0xfc, 0x7b, 0xff, 0xfd, 0xb0,
    0x7f, 0xf1, 0xbf, 0xff, 0xde, 0x87, 0xff, 0x15,
    0xff, 0xff, 0x6a, 0x19, 0x78, 0x3f, 0xcf, 0xff,
    0xfa, 0xd0, 0x9f, 0xf0, 0x7f, 0xcf, 0xff, 0xfa,
    0x50, 0x9f, 0xf8, 0x3f, 0xf8, 0xf, 0xff, 0xf9,
    0xd0, 0x9f, 0xfc, 0x1f, 0xfc, 0x16, 0xbf, 0xfc,
    0xa8, 0x4f, 0xff, 0x7, 0xff, 0xd9, 0xff, 0xf0,
    0x7f, 0xfd, 0xbf, 0xfe, 0xf, 0xff, 0xb7, 0xff,
    0xc1, 0xff, 0xf6, 0xff, 0xf8, 0x3f, 0xfe, 0xdf,
    0xff, 0x7, 0xff, 0xdb, 0xff, 0xe0, 0xff, 0xfb,
    0x7f, 0xfc, 0x1f, 0xff, 0x6f, 0xff, 0x83, 0xff,
    0xed, 0xff, 0xf0, 0x7f, 0xfd, 0xbf, 0xfe, 0xf,
    0xff, 0xb7, 0xff, 0xc1, 0xff, 0xf6, 0xff, 0xf8,
    0x3f, 0xfe, 0xdf, 0xff, 0x7, 0xff, 0xdb, 0xff,
    0xe0, 0xff, 0xfb, 0x7f, 0xfc, 0x1f, 0xff, 0x6f,
    0xff, 0x83, 0xff, 0xed, 0xff, 0xf0, 0x7f, 0xfd,
    0xbf, 0xfe, 0xf, 0xff, 0xb7, 0xff, 0xc1, 0xff,
    0xf6, 0xff, 0xf8, 0x3f, 0xfe, 0xdf, 0xff, 0x7,
    0xff, 0xdb, 0xff, 0xe0, 0xff, 0xfb, 0x7f, 0xfc,
    0x1f, 0xff, 0x6f, 0xff, 0x83, 0xff, 0xed, 0xff,
    0xf0, 0x7f, 0xfd, 0xbf, 0xfe, 0xf, 0xff, 0xb7,
    0xff, 0xc1, 0xff, 0xf6, 0xff, 0xf8, 0x3f, 0xfe,
    0xdf, 0xff, 0x7, 0xff, 0xdb, 0xff, 0xe0, 0xff,
    0xfb, 0x7f, 0xfc, 0x1f, 0xff, 0x6f, 0xff, 0x83,
    0xff, 0xed, 0xff, 0xf0, 0x7f, 0xfd, 0xbf, 0xfe,
    0xf, 0xff, 0xb7, 0xff, 0xc1, 0xff, 0xf6, 0xff,
    0xf8, 0x3f, 0xfe, 0xdf, 0xff, 0x7, 0xff, 0xdb,
    0xff, 0xe0, 0xff, 0xfb, 0x7f, 0xfc, 0x1f, 0xff,
    0x6f, 0xff, 0x83, 0xff, 0xed, 0xff, 0xf0, 0x7f,
    0xfd, 0xbf, 0xfe, 0xf, 0xff, 0xb7, 0xff, 0xc1,
    0xff, 0xf6, 0xff, 0xf8, 0x3f, 0xfe, 0xdf, 0xfe,
    0x43, 0xff, 0xed, 0xff, 0xc8, 0x7f, 0xfe, 0x3f,
    0xe4, 0x3f, 0xf8, 0x6d, 0x7f, 0xf9, 0x50, 0xdf,
    0xc8, 0x7f, 0xf0, 0xdf, 0xff, 0xf3, 0xa1, 0xaf,
    0x21, 0xff, 0xc4, 0xff, 0xff, 0x4a, 0x1a, 0x43,
    0xff, 0x89, 0xff, 0xfe, 0xb8, 0x3f, 0xf9, 0x1f,
    0xff, 0xed, 0x83, 0xff, 0x8d, 0xff, 0xfe, 0xf0,
    0xff, 0xe3, 0x3f, 0xff, 0xed, 0xf, 0xfe, 0x43,
    0xff, 0xfe, 0xb0, 0xff, 0xe5, 0x3f, 0xff, 0xe9,
    0xf, 0xfe, 0x63, 0xff, 0xfe, 0x70, 0xff, 0xe7,
    0x3f, 0xff, 0xe5, 0xf, 0xfe, 0x10,

    /* U+0036 "6" */
    0xf, 0xff, 0xf8, 0x7d, 0x61, 0xff, 0xfe, 0xbe,
    0xf, 0xff, 0xe5, 0xfc, 0x1f, 0xff, 0xab, 0xfe,
    0xf, 0xff, 0xc7, 0xff, 0x83, 0xff, 0xed, 0x7f,
    0xf8, 0x3f, 0xfe, 0xd7, 0xff, 0x83, 0xff, 0xed,
    0x7f, 0xf8, 0x3f, 0xfe, 0xd7, 0xff, 0x83, 0xff,
    0xed, 0x7f, 0xf8, 0x3f, 0xfe, 0xd7, 0xff, 0x83,
    0xff, 0xed, 0x7f, 0xf8, 0x3f, 0xfe, 0xd7, 0xff,
    0x83, 0xff, 0xed, 0x7f, 0xf8, 0x3f, 0xfe, 0xd7,
    0xff, 0x83, 0xff, 0xed, 0x7f, 0xf8, 0x3f, 0xfe,
    0xd7, 0xff, 0x83, 0xff, 0xed, 0x7f, 0xf8, 0x3f,
    0xfe, 0xd7, 0xff, 0x83, 0xff, 0xed, 0x7f, 0xf8,
    0x3f, 0xfe, 0xd7, 0xff, 0x83, 0xff, 0xed, 0x7f,
    0xf8, 0x3f, 0xfe, 0xd7, 0xff, 0x83, 0xff, 0xed,
    0x7f, 0xf8, 0x3f, 0xfe, 0xd7, 0xff, 0x83, 0xff,
    0xed, 0x7f, 0xf8, 0x3f, 0xfe, 0xd7, 0xff, 0x83,
    0xff, 0xed, 0x7f, 0xf8, 0x3f, 0xfe, 0xd7, 0xff,
    0x83, 0xff, 0xed, 0x7f, 0xf8, 0x3f, 0xfe, 0xd7,
    0xff, 0x83, 0xff, 0xed, 0x7f, 0xf8, 0x3f, 0xfe,
    0xd7, 0xff, 0x83, 0xff, 0xed, 0x7f, 0xf8, 0x3f,
    0xfe, 0xd7, 0xff, 0x83, 0xff, 0xed, 0x7f, 0xf8,
    0x3f, 0xfe, 0xd7, 0xff, 0x83, 0xff, 0xed, 0x7f,
    0xf8, 0x3f, 0xfe, 0xd7, 0xff, 0x83, 0xff, 0xed,
    0x7f, 0xf8, 0x3f, 0xfe, 0xd7, 0xff, 0x83, 0xff,
    0xed, 0x7f, 0xf8, 0x3f, 0xfe, 0xd7, 0xff, 0x83,
    0xff, 0xed, 0x7f, 0xf8, 0x3f, 0xfe, 0xd7, 0xff,
    0x83, 0xff, 0xed, 0x7f, 0xf8, 0x3f, 0xfe, 0xd7,
    0xff, 0x83, 0xff, 0xed, 0x7f, 0xf8, 0x3f, 0xfe,
    0xd7, 0xff, 0x83, 0xff, 0xed, 0x7f, 0xf8, 0x3f,
    0xfe, 0xd7, 0xff, 0x83, 0xff, 0xed, 0x7f, 0xf8,
    0x3f, 0xfe, 0xd7, 0xff, 0x83, 0xff, 0xed, 0x7f,
    0xf8, 0x3f, 0xfe, 0xd7, 0xff, 0x83, 0xff, 0xed,
    0x7f, 0xf8, 0x3f, 0xfe, 0xd7, 0xff, 0x83, 0xff,
    0xed, 0x7f, 0xf0, 0x7f, 0xfd, 0xef, 0xfc, 0x1a,
    0xff, 0xff, 0x2c, 0x1f, 0xfc, 0x1b, 0xfe, 0xd,
    0x7f, 0xff, 0x9e, 0xf, 0xfe, 0x5, 0xfe, 0xd,
    0x7f, 0xff, 0xa6, 0xf, 0xfa, 0xfe, 0xd, 0x7f,
    0xff, 0xae, 0xf, 0xfe, 0x3d, 0xff, 0xfe, 0xd8,
    0x3f, 0xf8, 0xdf, 0xff, 0xef, 0x43, 0xf3, 0x59,
    0x9, 0xff, 0xff, 0x6a, 0x1f, 0xd7, 0xf4, 0x13,
    0xff, 0xfe, 0xb4, 0x27, 0x83, 0x5f, 0xe8, 0x27,
    0xff, 0xfd, 0x28, 0x4f, 0xd0, 0x57, 0xfd, 0x4,
    0xff, 0xff, 0x9d, 0x9, 0xfe, 0x81, 0x7f, 0xe8,
    0x26, 0xbf, 0xfc, 0xa8, 0x4f, 0xfd, 0x17, 0xff,
    0x41, 0xff, 0xeb, 0x7f, 0xf9, 0xbf, 0xfc, 0x1f,
    0xfe, 0xbf, 0xff, 0xaf, 0xff, 0x7, 0xff, 0xaf,
    0xff, 0xeb, 0xff, 0xc1, 0xff, 0xeb, 0xff, 0xfa,
    0xff, 0xf0, 0x7f, 0xfa, 0xff, 0xfe, 0xbf, 0xfc,
    0x1f, 0xfe, 0xbf, 0xff, 0xaf, 0xff, 0x7, 0xff,
    0xaf, 0xff, 0xeb, 0xff, 0xc1, 0xff, 0xeb, 0xff,
    0xfa, 0xff, 0xf0, 0x7f, 0xfa, 0xff, 0xfe, 0xbf,
    0xfc, 0x1f, 0xfe, 0xbf, 0xff, 0xaf, 0xff, 0x7,
    0xff, 0xaf, 0xff, 0xeb, 0xff, 0xc1, 0xff, 0xeb,
    0xff, 0xfa, 0xff, 0xf0, 0x7f, 0xfa, 0xff, 0xfe,
    0xbf, 0xfc, 0x1f, 0xfe, 0xbf, 0xff, 0xaf, 0xff,
    0x7, 0xff, 0xaf, 0xff, 0xeb, 0xff, 0xc1, 0xff,
    0xeb, 0xff, 0xfa, 0xff, 0xf0, 0x7f, 0xfa, 0xff,
    0xfe, 0xbf, 0xfc, 0x1f, 0xfe, 0xbf, 0xff, 0xaf,
    0xff, 0x7, 0xff, 0xaf, 0xff, 0xeb, 0xff, 0xc1,
    0xff, 0xeb, 0xff, 0xfa, 0xff, 0xf0, 0x7f, 0xfa,
    0xff, 0xfe, 0xbf, 0xfc, 0x1f, 0xfe, 0xbf, 0xff,
    0xaf, 0xff, 0x7, 0xff, 0xaf, 0xff, 0xeb, 0xff,
    0xc1, 0xff, 0xeb, 0xff, 0xfa, 0xff, 0xf0, 0x7f,
    0xfa, 0xff, 0xfe, 0xbf, 0xfc, 0x1f, 0xfe, 0xbf,
    0xff, 0xaf, 0xff, 0x7, 0xff, 0xaf, 0xff, 0xeb,
    0xff, 0xc1, 0xff, 0xeb, 0xff, 0xfa, 0xff, 0xf0,
    0x7f, 0xfa, 0xff, 0xfe, 0xbf, 0xfc, 0x1f, 0xfe,
    0xbf, 0xff, 0xaf, 0xff, 0x7, 0xff, 0xaf, 0xff,
    0xeb, 0xff, 0xc1, 0xff, 0xeb, 0xff, 0xfa, 0xff,
    0xf0, 0x7f, 0xfa, 0xff, 0xfe, 0xbf, 0xfc, 0x1f,
    0xfe, 0xbf, 0xff, 0xaf, 0xff, 0x7, 0xff, 0xaf,
    0xff, 0xeb, 0xff, 0xc1, 0xff, 0xeb, 0xff, 0xfa,
    0xff, 0xf0, 0x7f, 0xfa, 0xff, 0xfe, 0xbf, 0xfc,
    0x1f, 0xfe, 0xbf, 0xff, 0xaf, 0xff, 0x7, 0xff,
    0xaf, 0xff, 0xeb, 0xff, 0xc1, 0xff, 0xeb, 0xff,
    0xfa, 0xff, 0xf0, 0x7f, 0xfa, 0xff, 0xfe, 0xbf,
    0xfc, 0x1f, 0xfe, 0xbf, 0xff, 0xaf, 0xff, 0x7,
    0xff, 0xaf, 0xff, 0xeb, 0xff, 0xc1, 0xff, 0xeb,
    0xff, 0xf9, 0xff, 0xf0, 0x7f, 0xfa, 0xff, 0xfc,
    0x8f, 0xff, 0x7, 0xff, 0xaf, 0xff, 0x90, 0x9f,
    0xf8, 0x3f, 0xfd, 0xbf, 0xf2, 0x1c, 0xff, 0x6,
    0x6b, 0xff, 0xca, 0x86, 0xfe, 0x43, 0xe7, 0xe0,
    0xcf, 0xff, 0xf9, 0xd0, 0xd7, 0x90, 0xfe, 0x60,
    0xef, 0xff, 0xf4, 0xa1, 0xa4, 0x3f, 0xf8, 0x9f,
    0xff, 0xeb, 0x83, 0xff, 0x91, 0xff, 0xfe, 0xd8,
    0x3f, 0xf8, 0xdf, 0xff, 0xef, 0xf, 0xfe, 0x33,
    0xff, 0xfe, 0xd0, 0xff, 0xe4, 0x3f, 0xff, 0xeb,
    0xf, 0xfe, 0x53, 0xff, 0xfe, 0x90, 0xff, 0xe6,
    0x3f, 0xff, 0xe7, 0xf, 0xfe, 0x73, 0xff, 0xfe,
    0x50, 0xff, 0xe1, 0x0,

    /* U+0037 "7" */
    0xf, 0x7f, 0xff, 0xbd, 0xf, 0xdf, 0xff, 0xef,
    0x43, 0xf7, 0xff, 0xfb, 0xd0, 0xd0, 0x5f, 0xff,
    0xef, 0x43, 0x78, 0x1f, 0xff, 0xef, 0x43, 0x7c,
    0x7f, 0xff, 0xbd, 0xd, 0xf8, 0x1f, 0xff, 0xed,
    0x43, 0x7f, 0x5, 0xff, 0xfe, 0xb4, 0x37, 0xf8,
    0x37, 0xff, 0xfa, 0x50, 0xdf, 0xf0, 0x77, 0xff,
    0xf9, 0xd0, 0xdf, 0xf8, 0x3d, 0x5f, 0xfe, 0x54,
    0x37, 0xff, 0x7, 0xff, 0xbf, 0xff, 0xc1, 0xff,
    0xee, 0xff, 0xf8, 0x3f, 0xfd, 0xdf, 0xff, 0x7,
    0xff, 0xbb, 0xff, 0xe0, 0xff, 0xf7, 0x7f, 0xfc,
    0x1f, 0xfe, 0xef, 0xff, 0x83, 0xff, 0xdd, 0xff,
    0xf0, 0x7f, 0xfb, 0xbf, 0xfe, 0xf, 0xff, 0x77,
    0xff, 0xc1, 0xff, 0xee, 0xff, 0xf8, 0x3f, 0xfd,
    0xdf, 0xff, 0x7, 0xff, 0xbb, 0xff, 0xe0, 0xff,
    0xf7, 0x7f, 0xfc, 0x1f, 0xfe, 0xef, 0xff, 0x83,
    0xff, 0xdd, 0xff, 0xf0, 0x7f, 0xfb, 0xbf, 0xfe,
    0xf, 0xff, 0x77, 0xff, 0xc1, 0xff, 0xee, 0xff,
    0xf8, 0x3f, 0xfd, 0xdf, 0xff, 0x7, 0xff, 0xbb,
    0xff, 0xe0, 0xff, 0xf7, 0x7f, 0xfc, 0x1f, 0xfe,
    0xef, 0xff, 0x83, 0xff, 0xdd, 0xff, 0xf0, 0x7f,
    0xfb, 0xbf, 0xfe, 0xf, 0xff, 0x77, 0xff, 0xc1,
    0xff, 0xee, 0xff, 0xf8, 0x3f, 0xfd, 0xdf, 0xff,
    0x7, 0xff, 0xbb, 0xff, 0xe0, 0xff, 0xf7, 0x7f,
    0xfc, 0x1f, 0xfe, 0xef, 0xff, 0x83, 0xff, 0xdd,
    0xff, 0xf0, 0x7f, 0xfb, 0xbf, 0xfe, 0xf, 0xff,
    0x77, 0xff, 0xc1, 0xff, 0xee, 0xff, 0xf8, 0x3f,
    0xfd, 0xdf, 0xff, 0x7, 0xff, 0xbb, 0xff, 0xe0,
    0xff, 0xf7, 0x7f, 0xfc, 0x1f, 0xfe, 0xef, 0xff,
    0x83, 0xff, 0xdd, 0xff, 0xf0, 0x7f, 0xfb, 0xbf,
    0xfe, 0xf, 0xff, 0x77, 0xff, 0xc1, 0xff, 0xee,
    0xff, 0xf8, 0x3f, 0xfd, 0xdf, 0xff, 0x7, 0xff,
    0xbb, 0xff, 0xe0, 0xff, 0xf7, 0x7f, 0xfc, 0x1f,
    0xfe, 0xef, 0xff, 0x83, 0xff, 0xdc, 0xff, 0xf8,
    0x3f, 0xfd, 0xef, 0xff, 0x7, 0xff, 0xc1, 0xff,
    0xc1, 0xff, 0xf1, 0x7f, 0xe0, 0xff, 0xf9, 0x3f,
    0xe0, 0xff, 0xf9, 0xaf, 0x83, 0xff, 0xfe, 0x1f,
    0xff, 0xf0, 0xff, 0xf3, 0xdf, 0xa0, 0xff, 0xf9,
    0x5f, 0xe0, 0xff, 0xf8, 0xdf, 0xf0, 0x7f, 0xfc,
    0x2f, 0xfc, 0x1f, 0xfe, 0xfb, 0xff, 0x83, 0xff,
    0xdd, 0x7f, 0xf8, 0x3f, 0xfd, 0xdf, 0xff, 0x7,
    0xff, 0xbb, 0xff, 0xe0, 0xff, 0xf7, 0x7f, 0xfc,
    0x1f, 0xfe, 0xef, 0xff, 0x83, 0xff, 0xdd, 0xff,
    0xf0, 0x7f, 0xfb, 0xbf, 0xfe, 0xf, 0xff, 0x77,
    0xff, 0xc1, 0xff, 0xee, 0xff, 0xf8, 0x3f, 0xfd,
    0xdf, 0xff, 0x7, 0xff, 0xbb, 0xff, 0xe0, 0xff,
    0xf7, 0x7f, 0xfc, 0x1f, 0xfe, 0xef, 0xff, 0x83,
    0xff, 0xdd, 0xff, 0xf0, 0x7f, 0xfb, 0xbf, 0xfe,
    0xf, 0xff, 0x77, 0xff, 0xc1, 0xff, 0xee, 0xff,
    0xf8, 0x3f, 0xfd, 0xdf, 0xff, 0x7, 0xff, 0xbb,
    0xff, 0xe0, 0xff, 0xf7, 0x7f, 0xfc, 0x1f, 0xfe,
    0xef, 0xff, 0x83, 0xff, 0xdd, 0xff, 0xf0, 0x7f,
    0xfb, 0xbf, 0xfe, 0xf, 0xff, 0x77, 0xff, 0xc1,
    0xff, 0xee, 0xff, 0xf8, 0x3f, 0xfd, 0xdf, 0xff,
    0x7, 0xff, 0xbb, 0xff, 0xe0, 0xff, 0xf7, 0x7f,
    0xfc, 0x1f, 0xfe, 0xef, 0xff, 0x83, 0xff, 0xdd,
    0xff, 0xf0, 0x7f, 0xfb, 0xbf, 0xfe, 0xf, 0xff,
    0x77, 0xff, 0xc1, 0xff, 0xee, 0xff, 0xf8, 0x3f,
    0xfd, 0xdf, 0xff, 0x7, 0xff, 0xbb, 0xff, 0xe0,
    0xff, 0xf7, 0x7f, 0xfc, 0x1f, 0xfe, 0xef, 0xff,
    0x83, 0xff, 0xdd, 0xff, 0xf0, 0x7f, 0xfb, 0xbf,
    0xfe, 0xf, 0xff, 0x77, 0xff, 0xc1, 0xff, 0xee,
    0xff, 0xf8, 0x3f, 0xfd, 0xdf, 0xff, 0x7, 0xff,
    0xbb, 0xff, 0xe0, 0xff, 0xf7, 0x7f, 0xfc, 0x1f,
    0xfe, 0xef, 0xff, 0x83, 0xff, 0xdd, 0xff, 0xf0,
    0x7f, 0xfb, 0xbf, 0xfe, 0xf, 0xff, 0x77, 0xff,
    0xc1, 0xff, 0xee, 0xff, 0xf8, 0x3f, 0xfd, 0xdf,
    0xff, 0x7, 0xff, 0xbb, 0xff, 0xe0, 0xff, 0xf7,
    0x7f, 0xfa, 0xf, 0xff, 0x77, 0xff, 0x83, 0xff,
    0xe1, 0xff, 0x83, 0xff, 0xe5, 0xfe, 0xf, 0xff,
    0xa7, 0xe0, 0xff, 0xfb, 0x78, 0x3f, 0xff, 0xc0,

    /* U+0038 "8" */
    0xf, 0xfe, 0x17, 0xff, 0xf9, 0x43, 0xff, 0x9f,
    0xff, 0xfe, 0x70, 0xff, 0xe6, 0xff, 0xff, 0xa4,
    0x3f, 0xf9, 0x7f, 0xff, 0xeb, 0xf, 0xfe, 0x4f,
    0xff, 0xfb, 0x43, 0xff, 0x8f, 0xff, 0xfe, 0xf0,
    0xff, 0xe3, 0xff, 0xff, 0xb6, 0xf, 0xfe, 0x47,
    0xff, 0xfa, 0xe0, 0xff, 0xe1, 0xb8, 0x77, 0xff,
    0xfa, 0x50, 0xd2, 0x1f, 0xcf, 0xc1, 0x9f, 0xff,
    0xf3, 0xa1, 0xaf, 0x21, 0xf3, 0xfc, 0x19, 0xaf,
    0xff, 0x2a, 0x1b, 0xf9, 0xe, 0x7f, 0xe0, 0xff,
    0xf6, 0xff, 0xc8, 0x4f, 0xff, 0x7, 0xff, 0xaf,
    0xff, 0x91, 0xff, 0xf0, 0x7f, 0xfa, 0xff, 0xfc,
    0xdf, 0xfe, 0xf, 0xff, 0x5f, 0xff, 0xd7, 0xff,
    0x83, 0xff, 0xd7, 0xff, 0xf5, 0xff, 0xe0, 0xff,
    0xf5, 0xff, 0xfd, 0x7f, 0xf8, 0x3f, 0xfd, 0x7f,
    0xff, 0x5f, 0xfe, 0xf, 0xff, 0x5f, 0xff, 0xd7,
    0xff, 0x83, 0xff, 0xd7, 0xff, 0xf5, 0xff, 0xe0,
    0xff, 0xf5, 0xff, 0xfd, 0x7f, 0xf8, 0x3f, 0xfd,
    0x7f, 0xff, 0x5f, 0xfe, 0xf, 0xff, 0x5f, 0xff,
    0xd7, 0xff, 0x83, 0xff, 0xd7, 0xff, 0xf5, 0xff,
    0xe0, 0xff, 0xf5, 0xff, 0xfd, 0x7f, 0xf8, 0x3f,
    0xfd, 0x7f, 0xff, 0x5f, 0xfe, 0xf, 0xff, 0x5f,
    0xff, 0xd7, 0xff, 0x83, 0xff, 0xd7, 0xff, 0xf5,
    0xff, 0xe0, 0xff, 0xf5, 0xff, 0xfd, 0x7f, 0xf8,
    0x3f, 0xfd, 0x7f, 0xff, 0x5f, 0xfe, 0xf, 0xff,
    0x5f, 0xff, 0xd7, 0xff, 0x83, 0xff, 0xd7, 0xff,
    0xf5, 0xff, 0xe0, 0xff, 0xf5, 0xff, 0xfd, 0x7f,
    0xf8, 0x3f, 0xfd, 0x7f, 0xff, 0x5f, 0xfe, 0xf,
    0xff, 0x5f, 0xff, 0xd7, 0xff, 0x83, 0xff, 0xd7,
    0xff, 0xf5, 0xff, 0xe0, 0xff, 0xf5, 0xff, 0xfd,
    0x7f, 0xf8, 0x3f, 0xfd, 0x7f, 0xff, 0x5f, 0xfe,
    0xf, 0xff, 0x5f, 0xff, 0xd7, 0xff, 0x83, 0xff,
    0xd7, 0xff, 0xf5, 0xff, 0xe0, 0xff, 0xf5, 0xff,
    0xfd, 0x7f, 0xf8, 0x3f, 0xfd, 0x7f, 0xff, 0x5f,
    0xfe, 0xf, 0xff, 0x5f, 0xff, 0xd7, 0xff, 0x83,
    0xff, 0xd7, 0xff, 0xf5, 0xff, 0xe0, 0xff, 0xf5,
    0xff, 0xfd, 0x7f, 0xf8, 0x3f, 0xfd, 0x7f, 0xff,
    0x5f, 0xfe, 0xf, 0xff, 0x5f, 0xff, 0xd7, 0xff,
    0x83, 0xff, 0xd7, 0xff, 0xf5, 0xff, 0xe0, 0xff,
    0xf5, 0xff, 0xfd, 0x7f, 0xf8, 0x3f, 0xfd, 0x7f,
    0xff, 0x5f, 0xfe, 0xf, 0xff, 0x5f, 0xff, 0xd7,
    0xff, 0x83, 0xff, 0xd7, 0xff, 0xf5, 0xff, 0xe0,
    0xff, 0xf5, 0xff, 0xfd, 0x7f, 0xf8, 0x3f, 0xfd,
    0x7f, 0xff, 0x5f, 0xfe, 0xf, 0xff, 0x5f, 0xff,
    0xd7, 0xff, 0x83, 0xff, 0xd7, 0xff, 0xf5, 0xff,
    0xe0, 0xff, 0xf5, 0xff, 0xfa, 0x2f, 0xfc, 0x1f,
    0xfe, 0xdf, 0xfe, 0xa, 0xff, 0x6, 0xbf, 0xff,
    0xcb, 0x6, 0xff, 0x83, 0xbf, 0x83, 0x5f, 0xff,
    0xe7, 0x83, 0x7f, 0x7, 0xdf, 0x6, 0xbf, 0xff,
    0xd3, 0x6, 0xf8, 0x3f, 0xa0, 0xd7, 0xff, 0xfa,
    0xe0, 0xd0, 0x7f, 0xf0, 0xaf, 0xff, 0xf6, 0xc1,
    0xff, 0xc6, 0xff, 0xff, 0x7a, 0x1f, 0xfc, 0x14,
    0x27, 0xff, 0xfd, 0xa8, 0x7f, 0xf0, 0x5e, 0x9,
    0xff, 0xff, 0x5a, 0x13, 0xa1, 0xf3, 0xf4, 0x13,
    0xff, 0xfe, 0x94, 0x27, 0xe4, 0x39, 0xfe, 0x82,
    0x7f, 0xff, 0xce, 0x84, 0xff, 0x21, 0xbf, 0xe8,
    0x26, 0xbf, 0xfc, 0xa8, 0x4f, 0xfc, 0x83, 0xff,
    0xa0, 0xff, 0xf5, 0xbf, 0xfc, 0x5f, 0xfe, 0xf,
    0xff, 0x5f, 0xff, 0xa9, 0xff, 0xe0, 0xff, 0xf5,
    0xff, 0xfd, 0x7f, 0xf8, 0x3f, 0xfd, 0x7f, 0xff,
    0x5f, 0xfe, 0xf, 0xff, 0x5f, 0xff, 0xd7, 0xff,
    0x83, 0xff, 0xd7, 0xff, 0xf5, 0xff, 0xe0, 0xff,
    0xf5, 0xff, 0xfd, 0x7f, 0xf8, 0x3f, 0xfd, 0x7f,
    0xff, 0x5f, 0xfe, 0xf, 0xff, 0x5f, 0xff, 0xd7,
    0xff, 0x83, 0xff, 0xd7, 0xff, 0xf5, 0xff, 0xe0,
    0xff, 0xf5, 0xff, 0xfd, 0x7f, 0xf8, 0x3f, 0xfd,
    0x7f, 0xff, 0x5f, 0xfe, 0xf, 0xff, 0x5f, 0xff,
    0xd7, 0xff, 0x83, 0xff, 0xd7, 0xff, 0xf5, 0xff,
    0xe0, 0xff, 0xf5, 0xff, 0xfd, 0x7f, 0xf8, 0x3f,
    0xfd, 0x7f, 0xff, 0x5f, 0xfe, 0xf, 0xff, 0x5f,
    0xff, 0xd7, 0xff, 0x83, 0xff, 0xd7, 0xff, 0xf5,
    0xff, 0xe0, 0xff, 0xf5, 0xff, 0xfd, 0x7f, 0xf8,
    0x3f, 0xfd, 0x7f, 0xff, 0x5f, 0xfe, 0xf, 0xff,
    0x5f, 0xff, 0xd7, 0xff, 0x83, 0xff, 0xd7, 0xff,
    0xf5, 0xff, 0xe0, 0xff, 0xf5, 0xff, 0xfd, 0x7f,
    0xf8, 0x3f, 0xfd, 0x7f, 0xff, 0x5f, 0xfe, 0xf,
    0xff, 0x5f, 0xff, 0xd7, 0xff, 0x83, 0xff, 0xd7,
    0xff, 0xf5, 0xff, 0xe0, 0xff, 0xf5, 0xff, 0xfd,
    0x7f, 0xf8, 0x3f, 0xfd, 0x7f, 0xff, 0x5f, 0xfe,
    0xf, 0xff, 0x5f, 0xff, 0xd7, 0xff, 0x83, 0xff,
    0xd7, 0xff, 0xf5, 0xff, 0xe0, 0xff, 0xf5, 0xff,
    0xfd, 0x7f, 0xf8, 0x3f, 0xfd, 0x7f, 0xff, 0x5f,
    0xfe, 0xf, 0xff, 0x5f, 0xff, 0xd7, 0xff, 0x83,
    0xff, 0xd7, 0xff, 0xf5, 0xff, 0xe0, 0xff, 0xf5,
    0xff, 0xfd, 0x7f, 0xf8, 0x3f, 0xfd, 0x7f, 0xff,
    0x5f, 0xfe, 0xf, 0xff, 0x5f, 0xff, 0xd7, 0xff,
    0x83, 0xff, 0xd7, 0xff, 0xf5, 0xff, 0xe0, 0xff,
    0xf5, 0xff, 0xfd, 0x7f, 0xf8, 0x3f, 0xfd, 0x7f,
    0xff, 0x5f, 0xfe, 0xf, 0xff, 0x5f, 0xff, 0xd7,
    0xff, 0x83, 0xff, 0xd7, 0xff, 0xf5, 0xff, 0xe0,
    0xff, 0xf5, 0xff, 0xfd, 0x7f, 0xf8, 0x3f, 0xfd,
    0x7f, 0xff, 0x3f, 0xfe, 0xf, 0xff, 0x5f, 0xff,
    0x91, 0xff, 0xe0, 0xff, 0xf5, 0xff, 0xf2, 0x13,
    0xff, 0x7, 0xff, 0xb7, 0xfe, 0x43, 0x9f, 0xe0,
    0xcd, 0x7f, 0xf9, 0x50, 0xdf, 0xc8, 0x7c, 0xfc,
    0x19, 0xff, 0xff, 0x3a, 0x1a, 0xf2, 0x1f, 0xcc,
    0x1d, 0xff, 0xfe, 0x94, 0x34, 0x87, 0xff, 0x13,
    0xff, 0xfd, 0x70, 0x7f, 0xf2, 0x3f, 0xff, 0xdb,
    0x7, 0xff, 0x1b, 0xff, 0xfd, 0xe1, 0xff, 0xc6,
    0x7f, 0xff, 0xda, 0x1f, 0xfc, 0x87, 0xff, 0xfd,
    0x61, 0xff, 0xca, 0x7f, 0xff, 0xd2, 0x1f, 0xfc,
    0xc7, 0xff, 0xfc, 0xe1, 0xff, 0xce, 0x7f, 0xff,
    0xca, 0x1f, 0xfc, 0x20,

    /* U+0039 "9" */
    0xf, 0xfe, 0x17, 0xff, 0xf9, 0x43, 0xff, 0x9f,
    0xff, 0xfe, 0x70, 0xff, 0xe6, 0xff, 0xff, 0xa4,
    0x3f, 0xf9, 0x7f, 0xff, 0xeb, 0xf, 0xfe, 0x4f,
    0xff, 0xfb, 0x43, 0xff, 0x8f, 0xff, 0xfe, 0xf0,
    0xff, 0xe3, 0xff, 0xff, 0xb6, 0xf, 0xfe, 0x47,
    0xff, 0xfa, 0xe0, 0xff, 0xe1, 0xb8, 0x77, 0xff,
    0xfa, 0x50, 0xd2, 0x1f, 0xcf, 0xc1, 0x9f, 0xff,
    0xf3, 0xa1, 0xaf, 0x21, 0xf3, 0xfc, 0x19, 0xaf,
    0xff, 0x2a, 0x1b, 0xf9, 0xe, 0x7f, 0xe0, 0xff,
    0xf6, 0xff, 0xc8, 0x4f, 0xff, 0x7, 0xff, 0xaf,
    0xff, 0x91, 0xff, 0xf0, 0x7f, 0xfa, 0xff, 0xfc,
    0xdf, 0xfe, 0xf, 0xff, 0x5f, 0xff, 0xd7, 0xff,
    0x83, 0xff, 0xd7, 0xff, 0xf5, 0xff, 0xe0, 0xff,
    0xf5, 0xff, 0xfd, 0x7f, 0xf8, 0x3f, 0xfd, 0x7f,
    0xff, 0x5f, 0xfe, 0xf, 0xff, 0x5f, 0xff, 0xd7,
    0xff, 0x83, 0xff, 0xd7, 0xff, 0xf5, 0xff, 0xe0,
    0xff, 0xf5, 0xff, 0xfd, 0x7f, 0xf8, 0x3f, 0xfd,
    0x7f, 0xff, 0x5f, 0xfe, 0xf, 0xff, 0x5f, 0xff,
    0xd7, 0xff, 0x83, 0xff, 0xd7, 0xff, 0xf5, 0xff,
    0xe0, 0xff, 0xf5, 0xff, 0xfd, 0x7f, 0xf8, 0x3f,
    0xfd, 0x7f, 0xff, 0x5f, 0xfe, 0xf, 0xff, 0x5f,
    0xff, 0xd7, 0xff, 0x83, 0xff, 0xd7, 0xff, 0xf5,
    0xff, 0xe0, 0xff, 0xf5, 0xff, 0xfd, 0x7f, 0xf8,
    0x3f, 0xfd, 0x7f, 0xff, 0x5f, 0xfe, 0xf, 0xff,
    0x5f, 0xff, 0xd7, 0xff, 0x83, 0xff, 0xd7, 0xff,
    0xf5, 0xff, 0xe0, 0xff, 0xf5, 0xff, 0xfd, 0x7f,
    0xf8, 0x3f, 0xfd, 0x7f, 0xff, 0x5f, 0xfe, 0xf,
    0xff, 0x5f, 0xff, 0xd7, 0xff, 0x83, 0xff, 0xd7,
    0xff, 0xf5, 0xff, 0xe0, 0xff, 0xf5, 0xff, 0xfd,
    0x7f, 0xf8, 0x3f, 0xfd, 0x7f, 0xff, 0x5f, 0xfe,
    0xf, 0xff, 0x5f, 0xff, 0xd7, 0xff, 0x83, 0xff,
    0xd7, 0xff, 0xf5, 0xff, 0xe0, 0xff, 0xf5, 0xff,
    0xfd, 0x7f, 0xf8, 0x3f, 0xfd, 0x7f, 0xff, 0x5f,
    0xfe, 0xf, 0xff, 0x5f, 0xff, 0xd7, 0xff, 0x83,
    0xff, 0xd7, 0xff, 0xf5, 0xff, 0xe0, 0xff, 0xf5,
    0xff, 0xfd, 0x7f, 0xf8, 0x3f, 0xfd, 0x7f, 0xff,
    0x5f, 0xfe, 0xf, 0xff, 0x5f, 0xff, 0xd7, 0xff,
    0x83, 0xff, 0xd7, 0xff, 0xf5, 0xff, 0xe0, 0xff,
    0xf5, 0xff, 0xfd, 0x7f, 0xf8, 0x3f, 0xfd, 0x7f,
    0xff, 0x5f, 0xfe, 0xf, 0xff, 0x5f, 0xff, 0xd7,
    0xff, 0x83, 0xff, 0xd7, 0xff, 0xf5, 0xff, 0xe0,
    0xff, 0xf5, 0xff, 0xfd, 0x7f, 0xf8, 0x3f, 0xfd,
    0x7f, 0xff, 0x5f, 0xfe, 0xf, 0xff, 0x5f, 0xff,
    0xd7, 0xff, 0x83, 0xff, 0xd7, 0xff, 0xf5, 0xff,
    0xe0, 0xff, 0xf5, 0xff, 0xfc, 0x5f, 0xf8, 0x3f,
    0xfd, 0xbf, 0xfe, 0x5, 0xfe, 0xd, 0x7f, 0xff,
    0x96, 0xd, 0xff, 0xc1, 0x7f, 0x6, 0xbf, 0xff,
    0xcf, 0x6, 0xff, 0xc1, 0xbe, 0xd, 0x7f, 0xff,
    0xa6, 0xd, 0xff, 0x7, 0x41, 0xaf, 0xff, 0xf5,
    0xc1, 0xbf, 0xa0, 0xfe, 0xbf, 0xff, 0xdb, 0x7,
    0xff, 0x1b, 0xff, 0xfd, 0xe8, 0x7f, 0xf1, 0x5f,
    0xff, 0xf6, 0xa1, 0x97, 0x83, 0xfc, 0xff, 0xff,
    0xad, 0x9, 0xff, 0x7, 0xfc, 0xff, 0xff, 0xa5,
    0x9, 0xff, 0x83, 0xff, 0x80, 0xff, 0xff, 0x9d,
    0x9, 0xff, 0xc1, 0xff, 0xc1, 0x6b, 0xff, 0xca,
    0x84, 0xff, 0xf0, 0x7f, 0xfd, 0x9f, 0xff, 0x7,
    0xff, 0xdb, 0xff, 0xe0, 0xff, 0xfb, 0x7f, 0xfc,
    0x1f, 0xff, 0x6f, 0xff, 0x83, 0xff, 0xed, 0xff,
    0xf0, 0x7f, 0xfd, 0xbf, 0xfe, 0xf, 0xff, 0xb7,
    0xff, 0xc1, 0xff, 0xf6, 0xff, 0xf8, 0x3f, 0xfe,
    0xdf, 0xff, 0x7, 0xff, 0xdb, 0xff, 0xe0, 0xff,
    0xfb, 0x7f, 0xfc, 0x1f, 0xff, 0x6f, 0xff, 0x83,
    0xff, 0xed, 0xff, 0xf0, 0x7f, 0xfd, 0xbf, 0xfe,
    0xf, 0xff, 0xb7, 0xff, 0xc1, 0xff, 0xf6, 0xff,
    0xf8, 0x3f, 0xfe, 0xdf, 0xff, 0x7, 0xff, 0xdb,
    0xff, 0xe0, 0xff, 0xfb, 0x7f, 0xfc, 0x1f, 0xff,
    0x6f, 0xff, 0x83, 0xff, 0xed, 0xff, 0xf0, 0x7f,
    0xfd, 0xbf, 0xfe, 0xf, 0xff, 0xb7, 0xff, 0xc1,
    0xff, 0xf6, 0xff, 0xf8, 0x3f, 0xfe, 0xdf, 0xff,
    0x7, 0xff, 0xdb, 0xff, 0xe0, 0xff, 0xfb, 0x7f,
    0xfc, 0x1f, 0xff, 0x6f, 0xff, 0x83, 0xff, 0xed,
    0xff, 0xf0, 0x7f, 0xfd, 0xbf, 0xfe, 0xf, 0xff,
    0xb7, 0xff, 0xc1, 0xff, 0xf6, 0xff, 0xf8, 0x3f,
    0xfe, 0xdf, 0xff, 0x7, 0xff, 0xdb, 0xff, 0xe0,
    0xff, 0xfb, 0x7f, 0xfc, 0x1f, 0xff, 0x6f, 0xff,
    0x83, 0xff, 0xed, 0xff, 0xf0, 0x7f, 0xfd, 0xbf,
    0xfe, 0xf, 0xff, 0xb7, 0xff, 0xc1, 0xff, 0xf6,
    0xff, 0xf8, 0x3f, 0xfe, 0xdf, 0xff, 0x7, 0xff,
    0xdb, 0xff, 0xe0, 0xff, 0xfb, 0x7f, 0xfc, 0x1f,
    0xff, 0x6f, 0xff, 0x83, 0xff, 0xed, 0xff, 0xf0,
    0x7f, 0xfd, 0xbf, 0xfe, 0xf, 0xff, 0xb7, 0xff,
    0xc1, 0xff, 0xf6, 0xff, 0xf8, 0x3f, 0xfe, 0xdf,
    0xff, 0x7, 0xff, 0xdb, 0xff, 0xe0, 0xff, 0xfb,
    0x7f, 0xfc, 0x1f, 0xff, 0x6f, 0xff, 0x83, 0xff,
    0xed, 0xff, 0xe4, 0x3f, 0xfe, 0xd7, 0xfe, 0x43,
    0xff, 0xf1, 0x7f, 0x90, 0xff, 0xfd, 0x5f, 0x90,
    0xff, 0xfe, 0x5e, 0x43, 0xff, 0xfd, 0x21, 0xc0,

    /* U+003A ":" */
    0xf, 0xfe, 0x23, 0xff, 0xfc, 0x37, 0xff, 0xf8,
    0x6f, 0xff, 0xf0, 0xdf, 0xff, 0xe1, 0xbf, 0xff,
    0xc3, 0x7f, 0xff, 0x86, 0xff, 0xff, 0xd, 0xff,
    0xfe, 0x1b, 0xff, 0xfc, 0x37, 0xff, 0xf8, 0x6f,
    0xff, 0xf0, 0xdf, 0xff, 0xe1, 0xbf, 0xff, 0xc3,
    0x7f, 0xff, 0x86, 0xff, 0xff, 0xc, 0x3f, 0xff,
    0xe1, 0xff, 0xff, 0xf, 0xff, 0xf8, 0x7f, 0xff,
    0xc3, 0xff, 0xfe, 0x1f, 0xff, 0xf0, 0xff, 0xff,
    0x87, 0xff, 0xdd, 0xff, 0xfe, 0x1b, 0xff, 0xfc,
    0x37, 0xff, 0xf8, 0x6f, 0xff, 0xf0, 0xdf, 0xff,
    0xe1, 0xbf, 0xff, 0xc3, 0x7f, 0xff, 0x86, 0xff,
    0xff, 0xd, 0xff, 0xfe, 0x1b, 0xff, 0xfc, 0x37,
    0xff, 0xf8, 0x6f, 0xff, 0xf0, 0xdf, 0xff, 0xe1,
    0xbf, 0xff, 0xc3, 0x7f, 0xff, 0x86,

    /* U+003B ";" */
    0xf, 0xfe, 0x23, 0xff, 0xfc, 0x37, 0xff, 0xf8,
    0x6f, 0xff, 0xf0, 0xdf, 0xff, 0xe1, 0xbf, 0xff,
    0xc3, 0x7f, 0xff, 0x86, 0xff, 0xff, 0xd, 0xff,
    0xfe, 0x1b, 0xff, 0xfc, 0x37, 0xff, 0xf8, 0x6f,
    0xff, 0xf0, 0xdf, 0xff, 0xe1, 0xbf, 0xff, 0xc3,
    0x7f, 0xff, 0x86, 0xff, 0xff, 0xc, 0x3f, 0xff,
    0xe1, 0xff, 0xff, 0xf, 0xff, 0xf8, 0x7f, 0xff,
    0xc3, 0xff, 0xfe, 0x1f, 0xff, 0xf0, 0xff, 0xff,
    0x87, 0xff, 0xdd, 0xff, 0xfe, 0x1b, 0xff, 0xfc,
    0x37, 0xff, 0xf8, 0x6f, 0xff, 0xf0, 0xdf, 0xff,
    0xe1, 0xbf, 0xff, 0xc3, 0x7f, 0xff, 0x86, 0xff,
    0xff, 0xd, 0xff, 0xfe, 0x1b, 0xff, 0xfc, 0x37,
    0xff, 0xf8, 0x6f, 0xff, 0xf0, 0xdf, 0xff, 0xe1,
    0xbf, 0xff, 0xc3, 0x7f, 0xff, 0x86, 0x7f, 0xff,
    0x9, 0x1f, 0xff, 0xe0, 0x41, 0x3f, 0xfe, 0x83,
    0x9f, 0xfd, 0x7, 0xcf, 0xfc, 0x1f, 0xd7, 0xf0,
    0x7f, 0xd7, 0xc1, 0xff, 0xc1, 0xb0, 0xff, 0xe5,
    0x80,

    /* U+003C "<" */
    0xf, 0xff, 0xb, 0xff, 0x7, 0xff, 0x8b, 0xff,
    0x7, 0xff, 0x87, 0xff, 0x83, 0xff, 0xc1, 0xff,
    0xe0, 0xff, 0xef, 0xff, 0xfc, 0x1f, 0xfd, 0xeb,
    0xff, 0xe0, 0xff, 0xee, 0xdf, 0xff, 0xc0, 0xf,
    0xfe, 0xe3, 0xff, 0xfc, 0x4, 0x3f, 0xfb, 0x6f,
    0xff, 0xf0, 0x20, 0xff, 0xee, 0x7f, 0xff, 0x2,
    0xf, 0xfe, 0xe7, 0xff, 0xf0, 0x43, 0xff, 0xb9,
    0xff, 0xfc, 0x10, 0xff, 0xee, 0x5f, 0xff, 0xc0,
    0x43, 0xff, 0xb7, 0x7f, 0xff, 0x1, 0xf, 0xfe,
    0xdd, 0xff, 0xfc, 0x8, 0x3f, 0xfb, 0x6f, 0xff,
    0xf0, 0x20, 0xff, 0xed, 0xbf, 0xff, 0xc1, 0xf,
    0xfe, 0xe7, 0xff, 0xf0, 0x43, 0xff, 0xb9, 0xff,
    0xfc, 0x10, 0xff, 0xee, 0x7f, 0xff, 0x5, 0xf,
    0xfe, 0xdd, 0xff, 0xfc, 0x8, 0x3f, 0xfb, 0x77,
    0xff, 0xf0, 0x20, 0xff, 0xed, 0xdf, 0xff, 0xc1,
    0xf, 0xfe, 0xdb, 0xff, 0xfc, 0x10, 0xff, 0xed,
    0xbf, 0xff, 0xc1, 0xf, 0xfe, 0xe7, 0xff, 0xf0,
    0x50, 0xff, 0xed, 0xff, 0xff, 0x5, 0xf, 0xfe,
    0xdf, 0xff, 0xf0, 0x60, 0xff, 0xed, 0xdf, 0xff,
    0xc1, 0xf, 0xfe, 0xdd, 0xff, 0xfc, 0x10, 0xff,
    0xed, 0xdf, 0xff, 0xc1, 0xf, 0xfe, 0xdb, 0xff,
    0xfc, 0x14, 0x3f, 0xfb, 0x4f, 0xff, 0xf0, 0x50,
    0xff, 0xed, 0xff, 0xff, 0x6, 0xf, 0xfe, 0xdf,
    0xff, 0xf0, 0x60, 0xff, 0xed, 0xff, 0xff, 0x8,
    0x3f, 0xfb, 0x77, 0xff, 0xf0, 0x43, 0xff, 0xb7,
    0x7f, 0xff, 0x4, 0x3f, 0xfb, 0x77, 0xff, 0xf0,
    0x50, 0xff, 0xed, 0x3f, 0xff, 0xc1, 0x83, 0xff,
    0xb4, 0xff, 0xff, 0x6, 0xf, 0xfe, 0xdf, 0xff,
    0xf0, 0x83, 0xff, 0xb7, 0xff, 0xfc, 0x20, 0xff,
    0xed, 0xff, 0xff, 0x8, 0x3f, 0xfb, 0x77, 0xff,
    0xf0, 0x50, 0xff, 0xed, 0x5f, 0xff, 0xc1, 0x43,
    0xff, 0xb4, 0xff, 0xff, 0x6, 0xf, 0xfe, 0xd3,
    0xff, 0xfc, 0x20, 0xff, 0xed, 0x3f, 0xff, 0xc2,
    0xf, 0xfe, 0xdf, 0xff, 0xf0, 0x83, 0xff, 0xb7,
    0xff, 0xfc, 0x24, 0x3f, 0xfb, 0x5f, 0xff, 0xc2,
    0x43, 0xff, 0xb4, 0xff, 0xff, 0x6, 0xf, 0xfe,
    0xdb, 0xff, 0xfc, 0x10, 0xff, 0xee, 0x3f, 0xff,
    0xc0, 0xf, 0xfe, 0xeb, 0xff, 0xf0, 0x7f, 0xf7,
    0x9f, 0xff, 0x21, 0xff, 0xde, 0x7f, 0xf9, 0xf,
    0xfe, 0xfb, 0xff, 0xa0, 0xff, 0xf0, 0x35, 0xf8,
    0x3f, 0xff, 0xe1, 0xff, 0xff, 0x9, 0xff, 0xc1,
    0xff, 0xe1, 0x7f, 0xf4, 0x1f, 0xfe, 0x7, 0xff,
    0x90, 0xff, 0xef, 0xbf, 0xfe, 0xf, 0xfe, 0xfb,
    0xff, 0xf0, 0x7f, 0xf7, 0x9f, 0xff, 0xa0, 0xff,
    0xee, 0xbf, 0xff, 0xc0, 0x43, 0xff, 0xb8, 0xff,
    0xff, 0x4, 0x3f, 0xfb, 0xb7, 0xff, 0xf0, 0x43,
    0xff, 0xbb, 0xff, 0xfc, 0x18, 0x3f, 0xfb, 0xbf,
    0xff, 0xc1, 0x43, 0xff, 0xb8, 0xff, 0xff, 0x5,
    0xf, 0xfe, 0xe5, 0xff, 0xfc, 0x10, 0xff, 0xee,
    0xff, 0xff, 0x6, 0xf, 0xfe, 0xef, 0xff, 0xf0,
    0x60, 0xff, 0xee, 0x3f, 0xff, 0xc1, 0x43, 0xff,
    0xb8, 0xff, 0xff, 0x4, 0x3f, 0xfb, 0xb7, 0xff,
    0xf0, 0x43, 0xff, 0xbb, 0xff, 0xfc, 0x18, 0x3f,
    0xfb, 0xbf, 0xff, 0xc1, 0x43, 0xff, 0xb8, 0xff,
    0xff, 0x4, 0x3f, 0xfb, 0xb7, 0xff, 0xf0, 0x43,
    0xff, 0xbb, 0xff, 0xfc, 0x18, 0x3f, 0xfb, 0xbf,
    0xff, 0xc1, 0x43, 0xff, 0xb8, 0xff, 0xff, 0x4,
    0x3f, 0xfb, 0xaf, 0xff, 0xf0, 0x43, 0xff, 0xbb,
    0x7f, 0xff, 0x2, 0xf, 0xfe, 0xef, 0xff, 0xf0,
    0x50, 0xff, 0xee, 0xff, 0xff, 0x4, 0x3f, 0xfb,
    0xaf, 0xff, 0xf0, 0x43, 0xff, 0xbb, 0x7f, 0xff,
    0x2, 0xf, 0xfe, 0xef, 0xff, 0xf0, 0x50, 0xff,
    0xee, 0xff, 0xff, 0x4, 0x3f, 0xfb, 0xaf, 0xff,
    0xf0, 0x43, 0xff, 0xba, 0xff, 0xff, 0x2, 0xf,
    0xfe, 0xed, 0xff, 0xfc, 0x4, 0x3f, 0xfb, 0xbf,
    0xff, 0xc1, 0xf, 0xfe, 0xf7, 0xff, 0xf0, 0x43,
    0xff, 0xba, 0xff, 0xff, 0x2, 0xf, 0xfe, 0xed,
    0xff, 0xfc, 0x4, 0x3f, 0xfb, 0xbf, 0xff, 0xc1,
    0xf, 0xfe, 0xf7, 0xff, 0xf0, 0x43, 0xff, 0xba,
    0xff, 0xff, 0x2, 0xf, 0xfe, 0xed, 0xff, 0xfc,
    0x4, 0x3f, 0xfb, 0xb7, 0xff, 0xf0, 0x3, 0xff,
    0xbd, 0xff, 0xfc, 0x10, 0xff, 0xef, 0x7f, 0xff,
    0x2, 0xf, 0xfe, 0xeb, 0xff, 0xfc, 0x4, 0x3f,
    0xfb, 0xb7, 0xff, 0xf0, 0x3, 0xff, 0xbd, 0xff,
    0xfc, 0x10, 0xff, 0xef, 0x7f, 0xff, 0x2, 0xf,
    0xfe, 0xeb, 0xff, 0xfc, 0x4, 0x3f, 0xfb, 0xb7,
    0xff, 0xf0, 0x3, 0xff, 0xbd, 0x7f, 0xff, 0x0,
    0x3f, 0xfb, 0xdf, 0xff, 0xc0, 0x83, 0xff, 0xbd,
    0xff, 0xfc, 0x4, 0x3f, 0xfb, 0xaf, 0xff, 0xf0,
    0x10, 0xff, 0xee, 0xdf, 0xff, 0xc0, 0xf, 0xfe,
    0xf7, 0xff, 0xf0, 0x3, 0xff, 0xbf, 0xff, 0xf0,
    0x7f, 0xf7, 0xdf, 0xff, 0x7, 0xff, 0x82, 0xff,
    0xe0, 0xff, 0xf0, 0xdf, 0xf8, 0x3f, 0xfc, 0x5f,
    0xf8, 0x3f, 0xfc, 0x7f, 0xf0, 0x0,

    /* U+003D "=" */
    0xe, 0xbf, 0xff, 0xeb, 0x7, 0xf5, 0xff, 0xff,
    0x78, 0x3e, 0xbf, 0xff, 0xf3, 0x7, 0x5f, 0xff,
    0xfb, 0x82, 0xbf, 0xff, 0xfb, 0x3, 0xff, 0xff,
    0xe8, 0xff, 0xff, 0xf5, 0x9, 0xff, 0xff, 0xda,
    0x1c, 0xff, 0xff, 0xe5, 0xf, 0x9f, 0xff, 0xfb,
    0xa1, 0xfc, 0xd7, 0xff, 0xd5, 0xf, 0xff, 0xf8,
    0x7f, 0xff, 0xc3, 0xff, 0xfe, 0x1f, 0xff, 0xf0,
    0xff, 0xff, 0x87, 0xff, 0xfc, 0x3f, 0xff, 0xe1,
    0xff, 0xff, 0xf, 0xff, 0xf8, 0x7f, 0xff, 0xc3,
    0xff, 0xa4, 0xd7, 0xff, 0xd5, 0xf, 0xe7, 0xff,
    0xfe, 0xe8, 0x7c, 0xff, 0xff, 0xe5, 0xe, 0x7f,
    0xff, 0xf6, 0x84, 0xff, 0xff, 0xf5, 0x7, 0xff,
    0xff, 0xd2, 0xff, 0xff, 0xec, 0x15, 0xff, 0xff,
    0xb8, 0x3a, 0xff, 0xff, 0xcc, 0x1f, 0x5f, 0xff,
    0xf7, 0x83, 0xfa, 0xff, 0xff, 0xac, 0x1c,

    /* U+003E ">" */
    0xbf, 0xe0, 0xff, 0xf0, 0xdf, 0xf4, 0x1f, 0xfe,
    0xb, 0xff, 0x41, 0xff, 0xdf, 0xbf, 0xf9, 0xf,
    0xfe, 0xf5, 0xff, 0xe4, 0x3f, 0xfb, 0xb7, 0xff,
    0xc1, 0xff, 0xdd, 0xbf, 0xff, 0x80, 0x1f, 0xfd,
    0xdf, 0xff, 0xe0, 0x87, 0xff, 0x77, 0xff, 0xf8,
    0x21, 0xff, 0xdd, 0xff, 0xfe, 0x4, 0x1f, 0xfd,
    0xc7, 0xff, 0xf8, 0x10, 0x7f, 0xf7, 0x2f, 0xff,
    0xe0, 0x21, 0xff, 0xdc, 0xbf, 0xff, 0x80, 0x87,
    0xff, 0x73, 0xff, 0xf8, 0x21, 0xff, 0xdd, 0xff,
    0xfe, 0x8, 0x7f, 0xf7, 0x7f, 0xff, 0x82, 0x1f,
    0xfd, 0xc7, 0xff, 0xf8, 0x21, 0xff, 0xdc, 0x7f,
    0xff, 0x81, 0x7, 0xff, 0x72, 0xff, 0xfe, 0x4,
    0x1f, 0xfd, 0xcf, 0xff, 0xe0, 0xa1, 0xff, 0xdc,
    0xff, 0xfe, 0xa, 0x1f, 0xfd, 0xcf, 0xff, 0xe0,
    0x87, 0xff, 0x71, 0xff, 0xfe, 0x8, 0x7f, 0xf7,
    0x1f, 0xff, 0xe0, 0x87, 0xff, 0x72, 0xff, 0xfe,
    0x8, 0x7f, 0xf7, 0x2f, 0xff, 0xe0, 0x41, 0xff,
    0xdc, 0xff, 0xfe, 0xc, 0x1f, 0xfd, 0xcf, 0xff,
    0xe0, 0xa1, 0xff, 0xdc, 0xff, 0xfe, 0xa, 0x1f,
    0xfd, 0xb7, 0xff, 0xf8, 0x21, 0xff, 0xdc, 0xbf,
    0xff, 0x82, 0x1f, 0xfd, 0xcb, 0xff, 0xf8, 0x21,
    0xff, 0xdc, 0xff, 0xfe, 0x10, 0x7f, 0xf7, 0x3f,
    0xff, 0x83, 0x7, 0xff, 0x73, 0xff, 0xf8, 0x30,
    0x7f, 0xf6, 0xdf, 0xff, 0xe0, 0xa1, 0xff, 0xdb,
    0xbf, 0xff, 0x82, 0x87, 0xff, 0x6e, 0xff, 0xfe,
    0x8, 0x7f, 0xf7, 0x3f, 0xff, 0x84, 0x1f, 0xfd,
    0xcf, 0xff, 0xe1, 0x7, 0xff, 0x73, 0xff, 0xf8,
    0x41, 0xff, 0xdb, 0x7f, 0xff, 0x83, 0x7, 0xff,
    0x6d, 0xff, 0xfe, 0xc, 0x1f, 0xfd, 0xbb, 0xff,
    0xf8, 0x28, 0x7f, 0xf6, 0xff, 0xff, 0x84, 0x87,
    0xff, 0x6f, 0xff, 0xf8, 0x41, 0xff, 0xdc, 0xff,
    0xfe, 0x10, 0x7f, 0xf6, 0xdf, 0xff, 0xe1, 0x7,
    0xff, 0x6d, 0xff, 0xfe, 0x10, 0x7f, 0xf6, 0xef,
    0xff, 0xe0, 0xc1, 0xff, 0xdb, 0xbf, 0xff, 0x83,
    0x7, 0xff, 0x6f, 0xff, 0xf8, 0x48, 0x7f, 0xf6,
    0xff, 0xff, 0x84, 0x1f, 0xfd, 0xcf, 0xff, 0xe0,
    0x87, 0xff, 0x71, 0xff, 0xfe, 0x0, 0x7f, 0xf7,
    0x6f, 0xff, 0x83, 0xff, 0xbd, 0x7f, 0xf8, 0x3f,
    0xfb, 0xff, 0xfe, 0xf, 0xff, 0x7, 0xff, 0x7,
    0xff, 0x86, 0xbf, 0x7, 0xff, 0xfc, 0x3f, 0xff,
    0xef, 0xfe, 0xf, 0xff, 0x7, 0xff, 0x7, 0xff,
    0x7f, 0xff, 0xc1, 0xff, 0xde, 0xbf, 0xfc, 0x1f,
    0xfd, 0xd7, 0xff, 0xe0, 0xff, 0xee, 0xff, 0xff,
    0x0, 0x3f, 0xfb, 0x9f, 0xff, 0xc1, 0xf, 0xfe,
    0xdd, 0xff, 0xfc, 0x10, 0xff, 0xed, 0x3f, 0xff,
    0xc1, 0x43, 0xff, 0xb5, 0xff, 0xfc, 0x14, 0x3f,
    0xfb, 0x5f, 0xff, 0xc1, 0x83, 0xff, 0xb5, 0x7f,
    0xff, 0x4, 0x3f, 0xfb, 0x4f, 0xff, 0xf0, 0x43,
    0xff, 0xb7, 0xff, 0xfc, 0x14, 0x3f, 0xfb, 0x5f,
    0xff, 0xc1, 0x83, 0xff, 0xb5, 0x7f, 0xff, 0x4,
    0x3f, 0xfb, 0x4f, 0xff, 0xf0, 0x43, 0xff, 0xb7,
    0xff, 0xfc, 0x14, 0x3f, 0xfb, 0x5f, 0xff, 0xc1,
    0x43, 0xff, 0xb5, 0x7f, 0xff, 0x2, 0xf, 0xfe,
    0xd3, 0xff, 0xfc, 0x10, 0xff, 0xed, 0x3f, 0xff,
    0xc1, 0xf, 0xfe, 0xdf, 0xff, 0xf0, 0x50, 0xff,
    0xed, 0x5f, 0xff, 0xc0, 0x83, 0xff, 0xb5, 0x7f,
    0xff, 0x4, 0x3f, 0xfb, 0x4f, 0xff, 0xf0, 0x43,
    0xff, 0xb7, 0xff, 0xfc, 0x14, 0x3f, 0xfb, 0x5f,
    0xff, 0xc1, 0x43, 0xff, 0xb5, 0x7f, 0xff, 0x2,
    0xf, 0xfe, 0xd3, 0xff, 0xfc, 0x10, 0xff, 0xed,
    0xff, 0xff, 0x4, 0x3f, 0xfb, 0x7f, 0xff, 0xc1,
    0x43, 0xff, 0xb5, 0x7f, 0xff, 0x2, 0xf, 0xfe,
    0xd3, 0xff, 0xfc, 0x10, 0xff, 0xed, 0xff, 0xff,
    0x4, 0x3f, 0xfb, 0x7f, 0xff, 0xc1, 0x43, 0xff,
    0xb5, 0x7f, 0xff, 0x1, 0xf, 0xfe, 0xd3, 0xff,
    0xfc, 0x8, 0x3f, 0xfb, 0x7f, 0xff, 0xc1, 0xf,
    0xfe, 0xdf, 0xff, 0xf0, 0x43, 0xff, 0xb7, 0x7f,
    0xff, 0x1, 0xf, 0xfe, 0xd3, 0xff, 0xfc, 0x8,
    0x3f, 0xfb, 0x7f, 0xff, 0xc1, 0xf, 0xfe, 0xdf,
    0xff, 0xf0, 0x43, 0xff, 0xb7, 0x7f, 0xff, 0x1,
    0xf, 0xfe, 0xd3, 0xff, 0xfc, 0x4, 0x3f, 0xfb,
    0x7f, 0xff, 0xc0, 0x83, 0xff, 0xb7, 0xff, 0xfc,
    0x10, 0xff, 0xed, 0xdf, 0xff, 0xc0, 0xf, 0xfe,
    0xdb, 0xff, 0xfc, 0x4, 0x3f, 0xfb, 0x7f, 0xff,
    0xc0, 0x83, 0xff, 0xb7, 0xff, 0xfc, 0x10, 0xff,
    0xed, 0xdf, 0xff, 0xc0, 0xf, 0xfe, 0xdb, 0xff,
    0xfc, 0x4, 0x3f, 0xfb, 0x7f, 0xff, 0xc0, 0x83,
    0xff, 0xb7, 0xff, 0xfc, 0x8, 0x3f, 0xfb, 0x77,
    0xff, 0xf0, 0x3, 0xff, 0xb6, 0xff, 0xff, 0x0,
    0x3f, 0xfb, 0x97, 0xff, 0xc8, 0x7f, 0xf7, 0x2f,
    0xff, 0x41, 0xff, 0xdd, 0xbf, 0xfc, 0x1f, 0xfd,
    0xeb, 0xff, 0x83, 0xff, 0xbf, 0x7f, 0xe4, 0x3f,
    0xfb, 0xf7, 0xfd, 0x7, 0xff, 0x82, 0xff, 0x41,
    0xff, 0xe0,

    /* U+003F "?" */
    0xf, 0xfe, 0x17, 0xff, 0xf9, 0x43, 0xff, 0x9f,
    0xff, 0xfe, 0x70, 0xff, 0xe6, 0xff, 0xff, 0xa4,
    0x3f, 0xf9, 0x7f, 0xff, 0xeb, 0xf, 0xfe, 0x4f,
    0xff, 0xfb, 0x43, 0xff, 0x8f, 0xff, 0xfe, 0xf0,
    0xff, 0xe3, 0xff, 0xff, 0xb6, 0xf, 0xfe, 0x47,
    0xff, 0xfa, 0xe0, 0xff, 0xe5, 0x7f, 0xff, 0xa5,
    0xd, 0x21, 0xff, 0xc5, 0x7f, 0xff, 0xce, 0x86,
    0xbc, 0x87, 0xff, 0x15, 0xaf, 0xff, 0x2a, 0x1b,
    0xf9, 0xf, 0xff, 0xd7, 0xfc, 0x87, 0xff, 0xe3,
    0xff, 0x90, 0xff, 0xfb, 0xff, 0xf9, 0xf, 0xff,
    0xb7, 0xff, 0xc1, 0xff, 0xf6, 0xff, 0xf8, 0x3f,
    0xfe, 0xdf, 0xff, 0x7, 0xff, 0xdb, 0xff, 0xe0,
    0xff, 0xfb, 0x7f, 0xfc, 0x1f, 0xff, 0x6f, 0xff,
    0x83, 0xff, 0xed, 0xff, 0xf0, 0x7f, 0xfd, 0xbf,
    0xfe, 0xf, 0xff, 0xb7, 0xff, 0xc1, 0xff, 0xf6,
    0xff, 0xf8, 0x3f, 0xfe, 0xdf, 0xff, 0x7, 0xff,
    0xdb, 0xff, 0xe0, 0xff, 0xfb, 0x7f, 0xfc, 0x1f,
    0xff, 0x6f, 0xff, 0x83, 0xff, 0xed, 0xff, 0xf0,
    0x7f, 0xfd, 0xbf, 0xfe, 0xf, 0xff, 0xb7, 0xff,
    0xc1, 0xff, 0xf6, 0xff, 0xf8, 0x3f, 0xfe, 0xdf,
    0xff, 0x7, 0xff, 0xdb, 0xff, 0xe0, 0xff, 0xfb,
    0x7f, 0xfc, 0x1f, 0xff, 0x6f, 0xff, 0x83, 0xff,
    0xed, 0xff, 0xf0, 0x7f, 0xfd, 0xbf, 0xfe, 0xf,
    0xff, 0xb7, 0xff, 0xc1, 0xff, 0xf6, 0xff, 0xf8,
    0x3f, 0xfe, 0xdf, 0xff, 0x7, 0xff, 0xdb, 0xff,
    0xe0, 0xff, 0xfb, 0x7f, 0xfc, 0x1f, 0xff, 0x6f,
    0xff, 0x83, 0xff, 0xed, 0xff, 0xf0, 0x7f, 0xfd,
    0xbf, 0xfe, 0xf, 0xff, 0xb7, 0xff, 0xc1, 0xff,
    0xf6, 0xff, 0xf8, 0x3f, 0xfe, 0xdf, 0xff, 0x7,
    0xff, 0xdb, 0xff, 0xe0, 0xff, 0xfb, 0x7f, 0xfc,
    0x1f, 0xff, 0x6f, 0xff, 0x83, 0xff, 0xed, 0xff,
    0xf0, 0x7f, 0xfd, 0xbf, 0xfe, 0xf, 0xff, 0xb7,
    0xff, 0xc1, 0xff, 0xf6, 0xff, 0xf8, 0x3f, 0xfe,
    0xdf, 0xfe, 0x83, 0xff, 0xef, 0xff, 0xc1, 0xff,
    0xc2, 0xbf, 0xff, 0xcb, 0x6, 0xff, 0x83, 0xff,
    0x85, 0x7f, 0xff, 0x9e, 0xd, 0xfc, 0x1f, 0xfc,
    0x2b, 0xff, 0xfd, 0x30, 0x6f, 0x83, 0xff, 0x85,
    0x7f, 0xff, 0xae, 0xd, 0x7, 0xff, 0xa, 0xff,
    0xff, 0x6c, 0x1f, 0xfc, 0x6f, 0xff, 0xf7, 0xa1,
    0xff, 0xc5, 0x7f, 0xff, 0xda, 0x87, 0xff, 0xb,
    0xc1, 0x3f, 0xff, 0xeb, 0x43, 0xff, 0x85, 0xf8,
    0x27, 0xff, 0xfd, 0x28, 0x7f, 0xf0, 0xbf, 0xa0,
    0x9f, 0xff, 0xf3, 0xa1, 0xff, 0xc2, 0xff, 0xa0,
    0x9a, 0xff, 0xf2, 0xa1, 0xff, 0xc2, 0xff, 0xe8,
    0x3f, 0xfe, 0xcf, 0xff, 0x83, 0xff, 0xec, 0xff,
    0xf8, 0x3f, 0xfe, 0xcf, 0xff, 0x83, 0xff, 0xec,
    0xff, 0xf8, 0x3f, 0xfe, 0xcf, 0xff, 0x83, 0xff,
    0xec, 0xff, 0xf8, 0x3f, 0xfe, 0xcf, 0xff, 0x83,
    0xff, 0xec, 0xff, 0xf8, 0x3f, 0xfe, 0xcf, 0xff,
    0x83, 0xff, 0xec, 0xff, 0xf8, 0x3f, 0xfe, 0xcf,
    0xff, 0x83, 0xff, 0xec, 0xff, 0xf8, 0x3f, 0xfe,
    0xcf, 0xff, 0x83, 0xff, 0xec, 0xff, 0xf8, 0x3f,
    0xfe, 0xcf, 0xff, 0x83, 0xff, 0xec, 0xff, 0xf8,
    0x3f, 0xfe, 0xcf, 0xff, 0x83, 0xff, 0xec, 0xff,
    0xf8, 0x3f, 0xfe, 0xcf, 0xff, 0x83, 0xff, 0xec,
    0xff, 0xf8, 0x3f, 0xfe, 0xcf, 0xff, 0x83, 0xff,
    0xec, 0xff, 0xf8, 0x3f, 0xfe, 0xcf, 0xff, 0x83,
    0xff, 0xec, 0xff, 0xf8, 0x3f, 0xfe, 0xcf, 0xff,
    0x83, 0xff, 0xec, 0xff, 0xf8, 0x3f, 0xfe, 0xcf,
    0xff, 0x83, 0xff, 0xec, 0xff, 0xf8, 0x3f, 0xfe,
    0xcf, 0xff, 0x83, 0xff, 0xec, 0xff, 0xf8, 0x3f,
    0xfe, 0xcf, 0xff, 0x83, 0xff, 0xec, 0xff, 0xf8,
    0x3f, 0xfe, 0xcf, 0xff, 0x83, 0xff, 0xec, 0xff,
    0xf8, 0x3f, 0xfe, 0xef, 0xfe, 0xf, 0xff, 0xd7,
    0xf8, 0x3f, 0xff, 0x9f, 0x83, 0xff, 0xfd, 0x61,
    0xff, 0xff, 0xf, 0xff, 0xf8, 0x7f, 0xff, 0xc3,
    0xff, 0xfe, 0x1f, 0xff, 0xf0, 0x9f, 0xff, 0x7,
    0xff, 0xd9, 0xff, 0xf0, 0x7f, 0xfd, 0x9f, 0xff,
    0x7, 0xff, 0xd9, 0xff, 0xf0, 0x7f, 0xfd, 0x9f,
    0xff, 0x7, 0xff, 0xd9, 0xff, 0xf0, 0x7f, 0xfd,
    0x9f, 0xff, 0x7, 0xff, 0xd9, 0xff, 0xf0, 0x7f,
    0xfd, 0x9f, 0xff, 0x7, 0xff, 0xd9, 0xff, 0xf0,
    0x7f, 0xfd, 0x9f, 0xff, 0x7, 0xff, 0xd9, 0xff,
    0xf0, 0x7f, 0xfd, 0x9f, 0xff, 0x7, 0xff, 0xd9,
    0xff, 0xf0, 0x7f, 0xfd, 0x9f, 0xff, 0x7, 0xff,
    0xd8,

    /* U+0040 "@" */

    /* U+0041 "A" */
    0xf, 0xfe, 0x17, 0xff, 0xf9, 0x43, 0xff, 0x9f,
    0xff, 0xfe, 0x70, 0xff, 0xe6, 0xff, 0xff, 0xa4,
    0x3f, 0xf9, 0x7f, 0xff, 0xeb, 0xf, 0xfe, 0x4f,
    0xff, 0xfb, 0x43, 0xff, 0x8f, 0xff, 0xfe, 0xf0,
    0xff, 0xe3, 0xff, 0xff, 0xb6, 0xf, 0xfe, 0x47,
    0xff, 0xfa, 0xe0, 0xff, 0xe1, 0xb8, 0x77, 0xff,
    0xfa, 0x50, 0xd2, 0x1f, 0xcf, 0xc1, 0x9f, 0xff,
    0xf3, 0xa1, 0xaf, 0x21, 0xf3, 0xfc, 0x19, 0xaf,
    0xff, 0x2a, 0x1b, 0xf9, 0xe, 0x7f, 0xe0, 0xff,
    0xf6, 0xff, 0xc8, 0x4f, 0xff, 0x7, 0xff, 0xaf,
    0xff, 0x91, 0xff, 0xf0, 0x7f, 0xfa, 0xff, 0xfc,
    0xdf, 0xfe, 0xf, 0xff, 0x5f, 0xff, 0xd7, 0xff,
    0x83, 0xff, 0xd7, 0xff, 0xf5, 0xff, 0xe0, 0xff,
    0xf5, 0xff, 0xfd, 0x7f, 0xf8, 0x3f, 0xfd, 0x7f,
    0xff, 0x5f, 0xfe, 0xf, 0xff, 0x5f, 0xff, 0xd7,
    0xff, 0x83, 0xff, 0xd7, 0xff, 0xf5, 0xff, 0xe0,
    0xff, 0xf5, 0xff, 0xfd, 0x7f, 0xf8, 0x3f, 0xfd,
    0x7f, 0xff, 0x5f, 0xfe, 0xf, 0xff, 0x5f, 0xff,
    0xd7, 0xff, 0x83, 0xff, 0xd7, 0xff, 0xf5, 0xff,
    0xe0, 0xff, 0xf5, 0xff, 0xfd, 0x7f, 0xf8, 0x3f,
    0xfd, 0x7f, 0xff, 0x5f, 0xfe, 0xf, 0xff, 0x5f,
    0xff, 0xd7, 0xff, 0x83, 0xff, 0xd7, 0xff, 0xf5,
    0xff, 0xe0, 0xff, 0xf5, 0xff, 0xfd, 0x7f, 0xf8,
    0x3f, 0xfd, 0x7f, 0xff, 0x5f, 0xfe, 0xf, 0xff,
    0x5f, 0xff, 0xd7, 0xff, 0x83, 0xff, 0xd7, 0xff,
    0xf5, 0xff, 0xe0, 0xff, 0xf5, 0xff, 0xfd, 0x7f,
    0xf8, 0x3f, 0xfd, 0x7f, 0xff, 0x5f, 0xfe, 0xf,
    0xff, 0x5f, 0xff, 0xd7, 0xff, 0x83, 0xff, 0xd7,
    0xff, 0xf5, 0xff, 0xe0, 0xff, 0xf5, 0xff, 0xfd,
    0x7f, 0xf8, 0x3f, 0xfd, 0x7f, 0xff, 0x5f, 0xfe,
    0xf, 0xff, 0x5f, 0xff, 0xd7, 0xff, 0x83, 0xff,
    0xd7, 0xff, 0xf5, 0xff, 0xe0, 0xff, 0xf5, 0xff,
    0xfd, 0x7f, 0xf8, 0x3f, 0xfd, 0x7f, 0xff, 0x5f,
    0xfe, 0xf, 0xff, 0x5f, 0xff, 0xd7, 0xff, 0x83,
    0xff, 0xd7, 0xff, 0xf5, 0xff, 0xe0, 0xff, 0xf5,
    0xff, 0xfd, 0x7f, 0xf8, 0x3f, 0xfd, 0x7f, 0xff,
    0x5f, 0xfe, 0xf, 0xff, 0x5f, 0xff, 0xd7, 0xff,
    0x83, 0xff, 0xd7, 0xff, 0xf5, 0xff, 0xe0, 0xff,
    0xf5, 0xff, 0xfd, 0x7f, 0xf8, 0x3f, 0xfd, 0x7f,
    0xff, 0x5f, 0xfe, 0xf, 0xff, 0x5f, 0xff, 0xd7,
    0xff, 0x83, 0xff, 0xd7, 0xff, 0xf5, 0xff, 0xe0,
    0xff, 0xf5, 0xff, 0xfd, 0x7f, 0xf8, 0x3f, 0xfd,
    0x7f, 0xff, 0x5f, 0xfe, 0xf, 0xff, 0x5f, 0xff,
    0xd7, 0xff, 0x83, 0xff, 0xd7, 0xff, 0xf5, 0xff,
    0xe0, 0xff, 0xf5, 0xff, 0xfd, 0x7f, 0xf0, 0x7f,
    0xfb, 0x7f, 0xfd, 0x7f, 0xe0, 0xd7, 0xff, 0xf9,
    0x60, 0xdf, 0xfd, 0x7f, 0xc1, 0xaf, 0xff, 0xf3,
    0xc1, 0xbf, 0xf5, 0xfe, 0xd, 0x7f, 0xff, 0xa6,
    0xd, 0xff, 0x5f, 0xc1, 0xaf, 0xff, 0xf5, 0xc1,
    0xbf, 0xa0, 0xfe, 0xbf, 0xff, 0xdb, 0x7, 0xff,
    0x1b, 0xff, 0xfd, 0xe8, 0x7e, 0x6b, 0x21, 0x3f,
    0xff, 0xed, 0x43, 0x2f, 0x5f, 0xd0, 0x4f, 0xff,
    0xfa, 0xd0, 0x9f, 0xf5, 0xfe, 0x82, 0x7f, 0xff,
    0xd2, 0x84, 0xff, 0xd7, 0xfd, 0x4, 0xff, 0xff,
    0x9d, 0x9, 0xff, 0xd7, 0xfe, 0x82, 0x6b, 0xff,
    0xca, 0x84, 0xff, 0xf5, 0xff, 0xd0, 0x7f, 0xfa,
    0xdf, 0xff, 0x5f, 0xfe, 0xf, 0xff, 0x5f, 0xff,
    0xd7, 0xff, 0x83, 0xff, 0xd7, 0xff, 0xf5, 0xff,
    0xe0, 0xff, 0xf5, 0xff, 0xfd, 0x7f, 0xf8, 0x3f,
    0xfd, 0x7f, 0xff, 0x5f, 0xfe, 0xf, 0xff, 0x5f,
    0xff, 0xd7, 0xff, 0x83, 0xff, 0xd7, 0xff, 0xf5,
    0xff, 0xe0, 0xff, 0xf5, 0xff, 0xfd, 0x7f, 0xf8,
    0x3f, 0xfd, 0x7f, 0xff, 0x5f, 0xfe, 0xf, 0xff,
    0x5f, 0xff, 0xd7, 0xff, 0x83, 0xff, 0xd7, 0xff,
    0xf5, 0xff, 0xe0, 0xff, 0xf5, 0xff, 0xfd, 0x7f,
    0xf8, 0x3f, 0xfd, 0x7f, 0xff, 0x5f, 0xfe, 0xf,
    0xff, 0x5f, 0xff, 0xd7, 0xff, 0x83, 0xff, 0xd7,
    0xff, 0xf5, 0xff, 0xe0, 0xff, 0xf5, 0xff, 0xfd,
    0x7f, 0xf8, 0x3f, 0xfd, 0x7f, 0xff, 0x5f, 0xfe,
    0xf, 0xff, 0x5f, 0xff, 0xd7, 0xff, 0x83, 0xff,
    0xd7, 0xff, 0xf5, 0xff, 0xe0, 0xff, 0xf5, 0xff,
    0xfd, 0x7f, 0xf8, 0x3f, 0xfd, 0x7f, 0xff, 0x5f,
    0xfe, 0xf, 0xff, 0x5f, 0xff, 0xd7, 0xff, 0x83,
    0xff, 0xd7, 0xff, 0xf5, 0xff, 0xe0, 0xff, 0xf5,
    0xff, 0xfd, 0x7f, 0xf8, 0x3f, 0xfd, 0x7f, 0xff,
    0x5f, 0xfe, 0xf, 0xff, 0x5f, 0xff, 0xd7, 0xff,
    0x83, 0xff, 0xd7, 0xff, 0xf5, 0xff, 0xe0, 0xff,
    0xf5, 0xff, 0xfd, 0x7f, 0xf8, 0x3f, 0xfd, 0x7f,
    0xff, 0x5f, 0xfe, 0xf, 0xff, 0x5f, 0xff, 0xd7,
    0xff, 0x83, 0xff, 0xd7, 0xff, 0xf5, 0xff, 0xe0,
    0xff, 0xf5, 0xff, 0xfd, 0x7f, 0xf8, 0x3f, 0xfd,
    0x7f, 0xff, 0x5f, 0xfe, 0xf, 0xff, 0x5f, 0xff,
    0xd7, 0xff, 0x83, 0xff, 0xd7, 0xff, 0xf5, 0xff,
    0xe0, 0xff, 0xf5, 0xff, 0xfd, 0x7f, 0xf8, 0x3f,
    0xfd, 0x7f, 0xff, 0x5f, 0xfe, 0xf, 0xff, 0x5f,
    0xff, 0xd7, 0xff, 0x83, 0xff, 0xd7, 0xff, 0xf5,
    0xff, 0xe0, 0xff, 0xf5, 0xff, 0xfd, 0x7f, 0xf8,
    0x3f, 0xfd, 0x7f, 0xff, 0x5f, 0xfe, 0xf, 0xff,
    0x5f, 0xff, 0xd7, 0xff, 0x83, 0xff, 0xd7, 0xff,
    0xf5, 0xff, 0xe0, 0xff, 0xf5, 0xff, 0xfd, 0x7f,
    0xf8, 0x3f, 0xfd, 0x7f, 0xff, 0x5f, 0xfe, 0xf,
    0xff, 0x5f, 0xff, 0xd7, 0xff, 0x83, 0xff, 0xd7,
    0xff, 0xf5, 0xff, 0xe0, 0xff, 0xf5, 0xff, 0xfd,
    0x7f, 0xf8, 0x3f, 0xfd, 0x7f, 0xff, 0x5f, 0xfe,
    0xf, 0xff, 0x5f, 0xff, 0xd7, 0xff, 0x83, 0xff,
    0xd7, 0xff, 0xf5, 0xff, 0xe0, 0xff, 0xf5, 0xff,
    0xfc, 0xff, 0xf8, 0x3f, 0xfd, 0x7f, 0xfe, 0x47,
    0xff, 0x41, 0xff, 0xeb, 0xbf, 0xf2, 0x13, 0xfe,
    0x83, 0xff, 0xdb, 0x7f, 0x90, 0xe7, 0xf4, 0x1f,
    0xfe, 0xfb, 0xf2, 0x1f, 0x3e, 0x83, 0xff, 0xe3,
    0x79, 0xf, 0xe6, 0xf, 0xff, 0x9c, 0x87, 0x0,

    /* U+0042 "B" */
    0x9, 0xff, 0xff, 0x78, 0x7f, 0xf1, 0x9f, 0xff,
    0xf7, 0x87, 0xff, 0x5, 0xc, 0xff, 0xff, 0xbc,
    0x3f, 0xf8, 0x16, 0x19, 0xff, 0xff, 0x78, 0x7f,
    0xd7, 0x83, 0x3f, 0xff, 0xef, 0xf, 0xf5, 0xf0,
    0x67, 0xff, 0xfd, 0xe1, 0xfd, 0x7e, 0xc, 0xff,
    0xff, 0xb6, 0xf, 0xeb, 0xf8, 0x33, 0xff, 0xfe,
    0xb8, 0x3f, 0xd7, 0xf8, 0x33, 0xff, 0xfe, 0x94,
    0x34, 0x87, 0x5f, 0xf0, 0x67, 0xff, 0xfc, 0xe8,
    0x6b, 0xc8, 0x6b, 0xff, 0x6, 0x6b, 0xff, 0xca,
    0x86, 0xfe, 0x42, 0xbf, 0xf8, 0x3f, 0xfd, 0xbf,
    0xf2, 0xb, 0xff, 0xc1, 0xff, 0xeb, 0xff, 0xe4,
    0xbf, 0xfc, 0x1f, 0xfe, 0xbf, 0xff, 0x37, 0xff,
    0x83, 0xff, 0xd7, 0xff, 0xf5, 0xff, 0xe0, 0xff,
    0xf5, 0xff, 0xfd, 0x7f, 0xf8, 0x3f, 0xfd, 0x7f,
    0xff, 0x5f, 0xfe, 0xf, 0xff, 0x5f, 0xff, 0xd7,
    0xff, 0x83, 0xff, 0xd7, 0xff, 0xf5, 0xff, 0xe0,
    0xff, 0xf5, 0xff, 0xfd, 0x7f, 0xf8, 0x3f, 0xfd,
    0x7f, 0xff, 0x5f, 0xfe, 0xf, 0xff, 0x5f, 0xff,
    0xd7, 0xff, 0x83, 0xff, 0xd7, 0xff, 0xf5, 0xff,
    0xe0, 0xff, 0xf5, 0xff, 0xfd, 0x7f, 0xf8, 0x3f,
    0xfd, 0x7f, 0xff, 0x5f, 0xfe, 0xf, 0xff, 0x5f,
    0xff, 0xd7, 0xff, 0x83, 0xff, 0xd7, 0xff, 0xf5,
    0xff, 0xe0, 0xff, 0xf5, 0xff, 0xfd, 0x7f, 0xf8,
    0x3f, 0xfd, 0x7f, 0xff, 0x5f, 0xfe, 0xf, 0xff,
    0x5f, 0xff, 0xd7, 0xff, 0x83, 0xff, 0xd7, 0xff,
    0xf5, 0xff, 0xe0, 0xff, 0xf5, 0xff, 0xfd, 0x7f,
    0xf8, 0x3f, 0xfd, 0x7f, 0xff, 0x5f, 0xfe, 0xf,
    0xff, 0x5f, 0xff, 0xd7, 0xff, 0x83, 0xff, 0xd7,
    0xff, 0xf5, 0xff, 0xe0, 0xff, 0xf5, 0xff, 0xfd,
    0x7f, 0xf8, 0x3f, 0xfd, 0x7f, 0xff, 0x5f, 0xfe,
    0xf, 0xff, 0x5f, 0xff, 0xd7, 0xff, 0x83, 0xff,
    0xd7, 0xff, 0xf5, 0xff, 0xe0, 0xff, 0xf5, 0xff,
    0xfd, 0x7f, 0xf8, 0x3f, 0xfd, 0x7f, 0xff, 0x5f,
    0xfe, 0xf, 0xff, 0x5f, 0xff, 0xd7, 0xff, 0x83,
    0xff, 0xd7, 0xff, 0xf5, 0xff, 0xe0, 0xff, 0xf5,
    0xff, 0xfd, 0x7f, 0xf8, 0x3f, 0xfd, 0x7f, 0xff,
    0x5f, 0xfe, 0xf, 0xff, 0x5f, 0xff, 0xd7, 0xff,
    0x83, 0xff, 0xd7, 0xff, 0xf5, 0xff, 0xe0, 0xff,
    0xf5, 0xff, 0xfd, 0x7f, 0xf8, 0x3f, 0xfd, 0x7f,
    0xff, 0x5f, 0xfe, 0xf, 0xff, 0x5f, 0xff, 0xd7,
    0xff, 0x83, 0xff, 0xd7, 0xff, 0xf5, 0xff, 0xe0,
    0xff, 0xf5, 0xff, 0xfd, 0x7f, 0xf8, 0x3f, 0xfd,
    0x7f, 0xff, 0x5f, 0xfe, 0xf, 0xff, 0x5f, 0xff,
    0xd7, 0xff, 0x83, 0xff, 0xd7, 0xff, 0xf5, 0xff,
    0xe0, 0xff, 0xf5, 0xff, 0xfd, 0x7f, 0xf8, 0x3f,
    0xfd, 0x7f, 0xff, 0x5f, 0xfc, 0x1f, 0xfe, 0xdf,
    0xff, 0x5f, 0xf8, 0x35, 0xff, 0xfe, 0x58, 0x37,
    0xff, 0x5f, 0xf0, 0x6b, 0xff, 0xfc, 0xf0, 0x6f,
    0xfd, 0x7f, 0x83, 0x5f, 0xff, 0xe9, 0x83, 0x7f,
    0xd7, 0xf0, 0x6b, 0xff, 0xfd, 0x70, 0x6f, 0xe8,
    0x3f, 0xaf, 0xff, 0xf6, 0xc1, 0xff, 0xc6, 0xff,
    0xff, 0x7a, 0x1f, 0x9a, 0xc8, 0x4f, 0xff, 0xfb,
    0x50, 0x9a, 0xcd, 0xfd, 0x4, 0xff, 0xff, 0xad,
    0x9, 0xff, 0x5f, 0xe8, 0x27, 0xff, 0xfd, 0x28,
    0x4f, 0xfd, 0x7f, 0xd0, 0x4f, 0xff, 0xf9, 0xd0,
    0x9f, 0xfd, 0x7f, 0xe8, 0x26, 0xbf, 0xfc, 0xa8,
    0x4f, 0xff, 0x5f, 0xfd, 0x7, 0xff, 0xad, 0xff,
    0xf5, 0xff, 0xe0, 0xff, 0xf5, 0xff, 0xfd, 0x7f,
    0xf8, 0x3f, 0xfd, 0x7f, 0xff, 0x5f, 0xfe, 0xf,
    0xff, 0x5f, 0xff, 0xd7, 0xff, 0x83, 0xff, 0xd7,
    0xff, 0xf5, 0xff, 0xe0, 0xff, 0xf5, 0xff, 0xfd,
    0x7f, 0xf8, 0x3f, 0xfd, 0x7f, 0xff, 0x5f, 0xfe,
    0xf, 0xff, 0x5f, 0xff, 0xd7, 0xff, 0x83, 0xff,
    0xd7, 0xff, 0xf5, 0xff, 0xe0, 0xff, 0xf5, 0xff,
    0xfd, 0x7f, 0xf8, 0x3f, 0xfd, 0x7f, 0xff, 0x5f,
    0xfe, 0xf, 0xff, 0x5f, 0xff, 0xd7, 0xff, 0x83,
    0xff, 0xd7, 0xff, 0xf5, 0xff, 0xe0, 0xff, 0xf5,
    0xff, 0xfd, 0x7f, 0xf8, 0x3f, 0xfd, 0x7f, 0xff,
    0x5f, 0xfe, 0xf, 0xff, 0x5f, 0xff, 0xd7, 0xff,
    0x83, 0xff, 0xd7, 0xff, 0xf5, 0xff, 0xe0, 0xff,
    0xf5, 0xff, 0xfd, 0x7f, 0xf8, 0x3f, 0xfd, 0x7f,
    0xff, 0x5f, 0xfe, 0xf, 0xff, 0x5f, 0xff, 0xd7,
    0xff, 0x83, 0xff, 0xd7, 0xff, 0xf5, 0xff, 0xe0,
    0xff, 0xf5, 0xff, 0xfd, 0x7f, 0xf8, 0x3f, 0xfd,
    0x7f, 0xff, 0x5f, 0xfe, 0xf, 0xff, 0x5f, 0xff,
    0xd7, 0xff, 0x83, 0xff, 0xd7, 0xff, 0xf5, 0xff,
    0xe0, 0xff, 0xf5, 0xff, 0xfd, 0x7f, 0xf8, 0x3f,
    0xfd, 0x7f, 0xff, 0x5f, 0xfe, 0xf, 0xff, 0x5f,
    0xff, 0xd7, 0xff, 0x83, 0xff, 0xd7, 0xff, 0xf5,
    0xff, 0xe0, 0xff, 0xf5, 0xff, 0xfd, 0x7f, 0xf8,
    0x3f, 0xfd, 0x7f, 0xff, 0x5f, 0xfe, 0xf, 0xff,
    0x5f, 0xff, 0xd7, 0xff, 0x83, 0xff, 0xd7, 0xff,
    0xf5, 0xff, 0xe0, 0xff, 0xf5, 0xff, 0xfd, 0x7f,
    0xf8, 0x3f, 0xfd, 0x7f, 0xff, 0x5f, 0xfe, 0xf,
    0xff, 0x5f, 0xff, 0xd7, 0xff, 0x83, 0xff, 0xd7,
    0xff, 0xf5, 0xff, 0xe0, 0xff, 0xf5, 0xff, 0xfd,
    0x7f, 0xf8, 0x3f, 0xfd, 0x7f, 0xff, 0x5f, 0xfe,
    0xf, 0xff, 0x5f, 0xff, 0xd7, 0xff, 0x83, 0xff,
    0xd7, 0xff, 0xf5, 0xff, 0xe0, 0xff, 0xf5, 0xff,
    0xfd, 0x7f, 0xf8, 0x3f, 0xfd, 0x7f, 0xff, 0x5f,
    0xfe, 0xf, 0xff, 0x5f, 0xff, 0xd7, 0xff, 0x83,
    0xff, 0xd7, 0xff, 0xe6, 0xff, 0xf0, 0x7f, 0xfa,
    0xff, 0xf9, 0x2f, 0xfe, 0xf, 0xff, 0x6f, 0xfc,
    0x82, 0xff, 0xc1, 0x9a, 0xff, 0xf2, 0xa1, 0xbf,
    0x90, 0xaf, 0xf8, 0x33, 0xff, 0xfe, 0x74, 0x35,
    0xe4, 0x35, 0xfe, 0xc, 0xff, 0xff, 0xa5, 0xd,
    0x21, 0xd7, 0xf0, 0x67, 0xff, 0xfd, 0x70, 0x7f,
    0xaf, 0xc1, 0x9f, 0xff, 0xf6, 0xc1, 0xfd, 0x7c,
    0x19, 0xff, 0xff, 0x78, 0x7f, 0x5e, 0xc, 0xff,
    0xff, 0xbc, 0x3f, 0xd6, 0x19, 0xff, 0xff, 0x78,
    0x7f, 0xc8, 0x67, 0xff, 0xfd, 0xe1, 0xff, 0xc4,
    0x7f, 0xff, 0xde, 0x1f, 0xfc, 0x47, 0xff, 0xfd,
    0xe1, 0xff, 0xc2,

    /* U+0043 "C" */
    0xf, 0xfe, 0x17, 0xff, 0xf9, 0x43, 0xff, 0x8f,
    0xff, 0xfe, 0x70, 0xff, 0xe2, 0xff, 0xff, 0xa4,
    0x3f, 0xf8, 0x7f, 0xff, 0xeb, 0xf, 0xfe, 0xf,
    0xff, 0xfb, 0x43, 0xfe, 0xff, 0xff, 0x78, 0x7f,
    0xdf, 0xff, 0xed, 0x83, 0xff, 0x81, 0xff, 0xfe,
    0xb8, 0x3e, 0x70, 0xef, 0xff, 0xf4, 0xa1, 0xf3,
    0xf0, 0x67, 0xff, 0xfc, 0xe8, 0x7c, 0xff, 0x6,
    0x6b, 0xff, 0xca, 0x87, 0xcf, 0xfc, 0x1f, 0xff,
    0x7, 0xff, 0x83, 0xff, 0xdc, 0xff, 0xf8, 0x3f,
    0xfd, 0xd7, 0xff, 0x83, 0xff, 0xdd, 0x7f, 0xf8,
    0x3f, 0xfd, 0xd7, 0xff, 0x83, 0xff, 0xdd, 0x7f,
    0xf8, 0x3f, 0xfd, 0xd7, 0xff, 0x83, 0xff, 0xdd,
    0x7f, 0xf8, 0x3f, 0xfd, 0xd7, 0xff, 0x83, 0xff,
    0xdd, 0x7f, 0xf8, 0x3f, 0xfd, 0xd7, 0xff, 0x83,
    0xff, 0xdd, 0x7f, 0xf8, 0x3f, 0xfd, 0xd7, 0xff,
    0x83, 0xff, 0xdd, 0x7f, 0xf8, 0x3f, 0xfd, 0xd7,
    0xff, 0x83, 0xff, 0xdd, 0x7f, 0xf8, 0x3f, 0xfd,
    0xd7, 0xff, 0x83, 0xff, 0xdd, 0x7f, 0xf8, 0x3f,
    0xfd, 0xd7, 0xff, 0x83, 0xff, 0xdd, 0x7f, 0xf8,
    0x3f, 0xfd, 0xd7, 0xff, 0x83, 0xff, 0xdd, 0x7f,
    0xf8, 0x3f, 0xfd, 0xd7, 0xff, 0x83, 0xff, 0xdd,
    0x7f, 0xf8, 0x3f, 0xfd, 0xd7, 0xff, 0x83, 0xff,
    0xdd, 0x7f, 0xf8, 0x3f, 0xfd, 0xd7, 0xff, 0x83,
    0xff, 0xdd, 0x7f, 0xf8, 0x3f, 0xfd, 0xd7, 0xff,
    0x83, 0xff, 0xdd, 0x7f, 0xf8, 0x3f, 0xfd, 0xd7,
    0xff, 0x83, 0xff, 0xdd, 0x7f, 0xf8, 0x3f, 0xfd,
    0xd7, 0xff, 0x83, 0xff, 0xdd, 0x7f, 0xf8, 0x3f,
    0xfd, 0xd7, 0xff, 0x83, 0xff, 0xdd, 0x7f, 0xf8,
    0x3f, 0xfd, 0xd7, 0xff, 0x83, 0xff, 0xdd, 0x7f,
    0xf8, 0x3f, 0xfd, 0xd7, 0xff, 0x83, 0xff, 0xdd,
    0x7f, 0xf8, 0x3f, 0xfd, 0xd7, 0xff, 0x83, 0xff,
    0xdd, 0x7f, 0xf8, 0x3f, 0xfd, 0xd7, 0xff, 0x83,
    0xff, 0xdd, 0x7f, 0xf8, 0x3f, 0xfd, 0xd7, 0xff,
    0x83, 0xff, 0xdd, 0x7f, 0xf2, 0x1f, 0xfe, 0xeb,
    0xff, 0x21, 0xff, 0xef, 0xbf, 0xe0, 0xff, 0xf8,
    0xdf, 0xe0, 0xff, 0xf9, 0x5f, 0xc1, 0xff, 0xff,
    0xf, 0xff, 0xf8, 0x7f, 0xfa, 0x17, 0x83, 0xff,
    0xe7, 0x7f, 0x21, 0xff, 0xf2, 0xbf, 0xc8, 0x7f,
    0xfc, 0x6f, 0xf9, 0xf, 0xff, 0x85, 0xff, 0x90,
    0xff, 0xf7, 0xdf, 0xfc, 0x87, 0xff, 0xba, 0xff,
    0xf0, 0x7f, 0xfb, 0xaf, 0xff, 0x7, 0xff, 0xba,
    0xff, 0xf0, 0x7f, 0xfb, 0xaf, 0xff, 0x7, 0xff,
    0xba, 0xff, 0xf0, 0x7f, 0xfb, 0xaf, 0xff, 0x7,
    0xff, 0xba, 0xff, 0xf0, 0x7f, 0xfb, 0xaf, 0xff,
    0x7, 0xff, 0xba, 0xff, 0xf0, 0x7f, 0xfb, 0xaf,
    0xff, 0x7, 0xff, 0xba, 0xff, 0xf0, 0x7f, 0xfb,
    0xaf, 0xff, 0x7, 0xff, 0xba, 0xff, 0xf0, 0x7f,
    0xfb, 0xaf, 0xff, 0x7, 0xff, 0xba, 0xff, 0xf0,
    0x7f, 0xfb, 0xaf, 0xff, 0x7, 0xff, 0xba, 0xff,
    0xf0, 0x7f, 0xfb, 0xaf, 0xff, 0x7, 0xff, 0xba,
    0xff, 0xf0, 0x7f, 0xfb, 0xaf, 0xff, 0x7, 0xff,
    0xba, 0xff, 0xf0, 0x7f, 0xfb, 0xaf, 0xff, 0x7,
    0xff, 0xba, 0xff, 0xf0, 0x7f, 0xfb, 0xaf, 0xff,
    0x7, 0xff, 0xba, 0xff, 0xf0, 0x7f, 0xfb, 0xaf,
    0xff, 0x7, 0xff, 0xba, 0xff, 0xf0, 0x7f, 0xfb,
    0xaf, 0xff, 0x7, 0xff, 0xba, 0xff, 0xf0, 0x7f,
    0xfb, 0xaf, 0xff, 0x7, 0xff, 0xba, 0xff, 0xf0,
    0x7f, 0xfb, 0xaf, 0xff, 0x7, 0xff, 0xba, 0xff,
    0xf0, 0x7f, 0xfb, 0xaf, 0xff, 0x7, 0xff, 0xba,
    0xff, 0xf0, 0x7f, 0xfb, 0xaf, 0xff, 0x7, 0xff,
    0xba, 0xff, 0xf0, 0x7f, 0xfb, 0xaf, 0xff, 0x7,
    0xff, 0xba, 0xff, 0xf0, 0x7f, 0xfb, 0xaf, 0xff,
    0x7, 0xff, 0xba, 0xff, 0xf0, 0x7f, 0xfb, 0xaf,
    0xff, 0x7, 0xff, 0xba, 0xff, 0xf0, 0x7f, 0xfb,
    0x9f, 0xff, 0x7, 0xff, 0xbd, 0xff, 0xe0, 0xff,
    0xf8, 0x3f, 0xf0, 0x7f, 0xfc, 0x9f, 0xe0, 0xcd,
    0x7f, 0xf9, 0x50, 0xfe, 0x7e, 0xc, 0xff, 0xff,
    0x9d, 0xf, 0xe6, 0xe, 0xff, 0xff, 0x4a, 0x1f,
    0xfc, 0x2f, 0xff, 0xf5, 0xc1, 0xff, 0xc0, 0xff,
    0xff, 0x6c, 0x1f, 0xef, 0xff, 0xf7, 0x87, 0xf9,
    0xff, 0xff, 0x68, 0x7f, 0xf0, 0x1f, 0xff, 0xf5,
    0x87, 0xff, 0x9, 0xff, 0xff, 0x48, 0x7f, 0xf1,
    0x1f, 0xff, 0xf3, 0x87, 0xff, 0x19, 0xff, 0xff,
    0x28, 0x78,

    /* U+0044 "D" */
    0x9, 0xff, 0xff, 0x78, 0x7f, 0xf1, 0x9f, 0xff,
    0xf7, 0x87, 0xff, 0x5, 0xc, 0xff, 0xff, 0xbc,
    0x3f, 0xf8, 0x16, 0x19, 0xff, 0xff, 0x78, 0x7f,
    0xd7, 0x83, 0x3f, 0xff, 0xef, 0xf, 0xf5, 0xf0,
    0x67, 0xff, 0xfd, 0xe1, 0xfd, 0x7e, 0xc, 0xff,
    0xff, 0xb6, 0xf, 0xeb, 0xf8, 0x33, 0xff, 0xfe,
    0xb8, 0x3f, 0xd7, 0xf8, 0x33, 0xff, 0xfe, 0x94,
    0x34, 0x87, 0x5f, 0xf0, 0x67, 0xff, 0xfc, 0xe8,
    0x6b, 0xc8, 0x6b, 0xff, 0x6, 0x6b, 0xff, 0xca,
    0x86, 0xfe, 0x42, 0xbf, 0xf8, 0x3f, 0xfd, 0xbf,
    0xf2, 0xb, 0xff, 0xc1, 0xff, 0xeb, 0xff, 0xe4,
    0xbf, 0xfc, 0x1f, 0xfe, 0xbf, 0xff, 0x37, 0xff,
    0x83, 0xff, 0xd7, 0xff, 0xf5, 0xff, 0xe0, 0xff,
    0xf5, 0xff, 0xfd, 0x7f, 0xf8, 0x3f, 0xfd, 0x7f,
    0xff, 0x5f, 0xfe, 0xf, 0xff, 0x5f, 0xff, 0xd7,
    0xff, 0x83, 0xff, 0xd7, 0xff, 0xf5, 0xff, 0xe0,
    0xff, 0xf5, 0xff, 0xfd, 0x7f, 0xf8, 0x3f, 0xfd,
    0x7f, 0xff, 0x5f, 0xfe, 0xf, 0xff, 0x5f, 0xff,
    0xd7, 0xff, 0x83, 0xff, 0xd7, 0xff, 0xf5, 0xff,
    0xe0, 0xff, 0xf5, 0xff, 0xfd, 0x7f, 0xf8, 0x3f,
    0xfd, 0x7f, 0xff, 0x5f, 0xfe, 0xf, 0xff, 0x5f,
    0xff, 0xd7, 0xff, 0x83, 0xff, 0xd7, 0xff, 0xf5,
    0xff, 0xe0, 0xff, 0xf5, 0xff, 0xfd, 0x7f, 0xf8,
    0x3f, 0xfd, 0x7f, 0xff, 0x5f, 0xfe, 0xf, 0xff,
    0x5f, 0xff, 0xd7, 0xff, 0x83, 0xff, 0xd7, 0xff,
    0xf5, 0xff, 0xe0, 0xff, 0xf5, 0xff, 0xfd, 0x7f,
    0xf8, 0x3f, 0xfd, 0x7f, 0xff, 0x5f, 0xfe, 0xf,
    0xff, 0x5f, 0xff, 0xd7, 0xff, 0x83, 0xff, 0xd7,
    0xff, 0xf5, 0xff, 0xe0, 0xff, 0xf5, 0xff, 0xfd,
    0x7f, 0xf8, 0x3f, 0xfd, 0x7f, 0xff, 0x5f, 0xfe,
    0xf, 0xff, 0x5f, 0xff, 0xd7, 0xff, 0x83, 0xff,
    0xd7, 0xff, 0xf5, 0xff, 0xe0, 0xff, 0xf5, 0xff,
    0xfd, 0x7f, 0xf8, 0x3f, 0xfd, 0x7f, 0xff, 0x5f,
    0xfe, 0xf, 0xff, 0x5f, 0xff, 0xd7, 0xff, 0x83,
    0xff, 0xd7, 0xff, 0xf5, 0xff, 0xe0, 0xff, 0xf5,
    0xff, 0xfd, 0x7f, 0xf8, 0x3f, 0xfd, 0x7f, 0xff,
    0x5f, 0xfe, 0xf, 0xff, 0x5f, 0xff, 0xd7, 0xff,
    0x83, 0xff, 0xd7, 0xff, 0xf5, 0xff, 0xe0, 0xff,
    0xf5, 0xff, 0xfd, 0x7f, 0xf8, 0x3f, 0xfd, 0x7f,
    0xff, 0x5f, 0xfe, 0xf, 0xff, 0x5f, 0xff, 0xd7,
    0xff, 0x83, 0xff, 0xd7, 0xff, 0xf5, 0xff, 0xe0,
    0xff, 0xf5, 0xff, 0xfd, 0x7f, 0xf8, 0x3f, 0xfd,
    0x7f, 0xff, 0x5f, 0xfe, 0xf, 0xff, 0x5f, 0xff,
    0xd7, 0xff, 0x83, 0xff, 0xd7, 0xff, 0xf5, 0xff,
    0xe0, 0xff, 0xf5, 0xff, 0xfd, 0x7f, 0xf8, 0x3f,
    0xfd, 0x7f, 0xff, 0x5f, 0xfc, 0x87, 0xff, 0xb3,
    0xff, 0xd7, 0xfe, 0x43, 0xff, 0xdd, 0xff, 0xd7,
    0xfc, 0x1f, 0xff, 0x1f, 0xfd, 0x7f, 0x83, 0xff,
    0xe7, 0xff, 0x5f, 0xc1, 0xff, 0xf5, 0xff, 0x7,
    0xff, 0xfc, 0x3f, 0xff, 0xe1, 0xcb, 0xc1, 0xff,
    0xf6, 0x5e, 0xbf, 0x90, 0xff, 0xf9, 0xbf, 0xeb,
    0xfc, 0x87, 0xff, 0xc5, 0xff, 0xaf, 0xf9, 0xf,
    0xff, 0x7b, 0xff, 0xaf, 0xfc, 0x87, 0xff, 0xb5,
    0xff, 0xeb, 0xff, 0x90, 0xff, 0xf5, 0xbf, 0xfe,
    0xbf, 0xfc, 0x1f, 0xfe, 0xbf, 0xff, 0xaf, 0xff,
    0x7, 0xff, 0xaf, 0xff, 0xeb, 0xff, 0xc1, 0xff,
    0xeb, 0xff, 0xfa, 0xff, 0xf0, 0x7f, 0xfa, 0xff,
    0xfe, 0xbf, 0xfc, 0x1f, 0xfe, 0xbf, 0xff, 0xaf,
    0xff, 0x7, 0xff, 0xaf, 0xff, 0xeb, 0xff, 0xc1,
    0xff, 0xeb, 0xff, 0xfa, 0xff, 0xf0, 0x7f, 0xfa,
    0xff, 0xfe, 0xbf, 0xfc, 0x1f, 0xfe, 0xbf, 0xff,
    0xaf, 0xff, 0x7, 0xff, 0xaf, 0xff, 0xeb, 0xff,
    0xc1, 0xff, 0xeb, 0xff, 0xfa, 0xff, 0xf0, 0x7f,
    0xfa, 0xff, 0xfe, 0xbf, 0xfc, 0x1f, 0xfe, 0xbf,
    0xff, 0xaf, 0xff, 0x7, 0xff, 0xaf, 0xff, 0xeb,
    0xff, 0xc1, 0xff, 0xeb, 0xff, 0xfa, 0xff, 0xf0,
    0x7f, 0xfa, 0xff, 0xfe, 0xbf, 0xfc, 0x1f, 0xfe,
    0xbf, 0xff, 0xaf, 0xff, 0x7, 0xff, 0xaf, 0xff,
    0xeb, 0xff, 0xc1, 0xff, 0xeb, 0xff, 0xfa, 0xff,
    0xf0, 0x7f, 0xfa, 0xff, 0xfe, 0xbf, 0xfc, 0x1f,
    0xfe, 0xbf, 0xff, 0xaf, 0xff, 0x7, 0xff, 0xaf,
    0xff, 0xeb, 0xff, 0xc1, 0xff, 0xeb, 0xff, 0xfa,
    0xff, 0xf0, 0x7f, 0xfa, 0xff, 0xfe, 0xbf, 0xfc,
    0x1f, 0xfe, 0xbf, 0xff, 0xaf, 0xff, 0x7, 0xff,
    0xaf, 0xff, 0xeb, 0xff, 0xc1, 0xff, 0xeb, 0xff,
    0xfa, 0xff, 0xf0, 0x7f, 0xfa, 0xff, 0xfe, 0xbf,
    0xfc, 0x1f, 0xfe, 0xbf, 0xff, 0xaf, 0xff, 0x7,
    0xff, 0xaf, 0xff, 0xeb, 0xff, 0xc1, 0xff, 0xeb,
    0xff, 0xfa, 0xff, 0xf0, 0x7f, 0xfa, 0xff, 0xfe,
    0xbf, 0xfc, 0x1f, 0xfe, 0xbf, 0xff, 0xaf, 0xff,
    0x7, 0xff, 0xaf, 0xff, 0xeb, 0xff, 0xc1, 0xff,
    0xeb, 0xff, 0xfa, 0xff, 0xf0, 0x7f, 0xfa, 0xff,
    0xfe, 0xbf, 0xfc, 0x1f, 0xfe, 0xbf, 0xff, 0xaf,
    0xff, 0x7, 0xff, 0xaf, 0xff, 0xeb, 0xff, 0xc1,
    0xff, 0xeb, 0xff, 0xfa, 0xff, 0xf0, 0x7f, 0xfa,
    0xff, 0xfe, 0xbf, 0xfc, 0x1f, 0xfe, 0xbf, 0xff,
    0xaf, 0xff, 0x7, 0xff, 0xaf, 0xff, 0xeb, 0xff,
    0xc1, 0xff, 0xeb, 0xff, 0xfa, 0xff, 0xf0, 0x7f,
    0xfa, 0xff, 0xfc, 0xdf, 0xfe, 0xf, 0xff, 0x5f,
    0xff, 0x25, 0xff, 0xc1, 0xff, 0xed, 0xff, 0x90,
    0x5f, 0xf8, 0x33, 0x5f, 0xfe, 0x54, 0x37, 0xf2,
    0x15, 0xff, 0x6, 0x7f, 0xff, 0xce, 0x86, 0xbc,
    0x86, 0xbf, 0xc1, 0x9f, 0xff, 0xf4, 0xa1, 0xa4,
    0x3a, 0xfe, 0xc, 0xff, 0xff, 0xae, 0xf, 0xf5,
    0xf8, 0x33, 0xff, 0xfe, 0xd8, 0x3f, 0xaf, 0x83,
    0x3f, 0xff, 0xef, 0xf, 0xeb, 0xc1, 0x9f, 0xff,
    0xf7, 0x87, 0xfa, 0xc3, 0x3f, 0xff, 0xef, 0xf,
    0xf9, 0xc, 0xff, 0xff, 0xbc, 0x3f, 0xf8, 0x8f,
    0xff, 0xfb, 0xc3, 0xff, 0x88, 0xff, 0xff, 0xbc,
    0x3f, 0xf8, 0x40,

    /* U+0045 "E" */
    0x9, 0xff, 0xff, 0x78, 0x7f, 0x9f, 0xff, 0xf7,
    0x87, 0x21, 0x9f, 0xff, 0xf7, 0x86, 0xb0, 0xcf,
    0xff, 0xfb, 0xc2, 0xbc, 0x19, 0xff, 0xff, 0x78,
    0x2f, 0x83, 0x3f, 0xff, 0xef, 0x2f, 0xc1, 0x9f,
    0xff, 0xf6, 0xc5, 0xfc, 0x19, 0xff, 0xff, 0x5c,
    0xb, 0xfc, 0x19, 0xff, 0xff, 0x4a, 0x15, 0xff,
    0x6, 0x7f, 0xff, 0xce, 0x86, 0xbf, 0xf0, 0x66,
    0xbf, 0xfc, 0xa8, 0x75, 0xff, 0xc1, 0xff, 0xef,
    0xbf, 0xfc, 0x1f, 0xfe, 0xeb, 0xff, 0xc1, 0xff,
    0xee, 0xbf, 0xfc, 0x1f, 0xfe, 0xeb, 0xff, 0xc1,
    0xff, 0xee, 0xbf, 0xfc, 0x1f, 0xfe, 0xeb, 0xff,
    0xc1, 0xff, 0xee, 0xbf, 0xfc, 0x1f, 0xfe, 0xeb,
    0xff, 0xc1, 0xff, 0xee, 0xbf, 0xfc, 0x1f, 0xfe,
    0xeb, 0xff, 0xc1, 0xff, 0xee, 0xbf, 0xfc, 0x1f,
    0xfe, 0xeb, 0xff, 0xc1, 0xff, 0xee, 0xbf, 0xfc,
    0x1f, 0xfe, 0xeb, 0xff, 0xc1, 0xff, 0xee, 0xbf,
    0xfc, 0x1f, 0xfe, 0xeb, 0xff, 0xc1, 0xff, 0xee,
    0xbf, 0xfc, 0x1f, 0xfe, 0xeb, 0xff, 0xc1, 0xff,
    0xee, 0xbf, 0xfc, 0x1f, 0xfe, 0xeb, 0xff, 0xc1,
    0xff, 0xee, 0xbf, 0xfc, 0x1f, 0xfe, 0xeb, 0xff,
    0xc1, 0xff, 0xee, 0xbf, 0xfc, 0x1f, 0xfe, 0xeb,
    0xff, 0xc1, 0xff, 0xee, 0xbf, 0xfc, 0x1f, 0xfe,
    0xeb, 0xff, 0xc1, 0xff, 0xee, 0xbf, 0xfc, 0x1f,
    0xfe, 0xeb, 0xff, 0xc1, 0xff, 0xee, 0xbf, 0xfc,
    0x1f, 0xfe, 0xeb, 0xff, 0xc1, 0xff, 0xee, 0xbf,
    0xfc, 0x1f, 0xfe, 0xeb, 0xff, 0xc1, 0xff, 0xee,
    0xbf, 0xfc, 0x1f, 0xfe, 0xeb, 0xff, 0xc1, 0xff,
    0xee, 0xbf, 0xfc, 0x1f, 0xfe, 0xeb, 0xff, 0xc1,
    0xff, 0xee, 0xbf, 0xfc, 0x1f, 0xfe, 0xeb, 0xff,
    0xc1, 0xff, 0xee, 0xbf, 0xfc, 0x1f, 0xfe, 0xeb,
    0xff, 0xc1, 0xff, 0xee, 0xbf, 0xfc, 0x1f, 0xfe,
    0xeb, 0xff, 0xc1, 0xff, 0xee, 0xbf, 0xfc, 0x1f,
    0xfe, 0xeb, 0xff, 0xc1, 0xff, 0xee, 0xbf, 0xfc,
    0x1f, 0xfe, 0xeb, 0xff, 0x83, 0xff, 0xdf, 0x7f,
    0xe0, 0xd7, 0xff, 0xf9, 0x60, 0xeb, 0xfe, 0xd,
    0x7f, 0xff, 0x9e, 0xd, 0x7f, 0x83, 0x5f, 0xff,
    0xe9, 0x82, 0xbf, 0x83, 0x5f, 0xff, 0xeb, 0x83,
    0xfe, 0xbf, 0xff, 0xdb, 0x7, 0xfb, 0xff, 0xfd,
    0xea, 0xac, 0x84, 0xff, 0xff, 0xb5, 0x2f, 0xe8,
    0x27, 0xff, 0xfd, 0x68, 0x2f, 0xf4, 0x13, 0xff,
    0xfe, 0x94, 0x2b, 0xfe, 0x82, 0x7f, 0xff, 0xce,
    0x86, 0xbf, 0xf4, 0x13, 0x5f, 0xfe, 0x54, 0x3a,
    0xff, 0xe8, 0x3f, 0xfd, 0xd7, 0xff, 0x83, 0xff,
    0xdd, 0x7f, 0xf8, 0x3f, 0xfd, 0xd7, 0xff, 0x83,
    0xff, 0xdd, 0x7f, 0xf8, 0x3f, 0xfd, 0xd7, 0xff,
    0x83, 0xff, 0xdd, 0x7f, 0xf8, 0x3f, 0xfd, 0xd7,
    0xff, 0x83, 0xff, 0xdd, 0x7f, 0xf8, 0x3f, 0xfd,
    0xd7, 0xff, 0x83, 0xff, 0xdd, 0x7f, 0xf8, 0x3f,
    0xfd, 0xd7, 0xff, 0x83, 0xff, 0xdd, 0x7f, 0xf8,
    0x3f, 0xfd, 0xd7, 0xff, 0x83, 0xff, 0xdd, 0x7f,
    0xf8, 0x3f, 0xfd, 0xd7, 0xff, 0x83, 0xff, 0xdd,
    0x7f, 0xf8, 0x3f, 0xfd, 0xd7, 0xff, 0x83, 0xff,
    0xdd, 0x7f, 0xf8, 0x3f, 0xfd, 0xd7, 0xff, 0x83,
    0xff, 0xdd, 0x7f, 0xf8, 0x3f, 0xfd, 0xd7, 0xff,
    0x83, 0xff, 0xdd, 0x7f, 0xf8, 0x3f, 0xfd, 0xd7,
    0xff, 0x83, 0xff, 0xdd, 0x7f, 0xf8, 0x3f, 0xfd,
    0xd7, 0xff, 0x83, 0xff, 0xdd, 0x7f, 0xf8, 0x3f,
    0xfd, 0xd7, 0xff, 0x83, 0xff, 0xdd, 0x7f, 0xf8,
    0x3f, 0xfd, 0xd7, 0xff, 0x83, 0xff, 0xdd, 0x7f,
    0xf8, 0x3f, 0xfd, 0xd7, 0xff, 0x83, 0xff, 0xdd,
    0x7f, 0xf8, 0x3f, 0xfd, 0xd7, 0xff, 0x83, 0xff,
    0xdd, 0x7f, 0xf8, 0x3f, 0xfd, 0xd7, 0xff, 0x83,
    0xff, 0xdd, 0x7f, 0xf8, 0x3f, 0xfd, 0xd7, 0xff,
    0x83, 0xff, 0xdd, 0x7f, 0xf8, 0x3f, 0xfd, 0xd7,
    0xff, 0x83, 0xff, 0xdd, 0x7f, 0xf8, 0x3f, 0xfd,
    0xd7, 0xff, 0x83, 0xff, 0xdd, 0x7f, 0xf8, 0x3f,
    0xfd, 0xd7, 0xff, 0x83, 0xff, 0xdd, 0x7f, 0xf8,
    0x3f, 0xfd, 0xd7, 0xff, 0x83, 0xff, 0xdd, 0x7f,
    0xf0, 0x7f, 0xfb, 0xef, 0xfc, 0x19, 0xaf, 0xff,
    0x2a, 0x1d, 0x7f, 0xc1, 0x9f, 0xff, 0xf3, 0xa1,
    0xaf, 0xf0, 0x67, 0xff, 0xfd, 0x28, 0x57, 0xf0,
    0x67, 0xff, 0xfd, 0x70, 0x2f, 0xc1, 0x9f, 0xff,
    0xf6, 0xc5, 0xf0, 0x67, 0xff, 0xfd, 0xe5, 0xe0,
    0xcf, 0xff, 0xfb, 0xc1, 0x61, 0x9f, 0xff, 0xf7,
    0x84, 0x86, 0x7f, 0xff, 0xde, 0x1f, 0x9f, 0xff,
    0xf7, 0x87, 0xe7, 0xff, 0xfd, 0xe1, 0xe0,

    /* U+0046 "F" */
    0x9, 0xff, 0xff, 0x78, 0x7f, 0x9f, 0xff, 0xf7,
    0x87, 0x21, 0x9f, 0xff, 0xf7, 0x86, 0xb0, 0xcf,
    0xff, 0xfb, 0xc2, 0xbc, 0x19, 0xff, 0xff, 0x78,
    0x2f, 0x83, 0x3f, 0xff, 0xef, 0x2f, 0xc1, 0x9f,
    0xff, 0xf6, 0xc5, 0xfc, 0x19, 0xff, 0xff, 0x5c,
    0xb, 0xfc, 0x19, 0xff, 0xff, 0x4a, 0x15, 0xff,
    0x6, 0x7f, 0xff, 0xce, 0x86, 0xbf, 0xf0, 0x66,
    0xbf, 0xfc, 0xa8, 0x75, 0xff, 0xc1, 0xff, 0xef,
    0xbf, 0xfc, 0x1f, 0xfe, 0xeb, 0xff, 0xc1, 0xff,
    0xee, 0xbf, 0xfc, 0x1f, 0xfe, 0xeb, 0xff, 0xc1,
    0xff, 0xee, 0xbf, 0xfc, 0x1f, 0xfe, 0xeb, 0xff,
    0xc1, 0xff, 0xee, 0xbf, 0xfc, 0x1f, 0xfe, 0xeb,
    0xff, 0xc1, 0xff, 0xee, 0xbf, 0xfc, 0x1f, 0xfe,
    0xeb, 0xff, 0xc1, 0xff, 0xee, 0xbf, 0xfc, 0x1f,
    0xfe, 0xeb, 0xff, 0xc1, 0xff, 0xee, 0xbf, 0xfc,
    0x1f, 0xfe, 0xeb, 0xff, 0xc1, 0xff, 0xee, 0xbf,
    0xfc, 0x1f, 0xfe, 0xeb, 0xff, 0xc1, 0xff, 0xee,
    0xbf, 0xfc, 0x1f, 0xfe, 0xeb, 0xff, 0xc1, 0xff,
    0xee, 0xbf, 0xfc, 0x1f, 0xfe, 0xeb, 0xff, 0xc1,
    0xff, 0xee, 0xbf, 0xfc, 0x1f, 0xfe, 0xeb, 0xff,
    0xc1, 0xff, 0xee, 0xbf, 0xfc, 0x1f, 0xfe, 0xeb,
    0xff, 0xc1, 0xff, 0xee, 0xbf, 0xfc, 0x1f, 0xfe,
    0xeb, 0xff, 0xc1, 0xff, 0xee, 0xbf, 0xfc, 0x1f,
    0xfe, 0xeb, 0xff, 0xc1, 0xff, 0xee, 0xbf, 0xfc,
    0x1f, 0xfe, 0xeb, 0xff, 0xc1, 0xff, 0xee, 0xbf,
    0xfc, 0x1f, 0xfe, 0xeb, 0xff, 0xc1, 0xff, 0xee,
    0xbf, 0xfc, 0x1f, 0xfe, 0xeb, 0xff, 0xc1, 0xff,
    0xee, 0xbf, 0xfc, 0x1f, 0xfe, 0xeb, 0xff, 0xc1,
    0xff, 0xee, 0xbf, 0xfc, 0x1f, 0xfe, 0xeb, 0xff,
    0xc1, 0xff, 0xee, 0xbf, 0xfc, 0x1f, 0xfe, 0xeb,
    0xff, 0xc1, 0xff, 0xee, 0xbf, 0xfc, 0x1f, 0xfe,
    0xeb, 0xff, 0xc1, 0xff, 0xee, 0xbf, 0xfc, 0x1f,
    0xfe, 0xeb, 0xff, 0xc1, 0xff, 0xee, 0xbf, 0xfc,
    0x1f, 0xfe, 0xeb, 0xff, 0x83, 0xff, 0xdf, 0x7f,
    0xe0, 0xd7, 0xff, 0xf9, 0x60, 0xeb, 0xfe, 0xd,
    0x7f, 0xff, 0x9e, 0xd, 0x7f, 0x83, 0x5f, 0xff,
    0xe9, 0x82, 0xbf, 0x83, 0x5f, 0xff, 0xeb, 0x83,
    0xfe, 0xbf, 0xff, 0xdb, 0x7, 0xfb, 0xff, 0xfd,
    0xea, 0xac, 0x84, 0xff, 0xff, 0xb5, 0x2f, 0xe8,
    0x27, 0xff, 0xfd, 0x68, 0x2f, 0xf4, 0x13, 0xff,
    0xfe, 0x94, 0x2b, 0xfe, 0x82, 0x7f, 0xff, 0xce,
    0x86, 0xbf, 0xf4, 0x13, 0x5f, 0xfe, 0x54, 0x3a,
    0xff, 0xe8, 0x3f, 0xfd, 0xd7, 0xff, 0x83, 0xff,
    0xdd, 0x7f, 0xf8, 0x3f, 0xfd, 0xd7, 0xff, 0x83,
    0xff, 0xdd, 0x7f, 0xf8, 0x3f, 0xfd, 0xd7, 0xff,
    0x83, 0xff, 0xdd, 0x7f, 0xf8, 0x3f, 0xfd, 0xd7,
    0xff, 0x83, 0xff, 0xdd, 0x7f, 0xf8, 0x3f, 0xfd,
    0xd7, 0xff, 0x83, 0xff, 0xdd, 0x7f, 0xf8, 0x3f,
    0xfd, 0xd7, 0xff, 0x83, 0xff, 0xdd, 0x7f, 0xf8,
    0x3f, 0xfd, 0xd7, 0xff, 0x83, 0xff, 0xdd, 0x7f,
    0xf8, 0x3f, 0xfd, 0xd7, 0xff, 0x83, 0xff, 0xdd,
    0x7f, 0xf8, 0x3f, 0xfd, 0xd7, 0xff, 0x83, 0xff,
    0xdd, 0x7f, 0xf8, 0x3f, 0xfd, 0xd7, 0xff, 0x83,
    0xff, 0xdd, 0x7f, 0xf8, 0x3f, 0xfd, 0xd7, 0xff,
    0x83, 0xff, 0xdd, 0x7f, 0xf8, 0x3f, 0xfd, 0xd7,
    0xff, 0x83, 0xff, 0xdd, 0x7f, 0xf8, 0x3f, 0xfd,
    0xd7, 0xff, 0x83, 0xff, 0xdd, 0x7f, 0xf8, 0x3f,
    0xfd, 0xd7, 0xff, 0x83, 0xff, 0xdd, 0x7f, 0xf8,
    0x3f, 0xfd, 0xd7, 0xff, 0x83, 0xff, 0xdd, 0x7f,
    0xf8, 0x3f, 0xfd, 0xd7, 0xff, 0x83, 0xff, 0xdd,
    0x7f, 0xf8, 0x3f, 0xfd, 0xd7, 0xff, 0x83, 0xff,
    0xdd, 0x7f, 0xf8, 0x3f, 0xfd, 0xd7, 0xff, 0x83,
    0xff, 0xdd, 0x7f, 0xf8, 0x3f, 0xfd, 0xd7, 0xff,
    0x83, 0xff, 0xdd, 0x7f, 0xf8, 0x3f, 0xfd, 0xd7,
    0xff, 0x83, 0xff, 0xdd, 0x7f, 0xf8, 0x3f, 0xfd,
    0xd7, 0xff, 0x83, 0xff, 0xdd, 0x7f, 0xf8, 0x3f,
    0xfd, 0xd7, 0xff, 0x83, 0xff, 0xdd, 0x7f, 0xf8,
    0x3f, 0xfd, 0xd7, 0xff, 0x83, 0xff, 0xdd, 0x7f,
    0xf8, 0x3f, 0xfd, 0xd7, 0xff, 0x83, 0xff, 0xdd,
    0x7f, 0xf8, 0x3f, 0xfd, 0xd7, 0xff, 0x83, 0xff,
    0xdd, 0x7f, 0xf8, 0x3f, 0xfd, 0xd7, 0xff, 0x83,
    0xff, 0xdc, 0xff, 0xf8, 0x3f, 0xfd, 0xef, 0xfe,
    0x83, 0xff, 0xe0, 0xff, 0xa0, 0xff, 0xf9, 0x3f,
    0xa0, 0xff, 0xfa, 0x3e, 0x83, 0xff, 0xec, 0xc1,
    0xff, 0xf2,

    /* U+0047 "G" */
    0xf, 0xfe, 0x17, 0xff, 0xf9, 0x43, 0xff, 0x9f,
    0xff, 0xfe, 0x70, 0xff, 0xe6, 0xff, 0xff, 0xa4,
    0x3f, 0xf9, 0x7f, 0xff, 0xeb, 0xf, 0xfe, 0x4f,
    0xff, 0xfb, 0x43, 0xff, 0x8f, 0xff, 0xfe, 0xf0,
    0xff, 0xe3, 0xff, 0xff, 0xb6, 0xf, 0xfe, 0x47,
    0xff, 0xfa, 0xe0, 0xff, 0xe1, 0xb8, 0x77, 0xff,
    0xfa, 0x50, 0xff, 0xe1, 0xbf, 0x6, 0x7f, 0xff,
    0xce, 0x87, 0xff, 0xd, 0xfe, 0xc, 0xd7, 0xff,
    0x95, 0xf, 0xfe, 0x1b, 0xff, 0x7, 0xff, 0xe1,
    0xff, 0xe0, 0xff, 0xfb, 0x3f, 0xfe, 0xf, 0xff,
    0xb5, 0xff, 0xe0, 0xff, 0xfb, 0x5f, 0xfe, 0xf,
    0xff, 0xb5, 0xff, 0xe0, 0xff, 0xfb, 0x5f, 0xfe,
    0xf, 0xff, 0xb5, 0xff, 0xe0, 0xff, 0xfb, 0x5f,
    0xfe, 0xf, 0xff, 0xb5, 0xff, 0xe0, 0xff, 0xfb,
    0x5f, 0xfe, 0xf, 0xff, 0xb5, 0xff, 0xe0, 0xff,
    0xfb, 0x5f, 0xfe, 0xf, 0xff, 0xb5, 0xff, 0xe0,
    0xff, 0xfb, 0x5f, 0xfe, 0xf, 0xff, 0xb5, 0xff,
    0xe0, 0xff, 0xfb, 0x5f, 0xfe, 0xf, 0xff, 0xb5,
    0xff, 0xe0, 0xff, 0xfb, 0x5f, 0xfe, 0xf, 0xff,
    0xb5, 0xff, 0xe0, 0xff, 0xfb, 0x5f, 0xfe, 0xf,
    0xff, 0xb5, 0xff, 0xe0, 0xff, 0xfb, 0x5f, 0xfe,
    0xf, 0xff, 0xb5, 0xff, 0xe0, 0xff, 0xfb, 0x5f,
    0xfe, 0xf, 0xff, 0xb5, 0xff, 0xe0, 0xff, 0xfb,
    0x5f, 0xfe, 0xf, 0xff, 0xb5, 0xff, 0xe0, 0xff,
    0xfb, 0x5f, 0xfe, 0xf, 0xff, 0xb5, 0xff, 0xe0,
    0xff, 0xfb, 0x5f, 0xfe, 0xf, 0xff, 0xb5, 0xff,
    0xe0, 0xff, 0xfb, 0x5f, 0xfe, 0xf, 0xff, 0xb5,
    0xff, 0xe0, 0xff, 0xfb, 0x5f, 0xfe, 0xf, 0xff,
    0xb5, 0xff, 0xe0, 0xff, 0xfb, 0x5f, 0xfe, 0xf,
    0xff, 0xb5, 0xff, 0xe0, 0xff, 0xfb, 0x5f, 0xfe,
    0xf, 0xff, 0xb5, 0xff, 0xe0, 0xff, 0xfb, 0x5f,
    0xfe, 0xf, 0xff, 0xb5, 0xff, 0xe0, 0xff, 0xfb,
    0x5f, 0xfe, 0xf, 0xff, 0xb5, 0xff, 0xe0, 0xff,
    0xfb, 0x5f, 0xfe, 0xf, 0xff, 0xb5, 0xff, 0xe0,
    0xff, 0xfb, 0x5f, 0xfc, 0x1f, 0xff, 0x7b, 0xff,
    0x7, 0xff, 0x67, 0xff, 0xf9, 0xe8, 0x57, 0xfc,
    0x1f, 0xfd, 0x9f, 0xff, 0xe7, 0xa1, 0xaf, 0xf0,
    0x7f, 0xf6, 0x7f, 0xff, 0x9e, 0x86, 0xa7, 0xf0,
    0x7f, 0xf6, 0x7f, 0xff, 0x9e, 0x86, 0xb0, 0xff,
    0xef, 0x7f, 0xff, 0x3d, 0xd, 0x78, 0x3f, 0xfb,
    0xbf, 0xff, 0xcf, 0x43, 0x5f, 0x35, 0x90, 0xff,
    0xec, 0x7f, 0xff, 0x35, 0xd, 0x7e, 0xbf, 0xa0,
    0xff, 0xec, 0x7f, 0xff, 0x2d, 0xd, 0x7f, 0x5f,
    0xe8, 0x3f, 0xfb, 0x1f, 0xff, 0xc9, 0x43, 0x5f,
    0xeb, 0xfe, 0x83, 0xff, 0xb1, 0xff, 0xfc, 0x74,
    0x35, 0xff, 0x5f, 0xfa, 0xf, 0xfe, 0xc5, 0x7f,
    0xf1, 0x50, 0xd7, 0xfe, 0xbf, 0xfa, 0xf, 0xff,
    0x65, 0xff, 0xd7, 0xff, 0x83, 0xff, 0xd7, 0x7f,
    0xfa, 0xff, 0xf0, 0x7f, 0xfa, 0xef, 0xff, 0x5f,
    0xfe, 0xf, 0xff, 0x5d, 0xff, 0xeb, 0xff, 0xc1,
    0xff, 0xeb, 0xbf, 0xfd, 0x7f, 0xf8, 0x3f, 0xfd,
    0x77, 0xff, 0xaf, 0xff, 0x7, 0xff, 0xae, 0xff,
    0xf5, 0xff, 0xe0, 0xff, 0xf5, 0xdf, 0xfe, 0xbf,
    0xfc, 0x1f, 0xfe, 0xbb, 0xff, 0xd7, 0xff, 0x83,
    0xff, 0xd7, 0x7f, 0xfa, 0xff, 0xf0, 0x7f, 0xfa,
    0xef, 0xff, 0x5f, 0xfe, 0xf, 0xff, 0x5d, 0xff,
    0xeb, 0xff, 0xc1, 0xff, 0xeb, 0xbf, 0xfd, 0x7f,
    0xf8, 0x3f, 0xfd, 0x77, 0xff, 0xaf, 0xff, 0x7,
    0xff, 0xae, 0xff, 0xf5, 0xff, 0xe0, 0xff, 0xf5,
    0xdf, 0xfe, 0xbf, 0xfc, 0x1f, 0xfe, 0xbb, 0xff,
    0xd7, 0xff, 0x83, 0xff, 0xd7, 0x7f, 0xfa, 0xff,
    0xf0, 0x7f, 0xfa, 0xef, 0xff, 0x5f, 0xfe, 0xf,
    0xff, 0x5d, 0xff, 0xeb, 0xff, 0xc1, 0xff, 0xeb,
    0xbf, 0xfd, 0x7f, 0xf8, 0x3f, 0xfd, 0x77, 0xff,
    0xaf, 0xff, 0x7, 0xff, 0xae, 0xff, 0xf5, 0xff,
    0xe0, 0xff, 0xf5, 0xdf, 0xfe, 0xbf, 0xfc, 0x1f,
    0xfe, 0xbb, 0xff, 0xd7, 0xff, 0x83, 0xff, 0xd7,
    0x7f, 0xfa, 0xff, 0xf0, 0x7f, 0xfa, 0xef, 0xff,
    0x5f, 0xfe, 0xf, 0xff, 0x5d, 0xff, 0xeb, 0xff,
    0xc1, 0xff, 0xeb, 0xbf, 0xfd, 0x7f, 0xf8, 0x3f,
    0xfd, 0x77, 0xff, 0xaf, 0xff, 0x7, 0xff, 0xae,
    0xff, 0xf5, 0xff, 0xe0, 0xff, 0xf5, 0xdf, 0xfe,
    0xbf, 0xfc, 0x1f, 0xfe, 0xbb, 0xff, 0xd7, 0xff,
    0x83, 0xff, 0xd7, 0x7f, 0xfa, 0xff, 0xf0, 0x7f,
    0xfa, 0xef, 0xff, 0x5f, 0xfe, 0xf, 0xff, 0x5d,
    0xff, 0xeb, 0xff, 0xc1, 0xff, 0xeb, 0xbf, 0xfd,
    0x7f, 0xf8, 0x3f, 0xfd, 0x77, 0xff, 0xaf, 0xff,
    0x7, 0xff, 0xae, 0xff, 0xf5, 0xff, 0xe0, 0xff,
    0xf5, 0xdf, 0xfe, 0xbf, 0xfc, 0x1f, 0xfe, 0xbb,
    0xff, 0xd7, 0xff, 0x83, 0xff, 0xd7, 0x7f, 0xfa,
    0xff, 0xf0, 0x7f, 0xfa, 0xef, 0xff, 0x5f, 0xfe,
    0xf, 0xff, 0x5d, 0xff, 0xe7, 0xff, 0xc1, 0xff,
    0xeb, 0xbf, 0xfa, 0x1f, 0xfe, 0xf, 0xff, 0x5d,
    0xff, 0xa0, 0x9f, 0xf8, 0x3f, 0xfd, 0xb7, 0xfa,
    0xe, 0x7f, 0x83, 0x35, 0xff, 0xe5, 0x43, 0x5f,
    0x90, 0xf9, 0xf8, 0x33, 0xff, 0xfe, 0x74, 0x35,
    0xe4, 0x3f, 0x98, 0x3b, 0xff, 0xfd, 0x28, 0x69,
    0xf, 0xfe, 0x27, 0xff, 0xfa, 0xe0, 0xff, 0xe4,
    0x7f, 0xff, 0xb6, 0xf, 0xfe, 0x37, 0xff, 0xfb,
    0xc3, 0xff, 0x8c, 0xff, 0xff, 0xb4, 0x3f, 0xf9,
    0xf, 0xff, 0xfa, 0xc3, 0xff, 0x94, 0xff, 0xff,
    0xa4, 0x3f, 0xf9, 0x8f, 0xff, 0xf9, 0xc3, 0xff,
    0x9c, 0xff, 0xff, 0x94, 0x3f, 0xf8, 0x40,

    /* U+0048 "H" */
    0xf, 0xff, 0xf8, 0x7d, 0x61, 0xff, 0xf3, 0xe0,
    0xfe, 0xbe, 0xf, 0xff, 0x8f, 0xd0, 0x7d, 0x7f,
    0x7, 0xff, 0xbf, 0xfa, 0xe, 0xbf, 0xe0, 0xff,
    0xf6, 0xff, 0xd0, 0x5f, 0xfe, 0xf, 0xff, 0x5f,
    0xff, 0x45, 0xff, 0xe0, 0xff, 0xf5, 0xff, 0xfa,
    0x9f, 0xfe, 0xf, 0xff, 0x5f, 0xff, 0xd7, 0xff,
    0x83, 0xff, 0xd7, 0xff, 0xf5, 0xff, 0xe0, 0xff,
    0xf5, 0xff, 0xfd, 0x7f, 0xf8, 0x3f, 0xfd, 0x7f,
    0xff, 0x5f, 0xfe, 0xf, 0xff, 0x5f, 0xff, 0xd7,
    0xff, 0x83, 0xff, 0xd7, 0xff, 0xf5, 0xff, 0xe0,
    0xff, 0xf5, 0xff, 0xfd, 0x7f, 0xf8, 0x3f, 0xfd,
    0x7f, 0xff, 0x5f, 0xfe, 0xf, 0xff, 0x5f, 0xff,
    0xd7, 0xff, 0x83, 0xff, 0xd7, 0xff, 0xf5, 0xff,
    0xe0, 0xff, 0xf5, 0xff, 0xfd, 0x7f, 0xf8, 0x3f,
    0xfd, 0x7f, 0xff, 0x5f, 0xfe, 0xf, 0xff, 0x5f,
    0xff, 0xd7, 0xff, 0x83, 0xff, 0xd7, 0xff, 0xf5,
    0xff, 0xe0, 0xff, 0xf5, 0xff, 0xfd, 0x7f, 0xf8,
    0x3f, 0xfd, 0x7f, 0xff, 0x5f, 0xfe, 0xf, 0xff,
    0x5f, 0xff, 0xd7, 0xff, 0x83, 0xff, 0xd7, 0xff,
    0xf5, 0xff, 0xe0, 0xff, 0xf5, 0xff, 0xfd, 0x7f,
    0xf8, 0x3f, 0xfd, 0x7f, 0xff, 0x5f, 0xfe, 0xf,
    0xff, 0x5f, 0xff, 0xd7, 0xff, 0x83, 0xff, 0xd7,
    0xff, 0xf5, 0xff, 0xe0, 0xff, 0xf5, 0xff, 0xfd,
    0x7f, 0xf8, 0x3f, 0xfd, 0x7f, 0xff, 0x5f, 0xfe,
    0xf, 0xff, 0x5f, 0xff, 0xd7, 0xff, 0x83, 0xff,
    0xd7, 0xff, 0xf5, 0xff, 0xe0, 0xff, 0xf5, 0xff,
    0xfd, 0x7f, 0xf8, 0x3f, 0xfd, 0x7f, 0xff, 0x5f,
    0xfe, 0xf, 0xff, 0x5f, 0xff, 0xd7, 0xff, 0x83,
    0xff, 0xd7, 0xff, 0xf5, 0xff, 0xe0, 0xff, 0xf5,
    0xff, 0xfd, 0x7f, 0xf8, 0x3f, 0xfd, 0x7f, 0xff,
    0x5f, 0xfe, 0xf, 0xff, 0x5f, 0xff, 0xd7, 0xff,
    0x83, 0xff, 0xd7, 0xff, 0xf5, 0xff, 0xe0, 0xff,
    0xf5, 0xff, 0xfd, 0x7f, 0xf8, 0x3f, 0xfd, 0x7f,
    0xff, 0x5f, 0xfe, 0xf, 0xff, 0x5f, 0xff, 0xd7,
    0xff, 0x83, 0xff, 0xd7, 0xff, 0xf5, 0xff, 0xe0,
    0xff, 0xf5, 0xff, 0xfd, 0x7f, 0xf8, 0x3f, 0xfd,
    0x7f, 0xff, 0x5f, 0xfe, 0xf, 0xff, 0x5f, 0xff,
    0xd7, 0xff, 0x83, 0xff, 0xd7, 0xff, 0xf5, 0xff,
    0xe0, 0xff, 0xf5, 0xff, 0xfd, 0x7f, 0xf8, 0x3f,
    0xfd, 0x7f, 0xff, 0x5f, 0xfe, 0xf, 0xff, 0x5f,
    0xff, 0xd7, 0xff, 0x83, 0xff, 0xd7, 0xff, 0xf5,
    0xff, 0xe0, 0xff, 0xf5, 0xff, 0xfd, 0x7f, 0xf8,
    0x3f, 0xfd, 0x7f, 0xff, 0x5f, 0xfe, 0xf, 0xff,
    0x5f, 0xff, 0xd7, 0xff, 0x83, 0xff, 0xd7, 0xff,
    0xf5, 0xff, 0xe0, 0xff, 0xf5, 0xff, 0xfd, 0x7f,
    0xf0, 0x7f, 0xfb, 0x7f, 0xfd, 0x7f, 0xe0, 0xd7,
    0xff, 0xf9, 0x60, 0xdf, 0xfd, 0x7f, 0xc1, 0xaf,
    0xff, 0xf3, 0xc1, 0xbf, 0xf5, 0xfe, 0xd, 0x7f,
    0xff, 0xa6, 0xd, 0xff, 0x5f, 0xc1, 0xaf, 0xff,
    0xf5, 0xc1, 0xbf, 0xa0, 0xfe, 0xbf, 0xff, 0xdb,
    0x7, 0xff, 0x1b, 0xff, 0xfd, 0xe8, 0x7e, 0x6b,
    0x21, 0x3f, 0xff, 0xed, 0x43, 0x2f, 0x5f, 0xd0,
    0x4f, 0xff, 0xfa, 0xd0, 0x9f, 0xf5, 0xfe, 0x82,
    0x7f, 0xff, 0xd2, 0x84, 0xff, 0xd7, 0xfd, 0x4,
    0xff, 0xff, 0x9d, 0x9, 0xff, 0xd7, 0xfe, 0x82,
    0x6b, 0xff, 0xca, 0x84, 0xff, 0xf5, 0xff, 0xd0,
    0x7f, 0xfa, 0xdf, 0xff, 0x5f, 0xfe, 0xf, 0xff,
    0x5f, 0xff, 0xd7, 0xff, 0x83, 0xff, 0xd7, 0xff,
    0xf5, 0xff, 0xe0, 0xff, 0xf5, 0xff, 0xfd, 0x7f,
    0xf8, 0x3f, 0xfd, 0x7f, 0xff, 0x5f, 0xfe, 0xf,
    0xff, 0x5f, 0xff, 0xd7, 0xff, 0x83, 0xff, 0xd7,
    0xff, 0xf5, 0xff, 0xe0, 0xff, 0xf5, 0xff, 0xfd,
    0x7f, 0xf8, 0x3f, 0xfd, 0x7f, 0xff, 0x5f, 0xfe,
    0xf, 0xff, 0x5f, 0xff, 0xd7, 0xff, 0x83, 0xff,
    0xd7, 0xff, 0xf5, 0xff, 0xe0, 0xff, 0xf5, 0xff,
    0xfd, 0x7f, 0xf8, 0x3f, 0xfd, 0x7f, 0xff, 0x5f,
    0xfe, 0xf, 0xff, 0x5f, 0xff, 0xd7, 0xff, 0x83,
    0xff, 0xd7, 0xff, 0xf5, 0xff, 0xe0, 0xff, 0xf5,
    0xff, 0xfd, 0x7f, 0xf8, 0x3f, 0xfd, 0x7f, 0xff,
    0x5f, 0xfe, 0xf, 0xff, 0x5f, 0xff, 0xd7, 0xff,
    0x83, 0xff, 0xd7, 0xff, 0xf5, 0xff, 0xe0, 0xff,
    0xf5, 0xff, 0xfd, 0x7f, 0xf8, 0x3f, 0xfd, 0x7f,
    0xff, 0x5f, 0xfe, 0xf, 0xff, 0x5f, 0xff, 0xd7,
    0xff, 0x83, 0xff, 0xd7, 0xff, 0xf5, 0xff, 0xe0,
    0xff, 0xf5, 0xff, 0xfd, 0x7f, 0xf8, 0x3f, 0xfd,
    0x7f, 0xff, 0x5f, 0xfe, 0xf, 0xff, 0x5f, 0xff,
    0xd7, 0xff, 0x83, 0xff, 0xd7, 0xff, 0xf5, 0xff,
    0xe0, 0xff, 0xf5, 0xff, 0xfd, 0x7f, 0xf8, 0x3f,
    0xfd, 0x7f, 0xff, 0x5f, 0xfe, 0xf, 0xff, 0x5f,
    0xff, 0xd7, 0xff, 0x83, 0xff, 0xd7, 0xff, 0xf5,
    0xff, 0xe0, 0xff, 0xf5, 0xff, 0xfd, 0x7f, 0xf8,
    0x3f, 0xfd, 0x7f, 0xff, 0x5f, 0xfe, 0xf, 0xff,
    0x5f, 0xff, 0xd7, 0xff, 0x83, 0xff, 0xd7, 0xff,
    0xf5, 0xff, 0xe0, 0xff, 0xf5, 0xff, 0xfd, 0x7f,
    0xf8, 0x3f, 0xfd, 0x7f, 0xff, 0x5f, 0xfe, 0xf,
    0xff, 0x5f, 0xff, 0xd7, 0xff, 0x83, 0xff, 0xd7,
    0xff, 0xf5, 0xff, 0xe0, 0xff, 0xf5, 0xff, 0xfd,
    0x7f, 0xf8, 0x3f, 0xfd, 0x7f, 0xff, 0x5f, 0xfe,
    0xf, 0xff, 0x5f, 0xff, 0xd7, 0xff, 0x83, 0xff,
    0xd7, 0xff, 0xf5, 0xff, 0xe0, 0xff, 0xf5, 0xff,
    0xfd, 0x7f, 0xf8, 0x3f, 0xfd, 0x7f, 0xff, 0x5f,
    0xfe, 0xf, 0xff, 0x5f, 0xff, 0xd7, 0xff, 0x83,
    0xff, 0xd7, 0xff, 0xf5, 0xff, 0xe0, 0xff, 0xf5,
    0xff, 0xfd, 0x7f, 0xf8, 0x3f, 0xfd, 0x7f, 0xff,
    0x5f, 0xfe, 0xf, 0xff, 0x5f, 0xff, 0xd7, 0xff,
    0x83, 0xff, 0xd7, 0xff, 0xf5, 0xff, 0xe0, 0xff,
    0xf5, 0xff, 0xfc, 0xff, 0xf8, 0x3f, 0xfd, 0x7f,
    0xfe, 0x47, 0xff, 0x41, 0xff, 0xeb, 0xbf, 0xf2,
    0x13, 0xfe, 0x83, 0xff, 0xdb, 0x7f, 0x90, 0xe7,
    0xf4, 0x1f, 0xfe, 0xfb, 0xf2, 0x1f, 0x3e, 0x83,
    0xff, 0xe3, 0x79, 0xf, 0xe6, 0xf, 0xff, 0x9c,
    0x87, 0x0,

    /* U+0049 "I" */
    0xf, 0xfe, 0x2f, 0x83, 0xfb, 0xf0, 0x79, 0xff,
    0x21, 0x3f, 0xf9, 0x1f, 0xff, 0xf, 0xff, 0x87,
    0xff, 0xc3, 0xff, 0xe1, 0xff, 0xf0, 0xff, 0xf8,
    0x7f, 0xfc, 0x3f, 0xfe, 0x1f, 0xff, 0xf, 0xff,
    0x87, 0xff, 0xc3, 0xff, 0xe1, 0xff, 0xf0, 0xff,
    0xf8, 0x7f, 0xfc, 0x3f, 0xfe, 0x1f, 0xff, 0xf,
    0xff, 0x87, 0xff, 0xc3, 0xff, 0xe1, 0xff, 0xf0,
    0xff, 0xf8, 0x7f, 0xfc, 0x3f, 0xfe, 0x1f, 0xff,
    0xf, 0xff, 0x87, 0xff, 0xc3, 0xff, 0xe1, 0xff,
    0xf0, 0xff, 0xf8, 0x7f, 0xfc, 0x3f, 0xfe, 0x1f,
    0xff, 0xf, 0xff, 0x87, 0xff, 0xc3, 0xff, 0xe1,
    0xff, 0xf0, 0xff, 0xf8, 0x7f, 0xfc, 0x3f, 0xfe,
    0x1f, 0xff, 0xf, 0xff, 0x87, 0xff, 0xc3, 0xff,
    0xe1, 0xff, 0xf0, 0xff, 0xf8, 0x7f, 0xfc, 0x3f,
    0xfe, 0x1f, 0xff, 0xf, 0xff, 0x87, 0xff, 0xc3,
    0xff, 0xe1, 0xff, 0xf0, 0x1f, 0xfc, 0x84, 0xff,
    0x90, 0xe7, 0xf2, 0x1f, 0x3e, 0x43, 0xf9, 0x83,
    0xff, 0xc5, 0xe0, 0xfe, 0xfc, 0x1f, 0x7f, 0x41,
    0xdf, 0xf4, 0x17, 0xff, 0x43, 0xff, 0xe1, 0xff,
    0xf0, 0xff, 0xf8, 0x7f, 0xfc, 0x3f, 0xfe, 0x1f,
    0xff, 0xf, 0xff, 0x87, 0xff, 0xc3, 0xff, 0xe1,
    0xff, 0xf0, 0xff, 0xf8, 0x7f, 0xfc, 0x3f, 0xfe,
    0x1f, 0xff, 0xf, 0xff, 0x87, 0xff, 0xc3, 0xff,
    0xe1, 0xff, 0xf0, 0xff, 0xf8, 0x7f, 0xfc, 0x3f,
    0xfe, 0x1f, 0xff, 0xf, 0xff, 0x87, 0xff, 0xc3,
    0xff, 0xe1, 0xff, 0xf0, 0xff, 0xf8, 0x7f, 0xfc,
    0x3f, 0xfe, 0x1f, 0xff, 0xf, 0xff, 0x87, 0xff,
    0xc3, 0xff, 0xe1, 0xff, 0xf0, 0xff, 0xf8, 0x7f,
    0xfc, 0x3f, 0xfe, 0x1f, 0xff, 0xf, 0xff, 0x87,
    0xff, 0xc3, 0xff, 0xe1, 0xff, 0xf0, 0xff, 0xf8,
    0x7f, 0xfc, 0x3f, 0xfe, 0x1f, 0xff, 0xf, 0xff,
    0x87, 0xff, 0xc3, 0xff, 0xe1, 0xff, 0xf0, 0xff,
    0xf8, 0x7f, 0xfc, 0xf, 0xff, 0x5, 0xff, 0x83,
    0xbf, 0xa0, 0xfa, 0xf4, 0x1f, 0xd4, 0xe,

    /* U+004A "J" */
    0xf, 0xff, 0xf8, 0x7f, 0xff, 0x38, 0x3f, 0xff,
    0xdf, 0x41, 0xff, 0xfc, 0xfe, 0x83, 0xff, 0xf5,
    0xff, 0x41, 0xff, 0xf8, 0xff, 0xe8, 0x3f, 0xfe,
    0xff, 0xfe, 0x83, 0xff, 0xed, 0xff, 0xf0, 0x7f,
    0xfd, 0xbf, 0xfe, 0xf, 0xff, 0xb7, 0xff, 0xc1,
    0xff, 0xf6, 0xff, 0xf8, 0x3f, 0xfe, 0xdf, 0xff,
    0x7, 0xff, 0xdb, 0xff, 0xe0, 0xff, 0xfb, 0x7f,
    0xfc, 0x1f, 0xff, 0x6f, 0xff, 0x83, 0xff, 0xed,
    0xff, 0xf0, 0x7f, 0xfd, 0xbf, 0xfe, 0xf, 0xff,
    0xb7, 0xff, 0xc1, 0xff, 0xf6, 0xff, 0xf8, 0x3f,
    0xfe, 0xdf, 0xff, 0x7, 0xff, 0xdb, 0xff, 0xe0,
    0xff, 0xfb, 0x7f, 0xfc, 0x1f, 0xff, 0x6f, 0xff,
    0x83, 0xff, 0xed, 0xff, 0xf0, 0x7f, 0xfd, 0xbf,
    0xfe, 0xf, 0xff, 0xb7, 0xff, 0xc1, 0xff, 0xf6,
    0xff, 0xf8, 0x3f, 0xfe, 0xdf, 0xff, 0x7, 0xff,
    0xdb, 0xff, 0xe0, 0xff, 0xfb, 0x7f, 0xfc, 0x1f,
    0xff, 0x6f, 0xff, 0x83, 0xff, 0xed, 0xff, 0xf0,
    0x7f, 0xfd, 0xbf, 0xfe, 0xf, 0xff, 0xb7, 0xff,
    0xc1, 0xff, 0xf6, 0xff, 0xf8, 0x3f, 0xfe, 0xdf,
    0xff, 0x7, 0xff, 0xdb, 0xff, 0xe0, 0xff, 0xfb,
    0x7f, 0xfc, 0x1f, 0xff, 0x6f, 0xff, 0x83, 0xff,
    0xed, 0xff, 0xf0, 0x7f, 0xfd, 0xbf, 0xfe, 0xf,
    0xff, 0xb7, 0xff, 0xc1, 0xff, 0xf6, 0xff, 0xf8,
    0x3f, 0xfe, 0xdf, 0xff, 0x7, 0xff, 0xdb, 0xff,
    0xe0, 0xff, 0xfb, 0x7f, 0xfc, 0x1f, 0xff, 0x6f,
    0xff, 0x83, 0xff, 0xed, 0xff, 0xf0, 0x7f, 0xfd,
    0xbf, 0xfe, 0xf, 0xff, 0xb7, 0xff, 0xc1, 0xff,
    0xf6, 0xff, 0xf8, 0x3f, 0xfe, 0xdf, 0xff, 0x7,
    0xff, 0xdb, 0xff, 0xe0, 0xff, 0xfb, 0x7f, 0xfc,
    0x1f, 0xff, 0x6f, 0xff, 0x83, 0xff, 0xed, 0xff,
    0xf0, 0x7f, 0xfd, 0xbf, 0xfe, 0xf, 0xff, 0xb7,
    0xff, 0xc1, 0xff, 0xf7, 0xff, 0xf0, 0x7f, 0xfe,
    0x3f, 0xf8, 0x3f, 0xff, 0x3f, 0xf8, 0x3f, 0xff,
    0x5f, 0xf0, 0x7f, 0xfe, 0xff, 0xc1, 0xff, 0xff,
    0xf, 0xff, 0xf8, 0x66, 0xb2, 0x1f, 0xff, 0x56,
    0xb3, 0x7f, 0x41, 0xff, 0xf3, 0x7f, 0xd7, 0xfa,
    0xf, 0xff, 0x8b, 0xff, 0x5f, 0xf4, 0x1f, 0xfe,
    0xf7, 0xff, 0x5f, 0xfa, 0xf, 0xff, 0x6b, 0xff,
    0xd7, 0xff, 0x41, 0xff, 0xeb, 0x7f, 0xfd, 0x7f,
    0xf8, 0x3f, 0xfd, 0x7f, 0xff, 0x5f, 0xfe, 0xf,
    0xff, 0x5f, 0xff, 0xd7, 0xff, 0x83, 0xff, 0xd7,
    0xff, 0xf5, 0xff, 0xe0, 0xff, 0xf5, 0xff, 0xfd,
    0x7f, 0xf8, 0x3f, 0xfd, 0x7f, 0xff, 0x5f, 0xfe,
    0xf, 0xff, 0x5f, 0xff, 0xd7, 0xff, 0x83, 0xff,
    0xd7, 0xff, 0xf5, 0xff, 0xe0, 0xff, 0xf5, 0xff,
    0xfd, 0x7f, 0xf8, 0x3f, 0xfd, 0x7f, 0xff, 0x5f,
    0xfe, 0xf, 0xff, 0x5f, 0xff, 0xd7, 0xff, 0x83,
    0xff, 0xd7, 0xff, 0xf5, 0xff, 0xe0, 0xff, 0xf5,
    0xff, 0xfd, 0x7f, 0xf8, 0x3f, 0xfd, 0x7f, 0xff,
    0x5f, 0xfe, 0xf, 0xff, 0x5f, 0xff, 0xd7, 0xff,
    0x83, 0xff, 0xd7, 0xff, 0xf5, 0xff, 0xe0, 0xff,
    0xf5, 0xff, 0xfd, 0x7f, 0xf8, 0x3f, 0xfd, 0x7f,
    0xff, 0x5f, 0xfe, 0xf, 0xff, 0x5f, 0xff, 0xd7,
    0xff, 0x83, 0xff, 0xd7, 0xff, 0xf5, 0xff, 0xe0,
    0xff, 0xf5, 0xff, 0xfd, 0x7f, 0xf8, 0x3f, 0xfd,
    0x7f, 0xff, 0x5f, 0xfe, 0xf, 0xff, 0x5f, 0xff,
    0xd7, 0xff, 0x83, 0xff, 0xd7, 0xff, 0xf5, 0xff,
    0xe0, 0xff, 0xf5, 0xff, 0xfd, 0x7f, 0xf8, 0x3f,
    0xfd, 0x7f, 0xff, 0x5f, 0xfe, 0xf, 0xff, 0x5f,
    0xff, 0xd7, 0xff, 0x83, 0xff, 0xd7, 0xff, 0xf5,
    0xff, 0xe0, 0xff, 0xf5, 0xff, 0xfd, 0x7f, 0xf8,
    0x3f, 0xfd, 0x7f, 0xff, 0x5f, 0xfe, 0xf, 0xff,
    0x5f, 0xff, 0xd7, 0xff, 0x83, 0xff, 0xd7, 0xff,
    0xf5, 0xff, 0xe0, 0xff, 0xf5, 0xff, 0xfd, 0x7f,
    0xf8, 0x3f, 0xfd, 0x7f, 0xff, 0x5f, 0xfe, 0xf,
    0xff, 0x5f, 0xff, 0xd7, 0xff, 0x83, 0xff, 0xd7,
    0xff, 0xf5, 0xff, 0xe0, 0xff, 0xf5, 0xff, 0xfd,
    0x7f, 0xf8, 0x3f, 0xfd, 0x7f, 0xff, 0x5f, 0xfe,
    0xf, 0xff, 0x5f, 0xff, 0xd7, 0xff, 0x83, 0xff,
    0xd7, 0xff, 0xf5, 0xff, 0xe0, 0xff, 0xf5, 0xff,
    0xfd, 0x7f, 0xf8, 0x3f, 0xfd, 0x7f, 0xff, 0x5f,
    0xfe, 0xf, 0xff, 0x5f, 0xff, 0xd7, 0xff, 0x83,
    0xff, 0xd7, 0xff, 0xf3, 0xff, 0xe0, 0xff, 0xf5,
    0xff, 0xf9, 0x1f, 0xfe, 0xf, 0xff, 0x5f, 0xff,
    0x21, 0x3f, 0xf0, 0x7f, 0xfb, 0x7f, 0xe4, 0x39,
    0xfe, 0xc, 0xd7, 0xff, 0x95, 0xd, 0x7e, 0x43,
    0xe7, 0xe0, 0xcf, 0xff, 0xf9, 0xd0, 0xd7, 0x90,
    0xfe, 0x60, 0xef, 0xff, 0xf4, 0xa1, 0xa4, 0x3f,
    0xf8, 0x9f, 0xff, 0xeb, 0x83, 0xff, 0x91, 0xff,
    0xfe, 0xd8, 0x3f, 0xf8, 0xdf, 0xff, 0xef, 0xf,
    0xfe, 0x33, 0xff, 0xfe, 0xd0, 0xff, 0xe4, 0x3f,
    0xff, 0xeb, 0xf, 0xfe, 0x53, 0xff, 0xfe, 0x90,
    0xff, 0xe6, 0x3f, 0xff, 0xe7, 0xf, 0xfe, 0x73,
    0xff, 0xfe, 0x50, 0xff, 0xe1, 0x0,

    /* U+004B "K" */
    0xf, 0x21, 0xff, 0xff, 0xf0, 0x7f, 0xff, 0xbf,
    0x7, 0xff, 0xf3, 0xfc, 0x1f, 0xff, 0xaf, 0xfa,
    0xf, 0xff, 0xc7, 0xff, 0x41, 0xff, 0xf6, 0xbf,
    0xfc, 0x1f, 0xfd, 0xef, 0xfc, 0x1f, 0xfc, 0x4b,
    0xff, 0xc1, 0xff, 0xdd, 0xff, 0xe0, 0xff, 0xe2,
    0x5f, 0xfe, 0xf, 0xfe, 0xe7, 0xff, 0x83, 0xff,
    0x89, 0x7f, 0xf8, 0x3f, 0xfb, 0x7f, 0xff, 0x7,
    0xff, 0x12, 0xff, 0xf0, 0x7f, 0xf6, 0xbf, 0xff,
    0x80, 0x1f, 0xfc, 0x4b, 0xff, 0xc1, 0xff, 0xd9,
    0xbf, 0xff, 0x80, 0x1f, 0xfc, 0x4b, 0xff, 0xc1,
    0xff, 0xd8, 0xbf, 0xff, 0x82, 0x1f, 0xfc, 0x4b,
    0xff, 0xc1, 0xff, 0xd7, 0xbf, 0xff, 0x84, 0x1f,
    0xfc, 0x4b, 0xff, 0xc1, 0xff, 0xd6, 0x7f, 0xff,
    0x84, 0x1f, 0xfc, 0x5b, 0xff, 0xc1, 0xff, 0xd5,
    0x7f, 0xff, 0x84, 0x1f, 0xfc, 0x6b, 0xff, 0xc1,
    0xff, 0xd4, 0x7f, 0xff, 0x84, 0x1f, 0xfc, 0x7b,
    0xff, 0xc1, 0xff, 0xd4, 0xff, 0xfe, 0x10, 0x7f,
    0xf2, 0x2f, 0xff, 0x7, 0xff, 0x4f, 0xff, 0xf8,
    0x48, 0x7f, 0xf2, 0x2f, 0xff, 0x7, 0xff, 0x4b,
    0xff, 0xf8, 0x48, 0x7f, 0xf2, 0x6f, 0xff, 0x7,
    0xff, 0x47, 0xff, 0xf8, 0x48, 0x7f, 0xf2, 0xaf,
    0xff, 0x7, 0xff, 0x43, 0xff, 0xf8, 0x50, 0x7f,
    0xf2, 0xef, 0xff, 0x7, 0xff, 0x3e, 0xff, 0xfe,
    0xc, 0x1f, 0xfc, 0xcb, 0xff, 0xc1, 0xff, 0xce,
    0xbf, 0xff, 0x83, 0x7, 0xff, 0x36, 0xff, 0xf0,
    0x7f, 0xf3, 0x6f, 0xff, 0xe1, 0x7, 0xff, 0x3a,
    0xff, 0xf0, 0x7f, 0xf3, 0x1f, 0xff, 0xe1, 0x7,
    0xff, 0x3e, 0xff, 0xf0, 0x7f, 0xf2, 0xdf, 0xff,
    0xe1, 0x7, 0xff, 0x42, 0xff, 0xf0, 0x7f, 0xf2,
    0x9f, 0xff, 0xe1, 0x7, 0xff, 0x46, 0xff, 0xf0,
    0x7f, 0xf2, 0xbf, 0xff, 0x84, 0x1f, 0xfd, 0x2b,
    0xff, 0xc1, 0xff, 0xc9, 0xff, 0xfe, 0x12, 0x1f,
    0xfd, 0x2b, 0xff, 0xc1, 0xff, 0xc8, 0xff, 0xfe,
    0x12, 0x1f, 0xfd, 0x3b, 0xff, 0xc1, 0xff, 0xc7,
    0xff, 0xfe, 0x12, 0x1f, 0xfd, 0x4b, 0xff, 0xc1,
    0xff, 0xc6, 0xff, 0xfe, 0x14, 0x1f, 0xfd, 0x5b,
    0xff, 0xc1, 0xff, 0xc5, 0xbf, 0xff, 0x83, 0x7,
    0xff, 0x5a, 0xff, 0xf0, 0x7f, 0xf1, 0x2f, 0xff,
    0xe0, 0xc1, 0xff, 0xd7, 0xbf, 0xfc, 0x1f, 0xfc,
    0x3b, 0xff, 0xf8, 0x41, 0xff, 0xd8, 0xbf, 0xfc,
    0x1f, 0xfc, 0x27, 0xff, 0xf8, 0x41, 0xff, 0xd9,
    0xbf, 0xfc, 0x1f, 0xfc, 0x17, 0xff, 0xf8, 0x41,
    0xff, 0xda, 0xbf, 0xfc, 0x1f, 0xfc, 0x7, 0xff,
    0xf8, 0x41, 0xff, 0xdb, 0xbf, 0xfc, 0x1f, 0xfc,
    0xf, 0xff, 0xe1, 0x7, 0xff, 0x72, 0xff, 0xf0,
    0x7f, 0xdf, 0xff, 0xc2, 0x43, 0xff, 0xb9, 0x7f,
    0xf8, 0x3f, 0xdf, 0xff, 0xc2, 0x43, 0xff, 0xbb,
    0x7f, 0xf8, 0x3f, 0xbf, 0xff, 0x84, 0x87, 0xff,
    0x7a, 0xff, 0xf0, 0x7e, 0xff, 0xfe, 0x12, 0x1f,
    0xfd, 0xfb, 0xff, 0xc1, 0xf5, 0xff, 0xfc, 0x18,
    0x3f, 0xfc, 0x17, 0xff, 0x83, 0xd7, 0xff, 0xf0,
    0x60, 0xff, 0xf0, 0xdf, 0xfe, 0xe, 0xbf, 0xff,
    0x83, 0x7, 0xff, 0x8a, 0xff, 0xf0, 0x67, 0xff,
    0xf8, 0x41, 0xff, 0xe3, 0xbf, 0xfc, 0x13, 0xff,
    0xfc, 0x20, 0xff, 0xf2, 0x5f, 0xfe, 0xb, 0xff,
    0xf8, 0x41, 0xff, 0xe5, 0xbf, 0xfc, 0x17, 0xff,
    0xf0, 0x43, 0xff, 0xcd, 0x7f, 0xf8, 0x2f, 0xff,
    0xe0, 0x7, 0xff, 0x9e, 0xff, 0xf0, 0x5f, 0xff,
    0x21, 0xff, 0xe7, 0xbf, 0xfc, 0x17, 0xff, 0x90,
    0xff, 0xf4, 0x5f, 0xfe, 0xb, 0xff, 0x90, 0xff,
    0xf4, 0xdf, 0xfe, 0xb, 0xff, 0x41, 0xff, 0xea,
    0xbf, 0xfc, 0x17, 0xfd, 0x7, 0xff, 0xae, 0xff,
    0xf0, 0x7f, 0xfd, 0xaf, 0xfe, 0xf, 0xff, 0xbd,
    0xff, 0x83, 0x5f, 0xff, 0xe5, 0x83, 0xff, 0x83,
    0x7f, 0xc1, 0xaf, 0xff, 0xf3, 0xc1, 0xff, 0xc0,
    0xbf, 0xc1, 0xaf, 0xff, 0xf4, 0xc1, 0xff, 0x5f,
    0xc1, 0xaf, 0xff, 0xf5, 0xc1, 0xff, 0xc7, 0xbf,
    0xff, 0xdb, 0x7, 0xff, 0x1b, 0xff, 0xfd, 0xe8,
    0x7e, 0x6b, 0x21, 0x3f, 0xff, 0xed, 0x43, 0xfa,
    0xfe, 0x82, 0x7f, 0xff, 0xd6, 0x84, 0xf0, 0x6b,
    0xfd, 0x4, 0xff, 0xff, 0xa5, 0x9, 0xfa, 0xa,
    0xff, 0xa0, 0x9f, 0xff, 0xf3, 0xa1, 0x3f, 0xd0,
    0x2f, 0xfd, 0x4, 0xd7, 0xff, 0x95, 0x9, 0xff,
    0xa2, 0xff, 0xe8, 0x3f, 0xfd, 0x6f, 0xff, 0x37,
    0xff, 0x83, 0xff, 0xd7, 0xff, 0xf5, 0xff, 0xe0,
    0xff, 0xf5, 0xff, 0xfd, 0x7f, 0xf8, 0x3f, 0xfd,
    0x7f, 0xff, 0x5f, 0xfe, 0xf, 0xff, 0x5f, 0xff,
    0xd7, 0xff, 0x83, 0xff, 0xd7, 0xff, 0xf5, 0xff,
    0xe0, 0xff, 0xf5, 0xff, 0xfd, 0x7f, 0xf8, 0x3f,
    0xfd, 0x7f, 0xff, 0x5f, 0xfe, 0xf, 0xff, 0x5f,
    0xff, 0xd7, 0xff, 0x83, 0xff, 0xd7, 0xff, 0xf5,
    0xff, 0xe0, 0xff, 0xf5, 0xff, 0xfd, 0x7f, 0xf8,
    0x3f, 0xfd, 0x7f, 0xff, 0x5f, 0xfe, 0xf, 0xff,
    0x5f, 0xff, 0xd7, 0xff, 0x83, 0xff, 0xd7, 0xff,
    0xf5, 0xff, 0xe0, 0xff, 0xf5, 0xff, 0xfd, 0x7f,
    0xf8, 0x3f, 0xfd, 0x7f, 0xff, 0x5f, 0xfe, 0xf,
    0xff, 0x5f, 0xff, 0xd7, 0xff, 0x83, 0xff, 0xd7,
    0xff, 0xf5, 0xff, 0xe0, 0xff, 0xf5, 0xff, 0xfd,
    0x7f, 0xf8, 0x3f, 0xfd, 0x7f, 0xff, 0x5f, 0xfe,
    0xf, 0xff, 0x5f, 0xff, 0xd7, 0xff, 0x83, 0xff,
    0xd7, 0xff, 0xf5, 0xff, 0xe0, 0xff, 0xf5, 0xff,
    0xfd, 0x7f, 0xf8, 0x3f, 0xfd, 0x7f, 0xff, 0x5f,
    0xfe, 0xf, 0xff, 0x5f, 0xff, 0xd7, 0xff, 0x83,
    0xff, 0xd7, 0xff, 0xf5, 0xff, 0xe0, 0xff, 0xf5,
    0xff, 0xfd, 0x7f, 0xf8, 0x3f, 0xfd, 0x7f, 0xff,
    0x5f, 0xfe, 0xf, 0xff, 0x5f, 0xff, 0xd7, 0xff,
    0x83, 0xff, 0xd7, 0xff, 0xf5, 0xff, 0xe0, 0xff,
    0xf5, 0xff, 0xfd, 0x7f, 0xf8, 0x3f, 0xfd, 0x7f,
    0xff, 0x5f, 0xfe, 0xf, 0xff, 0x5f, 0xff, 0xd7,
    0xff, 0x83, 0xff, 0xd7, 0xff, 0xf5, 0xff, 0xe0,
    0xff, 0xf5, 0xff, 0xfd, 0x7f, 0xf8, 0x3f, 0xfd,
    0x7f, 0xff, 0x5f, 0xfe, 0xf, 0xff, 0x5f, 0xff,
    0xd7, 0xff, 0x83, 0xff, 0xd7, 0xff, 0xf5, 0xff,
    0xe0, 0xff, 0xf5, 0xff, 0xfd, 0x7f, 0xf8, 0x3f,
    0xfd, 0x7f, 0xff, 0x5f, 0xfe, 0xf, 0xff, 0x5f,
    0xff, 0xd7, 0xff, 0x83, 0xff, 0xd7, 0xff, 0xf5,
    0xff, 0xe0, 0xff, 0xf5, 0xff, 0xfd, 0x7f, 0xf8,
    0x3f, 0xfd, 0x7f, 0xff, 0x5f, 0xfe, 0xf, 0xff,
    0x5f, 0xff, 0xd7, 0xff, 0x83, 0xff, 0xd7, 0xff,
    0xf5, 0xff, 0xe0, 0xff, 0xf5, 0xff, 0xfd, 0x7f,
    0xf8, 0x3f, 0xfd, 0x7f, 0xff, 0x5f, 0xfe, 0xf,
    0xff, 0x5f, 0xff, 0xd7, 0xff, 0x83, 0xff, 0xd7,
    0xff, 0xf5, 0xff, 0xe0, 0xff, 0xf5, 0xff, 0xfd,
    0x7f, 0xf8, 0x3f, 0xfd, 0x7f, 0xff, 0x3f, 0xfe,
    0xf, 0xff, 0x5f, 0xff, 0x91, 0xff, 0xd0, 0x7f,
    0xfa, 0xef, 0xfc, 0x84, 0xff, 0xa0, 0xff, 0xf6,
    0xdf, 0xe4, 0x39, 0xfd, 0x7, 0xff, 0xbe, 0xfc,
    0x87, 0xcf, 0xa0, 0xff, 0xf8, 0xde, 0x43, 0xf9,
    0x83, 0xff, 0xe7, 0x21, 0xc0,

    /* U+004C "L" */
    0xf, 0xff, 0xf5, 0x87, 0xff, 0xda, 0xf8, 0x3f,
    0xfe, 0x97, 0xf0, 0x7f, 0xfc, 0xaf, 0xf8, 0x3f,
    0xfe, 0x17, 0xff, 0x7, 0xff, 0xba, 0xff, 0xf0,
    0x7f, 0xfb, 0xaf, 0xff, 0x7, 0xff, 0xba, 0xff,
    0xf0, 0x7f, 0xfb, 0xaf, 0xff, 0x7, 0xff, 0xba,
    0xff, 0xf0, 0x7f, 0xfb, 0xaf, 0xff, 0x7, 0xff,
    0xba, 0xff, 0xf0, 0x7f, 0xfb, 0xaf, 0xff, 0x7,
    0xff, 0xba, 0xff, 0xf0, 0x7f, 0xfb, 0xaf, 0xff,
    0x7, 0xff, 0xba, 0xff, 0xf0, 0x7f, 0xfb, 0xaf,
    0xff, 0x7, 0xff, 0xba, 0xff, 0xf0, 0x7f, 0xfb,
    0xaf, 0xff, 0x7, 0xff, 0xba, 0xff, 0xf0, 0x7f,
    0xfb, 0xaf, 0xff, 0x7, 0xff, 0xba, 0xff, 0xf0,
    0x7f, 0xfb, 0xaf, 0xff, 0x7, 0xff, 0xba, 0xff,
    0xf0, 0x7f, 0xfb, 0xaf, 0xff, 0x7, 0xff, 0xba,
    0xff, 0xf0, 0x7f, 0xfb, 0xaf, 0xff, 0x7, 0xff,
    0xba, 0xff, 0xf0, 0x7f, 0xfb, 0xaf, 0xff, 0x7,
    0xff, 0xba, 0xff, 0xf0, 0x7f, 0xfb, 0xaf, 0xff,
    0x7, 0xff, 0xba, 0xff, 0xf0, 0x7f, 0xfb, 0xaf,
    0xff, 0x7, 0xff, 0xba, 0xff, 0xf0, 0x7f, 0xfb,
    0xaf, 0xff, 0x7, 0xff, 0xba, 0xff, 0xf0, 0x7f,
    0xfb, 0xaf, 0xff, 0x7, 0xff, 0xba, 0xff, 0xf0,
    0x7f, 0xfb, 0xaf, 0xff, 0x7, 0xff, 0xba, 0xff,
    0xf0, 0x7f, 0xfb, 0xaf, 0xff, 0x7, 0xff, 0xba,
    0xff, 0xf0, 0x7f, 0xfb, 0xaf, 0xff, 0x7, 0xff,
    0xba, 0xff, 0xf0, 0x7f, 0xfb, 0xaf, 0xff, 0x7,
    0xff, 0xba, 0xff, 0xf0, 0x7f, 0xfb, 0xaf, 0xff,
    0x7, 0xff, 0xba, 0xff, 0xf0, 0x7f, 0xfb, 0xaf,
    0xff, 0x7, 0xff, 0xba, 0xff, 0xf0, 0x7f, 0xfb,
    0xaf, 0xff, 0x7, 0xff, 0xba, 0xff, 0xf0, 0x7f,
    0xfb, 0xaf, 0xff, 0x7, 0xff, 0xba, 0xff, 0xf0,
    0x7f, 0xfb, 0xaf, 0xff, 0x7, 0xff, 0xba, 0xff,
    0xf0, 0x7f, 0xfb, 0xaf, 0xff, 0x7, 0xff, 0xba,
    0xff, 0xe0, 0xff, 0xf7, 0xdf, 0xf8, 0x3f, 0xfe,
    0x17, 0xfc, 0x1f, 0xff, 0x1b, 0xfc, 0x1f, 0xff,
    0x2b, 0xf8, 0x3f, 0xff, 0xe1, 0xff, 0xff, 0xf,
    0xff, 0x3b, 0x59, 0xf, 0xff, 0x9d, 0xfd, 0x7,
    0xff, 0xca, 0xff, 0x41, 0xff, 0xf1, 0xbf, 0xe8,
    0x3f, 0xfe, 0x17, 0xfe, 0x83, 0xff, 0xdf, 0x7f,
    0xf4, 0x1f, 0xfe, 0xeb, 0xff, 0xc1, 0xff, 0xee,
    0xbf, 0xfc, 0x1f, 0xfe, 0xeb, 0xff, 0xc1, 0xff,
    0xee, 0xbf, 0xfc, 0x1f, 0xfe, 0xeb, 0xff, 0xc1,
    0xff, 0xee, 0xbf, 0xfc, 0x1f, 0xfe, 0xeb, 0xff,
    0xc1, 0xff, 0xee, 0xbf, 0xfc, 0x1f, 0xfe, 0xeb,
    0xff, 0xc1, 0xff, 0xee, 0xbf, 0xfc, 0x1f, 0xfe,
    0xeb, 0xff, 0xc1, 0xff, 0xee, 0xbf, 0xfc, 0x1f,
    0xfe, 0xeb, 0xff, 0xc1, 0xff, 0xee, 0xbf, 0xfc,
    0x1f, 0xfe, 0xeb, 0xff, 0xc1, 0xff, 0xee, 0xbf,
    0xfc, 0x1f, 0xfe, 0xeb, 0xff, 0xc1, 0xff, 0xee,
    0xbf, 0xfc, 0x1f, 0xfe, 0xeb, 0xff, 0xc1, 0xff,
    0xee, 0xbf, 0xfc, 0x1f, 0xfe, 0xeb, 0xff, 0xc1,
    0xff, 0xee, 0xbf, 0xfc, 0x1f, 0xfe, 0xeb, 0xff,
    0xc1, 0xff, 0xee, 0xbf, 0xfc, 0x1f, 0xfe, 0xeb,
    0xff, 0xc1, 0xff, 0xee, 0xbf, 0xfc, 0x1f, 0xfe,
    0xeb, 0xff, 0xc1, 0xff, 0xee, 0xbf, 0xfc, 0x1f,
    0xfe, 0xeb, 0xff, 0xc1, 0xff, 0xee, 0xbf, 0xfc,
    0x1f, 0xfe, 0xeb, 0xff, 0xc1, 0xff, 0xee, 0xbf,
    0xfc, 0x1f, 0xfe, 0xeb, 0xff, 0xc1, 0xff, 0xee,
    0xbf, 0xfc, 0x1f, 0xfe, 0xeb, 0xff, 0xc1, 0xff,
    0xee, 0xbf, 0xfc, 0x1f, 0xfe, 0xeb, 0xff, 0xc1,
    0xff, 0xee, 0xbf, 0xfc, 0x1f, 0xfe, 0xeb, 0xff,
    0xc1, 0xff, 0xee, 0xbf, 0xfc, 0x1f, 0xfe, 0xeb,
    0xff, 0xc1, 0xff, 0xee, 0xbf, 0xfc, 0x1f, 0xfe,
    0xeb, 0xff, 0xc1, 0xff, 0xee, 0xbf, 0xfc, 0x1f,
    0xfe, 0xeb, 0xff, 0xc1, 0xff, 0xee, 0xbf, 0xf8,
    0x3f, 0xfd, 0xf7, 0xfe, 0xc, 0xd7, 0xff, 0x95,
    0xe, 0xbf, 0xe0, 0xcf, 0xff, 0xf9, 0xd0, 0xd7,
    0xf8, 0x33, 0xff, 0xfe, 0x94, 0x2b, 0xf8, 0x33,
    0xff, 0xfe, 0xb8, 0x17, 0xe0, 0xcf, 0xff, 0xfb,
    0x62, 0xf8, 0x33, 0xff, 0xfe, 0xf2, 0xf0, 0x67,
    0xff, 0xfd, 0xe0, 0xb0, 0xcf, 0xff, 0xfb, 0xc2,
    0x43, 0x3f, 0xff, 0xef, 0xf, 0xcf, 0xff, 0xfb,
    0xc3, 0xf3, 0xff, 0xfe, 0xf0, 0xf0,

    /* U+004D "M" */
    0xf, 0xfe, 0x17, 0xff, 0xf9, 0x43, 0xff, 0x9f,
    0xff, 0xfe, 0x70, 0xff, 0xe6, 0xff, 0xff, 0xa4,
    0x3f, 0xf9, 0x7f, 0xff, 0xeb, 0xf, 0xfe, 0x4f,
    0xff, 0xfb, 0x43, 0xff, 0x8f, 0xff, 0xfe, 0xf0,
    0xff, 0xe3, 0xff, 0xff, 0xb6, 0xf, 0xfe, 0x47,
    0xff, 0xfa, 0xe0, 0xff, 0xe1, 0xb8, 0x77, 0xff,
    0xfa, 0x50, 0xd2, 0x1f, 0xcf, 0xc1, 0x9f, 0xff,
    0xf3, 0xa1, 0xaf, 0x21, 0xf3, 0xfc, 0x19, 0xaf,
    0xff, 0x2a, 0x1b, 0xf9, 0xe, 0x7f, 0xe0, 0xff,
    0xf6, 0xff, 0xc8, 0x4f, 0xff, 0x7, 0xff, 0xaf,
    0xff, 0x91, 0xff, 0xf0, 0x7f, 0xf2, 0xab, 0xfe,
    0xf, 0xfe, 0x57, 0xff, 0x9b, 0xff, 0xc1, 0xff,
    0xca, 0xff, 0xf8, 0x3f, 0xf9, 0x5f, 0xff, 0x5f,
    0xfe, 0xf, 0xfe, 0x57, 0xff, 0xc1, 0xff, 0xca,
    0xff, 0xfa, 0xff, 0xf0, 0x7f, 0xf2, 0xbf, 0xfe,
    0xf, 0xfe, 0x57, 0xff, 0xd7, 0xff, 0x83, 0xff,
    0x95, 0xff, 0xf0, 0x7f, 0xf2, 0xbf, 0xfe, 0xbf,
    0xfc, 0x1f, 0xfc, 0xaf, 0xff, 0x83, 0xff, 0x95,
    0xff, 0xf5, 0xff, 0xe0, 0xff, 0xe5, 0x7f, 0xfc,
    0x1f, 0xfc, 0xaf, 0xff, 0xaf, 0xff, 0x7, 0xff,
    0x2b, 0xff, 0xe0, 0xff, 0xe5, 0x7f, 0xfd, 0x7f,
    0xf8, 0x3f, 0xf9, 0x5f, 0xff, 0x7, 0xff, 0x2b,
    0xff, 0xeb, 0xff, 0xc1, 0xff, 0xca, 0xff, 0xf8,
    0x3f, 0xf9, 0x5f, 0xff, 0x5f, 0xfe, 0xf, 0xfe,
    0x57, 0xff, 0xc1, 0xff, 0xca, 0xff, 0xfa, 0xff,
    0xf0, 0x7f, 0xf2, 0xbf, 0xfe, 0xf, 0xfe, 0x57,
    0xff, 0xd7, 0xff, 0x83, 0xff, 0x95, 0xff, 0xf0,
    0x7f, 0xf2, 0xbf, 0xfe, 0xbf, 0xfc, 0x1f, 0xfc,
    0xaf, 0xff, 0x83, 0xff, 0x95, 0xff, 0xf5, 0xff,
    0xe0, 0xff, 0xe5, 0x7f, 0xfc, 0x1f, 0xfc, 0xaf,
    0xff, 0xaf, 0xff, 0x7, 0xff, 0x2b, 0xff, 0xe0,
    0xff, 0xe5, 0x7f, 0xfd, 0x7f, 0xf8, 0x3f, 0xf9,
    0x5f, 0xff, 0x7, 0xff, 0x2b, 0xff, 0xeb, 0xff,
    0xc1, 0xff, 0xca, 0xff, 0xf8, 0x3f, 0xf9, 0x5f,
    0xff, 0x5f, 0xfe, 0xf, 0xfe, 0x57, 0xff, 0xc1,
    0xff, 0xca, 0xff, 0xfa, 0xff, 0xf0, 0x7f, 0xf2,
    0xbf, 0xfe, 0xf, 0xfe, 0x57, 0xff, 0xd7, 0xff,
    0x83, 0xff, 0x95, 0xff, 0xf0, 0x7f, 0xf2, 0xbf,
    0xfe, 0xbf, 0xfc, 0x1f, 0xfc, 0xaf, 0xff, 0x83,
    0xff, 0x95, 0xff, 0xf5, 0xff, 0xe0, 0xff, 0xe5,
    0x7f, 0xfc, 0x1f, 0xfc, 0xaf, 0xff, 0xaf, 0xff,
    0x7, 0xff, 0x2b, 0xff, 0xe0, 0xff, 0xe5, 0x7f,
    0xfd, 0x7f, 0xf8, 0x3f, 0xf9, 0x5f, 0xff, 0x7,
    0xff, 0x2b, 0xff, 0xeb, 0xff, 0xc1, 0xff, 0xca,
    0xff, 0xf8, 0x3f, 0xf9, 0x5f, 0xff, 0x5f, 0xfe,
    0xf, 0xfe, 0x57, 0xff, 0xc1, 0xff, 0xca, 0xff,
    0xfa, 0xff, 0xf0, 0x7f, 0xf2, 0x9f, 0xfe, 0x83,
    0xff, 0x95, 0xff, 0xf5, 0xff, 0xe0, 0xff, 0xe5,
    0xbf, 0xf2, 0x1f, 0xfc, 0xbf, 0xff, 0xaf, 0xff,
    0x7, 0xff, 0x31, 0xfe, 0x43, 0xff, 0x99, 0xff,
    0xf5, 0xff, 0xe0, 0xff, 0xe7, 0x7c, 0x87, 0xff,
    0x37, 0xff, 0xeb, 0xff, 0xc1, 0xff, 0xcf, 0xc3,
    0xff, 0x9f, 0xff, 0xf5, 0xff, 0xe0, 0xff, 0xf5,
    0xff, 0xfd, 0x7f, 0xf8, 0x3f, 0xfd, 0x7f, 0xff,
    0x5f, 0xfe, 0xf, 0xff, 0x5f, 0xff, 0xd7, 0xff,
    0x83, 0xff, 0xd7, 0xff, 0xf5, 0xff, 0xe0, 0xff,
    0xf5, 0xff, 0xfd, 0x7f, 0xf8, 0x3f, 0xfd, 0x7f,
    0xff, 0x5f, 0xfe, 0xf, 0xff, 0x5f, 0xff, 0xd7,
    0xff, 0x83, 0xff, 0xd7, 0xff, 0xf5, 0xff, 0xe0,
    0xff, 0xf5, 0xff, 0xfd, 0x7f, 0xf8, 0x3f, 0xfd,
    0x7f, 0xff, 0x5f, 0xfe, 0xf, 0xff, 0x5f, 0xff,
    0xd7, 0xff, 0x83, 0xff, 0xd7, 0xff, 0xf5, 0xff,
    0xc8, 0x7f, 0xfa, 0xdf, 0xff, 0x5f, 0xf9, 0xf,
    0xff, 0x6b, 0xff, 0xd7, 0xfc, 0x87, 0xff, 0xbd,
    0xff, 0xd7, 0xf9, 0xf, 0xff, 0x8b, 0xff, 0x5f,
    0xc8, 0x7f, 0xfc, 0xdf, 0xf2, 0xf8, 0x3f, 0xfe,
    0xab, 0xe0, 0xff, 0xff, 0x87, 0xff, 0xfc, 0x35,
    0xfc, 0x1f, 0xff, 0x5b, 0xf5, 0x3f, 0xc1, 0xff,
    0xf3, 0xbf, 0xd7, 0xfc, 0x1f, 0xff, 0x1b, 0xfe,
    0xbf, 0xf0, 0x7f, 0xfb, 0xef, 0xfd, 0x7f, 0xf0,
    0x7f, 0xfb, 0x6f, 0xfe, 0xbf, 0xfc, 0x1f, 0xfe,
    0xbb, 0xff, 0xd7, 0xff, 0x83, 0xff, 0xd7, 0xff,
    0xf5, 0xff, 0xe0, 0xff, 0xf5, 0xff, 0xfd, 0x7f,
    0xf8, 0x3f, 0xfd, 0x7f, 0xff, 0x5f, 0xfe, 0xf,
    0xff, 0x5f, 0xff, 0xd7, 0xff, 0x83, 0xff, 0xd7,
    0xff, 0xf5, 0xff, 0xe0, 0xff, 0xf5, 0xff, 0xfd,
    0x7f, 0xf8, 0x3f, 0xfd, 0x7f, 0xff, 0x5f, 0xfe,
    0xf, 0xff, 0x5f, 0xff, 0xd7, 0xff, 0x83, 0xff,
    0xd7, 0xff, 0xf5, 0xff, 0xe0, 0xff, 0xf5, 0xff,
    0xfd, 0x7f, 0xf8, 0x3f, 0xfd, 0x7f, 0xff, 0x5f,
    0xfe, 0xf, 0xff, 0x5f, 0xff, 0xd7, 0xff, 0x83,
    0xff, 0xd7, 0xff, 0xf5, 0xff, 0xe0, 0xff, 0xf5,
    0xff, 0xfd, 0x7f, 0xf8, 0x3f, 0xfd, 0x7f, 0xff,
    0x5f, 0xfe, 0xf, 0xff, 0x5f, 0xff, 0xd7, 0xff,
    0x83, 0xff, 0xd7, 0xff, 0xf5, 0xff, 0xe0, 0xff,
    0xf5, 0xff, 0xfd, 0x7f, 0xf8, 0x3f, 0xfd, 0x7f,
    0xff, 0x5f, 0xfe, 0xf, 0xff, 0x5f, 0xff, 0xd7,
    0xff, 0x83, 0xff, 0xd7, 0xff, 0xf5, 0xff, 0xe0,
    0xff, 0xf5, 0xff, 0xfd, 0x7f, 0xf8, 0x3f, 0xfd,
    0x7f, 0xff, 0x5f, 0xfe, 0xf, 0xff, 0x5f, 0xff,
    0xd7, 0xff, 0x83, 0xff, 0xd7, 0xff, 0xf5, 0xff,
    0xe0, 0xff, 0xf5, 0xff, 0xfd, 0x7f, 0xf8, 0x3f,
    0xfd, 0x7f, 0xff, 0x5f, 0xfe, 0xf, 0xff, 0x5f,
    0xff, 0xd7, 0xff, 0x83, 0xff, 0xd7, 0xff, 0xf5,
    0xff, 0xe0, 0xff, 0xf5, 0xff, 0xfd, 0x7f, 0xf8,
    0x3f, 0xfd, 0x7f, 0xff, 0x5f, 0xfe, 0xf, 0xff,
    0x5f, 0xff, 0xd7, 0xff, 0x83, 0xff, 0xd7, 0xff,
    0xf5, 0xff, 0xe0, 0xff, 0xf5, 0xff, 0xfd, 0x7f,
    0xf8, 0x3f, 0xfd, 0x7f, 0xff, 0x5f, 0xfe, 0xf,
    0xff, 0x5f, 0xff, 0xd7, 0xff, 0x83, 0xff, 0xd7,
    0xff, 0xf5, 0xff, 0xe0, 0xff, 0xf5, 0xff, 0xfd,
    0x7f, 0xf8, 0x3f, 0xfd, 0x7f, 0xff, 0x5f, 0xfe,
    0xf, 0xff, 0x5f, 0xff, 0xd7, 0xff, 0x83, 0xff,
    0xd7, 0xff, 0xf5, 0xff, 0xe0, 0xff, 0xf5, 0xff,
    0xfd, 0x7f, 0xf8, 0x3f, 0xfd, 0x7f, 0xff, 0x5f,
    0xfe, 0xf, 0xff, 0x5f, 0xff, 0xd7, 0xff, 0x83,
    0xff, 0xd7, 0xff, 0xf5, 0xff, 0xe0, 0xff, 0xf5,
    0xff, 0xfd, 0x7f, 0xf8, 0x3f, 0xfd, 0x7f, 0xff,
    0x5f, 0xfe, 0xf, 0xff, 0x5f, 0xff, 0xd7, 0xff,
    0x83, 0xff, 0xd7, 0xff, 0xf5, 0xff, 0xe0, 0xff,
    0xf5, 0xff, 0xfd, 0x7f, 0xf8, 0x3f, 0xfd, 0x7f,
    0xfe, 0x8f, 0xff, 0x7, 0xff, 0xaf, 0xff, 0xc1,
    0x7f, 0xe0, 0xff, 0xf6, 0xff, 0xe0, 0xef, 0xf0,
    0x7f, 0xfb, 0xff, 0xc1, 0xf5, 0xf0, 0x7f, 0xfc,
    0x7f, 0x7, 0xf5, 0xa1, 0xff, 0xf2, 0xf0, 0x7f,
    0xff, 0xc3, 0xe0,

    /* U+004E "N" */
    0xf, 0xff, 0xf8, 0x7d, 0x40, 0xff, 0xf9, 0xf0,
    0x7f, 0x5e, 0x83, 0xff, 0xe3, 0xf4, 0x1f, 0x5f,
    0x90, 0xff, 0xf7, 0xff, 0x41, 0xd7, 0xf9, 0xf,
    0xff, 0x6f, 0xfd, 0x5, 0x7f, 0xe0, 0xff, 0xf6,
    0x5f, 0xfa, 0x2f, 0xff, 0x5, 0x5f, 0x21, 0xff,
    0xe0, 0xff, 0xf5, 0x3f, 0xfc, 0x17, 0xfe, 0x43,
    0xff, 0xbf, 0xff, 0xf5, 0xff, 0xe0, 0xbf, 0xf8,
    0x3f, 0xfb, 0xff, 0xff, 0x5f, 0xfe, 0xb, 0xff,
    0xc1, 0xff, 0xde, 0xff, 0xfa, 0xff, 0xf0, 0x5f,
    0xff, 0x7, 0xff, 0x77, 0xff, 0xeb, 0xff, 0xc1,
    0x7f, 0xff, 0x0, 0x3f, 0xfb, 0x9f, 0xff, 0x5f,
    0xfe, 0xb, 0xff, 0xf8, 0x21, 0xff, 0xdb, 0xff,
    0xfa, 0xff, 0xf0, 0x5f, 0xff, 0xc2, 0xf, 0xfe,
    0xd7, 0xff, 0xd7, 0xff, 0x82, 0xbf, 0xff, 0x84,
    0x1f, 0xfd, 0x9f, 0xff, 0xaf, 0xff, 0x6, 0xff,
    0xfe, 0x18, 0x7f, 0xf6, 0x3f, 0xfe, 0xbf, 0xfc,
    0x1d, 0xff, 0xfc, 0x30, 0xff, 0xeb, 0xff, 0xfd,
    0x7f, 0xf8, 0x3d, 0xff, 0xfc, 0x30, 0xff, 0xeb,
    0x7f, 0xfd, 0x7f, 0xf8, 0x3e, 0xff, 0xfe, 0x18,
    0x7f, 0xf5, 0x7f, 0xfe, 0xbf, 0xfc, 0x1f, 0xbf,
    0xff, 0x85, 0x7, 0xff, 0x53, 0xff, 0xeb, 0xff,
    0xc1, 0xfd, 0xff, 0xfc, 0x28, 0x3f, 0xfa, 0x7f,
    0xff, 0x5f, 0xfe, 0xf, 0xf7, 0xff, 0xf0, 0xa0,
    0xff, 0xe9, 0x7f, 0xfd, 0x7f, 0xf8, 0x3f, 0xef,
    0xff, 0xe1, 0x41, 0xff, 0xd1, 0xff, 0xfa, 0xff,
    0xf0, 0x7f, 0xf0, 0x3f, 0xff, 0x85, 0x7, 0xff,
    0x43, 0xff, 0xeb, 0xff, 0xc1, 0xff, 0xc1, 0xff,
    0xfe, 0x14, 0x1f, 0xfc, 0xff, 0xff, 0xaf, 0xff,
    0x7, 0xff, 0xb, 0xff, 0xf8, 0x50, 0x7f, 0xf3,
    0xbf, 0xfe, 0xbf, 0xfc, 0x1f, 0xfc, 0x3f, 0xff,
    0xe1, 0x21, 0xff, 0xcd, 0xff, 0xfa, 0xff, 0xf0,
    0x7f, 0xf0, 0xdf, 0xff, 0xe1, 0x21, 0xff, 0xcc,
    0xff, 0xfa, 0xff, 0xf0, 0x7f, 0xf1, 0x1f, 0xff,
    0xe1, 0x21, 0xff, 0xcb, 0xff, 0xfa, 0xff, 0xf0,
    0x7f, 0xf1, 0x5f, 0xff, 0xe1, 0x21, 0xff, 0xca,
    0xff, 0xfa, 0xff, 0xf0, 0x7f, 0xf1, 0x9f, 0xff,
    0xe1, 0x21, 0xff, 0xc9, 0xff, 0xfa, 0xff, 0xf0,
    0x7f, 0xf1, 0xdf, 0xff, 0xe1, 0x21, 0xff, 0xc8,
    0xff, 0xfa, 0xff, 0xf0, 0x7f, 0xf2, 0x1f, 0xff,
    0xe1, 0x21, 0xff, 0xc7, 0xff, 0xfa, 0xff, 0xf0,
    0x7f, 0xf2, 0x5f, 0xff, 0xe1, 0x21, 0xff, 0xc6,
    0xff, 0xfa, 0xff, 0xf0, 0x7f, 0xf2, 0x9f, 0xff,
    0xe1, 0x7, 0xff, 0x1b, 0xff, 0xeb, 0xff, 0xc1,
    0xff, 0xcb, 0x7f, 0xff, 0x84, 0x1f, 0xfc, 0x5f,
    0xff, 0xaf, 0xff, 0x7, 0xff, 0x32, 0xff, 0xfe,
    0x10, 0x7f, 0xf1, 0x3f, 0xfe, 0xbf, 0xfc, 0x1f,
    0xfc, 0xdb, 0xff, 0xf8, 0x41, 0xff, 0xc3, 0xff,
    0xfa, 0xff, 0xf0, 0x7f, 0xf3, 0xaf, 0xff, 0xe1,
    0x7, 0xff, 0xb, 0xff, 0xeb, 0xff, 0xc1, 0xff,
    0xcf, 0xbf, 0xff, 0x84, 0x1f, 0xfc, 0x1f, 0xff,
    0xaf, 0xff, 0x7, 0xff, 0x42, 0xff, 0xfe, 0x10,
    0x7f, 0xf0, 0x3f, 0xfe, 0xbf, 0xfc, 0x1f, 0xfd,
    0x1b, 0xff, 0xf8, 0x41, 0xff, 0x7f, 0xfd, 0x7f,
    0xf8, 0x3f, 0xfa, 0x57, 0xff, 0xf0, 0x83, 0xfd,
    0xff, 0xf5, 0xff, 0xe0, 0xff, 0xe9, 0xdf, 0xff,
    0xc2, 0xf, 0xef, 0xff, 0xaf, 0xff, 0x7, 0xff,
    0x53, 0xff, 0xf8, 0x61, 0xfb, 0xff, 0xeb, 0xff,
    0xc1, 0xff, 0xd5, 0xff, 0xfe, 0x14, 0x1f, 0x7f,
    0xfd, 0x7f, 0xf8, 0x3f, 0xfa, 0xdf, 0xff, 0xc2,
    0x83, 0xdf, 0xff, 0x5f, 0xfe, 0xf, 0xfe, 0xbf,
    0xff, 0xf0, 0xa0, 0xef, 0xff, 0xaf, 0xff, 0x7,
    0xff, 0x63, 0xff, 0xf8, 0x50, 0x6f, 0xff, 0xaf,
    0xff, 0x7, 0xff, 0x67, 0xff, 0xf8, 0x50, 0x5f,
    0xff, 0x5f, 0xfe, 0xf, 0xfe, 0xd7, 0xff, 0xf0,
    0x90, 0x7f, 0xfd, 0x7f, 0xf8, 0x3f, 0xfb, 0x7f,
    0xff, 0xc1, 0x81, 0xff, 0xf5, 0xff, 0xe0, 0xff,
    0xee, 0x7f, 0xff, 0x2, 0x7, 0xff, 0xd7, 0xff,
    0x83, 0xff, 0xbb, 0xff, 0xf4, 0xf, 0xff, 0xaf,
    0xff, 0x7, 0xff, 0x7b, 0xff, 0xd0, 0x3f, 0xfe,
    0xbf, 0xfc, 0x1f, 0xfd, 0xff, 0xfe, 0x81, 0xff,
    0xf5, 0xff, 0xe0, 0xff, 0xef, 0xbf, 0xfa, 0x7,
    0xff, 0xd7, 0xff, 0x83, 0xff, 0xc0, 0xff, 0xd0,
    0x3f, 0xfe, 0xbf, 0xfa, 0xf, 0xff, 0x5b, 0xff,
    0xeb, 0xff, 0x41, 0xff, 0xed, 0x7f, 0xfa, 0xff,
    0xa0, 0xff, 0xf7, 0xbf, 0xfa, 0xff, 0x41, 0xff,
    0xf1, 0x7f, 0xeb, 0xfa, 0xf, 0xff, 0x9b, 0xfe,
    0x6b, 0x21, 0xff, 0xf5, 0x6b, 0x21, 0xff, 0xff,
    0xf, 0xff, 0xf8, 0x6b, 0xf8, 0x3f, 0xfe, 0xbf,
    0xeb, 0xfc, 0x1f, 0xff, 0x3f, 0xfa, 0xff, 0x83,
    0xff, 0xe3, 0xff, 0xaf, 0xfc, 0x1f, 0xfe, 0xff,
    0xfe, 0xbf, 0xf8, 0x3f, 0xfd, 0xbf, 0xfe, 0xbf,
    0xfc, 0x1f, 0xfe, 0xbf, 0xff, 0xaf, 0xff, 0x7,
    0xff, 0xaf, 0xff, 0xeb, 0xff, 0xc1, 0xff, 0xeb,
    0xff, 0xfa, 0xff, 0xf0, 0x7f, 0xfa, 0xff, 0xfe,
    0xbf, 0xfc, 0x1f, 0xfe, 0xbf, 0xff, 0xaf, 0xff,
    0x7, 0xff, 0xaf, 0xff, 0xeb, 0xff, 0xc1, 0xff,
    0xeb, 0xff, 0xfa, 0xff, 0xf0, 0x7f, 0xfa, 0xff,
    0xfe, 0xbf, 0xfc, 0x1f, 0xfe, 0xbf, 0xff, 0xaf,
    0xff, 0x7, 0xff, 0xaf, 0xff, 0xeb, 0xff, 0xc1,
    0xff, 0xeb, 0xff, 0xfa, 0xff, 0xf0, 0x7f, 0xfa,
    0xff, 0xfe, 0xbf, 0xfc, 0x1f, 0xfe, 0xbf, 0xff,
    0xaf, 0xff, 0x7, 0xff, 0xaf, 0xff, 0xeb, 0xff,
    0xc1, 0xff, 0xeb, 0xff, 0xfa, 0xff, 0xf0, 0x7f,
    0xfa, 0xff, 0xfe, 0xbf, 0xfc, 0x1f, 0xfe, 0xbf,
    0xff, 0xaf, 0xff, 0x7, 0xff, 0xaf, 0xff, 0xeb,
    0xff, 0xc1, 0xff, 0xeb, 0xff, 0xfa, 0xff, 0xf0,
    0x7f, 0xfa, 0xff, 0xfe, 0xbf, 0xfc, 0x1f, 0xfe,
    0xbf, 0xff, 0xaf, 0xff, 0x7, 0xff, 0xaf, 0xff,
    0xeb, 0xff, 0xc1, 0xff, 0xeb, 0xff, 0xfa, 0xff,
    0xf0, 0x7f, 0xfa, 0xff, 0xfe, 0xbf, 0xfc, 0x1f,
    0xfe, 0xbf, 0xff, 0xaf, 0xff, 0x7, 0xff, 0xaf,
    0xff, 0xeb, 0xff, 0xc1, 0xff, 0xeb, 0xff, 0xfa,
    0xff, 0xf0, 0x7f, 0xfa, 0xff, 0xfe, 0xbf, 0xfc,
    0x1f, 0xfe, 0xbf, 0xff, 0xaf, 0xff, 0x7, 0xff,
    0xaf, 0xff, 0xeb, 0xff, 0xc1, 0xff, 0xeb, 0xff,
    0xfa, 0xff, 0xf0, 0x7f, 0xfa, 0xff, 0xfe, 0xbf,
    0xfc, 0x1f, 0xfe, 0xbf, 0xff, 0xaf, 0xff, 0x7,
    0xff, 0xaf, 0xff, 0xeb, 0xff, 0xc1, 0xff, 0xeb,
    0xff, 0xfa, 0xff, 0xf0, 0x7f, 0xfa, 0xff, 0xfe,
    0xbf, 0xfc, 0x1f, 0xfe, 0xbf, 0xff, 0xaf, 0xff,
    0x7, 0xff, 0xaf, 0xff, 0xeb, 0xff, 0xc1, 0xff,
    0xeb, 0xff, 0xfa, 0xff, 0xf0, 0x7f, 0xfa, 0xff,
    0xfe, 0xbf, 0xfc, 0x1f, 0xfe, 0xbf, 0xff, 0xaf,
    0xff, 0x7, 0xff, 0xaf, 0xff, 0xeb, 0xff, 0xc1,
    0xff, 0xeb, 0xff, 0xfa, 0xff, 0xf0, 0x7f, 0xfa,
    0xff, 0xfe, 0xbf, 0xfc, 0x1f, 0xfe, 0xbf, 0xff,
    0xaf, 0xff, 0x7, 0xff, 0xaf, 0xff, 0xeb, 0xff,
    0xc1, 0xff, 0xeb, 0xff, 0xfa, 0xff, 0xf0, 0x7f,
    0xfa, 0xff, 0xfe, 0xbf, 0xfc, 0x1f, 0xfe, 0xbf,
    0xff, 0xaf, 0xff, 0x7, 0xff, 0xaf, 0xff, 0xeb,
    0xff, 0xc1, 0xff, 0xeb, 0xff, 0xfa, 0xff, 0xf0,
    0x7f, 0xfa, 0xff, 0xfd, 0x17, 0xff, 0x7, 0xff,
    0xaf, 0xff, 0xa0, 0xaf, 0xf8, 0x3f, 0xfd, 0xbf,
    0xf4, 0x1d, 0x7f, 0x7, 0xff, 0xbf, 0xfa, 0xf,
    0xaf, 0x83, 0xff, 0xe3, 0xf4, 0x1f, 0xd6, 0x1f,
    0xff, 0x3e, 0xf, 0xff, 0xf8, 0x7c,

    /* U+004F "O" */
    0xf, 0xfe, 0x17, 0xff, 0xf9, 0x43, 0xff, 0x9f,
    0xff, 0xfe, 0x70, 0xff, 0xe6, 0xff, 0xff, 0xa4,
    0x3f, 0xf9, 0x7f, 0xff, 0xeb, 0xf, 0xfe, 0x4f,
    0xff, 0xfb, 0x43, 0xff, 0x8f, 0xff, 0xfe, 0xf0,
    0xff, 0xe3, 0xff, 0xff, 0xb6, 0xf, 0xfe, 0x47,
    0xff, 0xfa, 0xe0, 0xff, 0xe1, 0xb8, 0x77, 0xff,
    0xfa, 0x50, 0xd2, 0x1f, 0xcf, 0xc1, 0x9f, 0xff,
    0xf3, 0xa1, 0xaf, 0x21, 0xf3, 0xfc, 0x19, 0xaf,
    0xff, 0x2a, 0x1b, 0xf9, 0xe, 0x7f, 0xe0, 0xff,
    0xf6, 0xff, 0xc8, 0x4f, 0xff, 0x7, 0xff, 0xaf,
    0xff, 0x91, 0xff, 0xf0, 0x7f, 0xfa, 0xff, 0xfc,
    0xdf, 0xfe, 0xf, 0xff, 0x5f, 0xff, 0xd7, 0xff,
    0x83, 0xff, 0xd7, 0xff, 0xf5, 0xff, 0xe0, 0xff,
    0xf5, 0xff, 0xfd, 0x7f, 0xf8, 0x3f, 0xfd, 0x7f,
    0xff, 0x5f, 0xfe, 0xf, 0xff, 0x5f, 0xff, 0xd7,
    0xff, 0x83, 0xff, 0xd7, 0xff, 0xf5, 0xff, 0xe0,
    0xff, 0xf5, 0xff, 0xfd, 0x7f, 0xf8, 0x3f, 0xfd,
    0x7f, 0xff, 0x5f, 0xfe, 0xf, 0xff, 0x5f, 0xff,
    0xd7, 0xff, 0x83, 0xff, 0xd7, 0xff, 0xf5, 0xff,
    0xe0, 0xff, 0xf5, 0xff, 0xfd, 0x7f, 0xf8, 0x3f,
    0xfd, 0x7f, 0xff, 0x5f, 0xfe, 0xf, 0xff, 0x5f,
    0xff, 0xd7, 0xff, 0x83, 0xff, 0xd7, 0xff, 0xf5,
    0xff, 0xe0, 0xff, 0xf5, 0xff, 0xfd, 0x7f, 0xf8,
    0x3f, 0xfd, 0x7f, 0xff, 0x5f, 0xfe, 0xf, 0xff,
    0x5f, 0xff, 0xd7, 0xff, 0x83, 0xff, 0xd7, 0xff,
    0xf5, 0xff, 0xe0, 0xff, 0xf5, 0xff, 0xfd, 0x7f,
    0xf8, 0x3f, 0xfd, 0x7f, 0xff, 0x5f, 0xfe, 0xf,
    0xff, 0x5f, 0xff, 0xd7, 0xff, 0x83, 0xff, 0xd7,
    0xff, 0xf5, 0xff, 0xe0, 0xff, 0xf5, 0xff, 0xfd,
    0x7f, 0xf8, 0x3f, 0xfd, 0x7f, 0xff, 0x5f, 0xfe,
    0xf, 0xff, 0x5f, 0xff, 0xd7, 0xff, 0x83, 0xff,
    0xd7, 0xff, 0xf5, 0xff, 0xe0, 0xff, 0xf5, 0xff,
    0xfd, 0x7f, 0xf8, 0x3f, 0xfd, 0x7f, 0xff, 0x5f,
    0xfe, 0xf, 0xff, 0x5f, 0xff, 0xd7, 0xff, 0x83,
    0xff, 0xd7, 0xff, 0xf5, 0xff, 0xe0, 0xff, 0xf5,
    0xff, 0xfd, 0x7f, 0xf8, 0x3f, 0xfd, 0x7f, 0xff,
    0x5f, 0xfe, 0xf, 0xff, 0x5f, 0xff, 0xd7, 0xff,
    0x83, 0xff, 0xd7, 0xff, 0xf5, 0xff, 0xe0, 0xff,
    0xf5, 0xff, 0xfd, 0x7f, 0xf8, 0x3f, 0xfd, 0x7f,
    0xff, 0x5f, 0xfe, 0xf, 0xff, 0x5f, 0xff, 0xd7,
    0xff, 0x83, 0xff, 0xd7, 0xff, 0xf5, 0xff, 0xe0,
    0xff, 0xf5, 0xff, 0xfd, 0x7f, 0xf8, 0x3f, 0xfd,
    0x7f, 0xff, 0x5f, 0xfe, 0xf, 0xff, 0x5f, 0xff,
    0xd7, 0xff, 0x83, 0xff, 0xd7, 0xff, 0xf5, 0xff,
    0xe0, 0xff, 0xf5, 0xff, 0xfd, 0x7f, 0xf2, 0x1f,
    0xfe, 0xcf, 0xff, 0x5f, 0xf9, 0xf, 0xff, 0x77,
    0xff, 0x5f, 0xf0, 0x7f, 0xfc, 0x7f, 0xf5, 0xfe,
    0xf, 0xff, 0x9f, 0xfd, 0x7f, 0x7, 0xff, 0xd7,
    0xfc, 0x1f, 0xff, 0xf0, 0xff, 0xff, 0x87, 0x2f,
    0x7, 0xff, 0xee, 0xfe, 0x43, 0xff, 0xe9, 0xfe,
    0xbf, 0xc8, 0x7f, 0xfc, 0xbf, 0xeb, 0xfe, 0x43,
    0xff, 0xe1, 0xff, 0xaf, 0xfc, 0x87, 0xff, 0xbb,
    0xff, 0xaf, 0xfe, 0x43, 0xff, 0xd9, 0xff, 0xeb,
    0xff, 0xc1, 0xff, 0xeb, 0xff, 0xfa, 0xff, 0xf0,
    0x7f, 0xfa, 0xff, 0xfe, 0xbf, 0xfc, 0x1f, 0xfe,
    0xbf, 0xff, 0xaf, 0xff, 0x7, 0xff, 0xaf, 0xff,
    0xeb, 0xff, 0xc1, 0xff, 0xeb, 0xff, 0xfa, 0xff,
    0xf0, 0x7f, 0xfa, 0xff, 0xfe, 0xbf, 0xfc, 0x1f,
    0xfe, 0xbf, 0xff, 0xaf, 0xff, 0x7, 0xff, 0xaf,
    0xff, 0xeb, 0xff, 0xc1, 0xff, 0xeb, 0xff, 0xfa,
    0xff, 0xf0, 0x7f, 0xfa, 0xff, 0xfe, 0xbf, 0xfc,
    0x1f, 0xfe, 0xbf, 0xff, 0xaf, 0xff, 0x7, 0xff,
    0xaf, 0xff, 0xeb, 0xff, 0xc1, 0xff, 0xeb, 0xff,
    0xfa, 0xff, 0xf0, 0x7f, 0xfa, 0xff, 0xfe, 0xbf,
    0xfc, 0x1f, 0xfe, 0xbf, 0xff, 0xaf, 0xff, 0x7,
    0xff, 0xaf, 0xff, 0xeb, 0xff, 0xc1, 0xff, 0xeb,
    0xff, 0xfa, 0xff, 0xf0, 0x7f, 0xfa, 0xff, 0xfe,
    0xbf, 0xfc, 0x1f, 0xfe, 0xbf, 0xff, 0xaf, 0xff,
    0x7, 0xff, 0xaf, 0xff, 0xeb, 0xff, 0xc1, 0xff,
    0xeb, 0xff, 0xfa, 0xff, 0xf0, 0x7f, 0xfa, 0xff,
    0xfe, 0xbf, 0xfc, 0x1f, 0xfe, 0xbf, 0xff, 0xaf,
    0xff, 0x7, 0xff, 0xaf, 0xff, 0xeb, 0xff, 0xc1,
    0xff, 0xeb, 0xff, 0xfa, 0xff, 0xf0, 0x7f, 0xfa,
    0xff, 0xfe, 0xbf, 0xfc, 0x1f, 0xfe, 0xbf, 0xff,
    0xaf, 0xff, 0x7, 0xff, 0xaf, 0xff, 0xeb, 0xff,
    0xc1, 0xff, 0xeb, 0xff, 0xfa, 0xff, 0xf0, 0x7f,
    0xfa, 0xff, 0xfe, 0xbf, 0xfc, 0x1f, 0xfe, 0xbf,
    0xff, 0xaf, 0xff, 0x7, 0xff, 0xaf, 0xff, 0xeb,
    0xff, 0xc1, 0xff, 0xeb, 0xff, 0xfa, 0xff, 0xf0,
    0x7f, 0xfa, 0xff, 0xfe, 0xbf, 0xfc, 0x1f, 0xfe,
    0xbf, 0xff, 0xaf, 0xff, 0x7, 0xff, 0xaf, 0xff,
    0xeb, 0xff, 0xc1, 0xff, 0xeb, 0xff, 0xfa, 0xff,
    0xf0, 0x7f, 0xfa, 0xff, 0xfe, 0xbf, 0xfc, 0x1f,
    0xfe, 0xbf, 0xff, 0xaf, 0xff, 0x7, 0xff, 0xaf,
    0xff, 0xeb, 0xff, 0xc1, 0xff, 0xeb, 0xff, 0xfa,
    0xff, 0xf0, 0x7f, 0xfa, 0xff, 0xfe, 0xbf, 0xfc,
    0x1f, 0xfe, 0xbf, 0xff, 0x9f, 0xff, 0x7, 0xff,
    0xaf, 0xff, 0xc8, 0xff, 0xf0, 0x7f, 0xfa, 0xff,
    0xf9, 0x9, 0xff, 0x83, 0xff, 0xdb, 0xff, 0x21,
    0xcf, 0xf0, 0x66, 0xbf, 0xfc, 0xa8, 0x6f, 0xe4,
    0x3e, 0x7e, 0xc, 0xff, 0xff, 0x9d, 0xd, 0x79,
    0xf, 0xe6, 0xe, 0xff, 0xff, 0x4a, 0x1a, 0x43,
    0xff, 0x89, 0xff, 0xfe, 0xb8, 0x3f, 0xf9, 0x1f,
    0xff, 0xed, 0x83, 0xff, 0x8d, 0xff, 0xfe, 0xf0,
    0xff, 0xe3, 0x3f, 0xff, 0xed, 0xf, 0xfe, 0x43,
    0xff, 0xfe, 0xb0, 0xff, 0xe5, 0x3f, 0xff, 0xe9,
    0xf, 0xfe, 0x63, 0xff, 0xfe, 0x70, 0xff, 0xe7,
    0x3f, 0xff, 0xe5, 0xf, 0xfe, 0x10,

    /* U+0050 "P" */
    0x9, 0xff, 0xff, 0x78, 0x7f, 0xf1, 0x9f, 0xff,
    0xf7, 0x87, 0xff, 0x5, 0xc, 0xff, 0xff, 0xbc,
    0x3f, 0xf8, 0x16, 0x19, 0xff, 0xff, 0x78, 0x7f,
    0xd7, 0x83, 0x3f, 0xff, 0xef, 0xf, 0xf5, 0xf0,
    0x67, 0xff, 0xfd, 0xe1, 0xfd, 0x7e, 0xc, 0xff,
    0xff, 0xb6, 0xf, 0xeb, 0xf8, 0x33, 0xff, 0xfe,
    0xb8, 0x3f, 0xd7, 0xf8, 0x33, 0xff, 0xfe, 0x94,
    0x34, 0x87, 0x5f, 0xf0, 0x67, 0xff, 0xfc, 0xe8,
    0x6b, 0xc8, 0x6b, 0xff, 0x6, 0x6b, 0xff, 0xca,
    0x86, 0xfe, 0x42, 0xbf, 0xf8, 0x3f, 0xfd, 0xbf,
    0xf2, 0xb, 0xff, 0xc1, 0xff, 0xeb, 0xff, 0xe4,
    0xbf, 0xfc, 0x1f, 0xfe, 0xbf, 0xff, 0x37, 0xff,
    0x83, 0xff, 0xd7, 0xff, 0xf5, 0xff, 0xe0, 0xff,
    0xf5, 0xff, 0xfd, 0x7f, 0xf8, 0x3f, 0xfd, 0x7f,
    0xff, 0x5f, 0xfe, 0xf, 0xff, 0x5f, 0xff, 0xd7,
    0xff, 0x83, 0xff, 0xd7, 0xff, 0xf5, 0xff, 0xe0,
    0xff, 0xf5, 0xff, 0xfd, 0x7f, 0xf8, 0x3f, 0xfd,
    0x7f, 0xff, 0x5f, 0xfe, 0xf, 0xff, 0x5f, 0xff,
    0xd7, 0xff, 0x83, 0xff, 0xd7, 0xff, 0xf5, 0xff,
    0xe0, 0xff, 0xf5, 0xff, 0xfd, 0x7f, 0xf8, 0x3f,
    0xfd, 0x7f, 0xff, 0x5f, 0xfe, 0xf, 0xff, 0x5f,
    0xff, 0xd7, 0xff, 0x83, 0xff, 0xd7, 0xff, 0xf5,
    0xff, 0xe0, 0xff, 0xf5, 0xff, 0xfd, 0x7f, 0xf8,
    0x3f, 0xfd, 0x7f, 0xff, 0x5f, 0xfe, 0xf, 0xff,
    0x5f, 0xff, 0xd7, 0xff, 0x83, 0xff, 0xd7, 0xff,
    0xf5, 0xff, 0xe0, 0xff, 0xf5, 0xff, 0xfd, 0x7f,
    0xf8, 0x3f, 0xfd, 0x7f, 0xff, 0x5f, 0xfe, 0xf,
    0xff, 0x5f, 0xff, 0xd7, 0xff, 0x83, 0xff, 0xd7,
    0xff, 0xf5, 0xff, 0xe0, 0xff, 0xf5, 0xff, 0xfd,
    0x7f, 0xf8, 0x3f, 0xfd, 0x7f, 0xff, 0x5f, 0xfe,
    0xf, 0xff, 0x5f, 0xff, 0xd7, 0xff, 0x83, 0xff,
    0xd7, 0xff, 0xf5, 0xff, 0xe0, 0xff, 0xf5, 0xff,
    0xfd, 0x7f, 0xf8, 0x3f, 0xfd, 0x7f, 0xff, 0x5f,
    0xfe, 0xf, 0xff, 0x5f, 0xff, 0xd7, 0xff, 0x83,
    0xff, 0xd7, 0xff, 0xf5, 0xff, 0xe0, 0xff, 0xf5,
    0xff, 0xfd, 0x7f, 0xf8, 0x3f, 0xfd, 0x7f, 0xff,
    0x5f, 0xfe, 0xf, 0xff, 0x5f, 0xff, 0xd7, 0xff,
    0x83, 0xff, 0xd7, 0xff, 0xf5, 0xff, 0xe0, 0xff,
    0xf5, 0xff, 0xfd, 0x7f, 0xf8, 0x3f, 0xfd, 0x7f,
    0xff, 0x5f, 0xfe, 0xf, 0xff, 0x5f, 0xff, 0xd7,
    0xff, 0x83, 0xff, 0xd7, 0xff, 0xf5, 0xff, 0xe0,
    0xff, 0xf5, 0xff, 0xfd, 0x7f, 0xf8, 0x3f, 0xfd,
    0x7f, 0xff, 0x5f, 0xfe, 0xf, 0xff, 0x5f, 0xff,
    0xd7, 0xff, 0x83, 0xff, 0xd7, 0xff, 0xf5, 0xff,
    0xe0, 0xff, 0xf5, 0xff, 0xfd, 0x7f, 0xf8, 0x3f,
    0xfd, 0x7f, 0xfe, 0xa7, 0xff, 0x7, 0xff, 0xb7,
    0xff, 0x8b, 0xff, 0x6, 0xbf, 0xff, 0xcb, 0x6,
    0xff, 0x81, 0x7f, 0xc1, 0xaf, 0xff, 0xf3, 0xc1,
    0xbf, 0x82, 0xbf, 0xc1, 0xaf, 0xff, 0xf4, 0xc1,
    0xbe, 0xd, 0x7f, 0x6, 0xbf, 0xff, 0xd7, 0x6,
    0x83, 0xff, 0x85, 0x7f, 0xff, 0xb6, 0xf, 0xfe,
    0x37, 0xff, 0xfb, 0xd0, 0xfc, 0xd6, 0x42, 0x7f,
    0xff, 0xda, 0x87, 0xf5, 0xfd, 0x4, 0xff, 0xff,
    0xad, 0xf, 0xf5, 0xfe, 0x82, 0x7f, 0xff, 0xd2,
    0x87, 0xfd, 0x7f, 0xd0, 0x4f, 0xff, 0xf9, 0xd0,
    0xff, 0xe0, 0x5f, 0xfa, 0x9, 0xaf, 0xff, 0x2a,
    0x1f, 0xfc, 0x1b, 0xff, 0xa0, 0xff, 0xfb, 0x5f,
    0xfe, 0xf, 0xff, 0xb5, 0xff, 0xe0, 0xff, 0xfb,
    0x5f, 0xfe, 0xf, 0xff, 0xb5, 0xff, 0xe0, 0xff,
    0xfb, 0x5f, 0xfe, 0xf, 0xff, 0xb5, 0xff, 0xe0,
    0xff, 0xfb, 0x5f, 0xfe, 0xf, 0xff, 0xb5, 0xff,
    0xe0, 0xff, 0xfb, 0x5f, 0xfe, 0xf, 0xff, 0xb5,
    0xff, 0xe0, 0xff, 0xfb, 0x5f, 0xfe, 0xf, 0xff,
    0xb5, 0xff, 0xe0, 0xff, 0xfb, 0x5f, 0xfe, 0xf,
    0xff, 0xb5, 0xff, 0xe0, 0xff, 0xfb, 0x5f, 0xfe,
    0xf, 0xff, 0xb5, 0xff, 0xe0, 0xff, 0xfb, 0x5f,
    0xfe, 0xf, 0xff, 0xb5, 0xff, 0xe0, 0xff, 0xfb,
    0x5f, 0xfe, 0xf, 0xff, 0xb5, 0xff, 0xe0, 0xff,
    0xfb, 0x5f, 0xfe, 0xf, 0xff, 0xb5, 0xff, 0xe0,
    0xff, 0xfb, 0x5f, 0xfe, 0xf, 0xff, 0xb5, 0xff,
    0xe0, 0xff, 0xfb, 0x5f, 0xfe, 0xf, 0xff, 0xb5,
    0xff, 0xe0, 0xff, 0xfb, 0x5f, 0xfe, 0xf, 0xff,
    0xb5, 0xff, 0xe0, 0xff, 0xfb, 0x5f, 0xfe, 0xf,
    0xff, 0xb5, 0xff, 0xe0, 0xff, 0xfb, 0x5f, 0xfe,
    0xf, 0xff, 0xb5, 0xff, 0xe0, 0xff, 0xfb, 0x5f,
    0xfe, 0xf, 0xff, 0xb5, 0xff, 0xe0, 0xff, 0xfb,
    0x5f, 0xfe, 0xf, 0xff, 0xb5, 0xff, 0xe0, 0xff,
    0xfb, 0x5f, 0xfe, 0xf, 0xff, 0xb5, 0xff, 0xe0,
    0xff, 0xfb, 0x5f, 0xfe, 0xf, 0xff, 0xb5, 0xff,
    0xe0, 0xff, 0xfb, 0x5f, 0xfe, 0xf, 0xff, 0xb5,
    0xff, 0xe0, 0xff, 0xfb, 0x5f, 0xfe, 0xf, 0xff,
    0xb5, 0xff, 0xe0, 0xff, 0xfb, 0x5f, 0xfe, 0xf,
    0xff, 0xb5, 0xff, 0xe0, 0xff, 0xfb, 0x5f, 0xfe,
    0xf, 0xff, 0xb5, 0xff, 0xe0, 0xff, 0xfb, 0x5f,
    0xfe, 0xf, 0xff, 0xb5, 0xff, 0xe0, 0xff, 0xfb,
    0x5f, 0xfe, 0xf, 0xff, 0xb3, 0xff, 0xe0, 0xff,
    0xfb, 0xbf, 0xfa, 0xf, 0xff, 0xc3, 0xfe, 0x83,
    0xff, 0xf4, 0xfe, 0x83, 0xff, 0xf8, 0xfa, 0xf,
    0xff, 0xf3, 0x7, 0xff, 0xe8,

    /* U+0051 "Q" */
    0xf, 0xfe, 0x17, 0xff, 0xf9, 0x43, 0xff, 0xa3,
    0xff, 0xfe, 0x70, 0xff, 0xe7, 0xff, 0xff, 0xa4,
    0x3f, 0xf9, 0xbf, 0xff, 0xeb, 0xf, 0xfe, 0x5f,
    0xff, 0xfb, 0x43, 0xff, 0x93, 0xff, 0xfe, 0xf0,
    0xff, 0xe4, 0xff, 0xff, 0xb6, 0xf, 0xfe, 0x57,
    0xff, 0xfa, 0xe0, 0xff, 0xe2, 0xb8, 0x77, 0xff,
    0xfa, 0x50, 0xd2, 0x1f, 0xf3, 0xf0, 0x67, 0xff,
    0xfc, 0xe8, 0x6b, 0xc8, 0x7f, 0x3f, 0xc1, 0x9a,
    0xff, 0xf2, 0xa1, 0xbf, 0x90, 0xf9, 0xff, 0x83,
    0xff, 0xdb, 0xff, 0x21, 0xcf, 0xff, 0x7, 0xff,
    0xaf, 0xff, 0x90, 0x9f, 0xff, 0x7, 0xff, 0xaf,
    0xff, 0xc8, 0x2f, 0xff, 0x7, 0xff, 0xaf, 0xff,
    0xe0, 0x5f, 0xfe, 0xf, 0xff, 0x5f, 0xff, 0xc0,
    0xbf, 0xfc, 0x1f, 0xfe, 0xbf, 0xff, 0x81, 0x7f,
    0xf8, 0x3f, 0xfd, 0x7f, 0xff, 0x2, 0xff, 0xf0,
    0x7f, 0xfa, 0xff, 0xfe, 0x5, 0xff, 0xe0, 0xff,
    0xf5, 0xff, 0xfc, 0xb, 0xff, 0xc1, 0xff, 0xeb,
    0xff, 0xf8, 0x17, 0xff, 0x83, 0xff, 0xd7, 0xff,
    0xf0, 0x2f, 0xff, 0x7, 0xff, 0xaf, 0xff, 0xe0,
    0x5f, 0xfe, 0xf, 0xff, 0x5f, 0xff, 0xc0, 0xbf,
    0xfc, 0x1f, 0xfe, 0xbf, 0xff, 0x81, 0x7f, 0xf8,
    0x3f, 0xfd, 0x7f, 0xff, 0x2, 0xff, 0xf0, 0x7f,
    0xfa, 0xff, 0xfe, 0x5, 0xff, 0xe0, 0xff, 0xf5,
    0xff, 0xfc, 0xb, 0xff, 0xc1, 0xff, 0xeb, 0xff,
    0xf8, 0x17, 0xff, 0x83, 0xff, 0xd7, 0xff, 0xf0,
    0x2f, 0xff, 0x7, 0xff, 0xaf, 0xff, 0xe0, 0x5f,
    0xfe, 0xf, 0xff, 0x5f, 0xff, 0xc0, 0xbf, 0xfc,
    0x1f, 0xfe, 0xbf, 0xff, 0x81, 0x7f, 0xf8, 0x3f,
    0xfd, 0x7f, 0xff, 0x2, 0xff, 0xf0, 0x7f, 0xfa,
    0xff, 0xfe, 0x5, 0xff, 0xe0, 0xff, 0xf5, 0xff,
    0xfc, 0xb, 0xff, 0xc1, 0xff, 0xeb, 0xff, 0xf8,
    0x17, 0xff, 0x83, 0xff, 0xd7, 0xff, 0xf0, 0x2f,
    0xff, 0x7, 0xff, 0xaf, 0xff, 0xe0, 0x5f, 0xfe,
    0xf, 0xff, 0x5f, 0xff, 0xc0, 0xbf, 0xfc, 0x1f,
    0xfe, 0xbf, 0xff, 0x81, 0x7f, 0xf8, 0x3f, 0xfd,
    0x7f, 0xff, 0x2, 0xff, 0xf0, 0x7f, 0xfa, 0xff,
    0xfe, 0x5, 0xff, 0xe0, 0xff, 0xf5, 0xff, 0xfc,
    0xb, 0xff, 0xc1, 0xff, 0xeb, 0xff, 0xf8, 0x17,
    0xff, 0x83, 0xff, 0xd7, 0xff, 0xf0, 0x2f, 0xff,
    0x7, 0xff, 0xaf, 0xff, 0xe0, 0x5f, 0xfe, 0xf,
    0xff, 0x5f, 0xff, 0xc0, 0xbf, 0xfc, 0x1f, 0xfe,
    0xbf, 0xff, 0x81, 0x7f, 0xf8, 0x3f, 0xfd, 0x7f,
    0xff, 0x2, 0xff, 0xf0, 0x7f, 0xfa, 0xff, 0xfe,
    0x5, 0xff, 0xe0, 0xff, 0xf5, 0xff, 0xfc, 0xb,
    0xff, 0xc1, 0xff, 0xeb, 0xff, 0xf8, 0x17, 0xff,
    0x83, 0xff, 0xd7, 0xff, 0xf0, 0x2f, 0xff, 0x7,
    0xff, 0xaf, 0xff, 0xe0, 0x5f, 0xfe, 0xf, 0xff,
    0x5f, 0xff, 0xc0, 0xbf, 0xfc, 0x1f, 0xfe, 0xbf,
    0xff, 0x81, 0x7f, 0xf0, 0x7f, 0xfb, 0x7f, 0xfc,
    0xb, 0xff, 0x7, 0xff, 0xbf, 0xff, 0x81, 0x7f,
    0xc1, 0xff, 0xf1, 0xff, 0xc0, 0xbf, 0xc1, 0xff,
    0xf3, 0xff, 0x81, 0x7f, 0x7, 0xff, 0xd7, 0xfc,
    0x1f, 0xff, 0xf0, 0xff, 0xff, 0x87, 0xf9, 0xac,
    0x87, 0xff, 0xd9, 0x78, 0x17, 0xf4, 0x1f, 0xff,
    0x37, 0xfc, 0xb, 0xfd, 0x7, 0xff, 0xc5, 0xff,
    0x81, 0x7f, 0xd0, 0x7f, 0xfb, 0xdf, 0xfc, 0xb,
    0xff, 0x41, 0xff, 0xed, 0x7f, 0xf8, 0x17, 0xff,
    0x41, 0xff, 0xeb, 0x7f, 0xfc, 0xb, 0xff, 0xc1,
    0xff, 0xeb, 0xff, 0xf8, 0x17, 0xff, 0x83, 0xff,
    0xd7, 0xff, 0xf0, 0x2f, 0xff, 0x7, 0xff, 0xaf,
    0xff, 0xe0, 0x5f, 0xfe, 0xf, 0xff, 0x5f, 0xff,
    0xc0, 0xbf, 0xfc, 0x1f, 0xfe, 0xbf, 0xff, 0x81,
    0x7f, 0xf8, 0x3f, 0xfd, 0x7f, 0xff, 0x2, 0xff,
    0xf0, 0x7f, 0xfa, 0xff, 0xfe, 0x5, 0xff, 0xe0,
    0xff, 0xf5, 0xff, 0xfc, 0xb, 0xff, 0xc1, 0xff,
    0xeb, 0xff, 0xf8, 0x17, 0xff, 0x83, 0xff, 0xd7,
    0xff, 0xf0, 0x2f, 0xff, 0x7, 0xff, 0xaf, 0xff,
    0xe0, 0x5f, 0xfe, 0xf, 0xff, 0x5f, 0xff, 0xc0,
    0xbf, 0xfc, 0x1f, 0xfe, 0xbf, 0xff, 0x81, 0x7f,
    0xf8, 0x3f, 0xfd, 0x7f, 0xff, 0x2, 0xff, 0xf0,
    0x7f, 0xfa, 0xff, 0xfe, 0x5, 0xff, 0xe0, 0xff,
    0xf5, 0xff, 0xfc, 0xb, 0xff, 0xc1, 0xff, 0xeb,
    0xff, 0xf8, 0x17, 0xff, 0x83, 0xff, 0xd7, 0xff,
    0xf0, 0x2f, 0xff, 0x7, 0xff, 0xaf, 0xff, 0xe0,
    0x5f, 0xfe, 0xf, 0xff, 0x5f, 0xff, 0xc0, 0xbf,
    0xfc, 0x1f, 0xfe, 0xbf, 0xff, 0x81, 0x7f, 0xf8,
    0x3f, 0xfd, 0x7f, 0xff, 0x2, 0xff, 0xf0, 0x7f,
    0xfa, 0xff, 0xfe, 0x5, 0xff, 0xe0, 0xff, 0xf5,
    0xff, 0xfc, 0xb, 0xff, 0xc1, 0xff, 0xeb, 0xff,
    0xf8, 0x17, 0xff, 0x83, 0xff, 0xaf, 0xff, 0x83,
    0xff, 0x81, 0xff, 0xf0, 0x2f, 0xff, 0x7, 0xff,
    0x5f, 0xff, 0x83, 0xfe, 0xff, 0xf8, 0x17, 0xff,
    0x83, 0xff, 0xaf, 0xff, 0xe0, 0xff, 0x7f, 0xfc,
    0xb, 0xff, 0xc1, 0xff, 0xd7, 0xff, 0xf8, 0x3f,
    0xbf, 0xfe, 0x5, 0xff, 0xe0, 0xff, 0xeb, 0xff,
    0xff, 0x0, 0x3f, 0x7f, 0xfc, 0xb, 0xff, 0xc1,
    0xff, 0xd7, 0xff, 0xfe, 0x8, 0x7d, 0xff, 0xf0,
    0x2f, 0xff, 0x7, 0xff, 0x5f, 0xff, 0xf8, 0x41,
    0xef, 0xff, 0x81, 0x7f, 0xf8, 0x3f, 0xfa, 0xff,
    0xff, 0xc3, 0xe, 0xff, 0xf8, 0x17, 0xff, 0x83,
    0xff, 0xb1, 0xff, 0xfc, 0x30, 0xd7, 0xff, 0x40,
    0xbf, 0xfc, 0x1f, 0xfd, 0x9f, 0xff, 0xe1, 0x86,
    0xbf, 0xe8, 0x2b, 0xff, 0xc1, 0xff, 0xda, 0xff,
    0xfe, 0x18, 0x6b, 0xfa, 0xd, 0x7f, 0xf8, 0x3f,
    0xfb, 0x7f, 0xff, 0xc3, 0xd, 0x7d, 0x7, 0x5f,
    0xfe, 0xf, 0xfe, 0xe7, 0xff, 0xf0, 0xc3, 0x5c,
    0x1e, 0xbf, 0xfc, 0x1f, 0xfd, 0xdf, 0xff, 0xe1,
    0x86, 0x43, 0xeb, 0xff, 0xc1, 0xff, 0xde, 0xff,
    0xfe, 0x18, 0x7f, 0xd7, 0xff, 0x83, 0xff, 0xbf,
    0xff, 0xfc, 0x30, 0xff, 0x5f, 0xfe, 0xf, 0xff,
    0x7, 0xff, 0xf0, 0xc3, 0xfa, 0xff, 0xf0, 0x7f,
    0xf8, 0x7f, 0xff, 0x86, 0x1f, 0x9f, 0xff, 0x7,
    0xff, 0x8b, 0xff, 0xf8, 0x61, 0xf9, 0xff, 0xe0,
    0xff, 0xf1, 0xff, 0xff, 0xc, 0x3f, 0x3f, 0xf0,
    0x7f, 0xf9, 0x7f, 0xff, 0x86, 0x1f, 0x9f, 0xe0,
    0xcd, 0x7f, 0xf7, 0x83, 0x7f, 0xff, 0xc, 0x3f,
    0x3f, 0x6, 0x7f, 0xff, 0xc0, 0x1b, 0xff, 0xf8,
    0x61, 0xf9, 0x83, 0xbf, 0xff, 0xc4, 0x1b, 0xff,
    0xf8, 0x50, 0x7f, 0xf0, 0x7f, 0xff, 0xc8, 0x1b,
    0xff, 0xf8, 0x50, 0x7f, 0xdf, 0xff, 0xe6, 0xd,
    0xff, 0xfc, 0x24, 0x3f, 0xbf, 0xff, 0xcf, 0x6,
    0xff, 0xfe, 0xa, 0x1f, 0xcf, 0xff, 0xf9, 0x83,
    0xdf, 0xff, 0xc0, 0x43, 0xfc, 0xff, 0xff, 0x90,
    0x3f, 0x7f, 0xfc, 0x87, 0xfc, 0xff, 0xff, 0x88,
    0x3f, 0xdf, 0xfe, 0x43, 0xff, 0x80, 0xff, 0xff,
    0x80, 0x3f, 0xf8, 0x1f, 0xfc, 0x87, 0xff, 0x5,
    0xff, 0xfe, 0xf0, 0x7f, 0xf0, 0xbf, 0xf2,

    /* U+0052 "R" */
    0x9, 0xff, 0xff, 0x78, 0x7f, 0xf1, 0x9f, 0xff,
    0xf7, 0x87, 0xff, 0x5, 0xc, 0xff, 0xff, 0xbc,
    0x3f, 0xf8, 0x16, 0x19, 0xff, 0xff, 0x78, 0x7f,
    0xd7, 0x83, 0x3f, 0xff, 0xef, 0xf, 0xf5, 0xf0,
    0x67, 0xff, 0xfd, 0xe1, 0xfd, 0x7e, 0xc, 0xff,
    0xff, 0xb6, 0xf, 0xeb, 0xf8, 0x33, 0xff, 0xfe,
    0xb8, 0x3f, 0xd7, 0xf8, 0x33, 0xff, 0xfe, 0x94,
    0x34, 0x87, 0x5f, 0xf0, 0x67, 0xff, 0xfc, 0xe8,
    0x6b, 0xc8, 0x6b, 0xff, 0x6, 0x6b, 0xff, 0xca,
    0x86, 0xfe, 0x42, 0xbf, 0xf8, 0x3f, 0xfd, 0xbf,
    0xf2, 0xb, 0xff, 0xc1, 0xff, 0xeb, 0xff, 0xe4,
    0xbf, 0xfc, 0x1f, 0xfe, 0xbf, 0xff, 0x37, 0xff,
    0x83, 0xff, 0xd7, 0xff, 0xf5, 0xff, 0xe0, 0xff,
    0xf5, 0xff, 0xfd, 0x7f, 0xf8, 0x3f, 0xfd, 0x7f,
    0xff, 0x5f, 0xfe, 0xf, 0xff, 0x5f, 0xff, 0xd7,
    0xff, 0x83, 0xff, 0xd7, 0xff, 0xf5, 0xff, 0xe0,
    0xff, 0xf5, 0xff, 0xfd, 0x7f, 0xf8, 0x3f, 0xfd,
    0x7f, 0xff, 0x5f, 0xfe, 0xf, 0xff, 0x5f, 0xff,
    0xd7, 0xff, 0x83, 0xff, 0xd7, 0xff, 0xf5, 0xff,
    0xe0, 0xff, 0xf5, 0xff, 0xfd, 0x7f, 0xf8, 0x3f,
    0xfd, 0x7f, 0xff, 0x5f, 0xfe, 0xf, 0xff, 0x5f,
    0xff, 0xd7, 0xff, 0x83, 0xff, 0xd7, 0xff, 0xf5,
    0xff, 0xe0, 0xff, 0xf5, 0xff, 0xfd, 0x7f, 0xf8,
    0x3f, 0xfd, 0x7f, 0xff, 0x5f, 0xfe, 0xf, 0xff,
    0x5f, 0xff, 0xd7, 0xff, 0x83, 0xff, 0xd7, 0xff,
    0xf5, 0xff, 0xe0, 0xff, 0xf5, 0xff, 0xfd, 0x7f,
    0xf8, 0x3f, 0xfd, 0x7f, 0xff, 0x5f, 0xfe, 0xf,
    0xff, 0x5f, 0xff, 0xd7, 0xff, 0x83, 0xff, 0xd7,
    0xff, 0xf5, 0xff, 0xe0, 0xff, 0xf5, 0xff, 0xfd,
    0x7f, 0xf8, 0x3f, 0xfd, 0x7f, 0xff, 0x5f, 0xfe,
    0xf, 0xff, 0x5f, 0xff, 0xd7, 0xff, 0x83, 0xff,
    0xd7, 0xff, 0xf5, 0xff, 0xe0, 0xff, 0xf5, 0xff,
    0xfd, 0x7f, 0xf8, 0x3f, 0xfd, 0x7f, 0xff, 0x5f,
    0xfe, 0xf, 0xff, 0x5f, 0xff, 0xd7, 0xff, 0x83,
    0xff, 0xd7, 0xff, 0xf5, 0xff, 0xe0, 0xff, 0xf5,
    0xff, 0xfd, 0x7f, 0xf8, 0x3f, 0xfd, 0x7f, 0xff,
    0x5f, 0xfe, 0xf, 0xff, 0x5f, 0xff, 0xd7, 0xff,
    0x83, 0xff, 0xd7, 0xff, 0xf5, 0xff, 0xe0, 0xff,
    0xf5, 0xff, 0xfd, 0x7f, 0xf8, 0x3f, 0xfd, 0x7f,
    0xff, 0x5f, 0xfe, 0xf, 0xff, 0x5f, 0xff, 0xd7,
    0xff, 0x83, 0xff, 0xd7, 0xff, 0xf5, 0xff, 0xe0,
    0xff, 0xf5, 0xff, 0xfd, 0x7f, 0xf8, 0x3f, 0xfd,
    0x7f, 0xff, 0x5f, 0xfe, 0xf, 0xff, 0x5f, 0xff,
    0xd7, 0xff, 0x83, 0xff, 0xd7, 0xff, 0xf5, 0xff,
    0xe0, 0xff, 0xf5, 0xff, 0xfd, 0x7f, 0xf8, 0x3f,
    0xfd, 0x7f, 0xfe, 0xa7, 0xff, 0x7, 0xff, 0xb7,
    0xff, 0x8b, 0xff, 0x6, 0xbf, 0xff, 0xcb, 0x6,
    0xff, 0x81, 0x7f, 0xc1, 0xaf, 0xff, 0xf3, 0xc1,
    0xbf, 0x82, 0xbf, 0xc1, 0xaf, 0xff, 0xf4, 0xc1,
    0xbe, 0xd, 0x7f, 0x6, 0xbf, 0xff, 0xd7, 0x6,
    0x83, 0xff, 0x85, 0x7f, 0xff, 0xb6, 0xf, 0xfe,
    0x37, 0xff, 0xfb, 0xd0, 0xfc, 0xd6, 0x42, 0x7f,
    0xff, 0xda, 0x87, 0xf5, 0xfd, 0x4, 0xff, 0xff,
    0xad, 0xf, 0xf5, 0xfe, 0x82, 0x7f, 0xff, 0xd2,
    0x87, 0xfd, 0x7f, 0xd0, 0x4f, 0xff, 0xf9, 0xd0,
    0xff, 0xe0, 0x5f, 0xfa, 0x9, 0xaf, 0xff, 0x2a,
    0x1f, 0xfc, 0x1b, 0xff, 0xa0, 0xff, 0xfb, 0x5f,
    0xfe, 0xf, 0xff, 0xb5, 0xff, 0xe0, 0xab, 0xe4,
    0x3f, 0xfd, 0x77, 0xff, 0x82, 0xff, 0xc8, 0x7f,
    0xfa, 0xaf, 0xff, 0x5, 0xff, 0xc8, 0x7f, 0xfa,
    0x6f, 0xff, 0x5, 0xff, 0xe4, 0x3f, 0xfd, 0x17,
    0xff, 0x82, 0xff, 0xf9, 0xf, 0xff, 0x3d, 0xff,
    0xe0, 0xbf, 0xff, 0x80, 0x87, 0xff, 0x9a, 0xff,
    0xf0, 0x5f, 0xff, 0xc1, 0x43, 0xff, 0xcb, 0x7f,
    0xf8, 0x2f, 0xff, 0xe1, 0x21, 0xff, 0xe4, 0xbf,
    0xfc, 0x15, 0xff, 0xfc, 0x24, 0x3f, 0xfc, 0x77,
    0xff, 0x83, 0x5f, 0xff, 0xc2, 0x43, 0xff, 0xc5,
    0x7f, 0xf8, 0x3a, 0xff, 0xfe, 0x12, 0x1f, 0xfe,
    0x1b, 0xff, 0xc1, 0xeb, 0xff, 0xf8, 0x48, 0x7f,
    0xf8, 0x2f, 0xff, 0x7, 0xd7, 0xff, 0xf0, 0x90,
    0xff, 0xef, 0xdf, 0xfe, 0xf, 0xd7, 0xff, 0xf0,
    0x90, 0xff, 0xef, 0x5f, 0xfe, 0xf, 0xeb, 0xff,
    0xf8, 0x48, 0x7f, 0xf7, 0x6f, 0xff, 0x7, 0xfa,
    0xff, 0xfe, 0x12, 0x1f, 0xfd, 0xcb, 0xff, 0xc1,
    0xff, 0x5f, 0xff, 0xc2, 0x43, 0xff, 0xb7, 0x7f,
    0xf8, 0x3f, 0xf8, 0x17, 0xff, 0xf0, 0x90, 0xff,
    0xed, 0x5f, 0xfe, 0xf, 0xfe, 0xd, 0xff, 0xfc,
    0x24, 0x3f, 0xfb, 0x37, 0xff, 0x83, 0xff, 0x85,
    0x7f, 0xff, 0x8, 0x3f, 0xfb, 0x37, 0xff, 0x83,
    0xff, 0x87, 0x7f, 0xff, 0x8, 0x3f, 0xfb, 0x17,
    0xff, 0x83, 0xff, 0x89, 0x7f, 0xff, 0x8, 0x3f,
    0xfa, 0xf7, 0xff, 0x83, 0xff, 0x8b, 0x7f, 0xff,
    0x8, 0x3f, 0xfa, 0xd7, 0xff, 0x83, 0xff, 0x8d,
    0x7f, 0xff, 0x8, 0x3f, 0xfa, 0xb7, 0xff, 0x83,
    0xff, 0x8f, 0x7f, 0xff, 0x8, 0x3f, 0xfa, 0x97,
    0xff, 0x83, 0xff, 0x91, 0x7f, 0xff, 0x8, 0x3f,
    0xfa, 0x77, 0xff, 0x83, 0xff, 0x93, 0x7f, 0xff,
    0x8, 0x3f, 0xfa, 0x57, 0xff, 0x83, 0xff, 0x95,
    0x7f, 0xff, 0x8, 0x3f, 0xfa, 0x37, 0xff, 0x83,
    0xff, 0x97, 0xff, 0xfc, 0x30, 0xff, 0xe8, 0x5f,
    0xfe, 0xf, 0xfe, 0x67, 0xff, 0xf0, 0xc3, 0xff,
    0x9f, 0x7f, 0xf8, 0x3f, 0xf9, 0xbf, 0xff, 0xc3,
    0xf, 0xfe, 0x75, 0xff, 0xe0, 0xff, 0xe7, 0x7f,
    0xff, 0xc, 0x3f, 0xf9, 0xb7, 0xff, 0x83, 0xff,
    0x9f, 0xff, 0xfc, 0x30, 0xff, 0xe6, 0x5f, 0xfe,
    0xf, 0xfe, 0x87, 0xff, 0xf0, 0xc3, 0xff, 0x97,
    0x7f, 0xf8, 0x3f, 0xfa, 0x3f, 0xff, 0xc3, 0xf,
    0xfe, 0x55, 0xff, 0xe0, 0xff, 0xe9, 0x7f, 0xff,
    0xc, 0x3f, 0xf9, 0x37, 0xff, 0x83, 0xff, 0xa7,
    0xff, 0xfc, 0x30, 0xff, 0xe4, 0x5f, 0xfe, 0xf,
    0xfe, 0xa7, 0xff, 0xf0, 0xc3, 0xff, 0x8f, 0x7f,
    0xf8, 0x3f, 0xfa, 0xbf, 0xff, 0xc3, 0xf, 0xfe,
    0x35, 0xff, 0xe0, 0xff, 0xeb, 0x7f, 0xff, 0xc,
    0x3f, 0xf8, 0xb7, 0xff, 0x83, 0xff, 0xaf, 0xff,
    0xfc, 0x30, 0xff, 0xe2, 0x5f, 0xfe, 0xf, 0xfe,
    0xc7, 0xff, 0xf0, 0xc3, 0xff, 0x87, 0x7f, 0xf8,
    0x3f, 0xfb, 0x3f, 0xff, 0xc3, 0xf, 0xfe, 0x15,
    0xff, 0xe0, 0xff, 0xed, 0x7f, 0xff, 0xc, 0x3f,
    0xf8, 0x37, 0xff, 0x83, 0xff, 0xb7, 0xff, 0xfc,
    0x30, 0xff, 0xe0, 0x5f, 0xfe, 0xf, 0xfe, 0xe7,
    0xff, 0xf0, 0xc3, 0xfe, 0xbf, 0xfc, 0x1f, 0xfd,
    0xdf, 0xff, 0xe1, 0x87, 0xfa, 0xff, 0xf0, 0x7f,
    0xf7, 0xbf, 0xff, 0x86, 0x1f, 0xd7, 0xff, 0x83,
    0xff, 0xbf, 0xff, 0xfc, 0x30, 0xfd, 0x7f, 0xf8,
    0x3f, 0xfc, 0x1f, 0xff, 0xc2, 0x43, 0xe7, 0xff,
    0xc1, 0xff, 0xe1, 0xff, 0xfe, 0xa, 0x1f, 0x9f,
    0xfd, 0x7, 0xff, 0x8b, 0xff, 0xf8, 0x8, 0x7f,
    0x3f, 0xe8, 0x3f, 0xfc, 0x9f, 0xff, 0x21, 0xfe,
    0x7f, 0x41, 0xff, 0xe6, 0xff, 0xf2, 0x1f, 0xf3,
    0xe8, 0x3f, 0xfd, 0x1f, 0xfc, 0x87, 0xff, 0x1,
    0x83, 0xff, 0xd5, 0xff, 0x90, 0xf8,

    /* U+0053 "S" */
    0xf, 0xfe, 0x17, 0xff, 0xfb, 0x60, 0xff, 0xe3,
    0x7f, 0xff, 0xbe, 0xf, 0xfe, 0x27, 0xff, 0xfc,
    0x60, 0xff, 0xe1, 0x7f, 0xff, 0xce, 0xf, 0xfe,
    0x7, 0xff, 0xfd, 0x60, 0xff, 0x7f, 0xff, 0xdd,
    0xf, 0xf7, 0xff, 0xfd, 0x83, 0xff, 0x81, 0xff,
    0xff, 0x40, 0xf9, 0xc3, 0xbf, 0xff, 0xe4, 0x1f,
    0x3f, 0x6, 0x7f, 0xff, 0xdf, 0x7, 0xcf, 0xf0,
    0x66, 0xbf, 0xfd, 0xc1, 0xf3, 0xff, 0x7, 0xff,
    0xe1, 0xff, 0xe0, 0xff, 0xfb, 0x3f, 0xfe, 0xf,
    0xff, 0xb5, 0xff, 0xe0, 0xff, 0xfb, 0x5f, 0xfe,
    0xf, 0xff, 0xb5, 0xff, 0xe0, 0xff, 0xfb, 0x5f,
    0xfe, 0xf, 0xff, 0xb5, 0xff, 0xe0, 0xff, 0xfb,
    0x5f, 0xfe, 0xf, 0xff, 0xb5, 0xff, 0xe0, 0xff,
    0xfb, 0x5f, 0xfe, 0xf, 0xff, 0xb5, 0xff, 0xe0,
    0xff, 0xfb, 0x5f, 0xfe, 0xf, 0xff, 0xb5, 0xff,
    0xe0, 0xff, 0xfb, 0x5f, 0xfe, 0xf, 0xff, 0xb5,
    0xff, 0xe0, 0xff, 0xfb, 0x5f, 0xfe, 0xf, 0xff,
    0xb5, 0xff, 0xe0, 0xff, 0xfb, 0x5f, 0xfe, 0xf,
    0xff, 0xb5, 0xff, 0xe0, 0xff, 0xfb, 0x5f, 0xfe,
    0xf, 0xff, 0xb5, 0xff, 0xe0, 0xff, 0xfb, 0x5f,
    0xfe, 0xf, 0xff, 0xb5, 0xff, 0xe0, 0xff, 0xfb,
    0x5f, 0xfe, 0xf, 0xff, 0xb5, 0xff, 0xe0, 0xff,
    0xfb, 0x5f, 0xfe, 0xf, 0xff, 0xb5, 0xff, 0xe0,
    0xff, 0xfb, 0x5f, 0xfe, 0xf, 0xff, 0xb5, 0xff,
    0xe0, 0xff, 0xfb, 0x5f, 0xfe, 0xf, 0xff, 0xb5,
    0xff, 0xe0, 0xff, 0xfb, 0x5f, 0xfe, 0xf, 0xff,
    0xb5, 0xff, 0xe0, 0xff, 0xfb, 0x5f, 0xfe, 0xf,
    0xff, 0xb5, 0xff, 0xe0, 0xff, 0xfb, 0x5f, 0xfe,
    0xf, 0xff, 0xb5, 0xff, 0xe0, 0xff, 0xfb, 0x5f,
    0xfe, 0xf, 0xff, 0xb5, 0xff, 0xe0, 0xff, 0xfb,
    0x5f, 0xfe, 0xf, 0xff, 0xb5, 0xff, 0xe0, 0xff,
    0xfb, 0x5f, 0xfe, 0xf, 0xff, 0xb5, 0xff, 0xe0,
    0xff, 0xfb, 0x5f, 0xfe, 0xf, 0xff, 0xb5, 0xff,
    0xe0, 0xff, 0xfb, 0xdf, 0xf8, 0x3f, 0xff, 0x37,
    0xf8, 0x35, 0xff, 0xfe, 0x58, 0x3f, 0xf8, 0x9f,
    0xc1, 0xaf, 0xff, 0xf3, 0xc1, 0xff, 0xc4, 0xf8,
    0x35, 0xff, 0xfe, 0x98, 0x3f, 0xf8, 0x90, 0x6b,
    0xff, 0xfd, 0x70, 0x7f, 0xf1, 0xef, 0xff, 0xf6,
    0xc1, 0xff, 0xc6, 0xff, 0xff, 0x7a, 0x1f, 0xfc,
    0x57, 0xff, 0xfd, 0xa8, 0x7f, 0xf1, 0xdf, 0xff,
    0xf5, 0xa1, 0x3c, 0x1f, 0xfc, 0x37, 0xff, 0xfd,
    0x28, 0x4f, 0xd0, 0x7f, 0xf0, 0xdf, 0xff, 0xf3,
    0xa1, 0x3f, 0xd0, 0x7f, 0xf0, 0xda, 0xff, 0xf2,
    0xa1, 0x3f, 0xf4, 0x1f, 0xff, 0x77, 0xff, 0x90,
    0xff, 0xfb, 0x7f, 0xfc, 0x1f, 0xff, 0x6f, 0xff,
    0x83, 0xff, 0xed, 0xff, 0xf0, 0x7f, 0xfd, 0xbf,
    0xfe, 0xf, 0xff, 0xb7, 0xff, 0xc1, 0xff, 0xf6,
    0xff, 0xf8, 0x3f, 0xfe, 0xdf, 0xff, 0x7, 0xff,
    0xdb, 0xff, 0xe0, 0xff, 0xfb, 0x7f, 0xfc, 0x1f,
    0xff, 0x6f, 0xff, 0x83, 0xff, 0xed, 0xff, 0xf0,
    0x7f, 0xfd, 0xbf, 0xfe, 0xf, 0xff, 0xb7, 0xff,
    0xc1, 0xff, 0xf6, 0xff, 0xf8, 0x3f, 0xfe, 0xdf,
    0xff, 0x7, 0xff, 0xdb, 0xff, 0xe0, 0xff, 0xfb,
    0x7f, 0xfc, 0x1f, 0xff, 0x6f, 0xff, 0x83, 0xff,
    0xed, 0xff, 0xf0, 0x7f, 0xfd, 0xbf, 0xfe, 0xf,
    0xff, 0xb7, 0xff, 0xc1, 0xff, 0xf6, 0xff, 0xf8,
    0x3f, 0xfe, 0xdf, 0xff, 0x7, 0xff, 0xdb, 0xff,
    0xe0, 0xff, 0xfb, 0x7f, 0xfc, 0x1f, 0xff, 0x6f,
    0xff, 0x83, 0xff, 0xed, 0xff, 0xf0, 0x7f, 0xfd,
    0xbf, 0xfe, 0xf, 0xff, 0xb7, 0xff, 0xc1, 0xff,
    0xf6, 0xff, 0xf8, 0x3f, 0xfe, 0xdf, 0xff, 0x7,
    0xff, 0xdb, 0xff, 0xe0, 0xff, 0xfb, 0x7f, 0xfc,
    0x1f, 0xff, 0x6f, 0xff, 0x83, 0xff, 0xed, 0xff,
    0xf0, 0x7f, 0xfd, 0xbf, 0xfe, 0xf, 0xff, 0xb7,
    0xff, 0xc1, 0xff, 0xf6, 0xff, 0xf8, 0x3f, 0xfe,
    0xdf, 0xff, 0x7, 0xff, 0xdb, 0xff, 0xe0, 0xff,
    0xfb, 0x7f, 0xfc, 0x1f, 0xff, 0x6f, 0xff, 0x83,
    0xff, 0xed, 0xff, 0xf0, 0x7f, 0xfd, 0xbf, 0xfc,
    0x87, 0xff, 0xdb, 0xff, 0x90, 0xff, 0xfc, 0x7f,
    0xc8, 0x7c, 0xd7, 0xff, 0xb5, 0xd, 0xfc, 0x87,
    0xd7, 0xff, 0xfb, 0xd0, 0xd7, 0x90, 0xfa, 0xff,
    0xff, 0x8a, 0x1a, 0x43, 0xeb, 0xff, 0xfe, 0x70,
    0x7f, 0xcf, 0xff, 0xfd, 0x60, 0xfe, 0x7f, 0xff,
    0xee, 0x1f, 0xeb, 0xff, 0xfe, 0xa1, 0xff, 0xc0,
    0xbf, 0xff, 0xe6, 0x1f, 0xfc, 0x2b, 0xff, 0xfe,
    0x21, 0xff, 0xc4, 0xbf, 0xff, 0xde, 0x1f, 0xfc,
    0x6b, 0xff, 0xfd, 0xa1, 0xff, 0xc2,

    /* U+0054 "T" */
    0xe, 0x7f, 0xff, 0xeb, 0x7, 0xf3, 0xff, 0xff,
    0x78, 0x3e, 0x7f, 0xff, 0xf3, 0x7, 0x3f, 0xff,
    0xfb, 0x82, 0x7f, 0xff, 0xfb, 0x3, 0xff, 0xff,
    0xe8, 0xff, 0xff, 0xf8, 0x2b, 0xff, 0xff, 0x81,
    0xd7, 0xff, 0xfe, 0x83, 0xeb, 0xff, 0xfe, 0xf0,
    0x7f, 0x35, 0xff, 0xf6, 0xf, 0xff, 0xf8, 0x7f,
    0xf7, 0x17, 0xfe, 0xf, 0xff, 0xb7, 0xff, 0xc1,
    0xff, 0xf6, 0xff, 0xf8, 0x3f, 0xfe, 0xdf, 0xff,
    0x7, 0xff, 0xdb, 0xff, 0xe0, 0xff, 0xfb, 0x7f,
    0xfc, 0x1f, 0xff, 0x6f, 0xff, 0x83, 0xff, 0xed,
    0xff, 0xf0, 0x7f, 0xfd, 0xbf, 0xfe, 0xf, 0xff,
    0xb7, 0xff, 0xc1, 0xff, 0xf6, 0xff, 0xf8, 0x3f,
    0xfe, 0xdf, 0xff, 0x7, 0xff, 0xdb, 0xff, 0xe0,
    0xff, 0xfb, 0x7f, 0xfc, 0x1f, 0xff, 0x6f, 0xff,
    0x83, 0xff, 0xed, 0xff, 0xf0, 0x7f, 0xfd, 0xbf,
    0xfe, 0xf, 0xff, 0xb7, 0xff, 0xc1, 0xff, 0xf6,
    0xff, 0xf8, 0x3f, 0xfe, 0xdf, 0xff, 0x7, 0xff,
    0xdb, 0xff, 0xe0, 0xff, 0xfb, 0x7f, 0xfc, 0x1f,
    0xff, 0x6f, 0xff, 0x83, 0xff, 0xed, 0xff, 0xf0,
    0x7f, 0xfd, 0xbf, 0xfe, 0xf, 0xff, 0xb7, 0xff,
    0xc1, 0xff, 0xf6, 0xff, 0xf8, 0x3f, 0xfe, 0xdf,
    0xff, 0x7, 0xff, 0xdb, 0xff, 0xe0, 0xff, 0xfb,
    0x7f, 0xfc, 0x1f, 0xff, 0x6f, 0xff, 0x83, 0xff,
    0xed, 0xff, 0xf0, 0x7f, 0xfd, 0xbf, 0xfe, 0xf,
    0xff, 0xb7, 0xff, 0xc1, 0xff, 0xf6, 0xff, 0xf8,
    0x3f, 0xfe, 0xdf, 0xff, 0x7, 0xff, 0xdb, 0xff,
    0xe0, 0xff, 0xfb, 0x7f, 0xfc, 0x1f, 0xff, 0x6f,
    0xff, 0x83, 0xff, 0xed, 0xff, 0xf0, 0x7f, 0xfd,
    0xbf, 0xfe, 0xf, 0xff, 0xb7, 0xff, 0xc1, 0xff,
    0xf6, 0xff, 0xf8, 0x3f, 0xfe, 0xdf, 0xff, 0x7,
    0xff, 0xdb, 0xff, 0xe0, 0xff, 0xfb, 0x5f, 0xfd,
    0x7, 0xff, 0xdd, 0xff, 0xa0, 0xff, 0xfc, 0xbf,
    0xd0, 0x7f, 0xfe, 0xdf, 0xa0, 0xff, 0xff, 0x70,
    0x7f, 0xff, 0xc3, 0xff, 0xfe, 0x1f, 0xff, 0xf0,
    0xff, 0xff, 0x87, 0xb4, 0x3f, 0xff, 0xdf, 0x21,
    0xff, 0xfc, 0xfe, 0x43, 0xff, 0xf5, 0xff, 0x21,
    0xff, 0xf8, 0xff, 0xe4, 0x3f, 0xfe, 0xdf, 0xff,
    0x7, 0xff, 0xdb, 0xff, 0xe0, 0xff, 0xfb, 0x7f,
    0xfc, 0x1f, 0xff, 0x6f, 0xff, 0x83, 0xff, 0xed,
    0xff, 0xf0, 0x7f, 0xfd, 0xbf, 0xfe, 0xf, 0xff,
    0xb7, 0xff, 0xc1, 0xff, 0xf6, 0xff, 0xf8, 0x3f,
    0xfe, 0xdf, 0xff, 0x7, 0xff, 0xdb, 0xff, 0xe0,
    0xff, 0xfb, 0x7f, 0xfc, 0x1f, 0xff, 0x6f, 0xff,
    0x83, 0xff, 0xed, 0xff, 0xf0, 0x7f, 0xfd, 0xbf,
    0xfe, 0xf, 0xff, 0xb7, 0xff, 0xc1, 0xff, 0xf6,
    0xff, 0xf8, 0x3f, 0xfe, 0xdf, 0xff, 0x7, 0xff,
    0xdb, 0xff, 0xe0, 0xff, 0xfb, 0x7f, 0xfc, 0x1f,
    0xff, 0x6f, 0xff, 0x83, 0xff, 0xed, 0xff, 0xf0,
    0x7f, 0xfd, 0xbf, 0xfe, 0xf, 0xff, 0xb7, 0xff,
    0xc1, 0xff, 0xf6, 0xff, 0xf8, 0x3f, 0xfe, 0xdf,
    0xff, 0x7, 0xff, 0xdb, 0xff, 0xe0, 0xff, 0xfb,
    0x7f, 0xfc, 0x1f, 0xff, 0x6f, 0xff, 0x83, 0xff,
    0xed, 0xff, 0xf0, 0x7f, 0xfd, 0xbf, 0xfe, 0xf,
    0xff, 0xb7, 0xff, 0xc1, 0xff, 0xf6, 0xff, 0xf8,
    0x3f, 0xfe, 0xdf, 0xff, 0x7, 0xff, 0xdb, 0xff,
    0xe0, 0xff, 0xfb, 0x7f, 0xfc, 0x1f, 0xff, 0x6f,
    0xff, 0x83, 0xff, 0xed, 0xff, 0xf0, 0x7f, 0xfd,
    0xbf, 0xfe, 0xf, 0xff, 0xb7, 0xff, 0xc1, 0xff,
    0xf6, 0xff, 0xf8, 0x3f, 0xfe, 0xdf, 0xff, 0x7,
    0xff, 0xdb, 0xff, 0xe0, 0xff, 0xfb, 0x7f, 0xfc,
    0x1f, 0xff, 0x6f, 0xff, 0x83, 0xff, 0xed, 0xff,
    0xf0, 0x7f, 0xfd, 0xbf, 0xfe, 0xf, 0xff, 0xb7,
    0xff, 0xc1, 0xff, 0xf6, 0xff, 0xf8, 0x3f, 0xfe,
    0xdf, 0xff, 0x7, 0xff, 0xdb, 0xff, 0xe0, 0xff,
    0xfb, 0x7f, 0xfc, 0x1f, 0xff, 0x6b, 0xff, 0xa0,
    0xff, 0xfb, 0xdf, 0xf8, 0x3f, 0xff, 0x3f, 0xf0,
    0x7f, 0xfe, 0xff, 0x83, 0xff, 0xfb, 0xf2, 0x1f,
    0xff, 0xed, 0xf, 0xff, 0xf8, 0x7f, 0xf6, 0xc0,

    /* U+0055 "U" */
    0xf, 0xff, 0xf8, 0x7d, 0x61, 0xff, 0xf3, 0xe0,
    0xfe, 0xbe, 0xf, 0xff, 0x8f, 0xd0, 0x7d, 0x7f,
    0x7, 0xff, 0xbf, 0xfa, 0xe, 0xbf, 0xe0, 0xff,
    0xf6, 0xff, 0xd0, 0x57, 0xff, 0x7, 0xff, 0xaf,
    0xff, 0xa2, 0xff, 0xf0, 0x7f, 0xfa, 0xff, 0xfd,
    0x4f, 0xff, 0x7, 0xff, 0xaf, 0xff, 0xeb, 0xff,
    0xc1, 0xff, 0xeb, 0xff, 0xfa, 0xff, 0xf0, 0x7f,
    0xfa, 0xff, 0xfe, 0xbf, 0xfc, 0x1f, 0xfe, 0xbf,
    0xff, 0xaf, 0xff, 0x7, 0xff, 0xaf, 0xff, 0xeb,
    0xff, 0xc1, 0xff, 0xeb, 0xff, 0xfa, 0xff, 0xf0,
    0x7f, 0xfa, 0xff, 0xfe, 0xbf, 0xfc, 0x1f, 0xfe,
    0xbf, 0xff, 0xaf, 0xff, 0x7, 0xff, 0xaf, 0xff,
    0xeb, 0xff, 0xc1, 0xff, 0xeb, 0xff, 0xfa, 0xff,
    0xf0, 0x7f, 0xfa, 0xff, 0xfe, 0xbf, 0xfc, 0x1f,
    0xfe, 0xbf, 0xff, 0xaf, 0xff, 0x7, 0xff, 0xaf,
    0xff, 0xeb, 0xff, 0xc1, 0xff, 0xeb, 0xff, 0xfa,
    0xff, 0xf0, 0x7f, 0xfa, 0xff, 0xfe, 0xbf, 0xfc,
    0x1f, 0xfe, 0xbf, 0xff, 0xaf, 0xff, 0x7, 0xff,
    0xaf, 0xff, 0xeb, 0xff, 0xc1, 0xff, 0xeb, 0xff,
    0xfa, 0xff, 0xf0, 0x7f, 0xfa, 0xff, 0xfe, 0xbf,
    0xfc, 0x1f, 0xfe, 0xbf, 0xff, 0xaf, 0xff, 0x7,
    0xff, 0xaf, 0xff, 0xeb, 0xff, 0xc1, 0xff, 0xeb,
    0xff, 0xfa, 0xff, 0xf0, 0x7f, 0xfa, 0xff, 0xfe,
    0xbf, 0xfc, 0x1f, 0xfe, 0xbf, 0xff, 0xaf, 0xff,
    0x7, 0xff, 0xaf, 0xff, 0xeb, 0xff, 0xc1, 0xff,
    0xeb, 0xff, 0xfa, 0xff, 0xf0, 0x7f, 0xfa, 0xff,
    0xfe, 0xbf, 0xfc, 0x1f, 0xfe, 0xbf, 0xff, 0xaf,
    0xff, 0x7, 0xff, 0xaf, 0xff, 0xeb, 0xff, 0xc1,
    0xff, 0xeb, 0xff, 0xfa, 0xff, 0xf0, 0x7f, 0xfa,
    0xff, 0xfe, 0xbf, 0xfc, 0x1f, 0xfe, 0xbf, 0xff,
    0xaf, 0xff, 0x7, 0xff, 0xaf, 0xff, 0xeb, 0xff,
    0xc1, 0xff, 0xeb, 0xff, 0xfa, 0xff, 0xf0, 0x7f,
    0xfa, 0xff, 0xfe, 0xbf, 0xfc, 0x1f, 0xfe, 0xbf,
    0xff, 0xaf, 0xff, 0x7, 0xff, 0xaf, 0xff, 0xeb,
    0xff, 0xc1, 0xff, 0xeb, 0xff, 0xfa, 0xff, 0xf0,
    0x7f, 0xfa, 0xff, 0xfe, 0xbf, 0xfc, 0x1f, 0xfe,
    0xbf, 0xff, 0xaf, 0xff, 0x7, 0xff, 0xaf, 0xff,
    0xeb, 0xff, 0xc1, 0xff, 0xeb, 0xff, 0xfa, 0xff,
    0xf0, 0x7f, 0xfa, 0xff, 0xfe, 0xbf, 0xfc, 0x1f,
    0xfe, 0xbf, 0xff, 0xaf, 0xff, 0x7, 0xff, 0xaf,
    0xff, 0xeb, 0xff, 0xc1, 0xff, 0xeb, 0xff, 0xfa,
    0xff, 0xf0, 0x7f, 0xfa, 0xff, 0xfe, 0xbf, 0xfc,
    0x1f, 0xfe, 0xbf, 0xff, 0xaf, 0xff, 0x7, 0xff,
    0xaf, 0xff, 0xeb, 0xff, 0xc1, 0xff, 0xeb, 0xff,
    0xfa, 0xff, 0xf0, 0x7f, 0xfa, 0xff, 0xfe, 0xbf,
    0xf8, 0x3f, 0xfd, 0xbf, 0xfe, 0xbf, 0xf0, 0x7f,
    0xfb, 0xff, 0xfa, 0xff, 0x83, 0xff, 0xe3, 0xff,
    0xaf, 0xf0, 0x7f, 0xfc, 0xff, 0xeb, 0xf8, 0x3f,
    0xfe, 0xbf, 0xe0, 0xff, 0xff, 0x87, 0xff, 0xfc,
    0x33, 0x59, 0xf, 0xff, 0xab, 0x59, 0xbf, 0xa0,
    0xff, 0xf9, 0xbf, 0xeb, 0xfd, 0x7, 0xff, 0xc5,
    0xff, 0xaf, 0xfa, 0xf, 0xff, 0x7b, 0xff, 0xaf,
    0xfd, 0x7, 0xff, 0xb5, 0xff, 0xeb, 0xff, 0xa0,
    0xff, 0xf5, 0xbf, 0xfe, 0xbf, 0xfc, 0x1f, 0xfe,
    0xbf, 0xff, 0xaf, 0xff, 0x7, 0xff, 0xaf, 0xff,
    0xeb, 0xff, 0xc1, 0xff, 0xeb, 0xff, 0xfa, 0xff,
    0xf0, 0x7f, 0xfa, 0xff, 0xfe, 0xbf, 0xfc, 0x1f,
    0xfe, 0xbf, 0xff, 0xaf, 0xff, 0x7, 0xff, 0xaf,
    0xff, 0xeb, 0xff, 0xc1, 0xff, 0xeb, 0xff, 0xfa,
    0xff, 0xf0, 0x7f, 0xfa, 0xff, 0xfe, 0xbf, 0xfc,
    0x1f, 0xfe, 0xbf, 0xff, 0xaf, 0xff, 0x7, 0xff,
    0xaf, 0xff, 0xeb, 0xff, 0xc1, 0xff, 0xeb, 0xff,
    0xfa, 0xff, 0xf0, 0x7f, 0xfa, 0xff, 0xfe, 0xbf,
    0xfc, 0x1f, 0xfe, 0xbf, 0xff, 0xaf, 0xff, 0x7,
    0xff, 0xaf, 0xff, 0xeb, 0xff, 0xc1, 0xff, 0xeb,
    0xff, 0xfa, 0xff, 0xf0, 0x7f, 0xfa, 0xff, 0xfe,
    0xbf, 0xfc, 0x1f, 0xfe, 0xbf, 0xff, 0xaf, 0xff,
    0x7, 0xff, 0xaf, 0xff, 0xeb, 0xff, 0xc1, 0xff,
    0xeb, 0xff, 0xfa, 0xff, 0xf0, 0x7f, 0xfa, 0xff,
    0xfe, 0xbf, 0xfc, 0x1f, 0xfe, 0xbf, 0xff, 0xaf,
    0xff, 0x7, 0xff, 0xaf, 0xff, 0xeb, 0xff, 0xc1,
    0xff, 0xeb, 0xff, 0xfa, 0xff, 0xf0, 0x7f, 0xfa,
    0xff, 0xfe, 0xbf, 0xfc, 0x1f, 0xfe, 0xbf, 0xff,
    0xaf, 0xff, 0x7, 0xff, 0xaf, 0xff, 0xeb, 0xff,
    0xc1, 0xff, 0xeb, 0xff, 0xfa, 0xff, 0xf0, 0x7f,
    0xfa, 0xff, 0xfe, 0xbf, 0xfc, 0x1f, 0xfe, 0xbf,
    0xff, 0xaf, 0xff, 0x7, 0xff, 0xaf, 0xff, 0xeb,
    0xff, 0xc1, 0xff, 0xeb, 0xff, 0xfa, 0xff, 0xf0,
    0x7f, 0xfa, 0xff, 0xfe, 0xbf, 0xfc, 0x1f, 0xfe,
    0xbf, 0xff, 0xaf, 0xff, 0x7, 0xff, 0xaf, 0xff,
    0xeb, 0xff, 0xc1, 0xff, 0xeb, 0xff, 0xfa, 0xff,
    0xf0, 0x7f, 0xfa, 0xff, 0xfe, 0xbf, 0xfc, 0x1f,
    0xfe, 0xbf, 0xff, 0xaf, 0xff, 0x7, 0xff, 0xaf,
    0xff, 0xeb, 0xff, 0xc1, 0xff, 0xeb, 0xff, 0xfa,
    0xff, 0xf0, 0x7f, 0xfa, 0xff, 0xfe, 0xbf, 0xfc,
    0x1f, 0xfe, 0xbf, 0xff, 0xaf, 0xff, 0x7, 0xff,
    0xaf, 0xff, 0xeb, 0xff, 0xc1, 0xff, 0xeb, 0xff,
    0xf9, 0xff, 0xf0, 0x7f, 0xfa, 0xff, 0xfc, 0x8f,
    0xff, 0x7, 0xff, 0xaf, 0xff, 0x90, 0x9f, 0xf8,
    0x3f, 0xfd, 0xbf, 0xf2, 0x1c, 0xff, 0x6, 0x6b,
    0xff, 0xca, 0x86, 0xbf, 0x21, 0xf3, 0xf0, 0x67,
    0xff, 0xfc, 0xe8, 0x6b, 0xc8, 0x7f, 0x30, 0x77,
    0xff, 0xfa, 0x50, 0xd2, 0x1f, 0xfc, 0x4f, 0xff,
    0xf5, 0xc1, 0xff, 0xc8, 0xff, 0xff, 0x6c, 0x1f,
    0xfc, 0x6f, 0xff, 0xf7, 0x87, 0xff, 0x19, 0xff,
    0xff, 0x68, 0x7f, 0xf2, 0x1f, 0xff, 0xf5, 0x87,
    0xff, 0x29, 0xff, 0xff, 0x48, 0x7f, 0xf3, 0x1f,
    0xff, 0xf3, 0x87, 0xff, 0x39, 0xff, 0xff, 0x28,
    0x7f, 0xf0, 0x80,

    /* U+0056 "V" */
    0xf, 0xff, 0xf8, 0x7d, 0x61, 0xff, 0xf3, 0xf0,
    0x7f, 0x5f, 0x7, 0xff, 0xc7, 0xf0, 0x7d, 0x7f,
    0x7, 0xff, 0xbf, 0xfc, 0x1d, 0x7f, 0xc1, 0xff,
    0xed, 0xff, 0xc1, 0x5f, 0xfc, 0x1f, 0xfe, 0xbb,
    0xff, 0x8b, 0xff, 0xc1, 0xff, 0xeb, 0xff, 0xf5,
    0x3f, 0xfc, 0x1f, 0xfe, 0xbf, 0xff, 0xaf, 0xff,
    0x7, 0xff, 0xaf, 0xff, 0xeb, 0xff, 0xc1, 0xff,
    0xeb, 0xff, 0xfa, 0xff, 0xf0, 0x7f, 0xfa, 0xff,
    0xfe, 0xbf, 0xfc, 0x1f, 0xfe, 0xbf, 0xff, 0xaf,
    0xff, 0x7, 0xff, 0xaf, 0xff, 0xeb, 0xff, 0xc1,
    0xff, 0xeb, 0xff, 0xfa, 0xff, 0xf0, 0x7f, 0xfa,
    0xff, 0xfe, 0xbf, 0xfc, 0x1f, 0xfe, 0xbf, 0xff,
    0xaf, 0xff, 0x7, 0xff, 0xaf, 0xff, 0xeb, 0xff,
    0xc1, 0xff, 0xeb, 0xff, 0xfa, 0xff, 0xf0, 0x7f,
    0xfa, 0xff, 0xfe, 0xbf, 0xfc, 0x1f, 0xfe, 0xbf,
    0xff, 0xaf, 0xff, 0x7, 0xff, 0xaf, 0xff, 0xeb,
    0xff, 0xc1, 0xff, 0xeb, 0xff, 0xfa, 0xff, 0xf0,
    0x7f, 0xfa, 0xff, 0xfe, 0xbf, 0xfc, 0x1f, 0xfe,
    0xbf, 0xff, 0xaf, 0xff, 0x7, 0xff, 0xaf, 0xff,
    0xeb, 0xff, 0xc1, 0xff, 0xeb, 0xff, 0xfa, 0xff,
    0xf0, 0x7f, 0xfa, 0xff, 0xfe, 0xbf, 0xfc, 0x1f,
    0xfe, 0xbf, 0xff, 0xaf, 0xff, 0x7, 0xff, 0xaf,
    0xff, 0xeb, 0xff, 0xc1, 0xff, 0xeb, 0xff, 0xfa,
    0xff, 0xf0, 0x7f, 0xfa, 0xff, 0xfe, 0xbf, 0xfc,
    0x1f, 0xfe, 0xbf, 0xff, 0xaf, 0xff, 0x7, 0xff,
    0xaf, 0xff, 0xeb, 0xff, 0xc1, 0xff, 0xeb, 0xff,
    0xfa, 0xff, 0xf0, 0x7f, 0xfa, 0xff, 0xfe, 0xbf,
    0xfc, 0x1f, 0xfe, 0xbf, 0xff, 0xaf, 0xff, 0x7,
    0xff, 0xaf, 0xff, 0xeb, 0xff, 0xc1, 0xff, 0xeb,
    0xff, 0xfa, 0xff, 0xf0, 0x7f, 0xfa, 0xff, 0xfe,
    0xbf, 0xfc, 0x1f, 0xfe, 0xbf, 0xff, 0xaf, 0xff,
    0x7, 0xff, 0xaf, 0xff, 0xeb, 0xff, 0xc1, 0xff,
    0xeb, 0xff, 0xfa, 0xff, 0xf0, 0x7f, 0xfa, 0xff,
    0xfe, 0xbf, 0xfc, 0x1f, 0xfe, 0xbf, 0xff, 0xaf,
    0xff, 0x7, 0xff, 0xaf, 0xff, 0xeb, 0xff, 0xc1,
    0xff, 0xeb, 0xff, 0xfa, 0xff, 0xf0, 0x7f, 0xfa,
    0xff, 0xfe, 0xbf, 0xfc, 0x1f, 0xfe, 0xbf, 0xff,
    0xaf, 0xff, 0x7, 0xff, 0xaf, 0xff, 0xeb, 0xff,
    0xc1, 0xff, 0xeb, 0xff, 0xfa, 0xff, 0xf0, 0x7f,
    0xfa, 0xff, 0xfe, 0xbf, 0xfc, 0x1f, 0xfe, 0xbf,
    0xff, 0xaf, 0xff, 0x7, 0xff, 0xaf, 0xff, 0xeb,
    0xff, 0xc1, 0xff, 0xeb, 0xff, 0xfa, 0xff, 0xf0,
    0x7f, 0xfa, 0xff, 0xfe, 0xbf, 0xfc, 0x1f, 0xfe,
    0xbf, 0xff, 0xaf, 0xff, 0x7, 0xff, 0xaf, 0xff,
    0xeb, 0xff, 0xc1, 0xff, 0xeb, 0xff, 0xf5, 0x3f,
    0xf8, 0x3f, 0xfd, 0x8f, 0xff, 0x17, 0xfe, 0xf,
    0xff, 0x73, 0xff, 0x2, 0xff, 0x83, 0xff, 0xe0,
    0xff, 0x5, 0x7f, 0x83, 0xff, 0xe4, 0xfc, 0x1a,
    0xfe, 0xf, 0xff, 0xa3, 0x87, 0xff, 0xfc, 0x3f,
    0xff, 0xe1, 0xfc, 0xd6, 0x43, 0xff, 0xd8, 0xd7,
    0x90, 0xfa, 0xfe, 0x83, 0xff, 0xd4, 0xff, 0xd0,
    0x7d, 0x7f, 0xa0, 0xff, 0xf4, 0x3f, 0xfa, 0xf,
    0xaf, 0xfa, 0xf, 0xff, 0x33, 0xff, 0xd0, 0x7d,
    0x7f, 0xe8, 0x3f, 0xfc, 0xbf, 0xfe, 0x83, 0xeb,
    0xff, 0xa0, 0xff, 0xf1, 0xff, 0xfd, 0x7, 0xd7,
    0xff, 0x83, 0xff, 0xc5, 0xff, 0xfc, 0x8, 0x3e,
    0xbf, 0xfc, 0x1f, 0xfe, 0x1f, 0xff, 0xe0, 0xc1,
    0xf5, 0xff, 0xe0, 0xff, 0xf0, 0x7f, 0xff, 0xa,
    0xf, 0xaf, 0xff, 0x7, 0xff, 0x7f, 0xff, 0xf8,
    0x68, 0x7d, 0x7f, 0xf8, 0x3f, 0xfb, 0xdf, 0xff,
    0xc3, 0x83, 0xf5, 0xff, 0xe0, 0xff, 0xee, 0xff,
    0xff, 0xe, 0xf, 0xeb, 0xff, 0xc1, 0xff, 0xdc,
    0xff, 0xfe, 0x1c, 0x1f, 0xeb, 0xff, 0xc1, 0xff,
    0xdb, 0xff, 0xfe, 0x1c, 0x1f, 0xf5, 0xff, 0xe0,
    0xff, 0xed, 0x7f, 0xff, 0xe, 0xf, 0xfe, 0x5,
    0xff, 0xe0, 0xff, 0xec, 0xff, 0xff, 0xe, 0xf,
    0xfe, 0xd, 0xff, 0xe0, 0xff, 0xec, 0x7f, 0xff,
    0xe, 0xf, 0xfe, 0x15, 0xff, 0xe0, 0xff, 0xeb,
    0xff, 0xff, 0xe, 0xf, 0xfe, 0x1d, 0xff, 0xe0,
    0xff, 0xeb, 0x7f, 0xff, 0xe, 0xf, 0xfe, 0x25,
    0xff, 0xe0, 0xff, 0xea, 0xdf, 0xff, 0xc2, 0x83,
    0xff, 0x8b, 0x7f, 0xf8, 0x3f, 0xfa, 0x97, 0xff,
    0xf0, 0xa0, 0xff, 0xe3, 0x5f, 0xfe, 0xf, 0xfe,
    0x9d, 0xff, 0xfc, 0x28, 0x3f, 0xf8, 0xf7, 0xff,
    0x83, 0xff, 0xa5, 0x7f, 0xff, 0xa, 0xf, 0xfe,
    0x45, 0xff, 0xe0, 0xff, 0xe8, 0xdf, 0xff, 0xc2,
    0x83, 0xff, 0x93, 0x7f, 0xf8, 0x3f, 0xfa, 0x17,
    0xff, 0xf0, 0xa0, 0xff, 0xe5, 0x5f, 0xfe, 0xf,
    0xfe, 0x7d, 0xff, 0xfc, 0x28, 0x3f, 0xf9, 0x77,
    0xff, 0x83, 0xff, 0x9d, 0x7f, 0xff, 0xa, 0xf,
    0xfe, 0x65, 0xff, 0xe0, 0xff, 0xe6, 0xdf, 0xff,
    0xc3, 0xf, 0xfe, 0x6d, 0xff, 0xe0, 0xff, 0xe6,
    0x5f, 0xff, 0xc3, 0xf, 0xfe, 0x75, 0xff, 0xe0,
    0xff, 0xe5, 0xbf, 0xff, 0xc3, 0xf, 0xfe, 0x7d,
    0xff, 0xe0, 0xff, 0xe5, 0x3f, 0xff, 0xc3, 0xf,
    0xfe, 0x85, 0xff, 0xe0, 0xff, 0xe4, 0xbf, 0xff,
    0xc3, 0xf, 0xfe, 0x8d, 0xff, 0xe0, 0xff, 0xe4,
    0x3f, 0xff, 0xc3, 0xf, 0xfe, 0x95, 0xff, 0xe0,
    0xff, 0xe3, 0xbf, 0xff, 0xc3, 0xf, 0xfe, 0x9d,
    0xff, 0xe0, 0xff, 0xe3, 0x3f, 0xff, 0xc3, 0xf,
    0xfe, 0xa5, 0xff, 0xe0, 0xff, 0xe2, 0xbf, 0xff,
    0xc3, 0xf, 0xfe, 0xad, 0xff, 0xe0, 0xff, 0xe2,
    0x3f, 0xff, 0xc3, 0xf, 0xfe, 0xb5, 0xff, 0xe0,
    0xff, 0xe1, 0xbf, 0xff, 0xc3, 0xf, 0xfe, 0xbd,
    0xff, 0xe0, 0xff, 0xe1, 0x3f, 0xff, 0xc3, 0xf,
    0xfe, 0xc5, 0xff, 0xe0, 0xff, 0xe1, 0x7f, 0xff,
    0xc, 0x3f, 0xfb, 0x37, 0xff, 0x83, 0xff, 0x83,
    0xff, 0xfc, 0x30, 0xff, 0xed, 0x5f, 0xfe, 0xf,
    0xfe, 0x7, 0xff, 0xf0, 0xc3, 0xff, 0xb7, 0x7f,
    0xf8, 0x3f, 0xef, 0xff, 0xe1, 0x87, 0xff, 0x72,
    0xff, 0xf0, 0x7f, 0xbf, 0xff, 0x86, 0x1f, 0xfd,
    0xdb, 0xff, 0xc1, 0xfd, 0xff, 0xfc, 0x30, 0xff,
    0xef, 0x5f, 0xfe, 0xf, 0xdf, 0xff, 0xc3, 0xf,
    0xfe, 0xfd, 0xff, 0xe0, 0xfb, 0xff, 0xf8, 0x61,
    0xff, 0xe0, 0xbf, 0xfc, 0x1e, 0xff, 0xfe, 0x18,
    0x7f, 0xf8, 0x6f, 0xff, 0x7, 0x7f, 0xff, 0xc,
    0x3f, 0xfc, 0x57, 0xff, 0x83, 0x7f, 0xff, 0xc,
    0x3f, 0xfc, 0x77, 0xff, 0x82, 0xff, 0xfe, 0x1a,
    0x1f, 0xfe, 0x3b, 0xff, 0xc1, 0x7f, 0xff, 0x9,
    0xf, 0xff, 0x25, 0xff, 0xe0, 0xbf, 0xff, 0x82,
    0x87, 0xff, 0x96, 0xff, 0xf0, 0x5f, 0xff, 0xc0,
    0x43, 0xff, 0xcd, 0x7f, 0xf8, 0x2f, 0xff, 0x90,
    0xff, 0xf3, 0xdf, 0xfe, 0xb, 0xff, 0xc8, 0x7f,
    0xfa, 0x2f, 0xff, 0x5, 0xff, 0xc8, 0x7f, 0xfa,
    0x5f, 0xff, 0x5, 0xff, 0x90, 0xff, 0xf5, 0xdf,
    0xfa, 0xf, 0xff, 0xc3, 0xfe, 0x83, 0xff, 0xf4,
    0xff, 0x7, 0xff, 0xf1, 0xf8, 0x3f, 0xff, 0xce,
    0x1f, 0xff, 0xf0, 0xff, 0xfe, 0x0,

    /* U+0057 "W" */
    0xf, 0xff, 0xf8, 0x7d, 0x61, 0xff, 0xf3, 0xe0,
    0xfe, 0xbe, 0xf, 0xff, 0x8f, 0xd0, 0x7d, 0x7f,
    0x7, 0xff, 0xbf, 0xfa, 0xe, 0xbf, 0xe0, 0xff,
    0xf6, 0xff, 0xd0, 0x57, 0xff, 0x7, 0xff, 0xaf,
    0xff, 0xa2, 0xff, 0xf0, 0x7f, 0xfa, 0xff, 0xfd,
    0x4f, 0xff, 0x7, 0xff, 0xaf, 0xff, 0xeb, 0xff,
    0xc1, 0xff, 0xeb, 0xff, 0xfa, 0xff, 0xf0, 0x7f,
    0xfa, 0xff, 0xfe, 0xbf, 0xfc, 0x1f, 0xfe, 0xbf,
    0xff, 0xaf, 0xff, 0x7, 0xff, 0xaf, 0xff, 0xeb,
    0xff, 0xc1, 0xff, 0xeb, 0xff, 0xfa, 0xff, 0xf0,
    0x7f, 0xfa, 0xff, 0xfe, 0xbf, 0xfc, 0x1f, 0xfe,
    0xbf, 0xff, 0xaf, 0xff, 0x7, 0xff, 0xaf, 0xff,
    0xeb, 0xff, 0xc1, 0xff, 0xeb, 0xff, 0xfa, 0xff,
    0xf0, 0x7f, 0xfa, 0xff, 0xfe, 0xbf, 0xfc, 0x1f,
    0xfe, 0xbf, 0xff, 0xaf, 0xff, 0x7, 0xff, 0xaf,
    0xff, 0xeb, 0xff, 0xc1, 0xff, 0xeb, 0xff, 0xfa,
    0xff, 0xf0, 0x7f, 0xfa, 0xff, 0xfe, 0xbf, 0xfc,
    0x1f, 0xfe, 0xbf, 0xff, 0xaf, 0xff, 0x7, 0xff,
    0xaf, 0xff, 0xeb, 0xff, 0xc1, 0xff, 0xeb, 0xff,
    0xfa, 0xff, 0xf0, 0x7f, 0xfa, 0xff, 0xfe, 0xbf,
    0xfc, 0x1f, 0xfe, 0xbf, 0xff, 0xaf, 0xff, 0x7,
    0xff, 0xaf, 0xff, 0xeb, 0xff, 0xc1, 0xff, 0xeb,
    0xff, 0xfa, 0xff, 0xf0, 0x7f, 0xfa, 0xff, 0xfe,
    0xbf, 0xfc, 0x1f, 0xfe, 0xbf, 0xff, 0xaf, 0xff,
    0x7, 0xff, 0xaf, 0xff, 0xeb, 0xff, 0xc1, 0xff,
    0xeb, 0xff, 0xfa, 0xff, 0xf0, 0x7f, 0xfa, 0xff,
    0xfe, 0xbf, 0xfc, 0x1f, 0xfe, 0xbf, 0xff, 0xaf,
    0xff, 0x7, 0xff, 0xaf, 0xff, 0xeb, 0xff, 0xc1,
    0xff, 0xeb, 0xff, 0xfa, 0xff, 0xf0, 0x7f, 0xfa,
    0xff, 0xfe, 0xbf, 0xfc, 0x1f, 0xfe, 0xbf, 0xff,
    0xaf, 0xff, 0x7, 0xff, 0xaf, 0xff, 0xeb, 0xff,
    0xc1, 0xff, 0xeb, 0xff, 0xfa, 0xff, 0xf0, 0x7f,
    0xfa, 0xff, 0xfe, 0xbf, 0xfc, 0x1f, 0xfe, 0xbf,
    0xff, 0xaf, 0xff, 0x7, 0xff, 0xaf, 0xff, 0xeb,
    0xff, 0xc1, 0xff, 0xeb, 0xff, 0xfa, 0xff, 0xf0,
    0x7f, 0xfa, 0xff, 0xfe, 0xbf, 0xfc, 0x1f, 0xfe,
    0xbf, 0xff, 0xaf, 0xff, 0x7, 0xff, 0xaf, 0xff,
    0xeb, 0xff, 0xc1, 0xff, 0xeb, 0xff, 0xfa, 0xff,
    0xf0, 0x7f, 0xfa, 0xff, 0xfe, 0xbf, 0xfc, 0x1f,
    0xfe, 0xbf, 0xff, 0xaf, 0xff, 0x7, 0xff, 0xaf,
    0xff, 0xeb, 0xff, 0xc1, 0xff, 0xeb, 0xff, 0xfa,
    0xff, 0xf0, 0x7f, 0xfa, 0xff, 0xfe, 0xbf, 0xfc,
    0x1f, 0xfe, 0xbf, 0xff, 0xaf, 0xff, 0x7, 0xff,
    0xaf, 0xff, 0xeb, 0xff, 0xc1, 0xff, 0xeb, 0xff,
    0xfa, 0xff, 0xf0, 0x7f, 0xfa, 0xff, 0xfe, 0xbf,
    0xf8, 0x3f, 0xfd, 0xbf, 0xfe, 0xbf, 0xf0, 0x7f,
    0xfb, 0xff, 0xfa, 0xff, 0x83, 0xff, 0xe3, 0xff,
    0xaf, 0xf0, 0x7f, 0xfc, 0xff, 0xeb, 0xf8, 0x3f,
    0xfe, 0xbf, 0xe0, 0xff, 0xff, 0x87, 0xff, 0xfc,
    0x33, 0x59, 0xf, 0xff, 0xab, 0x59, 0xbf, 0xa0,
    0xff, 0xf9, 0xbf, 0xeb, 0xfd, 0x7, 0xff, 0xc5,
    0xff, 0xaf, 0xfa, 0xf, 0xff, 0x7b, 0xff, 0xaf,
    0xfd, 0x7, 0xff, 0xb5, 0xff, 0xeb, 0xff, 0xa0,
    0xff, 0xf5, 0xbf, 0xfe, 0xbf, 0xfc, 0x1f, 0xfe,
    0xbf, 0xff, 0xaf, 0xff, 0x7, 0xff, 0xaf, 0xff,
    0xeb, 0xff, 0xc1, 0xff, 0xeb, 0xff, 0xfa, 0xff,
    0xf0, 0x7f, 0xfa, 0xff, 0xfe, 0xbf, 0xfc, 0x1f,
    0xfe, 0xbf, 0xff, 0xaf, 0xff, 0x7, 0xff, 0xaf,
    0xff, 0xeb, 0xff, 0xc1, 0xff, 0xeb, 0xff, 0xfa,
    0xff, 0xf0, 0x7f, 0xfa, 0xff, 0xfe, 0xbf, 0xfc,
    0x1f, 0xfe, 0xbf, 0xff, 0xaf, 0xff, 0x7, 0xff,
    0xaf, 0xff, 0xeb, 0xff, 0xc1, 0xff, 0xeb, 0xff,
    0xfa, 0xff, 0xf0, 0x7f, 0xf3, 0xe0, 0xff, 0xe7,
    0xff, 0xfd, 0x7f, 0xf8, 0x3f, 0xf9, 0xdf, 0x7,
    0xff, 0x3b, 0xff, 0xeb, 0xff, 0xc1, 0xff, 0xcd,
    0xfe, 0xf, 0xfe, 0x6f, 0xff, 0xd7, 0xff, 0x83,
    0xff, 0x99, 0xff, 0x21, 0xff, 0xcb, 0xff, 0xfa,
    0xff, 0xf0, 0x7f, 0xf2, 0x9f, 0xfe, 0x43, 0xff,
    0x95, 0xff, 0xf5, 0xff, 0xe0, 0xff, 0xe5, 0x7f,
    0xfc, 0x1f, 0xfc, 0xaf, 0xff, 0xaf, 0xff, 0x7,
    0xff, 0x2b, 0xff, 0xe0, 0xff, 0xe5, 0x7f, 0xfd,
    0x7f, 0xf8, 0x3f, 0xf9, 0x5f, 0xff, 0x7, 0xff,
    0x2b, 0xff, 0xeb, 0xff, 0xc1, 0xff, 0xca, 0xff,
    0xf8, 0x3f, 0xf9, 0x5f, 0xff, 0x5f, 0xfe, 0xf,
    0xfe, 0x57, 0xff, 0xc1, 0xff, 0xca, 0xff, 0xfa,
    0xff, 0xf0, 0x7f, 0xf2, 0xbf, 0xfe, 0xf, 0xfe,
    0x57, 0xff, 0xd7, 0xff, 0x83, 0xff, 0x95, 0xff,
    0xf0, 0x7f, 0xf2, 0xbf, 0xfe, 0xbf, 0xfc, 0x1f,
    0xfc, 0xaf, 0xff, 0x83, 0xff, 0x95, 0xff, 0xf5,
    0xff, 0xe0, 0xff, 0xe5, 0x7f, 0xfc, 0x1f, 0xfc,
    0xaf, 0xff, 0xaf, 0xff, 0x7, 0xff, 0x2b, 0xff,
    0xe0, 0xff, 0xe5, 0x7f, 0xfd, 0x7f, 0xf8, 0x3f,
    0xf9, 0x5f, 0xff, 0x7, 0xff, 0x2b, 0xff, 0xeb,
    0xff, 0xc1, 0xff, 0xca, 0xff, 0xf8, 0x3f, 0xf9,
    0x5f, 0xff, 0x5f, 0xfe, 0xf, 0xfe, 0x57, 0xff,
    0xc1, 0xff, 0xca, 0xff, 0xfa, 0xff, 0xf0, 0x7f,
    0xf2, 0xbf, 0xfe, 0xf, 0xfe, 0x57, 0xff, 0xd7,
    0xff, 0x83, 0xff, 0x95, 0xff, 0xf0, 0x7f, 0xf2,
    0xbf, 0xfe, 0xbf, 0xfc, 0x1f, 0xfc, 0xaf, 0xff,
    0x83, 0xff, 0x95, 0xff, 0xf5, 0xff, 0xe0, 0xff,
    0xe5, 0x7f, 0xfc, 0x1f, 0xfc, 0xaf, 0xff, 0xaf,
    0xff, 0x7, 0xff, 0x2b, 0xff, 0xe0, 0xff, 0xe5,
    0x7f, 0xfd, 0x7f, 0xf8, 0x3f, 0xf9, 0x5f, 0xff,
    0x7, 0xff, 0x2b, 0xff, 0xeb, 0xff, 0xc1, 0xff,
    0xca, 0xff, 0xf8, 0x3f, 0xf9, 0x5f, 0xff, 0x5f,
    0xfe, 0xf, 0xfe, 0x57, 0xff, 0xc1, 0xff, 0xca,
    0xff, 0xfa, 0xff, 0xf0, 0x7f, 0xf2, 0xbf, 0xfe,
    0xf, 0xfe, 0x57, 0xff, 0xd7, 0xff, 0x83, 0xff,
    0x95, 0xff, 0xf0, 0x7f, 0xf2, 0xbf, 0xfe, 0xbf,
    0xfc, 0x1f, 0xfc, 0xaf, 0xff, 0x83, 0xff, 0x95,
    0xff, 0xf5, 0xff, 0xe0, 0xff, 0xe5, 0x7f, 0xfc,
    0x1f, 0xfc, 0xaf, 0xff, 0xaf, 0xff, 0x7, 0xff,
    0x2b, 0xff, 0xe0, 0xff, 0xe5, 0x7f, 0xfd, 0x7f,
    0xf8, 0x3f, 0xf9, 0x5f, 0xff, 0x7, 0xff, 0x2b,
    0xff, 0xe7, 0xff, 0xc1, 0xff, 0xeb, 0xff, 0xf2,
    0x3f, 0xfc, 0x1f, 0xfe, 0xbf, 0xfe, 0x42, 0x7f,
    0xe0, 0xff, 0xf6, 0xff, 0xc8, 0x73, 0xfc, 0x19,
    0xaf, 0xff, 0x2a, 0x1b, 0xf9, 0xf, 0x9f, 0x83,
    0x3f, 0xff, 0xe7, 0x43, 0x5e, 0x43, 0xf9, 0x83,
    0xbf, 0xff, 0xd2, 0x86, 0x90, 0xff, 0xe2, 0x7f,
    0xff, 0xae, 0xf, 0xfe, 0x47, 0xff, 0xfb, 0x60,
    0xff, 0xe3, 0x7f, 0xff, 0xbc, 0x3f, 0xf8, 0xcf,
    0xff, 0xfb, 0x43, 0xff, 0x90, 0xff, 0xff, 0xac,
    0x3f, 0xf9, 0x4f, 0xff, 0xfa, 0x43, 0xff, 0x98,
    0xff, 0xff, 0x9c, 0x3f, 0xf9, 0xcf, 0xff, 0xf9,
    0x43, 0xff, 0x84,

    /* U+0058 "X" */
    0x7f, 0xe8, 0x3f, 0xfd, 0xcf, 0xfd, 0x3f, 0xf8,
    0x3f, 0xfd, 0xdf, 0xfa, 0x7f, 0xf4, 0x1f, 0xfe,
    0xc7, 0xff, 0x4f, 0xff, 0x7, 0xff, 0xb3, 0xff,
    0xa7, 0xff, 0xa0, 0xff, 0xf5, 0x3f, 0xfd, 0x3f,
    0xfe, 0xf, 0xff, 0x57, 0xff, 0xa7, 0xff, 0xd0,
    0x7f, 0xfa, 0x2f, 0xff, 0x47, 0xff, 0xc1, 0xff,
    0xe8, 0xff, 0xf9, 0x3f, 0xfe, 0x83, 0xff, 0xcd,
    0x7f, 0xfc, 0x7, 0xff, 0xe4, 0x3f, 0xfc, 0xbf,
    0xff, 0x21, 0x7f, 0xff, 0x0, 0x3f, 0xfc, 0x97,
    0xff, 0xc1, 0x9f, 0xff, 0x90, 0xff, 0xf1, 0x3f,
    0xff, 0x21, 0xd7, 0xff, 0xc1, 0xff, 0xe2, 0xff,
    0xfe, 0x0, 0x7d, 0xff, 0xf2, 0x1f, 0xfe, 0x7,
    0xff, 0xe4, 0x3e, 0xbf, 0xfe, 0xf, 0xff, 0x7,
    0xff, 0xd0, 0x7f, 0x7f, 0xfc, 0x87, 0xff, 0x79,
    0xff, 0xf8, 0x3f, 0xd7, 0xff, 0xc1, 0xff, 0xde,
    0xff, 0xfa, 0xf, 0xfb, 0xff, 0xe4, 0x3f, 0xfb,
    0x97, 0xff, 0xc1, 0xff, 0xc0, 0xbf, 0xfe, 0xf,
    0xfe, 0xe7, 0xff, 0xd0, 0x7f, 0xf0, 0x7f, 0xfe,
    0x83, 0xff, 0xb5, 0x7f, 0xfc, 0x1f, 0xfc, 0x2b,
    0xff, 0xe0, 0xff, 0xed, 0x7f, 0xfc, 0x87, 0xff,
    0xf, 0xff, 0xe8, 0x3f, 0xfb, 0x17, 0xff, 0xc1,
    0xff, 0xc4, 0xbf, 0xfe, 0xf, 0xfe, 0xbb, 0xff,
    0xf2, 0x1f, 0xfc, 0x5f, 0xff, 0xa0, 0xff, 0xeb,
    0x7f, 0xff, 0x0, 0x3f, 0xf8, 0xcf, 0xff, 0xc1,
    0xff, 0xd5, 0x7f, 0xfe, 0x43, 0xff, 0x8f, 0xff,
    0xf4, 0x1f, 0xfd, 0x4f, 0xff, 0xe0, 0x7, 0xff,
    0x21, 0xff, 0xf8, 0x3f, 0xfa, 0x6f, 0xff, 0xc1,
    0xff, 0xca, 0xff, 0xfa, 0xf, 0xfe, 0x97, 0xff,
    0xd0, 0x7f, 0xf2, 0x9f, 0xff, 0x83, 0xff, 0xa3,
    0x7f, 0xfc, 0x1f, 0xfc, 0xcf, 0xff, 0xe0, 0x7,
    0xff, 0x43, 0xff, 0xe8, 0x3f, 0xf9, 0x8f, 0xff,
    0xc8, 0x7f, 0xf3, 0xaf, 0xff, 0x83, 0xff, 0x9d,
    0xff, 0xfc, 0x0, 0xff, 0xe7, 0x7f, 0xfd, 0x7,
    0xff, 0x39, 0xff, 0xf9, 0xf, 0xfe, 0x65, 0xff,
    0xf0, 0x7f, 0xf4, 0x3f, 0xff, 0x80, 0x1f, 0xfc,
    0xcf, 0xff, 0x90, 0xff, 0xe8, 0x3f, 0xff, 0x21,
    0xff, 0xca, 0xff, 0xfe, 0x0, 0x7f, 0xf4, 0xbf,
    0xff, 0x80, 0x1f, 0xfc, 0x97, 0xff, 0xe4, 0x3f,
    0xfa, 0x7f, 0xff, 0x21, 0xff, 0xc8, 0xff, 0xfe,
    0x0, 0x7f, 0xf5, 0x2f, 0xff, 0x83, 0xff, 0x8e,
    0xff, 0xfc, 0x87, 0xff, 0x57, 0xff, 0xe4, 0x3f,
    0xf8, 0xdf, 0xff, 0xc0, 0xf, 0xfe, 0xb5, 0xff,
    0xf0, 0x7f, 0xf1, 0x6f, 0xff, 0x83, 0xff, 0xb1,
    0xff, 0xf4, 0x1f, 0xfc, 0x4f, 0xff, 0xa0, 0xff,
    0xec, 0x5f, 0xff, 0x7, 0xff, 0xe, 0xff, 0xf8,
    0x3f, 0xfb, 0x5f, 0xff, 0x41, 0xff, 0xc2, 0xff,
    0xfa, 0xf, 0xfe, 0xd5, 0xff, 0xf0, 0x7f, 0xf0,
    0x6f, 0xff, 0x83, 0xff, 0xb9, 0xff, 0xf4, 0x1f,
    0xfc, 0xf, 0xff, 0xa0, 0xff, 0xee, 0x5f, 0xff,
    0x7, 0xfd, 0xff, 0xfc, 0x0, 0xff, 0xef, 0x7f,
    0xfd, 0x7, 0xf3, 0xff, 0xf2, 0x1f, 0xfd, 0xeb,
    0xff, 0xe0, 0xfe, 0xff, 0xfe, 0x0, 0x7f, 0xf8,
    0x3f, 0xfe, 0x83, 0xe7, 0xff, 0xe4, 0x3f, 0xfc,
    0xf, 0xff, 0xc1, 0xf7, 0xff, 0xf0, 0x3, 0xff,
    0xc5, 0xff, 0xfc, 0x0, 0xe7, 0xff, 0xe4, 0x3f,
    0xfc, 0x4f, 0xff, 0xc8, 0x6f, 0xff, 0xe0, 0x7,
    0xff, 0x93, 0xff, 0xf8, 0x1, 0x5f, 0xff, 0x7,
    0xff, 0x95, 0xff, 0xf9, 0x7, 0xff, 0xd0, 0x7f,
    0xf9, 0xbf, 0xfe, 0x87, 0xff, 0xe0, 0xff, 0xf3,
    0xbf, 0xfe, 0x87, 0xff, 0xd0, 0x7f, 0xfa, 0x3f,
    0xfd, 0xf, 0xff, 0x83, 0xff, 0xd2, 0xff, 0xf4,
    0x3f, 0xfd, 0x7, 0xff, 0xab, 0xff, 0xa1, 0xff,
    0xe0, 0xff, 0xf5, 0xbf, 0xfa, 0x1f, 0xfc, 0x87,
    0xff, 0xb3, 0xff, 0x43, 0xff, 0x83, 0xff, 0xdd,
    0x5f, 0x20, 0xaf, 0x90, 0xff, 0xff, 0x87, 0xff,
    0xbe, 0xbe, 0x41, 0x5f, 0x7, 0xff, 0xba, 0xff,
    0xa1, 0xff, 0xc1, 0xff, 0xed, 0xff, 0xd0, 0xff,
    0xe4, 0x3f, 0xfd, 0x77, 0xfe, 0x87, 0xff, 0x83,
    0xff, 0xd7, 0xff, 0xd0, 0xff, 0xf2, 0x1f, 0xfe,
    0x9b, 0xff, 0xa1, 0xff, 0xf0, 0x7f, 0xfa, 0x7f,
    0xfd, 0xf, 0xff, 0x90, 0xff, 0xf3, 0xdf, 0xfe,
    0x87, 0xff, 0xe0, 0xff, 0xf3, 0xff, 0xfc, 0x83,
    0xff, 0xe4, 0x3f, 0xfc, 0xb7, 0xff, 0xc1, 0x5f,
    0xff, 0x7, 0xff, 0x97, 0xff, 0xe4, 0x37, 0xff,
    0xd0, 0x7f, 0xf8, 0xef, 0xff, 0x83, 0xaf, 0xff,
    0x83, 0xff, 0xc7, 0xff, 0xf2, 0x1e, 0xff, 0xfa,
    0xf, 0xff, 0xd, 0xff, 0xf0, 0x7d, 0x7f, 0xfc,
    0x1f, 0xfe, 0x1f, 0xff, 0x90, 0xfd, 0xff, 0xf4,
    0x1f, 0xfd, 0xfb, 0xff, 0xe0, 0xfe, 0x7f, 0xfe,
    0xf, 0xfe, 0xff, 0xff, 0xc8, 0x7f, 0xbf, 0xfe,
    0x83, 0xff, 0xbb, 0x7f, 0xfc, 0x1f, 0xf3, 0xff,
    0xf0, 0x7f, 0xf7, 0x7f, 0xfe, 0x43, 0xff, 0x81,
    0xff, 0xf4, 0x1f, 0xfd, 0xbb, 0xff, 0xe0, 0xff,
    0xe0, 0xbf, 0xff, 0x21, 0xff, 0xda, 0xff, 0xf9,
    0xf, 0xfe, 0x17, 0xff, 0xf0, 0x3, 0xff, 0xb3,
    0x7f, 0xfc, 0x1f, 0xfc, 0x37, 0xff, 0xe4, 0x3f,
    0xfb, 0x1f, 0xff, 0x21, 0xff, 0xc4, 0xff, 0xfe,
    0x0, 0x7f, 0xf5, 0xef, 0xff, 0x83, 0xff, 0x8a,
    0xff, 0xfc, 0x87, 0xff, 0x5b, 0xff, 0xe4, 0x3f,
    0xf8, 0xdf, 0xff, 0xc0, 0xf, 0xfe, 0xaf, 0xff,
    0xf0, 0x3, 0xff, 0x91, 0xff, 0xf2, 0x1f, 0xfd,
    0x37, 0xff, 0xe4, 0x3f, 0xf9, 0x17, 0xff, 0xc1,
    0xff, 0xd3, 0xff, 0xfe, 0x0, 0x7f, 0xf2, 0xbf,
    0xfe, 0x43, 0xff, 0xa2, 0xff, 0xfc, 0x87, 0xff,
    0x2a, 0xff, 0xf8, 0x3f, 0xfa, 0x3f, 0xff, 0xc0,
    0xf, 0xfe, 0x67, 0xff, 0xd0, 0x7f, 0xf3, 0xdf,
    0xff, 0x90, 0xff, 0xe6, 0x5f, 0xff, 0x7, 0xff,
    0x3f, 0xff, 0xe8, 0x3f, 0xf9, 0xdf, 0xff, 0x41,
    0xff, 0xcd, 0x7f, 0xfe, 0xf, 0xfe, 0x7d, 0xff,
    0xf0, 0x7f, 0xf3, 0x7f, 0xfe, 0x83, 0xff, 0xa1,
    0xff, 0xf4, 0x1f, 0xfc, 0xb7, 0xff, 0xe0, 0xff,
    0xe8, 0xdf, 0xff, 0x7, 0xff, 0x2f, 0xff, 0xe8,
    0x3f, 0xfa, 0x5f, 0xff, 0x41, 0xff, 0xc9, 0x7f,
    0xfe, 0xf, 0xfe, 0x9b, 0xff, 0xf0, 0x7f, 0xf2,
    0x7f, 0xfe, 0x83, 0xff, 0xa9, 0xff, 0xf4, 0x1f,
    0xfc, 0x77, 0xff, 0xe0, 0xff, 0xea, 0xbf, 0xff,
    0x7, 0xff, 0x1f, 0xff, 0xe8, 0x3f, 0xfa, 0xdf,
    0xff, 0xc0, 0xf, 0xfe, 0x2b, 0xff, 0xf0, 0x7f,
    0xf5, 0xdf, 0xff, 0x90, 0xff, 0xe2, 0x7f, 0xfd,
    0x7, 0xff, 0x63, 0xff, 0xf8, 0x1, 0xff, 0xc3,
    0x7f, 0xfe, 0xf, 0xfe, 0xcb, 0xff, 0xf2, 0x1f,
    0xfc, 0x2f, 0xff, 0xa0, 0xff, 0xed, 0x7f, 0xff,
    0x0, 0x3f, 0xf8, 0x2f, 0xff, 0xc1, 0xff, 0xdb,
    0x7f, 0xfe, 0x43, 0xff, 0x81, 0xff, 0xf4, 0x1f,
    0xfd, 0xcf, 0xff, 0xe0, 0x7, 0xfc, 0xff, 0xfc,
    0x1f, 0xfd, 0xef, 0xff, 0x90, 0xff, 0x7f, 0xfd,
    0x7, 0xff, 0x7a, 0xff, 0xf8, 0x3f, 0x9f, 0xff,
    0x83, 0xff, 0xc1, 0xff, 0xf2, 0x1f, 0xbf, 0xfe,
    0x83, 0xff, 0xc1, 0x7f, 0xfc, 0x1f, 0x3f, 0xff,
    0x7, 0xff, 0x8b, 0xff, 0xe8, 0x3d, 0xff, 0xf4,
    0x1f, 0xfe, 0x2b, 0xff, 0xe0, 0xe7, 0xff, 0xe0,
    0xff, 0xf2, 0x7f, 0xfd, 0x6, 0xff, 0xfa, 0xf,
    0xff, 0x25, 0xff, 0xf0, 0x4f, 0xff, 0xc1, 0xff,
    0xe6, 0xff, 0xfa, 0x7, 0xff, 0xd0, 0x7f, 0xf9,
    0xaf, 0xff, 0x81, 0xff, 0xf0, 0x7f, 0xfa, 0x3f,
    0xfe, 0x9f, 0xff, 0x41, 0xff, 0xe8, 0x7f, 0xfe,
    0x7f, 0xfc, 0x1f, 0xfe, 0xaf, 0xff, 0x9f, 0xfe,
    0x83, 0xff, 0xd4, 0xff, 0xf9, 0xff, 0xe0, 0xff,
    0xf6, 0x7f, 0xf9, 0xff, 0xd0, 0x7f, 0xfb, 0x1f,
    0xfe, 0x7f, 0xf0, 0x7f, 0xfb, 0xbf, 0xf9, 0xff,
    0xa0, 0xff, 0xf7, 0x3f, 0xf8,

    /* U+0059 "Y" */
    0xf, 0xff, 0xf8, 0x7d, 0x61, 0xff, 0xf3, 0xe0,
    0xfe, 0xbe, 0xf, 0xff, 0x8f, 0xd0, 0x7d, 0x7f,
    0x7, 0xff, 0xbf, 0xfa, 0xe, 0xbf, 0xe0, 0xff,
    0xf6, 0xff, 0xd0, 0x5f, 0xfe, 0xf, 0xff, 0x5f,
    0xff, 0x45, 0xff, 0xe0, 0xff, 0xf5, 0xff, 0xfa,
    0x9f, 0xfe, 0xf, 0xff, 0x5f, 0xff, 0xd7, 0xff,
    0x83, 0xff, 0xd7, 0xff, 0xf5, 0xff, 0xe0, 0xff,
    0xf5, 0xff, 0xfd, 0x7f, 0xf8, 0x3f, 0xfd, 0x7f,
    0xff, 0x5f, 0xfe, 0xf, 0xff, 0x5f, 0xff, 0xd7,
    0xff, 0x83, 0xff, 0xd7, 0xff, 0xf5, 0xff, 0xe0,
    0xff, 0xf5, 0xff, 0xfd, 0x7f, 0xf8, 0x3f, 0xfd,
    0x7f, 0xff, 0x5f, 0xfe, 0xf, 0xff, 0x5f, 0xff,
    0xd7, 0xff, 0x83, 0xff, 0xd7, 0xff, 0xf5, 0xff,
    0xe0, 0xff, 0xf5, 0xff, 0xfd, 0x7f, 0xf8, 0x3f,
    0xfd, 0x7f, 0xff, 0x5f, 0xfe, 0xf, 0xff, 0x5f,
    0xff, 0xd7, 0xff, 0x83, 0xff, 0xd7, 0xff, 0xf5,
    0xff, 0xe0, 0xff, 0xf5, 0xff, 0xfd, 0x7f, 0xf8,
    0x3f, 0xfd, 0x7f, 0xff, 0x5f, 0xfe, 0xf, 0xff,
    0x5f, 0xff, 0xd7, 0xff, 0x83, 0xff, 0xd7, 0xff,
    0xf5, 0xff, 0xe0, 0xff, 0xf5, 0xff, 0xfd, 0x7f,
    0xf8, 0x3f, 0xfd, 0x7f, 0xff, 0x5f, 0xfe, 0xf,
    0xff, 0x5f, 0xff, 0xd7, 0xff, 0x83, 0xff, 0xd7,
    0xff, 0xf5, 0xff, 0xe0, 0xff, 0xf5, 0xff, 0xfd,
    0x7f, 0xf8, 0x3f, 0xfd, 0x7f, 0xff, 0x5f, 0xfe,
    0xf, 0xff, 0x5f, 0xff, 0xd7, 0xff, 0x83, 0xff,
    0xd7, 0xff, 0xf5, 0xff, 0xe0, 0xff, 0xf5, 0xff,
    0xfd, 0x7f, 0xf8, 0x3f, 0xfd, 0x7f, 0xff, 0x5f,
    0xfe, 0xf, 0xff, 0x5f, 0xff, 0xd7, 0xff, 0x83,
    0xff, 0xd7, 0xff, 0xf5, 0xff, 0xe0, 0xff, 0xf5,
    0xff, 0xfd, 0x7f, 0xf8, 0x3f, 0xfd, 0x7f, 0xff,
    0x5f, 0xfe, 0xf, 0xff, 0x5f, 0xff, 0xd7, 0xff,
    0x83, 0xff, 0xd7, 0xff, 0xf5, 0xff, 0xe0, 0xff,
    0xf5, 0xff, 0xfd, 0x7f, 0xf8, 0x3f, 0xfd, 0x7f,
    0xff, 0x5f, 0xfe, 0xf, 0xff, 0x5f, 0xff, 0xd7,
    0xff, 0x83, 0xff, 0xd7, 0xff, 0xf5, 0xff, 0xe0,
    0xff, 0xf5, 0xff, 0xfd, 0x7f, 0xf8, 0x3f, 0xfd,
    0x7f, 0xff, 0x5f, 0xfe, 0xf, 0xff, 0x5f, 0xff,
    0xd7, 0xff, 0x83, 0xff, 0xd7, 0xff, 0xf5, 0xff,
    0xe0, 0xff, 0xf5, 0xff, 0xfd, 0x7f, 0xf8, 0x3f,
    0xfd, 0x7f, 0xff, 0x5f, 0xfe, 0xf, 0xff, 0x5f,
    0xff, 0xd7, 0xff, 0x83, 0xff, 0xd7, 0xff, 0xf5,
    0xff, 0xe0, 0xff, 0xf5, 0xff, 0xfd, 0x7f, 0xf8,
    0x3f, 0xfd, 0x7f, 0xff, 0x5f, 0xfe, 0xf, 0xff,
    0x5f, 0xff, 0xd7, 0xff, 0x83, 0xff, 0xd7, 0xff,
    0xf5, 0xff, 0xe0, 0xff, 0xf5, 0xff, 0xfc, 0x5f,
    0xf8, 0x3f, 0xfd, 0xbf, 0xfe, 0x5, 0xfe, 0xd,
    0x7f, 0xff, 0x96, 0xd, 0xff, 0xc1, 0x7f, 0x6,
    0xbf, 0xff, 0xcf, 0x6, 0xff, 0xc1, 0xbe, 0xd,
    0x7f, 0xff, 0xa6, 0xd, 0xff, 0x7, 0x41, 0xaf,
    0xff, 0xf5, 0xc1, 0xbf, 0xa0, 0xfe, 0xbf, 0xff,
    0xdb, 0x7, 0xff, 0x1b, 0xff, 0xfd, 0xe8, 0x7f,
    0xf1, 0x5f, 0xff, 0xf6, 0xa1, 0x97, 0x83, 0xfc,
    0xff, 0xff, 0xad, 0x9, 0xff, 0x7, 0xfc, 0xff,
    0xff, 0xa5, 0x9, 0xff, 0x83, 0xff, 0x80, 0xff,
    0xff, 0x9d, 0x9, 0xff, 0xc1, 0xff, 0xc1, 0x6b,
    0xff, 0xca, 0x84, 0xff, 0xf0, 0x7f, 0xfd, 0x9f,
    0xff, 0x7, 0xff, 0xdb, 0xff, 0xe0, 0xff, 0xfb,
    0x7f, 0xfc, 0x1f, 0xff, 0x6f, 0xff, 0x83, 0xff,
    0xed, 0xff, 0xf0, 0x7f, 0xfd, 0xbf, 0xfe, 0xf,
    0xff, 0xb7, 0xff, 0xc1, 0xff, 0xf6, 0xff, 0xf8,
    0x3f, 0xfe, 0xdf, 0xff, 0x7, 0xff, 0xdb, 0xff,
    0xe0, 0xff, 0xfb, 0x7f, 0xfc, 0x1f, 0xff, 0x6f,
    0xff, 0x83, 0xff, 0xed, 0xff, 0xf0, 0x7f, 0xfd,
    0xbf, 0xfe, 0xf, 0xff, 0xb7, 0xff, 0xc1, 0xff,
    0xf6, 0xff, 0xf8, 0x3f, 0xfe, 0xdf, 0xff, 0x7,
    0xff, 0xdb, 0xff, 0xe0, 0xff, 0xfb, 0x7f, 0xfc,
    0x1f, 0xff, 0x6f, 0xff, 0x83, 0xff, 0xed, 0xff,
    0xf0, 0x7f, 0xfd, 0xbf, 0xfe, 0xf, 0xff, 0xb7,
    0xff, 0xc1, 0xff, 0xf6, 0xff, 0xf8, 0x3f, 0xfe,
    0xdf, 0xff, 0x7, 0xff, 0xdb, 0xff, 0xe0, 0xff,
    0xfb, 0x7f, 0xfc, 0x1f, 0xff, 0x6f, 0xff, 0x83,
    0xff, 0xed, 0xff, 0xf0, 0x7f, 0xfd, 0xbf, 0xfe,
    0xf, 0xff, 0xb7, 0xff, 0xc1, 0xff, 0xf6, 0xff,
    0xf8, 0x3f, 0xfe, 0xdf, 0xff, 0x7, 0xff, 0xdb,
    0xff, 0xe0, 0xff, 0xfb, 0x7f, 0xfc, 0x1f, 0xff,
    0x6f, 0xff, 0x83, 0xff, 0xed, 0xff, 0xf0, 0x7f,
    0xfd, 0xbf, 0xfe, 0xf, 0xff, 0xb7, 0xff, 0xc1,
    0xff, 0xf6, 0xff, 0xf8, 0x3f, 0xfe, 0xdf, 0xff,
    0x7, 0xff, 0xdb, 0xff, 0xe0, 0xff, 0xfb, 0x7f,
    0xfc, 0x1f, 0xff, 0x6f, 0xff, 0x83, 0xff, 0xed,
    0xff, 0xe4, 0x3f, 0xfe, 0xdf, 0xfc, 0x87, 0xff,
    0xe3, 0xfe, 0x43, 0xff, 0x86, 0xd7, 0xff, 0x95,
    0xd, 0xfc, 0x87, 0xff, 0xd, 0xff, 0xff, 0x3a,
    0x1a, 0xf2, 0x1f, 0xfc, 0x4f, 0xff, 0xf4, 0xa1,
    0xa4, 0x3f, 0xf8, 0x9f, 0xff, 0xeb, 0x83, 0xff,
    0x91, 0xff, 0xfe, 0xd8, 0x3f, 0xf8, 0xdf, 0xff,
    0xef, 0xf, 0xfe, 0x33, 0xff, 0xfe, 0xd0, 0xff,
    0xe4, 0x3f, 0xff, 0xeb, 0xf, 0xfe, 0x53, 0xff,
    0xfe, 0x90, 0xff, 0xe6, 0x3f, 0xff, 0xe7, 0xf,
    0xfe, 0x73, 0xff, 0xfe, 0x50, 0xff, 0xe1, 0x0,

    /* U+005A "Z" */
    0xe, 0x7f, 0xff, 0xeb, 0x7, 0xf3, 0xff, 0xff,
    0x78, 0x3e, 0x7f, 0xff, 0xf3, 0x7, 0x3f, 0xff,
    0xfb, 0x82, 0x7f, 0xff, 0xfb, 0x3, 0xff, 0xff,
    0xe8, 0xff, 0xff, 0xf8, 0x2b, 0xff, 0xff, 0x81,
    0xd7, 0xff, 0xfe, 0x83, 0xeb, 0xff, 0xfe, 0xf0,
    0x7f, 0x35, 0xff, 0xf6, 0xf, 0xff, 0xf8, 0x7f,
    0xff, 0xc3, 0xff, 0xfb, 0x7f, 0xa0, 0xff, 0xfc,
    0x3f, 0xf4, 0x1f, 0xff, 0x8f, 0xfd, 0x7, 0xff,
    0xde, 0xff, 0xd0, 0x7f, 0xfd, 0xff, 0xfa, 0xf,
    0xff, 0xb7, 0xff, 0xa0, 0xff, 0xfa, 0xbf, 0xfe,
    0x83, 0xff, 0xeb, 0xff, 0xf0, 0x7f, 0xfd, 0x6f,
    0xff, 0x21, 0xff, 0xf4, 0x7f, 0xfe, 0xf, 0xff,
    0xaf, 0xff, 0xc1, 0xff, 0xf5, 0xbf, 0xfd, 0x7,
    0xff, 0xd1, 0xff, 0xf8, 0x3f, 0xfe, 0xbf, 0xff,
    0x21, 0xff, 0xf4, 0xbf, 0xfe, 0xf, 0xff, 0xaf,
    0xff, 0xc1, 0xff, 0xf5, 0xff, 0xfa, 0xf, 0xff,
    0xa3, 0xff, 0xf0, 0x7f, 0xfd, 0x7f, 0xfe, 0x43,
    0xff, 0xe9, 0x7f, 0xfc, 0x1f, 0xff, 0x47, 0xff,
    0xe0, 0xff, 0xfa, 0xff, 0xfd, 0x7, 0xff, 0xd2,
    0xff, 0xf8, 0x3f, 0xfe, 0x8f, 0xff, 0xc8, 0x7f,
    0xfd, 0x3f, 0xff, 0x80, 0x1f, 0xff, 0x4b, 0xff,
    0xe0, 0xff, 0xfa, 0xff, 0xfd, 0x7, 0xff, 0xd3,
    0xff, 0xf8, 0x1, 0xff, 0xf4, 0x7f, 0xfe, 0x43,
    0xff, 0xe9, 0xff, 0xfc, 0x0, 0xff, 0xfa, 0x7f,
    0xff, 0x0, 0x3f, 0xfe, 0x8f, 0xff, 0xd0, 0x7f,
    0xfd, 0x3f, 0xff, 0x80, 0x1f, 0xff, 0x4b, 0xff,
    0xe4, 0x3f, 0xfe, 0x6f, 0xff, 0xf0, 0x3, 0xff,
    0xe9, 0xff, 0xfc, 0x0, 0xff, 0xfa, 0x5f, 0xff,
    0x41, 0xff, 0xf4, 0xff, 0xfe, 0x0, 0x7f, 0xfd,
    0x3f, 0xff, 0x80, 0x87, 0xff, 0xd3, 0xff, 0xf8,
    0x1, 0xff, 0xf5, 0xff, 0xf8, 0x3f, 0xfe, 0xdf,
    0xfe, 0x83, 0xff, 0xed, 0x7f, 0xf0, 0x7f, 0xfd,
    0xdf, 0xfc, 0x87, 0xff, 0xe3, 0xfe, 0x83, 0xff,
    0xf3, 0xfa, 0x43, 0xff, 0xf7, 0x21, 0xff, 0xff,
    0xf, 0xff, 0xf8, 0x7f, 0xff, 0x9a, 0x83, 0xff,
    0xf2, 0xdf, 0xe0, 0xff, 0xfc, 0x3f, 0xf8, 0x3f,
    0xff, 0x1f, 0xfc, 0x87, 0xff, 0xda, 0xff, 0xe4,
    0x3f, 0xfe, 0xdf, 0xfe, 0x83, 0xff, 0xeb, 0xff,
    0xfc, 0x0, 0xff, 0xfa, 0x3f, 0xff, 0xc0, 0xf,
    0xff, 0xa7, 0xff, 0xf0, 0x10, 0xff, 0xf9, 0xdf,
    0xff, 0xc0, 0xf, 0xff, 0x9b, 0xff, 0xfc, 0x0,
    0xff, 0xfa, 0x7f, 0xff, 0x2, 0xf, 0xff, 0x9d,
    0xff, 0xfc, 0x0, 0xff, 0xfa, 0x7f, 0xff, 0x0,
    0x3f, 0xfe, 0x97, 0xff, 0xd0, 0x7f, 0xfc, 0xdf,
    0xff, 0xe0, 0x7, 0xff, 0xd3, 0xff, 0xf8, 0x8,
    0x7f, 0xfc, 0xef, 0xff, 0xa0, 0xff, 0xfa, 0x7f,
    0xff, 0x0, 0x3f, 0xfe, 0x9f, 0xff, 0xc0, 0x43,
    0xff, 0xe6, 0xff, 0xff, 0x0, 0x3f, 0xfe, 0x9f,
    0xff, 0xc0, 0xf, 0xff, 0xa5, 0xff, 0xf4, 0x1f,
    0xff, 0x37, 0xff, 0xf8, 0x1, 0xff, 0xf4, 0xff,
    0xfe, 0x0, 0x7f, 0xfd, 0x1f, 0xff, 0xa0, 0xff,
    0xfa, 0x7f, 0xff, 0x0, 0x3f, 0xfe, 0x97, 0xff,
    0xc8, 0x7f, 0xfc, 0xdf, 0xff, 0xa0, 0xff, 0xfa,
    0x7f, 0xff, 0x0, 0x3f, 0xfe, 0x97, 0xff, 0xc8,
    0x7f, 0xfd, 0x3f, 0xff, 0x80, 0x1f, 0xff, 0x4f,
    0xff, 0xe0, 0x7, 0xff, 0xd1, 0xff, 0xfa, 0xf,
    0xff, 0xa7, 0xff, 0xf0, 0x3, 0xff, 0xe9, 0x7f,
    0xfc, 0x1f, 0xff, 0x5f, 0xff, 0xa0, 0xff, 0xfa,
    0x7f, 0xff, 0x0, 0x3f, 0xfe, 0x8f, 0xff, 0xc8,
    0x7f, 0xfd, 0x3f, 0xfe, 0x83, 0xff, 0xe9, 0x7f,
    0xfc, 0x1f, 0xff, 0x47, 0xff, 0xe4, 0x3f, 0xfe,
    0x9f, 0xff, 0xc0, 0xf, 0xff, 0xa5, 0xff, 0xf0,
    0x7f, 0xfd, 0x7f, 0xfe, 0x43, 0xff, 0xe8, 0xff,
    0xfc, 0x1f, 0xff, 0x5b, 0xff, 0xc1, 0xff, 0xf6,
    0xbf, 0xfa, 0xf, 0xff, 0xb5, 0xff, 0xc1, 0xff,
    0xf7, 0xbf, 0xf2, 0x1f, 0xff, 0x7b, 0xfe, 0x83,
    0xff, 0xf1, 0x7f, 0xc1, 0xff, 0xfa, 0x5f, 0x7,
    0xff, 0xfc, 0x3f, 0xff, 0x8d, 0x7f, 0xfd, 0x83,
    0xfa, 0xff, 0xff, 0xbc, 0x1f, 0x5f, 0xff, 0xfa,
    0xe, 0xbf, 0xff, 0xf8, 0x13, 0xff, 0xff, 0xe1,
    0xff, 0xff, 0xfa, 0x5f, 0xff, 0xfd, 0x82, 0xbf,
    0xff, 0xf7, 0x7, 0x5f, 0xff, 0xf9, 0x83, 0xeb,
    0xff, 0xfe, 0xf0, 0x7f, 0x5f, 0xff, 0xf5, 0x83,
    0x80,

    /* U+005B "[" */
    0xf, 0xfe, 0x1b, 0xff, 0xe0, 0xff, 0xe4, 0x3f,
    0xff, 0xc0, 0xf, 0xfe, 0x33, 0xff, 0xfc, 0x20,
    0xff, 0xe2, 0x3f, 0xff, 0xc4, 0xf, 0xfe, 0x15,
    0xff, 0xfc, 0x60, 0xff, 0xe0, 0x5f, 0xff, 0xc8,
    0xf, 0xf9, 0xff, 0xfe, 0x42, 0x1f, 0xf3, 0xff,
    0xfc, 0x64, 0x3f, 0x21, 0x9f, 0xff, 0xe2, 0x7,
    0xf7, 0x90, 0xcf, 0xff, 0xf0, 0x83, 0xfb, 0xf2,
    0x19, 0xff, 0xfe, 0x0, 0x7f, 0x7f, 0x90, 0xcb,
    0xff, 0x7, 0xf7, 0xfe, 0x43, 0xff, 0x95, 0xff,
    0xe0, 0xff, 0xe4, 0xff, 0xfc, 0x87, 0xff, 0x23,
    0xff, 0xe4, 0x3f, 0xf9, 0x1f, 0xff, 0x21, 0xff,
    0xc8, 0xff, 0xf9, 0xf, 0xfe, 0x47, 0xff, 0xc8,
    0x7f, 0xf2, 0x3f, 0xfe, 0x43, 0xff, 0x91, 0xff,
    0xf2, 0x1f, 0xfc, 0x8f, 0xff, 0x90, 0xff, 0xe4,
    0x7f, 0xfc, 0x87, 0xff, 0x23, 0xff, 0xe4, 0x3f,
    0xf9, 0x1f, 0xff, 0x21, 0xff, 0xc8, 0xff, 0xf9,
    0xf, 0xfe, 0x47, 0xff, 0xc8, 0x7f, 0xf2, 0x3f,
    0xfe, 0x43, 0xff, 0x91, 0xff, 0xf2, 0x1f, 0xfc,
    0x8f, 0xff, 0x90, 0xff, 0xe4, 0x7f, 0xfc, 0x87,
    0xff, 0x23, 0xff, 0xe4, 0x3f, 0xf9, 0x1f, 0xff,
    0x21, 0xff, 0xc8, 0xff, 0xf9, 0xf, 0xfe, 0x47,
    0xff, 0xc8, 0x7f, 0xf2, 0x3f, 0xfe, 0x43, 0xff,
    0x91, 0xff, 0xf2, 0x1f, 0xfc, 0x8f, 0xff, 0x90,
    0xff, 0xe4, 0x7f, 0xfc, 0x87, 0xff, 0x23, 0xff,
    0xe4, 0x3f, 0xf9, 0x1f, 0xff, 0x21, 0xff, 0xc8,
    0xff, 0xf9, 0xf, 0xfe, 0x47, 0xff, 0xc8, 0x7f,
    0xf2, 0x3f, 0xfe, 0x43, 0xff, 0x91, 0xff, 0xf2,
    0x1f, 0xfc, 0x8f, 0xff, 0x90, 0xff, 0xe4, 0x7f,
    0xfc, 0x87, 0xff, 0x23, 0xff, 0xe4, 0x3f, 0xf9,
    0x1f, 0xff, 0x21, 0xff, 0xc8, 0xff, 0xf9, 0xf,
    0xfe, 0x47, 0xff, 0xc8, 0x7f, 0xf2, 0x3f, 0xfe,
    0x43, 0xff, 0x91, 0xff, 0xf2, 0x1f, 0xfc, 0x8f,
    0xff, 0x90, 0xff, 0xe4, 0x7f, 0xfc, 0x87, 0xff,
    0x23, 0xff, 0xe4, 0x3f, 0xf9, 0x1f, 0xff, 0x21,
    0xff, 0xc8, 0xff, 0xf9, 0xf, 0xfe, 0x47, 0xff,
    0xc8, 0x7f, 0xf2, 0x3f, 0xfe, 0x43, 0xff, 0x91,
    0xff, 0xf2, 0x1f, 0xfc, 0x8f, 0xff, 0x90, 0xff,
    0xe4, 0x7f, 0xfa, 0xf, 0xfe, 0x4f, 0xff, 0x41,
    0xff, 0xca, 0xff, 0xd0, 0x7f, 0xf2, 0xff, 0xe8,
    0x3f, 0xf9, 0x9f, 0xe8, 0x3f, 0xf9, 0xb5, 0xc8,
    0x7f, 0xff, 0xc3, 0xff, 0x86, 0xbc, 0x1f, 0xfc,
    0xff, 0xf2, 0x1f, 0xfc, 0xdf, 0xf9, 0xf, 0xfe,
    0x67, 0xfe, 0x43, 0xff, 0x97, 0xff, 0xc8, 0x7f,
    0xf2, 0xbf, 0xfc, 0x87, 0xff, 0x27, 0xff, 0xe4,
    0x3f, 0xf9, 0x1f, 0xff, 0x21, 0xff, 0xc8, 0xff,
    0xf9, 0xf, 0xfe, 0x47, 0xff, 0xc8, 0x7f, 0xf2,
    0x3f, 0xfe, 0x43, 0xff, 0x91, 0xff, 0xf2, 0x1f,
    0xfc, 0x8f, 0xff, 0x90, 0xff, 0xe4, 0x7f, 0xfc,
    0x87, 0xff, 0x23, 0xff, 0xe4, 0x3f, 0xf9, 0x1f,
    0xff, 0x21, 0xff, 0xc8, 0xff, 0xf9, 0xf, 0xfe,
    0x47, 0xff, 0xc8, 0x7f, 0xf2, 0x3f, 0xfe, 0x43,
    0xff, 0x91, 0xff, 0xf2, 0x1f, 0xfc, 0x8f, 0xff,
    0x90, 0xff, 0xe4, 0x7f, 0xfc, 0x87, 0xff, 0x23,
    0xff, 0xe4, 0x3f, 0xf9, 0x1f, 0xff, 0x21, 0xff,
    0xc8, 0xff, 0xf9, 0xf, 0xfe, 0x47, 0xff, 0xc8,
    0x7f, 0xf2, 0x3f, 0xfe, 0x43, 0xff, 0x91, 0xff,
    0xf2, 0x1f, 0xfc, 0x8f, 0xff, 0x90, 0xff, 0xe4,
    0x7f, 0xfc, 0x87, 0xff, 0x23, 0xff, 0xe4, 0x3f,
    0xf9, 0x1f, 0xff, 0x21, 0xff, 0xc8, 0xff, 0xf9,
    0xf, 0xfe, 0x47, 0xff, 0xc8, 0x7f, 0xf2, 0x3f,
    0xfe, 0x43, 0xff, 0x91, 0xff, 0xf2, 0x1f, 0xfc,
    0x8f, 0xff, 0x90, 0xff, 0xe4, 0x7f, 0xfc, 0x87,
    0xff, 0x23, 0xff, 0xe4, 0x3f, 0xf9, 0x1f, 0xff,
    0x21, 0xff, 0xc8, 0xff, 0xf9, 0xf, 0xfe, 0x47,
    0xff, 0xc8, 0x7f, 0xf2, 0x3f, 0xfe, 0x43, 0xff,
    0x91, 0xff, 0xf2, 0x1f, 0xfc, 0x8f, 0xff, 0x90,
    0xff, 0xe4, 0x7f, 0xfc, 0x87, 0xff, 0x23, 0xff,
    0xe4, 0x3f, 0xf9, 0x1f, 0xff, 0x21, 0xff, 0xc8,
    0xff, 0xf9, 0xf, 0xfe, 0x47, 0xff, 0xc8, 0x7f,
    0xf2, 0x3f, 0xfe, 0x43, 0xff, 0x91, 0xff, 0xf2,
    0x1f, 0xfc, 0x8f, 0xff, 0x90, 0xff, 0xe4, 0x7f,
    0xfc, 0x87, 0xff, 0x23, 0xff, 0xe4, 0x3f, 0xf9,
    0x1f, 0xff, 0x21, 0xff, 0xc8, 0xff, 0xf9, 0xf,
    0xfe, 0x47, 0xff, 0xc8, 0x7f, 0xf2, 0x3f, 0xfe,
    0x43, 0xff, 0x91, 0xff, 0xf2, 0x1f, 0xfc, 0x8f,
    0xff, 0x90, 0xff, 0xe4, 0x7f, 0xfc, 0x87, 0xff,
    0x23, 0xff, 0xe4, 0x3f, 0xf9, 0x1f, 0xff, 0x21,
    0xff, 0xc8, 0xff, 0xf9, 0xf, 0xfe, 0x45, 0xff,
    0xe4, 0x3f, 0xf9, 0x37, 0xff, 0x7, 0xff, 0x2e,
    0xff, 0x83, 0xff, 0x9b, 0x7f, 0x7, 0x35, 0xfe,
    0x43, 0xfd, 0x7c, 0x1d, 0x7f, 0xff, 0x1, 0xf,
    0xf5, 0x87, 0x5f, 0xff, 0xc2, 0x43, 0xff, 0x87,
    0x7f, 0xff, 0x11, 0xf, 0xfe, 0xd, 0xff, 0xfc,
    0x64, 0x3f, 0xeb, 0xff, 0xf9, 0x8, 0x7f, 0xaf,
    0xff, 0xe4, 0x7, 0xff, 0x2, 0xff, 0xfe, 0x30,
    0x7f, 0xf0, 0xaf, 0xff, 0xe2, 0x7, 0xff, 0x12,
    0xff, 0xfe, 0x10, 0x7f, 0xf1, 0xaf, 0xff, 0xe0,
    0x7, 0xff, 0x22, 0xff, 0xf0, 0x78,

    /* U+005C "\\" */
    0x7f, 0xe0, 0xff, 0xfc, 0xbf, 0xf2, 0x1f, 0xff,
    0x87, 0xff, 0x7, 0xff, 0xe1, 0xff, 0xd0, 0x7f,
    0xfd, 0xdf, 0xfe, 0xf, 0xff, 0xbb, 0xff, 0xd0,
    0x7f, 0xfd, 0x9f, 0xff, 0x21, 0xff, 0xf6, 0xff,
    0xf8, 0x3f, 0xfe, 0xcf, 0xff, 0x90, 0xff, 0xfb,
    0x7f, 0xfc, 0x1f, 0xff, 0x67, 0xff, 0xd0, 0x7f,
    0xfd, 0xbf, 0xfe, 0xf, 0xff, 0xbf, 0xff, 0xa0,
    0xff, 0xfb, 0x5f, 0xfe, 0x43, 0xff, 0xed, 0xff,
    0xf0, 0x7f, 0xfd, 0xaf, 0xff, 0x21, 0xff, 0xf6,
    0xff, 0xf8, 0x3f, 0xfe, 0xcf, 0xff, 0xa0, 0xff,
    0xfb, 0x7f, 0xfc, 0x1f, 0xff, 0x67, 0xff, 0xd0,
    0x7f, 0xfd, 0xbf, 0xfe, 0x43, 0xff, 0xea, 0xff,
    0xfc, 0x1f, 0xff, 0x6b, 0xff, 0xc8, 0x7f, 0xfd,
    0xbf, 0xfe, 0xf, 0xff, 0xb5, 0xff, 0xe8, 0x3f,
    0xfe, 0xdf, 0xff, 0x7, 0xff, 0xda, 0xff, 0xf4,
    0x1f, 0xff, 0x6f, 0xff, 0x90, 0xff, 0xfa, 0xbf,
    0xff, 0x7, 0xff, 0xdb, 0xff, 0xe4, 0x3f, 0xfe,
    0xaf, 0xff, 0xc1, 0xff, 0xf6, 0xff, 0xfa, 0xf,
    0xff, 0xab, 0xff, 0xf0, 0x7f, 0xfd, 0xaf, 0xff,
    0x41, 0xff, 0xf6, 0xff, 0xf9, 0xf, 0xff, 0xad,
    0xff, 0xf0, 0x7f, 0xfd, 0xbf, 0xfe, 0x43, 0xff,
    0xeb, 0x7f, 0xfc, 0x1f, 0xff, 0x6f, 0xff, 0xa0,
    0xff, 0xfa, 0xbf, 0xff, 0x7, 0xff, 0xdb, 0xff,
    0xe8, 0x3f, 0xfe, 0xaf, 0xff, 0xc8, 0x7f, 0xfd,
    0x7f, 0xff, 0x80, 0x1f, 0xff, 0x57, 0xff, 0xe4,
    0x3f, 0xfe, 0xb7, 0xff, 0xc1, 0xff, 0xf6, 0xff,
    0xfa, 0xf, 0xff, 0xad, 0xff, 0xf0, 0x7f, 0xfd,
    0xbf, 0xfe, 0x83, 0xff, 0xeb, 0x7f, 0xfc, 0x87,
    0xff, 0xd7, 0xff, 0xf8, 0x1, 0xff, 0xf5, 0x7f,
    0xfe, 0x43, 0xff, 0xeb, 0xff, 0xfc, 0x0, 0xff,
    0xfa, 0xbf, 0xff, 0x21, 0xff, 0xf5, 0xff, 0xf8,
    0x3f, 0xfe, 0xff, 0xfe, 0xf, 0xff, 0xbd, 0xff,
    0xc1, 0xff, 0xf8, 0xff, 0xd0, 0x7f, 0xfe, 0x2f,
    0xf9, 0xf, 0xff, 0xd3, 0x7e, 0xf, 0xff, 0xfb,
    0x7, 0xff, 0xfc, 0x3f, 0xff, 0xe1, 0xff, 0xff,
    0xf, 0xae, 0x43, 0xff, 0xfb, 0xfe, 0x90, 0xff,
    0xfc, 0xff, 0xe4, 0x3f, 0xff, 0x1f, 0xfc, 0x1f,
    0xff, 0x77, 0xff, 0xa0, 0xff, 0xfb, 0x5f, 0xfe,
    0xf, 0xff, 0xb5, 0xff, 0xe8, 0x3f, 0xfe, 0xbf,
    0xff, 0xc0, 0x43, 0xff, 0xe8, 0xff, 0xff, 0x0,
    0x3f, 0xfe, 0xbf, 0xff, 0xc0, 0x43, 0xff, 0xeb,
    0xff, 0xfc, 0x0, 0xff, 0xfa, 0xdf, 0xff, 0x21,
    0xff, 0xf5, 0xff, 0xfe, 0x0, 0x7f, 0xfd, 0x5f,
    0xff, 0xa0, 0xff, 0xfa, 0xff, 0xff, 0x0, 0x3f,
    0xfe, 0xaf, 0xff, 0xd0, 0x7f, 0xfd, 0x6f, 0xff,
    0x90, 0xff, 0xfa, 0xff, 0xff, 0x0, 0x3f, 0xfe,
    0xb7, 0xff, 0xc8, 0x7f, 0xfd, 0x7f, 0xff, 0x80,
    0x1f, 0xff, 0x57, 0xff, 0xe8, 0x3f, 0xfe, 0xbf,
    0xff, 0xc0, 0xf, 0xff, 0xab, 0xff, 0xf4, 0x1f,
    0xff, 0x5b, 0xff, 0xe0, 0xff, 0xfb, 0x7f, 0xff,
    0x0, 0x3f, 0xfe, 0xb7, 0xff, 0xc8, 0x7f, 0xfd,
    0x7f, 0xff, 0x80, 0x1f, 0xff, 0x57, 0xff, 0xe4,
    0x3f, 0xfe, 0xbf, 0xff, 0xc0, 0xf, 0xff, 0xb7,
    0xff, 0xd0, 0x7f, 0xfd, 0x6f, 0xff, 0x83, 0xff,
    0xed, 0xff, 0xf4, 0x1f, 0xff, 0x57, 0xff, 0xe0,
    0xff, 0xfb, 0x7f, 0xff, 0x0, 0x3f, 0xfe, 0xaf,
    0xff, 0xc8, 0x7f, 0xfd, 0x6f, 0xff, 0x83, 0xff,
    0xed, 0xff, 0xf2, 0x1f, 0xff, 0x5b, 0xff, 0xe0,
    0xff, 0xfb, 0x7f, 0xfd, 0x7, 0xff, 0xd5, 0xff,
    0xf8, 0x3f, 0xfe, 0xdf, 0xff, 0x41, 0xff, 0xf5,
    0x7f, 0xfe, 0x43, 0xff, 0xeb, 0x7f, 0xfc, 0x1f,
    0xff, 0x6f, 0xff, 0x90, 0xff, 0xfa, 0xdf, 0xff,
    0x7, 0xff, 0xdb, 0xff, 0xe4, 0x3f, 0xfe, 0xaf,
    0xff, 0xc1, 0xff, 0xf6, 0xff, 0xfa, 0xf, 0xff,
    0xb7, 0xff, 0xc1, 0xff, 0xf6, 0xbf, 0xfd, 0x7,
    0xff, 0xdb, 0xff, 0xe4, 0x3f, 0xfe, 0xaf, 0xff,
    0xc1, 0xff, 0xf6, 0xff, 0xf9, 0xf, 0xff, 0xab,
    0xff, 0xf0, 0x7f, 0xfd, 0xaf, 0xff, 0x41, 0xff,
    0xf6, 0xff, 0xf8, 0x3f, 0xfe, 0xd7, 0xff, 0xa0,
    0xff, 0xfb, 0x7f, 0xfc, 0x1f, 0xff, 0x67, 0xff,
    0xc8, 0x7f, 0xfd, 0xbf, 0xfc, 0x87, 0xff, 0xd9,
    0xff, 0xe4, 0x3f, 0xfe, 0xf7, 0xfe, 0x43, 0xff,
    0xf1, 0xff, 0x90, 0xff, 0xfc, 0x5f, 0xf2, 0x1f,
    0xff, 0x9f, 0xf9,

    /* U+005D "]" */
    0xf, 0x7f, 0xfa, 0xf, 0xfe, 0x47, 0xff, 0xf0,
    0x20, 0xff, 0xe3, 0x7f, 0xff, 0xa, 0xf, 0xfe,
    0x27, 0xff, 0xf1, 0x20, 0xff, 0xe1, 0x7f, 0xff,
    0x1a, 0xf, 0xfe, 0x7, 0xff, 0xf2, 0x43, 0xfe,
    0xff, 0xfe, 0x44, 0x1f, 0xfc, 0xf, 0xff, 0xe3,
    0x41, 0xff, 0xc2, 0xff, 0xfe, 0x24, 0x1f, 0xfc,
    0x4f, 0xff, 0xe1, 0x41, 0xde, 0xf, 0xfb, 0xff,
    0xf8, 0x10, 0x77, 0xe0, 0xff, 0x97, 0xfe, 0xe,
    0xff, 0x7, 0xff, 0x37, 0xff, 0x7, 0xff, 0x2f,
    0xff, 0xc1, 0xff, 0xca, 0xff, 0xf8, 0x3f, 0xf9,
    0x3f, 0xff, 0x21, 0xff, 0xc8, 0xff, 0xf9, 0xf,
    0xfe, 0x47, 0xff, 0xc8, 0x7f, 0xf2, 0x3f, 0xfe,
    0x43, 0xff, 0x91, 0xff, 0xf2, 0x1f, 0xfc, 0x8f,
    0xff, 0x90, 0xff, 0xe4, 0x7f, 0xfc, 0x87, 0xff,
    0x23, 0xff, 0xe4, 0x3f, 0xf9, 0x1f, 0xff, 0x21,
    0xff, 0xc8, 0xff, 0xf9, 0xf, 0xfe, 0x47, 0xff,
    0xc8, 0x7f, 0xf2, 0x3f, 0xfe, 0x43, 0xff, 0x91,
    0xff, 0xf2, 0x1f, 0xfc, 0x8f, 0xff, 0x90, 0xff,
    0xe4, 0x7f, 0xfc, 0x87, 0xff, 0x23, 0xff, 0xe4,
    0x3f, 0xf9, 0x1f, 0xff, 0x21, 0xff, 0xc8, 0xff,
    0xf9, 0xf, 0xfe, 0x47, 0xff, 0xc8, 0x7f, 0xf2,
    0x3f, 0xfe, 0x43, 0xff, 0x91, 0xff, 0xf2, 0x1f,
    0xfc, 0x8f, 0xff, 0x90, 0xff, 0xe4, 0x7f, 0xfc,
    0x87, 0xff, 0x23, 0xff, 0xe4, 0x3f, 0xf9, 0x1f,
    0xff, 0x21, 0xff, 0xc8, 0xff, 0xf9, 0xf, 0xfe,
    0x47, 0xff, 0xc8, 0x7f, 0xf2, 0x3f, 0xfe, 0x43,
    0xff, 0x91, 0xff, 0xf2, 0x1f, 0xfc, 0x8f, 0xff,
    0x90, 0xff, 0xe4, 0x7f, 0xfc, 0x87, 0xff, 0x23,
    0xff, 0xe4, 0x3f, 0xf9, 0x1f, 0xff, 0x21, 0xff,
    0xc8, 0xff, 0xf9, 0xf, 0xfe, 0x47, 0xff, 0xc8,
    0x7f, 0xf2, 0x3f, 0xfe, 0x43, 0xff, 0x91, 0xff,
    0xf2, 0x1f, 0xfc, 0x8f, 0xff, 0x90, 0xff, 0xe4,
    0x7f, 0xfc, 0x87, 0xff, 0x23, 0xff, 0xe4, 0x3f,
    0xf9, 0x1f, 0xff, 0x21, 0xff, 0xc8, 0xff, 0xf9,
    0xf, 0xfe, 0x47, 0xff, 0xc8, 0x7f, 0xf2, 0x3f,
    0xfe, 0x43, 0xff, 0x91, 0xff, 0xf2, 0x1f, 0xfc,
    0x8f, 0xff, 0x90, 0xff, 0xe4, 0x7f, 0xfc, 0x87,
    0xff, 0x21, 0xff, 0xf2, 0x1f, 0xfc, 0x97, 0xff,
    0x90, 0xff, 0xe5, 0x3f, 0xf9, 0xf, 0xfe, 0x5b,
    0xff, 0x21, 0xff, 0xcc, 0x7f, 0xc8, 0x7f, 0xf3,
    0xab, 0x83, 0xff, 0xfe, 0x1f, 0xfc, 0x45, 0xe0,
    0xff, 0xe7, 0x7f, 0x90, 0xff, 0xe6, 0x7f, 0xc8,
    0x7f, 0xf2, 0xff, 0xf2, 0x1f, 0xfc, 0xaf, 0xfe,
    0x43, 0xff, 0x93, 0xff, 0xe4, 0x3f, 0xf9, 0x1f,
    0xff, 0x21, 0xff, 0xc8, 0xff, 0xf9, 0xf, 0xfe,
    0x47, 0xff, 0xc8, 0x7f, 0xf2, 0x3f, 0xfe, 0x43,
    0xff, 0x91, 0xff, 0xf2, 0x1f, 0xfc, 0x8f, 0xff,
    0x90, 0xff, 0xe4, 0x7f, 0xfc, 0x87, 0xff, 0x23,
    0xff, 0xe4, 0x3f, 0xf9, 0x1f, 0xff, 0x21, 0xff,
    0xc8, 0xff, 0xf9, 0xf, 0xfe, 0x47, 0xff, 0xc8,
    0x7f, 0xf2, 0x3f, 0xfe, 0x43, 0xff, 0x91, 0xff,
    0xf2, 0x1f, 0xfc, 0x8f, 0xff, 0x90, 0xff, 0xe4,
    0x7f, 0xfc, 0x87, 0xff, 0x23, 0xff, 0xe4, 0x3f,
    0xf9, 0x1f, 0xff, 0x21, 0xff, 0xc8, 0xff, 0xf9,
    0xf, 0xfe, 0x47, 0xff, 0xc8, 0x7f, 0xf2, 0x3f,
    0xfe, 0x43, 0xff, 0x91, 0xff, 0xf2, 0x1f, 0xfc,
    0x8f, 0xff, 0x90, 0xff, 0xe4, 0x7f, 0xfc, 0x87,
    0xff, 0x23, 0xff, 0xe4, 0x3f, 0xf9, 0x1f, 0xff,
    0x21, 0xff, 0xc8, 0xff, 0xf9, 0xf, 0xfe, 0x47,
    0xff, 0xc8, 0x7f, 0xf2, 0x3f, 0xfe, 0x43, 0xff,
    0x91, 0xff, 0xf2, 0x1f, 0xfc, 0x8f, 0xff, 0x90,
    0xff, 0xe4, 0x7f, 0xfc, 0x87, 0xff, 0x23, 0xff,
    0xe4, 0x3f, 0xf9, 0x1f, 0xff, 0x21, 0xff, 0xc8,
    0xff, 0xf9, 0xf, 0xfe, 0x47, 0xff, 0xc8, 0x7f,
    0xf2, 0x3f, 0xfe, 0x43, 0xff, 0x91, 0xff, 0xf2,
    0x1f, 0xfc, 0x8f, 0xff, 0x90, 0xff, 0xe4, 0x7f,
    0xfc, 0x87, 0xff, 0x23, 0xff, 0xe4, 0x3f, 0xf9,
    0x1f, 0xff, 0x21, 0xff, 0xc8, 0xff, 0xf9, 0xf,
    0xfe, 0x47, 0xff, 0xc8, 0x7f, 0xf2, 0x3f, 0xfe,
    0x43, 0xff, 0x91, 0xff, 0xf2, 0x1f, 0xfc, 0x8f,
    0xff, 0x90, 0xff, 0xe4, 0x7f, 0xfc, 0x87, 0xff,
    0x23, 0xff, 0xe4, 0x3f, 0xf9, 0x1f, 0xff, 0x21,
    0xff, 0xc8, 0xff, 0xf9, 0xf, 0xfe, 0x47, 0xff,
    0xc8, 0x7f, 0xf2, 0x3f, 0xfe, 0x43, 0xff, 0x91,
    0xff, 0xf2, 0x1f, 0xfc, 0x8f, 0xff, 0x90, 0xff,
    0xe4, 0x7f, 0xfc, 0x87, 0xff, 0x23, 0xff, 0xe4,
    0x3f, 0xf9, 0x1f, 0xff, 0x21, 0xff, 0xc8, 0xff,
    0xf9, 0xf, 0xfe, 0x47, 0xff, 0xc8, 0x7f, 0xf2,
    0x3f, 0xfe, 0xf, 0xfe, 0x4d, 0xff, 0xc1, 0xff,
    0xcb, 0xbf, 0xe0, 0xfe, 0xaf, 0xf8, 0x3a, 0xfe,
    0xf, 0xef, 0xff, 0xe0, 0x87, 0x5f, 0x7, 0xf7,
    0xff, 0xf0, 0xc3, 0xac, 0x3f, 0xbf, 0xff, 0x8a,
    0x1f, 0xfc, 0x2f, 0xff, 0xe3, 0x87, 0xff, 0x3,
    0xff, 0xf9, 0x21, 0xff, 0x7f, 0xff, 0x24, 0x3f,
    0xf8, 0x1f, 0xff, 0xc7, 0xf, 0xfe, 0x17, 0xff,
    0xf1, 0x43, 0xff, 0x89, 0xff, 0xfc, 0x30, 0xff,
    0xe3, 0x7f, 0xff, 0x4, 0x3f, 0xf9, 0x1f, 0xff,
    0x7, 0xff, 0xc,

    /* U+005E "^" */
    0xf, 0xfe, 0x3b, 0x5f, 0x21, 0xff, 0xd9, 0xbf,
    0xf9, 0xf, 0xfe, 0xbd, 0xff, 0xf2, 0x1f, 0xfd,
    0x5b, 0xff, 0xf8, 0x28, 0x7f, 0xf4, 0xef, 0xff,
    0xe1, 0xa1, 0xff, 0xd1, 0xbf, 0xff, 0x8a, 0x87,
    0xff, 0x3e, 0xff, 0xfe, 0x3a, 0x1f, 0xfc, 0xdb,
    0xff, 0xf9, 0x28, 0x7f, 0xf2, 0xef, 0xff, 0xe5,
    0xa1, 0xff, 0xc9, 0xbf, 0xff, 0x9a, 0x87, 0xff,
    0x1e, 0xff, 0xfe, 0x7a, 0x1f, 0xfc, 0x5b, 0xff,
    0xf8, 0x57, 0xff, 0xf0, 0xa0, 0xff, 0xe1, 0xdf,
    0xff, 0xc2, 0x3, 0xff, 0xfc, 0x28, 0x3f, 0xf8,
    0x37, 0xff, 0xf0, 0x90, 0x9f, 0xff, 0xe1, 0x41,
    0xff, 0x5f, 0xff, 0xc2, 0x43, 0x9f, 0xff, 0xe1,
    0x41, 0xfd, 0x7f, 0xff, 0x9, 0xf, 0x9f, 0xff,
    0xe1, 0x41, 0xf5, 0xff, 0xfc, 0x24, 0x3f, 0x9f,
    0xff, 0xe1, 0x41, 0xd7, 0xff, 0xf0, 0x90, 0xff,
    0x9f, 0xff, 0xe1, 0x41, 0x5f, 0xff, 0xc2, 0x43,
    0xff, 0x82, 0xff, 0xff, 0xa, 0x2f, 0xff, 0xe1,
    0x21, 0xff, 0xc3, 0x7f, 0xff, 0x84, 0xdf, 0xff,
    0xc1, 0x43, 0xff, 0x8a, 0xff, 0xff, 0x6, 0x9f,
    0xff, 0xc0, 0x43, 0xff, 0x8f, 0x7f, 0xff, 0x2,
    0x9f, 0xff, 0x21, 0xff, 0xc9, 0xbf, 0xfe, 0xa7,
    0xff, 0x90, 0xff, 0xe5, 0xdf, 0xfe, 0xa7, 0xff,
    0x21, 0xff, 0xcd, 0xbf, 0xfa, 0x9f, 0xf9, 0xf,
    0xfe, 0x7d, 0xff, 0xa9, 0xff, 0x21, 0xff, 0xd1,
    0xbf, 0xe8,

    /* U+005F "_" */
    0xe, 0x6b, 0xff, 0xfa, 0x87, 0xf3, 0xff, 0xff,
    0xf8, 0x3e, 0x7f, 0xff, 0xff, 0xe8, 0x39, 0xff,
    0xff, 0xff, 0xe8, 0x27, 0xff, 0xff, 0xff, 0xe8,
    0x7f, 0xff, 0xff, 0xff, 0x93, 0xff, 0xff, 0xff,
    0xf8, 0x2f, 0xff, 0xff, 0xff, 0x83, 0xbf, 0xff,
    0xff, 0xf8, 0x3e, 0xff, 0xff, 0xff, 0x83, 0xfb,
    0xff, 0xff, 0xe1, 0xc0,

    /* U+0060 "`" */
    0x2b, 0xe0, 0xff, 0xe4, 0x3f, 0xf8, 0x3f, 0xf8,
    0xef, 0xff, 0x7, 0xff, 0x19, 0xff, 0xf0, 0x7f,
    0xf1, 0x5f, 0xff, 0x90, 0xff, 0xe1, 0xbf, 0xff,
    0xc0, 0x43, 0xff, 0x84, 0xff, 0xff, 0x5, 0xf,
    0xfe, 0xb, 0xff, 0xfc, 0x24, 0x3f, 0xf8, 0x37,
    0xff, 0xf0, 0x90, 0xff, 0xe0, 0xdf, 0xff, 0xc2,
    0x43, 0xff, 0x83, 0x7f, 0xff, 0x9, 0xf, 0xfe,
    0xd, 0xff, 0xfc, 0x24, 0x3f, 0xf8, 0x37, 0xff,
    0xf0, 0x90, 0xff, 0xe0, 0xdf, 0xff, 0xc2, 0x43,
    0xff, 0x83, 0x7f, 0xff, 0x9, 0xf, 0xfe, 0xd,
    0xff, 0xfc, 0x24, 0x3f, 0xf8, 0x37, 0xff, 0xf0,
    0x90, 0xff, 0xe0, 0xdf, 0xff, 0xc2, 0x43, 0xff,
    0x83, 0x7f, 0xff, 0x9, 0xf, 0xfe, 0xd, 0xff,
    0xfc, 0x24, 0x3f, 0xf8, 0x37, 0xff, 0xf0, 0x50,
    0xff, 0xe1, 0x5f, 0xff, 0xc0, 0x43, 0xff, 0x87,
    0x7f, 0xfc, 0x87, 0xff, 0x12, 0xff, 0xf2, 0x1f,
    0xfc, 0x5b, 0xff, 0x90, 0xff, 0xe3, 0x5f, 0xf9,
    0xf, 0xfe, 0x3d, 0xff, 0x20,

    /* U+0061 "a" */
    0xf, 0xfe, 0x17, 0xff, 0xfb, 0xe0, 0xff, 0xe2,
    0xff, 0xff, 0xbe, 0xf, 0xfe, 0x2f, 0xff, 0xfb,
    0xe0, 0xda, 0x1f, 0xf7, 0xff, 0xfc, 0x3, 0x79,
    0xf, 0xf7, 0xff, 0xfc, 0x3, 0x7c, 0x87, 0xf5,
    0xff, 0xfe, 0xf0, 0xdf, 0x90, 0xf2, 0x15, 0xff,
    0xfe, 0xd0, 0xdf, 0xc8, 0x77, 0x90, 0xaf, 0xff,
    0xf5, 0x86, 0xff, 0x21, 0xbf, 0x21, 0x5f, 0xff,
    0xe9, 0xd, 0xff, 0x21, 0x7f, 0x90, 0xaf, 0xff,
    0xf3, 0x86, 0xff, 0xc8, 0x3f, 0xf0, 0x6a, 0xff,
    0xf3, 0x6, 0xff, 0xe4, 0xff, 0xf0, 0x7f, 0xfb,
    0x3f, 0xfc, 0x9f, 0xfe, 0x83, 0xff, 0xd4, 0xff,
    0xf9, 0x3f, 0xfd, 0x7, 0xff, 0xa9, 0xff, 0xf2,
    0x7f, 0xfa, 0xf, 0xff, 0x53, 0xff, 0xe4, 0xff,
    0xf4, 0x1f, 0xfe, 0xa7, 0xff, 0xc9, 0xff, 0xe8,
    0x3f, 0xfd, 0x4f, 0xff, 0x93, 0xff, 0xd0, 0x7f,
    0xfa, 0x9f, 0xff, 0x27, 0xff, 0xa0, 0xff, 0xf5,
    0x3f, 0xfe, 0x4f, 0xff, 0x41, 0xff, 0xea, 0x7f,
    0xfc, 0x9f, 0xfe, 0x83, 0xff, 0xd4, 0xff, 0xf9,
    0x3f, 0xfd, 0x7, 0xff, 0xa9, 0xff, 0xf2, 0x7f,
    0xfa, 0xf, 0xff, 0x53, 0xff, 0xe4, 0xff, 0xf4,
    0x1f, 0xfe, 0xa7, 0xff, 0xc9, 0xff, 0xe8, 0x3f,
    0xfd, 0x4f, 0xff, 0x93, 0xff, 0xd0, 0x7f, 0xfa,
    0x9f, 0xff, 0x27, 0xff, 0xa0, 0xff, 0xf5, 0x3f,
    0xfe, 0x4f, 0xff, 0x41, 0xff, 0xea, 0x7f, 0xfc,
    0x9f, 0xfe, 0x83, 0xff, 0xd4, 0xff, 0xf9, 0x3f,
    0xfd, 0x7, 0xff, 0xa9, 0xff, 0xf2, 0x7f, 0xfa,
    0xf, 0xff, 0x53, 0xff, 0xe4, 0xff, 0xf4, 0x1f,
    0xfe, 0xa7, 0xff, 0xc9, 0xff, 0xe8, 0x3f, 0xfd,
    0x4f, 0xff, 0x93, 0xff, 0xd0, 0x7f, 0xfa, 0x9f,
    0xff, 0x27, 0xff, 0xa0, 0xff, 0xf5, 0x3f, 0xfe,
    0x4f, 0xff, 0x41, 0xff, 0xea, 0x7f, 0xfc, 0x9f,
    0xfe, 0x83, 0xff, 0xd4, 0xff, 0xf9, 0x3f, 0xfd,
    0x7, 0xff, 0xa9, 0xff, 0xf2, 0x7f, 0xfa, 0xf,
    0xff, 0x53, 0xff, 0xe4, 0xff, 0xf4, 0x1f, 0xfe,
    0xa7, 0xff, 0xc9, 0xff, 0xe8, 0x3f, 0xfd, 0x4f,
    0xff, 0x93, 0xff, 0xd0, 0x7f, 0xfa, 0x9f, 0xff,
    0x27, 0xff, 0xa0, 0xff, 0xf5, 0x3f, 0xfe, 0x4f,
    0xff, 0x41, 0xff, 0xea, 0x7f, 0xfc, 0x9f, 0xfe,
    0x83, 0xff, 0xd4, 0xff, 0xf9, 0x3f, 0xfd, 0x7,
    0xff, 0xa9, 0xff, 0xf2, 0x7f, 0xfa, 0xf, 0xff,
    0x53, 0xff, 0xe4, 0xff, 0xf4, 0x1f, 0xfe, 0xa7,
    0xff, 0xc9, 0xff, 0xe8, 0x3f, 0xfd, 0x4f, 0xff,
    0x93, 0xff, 0xd0, 0x7f, 0xfa, 0x9f, 0xff, 0x27,
    0xff, 0xa0, 0xff, 0xf5, 0x3f, 0xfe, 0x4f, 0xff,
    0x41, 0xff, 0xea, 0x7f, 0xfc, 0x9f, 0xfe, 0x83,
    0xff, 0xd4, 0xff, 0xf9, 0x3f, 0xfd, 0x7, 0xff,
    0xa9, 0xff, 0xf2, 0x7f, 0xfa, 0xf, 0xff, 0x53,
    0xff, 0xe4, 0xbf, 0xfa, 0xf, 0xff, 0x53, 0xff,
    0xe4, 0x17, 0xfe, 0x43, 0xff, 0xd7, 0xff, 0xe4,
    0x2b, 0xfd, 0x7, 0xff, 0xb7, 0xff, 0x90, 0xd7,
    0xe8, 0x35, 0x7f, 0xf9, 0x83, 0xbf, 0xf2, 0x1d,
    0x7a, 0xd, 0x7f, 0xff, 0x9c, 0x3b, 0xfe, 0x43,
    0xd4, 0xd, 0x7f, 0xff, 0xa4, 0x3b, 0xfc, 0x87,
    0xfd, 0xff, 0xfe, 0xc0, 0xef, 0xe4, 0x3f, 0xdf,
    0xff, 0xee, 0xe, 0xfc, 0x87, 0xf3, 0xff, 0xfe,
    0xf0, 0xef, 0x90, 0xff, 0x5f, 0xff, 0xef, 0xe,
    0xf2, 0x1f, 0xf5, 0xff, 0xfe, 0xf0, 0xed, 0xf,
    0xfe, 0x5, 0xff, 0xfe, 0xf0, 0xff, 0xe3, 0xdf,
    0xff, 0xef, 0xf, 0xfe, 0x3d, 0xff, 0xfe, 0xf0,
    0xc0,

    /* U+0062 "b" */
    0xf, 0xff, 0xf8, 0x7d, 0x61, 0xff, 0xfe, 0xbe,
    0xf, 0xff, 0xe5, 0xfc, 0x1f, 0xff, 0xab, 0xfe,
    0xf, 0xff, 0xc7, 0xff, 0x83, 0xff, 0xed, 0x7f,
    0xf8, 0x3f, 0xfe, 0xd7, 0xff, 0x83, 0xff, 0xed,
    0x7f, 0xf8, 0x3f, 0xfe, 0xd7, 0xff, 0x83, 0xff,
    0xed, 0x7f, 0xf8, 0x3f, 0xfe, 0xd7, 0xff, 0x83,
    0xff, 0xed, 0x7f, 0xf8, 0x3f, 0xfe, 0xd7, 0xff,
    0x83, 0xff, 0xed, 0x7f, 0xf8, 0x3f, 0xfe, 0xd7,
    0xff, 0x83, 0xff, 0xed, 0x7f, 0xf8, 0x3f, 0xfe,
    0xd7, 0xff, 0x83, 0xff, 0xed, 0x7f, 0xf8, 0x3f,
    0xfe, 0xd7, 0xff, 0x83, 0xff, 0xed, 0x7f, 0xf8,
    0x3f, 0xfe, 0xd7, 0xff, 0x83, 0xff, 0xed, 0x7f,
    0xf8, 0x3f, 0xfe, 0xd7, 0xff, 0x83, 0xff, 0xed,
    0x7f, 0xf8, 0x3f, 0xfe, 0xd7, 0xff, 0x83, 0xff,
    0xed, 0x7f, 0xf8, 0x3f, 0xfe, 0xd7, 0xff, 0x83,
    0xff, 0xed, 0x7f, 0xf8, 0x3f, 0xfe, 0xd7, 0xff,
    0x83, 0xff, 0xed, 0x7f, 0xf8, 0x3f, 0xfe, 0xd7,
    0xff, 0x83, 0xff, 0xed, 0x7f, 0xf8, 0x3f, 0xfe,
    0xd7, 0xff, 0x83, 0xff, 0xed, 0x7f, 0xf8, 0x3f,
    0xfe, 0xd7, 0xff, 0x83, 0xff, 0xed, 0x7f, 0xf8,
    0x3f, 0xfe, 0xd7, 0xff, 0x83, 0xff, 0xed, 0x7f,
    0xf8, 0x3f, 0xfe, 0xd7, 0xff, 0x83, 0xff, 0xed,
    0x7f, 0xf8, 0x3f, 0xfe, 0xd7, 0xff, 0x83, 0xff,
    0xed, 0x7f, 0xf8, 0x3f, 0xfe, 0xd7, 0xff, 0x83,
    0xff, 0xed, 0x7f, 0xf8, 0x3f, 0xfe, 0xd7, 0xff,
    0x83, 0xff, 0xed, 0x7f, 0xf8, 0x3f, 0xfe, 0xd7,
    0xff, 0x83, 0xff, 0xed, 0x7f, 0xf8, 0x3f, 0xfe,
    0xd7, 0xff, 0x83, 0xff, 0xed, 0x7f, 0xf8, 0x3f,
    0xfe, 0xd7, 0xff, 0x83, 0xff, 0xed, 0x7f, 0xf8,
    0x3f, 0xfe, 0xd7, 0xff, 0x83, 0xff, 0xed, 0x7f,
    0xf8, 0x3f, 0xfe, 0xd7, 0xff, 0x83, 0xff, 0xed,
    0x7f, 0xf8, 0x3f, 0xfe, 0xd7, 0xff, 0x83, 0xff,
    0xed, 0x7f, 0xf0, 0x7f, 0xfd, 0xef, 0xfc, 0x1a,
    0xff, 0xff, 0x2c, 0x1f, 0xfc, 0x1b, 0xfe, 0xd,
    0x7f, 0xff, 0x9e, 0xf, 0xfe, 0x5, 0xfe, 0xd,
    0x7f, 0xff, 0xa6, 0xf, 0xfa, 0xfe, 0xd, 0x7f,
    0xff, 0xae, 0xf, 0xfe, 0x3d, 0xff, 0xfe, 0xd8,
    0x3f, 0xf8, 0xdf, 0xff, 0xef, 0x43, 0xf3, 0x59,
    0x9, 0xff, 0xff, 0x6a, 0x1f, 0xd7, 0xf4, 0x13,
    0xff, 0xfe, 0xb4, 0x27, 0x43, 0x5f, 0xe8, 0x27,
    0xff, 0xfd, 0x28, 0x4f, 0xc8, 0x57, 0xfd, 0x4,
    0xff, 0xff, 0x9d, 0x9, 0xfe, 0x41, 0x7f, 0xe8,
    0x26, 0xbf, 0xfc, 0xa8, 0x4f, 0xfc, 0x97, 0xff,
    0x41, 0xff, 0xeb, 0x7f, 0xf8, 0xbf, 0xfc, 0x1f,
    0xfe, 0xbf, 0xff, 0x53, 0xff, 0xc1, 0xff, 0xeb,
    0xff, 0xfa, 0xff, 0xf0, 0x7f, 0xfa, 0xff, 0xfe,
    0xbf, 0xfc, 0x1f, 0xfe, 0xbf, 0xff, 0xaf, 0xff,
    0x7, 0xff, 0xaf, 0xff, 0xeb, 0xff, 0xc1, 0xff,
    0xeb, 0xff, 0xfa, 0xff, 0xf0, 0x7f, 0xfa, 0xff,
    0xfe, 0xbf, 0xfc, 0x1f, 0xfe, 0xbf, 0xff, 0xaf,
    0xff, 0x7, 0xff, 0xaf, 0xff, 0xeb, 0xff, 0xc1,
    0xff, 0xeb, 0xff, 0xfa, 0xff, 0xf0, 0x7f, 0xfa,
    0xff, 0xfe, 0xbf, 0xfc, 0x1f, 0xfe, 0xbf, 0xff,
    0xaf, 0xff, 0x7, 0xff, 0xaf, 0xff, 0xeb, 0xff,
    0xc1, 0xff, 0xeb, 0xff, 0xfa, 0xff, 0xf0, 0x7f,
    0xfa, 0xff, 0xfe, 0xbf, 0xfc, 0x1f, 0xfe, 0xbf,
    0xff, 0xaf, 0xff, 0x7, 0xff, 0xaf, 0xff, 0xeb,
    0xff, 0xc1, 0xff, 0xeb, 0xff, 0xfa, 0xff, 0xf0,
    0x7f, 0xfa, 0xff, 0xfe, 0xbf, 0xfc, 0x1f, 0xfe,
    0xbf, 0xff, 0xaf, 0xff, 0x7, 0xff, 0xaf, 0xff,
    0xeb, 0xff, 0xc1, 0xff, 0xeb, 0xff, 0xfa, 0xff,
    0xf0, 0x7f, 0xfa, 0xff, 0xfe, 0xbf, 0xfc, 0x1f,
    0xfe, 0xbf, 0xff, 0xaf, 0xff, 0x7, 0xff, 0xaf,
    0xff, 0xeb, 0xff, 0xc1, 0xff, 0xeb, 0xff, 0xfa,
    0xff, 0xf0, 0x7f, 0xfa, 0xff, 0xfe, 0xbf, 0xfc,
    0x1f, 0xfe, 0xbf, 0xff, 0xaf, 0xff, 0x7, 0xff,
    0xaf, 0xff, 0xeb, 0xff, 0xc1, 0xff, 0xeb, 0xff,
    0xfa, 0xff, 0xf0, 0x7f, 0xfa, 0xff, 0xfe, 0xbf,
    0xfc, 0x1f, 0xfe, 0xbf, 0xff, 0xaf, 0xff, 0x7,
    0xff, 0xaf, 0xff, 0xeb, 0xff, 0xc1, 0xff, 0xeb,
    0xff, 0xfa, 0xff, 0xf0, 0x7f, 0xfa, 0xff, 0xfe,
    0xbf, 0xfc, 0x1f, 0xfe, 0xbf, 0xff, 0xaf, 0xff,
    0x7, 0xff, 0xaf, 0xff, 0xeb, 0xff, 0xc1, 0xff,
    0xeb, 0xff, 0xfa, 0xff, 0xf0, 0x7f, 0xfa, 0xff,
    0xfe, 0xbf, 0xfc, 0x1f, 0xfe, 0xbf, 0xff, 0xaf,
    0xff, 0x7, 0xff, 0xaf, 0xff, 0xeb, 0xff, 0xc1,
    0xff, 0xeb, 0xff, 0xfa, 0xff, 0xf0, 0x7f, 0xfa,
    0xff, 0xfe, 0xbf, 0xfc, 0x1f, 0xfe, 0xbf, 0xff,
    0x37, 0xff, 0x83, 0xff, 0xd7, 0xff, 0xc9, 0x7f,
    0xf8, 0x3f, 0xfd, 0x9f, 0xf2, 0xb, 0xff, 0xa0,
    0x9a, 0xff, 0xf2, 0x21, 0xbf, 0x90, 0xaf, 0xfd,
    0x4, 0xff, 0xff, 0x99, 0xd, 0x79, 0xd, 0x7f,
    0xd0, 0x4f, 0xff, 0xfa, 0x10, 0xd2, 0x1d, 0x7f,
    0xa0, 0xdf, 0xff, 0xea, 0x83, 0xfd, 0x7f, 0x41,
    0xbf, 0xff, 0xd9, 0x7, 0xf5, 0xfa, 0xd, 0xff,
    0xfe, 0xe0, 0xfe, 0xbe, 0x83, 0x7f, 0xff, 0xb8,
    0x3f, 0xd7, 0xa0, 0xdf, 0xff, 0xee, 0xf, 0xfa,
    0xf0, 0x6f, 0xff, 0xf7, 0x7, 0xff, 0x2, 0xc3,
    0x7f, 0xff, 0xb8, 0x3f, 0xf8, 0x28, 0x6f, 0xff,
    0xf7, 0x7, 0xff, 0x8,

    /* U+0063 "c" */
    0xf, 0xfe, 0xd, 0xff, 0xfe, 0x58, 0x3f, 0xf8,
    0xb7, 0xff, 0xf9, 0xe0, 0xff, 0xe1, 0xdf, 0xff,
    0xe9, 0x83, 0xff, 0x83, 0x7f, 0xff, 0xae, 0xf,
    0xfa, 0xff, 0xff, 0x6c, 0x1f, 0xef, 0xff, 0xf7,
    0xa1, 0xc8, 0x4f, 0xff, 0xfb, 0x50, 0xe7, 0x82,
    0x7f, 0xff, 0xd6, 0x87, 0x3f, 0x41, 0x3f, 0xff,
    0xe9, 0x43, 0x9f, 0xe8, 0x27, 0xff, 0xfc, 0xe8,
    0x7b, 0xfe, 0x82, 0x6b, 0xff, 0xca, 0x87, 0xbf,
    0xfa, 0xf, 0xff, 0x75, 0xff, 0xe0, 0xff, 0xf7,
    0x5f, 0xfe, 0xf, 0xff, 0x75, 0xff, 0xe0, 0xff,
    0xf7, 0x5f, 0xfe, 0xf, 0xff, 0x75, 0xff, 0xe0,
    0xff, 0xf7, 0x5f, 0xfe, 0xf, 0xff, 0x75, 0xff,
    0xe0, 0xff, 0xf7, 0x5f, 0xfe, 0xf, 0xff, 0x75,
    0xff, 0xe0, 0xff, 0xf7, 0x5f, 0xfe, 0xf, 0xff,
    0x75, 0xff, 0xe0, 0xff, 0xf7, 0x5f, 0xfe, 0xf,
    0xff, 0x75, 0xff, 0xe0, 0xff, 0xf7, 0x5f, 0xfe,
    0xf, 0xff, 0x75, 0xff, 0xe0, 0xff, 0xf7, 0x5f,
    0xfe, 0xf, 0xff, 0x75, 0xff, 0xe0, 0xff, 0xf7,
    0x5f, 0xfe, 0xf, 0xff, 0x75, 0xff, 0xe0, 0xff,
    0xf7, 0x5f, 0xfe, 0xf, 0xff, 0x75, 0xff, 0xe0,
    0xff, 0xf7, 0x5f, 0xfe, 0xf, 0xff, 0x75, 0xff,
    0xe0, 0xff, 0xf7, 0x5f, 0xfe, 0xf, 0xff, 0x75,
    0xff, 0xe0, 0xff, 0xf7, 0x5f, 0xfe, 0xf, 0xff,
    0x75, 0xff, 0xe0, 0xff, 0xf7, 0x5f, 0xfe, 0xf,
    0xff, 0x75, 0xff, 0xe0, 0xff, 0xf7, 0x5f, 0xfe,
    0xf, 0xff, 0x75, 0xff, 0xe0, 0xff, 0xf7, 0x5f,
    0xfe, 0xf, 0xff, 0x75, 0xff, 0xe0, 0xff, 0xf7,
    0x5f, 0xfe, 0xf, 0xff, 0x75, 0xff, 0xe0, 0xff,
    0xf7, 0x5f, 0xfe, 0xf, 0xff, 0x75, 0xff, 0xe0,
    0xff, 0xf7, 0x5f, 0xfe, 0xf, 0xff, 0x75, 0xff,
    0xe0, 0xff, 0xf7, 0x5f, 0xfe, 0xf, 0xff, 0x75,
    0xff, 0xe0, 0xff, 0xf7, 0x5f, 0xfe, 0xf, 0xff,
    0x75, 0xff, 0xe0, 0xff, 0xf7, 0x3f, 0xfe, 0xf,
    0xff, 0x7b, 0xff, 0xc1, 0xff, 0xf0, 0x7f, 0xe0,
    0xff, 0xf9, 0x3f, 0xc1, 0x9a, 0xff, 0xf2, 0xa1,
    0xfc, 0xfc, 0x19, 0xff, 0xff, 0x3a, 0x1f, 0xcc,
    0x1d, 0xff, 0xfe, 0x94, 0x3f, 0xf8, 0x5f, 0xff,
    0xeb, 0x83, 0xff, 0x81, 0xff, 0xfe, 0xd8, 0x3f,
    0xdf, 0xff, 0xef, 0xf, 0xf3, 0xff, 0xfe, 0xd0,
    0xff, 0xe0, 0x3f, 0xff, 0xeb, 0xf, 0xfe, 0x13,
    0xff, 0xfe, 0x90, 0xff, 0xe2, 0x3f, 0xff, 0xe7,
    0xf, 0xfe, 0x33, 0xff, 0xfe, 0x50, 0xf0,

    /* U+0064 "d" */
    0xf, 0xff, 0xf8, 0x7f, 0xff, 0x3c, 0x1f, 0xff,
    0xef, 0xc1, 0xff, 0xfc, 0xff, 0x7, 0xff, 0xeb,
    0xff, 0x7, 0xff, 0xe2, 0xff, 0xe0, 0xff, 0xfb,
    0xdf, 0xfe, 0xf, 0xff, 0xb5, 0xff, 0xe0, 0xff,
    0xfb, 0x5f, 0xfe, 0xf, 0xff, 0xb5, 0xff, 0xe0,
    0xff, 0xfb, 0x5f, 0xfe, 0xf, 0xff, 0xb5, 0xff,
    0xe0, 0xff, 0xfb, 0x5f, 0xfe, 0xf, 0xff, 0xb5,
    0xff, 0xe0, 0xff, 0xfb, 0x5f, 0xfe, 0xf, 0xff,
    0xb5, 0xff, 0xe0, 0xff, 0xfb, 0x5f, 0xfe, 0xf,
    0xff, 0xb5, 0xff, 0xe0, 0xff, 0xfb, 0x5f, 0xfe,
    0xf, 0xff, 0xb5, 0xff, 0xe0, 0xff, 0xfb, 0x5f,
    0xfe, 0xf, 0xff, 0xb5, 0xff, 0xe0, 0xff, 0xfb,
    0x5f, 0xfe, 0xf, 0xff, 0xb5, 0xff, 0xe0, 0xff,
    0xfb, 0x5f, 0xfe, 0xf, 0xff, 0xb5, 0xff, 0xe0,
    0xff, 0xfb, 0x5f, 0xfe, 0xf, 0xff, 0xb5, 0xff,
    0xe0, 0xff, 0xfb, 0x5f, 0xfe, 0xf, 0xff, 0xb5,
    0xff, 0xe0, 0xff, 0xfb, 0x5f, 0xfe, 0xf, 0xff,
    0xb5, 0xff, 0xe0, 0xff, 0xfb, 0x5f, 0xfe, 0xf,
    0xff, 0xb5, 0xff, 0xe0, 0xff, 0xfb, 0x5f, 0xfe,
    0xf, 0xff, 0xb5, 0xff, 0xe0, 0xff, 0xfb, 0x5f,
    0xfe, 0xf, 0xff, 0xb5, 0xff, 0xe0, 0xff, 0xfb,
    0x5f, 0xfe, 0xf, 0xff, 0xb5, 0xff, 0xe0, 0xff,
    0xfb, 0x5f, 0xfe, 0xf, 0xff, 0xb5, 0xff, 0xe0,
    0xff, 0xfb, 0x5f, 0xfe, 0xf, 0xff, 0xb5, 0xff,
    0xe0, 0xff, 0xfb, 0x5f, 0xfe, 0xf, 0xff, 0xb5,
    0xff, 0xe0, 0xff, 0xfb, 0x5f, 0xfe, 0xf, 0xff,
    0xb5, 0xff, 0xe0, 0xff, 0xfb, 0x5f, 0xfe, 0xf,
    0xff, 0xb5, 0xff, 0xe0, 0xff, 0xfb, 0x5f, 0xfe,
    0xf, 0xff, 0xb5, 0xff, 0xe0, 0xff, 0xfb, 0x5f,
    0xfe, 0xf, 0xff, 0xb5, 0xff, 0xe0, 0xff, 0xfb,
    0x5f, 0xfe, 0xf, 0xff, 0xb5, 0xff, 0xe0, 0xff,
    0xfb, 0x5f, 0xfe, 0xf, 0xff, 0xb5, 0xff, 0xe0,
    0xff, 0xfb, 0xdf, 0xfc, 0x1f, 0xfc, 0x17, 0xff,
    0xfc, 0xc1, 0xaf, 0xfc, 0x1f, 0xfc, 0x7, 0xff,
    0xfd, 0x1, 0xaf, 0xf8, 0x3f, 0xe7, 0xff, 0xfd,
    0x41, 0xaf, 0xf0, 0x7f, 0x9f, 0xff, 0xf6, 0x6,
    0xbf, 0x83, 0xf9, 0xff, 0xff, 0x70, 0x7f, 0xf1,
    0xbf, 0xff, 0xde, 0x87, 0xff, 0x1b, 0xff, 0xfd,
    0xb0, 0x4d, 0x70, 0x77, 0x6, 0xff, 0xff, 0x5c,
    0x13, 0xfe, 0xd, 0xf4, 0x1b, 0xff, 0xfd, 0x30,
    0x4f, 0xfc, 0x17, 0xf4, 0x1b, 0xff, 0xfc, 0xf0,
    0x4f, 0xfe, 0x5, 0xfe, 0x83, 0x57, 0xff, 0x95,
    0x9, 0xff, 0xe2, 0xff, 0xd0, 0x7f, 0xfa, 0xdf,
    0xff, 0x1f, 0xfe, 0x43, 0xff, 0xd5, 0x7f, 0xf9,
    0xff, 0xf2, 0x1f, 0xfe, 0xab, 0xff, 0xcf, 0xff,
    0x90, 0xff, 0xf5, 0x5f, 0xfe, 0x7f, 0xfc, 0x87,
    0xff, 0xaa, 0xff, 0xf3, 0xff, 0xe4, 0x3f, 0xfd,
    0x57, 0xff, 0x9f, 0xff, 0x21, 0xff, 0xea, 0xbf,
    0xfc, 0xff, 0xf9, 0xf, 0xff, 0x55, 0xff, 0xe7,
    0xff, 0xc8, 0x7f, 0xfa, 0xaf, 0xff, 0x3f, 0xfe,
    0x43, 0xff, 0xd5, 0x7f, 0xf9, 0xff, 0xf2, 0x1f,
    0xfe, 0xab, 0xff, 0xcf, 0xff, 0x90, 0xff, 0xf5,
    0x5f, 0xfe, 0x7f, 0xfc, 0x87, 0xff, 0xaa, 0xff,
    0xf3, 0xff, 0xe4, 0x3f, 0xfd, 0x57, 0xff, 0x9f,
    0xff, 0x21, 0xff, 0xea, 0xbf, 0xfc, 0xff, 0xf9,
    0xf, 0xff, 0x55, 0xff, 0xe7, 0xff, 0xc8, 0x7f,
    0xfa, 0xaf, 0xff, 0x3f, 0xfe, 0x43, 0xff, 0xd5,
    0x7f, 0xf9, 0xff, 0xf2, 0x1f, 0xfe, 0xab, 0xff,
    0xcf, 0xff, 0x90, 0xff, 0xf5, 0x5f, 0xfe, 0x7f,
    0xfc, 0x87, 0xff, 0xaa, 0xff, 0xf3, 0xff, 0xe4,
    0x3f, 0xfd, 0x57, 0xff, 0x9f, 0xff, 0x21, 0xff,
    0xea, 0xbf, 0xfc, 0xff, 0xf9, 0xf, 0xff, 0x55,
    0xff, 0xe7, 0xff, 0xc8, 0x7f, 0xfa, 0xaf, 0xff,
    0x3f, 0xfe, 0x43, 0xff, 0xd5, 0x7f, 0xf9, 0xff,
    0xf2, 0x1f, 0xfe, 0xab, 0xff, 0xcf, 0xff, 0x90,
    0xff, 0xf5, 0x5f, 0xfe, 0x7f, 0xfc, 0x87, 0xff,
    0xaa, 0xff, 0xf3, 0xff, 0xe4, 0x3f, 0xfd, 0x57,
    0xff, 0x9f, 0xff, 0x21, 0xff, 0xea, 0xbf, 0xfc,
    0xff, 0xf9, 0xf, 0xff, 0x55, 0xff, 0xe7, 0xff,
    0xc8, 0x7f, 0xfa, 0xaf, 0xff, 0x3f, 0xfe, 0x43,
    0xff, 0xd5, 0x7f, 0xf9, 0xff, 0xf2, 0x1f, 0xfe,
    0xab, 0xff, 0xcf, 0xff, 0x90, 0xff, 0xf5, 0x5f,
    0xfe, 0x7f, 0xfc, 0x87, 0xff, 0xaa, 0xff, 0xf3,
    0xff, 0xe4, 0x3f, 0xfd, 0x57, 0xff, 0x9f, 0xff,
    0x21, 0xff, 0xea, 0xbf, 0xfc, 0xff, 0xf9, 0xf,
    0xff, 0x55, 0xff, 0xe7, 0xff, 0xc8, 0x7f, 0xfa,
    0xaf, 0xff, 0x3f, 0xfe, 0x43, 0xff, 0xd5, 0x7f,
    0xf9, 0xff, 0xf2, 0x1f, 0xfe, 0xab, 0xff, 0xcf,
    0xff, 0x90, 0xff, 0xf5, 0x5f, 0xfe, 0x3f, 0xfc,
    0x87, 0xff, 0xaa, 0xff, 0xf0, 0x3f, 0xf9, 0xf,
    0xff, 0x55, 0xff, 0xe0, 0xbf, 0xe4, 0x3f, 0xfd,
    0x77, 0xff, 0x83, 0x7f, 0x21, 0xab, 0xff, 0xc8,
    0x84, 0xff, 0xf8, 0x3b, 0xe4, 0x37, 0xff, 0xf9,
    0xa0, 0x9f, 0xfe, 0xf, 0x68, 0x6f, 0xff, 0xf4,
    0x41, 0x3f, 0xf8, 0x3f, 0xef, 0xff, 0xf5, 0x41,
    0x3f, 0xf0, 0x7f, 0xbf, 0xff, 0xd9, 0x4, 0xff,
    0x83, 0xfa, 0xff, 0xff, 0x6c, 0x13, 0xfc, 0x1f,
    0xeb, 0xff, 0xfd, 0xb0, 0x4f, 0xe0, 0xff, 0xaf,
    0xff, 0xf6, 0xc1, 0x3f, 0x7, 0xff, 0x3, 0xff,
    0xfd, 0xc8, 0x4f, 0x83, 0xff, 0x83, 0xff, 0xfe,
    0xe4, 0x2b, 0xf, 0xfe, 0x17, 0xff, 0xfb, 0x90,
    0x90,

    /* U+0065 "e" */
    0xf, 0xfe, 0xd, 0xff, 0xfe, 0x58, 0x3f, 0xf8,
    0xb7, 0xff, 0xf9, 0xe0, 0xff, 0xe1, 0xdf, 0xff,
    0xe9, 0x83, 0xff, 0x83, 0x7f, 0xff, 0xae, 0xf,
    0xfa, 0xff, 0xff, 0x6c, 0x1f, 0xef, 0xff, 0xf7,
    0xa1, 0xc8, 0x4f, 0xff, 0xfb, 0x50, 0xe7, 0x82,
    0x7f, 0xff, 0xd6, 0x87, 0x3f, 0x41, 0x3f, 0xff,
    0xe9, 0x43, 0x9f, 0xe8, 0x27, 0xff, 0xfc, 0xe8,
    0x7b, 0xfe, 0x82, 0x6b, 0xff, 0xca, 0x87, 0xbf,
    0xfa, 0xf, 0xff, 0x75, 0xff, 0xe0, 0xff, 0xf0,
    0x57, 0xe0, 0xf5, 0xff, 0xe0, 0xff, 0xef, 0xff,
    0xf2, 0x1d, 0x7f, 0xf8, 0x3f, 0xfb, 0xdf, 0xfe,
    0x43, 0xaf, 0xff, 0x7, 0xff, 0x77, 0xff, 0xe4,
    0x3a, 0xff, 0xf0, 0x7f, 0xf6, 0xdf, 0xff, 0xe0,
    0x21, 0xd7, 0xff, 0x83, 0xff, 0xb4, 0xff, 0xff,
    0x5, 0xe, 0xbf, 0xfc, 0x1f, 0xfd, 0x9b, 0xff,
    0xf8, 0x48, 0x75, 0xff, 0xe0, 0xff, 0xec, 0x5f,
    0xff, 0xc3, 0x43, 0xaf, 0xff, 0x7, 0xff, 0x5e,
    0xff, 0xfe, 0x1c, 0x1e, 0xbf, 0xfc, 0x1f, 0xfd,
    0x6f, 0xff, 0xe2, 0x21, 0xf5, 0xff, 0xe0, 0xff,
    0xea, 0xff, 0xff, 0x11, 0xf, 0xd7, 0xff, 0x83,
    0xff, 0xa9, 0xff, 0xfc, 0x40, 0xff, 0x5f, 0xfe,
    0xf, 0xfe, 0x93, 0xff, 0xfc, 0x40, 0xff, 0xaf,
    0xff, 0x7, 0xff, 0x45, 0xff, 0xfe, 0x20, 0x7f,
    0xf0, 0x2f, 0xff, 0x7, 0xff, 0x42, 0xff, 0xfe,
    0x1c, 0x1f, 0xfc, 0x1b, 0xff, 0xc1, 0xff, 0xcf,
    0xbf, 0xff, 0x87, 0x7, 0xff, 0xa, 0xff, 0xf0,
    0x7f, 0xf3, 0xaf, 0xff, 0xe1, 0xa1, 0xff, 0xc3,
    0xbf, 0xfc, 0x1f, 0xfc, 0xdf, 0xff, 0xe2, 0x21,
    0xff, 0xc4, 0xbf, 0xfc, 0x1f, 0xfc, 0xcf, 0xff,
    0xe2, 0x7, 0xff, 0x1a, 0xff, 0xf0, 0x7f, 0xf2,
    0x9f, 0xff, 0xe2, 0x7, 0xff, 0x1e, 0xff, 0xf0,
    0x7f, 0xf2, 0x5f, 0xff, 0xe2, 0x7, 0xff, 0x22,
    0xff, 0xf0, 0x7f, 0xf2, 0x1f, 0xff, 0xe1, 0xc1,
    0xff, 0xc9, 0xbf, 0xfc, 0x1f, 0xfc, 0x7b, 0xff,
    0xf8, 0x70, 0x7f, 0xf2, 0xaf, 0xff, 0x7, 0xff,
    0x1a, 0xff, 0xfe, 0x1a, 0x1f, 0xfc, 0xbb, 0xff,
    0xc1, 0xff, 0xc5, 0xff, 0xfe, 0x22, 0x1f, 0xfc,
    0xcb, 0xff, 0xc1, 0xff, 0xc4, 0xff, 0xfe, 0x20,
    0x7f, 0xf3, 0xaf, 0xff, 0x7, 0xff, 0xf, 0xff,
    0xf8, 0x81, 0xff, 0xcf, 0xbf, 0xfc, 0x1f, 0xfc,
    0x17, 0xff, 0xf8, 0x81, 0xff, 0xd0, 0xbf, 0xfc,
    0x1f, 0xfc, 0x7, 0xff, 0xf8, 0x70, 0x7f, 0xf4,
    0x6f, 0xff, 0x7, 0xfc, 0xff, 0xff, 0xe, 0xf,
    0xfe, 0x95, 0xff, 0xe0, 0xff, 0x5f, 0xff, 0xc3,
    0x43, 0xff, 0xa7, 0x7f, 0xf8, 0x3f, 0xaf, 0xff,
    0xe1, 0xa1, 0xff, 0xd4, 0xbf, 0xfc, 0x1f, 0xbf,
    0xff, 0x88, 0x1f, 0xfd, 0x6b, 0xff, 0xc1, 0xf7,
    0xff, 0xf1, 0x3, 0xff, 0xaf, 0x7f, 0xf8, 0x3d,
    0xff, 0xfc, 0x40, 0xff, 0xec, 0x5f, 0xfe, 0xc,
    0xff, 0xff, 0xe, 0xf, 0xfe, 0xcd, 0xff, 0xe0,
    0x9f, 0xff, 0xe1, 0xc1, 0xff, 0xda, 0xbf, 0xfc,
    0xb, 0xff, 0xf8, 0x68, 0x7f, 0xf6, 0xef, 0xff,
    0x3, 0xff, 0xf8, 0x68, 0x7f, 0xf7, 0x2f, 0xff,
    0x3, 0xff, 0xf8, 0x41, 0xff, 0xde, 0xbf, 0xfc,
    0xf, 0xff, 0xe0, 0x87, 0xff, 0x7e, 0xff, 0xf0,
    0x3f, 0xff, 0x80, 0x1f, 0xfe, 0xb, 0xff, 0xc0,
    0xff, 0xf4, 0x1f, 0xfe, 0x17, 0xff, 0xc0, 0xff,
    0xe8, 0x3f, 0xfc, 0x6f, 0xff, 0x1, 0x7f, 0x83,
    0xff, 0xca, 0xff, 0xc1, 0xff, 0xf2, 0x7f, 0x83,
    0x35, 0xff, 0xe5, 0x43, 0xf9, 0xf8, 0x33, 0xff,
    0xfe, 0x74, 0x3f, 0x98, 0x3b, 0xff, 0xfd, 0x28,
    0x7f, 0xf0, 0xbf, 0xff, 0xd7, 0x7, 0xff, 0x3,
    0xff, 0xfd, 0xb0, 0x7f, 0xbf, 0xff, 0xde, 0x1f,
    0xe7, 0xff, 0xfd, 0xa1, 0xff, 0xc0, 0x7f, 0xff,
    0xd6, 0x1f, 0xfc, 0x27, 0xff, 0xfd, 0x21, 0xff,
    0xc4, 0x7f, 0xff, 0xce, 0x1f, 0xfc, 0x67, 0xff,
    0xfc, 0xa1, 0xe0,

    /* U+0066 "f" */
    0xf, 0xfe, 0x17, 0xff, 0xf6, 0x43, 0xff, 0x8f,
    0xff, 0xfd, 0xb0, 0xff, 0xe2, 0xff, 0xff, 0x74,
    0x3f, 0xf8, 0x7f, 0xff, 0xdf, 0xf, 0xfe, 0xf,
    0xff, 0xf8, 0x43, 0xfe, 0xff, 0xff, 0x18, 0x7f,
    0xdf, 0xff, 0xe1, 0x43, 0xff, 0x81, 0xff, 0xfd,
    0xf4, 0x3e, 0x70, 0xef, 0xff, 0xee, 0xa1, 0xf3,
    0xf0, 0x67, 0xff, 0xfb, 0x68, 0x7c, 0xff, 0x6,
    0x6b, 0xff, 0xb2, 0x1f, 0x9f, 0xf8, 0x3f, 0xfc,
    0x8f, 0xff, 0x7, 0xff, 0x89, 0xff, 0xf0, 0x7f,
    0xf8, 0xaf, 0xff, 0x7, 0xff, 0x8a, 0xff, 0xf0,
    0x7f, 0xf8, 0xaf, 0xff, 0x7, 0xff, 0x8a, 0xff,
    0xf0, 0x7f, 0xf8, 0xaf, 0xff, 0x7, 0xff, 0x8a,
    0xff, 0xf0, 0x7f, 0xf8, 0xaf, 0xff, 0x7, 0xff,
    0x8a, 0xff, 0xf0, 0x7f, 0xf8, 0xaf, 0xff, 0x7,
    0xff, 0x8a, 0xff, 0xf0, 0x7f, 0xf8, 0xaf, 0xff,
    0x7, 0xff, 0x8a, 0xff, 0xf0, 0x7f, 0xf8, 0xaf,
    0xff, 0x7, 0xff, 0x8a, 0xff, 0xf0, 0x7f, 0xf8,
    0xaf, 0xff, 0x7, 0xff, 0x8a, 0xff, 0xf0, 0x7f,
    0xf8, 0xaf, 0xff, 0x7, 0xff, 0x8a, 0xff, 0xf0,
    0x7f, 0xf8, 0xaf, 0xff, 0x7, 0xff, 0x8a, 0xff,
    0xf0, 0x7f, 0xf8, 0xaf, 0xff, 0x7, 0xff, 0x8a,
    0xff, 0xf0, 0x7f, 0xf8, 0xaf, 0xff, 0x7, 0xff,
    0x8a, 0xff, 0xf0, 0x7f, 0xf8, 0xaf, 0xff, 0x7,
    0xff, 0x8a, 0xff, 0xf0, 0x7f, 0xf8, 0xaf, 0xff,
    0x7, 0xff, 0x8a, 0xff, 0xf0, 0x7f, 0xf8, 0xaf,
    0xff, 0x7, 0xff, 0x8a, 0xff, 0xf0, 0x7f, 0xf8,
    0xaf, 0xff, 0x7, 0xff, 0x8a, 0xff, 0xf0, 0x7f,
    0xf8, 0xaf, 0xff, 0x7, 0xff, 0x8a, 0xff, 0xf0,
    0x7f, 0xf8, 0xaf, 0xff, 0x7, 0xff, 0x8a, 0xff,
    0xf0, 0x7f, 0xf8, 0xaf, 0xff, 0x7, 0xff, 0x8a,
    0xff, 0xf0, 0x7f, 0xf8, 0xaf, 0xff, 0x7, 0xff,
    0x8a, 0xff, 0xf0, 0x7f, 0xf8, 0xaf, 0xff, 0x7,
    0xff, 0x8a, 0xff, 0xf0, 0x7f, 0xf8, 0xaf, 0xff,
    0x7, 0xff, 0x8f, 0xff, 0x90, 0xff, 0xf2, 0x7f,
    0xc8, 0x4d, 0x7f, 0xf2, 0x3, 0xff, 0x9d, 0xfc,
    0x84, 0xff, 0xff, 0x26, 0xf, 0xfe, 0x6b, 0xf2,
    0x13, 0xff, 0xfc, 0xb8, 0x3f, 0xf9, 0xae, 0x84,
    0xff, 0xff, 0x36, 0xf, 0xfe, 0x8b, 0xff, 0xfc,
    0xf8, 0x3f, 0xfa, 0x1f, 0xff, 0xd1, 0x83, 0xff,
    0x9f, 0x7f, 0xff, 0x40, 0x3f, 0xf9, 0x98, 0x6b,
    0xff, 0xf9, 0xc1, 0xff, 0xcc, 0xf8, 0x35, 0xff,
    0xfc, 0xc0, 0xff, 0xe6, 0x7f, 0x6, 0xbf, 0xff,
    0x94, 0x1f, 0xfc, 0xcf, 0xf8, 0x35, 0xff, 0xfc,
    0x80, 0xff, 0xe6, 0x5f, 0xf8, 0x3f, 0xfc, 0x77,
    0xff, 0x83, 0xff, 0xc5, 0x7f, 0xf8, 0x3f, 0xfc,
    0x57, 0xff, 0x83, 0xff, 0xc5, 0x7f, 0xf8, 0x3f,
    0xfc, 0x57, 0xff, 0x83, 0xff, 0xc5, 0x7f, 0xf8,
    0x3f, 0xfc, 0x57, 0xff, 0x83, 0xff, 0xc5, 0x7f,
    0xf8, 0x3f, 0xfc, 0x57, 0xff, 0x83, 0xff, 0xc5,
    0x7f, 0xf8, 0x3f, 0xfc, 0x57, 0xff, 0x83, 0xff,
    0xc5, 0x7f, 0xf8, 0x3f, 0xfc, 0x57, 0xff, 0x83,
    0xff, 0xc5, 0x7f, 0xf8, 0x3f, 0xfc, 0x57, 0xff,
    0x83, 0xff, 0xc5, 0x7f, 0xf8, 0x3f, 0xfc, 0x57,
    0xff, 0x83, 0xff, 0xc5, 0x7f, 0xf8, 0x3f, 0xfc,
    0x57, 0xff, 0x83, 0xff, 0xc5, 0x7f, 0xf8, 0x3f,
    0xfc, 0x57, 0xff, 0x83, 0xff, 0xc5, 0x7f, 0xf8,
    0x3f, 0xfc, 0x57, 0xff, 0x83, 0xff, 0xc5, 0x7f,
    0xf8, 0x3f, 0xfc, 0x57, 0xff, 0x83, 0xff, 0xc5,
    0x7f, 0xf8, 0x3f, 0xfc, 0x57, 0xff, 0x83, 0xff,
    0xc5, 0x7f, 0xf8, 0x3f, 0xfc, 0x57, 0xff, 0x83,
    0xff, 0xc5, 0x7f, 0xf8, 0x3f, 0xfc, 0x57, 0xff,
    0x83, 0xff, 0xc5, 0x7f, 0xf8, 0x3f, 0xfc, 0x57,
    0xff, 0x83, 0xff, 0xc5, 0x7f, 0xf8, 0x3f, 0xfc,
    0x57, 0xff, 0x83, 0xff, 0xc5, 0x7f, 0xf8, 0x3f,
    0xfc, 0x57, 0xff, 0x83, 0xff, 0xc5, 0x7f, 0xf8,
    0x3f, 0xfc, 0x57, 0xff, 0x83, 0xff, 0xc5, 0x7f,
    0xf8, 0x3f, 0xfc, 0x57, 0xff, 0x83, 0xff, 0xc5,
    0x7f, 0xf8, 0x3f, 0xfc, 0x57, 0xff, 0x83, 0xff,
    0xc5, 0x7f, 0xf8, 0x3f, 0xfc, 0x57, 0xff, 0x83,
    0xff, 0xc5, 0x7f, 0xf8, 0x3f, 0xfc, 0x57, 0xff,
    0x83, 0xff, 0xc5, 0x7f, 0xf8, 0x3f, 0xfc, 0x57,
    0xff, 0x83, 0xff, 0xc5, 0x7f, 0xf8, 0x3f, 0xfc,
    0x57, 0xff, 0x83, 0xff, 0xc5, 0x7f, 0xf8, 0x3f,
    0xfc, 0x7f, 0xfe, 0xf, 0xff, 0x25, 0xff, 0x7,
    0xff, 0x9a, 0xfe, 0xf, 0xff, 0x45, 0xf0, 0x7f,
    0xfa, 0xac, 0x3f, 0xff, 0xe1, 0xff, 0xd4,

    /* U+0067 "g" */
    0xf, 0xfe, 0x17, 0xff, 0xf9, 0x43, 0xff, 0x9f,
    0xff, 0xfe, 0x70, 0xff, 0xe6, 0xff, 0xff, 0xa4,
    0x3f, 0xf9, 0x7f, 0xff, 0xeb, 0xf, 0xfe, 0x4f,
    0xff, 0xfb, 0x43, 0xff, 0x8f, 0xff, 0xfe, 0xf0,
    0xff, 0xe3, 0xff, 0xff, 0xb6, 0xf, 0xfe, 0x47,
    0xff, 0xfa, 0xe0, 0xff, 0xe1, 0xb8, 0x77, 0xff,
    0xfa, 0x50, 0xd2, 0x1f, 0xcf, 0xc1, 0x9f, 0xff,
    0xf3, 0xa1, 0xaf, 0x21, 0xf3, 0xfc, 0x19, 0xaf,
    0xff, 0x2a, 0x1b, 0xf9, 0xe, 0x7f, 0xe0, 0xff,
    0xf6, 0xff, 0xc8, 0x4f, 0xff, 0x7, 0xff, 0xaf,
    0xff, 0x91, 0xff, 0xf0, 0x7f, 0xfa, 0xff, 0xfc,
    0xdf, 0xfe, 0xf, 0xff, 0x5f, 0xff, 0xd7, 0xff,
    0x83, 0xff, 0xd7, 0xff, 0xf5, 0xff, 0xe0, 0xff,
    0xf5, 0xff, 0xfd, 0x7f, 0xf8, 0x3f, 0xfd, 0x7f,
    0xff, 0x5f, 0xfe, 0xf, 0xff, 0x5f, 0xff, 0xd7,
    0xff, 0x83, 0xff, 0xd7, 0xff, 0xf5, 0xff, 0xe0,
    0xff, 0xf5, 0xff, 0xfd, 0x7f, 0xf8, 0x3f, 0xfd,
    0x7f, 0xff, 0x5f, 0xfe, 0xf, 0xff, 0x5f, 0xff,
    0xd7, 0xff, 0x83, 0xff, 0xd7, 0xff, 0xf5, 0xff,
    0xe0, 0xff, 0xf5, 0xff, 0xfd, 0x7f, 0xf8, 0x3f,
    0xfd, 0x7f, 0xff, 0x5f, 0xfe, 0xf, 0xff, 0x5f,
    0xff, 0xd7, 0xff, 0x83, 0xff, 0xd7, 0xff, 0xf5,
    0xff, 0xe0, 0xff, 0xf5, 0xff, 0xfd, 0x7f, 0xf8,
    0x3f, 0xfd, 0x7f, 0xff, 0x5f, 0xfe, 0xf, 0xff,
    0x5f, 0xff, 0xd7, 0xff, 0x83, 0xff, 0xd7, 0xff,
    0xf5, 0xff, 0xe0, 0xff, 0xf5, 0xff, 0xfd, 0x7f,
    0xf8, 0x3f, 0xfd, 0x7f, 0xff, 0x5f, 0xfe, 0xf,
    0xff, 0x5f, 0xff, 0xd7, 0xff, 0x83, 0xff, 0xd7,
    0xff, 0xf5, 0xff, 0xe0, 0xff, 0xf5, 0xff, 0xfd,
    0x7f, 0xf8, 0x3f, 0xfd, 0x7f, 0xff, 0x5f, 0xfe,
    0xf, 0xff, 0x5f, 0xff, 0xd7, 0xff, 0x83, 0xff,
    0xd7, 0xff, 0xf5, 0xff, 0xe0, 0xff, 0xf5, 0xff,
    0xfd, 0x7f, 0xf8, 0x3f, 0xfd, 0x7f, 0xff, 0x5f,
    0xfe, 0xf, 0xff, 0x5f, 0xff, 0xd7, 0xff, 0x83,
    0xff, 0xd7, 0xff, 0xf5, 0xff, 0xe0, 0xff, 0xf5,
    0xff, 0xfd, 0x7f, 0xf8, 0x3f, 0xfd, 0x7f, 0xff,
    0x5f, 0xfe, 0xf, 0xff, 0x5f, 0xff, 0xd7, 0xff,
    0x83, 0xff, 0xd7, 0xff, 0xf5, 0xff, 0xe0, 0xff,
    0xf5, 0xff, 0xfd, 0x7f, 0xf8, 0x3f, 0xfd, 0x7f,
    0xff, 0x5f, 0xfe, 0xf, 0xff, 0x5f, 0xff, 0xd7,
    0xff, 0x83, 0xff, 0xd7, 0xff, 0xf5, 0xff, 0xe0,
    0xff, 0xf5, 0xff, 0xfd, 0x7f, 0xf8, 0x3f, 0xfd,
    0x7f, 0xff, 0x5f, 0xfe, 0xf, 0xff, 0x5f, 0xff,
    0xd7, 0xff, 0x83, 0xff, 0xd7, 0xff, 0xf5, 0xff,
    0xe0, 0xff, 0xf5, 0xff, 0xfc, 0xff, 0xf2, 0x1f,
    0xfe, 0xb7, 0xff, 0xc3, 0xff, 0x21, 0x35, 0xff,
    0xe5, 0x42, 0x7f, 0xf8, 0xf, 0xf2, 0x13, 0xff,
    0xfe, 0x74, 0x27, 0xff, 0x4, 0xfc, 0x84, 0xff,
    0xff, 0xa5, 0x9, 0xff, 0x83, 0x3a, 0x13, 0xff,
    0xfe, 0xb4, 0x27, 0xfc, 0x1f, 0xcf, 0xff, 0xfb,
    0x50, 0xcb, 0xc1, 0xfd, 0xff, 0xfe, 0xf4, 0x3f,
    0xf8, 0xb7, 0xff, 0xfb, 0x60, 0xff, 0xe3, 0xdf,
    0xff, 0xeb, 0x83, 0x7f, 0x41, 0xff, 0x5f, 0xff,
    0xe9, 0x83, 0x7f, 0xc1, 0xff, 0xc0, 0xbf, 0xff,
    0xcf, 0x6, 0xff, 0xc1, 0xff, 0xc1, 0xbf, 0xff,
    0xcb, 0x6, 0xff, 0xe0, 0xff, 0xfb, 0xff, 0xf8,
    0x3f, 0xfe, 0xdf, 0xff, 0x7, 0xff, 0xdb, 0xff,
    0xe0, 0xff, 0xfb, 0x7f, 0xfc, 0x1f, 0xff, 0x6f,
    0xff, 0x83, 0xff, 0xed, 0xff, 0xf0, 0x7f, 0xfd,
    0xbf, 0xfe, 0xf, 0xff, 0xb7, 0xff, 0xc1, 0xff,
    0xf6, 0xff, 0xf8, 0x3f, 0xfe, 0xdf, 0xff, 0x7,
    0xff, 0xdb, 0xff, 0xe0, 0xff, 0xfb, 0x7f, 0xfc,
    0x1f, 0xff, 0x6f, 0xff, 0x83, 0xff, 0xed, 0xff,
    0xf0, 0x7f, 0xfd, 0xbf, 0xfe, 0xf, 0xff, 0xb7,
    0xff, 0xc1, 0xff, 0xf6, 0xff, 0xf8, 0x3f, 0xfe,
    0xdf, 0xff, 0x7, 0xff, 0xdb, 0xff, 0xe0, 0xff,
    0xfb, 0x7f, 0xfc, 0x1f, 0xff, 0x6f, 0xff, 0x83,
    0xff, 0xed, 0xff, 0xf0, 0x7f, 0xfd, 0xbf, 0xfe,
    0xf, 0xff, 0xb7, 0xff, 0xc1, 0xff, 0xf6, 0xff,
    0xf8, 0x3f, 0xfe, 0xdf, 0xff, 0x7, 0xff, 0xdb,
    0xff, 0xe0, 0xff, 0xfb, 0x7f, 0xfc, 0x1f, 0xff,
    0x6f, 0xff, 0x83, 0xff, 0xed, 0xff, 0xf0, 0x7f,
    0xfd, 0xbf, 0xfe, 0xf, 0xff, 0xb7, 0xff, 0xc1,
    0xff, 0xf6, 0xff, 0xf8, 0x3f, 0xfe, 0xdf, 0xff,
    0x7, 0xff, 0xdb, 0xff, 0xe0, 0xff, 0xfb, 0x7f,
    0xfc, 0x1f, 0xff, 0x6f, 0xff, 0x83, 0xff, 0xed,
    0xff, 0xf0, 0x7f, 0xfd, 0xbf, 0xfe, 0xf, 0xff,
    0xb7, 0xff, 0xc1, 0xff, 0xf6, 0xff, 0xf8, 0x3f,
    0xfe, 0xdf, 0xff, 0x7, 0xff, 0xdb, 0xff, 0xe0,
    0xff, 0xfb, 0x7f, 0xfc, 0x1f, 0xff, 0x6f, 0xff,
    0x41, 0xff, 0xf6, 0xff, 0xf0, 0x7f, 0xfd, 0xdf,
    0xfc, 0x1f, 0xff, 0x97, 0xfc, 0x1f, 0xfc, 0x4b,
    0xff, 0xfc, 0xb0, 0x67, 0xf0, 0x7f, 0xf1, 0x2f,
    0xff, 0xf4, 0x6, 0x7c, 0x1f, 0xfc, 0x4b, 0xff,
    0xfd, 0x41, 0x90, 0xff, 0xe2, 0x5f, 0xff, 0xec,
    0xf, 0xfe, 0x3b, 0xff, 0xfe, 0xe0, 0xff, 0xe3,
    0x7f, 0xff, 0xbc, 0x3f, 0xf8, 0xff, 0xff, 0xed,
    0xf, 0xfe, 0x4f, 0xff, 0xfa, 0xc3, 0xff, 0x97,
    0xff, 0xfe, 0x90, 0xff, 0xe6, 0xff, 0xff, 0x9c,
    0x3f, 0xf9, 0xf5, 0xff, 0xe5, 0xf, 0xfe, 0x10,

    /* U+0068 "h" */
    0xf, 0xff, 0xf8, 0x7d, 0x61, 0xff, 0xfe, 0xbe,
    0xf, 0xff, 0xe5, 0xfc, 0x1f, 0xff, 0xab, 0xfe,
    0xf, 0xff, 0xc7, 0xff, 0x83, 0xff, 0xed, 0x7f,
    0xf8, 0x3f, 0xfe, 0xd7, 0xff, 0x83, 0xff, 0xed,
    0x7f, 0xf8, 0x3f, 0xfe, 0xd7, 0xff, 0x83, 0xff,
    0xed, 0x7f, 0xf8, 0x3f, 0xfe, 0xd7, 0xff, 0x83,
    0xff, 0xed, 0x7f, 0xf8, 0x3f, 0xfe, 0xd7, 0xff,
    0x83, 0xff, 0xed, 0x7f, 0xf8, 0x3f, 0xfe, 0xd7,
    0xff, 0x83, 0xff, 0xed, 0x7f, 0xf8, 0x3f, 0xfe,
    0xd7, 0xff, 0x83, 0xff, 0xed, 0x7f, 0xf8, 0x3f,
    0xfe, 0xd7, 0xff, 0x83, 0xff, 0xed, 0x7f, 0xf8,
    0x3f, 0xfe, 0xd7, 0xff, 0x83, 0xff, 0xed, 0x7f,
    0xf8, 0x3f, 0xfe, 0xd7, 0xff, 0x83, 0xff, 0xed,
    0x7f, 0xf8, 0x3f, 0xfe, 0xd7, 0xff, 0x83, 0xff,
    0xed, 0x7f, 0xf8, 0x3f, 0xfe, 0xd7, 0xff, 0x83,
    0xff, 0xed, 0x7f, 0xf8, 0x3f, 0xfe, 0xd7, 0xff,
    0x83, 0xff, 0xed, 0x7f, 0xf8, 0x3f, 0xfe, 0xd7,
    0xff, 0x83, 0xff, 0xed, 0x7f, 0xf8, 0x3f, 0xfe,
    0xd7, 0xff, 0x83, 0xff, 0xed, 0x7f, 0xf8, 0x3f,
    0xfe, 0xd7, 0xff, 0x83, 0xff, 0xed, 0x7f, 0xf8,
    0x3f, 0xfe, 0xd7, 0xff, 0x83, 0xff, 0xed, 0x7f,
    0xf8, 0x3f, 0xfe, 0xd7, 0xff, 0x83, 0xff, 0xed,
    0x7f, 0xf8, 0x3f, 0xfe, 0xd7, 0xff, 0x83, 0xff,
    0xed, 0x7f, 0xf8, 0x3f, 0xfe, 0xd7, 0xff, 0x83,
    0xff, 0xed, 0x7f, 0xf8, 0x3f, 0xfe, 0xd7, 0xff,
    0x83, 0xff, 0xed, 0x7f, 0xf8, 0x3f, 0xfe, 0xd7,
    0xff, 0x83, 0xff, 0xed, 0x7f, 0xf8, 0x3f, 0xfe,
    0xd7, 0xff, 0x83, 0xff, 0xed, 0x7f, 0xf8, 0x3f,
    0xfe, 0xd7, 0xff, 0x83, 0xff, 0xed, 0x7f, 0xf8,
    0x3f, 0xfe, 0xd7, 0xff, 0x83, 0xff, 0xed, 0x7f,
    0xf8, 0x3f, 0xfe, 0xd7, 0xff, 0x83, 0xff, 0xed,
    0x7f, 0xf8, 0x3f, 0xfe, 0xd7, 0xff, 0x83, 0xff,
    0xed, 0x7f, 0xf0, 0x7f, 0xfd, 0xef, 0xfc, 0x1a,
    0xff, 0xff, 0x2c, 0x1f, 0xfc, 0x1b, 0xfe, 0xd,
    0x7f, 0xff, 0x9e, 0xf, 0xfe, 0x5, 0xfe, 0xd,
    0x7f, 0xff, 0xa6, 0xf, 0xfa, 0xfe, 0xd, 0x7f,
    0xff, 0xae, 0xf, 0xfe, 0x3d, 0xff, 0xfe, 0xd8,
    0x3f, 0xf8, 0xdf, 0xff, 0xef, 0x43, 0xf3, 0x59,
    0x9, 0xff, 0xff, 0x6a, 0x1f, 0xd7, 0xf4, 0x13,
    0xff, 0xfe, 0xb4, 0x27, 0x43, 0x5f, 0xe8, 0x27,
    0xff, 0xfd, 0x28, 0x4f, 0xc8, 0x57, 0xfd, 0x4,
    0xff, 0xff, 0x9d, 0x9, 0xfe, 0x41, 0x7f, 0xe8,
    0x26, 0xbf, 0xfc, 0xa8, 0x4f, 0xfc, 0x97, 0xff,
    0x41, 0xff, 0xeb, 0x7f, 0xf8, 0xbf, 0xfc, 0x1f,
    0xfe, 0xbf, 0xff, 0x53, 0xff, 0xc1, 0xff, 0xeb,
    0xff, 0xfa, 0xff, 0xf0, 0x7f, 0xfa, 0xff, 0xfe,
    0xbf, 0xfc, 0x1f, 0xfe, 0xbf, 0xff, 0xaf, 0xff,
    0x7, 0xff, 0xaf, 0xff, 0xeb, 0xff, 0xc1, 0xff,
    0xeb, 0xff, 0xfa, 0xff, 0xf0, 0x7f, 0xfa, 0xff,
    0xfe, 0xbf, 0xfc, 0x1f, 0xfe, 0xbf, 0xff, 0xaf,
    0xff, 0x7, 0xff, 0xaf, 0xff, 0xeb, 0xff, 0xc1,
    0xff, 0xeb, 0xff, 0xfa, 0xff, 0xf0, 0x7f, 0xfa,
    0xff, 0xfe, 0xbf, 0xfc, 0x1f, 0xfe, 0xbf, 0xff,
    0xaf, 0xff, 0x7, 0xff, 0xaf, 0xff, 0xeb, 0xff,
    0xc1, 0xff, 0xeb, 0xff, 0xfa, 0xff, 0xf0, 0x7f,
    0xfa, 0xff, 0xfe, 0xbf, 0xfc, 0x1f, 0xfe, 0xbf,
    0xff, 0xaf, 0xff, 0x7, 0xff, 0xaf, 0xff, 0xeb,
    0xff, 0xc1, 0xff, 0xeb, 0xff, 0xfa, 0xff, 0xf0,
    0x7f, 0xfa, 0xff, 0xfe, 0xbf, 0xfc, 0x1f, 0xfe,
    0xbf, 0xff, 0xaf, 0xff, 0x7, 0xff, 0xaf, 0xff,
    0xeb, 0xff, 0xc1, 0xff, 0xeb, 0xff, 0xfa, 0xff,
    0xf0, 0x7f, 0xfa, 0xff, 0xfe, 0xbf, 0xfc, 0x1f,
    0xfe, 0xbf, 0xff, 0xaf, 0xff, 0x7, 0xff, 0xaf,
    0xff, 0xeb, 0xff, 0xc1, 0xff, 0xeb, 0xff, 0xfa,
    0xff, 0xf0, 0x7f, 0xfa, 0xff, 0xfe, 0xbf, 0xfc,
    0x1f, 0xfe, 0xbf, 0xff, 0xaf, 0xff, 0x7, 0xff,
    0xaf, 0xff, 0xeb, 0xff, 0xc1, 0xff, 0xeb, 0xff,
    0xfa, 0xff, 0xf0, 0x7f, 0xfa, 0xff, 0xfe, 0xbf,
    0xfc, 0x1f, 0xfe, 0xbf, 0xff, 0xaf, 0xff, 0x7,
    0xff, 0xaf, 0xff, 0xeb, 0xff, 0xc1, 0xff, 0xeb,
    0xff, 0xfa, 0xff, 0xf0, 0x7f, 0xfa, 0xff, 0xfe,
    0xbf, 0xfc, 0x1f, 0xfe, 0xbf, 0xff, 0xaf, 0xff,
    0x7, 0xff, 0xaf, 0xff, 0xeb, 0xff, 0xc1, 0xff,
    0xeb, 0xff, 0xfa, 0xff, 0xf0, 0x7f, 0xfa, 0xff,
    0xfe, 0xbf, 0xfc, 0x1f, 0xfe, 0xbf, 0xff, 0xaf,
    0xff, 0x7, 0xff, 0xaf, 0xff, 0xeb, 0xff, 0xc1,
    0xff, 0xeb, 0xff, 0xfa, 0xff, 0xf0, 0x7f, 0xfa,
    0xff, 0xfe, 0xbf, 0xfc, 0x1f, 0xfe, 0xbf, 0xff,
    0xaf, 0xff, 0x7, 0xff, 0xaf, 0xff, 0xeb, 0xff,
    0xc1, 0xff, 0xeb, 0xff, 0xfa, 0xff, 0xf0, 0x7f,
    0xfa, 0xff, 0xfe, 0xbf, 0xfc, 0x1f, 0xfe, 0xbf,
    0xff, 0xaf, 0xff, 0x7, 0xff, 0xaf, 0xff, 0xeb,
    0xff, 0xc1, 0xff, 0xeb, 0xff, 0xfa, 0xff, 0xf0,
    0x7f, 0xfa, 0xff, 0xfe, 0x7f, 0xfc, 0x1f, 0xfe,
    0xbf, 0xff, 0x23, 0xff, 0xa0, 0xff, 0xf5, 0xdf,
    0xf9, 0x9, 0xff, 0x41, 0xff, 0xed, 0xbf, 0xc8,
    0x73, 0xfa, 0xf, 0xff, 0x7d, 0xf9, 0xf, 0x9f,
    0x41, 0xff, 0xf1, 0xbc, 0x87, 0xf3, 0x7, 0xff,
    0xce, 0x43, 0x80,

    /* U+0069 "i" */
    0x17, 0xfe, 0x2f, 0xff, 0x8b, 0xff, 0xe2, 0xff,
    0xf8, 0xbf, 0xfe, 0x2f, 0xff, 0x8b, 0xff, 0xe2,
    0xff, 0xf8, 0xbf, 0xfe, 0x2f, 0xff, 0x8b, 0xff,
    0xe2, 0xff, 0xf8, 0x3f, 0xff, 0xe1, 0xff, 0xd7,
    0x74, 0x3f, 0xdf, 0x21, 0xfb, 0xf9, 0xf, 0x7f,
    0xc8, 0x6f, 0xfe, 0x41, 0x7f, 0xf8, 0x17, 0xff,
    0x81, 0x7f, 0xf8, 0x17, 0xff, 0x81, 0x7f, 0xf8,
    0x17, 0xff, 0x81, 0x7f, 0xf8, 0x17, 0xff, 0x81,
    0x7f, 0xf8, 0x17, 0xff, 0x81, 0x7f, 0xf8, 0x17,
    0xff, 0x81, 0x7f, 0xf8, 0x17, 0xff, 0x81, 0x7f,
    0xf8, 0x17, 0xff, 0x81, 0x7f, 0xf8, 0x17, 0xff,
    0x81, 0x7f, 0xf8, 0x17, 0xff, 0x81, 0x7f, 0xf8,
    0x17, 0xff, 0x81, 0x7f, 0xf8, 0x17, 0xff, 0x81,
    0x7f, 0xf8, 0x17, 0xff, 0x81, 0x7f, 0xf8, 0x17,
    0xff, 0x81, 0x7f, 0xf8, 0x17, 0xff, 0x81, 0x7f,
    0xf8, 0x17, 0xff, 0x81, 0x7f, 0xf8, 0x17, 0xff,
    0x81, 0x7f, 0xf8, 0x17, 0xff, 0x81, 0x7f, 0xf8,
    0x17, 0xff, 0x81, 0x7f, 0xf8, 0x17, 0xff, 0x81,
    0x7f, 0xf8, 0x17, 0xff, 0x81, 0x7f, 0xf8, 0x17,
    0xff, 0x81, 0x7f, 0xf8, 0x17, 0xff, 0x81, 0x7f,
    0xf8, 0x17, 0xff, 0x81, 0x7f, 0xf8, 0x17, 0xff,
    0x81, 0x7f, 0xf8, 0x17, 0xff, 0x81, 0x7f, 0xf8,
    0x17, 0xff, 0x81, 0x7f, 0xf8, 0x17, 0xff, 0x81,
    0x7f, 0xf8, 0x17, 0xff, 0x82, 0xff, 0xf0, 0x6f,
    0xfc, 0x87, 0x7f, 0x90, 0xfb, 0xf2, 0x1f, 0xde,
    0x43, 0xfe, 0x43, 0x80,

    /* U+006A "j" */
    0xf, 0xfe, 0xea, 0xff, 0xc1, 0xff, 0xdd, 0xbf,
    0xfe, 0xf, 0xfe, 0xed, 0xff, 0xf0, 0x7f, 0xf7,
    0x6f, 0xff, 0x83, 0xff, 0xbb, 0x7f, 0xfc, 0x1f,
    0xfd, 0xdb, 0xff, 0xe0, 0xff, 0xee, 0xdf, 0xff,
    0x7, 0xff, 0x76, 0xff, 0xf8, 0x3f, 0xfb, 0xb7,
    0xff, 0xc1, 0xff, 0xdd, 0xbf, 0xfe, 0xf, 0xfe,
    0xed, 0xff, 0xf0, 0x7f, 0xf7, 0x6f, 0xff, 0x83,
    0xff, 0xfe, 0x1f, 0xff, 0xf0, 0xff, 0xff, 0x87,
    0xff, 0xfc, 0x3f, 0xff, 0xe1, 0xff, 0xff, 0xf,
    0xff, 0xf6, 0x1f, 0xfe, 0x7f, 0x83, 0xff, 0xcb,
    0xfc, 0x87, 0xff, 0x8a, 0xff, 0x21, 0xff, 0xe0,
    0xbf, 0xf2, 0x1f, 0xfd, 0xe7, 0xff, 0xc1, 0xff,
    0xde, 0xbf, 0xfc, 0x1f, 0xfd, 0xeb, 0xff, 0xc1,
    0xff, 0xde, 0xbf, 0xfc, 0x1f, 0xfd, 0xeb, 0xff,
    0xc1, 0xff, 0xde, 0xbf, 0xfc, 0x1f, 0xfd, 0xeb,
    0xff, 0xc1, 0xff, 0xde, 0xbf, 0xfc, 0x1f, 0xfd,
    0xeb, 0xff, 0xc1, 0xff, 0xde, 0xbf, 0xfc, 0x1f,
    0xfd, 0xeb, 0xff, 0xc1, 0xff, 0xde, 0xbf, 0xfc,
    0x1f, 0xfd, 0xeb, 0xff, 0xc1, 0xff, 0xde, 0xbf,
    0xfc, 0x1f, 0xfd, 0xeb, 0xff, 0xc1, 0xff, 0xde,
    0xbf, 0xfc, 0x1f, 0xfd, 0xeb, 0xff, 0xc1, 0xff,
    0xde, 0xbf, 0xfc, 0x1f, 0xfd, 0xeb, 0xff, 0xc1,
    0xff, 0xde, 0xbf, 0xfc, 0x1f, 0xfd, 0xeb, 0xff,
    0xc1, 0xff, 0xde, 0xbf, 0xfc, 0x1f, 0xfd, 0xeb,
    0xff, 0xc1, 0xff, 0xde, 0xbf, 0xfc, 0x1f, 0xfd,
    0xeb, 0xff, 0xc1, 0xff, 0xde, 0xbf, 0xfc, 0x1f,
    0xfd, 0xeb, 0xff, 0xc1, 0xff, 0xde, 0xbf, 0xfc,
    0x1f, 0xfd, 0xeb, 0xff, 0xc1, 0xff, 0xde, 0xbf,
    0xfc, 0x1f, 0xfd, 0xeb, 0xff, 0xc1, 0xff, 0xde,
    0xbf, 0xfc, 0x1f, 0xfd, 0xeb, 0xff, 0xc1, 0xff,
    0xde, 0xbf, 0xfc, 0x1f, 0xfd, 0xeb, 0xff, 0xc1,
    0xff, 0xde, 0xbf, 0xfc, 0x1f, 0xfd, 0xeb, 0xff,
    0xc1, 0xff, 0xde, 0xbf, 0xfc, 0x1f, 0xfd, 0xeb,
    0xff, 0xc1, 0xff, 0xde, 0xbf, 0xfc, 0x1f, 0xfd,
    0xeb, 0xff, 0xc1, 0xff, 0xde, 0xbf, 0xfc, 0x1f,
    0xfd, 0xeb, 0xff, 0xc1, 0xff, 0xde, 0xbf, 0xfc,
    0x1f, 0xfd, 0xeb, 0xff, 0xc1, 0xff, 0xde, 0xbf,
    0xfc, 0x1f, 0xfd, 0xeb, 0xff, 0xc1, 0xff, 0xde,
    0xbf, 0xfc, 0x1f, 0xfd, 0xeb, 0xff, 0xc1, 0xff,
    0xde, 0xbf, 0xfc, 0x1f, 0xfd, 0xeb, 0xff, 0xc1,
    0xff, 0xdf, 0xff, 0xe0, 0xff, 0xf0, 0xff, 0xc1,
    0xff, 0xe3, 0xfe, 0xf, 0xff, 0x2f, 0xc1, 0xff,
    0xe7, 0x83, 0xff, 0xfe, 0x1f, 0xff, 0xf0, 0xfc,
    0x87, 0xff, 0x9e, 0xe0, 0xff, 0xf2, 0xdf, 0x41,
    0xff, 0xe3, 0xbf, 0xa0, 0xff, 0xf0, 0xdf, 0xf4,
    0x1f, 0xfd, 0xf7, 0xff, 0xa0, 0xff, 0xef, 0x5f,
    0xfe, 0xf, 0xfe, 0xf5, 0xff, 0xe0, 0xff, 0xef,
    0x5f, 0xfe, 0xf, 0xfe, 0xf5, 0xff, 0xe0, 0xff,
    0xef, 0x5f, 0xfe, 0xf, 0xfe, 0xf5, 0xff, 0xe0,
    0xff, 0xef, 0x5f, 0xfe, 0xf, 0xfe, 0xf5, 0xff,
    0xe0, 0xff, 0xef, 0x5f, 0xfe, 0xf, 0xfe, 0xf5,
    0xff, 0xe0, 0xff, 0xef, 0x5f, 0xfe, 0xf, 0xfe,
    0xf5, 0xff, 0xe0, 0xff, 0xef, 0x5f, 0xfe, 0xf,
    0xfe, 0xf5, 0xff, 0xe0, 0xff, 0xef, 0x5f, 0xfe,
    0xf, 0xfe, 0xf5, 0xff, 0xe0, 0xff, 0xef, 0x5f,
    0xfe, 0xf, 0xfe, 0xf5, 0xff, 0xe0, 0xff, 0xef,
    0x5f, 0xfe, 0xf, 0xfe, 0xf5, 0xff, 0xe0, 0xff,
    0xef, 0x5f, 0xfe, 0xf, 0xfe, 0xf5, 0xff, 0xe0,
    0xff, 0xef, 0x5f, 0xfe, 0xf, 0xfe, 0xf5, 0xff,
    0xe0, 0xff, 0xef, 0x5f, 0xfe, 0xf, 0xfe, 0xf5,
    0xff, 0xe0, 0xff, 0xef, 0x5f, 0xfe, 0xf, 0xfe,
    0xf5, 0xff, 0xe0, 0xff, 0xef, 0x5f, 0xfe, 0xf,
    0xfe, 0xf5, 0xff, 0xe0, 0xff, 0xef, 0x5f, 0xfe,
    0xf, 0xfe, 0xf5, 0xff, 0xe0, 0xff, 0xef, 0x5f,
    0xfe, 0xf, 0xfe, 0xf5, 0xff, 0xe0, 0xff, 0xef,
    0x5f, 0xfe, 0xf, 0xfe, 0xf5, 0xff, 0xe0, 0xff,
    0xef, 0x5f, 0xfe, 0xf, 0xfe, 0xf5, 0xff, 0xe0,
    0xff, 0xef, 0x5f, 0xfe, 0xf, 0xfe, 0xf5, 0xff,
    0xe0, 0xff, 0xef, 0x5f, 0xfe, 0xf, 0xfe, 0xf5,
    0xff, 0xe0, 0xff, 0xef, 0x5f, 0xfe, 0xf, 0xfe,
    0xff, 0xff, 0x83, 0xea, 0xff, 0xeb, 0x5, 0xff,
    0xa0, 0xf7, 0xff, 0xf5, 0xe0, 0xbf, 0xd0, 0x7b,
    0xff, 0xfb, 0x30, 0x5f, 0xa0, 0xf7, 0xff, 0xf6,
    0xe0, 0xbd, 0x7, 0xbf, 0xff, 0xbb, 0x4, 0x87,
    0xbf, 0xff, 0xbf, 0x7, 0xf3, 0xff, 0xfd, 0xe0,
    0xff, 0x9f, 0xff, 0xee, 0x7, 0xff, 0x5, 0xff,
    0xfe, 0xd0, 0x7f, 0xf0, 0xdf, 0xff, 0xec, 0x7,
    0xff, 0x15, 0xff, 0xfe, 0xb0, 0x7f, 0xf0, 0x40,

    /* U+006B "k" */
    0xf, 0xff, 0xcf, 0x83, 0xff, 0xe3, 0xf8, 0x3f,
    0xfd, 0xcf, 0xf9, 0xf, 0xff, 0x5b, 0xff, 0x90,
    0xff, 0xf4, 0xbf, 0xfe, 0xf, 0xff, 0x4b, 0xff,
    0xe0, 0xff, 0xf4, 0xbf, 0xfe, 0xf, 0xff, 0x4b,
    0xff, 0xe0, 0xff, 0xf4, 0xbf, 0xfe, 0xf, 0xff,
    0x4b, 0xff, 0xe0, 0xff, 0xf4, 0xbf, 0xfe, 0xf,
    0xff, 0x4b, 0xff, 0xe0, 0xff, 0xf4, 0xbf, 0xfe,
    0xf, 0xff, 0x4b, 0xff, 0xe0, 0xff, 0xf4, 0xbf,
    0xfe, 0xf, 0xff, 0x4b, 0xff, 0xe0, 0xff, 0xf4,
    0xbf, 0xfe, 0xf, 0xff, 0x4b, 0xff, 0xe0, 0xff,
    0xf4, 0xbf, 0xfe, 0xf, 0xff, 0x4b, 0xff, 0xe0,
    0xff, 0xf4, 0xbf, 0xfe, 0xf, 0xff, 0x4b, 0xff,
    0xe0, 0xff, 0xf4, 0xbf, 0xfe, 0xf, 0xff, 0x4b,
    0xff, 0xe0, 0xff, 0xf4, 0xbf, 0xfe, 0xf, 0xff,
    0x4b, 0xff, 0xe0, 0xff, 0xf4, 0xbf, 0xfe, 0xf,
    0xff, 0x4b, 0xff, 0xe0, 0xff, 0xf4, 0xbf, 0xfe,
    0xf, 0xff, 0x4b, 0xff, 0xe0, 0xff, 0xf4, 0xbf,
    0xfe, 0xf, 0xff, 0x4b, 0xff, 0xe0, 0xff, 0xf4,
    0xbf, 0xfe, 0xf, 0xff, 0x4b, 0xff, 0xe0, 0xff,
    0xf4, 0xbf, 0xfe, 0xf, 0xff, 0x4b, 0xff, 0xe0,
    0xff, 0xf4, 0xbf, 0xfe, 0xf, 0xff, 0x4b, 0xff,
    0xe0, 0xff, 0xf4, 0xbf, 0xfe, 0xf, 0xff, 0x4b,
    0xff, 0xe0, 0xff, 0xf4, 0xbf, 0xfe, 0xf, 0xff,
    0x4b, 0xff, 0xe0, 0xff, 0xf4, 0xbf, 0xfe, 0xf,
    0xff, 0x4b, 0xff, 0xe0, 0xff, 0xf0, 0x3f, 0xf4,
    0xff, 0xf8, 0x3f, 0xfb, 0xd7, 0xff, 0x4f, 0xff,
    0x83, 0xff, 0xb9, 0x7f, 0xfd, 0x3f, 0xfe, 0xf,
    0xfe, 0xd5, 0xff, 0xfc, 0x19, 0xff, 0xf0, 0x7f,
    0xf5, 0xdb, 0xff, 0xf8, 0x73, 0xff, 0xe0, 0xff,
    0xea, 0xbf, 0xff, 0xc6, 0x9f, 0xff, 0x7, 0xff,
    0x4d, 0xff, 0xfe, 0x44, 0xff, 0xf8, 0x3f, 0xfa,
    0x2f, 0xff, 0xf2, 0xa7, 0xff, 0xc1, 0xff, 0xcf,
    0xbf, 0xff, 0x99, 0x3f, 0xfe, 0xf, 0xfe, 0x6d,
    0xff, 0xfc, 0xe5, 0x7f, 0xf8, 0x3f, 0xf9, 0x77,
    0xff, 0xf3, 0x64, 0xf, 0xff, 0x83, 0xff, 0x90,
    0xff, 0xff, 0x3a, 0xe, 0x7f, 0xfc, 0x1f, 0xfc,
    0x67, 0xff, 0xf9, 0xd0, 0x7c, 0xff, 0xf8, 0x3f,
    0xf8, 0x8f, 0xff, 0xf3, 0x90, 0xff, 0x3f, 0xf9,
    0xf, 0xfe, 0x15, 0xff, 0xfc, 0xd9, 0xf, 0xfe,
    0xb, 0xfe, 0x43, 0xff, 0x83, 0x7f, 0xff, 0x36,
    0xf, 0xfe, 0x2b, 0xf9, 0xf, 0xfe, 0x5, 0xff,
    0xfc, 0xd8, 0x3f, 0xf9, 0xf, 0x90, 0xff, 0x37,
    0xff, 0xf3, 0x50, 0xff, 0xe5, 0xa8, 0x3f, 0x9f,
    0xff, 0xe7, 0x21, 0xff, 0xd6, 0x7f, 0xff, 0x9b,
    0x7, 0xff, 0x5d, 0xff, 0xfe, 0x6c, 0x1f, 0xfd,
    0x7b, 0xff, 0xf9, 0xa8, 0x7f, 0xf5, 0x3c, 0xb,
    0xff, 0xf9, 0x88, 0x7f, 0xf5, 0x7f, 0x3, 0xff,
    0xf9, 0x30, 0x7f, 0xf5, 0xff, 0xa0, 0x7f, 0xff,
    0x1a, 0xe, 0x43, 0xff, 0xa5, 0xff, 0x40, 0xff,
    0xfe, 0x1a, 0x1d, 0x78, 0x3f, 0xfa, 0x3f, 0xfd,
    0xf, 0xff, 0xf0, 0x10, 0xeb, 0xf4, 0x1f, 0xfc,
    0xf7, 0xff, 0xc3, 0xff, 0xd0, 0x7a, 0xff, 0x83,
    0xff, 0x9e, 0xff, 0xf8, 0x7f, 0xe8, 0x3d, 0x7f,
    0xf4, 0x1f, 0xfc, 0xe7, 0xff, 0xc3, 0xfc, 0x87,
    0xdf, 0xff, 0xc0, 0x43, 0xff, 0x9a, 0xff, 0xf8,
    0x7e, 0x43, 0xfb, 0xff, 0xf8, 0x21, 0xff, 0xcd,
    0x7f, 0xfc, 0x32, 0x1f, 0xfc, 0xf, 0xff, 0xe0,
    0x21, 0xff, 0xcc, 0x7f, 0xfc, 0x1f, 0xfc, 0x4b,
    0xff, 0xf8, 0x1, 0xff, 0xcc, 0x7f, 0xfc, 0x1f,
    0xfc, 0x5f, 0xff, 0xe0, 0x21, 0xff, 0xcb, 0x7f,
    0xfc, 0x1f, 0xfc, 0x5b, 0xff, 0xf8, 0x1, 0xff,
    0xcb, 0x7f, 0xfc, 0x1f, 0xfc, 0x6f, 0xff, 0xe0,
    0x41, 0xff, 0xca, 0x7f, 0xfc, 0x1f, 0xfc, 0x67,
    0xff, 0xf8, 0x1, 0xff, 0xca, 0x7f, 0xfc, 0x1f,
    0xfc, 0x7f, 0xff, 0xe0, 0x41, 0xff, 0xc9, 0x7f,
    0xfc, 0x1f, 0xfc, 0x77, 0xff, 0xf8, 0x1, 0xff,
    0xc9, 0x7f, 0xfc, 0x1f, 0xfc, 0x8f, 0xff, 0xe0,
    0x41, 0xff, 0xc8, 0x7f, 0xfc, 0x1f, 0xfc, 0x87,
    0xff, 0xf8, 0x8, 0x7f, 0xf1, 0xdf, 0xff, 0x7,
    0xff, 0x26, 0xff, 0xfe, 0x0, 0x7f, 0xf1, 0xdf,
    0xff, 0x7, 0xff, 0x2b, 0xff, 0xf8, 0x8, 0x7f,
    0xf1, 0x9f, 0xff, 0x7, 0xff, 0x2a, 0xff, 0xfe,
    0x0, 0x7f, 0xf1, 0x9f, 0xff, 0x7, 0xff, 0x2f,
    0xff, 0xf8, 0x8, 0x7f, 0xf1, 0x5f, 0xff, 0x7,
    0xff, 0x2e, 0xff, 0xfe, 0x0, 0x7f, 0xf1, 0x5f,
    0xff, 0x7, 0xff, 0x33, 0xff, 0xf8, 0x10, 0x7f,
    0xf1, 0x1f, 0xff, 0x7, 0xff, 0x31, 0xff, 0xfe,
    0x0, 0x7f, 0xf1, 0x1f, 0xff, 0x7, 0xff, 0x37,
    0xff, 0xf8, 0x10, 0x7f, 0xf0, 0xdf, 0xff, 0x7,
    0xff, 0x35, 0xff, 0xfe, 0x0, 0x7f, 0xf0, 0xdf,
    0xff, 0x7, 0xff, 0x3b, 0xff, 0xf8, 0x21, 0xff,
    0xc2, 0x7f, 0xfc, 0x1f, 0xfc, 0xff, 0xff, 0xe0,
    0x21, 0xff, 0xc1, 0x7f, 0xfc, 0x1f, 0xfc, 0xfb,
    0xff, 0xf8, 0x1, 0xff, 0xc1, 0x7f, 0xfc, 0x1f,
    0xfd, 0xf, 0xff, 0xe0, 0x21, 0xff, 0xc0, 0x7f,
    0xfc, 0x1f, 0xfd, 0xb, 0xff, 0xf8, 0x1, 0xff,
    0xc0, 0x7f, 0xfc, 0x1f, 0xfd, 0x1f, 0xff, 0xe0,
    0x41, 0xff, 0x3f, 0xfe, 0xf, 0xfe, 0x8b, 0xff,
    0xfc, 0x0, 0xff, 0x9f, 0xff, 0x7, 0xff, 0x4b,
    0xff, 0xf8, 0x10, 0x7f, 0x9f, 0xff, 0x7, 0xff,
    0x49, 0xff, 0xfe, 0x0, 0x7f, 0x9f, 0xff, 0x7,
    0xff, 0x4f, 0xff, 0xf8, 0x10, 0x7f, 0x3f, 0xfe,
    0xf, 0xfe, 0x9b, 0xff, 0xfc, 0x4, 0x3f, 0x3f,
    0xfe, 0xf, 0xfe, 0xa5, 0xff, 0xfc, 0x0, 0xfc,
    0xff, 0xf8, 0x3f, 0xfa, 0xbf, 0xff, 0xc0, 0x43,
    0xe7, 0xff, 0xc1, 0xff, 0xd5, 0xbf, 0xff, 0x80,
    0x1f, 0x3f, 0xfe, 0xf, 0xfe, 0xb7, 0xff, 0xf0,
    0x10, 0xf3, 0xff, 0xe0, 0xff, 0xeb, 0x5f, 0xff,
    0xc0, 0xf, 0x3f, 0xfe, 0xf, 0xfe, 0xbf, 0xff,
    0xf0, 0x20, 0xe7, 0xff, 0xc1, 0xff, 0xd7, 0x7f,
    0xff, 0x80, 0x1c, 0xff, 0xf8, 0x3f, 0xfb, 0x1f,
    0xff, 0xc0, 0x83, 0x3f, 0xfe, 0xf, 0xfe, 0xc3,
    0xff, 0xfc, 0x0, 0xcf, 0xff, 0x83, 0xff, 0xb3,
    0xff, 0xfc, 0x8, 0x27, 0xff, 0xc1, 0xff, 0xda,
    0xff, 0xfe, 0x2, 0x7, 0xff, 0xc1, 0xff, 0xda,
    0xbf, 0xff, 0x80, 0x7, 0xff, 0xc1, 0xff, 0xdb,
    0xff, 0xfe, 0x2, 0x3f, 0xfe, 0xf, 0xfe, 0xdd,
    0xff, 0xfc, 0x1, 0xff, 0xf0, 0x7f, 0xf7, 0x3f,
    0xff, 0x80, 0xaf, 0xff, 0x7, 0xff, 0x71, 0xff,
    0xf9, 0x5f, 0xfe, 0xf, 0xfe, 0xef, 0xff, 0xca,
    0xff, 0xf0, 0x7f, 0xf7, 0x5f, 0xff, 0x27, 0xff,
    0x83, 0xff, 0xbd, 0xff, 0xe4, 0x1f, 0xf8, 0x3f,
    0xfb, 0xef, 0xff, 0x21, 0x7f, 0x41, 0xff, 0xe1,
    0xbf, 0xf2, 0x1a, 0xf4, 0x1f, 0xfe, 0x3f, 0xfc,
    0x87, 0x50, 0x3f, 0xfc, 0x97, 0xfc, 0x80,

    /* U+006C "l" */
    0xf, 0xfe, 0x2f, 0x83, 0xfb, 0xf0, 0x79, 0xff,
    0x21, 0x3f, 0xf9, 0x1f, 0xff, 0xf, 0xff, 0x87,
    0xff, 0xc3, 0xff, 0xe1, 0xff, 0xf0, 0xff, 0xf8,
    0x7f, 0xfc, 0x3f, 0xfe, 0x1f, 0xff, 0xf, 0xff,
    0x87, 0xff, 0xc3, 0xff, 0xe1, 0xff, 0xf0, 0xff,
    0xf8, 0x7f, 0xfc, 0x3f, 0xfe, 0x1f, 0xff, 0xf,
    0xff, 0x87, 0xff, 0xc3, 0xff, 0xe1, 0xff, 0xf0,
    0xff, 0xf8, 0x7f, 0xfc, 0x3f, 0xfe, 0x1f, 0xff,
    0xf, 0xff, 0x87, 0xff, 0xc3, 0xff, 0xe1, 0xff,
    0xf0, 0xff, 0xf8, 0x7f, 0xfc, 0x3f, 0xfe, 0x1f,
    0xff, 0xf, 0xff, 0x87, 0xff, 0xc3, 0xff, 0xe1,
    0xff, 0xf0, 0xff, 0xf8, 0x7f, 0xfc, 0x3f, 0xfe,
    0x1f, 0xff, 0xf, 0xff, 0x87, 0xff, 0xc3, 0xff,
    0xe1, 0xff, 0xf0, 0xff, 0xf8, 0x7f, 0xfc, 0x3f,
    0xfe, 0x1f, 0xff, 0xf, 0xff, 0x87, 0xff, 0xc3,
    0xff, 0xe1, 0xff, 0xf0, 0x1f, 0xfc, 0x84, 0xff,
    0x90, 0xe7, 0xf2, 0x1f, 0x3e, 0x43, 0xf9, 0x83,
    0xff, 0xc5, 0xe0, 0xfe, 0xfc, 0x1f, 0x7f, 0x41,
    0xdf, 0xf4, 0x17, 0xff, 0x43, 0xff, 0xe1, 0xff,
    0xf0, 0xff, 0xf8, 0x7f, 0xfc, 0x3f, 0xfe, 0x1f,
    0xff, 0xf, 0xff, 0x87, 0xff, 0xc3, 0xff, 0xe1,
    0xff, 0xf0, 0xff, 0xf8, 0x7f, 0xfc, 0x3f, 0xfe,
    0x1f, 0xff, 0xf, 0xff, 0x87, 0xff, 0xc3, 0xff,
    0xe1, 0xff, 0xf0, 0xff, 0xf8, 0x7f, 0xfc, 0x3f,
    0xfe, 0x1f, 0xff, 0xf, 0xff, 0x87, 0xff, 0xc3,
    0xff, 0xe1, 0xff, 0xf0, 0xff, 0xf8, 0x7f, 0xfc,
    0x3f, 0xfe, 0x1f, 0xff, 0xf, 0xff, 0x87, 0xff,
    0xc3, 0xff, 0xe1, 0xff, 0xf0, 0xff, 0xf8, 0x7f,
    0xfc, 0x3f, 0xfe, 0x1f, 0xff, 0xf, 0xff, 0x87,
    0xff, 0xc3, 0xff, 0xe1, 0xff, 0xf0, 0xff, 0xf8,
    0x7f, 0xfc, 0x3f, 0xfe, 0x1f, 0xff, 0xf, 0xff,
    0x87, 0xff, 0xc3, 0xff, 0xe1, 0xff, 0xf0, 0xff,
    0xf8, 0x7f, 0xfc, 0xf, 0xff, 0x5, 0xff, 0x83,
    0xbf, 0xa0, 0xfa, 0xf4, 0x1f, 0xd4, 0xe,

    /* U+006D "m" */
    0xf, 0xfe, 0xd, 0xff, 0xfe, 0x58, 0x3f, 0xf9,
    0xb7, 0xff, 0xf9, 0xe0, 0xff, 0xe5, 0xdf, 0xff,
    0xe9, 0x83, 0xff, 0x93, 0x7f, 0xff, 0xae, 0xf,
    0xfe, 0x3d, 0xff, 0xfe, 0xd8, 0x3f, 0xf8, 0xdf,
    0xff, 0xef, 0x43, 0xff, 0x82, 0x84, 0xff, 0xff,
    0xb5, 0xf, 0xfe, 0xb, 0xc1, 0x3f, 0xff, 0xeb,
    0x42, 0x74, 0x3e, 0x7e, 0x82, 0x7f, 0xff, 0xd2,
    0x84, 0xfc, 0x87, 0x3f, 0xd0, 0x4f, 0xff, 0xf9,
    0xd0, 0x9f, 0xe4, 0x37, 0xfd, 0x4, 0xd7, 0xff,
    0x95, 0x9, 0xff, 0x90, 0x7f, 0xf4, 0x1f, 0xfe,
    0xb7, 0xff, 0x8b, 0xff, 0xc1, 0xff, 0xcb, 0xbf,
    0xfa, 0xf, 0xfe, 0x4f, 0xff, 0xa9, 0xff, 0xe0,
    0xff, 0xe5, 0xff, 0xfc, 0x1f, 0xfc, 0x9f, 0xff,
    0xaf, 0xff, 0x7, 0xff, 0x2f, 0xff, 0xe0, 0xff,
    0xe4, 0xff, 0xfd, 0x7f, 0xf8, 0x3f, 0xf9, 0x7f,
    0xff, 0x7, 0xff, 0x27, 0xff, 0xeb, 0xff, 0xc1,
    0xff, 0xcb, 0xff, 0xf8, 0x3f, 0xf9, 0x3f, 0xff,
    0x5f, 0xfe, 0xf, 0xfe, 0x5f, 0xff, 0xc1, 0xff,
    0xc9, 0xff, 0xfa, 0xff, 0xf0, 0x7f, 0xf2, 0xff,
    0xfe, 0xf, 0xfe, 0x4f, 0xff, 0xd7, 0xff, 0x83,
    0xff, 0x97, 0xff, 0xf0, 0x7f, 0xf2, 0x7f, 0xfe,
    0xbf, 0xfc, 0x1f, 0xfc, 0xbf, 0xff, 0x83, 0xff,
    0x93, 0xff, 0xf5, 0xff, 0xe0, 0xff, 0xe5, 0xff,
    0xfc, 0x1f, 0xfc, 0x9f, 0xff, 0xaf, 0xff, 0x7,
    0xff, 0x2f, 0xff, 0xe0, 0xff, 0xe4, 0xff, 0xfd,
    0x7f, 0xf8, 0x3f, 0xf9, 0x7f, 0xff, 0x7, 0xff,
    0x27, 0xff, 0xeb, 0xff, 0xc1, 0xff, 0xcb, 0xff,
    0xf8, 0x3f, 0xf9, 0x3f, 0xff, 0x5f, 0xfe, 0xf,
    0xfe, 0x5f, 0xff, 0xc1, 0xff, 0xc9, 0xff, 0xfa,
    0xff, 0xf0, 0x7f, 0xf2, 0xff, 0xfe, 0xf, 0xfe,
    0x4f, 0xff, 0xd7, 0xff, 0x83, 0xff, 0x97, 0xff,
    0xf0, 0x7f, 0xf2, 0x7f, 0xfe, 0xbf, 0xfc, 0x1f,
    0xfc, 0xbf, 0xff, 0x83, 0xff, 0x93, 0xff, 0xf5,
    0xff, 0xe0, 0xff, 0xe5, 0xff, 0xfc, 0x1f, 0xfc,
    0x9f, 0xff, 0xaf, 0xff, 0x7, 0xff, 0x2f, 0xff,
    0xe0, 0xff, 0xe4, 0xff, 0xfd, 0x7f, 0xf8, 0x3f,
    0xf9, 0x7f, 0xff, 0x7, 0xff, 0x27, 0xff, 0xeb,
    0xff, 0xc1, 0xff, 0xcb, 0xff, 0xf8, 0x3f, 0xf9,
    0x3f, 0xff, 0x5f, 0xfe, 0xf, 0xfe, 0x5f, 0xff,
    0xc1, 0xff, 0xc9, 0xff, 0xfa, 0xff, 0xf0, 0x7f,
    0xf2, 0xff, 0xfe, 0xf, 0xfe, 0x4f, 0xff, 0xd7,
    0xff, 0x83, 0xff, 0x97, 0xff, 0xf0, 0x7f, 0xf2,
    0x7f, 0xfe, 0xbf, 0xfc, 0x1f, 0xfc, 0xbf, 0xff,
    0x83, 0xff, 0x93, 0xff, 0xf5, 0xff, 0xe0, 0xff,
    0xe5, 0xff, 0xfc, 0x1f, 0xfc, 0x9f, 0xff, 0xaf,
    0xff, 0x7, 0xff, 0x2f, 0xff, 0xe0, 0xff, 0xe4,
    0xff, 0xfd, 0x7f, 0xf8, 0x3f, 0xf9, 0x7f, 0xff,
    0x7, 0xff, 0x27, 0xff, 0xeb, 0xff, 0xc1, 0xff,
    0xcb, 0xff, 0xf8, 0x3f, 0xf9, 0x3f, 0xff, 0x5f,
    0xfe, 0xf, 0xfe, 0x5f, 0xff, 0xc1, 0xff, 0xc9,
    0xff, 0xfa, 0xff, 0xf0, 0x7f, 0xf2, 0xff, 0xfe,
    0xf, 0xfe, 0x4f, 0xff, 0xd7, 0xff, 0x83, 0xff,
    0x97, 0xff, 0xf0, 0x7f, 0xf2, 0x7f, 0xfe, 0xbf,
    0xfc, 0x1f, 0xfc, 0xbf, 0xff, 0x83, 0xff, 0x93,
    0xff, 0xf5, 0xff, 0xe0, 0xff, 0xe5, 0xff, 0xfc,
    0x1f, 0xfc, 0x9f, 0xff, 0xaf, 0xff, 0x7, 0xff,
    0x2f, 0xff, 0xe0, 0xff, 0xe4, 0xff, 0xfd, 0x7f,
    0xf8, 0x3f, 0xf9, 0x7f, 0xff, 0x7, 0xff, 0x27,
    0xff, 0xeb, 0xff, 0xc1, 0xff, 0xcb, 0xff, 0xf8,
    0x3f, 0xf9, 0x3f, 0xff, 0x5f, 0xfe, 0xf, 0xfe,
    0x5f, 0xff, 0xc1, 0xff, 0xc9, 0xff, 0xfa, 0xff,
    0xf0, 0x7f, 0xf2, 0xff, 0xfe, 0xf, 0xfe, 0x4f,
    0xff, 0xd7, 0xff, 0x83, 0xff, 0x97, 0xff, 0xf0,
    0x7f, 0xf2, 0x7f, 0xfe, 0xbf, 0xfc, 0x1f, 0xfc,
    0xbf, 0xff, 0x83, 0xff, 0x93, 0xff, 0xf5, 0xff,
    0xe0, 0xff, 0xe5, 0xff, 0xfc, 0x1f, 0xfc, 0x9f,
    0xff, 0xaf, 0xff, 0x7, 0xff, 0x2f, 0xff, 0xe0,
    0xff, 0xe4, 0xff, 0xfd, 0x7f, 0xf8, 0x3f, 0xf9,
    0x7f, 0xff, 0x7, 0xff, 0x27, 0xff, 0xeb, 0xff,
    0xc1, 0xff, 0xcb, 0xff, 0xf8, 0x3f, 0xf9, 0x3f,
    0xff, 0x5f, 0xfe, 0xf, 0xfe, 0x5f, 0xff, 0xc1,
    0xff, 0xc9, 0xff, 0xfa, 0xff, 0xf0, 0x7f, 0xf2,
    0xff, 0xfe, 0xf, 0xfe, 0x4f, 0xff, 0xd7, 0xff,
    0x83, 0xff, 0x97, 0xff, 0xf0, 0x7f, 0xf2, 0x7f,
    0xfe, 0xbf, 0xfc, 0x1f, 0xfc, 0xbf, 0xff, 0x83,
    0xff, 0x93, 0xff, 0xf5, 0xff, 0xe0, 0xff, 0xe5,
    0xff, 0xfc, 0x1f, 0xfc, 0x9f, 0xff, 0xaf, 0xff,
    0x7, 0xff, 0x2f, 0xff, 0xe0, 0xff, 0xe4, 0xff,
    0xfc, 0xff, 0xf8, 0x3f, 0xf9, 0x7f, 0xff, 0x7,
    0xff, 0x27, 0xff, 0xc8, 0xff, 0xe8, 0x3f, 0xf9,
    0x77, 0xff, 0x21, 0xff, 0xc9, 0xbf, 0xf2, 0x13,
    0xfe, 0x83, 0xff, 0x9b, 0x7f, 0xc8, 0x7f, 0xf2,
    0xef, 0xf2, 0x1c, 0xfe, 0x83, 0xff, 0x9e, 0xff,
    0x7, 0xff, 0x3a, 0xfc, 0x87, 0xcf, 0xa0, 0xff,
    0xe8, 0xbf, 0x7, 0xff, 0x42, 0xf2, 0x1f, 0xcc,
    0x1f, 0xfd, 0x36, 0xf, 0xfe, 0x94, 0x87, 0x0,

    /* U+006E "n" */
    0xf, 0xfe, 0xd, 0xff, 0xfe, 0x58, 0x3f, 0xf9,
    0xb7, 0xff, 0xf9, 0xe0, 0xff, 0xe5, 0xdf, 0xff,
    0xe9, 0x83, 0xff, 0x93, 0x7f, 0xff, 0xae, 0xf,
    0xfe, 0x3d, 0xff, 0xfe, 0xd8, 0x3f, 0xf8, 0xdf,
    0xff, 0xef, 0x43, 0xff, 0x82, 0x84, 0xff, 0xff,
    0xb5, 0xf, 0xfe, 0xb, 0xc1, 0x3f, 0xff, 0xeb,
    0x42, 0x74, 0x3e, 0x7e, 0x82, 0x7f, 0xff, 0xd2,
    0x84, 0xfc, 0x87, 0x3f, 0xd0, 0x4f, 0xff, 0xf9,
    0xd0, 0x9f, 0xe4, 0x37, 0xfd, 0x4, 0xd7, 0xff,
    0x95, 0x9, 0xff, 0x90, 0x7f, 0xf4, 0x1f, 0xfe,
    0xb7, 0xff, 0x8b, 0xff, 0xc1, 0xff, 0xeb, 0xff,
    0xf5, 0x3f, 0xfc, 0x1f, 0xfe, 0xbf, 0xff, 0xaf,
    0xff, 0x7, 0xff, 0xaf, 0xff, 0xeb, 0xff, 0xc1,
    0xff, 0xeb, 0xff, 0xfa, 0xff, 0xf0, 0x7f, 0xfa,
    0xff, 0xfe, 0xbf, 0xfc, 0x1f, 0xfe, 0xbf, 0xff,
    0xaf, 0xff, 0x7, 0xff, 0xaf, 0xff, 0xeb, 0xff,
    0xc1, 0xff, 0xeb, 0xff, 0xfa, 0xff, 0xf0, 0x7f,
    0xfa, 0xff, 0xfe, 0xbf, 0xfc, 0x1f, 0xfe, 0xbf,
    0xff, 0xaf, 0xff, 0x7, 0xff, 0xaf, 0xff, 0xeb,
    0xff, 0xc1, 0xff, 0xeb, 0xff, 0xfa, 0xff, 0xf0,
    0x7f, 0xfa, 0xff, 0xfe, 0xbf, 0xfc, 0x1f, 0xfe,
    0xbf, 0xff, 0xaf, 0xff, 0x7, 0xff, 0xaf, 0xff,
    0xeb, 0xff, 0xc1, 0xff, 0xeb, 0xff, 0xfa, 0xff,
    0xf0, 0x7f, 0xfa, 0xff, 0xfe, 0xbf, 0xfc, 0x1f,
    0xfe, 0xbf, 0xff, 0xaf, 0xff, 0x7, 0xff, 0xaf,
    0xff, 0xeb, 0xff, 0xc1, 0xff, 0xeb, 0xff, 0xfa,
    0xff, 0xf0, 0x7f, 0xfa, 0xff, 0xfe, 0xbf, 0xfc,
    0x1f, 0xfe, 0xbf, 0xff, 0xaf, 0xff, 0x7, 0xff,
    0xaf, 0xff, 0xeb, 0xff, 0xc1, 0xff, 0xeb, 0xff,
    0xfa, 0xff, 0xf0, 0x7f, 0xfa, 0xff, 0xfe, 0xbf,
    0xfc, 0x1f, 0xfe, 0xbf, 0xff, 0xaf, 0xff, 0x7,
    0xff, 0xaf, 0xff, 0xeb, 0xff, 0xc1, 0xff, 0xeb,
    0xff, 0xfa, 0xff, 0xf0, 0x7f, 0xfa, 0xff, 0xfe,
    0xbf, 0xfc, 0x1f, 0xfe, 0xbf, 0xff, 0xaf, 0xff,
    0x7, 0xff, 0xaf, 0xff, 0xeb, 0xff, 0xc1, 0xff,
    0xeb, 0xff, 0xfa, 0xff, 0xf0, 0x7f, 0xfa, 0xff,
    0xfe, 0xbf, 0xfc, 0x1f, 0xfe, 0xbf, 0xff, 0xaf,
    0xff, 0x7, 0xff, 0xaf, 0xff, 0xeb, 0xff, 0xc1,
    0xff, 0xeb, 0xff, 0xfa, 0xff, 0xf0, 0x7f, 0xfa,
    0xff, 0xfe, 0xbf, 0xfc, 0x1f, 0xfe, 0xbf, 0xff,
    0xaf, 0xff, 0x7, 0xff, 0xaf, 0xff, 0xeb, 0xff,
    0xc1, 0xff, 0xeb, 0xff, 0xfa, 0xff, 0xf0, 0x7f,
    0xfa, 0xff, 0xfe, 0xbf, 0xfc, 0x1f, 0xfe, 0xbf,
    0xff, 0xaf, 0xff, 0x7, 0xff, 0xaf, 0xff, 0xeb,
    0xff, 0xc1, 0xff, 0xeb, 0xff, 0xfa, 0xff, 0xf0,
    0x7f, 0xfa, 0xff, 0xfe, 0xbf, 0xfc, 0x1f, 0xfe,
    0xbf, 0xff, 0xaf, 0xff, 0x7, 0xff, 0xaf, 0xff,
    0xeb, 0xff, 0xc1, 0xff, 0xeb, 0xff, 0xfa, 0xff,
    0xf0, 0x7f, 0xfa, 0xff, 0xfe, 0xbf, 0xfc, 0x1f,
    0xfe, 0xbf, 0xff, 0xaf, 0xff, 0x7, 0xff, 0xaf,
    0xff, 0xe7, 0xff, 0xc1, 0xff, 0xeb, 0xff, 0xf2,
    0x3f, 0xfa, 0xf, 0xff, 0x5d, 0xff, 0x90, 0x9f,
    0xf4, 0x1f, 0xfe, 0xdb, 0xfc, 0x87, 0x3f, 0xa0,
    0xff, 0xf7, 0xdf, 0x90, 0xf9, 0xf4, 0x1f, 0xff,
    0x1b, 0xc8, 0x7f, 0x30, 0x7f, 0xfc, 0xe4, 0x38,

    /* U+006F "o" */
    0xf, 0xfe, 0xd, 0xff, 0xfe, 0x58, 0x3f, 0xf9,
    0xb7, 0xff, 0xf9, 0xe0, 0xff, 0xe5, 0xdf, 0xff,
    0xe9, 0x83, 0xff, 0x93, 0x7f, 0xff, 0xae, 0xf,
    0xfe, 0x3d, 0xff, 0xfe, 0xd8, 0x3f, 0xf8, 0xdf,
    0xff, 0xef, 0x43, 0xff, 0x82, 0x84, 0xff, 0xff,
    0xb5, 0xf, 0xfe, 0xb, 0xc1, 0x3f, 0xff, 0xeb,
    0x42, 0x74, 0x3e, 0x7e, 0x82, 0x7f, 0xff, 0xd2,
    0x84, 0xfc, 0x87, 0x3f, 0xd0, 0x4f, 0xff, 0xf9,
    0xd0, 0x9f, 0xe4, 0x37, 0xfd, 0x4, 0xd7, 0xff,
    0x95, 0x9, 0xff, 0x90, 0x7f, 0xf4, 0x1f, 0xfe,
    0xb7, 0xff, 0x8b, 0xff, 0xc1, 0xff, 0xeb, 0xff,
    0xf5, 0x3f, 0xfc, 0x1f, 0xfe, 0xbf, 0xff, 0xaf,
    0xff, 0x7, 0xff, 0xaf, 0xff, 0xeb, 0xff, 0xc1,
    0xff, 0xeb, 0xff, 0xfa, 0xff, 0xf0, 0x7f, 0xfa,
    0xff, 0xfe, 0xbf, 0xfc, 0x1f, 0xfe, 0xbf, 0xff,
    0xaf, 0xff, 0x7, 0xff, 0xaf, 0xff, 0xeb, 0xff,
    0xc1, 0xff, 0xeb, 0xff, 0xfa, 0xff, 0xf0, 0x7f,
    0xfa, 0xff, 0xfe, 0xbf, 0xfc, 0x1f, 0xfe, 0xbf,
    0xff, 0xaf, 0xff, 0x7, 0xff, 0xaf, 0xff, 0xeb,
    0xff, 0xc1, 0xff, 0xeb, 0xff, 0xfa, 0xff, 0xf0,
    0x7f, 0xfa, 0xff, 0xfe, 0xbf, 0xfc, 0x1f, 0xfe,
    0xbf, 0xff, 0xaf, 0xff, 0x7, 0xff, 0xaf, 0xff,
    0xeb, 0xff, 0xc1, 0xff, 0xeb, 0xff, 0xfa, 0xff,
    0xf0, 0x7f, 0xfa, 0xff, 0xfe, 0xbf, 0xfc, 0x1f,
    0xfe, 0xbf, 0xff, 0xaf, 0xff, 0x7, 0xff, 0xaf,
    0xff, 0xeb, 0xff, 0xc1, 0xff, 0xeb, 0xff, 0xfa,
    0xff, 0xf0, 0x7f, 0xfa, 0xff, 0xfe, 0xbf, 0xfc,
    0x1f, 0xfe, 0xbf, 0xff, 0xaf, 0xff, 0x7, 0xff,
    0xaf, 0xff, 0xeb, 0xff, 0xc1, 0xff, 0xeb, 0xff,
    0xfa, 0xff, 0xf0, 0x7f, 0xfa, 0xff, 0xfe, 0xbf,
    0xfc, 0x1f, 0xfe, 0xbf, 0xff, 0xaf, 0xff, 0x7,
    0xff, 0xaf, 0xff, 0xeb, 0xff, 0xc1, 0xff, 0xeb,
    0xff, 0xfa, 0xff, 0xf0, 0x7f, 0xfa, 0xff, 0xfe,
    0xbf, 0xfc, 0x1f, 0xfe, 0xbf, 0xff, 0xaf, 0xff,
    0x7, 0xff, 0xaf, 0xff, 0xeb, 0xff, 0xc1, 0xff,
    0xeb, 0xff, 0xfa, 0xff, 0xf0, 0x7f, 0xfa, 0xff,
    0xfe, 0xbf, 0xfc, 0x1f, 0xfe, 0xbf, 0xff, 0xaf,
    0xff, 0x7, 0xff, 0xaf, 0xff, 0xeb, 0xff, 0xc1,
    0xff, 0xeb, 0xff, 0xfa, 0xff, 0xf0, 0x7f, 0xfa,
    0xff, 0xfe, 0xbf, 0xfc, 0x1f, 0xfe, 0xbf, 0xff,
    0xaf, 0xff, 0x7, 0xff, 0xaf, 0xff, 0xeb, 0xff,
    0xc1, 0xff, 0xeb, 0xff, 0xfa, 0xff, 0xf0, 0x7f,
    0xfa, 0xff, 0xfe, 0xbf, 0xfc, 0x1f, 0xfe, 0xbf,
    0xff, 0xaf, 0xff, 0x7, 0xff, 0xaf, 0xff, 0xe7,
    0xff, 0xc1, 0xff, 0xeb, 0xff, 0xf2, 0x3f, 0xfc,
    0x1f, 0xfe, 0xbf, 0xfe, 0x42, 0x7f, 0xe0, 0xff,
    0xf6, 0xff, 0xc8, 0x73, 0xfc, 0x19, 0xaf, 0xff,
    0x2a, 0x1b, 0xf9, 0xf, 0x9f, 0x83, 0x3f, 0xff,
    0xe7, 0x43, 0x5e, 0x43, 0xf9, 0x83, 0xbf, 0xff,
    0xd2, 0x86, 0x90, 0xff, 0xe2, 0x7f, 0xff, 0xae,
    0xf, 0xfe, 0x47, 0xff, 0xfb, 0x60, 0xff, 0xe3,
    0x7f, 0xff, 0xbc, 0x3f, 0xf8, 0xcf, 0xff, 0xfb,
    0x43, 0xff, 0x90, 0xff, 0xff, 0xac, 0x3f, 0xf9,
    0x4f, 0xff, 0xfa, 0x43, 0xff, 0x98, 0xff, 0xff,
    0x9c, 0x3f, 0xf9, 0xcf, 0xff, 0xf9, 0x43, 0xff,
    0x84,

    /* U+0070 "p" */
    0xf, 0xfe, 0x17, 0xff, 0xf9, 0x43, 0xff, 0x9f,
    0xff, 0xfe, 0x70, 0xff, 0xe6, 0xff, 0xff, 0xa4,
    0x3f, 0xf9, 0x7f, 0xff, 0xeb, 0xf, 0xfe, 0x4f,
    0xff, 0xfb, 0x43, 0xff, 0x8f, 0xff, 0xfe, 0xf0,
    0xff, 0xe3, 0xff, 0xff, 0xb6, 0xf, 0xfe, 0x47,
    0xff, 0xfa, 0xe0, 0xff, 0xe1, 0xb8, 0x77, 0xff,
    0xfa, 0x50, 0xd2, 0x1f, 0xcf, 0xc1, 0x9f, 0xff,
    0xf3, 0xa1, 0xaf, 0x21, 0xf3, 0xfc, 0x19, 0xaf,
    0xff, 0x2a, 0x1b, 0xf9, 0xe, 0x7f, 0xe0, 0xff,
    0xf6, 0xff, 0xc8, 0x4f, 0xff, 0x7, 0xff, 0xaf,
    0xff, 0x91, 0xff, 0xf0, 0x7f, 0xfa, 0xff, 0xfc,
    0xdf, 0xfe, 0xf, 0xff, 0x5f, 0xff, 0xd7, 0xff,
    0x83, 0xff, 0xd7, 0xff, 0xf5, 0xff, 0xe0, 0xff,
    0xf5, 0xff, 0xfd, 0x7f, 0xf8, 0x3f, 0xfd, 0x7f,
    0xff, 0x5f, 0xfe, 0xf, 0xff, 0x5f, 0xff, 0xd7,
    0xff, 0x83, 0xff, 0xd7, 0xff, 0xf5, 0xff, 0xe0,
    0xff, 0xf5, 0xff, 0xfd, 0x7f, 0xf8, 0x3f, 0xfd,
    0x7f, 0xff, 0x5f, 0xfe, 0xf, 0xff, 0x5f, 0xff,
    0xd7, 0xff, 0x83, 0xff, 0xd7, 0xff, 0xf5, 0xff,
    0xe0, 0xff, 0xf5, 0xff, 0xfd, 0x7f, 0xf8, 0x3f,
    0xfd, 0x7f, 0xff, 0x5f, 0xfe, 0xf, 0xff, 0x5f,
    0xff, 0xd7, 0xff, 0x83, 0xff, 0xd7, 0xff, 0xf5,
    0xff, 0xe0, 0xff, 0xf5, 0xff, 0xfd, 0x7f, 0xf8,
    0x3f, 0xfd, 0x7f, 0xff, 0x5f, 0xfe, 0xf, 0xff,
    0x5f, 0xff, 0xd7, 0xff, 0x83, 0xff, 0xd7, 0xff,
    0xf5, 0xff, 0xe0, 0xff, 0xf5, 0xff, 0xfd, 0x7f,
    0xf8, 0x3f, 0xfd, 0x7f, 0xff, 0x5f, 0xfe, 0xf,
    0xff, 0x5f, 0xff, 0xd7, 0xff, 0x83, 0xff, 0xd7,
    0xff, 0xf5, 0xff, 0xe0, 0xff, 0xf5, 0xff, 0xfd,
    0x7f, 0xf8, 0x3f, 0xfd, 0x7f, 0xff, 0x5f, 0xfe,
    0xf, 0xff, 0x5f, 0xff, 0xd7, 0xff, 0x83, 0xff,
    0xd7, 0xff, 0xf5, 0xff, 0xe0, 0xff, 0xf5, 0xff,
    0xfd, 0x7f, 0xf8, 0x3f, 0xfd, 0x7f, 0xff, 0x5f,
    0xfe, 0xf, 0xff, 0x5f, 0xff, 0xd7, 0xff, 0x83,
    0xff, 0xd7, 0xff, 0xf5, 0xff, 0xe0, 0xff, 0xf5,
    0xff, 0xfd, 0x7f, 0xf8, 0x3f, 0xfd, 0x7f, 0xff,
    0x5f, 0xfe, 0xf, 0xff, 0x5f, 0xff, 0xd7, 0xff,
    0x83, 0xff, 0xd7, 0xff, 0xf5, 0xff, 0xe0, 0xff,
    0xf5, 0xff, 0xfd, 0x7f, 0xf8, 0x3f, 0xfd, 0x7f,
    0xff, 0x5f, 0xfe, 0xf, 0xff, 0x5f, 0xff, 0xd7,
    0xff, 0x83, 0xff, 0xd7, 0xff, 0xf5, 0xff, 0xe0,
    0xff, 0xf5, 0xff, 0xfd, 0x7f, 0xf8, 0x3f, 0xfd,
    0x7f, 0xff, 0x5f, 0xfe, 0xf, 0xff, 0x5f, 0xff,
    0xd7, 0xff, 0x83, 0xff, 0xd7, 0xff, 0xf5, 0xff,
    0xe0, 0xff, 0xf5, 0xff, 0xfa, 0x9f, 0xfc, 0x87,
    0xff, 0xad, 0xff, 0xe2, 0xff, 0xc8, 0x4d, 0x7f,
    0xf9, 0x50, 0x9f, 0xf9, 0x2f, 0xf9, 0x9, 0xff,
    0xff, 0x3a, 0x13, 0xfc, 0x82, 0xff, 0x21, 0x3f,
    0xff, 0xe9, 0x42, 0x7e, 0x42, 0xbf, 0x90, 0x9f,
    0xff, 0xf5, 0xa1, 0x3a, 0x1c, 0xb8, 0x33, 0xff,
    0xfe, 0xd4, 0x3f, 0xf8, 0xdf, 0xff, 0xef, 0x43,
    0xff, 0x8b, 0x7f, 0xff, 0xb6, 0xf, 0xeb, 0xf8,
    0x35, 0xff, 0xfe, 0xb8, 0x3f, 0xd7, 0xf8, 0x35,
    0xff, 0xfe, 0x98, 0x3f, 0xeb, 0xfe, 0xd, 0x7f,
    0xff, 0x9e, 0xf, 0xfe, 0x5, 0xff, 0x83, 0x5f,
    0xff, 0xe5, 0x83, 0xff, 0x83, 0x7f, 0xf0, 0x7f,
    0xfd, 0xef, 0xff, 0x7, 0xff, 0xda, 0xff, 0xf0,
    0x7f, 0xfd, 0xaf, 0xff, 0x7, 0xff, 0xda, 0xff,
    0xf0, 0x7f, 0xfd, 0xaf, 0xff, 0x7, 0xff, 0xda,
    0xff, 0xf0, 0x7f, 0xfd, 0xaf, 0xff, 0x7, 0xff,
    0xda, 0xff, 0xf0, 0x7f, 0xfd, 0xaf, 0xff, 0x7,
    0xff, 0xda, 0xff, 0xf0, 0x7f, 0xfd, 0xaf, 0xff,
    0x7, 0xff, 0xda, 0xff, 0xf0, 0x7f, 0xfd, 0xaf,
    0xff, 0x7, 0xff, 0xda, 0xff, 0xf0, 0x7f, 0xfd,
    0xaf, 0xff, 0x7, 0xff, 0xda, 0xff, 0xf0, 0x7f,
    0xfd, 0xaf, 0xff, 0x7, 0xff, 0xda, 0xff, 0xf0,
    0x7f, 0xfd, 0xaf, 0xff, 0x7, 0xff, 0xda, 0xff,
    0xf0, 0x7f, 0xfd, 0xaf, 0xff, 0x7, 0xff, 0xda,
    0xff, 0xf0, 0x7f, 0xfd, 0xaf, 0xff, 0x7, 0xff,
    0xda, 0xff, 0xf0, 0x7f, 0xfd, 0xaf, 0xff, 0x7,
    0xff, 0xda, 0xff, 0xf0, 0x7f, 0xfd, 0xaf, 0xff,
    0x7, 0xff, 0xda, 0xff, 0xf0, 0x7f, 0xfd, 0xaf,
    0xff, 0x7, 0xff, 0xda, 0xff, 0xf0, 0x7f, 0xfd,
    0xaf, 0xff, 0x7, 0xff, 0xda, 0xff, 0xf0, 0x7f,
    0xfd, 0xaf, 0xff, 0x7, 0xff, 0xda, 0xff, 0xf0,
    0x7f, 0xfd, 0xaf, 0xff, 0x7, 0xff, 0xda, 0xff,
    0xf0, 0x7f, 0xfd, 0xaf, 0xff, 0x7, 0xff, 0xda,
    0xff, 0xf0, 0x7f, 0xfd, 0xaf, 0xff, 0x7, 0xff,
    0xda, 0xff, 0xf0, 0x7f, 0xfd, 0xaf, 0xff, 0x7,
    0xff, 0xda, 0xff, 0xf0, 0x7f, 0xfd, 0xaf, 0xff,
    0x7, 0xff, 0xda, 0xff, 0xf0, 0x7f, 0xfd, 0xff,
    0xfc, 0x1f, 0xff, 0x8f, 0xfc, 0x1f, 0xff, 0xab,
    0xf8, 0x3f, 0xff, 0x97, 0xc1, 0xff, 0xfe, 0xb0,
    0xff, 0xff, 0x87, 0xff, 0xf0,

    /* U+0071 "q" */
    0xf, 0xfe, 0x17, 0xff, 0xf9, 0x43, 0xff, 0x9f,
    0xff, 0xfe, 0x70, 0xff, 0xe6, 0xff, 0xff, 0xa4,
    0x3f, 0xf9, 0x7f, 0xff, 0xeb, 0xf, 0xfe, 0x4f,
    0xff, 0xfb, 0x43, 0xff, 0x8f, 0xff, 0xfe, 0xf0,
    0xff, 0xe3, 0xff, 0xff, 0xb6, 0xf, 0xfe, 0x47,
    0xff, 0xfa, 0xe0, 0xff, 0xe1, 0xb8, 0x77, 0xff,
    0xfa, 0x50, 0xd2, 0x1f, 0xcf, 0xc1, 0x9f, 0xff,
    0xf3, 0xa1, 0xaf, 0x21, 0xf3, 0xfc, 0x19, 0xaf,
    0xff, 0x2a, 0x1b, 0xf9, 0xe, 0x7f, 0xe0, 0xff,
    0xf6, 0xff, 0xc8, 0x4f, 0xff, 0x7, 0xff, 0xaf,
    0xff, 0x91, 0xff, 0xf0, 0x7f, 0xfa, 0xff, 0xfc,
    0xdf, 0xfe, 0xf, 0xff, 0x5f, 0xff, 0xd7, 0xff,
    0x83, 0xff, 0xd7, 0xff, 0xf5, 0xff, 0xe0, 0xff,
    0xf5, 0xff, 0xfd, 0x7f, 0xf8, 0x3f, 0xfd, 0x7f,
    0xff, 0x5f, 0xfe, 0xf, 0xff, 0x5f, 0xff, 0xd7,
    0xff, 0x83, 0xff, 0xd7, 0xff, 0xf5, 0xff, 0xe0,
    0xff, 0xf5, 0xff, 0xfd, 0x7f, 0xf8, 0x3f, 0xfd,
    0x7f, 0xff, 0x5f, 0xfe, 0xf, 0xff, 0x5f, 0xff,
    0xd7, 0xff, 0x83, 0xff, 0xd7, 0xff, 0xf5, 0xff,
    0xe0, 0xff, 0xf5, 0xff, 0xfd, 0x7f, 0xf8, 0x3f,
    0xfd, 0x7f, 0xff, 0x5f, 0xfe, 0xf, 0xff, 0x5f,
    0xff, 0xd7, 0xff, 0x83, 0xff, 0xd7, 0xff, 0xf5,
    0xff, 0xe0, 0xff, 0xf5, 0xff, 0xfd, 0x7f, 0xf8,
    0x3f, 0xfd, 0x7f, 0xff, 0x5f, 0xfe, 0xf, 0xff,
    0x5f, 0xff, 0xd7, 0xff, 0x83, 0xff, 0xd7, 0xff,
    0xf5, 0xff, 0xe0, 0xff, 0xf5, 0xff, 0xfd, 0x7f,
    0xf8, 0x3f, 0xfd, 0x7f, 0xff, 0x5f, 0xfe, 0xf,
    0xff, 0x5f, 0xff, 0xd7, 0xff, 0x83, 0xff, 0xd7,
    0xff, 0xf5, 0xff, 0xe0, 0xff, 0xf5, 0xff, 0xfd,
    0x7f, 0xf8, 0x3f, 0xfd, 0x7f, 0xff, 0x5f, 0xfe,
    0xf, 0xff, 0x5f, 0xff, 0xd7, 0xff, 0x83, 0xff,
    0xd7, 0xff, 0xf5, 0xff, 0xe0, 0xff, 0xf5, 0xff,
    0xfd, 0x7f, 0xf8, 0x3f, 0xfd, 0x7f, 0xff, 0x5f,
    0xfe, 0xf, 0xff, 0x5f, 0xff, 0xd7, 0xff, 0x83,
    0xff, 0xd7, 0xff, 0xf5, 0xff, 0xe0, 0xff, 0xf5,
    0xff, 0xfd, 0x7f, 0xf8, 0x3f, 0xfd, 0x7f, 0xff,
    0x5f, 0xfe, 0xf, 0xff, 0x5f, 0xff, 0xd7, 0xff,
    0x83, 0xff, 0xd7, 0xff, 0xf5, 0xff, 0xe0, 0xff,
    0xf5, 0xff, 0xfd, 0x7f, 0xf8, 0x3f, 0xfd, 0x7f,
    0xff, 0x5f, 0xfe, 0xf, 0xff, 0x5f, 0xff, 0xd7,
    0xff, 0x83, 0xff, 0xd7, 0xff, 0xf5, 0xff, 0xe0,
    0xff, 0xf5, 0xff, 0xfd, 0x7f, 0xf8, 0x3f, 0xfd,
    0x7f, 0xff, 0x5f, 0xfe, 0xf, 0xff, 0x5f, 0xff,
    0xd7, 0xff, 0x83, 0xff, 0xd7, 0xff, 0xf5, 0xff,
    0xe0, 0xff, 0xf5, 0xff, 0xfc, 0xff, 0xf2, 0x1f,
    0xfe, 0xb7, 0xff, 0xc3, 0xff, 0x21, 0x35, 0xff,
    0xe5, 0x42, 0x7f, 0xf8, 0xf, 0xf2, 0x13, 0xff,
    0xfe, 0x74, 0x27, 0xff, 0x4, 0xfc, 0x84, 0xff,
    0xff, 0xa5, 0x9, 0xff, 0x83, 0x3a, 0x13, 0xff,
    0xfe, 0xb4, 0x27, 0xfc, 0x1f, 0xcf, 0xff, 0xfb,
    0x50, 0xcb, 0xc1, 0xfd, 0xff, 0xfe, 0xf4, 0x3f,
    0xf8, 0xb7, 0xff, 0xfb, 0x60, 0xff, 0xe3, 0xdf,
    0xff, 0xeb, 0x83, 0x7f, 0x41, 0xff, 0x5f, 0xff,
    0xe9, 0x83, 0x7f, 0xc1, 0xff, 0xc0, 0xbf, 0xff,
    0xcf, 0x6, 0xff, 0xc1, 0xff, 0xc1, 0xbf, 0xff,
    0xcb, 0x6, 0xff, 0xe0, 0xff, 0xfb, 0xff, 0xf8,
    0x3f, 0xfe, 0xdf, 0xff, 0x7, 0xff, 0xdb, 0xff,
    0xe0, 0xff, 0xfb, 0x7f, 0xfc, 0x1f, 0xff, 0x6f,
    0xff, 0x83, 0xff, 0xed, 0xff, 0xf0, 0x7f, 0xfd,
    0xbf, 0xfe, 0xf, 0xff, 0xb7, 0xff, 0xc1, 0xff,
    0xf6, 0xff, 0xf8, 0x3f, 0xfe, 0xdf, 0xff, 0x7,
    0xff, 0xdb, 0xff, 0xe0, 0xff, 0xfb, 0x7f, 0xfc,
    0x1f, 0xff, 0x6f, 0xff, 0x83, 0xff, 0xed, 0xff,
    0xf0, 0x7f, 0xfd, 0xbf, 0xfe, 0xf, 0xff, 0xb7,
    0xff, 0xc1, 0xff, 0xf6, 0xff, 0xf8, 0x3f, 0xfe,
    0xdf, 0xff, 0x7, 0xff, 0xdb, 0xff, 0xe0, 0xff,
    0xfb, 0x7f, 0xfc, 0x1f, 0xff, 0x6f, 0xff, 0x83,
    0xff, 0xed, 0xff, 0xf0, 0x7f, 0xfd, 0xbf, 0xfe,
    0xf, 0xff, 0xb7, 0xff, 0xc1, 0xff, 0xf6, 0xff,
    0xf8, 0x3f, 0xfe, 0xdf, 0xff, 0x7, 0xff, 0xdb,
    0xff, 0xe0, 0xff, 0xfb, 0x7f, 0xfc, 0x1f, 0xff,
    0x6f, 0xff, 0x83, 0xff, 0xed, 0xff, 0xf0, 0x7f,
    0xfd, 0xbf, 0xfe, 0xf, 0xff, 0xb7, 0xff, 0xc1,
    0xff, 0xf6, 0xff, 0xf8, 0x3f, 0xfe, 0xdf, 0xff,
    0x7, 0xff, 0xdb, 0xff, 0xe0, 0xff, 0xfb, 0x7f,
    0xfc, 0x1f, 0xff, 0x6f, 0xff, 0x83, 0xff, 0xed,
    0xff, 0xf0, 0x7f, 0xfd, 0xbf, 0xfe, 0xf, 0xff,
    0xb7, 0xff, 0xc1, 0xff, 0xf6, 0xff, 0xf8, 0x3f,
    0xfe, 0xdf, 0xff, 0x7, 0xff, 0xdb, 0xff, 0xe0,
    0xff, 0xfb, 0x7f, 0xfc, 0x1f, 0xff, 0x6f, 0xff,
    0x41, 0xff, 0xf6, 0xff, 0xf0, 0x7f, 0xfd, 0xdf,
    0xfa, 0xf, 0xff, 0xd7, 0xf4, 0x1f, 0xff, 0xcf,
    0xa0, 0xff, 0xff, 0x70, 0x7f, 0xff, 0xc3, 0xe0,

    /* U+0072 "r" */
    0xf, 0xfe, 0xd, 0xff, 0xfe, 0x58, 0x3f, 0xf8,
    0xb7, 0xff, 0xf9, 0xe0, 0xff, 0xe1, 0xdf, 0xff,
    0xe9, 0x83, 0xff, 0x83, 0x7f, 0xff, 0xae, 0xf,
    0xfa, 0xff, 0xff, 0x6c, 0x1f, 0xef, 0xff, 0xf7,
    0xa1, 0xc8, 0x4f, 0xff, 0xfb, 0x50, 0xe7, 0x82,
    0x7f, 0xff, 0xd6, 0x87, 0x3f, 0x41, 0x3f, 0xff,
    0xe9, 0x43, 0x9f, 0xe8, 0x27, 0xff, 0xfc, 0xe8,
    0x7b, 0xfe, 0x82, 0x6b, 0xff, 0xca, 0x87, 0xbf,
    0xfa, 0xf, 0xff, 0x75, 0xff, 0xe0, 0xff, 0xf7,
    0x5f, 0xfe, 0xf, 0xff, 0x75, 0xff, 0xe0, 0xff,
    0xf7, 0x5f, 0xfe, 0xf, 0xff, 0x75, 0xff, 0xe0,
    0xff, 0xf7, 0x5f, 0xfe, 0xf, 0xff, 0x75, 0xff,
    0xe0, 0xff, 0xf7, 0x5f, 0xfe, 0xf, 0xff, 0x75,
    0xff, 0xe0, 0xff, 0xf7, 0x5f, 0xfe, 0xf, 0xff,
    0x75, 0xff, 0xe0, 0xff, 0xf7, 0x5f, 0xfe, 0xf,
    0xff, 0x75, 0xff, 0xe0, 0xff, 0xf7, 0x5f, 0xfe,
    0xf, 0xff, 0x75, 0xff, 0xe0, 0xff, 0xf7, 0x5f,
    0xfe, 0xf, 0xff, 0x75, 0xff, 0xe0, 0xff, 0xf7,
    0x5f, 0xfe, 0xf, 0xff, 0x75, 0xff, 0xe0, 0xff,
    0xf7, 0x5f, 0xfe, 0xf, 0xff, 0x75, 0xff, 0xe0,
    0xff, 0xf7, 0x5f, 0xfe, 0xf, 0xff, 0x75, 0xff,
    0xe0, 0xff, 0xf7, 0x5f, 0xfe, 0xf, 0xff, 0x75,
    0xff, 0xe0, 0xff, 0xf7, 0x5f, 0xfe, 0xf, 0xff,
    0x75, 0xff, 0xe0, 0xff, 0xf7, 0x5f, 0xfe, 0xf,
    0xff, 0x75, 0xff, 0xe0, 0xff, 0xf7, 0x5f, 0xfe,
    0xf, 0xff, 0x75, 0xff, 0xe0, 0xff, 0xf7, 0x5f,
    0xfe, 0xf, 0xff, 0x75, 0xff, 0xe0, 0xff, 0xf7,
    0x5f, 0xfe, 0xf, 0xff, 0x75, 0xff, 0xe0, 0xff,
    0xf7, 0x5f, 0xfe, 0xf, 0xff, 0x75, 0xff, 0xe0,
    0xff, 0xf7, 0x5f, 0xfe, 0xf, 0xff, 0x75, 0xff,
    0xe0, 0xff, 0xf7, 0x5f, 0xfe, 0xf, 0xff, 0x75,
    0xff, 0xe0, 0xff, 0xf7, 0x5f, 0xfe, 0xf, 0xff,
    0x75, 0xff, 0xe0, 0xff, 0xf7, 0x5f, 0xfe, 0xf,
    0xff, 0x75, 0xff, 0xe0, 0xff, 0xf7, 0x5f, 0xfe,
    0xf, 0xff, 0x75, 0xff, 0xe0, 0xff, 0xf7, 0x5f,
    0xfe, 0xf, 0xff, 0x75, 0xff, 0xe0, 0xff, 0xf7,
    0x5f, 0xfe, 0xf, 0xff, 0x75, 0xff, 0xe0, 0xff,
    0xf7, 0x3f, 0xfe, 0xf, 0xff, 0x7b, 0xff, 0xa0,
    0xff, 0xf8, 0x3f, 0xe8, 0x3f, 0xfe, 0x4f, 0xe8,
    0x3f, 0xfe, 0x8f, 0xa0, 0xff, 0xfb, 0x30, 0x7f,
    0xfc, 0x80,

    /* U+0073 "s" */
    0xf, 0xfe, 0xd, 0xff, 0xfe, 0x94, 0x3f, 0xf9,
    0x37, 0xff, 0xfa, 0xd0, 0xff, 0xe3, 0xdf, 0xff,
    0xed, 0x43, 0xff, 0x8b, 0x7f, 0xff, 0xbd, 0xf,
    0xfe, 0x1d, 0xff, 0xff, 0x14, 0x3f, 0xf8, 0x5f,
    0xff, 0xf3, 0xf, 0xfe, 0x13, 0xff, 0xff, 0x10,
    0xff, 0x9c, 0x27, 0xff, 0xfd, 0xe1, 0xff, 0x3f,
    0x4, 0xff, 0xff, 0xb4, 0x3f, 0xe7, 0xf8, 0x27,
    0xff, 0xfd, 0x61, 0xff, 0x5f, 0xf0, 0x4d, 0x7f,
    0xfa, 0x43, 0xfe, 0xbf, 0xf8, 0x3f, 0xfe, 0xcf,
    0xff, 0x83, 0xff, 0xed, 0x7f, 0xf8, 0x3f, 0xfe,
    0xd7, 0xff, 0x83, 0xff, 0xed, 0x7f, 0xf8, 0x3f,
    0xfe, 0xd7, 0xff, 0x83, 0xff, 0xed, 0x7f, 0xf8,
    0x3f, 0xfe, 0xd7, 0xff, 0x83, 0xff, 0xed, 0x7f,
    0xf8, 0x3f, 0xfe, 0xd7, 0xff, 0x83, 0xff, 0xed,
    0x7f, 0xf8, 0x3f, 0xfe, 0xd7, 0xff, 0x83, 0xff,
    0xed, 0x7f, 0xf8, 0x3f, 0xfe, 0xd7, 0xff, 0x83,
    0xff, 0xed, 0x7f, 0xf8, 0x3f, 0xfe, 0xd7, 0xff,
    0x83, 0xff, 0xec, 0xff, 0xf8, 0x3f, 0xfe, 0xf7,
    0xfe, 0xf, 0xff, 0xcd, 0xfe, 0xd, 0x7f, 0xff,
    0x96, 0xf, 0xfe, 0x27, 0xf0, 0x6b, 0xff, 0xfc,
    0xf0, 0x7f, 0xf1, 0x3e, 0xd, 0x7f, 0xff, 0xa6,
    0xf, 0xfe, 0x24, 0x1a, 0xff, 0xff, 0x5c, 0x1f,
    0xfc, 0x7b, 0xff, 0xfd, 0xb0, 0x7f, 0xf1, 0xbf,
    0xff, 0xde, 0x87, 0xff, 0x15, 0xff, 0xff, 0x6a,
    0x1f, 0xfc, 0x77, 0xff, 0xfd, 0x68, 0x4f, 0x7,
    0xff, 0xd, 0xff, 0xff, 0x4a, 0x13, 0xf4, 0x1f,
    0xfc, 0x37, 0xff, 0xfc, 0xe8, 0x4f, 0xf4, 0x1f,
    0xfc, 0x36, 0xbf, 0xfc, 0xa8, 0x4f, 0xfd, 0x7,
    0xff, 0xdd, 0xff, 0xe4, 0x3f, 0xfe, 0xdf, 0xff,
    0x7, 0xff, 0xdb, 0xff, 0xe0, 0xff, 0xfb, 0x7f,
    0xfc, 0x1f, 0xff, 0x6f, 0xff, 0x83, 0xff, 0xed,
    0xff, 0xf0, 0x7f, 0xfd, 0xbf, 0xfe, 0xf, 0xff,
    0xb7, 0xff, 0xc1, 0xff, 0xf6, 0xff, 0xf8, 0x3f,
    0xfe, 0xdf, 0xff, 0x7, 0xff, 0xdb, 0xff, 0xe0,
    0xff, 0xfb, 0x7f, 0xfc, 0x1f, 0xff, 0x6f, 0xff,
    0x83, 0xff, 0xed, 0xff, 0xf0, 0x7f, 0xfd, 0xbf,
    0xfe, 0xf, 0xff, 0xb7, 0xff, 0xa0, 0xff, 0xfb,
    0x7f, 0xf8, 0x3f, 0xff, 0x1f, 0xf8, 0x3f, 0xea,
    0xff, 0xf5, 0x21, 0xbf, 0xc1, 0xff, 0x5f, 0xff,
    0xeb, 0x43, 0x7e, 0xf, 0xfa, 0xff, 0xff, 0x6a,
    0x1b, 0xc1, 0xff, 0x5f, 0xff, 0xef, 0x83, 0xff,
    0x87, 0x7f, 0xff, 0xc6, 0xf, 0xfe, 0xd, 0xff,
    0xff, 0x30, 0xff, 0xe1, 0x7f, 0xff, 0xc8, 0x3f,
    0xf8, 0x9f, 0xff, 0xf0, 0xf, 0xfe, 0x37, 0xff,
    0xfb, 0x83, 0xff, 0x91, 0xff, 0xfe, 0xc0, 0xff,
    0xe5, 0x7f, 0xff, 0xa8, 0x3f, 0xf8, 0x40,

    /* U+0074 "t" */
    0xf, 0xff, 0xf8, 0x7f, 0xf6, 0x1d, 0xf, 0xff,
    0xe7, 0xd0, 0x7f, 0xfe, 0xbf, 0xa0, 0xff, 0xfc,
    0x5f, 0xf0, 0x7f, 0xfd, 0x9f, 0xfe, 0xf, 0xff,
    0xaf, 0xff, 0xa0, 0xff, 0xfa, 0x7f, 0xfa, 0xf,
    0xff, 0xa7, 0xff, 0xa0, 0xff, 0xfa, 0x7f, 0xfa,
    0xf, 0xff, 0xa7, 0xff, 0xa0, 0xff, 0xfa, 0x7f,
    0xfa, 0xf, 0xff, 0xa7, 0xff, 0xa0, 0xff, 0xfa,
    0x7f, 0xfa, 0xf, 0xff, 0xa7, 0xff, 0xa0, 0xff,
    0xfa, 0x7f, 0xfa, 0xf, 0xff, 0xa7, 0xff, 0xa0,
    0xff, 0xfa, 0x7f, 0xfa, 0xf, 0xff, 0xa7, 0xff,
    0xa0, 0xff, 0xfa, 0x7f, 0xfa, 0xf, 0xff, 0xa7,
    0xff, 0xa0, 0xff, 0xfa, 0x7f, 0xfa, 0xf, 0xff,
    0xa7, 0xff, 0xa0, 0xff, 0xfa, 0x7f, 0xfa, 0xf,
    0xff, 0xa7, 0xff, 0xa0, 0xff, 0xfa, 0x7f, 0xfa,
    0xf, 0xff, 0xa7, 0xff, 0xa0, 0xff, 0xfa, 0x7f,
    0xfa, 0xf, 0xff, 0xa7, 0xff, 0xa0, 0xff, 0xfa,
    0x7f, 0xfa, 0xf, 0xff, 0xa7, 0xff, 0xa0, 0xff,
    0xfa, 0x7f, 0xfa, 0xf, 0xff, 0xa7, 0xff, 0xa0,
    0xff, 0xfa, 0x7f, 0xfa, 0xf, 0xff, 0xa7, 0xff,
    0xa0, 0xff, 0xfa, 0x7f, 0xfa, 0xf, 0xff, 0xa7,
    0xff, 0xa0, 0xff, 0xfa, 0x7f, 0xfa, 0xf, 0xff,
    0xa7, 0xff, 0xa0, 0xff, 0xfa, 0x7f, 0xfa, 0xf,
    0xff, 0xa7, 0xff, 0xa0, 0xff, 0xfa, 0x7f, 0xfa,
    0xf, 0xff, 0xa7, 0xff, 0xa0, 0xff, 0xfa, 0x7f,
    0xfa, 0xf, 0xff, 0xa7, 0xff, 0xa0, 0xff, 0xfa,
    0x7f, 0xfa, 0xf, 0xff, 0xa7, 0xff, 0xa0, 0xff,
    0xfa, 0x7f, 0xfa, 0xf, 0xff, 0xa7, 0xff, 0xa0,
    0xff, 0xfa, 0x7f, 0xfa, 0xf, 0xff, 0xa3, 0xff,
    0xc1, 0xff, 0xda, 0xaf, 0xfe, 0x58, 0x73, 0xff,
    0x6, 0x6b, 0xff, 0x94, 0x87, 0xfb, 0xff, 0xf9,
    0xa1, 0xcf, 0xf0, 0x6b, 0xff, 0xf9, 0x88, 0x7e,
    0xff, 0xfe, 0x78, 0x75, 0xf0, 0x6b, 0xff, 0xf9,
    0xc8, 0x7b, 0xff, 0xfa, 0x21, 0xd6, 0x1a, 0xff,
    0xfe, 0x82, 0x1b, 0xff, 0xfa, 0x61, 0xfd, 0x7f,
    0xff, 0x49, 0x7, 0xff, 0xf5, 0x43, 0xe7, 0xff,
    0xfa, 0x88, 0xff, 0xff, 0x4e, 0xf, 0xdf, 0xff,
    0xd4, 0x9, 0xff, 0xfe, 0x8c, 0x19, 0xc3, 0x7f,
    0xff, 0x48, 0x39, 0xff, 0xfe, 0x7c, 0x19, 0xf8,
    0x37, 0xff, 0xf4, 0x3, 0xe7, 0xff, 0xf9, 0xb0,
    0x67, 0xf8, 0x37, 0xff, 0xf3, 0x83, 0xf9, 0xff,
    0xfe, 0x5c, 0x1d, 0xff, 0x6, 0xff, 0xfe, 0x60,
    0x7f, 0xf6, 0xff, 0xf8, 0x3f, 0xfe, 0xbf, 0xfe,
    0x83, 0xff, 0xe9, 0xff, 0xe8, 0x3f, 0xfe, 0x9f,
    0xfe, 0x83, 0xff, 0xe9, 0xff, 0xe8, 0x3f, 0xfe,
    0x9f, 0xfe, 0x83, 0xff, 0xe9, 0xff, 0xe8, 0x3f,
    0xfe, 0x9f, 0xfe, 0x83, 0xff, 0xe9, 0xff, 0xe8,
    0x3f, 0xfe, 0x9f, 0xfe, 0x83, 0xff, 0xe9, 0xff,
    0xe8, 0x3f, 0xfe, 0x9f, 0xfe, 0x83, 0xff, 0xe9,
    0xff, 0xe8, 0x3f, 0xfe, 0x9f, 0xfe, 0x83, 0xff,
    0xe9, 0xff, 0xe8, 0x3f, 0xfe, 0x9f, 0xfe, 0x83,
    0xff, 0xe9, 0xff, 0xe8, 0x3f, 0xfe, 0x9f, 0xfe,
    0x83, 0xff, 0xe9, 0xff, 0xe8, 0x3f, 0xfe, 0x9f,
    0xfe, 0x83, 0xff, 0xe9, 0xff, 0xe8, 0x3f, 0xfe,
    0x9f, 0xfe, 0x83, 0xff, 0xe9, 0xff, 0xe8, 0x3f,
    0xfe, 0x9f, 0xfe, 0x83, 0xff, 0xe9, 0xff, 0xe8,
    0x3f, 0xfe, 0x9f, 0xfe, 0x83, 0xff, 0xe9, 0xff,
    0xe8, 0x3f, 0xfe, 0x9f, 0xfe, 0x83, 0xff, 0xe9,
    0xff, 0xe8, 0x3f, 0xfe, 0x9f, 0xfe, 0x83, 0xff,
    0xe9, 0xff, 0xe8, 0x3f, 0xfe, 0x9f, 0xfe, 0x83,
    0xff, 0xe9, 0xff, 0xe8, 0x3f, 0xfe, 0x9f, 0xfe,
    0x83, 0xff, 0xe9, 0xff, 0xe8, 0x3f, 0xfe, 0x9f,
    0xfe, 0x83, 0xff, 0xe9, 0xff, 0xe8, 0x3f, 0xfe,
    0x9f, 0xfe, 0x83, 0xff, 0xe9, 0xff, 0xe8, 0x3f,
    0xfe, 0x9f, 0xfe, 0x83, 0xff, 0xe9, 0xff, 0xe8,
    0x3f, 0xfe, 0x9f, 0xfe, 0x83, 0xff, 0xe9, 0xff,
    0xe8, 0x3f, 0xfe, 0x9f, 0xfe, 0x83, 0xff, 0xe9,
    0xff, 0xe8, 0x3f, 0xfe, 0x9f, 0xfe, 0x83, 0xff,
    0xe9, 0xff, 0xe8, 0x3f, 0xfe, 0x9f, 0xfe, 0x83,
    0xff, 0xe9, 0xff, 0xe8, 0x3f, 0xfe, 0x9f, 0xfe,
    0x83, 0xff, 0xe9, 0xff, 0xe8, 0x3f, 0xfe, 0x9f,
    0xfe, 0x83, 0xff, 0xe9, 0xff, 0xe8, 0x3f, 0xfe,
    0x9f, 0xfe, 0x83, 0xff, 0xe9, 0xff, 0xe8, 0x3f,
    0xfe, 0x9f, 0xfe, 0x83, 0xff, 0xe9, 0xff, 0xe8,
    0x3f, 0xfe, 0x9f, 0xfe, 0x83, 0xff, 0xe9, 0xff,
    0xe8, 0x3f, 0xfe, 0x9f, 0xfe, 0x83, 0xff, 0xe9,
    0x7f, 0xf0, 0x7f, 0xfd, 0xaf, 0xf8, 0x3f, 0xff,
    0x17, 0xf2, 0x1f, 0xff, 0x9b, 0xe8, 0x3f, 0xff,
    0x77, 0x83, 0xff, 0xfb, 0x21, 0xff, 0xd7,

    /* U+0075 "u" */
    0xe, 0x60, 0xff, 0xf9, 0xc8, 0x7f, 0x3e, 0x83,
    0xff, 0xe3, 0x79, 0xf, 0x9f, 0xd0, 0x7f, 0xfb,
    0xef, 0xc8, 0x73, 0xfe, 0x83, 0xff, 0xdb, 0x7f,
    0x90, 0x9f, 0xfd, 0x7, 0xff, 0xae, 0xff, 0xc8,
    0xff, 0xf8, 0x3f, 0xfd, 0x7f, 0xfe, 0x6f, 0xff,
    0x7, 0xff, 0xaf, 0xff, 0xeb, 0xff, 0xc1, 0xff,
    0xeb, 0xff, 0xfa, 0xff, 0xf0, 0x7f, 0xfa, 0xff,
    0xfe, 0xbf, 0xfc, 0x1f, 0xfe, 0xbf, 0xff, 0xaf,
    0xff, 0x7, 0xff, 0xaf, 0xff, 0xeb, 0xff, 0xc1,
    0xff, 0xeb, 0xff, 0xfa, 0xff, 0xf0, 0x7f, 0xfa,
    0xff, 0xfe, 0xbf, 0xfc, 0x1f, 0xfe, 0xbf, 0xff,
    0xaf, 0xff, 0x7, 0xff, 0xaf, 0xff, 0xeb, 0xff,
    0xc1, 0xff, 0xeb, 0xff, 0xfa, 0xff, 0xf0, 0x7f,
    0xfa, 0xff, 0xfe, 0xbf, 0xfc, 0x1f, 0xfe, 0xbf,
    0xff, 0xaf, 0xff, 0x7, 0xff, 0xaf, 0xff, 0xeb,
    0xff, 0xc1, 0xff, 0xeb, 0xff, 0xfa, 0xff, 0xf0,
    0x7f, 0xfa, 0xff, 0xfe, 0xbf, 0xfc, 0x1f, 0xfe,
    0xbf, 0xff, 0xaf, 0xff, 0x7, 0xff, 0xaf, 0xff,
    0xeb, 0xff, 0xc1, 0xff, 0xeb, 0xff, 0xfa, 0xff,
    0xf0, 0x7f, 0xfa, 0xff, 0xfe, 0xbf, 0xfc, 0x1f,
    0xfe, 0xbf, 0xff, 0xaf, 0xff, 0x7, 0xff, 0xaf,
    0xff, 0xeb, 0xff, 0xc1, 0xff, 0xeb, 0xff, 0xfa,
    0xff, 0xf0, 0x7f, 0xfa, 0xff, 0xfe, 0xbf, 0xfc,
    0x1f, 0xfe, 0xbf, 0xff, 0xaf, 0xff, 0x7, 0xff,
    0xaf, 0xff, 0xeb, 0xff, 0xc1, 0xff, 0xeb, 0xff,
    0xfa, 0xff, 0xf0, 0x7f, 0xfa, 0xff, 0xfe, 0xbf,
    0xfc, 0x1f, 0xfe, 0xbf, 0xff, 0xaf, 0xff, 0x7,
    0xff, 0xaf, 0xff, 0xeb, 0xff, 0xc1, 0xff, 0xeb,
    0xff, 0xfa, 0xff, 0xf0, 0x7f, 0xfa, 0xff, 0xfe,
    0xbf, 0xfc, 0x1f, 0xfe, 0xbf, 0xff, 0xaf, 0xff,
    0x7, 0xff, 0xaf, 0xff, 0xeb, 0xff, 0xc1, 0xff,
    0xeb, 0xff, 0xfa, 0xff, 0xf0, 0x7f, 0xfa, 0xff,
    0xfe, 0xbf, 0xfc, 0x1f, 0xfe, 0xbf, 0xff, 0xaf,
    0xff, 0x7, 0xff, 0xaf, 0xff, 0xeb, 0xff, 0xc1,
    0xff, 0xeb, 0xff, 0xfa, 0xff, 0xf0, 0x7f, 0xfa,
    0xff, 0xfe, 0xbf, 0xfc, 0x1f, 0xfe, 0xbf, 0xff,
    0xaf, 0xff, 0x7, 0xff, 0xaf, 0xff, 0xeb, 0xff,
    0xc1, 0xff, 0xeb, 0xff, 0xfa, 0xff, 0xf0, 0x7f,
    0xfa, 0xff, 0xfe, 0xbf, 0xfc, 0x1f, 0xfe, 0xbf,
    0xff, 0xaf, 0xff, 0x7, 0xff, 0xaf, 0xff, 0xeb,
    0xff, 0xc1, 0xff, 0xeb, 0xff, 0xfa, 0xff, 0xf0,
    0x7f, 0xfa, 0xff, 0xfe, 0xbf, 0xfc, 0x1f, 0xfe,
    0xbf, 0xff, 0xaf, 0xff, 0x7, 0xff, 0xaf, 0xff,
    0xeb, 0xff, 0xc1, 0xff, 0xeb, 0xff, 0xfa, 0xff,
    0xf0, 0x7f, 0xfa, 0xff, 0xfd, 0x1f, 0xfd, 0x7,
    0xff, 0xad, 0xff, 0xe0, 0xbf, 0xe8, 0x26, 0xbf,
    0xfc, 0xa8, 0x4f, 0xfc, 0x84, 0xff, 0x41, 0x3f,
    0xff, 0xe7, 0x42, 0x7f, 0x90, 0xe7, 0xe8, 0x27,
    0xff, 0xfd, 0x28, 0x4f, 0xc8, 0x7c, 0xf0, 0x4f,
    0xff, 0xfa, 0xd0, 0x9d, 0xf, 0xe4, 0x27, 0xff,
    0xfd, 0xa8, 0x7f, 0xf1, 0xbf, 0xff, 0xde, 0x87,
    0xff, 0x16, 0xff, 0xff, 0x6c, 0x1f, 0xfc, 0x7b,
    0xff, 0xfd, 0x70, 0x7f, 0xf2, 0x6f, 0xff, 0xf4,
    0xc1, 0xff, 0xcb, 0xbf, 0xff, 0xcf, 0x7, 0xff,
    0x36, 0xff, 0xff, 0x2c, 0x1f, 0xfc, 0x10,

    /* U+0076 "v" */
    0xf, 0xff, 0xfe, 0x1f, 0xfe, 0xcb, 0xfd, 0x6,
    0xf8, 0x3f, 0xfd, 0x57, 0xfd, 0x5, 0xfc, 0x87,
    0xff, 0x9d, 0xff, 0xd0, 0x3f, 0xe4, 0x3f, 0xfc,
    0xaf, 0xff, 0x47, 0xff, 0x21, 0xff, 0xe4, 0xff,
    0xf5, 0x3f, 0xfc, 0x1f, 0xfe, 0x3f, 0xff, 0xa9,
    0xff, 0xe0, 0xff, 0xf1, 0x7f, 0xff, 0x2, 0x9f,
    0xfe, 0xf, 0xff, 0xd, 0xff, 0xfc, 0xa, 0x7f,
    0xf8, 0x3f, 0xfc, 0x17, 0xff, 0xf0, 0x69, 0xff,
    0xe0, 0xff, 0xef, 0xbf, 0xff, 0xc2, 0x2f, 0xff,
    0x7, 0xff, 0x79, 0xff, 0xfe, 0x10, 0x2f, 0xff,
    0x7, 0xff, 0x7b, 0xff, 0xf8, 0x48, 0x2f, 0xff,
    0x7, 0xff, 0x77, 0xff, 0xf8, 0x48, 0x57, 0xff,
    0x83, 0xff, 0xb9, 0xff, 0xfc, 0x28, 0x35, 0xff,
    0xe0, 0xff, 0xed, 0xdf, 0xff, 0xc1, 0x83, 0xaf,
    0xff, 0x7, 0xff, 0x6a, 0xff, 0xfe, 0x10, 0x7a,
    0xff, 0xf0, 0x7f, 0xf6, 0x5f, 0xff, 0xe1, 0x7,
    0xd7, 0xff, 0x83, 0xff, 0xb0, 0xff, 0xff, 0x8,
    0x3f, 0x5f, 0xfe, 0xf, 0xfe, 0xc7, 0xff, 0xf0,
    0x90, 0xfd, 0x7f, 0xf8, 0x3f, 0xfa, 0xff, 0xff,
    0xc2, 0x43, 0xfa, 0xff, 0xf0, 0x7f, 0xf5, 0xbf,
    0xff, 0x85, 0x7, 0xfa, 0xff, 0xf0, 0x7f, 0xf5,
    0x7f, 0xff, 0x85, 0x7, 0xfd, 0x7f, 0xf8, 0x3f,
    0xfa, 0x97, 0xff, 0xf0, 0x60, 0xff, 0xe0, 0x5f,
    0xfe, 0xf, 0xfe, 0x9d, 0xff, 0xfc, 0x20, 0xff,
    0xe0, 0xdf, 0xfe, 0xf, 0xfe, 0x93, 0xff, 0xfc,
    0x20, 0xff, 0xe1, 0x5f, 0xfe, 0xf, 0xfe, 0x97,
    0xff, 0xf0, 0x83, 0xff, 0x87, 0x7f, 0xf8, 0x3f,
    0xfa, 0x3f, 0xff, 0xc2, 0x43, 0xff, 0x87, 0x7f,
    0xf8, 0x3f, 0xfa, 0x1f, 0xff, 0xc2, 0x43, 0xff,
    0x89, 0x7f, 0xf8, 0x3f, 0xf9, 0xff, 0xff, 0xc2,
    0x83, 0xff, 0x8b, 0x7f, 0xf8, 0x3f, 0xf9, 0xd7,
    0xff, 0xf0, 0x60, 0xff, 0xe3, 0x5f, 0xfe, 0xf,
    0xfe, 0x6d, 0xff, 0xfc, 0x20, 0xff, 0xe3, 0xdf,
    0xfe, 0xf, 0xfe, 0x63, 0xff, 0xfc, 0x20, 0xff,
    0xe4, 0x5f, 0xfe, 0xf, 0xfe, 0x5b, 0xff, 0xfc,
    0x20, 0xff, 0xe4, 0xdf, 0xfe, 0xf, 0xfe, 0x5f,
    0xff, 0xf0, 0x90, 0xff, 0xe4, 0xdf, 0xfe, 0xf,
    0xfe, 0x57, 0xff, 0xf0, 0x90, 0xff, 0xe5, 0x5f,
    0xfe, 0xf, 0xfe, 0x4f, 0xff, 0xf0, 0xa0, 0xff,
    0xe5, 0xdf, 0xfe, 0xf, 0xfe, 0x45, 0xff, 0xfc,
    0x18, 0x3f, 0xf9, 0x97, 0xff, 0x83, 0xff, 0x8f,
    0x7f, 0xff, 0x8, 0x3f, 0xf9, 0xb7, 0xff, 0x83,
    0xff, 0x8c, 0xff, 0xff, 0x8, 0x3f, 0xf9, 0xd7,
    0xff, 0x83, 0xff, 0x8a, 0xff, 0xff, 0x8, 0x3f,
    0xf9, 0xf7, 0xff, 0x83, 0xff, 0x8b, 0xff, 0xfc,
    0x20, 0xff, 0xe8, 0x5f, 0xfe, 0xf, 0xfe, 0x27,
    0xff, 0xf0, 0x90, 0xff, 0xe8, 0x5f, 0xfe, 0xf,
    0xfe, 0x1f, 0xff, 0xf0, 0x90, 0xff, 0xe8, 0xdf,
    0xfe, 0xf, 0xfe, 0x15, 0xff, 0xfc, 0x18, 0x3f,
    0xfa, 0x57, 0xff, 0x83, 0xff, 0x83, 0x7f, 0xff,
    0x6, 0xf, 0xfe, 0x9d, 0xff, 0xe0, 0xff, 0xe0,
    0x3f, 0xff, 0xc2, 0xf, 0xfe, 0xa5, 0xff, 0xe0,
    0xff, 0x9f, 0xff, 0xe1, 0x7, 0xff, 0x56, 0xff,
    0xf0, 0x7f, 0xdf, 0xff, 0xc2, 0xf, 0xfe, 0xb5,
    0xff, 0xe0, 0xff, 0x7f, 0xff, 0x9, 0xf, 0xfe,
    0xb5, 0xff, 0xe0, 0xfe, 0xff, 0xfe, 0x12, 0x1f,
    0xfd, 0x7b, 0xff, 0xc1, 0xfa, 0xff, 0xfe, 0xc,
    0x1f, 0xfd, 0x8b, 0xff, 0xc1, 0xf5, 0xff, 0xfc,
    0x18, 0x3f, 0xfb, 0x37, 0xff, 0x83, 0xcf, 0xff,
    0xf0, 0x83, 0xff, 0xb5, 0x7f, 0xf8, 0x39, 0xff,
    0xfe, 0x10, 0x7f, 0xf6, 0xef, 0xff, 0x7, 0x7f,
    0xff, 0x8, 0x3f, 0xfb, 0x97, 0xff, 0x83, 0x7f,
    0xff, 0x8, 0x3f, 0xfb, 0xb7, 0xff, 0x82, 0xff,
    0xfe, 0x12, 0x1f, 0xfd, 0xdb, 0xff, 0xc1, 0x7f,
    0xff, 0x5, 0xf, 0xfe, 0xf5, 0xff, 0xe0, 0xbf,
    0xff, 0x81, 0x7, 0xff, 0x7e, 0xff, 0xf0, 0x5f,
    0xff, 0x41, 0xff, 0xe0, 0xbf, 0xfc, 0x17, 0xff,
    0xc1, 0xff, 0xe1, 0xbf, 0xfc, 0x17, 0xff, 0x83,
    0xff, 0xc5, 0x7f, 0xf8, 0x2f, 0xfe, 0xf, 0xff,
    0x1b, 0xff, 0xe0, 0xbf, 0xf2, 0x1f, 0xfe, 0x4b,
    0xff, 0x41, 0xff, 0xf1, 0x7f, 0xd0, 0x7f, 0xfc,
    0xdf, 0xe0, 0xff, 0xfa, 0xbf, 0x7, 0xff, 0xdd,
    0xc3, 0xff, 0xfe, 0x1f, 0xfe, 0xe0,

    /* U+0077 "w" */
    0xf, 0x41, 0xff, 0xd3, 0x60, 0xff, 0xe9, 0x28,
    0x3f, 0xde, 0x83, 0xff, 0xa2, 0xfa, 0xf, 0xfe,
    0x85, 0xe4, 0x3f, 0x7e, 0x83, 0xff, 0x9e, 0xff,
    0x7, 0xff, 0x3a, 0xfc, 0x87, 0x3f, 0xe8, 0x3f,
    0xf9, 0xaf, 0xfc, 0x87, 0xff, 0x2e, 0xff, 0x21,
    0x3f, 0xf9, 0xf, 0xfe, 0x5b, 0xff, 0xc8, 0x7f,
    0xf2, 0x6f, 0xfc, 0x8f, 0xff, 0x83, 0xff, 0x97,
    0xff, 0xf0, 0x7f, 0xf2, 0x7f, 0xfc, 0xdf, 0xfe,
    0xf, 0xfe, 0x5f, 0xff, 0xc1, 0xff, 0xc9, 0xff,
    0xfa, 0xff, 0xf0, 0x7f, 0xf2, 0xff, 0xfe, 0xf,
    0xfe, 0x4f, 0xff, 0xd7, 0xff, 0x83, 0xff, 0x97,
    0xff, 0xf0, 0x7f, 0xf2, 0x7f, 0xfe, 0xbf, 0xfc,
    0x1f, 0xfc, 0xbf, 0xff, 0x83, 0xff, 0x93, 0xff,
    0xf5, 0xff, 0xe0, 0xff, 0xe5, 0xff, 0xfc, 0x1f,
    0xfc, 0x9f, 0xff, 0xaf, 0xff, 0x7, 0xff, 0x2f,
    0xff, 0xe0, 0xff, 0xe4, 0xff, 0xfd, 0x7f, 0xf8,
    0x3f, 0xf9, 0x7f, 0xff, 0x7, 0xff, 0x27, 0xff,
    0xeb, 0xff, 0xc1, 0xff, 0xcb, 0xff, 0xf8, 0x3f,
    0xf9, 0x3f, 0xff, 0x5f, 0xfe, 0xf, 0xfe, 0x5f,
    0xff, 0xc1, 0xff, 0xc9, 0xff, 0xfa, 0xff, 0xf0,
    0x7f, 0xf2, 0xff, 0xfe, 0xf, 0xfe, 0x4f, 0xff,
    0xd7, 0xff, 0x83, 0xff, 0x97, 0xff, 0xf0, 0x7f,
    0xf2, 0x7f, 0xfe, 0xbf, 0xfc, 0x1f, 0xfc, 0xbf,
    0xff, 0x83, 0xff, 0x93, 0xff, 0xf5, 0xff, 0xe0,
    0xff, 0xe5, 0xff, 0xfc, 0x1f, 0xfc, 0x9f, 0xff,
    0xaf, 0xff, 0x7, 0xff, 0x2f, 0xff, 0xe0, 0xff,
    0xe4, 0xff, 0xfd, 0x7f, 0xf8, 0x3f, 0xf9, 0x7f,
    0xff, 0x7, 0xff, 0x27, 0xff, 0xeb, 0xff, 0xc1,
    0xff, 0xcb, 0xff, 0xf8, 0x3f, 0xf9, 0x3f, 0xff,
    0x5f, 0xfe, 0xf, 0xfe, 0x5f, 0xff, 0xc1, 0xff,
    0xc9, 0xff, 0xfa, 0xff, 0xf0, 0x7f, 0xf2, 0xff,
    0xfe, 0xf, 0xfe, 0x4f, 0xff, 0xd7, 0xff, 0x83,
    0xff, 0x97, 0xff, 0xf0, 0x7f, 0xf2, 0x7f, 0xfe,
    0xbf, 0xfc, 0x1f, 0xfc, 0xbf, 0xff, 0x83, 0xff,
    0x93, 0xff, 0xf5, 0xff, 0xe0, 0xff, 0xe5, 0xff,
    0xfc, 0x1f, 0xfc, 0x9f, 0xff, 0xaf, 0xff, 0x7,
    0xff, 0x2f, 0xff, 0xe0, 0xff, 0xe4, 0xff, 0xfd,
    0x7f, 0xf8, 0x3f, 0xf9, 0x7f, 0xff, 0x7, 0xff,
    0x27, 0xff, 0xeb, 0xff, 0xc1, 0xff, 0xcb, 0xff,
    0xf8, 0x3f, 0xf9, 0x3f, 0xff, 0x5f, 0xfe, 0xf,
    0xfe, 0x5f, 0xff, 0xc1, 0xff, 0xc9, 0xff, 0xfa,
    0xff, 0xf0, 0x7f, 0xf2, 0xff, 0xfe, 0xf, 0xfe,
    0x4f, 0xff, 0xd7, 0xff, 0x83, 0xff, 0x97, 0xff,
    0xf0, 0x7f, 0xf2, 0x7f, 0xfe, 0xbf, 0xfc, 0x1f,
    0xfc, 0xbf, 0xff, 0x83, 0xff, 0x93, 0xff, 0xf5,
    0xff, 0xe0, 0xff, 0xe5, 0xff, 0xfc, 0x1f, 0xfc,
    0x9f, 0xff, 0xaf, 0xff, 0x7, 0xff, 0x2f, 0xff,
    0xe0, 0xff, 0xe4, 0xff, 0xfd, 0x7f, 0xf8, 0x3f,
    0xf9, 0x7f, 0xff, 0x7, 0xff, 0x27, 0xff, 0xeb,
    0xff, 0xc1, 0xff, 0xcb, 0xff, 0xf8, 0x3f, 0xf9,
    0x3f, 0xff, 0x5f, 0xfe, 0xf, 0xfe, 0x5f, 0xff,
    0xc1, 0xff, 0xc9, 0xff, 0xfa, 0xff, 0xf0, 0x7f,
    0xf2, 0xff, 0xfe, 0xf, 0xfe, 0x4f, 0xff, 0xd7,
    0xff, 0x83, 0xff, 0x97, 0xff, 0xf0, 0x7f, 0xf2,
    0x7f, 0xfe, 0xbf, 0xfc, 0x1f, 0xfc, 0xbf, 0xff,
    0x83, 0xff, 0x93, 0xff, 0xf5, 0xff, 0xe0, 0xff,
    0xe5, 0xff, 0xfc, 0x1f, 0xfc, 0x9f, 0xff, 0xaf,
    0xff, 0x7, 0xff, 0x2f, 0xff, 0xe0, 0xff, 0xe4,
    0xff, 0xfd, 0x7f, 0xf8, 0x3f, 0xf9, 0x7f, 0xff,
    0x7, 0xff, 0x27, 0xff, 0xeb, 0xff, 0xc1, 0xff,
    0xcb, 0xff, 0xf8, 0x3f, 0xf9, 0x3f, 0xff, 0x5f,
    0xfe, 0xf, 0xfe, 0x5f, 0xff, 0xc1, 0xff, 0xc9,
    0xff, 0xfa, 0xff, 0xf0, 0x7f, 0xf2, 0xff, 0xfe,
    0xf, 0xfe, 0x4f, 0xff, 0xd7, 0xff, 0x83, 0xff,
    0x97, 0xff, 0xf0, 0x7f, 0xf2, 0x7f, 0xfe, 0xbf,
    0xfc, 0x1f, 0xfc, 0xbf, 0xff, 0x83, 0xff, 0x93,
    0xff, 0xf5, 0xff, 0xe0, 0xff, 0xe5, 0xff, 0xfc,
    0x1f, 0xfc, 0x9f, 0xff, 0xaf, 0xff, 0x7, 0xff,
    0x2f, 0xff, 0xe0, 0xff, 0xe4, 0xff, 0xfd, 0x7f,
    0xf8, 0x3f, 0xf9, 0x7f, 0xff, 0x7, 0xff, 0x27,
    0xff, 0xeb, 0xff, 0xc1, 0xff, 0xcb, 0xff, 0xf8,
    0x3f, 0xf9, 0x3f, 0xff, 0x5f, 0xfe, 0xf, 0xfe,
    0x5f, 0xff, 0xc1, 0xff, 0xc9, 0xff, 0xfa, 0xff,
    0xf0, 0x7f, 0xf2, 0xff, 0xfe, 0xf, 0xfe, 0x4f,
    0xff, 0xd7, 0xff, 0x83, 0xff, 0x97, 0xff, 0xf0,
    0x7f, 0xf2, 0x7f, 0xfe, 0x3f, 0xfa, 0xf, 0xff,
    0x5b, 0xff, 0xc8, 0xff, 0xd0, 0x4d, 0x7f, 0xf9,
    0x50, 0x9f, 0xf9, 0x9, 0xfe, 0x82, 0x7f, 0xff,
    0xce, 0x84, 0xff, 0x21, 0xcf, 0xd0, 0x4f, 0xff,
    0xfa, 0x50, 0x9f, 0x90, 0xf9, 0xe0, 0x9f, 0xff,
    0xf5, 0xa1, 0x3a, 0x1f, 0xc8, 0x4f, 0xff, 0xfb,
    0x50, 0xff, 0xe3, 0x7f, 0xff, 0xbd, 0xf, 0xfe,
    0x2d, 0xff, 0xfe, 0xd8, 0x3f, 0xf8, 0xf7, 0xff,
    0xfa, 0xe0, 0xff, 0xe4, 0xdf, 0xff, 0xe9, 0x83,
    0xff, 0x97, 0x7f, 0xff, 0x9e, 0xf, 0xfe, 0x6d,
    0xff, 0xfe, 0x58, 0x3f, 0xf8, 0x20,

    /* U+0078 "x" */
    0x7f, 0xf0, 0x7f, 0xf9, 0xef, 0xfa, 0x7f, 0xf8,
    0x3f, 0xfc, 0xaf, 0xfe, 0x9f, 0xfe, 0x83, 0xff,
    0xc6, 0xff, 0xf4, 0xff, 0xfa, 0xf, 0xff, 0xb,
    0xff, 0xe9, 0xff, 0xfa, 0xf, 0xfe, 0xfb, 0xff,
    0xf4, 0xff, 0xff, 0x2, 0xf, 0xfe, 0xeb, 0xff,
    0xfc, 0x9, 0xff, 0xfe, 0xc, 0x1f, 0xfd, 0xb7,
    0xff, 0xf8, 0x33, 0xff, 0xfc, 0x28, 0x3f, 0xfb,
    0x2f, 0xff, 0xf0, 0x92, 0xff, 0xfe, 0x14, 0x1f,
    0xfd, 0x77, 0xff, 0xf8, 0x50, 0x57, 0xff, 0xf0,
    0xa0, 0xff, 0xea, 0xbf, 0xff, 0xc2, 0x83, 0xaf,
    0xff, 0xe1, 0x21, 0xff, 0xd3, 0x7f, 0xff, 0x85,
    0x7, 0xd7, 0xff, 0xf0, 0x90, 0xff, 0xe8, 0xbf,
    0xff, 0xc2, 0x83, 0xfa, 0xff, 0xfe, 0x12, 0x1f,
    0xfd, 0xf, 0xff, 0xe1, 0x41, 0xff, 0x5f, 0xff,
    0xc2, 0x43, 0xff, 0x9d, 0xff, 0xfc, 0x30, 0xff,
    0xe0, 0xdf, 0xff, 0xc2, 0x43, 0xff, 0x99, 0xff,
    0xfc, 0x30, 0xff, 0xe1, 0xdf, 0xff, 0xc2, 0x43,
    0xff, 0x95, 0xff, 0xfc, 0x30, 0xff, 0xe2, 0xdf,
    0xff, 0xc2, 0x43, 0xff, 0x91, 0xff, 0xfc, 0x30,
    0xff, 0xe3, 0xdf, 0xff, 0xc2, 0x43, 0xff, 0x8d,
    0xff, 0xfc, 0x30, 0xff, 0xe4, 0xff, 0xff, 0xd,
    0xf, 0xfe, 0x27, 0xff, 0xf0, 0xc3, 0xff, 0x97,
    0xff, 0xfc, 0x30, 0xff, 0xe1, 0xff, 0xff, 0xc,
    0x3f, 0xf9, 0xbf, 0xff, 0xc3, 0xf, 0xfe, 0xf,
    0xff, 0xf0, 0xc3, 0xff, 0x9f, 0xff, 0xfc, 0x30,
    0xff, 0xbf, 0xff, 0x86, 0x1f, 0xfd, 0x1f, 0xff,
    0xe1, 0x87, 0xf7, 0xff, 0xf0, 0xc3, 0xff, 0xa7,
    0xff, 0xfc, 0x30, 0xfb, 0xff, 0xf8, 0x61, 0xff,
    0xd5, 0xff, 0xfe, 0x18, 0x77, 0xff, 0xf0, 0xc3,
    0xff, 0xaf, 0xff, 0xfc, 0x30, 0xbf, 0xff, 0x86,
    0x1f, 0xfd, 0x9f, 0xff, 0xe1, 0x9f, 0xff, 0xc3,
    0xf, 0xfe, 0xdf, 0xff, 0xf4, 0x43, 0xff, 0xbb,
    0xff, 0xfc, 0xf0, 0xff, 0xef, 0xff, 0xff, 0x35,
    0xf, 0xff, 0x7, 0xff, 0xf2, 0xd0, 0xff, 0xf1,
    0x7f, 0xff, 0x25, 0xf, 0xff, 0x27, 0xff, 0xf1,
    0xd0, 0xff, 0xf3, 0x7f, 0xff, 0x15, 0xf, 0xff,
    0x47, 0xff, 0xf0, 0xd0, 0xff, 0xf4, 0x3f, 0xff,
    0xc3, 0x83, 0xff, 0xce, 0xff, 0xff, 0x16, 0xf,
    0xff, 0x2b, 0xff, 0xfc, 0x78, 0x3f, 0xfc, 0x6f,
    0xff, 0xf2, 0x50, 0xff, 0xf0, 0xbf, 0xff, 0xcb,
    0x43, 0xff, 0xbe, 0xff, 0xff, 0x35, 0xf, 0xfe,
    0xf7, 0xff, 0xf3, 0xd0, 0xff, 0xee, 0x7f, 0xff,
    0x45, 0xf, 0xfe, 0xd7, 0xff, 0xf0, 0xa2, 0xff,
    0xfe, 0x12, 0x1f, 0xfd, 0x8f, 0xff, 0xe1, 0x41,
    0x5f, 0xff, 0xc2, 0x43, 0xff, 0xad, 0xff, 0xfc,
    0x30, 0xeb, 0xff, 0xf8, 0x41, 0xff, 0xd5, 0xff,
    0xfe, 0x18, 0x7d, 0x7f, 0xff, 0x8, 0x3f, 0xfa,
    0x7f, 0xff, 0xc3, 0xf, 0xeb, 0xff, 0xf8, 0x41,
    0xff, 0xd1, 0xff, 0xfe, 0x18, 0x7f, 0xd7, 0xff,
    0xf0, 0x83, 0xff, 0x9f, 0xff, 0xfc, 0x30, 0xff,
    0xe0, 0xdf, 0xff, 0xc2, 0xf, 0xfe, 0x6f, 0xff,
    0xf0, 0xc3, 0xff, 0x87, 0xff, 0xfc, 0x30, 0xff,
    0xe5, 0xff, 0xff, 0xc, 0x3f, 0xf8, 0xbf, 0xff,
    0xc3, 0xf, 0xfe, 0x4d, 0xff, 0xfc, 0x20, 0xff,
    0xe3, 0xff, 0xff, 0xc, 0x3f, 0xf8, 0xf7, 0xff,
    0xf0, 0x83, 0xff, 0x93, 0xff, 0xfc, 0x30, 0xff,
    0xe2, 0xdf, 0xff, 0xc2, 0xf, 0xfe, 0x5f, 0xff,
    0xf0, 0xc3, 0xff, 0x87, 0x7f, 0xff, 0x8, 0x3f,
    0xf9, 0xbf, 0xff, 0xc3, 0xf, 0xfe, 0xd, 0xff,
    0xfc, 0x20, 0xff, 0xe7, 0xff, 0xff, 0xa, 0xf,
    0xfa, 0xff, 0xfe, 0x10, 0x7f, 0xf4, 0x7f, 0xff,
    0x85, 0x7, 0xf5, 0xff, 0xfc, 0x20, 0xff, 0xe9,
    0xff, 0xff, 0xa, 0xf, 0x9f, 0xff, 0xe1, 0x7,
    0xff, 0x57, 0xff, 0xf8, 0x50, 0x73, 0xff, 0xfc,
    0x20, 0xff, 0xeb, 0xff, 0xff, 0xa, 0x9, 0xff,
    0xfe, 0x12, 0x1f, 0xfd, 0x8f, 0xff, 0xe1, 0x43,
    0xff, 0xfc, 0x24, 0x3f, 0xfb, 0x5f, 0xff, 0xc2,
    0x57, 0xff, 0xf0, 0x50, 0xff, 0xee, 0x7f, 0xff,
    0x6, 0x7f, 0xff, 0x80, 0x87, 0xff, 0x7b, 0xff,
    0xf8, 0x13, 0xff, 0xf2, 0x1f, 0xfe, 0xf, 0xff,
    0xa7, 0xff, 0xc8, 0x7f, 0xf8, 0x5f, 0xff, 0x4f,
    0xff, 0x21, 0xff, 0xe3, 0x7f, 0xfa, 0x7f, 0xf2,
    0x1f, 0xfe, 0x57, 0xff, 0x40,

    /* U+0079 "y" */
    0xe, 0x60, 0xff, 0xf9, 0xc8, 0x7f, 0x3e, 0x83,
    0xff, 0xe3, 0x79, 0xf, 0x9f, 0xd0, 0x7f, 0xfb,
    0xef, 0xc8, 0x73, 0xfe, 0x83, 0xff, 0xdb, 0x7f,
    0x90, 0x9f, 0xfd, 0x7, 0xff, 0xae, 0xff, 0xc8,
    0xff, 0xf8, 0x3f, 0xfd, 0x7f, 0xfe, 0x6f, 0xff,
    0x7, 0xff, 0xaf, 0xff, 0xeb, 0xff, 0xc1, 0xff,
    0xeb, 0xff, 0xfa, 0xff, 0xf0, 0x7f, 0xfa, 0xff,
    0xfe, 0xbf, 0xfc, 0x1f, 0xfe, 0xbf, 0xff, 0xaf,
    0xff, 0x7, 0xff, 0xaf, 0xff, 0xeb, 0xff, 0xc1,
    0xff, 0xeb, 0xff, 0xfa, 0xff, 0xf0, 0x7f, 0xfa,
    0xff, 0xfe, 0xbf, 0xfc, 0x1f, 0xfe, 0xbf, 0xff,
    0xaf, 0xff, 0x7, 0xff, 0xaf, 0xff, 0xeb, 0xff,
    0xc1, 0xff, 0xeb, 0xff, 0xfa, 0xff, 0xf0, 0x7f,
    0xfa, 0xff, 0xfe, 0xbf, 0xfc, 0x1f, 0xfe, 0xbf,
    0xff, 0xaf, 0xff, 0x7, 0xff, 0xaf, 0xff, 0xeb,
    0xff, 0xc1, 0xff, 0xeb, 0xff, 0xfa, 0xff, 0xf0,
    0x7f, 0xfa, 0xff, 0xfe, 0xbf, 0xfc, 0x1f, 0xfe,
    0xbf, 0xff, 0xaf, 0xff, 0x7, 0xff, 0xaf, 0xff,
    0xeb, 0xff, 0xc1, 0xff, 0xeb, 0xff, 0xfa, 0xff,
    0xf0, 0x7f, 0xfa, 0xff, 0xfe, 0xbf, 0xfc, 0x1f,
    0xfe, 0xbf, 0xff, 0xaf, 0xff, 0x7, 0xff, 0xaf,
    0xff, 0xeb, 0xff, 0xc1, 0xff, 0xeb, 0xff, 0xfa,
    0xff, 0xf0, 0x7f, 0xfa, 0xff, 0xfe, 0xbf, 0xfc,
    0x1f, 0xfe, 0xbf, 0xff, 0xaf, 0xff, 0x7, 0xff,
    0xaf, 0xff, 0xeb, 0xff, 0xc1, 0xff, 0xeb, 0xff,
    0xfa, 0xff, 0xf0, 0x7f, 0xfa, 0xff, 0xfe, 0xbf,
    0xfc, 0x1f, 0xfe, 0xbf, 0xff, 0xaf, 0xff, 0x7,
    0xff, 0xaf, 0xff, 0xeb, 0xff, 0xc1, 0xff, 0xeb,
    0xff, 0xfa, 0xff, 0xf0, 0x7f, 0xfa, 0xff, 0xfe,
    0xbf, 0xfc, 0x1f, 0xfe, 0xbf, 0xff, 0xaf, 0xff,
    0x7, 0xff, 0xaf, 0xff, 0xeb, 0xff, 0xc1, 0xff,
    0xeb, 0xff, 0xfa, 0xff, 0xf0, 0x7f, 0xfa, 0xff,
    0xfe, 0xbf, 0xfc, 0x1f, 0xfe, 0xbf, 0xff, 0xaf,
    0xff, 0x7, 0xff, 0xaf, 0xff, 0xeb, 0xff, 0xc1,
    0xff, 0xeb, 0xff, 0xfa, 0xff, 0xf0, 0x7f, 0xfa,
    0xff, 0xfe, 0xbf, 0xfc, 0x1f, 0xfe, 0xbf, 0xff,
    0xaf, 0xff, 0x7, 0xff, 0xaf, 0xff, 0xeb, 0xff,
    0xc1, 0xff, 0xeb, 0xff, 0xfa, 0xff, 0xf0, 0x7f,
    0xfa, 0xff, 0xfe, 0xbf, 0xfc, 0x1f, 0xfe, 0xbf,
    0xff, 0xaf, 0xff, 0x7, 0xff, 0xaf, 0xff, 0xeb,
    0xff, 0xc1, 0xff, 0xeb, 0xff, 0xfa, 0xff, 0xf0,
    0x7f, 0xfa, 0xff, 0xfe, 0xbf, 0xfc, 0x1f, 0xfe,
    0xbf, 0xff, 0xaf, 0xff, 0x7, 0xff, 0xaf, 0xff,
    0xeb, 0xff, 0xc1, 0xff, 0xeb, 0xff, 0xfa, 0xff,
    0xf0, 0x7f, 0xfa, 0xff, 0xfe, 0x7f, 0xf9, 0xf,
    0xff, 0x5b, 0xff, 0xe1, 0xff, 0x90, 0x9a, 0xff,
    0xf2, 0xa1, 0x3f, 0xfc, 0x7, 0xf9, 0x9, 0xff,
    0xff, 0x3a, 0x13, 0xff, 0x82, 0x7e, 0x42, 0x7f,
    0xff, 0xd2, 0x84, 0xff, 0xc1, 0x9d, 0x9, 0xff,
    0xff, 0x5a, 0x13, 0xfe, 0xf, 0xe7, 0xff, 0xfd,
    0xa8, 0x65, 0xe0, 0xfe, 0xff, 0xff, 0x7a, 0x1f,
    0xfc, 0x5b, 0xff, 0xfd, 0xb0, 0x7f, 0xf1, 0xef,
    0xff, 0xf5, 0xc1, 0xbf, 0xa0, 0xff, 0xaf, 0xff,
    0xf4, 0xc1, 0xbf, 0xe0, 0xff, 0xe0, 0x5f, 0xff,
    0xe7, 0x83, 0x7f, 0xe0, 0xff, 0xe0, 0xdf, 0xff,
    0xe5, 0x83, 0x7f, 0xf0, 0x7f, 0xfd, 0xff, 0xfc,
    0x1f, 0xff, 0x6f, 0xff, 0x83, 0xff, 0xed, 0xff,
    0xf0, 0x7f, 0xfd, 0xbf, 0xfe, 0xf, 0xff, 0xb7,
    0xff, 0xc1, 0xff, 0xf6, 0xff, 0xf8, 0x3f, 0xfe,
    0xdf, 0xff, 0x7, 0xff, 0xdb, 0xff, 0xe0, 0xff,
    0xfb, 0x7f, 0xfc, 0x1f, 0xff, 0x6f, 0xff, 0x83,
    0xff, 0xed, 0xff, 0xf0, 0x7f, 0xfd, 0xbf, 0xfe,
    0xf, 0xff, 0xb7, 0xff, 0xc1, 0xff, 0xf6, 0xff,
    0xf8, 0x3f, 0xfe, 0xdf, 0xff, 0x7, 0xff, 0xdb,
    0xff, 0xe0, 0xff, 0xfb, 0x7f, 0xfc, 0x1f, 0xff,
    0x6f, 0xff, 0x83, 0xff, 0xed, 0xff, 0xf0, 0x7f,
    0xfd, 0xbf, 0xfe, 0xf, 0xff, 0xb7, 0xff, 0xc1,
    0xff, 0xf6, 0xff, 0xf8, 0x3f, 0xfe, 0xdf, 0xff,
    0x7, 0xff, 0xdb, 0xff, 0xe0, 0xff, 0xfb, 0x7f,
    0xfc, 0x1f, 0xff, 0x6f, 0xff, 0x83, 0xff, 0xed,
    0xff, 0xf0, 0x7f, 0xfd, 0xbf, 0xfe, 0xf, 0xff,
    0xb7, 0xff, 0xc1, 0xff, 0xf6, 0xff, 0xf8, 0x3f,
    0xfe, 0xdf, 0xff, 0x7, 0xff, 0xdb, 0xff, 0xe0,
    0xff, 0xfb, 0x7f, 0xfc, 0x1f, 0xff, 0x6f, 0xff,
    0x83, 0xff, 0xed, 0xff, 0xf0, 0x7f, 0xfd, 0xbf,
    0xfe, 0xf, 0xff, 0xb7, 0xff, 0xc1, 0xff, 0xf6,
    0xff, 0xf8, 0x3f, 0xfe, 0xdf, 0xff, 0x7, 0xff,
    0xdb, 0xff, 0xe0, 0xff, 0xfb, 0x7f, 0xfc, 0x1f,
    0xff, 0x6f, 0xff, 0x83, 0xff, 0xed, 0xff, 0xf0,
    0x7f, 0xfd, 0xbf, 0xfe, 0xf, 0xff, 0xb7, 0xff,
    0xa0, 0xff, 0xfb, 0x7f, 0xf8, 0x3f, 0xfe, 0xef,
    0xfd, 0x7, 0xff, 0xeb, 0xfa, 0xf, 0xff, 0xe7,
    0xd0, 0x7f, 0xff, 0xb8, 0x3f, 0xff, 0xe1, 0xf0,

    /* U+007A "z" */
    0xe, 0x7f, 0xff, 0xec, 0x1f, 0xcf, 0xff, 0xfe,
    0x3, 0xe7, 0xff, 0xff, 0x41, 0xcf, 0xff, 0xff,
    0x2, 0x7f, 0xff, 0xfc, 0xf, 0xff, 0xff, 0xc0,
    0xff, 0xff, 0xec, 0x1b, 0xff, 0xff, 0x70, 0x7b,
    0xff, 0xff, 0x30, 0x7e, 0xff, 0xff, 0xbc, 0x1f,
    0xea, 0xff, 0xfb, 0x7, 0xff, 0xfc, 0x3f, 0xff,
    0x4d, 0x7c, 0x87, 0xff, 0xde, 0xff, 0xd0, 0x7f,
    0xfd, 0x5f, 0xff, 0x41, 0xff, 0xf4, 0xbf, 0xfe,
    0x83, 0xff, 0xe7, 0xff, 0xfc, 0x18, 0x3f, 0xfe,
    0x2f, 0xff, 0xf0, 0xa0, 0xff, 0xf8, 0x5f, 0xff,
    0xc3, 0x83, 0xff, 0xdc, 0xff, 0xff, 0x16, 0xf,
    0xff, 0x6d, 0xff, 0xfc, 0x58, 0x3f, 0xfd, 0xbf,
    0xff, 0xc6, 0x43, 0xff, 0xd8, 0xff, 0xff, 0x18,
    0x3f, 0xfd, 0xb7, 0xff, 0xf1, 0x60, 0xff, 0xf6,
    0xff, 0xff, 0x18, 0x3f, 0xfd, 0xb7, 0xff, 0xf1,
    0x60, 0xff, 0xf6, 0xff, 0xff, 0x19, 0xf, 0xff,
    0x63, 0xff, 0xfc, 0x60, 0xff, 0xf6, 0xdf, 0xff,
    0xc5, 0x43, 0xff, 0xdb, 0xff, 0xfc, 0x60, 0xff,
    0xf6, 0xbf, 0xff, 0xc5, 0x83, 0xff, 0xdb, 0xff,
    0xfc, 0x64, 0x3f, 0xfd, 0x8f, 0xff, 0xf1, 0x60,
    0xff, 0xf6, 0xdf, 0xff, 0xc5, 0x43, 0xff, 0xdb,
    0xff, 0xfc, 0x60, 0xff, 0xf6, 0xbf, 0xff, 0xc5,
    0x83, 0xff, 0xdb, 0x7f, 0xff, 0x15, 0xf, 0xff,
    0x63, 0xff, 0xfc, 0x58, 0x3f, 0xfd, 0xb7, 0xff,
    0xf1, 0x50, 0xff, 0xf6, 0xff, 0xff, 0x18, 0x3f,
    0xfd, 0xaf, 0xff, 0xf1, 0x60, 0xff, 0xf6, 0xdf,
    0xff, 0xc5, 0xf, 0xff, 0x6b, 0xff, 0xfc, 0x58,
    0x3f, 0xfd, 0xb7, 0xff, 0xf1, 0x50, 0xff, 0xf6,
    0xff, 0xff, 0x16, 0xf, 0xff, 0x6b, 0xff, 0xfc,
    0x54, 0x3f, 0xfd, 0xb7, 0xff, 0xf1, 0x43, 0xff,
    0xda, 0xff, 0xff, 0x16, 0xf, 0xff, 0x6d, 0xff,
    0xfc, 0x54, 0x3f, 0xfd, 0xbf, 0xff, 0xc5, 0x83,
    0xff, 0xdc, 0xff, 0xff, 0x11, 0xf, 0xff, 0x7b,
    0xff, 0xfc, 0x30, 0xff, 0xf8, 0xbf, 0xff, 0xc1,
    0x83, 0xff, 0xe4, 0xff, 0xff, 0x1, 0xf, 0xff,
    0x9b, 0xff, 0xe8, 0x3f, 0xfe, 0xaf, 0xff, 0x21,
    0xff, 0xf7, 0x5f, 0xc1, 0xff, 0xff, 0xf, 0xff,
    0xad, 0x7f, 0xfd, 0x83, 0xfd, 0xff, 0xff, 0x78,
    0x3f, 0x5f, 0xff, 0xf9, 0xf, 0x5f, 0xff, 0xfb,
    0xd, 0x7f, 0xff, 0xf4, 0x17, 0xff, 0xff, 0x90,
    0x7f, 0xff, 0xf6, 0xd, 0xff, 0xff, 0xb8, 0x3d,
    0xff, 0xff, 0x98, 0x3f, 0x7f, 0xff, 0xde, 0xf,
    0xf7, 0xff, 0xfd, 0x60, 0xe0,

    /* U+007B "{" */
    0xf, 0xfe, 0x9f, 0xff, 0xa0, 0xff, 0xeb, 0xbf,
    0xff, 0xc0, 0x83, 0xff, 0xaa, 0xff, 0xff, 0xa,
    0xf, 0xfe, 0x9b, 0xff, 0xfc, 0x48, 0x3f, 0xfa,
    0x2f, 0xff, 0xf1, 0xa0, 0xff, 0xe7, 0xbf, 0xff,
    0xc8, 0x83, 0xff, 0x9f, 0xff, 0xfc, 0x88, 0x3f,
    0xfa, 0x1f, 0xff, 0xc6, 0x83, 0xff, 0x98, 0x87,
    0x7f, 0xff, 0x12, 0xf, 0xfe, 0x65, 0xc1, 0xdf,
    0xff, 0xc2, 0x83, 0xff, 0x99, 0x7d, 0x7, 0x7f,
    0xff, 0x2, 0xf, 0xfe, 0x65, 0xfd, 0x7, 0x2f,
    0xfc, 0x1f, 0xfc, 0xcb, 0xfe, 0x83, 0xff, 0xb5,
    0x7f, 0xf4, 0x1f, 0xfd, 0x8b, 0xff, 0xd0, 0x7f,
    0xf6, 0x3f, 0xfe, 0x83, 0xff, 0xb1, 0xff, 0xf4,
    0x1f, 0xfd, 0x8f, 0xff, 0xa0, 0xff, 0xec, 0x7f,
    0xfd, 0x7, 0xff, 0x63, 0xff, 0xe8, 0x3f, 0xfb,
    0x1f, 0xff, 0x41, 0xff, 0xd8, 0xff, 0xfa, 0xf,
    0xfe, 0xc7, 0xff, 0xd0, 0x7f, 0xf6, 0x3f, 0xfe,
    0x83, 0xff, 0xb1, 0xff, 0xf4, 0x1f, 0xfd, 0x8f,
    0xff, 0xa0, 0xff, 0xec, 0x7f, 0xfd, 0x7, 0xff,
    0x63, 0xff, 0xe8, 0x3f, 0xfb, 0x1f, 0xff, 0x41,
    0xff, 0xd8, 0xff, 0xfa, 0xf, 0xfe, 0xc7, 0xff,
    0xd0, 0x7f, 0xf6, 0x3f, 0xfe, 0x83, 0xff, 0xb1,
    0xff, 0xf4, 0x1f, 0xfd, 0x8f, 0xff, 0xa0, 0xff,
    0xec, 0x7f, 0xfd, 0x7, 0xff, 0x63, 0xff, 0xe8,
    0x3f, 0xfb, 0x1f, 0xff, 0x41, 0xff, 0xd8, 0xff,
    0xfa, 0xf, 0xfe, 0xc7, 0xff, 0xd0, 0x7f, 0xf6,
    0x3f, 0xfe, 0x83, 0xff, 0xb1, 0xff, 0xf4, 0x1f,
    0xfd, 0x8f, 0xff, 0xa0, 0xff, 0xec, 0x7f, 0xfd,
    0x7, 0xff, 0x63, 0xff, 0xe8, 0x3f, 0xfb, 0x1f,
    0xff, 0x41, 0xff, 0xd8, 0xff, 0xfa, 0xf, 0xfe,
    0xc7, 0xff, 0xd0, 0x7f, 0xf6, 0x3f, 0xfe, 0x83,
    0xff, 0xb1, 0xff, 0xf4, 0x1f, 0xfd, 0x8f, 0xff,
    0xa0, 0xff, 0xec, 0x7f, 0xfd, 0x7, 0xff, 0x63,
    0xff, 0xe8, 0x3f, 0xfb, 0x1f, 0xff, 0x41, 0xff,
    0xd8, 0xff, 0xfa, 0xf, 0xfe, 0xc7, 0xff, 0xd0,
    0x7f, 0xf6, 0x3f, 0xfe, 0x83, 0xff, 0xb1, 0xff,
    0xf4, 0x1f, 0xfd, 0x8f, 0xff, 0xa0, 0xff, 0xec,
    0x7f, 0xfd, 0x7, 0xff, 0x63, 0xff, 0xe8, 0x3f,
    0xfb, 0x1f, 0xff, 0x41, 0xff, 0xd8, 0xff, 0xfa,
    0xf, 0xfe, 0xc3, 0xff, 0xe4, 0x3f, 0xfb, 0x37,
    0xfe, 0x43, 0xff, 0x9d, 0x7f, 0xe8, 0x2b, 0xfc,
    0x87, 0xff, 0x3a, 0xff, 0xf4, 0x15, 0xf9, 0xf,
    0xfe, 0x75, 0xff, 0xfc, 0x8, 0x2b, 0xc1, 0xff,
    0xcf, 0xbf, 0xff, 0x85, 0x5, 0x7, 0xff, 0x3e,
    0xff, 0xfe, 0x24, 0x1f, 0xfd, 0x2f, 0xff, 0xe3,
    0x21, 0xff, 0xd1, 0x7f, 0xff, 0x88, 0x87, 0xff,
    0x4d, 0xff, 0xfe, 0x12, 0x16, 0x87, 0xff, 0x41,
    0xff, 0xfe, 0x2, 0x17, 0xc8, 0x7f, 0xf4, 0x1f,
    0xff, 0x21, 0x7f, 0x21, 0xff, 0xd0, 0x6b, 0xf2,
    0x17, 0xfc, 0x87, 0xff, 0x6e, 0xff, 0xd0, 0x7f,
    0xf6, 0x6f, 0xff, 0x21, 0xff, 0xd8, 0xff, 0xfa,
    0xf, 0xfe, 0xc7, 0xff, 0xd0, 0x7f, 0xf6, 0x3f,
    0xfe, 0x83, 0xff, 0xb1, 0xff, 0xf4, 0x1f, 0xfd,
    0x8f, 0xff, 0xa0, 0xff, 0xec, 0x7f, 0xfd, 0x7,
    0xff, 0x63, 0xff, 0xe8, 0x3f, 0xfb, 0x1f, 0xff,
    0x41, 0xff, 0xd8, 0xff, 0xfa, 0xf, 0xfe, 0xc7,
    0xff, 0xd0, 0x7f, 0xf6, 0x3f, 0xfe, 0x83, 0xff,
    0xb1, 0xff, 0xf4, 0x1f, 0xfd, 0x8f, 0xff, 0xa0,
    0xff, 0xec, 0x7f, 0xfd, 0x7, 0xff, 0x63, 0xff,
    0xe8, 0x3f, 0xfb, 0x1f, 0xff, 0x41, 0xff, 0xd8,
    0xff, 0xfa, 0xf, 0xfe, 0xc7, 0xff, 0xd0, 0x7f,
    0xf6, 0x3f, 0xfe, 0x83, 0xff, 0xb1, 0xff, 0xf4,
    0x1f, 0xfd, 0x8f, 0xff, 0xa0, 0xff, 0xec, 0x7f,
    0xfd, 0x7, 0xff, 0x63, 0xff, 0xe8, 0x3f, 0xfb,
    0x1f, 0xff, 0x41, 0xff, 0xd8, 0xff, 0xfa, 0xf,
    0xfe, 0xc7, 0xff, 0xd0, 0x7f, 0xf6, 0x3f, 0xfe,
    0x83, 0xff, 0xb1, 0xff, 0xf4, 0x1f, 0xfd, 0x8f,
    0xff, 0xa0, 0xff, 0xec, 0x7f, 0xfd, 0x7, 0xff,
    0x63, 0xff, 0xe8, 0x3f, 0xfb, 0x1f, 0xff, 0x41,
    0xff, 0xd8, 0xff, 0xfa, 0xf, 0xfe, 0xc7, 0xff,
    0xd0, 0x7f, 0xf6, 0x3f, 0xfe, 0x83, 0xff, 0xb1,
    0xff, 0xf4, 0x1f, 0xfd, 0x8f, 0xff, 0xa0, 0xff,
    0xec, 0x7f, 0xfd, 0x7, 0xff, 0x63, 0xff, 0xe8,
    0x3f, 0xfb, 0x1f, 0xff, 0x41, 0xff, 0xd8, 0xff,
    0xfa, 0xf, 0xfe, 0xc7, 0xff, 0xd0, 0x7f, 0xf6,
    0x3f, 0xfe, 0x83, 0xff, 0xb1, 0xff, 0xf4, 0x1f,
    0xfd, 0x8f, 0xff, 0xa0, 0xff, 0xec, 0x7f, 0xfd,
    0x7, 0xff, 0x63, 0xff, 0xe8, 0x3f, 0xfb, 0x1f,
    0xff, 0x41, 0xff, 0xd8, 0xff, 0xfa, 0xf, 0xfe,
    0xc7, 0xff, 0xd0, 0x7f, 0xf6, 0x3f, 0xfe, 0x83,
    0xff, 0xb1, 0xff, 0xf4, 0x1f, 0xfd, 0x8f, 0xff,
    0xa0, 0xff, 0xec, 0x7f, 0xfd, 0x7, 0xff, 0x63,
    0xff, 0xe8, 0x3f, 0xfb, 0x1f, 0xff, 0x41, 0xff,
    0xd8, 0xff, 0xfa, 0xf, 0xfe, 0xc7, 0xff, 0xd0,
    0x7f, 0xf6, 0x1f, 0xff, 0x41, 0xff, 0xd9, 0x7f,
    0xf9, 0xf, 0xfe, 0xd3, 0xff, 0x21, 0xff, 0xdc,
    0x7f, 0x90, 0xcd, 0x7f, 0x90, 0xff, 0xe7, 0x3f,
    0x21, 0x9f, 0xff, 0xe0, 0x41, 0xff, 0xce, 0x74,
    0x33, 0xff, 0xfc, 0x28, 0x3f, 0xfa, 0x9f, 0xff,
    0xc4, 0x83, 0xff, 0xa5, 0xff, 0xfc, 0x68, 0x3f,
    0xfa, 0x1f, 0xff, 0xc8, 0x83, 0xff, 0x9c, 0xff,
    0xff, 0x22, 0xf, 0xfe, 0x7b, 0xff, 0xfc, 0x68,
    0x3f, 0xfa, 0x2f, 0xff, 0xf1, 0x20, 0xff, 0xe9,
    0xbf, 0xff, 0xc2, 0x83, 0xff, 0xaa, 0xff, 0xff,
    0x2, 0xf, 0xfe, 0xbb, 0xff, 0xe8, 0x3c,

    /* U+007C "|" */
    0xf, 0xfe, 0x2f, 0x83, 0xf3, 0xf9, 0xe, 0x7f,
    0xc8, 0x57, 0xfe, 0x47, 0xff, 0xc3, 0xff, 0xe1,
    0xff, 0xf0, 0xff, 0xf8, 0x7f, 0xfc, 0x3f, 0xfe,
    0x1f, 0xff, 0xf, 0xff, 0x87, 0xff, 0xc3, 0xff,
    0xe1, 0xff, 0xf0, 0xff, 0xf8, 0x7f, 0xfc, 0x3f,
    0xfe, 0x1f, 0xff, 0xf, 0xff, 0x87, 0xff, 0xc3,
    0xff, 0xe1, 0xff, 0xf0, 0xff, 0xf8, 0x7f, 0xfc,
    0x3f, 0xfe, 0x1f, 0xff, 0xf, 0xff, 0x87, 0xff,
    0xc3, 0xff, 0xe1, 0xff, 0xf0, 0xff, 0xf8, 0x7f,
    0xfc, 0x3f, 0xfe, 0x1f, 0xff, 0xf, 0xff, 0x87,
    0xff, 0xc3, 0xff, 0xe1, 0xff, 0xf0, 0xff, 0xf8,
    0x7f, 0xfc, 0x3f, 0xfe, 0x1f, 0xff, 0xf, 0xff,
    0x87, 0xff, 0xc3, 0xff, 0xe1, 0xff, 0xf0, 0xff,
    0xf8, 0x7f, 0xfc, 0x3f, 0xfe, 0x1f, 0xff, 0xf,
    0xff, 0x87, 0xff, 0xc3, 0xff, 0xe1, 0xff, 0xf0,
    0xff, 0xf8, 0x7f, 0xfc, 0x3f, 0xfe, 0x1f, 0xff,
    0xf, 0xff, 0x87, 0xff, 0xc3, 0xff, 0xe1, 0xff,
    0xf0, 0xff, 0xf8, 0x7f, 0xfc, 0x3f, 0xfe, 0x1f,
    0xff, 0xf, 0xff, 0x80, 0xff, 0xe4, 0x27, 0xfc,
    0x87, 0x3f, 0x90, 0xf9, 0xf2, 0x1f, 0xcc, 0x1f,
    0xfe, 0x2f, 0x7, 0xf7, 0xe0, 0xfb, 0xfa, 0xe,
    0xff, 0xa0, 0xbf, 0xfa, 0x1f, 0xff, 0xf, 0xff,
    0x87, 0xff, 0xc3, 0xff, 0xe1, 0xff, 0xf0, 0xff,
    0xf8, 0x7f, 0xfc, 0x3f, 0xfe, 0x1f, 0xff, 0xf,
    0xff, 0x87, 0xff, 0xc3, 0xff, 0xe1, 0xff, 0xf0,
    0xff, 0xf8, 0x7f, 0xfc, 0x3f, 0xfe, 0x1f, 0xff,
    0xf, 0xff, 0x87, 0xff, 0xc3, 0xff, 0xe1, 0xff,
    0xf0, 0xff, 0xf8, 0x7f, 0xfc, 0x3f, 0xfe, 0x1f,
    0xff, 0xf, 0xff, 0x87, 0xff, 0xc3, 0xff, 0xe1,
    0xff, 0xf0, 0xff, 0xf8, 0x7f, 0xfc, 0x3f, 0xfe,
    0x1f, 0xff, 0xf, 0xff, 0x87, 0xff, 0xc3, 0xff,
    0xe1, 0xff, 0xf0, 0xff, 0xf8, 0x7f, 0xfc, 0x3f,
    0xfe, 0x1f, 0xff, 0xf, 0xff, 0x87, 0xff, 0xc3,
    0xff, 0xe1, 0xff, 0xf0, 0xff, 0xf8, 0x7f, 0xfc,
    0x3f, 0xfe, 0x1f, 0xff, 0xf, 0xff, 0x87, 0xff,
    0xc3, 0xff, 0xe1, 0xff, 0xf0, 0xff, 0xf8, 0x7f,
    0xfc, 0x3f, 0xfe, 0x1f, 0xff, 0xf, 0xff, 0x87,
    0xff, 0xc3, 0xff, 0xe1, 0xff, 0xf0, 0xff, 0xf8,
    0x7f, 0xfc, 0x3f, 0xfe, 0x5, 0xff, 0x90, 0x9f,
    0xf2, 0x1c, 0xfe, 0x43, 0xf7, 0x90, 0xff, 0xe2,
    0x0,

    /* U+007D "}" */
    0xf, 0x7f, 0xfa, 0xf, 0xfe, 0xc7, 0xff, 0xf0,
    0x20, 0xff, 0xeb, 0x7f, 0xff, 0xa, 0xf, 0xfe,
    0xa7, 0xff, 0xf1, 0x20, 0xff, 0xe9, 0x7f, 0xff,
    0x1a, 0xf, 0xfe, 0x87, 0xff, 0xf2, 0x43, 0xff,
    0x9f, 0xff, 0xfc, 0x88, 0x3f, 0xfa, 0x1f, 0xff,
    0xc6, 0x83, 0xff, 0xa5, 0xff, 0xfc, 0x48, 0x3f,
    0xfa, 0x9f, 0xff, 0xc2, 0x83, 0xbc, 0x1f, 0xfc,
    0xff, 0xff, 0xe0, 0x41, 0xdf, 0x83, 0xff, 0x9e,
    0xbf, 0xf0, 0x77, 0xf8, 0x3f, 0xfb, 0xbf, 0xf8,
    0x3f, 0xfb, 0x7f, 0xfe, 0xf, 0xfe, 0xd7, 0xff,
    0xc1, 0xff, 0xd9, 0xff, 0xf9, 0xf, 0xfe, 0xc7,
    0xff, 0xc8, 0x7f, 0xf6, 0x3f, 0xfe, 0x43, 0xff,
    0xb1, 0xff, 0xf2, 0x1f, 0xfd, 0x8f, 0xff, 0x90,
    0xff, 0xec, 0x7f, 0xfc, 0x87, 0xff, 0x63, 0xff,
    0xe4, 0x3f, 0xfb, 0x1f, 0xff, 0x21, 0xff, 0xd8,
    0xff, 0xf9, 0xf, 0xfe, 0xc7, 0xff, 0xc8, 0x7f,
    0xf6, 0x3f, 0xfe, 0x43, 0xff, 0xb1, 0xff, 0xf2,
    0x1f, 0xfd, 0x8f, 0xff, 0x90, 0xff, 0xec, 0x7f,
    0xfc, 0x87, 0xff, 0x63, 0xff, 0xe4, 0x3f, 0xfb,
    0x1f, 0xff, 0x21, 0xff, 0xd8, 0xff, 0xf9, 0xf,
    0xfe, 0xc7, 0xff, 0xc8, 0x7f, 0xf6, 0x3f, 0xfe,
    0x43, 0xff, 0xb1, 0xff, 0xf2, 0x1f, 0xfd, 0x8f,
    0xff, 0x90, 0xff, 0xec, 0x7f, 0xfc, 0x87, 0xff,
    0x63, 0xff, 0xe4, 0x3f, 0xfb, 0x1f, 0xff, 0x21,
    0xff, 0xd8, 0xff, 0xf9, 0xf, 0xfe, 0xc7, 0xff,
    0xc8, 0x7f, 0xf6, 0x3f, 0xfe, 0x43, 0xff, 0xb1,
    0xff, 0xf2, 0x1f, 0xfd, 0x8f, 0xff, 0x90, 0xff,
    0xec, 0x7f, 0xfc, 0x87, 0xff, 0x63, 0xff, 0xe4,
    0x3f, 0xfb, 0x1f, 0xff, 0x21, 0xff, 0xd8, 0xff,
    0xf9, 0xf, 0xfe, 0xc7, 0xff, 0xc8, 0x7f, 0xf6,
    0x3f, 0xfe, 0x43, 0xff, 0xb1, 0xff, 0xf2, 0x1f,
    0xfd, 0x8f, 0xff, 0x90, 0xff, 0xec, 0x7f, 0xfc,
    0x87, 0xff, 0x63, 0xff, 0xe4, 0x3f, 0xfb, 0x1f,
    0xff, 0x21, 0xff, 0xd8, 0xff, 0xf9, 0xf, 0xfe,
    0xc7, 0xff, 0xc8, 0x7f, 0xf6, 0x3f, 0xfe, 0x43,
    0xff, 0xb1, 0xff, 0xf2, 0x1f, 0xfd, 0x8f, 0xff,
    0x90, 0xff, 0xec, 0x7f, 0xfc, 0x87, 0xff, 0x63,
    0xff, 0xe4, 0x3f, 0xfb, 0x17, 0xff, 0x83, 0xff,
    0xb5, 0x7f, 0xe0, 0xff, 0xee, 0x5f, 0xe0, 0xdf,
    0xfc, 0x87, 0xff, 0x42, 0xfc, 0x85, 0xff, 0xf2,
    0x1f, 0xfd, 0xb, 0xc8, 0x5f, 0xff, 0xc1, 0x43,
    0xff, 0xa0, 0xa0, 0xbf, 0xff, 0x86, 0x87, 0xff,
    0x4f, 0xff, 0xf8, 0xa8, 0x7f, 0xf4, 0x6f, 0xff,
    0xe3, 0x7, 0xff, 0x4a, 0xff, 0xfe, 0x20, 0x7f,
    0xf3, 0xe8, 0x15, 0xff, 0xfc, 0x20, 0xff, 0xe7,
    0xde, 0x82, 0xbf, 0xff, 0x80, 0x1f, 0xfc, 0xfb,
    0xf2, 0x15, 0xff, 0xe0, 0xff, 0xe7, 0xff, 0xc8,
    0x55, 0xfc, 0x1f, 0xfc, 0xff, 0xfe, 0x43, 0xff,
    0xb3, 0xff, 0xf0, 0x7f, 0xf6, 0x7f, 0xfe, 0x43,
    0xff, 0xb1, 0xff, 0xf2, 0x1f, 0xfd, 0x8f, 0xff,
    0x90, 0xff, 0xec, 0x7f, 0xfc, 0x87, 0xff, 0x63,
    0xff, 0xe4, 0x3f, 0xfb, 0x1f, 0xff, 0x21, 0xff,
    0xd8, 0xff, 0xf9, 0xf, 0xfe, 0xc7, 0xff, 0xc8,
    0x7f, 0xf6, 0x3f, 0xfe, 0x43, 0xff, 0xb1, 0xff,
    0xf2, 0x1f, 0xfd, 0x8f, 0xff, 0x90, 0xff, 0xec,
    0x7f, 0xfc, 0x87, 0xff, 0x63, 0xff, 0xe4, 0x3f,
    0xfb, 0x1f, 0xff, 0x21, 0xff, 0xd8, 0xff, 0xf9,
    0xf, 0xfe, 0xc7, 0xff, 0xc8, 0x7f, 0xf6, 0x3f,
    0xfe, 0x43, 0xff, 0xb1, 0xff, 0xf2, 0x1f, 0xfd,
    0x8f, 0xff, 0x90, 0xff, 0xec, 0x7f, 0xfc, 0x87,
    0xff, 0x63, 0xff, 0xe4, 0x3f, 0xfb, 0x1f, 0xff,
    0x21, 0xff, 0xd8, 0xff, 0xf9, 0xf, 0xfe, 0xc7,
    0xff, 0xc8, 0x7f, 0xf6, 0x3f, 0xfe, 0x43, 0xff,
    0xb1, 0xff, 0xf2, 0x1f, 0xfd, 0x8f, 0xff, 0x90,
    0xff, 0xec, 0x7f, 0xfc, 0x87, 0xff, 0x63, 0xff,
    0xe4, 0x3f, 0xfb, 0x1f, 0xff, 0x21, 0xff, 0xd8,
    0xff, 0xf9, 0xf, 0xfe, 0xc7, 0xff, 0xc8, 0x7f,
    0xf6, 0x3f, 0xfe, 0x43, 0xff, 0xb1, 0xff, 0xf2,
    0x1f, 0xfd, 0x8f, 0xff, 0x90, 0xff, 0xec, 0x7f,
    0xfc, 0x87, 0xff, 0x63, 0xff, 0xe4, 0x3f, 0xfb,
    0x1f, 0xff, 0x21, 0xff, 0xd8, 0xff, 0xf9, 0xf,
    0xfe, 0xc7, 0xff, 0xc8, 0x7f, 0xf6, 0x3f, 0xfe,
    0x43, 0xff, 0xb1, 0xff, 0xf2, 0x1f, 0xfd, 0x8f,
    0xff, 0x90, 0xff, 0xec, 0x7f, 0xfc, 0x87, 0xff,
    0x63, 0xff, 0xe4, 0x3f, 0xfb, 0x1f, 0xff, 0x21,
    0xff, 0xd8, 0xff, 0xf9, 0xf, 0xfe, 0xc7, 0xff,
    0xc8, 0x7f, 0xf6, 0x3f, 0xfe, 0x43, 0xff, 0xb1,
    0xff, 0xf2, 0x1f, 0xfd, 0x8f, 0xff, 0x90, 0xff,
    0xec, 0x7f, 0xfc, 0x87, 0xff, 0x63, 0xff, 0xe4,
    0x3f, 0xfb, 0x1f, 0xff, 0x21, 0xff, 0xd8, 0xff,
    0xf9, 0xf, 0xfe, 0xc7, 0xff, 0xc8, 0x7f, 0xf6,
    0x3f, 0xfe, 0x43, 0xff, 0xb1, 0xff, 0xf2, 0x1f,
    0xfd, 0x8f, 0xff, 0x83, 0xff, 0xb3, 0x7f, 0xf0,
    0x7f, 0xf6, 0xef, 0xf8, 0x3f, 0xf9, 0xb5, 0xff,
    0x7, 0x5f, 0xc1, 0xff, 0xcd, 0xff, 0xfe, 0x8,
    0x75, 0xf0, 0x7f, 0xf3, 0x7f, 0xff, 0x86, 0x1d,
    0x61, 0xff, 0xcd, 0xff, 0xfe, 0x28, 0x7f, 0xf4,
    0xbf, 0xff, 0x8e, 0x1f, 0xfd, 0xf, 0xff, 0xe4,
    0x87, 0xff, 0x3f, 0xff, 0xf9, 0x21, 0xff, 0xd0,
    0xff, 0xfe, 0x38, 0x7f, 0xf4, 0xbf, 0xff, 0x8a,
    0x1f, 0xfd, 0x4f, 0xff, 0xe1, 0x87, 0xff, 0x5b,
    0xff, 0xf8, 0x21, 0xff, 0xd8, 0xff, 0xf8, 0x3f,
    0xfa, 0x60,

    /* U+007E "~" */
    0xf, 0x57, 0xff, 0x7c, 0x3f, 0xeb, 0xff, 0xfb,
    0xf0, 0x7f, 0x5f, 0xff, 0xe1, 0x83, 0xeb, 0xff,
    0xfc, 0x70, 0x75, 0xff, 0xfe, 0x58, 0x2b, 0xff,
    0xfc, 0xf0, 0x1f, 0xff, 0xf4, 0x4, 0xff, 0xff,
    0x98, 0x3a, 0xff, 0xff, 0x20, 0x7d, 0x7f, 0xff,
    0x86, 0xf, 0xeb, 0xff, 0xfb, 0xf0, 0x70
};


/*---------------------
 *  GLYPH DESCRIPTION
 *--------------------*/

static const lv_font_fmt_txt_glyph_dsc_t glyph_dsc[] = {
    {.bitmap_index = 0, .adv_w = 0, .box_w = 0, .box_h = 0, .ofs_x = 0, .ofs_y = 0} /* id = 0 reserved */,
    {.bitmap_index = 0, .adv_w = 1520, .box_w = 0, .box_h = 0, .ofs_x = 0, .ofs_y = 0},
    {.bitmap_index = 0, .adv_w = 316, .box_w = 12, .box_h = 128, .ofs_x = 4, .ofs_y = 0},
    {.bitmap_index = 264, .adv_w = 596, .box_w = 29, .box_h = 29, .ofs_x = 4, .ofs_y = 99},
    {.bitmap_index = 412, .adv_w = 1368, .box_w = 77, .box_h = 83, .ofs_x = 4, .ofs_y = 42},
    {.bitmap_index = 998, .adv_w = 1368, .box_w = 77, .box_h = 174, .ofs_x = 4, .ofs_y = -24},
    {.bitmap_index = 1817, .adv_w = 2408, .box_w = 141, .box_h = 127, .ofs_x = 4, .ofs_y = 0},
    {.bitmap_index = 3528, .adv_w = 1566, .box_w = 90, .box_h = 127, .ofs_x = 4, .ofs_y = 0},
    {.bitmap_index = 4499, .adv_w = 316, .box_w = 12, .box_h = 29, .ofs_x = 4, .ofs_y = 99},
    {.bitmap_index = 4563, .adv_w = 809, .box_w = 42, .box_h = 127, .ofs_x = 4, .ofs_y = 0},
    {.bitmap_index = 5170, .adv_w = 809, .box_w = 42, .box_h = 127, .ofs_x = 4, .ofs_y = 0},
    {.bitmap_index = 5779, .adv_w = 1368, .box_w = 77, .box_h = 77, .ofs_x = 4, .ofs_y = 25},
    {.bitmap_index = 6343, .adv_w = 1368, .box_w = 77, .box_h = 65, .ofs_x = 4, .ofs_y = 31},
    {.bitmap_index = 6612, .adv_w = 389, .box_w = 16, .box_h = 28, .ofs_x = 4, .ofs_y = -13},
    {.bitmap_index = 6693, .adv_w = 1487, .box_w = 67, .box_h = 12, .ofs_x = 13, .ofs_y = 63},
    {.bitmap_index = 6743, .adv_w = 389, .box_w = 16, .box_h = 16, .ofs_x = 4, .ofs_y = 0},
    {.bitmap_index = 6789, .adv_w = 1368, .box_w = 77, .box_h = 127, .ofs_x = 4, .ofs_y = 0},
    {.bitmap_index = 7380, .adv_w = 1368, .box_w = 77, .box_h = 127, .ofs_x = 4, .ofs_y = 0},
    {.bitmap_index = 8162, .adv_w = 559, .box_w = 27, .box_h = 128, .ofs_x = 4, .ofs_y = -1},
    {.bitmap_index = 8728, .adv_w = 1368, .box_w = 77, .box_h = 127, .ofs_x = 4, .ofs_y = 0},
    {.bitmap_index = 9365, .adv_w = 1368, .box_w = 69, .box_h = 127, .ofs_x = 12, .ofs_y = 0},
    {.bitmap_index = 9962, .adv_w = 1368, .box_w = 77, .box_h = 128, .ofs_x = 4, .ofs_y = 0},
    {.bitmap_index = 10659, .adv_w = 1368, .box_w = 77, .box_h = 127, .ofs_x = 4, .ofs_y = 0},
    {.bitmap_index = 11297, .adv_w = 1368, .box_w = 77, .box_h = 128, .ofs_x = 4, .ofs_y = 0},
    {.bitmap_index = 12005, .adv_w = 1368, .box_w = 69, .box_h = 128, .ofs_x = 12, .ofs_y = -1},
    {.bitmap_index = 12565, .adv_w = 1368, .box_w = 77, .box_h = 127, .ofs_x = 4, .ofs_y = 0},
    {.bitmap_index = 13377, .adv_w = 1368, .box_w = 77, .box_h = 127, .ofs_x = 4, .ofs_y = 0},
    {.bitmap_index = 14073, .adv_w = 389, .box_w = 16, .box_h = 68, .ofs_x = 4, .ofs_y = 35},
    {.bitmap_index = 14183, .adv_w = 389, .box_w = 16, .box_h = 77, .ofs_x = 4, .ofs_y = 26},
    {.bitmap_index = 14320, .adv_w = 973, .box_w = 54, .box_h = 127, .ofs_x = 4, .ofs_y = 0},
    {.bitmap_index = 14990, .adv_w = 1368, .box_w = 77, .box_h = 32, .ofs_x = 4, .ofs_y = 48},
    {.bitmap_index = 15109, .adv_w = 973, .box_w = 53, .box_h = 127, .ofs_x = 4, .ofs_y = 0},
    {.bitmap_index = 15775, .adv_w = 1368, .box_w = 77, .box_h = 127, .ofs_x = 4, .ofs_y = 0},
    {.bitmap_index = 16376, .adv_w = 1520, .box_w = 0, .box_h = 0, .ofs_x = 0, .ofs_y = 0},
    {.bitmap_index = 16376, .adv_w = 1368, .box_w = 77, .box_h = 127, .ofs_x = 4, .ofs_y = 0},
    {.bitmap_index = 17184, .adv_w = 1368, .box_w = 77, .box_h = 127, .ofs_x = 4, .ofs_y = 0},
    {.bitmap_index = 18003, .adv_w = 1368, .box_w = 69, .box_h = 127, .ofs_x = 4, .ofs_y = 0},
    {.bitmap_index = 18589, .adv_w = 1368, .box_w = 77, .box_h = 127, .ofs_x = 4, .ofs_y = 0},
    {.bitmap_index = 19384, .adv_w = 1368, .box_w = 69, .box_h = 127, .ofs_x = 4, .ofs_y = 0},
    {.bitmap_index = 19991, .adv_w = 1368, .box_w = 69, .box_h = 127, .ofs_x = 4, .ofs_y = 0},
    {.bitmap_index = 20585, .adv_w = 1368, .box_w = 77, .box_h = 127, .ofs_x = 4, .ofs_y = 0},
    {.bitmap_index = 21328, .adv_w = 1368, .box_w = 77, .box_h = 128, .ofs_x = 4, .ofs_y = 0},
    {.bitmap_index = 22138, .adv_w = 316, .box_w = 12, .box_h = 128, .ofs_x = 4, .ofs_y = 0},
    {.bitmap_index = 22409, .adv_w = 1368, .box_w = 77, .box_h = 128, .ofs_x = 4, .ofs_y = 0},
    {.bitmap_index = 23079, .adv_w = 1368, .box_w = 77, .box_h = 128, .ofs_x = 4, .ofs_y = 0},
    {.bitmap_index = 24028, .adv_w = 1368, .box_w = 69, .box_h = 128, .ofs_x = 4, .ofs_y = 0},
    {.bitmap_index = 24602, .adv_w = 1368, .box_w = 77, .box_h = 128, .ofs_x = 4, .ofs_y = -1},
    {.bitmap_index = 25525, .adv_w = 1368, .box_w = 77, .box_h = 129, .ofs_x = 4, .ofs_y = -1},
    {.bitmap_index = 26531, .adv_w = 1368, .box_w = 77, .box_h = 127, .ofs_x = 4, .ofs_y = 0},
    {.bitmap_index = 27313, .adv_w = 1368, .box_w = 77, .box_h = 127, .ofs_x = 4, .ofs_y = 0},
    {.bitmap_index = 28022, .adv_w = 1368, .box_w = 79, .box_h = 127, .ofs_x = 4, .ofs_y = 0},
    {.bitmap_index = 28957, .adv_w = 1368, .box_w = 77, .box_h = 127, .ofs_x = 4, .ofs_y = 0},
    {.bitmap_index = 29923, .adv_w = 1368, .box_w = 77, .box_h = 127, .ofs_x = 4, .ofs_y = 0},
    {.bitmap_index = 30537, .adv_w = 1368, .box_w = 77, .box_h = 128, .ofs_x = 4, .ofs_y = -1},
    {.bitmap_index = 31081, .adv_w = 1368, .box_w = 77, .box_h = 128, .ofs_x = 4, .ofs_y = 0},
    {.bitmap_index = 31868, .adv_w = 1368, .box_w = 77, .box_h = 129, .ofs_x = 4, .ofs_y = -1},
    {.bitmap_index = 32810, .adv_w = 1368, .box_w = 77, .box_h = 128, .ofs_x = 4, .ofs_y = 0},
    {.bitmap_index = 33733, .adv_w = 1368, .box_w = 76, .box_h = 127, .ofs_x = 5, .ofs_y = 0},
    {.bitmap_index = 34778, .adv_w = 1368, .box_w = 77, .box_h = 128, .ofs_x = 4, .ofs_y = 0},
    {.bitmap_index = 35498, .adv_w = 1368, .box_w = 77, .box_h = 127, .ofs_x = 4, .ofs_y = 0},
    {.bitmap_index = 36083, .adv_w = 648, .box_w = 32, .box_h = 150, .ofs_x = 4, .ofs_y = -12},
    {.bitmap_index = 36785, .adv_w = 1368, .box_w = 77, .box_h = 127, .ofs_x = 4, .ofs_y = 0},
    {.bitmap_index = 37372, .adv_w = 648, .box_w = 32, .box_h = 150, .ofs_x = 4, .ofs_y = -12},
    {.bitmap_index = 38071, .adv_w = 1368, .box_w = 47, .box_h = 27, .ofs_x = 19, .ofs_y = 131},
    {.bitmap_index = 38265, .adv_w = 1368, .box_w = 85, .box_h = 11, .ofs_x = 0, .ofs_y = -20},
    {.bitmap_index = 38317, .adv_w = 1368, .box_w = 28, .box_h = 27, .ofs_x = 27, .ofs_y = 131},
    {.bitmap_index = 38458, .adv_w = 1368, .box_w = 78, .box_h = 69, .ofs_x = 4, .ofs_y = 0},
    {.bitmap_index = 38931, .adv_w = 1368, .box_w = 77, .box_h = 128, .ofs_x = 4, .ofs_y = 0},
    {.bitmap_index = 39647, .adv_w = 1228, .box_w = 69, .box_h = 69, .ofs_x = 4, .ofs_y = 0},
    {.bitmap_index = 39982, .adv_w = 1368, .box_w = 77, .box_h = 128, .ofs_x = 4, .ofs_y = 0},
    {.bitmap_index = 40711, .adv_w = 1228, .box_w = 69, .box_h = 69, .ofs_x = 4, .ofs_y = 0},
    {.bitmap_index = 41242, .adv_w = 1034, .box_w = 57, .box_h = 128, .ofs_x = 4, .ofs_y = -59},
    {.bitmap_index = 41849, .adv_w = 1368, .box_w = 77, .box_h = 128, .ofs_x = 4, .ofs_y = -59},
    {.bitmap_index = 42569, .adv_w = 1368, .box_w = 77, .box_h = 128, .ofs_x = 4, .ofs_y = 0},
    {.bitmap_index = 43276, .adv_w = 316, .box_w = 13, .box_h = 89, .ofs_x = 3, .ofs_y = 0},
    {.bitmap_index = 43480, .adv_w = 316, .box_w = 53, .box_h = 145, .ofs_x = -37, .ofs_y = -57},
    {.bitmap_index = 44104, .adv_w = 1158, .box_w = 64, .box_h = 128, .ofs_x = 4, .ofs_y = 0},
    {.bitmap_index = 45023, .adv_w = 316, .box_w = 12, .box_h = 128, .ofs_x = 4, .ofs_y = 0},
    {.bitmap_index = 45294, .adv_w = 1368, .box_w = 77, .box_h = 69, .ofs_x = 4, .ofs_y = 0},
    {.bitmap_index = 45982, .adv_w = 1368, .box_w = 77, .box_h = 69, .ofs_x = 4, .ofs_y = 0},
    {.bitmap_index = 46422, .adv_w = 1368, .box_w = 77, .box_h = 69, .ofs_x = 4, .ofs_y = 0},
    {.bitmap_index = 46863, .adv_w = 1368, .box_w = 77, .box_h = 120, .ofs_x = 4, .ofs_y = -51},
    {.bitmap_index = 47532, .adv_w = 1368, .box_w = 77, .box_h = 120, .ofs_x = 4, .ofs_y = -51},
    {.bitmap_index = 48196, .adv_w = 1228, .box_w = 69, .box_h = 69, .ofs_x = 4, .ofs_y = 0},
    {.bitmap_index = 48518, .adv_w = 1368, .box_w = 77, .box_h = 69, .ofs_x = 4, .ofs_y = 0},
    {.bitmap_index = 48885, .adv_w = 1325, .box_w = 75, .box_h = 128, .ofs_x = 4, .ofs_y = 0},
    {.bitmap_index = 49508, .adv_w = 1368, .box_w = 77, .box_h = 69, .ofs_x = 4, .ofs_y = 0},
    {.bitmap_index = 49947, .adv_w = 1277, .box_w = 70, .box_h = 71, .ofs_x = 4, .ofs_y = -1},
    {.bitmap_index = 50529, .adv_w = 1368, .box_w = 77, .box_h = 69, .ofs_x = 4, .ofs_y = 0},
    {.bitmap_index = 51215, .adv_w = 1274, .box_w = 69, .box_h = 69, .ofs_x = 4, .ofs_y = 0},
    {.bitmap_index = 51796, .adv_w = 1368, .box_w = 77, .box_h = 120, .ofs_x = 4, .ofs_y = -51},
    {.bitmap_index = 52460, .adv_w = 1368, .box_w = 77, .box_h = 69, .ofs_x = 4, .ofs_y = 0},
    {.bitmap_index = 52801, .adv_w = 876, .box_w = 48, .box_h = 150, .ofs_x = 4, .ofs_y = -12},
    {.bitmap_index = 53552, .adv_w = 316, .box_w = 12, .box_h = 151, .ofs_x = 4, .ofs_y = -12},
    {.bitmap_index = 53873, .adv_w = 876, .box_w = 48, .box_h = 150, .ofs_x = 4, .ofs_y = -12},
    {.bitmap_index = 54611, .adv_w = 1368, .box_w = 55, .box_h = 11, .ofs_x = 15, .ofs_y = 135}
};

/*---------------------
 *  CHARACTER MAPPING
 *--------------------*/



/*Collect the unicode lists and glyph_id offsets*/
static const lv_font_fmt_txt_cmap_t cmaps[] =
{
    {
        .range_start = 32, .range_length = 95, .glyph_id_start = 1,
        .unicode_list = NULL, .glyph_id_ofs_list = NULL, .list_length = 0, .type = LV_FONT_FMT_TXT_CMAP_FORMAT0_TINY
    }
};

/*-----------------
 *    KERNING
 *----------------*/


/*Pair left and right glyphs for kerning*/
static const uint8_t kern_pair_glyph_ids[] =
{
    1, 1,
    1, 51,
    7, 1,
    13, 1,
    33, 1,
    49, 1,
    73, 1,
    74, 81,
    94, 1
};

/* Kerning between the respective left and right glyphs
 * 4.4 format which needs to scaled with `kern_scale`*/
static const int8_t kern_pair_values[] =
{
    119, 30, 119, -120, 119, 98, 119, 47,
    42
};

/*Collect the kern pair's data in one place*/
static const lv_font_fmt_txt_kern_pair_t kern_pairs =
{
    .glyph_ids = kern_pair_glyph_ids,
    .values = kern_pair_values,
    .pair_cnt = 9,
    .glyph_ids_size = 0
};

/*--------------------
 *  ALL CUSTOM DATA
 *--------------------*/

#if LVGL_VERSION_MAJOR == 8
/*Store all the custom data of the font*/
static  lv_font_fmt_txt_glyph_cache_t cache;
#endif

#if LVGL_VERSION_MAJOR >= 8
static const lv_font_fmt_txt_dsc_t font_dsc = {
#else
static lv_font_fmt_txt_dsc_t font_dsc = {
#endif
    .glyph_bitmap = glyph_bitmap,
    .glyph_dsc = glyph_dsc,
    .cmaps = cmaps,
    .kern_dsc = &kern_pairs,
    .kern_scale = 120,
    .cmap_num = 1,
    .bpp = 2,
    .kern_classes = 0,
    .bitmap_format = 2,
#if LVGL_VERSION_MAJOR == 8
    .cache = &cache
#endif
};



/*-----------------
 *  PUBLIC FONT
 *----------------*/

/*Initialize a public general font descriptor*/
#if LVGL_VERSION_MAJOR >= 8
const lv_font_t ui_font_LED_190 = {
#else
lv_font_t ui_font_LED_190 = {
#endif
    .get_glyph_dsc = lv_font_get_glyph_dsc_fmt_txt,    /*Function pointer to get glyph's data*/
    .get_glyph_bitmap = lv_font_get_bitmap_fmt_txt,    /*Function pointer to get glyph's bitmap*/
    .line_height = 217,          /*The maximum line height required by the font*/
    .base_line = 59,             /*Baseline measured from the bottom of the line*/
#if !(LVGL_VERSION_MAJOR == 6 && LVGL_VERSION_MINOR == 0)
    .subpx = LV_FONT_SUBPX_NONE,
#endif
#if LV_VERSION_CHECK(7, 4, 0) || LVGL_VERSION_MAJOR >= 8
    .underline_position = -15,
    .underline_thickness = 10,
#endif
    .dsc = &font_dsc,          /*The custom font data. Will be accessed by `get_glyph_bitmap/dsc` */
#if LV_VERSION_CHECK(8, 2, 0) || LVGL_VERSION_MAJOR >= 9
    .fallback = NULL,
#endif
    .user_data = NULL,
};

#if (LV_FONT_FMT_TXT_LARGE == 0)
#  error "Too large font or glyphs in UI_FONT_LED_190. Enable LV_FONT_FMT_TXT_LARGE in lv_conf.h")
#endif


#endif /*#if UI_FONT_LED_190*/

