/*******************************************************************************
 * Size: 84 px
 * Bpp: 2
 * Opts: --bpp 2 --size 84 --font H:/2025/lvgl_squareline/SquareLine Studio/watch_demo_modify/assets/img/clk07/fonts/evelyne-yzpxo.ttf -o H:/2025/lvgl_squareline/SquareLine Studio/watch_demo_modify/assets/img/clk07/fonts\ui_font_EVELYNE_84.c --format lvgl -r 0x20-0x7f --no-prefilter
 ******************************************************************************/

#include "../ui.h"

#ifndef UI_FONT_EVELYNE_84
#define UI_FONT_EVELYNE_84 1
#endif

#if UI_FONT_EVELYNE_84

/*-----------------
 *    BITMAPS
 *----------------*/

/*Store the image of the glyphs*/
static LV_ATTRIBUTE_LARGE_CONST const uint8_t glyph_bitmap[] = {
    /* U+0020 " " */

    /* U+0021 "!" */
    0x1d, 0x7, 0xc0, 0xf9, 0x3e, 0x57, 0xd3, 0xf4,
    0xfd, 0x3f, 0x4f, 0xd3, 0xf4, 0xfc, 0x9f, 0x27,
    0xc9, 0xf2, 0x7c, 0x9f, 0x27, 0xc9, 0xf2, 0x7c,
    0x9f, 0x27, 0xc9, 0xf2, 0x7c, 0xf, 0x81, 0xf0,
    0x3e, 0x7, 0xc0, 0xf8, 0x1f, 0x2, 0xf0, 0x2f,
    0x2, 0xf0, 0x2f, 0x2, 0xe0, 0x3c, 0x7, 0x80,
    0xf0, 0x5a, 0x16, 0x19, 0x40, 0xbc, 0xaf, 0xc7,
    0xd0, 0xf8,

    /* U+0022 "\"" */
    0x3c, 0xf, 0x37, 0xa7, 0xfe, 0xbf, 0xd4, 0xfa,
    0xf3, 0x7a, 0x9e, 0x57, 0x95, 0xe1, 0xf0, 0x3c,
    0xf, 0x3, 0x81, 0xe0, 0x68, 0x28, 0x4, 0x24,
    0x0,

    /* U+0023 "#" */
    0xf, 0xfe, 0xb, 0xa1, 0xff, 0xd7, 0xf8, 0x3f,
    0xf8, 0x28, 0x7f, 0xf2, 0x7d, 0x7, 0xff, 0x3,
    0xd0, 0x7f, 0xf1, 0xdf, 0x21, 0xff, 0xc0, 0xf4,
    0x1f, 0xfc, 0x7b, 0xc1, 0xff, 0xc0, 0x7c, 0x87,
    0xff, 0x1f, 0xe0, 0xff, 0xe0, 0x5e, 0xf, 0xfe,
    0x47, 0xc1, 0xff, 0xc0, 0xf8, 0x3f, 0xf8, 0xef,
    0xa0, 0xff, 0xe0, 0x7a, 0xf, 0xfe, 0x3d, 0xe4,
    0x3f, 0xe7, 0xd0, 0x7f, 0xf1, 0xef, 0x7, 0xff,
    0x2, 0xf2, 0x1f, 0xfc, 0x7f, 0x83, 0xff, 0x81,
    0xf0, 0x7f, 0xf2, 0x3d, 0x7, 0xff, 0x3, 0xe0,
    0xff, 0xe3, 0xbe, 0x43, 0xff, 0x81, 0xe8, 0x3f,
    0xf8, 0xf7, 0x83, 0xff, 0x80, 0xf9, 0xf, 0xe7,
    0xff, 0xfb, 0x5, 0xff, 0xfd, 0x84, 0xbf, 0xff,
    0xad, 0x7, 0xfa, 0xf2, 0x1f, 0xf3, 0xe4, 0x3f,
    0xf8, 0xf7, 0x83, 0xff, 0x81, 0x79, 0xf, 0xfe,
    0x3f, 0xc1, 0xff, 0xc0, 0xf8, 0x3f, 0xf9, 0x1e,
    0x83, 0xff, 0x81, 0xf0, 0x7f, 0xf1, 0xdf, 0x21,
    0xff, 0xc0, 0xf4, 0x1f, 0xf3, 0xff, 0xfd, 0x78,
    0xbf, 0xff, 0xb0, 0x95, 0xbf, 0xff, 0xa5, 0x40,
    0xfc, 0xfa, 0xf, 0xfe, 0x7, 0xa0, 0xff, 0xe3,
    0xde, 0x43, 0xfe, 0x7c, 0x87, 0xff, 0x1f, 0xe0,
    0xff, 0xe0, 0x5e, 0xf, 0xfe, 0x47, 0xc1, 0xff,
    0xc0, 0xf8, 0x3f, 0xf8, 0xef, 0xa0, 0xff, 0xe0,
    0x7c, 0x1f, 0xfc, 0x77, 0xc8, 0x7f, 0xcf, 0xa0,
    0xff, 0xe3, 0xde, 0xf, 0xfe, 0x5, 0xe4, 0x3f,
    0xf8, 0xff, 0x7, 0xff, 0x3, 0xe0, 0xff, 0xe4,
    0x7a, 0xf, 0xfe, 0x7, 0xc1, 0xff, 0xc7, 0x7c,
    0x87, 0xfc, 0xfa, 0xf, 0xfe, 0x47, 0x83, 0xff,
    0x80, 0xf9, 0xf, 0xfe, 0xb3, 0xe0, 0xff, 0xec,
    0x21, 0xff, 0xc4,

    /* U+0024 "$" */
    0xf, 0xfe, 0x2, 0x1f, 0xfc, 0x7c, 0x3f, 0xf8,
    0x97, 0xd2, 0x1f, 0xfc, 0xb, 0x41, 0xbc, 0x1f,
    0xeb, 0x42, 0xc1, 0x61, 0xf9, 0xf0, 0x4c, 0x13,
    0x87, 0xde, 0x82, 0xa0, 0x6d, 0xe, 0x7c, 0x85,
    0x21, 0x98, 0x3b, 0xe0, 0xda, 0x1d, 0x87, 0x7c,
    0x1b, 0xf, 0x61, 0xdf, 0x6, 0xc3, 0xd8, 0x67,
    0xe4, 0x2c, 0x39, 0x83, 0x3f, 0x20, 0x60, 0xec,
    0x39, 0xfa, 0x3, 0x4, 0xe8, 0x7b, 0xf0, 0x24,
    0x24, 0x3f, 0x7e, 0x4, 0x87, 0xff, 0x2, 0xfa,
    0x30, 0xff, 0xe0, 0xbf, 0x8c, 0x3f, 0xf8, 0x5f,
    0x9c, 0x3f, 0xf8, 0x4f, 0xf0, 0x7f, 0xf0, 0xff,
    0x41, 0xff, 0xc3, 0x7e, 0x83, 0xff, 0x89, 0x7c,
    0x1f, 0xfc, 0x5f, 0x90, 0xff, 0xe2, 0x3f, 0x7,
    0xff, 0x17, 0xe4, 0x3f, 0xf8, 0x9f, 0x83, 0xff,
    0x86, 0xc7, 0x83, 0xff, 0x87, 0x40, 0x70, 0x7f,
    0xf0, 0xa4, 0xe, 0x1f, 0xcc, 0x16, 0x85, 0x40,
    0xf9, 0xc3, 0x61, 0xd8, 0x7d, 0x87, 0x61, 0xcc,
    0x1d, 0xa1, 0xd8, 0x7b, 0xe, 0xc3, 0x98, 0x3d,
    0x21, 0x30, 0x73, 0x7, 0x98, 0x29, 0xe, 0x90,
    0xfb, 0xa, 0x81, 0xd2, 0x1f, 0x61, 0x30, 0x76,
    0x1f, 0xb0, 0xd8, 0x76, 0x1f, 0xb0, 0xd4, 0xd,
    0x87, 0xd4, 0xe, 0xd0, 0xb0, 0xfb, 0xf, 0xb4,
    0x60, 0xf7, 0x7, 0xef, 0xa0, 0xcf, 0x7, 0xf9,
    0xff, 0x41, 0xff, 0xc1, 0xc3, 0xff, 0x8f, 0x87,
    0xff, 0x1f, 0xf, 0xfe, 0x8,

    /* U+0025 "%" */
    0xe, 0xbd, 0x7, 0xe7, 0xc1, 0xf6, 0x81, 0xc3,
    0xcf, 0xe0, 0xe9, 0xc, 0xe1, 0xd7, 0xe0, 0xec,
    0x64, 0x18, 0x77, 0xe8, 0x3b, 0xf2, 0x9, 0xa,
    0xfc, 0x1e, 0xfc, 0x13, 0x5, 0xfa, 0xf, 0x5f,
    0x49, 0x20, 0x7f, 0x7, 0xdf, 0x90, 0x48, 0x3f,
    0x41, 0xf7, 0xc8, 0x58, 0x5f, 0x83, 0xf5, 0xe0,
    0xa8, 0xb, 0xe8, 0x3f, 0x3e, 0x3, 0x85, 0xf8,
    0x3f, 0xde, 0x56, 0x81, 0xfa, 0xf, 0xfa, 0xe0,
    0xdf, 0x83, 0xff, 0x8f, 0xf4, 0x1f, 0xfc, 0x6b,
    0xe0, 0xff, 0xe3, 0xfd, 0x7, 0xff, 0x19, 0xf8,
    0x3f, 0xf8, 0xff, 0x41, 0xff, 0xc6, 0x7e, 0xf,
    0xfe, 0x3d, 0xe8, 0x3f, 0xf8, 0xff, 0x7, 0xff,
    0x1d, 0xf4, 0x1f, 0xfc, 0x7f, 0x83, 0xff, 0x8e,
    0xfa, 0xf, 0xfe, 0x3d, 0xe0, 0xff, 0xe4, 0x7a,
    0xe, 0x6f, 0x21, 0xfd, 0x78, 0x39, 0xd1, 0xe0,
    0xfd, 0xe8, 0x3b, 0xe, 0xd0, 0xf3, 0xe0, 0xe6,
    0x2, 0x16, 0x1e, 0xf4, 0x1c, 0xfe, 0xb, 0xf,
    0x78, 0x3e, 0xfc, 0x16, 0x1d, 0x70, 0x7d, 0xf5,
    0x1, 0x87, 0x78, 0x3f, 0x7e, 0x41, 0x86, 0x78,
    0x3f, 0x7c, 0x13, 0x86, 0xf0, 0x7f, 0x7c, 0x16,
    0x86, 0xe0, 0xfe, 0xf8, 0xe, 0x1a, 0xc3, 0xfc,
    0xf8, 0xb0, 0xee, 0xf, 0xf9, 0xf4, 0x1c, 0xe1,
    0xff, 0xc9, 0xd0, 0xff, 0xe4, 0xe1, 0xff, 0xca,
    0x43, 0xff, 0x92,

    /* U+0026 "&" */
    0xf, 0xfe, 0xdb, 0x7e, 0x90, 0xff, 0xe3, 0xbe,
    0x97, 0x5e, 0x43, 0xff, 0x89, 0x70, 0x7e, 0xb8,
    0x3f, 0xf8, 0x5e, 0xf, 0xfb, 0xd0, 0x7f, 0xf0,
    0x2c, 0x3f, 0xf8, 0x1f, 0x7, 0xfc, 0xe1, 0xff,
    0xc1, 0xfa, 0xf, 0xf7, 0x7, 0xff, 0x7, 0xf0,
    0x7f, 0x38, 0x7f, 0xf0, 0x5f, 0xc1, 0xfd, 0x61,
    0xff, 0xc1, 0xfe, 0xf, 0xee, 0xf, 0xfe, 0x3,
    0xfc, 0x1f, 0xda, 0x1f, 0xfc, 0xf, 0xe8, 0x3f,
    0xb4, 0x3f, 0xeb, 0xf8, 0x3f, 0xda, 0x1f, 0xe7,
    0xfa, 0xf, 0xf7, 0x7, 0xf3, 0xfe, 0xf, 0xfa,
    0x81, 0xf9, 0xff, 0x41, 0xff, 0x38, 0x7c, 0xff,
    0xc1, 0xff, 0xc1, 0xc3, 0xcf, 0xfc, 0x1f, 0xfc,
    0x2e, 0xc, 0xff, 0xc1, 0xff, 0xc3, 0x70, 0x9f,
    0xf8, 0x3f, 0xf8, 0xbc, 0xf, 0xf9, 0xf, 0xfe,
    0x2b, 0xbf, 0xf0, 0x7f, 0xf2, 0x2f, 0xf8, 0x3f,
    0xf9, 0x3f, 0xf0, 0x7f, 0xf2, 0x6f, 0xf0, 0x7f,
    0xf2, 0x6f, 0xf0, 0x7f, 0xf2, 0xbf, 0xe8, 0x3f,
    0xf9, 0x1f, 0xd0, 0xf0, 0x7f, 0xf1, 0x9f, 0xe0,
    0x9f, 0x7, 0xff, 0x17, 0xf8, 0x3d, 0xe0, 0xff,
    0xe1, 0xbf, 0x83, 0xf5, 0xa1, 0xff, 0xc1, 0xbe,
    0x43, 0xfa, 0xe0, 0xf2, 0x1d, 0xf4, 0x1f, 0xf3,
    0xe0, 0xd6, 0x1d, 0xf0, 0x7f, 0xf0, 0xbc, 0x83,
    0x43, 0x3e, 0x83, 0xff, 0x87, 0x74, 0xc3, 0x9f,
    0x21, 0xff, 0xc4, 0x7d, 0x7, 0x3e, 0xf, 0xfe,
    0x35, 0xf0, 0x77, 0x83, 0xff, 0x8a, 0xe9, 0xe8,
    0x2f, 0x7, 0xff, 0x17, 0x82, 0x7d, 0xe, 0x87,
    0xff, 0xf, 0xc1, 0xe6, 0x7, 0x83, 0xff, 0x85,
    0x61, 0xff, 0xc0, 0xe0, 0xff, 0xe0, 0x78, 0x3f,
    0xf8, 0x2f, 0x7, 0xf3, 0xe0, 0xff, 0xe1, 0xbe,
    0x90, 0xcf, 0xa0, 0xff, 0xe3, 0x3f, 0xf4, 0x1f,
    0xfc, 0xc4, 0x3f, 0xf8, 0xc0,

    /* U+0027 "'" */
    0x3c, 0x5e, 0xbe, 0xbe, 0xa7, 0x9b, 0xc3, 0xe1,
    0xf0, 0x38, 0x1a, 0x4, 0x0,

    /* U+0028 "(" */
    0xf, 0xfe, 0x2, 0x1f, 0xf5, 0xe0, 0xfe, 0x7d,
    0x7, 0xf5, 0xe4, 0x3f, 0xbe, 0xf, 0xf5, 0xe4,
    0x3f, 0xaf, 0x41, 0xfe, 0xf8, 0x3f, 0xdf, 0x41,
    0xfc, 0xfc, 0x1f, 0xef, 0xa0, 0xfe, 0x7e, 0x43,
    0xfa, 0xf8, 0x3f, 0xdf, 0x41, 0xfe, 0xf9, 0xf,
    0xe7, 0xe4, 0x3f, 0xaf, 0x83, 0xfd, 0x7c, 0x1f,
    0xef, 0xc1, 0xfe, 0xfc, 0x1f, 0xef, 0xc1, 0xfe,
    0xfc, 0x1f, 0xef, 0xc1, 0xfe, 0xbe, 0xf, 0xf5,
    0xf2, 0x1f, 0xcf, 0xd0, 0x7f, 0xbf, 0x7, 0xfb,
    0xf0, 0x7f, 0xaf, 0xa0, 0xfe, 0x7f, 0x7, 0xfb,
    0xf2, 0x1f, 0xd7, 0xd0, 0x7f, 0xbf, 0x7, 0xfa,
    0xfa, 0xf, 0xf7, 0xe0, 0xff, 0x5f, 0x83, 0xfd,
    0xf9, 0xf, 0xf7, 0xe0, 0xff, 0x3f, 0x41, 0xfe,
    0x7e, 0x43, 0xfc, 0xfc, 0x1f, 0xfc, 0xf, 0x83,
    0xff, 0x80, 0xe0,

    /* U+0029 ")" */
    0x34, 0x3f, 0xf8, 0x1f, 0x7, 0xff, 0x3, 0xe4,
    0x3f, 0xcf, 0xc8, 0x7f, 0xaf, 0x90, 0xff, 0x7e,
    0x43, 0xf9, 0xfc, 0x1f, 0xeb, 0xe8, 0x3f, 0xdf,
    0x90, 0xfe, 0xbf, 0x7, 0xfb, 0xf2, 0x1f, 0xd7,
    0xd0, 0x7f, 0xbf, 0x7, 0xfb, 0xf2, 0x1f, 0xcf,
    0xe0, 0xff, 0x7e, 0xf, 0xf7, 0xe4, 0x3f, 0xaf,
    0x90, 0xfe, 0x7e, 0x83, 0xfd, 0xf8, 0x3f, 0xdf,
    0x83, 0xfd, 0xf8, 0x3f, 0xdf, 0x83, 0xfd, 0xf8,
    0x3f, 0xdf, 0x83, 0xfd, 0xf8, 0x3f, 0xdf, 0x41,
    0xfe, 0xf9, 0xf, 0xe7, 0xe4, 0x3f, 0xaf, 0x83,
    0xfd, 0xf4, 0x1f, 0xef, 0x90, 0xfe, 0xbe, 0xf,
    0xf7, 0xc8, 0x7f, 0x5f, 0x7, 0xfb, 0xe4, 0x3f,
    0xaf, 0x41, 0xfc, 0xfa, 0xf, 0xf7, 0xc1, 0xfe,
    0xf4, 0x1f, 0xd7, 0x90, 0xfe, 0xf4, 0x1f, 0xf2,
    0x1f, 0xfc, 0x0,

    /* U+002A "*" */
    0xc, 0x87, 0xf6, 0x86, 0x74, 0xd3, 0x81, 0x6e,
    0xf8, 0x35, 0xf8, 0x2b, 0xfd, 0x40, 0xdf, 0x7,
    0xa7, 0x70, 0xd0, 0x30, 0x41, 0xe8, 0x3f, 0xa0,
    0xff, 0xe1, 0x80,

    /* U+002B "+" */
    0xf, 0xf9, 0xf, 0xfe, 0x4d, 0xc1, 0xff, 0xc8,
    0xf4, 0x1f, 0xfc, 0x8f, 0x41, 0xff, 0xc8, 0xf4,
    0x1f, 0xfc, 0x8f, 0x41, 0xff, 0xc8, 0xf4, 0x1f,
    0xfc, 0x8f, 0x41, 0xff, 0xc8, 0xf4, 0x1f, 0xf2,
    0xff, 0x7d, 0x5f, 0xc5, 0xff, 0xfc, 0x99, 0xff,
    0xfe, 0x4a, 0x1f, 0xef, 0x41, 0xff, 0xc8, 0xf4,
    0x1f, 0xfc, 0x8f, 0x41, 0xff, 0xc8, 0xf4, 0x1f,
    0xfc, 0x8f, 0x41, 0xff, 0xc8, 0xf4, 0x1f, 0xfc,
    0x8f, 0x41, 0xff, 0xc8, 0xf4, 0x1f, 0xfc, 0x8f,
    0x41, 0xff, 0xc8, 0xf4, 0x1f, 0xfc, 0x8b, 0x43,
    0xfc,

    /* U+002C "," */
    0x5, 0xc0, 0x7e, 0x87, 0xf0, 0x3f, 0x5, 0xf0,
    0x5e, 0x41, 0x78, 0xf, 0x82, 0xd0, 0xfe,

    /* U+002D "-" */
    0x16, 0xaf, 0xf9, 0x2f, 0xff, 0xe1, 0xc7, 0xff,
    0xf0, 0xd0,

    /* U+002E "." */
    0xf, 0x7a, 0x2f, 0x9b, 0xe4, 0xb8,

    /* U+002F "/" */
    0xf, 0xfe, 0x53, 0xe4, 0x3f, 0xf9, 0x4f, 0xe4,
    0x3f, 0xf9, 0x3f, 0xc8, 0x7f, 0xf2, 0x1f, 0xe0,
    0xff, 0xe4, 0xff, 0x21, 0xff, 0xc8, 0x7f, 0x83,
    0xff, 0x93, 0xfc, 0x1f, 0xfc, 0x97, 0xf4, 0x1f,
    0xfc, 0x9f, 0xe0, 0xff, 0xe4, 0xdf, 0x90, 0xff,
    0xe4, 0xfe, 0x83, 0xff, 0x93, 0x7e, 0xf, 0xfe,
    0x57, 0xe4, 0x3f, 0xf9, 0x37, 0xe0, 0xff, 0xe5,
    0x7e, 0xf, 0xfe, 0x55, 0xf4, 0x1f, 0xfc, 0xaf,
    0xc1, 0xff, 0xca, 0xbe, 0x43, 0xff, 0x92, 0xfd,
    0x7, 0xff, 0x2b, 0xf0, 0x7f, 0xf2, 0x9f, 0x90,
    0xff, 0xe5, 0x7e, 0xf, 0xfe, 0x53, 0xf0, 0x7f,
    0xf2, 0xfe, 0x83, 0xff, 0x94, 0xfc, 0x1f, 0xfc,
    0xbf, 0x90, 0xff, 0xe5, 0x3e, 0x83, 0xff, 0x97,
    0xf0, 0x7f, 0xf2, 0xdf, 0x21, 0xff, 0xcb, 0xf8,
    0x3f, 0xf9, 0x77, 0x83, 0xff, 0x99, 0xe8, 0x3f,
    0xf9, 0x77, 0x83, 0xff, 0x99, 0xe4, 0x3f, 0xf9,
    0x77, 0x7, 0xff, 0x33, 0xc1, 0xff, 0xcc, 0xb4,
    0x3f, 0xf9, 0x9e, 0xf, 0xfe, 0x65, 0x87, 0xff,
    0x31, 0xe0, 0xff, 0xe6, 0x78, 0x3f, 0xf9, 0x8e,
    0x87, 0xff, 0x35, 0xf, 0xfe, 0x68,

    /* U+0030 "0" */
    0xf, 0xfe, 0xd5, 0xfa, 0xf, 0xfe, 0x2b, 0xff,
    0xd0, 0x7f, 0xf0, 0xbf, 0xc8, 0x1f, 0x83, 0xff,
    0x81, 0xfe, 0xf, 0x5e, 0xf, 0xf7, 0xf8, 0x3f,
    0x5c, 0x1f, 0xbf, 0xc8, 0x7f, 0x78, 0x3e, 0xff,
    0x41, 0xfe, 0x78, 0x39, 0xff, 0x7, 0xff, 0x3,
    0xc1, 0xdf, 0xf0, 0x7f, 0xf0, 0x2d, 0xa, 0xff,
    0x21, 0xff, 0xc0, 0x78, 0x2f, 0xf8, 0x3f, 0xf8,
    0x5e, 0xb, 0xfe, 0xf, 0xfe, 0x17, 0x81, 0x7f,
    0xa0, 0xff, 0xe1, 0x58, 0x2f, 0xf2, 0x1f, 0xfc,
    0x2b, 0x4f, 0xf8, 0x3f, 0xf8, 0x6e, 0x9f, 0xf0,
    0x7f, 0xf0, 0xde, 0x3f, 0xe0, 0xff, 0xe1, 0xbc,
    0xff, 0xc1, 0xff, 0xc3, 0x79, 0xff, 0x41, 0xff,
    0xc3, 0x79, 0xff, 0x41, 0xff, 0xc3, 0x79, 0xff,
    0x41, 0xff, 0xc3, 0x79, 0xff, 0x21, 0xff, 0xc3,
    0x75, 0x7f, 0x90, 0xff, 0xe1, 0xda, 0xbf, 0xc8,
    0x7f, 0xf0, 0xed, 0x3f, 0xc8, 0x7f, 0xf0, 0xfc,
    0xf, 0xf2, 0x1f, 0xfc, 0x3f, 0x3, 0xfd, 0x7,
    0xff, 0xf, 0xc0, 0xff, 0x41, 0xff, 0xc2, 0x78,
    0x17, 0xf4, 0x1f, 0xfc, 0x2b, 0x40, 0xff, 0x41,
    0xff, 0xc2, 0xf0, 0x6f, 0xf0, 0x7f, 0xf0, 0xbc,
    0x1b, 0xfc, 0x1f, 0xfc, 0x1b, 0x83, 0x5f, 0xc1,
    0xff, 0xc1, 0xf0, 0x73, 0xfc, 0x87, 0xfc, 0xf0,
    0x7b, 0xf9, 0xf, 0xfb, 0xc8, 0x7b, 0xfa, 0xf,
    0xf3, 0xe0, 0xfa, 0xfe, 0xf, 0xf7, 0x90, 0xfd,
    0xfc, 0x1f, 0xd7, 0x7, 0xf5, 0xfa, 0xf, 0x9f,
    0x7, 0xfd, 0xfc, 0x1e, 0x7c, 0x87, 0xfc, 0xfe,
    0x83, 0x5e, 0x43, 0xff, 0x82, 0xfe, 0x55, 0xf2,
    0x1f, 0xfc, 0x4b, 0xfd, 0x7, 0xff, 0x21, 0x70,
    0x7f, 0xf0, 0x0,

    /* U+0031 "1" */
    0x38, 0x3f, 0xcf, 0xa5, 0x8, 0x79, 0xff, 0x7,
    0x9f, 0xe0, 0xf3, 0xfc, 0x1e, 0x7f, 0x83, 0xcf,
    0xf0, 0x79, 0xfe, 0xf, 0x3f, 0xc1, 0xe7, 0xf8,
    0x3c, 0xff, 0x7, 0x9f, 0xe0, 0xf3, 0xfc, 0x1e,
    0x7f, 0x83, 0xcf, 0xf0, 0x79, 0xfe, 0xf, 0x3f,
    0xc1, 0xe7, 0xf8, 0x3c, 0xff, 0x7, 0x9f, 0xe0,
    0xf3, 0xfc, 0x1e, 0x7f, 0x83, 0xcf, 0xf0, 0x79,
    0xfe, 0xf, 0x3f, 0xc1, 0xe7, 0xf8, 0x3c, 0xff,
    0x7, 0x9f, 0xe0, 0xf3, 0xfc, 0x1e, 0x7f, 0x83,
    0xcf, 0xf0, 0x79, 0xfe, 0xf, 0x3f, 0xc1, 0xe7,
    0xf8, 0x3c, 0xff, 0x7, 0x9f, 0xe0, 0xf3, 0xfc,
    0x1e, 0x7f, 0x83, 0xcf, 0xf0, 0x79, 0xfe, 0xf,
    0x3f, 0xc1, 0xe7, 0xf8, 0x3d, 0x7f, 0x7, 0x7f,
    0xf0, 0x65, 0xf8,

    /* U+0032 "2" */
    0xf, 0xfe, 0xab, 0x7f, 0x48, 0x7f, 0xf0, 0xaf,
    0x4b, 0xaf, 0x90, 0xff, 0xbc, 0x87, 0xef, 0x90,
    0xfe, 0xf0, 0x7f, 0xbf, 0x21, 0xf5, 0x87, 0xfd,
    0x7e, 0xf, 0xb4, 0x3f, 0xe7, 0xf2, 0x1c, 0xe1,
    0xff, 0xc0, 0x7f, 0x41, 0xd4, 0xf, 0xfe, 0x3,
    0xfc, 0x1d, 0x40, 0xff, 0xe0, 0x5f, 0xc1, 0xd4,
    0xf, 0xfe, 0x5, 0xfc, 0x1c, 0xe1, 0xff, 0xc0,
    0xfe, 0x83, 0xd8, 0x7f, 0xcf, 0xf2, 0x1f, 0xfc,
    0x6b, 0xf8, 0x3f, 0xf8, 0xff, 0xd0, 0x7f, 0xf1,
    0xaf, 0xe4, 0x3f, 0xf8, 0xdf, 0xe0, 0xff, 0xe3,
    0x7f, 0x90, 0xff, 0xe2, 0xbf, 0xd0, 0x7f, 0xf1,
    0xbf, 0xc1, 0xff, 0xc6, 0xff, 0x21, 0xff, 0xc5,
    0xbf, 0xa0, 0xff, 0xe2, 0xbf, 0xe0, 0xff, 0xe3,
    0x7f, 0x90, 0xff, 0xe2, 0xdf, 0xd0, 0x7f, 0xf1,
    0x5f, 0xf0, 0x7f, 0xf1, 0xbf, 0xc1, 0xff, 0xc6,
    0xbf, 0x83, 0xff, 0x8c, 0xff, 0x21, 0xff, 0xc6,
    0xfe, 0x83, 0xff, 0x8c, 0xfe, 0x83, 0xff, 0x8f,
    0xfc, 0x1f, 0xfc, 0x77, 0xf0, 0x7f, 0xf2, 0x3f,
    0x21, 0xff, 0xc8, 0xfc, 0x1f, 0xfc, 0x8b, 0xe0,
    0xff, 0xe4, 0xfd, 0x7, 0xff, 0x27, 0xe0, 0xff,
    0xe4, 0xbe, 0x43, 0xff, 0x93, 0x7a, 0xbf, 0xf8,
    0xc8, 0x5f, 0xff, 0xca, 0x81, 0xff, 0xfc, 0xb0,
    0x7f, 0xff, 0x2c, 0x7f, 0xff, 0x94, 0x0,

    /* U+0033 "3" */
    0xf, 0xfe, 0x2, 0xe0, 0xff, 0xe3, 0x5f, 0xe8,
    0x3f, 0xf8, 0x4f, 0x2, 0xfe, 0xf, 0xfe, 0x3,
    0xa1, 0xdf, 0xa0, 0xff, 0xb8, 0x3c, 0xfe, 0x43,
    0xf9, 0xc3, 0xf7, 0xf0, 0x7f, 0x58, 0x7e, 0x7f,
    0x7, 0xf7, 0x7, 0xe7, 0xf2, 0x1f, 0x90, 0xfe,
    0x7f, 0x21, 0xff, 0xc6, 0xbf, 0x7, 0xff, 0x1f,
    0xf8, 0x3f, 0xf8, 0xd7, 0xe8, 0x3f, 0xf8, 0xb7,
    0xf0, 0x7f, 0xf1, 0x6f, 0xe4, 0x3f, 0xf8, 0x6f,
    0xf9, 0xf, 0xfe, 0x13, 0xff, 0x21, 0xff, 0xc2,
    0xff, 0xa0, 0xff, 0xe1, 0xbf, 0xe0, 0xff, 0xe4,
    0xdf, 0x7, 0xff, 0x2b, 0xe8, 0x3f, 0xf9, 0x3f,
    0x83, 0xff, 0x93, 0xf8, 0x3f, 0xf9, 0xf, 0xe0,
    0xff, 0xe4, 0x5f, 0x41, 0xff, 0xc8, 0xfc, 0x1f,
    0xfc, 0x8b, 0xf0, 0x7f, 0xf2, 0x3f, 0x21, 0xfa,
    0xc3, 0xfb, 0xf4, 0x1e, 0x7c, 0x87, 0xf5, 0xf8,
    0x3a, 0xe0, 0xff, 0x9f, 0xc1, 0xad, 0xf, 0xfe,
    0xf, 0xe4, 0x16, 0x87, 0xff, 0xb, 0xf2, 0xd,
    0xf, 0xfe, 0x1f, 0xe8, 0xb0, 0xff, 0xe2, 0x7e,
    0x8d, 0xf, 0xfe, 0x27, 0xe9, 0xc3, 0xff, 0x88,
    0xfe, 0x56, 0x1f, 0xfc, 0x4b, 0xf0, 0xe1, 0xff,
    0xc4, 0xfe, 0x1c, 0x3f, 0xf8, 0x9f, 0x90, 0x61,
    0xff, 0xc3, 0x7f, 0x5, 0xc1, 0xff, 0xc2, 0xfc,
    0x84, 0xe1, 0xff, 0xc1, 0x7e, 0x43, 0xac, 0x3f,
    0xf8, 0x1f, 0x41, 0xf7, 0x90, 0xfe, 0x7c, 0x87,
    0xf5, 0xe8, 0x32, 0xbe, 0xf, 0xfe, 0xd, 0xff,
    0x41, 0xff, 0xd5,

    /* U+0034 "4" */
    0xf, 0xfe, 0xa5, 0xe4, 0x3f, 0xf9, 0x3f, 0x83,
    0xff, 0x90, 0xfe, 0xf, 0xfe, 0x43, 0xf8, 0x3f,
    0xf9, 0xf, 0xe0, 0xff, 0xe4, 0x5f, 0x83, 0xff,
    0x91, 0x7d, 0x7, 0xff, 0x22, 0xfa, 0xf, 0xfe,
    0x47, 0xe8, 0x3f, 0x3e, 0x83, 0xf7, 0xe4, 0x3f,
    0x5f, 0x7, 0xef, 0xc1, 0xfd, 0xf8, 0x3e, 0x7f,
    0x7, 0xf7, 0xe0, 0xfa, 0xfc, 0x1f, 0xdf, 0x83,
    0xeb, 0xe8, 0x3f, 0xbf, 0x7, 0xdf, 0x90, 0xfe,
    0xfc, 0x1f, 0x7e, 0xf, 0xf7, 0xe0, 0xf5, 0xf8,
    0x3f, 0xdf, 0x83, 0xdf, 0x90, 0xff, 0x7e, 0xe,
    0x7f, 0x7, 0xfd, 0xf8, 0x3a, 0xfc, 0x1f, 0xf7,
    0xe0, 0xef, 0xc8, 0x7f, 0xdf, 0x83, 0x5f, 0x83,
    0xff, 0x81, 0xf8, 0x37, 0xe4, 0x3f, 0xf8, 0x1f,
    0x82, 0xbf, 0x7, 0xff, 0x7, 0xf0, 0x5f, 0xff,
    0xcb, 0x9, 0x7f, 0xf8, 0xbf, 0x90, 0xff, 0xe4,
    0x7e, 0xf, 0xfe, 0x4f, 0xe0, 0xff, 0xe4, 0xfe,
    0xf, 0xfe, 0x4f, 0xe0, 0xff, 0xe4, 0xfe, 0xf,
    0xfe, 0x4f, 0xe0, 0xff, 0xe4, 0xfe, 0xf, 0xfe,
    0x4f, 0xe0, 0xff, 0xe4, 0xfe, 0xf, 0xfe, 0x4f,
    0xe0, 0xff, 0xe4, 0xfe, 0xf, 0xfe, 0x4f, 0xe0,
    0xff, 0xe4, 0xfe, 0xf, 0xfe, 0x4f, 0xe0, 0xff,
    0xe4, 0xfe, 0xf, 0xfe, 0x4f, 0xe0, 0xff, 0xe4,
    0x7f, 0xc1, 0xff, 0xc6, 0x5f, 0x0,

    /* U+0035 "5" */
    0xf, 0xfe, 0x8d, 0xff, 0xfc, 0x54, 0x3d, 0xfc,
    0xbf, 0xfc, 0x10, 0xfb, 0xf8, 0x3f, 0xf9, 0x1f,
    0xc1, 0xff, 0xc8, 0xfe, 0xf, 0xfe, 0x47, 0xf0,
    0x7f, 0xf2, 0x3f, 0x83, 0xff, 0x91, 0xfc, 0x1f,
    0xfc, 0x8f, 0xe0, 0xff, 0xe4, 0x7f, 0x7, 0xff,
    0x23, 0xf8, 0x3f, 0xf9, 0x1f, 0xfd, 0x21, 0xff,
    0xc2, 0xf5, 0x17, 0x5f, 0x41, 0xff, 0xca, 0x7e,
    0x43, 0xff, 0x92, 0xfd, 0x7, 0xff, 0x26, 0xfa,
    0xf, 0xfe, 0x4f, 0xe4, 0x3f, 0xf9, 0xf, 0xe0,
    0xff, 0xe4, 0xfe, 0x83, 0xff, 0x91, 0x7e, 0xf,
    0xfe, 0x4f, 0xe4, 0x3f, 0xf9, 0x1f, 0xa0, 0xff,
    0xe4, 0x7f, 0x7, 0xff, 0x22, 0xfc, 0x1f, 0xfc,
    0x8b, 0xf0, 0x7f, 0xf2, 0x1f, 0xc1, 0xff, 0xc8,
    0x7f, 0x7, 0xff, 0x22, 0xfc, 0x1f, 0xfc, 0x8b,
    0xf0, 0x7f, 0xf2, 0x3f, 0x41, 0xff, 0xc8, 0xfd,
    0x7, 0xff, 0x23, 0xf2, 0x1f, 0xfc, 0x7b, 0xf0,
    0x58, 0x7f, 0xf1, 0x3f, 0x41, 0x68, 0x7f, 0xf0,
    0xff, 0x6, 0xe0, 0xff, 0xe1, 0x5f, 0x41, 0xac,
    0x3f, 0xf8, 0x5f, 0x83, 0xdc, 0x1f, 0xfc, 0xb,
    0xe0, 0xf9, 0xd0, 0xff, 0x3f, 0x21, 0xfa, 0xe0,
    0xfe, 0xf8, 0x3f, 0xe7, 0xd2, 0x13, 0x7a, 0xf,
    0xfe, 0x15, 0xff, 0x41, 0xff, 0xc8, 0x43, 0xff,
    0x84,

    /* U+0036 "6" */
    0xf, 0xfe, 0x1b, 0x59, 0xf, 0xfe, 0x33, 0xff,
    0xc1, 0xff, 0xc4, 0xfe, 0x82, 0x50, 0x7f, 0xf0,
    0x9f, 0xe0, 0xff, 0xe4, 0x3f, 0xa0, 0xff, 0xe4,
    0x3f, 0xa0, 0xff, 0xe4, 0xff, 0x7, 0xff, 0x27,
    0xf8, 0x3f, 0xf9, 0x37, 0xe8, 0x3f, 0xf9, 0x3f,
    0xc1, 0xff, 0xc9, 0xbf, 0x41, 0xff, 0xc9, 0xfe,
    0x43, 0xff, 0x90, 0xff, 0x7, 0xff, 0x27, 0xfa,
    0xf, 0xfe, 0x43, 0xfd, 0x7, 0xff, 0x22, 0xfe,
    0x43, 0xff, 0x91, 0xfe, 0xf, 0xfe, 0x4f, 0xf8,
    0x3f, 0xf9, 0xf, 0xf8, 0x26, 0xff, 0x48, 0x7d,
    0x7f, 0x45, 0xff, 0xfc, 0x0, 0xf7, 0xff, 0xa4,
    0x2f, 0xf9, 0xd, 0xff, 0x90, 0xfb, 0xfe, 0x42,
    0xff, 0x41, 0xfc, 0xff, 0xc0, 0x7f, 0xc1, 0xff,
    0x7f, 0xd0, 0xff, 0x83, 0xfe, 0x7f, 0xe1, 0xff,
    0x7, 0xff, 0x3, 0xfe, 0x57, 0xf8, 0x3f, 0xf8,
    0x1f, 0xf5, 0x3f, 0xc1, 0xff, 0xc0, 0xbf, 0xd4,
    0xff, 0x7, 0xff, 0x1, 0xff, 0x4f, 0xf8, 0x3f,
    0xf8, 0xf, 0xfa, 0x7f, 0xc1, 0xff, 0xc1, 0xff,
    0x4f, 0xf8, 0x3f, 0xf8, 0x3f, 0xe4, 0xff, 0x7,
    0xff, 0x7, 0xfc, 0xf, 0xf0, 0x7f, 0xf0, 0x7f,
    0xc0, 0xff, 0x7, 0xff, 0x1, 0xfe, 0x41, 0x7f,
    0x7, 0xff, 0x1, 0xfe, 0xd, 0xfc, 0x87, 0xfd,
    0x7e, 0x43, 0x5f, 0xa0, 0xff, 0xbf, 0x83, 0xdf,
    0xc1, 0xfe, 0x7f, 0x7, 0xcf, 0xe4, 0x3f, 0xaf,
    0x83, 0xfa, 0xfc, 0x1f, 0x9f, 0x83, 0xfe, 0x7e,
    0x83, 0xd7, 0xc1, 0xff, 0xc2, 0xbf, 0xfc, 0x87,
    0xff, 0x15, 0xbf, 0x48, 0x7f, 0x80,

    /* U+0037 "7" */
    0x3, 0xff, 0xfc, 0xd4, 0xd, 0xff, 0xfc, 0xc0,
    0xff, 0xe6, 0xfd, 0x7, 0xff, 0x2d, 0xfc, 0x1f,
    0xfc, 0xb7, 0xf0, 0x7f, 0xf3, 0x3f, 0x7, 0xff,
    0x33, 0xf2, 0x1f, 0xfc, 0xbf, 0xe0, 0xff, 0xe5,
    0xff, 0x7, 0xff, 0x2e, 0xfc, 0x87, 0xff, 0x29,
    0xfe, 0xf, 0xfe, 0x5f, 0xf2, 0x1f, 0xfc, 0xab,
    0xf4, 0x1f, 0xfc, 0xa7, 0xf8, 0x3f, 0xf9, 0x7f,
    0xd0, 0x7f, 0xf2, 0xaf, 0xe0, 0xff, 0xe5, 0xff,
    0x41, 0xff, 0xca, 0xbf, 0x83, 0xff, 0x94, 0xff,
    0x41, 0xff, 0xca, 0xff, 0x7, 0xff, 0x2f, 0xfc,
    0x1f, 0xfc, 0xab, 0xf9, 0xf, 0xfe, 0x57, 0xf8,
    0x3f, 0xf9, 0x57, 0xf4, 0x1f, 0xfc, 0xaf, 0xf0,
    0x7f, 0xf2, 0x9f, 0xe8, 0x3f, 0xf9, 0x5f, 0xe4,
    0x3f, 0xf9, 0x5f, 0xe0, 0xff, 0xe5, 0x3f, 0xd0,
    0x7f, 0xf2, 0xbf, 0xc8, 0x7f, 0xf2, 0xbf, 0xc1,
    0xff, 0xca, 0x7f, 0xa0, 0xff, 0xe5, 0x5f, 0xc8,
    0x7f, 0xf2, 0xbf, 0xc1, 0xff, 0xcb, 0xff, 0x7,
    0xff, 0x29, 0xfe, 0x43, 0xff, 0x95, 0xfe, 0xf,
    0xfe, 0x5f, 0xf8, 0x3f, 0xf9, 0x7f, 0xd0, 0x7f,
    0xf2, 0x9f, 0xe4, 0x3f, 0xf9, 0x57, 0xf0, 0x7f,
    0xf2, 0xff, 0xc1, 0xff, 0xc8, 0xab, 0xfd, 0x50,
    0x7f, 0xf1, 0x1f, 0xff, 0xe0, 0x7, 0xff, 0x10,

    /* U+0038 "8" */
    0xf, 0xfe, 0xb, 0x52, 0x1f, 0xfc, 0x6b, 0xff,
    0x7, 0xff, 0x9, 0xf4, 0x84, 0xde, 0x43, 0xff,
    0x81, 0xe4, 0x3e, 0x7c, 0x87, 0xfb, 0xc1, 0xff,
    0x78, 0x3f, 0x9e, 0xf, 0xfe, 0x7, 0x7, 0xeb,
    0x43, 0xff, 0x81, 0xe0, 0xfd, 0xe0, 0xff, 0xe0,
    0xba, 0x1f, 0x78, 0x3f, 0xf8, 0x2e, 0x87, 0xde,
    0xf, 0xfe, 0xb, 0xa1, 0xf5, 0x87, 0xff, 0x5,
    0xd0, 0xfa, 0xe0, 0xff, 0xe0, 0x58, 0x7e, 0x7c,
    0x1f, 0xfc, 0xf, 0x7, 0xf7, 0xa0, 0xff, 0x3c,
    0x1f, 0xdf, 0x21, 0xfd, 0xe0, 0xff, 0x5f, 0x7,
    0xe7, 0x83, 0xfc, 0xfd, 0x7, 0xde, 0xf, 0xfe,
    0x7, 0xe8, 0x3a, 0xd0, 0xff, 0xe0, 0x3f, 0xa0,
    0x9f, 0x7, 0xff, 0x1, 0xff, 0x23, 0xe0, 0xff,
    0xe0, 0x3e, 0xbf, 0xaf, 0x7, 0xff, 0x1, 0xf0,
    0x3f, 0xe4, 0x3f, 0xf8, 0x1e, 0xd, 0xfe, 0xf,
    0xfe, 0x7, 0x90, 0xd7, 0xf8, 0x3f, 0xd7, 0x7,
    0xbf, 0xd0, 0x7f, 0x78, 0x3e, 0x7f, 0xc8, 0x7d,
    0x68, 0x7e, 0xbf, 0xc1, 0xf7, 0x83, 0xfd, 0xfe,
    0x83, 0xad, 0xf, 0xfb, 0xfc, 0x1d, 0xe0, 0xff,
    0xe0, 0x5f, 0xc8, 0x6e, 0xf, 0xfe, 0xf, 0xf8,
    0x27, 0x43, 0xff, 0x82, 0xff, 0x5, 0x61, 0xff,
    0xc3, 0xfe, 0xb, 0xc1, 0xff, 0xc3, 0x7f, 0x20,
    0xe0, 0xff, 0xe2, 0x7e, 0x41, 0xc1, 0xff, 0xc4,
    0x7e, 0x41, 0xc1, 0xff, 0xc5, 0xf9, 0x7, 0x7,
    0xff, 0x17, 0xe4, 0x1c, 0x1f, 0xfc, 0x5f, 0x82,
    0xf0, 0x7f, 0xf1, 0x7e, 0xb, 0xc1, 0xff, 0xc5,
    0xf2, 0x13, 0xa1, 0xff, 0xc4, 0xf0, 0x77, 0x83,
    0xff, 0x87, 0x70, 0x75, 0xc1, 0xff, 0xc1, 0x7c,
    0x1f, 0x7a, 0xf, 0xfa, 0xf0, 0x7f, 0x5e, 0x43,
    0xe7, 0xe0, 0xff, 0x9f, 0xeb, 0xf9, 0xf, 0xfe,
    0x13, 0x7f, 0x48, 0x7f, 0x0,

    /* U+0039 "9" */
    0xf, 0xf3, 0x7e, 0x90, 0xff, 0xe2, 0x3f, 0xfe,
    0x43, 0xff, 0x83, 0xf4, 0x85, 0xfe, 0xf, 0xf3,
    0xe8, 0x3c, 0xff, 0x83, 0xf3, 0xe8, 0x3f, 0x5f,
    0xd0, 0x7d, 0xe4, 0x3f, 0xdf, 0xe4, 0x3a, 0xe0,
    0xff, 0xaf, 0xf0, 0x77, 0x83, 0xff, 0x83, 0xfe,
    0xd, 0x68, 0x7f, 0xf0, 0x7f, 0xd0, 0x5e, 0xf,
    0xfe, 0x15, 0xfe, 0x3, 0xc1, 0xff, 0xc2, 0xbf,
    0xc0, 0x74, 0x3f, 0xf8, 0x4f, 0xf8, 0x16, 0x87,
    0xff, 0xf, 0xfc, 0x96, 0x87, 0xff, 0xf, 0xfc,
    0x8e, 0x87, 0xff, 0xf, 0xfc, 0x8f, 0x7, 0xff,
    0xf, 0xfc, 0x83, 0xc1, 0xff, 0xc3, 0xff, 0x20,
    0xb8, 0x3f, 0xf8, 0x2f, 0xf9, 0xb, 0xc8, 0x7f,
    0xd7, 0xfc, 0x19, 0xf2, 0x1f, 0x9f, 0xfe, 0xe,
    0x7d, 0x7, 0x3f, 0x53, 0xfc, 0x1e, 0x7f, 0xfa,
    0x5, 0xfd, 0x7, 0xe6, 0xfd, 0x6, 0xff, 0x21,
    0xff, 0xc7, 0xff, 0x7, 0xff, 0x1e, 0xfe, 0x83,
    0xff, 0x8f, 0xfe, 0x43, 0xff, 0x8c, 0xff, 0x83,
    0xff, 0x8f, 0xfe, 0x43, 0xff, 0x8d, 0x7f, 0x83,
    0xff, 0x8f, 0xfe, 0x43, 0xff, 0x8d, 0xfe, 0x83,
    0xff, 0x8d, 0x7f, 0x83, 0xff, 0x8c, 0xff, 0x90,
    0xff, 0xe2, 0xbf, 0xe8, 0x3f, 0xf8, 0xdf, 0xe8,
    0x3f, 0xf8, 0xdf, 0xf0, 0x7f, 0xf1, 0xbf, 0xe0,
    0xff, 0xe3, 0x5f, 0xe0, 0xff, 0xe3, 0x5f, 0xd0,
    0x7f, 0xf1, 0xaf, 0xe4, 0x3f, 0xf8, 0xd7, 0xf0,
    0x7f, 0xf1, 0xff, 0xa0, 0xff, 0xe3, 0x5f, 0xa0,
    0xff, 0xe3, 0x5f, 0x90, 0xff, 0xe4, 0x5c, 0x1f,
    0xfc, 0xb0,

    /* U+003A ":" */
    0x1f, 0x3, 0xf1, 0xf8, 0x7c, 0x1f, 0xff, 0x27,
    0xc0, 0xfc, 0x7e, 0x1f, 0x0,

    /* U+003B ";" */
    0x2, 0x17, 0xc3, 0xf4, 0x7c, 0x8c, 0x87, 0xff,
    0xb5, 0x40, 0x7e, 0x2f, 0xa9, 0xf4, 0x5e, 0x41,
    0xe0, 0x5a, 0x7a, 0xf, 0x80,

    /* U+003C "<" */
    0xf, 0xfe, 0x63, 0xe8, 0x3f, 0xf9, 0x8f, 0xe4,
    0x3f, 0xf9, 0x57, 0xf4, 0x1f, 0xfc, 0x9f, 0xf9,
    0xf, 0xfe, 0x47, 0xfc, 0x87, 0xff, 0x1d, 0xff,
    0x90, 0xff, 0xe3, 0xdf, 0xf0, 0x7f, 0xf1, 0xdf,
    0xfa, 0xf, 0xfe, 0x3d, 0xff, 0x41, 0xff, 0xc7,
    0xff, 0xc8, 0x7f, 0xf1, 0xaf, 0xfa, 0xf, 0xfe,
    0x33, 0xff, 0x90, 0xff, 0xe3, 0x5f, 0xf4, 0x1f,
    0xfc, 0x6b, 0xff, 0x21, 0xff, 0xc5, 0xbf, 0xf2,
    0x1f, 0xfc, 0x57, 0xff, 0x41, 0xff, 0xc6, 0xff,
    0xe0, 0xff, 0xe4, 0x5f, 0xe4, 0x3f, 0xf9, 0x6f,
    0xc8, 0x7f, 0xf3, 0x9f, 0x90, 0xff, 0xe7, 0xde,
    0x43, 0xff, 0x9c, 0xfa, 0xf, 0xfe, 0x7b, 0xe8,
    0x3f, 0xf9, 0xef, 0x90, 0xff, 0xe7, 0xdc, 0x1f,
    0xfc, 0xf7, 0xc1, 0xff, 0xd0, 0xf2, 0x1f, 0xfc,
    0xfb, 0x83, 0xff, 0x9e, 0xf8, 0x3f, 0xfa, 0x1e,
    0xf, 0xfe, 0x87, 0x90, 0xff, 0xe7, 0xda, 0x1f,
    0xfc, 0xf5, 0x0,

    /* U+003D "=" */
    0x3f, 0xff, 0x92, 0x5f, 0xff, 0xc9, 0x57, 0xff,
    0xf2, 0x42, 0x5f, 0xfe, 0x38, 0x7f, 0xff, 0x57,
    0xff, 0x8e, 0x7, 0xff, 0xf9, 0x2d, 0xff, 0xfc,
    0x94, 0xff, 0xfe, 0x48,

    /* U+003E ">" */
    0x7, 0xa0, 0xff, 0xe6, 0xff, 0x7, 0xff, 0x33,
    0xfc, 0x87, 0xff, 0x2a, 0xff, 0x21, 0xff, 0xca,
    0xff, 0xa0, 0xff, 0xe5, 0x5f, 0xf0, 0x7f, 0xf2,
    0xaf, 0xf9, 0xf, 0xfe, 0x4b, 0xff, 0x41, 0xff,
    0xca, 0xff, 0xc1, 0xff, 0xca, 0xbf, 0xe8, 0x3f,
    0xf9, 0x2f, 0xfe, 0x43, 0xff, 0x93, 0x7f, 0xd0,
    0x7f, 0xf2, 0x5f, 0xfc, 0x87, 0xff, 0x26, 0xff,
    0xc8, 0x7f, 0xf2, 0x6f, 0xfc, 0x87, 0xff, 0x21,
    0xff, 0xe0, 0xff, 0xe4, 0xbf, 0xf9, 0xf, 0xfe,
    0x4d, 0xfe, 0x43, 0xff, 0x95, 0x7a, 0x43, 0xff,
    0x95, 0x7a, 0xf, 0xfe, 0x5d, 0xe4, 0x3f, 0xf9,
    0x6f, 0xa0, 0xff, 0xe6, 0x7a, 0xf, 0xfe, 0x65,
    0xe0, 0xff, 0xe6, 0xf9, 0xf, 0xfe, 0x63, 0xe0,
    0xff, 0xe6, 0xf9, 0xf, 0xfe, 0x63, 0xe0, 0xff,
    0xe6, 0xbc, 0x1f, 0xfc, 0xdb, 0x83, 0xff, 0x9b,
    0x68, 0x7f, 0xf3, 0x7c, 0x87, 0xff, 0x3a, 0xf,
    0xfe, 0x68,

    /* U+003F "?" */
    0xe, 0x7f, 0x90, 0xfe, 0x7f, 0xfa, 0xf, 0x3c,
    0x7, 0xfd, 0x7, 0x70, 0x75, 0xfd, 0x5, 0x61,
    0xf7, 0xf8, 0x2d, 0xf, 0xdf, 0xd0, 0x34, 0x3f,
    0x7f, 0x81, 0x87, 0xf5, 0xfc, 0xe, 0xf, 0xcf,
    0xf0, 0x2c, 0x3f, 0x5f, 0xc1, 0x78, 0x3e, 0xbf,
    0x82, 0x7c, 0x1e, 0xff, 0x7, 0x41, 0xcf, 0xf4,
    0x1f, 0xf7, 0xf8, 0x3f, 0xe7, 0xfc, 0x1f, 0xf7,
    0xf9, 0xf, 0xf5, 0xfe, 0xf, 0xfb, 0xfc, 0x87,
    0xfb, 0xfd, 0x7, 0xfa, 0xff, 0x7, 0xf9, 0xff,
    0x21, 0xfe, 0xff, 0x41, 0xfe, 0xbf, 0xc1, 0xff,
    0x7f, 0x90, 0xff, 0x5f, 0xd0, 0x7f, 0xdf, 0xe0,
    0xff, 0x9f, 0xe4, 0x3f, 0xeb, 0xf4, 0x1f, 0xfc,
    0xf, 0xe0, 0xff, 0xe0, 0xfe, 0x83, 0xff, 0x80,
    0xfe, 0xf, 0xfe, 0xb, 0xf8, 0x3f, 0xf8, 0x37,
    0xd0, 0x7f, 0xf0, 0x6f, 0x90, 0xff, 0xe0, 0xdf,
    0x7, 0xff, 0xa, 0xf8, 0x3f, 0xf8, 0x57, 0xc1,
    0xff, 0xc2, 0x7e, 0xf, 0xfe, 0x1f, 0xc1, 0xff,
    0xe7, 0xb8, 0x3f, 0xf8, 0x4f, 0xc8, 0x7f, 0xf0,
    0x5f, 0x90, 0xff, 0xe1, 0x5c, 0x1f, 0xfd, 0x30,

    /* U+0040 "@" */
    0xf, 0xff, 0x4b, 0x7f, 0xa4, 0x3f, 0xf9, 0xf7,
    0xe5, 0xd7, 0xc8, 0x7f, 0xf2, 0xdf, 0xc8, 0x7e,
    0xbc, 0x1f, 0xfc, 0x9b, 0xf0, 0x7f, 0xf0, 0x3c,
    0x87, 0xff, 0x1b, 0xf4, 0x1f, 0xfc, 0x2b, 0x43,
    0xff, 0x89, 0xfa, 0xf, 0xfe, 0x25, 0x87, 0xff,
    0xf, 0xf8, 0x3f, 0xf8, 0xde, 0xf, 0xfe, 0xd,
    0xf8, 0x3f, 0xf9, 0x1c, 0x1f, 0xf3, 0xf9, 0xf,
    0xfe, 0x43, 0x87, 0xfd, 0xfa, 0xf, 0xfe, 0x57,
    0x83, 0xfa, 0xfc, 0x1a, 0xf9, 0xf, 0xfe, 0x13,
    0x87, 0xf7, 0xe4, 0xf, 0xfc, 0x87, 0xff, 0x7,
    0x83, 0xeb, 0xf0, 0x1f, 0xe0, 0x5a, 0x1f, 0xfc,
    0xb, 0xf, 0xbf, 0x40, 0xff, 0x5, 0x68, 0x7f,
    0xce, 0x1e, 0x7f, 0x2, 0xfe, 0x43, 0x78, 0xbe,
    0x43, 0xda, 0x1d, 0x7e, 0x7, 0xf8, 0x3d, 0xfe,
    0x43, 0xda, 0x1d, 0xf9, 0x1f, 0xe8, 0x3d, 0x7f,
    0x7, 0xda, 0x1d, 0xf8, 0x17, 0xf2, 0x1e, 0x7f,
    0x83, 0xed, 0xe, 0xfc, 0xb, 0xf8, 0x3e, 0xbf,
    0x21, 0xf6, 0x86, 0x7f, 0x3, 0xfc, 0x1f, 0x7f,
    0x7, 0xed, 0xc, 0xfd, 0x3, 0xfa, 0xf, 0x3f,
    0xc1, 0xf3, 0x87, 0x3f, 0x20, 0xfe, 0x83, 0xdf,
    0xe0, 0xfa, 0xc3, 0x9f, 0x90, 0x7f, 0x21, 0xcf,
    0xf4, 0x1f, 0x70, 0x7b, 0xe4, 0x1f, 0xc1, 0xef,
    0xf2, 0x1e, 0x70, 0xfb, 0xe4, 0x1f, 0xc1, 0xd6,
    0x7e, 0x43, 0xdc, 0x1f, 0x7c, 0x82, 0xfc, 0x19,
    0xe2, 0xf9, 0xe, 0xb0, 0xfd, 0x79, 0xb, 0xf0,
    0x6f, 0x2, 0xf8, 0x39, 0xd0, 0xfc, 0xfa, 0xa,
    0xf8, 0x2f, 0x6, 0xf8, 0x35, 0xa1, 0xfe, 0xf4,
    0x1b, 0xe1, 0xf0, 0x75, 0xe4, 0x7c, 0x87, 0xc8,
    0x5f, 0x7, 0x7e, 0x83, 0xeb, 0xf4, 0x1f, 0xbc,
    0x13, 0xe0, 0xf9, 0xf, 0xfe, 0x53, 0xa1, 0xbc,
    0x87, 0xff, 0x41, 0xe0, 0xe7, 0x83, 0xff, 0x9e,
    0xf0, 0x7d, 0x68, 0x7f, 0xf3, 0x5e, 0xf, 0xef,
    0x7, 0xff, 0x32, 0xe0, 0xff, 0xbc, 0x87, 0xff,
    0x27, 0xc8, 0x7f, 0xf0, 0x6e, 0xf, 0xfe, 0x35,
    0xe0, 0xff, 0xe2, 0x3e, 0x83, 0xff, 0x85, 0x79,
    0xf, 0xfe, 0x3d, 0xf4, 0x87, 0x2a, 0xf4, 0x87,
    0xff, 0x2e, 0xff, 0xf4, 0x87, 0xff, 0xa4,

    /* U+0041 "A" */
    0xf, 0xfe, 0xdb, 0x7d, 0x21, 0xff, 0xdc, 0x7f,
    0xf2, 0x1f, 0xfd, 0xaf, 0x4f, 0xf8, 0x3f, 0xfb,
    0x5e, 0x41, 0xfe, 0xf, 0xfe, 0xcf, 0x82, 0xbf,
    0xa0, 0xff, 0xec, 0x78, 0x37, 0xf8, 0x3f, 0xfb,
    0x16, 0x85, 0x7f, 0x83, 0xff, 0xae, 0xf0, 0x6f,
    0xf4, 0x1f, 0xfd, 0x7f, 0x6, 0x7f, 0xc1, 0xff,
    0xd7, 0x74, 0x37, 0xfc, 0x1f, 0xfd, 0x7f, 0x7,
    0x7f, 0xa0, 0xff, 0xeb, 0x3a, 0x1a, 0xff, 0x7,
    0xff, 0x5f, 0xc1, 0xdf, 0xf0, 0x7f, 0xf5, 0xad,
    0xc, 0xff, 0xa0, 0xff, 0xeb, 0x78, 0x3a, 0xff,
    0x7, 0xff, 0x5a, 0xc3, 0xdf, 0xf0, 0x7f, 0xf5,
    0xbc, 0x1c, 0xff, 0xa0, 0xff, 0xea, 0xba, 0x1d,
    0x7f, 0x90, 0xff, 0xea, 0xf8, 0x3d, 0xff, 0x7,
    0xff, 0x55, 0xd0, 0xe7, 0xfd, 0x7, 0xff, 0x57,
    0xc1, 0xeb, 0xfc, 0x87, 0xff, 0x51, 0xd0, 0xf7,
    0xfc, 0x1f, 0xfd, 0x5f, 0x7, 0xdf, 0xf0, 0x7f,
    0xf5, 0x74, 0x3d, 0x7f, 0x90, 0xff, 0xea, 0x58,
    0x7d, 0xff, 0x7, 0xff, 0x57, 0x83, 0xef, 0xf8,
    0x3f, 0xfa, 0x96, 0x1f, 0x3f, 0xe8, 0x3f, 0xfa,
    0x9c, 0x1f, 0x5f, 0xe4, 0x3f, 0xfa, 0x6e, 0x87,
    0xdf, 0xf0, 0x7f, 0xf5, 0x2c, 0x3f, 0x7f, 0xc1,
    0xff, 0xd4, 0xe0, 0xcd, 0x3f, 0xff, 0x82, 0x87,
    0xff, 0x35, 0xc6, 0xff, 0xfe, 0x2, 0xd4, 0xd0,
    0xff, 0xe6, 0xff, 0x48, 0x5f, 0xf0, 0x7f, 0xf4,
    0x9f, 0xa0, 0xfb, 0xfe, 0xf, 0xfe, 0x83, 0xf8,
    0x3f, 0xbf, 0xd0, 0x7f, 0xf3, 0xfe, 0x78, 0x3f,
    0x3f, 0xe4, 0x3f, 0xdc, 0x1f, 0xfc, 0x1b, 0xc8,
    0xe8, 0x7e, 0xbf, 0xc1, 0xfe, 0xb4, 0x3f, 0xf8,
    0x1e, 0x82, 0xb0, 0xfe, 0xff, 0x83, 0xfd, 0xc1,
    0xff, 0x3e, 0x43, 0x70, 0x7f, 0x7f, 0xa0, 0xfe,
    0xb0, 0xff, 0x9f, 0x7, 0x3a, 0x1f, 0xdf, 0xe4,
    0x3f, 0x3a, 0x1f, 0xeb, 0x83, 0xd6, 0x1f, 0xcf,
    0xf8, 0x3f, 0xbc, 0x1f, 0xeb, 0x83, 0xee, 0xf,
    0xeb, 0xfc, 0x1f, 0xad, 0xf, 0xeb, 0x83, 0xe7,
    0x43, 0xfa, 0xfe, 0x83, 0xf7, 0x7, 0xf3, 0xc1,
    0xfa, 0xc3, 0xfd, 0xfe, 0x83, 0xef, 0x7, 0xf3,
    0xc1, 0xfd, 0xc1, 0xfe, 0xff, 0x21, 0xe7, 0x43,
    0xfb, 0xc1, 0xfc, 0xe8, 0x7f, 0xbf, 0xc1, 0xf7,
    0x83, 0xfa, 0xc3, 0xfd, 0x61, 0xff, 0x7f, 0x83,
    0xd6, 0x1f, 0xce, 0x87, 0xfb, 0x83, 0xfe, 0xff,
    0x7, 0x3a, 0x1f, 0xde, 0xf, 0xf5, 0x87, 0xff,
    0x3, 0xfa, 0xe, 0xf0, 0x7f, 0x3a, 0x1f, 0xee,
    0xf, 0xfe, 0x7, 0xf2, 0x1a, 0xc3, 0xfd, 0xe0,
    0xff, 0x3a, 0x1f, 0xfc, 0xf, 0xe0, 0xce, 0x87,
    0xfb, 0x43, 0xfd, 0xe0, 0xff, 0xe0, 0xdf, 0x83,
    0x78, 0x3f, 0xce, 0x1f, 0xe7, 0x43, 0xff, 0x82,
    0xfe, 0xb, 0xc1, 0xff, 0x58, 0x7f, 0xbc, 0x1f,
    0xfc, 0x3f, 0xc0, 0xb4, 0x3f, 0xeb, 0xf, 0xef,
    0x7, 0xff, 0x17, 0xfc, 0x87, 0xff, 0x2, 0xc3,
    0xf5, 0xc1, 0xff, 0xc6, 0xbd, 0x7, 0xff, 0x9,
    0xd0, 0xf5, 0xc1, 0xff, 0xda, 0xf0, 0x75, 0xc1,
    0xff, 0xdb, 0x7d, 0x57, 0xa0, 0xff, 0xef, 0x5f,
    0x41, 0xff, 0xdd,

    /* U+0042 "B" */
    0xf, 0xfe, 0xc3, 0x7e, 0x90, 0xff, 0xe8, 0xbd,
    0xf0, 0x73, 0xff, 0xe0, 0xff, 0xe8, 0x5f, 0xc1,
    0xbf, 0xff, 0x82, 0x1f, 0xfc, 0xff, 0xe8, 0xf,
    0xff, 0x21, 0x58, 0x7f, 0xf3, 0xbf, 0x91, 0xff,
    0xd0, 0x7b, 0x43, 0xff, 0x98, 0xff, 0x3, 0xff,
    0x41, 0xf5, 0x3, 0xff, 0x99, 0x7f, 0x1f, 0xf9,
    0xf, 0xce, 0x1f, 0xfc, 0xcf, 0xf5, 0xff, 0x21,
    0xfc, 0xe1, 0xff, 0xcc, 0xff, 0xfe, 0x8, 0x7f,
    0xd4, 0xf, 0xfe, 0x5b, 0xff, 0xfc, 0x0, 0xff,
    0xe0, 0x50, 0x3f, 0xf9, 0x77, 0xff, 0xc1, 0xff,
    0xc1, 0xc3, 0xff, 0x99, 0xff, 0xf0, 0x7f, 0xf0,
    0x6c, 0x3f, 0xf9, 0x9f, 0xfe, 0xf, 0xfe, 0x16,
    0x87, 0xff, 0x2d, 0xff, 0xe0, 0xff, 0xe1, 0x58,
    0x7f, 0xf3, 0x2f, 0xfc, 0x1f, 0xfc, 0x2b, 0xf,
    0xfe, 0x6f, 0xfe, 0xf, 0xfe, 0x13, 0xa1, 0xff,
    0xcd, 0xff, 0x83, 0xff, 0x85, 0x68, 0x7f, 0xf3,
    0x5f, 0xf0, 0x7f, 0xf0, 0xac, 0x3f, 0xf9, 0xf7,
    0xf2, 0x1f, 0xfc, 0x1f, 0x7, 0xff, 0x43, 0xfa,
    0xf, 0xfe, 0x5, 0xa1, 0xff, 0xd0, 0x7f, 0x83,
    0xfe, 0xb8, 0x3f, 0xfa, 0x57, 0xf0, 0x7e, 0x6e,
    0xf, 0xfe, 0xa7, 0xf4, 0x19, 0x57, 0x90, 0xff,
    0xeb, 0x7f, 0xff, 0x9, 0xf, 0xfe, 0xb3, 0xfc,
    0x28, 0x33, 0x7a, 0xf, 0xfe, 0xa5, 0xfa, 0xf,
    0xfb, 0xc8, 0x7f, 0xf4, 0xbf, 0x83, 0xff, 0x81,
    0xf2, 0x1f, 0xfd, 0x1f, 0xe0, 0xff, 0xe0, 0x7e,
    0xf, 0xfe, 0x83, 0xf9, 0xf, 0xfe, 0x7, 0xf0,
    0x7f, 0xf3, 0xef, 0xc1, 0xff, 0xc1, 0xfe, 0x43,
    0xff, 0x9d, 0xfc, 0x1f, 0xfc, 0x7, 0xfc, 0x1f,
    0xfc, 0xd7, 0xf2, 0x1f, 0xfc, 0x7, 0xfc, 0x87,
    0xff, 0x32, 0xfc, 0x1f, 0xfc, 0x1b, 0xfd, 0x7,
    0xff, 0x33, 0xf4, 0x1f, 0xfc, 0x1f, 0xfa, 0xf,
    0x94, 0x1f, 0xfc, 0x3f, 0xc8, 0x7f, 0xf0, 0x7f,
    0xf0, 0x73, 0xe4, 0x3f, 0xf8, 0x4f, 0xe0, 0xff,
    0xe0, 0xbf, 0xf8, 0x27, 0xd0, 0x7f, 0xf1, 0x3f,
    0x21, 0xff, 0xc1, 0xbf, 0xf5, 0xf2, 0x1f, 0xfc,
    0x6f, 0xc1, 0xff, 0xc2, 0xff, 0xf2, 0x1f, 0xfc,
    0x87, 0xe8, 0x3f, 0xe6, 0x9f, 0xf9, 0xf, 0xfe,
    0x57, 0xe0, 0xfe, 0x7f, 0xff, 0x82, 0x87, 0xfc,
    0x87, 0xfb, 0xe8, 0x3e, 0xbd, 0x20, 0xff, 0xe0,
    0xff, 0xe0, 0x61, 0xfd, 0x7c, 0x1e, 0xbc, 0x86,
    0x7f, 0xf8, 0x3f, 0xeb, 0xf, 0xef, 0xa0, 0xef,
    0x21, 0xeb, 0xff, 0x21, 0xff, 0x68, 0x7e, 0x7e,
    0xe, 0xe0, 0xfd, 0xff, 0xc1, 0xff, 0xc0, 0xc3,
    0xfb, 0xe8, 0x37, 0x7, 0xe7, 0xff, 0x41, 0xff,
    0x38, 0x7f, 0x7c, 0x1b, 0x83, 0xfa, 0xff, 0xc1,
    0xff, 0xc0, 0xa0, 0x7e, 0xbc, 0x85, 0x61, 0xfe,
    0xff, 0xd0, 0x7f, 0xf0, 0x28, 0x1f, 0xbe, 0xd,
    0x87, 0xfa, 0xff, 0xc1, 0xff, 0xc1, 0xd0, 0xfa,
    0xf0, 0x6b, 0xf, 0xf7, 0xfe, 0x43, 0xff, 0x83,
    0xa1, 0xf7, 0x90, 0xda, 0x1f, 0xcf, 0xfd, 0x7,
    0xff, 0xb, 0x43, 0xd7, 0x7, 0x68, 0x7f, 0x7f,
    0xe0, 0xff, 0xe1, 0xe8, 0x73, 0xe0, 0xf6, 0x87,
    0xeb, 0xfe, 0xf, 0xfe, 0x25, 0x3, 0xbc, 0x1f,
    0x50, 0x3f, 0x7f, 0xc8, 0x7f, 0xf1, 0x1c, 0x35,
    0x87, 0xe7, 0xf, 0xbf, 0xe4, 0x3f, 0xf8, 0xda,
    0xb, 0xf, 0xf5, 0x87, 0x5f, 0xe0, 0xff, 0xe4,
    0x3f, 0x83, 0xff, 0x81, 0xe4, 0xf, 0xf4, 0x1f,
    0xfd, 0xbb, 0xd7, 0xf2, 0x1f, 0xfd, 0xe6, 0xb2,
    0x1f, 0xfc, 0xb0,

    /* U+0043 "C" */
    0xf, 0xfe, 0x2d, 0x3a, 0x7, 0xff, 0x35, 0xfe,
    0xa7, 0x90, 0xff, 0xe4, 0xdf, 0xc8, 0x57, 0x7,
    0xff, 0x1f, 0xfd, 0x7, 0xb8, 0x3f, 0xf8, 0xbf,
    0xf0, 0x7e, 0xd0, 0xff, 0xe1, 0xff, 0xc1, 0xfc,
    0xe1, 0xff, 0xc2, 0xbf, 0xc8, 0x7f, 0xb8, 0x3f,
    0xf8, 0xf, 0xfc, 0x1f, 0xf3, 0x87, 0xff, 0x3,
    0xfe, 0x43, 0xff, 0x81, 0xa1, 0xfe, 0xbf, 0xd0,
    0x7f, 0xf0, 0x5c, 0x3f, 0xdf, 0xf0, 0x7f, 0xf0,
    0xf0, 0xfe, 0xbf, 0xd0, 0x7f, 0xf0, 0xf0, 0xfe,
    0xff, 0x83, 0xff, 0x89, 0xa1, 0xf5, 0xff, 0x7,
    0xff, 0x13, 0x43, 0xef, 0xf9, 0xf, 0xfe, 0x26,
    0x1f, 0x5f, 0xf0, 0x7f, 0xf1, 0x70, 0xfb, 0xfe,
    0x83, 0xff, 0x8b, 0x87, 0x9f, 0xf9, 0xf, 0xfe,
    0x65, 0xff, 0x7, 0xff, 0x37, 0xfe, 0x83, 0xff,
    0x98, 0xff, 0xc8, 0x7f, 0xf3, 0x2f, 0xf8, 0x3f,
    0xf9, 0xbf, 0xf8, 0x3f, 0xf9, 0xbf, 0xf4, 0x1f,
    0xfc, 0xc7, 0xfe, 0x43, 0xff, 0x98, 0xff, 0xc1,
    0xff, 0xcd, 0xbf, 0xe0, 0xff, 0xe6, 0xff, 0xe0,
    0xff, 0xe6, 0xff, 0xd0, 0x7f, 0xf3, 0x7f, 0xe8,
    0x3f, 0xf9, 0xbf, 0xf2, 0x1f, 0xfc, 0xdf, 0xf9,
    0xf, 0xfe, 0x63, 0xff, 0x7, 0xff, 0x35, 0xff,
    0x83, 0xff, 0x9a, 0xff, 0xc1, 0xff, 0xcd, 0x7f,
    0xe0, 0xff, 0xe6, 0xbf, 0xf0, 0x7f, 0xf3, 0x5f,
    0xf8, 0x3f, 0xf9, 0xdf, 0xf0, 0x7f, 0xf3, 0xbf,
    0xd0, 0x7f, 0xf2, 0xd0, 0x7f, 0xa0, 0xff, 0xe5,
    0xe0, 0xff, 0x41, 0xff, 0xca, 0xa0, 0x2f, 0xe8,
    0x3f, 0xf9, 0x58, 0x4f, 0xf4, 0x1f, 0xfc, 0x9e,
    0x9, 0xfe, 0x83, 0xff, 0x90, 0xe1, 0xdf, 0xd0,
    0x7f, 0xf2, 0x38, 0x3a, 0xfe, 0xf, 0xfe, 0x3b,
    0x87, 0x9f, 0xe0, 0xff, 0xe3, 0xe8, 0x7d, 0xfc,
    0x1f, 0xfc, 0x6a, 0x7, 0xeb, 0xf0, 0x7f, 0xf1,
    0x5c, 0x3f, 0x9f, 0xc1, 0xff, 0xc5, 0xd0, 0xff,
    0x7e, 0x43, 0xff, 0x87, 0xc1, 0xff, 0x3f, 0x21,
    0xff, 0xc2, 0xb0, 0xff, 0xe0, 0xfd, 0x7, 0xff,
    0x6, 0xc3, 0xff, 0x87, 0xf0, 0x7f, 0xf0, 0x2c,
    0x3f, 0xf8, 0x8f, 0x83, 0xfe, 0xf0, 0x7f, 0xf1,
    0x9e, 0xf, 0xd7, 0x7, 0xff, 0x21, 0xf2, 0x13,
    0x79, 0xf, 0xfe, 0x5d, 0xfd, 0x21, 0xff, 0xe4,

    /* U+0044 "D" */
    0xf, 0xfe, 0x43, 0x4f, 0xf4, 0x87, 0xff, 0x4d,
    0xbf, 0xff, 0x84, 0x87, 0xff, 0x39, 0xfe, 0xf,
    0x37, 0xfa, 0xf, 0xfe, 0x53, 0xff, 0x7, 0xf7,
    0xfc, 0x1f, 0xfc, 0x8b, 0xa7, 0xf0, 0x7f, 0xaf,
    0xf0, 0x7f, 0xf1, 0x5e, 0x5, 0xfc, 0x1f, 0xf5,
    0xfe, 0x43, 0xff, 0x85, 0xe4, 0x2f, 0xe8, 0x3f,
    0xf8, 0x17, 0xf8, 0x3f, 0xf8, 0x2c, 0x1d, 0xfd,
    0x7, 0xff, 0x7, 0xfe, 0xf, 0xfe, 0x3f, 0xf4,
    0x1f, 0xfc, 0x17, 0xfd, 0x7, 0xff, 0x1b, 0xf9,
    0xf, 0xfe, 0x17, 0xfc, 0x1f, 0xfc, 0x6f, 0xe4,
    0x3f, 0xf8, 0x4f, 0xfa, 0xf, 0xfe, 0x2f, 0xf2,
    0x1f, 0xfc, 0x3f, 0xf8, 0x3f, 0xf8, 0x8f, 0xf0,
    0x7f, 0xf1, 0x2f, 0xf2, 0x1f, 0xfc, 0x37, 0xf8,
    0x3f, 0xf8, 0xbf, 0xe8, 0x3f, 0xf8, 0x6f, 0xf0,
    0x7f, 0xf1, 0x7f, 0xe0, 0xff, 0xe1, 0xdf, 0xc1,
    0xff, 0xc5, 0xbf, 0xc1, 0xff, 0xc3, 0xbf, 0x83,
    0xff, 0x8b, 0x7f, 0x90, 0xff, 0xe1, 0x5f, 0xc1,
    0xff, 0xc5, 0x7f, 0xc8, 0x7f, 0xf0, 0xbf, 0xa0,
    0xff, 0xe3, 0x7f, 0xa0, 0xff, 0xe1, 0x7f, 0x41,
    0xff, 0xc6, 0xff, 0x41, 0xff, 0xc2, 0xfe, 0x43,
    0xff, 0x8d, 0xfe, 0x83, 0xff, 0x85, 0xfc, 0x87,
    0xff, 0x1b, 0xfd, 0x7, 0xff, 0xb, 0xf9, 0xf,
    0xfe, 0x37, 0xfa, 0xf, 0xfe, 0x17, 0xf0, 0x7f,
    0xf1, 0xff, 0xd0, 0x7f, 0xf0, 0x5f, 0xe0, 0xff,
    0xe3, 0xff, 0xa0, 0xff, 0xe0, 0xbf, 0xc1, 0xff,
    0xc7, 0xff, 0x21, 0xff, 0xc1, 0x7f, 0x83, 0xff,
    0x8f, 0xfe, 0x43, 0xff, 0x83, 0x7f, 0x7, 0xff,
    0x19, 0xff, 0x7, 0xff, 0xa, 0xfe, 0xf, 0xfe,
    0x35, 0xfe, 0xf, 0xfe, 0x15, 0xfa, 0xf, 0xfe,
    0x35, 0xfd, 0x7, 0xff, 0xb, 0xfa, 0xf, 0xfe,
    0x37, 0xf9, 0xf, 0xfe, 0x17, 0xf4, 0x1f, 0xfc,
    0x6f, 0xf0, 0x7f, 0xf0, 0xff, 0x90, 0xff, 0xe2,
    0xdf, 0xe0, 0xff, 0xe1, 0xff, 0x21, 0xff, 0xc5,
    0xff, 0x41, 0xff, 0xc3, 0xfe, 0x43, 0xff, 0x8b,
    0xfe, 0x43, 0xff, 0x87, 0xfc, 0x1f, 0xfc, 0x5b,
    0xfc, 0x1a, 0xf, 0xf3, 0xfc, 0x1f, 0xfc, 0x5f,
    0xf4, 0x13, 0x87, 0xf9, 0xfe, 0xf, 0xfe, 0x23,
    0xfe, 0xe, 0xc3, 0xfd, 0x7f, 0x7, 0xff, 0x13,
    0xfd, 0x7, 0x61, 0xfe, 0xbf, 0x83, 0xff, 0x87,
    0x7f, 0x83, 0xd8, 0x7f, 0xaf, 0xe0, 0xff, 0xe1,
    0xff, 0xa0, 0xf6, 0x1f, 0xef, 0xe8, 0x3f, 0xf8,
    0x57, 0xf8, 0x3e, 0xd0, 0xfe, 0xfe, 0x83, 0xff,
    0x82, 0xff, 0xa0, 0xfa, 0x81, 0xfd, 0xfd, 0x7,
    0xff, 0x7, 0xfe, 0xf, 0xce, 0x1f, 0xdf, 0xc8,
    0x7f, 0xf0, 0x2f, 0xf2, 0x1f, 0xd8, 0x7f, 0x7f,
    0x21, 0xff, 0x3f, 0xe8, 0x3f, 0xda, 0x1f, 0xbf,
    0x90, 0xff, 0xbf, 0xe0, 0xff, 0x9c, 0x3e, 0x7f,
    0x83, 0xfe, 0xff, 0x83, 0xff, 0x83, 0xa1, 0xe7,
    0xf8, 0x3f, 0xd7, 0xf9, 0xf, 0xfe, 0xb, 0x87,
    0x9f, 0xe0, 0xfe, 0x7f, 0xc8, 0x7f, 0xf0, 0xf8,
    0x3a, 0xfe, 0xf, 0xcf, 0xf9, 0xf, 0xfe, 0x2e,
    0x86, 0xbf, 0x83, 0xe7, 0xfc, 0x87, 0xff, 0x19,
    0xd0, 0xaf, 0xe0, 0xf3, 0xfe, 0xf, 0xfe, 0x4b,
    0xc0, 0xfe, 0x83, 0x9f, 0xe8, 0x3f, 0xf9, 0x9e,
    0x7f, 0xa0, 0xcf, 0xe8, 0x3f, 0xf9, 0xef, 0xfa,
    0x9, 0xfa, 0xf, 0xfe, 0x9b, 0x7f, 0xe9, 0xf,
    0xff, 0xb8,

    /* U+0045 "E" */
    0xf, 0xfe, 0x1a, 0xe0, 0xff, 0xe6, 0x5f, 0xe8,
    0x3f, 0xf9, 0xf, 0xfa, 0x7c, 0x87, 0xff, 0x15,
    0xfe, 0x83, 0x58, 0x7f, 0xf1, 0x7f, 0xc1, 0xeb,
    0xf, 0xfe, 0x1f, 0xf8, 0x3f, 0x61, 0xff, 0xc2,
    0x7f, 0xa0, 0xfd, 0xa1, 0xff, 0xc1, 0xff, 0x7,
    0xf5, 0x3, 0xff, 0x83, 0xfe, 0xf, 0xe9, 0xf,
    0xfe, 0x3, 0xfd, 0x7, 0xff, 0x2d, 0xfe, 0x43,
    0xff, 0x97, 0x7f, 0x21, 0xff, 0xcb, 0xbf, 0x90,
    0xff, 0xe5, 0xdf, 0xd0, 0x7f, 0xf2, 0xdf, 0xe8,
    0x3f, 0xf9, 0x9f, 0xe0, 0xff, 0xe6, 0x5f, 0xc1,
    0xff, 0xcd, 0xfe, 0x83, 0xe4, 0x3f, 0xf8, 0x8f,
    0xf0, 0x7b, 0xc1, 0xff, 0xc5, 0x7f, 0x80, 0xfa,
    0xf, 0xfe, 0x47, 0xfe, 0x43, 0xff, 0x91, 0x7f,
    0x90, 0xff, 0xe4, 0xff, 0xc1, 0xff, 0xc9, 0x7f,
    0xd0, 0x7f, 0xf2, 0x5f, 0xf4, 0x1f, 0xfc, 0x97,
    0xfd, 0x7, 0xff, 0x2b, 0xfe, 0xf, 0xfe, 0x57,
    0xfc, 0x1f, 0xfc, 0xab, 0xfc, 0x87, 0xff, 0x25,
    0xff, 0x41, 0xff, 0xca, 0xff, 0x83, 0xff, 0x94,
    0xff, 0x90, 0xff, 0xe5, 0x5f, 0xe0, 0xff, 0xe5,
    0xff, 0x90, 0xff, 0xe5, 0x5f, 0xe0, 0xff, 0xe5,
    0xff, 0x90, 0xff, 0xe5, 0xff, 0x83, 0xff, 0x96,
    0xff, 0x41, 0xff, 0xcb, 0xbf, 0x90, 0xff, 0xe5,
    0xdf, 0xc1, 0xff, 0xcc, 0xff, 0x7, 0xff, 0x33,
    0xfa, 0xf, 0xfe, 0x67, 0xf2, 0x1f, 0xfc, 0xcf,
    0xe4, 0x3f, 0xcd, 0xfd, 0x7, 0xbf, 0x83, 0xf9,
    0xf4, 0xa1, 0x5e, 0x83, 0x7f, 0x7, 0xeb, 0x43,
    0xf3, 0xe0, 0xbf, 0x90, 0xf7, 0x7, 0xff, 0x3,
    0x81, 0x7e, 0x43, 0xb8, 0x3f, 0xf8, 0x58, 0x1f,
    0xc8, 0x6e, 0xf, 0xfe, 0x1d, 0x7, 0xf4, 0x15,
    0x87, 0xff, 0x11, 0xc1, 0xfc, 0x7, 0xf, 0xfe,
    0x36, 0xb, 0xf0, 0x38, 0x3f, 0xf8, 0xd8, 0x1f,
    0xd3, 0x87, 0xff, 0x19, 0xc2, 0xff, 0x21, 0xff,
    0xc6, 0xa0, 0x6f, 0xe0, 0xff, 0xe3, 0xe8, 0x6b,
    0xf0, 0x7f, 0xf1, 0x9c, 0x3d, 0xfa, 0xf, 0xfe,
    0x2e, 0x87, 0xdf, 0x90, 0xff, 0xe1, 0xf0, 0x7e,
    0xbf, 0x21, 0xff, 0xc0, 0x78, 0x3f, 0xaa, 0xf9,
    0xf, 0xe7, 0xc8, 0x7f, 0xb4, 0x17, 0xcb, 0xd4,
    0xf4, 0x1f, 0xfc, 0xc, 0x39, 0xbf, 0xa5, 0x7,
    0xff, 0xb, 0xf, 0xfe, 0x8e, 0x1f, 0xfd, 0x1c,
    0x3f, 0xfa, 0x38, 0x7f, 0xf4, 0x70, 0xff, 0xe8,
    0xe1, 0xff, 0xd1, 0xd0, 0xff, 0xe8, 0x68, 0x7f,
    0xf4, 0x28, 0x1f, 0xfe, 0x90,

    /* U+0046 "F" */
    0xf, 0xff, 0xf8, 0x7e, 0x6f, 0xe9, 0xf, 0xf3,
    0x7, 0xff, 0x32, 0xfa, 0x50, 0x1b, 0xc8, 0x7c,
    0xe8, 0x7f, 0xf2, 0x5f, 0x90, 0xff, 0x3a, 0x1e,
    0xe0, 0xff, 0xe3, 0xb7, 0x90, 0xff, 0xe1, 0x38,
    0x7b, 0x43, 0xff, 0x8a, 0xfa, 0xf, 0xfe, 0x36,
    0x87, 0x50, 0x3f, 0xf8, 0x4d, 0xe4, 0x3f, 0xf9,
    0xa, 0xf, 0x68, 0x7f, 0xd7, 0xa0, 0xff, 0xe9,
    0xbc, 0x86, 0x55, 0xf4, 0x1f, 0xfd, 0x67, 0xff,
    0xf8, 0x8, 0x7f, 0xf7, 0x5f, 0xe4, 0x3f, 0xfb,
    0xaf, 0xf2, 0x1f, 0xfd, 0xdb, 0xf9, 0xf, 0xfe,
    0xed, 0xfc, 0x87, 0xff, 0x76, 0xfe, 0xf, 0xfe,
    0xf7, 0xf8, 0x3f, 0xfb, 0xdf, 0xe0, 0xff, 0xef,
    0x7f, 0x83, 0xff, 0xbd, 0xfe, 0xf, 0xfe, 0xf7,
    0xf8, 0x3f, 0xfb, 0xdf, 0xe0, 0xff, 0xef, 0x7f,
    0x83, 0xff, 0xbd, 0xfe, 0xf, 0xfe, 0xeb, 0xfd,
    0x7, 0xff, 0x75, 0xfe, 0x83, 0xff, 0xba, 0xff,
    0x41, 0xff, 0xd9, 0x6f, 0xfc, 0x87, 0xff, 0x5d,
    0xf4, 0xab, 0xfa, 0xf, 0x9c, 0x3f, 0xf9, 0xaf,
    0x6, 0xbf, 0xe4, 0x35, 0xa1, 0xff, 0xd4, 0xbf,
    0xa9, 0xfd, 0x7, 0xff, 0x5b, 0xfc, 0x1f, 0xfd,
    0xef, 0xf0, 0x7f, 0xf7, 0xbf, 0xc1, 0xff, 0xde,
    0xff, 0x7, 0xff, 0x7b, 0xfa, 0xf, 0xfe, 0xf7,
    0xf4, 0x1f, 0xfd, 0xef, 0xe4, 0x3f, 0xfb, 0xaf,
    0xf2, 0x1f, 0xfd, 0xd7, 0xf8, 0x3f, 0xfb, 0xcf,
    0xf0, 0x7f, 0xf7, 0xaf, 0xe0, 0xff, 0xef, 0x5f,
    0xc1, 0xff, 0xde, 0xbf, 0x41, 0xff, 0xde, 0xfe,
    0x83, 0xff, 0xbd, 0xfc, 0x87, 0xff, 0x7b, 0xf9,
    0xf, 0xfe, 0xf7, 0xf0, 0x7f, 0xf7, 0xff, 0x83,
    0xff, 0xbf, 0xfc, 0x1f, 0xfd, 0xe7, 0xf8, 0x3f,
    0xfb, 0xcf, 0xe8, 0x3f, 0xfb, 0xcf, 0xe8, 0x3f,
    0xfb, 0xd7, 0xe4, 0x3f, 0xfb, 0xd7, 0xe0, 0xff,
    0xef, 0xdf, 0x83, 0xff, 0xbf, 0xfc, 0x1f, 0xfd,
    0xff, 0xd0, 0x7f, 0xf7, 0xff, 0x21, 0xff, 0xdf,
    0xfc, 0x1f, 0xfe, 0xf, 0xa0, 0xff, 0xef, 0xbf,
    0x21, 0xff, 0xdf, 0xbe, 0xf, 0xfe, 0xbe, 0x1f,
    0xbe, 0x83, 0xff, 0xac, 0xe1, 0xfb, 0xe0, 0xff,
    0xeb, 0xb8, 0x7c, 0xf9, 0xf, 0xfe, 0xbb, 0x87,
    0xdf, 0x7, 0xff, 0x67, 0xf, 0x3e, 0xf, 0xfe,
    0xd7, 0x7, 0x78, 0x3f, 0xfb, 0x9c, 0x7, 0xc1,
    0xff, 0xde, 0xfd, 0x7, 0xff, 0xfc, 0x3f, 0xf8,
    0x20,

    /* U+0047 "G" */
    0xf, 0xff, 0x75, 0xfd, 0x7, 0xff, 0x35, 0xfe,
    0x5a, 0xe0, 0xff, 0xe5, 0x7f, 0x7, 0xde, 0xf,
    0xfe, 0x3b, 0xf9, 0xf, 0xee, 0xf, 0xfe, 0x2d,
    0xf8, 0x3f, 0xe7, 0xf, 0xfe, 0x25, 0xf4, 0x1f,
    0xfc, 0x1d, 0xf, 0xfe, 0x15, 0xf4, 0x1f, 0xfc,
    0x2d, 0xf, 0xfe, 0xd, 0xf8, 0x3f, 0xf8, 0x78,
    0x7f, 0xf0, 0x6f, 0xc1, 0xff, 0xc3, 0x60, 0xff,
    0xe0, 0x3f, 0x90, 0xff, 0xe8, 0xfe, 0x83, 0xff,
    0xa3, 0x7e, 0xf, 0xfe, 0x97, 0xe8, 0x3f, 0xfa,
    0x37, 0xe0, 0xff, 0xe9, 0x7e, 0x83, 0xff, 0xa3,
    0x7e, 0x43, 0xff, 0xa3, 0xfc, 0x1f, 0xfd, 0x17,
    0xf8, 0x3f, 0xfa, 0x37, 0xe8, 0x3f, 0xfa, 0x3f,
    0xc8, 0x7f, 0xf4, 0x7f, 0x90, 0xff, 0xe8, 0xff,
    0x7, 0xff, 0x22, 0x43, 0xf7, 0xf0, 0x7f, 0xf1,
    0xde, 0xf, 0xdf, 0xc1, 0xff, 0xc7, 0xf4, 0x1f,
    0xbf, 0x83, 0xff, 0x8d, 0x79, 0xf, 0xdf, 0xc1,
    0xff, 0xc5, 0xbe, 0x43, 0xf7, 0xf0, 0x7f, 0xf1,
    0x1f, 0xc1, 0xfd, 0xfc, 0x87, 0xff, 0xf, 0xf8,
    0x3f, 0xaf, 0xc8, 0x7f, 0xf0, 0xbf, 0xc1, 0xfc,
    0xfe, 0x83, 0xff, 0x83, 0xff, 0x7, 0xfb, 0xf8,
    0x3f, 0xe7, 0xfe, 0x83, 0xfc, 0xfe, 0xf, 0xf5,
    0xdf, 0xe4, 0x3f, 0xeb, 0xe8, 0x3e, 0x7c, 0xaf,
    0xf0, 0x7f, 0xf0, 0x5f, 0x83, 0x37, 0x90, 0x5f,
    0xe0, 0xff, 0xe1, 0xdf, 0xe9, 0xd, 0xfe, 0x83,
    0xff, 0xa1, 0xfe, 0x43, 0xff, 0x9e, 0xff, 0x83,
    0xff, 0xa0, 0xff, 0x41, 0xff, 0xd0, 0xbf, 0x90,
    0xff, 0xe8, 0x7f, 0x83, 0xff, 0xa0, 0xff, 0x41,
    0xff, 0xd0, 0xbf, 0x83, 0xff, 0x85, 0x7f, 0x48,
    0x7d, 0xfe, 0xf, 0xfe, 0x7, 0xca, 0x3, 0x79,
    0xe, 0xfe, 0x43, 0xfd, 0x70, 0x7f, 0x3c, 0x13,
    0xfc, 0x1f, 0xeb, 0xf, 0xfe, 0xf, 0x81, 0xfc,
    0x87, 0xf5, 0x87, 0xff, 0xf, 0x8f, 0xe0, 0xff,
    0x61, 0xff, 0xc5, 0xff, 0x21, 0xfd, 0xc1, 0xff,
    0xc5, 0x7f, 0x83, 0xfd, 0x87, 0xff, 0x19, 0xfc,
    0x1f, 0xeb, 0xf, 0xfe, 0x37, 0xe8, 0x3f, 0xd4,
    0xf, 0xfe, 0x37, 0xe0, 0xff, 0xb4, 0x3f, 0xf8,
    0xb7, 0xe0, 0xff, 0xa8, 0x1f, 0xfc, 0x47, 0xe7,
    0xf, 0xfa, 0x81, 0xff, 0xc4, 0xfa, 0x34, 0x3f,
    0xce, 0x1f, 0xfc, 0x3b, 0xd0, 0x28, 0x1f, 0xf6,
    0x87, 0xff, 0x5, 0xf4, 0x15, 0x3, 0xfe, 0x74,
    0x3f, 0xe7, 0xd0, 0x67, 0xf, 0xfe, 0x5, 0xa1,
    0xfe, 0xf2, 0x1c, 0xe1, 0xff, 0xc1, 0x7c, 0x87,
    0x3e, 0x83, 0xe7, 0xf, 0xfe, 0x1b, 0xff, 0x41,
    0xfc, 0xe1, 0xff, 0xd5, 0x50, 0x7f, 0x80,

    /* U+0048 "H" */
    0xf, 0xfe, 0x32, 0x1f, 0xfd, 0xcf, 0xf0, 0x7f,
    0xf7, 0x3f, 0xc8, 0x7f, 0xf6, 0xef, 0xe8, 0x3f,
    0xf8, 0xed, 0x60, 0xff, 0xe1, 0xbf, 0xe0, 0xff,
    0xe3, 0xff, 0x7, 0xff, 0x13, 0xfc, 0x1f, 0xfc,
    0x7f, 0xe0, 0xff, 0xe2, 0x7f, 0x83, 0xff, 0x8f,
    0xfc, 0x1f, 0xfc, 0x4b, 0xf8, 0x3f, 0xf8, 0xcf,
    0xf0, 0x7f, 0xf1, 0x1f, 0xe4, 0x3f, 0xf8, 0xaf,
    0xe8, 0x3f, 0xf8, 0xbf, 0xc8, 0x7f, 0xf1, 0x6f,
    0xc8, 0x7f, 0xf1, 0x7f, 0xa0, 0xff, 0xe2, 0xff,
    0x21, 0xff, 0xc5, 0xfe, 0x83, 0xff, 0x8b, 0xfc,
    0x1f, 0xfc, 0x6b, 0xf4, 0x1f, 0xfc, 0x5f, 0xe0,
    0xff, 0xe3, 0x5f, 0xc1, 0xff, 0xc5, 0xfe, 0xf,
    0xfe, 0x35, 0xfc, 0x1f, 0xfc, 0x47, 0xf8, 0x3f,
    0xf8, 0xcf, 0xf0, 0x7f, 0xf1, 0x1f, 0xd0, 0x7f,
    0xf1, 0x9f, 0xe0, 0xff, 0xe2, 0x5f, 0xa0, 0xff,
    0xe3, 0x3f, 0xc1, 0xff, 0xc4, 0xbf, 0x21, 0xff,
    0xc6, 0x7f, 0x83, 0xff, 0x89, 0x7e, 0x43, 0xff,
    0x8f, 0xfc, 0x1f, 0xfc, 0x4f, 0xe0, 0xff, 0xe4,
    0x7f, 0x7, 0xff, 0x13, 0xf8, 0x3f, 0xf9, 0x1f,
    0xc1, 0xff, 0xc4, 0xfe, 0xf, 0xfe, 0x47, 0xf0,
    0x7f, 0xf1, 0x3f, 0x83, 0xff, 0x91, 0xfc, 0x1f,
    0xfc, 0x4f, 0xe0, 0xff, 0xe4, 0x7f, 0x7, 0xff,
    0xd, 0xfe, 0xf, 0xfe, 0x47, 0xf0, 0x7f, 0xf0,
    0xdf, 0xd0, 0x7f, 0xf2, 0x3f, 0x83, 0xff, 0x86,
    0xfe, 0x83, 0xff, 0x91, 0xfa, 0xf, 0xfe, 0x1b,
    0xfa, 0xf, 0xfe, 0x47, 0xe8, 0x3f, 0xf8, 0x6f,
    0xe8, 0x3f, 0xf8, 0xef, 0xe8, 0x3f, 0xf8, 0x77,
    0xe8, 0x3f, 0xf8, 0xef, 0xe4, 0x3f, 0xf8, 0x77,
    0xe4, 0x3f, 0xf8, 0xef, 0xe4, 0x69, 0xff, 0xeb,
    0xf9, 0xf, 0xfe, 0x3b, 0xff, 0x51, 0x70, 0xba,
    0x9f, 0xd2, 0x1f, 0xfc, 0x57, 0xf9, 0xf, 0xfe,
    0x1d, 0xff, 0x83, 0xff, 0x82, 0xff, 0xc1, 0xff,
    0xc4, 0xbf, 0x20, 0x43, 0xff, 0x81, 0xf3, 0x7d,
    0x7, 0xff, 0x12, 0xfc, 0x87, 0xff, 0x5, 0xf2,
    0xf, 0xd0, 0x7f, 0xf1, 0x2f, 0xc8, 0x7f, 0xf0,
    0x2f, 0x6, 0xfc, 0x87, 0xff, 0x12, 0xfc, 0x87,
    0xfd, 0x70, 0x77, 0xe0, 0xff, 0xe2, 0xdf, 0x90,
    0xff, 0x5a, 0x1e, 0xfc, 0x1f, 0xfc, 0x5b, 0xf2,
    0x1f, 0xd6, 0x87, 0xdf, 0x41, 0xff, 0xc5, 0xbf,
    0x21, 0xf9, 0xd0, 0xf9, 0xf9, 0xf, 0xfe, 0x2d,
    0xf9, 0xf, 0xdc, 0x1f, 0x9f, 0x83, 0xff, 0x8d,
    0x7e, 0x43, 0xeb, 0xf, 0xeb, 0xe0, 0xff, 0xe3,
    0x5f, 0x90, 0xf3, 0xa1, 0xfd, 0xf4, 0x1f, 0xfc,
    0x67, 0xf4, 0x1e, 0xf0, 0x7f, 0xbe, 0x43, 0xff,
    0x8c, 0xfe, 0x83, 0xda, 0x1f, 0xef, 0x83, 0xff,
    0x8e, 0xfe, 0x83, 0xac, 0x3f, 0xcf, 0xa0, 0xff,
    0xe4, 0x7f, 0x7, 0x68, 0x7f, 0xaf, 0x21, 0xff,
    0xc8, 0xfe, 0xe, 0xc3, 0xfe, 0xf8, 0x3f, 0xf9,
    0x3f, 0xc1, 0x9c, 0x3f, 0xef, 0x41, 0xff, 0xc9,
    0xfe, 0xd, 0x40, 0xff, 0x3e, 0xf, 0xfe, 0x57,
    0xf2, 0x16, 0x87, 0xfa, 0xf0, 0x7f, 0xf2, 0xaf,
    0xc8, 0x5a, 0x1f, 0xef, 0x21, 0xff, 0xca, 0xbf,
    0x41, 0x68, 0x7f, 0xbc, 0x1f, 0xfc, 0xb7, 0xf4,
    0x16, 0x87, 0xf5, 0xa1, 0xff, 0xcb, 0x7f, 0x82,
    0xd0, 0xfe, 0xf0, 0x7f, 0xf3, 0x7f, 0x82, 0xa0,
    0x7e, 0x74, 0x3f, 0xf9, 0xbf, 0xc1, 0x50, 0x3f,
    0x70, 0x7f, 0xf3, 0xaf, 0xc8, 0x1c, 0x3e, 0x70,
    0xff, 0xe7, 0xbf, 0xa0, 0xb4, 0x3d, 0xc1, 0xff,
    0xcf, 0x7f, 0x82, 0xb0, 0xef, 0x7, 0xff, 0x46,
    0xb2, 0x1b, 0x80, 0xf8, 0x3f, 0xfb, 0x9f, 0x90,
    0xff, 0xff, 0x87, 0xf0,

    /* U+0049 "I" */
    0xf, 0xfe, 0x1b, 0x61, 0xff, 0xc6, 0x7f, 0x83,
    0xff, 0x89, 0x7f, 0xa0, 0xff, 0xe1, 0x3f, 0xf9,
    0xf, 0xfe, 0xf, 0xaf, 0xf8, 0x3f, 0xf8, 0xf,
    0xf, 0xfa, 0xf, 0xf9, 0xd0, 0x5f, 0xe8, 0x3f,
    0xce, 0x85, 0x7f, 0x90, 0xff, 0x68, 0x6f, 0xf8,
    0x3f, 0xdc, 0x1d, 0xff, 0x7, 0xf3, 0x87, 0xbf,
    0xd0, 0x7f, 0x68, 0x73, 0xfe, 0x83, 0xf3, 0x87,
    0x9f, 0xf2, 0x1f, 0xa8, 0x1e, 0xbf, 0xc1, 0xfd,
    0xa1, 0xeb, 0xfc, 0x1f, 0xda, 0xd, 0x7, 0xfc,
    0x1f, 0xdc, 0xd, 0x7, 0xfa, 0xf, 0xe7, 0x56,
    0x17, 0xfa, 0xf, 0xf3, 0xe4, 0x2f, 0xf2, 0x1f,
    0xfc, 0x5f, 0xf0, 0x7f, 0xf1, 0xbf, 0xc1, 0xff,
    0xc6, 0xff, 0x7, 0xff, 0x15, 0xff, 0x7, 0xff,
    0x15, 0xfe, 0x83, 0xff, 0x8a, 0xff, 0x41, 0xff,
    0xc5, 0x7f, 0xa0, 0xff, 0xe2, 0xbf, 0xc8, 0x7f,
    0xf1, 0x5f, 0xe4, 0x3f, 0xf8, 0xb7, 0xf2, 0x1f,
    0xfc, 0x5b, 0xf8, 0x3f, 0xf8, 0xd7, 0xf0, 0x7f,
    0xf1, 0xaf, 0xe0, 0xff, 0xe3, 0x5f, 0xc1, 0xff,
    0xc6, 0xbf, 0x83, 0xff, 0x8d, 0x7f, 0x7, 0xff,
    0x1a, 0xfe, 0xf, 0xfe, 0x35, 0xfa, 0xf, 0xfe,
    0x35, 0xfa, 0xf, 0xfe, 0x33, 0xfa, 0xf, 0xfe,
    0x33, 0xfa, 0xf, 0xfe, 0x33, 0xfa, 0xf, 0xfe,
    0x3f, 0xe8, 0x3f, 0xf8, 0xff, 0xa0, 0xff, 0xe3,
    0xfe, 0x83, 0xff, 0x8f, 0xfa, 0xf, 0xfe, 0x3d,
    0xf8, 0x3f, 0xf8, 0xf7, 0xe0, 0xff, 0xe3, 0xbf,
    0x83, 0xff, 0x91, 0xf8, 0x3f, 0xf9, 0x1f, 0x83,
    0xff, 0x91, 0xf8, 0x3f, 0xf9, 0xf, 0xc1, 0xff,
    0xc9, 0xf8, 0x3f, 0xf9, 0x3f, 0x7, 0xff, 0x25,
    0xf2, 0x1f, 0x38, 0x7f, 0xf0, 0x3c, 0x87, 0xce,
    0x1f, 0xfc, 0x7, 0x43, 0xe7, 0xf, 0xfe, 0xd,
    0xa1, 0xed, 0xf, 0xfe, 0x15, 0xc1, 0x3c, 0x1f,
    0xfc, 0x47, 0xf9, 0xf, 0xfe, 0x78,

    /* U+004A "J" */
    0xf, 0xfe, 0x4d, 0xfc, 0x1f, 0xfc, 0xaf, 0xf2,
    0x1f, 0xfc, 0x9f, 0xf2, 0x1f, 0xfc, 0x9b, 0xfa,
    0xf, 0xfe, 0x4d, 0xfd, 0x7, 0xff, 0x26, 0xfe,
    0x83, 0xff, 0x93, 0x7f, 0x83, 0xff, 0x92, 0xff,
    0x83, 0xff, 0x92, 0xff, 0x83, 0xff, 0x92, 0xff,
    0x83, 0xff, 0x92, 0xff, 0x83, 0xff, 0x92, 0xff,
    0x83, 0xff, 0x92, 0xff, 0x83, 0xff, 0x92, 0xff,
    0x83, 0xff, 0x92, 0xff, 0x83, 0xff, 0x92, 0xff,
    0x83, 0xff, 0x92, 0xff, 0x83, 0xff, 0x92, 0xff,
    0x83, 0xff, 0x92, 0xff, 0x83, 0xff, 0x92, 0xff,
    0x41, 0xff, 0xc9, 0x7f, 0xa0, 0xff, 0xe4, 0xdf,
    0xd0, 0x7f, 0xf2, 0x6f, 0xe8, 0x3f, 0xf9, 0x37,
    0xf2, 0x1f, 0xfc, 0x9b, 0xf9, 0xf, 0xfe, 0x4f,
    0xf8, 0x3f, 0xf9, 0x5f, 0xe0, 0xff, 0xe5, 0x7f,
    0x83, 0xff, 0x95, 0xfe, 0xf, 0xfe, 0x57, 0xf4,
    0x1f, 0xfc, 0xaf, 0xe8, 0x3f, 0xf9, 0x2f, 0xf2,
    0x1f, 0xfc, 0x97, 0xf8, 0x3f, 0xf9, 0x57, 0xf0,
    0x7f, 0xf2, 0xaf, 0xe0, 0xff, 0xe5, 0x7f, 0x41,
    0xfa, 0x43, 0xff, 0x81, 0xfc, 0x87, 0xd6, 0x1f,
    0xfc, 0x1f, 0xe0, 0xf9, 0xc3, 0xff, 0x85, 0xfc,
    0x1f, 0x70, 0x7f, 0xf0, 0x5f, 0xe0, 0xf5, 0x87,
    0xff, 0xa, 0xfd, 0x7, 0xb4, 0x3f, 0xf8, 0x57,
    0xe0, 0xf5, 0x87, 0xff, 0xf, 0xf8, 0x3d, 0xa1,
    0xff, 0xc3, 0xfd, 0x7, 0x38, 0x7f, 0xf0, 0xdf,
    0xc8, 0x75, 0x3, 0xff, 0x86, 0xfe, 0xf, 0x68,
    0x7f, 0xf0, 0xef, 0xc1, 0xec, 0x3f, 0xf8, 0x9f,
    0x90, 0xf6, 0x1f, 0xfc, 0x4f, 0xc1, 0xe7, 0xf,
    0xfe, 0x1b, 0xf8, 0x3c, 0xe1, 0xff, 0xc3, 0x7e,
    0x43, 0xce, 0x1f, 0xfc, 0x3b, 0xe0, 0xf9, 0xc3,
    0xff, 0x87, 0xf4, 0x1f, 0x38, 0x7f, 0xf0, 0xfe,
    0xf, 0xce, 0x1f, 0xfc, 0x27, 0xd0, 0x7f, 0x61,
    0xff, 0xc2, 0xf8, 0x3f, 0xd8, 0x7f, 0xf0, 0xbd,
    0x7, 0xfb, 0x43, 0xff, 0x80, 0xf8, 0x3f, 0xeb,
    0xf, 0xfe, 0x7, 0x83, 0xff, 0x83, 0x87, 0xfc,
    0xe8, 0x7f, 0xf0, 0x68, 0x1f, 0xce, 0x87, 0xff,
    0xf, 0x43, 0xeb, 0x43, 0xff, 0x88, 0xf2, 0x15,
    0xc1, 0xff, 0xc8, 0xfe, 0x90, 0xff, 0xf0, 0x0,

    /* U+004B "K" */
    0xf, 0xfe, 0x42, 0x1f, 0xfe, 0xab, 0xf4, 0x1f,
    0xfe, 0x77, 0xfc, 0x1f, 0xfe, 0x7b, 0xfc, 0x87,
    0xff, 0x99, 0xff, 0x21, 0xff, 0xd0, 0x43, 0xff,
    0x92, 0xff, 0x90, 0xff, 0xe6, 0xdf, 0xd0, 0x7f,
    0xf1, 0xff, 0xd0, 0x7f, 0xf2, 0xef, 0xe5, 0x70,
    0x7f, 0xf1, 0xbf, 0xd0, 0x7f, 0xf2, 0xbf, 0xa0,
    0xff, 0xe5, 0xff, 0xc1, 0xff, 0xc9, 0xff, 0x7,
    0xff, 0x33, 0xfe, 0xf, 0xfe, 0x47, 0xf8, 0x3f,
    0xf9, 0xbf, 0xf0, 0x7f, 0xf1, 0xff, 0xc1, 0xff,
    0xce, 0xbf, 0xc1, 0xff, 0xc6, 0xbf, 0x90, 0xff,
    0xe7, 0x5f, 0xe0, 0xff, 0xe2, 0xbf, 0xd0, 0x7f,
    0xf3, 0xef, 0xf0, 0x7f, 0xf1, 0x7f, 0xc1, 0xff,
    0xd0, 0xbf, 0xc1, 0xff, 0xc4, 0xff, 0x7, 0xff,
    0x45, 0xff, 0x21, 0xff, 0xc2, 0xbf, 0x90, 0xff,
    0xe8, 0xbf, 0xe4, 0x3f, 0xf8, 0x2f, 0xf4, 0x1f,
    0xfd, 0x27, 0xfc, 0x87, 0xff, 0x7, 0xfc, 0x1f,
    0xfd, 0x37, 0xfc, 0x87, 0xff, 0x3, 0xfc, 0x87,
    0xff, 0x53, 0xfc, 0x87, 0xfd, 0x7f, 0x41, 0xff,
    0xd5, 0xff, 0x21, 0xfe, 0x7f, 0xc1, 0xff, 0xd6,
    0xff, 0x21, 0xfc, 0xff, 0x83, 0xff, 0xaf, 0xfe,
    0x43, 0xfb, 0xfc, 0x87, 0xff, 0x5f, 0xfc, 0x87,
    0xef, 0xf4, 0x1f, 0xfd, 0x8f, 0xf0, 0x7e, 0xbf,
    0xc1, 0xff, 0xd9, 0xff, 0x7, 0xcf, 0xf8, 0x3f,
    0xfb, 0x5f, 0xe0, 0xfb, 0xfc, 0x87, 0xff, 0x6b,
    0xfc, 0x1e, 0xff, 0x41, 0xff, 0xdb, 0xff, 0x7,
    0x5f, 0xe0, 0xff, 0xee, 0x7f, 0x83, 0x5f, 0xe0,
    0xff, 0xee, 0xff, 0x82, 0x7f, 0xc8, 0x7f, 0xf7,
    0x7f, 0xc0, 0x7f, 0xd0, 0x7f, 0xf7, 0xbf, 0xa2,
    0xff, 0x41, 0xff, 0xdf, 0xff, 0xfe, 0x10, 0x7f,
    0xf6, 0xd8, 0x2f, 0xff, 0xe0, 0x41, 0xff, 0xdd,
    0xd0, 0x7f, 0xfd, 0x7, 0xff, 0x79, 0xff, 0xfe,
    0x8, 0x7f, 0xf8, 0xdf, 0xfa, 0x43, 0xff, 0xcb,
    0xfc, 0x1f, 0xfe, 0x87, 0xf9, 0xf, 0xff, 0x3b,
    0xfd, 0x7, 0xff, 0x9d, 0xff, 0x7, 0xff, 0x9d,
    0xfc, 0xe8, 0x7f, 0xf9, 0xaf, 0xc3, 0x87, 0xff,
    0x9a, 0xfc, 0xd, 0xf, 0xff, 0x2f, 0xf0, 0x1c,
    0x3f, 0xfc, 0xbf, 0xa0, 0xb8, 0x3f, 0xfc, 0x9f,
    0x90, 0x9c, 0x3f, 0xfc, 0x9f, 0x83, 0xac, 0x3f,
    0xfc, 0x4f, 0xe0, 0xf7, 0x7, 0xff, 0x85, 0xfa,
    0xf, 0x3a, 0x1f, 0xfe, 0xb, 0xe4, 0x3e, 0xb0,
    0xff, 0xf0, 0x7e, 0xf, 0xeb, 0xf, 0xfe, 0xff,
    0xd0, 0x7f, 0xbc, 0x1f, 0xfd, 0xd7, 0xe4, 0x3f,
    0xef, 0x7, 0xff, 0x71, 0xf8, 0x3f, 0xf8, 0x3e,
    0xf, 0xfe, 0x9d, 0xfd, 0x3f, 0x41, 0xff, 0xc2,
    0xb4, 0x3f, 0xf9, 0xfe, 0x94, 0x2a, 0xfc, 0x1f,
    0xfc, 0x47, 0x83, 0xff, 0x99, 0x70, 0x7f, 0x7d,
    0x7, 0xff, 0x17, 0xc8, 0x7f, 0xf2, 0x6c, 0x3f,
    0xcf, 0x9f, 0x7, 0xff, 0x16, 0xe0, 0xff, 0xe3,
    0xb8, 0x7f, 0xdf, 0x2, 0xc3, 0xff, 0x8d, 0x70,
    0x7f, 0xf1, 0x74, 0x3f, 0xef, 0x6, 0xb0, 0xff,
    0xe3, 0x37, 0x21, 0xff, 0xc1, 0x70, 0xff, 0xae,
    0xe, 0xb0, 0xff, 0xe4, 0x5e, 0x43, 0xfe, 0x70,
    0xff, 0xbc, 0x1f, 0x70, 0x7f, 0xf2, 0x5f, 0xa4,
    0x3e, 0x70, 0xff, 0x58, 0x7e, 0x70, 0xff, 0xe6,
    0x37, 0xd2, 0x1b, 0xf, 0xe7, 0x43, 0xfb, 0x83,
    0xff, 0x9c, 0xd3, 0xe8, 0xe0, 0xf9, 0xd0, 0xff,
    0x38, 0x7f, 0xf5, 0xfc, 0x84, 0xf9, 0xf, 0xfe,
    0x6, 0x87, 0xff, 0x5e, 0xfe, 0x83, 0xff, 0x85,
    0x40, 0xff, 0xf6, 0xe1, 0xff, 0xed, 0xd0, 0xff,
    0xf6, 0x50, 0x3f, 0xfd, 0x94, 0xf, 0xff, 0x63,
    0x87, 0xff, 0xb7, 0xf, 0xff, 0x6e, 0x1f, 0xfe,
    0xdc, 0x3f, 0xfd, 0xb8, 0x7f, 0xff, 0xc3, 0xff,
    0x84,

    /* U+004C "L" */
    0xf, 0xfe, 0x5a, 0xc1, 0xff, 0xd3, 0xff, 0x7,
    0xff, 0x47, 0xfa, 0xe0, 0xff, 0xe7, 0x3f, 0xe1,
    0xc3, 0xff, 0x9d, 0xfe, 0x3, 0x87, 0xff, 0x37,
    0xfd, 0x2, 0x81, 0xff, 0xcc, 0xff, 0x80, 0xe8,
    0x7f, 0xf2, 0xef, 0xf2, 0xf, 0x7, 0xff, 0x33,
    0xfe, 0x5, 0x87, 0xff, 0x33, 0xfe, 0x4b, 0x43,
    0xff, 0x96, 0xff, 0xc5, 0xa1, 0xff, 0xcc, 0xff,
    0xa9, 0xc1, 0xff, 0xcc, 0xbf, 0xf9, 0xf, 0xfe,
    0x6f, 0xff, 0x21, 0xff, 0xcd, 0xbf, 0xe8, 0x3f,
    0xf9, 0xff, 0xf8, 0x3f, 0xf9, 0x6a, 0xa7, 0xfe,
    0x83, 0xff, 0x8b, 0xff, 0x51, 0xff, 0xc1, 0xff,
    0xcf, 0x7f, 0xf0, 0x7f, 0xf3, 0xef, 0xf9, 0xf,
    0xfe, 0x7f, 0xfe, 0xf, 0xfe, 0x87, 0xfe, 0xf,
    0xfe, 0x7d, 0xff, 0x21, 0xff, 0xcf, 0xff, 0xc1,
    0xff, 0xd0, 0xff, 0xc1, 0xff, 0xcf, 0x7f, 0xe8,
    0x3f, 0xf9, 0xf7, 0xfc, 0x87, 0xff, 0x3e, 0xff,
    0x83, 0xff, 0xa1, 0xff, 0x41, 0xff, 0xd0, 0xff,
    0x90, 0xff, 0xe7, 0xbf, 0xf0, 0x7f, 0xf4, 0x1f,
    0xf8, 0x3f, 0xfa, 0x17, 0xfa, 0xf, 0xfe, 0x85,
    0xfe, 0x83, 0xff, 0xa1, 0xff, 0x21, 0xff, 0xd0,
    0xff, 0x83, 0xff, 0xa3, 0xff, 0x7, 0xff, 0x47,
    0xfd, 0x7, 0xff, 0x47, 0xfd, 0x7, 0xff, 0x41,
    0xff, 0x21, 0xff, 0xd0, 0x7f, 0xc1, 0xff, 0xd1,
    0x7f, 0xc1, 0xff, 0xd1, 0xbf, 0xc1, 0xff, 0xd1,
    0xbf, 0xc1, 0xff, 0xd1, 0xbf, 0xa0, 0xff, 0xe8,
    0xdf, 0xd0, 0x7f, 0xf4, 0x6f, 0xe4, 0x3f, 0xfa,
    0x37, 0xf2, 0x1f, 0xfd, 0x1b, 0xf9, 0xf, 0xfe,
    0x8d, 0xfc, 0x87, 0xff, 0x46, 0xfe, 0xf, 0xfe,
    0x93, 0xfc, 0x1f, 0xfd, 0x27, 0xf8, 0x3f, 0xfa,
    0x4f, 0xf0, 0x7f, 0xf4, 0x9f, 0xe0, 0xff, 0xe9,
    0xff, 0x7, 0xff, 0x4f, 0xf8, 0x3f, 0xfa, 0x7f,
    0xc1, 0xff, 0xd3, 0xbf, 0x21, 0xff, 0xd2, 0x7f,
    0x21, 0xff, 0xd3, 0xfd, 0x7, 0xff, 0x4f, 0xf4,
    0x1f, 0xfd, 0x3b, 0xf0, 0x7f, 0xf2, 0xb0, 0xfe,
    0xfc, 0x1f, 0xfc, 0x9e, 0xf, 0xef, 0xc1, 0xff,
    0xc8, 0xf0, 0x7f, 0x9f, 0x90, 0xff, 0xe3, 0x78,
    0x3f, 0xf8, 0x17, 0xa0, 0xff, 0xe2, 0xf8, 0x3f,
    0xf8, 0x5f, 0x7, 0xff, 0xd, 0xe0, 0xff, 0xe2,
    0x79, 0xf, 0xfe, 0xd, 0xc1, 0xff, 0xc6, 0xf2,
    0x1f, 0xeb, 0xc1, 0xff, 0xc9, 0x7d, 0x2f, 0x5f,
    0x21, 0xff, 0xcc, 0x6f, 0xe9, 0xf, 0xfe, 0x0,

    /* U+004D "M" */
    0xf, 0xff, 0xf8, 0x4f, 0xd2, 0x1f, 0xff, 0xbf,
    0xf2, 0x1f, 0xff, 0xaf, 0xf8, 0x3f, 0xfb, 0xd7,
    0xd2, 0x1f, 0xfc, 0xaf, 0xf4, 0x1f, 0xfd, 0xcb,
    0xcb, 0x7a, 0xf, 0xfe, 0x4f, 0xfa, 0xf, 0xfe,
    0xdf, 0x90, 0xdf, 0x41, 0xff, 0xc7, 0x7f, 0xc8,
    0x7f, 0xf6, 0xb8, 0x3d, 0xf9, 0xf, 0xfe, 0x33,
    0xfe, 0x43, 0xff, 0xb0, 0xe8, 0x7d, 0xfc, 0x1f,
    0xfc, 0x67, 0xfc, 0x1f, 0xfd, 0x9e, 0xf, 0xdf,
    0xc8, 0x7f, 0xf1, 0x6f, 0xf0, 0x7f, 0xf6, 0x38,
    0x3f, 0xbf, 0xa0, 0xff, 0xe2, 0xdf, 0xe0, 0xff,
    0xeb, 0xb8, 0x7f, 0xbf, 0xc1, 0xff, 0xc5, 0xbf,
    0xc1, 0xff, 0xd7, 0xd0, 0xff, 0x7f, 0x83, 0xff,
    0x8b, 0x7f, 0x83, 0xff, 0xad, 0x61, 0xff, 0x7f,
    0x83, 0xff, 0x8b, 0xfe, 0x83, 0xff, 0xad, 0xa1,
    0xff, 0x7f, 0x83, 0xff, 0x8b, 0xfe, 0x83, 0xff,
    0xab, 0x40, 0xff, 0xe0, 0x7f, 0x90, 0xff, 0xe2,
    0x7f, 0xa0, 0xff, 0xea, 0xe1, 0xff, 0xc1, 0xff,
    0x21, 0xff, 0xc4, 0xff, 0x41, 0xff, 0xd4, 0xb0,
    0xff, 0xe0, 0xff, 0x90, 0xff, 0xe2, 0x7f, 0x90,
    0xff, 0xea, 0x68, 0x7f, 0xf0, 0x7f, 0xc8, 0x7f,
    0xf1, 0x3f, 0xc8, 0x7f, 0xd7, 0xd0, 0x7f, 0xf0,
    0xdc, 0x3f, 0xf8, 0x5f, 0xe4, 0x3f, 0xf8, 0x9f,
    0xe4, 0x3f, 0x9f, 0xfa, 0xf, 0xfe, 0xd, 0x3,
    0xff, 0x85, 0xfe, 0x43, 0xff, 0x89, 0xfe, 0x43,
    0xf3, 0xbf, 0xf8, 0x3f, 0xf8, 0x18, 0x7f, 0xf0,
    0xff, 0xc8, 0x7f, 0xf1, 0x3f, 0xc8, 0x7e, 0xd0,
    0x7f, 0xd0, 0x7f, 0xa8, 0x1f, 0xfc, 0x27, 0xfc,
    0x1f, 0xfc, 0x5f, 0xf2, 0x1f, 0x70, 0x4f, 0xfc,
    0x87, 0xf6, 0x87, 0xff, 0x9, 0xff, 0x7, 0xff,
    0x17, 0xfc, 0x87, 0x9c, 0x3a, 0xff, 0x83, 0xf3,
    0x87, 0xff, 0xd, 0xff, 0x7, 0xff, 0x17, 0xfc,
    0x1f, 0x68, 0x7b, 0xfe, 0x43, 0xea, 0x7, 0xff,
    0xe, 0xff, 0x7, 0xff, 0x16, 0xfe, 0xf, 0x38,
    0x7d, 0x7f, 0xc1, 0xf6, 0x1f, 0xfc, 0x4b, 0xfc,
    0x1f, 0xfc, 0x5b, 0xf8, 0x3d, 0xa1, 0xfb, 0xfe,
    0xf, 0x38, 0x7f, 0xf1, 0x3f, 0xe0, 0xff, 0xe2,
    0xdf, 0xc8, 0x67, 0xf, 0xef, 0xfa, 0xe, 0xd0,
    0xff, 0xe2, 0x7f, 0xc1, 0xff, 0xc5, 0xbf, 0x90,
    0xdc, 0x1f, 0xcf, 0xfa, 0xe, 0xc3, 0xff, 0x8b,
    0xfe, 0x83, 0xff, 0x8a, 0xff, 0x21, 0xb0, 0xff,
    0xbf, 0xe0, 0xce, 0x1f, 0xfc, 0x47, 0xfc, 0x87,
    0xff, 0x15, 0xfe, 0x42, 0xb0, 0xff, 0xbf, 0xe0,
    0xda, 0x1f, 0xfc, 0x4b, 0xfc, 0x87, 0xff, 0x1b,
    0xf9, 0xb, 0x43, 0xfe, 0xbf, 0xc8, 0x58, 0x7f,
    0xf1, 0x6f, 0xf0, 0x7f, 0xf1, 0xff, 0x90, 0xb0,
    0xff, 0xe0, 0x3f, 0xe4, 0xe, 0x1f, 0xfc, 0x5f,
    0xf8, 0x3f, 0xf8, 0xff, 0xc8, 0x2c, 0x3f, 0xf8,
    0x3f, 0xe8, 0x1c, 0x1f, 0xfc, 0x5f, 0xf8, 0x3f,
    0xf8, 0xff, 0xc8, 0x34, 0x3f, 0xf8, 0x3f, 0xe8,
    0x18, 0x7f, 0xf1, 0x5f, 0xf4, 0x1f, 0xfc, 0x7b,
    0xf2, 0xc, 0x3f, 0xf8, 0x5f, 0xe8, 0x70, 0xff,
    0xe2, 0xbf, 0xe4, 0x3f, 0xf8, 0xf7, 0xe4, 0x70,
    0xff, 0xe1, 0x5f, 0xe2, 0x81, 0xff, 0xc5, 0xbf,
    0xc8, 0x7f, 0xf1, 0xdf, 0xc9, 0x40, 0xff, 0xe1,
    0x3f, 0xe3, 0x43, 0xff, 0x8b, 0xff, 0x7, 0xff,
    0x16, 0x3, 0xfa, 0x34, 0x3f, 0xf8, 0x7f, 0xe3,
    0xf, 0xfe, 0x37, 0xfc, 0x1f, 0xfc, 0x5c, 0x2f,
    0xd1, 0x87, 0xff, 0x13, 0xfd, 0x61, 0xff, 0xc5,
    0x7f, 0xd0, 0x7f, 0xf1, 0x28, 0x17, 0xe9, 0xc3,
    0xff, 0x89, 0xff, 0x41, 0xff, 0xc5, 0xbf, 0xc8,
    0x7f, 0xf1, 0x34, 0x2f, 0xd3, 0x87, 0xff, 0x12,
    0xff, 0x21, 0xff, 0xc5, 0xbf, 0xc1, 0xff, 0xc4,
    0x70, 0xd7, 0xd5, 0x7, 0xff, 0x11, 0xff, 0x7,
    0xff, 0x1b, 0xfe, 0xf, 0xfe, 0x26, 0x86, 0x7e,
    0xa2, 0x1f, 0xfc, 0x5f, 0xf0, 0x7f, 0xf1, 0xbf,
    0xe0, 0xff, 0xe1, 0xb8, 0x7b, 0xf9, 0xf, 0xfe,
    0x2f, 0xf8, 0x3f, 0xf8, 0xaf, 0xfa, 0xf, 0xfe,
    0x1e, 0x87, 0xbf, 0x83, 0xff, 0x8d, 0xfe, 0xf,
    0xfe, 0x2d, 0xfe, 0x43, 0xff, 0x84, 0xe1, 0xf5,
    0xf8, 0x3f, 0xf8, 0xcf, 0xf0, 0x7f, 0xf1, 0x6f,
    0xf0, 0x7f, 0xf0, 0xf8, 0x3e, 0xbf, 0x7, 0xff,
    0x1d, 0xf9, 0xf, 0xfe, 0x2f, 0xfc, 0x1f, 0xfc,
    0x27, 0xf, 0xef, 0xc1, 0xff, 0xc9, 0x43, 0xff,
    0x8f, 0xfe, 0x83, 0xff, 0x85, 0xc1, 0xfd, 0xf8,
    0x3f, 0xfb, 0x8f, 0xf9, 0xf, 0xfe, 0xb, 0x87,
    0xfa, 0xf8, 0x3f, 0xfb, 0x8f, 0xf8, 0x3f, 0xf8,
    0x5c, 0x1f, 0xe7, 0xd0, 0x7f, 0xf7, 0x2f, 0xf0,
    0x7f, 0xf0, 0x5c, 0x3f, 0xf8, 0x1e, 0x83, 0xff,
    0xb9, 0xff, 0x7, 0xff, 0x7, 0x43, 0xff, 0x81,
    0xe8, 0x3f, 0xfb, 0x9f, 0xe8, 0x3f, 0xf8, 0xe,
    0x1f, 0xfc, 0x1b, 0x83, 0xff, 0xb9, 0xfe, 0x43,
    0xff, 0x81, 0xa1, 0xff, 0xc1, 0x78, 0x3f, 0xfb,
    0x9f, 0xe0, 0xff, 0xe0, 0x58, 0x7f, 0xf0, 0xf4,
    0x3f, 0xfb, 0x9f, 0xe0, 0xff, 0xe0, 0x68, 0x7f,
    0xf0, 0xd0, 0xff, 0xee, 0xff, 0x83, 0xfe, 0xb0,
    0xff, 0xf7, 0x7f, 0x83, 0xfe, 0xc3, 0xff, 0xdf,
    0xfd, 0x7, 0xfb, 0x83, 0xff, 0xdf, 0xfd, 0x7,
    0xf5, 0x87, 0xff, 0xc2, 0xfd, 0x7, 0xf6, 0x87,
    0xff, 0xc7, 0xf4, 0x1f, 0xb8, 0x3f, 0xfe, 0x5f,
    0xa0, 0xfa, 0xc3, 0xff, 0xe6, 0xfe, 0xf, 0x58,
    0x7f, 0xfd, 0x6f, 0x83, 0xac, 0x3f, 0xfe, 0xf7,
    0xa0, 0x3e, 0xf, 0xff, 0xd5, 0xf9, 0xf, 0xff,
    0xf8, 0x7f, 0xf2, 0x0,

    /* U+004E "N" */
    0xa, 0xa4, 0x3f, 0xfc, 0x7f, 0xe4, 0x3f, 0xf8,
    0xb7, 0xe4, 0x3f, 0xf9, 0x5f, 0xe8, 0x3f, 0xf8,
    0x77, 0x2e, 0xf2, 0x1f, 0xfc, 0x8f, 0xf4, 0x1f,
    0xfc, 0x2f, 0x7, 0xaf, 0x21, 0xff, 0xc6, 0x7f,
    0xc8, 0x7f, 0xf0, 0x1e, 0xf, 0xaf, 0x90, 0xff,
    0xe2, 0xbf, 0xe4, 0x3f, 0xf8, 0x1c, 0x1f, 0xbf,
    0x83, 0xff, 0x8a, 0xff, 0x83, 0xff, 0x81, 0xc1,
    0xfd, 0xfc, 0x87, 0xff, 0x12, 0xff, 0x7, 0xfd,
    0xc1, 0xfe, 0xff, 0x7, 0xff, 0x12, 0xff, 0x7,
    0xf9, 0xc3, 0xfe, 0xff, 0x7, 0xff, 0x12, 0xff,
    0x7, 0xfb, 0x43, 0xfe, 0xff, 0x7, 0xff, 0x13,
    0xfe, 0xf, 0xea, 0x7, 0xfc, 0xff, 0x90, 0xff,
    0xe1, 0xff, 0xa0, 0xfe, 0xc3, 0xff, 0x80, 0xff,
    0x90, 0xff, 0xe1, 0xff, 0xa0, 0xfd, 0x40, 0xff,
    0xe0, 0x5f, 0xe4, 0x3f, 0xf8, 0x7f, 0xe8, 0x3f,
    0x61, 0xff, 0xc1, 0xbf, 0xc8, 0x7f, 0xf0, 0xff,
    0xc8, 0x7d, 0x40, 0xff, 0xe0, 0xff, 0xc1, 0xff,
    0xc4, 0xff, 0x21, 0xf6, 0x1f, 0xfc, 0x2f, 0xf8,
    0x3f, 0xf8, 0x9f, 0xe4, 0x3d, 0x61, 0xff, 0xc2,
    0xff, 0x83, 0xff, 0x89, 0xfe, 0x43, 0xda, 0x1f,
    0xfc, 0x2f, 0xf8, 0x3f, 0xf8, 0x9f, 0xe4, 0x39,
    0xc3, 0xff, 0x84, 0xff, 0xc1, 0xff, 0xc4, 0xff,
    0x7, 0xa8, 0x1f, 0xfc, 0x27, 0xfd, 0x7, 0xff,
    0x13, 0xfc, 0x1e, 0xd0, 0xff, 0xe1, 0x3f, 0xe8,
    0x3f, 0xf8, 0x9f, 0xe0, 0xe7, 0xf, 0xfe, 0x1d,
    0xfe, 0x43, 0xff, 0x89, 0xfe, 0xe, 0xb0, 0xff,
    0xe1, 0xdf, 0xe4, 0x3f, 0xf8, 0x9f, 0xe0, 0xed,
    0xf, 0xfe, 0x1f, 0xfc, 0x1f, 0xfc, 0x5f, 0xf0,
    0x76, 0x1f, 0xfc, 0x4f, 0xf8, 0x3f, 0xf8, 0xbf,
    0xe0, 0xce, 0x1f, 0xfc, 0x4f, 0xf8, 0x3f, 0xf8,
    0xbf, 0xe0, 0xd4, 0xf, 0xfe, 0x27, 0xfc, 0x1f,
    0xfc, 0x5b, 0xf8, 0x36, 0x87, 0xff, 0xd, 0xff,
    0x41, 0xff, 0xc5, 0xbf, 0x83, 0x61, 0xff, 0xc4,
    0x7f, 0xd0, 0x7f, 0xf1, 0x6f, 0xe0, 0x9c, 0x3f,
    0xf8, 0x8f, 0xf9, 0xf, 0xfe, 0x2b, 0xfc, 0x15,
    0x3, 0xff, 0x89, 0x7f, 0x90, 0xff, 0xe2, 0xbf,
    0xc1, 0x68, 0x7f, 0xf1, 0x2f, 0xf0, 0x7f, 0xf1,
    0xff, 0x82, 0xd0, 0xff, 0xe2, 0x7f, 0xc1, 0xff,
    0xc7, 0xfe, 0x41, 0x87, 0xff, 0x17, 0xfe, 0xf,
    0xfe, 0x3f, 0xf2, 0x38, 0x7f, 0xf1, 0x7f, 0xe0,
    0xff, 0xe3, 0xff, 0x23, 0x87, 0xff, 0x17, 0xfd,
    0x7, 0xff, 0x1e, 0xfc, 0x94, 0xf, 0xfe, 0x2f,
    0xfa, 0xf, 0xfe, 0x3d, 0xf9, 0x34, 0x3f, 0xf8,
    0x8f, 0xf9, 0xf, 0xfe, 0x1a, 0x13, 0xf9, 0x34,
    0x3f, 0xf8, 0x8f, 0xf9, 0xf, 0xfe, 0x1e, 0x1b,
    0xf2, 0x61, 0xff, 0xc5, 0x7f, 0xc1, 0xff, 0xc4,
    0xc3, 0x7e, 0x4c, 0x3f, 0xf8, 0xb7, 0xf8, 0x3f,
    0xf8, 0x6e, 0x1b, 0xf4, 0xe1, 0xff, 0xc5, 0xbf,
    0xc1, 0xff, 0xc3, 0xa0, 0x6b, 0xe9, 0xc3, 0xff,
    0x8b, 0x7f, 0x83, 0xff, 0x87, 0x40, 0xcf, 0xd5,
    0x7, 0xff, 0x17, 0xfd, 0x7, 0xff, 0xf, 0x43,
    0xbe, 0xa8, 0x3f, 0xf8, 0xbf, 0xe8, 0x3f, 0xf8,
    0x78, 0x7b, 0xeb, 0x43, 0xff, 0x8b, 0xfe, 0x43,
    0xff, 0x84, 0xe1, 0xeb, 0xf2, 0x1f, 0xfc, 0x5f,
    0xf2, 0x1f, 0xfc, 0x27, 0xf, 0x3f, 0x90, 0xff,
    0xe2, 0xff, 0x90, 0xff, 0xe1, 0x50, 0x3e, 0xfc,
    0x1f, 0xfc, 0x6f, 0xf0, 0x7f, 0xf0, 0xf4, 0x3e,
    0xfc, 0x1f, 0xfc, 0x6f, 0xf0, 0x7f, 0xf0, 0xf0,
    0xfd, 0x7c, 0x1f, 0xfc, 0x6f, 0xf0, 0x7f, 0xf0,
    0x9c, 0x3f, 0x3f, 0x7, 0xff, 0x1b, 0xfc, 0x1f,
    0xfc, 0x2b, 0xf, 0xef, 0x83, 0xff, 0x8d, 0xfe,
    0xf, 0xfe, 0x15, 0x3, 0xfb, 0xe0, 0xff, 0xe3,
    0x7f, 0x83, 0xff, 0x85, 0xa1, 0xfd, 0x78, 0x3f,
    0xf8, 0xd7, 0xf0, 0x7f, 0xf0, 0xb0, 0xff, 0xbc,
    0x1f, 0xfc, 0x6b, 0xf8, 0x3f, 0xf8, 0x2e, 0x1f,
    0xf7, 0x7, 0xff, 0x1a, 0xfe, 0xf, 0xfe, 0xd,
    0x3, 0xff, 0xa6, 0xff, 0x7, 0xff, 0x7, 0x43,
    0xff, 0xa9, 0xfc, 0x1f, 0xfc, 0x7, 0xf, 0xfe,
    0xaf, 0xf0, 0x7f, 0xf0, 0x2c, 0x3f, 0xfa, 0xb7,
    0xe0, 0xff, 0xe0, 0x68, 0x7f, 0xf5, 0x5f, 0xc1,
    0xff, 0xc0, 0xc3, 0xff, 0xaf, 0xf8, 0x3f, 0xe7,
    0xf, 0xfe, 0xbd, 0xf0, 0x7f, 0xda, 0x1f, 0xfd,
    0x8f, 0x90, 0xfe, 0x70, 0xff, 0xec, 0xde, 0x83,
    0xfb, 0x83, 0xff, 0xb5, 0xf0, 0x7e, 0x70, 0xff,
    0xee, 0x79, 0xf, 0xb4, 0x3f, 0xfb, 0xbe, 0xf,
    0x68, 0x7f, 0xf7, 0xfc, 0x15, 0xc1, 0xff, 0xe1,
    0xfe, 0x43, 0xff, 0xe6,

    /* U+004F "O" */
    0xf, 0xfe, 0x33, 0x4f, 0xf4, 0x87, 0xff, 0x5d,
    0xfa, 0x8a, 0x2, 0xaf, 0xa0, 0xff, 0xe9, 0x3e,
    0x90, 0xff, 0xe0, 0x3e, 0x83, 0xff, 0x9c, 0xf9,
    0xf, 0xfe, 0x35, 0xa1, 0xff, 0xcb, 0xb4, 0x3f,
    0xf9, 0x2f, 0x7, 0xff, 0x27, 0xc1, 0xff, 0xcd,
    0xb0, 0xff, 0xe3, 0xf0, 0x7f, 0xf3, 0xec, 0x3f,
    0xf8, 0xbc, 0x1f, 0xfd, 0x17, 0xf, 0xfe, 0x1f,
    0x7, 0xff, 0x4e, 0xc3, 0xff, 0x83, 0x61, 0xff,
    0xd5, 0xb0, 0xff, 0x9c, 0x3f, 0xfa, 0xfc, 0x1f,
    0xee, 0xf, 0xfe, 0xbb, 0x87, 0xf5, 0x87, 0xff,
    0x66, 0xc3, 0xf6, 0x87, 0xff, 0x6b, 0x43, 0xce,
    0x1f, 0xfd, 0xbb, 0xf, 0x70, 0x7f, 0xf7, 0x30,
    0xf6, 0x87, 0xff, 0x72, 0x81, 0x9c, 0x3f, 0xfb,
    0xae, 0x1a, 0x81, 0xff, 0xde, 0xd0, 0xa8, 0x1f,
    0xfd, 0xea, 0x5, 0xa1, 0xff, 0xde, 0x70, 0xb0,
    0xff, 0xf0, 0x61, 0x61, 0xff, 0xe0, 0xd0, 0x61,
    0xff, 0xe0, 0xa0, 0x30, 0xf9, 0xfe, 0x83, 0xff,
    0xa5, 0x40, 0x61, 0xf7, 0xfd, 0x7, 0xff, 0x45,
    0xc1, 0x87, 0x9f, 0xfc, 0x1f, 0xfd, 0x17, 0x6,
    0x87, 0x7f, 0xe8, 0x3f, 0xfa, 0x2e, 0xd, 0xe,
    0xff, 0xd0, 0x7f, 0xf4, 0xb0, 0x50, 0x33, 0xff,
    0x90, 0xff, 0xe9, 0x60, 0x70, 0xd7, 0xfe, 0xf,
    0xfe, 0x9e, 0x16, 0x1b, 0xff, 0x83, 0xff, 0xa7,
    0x85, 0xa1, 0x7f, 0xf0, 0x7f, 0xf4, 0xf0, 0x9c,
    0x2f, 0xfd, 0x7, 0xff, 0x49, 0xc3, 0x68, 0xff,
    0xe8, 0x3f, 0xfa, 0x4e, 0x1a, 0xc7, 0xff, 0x21,
    0xff, 0xd2, 0x70, 0xed, 0x5f, 0xf9, 0xf, 0xfe,
    0x95, 0x3, 0xae, 0xff, 0xc8, 0x7f, 0xf4, 0xb4,
    0x3d, 0xff, 0xe0, 0xff, 0xe9, 0xe8, 0x79, 0xff,
    0xe0, 0xff, 0xe9, 0xe1, 0xfa, 0xff, 0xc1, 0xff,
    0xd2, 0x70, 0xfd, 0x7f, 0xe0, 0xff, 0xe9, 0x50,
    0x3f, 0x5f, 0xf8, 0x3f, 0xfa, 0x5a, 0x1f, 0xaf,
    0xfc, 0x1f, 0xfd, 0x2c, 0x3f, 0x9f, 0xfc, 0x1f,
    0xfd, 0x1a, 0x7, 0xf3, 0xff, 0xd2, 0x83, 0xcc,
    0x1f, 0xfc, 0x5d, 0xf, 0xf7, 0xfe, 0x69, 0xff,
    0xa4, 0x3f, 0xf8, 0x6e, 0x1f, 0xf7, 0xfe, 0x43,
    0xff, 0x9f, 0xc1, 0xff, 0x5f, 0xf2, 0x1f, 0xfc,
    0xfc, 0x3f, 0xf8, 0xf, 0xfc, 0x87, 0xff, 0x3a,
    0x81, 0xff, 0xc1, 0xff, 0xa0, 0xff, 0xe7, 0x61,
    0xff, 0xc2, 0xff, 0xa0, 0xff, 0xe6, 0xf0, 0x7f,
    0xf0, 0x9f, 0xf8, 0x3f, 0xf9, 0x8e, 0x1f, 0xfc,
    0x4f, 0xf8, 0x3f, 0xf9, 0x9a, 0x1f, 0xfc, 0x47,
    0xfc, 0x87, 0xff, 0x2a, 0xc3, 0xff, 0x8d, 0xfe,
    0x83, 0xff, 0x92, 0xe1, 0xff, 0xc7, 0x7f, 0xc1,
    0xff, 0xc9, 0xd0, 0xff, 0xe4, 0x5f, 0xc8, 0x7f,
    0xf1, 0xf8, 0x3f, 0xf9, 0x5f, 0xe0, 0xff, 0xe3,
    0x70, 0x7f, 0xf3, 0x3f, 0x90, 0xff, 0xe2, 0x70,
    0x7f, 0xf3, 0x5f, 0xe0, 0xff, 0xe1, 0x3c, 0x1f,
    0xfd, 0xf, 0xe0, 0xff, 0xe0, 0x5a, 0x1f, 0xfd,
    0x2f, 0xe0, 0xfe, 0xbc, 0x1f, 0xfd, 0x57, 0xf2,
    0x12, 0xaf, 0x21, 0xff, 0xd8, 0x6f, 0xfa, 0x43,
    0xff, 0xf0,

    /* U+0050 "P" */
    0xf, 0xfe, 0x62, 0xc1, 0xff, 0xd1, 0xbf, 0xc1,
    0xff, 0xce, 0xf3, 0xfe, 0x43, 0xff, 0x97, 0xe0,
    0x5f, 0xe0, 0xff, 0xe5, 0x70, 0x4f, 0xfc, 0x1f,
    0xcb, 0x83, 0xef, 0x7, 0x7f, 0xc8, 0x79, 0xff,
    0x21, 0xac, 0x3d, 0xff, 0x41, 0xef, 0xfc, 0x13,
    0xa1, 0xef, 0xfc, 0x1e, 0xff, 0xc1, 0x70, 0x7d,
    0xff, 0x83, 0xdf, 0xf9, 0x2c, 0x3f, 0x7f, 0xe0,
    0xf7, 0xfe, 0x4d, 0xf, 0xdf, 0xf9, 0xe, 0xbf,
    0xe6, 0xc3, 0xfb, 0xff, 0x21, 0xd7, 0xfd, 0x68,
    0x7f, 0x7f, 0xe8, 0x39, 0xff, 0xe0, 0xff, 0x7f,
    0xe8, 0x39, 0xff, 0xd0, 0x7f, 0xbf, 0xf4, 0x1e,
    0xff, 0xc8, 0x7f, 0xbf, 0xf4, 0x1e, 0xff, 0xc1,
    0xff, 0x7f, 0xe8, 0x3d, 0xff, 0x41, 0xfe, 0x7f,
    0xf4, 0x1e, 0xff, 0xa0, 0xff, 0x3f, 0xfa, 0xf,
    0x7f, 0xd0, 0x7f, 0xaf, 0xfc, 0x87, 0xaf, 0xf4,
    0x1f, 0xeb, 0xff, 0x21, 0xeb, 0xfd, 0x7, 0xfb,
    0xff, 0x83, 0xeb, 0xfd, 0x7, 0xfb, 0xff, 0x83,
    0xca, 0xff, 0x41, 0xfe, 0xff, 0xe0, 0xee, 0x7f,
    0xd0, 0x7f, 0x3f, 0xfa, 0xd, 0xe0, 0x7f, 0xa0,
    0xfe, 0xbf, 0xf0, 0x67, 0xb, 0xfd, 0x7, 0xf7,
    0xff, 0x6, 0xd0, 0xbf, 0xc8, 0x7f, 0x7f, 0xe8,
    0x27, 0xd, 0xfe, 0x43, 0xf3, 0xff, 0x83, 0x70,
    0x6f, 0xf2, 0x1f, 0xaf, 0xfa, 0xd, 0xa1, 0xbf,
    0xc8, 0x7e, 0xff, 0xc1, 0xd8, 0x75, 0xfc, 0x87,
    0xcf, 0xfd, 0x6, 0x70, 0xeb, 0xf9, 0xf, 0xaf,
    0xf8, 0x39, 0xc3, 0xaf, 0xe4, 0x3e, 0xff, 0x90,
    0xf6, 0x1c, 0xff, 0x7, 0xcf, 0xfa, 0xf, 0xb4,
    0x33, 0xfc, 0x1f, 0x5f, 0xe0, 0xfd, 0xc1, 0x9f,
    0xe0, 0xfb, 0xfc, 0x1f, 0xce, 0x19, 0xfe, 0xf,
    0x7f, 0x41, 0xff, 0x78, 0x37, 0xf0, 0x73, 0xfa,
    0xf, 0xfe, 0xf, 0x5, 0xfc, 0x1d, 0xf9, 0xf,
    0xfe, 0x13, 0xe0, 0x7f, 0x6, 0xf9, 0xf, 0xfe,
    0x37, 0xaf, 0xe6, 0xf9, 0xf, 0xfe, 0x4b, 0xff,
    0x90, 0xff, 0xe7, 0x7e, 0x83, 0xff, 0xa3, 0xfa,
    0xf, 0xfe, 0x8d, 0xf4, 0x1f, 0xfd, 0x1b, 0xe8,
    0x3f, 0xfa, 0x37, 0xc8, 0x7f, 0xf4, 0x6f, 0x90,
    0xff, 0xe8, 0xdf, 0x21, 0xff, 0xd1, 0x7e, 0x43,
    0xff, 0xa2, 0xfc, 0x1f, 0xfd, 0x27, 0xe0, 0xff,
    0xe9, 0x3f, 0x7, 0xff, 0x49, 0xf8, 0x3f, 0xfa,
    0x4f, 0xc1, 0xff, 0xd3, 0xf8, 0x3f, 0xfa, 0x7f,
    0x7, 0xff, 0x4f, 0xe0, 0xff, 0xe9, 0xfa, 0xf,
    0xfe, 0x9f, 0xa0, 0xff, 0xe9, 0xfa, 0xf, 0xfe,
    0x9f, 0xa0, 0xff, 0xe9, 0xfa, 0xf, 0xfe, 0x9f,
    0x90, 0xff, 0xe9, 0xf9, 0xf, 0xfe, 0x9f, 0x90,
    0xff, 0xe9, 0xf9, 0xf, 0xfe, 0x9f, 0x83, 0xff,
    0xa9, 0xe0, 0xff, 0xea, 0x78, 0x3f, 0xfa, 0x9e,
    0xf, 0xfe, 0xa7, 0x83, 0xff, 0xa9, 0xe0, 0xff,
    0xea, 0x78, 0x3f, 0xfa, 0x9e, 0xf, 0xfe, 0xa7,
    0x7, 0xff, 0x53, 0x83, 0xff, 0xa9, 0xc1, 0xff,
    0xd4, 0xe0, 0xff, 0xea, 0x68, 0x7f, 0xf2, 0xc0,

    /* U+0051 "Q" */
    0xf, 0xff, 0x6b, 0x7f, 0xa4, 0x3f, 0xfa, 0x6f,
    0xd2, 0xf5, 0x3d, 0x7, 0xff, 0x43, 0xd2, 0x1f,
    0xe7, 0xd0, 0x7f, 0xf3, 0x1f, 0x7, 0xff, 0xd,
    0xf2, 0x1f, 0xfc, 0x9b, 0x83, 0xff, 0x8d, 0x70,
    0x7f, 0xf1, 0xed, 0xf, 0xfe, 0x43, 0xc1, 0xff,
    0xc5, 0xb4, 0x3f, 0xf9, 0x4f, 0x7, 0xff, 0xd,
    0xd0, 0xff, 0xe6, 0x3a, 0x1f, 0xfc, 0x2e, 0xf,
    0xfe, 0x75, 0x87, 0xff, 0x6, 0xc3, 0xff, 0xa1,
    0xc1, 0xff, 0xc0, 0xe0, 0xff, 0xe8, 0xe8, 0x7f,
    0xac, 0x3f, 0xfa, 0x56, 0x1f, 0xee, 0xf, 0xfe,
    0x9e, 0x87, 0xf6, 0x87, 0xff, 0x4e, 0x81, 0xf9,
    0xc3, 0xff, 0xa8, 0xe1, 0xfa, 0xc3, 0xff, 0xab,
    0xa1, 0xf5, 0x3, 0xff, 0xab, 0xc1, 0xf6, 0x87,
    0xff, 0x56, 0xc3, 0xed, 0xf, 0xfe, 0xab, 0x87,
    0xda, 0x1f, 0xfd, 0x57, 0xf, 0xb4, 0x27, 0xa2,
    0x83, 0xff, 0x9b, 0x87, 0xda, 0x17, 0xf9, 0xf,
    0xfe, 0x66, 0x1f, 0x70, 0x2f, 0xf0, 0x7f, 0xf3,
    0x74, 0x3d, 0x40, 0x7f, 0xc1, 0xff, 0xcd, 0xc3,
    0xe7, 0x7, 0xf9, 0xf, 0xfe, 0x6e, 0x1f, 0xb1,
    0xff, 0x7, 0xff, 0x35, 0xc3, 0xf6, 0xdf, 0xe0,
    0xff, 0xe6, 0xb8, 0x7e, 0xbb, 0xfc, 0x1f, 0xfc,
    0xd7, 0xf, 0xef, 0xfa, 0xf, 0xfe, 0x6d, 0x87,
    0xf5, 0xfe, 0x43, 0xff, 0x9b, 0xc1, 0xfe, 0xff,
    0x21, 0xff, 0xcd, 0xe0, 0xff, 0x7f, 0x83, 0xff,
    0x9d, 0xa1, 0xfc, 0xff, 0x90, 0xff, 0xe6, 0x38,
    0x7f, 0x9f, 0xff, 0xa0, 0xff, 0xe3, 0xd8, 0x7f,
    0xaf, 0xf0, 0x7f, 0xf3, 0x78, 0x3f, 0xd7, 0xf8,
    0x3f, 0xf9, 0xba, 0x1f, 0xeb, 0xfc, 0x1f, 0xfc,
    0xc7, 0xf, 0xfa, 0xff, 0x7, 0xff, 0x32, 0xc3,
    0xfe, 0xbf, 0xc1, 0xff, 0xcc, 0xe0, 0xff, 0xaf,
    0xf0, 0x7f, 0xf3, 0x34, 0x3f, 0xeb, 0xfc, 0x1f,
    0xfc, 0xbb, 0xf, 0xfe, 0x5, 0xfe, 0xf, 0xfe,
    0x5e, 0x87, 0xff, 0x1, 0xff, 0x7, 0xff, 0x29,
    0xc3, 0xff, 0x82, 0xff, 0x83, 0xff, 0x95, 0xc1,
    0xff, 0xc2, 0xff, 0x21, 0xff, 0xc8, 0xb0, 0xff,
    0xe1, 0xff, 0x90, 0xff, 0xe4, 0x68, 0x7f, 0xf0,
    0xef, 0xe8, 0x3f, 0xf8, 0xfe, 0xf, 0xfe, 0x23,
    0xfe, 0xf, 0xfe, 0x35, 0x87, 0xff, 0x1b, 0xfc,
    0x1f, 0xfc, 0x57, 0x43, 0xff, 0x8d, 0x7f, 0x21,
    0x5f, 0xa4, 0x39, 0xe0, 0xff, 0xe4, 0x7f, 0x40,
    0xf4, 0xb5, 0xe4, 0xf, 0x7, 0xff, 0x26, 0xfe,
    0x18, 0x3e, 0xb9, 0xe0, 0xff, 0xe5, 0xff, 0x7,
    0xfc, 0xfa, 0xf, 0xfe, 0x6f, 0xe8, 0x3f, 0xdf,
    0x90, 0xff, 0xe1, 0xc1, 0xf9, 0xfc, 0x1f, 0x37,
    0x2, 0xd0, 0xff, 0xe0, 0xb8, 0x7f, 0xbe, 0x42,
    0x6f, 0x48, 0x6b, 0x83, 0xff, 0x81, 0xc1, 0xff,
    0x3f, 0xf4, 0x1f, 0x9f, 0x21, 0xf9, 0xe0, 0xff,
    0xe2, 0x21, 0xff, 0xc2, 0xbd, 0x21, 0x37, 0x7,
    0xff, 0x59, 0xff, 0x48, 0x7f, 0xf6, 0xd0, 0xfc,

    /* U+0052 "R" */
    0xf, 0xfe, 0x43, 0x4f, 0xf4, 0x87, 0xff, 0x5d,
    0xbf, 0xff, 0x84, 0x87, 0xff, 0x49, 0xf4, 0x87,
    0x9b, 0xfe, 0x43, 0xff, 0x9c, 0xfa, 0xf, 0xfe,
    0x5, 0xff, 0x7, 0xff, 0x33, 0xd0, 0x7f, 0xf0,
    0xef, 0xf8, 0x3f, 0xf9, 0x2f, 0x83, 0xff, 0x8d,
    0x7f, 0xc1, 0xff, 0xc7, 0xb4, 0x3f, 0xf9, 0x1f,
    0xf8, 0x3f, 0xf8, 0xbe, 0x43, 0xff, 0x95, 0xff,
    0x41, 0xff, 0xc2, 0x7c, 0x1f, 0xfc, 0xcb, 0xfe,
    0xf, 0xfe, 0xb, 0xc1, 0xff, 0xcd, 0x7f, 0xe8,
    0x3f, 0xe7, 0x83, 0xff, 0x9f, 0xff, 0x83, 0xfe,
    0xe0, 0xff, 0xe8, 0x5f, 0xf0, 0x7f, 0xbc, 0x1f,
    0xfd, 0x1b, 0xfe, 0x43, 0xf5, 0x87, 0xff, 0x49,
    0xff, 0x90, 0xf9, 0xd0, 0xff, 0xe9, 0x3f, 0xf4,
    0x1f, 0x58, 0x7f, 0xf4, 0xdf, 0xfa, 0xf, 0xb4,
    0x3f, 0xfa, 0x6f, 0xfd, 0x7, 0x9c, 0x3f, 0xfa,
    0x8f, 0xfc, 0x87, 0x9c, 0x3f, 0xfa, 0x8f, 0xfc,
    0x87, 0xac, 0x3f, 0xfa, 0x97, 0xfc, 0x1f, 0x38,
    0x79, 0xbd, 0x7, 0xff, 0x27, 0xff, 0x7, 0xff,
    0x9, 0xfe, 0x43, 0xff, 0x91, 0xff, 0x41, 0xff,
    0xc2, 0xff, 0x41, 0xff, 0xc7, 0x7f, 0xe0, 0xff,
    0xe1, 0xff, 0xa0, 0xff, 0xe3, 0xdf, 0xe8, 0x3f,
    0xf8, 0x7f, 0xe8, 0x3f, 0xf8, 0xff, 0xf0, 0x7f,
    0xf1, 0x3f, 0xd0, 0x7f, 0xf1, 0x9f, 0xf4, 0x1f,
    0xfc, 0x4f, 0xf4, 0x1f, 0xfc, 0x6f, 0xf8, 0x3f,
    0xf8, 0xbf, 0xe8, 0x3f, 0xf8, 0xaf, 0xf8, 0x3f,
    0xf8, 0xd7, 0xf2, 0x1f, 0xfc, 0x5f, 0xf2, 0x1f,
    0xfc, 0x6b, 0xf9, 0xf, 0xfe, 0x25, 0xfc, 0x87,
    0xff, 0x1e, 0xfe, 0x43, 0xff, 0x86, 0xff, 0x21,
    0xff, 0xc8, 0xbf, 0x90, 0xff, 0xe1, 0xff, 0x21,
    0xff, 0xc9, 0xbf, 0x90, 0xff, 0xe1, 0x7f, 0x21,
    0xff, 0xca, 0xff, 0x21, 0xff, 0xc1, 0xfe, 0xf,
    0xfe, 0x5f, 0xfe, 0xf, 0xfe, 0x7, 0xe8, 0x3f,
    0xf9, 0x77, 0x7f, 0xc1, 0xfe, 0xfc, 0x87, 0xff,
    0x32, 0xaf, 0xe2, 0xc3, 0xe7, 0xe4, 0x3f, 0xf9,
    0xd7, 0x7f, 0x3, 0x83, 0x3f, 0x21, 0xff, 0xd1,
    0xff, 0x82, 0xe7, 0xe9, 0xf, 0xfe, 0xa7, 0xfa,
    0x9f, 0xa4, 0x3f, 0xfa, 0xef, 0xfa, 0x8f, 0x83,
    0xff, 0xb2, 0xff, 0x7, 0x68, 0x7f, 0xf6, 0x1f,
    0xd0, 0x75, 0x87, 0xff, 0x61, 0xfd, 0x7, 0xb8,
    0x3f, 0xfa, 0xef, 0xe8, 0x3c, 0xe1, 0xff, 0xd7,
    0x7f, 0x41, 0xf7, 0x7, 0xff, 0x59, 0xfc, 0x87,
    0xed, 0xf, 0xfe, 0xab, 0xf9, 0xf, 0xd6, 0x1f,
    0xfd, 0x57, 0xf2, 0x1f, 0xda, 0x1f, 0xfd, 0x47,
    0xf0, 0x7f, 0xac, 0x3f, 0xfa, 0x8f, 0xe0, 0xff,
    0xb8, 0x3f, 0xfa, 0x6f, 0xe0, 0xff, 0x9c, 0x3f,
    0xfa, 0x6f, 0xe0, 0xff, 0xe0, 0x70, 0x7f, 0xf4,
    0x9f, 0xa0, 0xff, 0xe0, 0x3a, 0x1f, 0xfd, 0x17,
    0xe8, 0x3f, 0xf8, 0x36, 0x1f, 0xfd, 0x17, 0xe8,
    0x3f, 0xf8, 0x5a, 0x1f, 0xfd, 0x7, 0xe4, 0x3f,
    0xf8, 0x56, 0x1f, 0xfd, 0x7, 0xe4, 0x3f, 0xf8,
    0x7c, 0x1f, 0xfc, 0xf7, 0xe0, 0xff, 0xe2, 0xe8,
    0x7f, 0xf3, 0x9f, 0x83, 0xff, 0x8b, 0x61, 0xff,
    0xce, 0x7e, 0xf, 0xfe, 0x37, 0x83, 0xff, 0x9a,
    0xfa, 0xf, 0xfe, 0x3f, 0x7, 0xff, 0x32, 0xf2,
    0x1f, 0xfc, 0x77, 0x43, 0xff, 0x97, 0x79, 0xf,
    0xfe, 0x43, 0xa1, 0xff, 0xca, 0xbc, 0x1f, 0xfc,
    0xa7, 0x43, 0xff, 0x93, 0x78, 0x3f, 0xf9, 0x6f,
    0x7, 0xff, 0x22, 0xf0, 0x7f, 0xf3, 0x1f, 0x7,
    0xff, 0x1e, 0xe0, 0xff, 0xe7, 0x7a, 0xf, 0xd4,
    0xf, 0xbc, 0x87, 0xff, 0x3d, 0xf4, 0x86, 0x74,
    0x3e, 0xf0, 0x7f, 0xf4, 0x9f, 0xf9, 0xf, 0xde,
    0xf, 0xfe, 0xb2, 0x83, 0xfe, 0xe0, 0xff, 0xf1,
    0xf0, 0x7f, 0xf8, 0x9d, 0xf, 0xff, 0x13, 0x87,
    0xff, 0x74,

    /* U+0053 "S" */
    0xf, 0xff, 0xb3, 0x7f, 0xa4, 0x3f, 0xfa, 0x4f,
    0xff, 0xf0, 0x10, 0xff, 0xe7, 0xdf, 0xe9, 0xd,
    0x70, 0x7f, 0xf3, 0x7f, 0xe4, 0x3f, 0x78, 0x3f,
    0xf9, 0x7f, 0xf0, 0x7f, 0xde, 0xf, 0xfe, 0x4f,
    0xfc, 0x1f, 0xfc, 0x1e, 0xf, 0xfe, 0x3d, 0xfe,
    0x83, 0xff, 0x82, 0xe1, 0xff, 0xc6, 0x7f, 0xe0,
    0xff, 0xe1, 0xf0, 0x7f, 0xf1, 0x7f, 0xe8, 0x3f,
    0xf8, 0x6e, 0x1f, 0xfc, 0x5f, 0xf8, 0x3f, 0xf8,
    0xba, 0x1f, 0xfc, 0x3b, 0xfe, 0xf, 0xfe, 0x2e,
    0x87, 0xff, 0xf, 0xfe, 0x83, 0xff, 0x8b, 0xc1,
    0xff, 0xc3, 0xff, 0x90, 0xff, 0xe2, 0xd0, 0x3f,
    0xf8, 0x4f, 0xfc, 0x87, 0xff, 0x17, 0x83, 0xff,
    0x85, 0x7f, 0xc1, 0xff, 0xc6, 0xe0, 0xff, 0xe1,
    0x5f, 0xf0, 0x7f, 0xf1, 0xb4, 0x3f, 0xf8, 0x57,
    0xfc, 0x1f, 0xfc, 0x57, 0xf, 0xfe, 0x1d, 0xff,
    0x7, 0xff, 0x17, 0x83, 0xff, 0x87, 0x7f, 0xc1,
    0xff, 0xc4, 0x70, 0xff, 0xe2, 0x5f, 0xf0, 0x7f,
    0xf1, 0x38, 0x3f, 0xf8, 0x8f, 0xfc, 0x1f, 0xfc,
    0x3f, 0x7, 0xff, 0x15, 0xff, 0x83, 0xff, 0x85,
    0xe0, 0xff, 0xe3, 0xff, 0xc1, 0xff, 0xc0, 0xbc,
    0x1f, 0xfc, 0x8f, 0xf8, 0x3f, 0x9b, 0xc8, 0x7f,
    0xf2, 0x6f, 0xf0, 0x7a, 0xfa, 0x43, 0xff, 0x96,
    0xff, 0x90, 0xff, 0xeb, 0xff, 0x90, 0xff, 0xeb,
    0xdf, 0xd0, 0x7f, 0xf6, 0x3f, 0xa0, 0xff, 0xec,
    0x7f, 0x83, 0xff, 0xb0, 0xff, 0x7, 0xff, 0x67,
    0xf9, 0xf, 0xfe, 0xc3, 0xfa, 0xf, 0xfe, 0xcf,
    0xf0, 0x7f, 0xf6, 0x5f, 0xc1, 0xff, 0xda, 0xfc,
    0x87, 0xff, 0x65, 0xfa, 0xf, 0xfe, 0xd5, 0xf0,
    0x7f, 0xf6, 0xfe, 0x43, 0xff, 0xb5, 0x7a, 0xf,
    0xfe, 0xdf, 0xc1, 0xff, 0xdb, 0x7c, 0x1f, 0xfd,
    0xcf, 0x21, 0xff, 0xdb, 0x7c, 0x1f, 0xfd, 0xcb,
    0xf, 0xfe, 0xef, 0x7, 0xff, 0x72, 0xc3, 0xff,
    0xbb, 0xa1, 0xff, 0xce, 0x7e, 0x83, 0xfa, 0xc3,
    0xff, 0x9b, 0x7d, 0x78, 0x3f, 0xb4, 0x3f, 0xf9,
    0x6f, 0xe0, 0x70, 0x7e, 0xe0, 0xff, 0xe5, 0xfe,
    0x81, 0x61, 0xf9, 0xc3, 0xff, 0x94, 0xfe, 0x40,
    0xe1, 0xfd, 0xa1, 0xff, 0xc0, 0x43, 0xf5, 0xf9,
    0x5, 0x87, 0xf5, 0x3, 0xff, 0x81, 0xc1, 0xf7,
    0xf2, 0xd, 0xf, 0xeb, 0xf, 0xfe, 0x3, 0xa1,
    0xef, 0xe4, 0xb0, 0xff, 0x38, 0x7f, 0xf0, 0x6e,
    0xe, 0xfe, 0xbc, 0x1f, 0xfc, 0xc, 0x3f, 0xf8,
    0x4f, 0xa4, 0x1f, 0xe8, 0x3f, 0xf8, 0x3a, 0x1f,
    0xfc, 0x37, 0xff, 0xc1, 0xff, 0xc2, 0xd0, 0xff,
    0xe4, 0x7f, 0x90, 0xff, 0xe0, 0xe1, 0xff, 0xc9,
    0xbf, 0xc1, 0xff, 0xc0, 0x70, 0xff, 0xe4, 0xdf,
    0xe8, 0x3f, 0xee, 0xf, 0xfe, 0x57, 0xfc, 0x87,
    0xfb, 0xf, 0xfe, 0x5d, 0xff, 0x41, 0xfb, 0x83,
    0xff, 0x99, 0xff, 0xc8, 0x75, 0x87, 0xff, 0x35,
    0xff, 0xfe, 0x1a, 0x1f, 0xfc, 0xe7, 0xff, 0xf8,
    0x21, 0xff, 0xd2, 0xbf, 0xfa, 0xf, 0xfe, 0xab,
    0x7e, 0x83, 0xff, 0x8c,

    /* U+0054 "T" */
    0xf, 0xff, 0xf8, 0x7f, 0xf6, 0x1f, 0xd2, 0x1f,
    0xfe, 0xb5, 0xde, 0x83, 0xff, 0xde, 0xf8, 0x3f,
    0xfe, 0x1c, 0x1f, 0xfe, 0xfb, 0xf, 0xff, 0x86,
    0x87, 0xff, 0xbf, 0x83, 0xff, 0xdf, 0xc1, 0xff,
    0xef, 0xd0, 0xff, 0xf7, 0xe1, 0xf9, 0xbf, 0xd4,
    0x43, 0xff, 0xb8, 0xe1, 0xeb, 0xd4, 0x5e, 0xbf,
    0x41, 0xff, 0xd9, 0xd0, 0xcf, 0x7, 0xff, 0x1,
    0xbe, 0x90, 0xff, 0xea, 0x70, 0x6b, 0x43, 0xff,
    0x88, 0xdf, 0x48, 0x7f, 0xf3, 0xee, 0xc, 0xe8,
    0x7f, 0xf2, 0x3f, 0xd2, 0x1f, 0xfc, 0x86, 0xf2,
    0x1d, 0xa1, 0xff, 0xc8, 0x7f, 0xfe, 0x96, 0xf,
    0xca, 0xbe, 0x90, 0xfa, 0xf, 0xfe, 0x4b, 0xfe,
    0x85, 0x53, 0xff, 0xf8, 0x34, 0x43, 0xff, 0xa8,
    0xff, 0xa0, 0xff, 0xf4, 0xbf, 0xe4, 0x3f, 0xfd,
    0x2f, 0xf9, 0xf, 0xff, 0x4b, 0xfe, 0x43, 0xff,
    0xd3, 0x7f, 0x83, 0xff, 0xd5, 0x7f, 0x83, 0xff,
    0xd5, 0x7f, 0x83, 0xff, 0xd5, 0x7f, 0x83, 0xff,
    0xd5, 0x7f, 0x83, 0xff, 0xd5, 0x7f, 0x83, 0xff,
    0xd5, 0xff, 0x7, 0xff, 0xab, 0xfd, 0x7, 0xff,
    0xab, 0xfd, 0x7, 0xff, 0xab, 0xfd, 0x7, 0xff,
    0xab, 0xfd, 0x7, 0xff, 0xab, 0xfc, 0x87, 0xff,
    0xab, 0xfc, 0x87, 0xff, 0xab, 0xfc, 0x87, 0xff,
    0xab, 0xfc, 0x1f, 0xfe, 0xbf, 0xf0, 0x7f, 0xfa,
    0xff, 0xc1, 0xff, 0xea, 0x7f, 0xc1, 0xff, 0xea,
    0x7f, 0xc1, 0xff, 0xea, 0x7f, 0xc1, 0xff, 0xea,
    0x7f, 0xc1, 0xff, 0xea, 0x7f, 0xc1, 0xff, 0xea,
    0x7f, 0xa0, 0xff, 0xf5, 0x5f, 0xd0, 0x7f, 0xfa,
    0xaf, 0xe8, 0x3f, 0xfd, 0x57, 0xf2, 0x1f, 0xfe,
    0xab, 0xf9, 0xf, 0xff, 0x55, 0xfc, 0x87, 0xff,
    0xaa, 0xfe, 0x43, 0xff, 0xd5, 0xfe, 0xf, 0xff,
    0x5f, 0xf8, 0x3f, 0xfd, 0x7f, 0xe0, 0xff, 0xf5,
    0xff, 0x83, 0xff, 0xd7, 0xfe, 0xf, 0xff, 0x5f,
    0xf8, 0x3f, 0xfd, 0x7f, 0xd0, 0x7f, 0xfa, 0xff,
    0xa0, 0xff, 0xf5, 0xff, 0x21, 0xff, 0xeb, 0xfe,
    0xf, 0xff, 0x67, 0xf0, 0x7f, 0xfa, 0xdf, 0xe0,
    0xff, 0xf5, 0xbf, 0xa0, 0xff, 0xf5, 0xbf, 0x90,
    0xff, 0xf5, 0xbf, 0x83, 0xff, 0xc2, 0xa0, 0xfe,
    0x7f, 0x7, 0xff, 0x86, 0xc3, 0xf9, 0xf9, 0xf,
    0xff, 0xd, 0x3, 0xfa, 0xf8, 0x3f, 0xfc, 0x56,
    0x1f, 0xd7, 0x90, 0xff, 0xf1, 0x3a, 0x1f, 0xae,
    0xf, 0xff, 0x25, 0x87, 0xcf, 0x7, 0xff, 0x9b,
    0xd0, 0x4d, 0xc1, 0xff, 0xe8, 0x7f, 0xa0, 0xff,
    0xf6, 0xa1, 0xff, 0xe0,

    /* U+0055 "U" */
    0xa, 0xfd, 0x7, 0xff, 0x3d, 0xfe, 0x83, 0xff,
    0x8e, 0xff, 0xa0, 0xff, 0xe7, 0x7f, 0xd0, 0x7f,
    0xf1, 0xaf, 0xf8, 0x3f, 0xf9, 0xb7, 0xfd, 0x7,
    0xff, 0x1a, 0xff, 0x83, 0xff, 0x9b, 0x7f, 0xd0,
    0x7f, 0xf1, 0xbf, 0xf0, 0x7f, 0xf3, 0x6f, 0xfa,
    0xf, 0xfe, 0x37, 0xfe, 0xf, 0xfe, 0x6f, 0xfe,
    0x83, 0xff, 0x8d, 0xff, 0x41, 0xff, 0xcd, 0xff,
    0xc8, 0x7f, 0xf1, 0x5f, 0xfa, 0xf, 0xfe, 0x6f,
    0xfe, 0x43, 0xff, 0x8a, 0xff, 0xd0, 0x7f, 0xf3,
    0x7f, 0xf2, 0x1f, 0xfc, 0x57, 0xfe, 0x83, 0xff,
    0x9b, 0xff, 0x90, 0xff, 0xe2, 0xdf, 0xf4, 0x1f,
    0xfc, 0xdf, 0xfc, 0x87, 0xff, 0x16, 0xff, 0xa0,
    0xff, 0xe6, 0xff, 0xe0, 0xff, 0xe3, 0x7f, 0xe4,
    0x3f, 0xf9, 0x8f, 0xfe, 0xf, 0xfe, 0x37, 0xfe,
    0x43, 0xff, 0x98, 0xff, 0xe0, 0xff, 0xe3, 0x7f,
    0xe4, 0x3f, 0xf9, 0x8f, 0xfe, 0xf, 0xfe, 0x37,
    0xfe, 0x43, 0xff, 0x98, 0xff, 0xe0, 0xff, 0xe3,
    0x7f, 0xe4, 0x3f, 0xf9, 0x8f, 0xfe, 0xf, 0xfe,
    0x37, 0xfe, 0x43, 0xff, 0x98, 0xff, 0xe0, 0xff,
    0xe3, 0x7f, 0xe4, 0x3f, 0xf9, 0x97, 0xfe, 0xf,
    0xfe, 0x37, 0xfe, 0x43, 0xff, 0x99, 0x7f, 0xe0,
    0xff, 0xe3, 0x7f, 0xe4, 0x3f, 0xf9, 0x97, 0xfe,
    0xf, 0xfe, 0x37, 0xfe, 0x43, 0xff, 0x99, 0x7f,
    0xe0, 0xff, 0xe3, 0x7f, 0xe4, 0x3f, 0xf9, 0x97,
    0xfd, 0x7, 0xff, 0x1b, 0xff, 0x21, 0xff, 0xcc,
    0xbf, 0xe8, 0x3f, 0xf8, 0xdf, 0xf9, 0xf, 0xfe,
    0x65, 0xff, 0x41, 0xff, 0xc6, 0xff, 0xc8, 0x7f,
    0xf3, 0x2f, 0xfa, 0xf, 0xfe, 0x37, 0xfe, 0x43,
    0xff, 0x99, 0x7f, 0xd0, 0x7f, 0xf1, 0xbf, 0xf2,
    0x1f, 0xfc, 0xc7, 0xfe, 0x43, 0xff, 0x8d, 0xff,
    0xa0, 0xff, 0xe6, 0x5f, 0xf2, 0x1f, 0xfc, 0x6b,
    0xfe, 0x83, 0xff, 0x99, 0xff, 0x90, 0xff, 0xe3,
    0x5f, 0xf4, 0x1f, 0xfc, 0xcf, 0xfc, 0x87, 0xff,
    0x19, 0xff, 0xa0, 0xff, 0xe5, 0xbf, 0xf9, 0xf,
    0xfe, 0x33, 0xff, 0x83, 0xff, 0x97, 0x7f, 0xe0,
    0xff, 0xe3, 0xbf, 0xf8, 0x3f, 0xf9, 0x7d, 0xff,
    0x7, 0xff, 0x23, 0xff, 0x7, 0xff, 0x29, 0xcf,
    0xf8, 0x3f, 0xf9, 0x1f, 0xf8, 0x3f, 0xf9, 0x5c,
    0x7f, 0xc1, 0xff, 0xc8, 0xff, 0xc1, 0xff, 0xca,
    0xd3, 0xfe, 0xf, 0xfe, 0x45, 0xff, 0x7, 0xff,
    0x26, 0xc1, 0xff, 0x7, 0xff, 0x12, 0x80, 0xbf,
    0xe4, 0x3f, 0xf9, 0x1a, 0xf, 0xf8, 0x3f, 0xf8,
    0x9c, 0x7, 0xfe, 0x43, 0xff, 0x8f, 0x61, 0x5f,
    0xe0, 0xff, 0xe2, 0x68, 0x5f, 0xf4, 0x1f, 0xfc,
    0x7d, 0xa, 0xff, 0x7, 0xff, 0x13, 0x42, 0xff,
    0xa0, 0xff, 0xe3, 0x58, 0x67, 0xfc, 0x1f, 0xfc,
    0x37, 0xd, 0xff, 0x83, 0xff, 0x8d, 0xa1, 0x9f,
    0xe8, 0x3f, 0xf8, 0x76, 0x1a, 0xff, 0x83, 0xff,
    0x8b, 0xe0, 0xf7, 0xf4, 0x1f, 0xfc, 0x3a, 0x6,
    0x7f, 0xe0, 0xff, 0xe2, 0x58, 0x7d, 0xfd, 0x7,
    0xff, 0xf, 0x43, 0xbf, 0xe0, 0xff, 0xe1, 0xba,
    0x1f, 0x7f, 0x41, 0xff, 0xc2, 0x70, 0xf7, 0xfc,
    0x87, 0xff, 0xb, 0x83, 0xf7, 0xf4, 0x1f, 0xfc,
    0x2a, 0x7, 0x9f, 0xf2, 0x1f, 0xfc, 0x1f, 0x7,
    0xf5, 0xf9, 0xf, 0xfe, 0x16, 0x87, 0xdf, 0xe8,
    0x3f, 0xf8, 0x1e, 0xf, 0xf5, 0xf9, 0xf, 0xfe,
    0xb, 0x87, 0xeb, 0xfc, 0x1f, 0xf7, 0x83, 0xfe,
    0x7f, 0x21, 0xff, 0xc1, 0xa0, 0x7f, 0x7f, 0x83,
    0xf9, 0xe0, 0xff, 0xe0, 0x3f, 0x90, 0xff, 0xe0,
    0xe1, 0xfe, 0x7f, 0x83, 0xf5, 0xc1, 0xff, 0xc2,
    0xfc, 0x87, 0xff, 0x2, 0xc3, 0xfe, 0xbf, 0x21,
    0xd7, 0x90, 0xff, 0xe1, 0xfe, 0x43, 0xff, 0x81,
    0xa1, 0xff, 0xc0, 0x7e, 0x80, 0xde, 0x83, 0xff,
    0x8b, 0xf8, 0x3f, 0xf8, 0x16, 0x1f, 0xfc, 0x3b,
    0xfc, 0x87, 0xff, 0x1e, 0xf8, 0x3f, 0xf8, 0x1a,
    0x1f, 0xfc, 0x64, 0x3f, 0xf9, 0x6f, 0xc1, 0xff,
    0x58, 0x7f, 0xf8, 0x3e, 0x43, 0xf9, 0xc3, 0xff,
    0xc3, 0x79, 0xf, 0xee, 0xf, 0xff, 0x17, 0xa0,
    0xfd, 0x61, 0xff, 0xe3, 0xbc, 0x1f, 0x58, 0x7f,
    0xf9, 0x6d, 0xe, 0xb4, 0x3f, 0xfc, 0xd7, 0x95,
    0x79, 0xf, 0xff, 0x43, 0x7d, 0x7, 0xff, 0x0,

    /* U+0056 "V" */
    0xf, 0xff, 0xf8, 0x7f, 0xf1, 0x6f, 0xe4, 0x3f,
    0xfd, 0xb7, 0xa5, 0xaf, 0x7, 0xff, 0xaf, 0xc8,
    0x7d, 0xe4, 0x3f, 0xfd, 0x1c, 0x1f, 0xeb, 0xf,
    0xff, 0x3f, 0x7, 0xff, 0x3, 0xc1, 0xff, 0xe5,
    0xb0, 0xff, 0xe1, 0x70, 0x7f, 0xf9, 0x34, 0x3f,
    0xf8, 0x4e, 0x1f, 0xfe, 0x3b, 0xf, 0xfe, 0x27,
    0x7, 0xff, 0x8b, 0x43, 0xff, 0x89, 0x61, 0xff,
    0xe1, 0x70, 0xff, 0xe3, 0x68, 0x7f, 0xf3, 0x10,
    0xff, 0xe3, 0xd8, 0x7f, 0xf1, 0xa8, 0x1f, 0xfc,
    0xb7, 0xf, 0xfe, 0x3d, 0x3, 0xff, 0x8c, 0xe1,
    0xff, 0xcb, 0xb0, 0xff, 0xe3, 0xf0, 0x7f, 0xf1,
    0xf4, 0x3f, 0xf9, 0x5a, 0xb, 0xf4, 0x1f, 0xf7,
    0x7, 0xff, 0x1f, 0x83, 0xff, 0x92, 0xe0, 0x7f,
    0xe0, 0xff, 0x70, 0x7f, 0xf1, 0xe8, 0x1f, 0xfc,
    0x9e, 0x3, 0xff, 0x7, 0xfa, 0x81, 0xff, 0xc7,
    0xb0, 0xff, 0xe4, 0xe8, 0x1f, 0xf8, 0x3f, 0xd6,
    0x1f, 0xfc, 0x77, 0xf, 0xfe, 0x47, 0x82, 0x7f,
    0xe0, 0xff, 0x38, 0x7f, 0xf2, 0x30, 0xff, 0xe3,
    0xb8, 0x67, 0xfe, 0xf, 0xfb, 0x43, 0xff, 0x8f,
    0xa1, 0xff, 0xc6, 0xe0, 0xcf, 0xfc, 0x1f, 0xf5,
    0x87, 0xff, 0x1f, 0x43, 0xff, 0x8b, 0xe0, 0xf7,
    0xfc, 0x87, 0xfd, 0xa1, 0xff, 0xc6, 0xd0, 0xff,
    0xe2, 0x58, 0x7d, 0xff, 0x21, 0xff, 0x58, 0x7f,
    0xf1, 0xb4, 0x3f, 0xf8, 0x76, 0x87, 0xdf, 0xf4,
    0x1f, 0xfc, 0xe, 0xf, 0xfe, 0x2e, 0x87, 0xff,
    0xa, 0xd0, 0xfd, 0xff, 0x41, 0xff, 0xc0, 0x74,
    0x3f, 0xf8, 0x9a, 0x1f, 0xfc, 0x1b, 0x43, 0xfb,
    0xfe, 0x83, 0xff, 0x83, 0x68, 0x7f, 0xf0, 0xf4,
    0x3f, 0xf8, 0x1e, 0x43, 0xfd, 0xff, 0x83, 0xff,
    0x85, 0x70, 0x7f, 0xf0, 0xb4, 0x3f, 0xcf, 0x83,
    0xff, 0x81, 0x7f, 0xc1, 0xff, 0xc3, 0x7c, 0x1f,
    0xfc, 0x1d, 0xf, 0xcf, 0xa0, 0xff, 0xe0, 0xdf,
    0xf0, 0x7f, 0xf1, 0x7d, 0x7, 0xfd, 0x87, 0xcf,
    0xa0, 0xff, 0xe1, 0xbf, 0xf0, 0x7f, 0xf1, 0x9f,
    0x48, 0x7c, 0xe1, 0xd7, 0xa4, 0x3f, 0xf8, 0x8f,
    0xfc, 0x87, 0xff, 0x1d, 0xfa, 0x50, 0x4e, 0xab,
    0xe8, 0x3f, 0xf9, 0x1f, 0xf2, 0x1f, 0xfc, 0xa6,
    0xff, 0xe9, 0xf, 0xfe, 0x5f, 0xfd, 0x7, 0xff,
    0x41, 0xf0, 0x7f, 0xf3, 0xff, 0xf0, 0x7f, 0xf4,
    0x78, 0x3f, 0xf9, 0xf7, 0xfc, 0x1f, 0xfd, 0x1d,
    0xf, 0xfe, 0x7d, 0xff, 0x7, 0xff, 0x47, 0x43,
    0xff, 0x9e, 0xff, 0xc8, 0x7f, 0xf4, 0x30, 0xff,
    0xe8, 0xff, 0xc8, 0x7f, 0xf3, 0xdc, 0x3f, 0xfa,
    0x3f, 0xf4, 0x1f, 0xfc, 0xfb, 0xf, 0xfe, 0x8d,
    0xff, 0x7, 0xff, 0x3e, 0x81, 0xff, 0xd1, 0xbf,
    0xe0, 0xff, 0xe7, 0xe8, 0x7f, 0xf4, 0x5f, 0xf8,
    0x3f, 0xf9, 0xfa, 0x1f, 0xfd, 0x2f, 0xf9, 0xf,
    0xfe, 0x6b, 0x87, 0xff, 0x4f, 0xfe, 0x83, 0xff,
    0x9b, 0x61, 0xff, 0xd3, 0x7f, 0xe0, 0xff, 0xe6,
    0xf0, 0x7f, 0xf5, 0x3f, 0xe0, 0xff, 0xe6, 0xe8,
    0x7f, 0xf5, 0x3f, 0xe4, 0x3f, 0xf9, 0x6e, 0x1f,
    0xfd, 0x5b, 0xfd, 0x7, 0xff, 0x2e, 0xc3, 0xff,
    0xaa, 0xff, 0xa0, 0xff, 0xe5, 0xf0, 0x7f, 0xf5,
    0xbf, 0xe0, 0xff, 0xe5, 0xe1, 0xff, 0xd7, 0xbf,
    0xc1, 0xff, 0xca, 0xb0, 0xff, 0xec, 0x7f, 0x90,
    0xff, 0xe4, 0xe8, 0x7f, 0xf6, 0x3f, 0xd0, 0x7f,
    0xf2, 0x1c, 0x3f, 0xfb, 0x2f, 0xf8, 0x3f, 0xf9,
    0x14, 0xf, 0xfe, 0xd7, 0xf9, 0xf, 0xfe, 0x3e,
    0x87, 0xff, 0x6a, 0xfe, 0x83, 0xff, 0x8d, 0x61,
    0xff, 0xdc, 0xff, 0x7, 0xff, 0x1b, 0x43, 0xff,
    0xb9, 0xfe, 0xf, 0xfe, 0x2d, 0x87, 0xff, 0x75,
    0xfe, 0x43, 0xff, 0x89, 0xa1, 0xff, 0xde, 0xff,
    0x7, 0xff, 0xe, 0xc3, 0xff, 0xbe, 0xff, 0x7,
    0xff, 0x9, 0xd0, 0xff, 0xf0, 0x7f, 0x21, 0xff,
    0xc1, 0xf0, 0x7f, 0xf8, 0x5f, 0xd0, 0x7f, 0xf0,
    0x2c, 0x3f, 0xfc, 0x7f, 0xc1, 0xff, 0xc0, 0xd0,
    0xff, 0xf2, 0x7e, 0x43, 0xfd, 0xe0, 0xff, 0xf2,
    0xdf, 0x41, 0xfd, 0xe0, 0xff, 0xf3, 0xfe, 0xf,
    0xd6, 0x1f, 0xfe, 0x87, 0xe4, 0x3d, 0xe0, 0xff,
    0xf5, 0x5f, 0x7, 0x78, 0x3f, 0xfd, 0x9f, 0x23,
    0x70, 0x7f, 0xfb, 0xaf, 0xe4, 0x3f, 0xff, 0xe1,
    0xff, 0xd5,

    /* U+0057 "W" */
    0xf, 0xff, 0xf8, 0x7f, 0xf8, 0xdb, 0xf4, 0x87,
    0xff, 0xdf, 0xe9, 0x6b, 0xc1, 0xff, 0xf4, 0x7c,
    0x1f, 0xbc, 0x87, 0xff, 0x31, 0x7c, 0x1f, 0xfd,
    0x37, 0x83, 0xfd, 0x68, 0x7f, 0xf2, 0xaf, 0xf8,
    0x3f, 0xfa, 0x2e, 0x87, 0xff, 0x2, 0xc3, 0xff,
    0x95, 0xff, 0x90, 0xff, 0xe8, 0x70, 0x7f, 0xf0,
    0xb8, 0x3f, 0xf9, 0xf, 0xfe, 0x43, 0xff, 0x9f,
    0x61, 0xff, 0xc3, 0x70, 0xff, 0xe4, 0x5f, 0xf8,
    0x3f, 0xfa, 0x1a, 0x1f, 0xfc, 0x4e, 0xf, 0xfe,
    0x3f, 0xfe, 0x83, 0xff, 0x9e, 0xe1, 0xff, 0xc5,
    0xb0, 0xff, 0xe3, 0xff, 0xe4, 0x3f, 0xf9, 0xfc,
    0x1f, 0xfc, 0x6c, 0x3f, 0xf8, 0xcf, 0xfe, 0xf,
    0xfe, 0x86, 0x87, 0xff, 0x1b, 0x43, 0xff, 0x8b,
    0x7f, 0xd0, 0x7f, 0xf3, 0xdc, 0x3f, 0xf8, 0xf4,
    0xf, 0xfe, 0x2f, 0xfe, 0x43, 0xff, 0x9f, 0x40,
    0xff, 0xe3, 0xb8, 0x7f, 0xf1, 0x7f, 0xf0, 0x7f,
    0xf4, 0x34, 0x3f, 0xf8, 0xee, 0x1f, 0xfc, 0x47,
    0xff, 0x7, 0xff, 0x43, 0x43, 0xff, 0x91, 0x87,
    0xff, 0x12, 0xff, 0xa0, 0xff, 0xe8, 0x61, 0xff,
    0xc9, 0xd0, 0xff, 0xe1, 0xdf, 0xf2, 0x1f, 0xfd,
    0xc, 0x3f, 0xf9, 0x3a, 0x1f, 0xfc, 0x3f, 0xfc,
    0x1f, 0xfd, 0x1c, 0x3f, 0xf9, 0x3a, 0x1f, 0xfc,
    0x3f, 0xfc, 0x1f, 0xfd, 0x1c, 0x3f, 0xf9, 0x3c,
    0x1f, 0xfc, 0x3f, 0xfa, 0xf, 0xfe, 0x8e, 0x1f,
    0xfc, 0x9e, 0xf, 0xfe, 0x13, 0xff, 0x41, 0xff,
    0xd1, 0xc3, 0xff, 0x93, 0xc1, 0xff, 0xc2, 0x7f,
    0xe4, 0x3f, 0xfa, 0x3a, 0x1f, 0xfc, 0x8e, 0xf,
    0xfe, 0x15, 0xff, 0x21, 0xff, 0xd1, 0xd0, 0xff,
    0xe4, 0x70, 0x7f, 0xf0, 0xaf, 0xf8, 0x3f, 0xfa,
    0x54, 0xf, 0xfe, 0x47, 0x7, 0xff, 0xa, 0xff,
    0x83, 0xff, 0xa5, 0x61, 0xff, 0xc8, 0xe0, 0xff,
    0xe1, 0x7f, 0xe0, 0xff, 0xe9, 0x38, 0x7f, 0xf2,
    0x34, 0x3f, 0xf8, 0x5f, 0xf8, 0x3f, 0xfa, 0x7a,
    0x1f, 0xfc, 0x7d, 0xf, 0xfe, 0x17, 0xfe, 0xf,
    0xfe, 0x9d, 0x3, 0xff, 0x8f, 0xa1, 0xff, 0xc2,
    0xff, 0xa0, 0xff, 0xe9, 0xb8, 0x7f, 0xf1, 0xf4,
    0x3f, 0xf8, 0x5f, 0xf4, 0x1f, 0xfd, 0x4d, 0xf,
    0xfe, 0x36, 0x87, 0xff, 0xb, 0xfe, 0x83, 0xff,
    0x90, 0xca, 0xf, 0xd6, 0x1f, 0xfc, 0x6c, 0x3f,
    0xf8, 0x7f, 0xf4, 0x1f, 0xfc, 0x8f, 0xe8, 0x3e,
    0xd0, 0xff, 0xe2, 0x38, 0x7f, 0xf0, 0xff, 0xe8,
    0x3f, 0xf8, 0xef, 0xf8, 0x3e, 0xb0, 0xff, 0xe2,
    0x38, 0x7f, 0xf0, 0xff, 0xe8, 0x3f, 0xf8, 0xf7,
    0xf8, 0x3f, 0x68, 0x7f, 0xf0, 0xdc, 0x3f, 0xf8,
    0x7f, 0xf4, 0x1f, 0xfc, 0x7f, 0xf9, 0xf, 0xac,
    0x3f, 0xf8, 0x76, 0x1f, 0xfc, 0x3f, 0xf9, 0xf,
    0xfe, 0x33, 0xff, 0x21, 0xfb, 0x83, 0xff, 0x85,
    0xc1, 0xff, 0xc3, 0xbf, 0xc8, 0x7f, 0xf1, 0xaf,
    0xf9, 0xf, 0xce, 0x87, 0xff, 0x7, 0x43, 0xff,
    0x87, 0x7f, 0xa0, 0xff, 0xe3, 0x77, 0xfa, 0xf,
    0xeb, 0xf, 0xfe, 0xe, 0x1f, 0xfc, 0x4b, 0xfd,
    0x7, 0xff, 0x16, 0xcf, 0xf4, 0x1f, 0xee, 0xf,
    0xf9, 0xc3, 0xff, 0x88, 0xff, 0xa0, 0xff, 0xe2,
    0x3a, 0x7f, 0xc1, 0xff, 0x70, 0x7f, 0xac, 0x3f,
    0xf8, 0x8f, 0xfa, 0xf, 0xfe, 0x27, 0x3, 0xfe,
    0xf, 0xfe, 0x7, 0x7, 0xf7, 0x7, 0xff, 0x17,
    0xfd, 0x7, 0xff, 0xd, 0xc2, 0xff, 0x83, 0xff,
    0x83, 0xc1, 0xfb, 0x43, 0xff, 0x85, 0xc7, 0xfa,
    0xf, 0xfe, 0x1f, 0x5, 0x7f, 0x90, 0xff, 0xe0,
    0xf8, 0x3c, 0xe1, 0xff, 0xc1, 0x7c, 0xf, 0xf4,
    0x1f, 0xfc, 0x2b, 0xc, 0xff, 0xc1, 0xff, 0xc2,
    0xb4, 0x35, 0x87, 0xff, 0x2, 0xe0, 0xaf, 0xe8,
    0x3f, 0xf8, 0x36, 0x1e, 0xff, 0x83, 0xff, 0x86,
    0xf9, 0x7, 0x7, 0xfa, 0xf2, 0x1d, 0xfe, 0xf,
    0xfe, 0x3, 0xa1, 0xef, 0xf9, 0xf, 0xfe, 0x23,
    0xeb, 0x83, 0x95, 0x7c, 0x87, 0xdf, 0xe0, 0xff,
    0xe0, 0x70, 0x7d, 0x7f, 0xc1, 0xff, 0xc7, 0xff,
    0xf4, 0x87, 0xf9, 0xfe, 0xf, 0xfb, 0x83, 0xfb,
    0xfe, 0xf, 0xfe, 0x3e, 0x87, 0xff, 0x27, 0xf9,
    0xf, 0xee, 0xf, 0xf7, 0xfd, 0x7, 0xff, 0x15,
    0xc3, 0xff, 0x97, 0xfa, 0xf, 0x9e, 0xf, 0xf9,
    0xff, 0x83, 0xff, 0x8b, 0xc1, 0xff, 0xcb, 0x7f,
    0x7, 0xbc, 0x87, 0xff, 0x7, 0xfe, 0x83, 0xff,
    0x86, 0xe1, 0xff, 0xcd, 0x7e, 0x80, 0xde, 0xf,
    0xfe, 0x1d, 0xff, 0x7, 0xff, 0xf, 0x83, 0xff,
    0x9f, 0x7f, 0x90, 0xff, 0xe2, 0xff, 0xd0, 0x7f,
    0xf0, 0x6c, 0x3f, 0xfa, 0x68, 0x7f, 0xf2, 0x6f,
    0xf9, 0xf, 0xfe, 0x6, 0x87, 0xff, 0xab, 0xff,
    0x7, 0xfd, 0xc1, 0xff, 0xeb, 0x7f, 0xe8, 0x3f,
    0xac, 0x3f, 0xfd, 0xbf, 0xf9, 0xf, 0x9d, 0xf,
    0xff, 0x77, 0xfe, 0xf, 0x3a, 0x1f, 0xff, 0xf,
    0xfc, 0x1a, 0xd0, 0xff, 0xf9, 0x7f, 0xe1, 0xf0,
    0x7f, 0xfd, 0x6f, 0xfd, 0x7, 0xff, 0xe1, 0xba,
    0x21, 0xff, 0xd2,

    /* U+0058 "X" */
    0xf, 0xff, 0xf8, 0x7f, 0x5f, 0xe8, 0x3f, 0xfe,
    0xef, 0xaf, 0xfa, 0xf, 0xff, 0xad, 0x1, 0x7f,
    0xe0, 0xff, 0xfc, 0xdf, 0xf8, 0x3f, 0xff, 0x37,
    0xfe, 0xf, 0xff, 0xcf, 0xfe, 0x83, 0xff, 0xf3,
    0xff, 0x90, 0xff, 0xfc, 0x3f, 0xf8, 0x3f, 0xff,
    0x3f, 0xfc, 0x1f, 0xfd, 0x2b, 0xfd, 0x21, 0xff,
    0xd2, 0xff, 0xc8, 0x7f, 0xf3, 0x9f, 0xa5, 0xea,
    0x7, 0xff, 0x4a, 0xff, 0xc1, 0xff, 0xcd, 0xf9,
    0xf, 0xfe, 0xe7, 0xfe, 0x43, 0xff, 0x95, 0x78,
    0x3f, 0xfb, 0xf7, 0xfe, 0xf, 0xfe, 0x4f, 0x90,
    0xff, 0xf0, 0xff, 0xe4, 0x3f, 0xf8, 0xfe, 0xf,
    0xff, 0x1d, 0xff, 0x83, 0xff, 0x8a, 0xf0, 0x7f,
    0xf9, 0x7f, 0xf2, 0x1f, 0xfc, 0x37, 0x83, 0xff,
    0xcd, 0x7f, 0xe0, 0xff, 0xe1, 0x3c, 0x1f, 0xfe,
    0x77, 0xff, 0x7, 0xff, 0xb, 0xc1, 0xff, 0xe9,
    0xff, 0xd0, 0x7f, 0xf0, 0x3c, 0x1f, 0xfe, 0xa7,
    0xff, 0x7, 0xfd, 0xe0, 0xff, 0xf6, 0x7f, 0xe4,
    0x3f, 0xbc, 0x1f, 0xfe, 0xdb, 0xff, 0x7, 0xeb,
    0xf, 0xff, 0x7f, 0xfe, 0xf, 0xac, 0x3f, 0xfe,
    0x1f, 0xfa, 0xe, 0x74, 0x3f, 0xfe, 0xf, 0xfe,
    0xe, 0xe0, 0xff, 0xf9, 0x7f, 0xe0, 0xdc, 0x1f,
    0xff, 0x3b, 0xfe, 0x81, 0xe0, 0xff, 0xfa, 0x3f,
    0xf8, 0xb0, 0xff, 0xfb, 0x7f, 0xeb, 0x43, 0xff,
    0xed, 0x7f, 0xe8, 0x3f, 0xfe, 0xef, 0xfe, 0xf,
    0xff, 0xcf, 0xfe, 0xf, 0xff, 0xcd, 0xff, 0x41,
    0xff, 0xf8, 0x7f, 0xf0, 0x7f, 0xfe, 0x7f, 0xf0,
    0x7f, 0xfe, 0x6f, 0xfa, 0xf, 0xff, 0xc5, 0xff,
    0x83, 0xff, 0xee, 0xff, 0xf2, 0x1f, 0xff, 0x6e,
    0x9f, 0xf4, 0x1f, 0xff, 0x5f, 0xf, 0xfe, 0xf,
    0xff, 0xa5, 0x85, 0xff, 0x90, 0xff, 0xf9, 0x58,
    0x6b, 0xff, 0x7, 0xff, 0xc5, 0xd0, 0xcf, 0xfe,
    0xf, 0xff, 0x83, 0xc1, 0xef, 0xfd, 0x7, 0xff,
    0xbf, 0x83, 0xe7, 0xff, 0x7, 0xff, 0xbb, 0xc1,
    0xfd, 0xff, 0x90, 0xff, 0xf6, 0x78, 0x3f, 0xd7,
    0xfe, 0xf, 0xff, 0x5f, 0x83, 0xff, 0x81, 0xff,
    0x83, 0xff, 0xd5, 0xe0, 0xff, 0xe0, 0xdf, 0xf4,
    0x1f, 0xfe, 0x8b, 0xf, 0xfe, 0x13, 0xff, 0x83,
    0xff, 0xcf, 0x61, 0xff, 0xc4, 0xff, 0xd0, 0x7f,
    0xf9, 0x7c, 0x1f, 0xfc, 0x57, 0xff, 0x7, 0xff,
    0x93, 0xc1, 0xff, 0xc7, 0xff, 0xd0, 0x7f, 0xf8,
    0x5e, 0xf, 0xfe, 0x4f, 0xfe, 0xf, 0xfe, 0xfb,
    0xe4, 0x3f, 0xf9, 0x57, 0xfd, 0x7, 0xff, 0x71,
    0xf4, 0x1f, 0xfc, 0xdf, 0xfc, 0x1f, 0xfd, 0x77,
    0xfa, 0xf, 0xfe, 0x7b, 0xff, 0x83, 0xff, 0xf3,
    0x7f, 0xc8, 0x7f, 0xfe, 0x7f, 0xf0, 0x7f, 0xfe,
    0xbf, 0xe8, 0x3f, 0xff, 0x2f, 0xfc, 0x87, 0xff,
    0xe6, 0xff, 0x83, 0xff, 0xf5, 0x7f, 0xc1, 0xff,
    0xfa, 0xbf, 0xd0, 0x7f, 0xfe, 0xaf, 0xf4, 0x1f,
    0xfc, 0xf4, 0x3f, 0xfb, 0xcf, 0xfa, 0xf, 0xfe,
    0x6d, 0x87, 0xff, 0x7d, 0xff, 0x41, 0xff, 0xcb,
    0x70, 0xff, 0xf1, 0x5f, 0xd0, 0x7f, 0xf2, 0xb8,
    0x3f, 0xfc, 0x6f, 0xf9, 0xf, 0xfe, 0x3f, 0x7,
    0xff, 0x9a, 0xfe, 0x83, 0xff, 0x88, 0xf0, 0x7f,
    0xfa, 0x6f, 0xe9, 0xf, 0xf9, 0xf2, 0x1f, 0xfe,
    0xc6, 0xfe, 0x90, 0xca, 0xbd, 0x7, 0xff, 0xc5,
    0xa7, 0xff, 0x48, 0x7f, 0xfe, 0xd0, 0xff, 0xe0,
    0x80,

    /* U+0059 "Y" */
    0xf, 0xfe, 0xf3, 0xfe, 0x43, 0xff, 0xa3, 0xff,
    0x83, 0xff, 0xa0, 0xff, 0xe0, 0xff, 0xe8, 0x5f,
    0xf4, 0x1f, 0xfd, 0xf, 0xfc, 0x87, 0xff, 0x43,
    0xff, 0x7, 0xff, 0x41, 0xff, 0xa0, 0xff, 0xe8,
    0x5f, 0xf2, 0x1f, 0xfd, 0xf, 0xfc, 0x1f, 0xfd,
    0x1f, 0xfc, 0x1f, 0xfd, 0x1f, 0xfc, 0x1f, 0xfd,
    0x7, 0xfe, 0x83, 0xff, 0xa0, 0xff, 0xc8, 0x7f,
    0xf2, 0x99, 0xa, 0xff, 0x83, 0xff, 0x92, 0xfe,
    0xa, 0xff, 0x83, 0xff, 0x91, 0xfe, 0xb, 0xff,
    0x7, 0xff, 0x1e, 0xff, 0x5, 0xff, 0x83, 0xff,
    0x8e, 0xff, 0x82, 0xff, 0xa0, 0xff, 0xe3, 0xbf,
    0xe0, 0xbf, 0xe8, 0x3f, 0xf8, 0xef, 0xf8, 0x2f,
    0xfa, 0xf, 0xfe, 0x47, 0xf8, 0x2f, 0xfa, 0xf,
    0xfe, 0x47, 0xf8, 0x2f, 0xf9, 0xf, 0xfe, 0x3b,
    0xfe, 0xb, 0xfe, 0x43, 0xff, 0x8f, 0x7f, 0x82,
    0xff, 0x90, 0xff, 0xe3, 0xff, 0xc1, 0x7f, 0xc8,
    0x7f, 0xf1, 0xff, 0xe0, 0xbf, 0xe8, 0x3f, 0xf8,
    0xcf, 0xfc, 0x17, 0xfd, 0x7, 0xff, 0x1b, 0xbf,
    0xc1, 0x5f, 0xe8, 0x3f, 0xf8, 0xdb, 0xfd, 0x5,
    0x7f, 0xa0, 0xff, 0xe2, 0xd9, 0xfd, 0x4, 0xff,
    0xc1, 0xff, 0xc5, 0xd3, 0xfa, 0x9, 0xff, 0x83,
    0xff, 0x89, 0x60, 0xfe, 0x43, 0x7f, 0xc1, 0xff,
    0xc4, 0xd0, 0x7f, 0x21, 0xbf, 0xe0, 0xff, 0xe1,
    0xd8, 0x5f, 0xc1, 0xdf, 0xf2, 0x1f, 0xfc, 0x17,
    0x42, 0xfe, 0xe, 0xbf, 0xc8, 0x7f, 0xf0, 0x78,
    0x37, 0xf0, 0x7b, 0xfd, 0x7, 0xff, 0x2, 0xc3,
    0xbf, 0x83, 0xdf, 0xf0, 0x7f, 0xce, 0x87, 0x7e,
    0x83, 0xcf, 0xf8, 0x3f, 0xce, 0x87, 0xbf, 0x21,
    0xf7, 0xf9, 0xf, 0xcf, 0x7, 0x9f, 0xc8, 0x7e,
    0xfe, 0x83, 0xe7, 0x83, 0xe7, 0xf0, 0x7f, 0x3f,
    0xc1, 0xeb, 0x43, 0xf3, 0xf8, 0x3f, 0xef, 0xc1,
    0x37, 0x83, 0xfd, 0x7d, 0x7, 0xff, 0x1, 0xff,
    0x48, 0x7f, 0xd7, 0xd0, 0x7f, 0xf5, 0x3f, 0x21,
    0xff, 0xd4, 0xfc, 0x1f, 0xfd, 0x5f, 0xc1, 0xff,
    0xd4, 0x7e, 0x83, 0xff, 0xa8, 0xfc, 0x87, 0xff,
    0x52, 0xf8, 0x3f, 0xfa, 0xbf, 0x83, 0xff, 0xab,
    0xf4, 0x1f, 0xfd, 0x5f, 0x90, 0xff, 0xea, 0x3f,
    0x7, 0xff, 0x56, 0xf4, 0x1f, 0xfd, 0x5f, 0x90,
    0xff, 0xe1, 0x37, 0xf4, 0x87, 0xfb, 0xe0, 0xff,
    0xe0, 0xbe, 0x97, 0xaf, 0x48, 0x79, 0xf4, 0x1f,
    0xfc, 0xb, 0x83, 0xf9, 0xbc, 0x86, 0xf8, 0x3f,
    0xf8, 0x1e, 0xf, 0xfe, 0x15, 0xe0, 0xbe, 0xf,
    0xfa, 0xc3, 0xff, 0x8b, 0xe5, 0x79, 0xf, 0xf3,
    0xa1, 0xff, 0xc6, 0x7f, 0x7, 0xfd, 0xc1, 0xff,
    0xc8, 0x7d, 0x7, 0xf9, 0xc3, 0xff, 0x93, 0x7c,
    0x1f, 0xee, 0xf, 0xfe, 0x4f, 0xaf, 0x7, 0xf6,
    0x87, 0xff, 0x22, 0xf0, 0x38, 0x3e, 0x70, 0xff,
    0xe4, 0xf9, 0x3, 0xa1, 0xeb, 0xf, 0xfe, 0x45,
    0xe0, 0xd6, 0x1e, 0xa0, 0x7f, 0xf1, 0xdf, 0x7,
    0xbc, 0x1d, 0x40, 0xff, 0xe3, 0xf9, 0xf, 0xb4,
    0x35, 0x3, 0xff, 0x8d, 0xe4, 0x3f, 0x58, 0x6a,
    0x7, 0xff, 0x16, 0xd0, 0xff, 0x68, 0x54, 0xf,
    0xfe, 0x23, 0xa1, 0xff, 0x58, 0x4e, 0x1f, 0xfc,
    0x37, 0x43, 0xff, 0x80, 0xe1, 0xb0, 0xff, 0xe1,
    0x3a, 0x1f, 0xfc, 0x2d, 0xa, 0x81, 0xff, 0xc0,
    0xb4, 0x3f, 0xf8, 0x74, 0xd, 0xa1, 0xfc, 0xf9,
    0xf, 0xfe, 0x23, 0x86, 0xb4, 0x3e, 0xb8, 0x3f,
    0xf8, 0xce, 0x1d, 0x72, 0x6, 0xf2, 0x1f, 0xfc,
    0x8d, 0xe, 0x7f, 0xa4, 0x3f, 0xf9, 0x5a, 0x1f,
    0xfd, 0x7d, 0xf, 0xfe, 0xbe, 0x87, 0xff, 0x5f,
    0x43, 0xff, 0xaf, 0xa1, 0xff, 0xd7, 0xd0, 0xff,
    0xeb, 0xe8, 0x7f, 0xf5, 0x9c, 0x3f, 0xfa, 0xee,
    0x1f, 0xfd, 0x76, 0x0,

    /* U+005A "Z" */
    0xf, 0xff, 0x73, 0x7e, 0x90, 0xff, 0xf7, 0xdf,
    0xfe, 0x83, 0xff, 0xd7, 0x7f, 0xe8, 0x2d, 0xf,
    0xf9, 0xbf, 0xfa, 0x8a, 0xf, 0xfe, 0x73, 0xff,
    0xa0, 0xee, 0xf, 0xeb, 0xd2, 0x19, 0x54, 0xff,
    0xa8, 0x87, 0xff, 0x1e, 0xff, 0xc8, 0x7b, 0x43,
    0xf7, 0x83, 0xff, 0x88, 0xd3, 0xfd, 0x44, 0x3f,
    0xf8, 0x17, 0xfe, 0x43, 0x9f, 0x7, 0xce, 0x87,
    0xff, 0x2d, 0xa7, 0xfa, 0x8b, 0x5, 0xff, 0xc8,
    0xab, 0xf0, 0x7e, 0xe0, 0xff, 0xe9, 0x2a, 0x9f,
    0xff, 0xca, 0x90, 0xfc, 0xe1, 0xff, 0xdb, 0x7f,
    0xfa, 0x88, 0x7f, 0xf0, 0xe8, 0x1f, 0xfd, 0xbb,
    0xff, 0x21, 0xff, 0xc6, 0xe0, 0xff, 0xed, 0x5f,
    0xfa, 0xf, 0xff, 0x73, 0xff, 0xa0, 0xff, 0xf7,
    0x3f, 0xfc, 0x1f, 0xfe, 0xff, 0xfe, 0xf, 0xff,
    0x7f, 0xff, 0x7, 0xff, 0xbe, 0xff, 0xc8, 0x7f,
    0xfb, 0xaf, 0xfd, 0x7, 0xff, 0xb9, 0xff, 0xe0,
    0xff, 0xf7, 0xff, 0xf0, 0x7f, 0xfb, 0xff, 0xf9,
    0xf, 0xff, 0x75, 0xff, 0xa0, 0xff, 0xf7, 0x3f,
    0xfc, 0x1f, 0xfe, 0xff, 0xfe, 0x43, 0xff, 0xdd,
    0xff, 0xd0, 0x7f, 0xfb, 0x9f, 0xfe, 0xf, 0xff,
    0x7f, 0xff, 0x7, 0xff, 0xbf, 0xff, 0xa0, 0xff,
    0xf7, 0x5f, 0xfc, 0x1f, 0xfe, 0xe7, 0xff, 0x83,
    0xff, 0xdf, 0xff, 0xc8, 0x7f, 0xfb, 0xbf, 0xfa,
    0xf, 0xff, 0x75, 0xff, 0xc1, 0xff, 0xee, 0x7f,
    0xf8, 0x3f, 0xfd, 0xff, 0xfc, 0x87, 0xff, 0xba,
    0xff, 0xd0, 0x7f, 0xfb, 0x9f, 0xfe, 0xf, 0xff,
    0x7f, 0xff, 0x7, 0xff, 0xbf, 0xff, 0x90, 0xff,
    0xf7, 0x5f, 0xfa, 0xf, 0xff, 0x73, 0xff, 0xa0,
    0xff, 0xf7, 0xff, 0xf0, 0x7f, 0xfb, 0xef, 0xfc,
    0x1f, 0xfe, 0xfb, 0xff, 0x7, 0xff, 0xbd, 0xff,
    0xc8, 0x7f, 0xfb, 0xff, 0xf2, 0x1f, 0xfe, 0xff,
    0xfd, 0x7, 0xff, 0xbe, 0xff, 0xa0, 0xff, 0xf7,
    0xbf, 0xf4, 0x1f, 0xff, 0xf, 0xfa, 0xf, 0xff,
    0x87, 0xfd, 0x7, 0xff, 0x7a, 0xc3, 0xcb, 0x83,
    0xd7, 0xfa, 0xf, 0xfe, 0xff, 0x6, 0xbf, 0xf4,
    0x5f, 0xe8, 0x3f, 0xfc, 0x1a, 0x7, 0x83, 0x95,
    0x7f, 0xe4, 0x3f, 0xfc, 0x16, 0x17, 0x7, 0xf3,
    0xfe, 0x43, 0xff, 0xc3, 0xa0, 0x70, 0xfe, 0x7f,
    0xf2, 0x1f, 0xfd, 0xff, 0x5, 0x61, 0xfa, 0xfe,
    0x81, 0x79, 0xf, 0xfe, 0xe5, 0x86, 0x70, 0xfb,
    0xfa, 0xf, 0x5e, 0x43, 0xff, 0xb2, 0xe8, 0x75,
    0xa0, 0x6f, 0xd2, 0x1f, 0xd7, 0xa0, 0xff, 0xeb,
    0x3a, 0x1f, 0x5f, 0xe9, 0xf, 0xfe, 0x13, 0xe8,
    0x3f, 0xfa, 0x76, 0x87, 0xfc, 0x87, 0xff, 0x25,
    0xf4, 0x87, 0xff, 0x39, 0xf2, 0x1f, 0xfd, 0x86,
    0xf4, 0x1f, 0xfc, 0xbb, 0x83, 0xff, 0xba, 0xfd,
    0x21, 0xff, 0xc4, 0x7d, 0x7, 0xff, 0x89, 0xfd,
    0x28, 0x3c, 0xab, 0xe8, 0x3f, 0xfc, 0xed, 0x3f,
    0xfd, 0x28, 0x3f, 0xff, 0xe1, 0xfc,

    /* U+005B "[" */
    0xf, 0xfb, 0xff, 0xc7, 0xf2, 0xe0, 0x7f, 0x7,
    0xbf, 0x83, 0xdf, 0xc1, 0xef, 0xe0, 0xf7, 0xf0,
    0x7b, 0xf8, 0x3d, 0xfc, 0x1e, 0xfe, 0xf, 0x7f,
    0x7, 0xbf, 0x83, 0xdf, 0xc1, 0xef, 0xe0, 0xf7,
    0xf0, 0x7b, 0xf8, 0x3d, 0xfc, 0x1e, 0xfe, 0xf,
    0x7f, 0x7, 0xbf, 0x83, 0xdf, 0xc1, 0xef, 0xe0,
    0xf7, 0xf0, 0x7b, 0xf8, 0x3d, 0xfc, 0x1e, 0xfe,
    0xf, 0x7f, 0x7, 0xbf, 0x83, 0xdf, 0xc1, 0xef,
    0xe0, 0xf7, 0xf0, 0x7b, 0xf8, 0x3d, 0xfc, 0x1e,
    0xfe, 0xf, 0x7f, 0x7, 0xbf, 0x83, 0xdf, 0xc1,
    0xef, 0xe0, 0xf7, 0xf0, 0x7b, 0xf8, 0x3d, 0xfc,
    0x1e, 0xfe, 0xf, 0x7f, 0x56, 0x4f, 0xff, 0x7,
    0xff, 0x0,

    /* U+005C "\\" */
    0x2, 0x83, 0xff, 0x83, 0x7c, 0x1f, 0xfc, 0xf,
    0xc8, 0x7f, 0xdf, 0xa0, 0xff, 0xbf, 0x83, 0xfe,
    0x7f, 0x7, 0xff, 0x3, 0xf2, 0x1f, 0xf7, 0xe8,
    0x3f, 0xe7, 0xf0, 0x7f, 0xf0, 0x3f, 0x7, 0xff,
    0x3, 0xf2, 0x1f, 0xf3, 0xf4, 0x1f, 0xfc, 0xf,
    0xc1, 0xff, 0xc0, 0xfc, 0x1f, 0xfc, 0x7, 0xe4,
    0x3f, 0xf8, 0x1f, 0x41, 0xff, 0xc0, 0xfc, 0x1f,
    0xfc, 0x7, 0xe0, 0xff, 0xe0, 0xfc, 0x87, 0xff,
    0x3, 0xe8, 0x3f, 0xf8, 0xf, 0xc1, 0xff, 0xc1,
    0xf8, 0x3f, 0xf8, 0x3f, 0x21, 0xff, 0xc0, 0x7d,
    0x7, 0xff, 0x7, 0xe0, 0xff, 0xe0, 0xfc, 0x1f,
    0xfc, 0x17, 0xc8, 0x7f, 0xf0, 0x7d, 0x7, 0xff,
    0x6, 0xf0, 0x7f, 0xf0, 0x5f, 0x7, 0xff, 0xb,
    0xc8, 0x7f, 0xf0, 0x6e, 0xf, 0xfe, 0xb, 0xe0,
    0xff, 0xe1, 0x78, 0x3f, 0xf8, 0x56, 0x87, 0xff,
    0x5, 0xe0, 0xff, 0xe1, 0x78, 0x3f, 0xf8, 0x56,
    0x1f, 0xfc, 0x27, 0x43, 0xff, 0x85, 0xc1, 0xff,
    0xc2, 0xb0, 0xff, 0xe1, 0x38, 0x7f, 0xf0, 0xf4,

    /* U+005D "]" */
    0xf, 0xfb, 0xff, 0xc0, 0x5d, 0xfc, 0x1e, 0xfe,
    0xf, 0x7f, 0x7, 0xbf, 0x83, 0xdf, 0xc1, 0xef,
    0xe0, 0xf7, 0xf0, 0x7b, 0xf8, 0x3d, 0xfc, 0x1e,
    0xfe, 0xf, 0x7f, 0x7, 0xbf, 0x83, 0xdf, 0xc1,
    0xef, 0xe0, 0xf7, 0xf0, 0x7b, 0xf8, 0x3d, 0xfc,
    0x1e, 0xfe, 0xf, 0x7f, 0x7, 0xbf, 0x83, 0xdf,
    0xc1, 0xef, 0xe0, 0xf7, 0xf0, 0x7b, 0xf8, 0x3d,
    0xfc, 0x1e, 0xfe, 0xf, 0x7f, 0x7, 0xbf, 0x83,
    0xdf, 0xc1, 0xef, 0xe0, 0xf7, 0xf0, 0x7b, 0xf8,
    0x3d, 0xfc, 0x1e, 0xfe, 0xf, 0x7f, 0x7, 0xbf,
    0x83, 0xdf, 0xc1, 0xef, 0xe0, 0xf7, 0xf0, 0x7b,
    0xf8, 0x3d, 0xfc, 0x7f, 0xf8, 0xb, 0xfc, 0x0,

    /* U+005E "^" */
    0xf, 0xf3, 0x87, 0xff, 0x1e, 0xf8, 0x3f, 0xf8,
    0xbf, 0xe0, 0xff, 0xe1, 0xff, 0xd0, 0x7f, 0xf0,
    0x1f, 0xf0, 0xe8, 0x7f, 0xaf, 0xf0, 0x56, 0x1f,
    0xd7, 0xf4, 0x1d, 0xe0, 0xfb, 0xfc, 0x87, 0xde,
    0xe, 0xff, 0x21, 0xfd, 0xc1, 0x5f, 0xc1, 0xff,
    0x3a, 0xb, 0xf0, 0x7f, 0xf0, 0x6c, 0x2b, 0x83,
    0xff, 0x87, 0xe0, 0xff, 0xe4, 0xe0,

    /* U+005F "_" */
    0x1f, 0xff, 0xe6, 0x20, 0xff, 0xfe, 0x70, 0x3f,
    0xff, 0x9c, 0x7, 0xff, 0xf9, 0x88,

    /* U+0061 "a" */
    0xd, 0x7a, 0x43, 0xff, 0x8d, 0xfe, 0x83, 0xff,
    0x89, 0xfc, 0x9c, 0x5a, 0x1f, 0xeb, 0xf4, 0x17,
    0x7c, 0x87, 0xf7, 0xe8, 0x35, 0xfa, 0xf, 0xcf,
    0xe0, 0xe7, 0xf2, 0x1f, 0xaf, 0xa0, 0xeb, 0xf0,
    0x7f, 0x7e, 0xf, 0x7e, 0x83, 0xec, 0xfc, 0x1c,
    0xfe, 0x43, 0xd4, 0x3e, 0x43, 0xbf, 0x83, 0xec,
    0x17, 0x83, 0xaf, 0xe0, 0xf5, 0x0, 0xf8, 0x3b,
    0x3e, 0x83, 0xd8, 0x6f, 0x6, 0xe2, 0xf4, 0x1d,
    0xa1, 0xad, 0x5, 0x81, 0xf2, 0x19, 0xc3, 0xde,
    0xbc, 0x1b, 0xc8, 0x6c, 0x3f, 0x32, 0x1d, 0x70,
    0x5c, 0x1f, 0xfc, 0x5f, 0xf, 0x7, 0xff, 0x19,
    0xf9, 0xf, 0xfe, 0x98,

    /* U+0062 "b" */
    0xf, 0xfe, 0x2, 0xc1, 0xff, 0xc4, 0x7f, 0x90,
    0xff, 0xe0, 0xdf, 0xf4, 0x1f, 0xf7, 0xff, 0x83,
    0xfd, 0xff, 0xf2, 0x1f, 0xbf, 0xf9, 0x18, 0x3e,
    0xbf, 0xf0, 0x4c, 0x1f, 0x7f, 0xe0, 0xd4, 0xf,
    0x7f, 0xe0, 0xe9, 0xe, 0x7f, 0xe0, 0xf6, 0x1e,
    0xbf, 0xc1, 0xe7, 0xf, 0x7f, 0x83, 0xe9, 0xe,
    0xbf, 0xa0, 0xf3, 0x87, 0xbf, 0xc1, 0xf6, 0x87,
    0xbf, 0x83, 0xee, 0xf, 0x3f, 0xa0, 0xf5, 0x3,
    0xeb, 0xf0, 0x7b, 0xc1, 0xfb, 0xf4, 0x19, 0xe0,
    0xfe, 0xfc, 0x1a, 0xd0, 0xfe, 0x7e, 0x86, 0xe0,
    0xff, 0x9f, 0xf4, 0x1f, 0xfc, 0x1b, 0xe8, 0x3f,
    0xf8, 0x97, 0xa0, 0xff, 0xe2, 0xde, 0x43, 0xff,
    0x8b, 0x78, 0x3f, 0xf8, 0xdf, 0x7, 0xff, 0x1a,
    0xe0, 0xff, 0xe3, 0x5c, 0x1f, 0xfc, 0x6b, 0x43,
    0x3f, 0x21, 0xfd, 0x68, 0x57, 0xf4, 0x1f, 0x9d,
    0x5, 0xdf, 0xc1, 0xf9, 0xe0, 0x60, 0xfe, 0x83,
    0xd1, 0xc5, 0x0, 0xff, 0x7, 0x50, 0xf1, 0x86,
    0xfe, 0xe, 0xc1, 0x6c, 0x1b, 0xf8, 0x37, 0x1,
    0xf2, 0x1b, 0xf8, 0x16, 0x86, 0xf2, 0x1b, 0xfe,
    0x83, 0xde, 0x1f, 0xfa, 0xf, 0xe7, 0xd2, 0x3f,
    0x83, 0xfc, 0xe8, 0x4f, 0xd0, 0x7f, 0xa8, 0x1a,
    0xf8, 0x3f, 0xec, 0x3b, 0xe4, 0x3f, 0xed, 0xa,
    0xf2, 0x1f, 0xfc, 0x7, 0x47, 0xc8, 0x7f, 0xf0,
    0x9f, 0xa0, 0xff, 0xe0, 0x80,

    /* U+0063 "c" */
    0xf, 0xc8, 0x7f, 0xf0, 0xdf, 0xe0, 0xff, 0xe0,
    0x3f, 0xf0, 0x7f, 0x9f, 0xf5, 0x87, 0xfb, 0xfc,
    0x98, 0x7f, 0x7f, 0x80, 0xe1, 0xf9, 0xfe, 0xf,
    0xfe, 0xd, 0xf8, 0x3f, 0xf8, 0x9, 0xf9, 0xf,
    0xfb, 0x4f, 0xc1, 0xff, 0x50, 0x1f, 0x21, 0xfe,
    0xb0, 0xbe, 0xf, 0xf3, 0x86, 0xf4, 0x1f, 0xd6,
    0x1d, 0x70, 0x7e, 0xb0, 0xfb, 0x83, 0xcf, 0x7,
    0xeb, 0x42, 0x6d, 0xf, 0xf3, 0xfc, 0x87, 0xff,
    0x40,

    /* U+0064 "d" */
    0xf, 0xfe, 0x5b, 0xf2, 0x1f, 0xfc, 0xcb, 0xfa,
    0xf, 0xfe, 0x55, 0xff, 0x7, 0xff, 0x26, 0xff,
    0xc8, 0x7f, 0xf1, 0xdf, 0xf4, 0x30, 0x7f, 0xf1,
    0xff, 0xd0, 0x18, 0x3f, 0xf8, 0xd7, 0xf4, 0x13,
    0x87, 0xff, 0x15, 0xfe, 0x83, 0x30, 0x7f, 0xf1,
    0x7f, 0xc1, 0xd4, 0xf, 0xfe, 0x23, 0xfc, 0x1e,
    0xd0, 0xff, 0xe2, 0x7f, 0x21, 0xec, 0x3f, 0xf8,
    0xbf, 0xc1, 0xe6, 0xf, 0xfe, 0x25, 0xf8, 0x3e,
    0xd0, 0xff, 0xe2, 0x7e, 0x83, 0xce, 0x1f, 0xfc,
    0x5f, 0xc1, 0xf6, 0x1f, 0xfc, 0x57, 0xe4, 0x3d,
    0xa1, 0xff, 0xc5, 0xbe, 0xf, 0x70, 0x7f, 0xf1,
    0xbe, 0x43, 0xb8, 0x3f, 0xf8, 0xff, 0x6, 0xb4,
    0x3f, 0xf8, 0xef, 0xa0, 0x5c, 0x1f, 0xfc, 0x9b,
    0xf4, 0x87, 0xff, 0x2e, 0xf0, 0x7f, 0xf3, 0xfd,
    0x7, 0xff, 0x25, 0x90, 0xbc, 0x1f, 0xfc, 0x8b,
    0xf9, 0x3c, 0x1f, 0xfc, 0x7f, 0xfc, 0xf0, 0x7f,
    0xf1, 0xaf, 0xe4, 0x7c, 0x87, 0xff, 0x15, 0xfe,
    0xd, 0xe0, 0xff, 0xe3, 0x7f, 0x7, 0x58, 0x7f,
    0xf1, 0x5f, 0xc1, 0xe7, 0xf, 0xfe, 0x2d, 0xf2,
    0x1e, 0xf0, 0x7f, 0xf0, 0x50, 0xbe, 0x83, 0xdd,
    0x87, 0xff, 0x7, 0x41, 0xf0, 0x7a, 0xc9, 0xf,
    0xf9, 0x82, 0xf2, 0x1d, 0x60, 0x60, 0xff, 0xb0,
    0xde, 0xe, 0xb0, 0xd8, 0x7f, 0xb8, 0x35, 0x86,
    0xb0, 0xed, 0xf, 0xd6, 0x1c, 0xe0, 0x7c, 0x1e,
    0x70, 0xf9, 0xc3, 0xeb, 0xe4, 0x3f, 0x68, 0x73,
    0x87, 0xff, 0x2b, 0x82, 0xb0, 0xff, 0xe6, 0x5f,
    0x41, 0xff, 0xda,

    /* U+0065 "e" */
    0xf, 0x3e, 0x90, 0xff, 0xe1, 0x3f, 0xe8, 0x3f,
    0xf8, 0xf, 0xfa, 0xd0, 0xff, 0x3f, 0xe8, 0x70,
    0xff, 0x7f, 0x90, 0xb0, 0xfe, 0xbf, 0x90, 0xd8,
    0x7f, 0x7f, 0x41, 0x9c, 0x3f, 0x5f, 0xc1, 0xda,
    0x1f, 0xaf, 0xc8, 0x6b, 0xf, 0xdf, 0xd0, 0x6b,
    0xf, 0xdb, 0xf8, 0x27, 0xc1, 0xf9, 0xcf, 0xfc,
    0x87, 0xf6, 0xf, 0x90, 0xff, 0xe0, 0xf0, 0x2f,
    0x7, 0xff, 0x6, 0x81, 0x5e, 0xf, 0xfe, 0x5,
    0x86, 0x7c, 0x1f, 0xf5, 0x87, 0xb8, 0x3f, 0xd6,
    0x1f, 0x58, 0x7f, 0x70, 0x7f, 0x61, 0xf5, 0xa1,
    0xfe, 0x74, 0x2b, 0x83, 0xff, 0x82, 0xfe, 0x83,
    0xff, 0xaa,

    /* U+0066 "f" */
    0xf, 0xe7, 0xe4, 0x3f, 0xdf, 0xe4, 0x3f, 0x7f,
    0xe0, 0xfb, 0xff, 0x90, 0xeb, 0xfe, 0x18, 0x33,
    0xff, 0x1, 0xc3, 0x7f, 0xc1, 0x38, 0x4f, 0xf9,
    0x9, 0x82, 0xbf, 0xa0, 0xd4, 0xb, 0xfc, 0x1d,
    0xa0, 0x7f, 0x83, 0xd8, 0x57, 0xe8, 0x3a, 0x81,
    0x7f, 0x7, 0xb4, 0x2f, 0xd0, 0x75, 0x2, 0x7f,
    0x7, 0xb0, 0xd7, 0xd0, 0x77, 0x6, 0xfc, 0x1d,
    0x61, 0xdf, 0x83, 0x58, 0x7b, 0xe8, 0x2b, 0xf,
    0x3f, 0x20, 0xb0, 0xf9, 0xf8, 0x1e, 0xf, 0xcf,
    0xd7, 0x7, 0xf5, 0xf8, 0x3f, 0xeb, 0xd0, 0x7f,
    0xf0, 0x2f, 0x7, 0xff, 0x6, 0xf0, 0x7f, 0xf0,
    0x6f, 0x7, 0xff, 0x6, 0xf0, 0x7f, 0xf0, 0x5e,
    0xf, 0xfe, 0xb, 0xc1, 0xff, 0xc1, 0x78, 0x3f,
    0xea, 0x1c, 0x1f, 0xeb, 0x7, 0x7, 0xe7, 0xc1,
    0x70, 0x79, 0xf2, 0x1a, 0xff, 0xa4, 0x3c, 0xed,
    0xa1, 0xff, 0x61, 0x68, 0x7f, 0xb4, 0x2c, 0x3f,
    0xd4, 0xa, 0x43, 0xfd, 0x84, 0xc1, 0xfe, 0xa0,
    0x28, 0x1f, 0xf6, 0x9a, 0x1f, 0xf3, 0xe8, 0x3f,
    0xf9, 0x80,

    /* U+0067 "g" */
    0xf, 0xfe, 0xab, 0xf9, 0xc, 0x87, 0xff, 0xd,
    0xff, 0x47, 0xe0, 0xff, 0xe0, 0xbf, 0xc9, 0xfe,
    0xf, 0xfe, 0xf, 0xf0, 0x4f, 0xf0, 0x7f, 0xf0,
    0x2f, 0xc1, 0xdf, 0xc1, 0xff, 0xc0, 0xfc, 0x87,
    0x5f, 0x83, 0xfe, 0x7f, 0x7, 0xbf, 0x83, 0xfe,
    0x7e, 0x43, 0xaf, 0xe0, 0xfa, 0x41, 0x7c, 0x1e,
    0xdf, 0xc1, 0xf6, 0x15, 0xe4, 0x3b, 0x8f, 0xc1,
    0xea, 0x4, 0xf8, 0x3a, 0xc1, 0xf8, 0x3d, 0x86,
    0x7c, 0x19, 0xc2, 0xfc, 0x1d, 0xc1, 0xde, 0x9,
    0xd0, 0xbe, 0x83, 0x70, 0x79, 0xc1, 0x68, 0x6f,
    0xa0, 0x3c, 0x1f, 0xaf, 0x83, 0xdf, 0x4d, 0xa1,
    0xff, 0xc6, 0x7f, 0xa0, 0xff, 0xe4, 0x3f, 0x21,
    0xff, 0xc8, 0xbf, 0x83, 0xff, 0x8f, 0x70, 0xfc,
    0x1f, 0xfc, 0x57, 0x82, 0x7e, 0xf, 0xfe, 0x27,
    0x7, 0x3e, 0x83, 0xff, 0x84, 0xe8, 0x79, 0xf2,
    0x1f, 0xfc, 0x17, 0x43, 0xe7, 0xc1, 0xff, 0xc2,
    0xd0, 0xfd, 0x78, 0x3f, 0xf8, 0x3c, 0x1f, 0xd7,
    0x7, 0xff, 0x1, 0xc3, 0xfd, 0x68, 0x7f, 0xf0,
    0x24, 0x3f, 0xde, 0xf, 0xfe, 0xe, 0x1f, 0xf7,
    0x7, 0xff, 0x7, 0xf, 0xf3, 0x87, 0xff, 0xb,
    0xf, 0xf6, 0x87, 0xff, 0xa, 0x81, 0xfb, 0x83,
    0xff, 0x89, 0x87, 0xde, 0xf, 0xfe, 0x2b, 0xa0,
    0x6e, 0xf, 0xfe, 0x3b, 0x7d, 0x7, 0xff, 0x18,

    /* U+0068 "h" */
    0xf, 0xfe, 0x5, 0xf2, 0x1f, 0xfc, 0x8b, 0xfd,
    0x7, 0xff, 0x1a, 0xff, 0xc8, 0x7f, 0xf1, 0x3f,
    0xf4, 0xe1, 0xff, 0xc3, 0xbf, 0xd0, 0x58, 0x7f,
    0xf0, 0xaf, 0xf4, 0x1b, 0x43, 0xff, 0x83, 0xfe,
    0x43, 0xb4, 0x3f, 0xf8, 0x1f, 0xe8, 0x3d, 0x87,
    0xff, 0x1, 0xfe, 0x83, 0xec, 0x3f, 0xf8, 0x1f,
    0xe0, 0xf9, 0x83, 0xfe, 0x7f, 0x83, 0xf6, 0x87,
    0xfd, 0x7e, 0x83, 0xe7, 0xf, 0xfe, 0x7, 0xf0,
    0x7e, 0xd0, 0xff, 0x9f, 0xc8, 0x7d, 0x40, 0xff,
    0xe0, 0x5f, 0x83, 0xeb, 0xf, 0xfe, 0xf, 0xe8,
    0x3d, 0x61, 0xff, 0xc2, 0xfc, 0x1e, 0xb0, 0xff,
    0xe1, 0x3f, 0x41, 0x9e, 0xf, 0xfe, 0x1d, 0xf2,
    0x15, 0xa1, 0xff, 0xc4, 0xbe, 0x1f, 0x21, 0xff,
    0xc6, 0xfe, 0x90, 0xff, 0xe4, 0x7d, 0x7, 0xff,
    0x2f, 0xe4, 0x3f, 0xf9, 0x7f, 0x7, 0xff, 0x33,
    0xe0, 0xff, 0xe6, 0x7c, 0x1f, 0xfc, 0xcf, 0x83,
    0xf5, 0xe9, 0xf, 0xfb, 0xe0, 0xf5, 0xcd, 0xe0,
    0xff, 0xbd, 0x7, 0x58, 0x5f, 0x21, 0xfe, 0xf4,
    0x1a, 0xc2, 0x7e, 0x83, 0xfd, 0x70, 0x4e, 0x1b,
    0xf4, 0x1f, 0x92, 0xf0, 0x5a, 0x13, 0xf9, 0xf,
    0xa8, 0x3e, 0x3, 0x86, 0xfe, 0xf, 0x9c, 0x2f,
    0x3, 0xe, 0xfe, 0xf, 0xb4, 0x2f, 0x14, 0xc,
    0xfe, 0x83, 0xd6, 0x1a, 0xcc, 0x3a, 0xfc, 0x1f,
    0x61, 0xce, 0xe1, 0xdf, 0xc1, 0xea, 0x7, 0xbc,
    0x87, 0x7e, 0x83, 0xd8, 0x7d, 0x61, 0xcf, 0xe4,
    0x3a, 0x81, 0xfa, 0xe, 0x7f, 0x7, 0xb0, 0xff,
    0xe1, 0xbf, 0x83, 0xb4, 0x3f, 0xf8, 0x9f, 0x41,
    0x9c, 0x3f, 0xf8, 0xbf, 0x21, 0xb4, 0x3f, 0xf8,
    0xbf, 0x6, 0x70, 0xff, 0xe3, 0x3e, 0xd, 0x87,
    0xff, 0x23, 0xc1, 0x70, 0x7f, 0xf2, 0x7d, 0x70,
    0x7f, 0xf2, 0xd4, 0x1f, 0xf0,

    /* U+0069 "i" */
    0x1a, 0x7, 0xe7, 0xf0, 0x7d, 0x7e, 0xf, 0x9f,
    0xc1, 0xfa, 0xf2, 0x1f, 0xfc, 0x95, 0x7, 0xf7,
    0xe0, 0xf9, 0xfc, 0x1f, 0x3f, 0x83, 0xe7, 0xe8,
    0x3e, 0x7e, 0x43, 0xe7, 0xe4, 0x3f, 0x7c, 0x1e,
    0x93, 0xe0, 0xf6, 0xf, 0x83, 0xd8, 0x2f, 0x7,
    0x48, 0x2f, 0x21, 0xb0, 0x9f, 0x21, 0x48, 0x6f,
    0x40, 0x60, 0xe7, 0xc3, 0x87, 0xcf, 0xa0, 0xe0,

    /* U+006A "j" */
    0xf, 0xfe, 0xdf, 0xc1, 0xff, 0xca, 0xbe, 0x43,
    0xff, 0x92, 0xfc, 0x87, 0xff, 0x2a, 0xe0, 0xff,
    0xf2, 0xd4, 0x87, 0xff, 0x27, 0xf8, 0x3f, 0xf9,
    0x3f, 0xc1, 0xff, 0xc9, 0x7f, 0x21, 0xff, 0xc9,
    0xfc, 0x87, 0xff, 0x27, 0xf2, 0x1f, 0xfc, 0x9b,
    0xe8, 0x3f, 0xf9, 0x37, 0xd0, 0x7f, 0xf2, 0x5f,
    0xa0, 0xf6, 0x87, 0xff, 0xb, 0xe8, 0x3d, 0x87,
    0xff, 0xf, 0xe8, 0x3a, 0x81, 0xff, 0xc3, 0xfc,
    0x19, 0xc3, 0xff, 0x89, 0x7c, 0x13, 0x87, 0xff,
    0x16, 0xf8, 0x16, 0x87, 0xff, 0x15, 0xf9, 0xf0,
    0x7f, 0xf1, 0xdf, 0xc8, 0x7f, 0xf1, 0xdf, 0xa0,
    0xff, 0xe3, 0x3e, 0x9f, 0x41, 0xff, 0xc4, 0xb9,
    0xb, 0xc8, 0x7f, 0xf0, 0xae, 0xf, 0x79, 0xf,
    0xfe, 0xf, 0x7, 0xef, 0x21, 0xff, 0x3a, 0x1f,
    0xde, 0xf, 0xf9, 0xd0, 0xff, 0x78, 0x3f, 0xed,
    0xf, 0xf3, 0xe0, 0xff, 0x50, 0x3f, 0xe7, 0x83,
    0xfd, 0x87, 0xff, 0x2, 0xd0, 0xff, 0x61, 0xff,
    0xc0, 0xb0, 0xff, 0x30, 0x7f, 0xf0, 0x38, 0x3f,
    0xce, 0x1f, 0xfc, 0xc, 0x3f, 0xf8, 0x18, 0x7f,
    0xd4, 0xf, 0xfe, 0x5, 0x3, 0xf9, 0xc3, 0xff,
    0x85, 0xa1, 0xf3, 0xa1, 0xff, 0xc3, 0xe4, 0x27,
    0xc1, 0xff, 0xc6, 0x6f, 0xc8, 0x7f, 0xf0, 0xc0,

    /* U+006B "k" */
    0xf, 0xf9, 0xfa, 0xf, 0xfe, 0xb, 0xff, 0x7,
    0xfc, 0xff, 0xf0, 0x7f, 0x3f, 0xf4, 0xe8, 0x7c,
    0xff, 0xc8, 0x28, 0x1f, 0x7f, 0xc1, 0x98, 0x3d,
    0xff, 0x7, 0x30, 0x73, 0xfe, 0xf, 0x30, 0x77,
    0xf8, 0x3e, 0x90, 0xcf, 0xf2, 0x1f, 0x61, 0xdf,
    0xd0, 0x7c, 0xe1, 0x9f, 0xe0, 0xfd, 0xa1, 0xaf,
    0xc8, 0x7d, 0x61, 0xdf, 0xc1, 0xf3, 0x87, 0x3f,
    0x90, 0xfb, 0x43, 0xaf, 0xc1, 0xf6, 0x87, 0xbf,
    0x21, 0xce, 0x87, 0xdf, 0x83, 0xad, 0xf, 0xdf,
    0x41, 0x5c, 0x1f, 0xcf, 0xca, 0xbc, 0x87, 0xf9,
    0xfe, 0x83, 0xff, 0x83, 0x7c, 0x1f, 0xfc, 0x4b,
    0xd0, 0x7f, 0xf1, 0x2f, 0x41, 0xff, 0xc4, 0xbc,
    0x87, 0xff, 0x12, 0xf2, 0x1c, 0xa0, 0xfe, 0xbc,
    0x19, 0xfc, 0x1f, 0xaf, 0x4, 0xef, 0xd0, 0x7d,
    0x78, 0x2d, 0x2f, 0x41, 0xf3, 0xe0, 0x50, 0x1f,
    0x21, 0xf3, 0xe0, 0x60, 0x7e, 0xf, 0xef, 0x14,
    0x7, 0xc1, 0xf3, 0x9e, 0x35, 0x7c, 0x87, 0xda,
    0x79, 0xef, 0x83, 0xf5, 0x1, 0x77, 0xc8, 0x7e,
    0x70, 0x9f, 0xe4, 0x3e, 0x70, 0xef, 0x5e, 0x83,
    0xed, 0xe, 0xb3, 0xe0, 0xf6, 0x87, 0xd8, 0xf9,
    0xd, 0xc1, 0xfb, 0x4f, 0x82, 0xe0, 0xff, 0xe0,
    0xfa, 0x78, 0x3f, 0xf8, 0x77, 0x90, 0xfc,

    /* U+006C "l" */
    0xf, 0xf5, 0xe8, 0x3f, 0xf8, 0xf, 0xf8, 0x3f,
    0xef, 0xf9, 0xf, 0xef, 0xfa, 0xc3, 0xf5, 0xfe,
    0x1c, 0x3e, 0x7f, 0xc8, 0x30, 0xfb, 0xfe, 0xb,
    0xf, 0x3f, 0xe0, 0xd8, 0x7b, 0xfd, 0x4, 0xe1,
    0xcf, 0xf8, 0x33, 0x87, 0x7f, 0x90, 0xd4, 0xe,
    0xff, 0x7, 0x68, 0x6b, 0xf9, 0xe, 0xc3, 0xbf,
    0xc1, 0xce, 0x1d, 0xfc, 0x87, 0x48, 0x67, 0xf8,
    0x3d, 0x87, 0x5f, 0xa0, 0xea, 0x7, 0x7f, 0x21,
    0x9c, 0x3d, 0xfc, 0x1d, 0xa1, 0xcf, 0xe8, 0x35,
    0x3, 0xcf, 0xe4, 0x2b, 0xf, 0xaf, 0xc0, 0x78,
    0x3f, 0x5f, 0x9b, 0x43, 0xfa, 0xfe, 0x43, 0xfe,
    0xfc, 0x87, 0xff, 0x7, 0xf0, 0x7f, 0xf0, 0xbf,
    0x7, 0xff, 0xb, 0xf0, 0x7f, 0xf0, 0xbf, 0x7,
    0xff, 0xa, 0xf8, 0x3f, 0xf8, 0xa, 0xbe, 0xf,
    0xfe, 0x6, 0xaf, 0x83, 0xfe, 0x71, 0xf8, 0x3f,
    0xed, 0x7, 0xc1, 0xfe, 0xa0, 0x57, 0x83, 0xfa,
    0xc3, 0x3e, 0x43, 0xeb, 0xf, 0x7a, 0xf, 0x78,
    0x3f, 0x78, 0x35, 0xc1, 0xfe, 0xbf, 0x41, 0xff,
    0xce,

    /* U+006D "m" */
    0xf, 0xfe, 0x42, 0x83, 0xff, 0x9e, 0xfe, 0xf,
    0xfe, 0x6b, 0xdf, 0x7, 0xf9, 0x60, 0xff, 0x9c,
    0xfc, 0x87, 0xef, 0xc8, 0x7f, 0xb4, 0xfc, 0x87,
    0xcf, 0xe4, 0x3f, 0xa8, 0x3f, 0x83, 0xf5, 0xf8,
    0x3f, 0xd8, 0x2f, 0xc1, 0xfa, 0xfa, 0x9, 0x41,
    0xb4, 0x1f, 0xc1, 0xfa, 0xf9, 0x7, 0xe0, 0x38,
    0x1f, 0xe0, 0xfd, 0x7c, 0x9f, 0xc9, 0xa0, 0xbf,
    0x41, 0xfa, 0xf8, 0x77, 0xe8, 0xc2, 0xfe, 0x43,
    0xf5, 0xf1, 0xa7, 0xea, 0x5, 0xfc, 0x1f, 0xcf,
    0xce, 0xf, 0xe0, 0xdf, 0xc1, 0xf5, 0x1f, 0x5a,
    0xf, 0xe0, 0x9f, 0xd0, 0x7d, 0xa7, 0xac, 0x2b,
    0xe8, 0x27, 0xf2, 0x1f, 0x60, 0xfa, 0xa, 0xf9,
    0xa, 0xfc, 0x1f, 0x50, 0x1f, 0x21, 0x5f, 0x21,
    0x5f, 0x83, 0xec, 0x2b, 0xc1, 0xaf, 0x90, 0xaf,
    0xc1, 0xea, 0x6, 0xf0, 0x6b, 0xe4, 0x2f, 0xd0,
    0x7b, 0xe, 0xe0, 0xd7, 0xc1, 0xaf, 0xa0, 0xea,
    0x7, 0x30, 0x77, 0x90, 0xd7, 0xd0, 0x76, 0x1f,
    0xfc, 0x87, 0xe8, 0x37, 0x7, 0xff, 0x27, 0xe8,
    0x2b, 0xf, 0xfe, 0x53, 0xf0, 0x1c, 0x3f, 0xf9,
    0x97, 0xa9, 0x87, 0xff, 0x3a, 0xf4, 0x1f, 0x80,

    /* U+006E "n" */
    0xf, 0xfe, 0x2, 0xc1, 0xff, 0xc8, 0x7d, 0x78,
    0x3f, 0xcf, 0xc1, 0x9e, 0x5, 0xe0, 0xfe, 0xfc,
    0x81, 0xd0, 0xbe, 0xf, 0xcf, 0xe4, 0x1a, 0x15,
    0xf0, 0x7e, 0x7f, 0x3, 0x83, 0x7e, 0xf, 0xcf,
    0xe1, 0xc3, 0x3f, 0x83, 0xf5, 0xf4, 0x68, 0x6f,
    0xe0, 0xfd, 0x7c, 0xac, 0x33, 0xfa, 0xf, 0xcf,
    0xc6, 0x86, 0xbf, 0x21, 0xe9, 0x5f, 0x38, 0x77,
    0xf0, 0x7d, 0x8f, 0xe4, 0x33, 0xfa, 0xf, 0x38,
    0x3f, 0x7, 0x5f, 0x90, 0xf5, 0x1, 0xf4, 0x1d,
    0xfc, 0x1f, 0x61, 0x7c, 0x87, 0x7e, 0x83, 0xd4,
    0xa, 0xf0, 0x7b, 0xf0, 0x7d, 0x86, 0x7c, 0x1c,
    0xfe, 0xf, 0x50, 0x3b, 0xc1, 0xcf, 0xd0, 0x7b,
    0xf, 0x58, 0x7b, 0xe8, 0x3b, 0x83, 0xe4, 0x3d,
    0xf2, 0x1a, 0xc3, 0xff, 0x86, 0xfa, 0x9, 0xc3,
    0xff, 0x8b, 0xf2, 0xbc, 0x1f, 0xfc, 0x7b, 0xe4,
    0x3f, 0x0,

    /* U+006F "o" */
    0xe, 0x6f, 0x90, 0xff, 0xe1, 0xff, 0xe0, 0xff,
    0xe0, 0xf0, 0x1f, 0xe0, 0xff, 0xb8, 0x3a, 0xfc,
    0x1f, 0xce, 0x1f, 0x7e, 0x43, 0xf6, 0x87, 0xcf,
    0xd0, 0x7e, 0xc1, 0x68, 0x6f, 0xc1, 0xf3, 0x9f,
    0x83, 0x7e, 0xf, 0xa8, 0x7e, 0xd, 0x7c, 0x1f,
    0x51, 0xfc, 0x1a, 0xf8, 0x3a, 0x8e, 0xfd, 0x6,
    0xbe, 0xd, 0x60, 0xfe, 0x43, 0x7e, 0xa, 0xd0,
    0x5f, 0x90, 0xdf, 0x40, 0xf0, 0x77, 0xe4, 0x37,
    0xcd, 0xe0, 0xf5, 0xf2, 0x1b, 0xf9, 0xf, 0x9f,
    0xff, 0x90, 0xff, 0x7c, 0x85, 0x78, 0x3f, 0xf8,
    0x17, 0x90, 0xbc, 0x87, 0xff, 0x7, 0xe0, 0x5a,
    0x1f, 0xfc, 0x3b, 0xf2, 0x1f, 0xfd, 0x50,

    /* U+0070 "p" */
    0x2, 0x83, 0xff, 0x8f, 0xf2, 0x19, 0x41, 0xfe,
    0x7f, 0x1, 0xfc, 0x1f, 0xd7, 0xe6, 0xfe, 0x83,
    0xf5, 0xfe, 0x1f, 0xc1, 0xfb, 0xfc, 0x17, 0xe4,
    0x3e, 0xfe, 0xd, 0xfa, 0xf, 0xbf, 0x21, 0xbf,
    0x41, 0xf7, 0xe0, 0xef, 0xd0, 0x6a, 0x1f, 0x83,
    0xbf, 0x21, 0x38, 0x3e, 0x83, 0xbf, 0x1, 0xb4,
    0x7e, 0x41, 0x7f, 0xf4, 0x13, 0xf0, 0x39, 0x5f,
    0x41, 0xf3, 0xf1, 0x20, 0x7e, 0x43, 0xe7, 0xe3,
    0xa, 0xf8, 0x3f, 0x3f, 0x18, 0x5f, 0x7, 0xf3,
    0xf1, 0x41, 0xf4, 0x1f, 0xcf, 0xa0, 0x7e, 0x83,
    0xfc, 0xfa, 0xa, 0x88, 0x7f, 0xf0, 0x3d, 0x7,
    0xff, 0x1b, 0xd0, 0x7f, 0xf1, 0xbd, 0x7, 0xff,
    0x1b, 0xd0, 0x7f, 0xf1, 0xbd, 0x7, 0xff, 0x1a,
    0xe0, 0xff, 0xe3, 0x5e, 0xf, 0xfe, 0x33, 0xe0,
    0xff, 0xe3, 0x3e, 0xf, 0xfe, 0x3f, 0x83, 0xff,
    0x8f, 0xe0, 0xff, 0xe3, 0xd8, 0x7f, 0xf1, 0xdc,
    0x3f, 0xf9, 0x18, 0x7f, 0xf2, 0x30, 0xff, 0xed,
    0x0,

    /* U+0071 "q" */
    0xc, 0xfd, 0x7, 0xff, 0x16, 0xff, 0x1, 0x60,
    0xff, 0x5f, 0xc3, 0xdf, 0x83, 0xf3, 0xfa, 0xb,
    0xfa, 0xf, 0xdf, 0xc1, 0x9f, 0xc8, 0x7c, 0xfe,
    0xf, 0x7e, 0xf, 0xd7, 0xc8, 0x75, 0xf2, 0x1e,
    0xa7, 0xe0, 0xf7, 0xe0, 0xfb, 0x3e, 0x43, 0xaf,
    0xa0, 0xf7, 0x1f, 0x7, 0x3f, 0x90, 0xea, 0x3,
    0xd0, 0x76, 0xfc, 0x1d, 0x61, 0x5a, 0x1b, 0x8f,
    0x83, 0x58, 0x67, 0x42, 0xe0, 0x7a, 0xb, 0x83,
    0xdc, 0x3c, 0x17, 0x91, 0xd0, 0xfd, 0xf2, 0x1b,
    0xd7, 0x83, 0xff, 0x8d, 0xf8, 0x3f, 0xf8, 0xfe,
    0x6d, 0xf, 0xfe, 0x2f, 0x5, 0xa1, 0xff, 0xc4,
    0xe0, 0xd8, 0x7f, 0xf1, 0x34, 0x33, 0x87, 0xff,
    0xf, 0x43, 0xb0, 0xff, 0xe1, 0xe8, 0x75, 0x3,
    0xff, 0x85, 0x87, 0x9c, 0x3f, 0xf8, 0x58, 0x7d,
    0x87, 0xff, 0xb, 0x43, 0xd8, 0x7f, 0xf0, 0xa4,
    0x3d, 0x87, 0xff, 0xa, 0x81, 0xec, 0x3f, 0xf8,
    0x4c, 0x1c, 0xe1, 0xff, 0xc3, 0xc3, 0xa8, 0x1f,
    0xfc, 0x3d, 0xd, 0x87, 0xff, 0x11, 0xc2, 0xa0,
    0x7f, 0xf1, 0x78, 0x70, 0xff, 0xe3, 0xde, 0xf,
    0x80,

    /* U+0072 "r" */
    0xc, 0x87, 0xff, 0x1d, 0xfc, 0x1f, 0xfc, 0x5f,
    0xa7, 0xf, 0xfe, 0x1d, 0xf0, 0x24, 0x3f, 0xf8,
    0x5f, 0x81, 0x21, 0xff, 0xc1, 0x7e, 0x81, 0x21,
    0xff, 0xc1, 0x7e, 0x41, 0xa1, 0xff, 0xc1, 0x7e,
    0x3, 0x87, 0xff, 0xf, 0xe0, 0x68, 0x7f, 0xf0,
    0xfe, 0x68, 0x1f, 0xfc, 0x47, 0xe8, 0x3f, 0xf8,
    0xd7, 0x83, 0x21, 0xfe, 0xa0, 0x4f, 0xfc, 0x1f,
    0xd8, 0x7e, 0xfd, 0x7, 0xce, 0x1f, 0xbf, 0x41,
    0xf6, 0x87, 0xef, 0xc8, 0x7d, 0x87, 0xf7, 0xe0,
    0xfa, 0x81, 0xf9, 0xfc, 0x1f, 0x68, 0x7e, 0x7f,
    0x7, 0x9c, 0x3f, 0x9f, 0xa0, 0xf6, 0x87, 0xf3,
    0xf2, 0x1c, 0xe1, 0xfe, 0x7e, 0x43, 0xb4, 0x3f,
    0xcf, 0xc1, 0xce, 0x1f, 0xf3, 0xf0, 0x76, 0x87,
    0xfc, 0xfc, 0x19, 0xc3, 0xff, 0x83, 0xf0, 0x6d,
    0xf, 0xfe, 0xf, 0xc1, 0x58, 0x7f, 0xf0, 0xaf,
    0x1, 0xc3, 0xff, 0x89, 0xe4, 0xd0, 0xff, 0xe2,
    0x3f, 0x21, 0xff, 0xd3,

    /* U+0073 "s" */
    0xe, 0x58, 0x3f, 0xf8, 0x77, 0x56, 0x1f, 0xfc,
    0x1b, 0xc1, 0x38, 0x7f, 0xcf, 0xa0, 0xd4, 0xf,
    0xf5, 0xe8, 0x3b, 0xf, 0xf7, 0xd0, 0x76, 0x1f,
    0xef, 0xc1, 0xd8, 0x7f, 0xbf, 0x7, 0x21, 0xfe,
    0xfc, 0x87, 0xff, 0xe, 0xfc, 0x1f, 0xfc, 0x4f,
    0xc1, 0xff, 0xc4, 0xbe, 0x83, 0xff, 0x89, 0xf8,
    0x3f, 0xf8, 0x8f, 0xd0, 0x7f, 0xf1, 0x2f, 0x83,
    0xf9, 0xd0, 0xef, 0xa0, 0xf3, 0xe4, 0x3e, 0xf8,
    0x3a, 0xd0, 0xfe, 0xbc, 0x82, 0xe0, 0xff, 0xe0,
    0x7c, 0xf0, 0x7f, 0xf0, 0xaf, 0x83, 0xff, 0x88,
    0xf9, 0xf, 0xfe, 0x27, 0xd0, 0x7f, 0xf0, 0xfa,
    0x70, 0x7f, 0xf0, 0x9c, 0x78, 0x3f, 0xf8, 0x54,
    0x1e, 0xf, 0xfe, 0x16, 0x8e, 0x87, 0xff, 0xb,
    0x3, 0x87, 0xff, 0xf, 0x4a, 0x7, 0xff, 0xe,
    0x8e, 0x1f, 0xfc, 0x5f, 0x21, 0xff, 0x0,

    /* U+0074 "t" */
    0xf, 0xd4, 0xf0, 0x7f, 0xf2, 0x6f, 0xd0, 0x7f,
    0xf2, 0x2f, 0xd0, 0x7f, 0xf2, 0x3f, 0x90, 0xff,
    0xe4, 0x7f, 0x21, 0xff, 0xc8, 0xfe, 0x43, 0xff,
    0x91, 0xfc, 0x1f, 0xfc, 0x9f, 0xe0, 0xfc, 0x87,
    0xff, 0x3, 0xf8, 0x3e, 0xa0, 0x7e, 0x6f, 0xf8,
    0x3e, 0xd0, 0xfa, 0xe4, 0xfe, 0x83, 0x3c, 0x1f,
    0x58, 0x6f, 0xeb, 0xf9, 0xf, 0xd0, 0x77, 0xf0,
    0x7f, 0xf2, 0x7f, 0x41, 0xff, 0xc9, 0xfd, 0x7,
    0xff, 0x27, 0xf4, 0x1f, 0xfc, 0x9f, 0xd0, 0x7f,
    0xf2, 0x7f, 0x21, 0xff, 0xc9, 0xfc, 0x87, 0xff,
    0x27, 0xf2, 0x1f, 0xfc, 0x9f, 0xc8, 0x7f, 0xf2,
    0x6f, 0x90, 0xff, 0xe4, 0xdf, 0x7, 0xff, 0x2a,
    0xf8, 0x3f, 0xf9, 0x57, 0xc1, 0xff, 0xca, 0xbe,
    0xf, 0xfe, 0x55, 0xf0, 0x7f, 0xf2, 0xaf, 0x83,
    0xff, 0x94, 0xfc, 0x1f, 0xfc, 0xa7, 0xe0, 0xff,
    0xe5, 0x3f, 0x7, 0xff, 0x29, 0xf8, 0x3f, 0xf8,
    0x38, 0x7e, 0x7e, 0xf, 0xfe, 0xe, 0x1f, 0xdf,
    0x7, 0xff, 0x1, 0xc3, 0xfb, 0xe0, 0xff, 0xe0,
    0x30, 0x7f, 0x7c, 0x87, 0xfd, 0x40, 0xfe, 0xf9,
    0xf, 0xfb, 0x43, 0xfb, 0xe4, 0x3f, 0xec, 0x3f,
    0xd7, 0x90, 0xff, 0x38, 0x7f, 0xaf, 0x41, 0xfe,
    0x90, 0xff, 0x3e, 0x83, 0xfd, 0x87, 0xff, 0x3,
    0xd0, 0x7f, 0x38, 0x7f, 0xf0, 0x3e, 0xf, 0xed,
    0xf, 0xfe, 0x5, 0xe0, 0xfc, 0xe1, 0xff, 0xc1,
    0x7c, 0x1f, 0xb4, 0x3f, 0xf8, 0x5e, 0x43, 0xce,
    0x1f, 0xfc, 0x3b, 0x83, 0xda, 0x1f, 0xfc, 0x4f,
    0x7, 0x70, 0x7f, 0xf1, 0x5d, 0x3, 0xc1, 0xff,
    0xc7, 0x7f, 0x21, 0xff, 0xd6,

    /* U+0075 "u" */
    0x7, 0xd0, 0x7f, 0xf3, 0x2f, 0xc1, 0xff, 0xcc,
    0xfe, 0xf, 0xeb, 0xc8, 0x7f, 0xdf, 0xa0, 0xfd,
    0xfc, 0x1f, 0xf7, 0xe4, 0x3f, 0x7e, 0x83, 0xfe,
    0xfc, 0x1f, 0xdf, 0x90, 0xff, 0xbf, 0x7, 0xe7,
    0xf0, 0x7f, 0xcf, 0xd0, 0x7e, 0x7f, 0x7, 0xfc,
    0xfc, 0x87, 0xe7, 0xf0, 0x7f, 0xcf, 0xc1, 0xfd,
    0x7d, 0x7, 0xfc, 0xfc, 0x1f, 0xdf, 0x90, 0xff,
    0x9f, 0x83, 0xf3, 0xf9, 0xf, 0xec, 0x7e, 0xf,
    0xd7, 0xe0, 0xfe, 0xa0, 0xfa, 0xf, 0xdd, 0xf0,
    0x7f, 0x60, 0x7d, 0x7, 0xd5, 0x7c, 0x1f, 0xa8,
    0x7, 0xd0, 0x7d, 0x8f, 0xc1, 0xfb, 0xd, 0xe8,
    0x3d, 0x41, 0xf8, 0x3e, 0xd0, 0xde, 0x83, 0x9c,
    0x2f, 0x41, 0xeb, 0xe, 0xf4, 0x1d, 0xa1, 0x7a,
    0xe, 0xb0, 0xf3, 0xc1, 0xb8, 0x33, 0xc1, 0x9c,
    0x3f, 0x78, 0xf, 0x7, 0xbc, 0x15, 0x87, 0xfa,
    0xf9, 0xf, 0xd7, 0xd0, 0x7f, 0xf6, 0x40,

    /* U+0076 "v" */
    0xf, 0xfe, 0x5, 0xf2, 0x1f, 0xfc, 0x9e, 0x3,
    0xa1, 0xff, 0xc7, 0xa0, 0x67, 0xf, 0xfe, 0x33,
    0x87, 0xa8, 0x1f, 0xe6, 0xd0, 0xa8, 0x1e, 0x70,
    0xfe, 0xfd, 0x5, 0xa1, 0xf6, 0x1f, 0x9f, 0xc8,
    0x58, 0x7e, 0xd0, 0xfd, 0xf9, 0xb, 0xf, 0xda,
    0x1f, 0xbf, 0x21, 0x61, 0xfa, 0x43, 0xf7, 0xe4,
    0x2c, 0x3f, 0x68, 0x7e, 0xfc, 0x85, 0xa1, 0xf6,
    0x87, 0xeb, 0xe4, 0x29, 0xf, 0xb0, 0xfe, 0x7e,
    0x42, 0x70, 0xfb, 0xf, 0xe7, 0xe4, 0x36, 0x1e,
    0x60, 0xff, 0x7c, 0x86, 0x90, 0xed, 0xf, 0xf7,
    0xd0, 0x76, 0x1d, 0x87, 0xfd, 0x7a, 0xe, 0xa0,
    0x54, 0xf, 0x98, 0xf, 0xc1, 0xed, 0x6, 0x1f,
    0xb4, 0x2f, 0x83, 0xed, 0xa0, 0x79, 0xd0, 0xdf,
    0x7, 0xef, 0x41, 0x9b, 0x43, 0xaf, 0x7, 0xee,
    0x9f, 0xc8, 0x7e, 0xf2, 0x1e, 0xb0, 0xff, 0xe2,
    0x5c, 0x1c, 0xe1, 0xff, 0xc6, 0xf0, 0x67, 0x43,
    0xff, 0x8c, 0xe8, 0x1d, 0xf, 0xfe, 0x43, 0xf4,
    0x1f, 0xfd, 0xf0,

    /* U+0077 "w" */
    0xf, 0xfe, 0x65, 0xe8, 0x3f, 0xf8, 0x6f, 0xe4,
    0x3f, 0xf8, 0x9c, 0xab, 0x43, 0xff, 0x83, 0xfe,
    0xf, 0xfe, 0x1f, 0x6, 0x70, 0xff, 0xe0, 0xff,
    0x21, 0xff, 0xc3, 0xc3, 0xce, 0x1f, 0xfc, 0xf,
    0xe0, 0xff, 0xe2, 0x61, 0xf6, 0x87, 0xf9, 0xfc,
    0x87, 0xff, 0x13, 0xf, 0x9c, 0x3f, 0xcf, 0xe0,
    0xff, 0xe2, 0xe1, 0xfb, 0x43, 0xf9, 0xfc, 0x1f,
    0xfc, 0x5c, 0x3f, 0x50, 0x3e, 0x69, 0xf4, 0x1f,
    0xfc, 0x16, 0x49, 0xf, 0x9c, 0x3e, 0xdb, 0xe4,
    0x3f, 0xf8, 0x1f, 0x87, 0xf, 0xd8, 0x7b, 0x4b,
    0xe0, 0xff, 0xe0, 0x3f, 0x81, 0xa1, 0xf6, 0x1d,
    0xc0, 0xbe, 0xf, 0xfe, 0x7, 0xf0, 0x1c, 0x3e,
    0xc3, 0x70, 0x4f, 0xc1, 0xff, 0xc0, 0xfe, 0x9,
    0xd0, 0xec, 0xe, 0x86, 0x7d, 0x7, 0xfd, 0x7f,
    0x6, 0x79, 0xb, 0xbc, 0x1f, 0x7a, 0xf, 0xfb,
    0xbf, 0x7, 0xaf, 0xf2, 0x1f, 0xbd, 0x7, 0xfa,
    0x8f, 0xe0, 0xff, 0xb0, 0xff, 0x5c, 0x1f, 0xce,
    0xf, 0xc8, 0x7f, 0xb0, 0xff, 0xb8, 0x3f, 0xb4,
    0x1f, 0x90, 0xfe, 0x70, 0xff, 0xac, 0x3f, 0x70,
    0x57, 0xd0, 0x7f, 0x50, 0x3f, 0xf8, 0x18, 0x7d,
    0xc1, 0xdf, 0x83, 0xfb, 0xf, 0xfe, 0xb, 0xa1,
    0x5c, 0x1e, 0xbe, 0xf, 0xce, 0x1f, 0xfc, 0x27,
    0xf4, 0x1f, 0xdf, 0x41, 0xf6, 0x87, 0xff, 0x45,
    0xf8, 0x3c, 0xe1, 0xff, 0xd3, 0xbc, 0x86, 0x70,
    0xff, 0xea, 0xde, 0xa, 0xd0, 0xff, 0xeb, 0xdf,
    0x41, 0xff, 0xec,

    /* U+0078 "x" */
    0xf, 0xfe, 0x2d, 0xf2, 0x1f, 0xfc, 0xcf, 0xce,
    0x87, 0xff, 0x2b, 0xf4, 0x28, 0x3f, 0xf8, 0x48,
    0x7a, 0xfc, 0x1f, 0xfc, 0x4b, 0xe0, 0xcf, 0xe4,
    0x3f, 0xf8, 0x6f, 0xe8, 0x2f, 0xd0, 0x7f, 0xd0,
    0x77, 0xf0, 0x3f, 0x83, 0xfe, 0xa0, 0x7b, 0xf9,
    0xfc, 0x87, 0xfd, 0xa1, 0xf7, 0xfe, 0x83, 0xfe,
    0x70, 0xfe, 0xff, 0x83, 0xff, 0x81, 0xa1, 0xfe,
    0xfe, 0xf, 0xfe, 0x5, 0x87, 0xfd, 0xfc, 0x1f,
    0xf3, 0x87, 0xfd, 0x7f, 0x41, 0xfc, 0xe8, 0x7f,
    0xdf, 0xaf, 0x21, 0xf5, 0xa1, 0xff, 0x7e, 0x3,
    0xe9, 0x9, 0xf0, 0x7f, 0xf0, 0x1f, 0x90, 0xcd,
    0xfc, 0x87, 0xff, 0x7, 0xe8, 0x3f, 0xf9, 0xbf,
    0x83, 0xff, 0x95, 0xd3, 0xe8, 0x3f, 0xf9, 0x6d,
    0xf2, 0x1f, 0xfc, 0xb0,

    /* U+0079 "y" */
    0x3, 0x44, 0x3f, 0xf9, 0x3f, 0xc8, 0x7f, 0xf2,
    0x3f, 0x83, 0xeb, 0xe4, 0x3f, 0xbf, 0x83, 0xcf,
    0xe8, 0x3f, 0xbf, 0x41, 0xe7, 0xf8, 0x3f, 0xbf,
    0x21, 0xe7, 0xf8, 0x3f, 0xbf, 0x21, 0xf7, 0xf0,
    0x7f, 0x5f, 0x7, 0xef, 0xd0, 0x7f, 0x5f, 0x7,
    0xef, 0xd0, 0x7f, 0x3f, 0x7, 0xeb, 0xe8, 0x3d,
    0xa0, 0xf8, 0x3f, 0x5f, 0x41, 0xdc, 0x15, 0xe0,
    0xfd, 0x7c, 0x84, 0xf0, 0x77, 0x83, 0xe7, 0xf2,
    0xb, 0x43, 0xd6, 0x87, 0x3d, 0xf0, 0xf0, 0x7f,
    0x5a, 0x15, 0x8f, 0xf0, 0x7f, 0xf0, 0x1f, 0xd0,
    0x1f, 0x90, 0xff, 0xe4, 0xfd, 0x7, 0xff, 0x22,
    0xfc, 0x87, 0xff, 0x1f, 0x8b, 0xc1, 0xff, 0xc6,
    0x74, 0x17, 0x83, 0xff, 0x8b, 0x61, 0xbd, 0x7,
    0xff, 0x13, 0x83, 0xbc, 0x87, 0xff, 0xf, 0x83,
    0xde, 0xf, 0xfe, 0x1f, 0x7, 0x9e, 0xf, 0xfe,
    0x17, 0x7, 0xd6, 0x1f, 0xfc, 0x2b, 0xf, 0xdc,
    0x1f, 0xfc, 0x17, 0xf, 0xce, 0x1f, 0xfc, 0x2d,
    0xf, 0xdc, 0x1f, 0xfc, 0x17, 0xf, 0xce, 0x1f,
    0xfc, 0x2a, 0x7, 0xed, 0xf, 0xfe, 0x16, 0x87,
    0xce, 0x1f, 0xfc, 0x3c, 0x3f, 0x68, 0x7f, 0xf0,
    0xf4, 0x3d, 0xc1, 0xff, 0xc4, 0xa0, 0x77, 0x7,
    0xff, 0x1b, 0x80, 0xf0, 0x7f, 0xf2, 0x2f, 0x48,
    0x7f, 0xf1, 0xc0,

    /* U+007A "z" */
    0xf, 0xe6, 0x43, 0xff, 0x93, 0xfe, 0x83, 0xff,
    0x8a, 0xff, 0xe8, 0x3f, 0xf8, 0x6e, 0x82, 0xfe,
    0xf, 0xfe, 0x1e, 0x86, 0xbf, 0x21, 0xff, 0xc1,
    0xa0, 0x7b, 0xf4, 0x1f, 0xfc, 0x1c, 0x3e, 0xbe,
    0x83, 0xff, 0x83, 0x87, 0xd7, 0xc8, 0x7f, 0xf0,
    0x18, 0x3e, 0xbe, 0xf, 0xfe, 0xb, 0x7, 0xdf,
    0x41, 0xfd, 0xa1, 0x21, 0xe7, 0xe0, 0xfe, 0xb0,
    0xff, 0xbe, 0x43, 0xf3, 0x87, 0xfd, 0xf0, 0x7f,
    0x3a, 0x1f, 0xcf, 0xc1, 0xfc, 0xe8, 0x7f, 0xbf,
    0x41, 0xf3, 0xa1, 0xff, 0x7f, 0x7, 0xac, 0x3f,
    0xf8, 0x2f, 0xe8, 0x37, 0x7, 0xff, 0xf, 0xf8,
    0xf, 0x7, 0xff, 0x12, 0xfd, 0x78, 0x3f, 0xf8,
    0xff, 0xd0, 0x7f, 0xf2, 0x3f, 0x90, 0xff, 0xe4,
    0x7f, 0x41, 0xff, 0xc6, 0x7f, 0xe0, 0xff, 0xe2,
    0xda, 0x7f, 0x7, 0xff, 0x12, 0xc2, 0xfe, 0xf,
    0xfe, 0x1f, 0x6, 0xbf, 0x7, 0xff, 0xb, 0x83,
    0x9f, 0xc1, 0xff, 0xc1, 0xb0, 0xf3, 0xf8, 0x3f,
    0xf8, 0x38, 0x7c, 0xfe, 0xf, 0xfe, 0x4, 0x87,
    0xef, 0xc1, 0xff, 0xc0, 0xc3, 0xfb, 0xe8, 0x3f,
    0xe7, 0xf, 0xcf, 0xc8, 0x7f, 0xd4, 0xf, 0xcf,
    0xc1, 0xff, 0xc0, 0xa0, 0x7e, 0xbc, 0x87, 0xff,
    0x1, 0x83, 0xf7, 0xa0, 0xff, 0xe1, 0x61, 0xfb,
    0xc1, 0xff, 0xc3, 0xd0, 0xf5, 0x87, 0xff, 0x17,
    0x82, 0x7c, 0x1f, 0xfc, 0x7f, 0xd2, 0x1f, 0xfd,
    0xf0,

    /* U+007B "{" */
    0x9, 0x90, 0xe7, 0xf4, 0x1b, 0xe9, 0xe0, 0x3f,
    0x23, 0x82, 0xf9, 0x2, 0xb, 0xe4, 0x3a, 0xfa,
    0xe, 0xbf, 0x7, 0x3f, 0x83, 0xdf, 0xa0, 0xef,
    0xe0, 0xe7, 0xf0, 0x7b, 0xf0, 0x7a, 0xf9, 0xe,
    0x7e, 0x43, 0x9f, 0x83, 0xcf, 0xc1, 0xeb, 0xd0,
    0x7b, 0xe0, 0xe7, 0xe4, 0x3a, 0xfa, 0xf, 0x7e,
    0xf, 0x5f, 0x7, 0x9f, 0x90, 0xf7, 0xd0, 0x7b,
    0xe8, 0x3d, 0xf8, 0x3d, 0xf8, 0x3d, 0xf4, 0x1e,
    0xfa, 0xe, 0x7e, 0x43, 0xaf, 0x83, 0xdf, 0x41,
    0xcf, 0xc1, 0xeb, 0xd0, 0x7a, 0xf2, 0x1e, 0xf8,
    0x3e, 0xf4, 0x1f, 0x7a, 0xe, 0x55, 0xc1, 0xdc,
    0xf8, 0x37, 0x81, 0xe4, 0x7c, 0x1a, 0xfa, 0xf,
    0xfe, 0x8,

    /* U+007C "|" */
    0x2e, 0x7, 0xca, 0xfa, 0x7e, 0x9f, 0xa7, 0xe9,
    0xfa, 0x7e, 0x9f, 0xa7, 0xe9, 0xfa, 0x7e, 0x9f,
    0xa7, 0xe9, 0xfa, 0x7e, 0x9f, 0xa7, 0xe9, 0xfa,
    0x7e, 0x9f, 0xa7, 0xe9, 0xfa, 0x7e, 0x9f, 0xa7,
    0xe9, 0xfa, 0x7e, 0x9f, 0xa7, 0xe9, 0xfa, 0x7e,
    0x9f, 0xa7, 0xe8, 0xf9, 0x2e, 0x0,

    /* U+007D "}" */
    0xd, 0x7a, 0xf, 0x5d, 0xf0, 0x67, 0x4f, 0xc1,
    0x30, 0x2f, 0x83, 0xef, 0xc1, 0xf7, 0xe4, 0x39,
    0xfc, 0x1e, 0xbf, 0x7, 0xbf, 0x83, 0xdf, 0xa0,
    0xe7, 0xf0, 0x7a, 0xfc, 0x1e, 0xbe, 0x43, 0xdf,
    0x83, 0xeb, 0xe0, 0xfa, 0xf8, 0x3e, 0x7e, 0xf,
    0xdf, 0x21, 0xf3, 0xf0, 0x7e, 0xfc, 0x1f, 0x7e,
    0xf, 0x3f, 0x21, 0xeb, 0xe0, 0xfb, 0xe8, 0x3e,
    0xfa, 0xf, 0x3f, 0x21, 0xe7, 0xe4, 0x3c, 0xfc,
    0x87, 0xdf, 0x41, 0xf7, 0xe0, 0xfa, 0xf8, 0x3e,
    0x7e, 0x43, 0xef, 0xa0, 0xfa, 0xf8, 0x3f, 0x7c,
    0x1f, 0xaf, 0x21, 0xf3, 0xe4, 0x3f, 0x79, 0x30,
    0xf7, 0x93, 0xc1, 0xde, 0xb, 0x82, 0x7c, 0x1b,
    0xcd, 0xe0, 0xf5, 0xe8, 0x20,

    /* U+007E "~" */
    0xe, 0x50, 0x7f, 0xf2, 0x1f, 0xf2, 0x1f, 0xfc,
    0x47, 0xff, 0xa0, 0xff, 0xbc, 0x7f, 0xff, 0x2,
    0xf, 0xdf, 0x3f, 0xff, 0xc3, 0x96, 0xbf, 0x3f,
    0x4, 0xdf, 0xff, 0xc3, 0x9e, 0xf, 0xaf, 0xff,
    0xe0, 0x8e, 0x1f, 0xeb, 0xff, 0xa0, 0xff, 0xe2,
    0x37, 0xe8, 0x30
};


/*---------------------
 *  GLYPH DESCRIPTION
 *--------------------*/

static const lv_font_fmt_txt_glyph_dsc_t glyph_dsc[] = {
    {.bitmap_index = 0, .adv_w = 0, .box_w = 0, .box_h = 0, .ofs_x = 0, .ofs_y = 0} /* id = 0 reserved */,
    {.bitmap_index = 0, .adv_w = 197, .box_w = 0, .box_h = 0, .ofs_x = 0, .ofs_y = 0},
    {.bitmap_index = 0, .adv_w = 82, .box_w = 5, .box_h = 44, .ofs_x = 0, .ofs_y = 4},
    {.bitmap_index = 58, .adv_w = 129, .box_w = 8, .box_h = 11, .ofs_x = 0, .ofs_y = 41},
    {.bitmap_index = 83, .adv_w = 612, .box_w = 38, .box_h = 38, .ofs_x = 0, .ofs_y = 2},
    {.bitmap_index = 318, .adv_w = 326, .box_w = 20, .box_h = 48, .ofs_x = 0, .ofs_y = 2},
    {.bitmap_index = 515, .adv_w = 359, .box_w = 23, .box_h = 42, .ofs_x = 0, .ofs_y = 9},
    {.bitmap_index = 702, .adv_w = 492, .box_w = 29, .box_h = 46, .ofs_x = 0, .ofs_y = 8},
    {.bitmap_index = 947, .adv_w = 57, .box_w = 4, .box_h = 11, .ofs_x = 0, .ofs_y = 41},
    {.bitmap_index = 960, .adv_w = 247, .box_w = 14, .box_h = 43, .ofs_x = 1, .ofs_y = 8},
    {.bitmap_index = 1075, .adv_w = 242, .box_w = 14, .box_h = 43, .ofs_x = 0, .ofs_y = 8},
    {.bitmap_index = 1190, .adv_w = 162, .box_w = 10, .box_h = 12, .ofs_x = 0, .ofs_y = 42},
    {.bitmap_index = 1217, .adv_w = 369, .box_w = 23, .box_h = 23, .ofs_x = 0, .ofs_y = 12},
    {.bitmap_index = 1298, .adv_w = 87, .box_w = 6, .box_h = 10, .ofs_x = -1, .ofs_y = 2},
    {.bitmap_index = 1313, .adv_w = 272, .box_w = 17, .box_h = 3, .ofs_x = 0, .ofs_y = 17},
    {.bitmap_index = 1323, .adv_w = 79, .box_w = 5, .box_h = 5, .ofs_x = 0, .ofs_y = 5},
    {.bitmap_index = 1329, .adv_w = 431, .box_w = 27, .box_h = 43, .ofs_x = 0, .ofs_y = 8},
    {.bitmap_index = 1487, .adv_w = 440, .box_w = 26, .box_h = 45, .ofs_x = 0, .ofs_y = 10},
    {.bitmap_index = 1714, .adv_w = 161, .box_w = 12, .box_h = 45, .ofs_x = -2, .ofs_y = 9},
    {.bitmap_index = 1821, .adv_w = 409, .box_w = 25, .box_h = 44, .ofs_x = 0, .ofs_y = 9},
    {.bitmap_index = 2004, .adv_w = 410, .box_w = 24, .box_h = 47, .ofs_x = 0, .ofs_y = 7},
    {.bitmap_index = 2207, .adv_w = 398, .box_w = 25, .box_h = 45, .ofs_x = 0, .ofs_y = 10},
    {.bitmap_index = 2389, .adv_w = 410, .box_w = 25, .box_h = 44, .ofs_x = 0, .ofs_y = 9},
    {.bitmap_index = 2566, .adv_w = 440, .box_w = 27, .box_h = 44, .ofs_x = 0, .ofs_y = 10},
    {.bitmap_index = 2780, .adv_w = 492, .box_w = 29, .box_h = 44, .ofs_x = 0, .ofs_y = 10},
    {.bitmap_index = 2956, .adv_w = 417, .box_w = 25, .box_h = 48, .ofs_x = 0, .ofs_y = 9},
    {.bitmap_index = 3201, .adv_w = 445, .box_w = 26, .box_h = 45, .ofs_x = 0, .ofs_y = 10},
    {.bitmap_index = 3411, .adv_w = 87, .box_w = 5, .box_h = 20, .ofs_x = 0, .ofs_y = 15},
    {.bitmap_index = 3424, .adv_w = 85, .box_w = 5, .box_h = 25, .ofs_x = 0, .ofs_y = 11},
    {.bitmap_index = 3445, .adv_w = 483, .box_w = 29, .box_h = 33, .ofs_x = 0, .ofs_y = 10},
    {.bitmap_index = 3576, .adv_w = 368, .box_w = 23, .box_h = 11, .ofs_x = 0, .ofs_y = 19},
    {.bitmap_index = 3604, .adv_w = 467, .box_w = 29, .box_h = 33, .ofs_x = 0, .ofs_y = 10},
    {.bitmap_index = 3734, .adv_w = 287, .box_w = 18, .box_h = 46, .ofs_x = 0, .ofs_y = 2},
    {.bitmap_index = 3886, .adv_w = 629, .box_w = 39, .box_h = 42, .ofs_x = 0, .ofs_y = 6},
    {.bitmap_index = 4181, .adv_w = 765, .box_w = 49, .box_h = 60, .ofs_x = 0, .ofs_y = -7},
    {.bitmap_index = 4600, .adv_w = 782, .box_w = 50, .box_h = 58, .ofs_x = 0, .ofs_y = -7},
    {.bitmap_index = 5067, .adv_w = 567, .box_w = 33, .box_h = 60, .ofs_x = 0, .ofs_y = -8},
    {.bitmap_index = 5371, .adv_w = 793, .box_w = 45, .box_h = 58, .ofs_x = 0, .ofs_y = -8},
    {.bitmap_index = 5821, .adv_w = 505, .box_w = 30, .box_h = 72, .ofs_x = 1, .ofs_y = -19},
    {.bitmap_index = 6154, .adv_w = 428, .box_w = 48, .box_h = 71, .ofs_x = 0, .ofs_y = -9},
    {.bitmap_index = 6475, .adv_w = 602, .box_w = 35, .box_h = 63, .ofs_x = 0, .ofs_y = -11},
    {.bitmap_index = 6826, .adv_w = 840, .box_w = 46, .box_h = 65, .ofs_x = 1, .ofs_y = 0},
    {.bitmap_index = 7310, .adv_w = 316, .box_w = 24, .box_h = 61, .ofs_x = 0, .ofs_y = 2},
    {.bitmap_index = 7564, .adv_w = 539, .box_w = 28, .box_h = 65, .ofs_x = 1, .ofs_y = -5},
    {.bitmap_index = 7860, .adv_w = 777, .box_w = 58, .box_h = 79, .ofs_x = 0, .ofs_y = -13},
    {.bitmap_index = 8357, .adv_w = 423, .box_w = 36, .box_h = 72, .ofs_x = 0, .ofs_y = -7},
    {.bitmap_index = 8685, .adv_w = 1204, .box_w = 77, .box_h = 69, .ofs_x = 0, .ofs_y = -14},
    {.bitmap_index = 9425, .adv_w = 773, .box_w = 52, .box_h = 72, .ofs_x = -2, .ofs_y = -16},
    {.bitmap_index = 10037, .adv_w = 804, .box_w = 49, .box_h = 66, .ofs_x = -1, .ofs_y = 0},
    {.bitmap_index = 10447, .adv_w = 505, .box_w = 34, .box_h = 81, .ofs_x = 0, .ofs_y = -19},
    {.bitmap_index = 10847, .adv_w = 679, .box_w = 44, .box_h = 61, .ofs_x = 1, .ofs_y = 1},
    {.bitmap_index = 11239, .adv_w = 646, .box_w = 49, .box_h = 75, .ofs_x = 0, .ofs_y = -7},
    {.bitmap_index = 11745, .adv_w = 543, .box_w = 42, .box_h = 70, .ofs_x = -4, .ofs_y = -3},
    {.bitmap_index = 12149, .adv_w = 505, .box_w = 61, .box_h = 75, .ofs_x = -4, .ofs_y = 2},
    {.bitmap_index = 12489, .adv_w = 908, .box_w = 60, .box_h = 63, .ofs_x = -2, .ofs_y = -9},
    {.bitmap_index = 13057, .adv_w = 630, .box_w = 66, .box_h = 72, .ofs_x = -4, .ofs_y = 5},
    {.bitmap_index = 13627, .adv_w = 1200, .box_w = 76, .box_h = 63, .ofs_x = 0, .ofs_y = -3},
    {.bitmap_index = 14294, .adv_w = 923, .box_w = 77, .box_h = 75, .ofs_x = 0, .ofs_y = -10},
    {.bitmap_index = 14743, .adv_w = 625, .box_w = 37, .box_h = 89, .ofs_x = -2, .ofs_y = -23},
    {.bitmap_index = 15243, .adv_w = 1087, .box_w = 69, .box_h = 65, .ofs_x = -1, .ofs_y = -9},
    {.bitmap_index = 15633, .adv_w = 192, .box_w = 11, .box_h = 46, .ofs_x = 0, .ofs_y = 6},
    {.bitmap_index = 15731, .adv_w = 264, .box_w = 16, .box_h = 43, .ofs_x = 0, .ofs_y = 7},
    {.bitmap_index = 15875, .adv_w = 169, .box_w = 11, .box_h = 45, .ofs_x = 0, .ofs_y = 6},
    {.bitmap_index = 15971, .adv_w = 349, .box_w = 22, .box_h = 13, .ofs_x = 0, .ofs_y = 51},
    {.bitmap_index = 16025, .adv_w = 442, .box_w = 28, .box_h = 4, .ofs_x = 0, .ofs_y = 5},
    {.bitmap_index = 16039, .adv_w = 345, .box_w = 24, .box_h = 19, .ofs_x = -1, .ofs_y = 5},
    {.bitmap_index = 16131, .adv_w = 310, .box_w = 21, .box_h = 45, .ofs_x = -1, .ofs_y = 4},
    {.bitmap_index = 16320, .adv_w = 262, .box_w = 19, .box_h = 18, .ofs_x = -2, .ofs_y = 7},
    {.bitmap_index = 16385, .adv_w = 415, .box_w = 30, .box_h = 41, .ofs_x = -2, .ofs_y = 7},
    {.bitmap_index = 16596, .adv_w = 307, .box_w = 21, .box_h = 22, .ofs_x = -1, .ofs_y = 4},
    {.bitmap_index = 16686, .adv_w = 226, .box_w = 16, .box_h = 44, .ofs_x = -1, .ofs_y = 4},
    {.bitmap_index = 16832, .adv_w = 362, .box_w = 27, .box_h = 35, .ofs_x = -3, .ofs_y = -9},
    {.bitmap_index = 17016, .adv_w = 390, .box_w = 27, .box_h = 48, .ofs_x = -2, .ofs_y = 0},
    {.bitmap_index = 17261, .adv_w = 157, .box_w = 12, .box_h = 22, .ofs_x = -1, .ofs_y = 8},
    {.bitmap_index = 17317, .adv_w = 168, .box_w = 26, .box_h = 40, .ofs_x = -14, .ofs_y = -9},
    {.bitmap_index = 17493, .adv_w = 295, .box_w = 20, .box_h = 42, .ofs_x = -1, .ofs_y = 7},
    {.bitmap_index = 17668, .adv_w = 258, .box_w = 18, .box_h = 40, .ofs_x = -1, .ofs_y = 8},
    {.bitmap_index = 17813, .adv_w = 464, .box_w = 31, .box_h = 26, .ofs_x = -1, .ofs_y = 4},
    {.bitmap_index = 17973, .adv_w = 363, .box_w = 25, .box_h = 23, .ofs_x = -1, .ofs_y = 4},
    {.bitmap_index = 18095, .adv_w = 286, .box_w = 22, .box_h = 21, .ofs_x = -3, .ofs_y = 6},
    {.bitmap_index = 18190, .adv_w = 289, .box_w = 21, .box_h = 35, .ofs_x = -2, .ofs_y = -10},
    {.bitmap_index = 18327, .adv_w = 339, .box_w = 23, .box_h = 33, .ofs_x = -1, .ofs_y = -9},
    {.bitmap_index = 18480, .adv_w = 291, .box_w = 22, .box_h = 31, .ofs_x = -3, .ofs_y = -3},
    {.bitmap_index = 18612, .adv_w = 218, .box_w = 20, .box_h = 30, .ofs_x = -5, .ofs_y = 2},
    {.bitmap_index = 18731, .adv_w = 265, .box_w = 26, .box_h = 51, .ofs_x = -8, .ofs_y = -3},
    {.bitmap_index = 18952, .adv_w = 423, .box_w = 29, .box_h = 23, .ofs_x = -1, .ofs_y = 6},
    {.bitmap_index = 19079, .adv_w = 368, .box_w = 27, .box_h = 27, .ofs_x = -3, .ofs_y = 7},
    {.bitmap_index = 19218, .adv_w = 645, .box_w = 42, .box_h = 27, .ofs_x = -1, .ofs_y = -2},
    {.bitmap_index = 19421, .adv_w = 385, .box_w = 30, .box_h = 20, .ofs_x = -5, .ofs_y = 3},
    {.bitmap_index = 19529, .adv_w = 363, .box_w = 26, .box_h = 36, .ofs_x = -2, .ofs_y = -9},
    {.bitmap_index = 19708, .adv_w = 350, .box_w = 26, .box_h = 40, .ofs_x = -3, .ofs_y = -14},
    {.bitmap_index = 19901, .adv_w = 187, .box_w = 10, .box_h = 44, .ofs_x = 1, .ofs_y = 5},
    {.bitmap_index = 19999, .adv_w = 85, .box_w = 5, .box_h = 36, .ofs_x = 0, .ofs_y = 9},
    {.bitmap_index = 20045, .adv_w = 182, .box_w = 11, .box_h = 43, .ofs_x = 0, .ofs_y = 6},
    {.bitmap_index = 20146, .adv_w = 410, .box_w = 25, .box_h = 9, .ofs_x = 0, .ofs_y = 21}
};

/*---------------------
 *  CHARACTER MAPPING
 *--------------------*/



/*Collect the unicode lists and glyph_id offsets*/
static const lv_font_fmt_txt_cmap_t cmaps[] =
{
    {
        .range_start = 32, .range_length = 64, .glyph_id_start = 1,
        .unicode_list = NULL, .glyph_id_ofs_list = NULL, .list_length = 0, .type = LV_FONT_FMT_TXT_CMAP_FORMAT0_TINY
    },
    {
        .range_start = 97, .range_length = 30, .glyph_id_start = 65,
        .unicode_list = NULL, .glyph_id_ofs_list = NULL, .list_length = 0, .type = LV_FONT_FMT_TXT_CMAP_FORMAT0_TINY
    }
};



/*--------------------
 *  ALL CUSTOM DATA
 *--------------------*/

#if LVGL_VERSION_MAJOR == 8
/*Store all the custom data of the font*/
static  lv_font_fmt_txt_glyph_cache_t cache;
#endif

#if LVGL_VERSION_MAJOR >= 8
static const lv_font_fmt_txt_dsc_t font_dsc = {
#else
static lv_font_fmt_txt_dsc_t font_dsc = {
#endif
    .glyph_bitmap = glyph_bitmap,
    .glyph_dsc = glyph_dsc,
    .cmaps = cmaps,
    .kern_dsc = NULL,
    .kern_scale = 0,
    .cmap_num = 2,
    .bpp = 2,
    .kern_classes = 0,
    .bitmap_format = 2,
#if LVGL_VERSION_MAJOR == 8
    .cache = &cache
#endif
};



/*-----------------
 *  PUBLIC FONT
 *----------------*/

/*Initialize a public general font descriptor*/
#if LVGL_VERSION_MAJOR >= 8
const lv_font_t ui_font_EVELYNE_84 = {
#else
lv_font_t ui_font_EVELYNE_84 = {
#endif
    .get_glyph_dsc = lv_font_get_glyph_dsc_fmt_txt,    /*Function pointer to get glyph's data*/
    .get_glyph_bitmap = lv_font_get_bitmap_fmt_txt,    /*Function pointer to get glyph's bitmap*/
    .line_height = 100,          /*The maximum line height required by the font*/
    .base_line = 23,             /*Baseline measured from the bottom of the line*/
#if !(LVGL_VERSION_MAJOR == 6 && LVGL_VERSION_MINOR == 0)
    .subpx = LV_FONT_SUBPX_NONE,
#endif
#if LV_VERSION_CHECK(7, 4, 0) || LVGL_VERSION_MAJOR >= 8
    .underline_position = -9,
    .underline_thickness = 6,
#endif
    .dsc = &font_dsc,          /*The custom font data. Will be accessed by `get_glyph_bitmap/dsc` */
#if LV_VERSION_CHECK(8, 2, 0) || LVGL_VERSION_MAJOR >= 9
    .fallback = NULL,
#endif
    .user_data = NULL,
};



#endif /*#if UI_FONT_EVELYNE_84*/

