/*******************************************************************************
 * Size: 94 px
 * Bpp: 2
 * Opts: --bpp 2 --size 94 --font H:/2025/lvgl_squareline/SquareLine Studio/watch_demo_modify/assets/img/clk13/fonts/PingFang SC Bold(1).ttf -o H:/2025/lvgl_squareline/SquareLine Studio/watch_demo_modify/assets/img/clk13/fonts\ui_font_Ping_Fang_B_94.c --format lvgl -r 0x20-0x7f --no-prefilter
 ******************************************************************************/

#include "../ui.h"

#ifndef UI_FONT_PING_FANG_B_94
#define UI_FONT_PING_FANG_B_94 1
#endif

#if UI_FONT_PING_FANG_B_94

/*-----------------
 *    BITMAPS
 *----------------*/

/*Store the image of the glyphs*/
static LV_ATTRIBUTE_LARGE_CONST const uint8_t glyph_bitmap[] = {
    /* U+0020 " " */

    /* U+0021 "!" */
    0xf, 0xfe, 0x2f, 0xff, 0xc8, 0x5f, 0xff, 0x21,
    0x7f, 0xfc, 0x85, 0xff, 0xf2, 0x17, 0xff, 0xc8,
    0x5f, 0xff, 0x21, 0x7f, 0xfc, 0x1b, 0xff, 0xe0,
    0xdf, 0xff, 0x6, 0xff, 0xf8, 0x35, 0xff, 0xe0,
    0xd7, 0xff, 0x83, 0x5f, 0xfe, 0xd, 0x7f, 0xf8,
    0x35, 0xff, 0xe0, 0xd7, 0xff, 0x83, 0x3f, 0xfe,
    0xc, 0xff, 0xf4, 0x19, 0xff, 0xe8, 0x33, 0xff,
    0xd0, 0x67, 0xff, 0xa0, 0xcf, 0xff, 0x41, 0xdf,
    0xfd, 0x7, 0x7f, 0xf2, 0x1d, 0xff, 0xc8, 0x77,
    0xff, 0x21, 0xdf, 0xfc, 0x87, 0x7f, 0xf2, 0x1d,
    0xff, 0xc1, 0xef, 0xfe, 0xf, 0x7f, 0xf0, 0x7b,
    0xff, 0x83, 0xdf, 0xfc, 0x1e, 0xbf, 0xf0, 0x7a,
    0xff, 0xc1, 0xeb, 0xff, 0x7, 0xaf, 0xfc, 0x1e,
    0xbf, 0xf0, 0x79, 0xff, 0xc1, 0xe7, 0xfe, 0x83,
    0xcf, 0xfd, 0x7, 0x9f, 0xfa, 0xf, 0x3f, 0xf4,
    0x1e, 0x7f, 0xe8, 0x3e, 0xff, 0xa0, 0xfb, 0xfe,
    0x43, 0xef, 0xf9, 0xf, 0xbf, 0xe4, 0x3f, 0xff,
    0xe1, 0xfc, 0xb0, 0x7f, 0xbf, 0xe4, 0x39, 0xff,
    0xe8, 0x37, 0xff, 0xc8, 0x2f, 0xff, 0xe0, 0x3,
    0xff, 0xf8, 0x29, 0xff, 0xfc, 0x14, 0xff, 0xfe,
    0xc, 0x7f, 0xff, 0x5, 0x3f, 0xff, 0x82, 0x7,
    0xff, 0xf8, 0x1, 0x5f, 0xfe, 0xe, 0xbf, 0xf0,
    0x7e, 0xbe, 0x90, 0xc0,

    /* U+0022 "\"" */
    0xe, 0xbf, 0x41, 0xff, 0xc3, 0x6f, 0xd0, 0x7e,
    0xbf, 0xf4, 0x1f, 0xfc, 0xf, 0xfe, 0x43, 0xaf,
    0xff, 0x41, 0xfe, 0xff, 0xfa, 0x9, 0xff, 0xfe,
    0x2, 0x1f, 0xaf, 0xff, 0xe0, 0x5, 0x7f, 0xff,
    0x4, 0x3f, 0x7f, 0xff, 0x6, 0x7, 0xff, 0xf0,
    0x90, 0xfb, 0xff, 0xf8, 0x40, 0xff, 0xfe, 0x14,
    0x1f, 0x7f, 0xff, 0x9, 0x3f, 0xff, 0x86, 0x1f,
    0x7f, 0xff, 0xa, 0x3f, 0xff, 0x86, 0x1f, 0x7f,
    0xff, 0xa, 0x2f, 0xff, 0xe1, 0x7, 0xd7, 0xff,
    0xf0, 0x81, 0xff, 0xfc, 0x20, 0xfd, 0xff, 0xfc,
    0x20, 0xbf, 0xff, 0x82, 0x1f, 0x9f, 0xff, 0xe0,
    0x86, 0xbf, 0xfe, 0xf, 0xf5, 0xff, 0xf0, 0x79,
    0x6b, 0xfc, 0x1f, 0xfc, 0x5, 0xbf, 0xd0, 0x7f,
    0x5f, 0xe0, 0xff, 0xe1, 0xff, 0xa0, 0xfe, 0xff,
    0x41, 0xff, 0xc3, 0xff, 0x21, 0xfd, 0xfe, 0x43,
    0xff, 0x84, 0xff, 0x83, 0xfa, 0xff, 0x7, 0xff,
    0xf, 0xfe, 0xf, 0xef, 0xf8, 0x3f, 0xf8, 0x7f,
    0xe8, 0x3f, 0x5f, 0xe8, 0x3f, 0xf8, 0x5f, 0xf2,
    0x1f, 0xbf, 0xe0, 0xff, 0xe1, 0x3f, 0xf0, 0x7e,
    0xff, 0xa0, 0xff, 0xe1, 0x7f, 0xc8, 0x7d, 0xff,
    0x83, 0xff, 0x85, 0xff, 0x83, 0xef, 0xfc, 0x87,
    0xff, 0x7, 0xff, 0x21, 0xef, 0xfd, 0x7, 0xff,
    0x1, 0xff, 0xd0, 0x73, 0xff, 0xc1, 0xff, 0xc0,
    0xbf, 0xf4, 0x1e, 0xff, 0xe0, 0xff, 0xe0, 0x3f,
    0xfa, 0xf, 0xaf, 0xf8, 0x3f, 0xf8, 0x5f, 0xf4,
    0x1f, 0xdf, 0xd0, 0x7f, 0xf1, 0x3f, 0x90, 0xff,
    0x3f, 0x21, 0xff, 0xc5, 0xbe, 0x43, 0xff, 0x81,
    0x40, 0xff, 0xe4, 0x70, 0x7f, 0xf9, 0x40,

    /* U+0023 "#" */
    0xf, 0xfe, 0x2b, 0x5f, 0x7, 0xff, 0x6, 0xbe,
    0x43, 0xff, 0x99, 0xff, 0x83, 0xff, 0x80, 0xff,
    0xe0, 0xff, 0xe6, 0x7f, 0xe0, 0xff, 0xe0, 0x3f,
    0xf4, 0x1f, 0xfc, 0xb7, 0xff, 0x7, 0xff, 0x2,
    0xff, 0x90, 0xff, 0xe5, 0xbf, 0xf4, 0x1f, 0xfc,
    0xf, 0xfc, 0x87, 0xff, 0x2e, 0xff, 0x90, 0xff,
    0xe0, 0x7f, 0xe0, 0xff, 0xe6, 0x7f, 0xe4, 0x3f,
    0xf8, 0x1f, 0xf8, 0x3f, 0xf9, 0x9f, 0xf8, 0x3f,
    0xf8, 0xf, 0xfe, 0xf, 0xfe, 0x67, 0xfe, 0xf,
    0xfe, 0x3, 0xff, 0x41, 0xff, 0xcb, 0x7f, 0xf0,
    0x7f, 0xf0, 0x2f, 0xfa, 0xf, 0xfe, 0x5b, 0xff,
    0x41, 0xff, 0xc0, 0xff, 0xc8, 0x7f, 0xf2, 0xef,
    0xfa, 0xf, 0xfe, 0x7, 0xfe, 0xf, 0xfe, 0x65,
    0xff, 0x21, 0xff, 0xc0, 0xff, 0xc1, 0xff, 0xcc,
    0xff, 0xc8, 0x7f, 0xf0, 0x3f, 0xf0, 0x7f, 0xf3,
    0x3f, 0xf0, 0x7f, 0xf0, 0x1f, 0xfc, 0x1f, 0xfc,
    0x35, 0xfe, 0xff, 0xcb, 0xff, 0xc0, 0xbf, 0xe9,
    0x7f, 0x7, 0xbf, 0xff, 0xc6, 0x1e, 0xff, 0xff,
    0x18, 0x73, 0xff, 0xfe, 0x28, 0x39, 0xff, 0xff,
    0x12, 0x1d, 0x7f, 0xff, 0x88, 0x3d, 0xff, 0xfe,
    0x30, 0xf7, 0xff, 0xf8, 0xc3, 0xff, 0x86, 0xff,
    0xd0, 0x7f, 0xf0, 0x3f, 0xf2, 0x1f, 0xfc, 0xbb,
    0xfe, 0x83, 0xff, 0x81, 0xff, 0x83, 0xff, 0x99,
    0xff, 0x90, 0xff, 0xe0, 0x7f, 0xe0, 0xff, 0xe6,
    0x7f, 0xe0, 0xff, 0xe0, 0x3f, 0xf8, 0x3f, 0xf9,
    0x9f, 0xf8, 0x3f, 0xf8, 0xf, 0xfd, 0x7, 0xff,
    0x2d, 0xff, 0xc1, 0xff, 0xc0, 0xbf, 0xe8, 0x3f,
    0xf9, 0x6f, 0xfd, 0x7, 0xff, 0x3, 0xff, 0x21,
    0xff, 0xcb, 0xbf, 0xe8, 0x3f, 0xf8, 0x1f, 0xf9,
    0xf, 0xfe, 0x5f, 0xfe, 0x43, 0xff, 0x81, 0xff,
    0x83, 0xff, 0x99, 0xff, 0x83, 0xff, 0x83, 0xff,
    0x83, 0xff, 0x99, 0xff, 0x83, 0xff, 0x80, 0xff,
    0xe0, 0xff, 0xe6, 0x7f, 0xe0, 0xff, 0xe0, 0x5f,
    0xf4, 0x1f, 0xfc, 0xb7, 0xff, 0x7, 0xff, 0x2,
    0xff, 0x90, 0xff, 0xe5, 0xdf, 0xf4, 0x1f, 0xfc,
    0xf, 0xfc, 0x87, 0xff, 0x2e, 0xff, 0x90, 0xff,
    0xe0, 0x7f, 0xe0, 0xff, 0xe6, 0x7f, 0xe4, 0x3f,
    0xf8, 0x1f, 0xf8, 0x3f, 0xf9, 0x9f, 0xf8, 0x3f,
    0xf8, 0xf, 0xfe, 0xf, 0xfe, 0x67, 0xfe, 0xf,
    0xfe, 0x5, 0xff, 0x41, 0xff, 0xcb, 0x7f, 0xf0,
    0x7f, 0xf0, 0x2f, 0xf9, 0xf, 0xfe, 0x5d, 0xff,
    0x41, 0xff, 0xc0, 0xff, 0xc8, 0x7f, 0xf2, 0xef,
    0xf9, 0xf, 0xfe, 0x7, 0xfe, 0xf, 0xfe, 0x67,
    0xfe, 0x43, 0xff, 0x81, 0xff, 0x83, 0xff, 0x88,
    0xbf, 0xbf, 0xf2, 0xff, 0xf0, 0x7f, 0xf2, 0xff,
    0x7, 0xaf, 0xff, 0xf1, 0x21, 0xd7, 0xff, 0xf8,
    0x83, 0xdf, 0xff, 0xe3, 0xf, 0x7f, 0xff, 0x8c,
    0x3d, 0xff, 0xfe, 0x28, 0x39, 0xff, 0xff, 0x14,
    0x1d, 0x7f, 0xff, 0x89, 0xf, 0xfe, 0xb, 0xff,
    0x83, 0xff, 0x81, 0x7f, 0xd0, 0x7f, 0xf2, 0xdf,
    0xfa, 0xf, 0xfe, 0x7, 0xfe, 0x43, 0xff, 0x97,
    0x7f, 0xd0, 0x7f, 0xf0, 0x3f, 0xf2, 0x1f, 0xfc,
    0xbb, 0xfe, 0x43, 0xff, 0x81, 0xff, 0x83, 0xff,
    0x99, 0xff, 0x90, 0xff, 0xe0, 0x7f, 0xe0, 0xff,
    0xe6, 0x7f, 0xe0, 0xff, 0xe0, 0x3f, 0xf8, 0x3f,
    0xf9, 0x9f, 0xf8, 0x3f, 0xf8, 0x17, 0xfd, 0x7,
    0xff, 0x2d, 0xff, 0xc1, 0xff, 0xc0, 0xbf, 0xe4,
    0x3f, 0xf9, 0x77, 0xfd, 0x7, 0xff, 0x3, 0xff,
    0x21, 0xff, 0xcb, 0xbf, 0xe4, 0x3f, 0xf8, 0x1f,
    0xf8, 0x3f, 0xf9, 0x9f, 0xf9, 0xf, 0xfe, 0x7,
    0xfe, 0xf, 0xfe, 0x67, 0xfe, 0xf, 0xfe, 0x3,
    0xff, 0x83, 0xff, 0x99, 0xff, 0x83, 0xff, 0x80,
    0xff, 0xd0, 0x7f, 0xf2, 0xdf, 0xfc, 0x1f, 0xfc,
    0xb, 0xfe, 0x83, 0xff, 0x96, 0xff, 0xd0, 0x7f,
    0xf0, 0x3f, 0xf2, 0x1f, 0xfc, 0x50,

    /* U+0024 "$" */
    0xf, 0xfe, 0x57, 0xf8, 0x3f, 0xfc, 0x1f, 0xe0,
    0xff, 0xf0, 0x7f, 0x83, 0xff, 0xc1, 0xfe, 0xf,
    0xff, 0x7, 0xf8, 0x3f, 0xfc, 0x1f, 0xe0, 0xff,
    0xf0, 0x7f, 0x83, 0xff, 0xc1, 0xfe, 0xf, 0xfe,
    0xd3, 0x7f, 0xff, 0xa, 0x43, 0xff, 0xa3, 0x7f,
    0xff, 0x2a, 0xf, 0xfe, 0x67, 0xff, 0xf3, 0xe0,
    0xff, 0xe4, 0x5f, 0xff, 0xd2, 0x43, 0xff, 0x8b,
    0xff, 0xfd, 0x58, 0x3f, 0xf8, 0x4f, 0xff, 0xf5,
    0xe0, 0xff, 0xe0, 0x3f, 0xff, 0xd9, 0x83, 0xfe,
    0xff, 0xfe, 0xda, 0x1f, 0xdf, 0xff, 0xc3, 0x95,
    0xfe, 0x6f, 0xff, 0xe1, 0x87, 0xe7, 0xff, 0xf8,
    0x28, 0x6f, 0xf0, 0x6b, 0xff, 0xf8, 0x10, 0x7d,
    0xff, 0xfc, 0x4, 0x3d, 0xfe, 0xf, 0x7f, 0xff,
    0x0, 0x3c, 0xff, 0xfc, 0x87, 0xdf, 0xe0, 0xfb,
    0xff, 0xe8, 0x3a, 0xff, 0xf2, 0x1f, 0xbf, 0xc1,
    0xfb, 0xff, 0xe0, 0xef, 0xff, 0x83, 0xfb, 0xfc,
    0x1f, 0x9f, 0xff, 0x21, 0xbf, 0xfc, 0x87, 0xf7,
    0xf8, 0x3f, 0xbf, 0xfd, 0x6, 0xff, 0xf0, 0x7f,
    0xbf, 0xc1, 0xfc, 0xff, 0xf8, 0x27, 0xff, 0xc1,
    0xfe, 0xff, 0x7, 0xfb, 0xff, 0xc1, 0x3f, 0xfe,
    0xf, 0xf7, 0xf8, 0x3f, 0xdf, 0xfe, 0x9, 0xff,
    0xf0, 0x7f, 0xbf, 0xc1, 0xfe, 0xbf, 0xf9, 0x3,
    0xff, 0xe0, 0xff, 0x7f, 0x83, 0xff, 0x99, 0xff,
    0xe4, 0x3f, 0xbf, 0xc1, 0xff, 0xcc, 0xff, 0xf8,
    0x3f, 0xbf, 0xc1, 0xff, 0xcc, 0xff, 0xfa, 0xf,
    0xdf, 0xe0, 0xff, 0xe6, 0x5f, 0xff, 0x21, 0xf7,
    0xf8, 0x3f, 0xf9, 0x8f, 0xff, 0xf0, 0x20, 0xf7,
    0xf8, 0x3f, 0xf9, 0xbf, 0xff, 0xc2, 0x43, 0x7f,
    0x83, 0xff, 0x9a, 0xff, 0xff, 0xd, 0x7, 0xf8,
    0x3f, 0xf9, 0xd7, 0xff, 0xf1, 0x2f, 0xf0, 0x7f,
    0xf3, 0xff, 0xff, 0x96, 0x1f, 0xfd, 0xf, 0xff,
    0xe5, 0x7, 0xff, 0x47, 0xff, 0xf9, 0x50, 0x7f,
    0xf4, 0x3f, 0xff, 0x98, 0x87, 0xff, 0x3a, 0xff,
    0xfe, 0x64, 0x1f, 0xfc, 0xef, 0xff, 0xe7, 0x21,
    0xff, 0xcd, 0xbf, 0xff, 0x9b, 0x7, 0xff, 0x35,
    0xbf, 0xff, 0x98, 0x87, 0xff, 0x39, 0xff, 0xfe,
    0x5c, 0x1f, 0xfd, 0xb, 0xff, 0xf9, 0x41, 0xff,
    0xd0, 0xff, 0xfe, 0x58, 0x7f, 0xf3, 0xff, 0xff,
    0x98, 0x1f, 0xfc, 0xef, 0xf0, 0xff, 0xff, 0x12,
    0xf, 0xfe, 0x6f, 0xf8, 0x35, 0xff, 0xfc, 0x24,
    0x3f, 0xf9, 0x9f, 0xe0, 0xf7, 0xff, 0xf0, 0x83,
    0xff, 0x99, 0xfe, 0xf, 0x9f, 0xff, 0xe0, 0x21,
    0xff, 0xcb, 0xff, 0x7, 0xe7, 0xff, 0xe8, 0x3f,
    0xf9, 0x7f, 0xe0, 0xfe, 0x7f, 0xfe, 0x2, 0xff,
    0x83, 0xfe, 0xff, 0x7, 0xfa, 0xff, 0xf0, 0x3f,
    0xfc, 0x1f, 0xf7, 0xf8, 0x3f, 0xef, 0xff, 0x27,
    0xff, 0x83, 0xfe, 0xff, 0x7, 0xfd, 0xff, 0xe8,
    0xff, 0xf0, 0x7f, 0xdf, 0xe0, 0xff, 0xaf, 0xfe,
    0x8f, 0xff, 0x21, 0xfe, 0xff, 0x7, 0xfd, 0x7f,
    0xf4, 0x5f, 0xfd, 0x7, 0xfb, 0xfc, 0x1f, 0xf5,
    0xff, 0xd0, 0xff, 0xf8, 0x3f, 0xdf, 0xe0, 0xff,
    0xaf, 0xfe, 0x81, 0xff, 0xe0, 0xff, 0x7f, 0x83,
    0xfe, 0xff, 0xf2, 0xf, 0xff, 0x41, 0xfd, 0xfe,
    0xf, 0xf3, 0xff, 0xe0, 0xaf, 0xff, 0x7, 0xf7,
    0xf8, 0x3f, 0xdf, 0xff, 0x4, 0xff, 0xfc, 0x1f,
    0xbf, 0xc1, 0xfd, 0x7f, 0xfa, 0xd, 0xff, 0xf4,
    0x1f, 0x7f, 0x83, 0xf5, 0xff, 0xf2, 0x19, 0xff,
    0xfa, 0xf, 0x7f, 0x83, 0xcf, 0xff, 0xf0, 0x43,
    0xdf, 0xff, 0xc1, 0x83, 0x7f, 0x83, 0x3f, 0xff,
    0xc2, 0x83, 0xcf, 0xff, 0xf0, 0xe7, 0xfc, 0xd3,
    0xff, 0xf8, 0x81, 0xfa, 0xff, 0xfe, 0xe2, 0x1f,
    0xdf, 0xff, 0xdb, 0x43, 0xfe, 0xff, 0xfe, 0xca,
    0x1f, 0xfc, 0x1f, 0xff, 0xeb, 0xa1, 0xff, 0xc3,
    0xbf, 0xff, 0xa8, 0x1f, 0xfc, 0x67, 0xff, 0xfa,
    0x28, 0x7f, 0xf2, 0x5f, 0xff, 0xe6, 0x48, 0x7f,
    0xf3, 0x9b, 0xff, 0xf8, 0x92, 0x83, 0xff, 0xb1,
    0xfe, 0xf, 0xff, 0x7, 0xf8, 0x3f, 0xfc, 0x1f,
    0xe0, 0xff, 0xf0, 0x7f, 0x83, 0xff, 0xc1, 0xfe,
    0xf, 0xff, 0x7, 0xf8, 0x3f, 0xfc, 0x1f, 0xe0,
    0xff, 0xf0, 0x7f, 0x83, 0xff, 0xc1, 0x5e, 0xf,
    0xfe, 0x50,

    /* U+0025 "%" */
    0xf, 0xff, 0x5f, 0xfe, 0xf, 0xfe, 0x9a, 0xf8,
    0x3f, 0xfa, 0xef, 0xfc, 0x87, 0xff, 0x42, 0xff,
    0xf9, 0xf, 0xfe, 0x9f, 0xfe, 0xf, 0xfe, 0x7d,
    0xff, 0xfc, 0x34, 0x3f, 0xfa, 0xf, 0xfc, 0x87,
    0xff, 0x35, 0xff, 0xfe, 0x38, 0x7f, 0xf3, 0xff,
    0xf0, 0x7f, 0xf3, 0x5f, 0xff, 0xe4, 0x87, 0xff,
    0x35, 0xff, 0x83, 0xff, 0x9d, 0xff, 0xfc, 0xb0,
    0xff, 0xe6, 0x7f, 0xd0, 0x7f, 0xf3, 0x7f, 0xff,
    0x99, 0x7, 0xff, 0x2a, 0xff, 0x83, 0xff, 0x9b,
    0x7f, 0xf9, 0x9, 0xff, 0xf2, 0x1f, 0xfc, 0x9f,
    0xfa, 0xf, 0xfe, 0x6f, 0xff, 0x41, 0xf7, 0xff,
    0x83, 0xff, 0x91, 0x7f, 0xc1, 0xff, 0xcd, 0xbf,
    0xf8, 0x3f, 0xbf, 0xf9, 0xf, 0xfe, 0x3f, 0xfd,
    0x7, 0xff, 0x37, 0xff, 0x83, 0xfd, 0x7f, 0xf0,
    0x7f, 0xf1, 0xaf, 0xf8, 0x3f, 0xf9, 0xaf, 0xff,
    0x7, 0xfd, 0xff, 0xc1, 0xff, 0xc6, 0xff, 0x90,
    0xff, 0xe6, 0xdf, 0xfa, 0xf, 0xfb, 0xff, 0x90,
    0xff, 0xe2, 0x7f, 0xe0, 0xff, 0xe7, 0x7f, 0xf2,
    0x1f, 0xf5, 0xff, 0xa0, 0xff, 0xe1, 0xbf, 0xf2,
    0x1f, 0xfc, 0xef, 0xfe, 0xf, 0xfe, 0x3, 0xff,
    0xc1, 0xff, 0xc3, 0xff, 0xc1, 0xff, 0xcf, 0xff,
    0xe0, 0xff, 0xe0, 0x3f, 0xfc, 0x1f, 0xfc, 0x27,
    0xfe, 0x43, 0xff, 0x9c, 0xff, 0xf0, 0x7f, 0xf0,
    0x7f, 0xf8, 0x3f, 0xf8, 0x5f, 0xf8, 0x3f, 0xf9,
    0xef, 0xff, 0x7, 0xff, 0x7, 0xff, 0x83, 0xff,
    0x82, 0xff, 0xc1, 0xff, 0xd0, 0x7f, 0xf8, 0x3f,
    0xf8, 0x3f, 0xfc, 0x1f, 0xfc, 0x1f, 0xfa, 0xf,
    0xfe, 0x83, 0xff, 0xc1, 0xff, 0xc1, 0xff, 0xe0,
    0xff, 0xe0, 0x5f, 0xf0, 0x7f, 0xf4, 0x5f, 0xfe,
    0xf, 0xfe, 0xf, 0xff, 0x7, 0xff, 0x3, 0xfe,
    0x83, 0xff, 0xa2, 0xff, 0xf0, 0x7f, 0xf0, 0x1f,
    0xfe, 0xf, 0xfa, 0xff, 0x83, 0xff, 0xa7, 0xff,
    0xc1, 0xff, 0xc0, 0x7f, 0xf8, 0x3f, 0xef, 0xfa,
    0xf, 0xfe, 0x9f, 0xff, 0x7, 0xff, 0x2, 0xff,
    0xd0, 0x7f, 0xaf, 0xf8, 0x3f, 0xfa, 0x9f, 0xfc,
    0x87, 0xfd, 0x7f, 0xe8, 0x3f, 0xdf, 0xf2, 0x1f,
    0xfd, 0x4b, 0xff, 0x41, 0xff, 0x7f, 0xf2, 0x1f,
    0xdf, 0xf8, 0x3f, 0xfa, 0xaf, 0xff, 0x7, 0xf9,
    0xff, 0xe0, 0xfe, 0x7f, 0xe4, 0x3f, 0xfa, 0xdf,
    0xfc, 0x87, 0xf7, 0xff, 0x41, 0xfd, 0xff, 0x83,
    0xff, 0xae, 0xff, 0xf0, 0x7e, 0x7f, 0xf8, 0x3f,
    0x9f, 0xf9, 0xf, 0xfe, 0xc7, 0xff, 0x83, 0xcf,
    0xff, 0x41, 0xfd, 0xff, 0x83, 0xff, 0xb2, 0xff,
    0xfd, 0x37, 0xff, 0xc1, 0xfc, 0xff, 0xc1, 0xff,
    0xc4, 0x5e, 0xf, 0xfe, 0x35, 0xff, 0xfc, 0xb4,
    0x3f, 0xbf, 0xe8, 0x3f, 0xf8, 0xd, 0xff, 0xe4,
    0x3f, 0xf8, 0x7f, 0xff, 0xca, 0x83, 0xfa, 0xff,
    0x83, 0xfe, 0x7f, 0xff, 0x87, 0x7, 0xff, 0xa,
    0xff, 0xfe, 0x3c, 0x1f, 0xef, 0xfa, 0xf, 0xf5,
    0xff, 0xfc, 0x60, 0xff, 0xe1, 0x5f, 0xff, 0xc5,
    0x43, 0xfd, 0x7f, 0xc1, 0xfe, 0xff, 0xfe, 0x4a,
    0x1f, 0xfc, 0x2b, 0xff, 0xf8, 0x30, 0x7f, 0xf0,
    0x3f, 0xe8, 0x3f, 0xbf, 0xff, 0x96, 0x1f, 0xfc,
    0x46, 0xff, 0x51, 0xf, 0xfe, 0xd, 0xff, 0x7,
    0xf5, 0xff, 0xfc, 0xc0, 0xff, 0xed, 0xff, 0xc8,
    0x7f, 0x7f, 0xfa, 0x9, 0xff, 0xf4, 0x1f, 0xfd,
    0x9b, 0xfe, 0xf, 0xef, 0xff, 0x7, 0xd7, 0xff,
    0x7, 0xff, 0x61, 0xff, 0x90, 0xfc, 0xff, 0xf0,
    0x7f, 0x7f, 0xf4, 0x1f, 0xfd, 0x7f, 0xfc, 0x1f,
    0xd7, 0xfe, 0x83, 0xf9, 0xff, 0xe0, 0xff, 0xeb,
    0x3f, 0xf2, 0x1f, 0xdf, 0xfc, 0x1f, 0xf7, 0xff,
    0x21, 0xff, 0xd5, 0xff, 0xc1, 0xfc, 0xff, 0xf0,
    0x7f, 0xd7, 0xfe, 0x83, 0xff, 0xa8, 0xff, 0xc1,
    0xfe, 0xbf, 0xf4, 0x1f, 0xf3, 0xff, 0xc1, 0xff,
    0xd4, 0xff, 0xa0, 0xff, 0x5f, 0xf9, 0xf, 0xfe,
    0x7, 0xff, 0x7, 0xff, 0x4e, 0xff, 0x83, 0xfe,
    0xff, 0xe4, 0x3f, 0xf8, 0x1f, 0xfc, 0x87, 0xff,
    0x4b, 0xfe, 0x83, 0xfe, 0xff, 0xe4, 0x3f, 0xf8,
    0x1f, 0xfc, 0x87, 0xff, 0x46, 0xff, 0x83, 0xff,
    0x81, 0xff, 0xc1, 0xff, 0xc1, 0xff, 0xe4, 0x3f,
    0xfa, 0x3f, 0xf4, 0x1f, 0xfc, 0xf, 0xfe, 0xf,
    0xfe, 0xf, 0xff, 0x21, 0xff, 0xd0, 0xbf, 0xe0,
    0xff, 0xe0, 0xff, 0xf0, 0x7f, 0xf0, 0x7f, 0xf9,
    0xf, 0xfe, 0x87, 0xfc, 0x87, 0xff, 0x7, 0xff,
    0x83, 0xff, 0x83, 0xff, 0xc8, 0x7f, 0xf3, 0xef,
    0xf8, 0x3f, 0xf8, 0x5f, 0xfc, 0x87, 0xff, 0x3,
    0xff, 0x90, 0xff, 0xe7, 0x3f, 0xf2, 0x1f, 0xfc,
    0x2f, 0xfe, 0x43, 0xff, 0x81, 0xff, 0xc8, 0x7f,
    0xf3, 0xbf, 0xf0, 0x7f, 0xf0, 0xef, 0xfc, 0x87,
    0xff, 0x3, 0xff, 0x83, 0xff, 0x9c, 0xff, 0xc8,
    0x7f, 0xf0, 0xef, 0xfd, 0x7, 0xfc, 0xff, 0xf0,
    0x7f, 0xf3, 0xbf, 0xf0, 0x7f, 0xf1, 0x1f, 0xfe,
    0xf, 0xfa, 0xff, 0xd0, 0x7f, 0xf3, 0x5f, 0xf8,
    0x3f, 0xf8, 0xdf, 0xfc, 0x1f, 0xf7, 0xff, 0x21,
    0xff, 0xcd, 0xff, 0xa0, 0xff, 0xe3, 0x5f, 0xfa,
    0xf, 0xe7, 0xff, 0x83, 0xff, 0x9a, 0xff, 0xc1,
    0xff, 0xc7, 0x7f, 0xf8, 0x3f, 0xbf, 0xfa, 0xf,
    0xfe, 0x6f, 0xfd, 0x7, 0xff, 0x23, 0xff, 0xc1,
    0xf5, 0xff, 0xc1, 0xff, 0xcd, 0xbf, 0xe0, 0xff,
    0xe4, 0xbf, 0xfe, 0x42, 0x7f, 0xfd, 0x7, 0xff,
    0x37, 0xfe, 0x83, 0xff, 0x95, 0x7f, 0xff, 0x30,
    0x3f, 0xf9, 0xb7, 0xfc, 0x1f, 0xfc, 0xcf, 0xff,
    0xe5, 0xa1, 0xff, 0xcd, 0xff, 0x90, 0xff, 0xe6,
    0xff, 0xff, 0x25, 0xf, 0xfe, 0x6d, 0xff, 0x7,
    0xff, 0x3e, 0xff, 0xfe, 0x32, 0x1f, 0xfc, 0xef,
    0xf9, 0xf, 0xfe, 0x83, 0xff, 0xfc, 0x38, 0x3f,
    0xf9, 0xff, 0xf8, 0x3f, 0xfa, 0x6d, 0xff, 0xe8,
    0x3f, 0xfa, 0xf, 0xfc, 0x87, 0xff, 0x5d, 0x7c,
    0x1f, 0xfd, 0x3f, 0xfc, 0x1f, 0xfe, 0xb0,

    /* U+0026 "&" */
    0xf, 0xfe, 0x42, 0xaf, 0xfa, 0x50, 0x7f, 0xf9,
    0x9b, 0xff, 0xf8, 0x70, 0x7f, 0xf8, 0xff, 0xff,
    0x91, 0x7, 0xff, 0x7e, 0xff, 0xfe, 0x5a, 0x1f,
    0xfd, 0xcf, 0xff, 0xe7, 0x41, 0xff, 0xda, 0xff,
    0xfe, 0x84, 0x1f, 0xfd, 0x8f, 0xff, 0xe9, 0x21,
    0xff, 0xd6, 0xbf, 0xff, 0xa6, 0x1f, 0xfd, 0x6f,
    0xff, 0xe0, 0x21, 0xe7, 0xff, 0xf8, 0x10, 0x7f,
    0xf5, 0x1f, 0xff, 0x41, 0xfe, 0xbf, 0xfe, 0xf,
    0xfe, 0xa7, 0xff, 0xc1, 0xff, 0xc0, 0xbf, 0xfc,
    0x87, 0xff, 0x4f, 0xff, 0xc8, 0x7f, 0xf0, 0x7f,
    0xfd, 0x7, 0xff, 0x49, 0xff, 0xf0, 0x7f, 0xf0,
    0xaf, 0xfe, 0x83, 0xff, 0xa4, 0xff, 0xf8, 0x3f,
    0xf8, 0x4f, 0xff, 0x83, 0xff, 0xa4, 0xff, 0xf4,
    0x1f, 0xfc, 0x27, 0xff, 0xc1, 0xff, 0xd2, 0x7f,
    0xfc, 0x1f, 0xfc, 0x27, 0xff, 0xa0, 0xff, 0xe9,
    0x3f, 0xfe, 0xf, 0xfe, 0x15, 0xff, 0xd0, 0x7f,
    0xf4, 0xff, 0xfd, 0x7, 0xff, 0x7, 0xff, 0xc8,
    0x7f, 0xf4, 0xff, 0xfe, 0xf, 0xfe, 0x3, 0xff,
    0xe0, 0xff, 0xea, 0x5f, 0xfe, 0x83, 0xfe, 0xff,
    0xf8, 0x3f, 0xfa, 0xbf, 0xff, 0x21, 0xfd, 0xff,
    0xf2, 0x1f, 0xfd, 0x5b, 0xff, 0xe0, 0xfd, 0xff,
    0xfc, 0x0, 0xff, 0xeb, 0xff, 0xfd, 0x7, 0xbf,
    0xff, 0x80, 0x1f, 0xfd, 0x87, 0xff, 0xe8, 0x2b,
    0xff, 0xf8, 0x8, 0x7f, 0xf6, 0x6f, 0xff, 0x95,
    0xff, 0xfc, 0x18, 0x3f, 0xfb, 0x7f, 0xff, 0xcd,
    0x83, 0xff, 0xbb, 0xff, 0xfc, 0xb4, 0x3f, 0xfb,
    0xcf, 0xff, 0xf2, 0x43, 0xff, 0xc2, 0xff, 0xff,
    0x19, 0xf, 0xff, 0x1d, 0xff, 0xfc, 0x38, 0x3f,
    0xf8, 0x4f, 0xff, 0x83, 0xff, 0x97, 0x7f, 0xff,
    0xc, 0x3f, 0xf8, 0x8f, 0xff, 0x41, 0xff, 0xc9,
    0x7f, 0xff, 0x8a, 0x1f, 0xfc, 0x4b, 0xff, 0xa0,
    0xff, 0xe3, 0xbf, 0xff, 0xc8, 0xf, 0xfe, 0x1d,
    0xff, 0xd0, 0x7f, 0xf1, 0xaf, 0xff, 0xe5, 0x7,
    0xff, 0xb, 0xff, 0xc8, 0x7f, 0xf1, 0x1f, 0xff,
    0xe6, 0x41, 0xff, 0xc1, 0xff, 0xf2, 0x1f, 0xfc,
    0x37, 0xff, 0xf9, 0xd0, 0x7f, 0xf0, 0x3f, 0xfc,
    0x87, 0xff, 0xa, 0xff, 0xfe, 0xc, 0xf, 0xff,
    0xe0, 0x41, 0xff, 0x7f, 0xf8, 0x3f, 0xf8, 0x4f,
    0xff, 0xf0, 0x50, 0xdf, 0xff, 0xc0, 0x83, 0xf9,
    0xff, 0xf0, 0x7f, 0xf0, 0x5f, 0xff, 0xe0, 0x87,
    0xdf, 0xff, 0xc0, 0x43, 0xf5, 0xff, 0xe0, 0xff,
    0xe0, 0xff, 0xff, 0x2, 0xf, 0xef, 0xff, 0xe0,
    0x21, 0xf7, 0xff, 0xa0, 0xff, 0xe0, 0x5f, 0xff,
    0x41, 0xfe, 0x7f, 0xff, 0x80, 0x87, 0xbf, 0xfc,
    0x87, 0xfc, 0xff, 0xfd, 0x7, 0xff, 0x1, 0xff,
    0xfe, 0x2, 0x19, 0xff, 0xf0, 0x7f, 0xf0, 0x2f,
    0xff, 0x83, 0xff, 0x84, 0xff, 0xff, 0x0, 0x35,
    0xff, 0xe0, 0xff, 0xe0, 0x7f, 0xfc, 0x1f, 0xfc,
    0x47, 0xff, 0xf8, 0x1, 0x7f, 0xfc, 0x1f, 0xf3,
    0xff, 0xe4, 0x3f, 0xf8, 0xb7, 0xff, 0xf0, 0x1,
    0xff, 0xe4, 0x3f, 0xeb, 0xff, 0xc1, 0xff, 0xc7,
    0xbf, 0xff, 0x81, 0x7f, 0xf8, 0x3f, 0xf8, 0x1f,
    0xfe, 0x83, 0xff, 0x91, 0x7f, 0xff, 0x28, 0x3f,
    0xf8, 0x1f, 0xfe, 0x43, 0xff, 0x93, 0xff, 0xfc,
    0x98, 0x3f, 0xf8, 0x1f, 0xfe, 0xf, 0xfe, 0x5f,
    0xff, 0xf2, 0x3, 0xff, 0x83, 0xff, 0xe0, 0xff,
    0xe6, 0x7f, 0xff, 0x1c, 0x3f, 0xf8, 0x3f, 0xfe,
    0xf, 0xfe, 0x6f, 0xff, 0xf1, 0x50, 0xff, 0xe0,
    0xff, 0xf8, 0x3f, 0xf9, 0xdf, 0xff, 0xc4, 0xf,
    0xfe, 0x17, 0xff, 0x90, 0xff, 0xe7, 0x7f, 0xff,
    0x9, 0xf, 0xfe, 0x17, 0xff, 0xa0, 0xff, 0xe7,
    0x3f, 0xff, 0xc1, 0xf, 0xfe, 0x1f, 0xff, 0xc1,
    0xff, 0xcf, 0xff, 0xfe, 0xa, 0x1f, 0xfc, 0x2b,
    0xff, 0xd0, 0x7f, 0xf3, 0x6f, 0xff, 0xe1, 0x21,
    0xff, 0xc1, 0x7f, 0xfe, 0x43, 0xff, 0x97, 0x7f,
    0xff, 0x11, 0xf, 0xfe, 0xf, 0xff, 0xf0, 0x10,
    0xff, 0xe4, 0xff, 0xff, 0x1d, 0xf, 0xfe, 0x5,
    0xff, 0xfc, 0x8, 0x3f, 0xf8, 0xd7, 0xff, 0xf2,
    0x43, 0xff, 0x83, 0xff, 0xfc, 0x24, 0x3f, 0xf8,
    0x57, 0xff, 0xf3, 0x3, 0xff, 0x80, 0xff, 0xff,
    0xe, 0x50, 0x79, 0xbf, 0xff, 0xa0, 0x1f, 0xfc,
    0xb, 0xff, 0xfd, 0x41, 0xff, 0xc0, 0xff, 0xfe,
    0xe0, 0x3f, 0xff, 0x82, 0x1f, 0xfc, 0xf, 0xff,
    0xed, 0x6, 0xff, 0xfe, 0x8, 0x7f, 0xf0, 0x3f,
    0xff, 0xaf, 0x7, 0xbf, 0xff, 0x82, 0x1f, 0xfc,
    0xb, 0xff, 0xfa, 0x88, 0x7e, 0xff, 0xfe, 0x8,
    0x7f, 0xf0, 0x1f, 0xff, 0xe8, 0xc1, 0xff, 0x7f,
    0xff, 0x4, 0x3f, 0xf8, 0x2f, 0xff, 0xf3, 0x50,
    0xff, 0xe1, 0x7f, 0xff, 0x4, 0x3f, 0xf8, 0x77,
    0xff, 0xf1, 0xe4, 0x3f, 0xf8, 0xab, 0xff, 0xc0,
    0xf, 0xfe, 0x32, 0xaf, 0xfe, 0xa2, 0x1f, 0xfd,
    0x60,

    /* U+0027 "'" */
    0xe, 0xbf, 0x41, 0xfd, 0x7f, 0xe8, 0x3d, 0x7f,
    0xfa, 0xc, 0xff, 0xff, 0x1, 0xa, 0xff, 0xfe,
    0x8, 0x5f, 0xff, 0xc2, 0x41, 0xff, 0xfc, 0x28,
    0x1f, 0xff, 0xc3, 0x7, 0xff, 0xf0, 0xc1, 0x7f,
    0xff, 0x8, 0x2f, 0xff, 0xe1, 0x6, 0xff, 0xfe,
    0x8, 0x75, 0xff, 0xf0, 0x7c, 0xb5, 0xfe, 0xf,
    0xf5, 0xfe, 0xf, 0xf7, 0xfa, 0xf, 0xf7, 0xf9,
    0xf, 0xeb, 0xfc, 0x1f, 0xef, 0xf8, 0x3f, 0xaf,
    0xf4, 0x1f, 0xdf, 0xf0, 0x7f, 0x7f, 0xd0, 0x7e,
    0xff, 0xc1, 0xfb, 0xff, 0x21, 0xf7, 0xfe, 0x83,
    0xcf, 0xff, 0x7, 0xdf, 0xfc, 0x1f, 0xaf, 0xf8,
    0x3f, 0xdf, 0xd0, 0x7f, 0xcf, 0xc8, 0x7f, 0xf0,
    0x68, 0x1f, 0xfd, 0x10,

    /* U+0028 "(" */
    0xf, 0xfe, 0x15, 0xff, 0x83, 0xff, 0x84, 0xff,
    0xe0, 0xff, 0xe1, 0xff, 0xe8, 0x3f, 0xf8, 0x57,
    0xfe, 0xf, 0xfe, 0x13, 0xff, 0x90, 0xff, 0xe1,
    0x7f, 0xf0, 0x7f, 0xf0, 0x9f, 0xfc, 0x87, 0xff,
    0xb, 0xff, 0x83, 0xff, 0x85, 0x7f, 0xe4, 0x3f,
    0xf8, 0x5f, 0xfc, 0x1f, 0xfc, 0x2b, 0xff, 0x41,
    0xff, 0xc2, 0xff, 0xe0, 0xff, 0xe1, 0x5f, 0xfa,
    0xf, 0xfe, 0x17, 0xff, 0x7, 0xff, 0xa, 0xff,
    0xe0, 0xff, 0xe1, 0x7f, 0xf2, 0x1f, 0xfc, 0x17,
    0xff, 0x83, 0xff, 0x85, 0xff, 0xd0, 0x7f, 0xf0,
    0xbf, 0xf9, 0xf, 0xfe, 0xd, 0xff, 0xc1, 0xff,
    0xc2, 0xff, 0xe8, 0x3f, 0xf8, 0x5f, 0xfc, 0x87,
    0xff, 0x6, 0xff, 0xe0, 0xff, 0xe1, 0x7f, 0xf8,
    0x3f, 0xf8, 0x5f, 0xfd, 0x7, 0xff, 0x5, 0xff,
    0xe0, 0xff, 0xe1, 0x5f, 0xfc, 0x1f, 0xfc, 0x2f,
    0xff, 0x7, 0xff, 0xb, 0xff, 0xa0, 0xff, 0xe0,
    0xbf, 0xfc, 0x87, 0xff, 0x6, 0xff, 0xe0, 0xff,
    0xe1, 0x5f, 0xfc, 0x1f, 0xfc, 0x2f, 0xff, 0x7,
    0xff, 0xb, 0xff, 0xa0, 0xff, 0xe1, 0x7f, 0xf4,
    0x1f, 0xfc, 0x17, 0xff, 0x90, 0xff, 0xe0, 0xbf,
    0xfc, 0x87, 0xff, 0x5, 0xff, 0xe0, 0xff, 0xe1,
    0x5f, 0xfc, 0x1f, 0xfc, 0x2b, 0xff, 0x83, 0xff,
    0x85, 0x7f, 0xf0, 0x7f, 0xf0, 0xaf, 0xfe, 0xf,
    0xfe, 0x15, 0xff, 0xc1, 0xff, 0xc2, 0xff, 0xf0,
    0x7f, 0xf0, 0xbf, 0xfc, 0x1f, 0xfc, 0x2b, 0xff,
    0x83, 0xff, 0x85, 0x7f, 0xf0, 0x7f, 0xf0, 0xaf,
    0xfe, 0xf, 0xfe, 0x15, 0xff, 0xc1, 0xff, 0xc2,
    0xbf, 0xf8, 0x3f, 0xf8, 0x4f, 0xff, 0x7, 0xff,
    0x9, 0xff, 0xe4, 0x3f, 0xf8, 0x2f, 0xff, 0x21,
    0xff, 0xc2, 0xff, 0xe8, 0x3f, 0xf8, 0x5f, 0xfd,
    0x7, 0xff, 0xb, 0xff, 0xc1, 0xff, 0xc2, 0xbf,
    0xf8, 0x3f, 0xf8, 0x57, 0xff, 0x7, 0xff, 0x9,
    0xff, 0xe4, 0x3f, 0xf8, 0x5f, 0xfd, 0x7, 0xff,
    0xb, 0xff, 0xc1, 0xff, 0xc2, 0xbf, 0xf8, 0x3f,
    0xf8, 0x4f, 0xff, 0x21, 0xff, 0xc2, 0xff, 0xe8,
    0x3f, 0xf8, 0x5f, 0xfe, 0xf, 0xfe, 0x15, 0xff,
    0xc1, 0xff, 0xc3, 0xff, 0xe4, 0x3f, 0xf8, 0x5f,
    0xfd, 0x7, 0xff, 0xa, 0xff, 0xe0, 0xff, 0xe1,
    0xff, 0xf2, 0x1f, 0xfc, 0x2f, 0xff, 0x7, 0xff,
    0x9, 0xff, 0xe0, 0xff, 0xe1, 0xff, 0xf2, 0x1f,
    0xfc, 0x2b, 0xff, 0x83, 0xff, 0x87, 0xff, 0xc8,
    0x7f, 0xf0, 0xaf, 0xfd, 0x7, 0xff, 0xf, 0xff,
    0x83, 0xff, 0x87, 0x7f, 0xe8, 0x3f, 0xf8, 0x7f,
    0xfc, 0x1f, 0xfc, 0x3b, 0xff, 0x21, 0xff, 0xc3,
    0xff, 0xe0, 0xff, 0xe1, 0xbf, 0xf9, 0xf, 0xfe,
    0x1f, 0xff, 0x7, 0xff, 0xd, 0xff, 0xd0, 0x7f,
    0xf0, 0xef, 0xfc, 0x1f, 0xfc, 0x4f, 0xfd, 0x7,
    0xff, 0xd, 0xff, 0xc1, 0xff, 0xc4, 0xbf, 0xf0,

    /* U+0029 ")" */
    0x7f, 0xf0, 0x7f, 0xf1, 0x3f, 0xf4, 0x1f, 0xfc,
    0x37, 0xff, 0x7, 0xff, 0x13, 0xff, 0x83, 0xff,
    0x89, 0xff, 0xa0, 0xff, 0xe1, 0xdf, 0xf8, 0x3f,
    0xf8, 0x9f, 0xfa, 0xf, 0xfe, 0x1d, 0xff, 0x90,
    0xff, 0xe1, 0xff, 0xf0, 0x7f, 0xf0, 0xef, 0xfc,
    0x87, 0xff, 0x9, 0xff, 0xe0, 0xff, 0xe1, 0xff,
    0xf2, 0x1f, 0xfc, 0x27, 0xff, 0x83, 0xff, 0x87,
    0xff, 0xc8, 0x7f, 0xf0, 0xaf, 0xfe, 0xf, 0xfe,
    0x1f, 0xff, 0x7, 0xff, 0xf, 0xff, 0xa0, 0xff,
    0xe1, 0x3f, 0xfc, 0x1f, 0xfc, 0x3f, 0xfe, 0x43,
    0xff, 0x85, 0xff, 0xe0, 0xff, 0xe1, 0x3f, 0xfc,
    0x1f, 0xfc, 0x3f, 0xfe, 0x43, 0xff, 0x85, 0xff,
    0xe0, 0xff, 0xe1, 0x5f, 0xfc, 0x1f, 0xfc, 0x27,
    0xff, 0x90, 0xff, 0xe1, 0x7f, 0xf4, 0x1f, 0xfc,
    0x2b, 0xff, 0x83, 0xff, 0x85, 0x7f, 0xf0, 0x7f,
    0xf0, 0x9f, 0xfe, 0x43, 0xff, 0x85, 0xff, 0xd0,
    0x7f, 0xf0, 0xbf, 0xfc, 0x1f, 0xfc, 0x2b, 0xff,
    0x83, 0xff, 0x85, 0x7f, 0xf0, 0x7f, 0xf0, 0x9f,
    0xfe, 0x43, 0xff, 0x85, 0xff, 0xc8, 0x7f, 0xf0,
    0xbf, 0xfa, 0xf, 0xfe, 0x17, 0xff, 0x41, 0xff,
    0xc2, 0xff, 0xf0, 0x7f, 0xf0, 0xbf, 0xfc, 0x1f,
    0xfc, 0x2f, 0xff, 0x7, 0xff, 0xa, 0xff, 0xe0,
    0xff, 0xe1, 0x5f, 0xfc, 0x1f, 0xfc, 0x2b, 0xff,
    0x83, 0xff, 0x85, 0x7f, 0xf0, 0x7f, 0xf0, 0xaf,
    0xfe, 0xf, 0xfe, 0x15, 0xff, 0xc1, 0xff, 0xc2,
    0xbf, 0xf8, 0x3f, 0xf8, 0x57, 0xff, 0x7, 0xff,
    0xb, 0xff, 0xc1, 0xff, 0xc2, 0xff, 0xf0, 0x7f,
    0xf0, 0xbf, 0xfc, 0x1f, 0xfc, 0x2f, 0xfe, 0x83,
    0xff, 0x85, 0xff, 0xd0, 0x7f, 0xf0, 0x5f, 0xfe,
    0x43, 0xff, 0x82, 0xff, 0xf2, 0x1f, 0xfc, 0x1b,
    0xff, 0x83, 0xff, 0x85, 0x7f, 0xf0, 0x7f, 0xf0,
    0xbf, 0xfc, 0x1f, 0xfc, 0x2f, 0xfe, 0x83, 0xff,
    0x82, 0xff, 0xf2, 0x1f, 0xfc, 0x1b, 0xff, 0x83,
    0xff, 0x85, 0xff, 0xe0, 0xff, 0xe1, 0x7f, 0xf4,
    0x1f, 0xfc, 0x17, 0xff, 0x90, 0xff, 0xe0, 0xdf,
    0xfc, 0x1f, 0xfc, 0x2f, 0xff, 0x7, 0xff, 0xb,
    0xff, 0xa0, 0xff, 0xe0, 0xbf, 0xfc, 0x1f, 0xfc,
    0x2f, 0xff, 0x7, 0xff, 0xb, 0xff, 0x90, 0xff,
    0xe0, 0xbf, 0xfc, 0x1f, 0xfc, 0x2f, 0xfe, 0x83,
    0xff, 0x85, 0xff, 0xc1, 0xff, 0xc2, 0xbf, 0xf8,
    0x3f, 0xf8, 0x5f, 0xfc, 0x87, 0xff, 0x5, 0xff,
    0xe0, 0xff, 0xe1, 0x7f, 0xf2, 0x1f, 0xfc, 0x17,
    0xff, 0x83, 0xff, 0x85, 0x7f, 0xe4, 0x3f, 0xf8,
    0x5f, 0xfc, 0x1f, 0xfc, 0x2b, 0xff, 0x21, 0xff,
    0xc2, 0xff, 0xd0, 0x7f, 0xf0, 0xaf, 0xfc, 0x1f,
    0xfc, 0x3f, 0xfd, 0x7, 0xff, 0xb, 0xff, 0x83,
    0xff, 0x84, 0xff, 0xe0, 0xff, 0xe1, 0xff, 0xe8,
    0x3f, 0xf8, 0x4f, 0xfe, 0xf, 0xfe, 0x18,

    /* U+002A "*" */
    0xf, 0xfe, 0x37, 0xfe, 0x43, 0xff, 0xaf, 0xff,
    0x90, 0xff, 0xeb, 0xff, 0xe4, 0x3f, 0xfa, 0xff,
    0xf9, 0xf, 0xfe, 0xbf, 0xfe, 0xf, 0xfe, 0xc7,
    0xfe, 0xf, 0xfe, 0xc7, 0xfe, 0xf, 0xfe, 0xc5,
    0xff, 0x7, 0xff, 0x62, 0xff, 0x83, 0xff, 0xb1,
    0x7f, 0xc1, 0xff, 0xd8, 0xbf, 0xe0, 0xff, 0xe4,
    0xe8, 0x7f, 0xf0, 0x5f, 0xf8, 0x3f, 0xf8, 0x2e,
    0x86, 0x7e, 0x90, 0xff, 0x3f, 0xe8, 0x3f, 0xeb,
    0xf0, 0x6f, 0xf9, 0xf, 0xcf, 0xfa, 0xf, 0xcd,
    0xfe, 0xd, 0xff, 0xd0, 0x79, 0xff, 0x41, 0xeb,
    0xff, 0x90, 0x3f, 0xff, 0xc0, 0x43, 0x7f, 0xa0,
    0x9b, 0xff, 0xf8, 0x0, 0xff, 0xfe, 0x1c, 0xf,
    0xf4, 0x3f, 0xff, 0xc3, 0x7, 0xff, 0xf7, 0x95,
    0xff, 0xfd, 0xf1, 0xbf, 0xff, 0xb5, 0x21, 0xe6,
    0xff, 0xfe, 0x9c, 0x1f, 0xfc, 0x16, 0xff, 0xfe,
    0x64, 0x87, 0xff, 0x21, 0xbf, 0xff, 0x89, 0x21,
    0xff, 0xd0, 0xbf, 0xfd, 0x7, 0xff, 0x53, 0xff,
    0xf8, 0x1, 0xff, 0xd3, 0xff, 0xfe, 0x10, 0x7f,
    0xf4, 0x6f, 0xff, 0xe1, 0x87, 0xff, 0x3e, 0xff,
    0xd7, 0xfe, 0xf, 0xfe, 0x6b, 0xff, 0x93, 0xff,
    0x41, 0xff, 0xcb, 0x7f, 0xf4, 0x7, 0xff, 0x41,
    0xff, 0xc9, 0x7f, 0xf8, 0x35, 0xff, 0x90, 0xff,
    0xe4, 0x7f, 0xf2, 0x1d, 0xff, 0xc8, 0x7f, 0xf1,
    0xbf, 0xfa, 0xf, 0x3f, 0xfc, 0x1f, 0xfc, 0x5f,
    0xff, 0x7, 0xeb, 0xff, 0x83, 0xff, 0x87, 0x7f,
    0xf0, 0x7f, 0xbf, 0xfc, 0x1f, 0xfc, 0x1b, 0xff,
    0x90, 0xff, 0xbf, 0xfc, 0x1f, 0xfc, 0xf, 0xff,
    0x7, 0xff, 0x2, 0xff, 0xe4, 0x3f, 0xe7, 0xff,
    0x7, 0xff, 0xb, 0xff, 0x21, 0xff, 0xc2, 0xff,
    0x21, 0xff, 0xc3, 0xff, 0x7, 0xff, 0x16, 0xfa,
    0xf, 0xfe, 0x25, 0xf8, 0x3f, 0xf8, 0xef, 0x83,
    0xff, 0x8d, 0xe8, 0x3f, 0xf9, 0x48, 0x7f, 0xf1,
    0xd0, 0xff, 0x80,

    /* U+002B "+" */
    0xf, 0xfe, 0x43, 0x5f, 0x21, 0xff, 0xdc, 0xbf,
    0xe8, 0x3f, 0xfb, 0x97, 0xfd, 0x7, 0xff, 0x72,
    0xff, 0xa0, 0xff, 0xee, 0x5f, 0xf4, 0x1f, 0xfd,
    0xcb, 0xfe, 0x83, 0xff, 0xb9, 0x7f, 0xd0, 0x7f,
    0xf7, 0x2f, 0xfa, 0xf, 0xfe, 0xe5, 0xff, 0x41,
    0xff, 0xdc, 0xbf, 0xe8, 0x3f, 0xfb, 0x97, 0xfd,
    0x7, 0xff, 0x72, 0xff, 0xa0, 0xff, 0xee, 0x5f,
    0xf4, 0x1f, 0xfd, 0xcb, 0xfe, 0x83, 0xff, 0xb9,
    0x7f, 0xd0, 0x7f, 0xf7, 0x2f, 0xfa, 0xf, 0xfe,
    0xe5, 0xff, 0x41, 0xff, 0xdc, 0xbf, 0xe8, 0x3f,
    0xfb, 0x97, 0xfd, 0x7, 0xff, 0x72, 0xff, 0xa0,
    0xff, 0xe4, 0x3f, 0xff, 0xe3, 0x1f, 0xff, 0xf1,
    0x8f, 0xff, 0xf8, 0xc7, 0xff, 0xfc, 0x63, 0xff,
    0xfe, 0x31, 0xff, 0xff, 0x18, 0xff, 0xff, 0x8c,
    0x7f, 0xff, 0xc6, 0x5, 0xff, 0xe3, 0xff, 0xe9,
    0x7f, 0xf8, 0xe1, 0xff, 0xc9, 0xbf, 0xe8, 0x3f,
    0xfb, 0x97, 0xfd, 0x7, 0xff, 0x72, 0xff, 0xa0,
    0xff, 0xee, 0x5f, 0xf4, 0x1f, 0xfd, 0xcb, 0xfe,
    0x83, 0xff, 0xb9, 0x7f, 0xd0, 0x7f, 0xf7, 0x2f,
    0xfa, 0xf, 0xfe, 0xe5, 0xff, 0x41, 0xff, 0xdc,
    0xbf, 0xe8, 0x3f, 0xfb, 0x97, 0xfd, 0x7, 0xff,
    0x72, 0xff, 0xa0, 0xff, 0xee, 0x5f, 0xf4, 0x1f,
    0xfd, 0xcb, 0xfe, 0x83, 0xff, 0xb9, 0x7f, 0xd0,
    0x7f, 0xf7, 0x2f, 0xfa, 0xf, 0xfe, 0xe5, 0xff,
    0x41, 0xff, 0xdc, 0xbf, 0xe8, 0x3f, 0xfb, 0x97,
    0xfd, 0x7, 0xff, 0x72, 0xff, 0xa0, 0xff, 0xe4,
    0x0,

    /* U+002C "," */
    0xf, 0x2c, 0x1f, 0xe7, 0xfe, 0x43, 0xd7, 0xff,
    0x41, 0xaf, 0xff, 0x90, 0xbf, 0xff, 0x82, 0x7,
    0xff, 0xf8, 0x31, 0x7f, 0xff, 0x8, 0xbf, 0xff,
    0x84, 0x5f, 0xff, 0xc2, 0x57, 0xff, 0xf0, 0x93,
    0xff, 0xf8, 0x48, 0x3f, 0xff, 0x82, 0x81, 0xff,
    0xfe, 0x2, 0x19, 0xff, 0xf2, 0x1f, 0xdf, 0xe4,
    0x3f, 0x3f, 0xe0, 0xfe, 0xbf, 0xc1, 0xfd, 0xff,
    0x7, 0xe7, 0xfc, 0x87, 0xef, 0xf8, 0x3f, 0x3f,
    0xf0, 0x7e, 0xff, 0x90, 0xfb, 0xff, 0x7, 0xdf,
    0xf9, 0xf, 0x7f, 0xe8, 0x39, 0xff, 0xe0, 0xeb,
    0xff, 0x83, 0xcf, 0xfe, 0xf, 0xdf, 0xf0, 0x7f,
    0xbf, 0x41, 0xff, 0x5e, 0x43, 0xff, 0x82, 0x87,
    0xff, 0x0,

    /* U+002D "-" */
    0x17, 0xff, 0xc6, 0x3f, 0xff, 0xe3, 0x1f, 0xff,
    0xf1, 0x8f, 0xff, 0xf8, 0xc7, 0xff, 0xfc, 0x63,
    0xff, 0xfe, 0x31, 0xff, 0xff, 0x18, 0xff, 0xff,
    0x8c, 0x7f, 0xff, 0xc6, 0x0,

    /* U+002E "." */
    0xf, 0x2e, 0xf, 0xeb, 0xfd, 0x7, 0xbf, 0xfc,
    0x1b, 0xff, 0xe8, 0x17, 0xff, 0xf0, 0x1, 0xff,
    0xfc, 0x18, 0xff, 0xfe, 0xc, 0x7f, 0xff, 0x6,
    0x3f, 0xff, 0x83, 0x17, 0xff, 0xf0, 0x10, 0x7f,
    0xff, 0x0, 0x2b, 0xff, 0xc1, 0xd7, 0xfe, 0x43,
    0xeb, 0xf2, 0x18,

    /* U+002F "/" */
    0xf, 0xfe, 0xb5, 0x7e, 0xf, 0xfe, 0xb7, 0xff,
    0x7, 0xff, 0x5b, 0xff, 0x41, 0xff, 0xd5, 0xbf,
    0xf0, 0x7f, 0xf5, 0xbf, 0xf8, 0x3f, 0xfa, 0xaf,
    0xfe, 0x43, 0xff, 0xab, 0x7f, 0xe0, 0xff, 0xeb,
    0x7f, 0xe8, 0x3f, 0xfa, 0xaf, 0xfe, 0xf, 0xfe,
    0xb7, 0xff, 0x7, 0xff, 0x5b, 0xff, 0x21, 0xff,
    0xd5, 0xbf, 0xf0, 0x7f, 0xf5, 0xbf, 0xf4, 0x1f,
    0xfd, 0x57, 0xff, 0x21, 0xff, 0xd5, 0xbf, 0xf0,
    0x7f, 0xf5, 0xbf, 0xf4, 0x1f, 0xfd, 0x57, 0xff,
    0x7, 0xff, 0x5b, 0xff, 0x83, 0xff, 0xad, 0xff,
    0x90, 0xff, 0xea, 0xdf, 0xf8, 0x3f, 0xfa, 0xdf,
    0xfa, 0xf, 0xfe, 0xab, 0xff, 0x90, 0xff, 0xea,
    0xdf, 0xf8, 0x3f, 0xfa, 0xdf, 0xfa, 0xf, 0xfe,
    0xad, 0xff, 0x83, 0xff, 0xad, 0xff, 0xc1, 0xff,
    0xd5, 0x7f, 0xf2, 0x1f, 0xfd, 0x5b, 0xff, 0x7,
    0xff, 0x5b, 0xff, 0x41, 0xff, 0xd5, 0x7f, 0xf2,
    0x1f, 0xfd, 0x5f, 0xfe, 0xf, 0xfe, 0xb7, 0xfe,
    0x83, 0xff, 0xab, 0x7f, 0xe0, 0xff, 0xeb, 0x7f,
    0xf0, 0x7f, 0xf5, 0x5f, 0xfc, 0x87, 0xff, 0x56,
    0xff, 0xc1, 0xff, 0xd6, 0xff, 0xd0, 0x7f, 0xf5,
    0x5f, 0xfc, 0x1f, 0xfd, 0x6f, 0xfe, 0xf, 0xfe,
    0xb7, 0xfe, 0x43, 0xff, 0xab, 0x7f, 0xe0, 0xff,
    0xeb, 0x7f, 0xe8, 0x3f, 0xfa, 0xaf, 0xfe, 0x43,
    0xff, 0xab, 0x7f, 0xe0, 0xff, 0xeb, 0x7f, 0xe8,
    0x3f, 0xfa, 0xaf, 0xfe, 0xf, 0xfe, 0xb7, 0xff,
    0x7, 0xff, 0x55, 0xff, 0xc8, 0x7f, 0xf5, 0x6f,
    0xfc, 0x1f, 0xfd, 0x6f, 0xfd, 0x7, 0xff, 0x55,
    0xff, 0xc8, 0x7f, 0xf5, 0x7f, 0xf8, 0x3f, 0xfa,
    0xdf, 0xfa, 0xf, 0xfe, 0xad, 0xff, 0x83, 0xff,
    0xad, 0xff, 0xc1, 0xff, 0xd5, 0x7f, 0xf2, 0x1f,
    0xfd, 0x5b, 0xff, 0x7, 0xff, 0x5b, 0xff, 0x41,
    0xff, 0xd5, 0x7f, 0xf2, 0x1f, 0xfd, 0x5f, 0xfe,
    0xf, 0xfe, 0xb7, 0xfe, 0x83, 0xff, 0xab, 0x7f,
    0xe0, 0xff, 0xeb, 0x7f, 0xf0, 0x7f, 0xf5, 0x5f,
    0xfc, 0x87, 0xff, 0x56, 0xff, 0xc1, 0xff, 0xd6,
    0xff, 0xd0, 0x7f, 0xf5, 0x5f, 0xfc, 0x1f, 0xfd,
    0x6f, 0xfe, 0xf, 0xfe, 0xb7, 0xfe, 0x43, 0xff,
    0xab, 0x7f, 0xe0, 0xff, 0xeb, 0x7f, 0xe8, 0x3f,
    0xfa, 0xaf, 0xfe, 0x43, 0xff, 0xab, 0xff, 0xc1,
    0xff, 0xd6, 0xff, 0xd0, 0x7f, 0xf5, 0x6f, 0xfc,
    0x1f, 0xfd, 0x6f, 0xfe, 0xf, 0xfe, 0xab, 0xff,
    0x90, 0xff, 0xea, 0xdf, 0xf8, 0x3f, 0xfa, 0xdf,
    0xfa, 0xf, 0xfe, 0xab, 0xff, 0x90, 0xff, 0xea,
    0xff, 0xf0, 0x7f, 0xf5, 0xbf, 0xf4, 0x1f, 0xfd,
    0x5b, 0xff, 0x7, 0xff, 0x5b, 0xff, 0x83, 0xff,
    0xaa, 0xff, 0xe4, 0x3f, 0xfa, 0xb7, 0xfe, 0xf,
    0xfe, 0xb7, 0xfe, 0x83, 0xff, 0xaa,

    /* U+0030 "0" */
    0xf, 0xfe, 0x3b, 0x4f, 0xfa, 0x43, 0xff, 0xae,
    0xdf, 0xff, 0xc3, 0x83, 0xff, 0xa4, 0xff, 0xff,
    0x22, 0xf, 0xfe, 0x7d, 0xff, 0xfc, 0xb4, 0x3f,
    0xf9, 0x6f, 0xff, 0xf3, 0xa0, 0xff, 0xe4, 0xbf,
    0xff, 0xd0, 0x83, 0xff, 0x8e, 0xff, 0xff, 0x4a,
    0xf, 0xfe, 0x2b, 0xff, 0xfd, 0x48, 0x3f, 0xf8,
    0x9f, 0xff, 0xc4, 0xa7, 0xff, 0xf1, 0x10, 0xff,
    0xe1, 0x7f, 0xff, 0x6, 0xf, 0xcf, 0xff, 0xf0,
    0x43, 0xff, 0x82, 0xff, 0xfd, 0x7, 0xff, 0x1,
    0xff, 0xfe, 0x0, 0x7f, 0xf0, 0x3f, 0xfe, 0x83,
    0xff, 0x87, 0xff, 0xf2, 0x1f, 0xeb, 0xff, 0xd0,
    0x7f, 0xf1, 0x7f, 0xfe, 0xf, 0xf7, 0xff, 0xc1,
    0xff, 0xc6, 0x7f, 0xfc, 0x87, 0xe7, 0xff, 0xc1,
    0xff, 0xc8, 0xbf, 0xfc, 0x1f, 0xbf, 0xfd, 0x7,
    0xff, 0x27, 0xff, 0xc8, 0x79, 0xff, 0xf0, 0x7f,
    0xf2, 0xaf, 0xfe, 0x83, 0xd7, 0xff, 0x41, 0xff,
    0xca, 0x7f, 0xfc, 0x1e, 0xff, 0xf2, 0x1f, 0xfc,
    0xbf, 0xff, 0x21, 0xdf, 0xfe, 0xf, 0xfe, 0x65,
    0xff, 0xd0, 0x67, 0xff, 0xa0, 0xff, 0xe6, 0x3f,
    0xfe, 0xd, 0x7f, 0xf2, 0x1f, 0xfc, 0xdf, 0xff,
    0x6, 0xff, 0xf0, 0x7f, 0xf3, 0xbf, 0xfc, 0x85,
    0xff, 0xe0, 0xff, 0xe7, 0x5f, 0xfc, 0x81, 0xff,
    0xf0, 0x7f, 0xf3, 0x9f, 0xfe, 0x80, 0xff, 0xf4,
    0x1f, 0xfc, 0xe7, 0xff, 0xc0, 0xbf, 0xfa, 0xf,
    0xfe, 0x7f, 0xff, 0x81, 0x7f, 0xf2, 0x1f, 0xfc,
    0xff, 0xff, 0x3, 0xff, 0xc8, 0x7f, 0xf3, 0xff,
    0xfc, 0xf, 0xff, 0x21, 0xff, 0xcf, 0xff, 0xf0,
    0x3f, 0xfc, 0x1f, 0xfd, 0xf, 0xff, 0x27, 0xff,
    0x83, 0xff, 0xa1, 0xff, 0xe4, 0xff, 0xf0, 0x7f,
    0xf4, 0x2f, 0xfe, 0x4f, 0xff, 0x7, 0xff, 0x42,
    0xff, 0xe4, 0xff, 0xf0, 0x7f, 0xf4, 0x2f, 0xfe,
    0x4f, 0xff, 0x7, 0xff, 0x42, 0xff, 0xe4, 0xff,
    0xf0, 0x7f, 0xf4, 0x2f, 0xfe, 0x4f, 0xff, 0x7,
    0xff, 0x42, 0xff, 0xe4, 0xff, 0xf0, 0x7f, 0xf4,
    0x3f, 0xfc, 0x9f, 0xfe, 0xf, 0xfe, 0x87, 0xff,
    0x93, 0xff, 0xc8, 0x7f, 0xf3, 0xff, 0xfc, 0xf,
    0xff, 0x21, 0xff, 0xcf, 0xff, 0xf0, 0x2f, 0xfe,
    0x43, 0xff, 0x9f, 0xff, 0xe0, 0x5f, 0xfd, 0x7,
    0xff, 0x3f, 0xff, 0xc0, 0x7f, 0xfa, 0xf, 0xfe,
    0x73, 0xff, 0xe0, 0x3f, 0xfe, 0xf, 0xfe, 0x73,
    0xff, 0xd0, 0x5f, 0xfe, 0xf, 0xfe, 0x75, 0xff,
    0xc8, 0x5f, 0xfe, 0xf, 0xfe, 0x77, 0xff, 0x90,
    0xaf, 0xfe, 0x43, 0xff, 0x9b, 0xff, 0xe0, 0xcf,
    0xff, 0x41, 0xff, 0xcc, 0x7f, 0xfc, 0x1d, 0xff,
    0xe0, 0xff, 0xe6, 0x5f, 0xfd, 0x7, 0x7f, 0xf9,
    0xf, 0xfe, 0x5f, 0xff, 0x90, 0xeb, 0xff, 0xa0,
    0xff, 0xe5, 0x3f, 0xfe, 0xf, 0xbf, 0xfc, 0x1f,
    0xfc, 0xab, 0xff, 0xa0, 0xfb, 0xff, 0xd0, 0x7f,
    0xf2, 0x7f, 0xfc, 0x87, 0xcf, 0xff, 0x83, 0xff,
    0x91, 0x7f, 0xf8, 0x3f, 0xbf, 0xfe, 0xf, 0xfe,
    0x33, 0xff, 0xe4, 0x3f, 0xaf, 0xff, 0x41, 0xff,
    0xc5, 0xff, 0xf8, 0x3f, 0xef, 0xff, 0xa0, 0xff,
    0xe1, 0xff, 0xfc, 0x87, 0xfc, 0xff, 0xfd, 0x7,
    0xff, 0x1, 0xff, 0xfe, 0x0, 0x7f, 0xf0, 0x6f,
    0xff, 0xe0, 0x41, 0xf9, 0xff, 0xfe, 0x8, 0x7f,
    0xf0, 0xff, 0xff, 0x89, 0x57, 0xff, 0xf0, 0xd0,
    0xff, 0xe1, 0xbf, 0xff, 0xd4, 0x83, 0xff, 0x8a,
    0xff, 0xff, 0x4a, 0xf, 0xfe, 0x3b, 0xff, 0xfd,
    0x8, 0x3f, 0xf9, 0x2f, 0xff, 0xf3, 0xa0, 0xff,
    0xe6, 0x5f, 0xff, 0xcb, 0x43, 0xff, 0x9c, 0xff,
    0xff, 0x22, 0xf, 0xfe, 0x93, 0x7f, 0xff, 0xd,
    0xf, 0xfe, 0xbb, 0x4f, 0xfa, 0x43, 0xff, 0x8e,

    /* U+0031 "1" */
    0xf, 0xfe, 0x3a, 0xfc, 0x1f, 0xfc, 0x67, 0xff,
    0x21, 0xff, 0xc4, 0x7f, 0xf9, 0xf, 0xfe, 0x1b,
    0xff, 0xe4, 0x3f, 0xf8, 0x57, 0xff, 0xc8, 0x7f,
    0xf0, 0x7f, 0xff, 0x82, 0x87, 0xfc, 0xff, 0xff,
    0x9, 0xf, 0xf7, 0xff, 0xf1, 0x10, 0xfd, 0x7f,
    0xff, 0x15, 0xe, 0x6f, 0xff, 0xe3, 0xa1, 0x5f,
    0xff, 0xca, 0x57, 0xff, 0xf3, 0x55, 0xff, 0xfc,
    0xd5, 0x7f, 0xff, 0xa, 0xff, 0xf2, 0xbf, 0xff,
    0x82, 0x9f, 0xfe, 0x57, 0xff, 0xf0, 0x2, 0xff,
    0xf2, 0xbf, 0xfd, 0x6, 0xff, 0xf2, 0xbf, 0xf8,
    0x3d, 0xff, 0xe5, 0x7f, 0xc8, 0x7d, 0xff, 0xe5,
    0x7f, 0x21, 0xfd, 0xff, 0xe5, 0x7a, 0xf, 0xfe,
    0x7, 0xff, 0x91, 0xf, 0xfe, 0x17, 0xff, 0x90,
    0xff, 0xe2, 0x7f, 0xf9, 0xf, 0xfe, 0x27, 0xff,
    0x90, 0xff, 0xe2, 0x7f, 0xf9, 0xf, 0xfe, 0x27,
    0xff, 0x90, 0xff, 0xe2, 0x7f, 0xf9, 0xf, 0xfe,
    0x27, 0xff, 0x90, 0xff, 0xe2, 0x7f, 0xf9, 0xf,
    0xfe, 0x27, 0xff, 0x90, 0xff, 0xe2, 0x7f, 0xf9,
    0xf, 0xfe, 0x27, 0xff, 0x90, 0xff, 0xe2, 0x7f,
    0xf9, 0xf, 0xfe, 0x27, 0xff, 0x90, 0xff, 0xe2,
    0x7f, 0xf9, 0xf, 0xfe, 0x27, 0xff, 0x90, 0xff,
    0xe2, 0x7f, 0xf9, 0xf, 0xfe, 0x27, 0xff, 0x90,
    0xff, 0xe2, 0x7f, 0xf9, 0xf, 0xfe, 0x27, 0xff,
    0x90, 0xff, 0xe2, 0x7f, 0xf9, 0xf, 0xfe, 0x27,
    0xff, 0x90, 0xff, 0xe2, 0x7f, 0xf9, 0xf, 0xfe,
    0x27, 0xff, 0x90, 0xff, 0xe2, 0x7f, 0xf9, 0xf,
    0xfe, 0x27, 0xff, 0x90, 0xff, 0xe2, 0x7f, 0xf9,
    0xf, 0xfe, 0x27, 0xff, 0x90, 0xff, 0xe2, 0x7f,
    0xf9, 0xf, 0xfe, 0x27, 0xff, 0x90, 0xff, 0xe2,
    0x7f, 0xf9, 0xf, 0xfe, 0x27, 0xff, 0x90, 0xff,
    0xe2, 0x7f, 0xf9, 0xf, 0xfe, 0x27, 0xff, 0x90,
    0xff, 0xe2, 0x7f, 0xf9, 0xf, 0xfe, 0x27, 0xff,
    0x90, 0xff, 0xe2, 0x7f, 0xf9, 0xf, 0xfe, 0x27,
    0xff, 0x90, 0xff, 0xe2, 0x7f, 0xf9, 0xf, 0xfe,
    0x27, 0xff, 0x90, 0xff, 0xe2, 0x7f, 0xf9, 0xf,
    0xfe, 0x27, 0xff, 0x90, 0xff, 0xe2, 0x7f, 0xf9,
    0xf, 0xfe, 0x27, 0xff, 0x90, 0xff, 0xe2, 0x7f,
    0xf9, 0xf, 0xfe, 0x27, 0xff, 0x90, 0xff, 0xe2,
    0x7f, 0xf9, 0xf, 0xfe, 0x27, 0xff, 0x90,

    /* U+0032 "2" */
    0xf, 0xfe, 0x33, 0x4f, 0xfa, 0x88, 0x7f, 0xf4,
    0xef, 0xff, 0xe2, 0xa1, 0xff, 0xce, 0xbf, 0xff,
    0x93, 0x7, 0xff, 0x2a, 0xff, 0xfe, 0x6a, 0x1f,
    0xfc, 0x7f, 0xff, 0xe8, 0x41, 0xff, 0xc4, 0x7f,
    0xff, 0xa6, 0x1f, 0xfc, 0x27, 0xff, 0xfa, 0xa1,
    0xff, 0xc0, 0x7f, 0xff, 0xae, 0x1f, 0xf7, 0xff,
    0xf1, 0x2a, 0xff, 0xfe, 0x2c, 0x1f, 0xdf, 0xff,
    0xc1, 0x90, 0xfe, 0xbf, 0xff, 0x82, 0x87, 0xd7,
    0xff, 0xf0, 0x3, 0xff, 0x84, 0xff, 0xff, 0x0,
    0x3e, 0xff, 0xfa, 0xf, 0xfe, 0x2f, 0xff, 0xc8,
    0x75, 0xff, 0xe8, 0x3f, 0xf8, 0xff, 0xff, 0x7,
    0x7f, 0xfc, 0x1f, 0xfc, 0x87, 0xff, 0xc1, 0xaf,
    0xff, 0x21, 0xff, 0xc9, 0xff, 0xf2, 0x17, 0xff,
    0xc1, 0xff, 0xca, 0xbf, 0xfa, 0xb, 0xff, 0xc8,
    0x7f, 0xf2, 0x9f, 0xff, 0x2, 0xff, 0xf0, 0x7f,
    0xf3, 0x3f, 0xfc, 0xb, 0xff, 0xa0, 0xff, 0xe6,
    0x7f, 0xf8, 0x1f, 0xfe, 0x43, 0xff, 0x99, 0xff,
    0xe0, 0x7f, 0xf8, 0x3f, 0xf9, 0xbf, 0xfe, 0x1f,
    0xff, 0x7, 0xff, 0x37, 0xff, 0xc3, 0xff, 0xe0,
    0xff, 0xe6, 0xff, 0xf8, 0x7f, 0xfc, 0x1f, 0xfc,
    0xc7, 0xff, 0xc3, 0xff, 0xe0, 0xff, 0xe6, 0x5f,
    0xfe, 0x17, 0xfe, 0xf, 0xfe, 0x67, 0xff, 0xa0,
    0xff, 0xeb, 0xbf, 0xfe, 0x43, 0xff, 0xaf, 0xff,
    0xf0, 0x7f, 0xf5, 0xef, 0xff, 0x41, 0xff, 0xd7,
    0xff, 0xf8, 0x3f, 0xfa, 0xff, 0xff, 0x41, 0xff,
    0xd6, 0xff, 0xfe, 0x0, 0x7f, 0xf5, 0xbf, 0xff,
    0x80, 0x87, 0xff, 0x57, 0xff, 0xf8, 0x21, 0xff,
    0xd4, 0x7f, 0xff, 0x82, 0x1f, 0xfd, 0x4b, 0xff,
    0xf8, 0x28, 0x7f, 0xf4, 0xef, 0xff, 0xe0, 0xa1,
    0xff, 0xd2, 0x7f, 0xff, 0x84, 0x87, 0xff, 0x4a,
    0xff, 0xfe, 0x12, 0x1f, 0xfd, 0x2f, 0xff, 0xe1,
    0x87, 0xff, 0x49, 0xff, 0xfe, 0x18, 0x7f, 0xf4,
    0xaf, 0xff, 0xe1, 0x41, 0xff, 0xd2, 0xff, 0xfe,
    0x1a, 0x1f, 0xfd, 0x17, 0xff, 0xf8, 0x61, 0xff,
    0xd2, 0xbf, 0xff, 0x85, 0x7, 0xff, 0x4b, 0xff,
    0xf8, 0x61, 0xff, 0xd2, 0x7f, 0xff, 0x85, 0x7,
    0xff, 0x49, 0xff, 0xfe, 0x12, 0x1f, 0xfd, 0x2b,
    0xff, 0xf8, 0x30, 0x7f, 0xf4, 0xef, 0xff, 0xe0,
    0xa1, 0xff, 0xd3, 0xbf, 0xff, 0x82, 0x1f, 0xfd,
    0x47, 0xff, 0xf8, 0x21, 0xff, 0xd4, 0x7f, 0xff,
    0x81, 0x7, 0xff, 0x57, 0xff, 0xf8, 0x10, 0x7f,
    0xf5, 0x6f, 0xff, 0xa0, 0xff, 0xea, 0xbf, 0xff,
    0x41, 0xff, 0xd6, 0xff, 0xfe, 0x0, 0x7f, 0xf5,
    0x9f, 0xff, 0x83, 0xff, 0xaf, 0xff, 0xf2, 0x1f,
    0xfd, 0x7f, 0xff, 0x83, 0xff, 0xaf, 0x7f, 0xff,
    0x81, 0x3f, 0xff, 0xc2, 0x9f, 0xff, 0xe1, 0x57,
    0xff, 0xf8, 0x5b, 0xff, 0xfc, 0x2d, 0xff, 0xfe,
    0x17, 0xff, 0xfc, 0x4f, 0xff, 0xf8, 0x9f, 0xff,
    0xf1, 0x20,

    /* U+0033 "3" */
    0xf, 0xfe, 0x33, 0x4f, 0xfd, 0x44, 0x3f, 0xfa,
    0x8f, 0xff, 0xf1, 0xa0, 0xff, 0xe7, 0xdf, 0xff,
    0xcb, 0x43, 0xff, 0x94, 0xff, 0xff, 0x3c, 0x3f,
    0xf9, 0x1f, 0xff, 0xd2, 0x83, 0xff, 0x8b, 0xff,
    0xfd, 0x48, 0x3f, 0xf8, 0x7f, 0xff, 0xd6, 0x83,
    0xff, 0x83, 0xff, 0xfd, 0x88, 0x3f, 0xef, 0xff,
    0xed, 0x21, 0xfd, 0x7f, 0xff, 0x6, 0x43, 0xf3,
    0x7f, 0xff, 0x8, 0x3f, 0x3f, 0xff, 0xc0, 0x43,
    0xff, 0x84, 0xff, 0xff, 0x1, 0xf, 0xbf, 0xff,
    0x80, 0x1f, 0xfc, 0x6f, 0xff, 0xe0, 0x7, 0x9f,
    0xff, 0x83, 0xff, 0x91, 0xff, 0xf0, 0x7b, 0xff,
    0xe0, 0xff, 0xe4, 0xbf, 0xfe, 0x83, 0xbf, 0xfc,
    0x87, 0xff, 0x2b, 0xff, 0xd0, 0x6b, 0xff, 0xc1,
    0xff, 0xcb, 0xbf, 0xfc, 0x1b, 0xff, 0xd0, 0x7f,
    0xf2, 0xdf, 0xff, 0x6, 0xff, 0xf0, 0x7f, 0xf3,
    0x7f, 0xfc, 0x13, 0xff, 0xe0, 0xff, 0xe6, 0xff,
    0xf8, 0x27, 0xff, 0xa0, 0xff, 0xe6, 0xff, 0xf8,
    0x2b, 0xff, 0xa0, 0xff, 0xe6, 0xff, 0xf8, 0x32,
    0xff, 0x7, 0xff, 0x3b, 0xff, 0xc1, 0xff, 0xda,
    0x7f, 0xfa, 0xf, 0xfe, 0xd5, 0xff, 0xc8, 0x7f,
    0xf6, 0xbf, 0xfc, 0x1f, 0xfd, 0xab, 0xff, 0xa0,
    0xff, 0xec, 0xdf, 0xfe, 0xf, 0xfe, 0xcd, 0xff,
    0xe8, 0x3f, 0xfa, 0xef, 0xff, 0xf0, 0x3, 0xff,
    0xaa, 0xdf, 0xff, 0xc1, 0xf, 0xfe, 0x6b, 0xff,
    0xfc, 0x98, 0x3f, 0xf9, 0xcf, 0xff, 0xf2, 0x10,
    0xff, 0xe7, 0xbf, 0xff, 0xc6, 0x43, 0xff, 0xa2,
    0xff, 0xff, 0x12, 0xf, 0xfe, 0x9b, 0xff, 0xfc,
    0x68, 0x3f, 0xfa, 0x2f, 0xff, 0xf2, 0x20, 0xff,
    0xe7, 0xbf, 0xff, 0xca, 0x43, 0xff, 0x9d, 0x5d,
    0xff, 0xfc, 0x68, 0x3f, 0xfa, 0xef, 0xff, 0xf0,
    0x60, 0xff, 0xec, 0xff, 0xff, 0x1, 0xf, 0xfe,
    0xcb, 0xff, 0xf0, 0x7f, 0xf6, 0x9f, 0xff, 0x83,
    0xff, 0xb5, 0x7f, 0xf8, 0x3f, 0xfb, 0x7f, 0xfe,
    0x83, 0xff, 0xb5, 0x7f, 0xf8, 0x3f, 0xfb, 0x7f,
    0xfe, 0xf, 0xfe, 0xdf, 0xff, 0x97, 0xfe, 0xf,
    0xfe, 0x87, 0xff, 0x9f, 0xff, 0x21, 0xff, 0xcf,
    0xff, 0xf3, 0x7f, 0xf4, 0x1f, 0xfc, 0xfb, 0xff,
    0x9b, 0xff, 0xa0, 0xff, 0xe7, 0xff, 0xf9, 0x5f,
    0xfe, 0xf, 0xfe, 0x7f, 0xff, 0x93, 0xff, 0xc8,
    0x7f, 0xf3, 0xbf, 0xfc, 0xf, 0xff, 0x41, 0xff,
    0xcd, 0x7f, 0xfc, 0xb, 0xff, 0xc1, 0xff, 0xcd,
    0xff, 0xf4, 0x7, 0xff, 0xd0, 0x7f, 0xf2, 0xef,
    0xff, 0x21, 0x7f, 0xfc, 0x87, 0xff, 0x25, 0xff,
    0xf8, 0x35, 0xff, 0xf2, 0x1f, 0xfc, 0x8f, 0xff,
    0xa0, 0xef, 0xff, 0xe0, 0x41, 0xff, 0xc5, 0x7f,
    0xff, 0x80, 0x1e, 0x7f, 0xff, 0x82, 0x1f, 0xfc,
    0x3b, 0xff, 0xf8, 0x10, 0x7d, 0xff, 0xfc, 0x29,
    0xf, 0xe6, 0xff, 0xfe, 0x10, 0x7f, 0x7f, 0xff,
    0x1a, 0xaf, 0xff, 0xe3, 0x21, 0xfc, 0xff, 0xff,
    0x66, 0xf, 0xf9, 0xff, 0xfe, 0xbc, 0x1f, 0xfc,
    0x17, 0xff, 0xfa, 0xa8, 0x7f, 0xf1, 0x3f, 0xff,
    0xa6, 0x1f, 0xfc, 0x7b, 0xff, 0xf9, 0xf0, 0x7f,
    0xf2, 0xaf, 0xff, 0xe5, 0xc1, 0xff, 0xce, 0x7f,
    0xff, 0x8d, 0x21, 0xff, 0xd3, 0x55, 0xff, 0xd2,
    0x83, 0xff, 0x8a,

    /* U+0034 "4" */
    0xf, 0xfe, 0xb2, 0xff, 0x7, 0xff, 0x82, 0xff,
    0xe4, 0x3f, 0xfb, 0xcf, 0xff, 0x90, 0xff, 0xef,
    0x7f, 0xfc, 0x87, 0xff, 0x77, 0xff, 0xf8, 0x8,
    0x7f, 0xf7, 0x2f, 0xff, 0xe0, 0x21, 0xff, 0xdb,
    0x7f, 0xff, 0x82, 0x87, 0xff, 0x69, 0xff, 0xfe,
    0x12, 0x1f, 0xfd, 0xaf, 0xff, 0xe1, 0xa1, 0xff,
    0xd9, 0xff, 0xfe, 0x22, 0x1f, 0xfd, 0x8b, 0xff,
    0xf8, 0x88, 0x7f, 0xf5, 0xdf, 0xff, 0xe2, 0xa1,
    0xff, 0xd7, 0xff, 0xfe, 0x32, 0x1f, 0xfd, 0x6f,
    0xff, 0xe3, 0xa1, 0xff, 0xd5, 0xbf, 0xf4, 0xff,
    0xf2, 0x1f, 0xfd, 0x47, 0xff, 0x87, 0xff, 0x90,
    0xff, 0xea, 0x7f, 0xf0, 0x1f, 0xfe, 0x43, 0xff,
    0xa7, 0xff, 0xc8, 0x1f, 0xfe, 0x43, 0xff, 0xa5,
    0xff, 0xd0, 0x4f, 0xff, 0x21, 0xff, 0xd1, 0xbf,
    0xf8, 0x33, 0xff, 0xc8, 0x7f, 0xf4, 0x1f, 0xfe,
    0xe, 0x7f, 0xf9, 0xf, 0xfe, 0x87, 0xff, 0x21,
    0xcf, 0xff, 0x21, 0xff, 0xcf, 0xff, 0xe8, 0x3c,
    0xff, 0xf2, 0x1f, 0xfc, 0xeb, 0xff, 0x83, 0xe7,
    0xff, 0x90, 0xff, 0xe6, 0xbf, 0xfc, 0x1f, 0x9f,
    0xfe, 0x43, 0xff, 0x9b, 0xff, 0xc1, 0xfc, 0xff,
    0xf2, 0x1f, 0xfc, 0xcf, 0xfe, 0x43, 0xf9, 0xff,
    0xe4, 0x3f, 0xf9, 0x77, 0xfe, 0x83, 0xfc, 0xff,
    0xf2, 0x1f, 0xfc, 0xab, 0xff, 0x83, 0xfe, 0x7f,
    0xf9, 0xf, 0xfe, 0x4b, 0xff, 0xc1, 0xff, 0xc0,
    0x7f, 0xf9, 0xf, 0xfe, 0x4f, 0xff, 0x21, 0xff,
    0xc0, 0x7f, 0xf9, 0xf, 0xfe, 0x47, 0xff, 0x41,
    0xff, 0xc1, 0x7f, 0xf9, 0xf, 0xfe, 0x3d, 0xff,
    0xc1, 0xff, 0xc2, 0x7f, 0xf9, 0xf, 0xfe, 0x33,
    0xff, 0xc1, 0xff, 0xc3, 0x7f, 0xf9, 0xf, 0xfe,
    0x37, 0xff, 0x21, 0xff, 0xc3, 0x7f, 0xf9, 0xf,
    0xfe, 0x2f, 0xff, 0x41, 0xff, 0xc4, 0x7f, 0xf9,
    0xf, 0xfe, 0x25, 0xff, 0xc1, 0xff, 0xc5, 0x7f,
    0xf9, 0xf, 0xfe, 0x1b, 0xff, 0xc1, 0xff, 0xc6,
    0x7f, 0xf9, 0xf, 0xfe, 0x13, 0xff, 0xc8, 0x7f,
    0xf1, 0x9f, 0xfe, 0x43, 0xff, 0x85, 0xff, 0xc8,
    0x7f, 0xf1, 0xdf, 0xfe, 0x43, 0xff, 0x83, 0xff,
    0xd0, 0x7f, 0xf2, 0x1f, 0xfe, 0x43, 0xff, 0x81,
    0x7f, 0xf0, 0x7f, 0xf2, 0x5f, 0xfe, 0x43, 0xfe,
    0x7f, 0xf8, 0x3f, 0xf9, 0x4f, 0xff, 0x21, 0xff,
    0x7f, 0xf2, 0x1f, 0xfc, 0xa7, 0xff, 0x90, 0xff,
    0xbf, 0xf4, 0x1f, 0xfc, 0xb7, 0xff, 0x90, 0xff,
    0xbf, 0xff, 0xd1, 0x1f, 0xff, 0xe8, 0x8f, 0xff,
    0xf4, 0x47, 0xff, 0xfa, 0x23, 0xff, 0xfd, 0x11,
    0xff, 0xfe, 0x88, 0xff, 0xff, 0x44, 0x7f, 0xff,
    0xa2, 0xf, 0xfe, 0xad, 0xff, 0xd0, 0x7f, 0xf7,
    0xdf, 0xfe, 0x43, 0xff, 0xbe, 0xff, 0xf2, 0x1f,
    0xfd, 0xf7, 0xff, 0x90, 0xff, 0xef, 0xbf, 0xfc,
    0x87, 0xff, 0x7d, 0xff, 0xe4, 0x3f, 0xfb, 0xef,
    0xff, 0x21, 0xff, 0xdf, 0x7f, 0xf9, 0xf, 0xfe,
    0xfb, 0xff, 0xc8, 0x7f, 0xf7, 0xdf, 0xfe, 0x43,
    0xff, 0xbe, 0xff, 0xf2, 0x1f, 0xfd, 0xf7, 0xff,
    0x90, 0xff, 0xef, 0xbf, 0xfc, 0x87, 0xff, 0x7d,
    0xff, 0xe4, 0x3f, 0xfb, 0xef, 0xff, 0x21, 0xfe,

    /* U+0035 "5" */
    0xe, 0xff, 0xfe, 0xe2, 0x1f, 0xbf, 0xff, 0xb8,
    0x87, 0xcf, 0xff, 0xf7, 0x10, 0xf9, 0xff, 0xfe,
    0xe2, 0x1f, 0x3f, 0xff, 0xdc, 0x43, 0xeb, 0xff,
    0xfb, 0x88, 0x7d, 0x7f, 0xff, 0x71, 0xf, 0xbf,
    0xff, 0xba, 0x87, 0xdf, 0xff, 0xdd, 0x43, 0xef,
    0xfe, 0xf, 0xfe, 0xe7, 0xff, 0x7, 0xff, 0x73,
    0xff, 0x83, 0xff, 0xb6, 0xff, 0xf0, 0x7f, 0xf6,
    0xdf, 0xfe, 0xf, 0xfe, 0xdb, 0xff, 0xa0, 0xff,
    0xed, 0xdf, 0xfa, 0xf, 0xfe, 0xdd, 0xff, 0x90,
    0xff, 0xed, 0xff, 0xf2, 0x1f, 0xfd, 0xbf, 0xfe,
    0x43, 0xff, 0xb7, 0xff, 0xc1, 0xff, 0xdc, 0xff,
    0xe0, 0xff, 0xee, 0x7f, 0xf0, 0x7f, 0xf7, 0x3f,
    0xf8, 0x3f, 0xf8, 0xb, 0xc1, 0xff, 0xca, 0x7f,
    0xf8, 0x3f, 0x5f, 0xff, 0x48, 0x7f, 0xf1, 0x5f,
    0xfd, 0x7, 0x3f, 0xff, 0xc6, 0x43, 0xff, 0x85,
    0x7f, 0xe8, 0x27, 0xff, 0xf9, 0x48, 0x7f, 0xf0,
    0x2f, 0xfc, 0x82, 0xff, 0xfe, 0x64, 0x1f, 0xf5,
    0xff, 0x93, 0xff, 0xfa, 0x1, 0xfe, 0xff, 0xeb,
    0xff, 0xfa, 0x41, 0xfd, 0xff, 0xfd, 0xd0, 0xfd,
    0xff, 0xfd, 0xd8, 0x3e, 0xff, 0xfe, 0x2c, 0x87,
    0x9b, 0xff, 0xf8, 0x68, 0x7b, 0xff, 0xf8, 0x50,
    0x7f, 0xf0, 0xaf, 0xff, 0xe0, 0x87, 0x3f, 0xff,
    0xc0, 0x83, 0xff, 0x8a, 0xff, 0xff, 0x2, 0xc,
    0xff, 0xfd, 0x7, 0xff, 0x23, 0xff, 0xf8, 0x1,
    0x9f, 0xff, 0x41, 0xff, 0xca, 0xff, 0xfa, 0xa,
    0xff, 0xf0, 0x7f, 0xf2, 0xdf, 0xff, 0x82, 0xbf,
    0xf8, 0x3f, 0xf9, 0xb7, 0xff, 0x83, 0xff, 0xb4,
    0xff, 0xf9, 0xf, 0xfe, 0xd7, 0xff, 0xa0, 0xff,
    0xed, 0x5f, 0xfe, 0xf, 0xfe, 0xd3, 0xff, 0xe0,
    0xff, 0xed, 0xff, 0xf8, 0x3f, 0xfb, 0x7f, 0xfe,
    0x43, 0xff, 0xb5, 0xff, 0xe4, 0x3f, 0xfb, 0x5f,
    0xfe, 0x43, 0xff, 0xb5, 0xff, 0xe4, 0x3f, 0xfb,
    0x5f, 0xfe, 0x43, 0xff, 0xb5, 0xff, 0xe2, 0xff,
    0xe0, 0xff, 0xe8, 0x7f, 0xf8, 0xff, 0xf2, 0x1f,
    0xfc, 0xe7, 0xff, 0xc5, 0xff, 0xd0, 0x7f, 0xf3,
    0xaf, 0xfe, 0x87, 0xff, 0xc1, 0xff, 0xce, 0xff,
    0xf2, 0xf, 0xff, 0x7, 0xff, 0x36, 0xff, 0xf0,
    0x5f, 0xfe, 0x83, 0xff, 0x96, 0xff, 0xfc, 0x15,
    0xff, 0xe4, 0x3f, 0xf9, 0x5f, 0xff, 0x21, 0xbf,
    0xfe, 0xf, 0xfe, 0x4f, 0xff, 0xf0, 0x3, 0xaf,
    0xff, 0x90, 0xff, 0xe2, 0xbf, 0xff, 0xc0, 0x43,
    0xdf, 0xff, 0xc0, 0x83, 0xff, 0x84, 0xdf, 0xff,
    0xc0, 0x83, 0xe7, 0xff, 0xf8, 0x32, 0x1f, 0xcf,
    0xff, 0xf0, 0xc3, 0xfa, 0xff, 0xfe, 0x2d, 0x5f,
    0xff, 0xc6, 0xf, 0xfb, 0xff, 0xfb, 0x28, 0x7f,
    0xf0, 0x3f, 0xff, 0xae, 0x87, 0xff, 0xa, 0xff,
    0xfe, 0xa0, 0x7f, 0xf1, 0x5f, 0xff, 0xe8, 0xc1,
    0xff, 0xc8, 0xbf, 0xff, 0x9c, 0x87, 0xff, 0x2e,
    0xff, 0xfe, 0x52, 0x1f, 0xfc, 0xfb, 0xff, 0xf8,
    0xb0, 0x7f, 0xf5, 0x5a, 0x7f, 0xd4, 0x43, 0xff,
    0x8e,

    /* U+0036 "6" */
    0xf, 0xfe, 0x3b, 0x4f, 0xfa, 0x88, 0x7f, 0xf5,
    0x5b, 0xff, 0xf8, 0x92, 0x1f, 0xfc, 0xf7, 0xff,
    0xf9, 0x48, 0x7f, 0xf3, 0x2f, 0xff, 0xe6, 0x87,
    0xff, 0x2b, 0xff, 0xfa, 0x8, 0x7f, 0xf1, 0x9f,
    0xff, 0xe9, 0x21, 0xff, 0xc4, 0x7f, 0xff, 0xa8,
    0x87, 0xff, 0xf, 0xff, 0xfa, 0xc1, 0xff, 0xc2,
    0xff, 0xfe, 0x1d, 0x77, 0xff, 0xf1, 0x3, 0xff,
    0x81, 0x7f, 0xff, 0x1, 0xf, 0xe7, 0xff, 0xf8,
    0x28, 0x7f, 0x9f, 0xff, 0x90, 0xff, 0xe0, 0xbf,
    0xff, 0xc0, 0xf, 0xf7, 0xff, 0xc1, 0xff, 0xc4,
    0x7f, 0xfe, 0x43, 0xf5, 0xff, 0xe0, 0xff, 0xe3,
    0x3f, 0xff, 0x7, 0xef, 0xff, 0x7, 0xff, 0x22,
    0xff, 0xf0, 0x7d, 0x7f, 0xf2, 0x1f, 0xfc, 0x9f,
    0xff, 0x21, 0xef, 0xff, 0x7, 0xff, 0x2a, 0xff,
    0xe8, 0x3a, 0xff, 0xe4, 0x3f, 0xf9, 0x7f, 0xfe,
    0xe, 0xff, 0xf0, 0x7f, 0xf3, 0x3f, 0xfc, 0x19,
    0xff, 0xe4, 0x3f, 0xfb, 0x57, 0xff, 0x7, 0xff,
    0x6f, 0xff, 0xa0, 0xff, 0xed, 0xff, 0xf0, 0x7f,
    0xf6, 0xdf, 0xfe, 0xf, 0xfe, 0xdd, 0xff, 0xa0,
    0xff, 0xed, 0xff, 0xf4, 0x1f, 0xe6, 0xff, 0xa8,
    0x87, 0xff, 0x17, 0xff, 0x90, 0xf9, 0xff, 0xfe,
    0x22, 0x1f, 0xfc, 0x2f, 0xfe, 0xf, 0x3f, 0xff,
    0xc8, 0x83, 0xfe, 0x7f, 0xf8, 0x3a, 0xff, 0xfe,
    0x5a, 0x1f, 0xcf, 0xff, 0x6, 0xff, 0xfe, 0x74,
    0x1f, 0xaf, 0xfe, 0xb, 0xff, 0xfa, 0x21, 0xf5,
    0xff, 0xc0, 0xff, 0xfe, 0x98, 0x7a, 0xff, 0xe3,
    0xff, 0xfa, 0x90, 0x77, 0xff, 0xaf, 0xff, 0x4b,
    0xd7, 0xff, 0xf1, 0x10, 0xdf, 0xff, 0xc6, 0x83,
    0xfe, 0x7f, 0xff, 0x84, 0x1b, 0xff, 0xf8, 0xa1,
    0xff, 0xc3, 0x7f, 0xff, 0x81, 0x5, 0xff, 0xfc,
    0x38, 0x3f, 0xf8, 0xdf, 0xff, 0xc0, 0xb, 0xff,
    0xf8, 0x50, 0x7f, 0xf2, 0x3f, 0xfe, 0x81, 0xff,
    0xfc, 0x20, 0xff, 0xe4, 0xbf, 0xff, 0x3, 0xff,
    0xf8, 0x21, 0xff, 0xcb, 0xbf, 0xfc, 0x9f, 0xff,
    0xc0, 0x83, 0xff, 0x99, 0xff, 0xe8, 0xff, 0xfe,
    0x2, 0x1f, 0xfc, 0xcb, 0xff, 0xc7, 0xff, 0xf0,
    0x3, 0xff, 0x9a, 0xff, 0xf8, 0xbf, 0xfd, 0x7,
    0xff, 0x3b, 0xff, 0xc5, 0xff, 0xe4, 0x3f, 0xf9,
    0xdf, 0xfe, 0x6f, 0xff, 0x21, 0xff, 0xce, 0xff,
    0xf2, 0xbf, 0xfc, 0x1f, 0xfc, 0xfb, 0xff, 0x93,
    0xff, 0xc1, 0xff, 0xcf, 0xbf, 0xf9, 0x3f, 0xfc,
    0x1f, 0xfc, 0xfb, 0xff, 0x93, 0xff, 0xc8, 0x7f,
    0xf3, 0xbf, 0xfc, 0x97, 0xff, 0x21, 0xff, 0xce,
    0xff, 0xf2, 0x3f, 0xfc, 0x87, 0xff, 0x3b, 0xff,
    0xc1, 0x7f, 0xf4, 0x1f, 0xfc, 0xd7, 0xff, 0xc1,
    0x7f, 0xf8, 0x3f, 0xf9, 0xb7, 0xff, 0x82, 0xbf,
    0xf9, 0xf, 0xfe, 0x67, 0xff, 0xa0, 0xdf, 0xfe,
    0xf, 0xfe, 0x5d, 0xff, 0xe4, 0x35, 0xff, 0xc8,
    0x7f, 0xf2, 0xbf, 0xfe, 0xe, 0x7f, 0xfc, 0x1f,
    0xfc, 0x9f, 0xff, 0xa0, 0xf7, 0xff, 0xc1, 0xff,
    0xc7, 0xbf, 0xfe, 0xf, 0x9f, 0xff, 0x83, 0xff,
    0x8b, 0x7f, 0xfd, 0x7, 0xeb, 0xff, 0xe4, 0x3f,
    0xf8, 0x5f, 0xff, 0xc1, 0xf, 0xf7, 0xff, 0xf0,
    0x50, 0xff, 0x5f, 0xff, 0xc1, 0xf, 0xf9, 0xff,
    0xfe, 0x1d, 0x1a, 0xbf, 0xff, 0x86, 0x87, 0xff,
    0x2, 0xff, 0xfe, 0xb4, 0x1f, 0xfc, 0x2b, 0xff,
    0xfa, 0x90, 0x7f, 0xf1, 0x2f, 0xff, 0xe9, 0x21,
    0xff, 0xc6, 0x7f, 0xff, 0xa0, 0x87, 0xff, 0x27,
    0xff, 0xf9, 0xb0, 0x7f, 0xf3, 0x1f, 0xff, 0xe4,
    0xc1, 0xff, 0xd0, 0x6f, 0xff, 0xe2, 0x41, 0xff,
    0xd6, 0x6f, 0xfd, 0x21, 0xff, 0xc6,

    /* U+0037 "7" */
    0x17, 0xff, 0xc5, 0xff, 0xfe, 0x17, 0xff, 0xfc,
    0x2f, 0xff, 0xf8, 0x5f, 0xff, 0xf0, 0xbf, 0xff,
    0xe1, 0x7f, 0xff, 0xc2, 0xff, 0xff, 0x85, 0xff,
    0xff, 0xb, 0xff, 0xfe, 0x8, 0x3f, 0xfa, 0xff,
    0xfe, 0xf, 0xfe, 0xc7, 0xff, 0x41, 0xff, 0xd7,
    0xbf, 0xf9, 0xf, 0xfe, 0xbf, 0xff, 0x83, 0xff,
    0xae, 0xff, 0xf4, 0x1f, 0xfd, 0x7f, 0xff, 0x7,
    0xff, 0x5d, 0xff, 0xe8, 0x3f, 0xfa, 0xf7, 0xff,
    0x21, 0xff, 0xd7, 0xff, 0xf0, 0x7f, 0xf5, 0xef,
    0xfe, 0x83, 0xff, 0xaf, 0xff, 0xe0, 0xff, 0xeb,
    0xbf, 0xfd, 0x7, 0xff, 0x5f, 0xff, 0xc8, 0x7f,
    0xf5, 0xff, 0xfc, 0x1f, 0xfd, 0x7b, 0xff, 0xa0,
    0xff, 0xeb, 0xff, 0xf8, 0x3f, 0xfa, 0xef, 0xff,
    0x41, 0xff, 0xd7, 0xff, 0xf2, 0x1f, 0xfd, 0x67,
    0xff, 0xc1, 0xff, 0xd7, 0xbf, 0xf9, 0xf, 0xfe,
    0xbf, 0xff, 0x83, 0xff, 0xaf, 0x7f, 0xf4, 0x1f,
    0xfd, 0x7f, 0xff, 0x21, 0xff, 0xd6, 0x7f, 0xfc,
    0x1f, 0xfd, 0x7f, 0xff, 0x21, 0xff, 0xd7, 0xff,
    0xf0, 0x7f, 0xf5, 0xef, 0xfe, 0x83, 0xff, 0xaf,
    0xff, 0xe4, 0x3f, 0xfa, 0xcf, 0xff, 0x83, 0xff,
    0xaf, 0xff, 0xe4, 0x3f, 0xfa, 0xcf, 0xff, 0x83,
    0xff, 0xaf, 0xff, 0xe8, 0x3f, 0xfa, 0xff, 0xfe,
    0x43, 0xff, 0xad, 0x7f, 0xf8, 0x3f, 0xfa, 0xff,
    0xfe, 0x43, 0xff, 0xac, 0xff, 0xf8, 0x3f, 0xfa,
    0xff, 0xfe, 0x83, 0xff, 0xac, 0xff, 0xf8, 0x3f,
    0xfa, 0xf7, 0xff, 0x83, 0xff, 0xaf, 0xff, 0xe4,
    0x3f, 0xfa, 0xd7, 0xff, 0x83, 0xff, 0xaf, 0xff,
    0xe8, 0x3f, 0xfa, 0xcf, 0xff, 0x83, 0xff, 0xaf,
    0xff, 0xf0, 0x7f, 0xf5, 0xff, 0xfc, 0x87, 0xff,
    0x5a, 0xff, 0xf0, 0x7f, 0xf5, 0xff, 0xfd, 0x7,
    0xff, 0x59, 0xff, 0xf0, 0x7f, 0xf5, 0xff, 0xfe,
    0xf, 0xfe, 0xb3, 0xff, 0xe4, 0x3f, 0xfa, 0xd7,
    0xff, 0x83, 0xff, 0xaf, 0xff, 0xe8, 0x3f, 0xfa,
    0xd7, 0xff, 0x83, 0xff, 0xaf, 0xff, 0xf0, 0x7f,
    0xf5, 0x9f, 0xff, 0x21, 0xff, 0xd6, 0xff, 0xf8,
    0x3f, 0xfa, 0xff, 0xfe, 0x83, 0xff, 0xad, 0x7f,
    0xf8, 0x3f, 0xf9, 0x80,

    /* U+0038 "8" */
    0xf, 0xfe, 0x33, 0x4f, 0xfd, 0x44, 0x3f, 0xfa,
    0xd7, 0xff, 0xf1, 0xa4, 0x3f, 0xf9, 0xef, 0xff,
    0xf3, 0x10, 0xff, 0xe6, 0x7f, 0xff, 0x41, 0xf,
    0xfe, 0x43, 0xff, 0xfd, 0x28, 0x3f, 0xf8, 0xd7,
    0xff, 0xf5, 0x43, 0xff, 0x89, 0x7f, 0xff, 0x5c,
    0x3f, 0xf8, 0x57, 0xff, 0xf6, 0x43, 0xff, 0x80,
    0xff, 0xff, 0xe, 0x50, 0x16, 0xbf, 0xff, 0x86,
    0x1f, 0xf7, 0xff, 0xf0, 0x50, 0xff, 0xe0, 0x37,
    0xff, 0xf0, 0x10, 0xfe, 0xbf, 0xfe, 0x83, 0xff,
    0x88, 0xff, 0xff, 0x0, 0x3f, 0xbf, 0xfe, 0x43,
    0xff, 0x8f, 0xff, 0xf4, 0x1f, 0x5f, 0xfe, 0x43,
    0xff, 0x93, 0xff, 0xf0, 0x7d, 0xff, 0xe8, 0x3f,
    0xf9, 0x7f, 0xfe, 0xf, 0xbf, 0xfc, 0x1f, 0xfc,
    0xcb, 0xff, 0x90, 0xe7, 0xff, 0xa0, 0xff, 0xe6,
    0x3f, 0xfd, 0x7, 0x3f, 0xfc, 0x87, 0xff, 0x37,
    0xff, 0xc1, 0xcf, 0xff, 0x7, 0xff, 0x3b, 0xff,
    0xc1, 0xcf, 0xff, 0x7, 0xff, 0x3b, 0xff, 0xc1,
    0xcf, 0xff, 0x7, 0xff, 0x3b, 0xff, 0xc1, 0xcf,
    0xff, 0x21, 0xff, 0xcd, 0xff, 0xe8, 0x3d, 0xff,
    0xc8, 0x7f, 0xf3, 0x7f, 0xfa, 0xf, 0x7f, 0xf4,
    0x1f, 0xfc, 0xc7, 0xff, 0x90, 0xf5, 0xff, 0xc1,
    0xff, 0xcc, 0xff, 0xf0, 0x7c, 0xff, 0xf4, 0x1f,
    0xfc, 0xa7, 0xff, 0xa0, 0xfd, 0xff, 0xe4, 0x3f,
    0xf9, 0x3f, 0xfe, 0x43, 0xf3, 0xff, 0xe4, 0x3f,
    0xf8, 0xff, 0xfe, 0x83, 0xfd, 0x7f, 0xfa, 0xf,
    0xfe, 0x23, 0xff, 0xf0, 0x7f, 0xf0, 0x2f, 0xff,
    0xa4, 0x3f, 0xcd, 0xff, 0xfc, 0x0, 0xff, 0xe1,
    0x5f, 0xff, 0xc3, 0xad, 0xff, 0xfc, 0x40, 0xff,
    0xe2, 0x3f, 0xff, 0xd4, 0x83, 0xff, 0x8f, 0x7f,
    0xff, 0x45, 0xf, 0xfe, 0x57, 0xff, 0xf3, 0x90,
    0xff, 0xe5, 0x5f, 0xff, 0xd0, 0x90, 0xff, 0xe3,
    0x5f, 0xff, 0xd5, 0xf, 0xfe, 0x27, 0xff, 0xf6,
    0x10, 0xff, 0xe0, 0xff, 0xff, 0x6a, 0xf, 0xfb,
    0xff, 0xf8, 0x54, 0x43, 0xe6, 0xff, 0xfe, 0x12,
    0x1f, 0xdf, 0xff, 0xc1, 0x43, 0xff, 0x84, 0xff,
    0xff, 0x5, 0xf, 0xaf, 0xff, 0xa0, 0xff, 0xe3,
    0x3f, 0xff, 0xc0, 0xf, 0xbf, 0xfe, 0x43, 0xff,
    0x93, 0xff, 0xf4, 0x1d, 0xff, 0xf2, 0x1f, 0xfc,
    0xbf, 0xff, 0x83, 0x3f, 0xfe, 0x83, 0xff, 0x9b,
    0xff, 0xe8, 0x2b, 0xff, 0xc1, 0xff, 0xce, 0x7f,
    0xfc, 0x17, 0xff, 0x90, 0xff, 0xe7, 0xff, 0xf9,
    0x1f, 0xff, 0x7, 0xff, 0x42, 0xff, 0xe8, 0xbf,
    0xfa, 0xf, 0xfe, 0x83, 0xff, 0xe2, 0xff, 0xe8,
    0x3f, 0xfa, 0x3f, 0xfe, 0x2f, 0xfe, 0x43, 0xff,
    0xa3, 0xff, 0xe3, 0xff, 0xc8, 0x7f, 0xf4, 0x7f,
    0xfc, 0x7f, 0xf9, 0xf, 0xfe, 0x8f, 0xff, 0x8b,
    0xff, 0xa0, 0xff, 0xe8, 0xff, 0xf8, 0xbf, 0xfa,
    0xf, 0xfe, 0x83, 0xff, 0xe1, 0xff, 0xf0, 0x7f,
    0xf4, 0x2f, 0xff, 0xf, 0xff, 0x90, 0xff, 0xe7,
    0xff, 0xfa, 0x7, 0xff, 0xc1, 0xff, 0xce, 0x7f,
    0xfc, 0x82, 0xff, 0xf2, 0x1f, 0xfc, 0xdf, 0xff,
    0x82, 0x7f, 0xfe, 0x43, 0xff, 0x97, 0xff, 0xf4,
    0x1b, 0xff, 0xf8, 0x8, 0x7f, 0xf2, 0x7f, 0xff,
    0x80, 0x86, 0x7f, 0xff, 0x81, 0x7, 0xff, 0x19,
    0xff, 0xfe, 0x4, 0x1e, 0xbf, 0xff, 0x83, 0x21,
    0xff, 0xc1, 0xbf, 0xff, 0x84, 0x1f, 0xbf, 0xff,
    0x8b, 0x2f, 0xa9, 0xff, 0xfc, 0x44, 0x3f, 0xbf,
    0xff, 0xb9, 0x7, 0xf9, 0xff, 0xfe, 0xd4, 0x1f,
    0xfc, 0x1f, 0xff, 0xec, 0x41, 0xff, 0xc3, 0xbf,
    0xff, 0xaa, 0x87, 0xff, 0x15, 0xff, 0xfe, 0x94,
    0x1f, 0xfc, 0x97, 0xff, 0xf9, 0xd0, 0x7f, 0xf3,
    0xaf, 0xff, 0xe4, 0x48, 0x7f, 0xf4, 0xd5, 0x4f,
    0xfe, 0xa2, 0x1f, 0xfc, 0x60,

    /* U+0039 "9" */
    0xf, 0xfe, 0x2b, 0x4f, 0xfa, 0x88, 0x7f, 0xf5,
    0x5f, 0xff, 0xe2, 0xa1, 0xff, 0xd0, 0xbf, 0xff,
    0x93, 0x7, 0xff, 0x31, 0xff, 0xfe, 0x6a, 0x1f,
    0xfc, 0x9b, 0xff, 0xfa, 0x1, 0xff, 0xc7, 0xff,
    0xfe, 0x98, 0x7f, 0xf1, 0x7f, 0xff, 0xaa, 0x1f,
    0xfc, 0x3f, 0xff, 0xeb, 0x87, 0xff, 0x7, 0xff,
    0xf8, 0x95, 0xef, 0xff, 0xe1, 0x87, 0xfd, 0x7f,
    0xff, 0x5, 0xf, 0xe6, 0xff, 0xfe, 0x2, 0x1f,
    0xcf, 0xff, 0xf0, 0x10, 0xff, 0xe1, 0x5f, 0xff,
    0x7, 0xf7, 0xff, 0xf0, 0x3, 0xff, 0x8b, 0x7f,
    0xfa, 0xf, 0xaf, 0xff, 0x83, 0xff, 0x8e, 0xff,
    0xf9, 0xf, 0x7f, 0xfc, 0x87, 0xff, 0x22, 0xff,
    0xf0, 0x73, 0xff, 0xe4, 0x3f, 0xf9, 0x5f, 0xfe,
    0xe, 0xff, 0xf8, 0x3f, 0xf9, 0x6f, 0xff, 0x41,
    0xbf, 0xfc, 0x87, 0xff, 0x33, 0xff, 0xc1, 0x3f,
    0xfe, 0xf, 0xfe, 0x6b, 0xff, 0xc8, 0x2f, 0xff,
    0x7, 0xff, 0x3b, 0xff, 0xa0, 0x5f, 0xfd, 0x7,
    0xff, 0x3b, 0xff, 0xc0, 0xff, 0xf2, 0x1f, 0xfc,
    0xef, 0xff, 0x3, 0xff, 0xc1, 0xff, 0xcf, 0xff,
    0xf2, 0x7f, 0xf8, 0x3f, 0xf9, 0xf7, 0xff, 0x47,
    0xff, 0x83, 0xff, 0x9f, 0x7f, 0xf4, 0x7f, 0xf8,
    0x3f, 0xf9, 0xf7, 0xff, 0x8f, 0xff, 0x21, 0xff,
    0xce, 0xff, 0xf8, 0xff, 0xf2, 0x1f, 0xfc, 0xef,
    0xff, 0x8b, 0xff, 0xa0, 0xff, 0xe7, 0x7f, 0xfc,
    0x5f, 0xfe, 0xf, 0xfe, 0x6b, 0xff, 0xf2, 0xbf,
    0xfc, 0x1f, 0xfc, 0xdf, 0xff, 0xe0, 0x27, 0xff,
    0xa0, 0xff, 0xe6, 0x7f, 0xff, 0x1, 0x3f, 0xfe,
    0xf, 0xfe, 0x5d, 0xff, 0xfc, 0x4, 0x7f, 0xfe,
    0xf, 0xfe, 0x4b, 0xff, 0xfc, 0x14, 0x1f, 0xff,
    0x41, 0xff, 0xc8, 0xff, 0xfe, 0x12, 0xb, 0xff,
    0xe8, 0x3f, 0xf8, 0xaf, 0xff, 0xf0, 0xd0, 0xbf,
    0xff, 0x82, 0x1f, 0xfc, 0x37, 0xff, 0xf8, 0x88,
    0x57, 0xff, 0xf0, 0x60, 0xff, 0x9f, 0xff, 0xe3,
    0x21, 0xbf, 0xff, 0x89, 0x2f, 0x5f, 0xff, 0x5f,
    0xfc, 0x87, 0x7f, 0xff, 0x51, 0x5f, 0xfc, 0x1e,
    0x7f, 0xff, 0xa4, 0x8f, 0xff, 0x7, 0xcf, 0xff,
    0xf4, 0x20, 0x5f, 0xfc, 0x1f, 0xdf, 0xff, 0xce,
    0x42, 0xbf, 0xf8, 0x3f, 0xd7, 0xff, 0xf2, 0xd0,
    0xd7, 0xff, 0x7, 0xfc, 0xff, 0xff, 0x22, 0xf,
    0x5f, 0xfa, 0xf, 0xfe, 0xb, 0x7f, 0xff, 0xe,
    0xf, 0xdf, 0xfd, 0x7, 0xff, 0x11, 0xa7, 0xfd,
    0x21, 0xff, 0x7f, 0xf2, 0x1f, 0xfd, 0xa7, 0xff,
    0x83, 0xff, 0xb6, 0xff, 0xf0, 0x7f, 0xf6, 0xff,
    0xfa, 0xf, 0xfe, 0xdf, 0xff, 0x21, 0xff, 0xda,
    0x7f, 0xf8, 0x3f, 0xfb, 0x7f, 0xfd, 0x6, 0xbf,
    0xf9, 0xf, 0xfe, 0x5b, 0xff, 0xc8, 0x67, 0xff,
    0xa0, 0xff, 0xe5, 0xff, 0xf8, 0x3d, 0xff, 0xe0,
    0xff, 0xe5, 0x3f, 0xfd, 0x7, 0xbf, 0xfc, 0x87,
    0xff, 0x27, 0xff, 0xc1, 0xf5, 0xff, 0xe0, 0xff,
    0xe4, 0x5f, 0xfd, 0x7, 0xcf, 0xff, 0xa0, 0xff,
    0xe3, 0x5f, 0xfe, 0xf, 0xef, 0xff, 0xa0, 0xff,
    0xe2, 0x5f, 0xfe, 0x43, 0xfa, 0xff, 0xfa, 0xf,
    0xfe, 0x17, 0xff, 0xf0, 0x3, 0xfe, 0xff, 0xfe,
    0xc, 0x1f, 0xeb, 0xff, 0xf8, 0x1, 0xff, 0xc0,
    0x7f, 0xff, 0x87, 0x53, 0x4f, 0xff, 0xe1, 0x21,
    0xff, 0xc1, 0xbf, 0xff, 0xab, 0x7, 0xff, 0xf,
    0xff, 0xfa, 0x90, 0x7f, 0xf1, 0x7f, 0xff, 0xa5,
    0x7, 0xff, 0x1f, 0xff, 0xfa, 0x10, 0x7f, 0xf2,
    0x6f, 0xff, 0xe6, 0xa1, 0xff, 0xcc, 0xbf, 0xff,
    0x93, 0x7, 0xff, 0x41, 0xff, 0xfe, 0x2a, 0x1f,
    0xfd, 0x56, 0x9f, 0xfa, 0x43, 0xff, 0x90,

    /* U+003A ":" */
    0xe, 0xbf, 0x41, 0xf5, 0xff, 0x90, 0xd7, 0xff,
    0x90, 0x3f, 0xff, 0xc0, 0x5, 0xff, 0xfc, 0x4,
    0xff, 0xfe, 0xc, 0x7f, 0xff, 0x6, 0x3f, 0xff,
    0x83, 0x1f, 0xff, 0xc1, 0x47, 0xff, 0xf8, 0x1,
    0x7f, 0xfd, 0x6, 0xff, 0xe8, 0x3d, 0x7f, 0x90,
    0xfe, 0x5c, 0x1f, 0xff, 0xf0, 0xff, 0xff, 0x87,
    0xff, 0xfc, 0x3f, 0xff, 0xe1, 0xff, 0x2e, 0xf,
    0xeb, 0xfd, 0x7, 0xbf, 0xfc, 0x1b, 0xff, 0xe8,
    0x17, 0xff, 0xf0, 0x1, 0xff, 0xfc, 0x18, 0xff,
    0xfe, 0xc, 0x7f, 0xff, 0x6, 0x3f, 0xff, 0x83,
    0x17, 0xff, 0xf0, 0x10, 0x7f, 0xff, 0x0, 0x2b,
    0xff, 0xc1, 0xd7, 0xfe, 0x43, 0xeb, 0xf2, 0x18,

    /* U+003B ";" */
    0xe, 0xbf, 0x41, 0xfd, 0x7f, 0xe4, 0x3d, 0x7f,
    0xf9, 0xc, 0xff, 0xff, 0x0, 0x35, 0xff, 0xfc,
    0x4, 0x2f, 0xff, 0xe0, 0xc1, 0x7f, 0xff, 0x6,
    0xb, 0xff, 0xf8, 0x30, 0x5f, 0xff, 0xc1, 0x42,
    0x7f, 0xff, 0x80, 0x1d, 0xff, 0xf4, 0x1e, 0xff,
    0xe8, 0x3f, 0x5f, 0xe4, 0x3f, 0xe5, 0xc1, 0xff,
    0xff, 0xf, 0xff, 0xf8, 0x7f, 0xff, 0xc3, 0xff,
    0xfe, 0x1f, 0xfe, 0x95, 0x83, 0xff, 0x81, 0x7f,
    0xa0, 0xf9, 0xff, 0xf0, 0x7b, 0xff, 0xf8, 0x1,
    0xaf, 0xff, 0xe0, 0x41, 0x7f, 0xff, 0x8, 0x2f,
    0xff, 0xe1, 0x20, 0xff, 0xfe, 0x14, 0xf, 0xff,
    0xe1, 0x82, 0xff, 0xfe, 0x10, 0x1f, 0xff, 0xe1,
    0x5, 0x7f, 0xff, 0x4, 0x35, 0xff, 0xfc, 0x0,
    0xf5, 0xff, 0xe0, 0xff, 0x5f, 0xe0, 0xff, 0x7f,
    0xa0, 0xff, 0x7f, 0xa0, 0xfe, 0x7f, 0xc8, 0x7f,
    0x7f, 0xc1, 0xfc, 0xff, 0xa0, 0xfe, 0xff, 0x90,
    0xfd, 0x7f, 0xc1, 0xf9, 0xff, 0x90, 0xf9, 0xff,
    0xc1, 0xf3, 0xff, 0x83, 0xeb, 0xff, 0x21, 0xef,
    0xfe, 0x43, 0xef, 0xfc, 0x87, 0xe7, 0xfc, 0x87,
    0xfa, 0xfc, 0x1f, 0xfc, 0x1f, 0x41, 0xff, 0xc2,
    0x43, 0xff, 0x82,

    /* U+003C "<" */
    0xf, 0xff, 0x1a, 0x1f, 0xfe, 0x2b, 0xc1, 0xff,
    0xe0, 0xbf, 0x7, 0xff, 0x75, 0xff, 0x83, 0xff,
    0xb6, 0xff, 0xf0, 0x7f, 0xf6, 0x6f, 0xff, 0x83,
    0xff, 0xac, 0xdf, 0xff, 0xc1, 0xf, 0xfe, 0xa3,
    0xff, 0xfc, 0x40, 0xff, 0xe9, 0x5f, 0xff, 0xc6,
    0xf, 0xfe, 0x7b, 0x7f, 0xff, 0x1e, 0xf, 0xfe,
    0x6b, 0xff, 0xfc, 0x88, 0x3f, 0xf9, 0xb7, 0xff,
    0xf2, 0x10, 0xff, 0xe6, 0xdf, 0xff, 0xc7, 0x83,
    0xff, 0x9a, 0xff, 0xff, 0x22, 0xf, 0xfe, 0x6b,
    0xff, 0xfc, 0x84, 0x3f, 0xf9, 0xb7, 0xff, 0xf1,
    0xe0, 0xff, 0xe6, 0xbf, 0xff, 0xc8, 0x83, 0xff,
    0x9a, 0xff, 0xff, 0x21, 0xf, 0xfe, 0x6d, 0xff,
    0xfc, 0x78, 0x3f, 0xf9, 0xad, 0xff, 0xfc, 0x78,
    0x3f, 0xf9, 0xaf, 0xff, 0xf2, 0x10, 0xff, 0xe7,
    0x3f, 0xff, 0xc6, 0x90, 0xff, 0xe8, 0x3f, 0xff,
    0xc4, 0x83, 0xff, 0xa6, 0xff, 0xff, 0x9, 0xf,
    0xfe, 0xab, 0xff, 0xfc, 0x4, 0x3f, 0xfa, 0xef,
    0xff, 0xf0, 0x50, 0xff, 0xeb, 0x3f, 0xff, 0xc3,
    0x83, 0xff, 0xa8, 0xff, 0xff, 0x16, 0x43, 0xff,
    0xa5, 0x7f, 0xff, 0x1d, 0xf, 0xfe, 0x95, 0xff,
    0xfc, 0x78, 0x3f, 0xfa, 0x4f, 0xff, 0xf1, 0xe4,
    0x3f, 0xfa, 0x2f, 0xff, 0xf2, 0x10, 0xff, 0xe9,
    0x5f, 0xff, 0xc7, 0x83, 0xff, 0xa5, 0x7f, 0xff,
    0x1e, 0x43, 0xff, 0xa2, 0xff, 0xff, 0x21, 0xf,
    0xfe, 0x8b, 0x7f, 0xff, 0x1e, 0xf, 0xfe, 0x95,
    0xff, 0xfc, 0x78, 0x3f, 0xfa, 0x4f, 0xff, 0xf2,
    0x10, 0xff, 0xe8, 0xbf, 0xff, 0xc8, 0x83, 0xff,
    0xa5, 0x7f, 0xff, 0x1e, 0xf, 0xfe, 0x95, 0xff,
    0xfc, 0x70, 0xff, 0xe9, 0xbf, 0xff, 0xc5, 0xf,
    0xfe, 0xab, 0x7f, 0xff, 0x8, 0x3f, 0xfb, 0x17,
    0xff, 0xf0, 0x3, 0xff, 0xb4, 0xff, 0xf8, 0x3f,
    0xfb, 0x8d, 0xff, 0x7, 0xff, 0x7e, 0xfe, 0xf,
    0xff, 0xb, 0xf0, 0x7f, 0xf8, 0xdc, 0x3f, 0xfc,
    0xc0,

    /* U+003D "=" */
    0x7f, 0xff, 0xc6, 0x3f, 0xff, 0xe3, 0x1f, 0xff,
    0xf1, 0x8f, 0xff, 0xf8, 0xc7, 0xff, 0xfc, 0x63,
    0xff, 0xfe, 0x31, 0xff, 0xff, 0x18, 0xff, 0xff,
    0x8c, 0xb, 0xff, 0xe3, 0xf, 0xff, 0xf8, 0x7f,
    0xff, 0xc3, 0xff, 0xfe, 0x1f, 0xff, 0xf0, 0xff,
    0xff, 0x87, 0xff, 0xfc, 0x3f, 0xfb, 0xcb, 0xff,
    0xe3, 0x1f, 0xff, 0xf1, 0x8f, 0xff, 0xf8, 0xc7,
    0xff, 0xfc, 0x63, 0xff, 0xfe, 0x31, 0xff, 0xff,
    0x18, 0xff, 0xff, 0x8c, 0x7f, 0xff, 0xc6, 0x3f,
    0xff, 0xe3, 0x0,

    /* U+003E ">" */
    0x10, 0xff, 0xf1, 0xbe, 0x43, 0xff, 0xc2, 0xfe,
    0x83, 0xff, 0xbe, 0xff, 0xa4, 0x3f, 0xfb, 0x8f,
    0xff, 0x21, 0xff, 0xda, 0x7f, 0xfe, 0x83, 0xff,
    0xb0, 0xff, 0xff, 0x6, 0x43, 0xff, 0xaa, 0xff,
    0xff, 0x11, 0xf, 0xfe, 0x9b, 0xff, 0xfc, 0x68,
    0x3f, 0xfa, 0x57, 0xff, 0xf1, 0xe0, 0xff, 0xe9,
    0x5f, 0xff, 0xc8, 0x43, 0xff, 0xa2, 0xff, 0xff,
    0x21, 0xf, 0xfe, 0x8b, 0x7f, 0xff, 0x1e, 0xf,
    0xfe, 0x95, 0xff, 0xfc, 0x79, 0xf, 0xfe, 0x8b,
    0xff, 0xfc, 0x84, 0x3f, 0xfa, 0x2d, 0xff, 0xfc,
    0x78, 0x3f, 0xfa, 0x57, 0xff, 0xf1, 0xe4, 0x3f,
    0xfa, 0x2f, 0xff, 0xf2, 0x10, 0xff, 0xe8, 0xb7,
    0xff, 0xf1, 0xe0, 0xff, 0xe9, 0x5f, 0xff, 0xc7,
    0x83, 0xff, 0xa4, 0xff, 0xff, 0x21, 0xf, 0xfe,
    0x8b, 0x7f, 0xff, 0x18, 0x3f, 0xfa, 0x97, 0xff,
    0xf1, 0x3, 0xff, 0xac, 0xff, 0xff, 0x8, 0x3f,
    0xfb, 0xf, 0xff, 0xf0, 0x3, 0xff, 0xae, 0xff,
    0xff, 0x4, 0x3f, 0xfa, 0xb7, 0xff, 0xf0, 0xc3,
    0xff, 0xa4, 0xff, 0xff, 0x18, 0x3f, 0xfa, 0xf,
    0xff, 0xf1, 0xe0, 0xff, 0xe7, 0x5f, 0xff, 0xc7,
    0x83, 0xff, 0x9a, 0xdf, 0xff, 0xc7, 0x43, 0xff,
    0x9a, 0xff, 0xff, 0x1e, 0x43, 0xff, 0x9b, 0x7f,
    0xff, 0x1e, 0xf, 0xfe, 0x6b, 0x7f, 0xff, 0x1d,
    0xf, 0xfe, 0x6b, 0xff, 0xfc, 0x84, 0x3f, 0xf9,
    0xb7, 0xff, 0xf1, 0xe0, 0xff, 0xe6, 0xb7, 0xff,
    0xf1, 0xe0, 0xff, 0xe6, 0xbf, 0xff, 0xc8, 0x43,
    0xff, 0x9b, 0x7f, 0xff, 0x1e, 0x43, 0xff, 0x98,
    0xdf, 0xff, 0xc7, 0x83, 0xff, 0x9c, 0xff, 0xff,
    0x1d, 0xf, 0xfe, 0x83, 0xff, 0xfc, 0x54, 0x3f,
    0xfa, 0x4f, 0xff, 0xf0, 0xa0, 0xff, 0xea, 0xbf,
    0xff, 0xc0, 0x83, 0xff, 0xae, 0xff, 0xf9, 0xf,
    0xfe, 0xcb, 0xff, 0x48, 0x7f, 0xf6, 0xdf, 0xe8,
    0x3f, 0xfb, 0xcf, 0xc8, 0x7f, 0xf8, 0x19, 0xf,
    0xff, 0xf8, 0x7f, 0xf2, 0x0,

    /* U+003F "?" */
    0xf, 0xfe, 0x22, 0xaf, 0xfd, 0x28, 0x3f, 0xf9,
    0xed, 0xff, 0xfc, 0x49, 0xf, 0xfe, 0x53, 0xff,
    0xfc, 0xa4, 0x3f, 0xf8, 0xcf, 0xff, 0xf3, 0x60,
    0xff, 0xe2, 0x5f, 0xff, 0xd0, 0xf, 0xfe, 0x15,
    0xff, 0xfd, 0x24, 0x3f, 0xeb, 0xff, 0xfa, 0x81,
    0xfe, 0xbf, 0xff, 0xac, 0x1f, 0x9f, 0xff, 0xe1,
    0xd7, 0x7f, 0xff, 0xe, 0xf, 0xbf, 0xff, 0x82,
    0x87, 0xf5, 0xff, 0xfc, 0x10, 0xf5, 0xff, 0xf2,
    0x1f, 0xfc, 0x1b, 0xff, 0xe8, 0x3b, 0xff, 0xe0,
    0xff, 0xe2, 0x5f, 0xff, 0x6, 0xbf, 0xfc, 0x87,
    0xff, 0x17, 0xff, 0xe4, 0x2f, 0xff, 0x41, 0xff,
    0xc6, 0x7f, 0xfd, 0x1, 0xff, 0xf0, 0x7f, 0xf2,
    0x3f, 0xfe, 0x5, 0xff, 0xd0, 0x7f, 0xf2, 0x1f,
    0xff, 0x2, 0xff, 0xe4, 0x3f, 0xf9, 0x3f, 0xfe,
    0x7, 0xff, 0x83, 0xff, 0x95, 0xff, 0xe0, 0x7f,
    0xf8, 0x3f, 0xf9, 0x5f, 0xfe, 0x4f, 0xff, 0x7,
    0xff, 0x2b, 0xff, 0xc0, 0xff, 0xe8, 0x3f, 0xf9,
    0x5f, 0xfe, 0x1f, 0xfe, 0x83, 0xff, 0x92, 0xff,
    0xf8, 0x3f, 0xfa, 0xb7, 0xff, 0x83, 0xff, 0xab,
    0xff, 0xe8, 0x3f, 0xfa, 0x97, 0xff, 0x90, 0xff,
    0xea, 0x7f, 0xfc, 0x1f, 0xfd, 0x4f, 0xff, 0xa0,
    0xff, 0xe9, 0xff, 0xff, 0x1, 0xf, 0xfe, 0x97,
    0xff, 0xf0, 0x20, 0xff, 0xe9, 0x7f, 0xff, 0x4,
    0x3f, 0xfa, 0x5f, 0xff, 0xc1, 0x43, 0xff, 0xa3,
    0xff, 0xfc, 0x14, 0x3f, 0xfa, 0x3f, 0xff, 0xc1,
    0xf, 0xfe, 0x97, 0xff, 0xf0, 0x43, 0xff, 0xa5,
    0xff, 0xfc, 0x10, 0xff, 0xe9, 0x7f, 0xff, 0x4,
    0x3f, 0xfa, 0x5f, 0xff, 0xc0, 0x83, 0xff, 0xa5,
    0x7f, 0xfd, 0x7, 0xff, 0x49, 0xff, 0xfa, 0xf,
    0xfe, 0x9f, 0xff, 0xd0, 0x7f, 0xf4, 0xdf, 0xff,
    0x83, 0xff, 0xa9, 0x7f, 0xf9, 0xf, 0xfe, 0xa7,
    0xff, 0xa0, 0xff, 0xea, 0xff, 0xf9, 0xf, 0xfe,
    0xa3, 0xff, 0xe0, 0xff, 0xea, 0xbf, 0xfd, 0x7,
    0xff, 0x56, 0xff, 0xe8, 0x3f, 0xfa, 0xb7, 0xff,
    0x21, 0xff, 0xd5, 0xbf, 0xf9, 0xf, 0xfe, 0xad,
    0xff, 0xc8, 0x7f, 0xff, 0xc3, 0xff, 0xfe, 0x1f,
    0xff, 0xf0, 0xff, 0xe9, 0x3f, 0xa4, 0x3f, 0xfb,
    0x1f, 0xfc, 0x1f, 0xfd, 0x6f, 0xff, 0x83, 0xff,
    0xa9, 0x7f, 0xfd, 0x7, 0xff, 0x4f, 0xff, 0xf8,
    0x21, 0xff, 0xd2, 0x7f, 0xff, 0x82, 0x1f, 0xfd,
    0x27, 0xff, 0xf8, 0x28, 0x7f, 0xf4, 0x5f, 0xff,
    0xe0, 0xa1, 0xff, 0xd2, 0xff, 0xfe, 0x8, 0x7f,
    0xf4, 0xff, 0xff, 0x82, 0x1f, 0xfd, 0x37, 0xff,
    0xe0, 0xff, 0xea, 0xbf, 0xfc, 0x87, 0xff, 0x59,
    0xff, 0x83, 0xff, 0xb6, 0xb0, 0x7f, 0xf2, 0x40,

    /* U+0040 "@" */
    0xf, 0xfe, 0x8a, 0xa9, 0xff, 0xd4, 0x50, 0x7f,
    0xfa, 0x1b, 0xff, 0xf9, 0x32, 0x1f, 0xfe, 0x16,
    0xff, 0xfe, 0x7c, 0x1f, 0xfd, 0xd7, 0xff, 0xfa,
    0xa8, 0x7f, 0xf6, 0x1f, 0xff, 0xec, 0x41, 0xff,
    0xd5, 0x7f, 0xff, 0xb8, 0x87, 0xff, 0x4a, 0xff,
    0xfe, 0x45, 0x5f, 0xff, 0xc7, 0x83, 0xff, 0xa1,
    0xff, 0xfc, 0x39, 0xf, 0xfe, 0xb, 0x7f, 0xff,
    0x8, 0x3f, 0xf9, 0xaf, 0xff, 0xf0, 0x60, 0xff,
    0xe4, 0xdf, 0xff, 0xc0, 0xf, 0xfe, 0x5b, 0xff,
    0xfc, 0x4, 0x3f, 0xf9, 0xaf, 0xff, 0xc1, 0xff,
    0xc9, 0x7f, 0xfe, 0x43, 0xff, 0xa3, 0x7f, 0xf8,
    0x3f, 0xf8, 0xef, 0xff, 0xa0, 0xff, 0xea, 0x3f,
    0xfd, 0x7, 0xff, 0x1b, 0xff, 0xd0, 0x7f, 0xf5,
    0xff, 0xf9, 0xf, 0xfe, 0x27, 0xff, 0x90, 0xff,
    0xec, 0xdf, 0xf8, 0x3f, 0xf8, 0x7f, 0xfe, 0x43,
    0xff, 0xb7, 0xff, 0xa0, 0xff, 0xe0, 0xdf, 0xfc,
    0x87, 0xff, 0x15, 0x55, 0x21, 0xff, 0xc6, 0xff,
    0xc8, 0x7f, 0xf0, 0x3f, 0xf9, 0xf, 0xfe, 0x1b,
    0xff, 0xe4, 0x3f, 0xf8, 0x9f, 0xf4, 0x1f, 0xf7,
    0xff, 0x41, 0xff, 0xc2, 0xbf, 0xff, 0x82, 0x84,
    0xff, 0xc8, 0x57, 0xfc, 0x1f, 0xe7, 0xff, 0x83,
    0xff, 0x82, 0xff, 0xff, 0x11, 0x7, 0xfe, 0xe,
    0xff, 0xa0, 0xfe, 0xff, 0xe4, 0x3f, 0xf8, 0xf,
    0xff, 0xf1, 0x81, 0xff, 0x83, 0x9f, 0xf8, 0x3f,
    0x3f, 0xfc, 0x1f, 0xfc, 0xb, 0xff, 0xf8, 0xf3,
    0xff, 0x41, 0xef, 0xf8, 0x3f, 0x5f, 0xf8, 0x3f,
    0xf8, 0x17, 0xff, 0xf2, 0x6f, 0xf9, 0xf, 0x5f,
    0xe4, 0x3e, 0xff, 0xe0, 0xff, 0x9f, 0xff, 0xe9,
    0x7, 0xcf, 0xfa, 0xf, 0x3f, 0xf9, 0xf, 0xfb,
    0xff, 0xf8, 0x12, 0x1a, 0xff, 0xfe, 0x0, 0x7e,
    0xff, 0x83, 0xdf, 0xfc, 0x1f, 0xf7, 0xff, 0xd0,
    0x7e, 0x7f, 0xfc, 0x87, 0xef, 0xf8, 0x3d, 0xff,
    0xa0, 0xff, 0x5f, 0xfe, 0x43, 0xfd, 0x7f, 0xf0,
    0x7f, 0x5f, 0xe0, 0xe7, 0xff, 0x21, 0xfc, 0xff,
    0xf9, 0xf, 0xfe, 0x7, 0xff, 0x7, 0xf3, 0xfe,
    0xe, 0xbf, 0xf0, 0x7f, 0xbf, 0xfc, 0x87, 0xff,
    0x7, 0xff, 0x41, 0xfc, 0xff, 0x90, 0xd7, 0xfe,
    0xf, 0xe7, 0xff, 0xa0, 0xff, 0xe1, 0x5f, 0xf2,
    0x1f, 0xcf, 0xf9, 0xd, 0xff, 0xa0, 0xfe, 0xff,
    0xf0, 0x7f, 0xf0, 0xff, 0xf0, 0x7f, 0x9f, 0xf2,
    0x1b, 0xff, 0x41, 0xfd, 0xff, 0xc1, 0xff, 0xc4,
    0xff, 0xc1, 0xfe, 0x7f, 0xc1, 0xdf, 0xf9, 0xf,
    0xd7, 0xfe, 0x83, 0xff, 0x86, 0xff, 0xd0, 0x7f,
    0x9f, 0xf0, 0x77, 0xfe, 0x43, 0xf7, 0xff, 0x7,
    0xff, 0x12, 0xff, 0x90, 0xff, 0x5f, 0xe0, 0xef,
    0xfc, 0x1f, 0xdf, 0xfc, 0x1f, 0xfc, 0x4f, 0xfc,
    0x1f, 0xf5, 0xfe, 0xc, 0xff, 0xe0, 0xfc, 0xff,
    0xe4, 0x3f, 0xf8, 0x9f, 0xf4, 0x1f, 0xf7, 0xfa,
    0xc, 0xff, 0xe0, 0xfd, 0x7f, 0xe0, 0xff, 0xe2,
    0x3f, 0xf2, 0x1f, 0xf7, 0xfa, 0xc, 0xff, 0xe0,
    0xfd, 0xff, 0xc1, 0xff, 0xc4, 0xbf, 0xe0, 0xff,
    0x9f, 0xf2, 0x1d, 0xff, 0x83, 0xf7, 0xfe, 0x83,
    0xff, 0x89, 0xff, 0x83, 0xfe, 0xbf, 0xc1, 0xef,
    0xfc, 0x87, 0xdf, 0xfa, 0xf, 0xfe, 0x27, 0xfd,
    0x7, 0xfd, 0xfe, 0x83, 0xdf, 0xf9, 0xf, 0xbf,
    0xf2, 0x1f, 0xfc, 0x37, 0xfe, 0x43, 0xfd, 0x7f,
    0x90, 0xf7, 0xfe, 0x43, 0xef, 0xfc, 0x87, 0xff,
    0xf, 0xff, 0x7, 0xfd, 0xff, 0x7, 0xdf, 0xfa,
    0xf, 0xbf, 0xf2, 0x1f, 0xfc, 0x3f, 0xfc, 0x1f,
    0xeb, 0xfc, 0x87, 0xd7, 0xfd, 0x7, 0xdf, 0xf9,
    0xf, 0xfe, 0x15, 0xff, 0x41, 0xfe, 0xff, 0x83,
    0xf5, 0xff, 0x83, 0xef, 0xfd, 0x7, 0xff, 0xb,
    0xff, 0x21, 0xfd, 0xff, 0x21, 0xf9, 0xff, 0xc1,
    0xf5, 0xff, 0x83, 0xff, 0x83, 0xff, 0xc1, 0xfd,
    0x7f, 0xc1, 0xfe, 0xff, 0xc8, 0x79, 0xff, 0xc8,
    0x7f, 0xdf, 0xfe, 0xf, 0xd7, 0xfc, 0x1f, 0xf7,
    0xfe, 0x83, 0xef, 0xfe, 0xf, 0xf7, 0xff, 0xa0,
    0xfa, 0xff, 0xa0, 0xff, 0xaf, 0xfc, 0x1f, 0x5f,
    0xfa, 0xf, 0xaf, 0xff, 0xe0, 0x7, 0xaf, 0xfc,
    0x1f, 0xfc, 0x1f, 0xfc, 0x87, 0xdf, 0xfe, 0x96,
    0xbf, 0xff, 0x84, 0x85, 0x7f, 0xf0, 0x7f, 0xf0,
    0xbf, 0xf8, 0x3e, 0xbf, 0xff, 0xba, 0x1f, 0xfc,
    0x37, 0xff, 0x21, 0xf7, 0xff, 0xf2, 0x4f, 0xff,
    0xe3, 0x7, 0xff, 0x17, 0xff, 0x83, 0xf7, 0xff,
    0xf1, 0xd2, 0xff, 0xfe, 0x20, 0x7f, 0xf1, 0xaf,
    0xfc, 0x87, 0xef, 0xff, 0xe2, 0xa1, 0x7f, 0xff,
    0xa, 0xf, 0x2f, 0xe0, 0xf7, 0xff, 0x7, 0xf5,
    0xff, 0xfc, 0x20, 0xe7, 0xff, 0xf8, 0x8, 0x7a,
    0xff, 0xc1, 0xe7, 0xff, 0x83, 0xfd, 0x7f, 0xf4,
    0x87, 0xcf, 0xfe, 0x90, 0xf9, 0xff, 0xc8, 0x7d,
    0x7f, 0xe8, 0x3f, 0xf8, 0xb, 0xc1, 0xff, 0xc2,
    0x5c, 0x1f, 0xe7, 0xff, 0x41, 0xfd, 0xff, 0xd0,
    0x7f, 0xf7, 0xdf, 0xfe, 0xf, 0xf3, 0xff, 0xe0,
    0xff, 0xee, 0xbf, 0xfc, 0x1f, 0xfc, 0x7, 0xff,
    0xc8, 0x7f, 0xf6, 0xaf, 0xfe, 0x43, 0xff, 0x82,
    0xff, 0xfa, 0xf, 0xfe, 0xbb, 0xff, 0xe4, 0x3f,
    0xf8, 0x6f, 0xff, 0xd0, 0x7f, 0xf4, 0xdf, 0xff,
    0x90, 0xff, 0xe2, 0xbf, 0xff, 0xc0, 0x90, 0xff,
    0xe7, 0x5f, 0xff, 0xc0, 0xf, 0xfe, 0x4f, 0xff,
    0xf0, 0xa4, 0x3f, 0xf8, 0xed, 0xff, 0xfc, 0x20,
    0xff, 0xe5, 0xdf, 0xff, 0xc5, 0xa2, 0xff, 0x53,
    0xff, 0xf8, 0xa8, 0x7f, 0xf3, 0x5f, 0xff, 0xf0,
    0x41, 0xff, 0xd1, 0x7f, 0xff, 0xb9, 0x7, 0xff,
    0x55, 0xff, 0xfe, 0xc4, 0x1f, 0xfd, 0xab, 0xff,
    0xfa, 0x52, 0x1f, 0xfd, 0xf6, 0xff, 0xfe, 0x5c,
    0x87, 0xff, 0x99, 0x54, 0xff, 0xfa, 0x50, 0x7f,
    0xf3, 0x80,

    /* U+0041 "A" */
    0xf, 0xfe, 0x6b, 0xff, 0xf4, 0x1f, 0xfe, 0x7b,
    0xff, 0xf8, 0x1, 0xff, 0xe7, 0xff, 0xfe, 0xa,
    0x1f, 0xfe, 0x5b, 0xff, 0xf8, 0x41, 0xff, 0xe5,
    0xff, 0xfe, 0x18, 0x7f, 0xf9, 0x1f, 0xff, 0xe1,
    0xc1, 0xff, 0xe3, 0xbf, 0xff, 0x88, 0x1f, 0xfe,
    0x3f, 0xff, 0xe2, 0xa1, 0xff, 0xe1, 0x7f, 0xff,
    0x8c, 0x1f, 0xfe, 0x1f, 0xff, 0xe3, 0x87, 0xff,
    0x87, 0xff, 0xf8, 0xf0, 0x7f, 0xf7, 0xef, 0xfe,
    0x7f, 0xfc, 0x1f, 0xfd, 0xff, 0xff, 0x17, 0xff,
    0x21, 0xff, 0xdd, 0x7f, 0xfa, 0x1f, 0xfe, 0x83,
    0xff, 0xbb, 0x7f, 0xf0, 0x5f, 0xfe, 0xf, 0xfe,
    0xef, 0xff, 0x82, 0xbf, 0xf9, 0xf, 0xfe, 0xdb,
    0xff, 0xc8, 0x6f, 0xff, 0x7, 0xff, 0x6f, 0xff,
    0xc1, 0xdf, 0xfe, 0xf, 0xfe, 0xdf, 0xff, 0x41,
    0xcf, 0xff, 0x41, 0xff, 0xd9, 0xbf, 0xf9, 0xf,
    0x7f, 0xf8, 0x3f, 0xfb, 0x3f, 0xfe, 0xf, 0xaf,
    0xfe, 0x43, 0xff, 0xae, 0xff, 0xf4, 0x1f, 0x3f,
    0xfd, 0x7, 0xff, 0x5f, 0xff, 0xc8, 0x7e, 0xff,
    0xf0, 0x7f, 0xf5, 0xff, 0xfc, 0x1f, 0xd7, 0xff,
    0x41, 0xff, 0xd5, 0xbf, 0xfa, 0xf, 0xf7, 0xff,
    0x83, 0xff, 0xab, 0xff, 0xe0, 0xff, 0xbf, 0xfc,
    0x87, 0xff, 0x4d, 0xff, 0xf0, 0x7f, 0xd7, 0xff,
    0x41, 0xff, 0xd3, 0xbf, 0xf9, 0xf, 0xfe, 0x7,
    0xff, 0x83, 0xff, 0xa7, 0xff, 0xe0, 0xff, 0xe0,
    0xff, 0xf9, 0xf, 0xfe, 0x8b, 0xff, 0xd0, 0x7f,
    0xf0, 0x5f, 0xff, 0x7, 0xff, 0x47, 0xff, 0xc8,
    0x7f, 0xf0, 0xbf, 0xfc, 0x1f, 0xfd, 0x1f, 0xff,
    0x7, 0xff, 0xe, 0xff, 0xe8, 0x3f, 0xf9, 0xf7,
    0xff, 0x41, 0xff, 0xc3, 0x7f, 0xfc, 0x1f, 0xfc,
    0xff, 0xff, 0x7, 0xff, 0x17, 0xff, 0xc8, 0x7f,
    0xf3, 0x5f, 0xff, 0x7, 0xff, 0x16, 0xff, 0xe8,
    0x3f, 0xf9, 0xbf, 0xfe, 0x83, 0xff, 0x8d, 0xff,
    0xe0, 0xff, 0xe6, 0xff, 0xf8, 0x3f, 0xf8, 0xff,
    0xfe, 0x43, 0xff, 0x97, 0x7f, 0xf8, 0x3f, 0xf8,
    0xf7, 0xff, 0x83, 0xff, 0x97, 0xff, 0xe4, 0x3f,
    0xf9, 0x1f, 0xfe, 0xf, 0xfe, 0x53, 0xff, 0xe0,
    0xff, 0xe4, 0xff, 0xfa, 0xf, 0xfe, 0x4d, 0xff,
    0xd0, 0x7f, 0xf2, 0x5f, 0xff, 0x7, 0xff, 0x27,
    0xff, 0xd2, 0xff, 0xf2, 0x6f, 0xff, 0x21, 0xff,
    0xc7, 0x7f, 0xff, 0xc0, 0x1f, 0xfc, 0x7f, 0xff,
    0xf0, 0x87, 0xff, 0x1f, 0xff, 0xfc, 0x30, 0x7f,
    0xf1, 0x6f, 0xff, 0xf1, 0x7, 0xff, 0x17, 0xff,
    0xfc, 0x68, 0x7f, 0xf0, 0xdf, 0xff, 0xf1, 0xc1,
    0xff, 0xc3, 0xbf, 0xff, 0xc8, 0x1f, 0xfc, 0x3f,
    0xff, 0xf2, 0xa1, 0xff, 0xc1, 0x7f, 0xfc, 0x1f,
    0xfd, 0x1f, 0xff, 0x83, 0xff, 0x83, 0xff, 0xe8,
    0x3f, 0xfa, 0x2f, 0xff, 0x83, 0xff, 0x80, 0xff,
    0xf9, 0xf, 0xfe, 0x97, 0xff, 0xa0, 0xff, 0xaf,
    0xff, 0x7, 0xff, 0x4e, 0xff, 0xf0, 0x7f, 0xdf,
    0xfe, 0x83, 0xff, 0xa6, 0xff, 0xf9, 0xf, 0xe7,
    0xff, 0xc1, 0xff, 0xd5, 0xff, 0xf8, 0x3f, 0xbf,
    0xfe, 0xf, 0xfe, 0xad, 0xff, 0xe0, 0xfe, 0xff,
    0xf4, 0x1f, 0xfd, 0x6f, 0xff, 0x41, 0xf5, 0xff,
    0xe0, 0xff, 0xeb, 0xff, 0xfc, 0x1f, 0x7f, 0xfc,
    0x1f, 0xfd, 0x7b, 0xff, 0xc8, 0x73, 0xff, 0xe4,
    0x3f, 0xfb, 0x1f, 0xfe, 0x83, 0xaf, 0xff, 0x7,
    0xff, 0x67, 0xff, 0xe0, 0xef, 0xff, 0x41, 0xff,
    0xd9, 0x7f, 0xfc, 0x84, 0xff, 0xf9, 0xf, 0xfe,
    0xd7, 0xff, 0xc1, 0x7f, 0xfc, 0x1f, 0xfd, 0xbb,
    0xff, 0xc1, 0x7f, 0xfa, 0xf, 0xfe, 0xdb, 0xff,
    0xe8, 0xbf, 0xfc, 0x87, 0xff, 0x73, 0xff, 0xe1,
    0xaf, 0xe4, 0x3f, 0xfb, 0xad, 0x7f, 0x80,

    /* U+0042 "B" */
    0x17, 0xff, 0xac, 0x1f, 0xfc, 0x87, 0xff, 0xfb,
    0x32, 0x1f, 0xfc, 0x37, 0xff, 0xfb, 0xa8, 0x7f,
    0xf0, 0x1f, 0xff, 0xef, 0xa1, 0xfe, 0x7f, 0xff,
    0xc1, 0x7, 0xf3, 0xff, 0xfe, 0x20, 0xfc, 0xff,
    0xff, 0x8c, 0x3e, 0x7f, 0xff, 0xc8, 0x1e, 0x7f,
    0xff, 0xc9, 0x7, 0x3f, 0xfe, 0xf, 0xfe, 0x53,
    0x7f, 0xff, 0xc, 0x39, 0xff, 0xf0, 0x7f, 0xf3,
    0xaf, 0xff, 0xe0, 0x41, 0x9f, 0xff, 0x7, 0xff,
    0x3d, 0xff, 0xfe, 0x0, 0x67, 0xff, 0xc1, 0xff,
    0xd1, 0xff, 0xf9, 0x9, 0xff, 0xf0, 0x7f, 0xf4,
    0x5f, 0xff, 0x41, 0x3f, 0xfe, 0xf, 0xfe, 0x97,
    0xff, 0xc1, 0x3f, 0xfe, 0xf, 0xfe, 0x95, 0xff,
    0xe0, 0x9f, 0xff, 0x7, 0xff, 0x49, 0xff, 0xf0,
    0x4f, 0xff, 0x83, 0xff, 0xa4, 0xff, 0xf8, 0x27,
    0xff, 0xc1, 0xff, 0xd2, 0x7f, 0xfc, 0x13, 0xff,
    0xe0, 0xff, 0xe9, 0x3f, 0xfe, 0x9, 0xff, 0xf0,
    0x7f, 0xf4, 0x9f, 0xfe, 0x82, 0x7f, 0xfc, 0x1f,
    0xfd, 0x2b, 0xff, 0xa0, 0x9f, 0xff, 0x7, 0xff,
    0x4b, 0xff, 0xc8, 0x4f, 0xff, 0x83, 0xff, 0xa5,
    0xff, 0xe0, 0xcf, 0xff, 0x83, 0xff, 0xa3, 0x7f,
    0xf4, 0x19, 0xff, 0xf0, 0x7f, 0xf4, 0x1f, 0xff,
    0x7, 0x3f, 0xfe, 0xf, 0xfe, 0x7b, 0xff, 0xe4,
    0x39, 0xff, 0xf0, 0x7f, 0xf3, 0x5f, 0xff, 0xa0,
    0xf3, 0xff, 0xe0, 0xff, 0xe4, 0xaa, 0xff, 0xfe,
    0x8, 0x7c, 0xff, 0xff, 0x86, 0xf, 0xcf, 0xff,
    0xf8, 0x10, 0xfe, 0x7f, 0xff, 0xbd, 0x7, 0xfc,
    0xff, 0xff, 0x74, 0x3f, 0xf8, 0x2f, 0xff, 0xf7,
    0xe0, 0xff, 0x3f, 0xff, 0xe1, 0x83, 0xf3, 0xff,
    0xfe, 0x38, 0x3c, 0xff, 0xff, 0x94, 0x39, 0xff,
    0xf2, 0xff, 0xf2, 0xa9, 0xff, 0xfc, 0x40, 0xcf,
    0xff, 0x83, 0xff, 0x9c, 0xdf, 0xff, 0xc1, 0x9,
    0xff, 0xf0, 0x7f, 0xf4, 0x7f, 0xff, 0x80, 0x81,
    0xff, 0xf0, 0x7f, 0xf4, 0xaf, 0xff, 0x80, 0xff,
    0xf8, 0x3f, 0xfa, 0x77, 0xff, 0x91, 0xff, 0xf0,
    0x7f, 0xf5, 0x3f, 0xfe, 0x1f, 0xff, 0x7, 0xff,
    0x51, 0xff, 0xf0, 0xff, 0xf8, 0x3f, 0xfa, 0xbf,
    0xfe, 0x57, 0xff, 0x83, 0xff, 0xab, 0xff, 0xe9,
    0xff, 0xf0, 0x7f, 0xf5, 0x6f, 0xfe, 0x9f, 0xff,
    0x7, 0xff, 0x56, 0xff, 0xe9, 0xff, 0xf0, 0x7f,
    0xf5, 0x5f, 0xff, 0x3f, 0xfe, 0xf, 0xfe, 0xab,
    0xff, 0xe7, 0xff, 0xc1, 0xff, 0xd5, 0xbf, 0xfa,
    0x7f, 0xfc, 0x1f, 0xfd, 0x5b, 0xff, 0xa7, 0xff,
    0xc1, 0xff, 0xd5, 0xff, 0xf4, 0xff, 0xf8, 0x3f,
    0xfa, 0x8f, 0xff, 0x95, 0xff, 0xe0, 0xff, 0xea,
    0x7f, 0xfc, 0x3f, 0xfe, 0xf, 0xfe, 0x9d, 0xff,
    0xf0, 0xff, 0xf8, 0x3f, 0xfa, 0x57, 0xff, 0xd0,
    0xff, 0xf8, 0x3f, 0xfa, 0xf, 0xff, 0xf0, 0x40,
    0xff, 0xf8, 0x3f, 0xf9, 0xad, 0xff, 0xfc, 0x28,
    0xf, 0xff, 0x97, 0xff, 0x91, 0x57, 0xff, 0xf1,
    0x82, 0x7f, 0xff, 0xcc, 0x84, 0xff, 0xff, 0x96,
    0xc, 0xff, 0xff, 0x92, 0xe, 0x7f, 0xff, 0xc7,
    0x7, 0x9f, 0xff, 0xf1, 0x7, 0xe7, 0xff, 0xfc,
    0x8, 0x7f, 0x3f, 0xff, 0xdd, 0x83, 0xff, 0x80,
    0xff, 0xff, 0x5e, 0x8a, 0xf, 0xfe, 0x18,

    /* U+0043 "C" */
    0xf, 0xfe, 0x6b, 0x4f, 0xfe, 0xa2, 0x1f, 0xfd,
    0xf6, 0xff, 0xfe, 0x3c, 0x87, 0xff, 0x61, 0xbf,
    0xff, 0x9b, 0x21, 0xff, 0xd3, 0x7f, 0xff, 0xa6,
    0x87, 0xff, 0x42, 0xff, 0xfe, 0xac, 0x1f, 0xfc,
    0xd7, 0xff, 0xfb, 0x28, 0x7f, 0xf2, 0xaf, 0xff,
    0xed, 0xa1, 0xff, 0xc8, 0xbf, 0xff, 0xbb, 0x7,
    0xff, 0x1b, 0xff, 0xfc, 0x10, 0x7f, 0xf1, 0x2f,
    0xff, 0xe2, 0xc8, 0x7c, 0xd3, 0xff, 0xf8, 0x88,
    0x7f, 0xf0, 0xaf, 0xff, 0xe1, 0x48, 0x7f, 0xf0,
    0xdb, 0xff, 0xf8, 0x48, 0x7f, 0xf0, 0x1f, 0xff,
    0xe0, 0xc1, 0xff, 0xc9, 0xbf, 0xff, 0x82, 0x1f,
    0xfc, 0xf, 0xff, 0xe0, 0xa1, 0xff, 0xcc, 0xff,
    0xfe, 0x4, 0x1f, 0xeb, 0xff, 0xf8, 0x1, 0xff,
    0xcf, 0xff, 0xfe, 0x0, 0x7f, 0x3f, 0xff, 0xc0,
    0xf, 0xfe, 0x8f, 0xff, 0xd0, 0x7e, 0xff, 0xfe,
    0x0, 0x7f, 0xf4, 0xff, 0xfe, 0xf, 0x9f, 0xff,
    0x83, 0xff, 0xa8, 0xff, 0xf9, 0xf, 0x7f, 0xfc,
    0x87, 0xff, 0x57, 0xff, 0xe0, 0xe7, 0xff, 0xe0,
    0xff, 0xeb, 0x3f, 0xfe, 0xe, 0xbf, 0xfc, 0x87,
    0xff, 0x5f, 0xff, 0xc8, 0x6f, 0xff, 0x83, 0xff,
    0xb1, 0x7f, 0xf4, 0x13, 0xff, 0xe4, 0x3f, 0xfb,
    0x3f, 0xfe, 0xa, 0xff, 0xf0, 0x7f, 0xf6, 0x97,
    0xfc, 0x17, 0xff, 0xa0, 0xff, 0xf3, 0xff, 0xf9,
    0xf, 0xff, 0x33, 0xff, 0xe0, 0xff, 0xf3, 0xdf,
    0xfe, 0xf, 0xff, 0x3d, 0xff, 0xd0, 0x7f, 0xf9,
    0xff, 0xfc, 0x87, 0xff, 0x9f, 0xff, 0xc8, 0x7f,
    0xf9, 0xff, 0xfc, 0x1f, 0xfe, 0x8f, 0xff, 0x7,
    0xff, 0xa3, 0xff, 0xc1, 0xff, 0xe8, 0xff, 0xf0,
    0x7f, 0xfa, 0x3f, 0xfc, 0x1f, 0xfe, 0x8f, 0xff,
    0x7, 0xff, 0xa3, 0xff, 0xc1, 0xff, 0xe8, 0xff,
    0xf0, 0x7f, 0xfa, 0x3f, 0xfc, 0x1f, 0xfe, 0x8f,
    0xff, 0x7, 0xff, 0xa3, 0xff, 0xc8, 0x7f, 0xf9,
    0xff, 0xfc, 0x87, 0xff, 0x9f, 0xff, 0xd0, 0x7f,
    0xf9, 0xef, 0xfe, 0x83, 0xff, 0xce, 0xff, 0xf8,
    0x3f, 0xfc, 0xef, 0xff, 0x83, 0xff, 0xb9, 0x5f,
    0xe0, 0x7f, 0xf9, 0xf, 0xfe, 0xd3, 0xff, 0xd0,
    0x3f, 0xfe, 0xf, 0xfe, 0xd5, 0xff, 0xc8, 0x2f,
    0xff, 0x7, 0xff, 0x6b, 0xff, 0xc1, 0xbf, 0xfd,
    0x7, 0xff, 0x61, 0xff, 0xf0, 0x6f, 0xff, 0x83,
    0xff, 0xb1, 0xff, 0xe8, 0x35, 0xff, 0xe8, 0x3f,
    0xfa, 0xcf, 0xff, 0x83, 0xdf, 0xff, 0x7, 0xff,
    0x5b, 0xff, 0xe0, 0xf5, 0xff, 0xf0, 0x7f, 0xf5,
    0x2f, 0xff, 0x21, 0xf7, 0xff, 0xd0, 0x7f, 0xf4,
    0x9f, 0xff, 0x83, 0xf5, 0xff, 0xf2, 0x1f, 0xfd,
    0x1f, 0xff, 0x90, 0xfe, 0xff, 0xfe, 0x4, 0x1f,
    0xfc, 0xe7, 0xff, 0xf8, 0x1, 0xfe, 0x7f, 0xff,
    0x81, 0x7, 0xff, 0x31, 0xff, 0xfe, 0x0, 0x7f,
    0xf0, 0x2f, 0xff, 0xe0, 0xc1, 0xff, 0xc9, 0xff,
    0xfe, 0xa, 0x1f, 0xfc, 0x1f, 0xff, 0xe1, 0xc1,
    0xff, 0xc4, 0x6f, 0xff, 0xe0, 0xc1, 0xff, 0xc3,
    0xff, 0xfe, 0x2c, 0xa0, 0xf9, 0xa7, 0xff, 0xf1,
    0x3, 0xff, 0x8b, 0xff, 0xfe, 0x0, 0xff, 0xe3,
    0xff, 0xff, 0x78, 0x3f, 0xf9, 0x3f, 0xff, 0xdb,
    0x83, 0xff, 0x97, 0x7f, 0xff, 0x61, 0xf, 0xfe,
    0x6b, 0xff, 0xfd, 0x60, 0xff, 0xe8, 0xbf, 0xff,
    0xd2, 0x43, 0xff, 0xa8, 0xff, 0xff, 0x39, 0xf,
    0xfe, 0xcb, 0x7f, 0xff, 0x1e, 0xf, 0xff, 0x3,
    0x4f, 0xfe, 0xa2, 0x1f, 0xfc, 0xa0,

    /* U+0044 "D" */
    0x7f, 0xff, 0xa3, 0x44, 0x3f, 0xf9, 0xaf, 0xff,
    0xf5, 0xe4, 0x3f, 0xf9, 0xf, 0xff, 0xf6, 0xa0,
    0xff, 0xe3, 0x3f, 0xff, 0xdc, 0x90, 0xff, 0xe1,
    0xbf, 0xff, 0xde, 0x83, 0xff, 0x84, 0xff, 0xff,
    0x81, 0xf, 0xfe, 0x3, 0xff, 0xfe, 0x18, 0x3f,
    0xe7, 0xff, 0xfc, 0x61, 0xfe, 0x7f, 0xff, 0xc8,
    0x1f, 0xcf, 0xff, 0x83, 0xff, 0x8e, 0xdf, 0xff,
    0xc6, 0xf, 0xcf, 0xff, 0x83, 0xff, 0x96, 0xff,
    0xff, 0x10, 0x3e, 0x7f, 0xfc, 0x1f, 0xfc, 0xeb,
    0xff, 0xf8, 0x30, 0x79, 0xff, 0xf0, 0x7f, 0xf4,
    0x3f, 0xff, 0x82, 0x87, 0x3f, 0xfe, 0xf, 0xfe,
    0x8d, 0xff, 0xfc, 0x0, 0xe7, 0xff, 0xc1, 0xff,
    0xd2, 0xbf, 0xfe, 0x43, 0x3f, 0xfe, 0xf, 0xfe,
    0x9d, 0xff, 0xf0, 0x67, 0xff, 0xc1, 0xff, 0xd4,
    0xff, 0xf9, 0x9, 0xff, 0xf0, 0x7f, 0xf5, 0x7f,
    0xfe, 0x9, 0xff, 0xf0, 0x7f, 0xf5, 0x6f, 0xff,
    0x4, 0xff, 0xf8, 0x3f, 0xfa, 0xdf, 0xfe, 0x80,
    0xff, 0xf8, 0x3f, 0xfa, 0xd7, 0xff, 0x80, 0xff,
    0xf8, 0x3f, 0xfa, 0xcf, 0xff, 0x80, 0xff, 0xf8,
    0x3f, 0xfa, 0xff, 0xfe, 0x47, 0xff, 0xc1, 0xff,
    0xd7, 0xbf, 0xfa, 0x1f, 0xff, 0x7, 0xff, 0x5d,
    0xff, 0xf0, 0xff, 0xf8, 0x3f, 0xfb, 0x1f, 0xfe,
    0x1f, 0xff, 0x7, 0xff, 0x63, 0xff, 0xc3, 0xff,
    0xe0, 0xff, 0xec, 0x7f, 0xf8, 0x7f, 0xfc, 0x1f,
    0xfd, 0x8f, 0xff, 0x2b, 0xff, 0xc1, 0xff, 0xd8,
    0xbf, 0xf9, 0x5f, 0xfe, 0xf, 0xfe, 0xc5, 0xff,
    0xca, 0xff, 0xf0, 0x7f, 0xf6, 0x2f, 0xfe, 0x57,
    0xff, 0x83, 0xff, 0xb1, 0x7f, 0xf4, 0xff, 0xf8,
    0x3f, 0xfb, 0x17, 0xff, 0x4f, 0xff, 0x83, 0xff,
    0xb1, 0x7f, 0xf4, 0xff, 0xf8, 0x3f, 0xfb, 0x17,
    0xff, 0x2b, 0xff, 0xc1, 0xff, 0xd8, 0xbf, 0xf9,
    0x5f, 0xfe, 0xf, 0xfe, 0xc5, 0xff, 0xca, 0xff,
    0xf0, 0x7f, 0xf6, 0x3f, 0xfc, 0xaf, 0xff, 0x7,
    0xff, 0x63, 0xff, 0xc3, 0xff, 0xe0, 0xff, 0xec,
    0x7f, 0xf8, 0x7f, 0xfc, 0x1f, 0xfd, 0x77, 0xff,
    0xc3, 0xff, 0xe0, 0xff, 0xeb, 0xbf, 0xfd, 0xf,
    0xff, 0x83, 0xff, 0xaf, 0x7f, 0xf4, 0x3f, 0xfe,
    0xf, 0xfe, 0xbf, 0xff, 0x91, 0xff, 0xf0, 0x7f,
    0xf5, 0x9f, 0xff, 0x1, 0xff, 0xf0, 0x7f, 0xf5,
    0xaf, 0xff, 0x1, 0xff, 0xf0, 0x7f, 0xf5, 0xbf,
    0xfc, 0x81, 0xff, 0xf0, 0x7f, 0xf5, 0x6f, 0xff,
    0x4, 0xff, 0xf8, 0x3f, 0xfa, 0x8f, 0xff, 0xa0,
    0x9f, 0xff, 0x7, 0xff, 0x53, 0xff, 0xe4, 0x27,
    0xff, 0xc1, 0xff, 0xd3, 0xff, 0xfe, 0x0, 0x67,
    0xff, 0xc1, 0xff, 0xd2, 0xbf, 0xfe, 0x43, 0x3f,
    0xfe, 0xf, 0xfe, 0x8f, 0xff, 0xf0, 0x43, 0x9f,
    0xff, 0x7, 0xff, 0x3d, 0xff, 0xfe, 0x8, 0x79,
    0xff, 0xf0, 0x7f, 0xf3, 0x5f, 0xff, 0xe1, 0x21,
    0xe7, 0xff, 0xc1, 0xff, 0xcb, 0x7f, 0xff, 0x87,
    0x7, 0xcf, 0xff, 0x83, 0xff, 0x8e, 0xdf, 0xff,
    0xc6, 0xf, 0xcf, 0xff, 0xf9, 0x3, 0xf9, 0xff,
    0xff, 0x18, 0x7f, 0x9f, 0xff, 0xf0, 0xc1, 0xff,
    0x3f, 0xff, 0xe0, 0x43, 0xff, 0x80, 0xff, 0xff,
    0x7a, 0xf, 0xfe, 0x13, 0xff, 0xfd, 0xc8, 0x3f,
    0xf8, 0x8f, 0xff, 0xf6, 0xa0, 0xff, 0xe3, 0x3f,
    0xff, 0xd7, 0x83, 0xff, 0x92, 0xff, 0xff, 0x46,
    0x88, 0x7f, 0xf3, 0x40,

    /* U+0045 "E" */
    0x7f, 0xff, 0xc8, 0x7, 0xff, 0xfc, 0x80, 0x7f,
    0xff, 0xc8, 0x7, 0xff, 0xfc, 0x80, 0x7f, 0xff,
    0xc8, 0x7, 0xff, 0xfc, 0x80, 0x7f, 0xff, 0xc8,
    0x7, 0xff, 0xfc, 0x80, 0x7f, 0xff, 0xc7, 0x1,
    0xff, 0xf0, 0x7f, 0xf7, 0x1f, 0xff, 0x7, 0xff,
    0x71, 0xff, 0xf0, 0x7f, 0xf7, 0x1f, 0xff, 0x7,
    0xff, 0x71, 0xff, 0xf0, 0x7f, 0xf7, 0x1f, 0xff,
    0x7, 0xff, 0x71, 0xff, 0xf0, 0x7f, 0xf7, 0x1f,
    0xff, 0x7, 0xff, 0x71, 0xff, 0xf0, 0x7f, 0xf7,
    0x1f, 0xff, 0x7, 0xff, 0x71, 0xff, 0xf0, 0x7f,
    0xf7, 0x1f, 0xff, 0x7, 0xff, 0x71, 0xff, 0xf0,
    0x7f, 0xf7, 0x1f, 0xff, 0x7, 0xff, 0x71, 0xff,
    0xf0, 0x7f, 0xf7, 0x1f, 0xff, 0x7, 0xff, 0x71,
    0xff, 0xf0, 0x7f, 0xf7, 0x1f, 0xff, 0x7, 0xff,
    0x71, 0xff, 0xf0, 0x7f, 0xf7, 0x1f, 0xff, 0xf0,
    0xc1, 0x9f, 0xff, 0xf0, 0xc1, 0x9f, 0xff, 0xf0,
    0xc1, 0x9f, 0xff, 0xf0, 0xc1, 0x9f, 0xff, 0xf0,
    0xc1, 0x9f, 0xff, 0xf0, 0xc1, 0x9f, 0xff, 0xf0,
    0xc1, 0x9f, 0xff, 0xf0, 0xc1, 0x9f, 0xff, 0xf0,
    0xa1, 0x9f, 0xff, 0x7, 0xff, 0x71, 0xff, 0xf0,
    0x7f, 0xf7, 0x1f, 0xff, 0x7, 0xff, 0x71, 0xff,
    0xf0, 0x7f, 0xf7, 0x1f, 0xff, 0x7, 0xff, 0x71,
    0xff, 0xf0, 0x7f, 0xf7, 0x1f, 0xff, 0x7, 0xff,
    0x71, 0xff, 0xf0, 0x7f, 0xf7, 0x1f, 0xff, 0x7,
    0xff, 0x71, 0xff, 0xf0, 0x7f, 0xf7, 0x1f, 0xff,
    0x7, 0xff, 0x71, 0xff, 0xf0, 0x7f, 0xf7, 0x1f,
    0xff, 0x7, 0xff, 0x71, 0xff, 0xf0, 0x7f, 0xf7,
    0x1f, 0xff, 0x7, 0xff, 0x71, 0xff, 0xf0, 0x7f,
    0xf7, 0x1f, 0xff, 0x7, 0xff, 0x71, 0xff, 0xf0,
    0x7f, 0xf7, 0x1f, 0xff, 0x7, 0xff, 0x71, 0xff,
    0xf0, 0x7f, 0xf7, 0x1f, 0xff, 0x7, 0xff, 0x71,
    0xff, 0xff, 0x2a, 0xbf, 0xff, 0xca, 0xaf, 0xff,
    0xf2, 0xab, 0xff, 0xfc, 0xaa, 0xff, 0xff, 0x2a,
    0xbf, 0xff, 0xca, 0xaf, 0xff, 0xf2, 0xab, 0xff,
    0xfc, 0xaa, 0xff, 0xff, 0x2a,

    /* U+0046 "F" */
    0x7f, 0xff, 0xc2, 0x3f, 0xff, 0xe1, 0x1f, 0xff,
    0xf0, 0x8f, 0xff, 0xf8, 0x47, 0xff, 0xfc, 0x23,
    0xff, 0xfe, 0x11, 0xff, 0xff, 0x8, 0xff, 0xff,
    0x84, 0x7f, 0xff, 0xc2, 0x3f, 0xfe, 0xf, 0xfe,
    0xc3, 0xff, 0xe0, 0xff, 0xec, 0x3f, 0xfe, 0xf,
    0xfe, 0xc3, 0xff, 0xe0, 0xff, 0xec, 0x3f, 0xfe,
    0xf, 0xfe, 0xc3, 0xff, 0xe0, 0xff, 0xec, 0x3f,
    0xfe, 0xf, 0xfe, 0xc3, 0xff, 0xe0, 0xff, 0xec,
    0x3f, 0xfe, 0xf, 0xfe, 0xc3, 0xff, 0xe0, 0xff,
    0xec, 0x3f, 0xfe, 0xf, 0xfe, 0xc3, 0xff, 0xe0,
    0xff, 0xec, 0x3f, 0xfe, 0xf, 0xfe, 0xc3, 0xff,
    0xe0, 0xff, 0xec, 0x3f, 0xfe, 0xf, 0xfe, 0xc3,
    0xff, 0xe0, 0xff, 0xec, 0x3f, 0xfe, 0xf, 0xfe,
    0xc3, 0xff, 0xe0, 0xff, 0xec, 0x3f, 0xfe, 0xf,
    0xfe, 0xc3, 0xff, 0xfd, 0xf0, 0x9f, 0xff, 0xef,
    0x84, 0xff, 0xff, 0x7c, 0x27, 0xff, 0xfb, 0xe1,
    0x3f, 0xff, 0xdf, 0x9, 0xff, 0xfe, 0xf8, 0x4f,
    0xff, 0xf7, 0xc2, 0x7f, 0xff, 0xbe, 0x13, 0xff,
    0xfd, 0xf0, 0x9f, 0xff, 0x7, 0xff, 0x61, 0xff,
    0xf0, 0x7f, 0xf6, 0x1f, 0xff, 0x7, 0xff, 0x61,
    0xff, 0xf0, 0x7f, 0xf6, 0x1f, 0xff, 0x7, 0xff,
    0x61, 0xff, 0xf0, 0x7f, 0xf6, 0x1f, 0xff, 0x7,
    0xff, 0x61, 0xff, 0xf0, 0x7f, 0xf6, 0x1f, 0xff,
    0x7, 0xff, 0x61, 0xff, 0xf0, 0x7f, 0xf6, 0x1f,
    0xff, 0x7, 0xff, 0x61, 0xff, 0xf0, 0x7f, 0xf6,
    0x1f, 0xff, 0x7, 0xff, 0x61, 0xff, 0xf0, 0x7f,
    0xf6, 0x1f, 0xff, 0x7, 0xff, 0x61, 0xff, 0xf0,
    0x7f, 0xf6, 0x1f, 0xff, 0x7, 0xff, 0x61, 0xff,
    0xf0, 0x7f, 0xf6, 0x1f, 0xff, 0x7, 0xff, 0x61,
    0xff, 0xf0, 0x7f, 0xf6, 0x1f, 0xff, 0x7, 0xff,
    0x61, 0xff, 0xf0, 0x7f, 0xf6, 0x1f, 0xff, 0x7,
    0xff, 0x61, 0xff, 0xf0, 0x7f, 0xf6, 0x1f, 0xff,
    0x7, 0xff, 0x61, 0xff, 0xf0, 0x7f, 0xf6, 0x1f,
    0xff, 0x7, 0xff, 0x61, 0xff, 0xf0, 0x7f, 0xf6,
    0x1f, 0xff, 0x7, 0xff, 0x61, 0xff, 0xf0, 0x7f,
    0xf6, 0x0,

    /* U+0047 "G" */
    0xf, 0xfe, 0x6a, 0xaf, 0xfe, 0xa9, 0xf, 0xff,
    0x5, 0xff, 0xfc, 0x89, 0xf, 0xfe, 0xcb, 0xff,
    0xfc, 0xf4, 0x3f, 0xfa, 0x97, 0xff, 0xf4, 0xd0,
    0xff, 0xe8, 0x3f, 0xff, 0xd7, 0xf, 0xfe, 0x75,
    0xff, 0xfd, 0x94, 0x3f, 0xf9, 0x7f, 0xff, 0xdc,
    0x83, 0xff, 0x90, 0xff, 0xff, 0x7c, 0x3f, 0xf8,
    0xcf, 0xff, 0xf8, 0x20, 0xff, 0xe2, 0xff, 0xff,
    0x16, 0x50, 0x79, 0x57, 0xff, 0xf1, 0x60, 0xff,
    0xe1, 0xff, 0xff, 0xd, 0xf, 0xfe, 0x25, 0xff,
    0xfc, 0x34, 0x3f, 0xf8, 0x3f, 0xff, 0xc2, 0x43,
    0xff, 0x90, 0xff, 0xff, 0x8, 0x3f, 0xf8, 0x17,
    0xff, 0xf0, 0x20, 0xff, 0xe6, 0x5f, 0xff, 0xc0,
    0x83, 0xfc, 0xff, 0xff, 0x1, 0xf, 0xfe, 0x73,
    0xff, 0xfc, 0x0, 0xff, 0x7f, 0xff, 0x1, 0xf,
    0xfe, 0x83, 0xff, 0xf4, 0x1f, 0xaf, 0xff, 0x90,
    0xff, 0xe9, 0x5f, 0xff, 0x7, 0xef, 0xff, 0xa0,
    0xff, 0xea, 0x7f, 0xfc, 0x87, 0xaf, 0xff, 0x41,
    0xff, 0xd5, 0x7f, 0xfd, 0x7, 0xbf, 0xfe, 0xf,
    0xfe, 0xbf, 0xff, 0xc1, 0xcf, 0xff, 0x90, 0xff,
    0xeb, 0xbf, 0xfe, 0x43, 0x7f, 0xfc, 0x1f, 0xfd,
    0x9f, 0xff, 0x41, 0xbf, 0xfd, 0x7, 0xff, 0x66,
    0xff, 0xe8, 0x27, 0xff, 0xc1, 0xff, 0xda, 0x6b,
    0xfc, 0x17, 0xff, 0xa0, 0xff, 0xf4, 0x7f, 0xf9,
    0xf, 0xff, 0x47, 0xff, 0x83, 0xff, 0xd0, 0xff,
    0xf8, 0x3f, 0xfd, 0x17, 0xff, 0x41, 0xff, 0xe8,
    0xff, 0xf4, 0x1f, 0xfe, 0x8f, 0xff, 0x21, 0xff,
    0xe8, 0xff, 0xf2, 0x1f, 0xfe, 0x8f, 0xff, 0x7,
    0xff, 0xa7, 0xff, 0xc1, 0xff, 0xe9, 0xff, 0xf0,
    0x7f, 0xf2, 0xaf, 0xff, 0xe8, 0x3, 0xff, 0xc1,
    0xff, 0xca, 0xbf, 0xff, 0xa0, 0xf, 0xff, 0x7,
    0xff, 0x2a, 0xff, 0xfe, 0x80, 0x3f, 0xfc, 0x1f,
    0xfc, 0xab, 0xff, 0xfa, 0x0, 0xff, 0xf0, 0x7f,
    0xf2, 0xaf, 0xff, 0xe8, 0x3, 0xff, 0xc1, 0xff,
    0xca, 0xbf, 0xff, 0xa0, 0xf, 0xff, 0x7, 0xff,
    0x2a, 0xff, 0xfe, 0x80, 0x3f, 0xfc, 0x87, 0xff,
    0x26, 0xff, 0xfe, 0x80, 0x3f, 0xfc, 0x87, 0xff,
    0x25, 0xff, 0xfe, 0x80, 0x2f, 0xfe, 0x83, 0xff,
    0xb9, 0xff, 0xe0, 0x5f, 0xfe, 0xf, 0xfe, 0xe7,
    0xff, 0x80, 0xff, 0xf8, 0x3f, 0xfb, 0x9f, 0xfe,
    0xb, 0xff, 0xc1, 0xff, 0xdc, 0xff, 0xf0, 0x5f,
    0xfe, 0x83, 0xff, 0xb7, 0xff, 0xe0, 0xaf, 0xff,
    0x7, 0xff, 0x6f, 0xff, 0xc1, 0x3f, 0xfe, 0x43,
    0xff, 0xb5, 0xff, 0xe0, 0xdf, 0xfe, 0x83, 0xff,
    0xb5, 0xff, 0xe0, 0xd7, 0xff, 0x83, 0xff, 0xb5,
    0xff, 0xe0, 0xef, 0xff, 0x83, 0xff, 0xb3, 0xff,
    0xe0, 0xeb, 0xff, 0xc8, 0x7f, 0xf6, 0x3f, 0xfc,
    0x1e, 0xff, 0xf8, 0x3f, 0xfb, 0x1f, 0xfe, 0xf,
    0x5f, 0xff, 0x7, 0xff, 0x5f, 0xff, 0xc1, 0xf7,
    0xff, 0xf0, 0x3, 0xff, 0xad, 0xff, 0xe0, 0xf9,
    0xff, 0xfe, 0x2, 0x1f, 0xfd, 0x37, 0xff, 0xc1,
    0xfa, 0xff, 0xfe, 0x4, 0x1f, 0xfd, 0x1b, 0xff,
    0xe0, 0xfe, 0xff, 0xfe, 0x14, 0x1f, 0xfc, 0xc6,
    0xff, 0xfe, 0x8, 0x7f, 0xbf, 0xff, 0x87, 0x21,
    0xff, 0xc6, 0x6f, 0xff, 0xe2, 0x7, 0xf9, 0xff,
    0xfe, 0x34, 0xa0, 0xfc, 0xab, 0xff, 0xf9, 0x1,
    0xff, 0x3f, 0xff, 0xe7, 0xf, 0xfe, 0x3, 0xff,
    0xfe, 0x48, 0x3f, 0xf8, 0x7f, 0xff, 0xe2, 0x43,
    0xff, 0x8b, 0x7f, 0xff, 0x79, 0xf, 0xfe, 0x4f,
    0xff, 0xf6, 0xd0, 0xff, 0xe6, 0x3f, 0xff, 0xd7,
    0x43, 0xff, 0xa0, 0xdf, 0xff, 0xd1, 0x83, 0xff,
    0xac, 0xdf, 0xff, 0xca, 0x90, 0xff, 0xee, 0xaa,
    0x9f, 0xfd, 0x45, 0x7, 0xff, 0x20,

    /* U+0048 "H" */
    0x17, 0xf8, 0x3f, 0xfb, 0xb, 0xfe, 0x1f, 0xff,
    0x7, 0xff, 0x5f, 0xff, 0xc3, 0xff, 0xe0, 0xff,
    0xeb, 0xff, 0xf8, 0x7f, 0xfc, 0x1f, 0xfd, 0x7f,
    0xff, 0xf, 0xff, 0x83, 0xff, 0xaf, 0xff, 0xe1,
    0xff, 0xf0, 0x7f, 0xf5, 0xff, 0xfc, 0x3f, 0xfe,
    0xf, 0xfe, 0xbf, 0xff, 0x87, 0xff, 0xc1, 0xff,
    0xd7, 0xff, 0xf0, 0xff, 0xf8, 0x3f, 0xfa, 0xff,
    0xfe, 0x1f, 0xff, 0x7, 0xff, 0x5f, 0xff, 0xc3,
    0xff, 0xe0, 0xff, 0xeb, 0xff, 0xf8, 0x7f, 0xfc,
    0x1f, 0xfd, 0x7f, 0xff, 0xf, 0xff, 0x83, 0xff,
    0xaf, 0xff, 0xe1, 0xff, 0xf0, 0x7f, 0xf5, 0xff,
    0xfc, 0x3f, 0xfe, 0xf, 0xfe, 0xbf, 0xff, 0x87,
    0xff, 0xc1, 0xff, 0xd7, 0xff, 0xf0, 0xff, 0xf8,
    0x3f, 0xfa, 0xff, 0xfe, 0x1f, 0xff, 0x7, 0xff,
    0x5f, 0xff, 0xc3, 0xff, 0xe0, 0xff, 0xeb, 0xff,
    0xf8, 0x7f, 0xfc, 0x1f, 0xfd, 0x7f, 0xff, 0xf,
    0xff, 0x83, 0xff, 0xaf, 0xff, 0xe1, 0xff, 0xf0,
    0x7f, 0xf5, 0xff, 0xfc, 0x3f, 0xfe, 0xf, 0xfe,
    0xbf, 0xff, 0x87, 0xff, 0xc1, 0xff, 0xd7, 0xff,
    0xf0, 0xff, 0xf8, 0x3f, 0xfa, 0xff, 0xfe, 0x1f,
    0xff, 0x7, 0xff, 0x5f, 0xff, 0xc3, 0xff, 0xe0,
    0xff, 0xeb, 0xff, 0xf8, 0x7f, 0xfc, 0x1f, 0xfd,
    0x7f, 0xff, 0xf, 0xff, 0x83, 0xff, 0xaf, 0xff,
    0xe1, 0xff, 0xff, 0x58, 0xff, 0xff, 0xac, 0x7f,
    0xff, 0xd6, 0x3f, 0xff, 0xeb, 0x1f, 0xff, 0xf5,
    0x8f, 0xff, 0xfa, 0xc7, 0xff, 0xfd, 0x63, 0xff,
    0xfe, 0xb1, 0xff, 0xff, 0x58, 0xff, 0xf8, 0x3f,
    0xfa, 0xff, 0xfe, 0x1f, 0xff, 0x7, 0xff, 0x5f,
    0xff, 0xc3, 0xff, 0xe0, 0xff, 0xeb, 0xff, 0xf8,
    0x7f, 0xfc, 0x1f, 0xfd, 0x7f, 0xff, 0xf, 0xff,
    0x83, 0xff, 0xaf, 0xff, 0xe1, 0xff, 0xf0, 0x7f,
    0xf5, 0xff, 0xfc, 0x3f, 0xfe, 0xf, 0xfe, 0xbf,
    0xff, 0x87, 0xff, 0xc1, 0xff, 0xd7, 0xff, 0xf0,
    0xff, 0xf8, 0x3f, 0xfa, 0xff, 0xfe, 0x1f, 0xff,
    0x7, 0xff, 0x5f, 0xff, 0xc3, 0xff, 0xe0, 0xff,
    0xeb, 0xff, 0xf8, 0x7f, 0xfc, 0x1f, 0xfd, 0x7f,
    0xff, 0xf, 0xff, 0x83, 0xff, 0xaf, 0xff, 0xe1,
    0xff, 0xf0, 0x7f, 0xf5, 0xff, 0xfc, 0x3f, 0xfe,
    0xf, 0xfe, 0xbf, 0xff, 0x87, 0xff, 0xc1, 0xff,
    0xd7, 0xff, 0xf0, 0xff, 0xf8, 0x3f, 0xfa, 0xff,
    0xfe, 0x1f, 0xff, 0x7, 0xff, 0x5f, 0xff, 0xc3,
    0xff, 0xe0, 0xff, 0xeb, 0xff, 0xf8, 0x7f, 0xfc,
    0x1f, 0xfd, 0x7f, 0xff, 0xf, 0xff, 0x83, 0xff,
    0xaf, 0xff, 0xe1, 0xff, 0xf0, 0x7f, 0xf5, 0xff,
    0xfc, 0x3f, 0xfe, 0xf, 0xfe, 0xbf, 0xff, 0x87,
    0xff, 0xc1, 0xff, 0xd7, 0xff, 0xf0, 0xff, 0xf8,
    0x3f, 0xfa, 0xff, 0xfe, 0x1f, 0xff, 0x7, 0xff,
    0x5f, 0xff, 0xc3, 0xff, 0xe0, 0xff, 0xeb, 0xff,
    0xf8, 0x7f, 0xfc, 0x1f, 0xfd, 0x7f, 0xff, 0xf,
    0xff, 0x83, 0xff, 0xaf, 0xff, 0xe1, 0xff, 0xf0,
    0x7f, 0xf5, 0xff, 0xfc, 0x0,

    /* U+0049 "I" */
    0x17, 0xf8, 0x1f, 0xfe, 0x3f, 0xfc, 0x7f, 0xf8,
    0xff, 0xf1, 0xff, 0xe3, 0xff, 0xc7, 0xff, 0x8f,
    0xff, 0x1f, 0xfe, 0x3f, 0xfc, 0x7f, 0xf8, 0xff,
    0xf1, 0xff, 0xe3, 0xff, 0xc7, 0xff, 0x8f, 0xff,
    0x1f, 0xfe, 0x3f, 0xfc, 0x7f, 0xf8, 0xff, 0xf1,
    0xff, 0xe3, 0xff, 0xc7, 0xff, 0x8f, 0xff, 0x1f,
    0xfe, 0x3f, 0xfc, 0x7f, 0xf8, 0xff, 0xf1, 0xff,
    0xe3, 0xff, 0xc7, 0xff, 0x8f, 0xff, 0x1f, 0xfe,
    0x3f, 0xfc, 0x7f, 0xf8, 0xff, 0xf1, 0xff, 0xe3,
    0xff, 0xc7, 0xff, 0x8f, 0xff, 0x1f, 0xfe, 0x3f,
    0xfc, 0x7f, 0xf8, 0xff, 0xf1, 0xff, 0xe3, 0xff,
    0xc7, 0xff, 0x8f, 0xff, 0x1f, 0xfe, 0x3f, 0xfc,
    0x7f, 0xf8, 0xff, 0xf1, 0xff, 0xe3, 0xff, 0xc7,
    0xff, 0x8f, 0xff, 0x1f, 0xfe, 0x3f, 0xfc, 0x7f,
    0xf8, 0xff, 0xf1, 0xff, 0xe3, 0xff, 0xc7, 0xff,
    0x8f, 0xff, 0x1f, 0xfe, 0x3f, 0xfc, 0x7f, 0xf8,

    /* U+004A "J" */
    0xf, 0xfe, 0xa3, 0x5f, 0xc8, 0x7f, 0xf5, 0x2f,
    0xfe, 0x83, 0xff, 0xa9, 0x7f, 0xf4, 0x1f, 0xfd,
    0x4b, 0xff, 0xa0, 0xff, 0xea, 0x5f, 0xfd, 0x7,
    0xff, 0x52, 0xff, 0xe8, 0x3f, 0xfa, 0x97, 0xff,
    0x41, 0xff, 0xd4, 0xbf, 0xfa, 0xf, 0xfe, 0xa5,
    0xff, 0xd0, 0x7f, 0xf5, 0x2f, 0xfe, 0x83, 0xff,
    0xa9, 0x7f, 0xf4, 0x1f, 0xfd, 0x4b, 0xff, 0xa0,
    0xff, 0xea, 0x5f, 0xfd, 0x7, 0xff, 0x52, 0xff,
    0xe8, 0x3f, 0xfa, 0x97, 0xff, 0x41, 0xff, 0xd4,
    0xbf, 0xfa, 0xf, 0xfe, 0xa5, 0xff, 0xd0, 0x7f,
    0xf5, 0x2f, 0xfe, 0x83, 0xff, 0xa9, 0x7f, 0xf4,
    0x1f, 0xfd, 0x4b, 0xff, 0xa0, 0xff, 0xea, 0x5f,
    0xfd, 0x7, 0xff, 0x52, 0xff, 0xe8, 0x3f, 0xfa,
    0x97, 0xff, 0x41, 0xff, 0xd4, 0xbf, 0xfa, 0xf,
    0xfe, 0xa5, 0xff, 0xd0, 0x7f, 0xf5, 0x2f, 0xfe,
    0x83, 0xff, 0xa9, 0x7f, 0xf4, 0x1f, 0xfd, 0x4b,
    0xff, 0xa0, 0xff, 0xea, 0x5f, 0xfd, 0x7, 0xff,
    0x52, 0xff, 0xe8, 0x3f, 0xfa, 0x97, 0xff, 0x41,
    0xff, 0xd4, 0xbf, 0xfa, 0xf, 0xfe, 0xa5, 0xff,
    0xd0, 0x7f, 0xf5, 0x2f, 0xfe, 0x83, 0xff, 0xa9,
    0x7f, 0xf4, 0x1f, 0xfd, 0x4b, 0xff, 0xa0, 0xff,
    0xea, 0x5f, 0xfd, 0x7, 0xff, 0x52, 0xff, 0xe8,
    0x3f, 0xfa, 0x97, 0xff, 0x41, 0xff, 0xd4, 0xbf,
    0xfa, 0xf, 0xfe, 0xa5, 0xff, 0xd0, 0x7f, 0xf5,
    0x2f, 0xfe, 0x83, 0xff, 0xa9, 0x7f, 0xf4, 0x1f,
    0xfd, 0x4b, 0xff, 0xa0, 0xff, 0xea, 0x5f, 0xfd,
    0x35, 0xfc, 0x87, 0xff, 0x26, 0xff, 0xea, 0x7f,
    0xf4, 0x1f, 0xfc, 0x9f, 0xff, 0x53, 0xff, 0xa0,
    0xff, 0xe4, 0xff, 0xf9, 0xbf, 0xfa, 0xf, 0xfe,
    0x4f, 0xff, 0x9b, 0xff, 0xc1, 0xff, 0xc9, 0xff,
    0xf2, 0xbf, 0xfc, 0x1f, 0xfc, 0x9f, 0xff, 0x2b,
    0xff, 0xc1, 0xff, 0xc8, 0x7f, 0xfc, 0xf, 0xff,
    0x7, 0xff, 0x22, 0xff, 0xf0, 0x3f, 0xfc, 0x87,
    0xff, 0x1f, 0xff, 0xe0, 0x7f, 0xfc, 0x1f, 0xfc,
    0x7f, 0xff, 0x40, 0xbf, 0xfc, 0x87, 0xff, 0x17,
    0xff, 0xe4, 0xf, 0xff, 0xc1, 0xff, 0xc4, 0x7f,
    0xfe, 0xd, 0xff, 0xfc, 0x0, 0xff, 0xe1, 0x3f,
    0xff, 0xc0, 0xc, 0xff, 0xff, 0x1, 0xf, 0xfa,
    0xff, 0xfe, 0x2, 0x1d, 0xff, 0xfc, 0x29, 0xe,
    0x6f, 0xff, 0xe1, 0x7, 0x9f, 0xff, 0xeb, 0xa1,
    0xf7, 0xff, 0xf5, 0xc3, 0xfb, 0xff, 0xfa, 0xa1,
    0xff, 0x7f, 0xff, 0x4d, 0xf, 0xfe, 0x7, 0xff,
    0xf4, 0x50, 0xff, 0xe1, 0x5f, 0xff, 0xcd, 0x83,
    0xff, 0x8a, 0xff, 0xff, 0x2d, 0xf, 0xfe, 0x43,
    0x7f, 0xff, 0x16, 0xf, 0xfe, 0x73, 0x4f, 0xfd,
    0x44, 0x3f, 0xf8, 0x60,

    /* U+004B "K" */
    0x17, 0xf8, 0x3f, 0xfa, 0xcb, 0xff, 0x7, 0x9f,
    0xff, 0x7, 0xff, 0x4d, 0xff, 0xfe, 0x2, 0x1c,
    0xff, 0xf8, 0x3f, 0xfa, 0x4f, 0xff, 0xf0, 0x10,
    0xf3, 0xff, 0xe0, 0xff, 0xe8, 0xbf, 0xff, 0xc0,
    0x43, 0xe7, 0xff, 0xc1, 0xff, 0xd0, 0x7f, 0xff,
    0x80, 0x87, 0xe7, 0xff, 0xc1, 0xff, 0xcf, 0x7f,
    0xff, 0x80, 0x87, 0xf3, 0xff, 0xe0, 0xff, 0xe7,
    0x3f, 0xff, 0xc0, 0x43, 0xfc, 0xff, 0xf8, 0x3f,
    0xf9, 0xaf, 0xff, 0xf0, 0x10, 0xff, 0x9f, 0xff,
    0x7, 0xff, 0x31, 0xff, 0xfe, 0x2, 0x1f, 0xfc,
    0x7, 0xff, 0xc1, 0xff, 0xcb, 0x7f, 0xff, 0x80,
    0x87, 0xff, 0x5, 0xff, 0xf0, 0x7f, 0xf2, 0x9f,
    0xff, 0xe0, 0x21, 0xff, 0xc2, 0x7f, 0xfc, 0x1f,
    0xfc, 0x97, 0xff, 0xf8, 0x1, 0xff, 0xc4, 0x7f,
    0xfc, 0x1f, 0xfc, 0x87, 0xff, 0xf8, 0x1, 0xff,
    0xc5, 0x7f, 0xfc, 0x1f, 0xfc, 0x77, 0xff, 0xf8,
    0x1, 0xff, 0xc6, 0x7f, 0xfc, 0x1f, 0xfc, 0x67,
    0xff, 0xf8, 0x1, 0xff, 0xc7, 0x7f, 0xfc, 0x1f,
    0xfc, 0x57, 0xff, 0xf8, 0x1, 0xff, 0xc8, 0x7f,
    0xfc, 0x1f, 0xfc, 0x47, 0xff, 0xf8, 0x1, 0xff,
    0xc9, 0x7f, 0xfc, 0x1f, 0xfc, 0x37, 0xff, 0xf8,
    0x1, 0xff, 0xca, 0x7f, 0xfc, 0x1f, 0xfc, 0x27,
    0xff, 0xf8, 0x1, 0xff, 0xcb, 0x7f, 0xfc, 0x1f,
    0xfc, 0x17, 0xff, 0xf8, 0x1, 0xff, 0xcc, 0x7f,
    0xfc, 0x1f, 0xfc, 0x7, 0xff, 0xf8, 0x1, 0xff,
    0xcd, 0x7f, 0xfc, 0x1f, 0xf3, 0xff, 0xfc, 0x0,
    0xff, 0xe7, 0x3f, 0xfe, 0xf, 0xf3, 0xff, 0xfc,
    0x0, 0xff, 0xe7, 0xbf, 0xfe, 0xf, 0xe7, 0xff,
    0xf8, 0x1, 0xff, 0xd0, 0x7f, 0xfc, 0x1f, 0x9f,
    0xff, 0xe0, 0x7, 0xff, 0x45, 0xff, 0xf0, 0x7c,
    0xff, 0xff, 0x0, 0x3f, 0xfa, 0x4f, 0xff, 0x83,
    0xcf, 0xff, 0xd0, 0x7f, 0xf4, 0xdf, 0xff, 0x7,
    0x3f, 0xff, 0x41, 0xff, 0xd4, 0x7f, 0xfc, 0x19,
    0xff, 0xfa, 0xf, 0xfe, 0xab, 0xff, 0xe0, 0x9f,
    0xff, 0xe0, 0x7, 0xff, 0x59, 0xff, 0xf0, 0x1f,
    0xff, 0xe0, 0xa1, 0xff, 0xd5, 0x7f, 0xfc, 0x3f,
    0xff, 0xc3, 0xf, 0xfe, 0xab, 0xff, 0xe7, 0xff,
    0xf8, 0xa1, 0xff, 0xd4, 0x7f, 0xff, 0xa2, 0x1f,
    0xfd, 0x37, 0xff, 0xfa, 0x41, 0xff, 0xd2, 0x7f,
    0xff, 0xa5, 0x7, 0xff, 0x45, 0xff, 0xfe, 0x35,
    0xff, 0xfc, 0x8, 0x3f, 0xfa, 0xf, 0xff, 0xf1,
    0x51, 0xff, 0xfe, 0x2, 0x1f, 0xfc, 0xf7, 0xff,
    0xf8, 0x88, 0x57, 0xff, 0xf0, 0x10, 0xff, 0xe7,
    0x3f, 0xff, 0xc3, 0x43, 0xaf, 0xff, 0xe0, 0x21,
    0xff, 0xcd, 0x7f, 0xff, 0x84, 0x87, 0xdf, 0xff,
    0xc1, 0xf, 0xfe, 0x6b, 0xff, 0xfc, 0x14, 0x3f,
    0xbf, 0xff, 0x82, 0x1f, 0xfc, 0xc7, 0xff, 0xf8,
    0x1, 0xff, 0xc0, 0xff, 0xfe, 0x8, 0x7f, 0xf2,
    0xdf, 0xff, 0x83, 0xff, 0x82, 0xff, 0xff, 0x4,
    0x3f, 0xf9, 0x4f, 0xff, 0x83, 0xff, 0x86, 0xff,
    0xff, 0x2, 0xf, 0xfe, 0x4b, 0xff, 0xe0, 0xff,
    0xe2, 0x5f, 0xff, 0xc0, 0x83, 0xff, 0x90, 0xff,
    0xf8, 0x3f, 0xf8, 0xb7, 0xff, 0xf0, 0x10, 0xff,
    0xe3, 0xbf, 0xfe, 0xf, 0xfe, 0x37, 0xff, 0xf0,
    0x50, 0xff, 0xe3, 0x3f, 0xfe, 0xf, 0xfe, 0x3f,
    0xff, 0xf0, 0x50, 0xff, 0xe2, 0xbf, 0xfe, 0xf,
    0xfe, 0x47, 0xff, 0xf0, 0x43, 0xff, 0x8a, 0xff,
    0xf8, 0x3f, 0xf9, 0xf, 0xff, 0xf0, 0x43, 0xff,
    0x88, 0xff, 0xf8, 0x3f, 0xf9, 0x2f, 0xff, 0xf0,
    0x43, 0xff, 0x86, 0xff, 0xf8, 0x3f, 0xf9, 0x57,
    0xff, 0xf0, 0x43, 0xff, 0x84, 0xff, 0xf8, 0x3f,
    0xf9, 0x77, 0xff, 0xf0, 0x20, 0xff, 0xe0, 0xbf,
    0xfe, 0xf, 0xfe, 0x67, 0xff, 0xf0, 0x60, 0xff,
    0xe0, 0x3f, 0xfe, 0xf, 0xfe, 0x6f, 0xff, 0xf0,
    0x50, 0xff, 0x9f, 0xff, 0x7, 0xff, 0x3b, 0xff,
    0xf8, 0x28, 0x7f, 0x9f, 0xff, 0x7, 0xff, 0x3f,
    0xff, 0xf8, 0x28, 0x7f, 0x3f, 0xfe, 0xf, 0xfe,
    0x7b, 0xff, 0xfc, 0x10, 0xfe, 0x7f, 0xfc, 0x1f,
    0xfd, 0x7, 0xff, 0xf8, 0x21, 0xf9, 0xff, 0xf0,
    0x7f, 0xf4, 0x6f, 0xff, 0xe0, 0x87, 0xcf, 0xff,
    0x83, 0xff, 0xa5, 0xff, 0xfc, 0x18, 0x3c, 0xff,
    0xf8, 0x3f, 0xfa, 0x7f, 0xff, 0xc1, 0x83, 0x9f,
    0xff, 0x7, 0xff, 0x53, 0xff, 0xf8, 0x30, 0x67,
    0xff, 0xc1, 0xff, 0xd5, 0xff, 0xfe, 0xa, 0x13,
    0xff, 0xe0, 0xff, 0xea, 0xbf, 0xff, 0xc1, 0x40,
    0xff, 0xf8, 0x3f, 0xfa, 0xcf, 0xff, 0xf0, 0x40,
    0xff, 0xf8, 0x3f, 0xfa, 0xf7, 0xff, 0xf0, 0x40,

    /* U+004C "L" */
    0x2b, 0xf9, 0xf, 0xfe, 0xcb, 0xff, 0xd0, 0x7f,
    0xf6, 0x5f, 0xfe, 0x83, 0xff, 0xb2, 0xff, 0xf4,
    0x1f, 0xfd, 0x97, 0xff, 0xa0, 0xff, 0xec, 0xbf,
    0xfd, 0x7, 0xff, 0x65, 0xff, 0xe8, 0x3f, 0xfb,
    0x2f, 0xff, 0x41, 0xff, 0xd9, 0x7f, 0xfa, 0xf,
    0xfe, 0xcb, 0xff, 0xd0, 0x7f, 0xf6, 0x5f, 0xfe,
    0x83, 0xff, 0xb2, 0xff, 0xf4, 0x1f, 0xfd, 0x97,
    0xff, 0xa0, 0xff, 0xec, 0xbf, 0xfd, 0x7, 0xff,
    0x65, 0xff, 0xe8, 0x3f, 0xfb, 0x2f, 0xff, 0x41,
    0xff, 0xd9, 0x7f, 0xfa, 0xf, 0xfe, 0xcb, 0xff,
    0xd0, 0x7f, 0xf6, 0x5f, 0xfe, 0x83, 0xff, 0xb2,
    0xff, 0xf4, 0x1f, 0xfd, 0x97, 0xff, 0xa0, 0xff,
    0xec, 0xbf, 0xfd, 0x7, 0xff, 0x65, 0xff, 0xe8,
    0x3f, 0xfb, 0x2f, 0xff, 0x41, 0xff, 0xd9, 0x7f,
    0xfa, 0xf, 0xfe, 0xcb, 0xff, 0xd0, 0x7f, 0xf6,
    0x5f, 0xfe, 0x83, 0xff, 0xb2, 0xff, 0xf4, 0x1f,
    0xfd, 0x97, 0xff, 0xa0, 0xff, 0xec, 0xbf, 0xfd,
    0x7, 0xff, 0x65, 0xff, 0xe8, 0x3f, 0xfb, 0x2f,
    0xff, 0x41, 0xff, 0xd9, 0x7f, 0xfa, 0xf, 0xfe,
    0xcb, 0xff, 0xd0, 0x7f, 0xf6, 0x5f, 0xfe, 0x83,
    0xff, 0xb2, 0xff, 0xf4, 0x1f, 0xfd, 0x97, 0xff,
    0xa0, 0xff, 0xec, 0xbf, 0xfd, 0x7, 0xff, 0x65,
    0xff, 0xe8, 0x3f, 0xfb, 0x2f, 0xff, 0x41, 0xff,
    0xd9, 0x7f, 0xfa, 0xf, 0xfe, 0xcb, 0xff, 0xd0,
    0x7f, 0xf6, 0x5f, 0xfe, 0x83, 0xff, 0xb2, 0xff,
    0xf4, 0x1f, 0xfd, 0x97, 0xff, 0xa0, 0xff, 0xec,
    0xbf, 0xfd, 0x7, 0xff, 0x65, 0xff, 0xe8, 0x3f,
    0xfb, 0x2f, 0xff, 0x41, 0xff, 0xd9, 0x7f, 0xfa,
    0xf, 0xfe, 0xcb, 0xff, 0xd0, 0x7f, 0xf6, 0x5f,
    0xfe, 0x83, 0xff, 0xb2, 0xff, 0xf4, 0x1f, 0xfd,
    0x97, 0xff, 0xa0, 0xff, 0xec, 0xbf, 0xfd, 0x7,
    0xff, 0x65, 0xff, 0xe8, 0x3f, 0xfb, 0x2f, 0xff,
    0x41, 0xff, 0xd9, 0x7f, 0xfa, 0xf, 0xfe, 0xcb,
    0xff, 0xd0, 0x7f, 0xf6, 0x5f, 0xfe, 0x83, 0xff,
    0xb2, 0xff, 0xff, 0x8a, 0x7f, 0xff, 0xc5, 0x3f,
    0xff, 0xe2, 0x9f, 0xff, 0xf1, 0x4f, 0xff, 0xf8,
    0xa7, 0xff, 0xfc, 0x53, 0xff, 0xfe, 0x29, 0xff,
    0xff, 0x14, 0xff, 0xff, 0x8a,

    /* U+004D "M" */
    0x17, 0xfe, 0xf, 0xff, 0x22, 0xff, 0xc3, 0xff,
    0xfc, 0x0, 0xff, 0xf1, 0x5f, 0xff, 0xc0, 0x7f,
    0xff, 0x80, 0x87, 0xff, 0x87, 0xff, 0xf8, 0x2f,
    0xff, 0xf0, 0x43, 0xff, 0xc0, 0xff, 0xff, 0x5,
    0xff, 0xfe, 0xa, 0x1f, 0xfd, 0xff, 0xff, 0xe1,
    0x3f, 0xff, 0xc2, 0xf, 0xfe, 0xf3, 0xff, 0xfc,
    0x27, 0xff, 0xf8, 0x41, 0xff, 0xde, 0xff, 0xfe,
    0x1b, 0xff, 0xfc, 0x28, 0x3f, 0xfb, 0xbf, 0xff,
    0xc3, 0x7f, 0xff, 0x86, 0x1f, 0xfd, 0xcb, 0xff,
    0xf8, 0x6f, 0xff, 0xf0, 0xe0, 0xff, 0xed, 0xff,
    0xff, 0x11, 0xff, 0xfe, 0x20, 0x7f, 0xf6, 0xaf,
    0xff, 0xe2, 0x3f, 0xff, 0xc4, 0x43, 0xff, 0xb3,
    0xff, 0xfc, 0x57, 0xff, 0xf8, 0xa1, 0xff, 0xd8,
    0x7f, 0xff, 0x8a, 0xff, 0xff, 0x14, 0x3f, 0xfb,
    0x1f, 0xff, 0xc6, 0x7f, 0xff, 0x8b, 0x7, 0xff,
    0x5f, 0xff, 0xf8, 0xcf, 0xff, 0xf1, 0x83, 0xff,
    0xad, 0x7f, 0xff, 0x19, 0xff, 0xfe, 0x34, 0x1f,
    0xfd, 0x5f, 0xff, 0xe3, 0xbf, 0xff, 0xc7, 0xf,
    0xfe, 0xa5, 0xff, 0xfc, 0x77, 0xff, 0xf8, 0xe8,
    0x7f, 0xf4, 0xff, 0xff, 0x90, 0xff, 0xff, 0x20,
    0x3f, 0xfa, 0x4f, 0xff, 0xf2, 0x1f, 0xff, 0x5f,
    0xfc, 0x87, 0xff, 0x47, 0xff, 0xcf, 0xff, 0x9f,
    0xff, 0x1f, 0xfd, 0x7, 0xff, 0x41, 0xff, 0xe9,
    0xff, 0xf3, 0xff, 0xe2, 0xff, 0xe0, 0xff, 0xe8,
    0x5f, 0xfc, 0x3f, 0xfe, 0x7f, 0xfc, 0x3f, 0xfd,
    0x7, 0xff, 0x3f, 0xff, 0xa1, 0xff, 0xf3, 0xff,
    0xe0, 0x7f, 0xf8, 0x3f, 0xf9, 0xd7, 0xff, 0x23,
    0xff, 0xe7, 0xff, 0xc0, 0x7f, 0xf9, 0xf, 0xfe,
    0x6f, 0xff, 0x80, 0xff, 0xf9, 0xff, 0xf0, 0x5f,
    0xfe, 0xf, 0xfe, 0x63, 0xff, 0xc8, 0x1f, 0xff,
    0x3f, 0xfe, 0xa, 0xff, 0xe4, 0x3f, 0xf9, 0x7f,
    0xfe, 0x9, 0xff, 0xf3, 0xff, 0xe0, 0xdf, 0xfe,
    0xf, 0xfe, 0x53, 0xff, 0xd0, 0x4f, 0xff, 0x9f,
    0xff, 0x6, 0xbf, 0xf8, 0x3f, 0xf9, 0x57, 0xff,
    0x6, 0x7f, 0xfc, 0xff, 0xf8, 0x33, 0xff, 0xd0,
    0x7f, 0xf2, 0x7f, 0xfa, 0xc, 0xff, 0xf9, 0xff,
    0xf0, 0x77, 0xff, 0x83, 0xff, 0x91, 0x7f, 0xf2,
    0x19, 0xff, 0xf3, 0xff, 0xe0, 0xe7, 0xff, 0x90,
    0xff, 0xe3, 0xff, 0xf8, 0x39, 0xff, 0xf3, 0xff,
    0xe0, 0xf7, 0xff, 0x83, 0xff, 0x8c, 0xff, 0xf2,
    0x1c, 0xff, 0xf9, 0xff, 0xf0, 0x7a, 0xff, 0xe4,
    0x3f, 0xf8, 0xbf, 0xfe, 0xf, 0x3f, 0xfe, 0x7f,
    0xfc, 0x1f, 0x7f, 0xf8, 0x3f, 0xf8, 0x8f, 0xff,
    0x41, 0xe7, 0xff, 0xcf, 0xff, 0x83, 0xeb, 0xff,
    0x83, 0xff, 0x89, 0xff, 0xe0, 0xf9, 0xff, 0xf3,
    0xff, 0xe0, 0xf9, 0xff, 0xe8, 0x3f, 0xf8, 0x7f,
    0xfd, 0x7, 0xcf, 0xff, 0x9f, 0xff, 0x7, 0xef,
    0xff, 0x7, 0xff, 0xa, 0xff, 0xe4, 0x3e, 0x7f,
    0xfc, 0xff, 0xf8, 0x3f, 0x3f, 0xfd, 0x7, 0xff,
    0x7, 0xff, 0xc1, 0xf9, 0xff, 0xf3, 0xff, 0xe0,
    0xfe, 0xff, 0xf0, 0x7f, 0xf0, 0x1f, 0xfe, 0x43,
    0xf3, 0xff, 0xe7, 0xff, 0xc1, 0xfd, 0x7f, 0xf2,
    0x1f, 0xf7, 0xff, 0x83, 0xf9, 0xff, 0xf3, 0xff,
    0xe0, 0xff, 0x7f, 0xf8, 0x3f, 0xcf, 0xff, 0x41,
    0xfc, 0xff, 0xf9, 0xff, 0xf0, 0x7f, 0xaf, 0xfe,
    0x43, 0xfb, 0xff, 0xc1, 0xfe, 0x7f, 0xfc, 0xff,
    0xf8, 0x3f, 0xcf, 0xff, 0x41, 0xfd, 0xff, 0xd0,
    0x7f, 0x9f, 0xff, 0x3f, 0xfe, 0xf, 0xfb, 0xff,
    0xc1, 0xfa, 0xff, 0xe4, 0x3f, 0xcf, 0xff, 0x9f,
    0xff, 0x7, 0xfc, 0xff, 0xf4, 0x1f, 0x7f, 0xf8,
    0x3f, 0xe7, 0xff, 0xcf, 0xff, 0x83, 0xff, 0x81,
    0xff, 0xe0, 0xf5, 0xff, 0xc8, 0x7f, 0xcf, 0xff,
    0x9f, 0xff, 0x7, 0xff, 0x2, 0xff, 0xe4, 0x3b,
    0xff, 0xc1, 0xff, 0xc0, 0x7f, 0xfc, 0xff, 0xf8,
    0x3f, 0xf8, 0x3f, 0xfe, 0xc, 0xff, 0xf4, 0x1f,
    0xfc, 0x7, 0xff, 0xcf, 0xff, 0x83, 0xff, 0x83,
    0x7f, 0xf2, 0x17, 0xff, 0x83, 0xff, 0x82, 0xff,
    0xf9, 0xff, 0xf0, 0x7f, 0xf0, 0x5f, 0xff, 0x1,
    0xff, 0xe8, 0x3f, 0xf8, 0x2f, 0xff, 0x9f, 0xff,
    0x7, 0xff, 0xb, 0xff, 0xc0, 0xbf, 0xf9, 0xf,
    0xfe, 0xb, 0xff, 0xe7, 0xff, 0xc1, 0xff, 0xc2,
    0x7f, 0xfa, 0x3f, 0xfc, 0x1f, 0xfc, 0x27, 0xff,
    0xcf, 0xff, 0x83, 0xff, 0x87, 0xff, 0xeb, 0xff,
    0x90, 0xff, 0xe1, 0x3f, 0xfe, 0x7f, 0xfc, 0x1f,
    0xfc, 0x3b, 0xff, 0xf8, 0xe1, 0xff, 0xc3, 0x7f,
    0xfc, 0xff, 0xf8, 0x3f, 0xf8, 0x9f, 0xff, 0xc6,
    0x83, 0xff, 0x86, 0xff, 0xf9, 0xff, 0xf0, 0x7f,
    0xf1, 0x2f, 0xff, 0xe2, 0x87, 0xff, 0x11, 0xff,
    0xf3, 0xff, 0xe0, 0xff, 0xe2, 0x3f, 0xff, 0xc4,
    0x83, 0xff, 0x88, 0xff, 0xf9, 0xff, 0xf0, 0x7f,
    0xf1, 0x7f, 0xff, 0x88, 0x87, 0xff, 0x11, 0xff,
    0xf3, 0xff, 0xe0, 0xff, 0xe2, 0xbf, 0xff, 0xc3,
    0xf, 0xfe, 0x2b, 0xff, 0xe7, 0xff, 0xc1, 0xff,
    0xc6, 0xff, 0xfe, 0x12, 0x1f, 0xfc, 0x57, 0xff,
    0xcf, 0xff, 0x83, 0xff, 0x8d, 0x7f, 0xff, 0x4,
    0x3f, 0xf8, 0xcf, 0xff, 0x9f, 0xff, 0x7, 0xff,
    0x1f, 0xff, 0xf8, 0x10, 0x7f, 0xf1, 0x9f, 0xff,
    0x3f, 0xfe, 0xf, 0xfe, 0x3d, 0xff, 0xf0, 0x7f,
    0xf1, 0xdf, 0xff, 0x3f, 0xfe, 0xf, 0xfe, 0x3b,
    0xff, 0xe8, 0x3f, 0xf8, 0xef, 0xff, 0x9f, 0xff,
    0x7, 0xff, 0x23, 0xff, 0xc8, 0x7f, 0xf1, 0xdf,
    0xff, 0x3f, 0xfe, 0xf, 0xfe, 0x43, 0xff, 0xc1,
    0xff, 0xc8, 0x7f, 0xfc,

    /* U+004E "N" */
    0x17, 0xf8, 0x3f, 0xfb, 0xb, 0xfc, 0x3f, 0xfe,
    0x43, 0xff, 0xaa, 0xff, 0xf9, 0xff, 0xf8, 0x3f,
    0xfa, 0xaf, 0xff, 0x9f, 0xff, 0xe0, 0x7, 0xff,
    0x51, 0xff, 0xf3, 0xff, 0xfc, 0x4, 0x3f, 0xfa,
    0x6f, 0xff, 0x9f, 0xff, 0xe0, 0x87, 0xff, 0x4d,
    0xff, 0xf3, 0xff, 0xfc, 0x20, 0xff, 0xe9, 0x3f,
    0xfe, 0x7f, 0xff, 0x85, 0x7, 0xff, 0x45, 0xff,
    0xf3, 0xff, 0xfc, 0x30, 0xff, 0xe8, 0xbf, 0xfe,
    0x7f, 0xff, 0x88, 0x1f, 0xfd, 0x7, 0xff, 0xcf,
    0xff, 0xf1, 0x20, 0xff, 0xe7, 0xbf, 0xfe, 0x7f,
    0xff, 0x8a, 0x87, 0xff, 0x39, 0xff, 0xf3, 0xff,
    0xfc, 0x60, 0xff, 0xe7, 0x3f, 0xfe, 0x7f, 0xff,
    0x8d, 0x7, 0xff, 0x35, 0xff, 0xf3, 0xff, 0xfc,
    0x74, 0x3f, 0xf9, 0x8f, 0xff, 0x9f, 0xff, 0xe4,
    0x7, 0xff, 0x31, 0xff, 0xf3, 0xff, 0xfc, 0x88,
    0x3f, 0xf9, 0x6f, 0xff, 0x9f, 0xff, 0xe4, 0xa1,
    0xff, 0xca, 0x7f, 0xfc, 0xff, 0xf8, 0xff, 0xf8,
    0x3f, 0xf9, 0x4f, 0xff, 0x9f, 0xff, 0xf, 0xff,
    0xc1, 0xff, 0xc9, 0x7f, 0xfc, 0xff, 0xf8, 0x17,
    0xff, 0x90, 0xff, 0xe4, 0x3f, 0xfe, 0x7f, 0xfc,
    0x17, 0xff, 0xc1, 0xff, 0xc8, 0x7f, 0xfc, 0xff,
    0xf8, 0x27, 0xff, 0xe0, 0xff, 0xe3, 0xbf, 0xfe,
    0x7f, 0xfc, 0x1a, 0xff, 0xf4, 0x1f, 0xfc, 0x67,
    0xff, 0xcf, 0xff, 0x83, 0xbf, 0xfe, 0xf, 0xfe,
    0x33, 0xff, 0xe7, 0xff, 0xc1, 0xcf, 0xff, 0xc1,
    0xff, 0xc5, 0x7f, 0xfc, 0xff, 0xf8, 0x3d, 0x7f,
    0xfa, 0xf, 0xfe, 0x23, 0xff, 0xe7, 0xff, 0xc1,
    0xf7, 0xff, 0xc8, 0x7f, 0xf0, 0xdf, 0xff, 0x3f,
    0xfe, 0xf, 0xdf, 0xff, 0x7, 0xff, 0xd, 0xff,
    0xf3, 0xff, 0xe0, 0xfd, 0x7f, 0xfa, 0xf, 0xfe,
    0x13, 0xff, 0xe7, 0xff, 0xc1, 0xfd, 0xff, 0xf2,
    0x1f, 0xfc, 0x17, 0xff, 0xcf, 0xff, 0x83, 0xfd,
    0xff, 0xf0, 0x7f, 0xf0, 0x5f, 0xff, 0x3f, 0xfe,
    0xf, 0xf3, 0xff, 0xe8, 0x3f, 0xf8, 0xf, 0xff,
    0x9f, 0xff, 0x7, 0xfd, 0xff, 0xf2, 0x1f, 0xf3,
    0xff, 0xe7, 0xff, 0xc1, 0xff, 0xc0, 0xff, 0xf8,
    0x3f, 0xe7, 0xff, 0xcf, 0xff, 0x83, 0xff, 0x80,
    0xff, 0xfc, 0x1f, 0xe7, 0xff, 0xcf, 0xff, 0x83,
    0xff, 0x83, 0x7f, 0xf9, 0xf, 0xe7, 0xff, 0xcf,
    0xff, 0x83, 0xff, 0x85, 0xff, 0xf0, 0x7f, 0x3f,
    0xfe, 0x7f, 0xfc, 0x1f, 0xfc, 0x27, 0xff, 0xe0,
    0xfc, 0xff, 0xf9, 0xff, 0xf0, 0x7f, 0xf0, 0xef,
    0xff, 0x41, 0xf3, 0xff, 0xe7, 0xff, 0xc1, 0xff,
    0xc4, 0xff, 0xf8, 0x3e, 0x7f, 0xfc, 0xff, 0xf8,
    0x3f, 0xf8, 0x8f, 0xff, 0xc1, 0xe7, 0xff, 0xcf,
    0xff, 0x83, 0xff, 0x8b, 0x7f, 0xfa, 0xe, 0x7f,
    0xfc, 0xff, 0xf8, 0x3f, 0xf8, 0xdf, 0xff, 0x21,
    0x9f, 0xff, 0x3f, 0xfe, 0xf, 0xfe, 0x3f, 0xff,
    0xc1, 0x9f, 0xff, 0x3f, 0xfe, 0xf, 0xfe, 0x3d,
    0xff, 0xe8, 0x27, 0xff, 0xcf, 0xff, 0x83, 0xff,
    0x91, 0xff, 0xf2, 0x7, 0xff, 0xcf, 0xff, 0x83,
    0xff, 0x93, 0xff, 0xf0, 0x1f, 0xff, 0x3f, 0xfe,
    0xf, 0xfe, 0x4b, 0xff, 0xe8, 0x7f, 0xfc, 0xff,
    0xf8, 0x3f, 0xf9, 0x5f, 0xff, 0x2b, 0xff, 0xcf,
    0xff, 0x83, 0xff, 0x97, 0xff, 0xf5, 0xff, 0xe7,
    0xff, 0xc1, 0xff, 0xcb, 0x7f, 0xff, 0x92, 0xff,
    0xf8, 0x3f, 0xf9, 0x97, 0xff, 0xf2, 0x1f, 0xff,
    0x7, 0xff, 0x37, 0xff, 0xf9, 0xf, 0xff, 0x83,
    0xff, 0x9a, 0xff, 0xff, 0x1d, 0xff, 0xf0, 0x7f,
    0xf3, 0xaf, 0xff, 0xe3, 0x3f, 0xfe, 0xf, 0xfe,
    0x7f, 0xff, 0xf1, 0x9f, 0xff, 0x7, 0xff, 0x3d,
    0xff, 0xfe, 0x2b, 0xff, 0xe0, 0xff, 0xe8, 0x5f,
    0xff, 0xc4, 0x7f, 0xfc, 0x1f, 0xfd, 0x1f, 0xff,
    0xe2, 0x3f, 0xfe, 0xf, 0xfe, 0x8b, 0xff, 0xfc,
    0x37, 0xff, 0xc1, 0xff, 0xd2, 0xbf, 0xff, 0x84,
    0xff, 0xf8, 0x3f, 0xfa, 0x7f, 0xff, 0xc2, 0x7f,
    0xfc, 0x1f, 0xfd, 0x4f, 0xff, 0xe0, 0xbf, 0xfe,
    0xf, 0xfe, 0xa5, 0xff, 0xfc, 0x7, 0xff, 0xc1,
    0xff, 0xd5, 0xff, 0xfe, 0x3, 0xff, 0xe0, 0xff,
    0xeb, 0x7f, 0xfc, 0xff, 0xf8, 0x3f, 0xfa, 0xcf,
    0xff, 0x80,

    /* U+004F "O" */
    0xf, 0xfe, 0x6a, 0xa9, 0xff, 0xd4, 0x43, 0xff,
    0xc7, 0x7f, 0xff, 0x22, 0x43, 0xff, 0xb8, 0xff,
    0xff, 0x3a, 0x43, 0xff, 0xaf, 0x7f, 0xff, 0x4d,
    0xf, 0xfe, 0x9b, 0xff, 0xfd, 0x68, 0x3f, 0xfa,
    0x37, 0xff, 0xf6, 0x50, 0xff, 0xe7, 0x7f, 0xff,
    0x72, 0xf, 0xfe, 0x5b, 0xff, 0xfd, 0xf0, 0xff,
    0xe4, 0xbf, 0xff, 0xe1, 0xf, 0xfe, 0x3b, 0xff,
    0xfc, 0x59, 0x41, 0xf3, 0x7f, 0xff, 0x18, 0x3f,
    0xf8, 0xdf, 0xff, 0xc3, 0x83, 0xff, 0x88, 0xdf,
    0xff, 0xc3, 0xf, 0xfe, 0x27, 0xff, 0xf0, 0x90,
    0xff, 0xe4, 0xdf, 0xff, 0xc1, 0x83, 0xff, 0x85,
    0xff, 0xfc, 0x18, 0x3f, 0xf9, 0xbf, 0xff, 0xc1,
    0x43, 0xff, 0x80, 0xff, 0xff, 0x1, 0xf, 0xfe,
    0x7d, 0xff, 0xfc, 0x0, 0xff, 0xe0, 0x7f, 0xff,
    0x1, 0xf, 0xfe, 0x8d, 0xff, 0xf4, 0x1f, 0xeb,
    0xff, 0xe4, 0x3f, 0xfa, 0x77, 0xff, 0xc8, 0x7f,
    0x7f, 0xfd, 0x7, 0xff, 0x57, 0xff, 0xf8, 0x1,
    0xfa, 0xff, 0xf8, 0x3f, 0xfa, 0xff, 0xff, 0x21,
    0xf7, 0xff, 0xc1, 0xff, 0xd8, 0x7f, 0xfe, 0xf,
    0x5f, 0xfe, 0x83, 0xff, 0xb3, 0xff, 0xf0, 0x7b,
    0xff, 0xe0, 0xff, 0xed, 0x3f, 0xfe, 0x83, 0x3f,
    0xfe, 0x83, 0xff, 0xb7, 0xff, 0xf0, 0x6b, 0xff,
    0xc1, 0xff, 0xdc, 0xbf, 0xfc, 0x1b, 0xff, 0xd0,
    0x7f, 0xf7, 0x7f, 0xfd, 0x5, 0xff, 0xe4, 0x3f,
    0xfb, 0xbf, 0xff, 0x1, 0xff, 0xf0, 0x7f, 0xf7,
    0xaf, 0xff, 0x1, 0xff, 0xf0, 0x7f, 0xf7, 0x9f,
    0xff, 0x2, 0xff, 0xe8, 0x3f, 0xfb, 0xff, 0xfe,
    0x4f, 0xff, 0x41, 0xff, 0xdf, 0xff, 0xf2, 0x7f,
    0xf9, 0xf, 0xfe, 0xff, 0xff, 0xa3, 0xff, 0xc1,
    0xff, 0xe0, 0xbf, 0xfa, 0x3f, 0xfc, 0x1f, 0xfe,
    0xb, 0xff, 0xc7, 0xff, 0x83, 0xff, 0xc1, 0x7f,
    0xf8, 0xff, 0xf0, 0x7f, 0xf8, 0x1f, 0xff, 0x1f,
    0xfe, 0xf, 0xff, 0x3, 0xff, 0xe3, 0xff, 0xc1,
    0xff, 0xe0, 0x7f, 0xfc, 0x7f, 0xf8, 0x3f, 0xfc,
    0xf, 0xff, 0x8f, 0xff, 0x7, 0xff, 0x82, 0xff,
    0xf1, 0xff, 0xe0, 0xff, 0xf0, 0x5f, 0xfe, 0x3f,
    0xfc, 0x1f, 0xfe, 0xb, 0xff, 0xa3, 0xff, 0xc8,
    0x7f, 0xf7, 0xff, 0xfd, 0x1f, 0xfe, 0x43, 0xff,
    0xbf, 0xff, 0xe4, 0xbf, 0xfa, 0xf, 0xfe, 0xff,
    0xff, 0x92, 0xff, 0xf0, 0x7f, 0xf7, 0x9f, 0xff,
    0x1, 0xff, 0xf0, 0x7f, 0xf7, 0xaf, 0xff, 0x5,
    0xff, 0xe4, 0x3f, 0xfb, 0xbf, 0xff, 0x5, 0xff,
    0xe8, 0x3f, 0xfb, 0xbf, 0xfe, 0x82, 0xbf, 0xfc,
    0x1f, 0xfd, 0xc7, 0xff, 0xc1, 0x9f, 0xff, 0x21,
    0xff, 0xdb, 0xff, 0xf8, 0x3b, 0xff, 0xe0, 0xff,
    0xed, 0x3f, 0xfe, 0x83, 0xaf, 0xff, 0x21, 0xff,
    0xd9, 0xff, 0xf8, 0x3e, 0xff, 0xf8, 0x3f, 0xfb,
    0xf, 0xff, 0xc1, 0xf5, 0xff, 0xe8, 0x3f, 0xfa,
    0xff, 0xff, 0x21, 0xfb, 0xff, 0xe4, 0x3f, 0xfa,
    0xbf, 0xff, 0xc0, 0xf, 0xeb, 0xff, 0xe4, 0x3f,
    0xfa, 0x77, 0xff, 0xc8, 0x7f, 0xbf, 0xff, 0x80,
    0x87, 0xff, 0x46, 0xff, 0xfe, 0x0, 0x7f, 0xcf,
    0xff, 0xf0, 0x10, 0xff, 0xe7, 0xdf, 0xff, 0xc0,
    0xf, 0xfe, 0xf, 0xff, 0xf0, 0x60, 0xff, 0xe6,
    0xff, 0xff, 0x5, 0xf, 0xfe, 0x17, 0xff, 0xf0,
    0x90, 0xff, 0xe4, 0xdf, 0xff, 0xc1, 0x83, 0xff,
    0x86, 0xff, 0xff, 0xe, 0xf, 0xfe, 0x23, 0x7f,
    0xff, 0xc, 0x3f, 0xf8, 0xaf, 0xff, 0xf1, 0x65,
    0x7, 0xcd, 0x3f, 0xff, 0x8a, 0x1f, 0xfc, 0x77,
    0xff, 0xfc, 0x21, 0xff, 0xc9, 0x7f, 0xff, 0xbe,
    0x1f, 0xfc, 0xcf, 0xff, 0xee, 0x41, 0xff, 0xce,
    0xbf, 0xff, 0xb2, 0x87, 0xff, 0x41, 0xff, 0xfe,
    0xb8, 0x7f, 0xf5, 0x1f, 0xff, 0xe9, 0xa1, 0xff,
    0xd7, 0x7f, 0xff, 0x9d, 0x21, 0xff, 0xdc, 0xbf,
    0xff, 0x91, 0x21, 0xff, 0xe2, 0x55, 0x3f, 0xfa,
    0x88, 0x7f, 0xf3, 0x40,

    /* U+0050 "P" */
    0x7f, 0xff, 0xa9, 0x45, 0x7, 0xff, 0x11, 0xff,
    0xfe, 0xd4, 0x1f, 0xfc, 0x17, 0xff, 0xfb, 0xa8,
    0x7f, 0x9f, 0xff, 0xef, 0xa1, 0xf9, 0xff, 0xff,
    0x4, 0x1f, 0x3f, 0xff, 0xe1, 0x83, 0xcf, 0xff,
    0xf8, 0xc3, 0x9f, 0xff, 0xf1, 0xc1, 0x9f, 0xff,
    0xf2, 0x21, 0x3f, 0xfe, 0xf, 0xfe, 0x53, 0x7f,
    0xff, 0xc, 0x27, 0xff, 0xc1, 0xff, 0xcd, 0x7f,
    0xff, 0x82, 0x81, 0xff, 0xf0, 0x7f, 0xf3, 0xef,
    0xff, 0xe0, 0x1, 0xff, 0xf0, 0x7f, 0xf4, 0x1f,
    0xff, 0x80, 0xff, 0xf8, 0x3f, 0xfa, 0x37, 0xff,
    0xa1, 0xff, 0xf0, 0x7f, 0xf4, 0xbf, 0xfe, 0x1f,
    0xff, 0x7, 0xff, 0x4a, 0xff, 0xf0, 0xff, 0xf8,
    0x3f, 0xfa, 0x4f, 0xff, 0x87, 0xff, 0xc1, 0xff,
    0xd3, 0xff, 0xf0, 0xff, 0xf8, 0x3f, 0xfa, 0x7f,
    0xfe, 0x57, 0xff, 0x83, 0xff, 0xa7, 0xff, 0xe5,
    0x7f, 0xf8, 0x3f, 0xfa, 0x7f, 0xfe, 0x57, 0xff,
    0x83, 0xff, 0xa7, 0xff, 0xe5, 0x7f, 0xf8, 0x3f,
    0xfa, 0x7f, 0xfe, 0x57, 0xff, 0x83, 0xff, 0xa7,
    0xff, 0xe1, 0xff, 0xf0, 0x7f, 0xf4, 0x9f, 0xff,
    0xf, 0xff, 0x83, 0xff, 0xa5, 0x7f, 0xf8, 0x7f,
    0xfc, 0x1f, 0xfd, 0x2f, 0xff, 0x43, 0xff, 0xe0,
    0xff, 0xe8, 0xdf, 0xfe, 0x47, 0xff, 0xc1, 0xff,
    0xd0, 0xbf, 0xfe, 0x3, 0xff, 0xe0, 0xff, 0xe7,
    0xbf, 0xff, 0xc0, 0x3, 0xff, 0xe0, 0xff, 0xe6,
    0xbf, 0xff, 0xc1, 0x40, 0xff, 0xf8, 0x3f, 0xf9,
    0x4d, 0xff, 0xfc, 0x30, 0x9f, 0xff, 0xf2, 0x21,
    0x3f, 0xff, 0xe3, 0x83, 0x3f, 0xff, 0xe2, 0x83,
    0x9f, 0xff, 0xf0, 0xc1, 0xe7, 0xff, 0xfc, 0x8,
    0x7c, 0xff, 0xff, 0x7c, 0x3f, 0x9f, 0xff, 0xee,
    0xa1, 0xfe, 0x7f, 0xff, 0xb4, 0x87, 0xff, 0x5,
    0xff, 0xfe, 0xa5, 0x14, 0x1f, 0xfc, 0x47, 0xff,
    0xc1, 0xff, 0xde, 0x7f, 0xfc, 0x1f, 0xfd, 0xe7,
    0xff, 0xc1, 0xff, 0xde, 0x7f, 0xfc, 0x1f, 0xfd,
    0xe7, 0xff, 0xc1, 0xff, 0xde, 0x7f, 0xfc, 0x1f,
    0xfd, 0xe7, 0xff, 0xc1, 0xff, 0xde, 0x7f, 0xfc,
    0x1f, 0xfd, 0xe7, 0xff, 0xc1, 0xff, 0xde, 0x7f,
    0xfc, 0x1f, 0xfd, 0xe7, 0xff, 0xc1, 0xff, 0xde,
    0x7f, 0xfc, 0x1f, 0xfd, 0xe7, 0xff, 0xc1, 0xff,
    0xde, 0x7f, 0xfc, 0x1f, 0xfd, 0xe7, 0xff, 0xc1,
    0xff, 0xde, 0x7f, 0xfc, 0x1f, 0xfd, 0xe7, 0xff,
    0xc1, 0xff, 0xde, 0x7f, 0xfc, 0x1f, 0xfd, 0xe7,
    0xff, 0xc1, 0xff, 0xde, 0x7f, 0xfc, 0x1f, 0xfd,
    0xe7, 0xff, 0xc1, 0xff, 0xde, 0x7f, 0xfc, 0x1f,
    0xfd, 0xe7, 0xff, 0xc1, 0xff, 0xde, 0x7f, 0xfc,
    0x1f, 0xfd, 0xe7, 0xff, 0xc1, 0xff, 0xde, 0x7f,
    0xfc, 0x1f, 0xfd, 0xe0,

    /* U+0051 "Q" */
    0xf, 0xfe, 0x6a, 0xa9, 0xff, 0xd4, 0x43, 0xff,
    0xc7, 0x7f, 0xff, 0x22, 0x43, 0xff, 0xb8, 0xff,
    0xff, 0x3a, 0x43, 0xff, 0xaf, 0x7f, 0xff, 0x4d,
    0xf, 0xfe, 0x9b, 0xff, 0xfd, 0x68, 0x3f, 0xfa,
    0x37, 0xff, 0xf6, 0x50, 0xff, 0xe7, 0x7f, 0xff,
    0x72, 0xf, 0xfe, 0x5b, 0xff, 0xfd, 0xf0, 0xff,
    0xe4, 0xbf, 0xff, 0xe1, 0xf, 0xfe, 0x3b, 0xff,
    0xfc, 0x59, 0x41, 0xf3, 0x7f, 0xff, 0x18, 0x3f,
    0xf8, 0xdf, 0xff, 0xc3, 0x83, 0xff, 0x88, 0xdf,
    0xff, 0xc3, 0xf, 0xfe, 0x27, 0xff, 0xf0, 0x90,
    0xff, 0xe4, 0xdf, 0xff, 0xc1, 0x83, 0xff, 0x85,
    0xff, 0xfc, 0x18, 0x3f, 0xf9, 0xbf, 0xff, 0xc1,
    0x43, 0xff, 0x80, 0xff, 0xff, 0x1, 0xf, 0xfe,
    0x7d, 0xff, 0xfc, 0x0, 0xff, 0xe0, 0x7f, 0xff,
    0x1, 0xf, 0xfe, 0x8d, 0xff, 0xf4, 0x1f, 0xeb,
    0xff, 0xe4, 0x3f, 0xfa, 0x77, 0xff, 0xc8, 0x7f,
    0x7f, 0xfd, 0x7, 0xff, 0x57, 0xff, 0xf8, 0x1,
    0xfa, 0xff, 0xf8, 0x3f, 0xfa, 0xff, 0xff, 0x21,
    0xf7, 0xff, 0xc1, 0xff, 0xd8, 0x7f, 0xfe, 0xf,
    0x5f, 0xfe, 0x83, 0xff, 0xb3, 0xff, 0xf0, 0x7b,
    0xff, 0xe0, 0xff, 0xed, 0x3f, 0xfe, 0x83, 0x3f,
    0xfe, 0x83, 0xff, 0xb7, 0xff, 0xf0, 0x6b, 0xff,
    0xc1, 0xff, 0xdc, 0xbf, 0xfc, 0x1b, 0xff, 0xd0,
    0x7f, 0xf7, 0x7f, 0xfd, 0x5, 0xff, 0xe4, 0x3f,
    0xfb, 0xbf, 0xff, 0x1, 0xff, 0xf0, 0x7f, 0xf7,
    0xaf, 0xff, 0x1, 0xff, 0xf0, 0x7f, 0xf7, 0x9f,
    0xff, 0x2, 0xff, 0xe8, 0x3f, 0xfb, 0xff, 0xfe,
    0x4f, 0xff, 0x41, 0xff, 0xdf, 0xff, 0xf2, 0x7f,
    0xf9, 0xf, 0xfe, 0xff, 0xff, 0xa3, 0xff, 0xc1,
    0xff, 0xe0, 0xbf, 0xfa, 0x3f, 0xfc, 0x1f, 0xfe,
    0xb, 0xff, 0xc7, 0xff, 0x83, 0xff, 0xc1, 0x7f,
    0xf8, 0xff, 0xf0, 0x7f, 0xf8, 0x1f, 0xff, 0x1f,
    0xfe, 0xf, 0xff, 0x3, 0xff, 0xe3, 0xff, 0xc1,
    0xff, 0xe0, 0x7f, 0xfc, 0x7f, 0xf8, 0x3f, 0xfc,
    0xf, 0xff, 0x8f, 0xff, 0x7, 0xff, 0x82, 0xff,
    0xf1, 0xff, 0xe0, 0xff, 0xf0, 0x5f, 0xfe, 0x3f,
    0xfc, 0x1f, 0xfe, 0xb, 0xff, 0xa3, 0xff, 0xc8,
    0x7f, 0xf7, 0xff, 0xfd, 0x1f, 0xfe, 0x43, 0xff,
    0xa1, 0xe0, 0xff, 0xe0, 0xff, 0xf9, 0x2f, 0xfe,
    0x83, 0xff, 0x9f, 0xf8, 0x3f, 0xf8, 0x1f, 0xfe,
    0x4b, 0xff, 0xc1, 0xff, 0xce, 0xff, 0x7, 0xf9,
    0xff, 0xf0, 0x1f, 0xff, 0x7, 0xff, 0x37, 0xff,
    0x7, 0xf5, 0xff, 0xe0, 0xbf, 0xfc, 0x87, 0xff,
    0x2f, 0xff, 0xa0, 0xfd, 0xff, 0xf0, 0x5f, 0xfe,
    0x83, 0xff, 0x94, 0xff, 0xfa, 0xf, 0xbf, 0xfd,
    0x5, 0x7f, 0xf8, 0x3f, 0xf9, 0x77, 0xff, 0xa0,
    0xe7, 0xff, 0xc1, 0x9f, 0xff, 0x21, 0xff, 0xcb,
    0xff, 0xf9, 0xd, 0xff, 0xf0, 0x77, 0xff, 0xc1,
    0xff, 0xcc, 0xff, 0xf9, 0x3, 0xff, 0xe8, 0x3a,
    0xff, 0xf2, 0x1f, 0xfc, 0xcf, 0xff, 0x81, 0xff,
    0xf0, 0x7d, 0xff, 0xf0, 0x7f, 0xf3, 0x7f, 0xfe,
    0xbf, 0xfe, 0xf, 0xaf, 0xff, 0x41, 0xff, 0xcd,
    0xff, 0xfe, 0x4a, 0x1f, 0xbf, 0xfe, 0x43, 0xff,
    0x98, 0xff, 0xff, 0x20, 0x3f, 0xaf, 0xff, 0x90,
    0xff, 0xe6, 0x5f, 0xff, 0xc6, 0x43, 0xfd, 0xff,
    0xfc, 0x4, 0x3f, 0xf9, 0x97, 0xff, 0xf1, 0x43,
    0xfe, 0x7f, 0xff, 0x80, 0x87, 0xff, 0x33, 0xff,
    0xf8, 0x81, 0xff, 0xc1, 0xff, 0xfe, 0xc, 0x1f,
    0xfc, 0xcf, 0xff, 0xe1, 0x41, 0xff, 0xc2, 0xff,
    0xfe, 0x12, 0x1f, 0xfc, 0x9b, 0xff, 0xf8, 0x30,
    0x7f, 0xf0, 0xdf, 0xff, 0xe1, 0xc1, 0xff, 0xc4,
    0x6f, 0xff, 0xe1, 0x87, 0xff, 0x15, 0xff, 0xfe,
    0x2c, 0xa0, 0xf9, 0xa7, 0xff, 0xf1, 0x83, 0xff,
    0x8c, 0xff, 0xff, 0x90, 0x3f, 0xf8, 0xcf, 0xff,
    0xf8, 0xe0, 0xff, 0xe3, 0xff, 0xff, 0x8d, 0xf,
    0xfe, 0x3d, 0xff, 0xfe, 0x20, 0xff, 0xe4, 0x3f,
    0xff, 0xe2, 0xf, 0xfe, 0x4b, 0xff, 0xfd, 0x34,
    0x1f, 0xfe, 0x83, 0xff, 0x94, 0xff, 0xff, 0x3a,
    0x43, 0x3f, 0xfe, 0x43, 0xff, 0x99, 0x7f, 0xff,
    0x22, 0x43, 0xf5, 0xff, 0xe0, 0xff, 0xe7, 0xaa,
    0x9f, 0xfd, 0x44, 0x3f, 0xf8, 0x3f, 0xfe, 0x83,
    0xff, 0xd9, 0xff, 0xd0, 0x7f, 0xfb, 0x2f, 0xfa,
    0xf, 0xff, 0x77, 0xf9, 0xf, 0xff, 0x87, 0xe4,
    0x3f, 0xfe, 0x2f, 0x83, 0xff, 0xe9, 0x7, 0xc0,

    /* U+0052 "R" */
    0x7f, 0xff, 0xa5, 0x59, 0x41, 0xff, 0xc8, 0x7f,
    0xff, 0xb5, 0x21, 0xff, 0xc4, 0x7f, 0xff, 0xba,
    0x87, 0xff, 0x9, 0xff, 0xfe, 0xfa, 0x1f, 0xfc,
    0x7, 0xff, 0xfc, 0x21, 0xff, 0x3f, 0xff, 0xe2,
    0xf, 0xf3, 0xff, 0xfe, 0x30, 0xfe, 0x7f, 0xff,
    0xc8, 0x1f, 0x9f, 0xff, 0xf2, 0x41, 0xf3, 0xff,
    0xe0, 0xff, 0xe5, 0x37, 0xff, 0xf0, 0xd0, 0xf3,
    0xff, 0xe0, 0xff, 0xe7, 0x5f, 0xff, 0xc1, 0xf,
    0x3f, 0xfe, 0xf, 0xfe, 0x87, 0xff, 0xf0, 0x3,
    0xcf, 0xff, 0x83, 0xff, 0xa3, 0xff, 0xf4, 0x1c,
    0xff, 0xf8, 0x3f, 0xfa, 0x5f, 0xff, 0x7, 0x3f,
    0xfe, 0xf, 0xfe, 0x95, 0xff, 0xe0, 0xe7, 0xff,
    0xc1, 0xff, 0xd2, 0x7f, 0xfc, 0x86, 0x7f, 0xfc,
    0x1f, 0xfd, 0x3f, 0xff, 0x21, 0x9f, 0xff, 0x7,
    0xff, 0x4f, 0xff, 0xd0, 0x67, 0xff, 0xc1, 0xff,
    0xd3, 0xbf, 0xfa, 0xc, 0xff, 0xf8, 0x3f, 0xfa,
    0x77, 0xff, 0x41, 0x9f, 0xff, 0x7, 0xff, 0x4e,
    0xff, 0xe8, 0x33, 0xff, 0xe0, 0xff, 0xe9, 0xdf,
    0xfd, 0x6, 0x7f, 0xfc, 0x1f, 0xfd, 0x3f, 0xff,
    0x21, 0x9f, 0xff, 0x7, 0xff, 0x4f, 0xff, 0xc1,
    0xcf, 0xff, 0x83, 0xff, 0xa4, 0xff, 0xf8, 0x39,
    0xff, 0xf0, 0x7f, 0xf4, 0xbf, 0xfd, 0x7, 0x3f,
    0xfe, 0xf, 0xfe, 0x8b, 0xff, 0xe0, 0xf3, 0xff,
    0xe0, 0xff, 0xe8, 0xff, 0xfc, 0x1e, 0x7f, 0xfc,
    0x1f, 0xfc, 0xf7, 0xff, 0xe0, 0xf9, 0xff, 0xf0,
    0x7f, 0xf3, 0xaf, 0xff, 0xa0, 0xf9, 0xff, 0xf0,
    0x7f, 0xf2, 0xdf, 0xff, 0xe0, 0xc1, 0xf9, 0xff,
    0xff, 0x14, 0x1f, 0xcf, 0xff, 0xf8, 0x60, 0xff,
    0x3f, 0xff, 0xdf, 0x83, 0xff, 0x80, 0xff, 0xff,
    0x76, 0x43, 0xff, 0x82, 0xff, 0xff, 0x72, 0x43,
    0xff, 0x84, 0xff, 0xff, 0x7d, 0xf, 0xfe, 0x3,
    0xff, 0xfe, 0x10, 0xff, 0x9f, 0xff, 0xf1, 0x21,
    0xfc, 0xff, 0xff, 0x8d, 0xf, 0xcf, 0xff, 0x83,
    0xff, 0x92, 0xdf, 0xff, 0xc3, 0xf, 0xcf, 0xff,
    0x83, 0xff, 0x9b, 0x7f, 0xff, 0x2, 0xf, 0x9f,
    0xff, 0x7, 0xff, 0x39, 0xff, 0xfe, 0x0, 0x7c,
    0xff, 0xf8, 0x3f, 0xf9, 0xef, 0xff, 0xc8, 0x79,
    0xff, 0xf0, 0x7f, 0xf4, 0x2f, 0xff, 0x41, 0xe7,
    0xff, 0xc1, 0xff, 0xd1, 0xff, 0xf8, 0x3c, 0xff,
    0xf8, 0x3f, 0xfa, 0x37, 0xff, 0x83, 0xcf, 0xff,
    0x83, 0xff, 0xa5, 0xff, 0xe0, 0xf3, 0xff, 0xe0,
    0xff, 0xe9, 0x7f, 0xf9, 0xe, 0x7f, 0xfc, 0x1f,
    0xfd, 0x2f, 0xff, 0x21, 0xcf, 0xff, 0x83, 0xff,
    0xa5, 0x7f, 0xf2, 0x1c, 0xff, 0xf8, 0x3f, 0xfa,
    0x57, 0xff, 0x41, 0xcf, 0xff, 0x83, 0xff, 0xa4,
    0xff, 0xf4, 0x1c, 0xff, 0xf8, 0x3f, 0xfa, 0x4f,
    0xff, 0x83, 0x9f, 0xff, 0x7, 0xff, 0x4f, 0xff,
    0xc1, 0xcf, 0xff, 0x83, 0xff, 0xa7, 0xff, 0xe0,
    0xe7, 0xff, 0xc1, 0xff, 0xd3, 0xff, 0xf0, 0x73,
    0xff, 0xe0, 0xff, 0xe9, 0xff, 0xf8, 0x39, 0xff,
    0xf0, 0x7f, 0xf4, 0xff, 0xfc, 0x86, 0x7f, 0xfc,
    0x1f, 0xfd, 0x3b, 0xff, 0xa0, 0xcf, 0xff, 0x83,
    0xff, 0xa7, 0x7f, 0xf4, 0x19, 0xff, 0xf0, 0x7f,
    0xf4, 0xdf, 0xff, 0x6, 0x7f, 0xfc, 0x1f, 0xfd,
    0x4f, 0xff, 0x6, 0x7f, 0xfc, 0x1f, 0xfd, 0x4f,
    0xff, 0x41, 0x3f, 0xfe, 0xf, 0xfe, 0xa5, 0xff,
    0xe0, 0x9f, 0xff, 0x7, 0xff, 0x51, 0xff, 0xf2,
    0x7, 0xff, 0xc1, 0xff, 0xd5, 0xff, 0xf8, 0xf,
    0xff, 0x83, 0xff, 0xad, 0xff, 0xf0,

    /* U+0053 "S" */
    0xf, 0xfe, 0x42, 0xa9, 0xff, 0xd4, 0x43, 0xff,
    0xb3, 0x7f, 0xff, 0x25, 0xf, 0xfe, 0x93, 0xff,
    0xfc, 0xe9, 0xf, 0xfe, 0x6b, 0xff, 0xfd, 0x34,
    0x3f, 0xf9, 0x2f, 0xff, 0xf5, 0xa0, 0xff, 0xe3,
    0xdf, 0xff, 0xd9, 0xf, 0xfe, 0x2d, 0xff, 0xfd,
    0xb0, 0xff, 0xe1, 0xff, 0xff, 0x78, 0x3f, 0xf8,
    0x37, 0xff, 0xf7, 0xc3, 0xfe, 0x7f, 0xff, 0x85,
    0x21, 0xfe, 0x55, 0xff, 0xfc, 0x38, 0x3f, 0xdf,
    0xff, 0xc1, 0x43, 0xff, 0x8a, 0xff, 0xff, 0x9,
    0xf, 0xd7, 0xff, 0xc8, 0x7f, 0xf2, 0x5f, 0xff,
    0xe0, 0x87, 0xef, 0xff, 0x83, 0xff, 0x98, 0xff,
    0xff, 0x1, 0xf, 0x3f, 0xfe, 0x43, 0xff, 0x9d,
    0xff, 0xf4, 0x1e, 0xbf, 0xfc, 0x1f, 0xfc, 0xf7,
    0xff, 0xe0, 0xf7, 0xff, 0x90, 0xff, 0xe8, 0x7f,
    0xfc, 0x87, 0x7f, 0xf8, 0x3f, 0xfa, 0x2f, 0xff,
    0xa0, 0xef, 0xff, 0x7, 0xff, 0x4b, 0xff, 0xe0,
    0xef, 0xff, 0x7, 0xff, 0x4a, 0xff, 0xf0, 0x77,
    0xff, 0x83, 0xff, 0xa7, 0xff, 0xe0, 0xef, 0xff,
    0x21, 0xff, 0xd2, 0xff, 0xf2, 0x1b, 0xff, 0xe0,
    0xff, 0xf0, 0xdf, 0xfe, 0x43, 0xff, 0xc0, 0xff,
    0xfc, 0x87, 0xff, 0x83, 0xff, 0xf8, 0x10, 0x7f,
    0xf7, 0xef, 0xff, 0xe0, 0xa1, 0xff, 0xde, 0xff,
    0xfe, 0x1c, 0x1f, 0xfd, 0xcb, 0xff, 0xf8, 0xa8,
    0x7f, 0xf6, 0xbf, 0xff, 0x90, 0x87, 0xff, 0x63,
    0xff, 0xf9, 0x50, 0x7f, 0xf5, 0xbf, 0xff, 0x99,
    0x7, 0xff, 0x52, 0xff, 0xfe, 0x6c, 0x87, 0xff,
    0x4a, 0xff, 0xfe, 0x74, 0x1f, 0xfd, 0x2b, 0xff,
    0xf9, 0xe8, 0x7f, 0xf4, 0x5b, 0xff, 0xf9, 0xd0,
    0x7f, 0xf4, 0x9b, 0xff, 0xf9, 0xc8, 0x7f, 0xf4,
    0x9b, 0xff, 0xf9, 0x90, 0x7f, 0xf5, 0x1b, 0xff,
    0xf9, 0x68, 0x7f, 0xf5, 0x5b, 0xff, 0xf9, 0x28,
    0x7f, 0xf5, 0xdb, 0xff, 0xf8, 0xe8, 0x7f, 0xf6,
    0xaf, 0xff, 0xe2, 0xa1, 0xff, 0xdc, 0xbf, 0xff,
    0x86, 0x1f, 0xfd, 0xe7, 0xff, 0xf8, 0x41, 0xff,
    0xdf, 0xbf, 0xff, 0x80, 0x87, 0xff, 0x7d, 0xff,
    0xfe, 0x0, 0x7f, 0xf8, 0x1f, 0xff, 0x81, 0x5f,
    0xe0, 0xff, 0xea, 0xdf, 0xfe, 0x4f, 0xff, 0x7,
    0xff, 0x5b, 0xff, 0xd1, 0xff, 0xe4, 0x3f, 0xfa,
    0xb7, 0xff, 0x8f, 0xff, 0x41, 0xff, 0xd5, 0x7f,
    0xfc, 0x5f, 0xfe, 0xf, 0xfe, 0xab, 0xff, 0xe1,
    0xff, 0xf0, 0x7f, 0xf5, 0x5f, 0xff, 0xf, 0xff,
    0xa0, 0xff, 0xea, 0x3f, 0xfe, 0x7, 0xff, 0xc1,
    0xff, 0xd4, 0xbf, 0xfa, 0x5, 0xff, 0xe8, 0x3f,
    0xfa, 0x7f, 0xfe, 0x80, 0xff, 0xfc, 0x87, 0xff,
    0x46, 0xff, 0xf2, 0x17, 0xff, 0xf0, 0x3, 0xff,
    0xa0, 0xff, 0xfc, 0x19, 0xff, 0xfe, 0x2, 0x1f,
    0xfc, 0xdb, 0xff, 0xe8, 0x3b, 0xff, 0xf8, 0x30,
    0x7f, 0xf2, 0x9f, 0xff, 0xe0, 0x87, 0x9f, 0xff,
    0xe1, 0x41, 0xff, 0xc6, 0x7f, 0xff, 0x85, 0x7,
    0xd7, 0xff, 0xf1, 0x25, 0x7, 0xe5, 0x5f, 0xff,
    0xc5, 0xf, 0xef, 0xff, 0xf1, 0x21, 0xfe, 0xff,
    0xff, 0x2, 0x1f, 0xfc, 0xf, 0xff, 0xef, 0x41,
    0xff, 0xc2, 0xbf, 0xff, 0xb6, 0x87, 0xff, 0x11,
    0xff, 0xfe, 0xc8, 0x7f, 0xf2, 0x2f, 0xff, 0xea,
    0xa1, 0xff, 0xcb, 0xbf, 0xff, 0xa1, 0x21, 0xff,
    0xcf, 0x6f, 0xff, 0xe5, 0x48, 0x7f, 0xf5, 0x95,
    0x4f, 0xff, 0x51, 0x41, 0xff, 0xc6,

    /* U+0054 "T" */
    0x7f, 0xff, 0xd4, 0xdf, 0xff, 0xea, 0x6f, 0xff,
    0xf5, 0x37, 0xff, 0xfa, 0x9b, 0xff, 0xfd, 0x4d,
    0xff, 0xfe, 0xa6, 0xff, 0xff, 0x53, 0x7f, 0xff,
    0xa9, 0xbf, 0xff, 0xd4, 0x87, 0xff, 0x2f, 0xff,
    0xc1, 0xff, 0xe2, 0xff, 0xf0, 0x7f, 0xf8, 0xbf,
    0xfc, 0x1f, 0xfe, 0x2f, 0xff, 0x7, 0xff, 0x8b,
    0xff, 0xc1, 0xff, 0xe2, 0xff, 0xf0, 0x7f, 0xf8,
    0xbf, 0xfc, 0x1f, 0xfe, 0x2f, 0xff, 0x7, 0xff,
    0x8b, 0xff, 0xc1, 0xff, 0xe2, 0xff, 0xf0, 0x7f,
    0xf8, 0xbf, 0xfc, 0x1f, 0xfe, 0x2f, 0xff, 0x7,
    0xff, 0x8b, 0xff, 0xc1, 0xff, 0xe2, 0xff, 0xf0,
    0x7f, 0xf8, 0xbf, 0xfc, 0x1f, 0xfe, 0x2f, 0xff,
    0x7, 0xff, 0x8b, 0xff, 0xc1, 0xff, 0xe2, 0xff,
    0xf0, 0x7f, 0xf8, 0xbf, 0xfc, 0x1f, 0xfe, 0x2f,
    0xff, 0x7, 0xff, 0x8b, 0xff, 0xc1, 0xff, 0xe2,
    0xff, 0xf0, 0x7f, 0xf8, 0xbf, 0xfc, 0x1f, 0xfe,
    0x2f, 0xff, 0x7, 0xff, 0x8b, 0xff, 0xc1, 0xff,
    0xe2, 0xff, 0xf0, 0x7f, 0xf8, 0xbf, 0xfc, 0x1f,
    0xfe, 0x2f, 0xff, 0x7, 0xff, 0x8b, 0xff, 0xc1,
    0xff, 0xe2, 0xff, 0xf0, 0x7f, 0xf8, 0xbf, 0xfc,
    0x1f, 0xfe, 0x2f, 0xff, 0x7, 0xff, 0x8b, 0xff,
    0xc1, 0xff, 0xe2, 0xff, 0xf0, 0x7f, 0xf8, 0xbf,
    0xfc, 0x1f, 0xfe, 0x2f, 0xff, 0x7, 0xff, 0x8b,
    0xff, 0xc1, 0xff, 0xe2, 0xff, 0xf0, 0x7f, 0xf8,
    0xbf, 0xfc, 0x1f, 0xfe, 0x2f, 0xff, 0x7, 0xff,
    0x8b, 0xff, 0xc1, 0xff, 0xe2, 0xff, 0xf0, 0x7f,
    0xf8, 0xbf, 0xfc, 0x1f, 0xfe, 0x2f, 0xff, 0x7,
    0xff, 0x8b, 0xff, 0xc1, 0xff, 0xe2, 0xff, 0xf0,
    0x7f, 0xf8, 0xbf, 0xfc, 0x1f, 0xfe, 0x2f, 0xff,
    0x7, 0xff, 0x8b, 0xff, 0xc1, 0xff, 0xe2, 0xff,
    0xf0, 0x7f, 0xf8, 0xbf, 0xfc, 0x1f, 0xfe, 0x2f,
    0xff, 0x7, 0xff, 0x8b, 0xff, 0xc1, 0xff, 0xe2,
    0xff, 0xf0, 0x7f, 0xf8, 0xbf, 0xfc, 0x1f, 0xfe,
    0x2f, 0xff, 0x7, 0xff, 0x8b, 0xff, 0xc1, 0xff,
    0xe2, 0xff, 0xf0, 0x7f, 0xf8, 0xab, 0xfc, 0x1f,
    0xfc, 0xb0,

    /* U+0055 "U" */
    0x2b, 0xf9, 0xf, 0xfe, 0xbd, 0x7f, 0x2b, 0xff,
    0xc1, 0xff, 0xd6, 0x7f, 0xfc, 0xff, 0xf8, 0x3f,
    0xfa, 0xcf, 0xff, 0x9f, 0xff, 0x7, 0xff, 0x59,
    0xff, 0xf3, 0xff, 0xe0, 0xff, 0xeb, 0x3f, 0xfe,
    0x7f, 0xfc, 0x1f, 0xfd, 0x67, 0xff, 0xcf, 0xff,
    0x83, 0xff, 0xac, 0xff, 0xf9, 0xff, 0xf0, 0x7f,
    0xf5, 0x9f, 0xff, 0x3f, 0xfe, 0xf, 0xfe, 0xb3,
    0xff, 0xe7, 0xff, 0xc1, 0xff, 0xd6, 0x7f, 0xfc,
    0xff, 0xf8, 0x3f, 0xfa, 0xcf, 0xff, 0x9f, 0xff,
    0x7, 0xff, 0x59, 0xff, 0xf3, 0xff, 0xe0, 0xff,
    0xeb, 0x3f, 0xfe, 0x7f, 0xfc, 0x1f, 0xfd, 0x67,
    0xff, 0xcf, 0xff, 0x83, 0xff, 0xac, 0xff, 0xf9,
    0xff, 0xf0, 0x7f, 0xf5, 0x9f, 0xff, 0x3f, 0xfe,
    0xf, 0xfe, 0xb3, 0xff, 0xe7, 0xff, 0xc1, 0xff,
    0xd6, 0x7f, 0xfc, 0xff, 0xf8, 0x3f, 0xfa, 0xcf,
    0xff, 0x9f, 0xff, 0x7, 0xff, 0x59, 0xff, 0xf3,
    0xff, 0xe0, 0xff, 0xeb, 0x3f, 0xfe, 0x7f, 0xfc,
    0x1f, 0xfd, 0x67, 0xff, 0xcf, 0xff, 0x83, 0xff,
    0xac, 0xff, 0xf9, 0xff, 0xf0, 0x7f, 0xf5, 0x9f,
    0xff, 0x3f, 0xfe, 0xf, 0xfe, 0xb3, 0xff, 0xe7,
    0xff, 0xc1, 0xff, 0xd6, 0x7f, 0xfc, 0xff, 0xf8,
    0x3f, 0xfa, 0xcf, 0xff, 0x9f, 0xff, 0x7, 0xff,
    0x59, 0xff, 0xf3, 0xff, 0xe0, 0xff, 0xeb, 0x3f,
    0xfe, 0x7f, 0xfc, 0x1f, 0xfd, 0x67, 0xff, 0xcf,
    0xff, 0x83, 0xff, 0xac, 0xff, 0xf9, 0xff, 0xf0,
    0x7f, 0xf5, 0x9f, 0xff, 0x3f, 0xfe, 0xf, 0xfe,
    0xb3, 0xff, 0xe7, 0xff, 0xc1, 0xff, 0xd6, 0x7f,
    0xfc, 0xff, 0xf8, 0x3f, 0xfa, 0xcf, 0xff, 0x9f,
    0xff, 0x7, 0xff, 0x59, 0xff, 0xf3, 0xff, 0xe0,
    0xff, 0xeb, 0x3f, 0xfe, 0x7f, 0xfc, 0x1f, 0xfd,
    0x67, 0xff, 0xcf, 0xff, 0x83, 0xff, 0xac, 0xff,
    0xf9, 0xff, 0xf0, 0x7f, 0xf5, 0x9f, 0xff, 0x3f,
    0xfe, 0xf, 0xfe, 0xb3, 0xff, 0xe7, 0xff, 0xc1,
    0xff, 0xd6, 0x7f, 0xfc, 0xff, 0xf8, 0x3f, 0xfa,
    0xcf, 0xff, 0x9f, 0xff, 0x7, 0xff, 0x59, 0xff,
    0xf3, 0xff, 0xe0, 0xff, 0xeb, 0x3f, 0xfe, 0x7f,
    0xfc, 0x1f, 0xfd, 0x67, 0xff, 0xc7, 0xff, 0x83,
    0xff, 0xad, 0x7f, 0xf4, 0x7f, 0xf8, 0x3f, 0xfa,
    0xd7, 0xff, 0x47, 0xff, 0x90, 0xff, 0xea, 0xff,
    0xf9, 0x2f, 0xfe, 0x83, 0xff, 0xab, 0xff, 0xe0,
    0x5f, 0xfe, 0xf, 0xfe, 0xa3, 0xff, 0xe0, 0x3f,
    0xfe, 0x43, 0xff, 0xa7, 0xff, 0xf0, 0x5f, 0xff,
    0x7, 0xff, 0x49, 0xff, 0xf2, 0x15, 0xff, 0xe4,
    0x3f, 0xfa, 0x3f, 0xff, 0x7, 0x7f, 0xfc, 0x1f,
    0xfd, 0xb, 0xff, 0xe0, 0xef, 0xff, 0xe0, 0x7,
    0xff, 0x39, 0xff, 0xf9, 0xe, 0x7f, 0xff, 0x80,
    0x1f, 0xfc, 0xc7, 0xff, 0xf8, 0x1, 0xf7, 0xff,
    0xf0, 0x50, 0xff, 0xe4, 0xdf, 0xff, 0xc0, 0x43,
    0xf7, 0xff, 0xf0, 0x90, 0xff, 0xe2, 0xdf, 0xff,
    0xc1, 0x83, 0xf9, 0xff, 0xfe, 0x1c, 0xa0, 0xfe,
    0x6f, 0xff, 0xe2, 0x7, 0xfd, 0x7f, 0xff, 0x7c,
    0x3f, 0xf8, 0x37, 0xff, 0xf7, 0x50, 0xff, 0xe1,
    0x5f, 0xff, 0xdb, 0x43, 0xff, 0x89, 0x7f, 0xff,
    0x64, 0x3f, 0xf8, 0xef, 0xff, 0xf5, 0xa0, 0xff,
    0xe5, 0x5f, 0xff, 0xd2, 0x83, 0xff, 0x9d, 0x7f,
    0xff, 0x3a, 0x43, 0xff, 0xa2, 0xdf, 0xff, 0xc8,
    0x90, 0xff, 0xec, 0x2a, 0x9f, 0xfd, 0x44, 0x3f,
    0xf9, 0x0,

    /* U+0056 "V" */
    0x2b, 0xfc, 0x87, 0xff, 0x6a, 0xbf, 0xc9, 0xff,
    0xf0, 0x7f, 0xf6, 0x5f, 0xff, 0x47, 0xff, 0xc1,
    0xff, 0xd9, 0xff, 0xf9, 0x1f, 0xff, 0x41, 0xff,
    0xd8, 0xff, 0xf8, 0x2f, 0xff, 0x83, 0xff, 0xae,
    0xff, 0xfa, 0xb, 0xff, 0xe4, 0x3f, 0xfa, 0xdf,
    0xff, 0x6, 0x7f, 0xfd, 0x7, 0xff, 0x5b, 0xff,
    0xe0, 0xef, 0xff, 0x83, 0xff, 0xaa, 0xff, 0xfa,
    0xe, 0xbf, 0xfc, 0x87, 0xff, 0x53, 0xff, 0xe0,
    0xf3, 0xff, 0xe8, 0x3f, 0xfa, 0x9f, 0xff, 0x7,
    0xdf, 0xff, 0x7, 0xff, 0x4d, 0xff, 0xf2, 0x1f,
    0x5f, 0xfe, 0x43, 0xff, 0xa5, 0xff, 0xf0, 0x7e,
    0x7f, 0xfd, 0x7, 0xff, 0x4b, 0xff, 0xd0, 0x7f,
    0x7f, 0xfc, 0x1f, 0xfd, 0x1b, 0xff, 0xc8, 0x7f,
    0x5f, 0xfe, 0x43, 0xff, 0xa1, 0xff, 0xf0, 0x7f,
    0xdf, 0xfe, 0x83, 0xff, 0xa1, 0xff, 0xe8, 0x3f,
    0xef, 0xff, 0x83, 0xff, 0x9f, 0x7f, 0xf9, 0xf,
    0xf9, 0xff, 0xf2, 0x1f, 0xfc, 0xef, 0xff, 0x83,
    0xff, 0x83, 0xff, 0xe8, 0x3f, 0xf9, 0xdf, 0xfe,
    0x83, 0xff, 0x83, 0xff, 0xf0, 0x7f, 0xf3, 0x6f,
    0xff, 0x7, 0xff, 0x9, 0xff, 0xf2, 0x1f, 0xfc,
    0xcf, 0xff, 0x83, 0xff, 0x87, 0xff, 0xe8, 0x3f,
    0xf9, 0x9f, 0xfe, 0x83, 0xff, 0x87, 0x7f, 0xf8,
    0x3f, 0xf9, 0x77, 0xff, 0x83, 0xff, 0x88, 0xff,
    0xf9, 0xf, 0xfe, 0x57, 0xff, 0xc1, 0xff, 0xc5,
    0xff, 0xf4, 0x1f, 0xfc, 0xaf, 0xff, 0x21, 0xff,
    0xc5, 0xbf, 0xfc, 0x1f, 0xfc, 0x9b, 0xff, 0xc1,
    0xff, 0xc6, 0x7f, 0xfc, 0x87, 0xff, 0x23, 0xff,
    0xd0, 0x7f, 0xf1, 0xff, 0xfe, 0xf, 0xfe, 0x3b,
    0xff, 0xe4, 0x3f, 0xf8, 0xf7, 0xff, 0x83, 0xff,
    0x8f, 0x7f, 0xf8, 0x3f, 0xf9, 0x3f, 0xfe, 0x43,
    0xff, 0x8d, 0xff, 0xe8, 0x3f, 0xf9, 0x3f, 0xff,
    0x7, 0xff, 0x15, 0xff, 0xf2, 0x1f, 0xfc, 0x97,
    0xff, 0xc1, 0xff, 0xc5, 0xbf, 0xfc, 0x1f, 0xfc,
    0xbf, 0xff, 0x21, 0xff, 0xc4, 0xff, 0xf4, 0x1f,
    0xfc, 0xbf, 0xff, 0x83, 0xff, 0x86, 0xff, 0xf8,
    0x3f, 0xf9, 0x8f, 0xff, 0x83, 0xff, 0x87, 0x7f,
    0xf8, 0x3f, 0xf9, 0xbf, 0xfe, 0x43, 0xff, 0x85,
    0xff, 0xe8, 0x3f, 0xf9, 0xb7, 0xff, 0x83, 0xff,
    0x82, 0xff, 0xf8, 0x3f, 0xf9, 0xcf, 0xff, 0x83,
    0xff, 0x83, 0x7f, 0xf8, 0x3f, 0xf9, 0xff, 0xfe,
    0x83, 0xff, 0x81, 0xff, 0xe4, 0x3f, 0xf9, 0xf7,
    0xff, 0x83, 0xfe, 0x7f, 0xfc, 0x1f, 0xfd, 0x7,
    0xff, 0xc1, 0xff, 0x5f, 0xfd, 0x7, 0xff, 0x47,
    0xff, 0xd0, 0x7f, 0xbf, 0xfc, 0x87, 0xff, 0x46,
    0xff, 0xf0, 0x7f, 0x3f, 0xfe, 0xf, 0xfe, 0x9f,
    0xff, 0x83, 0xfa, 0xff, 0xe8, 0x3f, 0xfa, 0x7f,
    0xfe, 0x83, 0xf7, 0xff, 0x90, 0xff, 0xe9, 0xbf,
    0xfe, 0xf, 0x9f, 0xff, 0x7, 0xff, 0x57, 0xff,
    0xc1, 0xf5, 0xff, 0xd0, 0x7f, 0xf5, 0x7f, 0xfd,
    0x7, 0xbf, 0xfc, 0x1f, 0xfd, 0x67, 0xff, 0xc1,
    0xcf, 0xff, 0x83, 0xff, 0xaf, 0xff, 0xe4, 0x35,
    0xff, 0xd0, 0x7f, 0xf5, 0xef, 0xfe, 0x83, 0x7f,
    0xf8, 0x3f, 0xfb, 0xf, 0xff, 0x82, 0x7f, 0xfc,
    0x1f, 0xfd, 0x9f, 0xff, 0x20, 0xbf, 0xf9, 0xf,
    0xfe, 0xcd, 0xff, 0xd0, 0x3f, 0xfc, 0x1f, 0xfd,
    0xa7, 0xff, 0xc3, 0xff, 0xd0, 0x7f, 0xf6, 0xff,
    0xfc, 0xff, 0xf9, 0xf, 0xfe, 0xdd, 0xff, 0xfc,
    0x80, 0xff, 0xee, 0xff, 0xff, 0x1e, 0xf, 0xfe,
    0xef, 0xff, 0xf1, 0xd0, 0xff, 0xee, 0xdf, 0xff,
    0xc6, 0xf, 0xfe, 0xff, 0xff, 0xf1, 0x60, 0xff,
    0xef, 0xff, 0xff, 0x15, 0xf, 0xfe, 0xfb, 0xff,
    0xfc, 0x40, 0xff, 0xf0, 0xff, 0xff, 0xe, 0xf,
    0xff, 0xd, 0xff, 0xfc, 0x20, 0xff, 0xf1, 0x3f,
    0xff, 0xc2, 0xf, 0xff, 0x1f, 0xff, 0xf0, 0x50,
    0xff, 0xf1, 0xdf, 0xff, 0xc0, 0xf, 0xfe, 0x60,

    /* U+0057 "W" */
    0x2b, 0xfe, 0xf, 0xfe, 0x7b, 0x5f, 0xc8, 0x7f,
    0xf3, 0xda, 0xff, 0x27, 0xff, 0xc8, 0x7f, 0xf3,
    0xbf, 0xfe, 0xf, 0xfe, 0x7f, 0xff, 0xc9, 0xff,
    0xf4, 0x1f, 0xfc, 0xd7, 0xff, 0xe4, 0x3f, 0xf9,
    0xaf, 0xff, 0xc0, 0xbf, 0xfe, 0xf, 0xfe, 0x6d,
    0xff, 0xf4, 0x1f, 0xfc, 0xdb, 0xff, 0xe0, 0x3f,
    0xff, 0x7, 0xff, 0x37, 0xff, 0xf8, 0x21, 0xff,
    0xcd, 0xff, 0xf9, 0xb, 0xff, 0xe4, 0x3f, 0xf9,
    0x9f, 0xff, 0xc1, 0xf, 0xfe, 0x6f, 0xff, 0xc1,
    0xbf, 0xfe, 0x83, 0xff, 0x96, 0xff, 0xff, 0x5,
    0xf, 0xfe, 0x5b, 0xff, 0xf0, 0x6b, 0xff, 0xe0,
    0xff, 0xe5, 0xdf, 0xff, 0xc1, 0x83, 0xff, 0x97,
    0x7f, 0xfa, 0xc, 0xff, 0xfc, 0x1f, 0xfc, 0xbf,
    0xff, 0xe1, 0x87, 0xff, 0x2f, 0xff, 0xe4, 0x3b,
    0xff, 0xe4, 0x3f, 0xf9, 0x5f, 0xff, 0xc3, 0x43,
    0xff, 0x95, 0xff, 0xf0, 0x7a, 0xff, 0xf4, 0x1f,
    0xfc, 0x97, 0xff, 0xf8, 0x70, 0x7f, 0xf2, 0x5f,
    0xff, 0x83, 0xcf, 0xff, 0xc1, 0xff, 0xc9, 0xbf,
    0xff, 0x88, 0x1f, 0xfc, 0x9b, 0xff, 0xc8, 0x7d,
    0xff, 0xf0, 0x7f, 0xf2, 0x7f, 0xff, 0x8a, 0x1f,
    0xfc, 0x9f, 0xff, 0x83, 0xf7, 0xff, 0xc8, 0x7f,
    0xf2, 0x3f, 0xff, 0x8a, 0x87, 0xff, 0x23, 0xff,
    0xe0, 0xfd, 0x7f, 0xfa, 0xf, 0xfe, 0x3b, 0xff,
    0xfc, 0x58, 0x3f, 0xf8, 0xef, 0xff, 0xa0, 0xfc,
    0xff, 0xfc, 0x1f, 0xfc, 0x7b, 0xff, 0xf8, 0xc1,
    0xff, 0xc7, 0xbf, 0xfc, 0x87, 0xf7, 0xff, 0xc1,
    0xff, 0xc7, 0xff, 0xe7, 0xff, 0x83, 0xff, 0x8f,
    0xff, 0xf0, 0x7f, 0xaf, 0xff, 0x21, 0xff, 0xc6,
    0xff, 0xe3, 0xff, 0x90, 0xff, 0xe3, 0x7f, 0xfc,
    0x1f, 0xe7, 0xff, 0xd0, 0x7f, 0xf1, 0x6f, 0xfd,
    0x17, 0xfe, 0x83, 0xff, 0x8a, 0xff, 0xf9, 0xf,
    0xfb, 0xff, 0xe0, 0xff, 0xe2, 0xff, 0xf2, 0x3f,
    0xfc, 0x1f, 0xfc, 0x5b, 0xff, 0xc1, 0xff, 0xc0,
    0xff, 0xf8, 0x3f, 0xf8, 0xbf, 0xfc, 0x17, 0xff,
    0x7, 0xff, 0x17, 0xff, 0xe0, 0xff, 0xe0, 0x5f,
    0xfe, 0xf, 0xfe, 0x23, 0xff, 0xc1, 0x7f, 0xf2,
    0x1f, 0xfc, 0x4f, 0xff, 0x41, 0xff, 0xc0, 0x7f,
    0xfc, 0x87, 0xff, 0xe, 0xff, 0xd0, 0x57, 0xfe,
    0x83, 0xff, 0x86, 0xff, 0xf9, 0xf, 0xfe, 0xf,
    0xff, 0xa0, 0xff, 0xe1, 0xff, 0xf2, 0x13, 0xff,
    0xc1, 0xff, 0xc3, 0xbf, 0xfc, 0x1f, 0xfc, 0x2b,
    0xff, 0xc1, 0xff, 0xc3, 0xff, 0xe0, 0xef, 0xfe,
    0xf, 0xfe, 0x1f, 0xff, 0xc1, 0xff, 0xc2, 0x7f,
    0xfc, 0x1f, 0xfc, 0x27, 0xff, 0x83, 0xaf, 0xfc,
    0x87, 0xff, 0xb, 0xff, 0xc8, 0x7f, 0xf0, 0xff,
    0xfc, 0x87, 0xff, 0x6, 0xff, 0xd0, 0x73, 0xff,
    0xa0, 0xff, 0xe0, 0xbf, 0xfe, 0xf, 0xfe, 0x27,
    0xff, 0xa0, 0xff, 0xe0, 0xff, 0xf2, 0x1e, 0xff,
    0xe0, 0xff, 0xe0, 0xdf, 0xfe, 0xf, 0xfe, 0x25,
    0xff, 0xe0, 0xff, 0xe0, 0xff, 0xf0, 0x7d, 0xff,
    0xc1, 0xff, 0xc1, 0xff, 0xf4, 0x1f, 0xfc, 0x47,
    0xff, 0xc1, 0xff, 0xc0, 0x7f, 0xf8, 0x3e, 0xbf,
    0xf2, 0x1f, 0xfc, 0xf, 0xff, 0x21, 0xff, 0xc5,
    0xff, 0xf2, 0x1f, 0xf5, 0xff, 0xa0, 0xf9, 0xff,
    0xd0, 0x7f, 0xcf, 0xff, 0x83, 0xff, 0x8d, 0x7f,
    0xf4, 0x1f, 0xf7, 0xff, 0x21, 0xfb, 0xff, 0x83,
    0xfe, 0xbf, 0xfa, 0xf, 0xfe, 0x33, 0xff, 0xe0,
    0xff, 0xbf, 0xf8, 0x3f, 0xbf, 0xf9, 0xf, 0xf7,
    0xff, 0x90, 0xff, 0xe3, 0xff, 0xf8, 0x3f, 0xcf,
    0xff, 0x7, 0xf5, 0xff, 0xa0, 0xff, 0x7f, 0xf8,
    0x3f, 0xf9, 0x1f, 0xfe, 0x43, 0xfa, 0xff, 0xd0,
    0x7f, 0x3f, 0xfc, 0x1f, 0xcf, 0xff, 0x83, 0xff,
    0x91, 0x7f, 0xf4, 0x1f, 0xdf, 0xfc, 0x1f, 0xf7,
    0xff, 0x7, 0xf5, 0xff, 0xd0, 0x7f, 0xf2, 0x1f,
    0xff, 0x7, 0xf7, 0xff, 0x7, 0xfd, 0xff, 0xc8,
    0x7e, 0xff, 0xf2, 0x1f, 0xfc, 0x9f, 0xff, 0x7,
    0xe7, 0xff, 0x41, 0xff, 0x5f, 0xfa, 0xf, 0xdf,
    0xfe, 0xf, 0xfe, 0x55, 0xff, 0xc8, 0x7d, 0x7f,
    0xe4, 0x3f, 0xe7, 0xff, 0x83, 0xe7, 0xff, 0xa0,
    0xff, 0xe5, 0x3f, 0xfd, 0x7, 0xdf, 0xfc, 0x1f,
    0xfc, 0x1f, 0xfe, 0xf, 0xaf, 0xfe, 0x43, 0xff,
    0x97, 0xff, 0xe0, 0xf3, 0xff, 0xc1, 0xff, 0xc1,
    0xff, 0xe4, 0x3d, 0xff, 0xe0, 0xff, 0xe6, 0x7f,
    0xf8, 0x3d, 0x7f, 0xe8, 0x3f, 0xf8, 0x37, 0xfe,
    0x83, 0xdf, 0xfe, 0xf, 0xfe, 0x65, 0xff, 0xc8,
    0x77, 0xff, 0x21, 0xff, 0xc1, 0x7f, 0xf8, 0x39,
    0xff, 0xe8, 0x3f, 0xf9, 0x8f, 0xff, 0x41, 0xdf,
    0xfc, 0x1f, 0xfc, 0x3f, 0xfe, 0xe, 0xbf, 0xf9,
    0xf, 0xfe, 0x6f, 0xff, 0x83, 0x3f, 0xfc, 0x1f,
    0xfc, 0x3f, 0xfe, 0x43, 0x7f, 0xf8, 0x3f, 0xf9,
    0xd7, 0xff, 0x6, 0xbf, 0xf4, 0x1f, 0xfc, 0x3b,
    0xff, 0x41, 0xbf, 0xfa, 0xf, 0xfe, 0x73, 0xff,
    0xc8, 0x5f, 0xfc, 0x87, 0xff, 0xd, 0xff, 0xe0,
    0x9f, 0xfe, 0x43, 0xff, 0x9f, 0xff, 0xd0, 0x5f,
    0xfc, 0x1f, 0xfc, 0x5f, 0xfe, 0xa, 0xff, 0xe0,
    0xff, 0xe8, 0x7f, 0xf8, 0xf, 0xff, 0x7, 0xff,
    0x16, 0xff, 0xc8, 0x3f, 0xfc, 0x1f, 0xfd, 0xb,
    0xff, 0x81, 0x7f, 0xe8, 0x3f, 0xf8, 0xaf, 0xfe,
    0x81, 0xff, 0xd0, 0x7f, 0xf4, 0x1f, 0xfe, 0x4f,
    0xfe, 0x43, 0xff, 0x8d, 0xff, 0xc3, 0xff, 0xc8,
    0x7f, 0xf4, 0x7f, 0xfa, 0x3f, 0xf8, 0x3f, 0xf8,
    0xff, 0xfc, 0x5f, 0xfc, 0x1f, 0xfd, 0x2b, 0xff,
    0x9f, 0xfe, 0xf, 0xfe, 0x3d, 0xff, 0x9f, 0xfe,
    0x83, 0xff, 0xa4, 0xff, 0xff, 0x1a, 0xf, 0xfe,
    0x3b, 0xff, 0xfc, 0x64, 0x3f, 0xfa, 0x7f, 0xff,
    0xc6, 0x43, 0xff, 0x91, 0xff, 0xfc, 0x60, 0xff,
    0xea, 0x7f, 0xff, 0x18, 0x3f, 0xf9, 0x3f, 0xff,
    0xc6, 0xf, 0xfe, 0xa5, 0xff, 0xfc, 0x48, 0x3f,
    0xf9, 0x37, 0xff, 0xf1, 0x20, 0xff, 0xea, 0x3f,
    0xff, 0xc4, 0x43, 0xff, 0x92, 0xff, 0xff, 0x11,
    0xf, 0xfe, 0xaf, 0xff, 0xf1, 0x3, 0xff, 0x97,
    0xff, 0xfc, 0x40, 0xff, 0xeb, 0x5f, 0xff, 0xc3,
    0xf, 0xfe, 0x5f, 0xff, 0xf0, 0xe0, 0xff, 0xeb,
    0x3f, 0xff, 0xc2, 0x83, 0xff, 0x97, 0x7f, 0xff,
    0x9, 0xf, 0xfe, 0xbf, 0xff, 0xf0, 0x90, 0xff,
    0xe5, 0xbf, 0xff, 0xc2, 0xf, 0xfe, 0xc7, 0xff,
    0xf0, 0x83, 0xff, 0x9b, 0xff, 0xfc, 0x20, 0xff,
    0xec, 0x5f, 0xff, 0xc1, 0xf, 0xfe, 0x6f, 0xff,
    0xf0, 0x60, 0xff, 0xec, 0x3f, 0xff, 0xc0, 0x83,
    0xff, 0x9b, 0x7f, 0xff, 0x1, 0xf, 0xfe, 0xcf,
    0xff, 0xf0, 0x10, 0xff, 0xe6, 0xbf, 0xff, 0xc0,
    0xf, 0xfe, 0xd5, 0xff, 0xf0, 0x7f, 0xf3, 0xff,
    0xfe, 0x83, 0xff, 0xb4, 0xff, 0xfc, 0x1f, 0xfc,
    0xff, 0xff, 0x90, 0xff, 0xe3, 0x80,

    /* U+0058 "X" */
    0x9, 0x7f, 0xe0, 0xff, 0xeb, 0x2f, 0xfc, 0x1c,
    0xff, 0xff, 0x0, 0x3f, 0xfa, 0x9f, 0xff, 0xc0,
    0x43, 0xaf, 0xff, 0xa0, 0xff, 0xe9, 0x7f, 0xff,
    0x2, 0xf, 0xbf, 0xff, 0x80, 0x87, 0xff, 0x42,
    0xff, 0xfe, 0x0, 0x7e, 0x7f, 0xff, 0x80, 0x1f,
    0xfc, 0xf7, 0xff, 0xf8, 0x1, 0xfe, 0xbf, 0xff,
    0x80, 0x1f, 0xfc, 0xef, 0xff, 0xe0, 0x21, 0xff,
    0x7f, 0xff, 0x1, 0xf, 0xfe, 0x65, 0xff, 0xf4,
    0x1f, 0xfc, 0x7, 0xff, 0xf8, 0x1, 0xff, 0xcb,
    0x7f, 0xff, 0x80, 0x1f, 0xfc, 0x2b, 0xff, 0xf8,
    0x1, 0xff, 0xca, 0xff, 0xfe, 0x2, 0x1f, 0xfc,
    0x3f, 0xff, 0xe0, 0x21, 0xff, 0xc8, 0xbf, 0xfe,
    0x83, 0xff, 0x8b, 0xff, 0xfc, 0x0, 0xff, 0xe3,
    0xbf, 0xff, 0xc0, 0xf, 0xfe, 0x33, 0xff, 0xfc,
    0x0, 0xff, 0xe3, 0x7f, 0xff, 0x1, 0xf, 0xfe,
    0x3f, 0xff, 0xf0, 0x10, 0xff, 0xe2, 0x5f, 0xff,
    0x41, 0xff, 0xc9, 0xff, 0xfe, 0x0, 0x7f, 0xf0,
    0xdf, 0xff, 0xe0, 0x7, 0xff, 0x29, 0xff, 0xfe,
    0x0, 0x7f, 0xf0, 0xbf, 0xff, 0x80, 0x1f, 0xfc,
    0xcb, 0xff, 0xe4, 0x3f, 0xf8, 0x17, 0xff, 0xc8,
    0x7f, 0xf3, 0x7f, 0xff, 0x80, 0x1f, 0xf3, 0xff,
    0xf4, 0x1f, 0xfc, 0xe7, 0xff, 0xf8, 0x1, 0xfe,
    0xff, 0xfe, 0x0, 0x7f, 0xf4, 0x2f, 0xff, 0xa0,
    0xfd, 0x7f, 0xfc, 0x87, 0xff, 0x47, 0xff, 0xf8,
    0x1, 0xf3, 0xff, 0xf4, 0x1f, 0xfd, 0x3f, 0xff,
    0xe0, 0x7, 0xbf, 0xff, 0x80, 0x1f, 0xfd, 0x4b,
    0xff, 0xe8, 0x35, 0xff, 0xf2, 0x1f, 0xfd, 0x5f,
    0xff, 0xe0, 0x4, 0xff, 0xfd, 0x7, 0xff, 0x5f,
    0xff, 0xf8, 0x0, 0xff, 0xfe, 0x0, 0x7f, 0xf6,
    0x1f, 0xff, 0xa9, 0xff, 0xf0, 0x7f, 0xf6, 0xaf,
    0xff, 0xe5, 0x21, 0xff, 0xdb, 0xff, 0xfe, 0x4c,
    0x1f, 0xfd, 0xc7, 0xff, 0xf9, 0x1, 0xff, 0xde,
    0xbf, 0xff, 0x8c, 0x87, 0xff, 0x7f, 0xff, 0xf8,
    0xb0, 0x7f, 0xf8, 0x1f, 0xff, 0xe2, 0x7, 0xff,
    0x8a, 0xff, 0xfe, 0x12, 0x1f, 0xfe, 0x3f, 0xff,
    0xe0, 0xc1, 0xff, 0xe4, 0xbf, 0xff, 0x80, 0x1f,
    0xfe, 0x47, 0xff, 0xf8, 0x41, 0xff, 0xe3, 0xff,
    0xfe, 0x1c, 0x1f, 0xfe, 0x1b, 0xff, 0xf8, 0x88,
    0x7f, 0xf7, 0xdf, 0xff, 0xe3, 0x7, 0xff, 0x7f,
    0xff, 0xf8, 0xf0, 0x7f, 0xf7, 0x6f, 0xff, 0xe4,
    0x21, 0xff, 0xdb, 0x7f, 0xff, 0x94, 0x1f, 0xfd,
    0xbf, 0xff, 0xe6, 0x7, 0xff, 0x67, 0xff, 0xf8,
    0x3, 0xff, 0xf4, 0x1f, 0xfd, 0x7b, 0xff, 0xe4,
    0x17, 0xff, 0xc1, 0xff, 0xd7, 0xff, 0xfe, 0x0,
    0x6f, 0xff, 0xe0, 0x7, 0xff, 0x57, 0xff, 0xf8,
    0x1, 0xcf, 0xff, 0xd0, 0x7f, 0xf4, 0xef, 0xff,
    0x90, 0xf5, 0xff, 0xf2, 0x1f, 0xfd, 0x17, 0xff,
    0xf8, 0x1, 0xfb, 0xff, 0xf8, 0x1, 0xff, 0xd1,
    0xff, 0xfe, 0x0, 0x7f, 0x3f, 0xff, 0x41, 0xff,
    0xcf, 0xbf, 0xfe, 0x43, 0xfd, 0x7f, 0xfc, 0x87,
    0xff, 0x35, 0xff, 0xfa, 0xf, 0xfe, 0x7, 0xff,
    0xf0, 0x3, 0xff, 0x9b, 0xff, 0xfc, 0x0, 0xff,
    0xe1, 0x7f, 0xff, 0x0, 0x3f, 0xf9, 0x77, 0xff,
    0xc8, 0x7f, 0xf0, 0xaf, 0xff, 0xa0, 0xff, 0xe4,
    0xbf, 0xff, 0x41, 0xff, 0xc4, 0xff, 0xfe, 0x0,
    0x7f, 0xf2, 0x7f, 0xff, 0x80, 0x1f, 0xfc, 0x6f,
    0xff, 0xe0, 0x7, 0xff, 0x1f, 0xff, 0xf8, 0x8,
    0x7f, 0xf1, 0xaf, 0xff, 0xa0, 0xff, 0xe2, 0xdf,
    0xff, 0x41, 0xff, 0xc8, 0xff, 0xfe, 0x2, 0x1f,
    0xfc, 0x4f, 0xff, 0xe0, 0x7, 0xff, 0x2b, 0xff,
    0xf8, 0x1, 0xff, 0xc3, 0xff, 0xfe, 0x2, 0x1f,
    0xfc, 0xab, 0xff, 0xe8, 0x3f, 0xf8, 0x37, 0xff,
    0xd0, 0x7f, 0xf3, 0x3f, 0xff, 0x80, 0x87, 0xfc,
    0xff, 0xff, 0x0, 0x3f, 0xf9, 0xdf, 0xff, 0xc0,
    0xf, 0xfb, 0xff, 0xf8, 0x8, 0x7f, 0xf3, 0xaf,
    0xff, 0xe0, 0x7, 0xf5, 0xff, 0xf4, 0x1f, 0xfd,
    0xf, 0xff, 0xe0, 0x41, 0xf3, 0xff, 0xfc, 0x0,
    0xff, 0xe9, 0x7f, 0xff, 0x0, 0x3e, 0xff, 0xfe,
    0x2, 0x1f, 0xfd, 0x27, 0xff, 0xf8, 0x1, 0xdf,
    0xff, 0xc0, 0x83, 0xff, 0xa9, 0xff, 0xfc, 0x8,
    0x27, 0xff, 0xf8, 0x1, 0xff, 0xd6, 0xff, 0xfe,
    0x2, 0xf, 0xff, 0xe0, 0x21, 0xff, 0xd6, 0x7f,
    0xff, 0x80, 0x0,

    /* U+0059 "Y" */
    0x2b, 0xfe, 0x43, 0xff, 0xb4, 0xd7, 0xfc, 0x9f,
    0xff, 0xc0, 0x43, 0xff, 0xb3, 0xff, 0xfc, 0x0,
    0xbf, 0xff, 0x80, 0x1f, 0xfd, 0x8b, 0xff, 0xe8,
    0x2b, 0xff, 0xe8, 0x3f, 0xfa, 0xcf, 0xff, 0xf0,
    0x3, 0xbf, 0xff, 0x80, 0x87, 0xff, 0x57, 0xff,
    0xf8, 0x1, 0xe7, 0xff, 0xf8, 0x1, 0xff, 0xd4,
    0xbf, 0xfe, 0x83, 0xeb, 0xff, 0xe8, 0x3f, 0xfa,
    0x4f, 0xff, 0xf0, 0x3, 0xfb, 0xff, 0xf8, 0x1,
    0xff, 0xd2, 0xff, 0xfe, 0x0, 0x7f, 0x9f, 0xff,
    0xe0, 0x7, 0xff, 0x42, 0xff, 0xfa, 0xf, 0xfa,
    0xff, 0xf9, 0xf, 0xfe, 0x7f, 0xff, 0xf0, 0x3,
    0xff, 0x83, 0xff, 0xfc, 0x0, 0xff, 0xe7, 0x7f,
    0xff, 0x1, 0xf, 0xfe, 0xb, 0xff, 0xf4, 0x1f,
    0xfc, 0xc7, 0xff, 0xe8, 0x3f, 0xf8, 0x77, 0xff,
    0xc8, 0x7f, 0xf2, 0xff, 0xff, 0x80, 0x1f, 0xfc,
    0x5f, 0xff, 0xe0, 0x7, 0xff, 0x2a, 0xff, 0xf9,
    0xf, 0xfe, 0x2b, 0xff, 0xf4, 0x1f, 0xfc, 0x87,
    0xff, 0xe8, 0x3f, 0xf8, 0xf7, 0xff, 0xc1, 0xff,
    0xc8, 0xff, 0xfe, 0x0, 0x7f, 0xf2, 0x7f, 0xff,
    0x80, 0x1f, 0xfc, 0x6b, 0xff, 0xe4, 0x3f, 0xf9,
    0x2f, 0xff, 0xc8, 0x7f, 0xf1, 0x7f, 0xfe, 0x83,
    0xff, 0x97, 0x7f, 0xfc, 0x1f, 0xfc, 0x4f, 0xff,
    0xe0, 0x7, 0xff, 0x37, 0xff, 0xe8, 0x3f, 0xf8,
    0x4f, 0xff, 0xc8, 0x7f, 0xf3, 0x5f, 0xff, 0x90,
    0xff, 0xe0, 0xff, 0xfd, 0x7, 0xff, 0x3f, 0xff,
    0xf8, 0x1, 0xff, 0xc0, 0xbf, 0xfe, 0xf, 0xfe,
    0x8f, 0xff, 0xd0, 0x7f, 0x9f, 0xff, 0x90, 0xff,
    0xe8, 0xbf, 0xff, 0x7, 0xfb, 0xff, 0xe8, 0x3f,
    0xfa, 0x7f, 0xff, 0xc0, 0xf, 0xd7, 0xff, 0xc1,
    0xff, 0xd5, 0xff, 0xf9, 0xf, 0xbf, 0xfe, 0x43,
    0xff, 0xaa, 0xff, 0xfc, 0x1e, 0xff, 0xfe, 0x0,
    0x7f, 0xf5, 0xff, 0xfe, 0x83, 0x3f, 0xff, 0x7,
    0xff, 0x67, 0xff, 0xe4, 0x2f, 0xff, 0x90, 0xff,
    0xec, 0xdf, 0xff, 0x2, 0xff, 0xf8, 0x3f, 0xfb,
    0x7f, 0xff, 0x4f, 0xff, 0xc1, 0xff, 0xdd, 0xff,
    0xfe, 0x52, 0x1f, 0xfd, 0xdb, 0xff, 0xf9, 0x21,
    0xff, 0xdf, 0xff, 0xfe, 0x40, 0x7f, 0xf8, 0x7f,
    0xff, 0x8d, 0x7, 0xff, 0x86, 0xff, 0xfe, 0x28,
    0x7f, 0xf8, 0xff, 0xff, 0x88, 0x1f, 0xfe, 0x47,
    0xff, 0xf8, 0x50, 0x7f, 0xf9, 0x6f, 0xff, 0xe0,
    0x87, 0xff, 0x9f, 0xff, 0xf8, 0x1, 0xff, 0xe8,
    0x7f, 0xfd, 0x7, 0xff, 0xa7, 0xff, 0xc1, 0xff,
    0xea, 0xff, 0xf0, 0x7f, 0xfa, 0xbf, 0xfc, 0x1f,
    0xfe, 0xaf, 0xff, 0x7, 0xff, 0xab, 0xff, 0xc1,
    0xff, 0xea, 0xff, 0xf0, 0x7f, 0xfa, 0xbf, 0xfc,
    0x1f, 0xfe, 0xaf, 0xff, 0x7, 0xff, 0xab, 0xff,
    0xc1, 0xff, 0xea, 0xff, 0xf0, 0x7f, 0xfa, 0xbf,
    0xfc, 0x1f, 0xfe, 0xaf, 0xff, 0x7, 0xff, 0xab,
    0xff, 0xc1, 0xff, 0xea, 0xff, 0xf0, 0x7f, 0xfa,
    0xbf, 0xfc, 0x1f, 0xfe, 0xaf, 0xff, 0x7, 0xff,
    0xab, 0xff, 0xc1, 0xff, 0xea, 0xff, 0xf0, 0x7f,
    0xfa, 0xbf, 0xfc, 0x1f, 0xfe, 0xaf, 0xff, 0x7,
    0xff, 0xab, 0xff, 0xc1, 0xff, 0xea, 0xff, 0xf0,
    0x7f, 0xfa, 0xbf, 0xfc, 0x1f, 0xfe, 0xaf, 0xff,
    0x7, 0xff, 0xab, 0xff, 0xc1, 0xff, 0xea, 0xff,
    0xf0, 0x7f, 0xfa, 0xbf, 0xfc, 0x1f, 0xfc, 0xf0,

    /* U+005A "Z" */
    0xb, 0xff, 0xfc, 0xc1, 0xef, 0xff, 0xf3, 0x7,
    0xbf, 0xff, 0xcc, 0x1e, 0xff, 0xff, 0x30, 0x7b,
    0xff, 0xfc, 0xc1, 0xef, 0xff, 0xf3, 0x7, 0xbf,
    0xff, 0xcc, 0x1e, 0xff, 0xff, 0x30, 0x7a, 0xff,
    0xff, 0x28, 0x7f, 0xf7, 0xaf, 0xff, 0xe0, 0x7,
    0xff, 0x7a, 0xff, 0xfe, 0x2, 0x1f, 0xfd, 0xd7,
    0xff, 0xf8, 0x8, 0x7f, 0xf7, 0xbf, 0xff, 0x81,
    0x7, 0xff, 0x7b, 0xff, 0xf8, 0x21, 0xff, 0xde,
    0xbf, 0xff, 0x80, 0x1f, 0xfd, 0xe7, 0xff, 0xf8,
    0x8, 0x7f, 0xf7, 0x5f, 0xff, 0xe0, 0x41, 0xff,
    0xde, 0xff, 0xfe, 0x4, 0x1f, 0xfd, 0xef, 0xff,
    0xe0, 0x87, 0xff, 0x7a, 0xff, 0xfe, 0x0, 0x7f,
    0xf7, 0x9f, 0xff, 0xe0, 0x21, 0xff, 0xde, 0xff,
    0xfe, 0x4, 0x1f, 0xfd, 0xef, 0xff, 0xe0, 0x87,
    0xff, 0x7b, 0xff, 0xf8, 0x21, 0xff, 0xde, 0xbf,
    0xff, 0x80, 0x87, 0xff, 0x75, 0xff, 0xfe, 0x2,
    0x1f, 0xfd, 0xef, 0xff, 0xe0, 0x41, 0xff, 0xde,
    0xff, 0xfe, 0x8, 0x7f, 0xf7, 0xaf, 0xff, 0xe0,
    0x7, 0xff, 0x7a, 0xff, 0xfe, 0x2, 0x1f, 0xfd,
    0xd7, 0xff, 0xf8, 0x10, 0x7f, 0xf7, 0xbf, 0xff,
    0x81, 0x7, 0xff, 0x7b, 0xff, 0xf8, 0x21, 0xff,
    0xde, 0xbf, 0xff, 0x80, 0x1f, 0xfd, 0xe7, 0xff,
    0xf8, 0x8, 0x7f, 0xf7, 0xbf, 0xff, 0x81, 0x7,
    0xff, 0x7b, 0xff, 0xf8, 0x21, 0xff, 0xde, 0xff,
    0xfe, 0x8, 0x7f, 0xf7, 0xaf, 0xff, 0xe0, 0x21,
    0xff, 0xdd, 0x7f, 0xff, 0x80, 0x87, 0xff, 0x7b,
    0xff, 0xf8, 0x10, 0x7f, 0xf7, 0xbf, 0xff, 0x82,
    0x1f, 0xfd, 0xeb, 0xff, 0xf8, 0x1, 0xff, 0xde,
    0xbf, 0xff, 0x80, 0x87, 0xff, 0x75, 0xff, 0xfe,
    0x4, 0x1f, 0xfd, 0xef, 0xff, 0xe0, 0x41, 0xff,
    0xde, 0xff, 0xfe, 0x8, 0x7f, 0xf7, 0xaf, 0xff,
    0xe0, 0x7, 0xff, 0x79, 0xff, 0xfe, 0x2, 0x1f,
    0xfd, 0xd7, 0xff, 0xf8, 0x10, 0x7f, 0xf7, 0xbf,
    0xff, 0x82, 0x1f, 0xfd, 0xef, 0xff, 0xe0, 0x87,
    0xff, 0x7a, 0xff, 0xfe, 0x0, 0x7f, 0xf7, 0x9f,
    0xff, 0xe0, 0x21, 0xff, 0xde, 0xff, 0xfe, 0x4,
    0x1f, 0xfd, 0xef, 0xff, 0xe0, 0x87, 0xff, 0x7b,
    0xff, 0xf8, 0x21, 0xff, 0xde, 0xbf, 0xff, 0x80,
    0x87, 0xff, 0x75, 0xff, 0xff, 0x53, 0x7f, 0xff,
    0xa9, 0xbf, 0xff, 0xd4, 0xdf, 0xff, 0xea, 0x6f,
    0xff, 0xf5, 0x37, 0xff, 0xfa, 0x9b, 0xff, 0xfd,
    0x4d, 0xff, 0xfe, 0xa6, 0xff, 0xff, 0x52,

    /* U+005B "[" */
    0xbf, 0xff, 0x99, 0x7f, 0xff, 0x32, 0xff, 0xfe,
    0x65, 0xff, 0xfc, 0xcb, 0xff, 0xf9, 0x97, 0xff,
    0xf3, 0x2f, 0xff, 0xe6, 0x5f, 0xff, 0xcc, 0xbf,
    0xf4, 0x1f, 0xfc, 0x3b, 0xff, 0x41, 0xff, 0xc3,
    0xbf, 0xf4, 0x1f, 0xfc, 0x3b, 0xff, 0x41, 0xff,
    0xc3, 0xbf, 0xf4, 0x1f, 0xfc, 0x3b, 0xff, 0x41,
    0xff, 0xc3, 0xbf, 0xf4, 0x1f, 0xfc, 0x3b, 0xff,
    0x41, 0xff, 0xc3, 0xbf, 0xf4, 0x1f, 0xfc, 0x3b,
    0xff, 0x41, 0xff, 0xc3, 0xbf, 0xf4, 0x1f, 0xfc,
    0x3b, 0xff, 0x41, 0xff, 0xc3, 0xbf, 0xf4, 0x1f,
    0xfc, 0x3b, 0xff, 0x41, 0xff, 0xc3, 0xbf, 0xf4,
    0x1f, 0xfc, 0x3b, 0xff, 0x41, 0xff, 0xc3, 0xbf,
    0xf4, 0x1f, 0xfc, 0x3b, 0xff, 0x41, 0xff, 0xc3,
    0xbf, 0xf4, 0x1f, 0xfc, 0x3b, 0xff, 0x41, 0xff,
    0xc3, 0xbf, 0xf4, 0x1f, 0xfc, 0x3b, 0xff, 0x41,
    0xff, 0xc3, 0xbf, 0xf4, 0x1f, 0xfc, 0x3b, 0xff,
    0x41, 0xff, 0xc3, 0xbf, 0xf4, 0x1f, 0xfc, 0x3b,
    0xff, 0x41, 0xff, 0xc3, 0xbf, 0xf4, 0x1f, 0xfc,
    0x3b, 0xff, 0x41, 0xff, 0xc3, 0xbf, 0xf4, 0x1f,
    0xfc, 0x3b, 0xff, 0x41, 0xff, 0xc3, 0xbf, 0xf4,
    0x1f, 0xfc, 0x3b, 0xff, 0x41, 0xff, 0xc3, 0xbf,
    0xf4, 0x1f, 0xfc, 0x3b, 0xff, 0x41, 0xff, 0xc3,
    0xbf, 0xf4, 0x1f, 0xfc, 0x3b, 0xff, 0x41, 0xff,
    0xc3, 0xbf, 0xf4, 0x1f, 0xfc, 0x3b, 0xff, 0x41,
    0xff, 0xc3, 0xbf, 0xf4, 0x1f, 0xfc, 0x3b, 0xff,
    0x41, 0xff, 0xc3, 0xbf, 0xf4, 0x1f, 0xfc, 0x3b,
    0xff, 0x41, 0xff, 0xc3, 0xbf, 0xf4, 0x1f, 0xfc,
    0x3b, 0xff, 0x41, 0xff, 0xc3, 0xbf, 0xf4, 0x1f,
    0xfc, 0x3b, 0xff, 0x41, 0xff, 0xc3, 0xbf, 0xf4,
    0x1f, 0xfc, 0x3b, 0xff, 0x41, 0xff, 0xc3, 0xbf,
    0xf4, 0x1f, 0xfc, 0x3b, 0xff, 0x41, 0xff, 0xc3,
    0xbf, 0xf4, 0x1f, 0xfc, 0x3b, 0xff, 0x41, 0xff,
    0xc3, 0xbf, 0xf4, 0x1f, 0xfc, 0x3b, 0xff, 0x41,
    0xff, 0xc3, 0xbf, 0xf4, 0x1f, 0xfc, 0x3b, 0xff,
    0x41, 0xff, 0xc3, 0xbf, 0xf4, 0x1f, 0xfc, 0x3b,
    0xff, 0x41, 0xff, 0xc3, 0xbf, 0xf4, 0x1f, 0xfc,
    0x3b, 0xff, 0x41, 0xff, 0xc3, 0xbf, 0xf4, 0x1f,
    0xfc, 0x3b, 0xff, 0x41, 0xff, 0xc3, 0xbf, 0xf4,
    0x1f, 0xfc, 0x3b, 0xff, 0x41, 0xff, 0xc3, 0xbf,
    0xf4, 0x1f, 0xfc, 0x3b, 0xff, 0x41, 0xff, 0xc3,
    0xbf, 0xf4, 0x1f, 0xfc, 0x3b, 0xff, 0x41, 0xff,
    0xc3, 0xbf, 0xf4, 0x1f, 0xfc, 0x3b, 0xff, 0x41,
    0xff, 0xc3, 0xbf, 0xf4, 0x1f, 0xfc, 0x3b, 0xff,
    0x41, 0xff, 0xc3, 0xbf, 0xff, 0x99, 0x7f, 0xff,
    0x32, 0xff, 0xfe, 0x65, 0xff, 0xfc, 0xcb, 0xff,
    0xf9, 0x97, 0xff, 0xf3, 0x2f, 0xff, 0xe6, 0x5f,
    0xff, 0xcc,

    /* U+005C "\\" */
    0x2b, 0xf0, 0x7f, 0xf5, 0xff, 0xf8, 0x3f, 0xfa,
    0xd7, 0xfe, 0xf, 0xfe, 0xbf, 0xfe, 0x83, 0xff,
    0xad, 0xff, 0xc1, 0xff, 0xd6, 0x7f, 0xf2, 0x1f,
    0xfd, 0x6f, 0xfd, 0x7, 0xff, 0x5a, 0xff, 0xc1,
    0xff, 0xd7, 0xff, 0xc8, 0x7f, 0xf5, 0xbf, 0xf8,
    0x3f, 0xfa, 0xcf, 0xfe, 0xf, 0xfe, 0xbf, 0xfe,
    0x83, 0xff, 0xad, 0x7f, 0xe0, 0xff, 0xeb, 0x3f,
    0xf9, 0xf, 0xfe, 0xb7, 0xfe, 0x83, 0xff, 0xad,
    0x7f, 0xe0, 0xff, 0xeb, 0xff, 0xe4, 0x3f, 0xfa,
    0xdf, 0xfc, 0x1f, 0xfd, 0x67, 0xff, 0x7, 0xff,
    0x5f, 0xff, 0x41, 0xff, 0xd6, 0xbf, 0xf0, 0x7f,
    0xf5, 0x9f, 0xfc, 0x87, 0xff, 0x5b, 0xff, 0x41,
    0xff, 0xd6, 0xbf, 0xf0, 0x7f, 0xf5, 0xff, 0xf4,
    0x1f, 0xfd, 0x6f, 0xfe, 0xf, 0xfe, 0xb3, 0xff,
    0x90, 0xff, 0xeb, 0x7f, 0xe8, 0x3f, 0xfa, 0xd7,
    0xfe, 0xf, 0xfe, 0xb3, 0xff, 0x90, 0xff, 0xeb,
    0x7f, 0xf0, 0x7f, 0xf5, 0xaf, 0xfc, 0x1f, 0xfd,
    0x7f, 0xfd, 0x7, 0xff, 0x5b, 0xff, 0x83, 0xff,
    0xac, 0xff, 0xe4, 0x3f, 0xfa, 0xdf, 0xfa, 0xf,
    0xfe, 0xb5, 0xff, 0x83, 0xff, 0xaf, 0xff, 0x90,
    0xff, 0xeb, 0x7f, 0xf0, 0x7f, 0xf5, 0x9f, 0xfc,
    0x1f, 0xfd, 0x7f, 0xfd, 0x7, 0xff, 0x5a, 0xff,
    0xc1, 0xff, 0xd6, 0x7f, 0xf2, 0x1f, 0xfd, 0x6f,
    0xfd, 0x7, 0xff, 0x5a, 0xff, 0xc1, 0xff, 0xd7,
    0xff, 0xc8, 0x7f, 0xf5, 0xbf, 0xf8, 0x3f, 0xfa,
    0xcf, 0xfe, 0x43, 0xff, 0xad, 0xff, 0xa0, 0xff,
    0xeb, 0x5f, 0xf8, 0x3f, 0xfa, 0xcf, 0xfe, 0x43,
    0xff, 0xad, 0xff, 0xc1, 0xff, 0xd6, 0xbf, 0xf0,
    0x7f, 0xf5, 0xff, 0xf4, 0x1f, 0xfd, 0x6f, 0xfe,
    0xf, 0xfe, 0xb3, 0xff, 0x90, 0xff, 0xeb, 0x7f,
    0xe8, 0x3f, 0xfa, 0xd7, 0xfe, 0xf, 0xfe, 0xb3,
    0xff, 0x90, 0xff, 0xeb, 0x7f, 0xf0, 0x7f, 0xf5,
    0xaf, 0xfc, 0x1f, 0xfd, 0x7f, 0xfd, 0x7, 0xff,
    0x5b, 0xff, 0x83, 0xff, 0xac, 0xff, 0xe4, 0x3f,
    0xfa, 0xdf, 0xfa, 0xf, 0xfe, 0xb5, 0xff, 0x83,
    0xff, 0xaf, 0xff, 0x90, 0xff, 0xeb, 0x7f, 0xf0,
    0x7f, 0xf5, 0x9f, 0xfc, 0x1f, 0xfd, 0x7f, 0xfd,
    0x7, 0xff, 0x5a, 0xff, 0xc1, 0xff, 0xd6, 0x7f,
    0xf2, 0x1f, 0xfd, 0x6f, 0xfe, 0xf, 0xfe, 0xb5,
    0xff, 0x83, 0xff, 0xaf, 0xff, 0xa0, 0xff, 0xeb,
    0x7f, 0xf0, 0x7f, 0xf5, 0x9f, 0xfc, 0x87, 0xff,
    0x5b, 0xff, 0x41, 0xff, 0xd6, 0xbf, 0xf0, 0x7f,
    0xf5, 0x9f, 0xfc, 0x87, 0xff, 0x5b, 0xff, 0x83,
    0xff, 0xad, 0x7f, 0xe0, 0xff, 0xeb, 0xff, 0xe8,
    0x3f, 0xfa, 0xdf, 0xfc, 0x1f, 0xfd, 0x67, 0xff,
    0x21, 0xff, 0xd6, 0xff, 0xd0, 0x7f, 0xf5, 0xaf,
    0xfc, 0x0,

    /* U+005D "]" */
    0xbf, 0xff, 0x99, 0x7f, 0xff, 0x32, 0xff, 0xfe,
    0x65, 0xff, 0xfc, 0xcb, 0xff, 0xf9, 0x97, 0xff,
    0xf3, 0x2f, 0xff, 0xe6, 0x5f, 0xff, 0xcc, 0xf,
    0xfe, 0x1b, 0xff, 0xc1, 0xff, 0xc3, 0x7f, 0xf8,
    0x3f, 0xf8, 0x6f, 0xff, 0x7, 0xff, 0xd, 0xff,
    0xe0, 0xff, 0xe1, 0xbf, 0xfc, 0x1f, 0xfc, 0x37,
    0xff, 0x83, 0xff, 0x86, 0xff, 0xf0, 0x7f, 0xf0,
    0xdf, 0xfe, 0xf, 0xfe, 0x1b, 0xff, 0xc1, 0xff,
    0xc3, 0x7f, 0xf8, 0x3f, 0xf8, 0x6f, 0xff, 0x7,
    0xff, 0xd, 0xff, 0xe0, 0xff, 0xe1, 0xbf, 0xfc,
    0x1f, 0xfc, 0x37, 0xff, 0x83, 0xff, 0x86, 0xff,
    0xf0, 0x7f, 0xf0, 0xdf, 0xfe, 0xf, 0xfe, 0x1b,
    0xff, 0xc1, 0xff, 0xc3, 0x7f, 0xf8, 0x3f, 0xf8,
    0x6f, 0xff, 0x7, 0xff, 0xd, 0xff, 0xe0, 0xff,
    0xe1, 0xbf, 0xfc, 0x1f, 0xfc, 0x37, 0xff, 0x83,
    0xff, 0x86, 0xff, 0xf0, 0x7f, 0xf0, 0xdf, 0xfe,
    0xf, 0xfe, 0x1b, 0xff, 0xc1, 0xff, 0xc3, 0x7f,
    0xf8, 0x3f, 0xf8, 0x6f, 0xff, 0x7, 0xff, 0xd,
    0xff, 0xe0, 0xff, 0xe1, 0xbf, 0xfc, 0x1f, 0xfc,
    0x37, 0xff, 0x83, 0xff, 0x86, 0xff, 0xf0, 0x7f,
    0xf0, 0xdf, 0xfe, 0xf, 0xfe, 0x1b, 0xff, 0xc1,
    0xff, 0xc3, 0x7f, 0xf8, 0x3f, 0xf8, 0x6f, 0xff,
    0x7, 0xff, 0xd, 0xff, 0xe0, 0xff, 0xe1, 0xbf,
    0xfc, 0x1f, 0xfc, 0x37, 0xff, 0x83, 0xff, 0x86,
    0xff, 0xf0, 0x7f, 0xf0, 0xdf, 0xfe, 0xf, 0xfe,
    0x1b, 0xff, 0xc1, 0xff, 0xc3, 0x7f, 0xf8, 0x3f,
    0xf8, 0x6f, 0xff, 0x7, 0xff, 0xd, 0xff, 0xe0,
    0xff, 0xe1, 0xbf, 0xfc, 0x1f, 0xfc, 0x37, 0xff,
    0x83, 0xff, 0x86, 0xff, 0xf0, 0x7f, 0xf0, 0xdf,
    0xfe, 0xf, 0xfe, 0x1b, 0xff, 0xc1, 0xff, 0xc3,
    0x7f, 0xf8, 0x3f, 0xf8, 0x6f, 0xff, 0x7, 0xff,
    0xd, 0xff, 0xe0, 0xff, 0xe1, 0xbf, 0xfc, 0x1f,
    0xfc, 0x37, 0xff, 0x83, 0xff, 0x86, 0xff, 0xf0,
    0x7f, 0xf0, 0xdf, 0xfe, 0xf, 0xfe, 0x1b, 0xff,
    0xc1, 0xff, 0xc3, 0x7f, 0xf8, 0x3f, 0xf8, 0x6f,
    0xff, 0x7, 0xff, 0xd, 0xff, 0xe0, 0xff, 0xe1,
    0xbf, 0xfc, 0x1f, 0xfc, 0x37, 0xff, 0x83, 0xff,
    0x86, 0xff, 0xf0, 0x7f, 0xf0, 0xdf, 0xfe, 0xf,
    0xfe, 0x1b, 0xff, 0xc1, 0xff, 0xc3, 0x7f, 0xf8,
    0x3f, 0xf8, 0x6f, 0xff, 0x7, 0xff, 0xd, 0xff,
    0xe0, 0xff, 0xe1, 0xbf, 0xfc, 0x1f, 0xfc, 0x37,
    0xff, 0x83, 0xff, 0x86, 0xff, 0xf0, 0x7f, 0xf0,
    0xdf, 0xfe, 0xbf, 0xff, 0x99, 0x7f, 0xff, 0x32,
    0xff, 0xfe, 0x65, 0xff, 0xfc, 0xcb, 0xff, 0xf9,
    0x97, 0xff, 0xf3, 0x2f, 0xff, 0xe6, 0x5f, 0xff,
    0xcc,

    /* U+005E "^" */
    0xf, 0xfe, 0x25, 0x7e, 0x43, 0xff, 0xa7, 0x7f,
    0xf2, 0x1f, 0xfd, 0x2f, 0xff, 0x83, 0xff, 0xa3,
    0x7f, 0xfc, 0x87, 0xff, 0x43, 0xff, 0xf8, 0x21,
    0xff, 0xcf, 0xbf, 0xff, 0x82, 0x1f, 0xfc, 0xff,
    0xff, 0xe1, 0x41, 0xff, 0xcd, 0x7f, 0xff, 0x86,
    0x1f, 0xfc, 0xdf, 0xff, 0xe2, 0x41, 0xff, 0xcb,
    0x7f, 0xf3, 0xff, 0x83, 0xff, 0x97, 0xff, 0xa3,
    0xff, 0x41, 0xff, 0xc9, 0x7f, 0xf0, 0x1f, 0xfc,
    0x1f, 0xfc, 0x9f, 0xfd, 0x5, 0xff, 0x90, 0xff,
    0xe3, 0xbf, 0xf8, 0x33, 0xff, 0x83, 0xff, 0x8f,
    0x7f, 0xd0, 0x77, 0xfe, 0x43, 0xff, 0x8d, 0xff,
    0x83, 0xcf, 0xfe, 0xf, 0xfe, 0x2d, 0xff, 0x41,
    0xf7, 0xfe, 0x43, 0xff, 0x89, 0xff, 0x83, 0xf5,
    0xff, 0x83, 0xff, 0x87, 0x7f, 0xd0, 0x7f, 0x7f,
    0xe4, 0x3f, 0xf8, 0x5f, 0xf8, 0x3f, 0xd7, 0xfd,
    0x7, 0xff, 0x6, 0xff, 0xa0, 0xff, 0xbf, 0xf0,
    0x7f, 0xf0, 0x7f, 0xf0, 0x7f, 0xf0, 0x2f, 0xfa,
    0xf, 0xf9, 0xff, 0xa0, 0xff, 0xe0, 0xff, 0xe0,
    0xff, 0xbf, 0xf2, 0x1f, 0xfc, 0x1b, 0xfe, 0x83,
    0xf9, 0xff, 0xc1, 0xff, 0xc3, 0xff, 0xc1, 0xfd,
    0xff, 0x90, 0xff, 0xe1, 0xdf, 0xf4, 0x1f, 0x3f,
    0xf8, 0x3f, 0xf8, 0xbf, 0xf8, 0x3e, 0xff, 0xc8,
    0x7f, 0xf1, 0x6f, 0xf9, 0xe, 0x7f, 0xf0, 0x7f,
    0xf1, 0xff, 0xf0, 0x75, 0xff, 0x21, 0xff, 0xc7,
    0xbf, 0xe4, 0x37, 0xfe, 0xf, 0xfe, 0x43, 0xff,
    0x82, 0xbf, 0xe4, 0x3f, 0xf9, 0x3f, 0xf9, 0x7,
    0xfe, 0xf, 0xfe, 0x53, 0xff, 0x80,

    /* U+005F "_" */
    0x5f, 0xff, 0x1f, 0xff, 0xff, 0xff, 0xff, 0xff,
    0xff, 0xff, 0xff, 0xff, 0xff, 0xff, 0xff, 0xff,

    /* U+0060 "`" */
    0x3f, 0xfe, 0xf, 0xfb, 0xff, 0xd0, 0x7f, 0xdf,
    0xfe, 0x43, 0xfe, 0xff, 0xf0, 0x7f, 0xf0, 0x3f,
    0xfa, 0xf, 0xfe, 0x7, 0xff, 0x7, 0xff, 0x7,
    0xff, 0x83, 0xff, 0x83, 0xff, 0xa0, 0xff, 0xe0,
    0xff, 0xe0, 0xff, 0xe1, 0x7f, 0xe0, 0xff, 0xe0,
    0xbf, 0xf2, 0x1f, 0xfc, 0x17, 0xfe, 0xf, 0xfe,
    0x13, 0xfe, 0x83, 0xff, 0x84, 0xff, 0x90,

    /* U+0061 "a" */
    0xf, 0xff, 0x8b, 0x4f, 0xff, 0xa4, 0x3f, 0xf9,
    0xcf, 0xff, 0xf2, 0x20, 0xff, 0xe4, 0xdf, 0xff,
    0xcc, 0x83, 0xff, 0x8a, 0xff, 0xff, 0x41, 0xf,
    0xfe, 0x15, 0xff, 0xfd, 0x28, 0x3f, 0xf8, 0x1f,
    0xff, 0xd5, 0x83, 0xfd, 0x7f, 0xff, 0x59, 0xf,
    0xd7, 0xff, 0xf6, 0x3, 0xf7, 0xff, 0xf0, 0x65,
    0x7, 0x9b, 0xff, 0xf8, 0x30, 0x7a, 0xff, 0xfa,
    0xf, 0xfe, 0xb, 0xff, 0xfc, 0x0, 0xf7, 0xff,
    0xc8, 0x7f, 0xf1, 0x3f, 0xfe, 0x43, 0x5f, 0xfe,
    0xf, 0xfe, 0x3f, 0xff, 0xc1, 0xbf, 0xfc, 0x87,
    0xff, 0x1d, 0xff, 0xf0, 0x6f, 0xff, 0x7, 0xff,
    0x27, 0xff, 0xc8, 0x1f, 0xfe, 0x83, 0xff, 0x93,
    0x7f, 0xf2, 0xb, 0xff, 0x90, 0xff, 0xe4, 0xbf,
    0xfd, 0x7, 0xff, 0x5f, 0xff, 0xa0, 0xff, 0xeb,
    0xff, 0xf4, 0x1f, 0xfd, 0x7f, 0xfe, 0x83, 0xff,
    0x8c, 0xba, 0xbf, 0xf8, 0x3f, 0xfe, 0xf, 0xfe,
    0x15, 0xff, 0xfd, 0x20, 0xff, 0xaf, 0xff, 0xea,
    0x87, 0xf5, 0xff, 0xfd, 0x70, 0xfa, 0xff, 0xfe,
    0xc8, 0x7b, 0xff, 0xfb, 0x61, 0xdf, 0xff, 0xdc,
    0xd, 0xff, 0xfd, 0xd0, 0xaf, 0xff, 0xe1, 0x4a,
    0xf, 0xfe, 0x17, 0xff, 0x80, 0xff, 0xff, 0x5,
    0xf, 0xfe, 0x37, 0xff, 0x81, 0xff, 0xfc, 0x4,
    0x3f, 0xf9, 0x1f, 0xfe, 0x7, 0xff, 0xc1, 0xff,
    0xca, 0xff, 0xf1, 0x7f, 0xf9, 0xf, 0xfe, 0x4b,
    0xff, 0xe3, 0xff, 0xe0, 0xff, 0xe5, 0x3f, 0xfe,
    0x3f, 0xfc, 0x87, 0xff, 0x2a, 0xff, 0xf1, 0xff,
    0xe0, 0xff, 0xe5, 0xff, 0xfc, 0x7f, 0xf8, 0x3f,
    0xf9, 0x4f, 0xff, 0xc7, 0xff, 0x83, 0xff, 0x95,
    0xff, 0xfc, 0x3, 0xff, 0xc1, 0xff, 0xc9, 0xbf,
    0xff, 0x80, 0x7f, 0xf9, 0xf, 0xfe, 0x3b, 0xff,
    0xfc, 0x13, 0xff, 0xe0, 0xff, 0xe3, 0x5f, 0xff,
    0xc2, 0x3f, 0xfe, 0x43, 0xff, 0x89, 0xff, 0xfc,
    0x42, 0xff, 0xfa, 0xf, 0xfe, 0xd, 0xff, 0xfc,
    0x50, 0x7f, 0xff, 0x6, 0xf, 0x9b, 0xff, 0xf9,
    0x0, 0xbf, 0xff, 0xa9, 0x7f, 0xf0, 0x5f, 0xff,
    0xd3, 0x1f, 0xfe, 0x9, 0xff, 0xfe, 0x88, 0x1f,
    0xfe, 0xc, 0xff, 0xff, 0x3a, 0x9, 0xff, 0xe0,
    0xe7, 0xff, 0xf9, 0x88, 0x67, 0xff, 0x83, 0xeb,
    0xff, 0xf9, 0x10, 0x79, 0xff, 0xe0, 0xfe, 0xbf,
    0xff, 0x88, 0x87, 0xe6, 0xbf, 0x83, 0xfe, 0x69,
    0xff, 0x51, 0xf, 0xfe, 0x48,

    /* U+0062 "b" */
    0x7f, 0xfa, 0xf, 0xfe, 0xcb, 0xff, 0xd0, 0x7f,
    0xf6, 0x5f, 0xfe, 0x83, 0xff, 0xb2, 0xff, 0xf4,
    0x1f, 0xfd, 0x97, 0xff, 0xa0, 0xff, 0xec, 0xbf,
    0xfd, 0x7, 0xff, 0x65, 0xff, 0xe8, 0x3f, 0xfb,
    0x2f, 0xff, 0x41, 0xff, 0xd9, 0x7f, 0xfa, 0xf,
    0xfe, 0xcb, 0xff, 0xd0, 0x7f, 0xf6, 0x5f, 0xfe,
    0x83, 0xff, 0xb2, 0xff, 0xf4, 0x1f, 0xfd, 0x97,
    0xff, 0xa0, 0xff, 0xec, 0xbf, 0xfd, 0x7, 0xff,
    0x65, 0xff, 0xe8, 0x3f, 0xfb, 0x2f, 0xff, 0x41,
    0xff, 0xd9, 0x7f, 0xfa, 0xf, 0xfe, 0xcb, 0xff,
    0xd0, 0x7f, 0xf6, 0x5f, 0xfe, 0x83, 0xff, 0xb2,
    0xff, 0xf4, 0x1f, 0xcd, 0xff, 0xa4, 0x3f, 0xf8,
    0x8f, 0xff, 0x41, 0xf5, 0xff, 0xfc, 0x29, 0xf,
    0xfe, 0xb, 0xff, 0xd0, 0x73, 0xff, 0xfc, 0x74,
    0x3f, 0xe7, 0xff, 0xa0, 0xd7, 0xff, 0xf2, 0x60,
    0xff, 0x3f, 0xfd, 0x5, 0xff, 0xfc, 0xd0, 0xfe,
    0x7f, 0xfa, 0x7, 0xff, 0xf3, 0xc3, 0xf3, 0xff,
    0xd1, 0xff, 0xfd, 0x10, 0xf9, 0xff, 0xea, 0x7f,
    0xff, 0x48, 0x3c, 0xff, 0xff, 0x1a, 0x43, 0x9b,
    0xff, 0xf8, 0x50, 0x73, 0xff, 0xfc, 0x44, 0x3f,
    0xf8, 0x17, 0xff, 0xf0, 0x10, 0xcf, 0xff, 0xf0,
    0xc3, 0xff, 0x86, 0xff, 0xff, 0x0, 0x33, 0xff,
    0xfc, 0x20, 0xff, 0xe3, 0x7f, 0xfc, 0x84, 0xff,
    0xff, 0x4, 0x3f, 0xf8, 0xef, 0xff, 0xc1, 0x3f,
    0xff, 0xc0, 0x43, 0xff, 0x91, 0x7f, 0xf9, 0x3,
    0xff, 0xfc, 0x0, 0xff, 0xe5, 0x7f, 0xfa, 0x3,
    0xff, 0xf2, 0x1f, 0xfc, 0xa7, 0xff, 0xc0, 0x7f,
    0xfe, 0xf, 0xfe, 0x67, 0xff, 0x91, 0xff, 0xf2,
    0x1f, 0xfc, 0xcf, 0xff, 0x43, 0xff, 0xe0, 0xff,
    0xe6, 0xdf, 0xfe, 0x1f, 0xff, 0x7, 0xff, 0x35,
    0xff, 0xf0, 0xff, 0xf4, 0x1f, 0xfc, 0xef, 0xff,
    0xf, 0xff, 0x41, 0xff, 0xce, 0xff, 0xf0, 0xff,
    0xf2, 0x1f, 0xfc, 0xef, 0xff, 0x2b, 0xff, 0x90,
    0xff, 0xe7, 0x7f, 0xf9, 0x5f, 0xfc, 0x87, 0xff,
    0x3b, 0xff, 0xca, 0xff, 0xe4, 0x3f, 0xf9, 0xdf,
    0xfe, 0x57, 0xff, 0x21, 0xff, 0xce, 0xff, 0xf2,
    0xbf, 0xf9, 0xf, 0xfe, 0x77, 0xff, 0x95, 0xff,
    0xc8, 0x7f, 0xf3, 0xbf, 0xfc, 0xaf, 0xfe, 0x83,
    0xff, 0x9d, 0xff, 0xe1, 0xff, 0xe8, 0x3f, 0xf9,
    0xdf, 0xfe, 0x1f, 0xff, 0x7, 0xff, 0x35, 0xff,
    0xf0, 0xff, 0xf8, 0x3f, 0xf9, 0xb7, 0xff, 0x43,
    0xff, 0xe4, 0x3f, 0xf9, 0x9f, 0xfe, 0x87, 0xff,
    0xe0, 0xff, 0xe6, 0x7f, 0xf9, 0x1f, 0xff, 0x83,
    0xff, 0x97, 0x7f, 0xf8, 0xf, 0xff, 0xd0, 0x7f,
    0xf2, 0xbf, 0xfd, 0x1, 0xff, 0xfe, 0x2, 0x1f,
    0xfc, 0x8b, 0xff, 0xc8, 0x1f, 0xff, 0xe0, 0x87,
    0xff, 0x1d, 0xff, 0xf8, 0x27, 0xff, 0xf8, 0x41,
    0xff, 0xc5, 0x7f, 0xfe, 0x42, 0x7f, 0xff, 0x86,
    0x1f, 0xfc, 0x37, 0xff, 0xf8, 0x1, 0x9f, 0xff,
    0xe2, 0x41, 0xff, 0x3f, 0xff, 0xc1, 0xe, 0x7f,
    0xff, 0x8d, 0x21, 0xcd, 0xff, 0xfc, 0x24, 0x39,
    0xff, 0xfe, 0xe4, 0x1e, 0x7f, 0xfa, 0xff, 0xfe,
    0x90, 0x7c, 0xff, 0xf1, 0x7f, 0xff, 0x40, 0x3f,
    0x3f, 0xfc, 0xb, 0xff, 0xf9, 0xb0, 0x7f, 0x3f,
    0xfc, 0x13, 0xff, 0xfc, 0xb4, 0x3f, 0xcf, 0xff,
    0x7, 0x7f, 0xff, 0x22, 0xf, 0xfe, 0xd, 0x7f,
    0x7, 0x9b, 0xff, 0xf8, 0x68, 0x7f, 0xf5, 0x5a,
    0x7f, 0xd2, 0x1f, 0xfc, 0x50,

    /* U+0063 "c" */
    0xf, 0xff, 0xa3, 0x7f, 0xfd, 0x21, 0xff, 0xd1,
    0x6f, 0xff, 0xe3, 0x41, 0xff, 0xcc, 0x7f, 0xff,
    0x97, 0x7, 0xff, 0x27, 0xff, 0xf9, 0xe8, 0x7f,
    0xf1, 0x5f, 0xff, 0xe8, 0xc1, 0xff, 0xc3, 0x7f,
    0xff, 0xa7, 0x7, 0xff, 0x5, 0xff, 0xfe, 0xac,
    0x1f, 0xf3, 0xff, 0xfd, 0x74, 0x3f, 0xdf, 0xff,
    0xc2, 0x90, 0xe6, 0xff, 0xfe, 0x10, 0x7f, 0x7f,
    0xff, 0x5, 0xf, 0xfe, 0x7, 0xff, 0xf0, 0x20,
    0xf9, 0xff, 0xfa, 0xf, 0xfe, 0x1b, 0xff, 0xf0,
    0x7d, 0xff, 0xf4, 0x1f, 0xfc, 0x57, 0xff, 0xd0,
    0x75, 0xff, 0xe8, 0x3f, 0xf8, 0xf7, 0xff, 0x83,
    0xbf, 0xfe, 0xf, 0xfe, 0x4f, 0xff, 0x90, 0x9f,
    0xff, 0x21, 0xff, 0xc9, 0x7f, 0xfa, 0xb, 0xff,
    0xe0, 0xff, 0xe5, 0xff, 0xf8, 0x2f, 0xff, 0x21,
    0xff, 0xcb, 0xff, 0xf0, 0x1f, 0xff, 0x7, 0xff,
    0x31, 0xaf, 0xe0, 0x5f, 0xfe, 0xf, 0xfe, 0xc5,
    0xff, 0xd0, 0x7f, 0xf6, 0x3f, 0xfc, 0x87, 0xff,
    0x63, 0xff, 0xc1, 0xff, 0xd9, 0xff, 0xf0, 0x7f,
    0xf6, 0x7f, 0xfc, 0x1f, 0xfd, 0x9f, 0xff, 0x7,
    0xff, 0x67, 0xff, 0xc1, 0xff, 0xd9, 0xff, 0xf0,
    0x7f, 0xf6, 0x7f, 0xfc, 0x1f, 0xfd, 0x9f, 0xff,
    0x7, 0xff, 0x67, 0xff, 0xc8, 0x7f, 0xf6, 0x3f,
    0xfc, 0x87, 0xff, 0x62, 0xff, 0xe8, 0x3f, 0xf9,
    0xab, 0xfc, 0xb, 0xff, 0xc1, 0xff, 0xcc, 0x7f,
    0xf9, 0x1f, 0xff, 0x7, 0xff, 0x32, 0xff, 0xe0,
    0xbf, 0xfd, 0x7, 0xff, 0x2f, 0xff, 0xc1, 0x7f,
    0xfc, 0x1f, 0xfc, 0xbf, 0xfe, 0x82, 0x7f, 0xfc,
    0x87, 0xff, 0x26, 0xff, 0xe4, 0x37, 0xff, 0xc1,
    0xff, 0xc9, 0xff, 0xf0, 0x75, 0xff, 0xe8, 0x3f,
    0xf8, 0xff, 0xfe, 0x83, 0xdf, 0xff, 0x41, 0xff,
    0xc5, 0xbf, 0xfc, 0x1f, 0x3f, 0xff, 0x41, 0xff,
    0xc3, 0xbf, 0xfd, 0x7, 0xef, 0xff, 0xe0, 0xa1,
    0xff, 0x3f, 0xff, 0xc0, 0xf, 0xf7, 0xff, 0xf0,
    0xa5, 0x1, 0x54, 0xff, 0xfe, 0xa, 0x1f, 0xe7,
    0xff, 0xfa, 0xd0, 0x7f, 0xf0, 0x1f, 0xff, 0xea,
    0x87, 0xff, 0x9, 0xff, 0xfe, 0x98, 0x7f, 0xf1,
    0x1f, 0xff, 0xe8, 0x87, 0xff, 0x1e, 0xff, 0xfe,
    0x6a, 0x1f, 0xfc, 0x97, 0xff, 0xf9, 0x50, 0x7f,
    0xf3, 0x5b, 0xff, 0xf8, 0xa8, 0x7f, 0xf4, 0xdb,
    0xff, 0x51, 0xf, 0xfe, 0x20,

    /* U+0064 "d" */
    0xf, 0xfe, 0xcb, 0xff, 0xd0, 0x7f, 0xf6, 0x5f,
    0xfe, 0x83, 0xff, 0xb2, 0xff, 0xf4, 0x1f, 0xfd,
    0x97, 0xff, 0xa0, 0xff, 0xec, 0xbf, 0xfd, 0x7,
    0xff, 0x65, 0xff, 0xe8, 0x3f, 0xfb, 0x2f, 0xff,
    0x41, 0xff, 0xd9, 0x7f, 0xfa, 0xf, 0xfe, 0xcb,
    0xff, 0xd0, 0x7f, 0xf6, 0x5f, 0xfe, 0x83, 0xff,
    0xb2, 0xff, 0xf4, 0x1f, 0xfd, 0x97, 0xff, 0xa0,
    0xff, 0xec, 0xbf, 0xfd, 0x7, 0xff, 0x65, 0xff,
    0xe8, 0x3f, 0xfb, 0x2f, 0xff, 0x41, 0xff, 0xd9,
    0x7f, 0xfa, 0xf, 0xfe, 0xcb, 0xff, 0xd0, 0x7f,
    0xf6, 0x5f, 0xfe, 0x83, 0xff, 0xb2, 0xff, 0xf4,
    0x1f, 0xfc, 0x46, 0x9f, 0xf4, 0x87, 0xf3, 0xff,
    0xd0, 0x7f, 0xf0, 0xaf, 0xff, 0xe1, 0x41, 0xf3,
    0xff, 0xd0, 0x7f, 0xf0, 0x2f, 0xff, 0xe3, 0x41,
    0xcf, 0xff, 0x41, 0xfe, 0x7f, 0xff, 0x94, 0x19,
    0xff, 0xe8, 0x3f, 0xaf, 0xff, 0xe6, 0x20, 0x7f,
    0xfa, 0xf, 0xdf, 0xff, 0xcf, 0x3, 0xff, 0xd0,
    0x7d, 0xff, 0xfd, 0x11, 0xff, 0xe8, 0x3d, 0x7f,
    0xff, 0x49, 0xff, 0xe8, 0x39, 0xff, 0xfe, 0x14,
    0x87, 0x37, 0xff, 0xf1, 0xa0, 0xef, 0xff, 0xe0,
    0xa1, 0xff, 0x3f, 0xff, 0xc4, 0x83, 0x5f, 0xff,
    0x21, 0xff, 0xc3, 0xbf, 0xff, 0x85, 0x4, 0xff,
    0xfc, 0x87, 0xff, 0x16, 0xff, 0xfe, 0xc, 0x15,
    0xff, 0xe4, 0x3f, 0xf8, 0xff, 0xff, 0xc1, 0x82,
    0xff, 0xf8, 0x3f, 0xf9, 0x3f, 0xff, 0xc0, 0x81,
    0x7f, 0xf8, 0x3f, 0xf9, 0x57, 0xff, 0xd0, 0x3f,
    0xfd, 0x7, 0xff, 0x2f, 0xff, 0xe8, 0x1f, 0xfe,
    0x43, 0xff, 0x97, 0x7f, 0xfa, 0x1f, 0xff, 0x7,
    0xff, 0x37, 0xff, 0xd1, 0x7f, 0xf4, 0x1f, 0xfc,
    0xdf, 0xff, 0x47, 0xff, 0xa0, 0xff, 0xe6, 0xdf,
    0xfd, 0x1f, 0xfe, 0x43, 0xff, 0x9b, 0x7f, 0xf4,
    0x7f, 0xf8, 0x3f, 0xf9, 0xcf, 0xff, 0x47, 0xff,
    0x83, 0xff, 0x9c, 0xff, 0xf4, 0x7f, 0xf8, 0x3f,
    0xf9, 0xff, 0xfd, 0x1f, 0xfe, 0xf, 0xfe, 0x7f,
    0xff, 0x47, 0xff, 0x83, 0xff, 0x9f, 0xff, 0xd1,
    0xff, 0xe0, 0xff, 0xe7, 0xff, 0xf4, 0x7f, 0xf8,
    0x3f, 0xf9, 0xff, 0xfd, 0x1f, 0xfe, 0xf, 0xfe,
    0x73, 0xff, 0xd1, 0xff, 0xe4, 0x3f, 0xf9, 0xaf,
    0xff, 0x47, 0xff, 0x90, 0xff, 0xe6, 0xdf, 0xfd,
    0x17, 0xff, 0x41, 0xff, 0xcd, 0xbf, 0xfa, 0x2f,
    0xff, 0x7, 0xff, 0x37, 0xff, 0xd0, 0xff, 0xf8,
    0x3f, 0xf9, 0x8f, 0xff, 0xa0, 0x7f, 0xf9, 0xf,
    0xfe, 0x5d, 0xff, 0xe8, 0x1f, 0xff, 0x7, 0xff,
    0x2f, 0xff, 0xe8, 0xf, 0xff, 0x90, 0xff, 0xe4,
    0xdf, 0xff, 0x41, 0x7f, 0xfc, 0x1f, 0xfc, 0x9f,
    0xff, 0xe0, 0x41, 0x5f, 0xfe, 0x83, 0xff, 0x8f,
    0xff, 0xfc, 0x18, 0x37, 0xff, 0xc8, 0x7f, 0xf1,
    0x6f, 0xff, 0xe0, 0xc1, 0xaf, 0xff, 0xa0, 0xff,
    0xe1, 0xff, 0xff, 0xe, 0xe, 0xff, 0xfe, 0xa,
    0x1f, 0xf3, 0xff, 0xfc, 0x48, 0x39, 0xff, 0xfe,
    0x14, 0x87, 0x37, 0xff, 0xf1, 0xa0, 0xf3, 0xff,
    0xfd, 0xc8, 0x3e, 0xbf, 0xff, 0xa3, 0x4f, 0xfd,
    0x7, 0xeb, 0xff, 0xfa, 0x5, 0xff, 0xa0, 0xfe,
    0xbf, 0xff, 0x9c, 0xb, 0xff, 0x41, 0xfe, 0x7f,
    0xff, 0x97, 0x5, 0x7f, 0xe8, 0x3f, 0xf8, 0xf,
    0xff, 0xf2, 0x10, 0xd7, 0xfe, 0x83, 0xff, 0x84,
    0xff, 0xff, 0x11, 0xf, 0x35, 0xf9, 0xf, 0xfe,
    0x2b, 0x4f, 0xfa, 0x43, 0xff, 0x8e,

    /* U+0065 "e" */
    0xf, 0xff, 0xb3, 0x7f, 0xfa, 0x88, 0x7f, 0xf4,
    0xdb, 0xff, 0xf8, 0xb2, 0x1f, 0xfc, 0xe7, 0xff,
    0xf9, 0x68, 0x7f, 0xf2, 0xef, 0xff, 0xe6, 0xc1,
    0xff, 0xc9, 0xff, 0xfe, 0x88, 0x7f, 0xf1, 0xff,
    0xff, 0xa6, 0x87, 0xff, 0x13, 0xff, 0xfa, 0xa8,
    0x7f, 0xf0, 0xbf, 0xff, 0xae, 0x1f, 0xfc, 0x1f,
    0xff, 0xe1, 0x48, 0x79, 0xbf, 0xff, 0x82, 0x1f,
    0xf5, 0xff, 0xfc, 0x4, 0x3f, 0xf8, 0x17, 0xff,
    0xd0, 0x7f, 0xbf, 0xfe, 0x83, 0xff, 0x89, 0xff,
    0xf0, 0x7f, 0x7f, 0xfc, 0x87, 0xff, 0x1b, 0xff,
    0xd0, 0x7c, 0xff, 0xfa, 0xf, 0xfe, 0x47, 0xff,
    0x83, 0xef, 0xff, 0x83, 0xff, 0x92, 0xff, 0xf4,
    0x1e, 0xff, 0xf2, 0x1f, 0xfc, 0xaf, 0xff, 0x7,
    0x5f, 0xfe, 0xf, 0xfe, 0x5b, 0xff, 0xc8, 0x6f,
    0xff, 0x41, 0xff, 0xcc, 0xff, 0xe8, 0x37, 0xff,
    0x83, 0xff, 0x9b, 0xff, 0xe0, 0x9f, 0xff, 0x7,
    0xff, 0x36, 0xff, 0xe0, 0xaf, 0xfe, 0x83, 0xff,
    0x9a, 0xff, 0xf2, 0xf, 0xff, 0xab, 0xff, 0x9d,
    0xff, 0xd0, 0x3f, 0xff, 0xc5, 0x3, 0xff, 0xfc,
    0x60, 0xff, 0xff, 0x18, 0x3f, 0xff, 0xc6, 0xf,
    0xff, 0xf1, 0x83, 0xff, 0xfc, 0x60, 0xff, 0xff,
    0x18, 0x3f, 0xfc, 0x87, 0xff, 0x6b, 0xff, 0xd0,
    0x7f, 0xf6, 0xbf, 0xfd, 0x7, 0xff, 0x6a, 0xff,
    0xf0, 0x7f, 0xf6, 0x9f, 0xff, 0x7, 0xff, 0x69,
    0xff, 0xf2, 0x1f, 0xfd, 0xaf, 0xff, 0x41, 0xff,
    0xcc, 0xff, 0xf0, 0x6b, 0xff, 0xc1, 0xff, 0xcb,
    0x7f, 0xfc, 0x19, 0xff, 0xf4, 0x1f, 0xfc, 0xaf,
    0xff, 0x41, 0xdf, 0xff, 0x7, 0xff, 0x26, 0xff,
    0xf0, 0x79, 0xff, 0xf8, 0x3f, 0xf8, 0xef, 0xff,
    0xa0, 0xfb, 0xff, 0xe8, 0x3f, 0xf8, 0xdf, 0xff,
    0x7, 0xe7, 0xff, 0xf8, 0x1, 0xff, 0xc3, 0x7f,
    0xfe, 0x83, 0xfa, 0xff, 0xfe, 0x4, 0x1f, 0xf3,
    0xff, 0xfc, 0x10, 0xff, 0xbf, 0xff, 0x86, 0xb0,
    0x15, 0x7f, 0xff, 0x9, 0xf, 0xfe, 0x7, 0xff,
    0xf5, 0xd0, 0xff, 0xe0, 0xbf, 0xff, 0xd5, 0x83,
    0xff, 0x89, 0xff, 0xfd, 0x38, 0x3f, 0xf8, 0xdf,
    0xff, 0xd1, 0x43, 0xff, 0x91, 0x7f, 0xff, 0x36,
    0xf, 0xfe, 0x65, 0xff, 0xfc, 0xa4, 0x3f, 0xf9,
    0xf7, 0xff, 0xf1, 0x60, 0xff, 0xea, 0xb4, 0xff,
    0xa8, 0x87, 0xff, 0x18,

    /* U+0066 "f" */
    0xf, 0xfe, 0x43, 0x7f, 0xff, 0x4, 0x3f, 0xf8,
    0xaf, 0xff, 0xf1, 0x43, 0xff, 0x89, 0x7f, 0xff,
    0x18, 0x3f, 0xf8, 0x77, 0xff, 0xf1, 0xc3, 0xff,
    0x85, 0x7f, 0xff, 0x20, 0x3f, 0xf8, 0x2f, 0xff,
    0xf2, 0x43, 0xff, 0x83, 0xff, 0xfc, 0xa0, 0xff,
    0xe0, 0x3f, 0xff, 0xca, 0xf, 0xfe, 0x5, 0xff,
    0xf5, 0x17, 0xf8, 0x3f, 0xf8, 0x1f, 0xff, 0x7,
    0xff, 0x33, 0xff, 0xc1, 0xff, 0xcd, 0xff, 0xf0,
    0x7f, 0xf3, 0x1f, 0xfe, 0x83, 0xff, 0x98, 0xff,
    0xf4, 0x1f, 0xfc, 0xc7, 0xff, 0xa0, 0xff, 0xe6,
    0x3f, 0xfd, 0x7, 0xff, 0x31, 0xff, 0xe8, 0x3f,
    0xf9, 0x8f, 0xff, 0x41, 0xff, 0xcc, 0x7f, 0xfa,
    0xf, 0xfe, 0xd, 0xff, 0xfd, 0x56, 0xff, 0xfe,
    0xab, 0x7f, 0xff, 0x55, 0xbf, 0xff, 0xaa, 0xdf,
    0xff, 0xd5, 0x6f, 0xff, 0xea, 0xb7, 0xff, 0xf5,
    0x5b, 0xff, 0xfa, 0xa8, 0x7f, 0xcf, 0xff, 0x41,
    0xff, 0xcc, 0x7f, 0xfa, 0xf, 0xfe, 0x63, 0xff,
    0xd0, 0x7f, 0xf3, 0x1f, 0xfe, 0x83, 0xff, 0x98,
    0xff, 0xf4, 0x1f, 0xfc, 0xc7, 0xff, 0xa0, 0xff,
    0xe6, 0x3f, 0xfd, 0x7, 0xff, 0x31, 0xff, 0xe8,
    0x3f, 0xf9, 0x8f, 0xff, 0x41, 0xff, 0xcc, 0x7f,
    0xfa, 0xf, 0xfe, 0x63, 0xff, 0xd0, 0x7f, 0xf3,
    0x1f, 0xfe, 0x83, 0xff, 0x98, 0xff, 0xf4, 0x1f,
    0xfc, 0xc7, 0xff, 0xa0, 0xff, 0xe6, 0x3f, 0xfd,
    0x7, 0xff, 0x31, 0xff, 0xe8, 0x3f, 0xf9, 0x8f,
    0xff, 0x41, 0xff, 0xcc, 0x7f, 0xfa, 0xf, 0xfe,
    0x63, 0xff, 0xd0, 0x7f, 0xf3, 0x1f, 0xfe, 0x83,
    0xff, 0x98, 0xff, 0xf4, 0x1f, 0xfc, 0xc7, 0xff,
    0xa0, 0xff, 0xe6, 0x3f, 0xfd, 0x7, 0xff, 0x31,
    0xff, 0xe8, 0x3f, 0xf9, 0x8f, 0xff, 0x41, 0xff,
    0xcc, 0x7f, 0xfa, 0xf, 0xfe, 0x63, 0xff, 0xd0,
    0x7f, 0xf3, 0x1f, 0xfe, 0x83, 0xff, 0x98, 0xff,
    0xf4, 0x1f, 0xfc, 0xc7, 0xff, 0xa0, 0xff, 0xe6,
    0x3f, 0xfd, 0x7, 0xff, 0x31, 0xff, 0xe8, 0x3f,
    0xf9, 0x8f, 0xff, 0x41, 0xff, 0xcc, 0x7f, 0xfa,
    0xf, 0xfe, 0x63, 0xff, 0xd0, 0x7f, 0xf3, 0x1f,
    0xfe, 0x83, 0xff, 0x98, 0xff, 0xf4, 0x1f, 0xfc,
    0xc7, 0xff, 0xa0, 0xff, 0xe6, 0x3f, 0xfd, 0x7,
    0xff, 0x31, 0xff, 0xe8, 0x3f, 0xf9, 0xb5, 0xfc,
    0x87, 0xff, 0x4,

    /* U+0067 "g" */
    0xf, 0xfe, 0x2b, 0x7f, 0xd2, 0x1f, 0xfd, 0x6b,
    0xff, 0xf8, 0x68, 0x7d, 0x5f, 0xc8, 0x7f, 0xf0,
    0x2f, 0xff, 0xe3, 0xa1, 0x9f, 0xfe, 0x83, 0xfc,
    0xff, 0xff, 0x2a, 0x9, 0xff, 0xe8, 0x3f, 0xaf,
    0xff, 0xe6, 0x81, 0xff, 0xe8, 0x3f, 0x5f, 0xff,
    0xcf, 0x1f, 0xfe, 0x83, 0xeb, 0xff, 0xfa, 0x13,
    0xff, 0xd0, 0x7a, 0xff, 0xfe, 0x95, 0xff, 0xd0,
    0x73, 0xff, 0xfc, 0x29, 0xc, 0xab, 0xff, 0xf8,
    0xd0, 0x77, 0xff, 0xf0, 0x50, 0xff, 0x9f, 0xff,
    0xe2, 0x41, 0xbf, 0xff, 0x81, 0x7, 0xff, 0xe,
    0xff, 0xfe, 0x14, 0x13, 0xff, 0xf2, 0x1f, 0xfc,
    0x5b, 0xff, 0xf8, 0x30, 0x5f, 0xff, 0x41, 0xff,
    0xc7, 0xbf, 0xff, 0x81, 0x5, 0xff, 0xf0, 0x7f,
    0xf2, 0x7f, 0xff, 0x81, 0x2, 0xff, 0xf2, 0x1f,
    0xfc, 0x97, 0xff, 0xe8, 0x1f, 0xff, 0x7, 0xff,
    0x2f, 0xff, 0xe8, 0x1f, 0xfe, 0x43, 0xff, 0x97,
    0x7f, 0xfa, 0x1f, 0xff, 0x7, 0xff, 0x37, 0xff,
    0xd1, 0x7f, 0xf4, 0x1f, 0xfc, 0xdf, 0xff, 0x47,
    0xff, 0xa0, 0xff, 0xe6, 0xdf, 0xfd, 0x1f, 0xfe,
    0x43, 0xff, 0x9b, 0x7f, 0xf4, 0x7f, 0xf8, 0x3f,
    0xf9, 0xcf, 0xff, 0x47, 0xff, 0x83, 0xff, 0x9c,
    0xff, 0xf4, 0x7f, 0xf8, 0x3f, 0xf9, 0xcf, 0xff,
    0x47, 0xff, 0x83, 0xff, 0x9f, 0xff, 0xd1, 0xff,
    0xe0, 0xff, 0xe7, 0x3f, 0xfd, 0x1f, 0xfe, 0xf,
    0xfe, 0x73, 0xff, 0xd1, 0xff, 0xe0, 0xff, 0xe7,
    0x3f, 0xfd, 0x1f, 0xfe, 0x43, 0xff, 0x9a, 0xff,
    0xf4, 0x7f, 0xf9, 0xf, 0xfe, 0x6d, 0xff, 0xd1,
    0x7f, 0xf4, 0x1f, 0xfc, 0xdf, 0xff, 0x45, 0xff,
    0xe0, 0xff, 0xe6, 0xff, 0xfa, 0x1f, 0xff, 0x7,
    0xff, 0x32, 0xff, 0xf4, 0xf, 0xff, 0x41, 0xff,
    0xcb, 0xff, 0xfa, 0x5, 0xff, 0xe0, 0xff, 0xe5,
    0x3f, 0xff, 0x40, 0x7f, 0xfd, 0x7, 0xff, 0x27,
    0xff, 0xf8, 0x10, 0x5f, 0xff, 0x21, 0xff, 0xc7,
    0xbf, 0xff, 0x81, 0x4, 0xff, 0xfc, 0x1f, 0xfc,
    0x6b, 0xff, 0xf8, 0x30, 0x6f, 0xff, 0xe0, 0x21,
    0xff, 0xc3, 0xbf, 0xff, 0x85, 0x6, 0x7f, 0xff,
    0x82, 0x87, 0xfd, 0x7f, 0xff, 0x12, 0xe, 0xbf,
    0xff, 0x85, 0x28, 0xa, 0xbf, 0xff, 0x8f, 0x7,
    0xbf, 0xff, 0xa7, 0x7f, 0xf4, 0x1f, 0x7f, 0xff,
    0x46, 0x7f, 0xfa, 0xf, 0xdf, 0xff, 0xcf, 0x87,
    0xff, 0xa0, 0xfe, 0xbf, 0xff, 0x99, 0x1, 0xff,
    0xe8, 0x3f, 0xcf, 0xff, 0xf2, 0x90, 0x9f, 0xfe,
    0x83, 0xff, 0x81, 0x7f, 0xff, 0x1c, 0x39, 0xff,
    0xe8, 0x3f, 0xf8, 0x57, 0xff, 0xf0, 0xd0, 0xf3,
    0xff, 0xd0, 0x7f, 0xf1, 0x5b, 0xfe, 0x90, 0xfe,
    0x7f, 0xfa, 0xf, 0xfe, 0xcb, 0xff, 0xd0, 0x7f,
    0xf6, 0x5f, 0xfe, 0x43, 0xff, 0xb3, 0x7f, 0xf2,
    0x1f, 0xfd, 0x9b, 0xff, 0x90, 0xff, 0xec, 0xff,
    0xf8, 0x37, 0xff, 0x41, 0xff, 0xcc, 0xff, 0xf0,
    0x6f, 0xff, 0x7, 0xff, 0x2e, 0xff, 0xe8, 0x35,
    0xff, 0xc8, 0x7f, 0xf2, 0xbf, 0xfc, 0x86, 0x7f,
    0xfc, 0x1f, 0xfc, 0x9b, 0xff, 0xc1, 0xef, 0xff,
    0x41, 0xff, 0xc7, 0x7f, 0xfd, 0x7, 0xaf, 0xff,
    0x21, 0xff, 0xc5, 0x7f, 0xfe, 0xf, 0xdf, 0xff,
    0x41, 0xff, 0xc3, 0xbf, 0xfe, 0x83, 0xf5, 0xff,
    0xfc, 0x15, 0x7, 0xcd, 0xff, 0xfc, 0x20, 0xff,
    0x7f, 0xff, 0x65, 0xf, 0xf3, 0xff, 0xfd, 0x78,
    0x3f, 0xf8, 0xf, 0xff, 0xf5, 0x60, 0xff, 0xe1,
    0x3f, 0xff, 0xd3, 0x83, 0xff, 0x8b, 0xff, 0xfd,
    0x14, 0x3f, 0xf8, 0xef, 0xff, 0xf3, 0x50, 0xff,
    0xe6, 0x5f, 0xff, 0xc7, 0x90, 0xff, 0xe8, 0xb4,
    0xff, 0xea, 0x21, 0xff, 0xc4,

    /* U+0068 "h" */
    0x7f, 0xfa, 0xf, 0xfe, 0xab, 0xff, 0xd0, 0x7f,
    0xf5, 0x5f, 0xfe, 0x83, 0xff, 0xaa, 0xff, 0xf4,
    0x1f, 0xfd, 0x57, 0xff, 0xa0, 0xff, 0xea, 0xbf,
    0xfd, 0x7, 0xff, 0x55, 0xff, 0xe8, 0x3f, 0xfa,
    0xaf, 0xff, 0x41, 0xff, 0xd5, 0x7f, 0xfa, 0xf,
    0xfe, 0xab, 0xff, 0xd0, 0x7f, 0xf5, 0x5f, 0xfe,
    0x83, 0xff, 0xaa, 0xff, 0xf4, 0x1f, 0xfd, 0x57,
    0xff, 0xa0, 0xff, 0xea, 0xbf, 0xfd, 0x7, 0xff,
    0x55, 0xff, 0xe8, 0x3f, 0xfa, 0xaf, 0xff, 0x41,
    0xff, 0xd5, 0x7f, 0xfa, 0xf, 0xfe, 0xab, 0xff,
    0xd0, 0x7f, 0xf5, 0x5f, 0xfe, 0x83, 0xff, 0xaa,
    0xff, 0xf4, 0x1f, 0xd7, 0xff, 0x48, 0x7f, 0xf0,
    0x1f, 0xfe, 0x83, 0xcf, 0xff, 0xf1, 0x10, 0xfe,
    0x7f, 0xfa, 0xe, 0xff, 0xfe, 0x40, 0x7e, 0x7f,
    0xfa, 0x9, 0xff, 0xfe, 0x52, 0x1e, 0x7f, 0xfa,
    0x5, 0xff, 0xfc, 0xc4, 0x39, 0xff, 0xe8, 0x7f,
    0xff, 0x9c, 0x86, 0x7f, 0xfa, 0x7f, 0xff, 0xa0,
    0x19, 0xff, 0xeb, 0xff, 0xfa, 0x30, 0x4f, 0xff,
    0xf1, 0x64, 0x39, 0xbf, 0xff, 0x84, 0x13, 0xff,
    0xfc, 0x38, 0x3f, 0xeb, 0xff, 0xf8, 0x10, 0x1f,
    0xff, 0xe1, 0x21, 0xff, 0xc1, 0x7f, 0xff, 0x80,
    0x7, 0xff, 0xf8, 0x28, 0x7f, 0xf0, 0xef, 0xff,
    0x80, 0xff, 0xff, 0x1, 0xf, 0xfe, 0x2f, 0xff,
    0xc8, 0xff, 0xff, 0x0, 0x3f, 0xf8, 0xcf, 0xff,
    0xa1, 0xff, 0xf9, 0xf, 0xfe, 0x3f, 0xff, 0xc3,
    0xff, 0xf0, 0x7f, 0xf2, 0x2f, 0xff, 0xf, 0xff,
    0x90, 0xff, 0xe4, 0x3f, 0xfe, 0x1f, 0xff, 0x7,
    0xff, 0x2b, 0xff, 0xc3, 0xff, 0xe0, 0xff, 0xe5,
    0x7f, 0xf8, 0x7f, 0xfc, 0x1f, 0xfc, 0xaf, 0xff,
    0xf, 0xff, 0x41, 0xff, 0xca, 0xff, 0xf0, 0xff,
    0xf4, 0x1f, 0xfc, 0xaf, 0xff, 0xf, 0xff, 0x41,
    0xff, 0xca, 0xff, 0xf0, 0xff, 0xf4, 0x1f, 0xfc,
    0xaf, 0xff, 0xf, 0xff, 0x41, 0xff, 0xca, 0xff,
    0xf0, 0xff, 0xf4, 0x1f, 0xfc, 0xaf, 0xff, 0xf,
    0xff, 0x41, 0xff, 0xca, 0xff, 0xf0, 0xff, 0xf4,
    0x1f, 0xfc, 0xaf, 0xff, 0xf, 0xff, 0x41, 0xff,
    0xca, 0xff, 0xf0, 0xff, 0xf4, 0x1f, 0xfc, 0xaf,
    0xff, 0xf, 0xff, 0x41, 0xff, 0xca, 0xff, 0xf0,
    0xff, 0xf4, 0x1f, 0xfc, 0xaf, 0xff, 0xf, 0xff,
    0x41, 0xff, 0xca, 0xff, 0xf0, 0xff, 0xf4, 0x1f,
    0xfc, 0xaf, 0xff, 0xf, 0xff, 0x41, 0xff, 0xca,
    0xff, 0xf0, 0xff, 0xf4, 0x1f, 0xfc, 0xaf, 0xff,
    0xf, 0xff, 0x41, 0xff, 0xca, 0xff, 0xf0, 0xff,
    0xf4, 0x1f, 0xfc, 0xaf, 0xff, 0xf, 0xff, 0x41,
    0xff, 0xca, 0xff, 0xf0, 0xff, 0xf4, 0x1f, 0xfc,
    0xaf, 0xff, 0xf, 0xff, 0x41, 0xff, 0xca, 0xff,
    0xf0, 0xff, 0xf4, 0x1f, 0xfc, 0xaf, 0xff, 0xf,
    0xff, 0x41, 0xff, 0xca, 0xff, 0xf0, 0xff, 0xf4,
    0x1f, 0xfc, 0xaf, 0xff, 0xf, 0xff, 0x41, 0xff,
    0xca, 0xff, 0xf0, 0xff, 0xf4, 0x1f, 0xfc, 0xaf,
    0xff, 0xf, 0xff, 0x41, 0xff, 0xca, 0xff, 0xf0,
    0xff, 0xf4, 0x1f, 0xfc, 0xaf, 0xff, 0xf, 0xff,
    0x41, 0xff, 0xca, 0xff, 0xf0, 0x2b, 0xf9, 0xf,
    0xfe, 0x53, 0x5f, 0xc0,

    /* U+0069 "i" */
    0xc, 0xdf, 0x90, 0xfa, 0xff, 0xc8, 0x6b, 0xff,
    0xc1, 0x3f, 0xff, 0xc0, 0x7, 0xff, 0xf0, 0x53,
    0xff, 0xf8, 0x31, 0xff, 0xfc, 0x18, 0xff, 0xfe,
    0xc, 0x7f, 0xff, 0x5, 0x2f, 0xff, 0xe0, 0x5,
    0xff, 0xf2, 0x13, 0xff, 0xd0, 0x7a, 0xff, 0x21,
    0xfc, 0xb0, 0x7f, 0xff, 0xc3, 0xfa, 0xbf, 0x90,
    0xcf, 0xff, 0x41, 0x9f, 0xfe, 0x83, 0x3f, 0xfd,
    0x6, 0x7f, 0xfa, 0xc, 0xff, 0xf4, 0x19, 0xff,
    0xe8, 0x33, 0xff, 0xd0, 0x67, 0xff, 0xa0, 0xcf,
    0xff, 0x41, 0x9f, 0xfe, 0x83, 0x3f, 0xfd, 0x6,
    0x7f, 0xfa, 0xc, 0xff, 0xf4, 0x19, 0xff, 0xe8,
    0x33, 0xff, 0xd0, 0x67, 0xff, 0xa0, 0xcf, 0xff,
    0x41, 0x9f, 0xfe, 0x83, 0x3f, 0xfd, 0x6, 0x7f,
    0xfa, 0xc, 0xff, 0xf4, 0x19, 0xff, 0xe8, 0x33,
    0xff, 0xd0, 0x67, 0xff, 0xa0, 0xcf, 0xff, 0x41,
    0x9f, 0xfe, 0x83, 0x3f, 0xfd, 0x6, 0x7f, 0xfa,
    0xc, 0xff, 0xf4, 0x19, 0xff, 0xe8, 0x33, 0xff,
    0xd0, 0x67, 0xff, 0xa0, 0xcf, 0xff, 0x41, 0x9f,
    0xfe, 0x83, 0x3f, 0xfd, 0x6, 0x7f, 0xfa, 0xc,
    0xff, 0xf4, 0x19, 0xff, 0xe8, 0x33, 0xff, 0xd0,
    0x67, 0xff, 0xa0, 0xcf, 0xff, 0x41, 0x9f, 0xfe,
    0x83, 0x3f, 0xfd, 0x6, 0x7f, 0xfa, 0xc, 0xff,
    0xf4, 0x19, 0xff, 0xe8, 0x33, 0xff, 0xd0, 0x67,
    0xff, 0xa0, 0x0,

    /* U+006A "j" */
    0xf, 0xfe, 0x5, 0xfa, 0xf, 0xfe, 0x13, 0xff,
    0x90, 0xff, 0x9f, 0xff, 0x21, 0xfe, 0xff, 0xfe,
    0x0, 0x7f, 0x5f, 0xff, 0xc0, 0x83, 0xf7, 0xff,
    0xf0, 0x83, 0xf7, 0xff, 0xf0, 0x83, 0xf7, 0xff,
    0xf0, 0x83, 0xf5, 0xff, 0xfc, 0x8, 0x3f, 0x3f,
    0xff, 0xc0, 0x43, 0xfa, 0xff, 0xf8, 0x3f, 0xef,
    0xff, 0x7, 0xff, 0x6, 0xff, 0x41, 0xff, 0xc4,
    0x5c, 0x1f, 0xff, 0xf0, 0xff, 0xf3, 0x2f, 0xf8,
    0x3f, 0xf8, 0x1f, 0xfe, 0xf, 0xfe, 0x7, 0xff,
    0x83, 0xff, 0x81, 0xff, 0xe0, 0xff, 0xe0, 0x7f,
    0xf8, 0x3f, 0xf8, 0x1f, 0xfe, 0xf, 0xfe, 0x7,
    0xff, 0x83, 0xff, 0x81, 0xff, 0xe0, 0xff, 0xe0,
    0x7f, 0xf8, 0x3f, 0xf8, 0x1f, 0xfe, 0xf, 0xfe,
    0x7, 0xff, 0x83, 0xff, 0x81, 0xff, 0xe0, 0xff,
    0xe0, 0x7f, 0xf8, 0x3f, 0xf8, 0x1f, 0xfe, 0xf,
    0xfe, 0x7, 0xff, 0x83, 0xff, 0x81, 0xff, 0xe0,
    0xff, 0xe0, 0x7f, 0xf8, 0x3f, 0xf8, 0x1f, 0xfe,
    0xf, 0xfe, 0x7, 0xff, 0x83, 0xff, 0x81, 0xff,
    0xe0, 0xff, 0xe0, 0x7f, 0xf8, 0x3f, 0xf8, 0x1f,
    0xfe, 0xf, 0xfe, 0x7, 0xff, 0x83, 0xff, 0x81,
    0xff, 0xe0, 0xff, 0xe0, 0x7f, 0xf8, 0x3f, 0xf8,
    0x1f, 0xfe, 0xf, 0xfe, 0x7, 0xff, 0x83, 0xff,
    0x81, 0xff, 0xe0, 0xff, 0xe0, 0x7f, 0xf8, 0x3f,
    0xf8, 0x1f, 0xfe, 0xf, 0xfe, 0x7, 0xff, 0x83,
    0xff, 0x81, 0xff, 0xe0, 0xff, 0xe0, 0x7f, 0xf8,
    0x3f, 0xf8, 0x1f, 0xfe, 0xf, 0xfe, 0x7, 0xff,
    0x83, 0xff, 0x81, 0xff, 0xe0, 0xff, 0xe0, 0x7f,
    0xf8, 0x3f, 0xf8, 0x1f, 0xfe, 0xf, 0xfe, 0x7,
    0xff, 0x83, 0xff, 0x81, 0xff, 0xe0, 0xff, 0xe0,
    0x7f, 0xf8, 0x3f, 0xf8, 0x1f, 0xfe, 0xf, 0xfe,
    0x7, 0xff, 0x83, 0xff, 0x81, 0xff, 0xe0, 0xff,
    0xe0, 0x7f, 0xf8, 0x3f, 0xf8, 0x1f, 0xfe, 0xf,
    0xfe, 0x7, 0xff, 0x83, 0xff, 0x81, 0xff, 0xe0,
    0xff, 0xe0, 0x7f, 0xf8, 0x3f, 0xf8, 0x1f, 0xfe,
    0xf, 0xfe, 0x7, 0xff, 0x83, 0xff, 0x81, 0xff,
    0xe0, 0xff, 0xe0, 0x7f, 0xf8, 0x3f, 0xf8, 0x1f,
    0xfe, 0xf, 0xfe, 0x7, 0xff, 0x83, 0xff, 0x81,
    0xff, 0xe0, 0xff, 0x9f, 0xff, 0x7, 0xfd, 0xff,
    0xe8, 0x3f, 0xd7, 0xff, 0x90, 0xf9, 0x5f, 0xff,
    0xc0, 0x9, 0xff, 0xfe, 0x30, 0x4f, 0xff, 0xf1,
    0x50, 0x9f, 0xff, 0xe2, 0x86, 0x7f, 0xff, 0x88,
    0x1c, 0xff, 0xff, 0xd, 0xe, 0x7f, 0xff, 0x84,
    0x1f, 0x3f, 0xff, 0xc0, 0x43, 0xf3, 0xff, 0xa4,
    0x3f, 0xe0,

    /* U+006B "k" */
    0x7f, 0xfa, 0xf, 0xfe, 0xc3, 0xff, 0xd0, 0x7f,
    0xf6, 0x1f, 0xfe, 0x83, 0xff, 0xb0, 0xff, 0xf4,
    0x1f, 0xfd, 0x87, 0xff, 0xa0, 0xff, 0xec, 0x3f,
    0xfd, 0x7, 0xff, 0x61, 0xff, 0xe8, 0x3f, 0xfb,
    0xf, 0xff, 0x41, 0xff, 0xd8, 0x7f, 0xfa, 0xf,
    0xfe, 0xc3, 0xff, 0xd0, 0x7f, 0xf6, 0x1f, 0xfe,
    0x83, 0xff, 0xb0, 0xff, 0xf4, 0x1f, 0xfd, 0x87,
    0xff, 0xa0, 0xff, 0xec, 0x3f, 0xfd, 0x7, 0xff,
    0x61, 0xff, 0xe8, 0x3f, 0xfb, 0xf, 0xff, 0x41,
    0xff, 0xd8, 0x7f, 0xfa, 0xf, 0xfe, 0xc3, 0xff,
    0xd0, 0x7f, 0xf6, 0x1f, 0xfe, 0x83, 0xff, 0xb0,
    0xff, 0xf4, 0x1f, 0xfd, 0x87, 0xff, 0xa0, 0xff,
    0xe4, 0x7f, 0xff, 0x4, 0x27, 0xff, 0xa0, 0xff,
    0xe3, 0xff, 0xff, 0x2, 0xc, 0xff, 0xf4, 0x1f,
    0xfc, 0x6f, 0xff, 0xe0, 0x41, 0xcf, 0xff, 0x41,
    0xff, 0xc5, 0xff, 0xfe, 0x4, 0x1e, 0x7f, 0xfa,
    0xf, 0xfe, 0x27, 0xff, 0xf0, 0x20, 0xf9, 0xff,
    0xe8, 0x3f, 0xf8, 0x4f, 0xff, 0xf0, 0x20, 0xfc,
    0xff, 0xf4, 0x1f, 0xfc, 0x17, 0xff, 0xf8, 0x8,
    0x7f, 0x3f, 0xfd, 0x7, 0xff, 0x1, 0xff, 0xfe,
    0x2, 0x1f, 0xe7, 0xff, 0xa0, 0xff, 0x9f, 0xff,
    0xe0, 0x21, 0xff, 0x3f, 0xfd, 0x7, 0xf9, 0xff,
    0xfe, 0x2, 0x1f, 0xfc, 0x7, 0xff, 0xa0, 0xfe,
    0x7f, 0xff, 0x80, 0x1f, 0xfc, 0x27, 0xff, 0xa0,
    0xfd, 0x7f, 0xff, 0x0, 0x3f, 0xf8, 0x6f, 0xff,
    0x41, 0xf5, 0xff, 0xfc, 0x0, 0xff, 0xe2, 0x3f,
    0xfd, 0x7, 0xaf, 0xff, 0xe0, 0x7, 0xff, 0x15,
    0xff, 0xe8, 0x3a, 0xff, 0xfe, 0x0, 0x7f, 0xf1,
    0x9f, 0xfe, 0x83, 0x5f, 0xff, 0x41, 0xff, 0xc7,
    0x7f, 0xfa, 0xa, 0xff, 0xfa, 0xf, 0xfe, 0x43,
    0xff, 0xd0, 0x3f, 0xff, 0x81, 0x7, 0xff, 0x25,
    0xff, 0xe8, 0xff, 0xfe, 0x4, 0x1f, 0xfc, 0xa7,
    0xff, 0xaf, 0xff, 0xe0, 0x21, 0xff, 0xcb, 0x7f,
    0xff, 0x94, 0x87, 0xff, 0x2d, 0xff, 0xfe, 0x5a,
    0x1f, 0xfc, 0xa7, 0xff, 0xf9, 0x81, 0xff, 0xca,
    0x7f, 0xff, 0x9a, 0x1f, 0xfc, 0x97, 0xff, 0xf9,
    0xb0, 0x7f, 0xf2, 0x1f, 0xff, 0xe7, 0x41, 0xff,
    0xc7, 0x7f, 0xff, 0x87, 0x7f, 0xfc, 0x87, 0xff,
    0x19, 0xff, 0xfe, 0x10, 0x3f, 0xff, 0x80, 0x1f,
    0xfc, 0x67, 0xff, 0xf8, 0x21, 0xbf, 0xff, 0x80,
    0x1f, 0xfc, 0x57, 0xff, 0xe8, 0x39, 0xff, 0xfe,
    0x0, 0x7f, 0xf1, 0x1f, 0xff, 0x41, 0xf5, 0xff,
    0xf4, 0x1f, 0xfc, 0x37, 0xff, 0xa0, 0xfe, 0xff,
    0xfe, 0x2, 0x1f, 0xfc, 0x27, 0xff, 0xa0, 0xff,
    0x7f, 0xff, 0x1, 0xf, 0xfe, 0xb, 0xff, 0xd0,
    0x7f, 0xdf, 0xff, 0xc0, 0xf, 0xfe, 0xb, 0xff,
    0xd0, 0x7f, 0xcf, 0xff, 0xf0, 0x3, 0xff, 0x80,
    0xff, 0xf4, 0x1f, 0xfc, 0xb, 0xff, 0xe8, 0x3f,
    0xe7, 0xff, 0xa0, 0xff, 0xe0, 0xff, 0xff, 0x2,
    0xf, 0xf3, 0xff, 0xd0, 0x7f, 0xf0, 0xbf, 0xff,
    0x80, 0x87, 0xf3, 0xff, 0xd0, 0x7f, 0xf0, 0x9f,
    0xff, 0xe0, 0x7, 0xf3, 0xff, 0xd0, 0x7f, 0xf0,
    0xdf, 0xff, 0xe0, 0x7, 0xe7, 0xff, 0xa0, 0xff,
    0xe2, 0x5f, 0xff, 0xc0, 0xf, 0x9f, 0xfe, 0x83,
    0xff, 0x8b, 0xff, 0xfc, 0x8, 0x3c, 0xff, 0xf4,
    0x1f, 0xfc, 0x6f, 0xff, 0xe0, 0x21, 0xcf, 0xff,
    0x41, 0xff, 0xc6, 0x7f, 0xff, 0x80, 0x86, 0x7f,
    0xfa, 0xf, 0xfe, 0x3d, 0xff, 0xfc, 0x0, 0xcf,
    0xff, 0x41, 0xff, 0xc8, 0xff, 0xfe, 0x8, 0x4f,
    0xff, 0x41, 0xff, 0xc9, 0xff, 0xfe, 0x4, 0x7,
    0xff, 0xa0, 0xff, 0xe5, 0x7f, 0xff, 0x2, 0x5,
    0x7f, 0x21, 0xff, 0xca, 0x6b, 0xff, 0x80, 0x0,

    /* U+006C "l" */
    0x3f, 0xfa, 0x3f, 0xfa, 0x3f, 0xfa, 0x3f, 0xfa,
    0x3f, 0xfa, 0x3f, 0xfa, 0x3f, 0xfa, 0x3f, 0xfa,
    0x3f, 0xfa, 0x3f, 0xfa, 0x3f, 0xfa, 0x3f, 0xfa,
    0x3f, 0xfa, 0x3f, 0xfa, 0x3f, 0xfa, 0x3f, 0xfa,
    0x3f, 0xfa, 0x3f, 0xfa, 0x3f, 0xfa, 0x3f, 0xfa,
    0x3f, 0xfa, 0x3f, 0xfa, 0x3f, 0xfa, 0x3f, 0xfa,
    0x3f, 0xfa, 0x3f, 0xfa, 0x3f, 0xfa, 0x3f, 0xfa,
    0x3f, 0xfa, 0x3f, 0xfa, 0x3f, 0xfa, 0x3f, 0xfa,
    0x3f, 0xfa, 0x3f, 0xfa, 0x3f, 0xfa, 0x3f, 0xfa,
    0x3f, 0xfa, 0x3f, 0xfa, 0x3f, 0xfa, 0x3f, 0xfa,
    0x3f, 0xfa, 0x3f, 0xfa, 0x3f, 0xfa, 0x3f, 0xfa,
    0x3f, 0xfa, 0x3f, 0xfa, 0x3f, 0xfa, 0x3f, 0xfa,
    0x3f, 0xfa, 0x3f, 0xfa, 0x3f, 0xfa, 0x3f, 0xfa,
    0x3f, 0xfa, 0x3f, 0xfa, 0x3f, 0xfa, 0x3f, 0xfa,
    0x3f, 0xfa, 0x3f, 0xfa, 0x3f, 0xfa, 0x3f, 0xfa,
    0x3f, 0xfa, 0x3f, 0xfa, 0x3f, 0xfa, 0x3f, 0xfa,
    0x3f, 0xfa, 0x3f, 0xfa, 0x3f, 0xfa, 0x3f, 0xfa,
    0x2b, 0xf9,

    /* U+006D "m" */
    0xf, 0xfe, 0x3b, 0x7f, 0xa8, 0x87, 0xff, 0x1d,
    0xbf, 0xe9, 0xf, 0xfe, 0xd, 0x7f, 0x21, 0xeb,
    0xff, 0xf8, 0x32, 0x1f, 0xfc, 0x17, 0xff, 0xf8,
    0x50, 0x7f, 0x9f, 0xfe, 0x83, 0x5f, 0xff, 0xc5,
    0x83, 0xfe, 0xbf, 0xff, 0x8b, 0x7, 0xe7, 0xff,
    0xa0, 0xbf, 0xff, 0x92, 0x87, 0xcf, 0xff, 0xf2,
    0x50, 0xf3, 0xff, 0xd0, 0xff, 0xff, 0x2d, 0xe,
    0x7f, 0xff, 0x96, 0x87, 0x3f, 0xfd, 0x3f, 0xff,
    0xcd, 0x42, 0x7f, 0xff, 0x9a, 0x86, 0x7f, 0xff,
    0xb2, 0x7, 0xff, 0xf9, 0xe1, 0x9f, 0xff, 0xed,
    0x1f, 0xff, 0xd1, 0x9, 0xff, 0xfe, 0x34, 0xb5,
    0xff, 0xfc, 0xd9, 0x6a, 0x7f, 0xff, 0x9, 0x3,
    0xff, 0xfc, 0x38, 0x3f, 0xaf, 0xff, 0xe3, 0xc1,
    0xfc, 0xff, 0xff, 0x4, 0xf, 0xff, 0xf0, 0x83,
    0xff, 0x83, 0xff, 0xfc, 0x50, 0xff, 0xe0, 0xbf,
    0xff, 0x23, 0xff, 0xfc, 0x10, 0xff, 0xe1, 0xff,
    0xff, 0xc, 0x3f, 0xf8, 0x6f, 0xff, 0xc3, 0xff,
    0xfc, 0x4, 0x3f, 0xf8, 0x6f, 0xff, 0xf0, 0x50,
    0xff, 0xe2, 0x5f, 0xfe, 0x1f, 0xff, 0xa0, 0xff,
    0xe2, 0xff, 0xff, 0x2, 0xf, 0xfe, 0x2b, 0xff,
    0xe5, 0x7f, 0xfc, 0x1f, 0xfc, 0x67, 0xff, 0xe4,
    0x3f, 0xf8, 0xdf, 0xfe, 0x9f, 0xff, 0x41, 0xff,
    0xc7, 0xff, 0xf8, 0x3f, 0xf8, 0xf7, 0xff, 0x4f,
    0xff, 0x83, 0xff, 0x91, 0xff, 0xe8, 0x3f, 0xf8,
    0xef, 0xff, 0x4f, 0xff, 0x83, 0xff, 0x91, 0xff,
    0xe4, 0x3f, 0xf8, 0xef, 0xff, 0x9f, 0xff, 0x7,
    0xff, 0x23, 0xff, 0xc8, 0x7f, 0xf2, 0x3f, 0xfc,
    0xff, 0xf4, 0x1f, 0xfc, 0x8b, 0xff, 0x90, 0xff,
    0xe4, 0x7f, 0xf9, 0xff, 0xe8, 0x3f, 0xf9, 0x17,
    0xff, 0x21, 0xff, 0xc8, 0xff, 0xf3, 0xff, 0xd0,
    0x7f, 0xf2, 0x2f, 0xfe, 0x43, 0xff, 0x91, 0xff,
    0xe7, 0xff, 0xa0, 0xff, 0xe4, 0x5f, 0xfc, 0x87,
    0xff, 0x23, 0xff, 0xcf, 0xff, 0x41, 0xff, 0xc8,
    0xbf, 0xf9, 0xf, 0xfe, 0x47, 0xff, 0x9f, 0xfe,
    0x83, 0xff, 0x91, 0x7f, 0xf2, 0x1f, 0xfc, 0x8f,
    0xff, 0x3f, 0xfd, 0x7, 0xff, 0x22, 0xff, 0xe4,
    0x3f, 0xf9, 0x1f, 0xfe, 0x7f, 0xfa, 0xf, 0xfe,
    0x45, 0xff, 0xc8, 0x7f, 0xf2, 0x3f, 0xfc, 0xff,
    0xf4, 0x1f, 0xfc, 0x8b, 0xff, 0x90, 0xff, 0xe4,
    0x7f, 0xf9, 0xff, 0xe8, 0x3f, 0xf9, 0x17, 0xff,
    0x21, 0xff, 0xc8, 0xff, 0xf3, 0xff, 0xd0, 0x7f,
    0xf2, 0x2f, 0xfe, 0x43, 0xff, 0x91, 0xff, 0xe7,
    0xff, 0xa0, 0xff, 0xe4, 0x5f, 0xfc, 0x87, 0xff,
    0x23, 0xff, 0xcf, 0xff, 0x41, 0xff, 0xc8, 0xbf,
    0xf9, 0xf, 0xfe, 0x47, 0xff, 0x9f, 0xfe, 0x83,
    0xff, 0x91, 0x7f, 0xf2, 0x1f, 0xfc, 0x8f, 0xff,
    0x3f, 0xfd, 0x7, 0xff, 0x22, 0xff, 0xe4, 0x3f,
    0xf9, 0x1f, 0xfe, 0x7f, 0xfa, 0xf, 0xfe, 0x45,
    0xff, 0xc8, 0x7f, 0xf2, 0x3f, 0xfc, 0xff, 0xf4,
    0x1f, 0xfc, 0x8b, 0xff, 0x90, 0xff, 0xe4, 0x7f,
    0xf9, 0xff, 0xe8, 0x3f, 0xf9, 0x17, 0xff, 0x21,
    0xff, 0xc8, 0xff, 0xf3, 0xff, 0xd0, 0x7f, 0xf2,
    0x2f, 0xfe, 0x43, 0xff, 0x91, 0xff, 0xe7, 0xff,
    0xa0, 0xff, 0xe4, 0x5f, 0xfc, 0x87, 0xff, 0x23,
    0xff, 0xcf, 0xff, 0x41, 0xff, 0xc8, 0xbf, 0xf9,
    0xf, 0xfe, 0x47, 0xff, 0x9f, 0xfe, 0x83, 0xff,
    0x91, 0x7f, 0xf2, 0x1f, 0xfc, 0x8f, 0xff, 0x3f,
    0xfd, 0x7, 0xff, 0x22, 0xff, 0xe4, 0x3f, 0xf9,
    0x1f, 0xfe, 0x7f, 0xfa, 0xf, 0xfe, 0x45, 0xff,
    0xc8, 0x7f, 0xf2, 0x3f, 0xfc, 0xff, 0xf4, 0x1f,
    0xfc, 0x8b, 0xff, 0x90, 0xff, 0xe4, 0x7f, 0xf9,
    0xff, 0xe8, 0x3f, 0xf9, 0x17, 0xff, 0x21, 0xff,
    0xc8, 0xff, 0xf3, 0xff, 0xd0, 0x7f, 0xf2, 0x2f,
    0xfe, 0x43, 0xff, 0x91, 0xff, 0xe7, 0xff, 0xa0,
    0xff, 0xe4, 0x5f, 0xfc, 0x87, 0xff, 0x23, 0xff,
    0xcf, 0xff, 0x41, 0xff, 0xc8, 0xbf, 0xf9, 0xf,
    0xfe, 0x47, 0xff, 0x9f, 0xfe, 0x83, 0xff, 0x91,
    0x7f, 0xf2, 0x1f, 0xfc, 0x8f, 0xff, 0x3f, 0xfd,
    0x7, 0xff, 0x22, 0xff, 0xe4, 0x3f, 0xf9, 0x1f,
    0xfe,

    /* U+006E "n" */
    0xf, 0xfe, 0x43, 0x7f, 0xd2, 0x83, 0xff, 0x83,
    0x5f, 0xc8, 0x79, 0xbf, 0xff, 0x85, 0x7, 0xf9,
    0xff, 0xe8, 0x3b, 0xff, 0xf8, 0xf0, 0x7e, 0x7f,
    0xfa, 0x9, 0xff, 0xfe, 0x52, 0x1e, 0x7f, 0xfa,
    0x5, 0xff, 0xfc, 0xc4, 0x39, 0xff, 0xe8, 0xbf,
    0xff, 0x9c, 0x86, 0x7f, 0xfa, 0x9f, 0xff, 0xd0,
    0xc, 0xff, 0xff, 0x6e, 0x9, 0xff, 0xfe, 0x35,
    0x16, 0xbf, 0xff, 0x88, 0x13, 0xff, 0xfc, 0x44,
    0x3f, 0x9f, 0xff, 0xe0, 0xc0, 0x7f, 0xff, 0x85,
    0x7, 0xff, 0x6, 0xff, 0xfe, 0x0, 0x1f, 0xff,
    0xe0, 0xc1, 0xff, 0xc3, 0x7f, 0xfe, 0x47, 0xff,
    0xf8, 0x10, 0x7f, 0xf1, 0x6f, 0xff, 0x43, 0xff,
    0xfc, 0x0, 0xff, 0xe3, 0xff, 0xfc, 0x3f, 0xff,
    0x21, 0xff, 0xc7, 0xbf, 0xfc, 0x3f, 0xff, 0x7,
    0xff, 0x21, 0xff, 0xf0, 0xff, 0xfa, 0xf, 0xfe,
    0x4f, 0xff, 0x87, 0xff, 0xc1, 0xff, 0xca, 0xff,
    0xf2, 0xbf, 0xfc, 0x1f, 0xfc, 0xab, 0xff, 0x95,
    0xff, 0xe0, 0xff, 0xe5, 0x5f, 0xfc, 0xaf, 0xfe,
    0x83, 0xff, 0x95, 0x7f, 0xf2, 0xbf, 0xfa, 0xf,
    0xfe, 0x55, 0xff, 0xca, 0xff, 0xe8, 0x3f, 0xf9,
    0x57, 0xff, 0x2b, 0xff, 0xa0, 0xff, 0xe5, 0x5f,
    0xfc, 0xaf, 0xfe, 0x83, 0xff, 0x95, 0x7f, 0xf2,
    0xbf, 0xfa, 0xf, 0xfe, 0x55, 0xff, 0xca, 0xff,
    0xe8, 0x3f, 0xf9, 0x57, 0xff, 0x2b, 0xff, 0xa0,
    0xff, 0xe5, 0x5f, 0xfc, 0xaf, 0xfe, 0x83, 0xff,
    0x95, 0x7f, 0xf2, 0xbf, 0xfa, 0xf, 0xfe, 0x55,
    0xff, 0xca, 0xff, 0xe8, 0x3f, 0xf9, 0x57, 0xff,
    0x2b, 0xff, 0xa0, 0xff, 0xe5, 0x5f, 0xfc, 0xaf,
    0xfe, 0x83, 0xff, 0x95, 0x7f, 0xf2, 0xbf, 0xfa,
    0xf, 0xfe, 0x55, 0xff, 0xca, 0xff, 0xe8, 0x3f,
    0xf9, 0x57, 0xff, 0x2b, 0xff, 0xa0, 0xff, 0xe5,
    0x5f, 0xfc, 0xaf, 0xfe, 0x83, 0xff, 0x95, 0x7f,
    0xf2, 0xbf, 0xfa, 0xf, 0xfe, 0x55, 0xff, 0xca,
    0xff, 0xe8, 0x3f, 0xf9, 0x57, 0xff, 0x2b, 0xff,
    0xa0, 0xff, 0xe5, 0x5f, 0xfc, 0xaf, 0xfe, 0x83,
    0xff, 0x95, 0x7f, 0xf2, 0xbf, 0xfa, 0xf, 0xfe,
    0x55, 0xff, 0xca, 0xff, 0xe8, 0x3f, 0xf9, 0x57,
    0xff, 0x2b, 0xff, 0xa0, 0xff, 0xe5, 0x5f, 0xfc,
    0xaf, 0xfe, 0x83, 0xff, 0x95, 0x7f, 0xf2, 0xbf,
    0xfa, 0xf, 0xfe, 0x55, 0xff, 0xca, 0xff, 0xe8,
    0x3f, 0xf9, 0x57, 0xff, 0x2b, 0xff, 0xa0, 0xff,
    0xe5, 0x5f, 0xfc, 0xaf, 0xfe, 0x83, 0xff, 0x95,
    0x7f, 0xf2, 0xbf, 0xfa, 0xf, 0xfe, 0x55, 0xff,
    0xc8,

    /* U+006F "o" */
    0xf, 0xff, 0xc3, 0x7f, 0xfa, 0x43, 0xff, 0xab,
    0x7f, 0xff, 0x1a, 0xf, 0xfe, 0x85, 0xff, 0xfc,
    0xa8, 0x3f, 0xf9, 0x8f, 0xff, 0xf3, 0x90, 0xff,
    0xe4, 0xdf, 0xff, 0xd0, 0x83, 0xff, 0x8f, 0xff,
    0xfd, 0x40, 0xff, 0xe2, 0xff, 0xff, 0x58, 0x3f,
    0xf8, 0x7f, 0xff, 0xd8, 0xf, 0xfe, 0xf, 0xff,
    0xf0, 0xa4, 0x3c, 0xdf, 0xff, 0xc2, 0xf, 0xfa,
    0xff, 0xfe, 0x4, 0x1f, 0xfc, 0xb, 0xff, 0xf8,
    0x10, 0x7f, 0xbf, 0xff, 0x80, 0x1f, 0xfc, 0x4f,
    0xff, 0xe0, 0x7, 0xf7, 0xff, 0xf0, 0x3, 0xff,
    0x8d, 0xff, 0xfc, 0x0, 0xf9, 0xff, 0xf8, 0x3f,
    0xf9, 0x1f, 0xff, 0x21, 0xef, 0xff, 0x90, 0xff,
    0xe4, 0xff, 0xfc, 0x1c, 0xff, 0xfa, 0xf, 0xfe,
    0x55, 0xff, 0xe4, 0x35, 0xff, 0xe0, 0xff, 0xe6,
    0x7f, 0xfa, 0xd, 0xff, 0xe8, 0x3f, 0xf9, 0x8f,
    0xff, 0x82, 0x7f, 0xfc, 0x87, 0xff, 0x37, 0xff,
    0xc8, 0x1f, 0xff, 0x7, 0xff, 0x3a, 0xff, 0xe4,
    0x17, 0xff, 0x41, 0xff, 0xce, 0x7f, 0xfa, 0x7,
    0xff, 0x90, 0xff, 0xe7, 0x3f, 0xfe, 0x7, 0xff,
    0x90, 0xff, 0xe7, 0xff, 0xf8, 0x1f, 0xfe, 0xf,
    0xfe, 0x87, 0xff, 0x81, 0xff, 0xe0, 0xff, 0xe8,
    0x7f, 0xf8, 0x1f, 0xfe, 0xf, 0xfe, 0x87, 0xff,
    0x81, 0xff, 0xe0, 0xff, 0xe8, 0x7f, 0xf9, 0x3f,
    0xfc, 0x1f, 0xfd, 0xf, 0xff, 0x3, 0xff, 0xc1,
    0xff, 0xd0, 0xff, 0xf0, 0x3f, 0xfc, 0x1f, 0xfd,
    0xf, 0xff, 0x3, 0xff, 0xc8, 0x7f, 0xf3, 0xff,
    0xfc, 0xf, 0xff, 0x41, 0xff, 0xce, 0x7f, 0xfc,
    0xb, 0xff, 0xa0, 0xff, 0xe7, 0x5f, 0xfd, 0x1,
    0xff, 0xf0, 0x7f, 0xf3, 0xbf, 0xfc, 0x85, 0xff,
    0xe4, 0x3f, 0xf9, 0xbf, 0xfe, 0x42, 0xff, 0xf4,
    0x1f, 0xfc, 0xcb, 0xff, 0xc1, 0xaf, 0xff, 0x7,
    0xff, 0x33, 0xff, 0xd0, 0x77, 0xff, 0xc1, 0xff,
    0xca, 0xbf, 0xfc, 0x1e, 0xff, 0xf9, 0xf, 0xfe,
    0x43, 0xff, 0xf0, 0x79, 0xff, 0xf8, 0x3f, 0xf9,
    0x1f, 0xff, 0x21, 0xf7, 0xff, 0xf0, 0x3, 0xff,
    0x8d, 0xff, 0xfc, 0x0, 0xfe, 0xff, 0xfe, 0x2,
    0x1f, 0xfc, 0x27, 0xff, 0xf8, 0x1, 0xfe, 0x7f,
    0xff, 0x82, 0x87, 0xf9, 0xff, 0xfe, 0xa, 0x1f,
    0xf5, 0xff, 0xfc, 0x29, 0x40, 0x55, 0xff, 0xfc,
    0x28, 0x3f, 0xf8, 0x3f, 0xff, 0xd8, 0xf, 0xfe,
    0x1f, 0xff, 0xf5, 0x83, 0xff, 0x8b, 0x7f, 0xff,
    0x4a, 0xf, 0xfe, 0x3b, 0xff, 0xfd, 0x8, 0x3f,
    0xf9, 0x5f, 0xff, 0xce, 0xf, 0xfe, 0x6b, 0xff,
    0xfc, 0xa4, 0x3f, 0xfa, 0xd, 0xff, 0xfc, 0x49,
    0xf, 0xfe, 0xb3, 0x7f, 0xe9, 0xf, 0xfe, 0x38,

    /* U+0070 "p" */
    0xf, 0xfe, 0x3b, 0x4f, 0xf5, 0x10, 0xff, 0xe3,
    0x2f, 0xf0, 0x79, 0xbf, 0xff, 0x86, 0x87, 0xff,
    0x9, 0xff, 0xe0, 0xef, 0xff, 0xe4, 0x41, 0xff,
    0xc0, 0x7f, 0xf8, 0x27, 0xff, 0xf9, 0x68, 0x7f,
    0x9f, 0xfe, 0x5, 0xff, 0xfc, 0xd8, 0x3f, 0x9f,
    0xfe, 0x2f, 0xff, 0xe7, 0xc1, 0xf9, 0xff, 0xe7,
    0xff, 0xfa, 0x30, 0x7c, 0xff, 0xff, 0x72, 0xf,
    0x3f, 0xff, 0xc6, 0x94, 0x19, 0xbf, 0xff, 0x84,
    0x87, 0x3f, 0xff, 0xc4, 0x83, 0xfe, 0x7f, 0xff,
    0x82, 0x1c, 0xff, 0xff, 0xc, 0x3f, 0xf8, 0x6f,
    0xff, 0xd0, 0x67, 0xff, 0xf8, 0x41, 0xff, 0xc5,
    0x7f, 0xfe, 0xc, 0xff, 0xff, 0x4, 0x3f, 0xf8,
    0xef, 0xff, 0xa0, 0x9f, 0xff, 0xe0, 0x21, 0xff,
    0xc8, 0xbf, 0xfc, 0x13, 0xff, 0xfc, 0x0, 0xff,
    0xe5, 0x7f, 0xfa, 0x3, 0xff, 0xf2, 0x1f, 0xfc,
    0xab, 0xff, 0xc0, 0x7f, 0xfe, 0xf, 0xfe, 0x5b,
    0xff, 0xe0, 0x3f, 0xfe, 0x83, 0xff, 0x99, 0xff,
    0xe4, 0x7f, 0xfc, 0x1f, 0xfc, 0xdb, 0xff, 0xa1,
    0xff, 0xf0, 0x7f, 0xf3, 0x5f, 0xff, 0xf, 0xff,
    0x83, 0xff, 0x9a, 0xff, 0xf8, 0x7f, 0xfa, 0xf,
    0xfe, 0x77, 0xff, 0x87, 0xff, 0x90, 0xff, 0xe7,
    0x7f, 0xf9, 0x5f, 0xfc, 0x87, 0xff, 0x3b, 0xff,
    0xca, 0xff, 0xe4, 0x3f, 0xf9, 0xdf, 0xfe, 0x57,
    0xff, 0x21, 0xff, 0xce, 0xff, 0xf2, 0xbf, 0xf9,
    0xf, 0xfe, 0x77, 0xff, 0x95, 0xff, 0xc8, 0x7f,
    0xf3, 0xbf, 0xfc, 0xaf, 0xfe, 0x43, 0xff, 0x9d,
    0xff, 0xe5, 0x7f, 0xf4, 0x1f, 0xfc, 0xef, 0xff,
    0x2b, 0xff, 0xa0, 0xff, 0xe7, 0x7f, 0xf8, 0x7f,
    0xfc, 0x1f, 0xfc, 0xd7, 0xff, 0xc3, 0xff, 0xe0,
    0xff, 0xe6, 0xbf, 0xfe, 0x1f, 0xff, 0x7, 0xff,
    0x36, 0xff, 0xe8, 0x7f, 0xfd, 0x7, 0xff, 0x33,
    0xff, 0xc8, 0xff, 0xfc, 0x1f, 0xfc, 0xb7, 0xff,
    0xc0, 0x7f, 0xfe, 0x43, 0xff, 0x95, 0x7f, 0xf8,
    0xf, 0xff, 0xf0, 0x3, 0xff, 0x95, 0xff, 0xe8,
    0xf, 0xff, 0xf0, 0x20, 0xff, 0xe4, 0x5f, 0xfe,
    0x9, 0xff, 0xfe, 0xa, 0x1f, 0xfc, 0x67, 0xff,
    0xe0, 0x9f, 0xff, 0xe1, 0x7, 0xff, 0x15, 0xff,
    0xf9, 0x9, 0xff, 0xfe, 0x1a, 0x1f, 0xfc, 0x27,
    0xff, 0xe8, 0x33, 0xff, 0xfc, 0x48, 0x3f, 0xe7,
    0xff, 0xf8, 0x21, 0xcf, 0xff, 0xf1, 0xa4, 0x39,
    0xbf, 0xff, 0x84, 0x87, 0x3f, 0xfd, 0x4f, 0xff,
    0xe8, 0xc1, 0xe7, 0xff, 0xa3, 0xff, 0xfa, 0x21,
    0xf3, 0xff, 0xd0, 0x3f, 0xff, 0x9e, 0x1f, 0x9f,
    0xfe, 0x82, 0xff, 0xfe, 0x64, 0x1f, 0xcf, 0xff,
    0x41, 0xaf, 0xff, 0xe4, 0xa1, 0xfe, 0x7f, 0xfa,
    0xe, 0x7f, 0xff, 0x8d, 0x7, 0xff, 0x1, 0xff,
    0xe8, 0x3e, 0x7f, 0xff, 0x85, 0x7, 0xff, 0x9,
    0xff, 0xe8, 0x3f, 0xd4, 0xff, 0x48, 0x7f, 0xf1,
    0x5f, 0xfe, 0x83, 0xff, 0xb2, 0xff, 0xf4, 0x1f,
    0xfd, 0x97, 0xff, 0xa0, 0xff, 0xec, 0xbf, 0xfd,
    0x7, 0xff, 0x65, 0xff, 0xe8, 0x3f, 0xfb, 0x2f,
    0xff, 0x41, 0xff, 0xd9, 0x7f, 0xfa, 0xf, 0xfe,
    0xcb, 0xff, 0xd0, 0x7f, 0xf6, 0x5f, 0xfe, 0x83,
    0xff, 0xb2, 0xff, 0xf4, 0x1f, 0xfd, 0x97, 0xff,
    0xa0, 0xff, 0xec, 0xbf, 0xfd, 0x7, 0xff, 0x65,
    0xff, 0xe8, 0x3f, 0xfb, 0x2f, 0xff, 0x41, 0xff,
    0xd9, 0x7f, 0xfa, 0xf, 0xfe, 0xcb, 0xff, 0xd0,
    0x7f, 0xf6, 0x5f, 0xfe, 0x83, 0xff, 0xb2,

    /* U+0071 "q" */
    0xf, 0xfe, 0x2b, 0x4f, 0xfa, 0x43, 0xff, 0xaa,
    0xff, 0xff, 0x11, 0xf, 0x97, 0xf0, 0x7f, 0xf0,
    0x5f, 0xff, 0xe4, 0x21, 0xaf, 0xfd, 0x7, 0xfd,
    0xff, 0xfc, 0xb8, 0x2b, 0xff, 0x41, 0xfc, 0xff,
    0xff, 0x38, 0x17, 0xfe, 0x83, 0xf5, 0xff, 0xfd,
    0x2, 0xff, 0xd0, 0x7d, 0x7f, 0xff, 0x46, 0x9f,
    0xfa, 0xf, 0x3f, 0xff, 0xdc, 0x83, 0xdf, 0xff,
    0xc2, 0x94, 0x19, 0xbf, 0xff, 0x8d, 0x7, 0x7f,
    0xff, 0x5, 0xf, 0xf9, 0xff, 0xfe, 0x24, 0x19,
    0xff, 0xfa, 0xf, 0xfe, 0x1f, 0xff, 0xf0, 0xe0,
    0xdf, 0xff, 0x21, 0xff, 0xc5, 0xff, 0xfe, 0x14,
    0x13, 0xff, 0xe8, 0x3f, 0xf8, 0xff, 0xff, 0xc1,
    0x82, 0xff, 0xf8, 0x3f, 0xf9, 0x3f, 0xff, 0xc0,
    0x80, 0xff, 0xf9, 0xf, 0xfe, 0x4d, 0xff, 0xf4,
    0xb, 0xff, 0xc1, 0xff, 0xcb, 0xff, 0xfa, 0x7,
    0xff, 0x90, 0xff, 0xe5, 0xdf, 0xfe, 0x81, 0xff,
    0xe0, 0xff, 0xe6, 0x3f, 0xfe, 0x87, 0xff, 0xc1,
    0xff, 0xcd, 0xff, 0xf4, 0x5f, 0xfd, 0x7, 0xff,
    0x37, 0xff, 0xd1, 0xff, 0xe4, 0x3f, 0xf9, 0xb7,
    0xff, 0x47, 0xff, 0x90, 0xff, 0xe6, 0xbf, 0xfd,
    0x1f, 0xfe, 0xf, 0xfe, 0x73, 0xff, 0xd1, 0xff,
    0xe0, 0xff, 0xe7, 0xff, 0xf4, 0x7f, 0xf8, 0x3f,
    0xf9, 0xff, 0xfd, 0x1f, 0xfe, 0xf, 0xfe, 0x7f,
    0xff, 0x47, 0xff, 0x83, 0xff, 0x9f, 0xff, 0xd1,
    0xff, 0xe0, 0xff, 0xe7, 0xff, 0xf4, 0x7f, 0xf8,
    0x3f, 0xf9, 0xff, 0xfd, 0x1f, 0xfe, 0xf, 0xfe,
    0x73, 0xff, 0xd1, 0xff, 0xe4, 0x3f, 0xf9, 0xaf,
    0xff, 0x47, 0xff, 0x90, 0xff, 0xe6, 0xdf, 0xfd,
    0x17, 0xff, 0x41, 0xff, 0xcd, 0xff, 0xf4, 0x5f,
    0xfe, 0xf, 0xfe, 0x6f, 0xff, 0xa1, 0xff, 0xf0,
    0x7f, 0xf3, 0x1f, 0xff, 0x40, 0xff, 0xf2, 0x1f,
    0xfc, 0xbf, 0xff, 0xa0, 0x7f, 0xfc, 0x1f, 0xfc,
    0xbf, 0xff, 0xa0, 0x3f, 0xfe, 0x43, 0xff, 0x93,
    0x7f, 0xfd, 0x5, 0xff, 0xf0, 0x7f, 0xf2, 0x1f,
    0xff, 0xe0, 0x41, 0x5f, 0xfe, 0x83, 0xff, 0x8f,
    0xff, 0xfc, 0x18, 0x37, 0xff, 0xc8, 0x7f, 0xf1,
    0x7f, 0xff, 0x85, 0x6, 0xbf, 0xfe, 0x83, 0xff,
    0x87, 0xff, 0xfc, 0x38, 0x3b, 0xff, 0xf8, 0x28,
    0x7f, 0xcf, 0xff, 0xf1, 0x20, 0xe7, 0xff, 0xf8,
    0x52, 0x83, 0x37, 0xff, 0xf1, 0xa0, 0xf3, 0xff,
    0xfd, 0x27, 0xff, 0xa0, 0xfa, 0xff, 0xfe, 0x80,
    0xff, 0xf4, 0x1f, 0xaf, 0xff, 0xe7, 0x1, 0xff,
    0xe8, 0x3f, 0xaf, 0xff, 0xe6, 0x4, 0xff, 0xf4,
    0x1f, 0xe7, 0xff, 0xf9, 0x41, 0x9f, 0xfe, 0x83,
    0xff, 0x81, 0x7f, 0xff, 0x1a, 0xe, 0x7f, 0xfa,
    0xf, 0xfe, 0x15, 0xff, 0xfc, 0x28, 0x3e, 0x7f,
    0xfa, 0xf, 0xfe, 0x2b, 0x7f, 0xd2, 0x1f, 0xcf,
    0xff, 0x41, 0xff, 0xd9, 0x7f, 0xfa, 0xf, 0xfe,
    0xcb, 0xff, 0xd0, 0x7f, 0xf6, 0x5f, 0xfe, 0x83,
    0xff, 0xb2, 0xff, 0xf4, 0x1f, 0xfd, 0x97, 0xff,
    0xa0, 0xff, 0xec, 0xbf, 0xfd, 0x7, 0xff, 0x65,
    0xff, 0xe8, 0x3f, 0xfb, 0x2f, 0xff, 0x41, 0xff,
    0xd9, 0x7f, 0xfa, 0xf, 0xfe, 0xcb, 0xff, 0xd0,
    0x7f, 0xf6, 0x5f, 0xfe, 0x83, 0xff, 0xb2, 0xff,
    0xf4, 0x1f, 0xfd, 0x97, 0xff, 0xa0, 0xff, 0xec,
    0xbf, 0xfd, 0x7, 0xff, 0x65, 0xff, 0xe8, 0x3f,
    0xfb, 0x2f, 0xff, 0x41, 0xff, 0xd9, 0x7f, 0xfa,

    /* U+0072 "r" */
    0xf, 0xfe, 0x3b, 0x7f, 0x48, 0x55, 0xfc, 0x87,
    0xaf, 0xff, 0x95, 0xff, 0xd0, 0x67, 0xff, 0xf8,
    0x33, 0xff, 0xd0, 0x57, 0xff, 0xf0, 0xa7, 0xff,
    0xa0, 0x5f, 0xff, 0xc3, 0x9f, 0xfe, 0x87, 0xff,
    0xf8, 0x93, 0xff, 0xd1, 0xff, 0xfc, 0x59, 0xff,
    0xeb, 0xff, 0xf8, 0xd3, 0xff, 0xfd, 0x9, 0xff,
    0xfe, 0x84, 0xff, 0xff, 0x1a, 0x50, 0x15, 0x4e,
    0x7f, 0xff, 0x88, 0x87, 0xff, 0x1, 0xff, 0xfe,
    0x18, 0x7f, 0xf0, 0x9f, 0xff, 0xe0, 0xc1, 0xff,
    0xc3, 0x7f, 0xff, 0x82, 0x1f, 0xfc, 0x47, 0xff,
    0xf8, 0x1, 0xff, 0xc5, 0x7f, 0xfe, 0x43, 0xff,
    0x8a, 0xff, 0xfc, 0x1f, 0xfc, 0x67, 0xff, 0xd0,
    0x7f, 0xf1, 0x9f, 0xff, 0x21, 0xff, 0xc6, 0x7f,
    0xfc, 0x1f, 0xfc, 0x77, 0xff, 0xc1, 0xff, 0xc7,
    0x7f, 0xfa, 0xf, 0xfe, 0x3b, 0xff, 0xd0, 0x7f,
    0xf1, 0xdf, 0xfe, 0x83, 0xff, 0x8e, 0xff, 0xf4,
    0x1f, 0xfc, 0x77, 0xff, 0xa0, 0xff, 0xe3, 0xbf,
    0xfd, 0x7, 0xff, 0x1d, 0xff, 0xe8, 0x3f, 0xf8,
    0xef, 0xff, 0x41, 0xff, 0xc7, 0x7f, 0xfa, 0xf,
    0xfe, 0x3b, 0xff, 0xd0, 0x7f, 0xf1, 0xdf, 0xfe,
    0x83, 0xff, 0x8e, 0xff, 0xf4, 0x1f, 0xfc, 0x77,
    0xff, 0xa0, 0xff, 0xe3, 0xbf, 0xfd, 0x7, 0xff,
    0x1d, 0xff, 0xe8, 0x3f, 0xf8, 0xef, 0xff, 0x41,
    0xff, 0xc7, 0x7f, 0xfa, 0xf, 0xfe, 0x3b, 0xff,
    0xd0, 0x7f, 0xf1, 0xdf, 0xfe, 0x83, 0xff, 0x8e,
    0xff, 0xf4, 0x1f, 0xfc, 0x77, 0xff, 0xa0, 0xff,
    0xe3, 0xbf, 0xfd, 0x7, 0xff, 0x1d, 0xff, 0xe8,
    0x3f, 0xf8, 0xef, 0xff, 0x41, 0xff, 0xc7, 0x7f,
    0xfa, 0xf, 0xfe, 0x3b, 0xff, 0xd0, 0x7f, 0xf1,
    0xdf, 0xfe, 0x83, 0xff, 0x8e, 0xff, 0xf4, 0x1f,
    0xfc, 0x70,

    /* U+0073 "s" */
    0xf, 0xff, 0x7b, 0x7f, 0xff, 0x2, 0x43, 0xff,
    0x9c, 0xff, 0xff, 0x21, 0xf, 0xfe, 0x4d, 0xff,
    0xfc, 0xc8, 0x3f, 0xf8, 0xaf, 0xff, 0xf4, 0x10,
    0xff, 0xe1, 0x5f, 0xff, 0xd2, 0x43, 0xff, 0x81,
    0x7f, 0xff, 0x51, 0xf, 0xf5, 0xff, 0xfd, 0x64,
    0x3f, 0x3f, 0xff, 0xd8, 0xf, 0xdf, 0xff, 0xc1,
    0x90, 0xf9, 0xbf, 0xff, 0x83, 0x7, 0xdf, 0xff,
    0x41, 0xff, 0xc1, 0x7f, 0xff, 0x80, 0x1e, 0xbf,
    0xfc, 0x87, 0xff, 0x12, 0xff, 0xf2, 0x1d, 0x7f,
    0xf4, 0x1f, 0xfc, 0x6f, 0xff, 0x41, 0xdf, 0xfe,
    0x43, 0xff, 0x8c, 0xff, 0xf8, 0x3b, 0xff, 0xc1,
    0xff, 0xc8, 0xff, 0xf0, 0x77, 0xff, 0x90, 0xff,
    0xe3, 0xbf, 0xfc, 0x86, 0xff, 0xf8, 0x3f, 0xfa,
    0xd7, 0xff, 0xc1, 0xff, 0xd5, 0x7f, 0xff, 0x80,
    0x87, 0xff, 0x53, 0xff, 0xf8, 0x50, 0x7f, 0xf4,
    0x9f, 0xff, 0xe2, 0x48, 0x7f, 0xf3, 0xff, 0xff,
    0x90, 0x87, 0xff, 0x37, 0xff, 0xf9, 0x52, 0x1f,
    0xfc, 0xaf, 0xff, 0xe6, 0xc1, 0xff, 0xc8, 0xbf,
    0xff, 0x9c, 0x87, 0xff, 0x1e, 0xff, 0xfe, 0x72,
    0x1f, 0xfc, 0x7b, 0xff, 0xf9, 0xc8, 0x7f, 0xf2,
    0x2f, 0xff, 0xe6, 0x41, 0xff, 0xca, 0x6f, 0xff,
    0xe4, 0xc1, 0xff, 0xcd, 0x6f, 0xff, 0xe3, 0x41,
    0xff, 0xd0, 0x6f, 0xff, 0xe1, 0xa1, 0xff, 0xd2,
    0x6f, 0xff, 0xe0, 0x87, 0xff, 0x57, 0xff, 0xf8,
    0x8, 0x7f, 0xf5, 0x7f, 0xfe, 0x83, 0xff, 0xad,
    0xff, 0xf0, 0x3f, 0xfa, 0xf, 0xfe, 0x55, 0xff,
    0xe0, 0x7f, 0xf8, 0x3f, 0xf9, 0x4f, 0xff, 0x81,
    0xff, 0xe0, 0xff, 0xe5, 0xff, 0xf8, 0x17, 0xff,
    0x41, 0xff, 0xc9, 0x7f, 0xfc, 0x7, 0xff, 0xc1,
    0xff, 0xc9, 0xbf, 0xfc, 0x17, 0xff, 0xa0, 0xff,
    0xe4, 0x7f, 0xfa, 0xa, 0xff, 0xf4, 0x1f, 0xfc,
    0x57, 0xff, 0xe4, 0x37, 0xff, 0xf0, 0x10, 0xff,
    0xe1, 0x5f, 0xff, 0xc0, 0xe, 0xbf, 0xff, 0x83,
    0x2c, 0x12, 0xd7, 0xff, 0xf0, 0xa0, 0xf7, 0xff,
    0xf6, 0x83, 0xf7, 0xff, 0xf6, 0x10, 0xfc, 0xff,
    0xff, 0x5a, 0xf, 0xf3, 0xff, 0xfd, 0x44, 0x3f,
    0xf8, 0x37, 0xff, 0xf4, 0x50, 0xff, 0xe1, 0xbf,
    0xff, 0xce, 0x43, 0xff, 0x91, 0x7f, 0xff, 0x22,
    0x43, 0xff, 0x9a, 0xd3, 0xff, 0xd2, 0x83, 0xff,
    0x84,

    /* U+0074 "t" */
    0xf, 0xfe, 0x32, 0x83, 0xff, 0x9f, 0x79, 0xf,
    0xfe, 0x63, 0x7e, 0x43, 0xff, 0x94, 0xff, 0xc8,
    0x7f, 0xf2, 0x1f, 0xfe, 0x43, 0xff, 0x91, 0x7f,
    0xf2, 0x1f, 0xfc, 0x8b, 0xff, 0x90, 0xff, 0xe4,
    0x5f, 0xfc, 0x87, 0xff, 0x22, 0xff, 0xe4, 0x3f,
    0xf9, 0x17, 0xff, 0x21, 0xff, 0xc8, 0xbf, 0xf9,
    0xf, 0xfe, 0x45, 0xff, 0xc8, 0x7f, 0xf2, 0x2f,
    0xfe, 0x43, 0xff, 0x91, 0x7f, 0xf2, 0x1f, 0xfc,
    0x8b, 0xff, 0x90, 0xff, 0xe4, 0x5f, 0xfc, 0x87,
    0xfd, 0x7f, 0xff, 0x45, 0xbf, 0xff, 0xa2, 0xdf,
    0xff, 0xd1, 0x6f, 0xff, 0xe8, 0xb7, 0xff, 0xf4,
    0x5b, 0xff, 0xfa, 0x2d, 0xff, 0xfd, 0x16, 0xff,
    0xfe, 0x8a, 0x2f, 0xeb, 0xff, 0xa5, 0xff, 0x7,
    0xfa, 0xff, 0xe4, 0x3f, 0xf9, 0x17, 0xff, 0x21,
    0xff, 0xc8, 0xbf, 0xf9, 0xf, 0xfe, 0x45, 0xff,
    0xc8, 0x7f, 0xf2, 0x2f, 0xfe, 0x43, 0xff, 0x91,
    0x7f, 0xf2, 0x1f, 0xfc, 0x8b, 0xff, 0x90, 0xff,
    0xe4, 0x5f, 0xfc, 0x87, 0xff, 0x22, 0xff, 0xe4,
    0x3f, 0xf9, 0x17, 0xff, 0x21, 0xff, 0xc8, 0xbf,
    0xf9, 0xf, 0xfe, 0x45, 0xff, 0xc8, 0x7f, 0xf2,
    0x2f, 0xfe, 0x43, 0xff, 0x91, 0x7f, 0xf2, 0x1f,
    0xfc, 0x8b, 0xff, 0x90, 0xff, 0xe4, 0x5f, 0xfc,
    0x87, 0xff, 0x22, 0xff, 0xe4, 0x3f, 0xf9, 0x17,
    0xff, 0x21, 0xff, 0xc8, 0xbf, 0xf9, 0xf, 0xfe,
    0x45, 0xff, 0xc8, 0x7f, 0xf2, 0x2f, 0xfe, 0x43,
    0xff, 0x91, 0x7f, 0xf2, 0x1f, 0xfc, 0x8b, 0xff,
    0x90, 0xff, 0xe4, 0x5f, 0xfc, 0x87, 0xff, 0x22,
    0xff, 0xe4, 0x3f, 0xf9, 0x17, 0xff, 0x21, 0xff,
    0xc8, 0xbf, 0xf9, 0xf, 0xfe, 0x45, 0xff, 0xc8,
    0x7f, 0xf2, 0x2f, 0xfe, 0x43, 0xff, 0x90, 0xff,
    0xf4, 0x1f, 0xfc, 0x87, 0xff, 0xc1, 0xff, 0xc9,
    0xff, 0xfa, 0x5f, 0x83, 0xff, 0x81, 0xff, 0xfc,
    0x74, 0x3f, 0xeb, 0xff, 0xf8, 0xc8, 0x7f, 0xf0,
    0x3f, 0xff, 0x8c, 0x87, 0xff, 0x2, 0xff, 0xfe,
    0x2a, 0x1f, 0xfc, 0x1f, 0xff, 0xe2, 0xa1, 0xff,
    0xc2, 0xff, 0xfe, 0x22, 0x1f, 0xfc, 0x37, 0xff,
    0xf8, 0x48, 0x7f, 0xf1, 0x5b, 0xff, 0xe4,

    /* U+0075 "u" */
    0x7f, 0xfa, 0xf, 0xfe, 0x53, 0xff, 0xd3, 0xff,
    0xd0, 0x7f, 0xf2, 0x9f, 0xfe, 0x9f, 0xfe, 0x83,
    0xff, 0x94, 0xff, 0xf4, 0xff, 0xf4, 0x1f, 0xfc,
    0xa7, 0xff, 0xa7, 0xff, 0xa0, 0xff, 0xe5, 0x3f,
    0xfd, 0x3f, 0xfd, 0x7, 0xff, 0x29, 0xff, 0xe9,
    0xff, 0xe8, 0x3f, 0xf9, 0x4f, 0xff, 0x4f, 0xff,
    0x41, 0xff, 0xca, 0x7f, 0xfa, 0x7f, 0xfa, 0xf,
    0xfe, 0x53, 0xff, 0xd3, 0xff, 0xd0, 0x7f, 0xf2,
    0x9f, 0xfe, 0x9f, 0xfe, 0x83, 0xff, 0x94, 0xff,
    0xf4, 0xff, 0xf4, 0x1f, 0xfc, 0xa7, 0xff, 0xa7,
    0xff, 0xa0, 0xff, 0xe5, 0x3f, 0xfd, 0x3f, 0xfd,
    0x7, 0xff, 0x29, 0xff, 0xe9, 0xff, 0xe8, 0x3f,
    0xf9, 0x4f, 0xff, 0x4f, 0xff, 0x41, 0xff, 0xca,
    0x7f, 0xfa, 0x7f, 0xfa, 0xf, 0xfe, 0x53, 0xff,
    0xd3, 0xff, 0xd0, 0x7f, 0xf2, 0x9f, 0xfe, 0x9f,
    0xfe, 0x83, 0xff, 0x94, 0xff, 0xf4, 0xff, 0xf4,
    0x1f, 0xfc, 0xa7, 0xff, 0xa7, 0xff, 0xa0, 0xff,
    0xe5, 0x3f, 0xfd, 0x3f, 0xfd, 0x7, 0xff, 0x29,
    0xff, 0xe9, 0xff, 0xe8, 0x3f, 0xf9, 0x4f, 0xff,
    0x4f, 0xff, 0x41, 0xff, 0xca, 0x7f, 0xfa, 0x7f,
    0xfa, 0xf, 0xfe, 0x53, 0xff, 0xd3, 0xff, 0xd0,
    0x7f, 0xf2, 0x9f, 0xfe, 0x9f, 0xfe, 0x83, 0xff,
    0x94, 0xff, 0xf4, 0xff, 0xf4, 0x1f, 0xfc, 0xa7,
    0xff, 0xa7, 0xff, 0xa0, 0xff, 0xe5, 0x3f, 0xfd,
    0x3f, 0xfd, 0x7, 0xff, 0x29, 0xff, 0xe9, 0xff,
    0xe8, 0x3f, 0xf9, 0x57, 0xff, 0x4f, 0xff, 0x41,
    0xff, 0xca, 0xff, 0xf4, 0xff, 0xf8, 0x3f, 0xf9,
    0x2f, 0xff, 0xa3, 0xff, 0xc1, 0xff, 0xc9, 0xff,
    0xfa, 0x3f, 0xfc, 0x1f, 0xfc, 0x87, 0xff, 0xe8,
    0xff, 0xf2, 0x1f, 0xfc, 0x7f, 0xff, 0xe0, 0x47,
    0xff, 0xc1, 0xff, 0xc6, 0xbf, 0xff, 0x81, 0x17,
    0xff, 0x90, 0xff, 0xe2, 0x3f, 0xff, 0xc1, 0x87,
    0xff, 0xe0, 0xff, 0xe1, 0xbf, 0xff, 0xc2, 0x81,
    0xff, 0xfc, 0x0, 0xff, 0xe0, 0xdf, 0xff, 0xc3,
    0x81, 0x7f, 0xff, 0x2, 0xf, 0xe7, 0xff, 0xf8,
    0xb0, 0x1f, 0xff, 0xe1, 0xd1, 0x6b, 0xff, 0xf8,
    0xf0, 0x5f, 0xff, 0xd2, 0xbf, 0xfa, 0xd, 0xff,
    0xfd, 0x5, 0x7f, 0xf4, 0x19, 0xff, 0xfe, 0x72,
    0x3f, 0xfd, 0x7, 0x5f, 0xff, 0xcc, 0x40, 0xff,
    0xf4, 0x1e, 0x7f, 0xff, 0x94, 0x19, 0xff, 0xe8,
    0x3f, 0x7f, 0xff, 0x1e, 0xe, 0x7f, 0xfa, 0xf,
    0xe6, 0xff, 0xfe, 0x14, 0x1f, 0x35, 0xfc, 0x87,
    0xff, 0x1, 0xa7, 0xfa, 0x81, 0xff, 0xc9,

    /* U+0076 "v" */
    0x2b, 0xfc, 0x1f, 0xfc, 0xda, 0xff, 0x3, 0xff,
    0xd0, 0x7f, 0xf2, 0xef, 0xff, 0x3, 0xff, 0xe0,
    0xff, 0xe5, 0xff, 0xfc, 0x7, 0xff, 0xc8, 0x7f,
    0xf2, 0x5f, 0xff, 0x21, 0x7f, 0xfa, 0xf, 0xfe,
    0x4d, 0xff, 0xe0, 0xd7, 0xff, 0x83, 0xff, 0x93,
    0xff, 0xe8, 0x33, 0xff, 0xe4, 0x3f, 0xf8, 0xef,
    0xff, 0x90, 0xef, 0xff, 0x41, 0xff, 0xc7, 0xbf,
    0xfc, 0x1e, 0xbf, 0xfc, 0x1f, 0xfc, 0x7f, 0xff,
    0x41, 0xf7, 0xff, 0x90, 0xff, 0xe2, 0xbf, 0xfe,
    0xf, 0xdf, 0xfe, 0x83, 0xff, 0x8b, 0x7f, 0xf8,
    0x3f, 0x3f, 0xfe, 0xf, 0xfe, 0x2f, 0xff, 0x90,
    0xfe, 0xff, 0xf2, 0x1f, 0xfc, 0x37, 0xff, 0xc1,
    0xfe, 0xbf, 0xfa, 0xf, 0xfe, 0x1d, 0xff, 0xd0,
    0x7f, 0x9f, 0xff, 0x7, 0xff, 0xf, 0xff, 0xc8,
    0x7f, 0xdf, 0xfe, 0x43, 0xff, 0x82, 0xff, 0xf8,
    0x3f, 0xf8, 0x17, 0xff, 0x41, 0xff, 0xc1, 0xbf,
    0xfa, 0xf, 0xfe, 0xf, 0xff, 0x83, 0xff, 0x83,
    0xff, 0xe0, 0xff, 0xe1, 0x7f, 0xf9, 0xf, 0xf9,
    0xff, 0xf0, 0x7f, 0xf0, 0x9f, 0xfe, 0x83, 0xfe,
    0xbf, 0xf9, 0xf, 0xfe, 0x1f, 0xff, 0x83, 0xfe,
    0xff, 0xf0, 0x7f, 0xf1, 0x2f, 0xfe, 0x43, 0xf9,
    0xff, 0xe8, 0x3f, 0xf8, 0x8f, 0xff, 0x41, 0xfd,
    0x7f, 0xf2, 0x1f, 0xfc, 0x5f, 0xff, 0x7, 0xf7,
    0xff, 0x83, 0xff, 0x8d, 0x7f, 0xf2, 0x1f, 0x3f,
    0xfd, 0x7, 0xff, 0x1f, 0xff, 0xa0, 0xfa, 0xff,
    0xe0, 0xff, 0xe4, 0x7f, 0xf8, 0x3e, 0xff, 0xf0,
    0x7f, 0xf2, 0x1f, 0xfe, 0x43, 0x9f, 0xfe, 0x43,
    0xff, 0x93, 0xff, 0xe0, 0xef, 0xff, 0x7, 0xff,
    0x2a, 0xff, 0xe0, 0xef, 0xfe, 0x83, 0xff, 0x94,
    0xff, 0xf2, 0x13, 0xff, 0xc8, 0x7f, 0xf2, 0xff,
    0xfc, 0x17, 0xff, 0x83, 0xff, 0x99, 0x7f, 0xf0,
    0x5f, 0xfd, 0x7, 0xff, 0x31, 0xff, 0xe4, 0x7f,
    0xf9, 0xf, 0xfe, 0x6f, 0xff, 0x8f, 0xff, 0x7,
    0xff, 0x3a, 0xff, 0xe7, 0xff, 0xa0, 0xff, 0xe7,
    0xff, 0xff, 0x1c, 0x3f, 0xfa, 0x1f, 0xff, 0xc7,
    0xf, 0xfe, 0x83, 0xff, 0xfc, 0x54, 0x3f, 0xfa,
    0x3f, 0xff, 0xc5, 0xf, 0xfe, 0x95, 0xff, 0xfc,
    0x38, 0x3f, 0xfa, 0x4f, 0xff, 0xf0, 0xd0, 0xff,
    0xe9, 0xff, 0xff, 0xc, 0x3f, 0xfa, 0x97, 0xff,
    0xf0, 0x60, 0xff, 0xea, 0xff, 0xff, 0x4, 0x3f,
    0xfa, 0xdf, 0xff, 0xc1, 0xf, 0xfe, 0xb3, 0xff,
    0xf2, 0x1f, 0xfd, 0x7f, 0xff, 0x83, 0xff, 0xb1,
    0x7f, 0xf4, 0x1f, 0xfc, 0x60,

    /* U+0077 "w" */
    0x2b, 0xfc, 0x87, 0xff, 0x22, 0xbf, 0x21, 0xff,
    0xc8, 0x6b, 0xf9, 0x7, 0xff, 0xa0, 0xff, 0xe3,
    0xdf, 0xfc, 0x1f, 0xfc, 0x8f, 0xff, 0x81, 0xff,
    0xf0, 0x7f, 0xf1, 0xff, 0xfc, 0x87, 0xff, 0x19,
    0xff, 0xf2, 0xb, 0xff, 0xc8, 0x7f, 0xf1, 0xbf,
    0xfd, 0x7, 0xff, 0x1a, 0xff, 0xf0, 0x6f, 0xff,
    0x41, 0xff, 0xc5, 0x7f, 0xfe, 0xf, 0xfe, 0x37,
    0xff, 0xa0, 0xdf, 0xff, 0x7, 0xff, 0x16, 0xff,
    0xf8, 0x3f, 0xf8, 0xaf, 0xff, 0x90, 0xcf, 0xff,
    0x83, 0xff, 0x8b, 0xff, 0xfc, 0x8, 0x3f, 0xf8,
    0x97, 0xff, 0x83, 0xdf, 0xfe, 0x43, 0xff, 0x89,
    0xff, 0xfc, 0x10, 0xff, 0xe2, 0x7f, 0xfa, 0xf,
    0x7f, 0xfa, 0xf, 0xfe, 0x1d, 0xff, 0xfc, 0x10,
    0xff, 0xe2, 0x7f, 0xf9, 0xf, 0x3f, 0xfe, 0xf,
    0xfe, 0x1f, 0xff, 0xf0, 0x90, 0xff, 0xe1, 0x3f,
    0xfe, 0xf, 0xdf, 0xfe, 0x43, 0xff, 0x85, 0xff,
    0xfc, 0x28, 0x3f, 0xf8, 0x57, 0xff, 0x41, 0xfb,
    0xff, 0xd0, 0x7f, 0xf0, 0x5f, 0xff, 0xe1, 0x87,
    0xff, 0xb, 0xff, 0xc8, 0x7e, 0x7f, 0xfc, 0x1f,
    0xfc, 0x1b, 0xff, 0xf8, 0x61, 0xff, 0xc1, 0x7f,
    0xfc, 0x1f, 0xef, 0xff, 0x7, 0xff, 0x7, 0xff,
    0x5f, 0xf2, 0x1f, 0xfc, 0xb, 0xff, 0xa0, 0xff,
    0x7f, 0xf9, 0xf, 0xfe, 0x7, 0xfe, 0x3f, 0xe8,
    0x3f, 0xf8, 0x1f, 0xfe, 0x43, 0xfc, 0xff, 0xf4,
    0x1f, 0xf3, 0xff, 0x27, 0xfe, 0xf, 0xfe, 0x7,
    0xff, 0x83, 0xff, 0x81, 0xff, 0xe0, 0xff, 0xaf,
    0xf8, 0x17, 0xfc, 0x1f, 0xf3, 0xff, 0xd0, 0x7f,
    0xf0, 0x3f, 0xfc, 0x1f, 0xf7, 0xfe, 0x3, 0xff,
    0x41, 0xfe, 0xbf, 0xf9, 0xf, 0xfe, 0x3, 0xff,
    0xc8, 0x7f, 0xbf, 0xe8, 0x2f, 0xfc, 0x1f, 0xef,
    0xff, 0x7, 0xff, 0xb, 0xff, 0xc1, 0xfc, 0xff,
    0xc8, 0x5f, 0xf8, 0x3f, 0xdf, 0xfd, 0x7, 0xff,
    0xa, 0xff, 0xe0, 0xfe, 0xff, 0xc1, 0xaf, 0xf9,
    0xf, 0xcf, 0xff, 0x21, 0xff, 0xc2, 0x7f, 0xf9,
    0xf, 0xdf, 0xf8, 0x33, 0xff, 0x41, 0xfb, 0xff,
    0xc1, 0xff, 0xc4, 0xff, 0xe8, 0x3e, 0x7f, 0xe8,
    0x3b, 0xff, 0x7, 0xef, 0xfe, 0x83, 0xff, 0x89,
    0x7f, 0xf0, 0x7d, 0x7f, 0xc8, 0x75, 0xff, 0x7,
    0xcf, 0xff, 0x21, 0xff, 0xc4, 0x7f, 0xf8, 0x3e,
    0xff, 0xc1, 0xe7, 0xfe, 0x43, 0xd7, 0xff, 0x7,
    0xff, 0x1b, 0xff, 0x90, 0xf7, 0xfd, 0x7, 0xdf,
    0xf4, 0x1e, 0xff, 0xe8, 0x3f, 0xf8, 0xd7, 0xfe,
    0x83, 0x9f, 0xf9, 0xf, 0xbf, 0xf0, 0x7b, 0xff,
    0x90, 0xff, 0xe3, 0x3f, 0xfc, 0x1d, 0x7f, 0xc1,
    0xfa, 0xff, 0x83, 0x9f, 0xfe, 0xf, 0xfe, 0x47,
    0xff, 0x21, 0xbf, 0xf0, 0x7e, 0x7f, 0xe4, 0x35,
    0xff, 0xa0, 0xff, 0xe4, 0x5f, 0xfa, 0xd, 0xff,
    0x41, 0xfd, 0xff, 0x83, 0x7f, 0xf2, 0x1f, 0xfc,
    0x87, 0xff, 0x82, 0x7f, 0xe4, 0x3f, 0xaf, 0xf8,
    0x27, 0xff, 0x83, 0xff, 0x95, 0xff, 0xc1, 0x5f,
    0xf0, 0x7f, 0x9f, 0xf9, 0x5, 0xff, 0xa0, 0xff,
    0xe5, 0x5f, 0xf9, 0x7, 0xfd, 0x7, 0xfd, 0xff,
    0x40, 0xff, 0xe0, 0xff, 0xe5, 0xbf, 0xfa, 0x1f,
    0xf9, 0xf, 0xfb, 0xff, 0x3, 0xff, 0x83, 0xff,
    0x99, 0xff, 0xc5, 0xff, 0x7, 0xff, 0x2, 0xff,
    0x87, 0xff, 0x41, 0xff, 0xcc, 0xbf, 0xf1, 0xff,
    0x83, 0xff, 0x80, 0xff, 0xcd, 0xff, 0x83, 0xff,
    0x9a, 0xff, 0xeb, 0xfe, 0x83, 0xff, 0x83, 0xff,
    0x5f, 0xfc, 0x1f, 0xfc, 0xef, 0xff, 0xe2, 0x21,
    0xff, 0xc1, 0xff, 0xfe, 0x24, 0x1f, 0xfc, 0xeb,
    0xff, 0xf8, 0x61, 0xff, 0xc2, 0xbf, 0xff, 0x86,
    0x1f, 0xfc, 0xf7, 0xff, 0xf8, 0x61, 0xff, 0xc3,
    0xff, 0xfe, 0x18, 0x7f, 0xf4, 0x3f, 0xff, 0x85,
    0x7, 0xff, 0xf, 0xff, 0xf8, 0x50, 0x7f, 0xf4,
    0x2f, 0xff, 0xe0, 0x87, 0xff, 0x12, 0xff, 0xfe,
    0x8, 0x7f, 0xf4, 0x5f, 0xff, 0xe0, 0x87, 0xff,
    0x11, 0xff, 0xfe, 0x8, 0x7f, 0xf4, 0xbf, 0xff,
    0x81, 0x7, 0xff, 0x17, 0xff, 0xf8, 0x10, 0x7f,
    0xf4, 0xaf, 0xff, 0x90, 0xff, 0xe2, 0xff, 0xff,
    0x0, 0x3f, 0xfa, 0x6f, 0xff, 0xc1, 0xff, 0xc6,
    0xbf, 0xfe, 0xf, 0xfe, 0xa7, 0xff, 0xc1, 0xff,
    0xc6, 0x7f, 0xfc, 0x87, 0xff, 0x52, 0xff, 0xe8,
    0x3f, 0xf8, 0xff, 0xfe, 0xf, 0xfe, 0xb7, 0xff,
    0x21, 0xff, 0xc7, 0xbf, 0xf8, 0x3f, 0xf8, 0xa0,

    /* U+0078 "x" */
    0xa, 0xbf, 0xe4, 0x3f, 0xf9, 0xd, 0x7f, 0xc1,
    0xeb, 0xff, 0xe0, 0xff, 0xe4, 0x7f, 0xfc, 0x87,
    0xdf, 0xff, 0xc0, 0xf, 0xfe, 0x37, 0xff, 0xd0,
    0x7f, 0x7f, 0xfc, 0x87, 0xff, 0x12, 0xff, 0xf8,
    0x3f, 0xcf, 0xff, 0xc1, 0xff, 0xc3, 0x7f, 0xfe,
    0xf, 0xfe, 0x5, 0xff, 0xf0, 0x7f, 0xf0, 0xbf,
    0xfe, 0x43, 0xff, 0x83, 0xff, 0xf4, 0x1f, 0xfc,
    0xb, 0xff, 0xd0, 0x7f, 0xf0, 0xff, 0xfe, 0x43,
    0xfc, 0xff, 0xfc, 0x1f, 0xfc, 0x47, 0xff, 0xe0,
    0xff, 0x7f, 0xfc, 0x1f, 0xfc, 0x6b, 0xff, 0xd0,
    0x7e, 0xbf, 0xfc, 0x87, 0xff, 0x1f, 0xff, 0xe4,
    0x3c, 0xff, 0xfc, 0x1f, 0xfc, 0x9f, 0xff, 0x83,
    0xdf, 0xff, 0x7, 0xff, 0x29, 0xff, 0xf4, 0x1b,
    0xff, 0xe4, 0x3f, 0xf9, 0x77, 0xff, 0x90, 0x3f,
    0xfe, 0x83, 0xff, 0x9b, 0xff, 0xf0, 0x3f, 0xfe,
    0xf, 0xfe, 0x7f, 0xff, 0xf2, 0x83, 0xff, 0xa0,
    0xff, 0xff, 0x21, 0xf, 0xfe, 0x8d, 0xff, 0xfc,
    0x68, 0x3f, 0xfa, 0x7f, 0xff, 0xc6, 0xf, 0xfe,
    0xaf, 0xff, 0xf1, 0x3, 0xff, 0xac, 0xff, 0xff,
    0x9, 0xf, 0xfe, 0xbd, 0xff, 0xfc, 0x8, 0x3f,
    0xfb, 0x3f, 0xff, 0xc0, 0xf, 0xfe, 0xd7, 0xff,
    0xd0, 0x7f, 0xf6, 0x6f, 0xff, 0xe0, 0x21, 0xff,
    0xd7, 0x7f, 0xff, 0x84, 0x1f, 0xfd, 0x7f, 0xff,
    0xe2, 0x7, 0xff, 0x57, 0xff, 0xf8, 0xb0, 0x7f,
    0xf4, 0xef, 0xff, 0xe3, 0x21, 0xff, 0xd2, 0xff,
    0xfe, 0x40, 0x7f, 0xf4, 0x7f, 0xff, 0x94, 0x1f,
    0xfc, 0xfb, 0xff, 0xca, 0xff, 0xf4, 0x1f, 0xfc,
    0xd7, 0xff, 0xd0, 0x2f, 0xff, 0x21, 0xff, 0xcc,
    0xff, 0xf8, 0x37, 0xff, 0xc1, 0xff, 0xcb, 0xff,
    0xf8, 0x3d, 0xff, 0xf0, 0x7f, 0xf2, 0x6f, 0xff,
    0x41, 0xeb, 0xff, 0xc8, 0x7f, 0xf1, 0xdf, 0xff,
    0x83, 0xf7, 0xff, 0xc1, 0xff, 0xc7, 0xff, 0xf8,
    0x3f, 0xdf, 0xff, 0x7, 0xff, 0x17, 0xff, 0xe4,
    0x3f, 0xcf, 0xff, 0xa0, 0xff, 0xe1, 0xdf, 0xff,
    0x7, 0xff, 0x3, 0xff, 0xe4, 0x3f, 0xf8, 0x2f,
    0xff, 0xc1, 0xff, 0xc2, 0xff, 0xf8, 0x3f, 0xf8,
    0x3f, 0xff, 0x21, 0xff, 0xc2, 0x7f, 0xfe, 0xf,
    0xfb, 0xff, 0xe8, 0x3f, 0xf8, 0x9f, 0xff, 0x41,
    0xfd, 0x7f, 0xfc, 0x1f, 0xfc, 0x6f, 0xff, 0x90,
    0xfd, 0xff, 0xf2, 0x1f, 0xfc, 0x67, 0xff, 0xe0,
    0xfb, 0xff, 0xe8, 0x3f, 0xf9, 0x17, 0xff, 0xc1,
    0xd7, 0xff, 0xc1, 0xff, 0xca, 0xff, 0xfa, 0x9,
    0xff, 0xf9, 0xf, 0xfe, 0x53, 0xff, 0xf2, 0xf,
    0xff, 0xa0, 0xff, 0xe6, 0x5f, 0xff, 0x0,

    /* U+0079 "y" */
    0x2b, 0xfc, 0x1f, 0xfc, 0xe6, 0xbf, 0xc0, 0xff,
    0xf4, 0x1f, 0xfc, 0xdf, 0xff, 0x81, 0x7f, 0xf8,
    0x3f, 0xf9, 0x8f, 0xff, 0xa0, 0x3f, 0xfe, 0x43,
    0xff, 0x97, 0x7f, 0xf8, 0x37, 0xff, 0xc1, 0xff,
    0xcb, 0xff, 0xf4, 0x1a, 0xff, 0xf0, 0x7f, 0xf2,
    0x9f, 0xff, 0x21, 0xdf, 0xfe, 0x83, 0xff, 0x93,
    0xff, 0xf0, 0x7a, 0xff, 0xf0, 0x7f, 0xf2, 0x7f,
    0xfd, 0x7, 0x9f, 0xff, 0x21, 0xff, 0xc7, 0x7f,
    0xfc, 0x1f, 0xbf, 0xfd, 0x7, 0xff, 0x1f, 0xff,
    0xe0, 0xfc, 0xff, 0xf8, 0x3f, 0xf8, 0xff, 0xfe,
    0x43, 0xfb, 0xff, 0xc8, 0x7f, 0xf1, 0x6f, 0xff,
    0x7, 0xfa, 0xff, 0xf0, 0x7f, 0xf1, 0x7f, 0xfd,
    0x7, 0xf9, 0xff, 0xf0, 0x7f, 0xf1, 0x1f, 0xff,
    0x7, 0xff, 0x3, 0xff, 0xd0, 0x7f, 0xf0, 0xef,
    0xff, 0x7, 0xff, 0x1, 0xff, 0xf0, 0x7f, 0xf0,
    0xff, 0xfc, 0x87, 0xff, 0x7, 0xff, 0xc8, 0x7f,
    0xf0, 0x5f, 0xff, 0x7, 0xff, 0xa, 0xff, 0xe8,
    0x3f, 0xf8, 0x37, 0xff, 0x41, 0xff, 0xc2, 0x7f,
    0xfc, 0x1f, 0xfc, 0x1f, 0xff, 0x21, 0xff, 0xc3,
    0xff, 0xf2, 0x1f, 0xf3, 0xff, 0xe0, 0xff, 0xe2,
    0x3f, 0xfe, 0xf, 0xfb, 0xff, 0xc8, 0x7f, 0xf1,
    0x7f, 0xfc, 0x1f, 0xf7, 0xff, 0x83, 0xff, 0x8d,
    0x7f, 0xf4, 0x1f, 0xcf, 0xff, 0x41, 0xff, 0xc7,
    0xff, 0xf0, 0x7f, 0x7f, 0xf9, 0xf, 0xfe, 0x3f,
    0xff, 0x90, 0xfd, 0xff, 0xe0, 0xff, 0xe4, 0x3f,
    0xfd, 0x7, 0xd7, 0xff, 0x41, 0xff, 0xc9, 0xff,
    0xf0, 0x7d, 0xff, 0xe0, 0xff, 0xe5, 0x5f, 0xfc,
    0x87, 0x3f, 0xfd, 0x7, 0xff, 0x2f, 0xff, 0xc1,
    0xd7, 0xff, 0x21, 0xff, 0xcb, 0xff, 0xf0, 0x77,
    0xff, 0x83, 0xff, 0x98, 0xff, 0xf4, 0x13, 0xff,
    0xd0, 0x7f, 0xf3, 0x7f, 0xfc, 0x15, 0xff, 0xc1,
    0xff, 0xce, 0xbf, 0xf9, 0x7, 0xff, 0x83, 0xff,
    0x9f, 0xff, 0xd0, 0xff, 0xf2, 0x1f, 0xfc, 0xff,
    0xff, 0x1f, 0xfe, 0xf, 0xfe, 0x83, 0xff, 0xd7,
    0xff, 0x41, 0xff, 0xd1, 0xff, 0xfe, 0x38, 0x7f,
    0xf4, 0xaf, 0xff, 0xe3, 0x7, 0xff, 0x4f, 0xff,
    0xf8, 0xa8, 0x7f, 0xf4, 0xff, 0xff, 0x8a, 0x1f,
    0xfd, 0x47, 0xff, 0xf8, 0x70, 0x7f, 0xf5, 0x7f,
    0xff, 0x86, 0x87, 0xff, 0x56, 0xff, 0xfe, 0x10,
    0x7f, 0xf5, 0xff, 0xff, 0x82, 0x87, 0xff, 0x5f,
    0xff, 0xf8, 0x21, 0xff, 0xd8, 0x7f, 0xfe, 0x83,
    0xff, 0xb3, 0xff, 0xf2, 0x1f, 0xfd, 0x9b, 0xff,
    0xc1, 0xff, 0xda, 0x7f, 0xfa, 0xf, 0xfe, 0xd7,
    0xff, 0x83, 0xff, 0xb4, 0xff, 0xf8, 0x3f, 0xfb,
    0x57, 0xff, 0x21, 0xff, 0xda, 0xff, 0xf0, 0x7f,
    0xf6, 0xaf, 0xfe, 0x83, 0xff, 0xb5, 0xff, 0xe0,
    0xff, 0xed, 0x3f, 0xfe, 0xf, 0xfe, 0xd7, 0xff,
    0x90, 0xff, 0xed, 0x7f, 0xf8, 0x3f, 0xfb, 0x57,
    0xff, 0x41, 0xff, 0xda, 0xff, 0xf0, 0x7f, 0xf6,
    0xaf, 0xff, 0x7, 0xff, 0x6b, 0xff, 0xc8, 0x7f,
    0xf6, 0x5f, 0xff, 0x7, 0xff, 0x6b, 0xff, 0xd0,
    0x7f, 0xf6, 0xbf, 0xfc, 0x87, 0xff, 0x66, 0xff,
    0xf0, 0x7f, 0xf6, 0xbf, 0xfc, 0x87, 0xff, 0x66,
    0xff, 0xf0, 0x7f, 0xf3, 0xc0,

    /* U+007A "z" */
    0x2f, 0xff, 0xed, 0xa0, 0xbf, 0xff, 0xb6, 0x82,
    0xff, 0xfe, 0xda, 0xb, 0xff, 0xfb, 0x68, 0x2f,
    0xff, 0xed, 0xa0, 0xbf, 0xff, 0xb6, 0x82, 0xff,
    0xfe, 0xd8, 0x57, 0xff, 0xf6, 0xa0, 0xff, 0xe8,
    0xdf, 0xff, 0x41, 0xff, 0xd2, 0xff, 0xfe, 0x0,
    0x7f, 0xf4, 0xbf, 0xff, 0x80, 0x1f, 0xfd, 0x2f,
    0xff, 0xe0, 0x21, 0xff, 0xd1, 0xbf, 0xfe, 0x43,
    0xff, 0xa2, 0xff, 0xfd, 0x7, 0xff, 0x45, 0xff,
    0xfe, 0x0, 0x7f, 0xf4, 0xbf, 0xff, 0x80, 0x1f,
    0xfd, 0x2f, 0xff, 0xe0, 0x7, 0xff, 0x4a, 0xff,
    0xf9, 0xf, 0xfe, 0x8b, 0xff, 0xf4, 0x1f, 0xfd,
    0x17, 0xff, 0xe8, 0x3f, 0xfa, 0x5f, 0xff, 0xc0,
    0xf, 0xfe, 0x97, 0xff, 0xf0, 0x3, 0xff, 0xa5,
    0x7f, 0xfc, 0x87, 0xff, 0x46, 0xff, 0xfa, 0xf,
    0xfe, 0x8b, 0xff, 0xf4, 0x1f, 0xfd, 0x2f, 0xff,
    0xe0, 0x7, 0xff, 0x4b, 0xff, 0xf8, 0x1, 0xff,
    0xd2, 0xff, 0xfe, 0x2, 0x1f, 0xfd, 0x1b, 0xff,
    0xe4, 0x3f, 0xfa, 0x2f, 0xff, 0xd0, 0x7f, 0xf4,
    0xbf, 0xff, 0x80, 0x1f, 0xfd, 0x2f, 0xff, 0xe0,
    0x7, 0xff, 0x4b, 0xff, 0xf8, 0x1, 0xff, 0xd2,
    0xbf, 0xfe, 0x43, 0xff, 0xa2, 0xff, 0xfd, 0x7,
    0xff, 0x45, 0xff, 0xfa, 0xf, 0xfe, 0x97, 0xff,
    0xf0, 0x3, 0xff, 0xa5, 0xff, 0xfc, 0x0, 0xff,
    0xe9, 0x5f, 0xff, 0x21, 0xff, 0xd1, 0xbf, 0xfe,
    0x43, 0xff, 0xa2, 0xff, 0xff, 0x0, 0x3f, 0xfa,
    0x5f, 0xff, 0xde, 0xbf, 0xff, 0xbd, 0x7f, 0xff,
    0x7a, 0xff, 0xfe, 0xf5, 0xff, 0xfd, 0xeb, 0xff,
    0xfb, 0xd7, 0xff, 0xf7, 0xaf, 0xff, 0xef, 0x0,

    /* U+007B "{" */
    0xf, 0xfe, 0x2b, 0x7f, 0xf8, 0x3f, 0xf8, 0x77,
    0xff, 0xf0, 0x43, 0xff, 0x82, 0xff, 0xff, 0xc,
    0x3f, 0xf8, 0xf, 0xff, 0xf1, 0x3, 0xff, 0x81,
    0xff, 0xfc, 0x50, 0xff, 0xbf, 0xff, 0x8c, 0x1f,
    0xe7, 0xff, 0xf8, 0xc1, 0xfe, 0xff, 0xfe, 0x5,
    0x7c, 0x1f, 0xef, 0xff, 0x21, 0xff, 0xc5, 0x7f,
    0xf9, 0xf, 0xfe, 0x35, 0xff, 0xa0, 0xff, 0xe3,
    0xff, 0xf2, 0x1f, 0xfc, 0x7f, 0xfe, 0x43, 0xff,
    0x8f, 0xff, 0xc1, 0xff, 0xc8, 0xff, 0xe0, 0xff,
    0xe4, 0x7f, 0xf0, 0x7f, 0xf2, 0x3f, 0xf8, 0x3f,
    0xf9, 0x1f, 0xfc, 0x1f, 0xfc, 0x8f, 0xfe, 0xf,
    0xfe, 0x47, 0xff, 0x7, 0xff, 0x23, 0xff, 0x83,
    0xff, 0x91, 0xff, 0xc1, 0xff, 0xc8, 0xff, 0xe0,
    0xff, 0xe4, 0x7f, 0xf0, 0x7f, 0xf2, 0x3f, 0xf8,
    0x3f, 0xf9, 0x1f, 0xfc, 0x1f, 0xfc, 0x8f, 0xfe,
    0xf, 0xfe, 0x47, 0xff, 0x7, 0xff, 0x23, 0xff,
    0x83, 0xff, 0x91, 0xff, 0xc1, 0xff, 0xc8, 0xff,
    0xe0, 0xff, 0xe4, 0x7f, 0xf0, 0x7f, 0xf2, 0x3f,
    0xf8, 0x3f, 0xf9, 0x1f, 0xfc, 0x1f, 0xfc, 0x8f,
    0xfe, 0xf, 0xfe, 0x3b, 0xff, 0xc1, 0xff, 0xc7,
    0xff, 0xe8, 0x3f, 0xf8, 0xcf, 0xff, 0x7, 0xff,
    0x19, 0xff, 0xe8, 0x3f, 0xf8, 0x6d, 0xff, 0xf0,
    0x7f, 0xf0, 0x6f, 0xff, 0xe1, 0x21, 0xff, 0xc1,
    0xbf, 0xff, 0x82, 0x87, 0xff, 0xa, 0xff, 0xfe,
    0x0, 0x7f, 0xf1, 0x2f, 0xff, 0x21, 0xff, 0xc5,
    0xbf, 0xfc, 0x87, 0xff, 0x16, 0xff, 0xfe, 0x0,
    0x7f, 0xf1, 0x2f, 0xff, 0xe0, 0xa1, 0xff, 0xc2,
    0xbf, 0xff, 0x84, 0x87, 0xff, 0x11, 0xbf, 0xfe,
    0xf, 0xfe, 0x3b, 0xff, 0xd0, 0x7f, 0xf1, 0xdf,
    0xfe, 0xf, 0xfe, 0x47, 0xff, 0x41, 0xff, 0xc7,
    0x7f, 0xf8, 0x3f, 0xf9, 0x1f, 0xfc, 0x1f, 0xfc,
    0x8f, 0xfe, 0xf, 0xfe, 0x47, 0xff, 0x7, 0xff,
    0x23, 0xff, 0x83, 0xff, 0x91, 0xff, 0xc1, 0xff,
    0xc8, 0xff, 0xe0, 0xff, 0xe4, 0x7f, 0xf0, 0x7f,
    0xf2, 0x3f, 0xf8, 0x3f, 0xf9, 0x1f, 0xfc, 0x1f,
    0xfc, 0x8f, 0xfe, 0xf, 0xfe, 0x47, 0xff, 0x7,
    0xff, 0x23, 0xff, 0x83, 0xff, 0x91, 0xff, 0xc1,
    0xff, 0xc8, 0xff, 0xe0, 0xff, 0xe4, 0x7f, 0xf0,
    0x7f, 0xf2, 0x3f, 0xf8, 0x3f, 0xf9, 0x1f, 0xfc,
    0x1f, 0xfc, 0x8f, 0xfe, 0xf, 0xfe, 0x47, 0xff,
    0x7, 0xff, 0x23, 0xff, 0x83, 0xff, 0x91, 0xff,
    0xc1, 0xff, 0xc8, 0xff, 0xe0, 0xff, 0xe4, 0x7f,
    0xf0, 0x7f, 0xf2, 0x3f, 0xf9, 0xf, 0xfe, 0x3d,
    0xff, 0xa0, 0xff, 0xe3, 0xbf, 0xfc, 0x87, 0xff,
    0x1f, 0xff, 0xc8, 0x7f, 0xf1, 0xbf, 0xff, 0x81,
    0x5f, 0x7, 0xf9, 0xff, 0xfe, 0x30, 0x7f, 0xdf,
    0xff, 0xc6, 0xf, 0xfe, 0x7, 0xff, 0xf1, 0x43,
    0xff, 0x80, 0xff, 0xff, 0x10, 0x3f, 0xf8, 0x2f,
    0xff, 0xf0, 0xc3, 0xff, 0x87, 0x7f, 0xff, 0x4,
    0x3f, 0xf8, 0xad, 0xff, 0xe0,

    /* U+007C "|" */
    0x7f, 0xf3, 0xff, 0x9f, 0xfc, 0xff, 0xe7, 0xff,
    0x3f, 0xf9, 0xff, 0xcf, 0xfe, 0x7f, 0xf3, 0xff,
    0x9f, 0xfc, 0xff, 0xe7, 0xff, 0x3f, 0xf9, 0xff,
    0xcf, 0xfe, 0x7f, 0xf3, 0xff, 0x9f, 0xfc, 0xff,
    0xe7, 0xff, 0x3f, 0xf9, 0xff, 0xcf, 0xfe, 0x7f,
    0xf3, 0xff, 0x9f, 0xfc, 0xff, 0xe7, 0xff, 0x3f,
    0xf9, 0xff, 0xcf, 0xfe, 0x7f, 0xf3, 0xff, 0x9f,
    0xfc, 0xff, 0xe7, 0xff, 0x3f, 0xf9, 0xff, 0xcf,
    0xfe, 0x7f, 0xf3, 0xff, 0x9f, 0xfc, 0xff, 0xe7,
    0xff, 0x3f, 0xf9, 0xff, 0xcf, 0xfe, 0x7f, 0xf3,
    0xff, 0x9f, 0xfc, 0xff, 0xe7, 0xff, 0x3f, 0xf9,
    0xff, 0xcf, 0xfe, 0x7f, 0xf3, 0xff, 0x9f, 0xfc,
    0xff, 0xe7, 0xff, 0x3f, 0xf9, 0xff, 0xcf, 0xfe,
    0x7f, 0xf3, 0xff, 0x9f, 0xfc, 0xff, 0xe7, 0xff,
    0x3f, 0xf9, 0xff, 0xcf, 0xfe, 0x7f, 0xf3, 0xff,
    0x9f, 0xfc, 0xff, 0xe7, 0xff, 0x3f, 0xf9, 0xff,
    0xcf, 0xfe, 0x7f, 0xf3, 0xff, 0x9f, 0xfc, 0xff,
    0xe7, 0xff, 0x3f, 0xf9, 0xff, 0xcf, 0xfe, 0x7f,
    0xf3, 0xff, 0x9f, 0xfc, 0xff, 0xe7, 0xff, 0x3f,
    0xf8,

    /* U+007D "}" */
    0xbf, 0xfa, 0x43, 0xff, 0x8b, 0x7f, 0xff, 0x4,
    0x3f, 0xf8, 0x77, 0xff, 0xf0, 0xa0, 0xff, 0xe0,
    0xdf, 0xff, 0xc3, 0x83, 0xff, 0x81, 0x7f, 0xff,
    0x11, 0xf, 0xfa, 0xff, 0xfe, 0x28, 0x7f, 0xd7,
    0xff, 0xf1, 0x60, 0xff, 0x35, 0xef, 0xff, 0xe0,
    0x7, 0xff, 0x1f, 0xff, 0xc8, 0x7f, 0xf1, 0xff,
    0xfa, 0xf, 0xfe, 0x3b, 0xff, 0xc1, 0xff, 0xc8,
    0xff, 0xe0, 0xff, 0xe4, 0x7f, 0xf0, 0x7f, 0xf2,
    0x3f, 0xf8, 0x3f, 0xf9, 0x1f, 0xfc, 0x1f, 0xfc,
    0x8f, 0xfe, 0x43, 0xff, 0x8f, 0xff, 0xc8, 0x7f,
    0xf1, 0xff, 0xf9, 0xf, 0xfe, 0x3f, 0xff, 0x21,
    0xff, 0xc7, 0xff, 0xe4, 0x3f, 0xf8, 0xff, 0xfc,
    0x87, 0xff, 0x1f, 0xff, 0x90, 0xff, 0xe3, 0xff,
    0xf2, 0x1f, 0xfc, 0x7f, 0xfe, 0x43, 0xff, 0x8f,
    0xff, 0xc8, 0x7f, 0xf1, 0xff, 0xf9, 0xf, 0xfe,
    0x3f, 0xff, 0x21, 0xff, 0xc7, 0xff, 0xe4, 0x3f,
    0xf8, 0xff, 0xfc, 0x87, 0xff, 0x1f, 0xff, 0x90,
    0xff, 0xe3, 0xff, 0xf2, 0x1f, 0xfc, 0x7f, 0xfe,
    0x43, 0xff, 0x8f, 0xff, 0xc8, 0x7f, 0xf1, 0xff,
    0xf9, 0xf, 0xfe, 0x3d, 0xff, 0x90, 0xff, 0xe3,
    0xdf, 0xfa, 0xf, 0xfe, 0x3b, 0xff, 0xc1, 0xff,
    0xc8, 0xff, 0xe8, 0x3f, 0xf8, 0xef, 0xff, 0x41,
    0xff, 0xc7, 0xff, 0xfa, 0x43, 0xff, 0x8b, 0xff,
    0xfc, 0x30, 0xff, 0xe1, 0xff, 0xff, 0x8, 0x3f,
    0xf8, 0x97, 0xff, 0xf0, 0x3, 0xff, 0x8d, 0x7f,
    0xf8, 0x3f, 0xf8, 0xd7, 0xff, 0x83, 0xff, 0x89,
    0x7f, 0xff, 0x0, 0x3f, 0xf8, 0x7f, 0xff, 0xc2,
    0xf, 0xfe, 0x17, 0xff, 0xf0, 0xc3, 0xff, 0x83,
    0xff, 0xf4, 0x87, 0xff, 0xd, 0xff, 0xe8, 0x3f,
    0xf8, 0xdf, 0xfd, 0x7, 0xff, 0x1f, 0xff, 0x83,
    0xff, 0x8f, 0x7f, 0xe8, 0x3f, 0xf8, 0xf7, 0xfe,
    0x43, 0xff, 0x8f, 0xff, 0xc8, 0x7f, 0xf1, 0xff,
    0xf9, 0xf, 0xfe, 0x3f, 0xff, 0x21, 0xff, 0xc7,
    0xff, 0xe4, 0x3f, 0xf8, 0xff, 0xfc, 0x87, 0xff,
    0x1f, 0xff, 0x90, 0xff, 0xe3, 0xff, 0xf2, 0x1f,
    0xfc, 0x7f, 0xfe, 0x43, 0xff, 0x8f, 0xff, 0xc8,
    0x7f, 0xf1, 0xff, 0xf9, 0xf, 0xfe, 0x3f, 0xff,
    0x21, 0xff, 0xc7, 0xff, 0xe4, 0x3f, 0xf8, 0xff,
    0xfc, 0x87, 0xff, 0x1f, 0xff, 0x90, 0xff, 0xe3,
    0xff, 0xf2, 0x1f, 0xfc, 0x7f, 0xfe, 0x43, 0xff,
    0x8f, 0xff, 0xc8, 0x7f, 0xf1, 0xff, 0xf9, 0xf,
    0xfe, 0x3f, 0xff, 0x21, 0xff, 0xc7, 0xff, 0xe0,
    0xff, 0xe4, 0x7f, 0xf0, 0x7f, 0xf2, 0x3f, 0xf8,
    0x3f, 0xf9, 0x1f, 0xfc, 0x1f, 0xfc, 0x77, 0xff,
    0x83, 0xff, 0x8f, 0xff, 0xd0, 0x7f, 0xf1, 0xbf,
    0xfc, 0x87, 0xf3, 0x5e, 0xff, 0xfe, 0x0, 0x7f,
    0xaf, 0xff, 0xe2, 0xc1, 0xfe, 0xbf, 0xff, 0x8a,
    0x1f, 0xf5, 0xff, 0xfc, 0x44, 0x3f, 0xeb, 0xff,
    0xf8, 0x70, 0x7f, 0xf0, 0x2f, 0xff, 0xe1, 0x21,
    0xff, 0xc1, 0xbf, 0xff, 0x81, 0x7, 0xff, 0xe,
    0xff, 0xe9, 0xf, 0xfe, 0x28,

    /* U+007E "~" */
    0xf, 0xe6, 0xfd, 0x40, 0xff, 0xec, 0x7f, 0xfc,
    0x87, 0xff, 0x19, 0xf, 0xfe, 0x5, 0xff, 0xfc,
    0x28, 0x3f, 0xf8, 0x9e, 0x43, 0xfa, 0xff, 0xfe,
    0x2a, 0x1f, 0xfc, 0x1f, 0xe0, 0xfa, 0xff, 0xfe,
    0x42, 0x1f, 0xeb, 0xfc, 0x86, 0xbf, 0xff, 0x95,
    0x7, 0xeb, 0xff, 0x20, 0x7f, 0xff, 0x9c, 0x86,
    0xff, 0xf0, 0x5f, 0xff, 0xdd, 0xb, 0xff, 0xa0,
    0xcd, 0xff, 0xfc, 0xd4, 0xf, 0xfe, 0x83, 0xf5,
    0xff, 0xfc, 0xa8, 0x33, 0xfe, 0x83, 0xfc, 0xff,
    0xff, 0x22, 0xf, 0xaf, 0xc1, 0xff, 0xc1, 0x7f,
    0xff, 0x8b, 0x7, 0xf3, 0xe0, 0xff, 0xe2, 0x3f,
    0xff, 0xc2, 0x43, 0xff, 0x80, 0x87, 0xff, 0x19,
    0xff, 0xf8, 0x3f, 0xfb, 0xd, 0xfa, 0x43, 0xf8,

    /* U+007F "" */

};


/*---------------------
 *  GLYPH DESCRIPTION
 *--------------------*/

static const lv_font_fmt_txt_glyph_dsc_t glyph_dsc[] = {
    {.bitmap_index = 0, .adv_w = 0, .box_w = 0, .box_h = 0, .ofs_x = 0, .ofs_y = 0} /* id = 0 reserved */,
    {.bitmap_index = 0, .adv_w = 501, .box_w = 0, .box_h = 0, .ofs_x = 0, .ofs_y = 0},
    {.bitmap_index = 0, .adv_w = 501, .box_w = 15, .box_h = 68, .ofs_x = 8, .ofs_y = 0},
    {.bitmap_index = 180, .adv_w = 776, .box_w = 38, .box_h = 32, .ofs_x = 5, .ofs_y = 36},
    {.bitmap_index = 403, .adv_w = 902, .box_w = 53, .box_h = 68, .ofs_x = 2, .ofs_y = 0},
    {.bitmap_index = 921, .adv_w = 902, .box_w = 50, .box_h = 86, .ofs_x = 3, .ofs_y = -10},
    {.bitmap_index = 1483, .adv_w = 1489, .box_w = 81, .box_h = 70, .ofs_x = 6, .ofs_y = -2},
    {.bitmap_index = 2274, .adv_w = 1120, .box_w = 66, .box_h = 70, .ofs_x = 3, .ofs_y = -2},
    {.bitmap_index = 2923, .adv_w = 427, .box_w = 17, .box_h = 32, .ofs_x = 5, .ofs_y = 36},
    {.bitmap_index = 3023, .adv_w = 501, .box_w = 24, .box_h = 88, .ofs_x = 4, .ofs_y = -10},
    {.bitmap_index = 3407, .adv_w = 501, .box_w = 24, .box_h = 88, .ofs_x = 4, .ofs_y = -10},
    {.bitmap_index = 3790, .adv_w = 773, .box_w = 44, .box_h = 42, .ofs_x = 2, .ofs_y = 25},
    {.bitmap_index = 4049, .adv_w = 910, .box_w = 49, .box_h = 48, .ofs_x = 4, .ofs_y = 1},
    {.bitmap_index = 4258, .adv_w = 409, .box_w = 16, .box_h = 32, .ofs_x = 5, .ofs_y = -18},
    {.bitmap_index = 4356, .adv_w = 910, .box_w = 49, .box_h = 9, .ofs_x = 4, .ofs_y = 20},
    {.bitmap_index = 4385, .adv_w = 409, .box_w = 15, .box_h = 14, .ofs_x = 5, .ofs_y = 0},
    {.bitmap_index = 4428, .adv_w = 752, .box_w = 43, .box_h = 87, .ofs_x = 2, .ofs_y = -9},
    {.bitmap_index = 4802, .adv_w = 902, .box_w = 50, .box_h = 70, .ofs_x = 3, .ofs_y = -2},
    {.bitmap_index = 5298, .adv_w = 902, .box_w = 27, .box_h = 68, .ofs_x = 9, .ofs_y = 0},
    {.bitmap_index = 5609, .adv_w = 902, .box_w = 47, .box_h = 69, .ofs_x = 5, .ofs_y = -1},
    {.bitmap_index = 5995, .adv_w = 902, .box_w = 49, .box_h = 70, .ofs_x = 4, .ofs_y = -2},
    {.bitmap_index = 6430, .adv_w = 902, .box_w = 54, .box_h = 68, .ofs_x = 1, .ofs_y = 0},
    {.bitmap_index = 6854, .adv_w = 902, .box_w = 49, .box_h = 69, .ofs_x = 4, .ofs_y = -1},
    {.bitmap_index = 7255, .adv_w = 902, .box_w = 49, .box_h = 70, .ofs_x = 4, .ofs_y = -2},
    {.bitmap_index = 7741, .adv_w = 902, .box_w = 46, .box_h = 68, .ofs_x = 5, .ofs_y = 0},
    {.bitmap_index = 8033, .adv_w = 902, .box_w = 51, .box_h = 70, .ofs_x = 3, .ofs_y = -2},
    {.bitmap_index = 8534, .adv_w = 902, .box_w = 49, .box_h = 70, .ofs_x = 4, .ofs_y = -2},
    {.bitmap_index = 9021, .adv_w = 409, .box_w = 15, .box_h = 48, .ofs_x = 5, .ofs_y = 0},
    {.bitmap_index = 9117, .adv_w = 409, .box_w = 17, .box_h = 66, .ofs_x = 5, .ofs_y = -18},
    {.bitmap_index = 9280, .adv_w = 910, .box_w = 49, .box_h = 50, .ofs_x = 4, .ofs_y = -1},
    {.bitmap_index = 9545, .adv_w = 910, .box_w = 49, .box_h = 28, .ofs_x = 4, .ofs_y = 10},
    {.bitmap_index = 9620, .adv_w = 910, .box_w = 49, .box_h = 50, .ofs_x = 4, .ofs_y = -1},
    {.bitmap_index = 9889, .adv_w = 832, .box_w = 44, .box_h = 69, .ofs_x = 4, .ofs_y = -1},
    {.bitmap_index = 10249, .adv_w = 1299, .box_w = 73, .box_h = 70, .ofs_x = 4, .ofs_y = -2},
    {.bitmap_index = 11019, .adv_w = 1014, .box_w = 64, .box_h = 68, .ofs_x = 0, .ofs_y = -1},
    {.bitmap_index = 11514, .adv_w = 1033, .box_w = 55, .box_h = 68, .ofs_x = 6, .ofs_y = 0},
    {.bitmap_index = 11945, .adv_w = 1099, .box_w = 62, .box_h = 70, .ofs_x = 3, .ofs_y = -2},
    {.bitmap_index = 12407, .adv_w = 1078, .box_w = 58, .box_h = 67, .ofs_x = 6, .ofs_y = 0},
    {.bitmap_index = 12859, .adv_w = 964, .box_w = 51, .box_h = 67, .ofs_x = 6, .ofs_y = 0},
    {.bitmap_index = 13136, .adv_w = 874, .box_w = 47, .box_h = 67, .ofs_x = 6, .ofs_y = 0},
    {.bitmap_index = 13418, .adv_w = 1134, .box_w = 63, .box_h = 70, .ofs_x = 3, .ofs_y = -2},
    {.bitmap_index = 13912, .adv_w = 1101, .box_w = 57, .box_h = 68, .ofs_x = 6, .ofs_y = 0},
    {.bitmap_index = 14317, .adv_w = 379, .box_w = 11, .box_h = 68, .ofs_x = 6, .ofs_y = 0},
    {.bitmap_index = 14445, .adv_w = 802, .box_w = 43, .box_h = 69, .ofs_x = 1, .ofs_y = -1},
    {.bitmap_index = 14809, .adv_w = 1065, .box_w = 61, .box_h = 68, .ofs_x = 6, .ofs_y = 0},
    {.bitmap_index = 15425, .adv_w = 889, .box_w = 48, .box_h = 68, .ofs_x = 6, .ofs_y = 0},
    {.bitmap_index = 15726, .adv_w = 1351, .box_w = 72, .box_h = 68, .ofs_x = 6, .ofs_y = 0},
    {.bitmap_index = 16466, .adv_w = 1096, .box_w = 56, .box_h = 68, .ofs_x = 6, .ofs_y = 0},
    {.bitmap_index = 17028, .adv_w = 1163, .box_w = 66, .box_h = 70, .ofs_x = 3, .ofs_y = -2},
    {.bitmap_index = 17552, .adv_w = 981, .box_w = 53, .box_h = 67, .ofs_x = 6, .ofs_y = 0},
    {.bitmap_index = 17916, .adv_w = 1163, .box_w = 66, .box_h = 76, .ofs_x = 3, .ofs_y = -8},
    {.bitmap_index = 18508, .adv_w = 1041, .box_w = 57, .box_h = 68, .ofs_x = 6, .ofs_y = 0},
    {.bitmap_index = 18978, .adv_w = 973, .box_w = 56, .box_h = 70, .ofs_x = 2, .ofs_y = -2},
    {.bitmap_index = 19432, .adv_w = 926, .box_w = 56, .box_h = 68, .ofs_x = 1, .ofs_y = -1},
    {.bitmap_index = 19714, .adv_w = 1096, .box_w = 56, .box_h = 69, .ofs_x = 6, .ofs_y = -1},
    {.bitmap_index = 20172, .adv_w = 984, .box_w = 61, .box_h = 68, .ofs_x = 0, .ofs_y = 0},
    {.bitmap_index = 20692, .adv_w = 1426, .box_w = 89, .box_h = 68, .ofs_x = 0, .ofs_y = 0},
    {.bitmap_index = 21602, .adv_w = 990, .box_w = 62, .box_h = 68, .ofs_x = 0, .ofs_y = 0},
    {.bitmap_index = 22181, .adv_w = 1029, .box_w = 64, .box_h = 68, .ofs_x = 0, .ofs_y = 0},
    {.bitmap_index = 22629, .adv_w = 955, .box_w = 56, .box_h = 67, .ofs_x = 2, .ofs_y = 0},
    {.bitmap_index = 22964, .adv_w = 501, .box_w = 25, .box_h = 88, .ofs_x = 3, .ofs_y = -10},
    {.bitmap_index = 23334, .adv_w = 752, .box_w = 43, .box_h = 87, .ofs_x = 2, .ofs_y = -9},
    {.bitmap_index = 23704, .adv_w = 501, .box_w = 25, .box_h = 88, .ofs_x = 3, .ofs_y = -10},
    {.bitmap_index = 24065, .adv_w = 811, .box_w = 41, .box_h = 33, .ofs_x = 5, .ofs_y = 35},
    {.bitmap_index = 24279, .adv_w = 752, .box_w = 47, .box_h = 9, .ofs_x = 0, .ofs_y = -13},
    {.bitmap_index = 24295, .adv_w = 501, .box_w = 21, .box_h = 14, .ofs_x = 5, .ofs_y = 54},
    {.bitmap_index = 24350, .adv_w = 856, .box_w = 45, .box_h = 52, .ofs_x = 3, .ofs_y = -1},
    {.bitmap_index = 24675, .adv_w = 899, .box_w = 48, .box_h = 70, .ofs_x = 5, .ofs_y = -2},
    {.bitmap_index = 25136, .adv_w = 839, .box_w = 47, .box_h = 52, .ofs_x = 3, .ofs_y = -1},
    {.bitmap_index = 25453, .adv_w = 899, .box_w = 48, .box_h = 70, .ofs_x = 3, .ofs_y = -2},
    {.bitmap_index = 25915, .adv_w = 848, .box_w = 49, .box_h = 52, .ofs_x = 2, .ofs_y = -1},
    {.bitmap_index = 26231, .adv_w = 567, .box_w = 35, .box_h = 68, .ofs_x = 0, .ofs_y = 0},
    {.bitmap_index = 26546, .adv_w = 901, .box_w = 48, .box_h = 70, .ofs_x = 3, .ofs_y = -20},
    {.bitmap_index = 27039, .adv_w = 860, .box_w = 44, .box_h = 69, .ofs_x = 5, .ofs_y = -1},
    {.bitmap_index = 27467, .adv_w = 408, .box_w = 15, .box_h = 68, .ofs_x = 5, .ofs_y = 0},
    {.bitmap_index = 27654, .adv_w = 412, .box_w = 22, .box_h = 87, .ofs_x = -2, .ofs_y = -19},
    {.bitmap_index = 28000, .adv_w = 823, .box_w = 47, .box_h = 69, .ofs_x = 5, .ofs_y = -1},
    {.bitmap_index = 28496, .adv_w = 376, .box_w = 11, .box_h = 69, .ofs_x = 6, .ofs_y = -1},
    {.bitmap_index = 28634, .adv_w = 1319, .box_w = 72, .box_h = 50, .ofs_x = 5, .ofs_y = 0},
    {.bitmap_index = 29187, .adv_w = 866, .box_w = 44, .box_h = 50, .ofs_x = 5, .ofs_y = 0},
    {.bitmap_index = 29532, .adv_w = 898, .box_w = 50, .box_h = 52, .ofs_x = 3, .ofs_y = -1},
    {.bitmap_index = 29892, .adv_w = 899, .box_w = 48, .box_h = 69, .ofs_x = 5, .ofs_y = -19},
    {.bitmap_index = 30355, .adv_w = 899, .box_w = 48, .box_h = 69, .ofs_x = 3, .ofs_y = -19},
    {.bitmap_index = 30811, .adv_w = 559, .box_w = 30, .box_h = 50, .ofs_x = 5, .ofs_y = 0},
    {.bitmap_index = 31053, .adv_w = 782, .box_w = 45, .box_h = 52, .ofs_x = 2, .ofs_y = -1},
    {.bitmap_index = 31366, .adv_w = 541, .box_w = 31, .box_h = 65, .ofs_x = 1, .ofs_y = 0},
    {.bitmap_index = 31661, .adv_w = 868, .box_w = 44, .box_h = 50, .ofs_x = 5, .ofs_y = -1},
    {.bitmap_index = 32004, .adv_w = 752, .box_w = 47, .box_h = 49, .ofs_x = 0, .ofs_y = 0},
    {.bitmap_index = 32345, .adv_w = 1161, .box_w = 73, .box_h = 49, .ofs_x = 0, .ofs_y = 0},
    {.bitmap_index = 32937, .adv_w = 797, .box_w = 50, .box_h = 49, .ofs_x = 0, .ofs_y = 0},
    {.bitmap_index = 33288, .adv_w = 781, .box_w = 49, .box_h = 68, .ofs_x = 0, .ofs_y = -19},
    {.bitmap_index = 33717, .adv_w = 755, .box_w = 43, .box_h = 49, .ofs_x = 2, .ofs_y = 0},
    {.bitmap_index = 33941, .adv_w = 501, .box_w = 29, .box_h = 88, .ofs_x = 1, .ofs_y = -10},
    {.bitmap_index = 34338, .adv_w = 316, .box_w = 9, .box_h = 94, .ofs_x = 5, .ofs_y = -13},
    {.bitmap_index = 34491, .adv_w = 501, .box_w = 29, .box_h = 88, .ofs_x = 1, .ofs_y = -10},
    {.bitmap_index = 34896, .adv_w = 752, .box_w = 45, .box_h = 15, .ofs_x = 1, .ofs_y = 26},
    {.bitmap_index = 35000, .adv_w = 0, .box_w = 0, .box_h = 0, .ofs_x = 0, .ofs_y = 0}
};

/*---------------------
 *  CHARACTER MAPPING
 *--------------------*/



/*Collect the unicode lists and glyph_id offsets*/
static const lv_font_fmt_txt_cmap_t cmaps[] =
{
    {
        .range_start = 32, .range_length = 96, .glyph_id_start = 1,
        .unicode_list = NULL, .glyph_id_ofs_list = NULL, .list_length = 0, .type = LV_FONT_FMT_TXT_CMAP_FORMAT0_TINY
    }
};



/*--------------------
 *  ALL CUSTOM DATA
 *--------------------*/

#if LVGL_VERSION_MAJOR == 8
/*Store all the custom data of the font*/
static  lv_font_fmt_txt_glyph_cache_t cache;
#endif

#if LVGL_VERSION_MAJOR >= 8
static const lv_font_fmt_txt_dsc_t font_dsc = {
#else
static lv_font_fmt_txt_dsc_t font_dsc = {
#endif
    .glyph_bitmap = glyph_bitmap,
    .glyph_dsc = glyph_dsc,
    .cmaps = cmaps,
    .kern_dsc = NULL,
    .kern_scale = 0,
    .cmap_num = 1,
    .bpp = 2,
    .kern_classes = 0,
    .bitmap_format = 2,
#if LVGL_VERSION_MAJOR == 8
    .cache = &cache
#endif
};



/*-----------------
 *  PUBLIC FONT
 *----------------*/

/*Initialize a public general font descriptor*/
#if LVGL_VERSION_MAJOR >= 8
const lv_font_t ui_font_Ping_Fang_B_94 = {
#else
lv_font_t ui_font_Ping_Fang_B_94 = {
#endif
    .get_glyph_dsc = lv_font_get_glyph_dsc_fmt_txt,    /*Function pointer to get glyph's data*/
    .get_glyph_bitmap = lv_font_get_bitmap_fmt_txt,    /*Function pointer to get glyph's bitmap*/
    .line_height = 101,          /*The maximum line height required by the font*/
    .base_line = 20,             /*Baseline measured from the bottom of the line*/
#if !(LVGL_VERSION_MAJOR == 6 && LVGL_VERSION_MINOR == 0)
    .subpx = LV_FONT_SUBPX_NONE,
#endif
#if LV_VERSION_CHECK(7, 4, 0) || LVGL_VERSION_MAJOR >= 8
    .underline_position = -9,
    .underline_thickness = 8,
#endif
    .dsc = &font_dsc,          /*The custom font data. Will be accessed by `get_glyph_bitmap/dsc` */
#if LV_VERSION_CHECK(8, 2, 0) || LVGL_VERSION_MAJOR >= 9
    .fallback = NULL,
#endif
    .user_data = NULL,
};



#endif /*#if UI_FONT_PING_FANG_B_94*/

