/*******************************************************************************
 * Size: 122 px
 * Bpp: 2
 * Opts: --bpp 2 --size 122 --font H:/2025/lvgl_squareline/SquareLine Studio/watch_demo_modify/assets/img/clk05/fonts/.ttf -o H:/2025/lvgl_squareline/SquareLine Studio/watch_demo_modify/assets/img/clk05/fonts\ui_font_BAIDU_122.c --format lvgl -r 0x20-0x7f --no-prefilter
 ******************************************************************************/

#include "../ui.h"

#ifndef UI_FONT_BAIDU_122
#define UI_FONT_BAIDU_122 1
#endif

#if UI_FONT_BAIDU_122

/*-----------------
 *    BITMAPS
 *----------------*/

/*Store the image of the glyphs*/
static LV_ATTRIBUTE_LARGE_CONST const uint8_t glyph_bitmap[] = {
    /* U+0020 " " */

    /* U+0021 "!" */
    0xbf, 0xff, 0x81, 0x4f, 0xff, 0xe0, 0x53, 0xff,
    0xf8, 0x14, 0xff, 0xfe, 0x4, 0xff, 0xff, 0x1,
    0x5f, 0xff, 0xc0, 0x57, 0xff, 0xf0, 0x15, 0xff,
    0xfc, 0x5, 0x7f, 0xff, 0x0, 0x1f, 0xff, 0xc0,
    0x7, 0xff, 0xf0, 0x1, 0xff, 0xfc, 0x0, 0x7f,
    0xff, 0x0, 0x1f, 0xff, 0xc0, 0x7, 0xff, 0xf0,
    0x1, 0xff, 0xfc, 0x0, 0x7f, 0xff, 0x0, 0x1f,
    0xff, 0xc0, 0x7, 0xff, 0xd0, 0x3f, 0xfe, 0x81,
    0x7f, 0xfa, 0x5, 0xff, 0xe8, 0x17, 0xff, 0xa0,
    0x5f, 0xfe, 0x41, 0x7f, 0xf9, 0x5, 0xff, 0xe4,
    0xf, 0xff, 0x90, 0x3f, 0xfe, 0x9, 0xff, 0xf0,
    0x4f, 0xff, 0x82, 0x7f, 0xfc, 0x1b, 0xff, 0xc1,
    0xbf, 0xfc, 0x1b, 0xff, 0xc1, 0xbf, 0xfc, 0x1b,
    0xff, 0xc1, 0xbf, 0xfc, 0x1b, 0xff, 0xa0, 0xdf,
    0xfd, 0x6, 0xff, 0xe8, 0x37, 0xff, 0x41, 0xbf,
    0xfa, 0xd, 0x7f, 0xe4, 0x35, 0xff, 0x90, 0xd7,
    0xfe, 0x43, 0x5f, 0xf9, 0xd, 0x7f, 0xe4, 0x35,
    0xff, 0x83, 0x9f, 0xfc, 0x1c, 0xff, 0xe0, 0xe7,
    0xff, 0x7, 0x3f, 0xf8, 0x39, 0xff, 0xc1, 0xcf,
    0xfe, 0xf, 0x7f, 0xe0, 0xf7, 0xfe, 0xf, 0x7f,
    0xd0, 0x7b, 0xfe, 0x83, 0xdf, 0xf4, 0x1e, 0xff,
    0xa0, 0xf7, 0xfd, 0x7, 0xbf, 0xe4, 0x3d, 0xff,
    0x21, 0xe6, 0xbc, 0x1f, 0xff, 0xf0, 0xff, 0xe1,
    0x7f, 0xff, 0x0, 0x1f, 0xff, 0xc0, 0x7, 0xff,
    0xf0, 0x1, 0xff, 0xfc, 0x0, 0x7f, 0xff, 0x0,
    0x1f, 0xff, 0xc0, 0x7, 0xff, 0xf0, 0x1, 0xff,
    0xfc, 0x0, 0x7f, 0xff, 0x0, 0x1f, 0xff, 0xc0,
    0x7, 0xff, 0xf0, 0x1, 0xff, 0xfc, 0x0, 0x2f,
    0xff, 0x0,

    /* U+0022 "\"" */
    0xbf, 0xfe, 0xd, 0xff, 0xfc, 0xb, 0xff, 0xe0,
    0xdf, 0xff, 0xc0, 0xbf, 0xfe, 0xd, 0xff, 0xfc,
    0x7, 0xff, 0xe0, 0xd7, 0xff, 0xcf, 0xff, 0xc1,
    0xaf, 0xff, 0x4f, 0xff, 0xc1, 0xaf, 0xff, 0x47,
    0xff, 0xa0, 0xd7, 0xff, 0xa3, 0xff, 0xd0, 0x67,
    0xff, 0xd1, 0xff, 0xe8, 0x33, 0xff, 0xe4, 0xff,
    0xf4, 0x19, 0xff, 0xf2, 0x7f, 0xf9, 0xe, 0xff,
    0xf2, 0x7f, 0xf9, 0xe, 0xff, 0xf2, 0x7f, 0xf9,
    0xe, 0xff, 0xf2, 0x5f, 0xfc, 0x1e, 0xff, 0xf0,
    0x2f, 0xfe, 0xf, 0x7f, 0xf8, 0x17, 0xff, 0x7,
    0xbf, 0xfc, 0xb, 0xff, 0x83, 0xdf, 0xfe, 0x3,
    0xff, 0xc1, 0xeb, 0xff, 0x80, 0xff, 0xf0, 0x7a,
    0xff, 0xe0, 0x3f, 0xfc, 0x1e, 0xbf, 0xf8, 0x2f,
    0xfd, 0x7, 0x9f, 0xfe, 0xb, 0xff, 0x41, 0xe7,
    0xff, 0x41, 0x7f, 0xe8, 0x3c, 0xff, 0xe8, 0x2f,
    0xfc, 0x87, 0x9f, 0xfd, 0x5, 0xff, 0x90, 0xfb,
    0xff, 0x41, 0x7f, 0xe4, 0x3e, 0xff, 0xd0,

    /* U+0023 "#" */
    0xf, 0xfe, 0x3f, 0xff, 0x83, 0xff, 0x89, 0xff,
    0xe0, 0xff, 0xe7, 0xff, 0xf8, 0x3f, 0xf8, 0x9f,
    0xfe, 0xf, 0xfe, 0x73, 0xff, 0xe0, 0xff, 0xe2,
    0x7f, 0xf8, 0x3f, 0xf9, 0xcf, 0xff, 0x41, 0xff,
    0xc3, 0x7f, 0xfc, 0x1f, 0xfc, 0xeb, 0xff, 0x90,
    0xff, 0xe1, 0xbf, 0xfd, 0x7, 0xff, 0x3b, 0xff,
    0xc8, 0x7f, 0xf0, 0xef, 0xfe, 0x43, 0xff, 0x9d,
    0xff, 0xe0, 0xff, 0xe2, 0x5f, 0xfc, 0x87, 0xff,
    0x3b, 0xff, 0xc1, 0xff, 0xc4, 0xff, 0xf0, 0x7f,
    0xf3, 0xff, 0xfc, 0x1f, 0xfc, 0x4f, 0xff, 0x7,
    0xff, 0x39, 0xff, 0xf0, 0x7f, 0xf1, 0x3f, 0xfc,
    0x1f, 0xfc, 0xeb, 0xff, 0xa0, 0xff, 0xe1, 0xbf,
    0xfd, 0x7, 0xff, 0x3a, 0xff, 0xe8, 0x3f, 0xf8,
    0x77, 0xff, 0x41, 0xff, 0xce, 0xff, 0xf2, 0x1f,
    0xfc, 0x3b, 0xff, 0x90, 0xff, 0xe7, 0x7f, 0xf9,
    0xf, 0xfe, 0x1f, 0xff, 0x83, 0xff, 0x9f, 0xff,
    0xe0, 0xff, 0xe2, 0x7f, 0xf8, 0x3f, 0xf9, 0xcf,
    0xff, 0x83, 0xff, 0x89, 0xff, 0xe0, 0xff, 0xe7,
    0x3f, 0xfe, 0xf, 0xfe, 0x1b, 0xff, 0xd0, 0x7f,
    0xf3, 0xaf, 0xff, 0x7, 0xff, 0xd, 0xff, 0xe8,
    0x3f, 0xf8, 0xad, 0x7e, 0xff, 0xfa, 0xbf, 0xf8,
    0x7f, 0xfe, 0xaf, 0xf2, 0x1f, 0x7f, 0xff, 0xb0,
    0x3e, 0xff, 0xff, 0x5c, 0x1e, 0x7f, 0xff, 0xd7,
    0x7, 0x9f, 0xff, 0xf5, 0xa1, 0xeb, 0xff, 0xfd,
    0x61, 0xf5, 0xff, 0xfe, 0xb0, 0xfb, 0xff, 0xfd,
    0x81, 0xf7, 0xff, 0xfb, 0x3, 0xef, 0xff, 0xf5,
    0xc1, 0xf7, 0xff, 0xfa, 0xe0, 0xff, 0xe1, 0xbf,
    0xfe, 0xf, 0xfe, 0x27, 0xff, 0x83, 0xff, 0x9c,
    0xff, 0xf8, 0x3f, 0xf8, 0x9f, 0xfe, 0xf, 0xfe,
    0x75, 0xff, 0xe0, 0xff, 0xe1, 0xbf, 0xfd, 0x7,
    0xff, 0x3b, 0xff, 0xd0, 0x7f, 0xf0, 0xef, 0xfe,
    0x83, 0xff, 0x9d, 0xff, 0xe8, 0x3f, 0xf8, 0x77,
    0xff, 0x21, 0xff, 0xce, 0xff, 0xf2, 0x1f, 0xfc,
    0x3f, 0xff, 0x21, 0xff, 0xce, 0xff, 0xf2, 0x1f,
    0xfc, 0x3f, 0xff, 0x7, 0xff, 0x39, 0xff, 0xf0,
    0x7f, 0xf1, 0x3f, 0xfc, 0x1f, 0xfc, 0xeb, 0xff,
    0xc1, 0xff, 0xc3, 0x7f, 0xfc, 0x1f, 0xfc, 0xeb,
    0xff, 0xc1, 0xff, 0xc3, 0x7f, 0xfc, 0x1f, 0xfc,
    0xef, 0xff, 0x41, 0xff, 0xc3, 0xbf, 0xfa, 0xf,
    0xfe, 0x77, 0xff, 0xa0, 0xff, 0xe1, 0xff, 0xfa,
    0xf, 0xfe, 0x77, 0xff, 0x90, 0xff, 0xe1, 0xff,
    0xf9, 0xf, 0xfe, 0x6b, 0xff, 0xe0, 0xff, 0xe2,
    0x7f, 0xf8, 0x3f, 0xf9, 0xcf, 0xff, 0x83, 0xff,
    0x89, 0xff, 0xe0, 0xff, 0xe7, 0x5f, 0xfe, 0xf,
    0xfe, 0x1b, 0xff, 0xe0, 0xff, 0xe7, 0x5f, 0xfe,
    0xf, 0xfe, 0x1d, 0xff, 0xe0, 0xff, 0xe7, 0x7f,
    0xfa, 0xf, 0xfe, 0x1d, 0xff, 0xd0, 0x7f, 0xf3,
    0xbf, 0xfc, 0x87, 0xff, 0xf, 0xff, 0xd0, 0x7f,
    0xf3, 0xbf, 0xfc, 0x87, 0xff, 0xf, 0xff, 0xc8,
    0x7f, 0xf3, 0x5f, 0xff, 0x7, 0xff, 0x13, 0xff,
    0xc8, 0x7f, 0xf3, 0x5f, 0xff, 0x7, 0xff, 0xd,
    0xff, 0xf0, 0x7f, 0xf1, 0x2f, 0xff, 0xf5, 0x87,
    0xdf, 0xff, 0xec, 0xf, 0xbf, 0xff, 0xd8, 0x1f,
    0x7f, 0xff, 0xae, 0xf, 0xbf, 0xff, 0xd7, 0x7,
    0x9f, 0xff, 0xf5, 0xa1, 0xe7, 0xff, 0xfd, 0x68,
    0x7a, 0xff, 0xff, 0x58, 0x7d, 0x7f, 0xff, 0xac,
    0x3e, 0xff, 0xff, 0x60, 0x7c, 0xd7, 0xf7, 0xff,
    0xab, 0xff, 0x89, 0xff, 0xea, 0xfe, 0x43, 0xff,
    0x8b, 0xff, 0xe4, 0x3f, 0xf8, 0x7f, 0xfe, 0xf,
    0xfe, 0x73, 0xff, 0xe0, 0xff, 0xe2, 0x7f, 0xf8,
    0x3f, 0xf9, 0xcf, 0xff, 0x83, 0xff, 0x89, 0xff,
    0xe0, 0xff, 0xe7, 0x5f, 0xfe, 0xf, 0xfe, 0x1b,
    0xff, 0xd0, 0x7f, 0xf3, 0xbf, 0xfd, 0x7, 0xff,
    0xe, 0xff, 0xe8, 0x3f, 0xf9, 0xdf, 0xfe, 0x83,
    0xff, 0x87, 0x7f, 0xf2, 0x1f, 0xfc, 0xef, 0xff,
    0x21, 0xff, 0xc3, 0xff, 0xf2, 0x1f, 0xfc, 0xef,
    0xff, 0x21, 0xff, 0xc3, 0xff, 0xf0, 0x7f, 0xf3,
    0x9f, 0xff, 0x7, 0xff, 0x13, 0xff, 0xc1, 0xff,
    0xce, 0xbf, 0xfc, 0x1f, 0xfc, 0x37, 0xff, 0xc1,
    0xff, 0xce, 0xbf, 0xfc, 0x1f, 0xfc, 0x37, 0xff,
    0xc1, 0xff, 0xce, 0xff, 0xf4, 0x1f, 0xfc, 0x3b,
    0xff, 0xa0, 0xff, 0xe7, 0x7f, 0xf9, 0xf, 0xfe,
    0x1f, 0xff, 0xa0, 0xff, 0xe7, 0x7f, 0xf9, 0xf,
    0xfe, 0x1f, 0xff, 0x90, 0xff, 0xe6, 0xbf, 0xfe,
    0xf, 0xfe, 0x27, 0xff, 0x90, 0xff, 0xe6, 0xbf,
    0xfe, 0xf, 0xfe, 0x27, 0xff, 0x83, 0xff, 0x9d,
    0x7f, 0xf8, 0x3f, 0xf8, 0x6f, 0xff, 0x83, 0xff,
    0x9d, 0xff, 0xe8, 0x3f, 0xf8, 0x77, 0xff, 0x83,
    0xff, 0x8e,

    /* U+0024 "$" */
    0xf, 0xfe, 0x97, 0xff, 0xa0, 0xff, 0xf8, 0x7f,
    0xfa, 0xf, 0xff, 0x87, 0xff, 0xa0, 0xff, 0xf8,
    0x7f, 0xfa, 0xf, 0xff, 0x87, 0xff, 0xa0, 0xff,
    0xf8, 0x7f, 0xfa, 0xf, 0xff, 0x87, 0xff, 0xa0,
    0xff, 0xf8, 0x7f, 0xfa, 0xf, 0xff, 0x22, 0xaf,
    0xff, 0xf1, 0x21, 0xff, 0xc5, 0x6f, 0xff, 0xf3,
    0xa1, 0xff, 0xc3, 0xbf, 0xff, 0xd4, 0x87, 0xff,
    0x1, 0xff, 0xff, 0x6a, 0x1f, 0xf5, 0xff, 0xfe,
    0xe4, 0x3f, 0xdf, 0xff, 0xf0, 0x43, 0xfb, 0xff,
    0xfe, 0x28, 0x7e, 0xff, 0xff, 0x92, 0x1f, 0x7f,
    0xff, 0xcd, 0xf, 0x5f, 0xff, 0xf3, 0x43, 0xdf,
    0xff, 0xc4, 0x94, 0x1f, 0xbf, 0xfd, 0x7, 0xff,
    0x53, 0xff, 0xf8, 0x48, 0x7f, 0xf0, 0x7f, 0xfd,
    0x7, 0xff, 0x53, 0xff, 0xf8, 0x10, 0x7f, 0xf0,
    0xff, 0xfd, 0x7, 0xff, 0x4e, 0xff, 0xf9, 0xf,
    0xfe, 0x27, 0xff, 0xa0, 0xff, 0xe9, 0xff, 0xfc,
    0x87, 0xff, 0x17, 0xff, 0xd0, 0x7f, 0xf4, 0xff,
    0xfd, 0x7, 0xff, 0x1b, 0xff, 0xd0, 0x7f, 0xf4,
    0x9f, 0xff, 0x7, 0xff, 0x1f, 0xff, 0xd0, 0x7f,
    0xf4, 0xaf, 0xfe, 0x83, 0xff, 0x8f, 0xff, 0xe8,
    0x3f, 0xfa, 0x57, 0xff, 0x21, 0xff, 0xc7, 0xff,
    0xf4, 0x1f, 0xfd, 0x2b, 0xff, 0x90, 0xff, 0xe3,
    0xff, 0xfa, 0xf, 0xfe, 0x97, 0xff, 0x90, 0xff,
    0xe3, 0xff, 0xfa, 0xf, 0xfe, 0x97, 0xff, 0x83,
    0xff, 0x91, 0xff, 0xe8, 0x3f, 0xfa, 0x57, 0xff,
    0x21, 0xff, 0xc7, 0xff, 0xf4, 0x1f, 0xfd, 0x2b,
    0xff, 0x90, 0xff, 0xe3, 0xff, 0xfa, 0xf, 0xfe,
    0x95, 0xff, 0xe0, 0xff, 0xe3, 0xff, 0xfa, 0xf,
    0xfe, 0x93, 0xff, 0xe0, 0xff, 0xe3, 0xff, 0xfa,
    0xf, 0xfe, 0x9f, 0xff, 0xa0, 0xff, 0xe3, 0x7f,
    0xfa, 0xf, 0xfe, 0x9f, 0xff, 0xc8, 0x7f, 0xf1,
    0x7f, 0xfd, 0x7, 0xff, 0x4e, 0xff, 0xf9, 0xf,
    0xfe, 0x27, 0xff, 0xa0, 0xff, 0xea, 0x7f, 0xff,
    0x1, 0xf, 0xfe, 0x1f, 0xff, 0xa0, 0xff, 0xea,
    0x5f, 0xff, 0xc1, 0x43, 0xff, 0x83, 0xff, 0xe8,
    0x3f, 0xfa, 0xbf, 0xff, 0xc3, 0x90, 0xff, 0x7f,
    0xfa, 0xf, 0xfe, 0xad, 0xff, 0xfc, 0x7a, 0xfb,
    0xff, 0xea, 0xcb, 0x83, 0xff, 0x9d, 0xff, 0xfe,
    0x49, 0xf, 0xfe, 0x57, 0xff, 0xf9, 0xd0, 0xff,
    0xe4, 0x7f, 0xff, 0xa2, 0xf, 0xfe, 0x3f, 0xff,
    0xfa, 0x50, 0xff, 0xe3, 0x5f, 0xff, 0xe9, 0xf,
    0xfe, 0x3f, 0xff, 0xfa, 0x50, 0xff, 0xe3, 0x3f,
    0xff, 0xe8, 0x83, 0xff, 0x8e, 0xff, 0xff, 0x9e,
    0xf, 0xfe, 0x4d, 0xff, 0xfe, 0x54, 0x3f, 0xf9,
    0x6a, 0xbf, 0xff, 0xc2, 0x1f, 0xfd, 0x6f, 0xff,
    0x41, 0xf9, 0xbf, 0xff, 0x8a, 0x1f, 0xfd, 0x5f,
    0xff, 0x41, 0xff, 0xc0, 0x7f, 0xff, 0x84, 0x87,
    0xff, 0x53, 0xff, 0xd0, 0x7f, 0xf0, 0xaf, 0xff,
    0xe0, 0x87, 0xff, 0x53, 0xff, 0xd0, 0x7f, 0xf1,
    0x3f, 0xff, 0x80, 0x87, 0xff, 0x4f, 0xff, 0xd0,
    0x7f, 0xf1, 0x7f, 0xfe, 0x83, 0xff, 0xa7, 0xff,
    0xe8, 0x3f, 0xf8, 0xaf, 0xff, 0xc1, 0xff, 0xd3,
    0xff, 0xf4, 0x1f, 0xfc, 0x6f, 0xff, 0x83, 0xff,
    0xa7, 0xff, 0xe8, 0x3f, 0xf8, 0xd7, 0xff, 0x90,
    0xff, 0xe9, 0x7f, 0xfa, 0xf, 0xfe, 0x3f, 0xff,
    0x90, 0xff, 0xe9, 0x7f, 0xfa, 0xf, 0xfe, 0x3f,
    0xff, 0xa0, 0xff, 0xe9, 0x7f, 0xfa, 0xf, 0xfe,
    0x3f, 0xff, 0xa0, 0xff, 0xe9, 0x7f, 0xfa, 0xf,
    0xfe, 0x3f, 0xff, 0xa0, 0xff, 0xe9, 0x7f, 0xfa,
    0xf, 0xfe, 0x3f, 0xff, 0xa0, 0xff, 0xe9, 0x7f,
    0xfa, 0xf, 0xfe, 0x3f, 0xff, 0xa0, 0xff, 0xe9,
    0x7f, 0xfa, 0xf, 0xfe, 0x3f, 0xff, 0xa0, 0xff,
    0xe9, 0x7f, 0xfa, 0xf, 0xfe, 0x3f, 0xff, 0xa0,
    0xff, 0xe9, 0x7f, 0xfa, 0xf, 0xfe, 0x3f, 0xff,
    0x90, 0xff, 0xe9, 0x7f, 0xfa, 0xf, 0xfe, 0x33,
    0xff, 0xe4, 0x3f, 0xfa, 0x5f, 0xfe, 0x83, 0xff,
    0x8d, 0x7f, 0xf8, 0x3f, 0xfa, 0x7f, 0xfe, 0x83,
    0xff, 0x8d, 0xff, 0xf0, 0x7f, 0xf4, 0xff, 0xfd,
    0x7, 0xff, 0x15, 0xff, 0xf8, 0x3f, 0xfa, 0x7f,
    0xfe, 0x83, 0xff, 0x8b, 0xff, 0xf4, 0x1f, 0xfd,
    0x3f, 0xff, 0x41, 0xff, 0xc4, 0x7f, 0xfe, 0xf,
    0xfe, 0xa7, 0xff, 0xa0, 0xff, 0xe1, 0xbf, 0xff,
    0xc0, 0xf, 0xfe, 0xa7, 0xff, 0xa0, 0xff, 0xe1,
    0x3f, 0xff, 0xc0, 0x43, 0xff, 0xa9, 0xff, 0xe8,
    0x3f, 0xf8, 0xf, 0xff, 0xf0, 0x83, 0xff, 0xab,
    0xff, 0xe8, 0x3e, 0x55, 0xff, 0xfc, 0x48, 0x3b,
    0xff, 0xfe, 0xa1, 0xef, 0xff, 0xfa, 0x7, 0xdf,
    0xff, 0xf3, 0x43, 0xef, 0xff, 0xf9, 0x41, 0xfb,
    0xff, 0xfe, 0x30, 0x7f, 0x7f, 0xff, 0xc1, 0xf,
    0xf7, 0xff, 0xfb, 0xa0, 0xff, 0xe0, 0x7f, 0xff,
    0xb2, 0xf, 0xfe, 0x17, 0xff, 0xfa, 0xa0, 0xff,
    0xe2, 0x7f, 0xff, 0x9a, 0x43, 0xff, 0x8e, 0xd7,
    0xff, 0x3f, 0xff, 0xea, 0x97, 0x83, 0xff, 0xd1,
    0xff, 0xe8, 0x3f, 0xfe, 0x1f, 0xfe, 0x83, 0xff,
    0xe1, 0xff, 0xe8, 0x3f, 0xfe, 0x1f, 0xfe, 0x83,
    0xff, 0xe1, 0xff, 0xe8, 0x3f, 0xfe, 0x1f, 0xfe,
    0x83, 0xff, 0xe1, 0xff, 0xe8, 0x3f, 0xfe, 0xd,
    0x7f, 0x21, 0xff, 0xd2,

    /* U+0025 "%" */
    0xf, 0xff, 0xf8, 0x7f, 0xf3, 0x5b, 0xfe, 0x90,
    0xff, 0xeb, 0xb8, 0x7f, 0xf6, 0x1f, 0xff, 0xe1,
    0x21, 0xff, 0xd5, 0xfa, 0xf, 0xfe, 0xad, 0xff,
    0xfc, 0x54, 0x3f, 0xfa, 0x4f, 0xf4, 0x1f, 0xfd,
    0x2f, 0xff, 0xe4, 0x41, 0xff, 0xd1, 0xff, 0xd0,
    0x7f, 0xf3, 0xff, 0xff, 0x95, 0x7, 0xff, 0x3e,
    0xff, 0xf4, 0x1f, 0xfc, 0xcf, 0xff, 0xe6, 0x21,
    0xff, 0xce, 0xff, 0xfa, 0xf, 0xfe, 0x5f, 0xff,
    0xf3, 0x90, 0xff, 0xe6, 0x5f, 0xff, 0x7, 0xff,
    0x2e, 0xff, 0xfe, 0x78, 0x7f, 0xf3, 0x3f, 0xfe,
    0x43, 0xff, 0x94, 0xff, 0xff, 0x42, 0xf, 0xfe,
    0x55, 0xff, 0xf0, 0x7f, 0xf2, 0xff, 0xff, 0x80,
    0x86, 0x7f, 0xff, 0x80, 0x87, 0xff, 0x27, 0xff,
    0xe4, 0x3f, 0xf9, 0x4f, 0xff, 0x90, 0xfc, 0xff,
    0xfc, 0x1f, 0xfc, 0x8b, 0xff, 0xe0, 0xff, 0xe5,
    0xff, 0xf9, 0xf, 0xf3, 0xff, 0xe4, 0x3f, 0xf8,
    0xff, 0xff, 0x21, 0xff, 0xca, 0x7f, 0xfa, 0xf,
    0xfe, 0x5, 0xff, 0xd0, 0x7f, 0xf1, 0xaf, 0xff,
    0x83, 0xff, 0x97, 0x7f, 0xf0, 0x7f, 0xf0, 0xbf,
    0xfc, 0x1f, 0xfc, 0x57, 0xff, 0xe4, 0x3f, 0xf9,
    0x7f, 0xfc, 0x87, 0xff, 0x9, 0xff, 0xe4, 0x3f,
    0xf8, 0x9f, 0xff, 0xc0, 0xf, 0xfe, 0x67, 0xff,
    0x7, 0xff, 0x13, 0xff, 0xa0, 0xff, 0xe1, 0xbf,
    0xff, 0x21, 0xff, 0xcb, 0x7f, 0xf8, 0x3f, 0xf8,
    0x97, 0xfe, 0x83, 0xff, 0x87, 0xff, 0xf4, 0x1f,
    0xfc, 0xc7, 0xff, 0x41, 0xff, 0xc4, 0x7f, 0xf8,
    0x3f, 0xf8, 0x4f, 0xff, 0xc1, 0xff, 0xcd, 0xbf,
    0xf4, 0x1f, 0xfc, 0x5f, 0xfe, 0xf, 0xfe, 0x17,
    0xff, 0xd0, 0x7f, 0xf3, 0x6f, 0xfc, 0x87, 0xff,
    0x17, 0xff, 0x83, 0xff, 0x82, 0xff, 0xfc, 0x1f,
    0xfc, 0xeb, 0xff, 0x21, 0xff, 0xc5, 0xff, 0xe0,
    0xff, 0xe0, 0xff, 0xfd, 0x7, 0xff, 0x3a, 0xff,
    0xc8, 0x7f, 0xf1, 0x7f, 0xf8, 0x3f, 0xf8, 0xf,
    0xff, 0xc1, 0xff, 0xcf, 0xbf, 0xf4, 0x1f, 0xfc,
    0x5f, 0xfe, 0xf, 0xfe, 0x7, 0xff, 0xd0, 0x7f,
    0xf3, 0xef, 0xfd, 0x7, 0xff, 0x17, 0xff, 0x83,
    0xfe, 0xbf, 0xfe, 0xf, 0xfe, 0x83, 0xff, 0xc1,
    0xff, 0xc4, 0x7f, 0xf8, 0x3f, 0xef, 0xff, 0xa0,
    0xff, 0xe8, 0xff, 0xf0, 0x7f, 0xf1, 0x2f, 0xfd,
    0x7, 0xfa, 0xff, 0xf8, 0x3f, 0xfa, 0x5f, 0xfc,
    0x87, 0xff, 0xf, 0xff, 0x90, 0xff, 0x7f, 0xfc,
    0x87, 0xff, 0x4b, 0xff, 0xc1, 0xff, 0xc2, 0x7f,
    0xf8, 0x3f, 0xd7, 0xff, 0xc1, 0xff, 0xd3, 0xbf,
    0xf9, 0xf, 0xfe, 0xf, 0xff, 0x83, 0xfd, 0xff,
    0xf2, 0x1f, 0xfd, 0x4f, 0xff, 0x7, 0xff, 0x2,
    0xff, 0xe8, 0x3f, 0xaf, 0xff, 0x83, 0xff, 0xab,
    0xff, 0xe8, 0x3f, 0xcf, 0xff, 0x83, 0xfd, 0xff,
    0xf2, 0x1f, 0xfd, 0x57, 0xff, 0xd0, 0x7e, 0x7f,
    0xfd, 0x7, 0xf7, 0xff, 0xf0, 0x3, 0xff, 0xaf,
    0xff, 0xfc, 0x4, 0x33, 0xff, 0xfc, 0x0, 0xfe,
    0x7f, 0xfe, 0x43, 0xff, 0xb1, 0xff, 0xfd, 0x8,
    0x3f, 0xbf, 0xff, 0x80, 0x1f, 0xfd, 0x9b, 0xff,
    0xf9, 0xe1, 0xfc, 0xff, 0xfc, 0x1f, 0xfd, 0xbf,
    0xff, 0xe7, 0x7, 0xfb, 0xff, 0xe8, 0x3f, 0xfb,
    0x9f, 0xff, 0xcc, 0x43, 0xf9, 0xff, 0xf8, 0x3f,
    0xfb, 0xdf, 0xff, 0xca, 0x43, 0xfd, 0xff, 0xf4,
    0x1f, 0xfd, 0xff, 0xff, 0xe4, 0x21, 0xfe, 0x7f,
    0xfe, 0xf, 0xff, 0xd, 0xff, 0xfc, 0x50, 0xff,
    0xe0, 0x7f, 0xfd, 0x7, 0xff, 0x8e, 0xff, 0xfe,
    0xa, 0x1f, 0xfc, 0xb, 0xff, 0xe0, 0xff, 0xf3,
    0x37, 0xfa, 0x43, 0xff, 0x87, 0xff, 0xf4, 0x1f,
    0xff, 0xeb, 0xff, 0xe0, 0xff, 0xe1, 0x37, 0xfa,
    0x43, 0xff, 0xcf, 0xff, 0xf2, 0x1f, 0xfc, 0xb,
    0xff, 0xf8, 0x28, 0x7f, 0xf8, 0xef, 0xff, 0x83,
    0xfe, 0xbf, 0xff, 0x8a, 0x1f, 0xfe, 0x2f, 0xff,
    0x90, 0xff, 0x7f, 0xff, 0x21, 0xf, 0xfe, 0xfd,
    0xff, 0xf0, 0x7f, 0x3f, 0xff, 0xca, 0x43, 0xff,
    0xbd, 0xff, 0xf2, 0x1f, 0x9f, 0xff, 0xe6, 0x21,
    0xff, 0xdc, 0xff, 0xfe, 0x0, 0x7f, 0x7f, 0xff,
    0x38, 0x3f, 0xfb, 0x6f, 0xff, 0xc8, 0x7e, 0xff,
    0xfe, 0x80, 0x7f, 0xf6, 0xbf, 0xff, 0x80, 0x1f,
    0x9f, 0xff, 0xe8, 0x41, 0xff, 0xd8, 0x7f, 0xfe,
    0xf, 0xef, 0xff, 0xe0, 0x48, 0x1b, 0xff, 0xf8,
    0x1, 0xff, 0xd8, 0xff, 0xfa, 0xf, 0xcf, 0xff,
    0xc1, 0xfa, 0xff, 0xf4, 0x1f, 0xfd, 0x67, 0xff,
    0xe0, 0xfe, 0xff, 0xf8, 0x3f, 0xcf, 0xff, 0x83,
    0xff, 0xad, 0xff, 0xf4, 0x1f, 0xdf, 0xfe, 0xf,
    0xfe, 0x5, 0xff, 0xd0, 0x7f, 0xf5, 0x1f, 0xff,
    0x83, 0xfa, 0xff, 0xe8, 0x3f, 0xf8, 0x3f, 0xfe,
    0xf, 0xfe, 0xa7, 0xff, 0xd0, 0x7f, 0x7f, 0xf8,
    0x3f, 0xf8, 0x4f, 0xff, 0x7, 0xff, 0x4e, 0xff,
    0xf8, 0x3f, 0xdf, 0xfd, 0x7, 0xff, 0xf, 0xff,
    0x90, 0xff, 0xe9, 0x7f, 0xfd, 0x7, 0xfb, 0xff,
    0x83, 0xff, 0x89, 0x7f, 0xe8, 0x3f, 0xfa, 0x37,
    0xff, 0xc1, 0xfe, 0x7f, 0xf8, 0x3f, 0xf8, 0x8f,
    0xff, 0x7, 0xff, 0x47, 0xff, 0xe4, 0x3f, 0xcf,
    0xfe, 0x83, 0xff, 0x8b, 0xff, 0xc1, 0xff, 0xd0,
    0xbf, 0xfe, 0xf, 0xfa, 0xff, 0xd0, 0x7f, 0xf1,
    0x7f, 0xf8, 0x3f, 0xfa, 0x1f, 0xff, 0x21, 0xff,
    0x5f, 0xf9, 0xf, 0xfe, 0x2f, 0xff, 0x7, 0xff,
    0x3e, 0xff, 0xf8, 0x3f, 0xf8, 0x17, 0xfe, 0x43,
    0xff, 0x8b, 0xff, 0xc1, 0xff, 0xcf, 0xff, 0xf9,
    0xf, 0xfe, 0x5, 0xff, 0x90, 0xff, 0xe2, 0xff,
    0xf0, 0x7f, 0xf3, 0xaf, 0xff, 0x83, 0xff, 0x83,
    0x7f, 0xe8, 0x3f, 0xf8, 0xbf, 0xfc, 0x1f, 0xfc,
    0xd7, 0xff, 0xe4, 0x3f, 0xf8, 0x2f, 0xfe, 0x83,
    0xff, 0x8b, 0xff, 0xc1, 0xff, 0xcd, 0xff, 0xfe,
    0x0, 0x7f, 0xf0, 0x9f, 0xfe, 0xf, 0xfe, 0x23,
    0xff, 0xc1, 0xff, 0xcc, 0x7f, 0xfe, 0x43, 0xff,
    0x87, 0xff, 0xc1, 0xff, 0xc4, 0xbf, 0xf4, 0x1f,
    0xfc, 0xcf, 0xff, 0xa0, 0xff, 0xe2, 0x7f, 0xf2,
    0x1f, 0xfc, 0x3f, 0xfe, 0x43, 0xff, 0x96, 0xff,
    0xfc, 0x1f, 0xfc, 0x5f, 0xfe, 0x83, 0xff, 0x84,
    0xff, 0xf0, 0x7f, 0xf3, 0x3f, 0xfe, 0x83, 0xff,
    0x8b, 0x7f, 0xf0, 0x7f, 0xf0, 0xbf, 0xfc, 0x1f,
    0xfc, 0xb7, 0xff, 0xe0, 0xff, 0xe3, 0x3f, 0xfd,
    0x7, 0xff, 0x2, 0xff, 0xe8, 0x3f, 0xf9, 0x7f,
    0xff, 0x41, 0xff, 0xc7, 0xff, 0xf2, 0x1f, 0xe7,
    0xff, 0xc1, 0xff, 0xcb, 0x7f, 0xfe, 0xf, 0xfe,
    0x43, 0xff, 0xe8, 0x3f, 0x5f, 0xfe, 0x83, 0xff,
    0x97, 0xff, 0xf4, 0x1f, 0xfc, 0x9f, 0xff, 0xe0,
    0x48, 0x1b, 0xff, 0xf8, 0x1, 0xff, 0xcb, 0xbf,
    0xfe, 0xf, 0xfe, 0x53, 0xff, 0xfd, 0x8, 0x3f,
    0xf9, 0x7f, 0xff, 0x41, 0xff, 0xcb, 0xff, 0xfe,
    0x80, 0x7f, 0xf2, 0xef, 0xff, 0x83, 0xff, 0x9b,
    0xff, 0xfc, 0xe0, 0xff, 0xe6, 0x7f, 0xfc, 0x87,
    0xff, 0x35, 0xff, 0xfe, 0x62, 0x1f, 0xfc, 0xcb,
    0xff, 0xc1, 0xff, 0xcf, 0x7f, 0xff, 0x94, 0x87,
    0xff, 0x39, 0xff, 0xc8, 0x7f, 0xf4, 0x7f, 0xff,
    0x90, 0x87, 0xff, 0x45, 0xff, 0x7, 0xff, 0x4e,
    0xff, 0xfe, 0x28, 0x7f, 0xf5, 0x5f, 0x90, 0xff,
    0xea, 0xdf, 0xff, 0xc1, 0x43, 0xff, 0xb0, 0xc1,
    0xff, 0xd8, 0x6f, 0xf4, 0x87, 0xff, 0x8,

    /* U+0026 "&" */
    0xf, 0xfe, 0x4b, 0x7f, 0xd2, 0x1f, 0xff, 0xb,
    0xff, 0xf8, 0x68, 0x7f, 0xfa, 0xef, 0xff, 0xe3,
    0xc1, 0xff, 0xe8, 0xff, 0xfe, 0x5a, 0x1f, 0xfe,
    0x47, 0xff, 0xf9, 0xb0, 0x7f, 0xf8, 0x9f, 0xff,
    0xe7, 0xc1, 0xff, 0xe0, 0x7f, 0xff, 0xa3, 0x7,
    0xff, 0x7f, 0xff, 0xfa, 0x68, 0x7f, 0xf7, 0x7f,
    0xff, 0xaa, 0x1f, 0xfd, 0xc7, 0xff, 0xfa, 0xa8,
    0x7f, 0xf6, 0xff, 0xff, 0x84, 0xa0, 0x9b, 0xff,
    0xf8, 0x30, 0x7f, 0xf6, 0xff, 0xff, 0x80, 0x87,
    0xf7, 0xff, 0xf0, 0x43, 0xff, 0xb4, 0xff, 0xfc,
    0x1f, 0xfc, 0xb, 0xff, 0xe0, 0xff, 0xed, 0x5f,
    0xfe, 0x83, 0xff, 0x83, 0x7f, 0xf9, 0xf, 0xfe,
    0xcd, 0xff, 0xe0, 0xff, 0xe1, 0xff, 0xf9, 0xf,
    0xfe, 0xcd, 0xff, 0xe0, 0xff, 0xe1, 0xff, 0xf9,
    0xf, 0xfe, 0xcd, 0xff, 0xe0, 0xff, 0xe1, 0xdf,
    0xfc, 0x87, 0xff, 0x66, 0xff, 0xf0, 0x7f, 0xf0,
    0xef, 0xfe, 0x43, 0xff, 0xb2, 0xff, 0xf8, 0x3f,
    0xf8, 0x7f, 0xfe, 0xf, 0xfe, 0xdf, 0xff, 0xa0,
    0xff, 0xe0, 0xbf, 0xfe, 0xf, 0xfe, 0xdf, 0xff,
    0xc1, 0xff, 0xc1, 0xff, 0xf4, 0x1f, 0xfd, 0xbb,
    0xff, 0xe0, 0xff, 0xbf, 0xfe, 0xf, 0xfe, 0xef,
    0xff, 0xd0, 0x7f, 0x5f, 0xfe, 0x83, 0xff, 0xbb,
    0x7f, 0xfc, 0x87, 0xdf, 0xff, 0xc0, 0xf, 0xfe,
    0xff, 0xff, 0xf0, 0x3, 0xdf, 0xff, 0xc0, 0x83,
    0xff, 0xbf, 0x7f, 0xff, 0x0, 0x27, 0xff, 0xf8,
    0x21, 0xff, 0xe1, 0xff, 0xfe, 0x9, 0x7f, 0xff,
    0x4, 0x3f, 0xfc, 0x4f, 0xff, 0xf3, 0x90, 0xff,
    0xf1, 0xdf, 0xff, 0xcc, 0x83, 0xff, 0x84, 0xff,
    0xf4, 0x1f, 0xfc, 0xcf, 0xff, 0xe5, 0xc1, 0xff,
    0xc3, 0x7f, 0xfa, 0xf, 0xfe, 0x6f, 0xff, 0xf2,
    0x60, 0xff, 0xe2, 0x5f, 0xfc, 0x87, 0xff, 0x35,
    0xff, 0xfe, 0x3c, 0x1f, 0xfc, 0x5b, 0xff, 0x90,
    0xff, 0xe7, 0x3f, 0xff, 0xc5, 0x83, 0xff, 0x8d,
    0x7f, 0xf2, 0x1f, 0xfc, 0xef, 0xff, 0xe2, 0xc1,
    0xff, 0xc7, 0xbf, 0xf9, 0xf, 0xfe, 0x63, 0xff,
    0xfc, 0x54, 0x3f, 0xf9, 0x17, 0xff, 0x21, 0xff,
    0xcb, 0xbf, 0xff, 0x8d, 0x7, 0xff, 0x22, 0xff,
    0xe4, 0x3f, 0xf9, 0x5f, 0xff, 0xc9, 0x83, 0xff,
    0x8f, 0x7f, 0xf0, 0x7f, 0xf2, 0x5f, 0xff, 0xe5,
    0xc1, 0xff, 0xc6, 0xff, 0xf0, 0x7f, 0xf2, 0x1f,
    0xff, 0xe6, 0xa1, 0xff, 0xc5, 0xff, 0xf0, 0x7f,
    0xf1, 0xdf, 0xff, 0xe7, 0xa1, 0xff, 0xc4, 0xff,
    0xf0, 0x7f, 0xf1, 0x9f, 0xff, 0xe8, 0xa1, 0xff,
    0xc3, 0xff, 0xf0, 0x7f, 0xf1, 0x5f, 0xff, 0xe1,
    0xa5, 0xff, 0xfc, 0x14, 0x3f, 0xf8, 0x5f, 0xfe,
    0xf, 0xfe, 0x23, 0xff, 0xfc, 0x28, 0x35, 0xff,
    0xfc, 0x10, 0xff, 0xe0, 0xbf, 0xfd, 0x7, 0xff,
    0x13, 0xff, 0xf8, 0x50, 0x7b, 0xff, 0xf8, 0x41,
    0xff, 0xc0, 0x7f, 0xfa, 0xf, 0xfe, 0x1f, 0xff,
    0xf0, 0x90, 0xfd, 0xff, 0xfc, 0x20, 0xff, 0xaf,
    0xfe, 0x43, 0xff, 0x84, 0xff, 0xff, 0x4, 0x3f,
    0xef, 0xff, 0xe1, 0x7, 0xfb, 0xff, 0xc1, 0xff,
    0xc3, 0xff, 0xfe, 0x8, 0x7f, 0xf0, 0x7f, 0xff,
    0x84, 0x1f, 0xdf, 0xfe, 0xf, 0xfe, 0x15, 0xff,
    0xfc, 0x0, 0xff, 0xe1, 0xff, 0xff, 0x6, 0xf,
    0xdf, 0xfe, 0xf, 0xfe, 0x17, 0xff, 0xf0, 0x3,
    0xff, 0x8b, 0xff, 0xfc, 0x18, 0x3c, 0xff, 0xf4,
    0x1f, 0xfc, 0x17, 0xff, 0xe4, 0x3f, 0xf8, 0xaf,
    0xff, 0xf0, 0x60, 0xeb, 0xff, 0xa0, 0xff, 0xe0,
    0xff, 0xfd, 0x7, 0xff, 0x1d, 0xff, 0xfe, 0xa,
    0x1b, 0xff, 0xc8, 0x7f, 0xf0, 0x7f, 0xfe, 0xf,
    0xfe, 0x4b, 0xff, 0xfc, 0x14, 0xf, 0xff, 0x83,
    0xff, 0x82, 0xff, 0xfa, 0xf, 0xfe, 0x53, 0xff,
    0xfc, 0x14, 0xbf, 0xfc, 0x1f, 0xfc, 0x1b, 0xff,
    0xc1, 0xff, 0xcc, 0xbf, 0xff, 0x82, 0xff, 0xfa,
    0xf, 0xfe, 0xd, 0xff, 0xe0, 0xff, 0xe6, 0xdf,
    0xff, 0xcb, 0x43, 0xff, 0x83, 0xff, 0xe8, 0x3f,
    0xf9, 0xd7, 0xff, 0xf2, 0x83, 0xff, 0x85, 0xff,
    0xe8, 0x3f, 0xf9, 0xff, 0xff, 0xc9, 0x83, 0xff,
    0x85, 0xff, 0xe8, 0x3f, 0xfa, 0x1f, 0xff, 0xc8,
    0x43, 0xff, 0x85, 0xff, 0xf0, 0x7f, 0xf4, 0x7f,
    0xff, 0x8e, 0x1f, 0xfc, 0x3b, 0xff, 0xc1, 0xff,
    0xd2, 0xff, 0xfe, 0x2c, 0x1f, 0xfc, 0x3b, 0xff,
    0xc1, 0xff, 0xd3, 0xff, 0xfe, 0x20, 0x7f, 0xf1,
    0x1f, 0xff, 0x41, 0xff, 0xd3, 0xff, 0xfe, 0x14,
    0x1f, 0xfc, 0x47, 0xff, 0xe0, 0xff, 0xe9, 0xbf,
    0xff, 0xc1, 0x83, 0xff, 0x8b, 0xff, 0xf2, 0x1f,
    0xfd, 0x3f, 0xff, 0xe1, 0x21, 0xff, 0xc4, 0xbf,
    0xfe, 0xf, 0xfe, 0x97, 0xff, 0xf1, 0x10, 0xff,
    0xe1, 0xbf, 0xff, 0xc0, 0xf, 0xfe, 0x87, 0xff,
    0xf1, 0x90, 0xff, 0xe1, 0xff, 0xff, 0x4, 0x3f,
    0xf9, 0xaf, 0xff, 0xf2, 0x10, 0xff, 0xe1, 0x5f,
    0xff, 0xc1, 0x43, 0xff, 0x95, 0x7f, 0xff, 0x28,
    0x3f, 0xf8, 0x7f, 0xff, 0xc3, 0xf, 0xfe, 0x3b,
    0xff, 0xfc, 0xd0, 0xff, 0xe1, 0x3f, 0xff, 0xc3,
    0x90, 0xff, 0xe1, 0x5f, 0xff, 0xd0, 0xf, 0xfe,
    0x15, 0xff, 0xfc, 0x59, 0xf, 0x9b, 0xff, 0xfa,
    0x81, 0xff, 0xc2, 0xff, 0xff, 0xc, 0xff, 0xff,
    0x8, 0x3f, 0xf8, 0x5f, 0xff, 0xdf, 0x40, 0xff,
    0xff, 0x8, 0x3f, 0xf8, 0x57, 0xff, 0xf7, 0x3,
    0xaf, 0xff, 0xe1, 0x7, 0xff, 0xa, 0xff, 0xfe,
    0xcc, 0x1f, 0x5f, 0xff, 0xc1, 0x83, 0xff, 0x84,
    0xff, 0xff, 0x5d, 0xf, 0xeb, 0xff, 0xf8, 0x30,
    0x7f, 0xf0, 0xef, 0xff, 0xe9, 0xc1, 0xff, 0xc0,
    0xbf, 0xff, 0x83, 0x7, 0xff, 0x12, 0xff, 0xfe,
    0x7c, 0x1f, 0xfc, 0x3f, 0xff, 0xe1, 0x41, 0xff,
    0xc5, 0x7f, 0xff, 0x96, 0x87, 0xff, 0x1b, 0xff,
    0xf8, 0x48, 0x7f, 0xf1, 0xdb, 0xff, 0xf8, 0x72,
    0x1f, 0xff, 0x5, 0xab, 0x28, 0x3f, 0xfb, 0xc0,

    /* U+0027 "'" */
    0xbf, 0xfe, 0x2f, 0xff, 0x8b, 0xff, 0xe1, 0xff,
    0xf8, 0x7f, 0xfe, 0x1f, 0xff, 0x81, 0xff, 0xe8,
    0x1f, 0xfe, 0x81, 0xff, 0xe8, 0x1f, 0xfe, 0x81,
    0xff, 0xe4, 0x1f, 0xfe, 0x41, 0xff, 0xe4, 0x17,
    0xff, 0x5, 0x7f, 0xf0, 0x57, 0xff, 0x5, 0x7f,
    0xf0, 0x4f, 0xff, 0x4, 0xff, 0xf0, 0x4f, 0xff,
    0x6, 0xff, 0xd0, 0x6f, 0xfd, 0x6, 0xff, 0xd0,
    0x6f, 0xfc, 0x86, 0xff, 0xc8, 0x6f, 0xfc, 0x80,

    /* U+0028 "(" */
    0xf, 0xfe, 0x1d, 0xff, 0xd0, 0x7f, 0xf0, 0xdf,
    0xff, 0x7, 0xff, 0x13, 0xff, 0xd0, 0x7f, 0xf0,
    0xef, 0xff, 0x7, 0xff, 0x13, 0xff, 0xc1, 0xff,
    0xc4, 0xff, 0xf4, 0x1f, 0xfc, 0x37, 0xff, 0xc1,
    0xff, 0xc4, 0xff, 0xf4, 0x1f, 0xfc, 0x37, 0xff,
    0xc1, 0xff, 0xc4, 0xff, 0xf4, 0x1f, 0xfc, 0x37,
    0xff, 0xc1, 0xff, 0xc4, 0xff, 0xf4, 0x1f, 0xfc,
    0x37, 0xff, 0xc1, 0xff, 0xc4, 0xff, 0xf4, 0x1f,
    0xfc, 0x4f, 0xff, 0x21, 0xff, 0xc3, 0xbf, 0xfc,
    0x1f, 0xfc, 0x4f, 0xff, 0x21, 0xff, 0xc3, 0x7f,
    0xfc, 0x1f, 0xfc, 0x4b, 0xff, 0xa0, 0xff, 0xe2,
    0x7f, 0xf9, 0xf, 0xfe, 0x1b, 0xff, 0xe0, 0xff,
    0xe2, 0x5f, 0xfe, 0xf, 0xfe, 0x27, 0xff, 0x90,
    0xff, 0xe1, 0xbf, 0xfe, 0xf, 0xfe, 0x25, 0xff,
    0xe0, 0xff, 0xe2, 0x7f, 0xfa, 0xf, 0xfe, 0x27,
    0xff, 0x83, 0xff, 0x88, 0xff, 0xf8, 0x3f, 0xf8,
    0x97, 0xff, 0x41, 0xff, 0xc4, 0xff, 0xf2, 0x1f,
    0xfc, 0x4f, 0xff, 0x7, 0xff, 0x11, 0xff, 0xf0,
    0x7f, 0xf1, 0x1f, 0xfe, 0x83, 0xff, 0x89, 0x7f,
    0xf4, 0x1f, 0xfc, 0x4f, 0xff, 0x21, 0xff, 0xc4,
    0xff, 0xf0, 0x7f, 0xf1, 0x7f, 0xfc, 0x1f, 0xfc,
    0x47, 0xff, 0xc1, 0xff, 0xc4, 0x7f, 0xfa, 0xf,
    0xfe, 0x25, 0xff, 0xd0, 0x7f, 0xf1, 0x2f, 0xfe,
    0x43, 0xff, 0x89, 0x7f, 0xf2, 0x1f, 0xfc, 0x4f,
    0xff, 0x7, 0xff, 0x17, 0xff, 0xc1, 0xff, 0xc5,
    0xff, 0xf0, 0x7f, 0xf1, 0x7f, 0xfc, 0x1f, 0xfc,
    0x5f, 0xff, 0x7, 0xff, 0x17, 0xff, 0xc1, 0xff,
    0xc5, 0xff, 0xf0, 0x7f, 0xf1, 0x7f, 0xfc, 0x1f,
    0xfc, 0x5f, 0xff, 0x7, 0xff, 0x17, 0xff, 0xc1,
    0xff, 0xc5, 0xff, 0xf0, 0x7f, 0xf1, 0x7f, 0xfc,
    0x1f, 0xfc, 0x5f, 0xff, 0x7, 0xff, 0x17, 0xff,
    0xc1, 0xff, 0xc5, 0xff, 0xf0, 0x7f, 0xf1, 0x7f,
    0xfc, 0x1f, 0xfc, 0x5f, 0xff, 0x7, 0xff, 0x16,
    0xff, 0xe4, 0x3f, 0xf8, 0x97, 0xff, 0x21, 0xff,
    0xc4, 0x7f, 0xfa, 0xf, 0xfe, 0x23, 0xff, 0xd0,
    0x7f, 0xf1, 0x1f, 0xfe, 0x83, 0xff, 0x8b, 0xff,
    0xe0, 0xff, 0xe2, 0xff, 0xf8, 0x3f, 0xf8, 0xbf,
    0xfe, 0xf, 0xfe, 0x2d, 0xff, 0xc8, 0x7f, 0xf1,
    0x1f, 0xfe, 0x83, 0xff, 0x8b, 0xff, 0xe0, 0xff,
    0xe2, 0xff, 0xf8, 0x3f, 0xf8, 0xbf, 0xfe, 0xf,
    0xfe, 0x2d, 0xff, 0xc8, 0x7f, 0xf1, 0x1f, 0xfe,
    0x83, 0xff, 0x8b, 0xff, 0xe0, 0xff, 0xe2, 0xff,
    0xf8, 0x3f, 0xf8, 0xb7, 0xff, 0x21, 0xff, 0xc5,
    0xff, 0xf0, 0x7f, 0xf1, 0x7f, 0xfc, 0x1f, 0xfc,
    0x5b, 0xff, 0x90, 0xff, 0xe2, 0x3f, 0xfe, 0xf,
    0xfe, 0x2f, 0xff, 0x83, 0xff, 0x8b, 0x7f, 0xf4,
    0x1f, 0xfc, 0x47, 0xff, 0xc1, 0xff, 0xc5, 0xff,
    0xf2, 0x1f, 0xfc, 0x4b, 0xff, 0xa0, 0xff, 0xe2,
    0xff, 0xf8, 0x3f, 0xf8, 0xb7, 0xff, 0x41, 0xff,
    0xc4, 0x7f, 0xfc, 0x1f, 0xfc, 0x5f, 0xff, 0x21,
    0xff, 0xc4, 0x7f, 0xfc, 0x1f, 0xfc, 0x5f, 0xff,
    0x21, 0xff, 0xc4, 0x7f, 0xfc, 0x1f, 0xfc, 0x5f,
    0xff, 0x21, 0xff, 0xc4, 0x7f, 0xfc, 0x1f, 0xfc,
    0x5f, 0xff, 0x41, 0xff, 0xc4, 0x7f, 0xfc, 0x1f,
    0xfc, 0x5b, 0xff, 0xc1, 0xff, 0xc5, 0xff, 0xf2,
    0x1f, 0xfc, 0x47, 0xff, 0xc1, 0xff, 0xc5, 0xbf,
    0xfa, 0x0,

    /* U+0029 ")" */
    0x3f, 0xfc, 0x1f, 0xfc, 0x57, 0xff, 0xa0, 0xff,
    0xe2, 0xdf, 0xfc, 0x87, 0xff, 0x17, 0xff, 0xc1,
    0xff, 0xc5, 0x7f, 0xfa, 0xf, 0xfe, 0x2d, 0xff,
    0xc8, 0x7f, 0xf1, 0x7f, 0xfc, 0x1f, 0xfc, 0x5b,
    0xff, 0x90, 0xff, 0xe2, 0xff, 0xf8, 0x3f, 0xf8,
    0xb7, 0xff, 0x21, 0xff, 0xc5, 0xff, 0xf0, 0x7f,
    0xf1, 0x6f, 0xfe, 0x43, 0xff, 0x8b, 0xff, 0xe0,
    0xff, 0xe2, 0xff, 0xf8, 0x3f, 0xf8, 0xaf, 0xff,
    0x41, 0xff, 0xc5, 0xff, 0xf0, 0x7f, 0xf1, 0x6f,
    0xfe, 0x43, 0xff, 0x8b, 0xff, 0xe0, 0xff, 0xe2,
    0xff, 0xf8, 0x3f, 0xf8, 0xb7, 0xff, 0x21, 0xff,
    0xc5, 0xff, 0xf0, 0x7f, 0xf1, 0x7f, 0xfc, 0x1f,
    0xfc, 0x5b, 0xff, 0x90, 0xff, 0xe2, 0xff, 0xf8,
    0x3f, 0xf8, 0xbf, 0xfe, 0xf, 0xfe, 0x2d, 0xff,
    0xc8, 0x7f, 0xf1, 0x1f, 0xfe, 0x83, 0xff, 0x8b,
    0xff, 0xe0, 0xff, 0xe2, 0xff, 0xf8, 0x3f, 0xf8,
    0xb7, 0xff, 0x21, 0xff, 0xc4, 0xbf, 0xfa, 0xf,
    0xfe, 0x23, 0xff, 0xe0, 0xff, 0xe2, 0xff, 0xf8,
    0x3f, 0xf8, 0xbf, 0xfe, 0x43, 0xff, 0x89, 0xff,
    0xe8, 0x3f, 0xf8, 0x97, 0xff, 0x41, 0xff, 0xc4,
    0x7f, 0xfc, 0x1f, 0xfc, 0x47, 0xff, 0xc1, 0xff,
    0xc5, 0xff, 0xf0, 0x7f, 0xf1, 0x7f, 0xfc, 0x87,
    0xff, 0x13, 0xff, 0xc8, 0x7f, 0xf1, 0x3f, 0xfd,
    0x7, 0xff, 0x13, 0xff, 0xd0, 0x7f, 0xf1, 0x2f,
    0xff, 0x7, 0xff, 0x12, 0xff, 0xf0, 0x7f, 0xf1,
    0x2f, 0xff, 0x7, 0xff, 0x12, 0xff, 0xf0, 0x7f,
    0xf1, 0x2f, 0xff, 0x7, 0xff, 0x11, 0xff, 0xf0,
    0x7f, 0xf1, 0x1f, 0xff, 0x7, 0xff, 0x11, 0xff,
    0xf0, 0x7f, 0xf1, 0x1f, 0xff, 0x7, 0xff, 0x11,
    0xff, 0xf0, 0x7f, 0xf1, 0x2f, 0xff, 0x7, 0xff,
    0x12, 0xff, 0xf0, 0x7f, 0xf1, 0x2f, 0xff, 0x7,
    0xff, 0x12, 0xff, 0xf0, 0x7f, 0xf1, 0x2f, 0xff,
    0x7, 0xff, 0x13, 0xff, 0xd0, 0x7f, 0xf1, 0x3f,
    0xfd, 0x7, 0xff, 0x13, 0xff, 0xc8, 0x7f, 0xf1,
    0x3f, 0xfc, 0x87, 0xff, 0x13, 0xff, 0xc8, 0x7f,
    0xf0, 0xdf, 0xff, 0x7, 0xff, 0x11, 0xff, 0xf0,
    0x7f, 0xf1, 0x2f, 0xff, 0x7, 0xff, 0x13, 0xff,
    0xd0, 0x7f, 0xf1, 0x3f, 0xfc, 0x87, 0xff, 0x13,
    0xff, 0xc8, 0x7f, 0xf0, 0xdf, 0xff, 0x7, 0xff,
    0x12, 0xff, 0xf0, 0x7f, 0xf1, 0x3f, 0xfd, 0x7,
    0xff, 0x13, 0xff, 0xc8, 0x7f, 0xf0, 0xdf, 0xff,
    0x7, 0xff, 0x12, 0xff, 0xf0, 0x7f, 0xf1, 0x3f,
    0xfd, 0x7, 0xff, 0x13, 0xff, 0xc8, 0x7f, 0xf0,
    0xdf, 0xff, 0x7, 0xff, 0x12, 0xff, 0xf0, 0x7f,
    0xf1, 0x3f, 0xfc, 0x87, 0xff, 0xd, 0xff, 0xf0,
    0x7f, 0xf1, 0x2f, 0xfe, 0x83, 0xff, 0x89, 0xff,
    0xe4, 0x3f, 0xf8, 0x9f, 0xfe, 0xf, 0xfe, 0x25,
    0xff, 0xd0, 0x7f, 0xf1, 0x3f, 0xfc, 0x1f, 0xfc,
    0x47, 0xff, 0xc1, 0xff, 0xc4, 0xff, 0xf2, 0x1f,
    0xfc, 0x37, 0xff, 0xc1, 0xff, 0xc4, 0xbf, 0xf9,
    0xf, 0xfe, 0x27, 0xff, 0x83, 0xff, 0x89, 0x7f,
    0xf2, 0x1f, 0xfc, 0x4f, 0xff, 0x7, 0xff, 0x12,
    0xff, 0xe4, 0x3f, 0xf8, 0x9f, 0xfe, 0xf, 0xfe,
    0x25, 0xff, 0xc8, 0x7f, 0xf0, 0xdf, 0xfe, 0x83,
    0xff, 0x89, 0xff, 0xe0, 0xff, 0xe2, 0x5f, 0xfc,
    0x87, 0xff, 0x13, 0xff, 0xc1, 0xff, 0xc4, 0xff,
    0xf0, 0x7f, 0xf1, 0x0,

    /* U+002A "*" */
    0xf, 0xfe, 0x55, 0x7f, 0xc1, 0xff, 0xe1, 0xff,
    0xf8, 0x3f, 0xfc, 0x3f, 0xff, 0x7, 0xff, 0x87,
    0xff, 0xe0, 0xff, 0xf0, 0xff, 0xfc, 0x1f, 0xfe,
    0x1f, 0xff, 0x83, 0xff, 0xc3, 0xff, 0xf0, 0x7f,
    0xf8, 0x6f, 0xfe, 0x83, 0xff, 0xa1, 0xe0, 0xff,
    0xe1, 0xdf, 0xfd, 0x7, 0xff, 0xf, 0xc1, 0xfe,
    0x7e, 0x43, 0xff, 0x83, 0x7f, 0xf4, 0x1f, 0xfc,
    0x17, 0xe4, 0x3f, 0xbf, 0xa0, 0xff, 0xe0, 0x3f,
    0xfc, 0x87, 0xff, 0x2, 0xfe, 0xf, 0xcf, 0xfc,
    0x87, 0xf9, 0xff, 0xe4, 0x3f, 0xcf, 0xfc, 0x87,
    0xdf, 0xfd, 0x7, 0xf3, 0xff, 0xc8, 0x7f, 0x5f,
    0xfc, 0x1e, 0x7f, 0xfe, 0x43, 0xf7, 0xff, 0x7,
    0xe7, 0xff, 0xe4, 0x3b, 0xff, 0xf8, 0x30, 0x7d,
    0xff, 0xc1, 0xf5, 0xff, 0xfc, 0x10, 0xd7, 0xff,
    0xf0, 0xd0, 0xef, 0xfe, 0xe, 0x7f, 0xff, 0x86,
    0x85, 0xff, 0xfc, 0x58, 0x37, 0xff, 0x6, 0xbf,
    0xff, 0x8a, 0x7, 0xff, 0xf8, 0xe8, 0x3f, 0xf8,
    0xf, 0xff, 0xf1, 0xd0, 0x3f, 0xff, 0xc7, 0x8f,
    0xfe, 0x2f, 0xff, 0xe3, 0xc1, 0xcf, 0xff, 0xf8,
    0xe0, 0xfe, 0x7f, 0xff, 0xbf, 0x7, 0xff, 0x5,
    0xff, 0xfe, 0xdc, 0x1f, 0xfc, 0x57, 0xff, 0xfa,
    0xf0, 0x7f, 0xf2, 0x5f, 0xff, 0xe9, 0xc1, 0xff,
    0xcd, 0x7f, 0xff, 0x9f, 0x7, 0xff, 0x45, 0xff,
    0xfe, 0x5c, 0x1f, 0xfd, 0x57, 0xff, 0xf8, 0xf0,
    0x7f, 0xf6, 0x2f, 0xff, 0xe2, 0xc1, 0xff, 0xd7,
    0xbf, 0xff, 0x93, 0x7, 0xff, 0x4e, 0xff, 0xfe,
    0x6c, 0x1f, 0xfc, 0xfb, 0xff, 0xfa, 0x30, 0x7f,
    0xf2, 0xef, 0xff, 0xeb, 0x21, 0xff, 0xc6, 0xbf,
    0xff, 0xb4, 0x87, 0xff, 0xa, 0xff, 0xfe, 0xf2,
    0x1f, 0xeb, 0xff, 0xfc, 0x48, 0x73, 0x7f, 0xff,
    0x1a, 0x3f, 0xf8, 0xbf, 0xff, 0x8e, 0x81, 0xff,
    0xfe, 0x3a, 0xf, 0xfe, 0xb, 0xff, 0xf9, 0x0,
    0xff, 0xfe, 0x30, 0x6f, 0xfe, 0xd, 0x7f, 0xff,
    0x15, 0x3, 0xff, 0xfc, 0x38, 0x3b, 0xff, 0x83,
    0x9f, 0xff, 0xe2, 0x6, 0xff, 0xfe, 0x12, 0x1e,
    0xff, 0xe0, 0xfa, 0xff, 0xfe, 0xa, 0x19, 0xff,
    0xfa, 0xf, 0xdf, 0xfc, 0x1f, 0x9f, 0xff, 0xe0,
    0x7, 0xbf, 0xfc, 0x87, 0xe7, 0xff, 0x90, 0xfe,
    0xbf, 0xf8, 0x3e, 0x7f, 0xf0, 0x7f, 0x9f, 0xfe,
    0x43, 0xfc, 0xff, 0xd0, 0x7e, 0xbf, 0xa0, 0xff,
    0x9f, 0xfe, 0x43, 0xff, 0x81, 0x7f, 0x7, 0xfb,
    0xf2, 0x1f, 0xfc, 0xb, 0xff, 0xa0, 0xff, 0xe0,
    0xbf, 0x21, 0xfe, 0xbc, 0x1f, 0xfc, 0x2b, 0xff,
    0xa0, 0xff, 0xe1, 0xd8, 0x7f, 0xf0, 0x20, 0xff,
    0xe1, 0xdf, 0xfd, 0x7, 0xff, 0x86, 0xff, 0xe8,
    0x3f, 0xfc, 0x3f, 0xff, 0x7, 0xff, 0x87, 0xff,
    0xe0, 0xff, 0xf0, 0xff, 0xfc, 0x1f, 0xfe, 0x1f,
    0xff, 0x83, 0xff, 0xc3, 0xff, 0xf0, 0x7f, 0xf8,
    0x7f, 0xfe, 0xf, 0xfe, 0x58,

    /* U+002B "+" */
    0xf, 0xfe, 0x5d, 0xff, 0xd0, 0x7f, 0xf8, 0xff,
    0xfd, 0x7, 0xff, 0x8f, 0xff, 0xd0, 0x7f, 0xf8,
    0xff, 0xfd, 0x7, 0xff, 0x8f, 0xff, 0xd0, 0x7f,
    0xf8, 0xff, 0xfd, 0x7, 0xff, 0x8f, 0xff, 0xd0,
    0x7f, 0xf8, 0xff, 0xfd, 0x7, 0xff, 0x8f, 0xff,
    0xd0, 0x7f, 0xf8, 0xff, 0xfd, 0x7, 0xff, 0x8f,
    0xff, 0xd0, 0x7f, 0xf8, 0xff, 0xfd, 0x7, 0xff,
    0x8f, 0xff, 0xd0, 0x7f, 0xf8, 0xff, 0xfd, 0x7,
    0xff, 0x8f, 0xff, 0xd0, 0x7f, 0xf8, 0xff, 0xfd,
    0x7, 0xff, 0x8f, 0xff, 0xd0, 0x7f, 0xf8, 0xff,
    0xfd, 0x7, 0xff, 0x8f, 0xff, 0xd0, 0x7f, 0xf8,
    0xff, 0xfd, 0x7, 0xff, 0x8f, 0xff, 0xd0, 0x7f,
    0xf8, 0xff, 0xfd, 0x7, 0xff, 0x8f, 0xff, 0xd0,
    0x7f, 0xf8, 0xff, 0xfd, 0x7, 0xff, 0x32, 0xff,
    0xff, 0x61, 0x7f, 0xff, 0xb0, 0xbf, 0xff, 0xd8,
    0x5f, 0xff, 0xec, 0x2f, 0xff, 0xf6, 0x17, 0xff,
    0xfb, 0xb, 0xff, 0xfd, 0x85, 0xff, 0xfe, 0xc2,
    0xff, 0xff, 0x61, 0x7f, 0xff, 0xb0, 0x3f, 0xf9,
    0x9f, 0xfe, 0x83, 0xff, 0xc7, 0xff, 0xe8, 0x3f,
    0xfc, 0x7f, 0xfe, 0x83, 0xff, 0xc7, 0xff, 0xe8,
    0x3f, 0xfc, 0x7f, 0xfe, 0x83, 0xff, 0xc7, 0xff,
    0xe8, 0x3f, 0xfc, 0x7f, 0xfe, 0x83, 0xff, 0xc7,
    0xff, 0xe8, 0x3f, 0xfc, 0x7f, 0xfe, 0x83, 0xff,
    0xc7, 0xff, 0xe8, 0x3f, 0xfc, 0x7f, 0xfe, 0x83,
    0xff, 0xc7, 0xff, 0xe8, 0x3f, 0xfc, 0x7f, 0xfe,
    0x83, 0xff, 0xc7, 0xff, 0xe8, 0x3f, 0xfc, 0x7f,
    0xfe, 0x83, 0xff, 0xc7, 0xff, 0xe8, 0x3f, 0xfc,
    0x7f, 0xfe, 0x83, 0xff, 0xc7, 0xff, 0xe8, 0x3f,
    0xfc, 0x7f, 0xfe, 0x83, 0xff, 0xc7, 0xff, 0xe8,
    0x3f, 0xfc, 0x7f, 0xfe, 0x83, 0xff, 0xc7, 0xff,
    0xe8, 0x3f, 0xfc, 0x7f, 0xfe, 0x83, 0xff, 0x98,

    /* U+002C "," */
    0x9, 0x7f, 0xf8, 0x21, 0x5f, 0xff, 0xc1, 0x81,
    0x7f, 0xff, 0x6, 0x5, 0xff, 0xfc, 0x18, 0x17,
    0xff, 0xf0, 0x60, 0x5f, 0xff, 0xc1, 0x81, 0x7f,
    0xff, 0x6, 0x5, 0xff, 0xfc, 0x18, 0x17, 0xff,
    0xf0, 0x60, 0x5f, 0xff, 0xc1, 0x81, 0x7f, 0xff,
    0x6, 0x5, 0xff, 0xfc, 0x18, 0x17, 0xff, 0xf0,
    0x60, 0x5f, 0xff, 0xc1, 0x81, 0x7f, 0xff, 0x5,
    0xf, 0xeb, 0xfc, 0x87, 0xf7, 0xfc, 0x1f, 0xcf,
    0xfc, 0x1f, 0xdf, 0xf4, 0x1f, 0xbf, 0xf2, 0x1f,
    0x5f, 0xf8, 0x3e, 0xff, 0xe4, 0x39, 0xff, 0xf0,
    0x75, 0xff, 0xe0, 0xef, 0xff, 0x83, 0xcf, 0xff,
    0x21, 0xf5, 0xff, 0x7, 0xfb, 0xfc, 0x1f, 0xf5,
    0xf4, 0x1f, 0xfc, 0x1f, 0x21, 0xff, 0xc2, 0x43,
    0xff, 0x80,

    /* U+002D "-" */
    0xf, 0xfe, 0xaf, 0xff, 0xf4, 0x93, 0xff, 0xfa,
    0x49, 0xff, 0xfd, 0x24, 0xff, 0xfe, 0x92, 0x7f,
    0xff, 0x49, 0x3f, 0xff, 0xa4, 0x9f, 0xff, 0xd2,
    0x4f, 0xff, 0xe9, 0x27, 0xff, 0xf4, 0x93, 0xff,
    0xfa, 0x48,

    /* U+002E "." */
    0x17, 0xff, 0x82, 0x5f, 0xff, 0xc1, 0xa7, 0xff,
    0xf0, 0x69, 0xff, 0xfc, 0x1a, 0x7f, 0xff, 0x6,
    0x9f, 0xff, 0xc1, 0xa7, 0xff, 0xf0, 0x69, 0xff,
    0xfc, 0x1a, 0x7f, 0xff, 0x6, 0x9f, 0xff, 0xc1,
    0xa7, 0xff, 0xf0, 0x69, 0xff, 0xfc, 0x1a, 0x7f,
    0xff, 0x6, 0x9f, 0xff, 0xc1, 0xa7, 0xff, 0xf0,
    0x60,

    /* U+002F "/" */
    0xf, 0xfe, 0x5a, 0x83, 0xff, 0xa7, 0xfa, 0x43,
    0xff, 0x9f, 0xff, 0xa0, 0xff, 0xe5, 0xbf, 0xfd,
    0x7, 0xff, 0x2a, 0xff, 0xe8, 0x3f, 0xf9, 0x5f,
    0xfe, 0x43, 0xff, 0x95, 0xff, 0xe0, 0xff, 0xe5,
    0xff, 0xf8, 0x3f, 0xf9, 0x4f, 0xff, 0x41, 0xff,
    0xca, 0xbf, 0xf9, 0xf, 0xfe, 0x57, 0xff, 0x83,
    0xff, 0x97, 0xff, 0xe0, 0xff, 0xe5, 0x3f, 0xfe,
    0xf, 0xfe, 0x55, 0xff, 0xd0, 0x7f, 0xf2, 0xbf,
    0xfc, 0x87, 0xff, 0x2b, 0xff, 0xc1, 0xff, 0xca,
    0x7f, 0xfc, 0x1f, 0xfc, 0xa7, 0xff, 0xa0, 0xff,
    0xe5, 0x5f, 0xfc, 0x87, 0xff, 0x2b, 0xff, 0xc1,
    0xff, 0xcb, 0xff, 0xf0, 0x7f, 0xf2, 0x9f, 0xff,
    0x7, 0xff, 0x2a, 0xff, 0xe8, 0x3f, 0xf9, 0x5f,
    0xfe, 0x43, 0xff, 0x95, 0xff, 0xe0, 0xff, 0xe5,
    0x3f, 0xfe, 0xf, 0xfe, 0x55, 0xff, 0xd0, 0x7f,
    0xf2, 0xaf, 0xfe, 0x43, 0xff, 0x95, 0xff, 0xe0,
    0xff, 0xe5, 0xff, 0xf8, 0x3f, 0xf9, 0x4f, 0xff,
    0x83, 0xff, 0x95, 0x7f, 0xf4, 0x1f, 0xfc, 0xaf,
    0xff, 0x21, 0xff, 0xca, 0xff, 0xf0, 0x7f, 0xf2,
    0x9f, 0xff, 0x7, 0xff, 0x2a, 0xff, 0xe8, 0x3f,
    0xf9, 0x5f, 0xfe, 0x43, 0xff, 0x95, 0xff, 0xe4,
    0x3f, 0xf9, 0x5f, 0xfe, 0xf, 0xfe, 0x53, 0xff,
    0xe0, 0xff, 0xe5, 0x5f, 0xfd, 0x7, 0xff, 0x2b,
    0xff, 0xc8, 0x7f, 0xf2, 0xbf, 0xfc, 0x1f, 0xfc,
    0xa7, 0xff, 0xc1, 0xff, 0xca, 0xbf, 0xfa, 0xf,
    0xfe, 0x57, 0xff, 0x90, 0xff, 0xe5, 0x7f, 0xf9,
    0xf, 0xfe, 0x57, 0xff, 0x83, 0xff, 0x94, 0xff,
    0xf8, 0x3f, 0xf9, 0x57, 0xff, 0x41, 0xff, 0xca,
    0xff, 0xf2, 0x1f, 0xfc, 0xaf, 0xff, 0x7, 0xff,
    0x29, 0xff, 0xf0, 0x7f, 0xf2, 0xaf, 0xfe, 0x83,
    0xff, 0x95, 0xff, 0xe8, 0x3f, 0xf9, 0x5f, 0xfe,
    0x43, 0xff, 0x92, 0xff, 0xf8, 0x3f, 0xf9, 0x4f,
    0xff, 0x83, 0xff, 0x95, 0x7f, 0xf4, 0x1f, 0xfc,
    0xaf, 0xff, 0x21, 0xff, 0xca, 0xff, 0xf0, 0x7f,
    0xf2, 0x9f, 0xff, 0x7, 0xff, 0x2a, 0xff, 0xe8,
    0x3f, 0xf9, 0x5f, 0xfe, 0x83, 0xff, 0x95, 0xff,
    0xe4, 0x3f, 0xf9, 0x2f, 0xff, 0x83, 0xff, 0x95,
    0x7f, 0xf8, 0x3f, 0xf9, 0x57, 0xff, 0x41, 0xff,
    0xca, 0xff, 0xf2, 0x1f, 0xfc, 0xaf, 0xff, 0x7,
    0xff, 0x29, 0xff, 0xf0, 0x7f, 0xf2, 0xaf, 0xff,
    0x7, 0xff, 0x2b, 0xff, 0xd0, 0x7f, 0xf2, 0xbf,
    0xfc, 0x87, 0xff, 0x25, 0xff, 0xf0, 0x7f, 0xf2,
    0xaf, 0xff, 0x7, 0xff, 0x2b, 0xff, 0xd0, 0x7f,
    0xf2, 0xbf, 0xfc, 0x87, 0xff, 0x2b, 0xff, 0xc1,
    0xff, 0xca, 0x7f, 0xfc, 0x1f, 0xfc, 0xab, 0xff,
    0xc1, 0xff, 0xca, 0xff, 0xf4, 0x1f, 0xfc, 0xaf,
    0xff, 0x21, 0xff, 0xc9, 0x7f, 0xfc, 0x1f, 0xfc,
    0xab, 0xff, 0xc1, 0xff, 0xca, 0xff, 0xf4, 0x1f,
    0xfc, 0xaf, 0xff, 0x21, 0xff, 0xc9, 0x7f, 0xfc,
    0x1f, 0xfc, 0xa7, 0xff, 0xc1, 0xff, 0xca, 0xbf,
    0xfc, 0x1f, 0xfc, 0xaf, 0xff, 0x41, 0xff, 0xca,
    0xff, 0xf2, 0x1f, 0xfc, 0x97, 0xff, 0xc1, 0xff,
    0xca, 0xbf, 0xfc, 0x1f, 0xfc, 0xaf, 0xff, 0x41,
    0xff, 0xca, 0xff, 0xf2, 0x1f, 0xfc, 0x97, 0xff,
    0xc1, 0xff, 0xca, 0xbf, 0xfc, 0x1f, 0xfc, 0xab,
    0xff, 0xc1, 0xff, 0xca, 0xff, 0xf4, 0x1f, 0xfc,
    0xb6, 0xff, 0x90, 0xff, 0xe8, 0x37, 0x83, 0xff,
    0xd6,

    /* U+0030 "0" */
    0xf, 0xfe, 0x9a, 0xa9, 0xff, 0xa8, 0x87, 0xff,
    0xc2, 0xff, 0xfe, 0x3c, 0x87, 0xff, 0xa5, 0xff,
    0xfe, 0x6c, 0x87, 0xff, 0x92, 0xff, 0xfe, 0x92,
    0x1f, 0xfe, 0xb, 0xff, 0xfa, 0xc8, 0x7f, 0xf7,
    0x1f, 0xff, 0xed, 0x7, 0xff, 0x6a, 0xff, 0xfe,
    0xe2, 0x1f, 0xfd, 0x7f, 0xff, 0xef, 0xc1, 0xff,
    0xd4, 0x7f, 0xff, 0xc4, 0x1f, 0xfd, 0x27, 0xff,
    0xfc, 0x81, 0xff, 0xd0, 0x7f, 0xff, 0xcc, 0x1f,
    0xfc, 0xe7, 0xff, 0xf9, 0x12, 0x83, 0xca, 0xbf,
    0xff, 0x90, 0x1f, 0xfc, 0xc7, 0xff, 0xf8, 0xd0,
    0x7f, 0xf0, 0xdb, 0xff, 0xf8, 0xc1, 0xff, 0xcb,
    0xff, 0xfe, 0x2c, 0x1f, 0xfc, 0x8b, 0xff, 0xf8,
    0xa1, 0xff, 0xc9, 0xff, 0xfe, 0x24, 0x1f, 0xfc,
    0xcb, 0xff, 0xf8, 0x81, 0xff, 0xc7, 0xff, 0xfe,
    0x22, 0x1f, 0xfc, 0xe7, 0xff, 0xf8, 0x70, 0x7f,
    0xf1, 0x6f, 0xff, 0xe1, 0x87, 0xff, 0x4b, 0xff,
    0xf8, 0x68, 0x7f, 0xf1, 0x3f, 0xff, 0x86, 0x1f,
    0xfd, 0x4f, 0xff, 0xe1, 0x87, 0xff, 0xf, 0xff,
    0xf8, 0x50, 0x7f, 0xf5, 0xbf, 0xff, 0x85, 0x7,
    0xff, 0x6, 0xff, 0xfe, 0x10, 0x7f, 0xf6, 0x3f,
    0xff, 0x84, 0x1f, 0xfc, 0x1f, 0xff, 0xe1, 0x7,
    0xff, 0x6b, 0xff, 0xf8, 0x30, 0x7f, 0xd7, 0xff,
    0xf0, 0x43, 0xff, 0xb9, 0xff, 0xfc, 0x14, 0x3f,
    0xdf, 0xff, 0xc1, 0x43, 0xff, 0xb8, 0xff, 0xff,
    0x4, 0x3f, 0xaf, 0xff, 0xe0, 0x41, 0xff, 0xde,
    0xbf, 0xff, 0x80, 0x1f, 0xdf, 0xff, 0xc1, 0xf,
    0xff, 0x7, 0xff, 0xf0, 0x20, 0xfa, 0xff, 0xfe,
    0x0, 0x7f, 0xf8, 0x5f, 0xff, 0xe0, 0x7, 0xdf,
    0xff, 0xc0, 0x83, 0xff, 0xc5, 0xff, 0xfc, 0x4,
    0x3d, 0xff, 0xfc, 0x0, 0xff, 0xf1, 0xbf, 0xff,
    0x41, 0xd7, 0xff, 0xd0, 0x7f, 0xf9, 0x3f, 0xff,
    0x80, 0x1d, 0xff, 0xfc, 0x4, 0x3f, 0xfc, 0x8f,
    0xff, 0xc8, 0x6f, 0xff, 0xe0, 0x7, 0xff, 0x9b,
    0xff, 0xe8, 0x27, 0xff, 0xe8, 0x3f, 0xfc, 0xd7,
    0xff, 0xc1, 0x5f, 0xff, 0x7, 0xff, 0x9d, 0xff,
    0xf8, 0x2f, 0xff, 0xe0, 0x7, 0xff, 0xa3, 0xff,
    0xe4, 0x1f, 0xff, 0x41, 0xff, 0xe8, 0xff, 0xf9,
    0x7, 0xff, 0xc8, 0x7f, 0xfa, 0x2f, 0xff, 0x43,
    0xff, 0xf2, 0x1f, 0xfe, 0x87, 0xff, 0xd0, 0xff,
    0xfc, 0x1f, 0xfe, 0x97, 0xff, 0xe1, 0xff, 0xf8,
    0x3f, 0xfd, 0x5f, 0xff, 0x17, 0xff, 0xc1, 0xff,
    0xea, 0xff, 0xf8, 0xbf, 0xfe, 0xf, 0xff, 0x57,
    0xff, 0xc5, 0xff, 0xf0, 0x7f, 0xfa, 0xbf, 0xfe,
    0x2f, 0xff, 0x83, 0xff, 0xd5, 0xff, 0xf1, 0x7f,
    0xfc, 0x1f, 0xfe, 0xaf, 0xff, 0x8b, 0xff, 0xe0,
    0xff, 0xf5, 0x7f, 0xfc, 0x5f, 0xff, 0x7, 0xff,
    0xab, 0xff, 0xe1, 0xff, 0xf8, 0x3f, 0xfd, 0x5f,
    0xff, 0xf, 0xff, 0xc1, 0xff, 0xe9, 0x7f, 0xfe,
    0x1f, 0xff, 0x90, 0xff, 0xf4, 0x3f, 0xfe, 0x81,
    0xff, 0xf2, 0x1f, 0xfe, 0x8b, 0xff, 0xd0, 0x3f,
    0xfe, 0x83, 0xff, 0xd1, 0xff, 0xf2, 0xf, 0xff,
    0xe0, 0x7, 0xff, 0xa3, 0xff, 0xe4, 0x17, 0xff,
    0xc1, 0xff, 0xe7, 0x7f, 0xfe, 0x9, 0xff, 0xfa,
    0xf, 0xff, 0x35, 0xff, 0xf0, 0x6f, 0xff, 0xe0,
    0x7, 0xff, 0x9b, 0xff, 0xe8, 0x37, 0xff, 0xf0,
    0x10, 0xff, 0xf2, 0x3f, 0xff, 0x21, 0xaf, 0xff,
    0xa0, 0xff, 0xf2, 0x7f, 0xff, 0x0, 0x3d, 0xff,
    0xfc, 0x0, 0xff, 0xf1, 0xbf, 0xff, 0x41, 0xef,
    0xff, 0xe0, 0x41, 0xff, 0xe2, 0xff, 0xfe, 0x2,
    0x1e, 0xbf, 0xff, 0x80, 0x1f, 0xfe, 0x17, 0xff,
    0xf8, 0x1, 0xfb, 0xff, 0xf8, 0x21, 0xff, 0xe0,
    0xff, 0xfe, 0x4, 0x1f, 0xaf, 0xff, 0xe0, 0x41,
    0xff, 0xde, 0xbf, 0xff, 0x80, 0x1f, 0xef, 0xff,
    0xe0, 0xa1, 0xff, 0xdc, 0x7f, 0xff, 0x82, 0x1f,
    0xeb, 0xff, 0xf8, 0x21, 0xff, 0xdc, 0xff, 0xfe,
    0xa, 0x1f, 0xf7, 0xff, 0xf0, 0x83, 0xff, 0xb5,
    0xff, 0xfc, 0x18, 0x3f, 0xf8, 0x17, 0xff, 0xf0,
    0x83, 0xff, 0xb1, 0xff, 0xfc, 0x20, 0xff, 0xe1,
    0x7f, 0xff, 0xc, 0x3f, 0xfa, 0xdf, 0xff, 0xc2,
    0x83, 0xff, 0x87, 0xff, 0xfc, 0x30, 0xff, 0xea,
    0x7f, 0xff, 0xc, 0x3f, 0xf8, 0x97, 0xff, 0xf0,
    0xd0, 0xff, 0xe8, 0x3f, 0xff, 0xc3, 0x43, 0xff,
    0x8b, 0xff, 0xfc, 0x48, 0x3f, 0xf9, 0xd7, 0xff,
    0xf0, 0xe0, 0xff, 0xe3, 0xff, 0xff, 0x15, 0xf,
    0xfe, 0x53, 0xff, 0xfc, 0x50, 0xff, 0xe4, 0xff,
    0xff, 0x19, 0xf, 0xfe, 0x33, 0xff, 0xfc, 0x60,
    0xff, 0xe5, 0x3f, 0xff, 0xc7, 0x90, 0xff, 0xe0,
    0x37, 0xff, 0xf1, 0xc3, 0xff, 0x98, 0xff, 0xff,
    0x2a, 0xa5, 0x53, 0xff, 0xf9, 0x61, 0xff, 0xce,
    0x7f, 0xff, 0xcc, 0x1f, 0xfd, 0x7, 0xff, 0xfc,
    0x81, 0xff, 0xd2, 0x7f, 0xff, 0xc4, 0x1f, 0xfd,
    0x5f, 0xff, 0xef, 0xc1, 0xff, 0xd7, 0xbf, 0xff,
    0xb8, 0x87, 0xff, 0x65, 0xff, 0xfe, 0xd0, 0x7f,
    0xf7, 0x6f, 0xff, 0xeb, 0x21, 0xff, 0xe0, 0xbf,
    0xff, 0xa4, 0x87, 0xff, 0x91, 0xff, 0xfe, 0x6c,
    0x87, 0xff, 0xa6, 0xff, 0xfe, 0x3c, 0x87, 0xff,
    0xbd, 0x54, 0xff, 0xd4, 0x43, 0xff, 0xa8,

    /* U+0031 "1" */
    0x7f, 0xfe, 0x1f, 0xff, 0x87, 0xff, 0xe1, 0xff,
    0xf8, 0x7f, 0xfe, 0x1f, 0xff, 0x87, 0xff, 0xe1,
    0xff, 0xf8, 0x7f, 0xfe, 0x1f, 0xff, 0x87, 0xff,
    0xe1, 0xff, 0xf8, 0x7f, 0xfe, 0x1f, 0xff, 0x87,
    0xff, 0xe1, 0xff, 0xf8, 0x7f, 0xfe, 0x1f, 0xff,
    0x87, 0xff, 0xe1, 0xff, 0xf8, 0x7f, 0xfe, 0x1f,
    0xff, 0x87, 0xff, 0xe1, 0xff, 0xf8, 0x7f, 0xfe,
    0x1f, 0xff, 0x87, 0xff, 0xe1, 0xff, 0xf8, 0x7f,
    0xfe, 0x1f, 0xff, 0x87, 0xff, 0xe1, 0xff, 0xf8,
    0x7f, 0xfe, 0x1f, 0xff, 0x87, 0xff, 0xe1, 0xff,
    0xf8, 0x7f, 0xfe, 0x1f, 0xff, 0x87, 0xff, 0xe1,
    0xff, 0xf8, 0x7f, 0xfe, 0x1f, 0xff, 0x87, 0xff,
    0xe1, 0xff, 0xf8, 0x7f, 0xfe, 0x1f, 0xff, 0x87,
    0xff, 0xe1, 0xff, 0xf8, 0x7f, 0xfe, 0x1f, 0xff,
    0x87, 0xff, 0xe1, 0xff, 0xf8, 0x7f, 0xfe, 0x1f,
    0xff, 0x87, 0xff, 0xe1, 0xff, 0xf8, 0x7f, 0xfe,
    0x1f, 0xff, 0x87, 0xff, 0xe1, 0xff, 0xf8, 0x7f,
    0xfe, 0x1f, 0xff, 0x87, 0xff, 0xe1, 0xff, 0xf8,
    0x7f, 0xfe, 0x1f, 0xff, 0x87, 0xff, 0xe1, 0xff,
    0xf8, 0x7f, 0xfe, 0x1f, 0xff, 0x87, 0xff, 0xe1,
    0xff, 0xf8, 0x7f, 0xfe, 0x1f, 0xff, 0x87, 0xff,
    0xe1, 0xff, 0xf8, 0x7f, 0xfe, 0x1f, 0xff, 0x87,
    0xff, 0xe1, 0xff, 0xf8, 0xb, 0xff, 0x0,

    /* U+0032 "2" */
    0x3f, 0xff, 0xc5, 0x44, 0x3f, 0xf8, 0xff, 0xff,
    0xe7, 0x43, 0xff, 0x89, 0xff, 0xfe, 0x99, 0xf,
    0xfe, 0xf, 0xff, 0xfb, 0x10, 0xff, 0xbf, 0xff,
    0xdb, 0x7, 0xfb, 0xff, 0xfd, 0xe1, 0xfd, 0xff,
    0xff, 0x4, 0x3e, 0xff, 0xff, 0x8a, 0x1e, 0xff,
    0xff, 0x92, 0x1d, 0xff, 0xff, 0x30, 0xef, 0xff,
    0xf9, 0xc1, 0x97, 0xff, 0xbd, 0x57, 0xff, 0xf1,
    0xd0, 0xff, 0xf3, 0x37, 0xff, 0xf1, 0x3, 0xff,
    0xd3, 0x7f, 0xff, 0x9, 0xf, 0xff, 0x4b, 0xff,
    0xfc, 0x18, 0x3f, 0xfd, 0x7f, 0xff, 0xc1, 0xf,
    0xff, 0x5b, 0xff, 0xfc, 0x4, 0x3f, 0xfd, 0x77,
    0xff, 0xc8, 0x7f, 0xfb, 0x3f, 0xfe, 0x83, 0xff,
    0xd9, 0xff, 0xf4, 0x1f, 0xfe, 0xcb, 0xff, 0xe0,
    0xff, 0xf6, 0x5f, 0xff, 0x7, 0xff, 0xb3, 0xff,
    0xe8, 0x3f, 0xfd, 0x9f, 0xff, 0x41, 0xff, 0xec,
    0xff, 0xfa, 0xf, 0xff, 0x5b, 0xff, 0xf2, 0x1f,
    0xfe, 0xbf, 0xff, 0xe0, 0x21, 0xff, 0xea, 0x7f,
    0xff, 0x80, 0x1f, 0xfe, 0xbf, 0xff, 0xe0, 0x87,
    0xff, 0xa5, 0xff, 0xfe, 0xa, 0x1f, 0xfe, 0x8b,
    0xff, 0xf8, 0x41, 0xff, 0xe6, 0x6f, 0xff, 0xe1,
    0xc1, 0xff, 0xcb, 0x5f, 0xfe, 0x4d, 0x6f, 0xff,
    0xe3, 0x87, 0xff, 0x19, 0xbf, 0xff, 0xc7, 0x7,
    0xff, 0xd, 0xbf, 0xff, 0xcc, 0x1f, 0xfc, 0x27,
    0xff, 0xfd, 0x1, 0xff, 0xc2, 0xff, 0xff, 0x4a,
    0x1f, 0xfc, 0x7, 0xff, 0xfd, 0x28, 0x7f, 0xf0,
    0x1f, 0xff, 0xf4, 0x87, 0xff, 0x5, 0xff, 0xff,
    0x44, 0x1f, 0xfc, 0x2f, 0xff, 0xf4, 0x7, 0xff,
    0xf, 0xff, 0xfc, 0xd2, 0x1f, 0xfc, 0x3b, 0xff,
    0xfc, 0x88, 0x7f, 0xf1, 0xbf, 0xff, 0xbf, 0x44,
    0x3f, 0xf9, 0x37, 0xff, 0xf0, 0xe5, 0x7, 0xff,
    0x97, 0xff, 0xf8, 0x30, 0x7f, 0xfa, 0x5f, 0xff,
    0xe0, 0x21, 0xff, 0xea, 0xbf, 0xfe, 0x83, 0xff,
    0xd7, 0xff, 0xfc, 0x0, 0xff, 0xf6, 0x7f, 0xfd,
    0x7, 0xff, 0xad, 0xff, 0xf9, 0xf, 0xff, 0x5b,
    0xff, 0xf0, 0x7f, 0xfb, 0x2f, 0xff, 0x83, 0xff,
    0xd9, 0x7f, 0xfc, 0x1f, 0xfe, 0xcf, 0xff, 0xa0,
    0xff, 0xf6, 0x7f, 0xfd, 0x7, 0xff, 0xb3, 0xff,
    0xe8, 0x3f, 0xfd, 0x9f, 0xff, 0x41, 0xff, 0xec,
    0xff, 0xfa, 0xf, 0xff, 0x67, 0xff, 0xd0, 0x7f,
    0xfb, 0x3f, 0xfe, 0x83, 0xff, 0xd9, 0xff, 0xf4,
    0x1f, 0xfe, 0xcf, 0xff, 0xa0, 0xff, 0xf6, 0x7f,
    0xfd, 0x7, 0xff, 0xb3, 0xff, 0xe8, 0x3f, 0xfd,
    0x9f, 0xff, 0x41, 0xff, 0xec, 0xff, 0xfa, 0xf,
    0xff, 0x67, 0xff, 0xd0, 0x7f, 0xfb, 0x3f, 0xfe,
    0x83, 0xff, 0xd9, 0xff, 0xff, 0x73, 0xff, 0xfe,
    0xe7, 0xff, 0xfd, 0xcf, 0xff, 0xfb, 0x9f, 0xff,
    0xf7, 0x3f, 0xff, 0xee, 0x7f, 0xff, 0xdc, 0xff,
    0xff, 0xb9, 0xff, 0xff, 0x73, 0xff, 0xfe, 0xe7,
    0xff, 0xfd, 0xc5, 0xff, 0xfb, 0x80,

    /* U+0033 "3" */
    0xff, 0xff, 0x5, 0x10, 0xff, 0xe3, 0xff, 0xff,
    0x96, 0x43, 0xff, 0x87, 0xff, 0xfe, 0x88, 0x3f,
    0xf8, 0x3f, 0xff, 0xea, 0x83, 0xfe, 0xff, 0xff,
    0x62, 0x1f, 0xdf, 0xff, 0xee, 0xf, 0xdf, 0xff,
    0xef, 0xf, 0xbf, 0xff, 0xe0, 0x1e, 0xff, 0xff,
    0x88, 0x77, 0xff, 0xfc, 0x60, 0xdf, 0xff, 0xf2,
    0x42, 0x5f, 0xfe, 0xed, 0x5f, 0xff, 0xc7, 0xf,
    0xff, 0x2b, 0x7f, 0xff, 0xc, 0x3f, 0xfd, 0x17,
    0xff, 0xf0, 0x60, 0xff, 0xf4, 0x3f, 0xff, 0xc1,
    0xf, 0xff, 0x4b, 0xff, 0xfc, 0x0, 0xff, 0xf5,
    0x7f, 0xff, 0x1, 0xf, 0xff, 0x4b, 0xff, 0xf4,
    0x1f, 0xfe, 0xaf, 0xff, 0xa0, 0xff, 0xf5, 0x5f,
    0xff, 0x7, 0xff, 0xaa, 0xff, 0xf8, 0x3f, 0xfd,
    0x57, 0xff, 0xc1, 0xff, 0xea, 0xbf, 0xfe, 0xf,
    0xff, 0x55, 0xff, 0xf0, 0x7f, 0xfa, 0xbf, 0xfe,
    0x83, 0xff, 0xd5, 0xff, 0xf4, 0x1f, 0xfe, 0x97,
    0xff, 0xe4, 0x3f, 0xfd, 0x3f, 0xff, 0xc0, 0x43,
    0xff, 0xd1, 0x7f, 0xff, 0x0, 0x3f, 0xfd, 0xf,
    0xff, 0xf0, 0x43, 0xff, 0xcf, 0x7f, 0xff, 0x5,
    0xf, 0xff, 0x2b, 0xff, 0xfc, 0x30, 0xff, 0xf1,
    0x2a, 0xff, 0xfe, 0x24, 0x1d, 0xff, 0xff, 0x0,
    0xf7, 0xff, 0xfb, 0xe0, 0xf7, 0xff, 0xfb, 0xc3,
    0xef, 0xff, 0xf7, 0x7, 0xef, 0xff, 0xf6, 0x87,
    0xf7, 0xff, 0xfb, 0x3, 0xfd, 0xff, 0xfe, 0xb8,
    0x3f, 0xdf, 0xff, 0xed, 0xf, 0xef, 0xff, 0xf7,
    0x7, 0xef, 0xff, 0xf7, 0x87, 0xdf, 0xff, 0xf0,
    0xf, 0x2f, 0xff, 0x62, 0xb7, 0xff, 0xf2, 0x20,
    0xff, 0xf2, 0x3f, 0xff, 0xc5, 0xf, 0xff, 0x3d,
    0xff, 0xfc, 0x30, 0xff, 0xf3, 0xbf, 0xff, 0xc2,
    0xf, 0xff, 0x4f, 0xff, 0xf0, 0x60, 0xff, 0xf4,
    0x3f, 0xff, 0xc1, 0xf, 0xff, 0x4d, 0xff, 0xfc,
    0x0, 0xff, 0xf5, 0x7f, 0xff, 0x1, 0xf, 0xff,
    0x4f, 0xff, 0xf0, 0x10, 0xff, 0xf4, 0xdf, 0xff,
    0x41, 0xff, 0xe9, 0x7f, 0xfe, 0x83, 0xff, 0xd5,
    0xff, 0xfc, 0x0, 0xff, 0xf5, 0x7f, 0xff, 0x0,
    0x3f, 0xfd, 0x5f, 0xff, 0xc0, 0xf, 0xff, 0x57,
    0xff, 0xf0, 0x3, 0xff, 0xd2, 0xff, 0xfd, 0x7,
    0xff, 0xa6, 0xff, 0xfa, 0xf, 0xff, 0x4f, 0xff,
    0xf0, 0x10, 0xff, 0xf4, 0xff, 0xff, 0x1, 0xf,
    0xff, 0x45, 0xff, 0xfc, 0x0, 0xff, 0xf4, 0x3f,
    0xff, 0xc1, 0xf, 0xff, 0x47, 0xff, 0xf0, 0x50,
    0xff, 0xf3, 0x3f, 0xff, 0xc2, 0xf, 0xff, 0x2b,
    0xff, 0xfc, 0x38, 0x3f, 0xfc, 0x2a, 0xbf, 0xff,
    0x8a, 0x1a, 0xff, 0xff, 0x84, 0x1a, 0xff, 0xff,
    0x80, 0x75, 0xff, 0xfe, 0xf0, 0xf5, 0xff, 0xfe,
    0xe0, 0xfa, 0xff, 0xff, 0x68, 0x7e, 0xbf, 0xff,
    0xd8, 0x1f, 0xd7, 0xff, 0xfa, 0xa0, 0xff, 0x5f,
    0xff, 0xe9, 0x43, 0xfe, 0xbf, 0xff, 0xce, 0x87,
    0xff, 0x6, 0xff, 0xff, 0x24, 0x87, 0xff, 0xe,
    0xff, 0xff, 0xc, 0x87, 0xff, 0x1d, 0x7f, 0xfb,
    0xc1, 0xff, 0xca,

    /* U+0034 "4" */
    0xf, 0xff, 0x27, 0xff, 0xf1, 0x60, 0xff, 0xf8,
    0xff, 0xff, 0x1a, 0xf, 0xff, 0x85, 0xff, 0xfc,
    0x68, 0x3f, 0xfd, 0xf7, 0xff, 0xf1, 0xe0, 0xff,
    0xf7, 0x3f, 0xff, 0xc8, 0x83, 0xff, 0xda, 0xff,
    0xff, 0x26, 0xf, 0xff, 0x63, 0xff, 0xfc, 0xa8,
    0x3f, 0xfd, 0x9f, 0xff, 0xcb, 0x83, 0xff, 0xd7,
    0xff, 0xfc, 0xc8, 0x3f, 0xfd, 0x5f, 0xff, 0xcd,
    0x83, 0xff, 0xd3, 0x7f, 0xff, 0x36, 0xf, 0xff,
    0x45, 0xff, 0xfc, 0x27, 0xff, 0xe8, 0x3f, 0xfc,
    0xf7, 0xff, 0xf0, 0x93, 0xff, 0xe8, 0x3f, 0xfc,
    0xcf, 0xff, 0xf0, 0xa0, 0x7f, 0xfd, 0x7, 0xff,
    0x95, 0xff, 0xfe, 0x14, 0x17, 0xff, 0xd0, 0x7f,
    0xf9, 0x7f, 0xff, 0x86, 0x1b, 0xff, 0xe8, 0x3f,
    0xfc, 0x9f, 0xff, 0xc3, 0xe, 0xff, 0xfa, 0xf,
    0xff, 0x1f, 0xff, 0xf0, 0xc3, 0xdf, 0xff, 0x41,
    0xff, 0xe2, 0xff, 0xfe, 0x1a, 0x1e, 0xff, 0xfa,
    0xf, 0xff, 0xd, 0xff, 0xfc, 0x24, 0x3e, 0xff,
    0xfa, 0xf, 0xff, 0x5, 0xff, 0xfc, 0x28, 0x3f,
    0x7f, 0xfd, 0x7, 0xff, 0x7d, 0xff, 0xfe, 0x14,
    0x1f, 0xdf, 0xff, 0x41, 0xff, 0xde, 0x7f, 0xff,
    0x85, 0x7, 0xfb, 0xff, 0xe8, 0x3f, 0xfb, 0xaf,
    0xff, 0xf0, 0xc3, 0xfe, 0xff, 0xfa, 0xf, 0xfe,
    0xef, 0xff, 0xf0, 0xc3, 0xff, 0x81, 0xff, 0xf4,
    0x1f, 0xfd, 0xcf, 0xff, 0xe1, 0x87, 0xff, 0x7,
    0xff, 0xe8, 0x3f, 0xfb, 0x7f, 0xff, 0xc3, 0x43,
    0xff, 0x83, 0xff, 0xf4, 0x1f, 0xfd, 0xaf, 0xff,
    0xe1, 0xa1, 0xff, 0xc2, 0xff, 0xfa, 0xf, 0xfe,
    0xcd, 0xff, 0xfc, 0x28, 0x3f, 0xf8, 0x7f, 0xff,
    0x41, 0xff, 0xd8, 0xbf, 0xff, 0x85, 0x7, 0xff,
    0x13, 0xff, 0xe8, 0x3f, 0xfa, 0xef, 0xff, 0xf0,
    0xc3, 0xff, 0x8b, 0xff, 0xf4, 0x1f, 0xfd, 0x67,
    0xff, 0xf8, 0x61, 0xff, 0xc6, 0xff, 0xfa, 0xf,
    0xfe, 0xb7, 0xff, 0xf0, 0xc3, 0xff, 0x8f, 0xff,
    0xf4, 0x1f, 0xfd, 0x5f, 0xff, 0xe1, 0x87, 0xff,
    0x23, 0xff, 0xe8, 0x3f, 0xfa, 0x9f, 0xff, 0xc3,
    0x43, 0xff, 0x91, 0xff, 0xf4, 0x1f, 0xfd, 0x3f,
    0xff, 0xe1, 0xa1, 0xff, 0xc9, 0xff, 0xfa, 0xf,
    0xfe, 0x95, 0xff, 0xfc, 0x28, 0x3f, 0xf9, 0x5f,
    0xff, 0x41, 0xff, 0xd1, 0xbf, 0xff, 0x85, 0x7,
    0xff, 0x2f, 0xff, 0xe8, 0x3f, 0xfa, 0x17, 0xff,
    0xf0, 0xc3, 0xff, 0x99, 0xff, 0xf4, 0x1f, 0xfc,
    0xf7, 0xff, 0xf8, 0x61, 0xff, 0xcd, 0xff, 0xfa,
    0xf, 0xfe, 0x73, 0xff, 0xfc, 0x30, 0xff, 0xe7,
    0x7f, 0xfd, 0x7, 0xff, 0x3b, 0xff, 0xf8, 0x61,
    0xff, 0xcf, 0xff, 0xfa, 0xf, 0xfe, 0x6f, 0xff,
    0xf0, 0xd0, 0xff, 0xe7, 0xff, 0xfd, 0x7, 0xff,
    0x33, 0xff, 0xf8, 0x68, 0x7f, 0xf4, 0x3f, 0xfe,
    0x83, 0xff, 0x97, 0xff, 0xfc, 0x38, 0x3f, 0xfa,
    0x3f, 0xff, 0x41, 0xff, 0xca, 0xbf, 0xff, 0x85,
    0x7, 0xff, 0x4b, 0xff, 0xe8, 0x3f, 0xf9, 0x37,
    0xff, 0xf0, 0xc3, 0xff, 0xa7, 0xff, 0xf4, 0x1f,
    0xfc, 0x87, 0xff, 0xf8, 0x61, 0xff, 0xd4, 0xff,
    0xfa, 0xf, 0xfe, 0x3b, 0xff, 0xfc, 0x30, 0xff,
    0xea, 0xff, 0xfd, 0x7, 0xff, 0x19, 0xff, 0xfe,
    0x18, 0x7f, 0xf5, 0xbf, 0xfe, 0x83, 0xff, 0x8d,
    0xff, 0xfc, 0x34, 0x3f, 0xfa, 0xdf, 0xff, 0x41,
    0xff, 0xc5, 0xff, 0xfe, 0x1a, 0x1f, 0xfd, 0x7f,
    0xff, 0xa0, 0xff, 0xe2, 0x7f, 0xff, 0x11, 0x7f,
    0xfb, 0x1f, 0xff, 0xc0, 0x5f, 0xfe, 0x8, 0x3f,
    0xff, 0xff, 0xf1, 0x7f, 0xff, 0xff, 0xe2, 0xff,
    0xff, 0xff, 0xc5, 0xff, 0xff, 0xff, 0x8b, 0xff,
    0xff, 0xff, 0x17, 0xff, 0xff, 0xfe, 0x2f, 0xff,
    0xff, 0xfc, 0x5f, 0xff, 0xff, 0xf8, 0xbf, 0xff,
    0xff, 0xf1, 0x7f, 0xff, 0xff, 0xe2, 0xff, 0xff,
    0xff, 0xc1, 0xff, 0xeb, 0xff, 0xfa, 0xf, 0xff,
    0xc7, 0xff, 0xd0, 0x7f, 0xfe, 0x3f, 0xfe, 0x83,
    0xff, 0xf1, 0xff, 0xf4, 0x1f, 0xff, 0x8f, 0xff,
    0xa0, 0xff, 0xfc, 0x7f, 0xfd, 0x7, 0xff, 0xe3,
    0xff, 0xe8, 0x3f, 0xff, 0x1f, 0xff, 0x41, 0xff,
    0xf8, 0xff, 0xfa, 0xf, 0xff, 0xc7, 0xff, 0xd0,
    0x7f, 0xfe, 0x3f, 0xfe, 0x83, 0xff, 0xf1, 0xff,
    0xf4, 0x1f, 0xff, 0x8f, 0xff, 0xa0, 0xff, 0xfc,
    0x7f, 0xfd, 0x7, 0xff, 0xe3, 0xff, 0xe8, 0x3f,
    0xff, 0x1f, 0xff, 0x41, 0xff, 0xf8, 0x6b, 0xfc,
    0x87, 0xff, 0x8,

    /* U+0035 "5" */
    0x7f, 0xff, 0xe8, 0x84, 0xff, 0xff, 0xd1, 0x9,
    0xff, 0xff, 0xa2, 0x13, 0xff, 0xff, 0x44, 0x27,
    0xff, 0xfe, 0x88, 0x4f, 0xff, 0xfd, 0x10, 0x9f,
    0xff, 0xfa, 0x21, 0x3f, 0xff, 0xf4, 0x42, 0x7f,
    0xff, 0xe8, 0x84, 0xff, 0xff, 0xd1, 0x9, 0xff,
    0xff, 0xa2, 0x13, 0xff, 0xf4, 0xbf, 0xfe, 0x80,
    0xcf, 0xff, 0xc1, 0xff, 0xed, 0x7f, 0xfe, 0xf,
    0xff, 0x6b, 0xff, 0xf0, 0x7f, 0xfb, 0x5f, 0xff,
    0x83, 0xff, 0xda, 0xff, 0xfc, 0x1f, 0xfe, 0xd7,
    0xff, 0xe0, 0xff, 0xf6, 0xbf, 0xff, 0x7, 0xff,
    0xb5, 0xff, 0xf8, 0x3f, 0xfd, 0xaf, 0xff, 0xc1,
    0xff, 0xed, 0x7f, 0xfe, 0xf, 0xff, 0x6b, 0xff,
    0xf0, 0x7f, 0xfb, 0x5f, 0xff, 0x83, 0xff, 0xda,
    0xff, 0xfc, 0x1f, 0xfe, 0xd7, 0xff, 0xe0, 0xff,
    0xf6, 0xbf, 0xff, 0x7, 0xff, 0xb5, 0xff, 0xf8,
    0x3f, 0xfd, 0xaf, 0xff, 0xc1, 0xff, 0xed, 0x7f,
    0xff, 0xb9, 0x52, 0x83, 0xff, 0x96, 0xff, 0xff,
    0x8e, 0x43, 0xff, 0x8e, 0xff, 0xff, 0x9e, 0xf,
    0xfe, 0x23, 0xff, 0xfe, 0xa4, 0x3f, 0xf8, 0x2f,
    0xff, 0xfb, 0x10, 0xff, 0x9f, 0xff, 0xf7, 0x7,
    0xf9, 0xff, 0xff, 0x7a, 0x1f, 0x9f, 0xff, 0xf8,
    0x41, 0xf3, 0xff, 0xff, 0x18, 0x3c, 0xff, 0xff,
    0xc9, 0xe, 0x7f, 0xff, 0xe6, 0x87, 0xff, 0x85,
    0x57, 0xff, 0xf2, 0x43, 0xff, 0xcf, 0x7f, 0xff,
    0x16, 0xf, 0xff, 0x43, 0xff, 0xfc, 0x40, 0xff,
    0xf5, 0x3f, 0xff, 0xc2, 0x83, 0xff, 0xd7, 0x7f,
    0xff, 0x4, 0x3f, 0xfd, 0x97, 0xff, 0xf0, 0x10,
    0xff, 0xf6, 0x5f, 0xff, 0x41, 0xff, 0xed, 0xff,
    0xfe, 0x0, 0x7f, 0xfb, 0x6f, 0xff, 0x83, 0xff,
    0xdd, 0xff, 0xf2, 0x1f, 0xfe, 0xdf, 0xff, 0x90,
    0xff, 0xf6, 0xdf, 0xfe, 0x83, 0xff, 0xda, 0xff,
    0xfa, 0xf, 0xff, 0x6b, 0xff, 0xe8, 0x3f, 0xfd,
    0xdf, 0xff, 0x7, 0xff, 0xbb, 0xff, 0xe0, 0xff,
    0xf6, 0xbf, 0xfe, 0x83, 0xff, 0xda, 0xff, 0xfa,
    0xf, 0xff, 0x6d, 0xff, 0xe8, 0x3f, 0xfd, 0xbf,
    0xff, 0x21, 0xff, 0xec, 0x7f, 0xfe, 0x43, 0xff,
    0xd9, 0xff, 0xfc, 0x0, 0xff, 0xf6, 0x5f, 0xff,
    0xc0, 0xf, 0xff, 0x5d, 0xff, 0xfc, 0x4, 0x3f,
    0xfd, 0x57, 0xff, 0xf0, 0x43, 0xff, 0xd2, 0xff,
    0xff, 0xa, 0xf, 0xff, 0x45, 0xff, 0xfc, 0x30,
    0xff, 0xf3, 0x3f, 0xff, 0xc5, 0x83, 0xff, 0xc2,
    0xab, 0xff, 0xf9, 0x1, 0xcf, 0xff, 0xfc, 0x90,
    0xe7, 0xff, 0xfe, 0x30, 0x79, 0xff, 0xff, 0x84,
    0x1f, 0x3f, 0xff, 0xef, 0x83, 0xf3, 0xff, 0xfe,
    0xe8, 0x3f, 0x9f, 0xff, 0xf6, 0xa1, 0xfe, 0x7f,
    0xff, 0xd7, 0x7, 0xff, 0x1, 0xff, 0xff, 0x50,
    0x7f, 0xf0, 0x9f, 0xff, 0xf3, 0xc1, 0xff, 0xc4,
    0x7f, 0xff, 0xc9, 0x21, 0xff, 0xc6, 0x7f, 0xff,
    0xc1, 0x21, 0xff, 0xcb, 0x5f, 0xfe, 0xe0, 0x7f,
    0xf3, 0xc0,

    /* U+0036 "6" */
    0xf, 0xfe, 0x7a, 0xaf, 0xff, 0xec, 0xa1, 0xff,
    0xd1, 0x7f, 0xff, 0xbc, 0x87, 0xff, 0x39, 0xbf,
    0xff, 0xc0, 0x87, 0xff, 0x31, 0xff, 0xff, 0x1a,
    0x1f, 0xfc, 0xbf, 0xff, 0xf2, 0xa1, 0xff, 0xc9,
    0xbf, 0xff, 0xcc, 0x87, 0xff, 0x23, 0xff, 0xfd,
    0x8, 0x7f, 0xf1, 0xff, 0xff, 0xd2, 0x87, 0xff,
    0x15, 0xff, 0xff, 0x52, 0x1f, 0xfc, 0x47, 0xff,
    0xfd, 0x68, 0x7f, 0xf0, 0xdf, 0xff, 0xf6, 0x21,
    0xff, 0xc2, 0x7f, 0xff, 0x93, 0x52, 0xff, 0xf5,
    0x43, 0xff, 0x87, 0xff, 0xfc, 0x69, 0xf, 0xff,
    0x47, 0xff, 0xf1, 0x60, 0xff, 0xf5, 0x5f, 0xff,
    0xc3, 0x83, 0xff, 0xd6, 0xff, 0xff, 0xd, 0xf,
    0xff, 0x67, 0xff, 0xf0, 0xc3, 0xff, 0xdb, 0x7f,
    0xff, 0x8, 0x3f, 0xfd, 0xdf, 0xff, 0xc2, 0xf,
    0xff, 0x75, 0xff, 0xfc, 0x10, 0xff, 0xf7, 0xff,
    0xff, 0x5, 0xf, 0xff, 0x75, 0xff, 0xfc, 0x8,
    0x3f, 0xfd, 0xff, 0xff, 0xc1, 0xf, 0xff, 0x7b,
    0xff, 0xfc, 0x4, 0x3f, 0xfd, 0xf7, 0xff, 0xf0,
    0x3, 0xff, 0xe1, 0xff, 0xfc, 0x4, 0x3f, 0xfd,
    0xef, 0xff, 0xf0, 0x3, 0xff, 0xe1, 0x7f, 0xfd,
    0x7, 0xff, 0xc3, 0xff, 0xf8, 0x8, 0x7f, 0xfc,
    0x3f, 0xff, 0x80, 0x1f, 0xff, 0x1f, 0xff, 0xe0,
    0x7, 0xff, 0xc1, 0xff, 0xfe, 0x2, 0xff, 0xf6,
    0x43, 0xff, 0x96, 0xff, 0xff, 0xa6, 0x50, 0x7f,
    0xf1, 0x2f, 0xff, 0xf6, 0xc8, 0x7f, 0xf0, 0x6f,
    0xff, 0xf8, 0x41, 0xff, 0x5f, 0xff, 0xf2, 0x43,
    0xfa, 0xff, 0xff, 0xa0, 0x7e, 0xbf, 0xff, 0xea,
    0x87, 0xaf, 0xff, 0xfb, 0x21, 0xd7, 0xff, 0xfd,
    0xc3, 0xaf, 0xff, 0xfc, 0x6, 0xbf, 0xff, 0xf1,
    0x5, 0x7f, 0xff, 0xe4, 0x2b, 0xff, 0xe0, 0xff,
    0xed, 0x2a, 0x9f, 0xff, 0xc4, 0x80, 0xff, 0xfc,
    0x87, 0xff, 0x7e, 0xff, 0xfe, 0x10, 0x1f, 0xff,
    0x90, 0xff, 0xf0, 0xff, 0xff, 0x5, 0x7, 0xff,
    0xc8, 0x7f, 0xf8, 0xbf, 0xff, 0x81, 0x3, 0xff,
    0xe8, 0x3f, 0xfc, 0x4f, 0xff, 0xf0, 0x1, 0xff,
    0xfc, 0x0, 0xff, 0xf1, 0xff, 0xff, 0x0, 0x1f,
    0xff, 0xc0, 0xf, 0xff, 0x1d, 0xff, 0xf2, 0x5f,
    0xff, 0x7, 0xff, 0x8d, 0xff, 0xf9, 0x1f, 0xff,
    0x90, 0xff, 0xf1, 0xff, 0xfd, 0xf, 0xff, 0xd0,
    0x7f, 0xf8, 0xff, 0xfe, 0x81, 0xff, 0xfc, 0x0,
    0xff, 0xf1, 0xff, 0xfd, 0x3, 0xff, 0xf8, 0x1,
    0xff, 0xe3, 0xff, 0xfa, 0x5, 0xff, 0xf4, 0x1f,
    0xfe, 0x2f, 0xff, 0xa0, 0x3f, 0xff, 0xc0, 0xf,
    0xff, 0x17, 0xff, 0xd0, 0x5f, 0xff, 0xc0, 0x43,
    0xff, 0xc3, 0xff, 0xf4, 0x15, 0xff, 0xfc, 0x0,
    0xff, 0xf0, 0x3f, 0xff, 0x21, 0x3f, 0xff, 0xc0,
    0x43, 0xff, 0xbf, 0x7f, 0xfc, 0x1d, 0xff, 0xfc,
    0x10, 0xff, 0xef, 0xff, 0xff, 0x0, 0x3a, 0xff,
    0xfe, 0x4, 0x1f, 0xfd, 0xdb, 0xff, 0xf8, 0x1,
    0xef, 0xff, 0xe0, 0x87, 0xff, 0x71, 0xff, 0xfe,
    0x2, 0x1e, 0xbf, 0xff, 0x82, 0x1f, 0xfd, 0xbf,
    0xff, 0xe0, 0x87, 0xef, 0xff, 0xe1, 0x7, 0xff,
    0x67, 0xff, 0xf8, 0x30, 0x7e, 0xbf, 0xff, 0x84,
    0x1f, 0xfd, 0x7f, 0xff, 0xe1, 0x21, 0xfd, 0xff,
    0xfc, 0x34, 0x3f, 0xfa, 0x6f, 0xff, 0xf0, 0xc3,
    0xfc, 0xff, 0xff, 0xe, 0xf, 0xfe, 0x83, 0xff,
    0xfc, 0x40, 0xff, 0xe0, 0x7f, 0xff, 0x15, 0xf,
    0xfe, 0x63, 0xff, 0xfc, 0x58, 0x3f, 0xf8, 0x3f,
    0xff, 0xc6, 0x90, 0xff, 0xe3, 0x37, 0xff, 0xf1,
    0xc3, 0xff, 0x84, 0xff, 0xff, 0x22, 0x88, 0x7f,
    0x2a, 0xff, 0xfe, 0x50, 0x7f, 0xf1, 0x2f, 0xff,
    0xf5, 0x87, 0xff, 0x1a, 0xff, 0xff, 0x4a, 0x1f,
    0xfc, 0x7b, 0xff, 0xfc, 0xe1, 0xff, 0xca, 0xbf,
    0xff, 0xca, 0x1f, 0xfc, 0xc7, 0xff, 0xfc, 0x50,
    0x7f, 0xf3, 0xff, 0xff, 0xc0, 0x87, 0xff, 0x45,
    0xff, 0xfe, 0xe4, 0x1f, 0xfd, 0x5b, 0xff, 0xfb,
    0x10, 0x7f, 0xf6, 0x5f, 0xff, 0xea, 0x21, 0xff,
    0xdd, 0x6f, 0xff, 0xe7, 0x41, 0xff, 0xe4, 0x6f,
    0xff, 0xe2, 0xd1, 0xf, 0xff, 0x6a, 0xff, 0x7,
    0xff, 0x4c,

    /* U+0037 "7" */
    0xff, 0xff, 0xd5, 0xff, 0xff, 0xab, 0xff, 0xff,
    0x57, 0xff, 0xfe, 0xaf, 0xff, 0xfd, 0x5f, 0xff,
    0xfa, 0xbf, 0xff, 0xf5, 0x7f, 0xff, 0xea, 0xff,
    0xff, 0xd5, 0xff, 0xff, 0xab, 0xff, 0xff, 0x4b,
    0xff, 0xed, 0xff, 0xfe, 0x10, 0x7f, 0xfb, 0x7f,
    0xff, 0x82, 0x1f, 0xfe, 0xdf, 0xff, 0xe0, 0xa1,
    0xff, 0xec, 0xbf, 0xff, 0x82, 0x1f, 0xfe, 0xdf,
    0xff, 0xe0, 0x87, 0xff, 0xb7, 0xff, 0xf8, 0x30,
    0x7f, 0xfb, 0x1f, 0xff, 0xe0, 0x87, 0xff, 0xb7,
    0xff, 0xf8, 0x21, 0xff, 0xed, 0xff, 0xfe, 0xc,
    0x1f, 0xfe, 0xc7, 0xff, 0xf8, 0x21, 0xff, 0xed,
    0xff, 0xfe, 0xa, 0x1f, 0xfe, 0xcb, 0xff, 0xf8,
    0x10, 0x7f, 0xfb, 0x1f, 0xff, 0xe0, 0x87, 0xff,
    0xb7, 0xff, 0xf8, 0x28, 0x7f, 0xfb, 0x2f, 0xff,
    0xe0, 0x41, 0xff, 0xec, 0x7f, 0xff, 0x82, 0x1f,
    0xfe, 0xdf, 0xff, 0xe0, 0xa1, 0xff, 0xec, 0xbf,
    0xff, 0x81, 0x7, 0xff, 0xb1, 0xff, 0xfe, 0x8,
    0x7f, 0xfb, 0x7f, 0xff, 0x82, 0x87, 0xff, 0xb2,
    0xff, 0xfe, 0x8, 0x7f, 0xfb, 0x7f, 0xff, 0x82,
    0x1f, 0xfe, 0xdf, 0xff, 0xe0, 0xa1, 0xff, 0xec,
    0xbf, 0xff, 0x82, 0x1f, 0xfe, 0xdf, 0xff, 0xe0,
    0x87, 0xff, 0xb7, 0xff, 0xf8, 0x30, 0x7f, 0xfb,
    0x1f, 0xff, 0xe0, 0x87, 0xff, 0xb7, 0xff, 0xf8,
    0x21, 0xff, 0xed, 0xff, 0xfe, 0xc, 0x1f, 0xfe,
    0xc7, 0xff, 0xf8, 0x21, 0xff, 0xed, 0xff, 0xfe,
    0xa, 0x1f, 0xfe, 0xcb, 0xff, 0xf8, 0x10, 0x7f,
    0xfb, 0x1f, 0xff, 0xe0, 0x87, 0xff, 0xb7, 0xff,
    0xf8, 0x28, 0x7f, 0xfb, 0x2f, 0xff, 0xe0, 0x41,
    0xff, 0xec, 0x7f, 0xff, 0x82, 0x1f, 0xfe, 0xdf,
    0xff, 0xe0, 0xa1, 0xff, 0xec, 0xbf, 0xff, 0x81,
    0x7, 0xff, 0xb1, 0xff, 0xfe, 0x8, 0x7f, 0xfb,
    0x7f, 0xff, 0x82, 0x87, 0xff, 0xb2, 0xff, 0xfe,
    0x8, 0x7f, 0xfb, 0x7f, 0xff, 0x82, 0x1f, 0xfe,
    0xdf, 0xff, 0xe0, 0xc1, 0xff, 0xec, 0xbf, 0xff,
    0x82, 0x1f, 0xfe, 0xdf, 0xff, 0xe0, 0x87, 0xff,
    0xb7, 0xff, 0xf8, 0x30, 0x7f, 0xfb, 0x1f, 0xff,
    0xe0, 0x87, 0xff, 0xb7, 0xff, 0xf8, 0x28, 0x7f,
    0xfb, 0x2f, 0xff, 0xe0, 0x41, 0xff, 0xec, 0x7f,
    0xff, 0x82, 0x1f, 0xfe, 0xdf, 0xff, 0xe0, 0xa1,
    0xff, 0xec, 0xbf, 0xff, 0x81, 0x7, 0xff, 0xb1,
    0xff, 0xfe, 0x8, 0x7f, 0xfb, 0x7f, 0xff, 0x82,
    0x87, 0xff, 0xb2, 0xff, 0xfe, 0x4, 0x1f, 0xfe,
    0xc7, 0xff, 0xf8, 0x21, 0xff, 0xed, 0xff, 0xfe,
    0xa, 0x1f, 0xfe, 0xcb, 0xff, 0xf8, 0x21, 0xff,
    0xed, 0xff, 0xfe, 0x8, 0x7f, 0xfb, 0x7f, 0xff,
    0x82, 0x87, 0xff, 0xb2, 0xff, 0xfe, 0x8, 0x7f,
    0xfb, 0x7f, 0xff, 0x82, 0x1f, 0xfe, 0xdf, 0xff,
    0xe0, 0xc1, 0xff, 0xec, 0x7f, 0xff, 0x82, 0x1f,
    0xfe, 0xdf, 0xff, 0xe0, 0x87, 0xff, 0xb7, 0xff,
    0xf8, 0x30, 0x7f, 0xfb, 0x1f, 0xff, 0xe0, 0x87,
    0xff, 0xb7, 0xff, 0xf8, 0x28, 0x7f, 0xfb, 0x2f,
    0xff, 0xe0, 0x41, 0xff, 0xed, 0x5f, 0xfe, 0x8,
    0x7f, 0xf8, 0x80,

    /* U+0038 "8" */
    0xf, 0xfe, 0x6a, 0xaa, 0xff, 0xfe, 0x15, 0x4a,
    0xf, 0xff, 0x23, 0x7f, 0xff, 0x4a, 0x43, 0xff,
    0xb6, 0xdf, 0xff, 0xda, 0x90, 0xff, 0xea, 0x37,
    0xff, 0xf8, 0x24, 0x3f, 0xf9, 0xef, 0xff, 0xf9,
    0x90, 0xff, 0xe6, 0x7f, 0xff, 0xa8, 0x3f, 0xf9,
    0x2f, 0xff, 0xfb, 0x20, 0xff, 0xe3, 0x5f, 0xff,
    0xef, 0xf, 0xfe, 0x27, 0xff, 0xfc, 0x83, 0xff,
    0x85, 0xff, 0xff, 0x40, 0xff, 0xe0, 0x5f, 0xff,
    0xf5, 0xf, 0xf3, 0xff, 0xfc, 0x9a, 0x2c, 0x1f,
    0xfc, 0x25, 0xa9, 0xff, 0xfc, 0x98, 0x3f, 0xbf,
    0xff, 0x8c, 0x87, 0xff, 0x49, 0xbf, 0xff, 0x8a,
    0x1f, 0xaf, 0xff, 0xe1, 0xc1, 0xff, 0xd8, 0xbf,
    0xff, 0x87, 0x7, 0xdf, 0xff, 0xc2, 0x83, 0xff,
    0xb9, 0x7f, 0xff, 0x8, 0x3c, 0xff, 0xff, 0x5,
    0xf, 0xfe, 0xf3, 0xff, 0xfc, 0x18, 0x3b, 0xff,
    0xf8, 0x21, 0xff, 0xe1, 0x7f, 0xff, 0x82, 0x1d,
    0xff, 0xfc, 0x0, 0xff, 0xf1, 0xbf, 0xff, 0xc0,
    0xc, 0xff, 0xfc, 0x87, 0xff, 0x93, 0xff, 0xf8,
    0x8, 0x4f, 0xff, 0xc1, 0xff, 0xe5, 0x7f, 0xfe,
    0x82, 0xbf, 0xfd, 0x7, 0xff, 0x9b, 0xff, 0xe8,
    0x2b, 0xff, 0xc8, 0x7f, 0xf9, 0xbf, 0xfe, 0x82,
    0xbf, 0xfc, 0x87, 0xff, 0x9a, 0xff, 0xf4, 0x15,
    0xff, 0xe4, 0x3f, 0xfc, 0xdf, 0xff, 0x41, 0x5f,
    0xfe, 0x83, 0xff, 0xcd, 0xff, 0xf4, 0x15, 0xff,
    0xf0, 0x7f, 0xf9, 0xbf, 0xfe, 0x82, 0x7f, 0xfe,
    0xf, 0xff, 0x2d, 0xff, 0xf2, 0x1b, 0xff, 0xf8,
    0x1, 0xff, 0xe4, 0xff, 0xfe, 0x2, 0x1b, 0xff,
    0xf8, 0x10, 0x7f, 0xf8, 0xbf, 0xff, 0x82, 0x1d,
    0xff, 0xfc, 0x18, 0x3f, 0xfc, 0x1f, 0xff, 0xc2,
    0xe, 0x7f, 0xff, 0x84, 0x1f, 0xfd, 0xef, 0xff,
    0xe1, 0x41, 0xef, 0xff, 0xe1, 0xc1, 0xff, 0xda,
    0xbf, 0xff, 0x86, 0x1f, 0x5f, 0xff, 0xc4, 0x83,
    0xff, 0xad, 0x7f, 0xff, 0x14, 0x3f, 0x7f, 0xff,
    0x1e, 0x43, 0xff, 0x9c, 0xdf, 0xff, 0xc7, 0x43,
    0xf5, 0xff, 0xfc, 0xb9, 0x60, 0xff, 0xe0, 0x2d,
    0x7f, 0xff, 0x2e, 0xf, 0xf7, 0xff, 0xfd, 0x83,
    0xfe, 0x7f, 0xff, 0xe8, 0x87, 0xff, 0x1, 0xff,
    0xff, 0x92, 0x1f, 0xfc, 0x27, 0xff, 0xfe, 0x8,
    0x7f, 0xf1, 0x1f, 0xff, 0xf7, 0x7, 0xff, 0x22,
    0xff, 0xff, 0x5c, 0x1f, 0xfc, 0x9f, 0xff, 0xf6,
    0xa1, 0xff, 0xc5, 0x7f, 0xff, 0xdf, 0x7, 0xff,
    0xe, 0xff, 0xff, 0x8c, 0x1f, 0xfc, 0x1f, 0xff,
    0xfa, 0x87, 0xfd, 0x7f, 0xff, 0x3a, 0xbf, 0xf8,
    0x3f, 0xff, 0xce, 0x83, 0xfa, 0xff, 0xfe, 0x44,
    0xa0, 0xff, 0xe4, 0xaa, 0xff, 0xfe, 0x44, 0x1f,
    0xbf, 0xff, 0x8c, 0x87, 0xff, 0x4d, 0xff, 0xfe,
    0x30, 0x7d, 0xff, 0xfc, 0x48, 0x3f, 0xfb, 0x37,
    0xff, 0xf1, 0x3, 0x9f, 0xff, 0xe1, 0x41, 0xff,
    0xdd, 0xff, 0xfe, 0x1a, 0x1b, 0xff, 0xf8, 0x48,
    0x7f, 0xf7, 0xef, 0xff, 0xe1, 0x4, 0xff, 0xff,
    0x5, 0xf, 0xff, 0xb, 0xff, 0xfc, 0x10, 0xaf,
    0xff, 0xe0, 0x21, 0xff, 0xe3, 0xbf, 0xff, 0x81,
    0x3, 0xff, 0xf8, 0x21, 0xff, 0xe5, 0xff, 0xfe,
    0x8, 0x3f, 0xff, 0x80, 0x1f, 0xfe, 0x67, 0xff,
    0xf8, 0x3, 0xff, 0xfc, 0x0, 0xff, 0xf3, 0xff,
    0xff, 0x0, 0x7f, 0xfe, 0x83, 0xff, 0xcf, 0x7f,
    0xfc, 0xdf, 0xff, 0x21, 0xff, 0xe7, 0x7f, 0xfe,
    0x6f, 0xff, 0x90, 0xff, 0xf3, 0xbf, 0xff, 0x53,
    0xff, 0xe4, 0x3f, 0xfc, 0xef, 0xff, 0xd4, 0xff,
    0xf9, 0xf, 0xff, 0x3b, 0xff, 0xf5, 0x3f, 0xfe,
    0x43, 0xff, 0xcf, 0x7f, 0xfc, 0xaf, 0xff, 0xa0,
    0xff, 0xf3, 0xff, 0xff, 0x1, 0x5f, 0xff, 0xc0,
    0xf, 0xff, 0x3f, 0xff, 0xf0, 0x13, 0xff, 0xf8,
    0x10, 0x7f, 0xf9, 0x6f, 0xff, 0xe0, 0x3, 0xff,
    0xf8, 0x21, 0xff, 0xe4, 0x7f, 0xff, 0x82, 0xb,
    0xff, 0xf8, 0x21, 0xff, 0xe3, 0xff, 0xfe, 0xc,
    0x7, 0xff, 0xf8, 0x41, 0xff, 0xe0, 0x7f, 0xff,
    0x84, 0x85, 0xff, 0xfc, 0x34, 0x3f, 0xfb, 0xb7,
    0xff, 0xf0, 0xc3, 0x5f, 0xff, 0xc3, 0x83, 0xff,
    0xb4, 0xff, 0xff, 0x11, 0xe, 0xff, 0xfe, 0x2c,
    0x1f, 0xfd, 0x67, 0xff, 0xf8, 0xc1, 0xe7, 0xff,
    0xf8, 0xe8, 0x7f, 0xf4, 0x6f, 0xff, 0xe3, 0xa1,
    0xf7, 0xff, 0xf2, 0x90, 0xff, 0xe5, 0x37, 0xff,
    0xf2, 0x60, 0xfe, 0xff, 0xfe, 0x6d, 0x10, 0xff,
    0x2a, 0x9f, 0xff, 0xcd, 0xf, 0xfb, 0xff, 0xfe,
    0xa1, 0xff, 0xc1, 0xff, 0xff, 0x98, 0x7f, 0xf0,
    0xff, 0xff, 0xe2, 0x1f, 0xfc, 0x5b, 0xff, 0xfd,
    0xb0, 0x7f, 0xf1, 0xdf, 0xff, 0xf5, 0xa1, 0xff,
    0xca, 0xbf, 0xff, 0xcf, 0x7, 0xff, 0x3a, 0xff,
    0xff, 0x1c, 0x1f, 0xfd, 0x27, 0xff, 0xfb, 0xe8,
    0x7f, 0xf5, 0xdf, 0xff, 0xec, 0xa1, 0xff, 0xdd,
    0x69, 0xff, 0xfc, 0xfa, 0x21, 0xff, 0xe5, 0x55,
    0x5f, 0xff, 0xc1, 0xa2, 0xc1, 0xff, 0xcf,

    /* U+0039 "9" */
    0xf, 0xfe, 0x6b, 0x4f, 0xff, 0x54, 0xa0, 0xff,
    0xf3, 0xb7, 0xff, 0xf2, 0xe4, 0x3f, 0xfb, 0xed,
    0xff, 0xfd, 0x29, 0xf, 0xfe, 0xcb, 0xff, 0xfd,
    0x88, 0x3f, 0xfa, 0xdf, 0xff, 0xdc, 0x83, 0xff,
    0xa5, 0x7f, 0xff, 0x7e, 0xf, 0xfe, 0x7f, 0xff,
    0xf8, 0xd0, 0xff, 0xe5, 0xbf, 0xff, 0xe5, 0x83,
    0xff, 0x92, 0xff, 0xff, 0xa0, 0x3f, 0xf8, 0xef,
    0xff, 0xfa, 0x83, 0xff, 0x8a, 0xff, 0xff, 0xb0,
    0x3f, 0xf8, 0x6f, 0xff, 0xf1, 0xe5, 0x7, 0xf2,
    0xd7, 0xff, 0xf2, 0xa0, 0xff, 0xe1, 0x7f, 0xff,
    0x15, 0xf, 0xfe, 0x4b, 0x7f, 0xff, 0x1a, 0xf,
    0xfe, 0x7, 0xff, 0xf1, 0x10, 0xff, 0xe7, 0x37,
    0xff, 0xf1, 0x3, 0xfe, 0x7f, 0xff, 0x85, 0x7,
    0xff, 0x4e, 0xff, 0xfe, 0x18, 0x7f, 0xbf, 0xff,
    0x84, 0x87, 0xff, 0x55, 0xff, 0xfe, 0x14, 0x1f,
    0xaf, 0xff, 0xe0, 0xa1, 0xff, 0xd8, 0xff, 0xfe,
    0x10, 0x7e, 0xff, 0xfe, 0xa, 0x1f, 0xfd, 0xaf,
    0xff, 0xe0, 0xc1, 0xeb, 0xff, 0xf8, 0x8, 0x7f,
    0xf7, 0x3f, 0xff, 0x82, 0x1e, 0xff, 0xfe, 0x4,
    0x1f, 0xfd, 0xd7, 0xff, 0xf8, 0x8, 0x67, 0xff,
    0xf8, 0x1, 0xff, 0xdf, 0xff, 0xfe, 0x8, 0x6f,
    0xff, 0xe0, 0x7, 0xff, 0x87, 0xff, 0xf8, 0x1,
    0xbf, 0xfe, 0x83, 0xff, 0xc3, 0x7f, 0xfd, 0x1,
    0xff, 0xf8, 0x3f, 0xfc, 0x4f, 0xff, 0xf0, 0x0,
    0xff, 0xfc, 0x1f, 0xfe, 0x3f, 0xff, 0xe0, 0x2,
    0xff, 0xf2, 0x1f, 0xfe, 0x3b, 0xff, 0xe4, 0xbf,
    0xfc, 0x87, 0xff, 0x93, 0xff, 0xe8, 0xbf, 0xfc,
    0x1f, 0xfe, 0x5f, 0xff, 0xa2, 0xff, 0xf0, 0x7f,
    0xf9, 0x6f, 0xff, 0x8b, 0xff, 0xc8, 0x7f, 0xf9,
    0x2f, 0xff, 0x8b, 0xff, 0xc8, 0x7f, 0xf9, 0x1f,
    0xff, 0x8b, 0xff, 0xd0, 0x7f, 0xf9, 0x7f, 0xfe,
    0x57, 0xff, 0xc1, 0xff, 0xe5, 0xff, 0xf9, 0x3f,
    0xfe, 0x43, 0xff, 0xc9, 0xff, 0xf4, 0x7f, 0xff,
    0x0, 0x3f, 0xfc, 0x9f, 0xff, 0x47, 0xff, 0xf0,
    0x20, 0xff, 0xf1, 0xff, 0xfd, 0xf, 0xff, 0xf0,
    0x10, 0xff, 0xf1, 0x7f, 0xfd, 0x3, 0xff, 0xf8,
    0x30, 0x7f, 0xf8, 0x7f, 0xfe, 0x81, 0x7f, 0xff,
    0xa, 0x43, 0xff, 0xbd, 0xff, 0xf4, 0x17, 0xff,
    0xf1, 0x68, 0x87, 0xff, 0x6b, 0xff, 0xe8, 0x2b,
    0xff, 0xff, 0x10, 0x6f, 0xff, 0xfc, 0x41, 0xdf,
    0xff, 0xf7, 0x83, 0x9f, 0xff, 0xfb, 0x41, 0xe7,
    0xff, 0xfe, 0xb0, 0x7c, 0xff, 0xff, 0xd1, 0xf,
    0xef, 0xff, 0xf9, 0xa1, 0xfe, 0x7f, 0xff, 0xe2,
    0x1f, 0xfc, 0x17, 0xff, 0xfd, 0xe1, 0xff, 0xc3,
    0x6f, 0xff, 0xf6, 0x7, 0xff, 0x1d, 0xbf, 0xff,
    0xd0, 0x1f, 0xfc, 0xd5, 0xff, 0xec, 0x5f, 0xfe,
    0x83, 0xff, 0xe2, 0xff, 0xfa, 0xf, 0xff, 0x8d,
    0xff, 0xe4, 0x3f, 0xfe, 0x3f, 0xff, 0x21, 0xff,
    0xf1, 0xff, 0xf8, 0x3f, 0xfe, 0x37, 0xff, 0xc1,
    0xff, 0xf1, 0xff, 0xfa, 0xf, 0xff, 0x8f, 0xff,
    0xc8, 0x7f, 0xfc, 0x2f, 0xff, 0x83, 0xff, 0xe3,
    0xff, 0xf4, 0x1f, 0xff, 0xb, 0xff, 0xe4, 0x3f,
    0xfd, 0xef, 0xff, 0xf0, 0x3, 0xff, 0xe1, 0xff,
    0xfc, 0x8, 0x3f, 0xfd, 0xf7, 0xff, 0xf0, 0x3,
    0xff, 0xdf, 0x7f, 0xff, 0x2, 0xf, 0xff, 0x75,
    0xff, 0xfc, 0x10, 0xff, 0xf6, 0xbf, 0xff, 0xc2,
    0x83, 0xff, 0xd6, 0xdf, 0xff, 0xc3, 0xf, 0xff,
    0x53, 0xff, 0xfc, 0x54, 0x3f, 0xfc, 0xcd, 0xff,
    0xfc, 0x78, 0x3f, 0xf8, 0x4b, 0xff, 0xd1, 0xae,
    0xff, 0xfe, 0x60, 0x7f, 0xf0, 0xff, 0xff, 0xda,
    0x1f, 0xfc, 0x4f, 0xff, 0xf6, 0x7, 0xff, 0x17,
    0xff, 0xfd, 0x61, 0xff, 0xc6, 0xff, 0xff, 0x50,
    0x7f, 0xf1, 0xff, 0xff, 0xd1, 0x7, 0xff, 0x23,
    0xff, 0xfc, 0xe8, 0x7f, 0xf2, 0x7f, 0xff, 0xca,
    0x87, 0xff, 0x2f, 0xff, 0xfc, 0x68, 0x7f, 0xf3,
    0x7f, 0xff, 0xc1, 0x21, 0xff, 0xcf, 0xff, 0xfe,
    0xe5, 0x3, 0xff, 0xa7, 0xff, 0xfd, 0x6a, 0x28,
    0x3f, 0xfa, 0x20,

    /* U+003A ":" */
    0x17, 0xff, 0x82, 0x5f, 0xff, 0xc1, 0xa7, 0xff,
    0xf0, 0x69, 0xff, 0xfc, 0x1a, 0x7f, 0xff, 0x6,
    0x9f, 0xff, 0xc1, 0xa7, 0xff, 0xf0, 0x69, 0xff,
    0xfc, 0x1a, 0x7f, 0xff, 0x6, 0x9f, 0xff, 0xc1,
    0xa7, 0xff, 0xf0, 0x69, 0xff, 0xfc, 0x1a, 0x7f,
    0xff, 0x6, 0x9f, 0xff, 0xc1, 0xa7, 0xff, 0xf0,
    0x60, 0xff, 0xff, 0x87, 0xff, 0xfc, 0x3f, 0xff,
    0xe1, 0xff, 0xc4, 0x5f, 0xfe, 0x9, 0x7f, 0xff,
    0x6, 0x9f, 0xff, 0xc1, 0xa7, 0xff, 0xf0, 0x69,
    0xff, 0xfc, 0x1a, 0x7f, 0xff, 0x6, 0x9f, 0xff,
    0xc1, 0xa7, 0xff, 0xf0, 0x69, 0xff, 0xfc, 0x1a,
    0x7f, 0xff, 0x6, 0x9f, 0xff, 0xc1, 0xa7, 0xff,
    0xf0, 0x69, 0xff, 0xfc, 0x1a, 0x7f, 0xff, 0x6,
    0x9f, 0xff, 0xc1, 0x80,

    /* U+003B ";" */
    0x9, 0x7f, 0xf8, 0x21, 0x5f, 0xff, 0xc1, 0x81,
    0x7f, 0xff, 0x6, 0x5, 0xff, 0xfc, 0x18, 0x17,
    0xff, 0xf0, 0x60, 0x5f, 0xff, 0xc1, 0x81, 0x7f,
    0xff, 0x6, 0x5, 0xff, 0xfc, 0x18, 0x17, 0xff,
    0xf0, 0x60, 0x5f, 0xff, 0xc1, 0x81, 0x7f, 0xff,
    0x6, 0x5, 0xff, 0xfc, 0x18, 0x17, 0xff, 0xf0,
    0x60, 0x5f, 0xff, 0xc1, 0x81, 0x7f, 0xff, 0x6,
    0xf, 0xff, 0xf8, 0x7f, 0xff, 0xc3, 0xff, 0xfe,
    0x1f, 0xfe, 0x65, 0xff, 0xe0, 0x85, 0x7f, 0xff,
    0x6, 0x5, 0xff, 0xfc, 0x18, 0x17, 0xff, 0xf0,
    0x60, 0x5f, 0xff, 0xc1, 0x81, 0x7f, 0xff, 0x6,
    0x5, 0xff, 0xfc, 0x18, 0x17, 0xff, 0xf0, 0x60,
    0x5f, 0xff, 0xc1, 0x81, 0x7f, 0xff, 0x6, 0x5,
    0xff, 0xfc, 0x18, 0x17, 0xff, 0xf0, 0x60, 0x5f,
    0xff, 0xc1, 0x81, 0x7f, 0xff, 0x6, 0x5, 0xff,
    0xfc, 0x14, 0x3f, 0xaf, 0xf2, 0x1f, 0xdf, 0xf0,
    0x7f, 0x3f, 0xf0, 0x7f, 0x7f, 0xd0, 0x7e, 0xff,
    0xc8, 0x7d, 0x7f, 0xe0, 0xfb, 0xff, 0x90, 0xe7,
    0xff, 0xc1, 0xd7, 0xff, 0x83, 0xbf, 0xfe, 0xf,
    0x3f, 0xfc, 0x87, 0xd7, 0xfc, 0x1f, 0xef, 0xf0,
    0x7f, 0xd7, 0xd0, 0x7f, 0xf0, 0x7c, 0x87, 0xff,
    0x9, 0xf, 0xfe, 0x0,

    /* U+003C "<" */
    0xf, 0xff, 0xf8, 0x75, 0xe0, 0xff, 0xee, 0x7e,
    0x83, 0xff, 0xb3, 0x7f, 0x83, 0xff, 0xb1, 0xff,
    0xc1, 0xff, 0xd5, 0xbf, 0xfd, 0x7, 0xff, 0x4f,
    0xff, 0xf8, 0x21, 0xff, 0xd1, 0xbf, 0xff, 0x86,
    0x1f, 0xfc, 0xff, 0xff, 0xe2, 0xc1, 0xff, 0xcc,
    0xbf, 0xff, 0x8c, 0x1f, 0xfc, 0xcf, 0xff, 0xe3,
    0x41, 0xff, 0xcb, 0xbf, 0xff, 0x8c, 0x1f, 0xfc,
    0xb7, 0xff, 0xf8, 0xd0, 0x7f, 0xf2, 0xef, 0xff,
    0xe3, 0x7, 0xff, 0x2d, 0xff, 0xfe, 0x34, 0x1f,
    0xfc, 0xbb, 0xff, 0xf8, 0xc1, 0xff, 0xcb, 0x7f,
    0xff, 0x8d, 0x7, 0xff, 0x2e, 0xff, 0xfe, 0x30,
    0x7f, 0xf2, 0xdf, 0xff, 0xe3, 0x41, 0xff, 0xcb,
    0xbf, 0xff, 0x8c, 0x1f, 0xfc, 0xb7, 0xff, 0xf8,
    0xd0, 0x7f, 0xf2, 0xef, 0xff, 0xe3, 0x21, 0xff,
    0xca, 0x7f, 0xff, 0x8d, 0x7, 0xff, 0x2e, 0xff,
    0xfe, 0x32, 0x1f, 0xfc, 0xa7, 0xff, 0xf8, 0xd0,
    0x7f, 0xf2, 0xef, 0xff, 0xe3, 0x21, 0xff, 0xcc,
    0xff, 0xfe, 0x2c, 0x1f, 0xfc, 0xef, 0xff, 0xe2,
    0x21, 0xff, 0xcf, 0xff, 0xfe, 0x20, 0x7f, 0xf4,
    0x3f, 0xff, 0x8a, 0x87, 0xff, 0x3b, 0xff, 0xf8,
    0xd0, 0x7f, 0xf3, 0x9f, 0xff, 0xe3, 0x21, 0xff,
    0xce, 0xff, 0xfe, 0x34, 0x1f, 0xfc, 0xeb, 0xff,
    0xf8, 0xc8, 0x7f, 0xf3, 0xbf, 0xff, 0x8d, 0x7,
    0xff, 0x3a, 0xff, 0xfe, 0x30, 0x7f, 0xf3, 0xff,
    0xff, 0x8d, 0x7, 0xff, 0x3a, 0xff, 0xfe, 0x30,
    0x7f, 0xf3, 0x9f, 0xff, 0xe3, 0x21, 0xff, 0xce,
    0xbf, 0xff, 0x8c, 0x1f, 0xfc, 0xe7, 0xff, 0xf8,
    0xc8, 0x7f, 0xf3, 0xaf, 0xff, 0xe2, 0xc1, 0xff,
    0xce, 0x7f, 0xff, 0x8c, 0x87, 0xff, 0x3a, 0xff,
    0xfe, 0x2c, 0x1f, 0xfc, 0xe7, 0xff, 0xf8, 0xc8,
    0x7f, 0xf3, 0xaf, 0xff, 0xe2, 0xc1, 0xff, 0xce,
    0x7f, 0xff, 0x8c, 0x1f, 0xfc, 0xfb, 0xff, 0xf8,
    0xa8, 0x7f, 0xf3, 0x9f, 0xff, 0xe2, 0x21, 0xff,
    0xd0, 0xff, 0xfe, 0x14, 0x1f, 0xfd, 0x27, 0xff,
    0xf8, 0x1, 0xff, 0xd5, 0xff, 0xf2, 0x1f, 0xfd,
    0x67, 0xfe, 0x83, 0xff, 0xb3, 0xfe, 0xf, 0xfe,
    0xdd, 0xf2, 0x1f, 0xfd, 0xde, 0xf, 0xff, 0x28,

    /* U+003D "=" */
    0x6b, 0xff, 0xd8, 0x5f, 0xff, 0xec, 0x2f, 0xff,
    0xf6, 0x17, 0xff, 0xfb, 0xb, 0xff, 0xfd, 0x85,
    0xff, 0xfe, 0xc2, 0xff, 0xff, 0x61, 0x7f, 0xff,
    0xb0, 0xbf, 0xff, 0xd8, 0x5f, 0xff, 0xec, 0x2f,
    0xff, 0xf6, 0x7, 0xff, 0xfc, 0x3f, 0xff, 0xe1,
    0xff, 0xff, 0xf, 0xff, 0xf8, 0x7f, 0xff, 0xc3,
    0xff, 0xfe, 0x1f, 0xff, 0xf0, 0xff, 0xf6, 0x5f,
    0xff, 0xec, 0x2f, 0xff, 0xf6, 0x17, 0xff, 0xfb,
    0xb, 0xff, 0xfd, 0x85, 0xff, 0xfe, 0xc2, 0xff,
    0xff, 0x61, 0x7f, 0xff, 0xb0, 0xbf, 0xff, 0xd8,
    0x5f, 0xff, 0xec, 0x2f, 0xff, 0xf6, 0x0,

    /* U+003E ">" */
    0xe, 0x43, 0xff, 0xbf, 0xe4, 0x3f, 0xfb, 0x97,
    0xe0, 0xff, 0xed, 0x3f, 0xe4, 0x3f, 0xfb, 0x1f,
    0xfc, 0x1f, 0xfd, 0x6b, 0xff, 0xc8, 0x7f, 0xf4,
    0xdf, 0xff, 0xe0, 0x87, 0xff, 0x4b, 0xff, 0xf8,
    0x68, 0x7f, 0xf3, 0xef, 0xff, 0xe2, 0x87, 0xff,
    0x39, 0xff, 0xfe, 0x32, 0x1f, 0xfc, 0xeb, 0xff,
    0xf8, 0xc1, 0xff, 0xce, 0x7f, 0xff, 0x8c, 0x87,
    0xff, 0x3a, 0xff, 0xfe, 0x30, 0x7f, 0xf3, 0x9f,
    0xff, 0xe3, 0x41, 0xff, 0xce, 0xbf, 0xff, 0x8c,
    0x1f, 0xfc, 0xe7, 0xff, 0xf8, 0xd0, 0x7f, 0xf3,
    0xaf, 0xff, 0xe3, 0x7, 0xff, 0x39, 0xff, 0xfe,
    0x34, 0x1f, 0xfc, 0xeb, 0xff, 0xf8, 0xc1, 0xff,
    0xce, 0x7f, 0xff, 0x8d, 0x7, 0xff, 0x3a, 0xff,
    0xfe, 0x30, 0x7f, 0xf3, 0x9f, 0xff, 0xe3, 0x41,
    0xff, 0xce, 0xbf, 0xff, 0x8c, 0x1f, 0xfc, 0xe7,
    0xff, 0xf8, 0xd0, 0x7f, 0xf3, 0xaf, 0xff, 0xe3,
    0x7, 0xff, 0x39, 0xff, 0xfe, 0x34, 0x1f, 0xfc,
    0xeb, 0xff, 0xf8, 0xa1, 0xff, 0xcf, 0x7f, 0xff,
    0x88, 0x1f, 0xfd, 0xf, 0xff, 0xe2, 0x7, 0xff,
    0x39, 0xff, 0xfe, 0x28, 0x7f, 0xf3, 0x7f, 0xff,
    0x8d, 0x7, 0xff, 0x2d, 0xff, 0xfe, 0x32, 0x1f,
    0xfc, 0xbb, 0xff, 0xf8, 0xc1, 0xff, 0xcb, 0x7f,
    0xff, 0x8c, 0x87, 0xff, 0x2e, 0xff, 0xfe, 0x30,
    0x7f, 0xf2, 0xdf, 0xff, 0xe3, 0x21, 0xff, 0xcb,
    0xbf, 0xff, 0x8c, 0x1f, 0xfc, 0xcf, 0xff, 0xe3,
    0x41, 0xff, 0xcb, 0xbf, 0xff, 0x8c, 0x1f, 0xfc,
    0xcf, 0xff, 0xe3, 0x41, 0xff, 0xcb, 0x7f, 0xff,
    0x8c, 0x1f, 0xfc, 0xcf, 0xff, 0xe3, 0x41, 0xff,
    0xcb, 0x7f, 0xff, 0x8c, 0x1f, 0xfc, 0xcb, 0xff,
    0xf8, 0xb0, 0x7f, 0xf2, 0xdf, 0xff, 0xe3, 0x21,
    0xff, 0xcb, 0xbf, 0xff, 0x8b, 0x7, 0xff, 0x2d,
    0xff, 0xfe, 0x32, 0x1f, 0xfc, 0xbb, 0xff, 0xf8,
    0xb0, 0x7f, 0xf3, 0x5f, 0xff, 0xe2, 0x21, 0xff,
    0xcf, 0xff, 0xfe, 0x14, 0x1f, 0xfd, 0x2f, 0xff,
    0xe0, 0x21, 0xff, 0xd3, 0x7f, 0xfa, 0xf, 0xfe,
    0xb7, 0xfe, 0x43, 0xff, 0xb1, 0xfd, 0x7, 0xff,
    0x69, 0xf9, 0xf, 0xfe, 0xe7, 0x83, 0xff, 0xfe,
    0x1e,

    /* U+003F "?" */
    0xf, 0x95, 0x4f, 0xff, 0x51, 0xf, 0xfe, 0x53,
    0x7f, 0xff, 0x26, 0x43, 0xff, 0x86, 0xff, 0xff,
    0x42, 0xf, 0xfe, 0xd, 0xff, 0xfd, 0x28, 0x3f,
    0xeb, 0xff, 0xfa, 0x90, 0x7f, 0x5f, 0xff, 0xd6,
    0xf, 0xd7, 0xff, 0xf5, 0xc3, 0xeb, 0xff, 0xfb,
    0x1, 0xeb, 0xff, 0xfb, 0x21, 0xd7, 0xff, 0xf6,
    0x83, 0x5f, 0xfe, 0xaf, 0xdf, 0xff, 0xc8, 0x42,
    0xbf, 0x4a, 0xf, 0xfe, 0x13, 0x7f, 0xff, 0x10,
    0x2a, 0x21, 0xff, 0xca, 0x7f, 0xff, 0x84, 0x87,
    0xff, 0x45, 0xff, 0xfe, 0x8, 0x7f, 0xf4, 0xff,
    0xff, 0x80, 0x1f, 0xfd, 0x4f, 0xff, 0x90, 0xff,
    0xe9, 0xdf, 0xfe, 0x83, 0xff, 0xa9, 0xff, 0xf0,
    0x7f, 0xf5, 0x2f, 0xff, 0x7, 0xff, 0x51, 0xff,
    0xf0, 0x7f, 0xf5, 0x1f, 0xff, 0x7, 0xff, 0x57,
    0xff, 0xc8, 0x7f, 0xf4, 0xdf, 0xff, 0x7, 0xff,
    0x51, 0xff, 0xf0, 0x7f, 0xf5, 0x2f, 0xff, 0x7,
    0xff, 0x53, 0xff, 0xe0, 0xff, 0xea, 0x7f, 0xfa,
    0xf, 0xfe, 0x9d, 0xff, 0xe4, 0x3f, 0xfa, 0x7f,
    0xff, 0x7, 0xff, 0x4f, 0xff, 0xf8, 0x1, 0xff,
    0xd2, 0xbf, 0xfe, 0x43, 0xff, 0xa3, 0x7f, 0xff,
    0x0, 0x3f, 0xfa, 0x37, 0xff, 0xf0, 0x10, 0xff,
    0xe8, 0x5f, 0xff, 0xc0, 0x83, 0xff, 0xa1, 0x7f,
    0xff, 0x4, 0x3f, 0xfa, 0x17, 0xff, 0xf0, 0x43,
    0xff, 0xa1, 0x7f, 0xff, 0x5, 0xf, 0xfe, 0x7d,
    0xff, 0xfc, 0x14, 0x3f, 0xf9, 0xf7, 0xff, 0xf0,
    0x50, 0xff, 0xe7, 0xdf, 0xff, 0xc1, 0x43, 0xff,
    0x9f, 0x7f, 0xff, 0x5, 0xf, 0xfe, 0x7d, 0xff,
    0xfc, 0x14, 0x3f, 0xf9, 0xf7, 0xff, 0xf0, 0x50,
    0xff, 0xe7, 0xbf, 0xff, 0xc1, 0x43, 0xff, 0x9e,
    0xff, 0xff, 0x5, 0xf, 0xfe, 0x87, 0xff, 0xf0,
    0x50, 0xff, 0xe8, 0x7f, 0xff, 0x5, 0xf, 0xfe,
    0x85, 0xff, 0xfc, 0x4, 0x3f, 0xfa, 0x3f, 0xff,
    0xc0, 0x43, 0xff, 0xa3, 0x7f, 0xfc, 0x87, 0xff,
    0x4b, 0xff, 0xe4, 0x3f, 0xfa, 0x57, 0xff, 0xa0,
    0xff, 0xe9, 0xff, 0xfc, 0x1f, 0xfd, 0x37, 0xff,
    0xd0, 0x7f, 0xf4, 0xef, 0xff, 0x21, 0xff, 0xd3,
    0xbf, 0xfc, 0x1f, 0xfd, 0x4b, 0xff, 0xc1, 0xff,
    0xd4, 0xbf, 0xfc, 0x1f, 0xfd, 0x4b, 0xff, 0xc1,
    0xff, 0xd4, 0xbf, 0xfc, 0x1f, 0xfd, 0x4b, 0xff,
    0xc1, 0xff, 0xd4, 0xbf, 0xfc, 0x1f, 0xfd, 0x4b,
    0xff, 0xc1, 0xff, 0xd5, 0x5f, 0xf0, 0x7f, 0xff,
    0xc3, 0xff, 0xfe, 0x1f, 0xff, 0xf0, 0xff, 0xfa,
    0x5f, 0xff, 0xc0, 0xf, 0xfe, 0x95, 0xff, 0xfc,
    0x0, 0xff, 0xe9, 0x5f, 0xff, 0xc0, 0xf, 0xfe,
    0x95, 0xff, 0xfc, 0x0, 0xff, 0xe9, 0x5f, 0xff,
    0xc0, 0xf, 0xfe, 0x95, 0xff, 0xfc, 0x0, 0xff,
    0xe9, 0x5f, 0xff, 0xc0, 0xf, 0xfe, 0x95, 0xff,
    0xfc, 0x0, 0xff, 0xe9, 0x5f, 0xff, 0xc0, 0xf,
    0xfe, 0x95, 0xff, 0xfc, 0x0, 0xff, 0xe9, 0x5f,
    0xff, 0xc0, 0xf, 0xfe, 0x95, 0xff, 0xfc, 0x0,
    0xff, 0xe9, 0xaf, 0xff, 0x0, 0x3f, 0xf9, 0x40,

    /* U+0040 "@" */
    0xf, 0xfe, 0xb3, 0x4f, 0xfe, 0xa9, 0xf, 0xff,
    0x8b, 0x7f, 0xff, 0x26, 0xf, 0xff, 0x53, 0xff,
    0xfd, 0x8, 0x3f, 0xfc, 0x8d, 0xff, 0xfd, 0x54,
    0x3f, 0xfb, 0xef, 0xff, 0xf6, 0x90, 0xff, 0xee,
    0x5f, 0xff, 0xdd, 0x43, 0xff, 0xb0, 0xff, 0xff,
    0x82, 0xf, 0xfe, 0xb7, 0xff, 0xf9, 0x10, 0xff,
    0xe9, 0x3f, 0xff, 0xca, 0xaf, 0x7f, 0xff, 0x2a,
    0xf, 0xfe, 0x85, 0xff, 0xfc, 0x69, 0xf, 0xfe,
    0xb, 0x7f, 0xff, 0x18, 0x3f, 0xf9, 0xd7, 0xff,
    0xf1, 0x10, 0xff, 0xe4, 0xb7, 0xff, 0xf0, 0xc3,
    0xff, 0x99, 0x7f, 0xff, 0xa, 0xf, 0xfe, 0x7d,
    0xff, 0xfc, 0x20, 0xff, 0xe5, 0x7f, 0xff, 0xa,
    0xf, 0xfe, 0x9d, 0xff, 0xfc, 0x10, 0xff, 0xe4,
    0x5f, 0xff, 0xc1, 0x43, 0xff, 0xaa, 0xff, 0xff,
    0x2, 0xf, 0xfe, 0x35, 0xff, 0xfc, 0x8, 0x3f,
    0xfb, 0x3f, 0xff, 0xc0, 0x43, 0xff, 0x88, 0xff,
    0xff, 0x1, 0xf, 0xfe, 0xdd, 0xff, 0xf0, 0x7f,
    0xf1, 0x3f, 0xff, 0x80, 0x1f, 0xfc, 0x56, 0xff,
    0x48, 0x7f, 0xf0, 0xef, 0xff, 0x83, 0xff, 0x85,
    0xff, 0xfc, 0x0, 0xff, 0xe1, 0xbf, 0xff, 0xc1,
    0x83, 0xff, 0x85, 0x7f, 0xfa, 0xf, 0xfe, 0x5,
    0xff, 0xf0, 0x7f, 0xf0, 0x9f, 0xff, 0xe2, 0xc1,
    0xab, 0xfb, 0xff, 0xe0, 0xff, 0x9f, 0xff, 0x90,
    0xff, 0xe0, 0x3f, 0xff, 0xc9, 0xb, 0xff, 0xf9,
    0x10, 0x7f, 0xbf, 0xfe, 0x43, 0xff, 0x81, 0x7f,
    0xff, 0x2c, 0xbf, 0xf8, 0xbf, 0xfc, 0x1f, 0xcf,
    0xff, 0xa0, 0xff, 0xe0, 0x7f, 0xff, 0x60, 0x1f,
    0xfe, 0x83, 0xf7, 0xff, 0xc1, 0xff, 0xc0, 0xff,
    0xfe, 0xc4, 0x7, 0xff, 0xc1, 0xf5, 0xff, 0xe4,
    0x3f, 0xef, 0xff, 0xec, 0x86, 0xff, 0xf2, 0x1e,
    0xff, 0xf4, 0x1f, 0xf7, 0xff, 0xf1, 0x2a, 0xff,
    0xfe, 0x38, 0x67, 0xff, 0xa0, 0xe7, 0xff, 0xc1,
    0xff, 0x7f, 0xff, 0xa, 0xf, 0x5f, 0xff, 0xc4,
    0x83, 0xbf, 0xfc, 0x1d, 0xff, 0xe8, 0x3f, 0xd7,
    0xff, 0xf0, 0x43, 0xf9, 0xff, 0xfe, 0x18, 0x79,
    0xff, 0xe4, 0x37, 0xff, 0x83, 0xfc, 0xff, 0xff,
    0x4, 0x3f, 0xeb, 0xff, 0xf8, 0x41, 0xf7, 0xff,
    0x41, 0x5f, 0xfe, 0xf, 0xf7, 0xff, 0xf0, 0x43,
    0xff, 0x83, 0xff, 0xfc, 0x18, 0x3e, 0xff, 0xe8,
    0x2f, 0xff, 0x21, 0xfd, 0x7f, 0xff, 0x0, 0x3f,
    0xf8, 0x57, 0xff, 0xf0, 0x3, 0xf5, 0xff, 0xc1,
    0x7f, 0xf8, 0x3f, 0xdf, 0xff, 0xc0, 0xf, 0xfe,
    0x1b, 0xff, 0xfc, 0x0, 0xfd, 0x7f, 0xf0, 0x1f,
    0xfe, 0x83, 0xfa, 0xff, 0xf9, 0xf, 0xfe, 0x27,
    0xff, 0xd0, 0x7e, 0x7f, 0xf8, 0x17, 0xff, 0x21,
    0xfd, 0xff, 0xfc, 0x0, 0xff, 0xe2, 0xff, 0xfc,
    0x1f, 0xcf, 0xff, 0x27, 0xff, 0x83, 0xfa, 0xff,
    0xf8, 0x3f, 0xf8, 0xdf, 0xff, 0x7, 0xfb, 0xff,
    0x93, 0xff, 0xc1, 0xfd, 0xff, 0xf4, 0x1f, 0xfc,
    0x6f, 0xff, 0x41, 0xfe, 0xff, 0xe4, 0xff, 0xe8,
    0x3f, 0x5f, 0xff, 0x7, 0xff, 0x19, 0xff, 0xf0,
    0x7f, 0xdf, 0xfc, 0xaf, 0xfe, 0x43, 0xf7, 0xff,
    0xd0, 0x7f, 0xf1, 0x9f, 0xff, 0x7, 0xfd, 0xff,
    0xca, 0xff, 0xe4, 0x3e, 0x7f, 0xfe, 0xf, 0xfe,
    0x3d, 0xff, 0xd0, 0x7f, 0xdf, 0xfc, 0xdf, 0xfc,
    0x1f, 0xaf, 0xff, 0x41, 0xff, 0xc7, 0xff, 0xf0,
    0x7f, 0xcf, 0xff, 0x37, 0xff, 0x7, 0xef, 0xff,
    0x83, 0xff, 0x91, 0xff, 0xe0, 0xff, 0xaf, 0xfe,
    0x2f, 0xfe, 0xf, 0xdf, 0xff, 0x7, 0xff, 0x1d,
    0xff, 0xe4, 0x3f, 0xeb, 0xff, 0x8b, 0xff, 0x83,
    0xe7, 0xff, 0xc8, 0x7f, 0xf1, 0xef, 0xfe, 0xf,
    0xfe, 0x7, 0xff, 0x8b, 0xff, 0x83, 0xeb, 0xff,
    0xc1, 0xff, 0xc8, 0xff, 0xf0, 0x7f, 0xf0, 0x3f,
    0xfa, 0x2f, 0xfe, 0xf, 0xbf, 0xfe, 0xf, 0xfe,
    0x3b, 0xff, 0xc8, 0x7f, 0xcf, 0xff, 0x25, 0xff,
    0xc1, 0xf7, 0xff, 0xa0, 0xff, 0xe3, 0xff, 0xf8,
    0x3f, 0xf8, 0x1f, 0xfe, 0x5, 0xff, 0xc1, 0xf7,
    0xff, 0x90, 0xff, 0xe3, 0x3f, 0xfe, 0xf, 0xfe,
    0x7, 0xff, 0x80, 0xff, 0xf0, 0x79, 0xff, 0xf2,
    0x1f, 0xfc, 0x6b, 0xff, 0x90, 0xff, 0xaf, 0xfe,
    0x80, 0xff, 0xf0, 0x79, 0xff, 0xf0, 0x7f, 0xf1,
    0xff, 0xfc, 0x1f, 0xfc, 0xf, 0xff, 0x6, 0xff,
    0xe4, 0x39, 0xff, 0xf0, 0x7f, 0xf1, 0xaf, 0xff,
    0x7, 0xfc, 0xff, 0xf8, 0x37, 0xff, 0x21, 0xcf,
    0xff, 0x83, 0xff, 0x8d, 0xff, 0xe4, 0x3f, 0xef,
    0xff, 0x21, 0xbf, 0xfa, 0xe, 0x7f, 0xfc, 0x1f,
    0xfc, 0x5b, 0xff, 0xc1, 0xff, 0x5f, 0xfe, 0xe,
    0xbf, 0xf8, 0x39, 0xff, 0xf0, 0x7f, 0xf1, 0x1f,
    0xff, 0x83, 0xfe, 0xff, 0xf2, 0x1d, 0x7f, 0xf0,
    0x73, 0xff, 0xe0, 0xff, 0xe2, 0x7f, 0xfc, 0x87,
    0xfb, 0xff, 0xe0, 0xf3, 0xff, 0xc8, 0x67, 0xff,
    0xc8, 0x7f, 0xf0, 0xaf, 0xff, 0x83, 0xfd, 0x7f,
    0xf9, 0xf, 0xbf, 0xfa, 0xe, 0xff, 0xf2, 0x1f,
    0xfc, 0x17, 0xff, 0xf8, 0x1, 0xfc, 0xff, 0xfa,
    0xf, 0xdf, 0xfe, 0xe, 0xff, 0xf8, 0x3f, 0xf8,
    0x3f, 0xff, 0xc0, 0x83, 0xf3, 0xff, 0xf0, 0x7f,
    0x3f, 0xfc, 0x86, 0xbf, 0xfc, 0x1f, 0xfc, 0xf,
    0xff, 0xe0, 0xa1, 0xf3, 0xff, 0xf2, 0x1f, 0xef,
    0xff, 0x6, 0x7f, 0xfd, 0x7, 0xfb, 0xff, 0xf8,
    0x48, 0x79, 0xff, 0xfa, 0xf, 0xfb, 0xff, 0xc8,
    0x6f, 0xff, 0xa0, 0xf9, 0xff, 0xfe, 0x1a, 0x1d,
    0xff, 0xfc, 0x8, 0x3f, 0xf8, 0xf, 0xff, 0x83,
    0x5f, 0xff, 0xc0, 0x42, 0x6f, 0xff, 0xe2, 0xd5,
    0xff, 0xfc, 0x20, 0xff, 0xe1, 0x7f, 0xf9, 0xd,
    0xff, 0xfe, 0x70, 0xff, 0xe1, 0xbf, 0xfe, 0xd,
    0x7f, 0xff, 0x94, 0x3f, 0xf8, 0xbf, 0xff, 0x6,
    0xff, 0xff, 0x20, 0x2b, 0xfc, 0x1e, 0x7f, 0xfd,
    0x6, 0xff, 0xff, 0xc, 0xf, 0xff, 0x41, 0xf7,
    0xff, 0xc8, 0x4f, 0xff, 0xf2, 0xa9, 0xff, 0xfc,
    0x74, 0x17, 0xff, 0x83, 0xf3, 0xff, 0xf0, 0x77,
    0xff, 0xf2, 0x10, 0x7f, 0xff, 0x16, 0xa, 0xff,
    0xf2, 0x1f, 0xd7, 0xff, 0xc1, 0xd7, 0xff, 0xf1,
    0x10, 0xef, 0xff, 0xe1, 0xa1, 0x5f, 0xff, 0x7,
    0xfd, 0xff, 0xfc, 0x0, 0xf5, 0xff, 0xf4, 0x87,
    0xeb, 0xff, 0xd0, 0x77, 0xff, 0xf0, 0x3, 0xff,
    0x83, 0xff, 0xfc, 0x0, 0xf9, 0x55, 0x94, 0x1f,
    0xfc, 0x36, 0xb2, 0x1f, 0x7f, 0xff, 0x1, 0xf,
    0xfe, 0xb, 0xff, 0xfc, 0x4, 0x3f, 0xfb, 0x6f,
    0xff, 0xf0, 0x20, 0xff, 0xe1, 0xdf, 0xff, 0xc0,
    0x83, 0xff, 0xb3, 0x7f, 0xff, 0x4, 0x3f, 0xf8,
    0xb7, 0xff, 0xf0, 0x50, 0xff, 0xea, 0xbf, 0xff,
    0xc2, 0xf, 0xfe, 0x3f, 0xff, 0xf0, 0xa0, 0xff,
    0xe9, 0x3f, 0xff, 0xc3, 0xf, 0xfe, 0x4d, 0xff,
    0xfc, 0x28, 0x3f, 0xf9, 0xcf, 0xff, 0xf1, 0x3,
    0xff, 0x97, 0x7f, 0xff, 0x11, 0xf, 0xfe, 0x4d,
    0xff, 0xfc, 0x50, 0xff, 0xe6, 0xdf, 0xff, 0xc6,
    0x90, 0xff, 0xe0, 0xb7, 0xff, 0xf1, 0xa0, 0xff,
    0xe7, 0xbf, 0xff, 0xca, 0xaf, 0x7f, 0xff, 0x2d,
    0xf, 0xfe, 0x97, 0xff, 0xf9, 0x43, 0xff, 0xab,
    0x7f, 0xff, 0x86, 0xf, 0xfe, 0xc7, 0xff, 0xf7,
    0xa0, 0xff, 0xed, 0xbf, 0xff, 0xdb, 0x43, 0xff,
    0xbc, 0xff, 0xff, 0x5a, 0x43, 0xff, 0xc7, 0x7f,
    0xff, 0x45, 0xf, 0xff, 0x4b, 0x7f, 0xff, 0x26,
    0x43, 0xff, 0xe0, 0xab, 0xff, 0xd4, 0x50, 0x7f,
    0xf4, 0x80,

    /* U+0041 "A" */
    0xf, 0xfe, 0xad, 0xff, 0xfc, 0x9, 0xf, 0xff,
    0xef, 0xff, 0xf1, 0x20, 0xff, 0xfd, 0x3f, 0xff,
    0xc6, 0x43, 0xff, 0xf1, 0xff, 0xfc, 0x84, 0x3f,
    0xfe, 0xff, 0xff, 0xc9, 0x43, 0xff, 0xeb, 0x7f,
    0xff, 0x28, 0x3f, 0xfe, 0xbf, 0xff, 0xcc, 0xf,
    0xff, 0x9b, 0xff, 0xfc, 0xc4, 0x3f, 0xfe, 0x5f,
    0xff, 0xce, 0xf, 0xff, 0x97, 0xff, 0xf3, 0x90,
    0xff, 0xf8, 0x5f, 0xff, 0xcf, 0xf, 0xff, 0x87,
    0xff, 0xf0, 0x0, 0xff, 0xff, 0x5, 0xf, 0xff,
    0x73, 0xff, 0xf4, 0x1b, 0xff, 0xf8, 0x21, 0xff,
    0xee, 0xff, 0xfe, 0x2, 0x19, 0xff, 0xfe, 0x0,
    0x7f, 0xfb, 0x5f, 0xff, 0xe0, 0x7, 0xbf, 0xff,
    0x81, 0x7, 0xff, 0xb2, 0xff, 0xf9, 0xf, 0x3f,
    0xff, 0xc0, 0xf, 0xff, 0x67, 0xff, 0xf0, 0x3,
    0xf7, 0xff, 0xf0, 0x10, 0xff, 0xf5, 0x5f, 0xff,
    0x41, 0xfa, 0xff, 0xfe, 0x0, 0x7f, 0xfa, 0xbf,
    0xff, 0x80, 0x1f, 0xef, 0xff, 0xe0, 0x21, 0xff,
    0xe8, 0x7f, 0xfe, 0x83, 0xfd, 0x7f, 0xff, 0x0,
    0x3f, 0xfd, 0x1f, 0xff, 0xc0, 0x43, 0xfe, 0xff,
    0xfe, 0x0, 0x7f, 0xfa, 0x3f, 0xff, 0x80, 0x1f,
    0xfc, 0xf, 0xff, 0xe0, 0x41, 0xff, 0xe6, 0xbf,
    0xfe, 0x43, 0xff, 0x80, 0xff, 0xff, 0x0, 0x3f,
    0xfc, 0xdf, 0xff, 0xc0, 0xf, 0xfe, 0x17, 0xff,
    0xf0, 0x10, 0xff, 0xf2, 0x3f, 0xff, 0x41, 0xff,
    0xc2, 0x7f, 0xff, 0x80, 0x1f, 0xfe, 0x4f, 0xff,
    0xe0, 0x7, 0xff, 0x13, 0xff, 0xf8, 0x8, 0x7f,
    0xf8, 0x9f, 0xff, 0xe0, 0x7, 0xff, 0x12, 0xff,
    0xfe, 0x0, 0x7f, 0xf8, 0xaf, 0xff, 0x90, 0xff,
    0xe2, 0xff, 0xff, 0x0, 0x3f, 0xfc, 0x5f, 0xff,
    0xc0, 0xf, 0xfe, 0x37, 0xff, 0xf0, 0x20, 0xff,
    0xf0, 0x5f, 0xff, 0x41, 0xff, 0xc6, 0x7f, 0xff,
    0x80, 0x1f, 0xfe, 0xf, 0xff, 0xe0, 0x7, 0xff,
    0x23, 0xff, 0xf8, 0x10, 0x7f, 0xf7, 0x9f, 0xff,
    0xa0, 0xff, 0xe4, 0x3f, 0xff, 0xc0, 0xf, 0xfe,
    0xf7, 0xff, 0xf0, 0x10, 0xff, 0xe4, 0xff, 0xff,
    0x1, 0xf, 0xfe, 0xef, 0xff, 0xf0, 0x3, 0xff,
    0x95, 0x7f, 0xff, 0x0, 0x3f, 0xfb, 0x97, 0xff,
    0xc8, 0x7f, 0xf2, 0xff, 0xff, 0x80, 0x1f, 0xfd,
    0xcf, 0xff, 0xe0, 0x7, 0xff, 0x32, 0xff, 0xfa,
    0xf, 0xfe, 0xd3, 0xff, 0xf4, 0x1f, 0xfc, 0xc7,
    0xff, 0xf8, 0x1, 0xff, 0xda, 0xff, 0xfe, 0x0,
    0x7f, 0xf3, 0xbf, 0xff, 0x81, 0x7, 0xff, 0x61,
    0xff, 0xfe, 0x0, 0x7f, 0xf3, 0x9f, 0xff, 0xe0,
    0x7, 0xff, 0x62, 0xff, 0xf9, 0xf, 0xfe, 0x7f,
    0xff, 0xf0, 0x10, 0xff, 0xeb, 0xff, 0xff, 0x0,
    0x3f, 0xfa, 0x17, 0xff, 0xf0, 0x3, 0xff, 0xad,
    0x7f, 0xfc, 0x87, 0xff, 0x47, 0xff, 0xf8, 0x8,
    0x7f, 0xf5, 0x7f, 0xff, 0x80, 0x1f, 0xfd, 0x2b,
    0xff, 0xe8, 0x3f, 0xfa, 0x8f, 0xff, 0xd0, 0x7f,
    0xf4, 0x9f, 0xff, 0xe0, 0x7, 0xff, 0x52, 0xff,
    0xf8, 0x3f, 0xfa, 0x9f, 0xff, 0xc0, 0x83, 0xff,
    0xa7, 0xff, 0xfc, 0x0, 0xff, 0xea, 0x3f, 0xff,
    0xc0, 0xf, 0xfe, 0x95, 0xff, 0xf2, 0x1f, 0xfd,
    0x5f, 0xff, 0xe0, 0x21, 0xff, 0xd1, 0xff, 0xfe,
    0x0, 0x7f, 0xf5, 0xaf, 0xff, 0xe0, 0x7, 0xff,
    0x41, 0xff, 0xfa, 0xf, 0xfe, 0xbf, 0xff, 0xf0,
    0x10, 0xff, 0xe7, 0xff, 0xff, 0x2, 0x5f, 0xfe,
    0xbf, 0xff, 0xf0, 0x20, 0xff, 0xe7, 0xff, 0xff,
    0xc4, 0x3f, 0xf9, 0xd7, 0xff, 0xfc, 0x60, 0xff,
    0xe6, 0xff, 0xff, 0xcc, 0x3f, 0xf9, 0x8f, 0xff,
    0xfc, 0xd0, 0xff, 0xe5, 0xff, 0xff, 0xd4, 0x3f,
    0xf9, 0x4f, 0xff, 0xfd, 0x50, 0xff, 0xe4, 0xdf,
    0xff, 0xf5, 0x83, 0xff, 0x93, 0xff, 0xff, 0x70,
    0xff, 0xe4, 0x5f, 0xff, 0xf7, 0x83, 0xff, 0x8f,
    0xff, 0xff, 0x90, 0xff, 0xe3, 0x3f, 0xff, 0xf9,
    0x43, 0xff, 0x8b, 0xff, 0xfc, 0x0, 0xff, 0xf1,
    0x5f, 0xff, 0xc0, 0xf, 0xfe, 0x2f, 0xff, 0xf0,
    0x3, 0xff, 0xc7, 0xff, 0xfc, 0x4, 0x3f, 0xf8,
    0x77, 0xff, 0xc8, 0x7f, 0xf8, 0xff, 0xff, 0x82,
    0x1f, 0xfc, 0x3f, 0xff, 0xe0, 0x7, 0xff, 0x91,
    0xff, 0xfe, 0x0, 0x7f, 0xf0, 0x9f, 0xff, 0xa0,
    0xff, 0xf2, 0xff, 0xff, 0x2, 0xf, 0xfe, 0xf,
    0xff, 0xf0, 0x3, 0xff, 0xcc, 0xff, 0xff, 0x0,
    0x3f, 0xf8, 0xf, 0xff, 0xf0, 0x3, 0xff, 0xcf,
    0xff, 0xfc, 0x4, 0x3f, 0xeb, 0xff, 0xe4, 0x3f,
    0xfc, 0xf7, 0xff, 0xf0, 0x3, 0xfe, 0xff, 0xfe,
    0x0, 0x7f, 0xfa, 0x7f, 0xff, 0x80, 0x87, 0xf5,
    0xff, 0xf4, 0x1f, 0xfe, 0x9b, 0xff, 0xf8, 0x1,
    0xfd, 0xff, 0xfc, 0x0, 0xff, 0xf5, 0x3f, 0xff,
    0xc0, 0xf, 0xcf, 0xff, 0xf0, 0x3, 0xff, 0xd7,
    0xff, 0xfc, 0x8, 0x3e, 0xff, 0xfe, 0x2, 0x1f,
    0xfe, 0xb7, 0xff, 0xf8, 0x1, 0xf7, 0xff, 0xf0,
    0x3, 0xff, 0xdb, 0xff, 0xfc, 0x4, 0x3a, 0xff,
    0xfa, 0xf, 0xff, 0x6d, 0xff, 0xfc, 0x0, 0xef,
    0xff, 0xe0, 0x21, 0xff, 0xee, 0xff, 0xfe, 0x2,
    0x13, 0xff, 0xfc, 0x0, 0xff, 0xf7, 0xdf, 0xff,
    0xc0, 0xb, 0xff, 0xf8, 0x10, 0x7f, 0xfc, 0x3f,
    0xff, 0x80, 0x7, 0xff, 0xf8, 0x1, 0xff, 0xf1,
    0xbf, 0xfe, 0x85, 0xff, 0xe0, 0x87, 0xff, 0xc9,
    0x7f, 0xf8, 0x0,

    /* U+0042 "B" */
    0xbf, 0xff, 0xcd, 0x28, 0x3f, 0xf8, 0xf7, 0xff,
    0xfa, 0xd0, 0xff, 0xe2, 0x5f, 0xff, 0xed, 0x83,
    0xff, 0x85, 0x7f, 0xff, 0xbe, 0xf, 0xfe, 0x5,
    0xff, 0xff, 0x14, 0x3f, 0xd7, 0xff, 0xfc, 0xa0,
    0xfe, 0xbf, 0xff, 0xe7, 0x7, 0xeb, 0xff, 0xfe,
    0x88, 0x7d, 0x7f, 0xff, 0xd5, 0xf, 0x5f, 0xff,
    0xf6, 0xf, 0x5f, 0xff, 0xf6, 0x83, 0xaf, 0xff,
    0x97, 0xff, 0xaf, 0x57, 0xff, 0xf1, 0x83, 0xaf,
    0xff, 0x83, 0xff, 0xb8, 0xdf, 0xff, 0xc2, 0x43,
    0x5f, 0xff, 0x7, 0xff, 0x7f, 0xff, 0xf8, 0x41,
    0xaf, 0xff, 0x83, 0xff, 0xc1, 0xff, 0xfc, 0x10,
    0xd7, 0xff, 0xc1, 0xff, 0xe1, 0xff, 0xfe, 0x2,
    0x15, 0xff, 0xf0, 0x7f, 0xf8, 0x5f, 0xff, 0xa0,
    0xaf, 0xff, 0x83, 0xff, 0xc5, 0xff, 0xf4, 0x15,
    0xff, 0xf0, 0x7f, 0xf8, 0xbf, 0xff, 0x80, 0x15,
    0xff, 0xf0, 0x7f, 0xf8, 0xaf, 0xff, 0x82, 0xbf,
    0xfe, 0xf, 0xff, 0x15, 0xff, 0xf0, 0x57, 0xff,
    0xc1, 0xff, 0xe2, 0xbf, 0xfe, 0xa, 0xff, 0xf8,
    0x3f, 0xfc, 0x57, 0xff, 0xc1, 0x5f, 0xff, 0x7,
    0xff, 0x8a, 0xff, 0xf8, 0x2b, 0xff, 0xe0, 0xff,
    0xf1, 0x7f, 0xfd, 0x5, 0x7f, 0xfc, 0x1f, 0xfe,
    0x17, 0xff, 0xe8, 0x2b, 0xff, 0xe0, 0xff, 0xf0,
    0xdf, 0xff, 0x21, 0x5f, 0xff, 0x7, 0xff, 0x81,
    0xff, 0xfe, 0x0, 0x6b, 0xff, 0xe0, 0xff, 0xf0,
    0x7f, 0xff, 0x4, 0x35, 0xff, 0xf0, 0x7f, 0xf7,
    0xff, 0xff, 0x82, 0x86, 0xbf, 0xfe, 0xf, 0xfe,
    0xeb, 0xff, 0xfc, 0x20, 0xeb, 0xff, 0xe0, 0xff,
    0xed, 0xbf, 0xff, 0xc3, 0x83, 0xaf, 0xff, 0x83,
    0xff, 0xac, 0xab, 0xff, 0xf8, 0xc1, 0xeb, 0xff,
    0xfe, 0xa8, 0x7a, 0xff, 0xff, 0xa4, 0x1f, 0x5f,
    0xff, 0xf4, 0xf, 0xd7, 0xff, 0xfc, 0xc3, 0xfa,
    0xff, 0xff, 0x94, 0x1f, 0xd7, 0xff, 0xfc, 0xe0,
    0xfd, 0x7f, 0xff, 0xd4, 0x3e, 0xbf, 0xff, 0xeb,
    0x7, 0xaf, 0xff, 0xfb, 0x41, 0xd7, 0xff, 0xfd,
    0xd0, 0xd7, 0xff, 0xfe, 0x3, 0x5f, 0xff, 0x7,
    0xff, 0x6d, 0xbf, 0xff, 0x89, 0x5, 0x7f, 0xfc,
    0x1f, 0xfd, 0xe7, 0xff, 0xf8, 0x61, 0x5f, 0xff,
    0x7, 0xff, 0x82, 0xff, 0xfe, 0xc, 0xb, 0xff,
    0xe0, 0xff, 0xf0, 0xbf, 0xff, 0xc1, 0x5, 0xff,
    0xf0, 0x7f, 0xf8, 0x9f, 0xff, 0xe0, 0x2, 0xff,
    0xf8, 0x3f, 0xfc, 0x77, 0xff, 0xd1, 0x7f, 0xfc,
    0x1f, 0xfe, 0x4f, 0xff, 0xa2, 0xff, 0xf8, 0x3f,
    0xfc, 0x8f, 0xff, 0xc5, 0xff, 0xf0, 0x7f, 0xf9,
    0x7f, 0xfe, 0x2f, 0xff, 0x83, 0xff, 0xcb, 0xff,
    0xf1, 0x7f, 0xfc, 0x1f, 0xfe, 0x5f, 0xff, 0x8b,
    0xff, 0xe0, 0xff, 0xf2, 0xdf, 0xfe, 0x6f, 0xff,
    0x83, 0xff, 0xcb, 0x7f, 0xf9, 0xbf, 0xfe, 0xf,
    0xff, 0x2d, 0xff, 0xe2, 0xff, 0xf8, 0x3f, 0xfc,
    0xbf, 0xff, 0x17, 0xff, 0xc1, 0xff, 0xe5, 0xff,
    0xf8, 0xbf, 0xfe, 0xf, 0xff, 0x23, 0xff, 0xf1,
    0x7f, 0xfc, 0x1f, 0xfe, 0x4b, 0xff, 0xe2, 0xff,
    0xf8, 0x3f, 0xfc, 0x9f, 0xff, 0x45, 0xff, 0xf0,
    0x7f, 0xf8, 0xef, 0xff, 0x92, 0xff, 0xf8, 0x3f,
    0xfc, 0x57, 0xff, 0xf0, 0x1, 0x7f, 0xfc, 0x1f,
    0xfe, 0x1b, 0xff, 0xf8, 0x10, 0x2f, 0xff, 0x83,
    0xff, 0xc1, 0xff, 0xfc, 0x24, 0x17, 0xff, 0xc1,
    0xff, 0xdd, 0x6f, 0xff, 0xe1, 0x85, 0x7f, 0xfc,
    0x1f, 0xfd, 0x95, 0x5f, 0xff, 0xc5, 0x42, 0xbf,
    0xff, 0xef, 0x6, 0xbf, 0xff, 0xee, 0x1d, 0x7f,
    0xff, 0xd9, 0xe, 0xbf, 0xff, 0xea, 0x87, 0xaf,
    0xff, 0xfa, 0x21, 0xf5, 0xff, 0xff, 0x34, 0x3f,
    0x5f, 0xff, 0xf2, 0xf, 0xf5, 0xff, 0xff, 0x4,
    0x3f, 0xeb, 0xff, 0xfd, 0xc8, 0x7f, 0xf0, 0x6f,
    0xff, 0xf5, 0xc8, 0x7f, 0xf0, 0xef, 0xff, 0xf3,
    0xc8, 0x7f, 0xf1, 0xd7, 0xff, 0xca, 0x1f, 0xfc,
    0xc0,

    /* U+0043 "C" */
    0xf, 0xfe, 0x8b, 0x57, 0xff, 0xf5, 0xc3, 0xff,
    0x9a, 0xdf, 0xff, 0xde, 0xf, 0xfe, 0x53, 0xff,
    0xfe, 0x20, 0xff, 0xe4, 0x5f, 0xff, 0xe4, 0xf,
    0xfe, 0x35, 0xff, 0xfe, 0x60, 0xff, 0xe2, 0x5f,
    0xff, 0xe8, 0xf, 0xfe, 0x1f, 0xff, 0xfa, 0x83,
    0xff, 0x82, 0xff, 0xff, 0xac, 0x3f, 0xf8, 0x17,
    0xff, 0xfb, 0x3, 0xfe, 0xbf, 0xff, 0xda, 0x1f,
    0xeb, 0xff, 0xfd, 0xc1, 0xfc, 0xff, 0xff, 0x2e,
    0xb9, 0x7f, 0xfa, 0x61, 0xf9, 0xff, 0xfe, 0x3c,
    0x87, 0xff, 0x8f, 0xff, 0xf8, 0xb0, 0x7f, 0xf9,
    0xaf, 0xff, 0xe1, 0xa1, 0xff, 0xe8, 0xff, 0xfe,
    0x14, 0x1f, 0xfe, 0x9f, 0xff, 0xe1, 0x41, 0xff,
    0xea, 0xff, 0xfe, 0xa, 0x1f, 0xfe, 0xab, 0xff,
    0xf8, 0x10, 0x7f, 0xfa, 0xff, 0xff, 0x81, 0x7,
    0xff, 0xae, 0xff, 0xfe, 0x0, 0x7f, 0xfb, 0x3f,
    0xff, 0x80, 0x87, 0xff, 0xad, 0xff, 0xfe, 0x0,
    0x7f, 0xfb, 0x2f, 0xff, 0x90, 0xff, 0xf6, 0x7f,
    0xff, 0x0, 0x3f, 0xfd, 0xbf, 0xff, 0x21, 0xff,
    0xec, 0x7f, 0xfe, 0xf, 0xff, 0x6d, 0xff, 0xf0,
    0x7f, 0xfb, 0x6f, 0xff, 0x41, 0xff, 0xed, 0xff,
    0xf9, 0xf, 0xff, 0x6f, 0xff, 0xc1, 0xff, 0xee,
    0xff, 0xf8, 0x3f, 0xfd, 0xdf, 0xff, 0x7, 0xff,
    0xb5, 0xff, 0xf4, 0x1f, 0xfe, 0xd7, 0xff, 0xd0,
    0x7f, 0xfb, 0x6f, 0xff, 0x21, 0xff, 0xed, 0xbf,
    0xfc, 0x87, 0xff, 0xb6, 0xff, 0xf2, 0x1f, 0xfe,
    0xdb, 0xff, 0xc8, 0x7f, 0xfb, 0x6f, 0xff, 0x21,
    0xff, 0xed, 0xbf, 0xfc, 0x87, 0xff, 0xb6, 0xff,
    0xf2, 0x1f, 0xfe, 0xdb, 0xff, 0xc8, 0x7f, 0xfb,
    0x6f, 0xff, 0x21, 0xff, 0xed, 0xbf, 0xfc, 0x87,
    0xff, 0xb5, 0xff, 0xf4, 0x1f, 0xfe, 0xd7, 0xff,
    0xd0, 0x7f, 0xfb, 0x5f, 0xff, 0x83, 0xff, 0xdd,
    0xff, 0xf0, 0x7f, 0xfb, 0xbf, 0xfe, 0xf, 0xff,
    0x77, 0xff, 0xc8, 0x7f, 0xfb, 0x7f, 0xfe, 0x43,
    0xff, 0xdb, 0x7f, 0xfc, 0x1f, 0xfe, 0xd7, 0xff,
    0xe0, 0xff, 0xf7, 0x7f, 0xfc, 0x87, 0xff, 0xb7,
    0xff, 0xe8, 0x3f, 0xfd, 0xb7, 0xff, 0xc1, 0xff,
    0xed, 0x7f, 0xfe, 0x83, 0xff, 0xdb, 0xff, 0xfc,
    0x0, 0xff, 0xf6, 0xdf, 0xff, 0xc0, 0xf, 0xff,
    0x63, 0xff, 0xfc, 0x8, 0x3f, 0xfd, 0x9f, 0xff,
    0xc1, 0x43, 0xff, 0xd6, 0xff, 0xff, 0x5, 0xf,
    0xff, 0x5f, 0xff, 0xf0, 0xa0, 0xff, 0xf5, 0x3f,
    0xff, 0xc2, 0x83, 0xff, 0xd5, 0xff, 0xfc, 0x44,
    0x3f, 0xfd, 0xf, 0xff, 0xf1, 0x50, 0xff, 0xf3,
    0xdf, 0xff, 0xc6, 0x83, 0xff, 0xcd, 0xff, 0xfc,
    0xa9, 0x41, 0xff, 0xe1, 0xff, 0xff, 0x78, 0x7f,
    0xdf, 0xff, 0xee, 0xf, 0xfe, 0x7, 0xff, 0xfb,
    0x43, 0xff, 0x83, 0xff, 0xfe, 0xc0, 0xff, 0xe1,
    0x5f, 0xff, 0xea, 0xf, 0xfe, 0x1b, 0xff, 0xfe,
    0x90, 0xff, 0xe2, 0xdf, 0xff, 0xe7, 0xf, 0xfe,
    0x3d, 0xff, 0xfe, 0x50, 0xff, 0xe4, 0xdf, 0xff,
    0xe3, 0xf, 0xfe, 0x5b, 0x7f, 0xff, 0x80, 0x3f,
    0xf9, 0xed, 0x3f, 0xff, 0xb6, 0x1f, 0xfd, 0x65,
    0xff, 0xeb, 0x80,

    /* U+0044 "D" */
    0xbf, 0xff, 0xbb, 0x52, 0x1f, 0xfd, 0x1b, 0xff,
    0xfc, 0x92, 0x1f, 0xfc, 0xcb, 0xff, 0xfd, 0x8,
    0x7f, 0xf2, 0x6f, 0xff, 0xf5, 0x41, 0xff, 0xc7,
    0xbf, 0xff, 0xd9, 0x7, 0xff, 0x16, 0xff, 0xff,
    0x74, 0x1f, 0xfc, 0x3b, 0xff, 0xfe, 0x1, 0xff,
    0xc2, 0xbf, 0xff, 0xe2, 0x87, 0xff, 0x2, 0xff,
    0xff, 0x94, 0x1f, 0xf5, 0xff, 0xff, 0x38, 0x3f,
    0xd7, 0xff, 0xfd, 0x20, 0xfe, 0xbf, 0xfe, 0x5f,
    0xfe, 0x75, 0x77, 0xff, 0xf2, 0xd0, 0xfd, 0x7f,
    0xfc, 0x1f, 0xfd, 0x65, 0x7f, 0xff, 0x1d, 0xf,
    0xaf, 0xff, 0x83, 0xff, 0xb4, 0xff, 0xff, 0x14,
    0x3e, 0xbf, 0xfe, 0xf, 0xfe, 0xed, 0xff, 0xfc,
    0x28, 0x3d, 0x7f, 0xfc, 0x1f, 0xfd, 0xe7, 0xff,
    0xf8, 0x48, 0x75, 0xff, 0xf0, 0x7f, 0xf8, 0x3f,
    0xff, 0x84, 0x1d, 0x7f, 0xfc, 0x1f, 0xfe, 0x1f,
    0xff, 0xe0, 0xa1, 0xaf, 0xff, 0x83, 0xff, 0xc5,
    0xff, 0xfc, 0x10, 0xd7, 0xff, 0xc1, 0xff, 0xe2,
    0x7f, 0xff, 0x80, 0x1a, 0xff, 0xf8, 0x3f, 0xfc,
    0x77, 0xff, 0xd0, 0x57, 0xff, 0xc1, 0xff, 0xe4,
    0xff, 0xfe, 0x0, 0x57, 0xff, 0xc1, 0xff, 0xe4,
    0xbf, 0xfe, 0x41, 0x7f, 0xfc, 0x1f, 0xfe, 0x5f,
    0xff, 0xa0, 0x5f, 0xff, 0x7, 0xff, 0x96, 0xff,
    0xf8, 0x17, 0xff, 0xc1, 0xff, 0xe5, 0x7f, 0xfe,
    0x5, 0xff, 0xf0, 0x7f, 0xf9, 0xbf, 0xfe, 0x4b,
    0xff, 0xe0, 0xff, 0xf3, 0x7f, 0xfd, 0x17, 0xff,
    0xc1, 0xff, 0xe6, 0xbf, 0xfd, 0x17, 0xff, 0xc1,
    0xff, 0xe6, 0x7f, 0xfe, 0x2f, 0xff, 0x83, 0xff,
    0xcf, 0xff, 0xf1, 0x7f, 0xfc, 0x1f, 0xfe, 0x7f,
    0xff, 0x8b, 0xff, 0xe0, 0xff, 0xf3, 0xff, 0xfc,
    0xdf, 0xff, 0x7, 0xff, 0x9e, 0xff, 0xf3, 0x7f,
    0xfc, 0x1f, 0xfe, 0x7b, 0xff, 0xcd, 0xff, 0xf0,
    0x7f, 0xf9, 0xdf, 0xff, 0x53, 0xff, 0xe0, 0xff,
    0xf3, 0xbf, 0xfe, 0xa7, 0xff, 0xc1, 0xff, 0xe7,
    0x7f, 0xfd, 0x4f, 0xff, 0x83, 0xff, 0xce, 0xff,
    0xfa, 0x9f, 0xff, 0x7, 0xff, 0x9d, 0xff, 0xf5,
    0x3f, 0xfe, 0xf, 0xff, 0x3b, 0xff, 0xea, 0x7f,
    0xfc, 0x1f, 0xfe, 0x77, 0xff, 0xd4, 0xff, 0xf8,
    0x3f, 0xfc, 0xef, 0xff, 0xa9, 0xff, 0xf0, 0x7f,
    0xf9, 0xdf, 0xff, 0x53, 0xff, 0xe0, 0xff, 0xf3,
    0xbf, 0xfe, 0xa7, 0xff, 0xc1, 0xff, 0xe7, 0xbf,
    0xfc, 0xdf, 0xff, 0x7, 0xff, 0x9e, 0xff, 0xf3,
    0x7f, 0xfc, 0x1f, 0xfe, 0x7b, 0xff, 0xcd, 0xff,
    0xf0, 0x7f, 0xf9, 0xff, 0xfe, 0x2f, 0xff, 0x83,
    0xff, 0xcf, 0xff, 0xf1, 0x7f, 0xfc, 0x1f, 0xfe,
    0x7f, 0xff, 0x8b, 0xff, 0xe0, 0xff, 0xf3, 0x3f,
    0xff, 0x17, 0xff, 0xc1, 0xff, 0xe6, 0xbf, 0xfd,
    0x17, 0xff, 0xc1, 0xff, 0xe6, 0xff, 0xf9, 0x2f,
    0xff, 0x83, 0xff, 0xca, 0xff, 0xfc, 0xb, 0xff,
    0xe0, 0xff, 0xf2, 0xdf, 0xff, 0x2, 0xff, 0xf8,
    0x3f, 0xfc, 0xbf, 0xff, 0x40, 0xbf, 0xfe, 0xf,
    0xff, 0x23, 0xff, 0xf2, 0xb, 0xff, 0xe0, 0xff,
    0xf2, 0x7f, 0xff, 0x0, 0x2b, 0xff, 0xe0, 0xff,
    0xf1, 0xdf, 0xff, 0x41, 0x5f, 0xff, 0x7, 0xff,
    0x89, 0xff, 0xfe, 0x2, 0x15, 0xff, 0xf0, 0x7f,
    0xf8, 0xbf, 0xff, 0x82, 0x1a, 0xff, 0xf8, 0x3f,
    0xfc, 0x3f, 0xff, 0xc1, 0x43, 0x5f, 0xff, 0x7,
    0xff, 0x83, 0xff, 0xf8, 0x41, 0xd7, 0xff, 0xc1,
    0xff, 0xde, 0x7f, 0xff, 0x85, 0x7, 0x5f, 0xff,
    0x7, 0xff, 0x76, 0xff, 0xfe, 0x18, 0x7a, 0xff,
    0xf8, 0x3f, 0xfb, 0x77, 0xff, 0xf1, 0x10, 0xf5,
    0xff, 0xf0, 0x7f, 0xf6, 0x2f, 0xff, 0xe3, 0x41,
    0xf5, 0xff, 0xf0, 0x7f, 0xf4, 0x95, 0x7f, 0xff,
    0x28, 0x3f, 0x5f, 0xff, 0xf5, 0xf, 0xeb, 0xff,
    0xfe, 0x81, 0xfe, 0xbf, 0xff, 0xe6, 0x1f, 0xf5,
    0xff, 0xff, 0x20, 0xff, 0xe0, 0x5f, 0xff, 0xf0,
    0x83, 0xff, 0x83, 0x7f, 0xff, 0xbd, 0xf, 0xfe,
    0x15, 0xff, 0xfe, 0xd8, 0x3f, 0xf8, 0x97, 0xff,
    0xfa, 0xe0, 0xff, 0xe3, 0x5f, 0xff, 0xe9, 0x83,
    0xff, 0x91, 0x7f, 0xff, 0x9a, 0x43, 0xff, 0x95,
    0x7f, 0xff, 0x86, 0x88, 0x7f, 0xf3, 0x97, 0xff,
    0xbc, 0x1f, 0xfd, 0x50,

    /* U+0045 "E" */
    0xbf, 0xff, 0xe2, 0xdf, 0xff, 0xf1, 0x6f, 0xff,
    0xf8, 0xb7, 0xff, 0xfc, 0x5b, 0xff, 0xfe, 0x2d,
    0xff, 0xff, 0x16, 0xff, 0xff, 0x8b, 0x7f, 0xff,
    0xc5, 0xbf, 0xff, 0xe2, 0xdf, 0xff, 0xf1, 0x6f,
    0xff, 0xf8, 0xb7, 0xff, 0xa5, 0xff, 0xf3, 0x17,
    0xff, 0x90, 0xff, 0xf3, 0xdf, 0xfe, 0x43, 0xff,
    0xcf, 0x7f, 0xf9, 0xf, 0xff, 0x3d, 0xff, 0xe4,
    0x3f, 0xfc, 0xf7, 0xff, 0x90, 0xff, 0xf3, 0xdf,
    0xfe, 0x43, 0xff, 0xcf, 0x7f, 0xf9, 0xf, 0xff,
    0x3d, 0xff, 0xe4, 0x3f, 0xfc, 0xf7, 0xff, 0x90,
    0xff, 0xf3, 0xdf, 0xfe, 0x43, 0xff, 0xcf, 0x7f,
    0xf9, 0xf, 0xff, 0x3d, 0xff, 0xe4, 0x3f, 0xfc,
    0xf7, 0xff, 0x90, 0xff, 0xf3, 0xdf, 0xfe, 0x43,
    0xff, 0xcf, 0x7f, 0xf9, 0xf, 0xff, 0x3d, 0xff,
    0xe4, 0x3f, 0xfc, 0xf7, 0xff, 0x90, 0xff, 0xf3,
    0xdf, 0xfe, 0x43, 0xff, 0xcf, 0x7f, 0xf9, 0xf,
    0xff, 0x3d, 0xff, 0xe4, 0x3f, 0xfc, 0xf7, 0xff,
    0x90, 0xff, 0xf3, 0xdf, 0xff, 0xee, 0x42, 0xbf,
    0xff, 0xdc, 0x85, 0x7f, 0xff, 0xb9, 0xa, 0xff,
    0xff, 0x72, 0x15, 0xff, 0xfe, 0xe4, 0x2b, 0xff,
    0xfd, 0xc8, 0x57, 0xff, 0xfb, 0x90, 0xaf, 0xff,
    0xf7, 0x21, 0x5f, 0xff, 0xee, 0x42, 0xbf, 0xff,
    0xdc, 0x85, 0x7f, 0xff, 0xb9, 0xa, 0xff, 0xf2,
    0x1f, 0xfe, 0x7b, 0xff, 0xc8, 0x7f, 0xf9, 0xef,
    0xff, 0x21, 0xff, 0xe7, 0xbf, 0xfc, 0x87, 0xff,
    0x9e, 0xff, 0xf2, 0x1f, 0xfe, 0x7b, 0xff, 0xc8,
    0x7f, 0xf9, 0xef, 0xff, 0x21, 0xff, 0xe7, 0x7f,
    0xfd, 0x7, 0xff, 0x9d, 0xff, 0xf4, 0x1f, 0xfe,
    0x77, 0xff, 0xe0, 0xff, 0xf4, 0x7f, 0xfc, 0x1f,
    0xfe, 0x8f, 0xff, 0x83, 0xff, 0xd1, 0xff, 0xf2,
    0x1f, 0xfe, 0x7f, 0xff, 0xa0, 0xff, 0xf3, 0xdf,
    0xff, 0x7, 0xff, 0x9d, 0xff, 0xf9, 0xf, 0xff,
    0x3f, 0xff, 0xd0, 0x7f, 0xf9, 0xff, 0xff, 0x80,
    0x1f, 0xfe, 0x7b, 0xff, 0xf8, 0x1, 0xff, 0xe6,
    0x7f, 0xff, 0x81, 0x7, 0xff, 0x9b, 0xff, 0xf8,
    0x28, 0x7f, 0xf9, 0x6f, 0xff, 0xe0, 0xc1, 0xff,
    0xe4, 0x7f, 0xff, 0x86, 0x87, 0xff, 0x8f, 0xff,
    0xf8, 0xb0, 0x7f, 0xf8, 0x5f, 0xff, 0xe3, 0xd1,
    0xf, 0xfe, 0xef, 0xff, 0xfb, 0x50, 0xf7, 0xff,
    0xfb, 0x10, 0xf5, 0xff, 0xfe, 0xb4, 0x3e, 0xbf,
    0xff, 0xd4, 0x87, 0xeb, 0xff, 0xfd, 0x28, 0x7f,
    0x5f, 0xff, 0xe8, 0x43, 0xfc, 0xff, 0xff, 0x9d,
    0xf, 0xfe, 0x5, 0xff, 0xfe, 0x54, 0x3f, 0xf8,
    0x57, 0xff, 0xf8, 0xd0, 0xff, 0xe2, 0x37, 0xff,
    0xf8, 0x10, 0xff, 0xe4, 0x34, 0xff, 0xfe, 0xda,
    0x1f, 0xfc, 0xf5, 0xff, 0xeb, 0x80,

    /* U+0046 "F" */
    0xbf, 0xff, 0xe5, 0x7f, 0xff, 0xca, 0xff, 0xff,
    0x95, 0xff, 0xff, 0x2b, 0xff, 0xfe, 0x57, 0xff,
    0xfc, 0xaf, 0xff, 0xf9, 0x5f, 0xff, 0xf2, 0xbf,
    0xff, 0xe5, 0x7f, 0xff, 0xca, 0xff, 0xff, 0x95,
    0xff, 0xe9, 0x7f, 0xfc, 0xf7, 0xff, 0x90, 0xff,
    0xf3, 0xdf, 0xfe, 0x43, 0xff, 0xcf, 0x7f, 0xf9,
    0xf, 0xff, 0x3d, 0xff, 0xe4, 0x3f, 0xfc, 0xf7,
    0xff, 0x90, 0xff, 0xf3, 0xdf, 0xfe, 0x43, 0xff,
    0xcf, 0x7f, 0xf9, 0xf, 0xff, 0x3d, 0xff, 0xe4,
    0x3f, 0xfc, 0xf7, 0xff, 0x90, 0xff, 0xf3, 0xdf,
    0xfe, 0x43, 0xff, 0xcf, 0x7f, 0xf9, 0xf, 0xff,
    0x3d, 0xff, 0xe4, 0x3f, 0xfc, 0xf7, 0xff, 0x90,
    0xff, 0xf3, 0xdf, 0xfe, 0x43, 0xff, 0xcf, 0x7f,
    0xf9, 0xf, 0xff, 0x3d, 0xff, 0xe4, 0x3f, 0xfc,
    0xf7, 0xff, 0x90, 0xff, 0xf3, 0xdf, 0xfe, 0x43,
    0xff, 0xcf, 0x7f, 0xf9, 0xf, 0xff, 0x3d, 0xff,
    0xe9, 0x7f, 0xfc, 0x41, 0xd7, 0xff, 0xfb, 0x50,
    0xd7, 0xff, 0xfb, 0x50, 0xd7, 0xff, 0xfb, 0x50,
    0xd7, 0xff, 0xfb, 0x50, 0xd7, 0xff, 0xfb, 0x50,
    0xd7, 0xff, 0xfb, 0x50, 0xd7, 0xff, 0xfb, 0x50,
    0xd7, 0xff, 0xfb, 0x50, 0xd7, 0xff, 0xfb, 0x50,
    0xd7, 0xff, 0xfb, 0x50, 0xd7, 0xff, 0xfb, 0x50,
    0xd7, 0xff, 0x90, 0xff, 0xf3, 0xdf, 0xfe, 0x43,
    0xff, 0xcf, 0x7f, 0xf9, 0xf, 0xff, 0x3d, 0xff,
    0xe4, 0x3f, 0xfc, 0xf7, 0xff, 0x90, 0xff, 0xf3,
    0xdf, 0xfe, 0x43, 0xff, 0xcf, 0x7f, 0xf9, 0xf,
    0xff, 0x3d, 0xff, 0xe4, 0x3f, 0xfc, 0xf7, 0xff,
    0x90, 0xff, 0xf3, 0xdf, 0xfe, 0x43, 0xff, 0xcf,
    0x7f, 0xf9, 0xf, 0xff, 0x3d, 0xff, 0xe4, 0x3f,
    0xfc, 0xf7, 0xff, 0x90, 0xff, 0xf3, 0xdf, 0xfe,
    0x43, 0xff, 0xcf, 0x7f, 0xf9, 0xf, 0xff, 0x3d,
    0xff, 0xe4, 0x3f, 0xfc, 0xf7, 0xff, 0x90, 0xff,
    0xf3, 0xdf, 0xfe, 0x43, 0xff, 0xcf, 0x7f, 0xf9,
    0xf, 0xff, 0x3d, 0xff, 0xe4, 0x3f, 0xfc, 0xf7,
    0xff, 0x90, 0xff, 0xf3, 0xdf, 0xfe, 0x43, 0xff,
    0xcf, 0x7f, 0xf9, 0xf, 0xff, 0x3d, 0xff, 0xe4,
    0x3f, 0xfc, 0xf7, 0xff, 0x90, 0xff, 0xf3, 0xdf,
    0xfe, 0x43, 0xff, 0xcf, 0x7f, 0xf9, 0xf, 0xff,
    0x3d, 0xff, 0xe4, 0x3f, 0xfc, 0xf7, 0xff, 0x90,
    0xff, 0xf3, 0xdf, 0xfe, 0x43, 0xff, 0xcf, 0x7f,
    0xf9, 0xf, 0xff, 0x3d, 0xff, 0xe4, 0x3f, 0xfc,
    0xf7, 0xff, 0x90, 0xff, 0xf3, 0xdf, 0xfe, 0x43,
    0xff, 0xcf, 0x7f, 0xf9, 0xf, 0xff, 0x3d, 0xff,
    0xe4, 0x3f, 0xfc, 0xf7, 0xff, 0x90, 0xff, 0xf3,
    0xaf, 0xfc, 0x1f, 0xfe, 0x80,

    /* U+0047 "G" */
    0xf, 0xfe, 0x7a, 0xaa, 0xff, 0xfe, 0xd0, 0x7f,
    0xf3, 0x29, 0xff, 0xfe, 0x10, 0xff, 0xe4, 0x37,
    0xff, 0xf9, 0x43, 0xff, 0x8d, 0x7f, 0xff, 0xa0,
    0x3f, 0xf8, 0x97, 0xff, 0xfa, 0x83, 0xff, 0x84,
    0xff, 0xff, 0xb0, 0x3f, 0xf8, 0x37, 0xff, 0xfb,
    0x43, 0xff, 0x81, 0x7f, 0xff, 0xb8, 0x3f, 0xef,
    0xff, 0xf8, 0x7, 0xfa, 0xff, 0xff, 0x80, 0x7f,
    0x5f, 0xff, 0xf1, 0xf, 0xcf, 0xff, 0xf3, 0x2b,
    0x2f, 0xff, 0x58, 0x3f, 0x7f, 0xff, 0x1a, 0x88,
    0x7f, 0xf9, 0x6f, 0xff, 0xe1, 0xc8, 0x7f, 0xfa,
    0x1f, 0xff, 0xe1, 0x87, 0xff, 0xaf, 0xff, 0xf8,
    0x50, 0x7f, 0xfa, 0xdf, 0xff, 0xe0, 0xc1, 0xff,
    0xec, 0xbf, 0xff, 0x81, 0x7, 0xff, 0xb7, 0xff,
    0xf8, 0x21, 0xff, 0xed, 0xbf, 0xff, 0x80, 0x87,
    0xff, 0xb7, 0xff, 0xf8, 0x10, 0x7f, 0xfb, 0xbf,
    0xff, 0x80, 0x1f, 0xfe, 0xe7, 0xff, 0xe8, 0x3f,
    0xfd, 0xdf, 0xff, 0xc0, 0x43, 0xff, 0xdd, 0xff,
    0xfc, 0x0, 0xff, 0xf7, 0xff, 0xfd, 0x7, 0xff,
    0xb9, 0xff, 0xf9, 0xf, 0xff, 0x75, 0xff, 0xf0,
    0x7f, 0xfb, 0xff, 0xff, 0x80, 0x1f, 0xfe, 0xff,
    0xff, 0xa0, 0xff, 0xf7, 0xff, 0xfd, 0x7, 0xff,
    0xbf, 0xff, 0xe4, 0x3f, 0xfd, 0xcf, 0xff, 0xc1,
    0xff, 0xef, 0x7f, 0xfe, 0xf, 0xff, 0x7b, 0xff,
    0xf0, 0x7f, 0xf2, 0x5f, 0xff, 0xe3, 0x51, 0xf,
    0xfe, 0x25, 0xff, 0xf0, 0x7f, 0xf2, 0x5f, 0xff,
    0xe5, 0xc8, 0x7f, 0xf0, 0x2f, 0xff, 0x83, 0xff,
    0x92, 0xff, 0xff, 0x39, 0xf, 0xf5, 0xff, 0xf0,
    0x7f, 0xf2, 0x5f, 0xff, 0xe8, 0x7, 0xf5, 0xff,
    0xf0, 0x7f, 0xf2, 0x5f, 0xff, 0xe8, 0xa1, 0xf5,
    0xff, 0xf0, 0x7f, 0xf2, 0x5f, 0xff, 0xe9, 0x41,
    0xeb, 0xff, 0xe0, 0xff, 0xe4, 0xbf, 0xff, 0xd3,
    0x43, 0xaf, 0xff, 0x83, 0xff, 0x92, 0xff, 0xff,
    0x51, 0xd, 0x7f, 0xfc, 0x1f, 0xfc, 0x97, 0xff,
    0xfa, 0xa1, 0xaf, 0xff, 0x83, 0xff, 0x92, 0xff,
    0xff, 0x56, 0xa, 0xff, 0xf8, 0x3f, 0xf9, 0x2f,
    0xff, 0xf5, 0x82, 0x7f, 0xfe, 0xf, 0xfe, 0xda,
    0xaf, 0xff, 0xe1, 0x20, 0x7f, 0xfe, 0xf, 0xfe,
    0xfd, 0xff, 0xfc, 0x10, 0x3f, 0xff, 0x7, 0xff,
    0x81, 0xff, 0xfe, 0x0, 0x5f, 0xff, 0x21, 0xff,
    0xe0, 0xbf, 0xfe, 0x41, 0xff, 0xf2, 0x1f, 0xfe,
    0x1f, 0xff, 0xa0, 0x7f, 0xfd, 0x7, 0xff, 0x87,
    0xff, 0xf8, 0x0, 0xff, 0xfe, 0x0, 0x7f, 0xf8,
    0x6f, 0xff, 0x81, 0x7f, 0xfc, 0x1f, 0xfe, 0x17,
    0xff, 0xe0, 0x3f, 0xff, 0x21, 0xff, 0xe0, 0x7f,
    0xfe, 0x3, 0xff, 0xf4, 0x1f, 0xfe, 0x1f, 0xff,
    0x90, 0x7f, 0xff, 0x0, 0x3f, 0xfc, 0x3f, 0xff,
    0x20, 0xff, 0xfe, 0x0, 0x7f, 0xf8, 0x7f, 0xfe,
    0x41, 0x7f, 0xfd, 0x7, 0xff, 0x83, 0xff, 0xe4,
    0xf, 0xff, 0xf0, 0x3, 0xff, 0xc1, 0xff, 0xf2,
    0x17, 0xff, 0xf0, 0x20, 0xff, 0xef, 0xff, 0xfc,
    0x85, 0x7f, 0xff, 0x0, 0x3f, 0xfb, 0xff, 0xff,
    0x21, 0x3f, 0xff, 0xc1, 0xf, 0xfe, 0xf7, 0xff,
    0xc8, 0x6f, 0xff, 0xe0, 0xc1, 0xff, 0xdd, 0xff,
    0xf9, 0xc, 0xff, 0xff, 0x5, 0xf, 0xfe, 0xe7,
    0xff, 0xc8, 0x77, 0xff, 0xf0, 0xa0, 0xff, 0xed,
    0xff, 0xfc, 0x87, 0x3f, 0xff, 0xc3, 0xf, 0xfe,
    0xd7, 0xff, 0xc8, 0x7b, 0xff, 0xf8, 0x90, 0x7f,
    0xf6, 0x3f, 0xfe, 0x43, 0xef, 0xff, 0xe3, 0x21,
    0xff, 0xd5, 0xff, 0xf9, 0xf, 0xaf, 0xff, 0xe4,
    0xca, 0xf, 0xfe, 0x7f, 0xff, 0xc8, 0x7e, 0xbf,
    0xff, 0xe2, 0x87, 0xf7, 0xff, 0xfc, 0x50, 0xff,
    0x7f, 0xff, 0xc1, 0xf, 0xfb, 0xff, 0xfd, 0xe8,
    0x7f, 0xf0, 0x2f, 0xff, 0xf6, 0xa1, 0xff, 0xc1,
    0x7f, 0xff, 0xd8, 0x87, 0xff, 0xe, 0xff, 0xff,
    0x52, 0x1f, 0xfc, 0x5b, 0xff, 0xfd, 0x8, 0x7f,
    0xf1, 0xef, 0xff, 0xf3, 0x21, 0xff, 0xc9, 0x6f,
    0xff, 0xf1, 0xa1, 0xff, 0xcd, 0x69, 0xff, 0xfd,
    0xe4, 0x3f, 0xfa, 0x8b, 0xff, 0xda, 0x0,

    /* U+0048 "H" */
    0x7f, 0xfe, 0xf, 0xff, 0x1d, 0xff, 0xe9, 0xff,
    0xf8, 0x3f, 0xfc, 0x77, 0xff, 0xa7, 0xff, 0xe0,
    0xff, 0xf1, 0xdf, 0xfe, 0x9f, 0xff, 0x83, 0xff,
    0xc7, 0x7f, 0xfa, 0x7f, 0xfe, 0xf, 0xff, 0x1d,
    0xff, 0xe9, 0xff, 0xf8, 0x3f, 0xfc, 0x77, 0xff,
    0xa7, 0xff, 0xe0, 0xff, 0xf1, 0xdf, 0xfe, 0x9f,
    0xff, 0x83, 0xff, 0xc7, 0x7f, 0xfa, 0x7f, 0xfe,
    0xf, 0xff, 0x1d, 0xff, 0xe9, 0xff, 0xf8, 0x3f,
    0xfc, 0x77, 0xff, 0xa7, 0xff, 0xe0, 0xff, 0xf1,
    0xdf, 0xfe, 0x9f, 0xff, 0x83, 0xff, 0xc7, 0x7f,
    0xfa, 0x7f, 0xfe, 0xf, 0xff, 0x1d, 0xff, 0xe9,
    0xff, 0xf8, 0x3f, 0xfc, 0x77, 0xff, 0xa7, 0xff,
    0xe0, 0xff, 0xf1, 0xdf, 0xfe, 0x9f, 0xff, 0x83,
    0xff, 0xc7, 0x7f, 0xfa, 0x7f, 0xfe, 0xf, 0xff,
    0x1d, 0xff, 0xe9, 0xff, 0xf8, 0x3f, 0xfc, 0x77,
    0xff, 0xa7, 0xff, 0xe0, 0xff, 0xf1, 0xdf, 0xfe,
    0x9f, 0xff, 0x83, 0xff, 0xc7, 0x7f, 0xfa, 0x7f,
    0xfe, 0xf, 0xff, 0x1d, 0xff, 0xe9, 0xff, 0xf8,
    0x3f, 0xfc, 0x77, 0xff, 0xa7, 0xff, 0xe0, 0xff,
    0xf1, 0xdf, 0xfe, 0x9f, 0xff, 0x83, 0xff, 0xc7,
    0x7f, 0xfa, 0x7f, 0xfe, 0xf, 0xff, 0x1d, 0xff,
    0xe9, 0xff, 0xf8, 0x3f, 0xfc, 0x77, 0xff, 0xa7,
    0xff, 0xe0, 0xff, 0xf1, 0xdf, 0xfe, 0x9f, 0xff,
    0x83, 0xff, 0xc7, 0x7f, 0xfa, 0x7f, 0xfe, 0xf,
    0xff, 0x1d, 0xff, 0xe9, 0xff, 0xf8, 0x3f, 0xfc,
    0x77, 0xff, 0xa7, 0xff, 0xe0, 0xff, 0xf1, 0xdf,
    0xfe, 0x9f, 0xff, 0x83, 0xff, 0xc7, 0x7f, 0xfa,
    0x7f, 0xfe, 0xf, 0xff, 0x1d, 0xff, 0xe9, 0xff,
    0xfa, 0x5f, 0xff, 0x17, 0xff, 0xd3, 0xff, 0xff,
    0x99, 0xff, 0xff, 0xcc, 0xff, 0xff, 0xe6, 0x7f,
    0xff, 0xf3, 0x3f, 0xff, 0xf9, 0x9f, 0xff, 0xfc,
    0xcf, 0xff, 0xfe, 0x67, 0xff, 0xff, 0x33, 0xff,
    0xff, 0x99, 0xff, 0xff, 0xcc, 0xff, 0xff, 0xe6,
    0x7f, 0xfe, 0xf, 0xff, 0x1d, 0xff, 0xe9, 0xff,
    0xf8, 0x3f, 0xfc, 0x77, 0xff, 0xa7, 0xff, 0xe0,
    0xff, 0xf1, 0xdf, 0xfe, 0x9f, 0xff, 0x83, 0xff,
    0xc7, 0x7f, 0xfa, 0x7f, 0xfe, 0xf, 0xff, 0x1d,
    0xff, 0xe9, 0xff, 0xf8, 0x3f, 0xfc, 0x77, 0xff,
    0xa7, 0xff, 0xe0, 0xff, 0xf1, 0xdf, 0xfe, 0x9f,
    0xff, 0x83, 0xff, 0xc7, 0x7f, 0xfa, 0x7f, 0xfe,
    0xf, 0xff, 0x1d, 0xff, 0xe9, 0xff, 0xf8, 0x3f,
    0xfc, 0x77, 0xff, 0xa7, 0xff, 0xe0, 0xff, 0xf1,
    0xdf, 0xfe, 0x9f, 0xff, 0x83, 0xff, 0xc7, 0x7f,
    0xfa, 0x7f, 0xfe, 0xf, 0xff, 0x1d, 0xff, 0xe9,
    0xff, 0xf8, 0x3f, 0xfc, 0x77, 0xff, 0xa7, 0xff,
    0xe0, 0xff, 0xf1, 0xdf, 0xfe, 0x9f, 0xff, 0x83,
    0xff, 0xc7, 0x7f, 0xfa, 0x7f, 0xfe, 0xf, 0xff,
    0x1d, 0xff, 0xe9, 0xff, 0xf8, 0x3f, 0xfc, 0x77,
    0xff, 0xa7, 0xff, 0xe0, 0xff, 0xf1, 0xdf, 0xfe,
    0x9f, 0xff, 0x83, 0xff, 0xc7, 0x7f, 0xfa, 0x7f,
    0xfe, 0xf, 0xff, 0x1d, 0xff, 0xe9, 0xff, 0xf8,
    0x3f, 0xfc, 0x77, 0xff, 0xa7, 0xff, 0xe0, 0xff,
    0xf1, 0xdf, 0xfe, 0x9f, 0xff, 0x83, 0xff, 0xc7,
    0x7f, 0xfa, 0x7f, 0xfe, 0xf, 0xff, 0x1d, 0xff,
    0xe9, 0xff, 0xf8, 0x3f, 0xfc, 0x77, 0xff, 0xa7,
    0xff, 0xe0, 0xff, 0xf1, 0xdf, 0xfe, 0x9f, 0xff,
    0x83, 0xff, 0xc7, 0x7f, 0xfa, 0x7f, 0xfe, 0xf,
    0xff, 0x1d, 0xff, 0xe9, 0xff, 0xf8, 0x3f, 0xfc,
    0x77, 0xff, 0xa7, 0xff, 0xe0, 0xff, 0xf1, 0xdf,
    0xfe, 0x9f, 0xff, 0x83, 0xff, 0xc7, 0x7f, 0xfa,
    0x7f, 0xfe, 0xf, 0xff, 0x1d, 0xff, 0xe9, 0xff,
    0xf8, 0x3f, 0xfc, 0x77, 0xff, 0xa7, 0xff, 0xe0,
    0xff, 0xf1, 0xdf, 0xfe, 0x85, 0xff, 0x83, 0xff,
    0xc8, 0xbf, 0xe0,

    /* U+0049 "I" */
    0x3f, 0xfe, 0x4f, 0xff, 0x93, 0xff, 0xe4, 0xff,
    0xf9, 0x3f, 0xfe, 0x4f, 0xff, 0x93, 0xff, 0xe4,
    0xff, 0xf9, 0x3f, 0xfe, 0x4f, 0xff, 0x93, 0xff,
    0xe4, 0xff, 0xf9, 0x3f, 0xfe, 0x4f, 0xff, 0x93,
    0xff, 0xe4, 0xff, 0xf9, 0x3f, 0xfe, 0x4f, 0xff,
    0x93, 0xff, 0xe4, 0xff, 0xf9, 0x3f, 0xfe, 0x4f,
    0xff, 0x93, 0xff, 0xe4, 0xff, 0xf9, 0x3f, 0xfe,
    0x4f, 0xff, 0x93, 0xff, 0xe4, 0xff, 0xf9, 0x3f,
    0xfe, 0x4f, 0xff, 0x93, 0xff, 0xe4, 0xff, 0xf9,
    0x3f, 0xfe, 0x4f, 0xff, 0x93, 0xff, 0xe4, 0xff,
    0xf9, 0x3f, 0xfe, 0x4f, 0xff, 0x93, 0xff, 0xe4,
    0xff, 0xf9, 0x3f, 0xfe, 0x4f, 0xff, 0x93, 0xff,
    0xe4, 0xff, 0xf9, 0x3f, 0xfe, 0x4f, 0xff, 0x93,
    0xff, 0xe4, 0xff, 0xf9, 0x3f, 0xfe, 0x4f, 0xff,
    0x93, 0xff, 0xe4, 0xff, 0xf9, 0x3f, 0xfe, 0x4f,
    0xff, 0x93, 0xff, 0xe4, 0xff, 0xf9, 0x3f, 0xfe,
    0x4f, 0xff, 0x93, 0xff, 0xe4, 0xff, 0xf9, 0x3f,
    0xfe, 0x4f, 0xff, 0x93, 0xff, 0xe4, 0xff, 0xf9,
    0x3f, 0xfe, 0x4f, 0xff, 0x93, 0xff, 0xe4, 0xff,
    0xf9, 0x3f, 0xfe, 0x4f, 0xff, 0x93, 0xff, 0xe4,
    0xff, 0xf9, 0x3f, 0xfe, 0x4f, 0xff, 0x93, 0xff,
    0xe4, 0xff, 0xf9, 0x3f, 0xfe, 0x4f, 0xff, 0x93,
    0xff, 0xe4, 0xff, 0xf9, 0x17, 0xfe, 0x0,

    /* U+004A "J" */
    0xf, 0xfe, 0xdf, 0xff, 0xc1, 0xff, 0xdc, 0xff,
    0xf8, 0x3f, 0xfb, 0x9f, 0xff, 0x7, 0xff, 0x73,
    0xff, 0xe0, 0xff, 0xee, 0x7f, 0xfc, 0x1f, 0xfd,
    0xcf, 0xff, 0x83, 0xff, 0xb9, 0xff, 0xf0, 0x7f,
    0xf7, 0x3f, 0xfe, 0xf, 0xfe, 0xe7, 0xff, 0xc1,
    0xff, 0xdc, 0xff, 0xf8, 0x3f, 0xfb, 0x9f, 0xff,
    0x7, 0xff, 0x73, 0xff, 0xe0, 0xff, 0xee, 0x7f,
    0xfc, 0x1f, 0xfd, 0xcf, 0xff, 0x83, 0xff, 0xb9,
    0xff, 0xf0, 0x7f, 0xf7, 0x3f, 0xfe, 0xf, 0xfe,
    0xe7, 0xff, 0xc1, 0xff, 0xdc, 0xff, 0xf8, 0x3f,
    0xfb, 0x9f, 0xff, 0x7, 0xff, 0x73, 0xff, 0xe0,
    0xff, 0xee, 0x7f, 0xfc, 0x1f, 0xfd, 0xcf, 0xff,
    0x83, 0xff, 0xb9, 0xff, 0xf0, 0x7f, 0xf7, 0x3f,
    0xfe, 0xf, 0xfe, 0xe7, 0xff, 0xc1, 0xff, 0xdc,
    0xff, 0xf8, 0x3f, 0xfb, 0x9f, 0xff, 0x7, 0xff,
    0x73, 0xff, 0xe0, 0xff, 0xee, 0x7f, 0xfc, 0x1f,
    0xfd, 0xcf, 0xff, 0x83, 0xff, 0xb9, 0xff, 0xf0,
    0x7f, 0xf7, 0x3f, 0xfe, 0xf, 0xfe, 0xe7, 0xff,
    0xc1, 0xff, 0xdc, 0xff, 0xf8, 0x3f, 0xfb, 0x9f,
    0xff, 0x7, 0xff, 0x73, 0xff, 0xe0, 0xff, 0xee,
    0x7f, 0xfc, 0x1f, 0xfd, 0xcf, 0xff, 0x83, 0xff,
    0xb9, 0xff, 0xf0, 0x7f, 0xf7, 0x3f, 0xfe, 0xf,
    0xfe, 0xe7, 0xff, 0xc1, 0xff, 0xdc, 0xff, 0xf8,
    0x3f, 0xfb, 0x9f, 0xff, 0x7, 0xff, 0x73, 0xff,
    0xe0, 0xff, 0xee, 0x7f, 0xfc, 0x1f, 0xfd, 0xcf,
    0xff, 0x83, 0xff, 0xb9, 0xff, 0xf0, 0x7f, 0xf7,
    0x3f, 0xfe, 0xf, 0xfe, 0xe7, 0xff, 0xc1, 0xff,
    0xdc, 0xff, 0xf8, 0x3f, 0xfb, 0x9f, 0xff, 0x7,
    0xff, 0x73, 0xff, 0xe0, 0xff, 0xee, 0x7f, 0xfc,
    0x1f, 0xfd, 0xcf, 0xff, 0x83, 0xff, 0xb9, 0xff,
    0xf0, 0x7f, 0xf6, 0xdf, 0xff, 0x83, 0xff, 0xb7,
    0x7f, 0xfa, 0xf, 0xfe, 0xdf, 0xff, 0xd0, 0x7f,
    0xf6, 0xff, 0xfe, 0x43, 0xff, 0xb5, 0x7f, 0xfc,
    0x87, 0xff, 0x6b, 0xff, 0xf8, 0x1, 0xff, 0xda,
    0xbf, 0xff, 0x80, 0x1f, 0xfd, 0xaf, 0xff, 0xe0,
    0x41, 0xff, 0xd9, 0xff, 0xfe, 0xa, 0x1f, 0xfd,
    0x8f, 0xff, 0xe1, 0x7, 0xff, 0x63, 0xff, 0xf8,
    0x50, 0x7f, 0xf5, 0xaf, 0xff, 0xe1, 0x87, 0xff,
    0x56, 0xff, 0xfe, 0x24, 0x1f, 0xfd, 0x5, 0x5f,
    0xff, 0xc7, 0xf, 0x7f, 0xff, 0x82, 0xf, 0x7f,
    0xff, 0x80, 0x3e, 0xff, 0xfe, 0xf8, 0x7e, 0xff,
    0xfe, 0xf0, 0x7f, 0x7f, 0xff, 0x74, 0x3f, 0xdf,
    0xff, 0xdc, 0xf, 0xfb, 0xff, 0xfb, 0x50, 0x7f,
    0xf0, 0x3f, 0xff, 0xb2, 0x1f, 0xfc, 0x2f, 0xff,
    0xeb, 0x48, 0x7f, 0xf0, 0xff, 0xff, 0xa9, 0x7,
    0xff, 0x1b, 0xff, 0xfa, 0x12, 0x1f, 0xfc, 0x95,
    0xff, 0xe6, 0x7, 0xff, 0x38,

    /* U+004B "K" */
    0xbf, 0xfc, 0x87, 0xff, 0x62, 0xff, 0xfe, 0x1c,
    0x15, 0xff, 0xe4, 0x3f, 0xfa, 0xf7, 0xff, 0xf0,
    0xe0, 0xd7, 0xff, 0x90, 0xff, 0xeb, 0x5f, 0xff,
    0xc3, 0x83, 0xaf, 0xff, 0x21, 0xff, 0xd5, 0xbf,
    0xff, 0x87, 0x7, 0xaf, 0xff, 0x21, 0xff, 0xd4,
    0xbf, 0xff, 0x87, 0x7, 0xd7, 0xff, 0x90, 0xff,
    0xe9, 0xdf, 0xff, 0xc3, 0x83, 0xf5, 0xff, 0xe4,
    0x3f, 0xfa, 0x57, 0xff, 0xf0, 0xe0, 0xfe, 0xbf,
    0xfc, 0x87, 0xff, 0x46, 0xff, 0xfe, 0x1c, 0x1f,
    0xeb, 0xff, 0xc8, 0x7f, 0xf4, 0x2f, 0xff, 0xe1,
    0xa1, 0xff, 0x5f, 0xfe, 0x43, 0xff, 0x9f, 0x7f,
    0xff, 0xd, 0xf, 0xfe, 0x5, 0xff, 0xe4, 0x3f,
    0xf9, 0xd7, 0xff, 0xf0, 0xd0, 0xff, 0xe0, 0xdf,
    0xfe, 0x43, 0xff, 0x9b, 0xff, 0xfc, 0x44, 0x3f,
    0xf8, 0x57, 0xff, 0x90, 0xff, 0xe6, 0x7f, 0xff,
    0x11, 0xf, 0xfe, 0x1d, 0xff, 0xe4, 0x3f, 0xf9,
    0x7f, 0xff, 0xc4, 0x43, 0xff, 0x89, 0x7f, 0xf9,
    0xf, 0xfe, 0x57, 0xff, 0xf1, 0x10, 0xff, 0xe2,
    0xdf, 0xfe, 0x43, 0xff, 0x93, 0xff, 0xfc, 0x44,
    0x3f, 0xf8, 0xd7, 0xff, 0x90, 0xff, 0xe4, 0x7f,
    0xff, 0x11, 0xf, 0xfe, 0x3d, 0xff, 0xe4, 0x3f,
    0xf8, 0xff, 0xff, 0xc4, 0x43, 0xff, 0x91, 0x7f,
    0xf9, 0xf, 0xfe, 0x37, 0xff, 0xf1, 0x10, 0xff,
    0xe4, 0xdf, 0xfe, 0x43, 0xff, 0x8b, 0xff, 0xfc,
    0x44, 0x3f, 0xf9, 0x57, 0xff, 0x90, 0xff, 0xe2,
    0x7f, 0xff, 0x11, 0xf, 0xfe, 0x5d, 0xff, 0xe4,
    0x3f, 0xf8, 0x7f, 0xff, 0xc4, 0xf, 0xfe, 0x6d,
    0xff, 0xe4, 0x3f, 0xf8, 0x5f, 0xff, 0xc4, 0xf,
    0xfe, 0x75, 0xff, 0xe4, 0x3f, 0xf8, 0x3f, 0xff,
    0xc4, 0xf, 0xfe, 0x7d, 0xff, 0xe4, 0x3f, 0xf8,
    0x1f, 0xff, 0xc4, 0xf, 0xfe, 0x85, 0xff, 0xe4,
    0x3f, 0xef, 0xff, 0xe2, 0x7, 0xff, 0x46, 0xff,
    0xf2, 0x1f, 0xef, 0xff, 0xe2, 0x7, 0xff, 0x4a,
    0xff, 0xf2, 0x1f, 0xdf, 0xff, 0xc4, 0xf, 0xfe,
    0x9d, 0xff, 0xe4, 0x3f, 0x7f, 0xff, 0x10, 0x3f,
    0xfa, 0x97, 0xff, 0x90, 0xf3, 0xff, 0xfc, 0x40,
    0xff, 0xea, 0xdf, 0xfe, 0x43, 0x9f, 0xff, 0xe2,
    0x7, 0xff, 0x5a, 0xff, 0xf2, 0x19, 0xff, 0xfe,
    0x20, 0x7f, 0xf5, 0xef, 0xff, 0x21, 0x3f, 0xff,
    0xc4, 0xf, 0xfe, 0xc5, 0xff, 0xe4, 0xf, 0xff,
    0xf1, 0x3, 0xff, 0xb3, 0x7f, 0xf9, 0x1f, 0xff,
    0xe2, 0x7, 0xff, 0x6a, 0xff, 0xf2, 0xbf, 0xff,
    0x88, 0x1f, 0xfd, 0xbb, 0xff, 0xd7, 0xff, 0xf1,
    0x3, 0xff, 0xb9, 0x7f, 0xff, 0x38, 0x3f, 0xfb,
    0xb7, 0xff, 0xf3, 0x43, 0xff, 0xbd, 0x7f, 0xff,
    0x31, 0xf, 0xfe, 0xf5, 0xff, 0xfc, 0xd4, 0x3f,
    0xfb, 0xb7, 0xff, 0xf3, 0x90, 0xff, 0xee, 0x5f,
    0xff, 0xcf, 0x43, 0xff, 0xb7, 0x7f, 0xf9, 0xbf,
    0xff, 0x89, 0x7, 0xff, 0x6a, 0xff, 0xf2, 0x5f,
    0xff, 0xc4, 0x83, 0xff, 0xb3, 0x7f, 0xf9, 0x5,
    0xff, 0xfc, 0x48, 0x3f, 0xfb, 0x17, 0xff, 0x90,
    0xaf, 0xff, 0xe2, 0x41, 0xff, 0xd7, 0xbf, 0xfc,
    0x86, 0xbf, 0xff, 0x89, 0x7, 0xff, 0x5a, 0xff,
    0xf2, 0x1c, 0xff, 0xff, 0x12, 0xf, 0xfe, 0xad,
    0xff, 0xe4, 0x3c, 0xff, 0xff, 0x12, 0xf, 0xfe,
    0xa5, 0xff, 0xe4, 0x3e, 0x7f, 0xff, 0x89, 0x7,
    0xff, 0x4e, 0xff, 0xf2, 0x1f, 0x9f, 0xff, 0xe2,
    0x41, 0xff, 0xd2, 0xbf, 0xfc, 0x87, 0xf3, 0xff,
    0xfc, 0x48, 0x3f, 0xfa, 0x37, 0xff, 0x90, 0xff,
    0x3f, 0xff, 0xc4, 0x83, 0xff, 0xa1, 0x7f, 0xf9,
    0xf, 0xfe, 0x7, 0xff, 0xf1, 0x20, 0xff, 0xe7,
    0xdf, 0xfe, 0x43, 0xff, 0x83, 0xff, 0xfc, 0x48,
    0x3f, 0xf9, 0xd7, 0xff, 0x90, 0xff, 0xe1, 0x7f,
    0xff, 0x12, 0xf, 0xfe, 0x6d, 0xff, 0xe4, 0x3f,
    0xf8, 0x7f, 0xff, 0xc4, 0x83, 0xff, 0x99, 0x7f,
    0xf9, 0xf, 0xfe, 0x27, 0xff, 0xf1, 0x43, 0xff,
    0x97, 0x7f, 0xf9, 0xf, 0xfe, 0x2f, 0xff, 0xf1,
    0x43, 0xff, 0x95, 0x7f, 0xf9, 0xf, 0xfe, 0x37,
    0xff, 0xf1, 0x43, 0xff, 0x93, 0x7f, 0xf9, 0xf,
    0xfe, 0x3f, 0xff, 0xf1, 0x43, 0xff, 0x91, 0x7f,
    0xf9, 0xf, 0xfe, 0x47, 0xff, 0xf1, 0x43, 0xff,
    0x8f, 0x7f, 0xf9, 0xf, 0xfe, 0x4d, 0xff, 0xfc,
    0x40, 0xff, 0xe3, 0x5f, 0xfe, 0x43, 0xff, 0x95,
    0x7f, 0xff, 0x10, 0x3f, 0xf8, 0xb7, 0xff, 0x90,
    0xff, 0xe5, 0xdf, 0xff, 0xc4, 0xf, 0xfe, 0x25,
    0xff, 0xe4, 0x3f, 0xf9, 0x97, 0xff, 0xf1, 0x3,
    0xff, 0x87, 0x7f, 0xf9, 0xf, 0xfe, 0x6d, 0xff,
    0xfc, 0x40, 0xff, 0xe1, 0x5f, 0xfe, 0x43, 0xff,
    0x9d, 0x7f, 0xff, 0x10, 0x3f, 0xf8, 0x37, 0xff,
    0x90, 0xff, 0xe7, 0xbf, 0xff, 0xc4, 0xf, 0xfe,
    0x5, 0xff, 0xe4, 0x3f, 0xfa, 0xf, 0xff, 0xf1,
    0x3, 0xfe, 0xbf, 0xfc, 0x87, 0xff, 0x45, 0xff,
    0xfe, 0x20, 0x7f, 0xaf, 0xff, 0x21, 0xff, 0xd2,
    0x7f, 0xff, 0x88, 0x1f, 0xd7, 0xff, 0x90, 0xff,
    0xe9, 0xbf, 0xff, 0xc4, 0xf, 0xd7, 0xff, 0x90,
    0xff, 0xea, 0x3f, 0xff, 0xc4, 0xf, 0xaf, 0xff,
    0x21, 0xff, 0xd6, 0xff, 0xfe, 0x20, 0x7a, 0xff,
    0xf2, 0x1f, 0xfd, 0x7f, 0xff, 0xe2, 0x7, 0x5f,
    0xfe, 0x43, 0xff, 0xb1, 0xff, 0xfc, 0x40, 0xd7,
    0xff, 0x90, 0xff, 0xec, 0xff, 0xff, 0x10, 0x2b,
    0xff, 0xc8, 0x7f, 0xf6, 0xbf, 0xff, 0x88, 0x81,
    0x7f, 0xc1, 0xff, 0xdc, 0x5f, 0xfe, 0x20,

    /* U+004C "L" */
    0xbf, 0xfc, 0x87, 0xff, 0x9a, 0xff, 0xf2, 0x1f,
    0xfe, 0x6b, 0xff, 0xc8, 0x7f, 0xf9, 0xaf, 0xff,
    0x21, 0xff, 0xe6, 0xbf, 0xfc, 0x87, 0xff, 0x9a,
    0xff, 0xf2, 0x1f, 0xfe, 0x6b, 0xff, 0xc8, 0x7f,
    0xf9, 0xaf, 0xff, 0x21, 0xff, 0xe6, 0xbf, 0xfc,
    0x87, 0xff, 0x9a, 0xff, 0xf2, 0x1f, 0xfe, 0x6b,
    0xff, 0xc8, 0x7f, 0xf9, 0xaf, 0xff, 0x21, 0xff,
    0xe6, 0xbf, 0xfc, 0x87, 0xff, 0x9a, 0xff, 0xf2,
    0x1f, 0xfe, 0x6b, 0xff, 0xc8, 0x7f, 0xf9, 0xaf,
    0xff, 0x21, 0xff, 0xe6, 0xbf, 0xfc, 0x87, 0xff,
    0x9a, 0xff, 0xf2, 0x1f, 0xfe, 0x6b, 0xff, 0xc8,
    0x7f, 0xf9, 0xaf, 0xff, 0x21, 0xff, 0xe6, 0xbf,
    0xfc, 0x87, 0xff, 0x9a, 0xff, 0xf2, 0x1f, 0xfe,
    0x6b, 0xff, 0xc8, 0x7f, 0xf9, 0xaf, 0xff, 0x21,
    0xff, 0xe6, 0xbf, 0xfc, 0x87, 0xff, 0x9a, 0xff,
    0xf2, 0x1f, 0xfe, 0x6b, 0xff, 0xc8, 0x7f, 0xf9,
    0xaf, 0xff, 0x21, 0xff, 0xe6, 0xbf, 0xfc, 0x87,
    0xff, 0x9a, 0xff, 0xf2, 0x1f, 0xfe, 0x6b, 0xff,
    0xc8, 0x7f, 0xf9, 0xaf, 0xff, 0x21, 0xff, 0xe6,
    0xbf, 0xfc, 0x87, 0xff, 0x9a, 0xff, 0xf2, 0x1f,
    0xfe, 0x6b, 0xff, 0xc8, 0x7f, 0xf9, 0xaf, 0xff,
    0x21, 0xff, 0xe6, 0xbf, 0xfc, 0x87, 0xff, 0x9a,
    0xff, 0xf2, 0x1f, 0xfe, 0x6b, 0xff, 0xc8, 0x7f,
    0xf9, 0xaf, 0xff, 0x21, 0xff, 0xe6, 0xbf, 0xfc,
    0x87, 0xff, 0x9a, 0xff, 0xf2, 0x1f, 0xfe, 0x6b,
    0xff, 0xc8, 0x7f, 0xf9, 0xaf, 0xff, 0x21, 0xff,
    0xe6, 0xbf, 0xfc, 0x87, 0xff, 0x9a, 0xff, 0xf2,
    0x1f, 0xfe, 0x6b, 0xff, 0xc8, 0x7f, 0xf9, 0xaf,
    0xff, 0x21, 0xff, 0xe6, 0xbf, 0xfc, 0x87, 0xff,
    0x9a, 0xff, 0xf2, 0x1f, 0xfe, 0x6b, 0xff, 0xc8,
    0x7f, 0xf9, 0xaf, 0xff, 0x21, 0xff, 0xe6, 0xbf,
    0xfc, 0x87, 0xff, 0x9a, 0xff, 0xf4, 0x1f, 0xfe,
    0x6b, 0xff, 0xd0, 0x7f, 0xf9, 0x9f, 0xff, 0x83,
    0xff, 0xcc, 0xff, 0xfc, 0x1f, 0xfe, 0x7f, 0xff,
    0x90, 0xff, 0xf3, 0x7f, 0xfd, 0x7, 0xff, 0x9b,
    0xff, 0xf8, 0x1, 0xff, 0xe6, 0xbf, 0xfe, 0x43,
    0xff, 0xca, 0xff, 0xff, 0x0, 0x3f, 0xfc, 0xdf,
    0xff, 0xc0, 0x83, 0xff, 0xcb, 0xff, 0xfc, 0x14,
    0x3f, 0xfc, 0x97, 0xff, 0xf0, 0x50, 0xff, 0xf2,
    0x7f, 0xff, 0x9, 0xf, 0xff, 0x1f, 0xff, 0xf1,
    0x3, 0xff, 0xc4, 0xff, 0xff, 0x12, 0x43, 0xff,
    0xc1, 0x7f, 0xff, 0x1e, 0x50, 0x7f, 0xf7, 0x3f,
    0xff, 0xda, 0x1c, 0xff, 0xff, 0xb0, 0x3d, 0x7f,
    0xff, 0xac, 0x3e, 0xbf, 0xff, 0xd4, 0x1f, 0xaf,
    0xff, 0xf4, 0x87, 0xf5, 0xff, 0xfe, 0x80, 0xff,
    0x3f, 0xff, 0xe7, 0xf, 0xfe, 0x5, 0xff, 0xfe,
    0x50, 0xff, 0xe1, 0x5f, 0xff, 0xe3, 0xf, 0xfe,
    0x23, 0x7f, 0xff, 0x80, 0x3f, 0xf9, 0xd, 0xff,
    0xfd, 0xc0, 0xff, 0xe7, 0x2f, 0xff, 0x60,

    /* U+004D "M" */
    0xbf, 0xff, 0x88, 0x1f, 0xfe, 0x87, 0xff, 0xf8,
    0xa5, 0xff, 0xfc, 0x48, 0x3f, 0xfc, 0xf7, 0xff,
    0xf1, 0x4b, 0xff, 0xf8, 0xa1, 0xff, 0xe7, 0xff,
    0xfe, 0x31, 0x7f, 0xff, 0x16, 0xf, 0xff, 0x2d,
    0xff, 0xfc, 0x62, 0xff, 0xfe, 0x30, 0x7f, 0xf9,
    0x7f, 0xff, 0x8e, 0x5f, 0xff, 0xc6, 0x43, 0xff,
    0xc6, 0xff, 0xff, 0x1c, 0xbf, 0xff, 0x8e, 0x1f,
    0xfe, 0x3f, 0xff, 0xe4, 0x17, 0xff, 0xf1, 0xc3,
    0xff, 0xc7, 0xff, 0xfc, 0x82, 0xff, 0xfe, 0x3c,
    0x1f, 0xfe, 0x1b, 0xff, 0xf9, 0x5, 0xff, 0xfc,
    0x80, 0xff, 0xf0, 0xff, 0xff, 0x24, 0xbf, 0xff,
    0x91, 0x7, 0xff, 0x7e, 0xff, 0xfe, 0x49, 0x7f,
    0xff, 0x24, 0x3f, 0xfb, 0xff, 0xff, 0xca, 0x2f,
    0xff, 0xe4, 0xa1, 0xff, 0xdd, 0x7f, 0xff, 0x94,
    0x5f, 0xff, 0xca, 0xf, 0xfe, 0xef, 0xff, 0xf2,
    0xcb, 0xff, 0xf9, 0x41, 0xff, 0xdd, 0xff, 0xfe,
    0x59, 0x7f, 0xff, 0x2a, 0xf, 0xfe, 0xdd, 0xff,
    0xfc, 0xb2, 0xff, 0xfe, 0x58, 0x7f, 0xf6, 0xff,
    0xff, 0x81, 0x7f, 0xfc, 0x5f, 0xff, 0x3f, 0xff,
    0x41, 0xff, 0xd9, 0x7f, 0xff, 0x80, 0xff, 0xfc,
    0x5f, 0xff, 0x1f, 0xff, 0xc0, 0xf, 0xfe, 0xcf,
    0xff, 0xf0, 0x15, 0xff, 0xf1, 0x7f, 0xfc, 0x5f,
    0xff, 0x21, 0xff, 0xd7, 0x7f, 0xff, 0x80, 0x3f,
    0xff, 0x17, 0xff, 0xc0, 0xff, 0xfe, 0x0, 0x7f,
    0xf5, 0xef, 0xff, 0xa1, 0xff, 0xf8, 0xbf, 0xfe,
    0x7, 0xff, 0xf0, 0x3, 0xff, 0xaf, 0xff, 0xfc,
    0x0, 0x3f, 0xff, 0x17, 0xff, 0xc0, 0x7f, 0xfe,
    0x83, 0xff, 0xab, 0x7f, 0xff, 0x0, 0xf, 0xff,
    0xc5, 0xff, 0xf0, 0x5f, 0xff, 0xc0, 0xf, 0xfe,
    0xaf, 0xff, 0xf0, 0x10, 0x3f, 0xff, 0x17, 0xff,
    0xc1, 0x5f, 0xff, 0x41, 0xff, 0xd3, 0x7f, 0xff,
    0x80, 0x13, 0xff, 0xf1, 0x7f, 0xfc, 0x1b, 0xff,
    0xf8, 0x1, 0xff, 0xd3, 0xff, 0xfe, 0x2, 0x13,
    0xff, 0xf1, 0x7f, 0xfc, 0x1a, 0xff, 0xf9, 0xf,
    0xfe, 0x8b, 0xff, 0xfc, 0x0, 0xcf, 0xff, 0xc5,
    0xff, 0xf0, 0x67, 0xff, 0xf8, 0x1, 0xff, 0xd1,
    0xbf, 0xfe, 0x83, 0x3f, 0xff, 0x17, 0xff, 0xc1,
    0xdf, 0xff, 0xc0, 0x43, 0xff, 0xa1, 0xff, 0xfc,
    0x0, 0xe7, 0xff, 0xe2, 0xff, 0xf8, 0x39, 0xff,
    0xfa, 0xf, 0xfe, 0x7d, 0xff, 0xfc, 0x0, 0xe7,
    0xff, 0xe2, 0xff, 0xf8, 0x3d, 0xff, 0xfc, 0x0,
    0xff, 0xe7, 0xff, 0xff, 0x1, 0xe, 0x7f, 0xfe,
    0x2f, 0xff, 0x83, 0xd7, 0xff, 0xd0, 0x7f, 0xf3,
    0x5f, 0xff, 0xe0, 0x7, 0x9f, 0xff, 0x8b, 0xff,
    0xe0, 0xfb, 0xff, 0xf8, 0x1, 0xff, 0xcd, 0xff,
    0xfe, 0x2, 0x1e, 0x7f, 0xfe, 0x2f, 0xff, 0x83,
    0xef, 0xff, 0xe0, 0x21, 0xff, 0xcc, 0xff, 0xfe,
    0x0, 0x7c, 0xff, 0xfc, 0x5f, 0xff, 0x7, 0xcf,
    0xff, 0xf0, 0x3, 0xff, 0x97, 0x7f, 0xfd, 0x7,
    0xcf, 0xff, 0xc5, 0xff, 0xf0, 0x7e, 0xff, 0xfe,
    0x2, 0x1f, 0xfc, 0xaf, 0xff, 0xe0, 0x7, 0xe7,
    0xff, 0xe2, 0xff, 0xf8, 0x3f, 0x5f, 0xff, 0x41,
    0xff, 0xc9, 0x7f, 0xff, 0x80, 0x1f, 0x9f, 0xff,
    0x8b, 0xff, 0xe0, 0xfe, 0xff, 0xfe, 0x0, 0x7f,
    0xf2, 0x7f, 0xff, 0x80, 0x87, 0xe7, 0xff, 0xe2,
    0xff, 0xf8, 0x3f, 0xaf, 0xff, 0xa0, 0xff, 0xe3,
    0xbf, 0xff, 0xc0, 0xf, 0xe7, 0xff, 0xe2, 0xff,
    0xf8, 0x3f, 0xdf, 0xff, 0xc0, 0xf, 0xfe, 0x3d,
    0xff, 0xf2, 0x1f, 0xcf, 0xff, 0xc5, 0xff, 0xf0,
    0x7f, 0xbf, 0xff, 0x80, 0x87, 0xff, 0x1b, 0xff,
    0xf8, 0x1, 0xfe, 0x7f, 0xfe, 0x2f, 0xff, 0x83,
    0xfc, 0xff, 0xff, 0x0, 0x3f, 0xf8, 0xb7, 0xff,
    0xd0, 0x7f, 0x9f, 0xff, 0x8b, 0xff, 0xe0, 0xff,
    0xbf, 0xff, 0x80, 0x87, 0xff, 0x13, 0xff, 0xf8,
    0x1, 0xff, 0x3f, 0xff, 0x17, 0xff, 0xc1, 0xff,
    0x5f, 0xff, 0x41, 0xff, 0xc3, 0x7f, 0xff, 0x80,
    0x1f, 0xf3, 0xff, 0xf1, 0x7f, 0xfc, 0x1f, 0xfc,
    0xf, 0xff, 0xe0, 0x7, 0xff, 0xf, 0xff, 0xf8,
    0x8, 0x7f, 0xcf, 0xff, 0xc5, 0xff, 0xf0, 0x7f,
    0xf0, 0x2f, 0xff, 0xa0, 0xff, 0xe0, 0xbf, 0xff,
    0xc0, 0xf, 0xfe, 0x3, 0xff, 0xf1, 0x7f, 0xfc,
    0x1f, 0xfc, 0x7, 0xff, 0xf8, 0x1, 0xff, 0xc1,
    0xbf, 0xfe, 0x43, 0xff, 0x80, 0xff, 0xfc, 0x5f,
    0xff, 0x7, 0xff, 0x7, 0xff, 0xf8, 0x8, 0x7f,
    0xf0, 0x3f, 0xff, 0x80, 0x1f, 0xfc, 0x17, 0xff,
    0xe2, 0xff, 0xf8, 0x3f, 0xf8, 0x2f, 0xff, 0xf0,
    0x3, 0xfe, 0xbf, 0xfe, 0x83, 0xff, 0x82, 0xff,
    0xfc, 0x5f, 0xff, 0x7, 0xff, 0xb, 0xff, 0xf8,
    0x8, 0x7f, 0xbf, 0xff, 0x80, 0x1f, 0xfc, 0x27,
    0xff, 0xe2, 0xff, 0xf8, 0x3f, 0xf8, 0x57, 0xff,
    0xd0, 0x7f, 0x3f, 0xff, 0xc0, 0xf, 0xfe, 0x13,
    0xff, 0xf1, 0x7f, 0xfc, 0x1f, 0xfc, 0x3f, 0xff,
    0xe0, 0x7, 0xf7, 0xff, 0xf0, 0x10, 0xff, 0xe1,
    0x3f, 0xff, 0x17, 0xff, 0xc1, 0xff, 0xc3, 0xff,
    0xfe, 0x4, 0x1f, 0xbf, 0xff, 0x80, 0x1f, 0xfc,
    0x37, 0xff, 0xe2, 0xff, 0xf8, 0x3f, 0xf8, 0x6f,
    0xff, 0xf0, 0x3, 0xeb, 0xff, 0xe4, 0x3f, 0xf8,
    0x6f, 0xff, 0xc5, 0xff, 0xf0, 0x7f, 0xf1, 0x3f,
    0xff, 0x80, 0x87, 0xbf, 0xff, 0x80, 0x1f, 0xfc,
    0x47, 0xff, 0xe2, 0xff, 0xf8, 0x3f, 0xf8, 0x97,
    0xff, 0xf0, 0x3, 0x9f, 0xff, 0xa0, 0xff, 0xe2,
    0x3f, 0xff, 0x17, 0xff, 0xc1, 0xff, 0xc5, 0xff,
    0xfe, 0x2, 0x1b, 0xff, 0xf8, 0x1, 0xff, 0xc5,
    0x7f, 0xfe, 0x2f, 0xff, 0x83, 0xff, 0x8b, 0x7f,
    0xfd, 0x4, 0xff, 0xff, 0x0, 0x3f, 0xf8, 0xaf,
    0xff, 0xc5, 0xff, 0xf0, 0x7f, 0xf1, 0xbf, 0xff,
    0x80, 0x17, 0xff, 0xf0, 0x10, 0xff, 0xe2, 0xbf,
    0xff, 0x17, 0xff, 0xc1, 0xff, 0xc6, 0xff, 0xfe,
    0x4, 0xf, 0xff, 0xe0, 0x7, 0xff, 0x19, 0xff,
    0xf8, 0xbf, 0xfe, 0xf, 0xfe, 0x33, 0xff, 0xfc,
    0x2, 0xff, 0xf9, 0xf, 0xfe, 0x33, 0xff, 0xf1,
    0x7f, 0xfc, 0x1f, 0xfc, 0x7f, 0xff, 0xe0, 0x3f,
    0xff, 0xc0, 0xf, 0xfe, 0x3b, 0xff, 0xf1, 0x7f,
    0xfc, 0x1f, 0xfc, 0x7b, 0xff, 0xf9, 0x70, 0x7f,
    0xf1, 0xdf, 0xff, 0x8b, 0xff, 0xe0, 0xff, 0xe4,
    0x7f, 0xff, 0x2c, 0x3f, 0xf9, 0xf, 0xff, 0xc5,
    0xff, 0xf0, 0x7f, 0xf2, 0x2f, 0xff, 0xe5, 0x7,
    0xff, 0x21, 0xff, 0xf8, 0xbf, 0xfe, 0xf, 0xfe,
    0x43, 0xff, 0xfc, 0x94, 0x3f, 0xf9, 0xf, 0xff,
    0xc5, 0xff, 0xf0, 0x7f, 0xf2, 0x7f, 0xff, 0x92,
    0x1f, 0xfc, 0x97, 0xff, 0xe2, 0xff, 0xf8, 0x3f,
    0xf9, 0x2f, 0xff, 0xf1, 0xd0, 0xff, 0xe4, 0xbf,
    0xff, 0x17, 0xff, 0xc1, 0xff, 0xca, 0xff, 0xfe,
    0x38, 0x7f, 0xf2, 0x9f, 0xff, 0x8b, 0xff, 0xe0,
    0xff, 0xe5, 0x5f, 0xff, 0xc5, 0x83, 0xff, 0x94,
    0xff, 0xfc, 0x5f, 0xff, 0x7, 0xff, 0x2f, 0xff,
    0xf8, 0xa1, 0xff, 0xcb, 0x7f, 0xfe, 0x2f, 0xff,
    0x83, 0xff, 0x97, 0xff, 0xfc, 0x50, 0xff, 0xe5,
    0xbf, 0xff, 0x17, 0xff, 0xc1, 0xff, 0xcb, 0x7f,
    0xff, 0x86, 0x87, 0xff, 0x2d, 0xff, 0xf8, 0xbf,
    0xfe, 0xf, 0xfe, 0x67, 0xff, 0xf0, 0xc3, 0xff,
    0x98, 0xff, 0xfc, 0x5f, 0xff, 0x7, 0xff, 0x32,
    0xff, 0xfe, 0xa, 0x1f, 0xfc, 0xc7, 0xff, 0xe2,
    0xff, 0xf8, 0x3f, 0xf9, 0xbf, 0xff, 0xc1, 0xf,
    0xfe, 0x6b, 0xff, 0xf1, 0x7f, 0xfc, 0x1f, 0xfc,
    0xdb, 0xff, 0xe8, 0x3f, 0xf9, 0xaf, 0xff, 0xc5,
    0xff, 0xf0, 0x7f, 0xf3, 0x5f, 0xff, 0x83, 0xff,
    0x9c, 0xff, 0xfc, 0x5f, 0xff, 0x7, 0xff, 0x3b,
    0xff, 0xe0, 0xff, 0xe7, 0x3f, 0xff, 0x17, 0xff,
    0xc1, 0xff, 0xce, 0x7f, 0xf9, 0xf, 0xfe, 0x73,
    0xff, 0xf0, 0x17, 0xfe, 0xf, 0xfe, 0x7a, 0xff,
    0x7, 0xff, 0x41, 0x7f, 0xe0,

    /* U+004E "N" */
    0xbf, 0xff, 0x81, 0x7, 0xff, 0x7b, 0xff, 0xe2,
    0xff, 0xfe, 0xa, 0x1f, 0xfd, 0xdf, 0xff, 0x8b,
    0xff, 0xf8, 0x41, 0xff, 0xdd, 0xff, 0xf8, 0xbf,
    0xff, 0x85, 0x7, 0xff, 0x73, 0xff, 0xe2, 0xff,
    0xfe, 0x1a, 0x1f, 0xfd, 0xbf, 0xff, 0x8b, 0xff,
    0xf8, 0x81, 0xff, 0xdb, 0xff, 0xf8, 0xbf, 0xff,
    0x89, 0x7, 0xff, 0x6b, 0xff, 0xe2, 0xff, 0xfe,
    0x2a, 0x1f, 0xfd, 0x9f, 0xff, 0x8b, 0xff, 0xf8,
    0xc1, 0xff, 0xd9, 0xff, 0xf8, 0xbf, 0xff, 0x8e,
    0x1f, 0xfd, 0x8f, 0xff, 0x8b, 0xff, 0xf8, 0xf0,
    0x7f, 0xf5, 0xff, 0xfe, 0x2f, 0xff, 0xe4, 0x21,
    0xff, 0xd6, 0xff, 0xf8, 0xbf, 0xff, 0x92, 0x1f,
    0xfd, 0x6f, 0xff, 0x8b, 0xff, 0xf9, 0x30, 0x7f,
    0xf5, 0x7f, 0xfe, 0x2f, 0xff, 0xe5, 0x21, 0xff,
    0xd4, 0xff, 0xf8, 0xbf, 0xff, 0x96, 0x1f, 0xfd,
    0x4f, 0xff, 0x8b, 0xff, 0xeb, 0xff, 0xf8, 0x1,
    0xff, 0xd3, 0xff, 0xf8, 0xbf, 0xfe, 0x3f, 0xff,
    0x80, 0x87, 0xff, 0x4b, 0xff, 0xe2, 0xff, 0xf8,
    0x7f, 0xff, 0x80, 0x1f, 0xfd, 0x2f, 0xff, 0x8b,
    0xff, 0xe0, 0x5f, 0xff, 0xc0, 0xf, 0xfe, 0x8f,
    0xff, 0xc5, 0xff, 0xf0, 0x5f, 0xff, 0xc0, 0x83,
    0xff, 0xa1, 0xff, 0xf1, 0x7f, 0xfc, 0x13, 0xff,
    0xfc, 0x4, 0x3f, 0xf9, 0xff, 0xff, 0x17, 0xff,
    0xc1, 0xaf, 0xff, 0xe0, 0x7, 0xff, 0x3f, 0xff,
    0xe2, 0xff, 0xf8, 0x3b, 0xff, 0xf8, 0x10, 0x7f,
    0xf3, 0xbf, 0xfe, 0x2f, 0xff, 0x83, 0xdf, 0xff,
    0xc0, 0x43, 0xff, 0x9b, 0xff, 0xf1, 0x7f, 0xfc,
    0x1e, 0xbf, 0xff, 0x80, 0x1f, 0xfc, 0xdf, 0xff,
    0x8b, 0xff, 0xe0, 0xfb, 0xff, 0xf8, 0x21, 0xff,
    0xcc, 0xff, 0xf8, 0xbf, 0xfe, 0xf, 0xdf, 0xff,
    0xc0, 0x43, 0xff, 0x97, 0xff, 0xf1, 0x7f, 0xfc,
    0x1f, 0x9f, 0xff, 0xe0, 0x7, 0xff, 0x2f, 0xff,
    0xe2, 0xff, 0xf8, 0x3f, 0xbf, 0xff, 0x82, 0x1f,
    0xfc, 0xaf, 0xff, 0x8b, 0xff, 0xe0, 0xff, 0x7f,
    0xff, 0x2, 0xf, 0xfe, 0x4f, 0xff, 0xc5, 0xff,
    0xf0, 0x7f, 0x9f, 0xff, 0xe0, 0x21, 0xff, 0xc8,
    0xff, 0xf8, 0xbf, 0xfe, 0xf, 0xfa, 0xff, 0xfe,
    0x0, 0x7f, 0xf2, 0x3f, 0xfe, 0x2f, 0xff, 0x83,
    0xff, 0x81, 0xff, 0xfc, 0x8, 0x3f, 0xf8, 0xff,
    0xff, 0x17, 0xff, 0xc1, 0xff, 0xc0, 0x7f, 0xff,
    0x80, 0x87, 0xff, 0x1b, 0xff, 0xe2, 0xff, 0xf8,
    0x3f, 0xf8, 0x37, 0xff, 0xf0, 0x3, 0xff, 0x8d,
    0xff, 0xf1, 0x7f, 0xfc, 0x1f, 0xfc, 0x2f, 0xff,
    0xe0, 0x87, 0xff, 0x17, 0xff, 0xe2, 0xff, 0xf8,
    0x3f, 0xf8, 0x4f, 0xff, 0xf0, 0x10, 0xff, 0xe2,
    0x7f, 0xfc, 0x5f, 0xff, 0x7, 0xff, 0xe, 0xff,
    0xfe, 0x0, 0x7f, 0xf1, 0x3f, 0xfe, 0x2f, 0xff,
    0x83, 0xff, 0x89, 0xff, 0xfc, 0x10, 0xff, 0xe1,
    0xff, 0xfc, 0x5f, 0xff, 0x7, 0xff, 0x11, 0xff,
    0xfe, 0x4, 0x1f, 0xfc, 0x2f, 0xff, 0x8b, 0xff,
    0xe0, 0xff, 0xe2, 0xdf, 0xff, 0xc0, 0x43, 0xff,
    0x83, 0xff, 0xf1, 0x7f, 0xfc, 0x1f, 0xfc, 0x6f,
    0xff, 0xe0, 0x87, 0xff, 0x7, 0xff, 0xe2, 0xff,
    0xf8, 0x3f, 0xf8, 0xff, 0xff, 0xc0, 0x83, 0xff,
    0x81, 0xff, 0xf1, 0x7f, 0xfc, 0x1f, 0xfc, 0x7b,
    0xff, 0xf8, 0x8, 0x7f, 0xdf, 0xff, 0x17, 0xff,
    0xc1, 0xff, 0xc8, 0xff, 0xfe, 0x8, 0x7f, 0xdf,
    0xff, 0x17, 0xff, 0xc1, 0xff, 0xc9, 0xff, 0xfe,
    0x8, 0x7f, 0xbf, 0xfe, 0x2f, 0xff, 0x83, 0xff,
    0x92, 0xff, 0xff, 0x1, 0xf, 0xef, 0xff, 0x8b,
    0xff, 0xe0, 0xff, 0xe5, 0x7f, 0xff, 0x4, 0x3f,
    0xbf, 0xfe, 0x2f, 0xff, 0x83, 0xff, 0x97, 0xff,
    0xfc, 0x10, 0xfd, 0xff, 0xf1, 0x7f, 0xfc, 0x1f,
    0xfc, 0xb7, 0xff, 0xf8, 0x10, 0x7d, 0xff, 0xf1,
    0x7f, 0xfc, 0x1f, 0xfc, 0xcb, 0xff, 0xf8, 0x8,
    0x7b, 0xff, 0xe2, 0xff, 0xf8, 0x3f, 0xf9, 0xbf,
    0xff, 0xc1, 0xf, 0x7f, 0xfc, 0x5f, 0xff, 0x7,
    0xff, 0x35, 0xff, 0xfe, 0x4, 0x1d, 0xff, 0xf1,
    0x7f, 0xfc, 0x1f, 0xfc, 0xeb, 0xff, 0xf8, 0x8,
    0x6f, 0xff, 0x8b, 0xff, 0xe0, 0xff, 0xe7, 0xff,
    0xff, 0x4, 0x37, 0xff, 0xc5, 0xff, 0xf0, 0x7f,
    0xf3, 0xdf, 0xff, 0xe0, 0x85, 0xff, 0xf1, 0x7f,
    0xfc, 0x1f, 0xfd, 0xb, 0xff, 0xf8, 0x8, 0x3f,
    0xfe, 0x2f, 0xff, 0x83, 0xff, 0xa3, 0xff, 0xfc,
    0x10, 0x7f, 0xfc, 0x5f, 0xff, 0x7, 0xff, 0x4b,
    0xff, 0xf8, 0x27, 0xff, 0xc5, 0xff, 0xf0, 0x7f,
    0xf4, 0xaf, 0xff, 0xe0, 0x5f, 0xff, 0x17, 0xff,
    0xc1, 0xff, 0xd3, 0xff, 0xfe, 0x61, 0x7f, 0xfc,
    0x1f, 0xfd, 0x4f, 0xff, 0xe5, 0x97, 0xff, 0xc1,
    0xff, 0xd4, 0x7f, 0xff, 0x94, 0x5f, 0xff, 0x7,
    0xff, 0x57, 0xff, 0xf9, 0x45, 0xff, 0xf0, 0x7f,
    0xf5, 0xbf, 0xff, 0x92, 0x5f, 0xff, 0x7, 0xff,
    0x59, 0xff, 0xfe, 0x41, 0x7f, 0xfc, 0x1f, 0xfd,
    0x7b, 0xff, 0xf8, 0xe5, 0xff, 0xf0, 0x7f, 0xf6,
    0x3f, 0xff, 0x8e, 0x5f, 0xff, 0x7, 0xff, 0x61,
    0xff, 0xfe, 0x31, 0x7f, 0xfc, 0x1f, 0xfd, 0x9b,
    0xff, 0xf8, 0xa5, 0xff, 0xf0, 0x7f, 0xf6, 0xbf,
    0xff, 0x8a, 0x5f, 0xff, 0x7, 0xff, 0x69, 0xff,
    0xfe, 0x21, 0x7f, 0xfc, 0x1f, 0xfd, 0xbb, 0xff,
    0xf8, 0x65, 0xff, 0xf0, 0x7f, 0xf7, 0x3f, 0xff,
    0x86, 0x5f, 0xff, 0x7, 0xff, 0x77, 0xff, 0xf8,
    0x45, 0xff, 0xf0, 0x7f, 0xf7, 0x6f, 0xff, 0xe0,
    0x97, 0xff, 0xc1, 0xff, 0xde, 0xff, 0xfe, 0x9,
    0x7f, 0xfc, 0x1f, 0xfd, 0xff, 0xff, 0xe0, 0x17,
    0xff, 0xc1, 0xff, 0xdf, 0x7f, 0xfe, 0x2, 0xff,
    0xc1, 0xff, 0xe0, 0x5f, 0xf8,

    /* U+004F "O" */
    0xf, 0xfe, 0x9a, 0xaf, 0xfe, 0x94, 0x1f, 0xfe,
    0xf6, 0xff, 0xfe, 0x3c, 0x87, 0xff, 0xa6, 0xff,
    0xfe, 0x6c, 0x1f, 0xfe, 0x5b, 0xff, 0xfa, 0x48,
    0x7f, 0xf8, 0x2f, 0xff, 0xeb, 0x7, 0xff, 0x75,
    0xff, 0xfe, 0xcc, 0x1f, 0xfd, 0xaf, 0xff, 0xee,
    0x87, 0xff, 0x5d, 0xff, 0xfe, 0xfa, 0x1f, 0xfd,
    0x4b, 0xff, 0xfc, 0x30, 0x7f, 0xf4, 0xaf, 0xff,
    0xf1, 0xc1, 0xff, 0xd0, 0xbf, 0xff, 0xcb, 0x7,
    0xff, 0x3a, 0xff, 0xfe, 0x44, 0xa0, 0xf2, 0xaf,
    0xff, 0xe3, 0xc1, 0xff, 0xcc, 0xbf, 0xff, 0x8c,
    0x87, 0xff, 0xd, 0xbf, 0xff, 0x8b, 0x7, 0xff,
    0x2a, 0xff, 0xfe, 0x2a, 0x1f, 0xfc, 0x8b, 0xff,
    0xf8, 0x90, 0x7f, 0xf2, 0x1f, 0xff, 0xe2, 0x21,
    0xff, 0xcc, 0xbf, 0xff, 0x86, 0x87, 0xff, 0x1f,
    0xff, 0xf8, 0x81, 0xff, 0xcf, 0x7f, 0xff, 0x86,
    0x1f, 0xfc, 0x6f, 0xff, 0xe1, 0xc1, 0xff, 0xd2,
    0xff, 0xfe, 0x18, 0x7f, 0xf1, 0x2f, 0xff, 0xe1,
    0x21, 0xff, 0xd4, 0xff, 0xfe, 0x14, 0x1f, 0xfc,
    0x3f, 0xff, 0xe1, 0x21, 0xff, 0xd6, 0xff, 0xfe,
    0x12, 0x1f, 0xfc, 0x1f, 0xff, 0xe1, 0x21, 0xff,
    0xd8, 0xff, 0xfe, 0x10, 0x7f, 0xf0, 0x1f, 0xff,
    0xe0, 0xa1, 0xff, 0xda, 0xff, 0xfe, 0xa, 0x1f,
    0xf7, 0xff, 0xf0, 0x60, 0xff, 0xed, 0xbf, 0xff,
    0xc1, 0xf, 0xf3, 0xff, 0xfc, 0x10, 0xff, 0xee,
    0xdf, 0xff, 0xc0, 0x83, 0xfb, 0xff, 0xf8, 0x21,
    0xff, 0xdf, 0xff, 0xfe, 0x8, 0x7f, 0x7f, 0xff,
    0x1, 0xf, 0xff, 0x7, 0xff, 0xf0, 0x10, 0xfa,
    0xff, 0xfe, 0x0, 0x7f, 0xf8, 0x6f, 0xff, 0xe0,
    0x7, 0xdf, 0xff, 0xc0, 0xf, 0xff, 0x1f, 0xff,
    0xf0, 0x10, 0xe7, 0xff, 0xe8, 0x3f, 0xfc, 0x77,
    0xff, 0xd0, 0x75, 0xff, 0xf0, 0x7f, 0xf9, 0x7f,
    0xff, 0x80, 0x1d, 0xff, 0xfc, 0x0, 0xff, 0xf2,
    0xdf, 0xff, 0x21, 0xbf, 0xfe, 0x43, 0xff, 0xca,
    0xff, 0xfd, 0x4, 0xff, 0xfc, 0x1f, 0xfe, 0x7f,
    0xff, 0xe0, 0x5, 0x7f, 0xfa, 0xf, 0xff, 0x3d,
    0xff, 0xf0, 0x5f, 0xff, 0x21, 0xff, 0xe7, 0x7f,
    0xfe, 0xb, 0xff, 0xe0, 0xff, 0xf4, 0xff, 0xfc,
    0x83, 0xff, 0xe0, 0xff, 0xf4, 0xff, 0xfd, 0xf,
    0xff, 0xc1, 0xff, 0xe9, 0xff, 0xfa, 0x1f, 0xff,
    0x41, 0xff, 0xe9, 0xbf, 0xfe, 0x2f, 0xff, 0x41,
    0xff, 0xe9, 0xbf, 0xfe, 0x2f, 0xff, 0x21, 0xff,
    0xe9, 0x7f, 0xfe, 0x2f, 0xff, 0x21, 0xff, 0xe9,
    0x7f, 0xfe, 0x2f, 0xff, 0x21, 0xff, 0xe9, 0x7f,
    0xfe, 0x2f, 0xff, 0x21, 0xff, 0xe9, 0x7f, 0xfe,
    0x2f, 0xff, 0x21, 0xff, 0xe9, 0x7f, 0xfe, 0x2f,
    0xff, 0x21, 0xff, 0xe9, 0x7f, 0xfe, 0x2f, 0xff,
    0x21, 0xff, 0xe9, 0x7f, 0xfe, 0x2f, 0xff, 0x41,
    0xff, 0xe9, 0xbf, 0xfe, 0x1f, 0xff, 0x41, 0xff,
    0xe9, 0xbf, 0xfe, 0x1f, 0xff, 0x83, 0xff, 0xd3,
    0xff, 0xf4, 0xf, 0xff, 0x83, 0xff, 0xd3, 0xff,
    0xf4, 0xf, 0xff, 0x83, 0xff, 0xd3, 0xff, 0xf2,
    0xf, 0xff, 0x90, 0xff, 0xf3, 0xbf, 0xff, 0x5,
    0x7f, 0xfa, 0xf, 0xff, 0x3d, 0xff, 0xf0, 0x4f,
    0xff, 0xc1, 0xff, 0xe7, 0xff, 0xfe, 0x0, 0x6f,
    0xff, 0x90, 0xff, 0xf2, 0xbf, 0xff, 0x41, 0xbf,
    0xff, 0x80, 0x1f, 0xfe, 0x5b, 0xff, 0xe4, 0x35,
    0xff, 0xf0, 0x7f, 0xf9, 0x7f, 0xff, 0x80, 0x1c,
    0xff, 0xfd, 0x7, 0xff, 0x8e, 0xff, 0xfa, 0xf,
    0x7f, 0xff, 0x0, 0x3f, 0xfc, 0x7f, 0xff, 0xc0,
    0x43, 0xd7, 0xff, 0xf0, 0x3, 0xff, 0xc3, 0x7f,
    0xff, 0x0, 0x3f, 0x7f, 0xff, 0x1, 0xf, 0xff,
    0x7, 0xff, 0xf0, 0x10, 0xfd, 0xff, 0xfc, 0x10,
    0xff, 0xef, 0xff, 0xff, 0x4, 0x3f, 0x9f, 0xff,
    0xe0, 0x87, 0xff, 0x76, 0xff, 0xfe, 0x4, 0x1f,
    0xef, 0xff, 0xe0, 0xc1, 0xff, 0xdb, 0x7f, 0xff,
    0x82, 0x1f, 0xf3, 0xff, 0xfc, 0x14, 0x3f, 0xfb,
    0x5f, 0xff, 0xc1, 0x43, 0xff, 0x81, 0xff, 0xfc,
    0x24, 0x3f, 0xfb, 0x1f, 0xff, 0xc2, 0xf, 0xfe,
    0x17, 0xff, 0xf0, 0x90, 0xff, 0xeb, 0x7f, 0xff,
    0x9, 0xf, 0xfe, 0x15, 0xff, 0xfc, 0x28, 0x3f,
    0xfa, 0x9f, 0xff, 0xc2, 0x83, 0xff, 0x89, 0xff,
    0xfc, 0x38, 0x3f, 0xfa, 0x2f, 0xff, 0xf0, 0xc3,
    0xff, 0x8d, 0xff, 0xfc, 0x44, 0x3f, 0xf9, 0xd7,
    0xff, 0xf0, 0xc3, 0xff, 0x8e, 0xff, 0xff, 0x12,
    0xf, 0xfe, 0x5b, 0xff, 0xfc, 0x44, 0x3f, 0xf9,
    0x17, 0xff, 0xf1, 0x64, 0x3f, 0xf8, 0xcf, 0xff,
    0xf1, 0x60, 0xff, 0xe5, 0x5f, 0xff, 0xc7, 0x90,
    0xff, 0xe0, 0x37, 0xff, 0xf1, 0xa0, 0xff, 0xe6,
    0x5f, 0xff, 0xca, 0xa9, 0x54, 0xff, 0xfe, 0x54,
    0x1f, 0xfc, 0xeb, 0xff, 0xfc, 0xb0, 0x7f, 0xf4,
    0x2f, 0xff, 0xf1, 0xc1, 0xff, 0xd2, 0xbf, 0xff,
    0xc3, 0x7, 0xff, 0x51, 0xff, 0xfe, 0xfa, 0x1f,
    0xfd, 0x7f, 0xff, 0xee, 0x87, 0xff, 0x6a, 0xff,
    0xfe, 0xcc, 0x1f, 0xfd, 0xdb, 0xff, 0xfa, 0xc1,
    0xff, 0xe1, 0xbf, 0xff, 0xa4, 0x87, 0xff, 0x92,
    0xff, 0xfe, 0x6c, 0x1f, 0xfe, 0x96, 0xff, 0xfe,
    0x3c, 0x87, 0xff, 0xbd, 0x57, 0xff, 0x4a, 0xf,
    0xfe, 0xa0,

    /* U+0050 "P" */
    0xbf, 0xff, 0xb9, 0x44, 0x3f, 0xf9, 0x37, 0xff,
    0xf8, 0x64, 0x3f, 0xf8, 0xb7, 0xff, 0xf9, 0x20,
    0xff, 0xe1, 0xdf, 0xff, 0xe6, 0x83, 0xff, 0x83,
    0x7f, 0xff, 0xa2, 0xf, 0xfa, 0xff, 0xff, 0x50,
    0x7f, 0xaf, 0xff, 0xf5, 0xa1, 0xfa, 0xff, 0xff,
    0x64, 0x1f, 0x5f, 0xff, 0xed, 0x83, 0xd7, 0xff,
    0xfb, 0x90, 0xeb, 0xff, 0xfd, 0xe1, 0xd7, 0xff,
    0xa5, 0xff, 0xe7, 0x55, 0xff, 0xfc, 0x80, 0xd7,
    0xff, 0x90, 0xff, 0xe9, 0xb7, 0xff, 0xf1, 0x10,
    0xaf, 0xff, 0x21, 0xff, 0xd6, 0xbf, 0xff, 0x86,
    0x15, 0xff, 0xe4, 0x3f, 0xfb, 0x17, 0xff, 0xf0,
    0x50, 0x5f, 0xfe, 0x43, 0xff, 0xb2, 0xff, 0xff,
    0x4, 0x17, 0xff, 0x90, 0xff, 0xed, 0x3f, 0xff,
    0xc0, 0x4b, 0xff, 0xc8, 0x7f, 0xf6, 0xef, 0xff,
    0xa2, 0xff, 0xf2, 0x1f, 0xfd, 0xcf, 0xff, 0xe0,
    0x17, 0xff, 0x90, 0xff, 0xee, 0x3f, 0xff, 0x17,
    0xff, 0x90, 0xff, 0xee, 0xff, 0xfc, 0xdf, 0xfe,
    0x43, 0xff, 0xbb, 0xff, 0xf3, 0x7f, 0xf9, 0xf,
    0xfe, 0xed, 0xff, 0xea, 0x7f, 0xf9, 0xf, 0xfe,
    0xeb, 0xff, 0xea, 0x7f, 0xf9, 0xf, 0xfe, 0xeb,
    0xff, 0xea, 0x7f, 0xf9, 0xf, 0xfe, 0xeb, 0xff,
    0xea, 0x7f, 0xf9, 0xf, 0xfe, 0xeb, 0xff, 0xea,
    0x7f, 0xf9, 0xf, 0xfe, 0xeb, 0xff, 0xea, 0x7f,
    0xf9, 0xf, 0xfe, 0xed, 0xff, 0xe6, 0xff, 0xf2,
    0x1f, 0xfd, 0xdf, 0xff, 0x9b, 0xff, 0xc8, 0x7f,
    0xf7, 0x1f, 0xff, 0x8b, 0xff, 0xc8, 0x7f, 0xf7,
    0x2f, 0xff, 0x8b, 0xff, 0xc8, 0x7f, 0xf6, 0xdf,
    0xff, 0xa2, 0xff, 0xf2, 0x1f, 0xfd, 0xbf, 0xff,
    0xe0, 0x25, 0xff, 0xe4, 0x3f, 0xfb, 0x5f, 0xff,
    0xc1, 0x5, 0xff, 0xe4, 0x3f, 0xfb, 0x3f, 0xff,
    0xc1, 0x81, 0x7f, 0xf9, 0xf, 0xfe, 0xbd, 0xff,
    0xfc, 0x24, 0x17, 0xff, 0x90, 0xff, 0xea, 0xdf,
    0xff, 0xc4, 0xa, 0xff, 0xf2, 0x1f, 0xfd, 0x16,
    0xff, 0xfe, 0x30, 0x6b, 0xff, 0xfd, 0xf0, 0x6b,
    0xff, 0xfd, 0xe1, 0xd7, 0xff, 0xfb, 0x83, 0xd7,
    0xff, 0xfb, 0x43, 0xeb, 0xff, 0xfd, 0x81, 0xfa,
    0xff, 0xff, 0x54, 0x1f, 0xd7, 0xff, 0xfa, 0x50,
    0xff, 0x5f, 0xff, 0xe7, 0x83, 0xff, 0x81, 0x7f,
    0xff, 0x96, 0xf, 0xfe, 0x15, 0xff, 0xfe, 0x38,
    0x3f, 0xf8, 0x97, 0xff, 0xf7, 0xe4, 0x3f, 0xf8,
    0xf7, 0xff, 0xa5, 0xff, 0xe8, 0x87, 0xff, 0x32,
    0xff, 0xf2, 0x1f, 0xfe, 0x9b, 0xff, 0xc8, 0x7f,
    0xfa, 0x6f, 0xff, 0x21, 0xff, 0xe9, 0xbf, 0xfc,
    0x87, 0xff, 0xa6, 0xff, 0xf2, 0x1f, 0xfe, 0x9b,
    0xff, 0xc8, 0x7f, 0xfa, 0x6f, 0xff, 0x21, 0xff,
    0xe9, 0xbf, 0xfc, 0x87, 0xff, 0xa6, 0xff, 0xf2,
    0x1f, 0xfe, 0x9b, 0xff, 0xc8, 0x7f, 0xfa, 0x6f,
    0xff, 0x21, 0xff, 0xe9, 0xbf, 0xfc, 0x87, 0xff,
    0xa6, 0xff, 0xf2, 0x1f, 0xfe, 0x9b, 0xff, 0xc8,
    0x7f, 0xfa, 0x6f, 0xff, 0x21, 0xff, 0xe9, 0xbf,
    0xfc, 0x87, 0xff, 0xa6, 0xff, 0xf2, 0x1f, 0xfe,
    0x9b, 0xff, 0xc8, 0x7f, 0xfa, 0x6f, 0xff, 0x21,
    0xff, 0xe9, 0xbf, 0xfc, 0x87, 0xff, 0xa6, 0xff,
    0xf2, 0x1f, 0xfe, 0x9b, 0xff, 0xc8, 0x7f, 0xfa,
    0x6f, 0xff, 0x21, 0xff, 0xe9, 0xbf, 0xfc, 0x87,
    0xff, 0xa6, 0xff, 0xf2, 0x1f, 0xfe, 0x9b, 0xff,
    0xc8, 0x7f, 0xfa, 0x6f, 0xff, 0x21, 0xff, 0xe9,
    0xbf, 0xfc, 0x87, 0xff, 0xa6, 0xff, 0xf2, 0x1f,
    0xfe, 0x95, 0xff, 0x83, 0xff, 0xd4,

    /* U+0051 "Q" */
    0xf, 0xfe, 0x9a, 0xaf, 0xfe, 0x94, 0x1f, 0xfe,
    0xf6, 0xff, 0xfe, 0x3c, 0x87, 0xff, 0xa6, 0xff,
    0xfe, 0x6c, 0x1f, 0xfe, 0x5b, 0xff, 0xfa, 0x48,
    0x7f, 0xf8, 0x2f, 0xff, 0xeb, 0x7, 0xff, 0x75,
    0xff, 0xfe, 0xcc, 0x1f, 0xfd, 0xaf, 0xff, 0xee,
    0x87, 0xff, 0x5d, 0xff, 0xfe, 0xfa, 0x1f, 0xfd,
    0x4b, 0xff, 0xfc, 0x30, 0x7f, 0xf4, 0xaf, 0xff,
    0xf1, 0xc1, 0xff, 0xd0, 0xbf, 0xff, 0xcb, 0x7,
    0xff, 0x3a, 0xff, 0xfe, 0x44, 0xa0, 0xf2, 0xaf,
    0xff, 0xe3, 0xc1, 0xff, 0xcc, 0xbf, 0xff, 0x8c,
    0x87, 0xff, 0xd, 0xbf, 0xff, 0x8b, 0x7, 0xff,
    0x2a, 0xff, 0xfe, 0x2a, 0x1f, 0xfc, 0x8b, 0xff,
    0xf8, 0x90, 0x7f, 0xf2, 0x1f, 0xff, 0xe2, 0x21,
    0xff, 0xcc, 0xbf, 0xff, 0x86, 0x87, 0xff, 0x1f,
    0xff, 0xf8, 0x81, 0xff, 0xcf, 0x7f, 0xff, 0x86,
    0x1f, 0xfc, 0x6f, 0xff, 0xe1, 0xc1, 0xff, 0xd2,
    0xff, 0xfe, 0x18, 0x7f, 0xf1, 0x2f, 0xff, 0xe1,
    0x21, 0xff, 0xd4, 0xff, 0xfe, 0x14, 0x1f, 0xfc,
    0x3f, 0xff, 0xe1, 0x21, 0xff, 0xd6, 0xff, 0xfe,
    0x12, 0x1f, 0xfc, 0x1f, 0xff, 0xe1, 0x21, 0xff,
    0xd8, 0xff, 0xfe, 0x10, 0x7f, 0xf0, 0x1f, 0xff,
    0xe0, 0xa1, 0xff, 0xda, 0xff, 0xfe, 0xa, 0x1f,
    0xf7, 0xff, 0xf0, 0x60, 0xff, 0xed, 0xbf, 0xff,
    0xc1, 0xf, 0xf3, 0xff, 0xfc, 0x10, 0xff, 0xee,
    0xdf, 0xff, 0xc0, 0x83, 0xfb, 0xff, 0xf8, 0x21,
    0xff, 0xdf, 0xff, 0xfe, 0x8, 0x7f, 0x7f, 0xff,
    0x1, 0xf, 0xff, 0x7, 0xff, 0xf0, 0x10, 0xfa,
    0xff, 0xfe, 0x0, 0x7f, 0xf8, 0x6f, 0xff, 0xe0,
    0x7, 0xdf, 0xff, 0xc0, 0xf, 0xff, 0x1f, 0xff,
    0xf0, 0x10, 0xe7, 0xff, 0xe8, 0x3f, 0xfc, 0x77,
    0xff, 0xd0, 0x75, 0xff, 0xf0, 0x7f, 0xf9, 0x7f,
    0xff, 0x80, 0x1d, 0xff, 0xfc, 0x0, 0xff, 0xf2,
    0xdf, 0xff, 0x21, 0xbf, 0xfe, 0x43, 0xff, 0xca,
    0xff, 0xfd, 0x4, 0xff, 0xfc, 0x1f, 0xfe, 0x7f,
    0xff, 0xe0, 0x5, 0x7f, 0xfa, 0xf, 0xff, 0x3d,
    0xff, 0xf0, 0x5f, 0xff, 0x21, 0xff, 0xe7, 0x7f,
    0xfe, 0xb, 0xff, 0xe0, 0xff, 0xf4, 0xff, 0xfc,
    0x83, 0xff, 0xe0, 0xff, 0xf4, 0xff, 0xfd, 0xf,
    0xff, 0xc1, 0xff, 0xe9, 0xff, 0xfa, 0x1f, 0xff,
    0x41, 0xff, 0xe9, 0xbf, 0xfe, 0x2f, 0xff, 0x41,
    0xff, 0xe9, 0xbf, 0xfe, 0x2f, 0xff, 0x21, 0xff,
    0xe9, 0x7f, 0xfe, 0x2f, 0xff, 0x21, 0xff, 0xe9,
    0x7f, 0xfe, 0x2f, 0xff, 0x21, 0xff, 0xe9, 0x7f,
    0xfe, 0x2f, 0xff, 0x21, 0xff, 0xe9, 0x7f, 0xfe,
    0x2f, 0xff, 0x21, 0xff, 0xe9, 0x7f, 0xfe, 0x2f,
    0xff, 0x21, 0xff, 0xe9, 0x7f, 0xfe, 0x2f, 0xff,
    0x21, 0xff, 0xe9, 0x7f, 0xfe, 0x2f, 0xff, 0x41,
    0xff, 0xe9, 0xbf, 0xfe, 0x1f, 0xff, 0x41, 0xff,
    0xe9, 0xbf, 0xfe, 0x1f, 0xff, 0x83, 0xff, 0xd3,
    0xff, 0xf4, 0xf, 0xff, 0x83, 0xff, 0xd3, 0xff,
    0xf4, 0xf, 0xff, 0x83, 0xff, 0xd3, 0xff, 0xf2,
    0xf, 0xff, 0x90, 0xff, 0xf3, 0xbf, 0xff, 0x20,
    0xbf, 0xfd, 0x7, 0xff, 0x9e, 0xff, 0xf8, 0x27,
    0xff, 0xe0, 0xff, 0xf3, 0xff, 0xff, 0x0, 0x37,
    0xff, 0xc8, 0x7f, 0xf9, 0x5f, 0xff, 0xa0, 0xdf,
    0xff, 0xc0, 0xf, 0xff, 0x2d, 0xff, 0xf2, 0x1a,
    0xff, 0xf8, 0x3f, 0xfc, 0xbf, 0xff, 0xc0, 0xe,
    0x7f, 0xfe, 0x83, 0xff, 0xc7, 0x7f, 0xfd, 0x7,
    0xbf, 0xff, 0x80, 0x1f, 0xfe, 0x3f, 0xff, 0xe0,
    0x21, 0xeb, 0xff, 0xf8, 0x1, 0xff, 0xe1, 0xbf,
    0xff, 0x80, 0x1f, 0xbf, 0xff, 0x80, 0x87, 0xff,
    0x83, 0xff, 0xf8, 0x10, 0x7e, 0xff, 0xfe, 0x8,
    0x7f, 0xf7, 0xff, 0xff, 0x82, 0x1f, 0xcf, 0xff,
    0xf0, 0x43, 0xff, 0xbb, 0x7f, 0xff, 0x2, 0xf,
    0xf7, 0xff, 0xf0, 0x60, 0xff, 0xed, 0xbf, 0xff,
    0xc1, 0xf, 0xf9, 0xff, 0xfe, 0xa, 0x1f, 0xfd,
    0xaf, 0xff, 0xe0, 0xc1, 0xff, 0xc0, 0xff, 0xfe,
    0x12, 0x1f, 0xfd, 0x8f, 0xff, 0xe1, 0x7, 0xff,
    0xb, 0xff, 0xf8, 0x48, 0x7f, 0xf5, 0xbf, 0xff,
    0x84, 0x87, 0xff, 0xa, 0xff, 0xfe, 0x14, 0x1f,
    0xfd, 0x4f, 0xff, 0xe1, 0x41, 0xff, 0xc4, 0xff,
    0xfe, 0x1c, 0x1f, 0xfd, 0x17, 0xff, 0xf8, 0x61,
    0xff, 0xc6, 0xff, 0xfe, 0x22, 0x1f, 0xfc, 0xeb,
    0xff, 0xf8, 0x61, 0xff, 0xc7, 0x7f, 0xff, 0x89,
    0x7, 0xff, 0x2d, 0xff, 0xfe, 0x22, 0x1f, 0xfc,
    0x8b, 0xff, 0xf8, 0xb2, 0x1f, 0xfc, 0x67, 0xff,
    0xf8, 0xb0, 0x7f, 0xf2, 0xaf, 0xff, 0xe3, 0xc8,
    0x7f, 0xf0, 0x1b, 0xff, 0xf8, 0xd0, 0x7f, 0xf3,
    0x2f, 0xff, 0xe5, 0x54, 0xaa, 0x7f, 0xff, 0x2d,
    0x7f, 0xc1, 0xff, 0xc4, 0xbf, 0xff, 0xe2, 0x1f,
    0xfc, 0x5b, 0xff, 0xfe, 0x1, 0xff, 0xc6, 0xbf,
    0xff, 0xde, 0x1f, 0xfc, 0x77, 0xff, 0xfd, 0xc1,
    0xff, 0xc9, 0xff, 0xff, 0x68, 0x7f, 0xf2, 0xaf,
    0xff, 0xf5, 0x87, 0xff, 0x32, 0xff, 0xff, 0x48,
    0x7f, 0xf3, 0xaf, 0xff, 0xf3, 0x87, 0xff, 0x42,
    0xff, 0xff, 0x28, 0x7f, 0xf4, 0x9b, 0xff, 0xfc,
    0x41, 0xff, 0xd6, 0x55, 0xff, 0xfd, 0xd0, 0x80,

    /* U+0052 "R" */
    0xbf, 0xff, 0xc5, 0x44, 0x3f, 0xf9, 0x17, 0xff,
    0xf9, 0xe4, 0x3f, 0xf8, 0x97, 0xff, 0xfa, 0xa0,
    0xff, 0xe1, 0x5f, 0xff, 0xec, 0x83, 0xff, 0x81,
    0x7f, 0xff, 0xb9, 0xf, 0xf5, 0xff, 0xfe, 0xf8,
    0x3f, 0xaf, 0xff, 0xf8, 0x87, 0xeb, 0xff, 0xfe,
    0x41, 0xf5, 0xff, 0xff, 0x30, 0xf5, 0xff, 0xff,
    0x38, 0x3a, 0xff, 0xff, 0xa2, 0x1a, 0xff, 0xf4,
    0xbf, 0xfd, 0x3a, 0xbf, 0xff, 0x90, 0x1a, 0xff,
    0xf2, 0x1f, 0xfd, 0x96, 0xff, 0xfe, 0x1c, 0x15,
    0xff, 0xe4, 0x3f, 0xfb, 0x97, 0xff, 0xf0, 0x82,
    0xbf, 0xfc, 0x87, 0xff, 0x7b, 0xff, 0xf8, 0x28,
    0x2f, 0xff, 0x21, 0xff, 0xdf, 0xff, 0xfe, 0x8,
    0x2f, 0xff, 0x21, 0xff, 0xe0, 0xff, 0xfe, 0x0,
    0x2f, 0xff, 0x21, 0xff, 0xe0, 0x7f, 0xfe, 0x4b,
    0xff, 0xc8, 0x7f, 0xf8, 0x7f, 0xfe, 0x4b, 0xff,
    0xc8, 0x7f, 0xf8, 0x6f, 0xff, 0x45, 0xff, 0xe4,
    0x3f, 0xfc, 0x2f, 0xff, 0xc5, 0xff, 0xe4, 0x3f,
    0xfc, 0x5f, 0xff, 0x17, 0xff, 0x90, 0xff, 0xf1,
    0x7f, 0xfc, 0x5f, 0xfe, 0x43, 0xff, 0xc5, 0xff,
    0xf1, 0x7f, 0xf9, 0xf, 0xff, 0x17, 0xff, 0xc5,
    0xff, 0xe4, 0x3f, 0xfc, 0x5f, 0xff, 0x17, 0xff,
    0x90, 0xff, 0xf0, 0xbf, 0xff, 0x17, 0xff, 0x90,
    0xff, 0xf0, 0xdf, 0xfe, 0x8b, 0xff, 0xc8, 0x7f,
    0xf8, 0x7f, 0xfe, 0x8b, 0xff, 0xc8, 0x7f, 0xf8,
    0x7f, 0xfe, 0x4b, 0xff, 0xc8, 0x7f, 0xf8, 0x3f,
    0xff, 0x80, 0xb, 0xff, 0xc8, 0x7f, 0xf7, 0xef,
    0xff, 0xe0, 0x2, 0xff, 0xf2, 0x1f, 0xfd, 0xe7,
    0xff, 0xf8, 0x8, 0x2f, 0xff, 0x21, 0xff, 0xdd,
    0xbf, 0xff, 0x82, 0x15, 0xff, 0xe4, 0x3f, 0xfb,
    0x77, 0xff, 0xf0, 0xa0, 0xaf, 0xff, 0x21, 0xff,
    0xd6, 0x55, 0xff, 0xfc, 0x50, 0xd7, 0xff, 0xfd,
    0x20, 0xd7, 0xff, 0xfd, 0x3, 0xaf, 0xff, 0xf9,
    0x87, 0xaf, 0xff, 0xf9, 0x7, 0xd7, 0xff, 0xfc,
    0x43, 0xf5, 0xff, 0xfe, 0xf8, 0x3f, 0xaf, 0xff,
    0xf7, 0x21, 0xfe, 0xbf, 0xff, 0xd9, 0x7, 0xff,
    0x2, 0xff, 0xff, 0x52, 0x1f, 0xfc, 0x2b, 0xff,
    0xfd, 0x28, 0x7f, 0xf0, 0xef, 0xff, 0xf5, 0x7,
    0xff, 0xe, 0xff, 0xf2, 0x1f, 0xfd, 0x3f, 0xff,
    0xe0, 0x21, 0xff, 0xc2, 0xbf, 0xfc, 0x87, 0xff,
    0x4e, 0xff, 0xfa, 0xf, 0xfe, 0x15, 0xff, 0xe4,
    0x3f, 0xfa, 0x9f, 0xff, 0xc0, 0xf, 0xfe, 0x15,
    0xff, 0xe4, 0x3f, 0xfa, 0x97, 0xff, 0xd0, 0x7f,
    0xf0, 0x6f, 0xff, 0x21, 0xff, 0xd4, 0x7f, 0xff,
    0x80, 0x1f, 0xfc, 0x1b, 0xff, 0xc8, 0x7f, 0xf5,
    0x7f, 0xff, 0x80, 0x87, 0xff, 0x2, 0xff, 0xf2,
    0x1f, 0xfd, 0x57, 0xff, 0xf8, 0x1, 0xff, 0xc0,
    0xbf, 0xfc, 0x87, 0xff, 0x5b, 0xff, 0xf8, 0x8,
    0x7f, 0xd7, 0xff, 0x90, 0xff, 0xeb, 0x3f, 0xff,
    0xc0, 0xf, 0xfa, 0xff, 0xf2, 0x1f, 0xfd, 0x7f,
    0xff, 0xe0, 0x21, 0xfe, 0xbf, 0xfc, 0x87, 0xff,
    0x5e, 0xff, 0xfa, 0xf, 0xf5, 0xff, 0xe4, 0x3f,
    0xfb, 0x1f, 0xff, 0xc0, 0xf, 0xf5, 0xff, 0xe4,
    0x3f, 0xfb, 0x17, 0xff, 0xd0, 0x7f, 0x5f, 0xfe,
    0x43, 0xff, 0xb0, 0xff, 0xff, 0x0, 0x3f, 0xaf,
    0xff, 0x21, 0xff, 0xd9, 0xff, 0xfe, 0x2, 0x1f,
    0xaf, 0xff, 0x21, 0xff, 0xd9, 0x7f, 0xff, 0x80,
    0x1f, 0xaf, 0xff, 0x21, 0xff, 0xda, 0xff, 0xfe,
    0x2, 0x1f, 0x5f, 0xfe, 0x43, 0xff, 0xb5, 0x7f,
    0xff, 0x0, 0x3e, 0xbf, 0xfc, 0x87, 0xff, 0x6f,
    0xff, 0xf8, 0x8, 0x7a, 0xff, 0xf2, 0x1f, 0xfd,
    0xbb, 0xff, 0xe8, 0x3d, 0x7f, 0xf9, 0xf, 0xfe,
    0xe7, 0xff, 0xf0, 0x3, 0xd7, 0xff, 0x90, 0xff,
    0xee, 0x7f, 0xff, 0x2, 0xe, 0xbf, 0xfc, 0x87,
    0xff, 0x71, 0xff, 0xfe, 0x0, 0x75, 0xff, 0xe4,
    0x3f, 0xfb, 0xbf, 0xff, 0xc0, 0x43, 0x5f, 0xfe,
    0x43, 0xff, 0xba, 0xff, 0xff, 0x0, 0x35, 0xff,
    0xe4, 0x3f, 0xfb, 0xdf, 0xff, 0xc0, 0x42, 0xbf,
    0xfc, 0x87, 0xff, 0x7a, 0xff, 0xfe, 0x0, 0x57,
    0xff, 0x90, 0xff, 0xef, 0xff, 0xff, 0x1, 0x5,
    0xff, 0xe4, 0x3f, 0xfb, 0xf7, 0xff, 0xd0, 0x2f,
    0xff, 0x21, 0xff, 0xe0, 0xff, 0xfe, 0x0, 0x2f,
    0xff, 0x21, 0xff, 0xe0, 0xff, 0xfe, 0x4, 0x5f,
    0xfe, 0x43, 0xff, 0xc0, 0xff, 0xff, 0x0, 0xbf,
    0xfc, 0x87, 0xff, 0x87, 0xff, 0xf8, 0xb, 0xff,
    0xc0, 0xf, 0xff, 0x12, 0xff, 0xf0, 0x40,

    /* U+0053 "S" */
    0xf, 0xfe, 0x32, 0xa9, 0xff, 0xfe, 0x18, 0x3f,
    0xf8, 0xd7, 0xff, 0xf9, 0xe0, 0xff, 0xe1, 0xbf,
    0xff, 0xea, 0x83, 0xff, 0x82, 0xff, 0xff, 0xb2,
    0xf, 0xf9, 0xff, 0xff, 0x74, 0x1f, 0xeb, 0xff,
    0xfd, 0xf0, 0x7f, 0x5f, 0xff, 0xf0, 0x83, 0xf5,
    0xff, 0xff, 0x18, 0x3e, 0xbf, 0xff, 0xe5, 0x7,
    0x9f, 0xff, 0xf9, 0xc1, 0xef, 0xff, 0xfa, 0x41,
    0xcf, 0xff, 0xf1, 0xea, 0x5f, 0xfe, 0xf0, 0x7b,
    0xff, 0xf8, 0x90, 0x7f, 0xfa, 0x5f, 0xff, 0xe1,
    0x21, 0xff, 0xeb, 0xbf, 0xff, 0x81, 0x7, 0xff,
    0xb7, 0xff, 0xf8, 0x10, 0x7f, 0xfb, 0xbf, 0xff,
    0x80, 0x1f, 0xfe, 0xe7, 0xff, 0xe8, 0x3f, 0xfd,
    0xcf, 0xff, 0xc1, 0xff, 0xef, 0xbf, 0xfe, 0xf,
    0xff, 0x7d, 0xff, 0xf0, 0x7f, 0xfb, 0xef, 0xff,
    0x83, 0xff, 0xdf, 0x7f, 0xfc, 0x1f, 0xfe, 0xfb,
    0xff, 0xe0, 0xff, 0xf7, 0xbf, 0xff, 0x21, 0xff,
    0xee, 0x7f, 0xfe, 0x83, 0xff, 0xdf, 0xff, 0xfc,
    0x0, 0xff, 0xf7, 0xff, 0xff, 0x4, 0x3f, 0xfd,
    0xd7, 0xff, 0xf0, 0x43, 0xff, 0xdd, 0xff, 0xfc,
    0x24, 0x3f, 0xfd, 0x9f, 0xff, 0xc4, 0x43, 0xff,
    0xd4, 0xff, 0xff, 0x1a, 0x43, 0xff, 0xcf, 0x7f,
    0xff, 0x86, 0x88, 0x7f, 0xf2, 0xff, 0xff, 0xcd,
    0x21, 0xff, 0xc7, 0x7f, 0xff, 0xd1, 0x7, 0xff,
    0x19, 0xff, 0xff, 0x4c, 0x1f, 0xfc, 0x57, 0xff,
    0xfd, 0x48, 0x7f, 0xf1, 0x7f, 0xff, 0xd5, 0x7,
    0xff, 0x16, 0xff, 0xff, 0x50, 0x7f, 0xf1, 0xbf,
    0xff, 0xd4, 0x1f, 0xfc, 0x67, 0xff, 0xfd, 0x21,
    0xff, 0xc8, 0xbf, 0xff, 0xcd, 0x7, 0xff, 0x29,
    0xbf, 0xff, 0xc6, 0x87, 0xff, 0x39, 0x7f, 0xf9,
    0x55, 0xbf, 0xff, 0x8e, 0x1f, 0xfe, 0xa6, 0xff,
    0xfe, 0x1c, 0x1f, 0xfe, 0xcb, 0xff, 0xf8, 0x41,
    0xff, 0xee, 0xff, 0xfe, 0xa, 0x1f, 0xfe, 0xef,
    0xff, 0xe0, 0x87, 0xff, 0xb9, 0xff, 0xfe, 0x0,
    0x7f, 0xfb, 0xff, 0xff, 0x80, 0x87, 0xff, 0xb9,
    0xff, 0xf9, 0xf, 0xff, 0x7f, 0xff, 0xd0, 0x7f,
    0xfb, 0xff, 0xfe, 0x83, 0xff, 0xdf, 0x7f, 0xfc,
    0x1f, 0xfe, 0xfb, 0xff, 0xe0, 0xff, 0xf7, 0xdf,
    0xff, 0x7, 0xff, 0xbe, 0xff, 0xf8, 0x3f, 0xfd,
    0xf7, 0xff, 0xc1, 0xff, 0xef, 0xff, 0xfa, 0xf,
    0xff, 0x7f, 0xff, 0xd0, 0x7f, 0xfb, 0xff, 0xfe,
    0x43, 0xff, 0xdc, 0xff, 0xfc, 0x87, 0xff, 0xbb,
    0xff, 0xf8, 0x1, 0xff, 0xee, 0x7f, 0xff, 0x80,
    0x1f, 0xfe, 0xef, 0xff, 0xe0, 0x41, 0xff, 0xed,
    0xbf, 0xff, 0x80, 0x87, 0xff, 0xb2, 0xff, 0xfe,
    0x8, 0x7f, 0xfa, 0xef, 0xff, 0xe1, 0x41, 0xff,
    0xe6, 0x55, 0xff, 0xfc, 0x50, 0xef, 0xff, 0xfa,
    0xc1, 0xdf, 0xff, 0xf5, 0xf, 0x7f, 0xff, 0xd1,
    0xf, 0x7f, 0xff, 0xcd, 0xf, 0xbf, 0xff, 0xe5,
    0x7, 0xef, 0xff, 0xf8, 0xa1, 0xfd, 0xff, 0xff,
    0x4, 0x3f, 0xdf, 0xff, 0xee, 0x83, 0xff, 0x81,
    0xff, 0xfe, 0xc8, 0x3f, 0xf8, 0x5f, 0xff, 0xea,
    0x43, 0xff, 0x89, 0xff, 0xfe, 0x69, 0xf, 0xfe,
    0x3a, 0xff, 0xf8, 0x83, 0xff, 0x96,

    /* U+0054 "T" */
    0xbf, 0xff, 0xf8, 0xdf, 0xff, 0xfc, 0x6f, 0xff,
    0xfe, 0x37, 0xff, 0xff, 0x1b, 0xff, 0xff, 0x8d,
    0xff, 0xff, 0xc6, 0xff, 0xff, 0xe3, 0x7f, 0xff,
    0xf1, 0xbf, 0xff, 0xf8, 0xdf, 0xff, 0xfc, 0x6f,
    0xff, 0xfe, 0x2f, 0xff, 0x53, 0xff, 0xe9, 0x7f,
    0xfa, 0x41, 0xff, 0xd4, 0xbf, 0xfc, 0x87, 0xff,
    0xca, 0xff, 0xf2, 0x1f, 0xff, 0x2b, 0xff, 0xc8,
    0x7f, 0xfc, 0xaf, 0xff, 0x21, 0xff, 0xf2, 0xbf,
    0xfc, 0x87, 0xff, 0xca, 0xff, 0xf2, 0x1f, 0xff,
    0x2b, 0xff, 0xc8, 0x7f, 0xfc, 0xaf, 0xff, 0x21,
    0xff, 0xf2, 0xbf, 0xfc, 0x87, 0xff, 0xca, 0xff,
    0xf2, 0x1f, 0xff, 0x2b, 0xff, 0xc8, 0x7f, 0xfc,
    0xaf, 0xff, 0x21, 0xff, 0xf2, 0xbf, 0xfc, 0x87,
    0xff, 0xca, 0xff, 0xf2, 0x1f, 0xff, 0x2b, 0xff,
    0xc8, 0x7f, 0xfc, 0xaf, 0xff, 0x21, 0xff, 0xf2,
    0xbf, 0xfc, 0x87, 0xff, 0xca, 0xff, 0xf2, 0x1f,
    0xff, 0x2b, 0xff, 0xc8, 0x7f, 0xfc, 0xaf, 0xff,
    0x21, 0xff, 0xf2, 0xbf, 0xfc, 0x87, 0xff, 0xca,
    0xff, 0xf2, 0x1f, 0xff, 0x2b, 0xff, 0xc8, 0x7f,
    0xfc, 0xaf, 0xff, 0x21, 0xff, 0xf2, 0xbf, 0xfc,
    0x87, 0xff, 0xca, 0xff, 0xf2, 0x1f, 0xff, 0x2b,
    0xff, 0xc8, 0x7f, 0xfc, 0xaf, 0xff, 0x21, 0xff,
    0xf2, 0xbf, 0xfc, 0x87, 0xff, 0xca, 0xff, 0xf2,
    0x1f, 0xff, 0x2b, 0xff, 0xc8, 0x7f, 0xfc, 0xaf,
    0xff, 0x21, 0xff, 0xf2, 0xbf, 0xfc, 0x87, 0xff,
    0xca, 0xff, 0xf2, 0x1f, 0xff, 0x2b, 0xff, 0xc8,
    0x7f, 0xfc, 0xaf, 0xff, 0x21, 0xff, 0xf2, 0xbf,
    0xfc, 0x87, 0xff, 0xca, 0xff, 0xf2, 0x1f, 0xff,
    0x2b, 0xff, 0xc8, 0x7f, 0xfc, 0xaf, 0xff, 0x21,
    0xff, 0xf2, 0xbf, 0xfc, 0x87, 0xff, 0xca, 0xff,
    0xf2, 0x1f, 0xff, 0x2b, 0xff, 0xc8, 0x7f, 0xfc,
    0xaf, 0xff, 0x21, 0xff, 0xf2, 0xbf, 0xfc, 0x87,
    0xff, 0xca, 0xff, 0xf2, 0x1f, 0xff, 0x2b, 0xff,
    0xc8, 0x7f, 0xfc, 0xaf, 0xff, 0x21, 0xff, 0xf2,
    0xbf, 0xfc, 0x87, 0xff, 0xca, 0xff, 0xf2, 0x1f,
    0xff, 0x2b, 0xff, 0xc8, 0x7f, 0xfc, 0xaf, 0xff,
    0x21, 0xff, 0xf2, 0xbf, 0xfc, 0x87, 0xff, 0xca,
    0xff, 0xf2, 0x1f, 0xff, 0x2b, 0xff, 0xc8, 0x7f,
    0xfc, 0xaf, 0xff, 0x21, 0xff, 0xf2, 0xbf, 0xfc,
    0x87, 0xff, 0xca, 0xff, 0xf2, 0x1f, 0xff, 0x2b,
    0xff, 0xc8, 0x7f, 0xfc, 0xaf, 0xff, 0x21, 0xff,
    0xf2, 0xbf, 0xfc, 0x87, 0xff, 0xca, 0xff, 0xf2,
    0x1f, 0xff, 0x2b, 0xff, 0xc8, 0x7f, 0xfc, 0xaf,
    0xff, 0x21, 0xff, 0xf2, 0xbf, 0xfc, 0x87, 0xff,
    0xca, 0xff, 0xf2, 0x1f, 0xff, 0x2b, 0xff, 0xc8,
    0x7f, 0xfc, 0xaf, 0xff, 0x21, 0xff, 0xf2, 0x5f,
    0xf8, 0x3f, 0xfa, 0x80,

    /* U+0055 "U" */
    0xbf, 0xfc, 0x87, 0xff, 0x8b, 0xff, 0xeb, 0xff,
    0xc8, 0x7f, 0xf8, 0xbf, 0xfe, 0xbf, 0xfc, 0x87,
    0xff, 0x8b, 0xff, 0xeb, 0xff, 0xc8, 0x7f, 0xf8,
    0xbf, 0xfe, 0xbf, 0xfc, 0x87, 0xff, 0x8b, 0xff,
    0xeb, 0xff, 0xc8, 0x7f, 0xf8, 0xbf, 0xfe, 0xbf,
    0xfc, 0x87, 0xff, 0x8b, 0xff, 0xeb, 0xff, 0xc8,
    0x7f, 0xf8, 0xbf, 0xfe, 0xbf, 0xfc, 0x87, 0xff,
    0x8b, 0xff, 0xeb, 0xff, 0xc8, 0x7f, 0xf8, 0xbf,
    0xfe, 0xbf, 0xfc, 0x87, 0xff, 0x8b, 0xff, 0xeb,
    0xff, 0xc8, 0x7f, 0xf8, 0xbf, 0xfe, 0xbf, 0xfc,
    0x87, 0xff, 0x8b, 0xff, 0xeb, 0xff, 0xc8, 0x7f,
    0xf8, 0xbf, 0xfe, 0xbf, 0xfc, 0x87, 0xff, 0x8b,
    0xff, 0xeb, 0xff, 0xc8, 0x7f, 0xf8, 0xbf, 0xfe,
    0xbf, 0xfc, 0x87, 0xff, 0x8b, 0xff, 0xeb, 0xff,
    0xc8, 0x7f, 0xf8, 0xbf, 0xfe, 0xbf, 0xfc, 0x87,
    0xff, 0x8b, 0xff, 0xeb, 0xff, 0xc8, 0x7f, 0xf8,
    0xbf, 0xfe, 0xbf, 0xfc, 0x87, 0xff, 0x8b, 0xff,
    0xeb, 0xff, 0xc8, 0x7f, 0xf8, 0xbf, 0xfe, 0xbf,
    0xfc, 0x87, 0xff, 0x8b, 0xff, 0xeb, 0xff, 0xc8,
    0x7f, 0xf8, 0xbf, 0xfe, 0xbf, 0xfc, 0x87, 0xff,
    0x8b, 0xff, 0xeb, 0xff, 0xc8, 0x7f, 0xf8, 0xbf,
    0xfe, 0xbf, 0xfc, 0x87, 0xff, 0x8b, 0xff, 0xeb,
    0xff, 0xc8, 0x7f, 0xf8, 0xbf, 0xfe, 0xbf, 0xfc,
    0x87, 0xff, 0x8b, 0xff, 0xeb, 0xff, 0xc8, 0x7f,
    0xf8, 0xbf, 0xfe, 0xbf, 0xfc, 0x87, 0xff, 0x8b,
    0xff, 0xeb, 0xff, 0xc8, 0x7f, 0xf8, 0xbf, 0xfe,
    0xbf, 0xfc, 0x87, 0xff, 0x8b, 0xff, 0xeb, 0xff,
    0xc8, 0x7f, 0xf8, 0xbf, 0xfe, 0xbf, 0xfc, 0x87,
    0xff, 0x8b, 0xff, 0xeb, 0xff, 0xc8, 0x7f, 0xf8,
    0xbf, 0xfe, 0xbf, 0xfc, 0x87, 0xff, 0x8b, 0xff,
    0xeb, 0xff, 0xc8, 0x7f, 0xf8, 0xbf, 0xfe, 0xbf,
    0xfc, 0x87, 0xff, 0x8b, 0xff, 0xeb, 0xff, 0xc8,
    0x7f, 0xf8, 0xbf, 0xfe, 0xbf, 0xfc, 0x87, 0xff,
    0x8b, 0xff, 0xeb, 0xff, 0xc8, 0x7f, 0xf8, 0xbf,
    0xfe, 0xbf, 0xfc, 0x87, 0xff, 0x8b, 0xff, 0xeb,
    0xff, 0xc8, 0x7f, 0xf8, 0xbf, 0xfe, 0xbf, 0xfc,
    0x87, 0xff, 0x8b, 0xff, 0xeb, 0xff, 0xc8, 0x7f,
    0xf8, 0xbf, 0xfe, 0xbf, 0xfc, 0x87, 0xff, 0x8b,
    0xff, 0xeb, 0xff, 0xc8, 0x7f, 0xf8, 0xbf, 0xfe,
    0xbf, 0xfc, 0x87, 0xff, 0x8b, 0xff, 0xeb, 0xff,
    0xc8, 0x7f, 0xf8, 0xbf, 0xfe, 0xbf, 0xfc, 0x87,
    0xff, 0x8b, 0xff, 0xe7, 0xff, 0xd0, 0x7f, 0xf8,
    0x5f, 0xff, 0x9f, 0xff, 0x41, 0xff, 0xe1, 0x7f,
    0xfd, 0x1f, 0xff, 0x7, 0xff, 0x86, 0xff, 0xf4,
    0x7f, 0xfc, 0x1f, 0xfe, 0x1b, 0xff, 0xc9, 0xff,
    0xf0, 0x7f, 0xf8, 0x7f, 0xfe, 0x4f, 0xff, 0x90,
    0xff, 0xf0, 0x7f, 0xfc, 0xb, 0xff, 0xd0, 0x7f,
    0xf7, 0xdf, 0xff, 0x80, 0xff, 0xfc, 0x1f, 0xfd,
    0xff, 0xff, 0xa0, 0xbf, 0xfe, 0x43, 0xff, 0xbd,
    0xff, 0xf2, 0x17, 0xff, 0xf0, 0x3, 0xff, 0xbb,
    0x7f, 0xfc, 0x85, 0x7f, 0xfc, 0x87, 0xff, 0x73,
    0xff, 0xf8, 0x1, 0x9f, 0xff, 0xe0, 0x7, 0xff,
    0x6e, 0xff, 0xfa, 0xe, 0xff, 0xfe, 0x2, 0x1f,
    0xfd, 0xaf, 0xff, 0xe0, 0x21, 0xd7, 0xff, 0xf0,
    0x3, 0xff, 0xb3, 0xff, 0xfc, 0x10, 0xfb, 0xff,
    0xf8, 0x21, 0xff, 0xd7, 0xbf, 0xff, 0x81, 0x7,
    0xd7, 0xff, 0xf0, 0x43, 0xff, 0xab, 0x7f, 0xff,
    0x4, 0x3f, 0xbf, 0xff, 0x84, 0x87, 0xff, 0x4b,
    0xff, 0xf8, 0x50, 0x7f, 0x5f, 0xff, 0xc2, 0x83,
    0xff, 0x9e, 0xff, 0xff, 0xc, 0x3f, 0xef, 0xff,
    0xe2, 0x21, 0xff, 0xcb, 0x7f, 0xff, 0x88, 0x87,
    0xfc, 0xff, 0xff, 0x16, 0x43, 0xff, 0x8c, 0xff,
    0xff, 0x16, 0xf, 0xfe, 0xd, 0xff, 0xfc, 0x7a,
    0x21, 0xfc, 0xab, 0xff, 0xf9, 0x1, 0xff, 0xc3,
    0xff, 0xff, 0x48, 0x7f, 0xf1, 0x7f, 0xff, 0xce,
    0x87, 0xff, 0x1b, 0xff, 0xfc, 0xa8, 0x7f, 0xf2,
    0x3f, 0xff, 0xc6, 0x87, 0xff, 0x2a, 0xff, 0xff,
    0x0, 0x7f, 0xf3, 0x5f, 0xff, 0xee, 0xc1, 0xff,
    0xd0, 0xbf, 0xff, 0xb4, 0x1f, 0xfd, 0x4b, 0xff,
    0xfa, 0xc8, 0x7f, 0xf5, 0xdf, 0xff, 0xe8, 0xc1,
    0xff, 0xdd, 0x6f, 0xff, 0xe5, 0x41, 0xff, 0xe4,
    0x55, 0x3f, 0xfd, 0x44, 0x3f, 0xf9, 0xc0,

    /* U+0056 "V" */
    0x7f, 0xff, 0x80, 0x1f, 0xfe, 0xdf, 0xff, 0xe0,
    0x47, 0xff, 0xf0, 0x10, 0xff, 0xf5, 0xbf, 0xff,
    0xc0, 0x5, 0xff, 0xfc, 0x0, 0xff, 0xf5, 0xdf,
    0xff, 0x41, 0x7f, 0xff, 0x1, 0xf, 0xff, 0x57,
    0xff, 0xf0, 0x3, 0x5f, 0xff, 0x41, 0xff, 0xe9,
    0xbf, 0xff, 0x80, 0x19, 0xff, 0xfe, 0x0, 0x7f,
    0xfa, 0x7f, 0xff, 0x80, 0x87, 0x7f, 0xff, 0x2,
    0xf, 0xff, 0x3b, 0xff, 0xfc, 0x0, 0xf3, 0xff,
    0xfc, 0x0, 0xff, 0xf3, 0xff, 0xff, 0x1, 0xf,
    0xbf, 0xff, 0x80, 0x87, 0xff, 0x95, 0xff, 0xfe,
    0x0, 0x7e, 0x7f, 0xff, 0x80, 0x1f, 0xfe, 0x5f,
    0xff, 0xe0, 0x41, 0xfd, 0xff, 0xfc, 0x4, 0x3f,
    0xfc, 0x9f, 0xff, 0xc0, 0xf, 0xf5, 0xff, 0xfc,
    0x0, 0xff, 0xf1, 0xdf, 0xff, 0x41, 0xff, 0x7f,
    0xff, 0x1, 0xf, 0xff, 0x17, 0xff, 0xf0, 0x10,
    0xff, 0xaf, 0xff, 0xa0, 0xff, 0xf0, 0xbf, 0xff,
    0xc0, 0xf, 0xfe, 0x3, 0xff, 0xfc, 0x0, 0xff,
    0xf0, 0xff, 0xff, 0x1, 0xf, 0xfe, 0xf, 0xff,
    0xf0, 0x20, 0xff, 0xef, 0xbf, 0xff, 0xc0, 0xf,
    0xfe, 0x13, 0xff, 0xfc, 0x0, 0xff, 0xef, 0xff,
    0xff, 0x2, 0xf, 0xfe, 0x1f, 0xff, 0xf0, 0x10,
    0xff, 0xef, 0x7f, 0xff, 0x0, 0x3f, 0xf8, 0x97,
    0xff, 0xf0, 0x3, 0xff, 0xbb, 0x7f, 0xfd, 0x7,
    0xff, 0x17, 0xff, 0xf8, 0x8, 0x7f, 0xf7, 0x3f,
    0xff, 0x80, 0x1f, 0xfc, 0x6b, 0xff, 0xf8, 0x1,
    0xff, 0xdb, 0xbf, 0xff, 0x80, 0x1f, 0xfc, 0x7f,
    0xff, 0xe0, 0x21, 0xff, 0xda, 0xff, 0xfe, 0x2,
    0x1f, 0xfc, 0x7f, 0xff, 0xe0, 0x41, 0xff, 0xd9,
    0x7f, 0xff, 0x80, 0x1f, 0xfc, 0x87, 0xff, 0xf8,
    0x1, 0xff, 0xd9, 0xff, 0xfe, 0x2, 0x1f, 0xfc,
    0x9f, 0xff, 0xe0, 0x41, 0xff, 0xd7, 0x7f, 0xff,
    0x80, 0x1f, 0xfc, 0xa7, 0xff, 0xf8, 0x1, 0xff,
    0xd7, 0xbf, 0xfe, 0x83, 0xff, 0x97, 0xff, 0xfc,
    0x4, 0x3f, 0xfa, 0xdf, 0xff, 0xc0, 0xf, 0xfe,
    0x65, 0xff, 0xfc, 0x0, 0xff, 0xea, 0xdf, 0xff,
    0x41, 0xff, 0xcd, 0xff, 0xfe, 0x2, 0x1f, 0xfd,
    0x4f, 0xff, 0xe0, 0x21, 0xff, 0xcd, 0xbf, 0xff,
    0x80, 0x1f, 0xfd, 0x37, 0xff, 0xf8, 0x1, 0xff,
    0xce, 0x7f, 0xff, 0x80, 0x1f, 0xfd, 0x3f, 0xff,
    0xe0, 0x21, 0xff, 0xcf, 0xff, 0xfe, 0x4, 0x1f,
    0xfd, 0x17, 0xff, 0xf8, 0x1, 0xff, 0xd0, 0x7f,
    0xff, 0x80, 0x1f, 0xfd, 0x1f, 0xff, 0xe0, 0x41,
    0xff, 0xd1, 0xff, 0xfe, 0x4, 0x1f, 0xfd, 0xf,
    0xff, 0xe0, 0x7, 0xff, 0x4a, 0xff, 0xfe, 0x0,
    0x7f, 0xf3, 0xef, 0xff, 0xa0, 0xff, 0xe9, 0xff,
    0xff, 0x1, 0xf, 0xfe, 0x77, 0xff, 0xf0, 0x3,
    0xff, 0xa9, 0x7f, 0xff, 0x0, 0x3f, 0xf9, 0xb7,
    0xff, 0xf0, 0x3, 0xff, 0xab, 0xff, 0xfc, 0x4,
    0x3f, 0xf9, 0x9f, 0xff, 0xc0, 0x43, 0xff, 0xab,
    0xff, 0xfc, 0x10, 0xff, 0xe5, 0xbf, 0xff, 0xc0,
    0xf, 0xfe, 0xb3, 0xff, 0xfc, 0x0, 0xff, 0xe5,
    0xff, 0xff, 0x1, 0xf, 0xfe, 0xbf, 0xff, 0xf0,
    0x20, 0xff, 0xe4, 0xbf, 0xff, 0xc0, 0xf, 0xfe,
    0xc3, 0xff, 0xfc, 0x0, 0xff, 0xe4, 0xdf, 0xff,
    0x41, 0xff, 0xd9, 0xff, 0xfe, 0x4, 0x1f, 0xfc,
    0x8f, 0xff, 0xe0, 0x7, 0xff, 0x6a, 0xff, 0xfe,
    0x0, 0x7f, 0xf1, 0xef, 0xff, 0xa0, 0xff, 0xed,
    0xff, 0xff, 0x1, 0xf, 0xfe, 0x37, 0xff, 0xf0,
    0x10, 0xff, 0xed, 0xdf, 0xff, 0xc0, 0xf, 0xfe,
    0x2b, 0xff, 0xfc, 0x0, 0xff, 0xee, 0x3f, 0xff,
    0xc0, 0x43, 0xff, 0x89, 0xff, 0xfc, 0x4, 0x3f,
    0xfb, 0xbf, 0xff, 0xc1, 0xf, 0xfe, 0x1b, 0xff,
    0xfc, 0x0, 0xff, 0xef, 0x3f, 0xff, 0xc0, 0xf,
    0xfe, 0x1d, 0xff, 0xf4, 0x1f, 0xfd, 0xff, 0xff,
    0xe0, 0x41, 0xff, 0xc2, 0xff, 0xfe, 0x0, 0x7f,
    0xf8, 0x2f, 0xff, 0xe0, 0x7, 0xff, 0x6, 0xff,
    0xfa, 0xf, 0xff, 0xf, 0xff, 0xf0, 0x20, 0xff,
    0xe0, 0x7f, 0xff, 0x0, 0x3f, 0xfc, 0x57, 0xff,
    0xf0, 0x3, 0xfe, 0x7f, 0xff, 0x80, 0x1f, 0xfe,
    0x3f, 0xff, 0xe0, 0x21, 0xfe, 0xff, 0xfe, 0x2,
    0x1f, 0xfe, 0x3f, 0xff, 0xe0, 0x87, 0xf3, 0xff,
    0xfc, 0x0, 0xff, 0xf2, 0x3f, 0xff, 0xc0, 0x43,
    0xf7, 0xff, 0xf0, 0x10, 0xff, 0xf2, 0xff, 0xff,
    0x2, 0xf, 0xdf, 0xff, 0xc0, 0xf, 0xff, 0x33,
    0xff, 0xfc, 0x0, 0xfa, 0xff, 0xfa, 0xf, 0xff,
    0x3f, 0xff, 0xf0, 0x20, 0xf7, 0xff, 0xf0, 0x3,
    0xff, 0xd1, 0x7f, 0xff, 0x0, 0x3a, 0xff, 0xfa,
    0xf, 0xff, 0x4f, 0xff, 0xf0, 0x20, 0xdf, 0xff,
    0xc0, 0x43, 0xff, 0xd3, 0x7f, 0xff, 0x0, 0x27,
    0xff, 0xf8, 0x1, 0xff, 0xea, 0x7f, 0xff, 0x80,
    0x83, 0xff, 0xf8, 0x8, 0x7f, 0xfa, 0xff, 0xff,
    0x82, 0x3f, 0xff, 0xc0, 0xf, 0xff, 0x63, 0xff,
    0xfc, 0x6, 0xff, 0xfa, 0xf, 0xff, 0x6f, 0xff,
    0xf3, 0x43, 0xff, 0xdd, 0x7f, 0xff, 0x2e, 0xf,
    0xff, 0x7f, 0xff, 0xf2, 0xc3, 0xff, 0xe1, 0x7f,
    0xff, 0x28, 0x3f, 0xfe, 0x3f, 0xff, 0xc9, 0x43,
    0xff, 0xe3, 0xff, 0xfc, 0x90, 0xff, 0xf9, 0x3f,
    0xff, 0xc7, 0x43, 0xff, 0xe7, 0xff, 0xfc, 0x70,
    0xff, 0xfa, 0x3f, 0xff, 0xc5, 0x83, 0xff, 0xeb,
    0xff, 0xfc, 0x50, 0xff, 0xfb, 0x5f, 0xff, 0xc3,
    0x83, 0xff, 0xef, 0xff, 0xfc, 0x34, 0x3f, 0xfe,
    0xf7, 0xff, 0xf0, 0x83, 0xff, 0xf0, 0xff, 0xff,
    0x5, 0xf, 0xff, 0xcf, 0xff, 0xf0, 0x43, 0xff,
    0xf4, 0xd7, 0xfc, 0x87, 0xff, 0x5c,

    /* U+0057 "W" */
    0xbf, 0xfe, 0xf, 0xfe, 0xa7, 0xff, 0xf0, 0xc3,
    0xff, 0xa9, 0xff, 0xf4, 0xff, 0xfc, 0x1f, 0xfd,
    0x4f, 0xff, 0xe1, 0xa1, 0xff, 0xd3, 0xff, 0xf9,
    0x3f, 0xfe, 0x43, 0xff, 0xa4, 0xff, 0xff, 0xe,
    0xf, 0xfe, 0x93, 0xff, 0xf0, 0x2f, 0xff, 0x41,
    0xff, 0xd2, 0xff, 0xfe, 0x28, 0x7f, 0xf4, 0xaf,
    0xff, 0x80, 0xff, 0xfc, 0x1f, 0xfd, 0x2f, 0xff,
    0xe2, 0x87, 0xff, 0x4b, 0xff, 0xe8, 0x2f, 0xff,
    0x90, 0xff, 0xe8, 0x3f, 0xff, 0xc5, 0x43, 0xff,
    0xa3, 0xff, 0xf2, 0x17, 0xff, 0xd0, 0x7f, 0xf4,
    0x2f, 0xff, 0xe2, 0xc1, 0xff, 0xd0, 0x7f, 0xfe,
    0xd, 0x7f, 0xfc, 0x1f, 0xfd, 0xf, 0xff, 0xe3,
    0x87, 0xff, 0x42, 0xff, 0xf8, 0x33, 0xff, 0xf0,
    0x7f, 0xf4, 0x3f, 0xff, 0x8e, 0x87, 0xff, 0x3f,
    0xff, 0xe8, 0x3b, 0xff, 0xe4, 0x3f, 0xf9, 0xcf,
    0xff, 0xf1, 0xe0, 0xff, 0xe7, 0xff, 0xfc, 0x87,
    0x7f, 0xfd, 0x7, 0xff, 0x3a, 0xff, 0xfe, 0x40,
    0x7f, 0xf3, 0x9f, 0xff, 0x83, 0xd7, 0xff, 0xc1,
    0xff, 0xce, 0xff, 0xfe, 0x48, 0x7f, 0xf3, 0xbf,
    0xfe, 0x83, 0xcf, 0xff, 0xc1, 0xff, 0xce, 0xff,
    0xfe, 0x4a, 0x1f, 0xfc, 0xdf, 0xff, 0x90, 0xfb,
    0xff, 0xe4, 0x3f, 0xf9, 0x8f, 0xff, 0xf2, 0x60,
    0xff, 0xe6, 0x3f, 0xff, 0x7, 0xef, 0xff, 0xa0,
    0xff, 0xe6, 0x5f, 0xff, 0xca, 0xf, 0xfe, 0x65,
    0xff, 0xf0, 0x7e, 0xbf, 0xfe, 0xf, 0xfe, 0x67,
    0xff, 0xf2, 0xc3, 0xff, 0x99, 0xff, 0xf4, 0x1f,
    0x9f, 0xff, 0x83, 0xff, 0x96, 0xff, 0xff, 0x2d,
    0xf, 0xfe, 0x5f, 0xff, 0xc8, 0x7f, 0x7f, 0xfd,
    0x7, 0xff, 0x2a, 0xff, 0xf9, 0xff, 0xfa, 0xf,
    0xfe, 0x53, 0xff, 0xf0, 0x7f, 0xaf, 0xff, 0x83,
    0xff, 0x95, 0xff, 0xfc, 0x2, 0xff, 0xf8, 0x3f,
    0xf9, 0x57, 0xff, 0xc1, 0xfe, 0x7f, 0xfe, 0xf,
    0xfe, 0x57, 0xff, 0xf0, 0x7, 0xff, 0xe0, 0xff,
    0xe5, 0x7f, 0xfd, 0x7, 0xfd, 0xff, 0xf2, 0x1f,
    0xfc, 0x87, 0xff, 0xe8, 0x1f, 0xff, 0x21, 0xff,
    0xc9, 0xff, 0xf9, 0xf, 0xfb, 0xff, 0xe8, 0x3f,
    0xf9, 0x17, 0xff, 0xc8, 0x3f, 0xff, 0x80, 0x1f,
    0xfc, 0x87, 0xff, 0xe0, 0xff, 0xe0, 0x5f, 0xff,
    0x7, 0xff, 0x23, 0xff, 0xf8, 0x1, 0x5f, 0xff,
    0x7, 0xff, 0x22, 0xff, 0xf8, 0x3f, 0xf8, 0xf,
    0xff, 0xc1, 0xff, 0xc8, 0xff, 0xfe, 0x0, 0x4f,
    0xff, 0xc8, 0x7f, 0xf1, 0xff, 0xfe, 0x83, 0xff,
    0x83, 0xff, 0xf2, 0x1f, 0xfc, 0x67, 0xff, 0xe8,
    0x37, 0xff, 0xd0, 0x7f, 0xf1, 0x9f, 0xff, 0x90,
    0xff, 0xe0, 0xff, 0xfd, 0x7, 0xff, 0x1a, 0xff,
    0xf9, 0xd, 0x7f, 0xfc, 0x1f, 0xfc, 0x6b, 0xff,
    0xe0, 0xff, 0xe1, 0x5f, 0xff, 0x7, 0xff, 0x1b,
    0xff, 0xf8, 0x1, 0xcf, 0xff, 0xc1, 0xff, 0xc6,
    0xff, 0xfa, 0xf, 0xfe, 0x13, 0xff, 0xf0, 0x7f,
    0xf1, 0x5f, 0xff, 0xa0, 0xf7, 0xff, 0xc8, 0x7f,
    0xf1, 0x7f, 0xfe, 0x43, 0xff, 0x87, 0xff, 0xf2,
    0x1f, 0xfc, 0x4b, 0xff, 0xe4, 0x3d, 0xff, 0xf4,
    0x1f, 0xfc, 0x47, 0xff, 0xe0, 0xff, 0xe2, 0x7f,
    0xff, 0x0, 0x3f, 0xf8, 0x9f, 0xff, 0xc0, 0xf,
    0xaf, 0xff, 0x83, 0xff, 0x89, 0x7f, 0xfc, 0x1f,
    0xfc, 0x4b, 0xff, 0xe0, 0xff, 0xe2, 0x7f, 0xff,
    0x0, 0x3e, 0x7f, 0xfe, 0xf, 0xfe, 0x27, 0xff,
    0xd0, 0x7f, 0xf1, 0x1f, 0xff, 0x90, 0xff, 0xe1,
    0x3f, 0xff, 0x41, 0xfb, 0xff, 0xe4, 0x3f, 0xf8,
    0x7f, 0xff, 0x21, 0xff, 0xc5, 0xff, 0xfa, 0xf,
    0xfe, 0x15, 0xff, 0xf2, 0x1f, 0xbf, 0xfe, 0x83,
    0xff, 0x84, 0xff, 0xfc, 0x1f, 0xfc, 0x6b, 0xff,
    0xe0, 0xff, 0xe1, 0x7f, 0xff, 0x0, 0x3f, 0xaf,
    0xff, 0x83, 0xff, 0x85, 0x7f, 0xfc, 0x1f, 0xfc,
    0x67, 0xff, 0xe0, 0xff, 0xe1, 0x7f, 0xff, 0x0,
    0x3f, 0x9f, 0xff, 0x90, 0xff, 0xe0, 0xff, 0xfd,
    0x7, 0xff, 0x1f, 0xff, 0xe4, 0x3f, 0xf8, 0xf,
    0xff, 0xd0, 0x7f, 0xbf, 0xfe, 0x83, 0xff, 0x83,
    0xff, 0xf2, 0x1f, 0xfc, 0x7f, 0xff, 0xa0, 0xff,
    0xe0, 0x5f, 0xff, 0x21, 0xfe, 0xff, 0xfe, 0x0,
    0x7f, 0xf0, 0x2f, 0xff, 0x83, 0xff, 0x91, 0x7f,
    0xfc, 0x1f, 0xfc, 0xf, 0xff, 0xe0, 0x7, 0xfd,
    0x7f, 0xfc, 0x1f, 0xfc, 0xf, 0xff, 0xe0, 0x7,
    0xff, 0x21, 0xff, 0xf8, 0x3f, 0xf8, 0x1f, 0xff,
    0x41, 0xff, 0x3f, 0xff, 0x21, 0xff, 0x7f, 0xfd,
    0x7, 0xff, 0x27, 0xff, 0xe4, 0x3f, 0xd7, 0xff,
    0xc8, 0x7f, 0xf0, 0x3f, 0xfe, 0x83, 0xfc, 0xff,
    0xfc, 0x87, 0xff, 0x27, 0xff, 0xe8, 0x3f, 0xdf,
    0xff, 0xc0, 0xf, 0xfe, 0xd, 0xff, 0xf0, 0x7f,
    0xaf, 0xff, 0x83, 0xff, 0x95, 0x7f, 0xfc, 0x1f,
    0xef, 0xff, 0xe0, 0x7, 0xff, 0x5, 0xff, 0xf8,
    0x3f, 0xdf, 0xff, 0x41, 0xff, 0xca, 0x7f, 0xfe,
    0x43, 0xf3, 0xff, 0xf4, 0x1f, 0xfc, 0x2f, 0xff,
    0x90, 0xfe, 0xff, 0xf9, 0xf, 0xfe, 0x5f, 0xff,
    0xd0, 0x7e, 0xbf, 0xfe, 0x43, 0xff, 0x85, 0xff,
    0xf4, 0x1f, 0x9f, 0xff, 0x83, 0xff, 0x99, 0xff,
    0xfc, 0x0, 0xfd, 0xff, 0xfc, 0x0, 0xff, 0xe1,
    0xdf, 0xff, 0x7, 0xeb, 0xff, 0xe0, 0xff, 0xe6,
    0x5f, 0xff, 0x7, 0xef, 0xff, 0xe0, 0x7, 0xff,
    0xd, 0xff, 0xf9, 0xf, 0xbf, 0xfe, 0x83, 0xff,
    0x98, 0xff, 0xfc, 0x87, 0x9f, 0xff, 0xa0, 0xff,
    0xe2, 0x7f, 0xfd, 0x7, 0xdf, 0xff, 0x21, 0xff,
    0xcd, 0xff, 0xfa, 0xf, 0x5f, 0xff, 0x7, 0xff,
    0x17, 0xff, 0xf8, 0x1, 0xe7, 0xff, 0xe0, 0xff,
    0xe7, 0x5f, 0xff, 0x7, 0xbf, 0xff, 0x80, 0x1f,
    0xfc, 0x5b, 0xff, 0xe0, 0xf7, 0xff, 0xf0, 0x3,
    0xff, 0x9c, 0xff, 0xfc, 0x1e, 0xff, 0xfa, 0xf,
    0xfe, 0x2b, 0xff, 0xf2, 0x1d, 0xff, 0xf4, 0x1f,
    0xfc, 0xff, 0xff, 0x90, 0xcf, 0xff, 0xc8, 0x7f,
    0xf1, 0xbf, 0xfe, 0x83, 0x3f, 0xff, 0x21, 0xff,
    0xcf, 0xff, 0xfa, 0xd, 0x7f, 0xfc, 0x1f, 0xfc,
    0x7f, 0xff, 0xe0, 0x6, 0xbf, 0xfe, 0xf, 0xfe,
    0x85, 0xff, 0xf0, 0x6f, 0xff, 0xe0, 0x7, 0xff,
    0x1e, 0xff, 0xf8, 0x37, 0xff, 0xf0, 0x3, 0xff,
    0xa0, 0xff, 0xfc, 0x81, 0xff, 0xfa, 0xf, 0xfe,
    0x47, 0xff, 0xc8, 0x5f, 0xff, 0x41, 0xff, 0xd1,
    0xff, 0xfa, 0x5, 0xff, 0xf2, 0x1f, 0xfc, 0x8f,
    0xff, 0xa0, 0x3f, 0xff, 0x21, 0xff, 0xd1, 0xff,
    0xfe, 0x0, 0x3f, 0xff, 0x80, 0x1f, 0xfc, 0x9b,
    0xff, 0xe0, 0x5f, 0xff, 0x7, 0xff, 0x4a, 0xff,
    0xf8, 0x1f, 0xff, 0xc0, 0xf, 0xfe, 0x4b, 0xff,
    0xf0, 0x3f, 0xff, 0x80, 0x1f, 0xfd, 0x27, 0xff,
    0xe5, 0x7f, 0xfc, 0x87, 0xff, 0x2b, 0xff, 0xe8,
    0xff, 0xf9, 0xf, 0xfe, 0x9f, 0xff, 0xd4, 0xff,
    0xf8, 0x3f, 0xf9, 0x7f, 0xff, 0xc0, 0x7f, 0xfe,
    0xf, 0xfe, 0xa7, 0xff, 0xf3, 0x3, 0xff, 0x97,
    0x7f, 0xff, 0x2c, 0x3f, 0xfa, 0x97, 0xff, 0xf2,
    0xa0, 0xff, 0xe5, 0xbf, 0xff, 0xca, 0x83, 0xff,
    0xa8, 0xff, 0xff, 0x29, 0xf, 0xfe, 0x67, 0xff,
    0xf2, 0x90, 0xff, 0xea, 0xff, 0xff, 0x28, 0x3f,
    0xf9, 0xbf, 0xff, 0xca, 0xf, 0xfe, 0xb5, 0xff,
    0xfc, 0x90, 0xff, 0xe6, 0xdf, 0xff, 0xc9, 0xf,
    0xfe, 0xb3, 0xff, 0xfc, 0x88, 0x3f, 0xf9, 0xaf,
    0xff, 0xf2, 0x20, 0xff, 0xeb, 0xff, 0xff, 0x21,
    0xf, 0xfe, 0x77, 0xff, 0xf2, 0x10, 0xff, 0xeb,
    0xff, 0xff, 0x20, 0x3f, 0xf9, 0xff, 0xff, 0xc8,
    0xf, 0xfe, 0xc5, 0xff, 0xfc, 0x68, 0x3f, 0xf9,
    0xf7, 0xff, 0xf1, 0xc3, 0xff, 0xb0, 0xff, 0xff,
    0x19, 0xf, 0xfe, 0x87, 0xff, 0xf1, 0xa0, 0xff,
    0xec, 0xff, 0xff, 0x18, 0x3f, 0xfa, 0x3f, 0xff,
    0xc6, 0x43, 0xff, 0xb3, 0xff, 0xfc, 0x60, 0xff,
    0xe8, 0xdf, 0xff, 0xc5, 0xf, 0xfe, 0xd5, 0xff,
    0xfc, 0x48, 0x3f, 0xfa, 0x2f, 0xff, 0xf1, 0x43,
    0xff, 0xb4, 0xff, 0xff, 0x11, 0xf, 0xfe, 0x97,
    0xff, 0xf1, 0x10, 0xff, 0xed, 0xff, 0xff, 0x10,
    0x3f, 0xfa, 0x7f, 0xff, 0xc4, 0xf, 0xfe, 0xe7,
    0xff, 0xf1, 0x3, 0xff, 0xa7, 0x7f, 0xff, 0xc,
    0x3f, 0xfb, 0x97, 0xff, 0xf0, 0xa0, 0xff, 0xe9,
    0xbf, 0xff, 0xc2, 0x83, 0xff, 0xb8, 0xff, 0xff,
    0x9, 0xf, 0xfe, 0xa7, 0xff, 0xf0, 0x90, 0xff,
    0xee, 0xff, 0xff, 0x8, 0x3f, 0xfa, 0xbf, 0xff,
    0xc2, 0xf, 0xfe, 0xf7, 0xff, 0xf0, 0x60, 0xff,
    0xea, 0xdf, 0xff, 0xc1, 0xf, 0xfe, 0xf3, 0xff,
    0xfc, 0x4, 0x3f, 0xfa, 0xaf, 0xff, 0xf0, 0x20,
    0xff, 0xef, 0xd7, 0xff, 0x0, 0x3f, 0xfa, 0xf5,
    0xff, 0xc0, 0xf, 0xfe, 0x50,

    /* U+0058 "X" */
    0xe, 0xff, 0xfe, 0x12, 0x1f, 0xfd, 0xeb, 0xff,
    0xf8, 0x30, 0x7f, 0xdf, 0xff, 0xc2, 0xf, 0xfe,
    0xeb, 0xff, 0xfc, 0x20, 0xff, 0xe0, 0x3f, 0xff,
    0xc2, 0xf, 0xfe, 0xe7, 0xff, 0xf0, 0x83, 0xff,
    0x85, 0x7f, 0xff, 0x6, 0xf, 0xfe, 0xd7, 0xff,
    0xf0, 0x90, 0xff, 0xe1, 0xff, 0xff, 0x9, 0xf,
    0xfe, 0xc5, 0xff, 0xfc, 0x18, 0x3f, 0xf8, 0xbf,
    0xff, 0xc2, 0xf, 0xfe, 0xbd, 0xff, 0xfc, 0x20,
    0xff, 0xe3, 0x3f, 0xff, 0xc2, 0xf, 0xfe, 0xab,
    0xff, 0xfc, 0x20, 0xff, 0xe4, 0x5f, 0xff, 0xc1,
    0x83, 0xff, 0xa9, 0xff, 0xfc, 0x20, 0xff, 0xe5,
    0x5f, 0xff, 0xc1, 0x83, 0xff, 0xa5, 0xff, 0xfc,
    0x24, 0x3f, 0xf9, 0x7f, 0xff, 0xc2, 0x43, 0xff,
    0xa1, 0x7f, 0xff, 0x6, 0xf, 0xfe, 0x6f, 0xff,
    0xf0, 0x83, 0xff, 0x9e, 0xff, 0xff, 0x8, 0x3f,
    0xf9, 0xcf, 0xff, 0xf0, 0x83, 0xff, 0x9d, 0xff,
    0xfc, 0x20, 0xff, 0xe8, 0x5f, 0xff, 0xc1, 0x83,
    0xff, 0x99, 0xff, 0xfc, 0x24, 0x3f, 0xfa, 0x3f,
    0xff, 0xc2, 0x43, 0xff, 0x95, 0x7f, 0xff, 0x6,
    0xf, 0xfe, 0x9f, 0xff, 0xf0, 0x83, 0xff, 0x93,
    0x7f, 0xff, 0x6, 0xf, 0xfe, 0xa3, 0xff, 0xfc,
    0x20, 0xff, 0xe3, 0xbf, 0xff, 0xc2, 0xf, 0xfe,
    0xb5, 0xff, 0xfc, 0x18, 0x3f, 0xf8, 0xdf, 0xff,
    0xc2, 0xf, 0xfe, 0xc5, 0xff, 0xfc, 0x18, 0x3f,
    0xf8, 0x9f, 0xff, 0xc2, 0x43, 0xff, 0xb3, 0xff,
    0xfc, 0x24, 0x3f, 0xf8, 0x57, 0xff, 0xf0, 0x60,
    0xff, 0xed, 0xff, 0xff, 0x8, 0x3f, 0xf8, 0x2f,
    0xff, 0xf0, 0x83, 0xff, 0xb8, 0xff, 0xff, 0x8,
    0x3f, 0xf8, 0x1f, 0xff, 0xc2, 0xf, 0xfe, 0xf5,
    0xff, 0xfc, 0x18, 0x3f, 0xdf, 0xff, 0xc2, 0x43,
    0xff, 0xbf, 0xff, 0xfc, 0x24, 0x3f, 0x5f, 0xff,
    0xc1, 0x83, 0xff, 0xc3, 0xff, 0xfc, 0x20, 0xfa,
    0xff, 0xfe, 0xc, 0x1f, 0xfe, 0x27, 0xff, 0xf8,
    0x41, 0xcf, 0xff, 0xf0, 0x83, 0xff, 0xc8, 0xff,
    0xff, 0x6, 0xd, 0xff, 0xfc, 0x20, 0xff, 0xf3,
    0x5f, 0xff, 0xc1, 0x81, 0xff, 0xfc, 0x24, 0x3f,
    0xfc, 0xff, 0xff, 0xc2, 0x6f, 0xff, 0xe0, 0xc1,
    0xff, 0xe9, 0xff, 0xfe, 0x80, 0x7f, 0xfa, 0x9f,
    0xff, 0xe7, 0x7, 0xff, 0xb2, 0xff, 0xfe, 0x62,
    0x1f, 0xfe, 0xdf, 0xff, 0xe5, 0xc1, 0xff, 0xef,
    0xff, 0xfe, 0x4c, 0x1f, 0xff, 0x7, 0xff, 0xf9,
    0x1, 0xff, 0xf2, 0x7f, 0xff, 0x8c, 0x1f, 0xff,
    0x4b, 0xff, 0xf8, 0x88, 0x7f, 0xfd, 0x7f, 0xff,
    0x87, 0x7, 0xff, 0xda, 0xff, 0xfe, 0x10, 0x7f,
    0xfd, 0xff, 0xff, 0x88, 0x1f, 0xff, 0x5f, 0xff,
    0xe2, 0xc1, 0xff, 0xf3, 0xff, 0xfe, 0x3a, 0x1f,
    0xff, 0x1b, 0xff, 0xf9, 0x8, 0x7f, 0xfb, 0xdf,
    0xff, 0xe5, 0x7, 0xff, 0xbf, 0xff, 0xf9, 0x81,
    0xff, 0xed, 0xff, 0xfe, 0x6c, 0x1f, 0xfe, 0xbb,
    0xff, 0xf9, 0xc8, 0x7f, 0xfa, 0x5f, 0xff, 0xe8,
    0x7, 0xff, 0xa7, 0xff, 0xf8, 0x43, 0xff, 0xfc,
    0x20, 0xff, 0xf3, 0xff, 0xff, 0x8, 0x2b, 0xff,
    0xf8, 0x30, 0x7f, 0xf9, 0x6f, 0xff, 0xe0, 0xa1,
    0xaf, 0xff, 0xe0, 0xa1, 0xff, 0xe3, 0xbf, 0xff,
    0x83, 0x7, 0xbf, 0xff, 0x84, 0x1f, 0xfe, 0x27,
    0xff, 0xf8, 0x41, 0xfb, 0xff, 0xf8, 0x41, 0xff,
    0xe1, 0xff, 0xfe, 0x10, 0x7f, 0x3f, 0xff, 0xc2,
    0xf, 0xfe, 0xff, 0xff, 0xf0, 0x90, 0xff, 0x5f,
    0xff, 0xc1, 0x83, 0xff, 0xbb, 0x7f, 0xff, 0x6,
    0xf, 0xfe, 0x7, 0xff, 0xf0, 0x90, 0xff, 0xed,
    0xbf, 0xff, 0xc2, 0xf, 0xfe, 0x17, 0xff, 0xf0,
    0x83, 0xff, 0xb7, 0xff, 0xfc, 0x20, 0xff, 0xe1,
    0xbf, 0xff, 0xc2, 0xf, 0xfe, 0xcf, 0xff, 0xf0,
    0x90, 0xff, 0xe2, 0x5f, 0xff, 0xc1, 0x83, 0xff,
    0xaf, 0x7f, 0xff, 0x5, 0xf, 0xfe, 0x37, 0xff,
    0xf0, 0x90, 0xff, 0xea, 0xdf, 0xff, 0xc1, 0x83,
    0xff, 0x91, 0xff, 0xfc, 0x20, 0xff, 0xea, 0x3f,
    0xff, 0xc2, 0xf, 0xfe, 0x4b, 0xff, 0xfc, 0x20,
    0xff, 0xe9, 0xff, 0xff, 0x8, 0x3f, 0xf9, 0x6f,
    0xff, 0xf0, 0x60, 0xff, 0xe8, 0xff, 0xff, 0x9,
    0xf, 0xfe, 0x65, 0xff, 0xfc, 0x18, 0x3f, 0xf9,
    0xf7, 0xff, 0xf0, 0x60, 0xff, 0xe7, 0x7f, 0xff,
    0x9, 0xf, 0xfe, 0x6b, 0xff, 0xfc, 0x20, 0xff,
    0xe8, 0x7f, 0xff, 0x8, 0x3f, 0xf9, 0xbf, 0xff,
    0xc2, 0xf, 0xfe, 0x8b, 0xff, 0xfc, 0x20, 0xff,
    0xe5, 0xff, 0xff, 0x9, 0xf, 0xfe, 0x95, 0xff,
    0xfc, 0x18, 0x3f, 0xf9, 0x37, 0xff, 0xf0, 0x60,
    0xff, 0xea, 0x7f, 0xff, 0x9, 0xf, 0xfe, 0x3b,
    0xff, 0xfc, 0x20, 0xff, 0xeb, 0x7f, 0xff, 0x8,
    0x3f, 0xf8, 0xcf, 0xff, 0xf0, 0x83, 0xff, 0xae,
    0xff, 0xff, 0x8, 0x3f, 0xf8, 0xbf, 0xff, 0xc2,
    0xf, 0xfe, 0xcd, 0xff, 0xfc, 0x18, 0x3f, 0xf8,
    0x7f, 0xff, 0xc2, 0x43, 0xff, 0xb5, 0x7f, 0xff,
    0x6, 0xf, 0xfe, 0xd, 0xff, 0xfc, 0x18, 0x3f,
    0xfb, 0x9f, 0xff, 0xc2, 0x43, 0xfe, 0x7f, 0xff,
    0x84, 0x1f, 0xfd, 0xef, 0xff, 0xe1, 0x7, 0xfd,
    0xff, 0xfc, 0x20, 0xff, 0xef, 0xbf, 0xff, 0xc2,
    0xf, 0xef, 0xff, 0xe1, 0x21, 0xff, 0xe0, 0xbf,
    0xff, 0x83, 0x7, 0xd7, 0xff, 0xf0, 0x60, 0xff,
    0xf1, 0x7f, 0xff, 0x9, 0xe, 0x7f, 0xff, 0x84,
    0x1f, 0xfe, 0x4f, 0xff, 0xe1, 0x6, 0x7f, 0xff,
    0x84, 0x1f, 0xfe, 0x57, 0xff, 0xf8, 0x41, 0x7f,
    0xff, 0x9, 0xf, 0xff, 0x35, 0xff, 0xfc, 0x18,
    0xb, 0xff, 0xc2, 0xf, 0xff, 0x42, 0xff, 0xf0,
    0x80,

    /* U+0059 "Y" */
    0x7f, 0xff, 0x83, 0x7, 0xff, 0x9a, 0xff, 0xfe,
    0x8, 0x2f, 0xff, 0xe0, 0x87, 0xff, 0x95, 0xff,
    0xfe, 0xa, 0x17, 0xff, 0xf0, 0x83, 0xff, 0xc9,
    0xff, 0xfc, 0x18, 0x3b, 0xff, 0xf8, 0x30, 0x7f,
    0xf8, 0xbf, 0xff, 0x84, 0x1e, 0xbf, 0xff, 0x82,
    0x87, 0xff, 0x82, 0xff, 0xfe, 0xa, 0x1f, 0x7f,
    0xff, 0x8, 0x3f, 0xfc, 0x1f, 0xff, 0xc1, 0x83,
    0xfb, 0xff, 0xf8, 0x30, 0x7f, 0xf7, 0xbf, 0xff,
    0x84, 0x1f, 0xe7, 0xff, 0xf8, 0x28, 0x7f, 0xf7,
    0x2f, 0xff, 0xe0, 0x87, 0xff, 0x2, 0xff, 0xfe,
    0x8, 0x7f, 0xf6, 0xdf, 0xff, 0xe0, 0xc1, 0xff,
    0xc1, 0xff, 0xfe, 0x10, 0x7f, 0xf6, 0xbf, 0xff,
    0x84, 0x1f, 0xfc, 0x27, 0xff, 0xf8, 0x28, 0x7f,
    0xf6, 0x2f, 0xff, 0xe0, 0x87, 0xff, 0x12, 0xff,
    0xfe, 0x8, 0x7f, 0xf5, 0xdf, 0xff, 0xe0, 0xa1,
    0xff, 0xc5, 0xff, 0xfe, 0x10, 0x7f, 0xf5, 0xbf,
    0xff, 0x83, 0x7, 0xff, 0x1f, 0xff, 0xf8, 0x30,
    0x7f, 0xf5, 0x3f, 0xff, 0x84, 0x1f, 0xfc, 0x8b,
    0xff, 0xf8, 0x28, 0x7f, 0xf4, 0x9f, 0xff, 0xe0,
    0xa1, 0xff, 0xc9, 0xff, 0xfe, 0x10, 0x7f, 0xf4,
    0xbf, 0xff, 0x83, 0x7, 0xff, 0x2f, 0xff, 0xf8,
    0x30, 0x7f, 0xf4, 0x3f, 0xff, 0x84, 0x1f, 0xfc,
    0xc7, 0xff, 0xf8, 0x28, 0x7f, 0xf3, 0xaf, 0xff,
    0xe0, 0x87, 0xff, 0x3a, 0xff, 0xfe, 0x8, 0x7f,
    0xf3, 0x5f, 0xff, 0xe0, 0xc1, 0xff, 0xcf, 0xff,
    0xfe, 0x10, 0x7f, 0xf3, 0x3f, 0xff, 0x84, 0x1f,
    0xfd, 0x7, 0xff, 0xf8, 0x28, 0x7f, 0xf2, 0xaf,
    0xff, 0xe0, 0x87, 0xff, 0x4a, 0xff, 0xfe, 0x8,
    0x7f, 0xf2, 0x5f, 0xff, 0xe0, 0xa1, 0xff, 0xd3,
    0xff, 0xfe, 0x10, 0x7f, 0xf2, 0x3f, 0xff, 0x83,
    0x7, 0xff, 0x57, 0xff, 0xf8, 0x30, 0x7f, 0xf1,
    0xbf, 0xff, 0x84, 0x1f, 0xfd, 0x6b, 0xff, 0xf8,
    0x28, 0x7f, 0xf1, 0x1f, 0xff, 0xe0, 0xa1, 0xff,
    0xd7, 0xff, 0xfe, 0x10, 0x7f, 0xf1, 0x3f, 0xff,
    0x83, 0x7, 0xff, 0x67, 0xff, 0xf8, 0x30, 0x7f,
    0xf0, 0xbf, 0xff, 0x84, 0x1f, 0xfd, 0xa7, 0xff,
    0xf8, 0x28, 0x7f, 0xf0, 0x2f, 0xff, 0xe0, 0x87,
    0xff, 0x72, 0xff, 0xfe, 0x8, 0x7f, 0xcf, 0xff,
    0xf0, 0x60, 0xff, 0xee, 0xff, 0xff, 0x6, 0xf,
    0xf7, 0xff, 0xf0, 0x83, 0xff, 0xbc, 0xff, 0xff,
    0x5, 0xf, 0xd7, 0xff, 0xf0, 0x43, 0xff, 0xc1,
    0x7f, 0xff, 0x4, 0x3e, 0x7f, 0xff, 0x82, 0x87,
    0xff, 0x87, 0xff, 0xf8, 0x41, 0xef, 0xff, 0xe0,
    0xc1, 0xff, 0xe3, 0xff, 0xfe, 0xc, 0x1a, 0xff,
    0xfe, 0x8, 0x7f, 0xf9, 0x2f, 0xff, 0xe0, 0x84,
    0xff, 0xff, 0x5, 0xf, 0xff, 0x2f, 0xff, 0xf0,
    0x81, 0xff, 0xfc, 0x18, 0x3f, 0xfc, 0xff, 0xff,
    0xc1, 0xbf, 0xff, 0x84, 0x1f, 0xfe, 0x87, 0xff,
    0xf9, 0xc1, 0xff, 0xea, 0xbf, 0xff, 0x99, 0x7,
    0xff, 0xaf, 0xff, 0xf9, 0x81, 0xff, 0xec, 0x7f,
    0xff, 0x94, 0x1f, 0xfe, 0xeb, 0xff, 0xf9, 0x8,
    0x7f, 0xfb, 0xff, 0xff, 0x8f, 0x7, 0xff, 0xc1,
    0xff, 0xfe, 0x30, 0x7f, 0xfc, 0xaf, 0xff, 0xe2,
    0x21, 0xff, 0xf3, 0xff, 0xfe, 0x1c, 0x1f, 0xff,
    0x5f, 0xff, 0xe1, 0x7, 0xff, 0xd9, 0xff, 0xfe,
    0x0, 0x7f, 0xfe, 0x3f, 0xfe, 0x83, 0xff, 0xf1,
    0xff, 0xf4, 0x1f, 0xff, 0x8f, 0xff, 0xa0, 0xff,
    0xfc, 0x7f, 0xfd, 0x7, 0xff, 0xe3, 0xff, 0xe8,
    0x3f, 0xff, 0x1f, 0xff, 0x41, 0xff, 0xf8, 0xff,
    0xfa, 0xf, 0xff, 0xc7, 0xff, 0xd0, 0x7f, 0xfe,
    0x3f, 0xfe, 0x83, 0xff, 0xf1, 0xff, 0xf4, 0x1f,
    0xff, 0x8f, 0xff, 0xa0, 0xff, 0xfc, 0x7f, 0xfd,
    0x7, 0xff, 0xe3, 0xff, 0xe8, 0x3f, 0xff, 0x1f,
    0xff, 0x41, 0xff, 0xf8, 0xff, 0xfa, 0xf, 0xff,
    0xc7, 0xff, 0xd0, 0x7f, 0xfe, 0x3f, 0xfe, 0x83,
    0xff, 0xf1, 0xff, 0xf4, 0x1f, 0xff, 0x8f, 0xff,
    0xa0, 0xff, 0xfc, 0x7f, 0xfd, 0x7, 0xff, 0xe3,
    0xff, 0xe8, 0x3f, 0xff, 0x1f, 0xff, 0x41, 0xff,
    0xf8, 0xff, 0xfa, 0xf, 0xff, 0xc7, 0xff, 0xd0,
    0x7f, 0xfe, 0x3f, 0xfe, 0x83, 0xff, 0xf1, 0xff,
    0xf4, 0x1f, 0xff, 0x8f, 0xff, 0xa0, 0xff, 0xfc,
    0x7f, 0xfd, 0x7, 0xff, 0xe3, 0xff, 0xe8, 0x3f,
    0xff, 0x1f, 0xff, 0x41, 0xff, 0xf8, 0xff, 0xfa,
    0xf, 0xff, 0xc7, 0xff, 0xd0, 0x7f, 0xfe, 0x1a,
    0xff, 0x21, 0xff, 0xd6,

    /* U+005A "Z" */
    0xbf, 0xff, 0xf0, 0xdf, 0xff, 0xf8, 0x6f, 0xff,
    0xfc, 0x37, 0xff, 0xfe, 0x1b, 0xff, 0xff, 0xd,
    0xff, 0xff, 0x86, 0xff, 0xff, 0xc3, 0x7f, 0xff,
    0xe1, 0xbf, 0xff, 0xf0, 0xdf, 0xff, 0xf8, 0x6f,
    0xff, 0xfc, 0x2f, 0xff, 0xaa, 0xff, 0xfe, 0x1a,
    0x1f, 0xfe, 0x9b, 0xff, 0xf8, 0x61, 0xff, 0xe9,
    0xbf, 0xff, 0x86, 0x1f, 0xfe, 0x9b, 0xff, 0xf8,
    0x61, 0xff, 0xe9, 0xbf, 0xff, 0x86, 0x1f, 0xfe,
    0x97, 0xff, 0xf8, 0x68, 0x7f, 0xfa, 0x1f, 0xff,
    0xe1, 0xa1, 0xff, 0xe8, 0x7f, 0xff, 0x86, 0x87,
    0xff, 0xa1, 0xff, 0xfe, 0x1a, 0x1f, 0xfe, 0x9f,
    0xff, 0xe1, 0xc1, 0xff, 0xe9, 0xff, 0xfe, 0x1c,
    0x1f, 0xfe, 0x9f, 0xff, 0xe1, 0xc1, 0xff, 0xe9,
    0xff, 0xfe, 0x1c, 0x1f, 0xfe, 0x9f, 0xff, 0xe2,
    0x7, 0xff, 0xa7, 0xff, 0xf8, 0x81, 0xff, 0xe9,
    0xbf, 0xff, 0x86, 0x1f, 0xfe, 0x9b, 0xff, 0xf8,
    0x61, 0xff, 0xe9, 0xbf, 0xff, 0x86, 0x1f, 0xfe,
    0x9b, 0xff, 0xf8, 0x61, 0xff, 0xe9, 0x7f, 0xff,
    0x86, 0x87, 0xff, 0xa1, 0xff, 0xfe, 0x1a, 0x1f,
    0xfe, 0x87, 0xff, 0xf8, 0x68, 0x7f, 0xfa, 0x1f,
    0xff, 0xe1, 0xa1, 0xff, 0xe9, 0xff, 0xfe, 0x1c,
    0x1f, 0xfe, 0x9f, 0xff, 0xe1, 0xc1, 0xff, 0xe9,
    0xff, 0xfe, 0x1c, 0x1f, 0xfe, 0x9f, 0xff, 0xe1,
    0xc1, 0xff, 0xe9, 0xff, 0xfe, 0x20, 0x7f, 0xfa,
    0x7f, 0xff, 0x88, 0x1f, 0xfe, 0x9b, 0xff, 0xf8,
    0x61, 0xff, 0xe9, 0xbf, 0xff, 0x86, 0x1f, 0xfe,
    0x9b, 0xff, 0xf8, 0x61, 0xff, 0xe9, 0xbf, 0xff,
    0x86, 0x1f, 0xfe, 0x97, 0xff, 0xf8, 0x68, 0x7f,
    0xfa, 0x1f, 0xff, 0xe1, 0xa1, 0xff, 0xe8, 0x7f,
    0xff, 0x86, 0x87, 0xff, 0xa1, 0xff, 0xfe, 0x1a,
    0x1f, 0xfe, 0x9f, 0xff, 0xe1, 0xc1, 0xff, 0xe9,
    0xff, 0xfe, 0x1c, 0x1f, 0xfe, 0x9f, 0xff, 0xe1,
    0xc1, 0xff, 0xe9, 0xff, 0xfe, 0x1c, 0x1f, 0xfe,
    0x9f, 0xff, 0xe2, 0x7, 0xff, 0xa7, 0xff, 0xf8,
    0x81, 0xff, 0xe9, 0xbf, 0xff, 0x86, 0x1f, 0xfe,
    0x9b, 0xff, 0xf8, 0x61, 0xff, 0xe9, 0xbf, 0xff,
    0x86, 0x1f, 0xfe, 0x9b, 0xff, 0xf8, 0x61, 0xff,
    0xe9, 0x7f, 0xff, 0x86, 0x87, 0xff, 0xa1, 0xff,
    0xfe, 0x1a, 0x1f, 0xfe, 0x87, 0xff, 0xf8, 0x68,
    0x7f, 0xfa, 0x1f, 0xff, 0xe1, 0xa1, 0xff, 0xe9,
    0xff, 0xfe, 0x1c, 0x1f, 0xfe, 0x9f, 0xff, 0xe1,
    0xc1, 0xff, 0xe9, 0xff, 0xfe, 0x1c, 0x1f, 0xfe,
    0x9f, 0xff, 0xe2, 0x7, 0xff, 0xa7, 0xff, 0xf8,
    0x81, 0xff, 0xe9, 0xff, 0xfe, 0x20, 0x7f, 0xfa,
    0x6f, 0xff, 0xe1, 0x87, 0xff, 0xab, 0xff, 0xff,
    0x27, 0xff, 0xfe, 0x4f, 0xff, 0xfc, 0x9f, 0xff,
    0xf9, 0x3f, 0xff, 0xf2, 0x7f, 0xff, 0xe4, 0xff,
    0xff, 0xc9, 0xff, 0xff, 0x93, 0xff, 0xff, 0x27,
    0xff, 0xfe, 0x4f, 0xff, 0xfc, 0x8b, 0xff, 0xf9,

    /* U+005B "[" */
    0x3f, 0xff, 0xa0, 0x9f, 0xff, 0xd0, 0x4f, 0xff,
    0xe8, 0x27, 0xff, 0xf4, 0x13, 0xff, 0xfa, 0x9,
    0xff, 0xfd, 0x4, 0xff, 0xfe, 0x82, 0x7f, 0xff,
    0x41, 0x3f, 0xff, 0xa0, 0x9f, 0xff, 0xd0, 0x4f,
    0xff, 0x21, 0xff, 0xc7, 0xff, 0xf2, 0x1f, 0xfc,
    0x7f, 0xff, 0x21, 0xff, 0xc7, 0xff, 0xf2, 0x1f,
    0xfc, 0x7f, 0xff, 0x21, 0xff, 0xc7, 0xff, 0xf2,
    0x1f, 0xfc, 0x7f, 0xff, 0x21, 0xff, 0xc7, 0xff,
    0xf2, 0x1f, 0xfc, 0x7f, 0xff, 0x21, 0xff, 0xc7,
    0xff, 0xf2, 0x1f, 0xfc, 0x7f, 0xff, 0x21, 0xff,
    0xc7, 0xff, 0xf2, 0x1f, 0xfc, 0x7f, 0xff, 0x21,
    0xff, 0xc7, 0xff, 0xf2, 0x1f, 0xfc, 0x7f, 0xff,
    0x21, 0xff, 0xc7, 0xff, 0xf2, 0x1f, 0xfc, 0x7f,
    0xff, 0x21, 0xff, 0xc7, 0xff, 0xf2, 0x1f, 0xfc,
    0x7f, 0xff, 0x21, 0xff, 0xc7, 0xff, 0xf2, 0x1f,
    0xfc, 0x7f, 0xff, 0x21, 0xff, 0xc7, 0xff, 0xf2,
    0x1f, 0xfc, 0x7f, 0xff, 0x21, 0xff, 0xc7, 0xff,
    0xf2, 0x1f, 0xfc, 0x7f, 0xff, 0x21, 0xff, 0xc7,
    0xff, 0xf2, 0x1f, 0xfc, 0x7f, 0xff, 0x21, 0xff,
    0xc7, 0xff, 0xf2, 0x1f, 0xfc, 0x7f, 0xff, 0x21,
    0xff, 0xc7, 0xff, 0xf2, 0x1f, 0xfc, 0x7f, 0xff,
    0x21, 0xff, 0xc7, 0xff, 0xf2, 0x1f, 0xfc, 0x7f,
    0xff, 0x21, 0xff, 0xc7, 0xff, 0xf2, 0x1f, 0xfc,
    0x7f, 0xff, 0x21, 0xff, 0xc7, 0xff, 0xf2, 0x1f,
    0xfc, 0x7f, 0xff, 0x21, 0xff, 0xc7, 0xff, 0xf2,
    0x1f, 0xfc, 0x7f, 0xff, 0x21, 0xff, 0xc7, 0xff,
    0xf2, 0x1f, 0xfc, 0x7f, 0xff, 0x21, 0xff, 0xc7,
    0xff, 0xf2, 0x1f, 0xfc, 0x7f, 0xff, 0x21, 0xff,
    0xc7, 0xff, 0xf2, 0x1f, 0xfc, 0x7f, 0xff, 0x21,
    0xff, 0xc7, 0xff, 0xf2, 0x1f, 0xfc, 0x7f, 0xff,
    0x21, 0xff, 0xc7, 0xff, 0xf2, 0x1f, 0xfc, 0x7f,
    0xff, 0x21, 0xff, 0xc7, 0xff, 0xf2, 0x1f, 0xfc,
    0x7f, 0xff, 0x21, 0xff, 0xc7, 0xff, 0xf2, 0x1f,
    0xfc, 0x7f, 0xff, 0x21, 0xff, 0xc7, 0xff, 0xf2,
    0x1f, 0xfc, 0x7f, 0xff, 0x21, 0xff, 0xc7, 0xff,
    0xf2, 0x1f, 0xfc, 0x7f, 0xff, 0x21, 0xff, 0xc7,
    0xff, 0xf2, 0x1f, 0xfc, 0x7f, 0xff, 0x21, 0xff,
    0xc7, 0xff, 0xf2, 0x1f, 0xfc, 0x7f, 0xff, 0x21,
    0xff, 0xc7, 0xff, 0xf2, 0x1f, 0xfc, 0x7f, 0xff,
    0x21, 0xff, 0xc7, 0xff, 0xf2, 0x1f, 0xfc, 0x7f,
    0xff, 0x21, 0xff, 0xc7, 0xff, 0xf2, 0x1f, 0xfc,
    0x7f, 0xff, 0x21, 0xff, 0xc7, 0xff, 0xf2, 0x1f,
    0xfc, 0x7f, 0xff, 0x21, 0xff, 0xc7, 0xff, 0xf2,
    0x1f, 0xfc, 0x7f, 0xff, 0x21, 0xff, 0xc7, 0xff,
    0xf2, 0x1f, 0xfc, 0x7f, 0xff, 0x21, 0xff, 0xc7,
    0xff, 0xf2, 0x1f, 0xfc, 0x7f, 0xff, 0x21, 0xff,
    0xc7, 0xff, 0xf2, 0x1f, 0xfc, 0x7f, 0xff, 0x21,
    0xff, 0xc7, 0xff, 0xf2, 0x1f, 0xfc, 0x7f, 0xff,
    0x21, 0xff, 0xc7, 0xff, 0xf2, 0x1f, 0xfc, 0x7f,
    0xff, 0x57, 0xff, 0x18, 0x1f, 0xff, 0xd0, 0x4f,
    0xff, 0xe8, 0x27, 0xff, 0xf4, 0x13, 0xff, 0xfa,
    0x9, 0xff, 0xfd, 0x4, 0xff, 0xfe, 0x82, 0x7f,
    0xff, 0x41, 0x3f, 0xff, 0xa0, 0x9f, 0xff, 0xd0,
    0x4f, 0xff, 0xe8, 0x20,

    /* U+005C "\\" */
    0xf, 0xf2, 0x1f, 0xfd, 0x6, 0xf8, 0x3f, 0xf9,
    0x6d, 0xff, 0x90, 0xff, 0xe5, 0x7f, 0xfa, 0xf,
    0xfe, 0x55, 0xff, 0xe0, 0xff, 0xe5, 0x3f, 0xfe,
    0xf, 0xfe, 0x5f, 0xff, 0x90, 0xff, 0xe5, 0x7f,
    0xfa, 0xf, 0xfe, 0x57, 0xff, 0xa0, 0xff, 0xe5,
    0x5f, 0xfe, 0xf, 0xfe, 0x53, 0xff, 0xe0, 0xff,
    0xe5, 0xff, 0xf9, 0xf, 0xfe, 0x57, 0xff, 0xa0,
    0xff, 0xe5, 0x5f, 0xfe, 0xf, 0xfe, 0x53, 0xff,
    0xe0, 0xff, 0xe5, 0xff, 0xf9, 0xf, 0xfe, 0x57,
    0xff, 0xa0, 0xff, 0xe5, 0x5f, 0xfd, 0x7, 0xff,
    0x2a, 0xff, 0xf0, 0x7f, 0xf2, 0x9f, 0xff, 0x7,
    0xff, 0x2f, 0xff, 0xc8, 0x7f, 0xf2, 0xbf, 0xfd,
    0x7, 0xff, 0x2a, 0xff, 0xf0, 0x7f, 0xf2, 0x9f,
    0xff, 0x7, 0xff, 0x2f, 0xff, 0xc8, 0x7f, 0xf2,
    0xbf, 0xfc, 0x87, 0xff, 0x2a, 0xff, 0xe8, 0x3f,
    0xf9, 0x4f, 0xff, 0x83, 0xff, 0x94, 0xff, 0xf8,
    0x3f, 0xf9, 0x7f, 0xfe, 0x43, 0xff, 0x95, 0xff,
    0xe8, 0x3f, 0xf9, 0x57, 0xff, 0x83, 0xff, 0x94,
    0xff, 0xf8, 0x3f, 0xf9, 0x7f, 0xfe, 0x43, 0xff,
    0x95, 0xff, 0xe4, 0x3f, 0xf9, 0x57, 0xff, 0x41,
    0xff, 0xca, 0x7f, 0xfc, 0x1f, 0xfc, 0xbf, 0xff,
    0x7, 0xff, 0x2f, 0xff, 0xc8, 0x7f, 0xf2, 0xbf,
    0xfd, 0x7, 0xff, 0x2a, 0xff, 0xf0, 0x7f, 0xf2,
    0x9f, 0xff, 0x7, 0xff, 0x2f, 0xff, 0xc1, 0xff,
    0xcb, 0xff, 0xf2, 0x1f, 0xfc, 0xab, 0xff, 0xa0,
    0xff, 0xe5, 0x3f, 0xfe, 0xf, 0xfe, 0x5f, 0xff,
    0x83, 0xff, 0x97, 0xff, 0xe4, 0x3f, 0xf9, 0x5f,
    0xfe, 0x83, 0xff, 0x95, 0x7f, 0xf8, 0x3f, 0xf9,
    0x4f, 0xff, 0x83, 0xff, 0x97, 0xff, 0xe0, 0xff,
    0xe5, 0xff, 0xf9, 0xf, 0xfe, 0x55, 0xff, 0xd0,
    0x7f, 0xf2, 0x9f, 0xff, 0x7, 0xff, 0x2f, 0xff,
    0xc1, 0xff, 0xcb, 0xff, 0xf2, 0x1f, 0xfc, 0xab,
    0xff, 0xa0, 0xff, 0xe5, 0x5f, 0xfe, 0xf, 0xfe,
    0x53, 0xff, 0xe0, 0xff, 0xe5, 0xff, 0xf8, 0x3f,
    0xf9, 0x7f, 0xfe, 0x43, 0xff, 0x95, 0x7f, 0xf4,
    0x1f, 0xfc, 0xa7, 0xff, 0xc1, 0xff, 0xcb, 0xff,
    0xf0, 0x7f, 0xf2, 0xff, 0xfc, 0x87, 0xff, 0x2a,
    0xff, 0xe8, 0x3f, 0xf9, 0x4f, 0xff, 0x41, 0xff,
    0xca, 0x7f, 0xfc, 0x1f, 0xfc, 0xbf, 0xff, 0x7,
    0xff, 0x2f, 0xff, 0xc8, 0x7f, 0xf2, 0xaf, 0xfe,
    0x83, 0xff, 0x94, 0xff, 0xf8, 0x3f, 0xf9, 0x7f,
    0xfe, 0xf, 0xfe, 0x5f, 0xff, 0x90, 0xff, 0xe5,
    0x5f, 0xfd, 0x7, 0xff, 0x29, 0xff, 0xe8, 0x3f,
    0xf9, 0x7f, 0xfe, 0xf, 0xfe, 0x5f, 0xff, 0x83,
    0xff, 0x97, 0xff, 0xe4, 0x3f, 0xf9, 0x57, 0xff,
    0x41, 0xff, 0xca, 0x7f, 0xfc, 0x1f, 0xfc, 0xbf,
    0xff, 0x7, 0xff, 0x2f, 0xff, 0xc8, 0x7f, 0xf2,
    0xaf, 0xfe, 0x43, 0xff, 0x94, 0xff, 0xf4, 0x1f,
    0xfc, 0xbf, 0xff, 0x7, 0xff, 0x2f, 0xff, 0xc1,
    0xff, 0xcb, 0xff, 0xf2, 0x1f, 0xfc, 0xab, 0xff,
    0xa0, 0xff, 0xe5, 0x3f, 0xfe, 0xf, 0xfe, 0x5f,
    0xff, 0x83, 0xff, 0x97, 0xff, 0xe4, 0x3f, 0xf9,
    0x57, 0xff, 0x21, 0xff, 0xca, 0x7f, 0xfa, 0xf,
    0xfe, 0x5f, 0xff, 0x83, 0xff, 0x97, 0xff, 0xe0,
    0xff, 0xe5, 0xdf, 0xfc, 0x87, 0xff, 0x29, 0xff,
    0xe8, 0x3f, 0xf9, 0x4f, 0xff, 0x83, 0xff, 0x97,
    0xff, 0x48, 0x7f, 0xf3, 0x3e, 0x90, 0xff, 0xed,
    0x0,

    /* U+005D "]" */
    0x3f, 0xff, 0xa0, 0x9f, 0xff, 0xd0, 0x4f, 0xff,
    0xe8, 0x27, 0xff, 0xf4, 0x13, 0xff, 0xfa, 0x9,
    0xff, 0xfd, 0x4, 0xff, 0xfe, 0x82, 0x7f, 0xff,
    0x41, 0x3f, 0xff, 0xa0, 0x9f, 0xff, 0xd0, 0x43,
    0xff, 0x8f, 0x7f, 0xf2, 0x1f, 0xfc, 0x7b, 0xff,
    0x90, 0xff, 0xe3, 0xdf, 0xfc, 0x87, 0xff, 0x1e,
    0xff, 0xe4, 0x3f, 0xf8, 0xf7, 0xff, 0x21, 0xff,
    0xc7, 0xbf, 0xf9, 0xf, 0xfe, 0x3d, 0xff, 0xc8,
    0x7f, 0xf1, 0xef, 0xfe, 0x43, 0xff, 0x8f, 0x7f,
    0xf2, 0x1f, 0xfc, 0x7b, 0xff, 0x90, 0xff, 0xe3,
    0xdf, 0xfc, 0x87, 0xff, 0x1e, 0xff, 0xe4, 0x3f,
    0xf8, 0xf7, 0xff, 0x21, 0xff, 0xc7, 0xbf, 0xf9,
    0xf, 0xfe, 0x3d, 0xff, 0xc8, 0x7f, 0xf1, 0xef,
    0xfe, 0x43, 0xff, 0x8f, 0x7f, 0xf2, 0x1f, 0xfc,
    0x7b, 0xff, 0x90, 0xff, 0xe3, 0xdf, 0xfc, 0x87,
    0xff, 0x1e, 0xff, 0xe4, 0x3f, 0xf8, 0xf7, 0xff,
    0x21, 0xff, 0xc7, 0xbf, 0xf9, 0xf, 0xfe, 0x3d,
    0xff, 0xc8, 0x7f, 0xf1, 0xef, 0xfe, 0x43, 0xff,
    0x8f, 0x7f, 0xf2, 0x1f, 0xfc, 0x7b, 0xff, 0x90,
    0xff, 0xe3, 0xdf, 0xfc, 0x87, 0xff, 0x1e, 0xff,
    0xe4, 0x3f, 0xf8, 0xf7, 0xff, 0x21, 0xff, 0xc7,
    0xbf, 0xf9, 0xf, 0xfe, 0x3d, 0xff, 0xc8, 0x7f,
    0xf1, 0xef, 0xfe, 0x43, 0xff, 0x8f, 0x7f, 0xf2,
    0x1f, 0xfc, 0x7b, 0xff, 0x90, 0xff, 0xe3, 0xdf,
    0xfc, 0x87, 0xff, 0x1e, 0xff, 0xe4, 0x3f, 0xf8,
    0xf7, 0xff, 0x21, 0xff, 0xc7, 0xbf, 0xf9, 0xf,
    0xfe, 0x3d, 0xff, 0xc8, 0x7f, 0xf1, 0xef, 0xfe,
    0x43, 0xff, 0x8f, 0x7f, 0xf2, 0x1f, 0xfc, 0x7b,
    0xff, 0x90, 0xff, 0xe3, 0xdf, 0xfc, 0x87, 0xff,
    0x1e, 0xff, 0xe4, 0x3f, 0xf8, 0xf7, 0xff, 0x21,
    0xff, 0xc7, 0xbf, 0xf9, 0xf, 0xfe, 0x3d, 0xff,
    0xc8, 0x7f, 0xf1, 0xef, 0xfe, 0x43, 0xff, 0x8f,
    0x7f, 0xf2, 0x1f, 0xfc, 0x7b, 0xff, 0x90, 0xff,
    0xe3, 0xdf, 0xfc, 0x87, 0xff, 0x1e, 0xff, 0xe4,
    0x3f, 0xf8, 0xf7, 0xff, 0x21, 0xff, 0xc7, 0xbf,
    0xf9, 0xf, 0xfe, 0x3d, 0xff, 0xc8, 0x7f, 0xf1,
    0xef, 0xfe, 0x43, 0xff, 0x8f, 0x7f, 0xf2, 0x1f,
    0xfc, 0x7b, 0xff, 0x90, 0xff, 0xe3, 0xdf, 0xfc,
    0x87, 0xff, 0x1e, 0xff, 0xe4, 0x3f, 0xf8, 0xf7,
    0xff, 0x21, 0xff, 0xc7, 0xbf, 0xf9, 0xf, 0xfe,
    0x3d, 0xff, 0xc8, 0x7f, 0xf1, 0xef, 0xfe, 0x43,
    0xff, 0x8f, 0x7f, 0xf2, 0x1f, 0xfc, 0x7b, 0xff,
    0x90, 0xff, 0xe3, 0xdf, 0xfc, 0x87, 0xff, 0x1e,
    0xff, 0xe4, 0x3f, 0xf8, 0xf7, 0xff, 0x21, 0xff,
    0xc7, 0xbf, 0xf9, 0xf, 0xfe, 0x3d, 0xff, 0xc8,
    0x7f, 0xf1, 0xef, 0xfe, 0x43, 0xff, 0x8f, 0x7f,
    0xf2, 0x1f, 0xfc, 0x7b, 0xff, 0x90, 0xff, 0xe3,
    0xdf, 0xfc, 0x87, 0xff, 0x1e, 0xff, 0xe4, 0x3f,
    0xf8, 0xf7, 0xff, 0x21, 0xff, 0xc7, 0xbf, 0xf9,
    0xf, 0xfe, 0x3d, 0xff, 0xc8, 0x7f, 0xf1, 0xef,
    0xfe, 0x4a, 0xff, 0xe3, 0x7f, 0xf9, 0x3f, 0xff,
    0xa0, 0x9f, 0xff, 0xd0, 0x4f, 0xff, 0xe8, 0x27,
    0xff, 0xf4, 0x13, 0xff, 0xfa, 0x9, 0xff, 0xfd,
    0x4, 0xff, 0xfe, 0x82, 0x7f, 0xff, 0x41, 0x3f,
    0xff, 0xa0, 0x9f, 0xff, 0xd0, 0x40,

    /* U+005E "^" */
    0xf, 0xfe, 0x4b, 0xff, 0xa0, 0xff, 0xef, 0x7f,
    0xf8, 0x3f, 0xfb, 0xaf, 0xff, 0x90, 0xff, 0xee,
    0x5f, 0xff, 0x7, 0xff, 0x73, 0xff, 0xf8, 0x8,
    0x7f, 0xf6, 0xaf, 0xff, 0xe0, 0x87, 0xff, 0x6b,
    0xff, 0xf8, 0x41, 0xff, 0xd9, 0x7f, 0xff, 0x85,
    0x7, 0xff, 0x63, 0xff, 0xf8, 0x81, 0xff, 0xd7,
    0x7f, 0xff, 0x89, 0x7, 0xff, 0x5b, 0xff, 0xf8,
    0xc1, 0xff, 0xd6, 0xff, 0xfe, 0x32, 0x1f, 0xfd,
    0x4b, 0xff, 0xaf, 0xfe, 0xf, 0xfe, 0xa7, 0xff,
    0x4f, 0xff, 0x21, 0xff, 0xd2, 0xbf, 0xf8, 0x1f,
    0xfd, 0x7, 0xff, 0x4b, 0xff, 0xa0, 0x3f, 0xfc,
    0x1f, 0xfd, 0x17, 0xff, 0x90, 0xbf, 0xfa, 0xf,
    0xfe, 0x87, 0xff, 0x83, 0x5f, 0xfc, 0x1f, 0xfc,
    0xf7, 0xff, 0xa0, 0xef, 0xfe, 0x43, 0xff, 0x9d,
    0x7f, 0xf0, 0x7b, 0xff, 0xc1, 0xff, 0xce, 0xff,
    0xe8, 0x3c, 0xff, 0xf2, 0x1f, 0xfc, 0xcb, 0xff,
    0x90, 0xfb, 0xff, 0xc1, 0xff, 0xcc, 0xff, 0xf0,
    0x7e, 0xbf, 0xf8, 0x3f, 0xf9, 0x6f, 0xff, 0x41,
    0xfd, 0xff, 0xd0, 0x7f, 0xf2, 0xbf, 0xfc, 0x1f,
    0xef, 0xff, 0x7, 0xff, 0x25, 0xff, 0xf0, 0x7f,
    0x9f, 0xfe, 0x83, 0xff, 0x91, 0xff, 0xe4, 0x3f,
    0xef, 0xff, 0x7, 0xff, 0x23, 0xff, 0xc1, 0xff,
    0xc0, 0xbf, 0xf9, 0xf, 0xfe, 0x35, 0xff, 0xd0,
    0x7f, 0xf0, 0x7f, 0xfc, 0x1f, 0xfc, 0x6f, 0xff,
    0x7, 0xff, 0xa, 0xff, 0xe4, 0x3f, 0xf8, 0x8f,
    0xff, 0x83, 0xff, 0x84, 0xff, 0xf4, 0x1f, 0xfc,
    0x4f, 0xff, 0x21, 0xff, 0xc3, 0xff, 0xf0, 0x7f,
    0xf0, 0xdf, 0xff, 0x7, 0xff, 0x11, 0xff, 0xe8,
    0x3f, 0xf8, 0x5f, 0xfe, 0x83, 0xff, 0x8b, 0xff,
    0xe0, 0xff, 0xe1, 0x7f, 0xf8, 0x3f, 0xf8, 0xd7,
    0xff, 0x21, 0xff, 0xc0, 0xbf, 0xfc, 0x1f, 0xfc,
    0x7f, 0xff, 0x7, 0xff, 0x3, 0xff, 0xc8, 0x7f,
    0xf1, 0xff, 0xfc, 0x87, 0xfa, 0xff, 0xf0, 0x7f,
    0xf2, 0x1f, 0xff, 0x7, 0xfb, 0xff, 0xd0, 0x7f,
    0xf2, 0x7f, 0xfc, 0x1f, 0xcf, 0xff, 0x83, 0xff,
    0x95, 0x7f, 0xf4, 0x1f, 0xbf, 0xfe, 0xf, 0xfe,
    0x5f, 0xff, 0x83, 0xe7, 0xff, 0xc8, 0x7f, 0xf2,
    0xff, 0xfd, 0x7, 0xaf, 0xff, 0x7, 0xff, 0x31,
    0xff, 0xf0, 0x7b, 0xff, 0xd0, 0x7f, 0xf3, 0x7f,
    0xfc, 0x86, 0xbf, 0xfc, 0x1f, 0xfc, 0xeb, 0xff,
    0xc1, 0xbf, 0xfe, 0xf, 0xfe, 0x7f, 0xff, 0x90,
    0x3f, 0xfe, 0x43, 0xff, 0x9f, 0x7f, 0xf4, 0xf,
    0xff, 0x83, 0xff, 0xa0, 0xff, 0xf8,

    /* U+005F "_" */
    0x6b, 0xff, 0xf4, 0xaf, 0xff, 0xfd, 0x4f, 0xff,
    0xfe, 0xa7, 0xff, 0xff, 0x53, 0xff, 0xff, 0xa9,
    0xff, 0xff, 0xd4, 0xff, 0xff, 0xea, 0x7f, 0xff,
    0xf5, 0x0,

    /* U+0060 "`" */
    0x6b, 0xff, 0x84, 0x1f, 0xd7, 0xff, 0xf0, 0x43,
    0xfd, 0xff, 0xfc, 0x18, 0x3f, 0xdf, 0xff, 0xc1,
    0xf, 0xf3, 0xff, 0xfc, 0x8, 0x3f, 0xcf, 0xff,
    0xf0, 0x3, 0xfe, 0xbf, 0xfe, 0x83, 0xfe, 0xff,
    0xfe, 0x0, 0x7f, 0xf0, 0x3f, 0xfe, 0x83, 0xff,
    0x81, 0xff, 0xf0, 0x7f, 0xf0, 0x1f, 0xff, 0x21,
    0xff, 0xc0, 0x7f, 0xfc, 0x1f, 0xfc, 0x1b, 0xff,
    0x90, 0xff, 0xe0, 0xff, 0xf8, 0x3f, 0xf8, 0x5f,
    0xfc, 0x87, 0xff, 0xb, 0xff, 0x83, 0xff, 0x84,
    0xff, 0xe4,

    /* U+0061 "a" */
    0x2, 0xff, 0xf5, 0x3, 0xff, 0x99, 0xff, 0xfd,
    0x79, 0xf, 0xfe, 0x3f, 0xff, 0xf6, 0xe0, 0xff,
    0xe2, 0x7f, 0xff, 0x76, 0xf, 0xfe, 0x17, 0xff,
    0xf7, 0xe0, 0xff, 0xe0, 0x7f, 0xff, 0x84, 0x3f,
    0xef, 0xff, 0xf1, 0x7, 0xfb, 0xff, 0xfc, 0x68,
    0x7e, 0xff, 0xff, 0x20, 0x7e, 0xff, 0xff, 0x28,
    0x7d, 0xff, 0xfe, 0x58, 0x3d, 0xff, 0xfe, 0x64,
    0x3f, 0xfb, 0xa, 0xbf, 0xff, 0x8a, 0x1f, 0xfd,
    0xc6, 0xff, 0xfe, 0x12, 0x1f, 0xfd, 0xef, 0xff,
    0xe0, 0xc1, 0xff, 0xdf, 0xbf, 0xff, 0x80, 0x1f,
    0xfe, 0xf, 0xff, 0xe0, 0x21, 0xff, 0xe0, 0xff,
    0xfa, 0xf, 0xff, 0x5, 0xff, 0xf0, 0x7f, 0xf8,
    0x1f, 0xff, 0x83, 0xff, 0xc3, 0xff, 0xf2, 0x1f,
    0xfc, 0x55, 0xff, 0xe7, 0xff, 0xfc, 0x87, 0xff,
    0x5, 0xff, 0xfe, 0xec, 0x1f, 0xf5, 0xff, 0xfd,
    0xf8, 0x3f, 0xaf, 0xff, 0xf0, 0xc1, 0xf3, 0xff,
    0xfe, 0x38, 0x3d, 0x7f, 0xff, 0x92, 0xe, 0xbf,
    0xff, 0xcb, 0x6, 0x7f, 0xff, 0xcd, 0x6, 0xff,
    0xff, 0x3c, 0x17, 0xff, 0xfa, 0x20, 0x3f, 0xff,
    0xe8, 0x81, 0xff, 0xfe, 0x98, 0x1f, 0xff, 0xc2,
    0x43, 0xff, 0x9e, 0xff, 0xfa, 0x1f, 0xff, 0xe0,
    0x21, 0xff, 0xd1, 0x7f, 0xfd, 0x17, 0xff, 0xc1,
    0xff, 0xd3, 0x7f, 0xfd, 0x1f, 0xff, 0x41, 0xff,
    0xd3, 0x7f, 0xfd, 0x1f, 0xff, 0x7, 0xff, 0x51,
    0xff, 0xf4, 0x7f, 0xfc, 0x1f, 0xfd, 0x47, 0xff,
    0xd1, 0xff, 0xf0, 0x7f, 0xf5, 0x1f, 0xff, 0x47,
    0xff, 0xc1, 0xff, 0xd4, 0x7f, 0xfd, 0x1f, 0xff,
    0x7, 0xff, 0x51, 0xff, 0xf4, 0x7f, 0xfc, 0x87,
    0xff, 0x4d, 0xff, 0xf4, 0x7f, 0xff, 0x0, 0x3f,
    0xfa, 0x6f, 0xff, 0xa2, 0xff, 0xfa, 0xf, 0xfe,
    0x93, 0xff, 0xe8, 0x7f, 0xff, 0x81, 0x7, 0xff,
    0x45, 0xff, 0xf4, 0xf, 0xff, 0xe1, 0x48, 0x7f,
    0xf3, 0x9f, 0xff, 0x40, 0xbf, 0xff, 0xd1, 0x5,
    0xff, 0xfe, 0x88, 0x2b, 0xff, 0xfc, 0xf0, 0x6f,
    0xff, 0xf3, 0xc1, 0xdf, 0xff, 0xe6, 0x83, 0x9f,
    0xff, 0xf2, 0xc1, 0xf7, 0xff, 0xf9, 0x20, 0xfd,
    0x7f, 0xff, 0x8a, 0xf, 0xf5, 0xff, 0xfe, 0x8,
    0x3f, 0xf8, 0x17, 0xff, 0xf7, 0xa0, 0xff, 0xe1,
    0x2a, 0xff, 0xfe, 0xd4,

    /* U+0062 "b" */
    0x3f, 0xfe, 0xf, 0xff, 0x17, 0xff, 0xc1, 0xff,
    0xe2, 0xff, 0xf8, 0x3f, 0xfc, 0x5f, 0xff, 0x7,
    0xff, 0x8b, 0xff, 0xe0, 0xff, 0xf1, 0x7f, 0xfc,
    0x1f, 0xfe, 0x2f, 0xff, 0x83, 0xff, 0xc5, 0xff,
    0xf0, 0x7f, 0xf8, 0xbf, 0xfe, 0xf, 0xff, 0x17,
    0xff, 0xc1, 0xff, 0xe2, 0xff, 0xf8, 0x3f, 0xfc,
    0x5f, 0xff, 0x7, 0xff, 0x8b, 0xff, 0xe0, 0xff,
    0xf1, 0x7f, 0xfc, 0x1f, 0xfe, 0x2f, 0xff, 0x83,
    0xff, 0xc5, 0xff, 0xf0, 0x7f, 0xf8, 0xbf, 0xfe,
    0xf, 0xff, 0x17, 0xff, 0xc1, 0xff, 0xe2, 0xff,
    0xf8, 0x3f, 0xfc, 0x5f, 0xff, 0x7, 0xff, 0x8b,
    0xff, 0xe0, 0xff, 0xf1, 0x7f, 0xfc, 0x1f, 0xfe,
    0x2f, 0xff, 0x83, 0xff, 0xc5, 0xff, 0xfd, 0x4a,
    0x21, 0xff, 0xca, 0xff, 0xfe, 0xcc, 0x1f, 0xfc,
    0x7f, 0xff, 0xee, 0x21, 0xff, 0xc4, 0xff, 0xfe,
    0xf0, 0x7f, 0xf0, 0xff, 0xff, 0xbf, 0x7, 0xff,
    0x7, 0xff, 0xfc, 0x21, 0xff, 0xc0, 0xff, 0xff,
    0x12, 0x1f, 0xef, 0xff, 0xf1, 0xa1, 0xfd, 0xff,
    0xfe, 0x40, 0xfe, 0xff, 0xff, 0x28, 0x7e, 0xff,
    0xff, 0x30, 0x7d, 0xff, 0xf0, 0x7f, 0xf2, 0x1b,
    0xff, 0xf8, 0xa8, 0x7b, 0xff, 0xe0, 0xff, 0xe5,
    0xbf, 0xff, 0xc4, 0xf, 0x7f, 0xfc, 0x1f, 0xfc,
    0xd7, 0xff, 0xf8, 0x50, 0x77, 0xff, 0xc1, 0xff,
    0xcf, 0xff, 0xfe, 0x10, 0x77, 0xff, 0xc1, 0xff,
    0xd0, 0xff, 0xfe, 0xc, 0x1b, 0xff, 0xe0, 0xff,
    0xe8, 0xff, 0xff, 0x4, 0x37, 0xff, 0xc1, 0xff,
    0xd1, 0x7f, 0xff, 0x80, 0x85, 0xff, 0xf0, 0x7f,
    0xf4, 0xaf, 0xff, 0xa0, 0xbf, 0xfe, 0xf, 0xfe,
    0x9f, 0xff, 0xf0, 0x2, 0xff, 0xf8, 0x3f, 0xfa,
    0x77, 0xff, 0xc1, 0x7f, 0xfc, 0x1f, 0xfd, 0x37,
    0xff, 0xe4, 0x1f, 0xff, 0x7, 0xff, 0x53, 0xff,
    0xe8, 0x1f, 0xff, 0x7, 0xff, 0x53, 0xff, 0xf8,
    0x0, 0xff, 0xf8, 0x3f, 0xfa, 0x97, 0xff, 0xc0,
    0xff, 0xf8, 0x3f, 0xfa, 0x8f, 0xff, 0xc0, 0xff,
    0xf8, 0x3f, 0xfa, 0x8f, 0xff, 0xc0, 0xff, 0xf8,
    0x3f, 0xfa, 0x8f, 0xff, 0xc0, 0xff, 0xf8, 0x3f,
    0xfa, 0x8f, 0xff, 0xc0, 0xff, 0xf8, 0x3f, 0xfa,
    0x8f, 0xff, 0xc0, 0xff, 0xf8, 0x3f, 0xfa, 0x8f,
    0xff, 0xc0, 0xff, 0xf8, 0x3f, 0xfa, 0x8f, 0xff,
    0xc0, 0xff, 0xf8, 0x3f, 0xfa, 0x97, 0xff, 0xc0,
    0xff, 0xf8, 0x3f, 0xfa, 0x9f, 0xff, 0xc0, 0x7,
    0xff, 0xc1, 0xff, 0xd4, 0xff, 0xfa, 0x7, 0xff,
    0xc1, 0xff, 0xd3, 0x7f, 0xfe, 0x41, 0xff, 0xf0,
    0x7f, 0xf4, 0xef, 0xff, 0x82, 0xff, 0xf8, 0x3f,
    0xfa, 0x7f, 0xff, 0xc0, 0xb, 0xff, 0xe0, 0xff,
    0xe9, 0x5f, 0xff, 0x41, 0x7f, 0xfc, 0x1f, 0xfd,
    0x17, 0xff, 0xf8, 0x8, 0x5f, 0xff, 0x7, 0xff,
    0x47, 0xff, 0xf8, 0x21, 0xbf, 0xfe, 0xf, 0xfe,
    0x87, 0xff, 0xf0, 0x60, 0xdf, 0xff, 0x7, 0xff,
    0x3f, 0xff, 0xf8, 0x41, 0xdf, 0xff, 0x7, 0xff,
    0x35, 0xff, 0xfe, 0x14, 0x1d, 0xff, 0xf0, 0x7f,
    0xf2, 0xdf, 0xff, 0xe2, 0x7, 0xbf, 0xfe, 0xf,
    0xfe, 0x43, 0x7f, 0xff, 0x15, 0xf, 0x7f, 0xff,
    0x98, 0x3e, 0xff, 0xff, 0x28, 0x7e, 0xff, 0xff,
    0x20, 0x7f, 0x7f, 0xff, 0x8d, 0xf, 0xef, 0xff,
    0xf1, 0x21, 0xfe, 0xff, 0xff, 0x8, 0x7f, 0xf0,
    0x3f, 0xff, 0xbf, 0x7, 0xff, 0x7, 0xff, 0xfb,
    0xc8, 0x7f, 0xf0, 0xbf, 0xff, 0xb9, 0x7, 0xff,
    0x13, 0xff, 0xfb, 0x50, 0x7f, 0xf1, 0xbf, 0xff,
    0xaf, 0x21, 0xff, 0xc8, 0x5f, 0xfe, 0xa0, 0x7f,
    0xf3, 0x0,

    /* U+0063 "c" */
    0xf, 0xfe, 0x4b, 0x7f, 0xff, 0x4c, 0x3f, 0xf8,
    0xad, 0xff, 0xfd, 0x70, 0xff, 0xe1, 0xdf, 0xff,
    0xda, 0xf, 0xfe, 0xd, 0xff, 0xfd, 0xc0, 0xff,
    0x9f, 0xff, 0xef, 0x7, 0xfa, 0xff, 0xfe, 0xf8,
    0x7f, 0x5f, 0xff, 0xe0, 0xf, 0xd7, 0xff, 0xf8,
    0x43, 0xeb, 0xff, 0xfc, 0x41, 0xe7, 0xff, 0xfc,
    0x61, 0xef, 0xff, 0xf2, 0x7, 0x7f, 0xff, 0x1a,
    0x43, 0xff, 0xaa, 0xff, 0xff, 0xe, 0xf, 0xfe,
    0xcf, 0xff, 0xf0, 0xd0, 0xff, 0xec, 0xbf, 0xff,
    0xc2, 0xf, 0xfe, 0xdf, 0xff, 0xf0, 0x83, 0xff,
    0xb9, 0xff, 0xfc, 0x10, 0xff, 0xee, 0x3f, 0xff,
    0xc0, 0xf, 0xfe, 0xef, 0xff, 0xf0, 0x10, 0xff,
    0xee, 0xff, 0xff, 0x0, 0x3f, 0xfb, 0xaf, 0xff,
    0xc8, 0x7f, 0xf7, 0x6f, 0xff, 0x83, 0xff, 0xbd,
    0x7f, 0xfa, 0xf, 0xfe, 0xf7, 0xff, 0xc8, 0x7f,
    0xf7, 0xbf, 0xfe, 0xf, 0xfe, 0xff, 0xff, 0xc1,
    0xff, 0xdf, 0xff, 0xf8, 0x3f, 0xfb, 0xff, 0xff,
    0x7, 0xff, 0x7f, 0xff, 0xe0, 0xff, 0xef, 0xff,
    0xfc, 0x1f, 0xfd, 0xff, 0xff, 0x83, 0xff, 0xbf,
    0xff, 0xf0, 0x7f, 0xf7, 0xff, 0xfe, 0xf, 0xfe,
    0xff, 0xff, 0xc8, 0x7f, 0xf7, 0xaf, 0xff, 0x41,
    0xff, 0xde, 0xbf, 0xfe, 0xf, 0xfe, 0xf3, 0xff,
    0xf2, 0x1f, 0xfd, 0xef, 0xff, 0xe0, 0x7, 0xff,
    0x7b, 0xff, 0xf8, 0x8, 0x7f, 0xf7, 0x6f, 0xff,
    0xe0, 0x7, 0xff, 0x7b, 0xff, 0xf8, 0x21, 0xff,
    0xdd, 0xff, 0xfe, 0x10, 0x7f, 0xf7, 0x1f, 0xff,
    0xe1, 0x21, 0xff, 0xdb, 0xff, 0xfe, 0x1c, 0x1f,
    0xfd, 0xbf, 0xff, 0xe2, 0x48, 0x7f, 0xf6, 0x2f,
    0xff, 0xe3, 0x54, 0xbf, 0xfc, 0xf0, 0xf7, 0xff,
    0xf9, 0x3, 0xef, 0xff, 0xf1, 0x87, 0xcf, 0xff,
    0xf8, 0x83, 0xf3, 0xff, 0xfe, 0x10, 0xfe, 0x7f,
    0xff, 0xc0, 0x1f, 0xf7, 0xff, 0xf7, 0xc3, 0xff,
    0x81, 0x7f, 0xff, 0x74, 0x3f, 0xf8, 0x57, 0xff,
    0xf6, 0xc3, 0xff, 0x86, 0xdf, 0xff, 0xd9, 0xf,
    0xfe, 0x35, 0xff, 0xfd, 0x70, 0xff, 0xe4, 0xb4,
    0xff, 0xfe, 0x90,

    /* U+0064 "d" */
    0xf, 0xff, 0x3, 0xff, 0xf0, 0x7f, 0xf8, 0x5f,
    0xff, 0x83, 0xff, 0xc2, 0xff, 0xfc, 0x1f, 0xfe,
    0x17, 0xff, 0xe0, 0xff, 0xf0, 0xbf, 0xff, 0x7,
    0xff, 0x85, 0xff, 0xf8, 0x3f, 0xfc, 0x2f, 0xff,
    0xc1, 0xff, 0xe1, 0x7f, 0xfe, 0xf, 0xff, 0xb,
    0xff, 0xf0, 0x7f, 0xf8, 0x5f, 0xff, 0x83, 0xff,
    0xc2, 0xff, 0xfc, 0x1f, 0xfe, 0x17, 0xff, 0xe0,
    0xff, 0xf0, 0xbf, 0xff, 0x7, 0xff, 0x85, 0xff,
    0xf8, 0x3f, 0xfc, 0x2f, 0xff, 0xc1, 0xff, 0xe1,
    0x7f, 0xfe, 0xf, 0xff, 0xb, 0xff, 0xf0, 0x7f,
    0xf8, 0x5f, 0xff, 0x83, 0xff, 0xc2, 0xff, 0xfc,
    0x1f, 0xfe, 0x17, 0xff, 0xe0, 0xff, 0xf0, 0xbf,
    0xff, 0x7, 0xff, 0x85, 0xff, 0xf8, 0x3f, 0xfc,
    0x2f, 0xff, 0xc1, 0xff, 0xca, 0x6f, 0xff, 0xea,
    0x87, 0xff, 0x19, 0xbf, 0xff, 0xb2, 0x1f, 0xfc,
    0x47, 0xff, 0xfb, 0x81, 0xff, 0xc2, 0x7f, 0xff,
    0xbc, 0x1f, 0xfc, 0x1b, 0xff, 0xfb, 0xe1, 0xff,
    0xc0, 0xff, 0xff, 0x8, 0x7f, 0x9f, 0xff, 0xf1,
    0x7, 0xf3, 0xff, 0xfe, 0x30, 0xfe, 0xff, 0xff,
    0x20, 0x7e, 0xff, 0xff, 0x28, 0x7d, 0xff, 0xfe,
    0x60, 0xf3, 0xff, 0xfc, 0x59, 0xf, 0xfe, 0x3b,
    0xff, 0xf0, 0x7b, 0xff, 0xf8, 0x70, 0x7f, 0xf2,
    0xdf, 0xff, 0x83, 0xaf, 0xff, 0xe1, 0x7, 0xff,
    0x35, 0xff, 0xf8, 0x3b, 0xff, 0xf8, 0x30, 0x7f,
    0xf3, 0x9f, 0xff, 0x83, 0x5f, 0xff, 0xc0, 0x43,
    0xff, 0x9e, 0xff, 0xfc, 0x1b, 0xff, 0xf8, 0x10,
    0x7f, 0xf4, 0x1f, 0xff, 0x82, 0x7f, 0xff, 0x80,
    0x1f, 0xfd, 0x17, 0xff, 0xe0, 0xaf, 0xff, 0x83,
    0xff, 0xa4, 0xff, 0xfc, 0x17, 0xff, 0xd0, 0x7f,
    0xf4, 0x9f, 0xff, 0x80, 0xff, 0xfc, 0x1f, 0xfd,
    0x37, 0xff, 0xe0, 0x3f, 0xff, 0x7, 0xff, 0x4d,
    0xff, 0xf8, 0x17, 0xff, 0xa0, 0xff, 0xe9, 0xbf,
    0xff, 0x3, 0xff, 0xe4, 0x3f, 0xfa, 0x6f, 0xff,
    0xc0, 0xff, 0xf8, 0x3f, 0xfa, 0x8f, 0xff, 0xc0,
    0xff, 0xf8, 0x3f, 0xfa, 0x8f, 0xff, 0xc0, 0xff,
    0xf8, 0x3f, 0xfa, 0x8f, 0xff, 0xc0, 0xff, 0xf8,
    0x3f, 0xfa, 0x8f, 0xff, 0xc0, 0xff, 0xf8, 0x3f,
    0xfa, 0x8f, 0xff, 0xc0, 0xff, 0xf8, 0x3f, 0xfa,
    0x8f, 0xff, 0xc0, 0xff, 0xf8, 0x3f, 0xfa, 0x8f,
    0xff, 0xc0, 0xff, 0xf8, 0x3f, 0xfa, 0x8f, 0xff,
    0xc0, 0xff, 0xf8, 0x3f, 0xfa, 0x8f, 0xff, 0xc0,
    0xff, 0xf9, 0xf, 0xfe, 0x9b, 0xff, 0xf0, 0x2f,
    0xff, 0x41, 0xff, 0xd3, 0x7f, 0xfe, 0x3, 0xff,
    0xf0, 0x7f, 0xf4, 0xdf, 0xff, 0x80, 0xff, 0xfc,
    0x1f, 0xfd, 0x37, 0xff, 0xe0, 0xbf, 0xfe, 0x83,
    0xff, 0xa4, 0xff, 0xfc, 0x15, 0xff, 0xf0, 0x7f,
    0xf4, 0x9f, 0xff, 0x82, 0x7f, 0xff, 0x80, 0x1f,
    0xfd, 0x17, 0xff, 0xe0, 0xdf, 0xff, 0xc0, 0x83,
    0xff, 0xa0, 0xff, 0xfc, 0x1a, 0xff, 0xfe, 0x2,
    0x1f, 0xfc, 0xf7, 0xff, 0xe0, 0xef, 0xff, 0xe0,
    0xc1, 0xff, 0xce, 0x7f, 0xfe, 0xe, 0xbf, 0xff,
    0x84, 0x1f, 0xfc, 0xd7, 0xff, 0xe0, 0xf7, 0xff,
    0xf0, 0xe0, 0xff, 0xe5, 0xbf, 0xff, 0x7, 0x9f,
    0xff, 0xe2, 0xc8, 0x7f, 0xf1, 0xdf, 0xff, 0x83,
    0xef, 0xff, 0xf3, 0x7, 0xef, 0xff, 0xf2, 0x87,
    0xf7, 0xff, 0xf9, 0x3, 0xf9, 0xff, 0xff, 0x18,
    0x7f, 0x9f, 0xff, 0xf1, 0x7, 0xff, 0x3, 0xff,
    0xfc, 0x21, 0xff, 0xc1, 0xbf, 0xff, 0xbe, 0x1f,
    0xfc, 0x27, 0xff, 0xfb, 0xc1, 0xff, 0xc4, 0xbf,
    0xff, 0xb8, 0x1f, 0xfc, 0x6b, 0xff, 0xfb, 0x41,
    0xff, 0xc8, 0x6f, 0xff, 0xeb, 0x87, 0xff, 0x35,
    0x7f, 0xfa, 0x80,

    /* U+0065 "e" */
    0xf, 0xfe, 0x53, 0x4f, 0xfd, 0x28, 0x3f, 0xfb,
    0x77, 0xff, 0xf1, 0x64, 0x3f, 0xfa, 0xaf, 0xff,
    0xf2, 0xd0, 0xff, 0xe8, 0xbf, 0xff, 0xcf, 0xf,
    0xfe, 0x7d, 0xff, 0xfd, 0x18, 0x3f, 0xf9, 0x9f,
    0xff, 0xd4, 0x83, 0xff, 0x92, 0xff, 0xff, 0x5c,
    0x3f, 0xf8, 0xef, 0xff, 0xf6, 0x20, 0xff, 0xe2,
    0xbf, 0xff, 0xda, 0x83, 0xff, 0x89, 0xff, 0xfd,
    0xc4, 0x3f, 0xf8, 0x5f, 0xff, 0xde, 0xf, 0xfe,
    0xd, 0xff, 0xfc, 0x6a, 0xfb, 0xff, 0xf8, 0xb0,
    0x7f, 0xcf, 0xff, 0xf1, 0x10, 0xff, 0x9f, 0xff,
    0xe1, 0x87, 0xfd, 0xff, 0xfc, 0x30, 0xff, 0xe2,
    0x5f, 0xff, 0xc2, 0xf, 0xe7, 0xff, 0xf8, 0x28,
    0x7f, 0xf1, 0x9f, 0xff, 0xe0, 0xa1, 0xfb, 0xff,
    0xf8, 0x28, 0x7f, 0xf2, 0x7f, 0xff, 0x82, 0x1f,
    0x3f, 0xff, 0xc0, 0x43, 0xff, 0x94, 0xff, 0xff,
    0x1, 0xf, 0x7f, 0xff, 0x1, 0xf, 0xfe, 0x65,
    0xff, 0xfc, 0x0, 0xf7, 0xff, 0xf0, 0x3, 0xff,
    0x9d, 0xff, 0xfc, 0x0, 0xeb, 0xff, 0xe0, 0xff,
    0xe7, 0xdf, 0xff, 0x21, 0xbf, 0xff, 0x80, 0x1f,
    0xfd, 0xf, 0xff, 0xe0, 0x6, 0xff, 0xf9, 0xf,
    0xfe, 0x85, 0xff, 0xf0, 0x4f, 0xff, 0xc1, 0xff,
    0xd1, 0x7f, 0xfe, 0x40, 0xff, 0xfa, 0xf, 0xfe,
    0x97, 0xff, 0xd0, 0x2f, 0xff, 0x21, 0xff, 0xd2,
    0xff, 0xfa, 0x7, 0xff, 0xfa, 0x81, 0xff, 0xfe,
    0xa0, 0x7f, 0xff, 0xa8, 0x1f, 0xff, 0xea, 0x7,
    0xff, 0xfa, 0x81, 0xff, 0xfe, 0xa0, 0x7f, 0xff,
    0xa8, 0x1f, 0xff, 0xea, 0x7, 0xff, 0xfa, 0x81,
    0xff, 0xfe, 0xa0, 0x7f, 0xff, 0xa8, 0x1f, 0xff,
    0x4b, 0xff, 0xde, 0x5, 0xff, 0xe8, 0x3f, 0xfc,
    0x17, 0xff, 0xa0, 0xff, 0xf0, 0x3f, 0xff, 0x7,
    0xff, 0x87, 0xff, 0xe4, 0x3f, 0xfc, 0x1f, 0xff,
    0xc0, 0xf, 0xff, 0x5, 0xff, 0xf2, 0x1f, 0xfd,
    0xf7, 0xff, 0xf8, 0x1, 0xff, 0xe0, 0xff, 0xfe,
    0x4, 0x1f, 0xfd, 0xf7, 0xff, 0xf8, 0x21, 0xff,
    0xdf, 0xff, 0xfe, 0x12, 0x1f, 0xfd, 0xd7, 0xff,
    0xf8, 0x72, 0x1f, 0xfd, 0xbf, 0xff, 0xe4, 0x56,
    0x5f, 0xfe, 0x68, 0x7c, 0xff, 0xff, 0x90, 0x3f,
    0x5f, 0xff, 0xe3, 0xf, 0xeb, 0xff, 0xfc, 0x41,
    0xfe, 0xbf, 0xff, 0xc2, 0x1f, 0xf5, 0xff, 0xfe,
    0x0, 0xff, 0xe0, 0x3f, 0xff, 0xdf, 0xf, 0xfe,
    0x17, 0xff, 0xf7, 0x83, 0xff, 0x86, 0xff, 0xff,
    0x70, 0x3f, 0xf8, 0xad, 0xff, 0xfd, 0x90, 0xff,
    0xe4, 0x37, 0xff, 0xf5, 0x83, 0xff, 0x98, 0xaa,
    0x7f, 0xff, 0x40, 0x0,

    /* U+0066 "f" */
    0xf, 0xfe, 0x8b, 0x4f, 0xff, 0xe1, 0x87, 0xff,
    0x3d, 0xff, 0xfe, 0x40, 0x7f, 0xf3, 0x6f, 0xff,
    0xe5, 0x7, 0xff, 0x2d, 0xff, 0xfe, 0x60, 0x7f,
    0xf2, 0xaf, 0xff, 0xe6, 0x87, 0xff, 0x27, 0xff,
    0xf9, 0xe1, 0xff, 0xc8, 0xff, 0xfe, 0x80, 0x7f,
    0xf1, 0xef, 0xff, 0xe8, 0x7, 0xff, 0x19, 0xff,
    0xfe, 0x88, 0x7f, 0xf1, 0xbf, 0xff, 0xa4, 0x1f,
    0xfc, 0x57, 0xff, 0xfa, 0x41, 0xff, 0xc5, 0xff,
    0xfe, 0x2d, 0x17, 0xff, 0x80, 0x1f, 0xfc, 0x47,
    0xff, 0xf8, 0x32, 0x1f, 0xfd, 0x4b, 0xff, 0xf8,
    0x8, 0x7f, 0xf5, 0xbf, 0xff, 0x80, 0x87, 0xff,
    0x5f, 0xff, 0xe8, 0x3f, 0xfa, 0xef, 0xff, 0xc1,
    0xff, 0xd8, 0xbf, 0xfd, 0x7, 0xff, 0x62, 0xff,
    0xf2, 0x1f, 0xfd, 0x8b, 0xff, 0xc8, 0x7f, 0xf6,
    0x3f, 0xfe, 0xf, 0xfe, 0xcf, 0xff, 0xc1, 0xff,
    0xd9, 0xff, 0xf8, 0x3f, 0xf9, 0x9f, 0xff, 0xe2,
    0x7, 0xff, 0xf8, 0x81, 0xff, 0xfe, 0x20, 0x7f,
    0xff, 0x88, 0x1f, 0xff, 0xe2, 0x7, 0xff, 0xf8,
    0x81, 0xff, 0xfe, 0x20, 0x7f, 0xff, 0x88, 0x1f,
    0xff, 0xe2, 0x7, 0xff, 0xf8, 0x81, 0xff, 0xfe,
    0x20, 0x2f, 0xff, 0x7, 0xff, 0xe9, 0x7f, 0xf9,
    0x21, 0xff, 0xc3, 0xff, 0xf8, 0x3f, 0xfb, 0x3f,
    0xff, 0x7, 0xff, 0x67, 0xff, 0xe0, 0xff, 0xec,
    0xff, 0xfc, 0x1f, 0xfd, 0x9f, 0xff, 0x83, 0xff,
    0xb3, 0xff, 0xf0, 0x7f, 0xf6, 0x7f, 0xfe, 0xf,
    0xfe, 0xcf, 0xff, 0xc1, 0xff, 0xd9, 0xff, 0xf8,
    0x3f, 0xfb, 0x3f, 0xff, 0x7, 0xff, 0x67, 0xff,
    0xe0, 0xff, 0xec, 0xff, 0xfc, 0x1f, 0xfd, 0x9f,
    0xff, 0x83, 0xff, 0xb3, 0xff, 0xf0, 0x7f, 0xf6,
    0x7f, 0xfe, 0xf, 0xfe, 0xcf, 0xff, 0xc1, 0xff,
    0xd9, 0xff, 0xf8, 0x3f, 0xfb, 0x3f, 0xff, 0x7,
    0xff, 0x67, 0xff, 0xe0, 0xff, 0xec, 0xff, 0xfc,
    0x1f, 0xfd, 0x9f, 0xff, 0x83, 0xff, 0xb3, 0xff,
    0xf0, 0x7f, 0xf6, 0x7f, 0xfe, 0xf, 0xfe, 0xcf,
    0xff, 0xc1, 0xff, 0xd9, 0xff, 0xf8, 0x3f, 0xfb,
    0x3f, 0xff, 0x7, 0xff, 0x67, 0xff, 0xe0, 0xff,
    0xec, 0xff, 0xfc, 0x1f, 0xfd, 0x9f, 0xff, 0x83,
    0xff, 0xb3, 0xff, 0xf0, 0x7f, 0xf6, 0x7f, 0xfe,
    0xf, 0xfe, 0xcf, 0xff, 0xc1, 0xff, 0xd9, 0xff,
    0xf8, 0x3f, 0xfb, 0x3f, 0xff, 0x7, 0xff, 0x67,
    0xff, 0xe0, 0xff, 0xec, 0xff, 0xfc, 0x1f, 0xfd,
    0x9f, 0xff, 0x83, 0xff, 0xb3, 0xff, 0xf0, 0x7f,
    0xf6, 0x7f, 0xfe, 0xf, 0xfe, 0xcf, 0xff, 0xc1,
    0xff, 0xd9, 0xff, 0xf8, 0x3f, 0xfb, 0x3f, 0xff,
    0x7, 0xff, 0x67, 0xff, 0xe0, 0xff, 0xec, 0xff,
    0xfc, 0x1f, 0xfd, 0x9f, 0xff, 0x83, 0xff, 0xb2,
    0xbf, 0xf0, 0x7f, 0xf2, 0xc0,

    /* U+0067 "g" */
    0xf, 0xfe, 0x4a, 0xa9, 0xff, 0xfd, 0x28, 0x3f,
    0xf8, 0xd7, 0xff, 0xf6, 0x20, 0xff, 0xe1, 0xbf,
    0xff, 0xdb, 0x83, 0xff, 0x83, 0x7f, 0xff, 0x76,
    0xf, 0xf9, 0xff, 0xfe, 0xfc, 0x1f, 0xeb, 0xff,
    0xfc, 0x10, 0x7f, 0x5f, 0xff, 0xe1, 0x83, 0xf7,
    0xff, 0xf8, 0xe0, 0xfb, 0xff, 0xfc, 0x90, 0x7a,
    0xff, 0xff, 0x24, 0x1c, 0xff, 0xff, 0x96, 0xe,
    0xff, 0xfe, 0x34, 0xa0, 0xff, 0xe3, 0x7f, 0xfd,
    0x6, 0xbf, 0xff, 0x87, 0x21, 0xff, 0xca, 0xff,
    0xfa, 0xd, 0xff, 0xfc, 0x30, 0xff, 0xe6, 0xff,
    0xfd, 0x5, 0x7f, 0xff, 0x6, 0xf, 0xfe, 0x77,
    0xff, 0xd0, 0x5f, 0xff, 0xc1, 0x43, 0xff, 0x9f,
    0xff, 0xf4, 0x7, 0xff, 0xf8, 0x10, 0x7f, 0xf4,
    0x3f, 0xfe, 0x81, 0xff, 0xfc, 0x8, 0x3f, 0xfa,
    0x3f, 0xff, 0x40, 0xff, 0xfe, 0x0, 0x7f, 0xf4,
    0xbf, 0xfe, 0x87, 0xff, 0xe4, 0x3f, 0xfa, 0x5f,
    0xff, 0x45, 0xff, 0xf0, 0x7f, 0xf4, 0xff, 0xfe,
    0x8f, 0xff, 0xa0, 0xff, 0xe9, 0xff, 0xfd, 0x1f,
    0xff, 0x21, 0xff, 0xd3, 0xff, 0xfa, 0x3f, 0xfe,
    0xf, 0xfe, 0xa7, 0xff, 0xd1, 0xff, 0xf0, 0x7f,
    0xf5, 0x3f, 0xfe, 0x8f, 0xff, 0x83, 0xff, 0xa9,
    0xff, 0xf4, 0x7f, 0xfc, 0x1f, 0xfd, 0x4f, 0xff,
    0xa3, 0xff, 0xe0, 0xff, 0xea, 0x7f, 0xfd, 0x1f,
    0xff, 0x7, 0xff, 0x53, 0xff, 0xe8, 0xff, 0xf8,
    0x3f, 0xfa, 0x9f, 0xff, 0x47, 0xff, 0xc8, 0x7f,
    0xf4, 0xff, 0xfe, 0x8f, 0xff, 0xa0, 0xff, 0xe9,
    0xff, 0xfd, 0x17, 0xff, 0xc1, 0xff, 0xd3, 0xff,
    0xfa, 0x1f, 0xff, 0xa0, 0xff, 0xe9, 0x7f, 0xfd,
    0x3, 0xff, 0xf8, 0x1, 0xff, 0xd2, 0xff, 0xfa,
    0x7, 0xff, 0xf0, 0x43, 0xff, 0xa3, 0xff, 0xf4,
    0x7, 0xff, 0xf8, 0x10, 0x7f, 0xf4, 0x3f, 0xfe,
    0x82, 0xff, 0xfe, 0xa, 0x1f, 0xfc, 0xff, 0xff,
    0xa0, 0xaf, 0xff, 0xe0, 0xc1, 0xff, 0xce, 0xff,
    0xfa, 0xd, 0xff, 0xfc, 0x30, 0xff, 0xe6, 0xff,
    0xfd, 0x6, 0xbf, 0xff, 0x87, 0x21, 0xff, 0xca,
    0xff, 0xfa, 0xe, 0xff, 0xfe, 0x34, 0xa0, 0xff,
    0xe3, 0x7f, 0xfd, 0x7, 0x3f, 0xff, 0xe5, 0x83,
    0xd7, 0xff, 0xf9, 0x20, 0xfb, 0xff, 0xfc, 0x90,
    0x7e, 0xff, 0xff, 0x1c, 0x1f, 0xd7, 0xff, 0xf8,
    0x60, 0xff, 0x5f, 0xff, 0xe0, 0x83, 0xfe, 0x7f,
    0xff, 0xbf, 0x7, 0xff, 0x6, 0xff, 0xfe, 0xec,
    0x1f, 0xfc, 0x37, 0xff, 0xfb, 0x70, 0x7f, 0xf1,
    0xaf, 0xff, 0xec, 0x41, 0xff, 0xc9, 0x55, 0x3f,
    0xff, 0xa5, 0x7, 0xff, 0x83, 0xff, 0xe8, 0x3f,
    0xfc, 0x1f, 0xff, 0x41, 0xff, 0xe0, 0xff, 0xfa,
    0xf, 0xff, 0x7, 0xff, 0xd0, 0x7f, 0xf7, 0xdf,
    0xff, 0xa0, 0xff, 0xef, 0xff, 0xff, 0x2, 0xf,
    0xfe, 0xf3, 0xff, 0xfc, 0x4, 0x3f, 0xfb, 0xaf,
    0xff, 0xf0, 0x50, 0xff, 0xee, 0x3f, 0xff, 0xc2,
    0xf, 0xfe, 0xdb, 0xff, 0xfc, 0x40, 0xfe, 0x5f,
    0xfe, 0x6d, 0x5f, 0xff, 0xc6, 0x83, 0xf3, 0xff,
    0xfe, 0x20, 0xfe, 0x7f, 0xff, 0xc3, 0x7, 0xf3,
    0xff, 0xfe, 0x10, 0xff, 0x3f, 0xff, 0xe0, 0x83,
    0xfc, 0xff, 0xff, 0x80, 0x3f, 0xe7, 0xff, 0xfb,
    0xe1, 0xff, 0xc0, 0x7f, 0xff, 0xbb, 0x7, 0xff,
    0x5, 0xff, 0xfe, 0xe2, 0x1f, 0xfc, 0x27, 0xff,
    0xfb, 0x48, 0x7f, 0xf1, 0x1f, 0xff, 0xeb, 0xc8,
    0x7f, 0xf1, 0x9f, 0xff, 0xe9, 0x51, 0xf, 0xfe,
    0x18,

    /* U+0068 "h" */
    0x3f, 0xfe, 0xf, 0xfe, 0xdf, 0xff, 0xc1, 0xff,
    0xdb, 0xff, 0xf8, 0x3f, 0xfb, 0x7f, 0xff, 0x7,
    0xff, 0x6f, 0xff, 0xe0, 0xff, 0xed, 0xff, 0xfc,
    0x1f, 0xfd, 0xbf, 0xff, 0x83, 0xff, 0xb7, 0xff,
    0xf0, 0x7f, 0xf6, 0xff, 0xfe, 0xf, 0xfe, 0xdf,
    0xff, 0xc1, 0xff, 0xdb, 0xff, 0xf8, 0x3f, 0xfb,
    0x7f, 0xff, 0x7, 0xff, 0x6f, 0xff, 0xe0, 0xff,
    0xed, 0xff, 0xfc, 0x1f, 0xfd, 0xbf, 0xff, 0x83,
    0xff, 0xb7, 0xff, 0xf0, 0x7f, 0xf6, 0xff, 0xfe,
    0xf, 0xfe, 0xdf, 0xff, 0xc1, 0xff, 0xdb, 0xff,
    0xf8, 0x3f, 0xfb, 0x7f, 0xff, 0x7, 0xff, 0x6f,
    0xff, 0xe0, 0xff, 0xed, 0xff, 0xfc, 0x1f, 0xfd,
    0xbf, 0xff, 0x83, 0xff, 0xb7, 0xff, 0xfd, 0x1a,
    0x21, 0xff, 0xc6, 0xff, 0xfe, 0xb4, 0x87, 0xff,
    0xb, 0xff, 0xfb, 0x28, 0x7f, 0xf0, 0x3f, 0xff,
    0xb6, 0x87, 0xfb, 0xff, 0xfb, 0x90, 0x7f, 0x7f,
    0xff, 0x78, 0x3f, 0x7f, 0xff, 0x7c, 0x3e, 0xff,
    0xff, 0x0, 0x7b, 0xff, 0xfc, 0x10, 0x77, 0xff,
    0xf8, 0x50, 0xdf, 0xff, 0xe2, 0xd, 0xff, 0xf0,
    0x7f, 0xf1, 0x55, 0x7f, 0xff, 0xd, 0xb, 0xff,
    0xe0, 0xff, 0xe4, 0xbf, 0xff, 0xc2, 0xb, 0xff,
    0xe0, 0xff, 0xe5, 0xbf, 0xff, 0xc0, 0x41, 0xff,
    0xf0, 0x7f, 0xf3, 0x1f, 0xff, 0xa0, 0x7f, 0xfc,
    0x1f, 0xfc, 0xdb, 0xff, 0xe0, 0x7f, 0xfc, 0x1f,
    0xfc, 0xef, 0xff, 0x81, 0xff, 0xf0, 0x7f, 0xf3,
    0xbf, 0xfe, 0x4f, 0xff, 0x83, 0xff, 0x9d, 0x7f,
    0xf9, 0x3f, 0xfe, 0xf, 0xfe, 0x73, 0xff, 0xe8,
    0xff, 0xf8, 0x3f, 0xf9, 0xcf, 0xff, 0xa3, 0xff,
    0xe0, 0xff, 0xe7, 0xff, 0xfc, 0x7f, 0xfc, 0x1f,
    0xfc, 0xff, 0xff, 0x8f, 0xff, 0x83, 0xff, 0x9f,
    0xff, 0xf1, 0xff, 0xf0, 0x7f, 0xf3, 0xff, 0xfe,
    0x3f, 0xfe, 0xf, 0xfe, 0x7f, 0xff, 0xc7, 0xff,
    0xc1, 0xff, 0xcf, 0xff, 0xf8, 0xff, 0xf8, 0x3f,
    0xf9, 0xff, 0xff, 0x1f, 0xff, 0x7, 0xff, 0x3f,
    0xff, 0xe3, 0xff, 0xe0, 0xff, 0xe7, 0xff, 0xfc,
    0x7f, 0xfc, 0x1f, 0xfc, 0xff, 0xff, 0x8f, 0xff,
    0x83, 0xff, 0x9f, 0xff, 0xf1, 0xff, 0xf0, 0x7f,
    0xf3, 0xff, 0xfe, 0x3f, 0xfe, 0xf, 0xfe, 0x7f,
    0xff, 0xc7, 0xff, 0xc1, 0xff, 0xcf, 0xff, 0xf8,
    0xff, 0xf8, 0x3f, 0xf9, 0xff, 0xff, 0x1f, 0xff,
    0x7, 0xff, 0x3f, 0xff, 0xe3, 0xff, 0xe0, 0xff,
    0xe7, 0xff, 0xfc, 0x7f, 0xfc, 0x1f, 0xfc, 0xff,
    0xff, 0x8f, 0xff, 0x83, 0xff, 0x9f, 0xff, 0xf1,
    0xff, 0xf0, 0x7f, 0xf3, 0xff, 0xfe, 0x3f, 0xfe,
    0xf, 0xfe, 0x7f, 0xff, 0xc7, 0xff, 0xc1, 0xff,
    0xcf, 0xff, 0xf8, 0xff, 0xf8, 0x3f, 0xf9, 0xff,
    0xff, 0x1f, 0xff, 0x7, 0xff, 0x3f, 0xff, 0xe3,
    0xff, 0xe0, 0xff, 0xe7, 0xff, 0xfc, 0x7f, 0xfc,
    0x1f, 0xfc, 0xff, 0xff, 0x8f, 0xff, 0x83, 0xff,
    0x9f, 0xff, 0xf1, 0xff, 0xf0, 0x7f, 0xf3, 0xff,
    0xfe, 0x3f, 0xfe, 0xf, 0xfe, 0x7f, 0xff, 0xc7,
    0xff, 0xc1, 0xff, 0xcf, 0xff, 0xf8, 0xff, 0xf8,
    0x3f, 0xf9, 0xff, 0xff, 0x1f, 0xff, 0x7, 0xff,
    0x3f, 0xff, 0xe3, 0xff, 0xe0, 0xff, 0xe7, 0xff,
    0xfc, 0x7f, 0xfc, 0x1f, 0xfc, 0xff, 0xff, 0x8f,
    0xff, 0x83, 0xff, 0x9f, 0xff, 0xf1, 0xff, 0xf0,
    0x7f, 0xf3, 0xff, 0xfe, 0x17, 0xfe, 0xf, 0xfe,
    0x7a, 0xff, 0xc0,

    /* U+0069 "i" */
    0x3f, 0xfe, 0x4f, 0xff, 0x93, 0xff, 0xe4, 0xff,
    0xf9, 0x3f, 0xfe, 0x4f, 0xff, 0x93, 0xff, 0xe4,
    0xff, 0xf9, 0x3f, 0xfe, 0x4f, 0xff, 0x93, 0xff,
    0xe4, 0x5f, 0xf8, 0x3f, 0xff, 0xe1, 0xff, 0xfa,
    0xff, 0xf9, 0x3f, 0xfe, 0x4f, 0xff, 0x93, 0xff,
    0xe4, 0xff, 0xf9, 0x3f, 0xfe, 0x4f, 0xff, 0x93,
    0xff, 0xe4, 0xff, 0xf9, 0x3f, 0xfe, 0x4f, 0xff,
    0x93, 0xff, 0xe4, 0xff, 0xf9, 0x3f, 0xfe, 0x4f,
    0xff, 0x93, 0xff, 0xe4, 0xff, 0xf9, 0x3f, 0xfe,
    0x4f, 0xff, 0x93, 0xff, 0xe4, 0xff, 0xf9, 0x3f,
    0xfe, 0x4f, 0xff, 0x93, 0xff, 0xe4, 0xff, 0xf9,
    0x3f, 0xfe, 0x4f, 0xff, 0x93, 0xff, 0xe4, 0xff,
    0xf9, 0x3f, 0xfe, 0x4f, 0xff, 0x93, 0xff, 0xe4,
    0xff, 0xf9, 0x3f, 0xfe, 0x4f, 0xff, 0x93, 0xff,
    0xe4, 0xff, 0xf9, 0x3f, 0xfe, 0x4f, 0xff, 0x93,
    0xff, 0xe4, 0xff, 0xf9, 0x3f, 0xfe, 0x4f, 0xff,
    0x93, 0xff, 0xe4, 0xff, 0xf9, 0x3f, 0xfe, 0x4f,
    0xff, 0x93, 0xff, 0xe4, 0xff, 0xf9, 0x3f, 0xfe,
    0x4f, 0xff, 0x93, 0xff, 0xe4, 0xff, 0xf9, 0x3f,
    0xfe, 0x4f, 0xff, 0x93, 0xff, 0xe4, 0xff, 0xf9,

    /* U+006A "j" */
    0xf, 0xfe, 0x57, 0xff, 0xc8, 0x7f, 0xf2, 0xbf,
    0xfe, 0x43, 0xff, 0x95, 0xff, 0xf2, 0x1f, 0xfc,
    0xaf, 0xff, 0x90, 0xff, 0xe5, 0x7f, 0xfc, 0x87,
    0xff, 0x2b, 0xff, 0xe4, 0x3f, 0xf9, 0x5f, 0xff,
    0x21, 0xff, 0xca, 0xff, 0xf9, 0xf, 0xfe, 0x57,
    0xff, 0xc8, 0x7f, 0xf2, 0xbf, 0xfe, 0x43, 0xff,
    0x95, 0xff, 0xf2, 0x1f, 0xfc, 0xa5, 0xff, 0x83,
    0xff, 0xfe, 0x1f, 0xff, 0xf0, 0xff, 0xff, 0x87,
    0xff, 0xfc, 0x3f, 0xff, 0xe1, 0xff, 0xca, 0xff,
    0xf8, 0x3f, 0xf9, 0x7f, 0xff, 0x7, 0xff, 0x2f,
    0xff, 0xe0, 0xff, 0xe5, 0xff, 0xfc, 0x1f, 0xfc,
    0xbf, 0xff, 0x83, 0xff, 0x97, 0xff, 0xf0, 0x7f,
    0xf2, 0xff, 0xfe, 0xf, 0xfe, 0x5f, 0xff, 0xc1,
    0xff, 0xcb, 0xff, 0xf8, 0x3f, 0xf9, 0x7f, 0xff,
    0x7, 0xff, 0x2f, 0xff, 0xe0, 0xff, 0xe5, 0xff,
    0xfc, 0x1f, 0xfc, 0xbf, 0xff, 0x83, 0xff, 0x97,
    0xff, 0xf0, 0x7f, 0xf2, 0xff, 0xfe, 0xf, 0xfe,
    0x5f, 0xff, 0xc1, 0xff, 0xcb, 0xff, 0xf8, 0x3f,
    0xf9, 0x7f, 0xff, 0x7, 0xff, 0x2f, 0xff, 0xe0,
    0xff, 0xe5, 0xff, 0xfc, 0x1f, 0xfc, 0xbf, 0xff,
    0x83, 0xff, 0x97, 0xff, 0xf0, 0x7f, 0xf2, 0xff,
    0xfe, 0xf, 0xfe, 0x5f, 0xff, 0xc1, 0xff, 0xcb,
    0xff, 0xf8, 0x3f, 0xf9, 0x7f, 0xff, 0x7, 0xff,
    0x2f, 0xff, 0xe0, 0xff, 0xe5, 0xff, 0xfc, 0x1f,
    0xfc, 0xbf, 0xff, 0x83, 0xff, 0x97, 0xff, 0xf0,
    0x7f, 0xf2, 0xff, 0xfe, 0xf, 0xfe, 0x5f, 0xff,
    0xc1, 0xff, 0xcb, 0xff, 0xf8, 0x3f, 0xf9, 0x7f,
    0xff, 0x7, 0xff, 0x2f, 0xff, 0xe0, 0xff, 0xe5,
    0xff, 0xfc, 0x1f, 0xfc, 0xbf, 0xff, 0x83, 0xff,
    0x97, 0xff, 0xf0, 0x7f, 0xf2, 0xff, 0xfe, 0xf,
    0xfe, 0x5f, 0xff, 0xc1, 0xff, 0xcb, 0xff, 0xf8,
    0x3f, 0xf9, 0x7f, 0xff, 0x7, 0xff, 0x2f, 0xff,
    0xe0, 0xff, 0xe5, 0xff, 0xfc, 0x1f, 0xfc, 0xbf,
    0xff, 0x83, 0xff, 0x97, 0xff, 0xf0, 0x7f, 0xf2,
    0xff, 0xfe, 0xf, 0xfe, 0x5f, 0xff, 0xc1, 0xff,
    0xcb, 0xff, 0xf8, 0x3f, 0xf9, 0x7f, 0xff, 0x7,
    0xff, 0x2f, 0xff, 0xe0, 0xff, 0xe5, 0xff, 0xfc,
    0x1f, 0xfc, 0xbf, 0xff, 0x83, 0xff, 0x94, 0xff,
    0xfa, 0xf, 0xfe, 0x53, 0xff, 0xe8, 0x3f, 0xf9,
    0x57, 0xff, 0xa0, 0xff, 0xe5, 0x5f, 0xfe, 0x43,
    0xff, 0x95, 0xff, 0xf2, 0x1f, 0xfc, 0xaf, 0xff,
    0x83, 0xff, 0x94, 0xff, 0xfc, 0x1f, 0xfc, 0xaf,
    0xff, 0xa0, 0xff, 0xe4, 0xdf, 0xff, 0x21, 0xff,
    0xc8, 0x7f, 0xff, 0x80, 0x1f, 0xfc, 0x8b, 0xff,
    0xf8, 0x10, 0x7f, 0xf0, 0x95, 0x4f, 0xff, 0xe1,
    0xa1, 0x5f, 0xff, 0xd1, 0xd, 0x7f, 0xff, 0x41,
    0xd, 0x7f, 0xff, 0x3e, 0xe, 0xbf, 0xff, 0x9e,
    0x1e, 0xbf, 0xff, 0x9c, 0x1f, 0x5f, 0xff, 0xcd,
    0xf, 0xd7, 0xff, 0xf2, 0xe0, 0xfe, 0xbf, 0xff,
    0x93, 0x7, 0xfd, 0x7f, 0xff, 0x1a, 0x43, 0xff,
    0x83, 0x7f, 0xff, 0x2, 0x8a, 0xf, 0xfe, 0x28,

    /* U+006B "k" */
    0x3f, 0xfe, 0xf, 0xff, 0x17, 0xff, 0xc1, 0xff,
    0xe2, 0xff, 0xf8, 0x3f, 0xfc, 0x5f, 0xff, 0x7,
    0xff, 0x8b, 0xff, 0xe0, 0xff, 0xf1, 0x7f, 0xfc,
    0x1f, 0xfe, 0x2f, 0xff, 0x83, 0xff, 0xc5, 0xff,
    0xf0, 0x7f, 0xf8, 0xbf, 0xfe, 0xf, 0xff, 0x17,
    0xff, 0xc1, 0xff, 0xe2, 0xff, 0xf8, 0x3f, 0xfc,
    0x5f, 0xff, 0x7, 0xff, 0x8b, 0xff, 0xe0, 0xff,
    0xf1, 0x7f, 0xfc, 0x1f, 0xfe, 0x2f, 0xff, 0x83,
    0xff, 0xc5, 0xff, 0xf0, 0x7f, 0xf8, 0xbf, 0xfe,
    0xf, 0xff, 0x17, 0xff, 0xc1, 0xff, 0xe2, 0xff,
    0xf8, 0x3f, 0xfc, 0x5f, 0xff, 0x7, 0xff, 0x8b,
    0xff, 0xe0, 0xff, 0xf1, 0x7f, 0xfc, 0x1f, 0xfe,
    0x2f, 0xff, 0x83, 0xff, 0xc5, 0xff, 0xf0, 0x7f,
    0xf3, 0x5a, 0xff, 0xe2, 0x85, 0xff, 0xf0, 0x7f,
    0xf3, 0x2f, 0xff, 0xe2, 0xa1, 0x7f, 0xfc, 0x1f,
    0xfc, 0xbf, 0xff, 0xe3, 0x7, 0x7f, 0xfc, 0x1f,
    0xfc, 0x97, 0xff, 0xf8, 0xb0, 0x7b, 0xff, 0xe0,
    0xff, 0xe4, 0x5f, 0xff, 0xc5, 0x43, 0xef, 0xff,
    0x83, 0xff, 0x8f, 0xff, 0xfc, 0x60, 0xfe, 0xff,
    0xf8, 0x3f, 0xf8, 0xaf, 0xff, 0xf1, 0x83, 0xfd,
    0xff, 0xf0, 0x7f, 0xf1, 0x2f, 0xff, 0xe2, 0xc1,
    0xff, 0x7f, 0xfc, 0x1f, 0xfc, 0x3b, 0xff, 0xf8,
    0xa8, 0x7f, 0xf0, 0x3f, 0xfe, 0xf, 0xfe, 0x17,
    0xff, 0xf1, 0x83, 0xff, 0x85, 0xff, 0xf0, 0x7f,
    0xf0, 0x1f, 0xff, 0xe2, 0xc1, 0xff, 0xc3, 0xff,
    0xf8, 0x3f, 0xeb, 0xff, 0xf8, 0xa8, 0x7f, 0xf1,
    0x3f, 0xfe, 0xf, 0xf7, 0xff, 0xf1, 0x83, 0xff,
    0x8d, 0xff, 0xf0, 0x7e, 0x7f, 0xff, 0x8c, 0x1f,
    0xfc, 0x7f, 0xff, 0x83, 0xe7, 0xff, 0xf8, 0xb0,
    0x7f, 0xf2, 0x3f, 0xfe, 0xf, 0x5f, 0xff, 0xc5,
    0x43, 0xff, 0x93, 0xff, 0xf0, 0x77, 0xff, 0xf1,
    0x83, 0xff, 0x97, 0xff, 0xf0, 0x4f, 0xff, 0xf1,
    0x60, 0xff, 0xe6, 0x7f, 0xfc, 0xb, 0xff, 0xf8,
    0xa8, 0x7f, 0xf3, 0x7f, 0xfe, 0x3f, 0xff, 0x8c,
    0x87, 0xff, 0x3b, 0xff, 0xfa, 0x21, 0xff, 0xd0,
    0xff, 0xfe, 0x7c, 0x1f, 0xfd, 0x1f, 0xff, 0xe7,
    0x21, 0xff, 0xd2, 0xff, 0xfe, 0x68, 0x7f, 0xf5,
    0x3f, 0xff, 0x97, 0x7, 0xff, 0x57, 0xff, 0xf9,
    0x61, 0xff, 0xd6, 0xff, 0xfe, 0x60, 0x7f, 0xf5,
    0x7f, 0xff, 0x9a, 0x1f, 0xfd, 0x4f, 0xff, 0xe7,
    0x7, 0xff, 0x4f, 0xff, 0xeb, 0xff, 0xf8, 0x61,
    0xff, 0xd2, 0xff, 0xf8, 0xbf, 0xff, 0x86, 0x1f,
    0xfd, 0x1f, 0xff, 0x81, 0x7f, 0xff, 0xc, 0x3f,
    0xfa, 0x1f, 0xff, 0x5, 0x7f, 0xff, 0xc, 0x3f,
    0xf9, 0xff, 0xff, 0x6, 0xbf, 0xff, 0x86, 0x1f,
    0xfc, 0xef, 0xff, 0x83, 0xaf, 0xff, 0xe1, 0x87,
    0xff, 0x37, 0xff, 0xe0, 0xf5, 0xff, 0xfc, 0x34,
    0x3f, 0xf9, 0x7f, 0xff, 0x7, 0xd7, 0xff, 0xf0,
    0xd0, 0xff, 0xe5, 0x7f, 0xfc, 0x1f, 0xaf, 0xff,
    0xe1, 0xa1, 0xff, 0xc9, 0xff, 0xf8, 0x3f, 0xaf,
    0xff, 0xe1, 0xa1, 0xff, 0xc8, 0xff, 0xf8, 0x3f,
    0xd7, 0xff, 0xf0, 0xd0, 0xff, 0xe3, 0xff, 0xfc,
    0x1f, 0xf5, 0xff, 0xfc, 0x34, 0x3f, 0xf8, 0xdf,
    0xff, 0x7, 0xff, 0x2, 0xff, 0xfe, 0x1a, 0x1f,
    0xfc, 0x5f, 0xff, 0x83, 0xff, 0x83, 0x7f, 0xff,
    0xd, 0xf, 0xfe, 0x27, 0xff, 0xc1, 0xff, 0xc2,
    0xbf, 0xff, 0x86, 0x87, 0xff, 0xf, 0xff, 0xe0,
    0xff, 0xe1, 0xdf, 0xff, 0xc3, 0x43, 0xff, 0x85,
    0xff, 0xf0, 0x7f, 0xf1, 0x2f, 0xff, 0xe1, 0xa1,
    0xff, 0xc1, 0xff, 0xf8, 0x3f, 0xf8, 0xb7, 0xff,
    0xf0, 0xe0, 0xff, 0xe0, 0x7f, 0xfc, 0x1f, 0xfc,
    0x6b, 0xff, 0xf8, 0x70, 0x7f, 0xdf, 0xff, 0x7,
    0xff, 0x1e, 0xff, 0xfe, 0x1c, 0x1f, 0xef, 0xff,
    0x83, 0xff, 0x91, 0x7f, 0xff, 0xe, 0xf, 0xef,
    0xff, 0x83, 0xff, 0x92, 0xff, 0xff, 0xe, 0xf,
    0xdf, 0xff, 0x7, 0xff, 0x29, 0xff, 0xfe, 0x1c,
    0x1f, 0x7f, 0xfc, 0x1f, 0xfc, 0xb7, 0xff, 0xf8,
    0x70, 0x7b, 0xff, 0xe0, 0xff, 0xe6, 0x3f, 0xff,
    0xc3, 0x83, 0xbf, 0xfe, 0xf, 0xfe, 0x6b, 0xff,
    0xfc, 0x38, 0x37, 0xff, 0xc1, 0xff, 0xce, 0x7f,
    0xff, 0x87, 0x5, 0xff, 0xf0, 0x7f, 0xf3, 0xdf,
    0xff, 0xe1, 0xc0, 0x5f, 0xf8, 0x3f, 0xfa, 0x2b,
    0xff, 0xc3, 0x0,

    /* U+006C "l" */
    0x3f, 0xfe, 0x3f, 0xfe, 0x3f, 0xfe, 0x3f, 0xfe,
    0x3f, 0xfe, 0x3f, 0xfe, 0x3f, 0xfe, 0x3f, 0xfe,
    0x3f, 0xfe, 0x3f, 0xfe, 0x3f, 0xfe, 0x3f, 0xfe,
    0x3f, 0xfe, 0x3f, 0xfe, 0x3f, 0xfe, 0x3f, 0xfe,
    0x3f, 0xfe, 0x3f, 0xfe, 0x3f, 0xfe, 0x3f, 0xfe,
    0x3f, 0xfe, 0x3f, 0xfe, 0x3f, 0xfe, 0x3f, 0xfe,
    0x3f, 0xfe, 0x3f, 0xfe, 0x3f, 0xfe, 0x3f, 0xfe,
    0x3f, 0xfe, 0x3f, 0xfe, 0x3f, 0xfe, 0x3f, 0xfe,
    0x3f, 0xfe, 0x3f, 0xfe, 0x3f, 0xfe, 0x3f, 0xfe,
    0x3f, 0xfe, 0x3f, 0xfe, 0x3f, 0xfe, 0x3f, 0xfe,
    0x3f, 0xfe, 0x3f, 0xfe, 0x3f, 0xfe, 0x3f, 0xfe,
    0x3f, 0xfe, 0x3f, 0xfe, 0x3f, 0xfe, 0x3f, 0xfe,
    0x3f, 0xfe, 0x3f, 0xfe, 0x3f, 0xfe, 0x3f, 0xfe,
    0x3f, 0xfe, 0x3f, 0xfe, 0x3f, 0xfe, 0x3f, 0xfe,
    0x3f, 0xfe, 0x3f, 0xfe, 0x3f, 0xfe, 0x3f, 0xfe,
    0x3f, 0xfe, 0x3f, 0xfe, 0x3f, 0xfe, 0x3f, 0xfe,
    0x3f, 0xfe, 0x3f, 0xfe, 0x3f, 0xfe, 0x3f, 0xfe,
    0x3f, 0xfe, 0x3f, 0xfe, 0x3f, 0xfe, 0x3f, 0xfe,
    0x3f, 0xfe, 0x3f, 0xfe, 0x3f, 0xfe, 0x3f, 0xfe,
    0x3f, 0xfe, 0x3f, 0xfe, 0x3f, 0xfe, 0x3f, 0xfe,
    0x17, 0xfe,

    /* U+006D "m" */
    0x3f, 0xff, 0xd9, 0x45, 0x7, 0xff, 0x27, 0xff,
    0xfe, 0x52, 0x1f, 0xfc, 0x5f, 0xff, 0xfa, 0xc1,
    0xff, 0xc3, 0xff, 0xff, 0xbc, 0x1f, 0xfc, 0x1f,
    0xff, 0xfc, 0xc1, 0xff, 0x7f, 0xff, 0xec, 0x3f,
    0xdf, 0xff, 0xfc, 0xf, 0xef, 0xff, 0xfe, 0x87,
    0xef, 0xff, 0xff, 0x7, 0xdf, 0xff, 0xff, 0xf,
    0x7f, 0xff, 0xfd, 0xe, 0xff, 0xf8, 0x3f, 0xf9,
    0x4f, 0xff, 0xc1, 0xff, 0x37, 0xff, 0xf1, 0x83,
    0xbf, 0xfe, 0xf, 0xfe, 0x53, 0xff, 0xf0, 0x7f,
    0xf0, 0xdf, 0xff, 0xe1, 0xc1, 0xbf, 0xfe, 0xf,
    0xfe, 0x53, 0xff, 0xf0, 0x7f, 0xf1, 0x5f, 0xff,
    0xe1, 0x6, 0xff, 0xf8, 0x3f, 0xf9, 0x4f, 0xff,
    0xc1, 0xff, 0xc7, 0xff, 0xfe, 0xa, 0x17, 0xff,
    0xc1, 0xff, 0xca, 0x7f, 0xfe, 0xf, 0xfe, 0x47,
    0xff, 0xf0, 0x42, 0xff, 0xf8, 0x3f, 0xf9, 0x4f,
    0xff, 0xc1, 0xff, 0xc8, 0x7f, 0xff, 0x80, 0x17,
    0xff, 0xc1, 0xff, 0xca, 0x7f, 0xfe, 0xf, 0xfe,
    0x4f, 0xff, 0xf0, 0x10, 0x7f, 0xfc, 0x1f, 0xfc,
    0xa7, 0xff, 0xe0, 0xff, 0xe4, 0xbf, 0xff, 0x40,
    0xff, 0xf8, 0x3f, 0xf9, 0x4f, 0xff, 0xc1, 0xff,
    0xca, 0xff, 0xfe, 0x0, 0x3f, 0xfe, 0xf, 0xfe,
    0x53, 0xff, 0xf0, 0x7f, 0xf2, 0xaf, 0xff, 0x81,
    0xff, 0xf0, 0x7f, 0xf2, 0x9f, 0xff, 0x83, 0xff,
    0x94, 0xff, 0xfc, 0xf, 0xff, 0x83, 0xff, 0x94,
    0xff, 0xfc, 0x1f, 0xfc, 0xa7, 0xff, 0xe0, 0x7f,
    0xfc, 0x1f, 0xfc, 0xa7, 0xff, 0xe0, 0xff, 0xe5,
    0xff, 0xfc, 0x9f, 0xff, 0x7, 0xff, 0x29, 0xff,
    0xf8, 0x3f, 0xf9, 0x7f, 0xff, 0x27, 0xff, 0xc1,
    0xff, 0xca, 0x7f, 0xfe, 0xf, 0xfe, 0x5f, 0xff,
    0xc9, 0xff, 0xf0, 0x7f, 0xf2, 0x9f, 0xff, 0x83,
    0xff, 0x97, 0xff, 0xf2, 0x7f, 0xfc, 0x1f, 0xfc,
    0xa7, 0xff, 0xe0, 0xff, 0xe5, 0xff, 0xfc, 0x9f,
    0xff, 0x7, 0xff, 0x29, 0xff, 0xf8, 0x3f, 0xf9,
    0x7f, 0xff, 0x27, 0xff, 0xc1, 0xff, 0xca, 0x7f,
    0xfe, 0xf, 0xfe, 0x5f, 0xff, 0xc9, 0xff, 0xf0,
    0x7f, 0xf2, 0x9f, 0xff, 0x83, 0xff, 0x97, 0xff,
    0xf2, 0x7f, 0xfc, 0x1f, 0xfc, 0xa7, 0xff, 0xe0,
    0xff, 0xe5, 0xff, 0xfc, 0x9f, 0xff, 0x7, 0xff,
    0x29, 0xff, 0xf8, 0x3f, 0xf9, 0x7f, 0xff, 0x27,
    0xff, 0xc1, 0xff, 0xca, 0x7f, 0xfe, 0xf, 0xfe,
    0x5f, 0xff, 0xc9, 0xff, 0xf0, 0x7f, 0xf2, 0x9f,
    0xff, 0x83, 0xff, 0x97, 0xff, 0xf2, 0x7f, 0xfc,
    0x1f, 0xfc, 0xa7, 0xff, 0xe0, 0xff, 0xe5, 0xff,
    0xfc, 0x9f, 0xff, 0x7, 0xff, 0x29, 0xff, 0xf8,
    0x3f, 0xf9, 0x7f, 0xff, 0x27, 0xff, 0xc1, 0xff,
    0xca, 0x7f, 0xfe, 0xf, 0xfe, 0x5f, 0xff, 0xc9,
    0xff, 0xf0, 0x7f, 0xf2, 0x9f, 0xff, 0x83, 0xff,
    0x97, 0xff, 0xf2, 0x7f, 0xfc, 0x1f, 0xfc, 0xa7,
    0xff, 0xe0, 0xff, 0xe5, 0xff, 0xfc, 0x9f, 0xff,
    0x7, 0xff, 0x29, 0xff, 0xf8, 0x3f, 0xf9, 0x7f,
    0xff, 0x27, 0xff, 0xc1, 0xff, 0xca, 0x7f, 0xfe,
    0xf, 0xfe, 0x5f, 0xff, 0xc9, 0xff, 0xf0, 0x7f,
    0xf2, 0x9f, 0xff, 0x83, 0xff, 0x97, 0xff, 0xf2,
    0x7f, 0xfc, 0x1f, 0xfc, 0xa7, 0xff, 0xe0, 0xff,
    0xe5, 0xff, 0xfc, 0x9f, 0xff, 0x7, 0xff, 0x29,
    0xff, 0xf8, 0x3f, 0xf9, 0x7f, 0xff, 0x27, 0xff,
    0xc1, 0xff, 0xca, 0x7f, 0xfe, 0xf, 0xfe, 0x5f,
    0xff, 0xc9, 0xff, 0xf0, 0x7f, 0xf2, 0x9f, 0xff,
    0x83, 0xff, 0x97, 0xff, 0xf2, 0x7f, 0xfc, 0x1f,
    0xfc, 0xa7, 0xff, 0xe0, 0xff, 0xe5, 0xff, 0xfc,
    0x9f, 0xff, 0x7, 0xff, 0x29, 0xff, 0xf8, 0x3f,
    0xf9, 0x7f, 0xff, 0x27, 0xff, 0xc1, 0xff, 0xca,
    0x7f, 0xfe, 0xf, 0xfe, 0x5f, 0xff, 0xc9, 0xff,
    0xf0, 0x7f, 0xf2, 0x9f, 0xff, 0x83, 0xff, 0x97,
    0xff, 0xf2, 0x7f, 0xfc, 0x1f, 0xfc, 0xa7, 0xff,
    0xe0, 0xff, 0xe5, 0xff, 0xfc, 0x9f, 0xff, 0x7,
    0xff, 0x29, 0xff, 0xf8, 0x3f, 0xf9, 0x7f, 0xff,
    0x27, 0xff, 0xc1, 0xff, 0xca, 0x7f, 0xfe, 0xf,
    0xfe, 0x5f, 0xff, 0xc9, 0xff, 0xf0, 0x7f, 0xf2,
    0x9f, 0xff, 0x83, 0xff, 0x97, 0xff, 0xf2, 0x7f,
    0xfc, 0x1f, 0xfc, 0xa7, 0xff, 0xe0, 0xff, 0xe5,
    0xff, 0xfc, 0x9f, 0xff, 0x7, 0xff, 0x29, 0xff,
    0xf8, 0x3f, 0xf9, 0x7f, 0xff, 0x20,

    /* U+006E "n" */
    0x3f, 0xff, 0xa1, 0x52, 0x1f, 0xfc, 0x9f, 0xff,
    0xeb, 0x48, 0x7f, 0xf1, 0x7f, 0xff, 0xb4, 0x87,
    0xff, 0xb, 0xff, 0xfb, 0x88, 0x7f, 0xf0, 0x3f,
    0xff, 0xbc, 0x1f, 0xf7, 0xff, 0xf7, 0xd0, 0xfe,
    0xff, 0xff, 0x2, 0x1f, 0xbf, 0xff, 0xc2, 0x87,
    0xdf, 0xff, 0xe2, 0xf, 0xbf, 0xff, 0xc6, 0x1e,
    0xff, 0xff, 0x1c, 0x1d, 0xff, 0xf0, 0x7f, 0xf1,
    0x55, 0x7f, 0xff, 0x14, 0x3b, 0xff, 0xe0, 0xff,
    0xe4, 0xb7, 0xff, 0xf0, 0xa0, 0xdf, 0xff, 0x7,
    0xff, 0x33, 0xff, 0xf8, 0x41, 0xbf, 0xfe, 0xf,
    0xfe, 0x6d, 0xff, 0xfc, 0x4, 0x2f, 0xff, 0x83,
    0xff, 0x9d, 0xff, 0xfc, 0x10, 0xbf, 0xfe, 0xf,
    0xfe, 0x7f, 0xff, 0xf0, 0x2, 0xff, 0xf8, 0x3f,
    0xf9, 0xf7, 0xff, 0xc8, 0x3f, 0xfe, 0xf, 0xfe,
    0x87, 0xff, 0xd0, 0x3f, 0xfe, 0xf, 0xfe, 0x87,
    0xff, 0xf0, 0x1, 0xff, 0xf0, 0x7f, 0xf4, 0x2f,
    0xff, 0x81, 0xff, 0xf0, 0x7f, 0xf4, 0x1f, 0xff,
    0x81, 0xff, 0xf0, 0x7f, 0xf4, 0x7f, 0xfe, 0x4f,
    0xff, 0x83, 0xff, 0xa3, 0xff, 0xf2, 0x7f, 0xfc,
    0x1f, 0xfd, 0x1f, 0xff, 0xa3, 0xff, 0xe0, 0xff,
    0xe8, 0xff, 0xfd, 0x1f, 0xff, 0x7, 0xff, 0x46,
    0xff, 0xf4, 0x7f, 0xfc, 0x1f, 0xfd, 0x1b, 0xff,
    0xd1, 0xff, 0xf0, 0x7f, 0xf4, 0x6f, 0xff, 0x8f,
    0xff, 0x83, 0xff, 0xa3, 0x7f, 0xfc, 0x7f, 0xfc,
    0x1f, 0xfd, 0x1b, 0xff, 0xe3, 0xff, 0xe0, 0xff,
    0xe8, 0xdf, 0xff, 0x1f, 0xff, 0x7, 0xff, 0x46,
    0xff, 0xf8, 0xff, 0xf8, 0x3f, 0xfa, 0x37, 0xff,
    0xc7, 0xff, 0xc1, 0xff, 0xd1, 0xbf, 0xfe, 0x3f,
    0xfe, 0xf, 0xfe, 0x8d, 0xff, 0xf1, 0xff, 0xf0,
    0x7f, 0xf4, 0x6f, 0xff, 0x8f, 0xff, 0x83, 0xff,
    0xa3, 0x7f, 0xfc, 0x7f, 0xfc, 0x1f, 0xfd, 0x1b,
    0xff, 0xe3, 0xff, 0xe0, 0xff, 0xe8, 0xdf, 0xff,
    0x1f, 0xff, 0x7, 0xff, 0x46, 0xff, 0xf8, 0xff,
    0xf8, 0x3f, 0xfa, 0x37, 0xff, 0xc7, 0xff, 0xc1,
    0xff, 0xd1, 0xbf, 0xfe, 0x3f, 0xfe, 0xf, 0xfe,
    0x8d, 0xff, 0xf1, 0xff, 0xf0, 0x7f, 0xf4, 0x6f,
    0xff, 0x8f, 0xff, 0x83, 0xff, 0xa3, 0x7f, 0xfc,
    0x7f, 0xfc, 0x1f, 0xfd, 0x1b, 0xff, 0xe3, 0xff,
    0xe0, 0xff, 0xe8, 0xdf, 0xff, 0x1f, 0xff, 0x7,
    0xff, 0x46, 0xff, 0xf8, 0xff, 0xf8, 0x3f, 0xfa,
    0x37, 0xff, 0xc7, 0xff, 0xc1, 0xff, 0xd1, 0xbf,
    0xfe, 0x3f, 0xfe, 0xf, 0xfe, 0x8d, 0xff, 0xf1,
    0xff, 0xf0, 0x7f, 0xf4, 0x6f, 0xff, 0x8f, 0xff,
    0x83, 0xff, 0xa3, 0x7f, 0xfc, 0x7f, 0xfc, 0x1f,
    0xfd, 0x1b, 0xff, 0xe3, 0xff, 0xe0, 0xff, 0xe8,
    0xdf, 0xff, 0x1f, 0xff, 0x7, 0xff, 0x46, 0xff,
    0xf8,

    /* U+006F "o" */
    0xf, 0xfe, 0x62, 0xaf, 0xfd, 0x44, 0x3f, 0xfc,
    0x4f, 0xff, 0xf1, 0xa4, 0x3f, 0xfb, 0x6d, 0xff,
    0xfc, 0xb8, 0x3f, 0xfa, 0xef, 0xff, 0xf4, 0x20,
    0xff, 0xea, 0x5f, 0xff, 0xd3, 0x83, 0xff, 0xa0,
    0xff, 0xff, 0x5c, 0x3f, 0xf9, 0xd7, 0xff, 0xf6,
    0x50, 0xff, 0xe5, 0xff, 0xff, 0x72, 0xf, 0xfe,
    0x4f, 0xff, 0xf7, 0xa0, 0xff, 0xe3, 0xff, 0xff,
    0x82, 0xf, 0xfe, 0x2f, 0xff, 0xf8, 0xa0, 0xff,
    0xe1, 0xdf, 0xff, 0xc8, 0xa9, 0xab, 0xff, 0xf9,
    0x8, 0x7f, 0xf0, 0x5f, 0xff, 0xe2, 0xc8, 0x7f,
    0xcf, 0xff, 0xf1, 0x90, 0xff, 0xe0, 0x7f, 0xff,
    0x12, 0xf, 0xfe, 0x2d, 0xff, 0xfc, 0x40, 0xff,
    0xaf, 0xff, 0xe1, 0x41, 0xff, 0xc8, 0x7f, 0xff,
    0x87, 0x7, 0xf3, 0xff, 0xfc, 0x24, 0x3f, 0xf9,
    0x77, 0xff, 0xf0, 0x90, 0xfd, 0xff, 0xfc, 0x24,
    0x3f, 0xf9, 0xb7, 0xff, 0xf0, 0x83, 0xe7, 0xff,
    0xf8, 0x28, 0x7f, 0xf3, 0xef, 0xff, 0xe0, 0xa1,
    0xeb, 0xff, 0xf8, 0x8, 0x7f, 0xf4, 0x6f, 0xff,
    0xe0, 0x87, 0xbf, 0xff, 0x81, 0x7, 0xff, 0x4e,
    0xff, 0xfe, 0x0, 0x73, 0xff, 0xfc, 0x0, 0xff,
    0xea, 0xff, 0xff, 0x2, 0xd, 0xff, 0xfc, 0x4,
    0x3f, 0xfa, 0xaf, 0xff, 0xf0, 0x3, 0x7f, 0xfd,
    0x7, 0xff, 0x5e, 0xff, 0xf8, 0x27, 0xff, 0xe4,
    0x3f, 0xfb, 0x1f, 0xff, 0x20, 0xbf, 0xfe, 0xf,
    0xfe, 0xcf, 0xff, 0xd0, 0x2f, 0xff, 0x41, 0xff,
    0xd9, 0x7f, 0xfe, 0x7, 0xff, 0xc8, 0x7f, 0xf6,
    0xbf, 0xfe, 0x7, 0xff, 0xc1, 0xff, 0xdb, 0xff,
    0xf8, 0x1f, 0xff, 0x7, 0xff, 0x6f, 0xff, 0xe0,
    0x7f, 0xfc, 0x1f, 0xfd, 0xbb, 0xff, 0xc9, 0xff,
    0xf0, 0x7f, 0xf6, 0xef, 0xff, 0x27, 0xff, 0xc1,
    0xff, 0xdb, 0xbf, 0xfc, 0x9f, 0xff, 0x7, 0xff,
    0x6e, 0xff, 0xf2, 0x7f, 0xfc, 0x1f, 0xfd, 0xbf,
    0xff, 0x81, 0xff, 0xf0, 0x7f, 0xf6, 0xff, 0xfe,
    0x7, 0xff, 0xc8, 0x7f, 0xf6, 0xbf, 0xfe, 0x5,
    0xff, 0xe8, 0x3f, 0xfb, 0x2f, 0xff, 0xc0, 0xbf,
    0xfe, 0xf, 0xfe, 0xcf, 0xff, 0xd0, 0x1f, 0xff,
    0x90, 0xff, 0xec, 0x7f, 0xfc, 0x85, 0xff, 0xf4,
    0x1f, 0xfd, 0x7b, 0xff, 0xe0, 0xdf, 0xff, 0xc0,
    0x43, 0xff, 0xaa, 0xff, 0xff, 0x0, 0x33, 0xff,
    0xfc, 0x0, 0xff, 0xea, 0xff, 0xff, 0x2, 0xe,
    0xff, 0xfe, 0x4, 0x1f, 0xfd, 0x3b, 0xff, 0xf8,
    0x1, 0xeb, 0xff, 0xf8, 0x8, 0x7f, 0xf4, 0x6f,
    0xff, 0xe0, 0x87, 0x9f, 0xff, 0xe0, 0xa1, 0xff,
    0xcf, 0xbf, 0xff, 0x82, 0x87, 0xdf, 0xff, 0xc2,
    0x43, 0xff, 0x9b, 0x7f, 0xff, 0x8, 0x3f, 0x3f,
    0xff, 0xc2, 0x43, 0xff, 0x97, 0x7f, 0xff, 0x9,
    0xf, 0xeb, 0xff, 0xf8, 0x50, 0x7f, 0xf2, 0x1f,
    0xff, 0xe1, 0xc1, 0xff, 0x7f, 0xff, 0x12, 0xf,
    0xfe, 0x2d, 0xff, 0xfc, 0x40, 0xff, 0xe0, 0x3f,
    0xff, 0xc5, 0x90, 0xff, 0x9f, 0xff, 0xe3, 0x21,
    0xff, 0xc1, 0xbf, 0xff, 0x91, 0x53, 0x57, 0xff,
    0xf2, 0x10, 0xff, 0xe1, 0xff, 0xff, 0x8a, 0xf,
    0xfe, 0x2f, 0xff, 0xf8, 0x20, 0xff, 0xe3, 0xff,
    0xff, 0x7a, 0xf, 0xfe, 0x4f, 0xff, 0xf7, 0x20,
    0xff, 0xe5, 0xdf, 0xff, 0xd9, 0x43, 0xff, 0x9a,
    0xff, 0xff, 0x5c, 0x3f, 0xfa, 0x37, 0xff, 0xf4,
    0xe0, 0xff, 0xe9, 0xbf, 0xff, 0xd0, 0x83, 0xff,
    0xae, 0xdf, 0xff, 0xcb, 0x83, 0xff, 0xb8, 0xff,
    0xff, 0x1a, 0x43, 0xff, 0xc2, 0xab, 0xff, 0x51,
    0xf, 0xfe, 0x68,

    /* U+0070 "p" */
    0x3f, 0xff, 0xa7, 0x44, 0x3f, 0xf9, 0x5f, 0xff,
    0xd8, 0x43, 0xff, 0x8f, 0xff, 0xfd, 0xa8, 0x3f,
    0xf8, 0xbf, 0xff, 0xdc, 0x83, 0xff, 0x87, 0xff,
    0xfd, 0xe4, 0x3f, 0xf8, 0x3f, 0xff, 0xdf, 0x83,
    0xff, 0x81, 0xff, 0xfe, 0x10, 0xff, 0xbf, 0xff,
    0xc4, 0x1f, 0xef, 0xff, 0xf1, 0x87, 0xf7, 0xff,
    0xf8, 0xe0, 0xfd, 0xff, 0xfe, 0x48, 0x3e, 0xff,
    0xf8, 0x3f, 0xf8, 0xed, 0xff, 0xfc, 0x54, 0x3d,
    0xff, 0xf0, 0x7f, 0xf2, 0xef, 0xff, 0xe1, 0x87,
    0xbf, 0xfe, 0xf, 0xfe, 0x63, 0xff, 0xfc, 0x28,
    0x3b, 0xff, 0xe0, 0xff, 0xe7, 0x7f, 0xff, 0x8,
    0x3b, 0xff, 0xe0, 0xff, 0xe7, 0xff, 0xff, 0x6,
    0xd, 0xff, 0xf0, 0x7f, 0xf4, 0x3f, 0xff, 0x82,
    0x1b, 0xff, 0xe0, 0xff, 0xe8, 0xff, 0xff, 0x1,
    0xb, 0xff, 0xe0, 0xff, 0xe8, 0xdf, 0xff, 0xc0,
    0xb, 0xff, 0xe0, 0xff, 0xe9, 0x7f, 0xff, 0x0,
    0x2f, 0xff, 0x83, 0xff, 0xa5, 0x7f, 0xfc, 0x83,
    0xff, 0xe0, 0xff, 0xe9, 0x3f, 0xff, 0x40, 0xff,
    0xf8, 0x3f, 0xfa, 0x7f, 0xff, 0x40, 0xff, 0xf8,
    0x3f, 0xfa, 0x77, 0xff, 0xc0, 0xff, 0xf8, 0x3f,
    0xfa, 0x77, 0xff, 0xc0, 0xff, 0xf8, 0x3f, 0xfa,
    0x6f, 0xff, 0xc0, 0xff, 0xf8, 0x3f, 0xfa, 0x6f,
    0xff, 0xc0, 0xff, 0xf8, 0x3f, 0xfa, 0x6f, 0xff,
    0xc0, 0xff, 0xf8, 0x3f, 0xfa, 0x6f, 0xff, 0xc0,
    0xff, 0xf8, 0x3f, 0xfa, 0x6f, 0xff, 0xc0, 0xff,
    0xf8, 0x3f, 0xfa, 0x6f, 0xff, 0xc0, 0xff, 0xf8,
    0x3f, 0xfa, 0x6f, 0xff, 0xc0, 0xff, 0xf8, 0x3f,
    0xfa, 0x77, 0xff, 0xc0, 0xff, 0xf8, 0x3f, 0xfa,
    0x7f, 0xff, 0xc0, 0x7, 0xff, 0xc1, 0xff, 0xd3,
    0xff, 0xfa, 0x7, 0xff, 0xc1, 0xff, 0xd2, 0x7f,
    0xfe, 0x41, 0xff, 0xf0, 0x7f, 0xf4, 0xaf, 0xff,
    0x82, 0xff, 0xf8, 0x3f, 0xfa, 0x5f, 0xff, 0xc0,
    0xb, 0xff, 0xe0, 0xff, 0xe8, 0xdf, 0xff, 0x41,
    0x7f, 0xfc, 0x1f, 0xfd, 0x1f, 0xff, 0xe0, 0x21,
    0x7f, 0xfc, 0x1f, 0xfd, 0xf, 0xff, 0xe0, 0x86,
    0xff, 0xf8, 0x3f, 0xf9, 0xff, 0xff, 0xc1, 0x43,
    0x7f, 0xfc, 0x1f, 0xfc, 0xef, 0xff, 0xe1, 0x7,
    0x7f, 0xfc, 0x1f, 0xfc, 0xc7, 0xff, 0xf8, 0x48,
    0x77, 0xff, 0xc1, 0xff, 0xca, 0x7f, 0xff, 0x88,
    0x1e, 0xff, 0xf8, 0x3f, 0xf8, 0xed, 0xff, 0xfc,
    0x50, 0xfb, 0xff, 0xfc, 0x90, 0x7d, 0xff, 0xfe,
    0x38, 0x3f, 0x7f, 0xff, 0x8c, 0x3f, 0xbf, 0xff,
    0xc4, 0x1f, 0xef, 0xff, 0xf0, 0x87, 0xfd, 0xff,
    0xfd, 0xf8, 0x3f, 0xf8, 0x1f, 0xff, 0xde, 0x43,
    0xff, 0x83, 0xff, 0xfd, 0xc8, 0x3f, 0xf8, 0x7f,
    0xff, 0xda, 0x83, 0xff, 0x8b, 0xff, 0xfd, 0x84,
    0x3f, 0xf8, 0xff, 0xff, 0xd3, 0xa2, 0x1f, 0xfc,
    0xaf, 0xff, 0x83, 0xff, 0xc3, 0xff, 0xf0, 0x7f,
    0xf8, 0x7f, 0xfe, 0xf, 0xff, 0xf, 0xff, 0xc1,
    0xff, 0xe1, 0xff, 0xf8, 0x3f, 0xfc, 0x3f, 0xff,
    0x7, 0xff, 0x87, 0xff, 0xe0, 0xff, 0xf0, 0xff,
    0xfc, 0x1f, 0xfe, 0x1f, 0xff, 0x83, 0xff, 0xc3,
    0xff, 0xf0, 0x7f, 0xf8, 0x7f, 0xfe, 0xf, 0xff,
    0xf, 0xff, 0xc1, 0xff, 0xe1, 0xff, 0xf8, 0x3f,
    0xfc, 0x3f, 0xff, 0x7, 0xff, 0x87, 0xff, 0xe0,
    0xff, 0xf0, 0xff, 0xfc, 0x1f, 0xfe, 0x1f, 0xff,
    0x83, 0xff, 0xc3, 0xff, 0xf0, 0x7f, 0xf8, 0x7f,
    0xfe, 0xf, 0xff, 0xd, 0x7f, 0x90, 0xff, 0xf0,
    0x0,

    /* U+0071 "q" */
    0xf, 0xfe, 0x4b, 0x4f, 0xff, 0xe9, 0x87, 0xff,
    0x1d, 0xff, 0xfe, 0xc0, 0x7f, 0xf1, 0x6f, 0xff,
    0xed, 0x7, 0xff, 0xe, 0xff, 0xfe, 0xe0, 0x7f,
    0xf0, 0x5f, 0xff, 0xef, 0x7, 0xff, 0x2, 0xff,
    0xfe, 0xf8, 0x7f, 0xdf, 0xff, 0xe1, 0xf, 0xf7,
    0xff, 0xf8, 0x83, 0xfb, 0xff, 0xfc, 0x61, 0xfa,
    0xff, 0xff, 0x18, 0x7d, 0x7f, 0xff, 0x90, 0x3c,
    0xff, 0xff, 0x16, 0x43, 0xff, 0x8c, 0xff, 0xfc,
    0x1e, 0xff, 0xfe, 0x1c, 0x1f, 0xfc, 0xa7, 0xff,
    0xe0, 0xeb, 0xff, 0xf8, 0x48, 0x7f, 0xf2, 0xdf,
    0xff, 0x83, 0xbf, 0xff, 0x84, 0x1f, 0xfc, 0xd7,
    0xff, 0xe0, 0xd7, 0xff, 0xf0, 0x43, 0xff, 0x9c,
    0xff, 0xfc, 0x1b, 0xff, 0xf8, 0x21, 0xff, 0xcf,
    0x7f, 0xfe, 0x9, 0xff, 0xfe, 0x0, 0x7f, 0xf4,
    0x1f, 0xff, 0x82, 0xbf, 0xfe, 0x43, 0xff, 0xa0,
    0xff, 0xfc, 0x17, 0xff, 0xf0, 0x3, 0xff, 0xa2,
    0xff, 0xfc, 0x7, 0xff, 0xe4, 0x3f, 0xfa, 0x2f,
    0xff, 0xc0, 0x7f, 0xfe, 0xf, 0xfe, 0x93, 0xff,
    0xf0, 0x2f, 0xff, 0x41, 0xff, 0xd2, 0x7f, 0xfe,
    0x7, 0xff, 0xc8, 0x7f, 0xf4, 0x9f, 0xff, 0x81,
    0xff, 0xf0, 0x7f, 0xf4, 0xdf, 0xff, 0x81, 0xff,
    0xf0, 0x7f, 0xf4, 0xdf, 0xff, 0x81, 0xff, 0xf0,
    0x7f, 0xf4, 0xdf, 0xff, 0x81, 0xff, 0xf0, 0x7f,
    0xf4, 0xdf, 0xff, 0x81, 0xff, 0xf0, 0x7f, 0xf4,
    0xdf, 0xff, 0x81, 0xff, 0xf0, 0x7f, 0xf4, 0xdf,
    0xff, 0x81, 0xff, 0xf0, 0x7f, 0xf4, 0xdf, 0xff,
    0x81, 0xff, 0xf0, 0x7f, 0xf4, 0xdf, 0xff, 0x81,
    0xff, 0xf0, 0x7f, 0xf4, 0xdf, 0xff, 0x81, 0xff,
    0xf2, 0x1f, 0xfd, 0x27, 0xff, 0xe0, 0x5f, 0xfe,
    0x83, 0xff, 0xa4, 0xff, 0xfc, 0x7, 0xff, 0xe0,
    0xff, 0xe9, 0x3f, 0xff, 0x5, 0xff, 0xf2, 0x1f,
    0xfd, 0x17, 0xff, 0xe0, 0xbf, 0xff, 0x80, 0x1f,
    0xfd, 0x17, 0xff, 0xe0, 0xaf, 0xff, 0x90, 0xff,
    0xe8, 0x3f, 0xff, 0x4, 0xff, 0xff, 0x0, 0x3f,
    0xfa, 0xf, 0xff, 0xc1, 0xbf, 0xff, 0x82, 0x1f,
    0xfc, 0xf7, 0xff, 0xe0, 0xcf, 0xff, 0xf0, 0x43,
    0xff, 0x9c, 0xff, 0xfc, 0x1d, 0xff, 0xfc, 0x20,
    0xff, 0xe6, 0xbf, 0xff, 0x7, 0x3f, 0xff, 0xc2,
    0x43, 0xff, 0x96, 0xff, 0xfc, 0x1e, 0xff, 0xfe,
    0x1c, 0x1f, 0xfc, 0xa7, 0xff, 0xe0, 0xfb, 0xff,
    0xf8, 0xb2, 0x1f, 0xfc, 0x67, 0xff, 0xe0, 0xf9,
    0xff, 0xff, 0x20, 0x7e, 0xbf, 0xff, 0xc6, 0x1f,
    0xdf, 0xff, 0xe3, 0xf, 0xf7, 0xff, 0xf8, 0x83,
    0xfe, 0xff, 0xff, 0x8, 0x7f, 0xf0, 0x2f, 0xff,
    0xef, 0x87, 0xff, 0x5, 0xff, 0xfe, 0xf0, 0x7f,
    0xf0, 0xef, 0xff, 0xee, 0x7, 0xff, 0x16, 0xff,
    0xfe, 0xd0, 0x7f, 0xf1, 0xdf, 0xff, 0xec, 0x7,
    0xff, 0x29, 0xa7, 0xff, 0xf4, 0xc3, 0xff, 0xc0,
    0xff, 0xfc, 0x1f, 0xfe, 0x7, 0xff, 0xe0, 0xff,
    0xf0, 0x3f, 0xff, 0x7, 0xff, 0x81, 0xff, 0xf8,
    0x3f, 0xfc, 0xf, 0xff, 0xc1, 0xff, 0xe0, 0x7f,
    0xfe, 0xf, 0xff, 0x3, 0xff, 0xf0, 0x7f, 0xf8,
    0x1f, 0xff, 0x83, 0xff, 0xc0, 0xff, 0xfc, 0x1f,
    0xfe, 0x7, 0xff, 0xe0, 0xff, 0xf0, 0x3f, 0xff,
    0x7, 0xff, 0x81, 0xff, 0xf8, 0x3f, 0xfc, 0xf,
    0xff, 0xc1, 0xff, 0xe0, 0x7f, 0xfe, 0xf, 0xff,
    0x3, 0xff, 0xf0, 0x7f, 0xf8, 0x1f, 0xff, 0x83,
    0xff, 0xc0, 0xff, 0xfc, 0x1f, 0xfe, 0x7, 0xff,
    0xe0, 0xff, 0xf0, 0x3f, 0xff, 0x7, 0xff, 0x86,
    0xbf, 0xe0,

    /* U+0072 "r" */
    0x3f, 0xff, 0x97, 0x44, 0x3f, 0xf8, 0x3f, 0xff,
    0xcf, 0x90, 0xff, 0x7f, 0xff, 0x48, 0x3f, 0xbf,
    0xff, 0xa7, 0x7, 0xdf, 0xff, 0xd4, 0x83, 0xdf,
    0xff, 0xd5, 0x83, 0xbf, 0xff, 0xac, 0x86, 0xff,
    0xfe, 0xb8, 0x6f, 0xff, 0xeb, 0xc1, 0x7f, 0xff,
    0x60, 0x2f, 0xff, 0xec, 0x20, 0xff, 0xf8, 0x3f,
    0xcf, 0xff, 0xf0, 0xc1, 0xff, 0xf0, 0x7f, 0xf0,
    0x1f, 0xff, 0xe0, 0x83, 0xff, 0xe0, 0xff, 0xe1,
    0x7f, 0xff, 0x1, 0x3f, 0xfe, 0xf, 0xfe, 0x13,
    0xff, 0xf2, 0x7f, 0xfc, 0x1f, 0xfc, 0x3f, 0xff,
    0xa3, 0xff, 0xe0, 0xff, 0xe1, 0xdf, 0xff, 0x1f,
    0xff, 0x7, 0xff, 0xd, 0xff, 0xf8, 0xff, 0xf8,
    0x3f, 0xf8, 0x9f, 0xff, 0x1f, 0xff, 0x7, 0xff,
    0x13, 0xff, 0xe3, 0xff, 0xe0, 0xff, 0xe2, 0x7f,
    0xfc, 0x7f, 0xfc, 0x1f, 0xfc, 0x4f, 0xff, 0x8f,
    0xff, 0x83, 0xff, 0x89, 0xff, 0xf1, 0xff, 0xf0,
    0x7f, 0xf1, 0x3f, 0xfe, 0x3f, 0xfe, 0xf, 0xfe,
    0x27, 0xff, 0xc7, 0xff, 0xc1, 0xff, 0xc4, 0xff,
    0xf8, 0xff, 0xf8, 0x3f, 0xf8, 0x9f, 0xff, 0x1f,
    0xff, 0x7, 0xff, 0x13, 0xff, 0xe3, 0xff, 0xe0,
    0xff, 0xe2, 0x57, 0xfc, 0x7f, 0xfc, 0x1f, 0xfd,
    0xf, 0xff, 0x83, 0xff, 0xa1, 0xff, 0xf0, 0x7f,
    0xf4, 0x3f, 0xfe, 0xf, 0xfe, 0x87, 0xff, 0xc1,
    0xff, 0xd0, 0xff, 0xf8, 0x3f, 0xfa, 0x1f, 0xff,
    0x7, 0xff, 0x43, 0xff, 0xe0, 0xff, 0xe8, 0x7f,
    0xfc, 0x1f, 0xfd, 0xf, 0xff, 0x83, 0xff, 0xa1,
    0xff, 0xf0, 0x7f, 0xf4, 0x3f, 0xfe, 0xf, 0xfe,
    0x87, 0xff, 0xc1, 0xff, 0xd0, 0xff, 0xf8, 0x3f,
    0xfa, 0x1f, 0xff, 0x7, 0xff, 0x43, 0xff, 0xe0,
    0xff, 0xe8, 0x7f, 0xfc, 0x1f, 0xfd, 0xf, 0xff,
    0x83, 0xff, 0xa1, 0xff, 0xf0, 0x7f, 0xf4, 0x3f,
    0xfe, 0xf, 0xfe, 0x87, 0xff, 0xc1, 0xff, 0xd0,
    0xff, 0xf8, 0x3f, 0xfa, 0x1f, 0xff, 0x7, 0xff,
    0x43, 0xff, 0xe0, 0xff, 0xe8, 0x7f, 0xfc, 0x1f,
    0xfd, 0xf, 0xff, 0x83, 0xff, 0xa1, 0xff, 0xf0,
    0x7f, 0xf4, 0x3f, 0xfe, 0xf, 0xfe, 0x78,

    /* U+0073 "s" */
    0xf, 0xfe, 0x13, 0x4f, 0xff, 0xea, 0xa1, 0xff,
    0xc2, 0x6f, 0xff, 0xed, 0x21, 0xff, 0xc0, 0x7f,
    0xff, 0xba, 0x87, 0xfd, 0xff, 0xfd, 0xf4, 0x3f,
    0x9f, 0xff, 0xf0, 0x21, 0xf9, 0xff, 0xff, 0xa,
    0x1f, 0xbf, 0xff, 0xc4, 0x87, 0xdf, 0xff, 0xe3,
    0x43, 0xcf, 0xff, 0xf8, 0xd0, 0xf7, 0xff, 0xf9,
    0x10, 0xf7, 0xff, 0xf9, 0x10, 0xeb, 0xff, 0xf8,
    0x32, 0x83, 0xff, 0xb5, 0xff, 0xfc, 0x8, 0x3f,
    0xfb, 0xdf, 0xff, 0x41, 0xff, 0xdf, 0xff, 0xf8,
    0x3f, 0xfc, 0x1f, 0xff, 0x7, 0xff, 0x83, 0xff,
    0xe0, 0xff, 0xf0, 0x7f, 0xfc, 0x1f, 0xfe, 0xf,
    0xff, 0x90, 0xff, 0xef, 0xff, 0xff, 0x0, 0x3f,
    0xfb, 0xf7, 0xff, 0xf0, 0x10, 0xff, 0xee, 0xbf,
    0xff, 0xc3, 0xac, 0xbf, 0xfc, 0x50, 0xff, 0xe3,
    0xff, 0xff, 0x6e, 0x43, 0xff, 0x85, 0xff, 0xfd,
    0xe4, 0x3f, 0xf8, 0xf, 0xff, 0xf7, 0xd0, 0xff,
    0xbf, 0xff, 0xc2, 0x1f, 0xf7, 0xff, 0xf8, 0x50,
    0xff, 0x7f, 0xff, 0x85, 0xf, 0xf7, 0xff, 0xf8,
    0x43, 0xfe, 0xbf, 0xff, 0xc0, 0x1f, 0xf3, 0xff,
    0xfd, 0xf4, 0x3f, 0xf8, 0x37, 0xff, 0xf7, 0x43,
    0xff, 0x88, 0xab, 0xff, 0xfb, 0x1, 0xff, 0xdb,
    0x57, 0xff, 0xf0, 0xa0, 0xff, 0xee, 0xbf, 0xff,
    0xc0, 0x83, 0xff, 0xbf, 0xff, 0xfc, 0x0, 0xff,
    0xef, 0xbf, 0xff, 0x7, 0xff, 0x83, 0xff, 0xe0,
    0xff, 0xf0, 0x7f, 0xfc, 0x1f, 0xfe, 0xb, 0xff,
    0xc1, 0xff, 0xe0, 0xff, 0xf8, 0x3f, 0xfc, 0x1f,
    0xff, 0x7, 0xff, 0x7e, 0xff, 0xf8, 0x3f, 0xfb,
    0xcf, 0xff, 0xf0, 0x3, 0xff, 0xb8, 0xdf, 0xff,
    0xc0, 0x83, 0x2f, 0xff, 0x4a, 0xb7, 0xff, 0xf1,
    0x10, 0xdf, 0xff, 0xe6, 0xe, 0xff, 0xff, 0x2c,
    0x1d, 0xff, 0xfe, 0x50, 0xf7, 0xff, 0xf9, 0x20,
    0xf7, 0xff, 0xf9, 0x3, 0xef, 0xff, 0xf1, 0x87,
    0xef, 0xff, 0xf0, 0xc1, 0xfd, 0xff, 0xfe, 0x4,
    0x3f, 0xdf, 0xff, 0xde, 0x83, 0xff, 0x81, 0xff,
    0xfd, 0xb9, 0xf, 0xfe, 0x17, 0xff, 0xf5, 0xa8,
    0x87, 0xff, 0xc,

    /* U+0074 "t" */
    0xf, 0xfe, 0x13, 0xff, 0xe8, 0x3f, 0xfa, 0xcf,
    0xff, 0xa0, 0xff, 0xeb, 0x3f, 0xfe, 0x83, 0xff,
    0xac, 0xff, 0xfa, 0xf, 0xfe, 0xb3, 0xff, 0xe8,
    0x3f, 0xfa, 0xcf, 0xff, 0xa0, 0xff, 0xeb, 0x3f,
    0xfe, 0x83, 0xff, 0xac, 0xff, 0xfa, 0xf, 0xfe,
    0xb3, 0xff, 0xe8, 0x3f, 0xfa, 0xcf, 0xff, 0xa0,
    0xff, 0xeb, 0x3f, 0xfe, 0x83, 0xff, 0xac, 0xff,
    0xfa, 0xf, 0xfe, 0xb3, 0xff, 0xe8, 0x3f, 0xfa,
    0xcf, 0xff, 0xa0, 0xff, 0xeb, 0x3f, 0xfe, 0x83,
    0xff, 0xac, 0xff, 0xfa, 0xf, 0xfe, 0xb3, 0xff,
    0xe8, 0x3f, 0xfa, 0xcf, 0xff, 0xa0, 0xff, 0xeb,
    0x3f, 0xfe, 0x83, 0xff, 0xac, 0xff, 0xfa, 0xf,
    0xfe, 0xb3, 0xff, 0xe8, 0x3f, 0xfa, 0xcf, 0xff,
    0xa0, 0xff, 0xeb, 0x3f, 0xfe, 0x83, 0xff, 0x93,
    0xff, 0xfe, 0x0, 0x7f, 0xff, 0x80, 0x1f, 0xff,
    0xe0, 0x7, 0xff, 0xf8, 0x1, 0xff, 0xfe, 0x0,
    0x7f, 0xff, 0x80, 0x1f, 0xff, 0xe0, 0x7, 0xff,
    0xf8, 0x1, 0xff, 0xfe, 0x0, 0x7f, 0xff, 0x80,
    0x1f, 0xff, 0xe0, 0xf, 0xfe, 0x1b, 0xff, 0xe8,
    0x3f, 0xfa, 0xcf, 0xff, 0xa0, 0xff, 0xeb, 0x3f,
    0xfe, 0x83, 0xff, 0xac, 0xff, 0xfa, 0xf, 0xfe,
    0xb3, 0xff, 0xe8, 0x3f, 0xfa, 0xcf, 0xff, 0xa0,
    0xff, 0xeb, 0x3f, 0xfe, 0x83, 0xff, 0xac, 0xff,
    0xfa, 0xf, 0xfe, 0xb3, 0xff, 0xe8, 0x3f, 0xfa,
    0xcf, 0xff, 0xa0, 0xff, 0xeb, 0x3f, 0xfe, 0x83,
    0xff, 0xac, 0xff, 0xfa, 0xf, 0xfe, 0xb3, 0xff,
    0xe8, 0x3f, 0xfa, 0xcf, 0xff, 0xa0, 0xff, 0xeb,
    0x3f, 0xfe, 0x83, 0xff, 0xac, 0xff, 0xfa, 0xf,
    0xfe, 0xb3, 0xff, 0xe8, 0x3f, 0xfa, 0xcf, 0xff,
    0xa0, 0xff, 0xeb, 0x3f, 0xfe, 0x83, 0xff, 0xac,
    0xff, 0xfa, 0xf, 0xfe, 0xb3, 0xff, 0xe8, 0x3f,
    0xfa, 0xcf, 0xff, 0xa0, 0xff, 0xeb, 0x3f, 0xfe,
    0x83, 0xff, 0xac, 0xff, 0xfa, 0xf, 0xfe, 0xb3,
    0xff, 0xe8, 0x3f, 0xfa, 0xcf, 0xff, 0xa0, 0xff,
    0xeb, 0x3f, 0xfe, 0x83, 0xff, 0xaf, 0xff, 0xf0,
    0x7f, 0xf5, 0xff, 0xfe, 0xf, 0xfe, 0xbf, 0xff,
    0xc1, 0xff, 0xd7, 0xff, 0xf8, 0x3f, 0xfa, 0xf7,
    0xff, 0xa0, 0xff, 0xeb, 0x5f, 0xff, 0x7, 0xff,
    0x59, 0xff, 0xfe, 0x0, 0x7f, 0xf5, 0xbf, 0xff,
    0x83, 0x7, 0xff, 0x52, 0xff, 0xfe, 0x7c, 0x1f,
    0xfc, 0x57, 0xff, 0xf9, 0xf0, 0x7f, 0xf1, 0xbf,
    0xff, 0x9f, 0x7, 0xff, 0x19, 0xff, 0xfe, 0x74,
    0x1f, 0xfc, 0x7f, 0xff, 0xe7, 0x41, 0xff, 0xc8,
    0xff, 0xfe, 0x6c, 0x1f, 0xfc, 0x87, 0xff, 0xf9,
    0x90, 0x7f, 0xf2, 0x5f, 0xff, 0xe5, 0xc1, 0xff,
    0xcb, 0xff, 0xfe, 0x54, 0x1f, 0xfc, 0xc7, 0xff,
    0xf9, 0x10, 0x7f, 0xf3, 0x9b, 0xff, 0xf8, 0xb0,
    0x7f, 0xf4, 0xd7, 0xff, 0x86, 0x0,

    /* U+0075 "u" */
    0x3f, 0xfe, 0xf, 0xfe, 0x9f, 0xff, 0xc7, 0xff,
    0xc1, 0xff, 0xd3, 0xff, 0xf8, 0xff, 0xf8, 0x3f,
    0xfa, 0x7f, 0xff, 0x1f, 0xff, 0x7, 0xff, 0x4f,
    0xff, 0xe3, 0xff, 0xe0, 0xff, 0xe9, 0xff, 0xfc,
    0x7f, 0xfc, 0x1f, 0xfd, 0x3f, 0xff, 0x8f, 0xff,
    0x83, 0xff, 0xa7, 0xff, 0xf1, 0xff, 0xf0, 0x7f,
    0xf4, 0xff, 0xfe, 0x3f, 0xfe, 0xf, 0xfe, 0x9f,
    0xff, 0xc7, 0xff, 0xc1, 0xff, 0xd3, 0xff, 0xf8,
    0xff, 0xf8, 0x3f, 0xfa, 0x7f, 0xff, 0x1f, 0xff,
    0x7, 0xff, 0x4f, 0xff, 0xe3, 0xff, 0xe0, 0xff,
    0xe9, 0xff, 0xfc, 0x7f, 0xfc, 0x1f, 0xfd, 0x3f,
    0xff, 0x8f, 0xff, 0x83, 0xff, 0xa7, 0xff, 0xf1,
    0xff, 0xf0, 0x7f, 0xf4, 0xff, 0xfe, 0x3f, 0xfe,
    0xf, 0xfe, 0x9f, 0xff, 0xc7, 0xff, 0xc1, 0xff,
    0xd3, 0xff, 0xf8, 0xff, 0xf8, 0x3f, 0xfa, 0x7f,
    0xff, 0x1f, 0xff, 0x7, 0xff, 0x4f, 0xff, 0xe3,
    0xff, 0xe0, 0xff, 0xe9, 0xff, 0xfc, 0x7f, 0xfc,
    0x1f, 0xfd, 0x3f, 0xff, 0x8f, 0xff, 0x83, 0xff,
    0xa7, 0xff, 0xf1, 0xff, 0xf0, 0x7f, 0xf4, 0xff,
    0xfe, 0x3f, 0xfe, 0xf, 0xfe, 0x9f, 0xff, 0xc7,
    0xff, 0xc1, 0xff, 0xd3, 0xff, 0xf8, 0xff, 0xf8,
    0x3f, 0xfa, 0x7f, 0xff, 0x1f, 0xff, 0x7, 0xff,
    0x4f, 0xff, 0xe3, 0xff, 0xe0, 0xff, 0xe9, 0xff,
    0xfc, 0x7f, 0xfc, 0x1f, 0xfd, 0x3f, 0xff, 0x8f,
    0xff, 0x83, 0xff, 0xa7, 0xff, 0xf1, 0xff, 0xf0,
    0x7f, 0xf4, 0xff, 0xfe, 0x3f, 0xfe, 0xf, 0xfe,
    0x9f, 0xff, 0xc7, 0xff, 0xc1, 0xff, 0xd3, 0xff,
    0xf8, 0xff, 0xf9, 0xf, 0xfe, 0x97, 0xff, 0xc5,
    0xff, 0xe4, 0x3f, 0xfa, 0x5f, 0xff, 0x17, 0xff,
    0xa0, 0xff, 0xe9, 0x7f, 0xfc, 0x3f, 0xff, 0x7,
    0xff, 0x4b, 0xff, 0xe0, 0x7f, 0xfc, 0x87, 0xff,
    0x47, 0xff, 0xe0, 0x7f, 0xff, 0x0, 0x3f, 0xfa,
    0x3f, 0xff, 0x2, 0xff, 0xfa, 0xf, 0xfe, 0x87,
    0xff, 0xc0, 0x7f, 0xff, 0x80, 0x87, 0xff, 0x3f,
    0xff, 0xe0, 0xbf, 0xff, 0x82, 0x87, 0xff, 0x3b,
    0xff, 0xe0, 0xaf, 0xff, 0xe0, 0xc1, 0xff, 0xcd,
    0xff, 0xf8, 0x37, 0xff, 0xf0, 0xe4, 0x3f, 0xf9,
    0x5f, 0xff, 0x6, 0xbf, 0xff, 0x8f, 0x52, 0xff,
    0xf0, 0xef, 0xff, 0x83, 0xbf, 0xff, 0xca, 0x1c,
    0xff, 0xff, 0x90, 0x3c, 0xff, 0xff, 0x8c, 0x3e,
    0xbf, 0xff, 0xc4, 0x1f, 0xaf, 0xff, 0xf0, 0x87,
    0xf3, 0xff, 0xfe, 0x0, 0xff, 0xbf, 0xff, 0xbe,
    0x1f, 0xfc, 0x7, 0xff, 0xfb, 0xa1, 0xff, 0xc2,
    0x7f, 0xff, 0xb6, 0x1f, 0xfc, 0x57, 0xff, 0xfb,
    0x1, 0xff, 0xc9, 0x69, 0xff, 0xfd, 0x20,

    /* U+0076 "v" */
    0x3f, 0xff, 0x80, 0x87, 0xff, 0x69, 0xff, 0xfe,
    0x0, 0x1f, 0xff, 0xe0, 0x7, 0xff, 0x6b, 0xff,
    0xf8, 0x8, 0x5f, 0xff, 0xc0, 0x43, 0xff, 0xb0,
    0xff, 0xff, 0x0, 0x33, 0xff, 0xfc, 0x0, 0xff,
    0xec, 0x7f, 0xff, 0x2, 0xe, 0xff, 0xfe, 0x2,
    0x1f, 0xfd, 0x67, 0xff, 0xf8, 0x1, 0xeb, 0xff,
    0xf8, 0x1, 0xff, 0xd6, 0xff, 0xfe, 0x4, 0x1f,
    0x7f, 0xff, 0x1, 0xf, 0xfe, 0xa3, 0xff, 0xfc,
    0x0, 0xfd, 0x7f, 0xff, 0x0, 0x3f, 0xfa, 0x9f,
    0xff, 0xc0, 0x83, 0xfb, 0xff, 0xf8, 0x8, 0x7f,
    0xf4, 0x9f, 0xff, 0xe0, 0x7, 0xfa, 0xff, 0xfe,
    0x0, 0x7f, 0xf4, 0xbf, 0xff, 0x81, 0x7, 0xfd,
    0xff, 0xfc, 0x0, 0xff, 0xe8, 0xbf, 0xff, 0xc0,
    0xf, 0xfe, 0x5, 0xff, 0xf4, 0x1f, 0xfd, 0xf,
    0xff, 0xe0, 0x41, 0xff, 0xc1, 0xff, 0xfe, 0x0,
    0x7f, 0xf3, 0xdf, 0xff, 0xe0, 0x7, 0xff, 0xa,
    0xff, 0xfa, 0xf, 0xfe, 0x77, 0xff, 0xf0, 0x43,
    0xff, 0x87, 0xff, 0xfc, 0x0, 0xff, 0xe7, 0x7f,
    0xff, 0x1, 0xf, 0xfe, 0x1f, 0xff, 0xf0, 0x20,
    0xff, 0xe6, 0x5f, 0xff, 0xc0, 0xf, 0xfe, 0x23,
    0xff, 0xfc, 0x0, 0xff, 0xe6, 0x7f, 0xff, 0x1,
    0xf, 0xfe, 0x2f, 0xff, 0xf0, 0x20, 0xff, 0xe5,
    0x5f, 0xff, 0xc0, 0xf, 0xfe, 0x33, 0xff, 0xfc,
    0x0, 0xff, 0xe5, 0x7f, 0xff, 0x1, 0xf, 0xfe,
    0x3f, 0xff, 0xf0, 0x20, 0xff, 0xe4, 0x5f, 0xff,
    0xc0, 0xf, 0xfe, 0x43, 0xff, 0xfc, 0x0, 0xff,
    0xe4, 0x7f, 0xff, 0x1, 0xf, 0xfe, 0x4f, 0xff,
    0xf0, 0x10, 0xff, 0xe3, 0x5f, 0xff, 0xc0, 0xf,
    0xfe, 0x53, 0xff, 0xfc, 0x0, 0xff, 0xe3, 0x7f,
    0xff, 0x1, 0xf, 0xfe, 0x5f, 0xff, 0xf0, 0x10,
    0xff, 0xe2, 0x5f, 0xff, 0xc0, 0xf, 0xfe, 0x63,
    0xff, 0xfc, 0x0, 0xff, 0xe2, 0x7f, 0xff, 0x2,
    0xf, 0xfe, 0x6f, 0xff, 0xf0, 0x10, 0xff, 0xe1,
    0x5f, 0xff, 0xc0, 0xf, 0xfe, 0x75, 0xff, 0xfc,
    0x0, 0xff, 0xe1, 0x7f, 0xff, 0x2, 0xf, 0xfe,
    0x7f, 0xff, 0xf0, 0x10, 0xff, 0xe0, 0x5f, 0xff,
    0xc0, 0xf, 0xfe, 0x85, 0xff, 0xfc, 0x0, 0xff,
    0xe0, 0x7f, 0xff, 0x2, 0xf, 0xfe, 0x8f, 0xff,
    0xf0, 0x3, 0xfe, 0xbf, 0xff, 0x80, 0x1f, 0xfd,
    0x2b, 0xff, 0xe8, 0x3f, 0xdf, 0xff, 0xc0, 0x83,
    0xff, 0xa7, 0xff, 0xfc, 0x0, 0xfe, 0x7f, 0xff,
    0x80, 0x1f, 0xfd, 0x4b, 0xff, 0xe8, 0x3f, 0x7f,
    0xff, 0x2, 0xf, 0xfe, 0xaf, 0xff, 0xf0, 0x3,
    0xe7, 0xff, 0xf8, 0x1, 0xff, 0xd6, 0xbf, 0xfe,
    0x83, 0xdf, 0xff, 0xc1, 0xf, 0xfe, 0xbf, 0xff,
    0xf0, 0x3, 0x9f, 0xff, 0xe0, 0x21, 0xff, 0xd7,
    0xbf, 0xfe, 0x83, 0x7f, 0xff, 0x4, 0x3f, 0xfb,
    0xf, 0xff, 0xf0, 0x2, 0x7f, 0xff, 0x80, 0x87,
    0xff, 0x67, 0xff, 0xf8, 0x10, 0x3f, 0xff, 0x82,
    0x1f, 0xfd, 0xa7, 0xff, 0xf8, 0x3, 0xff, 0xfc,
    0x4, 0x3f, 0xfb, 0x7f, 0xff, 0xc0, 0x7f, 0xff,
    0x82, 0x1f, 0xfd, 0xc7, 0xff, 0xf9, 0x88, 0x7f,
    0xf7, 0x7f, 0xff, 0x98, 0x1f, 0xfd, 0xe7, 0xff,
    0xf9, 0x48, 0x7f, 0xf7, 0xff, 0xff, 0x94, 0x1f,
    0xfe, 0x7, 0xff, 0xf9, 0x10, 0x7f, 0xf8, 0x7f,
    0xff, 0x90, 0x1f, 0xfe, 0x2b, 0xff, 0xf8, 0xd0,
    0x7f, 0xf8, 0xff, 0xff, 0x8c, 0x1f, 0xfe, 0x4b,
    0xff, 0xf8, 0x90, 0x7f, 0xf9, 0x7f, 0xff, 0x88,
    0x1f, 0xfe, 0x6b, 0xff, 0xf8, 0x50, 0x7f, 0xf9,
    0xff, 0xff, 0x84, 0x1f, 0xfe, 0x8b, 0xff, 0xf8,
    0x10, 0x7f, 0xfa, 0x7f, 0xff, 0x80, 0x1f, 0xfe,
    0xab, 0xff, 0xd0, 0x7f, 0xfa, 0xff, 0xfc, 0x87,
    0xff, 0x3c,

    /* U+0077 "w" */
    0x3f, 0xfe, 0x43, 0xff, 0x9b, 0x7f, 0xf0, 0x7f,
    0xf3, 0xbf, 0xfe, 0x8b, 0xff, 0xd0, 0x7f, 0xf3,
    0x7f, 0xfd, 0x7, 0xff, 0x37, 0xff, 0xe4, 0x7f,
    0xfe, 0xf, 0xfe, 0x63, 0xff, 0xf0, 0x7f, 0xf3,
    0x1f, 0xff, 0x82, 0xff, 0xf9, 0xf, 0xfe, 0x5f,
    0xff, 0xf0, 0x10, 0xff, 0xe5, 0xdf, 0xfe, 0x82,
    0xff, 0xfa, 0xf, 0xfe, 0x53, 0xff, 0xfc, 0x10,
    0xff, 0xe5, 0xff, 0xfc, 0x85, 0x7f, 0xfc, 0x1f,
    0xfc, 0xab, 0xff, 0xf8, 0x21, 0xff, 0xca, 0x7f,
    0xfe, 0xc, 0xff, 0xfc, 0x1f, 0xfc, 0xaf, 0xff,
    0xe1, 0x41, 0xff, 0xc9, 0xbf, 0xfe, 0xe, 0xff,
    0xf9, 0xf, 0xfe, 0x43, 0xff, 0xfc, 0x30, 0xff,
    0xe4, 0xff, 0xfd, 0x7, 0x7f, 0xfd, 0x7, 0xff,
    0x23, 0xff, 0xf8, 0x88, 0x7f, 0xf2, 0x3f, 0xfe,
    0x43, 0xaf, 0xff, 0x83, 0xff, 0x91, 0xff, 0xfc,
    0x50, 0xff, 0xe3, 0xbf, 0xff, 0x7, 0xdf, 0xff,
    0x21, 0xff, 0xc6, 0xbf, 0xff, 0x8a, 0x1f, 0xfc,
    0x7b, 0xff, 0xe0, 0xfb, 0xff, 0xe8, 0x3f, 0xf8,
    0xdf, 0xff, 0xc6, 0x83, 0xff, 0x8d, 0xff, 0xf4,
    0x1f, 0x5f, 0xff, 0x7, 0xff, 0x15, 0xff, 0xfe,
    0x38, 0x7f, 0xf1, 0x5f, 0xff, 0x83, 0xf3, 0xff,
    0xf0, 0x7f, 0xf1, 0x7f, 0xff, 0x90, 0x87, 0xff,
    0x12, 0xff, 0xf8, 0x3f, 0xbf, 0xfe, 0x43, 0xff,
    0x89, 0xff, 0xfc, 0x88, 0x3f, 0xf8, 0x9f, 0xff,
    0x41, 0xfd, 0xff, 0xf4, 0x1f, 0xfc, 0x3b, 0xff,
    0xf9, 0x21, 0xff, 0xc4, 0xff, 0xf9, 0xf, 0xeb,
    0xff, 0xe0, 0xff, 0xe1, 0xff, 0xff, 0x2a, 0xf,
    0xfe, 0x13, 0xff, 0xf0, 0x7f, 0x9f, 0xff, 0x83,
    0xff, 0x84, 0xff, 0xff, 0x2c, 0x3f, 0xf8, 0x57,
    0xff, 0xc1, 0xff, 0x7f, 0xfd, 0x7, 0xff, 0x7,
    0xff, 0xf9, 0x88, 0x7f, 0xf0, 0x7f, 0xfe, 0x83,
    0xfe, 0xff, 0xfe, 0x0, 0x7f, 0xf0, 0x7f, 0xff,
    0x80, 0xff, 0xfd, 0x7, 0xff, 0x1, 0xff, 0xf9,
    0xf, 0xf9, 0xff, 0xf8, 0x3f, 0xf8, 0x17, 0xff,
    0xd1, 0xff, 0xfc, 0x0, 0xff, 0xe0, 0x5f, 0xff,
    0x7, 0xff, 0x7, 0xff, 0xe4, 0x3f, 0xef, 0xff,
    0xe0, 0x2, 0xff, 0xf9, 0xf, 0xfb, 0xff, 0xf8,
    0x1, 0xff, 0xc1, 0xff, 0xfa, 0xf, 0xf3, 0xff,
    0xfc, 0x0, 0x3f, 0xff, 0xc0, 0xf, 0xfb, 0xff,
    0xe4, 0x3f, 0xf8, 0x37, 0xff, 0xc1, 0xfe, 0xbf,
    0xfe, 0x42, 0xff, 0xfe, 0x2, 0x1f, 0xcf, 0xff,
    0xc1, 0xff, 0xc2, 0x7f, 0xfe, 0xf, 0xf7, 0xff,
    0xf0, 0x3, 0x3f, 0xff, 0x41, 0xfd, 0x7f, 0xfc,
    0x1f, 0xfc, 0x3f, 0xff, 0xa0, 0xfd, 0x7f, 0xfd,
    0x7, 0x7f, 0xff, 0x0, 0x3f, 0xbf, 0xfe, 0x83,
    0xff, 0x87, 0xff, 0xfc, 0x0, 0xfd, 0xff, 0xfc,
    0x0, 0xf5, 0xff, 0xf2, 0x1f, 0xbf, 0xfe, 0x43,
    0xff, 0x87, 0x7f, 0xfc, 0x1f, 0x3f, 0xff, 0xc0,
    0xf, 0x3f, 0xff, 0xc0, 0xf, 0xaf, 0xff, 0x83,
    0xff, 0x88, 0xff, 0xfc, 0x87, 0xaf, 0xff, 0x90,
    0xfb, 0xff, 0xf8, 0x1, 0xf7, 0xff, 0xf0, 0x3,
    0xff, 0x8b, 0xff, 0xf4, 0x1e, 0xff, 0xfe, 0x0,
    0x7e, 0xbf, 0xfe, 0x83, 0xdf, 0xff, 0x41, 0xff,
    0xc5, 0xbf, 0xfe, 0xe, 0x7f, 0xfe, 0x83, 0xfb,
    0xff, 0xf8, 0x1, 0xcf, 0xff, 0xc8, 0x7f, 0xf1,
    0x5f, 0xff, 0x83, 0xbf, 0xff, 0x80, 0x1f, 0xef,
    0xff, 0xe0, 0x21, 0xaf, 0xff, 0x83, 0xff, 0x8f,
    0xff, 0xf2, 0x13, 0xff, 0xfc, 0x0, 0xff, 0x3f,
    0xff, 0xc0, 0xd, 0xff, 0xf4, 0x1f, 0xfc, 0x7f,
    0xff, 0xe0, 0x5, 0x7f, 0xfc, 0x87, 0xfd, 0xff,
    0xfc, 0x0, 0xdf, 0xff, 0x21, 0xff, 0xc7, 0xbf,
    0xfe, 0xb, 0xff, 0xf8, 0x1, 0xff, 0xc0, 0xbf,
    0xfe, 0x80, 0xff, 0xfc, 0x1f, 0xfc, 0x87, 0xff,
    0xe4, 0x7f, 0xfe, 0x83, 0xff, 0x83, 0xff, 0xfc,
    0x0, 0x7f, 0xff, 0x0, 0x3f, 0xf9, 0x3f, 0xff,
    0x47, 0xff, 0xf0, 0x3, 0xff, 0x85, 0xff, 0xfc,
    0x4, 0xff, 0xfa, 0xf, 0xfe, 0x4f, 0xff, 0xf0,
    0xf, 0xff, 0xe0, 0x7, 0xff, 0x9, 0xff, 0xfe,
    0x3, 0xff, 0xf2, 0x1f, 0xfc, 0x9b, 0xff, 0xf9,
    0x68, 0x7f, 0xf0, 0xff, 0xff, 0x98, 0x1f, 0xfc,
    0xbf, 0xff, 0xe5, 0x87, 0xff, 0x12, 0xff, 0xfe,
    0x58, 0x7f, 0xf2, 0xff, 0xff, 0x95, 0x7, 0xff,
    0x11, 0xff, 0xfe, 0x54, 0x1f, 0xfc, 0xbb, 0xff,
    0xf9, 0x21, 0xff, 0xc6, 0xff, 0xfe, 0x50, 0x7f,
    0xf3, 0x1f, 0xff, 0xe4, 0x87, 0xff, 0x1a, 0xff,
    0xfe, 0x48, 0x7f, 0xf3, 0x7f, 0xff, 0x90, 0x87,
    0xff, 0x1f, 0xff, 0xf9, 0x10, 0x7f, 0xf3, 0x7f,
    0xff, 0x90, 0x1f, 0xfc, 0x8f, 0xff, 0xe4, 0x21,
    0xff, 0xcd, 0xbf, 0xff, 0x8d, 0x7, 0xff, 0x21,
    0xff, 0xfe, 0x38, 0x7f, 0xf3, 0x9f, 0xff, 0xe3,
    0x7, 0xff, 0x2b, 0xff, 0xf8, 0xe1, 0xff, 0xcf,
    0xff, 0xfe, 0x30, 0x7f, 0xf2, 0xaf, 0xff, 0xe2,
    0xc1, 0xff, 0xcf, 0xff, 0xfe, 0x2a, 0x1f, 0xfc,
    0xbf, 0xff, 0xe2, 0xa1, 0xff, 0xcf, 0x7f, 0xff,
    0x88, 0x1f, 0xfc, 0xcf, 0xff, 0xe2, 0x87, 0xff,
    0x47, 0xff, 0xf8, 0x70, 0x7f, 0xf3, 0x1f, 0xff,
    0xe2, 0x7, 0xff, 0x47, 0xff, 0xf8, 0x61, 0xff,
    0xce, 0xff, 0xfe, 0x1a, 0x1f, 0xfd, 0x1b, 0xff,
    0xf8, 0x41, 0xff, 0xce, 0xbf, 0xff, 0x84, 0x1f,
    0xfd, 0x27, 0xff, 0xf8, 0x28, 0x7f, 0xf3, 0x9f,
    0xff, 0xe1, 0x7, 0xff, 0x4f, 0xff, 0xf8, 0x21,
    0xff, 0xd0, 0xff, 0xfe, 0xc, 0x1f, 0xfd, 0x3f,
    0xff, 0xe0, 0x41, 0xff, 0xd0, 0xbf, 0xff, 0x80,
    0x87, 0xff, 0x4e, 0xff, 0xf8, 0x3f, 0xfa, 0x5f,
    0xff, 0xc0, 0xf, 0xfe, 0x20,

    /* U+0078 "x" */
    0xd, 0xff, 0xfc, 0x30, 0xff, 0xe8, 0x3f, 0xff,
    0xc2, 0x43, 0xfb, 0xff, 0xf8, 0x50, 0x7f, 0xf3,
    0xff, 0xff, 0x85, 0x7, 0xf9, 0xff, 0xfe, 0x14,
    0x1f, 0xfc, 0xdf, 0xff, 0xe1, 0x41, 0xff, 0xc0,
    0x7f, 0xff, 0x84, 0x87, 0xff, 0x2f, 0xff, 0xf8,
    0x61, 0xff, 0xc2, 0xbf, 0xff, 0x84, 0x1f, 0xfc,
    0xab, 0xff, 0xf8, 0x41, 0xff, 0xc4, 0xbf, 0xff,
    0x84, 0x1f, 0xfc, 0x87, 0xff, 0xf8, 0x41, 0xff,
    0xc6, 0xff, 0xfe, 0x18, 0x7f, 0xf1, 0x9f, 0xff,
    0xe1, 0x21, 0xff, 0xc7, 0xff, 0xfe, 0x14, 0x1f,
    0xfc, 0x5f, 0xff, 0xe1, 0x41, 0xff, 0xc9, 0xff,
    0xfe, 0x14, 0x1f, 0xfc, 0x3f, 0xff, 0xe1, 0x41,
    0xff, 0xca, 0x7f, 0xff, 0x84, 0x87, 0xff, 0x7,
    0xff, 0xf8, 0x61, 0xff, 0xcc, 0x7f, 0xff, 0x84,
    0x1f, 0xfc, 0xb, 0xff, 0xf8, 0x41, 0xff, 0xce,
    0xbf, 0xff, 0x84, 0x1f, 0xe7, 0xff, 0xf8, 0x41,
    0xff, 0xd0, 0xbf, 0xff, 0x84, 0x1f, 0x9f, 0xff,
    0xe1, 0x21, 0xff, 0xd1, 0xff, 0xfe, 0x14, 0x1f,
    0x7f, 0xff, 0x9, 0xf, 0xfe, 0x9f, 0xff, 0xf0,
    0xa0, 0xef, 0xff, 0xe1, 0x41, 0xff, 0xd5, 0xff,
    0xfe, 0x12, 0x17, 0xff, 0xf0, 0xa0, 0xff, 0xeb,
    0x3f, 0xff, 0xc2, 0x5, 0xff, 0xfc, 0x20, 0xff,
    0xec, 0x3f, 0xff, 0xc2, 0xbf, 0xff, 0x84, 0x1f,
    0xfd, 0xab, 0xff, 0xf9, 0xe1, 0xff, 0xdc, 0xbf,
    0xff, 0x9a, 0x87, 0xff, 0x77, 0xff, 0xf9, 0x88,
    0x7f, 0xf7, 0xff, 0xff, 0x95, 0x7, 0xff, 0x87,
    0xff, 0xf9, 0x10, 0x7f, 0xf8, 0x9f, 0xff, 0xe3,
    0x87, 0xff, 0x91, 0xff, 0xfe, 0x28, 0x7f, 0xf9,
    0xaf, 0xff, 0xe1, 0x87, 0xff, 0xa3, 0xff, 0xf8,
    0x50, 0x7f, 0xf9, 0xff, 0xff, 0x88, 0x87, 0xff,
    0x96, 0xff, 0xfe, 0x28, 0x7f, 0xf9, 0x1f, 0xff,
    0xe3, 0x87, 0xff, 0x89, 0xff, 0xfe, 0x48, 0x7f,
    0xf8, 0x7f, 0xff, 0x95, 0x7, 0xff, 0x7f, 0xff,
    0xf9, 0x90, 0x7f, 0xf7, 0x6f, 0xff, 0xe6, 0xa1,
    0xff, 0xdb, 0xbf, 0xff, 0x9e, 0x87, 0xff, 0x65,
    0xff, 0xfe, 0x13, 0xff, 0xfc, 0x20, 0xff, 0xec,
    0xff, 0xff, 0x8, 0x17, 0xff, 0xf0, 0x83, 0xff,
    0xaf, 0xff, 0xfc, 0x20, 0xd7, 0xff, 0xf0, 0x60,
    0xff, 0xea, 0xff, 0xff, 0x9, 0xe, 0xff, 0xfe,
    0x14, 0x1f, 0xfd, 0x3b, 0xff, 0xf8, 0x30, 0x7d,
    0xff, 0xfc, 0x24, 0x3f, 0xfa, 0x37, 0xff, 0xf0,
    0x60, 0xfe, 0xff, 0xfe, 0x12, 0x1f, 0xfc, 0xf7,
    0xff, 0xf8, 0x41, 0xfe, 0x7f, 0xff, 0x84, 0x1f,
    0xfc, 0xff, 0xff, 0xe1, 0x7, 0xff, 0x2, 0xff,
    0xfe, 0x10, 0x7f, 0xf3, 0x7f, 0xff, 0x84, 0x87,
    0xff, 0x6, 0xff, 0xfe, 0x10, 0x7f, 0xf2, 0xff,
    0xff, 0x84, 0x87, 0xff, 0xf, 0xff, 0xf8, 0x50,
    0x7f, 0xf2, 0x6f, 0xff, 0xe0, 0xc1, 0xff, 0xc5,
    0xff, 0xfe, 0x12, 0x1f, 0xfc, 0x77, 0xff, 0xf8,
    0x41, 0xff, 0xc6, 0x7f, 0xff, 0x84, 0x87, 0xff,
    0x15, 0xff, 0xfe, 0x10, 0x7f, 0xf2, 0x1f, 0xff,
    0xe1, 0x7, 0xff, 0x17, 0xff, 0xf8, 0x41, 0xff,
    0xca, 0xbf, 0xff, 0x84, 0x1f, 0xfc, 0x3f, 0xff,
    0xe1, 0x21, 0xff, 0xcb, 0xff, 0xfe, 0x18, 0x7f,
    0xf0, 0x7f, 0xff, 0x85, 0x7, 0xff, 0x37, 0xff,
    0xf8, 0x50, 0x7f, 0xd7, 0xff, 0xf0, 0x60, 0xff,
    0xe7, 0xff, 0xff, 0xa, 0xf, 0xe7, 0xff, 0xf8,
    0x41, 0xff, 0xd0, 0x7f, 0xff, 0x84, 0x87, 0xcf,
    0xff, 0xf0, 0x83, 0xff, 0xa5, 0x7f, 0xff, 0x8,
    0x3e, 0xff, 0xfe, 0x10, 0x7f, 0xf5, 0x2f, 0xff,
    0xe1, 0x7, 0x7f, 0xff, 0x9, 0xf, 0xfe, 0xaf,
    0xff, 0xf0, 0xc2, 0xbf, 0xff, 0x83, 0x7, 0xff,
    0x5f, 0xff, 0xf8, 0x50,

    /* U+0079 "y" */
    0x2b, 0xfc, 0x87, 0xff, 0x3d, 0xaf, 0xf2, 0x7f,
    0xfc, 0x1f, 0xfc, 0xfb, 0xff, 0xe3, 0xff, 0xe0,
    0xff, 0xe7, 0xdf, 0xff, 0x1f, 0xff, 0x7, 0xff,
    0x3e, 0xff, 0xf8, 0xff, 0xf8, 0x3f, 0xf9, 0xf7,
    0xff, 0xc7, 0xff, 0xc1, 0xff, 0xcf, 0xbf, 0xfe,
    0x3f, 0xfe, 0xf, 0xfe, 0x7d, 0xff, 0xf1, 0xff,
    0xf0, 0x7f, 0xf3, 0xef, 0xff, 0x8f, 0xff, 0x83,
    0xff, 0x9f, 0x7f, 0xfc, 0x7f, 0xfc, 0x1f, 0xfc,
    0xfb, 0xff, 0xe3, 0xff, 0xe0, 0xff, 0xe7, 0xdf,
    0xff, 0x1f, 0xff, 0x7, 0xff, 0x3e, 0xff, 0xf8,
    0xff, 0xf8, 0x3f, 0xf9, 0xf7, 0xff, 0xc7, 0xff,
    0xc1, 0xff, 0xcf, 0xbf, 0xfe, 0x3f, 0xfe, 0xf,
    0xfe, 0x7d, 0xff, 0xf1, 0xff, 0xf0, 0x7f, 0xf3,
    0xef, 0xff, 0x8f, 0xff, 0x83, 0xff, 0x9f, 0x7f,
    0xfc, 0x7f, 0xfc, 0x1f, 0xfc, 0xfb, 0xff, 0xe3,
    0xff, 0xe0, 0xff, 0xe7, 0xdf, 0xff, 0x1f, 0xff,
    0x7, 0xff, 0x3e, 0xff, 0xf8, 0xff, 0xf8, 0x3f,
    0xf9, 0xf7, 0xff, 0xc7, 0xff, 0xc1, 0xff, 0xcf,
    0xbf, 0xfe, 0x3f, 0xfe, 0xf, 0xfe, 0x7d, 0xff,
    0xf1, 0xff, 0xf0, 0x7f, 0xf3, 0xef, 0xff, 0x8f,
    0xff, 0x83, 0xff, 0x9f, 0x7f, 0xfc, 0x7f, 0xfc,
    0x1f, 0xfc, 0xfb, 0xff, 0xe3, 0xff, 0xe0, 0xff,
    0xe7, 0xdf, 0xff, 0x1f, 0xff, 0x7, 0xff, 0x3e,
    0xff, 0xf8, 0xff, 0xf8, 0x3f, 0xf9, 0xf7, 0xff,
    0xc7, 0xff, 0xc1, 0xff, 0xcf, 0xbf, 0xfe, 0x3f,
    0xfe, 0xf, 0xfe, 0x7d, 0xff, 0xf1, 0xff, 0xf0,
    0x7f, 0xf3, 0xef, 0xff, 0x8f, 0xff, 0x83, 0xff,
    0x9f, 0x7f, 0xfc, 0x7f, 0xfc, 0x87, 0xff, 0x3a,
    0xff, 0xf8, 0xbf, 0xfd, 0x7, 0xff, 0x3a, 0xff,
    0xf8, 0x7f, 0xfe, 0xf, 0xfe, 0x75, 0xff, 0xf0,
    0xff, 0xfc, 0x87, 0xff, 0x36, 0xff, 0xf8, 0x1f,
    0xff, 0xc0, 0xf, 0xfe, 0x6d, 0xff, 0xf0, 0x2f,
    0xff, 0xa0, 0xff, 0xe6, 0x5f, 0xff, 0x1, 0xff,
    0xfe, 0x4, 0x1f, 0xfc, 0xbb, 0xff, 0xe0, 0xbf,
    0xff, 0x87, 0x28, 0x3f, 0xf8, 0xd7, 0xff, 0xc1,
    0x5f, 0xff, 0xe3, 0xd, 0xff, 0xfe, 0x30, 0xcf,
    0xff, 0xf8, 0x83, 0xaf, 0xff, 0xf0, 0x87, 0xbf,
    0xff, 0xc2, 0x1f, 0x7f, 0xff, 0x80, 0x3f, 0x7f,
    0xff, 0x7c, 0x3f, 0x9f, 0xff, 0xee, 0x87, 0xfd,
    0x7f, 0xff, 0x6c, 0x3f, 0xf8, 0x37, 0xff, 0xf6,
    0x43, 0xff, 0x89, 0x4f, 0xff, 0xea, 0x87, 0xff,
    0x25, 0x7f, 0xf8, 0xb7, 0xff, 0xf0, 0x3, 0xff,
    0xb5, 0x7f, 0xfd, 0x7, 0xff, 0x6a, 0xff, 0xfa,
    0xf, 0xfe, 0xd5, 0xff, 0xf4, 0x1f, 0xfd, 0xaf,
    0xff, 0xe0, 0x21, 0xff, 0xda, 0xff, 0xfe, 0x0,
    0x7f, 0xf6, 0xaf, 0xff, 0xe0, 0x7, 0xff, 0x6b,
    0xff, 0xf8, 0x21, 0xff, 0xd9, 0xff, 0xfe, 0xa,
    0x1f, 0xfd, 0x8f, 0xff, 0xe1, 0x7, 0xff, 0x59,
    0xbf, 0xff, 0x86, 0x19, 0x7f, 0xf9, 0x95, 0xbf,
    0xff, 0x8c, 0x86, 0xbf, 0xff, 0xc2, 0x1d, 0x7f,
    0xff, 0x81, 0xe, 0xbf, 0xff, 0xbf, 0x7, 0xaf,
    0xff, 0xef, 0x87, 0xd7, 0xff, 0xf7, 0x83, 0xf5,
    0xff, 0xfd, 0xd0, 0xfe, 0xbf, 0xff, 0xb7, 0x7,
    0xfa, 0xff, 0xfe, 0xd2, 0x1f, 0xf5, 0xff, 0xfd,
    0x84, 0x3f, 0xf8, 0x37, 0xff, 0xf5, 0x64, 0x3f,
    0xf8, 0x77, 0xff, 0xf3, 0xe8, 0xa0, 0xff, 0xe2,
    0x80,

    /* U+007A "z" */
    0x3f, 0xff, 0xce, 0xf, 0xff, 0xf3, 0x83, 0xff,
    0xfc, 0xe0, 0xff, 0xff, 0x38, 0x3f, 0xff, 0xce,
    0xf, 0xff, 0xf3, 0x83, 0xff, 0xfc, 0xe0, 0xff,
    0xff, 0x38, 0x3f, 0xff, 0xce, 0xf, 0xff, 0xf3,
    0x83, 0xff, 0xfc, 0xe1, 0xff, 0xd9, 0x7f, 0xff,
    0x86, 0x1f, 0xfd, 0x87, 0xff, 0xf8, 0x70, 0x7f,
    0xf5, 0xef, 0xff, 0xe1, 0xc1, 0xff, 0xd7, 0xbf,
    0xff, 0x87, 0x7, 0xff, 0x5e, 0xff, 0xfe, 0x1c,
    0x1f, 0xfd, 0x7b, 0xff, 0xf8, 0x70, 0x7f, 0xf5,
    0xef, 0xff, 0xe1, 0xa1, 0xff, 0xd7, 0xbf, 0xff,
    0x86, 0x87, 0xff, 0x5f, 0xff, 0xf8, 0x88, 0x7f,
    0xf5, 0xff, 0xff, 0x88, 0x87, 0xff, 0x5f, 0xff,
    0xf8, 0x88, 0x7f, 0xf5, 0xff, 0xff, 0x88, 0x1f,
    0xfd, 0x8f, 0xff, 0xe2, 0x7, 0xff, 0x63, 0xff,
    0xf8, 0x81, 0xff, 0xd8, 0xff, 0xfe, 0x20, 0x7f,
    0xf6, 0x3f, 0xff, 0x88, 0x1f, 0xfd, 0x77, 0xff,
    0xf8, 0x81, 0xff, 0xd7, 0x7f, 0xff, 0x87, 0x7,
    0xff, 0x5d, 0xff, 0xfe, 0x1c, 0x1f, 0xfd, 0x77,
    0xff, 0xf8, 0x70, 0x7f, 0xf5, 0xdf, 0xff, 0xe1,
    0xc1, 0xff, 0xd7, 0x7f, 0xff, 0x86, 0x87, 0xff,
    0x5e, 0xff, 0xfe, 0x1a, 0x1f, 0xfd, 0x7b, 0xff,
    0xf8, 0x68, 0x7f, 0xf5, 0xef, 0xff, 0xe1, 0xa1,
    0xff, 0xd7, 0xbf, 0xff, 0x86, 0x87, 0xff, 0x5e,
    0xff, 0xfe, 0x18, 0x7f, 0xf6, 0x2f, 0xff, 0xe1,
    0x87, 0xff, 0x63, 0xff, 0xf8, 0x81, 0xff, 0xd8,
    0xff, 0xfe, 0x20, 0x7f, 0xf6, 0x3f, 0xff, 0x88,
    0x1f, 0xfd, 0x8f, 0xff, 0xe2, 0x7, 0xff, 0x63,
    0xff, 0xf8, 0x70, 0x7f, 0xf6, 0x3f, 0xff, 0x87,
    0x7, 0xff, 0x63, 0xff, 0xf8, 0x8b, 0xff, 0xd7,
    0x7, 0xff, 0xf9, 0xd3, 0xff, 0xfc, 0xe9, 0xff,
    0xfe, 0x74, 0xff, 0xff, 0x3a, 0x7f, 0xff, 0x9d,
    0x3f, 0xff, 0xce, 0x9f, 0xff, 0xe7, 0x4f, 0xff,
    0xf3, 0xa7, 0xff, 0xf9, 0xd3, 0xff, 0xfc, 0xe9,
    0xff, 0xfe, 0x74,

    /* U+007B "{" */
    0xf, 0xfe, 0x5b, 0x4f, 0xfe, 0xf, 0xfe, 0x55,
    0xff, 0xfc, 0x10, 0xff, 0xe4, 0x3f, 0xff, 0xc3,
    0xf, 0xfe, 0x3d, 0xff, 0xfc, 0x40, 0xff, 0xe3,
    0x5f, 0xff, 0xc5, 0xf, 0xfe, 0x2d, 0xff, 0xfc,
    0x60, 0xff, 0xe2, 0xff, 0xff, 0x1c, 0x3f, 0xf8,
    0x97, 0xff, 0xf1, 0xc3, 0xff, 0x89, 0xff, 0xfc,
    0x80, 0xff, 0xe1, 0xdf, 0xff, 0xc1, 0x90, 0xff,
    0xe4, 0x7f, 0xff, 0x1, 0xf, 0xfe, 0x5f, 0xff,
    0xc1, 0xff, 0xcc, 0x7f, 0xfc, 0x1f, 0xfc, 0xd7,
    0xff, 0xa0, 0xff, 0xe6, 0xdf, 0xfc, 0x87, 0xff,
    0x36, 0xff, 0xe0, 0xff, 0xe7, 0x7f, 0xf8, 0x3f,
    0xf9, 0xdf, 0xfe, 0xf, 0xfe, 0x77, 0xff, 0x83,
    0xff, 0x9d, 0xff, 0xe0, 0xff, 0xe7, 0x7f, 0xf8,
    0x3f, 0xf9, 0xdf, 0xfd, 0x7, 0xff, 0x3b, 0xff,
    0xa0, 0xff, 0xe7, 0x7f, 0xf4, 0x1f, 0xfc, 0xef,
    0xfe, 0x83, 0xff, 0x9a, 0xff, 0xf4, 0x1f, 0xfc,
    0xd7, 0xff, 0xa0, 0xff, 0xe6, 0xbf, 0xfd, 0x7,
    0xff, 0x35, 0xff, 0xe8, 0x3f, 0xf9, 0xaf, 0xff,
    0x41, 0xff, 0xcd, 0x7f, 0xfa, 0xf, 0xfe, 0x6b,
    0xff, 0xd0, 0x7f, 0xf3, 0x5f, 0xfe, 0x83, 0xff,
    0x9a, 0xff, 0xf4, 0x1f, 0xfc, 0xd7, 0xff, 0xa0,
    0xff, 0xe6, 0xbf, 0xfd, 0x7, 0xff, 0x35, 0xff,
    0xe8, 0x3f, 0xf9, 0xaf, 0xff, 0x41, 0xff, 0xcd,
    0xbf, 0xf9, 0xf, 0xfe, 0x6d, 0xff, 0xc8, 0x7f,
    0xf3, 0x7f, 0xfc, 0x87, 0xff, 0x37, 0xff, 0xc1,
    0xff, 0xce, 0xff, 0xf0, 0x7f, 0xf3, 0x5f, 0xff,
    0x7, 0xff, 0x36, 0xff, 0xe8, 0x3f, 0xf9, 0xbf,
    0xfe, 0x43, 0xff, 0x98, 0xff, 0xf8, 0x3f, 0xf9,
    0xbf, 0xfe, 0x83, 0xff, 0x99, 0xff, 0xf0, 0x7f,
    0xf3, 0x3f, 0xfe, 0x83, 0xff, 0x94, 0xff, 0xff,
    0x0, 0x3f, 0xf9, 0xd, 0xff, 0xfc, 0x14, 0x3f,
    0xf8, 0xb7, 0xff, 0xf1, 0x10, 0xff, 0xe3, 0x5f,
    0xff, 0xc3, 0x43, 0xff, 0x8f, 0x7f, 0xff, 0x8,
    0x3f, 0xf9, 0x37, 0xff, 0xf0, 0x10, 0xff, 0xe5,
    0x5f, 0xfe, 0x83, 0xff, 0x99, 0x7f, 0xf8, 0x3f,
    0xf9, 0xb7, 0xff, 0xd2, 0x1f, 0xfc, 0xab, 0xff,
    0xf8, 0x30, 0x7f, 0xf2, 0x6f, 0xff, 0xe1, 0x87,
    0xff, 0x22, 0xff, 0xfe, 0x20, 0x7f, 0xf2, 0x9b,
    0xff, 0xf8, 0x21, 0xff, 0xcc, 0x7f, 0xfe, 0x83,
    0xff, 0x9b, 0xff, 0xf2, 0x1f, 0xfc, 0xdf, 0xff,
    0x83, 0xff, 0x9d, 0xff, 0xe4, 0x3f, 0xf9, 0xb7,
    0xff, 0x41, 0xff, 0xce, 0xff, 0xf0, 0x7f, 0xf3,
    0xaf, 0xfe, 0x43, 0xff, 0x9a, 0xff, 0xf4, 0x1f,
    0xfc, 0xef, 0xfe, 0x83, 0xff, 0x9d, 0xff, 0xe0,
    0xff, 0xe7, 0x7f, 0xf8, 0x3f, 0xf9, 0xd7, 0xff,
    0x7, 0xff, 0x3a, 0xff, 0xe4, 0x3f, 0xf9, 0xb7,
    0xff, 0x21, 0xff, 0xcd, 0x7f, 0xf9, 0xf, 0xfe,
    0x6b, 0xff, 0xd0, 0x7f, 0xf3, 0x5f, 0xfe, 0x83,
    0xff, 0x9a, 0xff, 0xf4, 0x1f, 0xfc, 0xd7, 0xff,
    0xa0, 0xff, 0xe6, 0xbf, 0xfd, 0x7, 0xff, 0x35,
    0xff, 0xe8, 0x3f, 0xf9, 0xaf, 0xff, 0x41, 0xff,
    0xcd, 0x7f, 0xfa, 0xf, 0xfe, 0x6b, 0xff, 0xd0,
    0x7f, 0xf3, 0x5f, 0xfe, 0x83, 0xff, 0x9a, 0xff,
    0xf8, 0x3f, 0xf9, 0xdf, 0xfe, 0xf, 0xfe, 0x77,
    0xff, 0x83, 0xff, 0x9d, 0xff, 0xe0, 0xff, 0xe7,
    0x7f, 0xf8, 0x3f, 0xf9, 0xdf, 0xfe, 0xf, 0xfe,
    0x77, 0xff, 0x83, 0xff, 0x9d, 0xff, 0xe0, 0xff,
    0xe7, 0x7f, 0xf8, 0x3f, 0xf9, 0xdf, 0xfe, 0xf,
    0xfe, 0x77, 0xff, 0x90, 0xff, 0xe6, 0xff, 0xf9,
    0xf, 0xfe, 0x6d, 0xff, 0xd0, 0x7f, 0xf3, 0x6f,
    0xff, 0x7, 0xff, 0x35, 0xff, 0xf4, 0x1f, 0xfc,
    0xdf, 0xff, 0x90, 0xff, 0xe6, 0x7f, 0xff, 0x2,
    0x43, 0xff, 0x95, 0x7f, 0xff, 0xe, 0xb8, 0x3f,
    0xf8, 0x9f, 0xff, 0xc8, 0xf, 0xfe, 0x25, 0xff,
    0xfc, 0x70, 0xff, 0xe2, 0xff, 0xff, 0x1c, 0x3f,
    0xf8, 0xdf, 0xff, 0xc6, 0xf, 0xfe, 0x33, 0xff,
    0xfc, 0x50, 0xff, 0xe4, 0x7f, 0xff, 0x10, 0x3f,
    0xf9, 0x37, 0xff, 0xf0, 0x83, 0xff, 0x97, 0x7f,
    0xff, 0x0, 0x3f, 0xf9, 0xad, 0x3f, 0xf0,

    /* U+007C "|" */
    0x3f, 0xf8, 0x1f, 0xfc, 0xf, 0xfe, 0x7, 0xff,
    0x3, 0xff, 0x81, 0xff, 0xc0, 0xff, 0xe0, 0x7f,
    0xf0, 0x3f, 0xf8, 0x1f, 0xfc, 0xf, 0xfe, 0x7,
    0xff, 0x3, 0xff, 0x81, 0xff, 0xc0, 0xff, 0xe0,
    0x7f, 0xf0, 0x3f, 0xf8, 0x1f, 0xfc, 0xf, 0xfe,
    0x7, 0xff, 0x3, 0xff, 0x81, 0xff, 0xc0, 0xff,
    0xe0, 0x7f, 0xf0, 0x3f, 0xf8, 0x1f, 0xfc, 0xf,
    0xfe, 0x7, 0xff, 0x3, 0xff, 0x81, 0xff, 0xc0,
    0xff, 0xe0, 0x7f, 0xf0, 0x3f, 0xf8, 0x1f, 0xfc,
    0xf, 0xfe, 0x7, 0xff, 0x3, 0xff, 0x81, 0xff,
    0xc0, 0xff, 0xe0, 0x7f, 0xf0, 0x3f, 0xf8, 0x1f,
    0xfc, 0xf, 0xfe, 0x7, 0xff, 0x3, 0xff, 0x81,
    0xff, 0xc0, 0xff, 0xe0, 0x7f, 0xf0, 0x3f, 0xf8,
    0x1f, 0xfc, 0xf, 0xfe, 0x7, 0xff, 0x3, 0xff,
    0x81, 0xff, 0xc0, 0xff, 0xe0, 0x7f, 0xf0, 0x3f,
    0xf8, 0x1f, 0xfc, 0xf, 0xfe, 0x7, 0xff, 0x3,
    0xff, 0x81, 0xff, 0xc0, 0xff, 0xe0, 0x7f, 0xf0,
    0x3f, 0xf8, 0x1f, 0xfc, 0xf, 0xfe, 0x7, 0xff,
    0x3, 0xff, 0x81, 0xff, 0xc0, 0xff, 0xe0, 0x7f,
    0xf0, 0x3f, 0xf8, 0x1f, 0xfc, 0xf, 0xfe, 0x7,
    0xff, 0x3, 0xff, 0x81, 0xff, 0xc0, 0xff, 0xe0,
    0x7f, 0xf0, 0x3f, 0xf8, 0x1f, 0xfc, 0xf, 0xfe,
    0x7, 0xff, 0x3, 0xff, 0x81, 0xff, 0xc0, 0xff,
    0xe0, 0x7f, 0xf0, 0x3f, 0xf8, 0x1f, 0xfc, 0xf,
    0xfe, 0x7, 0xff, 0x3, 0xff, 0x81, 0xff, 0xc0,
    0xff, 0xe0, 0x7f, 0xf0, 0x3f, 0xf8, 0x1f, 0xfc,
    0xf, 0xfe, 0x7, 0xff, 0x3, 0xff, 0x81, 0xff,
    0xc0, 0xff, 0xe0, 0x7f, 0xf0, 0x3f, 0xf8, 0x1f,
    0xfc, 0xf, 0xfe, 0x7, 0xff, 0x3, 0xff, 0x81,
    0xff, 0xc0, 0xff, 0xe0, 0x7f, 0xf0, 0x3f, 0xf8,
    0x1f, 0xfc, 0xf, 0xfe, 0x0,

    /* U+007D "}" */
    0xbf, 0xf4, 0xa0, 0xff, 0xe5, 0xdf, 0xff, 0xc0,
    0x83, 0xff, 0x93, 0x7f, 0xff, 0xa, 0xf, 0xfe,
    0x3d, 0xff, 0xfc, 0x40, 0xff, 0xe3, 0x5f, 0xff,
    0xc5, 0xf, 0xfe, 0x2d, 0xff, 0xfc, 0x60, 0xff,
    0xe2, 0x5f, 0xff, 0xc6, 0x43, 0xff, 0x87, 0x7f,
    0xff, 0x1c, 0x3f, 0xf8, 0x77, 0xff, 0xf1, 0xd0,
    0xff, 0xe3, 0xaa, 0xff, 0xfe, 0x8, 0x7f, 0xf2,
    0xdf, 0xff, 0x83, 0xff, 0x98, 0xff, 0xf9, 0xf,
    0xfe, 0x67, 0xff, 0xa0, 0xff, 0xe6, 0x3f, 0xfd,
    0x7, 0xff, 0x37, 0xff, 0xc1, 0xff, 0xcd, 0xff,
    0xf0, 0x7f, 0xf3, 0x6f, 0xfe, 0xf, 0xfe, 0x6d,
    0xff, 0xc1, 0xff, 0xcd, 0xbf, 0xf8, 0x3f, 0xf9,
    0xb7, 0xff, 0x7, 0xff, 0x36, 0xff, 0xe4, 0x3f,
    0xf9, 0x97, 0xff, 0x21, 0xff, 0xcc, 0xbf, 0xf9,
    0xf, 0xfe, 0x65, 0xff, 0xc8, 0x7f, 0xf3, 0x2f,
    0xfe, 0x43, 0xff, 0x99, 0x7f, 0xf2, 0x1f, 0xfc,
    0xcb, 0xff, 0x90, 0xff, 0xe6, 0x5f, 0xfd, 0x7,
    0xff, 0x32, 0xff, 0xe8, 0x3f, 0xf9, 0x97, 0xff,
    0x41, 0xff, 0xcc, 0xbf, 0xfa, 0xf, 0xfe, 0x65,
    0xff, 0xd0, 0x7f, 0xf3, 0x2f, 0xfe, 0x83, 0xff,
    0x99, 0x7f, 0xf4, 0x1f, 0xfc, 0xcb, 0xff, 0xc1,
    0xff, 0xcc, 0xbf, 0xfc, 0x1f, 0xfc, 0xc7, 0xff,
    0xc1, 0xff, 0xcc, 0x7f, 0xfc, 0x1f, 0xfc, 0xc7,
    0xff, 0xc1, 0xff, 0xcd, 0xff, 0xf0, 0x7f, 0xf3,
    0x7f, 0xfc, 0x87, 0xff, 0x33, 0xff, 0xc8, 0x7f,
    0xf3, 0x2f, 0xfe, 0x83, 0xff, 0x99, 0x7f, 0xf8,
    0x3f, 0xf9, 0x8f, 0xff, 0x83, 0xff, 0x9b, 0xff,
    0xe8, 0x3f, 0xf9, 0x97, 0xff, 0x83, 0xff, 0x98,
    0xff, 0xfa, 0xf, 0xfe, 0x67, 0xff, 0xc8, 0x7f,
    0xf3, 0x3f, 0xfe, 0x43, 0xff, 0x97, 0x7f, 0xfd,
    0x7, 0xff, 0x2e, 0xff, 0xfe, 0x4, 0x87, 0xff,
    0x27, 0xff, 0xf8, 0x90, 0x7f, 0xf1, 0xff, 0xff,
    0x87, 0x7, 0xff, 0x22, 0xff, 0xfe, 0xc, 0x1f,
    0xfc, 0x97, 0xff, 0xf8, 0x10, 0x7f, 0xf2, 0xef,
    0xff, 0x41, 0xff, 0xcc, 0xff, 0xf4, 0x1f, 0xfc,
    0xab, 0xff, 0xe8, 0x3f, 0xf9, 0x17, 0xff, 0xf0,
    0x60, 0xff, 0xe3, 0xff, 0xff, 0xe, 0xf, 0xfe,
    0x37, 0xff, 0xf1, 0x20, 0xff, 0xe2, 0xdf, 0xff,
    0xc1, 0x43, 0xff, 0x8f, 0x7f, 0xff, 0x0, 0x3f,
    0xf9, 0x5f, 0xff, 0x41, 0xff, 0xca, 0xbf, 0xfd,
    0x7, 0xff, 0x2f, 0xff, 0xd0, 0x7f, 0xf2, 0xef,
    0xff, 0x7, 0xff, 0x33, 0xff, 0xd0, 0x7f, 0xf3,
    0x3f, 0xfc, 0x1f, 0xfc, 0xcb, 0xff, 0xc1, 0xff,
    0xcc, 0xbf, 0xfa, 0xf, 0xfe, 0x67, 0xff, 0x90,
    0xff, 0xe6, 0x7f, 0xf9, 0xf, 0xfe, 0x5b, 0xff,
    0xe0, 0xff, 0xe6, 0x3f, 0xfe, 0xf, 0xfe, 0x63,
    0xff, 0xe0, 0xff, 0xe6, 0x3f, 0xfe, 0xf, 0xfe,
    0x65, 0xff, 0xe0, 0xff, 0xe6, 0x5f, 0xfe, 0xf,
    0xfe, 0x65, 0xff, 0xd0, 0x7f, 0xf3, 0x2f, 0xfe,
    0x83, 0xff, 0x99, 0x7f, 0xf4, 0x1f, 0xfc, 0xcb,
    0xff, 0xa0, 0xff, 0xe6, 0x5f, 0xfd, 0x7, 0xff,
    0x32, 0xff, 0xe8, 0x3f, 0xf9, 0x97, 0xff, 0x41,
    0xff, 0xcc, 0xbf, 0xf9, 0xf, 0xfe, 0x65, 0xff,
    0xc8, 0x7f, 0xf3, 0x2f, 0xfe, 0x43, 0xff, 0x99,
    0x7f, 0xf2, 0x1f, 0xfc, 0xcb, 0xff, 0x90, 0xff,
    0xe6, 0x5f, 0xfc, 0x87, 0xff, 0x32, 0xff, 0xe4,
    0x3f, 0xf9, 0x97, 0xff, 0x21, 0xff, 0xcc, 0xff,
    0xf2, 0x1f, 0xfc, 0xcf, 0xff, 0x21, 0xff, 0xcc,
    0xff, 0xf2, 0x1f, 0xfc, 0xcf, 0xff, 0x21, 0xff,
    0xcc, 0xff, 0xf0, 0x7f, 0xf3, 0x1f, 0xff, 0x7,
    0xff, 0x32, 0xff, 0xf0, 0x7f, 0xf3, 0x3f, 0xfd,
    0x7, 0xff, 0x2f, 0xff, 0xe4, 0x3f, 0xf9, 0x2f,
    0xff, 0xf0, 0x3, 0xff, 0x84, 0xd7, 0x7f, 0xff,
    0xa, 0xf, 0xfe, 0x15, 0xff, 0xfc, 0x70, 0xff,
    0xe1, 0xdf, 0xff, 0xc6, 0x83, 0xff, 0x87, 0x7f,
    0xff, 0x18, 0x3f, 0xf8, 0x97, 0xff, 0xf1, 0x50,
    0xff, 0xe2, 0x5f, 0xff, 0xc4, 0x43, 0xff, 0x8b,
    0x7f, 0xff, 0xd, 0xf, 0xfe, 0x35, 0xff, 0xfc,
    0x18, 0x3f, 0xf9, 0x17, 0xff, 0xc8, 0x7f, 0xf2,
    0xaf, 0xfa, 0x43, 0xff, 0x9a,

    /* U+007E "~" */
    0xf, 0xff, 0xeb, 0x4f, 0xfa, 0x50, 0x7f, 0xf6,
    0x60, 0xfc, 0xff, 0xff, 0x16, 0x43, 0xff, 0xa9,
    0xe0, 0xf3, 0xff, 0xfc, 0xa8, 0x3f, 0xfa, 0xf,
    0xc1, 0x9f, 0xff, 0xe7, 0xa1, 0xff, 0xcc, 0xbf,
    0x5, 0x7f, 0xff, 0x4a, 0xf, 0xfe, 0x43, 0xfe,
    0x5, 0xff, 0xfd, 0x59, 0xf, 0xfe, 0x25, 0xff,
    0x17, 0xff, 0xf6, 0x64, 0x3f, 0xcd, 0xff, 0xc7,
    0xff, 0xf7, 0xaa, 0x69, 0xff, 0xfc, 0x13, 0xff,
    0xfe, 0x27, 0xff, 0xfc, 0x4f, 0xff, 0xf8, 0x9f,
    0xff, 0x28, 0x39, 0xbf, 0xff, 0xba, 0x7f, 0xe4,
    0x3f, 0xf8, 0x2f, 0xff, 0xf6, 0x63, 0xfd, 0x7,
    0xff, 0x15, 0xbf, 0xff, 0xaa, 0x83, 0xf8, 0x3f,
    0xf9, 0x57, 0xff, 0xf4, 0x83, 0x7d, 0x7, 0xff,
    0x35, 0xff, 0xfe, 0x74, 0x1d, 0xe4, 0x3f, 0xfa,
    0xd, 0xff, 0xfc, 0x98, 0x3e, 0xd0, 0xff, 0xea,
    0x3f, 0xff, 0xc5, 0x83, 0xf9, 0xf, 0xfe, 0xc2,
    0xaf, 0xfd, 0x21, 0xff, 0x0
};


/*---------------------
 *  GLYPH DESCRIPTION
 *--------------------*/

static const lv_font_fmt_txt_glyph_dsc_t glyph_dsc[] = {
    {.bitmap_index = 0, .adv_w = 0, .box_w = 0, .box_h = 0, .ofs_x = 0, .ofs_y = 0} /* id = 0 reserved */,
    {.bitmap_index = 0, .adv_w = 541, .box_w = 0, .box_h = 0, .ofs_x = 0, .ofs_y = 0},
    {.bitmap_index = 0, .adv_w = 648, .box_w = 14, .box_h = 83, .ofs_x = 13, .ofs_y = -7},
    {.bitmap_index = 226, .adv_w = 580, .box_w = 28, .box_h = 26, .ofs_x = 4, .ofs_y = 52},
    {.bitmap_index = 361, .adv_w = 1334, .box_w = 63, .box_h = 80, .ofs_x = 10, .ofs_y = -4},
    {.bitmap_index = 987, .adv_w = 1334, .box_w = 71, .box_h = 97, .ofs_x = 6, .ofs_y = -13},
    {.bitmap_index = 1687, .adv_w = 1487, .box_w = 87, .box_h = 86, .ofs_x = 3, .ofs_y = -7},
    {.bitmap_index = 2670, .adv_w = 1319, .box_w = 74, .box_h = 81, .ofs_x = 7, .ofs_y = -5},
    {.bitmap_index = 3462, .adv_w = 328, .box_w = 13, .box_h = 26, .ofs_x = 4, .ofs_y = 52},
    {.bitmap_index = 3526, .adv_w = 503, .box_w = 27, .box_h = 101, .ofs_x = 3, .ofs_y = -15},
    {.bitmap_index = 3976, .adv_w = 503, .box_w = 27, .box_h = 101, .ofs_x = 3, .ofs_y = -15},
    {.bitmap_index = 4428, .adv_w = 991, .box_w = 56, .box_h = 54, .ofs_x = 3, .ofs_y = 24},
    {.bitmap_index = 4817, .adv_w = 1022, .box_w = 58, .box_h = 57, .ofs_x = 3, .ofs_y = -5},
    {.bitmap_index = 5065, .adv_w = 663, .box_w = 17, .box_h = 31, .ofs_x = 11, .ofs_y = -23},
    {.bitmap_index = 5171, .adv_w = 648, .box_w = 32, .box_h = 11, .ofs_x = 4, .ofs_y = 19},
    {.bitmap_index = 5205, .adv_w = 663, .box_w = 15, .box_h = 15, .ofs_x = 13, .ofs_y = -7},
    {.bitmap_index = 5254, .adv_w = 541, .box_w = 33, .box_h = 103, .ofs_x = 0, .ofs_y = -16},
    {.bitmap_index = 5711, .adv_w = 1334, .box_w = 78, .box_h = 85, .ofs_x = 3, .ofs_y = -7},
    {.bitmap_index = 6406, .adv_w = 1334, .box_w = 13, .box_h = 81, .ofs_x = 35, .ofs_y = -5},
    {.bitmap_index = 6589, .adv_w = 1334, .box_w = 68, .box_h = 81, .ofs_x = 8, .ofs_y = -5},
    {.bitmap_index = 6979, .adv_w = 1334, .box_w = 66, .box_h = 81, .ofs_x = 9, .ofs_y = -5},
    {.bitmap_index = 7382, .adv_w = 1334, .box_w = 80, .box_h = 81, .ofs_x = 2, .ofs_y = -5},
    {.bitmap_index = 7977, .adv_w = 1334, .box_w = 69, .box_h = 81, .ofs_x = 7, .ofs_y = -5},
    {.bitmap_index = 8371, .adv_w = 1334, .box_w = 73, .box_h = 83, .ofs_x = 5, .ofs_y = -7},
    {.bitmap_index = 8925, .adv_w = 1334, .box_w = 71, .box_h = 81, .ofs_x = 6, .ofs_y = -5},
    {.bitmap_index = 9344, .adv_w = 1334, .box_w = 77, .box_h = 85, .ofs_x = 3, .ofs_y = -7},
    {.bitmap_index = 10007, .adv_w = 1334, .box_w = 73, .box_h = 83, .ofs_x = 5, .ofs_y = -5},
    {.bitmap_index = 10546, .adv_w = 663, .box_w = 15, .box_h = 46, .ofs_x = 13, .ofs_y = -7},
    {.bitmap_index = 10654, .adv_w = 663, .box_w = 17, .box_h = 62, .ofs_x = 11, .ofs_y = -23},
    {.bitmap_index = 10826, .adv_w = 1022, .box_w = 44, .box_h = 57, .ofs_x = 10, .ofs_y = -5},
    {.bitmap_index = 11122, .adv_w = 1022, .box_w = 58, .box_h = 31, .ofs_x = 3, .ofs_y = 9},
    {.bitmap_index = 11209, .adv_w = 1022, .box_w = 44, .box_h = 57, .ofs_x = 10, .ofs_y = -5},
    {.bitmap_index = 11506, .adv_w = 793, .box_w = 43, .box_h = 83, .ofs_x = 3, .ofs_y = -7},
    {.bitmap_index = 11914, .adv_w = 1395, .box_w = 81, .box_h = 85, .ofs_x = 3, .ofs_y = -7},
    {.bitmap_index = 12908, .adv_w = 1502, .box_w = 88, .box_h = 81, .ofs_x = 3, .ofs_y = -5},
    {.bitmap_index = 13623, .adv_w = 1273, .box_w = 73, .box_h = 81, .ofs_x = 3, .ofs_y = -5},
    {.bitmap_index = 14144, .adv_w = 1197, .box_w = 69, .box_h = 81, .ofs_x = 3, .ofs_y = -5},
    {.bitmap_index = 14563, .adv_w = 1312, .box_w = 75, .box_h = 81, .ofs_x = 3, .ofs_y = -5},
    {.bitmap_index = 15127, .adv_w = 1113, .box_w = 63, .box_h = 81, .ofs_x = 3, .ofs_y = -5},
    {.bitmap_index = 15493, .adv_w = 1113, .box_w = 63, .box_h = 81, .ofs_x = 3, .ofs_y = -5},
    {.bitmap_index = 15850, .adv_w = 1235, .box_w = 71, .box_h = 81, .ofs_x = 3, .ofs_y = -5},
    {.bitmap_index = 16393, .adv_w = 1289, .box_w = 71, .box_h = 81, .ofs_x = 6, .ofs_y = -5},
    {.bitmap_index = 16900, .adv_w = 534, .box_w = 13, .box_h = 81, .ofs_x = 10, .ofs_y = -5},
    {.bitmap_index = 17083, .adv_w = 907, .box_w = 51, .box_h = 81, .ofs_x = 0, .ofs_y = -5},
    {.bitmap_index = 17456, .adv_w = 1190, .box_w = 68, .box_h = 81, .ofs_x = 3, .ofs_y = -5},
    {.bitmap_index = 18191, .adv_w = 1098, .box_w = 62, .box_h = 81, .ofs_x = 3, .ofs_y = -5},
    {.bitmap_index = 18582, .adv_w = 1502, .box_w = 88, .box_h = 81, .ofs_x = 3, .ofs_y = -5},
    {.bitmap_index = 19635, .adv_w = 1182, .box_w = 68, .box_h = 81, .ofs_x = 3, .ofs_y = -5},
    {.bitmap_index = 20400, .adv_w = 1342, .box_w = 78, .box_h = 85, .ofs_x = 3, .ofs_y = -7},
    {.bitmap_index = 21098, .adv_w = 1144, .box_w = 65, .box_h = 81, .ofs_x = 3, .ofs_y = -5},
    {.bitmap_index = 21568, .adv_w = 1342, .box_w = 78, .box_h = 85, .ofs_x = 3, .ofs_y = -7},
    {.bitmap_index = 22264, .adv_w = 1228, .box_w = 70, .box_h = 81, .ofs_x = 3, .ofs_y = -5},
    {.bitmap_index = 22863, .adv_w = 1243, .box_w = 71, .box_h = 81, .ofs_x = 3, .ofs_y = -5},
    {.bitmap_index = 23285, .adv_w = 1281, .box_w = 74, .box_h = 81, .ofs_x = 3, .ofs_y = -5},
    {.bitmap_index = 23657, .adv_w = 1212, .box_w = 69, .box_h = 83, .ofs_x = 3, .ofs_y = -7},
    {.bitmap_index = 24232, .adv_w = 1434, .box_w = 83, .box_h = 81, .ofs_x = 3, .ofs_y = -5},
    {.bitmap_index = 24982, .adv_w = 1761, .box_w = 103, .box_h = 81, .ofs_x = 3, .ofs_y = -5},
    {.bitmap_index = 26147, .adv_w = 1411, .box_w = 82, .box_h = 81, .ofs_x = 3, .ofs_y = -5},
    {.bitmap_index = 26900, .adv_w = 1380, .box_w = 80, .box_h = 81, .ofs_x = 3, .ofs_y = -5},
    {.bitmap_index = 27496, .adv_w = 1228, .box_w = 70, .box_h = 81, .ofs_x = 3, .ofs_y = -5},
    {.bitmap_index = 27888, .adv_w = 610, .box_w = 30, .box_h = 101, .ofs_x = 4, .ofs_y = -15},
    {.bitmap_index = 28316, .adv_w = 541, .box_w = 33, .box_h = 103, .ofs_x = 0, .ofs_y = -16},
    {.bitmap_index = 28773, .adv_w = 610, .box_w = 30, .box_h = 101, .ofs_x = 4, .ofs_y = -15},
    {.bitmap_index = 29211, .adv_w = 915, .box_w = 52, .box_h = 48, .ofs_x = 2, .ofs_y = 41},
    {.bitmap_index = 29553, .adv_w = 1083, .box_w = 72, .box_h = 8, .ofs_x = -2, .ofs_y = -24},
    {.bitmap_index = 29579, .adv_w = 648, .box_w = 23, .box_h = 17, .ofs_x = 5, .ofs_y = 71},
    {.bitmap_index = 29653, .adv_w = 976, .box_w = 56, .box_h = 58, .ofs_x = 2, .ofs_y = -5},
    {.bitmap_index = 29961, .adv_w = 984, .box_w = 57, .box_h = 81, .ofs_x = 2, .ofs_y = -5},
    {.bitmap_index = 30443, .adv_w = 946, .box_w = 54, .box_h = 57, .ofs_x = 2, .ofs_y = -5},
    {.bitmap_index = 30726, .adv_w = 984, .box_w = 57, .box_h = 81, .ofs_x = 2, .ofs_y = -5},
    {.bitmap_index = 31217, .adv_w = 968, .box_w = 56, .box_h = 60, .ofs_x = 2, .ofs_y = -5},
    {.bitmap_index = 31565, .adv_w = 839, .box_w = 48, .box_h = 81, .ofs_x = 2, .ofs_y = -5},
    {.bitmap_index = 31938, .adv_w = 976, .box_w = 56, .box_h = 75, .ofs_x = 2, .ofs_y = -22},
    {.bitmap_index = 32403, .adv_w = 885, .box_w = 50, .box_h = 81, .ofs_x = 2, .ofs_y = -5},
    {.bitmap_index = 32862, .adv_w = 534, .box_w = 13, .box_h = 80, .ofs_x = 10, .ofs_y = -4},
    {.bitmap_index = 33022, .adv_w = 610, .box_w = 34, .box_h = 98, .ofs_x = 0, .ofs_y = -22},
    {.bitmap_index = 33430, .adv_w = 984, .box_w = 57, .box_h = 81, .ofs_x = 2, .ofs_y = -5},
    {.bitmap_index = 34009, .adv_w = 282, .box_w = 12, .box_h = 81, .ofs_x = 2, .ofs_y = -5},
    {.bitmap_index = 34171, .adv_w = 1373, .box_w = 81, .box_h = 57, .ofs_x = 2, .ofs_y = -5},
    {.bitmap_index = 34753, .adv_w = 923, .box_w = 53, .box_h = 57, .ofs_x = 2, .ofs_y = -5},
    {.bitmap_index = 35122, .adv_w = 1083, .box_w = 63, .box_h = 62, .ofs_x = 2, .ofs_y = -7},
    {.bitmap_index = 35597, .adv_w = 968, .box_w = 56, .box_h = 77, .ofs_x = 2, .ofs_y = -25},
    {.bitmap_index = 36062, .adv_w = 968, .box_w = 56, .box_h = 77, .ofs_x = 2, .ofs_y = -25},
    {.bitmap_index = 36536, .adv_w = 709, .box_w = 39, .box_h = 57, .ofs_x = 2, .ofs_y = -5},
    {.bitmap_index = 36823, .adv_w = 953, .box_w = 55, .box_h = 57, .ofs_x = 2, .ofs_y = -5},
    {.bitmap_index = 37106, .adv_w = 808, .box_w = 46, .box_h = 81, .ofs_x = 2, .ofs_y = -5},
    {.bitmap_index = 37488, .adv_w = 946, .box_w = 54, .box_h = 57, .ofs_x = 2, .ofs_y = -5},
    {.bitmap_index = 37847, .adv_w = 1129, .box_w = 66, .box_h = 57, .ofs_x = 2, .ofs_y = -5},
    {.bitmap_index = 38345, .adv_w = 1456, .box_w = 86, .box_h = 57, .ofs_x = 2, .ofs_y = -5},
    {.bitmap_index = 39102, .adv_w = 1144, .box_w = 67, .box_h = 57, .ofs_x = 2, .ofs_y = -5},
    {.bitmap_index = 39602, .adv_w = 900, .box_w = 51, .box_h = 75, .ofs_x = 2, .ofs_y = -22},
    {.bitmap_index = 40051, .adv_w = 923, .box_w = 53, .box_h = 57, .ofs_x = 2, .ofs_y = -5},
    {.bitmap_index = 40318, .adv_w = 648, .box_w = 36, .box_h = 115, .ofs_x = 3, .ofs_y = -26},
    {.bitmap_index = 40869, .adv_w = 503, .box_w = 11, .box_h = 115, .ofs_x = 10, .ofs_y = -26},
    {.bitmap_index = 41114, .adv_w = 648, .box_w = 35, .box_h = 115, .ofs_x = 2, .ofs_y = -26},
    {.bitmap_index = 41671, .adv_w = 1136, .box_w = 62, .box_h = 20, .ofs_x = 4, .ofs_y = 33}
};

/*---------------------
 *  CHARACTER MAPPING
 *--------------------*/



/*Collect the unicode lists and glyph_id offsets*/
static const lv_font_fmt_txt_cmap_t cmaps[] =
{
    {
        .range_start = 32, .range_length = 95, .glyph_id_start = 1,
        .unicode_list = NULL, .glyph_id_ofs_list = NULL, .list_length = 0, .type = LV_FONT_FMT_TXT_CMAP_FORMAT0_TINY
    }
};



/*--------------------
 *  ALL CUSTOM DATA
 *--------------------*/

#if LVGL_VERSION_MAJOR == 8
/*Store all the custom data of the font*/
static  lv_font_fmt_txt_glyph_cache_t cache;
#endif

#if LVGL_VERSION_MAJOR >= 8
static const lv_font_fmt_txt_dsc_t font_dsc = {
#else
static lv_font_fmt_txt_dsc_t font_dsc = {
#endif
    .glyph_bitmap = glyph_bitmap,
    .glyph_dsc = glyph_dsc,
    .cmaps = cmaps,
    .kern_dsc = NULL,
    .kern_scale = 0,
    .cmap_num = 1,
    .bpp = 2,
    .kern_classes = 0,
    .bitmap_format = 2,
#if LVGL_VERSION_MAJOR == 8
    .cache = &cache
#endif
};



/*-----------------
 *  PUBLIC FONT
 *----------------*/

/*Initialize a public general font descriptor*/
#if LVGL_VERSION_MAJOR >= 8
const lv_font_t ui_font_BAIDU_122 = {
#else
lv_font_t ui_font_BAIDU_122 = {
#endif
    .get_glyph_dsc = lv_font_get_glyph_dsc_fmt_txt,    /*Function pointer to get glyph's data*/
    .get_glyph_bitmap = lv_font_get_bitmap_fmt_txt,    /*Function pointer to get glyph's bitmap*/
    .line_height = 115,          /*The maximum line height required by the font*/
    .base_line = 26,             /*Baseline measured from the bottom of the line*/
#if !(LVGL_VERSION_MAJOR == 6 && LVGL_VERSION_MINOR == 0)
    .subpx = LV_FONT_SUBPX_NONE,
#endif
#if LV_VERSION_CHECK(7, 4, 0) || LVGL_VERSION_MAJOR >= 8
    .underline_position = -24,
    .underline_thickness = 6,
#endif
    .dsc = &font_dsc,          /*The custom font data. Will be accessed by `get_glyph_bitmap/dsc` */
#if LV_VERSION_CHECK(8, 2, 0) || LVGL_VERSION_MAJOR >= 9
    .fallback = NULL,
#endif
    .user_data = NULL,
};



#endif /*#if UI_FONT_BAIDU_122*/

