/*******************************************************************************
 * Size: 80 px
 * Bpp: 2
 * Opts: --bpp 2 --size 80 --font H:/2025/lvgl_squareline/SquareLine Studio/watch_demo_modify/assets/img/clk07/fonts/HYZiYanKaTongJ.ttf -o H:/2025/lvgl_squareline/SquareLine Studio/watch_demo_modify/assets/img/clk07/fonts\ui_font_HY_80.c --format lvgl -r 0x20-0x7f --no-prefilter
 ******************************************************************************/

#include "../ui.h"

#ifndef UI_FONT_HY_80
#define UI_FONT_HY_80 1
#endif

#if UI_FONT_HY_80

/*-----------------
 *    BITMAPS
 *----------------*/

/*Store the image of the glyphs*/
static LV_ATTRIBUTE_LARGE_CONST const uint8_t glyph_bitmap[] = {
    /* U+0020 " " */

    /* U+0021 "!" */
    0xe, 0x6f, 0xc8, 0x7f, 0xbf, 0xf9, 0xf, 0xbf,
    0xfe, 0x43, 0xbf, 0xff, 0x82, 0x84, 0xff, 0xff,
    0x8, 0x2b, 0xff, 0xf8, 0x41, 0x5f, 0xff, 0xc2,
    0x41, 0x7f, 0xff, 0x9, 0x5, 0xff, 0xfc, 0x24,
    0x1f, 0xff, 0xc3, 0x41, 0x7f, 0xff, 0x9, 0x5,
    0xff, 0xfc, 0x24, 0x17, 0xff, 0xf0, 0x90, 0x5f,
    0xff, 0xc2, 0xa, 0xff, 0xfe, 0x10, 0x57, 0xff,
    0xf0, 0x82, 0xbf, 0xff, 0x84, 0x13, 0xff, 0xfc,
    0x20, 0x9f, 0xff, 0xe1, 0x4, 0xff, 0xff, 0x8,
    0x37, 0xff, 0xf0, 0x60, 0xdf, 0xff, 0xc1, 0x83,
    0x7f, 0xff, 0x6, 0xd, 0xff, 0xfc, 0x14, 0x37,
    0xff, 0xf0, 0x50, 0xd7, 0xff, 0xf0, 0x3, 0x9f,
    0xff, 0xe0, 0x7, 0x3f, 0xff, 0xc0, 0xf, 0x7f,
    0xfd, 0x7, 0xbf, 0xfe, 0x83, 0xdf, 0xff, 0x21,
    0xeb, 0xff, 0xc1, 0xf3, 0xff, 0xe0, 0xfd, 0xff,
    0xe0, 0xfd, 0xff, 0xd0, 0x7e, 0xbf, 0xf2, 0x1f,
    0x9f, 0xfc, 0x1f, 0xef, 0xfc, 0x1f, 0xeb, 0xfc,
    0x87, 0xfd, 0xfe, 0xf, 0xfe, 0xf, 0xe0, 0xff,
    0xe1, 0xa1, 0xff, 0xf8, 0x6f, 0xd0, 0x7f, 0xbf,
    0xfa, 0xf, 0x3f, 0xff, 0xc0, 0xe, 0xff, 0xfe,
    0x10, 0x57, 0xff, 0xf0, 0x90, 0x7f, 0xff, 0x10,
    0xbf, 0xff, 0x88, 0x5f, 0xff, 0xc4, 0x7f, 0xff,
    0x8a, 0xdf, 0xff, 0xc4, 0x6f, 0xff, 0xe2, 0x2b,
    0xff, 0xf8, 0x80, 0xff, 0xfe, 0x1c, 0x7, 0xff,
    0xf8, 0x41, 0x9f, 0xff, 0xe0, 0x7, 0x9f, 0xff,
    0x7, 0xf5, 0xfe, 0x43, 0xff, 0x96,

    /* U+0022 "\"" */
    0x9, 0x41, 0xfe, 0x50, 0x67, 0xf2, 0x1f, 0x7e,
    0x41, 0xfe, 0xf, 0x7f, 0x81, 0xfe, 0xf, 0x7f,
    0x81, 0xfe, 0x43, 0xbf, 0xc9, 0xfe, 0xf, 0x7f,
    0x93, 0xfc, 0x1e, 0xff, 0x27, 0xf8, 0x3d, 0xfe,
    0x4f, 0xf0, 0x7b, 0xfc, 0xf, 0xf0, 0x7b, 0xfc,
    0xf, 0xf0, 0x7b, 0xfc, 0xf, 0xf0, 0x7a, 0xfe,
    0x5, 0xfc, 0x1e, 0xbf, 0x81, 0x7e, 0x83, 0xcf,
    0xe8, 0xf, 0xe8, 0x3c, 0xfe, 0x82, 0xfc, 0x87,
    0xdf, 0x90, 0xbf, 0x7, 0xef, 0xc8, 0x5f, 0x83,
    0xf7, 0xe0, 0xd7, 0xc1, 0xfa, 0xf8, 0x35, 0xe8,
    0x3f, 0x5f, 0x6, 0x7d, 0x7, 0xe7, 0xd0, 0x75,
    0x3, 0xfd, 0x61, 0x0,

    /* U+0023 "#" */
    0xf, 0xfe, 0xbb, 0xe8, 0x3f, 0xf9, 0x77, 0xc8,
    0x7f, 0xf0, 0x9f, 0xd0, 0x7f, 0xf2, 0xbf, 0x83,
    0xff, 0x85, 0x7f, 0x7, 0xff, 0x25, 0xfe, 0xf,
    0xfe, 0x17, 0xf4, 0x1f, 0xfc, 0x97, 0xf8, 0x3f,
    0xf8, 0x5f, 0xc8, 0x7f, 0xf2, 0x5f, 0xe0, 0xff,
    0xe1, 0x7f, 0x7, 0xff, 0x2a, 0xfe, 0xf, 0xfe,
    0xb, 0xfc, 0x1f, 0xfc, 0xab, 0xf8, 0x3f, 0xf8,
    0x37, 0xe8, 0x3f, 0xf9, 0x5f, 0xd0, 0x7f, 0xf0,
    0x7f, 0xa0, 0xff, 0xe5, 0x7f, 0x41, 0xff, 0xc1,
    0xfe, 0x43, 0xff, 0x95, 0xfc, 0x87, 0xff, 0x7,
    0xf9, 0xf, 0xfe, 0x57, 0xf2, 0x2d, 0x5d, 0xff,
    0xfc, 0x9, 0xf, 0xfe, 0x37, 0xff, 0xf4, 0x60,
    0xff, 0x95, 0x7f, 0xff, 0x56, 0xf, 0xaf, 0xff,
    0xed, 0xa1, 0x9f, 0xff, 0xef, 0x4, 0xff, 0xff,
    0x7d, 0x7, 0xff, 0xf8, 0x22, 0xff, 0xff, 0x4,
    0x7f, 0xff, 0x86, 0x3f, 0xff, 0xc3, 0x1f, 0xff,
    0xe1, 0x4f, 0xff, 0xf0, 0x83, 0xff, 0xfc, 0x8,
    0x2f, 0xff, 0xef, 0x86, 0xff, 0xfe, 0xf0, 0x75,
    0xff, 0xfd, 0xb4, 0x3e, 0xbf, 0xff, 0xa9, 0x45,
    0x7, 0xfc, 0xff, 0xff, 0x2e, 0x9f, 0xd0, 0x7f,
    0xf1, 0x55, 0x5b, 0xfa, 0x50, 0x7f, 0xbf, 0x90,
    0xff, 0xe5, 0x3f, 0xc1, 0xff, 0xc1, 0xfe, 0x43,
    0xff, 0x95, 0x7f, 0x7, 0xff, 0x1, 0xfe, 0xf,
    0xfe, 0x5d, 0xfc, 0x1f, 0xfc, 0x7, 0xf8, 0x3f,
    0xf9, 0x7f, 0xe0, 0xff, 0xe0, 0x5f, 0xc1, 0xff,
    0xcb, 0xfe, 0x83, 0xff, 0x81, 0x7f, 0x7, 0xff,
    0x2f, 0xfa, 0xf, 0xfe, 0x5, 0xfc, 0x1f, 0xfc,
    0xa7, 0xf9, 0xf, 0xfe, 0x7, 0xf4, 0x1f, 0xfc,
    0xa7, 0xf8, 0x3f, 0xf8, 0x3f, 0xd0, 0x7f, 0xf2,
    0xaf, 0xe0, 0xff, 0xe0, 0xff, 0x41, 0xff, 0xca,
    0xff, 0x7, 0xff, 0x7, 0xf9, 0xf, 0xfe, 0x57,
    0xf8, 0x3f, 0xf8, 0x3f, 0xc8, 0x7f, 0xf2, 0xbf,
    0xa0, 0xff, 0xe0, 0xff, 0x21, 0xff, 0xc9, 0x7f,
    0x90, 0xfe, 0x5a, 0xff, 0xfe, 0x12, 0x1f, 0xfc,
    0x7, 0xfa, 0x55, 0x3f, 0xff, 0x98, 0x87, 0xca,
    0xa7, 0xff, 0xf5, 0xe0, 0x9f, 0xff, 0xef, 0x20,
    0x7f, 0xff, 0xbc, 0x85, 0x7f, 0xff, 0x16, 0x8b,
    0x7, 0x5f, 0xc1, 0xff, 0xc1, 0xbf, 0xff, 0x82,
    0x87, 0xff, 0x6, 0xfd, 0x7, 0xff, 0xb, 0xf4,
    0xab, 0xf8, 0x3f, 0xf8, 0x5f, 0xd0, 0x7f, 0xf2,
    0x7f, 0xc1, 0xff, 0xc2, 0xfe, 0x83, 0xff, 0x93,
    0xfd, 0x7, 0xff, 0xb, 0xfa, 0xf, 0xfe, 0x43,
    0xfc, 0x87, 0xff, 0xb, 0xf9, 0xf, 0xfe, 0x43,
    0xfc, 0x1f, 0xfc, 0x3f, 0xe4, 0x3f, 0xf9, 0x17,
    0xf0, 0x7f, 0xf0, 0xff, 0x90, 0xff, 0xe4, 0x7f,
    0x41, 0xff, 0xc3, 0xfe, 0x43, 0xff, 0x91, 0xfc,
    0x87, 0xff, 0xf, 0xf8, 0x3f, 0xf9, 0xf, 0xf0,
    0x7f, 0xf1, 0x3f, 0x83, 0xff, 0x93, 0xfc, 0x1f,
    0xfc, 0x4f, 0xe0, 0xff, 0xe4, 0xbe, 0x83, 0xff,
    0x8b, 0x7e, 0xf, 0xfe, 0xfb, 0x40, 0xff, 0xe1,
    0x80,

    /* U+0024 "$" */
    0xf, 0xff, 0xab, 0xf2, 0x1f, 0xfd, 0xbf, 0xe0,
    0xff, 0xed, 0x3f, 0xc1, 0xff, 0xda, 0x7f, 0x83,
    0xff, 0xb4, 0xff, 0x7, 0xff, 0x6a, 0xfe, 0xf,
    0xfe, 0xd5, 0xfa, 0xf, 0xfe, 0xcb, 0xfe, 0x58,
    0x3f, 0xfa, 0x2d, 0xff, 0xfc, 0x48, 0x3f, 0xf9,
    0x77, 0xff, 0xf2, 0xa0, 0xff, 0xe3, 0x5f, 0xff,
    0xce, 0x83, 0xff, 0x84, 0xff, 0xff, 0x48, 0x3f,
    0xf8, 0x17, 0xff, 0xf5, 0x10, 0xfe, 0xbf, 0xff,
    0xac, 0x1f, 0xaf, 0xff, 0xeb, 0xc1, 0xe7, 0xff,
    0xfb, 0x21, 0xef, 0xff, 0xed, 0x41, 0xaf, 0xff,
    0xed, 0x86, 0xff, 0xfe, 0xe0, 0x57, 0xff, 0xf7,
    0x10, 0x7f, 0xff, 0x75, 0x1f, 0xff, 0xee, 0xa5,
    0xff, 0xfd, 0xd0, 0x7f, 0xff, 0x78, 0x1f, 0xff,
    0xdd, 0x81, 0xff, 0xfc, 0x4a, 0x7f, 0xff, 0x2c,
    0xf, 0xff, 0xd0, 0x7b, 0xfa, 0x9f, 0xff, 0xc3,
    0x40, 0xff, 0xf4, 0x1f, 0xbf, 0x90, 0xbf, 0xff,
    0x81, 0x4, 0xff, 0xe4, 0x3f, 0xbf, 0x90, 0xcf,
    0xff, 0x41, 0x9f, 0xfc, 0x1f, 0xef, 0xe4, 0x3c,
    0xff, 0x41, 0xe7, 0xfe, 0x43, 0xfd, 0xfc, 0x1f,
    0xfc, 0x9f, 0xf8, 0x3f, 0xef, 0xe0, 0xff, 0xe4,
    0xff, 0xc1, 0xff, 0x7f, 0x7, 0xff, 0x27, 0xfe,
    0xf, 0xfb, 0xf8, 0x3f, 0xf9, 0x37, 0xf9, 0xf,
    0xf7, 0xf0, 0x7f, 0xf2, 0x6f, 0xf4, 0x1f, 0xef,
    0xe0, 0xff, 0xe5, 0x7f, 0xc1, 0xfe, 0xfe, 0xf,
    0xfe, 0x57, 0xfe, 0xf, 0xef, 0xe0, 0xff, 0xe5,
    0x3f, 0xf8, 0x3f, 0x7f, 0x7, 0xff, 0x2f, 0xff,
    0xa0, 0xf7, 0xf0, 0x7f, 0xf3, 0x3f, 0xfe, 0x91,
    0xfe, 0xf, 0xfe, 0x6f, 0xff, 0xf1, 0xd4, 0x1f,
    0xfc, 0xcf, 0xff, 0xe5, 0xd1, 0xf, 0xfe, 0x3b,
    0xff, 0xfc, 0xe8, 0x3f, 0xf8, 0xcf, 0xff, 0xf3,
    0xa0, 0xff, 0xe3, 0xb7, 0xff, 0xf3, 0x20, 0xff,
    0xe5, 0x37, 0xff, 0xf2, 0x43, 0xff, 0x94, 0xff,
    0xa, 0xbf, 0xff, 0x82, 0x1f, 0xfc, 0x97, 0xf8,
    0x3e, 0xbf, 0xfa, 0xf, 0xfe, 0x43, 0xfc, 0x1f,
    0xcf, 0xfe, 0xf, 0xfe, 0x43, 0xfc, 0x1f, 0xf5,
    0xfe, 0x43, 0xff, 0x8e, 0xff, 0x7, 0xff, 0x3,
    0xfe, 0xf, 0xfe, 0x3b, 0xfc, 0x1f, 0xfc, 0x1f,
    0xf0, 0x7f, 0xf1, 0xdf, 0xe0, 0xff, 0xe0, 0xff,
    0x83, 0xff, 0x8e, 0xff, 0x7, 0xff, 0x6, 0xfe,
    0xc, 0xb0, 0x7f, 0xf0, 0x1f, 0xe0, 0xff, 0xe0,
    0xdf, 0xc1, 0x7e, 0x83, 0xfe, 0x7f, 0x83, 0xff,
    0x83, 0xfe, 0xb, 0xfc, 0x87, 0xf3, 0xfc, 0x1f,
    0xfc, 0x1f, 0xf0, 0x5f, 0xf4, 0x1f, 0x9f, 0xe0,
    0xff, 0xe0, 0x5f, 0xd0, 0x5f, 0xfc, 0x87, 0x9f,
    0xe0, 0xff, 0xaf, 0xf2, 0x1b, 0xff, 0xd0, 0x67,
    0xf8, 0x3f, 0xd7, 0xfc, 0x1e, 0xff, 0xfe, 0x4,
    0x3f, 0xc1, 0xf9, 0xff, 0xc8, 0x7d, 0x7f, 0xff,
    0x18, 0x25, 0x5f, 0xfe, 0x83, 0xfd, 0x7f, 0xff,
    0x4e, 0xf, 0xfe, 0x3, 0x7f, 0xff, 0x41, 0xf,
    0xfe, 0x25, 0xff, 0xfc, 0xc8, 0x3f, 0xf9, 0x2d,
    0xff, 0xfc, 0x68, 0x3f, 0xf9, 0xf7, 0xff, 0xd2,
    0x1f, 0xfd, 0x27, 0xf8, 0x3f, 0xfb, 0x4f, 0xf0,
    0x7f, 0xf6, 0x9f, 0xe0, 0xff, 0xed, 0x3f, 0xc1,
    0xff, 0xdb, 0xfe, 0xf, 0xfe, 0xdf, 0xf0, 0x7f,
    0xf6, 0xff, 0x83, 0xff, 0xb6, 0xfc, 0x1f, 0xfc,
    0x90,

    /* U+0025 "%" */
    0xf, 0xff, 0x5d, 0xc1, 0xff, 0xcf, 0x6f, 0xd2,
    0x1f, 0xfd, 0x5f, 0xc1, 0xff, 0xcc, 0x6f, 0xfe,
    0x83, 0xff, 0xa7, 0x7e, 0xf, 0xfe, 0x5d, 0xff,
    0xfc, 0x10, 0xff, 0xe8, 0xbf, 0xa0, 0xff, 0xe4,
    0xbf, 0xff, 0xc3, 0x83, 0xff, 0xa1, 0xfc, 0x1f,
    0xfc, 0x9b, 0xff, 0xf8, 0xc8, 0x7f, 0xf3, 0x7f,
    0x83, 0xff, 0x93, 0x7f, 0xff, 0x22, 0xf, 0xfe,
    0x5b, 0xf9, 0xf, 0xfe, 0x45, 0xff, 0xfc, 0xb0,
    0xff, 0xe5, 0x7e, 0x83, 0xff, 0x90, 0xff, 0xff,
    0x34, 0x3f, 0xf9, 0x1f, 0xc1, 0xff, 0xc9, 0xff,
    0xfe, 0x78, 0x7f, 0xf1, 0xaf, 0xc1, 0xff, 0xc9,
    0xff, 0xfe, 0x82, 0x1f, 0xfc, 0x47, 0xf2, 0x1f,
    0xfc, 0x9f, 0xff, 0xe4, 0x45, 0xfe, 0xf, 0xfe,
    0x27, 0xf0, 0x7f, 0xf2, 0x6f, 0xff, 0xe3, 0xa1,
    0x7f, 0x90, 0xff, 0xe1, 0x5f, 0x83, 0xff, 0x95,
    0xff, 0xfc, 0x58, 0x3e, 0xff, 0x7, 0xff, 0x5,
    0xfc, 0x87, 0xff, 0x25, 0xff, 0xfe, 0x1a, 0x1f,
    0xd7, 0xf0, 0x7f, 0xf0, 0x7f, 0x41, 0xff, 0xca,
    0xbf, 0xff, 0x83, 0x7, 0xff, 0x3, 0xf9, 0xf,
    0xfb, 0xf8, 0x3f, 0xf9, 0x77, 0xff, 0xf0, 0x20,
    0xff, 0xe0, 0xff, 0x41, 0xfe, 0x7f, 0x21, 0xff,
    0xcb, 0xbf, 0xfe, 0x83, 0xff, 0x85, 0x7e, 0x83,
    0xfd, 0xfa, 0xf, 0xfe, 0x65, 0xff, 0xf0, 0x7f,
    0xf0, 0xef, 0xd0, 0x7f, 0x7f, 0x7, 0xff, 0x36,
    0xff, 0xf0, 0x7f, 0xf1, 0x3f, 0xa0, 0xfc, 0xfe,
    0x43, 0xff, 0x9b, 0x7f, 0xf8, 0x3f, 0xf8, 0x9f,
    0xc8, 0x7e, 0xfd, 0x7, 0xff, 0x39, 0xff, 0xe8,
    0x3f, 0xf8, 0x6f, 0xf0, 0x7e, 0xfe, 0xf, 0xfe,
    0x87, 0xff, 0x41, 0xff, 0xc3, 0xff, 0x7, 0xcf,
    0xe4, 0x3f, 0xfa, 0x17, 0xfe, 0x83, 0xff, 0x85,
    0xfe, 0x83, 0xef, 0xd0, 0x7f, 0xf4, 0xbf, 0xf8,
    0x3f, 0xf8, 0x37, 0xf8, 0x3e, 0xfe, 0xf, 0xfe,
    0x9b, 0xff, 0xa0, 0xff, 0xbf, 0xe8, 0x3c, 0xfe,
    0x43, 0xff, 0xa9, 0x7f, 0xf2, 0x1e, 0x7f, 0xf4,
    0x1f, 0x7e, 0x83, 0xff, 0xad, 0x7f, 0xff, 0x30,
    0x3e, 0xbf, 0x7, 0xff, 0x61, 0xff, 0xfe, 0x4c,
    0x1f, 0x3f, 0x90, 0xff, 0xed, 0x5f, 0xff, 0xc6,
    0x43, 0xf7, 0xf0, 0x7f, 0xf0, 0x97, 0x7, 0xff,
    0x2e, 0xff, 0xfe, 0x12, 0x1f, 0xd7, 0xe0, 0xff,
    0xe0, 0x5f, 0xf4, 0x1f, 0xfc, 0xb6, 0x9f, 0xe9,
    0xf, 0xf9, 0xfc, 0x87, 0xf3, 0xff, 0xfc, 0x0,
    0xff, 0xf0, 0x7f, 0x7, 0xf7, 0xff, 0xf0, 0xc3,
    0xff, 0xbd, 0x7e, 0xf, 0xcf, 0xff, 0xf1, 0x20,
    0xff, 0xee, 0xfe, 0x83, 0xeb, 0xff, 0xf8, 0xe8,
    0x7f, 0xf6, 0xbf, 0x83, 0xe7, 0xff, 0xf9, 0x30,
    0x7f, 0xf6, 0x2f, 0xc8, 0x79, 0xff, 0xfe, 0x60,
    0x7f, 0xf5, 0xff, 0x41, 0xf7, 0xff, 0xf3, 0x83,
    0xff, 0xab, 0x7e, 0xf, 0xaf, 0xff, 0xe7, 0x41,
    0xff, 0xd3, 0x7f, 0x21, 0xe7, 0xff, 0xfa, 0x1,
    0xff, 0xd3, 0xfe, 0xf, 0xaf, 0xff, 0xe4, 0x2,
    0xfe, 0x83, 0xff, 0xa3, 0x7e, 0x43, 0xef, 0xff,
    0xe3, 0xa1, 0xbf, 0xc1, 0xff, 0xd1, 0xfd, 0x7,
    0xcf, 0xff, 0xf1, 0x20, 0xf9, 0xfe, 0x83, 0xff,
    0x9f, 0xfc, 0x1f, 0xaf, 0xff, 0xe1, 0x21, 0xfe,
    0xff, 0x7, 0xff, 0x39, 0xfc, 0x87, 0xef, 0xff,
    0xe1, 0x7, 0xff, 0x1, 0xfe, 0xf, 0xfe, 0x77,
    0xf0, 0x7f, 0x7f, 0xff, 0x4, 0x3f, 0xf8, 0x5f,
    0xc1, 0xff, 0xcd, 0xbf, 0x7, 0xfb, 0xff, 0xf8,
    0x1, 0xff, 0xc3, 0xfe, 0xf, 0xfe, 0x63, 0xfa,
    0xf, 0xf7, 0xff, 0xc8, 0x7f, 0xf0, 0xff, 0x90,
    0xff, 0xe5, 0xff, 0x7, 0xfd, 0xff, 0xf0, 0x7f,
    0xf1, 0x3f, 0x83, 0xff, 0x96, 0xfe, 0x43, 0xfe,
    0xff, 0xf2, 0x1f, 0xfc, 0x37, 0xf8, 0x3f, 0xf9,
    0x7f, 0xc1, 0xff, 0xc0, 0xbf, 0xf8, 0x3f, 0xf8,
    0x9f, 0xe0, 0xff, 0xe5, 0x5f, 0x83, 0xff, 0x82,
    0xff, 0xf0, 0x7f, 0xf0, 0xdf, 0xe8, 0x3f, 0xf9,
    0x5f, 0xa0, 0xff, 0xe1, 0x7f, 0xf2, 0x1f, 0xfc,
    0x2f, 0xf0, 0x7f, 0xf2, 0xbf, 0x83, 0xff, 0x86,
    0xff, 0xe8, 0x3f, 0xf8, 0x3f, 0xe8, 0x3f, 0xf9,
    0x2f, 0xe4, 0x3f, 0xf8, 0x97, 0xfe, 0x43, 0xfc,
    0xff, 0xc1, 0xff, 0xca, 0xfe, 0xf, 0xfe, 0x37,
    0xff, 0x48, 0x7a, 0xff, 0xc8, 0x7f, 0xf2, 0x6f,
    0xc8, 0x7f, 0xf1, 0xff, 0xff, 0x99, 0x7, 0xff,
    0x2b, 0xf4, 0x1f, 0xfc, 0x9b, 0xff, 0xf9, 0x28,
    0x7f, 0xf2, 0x9f, 0xc1, 0xff, 0xcb, 0x7f, 0xff,
    0x8e, 0x1f, 0xfc, 0xcb, 0xe4, 0x3f, 0xf9, 0xaf,
    0xff, 0xf0, 0xd0, 0xff, 0xe7, 0x7a, 0xf, 0xfe,
    0x8b, 0x7f, 0xd2, 0x1f, 0xf0,

    /* U+0026 "&" */
    0xf, 0xfe, 0x43, 0x4f, 0xd2, 0xc1, 0xff, 0xe0,
    0xbf, 0xff, 0x85, 0x7, 0xff, 0x6e, 0xff, 0xfe,
    0x34, 0x1f, 0xfd, 0x8f, 0xff, 0xe5, 0x7, 0xff,
    0x5b, 0xff, 0xf9, 0x81, 0xff, 0xd4, 0xbf, 0xff,
    0x9a, 0x1f, 0xfd, 0x3f, 0xff, 0xe7, 0x41, 0xff,
    0xd1, 0x7f, 0xff, 0x9e, 0x1f, 0xfd, 0x17, 0xff,
    0xf9, 0xf0, 0x7f, 0xf4, 0x1f, 0xff, 0xe8, 0x7,
    0xff, 0x41, 0xff, 0xfe, 0x80, 0x7f, 0xf4, 0x1f,
    0xff, 0xe8, 0x7, 0xff, 0x47, 0xff, 0xfa, 0x8,
    0x7f, 0xf4, 0x1f, 0xff, 0xe7, 0xa1, 0xff, 0xcb,
    0x68, 0x15, 0xff, 0xfc, 0xe4, 0x3f, 0xf9, 0x4f,
    0xe0, 0xaf, 0xff, 0xe6, 0x87, 0xff, 0x2e, 0xfe,
    0xd, 0x7f, 0xff, 0x2c, 0x3f, 0xf9, 0x77, 0xf2,
    0x1f, 0xfc, 0x4b, 0xff, 0xc1, 0xff, 0xcb, 0x7f,
    0xc1, 0xff, 0xc5, 0xbf, 0xf4, 0x1f, 0xfc, 0xcf,
    0xf2, 0x1f, 0xfc, 0x47, 0xff, 0x7, 0xff, 0x35,
    0xff, 0x7, 0xff, 0x11, 0xff, 0xa0, 0xff, 0xe7,
    0x7f, 0xa0, 0xff, 0xe1, 0xff, 0xe0, 0xff, 0xe7,
    0xbf, 0xe0, 0xff, 0xe0, 0xbf, 0xf9, 0xf, 0xfe,
    0x87, 0xfa, 0xf, 0xf3, 0xff, 0xc8, 0x7f, 0xf4,
    0x5f, 0xf0, 0x7e, 0xbf, 0xfa, 0xf, 0xfe, 0xa5,
    0xfe, 0xc, 0xdf, 0xfe, 0x43, 0xff, 0xad, 0xfe,
    0x47, 0xff, 0xe8, 0x3f, 0xfb, 0x17, 0xff, 0xf1,
    0x60, 0xff, 0xed, 0xff, 0xff, 0xe, 0xf, 0xfe,
    0xeb, 0xff, 0xfc, 0x8, 0x3f, 0xfb, 0xcf, 0xff,
    0xd0, 0x7f, 0xf7, 0xef, 0xff, 0x90, 0xff, 0xef,
    0x3f, 0xff, 0xc0, 0xf, 0xfe, 0xfd, 0xff, 0xfc,
    0x20, 0xff, 0xe4, 0x3f, 0x7, 0xff, 0x16, 0xff,
    0xfe, 0x1c, 0x1f, 0xfc, 0x7f, 0xd0, 0x7f, 0xf0,
    0xef, 0xff, 0xe2, 0x87, 0xff, 0x1a, 0xfd, 0x7,
    0xff, 0xa, 0xff, 0xf9, 0xff, 0x83, 0xff, 0x8b,
    0xfc, 0x87, 0xff, 0x6, 0xff, 0xf9, 0x2f, 0xf4,
    0x1f, 0xfc, 0x37, 0xf8, 0x3f, 0xf8, 0x2f, 0xff,
    0xd0, 0x5f, 0xf2, 0x1f, 0xfc, 0x2b, 0xf8, 0x3f,
    0xf8, 0x3f, 0xff, 0xc0, 0xc, 0xff, 0xc1, 0xff,
    0xc2, 0xfe, 0x83, 0xff, 0x80, 0xff, 0xfd, 0x7,
    0x5f, 0xf0, 0x7f, 0xf0, 0x2f, 0xe0, 0xff, 0xe0,
    0xff, 0xff, 0x1, 0xf, 0x7f, 0xd0, 0x7f, 0xdf,
    0xd0, 0x7f, 0xf0, 0x1f, 0xff, 0xe0, 0x7, 0xcf,
    0xfc, 0x87, 0xf5, 0xfc, 0x87, 0xff, 0x2, 0xff,
    0xfe, 0x0, 0x7e, 0xbf, 0xe0, 0xfe, 0xff, 0x7,
    0xff, 0x7, 0xff, 0xf8, 0x10, 0x7f, 0x7f, 0xe0,
    0xfb, 0xfc, 0x87, 0xff, 0x7, 0xff, 0xf8, 0x10,
    0x7f, 0xbf, 0xe8, 0x39, 0xff, 0x7, 0xff, 0xb,
    0xff, 0xf8, 0x10, 0x7f, 0x9f, 0xfa, 0xd, 0xfe,
    0x43, 0xff, 0x85, 0xff, 0xfc, 0x8, 0x3f, 0xeb,
    0xfe, 0x81, 0xfe, 0x83, 0xff, 0x87, 0xff, 0xfc,
    0x10, 0xff, 0xe0, 0x7f, 0xeb, 0xfe, 0xf, 0xfe,
    0x27, 0xff, 0xf0, 0x43, 0xff, 0x83, 0xff, 0xfc,
    0x24, 0x3f, 0xf8, 0x9f, 0xff, 0xc1, 0x83, 0xff,
    0x83, 0xff, 0xfc, 0x8, 0x3f, 0xef, 0x82, 0xff,
    0xfe, 0x10, 0x7f, 0xf0, 0x5f, 0xff, 0x83, 0xfe,
    0xfe, 0x5, 0xff, 0xfc, 0x20, 0xff, 0xe0, 0xdf,
    0xfc, 0x1f, 0xf7, 0xf9, 0x1f, 0xff, 0xe1, 0x87,
    0xf9, 0xff, 0xfa, 0xf, 0xcf, 0xfc, 0x17, 0xff,
    0xf1, 0x25, 0xa, 0xbf, 0xff, 0x88, 0x87, 0x5f,
    0xf8, 0x27, 0xff, 0xfb, 0x94, 0xff, 0xf0, 0x75,
    0xff, 0xfe, 0x64, 0x3c, 0xff, 0xff, 0x3e, 0x7,
    0xff, 0xf1, 0x90, 0xfe, 0xff, 0xfe, 0x64, 0x1d,
    0x7f, 0xff, 0xc, 0x3f, 0xf8, 0x37, 0xff, 0xf1,
    0xa4, 0x3f, 0xaf, 0xff, 0x90, 0xff, 0xe2, 0xb7,
    0xff, 0x51, 0xf, 0xfe, 0x1b, 0x7e, 0xa0, 0x7f,
    0x0,

    /* U+0027 "'" */
    0x9, 0x41, 0x9f, 0xc8, 0x3f, 0xc0, 0xff, 0x3,
    0xfc, 0x9f, 0xe0, 0x7f, 0x81, 0xfe, 0x7, 0xf8,
    0x1f, 0xe0, 0x7f, 0x81, 0xfe, 0x5, 0xfc, 0xb,
    0xf4, 0x7, 0xf4, 0x17, 0xe4, 0x2f, 0xc1, 0xbf,
    0x6, 0xbe, 0xd, 0x7a, 0xc, 0xfa, 0xe, 0xa0,
    0x40,

    /* U+0028 "(" */
    0xf, 0xfe, 0x15, 0xfa, 0xf, 0xfe, 0x15, 0xff,
    0x83, 0xff, 0x81, 0xff, 0xe8, 0x3f, 0xdf, 0xff,
    0x41, 0xfd, 0xff, 0xfc, 0x8, 0x3f, 0x7f, 0xff,
    0x6, 0xf, 0xaf, 0xff, 0xe0, 0xa1, 0xe7, 0xff,
    0xf8, 0x41, 0xf7, 0xff, 0xf0, 0x90, 0xf5, 0xff,
    0xfc, 0x20, 0xfb, 0xff, 0xf8, 0x48, 0x7a, 0xff,
    0xfe, 0xc, 0x1f, 0x7f, 0xff, 0x8, 0x3e, 0x7f,
    0xff, 0x83, 0x7, 0xd7, 0xff, 0xf0, 0x43, 0xf7,
    0xff, 0xf0, 0x60, 0xf9, 0xff, 0xfe, 0x8, 0x7e,
    0xbf, 0xff, 0x81, 0x7, 0xef, 0xff, 0xe0, 0x87,
    0xf7, 0xff, 0xf0, 0x20, 0xfc, 0xff, 0xff, 0x0,
    0x3f, 0xaf, 0xff, 0xe0, 0x7, 0xf7, 0xff, 0xf0,
    0x10, 0xfe, 0xff, 0xfe, 0x0, 0x7f, 0xbf, 0xfe,
    0x83, 0xf9, 0xff, 0xf9, 0xf, 0xe7, 0xff, 0xe0,
    0xff, 0x5f, 0xff, 0x7, 0xfa, 0xff, 0xf4, 0x1f,
    0xeb, 0xff, 0xc8, 0x7f, 0xaf, 0xff, 0x7, 0xfd,
    0x7f, 0xf8, 0x3f, 0xef, 0xff, 0x83, 0xfe, 0xff,
    0xf4, 0x1f, 0xf5, 0xff, 0xd0, 0x7f, 0xd7, 0xff,
    0x21, 0xff, 0x5f, 0xfc, 0x87, 0xfd, 0x7f, 0xf0,
    0x7f, 0xf0, 0x2f, 0xfe, 0xf, 0xfe, 0x3, 0xff,
    0xc1, 0xff, 0xc0, 0x7f, 0xf8, 0x3f, 0xf8, 0x3f,
    0xfc, 0x1f, 0xfc, 0x1f, 0xfe, 0xf, 0xfe, 0xf,
    0xff, 0x7, 0xff, 0x7, 0xff, 0x83, 0xff, 0x83,
    0x7f, 0xe4, 0x3f, 0xf8, 0xf, 0xfe, 0x43, 0xff,
    0x83, 0xff, 0xa0, 0xff, 0xe0, 0xff, 0xe8, 0x3f,
    0xf8, 0x37, 0xfe, 0xf, 0xfe, 0xb, 0xff, 0x83,
    0xff, 0x85, 0xff, 0x90, 0xff, 0xe0, 0xdf, 0xf4,
    0x1f, 0xfc, 0x17, 0xff, 0x7, 0xff, 0xb, 0xff,
    0x7, 0xff, 0x9, 0xff, 0xa0, 0xff, 0xe1, 0x7f,
    0xe0, 0xff, 0xe1, 0x3f, 0xf2, 0x1f, 0xfc, 0x2f,
    0xfc, 0x1f, 0xfc, 0x27, 0xfe, 0xf, 0xfe, 0x1f,
    0xfd, 0x7, 0xff, 0x9, 0xff, 0x90, 0xff, 0xe1,
    0x5f, 0xf0, 0x7f, 0xf0, 0xff, 0xe4, 0x3f, 0xf8,
    0x7f, 0xf0, 0x7f, 0xf0, 0xdf, 0xf8, 0x3f, 0xf8,
    0x77, 0xfa, 0xf, 0xfe, 0x1d, 0xfe, 0x43, 0xff,
    0x87, 0xff, 0x21, 0xff, 0xc3, 0xff, 0x83, 0xff,
    0x89, 0x7f, 0x41, 0xff, 0xc4, 0xbf, 0x41, 0xff,
    0xc5, 0x7d, 0x0,

    /* U+0029 ")" */
    0x3, 0x7d, 0x21, 0xff, 0xc3, 0x7f, 0xf2, 0x1f,
    0xfc, 0x1f, 0xff, 0x41, 0xff, 0xc0, 0xff, 0xfe,
    0x0, 0x7f, 0xdf, 0xff, 0xc1, 0xf, 0xf7, 0xff,
    0xf0, 0x60, 0xfe, 0xbf, 0xff, 0x82, 0x87, 0xf7,
    0xff, 0xf0, 0x83, 0xfa, 0xff, 0xfe, 0x10, 0x7f,
    0x7f, 0xff, 0x9, 0xf, 0xd7, 0xff, 0xf0, 0x83,
    0xfb, 0xff, 0xf8, 0x48, 0x7e, 0x7f, 0xff, 0x83,
    0x7, 0xf7, 0xff, 0xf0, 0x83, 0xf9, 0xff, 0xfe,
    0xa, 0x1f, 0xdf, 0xff, 0xc1, 0x83, 0xf9, 0xff,
    0xfe, 0x8, 0x7f, 0xbf, 0xff, 0x82, 0x87, 0xf3,
    0xff, 0xfc, 0x8, 0x3f, 0xdf, 0xff, 0xc1, 0xf,
    0xf3, 0xff, 0xfc, 0x0, 0xff, 0xbf, 0xff, 0x80,
    0x87, 0xfa, 0xff, 0xfa, 0xf, 0xf3, 0xff, 0xf4,
    0x1f, 0xf7, 0xff, 0xf0, 0x3, 0xfe, 0xbf, 0xfe,
    0xf, 0xf9, 0xff, 0xf8, 0x3f, 0xf8, 0x1f, 0xff,
    0x21, 0xff, 0x7f, 0xfc, 0x87, 0xfd, 0x7f, 0xf9,
    0xf, 0xf9, 0xff, 0xf2, 0x1f, 0xf3, 0xff, 0xe4,
    0x3f, 0xf8, 0x1f, 0xfe, 0x43, 0xff, 0x81, 0xff,
    0xe4, 0x3f, 0xf8, 0x1f, 0xfe, 0x43, 0xff, 0x81,
    0x7f, 0xf2, 0x1f, 0xfc, 0xb, 0xff, 0x90, 0xff,
    0xe0, 0x5f, 0xfc, 0x87, 0xff, 0x1, 0xff, 0xe0,
    0xff, 0xe0, 0xbf, 0xfc, 0x1f, 0xfc, 0x17, 0xff,
    0x83, 0xff, 0x82, 0xff, 0xf0, 0x7f, 0xf0, 0x5f,
    0xfe, 0xf, 0xfe, 0xb, 0xff, 0xa0, 0xff, 0xe0,
    0xdf, 0xf9, 0xf, 0xfe, 0xd, 0xff, 0x90, 0xff,
    0xe0, 0xdf, 0xf8, 0x3f, 0xf8, 0x5f, 0xfc, 0x1f,
    0xfc, 0x2f, 0xfd, 0x7, 0xff, 0xb, 0xff, 0x21,
    0xff, 0xc1, 0x7f, 0xf0, 0x7f, 0xf0, 0xaf, 0xfa,
    0xf, 0xfe, 0x17, 0xfe, 0x43, 0xff, 0x85, 0xff,
    0x83, 0xff, 0x84, 0xff, 0xd0, 0x7f, 0xf0, 0xbf,
    0xf0, 0x7f, 0xf0, 0xff, 0xe8, 0x3f, 0xf8, 0x57,
    0xfc, 0x1f, 0xfc, 0x3f, 0xfa, 0xf, 0xfe, 0x13,
    0xff, 0x7, 0xff, 0xf, 0xfe, 0x83, 0xff, 0x85,
    0x7f, 0xc1, 0xff, 0xc3, 0xff, 0x90, 0xff, 0xe1,
    0x7f, 0xd0, 0x7f, 0xf0, 0x9f, 0xf8, 0x3f, 0xf8,
    0x7f, 0xf0, 0x7f, 0xf0, 0xff, 0xe4, 0x3f, 0xf8,
    0x5f, 0xf2, 0x1f, 0xfc, 0x2b, 0xfd, 0x7, 0xff,
    0x9, 0xff, 0x41, 0xff, 0xc3, 0xff, 0x21, 0xff,
    0xc4, 0xfe, 0x43, 0xff, 0x8d, 0xe8, 0x3f, 0xf8,
    0xc0,

    /* U+002A "*" */
    0xf, 0xfe, 0x17, 0xc1, 0xff, 0xcf, 0xfe, 0xf,
    0xfe, 0x6b, 0xfc, 0x87, 0xff, 0x31, 0xfe, 0x43,
    0xff, 0x98, 0xff, 0x21, 0xff, 0xcc, 0x7f, 0x90,
    0xff, 0xe6, 0xff, 0x7, 0xff, 0x3b, 0xf8, 0x3f,
    0xf8, 0x6f, 0x21, 0xf7, 0xf0, 0x7c, 0xda, 0x15,
    0xfd, 0x7, 0x7f, 0x7, 0x5f, 0xd0, 0x3f, 0xf8,
    0x2b, 0xe8, 0xf, 0xff, 0x3, 0xff, 0xd0, 0xfd,
    0x17, 0xff, 0x81, 0x7f, 0xfd, 0x7d, 0x7f, 0xfd,
    0x5, 0x7f, 0xff, 0x36, 0xf, 0x37, 0xff, 0xf1,
    0xe4, 0x3f, 0xf8, 0xd, 0x3f, 0xf5, 0x14, 0x1f,
    0xfc, 0x8f, 0xf8, 0x3f, 0xf9, 0x4f, 0xff, 0x21,
    0xff, 0xc7, 0xbf, 0x8f, 0xe4, 0x3f, 0xf8, 0xb7,
    0xf2, 0x5f, 0xc8, 0x7f, 0xf0, 0xdf, 0xf0, 0x5f,
    0xe4, 0x3f, 0xf8, 0x2f, 0xf9, 0xa, 0xff, 0x21,
    0xff, 0x3f, 0xf0, 0x77, 0xfc, 0x1f, 0xf7, 0xfc,
    0x1e, 0x7f, 0xe0, 0xff, 0x7f, 0xa0, 0xfa, 0xff,
    0x7, 0xfb, 0xfc, 0x1f, 0xdf, 0xe0, 0xff, 0x3f,
    0x83, 0xfe, 0xfc, 0x87, 0xff, 0x1, 0x41, 0xff,
    0xc1, 0x50, 0x7c,

    /* U+002B "+" */
    0xf, 0xfe, 0x43, 0x21, 0xff, 0xdd, 0xfd, 0x7,
    0xff, 0x73, 0xf8, 0x3f, 0xfb, 0x9f, 0xc1, 0xff,
    0xdc, 0xfe, 0xf, 0xfe, 0xe7, 0xf2, 0x1f, 0xfd,
    0xbf, 0xe4, 0x3f, 0xfb, 0x7f, 0xc8, 0x7f, 0xf6,
    0xef, 0xd0, 0x7f, 0xf6, 0xef, 0xd0, 0x7f, 0xf6,
    0xef, 0xd0, 0x7f, 0xf6, 0xdf, 0xe0, 0xff, 0xed,
    0xbf, 0xc1, 0xff, 0xdb, 0x7f, 0x83, 0xff, 0xb6,
    0xff, 0x7, 0xff, 0x6d, 0xff, 0xfe, 0x2d, 0x3,
    0xff, 0x8a, 0xaa, 0x7f, 0xff, 0x38, 0x3f, 0x9b,
    0xff, 0xfa, 0xe8, 0x73, 0xff, 0xfd, 0xb4, 0x2b,
    0xff, 0xfb, 0xa0, 0xbf, 0xff, 0xbc, 0x9f, 0xff,
    0xdf, 0xa7, 0xff, 0xf7, 0xef, 0xff, 0xf0, 0x5f,
    0xff, 0xe0, 0x7f, 0xff, 0xc0, 0x5f, 0xff, 0xde,
    0x47, 0xff, 0xfb, 0xa8, 0x5f, 0xff, 0xdc, 0x43,
    0xbf, 0xff, 0xb2, 0x87, 0xeb, 0xff, 0xf9, 0xd5,
    0x28, 0x3f, 0xf8, 0x6d, 0x7f, 0xf0, 0xbf, 0xa0,
    0xff, 0xed, 0xff, 0x21, 0xff, 0xdb, 0xfe, 0x43,
    0xff, 0xb7, 0xfc, 0x87, 0xff, 0x6f, 0xf9, 0xf,
    0xfe, 0xdf, 0xf2, 0x1f, 0xfd, 0xbf, 0xe4, 0x3f,
    0xfb, 0x7f, 0xc1, 0xff, 0xdc, 0xfe, 0xf, 0xfe,
    0xe7, 0xf0, 0x7f, 0xf7, 0x3f, 0x83, 0xff, 0xb9,
    0xfc, 0x1f, 0xfd, 0xcf, 0xe0, 0xff, 0xee, 0x7e,
    0x83, 0xff, 0xbb, 0xe8, 0x3f, 0xf9, 0x20,

    /* U+002C "," */
    0xf, 0x32, 0x83, 0xfe, 0xbf, 0xe0, 0xf9, 0xff,
    0xf2, 0x1d, 0xff, 0xfc, 0x4, 0x2f, 0xff, 0xe1,
    0x5, 0xff, 0xfc, 0x28, 0xbf, 0xff, 0x86, 0x5f,
    0xff, 0xc3, 0x3f, 0xff, 0x88, 0x5f, 0xff, 0xc3,
    0x2f, 0xff, 0xe1, 0x83, 0xff, 0xf8, 0x60, 0xff,
    0xfe, 0x14, 0x17, 0xff, 0xf0, 0x50, 0xdf, 0xff,
    0xc0, 0xf, 0x3f, 0xfd, 0x7, 0xfd, 0xfc, 0x1f,
    0xf5, 0xfa, 0xf, 0xfb, 0xf8, 0x3f, 0xeb, 0xf2,
    0x1f, 0xe7, 0xf4, 0x1f, 0xe7, 0xf8, 0x3f, 0xef,
    0xe0, 0xff, 0x3f, 0xc1, 0xfe, 0xbf, 0x83, 0xfd,
    0x7f, 0x7, 0xfd, 0xfa, 0xf, 0xfe, 0x3, 0xe4,
    0x3f, 0xf8, 0x0,

    /* U+002D "-" */
    0xf, 0xf9, 0x75, 0x7f, 0x96, 0xf, 0xca, 0xa7,
    0xff, 0xf3, 0x20, 0x3f, 0xff, 0xd2, 0x4f, 0xff,
    0xe9, 0xab, 0xff, 0xfa, 0x60, 0xff, 0xfe, 0x92,
    0x17, 0xea, 0x97, 0x7, 0xff, 0x20,

    /* U+002E "." */
    0xf, 0xfe, 0x55, 0xfc, 0x87, 0xeb, 0xff, 0x90,
    0xeb, 0xff, 0xe4, 0x27, 0xff, 0xf8, 0x21, 0x7f,
    0xff, 0xa, 0x1f, 0xff, 0xe1, 0x97, 0xff, 0xf0,
    0xdf, 0xff, 0xe2, 0x3f, 0xff, 0xc4, 0x6f, 0xff,
    0xe1, 0xab, 0xff, 0xf8, 0x60, 0xff, 0xfe, 0x14,
    0x7, 0xff, 0xf8, 0x21, 0xaf, 0xff, 0x90, 0xe7,
    0xff, 0x83, 0xfa, 0xfd, 0x21, 0xc0,

    /* U+002F "/" */
    0xf, 0xfe, 0x57, 0xc8, 0x7f, 0xf2, 0xbf, 0x83,
    0xff, 0x92, 0xff, 0x7, 0xff, 0x27, 0xfc, 0x1f,
    0xfc, 0x87, 0xf9, 0xf, 0xfe, 0x45, 0xfc, 0x1f,
    0xfc, 0x9f, 0xe8, 0x3f, 0xf9, 0x17, 0xf2, 0x1f,
    0xfc, 0x8f, 0xf0, 0x7f, 0xf2, 0x1f, 0xe4, 0x3f,
    0xf9, 0x17, 0xf0, 0x7f, 0xf2, 0x7f, 0xa0, 0xff,
    0xe4, 0x5f, 0xc8, 0x7f, 0xf2, 0x3f, 0xc1, 0xff,
    0xc8, 0x7f, 0xa0, 0xff, 0xe4, 0x5f, 0xc1, 0xff,
    0xc9, 0xff, 0x7, 0xff, 0x21, 0xfe, 0x43, 0xff,
    0x91, 0x7f, 0x7, 0xff, 0x27, 0xfa, 0xf, 0xfe,
    0x43, 0xfc, 0x87, 0xff, 0x23, 0xfc, 0x1f, 0xfc,
    0x9f, 0xe8, 0x3f, 0xf9, 0xf, 0xf2, 0x1f, 0xfc,
    0x8f, 0xf0, 0x7f, 0xf2, 0x7f, 0xa0, 0xff, 0xe4,
    0x3f, 0xc8, 0x7f, 0xf2, 0x3f, 0xc1, 0xff, 0xc9,
    0xfe, 0x83, 0xff, 0x90, 0xff, 0x21, 0xff, 0xc8,
    0xbf, 0x83, 0xff, 0x93, 0xfd, 0x7, 0xff, 0x21,
    0xfe, 0x43, 0xff, 0x91, 0x7f, 0x7, 0xff, 0x27,
    0xfa, 0xf, 0xfe, 0x43, 0xfc, 0x87, 0xff, 0x22,
    0xfe, 0xf, 0xfe, 0x4f, 0xf4, 0x1f, 0xfc, 0x9f,
    0xe4, 0x3f, 0xf9, 0xf, 0xf0, 0x7f, 0xf2, 0x6f,
    0xe0, 0xff, 0xe4, 0xff, 0x21, 0xff, 0xc8, 0x7f,
    0x83, 0xff, 0x93, 0x7f, 0x7, 0xff, 0x27, 0xfa,
    0xf, 0xfe, 0x4f, 0xf2, 0x1f, 0xfc, 0x87, 0xf8,
    0x3f, 0xf9, 0x3f, 0xd0, 0x7f, 0xf2, 0x7f, 0x90,
    0xff, 0xe4, 0x3f, 0xc1, 0xff, 0xc9, 0xbf, 0x83,
    0xff, 0x93, 0xfd, 0x7, 0xff, 0x27, 0xf9, 0xf,
    0xfe, 0x43, 0xfc, 0x1f, 0xfc, 0x9b, 0xf4, 0x1f,
    0xfc, 0x9f, 0xe4, 0x3f, 0xf9, 0xf, 0xf0, 0x7f,
    0xf2, 0x6f, 0xe0, 0xff, 0xe4, 0xff, 0x41, 0xff,
    0xc9, 0xfe, 0x43, 0xff, 0x90, 0xff, 0x7, 0xff,
    0x26, 0xfe, 0xf, 0xfe, 0x4f, 0xf4, 0x1f, 0xfc,
    0x9f, 0xe4, 0x3f, 0xf9, 0xf, 0xf0, 0x7f, 0xf2,
    0x6f, 0xe0, 0xff, 0xe4, 0xdf, 0xa0, 0xff, 0xe5,
    0x7e, 0xf, 0xfe, 0x62, 0x83, 0xff, 0x96,

    /* U+0030 "0" */
    0xf, 0xfe, 0x43, 0x7f, 0x50, 0x3f, 0xfa, 0xed,
    0xff, 0xf4, 0x1f, 0xfd, 0x4f, 0xff, 0xe2, 0x21,
    0xff, 0xd0, 0xbf, 0xff, 0x8c, 0x87, 0xff, 0x3b,
    0xff, 0xf9, 0x28, 0x7f, 0xf3, 0x3f, 0xff, 0x96,
    0x1f, 0xfc, 0xa7, 0xff, 0xf9, 0x88, 0x7f, 0xf2,
    0x7f, 0xff, 0x9b, 0x7, 0xff, 0x23, 0xff, 0xfa,
    0x8, 0x7f, 0xf1, 0x7f, 0xff, 0xa5, 0x7, 0xff,
    0xe, 0xff, 0xfe, 0x9c, 0x1f, 0xfc, 0x17, 0xff,
    0xfa, 0xb0, 0x7f, 0xf0, 0x3f, 0xff, 0xae, 0x87,
    0xfa, 0xff, 0xfe, 0x78, 0xff, 0xc1, 0xfe, 0xff,
    0xfe, 0x72, 0x13, 0xfe, 0x83, 0xf5, 0xff, 0xfc,
    0xb9, 0xf, 0x3f, 0xe0, 0xfd, 0xff, 0xfc, 0xa4,
    0x3f, 0xdf, 0xe8, 0x3c, 0xff, 0xff, 0x22, 0xf,
    0xfe, 0xf, 0xf8, 0x3d, 0xff, 0xfc, 0x84, 0x3f,
    0xf8, 0x57, 0xf2, 0x1d, 0xff, 0xfc, 0x70, 0xff,
    0xe2, 0xff, 0x41, 0xaf, 0xff, 0xe3, 0x7, 0xff,
    0x1b, 0xfc, 0x1b, 0xff, 0xf8, 0xc1, 0xff, 0xc7,
    0x7f, 0x83, 0x7f, 0xff, 0x14, 0x3f, 0xf9, 0x3f,
    0xc8, 0x1f, 0xff, 0xe2, 0x7, 0xff, 0x2b, 0xf9,
    0x5, 0xff, 0xfc, 0x38, 0x3f, 0xf9, 0x57, 0xe8,
    0x1f, 0xff, 0xc4, 0xf, 0xfe, 0x5d, 0xfc, 0xf,
    0xff, 0xe1, 0xc1, 0xff, 0xcb, 0x7f, 0x87, 0xff,
    0xf8, 0x61, 0xff, 0xcc, 0x7f, 0x87, 0xff, 0xf8,
    0x61, 0xff, 0xcd, 0xfe, 0x2f, 0xff, 0xe1, 0x21,
    0xff, 0xcd, 0xfe, 0x2f, 0xff, 0xe1, 0x7, 0xff,
    0x3b, 0xf8, 0xbf, 0xff, 0x84, 0x1f, 0xfc, 0xef,
    0xe3, 0xff, 0xf8, 0x50, 0x7f, 0xf3, 0xbf, 0x9f,
    0xff, 0xe1, 0x21, 0xff, 0xce, 0xfe, 0x7f, 0xff,
    0x84, 0x87, 0xff, 0x3b, 0xf9, 0xbf, 0xff, 0x82,
    0x1f, 0xfc, 0xff, 0xe2, 0xff, 0xfe, 0x8, 0x7f,
    0xf3, 0xff, 0x8b, 0xff, 0xf8, 0x21, 0xff, 0xce,
    0x7f, 0x8b, 0xff, 0xf8, 0x21, 0xff, 0xce, 0x7f,
    0x87, 0xff, 0xf8, 0x21, 0xff, 0xce, 0xbf, 0x81,
    0xff, 0xfc, 0x10, 0xff, 0xe7, 0x7f, 0x81, 0xff,
    0xfc, 0x10, 0xff, 0xe7, 0x7f, 0x40, 0xff, 0xfe,
    0x8, 0x7f, 0xf3, 0x5f, 0xe4, 0x17, 0xff, 0xf0,
    0x10, 0xff, 0xe6, 0x5f, 0xc1, 0x3f, 0xff, 0xc0,
    0x43, 0xff, 0x99, 0xfe, 0xd, 0xff, 0xfc, 0x10,
    0xff, 0xe5, 0xbf, 0xd0, 0x6b, 0xff, 0xf8, 0x1,
    0xff, 0xcb, 0xff, 0x21, 0xdf, 0xff, 0xc0, 0x83,
    0xff, 0x93, 0x7f, 0x83, 0xd7, 0xff, 0xf0, 0x3,
    0xff, 0x90, 0xff, 0x90, 0xfb, 0xff, 0xf8, 0x10,
    0x7f, 0xf1, 0xff, 0xe0, 0xfc, 0xff, 0xff, 0x2,
    0xf, 0xfe, 0x23, 0xff, 0x21, 0xfd, 0x7f, 0xff,
    0x2, 0xf, 0xfe, 0x15, 0xff, 0x41, 0xff, 0x5f,
    0xff, 0xc1, 0x43, 0xfd, 0x7f, 0xf0, 0x7f, 0xf0,
    0x6f, 0xff, 0xe1, 0xd1, 0x54, 0xff, 0xf8, 0x3f,
    0xf8, 0x77, 0xff, 0xf4, 0x60, 0xff, 0xe2, 0xbf,
    0xff, 0xcf, 0x43, 0xff, 0x90, 0xff, 0xff, 0x2e,
    0xf, 0xfe, 0x63, 0x7f, 0xff, 0x19, 0xf, 0xfe,
    0x93, 0x4f, 0xfd, 0x44, 0x3f, 0xf8, 0x80,

    /* U+0031 "1" */
    0xf, 0xfe, 0x3b, 0x4f, 0xd2, 0x1f, 0xfc, 0xf6,
    0xff, 0xf9, 0xf, 0xfe, 0x5b, 0xff, 0xfc, 0x34,
    0x3f, 0xf9, 0xf, 0xff, 0xf1, 0x90, 0xff, 0xe3,
    0x7f, 0xff, 0x24, 0x3f, 0xf8, 0x97, 0xff, 0xf2,
    0x90, 0xff, 0xe1, 0x7f, 0xff, 0x32, 0xf, 0xfe,
    0x3, 0xff, 0xfc, 0xe0, 0xff, 0xaf, 0xff, 0xe7,
    0x87, 0xfa, 0xff, 0xfe, 0x80, 0x7f, 0x5f, 0xff,
    0xd1, 0xf, 0xcf, 0xff, 0xf4, 0x83, 0xf7, 0xff,
    0xf4, 0xc3, 0xeb, 0xff, 0xfa, 0x50, 0x7d, 0xff,
    0xfd, 0x34, 0x3c, 0xff, 0xff, 0x4d, 0xf, 0x3f,
    0xff, 0xd3, 0xf, 0xaf, 0xff, 0xe9, 0x87, 0xd7,
    0xff, 0xf4, 0xc3, 0xeb, 0xff, 0xf9, 0x74, 0xfe,
    0x83, 0xe7, 0xff, 0xf9, 0x30, 0x5f, 0xd0, 0x7e,
    0xff, 0xfe, 0x3c, 0x1d, 0xfc, 0x87, 0xeb, 0xff,
    0xf8, 0xa8, 0x73, 0xfc, 0x1f, 0xef, 0xff, 0xe1,
    0xc1, 0xf3, 0xfc, 0x1f, 0xe7, 0xff, 0xf8, 0x28,
    0x7e, 0xbf, 0x83, 0xfe, 0x7f, 0xfd, 0x7, 0xfb,
    0xfa, 0xf, 0xfe, 0xf, 0xfe, 0x43, 0xfe, 0xfe,
    0x83, 0xff, 0x86, 0xd1, 0xf, 0xfe, 0x17, 0xf2,
    0x1f, 0xfd, 0x47, 0xf9, 0xf, 0xfe, 0xa3, 0xfc,
    0x1f, 0xfd, 0x5b, 0xf8, 0x3f, 0xfa, 0xbf, 0xe0,
    0xff, 0xea, 0xff, 0x41, 0xff, 0xd5, 0xfe, 0x83,
    0xff, 0xab, 0xfc, 0x87, 0xff, 0x51, 0xfe, 0xf,
    0xfe, 0xab, 0xfc, 0x1f, 0xfd, 0x5b, 0xf8, 0x3f,
    0xfa, 0xb7, 0xf0, 0x7f, 0xf5, 0x7f, 0xa0, 0xff,
    0xea, 0xff, 0x41, 0xff, 0xd5, 0xfe, 0x43, 0xff,
    0xab, 0xfc, 0x87, 0xff, 0x51, 0xfe, 0xf, 0xfe,
    0xab, 0xfc, 0x1f, 0xfd, 0x5b, 0xf8, 0x3f, 0xfa,
    0xb7, 0xf0, 0x7f, 0xf5, 0x6f, 0xd0, 0x7f, 0xf5,
    0x7f, 0xa0, 0xff, 0xea, 0xff, 0x21, 0xff, 0xd5,
    0xfe, 0x43, 0xff, 0xab, 0xfc, 0x1f, 0xfd, 0x6f,
    0xe0, 0xff, 0xea, 0xbf, 0xc1, 0xca, 0xa7, 0x83,
    0xff, 0x94, 0xff, 0x5f, 0xfe, 0x83, 0xfd, 0x7f,
    0xff, 0x40, 0x3f, 0x9f, 0xff, 0xe8, 0x87, 0xf5,
    0xff, 0xfd, 0x0, 0xff, 0x3f, 0xff, 0xc9, 0xa2,
    0x83, 0xff, 0x84, 0xff, 0xf5, 0x65, 0x83, 0xff,
    0x80,

    /* U+0032 "2" */
    0xf, 0xfe, 0x42, 0xd2, 0xe0, 0xff, 0xe9, 0xb7,
    0xff, 0xf0, 0xe0, 0xff, 0xe6, 0xdf, 0xff, 0xc9,
    0x43, 0xff, 0x8e, 0xff, 0xff, 0x39, 0xf, 0xfe,
    0x1b, 0xff, 0xfd, 0x18, 0x3f, 0xf8, 0x37, 0xff,
    0xf5, 0x3, 0xfc, 0xff, 0xff, 0x5c, 0x3f, 0x3f,
    0xff, 0xd8, 0x83, 0xcf, 0xff, 0xf6, 0x90, 0xcf,
    0xff, 0xf7, 0x3, 0x7f, 0xff, 0x75, 0x3, 0xff,
    0xfd, 0xe0, 0x5f, 0xff, 0xde, 0x7, 0xff, 0xf7,
    0xd3, 0xff, 0xfb, 0xf1, 0xff, 0xfe, 0x3, 0xff,
    0xfc, 0x5, 0xff, 0xfc, 0xa9, 0x41, 0xe6, 0xff,
    0xf0, 0xff, 0xff, 0x1e, 0xf, 0xfe, 0x17, 0xff,
    0x3, 0xff, 0xf8, 0xa8, 0x7f, 0xf1, 0x7f, 0xf0,
    0x5f, 0xff, 0xc2, 0x83, 0xff, 0x8f, 0x7f, 0xc1,
    0x3f, 0xff, 0xc0, 0xf, 0xfe, 0x57, 0xfc, 0x19,
    0xff, 0xe8, 0x3f, 0xf9, 0x7f, 0xf0, 0x7a, 0xfe,
    0x83, 0xff, 0x9b, 0xfe, 0x83, 0xf9, 0xf, 0xfe,
    0x7b, 0xfe, 0x83, 0xff, 0xb3, 0x7f, 0x90, 0xff,
    0xec, 0xff, 0xc1, 0xff, 0xd9, 0x7f, 0xd0, 0x7f,
    0xf6, 0x7f, 0xe4, 0x3f, 0xfb, 0x1f, 0xf8, 0x3f,
    0xfb, 0x1f, 0xf8, 0x3f, 0xfb, 0x1f, 0xfa, 0xf,
    0xfe, 0xb3, 0xff, 0xa0, 0xff, 0xeb, 0x7f, 0xf4,
    0x1f, 0xfd, 0x5b, 0xff, 0xa0, 0xff, 0xea, 0x5f,
    0xfe, 0x43, 0xff, 0xa4, 0xdf, 0xff, 0x7, 0xff,
    0x49, 0xff, 0xfe, 0x2, 0x1f, 0xfd, 0x17, 0xff,
    0xf8, 0x10, 0x7f, 0xf4, 0x5f, 0xff, 0xe0, 0x41,
    0xff, 0xd1, 0x7f, 0xff, 0x81, 0x7, 0xff, 0x4b,
    0xff, 0xf8, 0x8, 0x7f, 0xf4, 0xaf, 0xff, 0x90,
    0xff, 0xe9, 0x3f, 0xff, 0x21, 0xff, 0xd3, 0xbf,
    0xfc, 0x87, 0xff, 0x53, 0xff, 0xc8, 0x7f, 0xf5,
    0x7f, 0xfa, 0xf, 0xfe, 0xb7, 0xff, 0x7, 0xff,
    0x5e, 0xff, 0xa0, 0xff, 0xec, 0x7f, 0xc8, 0x7f,
    0xf4, 0x14, 0x1e, 0xbf, 0xc1, 0xff, 0xce, 0x6f,
    0xe0, 0xef, 0xf2, 0x1f, 0xfc, 0xa6, 0xff, 0xe4,
    0x37, 0xf9, 0xf, 0xfe, 0x2a, 0xaf, 0xff, 0xe0,
    0xa1, 0xbf, 0xe4, 0x3f, 0x95, 0x4f, 0xff, 0xe3,
    0x87, 0x5f, 0xff, 0xda, 0x43, 0xdf, 0xff, 0xd6,
    0x90, 0xfe, 0x7f, 0xff, 0xa3, 0x21, 0xff, 0xc2,
    0x7f, 0xff, 0x95, 0x44, 0x3f, 0xf9, 0x37, 0xff,
    0xd5, 0x2c, 0x1f, 0xfc, 0x80,

    /* U+0033 "3" */
    0xf, 0xfe, 0x2a, 0xa9, 0xff, 0xd2, 0x83, 0xff,
    0x9a, 0xdf, 0xff, 0xc7, 0x90, 0xff, 0xe3, 0xdf,
    0xff, 0xce, 0xf, 0xfe, 0x1b, 0xff, 0xfd, 0x28,
    0x3f, 0xf8, 0x1f, 0xff, 0xd6, 0xf, 0xeb, 0xff,
    0xfb, 0x1, 0xf5, 0xff, 0xfd, 0x98, 0x39, 0xff,
    0xfe, 0xd8, 0x77, 0xff, 0xf7, 0x20, 0xaf, 0xff,
    0xee, 0x85, 0xff, 0xfd, 0xe4, 0x1f, 0xff, 0xde,
    0x87, 0xff, 0xfb, 0xe3, 0xff, 0xfd, 0xf0, 0x7f,
    0xff, 0x7c, 0x1f, 0xff, 0xdf, 0x7, 0xff, 0xf3,
    0x68, 0xbd, 0x7f, 0xf8, 0xf, 0xff, 0xf2, 0x24,
    0x3f, 0xe7, 0xff, 0x5, 0xff, 0xfc, 0x54, 0x3f,
    0xf8, 0x97, 0xfc, 0x13, 0xff, 0xfc, 0x18, 0x3f,
    0xf9, 0x1f, 0xf0, 0x67, 0xff, 0xd0, 0x7f, 0xf2,
    0xbf, 0xd0, 0x7b, 0xfe, 0x83, 0xff, 0x99, 0xfe,
    0x43, 0xe6, 0xa4, 0x3f, 0xf9, 0xaf, 0xf8, 0x3f,
    0xfb, 0x5f, 0xf0, 0x7f, 0xf6, 0x6f, 0xf2, 0x1f,
    0xfd, 0x9f, 0xf8, 0x3f, 0xfb, 0x3f, 0xf0, 0x7f,
    0xf6, 0x7f, 0xe4, 0x3f, 0xfb, 0x1f, 0xf4, 0x1f,
    0xfd, 0x7b, 0xfe, 0x83, 0xff, 0xac, 0xff, 0xe8,
    0x3f, 0xfa, 0xaf, 0xff, 0x21, 0xff, 0xd4, 0x7f,
    0xfc, 0x1f, 0xfd, 0x4b, 0xff, 0xc8, 0x7f, 0xf4,
    0xef, 0xff, 0x41, 0xff, 0xd3, 0x7f, 0xff, 0x8b,
    0x21, 0xff, 0xcd, 0xff, 0xfe, 0x4a, 0x1f, 0xfc,
    0xa7, 0xff, 0xf9, 0x50, 0x7f, 0xf2, 0xbf, 0xff,
    0x98, 0x1f, 0xfc, 0x97, 0xfd, 0x5f, 0x7f, 0xfa,
    0xf, 0xfe, 0xc3, 0x7f, 0xc1, 0xff, 0xdb, 0xff,
    0x41, 0xff, 0xdb, 0xff, 0x7, 0xff, 0x6e, 0xfe,
    0xf, 0xfe, 0xe7, 0xf0, 0x7f, 0xf7, 0x3f, 0x90,
    0xff, 0xed, 0xff, 0x7, 0xff, 0x6d, 0xfe, 0xf,
    0xfe, 0xdf, 0xf8, 0x3f, 0xfb, 0x5f, 0xe8, 0x3f,
    0xfb, 0xf, 0xfc, 0x1f, 0xfd, 0x77, 0xff, 0x41,
    0xff, 0xd4, 0x6f, 0xff, 0x7, 0xff, 0x35, 0x75,
    0x3f, 0xff, 0x82, 0x1f, 0xfc, 0x5f, 0xff, 0xe7,
    0x87, 0xff, 0x16, 0xff, 0xfe, 0x6a, 0x1f, 0xfc,
    0x6f, 0xff, 0xe6, 0x21, 0xff, 0xc8, 0xbf, 0xff,
    0x8f, 0x21, 0xff, 0xcc, 0xbf, 0xff, 0x81, 0x45,
    0x7, 0xff, 0xc,

    /* U+0034 "4" */
    0xf, 0xfe, 0x6d, 0xfa, 0x43, 0xff, 0xb9, 0x7f,
    0xf2, 0x1f, 0xfd, 0x87, 0xff, 0xf8, 0x8, 0x7f,
    0xf5, 0xaf, 0xff, 0xe1, 0x21, 0xff, 0xd4, 0xbf,
    0xff, 0x88, 0x1f, 0xfd, 0x3b, 0xff, 0xf8, 0xa8,
    0x7f, 0xf4, 0x6f, 0xff, 0xe3, 0x41, 0xff, 0xd0,
    0xbf, 0xff, 0x90, 0x1f, 0xfc, 0xf7, 0xff, 0xf9,
    0x21, 0xff, 0xce, 0x7f, 0xff, 0x93, 0x7, 0xff,
    0x35, 0xff, 0xfe, 0x52, 0x1f, 0xfc, 0xdf, 0xff,
    0xe5, 0x87, 0xff, 0x37, 0xff, 0xf9, 0x70, 0x7f,
    0xf3, 0x2f, 0xff, 0xe5, 0x87, 0xff, 0x31, 0xff,
    0xfe, 0x58, 0x7f, 0xf3, 0x7f, 0xff, 0x96, 0x1f,
    0xfc, 0xdb, 0xff, 0xf9, 0x41, 0xff, 0xcd, 0x7f,
    0xff, 0x93, 0x7, 0xff, 0x3b, 0xff, 0xf9, 0x30,
    0x7f, 0xf3, 0x9f, 0xff, 0xe4, 0x41, 0xff, 0xcf,
    0xff, 0xfe, 0x42, 0x1f, 0xfc, 0xfb, 0xff, 0xf8,
    0xe8, 0x7f, 0xf4, 0x3f, 0xff, 0x8e, 0x87, 0xff,
    0x42, 0xff, 0xfe, 0x34, 0x1f, 0xfc, 0x15, 0x7,
    0xff, 0xb, 0xff, 0xf8, 0xd0, 0x7f, 0xf0, 0x7f,
    0x21, 0xff, 0x3f, 0xff, 0xc5, 0x83, 0xff, 0x82,
    0xfe, 0x83, 0xfe, 0xff, 0xfe, 0x30, 0x7f, 0xf0,
    0x9f, 0xd0, 0x7f, 0xdf, 0xff, 0xc5, 0xf, 0xfe,
    0x1d, 0xf9, 0xf, 0xf5, 0xff, 0xfc, 0x44, 0x3f,
    0xf8, 0x7f, 0xc8, 0x7f, 0xbf, 0xff, 0x89, 0x7,
    0xff, 0x13, 0xf8, 0x3f, 0xef, 0xff, 0xe2, 0x7,
    0xff, 0x17, 0xf8, 0x3f, 0xd7, 0xff, 0xf0, 0xc3,
    0xff, 0x8a, 0xff, 0x7, 0xfb, 0xff, 0xf8, 0x68,
    0x7f, 0xf1, 0x5f, 0xd0, 0x7f, 0xbf, 0xff, 0x86,
    0x1f, 0xfc, 0x6b, 0xf4, 0x1f, 0xcf, 0xff, 0xf0,
    0x83, 0xff, 0x8f, 0x7e, 0x43, 0xfa, 0xff, 0xfe,
    0xc, 0x1f, 0xfc, 0x7f, 0xe4, 0x3f, 0xbf, 0xff,
    0x84, 0x1f, 0xfc, 0x8f, 0xe0, 0xff, 0x7f, 0xff,
    0x5, 0xf, 0xfe, 0x47, 0xf0, 0x7f, 0xbf, 0xff,
    0x82, 0x1f, 0xfc, 0x9f, 0xe0, 0xff, 0x7f, 0xff,
    0x1, 0xf, 0xfe, 0x43, 0xfc, 0x1c, 0xa0, 0xbf,
    0xff, 0x80, 0x1f, 0xfc, 0x97, 0xf4, 0x13, 0xf9,
    0x3f, 0xff, 0x80, 0x1f, 0xfc, 0x9b, 0xf4, 0xdf,
    0xf1, 0x7f, 0xfc, 0x1f, 0xfc, 0x9b, 0xff, 0xf8,
    0x43, 0xff, 0xf4, 0x1f, 0xfc, 0x8b, 0xff, 0xf8,
    0x30, 0x3f, 0xff, 0x81, 0x7, 0xff, 0x9, 0x57,
    0xff, 0xf0, 0xe0, 0xaf, 0xff, 0xe1, 0x51, 0x6a,
    0xdf, 0xff, 0xc7, 0x43, 0xdf, 0xff, 0xdb, 0x90,
    0xfe, 0xff, 0xfe, 0xbc, 0x87, 0xff, 0x6, 0xff,
    0xfe, 0xa8, 0x7f, 0xf1, 0x6f, 0xff, 0xe5, 0xc9,
    0xfc, 0x1f, 0xfc, 0x75, 0x5f, 0xff, 0x54, 0x87,
    0xdf, 0xc1, 0xff, 0xe0, 0xfe, 0xf, 0xff, 0x7,
    0xf0, 0x7f, 0xf8, 0x3f, 0x83, 0xff, 0xc1, 0xfc,
    0x1f, 0xfe, 0xf, 0xe0, 0xff, 0xf0, 0x7f, 0x7,
    0xff, 0x83, 0xf4, 0x1f, 0xfe, 0x1f, 0x41, 0xff,
    0x0,

    /* U+0035 "5" */
    0xf, 0xfe, 0x5a, 0xd5, 0xbf, 0xfc, 0x87, 0xff,
    0x1d, 0x54, 0xff, 0xfe, 0x60, 0x7f, 0xf0, 0x1a,
    0x7f, 0xff, 0x50, 0x3f, 0x3f, 0xff, 0xda, 0xf,
    0x7f, 0xff, 0x71, 0xd, 0xff, 0xfd, 0xe0, 0xaf,
    0xff, 0xef, 0x1, 0xff, 0xfe, 0xfa, 0x5f, 0xff,
    0xdf, 0x8f, 0xff, 0xf0, 0x47, 0xff, 0xf8, 0x13,
    0xff, 0xfc, 0x9, 0xff, 0xfe, 0x0, 0x7f, 0xff,
    0x7e, 0x5, 0xff, 0xfd, 0xe0, 0xdf, 0xff, 0xdd,
    0x43, 0x5f, 0xff, 0xdb, 0x43, 0xdf, 0xff, 0xd9,
    0x83, 0xfb, 0xff, 0xfa, 0x94, 0x43, 0xff, 0x81,
    0x7f, 0xff, 0x2a, 0xa5, 0x7, 0xff, 0x22, 0xfe,
    0x97, 0xe0, 0xff, 0xea, 0x5f, 0xc1, 0xff, 0xdc,
    0xfe, 0x83, 0xff, 0xb6, 0xff, 0x21, 0xff, 0xdb,
    0xbf, 0x83, 0xff, 0xb9, 0xfd, 0x7, 0xff, 0x73,
    0xf9, 0xf, 0xfe, 0xdb, 0xfc, 0x1f, 0xfd, 0xcb,
    0xf8, 0x3f, 0xfb, 0x9f, 0xd0, 0x7f, 0xf0, 0x5b,
    0xff, 0xa8, 0x1f, 0xfc, 0x2f, 0xe4, 0x3f, 0x9b,
    0xff, 0xf8, 0xa8, 0x7f, 0xdf, 0xc8, 0x7d, 0x7f,
    0xff, 0x26, 0xf, 0xe7, 0xf8, 0x39, 0xff, 0xfe,
    0x6c, 0x1f, 0x9f, 0xe0, 0x9f, 0xff, 0xe8, 0x41,
    0xf5, 0xfd, 0x37, 0xff, 0xf0, 0x28, 0x87, 0x9f,
    0xfc, 0x1f, 0x5f, 0xff, 0xc5, 0x90, 0xff, 0xe0,
    0xff, 0xa0, 0xf5, 0xff, 0xfc, 0x29, 0xf, 0xfe,
    0x2f, 0xf8, 0x3c, 0xff, 0xff, 0x2, 0xf, 0xfe,
    0x43, 0xfc, 0x1f, 0x7f, 0xfa, 0xf, 0xfe, 0x5f,
    0xf2, 0x1e, 0x7f, 0xe8, 0x3f, 0xf9, 0xb7, 0xe8,
    0x3f, 0x5f, 0x41, 0xff, 0xcf, 0xbf, 0x41, 0xff,
    0xdc, 0x7f, 0x41, 0xff, 0xdc, 0xbf, 0x41, 0xff,
    0xdc, 0xbf, 0x41, 0xff, 0xdc, 0xfe, 0x83, 0xff,
    0xb6, 0xff, 0x21, 0xff, 0xdb, 0xff, 0x7, 0xff,
    0x6e, 0xfe, 0x83, 0xff, 0xb5, 0x7f, 0x83, 0xff,
    0xb2, 0xff, 0xd0, 0x7f, 0xf6, 0x2f, 0xfc, 0x1f,
    0xfd, 0x67, 0xff, 0xc1, 0xff, 0xd3, 0x6f, 0xff,
    0xe0, 0x7, 0xff, 0x25, 0x7a, 0xaf, 0xff, 0xe1,
    0xc1, 0xff, 0xc8, 0x7f, 0xff, 0x96, 0x87, 0xff,
    0x27, 0xff, 0xf9, 0x48, 0x7f, 0xf2, 0xff, 0xff,
    0x8f, 0x7, 0xff, 0x3b, 0xff, 0xf8, 0x72, 0x1f,
    0xfd, 0x2f, 0xfa, 0xa5, 0x7, 0xff, 0x20,

    /* U+0036 "6" */
    0xf, 0xfe, 0x72, 0xf0, 0x7f, 0xf6, 0x5b, 0xff,
    0x90, 0xff, 0xea, 0x3f, 0xff, 0xc1, 0x83, 0xff,
    0xa2, 0xff, 0xff, 0x12, 0xf, 0xfe, 0x7f, 0xff,
    0xf1, 0xd0, 0xff, 0xe6, 0x3f, 0xff, 0xc9, 0xf,
    0xfe, 0x5d, 0xff, 0xfc, 0xa4, 0x3f, 0xf9, 0x37,
    0xff, 0xf2, 0xe0, 0xff, 0xe4, 0x7f, 0xff, 0x36,
    0xf, 0xfe, 0x3f, 0xff, 0xf3, 0xa0, 0xff, 0xe3,
    0x7f, 0xff, 0x3e, 0xf, 0xfe, 0x2d, 0xff, 0xfc,
    0xf4, 0x3f, 0xf8, 0x8f, 0xff, 0xf4, 0x3, 0xff,
    0x8b, 0xff, 0xfd, 0x4, 0x3f, 0xf8, 0x9f, 0xff,
    0xd0, 0x83, 0xff, 0x89, 0x7f, 0xff, 0x3d, 0xf,
    0xfe, 0x2f, 0xff, 0xf3, 0xc3, 0xff, 0x8d, 0x7f,
    0xff, 0x32, 0xf, 0xfe, 0x47, 0xff, 0xf2, 0xa0,
    0xff, 0xe5, 0x5f, 0xff, 0xc8, 0x83, 0xff, 0x99,
    0xff, 0xfc, 0x78, 0x3f, 0xf9, 0xb7, 0xff, 0xf1,
    0x83, 0xff, 0x9f, 0xff, 0xfc, 0x54, 0x3f, 0xf9,
    0xef, 0xff, 0xf1, 0x3, 0xff, 0xa3, 0x7f, 0xff,
    0xc, 0x3f, 0xfa, 0x5f, 0xff, 0xc3, 0xf, 0xfe,
    0x9f, 0xff, 0xf0, 0x83, 0xf3, 0x7f, 0xd2, 0x1f,
    0xfc, 0x7, 0xff, 0xf8, 0x21, 0xf3, 0xff, 0xfc,
    0x24, 0x3f, 0xaf, 0xff, 0xe0, 0x21, 0xf7, 0xff,
    0xf1, 0x50, 0xfb, 0xff, 0xf8, 0x10, 0x7e, 0xff,
    0xfe, 0x34, 0x1e, 0xff, 0xfe, 0x0, 0x7f, 0x7f,
    0xff, 0x1e, 0xe, 0xff, 0xf9, 0xf, 0xf5, 0xfa,
    0xaf, 0xff, 0x90, 0xdf, 0xff, 0x7, 0xff, 0x29,
    0xff, 0xc1, 0xbf, 0xfd, 0x7, 0xff, 0x32, 0xff,
    0x41, 0x7f, 0xf9, 0xf, 0xfe, 0x6b, 0xfe, 0xb,
    0xff, 0xc1, 0xff, 0xcf, 0xbf, 0x90, 0x7f, 0xf8,
    0x3f, 0xfa, 0x1f, 0xd0, 0x3f, 0xfa, 0xf, 0xfe,
    0x85, 0xfc, 0xf, 0xfe, 0x83, 0xff, 0xa0, 0xff,
    0x3, 0xff, 0x90, 0xff, 0xe8, 0x3f, 0xc0, 0xff,
    0xe4, 0x3f, 0xfa, 0x3f, 0xc0, 0xbf, 0xf2, 0x1f,
    0xfd, 0x7, 0xf8, 0xf, 0xfe, 0x83, 0xff, 0xa0,
    0xff, 0x5, 0xff, 0xa0, 0xff, 0xe8, 0x5f, 0xc1,
    0x7f, 0xf0, 0x7f, 0xf4, 0x3f, 0xc1, 0x5f, 0xf8,
    0x3f, 0xf9, 0xef, 0xf4, 0x13, 0xff, 0xa0, 0xff,
    0xe7, 0x5f, 0xc8, 0x6f, 0xfe, 0xf, 0xfe, 0x6b,
    0xfe, 0xe, 0x7f, 0xf4, 0x1f, 0xfc, 0xcf, 0xf4,
    0x1e, 0xff, 0xe4, 0x3f, 0xf9, 0x5f, 0xf2, 0x1f,
    0x7f, 0xf2, 0x1f, 0xfc, 0x77, 0xfe, 0x83, 0xf3,
    0xff, 0xc8, 0x7f, 0xf1, 0x1f, 0xfe, 0xf, 0xf5,
    0xff, 0xe4, 0x3f, 0xf8, 0xf, 0xff, 0x83, 0xff,
    0x81, 0x7f, 0xfd, 0x45, 0xf5, 0xff, 0xfc, 0x4,
    0x3f, 0xf8, 0x2f, 0xff, 0xf4, 0x83, 0xff, 0x88,
    0xff, 0xff, 0x3e, 0xf, 0xfe, 0x3b, 0xff, 0xfc,
    0xb8, 0x3f, 0xf9, 0x6d, 0xff, 0xfc, 0x68, 0x3f,
    0xfa, 0x2d, 0x3f, 0xf5, 0x10, 0xff, 0xe1, 0x80,

    /* U+0037 "7" */
    0xf, 0xfe, 0x4a, 0xaa, 0xff, 0xf5, 0x10, 0xff,
    0xe5, 0xb4, 0xff, 0xfe, 0x54, 0x1f, 0xfc, 0x56,
    0xff, 0xfe, 0x8a, 0x1f, 0xfc, 0x6, 0xff, 0xfe,
    0xac, 0x1f, 0xcf, 0xff, 0xf6, 0x60, 0xfb, 0xff,
    0xfb, 0x81, 0xcf, 0xff, 0xf7, 0x60, 0xdf, 0xff,
    0xdf, 0xb, 0xff, 0xfc, 0x0, 0x7f, 0xff, 0xc0,
    0xf, 0xff, 0xf0, 0x83, 0xff, 0xfc, 0x23, 0xff,
    0xfe, 0x11, 0xff, 0xff, 0x8, 0xff, 0xff, 0x82,
    0x7, 0xff, 0xf8, 0x10, 0x7f, 0xff, 0x80, 0x27,
    0xff, 0xfa, 0x74, 0xff, 0xe8, 0x37, 0xff, 0xf2,
    0xe8, 0xa0, 0xfa, 0xff, 0x83, 0xdf, 0xff, 0xc5,
    0x90, 0xff, 0xe1, 0x3f, 0xe4, 0x3c, 0xff, 0xff,
    0x2, 0x43, 0xff, 0x8d, 0x7f, 0x83, 0xfa, 0xff,
    0x90, 0xff, 0xe5, 0x7f, 0x83, 0xff, 0x80, 0xb8,
    0x3f, 0xf9, 0x97, 0xf2, 0x1f, 0xfd, 0xb7, 0xfc,
    0x1f, 0xfd, 0xcf, 0xf0, 0x7f, 0xf7, 0x3f, 0xc8,
    0x7f, 0xf6, 0xdf, 0xf0, 0x7f, 0xf7, 0x3f, 0xc1,
    0xff, 0xdc, 0xff, 0x21, 0xff, 0xdb, 0xbf, 0xc1,
    0xff, 0xdc, 0xff, 0x7, 0xff, 0x73, 0xfd, 0x7,
    0xff, 0x6e, 0xff, 0x7, 0xff, 0x73, 0xfc, 0x1f,
    0xfd, 0xcf, 0xf4, 0x1f, 0xfd, 0xb7, 0xfc, 0x1f,
    0xfd, 0xcf, 0xf0, 0x7f, 0xf7, 0x2f, 0xe8, 0x3f,
    0xfb, 0x6f, 0xf8, 0x3f, 0xfb, 0x9f, 0xe4, 0x3f,
    0xfb, 0x77, 0xf4, 0x1f, 0xfd, 0xcf, 0xf0, 0x7f,
    0xf7, 0x3f, 0xc8, 0x7f, 0xf6, 0xdf, 0xf0, 0x7f,
    0xf7, 0x3f, 0xc1, 0xff, 0xdc, 0xbf, 0xa0, 0xff,
    0xee, 0x7f, 0x83, 0xff, 0xb9, 0x7f, 0x21, 0xff,
    0xdb, 0x7f, 0xc1, 0xff, 0xdc, 0xff, 0x21, 0xff,
    0xdb, 0x7f, 0xa0, 0xff, 0xee, 0x7f, 0x83, 0xff,
    0xb8, 0xff, 0x41, 0xff, 0xdc, 0xff, 0x7, 0xff,
    0x71, 0xfe, 0x83, 0xff, 0xb9, 0xfe, 0xf, 0xfe,
    0xef, 0xf4, 0x1f, 0xfd, 0xdf, 0xe0, 0xff, 0xef,
    0xdc, 0x1f, 0xfd, 0x0,

    /* U+0038 "8" */
    0xf, 0xff, 0x8b, 0x4f, 0xfa, 0x88, 0x7f, 0xf4,
    0x5f, 0xff, 0xe2, 0x48, 0x7f, 0xf3, 0x2f, 0xff,
    0xe4, 0x87, 0xff, 0x26, 0xff, 0xfe, 0x64, 0x1f,
    0xfc, 0x57, 0xff, 0xfa, 0x1, 0xff, 0xc3, 0x7f,
    0xff, 0xa4, 0x1f, 0xfc, 0x17, 0xff, 0xfa, 0x70,
    0x7f, 0xf0, 0x3f, 0xff, 0xaa, 0x87, 0xf9, 0xff,
    0xfe, 0xb0, 0x7f, 0xaf, 0xff, 0xeb, 0x21, 0xfd,
    0xff, 0xfd, 0x80, 0xfe, 0xff, 0xfe, 0xc0, 0x7f,
    0x7f, 0xff, 0x61, 0xf, 0xdf, 0xff, 0xd8, 0x83,
    0xf5, 0xff, 0xfd, 0x78, 0x3f, 0xbf, 0xff, 0xb0,
    0x1f, 0xd7, 0xff, 0xf1, 0x24, 0x39, 0xbf, 0xfc,
    0x1f, 0xef, 0xff, 0xe0, 0xa1, 0xff, 0x3f, 0xfc,
    0x1f, 0xf5, 0xff, 0xc8, 0x7f, 0xf0, 0xaf, 0xfa,
    0xf, 0xfe, 0xd, 0x3d, 0x40, 0xff, 0xe3, 0x7f,
    0xd0, 0x7f, 0xf6, 0x7f, 0xe4, 0x3f, 0x7d, 0x7,
    0xff, 0x37, 0xfe, 0x43, 0xeb, 0xfa, 0xf, 0xfe,
    0x5f, 0xfc, 0x1f, 0xbf, 0xf2, 0x1f, 0xfc, 0x8b,
    0xfd, 0x7, 0xef, 0xff, 0x41, 0xff, 0xc5, 0xbf,
    0xe0, 0xff, 0x7f, 0xfd, 0x7, 0xff, 0xa, 0xff,
    0xa0, 0xff, 0xaf, 0xff, 0xe0, 0x21, 0xfc, 0xff,
    0xf0, 0x7f, 0xf0, 0xaf, 0xff, 0xe0, 0x48, 0x67,
    0xff, 0xc1, 0xff, 0xc5, 0xbf, 0xff, 0x85, 0x7f,
    0xfc, 0x1f, 0xfc, 0x8b, 0xff, 0xf9, 0x50, 0x7f,
    0xf2, 0xdf, 0xff, 0xe3, 0xa1, 0xff, 0xcc, 0x6f,
    0xff, 0xe3, 0xa1, 0xff, 0xc9, 0xbf, 0xff, 0x99,
    0x7, 0xff, 0x16, 0xff, 0xfe, 0x84, 0x1f, 0xfc,
    0x1b, 0xff, 0xf8, 0x32, 0x19, 0xbf, 0xfe, 0xf,
    0xf3, 0xff, 0xfc, 0x4, 0x3f, 0xe6, 0xff, 0xe0,
    0xfd, 0x7f, 0xfa, 0xf, 0xfe, 0x2d, 0xff, 0x83,
    0xd7, 0xff, 0x21, 0xff, 0xc9, 0xff, 0xa0, 0xcf,
    0xfe, 0x43, 0xff, 0x99, 0x7f, 0x83, 0x7f, 0xd0,
    0x7f, 0xf3, 0xff, 0xd0, 0x2f, 0xf2, 0x1f, 0xfd,
    0x1f, 0xf0, 0x3f, 0xd0, 0x7f, 0xf4, 0xbf, 0xc3,
    0xfe, 0xf, 0xfe, 0x9d, 0xfc, 0x5f, 0xc8, 0x7f,
    0xf4, 0xdf, 0xe3, 0xfc, 0x1f, 0xfd, 0x4b, 0xf8,
    0xff, 0x7, 0xff, 0x53, 0xfc, 0x7f, 0x83, 0xff,
    0xa6, 0xff, 0x45, 0xfc, 0x1f, 0xfd, 0x3f, 0xf2,
    0x5f, 0xc8, 0x7f, 0xf4, 0x7f, 0xe0, 0x3f, 0xe0,
    0xff, 0xe7, 0xbf, 0xf4, 0x17, 0xfa, 0xf, 0xfe,
    0x63, 0xff, 0xc1, 0x9f, 0xf9, 0xf, 0xfe, 0x33,
    0x7f, 0xfc, 0x87, 0x5f, 0xfa, 0x50, 0x7e, 0x55,
    0x3f, 0xff, 0x84, 0x87, 0xd7, 0xff, 0xf5, 0xd0,
    0xfe, 0x7f, 0xff, 0xa9, 0x7, 0xff, 0x5, 0xff,
    0xfe, 0x84, 0x1f, 0xfc, 0x56, 0xff, 0xfe, 0x54,
    0x87, 0xff, 0x2d, 0x54, 0xff, 0xfa, 0x88, 0x7f,
    0xf0, 0xc0,

    /* U+0039 "9" */
    0xf, 0xfe, 0x43, 0x4f, 0xfd, 0x44, 0x3f, 0xfa,
    0x2d, 0xff, 0xfc, 0x68, 0x3f, 0xf9, 0x97, 0xff,
    0xf3, 0x10, 0xff, 0xe3, 0xdf, 0xff, 0xd0, 0x43,
    0xff, 0x86, 0xff, 0xff, 0x4e, 0xf, 0xfe, 0xd,
    0xff, 0xfd, 0x58, 0x3f, 0xeb, 0xff, 0xfa, 0xe8,
    0x7f, 0x5f, 0xff, 0xd9, 0xf, 0xcf, 0xff, 0xf6,
    0x90, 0xf3, 0xff, 0xfd, 0xb8, 0x3d, 0xff, 0xfd,
    0xd0, 0xeb, 0xff, 0xfb, 0xa1, 0xdf, 0xff, 0xde,
    0xd, 0x7f, 0xff, 0x78, 0x37, 0xff, 0xf7, 0xc2,
    0x7f, 0xff, 0xbe, 0x15, 0xff, 0xfd, 0xe8, 0x2f,
    0xff, 0xe2, 0xca, 0xe, 0x55, 0xff, 0xfc, 0x30,
    0x9f, 0xff, 0xe1, 0xa1, 0xff, 0xc2, 0xbf, 0xfe,
    0x82, 0xbf, 0xff, 0x83, 0x7, 0xff, 0x19, 0xff,
    0xd0, 0x6b, 0xff, 0xf8, 0x10, 0x7f, 0xf2, 0x5f,
    0xe8, 0x3b, 0xff, 0xf8, 0x21, 0xff, 0xcd, 0x50,
    0x7d, 0xff, 0xfc, 0x0, 0xff, 0xeb, 0xff, 0xfd,
    0x7, 0xff, 0x5f, 0xff, 0xe0, 0xff, 0xeb, 0xbf,
    0xff, 0x7, 0xff, 0x5d, 0xff, 0xf4, 0x1f, 0xfd,
    0xf, 0xc1, 0x3f, 0xfe, 0x43, 0xff, 0x9e, 0xfe,
    0x80, 0xff, 0xf8, 0x3f, 0xfa, 0x1f, 0xd0, 0x5f,
    0xfe, 0xf, 0xfe, 0x87, 0xf2, 0x17, 0xff, 0x83,
    0xff, 0x9f, 0x7f, 0x6, 0xff, 0xf0, 0x7f, 0xf3,
    0xff, 0xa0, 0xdf, 0xfe, 0xf, 0xfe, 0x73, 0xfc,
    0x1d, 0x7f, 0xf0, 0x7f, 0xf3, 0xaf, 0xe0, 0xe7,
    0xff, 0x83, 0xff, 0x9d, 0xfc, 0x87, 0xbf, 0xf8,
    0x3f, 0xf9, 0xaf, 0xf0, 0x7d, 0xff, 0xd0, 0x7f,
    0xf3, 0x3f, 0xa0, 0xfa, 0xff, 0xe0, 0xff, 0xe6,
    0x7f, 0x21, 0xfb, 0xff, 0x90, 0xff, 0xe5, 0x5f,
    0xc1, 0xfd, 0x7f, 0xf0, 0x7f, 0xf2, 0x5f, 0xe8,
    0x3f, 0xdf, 0xfe, 0xf, 0xfe, 0x3d, 0xfe, 0x43,
    0xfc, 0xff, 0xf9, 0xf, 0xfe, 0x1d, 0xff, 0x83,
    0xff, 0x81, 0x7f, 0xfc, 0x87, 0xf9, 0xbf, 0xfc,
    0x1f, 0xfc, 0x1f, 0xff, 0xe0, 0xd1, 0x6a, 0x7f,
    0xff, 0x6, 0xf, 0xfe, 0x17, 0xff, 0xf5, 0x3,
    0xff, 0x89, 0xff, 0xfd, 0x30, 0xff, 0xe2, 0xbf,
    0xff, 0xca, 0x7f, 0xa0, 0xff, 0xe3, 0xbf, 0xff,
    0xc5, 0x90, 0x7f, 0x21, 0xff, 0xca, 0x6a, 0xff,
    0x51, 0xf, 0x7f, 0x7, 0xff, 0x75, 0xfe, 0xf,
    0xfe, 0xed, 0xfa, 0xf, 0xfe, 0xef, 0xf4, 0x1f,
    0xfd, 0xdf, 0xe4, 0x3f, 0xfb, 0xbf, 0xc1, 0xff,
    0xdd, 0x7f, 0x83, 0xff, 0xbb, 0x7e, 0x83, 0xff,
    0xbb, 0x7e, 0x83, 0xff, 0xbb, 0x7e, 0xf, 0xfe,
    0xfd, 0xe4, 0x3f, 0xe0,

    /* U+003A ":" */
    0xe, 0xbf, 0x48, 0x7e, 0x7f, 0xf8, 0x3d, 0x7f,
    0xfc, 0x19, 0xff, 0xfe, 0x8, 0x5f, 0xff, 0xc2,
    0x87, 0xff, 0xf8, 0x65, 0xff, 0xfc, 0x37, 0xff,
    0xf8, 0x8f, 0xff, 0xf1, 0x1b, 0xff, 0xf8, 0x6a,
    0xff, 0xfe, 0x18, 0x3f, 0xff, 0x85, 0x1, 0xff,
    0xfe, 0x8, 0x6b, 0xff, 0xe4, 0x3a, 0xff, 0xe4,
    0x3f, 0x5f, 0xc8, 0x7f, 0xff, 0xc3, 0xff, 0xfe,
    0x1f, 0xff, 0x4b, 0xf9, 0xf, 0xd7, 0xff, 0x21,
    0xd7, 0xff, 0xc8, 0x4f, 0xff, 0xf0, 0x42, 0xff,
    0xfe, 0x14, 0x3f, 0xff, 0xc3, 0x2f, 0xff, 0xe1,
    0xbf, 0xff, 0xc4, 0x7f, 0xff, 0x88, 0xdf, 0xff,
    0xc3, 0x57, 0xff, 0xf0, 0xc1, 0xff, 0xfc, 0x28,
    0xf, 0xff, 0xf0, 0x43, 0x5f, 0xff, 0x21, 0xcf,
    0xff, 0x7, 0xf5, 0xfa, 0x43, 0x80,

    /* U+003B ";" */
    0xe, 0xbf, 0x48, 0x7e, 0x7f, 0xf8, 0x3d, 0x7f,
    0xfc, 0x19, 0xff, 0xfe, 0x8, 0x5f, 0xff, 0xc2,
    0x87, 0xff, 0xf8, 0x65, 0xff, 0xfc, 0x37, 0xff,
    0xf8, 0x8f, 0xff, 0xf1, 0x1b, 0xff, 0xf8, 0x6a,
    0xff, 0xfe, 0x18, 0x3f, 0xff, 0x85, 0x1, 0xff,
    0xfe, 0x8, 0x6b, 0xff, 0xe4, 0x3a, 0xff, 0xe4,
    0x3f, 0x5f, 0xc8, 0x7f, 0xff, 0xc3, 0xff, 0xfe,
    0x1f, 0xff, 0x55, 0x48, 0x7f, 0xd7, 0xfc, 0x87,
    0xdf, 0xfe, 0x83, 0xbf, 0xff, 0x81, 0x5, 0x7f,
    0xff, 0x5, 0x7, 0xff, 0xf0, 0xa1, 0xff, 0xfe,
    0x19, 0x7f, 0xff, 0xc, 0xbf, 0xff, 0x86, 0x5f,
    0xff, 0xc3, 0x1f, 0xff, 0xe1, 0x83, 0xff, 0xf8,
    0x60, 0xff, 0xfe, 0x18, 0x5f, 0xff, 0xc1, 0x83,
    0x7f, 0xff, 0x0, 0x3c, 0xff, 0xf8, 0x3f, 0xef,
    0xe4, 0x3f, 0xcf, 0xf0, 0x7f, 0xdf, 0xc1, 0xff,
    0x5f, 0xa0, 0xff, 0xbf, 0x83, 0xfe, 0xfe, 0xf,
    0xfb, 0xf8, 0x3f, 0xef, 0xe4, 0x3f, 0x9f, 0xe0,
    0xff, 0x3f, 0xc1, 0xff, 0x5f, 0x41, 0xff, 0xc1,
    0xf2, 0x1f, 0xfc, 0x0,

    /* U+003C "<" */
    0xf, 0xfe, 0x9d, 0x3f, 0x48, 0x7f, 0xf5, 0x6f,
    0xff, 0x83, 0xff, 0xa2, 0xff, 0xff, 0xd, 0xf,
    0xfe, 0x6d, 0xff, 0xfc, 0x60, 0xff, 0xe5, 0xdf,
    0xff, 0xc8, 0x83, 0xff, 0x91, 0x7f, 0xff, 0x2c,
    0x3f, 0xf8, 0xcf, 0xff, 0xf3, 0x50, 0xff, 0xe2,
    0x7f, 0xff, 0x3d, 0xf, 0xfe, 0x13, 0xff, 0xfd,
    0x4, 0x3f, 0xf8, 0x3f, 0xff, 0xd2, 0x43, 0xfe,
    0x7f, 0xff, 0xa6, 0x1f, 0xf5, 0xff, 0xfd, 0x38,
    0x3f, 0xdf, 0xff, 0xd5, 0xf, 0xe7, 0xff, 0xfa,
    0xa1, 0xfc, 0xff, 0xff, 0x52, 0xf, 0xeb, 0xff,
    0xfa, 0x70, 0x7f, 0xaf, 0xff, 0xe8, 0xc8, 0x7f,
    0xd7, 0xff, 0xf3, 0xe4, 0x3f, 0xf8, 0x2f, 0xff,
    0xf3, 0x64, 0x3f, 0xf8, 0x9f, 0xff, 0xcc, 0x43,
    0xff, 0x8d, 0x7f, 0xff, 0x26, 0x43, 0xff, 0x91,
    0xff, 0xfc, 0x88, 0x3f, 0xf9, 0x4f, 0xff, 0xf1,
    0xa0, 0xff, 0xe6, 0x5f, 0xff, 0xc4, 0x83, 0xff,
    0x9d, 0xff, 0xfc, 0x38, 0x3f, 0xfa, 0x1f, 0xff,
    0xc1, 0x83, 0xff, 0xa5, 0xff, 0xfc, 0x0, 0xff,
    0xea, 0x7f, 0xfc, 0x1f, 0xfd, 0x57, 0xff, 0xc1,
    0xff, 0xd6, 0xff, 0xf0, 0x7f, 0xf5, 0x9f, 0xff,
    0x21, 0xff, 0xd5, 0x7f, 0xfe, 0x43, 0xff, 0xa8,
    0xff, 0xff, 0x2, 0x43, 0xff, 0xa7, 0x7f, 0xff,
    0x6, 0x43, 0xff, 0xa2, 0xdf, 0xff, 0xc2, 0x90,
    0xff, 0xe8, 0xdf, 0xff, 0xc4, 0x90, 0xff, 0xe7,
    0xb7, 0xff, 0xf1, 0x68, 0x87, 0xff, 0x35, 0xbf,
    0xff, 0x8f, 0x45, 0x7, 0xff, 0x29, 0xbf, 0xff,
    0x95, 0x7, 0xff, 0x29, 0xbf, 0xff, 0x91, 0x7,
    0xff, 0x35, 0xbf, 0xff, 0x8a, 0x1f, 0xfd, 0x16,
    0xff, 0xfe, 0x4, 0x1f, 0xfd, 0x66, 0x9f, 0xe0,
    0xff, 0xee, 0xa8, 0x20,

    /* U+003D "=" */
    0xf, 0xfe, 0x42, 0xf5, 0x7d, 0xfd, 0x40, 0xff,
    0xe2, 0xaa, 0x9f, 0xff, 0xce, 0xf, 0xe6, 0x9f,
    0xff, 0xd6, 0x43, 0x9f, 0xff, 0xed, 0x86, 0xbf,
    0xff, 0xba, 0x7, 0xff, 0xfb, 0xc0, 0xff, 0xfe,
    0xfb, 0x7f, 0xff, 0x7e, 0xff, 0xff, 0x3, 0xff,
    0xfe, 0x3, 0xff, 0xfc, 0x7, 0xff, 0xf7, 0xc1,
    0x7f, 0xff, 0x75, 0xb, 0xff, 0xfb, 0x88, 0x67,
    0xff, 0xfb, 0x28, 0x7c, 0xff, 0xff, 0x42, 0x8a,
    0xf, 0xfe, 0x13, 0xff, 0xfc, 0xa, 0xe5, 0x83,
    0xff, 0xfe, 0x1f, 0xff, 0xf0, 0xff, 0xff, 0x87,
    0xff, 0xfc, 0x3f, 0xff, 0xca, 0xa0, 0x7f, 0xf4,
    0x57, 0x55, 0xff, 0xe0, 0xff, 0x2f, 0xab, 0xbf,
    0xff, 0x98, 0x1a, 0xff, 0xfe, 0xe0, 0x4f, 0xff,
    0xf7, 0x20, 0x9f, 0xff, 0xec, 0x51, 0xf, 0x7f,
    0xff, 0x36, 0xa5, 0x83, 0xff, 0x87, 0x7f, 0x57,
    0x97, 0x83, 0xff, 0x98,

    /* U+003E ">" */
    0xe, 0xbf, 0xa4, 0x3f, 0xfa, 0xd7, 0xff, 0xa4,
    0x3f, 0xfa, 0x5f, 0xff, 0xc3, 0x83, 0xff, 0x9f,
    0x7f, 0xff, 0x16, 0x43, 0xff, 0x99, 0xff, 0xfc,
    0x94, 0x3f, 0xf9, 0x37, 0xff, 0xf2, 0xc3, 0xff,
    0x91, 0xff, 0xfc, 0xd8, 0x3f, 0xf8, 0xdf, 0xff,
    0xcf, 0x43, 0xff, 0x89, 0xff, 0xfd, 0x10, 0xff,
    0xe1, 0xff, 0xff, 0x49, 0xf, 0xfe, 0xd, 0xff,
    0xfd, 0x28, 0x3f, 0xf8, 0x3f, 0xff, 0xd4, 0x43,
    0xfe, 0xbf, 0xff, 0xa9, 0x7, 0xfd, 0x7f, 0xff,
    0x52, 0xf, 0xf9, 0xff, 0xfe, 0xa8, 0x7f, 0xf0,
    0x1f, 0xff, 0xea, 0x7, 0xff, 0x9, 0xff, 0xfe,
    0x90, 0x7f, 0xf1, 0x1f, 0xff, 0xe8, 0x7, 0xff,
    0x1a, 0xff, 0xfe, 0x70, 0x7f, 0xf1, 0xdb, 0xff,
    0xf9, 0x68, 0x7f, 0xf2, 0x6f, 0xff, 0xe5, 0x7,
    0xff, 0x2d, 0xff, 0xfe, 0x44, 0x1f, 0xfc, 0xc7,
    0xff, 0xf8, 0xe1, 0xff, 0xce, 0x7f, 0xff, 0x8a,
    0x1f, 0xfd, 0x7, 0xff, 0xf8, 0x68, 0x7f, 0xf4,
    0x5f, 0xff, 0xe0, 0xa1, 0xff, 0xd3, 0xbf, 0xfe,
    0x43, 0xff, 0xa9, 0x7f, 0xf8, 0x3f, 0xfa, 0xaf,
    0xff, 0x83, 0xff, 0xab, 0x7f, 0xf2, 0x1f, 0xfd,
    0x4b, 0xff, 0xa0, 0xff, 0xe9, 0x37, 0xff, 0xc1,
    0xff, 0xd1, 0x7f, 0xff, 0x81, 0x7, 0xff, 0x3d,
    0xff, 0xfe, 0x12, 0x1f, 0xfc, 0xc6, 0xff, 0xfe,
    0x1a, 0x1f, 0xfc, 0xa6, 0xff, 0xfe, 0x24, 0x87,
    0xff, 0x21, 0xbf, 0xff, 0x8c, 0x87, 0xff, 0x15,
    0xa7, 0xff, 0xf2, 0x20, 0xff, 0xe2, 0x3f, 0xff,
    0xcb, 0x83, 0xff, 0x8f, 0xff, 0xfc, 0x94, 0x3f,
    0xf9, 0x2f, 0xff, 0xf1, 0x64, 0x3f, 0xf9, 0x8f,
    0xff, 0xf0, 0x24, 0x3f, 0xfa, 0x57, 0xfa, 0x43,
    0xff, 0xb2, 0x87, 0xff, 0x70,

    /* U+003F "?" */
    0xf, 0xfe, 0x22, 0xfe, 0xf, 0xfe, 0x73, 0x7f,
    0xff, 0x2, 0x43, 0xff, 0x8f, 0x7f, 0xff, 0x1e,
    0xf, 0xfe, 0x1d, 0xff, 0xfc, 0xb4, 0x3f, 0xe7,
    0xff, 0xf9, 0xd0, 0x7f, 0x5f, 0xff, 0xd0, 0x83,
    0xef, 0xff, 0xe9, 0xc1, 0xd7, 0xff, 0xf5, 0x3,
    0x3f, 0xff, 0xd6, 0xb, 0xff, 0xfa, 0xe0, 0x7f,
    0xff, 0xaf, 0x17, 0xff, 0xf6, 0xb, 0xff, 0xfb,
    0x7, 0xff, 0xf6, 0x5b, 0xff, 0xfb, 0xd, 0xff,
    0xfc, 0x79, 0x7b, 0xff, 0xe8, 0xff, 0xfe, 0x2a,
    0x1f, 0x9f, 0xfe, 0x8f, 0xff, 0xe1, 0xc1, 0xff,
    0x3f, 0xf9, 0x7, 0xff, 0xf0, 0x43, 0xff, 0x85,
    0xff, 0x90, 0x3f, 0xfe, 0x83, 0xff, 0x87, 0x7f,
    0xc1, 0xdf, 0xf9, 0xf, 0xfe, 0x25, 0xff, 0x7,
    0x9b, 0xd2, 0x1f, 0xfc, 0x6b, 0xfe, 0xf, 0xfe,
    0x97, 0xfc, 0x87, 0xff, 0x45, 0xff, 0x83, 0xff,
    0xa5, 0xff, 0x21, 0xff, 0xd1, 0xbf, 0xe0, 0xff,
    0xe8, 0xdf, 0xf0, 0x7f, 0xf4, 0x6f, 0xf9, 0xf,
    0xfe, 0x87, 0xfe, 0x43, 0xff, 0x9e, 0xff, 0xe4,
    0x3f, 0xf9, 0xf7, 0xfe, 0x43, 0xff, 0x9c, 0xff,
    0xf0, 0x7f, 0xf3, 0xdf, 0xfd, 0x7, 0xff, 0x3e,
    0xff, 0xc1, 0xff, 0xd0, 0x7f, 0xe8, 0x3f, 0xfa,
    0x3f, 0xf0, 0x7f, 0xf4, 0xff, 0xc1, 0xff, 0xd4,
    0xfe, 0xf, 0xfe, 0xaf, 0xf0, 0x7f, 0xf5, 0x7f,
    0x83, 0xff, 0xab, 0xfc, 0x1f, 0xfd, 0x5b, 0xf0,
    0x7f, 0xf5, 0xae, 0x43, 0xff, 0xfe, 0x1f, 0xfd,
    0x95, 0x7, 0xff, 0x51, 0xbf, 0xd0, 0x7f, 0xf4,
    0x2f, 0xff, 0x7, 0xff, 0x3a, 0xff, 0xfe, 0x0,
    0x7f, 0xf3, 0x2f, 0xff, 0xe1, 0x7, 0xff, 0x2f,
    0xff, 0xf8, 0x70, 0x7f, 0xf2, 0x5f, 0xff, 0xe2,
    0x7, 0xff, 0x26, 0xff, 0xfe, 0x20, 0x7f, 0xf2,
    0x7f, 0xff, 0x8a, 0x1f, 0xfc, 0x9f, 0xff, 0xe2,
    0x87, 0xff, 0x26, 0xff, 0xfe, 0x20, 0x7f, 0xf2,
    0x5f, 0xff, 0xe2, 0x7, 0xff, 0x2b, 0xff, 0xf8,
    0x68, 0x7f, 0xf2, 0x9f, 0xff, 0xe1, 0x7, 0xff,
    0x31, 0xff, 0xfe, 0x0, 0x7f, 0xf3, 0x9f, 0xfe,
    0x83, 0xff, 0xa2, 0xdf, 0xa0, 0xff, 0xe1, 0x80,

    /* U+0040 "@" */
    0xf, 0xfe, 0x92, 0xfe, 0xf, 0xff, 0x1b, 0x7f,
    0xff, 0xa, 0x43, 0xff, 0xb6, 0xff, 0xff, 0x29,
    0xf, 0xfe, 0xb5, 0xff, 0xfc, 0xe8, 0x3f, 0xfa,
    0x57, 0xff, 0xf4, 0xa0, 0xff, 0xe7, 0x5f, 0xff,
    0xc2, 0xaf, 0xbf, 0xff, 0x82, 0x1f, 0xfc, 0xcf,
    0xff, 0xa4, 0x3f, 0xf8, 0x2d, 0xff, 0xc1, 0xff,
    0xc9, 0x7f, 0xfc, 0x87, 0xff, 0x1d, 0xff, 0xc1,
    0xff, 0xc7, 0x7f, 0xf4, 0x1f, 0xfc, 0xc7, 0xfe,
    0xf, 0xfe, 0x2d, 0xff, 0x83, 0xff, 0xa1, 0xff,
    0x7, 0xff, 0xe, 0xff, 0xa0, 0xff, 0xe9, 0x7f,
    0x90, 0xff, 0xe0, 0xbf, 0xf2, 0x1f, 0xfd, 0x4f,
    0xf0, 0x7f, 0xf0, 0x1f, 0xf8, 0x3f, 0xfa, 0xcf,
    0xf4, 0x1f, 0xf7, 0xfc, 0x1f, 0xfd, 0x8f, 0xf0,
    0x7f, 0xaf, 0xf0, 0x7f, 0xf0, 0x5a, 0x7f, 0xa5,
    0x7, 0xff, 0x1, 0xfe, 0x43, 0xf3, 0xfe, 0xf,
    0xfe, 0x5, 0xff, 0xfc, 0x28, 0x3f, 0xef, 0xf0,
    0x7e, 0xff, 0x21, 0xfe, 0xbf, 0xff, 0x8d, 0x7,
    0xf5, 0xfc, 0x1f, 0x5f, 0xd0, 0x7f, 0x3f, 0xff,
    0xc9, 0x83, 0xfb, 0xf9, 0xf, 0x7f, 0x83, 0xfa,
    0xff, 0xfe, 0x58, 0x7f, 0x7f, 0x41, 0xd7, 0xf0,
    0x7f, 0x5f, 0xff, 0xcc, 0x83, 0xf7, 0xf4, 0x1d,
    0xfd, 0x7, 0xeb, 0xff, 0xf9, 0xc1, 0xfa, 0xfe,
    0xd, 0x7f, 0x7, 0xe7, 0xff, 0xf9, 0xe1, 0xf9,
    0xfe, 0xd, 0xfd, 0x7, 0xef, 0xff, 0xe7, 0xc1,
    0xf9, 0xfe, 0x9, 0xfe, 0xf, 0xd7, 0xff, 0xf3,
    0xd0, 0xfc, 0xff, 0x5, 0x7f, 0x7, 0xef, 0xff,
    0xe8, 0x7, 0xf3, 0xfc, 0x17, 0xf4, 0x1f, 0x5f,
    0xff, 0xcf, 0x43, 0xf9, 0xfe, 0xb, 0xf8, 0x3f,
    0x7f, 0xff, 0x3d, 0xf, 0xf3, 0xfc, 0x7, 0xf8,
    0x3e, 0x7f, 0xff, 0x87, 0x7, 0x9a, 0x21, 0xff,
    0xc0, 0x7f, 0x81, 0x7f, 0x7, 0xd7, 0xff, 0xf0,
    0x60, 0xff, 0xe6, 0x5f, 0xc0, 0xfe, 0x83, 0xef,
    0xff, 0xe0, 0xa1, 0xff, 0xcd, 0xbf, 0x40, 0xfe,
    0x43, 0xef, 0xff, 0xe0, 0x21, 0xff, 0xc0, 0x7d,
    0x7, 0xfb, 0xfa, 0x7, 0xf2, 0x1e, 0x7f, 0xfe,
    0x43, 0xff, 0x83, 0xf9, 0xf, 0xef, 0xe4, 0x1f,
    0xc1, 0xf3, 0xff, 0xf0, 0x7f, 0xf0, 0x6f, 0xc1,
    0xfc, 0xff, 0x5, 0xfc, 0x1f, 0x5f, 0xfe, 0x43,
    0xff, 0x83, 0xfc, 0x1f, 0xd7, 0xf0, 0x5f, 0xc1,
    0xf5, 0xff, 0xe0, 0xff, 0xe0, 0xbf, 0x90, 0xfe,
    0xfe, 0x82, 0xfe, 0xf, 0xaf, 0xfe, 0x83, 0xff,
    0x83, 0x7e, 0xf, 0xf7, 0xf2, 0x17, 0xf0, 0x7d,
    0x7f, 0xf4, 0x1f, 0xfc, 0x1f, 0xe0, 0xfe, 0xbf,
    0x83, 0x7f, 0x7, 0xcf, 0xff, 0x21, 0xff, 0xc1,
    0xfc, 0x87, 0xf7, 0xf4, 0x1b, 0xf9, 0xf, 0x3f,
    0xfd, 0x7, 0xff, 0x1, 0xfc, 0x1f, 0xd7, 0xf0,
    0x77, 0xf2, 0x1f, 0x7f, 0xf4, 0x1f, 0xfc, 0xb,
    0xf0, 0x7e, 0x7f, 0xa0, 0xeb, 0xf4, 0x1f, 0x7f,
    0xf8, 0x3f, 0xf8, 0x1f, 0xc1, 0xf3, 0xfe, 0xf,
    0x5f, 0xc1, 0xf3, 0xff, 0xd0, 0x7f, 0xbf, 0xc1,
    0xe7, 0xfc, 0x87, 0x9f, 0xe4, 0x3e, 0xff, 0xf4,
    0x1f, 0x5f, 0xf0, 0x75, 0xfe, 0x83, 0xf7, 0xf4,
    0x1f, 0x3f, 0xff, 0x4d, 0x3f, 0xfe, 0x6f, 0xfd,
    0x7, 0xf7, 0xf8, 0x3f, 0x5f, 0xff, 0xd6, 0x83,
    0xfd, 0x7f, 0x41, 0xfa, 0xff, 0xfe, 0xa4, 0x1f,
    0xfc, 0xf, 0xf0, 0x7f, 0x3f, 0xff, 0xc4, 0x8f,
    0xff, 0xe0, 0x21, 0xff, 0xc1, 0xbf, 0xc1, 0xfe,
    0xbf, 0xff, 0x80, 0x86, 0xff, 0xe8, 0x3f, 0xf8,
    0x6f, 0xfa, 0xf, 0xfe, 0x3, 0x5c, 0xa0, 0xfc,
    0xdf, 0x48, 0x7f, 0xf1, 0xaf, 0xf4, 0x1f, 0xfe,
    0x9f, 0xfa, 0xf, 0xfe, 0xbb, 0x40, 0xff, 0xe1,
    0x3f, 0xf8, 0x3f, 0xfa, 0x8f, 0xf0, 0x7f, 0xf0,
    0xaf, 0xfd, 0x7, 0xff, 0x41, 0xff, 0x90, 0xff,
    0xe1, 0x5f, 0xfd, 0x7, 0xff, 0x31, 0xff, 0xe0,
    0xff, 0xe2, 0x5f, 0xff, 0x48, 0x7f, 0xf1, 0x5f,
    0xff, 0xa0, 0xff, 0xe2, 0xdf, 0xff, 0xc2, 0xa2,
    0xff, 0x5f, 0xff, 0xc2, 0x43, 0xff, 0x8e, 0xff,
    0xff, 0x66, 0xf, 0xfe, 0x5d, 0xff, 0xfd, 0x58,
    0x3f, 0xf9, 0xf7, 0xff, 0xf4, 0x24, 0x3f, 0xfa,
    0x6d, 0xff, 0xfc, 0xa9, 0xf, 0xfe, 0xd3, 0x4f,
    0xff, 0x51, 0x41, 0xff, 0xcb,

    /* U+0041 "A" */
    0xf, 0xfe, 0x7a, 0xf8, 0x3f, 0xfc, 0xd7, 0xff,
    0x90, 0xff, 0xf0, 0xdf, 0xff, 0xc2, 0x43, 0xff,
    0xba, 0xff, 0xff, 0x18, 0x3f, 0xfb, 0x77, 0xff,
    0xf2, 0x3, 0xff, 0xb3, 0xff, 0xfc, 0xb0, 0xff,
    0xeb, 0xdf, 0xff, 0xcb, 0x43, 0xff, 0xaa, 0xff,
    0xff, 0x34, 0x3f, 0xfa, 0xbf, 0xff, 0xce, 0x83,
    0xff, 0xa7, 0x7f, 0xff, 0x3c, 0x3f, 0xfa, 0x4f,
    0xff, 0xf1, 0xa0, 0xbf, 0xd0, 0x7f, 0xf4, 0x7f,
    0xff, 0x8d, 0x7, 0x7f, 0x83, 0xff, 0xa0, 0xff,
    0xff, 0x18, 0x3d, 0x7f, 0x41, 0xff, 0xcf, 0xff,
    0xfe, 0x34, 0x1f, 0x7f, 0x83, 0xff, 0x9d, 0x7f,
    0xff, 0x18, 0x3f, 0x5f, 0xc8, 0x7f, 0xf3, 0x7f,
    0xff, 0x8e, 0x1f, 0xdf, 0xe0, 0xff, 0xe6, 0x3f,
    0xff, 0xc6, 0x43, 0xfa, 0xfe, 0x43, 0xff, 0x97,
    0xff, 0xfc, 0x70, 0xff, 0xbf, 0xc1, 0xff, 0xca,
    0x7f, 0xff, 0x8c, 0x87, 0xfd, 0xfe, 0x43, 0xff,
    0x93, 0xff, 0xfc, 0x70, 0xff, 0xe0, 0x3f, 0xd0,
    0x7f, 0xf2, 0x7f, 0xff, 0x8d, 0x7, 0xff, 0x7,
    0xfc, 0x1f, 0xfc, 0x8b, 0xff, 0xf8, 0xc1, 0xff,
    0xc2, 0xbf, 0x90, 0xff, 0xe3, 0xff, 0xff, 0x1c,
    0x3f, 0xf8, 0x7f, 0xe0, 0xff, 0xe3, 0x3f, 0xff,
    0xc6, 0x43, 0xff, 0x87, 0xfe, 0xf, 0xfe, 0x37,
    0xff, 0xf1, 0xc3, 0xff, 0x89, 0x7f, 0x41, 0xff,
    0xc5, 0xff, 0xfe, 0x38, 0x7f, 0xf1, 0x7f, 0xc1,
    0xff, 0xc4, 0x7f, 0xff, 0x8c, 0x87, 0xff, 0x17,
    0xfc, 0x87, 0xff, 0xf, 0xff, 0xf8, 0xe1, 0xff,
    0xc6, 0x7f, 0xa0, 0xff, 0xe1, 0xff, 0xff, 0x1c,
    0x3f, 0xf8, 0xff, 0xe0, 0xff, 0xe1, 0x3f, 0xff,
    0xc6, 0x43, 0xff, 0x8f, 0xfe, 0x43, 0xff, 0x83,
    0xff, 0xfc, 0x70, 0xff, 0xe4, 0x3f, 0xd0, 0x7f,
    0xf0, 0x7f, 0xff, 0x8e, 0x1f, 0xfc, 0x9f, 0xf0,
    0x7f, 0xf0, 0x1f, 0xff, 0xe3, 0x41, 0xff, 0xc9,
    0xff, 0x7, 0xff, 0x2, 0xff, 0xfe, 0x30, 0x7f,
    0xf2, 0xaf, 0xe8, 0x3f, 0xef, 0xff, 0xe3, 0x87,
    0xff, 0x2f, 0xfc, 0x1f, 0xe7, 0xff, 0xf8, 0xd0,
    0x7f, 0xf2, 0xff, 0xc1, 0xfe, 0xbf, 0xff, 0x8c,
    0x87, 0xff, 0x2e, 0xfe, 0x43, 0xfb, 0xff, 0xf8,
    0xe1, 0xff, 0xcc, 0x7f, 0xa0, 0xfe, 0xff, 0xfe,
    0x38, 0x7f, 0xf3, 0x7f, 0xc1, 0xf9, 0xff, 0xfe,
    0x34, 0x1f, 0xfc, 0xdf, 0xf0, 0x7e, 0xbf, 0xff,
    0x8c, 0x87, 0xff, 0x36, 0xfe, 0x43, 0xef, 0xff,
    0xe3, 0x87, 0xff, 0x39, 0xfe, 0x83, 0xef, 0xff,
    0xe3, 0x84, 0xaa, 0xbf, 0xfe, 0x83, 0xef, 0xf0,
    0x79, 0xff, 0xfe, 0xd8, 0x7d, 0x7f, 0x7, 0xaf,
    0xff, 0xed, 0xa1, 0xe7, 0xf9, 0xe, 0xff, 0xfe,
    0xe0, 0x7e, 0xfe, 0x83, 0xbf, 0xff, 0xb6, 0x87,
    0xef, 0xf0, 0x77, 0xff, 0xf3, 0x68, 0xb8, 0x3f,
    0xf8, 0xb7, 0xf0, 0x67, 0xff, 0xf8, 0xf2, 0x1f,
    0xfc, 0xfb, 0xf9, 0xa, 0xff, 0xfe, 0x30, 0x7f,
    0xf4, 0x9f, 0xe4, 0x2f, 0xff, 0xe3, 0x87, 0xff,
    0x4f, 0xfa, 0xb, 0xff, 0xf8, 0xd0, 0x7f, 0xf4,
    0xff, 0xc1, 0x7f, 0xff, 0x1a, 0xf, 0xfe, 0x9d,
    0xfc, 0x17, 0xff, 0xf1, 0x90, 0xff, 0xe9, 0xbf,
    0xc1, 0x7f, 0xff, 0x18, 0x3f, 0xfa, 0xbf, 0xc8,
    0x2f, 0xff, 0xe2, 0x87, 0xff, 0x57, 0xfa, 0xb,
    0xff, 0xf8, 0x88, 0x7f, 0xf5, 0x6f, 0xd0, 0x4f,
    0xff, 0xf0, 0xa0, 0xff, 0xeb, 0x5f, 0xc1, 0x9f,
    0xff, 0xe0, 0x87, 0xff, 0x5d, 0xfe, 0xf, 0x7f,
    0xfa, 0xf, 0xfe, 0xcf, 0xf0, 0x7e, 0xbf, 0x90,
    0xff, 0xed, 0xbf, 0x7, 0xff, 0xc4,

    /* U+0042 "B" */
    0xf, 0xfe, 0x42, 0xaa, 0xff, 0xf5, 0x10, 0xff,
    0xe8, 0xb4, 0xff, 0xfe, 0x5c, 0x87, 0xff, 0x25,
    0xbf, 0xff, 0xa7, 0x7, 0xff, 0x11, 0xff, 0xfe,
    0xca, 0x1f, 0xfc, 0x7, 0xff, 0xfb, 0x90, 0x7f,
    0xaf, 0xff, 0xef, 0x41, 0xfa, 0xff, 0xff, 0x4,
    0x1e, 0x7f, 0xff, 0xc4, 0x1e, 0xff, 0xff, 0x1c,
    0x19, 0xff, 0xff, 0x20, 0x6b, 0xff, 0xfc, 0x90,
    0x5f, 0xff, 0xe6, 0xb, 0xff, 0xfc, 0xc1, 0x7f,
    0xff, 0x99, 0x7, 0xff, 0xf9, 0x90, 0x7f, 0xff,
    0x9a, 0x5, 0xff, 0xfe, 0x58, 0xf, 0xff, 0xf4,
    0x6b, 0xbf, 0xff, 0x87, 0x5, 0xff, 0xfc, 0xa9,
    0x41, 0xff, 0xc0, 0x6f, 0xff, 0x41, 0x3f, 0xff,
    0xc4, 0x90, 0xff, 0xe4, 0xff, 0xf4, 0x19, 0xff,
    0xfa, 0x43, 0xff, 0x9d, 0xff, 0xa0, 0xf7, 0xfd,
    0x7, 0xff, 0x4b, 0xff, 0x21, 0xfb, 0xf9, 0xf,
    0xfe, 0x95, 0xff, 0x21, 0xfb, 0xf9, 0xf, 0xfe,
    0x93, 0xff, 0x7, 0xe7, 0xf8, 0x3f, 0xfa, 0x77,
    0xfc, 0x1f, 0x9f, 0xe0, 0xff, 0xe9, 0xff, 0xd0,
    0x7e, 0x7f, 0x83, 0xff, 0xa7, 0xff, 0x7, 0xf5,
    0xfc, 0x1f, 0xfd, 0x2f, 0xfa, 0xf, 0xeb, 0xf8,
    0x3f, 0xfa, 0x3f, 0xf8, 0x3f, 0xd7, 0xf0, 0x7f,
    0xf4, 0x3f, 0xf4, 0x1f, 0xef, 0xe8, 0x3f, 0xf9,
    0xd7, 0xff, 0x7, 0xfd, 0xfd, 0x7, 0xff, 0x31,
    0xff, 0xf0, 0x7f, 0xf0, 0x3f, 0xa0, 0xff, 0xe5,
    0x5f, 0xfe, 0x83, 0xff, 0x83, 0xfc, 0x87, 0xff,
    0x19, 0xbf, 0xff, 0x80, 0x87, 0xff, 0xb, 0xf9,
    0xf, 0xfe, 0xb, 0x4f, 0xff, 0xe1, 0x21, 0xff,
    0xc4, 0xfe, 0x43, 0xff, 0x81, 0xff, 0xfc, 0x44,
    0x3f, 0xf8, 0xdf, 0xc8, 0x7f, 0xd7, 0xff, 0xf2,
    0x20, 0xff, 0xe0, 0xbf, 0xc1, 0xff, 0xc0, 0xbf,
    0xff, 0x96, 0x87, 0xf9, 0xfe, 0xf, 0xfe, 0x3,
    0xff, 0xfc, 0xc8, 0x3f, 0x9f, 0xe0, 0xff, 0xe0,
    0xdf, 0xab, 0x7f, 0xff, 0x14, 0x3f, 0x3f, 0xc1,
    0xff, 0xcf, 0x6f, 0xff, 0x41, 0xf3, 0xfc, 0x1f,
    0xfd, 0x26, 0xff, 0xc8, 0x7a, 0xfe, 0xf, 0xfe,
    0xa3, 0xff, 0x83, 0xd7, 0xf0, 0x7f, 0xf5, 0xbf,
    0xe4, 0x3a, 0xfe, 0xf, 0xfe, 0xb3, 0xfe, 0x83,
    0xaf, 0xe0, 0xff, 0xeb, 0xff, 0xa0, 0xeb, 0xf4,
    0x1f, 0xfd, 0x7b, 0xfc, 0x1d, 0x7e, 0x83, 0xff,
    0xaf, 0x7f, 0x41, 0xdf, 0xd0, 0x7f, 0xf5, 0xef,
    0xe8, 0x3b, 0xfa, 0xf, 0xfe, 0xbd, 0xfd, 0x7,
    0x7f, 0x83, 0xff, 0xaf, 0xfe, 0x43, 0xbf, 0xe8,
    0x3f, 0xfa, 0x97, 0xf8, 0x3d, 0xff, 0xd2, 0x1f,
    0xfd, 0x7, 0xfe, 0xf, 0x7f, 0xff, 0x2, 0xf,
    0xfe, 0x6d, 0xff, 0x21, 0xef, 0xff, 0xe1, 0xc8,
    0x7f, 0xf1, 0xef, 0xfe, 0xf, 0xbf, 0xff, 0x8f,
    0x28, 0x3f, 0x95, 0x7f, 0xfc, 0x1f, 0xbf, 0xaf,
    0xff, 0xed, 0x21, 0xfb, 0xf9, 0x1f, 0xff, 0xeb,
    0x87, 0xfb, 0xf9, 0xd, 0x7f, 0xff, 0x49, 0xf,
    0xfb, 0xf8, 0x3f, 0x37, 0xff, 0xf2, 0xe4, 0x3f,
    0xf8, 0x57, 0x90, 0xff, 0xe0, 0x2a, 0x9f, 0xff,
    0x51, 0x41, 0xff, 0xc0,

    /* U+0043 "C" */
    0xf, 0xfe, 0x82, 0xfe, 0xf, 0xfe, 0xdb, 0x7f,
    0xff, 0xe, 0x43, 0xff, 0xa4, 0xff, 0xff, 0x2a,
    0x43, 0xff, 0x9b, 0x7f, 0xff, 0x3e, 0xf, 0xfe,
    0x4d, 0xff, 0xfd, 0x30, 0xff, 0xe3, 0x5f, 0xff,
    0xd6, 0xf, 0xfe, 0x1b, 0xff, 0xfd, 0x90, 0xff,
    0xe0, 0xbf, 0xff, 0xda, 0x43, 0xfe, 0xbf, 0xff,
    0xb8, 0x1f, 0xeb, 0xff, 0xfb, 0xa8, 0x7e, 0xbf,
    0xff, 0xbd, 0x7, 0xcf, 0xff, 0xf7, 0xe0, 0xfb,
    0xff, 0xfc, 0x10, 0x7b, 0xff, 0xfc, 0x30, 0x73,
    0xff, 0xfe, 0x18, 0x3b, 0xff, 0xfc, 0x48, 0x6b,
    0xff, 0xfc, 0x41, 0xdf, 0xff, 0xe2, 0x83, 0x3f,
    0xff, 0xe2, 0xe, 0xbf, 0xff, 0x91, 0x21, 0xf9,
    0xbf, 0xff, 0x82, 0x1e, 0xff, 0xfe, 0x3a, 0x1f,
    0xfc, 0x37, 0xff, 0x41, 0xe7, 0xff, 0xf8, 0xa8,
    0x7f, 0xf2, 0x1a, 0x90, 0xfd, 0x7f, 0xff, 0xe,
    0xf, 0xfe, 0xbf, 0xff, 0xf0, 0xd0, 0xff, 0xec,
    0x7f, 0xff, 0x9, 0xf, 0xfe, 0xc3, 0xff, 0xfc,
    0x18, 0x3f, 0xfb, 0x37, 0xff, 0xf0, 0x43, 0xff,
    0xb5, 0x7f, 0xff, 0x2, 0xf, 0xfe, 0xd7, 0xff,
    0xf0, 0x43, 0xff, 0xb7, 0xff, 0xfc, 0x8, 0x3f,
    0xfb, 0x7f, 0xff, 0xc0, 0x43, 0xff, 0xb7, 0xff,
    0xfc, 0x0, 0xff, 0xee, 0x7f, 0xff, 0x0, 0x3f,
    0xfb, 0x9f, 0xff, 0x41, 0xff, 0xdc, 0xff, 0xf9,
    0xf, 0xfe, 0xe7, 0xff, 0xc8, 0x7f, 0xf7, 0x3f,
    0xfe, 0x43, 0xff, 0xb9, 0xff, 0xf0, 0x7f, 0xf7,
    0x7f, 0xfe, 0x43, 0xff, 0xb9, 0x7f, 0xf9, 0xf,
    0xfe, 0xe5, 0xff, 0xe4, 0x3f, 0xfb, 0x8f, 0xff,
    0xa0, 0xff, 0xee, 0xff, 0xfc, 0x1f, 0xfd, 0xdf,
    0xff, 0x83, 0xff, 0xbb, 0x7f, 0xf9, 0xf, 0xfe,
    0xef, 0xff, 0xa0, 0xff, 0xee, 0xff, 0xfc, 0x1f,
    0xfd, 0xd7, 0xff, 0xd0, 0x7f, 0xf7, 0x7f, 0xfe,
    0x43, 0xff, 0xb8, 0xff, 0xfc, 0x1f, 0xfd, 0xdf,
    0xff, 0xe0, 0x7, 0xff, 0x45, 0xfa, 0xf, 0xbf,
    0xff, 0x80, 0x1f, 0xfc, 0xfb, 0xf8, 0x3e, 0x7f,
    0xff, 0x80, 0x87, 0xff, 0x2e, 0xff, 0x90, 0xfa,
    0xff, 0xfe, 0xa, 0x1f, 0xfc, 0x66, 0xff, 0xe0,
    0xfe, 0xbf, 0xff, 0x84, 0x87, 0xff, 0x5, 0xbf,
    0xfe, 0x43, 0xfc, 0xff, 0xff, 0x12, 0x8b, 0xd4,
    0xff, 0xfe, 0x10, 0x7f, 0xf0, 0xbf, 0xff, 0xb0,
    0x87, 0xff, 0x12, 0xff, 0xfe, 0xa2, 0x1f, 0xfc,
    0x8b, 0xff, 0xf9, 0xf0, 0x7f, 0xf3, 0x5b, 0xff,
    0xf9, 0x14, 0xf, 0xfe, 0xa3, 0x4f, 0xfe, 0xa2,
    0x83, 0xff, 0x88,

    /* U+0044 "D" */
    0xf, 0xfe, 0x5a, 0xff, 0xc1, 0xff, 0xdb, 0x55,
    0x3f, 0xff, 0x8d, 0x21, 0xff, 0xd2, 0x6f, 0xff,
    0xe8, 0x21, 0xff, 0xcc, 0x6f, 0xff, 0xea, 0xc1,
    0xff, 0xc8, 0xbf, 0xff, 0xb5, 0x7, 0xff, 0x11,
    0xff, 0xfe, 0xf2, 0x1f, 0xfc, 0x17, 0xff, 0xfc,
    0x10, 0x7f, 0xf0, 0x3f, 0xff, 0xc5, 0x7, 0xfb,
    0xff, 0xfc, 0x90, 0x7e, 0x7f, 0xff, 0xcb, 0x7,
    0xd7, 0xff, 0xf9, 0x90, 0xf7, 0xff, 0xfa, 0x3,
    0xdf, 0xff, 0xe8, 0x83, 0xbf, 0xff, 0xd2, 0x1d,
    0xff, 0xfe, 0x98, 0x37, 0xff, 0xfa, 0x83, 0x5f,
    0xff, 0xe9, 0x82, 0x7f, 0xff, 0xd4, 0x1b, 0xff,
    0xf9, 0x74, 0x50, 0x72, 0xaf, 0xff, 0xe3, 0xa1,
    0xbf, 0xff, 0x8b, 0x21, 0xff, 0xc4, 0x7f, 0xff,
    0x8b, 0x7, 0x7f, 0xff, 0x2, 0x43, 0xff, 0x95,
    0x7f, 0xff, 0x10, 0x3d, 0x7f, 0xe4, 0x3f, 0xf9,
    0xcf, 0xff, 0xf0, 0xc3, 0xeb, 0xf8, 0x3f, 0xfa,
    0x4f, 0xff, 0xf0, 0x90, 0xf7, 0xf4, 0x1f, 0xfd,
    0x37, 0xff, 0xf8, 0x30, 0x7b, 0xf9, 0xf, 0xfe,
    0xa7, 0xff, 0xf0, 0x60, 0xf7, 0xf2, 0x1f, 0xfd,
    0x5f, 0xff, 0xe0, 0x87, 0xbf, 0x90, 0xff, 0xea,
    0xdf, 0xff, 0xc0, 0xf, 0x7f, 0x7, 0xff, 0x5f,
    0xff, 0xf8, 0x1, 0xcf, 0xf0, 0x7f, 0xf5, 0xff,
    0xff, 0x80, 0x1c, 0xff, 0x7, 0xff, 0x5d, 0xff,
    0xf8, 0x39, 0xfe, 0xf, 0xfe, 0xc7, 0xff, 0xc1,
    0xd7, 0xf0, 0x7f, 0xf6, 0x3f, 0xfe, 0xe, 0xbf,
    0x83, 0xff, 0xb1, 0xff, 0xf0, 0x75, 0xfa, 0xf,
    0xfe, 0xc5, 0xff, 0xe0, 0xef, 0xe8, 0x3f, 0xfb,
    0x17, 0xff, 0x41, 0xdf, 0xd0, 0x7f, 0xf6, 0x2f,
    0xfe, 0x83, 0xbf, 0xa0, 0xff, 0xec, 0x5f, 0xfd,
    0x7, 0x7f, 0x21, 0xff, 0xd8, 0xbf, 0xf9, 0xe,
    0xfe, 0x43, 0xff, 0xb1, 0xff, 0xe0, 0xf7, 0xf2,
    0x1f, 0xfd, 0x8f, 0xff, 0x7, 0xbf, 0x90, 0xff,
    0xec, 0x7f, 0xf4, 0x1e, 0xfe, 0xf, 0xfe, 0xc3,
    0xff, 0xc8, 0x7b, 0xf8, 0x3f, 0xfb, 0x17, 0xff,
    0x7, 0x9f, 0xe0, 0xff, 0xec, 0x7f, 0xf8, 0x3c,
    0xff, 0x7, 0xff, 0x5d, 0xff, 0xe8, 0x3c, 0xff,
    0x7, 0xff, 0x5f, 0xff, 0xc1, 0xf3, 0xfc, 0x1f,
    0xfd, 0x67, 0xff, 0xa0, 0xf9, 0xfe, 0xf, 0xfe,
    0xb7, 0xff, 0x83, 0xf3, 0xfc, 0x1f, 0xfd, 0x5b,
    0xff, 0xa0, 0xfd, 0x7f, 0x7, 0xff, 0x51, 0xff,
    0xf0, 0x7f, 0x5f, 0xc1, 0xff, 0xd4, 0xff, 0xf2,
    0x1f, 0xd7, 0xf9, 0xf, 0xfe, 0x8f, 0xff, 0xa0,
    0xff, 0x5f, 0xf9, 0xf, 0xfe, 0x6b, 0xff, 0xf0,
    0x7f, 0xd7, 0xff, 0xc8, 0x7f, 0xf2, 0x7f, 0xff,
    0x80, 0x1f, 0xfc, 0xb, 0xff, 0xf8, 0x54, 0x43,
    0xff, 0x82, 0xff, 0xff, 0x4, 0x3f, 0xf8, 0x37,
    0xff, 0xf2, 0x28, 0xba, 0x9f, 0xff, 0xc3, 0xf,
    0xfe, 0x15, 0xff, 0xfd, 0xd8, 0x3f, 0xf8, 0x77,
    0xe8, 0x6f, 0xff, 0xe9, 0xc1, 0xff, 0xc5, 0xbf,
    0x41, 0x9b, 0xff, 0xf9, 0xd0, 0x7f, 0xf1, 0xdf,
    0xc8, 0x7c, 0xab, 0xff, 0xf9, 0x8, 0x7f, 0xf2,
    0xaf, 0x21, 0xff, 0xc1, 0x55, 0x3f, 0xf5, 0x14,
    0x1f, 0xfc, 0x80,

    /* U+0045 "E" */
    0xf, 0xfe, 0x5a, 0xea, 0xdf, 0xff, 0xc0, 0x83,
    0xff, 0x92, 0xd5, 0xff, 0xfc, 0xe8, 0x3f, 0xf8,
    0x2d, 0xff, 0xfd, 0x80, 0xfe, 0xbf, 0xff, 0xba,
    0x1e, 0xbf, 0xff, 0xc0, 0x1a, 0xff, 0xff, 0xa,
    0xb, 0xff, 0xfc, 0x50, 0x3f, 0xff, 0xc8, 0x5f,
    0xff, 0xe4, 0x3f, 0xff, 0xca, 0x7f, 0xff, 0x92,
    0x3f, 0xff, 0xc8, 0x9f, 0xff, 0xe4, 0x7, 0xff,
    0xf8, 0xd0, 0x3f, 0xff, 0xe1, 0x83, 0x7f, 0xff,
    0x81, 0xe, 0x7f, 0xff, 0xbb, 0x7, 0xe7, 0xff,
    0xfb, 0x14, 0x43, 0xff, 0x81, 0xff, 0xfc, 0xea,
    0x28, 0x3f, 0xf9, 0x5f, 0xea, 0xf9, 0x70, 0x7f,
    0xf5, 0x7f, 0xa0, 0xff, 0xf0, 0x7f, 0x21, 0xff,
    0xdf, 0x7f, 0x90, 0xff, 0xef, 0xdf, 0xc1, 0xff,
    0xe0, 0xbf, 0x83, 0xff, 0xc1, 0xfe, 0xf, 0xff,
    0x7, 0xf8, 0x3f, 0xfc, 0x1f, 0xd0, 0x7f, 0xf8,
    0x3f, 0xa0, 0xff, 0xef, 0xbf, 0xc8, 0x7f, 0xf7,
    0xdf, 0xe4, 0x3f, 0xfb, 0xf7, 0xf0, 0x7f, 0xf0,
    0x96, 0xad, 0xff, 0xc8, 0x7f, 0xf0, 0x6f, 0xe0,
    0xe5, 0x53, 0xff, 0xf9, 0x41, 0xff, 0xc1, 0xbf,
    0xaf, 0xff, 0xe9, 0x21, 0xff, 0xc0, 0xff, 0xfe,
    0xca, 0x1f, 0xfc, 0xf, 0xff, 0xec, 0x87, 0xff,
    0x7, 0xff, 0xf9, 0xb5, 0xfe, 0x43, 0xff, 0x85,
    0xff, 0xfc, 0xa, 0x2c, 0x1f, 0xfd, 0x5f, 0xf4,
    0x87, 0xff, 0x7b, 0xfa, 0xf, 0xff, 0x7, 0xf4,
    0x1f, 0xfe, 0xf, 0xe8, 0x3f, 0xfc, 0x1f, 0xc8,
    0x7f, 0xf8, 0x3f, 0x90, 0xff, 0xf0, 0x7f, 0x21,
    0xff, 0xe0, 0xfe, 0x43, 0xff, 0xc1, 0xfc, 0x87,
    0xff, 0x83, 0xf9, 0xf, 0xff, 0x7, 0xf4, 0x1f,
    0xfe, 0xf, 0xf0, 0x7f, 0xf8, 0x3f, 0xc8, 0x7f,
    0xf7, 0xdf, 0xf0, 0x7f, 0xf4, 0xdb, 0xd0, 0x7e,
    0xff, 0x83, 0xff, 0x9c, 0xdf, 0xf2, 0x1f, 0x7f,
    0xe0, 0xff, 0xe4, 0x34, 0xff, 0xfa, 0xf, 0xdf,
    0xfa, 0x43, 0xf9, 0x6a, 0x7f, 0xff, 0x16, 0xf,
    0xd7, 0xff, 0xf7, 0x3, 0xfd, 0x7f, 0xff, 0x62,
    0x43, 0xff, 0x81, 0x7f, 0xff, 0x4a, 0x43, 0xff,
    0x8f, 0x7f, 0xff, 0x2e, 0x50, 0x7f, 0xf3, 0x5b,
    0xff, 0xea, 0x2c, 0x1f, 0xfc, 0x70,

    /* U+0046 "F" */
    0xf, 0xfe, 0x5a, 0xea, 0xdf, 0xff, 0xc0, 0x83,
    0xff, 0x92, 0xd5, 0xff, 0xfc, 0xe8, 0x3f, 0xf8,
    0x2d, 0xff, 0xfd, 0x80, 0xfe, 0xbf, 0xff, 0xba,
    0x1e, 0xbf, 0xff, 0xc0, 0x1a, 0xff, 0xff, 0xa,
    0xb, 0xff, 0xfc, 0x50, 0x3f, 0xff, 0xc8, 0x5f,
    0xff, 0xe4, 0x3f, 0xff, 0xca, 0x7f, 0xff, 0x92,
    0x3f, 0xff, 0xc8, 0x9f, 0xff, 0xe4, 0x7, 0xff,
    0xf8, 0xd0, 0x5f, 0xff, 0xe1, 0x83, 0x7f, 0xff,
    0x81, 0xe, 0x7f, 0xff, 0xbb, 0x7, 0xe7, 0xff,
    0xfb, 0x14, 0x43, 0xff, 0x81, 0xff, 0xfc, 0xda,
    0x94, 0x1f, 0xfc, 0xaf, 0xf5, 0x7c, 0xb8, 0x3f,
    0xfa, 0xbf, 0xc8, 0x7f, 0xf8, 0x3f, 0x90, 0xff,
    0xf0, 0x7f, 0x21, 0xff, 0xe0, 0xfe, 0xf, 0xff,
    0x3, 0xfc, 0x1f, 0xfe, 0x7, 0xf8, 0x3f, 0xfc,
    0xf, 0xf0, 0x7f, 0xf8, 0x2f, 0xe0, 0xff, 0xf0,
    0x5f, 0xa0, 0xff, 0xf0, 0x5f, 0xa0, 0xff, 0xf0,
    0x7f, 0x41, 0xff, 0xe0, 0xfe, 0x43, 0xff, 0xc1,
    0xfc, 0x87, 0xff, 0x83, 0xf9, 0xf, 0xff, 0x7,
    0xf0, 0x7f, 0xf2, 0x57, 0xab, 0x90, 0xff, 0xe0,
    0xff, 0x7, 0xf2, 0xaa, 0xff, 0xfe, 0x32, 0x1f,
    0xfc, 0xf, 0xe5, 0x53, 0xff, 0xfa, 0x21, 0xff,
    0x3f, 0xff, 0xda, 0xf, 0xf9, 0xff, 0xfe, 0xd0,
    0x7f, 0xcf, 0xff, 0xf6, 0x43, 0xff, 0x80, 0xff,
    0xff, 0xe, 0xb2, 0xe0, 0xff, 0xe7, 0x3f, 0xf5,
    0x10, 0xff, 0xed, 0xdf, 0xa0, 0xff, 0xf0, 0x5f,
    0xa0, 0xff, 0xf0, 0x5f, 0xa0, 0xff, 0xf0, 0x5f,
    0xa0, 0xff, 0xf0, 0x5f, 0xa0, 0xff, 0xf0, 0x5f,
    0x90, 0xff, 0xf0, 0x7f, 0x21, 0xff, 0xe0, 0xfe,
    0x43, 0xff, 0xc1, 0xfc, 0x87, 0xff, 0x83, 0xf9,
    0xf, 0xff, 0x7, 0xf2, 0x1f, 0xfe, 0xf, 0xe4,
    0x3f, 0xfc, 0x1f, 0xc8, 0x7f, 0xf8, 0x3f, 0x90,
    0xff, 0xf0, 0x7f, 0x21, 0xff, 0xe0, 0xfe, 0x43,
    0xff, 0xc1, 0x7e, 0xf, 0xff, 0x15, 0xe4, 0x3f,
    0xfb, 0x80,

    /* U+0047 "G" */
    0xf, 0xfe, 0x8a, 0xff, 0x83, 0xff, 0xb6, 0xd3,
    0xff, 0xf8, 0x94, 0x43, 0xff, 0xa4, 0xdf, 0xff,
    0xcc, 0x90, 0xff, 0xe6, 0xdf, 0xff, 0xd2, 0x83,
    0xff, 0x93, 0x7f, 0xff, 0x58, 0x3f, 0xf8, 0xcf,
    0xff, 0xf6, 0x43, 0xff, 0x89, 0x7f, 0xff, 0x6c,
    0x3f, 0xf8, 0x2f, 0xff, 0xf7, 0x50, 0xff, 0x9f,
    0xff, 0xef, 0x87, 0xf9, 0xff, 0xff, 0x0, 0x7f,
    0x3f, 0xff, 0xe1, 0x43, 0xe7, 0xff, 0xfc, 0x50,
    0x7d, 0xff, 0xfe, 0x38, 0x3d, 0x7f, 0xff, 0x8e,
    0xe, 0x7f, 0xff, 0xc9, 0x7, 0x7f, 0xff, 0x95,
    0xc, 0xff, 0xff, 0x94, 0x3b, 0xff, 0xfc, 0xb0,
    0x67, 0xff, 0xfc, 0xa1, 0xd7, 0xff, 0xf2, 0x24,
    0x3f, 0x95, 0x4f, 0xff, 0xe0, 0x87, 0xbf, 0xff,
    0x8e, 0x87, 0xff, 0x19, 0xbf, 0xe8, 0x3c, 0xff,
    0xff, 0x15, 0xf, 0xfe, 0x5a, 0xa5, 0x7, 0xeb,
    0xff, 0xf8, 0x70, 0x7f, 0xf6, 0xbf, 0xff, 0x86,
    0x87, 0xff, 0x6f, 0xff, 0xf8, 0x48, 0x7f, 0xf6,
    0xdf, 0xff, 0xe0, 0xc1, 0xff, 0xdc, 0xbf, 0xff,
    0x82, 0x1f, 0xfd, 0xdb, 0xff, 0xf8, 0x8, 0x7f,
    0xf7, 0x7f, 0xff, 0x82, 0x1f, 0xfd, 0xef, 0xff,
    0xe0, 0x41, 0xff, 0xde, 0xff, 0xfe, 0x2, 0x1f,
    0xfd, 0xef, 0xff, 0xe0, 0x7, 0xff, 0x39, 0xab,
    0xe9, 0xf, 0xdf, 0xff, 0xc0, 0xf, 0xfe, 0x53,
    0x7f, 0xff, 0x5, 0xe, 0xff, 0xfa, 0xf, 0xfe,
    0x45, 0xff, 0xfc, 0x58, 0x37, 0xff, 0xc8, 0x7f,
    0xf1, 0xaf, 0xff, 0xe4, 0x41, 0x7f, 0xfc, 0x87,
    0xff, 0x17, 0xff, 0xf9, 0x68, 0x3f, 0xfe, 0x43,
    0xff, 0x89, 0x7f, 0xff, 0x30, 0x1f, 0xff, 0x7,
    0xff, 0x16, 0xff, 0xe9, 0xe, 0x7f, 0xe0, 0x7f,
    0xfc, 0x87, 0xff, 0x12, 0xff, 0x48, 0x7f, 0xbf,
    0xc9, 0x7f, 0xf9, 0xf, 0xfe, 0x2f, 0xe8, 0x3f,
    0xf8, 0x37, 0xf2, 0x5f, 0xfe, 0x43, 0xff, 0x8c,
    0xa0, 0xff, 0xe1, 0xbf, 0xc8, 0xff, 0xfa, 0xf,
    0xfe, 0xbb, 0xfc, 0x83, 0xff, 0xe0, 0xff, 0xeb,
    0xbf, 0xc8, 0x3f, 0xfe, 0xf, 0xfe, 0xbb, 0xfc,
    0x82, 0xff, 0xf2, 0x1f, 0xfd, 0x67, 0xf9, 0xb,
    0xff, 0xe0, 0xff, 0xeb, 0x5f, 0xc1, 0xbf, 0xfe,
    0xf, 0xfe, 0xb5, 0xfc, 0x19, 0xff, 0xf8, 0x3f,
    0xfa, 0xbf, 0xe0, 0xef, 0xff, 0x90, 0xff, 0xea,
    0x7f, 0x83, 0x9f, 0xff, 0x83, 0xff, 0xa7, 0x7f,
    0x41, 0xef, 0xff, 0xe0, 0x7, 0xff, 0x41, 0xff,
    0xa0, 0xfb, 0xff, 0xf8, 0x1, 0xff, 0xce, 0xbf,
    0xf2, 0x1f, 0x3f, 0xff, 0xc0, 0x43, 0xff, 0x95,
    0x7f, 0xf8, 0x3f, 0xaf, 0xff, 0xe0, 0xa1, 0xff,
    0xc5, 0x6f, 0xff, 0xe0, 0x7, 0xfa, 0xff, 0xfe,
    0x12, 0x1f, 0xfc, 0x6, 0xff, 0xfe, 0x14, 0x1f,
    0xf3, 0xff, 0xfc, 0x5a, 0xf7, 0xff, 0xf1, 0xd0,
    0xff, 0xe0, 0xff, 0xff, 0x5a, 0x9f, 0xc1, 0xff,
    0xc3, 0xbf, 0xff, 0xa5, 0x3, 0xfc, 0x1f, 0xfc,
    0x5b, 0xff, 0xf9, 0xb2, 0x1b, 0xfa, 0xf, 0xfe,
    0x3b, 0x7f, 0xff, 0x1e, 0x43, 0xef, 0xe0, 0xff,
    0xe6, 0x34, 0xff, 0xea, 0x21, 0xff, 0x3f, 0x21,
    0x80,

    /* U+0048 "H" */
    0xf, 0xaf, 0xd2, 0x1f, 0xfd, 0x5b, 0xc8, 0x7d,
    0x7f, 0xf0, 0x7f, 0xf4, 0xef, 0xc8, 0x77, 0xff,
    0xf0, 0x10, 0xff, 0xe8, 0xdf, 0xa0, 0xdf, 0xff,
    0xc2, 0xf, 0xfe, 0x8d, 0xfa, 0xa, 0xff, 0xfe,
    0x14, 0x1f, 0xfd, 0xb, 0xf4, 0x17, 0xff, 0xf1,
    0x3, 0xff, 0xa1, 0x7f, 0x1, 0xff, 0xfe, 0x22,
    0x1f, 0xfc, 0xf7, 0xf8, 0x17, 0xff, 0xf1, 0x20,
    0xff, 0xe7, 0xbf, 0xc0, 0xff, 0xfe, 0x30, 0x7f,
    0xf3, 0xdf, 0xe0, 0x7f, 0xff, 0x18, 0x3f, 0xf9,
    0xef, 0xf0, 0x3f, 0xff, 0x8c, 0x1f, 0xfd, 0xf,
    0xe0, 0x7f, 0xff, 0x18, 0x3f, 0xfa, 0x1f, 0xc0,
    0xff, 0xfe, 0x30, 0x7f, 0xf4, 0x3f, 0x81, 0xff,
    0xfc, 0x60, 0xff, 0xe8, 0x7f, 0x27, 0xff, 0xf1,
    0x90, 0xff, 0xe7, 0xff, 0x27, 0xff, 0xf1, 0x90,
    0xff, 0xe7, 0xff, 0x27, 0xff, 0xf1, 0x90, 0xff,
    0xe7, 0xff, 0x27, 0xff, 0xf1, 0x90, 0xff, 0xe7,
    0xff, 0x27, 0xff, 0xf1, 0xa0, 0xff, 0xe7, 0xdf,
    0xa3, 0xff, 0xf8, 0xd0, 0x7f, 0xf3, 0xef, 0xd1,
    0xff, 0xfc, 0x68, 0x3f, 0xf9, 0xf7, 0xe8, 0xff,
    0xfe, 0x38, 0x7f, 0xf3, 0xef, 0xd1, 0xff, 0xfc,
    0x70, 0xff, 0xe7, 0xdf, 0xa3, 0xff, 0xf8, 0xe1,
    0xff, 0xcf, 0xbf, 0x47, 0xff, 0xf1, 0xc3, 0xff,
    0x9f, 0x7e, 0x8f, 0xff, 0xe3, 0x87, 0xff, 0x3d,
    0xfe, 0x3f, 0xff, 0x8e, 0x1f, 0xfc, 0xf7, 0xf8,
    0xff, 0xfe, 0x38, 0x7f, 0x95, 0x57, 0xfc, 0x86,
    0x7f, 0x8f, 0xff, 0xe3, 0x81, 0x54, 0xff, 0xfe,
    0x28, 0x67, 0xf8, 0xff, 0xfe, 0xf2, 0x13, 0xfc,
    0x7f, 0xff, 0x79, 0x9, 0xfe, 0x3f, 0xff, 0xbb,
    0x6, 0x7f, 0x8f, 0xff, 0xe9, 0x56, 0x5f, 0x7,
    0x9f, 0xe2, 0xff, 0xfe, 0x4d, 0x14, 0x1f, 0xfc,
    0x87, 0xf8, 0xbf, 0xff, 0x8c, 0x87, 0xff, 0x39,
    0xfe, 0x2f, 0xff, 0xe3, 0x7, 0xff, 0x3d, 0xfe,
    0x2f, 0xff, 0xe3, 0x7, 0xff, 0x3d, 0xfe, 0x1f,
    0xff, 0xe3, 0x7, 0xff, 0x3d, 0xfe, 0x1f, 0xff,
    0xe3, 0x7, 0xff, 0x3d, 0xfe, 0x1f, 0xff, 0xe3,
    0x7, 0xff, 0x3d, 0xfe, 0x7, 0xff, 0xf1, 0x83,
    0xff, 0x9e, 0xff, 0x3, 0xff, 0xf8, 0xc1, 0xff,
    0xcf, 0x7f, 0x81, 0xff, 0xfc, 0x60, 0xff, 0xe7,
    0xbf, 0xc0, 0xff, 0xfe, 0x30, 0x7f, 0xf3, 0xdf,
    0xe0, 0x5f, 0xff, 0xc5, 0xf, 0xfe, 0x7b, 0xfc,
    0xb, 0xff, 0xf8, 0xa1, 0xff, 0xcf, 0x7f, 0x80,
    0xff, 0xff, 0x14, 0x3f, 0xf9, 0xef, 0xf0, 0x1f,
    0xff, 0xe2, 0x87, 0xff, 0x3d, 0xfe, 0xb, 0xff,
    0xf8, 0xa1, 0xff, 0xcf, 0x7f, 0x82, 0xff, 0xfe,
    0x28, 0x7f, 0xf3, 0xdf, 0xe0, 0xbf, 0xff, 0x8a,
    0x1f, 0xfc, 0xfb, 0xf8, 0x2f, 0xff, 0xe2, 0x87,
    0xff, 0x3e, 0xfd, 0x5, 0x7f, 0xff, 0x10, 0x3f,
    0xf9, 0xf7, 0xe8, 0x27, 0xff, 0xf8, 0x70, 0x7f,
    0xf3, 0xef, 0xd0, 0x6f, 0xff, 0xe1, 0xa1, 0xff,
    0xcf, 0xbf, 0x41, 0xaf, 0xff, 0xe1, 0x7, 0xff,
    0x42, 0xfd, 0x7, 0x7f, 0xff, 0x5, 0xf, 0xfe,
    0x85, 0xfa, 0xe, 0x7f, 0xfe, 0x83, 0xff, 0xa3,
    0xfd, 0x7, 0x9f, 0xfe, 0x43, 0xff, 0xa5, 0xfc,
    0x87, 0xeb, 0xfa, 0xf, 0xfe, 0xa5, 0xf8, 0x3f,
    0xfc, 0xb7, 0x90,

    /* U+0049 "I" */
    0xf, 0xf9, 0x7f, 0x57, 0xf9, 0x60, 0xff, 0xe0,
    0xb7, 0xff, 0xf3, 0x60, 0xff, 0x7f, 0xff, 0x48,
    0x3f, 0x7f, 0xff, 0x50, 0x3d, 0xff, 0xfd, 0x58,
    0x35, 0xff, 0xfd, 0x64, 0x2f, 0xff, 0xeb, 0xc0,
    0xbf, 0xff, 0xb0, 0xf, 0xff, 0xec, 0x83, 0xff,
    0xfb, 0x20, 0xff, 0xfe, 0xc8, 0x3f, 0xff, 0xb2,
    0xf, 0xff, 0xec, 0x83, 0xff, 0xfb, 0x8, 0x2f,
    0xff, 0xeb, 0x86, 0xff, 0xfe, 0xb2, 0x1a, 0xff,
    0xfe, 0xa2, 0x1e, 0xff, 0xfe, 0x9a, 0x1f, 0xaf,
    0xff, 0xe7, 0x48, 0x7f, 0xcd, 0xff, 0xfc, 0x4a,
    0x28, 0x3f, 0xfa, 0x37, 0xf0, 0x7f, 0xf5, 0x6f,
    0xe0, 0xff, 0xea, 0xbf, 0xc1, 0xff, 0xd5, 0x7f,
    0x83, 0xff, 0xaa, 0xff, 0x7, 0xff, 0x55, 0xfe,
    0xf, 0xfe, 0xab, 0xfc, 0x1f, 0xfd, 0x6f, 0xe0,
    0xff, 0xeb, 0x7f, 0x7, 0xff, 0x5b, 0xf8, 0x3f,
    0xfa, 0xdf, 0xc1, 0xff, 0xd6, 0xfe, 0xf, 0xfe,
    0xb7, 0xf0, 0x7f, 0xf5, 0xbf, 0x90, 0xff, 0xea,
    0xff, 0x21, 0xff, 0xd5, 0xfe, 0x43, 0xff, 0xab,
    0xfc, 0x87, 0xff, 0x57, 0xf9, 0xf, 0xfe, 0xaf,
    0xf2, 0x1f, 0xfd, 0x5f, 0xe4, 0x3f, 0xfa, 0xbf,
    0xc8, 0x7f, 0xf5, 0x7f, 0x90, 0xff, 0xea, 0xff,
    0x21, 0xff, 0xd5, 0xfe, 0x43, 0xff, 0xab, 0xfc,
    0x87, 0xff, 0x57, 0xfa, 0xf, 0xfe, 0xaf, 0xf4,
    0x1f, 0xfd, 0x5f, 0xe8, 0x3f, 0xfa, 0xbf, 0xd0,
    0x7f, 0xf5, 0x7f, 0xa0, 0xff, 0xea, 0xff, 0x41,
    0xff, 0xd5, 0xfe, 0x43, 0xff, 0xab, 0xfc, 0x87,
    0xff, 0x57, 0xf9, 0xf, 0xca, 0x90, 0xff, 0xe4,
    0xff, 0x42, 0xa9, 0xff, 0x41, 0xfc, 0xbf, 0xf7,
    0xff, 0xf1, 0xc3, 0xeb, 0xff, 0xfa, 0x61, 0xf7,
    0xff, 0xf4, 0xd0, 0xfb, 0xff, 0xfa, 0x32, 0x1f,
    0xbf, 0xff, 0x95, 0x45, 0x7, 0xff, 0xa, 0xff,
    0xea, 0xcb, 0x7, 0xff, 0x10,

    /* U+004A "J" */
    0xf, 0xf9, 0x7f, 0x57, 0xf9, 0x60, 0xff, 0xe0,
    0xb7, 0xff, 0xf3, 0x60, 0xff, 0x7f, 0xff, 0x48,
    0x3f, 0x7f, 0xff, 0x50, 0x3d, 0xff, 0xfd, 0x58,
    0x35, 0xff, 0xfd, 0x64, 0x2f, 0xff, 0xeb, 0xc0,
    0xbf, 0xff, 0xb0, 0xf, 0xff, 0xec, 0x83, 0xff,
    0xfb, 0x20, 0xff, 0xfe, 0xc8, 0x3f, 0xff, 0xb2,
    0xf, 0xff, 0xec, 0x83, 0xff, 0xfb, 0x8, 0x2f,
    0xff, 0xeb, 0x86, 0xff, 0xfe, 0xb2, 0x1a, 0xff,
    0xfe, 0xa2, 0x1e, 0xff, 0xfe, 0x9a, 0x1f, 0xaf,
    0xff, 0xe7, 0x48, 0x7f, 0xcd, 0xff, 0xfc, 0x65,
    0x7, 0xff, 0x4d, 0xfe, 0xf, 0xfe, 0xb7, 0xf2,
    0x1f, 0xfd, 0x5f, 0xe4, 0x3f, 0xfa, 0xbf, 0xd0,
    0x7f, 0xf5, 0x7f, 0xa0, 0xff, 0xea, 0xdf, 0xc1,
    0xff, 0xd5, 0xbf, 0x83, 0xff, 0xaa, 0xff, 0x7,
    0xff, 0x55, 0xfe, 0xf, 0xfe, 0xab, 0xfc, 0x87,
    0xff, 0x57, 0xf9, 0xf, 0xfe, 0xaf, 0xf4, 0x1f,
    0xfd, 0x5f, 0xe8, 0x3f, 0xfa, 0xbf, 0xd0, 0x7f,
    0xf5, 0x7f, 0xc1, 0xff, 0xd5, 0xbf, 0x83, 0xff,
    0xab, 0x7f, 0x7, 0xff, 0x55, 0xfe, 0xf, 0xfe,
    0xab, 0xfc, 0x1f, 0xfd, 0x57, 0xf8, 0x3f, 0xfa,
    0xaf, 0xf0, 0x7f, 0xf5, 0xbf, 0x83, 0xff, 0xad,
    0xfc, 0x1f, 0xfd, 0x6f, 0xe4, 0x3f, 0xfa, 0xbf,
    0xc8, 0x7f, 0xf5, 0x7f, 0x90, 0xff, 0xea, 0xff,
    0x21, 0xff, 0xd5, 0xfe, 0x43, 0xff, 0xab, 0xfc,
    0x87, 0xff, 0x57, 0xf9, 0xf, 0xfe, 0xaf, 0xf2,
    0x1f, 0xfc, 0x29, 0xf, 0xfe, 0x2f, 0xf2, 0x1f,
    0xfc, 0x7, 0xf2, 0x1f, 0xfc, 0x2b, 0xf8, 0x3f,
    0xf8, 0x3f, 0xf2, 0x1f, 0xfc, 0xf, 0xf0, 0x7f,
    0xf0, 0x7f, 0xfa, 0x43, 0xe7, 0xfe, 0xf, 0xfe,
    0xd, 0xff, 0xfc, 0xa, 0xdf, 0xfa, 0xf, 0xfe,
    0x15, 0xff, 0xfc, 0xb0, 0xff, 0xe2, 0x3f, 0xff,
    0xc9, 0x43, 0xff, 0x8c, 0xff, 0xff, 0x19, 0xf,
    0xfe, 0x4b, 0x7f, 0xff, 0x6, 0xf, 0xfe, 0x72,
    0xaf, 0xf4, 0x87, 0xff, 0x18,

    /* U+004B "K" */
    0xf, 0xcb, 0x83, 0xff, 0xc7, 0x7f, 0xc8, 0x7f,
    0xf5, 0x5f, 0x21, 0xcf, 0xff, 0xa0, 0xff, 0xe9,
    0xdf, 0x90, 0xaf, 0xff, 0xe0, 0x41, 0xff, 0xd1,
    0xbf, 0xc0, 0x7f, 0xff, 0x84, 0x87, 0xff, 0x3e,
    0xff, 0x40, 0xff, 0xfe, 0x20, 0x7f, 0xf3, 0xaf,
    0xf8, 0xf, 0xff, 0xf1, 0x3, 0xff, 0x9b, 0x7f,
    0xc1, 0x5f, 0xff, 0xc4, 0x83, 0xff, 0x96, 0xff,
    0xc1, 0xaf, 0xff, 0xe2, 0x41, 0xff, 0xca, 0x7f,
    0xe0, 0xef, 0xff, 0xe3, 0x7, 0xff, 0x2b, 0xfe,
    0x43, 0xbf, 0xff, 0x8c, 0x1f, 0xfc, 0x9f, 0xf9,
    0xf, 0x7f, 0xff, 0x18, 0x3f, 0xf9, 0x1f, 0xf2,
    0x1f, 0x7f, 0xff, 0x18, 0x3f, 0xf8, 0xf7, 0xfa,
    0xf, 0xdf, 0xff, 0xc6, 0xf, 0xfe, 0x35, 0xff,
    0x7, 0xf7, 0xff, 0xf1, 0x83, 0xff, 0x8a, 0xff,
    0xc1, 0xfe, 0xff, 0xfe, 0x32, 0x1f, 0xfc, 0x4f,
    0xf8, 0x3f, 0xef, 0xff, 0xe3, 0x21, 0xff, 0xc3,
    0xff, 0x90, 0xff, 0xbf, 0xff, 0x8c, 0x87, 0xff,
    0xa, 0xff, 0x21, 0xff, 0xc0, 0xff, 0xfe, 0x34,
    0x1f, 0xfc, 0x17, 0xfd, 0x7, 0xff, 0x7, 0xff,
    0xf8, 0xd0, 0x7f, 0xf0, 0x7f, 0xe0, 0xff, 0xe1,
    0x7f, 0xff, 0x1a, 0xf, 0xfe, 0x5, 0xfe, 0xf,
    0xfe, 0x1f, 0xff, 0xf1, 0xa0, 0xff, 0x9f, 0xf2,
    0x1f, 0xfc, 0x3f, 0xff, 0xe3, 0x87, 0xfd, 0xfe,
    0x83, 0xff, 0x89, 0xff, 0xfc, 0x70, 0xff, 0x7f,
    0xc1, 0xff, 0xc5, 0xff, 0xfe, 0x38, 0x7f, 0x3f,
    0xe0, 0xff, 0xe3, 0x7f, 0xff, 0x1c, 0x3f, 0xbf,
    0xc8, 0x7f, 0xf1, 0xbf, 0xff, 0x8e, 0x1f, 0xbf,
    0xe0, 0xff, 0xe3, 0xff, 0xff, 0x1c, 0x3e, 0x7f,
    0xc1, 0xff, 0xc8, 0xff, 0xfe, 0x38, 0x7d, 0xfe,
    0x43, 0xff, 0x91, 0xff, 0xfc, 0x70, 0xf5, 0xfe,
    0xf, 0xfe, 0x4f, 0xff, 0xf1, 0xc3, 0xdf, 0xe0,
    0xff, 0xe5, 0x7f, 0xff, 0x1c, 0x3a, 0xfe, 0x83,
    0xff, 0x95, 0xff, 0xfc, 0x70, 0xef, 0xf0, 0x7f,
    0xf2, 0xff, 0xff, 0x8e, 0x1d, 0xfe, 0xf, 0xfe,
    0x5d, 0xff, 0xfc, 0x64, 0x37, 0xf4, 0x1f, 0xfc,
    0xbb, 0xff, 0xf8, 0xc8, 0x4f, 0xf4, 0x1f, 0xfc,
    0xbb, 0xff, 0xf8, 0xc8, 0x6f, 0xf0, 0x7f, 0xf2,
    0xef, 0xff, 0xe3, 0x21, 0xbf, 0xc1, 0xff, 0xcb,
    0x7f, 0xff, 0x8c, 0x86, 0xff, 0x41, 0xff, 0xca,
    0x7f, 0xff, 0x8c, 0x86, 0x7f, 0xc1, 0xff, 0xca,
    0x7f, 0xff, 0x8c, 0x87, 0x7f, 0xc1, 0xff, 0xca,
    0xff, 0xfe, 0x32, 0x1e, 0xff, 0x83, 0xff, 0x93,
    0xff, 0xfc, 0x64, 0x3c, 0xff, 0xa0, 0xff, 0xe4,
    0x7f, 0xff, 0x18, 0x3f, 0x5f, 0xe8, 0x3f, 0xf8,
    0xff, 0xff, 0xc6, 0xf, 0xef, 0xfa, 0xf, 0xfe,
    0x35, 0xff, 0xfc, 0x50, 0xff, 0x7f, 0xd0, 0x7f,
    0xf1, 0x6f, 0xff, 0xe2, 0x87, 0xfd, 0xff, 0x41,
    0xff, 0xc4, 0x7f, 0xff, 0x8a, 0x1f, 0xfc, 0xf,
    0xfc, 0x1f, 0xfc, 0x37, 0xff, 0xf8, 0xa1, 0xff,
    0xc0, 0x7f, 0xf0, 0x7f, 0xf0, 0xff, 0xff, 0x8a,
    0x1f, 0xfc, 0x17, 0xff, 0x21, 0xff, 0xc1, 0xff,
    0xfe, 0x28, 0x7f, 0xf0, 0xff, 0xf4, 0x1f, 0xfc,
    0xf, 0xff, 0xe2, 0x87, 0xff, 0x13, 0xff, 0x83,
    0xfe, 0xff, 0xfe, 0x28, 0x7f, 0xf1, 0x7f, 0xf9,
    0xf, 0xeb, 0xff, 0xf8, 0x81, 0xff, 0xc6, 0xbf,
    0xf4, 0x1f, 0x9f, 0xff, 0xe1, 0xc1, 0xff, 0xc7,
    0x7f, 0xf9, 0xf, 0xbf, 0xff, 0x86, 0x87, 0xff,
    0x21, 0xff, 0xe8, 0x3d, 0x7f, 0xff, 0x8, 0x3f,
    0xf9, 0x77, 0xff, 0x7, 0xbf, 0xff, 0x82, 0x87,
    0xff, 0x31, 0xff, 0xd0, 0x7b, 0xff, 0xe4, 0x3f,
    0xf9, 0xf7, 0xfa, 0xf, 0xbf, 0xf9, 0xf, 0xfe,
    0x8b, 0xfc, 0x1f, 0xcd, 0xf9, 0xf, 0xfe, 0xab,
    0x40, 0x0,

    /* U+004C "L" */
    0xf, 0xf2, 0xe0, 0xff, 0xec, 0x3f, 0xf9, 0xf,
    0xfe, 0xa7, 0xff, 0xf0, 0x3, 0xff, 0xa5, 0xff,
    0xfc, 0x20, 0xff, 0xe8, 0x7f, 0xff, 0xe, 0xf,
    0xfe, 0x75, 0xff, 0xfc, 0x40, 0xff, 0xe7, 0x7f,
    0xff, 0x15, 0xf, 0xfe, 0x63, 0xff, 0xfc, 0x54,
    0x3f, 0xf9, 0x97, 0xff, 0xf1, 0x60, 0xff, 0xe6,
    0x7f, 0xff, 0x1a, 0xf, 0xfe, 0x67, 0xff, 0xf1,
    0x90, 0xff, 0xe6, 0x7f, 0xff, 0x18, 0x3f, 0xf9,
    0xbf, 0xff, 0xc6, 0xf, 0xfe, 0x6f, 0xff, 0xf1,
    0x83, 0xff, 0x98, 0xff, 0xff, 0x16, 0xf, 0xfe,
    0x63, 0xff, 0xfc, 0x58, 0x3f, 0xf9, 0x8f, 0xff,
    0xf1, 0x50, 0xff, 0xe6, 0x5f, 0xff, 0xc5, 0xf,
    0xfe, 0x6d, 0xff, 0xfc, 0x50, 0xff, 0xe6, 0xdf,
    0xff, 0xc5, 0xf, 0xfe, 0x6d, 0xff, 0xfc, 0x50,
    0xff, 0xe6, 0xff, 0xff, 0x16, 0xf, 0xfe, 0x6f,
    0xff, 0xf1, 0x50, 0xff, 0xe6, 0xff, 0xff, 0x15,
    0xf, 0xfe, 0x6f, 0xff, 0xf1, 0x43, 0xff, 0x9d,
    0xff, 0xfc, 0x50, 0xff, 0xe7, 0x7f, 0xff, 0x14,
    0x3f, 0xf9, 0xdf, 0xff, 0xc5, 0xf, 0xfe, 0x77,
    0xff, 0xf1, 0x20, 0xff, 0xe7, 0x7f, 0xff, 0x12,
    0xf, 0xfe, 0x77, 0xff, 0xf1, 0x10, 0xff, 0xe7,
    0x7f, 0xff, 0x11, 0xf, 0xfe, 0x77, 0xff, 0xf1,
    0x3, 0xff, 0x9f, 0xff, 0xfc, 0x40, 0xff, 0xe7,
    0xff, 0xff, 0x10, 0x3f, 0xf9, 0xff, 0xff, 0xc4,
    0xf, 0xfe, 0x7f, 0xff, 0xf1, 0x3, 0xff, 0x9f,
    0xff, 0xfc, 0x38, 0x3f, 0xf9, 0xff, 0xff, 0xc3,
    0x83, 0xff, 0x9f, 0xff, 0xfc, 0x38, 0x3f, 0xf9,
    0xff, 0xff, 0xc3, 0x83, 0xff, 0x9f, 0xff, 0xfc,
    0x34, 0x3f, 0xf9, 0xff, 0xff, 0xc3, 0x43, 0xff,
    0x9f, 0x7f, 0xff, 0x9, 0xf, 0xfe, 0x7d, 0xff,
    0xfc, 0x24, 0x3f, 0xf9, 0xf7, 0xff, 0xf0, 0x90,
    0xff, 0xe7, 0xbf, 0xff, 0xc2, 0x43, 0xff, 0x9e,
    0xff, 0xff, 0x9, 0xf, 0xfe, 0x87, 0xff, 0xf0,
    0x90, 0xff, 0xe8, 0x7f, 0xff, 0xa, 0xf, 0xfe,
    0x87, 0xff, 0xf0, 0xa0, 0xff, 0xe5, 0x28, 0x35,
    0xff, 0xfc, 0x20, 0xff, 0xe4, 0x5f, 0x41, 0xbf,
    0xff, 0x85, 0x7, 0xff, 0x15, 0xff, 0x6, 0xbf,
    0xff, 0x84, 0x87, 0xff, 0x9, 0xff, 0xc1, 0xdf,
    0xff, 0xc3, 0x83, 0xfc, 0xdf, 0xfe, 0xe, 0x7f,
    0xff, 0x8b, 0x2e, 0xa7, 0xff, 0xd0, 0x7d, 0x7f,
    0xff, 0x55, 0xf, 0xe7, 0xff, 0xfa, 0x48, 0x7f,
    0xf0, 0x6f, 0xff, 0xe6, 0xc1, 0xff, 0xc6, 0xbf,
    0xff, 0x8f, 0x21, 0xff, 0xcc, 0x69, 0xff, 0xa8,
    0xa0, 0xff, 0xe1, 0x80,

    /* U+004D "M" */
    0xf, 0xff, 0x2b, 0x7e, 0x43, 0xff, 0xa0, 0xdf,
    0xa0, 0xff, 0xe7, 0x5f, 0xfc, 0x87, 0xff, 0x31,
    0xff, 0xe8, 0x3f, 0xf9, 0x7f, 0xff, 0xc0, 0x83,
    0xff, 0x95, 0x7f, 0xff, 0x1, 0xf, 0xfe, 0x47,
    0xff, 0xf0, 0xa0, 0xff, 0xe4, 0x5f, 0xff, 0xc2,
    0x43, 0xff, 0x8c, 0xff, 0xff, 0xd, 0xf, 0xfe,
    0x33, 0xff, 0xfc, 0x40, 0xff, 0xe3, 0x7f, 0xff,
    0x14, 0x3f, 0xf8, 0xdf, 0xff, 0xc5, 0x43, 0xff,
    0x88, 0xff, 0xff, 0x16, 0xf, 0xfe, 0x25, 0xff,
    0xfc, 0x60, 0xff, 0xe2, 0x7f, 0xff, 0x1c, 0x3f,
    0xf8, 0x9f, 0xff, 0xc7, 0x43, 0xff, 0x87, 0xff,
    0xfc, 0x74, 0x3f, 0xf8, 0x4f, 0xff, 0xf1, 0xe0,
    0xff, 0xe1, 0x3f, 0xff, 0xc7, 0x83, 0xff, 0x85,
    0x7f, 0xff, 0x20, 0x3f, 0xf8, 0x57, 0xff, 0xf2,
    0x3, 0xff, 0x85, 0xff, 0xfc, 0x98, 0x3f, 0xf8,
    0x3f, 0xff, 0xc9, 0xf, 0xfe, 0x17, 0xff, 0xf2,
    0x83, 0xff, 0x83, 0xff, 0xfc, 0x94, 0x3f, 0xf8,
    0xf, 0xff, 0xf2, 0x90, 0xff, 0x9f, 0xff, 0xe4,
    0xa1, 0xff, 0xc0, 0xff, 0xfe, 0x5c, 0x1f, 0xf5,
    0xff, 0xfc, 0x98, 0x3f, 0xf8, 0x1f, 0xff, 0xcc,
    0xf, 0xfb, 0xff, 0xf8, 0x69, 0xfe, 0xf, 0xf9,
    0xff, 0xfe, 0x2a, 0xbf, 0x90, 0xff, 0x7f, 0xff,
    0xc, 0x17, 0xf0, 0x7f, 0xd7, 0xff, 0xf1, 0x41,
    0xfe, 0xf, 0xe7, 0xff, 0xf8, 0x50, 0x1f, 0xe0,
    0xff, 0xbf, 0xff, 0x8b, 0x2, 0xfe, 0xf, 0xeb,
    0xff, 0xf8, 0x48, 0x5f, 0xc8, 0x7f, 0xbf, 0xff,
    0x8a, 0x81, 0xfe, 0x83, 0xf7, 0xff, 0xf0, 0xc3,
    0x7f, 0x41, 0xfc, 0xff, 0xff, 0x14, 0x37, 0xf8,
    0x3f, 0x7f, 0xff, 0xc, 0x37, 0xf8, 0x3f, 0x9f,
    0xff, 0xe2, 0x86, 0xbf, 0x83, 0xf7, 0xff, 0xf0,
    0xa0, 0xd7, 0xf0, 0x7f, 0x5f, 0xff, 0xc5, 0xe,
    0xfe, 0x43, 0xcf, 0xff, 0xf0, 0x90, 0xcf, 0xf0,
    0x7f, 0x7f, 0xff, 0x16, 0xe, 0xff, 0x7, 0xaf,
    0xff, 0xe1, 0x7, 0xbf, 0x90, 0xfd, 0xff, 0xfc,
    0x54, 0x3a, 0xfe, 0xf, 0x7f, 0xff, 0xc, 0x3d,
    0xfc, 0x87, 0xcf, 0xff, 0xf1, 0x43, 0xcf, 0xf2,
    0x1d, 0xff, 0xfc, 0x28, 0x3d, 0xfd, 0x7, 0xd7,
    0xff, 0xf1, 0x43, 0xef, 0xe8, 0x3b, 0xff, 0xf8,
    0x48, 0x7a, 0xfd, 0x7, 0xd7, 0xff, 0xf1, 0x43,
    0xeb, 0xf8, 0x33, 0xff, 0xfc, 0x20, 0xfa, 0xfe,
    0xf, 0xbf, 0xff, 0x8b, 0x7, 0xcf, 0xf0, 0x67,
    0xff, 0xf8, 0x41, 0xf3, 0xfc, 0x1f, 0x7f, 0xff,
    0x16, 0xf, 0xdf, 0xd0, 0x57, 0xff, 0xf0, 0x60,
    0xf9, 0xfe, 0xf, 0x3f, 0xff, 0xc5, 0x43, 0xf7,
    0xf8, 0x2f, 0xff, 0xe1, 0x21, 0xfb, 0xf9, 0xe,
    0x7f, 0xff, 0x8a, 0x87, 0xeb, 0xf8, 0x2f, 0xff,
    0xe1, 0x7, 0xf7, 0xf2, 0x1d, 0x7f, 0xff, 0x14,
    0x3f, 0x9f, 0xe8, 0x7f, 0xff, 0x84, 0x1f, 0xdf,
    0xd0, 0x77, 0xff, 0xf1, 0x83, 0xfd, 0xff, 0xfc,
    0x98, 0x3f, 0xaf, 0xe0, 0xef, 0xff, 0xe3, 0x7,
    0xfb, 0xff, 0xf9, 0x28, 0x7f, 0x5f, 0xc1, 0xdf,
    0xff, 0xc5, 0x83, 0xfd, 0x7f, 0xff, 0x20, 0x3f,
    0xcf, 0xf0, 0x77, 0xff, 0xf1, 0x60, 0xff, 0x3f,
    0xff, 0xc8, 0xf, 0xf3, 0xfc, 0x19, 0xff, 0xfe,
    0x2a, 0x1f, 0xf7, 0xff, 0xf2, 0x3, 0xfe, 0xfe,
    0x42, 0x7f, 0xff, 0x8a, 0x87, 0xfd, 0xff, 0xfc,
    0x78, 0x3f, 0xef, 0xe4, 0x2b, 0xff, 0xf8, 0xa1,
    0xff, 0xc0, 0xbf, 0xff, 0x8c, 0x87, 0xfd, 0xfc,
    0x85, 0x7f, 0xff, 0x14, 0x3f, 0xf8, 0xf, 0xff,
    0xf1, 0x83, 0xff, 0x81, 0xfd, 0x5, 0x7f, 0xff,
    0x14, 0x3f, 0xf8, 0x3f, 0xff, 0xc6, 0xf, 0xfe,
    0x7, 0xf4, 0x17, 0xff, 0xf1, 0x83, 0xff, 0x83,
    0xff, 0xfc, 0x58, 0x3f, 0xf8, 0x17, 0xf0, 0x5f,
    0xff, 0xc5, 0x83, 0xff, 0x82, 0xff, 0xff, 0x10,
    0x3f, 0xf8, 0x37, 0xf0, 0x5f, 0xff, 0xc5, 0x83,
    0xff, 0x85, 0xff, 0xfc, 0x38, 0x3f, 0xf8, 0x2f,
    0xf0, 0x5f, 0xff, 0xc5, 0x83, 0xff, 0x84, 0xff,
    0xff, 0x8, 0x3f, 0xf8, 0x4f, 0xf0, 0x5f, 0xff,
    0xc5, 0x43, 0xff, 0x87, 0x7f, 0xff, 0x0, 0x3f,
    0xf8, 0x9f, 0xc1, 0x7f, 0xff, 0x15, 0xf, 0xfe,
    0x25, 0xff, 0xe0, 0xff, 0xe2, 0xff, 0x20, 0xff,
    0xfe, 0x28, 0x7f, 0xf1, 0x9f, 0xfa, 0xf, 0xfe,
    0x37, 0xf2, 0xf, 0xff, 0xe2, 0x87, 0xff, 0x21,
    0xac, 0x1f, 0xfc, 0x8f, 0xe4, 0x1f, 0xff, 0xc5,
    0xf, 0xff, 0xf, 0xf4, 0xf, 0xff, 0xe2, 0x87,
    0xff, 0x87, 0xfa, 0x7, 0xff, 0xf1, 0x43, 0xff,
    0xc3, 0x7e, 0x81, 0xff, 0xfc, 0x50, 0xff, 0xf0,
    0xdf, 0xa0, 0x7f, 0xff, 0x12, 0xf, 0xff, 0xd,
    0xfc, 0xb, 0xff, 0xf8, 0x70, 0x7f, 0xf8, 0x6f,
    0xe0, 0x3f, 0xff, 0xc3, 0xf, 0xff, 0x13, 0xfc,
    0x15, 0xff, 0xfc, 0x18, 0x3f, 0xfc, 0x4f, 0xf0,
    0x6f, 0xff, 0xe0, 0x41, 0xff, 0xe3, 0x7f, 0x83,
    0xaf, 0xfe, 0x43, 0xff, 0xcb, 0xfc, 0x1f, 0x5f,
    0xc8, 0x7f, 0xf9, 0xdf, 0x40,

    /* U+004E "N" */
    0xf, 0xf3, 0x7e, 0x90, 0xff, 0xe8, 0xde, 0xf,
    0xfe, 0x3, 0xff, 0xe4, 0x3f, 0xf9, 0xd7, 0xe0,
    0xff, 0x5f, 0xff, 0xc0, 0x83, 0xff, 0x9b, 0x7e,
    0xf, 0xeb, 0xff, 0xf8, 0x61, 0xff, 0xcc, 0xbf,
    0x21, 0xf3, 0xff, 0xfc, 0x48, 0x3f, 0xf9, 0x77,
    0xe4, 0x3e, 0xff, 0xfe, 0x32, 0x1f, 0xfc, 0xab,
    0xf2, 0x1e, 0xbf, 0xff, 0x8e, 0x1f, 0xfc, 0xa7,
    0xf4, 0x1e, 0xff, 0xfe, 0x44, 0x1f, 0xfc, 0x97,
    0xf4, 0x1e, 0xff, 0xfe, 0x48, 0x7f, 0xf2, 0x5f,
    0xd0, 0x73, 0xff, 0xfc, 0x98, 0x3f, 0xf9, 0x3f,
    0xc1, 0xd7, 0xff, 0xf2, 0x83, 0xff, 0x93, 0xfc,
    0x1d, 0xff, 0xfc, 0xb8, 0x3f, 0xf9, 0x1f, 0xc1,
    0xdf, 0xff, 0xcc, 0x43, 0xff, 0x8f, 0xfc, 0x19,
    0xff, 0xfe, 0x68, 0x7f, 0xf1, 0xff, 0x83, 0x3f,
    0xff, 0xcd, 0x43, 0xff, 0x8d, 0xfc, 0x1a, 0xff,
    0xfe, 0x2c, 0x7f, 0xc1, 0xff, 0xc6, 0xbf, 0x21,
    0x7f, 0xff, 0x18, 0xf, 0xf9, 0xf, 0xfe, 0x2d,
    0xf9, 0xb, 0xff, 0xf8, 0xc1, 0x7f, 0xc1, 0xff,
    0xc5, 0xbf, 0x21, 0x7f, 0xff, 0x18, 0x27, 0xfc,
    0x87, 0xff, 0x12, 0xfc, 0x85, 0xff, 0xfc, 0x58,
    0x37, 0xfc, 0x1f, 0xfc, 0x47, 0xf4, 0x7, 0xff,
    0xf8, 0xb0, 0x77, 0xf9, 0xf, 0xfe, 0x1b, 0xfa,
    0x3, 0xff, 0xfc, 0x54, 0x3a, 0xff, 0x7, 0xff,
    0xd, 0xfd, 0x1, 0xff, 0xfe, 0x2a, 0x1e, 0xff,
    0x21, 0xff, 0xc2, 0x7f, 0x40, 0xbf, 0xff, 0x8a,
    0x87, 0xaf, 0xf0, 0x7f, 0xf0, 0x9f, 0xd0, 0x2f,
    0xff, 0xe2, 0x87, 0xef, 0xf2, 0x1f, 0xfc, 0x2f,
    0xe0, 0x5f, 0xff, 0xc5, 0xf, 0xd7, 0xf8, 0x3f,
    0xf8, 0x5f, 0xc0, 0xff, 0xfe, 0x30, 0x7f, 0x7f,
    0x90, 0xff, 0xe0, 0xff, 0x3, 0xff, 0xf8, 0xc1,
    0xfd, 0x7f, 0x83, 0xff, 0x83, 0xfc, 0xf, 0xff,
    0xe3, 0x7, 0xfb, 0xfc, 0x87, 0xff, 0x3, 0xf8,
    0x1f, 0xff, 0xc6, 0xf, 0xf5, 0xfe, 0xf, 0xfe,
    0x7, 0xf0, 0x3f, 0xff, 0x8c, 0x1f, 0xf7, 0xf9,
    0xf, 0xfb, 0xf8, 0x1f, 0xff, 0xc6, 0xf, 0xfa,
    0xff, 0x7, 0xfd, 0xfc, 0xf, 0xff, 0xe3, 0x7,
    0xff, 0x3, 0xfc, 0x87, 0xfb, 0xf8, 0x1f, 0xff,
    0xc6, 0xf, 0xfe, 0x7, 0xfc, 0x1f, 0xef, 0xe0,
    0x7f, 0xff, 0x18, 0x3f, 0xf8, 0xf, 0xf9, 0xf,
    0xef, 0xe0, 0x7f, 0xff, 0x18, 0x3f, 0xf8, 0x3f,
    0xf0, 0x7f, 0x7f, 0x3, 0xff, 0xf8, 0xc1, 0xff,
    0xc1, 0x7f, 0xc8, 0x7e, 0xfe, 0x7, 0xff, 0xf1,
    0x83, 0xff, 0x85, 0xfe, 0x83, 0xf7, 0xf0, 0x3f,
    0xff, 0x8c, 0x1f, 0xfc, 0x27, 0xfc, 0x1f, 0xbf,
    0x81, 0xff, 0xfc, 0x60, 0xff, 0xe1, 0xff, 0xa0,
    0xfb, 0xf8, 0x1f, 0xff, 0xc6, 0xf, 0xfe, 0x1b,
    0xfe, 0xf, 0xbf, 0x81, 0xff, 0xfc, 0x60, 0xff,
    0xe2, 0x7f, 0xa0, 0xf7, 0xf0, 0x3f, 0xff, 0x8c,
    0x1f, 0xfc, 0x47, 0xfc, 0x1e, 0xfe, 0x7, 0xff,
    0xf1, 0x83, 0xff, 0x8b, 0xfe, 0x43, 0xbf, 0x81,
    0xff, 0xfc, 0x60, 0xff, 0xe2, 0xdf, 0xe0, 0xef,
    0xe0, 0x7f, 0xff, 0x18, 0x3f, 0xf8, 0xdf, 0xe4,
    0x37, 0xf0, 0x2f, 0xff, 0xe2, 0x87, 0xff, 0x1a,
    0xfe, 0x83, 0x7f, 0x2, 0xff, 0xfe, 0x2a, 0x1f,
    0xfc, 0x6f, 0xf0, 0x6f, 0xe0, 0x5f, 0xff, 0xc5,
    0x43, 0xff, 0x8d, 0x7f, 0x41, 0x7f, 0x1, 0xff,
    0xfe, 0x2a, 0x1f, 0xfc, 0x67, 0xfc, 0x17, 0xf0,
    0x1f, 0xff, 0xe2, 0xa1, 0xff, 0xc7, 0xff, 0x20,
    0xfe, 0xb, 0xff, 0xf8, 0xa8, 0x7f, 0xf1, 0xdf,
    0xe8, 0x1f, 0xc1, 0x7f, 0xff, 0x15, 0xf, 0xfe,
    0x47, 0xf8, 0x1f, 0xc1, 0x7f, 0xff, 0x15, 0xf,
    0xfe, 0x43, 0xfd, 0x3f, 0xc1, 0x5f, 0xff, 0xc4,
    0xf, 0xfe, 0x57, 0xff, 0xf0, 0x3, 0x7f, 0xff,
    0xe, 0xf, 0xfe, 0x55, 0xff, 0xe8, 0x35, 0xff,
    0xfc, 0x20, 0xff, 0xe6, 0x7f, 0xfa, 0xe, 0xff,
    0xfe, 0xc, 0x1f, 0xfc, 0xcb, 0xff, 0x90, 0xf7,
    0xff, 0xf0, 0x3, 0xff, 0x9d, 0xff, 0xc1, 0xfa,
    0xff, 0xd0, 0x7f, 0xf4, 0x3f, 0xe0, 0xff, 0xaf,
    0xd0, 0x7f, 0xf4, 0xef, 0xa0, 0xc0,

    /* U+004F "O" */
    0xf, 0xfe, 0x5b, 0x4f, 0xe8, 0x3f, 0xfc, 0x57,
    0xff, 0xf0, 0x3, 0xff, 0xbd, 0xff, 0xfc, 0x44,
    0x3f, 0xfb, 0x57, 0xff, 0xf1, 0x90, 0xff, 0xeb,
    0xdf, 0xff, 0xc9, 0xf, 0xfe, 0xb5, 0xff, 0xfc,
    0xb8, 0x3f, 0xfa, 0x7f, 0xff, 0xd0, 0x83, 0xff,
    0x9f, 0xff, 0xfd, 0x38, 0x3f, 0xf9, 0x9f, 0xff,
    0xd6, 0x83, 0xff, 0x93, 0xff, 0xfd, 0x94, 0x3f,
    0xf8, 0xdf, 0xff, 0xdb, 0x43, 0xff, 0x89, 0x7f,
    0xff, 0x45, 0x1f, 0xfc, 0x87, 0xff, 0x9, 0xff,
    0xfe, 0x90, 0x6b, 0xfe, 0x43, 0xff, 0x83, 0xff,
    0xfd, 0x24, 0x3d, 0xff, 0x21, 0xff, 0x5f, 0xff,
    0xd1, 0x83, 0xf5, 0xfe, 0xf, 0xfb, 0xff, 0xfa,
    0x30, 0x7f, 0xaf, 0xe8, 0x3f, 0xaf, 0xff, 0xe7,
    0xc1, 0xff, 0xc1, 0xbf, 0x90, 0xfd, 0xff, 0xfc,
    0xd4, 0x3f, 0xf8, 0xbf, 0xe0, 0xfa, 0xff, 0xfe,
    0x5a, 0x1f, 0xfc, 0x77, 0xf9, 0xf, 0x7f, 0xff,
    0x2a, 0xf, 0xfe, 0x55, 0xfc, 0x1c, 0xff, 0xff,
    0x25, 0xf, 0xfe, 0x67, 0xf0, 0x77, 0xff, 0xf2,
    0x50, 0xff, 0xe6, 0xff, 0x41, 0xbf, 0xff, 0x90,
    0x87, 0xff, 0x39, 0xfe, 0x9, 0xff, 0xfe, 0x3c,
    0x1f, 0xfd, 0xf, 0xe0, 0xbf, 0xff, 0x90, 0x1f,
    0xfd, 0x1f, 0xe4, 0x1f, 0xff, 0xc7, 0xf, 0xfe,
    0x95, 0xfa, 0x1f, 0xff, 0xe3, 0x41, 0xff, 0xd2,
    0x7f, 0x43, 0xff, 0xfc, 0x60, 0xff, 0xe9, 0xbf,
    0xc5, 0xff, 0xfc, 0x54, 0x3f, 0xfa, 0x6f, 0xf1,
    0xff, 0xfc, 0x60, 0xff, 0xea, 0x3f, 0xc7, 0xff,
    0xf1, 0x60, 0xff, 0xea, 0xff, 0x1f, 0xff, 0xc5,
    0x43, 0xff, 0xa8, 0xff, 0x1f, 0xff, 0xc5, 0xf,
    0xfe, 0xab, 0xfc, 0x7f, 0xff, 0x12, 0xf, 0xfe,
    0xab, 0xfc, 0x7f, 0xff, 0x11, 0xf, 0xfe, 0xad,
    0xfa, 0x3f, 0xff, 0x88, 0x1f, 0xfd, 0x6f, 0xe8,
    0xff, 0xfe, 0x20, 0x7f, 0xf5, 0xbf, 0xa3, 0xff,
    0xf8, 0x81, 0xff, 0xd6, 0xfe, 0x4f, 0xff, 0xe2,
    0x7, 0xff, 0x55, 0xfe, 0x5, 0xff, 0xfc, 0x30,
    0xff, 0xea, 0xff, 0x81, 0x7f, 0xff, 0xc, 0x3f,
    0xfa, 0xbf, 0xd0, 0x1f, 0xff, 0xe1, 0x87, 0xff,
    0x52, 0xfe, 0x42, 0xff, 0xfe, 0x18, 0x7f, 0xf5,
    0x3f, 0xc1, 0xbf, 0xff, 0x86, 0x1f, 0xfd, 0x3b,
    0xfc, 0x19, 0xff, 0xfe, 0x12, 0x1f, 0xfd, 0x2f,
    0xf4, 0x1d, 0xff, 0xfc, 0x28, 0x3f, 0xfa, 0x3f,
    0xf0, 0x7a, 0xff, 0xfe, 0x10, 0x7f, 0xf4, 0x2f,
    0xf4, 0x1f, 0x7f, 0xff, 0xa, 0xf, 0xfe, 0x73,
    0xff, 0x7, 0xeb, 0xff, 0xf8, 0x41, 0xff, 0xcd,
    0x7f, 0xe8, 0x3f, 0xbf, 0xff, 0x86, 0x1f, 0xfc,
    0xbb, 0xff, 0x7, 0xf9, 0xff, 0xfe, 0x14, 0x1f,
    0xfc, 0x9f, 0xfe, 0x43, 0xfe, 0xbf, 0xff, 0x86,
    0x1f, 0xfc, 0x6b, 0xff, 0xc1, 0xff, 0xc1, 0xbf,
    0xff, 0x87, 0x7, 0xff, 0xa, 0xff, 0xf8, 0x3f,
    0xf8, 0x77, 0xff, 0xf1, 0x25, 0x7, 0x9b, 0xff,
    0xf8, 0x21, 0xff, 0xc5, 0xbf, 0xff, 0xb4, 0x1f,
    0xfc, 0x77, 0xff, 0xfb, 0x1, 0xff, 0xca, 0xff,
    0xfe, 0xac, 0x1f, 0xfc, 0xc7, 0xff, 0xfa, 0x48,
    0x7f, 0xf3, 0xdf, 0xff, 0xe7, 0x21, 0xff, 0xd4,
    0x6f, 0xff, 0xe3, 0xc1, 0xff, 0xdb, 0x69, 0xff,
    0xd4, 0x43, 0xff, 0x90,

    /* U+0050 "P" */
    0xf, 0xfe, 0x32, 0xa9, 0xff, 0xd4, 0x50, 0x7f,
    0xf4, 0xdb, 0xff, 0xf9, 0x12, 0x1f, 0xfc, 0xc6,
    0xff, 0xfe, 0x7c, 0x87, 0xff, 0x19, 0xbf, 0xff,
    0xa9, 0x7, 0xff, 0x13, 0xff, 0xfb, 0x28, 0x7f,
    0xf0, 0x1f, 0xff, 0xed, 0xc1, 0xfe, 0x7f, 0xff,
    0xbb, 0x7, 0xf7, 0xff, 0xf7, 0xd0, 0xfa, 0xff,
    0xff, 0x0, 0x7d, 0xff, 0xfe, 0x20, 0xe7, 0xff,
    0xfc, 0x48, 0x6f, 0xff, 0xf2, 0x6, 0xff, 0xff,
    0x22, 0x17, 0xff, 0xf9, 0x20, 0xbf, 0xff, 0xca,
    0x17, 0xff, 0xf9, 0x50, 0x7f, 0xff, 0x96, 0x5,
    0xff, 0xfc, 0xda, 0xf7, 0xff, 0xf1, 0x82, 0xff,
    0xfe, 0x3c, 0xa0, 0xff, 0xe0, 0x37, 0xff, 0xf0,
    0x42, 0x7f, 0xff, 0x87, 0x21, 0xff, 0xc7, 0xbf,
    0xfe, 0xd, 0x7f, 0xfd, 0x7, 0xff, 0x37, 0xff,
    0xc1, 0xd7, 0xfe, 0x43, 0xff, 0xa1, 0xff, 0xc1,
    0xf7, 0xf4, 0x1f, 0xfd, 0x27, 0xff, 0x21, 0xef,
    0xe8, 0x3f, 0xfa, 0x7f, 0xf9, 0xf, 0x7f, 0x41,
    0xff, 0xd3, 0x7f, 0xe4, 0x3d, 0xfc, 0x87, 0xff,
    0x53, 0xfe, 0x43, 0xdf, 0xc8, 0x7f, 0xf5, 0x3f,
    0xe4, 0x3d, 0xfc, 0x87, 0xff, 0x52, 0xff, 0x7,
    0x9f, 0xe0, 0xff, 0xea, 0xdf, 0xe0, 0xf3, 0xfc,
    0x1f, 0xfd, 0x5b, 0xfc, 0x1e, 0x7f, 0x83, 0xff,
    0xab, 0x7f, 0x83, 0xd7, 0xf0, 0x7f, 0xf5, 0x6f,
    0xf0, 0x7a, 0xfe, 0xf, 0xfe, 0xad, 0xfd, 0x7,
    0xaf, 0xe0, 0xff, 0xea, 0xff, 0xa0, 0xf5, 0xfc,
    0x1f, 0xfd, 0x5f, 0xf2, 0x1e, 0xfe, 0x83, 0xff,
    0xa8, 0xff, 0x83, 0xef, 0xe8, 0x3f, 0xfa, 0x97,
    0xf8, 0x3e, 0xfe, 0x83, 0xff, 0xa9, 0xfe, 0x83,
    0xef, 0xe4, 0x3f, 0xfa, 0x6f, 0xf9, 0xf, 0xbf,
    0x90, 0xff, 0xe9, 0xff, 0xc1, 0xfb, 0xf9, 0xf,
    0xfe, 0x97, 0xfd, 0x7, 0xef, 0xf0, 0x7f, 0xf4,
    0x6f, 0xf8, 0x3f, 0xbf, 0xe8, 0x3f, 0xf9, 0xdf,
    0xfa, 0xf, 0xef, 0xfe, 0x90, 0xff, 0xe4, 0xbf,
    0xfc, 0x1f, 0xef, 0xff, 0xe0, 0x48, 0x7f, 0xf1,
    0x2f, 0xff, 0x7, 0xf9, 0xff, 0xfe, 0x24, 0xa0,
    0xf9, 0xbf, 0xff, 0x80, 0x87, 0xf9, 0xff, 0xfe,
    0xd8, 0x7f, 0xf0, 0x1f, 0xe1, 0xff, 0xfe, 0x94,
    0x1f, 0xfc, 0x17, 0xf8, 0x26, 0xff, 0xfe, 0x72,
    0x1f, 0xfc, 0x27, 0xf8, 0x3c, 0xdf, 0xff, 0xc9,
    0x43, 0xff, 0x88, 0xff, 0x7, 0xf9, 0xbf, 0xff,
    0x85, 0x7, 0xff, 0x1d, 0xfe, 0xf, 0xfe, 0x1a,
    0xe9, 0x60, 0xff, 0xe5, 0xbf, 0xc1, 0xff, 0xe2,
    0xbf, 0x83, 0xff, 0xc5, 0x7f, 0x7, 0xff, 0x8a,
    0xfe, 0xf, 0xff, 0x15, 0xfa, 0xf, 0xff, 0x15,
    0xfa, 0xf, 0xff, 0x15, 0xfa, 0xf, 0xff, 0x13,
    0xf9, 0xf, 0xff, 0x1d, 0xe4, 0x3f, 0xfb, 0xe0,

    /* U+0051 "Q" */
    0xf, 0xfe, 0x5b, 0x4f, 0xe8, 0x3f, 0xfc, 0x57,
    0xff, 0xf0, 0x3, 0xff, 0xbd, 0xff, 0xfc, 0x44,
    0x3f, 0xfb, 0x57, 0xff, 0xf1, 0x90, 0xff, 0xeb,
    0xdf, 0xff, 0xc9, 0xf, 0xfe, 0xb5, 0xff, 0xfc,
    0xb8, 0x3f, 0xfa, 0x7f, 0xff, 0xd0, 0x83, 0xff,
    0x9f, 0xff, 0xfd, 0x38, 0x3f, 0xf9, 0x9f, 0xff,
    0xd6, 0x83, 0xff, 0x93, 0xff, 0xfd, 0x94, 0x3f,
    0xf8, 0xdf, 0xff, 0xdb, 0x43, 0xff, 0x89, 0x7f,
    0xff, 0x45, 0x1f, 0xfc, 0x87, 0xff, 0x9, 0xff,
    0xfe, 0x90, 0x6b, 0xfe, 0x43, 0xff, 0x83, 0xff,
    0xfd, 0x24, 0x3d, 0xff, 0x21, 0xff, 0x5f, 0xff,
    0xd1, 0x83, 0xf5, 0xfe, 0xf, 0xfb, 0xff, 0xfa,
    0x30, 0x7f, 0xaf, 0xe8, 0x3f, 0xaf, 0xff, 0xe7,
    0xc1, 0xff, 0xc1, 0xbf, 0x90, 0xfd, 0xff, 0xfc,
    0xd4, 0x3f, 0xf8, 0xbf, 0xe0, 0xfa, 0xff, 0xfe,
    0x5a, 0x1f, 0xfc, 0x77, 0xf9, 0xf, 0x7f, 0xff,
    0x2a, 0xf, 0xfe, 0x55, 0xfc, 0x1c, 0xff, 0xff,
    0x25, 0xf, 0xfe, 0x67, 0xf0, 0x77, 0xff, 0xf2,
    0x50, 0xff, 0xe6, 0xff, 0x41, 0xbf, 0xff, 0x90,
    0x87, 0xff, 0x39, 0xfe, 0x9, 0xff, 0xfe, 0x3c,
    0x1f, 0xfd, 0xf, 0xe0, 0xbf, 0xff, 0x90, 0x1f,
    0xfd, 0x1f, 0xe4, 0x1f, 0xff, 0xc7, 0xf, 0xfe,
    0x95, 0xfa, 0x1f, 0xff, 0xe3, 0x41, 0xff, 0xd2,
    0x7f, 0x43, 0xff, 0xfc, 0x60, 0xff, 0xe9, 0xbf,
    0xc5, 0xff, 0xfc, 0x54, 0x3f, 0xfa, 0x6f, 0xf1,
    0xff, 0xfc, 0x60, 0xff, 0xea, 0x3f, 0xc7, 0xff,
    0xf1, 0x60, 0xff, 0xea, 0xff, 0x1f, 0xff, 0xc5,
    0x43, 0xff, 0xa8, 0xff, 0x1f, 0xff, 0xc5, 0xf,
    0xfe, 0xab, 0xfc, 0x7f, 0xff, 0x12, 0xf, 0xf2,
    0x1f, 0xfc, 0xa7, 0xf8, 0xff, 0xfe, 0x22, 0x1f,
    0xaf, 0x90, 0xff, 0xe4, 0x5f, 0xa3, 0xff, 0xf8,
    0x81, 0xf9, 0xfe, 0xf, 0xfe, 0x47, 0xf4, 0x7f,
    0xff, 0x10, 0x3f, 0x3f, 0xe0, 0xff, 0xe3, 0xff,
    0x47, 0xff, 0xf1, 0x3, 0xfb, 0xfd, 0x7, 0xff,
    0x1b, 0xf9, 0x3f, 0xff, 0x88, 0x1f, 0xcf, 0xf9,
    0xf, 0xfe, 0x23, 0xfc, 0xb, 0xff, 0xf8, 0x61,
    0xfe, 0xbf, 0xc1, 0xff, 0xc4, 0xff, 0x2, 0xff,
    0xfe, 0x18, 0x7f, 0xdf, 0xe8, 0x3f, 0xf8, 0x7f,
    0xd0, 0x1f, 0xff, 0xe1, 0x87, 0xff, 0x3, 0xfc,
    0x87, 0xff, 0x6, 0xfe, 0x42, 0xff, 0xfe, 0x18,
    0x7f, 0xf0, 0x2f, 0xf0, 0x7f, 0xf0, 0x7f, 0xc1,
    0xbf, 0xff, 0x86, 0x1f, 0xfc, 0x1f, 0xf8, 0x3f,
    0xeb, 0xfc, 0x19, 0xff, 0xfe, 0x12, 0x1f, 0xfc,
    0x1f, 0xf2, 0x1f, 0xef, 0xf4, 0x1d, 0xff, 0xfc,
    0x28, 0x3f, 0xf8, 0x2f, 0xf8, 0x3f, 0xbf, 0xe0,
    0xf5, 0xff, 0xfc, 0x20, 0xff, 0xe1, 0x5f, 0xe0,
    0xfa, 0xff, 0x41, 0xf7, 0xff, 0xf0, 0xa0, 0xff,
    0xe1, 0x7f, 0xa0, 0xe7, 0xfe, 0xf, 0xd7, 0xff,
    0xf0, 0x83, 0xff, 0x84, 0xff, 0x83, 0x3f, 0xf4,
    0x1f, 0xdf, 0xff, 0xc3, 0xf, 0xfe, 0x15, 0xfe,
    0x5, 0xff, 0x83, 0xfc, 0xff, 0xff, 0xa, 0xf,
    0xfe, 0x17, 0xfa, 0xff, 0xe4, 0x3f, 0xeb, 0xff,
    0xf8, 0x61, 0xff, 0xc1, 0x7f, 0xff, 0x86, 0x1f,
    0xfc, 0x1b, 0xff, 0xf8, 0x68, 0x7f, 0xf0, 0x2f,
    0xff, 0xe0, 0x87, 0xff, 0xe, 0xff, 0xfe, 0x24,
    0x87, 0xcd, 0xff, 0xfc, 0x10, 0xff, 0xe2, 0xdf,
    0xff, 0xda, 0xf, 0xfe, 0x3b, 0xff, 0xfd, 0x80,
    0xff, 0xe5, 0x7f, 0xff, 0x58, 0x3f, 0xf9, 0x8f,
    0xff, 0xf5, 0x3, 0xff, 0x9c, 0xff, 0xff, 0x4a,
    0xf, 0xfe, 0x83, 0x7f, 0xff, 0x1e, 0x3f, 0xc8,
    0x7f, 0xf4, 0xda, 0x7f, 0xf5, 0x10, 0xcf, 0xf8,
    0x3f, 0xfc, 0xf7, 0xf4, 0x1f, 0xfe, 0x7f, 0xf0,
    0x7f, 0xf9, 0xdf, 0xe8, 0x3f, 0xfc, 0xff, 0xe4,
    0x3f, 0xfc, 0xff, 0xe0, 0xff, 0xf3, 0xdf, 0xc8,
    0x7f, 0xf9, 0xff, 0xc1, 0xff, 0xe7, 0x7f, 0xa0,
    0xff, 0xf3, 0xff, 0x83, 0xff, 0xce, 0xff, 0x41,
    0xff, 0xe7, 0xff, 0x7, 0xff, 0x9d, 0xfe, 0x43,
    0xff, 0xcf, 0x7e, 0xf, 0xff, 0x4f, 0xc1, 0x80,

    /* U+0052 "R" */
    0xf, 0xfe, 0x32, 0xa9, 0xff, 0xd4, 0x50, 0x7f,
    0xf4, 0xdb, 0xff, 0xf9, 0x28, 0x7f, 0xf3, 0x1b,
    0xff, 0xf9, 0xf2, 0x1f, 0xfc, 0x66, 0xff, 0xfe,
    0xa4, 0x1f, 0xfc, 0x4f, 0xff, 0xec, 0xa1, 0xff,
    0xc0, 0x7f, 0xff, 0xb7, 0x7, 0xfd, 0xff, 0xfd,
    0xd8, 0x3f, 0xbf, 0xff, 0xbe, 0x87, 0xd7, 0xff,
    0xf8, 0x10, 0xf7, 0xff, 0xf8, 0x83, 0x9f, 0xff,
    0xf1, 0x21, 0xbf, 0xff, 0xc8, 0x1b, 0xff, 0xfc,
    0x88, 0x5f, 0xff, 0xe5, 0xb, 0xff, 0xfc, 0xa1,
    0x7f, 0xff, 0x95, 0x7, 0xff, 0xf9, 0x60, 0x5f,
    0xff, 0xcd, 0xaf, 0x7f, 0xff, 0x18, 0x2f, 0xff,
    0xe3, 0xca, 0xf, 0xfe, 0xd, 0xff, 0xfc, 0x10,
    0xaf, 0xff, 0xe1, 0xc8, 0x7f, 0xf2, 0x2f, 0xff,
    0x6, 0xff, 0xfe, 0x4, 0x87, 0xff, 0x31, 0xff,
    0xe0, 0xeb, 0xff, 0x41, 0xff, 0xd0, 0x7f, 0xf2,
    0x1c, 0xff, 0x83, 0xff, 0xa7, 0xff, 0x90, 0xf3,
    0xfc, 0x1f, 0xfd, 0x37, 0xfe, 0x43, 0xd7, 0xf0,
    0x7f, 0xf5, 0x3f, 0xe4, 0x3d, 0x7f, 0x7, 0xff,
    0x53, 0xfe, 0x43, 0xd7, 0xe8, 0x3f, 0xfa, 0x97,
    0xf8, 0x3e, 0xfe, 0x83, 0xff, 0xa9, 0x7f, 0x83,
    0xef, 0xe8, 0x3f, 0xfa, 0x97, 0xf8, 0x3e, 0xfe,
    0x43, 0xff, 0xa9, 0x7f, 0x83, 0xef, 0xe4, 0x3f,
    0xfa, 0x97, 0xf8, 0x3e, 0xfe, 0x43, 0xff, 0xa9,
    0xfe, 0x83, 0xef, 0xe4, 0x3f, 0xfa, 0x9f, 0xe4,
    0x3e, 0xfe, 0xf, 0xfe, 0xaf, 0xf9, 0xf, 0xbf,
    0x83, 0xff, 0xa8, 0xff, 0x83, 0xe7, 0xf8, 0x3f,
    0xfa, 0x9f, 0xe8, 0x3e, 0x7f, 0x83, 0xff, 0xa6,
    0xff, 0x90, 0xf9, 0xfe, 0xf, 0xfe, 0x9f, 0xfc,
    0x1f, 0x9f, 0xe0, 0xff, 0xe9, 0x5f, 0xe8, 0x3f,
    0x3f, 0xe4, 0x3f, 0xf9, 0xf7, 0xfc, 0x1f, 0xd7,
    0xfe, 0x43, 0xff, 0x99, 0xff, 0x90, 0xfe, 0xbf,
    0xfd, 0x7, 0xff, 0x22, 0xff, 0xe0, 0xff, 0x5f,
    0xff, 0xc1, 0x90, 0xff, 0xe0, 0xbf, 0xff, 0x7,
    0xfd, 0x7f, 0xff, 0x1a, 0xbe, 0xff, 0xfe, 0x10,
    0x7f, 0xf0, 0x2f, 0xff, 0xed, 0x7, 0xff, 0x6,
    0xfd, 0x2, 0xff, 0xfe, 0x82, 0x1f, 0xfc, 0x2b,
    0xf4, 0x19, 0xff, 0xfe, 0x64, 0x1f, 0xfc, 0x4b,
    0xf4, 0x1f, 0x37, 0xff, 0xf2, 0x20, 0xff, 0xe2,
    0x5f, 0xa0, 0xff, 0x9a, 0x7f, 0xff, 0x12, 0xf,
    0xfe, 0x1f, 0xf4, 0x1f, 0xfc, 0xcf, 0xfa, 0xf,
    0xfe, 0x17, 0xf4, 0x1f, 0xfc, 0xdf, 0xf9, 0xf,
    0xfe, 0xf, 0xf4, 0x1f, 0xfc, 0xd7, 0xfe, 0xf,
    0xfe, 0xf, 0xf2, 0x1f, 0xfc, 0xe7, 0xfe, 0xf,
    0xfe, 0x7, 0xf2, 0x1f, 0xfc, 0xfb, 0xfd, 0x7,
    0xfd, 0xfc, 0x87, 0xff, 0x43, 0xfe, 0x43, 0xfd,
    0xfc, 0x87, 0xff, 0x47, 0xfe, 0xf, 0xf7, 0xf2,
    0x1f, 0xfd, 0x17, 0xfc, 0x87, 0xf7, 0xf2, 0x1f,
    0xfd, 0x2b, 0xfc, 0x1f, 0xdf, 0xc8, 0x7f, 0xf4,
    0xff, 0xc1, 0xfd, 0x7e, 0xf, 0xfe, 0xaf, 0xf0,
    0x7f, 0xaf, 0x21, 0xff, 0xd5, 0x7d, 0x7, 0x0,

    /* U+0053 "S" */
    0xf, 0xfe, 0x4a, 0xff, 0x7, 0xff, 0x5a, 0x9f,
    0xff, 0xc4, 0x90, 0xff, 0xe6, 0xdf, 0xff, 0xcc,
    0x90, 0xff, 0xe3, 0xdf, 0xff, 0xd1, 0x43, 0xff,
    0x87, 0x7f, 0xff, 0x54, 0x3f, 0xf8, 0x3f, 0xff,
    0xd8, 0xf, 0xfb, 0xff, 0xfb, 0x41, 0xfd, 0xff,
    0xfd, 0xb8, 0x3e, 0xff, 0xfe, 0xe8, 0x7a, 0xff,
    0xfe, 0xec, 0x1d, 0xff, 0xfd, 0xf0, 0xdf, 0xff,
    0xe0, 0xd, 0xff, 0xfe, 0x4, 0x17, 0xff, 0xf8,
    0x10, 0x7f, 0xff, 0x85, 0x1f, 0xff, 0xf0, 0x82,
    0xff, 0xff, 0x8, 0x2f, 0xff, 0xf0, 0x40, 0xff,
    0xff, 0x8, 0x5f, 0xff, 0xc1, 0x90, 0xf9, 0xa7,
    0xff, 0xf1, 0xe0, 0xbf, 0xfc, 0x87, 0xff, 0x11,
    0xbf, 0xff, 0x86, 0x1b, 0xff, 0x83, 0xff, 0x95,
    0x7f, 0xfc, 0x1d, 0xff, 0x83, 0xff, 0x9a, 0xff,
    0xd0, 0x7b, 0xfe, 0x83, 0xff, 0xa0, 0xca, 0xf,
    0xdf, 0xf2, 0x1f, 0xfd, 0xcf, 0xf9, 0xf, 0xfe,
    0xe7, 0xfc, 0x87, 0xff, 0x72, 0xff, 0x21, 0xff,
    0xdc, 0x7f, 0xd0, 0x7f, 0xf7, 0x7f, 0xe0, 0xff,
    0xee, 0xff, 0xe0, 0xff, 0xee, 0x3f, 0xf8, 0x3f,
    0xfb, 0x9f, 0xfc, 0x87, 0xff, 0x6f, 0xff, 0xd0,
    0x7f, 0xf6, 0x5f, 0xff, 0xe0, 0xd1, 0x41, 0xff,
    0xd4, 0xff, 0xfe, 0x6d, 0x14, 0x1f, 0xfc, 0x8b,
    0xff, 0xfa, 0x30, 0x7f, 0xf1, 0xef, 0xff, 0xe8,
    0xc1, 0xff, 0xc7, 0x6f, 0xff, 0xe8, 0x21, 0xff,
    0xc9, 0x69, 0xff, 0xfc, 0xc8, 0x3f, 0xfa, 0xca,
    0xbf, 0xfe, 0x43, 0xff, 0xb4, 0xff, 0xf0, 0x7f,
    0xf7, 0x1f, 0xfa, 0xf, 0xfe, 0xef, 0xfc, 0x1f,
    0xfd, 0xef, 0xf2, 0x1f, 0xfd, 0xdb, 0xfa, 0xf,
    0xfe, 0xeb, 0xfd, 0x7, 0xff, 0x75, 0xfe, 0x83,
    0xc8, 0x7f, 0xf5, 0x9f, 0xe8, 0x33, 0xf4, 0x1f,
    0xfd, 0x4b, 0xfa, 0xd, 0xfe, 0x43, 0xff, 0xa5,
    0xfe, 0x43, 0x7f, 0xd0, 0x7f, 0xf4, 0x1f, 0xf0,
    0x75, 0xff, 0x90, 0xff, 0xe7, 0x7f, 0xc1, 0xef,
    0xff, 0x41, 0xff, 0xcb, 0xff, 0x90, 0xfa, 0xff,
    0xf9, 0xf, 0xfe, 0x35, 0xff, 0x83, 0xf9, 0xff,
    0xfe, 0xc, 0xa0, 0xfc, 0xab, 0xff, 0xc1, 0xff,
    0xc0, 0xbf, 0xff, 0xac, 0x1f, 0xfc, 0x3b, 0xff,
    0xfa, 0x61, 0xff, 0xc6, 0xbf, 0xff, 0x9e, 0x87,
    0xff, 0x25, 0xbf, 0xff, 0x93, 0x21, 0xff, 0xd0,
    0x69, 0xff, 0xf4, 0xa0, 0xff, 0xe0, 0x80,

    /* U+0054 "T" */
    0xf, 0xfe, 0x5a, 0xea, 0xdf, 0xff, 0xc2, 0x43,
    0xff, 0x90, 0xaa, 0x7f, 0xff, 0x46, 0xf, 0xfe,
    0x3, 0x4f, 0xff, 0xed, 0x7, 0xe7, 0xff, 0xfc,
    0x1, 0xeb, 0xff, 0xfc, 0x30, 0x6f, 0xff, 0xf2,
    0x5, 0x7f, 0xff, 0x91, 0x7, 0xff, 0xf9, 0x62,
    0xff, 0xff, 0x2c, 0x7f, 0xff, 0x9a, 0x3f, 0xff,
    0xcc, 0x9f, 0xff, 0xe6, 0x7, 0xff, 0xf9, 0x60,
    0x7f, 0xff, 0x94, 0x27, 0xff, 0xfc, 0x68, 0x6f,
    0xff, 0xf1, 0x7, 0xdf, 0xff, 0xdf, 0x83, 0xfb,
    0xff, 0xfb, 0x34, 0x43, 0xff, 0x83, 0x7f, 0xff,
    0x36, 0x8b, 0x7, 0xff, 0x31, 0x7f, 0xf8, 0x97,
    0xf0, 0x7f, 0xf8, 0x9f, 0xe0, 0xff, 0xf1, 0x3f,
    0xc1, 0xff, 0xe3, 0xfe, 0xf, 0xff, 0x1f, 0xf0,
    0x7f, 0xf8, 0xff, 0x83, 0xff, 0xc7, 0xfc, 0x87,
    0xff, 0x8b, 0xf9, 0xf, 0xff, 0x17, 0xf2, 0x1f,
    0xfe, 0x2f, 0xe4, 0x3f, 0xfc, 0x5f, 0xd0, 0x7f,
    0xf8, 0xbf, 0xa0, 0xff, 0xf1, 0x7f, 0x41, 0xff,
    0xe2, 0xfe, 0x83, 0xff, 0xc5, 0xfd, 0x7, 0xff,
    0x8b, 0xfa, 0xf, 0xff, 0x15, 0xfa, 0xf, 0xff,
    0x15, 0xfa, 0xf, 0xff, 0x15, 0xfa, 0xf, 0xff,
    0x15, 0xfa, 0xf, 0xff, 0x15, 0xfa, 0xf, 0xff,
    0x15, 0xfa, 0xf, 0xff, 0x15, 0xfa, 0xf, 0xff,
    0x15, 0xfa, 0xf, 0xff, 0x15, 0xfa, 0xf, 0xff,
    0x15, 0xfa, 0xf, 0xff, 0x15, 0xfa, 0xf, 0xff,
    0x15, 0xfa, 0xf, 0xff, 0x15, 0xfa, 0xf, 0xff,
    0x15, 0xfa, 0xf, 0xff, 0x17, 0xf4, 0x1f, 0xfe,
    0x2f, 0xe8, 0x3f, 0xfc, 0x5f, 0xc8, 0x7f, 0xf8,
    0xbf, 0x90, 0xff, 0xf1, 0x7f, 0x21, 0xff, 0xe2,
    0xfe, 0x43, 0xff, 0xc5, 0xfc, 0x87, 0xff, 0x8b,
    0xf9, 0xf, 0xff, 0x17, 0xf0, 0x7f, 0xf8, 0xff,
    0x83, 0xff, 0xc9, 0xf0, 0x7f, 0xf2, 0xc0,

    /* U+0055 "U" */
    0xf, 0xf9, 0x70, 0x7f, 0xf4, 0xd4, 0x1f, 0xfc,
    0x27, 0xff, 0x41, 0xff, 0xce, 0x7f, 0x7, 0xff,
    0x2, 0xff, 0xf9, 0xf, 0xfe, 0x67, 0xf4, 0x1f,
    0xeb, 0xff, 0xf8, 0x28, 0x7f, 0xf2, 0xef, 0xe0,
    0xfe, 0xbf, 0xff, 0x86, 0x1f, 0xfc, 0xbb, 0xf8,
    0x3f, 0xbf, 0xff, 0x88, 0x87, 0xff, 0x29, 0xfe,
    0xf, 0xd7, 0xff, 0xf1, 0x20, 0xff, 0xe5, 0xff,
    0x21, 0xf7, 0xff, 0xf1, 0x83, 0xff, 0x97, 0xfc,
    0x87, 0x9f, 0xff, 0xe3, 0x7, 0xff, 0x2f, 0xfa,
    0xf, 0x5f, 0xff, 0xc6, 0xf, 0xfe, 0x5d, 0xfc,
    0x1e, 0xff, 0xfe, 0x34, 0x1f, 0xfc, 0xbb, 0xf8,
    0x3d, 0xff, 0xfc, 0x64, 0x3f, 0xf9, 0x6f, 0xf0,
    0x73, 0xff, 0xfc, 0x60, 0xff, 0xe6, 0xff, 0x21,
    0xaf, 0xff, 0xe3, 0x7, 0xff, 0x37, 0xf9, 0xd,
    0x7f, 0xff, 0x16, 0xf, 0xfe, 0x6f, 0xf4, 0x1b,
    0xff, 0xf8, 0xc8, 0x7f, 0xf3, 0x7f, 0xa0, 0xdf,
    0xff, 0xc6, 0xf, 0xfe, 0x75, 0xfc, 0x1b, 0xff,
    0xf8, 0xc1, 0xff, 0xce, 0x7f, 0x82, 0x7f, 0xff,
    0x8c, 0x1f, 0xfc, 0xe7, 0xf8, 0x27, 0xff, 0xf8,
    0xb0, 0x7f, 0xf3, 0x9f, 0xe0, 0xaf, 0xff, 0xe2,
    0xa1, 0xff, 0xcf, 0xfe, 0x41, 0x7f, 0xff, 0x14,
    0x3f, 0xfa, 0x1f, 0xc8, 0x2f, 0xff, 0xe2, 0x87,
    0xff, 0x43, 0xfa, 0x7, 0xff, 0xf1, 0x60, 0xff,
    0xe8, 0x7f, 0x40, 0xff, 0xfe, 0x2a, 0x1f, 0xfd,
    0xb, 0xf4, 0xf, 0xff, 0xe2, 0x87, 0xff, 0x46,
    0xfe, 0x7, 0xff, 0xf1, 0x43, 0xff, 0xa3, 0x7f,
    0x3, 0xff, 0xf8, 0xa1, 0xff, 0xd1, 0x7f, 0x81,
    0xff, 0xfc, 0x48, 0x3f, 0xfa, 0x2f, 0xf0, 0x3f,
    0xff, 0x88, 0x87, 0xff, 0x45, 0xfe, 0x7, 0xff,
    0xf1, 0x10, 0xff, 0xe8, 0xbf, 0xc0, 0xff, 0xfe,
    0x20, 0x7f, 0xf4, 0x9f, 0xe0, 0x7f, 0xff, 0x10,
    0x3f, 0xfa, 0x4f, 0xf0, 0x3f, 0xff, 0x88, 0x1f,
    0xfd, 0x3f, 0xe0, 0x7f, 0xff, 0xe, 0xf, 0xfe,
    0x9f, 0xf0, 0x3f, 0xff, 0x87, 0x7, 0xff, 0x4f,
    0xf8, 0x1f, 0xff, 0xc3, 0x83, 0xff, 0xa7, 0xfc,
    0xf, 0xff, 0xe1, 0xa1, 0xff, 0xd3, 0xfe, 0x7,
    0xff, 0xf0, 0xd0, 0xff, 0xe9, 0x3f, 0xc0, 0xff,
    0xfe, 0x1a, 0x1f, 0xfd, 0x27, 0xf8, 0x17, 0xff,
    0xf0, 0x90, 0xff, 0xe9, 0x3f, 0xc0, 0xbf, 0xff,
    0x84, 0x87, 0xff, 0x49, 0xfe, 0x5, 0xff, 0xfc,
    0x24, 0x3f, 0xfa, 0x4f, 0xf0, 0x1f, 0xff, 0xe1,
    0x21, 0xff, 0xd2, 0xbf, 0x80, 0xff, 0xff, 0x9,
    0xf, 0xfe, 0x95, 0xfc, 0x17, 0xff, 0xf0, 0xa0,
    0xff, 0xe9, 0x7f, 0x41, 0x7f, 0xff, 0xa, 0xf,
    0xfe, 0x97, 0xf4, 0x17, 0xff, 0xf0, 0xc3, 0xff,
    0xa3, 0x7f, 0x21, 0x5f, 0xff, 0xc2, 0xf, 0xfe,
    0x8f, 0xf8, 0x3b, 0xff, 0xf8, 0x50, 0x7f, 0xf3,
    0xff, 0xd0, 0x77, 0xff, 0xf0, 0xc3, 0xff, 0x9d,
    0xff, 0x21, 0xcf, 0xff, 0xf0, 0xa0, 0xff, 0xe6,
    0x7f, 0xe0, 0xfa, 0xff, 0xfe, 0x14, 0x1f, 0xfc,
    0x97, 0xff, 0x7, 0xf7, 0xff, 0xf0, 0xe0, 0xff,
    0xe3, 0x3f, 0xfc, 0x87, 0xfb, 0xff, 0xf8, 0x90,
    0x7f, 0xf0, 0x5b, 0xff, 0xd0, 0x7f, 0xf0, 0x3f,
    0xff, 0x8f, 0x45, 0xa9, 0xff, 0xfc, 0x28, 0x3f,
    0xf8, 0x57, 0xff, 0xf6, 0x50, 0xff, 0xe2, 0xdf,
    0xff, 0xd5, 0x83, 0xff, 0x93, 0x7f, 0xff, 0x46,
    0xf, 0xfe, 0x6b, 0x7f, 0xff, 0x2e, 0x43, 0xff,
    0xa6, 0xaa, 0x7f, 0xfd, 0x45, 0x7, 0xff, 0x14,

    /* U+0056 "V" */
    0xf, 0xff, 0x3a, 0x83, 0xf3, 0x7e, 0x90, 0xff,
    0xec, 0x7e, 0xe, 0x7f, 0xfc, 0x87, 0xff, 0x56,
    0xfc, 0x84, 0xff, 0xff, 0x2, 0xf, 0xfe, 0xa7,
    0xf4, 0x7, 0xff, 0xf8, 0x48, 0x7f, 0xf4, 0xff,
    0x90, 0x7f, 0xff, 0x10, 0x3f, 0xfa, 0x7f, 0xc9,
    0x7f, 0xff, 0x11, 0xf, 0xfe, 0x8b, 0xfc, 0xf,
    0xff, 0xe2, 0xc1, 0xff, 0xd1, 0xbf, 0x81, 0xff,
    0xfc, 0x60, 0xff, 0xe8, 0xff, 0x81, 0xff, 0xfc,
    0x60, 0xff, 0xe8, 0xff, 0x40, 0xff, 0xfe, 0x32,
    0x1f, 0xfd, 0xf, 0xe4, 0x1f, 0xff, 0xc6, 0x83,
    0xff, 0x9e, 0xff, 0x20, 0xbf, 0xff, 0x8b, 0x7,
    0xff, 0x3e, 0xfe, 0x9, 0xff, 0xfe, 0x30, 0x7f,
    0xf3, 0xff, 0xc1, 0xbf, 0xff, 0x8c, 0x1f, 0xfc,
    0xff, 0xe8, 0x37, 0xff, 0xf1, 0x90, 0xff, 0xe7,
    0x7f, 0x41, 0xaf, 0xff, 0xe2, 0xc1, 0xff, 0xcd,
    0x7f, 0x90, 0xef, 0xff, 0xe3, 0x7, 0xff, 0x36,
    0xfe, 0xf, 0x7f, 0xff, 0x18, 0x3f, 0xf9, 0xbf,
    0xe0, 0xf5, 0xff, 0xfc, 0x54, 0x3f, 0xf9, 0x9f,
    0xd0, 0x79, 0xff, 0xfe, 0x2c, 0x1f, 0xfc, 0xb7,
    0xfa, 0xf, 0xbf, 0xff, 0x8c, 0x1f, 0xfc, 0xbb,
    0xf9, 0xf, 0xbf, 0xff, 0x8c, 0x1f, 0xfc, 0xbf,
    0xf0, 0x7e, 0x7f, 0xff, 0x8a, 0x87, 0xff, 0x2b,
    0xfc, 0x1f, 0xdf, 0xff, 0xc5, 0x83, 0xff, 0x92,
    0xff, 0x41, 0xfd, 0xff, 0xfc, 0x60, 0xff, 0xe4,
    0xdf, 0xc8, 0x7f, 0x3f, 0xff, 0xc5, 0xf, 0xfe,
    0x4f, 0xf8, 0x3f, 0xef, 0xff, 0xe2, 0xa1, 0xff,
    0xc8, 0xff, 0x7, 0xfd, 0xff, 0xfc, 0x58, 0x3f,
    0xf8, 0xef, 0xf4, 0x1f, 0xf3, 0xff, 0xfc, 0x50,
    0xff, 0xe3, 0xdf, 0xc8, 0x7f, 0xf0, 0x3f, 0xff,
    0x8a, 0x1f, 0xfc, 0x7f, 0xf0, 0x7f, 0xf0, 0x6f,
    0xff, 0xe2, 0x21, 0xff, 0xc6, 0xff, 0x7, 0xff,
    0x5, 0xff, 0xfe, 0x28, 0x7f, 0xf1, 0x5f, 0xe8,
    0x3f, 0xf8, 0x5f, 0xff, 0xc5, 0xf, 0xfe, 0x2f,
    0xf8, 0x3f, 0xf8, 0x77, 0xff, 0xf1, 0x10, 0xff,
    0xe2, 0x7f, 0x83, 0xff, 0x89, 0xff, 0xfc, 0x48,
    0x3f, 0xf8, 0x6f, 0xf4, 0x1f, 0xfc, 0x4f, 0xff,
    0xe2, 0x87, 0xff, 0xe, 0xfe, 0x43, 0xff, 0x88,
    0xff, 0xff, 0x11, 0xf, 0xfe, 0x17, 0xf8, 0x3f,
    0xf8, 0xdf, 0xff, 0xc4, 0x83, 0xff, 0x82, 0xff,
    0x83, 0xff, 0x8d, 0x7f, 0xff, 0x10, 0x3f, 0xf8,
    0x37, 0xf2, 0x1f, 0xfc, 0x7f, 0xff, 0xe2, 0x21,
    0xff, 0xc0, 0xff, 0x7, 0xff, 0x22, 0xff, 0xfe,
    0x20, 0x7f, 0xcf, 0xf8, 0x3f, 0xf9, 0x3f, 0xff,
    0xc4, 0xf, 0xfa, 0xfe, 0x43, 0xff, 0x93, 0x7f,
    0xff, 0xe, 0xf, 0xf7, 0xf8, 0x3f, 0xf9, 0x4f,
    0xff, 0xf1, 0x3, 0xf9, 0xfe, 0x83, 0xff, 0x97,
    0xff, 0xfc, 0x44, 0x3f, 0x7f, 0x90, 0xff, 0xe5,
    0xbf, 0xff, 0xc4, 0xf, 0xdf, 0xe0, 0xff, 0xe6,
    0xff, 0xff, 0x11, 0xf, 0x5f, 0xd0, 0x7f, 0xf3,
    0x5f, 0xff, 0xe2, 0x7, 0xbf, 0xc1, 0xff, 0xcf,
    0xff, 0xfe, 0x22, 0x19, 0xff, 0x7, 0xff, 0x3d,
    0xff, 0xfe, 0x20, 0x6f, 0xf2, 0x1f, 0xfd, 0xb,
    0xff, 0xf8, 0x89, 0x7f, 0x83, 0xff, 0xa5, 0xff,
    0xfc, 0xc4, 0x3f, 0xfa, 0x57, 0xff, 0xf2, 0xc3,
    0xff, 0xa9, 0xff, 0xfc, 0xa8, 0x3f, 0xfa, 0xbf,
    0xff, 0xc9, 0xf, 0xfe, 0xb3, 0xff, 0xfc, 0x78,
    0x3f, 0xfa, 0xef, 0xff, 0xf1, 0x60, 0xff, 0xed,
    0x7f, 0xff, 0xe, 0xf, 0xfe, 0xe3, 0xff, 0xfc,
    0x4, 0x3f, 0xfc, 0x14, 0xfd, 0x40, 0xff, 0xe4,
    0x80,

    /* U+0057 "W" */
    0xf, 0xcb, 0xc1, 0xff, 0xd7, 0x5e, 0xf, 0xfe,
    0xa2, 0x83, 0xe7, 0xff, 0x48, 0x7f, 0xf4, 0x5f,
    0xfe, 0x43, 0xff, 0x9e, 0xfe, 0xe, 0xff, 0xfe,
    0x4, 0x1f, 0xfc, 0xff, 0xff, 0xe0, 0x41, 0xff,
    0xce, 0xfe, 0x42, 0xff, 0xfe, 0x14, 0x1f, 0xfc,
    0xdf, 0xff, 0xe1, 0x41, 0xff, 0xcd, 0xfe, 0x41,
    0xff, 0xfc, 0x44, 0x3f, 0xf9, 0x77, 0xff, 0xf0,
    0xc3, 0xff, 0x9b, 0xfc, 0x8f, 0xff, 0xf1, 0x43,
    0xff, 0x97, 0xff, 0xfc, 0x48, 0x3f, 0xf9, 0x6f,
    0xf0, 0x3f, 0xff, 0x8c, 0x1f, 0xfc, 0xab, 0xff,
    0xf8, 0xa1, 0xff, 0xcb, 0x7f, 0x81, 0xff, 0xfc,
    0x64, 0x3f, 0xf9, 0x3f, 0xff, 0xc6, 0xf, 0xfe,
    0x5d, 0xfc, 0xf, 0xff, 0xe3, 0x21, 0xff, 0xc9,
    0xff, 0xfe, 0x30, 0x7f, 0xf2, 0xff, 0xc0, 0xff,
    0xfe, 0x34, 0x1f, 0xfc, 0x9f, 0xff, 0xe3, 0x7,
    0xff, 0x2f, 0xfa, 0x7, 0xff, 0xf1, 0xa0, 0xff,
    0xe4, 0xff, 0xff, 0x19, 0xf, 0xfe, 0x57, 0xf2,
    0xf, 0xff, 0xe3, 0x87, 0xff, 0x26, 0xff, 0xfe,
    0x2a, 0x1f, 0xfc, 0xaf, 0xe4, 0x17, 0xff, 0xf1,
    0x83, 0xff, 0x93, 0x7f, 0xff, 0x16, 0xf, 0xfe,
    0x4b, 0xfc, 0x15, 0xff, 0xfc, 0x60, 0xff, 0xe4,
    0xbf, 0xff, 0xc5, 0x83, 0xff, 0x93, 0x7f, 0x4,
    0xff, 0xff, 0x19, 0xf, 0xfe, 0x43, 0xff, 0xfc,
    0x60, 0xff, 0xe4, 0xdf, 0xc1, 0xbf, 0xff, 0x8c,
    0x87, 0xff, 0x27, 0xff, 0xf8, 0xc1, 0xff, 0xc9,
    0xfe, 0x83, 0x7f, 0xff, 0x1a, 0xf, 0xfe, 0x43,
    0xff, 0xfc, 0x60, 0xff, 0xe4, 0xff, 0x21, 0xbf,
    0xff, 0x8d, 0x7, 0xff, 0x22, 0xff, 0xfe, 0x30,
    0x7f, 0xf2, 0x7f, 0x90, 0xd7, 0xff, 0xf1, 0x83,
    0xff, 0x91, 0xff, 0xfc, 0x74, 0x3f, 0xf8, 0xef,
    0xf0, 0x73, 0xff, 0xfc, 0x60, 0xff, 0xe4, 0x7f,
    0xff, 0x1e, 0xf, 0xfe, 0x3d, 0xfc, 0x1c, 0xff,
    0xff, 0x18, 0x3f, 0xf9, 0x1f, 0xff, 0xc7, 0x83,
    0xff, 0x8f, 0xfe, 0xf, 0x7f, 0xff, 0x19, 0xf,
    0xfe, 0x33, 0xff, 0xfc, 0x80, 0xff, 0xe3, 0xff,
    0x41, 0xef, 0xff, 0xe3, 0x41, 0xff, 0xc6, 0xbf,
    0xff, 0x90, 0x1f, 0xfc, 0x7f, 0xe4, 0x3d, 0x7f,
    0xff, 0x16, 0xf, 0xfe, 0x37, 0xff, 0xf2, 0x43,
    0xff, 0x8c, 0xff, 0x7, 0xcf, 0xff, 0xf1, 0x83,
    0xff, 0x8d, 0xff, 0xfc, 0x94, 0x3f, 0xf8, 0xb7,
    0xf0, 0x7e, 0xff, 0xfe, 0x30, 0x7f, 0xf1, 0x5f,
    0xff, 0xe4, 0xc1, 0xff, 0xc5, 0xff, 0x7, 0xef,
    0xff, 0xe3, 0x21, 0xff, 0xc4, 0xbf, 0xff, 0x93,
    0x7, 0xff, 0x17, 0xfa, 0xf, 0xd7, 0xff, 0xf1,
    0x50, 0xff, 0xe2, 0x7f, 0xff, 0x2c, 0x3f, 0xf8,
    0x8f, 0xf2, 0x1f, 0x9f, 0xff, 0xe2, 0xc1, 0xff,
    0xc4, 0xff, 0xfe, 0x58, 0x7f, 0xf1, 0x2f, 0xe0,
    0xff, 0x7f, 0xff, 0x18, 0x3f, 0xf8, 0x6f, 0xf5,
    0xff, 0xfc, 0x50, 0xff, 0xe2, 0x5f, 0xc1, 0xfe,
    0xff, 0xfe, 0x30, 0x7f, 0xf0, 0xef, 0xe7, 0xff,
    0xf8, 0xa8, 0x7f, 0xf0, 0xff, 0xa0, 0xff, 0x5f,
    0xff, 0xc5, 0x43, 0xff, 0x85, 0xfe, 0x2f, 0xff,
    0xe2, 0x41, 0xff, 0xc2, 0x7f, 0x90, 0xff, 0xbf,
    0xff, 0x8b, 0x7, 0xff, 0xb, 0xfc, 0x3f, 0xff,
    0xc5, 0xf, 0xfe, 0x15, 0xfc, 0x1f, 0xfc, 0xf,
    0xff, 0xe3, 0x7, 0xff, 0x5, 0xfe, 0x81, 0xff,
    0xfc, 0x50, 0xff, 0xe1, 0x7f, 0x83, 0xff, 0x81,
    0x7f, 0xff, 0x14, 0x3f, 0xf8, 0x37, 0xf2, 0xf,
    0xff, 0xe2, 0xa1, 0xff, 0xc1, 0xfe, 0x83, 0xff,
    0x80, 0xff, 0xff, 0x14, 0x3f, 0xf8, 0x3f, 0xe0,
    0xaf, 0xff, 0xe2, 0x41, 0xff, 0xc0, 0x7f, 0x90,
    0xff, 0xe0, 0xff, 0xff, 0x15, 0xf, 0xf9, 0xfe,
    0x83, 0x7f, 0xff, 0x14, 0x3f, 0xf8, 0x17, 0xf0,
    0x7f, 0xf0, 0xaf, 0xff, 0xe2, 0x41, 0xff, 0x5f,
    0xc8, 0x6f, 0xff, 0xe2, 0x87, 0xff, 0x3, 0xfc,
    0x1f, 0xfc, 0x27, 0xff, 0xf8, 0xa1, 0xff, 0x7f,
    0x83, 0xaf, 0xff, 0xe2, 0x7, 0xfc, 0xff, 0x41,
    0xff, 0xc3, 0xff, 0xfe, 0x28, 0x7f, 0x9f, 0xf0,
    0x73, 0xff, 0xfc, 0x44, 0x3f, 0xd7, 0xf0, 0x7f,
    0xf1, 0x2f, 0xff, 0xe2, 0x21, 0xfd, 0x7f, 0x21,
    0xef, 0xff, 0xe2, 0x41, 0xfe, 0xff, 0x7, 0xff,
    0x11, 0xff, 0xfe, 0x24, 0x1f, 0xdf, 0xe0, 0xfa,
    0xff, 0xfe, 0x20, 0x7f, 0xbf, 0xa0, 0xff, 0xe2,
    0xff, 0xff, 0x14, 0x3f, 0x3f, 0xe0, 0xf9, 0xff,
    0xfe, 0x20, 0x7f, 0x5f, 0xc1, 0xff, 0xc6, 0xbf,
    0xff, 0x88, 0x87, 0xd7, 0xf4, 0x1f, 0xbf, 0xff,
    0x88, 0x87, 0xef, 0xf0, 0x7f, 0xf1, 0xff, 0xff,
    0x89, 0x7, 0xdf, 0xe0, 0xfe, 0xbf, 0xff, 0x88,
    0x1f, 0x3f, 0xd0, 0x7f, 0xf1, 0xef, 0xff, 0xe2,
    0x7, 0x9f, 0xf0, 0x7f, 0x3f, 0xff, 0xc4, 0xf,
    0xaf, 0xe0, 0xff, 0xe4, 0x3f, 0xff, 0xc4, 0xf,
    0x5f, 0xc8, 0x7f, 0xbf, 0xff, 0x88, 0x87, 0xbf,
    0xc1, 0xff, 0xc9, 0xff, 0xfe, 0x22, 0x1d, 0xfe,
    0xf, 0xfa, 0xff, 0xfe, 0x1c, 0x1c, 0xff, 0x21,
    0xff, 0xc9, 0xbf, 0xff, 0x88, 0x19, 0xfe, 0x83,
    0xff, 0x81, 0xff, 0xfc, 0x40, 0xef, 0xf0, 0x7f,
    0xf2, 0xff, 0xff, 0x88, 0x1b, 0xfc, 0x87, 0xff,
    0x2, 0xff, 0xfe, 0x18, 0x67, 0xfa, 0xf, 0xfe,
    0x5d, 0xff, 0xfc, 0x34, 0xf, 0xf8, 0x3f, 0xf8,
    0x2f, 0xff, 0xf0, 0xd0, 0xbf, 0xc8, 0x7f, 0xf3,
    0x3f, 0xff, 0x88, 0xf, 0xf2, 0x1f, 0xfc, 0x2f,
    0xff, 0xe2, 0x2, 0xff, 0x7, 0xff, 0x37, 0xff,
    0xf9, 0x81, 0xff, 0xc3, 0x7f, 0xff, 0x96, 0x87,
    0xff, 0x35, 0xff, 0xfe, 0x54, 0x1f, 0xfc, 0x4f,
    0xff, 0xe5, 0x87, 0xff, 0x3f, 0xff, 0xf9, 0x41,
    0xff, 0xc5, 0x7f, 0xff, 0x93, 0x7, 0xff, 0x3d,
    0xff, 0xfe, 0x44, 0x1f, 0xfc, 0x6f, 0xff, 0xe4,
    0x87, 0xff, 0x46, 0xff, 0xfe, 0x38, 0x7f, 0xf2,
    0x3f, 0xff, 0x8e, 0x87, 0xff, 0x4a, 0xff, 0xfe,
    0x28, 0x7f, 0xf2, 0xbf, 0xff, 0x8b, 0x7, 0xff,
    0x52, 0xff, 0xfe, 0x18, 0x7f, 0xf3, 0x3f, 0xff,
    0x86, 0x87, 0xff, 0x5f, 0xff, 0xf8, 0x8, 0x7f,
    0xf3, 0x9f, 0xff, 0xa0, 0xff, 0xed, 0xdf, 0xd4,
    0xf, 0xfe, 0x9b, 0x7f, 0x50, 0x3f, 0xf9, 0x0,

    /* U+0058 "X" */
    0xf, 0xfe, 0xf2, 0xf0, 0x7f, 0xf9, 0x2f, 0xfa,
    0xf, 0xff, 0x3, 0xff, 0xf0, 0x7f, 0x36, 0x87,
    0xff, 0x45, 0xff, 0xfe, 0x8, 0x7c, 0xfe, 0x83,
    0xff, 0x9f, 0x7f, 0xff, 0xc, 0x3d, 0x7f, 0x41,
    0xff, 0xcd, 0x7f, 0xff, 0x88, 0x87, 0x3f, 0xe8,
    0x3f, 0xf9, 0x6f, 0xff, 0xf1, 0x60, 0xf5, 0xff,
    0x7, 0xff, 0x2b, 0xff, 0xf8, 0xe1, 0xf5, 0xff,
    0x7, 0xff, 0x23, 0xff, 0xf9, 0x1, 0xfa, 0xff,
    0x83, 0xff, 0x8d, 0xff, 0xfc, 0x90, 0xfe, 0xbf,
    0xe0, 0xff, 0xe2, 0x7f, 0xff, 0x28, 0x3f, 0xd7,
    0xfc, 0x1f, 0xfc, 0x2b, 0xff, 0xf9, 0x30, 0x7f,
    0xd7, 0xfc, 0x1f, 0xfc, 0x7, 0xff, 0xf9, 0x41,
    0xff, 0xc1, 0xbf, 0xe0, 0xff, 0x3f, 0xff, 0xca,
    0x83, 0xff, 0x84, 0xff, 0xc1, 0xfd, 0xff, 0xfc,
    0xb0, 0xff, 0xe2, 0x3f, 0xf0, 0x7d, 0xff, 0xfc,
    0xb4, 0x3f, 0xf8, 0xb7, 0xfa, 0xe, 0xff, 0xfe,
    0x60, 0x7f, 0xf1, 0xef, 0xf4, 0x15, 0xff, 0xfc,
    0xb0, 0xff, 0xe4, 0xdf, 0xe8, 0x7f, 0xff, 0x97,
    0x7, 0xff, 0x2a, 0xff, 0x5f, 0xff, 0xcc, 0xf,
    0xfe, 0x65, 0xff, 0xfd, 0x10, 0xff, 0xe7, 0x5f,
    0xff, 0xcf, 0x43, 0xff, 0x9f, 0xff, 0xfc, 0xf0,
    0xff, 0xe8, 0xff, 0xff, 0x34, 0x3f, 0xfa, 0x5f,
    0xff, 0xcc, 0x43, 0xff, 0xa3, 0xff, 0xfc, 0xc8,
    0x3f, 0xfa, 0x37, 0xff, 0xf3, 0x3, 0xff, 0xa2,
    0xff, 0xff, 0x30, 0x3f, 0xfa, 0x5f, 0xff, 0xcc,
    0x43, 0xff, 0xa3, 0xff, 0xfc, 0xc8, 0x3f, 0xfa,
    0x37, 0xff, 0xf3, 0x3, 0xff, 0xa2, 0xff, 0xff,
    0x30, 0x3f, 0xfa, 0x5f, 0xff, 0xcc, 0x43, 0xff,
    0xa3, 0xff, 0xfc, 0xc8, 0x3f, 0xfa, 0x37, 0xff,
    0xf3, 0x3, 0xff, 0xa2, 0xff, 0xff, 0x38, 0x3f,
    0xfa, 0x1f, 0xff, 0xcf, 0x83, 0xff, 0x9d, 0xff,
    0xfd, 0x18, 0x3f, 0xf9, 0x97, 0xff, 0xf4, 0x90,
    0xff, 0xe5, 0xff, 0xff, 0x2e, 0x3f, 0xe4, 0x3f,
    0xf9, 0x3f, 0xff, 0xcc, 0xb, 0xfe, 0xf, 0xfe,
    0x45, 0xff, 0xfc, 0xb0, 0xef, 0xf8, 0x3f, 0xf8,
    0xcf, 0xff, 0xf2, 0xd0, 0xe7, 0xfd, 0x7, 0xff,
    0x17, 0xff, 0xf9, 0x68, 0x7c, 0xff, 0x90, 0xff,
    0xe1, 0xdf, 0xff, 0xca, 0x83, 0xfa, 0xff, 0x21,
    0xff, 0xc1, 0x7f, 0xff, 0x95, 0x7, 0xfd, 0xff,
    0x7, 0xff, 0x7, 0xff, 0xf9, 0x61, 0xff, 0xc1,
    0xff, 0x83, 0xfe, 0xff, 0xfe, 0x58, 0x7f, 0xf0,
    0xff, 0xd0, 0x7f, 0x3f, 0xff, 0xca, 0xf, 0xfe,
    0x23, 0xfe, 0x43, 0xf7, 0xff, 0xf2, 0x90, 0xff,
    0xe2, 0xdf, 0xe0, 0xf9, 0xff, 0xfe, 0x4a, 0x1f,
    0xfc, 0x7f, 0xf8, 0x3d, 0xff, 0xfc, 0x94, 0x3f,
    0xf9, 0x3f, 0xe8, 0x3b, 0xff, 0xf9, 0x10, 0x7f,
    0xf2, 0x9f, 0xf2, 0x1b, 0xff, 0xf8, 0xf0, 0x7f,
    0xf3, 0x1f, 0xf0, 0x6f, 0xff, 0xe3, 0x41, 0xff,
    0xce, 0xbf, 0xc1, 0x7f, 0xff, 0x16, 0xf, 0xfe,
    0x87, 0xfa, 0x3, 0xff, 0xfc, 0x38, 0x3f, 0xfa,
    0x5f, 0xe4, 0x1f, 0xff, 0xc2, 0x83, 0xff, 0xa6,
    0xff, 0x82, 0xff, 0xfe, 0x4, 0x1f, 0xfd, 0x5b,
    0xf8, 0x35, 0xff, 0xc8, 0x7f, 0xf5, 0xff, 0x41,
    0xcd, 0xfa, 0x43, 0xff, 0xb5, 0xe8,

    /* U+0059 "Y" */
    0xf, 0xff, 0x3a, 0x83, 0xf3, 0x7e, 0x90, 0xff,
    0xec, 0x7e, 0xe, 0x7f, 0xfc, 0x87, 0xff, 0x56,
    0xfd, 0x5, 0x7f, 0xff, 0x2, 0xf, 0xfe, 0xa7,
    0xf4, 0x7, 0xff, 0xf8, 0x48, 0x7f, 0xf4, 0xff,
    0xa0, 0x7f, 0xff, 0x10, 0x3f, 0xfa, 0x7f, 0xc9,
    0x7f, 0xff, 0x11, 0xf, 0xfe, 0x8b, 0xfc, 0xf,
    0xff, 0xe3, 0x7, 0xff, 0x46, 0xfe, 0x7, 0xff,
    0xf1, 0x83, 0xff, 0xa3, 0xfe, 0x7, 0xff, 0xf1,
    0x90, 0xff, 0xe8, 0x7f, 0x40, 0xff, 0xfe, 0x34,
    0x1f, 0xfc, 0xf7, 0xf9, 0x7, 0xff, 0xf1, 0xc3,
    0xff, 0x9f, 0x7f, 0x5, 0x7f, 0xff, 0x18, 0x3f,
    0xf9, 0xff, 0xe0, 0x9f, 0xff, 0xe3, 0x21, 0xff,
    0xce, 0xfe, 0x83, 0x7f, 0xff, 0x1a, 0xf, 0xfe,
    0x6b, 0xfc, 0x86, 0xbf, 0xff, 0x8c, 0x1f, 0xfc,
    0xdf, 0xf0, 0x73, 0xff, 0xfc, 0x60, 0xff, 0xe6,
    0xff, 0x83, 0xdf, 0xff, 0xc6, 0x43, 0xff, 0x96,
    0xff, 0x41, 0xeb, 0xff, 0xf8, 0xc1, 0xff, 0xcb,
    0xbf, 0x90, 0xfb, 0xff, 0xf8, 0xc1, 0xff, 0xcb,
    0xff, 0x7, 0xef, 0xff, 0xe3, 0x21, 0xff, 0xc9,
    0x7f, 0xa0, 0xfc, 0xff, 0xff, 0x18, 0x3f, 0xf9,
    0x37, 0xf2, 0x1f, 0xdf, 0xff, 0xc6, 0xf, 0xfe,
    0x4f, 0xf8, 0x3f, 0xd7, 0xff, 0xf1, 0x60, 0xff,
    0xe3, 0xbf, 0xd0, 0x7f, 0x9f, 0xff, 0xe3, 0x7,
    0xff, 0x1f, 0xfc, 0x87, 0xfd, 0xff, 0xfc, 0x64,
    0x3f, 0xf8, 0xdf, 0xe0, 0xff, 0xe0, 0x3f, 0xff,
    0xc5, 0x83, 0xff, 0x8b, 0x7f, 0x41, 0xff, 0xc1,
    0xff, 0xfe, 0x30, 0x7f, 0xf1, 0x7f, 0xc1, 0xff,
    0xc2, 0x7f, 0xff, 0x8b, 0x7, 0xff, 0xe, 0xff,
    0x7, 0xff, 0xf, 0xff, 0xf8, 0xc1, 0xff, 0xc3,
    0xff, 0x21, 0xff, 0xc3, 0xbf, 0xff, 0x8b, 0x7,
    0xff, 0x5, 0xff, 0x7, 0xff, 0x17, 0xff, 0xf8,
    0xc1, 0xff, 0xc1, 0xff, 0x21, 0xff, 0xc5, 0x7f,
    0xff, 0x8b, 0x7, 0xfc, 0xff, 0x83, 0xff, 0x8f,
    0xff, 0xfc, 0x60, 0xff, 0xbf, 0xc8, 0x7f, 0xf1,
    0xdf, 0xff, 0xe3, 0x7, 0xf5, 0xfe, 0xf, 0xfe,
    0x4d, 0xff, 0xfc, 0x54, 0x3f, 0x7f, 0x90, 0xff,
    0xe5, 0x7f, 0xff, 0x18, 0x3e, 0xff, 0x83, 0xff,
    0x96, 0xff, 0xff, 0x1a, 0x9, 0xff, 0x90, 0xff,
    0xe6, 0x5f, 0xff, 0xd1, 0xf, 0xfe, 0x77, 0xff,
    0xf4, 0x10, 0xff, 0xe7, 0xff, 0xff, 0x3a, 0xf,
    0xfe, 0x8f, 0xff, 0xf3, 0x43, 0xff, 0xa7, 0xff,
    0xfc, 0xb4, 0x3f, 0xfa, 0x9f, 0xff, 0xc9, 0x43,
    0xff, 0xad, 0xff, 0xfc, 0x74, 0x3f, 0xfb, 0xf,
    0xff, 0xf1, 0x3, 0xff, 0xb8, 0xff, 0xff, 0x1,
    0xf, 0xff, 0x3, 0x7f, 0xd0, 0x7f, 0xf9, 0x7f,
    0xc1, 0xff, 0xe5, 0xff, 0x7, 0xff, 0x96, 0xfe,
    0xf, 0xff, 0x2d, 0xfc, 0x87, 0xff, 0x92, 0xfe,
    0x43, 0xff, 0xc8, 0xff, 0x21, 0xff, 0xe4, 0x7f,
    0x90, 0xff, 0xf2, 0x3f, 0xc8, 0x7f, 0xf9, 0x1f,
    0xe4, 0x3f, 0xfc, 0x8f, 0xf2, 0x1f, 0xfe, 0x5f,
    0xe4, 0x3f, 0xfc, 0xbf, 0xc1, 0xff, 0xe7, 0xbc,
    0x87, 0xff, 0x20,

    /* U+005A "Z" */
    0xf, 0xfe, 0x4a, 0xd4, 0xff, 0xfe, 0x15, 0x10,
    0xff, 0xe7, 0x34, 0xff, 0xfe, 0x74, 0x1f, 0xfc,
    0x86, 0xff, 0xfe, 0xac, 0x1f, 0xfc, 0x26, 0xff,
    0xfe, 0xd8, 0x7f, 0xcf, 0xff, 0xf7, 0xc3, 0xfa,
    0xff, 0xff, 0x4, 0x1f, 0x7f, 0xff, 0x8c, 0x3d,
    0x7f, 0xff, 0x8e, 0xe, 0xff, 0xff, 0x28, 0x6b,
    0xff, 0xfc, 0xa1, 0xbf, 0xff, 0xcc, 0x1b, 0xff,
    0xfc, 0xc1, 0xbf, 0xff, 0xcc, 0x1b, 0xff, 0xfc,
    0xc1, 0xbf, 0xff, 0xcb, 0x6, 0xff, 0xff, 0x2a,
    0x19, 0xff, 0xff, 0x20, 0x7b, 0xff, 0xfc, 0x68,
    0x79, 0xff, 0xfe, 0x7d, 0x6f, 0xff, 0xe1, 0x21,
    0xf9, 0xff, 0xfe, 0x35, 0x10, 0xff, 0x5f, 0xff,
    0x21, 0xff, 0x7f, 0xff, 0x2, 0x50, 0x7f, 0xf0,
    0xdf, 0xff, 0x21, 0xff, 0xc1, 0x6f, 0xd2, 0x83,
    0xff, 0x91, 0x7f, 0xf0, 0x7f, 0xf7, 0xef, 0xfd,
    0x7, 0xff, 0x7f, 0xff, 0x90, 0xff, 0xef, 0x3f,
    0xfc, 0x1f, 0xfd, 0xfb, 0xff, 0x41, 0xff, 0xdf,
    0xff, 0xe4, 0x3f, 0xfb, 0xcf, 0xff, 0x7, 0xff,
    0x7e, 0xff, 0xd0, 0x7f, 0xf7, 0xff, 0xfa, 0xf,
    0xfe, 0xf3, 0xff, 0xc8, 0x7f, 0xf7, 0xaf, 0xfe,
    0xf, 0xfe, 0xfd, 0xff, 0xa0, 0xff, 0xef, 0xff,
    0xf4, 0x1f, 0xfd, 0xff, 0xfe, 0x43, 0xff, 0xbc,
    0xff, 0xf2, 0x1f, 0xfd, 0xe7, 0xff, 0x83, 0xff,
    0xbe, 0xff, 0xe8, 0x3f, 0xfb, 0xf7, 0xfe, 0x83,
    0xff, 0xbf, 0x7f, 0xe4, 0x3f, 0xfb, 0xf7, 0xfe,
    0x43, 0xff, 0xbf, 0x7f, 0xe4, 0x3f, 0xfb, 0xf7,
    0xfe, 0xf, 0xff, 0x5, 0xff, 0x83, 0xff, 0xc0,
    0xff, 0xe0, 0xff, 0xf0, 0x3f, 0xf8, 0x3f, 0xfc,
    0xf, 0xfe, 0xf, 0xff, 0xf, 0xfe, 0xf, 0xff,
    0xf, 0xfe, 0xf, 0xff, 0xb, 0xff, 0x7, 0xff,
    0x65, 0x41, 0xf5, 0xfe, 0x43, 0xff, 0xaa, 0xdf,
    0xc8, 0x77, 0xfc, 0x1f, 0xfd, 0x26, 0xff, 0xf0,
    0x77, 0xfc, 0x1f, 0xfc, 0xd6, 0xff, 0xfe, 0x18,
    0x77, 0xfc, 0x87, 0xff, 0x15, 0x54, 0xff, 0xfe,
    0x40, 0x77, 0xfe, 0x90, 0xcb, 0xaa, 0xff, 0xfe,
    0x78, 0x7a, 0xff, 0xfe, 0xfc, 0x87, 0xe7, 0xff,
    0xfb, 0x54, 0x43, 0xff, 0x83, 0x7f, 0xff, 0x52,
    0x88, 0x7f, 0xf1, 0xdf, 0xff, 0xe6, 0xd1, 0x41,
    0xff, 0xce, 0x6f, 0xff, 0xe0, 0x56, 0x50, 0x7f,
    0xf3, 0x80,

    /* U+005B "[" */
    0xf, 0xfe, 0xa, 0xf0, 0x7f, 0xf1, 0x2f, 0xff,
    0x21, 0xff, 0x5f, 0xff, 0xc1, 0x43, 0xfb, 0xff,
    0xf8, 0x88, 0x7d, 0xff, 0xfc, 0x60, 0xf5, 0xff,
    0xfc, 0x64, 0x3b, 0xff, 0xf8, 0xf0, 0x6b, 0xff,
    0xf9, 0x1, 0xbf, 0xff, 0x92, 0x13, 0xff, 0xfc,
    0x90, 0xaf, 0xff, 0xe4, 0xa0, 0xbf, 0xff, 0x92,
    0x83, 0xff, 0xf9, 0x41, 0x7f, 0xff, 0x28, 0x2f,
    0xff, 0xe5, 0x5, 0xff, 0xfc, 0x98, 0xf, 0xff,
    0xf2, 0x50, 0x3f, 0xff, 0xc9, 0x9, 0xff, 0xfe,
    0x40, 0x6b, 0xff, 0xf8, 0xe8, 0x6b, 0xff, 0xf8,
    0x14, 0x5c, 0x1e, 0xbf, 0xf2, 0x1f, 0xfc, 0x3b,
    0xfc, 0x87, 0xff, 0x17, 0xfd, 0x7, 0xff, 0x1b,
    0xfc, 0x1f, 0xfc, 0x7f, 0xf0, 0x7f, 0xf1, 0xff,
    0xa0, 0xff, 0xe3, 0xff, 0x41, 0xff, 0xc7, 0xfe,
    0x43, 0xff, 0x8f, 0xfc, 0x87, 0xff, 0x1f, 0xf9,
    0xf, 0xfe, 0x3f, 0xf2, 0x1f, 0xfc, 0x7f, 0xe0,
    0xff, 0xe4, 0x7f, 0x7, 0xff, 0x1d, 0xfe, 0xf,
    0xfe, 0x3b, 0xfc, 0x1f, 0xfc, 0x77, 0xf8, 0x3f,
    0xf8, 0xef, 0xf0, 0x7f, 0xf1, 0xdf, 0xe0, 0xff,
    0xe3, 0xbf, 0xc1, 0xff, 0xc7, 0x7f, 0x83, 0xff,
    0x8e, 0xff, 0x7, 0xff, 0x1d, 0xfe, 0xf, 0xfe,
    0x3b, 0xfc, 0x1f, 0xfc, 0x77, 0xf8, 0x3f, 0xf8,
    0xf7, 0xf0, 0x7f, 0xf1, 0xef, 0xe0, 0xff, 0xe3,
    0xdf, 0xc1, 0xff, 0xc7, 0xbf, 0x83, 0xff, 0x8e,
    0xff, 0x7, 0xff, 0x1d, 0xfe, 0xf, 0xfe, 0x3b,
    0xfc, 0x1f, 0xfc, 0x77, 0xf8, 0x3f, 0xf8, 0xef,
    0xf0, 0x7f, 0xf1, 0xdf, 0xe0, 0xff, 0xe3, 0xbf,
    0xc1, 0xff, 0xc7, 0x7f, 0x83, 0xff, 0x8e, 0xff,
    0x7, 0xff, 0x23, 0xf8, 0x3f, 0xf9, 0x1f, 0xc1,
    0xff, 0xc8, 0xfe, 0xf, 0xfe, 0x47, 0xf2, 0x1f,
    0xfc, 0x7f, 0xe4, 0x3f, 0xf8, 0xff, 0xd0, 0x7f,
    0xf1, 0xef, 0xd0, 0x7f, 0xf1, 0xef, 0xe0, 0xff,
    0xe0, 0x5e, 0x82, 0x7f, 0xa0, 0xfc, 0xdf, 0xc8,
    0x5f, 0xe8, 0x33, 0x7f, 0xe4, 0x2b, 0xff, 0xf9,
    0x8, 0x6f, 0xff, 0xe3, 0xc1, 0xd7, 0xff, 0xf1,
    0x50, 0xfa, 0xff, 0xfe, 0xc, 0x1f, 0xf3, 0xff,
    0xa4, 0x3f, 0xf8, 0xab, 0x7, 0xff, 0x8,

    /* U+005C "\\" */
    0x7, 0xc1, 0xff, 0xcc, 0xfe, 0xf, 0xfe, 0x5f,
    0xf4, 0x1f, 0xfc, 0xaf, 0xf0, 0x7f, 0xf2, 0x9f,
    0xe4, 0x3f, 0xf9, 0x5f, 0xe0, 0xff, 0xe5, 0x5f,
    0xc1, 0xff, 0xcb, 0xfe, 0x83, 0xff, 0x95, 0x7f,
    0x7, 0xff, 0x29, 0xfe, 0x43, 0xff, 0x95, 0xfe,
    0xf, 0xfe, 0x55, 0xfc, 0x87, 0xff, 0x2b, 0xfa,
    0xf, 0xfe, 0x55, 0xfc, 0x1f, 0xfc, 0xa7, 0xf9,
    0xf, 0xfe, 0x57, 0xf8, 0x3f, 0xf9, 0x57, 0xf0,
    0x7f, 0xf2, 0xff, 0xa0, 0xff, 0xe5, 0x7f, 0x83,
    0xff, 0x94, 0xff, 0x21, 0xff, 0xca, 0xfe, 0x83,
    0xff, 0x95, 0xfe, 0xf, 0xfe, 0x53, 0xfc, 0x87,
    0xff, 0x2b, 0xfa, 0xf, 0xfe, 0x55, 0xfc, 0x1f,
    0xfc, 0xa7, 0xf9, 0xf, 0xfe, 0x57, 0xf4, 0x1f,
    0xfc, 0xab, 0xf8, 0x3f, 0xf9, 0x4f, 0xf2, 0x1f,
    0xfc, 0xaf, 0xe8, 0x3f, 0xf9, 0x57, 0xf0, 0x7f,
    0xf2, 0x9f, 0xe4, 0x3f, 0xf9, 0x5f, 0xd0, 0x7f,
    0xf2, 0xaf, 0xe0, 0xff, 0xe5, 0x3f, 0xc1, 0xff,
    0xcb, 0xfe, 0x83, 0xff, 0x95, 0xfe, 0xf, 0xfe,
    0x53, 0xfc, 0x1f, 0xfc, 0xbf, 0xe4, 0x3f, 0xf9,
    0x5f, 0xd0, 0x7f, 0xf2, 0xaf, 0xe0, 0xff, 0xe5,
    0xff, 0x21, 0xff, 0xca, 0xfe, 0x83, 0xff, 0x95,
    0x7f, 0x7, 0xff, 0x29, 0xfe, 0xf, 0xfe, 0x5f,
    0xf2, 0x1f, 0xfc, 0xab, 0xf8, 0x3f, 0xf9, 0x4f,
    0xf0, 0x7f, 0xf2, 0xff, 0x90, 0xff, 0xe5, 0x7f,
    0x41, 0xff, 0xca, 0xbf, 0x83, 0xff, 0x97, 0xfc,
    0x1f, 0xfc, 0xbf, 0xe4, 0x3f, 0xf9, 0x57, 0xf0,
    0x7f, 0xf2, 0x9f, 0xe0, 0xff, 0xe5, 0xff, 0x21,
    0xff, 0xca, 0xfe, 0x83, 0xff, 0x95, 0x7f, 0x7,
    0xff, 0x29, 0xfe, 0xf, 0xfe, 0x5f, 0xf2, 0x1f,
    0xfc, 0xaf, 0xe8, 0x3f, 0xf9, 0x57, 0xf0, 0x7f,
    0xf2, 0x9f, 0xe0, 0xff, 0xe5, 0xff, 0x41, 0xff,
    0xca, 0xbf, 0x83, 0xff, 0x94, 0xff, 0x7, 0xff,
    0x2f, 0xf8, 0x3f, 0xf9, 0x7f, 0xc1, 0xff, 0xcc,
    0xf4, 0x0,

    /* U+005D "]" */
    0xf, 0xe5, 0xf0, 0x7f, 0xf1, 0x2f, 0xff, 0x21,
    0xff, 0x5f, 0xff, 0xc1, 0x83, 0xfa, 0xff, 0xfe,
    0x1c, 0x1f, 0x5f, 0xff, 0xc5, 0x43, 0xdf, 0xff,
    0xc7, 0xe, 0xbf, 0xff, 0x8e, 0x86, 0xff, 0xfe,
    0x48, 0x6f, 0xff, 0xe4, 0x84, 0xff, 0xff, 0x25,
    0x3, 0xff, 0xfc, 0x98, 0x17, 0xff, 0xf2, 0x60,
    0x5f, 0xff, 0xca, 0x3, 0xff, 0xfc, 0xa0, 0x3f,
    0xff, 0xca, 0xb, 0xff, 0xf9, 0x41, 0x7f, 0xff,
    0x28, 0x2b, 0xff, 0xf9, 0x28, 0x5f, 0xff, 0xc9,
    0x42, 0x7f, 0xff, 0x90, 0x86, 0xbf, 0xd5, 0xbf,
    0xfa, 0xe, 0x68, 0x87, 0xcf, 0xfd, 0x7, 0xff,
    0x1b, 0xfd, 0x7, 0xff, 0x1a, 0xfe, 0x83, 0xff,
    0x8f, 0xfe, 0xf, 0xfe, 0x3f, 0xf8, 0x3f, 0xf8,
    0xf7, 0xf0, 0x7f, 0xf1, 0xef, 0xe0, 0xff, 0xe3,
    0xdf, 0xc1, 0xff, 0xc7, 0x7f, 0x83, 0xff, 0x8e,
    0xff, 0x7, 0xff, 0x1d, 0xfe, 0xf, 0xfe, 0x3b,
    0xfc, 0x1f, 0xfc, 0x77, 0xf8, 0x3f, 0xf8, 0xef,
    0xf0, 0x7f, 0xf2, 0x3f, 0x83, 0xff, 0x91, 0xfc,
    0x87, 0xff, 0x1f, 0xf9, 0xf, 0xfe, 0x3f, 0xf2,
    0x1f, 0xfc, 0x7f, 0xe4, 0x3f, 0xf8, 0xff, 0xc8,
    0x7f, 0xf1, 0xff, 0x90, 0xff, 0xe3, 0xff, 0x21,
    0xff, 0xc7, 0xfe, 0x43, 0xff, 0x8f, 0xfc, 0x87,
    0xff, 0x1f, 0xf9, 0xf, 0xfe, 0x3f, 0xf2, 0x1f,
    0xfc, 0x7f, 0xe4, 0x3f, 0xf8, 0xff, 0xc8, 0x7f,
    0xf1, 0xff, 0x90, 0xff, 0xe3, 0xff, 0x21, 0xff,
    0xc7, 0xfe, 0x43, 0xff, 0x8f, 0xfc, 0x87, 0xff,
    0x1f, 0xf9, 0xf, 0xfe, 0x3f, 0xf2, 0x1f, 0xfc,
    0x7f, 0xe4, 0x3f, 0xf8, 0xff, 0xc8, 0x7f, 0xf1,
    0xff, 0x83, 0xff, 0x91, 0xfc, 0x1f, 0xfc, 0x8f,
    0xe0, 0xff, 0xe4, 0x7f, 0x7, 0xff, 0x1d, 0xfe,
    0xf, 0xfe, 0x3b, 0xfc, 0x1f, 0xfc, 0x77, 0xf8,
    0x3f, 0xf8, 0xf7, 0xe8, 0x27, 0x90, 0xff, 0xe0,
    0x7f, 0x40, 0x7f, 0x90, 0xfe, 0x7f, 0x90, 0x5f,
    0xf2, 0x1f, 0x7f, 0x82, 0x7f, 0xfd, 0x2a, 0xff,
    0x83, 0x7f, 0xff, 0x21, 0xe, 0xbf, 0xff, 0x8c,
    0x1f, 0xaf, 0xff, 0xe1, 0x87, 0xfc, 0xff, 0xff,
    0x0, 0x3f, 0xf8, 0x6d, 0x3f, 0x90, 0xf0,

    /* U+005E "^" */
    0xf, 0xfe, 0x33, 0x52, 0x1f, 0xfd, 0x57, 0xff,
    0x83, 0xff, 0xa5, 0x7f, 0xfd, 0x7, 0xff, 0x3f,
    0xff, 0xf8, 0x50, 0x7f, 0xf3, 0x7f, 0xff, 0x89,
    0x7, 0xff, 0x2f, 0xff, 0xf8, 0xc8, 0x7f, 0xf2,
    0x6f, 0xff, 0xe3, 0x87, 0xff, 0x22, 0xff, 0xfe,
    0x0, 0x2f, 0xe8, 0x3f, 0xf8, 0xcf, 0xff, 0xf0,
    0x3, 0x5f, 0xc1, 0xff, 0xc6, 0xff, 0xfe, 0x2,
    0x1d, 0xfe, 0xf, 0xfe, 0x25, 0xff, 0xfc, 0x0,
    0xf3, 0xfc, 0x87, 0xff, 0x9, 0xff, 0xfe, 0x2,
    0x1f, 0x7f, 0x83, 0xff, 0x85, 0xff, 0xfc, 0x8,
    0x3f, 0x3f, 0xd0, 0x7f, 0xf0, 0x2f, 0xff, 0xe0,
    0x21, 0xfd, 0x7f, 0x7, 0xfc, 0xff, 0xff, 0x4,
    0x3f, 0xcf, 0xf4, 0x1f, 0xef, 0xff, 0xe0, 0xa1,
    0xff, 0x7f, 0x83, 0xf9, 0xff, 0xfe, 0x8, 0x7f,
    0xf0, 0x1f, 0xe8, 0x3f, 0x7f, 0xff, 0x6, 0xf,
    0xfe, 0xf, 0xf8, 0x3e, 0x7f, 0xff, 0x82, 0x87,
    0xff, 0x5, 0xfe, 0x43, 0xdf, 0xff, 0xc2, 0xf,
    0xfe, 0x1f, 0xf8, 0x39, 0xff, 0xfe, 0xc, 0x1f,
    0xfc, 0x37, 0xf8, 0x3a, 0xff, 0xfe, 0x8, 0x7f,
    0xf1, 0x7f, 0xa0, 0xdf, 0xff, 0xc2, 0xf, 0xfe,
    0x2d, 0xfc, 0x13, 0xff, 0xfc, 0x18, 0x3f, 0xf8,
    0xdf, 0xc8, 0x2f, 0xff, 0xe0, 0xa1, 0xff, 0xc6,
    0xff, 0x3, 0xff, 0xf8, 0x41, 0xff, 0xc7, 0x7f,
    0x93, 0xff, 0xf8, 0x41, 0xff, 0xc8, 0xfe, 0x8f,
    0xff, 0xe0, 0xc1, 0xff, 0xc8, 0xbf, 0x8b, 0xff,
    0xf8, 0x1, 0xff, 0xca, 0xfe, 0x4f, 0xff, 0xa0,
    0xff, 0xe5, 0x7f, 0x45, 0xff, 0xe0, 0xff, 0xe5,
    0xbf, 0xa0, 0x5f, 0xf8, 0x3f, 0xf9, 0xbf, 0x83,
    0x3f, 0xa4, 0x3f, 0xfa, 0x60,

    /* U+005F "_" */
    0xf, 0xff, 0xb, 0xff, 0xfd, 0xc8, 0x1f, 0xff,
    0xde, 0x57, 0xff, 0xf7, 0x93, 0xff, 0xfb, 0xc0,
    0xbf, 0xfd, 0x52, 0xe0, 0xff, 0xe3, 0xae, 0xe,
    0x58, 0x3f, 0xfb, 0x40,

    /* U+0060 "`" */
    0xc, 0xb0, 0x7f, 0xf0, 0xaf, 0xe8, 0x3f, 0xeb,
    0xff, 0x7, 0xf3, 0xff, 0xe0, 0xfd, 0xff, 0xf4,
    0x1f, 0x7f, 0xff, 0x2, 0xf, 0x7f, 0xff, 0x5,
    0xe, 0xbf, 0xff, 0x82, 0x1e, 0xff, 0xfe, 0x10,
    0x7b, 0xff, 0xf8, 0x28, 0x7a, 0xff, 0xfe, 0x0,
    0x7c, 0xff, 0xff, 0x0, 0x3f, 0x5f, 0xfe, 0x43,
    0xf3, 0xff, 0xe0, 0xff, 0x5f, 0xf9, 0xf, 0xfa,
    0xff, 0x83, 0xff, 0x83, 0x7f, 0x7, 0xff, 0xe,
    0xf2,

    /* U+0061 "a" */
    0xf, 0xfe, 0x33, 0x4f, 0xff, 0x4a, 0xf, 0xfe,
    0x83, 0xff, 0xfc, 0x89, 0xf, 0xfe, 0x55, 0xff,
    0xfc, 0xd8, 0x3f, 0xf8, 0xd7, 0xff, 0xf4, 0x83,
    0xff, 0x87, 0xff, 0xfd, 0x54, 0x3f, 0xe7, 0xff,
    0xfa, 0xe8, 0x7f, 0x3f, 0xff, 0xd9, 0xf, 0xcf,
    0xff, 0xf6, 0xc3, 0xcf, 0xff, 0xf7, 0x3, 0xdf,
    0xff, 0xdd, 0x83, 0x5f, 0xff, 0xdd, 0x83, 0x7f,
    0xff, 0x7c, 0x2b, 0xff, 0xfb, 0xd0, 0x5f, 0xff,
    0xdf, 0x81, 0x7f, 0xff, 0x7d, 0x7, 0xff, 0xf8,
    0x2, 0xff, 0xfe, 0x45, 0x7b, 0xff, 0xf8, 0xa8,
    0x1f, 0xff, 0xe2, 0xa1, 0xff, 0x37, 0xff, 0xd0,
    0x57, 0xff, 0xf0, 0xd0, 0xff, 0xe2, 0x37, 0xfc,
    0x86, 0xff, 0xfe, 0x14, 0x1f, 0xfc, 0x96, 0xa4,
    0x3d, 0xff, 0xfc, 0x18, 0x3f, 0xfa, 0xbf, 0xff,
    0xc1, 0xf, 0xfe, 0xb7, 0xff, 0xf0, 0x10, 0xff,
    0xe7, 0xac, 0x1b, 0xff, 0xf8, 0x1, 0xff, 0xcf,
    0xbe, 0x42, 0xff, 0xfa, 0xf, 0xfe, 0x7f, 0xf0,
    0x5f, 0xff, 0x21, 0xff, 0xce, 0x7f, 0x41, 0x7f,
    0xfc, 0x1f, 0xfc, 0xfb, 0xf4, 0x17, 0xff, 0xc1,
    0xff, 0xcf, 0xbf, 0x21, 0x7f, 0xfc, 0x1f, 0xfc,
    0xff, 0xe4, 0x2b, 0xff, 0xc1, 0xff, 0xcf, 0xfe,
    0xc, 0xff, 0xf8, 0x3f, 0xf9, 0xff, 0xc1, 0xdf,
    0xfe, 0x43, 0xff, 0x9a, 0xff, 0x7, 0x7f, 0xfa,
    0xf, 0xfe, 0x6b, 0xfc, 0x1c, 0xff, 0xf8, 0x3f,
    0xf9, 0xb7, 0xe8, 0x3d, 0xff, 0xe8, 0x3f, 0xf9,
    0x77, 0xf4, 0x1e, 0x7f, 0xfc, 0x87, 0xff, 0x27,
    0xfe, 0x83, 0xef, 0xff, 0xa0, 0xff, 0xe3, 0x5f,
    0xfa, 0xf, 0xdf, 0xff, 0xc0, 0x43, 0xff, 0x84,
    0xff, 0xf9, 0xf, 0xcf, 0xff, 0xf0, 0x64, 0x3f,
    0x37, 0xff, 0xf0, 0x10, 0xfe, 0x7f, 0xff, 0x8b,
    0x4f, 0xff, 0xe2, 0xa1, 0xfe, 0x7f, 0xff, 0xae,
    0x87, 0xff, 0x3, 0xff, 0xfa, 0x5, 0xf9, 0xf,
    0xfe, 0xb, 0xff, 0xfc, 0xc4, 0x17, 0xe4, 0x3f,
    0xf8, 0x6d, 0xff, 0xfc, 0x69, 0xc, 0xfe, 0xf,
    0xfe, 0x43, 0x4f, 0xfe, 0x94, 0x1f, 0x9f, 0x21,
    0x80,

    /* U+0062 "b" */
    0xc, 0xb0, 0x7f, 0xf7, 0x6f, 0xa0, 0xff, 0xee,
    0x7f, 0x7, 0xff, 0x6d, 0xfe, 0xf, 0xfe, 0xdb,
    0xfc, 0x1f, 0xfd, 0xb7, 0xf8, 0x3f, 0xfb, 0x77,
    0xf0, 0x7f, 0xf6, 0xef, 0xd0, 0x7f, 0xf6, 0xff,
    0xa0, 0xff, 0xed, 0xff, 0x41, 0xff, 0xdb, 0xfe,
    0x83, 0xff, 0xb7, 0xfc, 0x87, 0xff, 0x6f, 0xf9,
    0xf, 0xfe, 0xdf, 0xf2, 0x1f, 0xfd, 0xbf, 0xe4,
    0x3f, 0xfb, 0x4f, 0xf0, 0x7f, 0xf6, 0xdf, 0xe0,
    0xff, 0x2a, 0xff, 0xd4, 0x43, 0xff, 0x86, 0xff,
    0x7, 0xcf, 0xff, 0xf1, 0x90, 0xff, 0xe0, 0x3f,
    0xc1, 0x9f, 0xff, 0xe5, 0xa1, 0xfe, 0x7f, 0x80,
    0xff, 0xff, 0x3c, 0x3f, 0xaf, 0xe2, 0xff, 0xfe,
    0x8a, 0x1f, 0x5f, 0xff, 0xd9, 0x43, 0xd7, 0xff,
    0xf6, 0x90, 0xeb, 0xff, 0xfb, 0x61, 0xd7, 0xff,
    0xf6, 0xe0, 0xdf, 0xff, 0xdd, 0xd, 0xff, 0xfd,
    0xd8, 0x2f, 0xff, 0xef, 0x5, 0xff, 0xfd, 0xe4,
    0x1f, 0xff, 0xde, 0x81, 0xff, 0xfd, 0xf0, 0x7f,
    0xff, 0x7c, 0x1f, 0xff, 0xc9, 0xae, 0xff, 0xfe,
    0x28, 0x3f, 0xff, 0x8c, 0x87, 0xe7, 0xff, 0xf8,
    0x69, 0xff, 0xfc, 0x38, 0x3f, 0xf8, 0x37, 0xff,
    0xf0, 0x53, 0xff, 0xf8, 0x28, 0x7f, 0xf1, 0x2f,
    0xff, 0xe0, 0x27, 0xf2, 0xaf, 0x48, 0x7f, 0xf1,
    0xff, 0xff, 0x81, 0x1f, 0xc8, 0x7f, 0xf3, 0x6f,
    0xff, 0xa3, 0xf9, 0xf, 0xfe, 0x6b, 0xff, 0xf4,
    0x7f, 0x21, 0xff, 0xce, 0xff, 0xf9, 0x3f, 0x90,
    0xff, 0xe7, 0x7f, 0xfc, 0x9f, 0xc8, 0x7f, 0xf3,
    0xbf, 0xfe, 0x4f, 0xe4, 0x3f, 0xf9, 0xd7, 0xff,
    0x81, 0xfc, 0x87, 0xff, 0x3a, 0xff, 0xf0, 0x3f,
    0x83, 0xff, 0x9f, 0xff, 0xf0, 0x3f, 0x83, 0xff,
    0x9f, 0xff, 0xe8, 0x1f, 0xc1, 0xff, 0xcf, 0xff,
    0xf2, 0xf, 0xe0, 0xff, 0xe7, 0x5f, 0xfe, 0xb,
    0xf8, 0x3f, 0xf9, 0xdf, 0xff, 0x5, 0xfd, 0x7,
    0xff, 0x31, 0xff, 0xf2, 0x17, 0xfc, 0x1f, 0xfc,
    0xbf, 0xff, 0x83, 0x7f, 0xe4, 0x3f, 0xf9, 0x1f,
    0xff, 0x21, 0xbf, 0xfc, 0x1f, 0xfc, 0x6f, 0xff,
    0xe0, 0x7, 0x7f, 0xfd, 0x21, 0xff, 0xc1, 0x7f,
    0xff, 0x80, 0x1e, 0xff, 0xfe, 0x14, 0x87, 0xcd,
    0xff, 0xfc, 0x14, 0x3d, 0xff, 0xfd, 0x94, 0x3e,
    0xfe, 0xbf, 0xff, 0xa4, 0x87, 0xef, 0xe4, 0xff,
    0xfe, 0x80, 0x7f, 0xbf, 0x90, 0x3f, 0xff, 0xcc,
    0x43, 0xfe, 0xbf, 0x7, 0x37, 0xff, 0xf1, 0xa4,
    0x3f, 0xf8, 0x57, 0x90, 0xfe, 0x69, 0xff, 0xd2,
    0x1f, 0xfc, 0x40,

    /* U+0063 "c" */
    0xf, 0xfe, 0x3b, 0x4f, 0xfa, 0x88, 0x7f, 0xf3,
    0x9b, 0xff, 0xf8, 0xb2, 0x1f, 0xfc, 0x8b, 0xff,
    0xf9, 0x68, 0x7f, 0xf1, 0x2f, 0xff, 0xe7, 0x41,
    0xff, 0xc1, 0x7f, 0xff, 0xa3, 0x7, 0xfc, 0xff,
    0xff, 0x4d, 0xf, 0xeb, 0xff, 0xfa, 0xa1, 0xf9,
    0xff, 0xfe, 0xb0, 0x7c, 0xff, 0xff, 0x5d, 0xf,
    0x7f, 0xff, 0x61, 0xe, 0xbf, 0xff, 0xb0, 0x87,
    0x7f, 0xff, 0x65, 0xd, 0x7f, 0xff, 0x64, 0x3b,
    0xff, 0xfb, 0x30, 0x67, 0xff, 0xfb, 0x21, 0xdf,
    0xff, 0xd9, 0xf, 0x7f, 0xff, 0x1e, 0x43, 0x9b,
    0xfe, 0x83, 0xcf, 0xff, 0xf1, 0x24, 0x3f, 0xf8,
    0x2b, 0x7, 0xeb, 0xff, 0xf8, 0x61, 0xff, 0xcf,
    0xbf, 0xff, 0x84, 0x1f, 0xfd, 0xf, 0xff, 0xe1,
    0x7, 0xff, 0x47, 0xff, 0xf8, 0x21, 0xff, 0xd2,
    0xff, 0xfe, 0x4, 0x1f, 0xfd, 0x2f, 0xff, 0xe0,
    0x7, 0xff, 0x4f, 0xff, 0xe8, 0x3f, 0xfa, 0x7f,
    0xff, 0x41, 0xff, 0xd3, 0xff, 0xf9, 0xf, 0xfe,
    0x9f, 0xff, 0xc8, 0x7f, 0xf4, 0xff, 0xfe, 0x43,
    0xff, 0xa7, 0x7f, 0xf9, 0xf, 0xfe, 0x9d, 0xff,
    0xe8, 0x3f, 0xfa, 0x6f, 0xff, 0xc1, 0xff, 0xd4,
    0xff, 0xf8, 0x3f, 0xfa, 0x97, 0xff, 0xa0, 0xff,
    0xea, 0x7f, 0xfc, 0x1f, 0xfc, 0xb7, 0xe4, 0x35,
    0xff, 0xe8, 0x3f, 0xf9, 0x37, 0xf0, 0x77, 0xff,
    0xd0, 0x7f, 0xf1, 0xaf, 0xf8, 0x3a, 0xff, 0xfa,
    0xf, 0xfe, 0x1d, 0xff, 0xc1, 0xef, 0xff, 0xe0,
    0xa1, 0xfe, 0xbf, 0xfe, 0xf, 0xdf, 0xff, 0xc3,
    0x96, 0xbf, 0xff, 0x84, 0x1f, 0xef, 0xff, 0xe9,
    0xc1, 0xff, 0xc0, 0xbf, 0xff, 0x9f, 0x7, 0xff,
    0x13, 0xff, 0xf9, 0x90, 0x7f, 0xf2, 0x2f, 0xff,
    0xe3, 0x48, 0x7f, 0xf3, 0x5b, 0xff, 0xa5, 0x7,
    0xff, 0x8,

    /* U+0064 "d" */
    0xf, 0xfe, 0xe5, 0xe8, 0x3f, 0xfb, 0x8f, 0xe4,
    0x3f, 0xfb, 0x77, 0xe8, 0x3f, 0xfb, 0x7f, 0xd0,
    0x7f, 0xf6, 0xff, 0x90, 0xff, 0xed, 0xff, 0x21,
    0xff, 0xdb, 0xfe, 0x43, 0xff, 0xb7, 0xfc, 0x87,
    0xff, 0x6f, 0xf8, 0x3f, 0xfb, 0x6f, 0xf0, 0x7f,
    0xf6, 0xdf, 0xe0, 0xff, 0xed, 0xbf, 0xc1, 0xff,
    0xdb, 0x7f, 0x83, 0xff, 0xb7, 0x7f, 0x7, 0xff,
    0x6e, 0xfe, 0xf, 0xfe, 0xdd, 0xfc, 0x1f, 0xfc,
    0x66, 0x9f, 0xf4, 0xa0, 0xfd, 0x7e, 0x83, 0xff,
    0x87, 0x7f, 0xff, 0x12, 0x43, 0xbf, 0xa0, 0xff,
    0xe0, 0xdf, 0xff, 0xc9, 0x42, 0xfe, 0x83, 0xfe,
    0xbf, 0xff, 0x9a, 0x9f, 0xd0, 0x7f, 0x3f, 0xff,
    0xd0, 0x7f, 0xa0, 0xfc, 0xff, 0xff, 0x5e, 0xf,
    0x9f, 0xff, 0xec, 0x21, 0xe7, 0xff, 0xfb, 0x28,
    0x7b, 0xff, 0xfb, 0x48, 0x77, 0xff, 0xf6, 0xd0,
    0xcf, 0xff, 0xf6, 0xd0, 0xdf, 0xff, 0xdc, 0x42,
    0x7f, 0xff, 0xb8, 0x85, 0x7f, 0xff, 0x71, 0xb,
    0xff, 0xfb, 0xa1, 0x3f, 0xff, 0xdd, 0xa, 0xff,
    0xfe, 0xe8, 0x57, 0xff, 0xf1, 0x24, 0x39, 0xbf,
    0xff, 0x88, 0x17, 0xff, 0xf0, 0xe0, 0xff, 0xe0,
    0x5f, 0xff, 0xc1, 0xb, 0xff, 0xf8, 0x48, 0x7f,
    0xf0, 0xdf, 0xa4, 0xfe, 0xb, 0xff, 0xf8, 0x21,
    0xff, 0xcb, 0x7f, 0x82, 0xff, 0xfe, 0x4, 0x1f,
    0xfc, 0xb7, 0xf8, 0x2f, 0xff, 0xe0, 0x7, 0xff,
    0x31, 0xfe, 0xb, 0xff, 0xe8, 0x3f, 0xf9, 0x8f,
    0xf0, 0x5f, 0xff, 0x21, 0xff, 0xcc, 0x7f, 0x82,
    0xff, 0xf8, 0x3f, 0xf9, 0xaf, 0xf0, 0x5f, 0xff,
    0x7, 0xff, 0x35, 0xfe, 0xa, 0xff, 0xf0, 0x7f,
    0xf3, 0x5f, 0xe0, 0xaf, 0xff, 0x7, 0xff, 0x35,
    0xfe, 0x9, 0xff, 0xf0, 0x7f, 0xf3, 0x5f, 0xe0,
    0xdf, 0xfe, 0x43, 0xff, 0x98, 0xff, 0x6, 0xff,
    0xf4, 0x1f, 0xfc, 0xc7, 0xf8, 0x33, 0xff, 0xe0,
    0xff, 0xe6, 0x3f, 0xc1, 0xdf, 0xfe, 0x43, 0xff,
    0x96, 0xff, 0x7, 0x5f, 0xfe, 0xf, 0xfe, 0x5f,
    0xf8, 0x3d, 0xff, 0xf0, 0x7f, 0xf2, 0x1f, 0xf8,
    0x3c, 0xff, 0xfc, 0x1f, 0xfc, 0x6b, 0xff, 0x7,
    0xd7, 0xff, 0xd0, 0x7f, 0xf0, 0xaf, 0xff, 0x7,
    0xef, 0xff, 0xe1, 0x21, 0xf3, 0x7f, 0xff, 0x4,
    0x3f, 0xbf, 0xff, 0xb0, 0x1f, 0xeb, 0xff, 0xfa,
    0xc1, 0xff, 0x3f, 0xff, 0xce, 0x8f, 0xe0, 0xff,
    0xe0, 0xdf, 0xff, 0xcb, 0x41, 0xfc, 0x1f, 0xfc,
    0x3b, 0xff, 0xf8, 0xd2, 0x1b, 0xf8, 0x3f, 0xf8,
    0xcd, 0x3f, 0xf5, 0x10, 0xfe, 0xbc, 0x1f, 0xfe,
    0x40,

    /* U+0065 "e" */
    0xf, 0xfe, 0x43, 0x4f, 0xfd, 0x44, 0x3f, 0xfa,
    0x37, 0xff, 0xf1, 0x90, 0xff, 0xe5, 0xbf, 0xff,
    0xcb, 0x83, 0xff, 0x8e, 0xff, 0xff, 0x3c, 0x3f,
    0xf8, 0xbf, 0xff, 0xd2, 0x43, 0xff, 0x82, 0xff,
    0xff, 0x51, 0xf, 0xfa, 0xff, 0xfe, 0xb0, 0x7f,
    0xaf, 0xff, 0xeb, 0xc1, 0xf9, 0xff, 0xfe, 0xca,
    0x1e, 0x7f, 0xff, 0xb5, 0x7, 0xbf, 0xff, 0xb8,
    0x1d, 0x7f, 0xff, 0x71, 0xd, 0xff, 0xfd, 0xd4,
    0x2b, 0xff, 0xfb, 0xb0, 0x5f, 0xff, 0xde, 0x81,
    0x7f, 0xff, 0x2e, 0xaf, 0xff, 0xe2, 0x40, 0xff,
    0xfe, 0x42, 0x1f, 0xd7, 0xff, 0xf0, 0x20, 0x7f,
    0xff, 0x16, 0xf, 0xfe, 0xd, 0xff, 0xf4, 0x3f,
    0xff, 0xc3, 0x83, 0xff, 0x89, 0xff, 0xf2, 0x5f,
    0xff, 0xc2, 0x83, 0xff, 0x8b, 0xff, 0xf0, 0x3f,
    0xff, 0x85, 0x7, 0xff, 0x1b, 0xff, 0xe0, 0x7f,
    0xff, 0x6, 0xf, 0xfe, 0x3f, 0xff, 0x90, 0x7f,
    0xff, 0x4, 0x3f, 0xf8, 0xf7, 0xff, 0x82, 0xff,
    0xfe, 0x2, 0x1f, 0xfc, 0x6b, 0xff, 0xc8, 0x5f,
    0xff, 0xc0, 0xf, 0xfe, 0x2d, 0xff, 0xf4, 0x1b,
    0xff, 0xe8, 0x3f, 0xf8, 0x2d, 0xff, 0xfc, 0x18,
    0x3b, 0xff, 0xe4, 0x3c, 0xaa, 0x7f, 0xff, 0x15,
    0xf, 0x7f, 0xfc, 0x1d, 0x7f, 0xff, 0x22, 0xf,
    0xdf, 0xff, 0x6, 0x7f, 0xff, 0x8f, 0x7, 0xfb,
    0xff, 0xe0, 0xcf, 0xff, 0xf1, 0x50, 0xff, 0xe0,
    0x5f, 0xfe, 0xe, 0xff, 0xfe, 0xc, 0x87, 0xff,
    0xd, 0xff, 0xf0, 0x7b, 0xfe, 0xa2, 0x1f, 0xfc,
    0x8f, 0xff, 0x41, 0xff, 0xd7, 0xff, 0xf8, 0x3f,
    0xfa, 0xf7, 0xff, 0x90, 0xff, 0xe7, 0xfc, 0x86,
    0xff, 0xf8, 0x3f, 0xf9, 0xb7, 0xf0, 0x6b, 0xff,
    0xe0, 0xff, 0xe5, 0x5f, 0xf0, 0x77, 0xff, 0xf0,
    0x3, 0xff, 0x8c, 0xdf, 0xfc, 0x1c, 0xff, 0xff,
    0x2, 0xf, 0xfe, 0xb, 0x7f, 0xfc, 0x87, 0x9f,
    0xff, 0xe1, 0x4b, 0xeb, 0xff, 0xf8, 0x61, 0xfc,
    0xff, 0xff, 0x5a, 0xf, 0xf9, 0xff, 0xfe, 0x9c,
    0x1f, 0xfc, 0x3b, 0xff, 0xf9, 0xd2, 0x1f, 0xfc,
    0x7b, 0xff, 0xf9, 0x12, 0x1f, 0xfc, 0xe6, 0x9f,
    0xfa, 0xa4, 0x3f, 0xf8, 0xa0,

    /* U+0066 "f" */
    0xf, 0xfe, 0x2b, 0x7f, 0xa8, 0x87, 0xff, 0x21,
    0xff, 0xfe, 0xa, 0x1f, 0xfc, 0x5b, 0xff, 0xf8,
    0x68, 0x7f, 0xf0, 0xef, 0xff, 0xe2, 0xa1, 0xff,
    0xc1, 0x7f, 0xff, 0x8e, 0x1f, 0xfc, 0x1f, 0xff,
    0xe4, 0x21, 0xff, 0x5f, 0xff, 0xc8, 0x83, 0xfe,
    0xff, 0xfe, 0x50, 0x7f, 0x9f, 0xff, 0xe5, 0x7,
    0xf9, 0xff, 0xfe, 0x50, 0x7f, 0xaf, 0xff, 0xe5,
    0x7, 0xfa, 0xff, 0xfe, 0x4c, 0x1f, 0xef, 0xff,
    0xe5, 0x21, 0xfe, 0xff, 0xfe, 0x50, 0x7f, 0xdf,
    0xff, 0xc9, 0x43, 0xfe, 0xff, 0xfe, 0x44, 0x1f,
    0xfc, 0xf, 0xfe, 0xab, 0xfe, 0x83, 0xff, 0x83,
    0xff, 0x21, 0xe6, 0x88, 0x7f, 0xf0, 0xff, 0xc8,
    0x7f, 0xf3, 0xbf, 0xc1, 0xff, 0xcf, 0xfe, 0x83,
    0xff, 0x9f, 0xfc, 0x87, 0xff, 0x3f, 0xf9, 0xf,
    0xfe, 0x7f, 0xf2, 0x1f, 0xfc, 0xff, 0xe9, 0xad,
    0xff, 0xd0, 0x7e, 0x55, 0xff, 0xfc, 0xa8, 0x2b,
    0xff, 0xfa, 0x20, 0xff, 0xfe, 0x94, 0xf, 0xff,
    0xe8, 0xc1, 0x7f, 0xff, 0xe, 0x8b, 0x7, 0xff,
    0x5, 0xfd, 0x45, 0x7f, 0x21, 0xff, 0xcf, 0xfe,
    0x43, 0xff, 0x9f, 0xfc, 0x87, 0xff, 0x3f, 0xf9,
    0xf, 0xfe, 0x7f, 0xf2, 0x1f, 0xfc, 0xff, 0xe4,
    0x3f, 0xf9, 0xff, 0xc8, 0x7f, 0xf3, 0xff, 0x90,
    0xff, 0xe7, 0xff, 0x21, 0xff, 0xcf, 0xfe, 0x83,
    0xff, 0x9f, 0xfd, 0x7, 0xff, 0x3e, 0xfd, 0x7,
    0xff, 0x3e, 0xfd, 0x7, 0xff, 0x3e, 0xfd, 0x7,
    0xff, 0x3e, 0xfe, 0xf, 0xfe, 0x7d, 0xfc, 0x1f,
    0xfc, 0xf7, 0xf8, 0x3f, 0xf9, 0xef, 0xf0, 0x7f,
    0xf3, 0xdf, 0xe0, 0xff, 0xe7, 0xbf, 0xc1, 0xff,
    0xd0, 0xfe, 0xf, 0xfe, 0x87, 0xf0, 0x7f, 0xf4,
    0x3f, 0x90, 0xff, 0xe7, 0xff, 0x21, 0xff, 0xcf,
    0xfe, 0x43, 0xff, 0x9f, 0xfd, 0x7, 0xff, 0x3e,
    0xfd, 0x7, 0xff, 0x3e, 0xfd, 0x7, 0xff, 0x3e,
    0xfe, 0xf, 0xfe, 0x7b, 0xfa, 0xf, 0xfe, 0x83,
    0xe8, 0x3f, 0xf8, 0xa0,

    /* U+0067 "g" */
    0xf, 0xfe, 0x33, 0x4f, 0xff, 0x4a, 0xf, 0xfe,
    0x7b, 0x7f, 0xff, 0x22, 0x43, 0xff, 0x92, 0xff,
    0xff, 0x3a, 0x43, 0xff, 0x88, 0xff, 0xff, 0x4c,
    0x3f, 0xf8, 0x5f, 0xff, 0xd6, 0x43, 0xfc, 0xff,
    0xff, 0x61, 0xf, 0xcf, 0xff, 0xf6, 0x90, 0xf3,
    0xff, 0xfd, 0xc0, 0xf7, 0xff, 0xf7, 0x43, 0xbf,
    0xff, 0xbd, 0x4, 0xff, 0xff, 0x7a, 0xb, 0xff,
    0xfc, 0x0, 0x7f, 0xff, 0xbf, 0x3, 0xff, 0xfc,
    0x10, 0x3f, 0xff, 0xc0, 0x8f, 0xff, 0xf8, 0x1,
    0x7f, 0xff, 0x22, 0xbd, 0xff, 0xfc, 0x54, 0x1f,
    0xff, 0xc5, 0x90, 0xff, 0x9b, 0xff, 0xe4, 0x2f,
    0xff, 0xe2, 0x7, 0xff, 0x15, 0xbf, 0xe4, 0x37,
    0xff, 0xf0, 0xa0, 0xff, 0xe5, 0x2c, 0x1f, 0x7f,
    0xff, 0x6, 0xf, 0xfe, 0xaf, 0xff, 0xf0, 0x43,
    0xff, 0xad, 0xff, 0xfc, 0x0, 0xff, 0xe6, 0xbf,
    0x21, 0xdf, 0xff, 0xc0, 0xf, 0xfe, 0x6f, 0xf0,
    0x77, 0xff, 0xc8, 0x7f, 0xf3, 0x7f, 0x83, 0xbf,
    0xfe, 0xf, 0xfe, 0x77, 0xf2, 0x1b, 0xff, 0xe0,
    0xff, 0xe7, 0x7f, 0x21, 0xbf, 0xfe, 0xf, 0xfe,
    0x77, 0xf4, 0x1a, 0xff, 0xf0, 0x7f, 0xf3, 0xaf,
    0xd0, 0x67, 0xff, 0xc1, 0xff, 0xce, 0xbf, 0x83,
    0xbf, 0xfc, 0x1f, 0xfc, 0xeb, 0xf8, 0x3b, 0xff,
    0xc8, 0x7f, 0xf3, 0x5f, 0xe0, 0xeb, 0xff, 0xc1,
    0xff, 0xcd, 0x7f, 0x83, 0xdf, 0xfe, 0x43, 0xff,
    0x99, 0x7f, 0x7, 0xaf, 0xff, 0x7, 0xff, 0x2f,
    0xfe, 0xf, 0xbf, 0xfd, 0x7, 0xff, 0x21, 0xff,
    0xc1, 0xf5, 0xff, 0xf0, 0x7f, 0xf1, 0xbf, 0xfc,
    0x87, 0xdf, 0xff, 0xc0, 0x83, 0xff, 0x82, 0xdf,
    0xff, 0x21, 0xfb, 0xff, 0xf8, 0x52, 0x1e, 0x6f,
    0xff, 0xe1, 0x21, 0xfd, 0xff, 0xfd, 0x94, 0x3f,
    0xdf, 0xff, 0xd2, 0x7f, 0x90, 0xff, 0xaf, 0xff,
    0xe7, 0x40, 0xfe, 0xf, 0xfe, 0xb, 0xff, 0xfc,
    0xc4, 0x2f, 0xe0, 0xff, 0xe2, 0x5f, 0xff, 0xc6,
    0x90, 0xef, 0xe0, 0xff, 0xe3, 0xb4, 0xff, 0xd4,
    0x43, 0xfb, 0xf8, 0x3f, 0xfb, 0xaf, 0xf0, 0x7f,
    0xf7, 0x6f, 0xe0, 0xff, 0xee, 0xff, 0x41, 0xff,
    0xdc, 0xbf, 0x90, 0xff, 0x28, 0x3f, 0xf9, 0xef,
    0xf8, 0x3f, 0x9f, 0xd2, 0x1f, 0xfc, 0xbb, 0xfd,
    0x7, 0xf5, 0xff, 0xa4, 0x3f, 0xf8, 0xb7, 0xfe,
    0xf, 0xf7, 0xff, 0xf0, 0xa8, 0xbf, 0xa9, 0xff,
    0xe4, 0x3f, 0xcf, 0xff, 0xf5, 0xa0, 0xff, 0xe0,
    0x3f, 0xff, 0xd4, 0x83, 0xff, 0x86, 0xdf, 0xff,
    0xd0, 0x43, 0xff, 0x91, 0x7f, 0xff, 0x2a, 0x43,
    0xff, 0x9c, 0xaa, 0x7f, 0xfa, 0x8a, 0xf, 0xfe,
    0x8,

    /* U+0068 "h" */
    0xe, 0x50, 0x7f, 0xf7, 0x7f, 0x7, 0xff, 0x6e,
    0xfd, 0x7, 0xff, 0x6a, 0xfd, 0x7, 0xff, 0x6b,
    0xfa, 0xf, 0xfe, 0xd7, 0xf2, 0x1f, 0xfd, 0xaf,
    0xe4, 0x3f, 0xfb, 0x5f, 0xc8, 0x7f, 0xf6, 0xbf,
    0x83, 0xff, 0xb4, 0xff, 0x7, 0xff, 0x69, 0xfe,
    0xf, 0xfe, 0xd5, 0xfc, 0x1f, 0xfd, 0xab, 0xf8,
    0x3f, 0xfb, 0x57, 0xf0, 0x7f, 0xf6, 0xaf, 0xd0,
    0x7f, 0xf6, 0xbf, 0xa0, 0xff, 0xed, 0x7f, 0x41,
    0xff, 0xc0, 0x69, 0xff, 0xa4, 0x3f, 0xf8, 0x3f,
    0xc8, 0x7e, 0x6f, 0xff, 0xe2, 0xa1, 0xfe, 0xfe,
    0x43, 0xaf, 0xff, 0xe5, 0xa1, 0xfb, 0xf9, 0xa,
    0xff, 0xfe, 0x74, 0x1f, 0x7f, 0x25, 0xff, 0xfd,
    0x18, 0x3d, 0xfc, 0x5f, 0xff, 0xd3, 0x43, 0x3f,
    0xd7, 0xff, 0xf5, 0x43, 0x3f, 0xff, 0xdb, 0x42,
    0x7f, 0xff, 0xb8, 0x13, 0xff, 0xfd, 0xc0, 0xaf,
    0xff, 0xee, 0x20, 0xbf, 0xff, 0xb9, 0x2, 0xff,
    0xfe, 0xe8, 0x2f, 0xff, 0xee, 0x82, 0xff, 0xfe,
    0xe8, 0x3f, 0xff, 0xbc, 0xf, 0xff, 0xe5, 0xca,
    0xc, 0xab, 0xff, 0x93, 0xfa, 0xff, 0xfe, 0xc,
    0x87, 0xff, 0x6, 0xff, 0x93, 0xfa, 0x3f, 0xfa,
    0xf, 0xfe, 0x35, 0xfe, 0x4f, 0xe8, 0x17, 0xf2,
    0x1f, 0xfc, 0x9f, 0xf2, 0x7f, 0x41, 0xff, 0xd2,
    0xbf, 0x93, 0xf9, 0xf, 0xfe, 0x93, 0xfc, 0x9f,
    0xc8, 0x7f, 0xf4, 0xff, 0x81, 0xfc, 0x87, 0xff,
    0x4f, 0xf8, 0x1f, 0xc8, 0x7f, 0xf4, 0xff, 0x81,
    0xfc, 0x87, 0xff, 0x4f, 0xf8, 0x1f, 0xc8, 0x7f,
    0xf4, 0x9f, 0xe0, 0x7f, 0x21, 0xff, 0xd2, 0x7f,
    0x81, 0xfc, 0x87, 0xff, 0x49, 0xfe, 0x7, 0xf2,
    0x1f, 0xfd, 0x27, 0xf8, 0x1f, 0xc8, 0x7f, 0xf4,
    0xaf, 0xd0, 0x3f, 0x90, 0xff, 0xe9, 0x5f, 0xa0,
    0x7f, 0x21, 0xff, 0xd2, 0xfe, 0x41, 0xfc, 0x87,
    0xff, 0x4b, 0xf9, 0x7, 0xf2, 0x1f, 0xfd, 0x2f,
    0xe0, 0xbf, 0x90, 0xff, 0xe9, 0x7f, 0x5, 0xfc,
    0x87, 0xff, 0x45, 0xfe, 0xb, 0xf9, 0xf, 0xfe,
    0x8d, 0xfc, 0x17, 0xf2, 0x1f, 0xfd, 0x1b, 0xf4,
    0x17, 0xf2, 0x1f, 0xfd, 0x1f, 0xe8, 0x2f, 0xe4,
    0x3f, 0xfa, 0x3f, 0xc8, 0x5f, 0xc8, 0x7f, 0xf4,
    0x7f, 0x83, 0x7f, 0x21, 0xff, 0xd0, 0x7f, 0x83,
    0x5f, 0x83, 0xff, 0xa5, 0xfa, 0xe, 0xbc, 0x87,
    0xff, 0x49, 0xf4, 0x1f, 0xfe, 0x40,

    /* U+0069 "i" */
    0xf, 0x37, 0xd2, 0x1f, 0xe7, 0xff, 0x90, 0xfa,
    0xff, 0xfa, 0xe, 0xbf, 0xff, 0x83, 0x6, 0xff,
    0xfe, 0x18, 0x57, 0xff, 0xf0, 0xe0, 0x7f, 0xff,
    0x14, 0x1f, 0xff, 0xc5, 0x7, 0xff, 0xf1, 0x41,
    0xff, 0xfc, 0x50, 0x5f, 0xff, 0xc3, 0x80, 0xff,
    0xff, 0xc, 0x35, 0xff, 0xfc, 0x18, 0x3b, 0xff,
    0xf8, 0x10, 0x7d, 0x7f, 0xf2, 0x1f, 0xeb, 0xf9,
    0xf, 0xff, 0xf8, 0x7f, 0xf5, 0x6f, 0xd0, 0x7f,
    0xd7, 0xfe, 0x83, 0xf5, 0xff, 0xe8, 0x3d, 0x7f,
    0xff, 0x1, 0xe, 0xff, 0xfe, 0x10, 0x6b, 0xff,
    0xf8, 0x41, 0xbf, 0xff, 0x86, 0x85, 0xff, 0xfc,
    0x34, 0x2f, 0xff, 0xe1, 0xa1, 0x7f, 0xff, 0xd,
    0xb, 0xff, 0xf8, 0x70, 0x1f, 0xff, 0xe1, 0xc0,
    0x7f, 0xff, 0x87, 0x1, 0xff, 0xfe, 0x1c, 0xb,
    0xff, 0xf8, 0x70, 0x2f, 0xff, 0xe1, 0xc0, 0xbf,
    0xff, 0x87, 0x2, 0xff, 0xfe, 0x1c, 0xb, 0xff,
    0xf8, 0x70, 0x2f, 0xff, 0xe1, 0xc0, 0xff, 0xfe,
    0x24, 0xf, 0xff, 0xe2, 0x40, 0xff, 0xfe, 0x24,
    0xf, 0xff, 0xe2, 0x40, 0xbf, 0xff, 0x87, 0x2,
    0xff, 0xfe, 0x1a, 0xb, 0xff, 0xf8, 0x68, 0x2f,
    0xff, 0xe1, 0xa0, 0xbf, 0xff, 0x86, 0x82, 0xff,
    0xfe, 0x1a, 0xb, 0xff, 0xf8, 0x61, 0x3f, 0xff,
    0xc3, 0x9, 0xff, 0xfe, 0x18, 0x4f, 0xff, 0xf0,
    0xc3, 0x7f, 0xff, 0xc, 0x37, 0xff, 0xf0, 0xc3,
    0x7f, 0xff, 0xa, 0xd, 0xff, 0xfc, 0x28, 0x37,
    0xff, 0xf0, 0x90, 0xd7, 0xff, 0xf0, 0x43, 0xdf,
    0xff, 0xc1, 0xf, 0x5f, 0xff, 0x21, 0xf7, 0xff,
    0xa0, 0xfe, 0xbf, 0xe8, 0x3f, 0xe6, 0xfa, 0xf,
    0x80,

    /* U+006A "j" */
    0xf, 0xfe, 0x1a, 0xe0, 0xff, 0xe4, 0xbf, 0xf9,
    0xf, 0xfe, 0x2d, 0xff, 0xe8, 0x3f, 0xf8, 0x77,
    0xff, 0xf0, 0x20, 0xff, 0xe0, 0xdf, 0xff, 0xc2,
    0x43, 0xff, 0x81, 0xff, 0xfc, 0x40, 0xff, 0x9f,
    0xff, 0xe2, 0x7, 0xfd, 0x7f, 0xff, 0x11, 0xf,
    0xf5, 0xff, 0xfc, 0x44, 0x3f, 0xd7, 0xff, 0xf1,
    0x10, 0xff, 0x3f, 0xff, 0xc4, 0xf, 0xfe, 0x7,
    0xff, 0xf1, 0x3, 0xff, 0x81, 0x7f, 0xff, 0x9,
    0xf, 0xfe, 0xf, 0xff, 0xf0, 0x60, 0xff, 0xe1,
    0xdf, 0xfe, 0x83, 0xff, 0x8a, 0xff, 0xe4, 0x3f,
    0xf9, 0x2b, 0x83, 0xff, 0xfe, 0x1f, 0xff, 0xf0,
    0xff, 0xe0, 0xb7, 0xd2, 0x1f, 0xfc, 0x77, 0xff,
    0x90, 0xff, 0xe2, 0x3f, 0xff, 0x21, 0xff, 0xc3,
    0xff, 0xfe, 0xa, 0x1f, 0xfc, 0x1b, 0xff, 0xf8,
    0x41, 0xff, 0xc1, 0xff, 0xfe, 0x1a, 0x1f, 0xf3,
    0xff, 0xfc, 0x38, 0x3f, 0xe7, 0xff, 0xf8, 0x81,
    0xff, 0x3f, 0xff, 0xc4, 0xf, 0xfe, 0x7, 0xff,
    0xf1, 0x3, 0xff, 0x81, 0xff, 0xfc, 0x44, 0x3f,
    0xef, 0xff, 0xe2, 0x21, 0xff, 0x5f, 0xff, 0xc3,
    0x83, 0xfe, 0xbf, 0xff, 0x87, 0x7, 0xfc, 0xff,
    0xff, 0xe, 0xf, 0xf9, 0xff, 0xfe, 0x20, 0x7f,
    0xf0, 0x3f, 0xff, 0x88, 0x1f, 0xfc, 0xf, 0xff,
    0xe2, 0x7, 0xff, 0x3, 0xff, 0xf8, 0x81, 0xff,
    0xc0, 0xbf, 0xff, 0x86, 0x1f, 0xfc, 0xb, 0xff,
    0xf8, 0x61, 0xff, 0xc0, 0x7f, 0xff, 0x86, 0x1f,
    0xfc, 0x7, 0xff, 0xf8, 0x61, 0xff, 0xc0, 0x7f,
    0xff, 0x86, 0x1f, 0xfc, 0x1f, 0xff, 0xe1, 0x87,
    0xff, 0x7, 0xff, 0xf8, 0x61, 0xff, 0xc1, 0xff,
    0xfe, 0x1a, 0x1f, 0xfc, 0xf, 0xff, 0xe1, 0xa1,
    0xff, 0xc0, 0xff, 0xfe, 0x1a, 0x1f, 0xfc, 0xb,
    0xff, 0xf8, 0x48, 0x7f, 0xf0, 0x2f, 0xff, 0xe1,
    0x7, 0xff, 0x6, 0xff, 0xfe, 0x10, 0x7f, 0xf0,
    0x5f, 0xff, 0xe1, 0x7, 0xff, 0x5, 0xff, 0xfe,
    0x10, 0x7f, 0xf0, 0x5f, 0xff, 0xe1, 0x7, 0xff,
    0x5, 0xff, 0xfe, 0x10, 0x7f, 0xf0, 0xbf, 0xff,
    0x84, 0x1f, 0xfc, 0x2f, 0xff, 0xe1, 0x7, 0xff,
    0xb, 0xff, 0xf8, 0x41, 0xff, 0xc2, 0xff, 0xfe,
    0x10, 0x7f, 0xf0, 0xbf, 0xff, 0x84, 0x1f, 0xfc,
    0x2f, 0xff, 0xe0, 0xc1, 0xff, 0xc2, 0xff, 0xfe,
    0xc, 0x1f, 0xfc, 0x2f, 0xff, 0xe0, 0xa1, 0xff,
    0xc2, 0xff, 0xfe, 0xa, 0x1f, 0xfc, 0x2f, 0xff,
    0xe0, 0x87, 0xff, 0xf, 0xff, 0xf8, 0x21, 0x99,
    0xf, 0xdf, 0xff, 0xc1, 0xa, 0xfa, 0xf, 0xbf,
    0xff, 0x82, 0x17, 0xf4, 0x1c, 0xff, 0xff, 0x2,
    0xb, 0xfd, 0x6, 0xff, 0xfe, 0xa, 0x15, 0xff,
    0xaf, 0xff, 0xe1, 0x7, 0x7f, 0xff, 0x29, 0xf,
    0x7f, 0xff, 0x22, 0xf, 0xdf, 0xff, 0xc7, 0xf,
    0xf5, 0xff, 0xfc, 0x38, 0x3f, 0xf8, 0xd, 0xff,
    0xfc, 0x4, 0x3f, 0xf8, 0x8d, 0xfe, 0x90, 0xfe,

    /* U+006B "k" */
    0xf, 0x37, 0xd0, 0x7f, 0xf6, 0xdf, 0xfd, 0x7,
    0xff, 0x61, 0xff, 0xf4, 0x1f, 0xfd, 0x7f, 0xff,
    0xe0, 0x21, 0xff, 0xd5, 0xbf, 0xff, 0x82, 0x1f,
    0xfd, 0x5f, 0xff, 0xe1, 0x21, 0xff, 0xd3, 0x7f,
    0xff, 0x85, 0x7, 0xff, 0x4e, 0xff, 0xfe, 0x18,
    0x7f, 0xf4, 0xff, 0xff, 0x88, 0x1f, 0xfd, 0x3f,
    0xff, 0xe2, 0x7, 0xff, 0x4f, 0xff, 0xf8, 0x81,
    0xff, 0xd3, 0xff, 0xfe, 0x20, 0x7f, 0xf4, 0xff,
    0xff, 0x88, 0x87, 0xff, 0x4b, 0xff, 0xf8, 0x88,
    0x7f, 0xf4, 0xbf, 0xff, 0x88, 0x87, 0xff, 0x4b,
    0xff, 0xf8, 0x90, 0x7f, 0xf4, 0xbf, 0xff, 0x89,
    0x7, 0xff, 0x2e, 0xf2, 0x17, 0xff, 0xf1, 0x20,
    0xff, 0xe4, 0xbf, 0xc1, 0x7f, 0xff, 0x12, 0xf,
    0xfe, 0x45, 0xfe, 0x41, 0xff, 0xfc, 0x50, 0xff,
    0xe3, 0xdf, 0xf2, 0xf, 0xff, 0xe2, 0x87, 0xff,
    0x1b, 0xff, 0x41, 0x7f, 0xff, 0x14, 0x3f, 0xf8,
    0xbf, 0xfa, 0xd, 0xff, 0xfc, 0x50, 0xff, 0xe2,
    0x7f, 0xe4, 0x3b, 0xff, 0xf8, 0xa1, 0xff, 0xc2,
    0x7f, 0xf0, 0x7d, 0xff, 0xfc, 0x50, 0xff, 0xe0,
    0xbf, 0xf4, 0x1f, 0xbf, 0xff, 0x8a, 0x1f, 0xfc,
    0x7, 0xfe, 0x83, 0xfb, 0xff, 0xf8, 0xa1, 0xff,
    0x3f, 0xf4, 0x1f, 0xef, 0xff, 0xe2, 0x87, 0xf9,
    0xff, 0x90, 0xff, 0xbf, 0xff, 0x8a, 0x1f, 0xef,
    0xf9, 0xf, 0xfe, 0x7, 0xff, 0xf1, 0x43, 0xfb,
    0xfe, 0x43, 0xff, 0x83, 0xff, 0xfc, 0x54, 0x3e,
    0xff, 0x90, 0xff, 0xe1, 0x7f, 0xff, 0x15, 0xf,
    0x5f, 0xe4, 0x3f, 0xf8, 0x7f, 0xff, 0xc5, 0x43,
    0x9f, 0xf2, 0x1f, 0xfc, 0x4f, 0xff, 0xe2, 0xa1,
    0x9f, 0xf4, 0x1f, 0xfc, 0x5f, 0xff, 0xe2, 0xa1,
    0xbf, 0xd0, 0x7f, 0xf1, 0xaf, 0xff, 0xe2, 0x21,
    0x3f, 0xe0, 0xff, 0xe3, 0xdf, 0xff, 0xc4, 0x42,
    0xff, 0x7, 0xff, 0x22, 0xff, 0xfe, 0x22, 0x17,
    0xf2, 0x1f, 0xfc, 0x87, 0xff, 0xf8, 0x88, 0x1f,
    0xe0, 0xff, 0xe4, 0xbf, 0xff, 0xc4, 0x40, 0xff,
    0x7, 0xff, 0x25, 0xff, 0xfe, 0x22, 0x7, 0xf9,
    0xf, 0xfe, 0x4f, 0xff, 0xf1, 0x10, 0xbf, 0xa0,
    0xff, 0xe4, 0xff, 0xff, 0x11, 0xb, 0xfc, 0x87,
    0xff, 0x23, 0xff, 0xf8, 0x88, 0x4f, 0xf8, 0x3f,
    0xf9, 0x1f, 0xff, 0xc4, 0x43, 0x5f, 0xe0, 0xff,
    0xe3, 0xff, 0xff, 0x11, 0xe, 0xff, 0x83, 0xff,
    0x8d, 0x7f, 0xff, 0xd, 0xf, 0x7f, 0xc1, 0xff,
    0xc5, 0xbf, 0xff, 0x86, 0x87, 0x9f, 0xf9, 0xf,
    0xfe, 0x1b, 0xff, 0xfc, 0x30, 0xfc, 0xff, 0xc8,
    0x7f, 0xf0, 0x9f, 0xff, 0xe1, 0x87, 0xf5, 0xff,
    0x41, 0xff, 0xc2, 0xff, 0xfe, 0x18, 0x7f, 0x9f,
    0xfc, 0x87, 0xff, 0x3, 0xff, 0xf8, 0x61, 0xff,
    0x3f, 0xfa, 0xf, 0xfb, 0xff, 0xf8, 0x61, 0xff,
    0xc0, 0x7f, 0xf9, 0xf, 0xef, 0xff, 0xe1, 0x87,
    0xff, 0xb, 0xff, 0xa0, 0xfd, 0x7f, 0xff, 0x8,
    0x3f, 0xf8, 0x77, 0xff, 0x41, 0xe7, 0xff, 0xf8,
    0x30, 0x7f, 0xf1, 0x1f, 0xff, 0x41, 0xdf, 0xff,
    0xc1, 0xf, 0xfe, 0x3d, 0xff, 0xc8, 0x67, 0xff,
    0xe8, 0x3f, 0xf9, 0x37, 0xfd, 0x7, 0x5f, 0xfd,
    0x7, 0xff, 0x32, 0xfe, 0x43, 0xd7, 0xfd, 0x7,
    0xff, 0x3e, 0xf4, 0x1f, 0xd7, 0xd2, 0x1f, 0xfd,
    0x50,

    /* U+006C "l" */
    0xf, 0x95, 0x28, 0x3f, 0xe7, 0xfe, 0x43, 0xf5,
    0xff, 0xc8, 0x79, 0xff, 0xf8, 0x3d, 0xff, 0xfc,
    0x10, 0xd7, 0xff, 0xf0, 0x43, 0x7f, 0xff, 0xa,
    0xb, 0xff, 0xf8, 0x50, 0x1f, 0xff, 0xe1, 0x81,
    0xff, 0xfe, 0x18, 0x1f, 0xff, 0xe1, 0x82, 0xff,
    0xfe, 0x18, 0x2f, 0xff, 0xe1, 0x82, 0xff, 0xfe,
    0x18, 0x2f, 0xff, 0xe1, 0x82, 0xff, 0xfe, 0x18,
    0x2f, 0xff, 0xe1, 0x83, 0xff, 0xf8, 0x80, 0xff,
    0xfe, 0x20, 0x3f, 0xff, 0x88, 0xf, 0xff, 0xe2,
    0x27, 0xff, 0xf1, 0x13, 0xff, 0xf8, 0x89, 0xff,
    0xfc, 0x44, 0xff, 0xfe, 0x22, 0x7f, 0xff, 0x11,
    0x3f, 0xff, 0x88, 0x9f, 0xff, 0xc4, 0x4f, 0xff,
    0xe2, 0x27, 0xff, 0xf1, 0x13, 0xff, 0xf8, 0x89,
    0xff, 0xfc, 0x44, 0xff, 0xfe, 0x22, 0x7f, 0xff,
    0x11, 0x3f, 0xff, 0x88, 0x9f, 0xff, 0xc4, 0x7,
    0xff, 0xf1, 0x1, 0xff, 0xfc, 0x40, 0x7f, 0xff,
    0x10, 0x1f, 0xff, 0xc4, 0x7, 0xff, 0xf1, 0x1,
    0xff, 0xfc, 0x40, 0x7f, 0xff, 0x10, 0x17, 0xff,
    0xf0, 0xc1, 0x7f, 0xff, 0xc, 0x17, 0xff, 0xf0,
    0xc1, 0x7f, 0xff, 0xc, 0x17, 0xff, 0xf0, 0xc0,
    0xff, 0xff, 0xa, 0x3, 0xff, 0xfc, 0x28, 0xf,
    0xff, 0xf0, 0xa0, 0xbf, 0xff, 0x85, 0x5, 0xff,
    0xfc, 0x24, 0x2f, 0xff, 0xe1, 0x21, 0x7f, 0xff,
    0x8, 0x35, 0xff, 0xfc, 0x10, 0xef, 0xff, 0xe0,
    0x21, 0xd7, 0xff, 0xc1, 0xf7, 0xff, 0x90, 0xfd,
    0xff, 0x90, 0xff, 0x3f, 0xa0, 0xf0,

    /* U+006D "m" */
    0xf, 0xfe, 0x13, 0x4f, 0xfd, 0x21, 0xff, 0xc8,
    0x6f, 0xf4, 0x87, 0xff, 0x25, 0xbf, 0xff, 0x8b,
    0x7, 0xff, 0x5, 0xbf, 0xff, 0x84, 0x87, 0xff,
    0x12, 0xff, 0xfe, 0x58, 0x7f, 0x5f, 0xff, 0xc7,
    0xf, 0xfe, 0xd, 0xff, 0xfc, 0xe8, 0x39, 0xff,
    0xfe, 0x52, 0x1f, 0xcf, 0xff, 0xf4, 0x60, 0xaf,
    0xff, 0xe6, 0x21, 0xf3, 0xff, 0xfd, 0x38, 0xff,
    0xfe, 0x7a, 0x1c, 0xff, 0xff, 0xc8, 0x3b, 0xff,
    0xfe, 0x70, 0x4f, 0xff, 0xfd, 0x2, 0xbf, 0xff,
    0xe9, 0x3, 0xff, 0xfe, 0xc0, 0xff, 0xff, 0xb0,
    0x3f, 0xff, 0xec, 0x9f, 0xff, 0xf6, 0x8f, 0xff,
    0xfb, 0x45, 0xff, 0xff, 0x60, 0x7f, 0xff, 0x12,
    0x50, 0x79, 0xbf, 0xff, 0x95, 0x2f, 0x5f, 0xfe,
    0x5, 0xff, 0xf4, 0x87, 0xff, 0x9, 0xff, 0xfe,
    0x24, 0x87, 0xf9, 0xff, 0xc1, 0x5f, 0xf9, 0xf,
    0xfe, 0x3d, 0xff, 0xfc, 0x4, 0x3f, 0xf8, 0x4f,
    0xfc, 0x19, 0xff, 0x7, 0xff, 0x2b, 0xfe, 0x64,
    0x3f, 0xf8, 0xcf, 0xf8, 0x3a, 0xfe, 0xf, 0xfe,
    0x53, 0xfd, 0x7, 0xff, 0x2b, 0xfc, 0x1d, 0x7f,
    0x7, 0xff, 0x2f, 0xfa, 0xf, 0xfe, 0x55, 0xfc,
    0x1d, 0xfd, 0x7, 0xff, 0x2f, 0xfa, 0xf, 0xfe,
    0x55, 0xfc, 0x1d, 0xfd, 0x7, 0xff, 0x2e, 0xfd,
    0x7, 0xff, 0x2a, 0xfe, 0xe, 0xfe, 0x43, 0xff,
    0x97, 0x7e, 0x83, 0xff, 0x95, 0x7f, 0x7, 0x7f,
    0x21, 0xff, 0xcb, 0xbf, 0x41, 0xff, 0xca, 0xbf,
    0x41, 0x9f, 0xe0, 0xff, 0xe6, 0x5f, 0x90, 0xff,
    0xe5, 0x5f, 0xa0, 0xcf, 0xf0, 0x7f, 0xf3, 0x2f,
    0xc8, 0x7f, 0xf2, 0xaf, 0xd0, 0x6b, 0xf8, 0x3f,
    0xf9, 0x9f, 0xc8, 0x7f, 0xf2, 0xaf, 0xc8, 0x6b,
    0xf8, 0x3f, 0xf9, 0x9f, 0xc8, 0x7f, 0xf2, 0xaf,
    0xc8, 0x6b, 0xf8, 0x3f, 0xf9, 0x9f, 0xc1, 0xff,
    0xcb, 0xfe, 0x43, 0x7f, 0x83, 0xff, 0x99, 0xfc,
    0x1f, 0xfc, 0xbf, 0xe4, 0x37, 0xf8, 0x3f, 0xf9,
    0x9f, 0xc1, 0xff, 0xcb, 0xfe, 0xe, 0xff, 0x7,
    0xff, 0x2d, 0xfe, 0xf, 0xfe, 0x5f, 0xf0, 0x77,
    0xf4, 0x1f, 0xfc, 0xb7, 0xf8, 0x3f, 0xf9, 0x7f,
    0xc1, 0xdf, 0xd0, 0x7f, 0xf2, 0xef, 0xd0, 0x7f,
    0xf2, 0x9f, 0xe0, 0xef, 0xe8, 0x3f, 0xf9, 0x77,
    0xe8, 0x3f, 0xf9, 0x57, 0xe8, 0x3b, 0xfa, 0xf,
    0xfe, 0x5f, 0xf2, 0x1f, 0xfc, 0xab, 0xf4, 0x1d,
    0x7e, 0x83, 0xff, 0x97, 0xfc, 0x87, 0xff, 0x2b,
    0xf9, 0xe, 0xbf, 0x41, 0xff, 0xca, 0x7f, 0x83,
    0xff, 0x97, 0xfc, 0x1e, 0xbf, 0x41, 0xff, 0xca,
    0x7f, 0x83, 0xff, 0x94, 0xff, 0x7, 0xaf, 0xd0,
    0x7f, 0xf2, 0xaf, 0xd0, 0x7f, 0xf2, 0xaf, 0xe0,
    0xf3, 0xfa, 0xf, 0xfe, 0x57, 0xf2, 0x1f, 0xfc,
    0xab, 0xf4, 0x1f, 0x7e, 0x83, 0xff, 0x95, 0x7e,
    0xf, 0xfe, 0x5d, 0xf8, 0x3f, 0x3e, 0x83, 0xff,
    0x99, 0x78, 0x3f, 0xf9, 0xb7, 0x90, 0xff, 0xfd,
    0x80,

    /* U+006E "n" */
    0xf, 0xfe, 0x33, 0x4f, 0xfd, 0x44, 0x3f, 0xfa,
    0xd, 0xff, 0xfc, 0x79, 0xf, 0xfe, 0x4b, 0xff,
    0xfc, 0xe4, 0x3f, 0xf8, 0x8f, 0xff, 0xf4, 0xc3,
    0xff, 0x82, 0xff, 0xff, 0x5a, 0xf, 0xf5, 0xff,
    0xfd, 0x88, 0x3f, 0x5f, 0xff, 0xda, 0x83, 0xcf,
    0xff, 0xf7, 0x10, 0xef, 0xff, 0xef, 0x6, 0x7f,
    0xff, 0xbd, 0x5, 0xff, 0xfe, 0x0, 0xbf, 0xff,
    0xc0, 0x83, 0xff, 0xfc, 0x10, 0x3f, 0xff, 0xc2,
    0xf, 0xff, 0xf0, 0x83, 0xff, 0xfc, 0x28, 0xff,
    0xff, 0x2a, 0xa5, 0xea, 0x7f, 0xff, 0x1, 0x7,
    0xff, 0xf1, 0x25, 0x7, 0xff, 0xe, 0xff, 0xe4,
    0x2f, 0xff, 0xe0, 0x21, 0xff, 0xca, 0xbf, 0xe4,
    0x37, 0xfe, 0x83, 0xff, 0x9d, 0x7f, 0x90, 0xeb,
    0xf8, 0x3f, 0xfa, 0x3f, 0xe4, 0x3a, 0xfe, 0xf,
    0xfe, 0x8b, 0xfc, 0x87, 0x7f, 0x41, 0xff, 0xd2,
    0xfe, 0x43, 0xbf, 0x90, 0xff, 0xe9, 0x7f, 0x21,
    0xdf, 0xc8, 0x7f, 0xf4, 0xbf, 0x90, 0xef, 0xe4,
    0x3f, 0xfa, 0x5f, 0xc1, 0xcf, 0xf0, 0x7f, 0xf4,
    0xff, 0x83, 0x9f, 0xe0, 0xff, 0xe9, 0xff, 0x7,
    0x5f, 0xc1, 0xff, 0xd3, 0xfe, 0xe, 0xbf, 0x83,
    0xff, 0xa4, 0xff, 0x7, 0x5f, 0xc1, 0xff, 0xd2,
    0x7f, 0x83, 0xbf, 0xc1, 0xff, 0xd2, 0xbf, 0x41,
    0xdf, 0xe0, 0xff, 0xe9, 0x5f, 0xa0, 0xef, 0xe8,
    0x3f, 0xfa, 0x5f, 0xc8, 0x77, 0xf4, 0x1f, 0xfd,
    0x2f, 0xe4, 0x3b, 0xfa, 0xf, 0xfe, 0x97, 0xf0,
    0x7b, 0xfa, 0xf, 0xfe, 0x97, 0xf0, 0x7b, 0xfa,
    0xf, 0xfe, 0x8b, 0xfc, 0x1e, 0xfe, 0x83, 0xff,
    0xa3, 0x7f, 0x7, 0xaf, 0xd0, 0x7f, 0xf4, 0x6f,
    0xd0, 0x7a, 0xfd, 0x7, 0xff, 0x47, 0xf9, 0xf,
    0x5f, 0xc1, 0xff, 0xd1, 0xfe, 0x43, 0xcf, 0xe8,
    0x3f, 0xfa, 0x3f, 0xc1, 0xfb, 0xf4, 0x1f, 0xfd,
    0x1f, 0xe0, 0xfc, 0xfa, 0xf, 0xfe, 0x9f, 0xa0,
    0xff, 0xf3, 0x80,

    /* U+006F "o" */
    0xf, 0xfe, 0x33, 0x7f, 0xa0, 0xff, 0xeb, 0x37,
    0xff, 0xf0, 0x3, 0xff, 0xa4, 0xff, 0xff, 0x11,
    0xf, 0xfe, 0x73, 0xff, 0xfc, 0x70, 0xff, 0xe6,
    0xdf, 0xff, 0xc9, 0xf, 0xfe, 0x5f, 0xff, 0xf3,
    0x50, 0xff, 0xe3, 0xff, 0xff, 0x41, 0xf, 0xfe,
    0x27, 0xff, 0xf4, 0xc3, 0xff, 0x85, 0xff, 0xfd,
    0x54, 0x3f, 0xeb, 0xff, 0xfa, 0xc8, 0x7f, 0x3f,
    0xff, 0xce, 0x8b, 0xfe, 0x43, 0xf7, 0xff, 0xf3,
    0xa0, 0x9f, 0xf8, 0x3e, 0x7f, 0xff, 0x9b, 0x7,
    0xbf, 0xe0, 0xf7, 0xff, 0xf3, 0x20, 0xfe, 0xff,
    0x41, 0x9f, 0xff, 0xe4, 0xc8, 0x7f, 0xcf, 0xf8,
    0x35, 0xff, 0xfc, 0x68, 0x3f, 0xf8, 0x97, 0xf2,
    0x17, 0xff, 0xf1, 0x60, 0xff, 0xe3, 0xff, 0x82,
    0xff, 0xfe, 0x22, 0x1f, 0xfc, 0x87, 0xf8, 0xf,
    0xff, 0xf0, 0xc3, 0xff, 0x97, 0xfc, 0x97, 0xff,
    0xf0, 0x83, 0xff, 0x99, 0xfd, 0x1f, 0xff, 0xc2,
    0x43, 0xff, 0x99, 0x7e, 0x8f, 0xff, 0xe0, 0xc1,
    0xff, 0xcd, 0x7f, 0x8f, 0xff, 0xe0, 0x87, 0xff,
    0x39, 0xfe, 0x3f, 0xff, 0x80, 0x87, 0xff, 0x39,
    0xfe, 0x3f, 0xff, 0x80, 0x1f, 0xfc, 0xf7, 0xf8,
    0xff, 0xfa, 0xf, 0xfe, 0x7b, 0xfc, 0x7f, 0xfc,
    0x87, 0xff, 0x3e, 0xfd, 0x1f, 0xff, 0x21, 0xff,
    0xcf, 0xfe, 0x8b, 0xff, 0xc1, 0xff, 0xd0, 0xfe,
    0x4b, 0xff, 0xc1, 0xff, 0xcf, 0xbf, 0x80, 0xff,
    0xf8, 0x3f, 0xf9, 0xff, 0xd0, 0x5f, 0xfe, 0x43,
    0xff, 0x9b, 0x7f, 0x21, 0x5f, 0xfd, 0x7, 0xff,
    0x37, 0xfc, 0x19, 0xff, 0xf0, 0x7f, 0xf3, 0x3f,
    0xc8, 0x77, 0xff, 0x83, 0xff, 0x97, 0x7f, 0x83,
    0xcf, 0xff, 0x41, 0xff, 0xc9, 0xbf, 0xc8, 0x7d,
    0x7f, 0xf4, 0x1f, 0xfc, 0x7f, 0xfa, 0xf, 0xef,
    0xff, 0x41, 0xff, 0xc4, 0x7f, 0xe8, 0x3f, 0xef,
    0xff, 0x90, 0xff, 0xe0, 0x5f, 0xfc, 0x1f, 0xfc,
    0x1f, 0xff, 0xe0, 0xcb, 0xeb, 0xff, 0xd0, 0x7f,
    0xf0, 0xff, 0xff, 0xa2, 0x87, 0xff, 0x16, 0xff,
    0xfe, 0x70, 0x7f, 0xf2, 0x6f, 0xff, 0xe5, 0x21,
    0xff, 0xcc, 0xbf, 0xff, 0x8b, 0x7, 0xff, 0x49,
    0xa7, 0xfd, 0x44, 0x3f, 0xf8, 0xa0,

    /* U+0070 "p" */
    0xf, 0xfe, 0x22, 0xa9, 0xff, 0xd4, 0x50, 0x7f,
    0xf3, 0xdb, 0xff, 0xf9, 0x28, 0x7f, 0xf2, 0x6f,
    0xff, 0xe7, 0xc1, 0xff, 0xc4, 0x6f, 0xff, 0xe9,
    0xc1, 0xff, 0xc1, 0xff, 0xfe, 0xc0, 0x7f, 0x9f,
    0xff, 0xed, 0x21, 0xf3, 0xff, 0xfd, 0xc0, 0xfb,
    0xff, 0xfb, 0xc1, 0xcf, 0xff, 0xf7, 0xa0, 0xd7,
    0xff, 0xf7, 0xc3, 0x7f, 0xff, 0x82, 0xb, 0xff,
    0xfc, 0x21, 0x7f, 0xff, 0x86, 0x7, 0xff, 0xf8,
    0x81, 0xff, 0xfe, 0x20, 0x5f, 0xff, 0xe1, 0x41,
    0xff, 0xfe, 0x14, 0x17, 0xff, 0xf0, 0xe5, 0x7,
    0xf3, 0xff, 0xfc, 0x48, 0x2b, 0xff, 0xd2, 0x1f,
    0xfc, 0x47, 0xff, 0xf8, 0x50, 0x67, 0xfe, 0x43,
    0xff, 0x93, 0xff, 0xfc, 0x20, 0xf5, 0xfc, 0x1f,
    0xfc, 0xbf, 0xff, 0xe0, 0x87, 0xbf, 0xa0, 0xff,
    0xe5, 0xbf, 0xff, 0xc0, 0xf, 0x7f, 0x21, 0xff,
    0xcc, 0xff, 0xfe, 0x0, 0x7b, 0xf9, 0xf, 0xfe,
    0x65, 0xff, 0xf0, 0x73, 0xfc, 0x1f, 0xfc, 0xd7,
    0xff, 0xe0, 0xe7, 0xf8, 0x3f, 0xf9, 0xaf, 0xff,
    0xa0, 0xeb, 0xf8, 0x3f, 0xf9, 0xaf, 0xff, 0xa0,
    0xeb, 0xf8, 0x3f, 0xf9, 0xaf, 0xff, 0xa0, 0xef,
    0xe8, 0x3f, 0xf9, 0xaf, 0xff, 0x90, 0xef, 0xe8,
    0x3f, 0xf9, 0xb7, 0xff, 0x83, 0xdf, 0xd0, 0x7f,
    0xf3, 0x7f, 0xfe, 0xf, 0x7f, 0x21, 0xff, 0xcd,
    0xff, 0xf4, 0x1e, 0xfe, 0x43, 0xff, 0x98, 0xff,
    0xf8, 0x3c, 0xff, 0x21, 0xff, 0xcc, 0xff, 0xf8,
    0x3c, 0xff, 0x90, 0xff, 0xe5, 0x5f, 0xfe, 0x43,
    0xcf, 0xfd, 0x7, 0xff, 0x21, 0xff, 0xf8, 0x3e,
    0xbf, 0xf9, 0xf, 0xfe, 0x2d, 0xff, 0xf0, 0x7e,
    0xbf, 0xfe, 0x43, 0xff, 0x82, 0xff, 0xff, 0x2,
    0xf, 0xd7, 0xff, 0xf0, 0x64, 0x3e, 0x57, 0xff,
    0xf0, 0x60, 0xfe, 0xbf, 0xff, 0xb1, 0x7, 0xfb,
    0xff, 0xfb, 0x10, 0x7f, 0xdf, 0xd1, 0x7f, 0xff,
    0x3d, 0xf, 0xfe, 0x7, 0xf4, 0x15, 0xff, 0xfc,
    0xb8, 0x3f, 0xf8, 0x5f, 0xd0, 0x75, 0xff, 0xfc,
    0x74, 0x3f, 0xf8, 0x9f, 0xd0, 0x7e, 0x69, 0xff,
    0xd4, 0x43, 0xff, 0x8f, 0xfd, 0x7, 0xff, 0x7b,
    0xfa, 0xf, 0xfe, 0xf7, 0xf4, 0x1f, 0xfd, 0xef,
    0xe8, 0x3f, 0xfb, 0xdf, 0xd0, 0x7f, 0xf7, 0xbf,
    0xa0, 0xff, 0xef, 0x7f, 0x41, 0xff, 0xde, 0xfe,
    0x83, 0xff, 0xbd, 0xfd, 0x7, 0xff, 0x7a, 0xfd,
    0x7, 0xff, 0x7a, 0xfd, 0x7, 0xff, 0x79, 0xfc,
    0x87, 0xff, 0x7e, 0xf4, 0x1f, 0xff, 0xf0, 0xff,
    0xe0, 0x0,

    /* U+0071 "q" */
    0xf, 0xfe, 0x3b, 0x4f, 0xff, 0x51, 0xf, 0xfe,
    0x83, 0x7f, 0xff, 0x26, 0xf, 0xfe, 0x4b, 0x7f,
    0xff, 0x3d, 0xf, 0xfe, 0x23, 0xff, 0xfd, 0x44,
    0x3f, 0xf8, 0x37, 0xff, 0xf5, 0x90, 0xff, 0xbf,
    0xff, 0xb2, 0x87, 0xe7, 0xff, 0xfb, 0x61, 0xfb,
    0xff, 0xfb, 0x90, 0x7b, 0xff, 0xfb, 0xc1, 0xd7,
    0xff, 0xf7, 0x90, 0x9f, 0xff, 0xef, 0xa1, 0x7f,
    0xff, 0x81, 0x3, 0xff, 0xfe, 0x4, 0x17, 0xff,
    0xf8, 0x10, 0x7f, 0xff, 0x84, 0xf, 0xff, 0xf8,
    0x20, 0x5f, 0xff, 0xc9, 0xaf, 0x7f, 0xff, 0x14,
    0x2b, 0xff, 0xf8, 0xa8, 0x7f, 0xf0, 0x1b, 0xff,
    0xe0, 0xdf, 0xff, 0xc4, 0x43, 0xff, 0x8d, 0x7f,
    0xa0, 0xef, 0xff, 0xe1, 0x41, 0xff, 0xcc, 0x43,
    0xf7, 0xff, 0xf0, 0x60, 0xff, 0xeb, 0x7f, 0xff,
    0x2, 0xf, 0xfe, 0xbf, 0xff, 0xf0, 0x3, 0xff,
    0xa3, 0x44, 0x37, 0xff, 0xd0, 0x7f, 0xf4, 0x3f,
    0x21, 0x7f, 0xfc, 0x87, 0xff, 0x3e, 0xfd, 0x5,
    0xff, 0xf0, 0x7f, 0xf4, 0x3f, 0xa0, 0xbf, 0xfe,
    0xf, 0xfe, 0x87, 0xf2, 0x15, 0xff, 0xe0, 0xff,
    0xe7, 0xbf, 0xc1, 0xaf, 0xff, 0x7, 0xff, 0x3e,
    0xfe, 0xc, 0xff, 0xf8, 0x3f, 0xf9, 0xff, 0xd0,
    0x77, 0xff, 0x90, 0xff, 0xe7, 0x7f, 0x41, 0xdf,
    0xfe, 0x83, 0xff, 0x9a, 0xff, 0x21, 0xcf, 0xff,
    0x83, 0xff, 0x9b, 0x7f, 0x7, 0xdf, 0xfe, 0x43,
    0xff, 0x99, 0xfe, 0xf, 0xaf, 0xff, 0x7, 0xff,
    0x2e, 0xfe, 0x83, 0xf7, 0xff, 0xc1, 0xff, 0xc8,
    0x7f, 0xe4, 0x3f, 0x3f, 0xff, 0x7, 0xff, 0x1a,
    0xff, 0xc8, 0x7f, 0x5f, 0xff, 0x41, 0xff, 0xc2,
    0xbf, 0xfc, 0x1f, 0xf7, 0xff, 0xf0, 0x90, 0xf9,
    0xbf, 0xff, 0x82, 0x1f, 0xfc, 0xf, 0xff, 0xec,
    0x7, 0xff, 0x6, 0xff, 0xfe, 0xac, 0x1f, 0xfc,
    0x27, 0xff, 0xfa, 0x88, 0x7f, 0xf1, 0x2f, 0xff,
    0xe5, 0xab, 0xf9, 0xf, 0xfe, 0x35, 0xff, 0xfc,
    0x68, 0x27, 0xf8, 0x3f, 0xf9, 0x4d, 0x3f, 0xf5,
    0x10, 0xf3, 0xfc, 0x1f, 0xfd, 0xeb, 0xf8, 0x3f,
    0xfb, 0xd7, 0xf0, 0x7f, 0xf7, 0xaf, 0xe0, 0xff,
    0xef, 0x5f, 0xc1, 0xff, 0xde, 0xbf, 0x41, 0xff,
    0xde, 0xbf, 0x41, 0xff, 0xde, 0xfe, 0x83, 0xff,
    0xbd, 0xfd, 0x7, 0xff, 0x7b, 0xfa, 0xf, 0xfe,
    0xf7, 0xf4, 0x1f, 0xfd, 0xeb, 0xf2, 0x1f, 0xfd,
    0xeb, 0xf0, 0x7f, 0xf8, 0x2f, 0x21, 0xf0,

    /* U+0072 "r" */
    0xd, 0x79, 0xf, 0xe6, 0xfd, 0x21, 0xfd, 0x7e,
    0xf, 0xaf, 0xff, 0x21, 0xf7, 0xf2, 0x1a, 0xff,
    0xfe, 0xa, 0x1e, 0xfe, 0xd, 0xff, 0xfc, 0x40,
    0xf7, 0xf0, 0x1f, 0xff, 0xe3, 0x7, 0x7f, 0x3,
    0xff, 0xf8, 0xe8, 0x4f, 0xf1, 0xff, 0xfc, 0x88,
    0x27, 0xf5, 0xff, 0xfc, 0xa0, 0xaf, 0xff, 0xe7,
    0x85, 0x7f, 0xff, 0x3c, 0x2f, 0xff, 0xe8, 0x5,
    0xff, 0xfd, 0x0, 0xbf, 0xff, 0x9f, 0x5, 0xff,
    0xfc, 0xf0, 0xdf, 0xff, 0xce, 0x43, 0x7f, 0xff,
    0x32, 0x43, 0x3f, 0xff, 0xc0, 0x90, 0xff, 0xe2,
    0x3f, 0xfc, 0x87, 0xff, 0x21, 0xff, 0x90, 0xff,
    0xe5, 0x5f, 0xe0, 0xff, 0xe6, 0x5f, 0xc1, 0xff,
    0xcd, 0xbf, 0x21, 0xff, 0xcd, 0xbf, 0x21, 0xff,
    0xcd, 0xbf, 0x21, 0xff, 0xcd, 0xbf, 0x21, 0xff,
    0xcd, 0xfe, 0xf, 0xfe, 0x77, 0xf0, 0x7f, 0xf3,
    0xbf, 0x83, 0xff, 0x9d, 0xfc, 0x1f, 0xfc, 0xef,
    0xe0, 0xff, 0xe7, 0x7f, 0x7, 0xff, 0x3b, 0xf8,
    0x3f, 0xf9, 0xdf, 0xc1, 0xff, 0xce, 0xfe, 0xf,
    0xfe, 0x77, 0xf0, 0x7f, 0xf3, 0xbf, 0x83, 0xff,
    0x9d, 0xfc, 0x1f, 0xfc, 0xef, 0xe0, 0xff, 0xe7,
    0x7f, 0x7, 0xff, 0x3b, 0xf8, 0x3f, 0xf9, 0xdf,
    0xc1, 0xff, 0xce, 0xfe, 0xf, 0xfe, 0x77, 0xf0,
    0x7f, 0xf3, 0xbf, 0x41, 0xff, 0xcf, 0xf4, 0x1f,
    0xfc, 0xe0,

    /* U+0073 "s" */
    0xf, 0xfe, 0x13, 0x4f, 0xfd, 0x28, 0x3f, 0xf9,
    0x37, 0xff, 0xf1, 0xa0, 0xff, 0xe2, 0x5f, 0xff,
    0xca, 0x83, 0xff, 0x81, 0x7f, 0xff, 0x38, 0x3f,
    0xdf, 0xff, 0xd1, 0xf, 0xdf, 0xff, 0xd3, 0xf,
    0x7f, 0xff, 0x52, 0xd, 0x7f, 0xff, 0x54, 0x27,
    0xff, 0xfa, 0xc1, 0x7f, 0xff, 0x5d, 0x7, 0xff,
    0xf5, 0xd1, 0xff, 0xfe, 0xba, 0x5f, 0xff, 0xd7,
    0x4f, 0xff, 0xec, 0x3, 0xff, 0xfa, 0xf0, 0x3f,
    0xff, 0xae, 0x17, 0xff, 0xf0, 0x50, 0xf3, 0x7f,
    0xff, 0x0, 0x37, 0xff, 0xc8, 0x7f, 0xf0, 0x1f,
    0xfa, 0xe, 0xff, 0xf4, 0x1f, 0xfc, 0x46, 0x88,
    0x7d, 0xff, 0xe4, 0x3f, 0xf9, 0xf7, 0xff, 0x21,
    0xff, 0xcf, 0x7f, 0xfa, 0xf, 0xfe, 0x87, 0xff,
    0x83, 0xff, 0xa0, 0xff, 0xf9, 0xf, 0xfe, 0x7f,
    0xff, 0xf0, 0x25, 0x7, 0xff, 0x33, 0xff, 0xf9,
    0x72, 0x1f, 0xfc, 0x2f, 0xff, 0xe7, 0x21, 0xff,
    0xc0, 0xbf, 0xff, 0x9c, 0x87, 0xff, 0x1, 0xff,
    0xfe, 0x6c, 0x1f, 0xfc, 0x26, 0x9f, 0xff, 0xc9,
    0x43, 0xff, 0x9c, 0xab, 0xff, 0x83, 0xff, 0xa4,
    0xdf, 0xe4, 0x3f, 0xfa, 0x6f, 0xf4, 0x1f, 0xfd,
    0x4b, 0xf4, 0x1f, 0xfd, 0x4b, 0xf8, 0x3a, 0x88,
    0x7f, 0xf3, 0x2f, 0xd0, 0x6f, 0xd0, 0x7f, 0xf2,
    0xff, 0xa0, 0x9f, 0xf4, 0x87, 0xff, 0x1e, 0xfe,
    0x42, 0x7f, 0xfa, 0x50, 0x7f, 0xf0, 0x5f, 0xf8,
    0x3b, 0xff, 0xf8, 0x55, 0x2f, 0x53, 0xff, 0x41,
    0xeb, 0xff, 0xfa, 0x41, 0xfd, 0x7f, 0xff, 0x3c,
    0x3f, 0xf8, 0x17, 0xff, 0xf3, 0x3, 0xff, 0x88,
    0xdf, 0xff, 0xc5, 0x90, 0xff, 0xe4, 0xb4, 0xff,
    0xd4, 0x43, 0xf8,

    /* U+0074 "t" */
    0xf, 0xfe, 0x1d, 0xe4, 0x3f, 0xfa, 0x3f, 0xc1,
    0xff, 0xd1, 0xfe, 0xf, 0xfe, 0x8f, 0xf0, 0x7f,
    0xf4, 0x7f, 0x83, 0xff, 0xa0, 0xff, 0x7, 0xff,
    0x41, 0xfe, 0xf, 0xfe, 0x83, 0xfc, 0x1f, 0xfd,
    0xb, 0xf8, 0x3f, 0xfa, 0x17, 0xe8, 0x3f, 0xfa,
    0x1f, 0xd0, 0x7f, 0xf4, 0x3f, 0xa0, 0xff, 0xe8,
    0x7f, 0x21, 0xff, 0xd0, 0xfe, 0x43, 0xff, 0xa1,
    0xfc, 0x87, 0xff, 0x43, 0xf8, 0x3f, 0xfa, 0xf,
    0xf5, 0x5f, 0xe9, 0xf, 0xfe, 0x23, 0x7f, 0xff,
    0x12, 0xf, 0xf3, 0x7f, 0xff, 0x2c, 0x3e, 0x7f,
    0xff, 0x9d, 0x7, 0x5f, 0xff, 0xd0, 0x42, 0x7f,
    0xff, 0xa3, 0x5, 0xff, 0xfd, 0x30, 0x3f, 0xff,
    0xd3, 0x4f, 0xff, 0xea, 0x27, 0xff, 0xf5, 0x13,
    0xff, 0xfa, 0x89, 0xff, 0xfd, 0x40, 0x7f, 0xff,
    0x50, 0x1f, 0xff, 0xd3, 0x41, 0x7f, 0xff, 0x48,
    0x37, 0xff, 0xf4, 0x43, 0x9f, 0xff, 0xe7, 0x41,
    0xf5, 0xff, 0xfc, 0xb8, 0x3f, 0xd7, 0xff, 0xf1,
    0x65, 0x7, 0xff, 0xe, 0xff, 0xf2, 0x1f, 0xfc,
    0xf7, 0xf8, 0x3f, 0xfa, 0xf, 0xf0, 0x7f, 0xf4,
    0x1f, 0xe0, 0xff, 0xe8, 0x3f, 0xc1, 0xff, 0xd0,
    0xbf, 0x83, 0xff, 0xa1, 0x7f, 0x7, 0xff, 0x42,
    0xfe, 0xf, 0xfe, 0x85, 0xfc, 0x1f, 0xfd, 0xb,
    0xf8, 0x3f, 0xfa, 0x17, 0xf0, 0x7f, 0xf4, 0x2f,
    0xd0, 0x7f, 0xf4, 0x2f, 0xd0, 0x7f, 0xf4, 0x2f,
    0xd0, 0x7f, 0xf4, 0x2f, 0xd0, 0x7f, 0xf4, 0x1f,
    0xe0, 0xff, 0xe8, 0x3f, 0xc1, 0xff, 0x7d, 0x7,
    0xff, 0x5, 0xfe, 0xf, 0xf7, 0xf2, 0x1f, 0xfc,
    0x7, 0xf9, 0xf, 0x9f, 0xf4, 0x1f, 0xfc, 0x1f,
    0xf0, 0x7a, 0xff, 0x90, 0xff, 0xe0, 0xff, 0xcb,
    0x5f, 0xfc, 0x1f, 0xfc, 0x27, 0xff, 0xf8, 0xc1,
    0xff, 0xc4, 0xff, 0xfe, 0x24, 0x1f, 0xfc, 0x6f,
    0xff, 0xe1, 0x21, 0xff, 0xc8, 0xbf, 0xfc, 0x87,
    0xff, 0x2d, 0xbf, 0x48, 0x7f, 0x80,

    /* U+0075 "u" */
    0xf, 0xd7, 0xea, 0x7, 0xff, 0x2a, 0xf4, 0x1f,
    0xd7, 0xff, 0x41, 0xff, 0xc7, 0x7f, 0x41, 0xf7,
    0xff, 0xf0, 0x43, 0xff, 0x8c, 0xff, 0x7, 0xbf,
    0xff, 0x86, 0x1f, 0xfc, 0x57, 0xf8, 0x3a, 0xff,
    0xfe, 0x1a, 0x1f, 0xfc, 0x47, 0xf8, 0x33, 0xff,
    0xfc, 0x48, 0x3f, 0xf8, 0xbf, 0xc1, 0xaf, 0xff,
    0xe2, 0x41, 0xff, 0xc5, 0xfe, 0xd, 0xff, 0xfc,
    0x58, 0x3f, 0xf8, 0xbf, 0xc8, 0x5f, 0xff, 0xc5,
    0x83, 0xff, 0x8b, 0xfc, 0x81, 0xff, 0xfe, 0x2a,
    0x1f, 0xfc, 0x5f, 0xe8, 0xf, 0xff, 0xf1, 0x50,
    0xff, 0xe2, 0xdf, 0xa0, 0x5f, 0xff, 0xc5, 0xf,
    0xfe, 0x35, 0xfa, 0x5, 0xff, 0xfc, 0x50, 0xff,
    0xe3, 0x5f, 0xc0, 0xbf, 0xff, 0x89, 0x7, 0xff,
    0x19, 0xfe, 0x7, 0xff, 0xf1, 0x43, 0xff, 0x8e,
    0xff, 0x3, 0xff, 0xf8, 0xa1, 0xff, 0xc8, 0xfe,
    0x7, 0xff, 0xf1, 0x43, 0xff, 0x91, 0xfc, 0xf,
    0xff, 0xe2, 0x41, 0xff, 0xc8, 0xfe, 0x7, 0xff,
    0xf1, 0x10, 0xff, 0xe4, 0x7f, 0x3, 0xff, 0xf8,
    0x88, 0x7f, 0xf2, 0x3f, 0x93, 0xff, 0xf8, 0x81,
    0xff, 0xc9, 0xfe, 0x4f, 0xff, 0xe2, 0x7, 0xff,
    0x27, 0xf9, 0x3f, 0xff, 0x88, 0x1f, 0xfc, 0x9f,
    0xe4, 0xff, 0xfe, 0x20, 0x7f, 0xf2, 0x6f, 0xc9,
    0xff, 0xfc, 0x40, 0xff, 0xe4, 0xdf, 0x93, 0xff,
    0xf8, 0x81, 0xff, 0xc9, 0xbf, 0x47, 0xff, 0xf1,
    0x3, 0xff, 0x93, 0x7e, 0x8b, 0xff, 0xf8, 0x50,
    0x7f, 0xf2, 0x6f, 0xd1, 0x7f, 0xff, 0xc, 0x3f,
    0xf9, 0x37, 0xe8, 0x7f, 0xff, 0x86, 0x1f, 0xfc,
    0x9b, 0xf4, 0x3f, 0xff, 0xc3, 0xf, 0xfe, 0x4d,
    0xfa, 0x7, 0xff, 0xf0, 0xc3, 0xff, 0x93, 0x7e,
    0x81, 0xff, 0xfc, 0x30, 0xff, 0xe4, 0xdf, 0xa0,
    0x5f, 0xff, 0xc2, 0x43, 0xff, 0x91, 0xfd, 0x5,
    0xff, 0xfc, 0x28, 0x3f, 0xf8, 0xff, 0xe8, 0x2b,
    0xff, 0xf8, 0x41, 0xff, 0xc6, 0xff, 0xa0, 0xdf,
    0xff, 0xc2, 0x83, 0xff, 0x86, 0xff, 0xe8, 0x35,
    0xff, 0xfc, 0x28, 0x3f, 0xf8, 0xf, 0xff, 0xa0,
    0xef, 0xff, 0xe2, 0x7, 0xf3, 0xff, 0xfc, 0x8,
    0x3d, 0xff, 0xfc, 0x5a, 0xdf, 0xff, 0xc4, 0x83,
    0xef, 0xff, 0xe9, 0x17, 0xe8, 0x3f, 0x5f, 0xff,
    0xce, 0x81, 0x7e, 0x83, 0xfd, 0x7f, 0xff, 0x2a,
    0xd, 0x7e, 0x83, 0xff, 0x81, 0x7f, 0xff, 0x1a,
    0xf, 0x3f, 0x90, 0xff, 0xe1, 0xb4, 0xff, 0xd4,
    0x43, 0xfd, 0x7a, 0x0,

    /* U+0076 "v" */
    0xf, 0x37, 0xe4, 0x3f, 0xf9, 0xef, 0xa0, 0xf5,
    0xff, 0xc8, 0x7f, 0xf3, 0x7f, 0x41, 0xbf, 0xff,
    0x80, 0x87, 0xff, 0x2d, 0xfe, 0xa, 0xff, 0xfe,
    0x8, 0x7f, 0xf2, 0xef, 0xe0, 0x3f, 0xff, 0xc2,
    0x83, 0xff, 0x95, 0xfd, 0x2, 0xff, 0xfe, 0x18,
    0x7f, 0xf2, 0xbf, 0x90, 0x7f, 0xff, 0x10, 0x3f,
    0xf9, 0x5f, 0xc8, 0x3f, 0xff, 0x88, 0x87, 0xff,
    0x21, 0xfe, 0xb, 0xff, 0xf8, 0x90, 0x7f, 0xf2,
    0x2f, 0xe0, 0xbf, 0xff, 0x89, 0x7, 0xff, 0x22,
    0xfe, 0xb, 0xff, 0xf8, 0xa1, 0xff, 0xc8, 0xfe,
    0x82, 0xbf, 0xff, 0x88, 0x1f, 0xfc, 0x8f, 0xe4,
    0x27, 0xff, 0xf8, 0x88, 0x7f, 0xf1, 0x9f, 0xe0,
    0xef, 0xff, 0xe2, 0x21, 0xff, 0xc6, 0xbf, 0x83,
    0xbf, 0xff, 0x89, 0x7, 0xff, 0x1b, 0xfc, 0x1d,
    0x7f, 0xff, 0x10, 0x3f, 0xf8, 0xdf, 0xd0, 0x73,
    0xff, 0xfc, 0x40, 0xff, 0xe2, 0xbf, 0xc8, 0x7b,
    0xff, 0xf8, 0x88, 0x7f, 0xf1, 0x2f, 0xe0, 0xfa,
    0xff, 0xfe, 0x1c, 0x1f, 0xfc, 0x4f, 0xf0, 0x7c,
    0xff, 0xff, 0x10, 0x3f, 0xf8, 0x9f, 0xd0, 0x7e,
    0xff, 0xfe, 0x20, 0x7f, 0xf0, 0xdf, 0xe4, 0x3f,
    0x5f, 0xff, 0xc3, 0x43, 0xff, 0x85, 0x7f, 0x7,
    0xf3, 0xff, 0xfc, 0x38, 0x3f, 0xf8, 0x5f, 0xe0,
    0xff, 0x7f, 0xff, 0x10, 0x3f, 0xf8, 0x2f, 0xf4,
    0x1f, 0xe7, 0xff, 0xf8, 0x68, 0x7f, 0xf0, 0x2f,
    0xe0, 0xff, 0xe0, 0x7f, 0xff, 0xe, 0xf, 0xfe,
    0x7, 0xf8, 0x3f, 0xf8, 0x17, 0xff, 0xf0, 0xc3,
    0xfe, 0x7f, 0xa0, 0xff, 0xe0, 0xff, 0xff, 0xd,
    0xf, 0xf5, 0xfc, 0x1f, 0xfc, 0x2b, 0xff, 0xf8,
    0x61, 0xfe, 0xff, 0x7, 0xff, 0xf, 0xff, 0xf8,
    0x61, 0xfc, 0xff, 0x41, 0xff, 0xc3, 0xbf, 0xff,
    0x85, 0x7, 0xef, 0xf0, 0x7f, 0xf1, 0x7f, 0xff,
    0x86, 0x1f, 0xbf, 0xc1, 0xff, 0xc5, 0x7f, 0xff,
    0x84, 0x87, 0xaf, 0xe4, 0x3f, 0xf8, 0xdf, 0xff,
    0xc3, 0xf, 0x7f, 0x83, 0xff, 0x91, 0xff, 0xfc,
    0x24, 0x35, 0xfd, 0x7, 0xff, 0x22, 0xff, 0xfe,
    0x12, 0x7, 0xfc, 0x1f, 0xfc, 0xaf, 0xff, 0xe5,
    0xc1, 0xff, 0xcb, 0xff, 0xfe, 0x52, 0x1f, 0xfc,
    0xbb, 0xff, 0xf9, 0x21, 0xff, 0xcd, 0xbf, 0xff,
    0x8e, 0x87, 0xff, 0x3b, 0xff, 0xf8, 0xe1, 0xff,
    0xd0, 0xbf, 0xff, 0x88, 0x1f, 0xfd, 0x2b, 0xff,
    0xf8, 0x41, 0xff, 0xd5, 0xbf, 0xfd, 0x7, 0xff,
    0x62, 0xfe, 0x90, 0xff, 0xe2, 0x80,

    /* U+0077 "w" */
    0xf, 0xff, 0xfb, 0x7d, 0x21, 0xff, 0xcd, 0x58,
    0x3f, 0xf9, 0x8f, 0xa0, 0xe7, 0xff, 0x90, 0xff,
    0xe4, 0x3f, 0xf2, 0x1f, 0xfc, 0x9f, 0xd0, 0x4f,
    0xff, 0xc8, 0x7f, 0xf1, 0xaf, 0xff, 0x7, 0xff,
    0x1e, 0xfe, 0xb, 0xff, 0xf8, 0x21, 0xff, 0xc5,
    0xbf, 0xff, 0x80, 0x1f, 0xfc, 0x6b, 0xf8, 0xf,
    0xff, 0xf0, 0x83, 0xff, 0x89, 0xff, 0xfc, 0x18,
    0x3f, 0xf8, 0xbf, 0xe0, 0x7f, 0xff, 0xc, 0x3f,
    0xf8, 0x77, 0xff, 0xf0, 0x83, 0xff, 0x8b, 0xfd,
    0x3, 0xff, 0xf8, 0x68, 0x7f, 0xf0, 0xbf, 0xff,
    0x86, 0x87, 0xff, 0x13, 0xf9, 0x7, 0xff, 0xf0,
    0xe0, 0xff, 0xe1, 0x7f, 0xff, 0xe, 0xf, 0xfe,
    0x27, 0xf2, 0xf, 0xff, 0xe1, 0xc1, 0xff, 0xc2,
    0xff, 0xfe, 0x1c, 0x1f, 0xfc, 0x37, 0xf8, 0x2f,
    0xff, 0xe2, 0x7, 0xff, 0xb, 0xff, 0xf8, 0x81,
    0xff, 0xc3, 0xbf, 0x82, 0xff, 0xfe, 0x20, 0x7f,
    0xf0, 0xbf, 0xff, 0x88, 0x1f, 0xfc, 0x3b, 0xf8,
    0x2f, 0xff, 0xe2, 0x7, 0xff, 0xa, 0xff, 0xfe,
    0x18, 0x7f, 0xf0, 0xff, 0xa0, 0xaf, 0xff, 0xe1,
    0x87, 0xff, 0xa, 0xff, 0xfe, 0x1a, 0x1f, 0xfc,
    0x2f, 0xe8, 0x27, 0xff, 0xf8, 0x61, 0xff, 0xc2,
    0x7f, 0xff, 0x86, 0x87, 0xff, 0xb, 0xf9, 0x9,
    0xff, 0xfe, 0x1a, 0x1f, 0xfc, 0x2f, 0xff, 0xe1,
    0xc1, 0xff, 0xc1, 0x7f, 0x83, 0xbf, 0xff, 0x86,
    0x87, 0xff, 0xb, 0xff, 0xf8, 0x70, 0x7f, 0xf0,
    0x6f, 0xe0, 0xef, 0xff, 0xe1, 0xc1, 0xff, 0xc1,
    0x7f, 0xff, 0x88, 0x1f, 0xfc, 0x1f, 0xf0, 0x75,
    0xff, 0xfc, 0x30, 0xff, 0xe0, 0xdf, 0xff, 0xc4,
    0xf, 0xfe, 0xf, 0xf4, 0x1c, 0xff, 0xff, 0xc,
    0x3f, 0xf8, 0x3f, 0xff, 0xc5, 0x43, 0xff, 0x81,
    0xfc, 0x87, 0xbf, 0xff, 0x86, 0x1f, 0xfc, 0x1f,
    0xff, 0xe2, 0xa1, 0xff, 0x3f, 0xc1, 0xf7, 0xff,
    0xf0, 0xd0, 0xff, 0xe0, 0x7f, 0xff, 0x16, 0xf,
    0xfa, 0xfe, 0xf, 0x9f, 0xff, 0xe1, 0x41, 0xff,
    0x5f, 0xff, 0xc6, 0xf, 0xfb, 0xfc, 0x1f, 0xbf,
    0xff, 0x85, 0x7, 0xfd, 0xff, 0xfc, 0x70, 0xff,
    0xbf, 0xa0, 0xfd, 0xff, 0xfc, 0x30, 0xff, 0xbf,
    0xff, 0x8e, 0x87, 0xf3, 0xfc, 0x87, 0xe7, 0xff,
    0xf8, 0x41, 0xfe, 0x7f, 0xff, 0x8e, 0x87, 0xf5,
    0xfc, 0x1f, 0xef, 0xff, 0xe1, 0x21, 0xfd, 0x7f,
    0xff, 0x1e, 0xf, 0xef, 0xf0, 0x7f, 0xaf, 0xff,
    0xe0, 0xc1, 0xfd, 0xfe, 0x7f, 0xff, 0x84, 0x1f,
    0xdf, 0xd0, 0x7f, 0xdf, 0xff, 0xc2, 0xf, 0xcf,
    0xf2, 0x7f, 0xff, 0x8, 0x3f, 0x3f, 0xc1, 0xff,
    0xc0, 0xff, 0xfe, 0x10, 0x7e, 0xbf, 0x81, 0x7f,
    0xff, 0x5, 0xf, 0xaf, 0xe0, 0xff, 0xe0, 0x3f,
    0xff, 0xc1, 0x43, 0xef, 0xf0, 0x1f, 0xff, 0xe0,
    0xc1, 0xf7, 0xf4, 0x1f, 0xfc, 0x1f, 0xff, 0xe1,
    0x7, 0x9f, 0xe4, 0x2f, 0xff, 0xe1, 0x7, 0x9f,
    0xe4, 0x3f, 0xf8, 0x37, 0xff, 0xf0, 0x43, 0xdf,
    0xe0, 0xcf, 0xff, 0xf0, 0x50, 0xeb, 0xf8, 0x3f,
    0xf8, 0x7f, 0xff, 0xc1, 0x43, 0xbf, 0xa0, 0xef,
    0xff, 0xe0, 0xc1, 0xdf, 0xd0, 0x7f, 0xf0, 0xef,
    0xff, 0xe0, 0x86, 0xbf, 0x90, 0xe7, 0xff, 0xf8,
    0x21, 0x9f, 0xe4, 0x3f, 0xf8, 0x9f, 0xff, 0xc1,
    0x42, 0xff, 0x7, 0xdf, 0xff, 0xc1, 0x42, 0xff,
    0x7, 0xff, 0x15, 0xff, 0xfe, 0x8, 0x2f, 0xe4,
    0x3e, 0x7f, 0xff, 0x82, 0x7, 0xfa, 0xf, 0xfe,
    0x37, 0xff, 0xf2, 0x43, 0xfb, 0xff, 0xf9, 0x21,
    0xff, 0xc7, 0x7f, 0xff, 0x8f, 0x7, 0xfb, 0xff,
    0xf8, 0xf0, 0x7f, 0xf2, 0x2f, 0xff, 0xe3, 0x7,
    0xfd, 0x7f, 0xff, 0x19, 0xf, 0xfe, 0x4f, 0xff,
    0xf1, 0x60, 0xff, 0xe0, 0x7f, 0xff, 0x18, 0x3f,
    0xf9, 0x7f, 0xff, 0xc4, 0xf, 0xfe, 0x17, 0xff,
    0xf1, 0x10, 0xff, 0xe5, 0xbf, 0xff, 0xc2, 0x43,
    0xff, 0x87, 0xff, 0xfc, 0x28, 0x3f, 0xf9, 0xdf,
    0xff, 0xc0, 0x43, 0xff, 0x8b, 0xff, 0xfc, 0x10,
    0xff, 0xe8, 0x5f, 0xfc, 0x1f, 0xfc, 0x87, 0xff,
    0xa0, 0xff, 0xe9, 0xb7, 0xd2, 0x1f, 0xfc, 0xb6,
    0xfd, 0x7, 0xff, 0xc,

    /* U+0078 "x" */
    0xf, 0xfe, 0x9b, 0x7e, 0x83, 0xff, 0xae, 0xff,
    0xf2, 0x1f, 0xaa, 0xf, 0xfe, 0x4d, 0xff, 0xf4,
    0x1e, 0xfe, 0xf, 0xfe, 0x3f, 0xff, 0xf0, 0x90,
    0xcf, 0xf9, 0xf, 0xfe, 0x27, 0xff, 0xf1, 0x3,
    0xbf, 0xe4, 0x3f, 0xf8, 0x5f, 0xff, 0xc5, 0xe,
    0x7f, 0xe4, 0x3f, 0xf8, 0x1f, 0xff, 0xc6, 0x43,
    0x9f, 0xfa, 0xf, 0xf7, 0xff, 0xf1, 0xd0, 0xf3,
    0xff, 0x41, 0xfb, 0xff, 0xf9, 0x8, 0x7e, 0xff,
    0xc1, 0xef, 0xff, 0xe4, 0x87, 0xfb, 0xff, 0x6,
    0xff, 0xfe, 0x50, 0x7f, 0xd7, 0xfc, 0xb, 0xff,
    0xf9, 0x30, 0x7f, 0xf0, 0x2f, 0xfa, 0xff, 0xfe,
    0x50, 0x7f, 0xf0, 0xaf, 0xff, 0xe8, 0x41, 0xff,
    0xc3, 0x7f, 0xff, 0x9e, 0x1f, 0xfc, 0x57, 0xff,
    0xf9, 0xa8, 0x7f, 0xf1, 0xaf, 0xff, 0xe6, 0x7,
    0xff, 0x1f, 0xff, 0xf9, 0x81, 0xff, 0xc7, 0xff,
    0xfe, 0x62, 0x1f, 0xfc, 0x6f, 0xff, 0xe6, 0x41,
    0xff, 0xc6, 0xbf, 0xff, 0x98, 0x1f, 0xfc, 0x67,
    0xff, 0xf9, 0x88, 0x7f, 0xf1, 0xbf, 0xff, 0x99,
    0x7, 0xff, 0x1b, 0xff, 0xf9, 0x90, 0x7f, 0xf1,
    0xaf, 0xff, 0xe6, 0x7, 0xff, 0x1a, 0xff, 0xfe,
    0x60, 0x7f, 0xf1, 0xff, 0xff, 0x9a, 0x1f, 0xfc,
    0x6f, 0xff, 0xe7, 0x41, 0xff, 0xc4, 0xbf, 0xff,
    0x9e, 0x87, 0xff, 0x9, 0xff, 0xfe, 0x8a, 0x1f,
    0xfc, 0x1f, 0xff, 0xe5, 0xdf, 0xf0, 0x7f, 0xf0,
    0x2f, 0xff, 0xe5, 0x83, 0xfe, 0xf, 0xf3, 0xff,
    0xfc, 0xb0, 0xdf, 0xf0, 0x7f, 0x7f, 0xff, 0x2c,
    0x3d, 0xfe, 0x83, 0xe7, 0xff, 0xf9, 0x41, 0xf3,
    0xfe, 0x43, 0xdf, 0xff, 0xca, 0xf, 0xeb, 0xfc,
    0x1e, 0xff, 0xfe, 0x48, 0x7f, 0xd7, 0xf8, 0x3b,
    0xff, 0xf9, 0x1, 0xff, 0xc1, 0xff, 0x83, 0x7f,
    0xff, 0x1c, 0x3f, 0xf8, 0x7f, 0xe8, 0x2f, 0xff,
    0xe3, 0x7, 0xff, 0x11, 0xff, 0x20, 0xbf, 0xff,
    0x87, 0x7, 0xff, 0x1a, 0xff, 0x5, 0xff, 0xfc,
    0x28, 0x3f, 0xf9, 0x1f, 0xe8, 0xf, 0xff, 0xf0,
    0x10, 0xff, 0xe5, 0x7f, 0x82, 0x7f, 0xfa, 0xf,
    0xfe, 0x63, 0xfa, 0xe, 0x6f, 0xd0, 0x7f, 0xf3,
    0xdf, 0x40,

    /* U+0079 "y" */
    0xf, 0x5f, 0xa4, 0x3f, 0xf9, 0xdf, 0x21, 0xd7,
    0xff, 0x21, 0xff, 0xcb, 0xfe, 0xd, 0xff, 0xfc,
    0x8, 0x3f, 0xf9, 0x2f, 0xf2, 0xb, 0xff, 0xf8,
    0x30, 0x7f, 0xf2, 0x3f, 0xc0, 0x7f, 0xff, 0x86,
    0x87, 0xff, 0x1f, 0xfc, 0xb, 0xff, 0xf8, 0x81,
    0xff, 0xc6, 0x7f, 0xa0, 0x7f, 0xff, 0x16, 0xf,
    0xfe, 0x2d, 0xfc, 0x17, 0xff, 0xf1, 0x83, 0xff,
    0x8b, 0xfe, 0xb, 0xff, 0xf8, 0xe1, 0xff, 0xc3,
    0x7f, 0x90, 0xbf, 0xff, 0x8e, 0x87, 0xff, 0xa,
    0xfe, 0xd, 0xff, 0xfc, 0x80, 0xff, 0xe1, 0x7f,
    0x83, 0x5f, 0xff, 0xc7, 0x43, 0xff, 0x80, 0xff,
    0x21, 0x9f, 0xff, 0xe4, 0x7, 0xff, 0x3, 0xfc,
    0x1e, 0xff, 0xfe, 0x42, 0x1f, 0xf7, 0xf4, 0x1e,
    0xbf, 0xff, 0x90, 0x1f, 0xeb, 0xf9, 0xf, 0xbf,
    0xff, 0x90, 0x1f, 0xef, 0xf0, 0x7e, 0xff, 0xfe,
    0x44, 0x1f, 0xdf, 0xd0, 0x7e, 0x7f, 0xff, 0x90,
    0x1f, 0xaf, 0xe0, 0xff, 0x7f, 0xff, 0x21, 0xf,
    0xbf, 0xc1, 0xfe, 0xbf, 0xff, 0x90, 0x1e, 0x7f,
    0x90, 0xff, 0xbf, 0xff, 0x90, 0x87, 0x7f, 0x83,
    0xff, 0x81, 0x7f, 0xff, 0x1e, 0xe, 0xfe, 0x83,
    0xff, 0x80, 0xff, 0xff, 0x20, 0x35, 0xfc, 0x1f,
    0xfc, 0x2f, 0xff, 0xe4, 0x21, 0x7f, 0x83, 0xff,
    0x87, 0xff, 0xfc, 0x80, 0x5f, 0xc8, 0x7f, 0xf0,
    0xef, 0xff, 0xe3, 0x83, 0xfc, 0x1f, 0xfc, 0x5f,
    0xff, 0xe3, 0xab, 0xfa, 0xf, 0xfe, 0x2d, 0xff,
    0xfc, 0x6b, 0xfc, 0x1f, 0xfc, 0x7f, 0xff, 0xe6,
    0x41, 0xff, 0xc7, 0x7f, 0xff, 0x96, 0x1f, 0xfc,
    0x9f, 0xff, 0xe5, 0x41, 0xff, 0xca, 0xff, 0xfe,
    0x4a, 0x1f, 0xfc, 0xab, 0xff, 0xf9, 0x1, 0xff,
    0xcc, 0xff, 0xfe, 0x3a, 0x1f, 0xfc, 0xdf, 0xff,
    0xe3, 0x7, 0xff, 0x3e, 0xff, 0xcf, 0xf9, 0xf,
    0xfe, 0x8b, 0x7a, 0x47, 0xfc, 0x1f, 0xfd, 0x9f,
    0xf2, 0x1f, 0xfd, 0x8b, 0xfc, 0x1f, 0xfd, 0x9f,
    0xf0, 0x7f, 0xf6, 0x6f, 0xe8, 0x3f, 0xfb, 0xf,
    0xf8, 0x3f, 0xfb, 0x3f, 0xe4, 0x3f, 0xfb, 0x17,
    0xf8, 0x3f, 0xfb, 0xf, 0xf9, 0xf, 0xfe, 0xc7,
    0xfa, 0xf, 0xfe, 0xc5, 0xfe, 0xf, 0xfe, 0xc3,
    0xfe, 0x43, 0xff, 0xb1, 0xfe, 0x83, 0xff, 0xb1,
    0xff, 0x7, 0xff, 0x62, 0xff, 0x21, 0xff, 0xd7,
    0x7f, 0xd0, 0x7f, 0xf6, 0x3f, 0xe0, 0xff, 0xec,
    0x7f, 0xc1, 0xff, 0xd8, 0xbf, 0xc8, 0x7f, 0xf6,
    0x3f, 0xd0, 0x7f, 0xf6, 0x5f, 0xe0, 0xff, 0xed,
    0xbe, 0x83, 0xff, 0xa0,

    /* U+007A "z" */
    0xf, 0xfe, 0x2a, 0xaa, 0xff, 0xf4, 0x87, 0xff,
    0x21, 0xa7, 0xff, 0xf2, 0x50, 0xff, 0xe0, 0xb7,
    0xff, 0xf3, 0xe0, 0xfe, 0x7f, 0xff, 0xaa, 0x1f,
    0x7f, 0xff, 0x60, 0x3b, 0xff, 0xfb, 0x28, 0x57,
    0xff, 0xf6, 0x80, 0xff, 0xff, 0x6c, 0x17, 0xff,
    0xf6, 0xc1, 0xff, 0xfd, 0xc4, 0xff, 0xfe, 0xe2,
    0x7f, 0xff, 0x70, 0x1f, 0xff, 0xdc, 0x7, 0xff,
    0xf7, 0x1, 0x7f, 0xff, 0x69, 0xb, 0xff, 0xfb,
    0x41, 0x9f, 0xff, 0xe2, 0xd1, 0x40, 0x7f, 0xff,
    0x81, 0x7, 0x3f, 0xfe, 0x94, 0x1f, 0xef, 0xff,
    0xe0, 0x7, 0xe6, 0xfa, 0x43, 0xff, 0x84, 0xff,
    0xfc, 0x1f, 0xfd, 0x7, 0xff, 0xe4, 0x3f, 0xfa,
    0x1f, 0xff, 0x41, 0xff, 0xd0, 0xbf, 0xfd, 0x7,
    0xff, 0x42, 0xff, 0xf9, 0xf, 0xfe, 0x7b, 0xff,
    0xf2, 0x1f, 0xfd, 0xb, 0xff, 0xd0, 0x7f, 0xf4,
    0x1f, 0xff, 0x83, 0xff, 0xa3, 0x7f, 0xf9, 0xf,
    0xfe, 0x8f, 0xff, 0xa0, 0xff, 0xe8, 0xbf, 0xfe,
    0xf, 0xfe, 0x95, 0xff, 0xc8, 0x7f, 0xf4, 0xaf,
    0xfe, 0xf, 0xfe, 0x9d, 0xff, 0xa0, 0xff, 0xe9,
    0xff, 0xf0, 0x7f, 0xf5, 0x3f, 0xf4, 0x1f, 0xfd,
    0x4f, 0xfc, 0x87, 0xff, 0x52, 0xff, 0x90, 0xff,
    0xea, 0xff, 0xc1, 0xff, 0xcd, 0x6a, 0xe, 0x7f,
    0xd0, 0x7f, 0xf2, 0x5b, 0xfe, 0xc, 0xff, 0x90,
    0xff, 0xe2, 0x2a, 0xff, 0xf9, 0x9, 0xff, 0x83,
    0xfc, 0xaa, 0x7f, 0xff, 0x11, 0x9, 0xff, 0xfe,
    0xc8, 0x77, 0xff, 0xf5, 0xe0, 0xf5, 0xff, 0xfd,
    0x29, 0xf, 0xf5, 0xff, 0xfc, 0xc9, 0x41, 0xff,
    0xc4, 0x6f, 0xff, 0xe0, 0x54, 0xa0, 0xff, 0xf7,
    0x80,

    /* U+007B "{" */
    0xf, 0xfe, 0x2a, 0xf0, 0x7f, 0xf2, 0x1b, 0xff,
    0x41, 0xff, 0xc5, 0xff, 0xfe, 0xa, 0x1f, 0xfc,
    0x17, 0xff, 0xf8, 0x68, 0x7f, 0xf0, 0x3f, 0xff,
    0x8a, 0x1f, 0xf7, 0xff, 0xf1, 0xa0, 0xfe, 0xbf,
    0xff, 0x8e, 0x1f, 0xdf, 0xff, 0xc8, 0xf, 0xcf,
    0xff, 0xf2, 0x10, 0xfb, 0xff, 0xf9, 0x28, 0x7d,
    0xff, 0xfc, 0x94, 0x3e, 0xff, 0xfe, 0x48, 0x7c,
    0xff, 0xff, 0x24, 0x3e, 0x7f, 0xff, 0x91, 0x7,
    0xd7, 0xff, 0xf2, 0x10, 0xfa, 0xff, 0xfe, 0x3c,
    0x1f, 0xaf, 0xff, 0xe3, 0x87, 0xf5, 0xff, 0xfc,
    0x60, 0xff, 0x5f, 0xf4, 0x81, 0x55, 0x21, 0xff,
    0x5f, 0xe4, 0x3f, 0xf9, 0x2f, 0xf8, 0x3f, 0xf9,
    0x4f, 0xf4, 0x1f, 0xfc, 0xbf, 0xe8, 0x3f, 0xf9,
    0x7f, 0xc8, 0x7f, 0xf2, 0xff, 0x90, 0xff, 0xe5,
    0xff, 0x21, 0xff, 0xcb, 0xbf, 0x41, 0xff, 0xcb,
    0x7f, 0x41, 0xff, 0xcb, 0x7f, 0x83, 0xff, 0x99,
    0xfc, 0x1f, 0xfc, 0xcf, 0xe0, 0xff, 0xe6, 0x5f,
    0x90, 0xff, 0xe5, 0xdf, 0x90, 0xff, 0xe5, 0xdf,
    0x90, 0xff, 0xe5, 0xdf, 0x90, 0xff, 0xe5, 0xff,
    0x7, 0xff, 0x2d, 0xfd, 0x7, 0xff, 0x25, 0xbf,
    0x83, 0xff, 0x8c, 0xff, 0xf2, 0x1f, 0xfc, 0x6f,
    0xfe, 0xf, 0xfe, 0x47, 0xff, 0x41, 0xff, 0xc7,
    0xff, 0xf9, 0xf, 0xfe, 0x2b, 0xff, 0xf0, 0x7f,
    0xf2, 0x15, 0xff, 0x41, 0xff, 0xca, 0x7f, 0xc1,
    0xff, 0xcb, 0xbf, 0x90, 0xff, 0xe5, 0xff, 0x21,
    0xff, 0xcb, 0xfe, 0x83, 0xff, 0x97, 0xfd, 0x7,
    0xff, 0x2f, 0xf9, 0xf, 0xfe, 0x5f, 0xf0, 0x7f,
    0xf3, 0x3f, 0x83, 0xff, 0x96, 0xff, 0x7, 0xff,
    0x2d, 0xfd, 0x7, 0xff, 0x2e, 0xfc, 0x87, 0xff,
    0x2f, 0xf9, 0xf, 0xfe, 0x5f, 0xf0, 0x7f, 0xf3,
    0x3f, 0x83, 0xff, 0x99, 0xfc, 0x1f, 0xfc, 0xcf,
    0xe0, 0xff, 0xe6, 0x7f, 0x7, 0xff, 0x33, 0xf8,
    0x3f, 0xf9, 0x9f, 0xc1, 0xff, 0xcc, 0xfe, 0xf,
    0xfe, 0x67, 0xf2, 0x1f, 0xfc, 0xbb, 0xf4, 0x1f,
    0xfc, 0xbb, 0xf8, 0x3f, 0xf9, 0x9f, 0xe0, 0xfe,
    0x68, 0x1f, 0xf7, 0xfe, 0x95, 0x4f, 0xf0, 0x7f,
    0x9f, 0xff, 0xe3, 0x7, 0xfd, 0xff, 0xfc, 0x60,
    0xff, 0xe0, 0x7f, 0xff, 0x12, 0xf, 0xfe, 0xd,
    0xff, 0xfc, 0x14, 0x3f, 0xf8, 0x94, 0xfe, 0x94,
    0x1c,

    /* U+007C "|" */
    0x2, 0x83, 0xbf, 0x4, 0xfe, 0x81, 0x7f, 0x1,
    0xfe, 0x3, 0xfc, 0x7, 0xf8, 0x2f, 0xe0, 0xbf,
    0x82, 0xfe, 0xb, 0xf8, 0x2f, 0xe4, 0x1f, 0xc8,
    0x3f, 0x90, 0x7f, 0x20, 0xfe, 0x81, 0x7e, 0x81,
    0x7e, 0x81, 0x7e, 0x81, 0x7e, 0x81, 0x7e, 0x81,
    0x7f, 0x1, 0xfe, 0x3, 0xfc, 0x7, 0xf8, 0xf,
    0xf0, 0x1f, 0xe0, 0x3f, 0xc0, 0x7f, 0x80, 0xff,
    0x1, 0xfe, 0x3, 0xfc, 0x17, 0xf0, 0x5f, 0xc1,
    0x7f, 0x5, 0xfc, 0x17, 0xf0, 0x5f, 0xc1, 0x7f,
    0x5, 0xfc, 0x17, 0xf0, 0x5f, 0xc1, 0x7f, 0x5,
    0xfc, 0x17, 0xf0, 0x5f, 0xc1, 0x7f, 0x5, 0xfc,
    0x17, 0xf0, 0x5f, 0xc1, 0x7f, 0x5, 0xfc, 0x17,
    0xf0, 0x5f, 0xc1, 0x7f, 0x5, 0xfc, 0x7, 0xf8,
    0xf, 0xf0, 0x1f, 0xe0, 0x3f, 0xc0, 0x7f, 0x80,
    0xff, 0x1, 0xfe, 0x3, 0xfc, 0x7, 0xf8, 0xf,
    0xf0, 0x1f, 0xe0, 0x5f, 0xc0, 0xbf, 0x40, 0xbf,
    0x40, 0xbf, 0x40, 0xbf, 0x40, 0x7f, 0x21, 0x3e,
    0x80,

    /* U+007D "}" */
    0xf, 0x97, 0x83, 0xff, 0x90, 0xff, 0xf4, 0x1f,
    0xfc, 0x4f, 0xff, 0xe0, 0xa1, 0xff, 0xc1, 0xff,
    0xfe, 0x1c, 0x1f, 0xf5, 0xff, 0xfc, 0x48, 0x3f,
    0xdf, 0xff, 0xc6, 0x43, 0xf3, 0xff, 0xfc, 0x70,
    0xfd, 0x7f, 0xff, 0x1d, 0xf, 0xbf, 0xff, 0x92,
    0x1f, 0x7f, 0xff, 0x24, 0x3e, 0xff, 0xfe, 0x4a,
    0x1e, 0xbf, 0xff, 0x91, 0x7, 0xaf, 0xff, 0xe4,
    0x87, 0xdf, 0xff, 0xc9, 0xf, 0xbf, 0xff, 0x92,
    0x1f, 0xbf, 0xff, 0x90, 0x1f, 0xaf, 0xff, 0xe3,
    0x87, 0xf5, 0xff, 0xfc, 0x60, 0xff, 0xaa, 0x50,
    0x4f, 0xfe, 0xf, 0xfe, 0x4f, 0xfc, 0x1f, 0xfc,
    0x9b, 0xfc, 0x1f, 0xfc, 0x97, 0xfc, 0x1f, 0xfc,
    0xaf, 0xe8, 0x3f, 0xf9, 0x5f, 0xd0, 0x7f, 0xf2,
    0xbf, 0x90, 0xff, 0xe5, 0x7f, 0x7, 0xff, 0x2f,
    0xf8, 0x3f, 0xf9, 0x7f, 0xc1, 0xff, 0xca, 0x7f,
    0x41, 0xff, 0xca, 0xbf, 0x41, 0xff, 0xca, 0xbf,
    0x21, 0xff, 0xca, 0xfe, 0xf, 0xfe, 0x5f, 0xf0,
    0x7f, 0xf2, 0xff, 0x83, 0xff, 0x97, 0xfc, 0x1f,
    0xfc, 0xbb, 0xf2, 0x1f, 0xfc, 0xa7, 0xf8, 0x3f,
    0xf9, 0x7f, 0xe9, 0xf, 0xfe, 0x43, 0xff, 0xe0,
    0xff, 0xe3, 0x3f, 0xfd, 0x7, 0xff, 0x1a, 0xff,
    0xd0, 0x7f, 0xf1, 0x1f, 0xff, 0x21, 0xff, 0xc3,
    0x7f, 0xfc, 0x87, 0xff, 0x13, 0xfe, 0x90, 0xff,
    0xe3, 0x3f, 0xe0, 0xff, 0xe4, 0xff, 0x83, 0xff,
    0x95, 0xfd, 0x7, 0xff, 0x2b, 0xf9, 0xf, 0xfe,
    0x57, 0xf0, 0x7f, 0xf2, 0xff, 0x83, 0xff, 0x97,
    0xfc, 0x87, 0xff, 0x2a, 0xfd, 0x7, 0xff, 0x29,
    0xfd, 0x7, 0xff, 0x2f, 0xf8, 0x3f, 0xf9, 0x7f,
    0xc1, 0xff, 0xcb, 0xfe, 0xf, 0xfe, 0x5f, 0xf2,
    0x1f, 0xfc, 0xab, 0xf2, 0x1f, 0xfc, 0xab, 0xf4,
    0x1f, 0xfc, 0xab, 0xf4, 0x1f, 0xfc, 0xab, 0xf4,
    0x1f, 0xfc, 0xab, 0xf4, 0x1f, 0xfc, 0xab, 0xf4,
    0x1f, 0xfc, 0xaf, 0xe4, 0x3f, 0xf9, 0x5f, 0xc8,
    0x7f, 0xf2, 0xbf, 0x83, 0xff, 0x95, 0x7f, 0x7,
    0xf3, 0x44, 0x3f, 0x5f, 0xd0, 0x7e, 0x7f, 0xa8,
    0xb5, 0xff, 0x21, 0xfa, 0xff, 0xfe, 0x30, 0x7f,
    0x5f, 0xff, 0xc5, 0xf, 0xfb, 0xff, 0xf8, 0x88,
    0x7f, 0xf0, 0x2f, 0xff, 0xe0, 0xa1, 0xff, 0xc4,
    0x6f, 0xf4, 0x87, 0xff, 0x4,

    /* U+007E "~" */
    0xf, 0xf2, 0xf0, 0x7f, 0xf6, 0x6f, 0xfc, 0x87,
    0xff, 0x52, 0xff, 0xfe, 0x4, 0x1f, 0xfd, 0x1f,
    0xff, 0xe2, 0x21, 0xff, 0xc6, 0x50, 0x7b, 0xff,
    0xf8, 0xd0, 0x7f, 0xf1, 0x3f, 0x21, 0x5f, 0xff,
    0xc8, 0xf, 0xfe, 0x13, 0xfc, 0x7, 0xff, 0xf9,
    0x48, 0x7f, 0xf0, 0x3f, 0xc0, 0xff, 0xfe, 0x64,
    0x1f, 0xe7, 0xf9, 0x1f, 0xff, 0xe7, 0x7, 0xf7,
    0xf8, 0x1f, 0xff, 0xd0, 0x43, 0xdf, 0xe8, 0x7f,
    0xff, 0x8b, 0x57, 0xff, 0x48, 0xdf, 0xf0, 0x2f,
    0xff, 0xe1, 0x87, 0xaf, 0xff, 0xe3, 0x40, 0xff,
    0xfe, 0x18, 0x7e, 0x7f, 0xff, 0x8a, 0x17, 0xff,
    0xf0, 0x90, 0xff, 0x5f, 0xff, 0xc2, 0x42, 0xff,
    0xfe, 0x10, 0x7f, 0xf0, 0x1f, 0xff, 0xe0, 0x21,
    0xaf, 0xff, 0xe0, 0x21, 0xff, 0xc2, 0xbf, 0xf9,
    0xf, 0x7f, 0xfd, 0x7, 0xff, 0x15, 0xfd, 0x21,
    0xf9, 0xff, 0xf0, 0x7f, 0xf5, 0xef, 0xf2, 0x1f,
    0xfd, 0xa5, 0xc1, 0xff, 0xd7,

    /* U+007F "" */

};


/*---------------------
 *  GLYPH DESCRIPTION
 *--------------------*/

static const lv_font_fmt_txt_glyph_dsc_t glyph_dsc[] = {
    {.bitmap_index = 0, .adv_w = 0, .box_w = 0, .box_h = 0, .ofs_x = 0, .ofs_y = 0} /* id = 0 reserved */,
    {.bitmap_index = 0, .adv_w = 378, .box_w = 0, .box_h = 0, .ofs_x = 0, .ofs_y = 0},
    {.bitmap_index = 0, .adv_w = 443, .box_w = 18, .box_h = 63, .ofs_x = 5, .ofs_y = -6},
    {.bitmap_index = 206, .adv_w = 515, .box_w = 20, .box_h = 22, .ofs_x = 6, .ofs_y = 35},
    {.bitmap_index = 298, .adv_w = 847, .box_w = 47, .box_h = 61, .ofs_x = 3, .ofs_y = -4},
    {.bitmap_index = 699, .adv_w = 832, .box_w = 44, .box_h = 77, .ofs_x = 4, .ofs_y = -12},
    {.bitmap_index = 1140, .adv_w = 1280, .box_w = 72, .box_h = 61, .ofs_x = 4, .ofs_y = -4},
    {.bitmap_index = 1761, .adv_w = 1106, .box_w = 57, .box_h = 61, .ofs_x = 6, .ofs_y = -4},
    {.bitmap_index = 2258, .adv_w = 321, .box_w = 8, .box_h = 22, .ofs_x = 6, .ofs_y = 35},
    {.bitmap_index = 2299, .adv_w = 480, .box_w = 22, .box_h = 73, .ofs_x = 6, .ofs_y = -17},
    {.bitmap_index = 2598, .adv_w = 480, .box_w = 23, .box_h = 73, .ofs_x = 2, .ofs_y = -17},
    {.bitmap_index = 2911, .adv_w = 593, .box_w = 31, .box_h = 28, .ofs_x = 3, .ofs_y = 29},
    {.bitmap_index = 3058, .adv_w = 906, .box_w = 45, .box_h = 46, .ofs_x = 6, .ofs_y = 4},
    {.bitmap_index = 3241, .adv_w = 421, .box_w = 17, .box_h = 28, .ofs_x = 5, .ofs_y = -17},
    {.bitmap_index = 3332, .adv_w = 627, .box_w = 33, .box_h = 7, .ofs_x = 3, .ofs_y = 24},
    {.bitmap_index = 3362, .adv_w = 426, .box_w = 17, .box_h = 17, .ofs_x = 5, .ofs_y = -5},
    {.bitmap_index = 3416, .adv_w = 495, .box_w = 27, .box_h = 69, .ofs_x = 2, .ofs_y = -12},
    {.bitmap_index = 3687, .adv_w = 838, .box_w = 47, .box_h = 59, .ofs_x = 3, .ofs_y = -4},
    {.bitmap_index = 4094, .adv_w = 838, .box_w = 39, .box_h = 60, .ofs_x = 3, .ofs_y = -4},
    {.bitmap_index = 4383, .adv_w = 838, .box_w = 45, .box_h = 59, .ofs_x = 4, .ofs_y = -4},
    {.bitmap_index = 4692, .adv_w = 838, .box_w = 45, .box_h = 59, .ofs_x = 3, .ofs_y = -4},
    {.bitmap_index = 4983, .adv_w = 838, .box_w = 49, .box_h = 59, .ofs_x = 2, .ofs_y = -4},
    {.bitmap_index = 5368, .adv_w = 838, .box_w = 46, .box_h = 59, .ofs_x = 3, .ofs_y = -4},
    {.bitmap_index = 5671, .adv_w = 838, .box_w = 46, .box_h = 59, .ofs_x = 3, .ofs_y = -4},
    {.bitmap_index = 6047, .adv_w = 838, .box_w = 47, .box_h = 59, .ofs_x = 2, .ofs_y = -4},
    {.bitmap_index = 6307, .adv_w = 838, .box_w = 45, .box_h = 59, .ofs_x = 4, .ofs_y = -4},
    {.bitmap_index = 6669, .adv_w = 838, .box_w = 47, .box_h = 59, .ofs_x = 3, .ofs_y = -4},
    {.bitmap_index = 7009, .adv_w = 426, .box_w = 17, .box_h = 44, .ofs_x = 5, .ofs_y = -4},
    {.bitmap_index = 7119, .adv_w = 426, .box_w = 17, .box_h = 56, .ofs_x = 5, .ofs_y = -16},
    {.bitmap_index = 7267, .adv_w = 887, .box_w = 44, .box_h = 44, .ofs_x = 6, .ofs_y = 5},
    {.bitmap_index = 7503, .adv_w = 905, .box_w = 45, .box_h = 32, .ofs_x = 6, .ofs_y = 10},
    {.bitmap_index = 7627, .adv_w = 887, .box_w = 44, .box_h = 44, .ofs_x = 6, .ofs_y = 5},
    {.bitmap_index = 7864, .adv_w = 764, .box_w = 38, .box_h = 62, .ofs_x = 5, .ofs_y = -5},
    {.bitmap_index = 8152, .adv_w = 1149, .box_w = 60, .box_h = 61, .ofs_x = 6, .ofs_y = -4},
    {.bitmap_index = 8717, .adv_w = 1007, .box_w = 59, .box_h = 62, .ofs_x = 2, .ofs_y = -5},
    {.bitmap_index = 9195, .adv_w = 923, .box_w = 53, .box_h = 61, .ofs_x = 2, .ofs_y = -4},
    {.bitmap_index = 9607, .adv_w = 906, .box_w = 52, .box_h = 61, .ofs_x = 2, .ofs_y = -4},
    {.bitmap_index = 9946, .adv_w = 1006, .box_w = 58, .box_h = 61, .ofs_x = 2, .ofs_y = -4},
    {.bitmap_index = 10365, .adv_w = 877, .box_w = 50, .box_h = 60, .ofs_x = 2, .ofs_y = -4},
    {.bitmap_index = 10659, .adv_w = 877, .box_w = 50, .box_h = 60, .ofs_x = 2, .ofs_y = -4},
    {.bitmap_index = 10925, .adv_w = 954, .box_w = 55, .box_h = 61, .ofs_x = 2, .ofs_y = -4},
    {.bitmap_index = 11342, .adv_w = 925, .box_w = 53, .box_h = 61, .ofs_x = 2, .ofs_y = -4},
    {.bitmap_index = 11777, .adv_w = 689, .box_w = 39, .box_h = 61, .ofs_x = 2, .ofs_y = -4},
    {.bitmap_index = 12030, .adv_w = 689, .box_w = 39, .box_h = 61, .ofs_x = 2, .ofs_y = -4},
    {.bitmap_index = 12299, .adv_w = 923, .box_w = 53, .box_h = 61, .ofs_x = 2, .ofs_y = -4},
    {.bitmap_index = 12797, .adv_w = 754, .box_w = 43, .box_h = 61, .ofs_x = 2, .ofs_y = -4},
    {.bitmap_index = 13145, .adv_w = 1183, .box_w = 70, .box_h = 61, .ofs_x = 2, .ofs_y = -4},
    {.bitmap_index = 13814, .adv_w = 928, .box_w = 54, .box_h = 61, .ofs_x = 2, .ofs_y = -4},
    {.bitmap_index = 14364, .adv_w = 989, .box_w = 57, .box_h = 61, .ofs_x = 2, .ofs_y = -4},
    {.bitmap_index = 14800, .adv_w = 900, .box_w = 52, .box_h = 61, .ofs_x = 2, .ofs_y = -4},
    {.bitmap_index = 15168, .adv_w = 989, .box_w = 57, .box_h = 75, .ofs_x = 2, .ofs_y = -18},
    {.bitmap_index = 15712, .adv_w = 900, .box_w = 52, .box_h = 61, .ofs_x = 2, .ofs_y = -4},
    {.bitmap_index = 16112, .adv_w = 836, .box_w = 48, .box_h = 61, .ofs_x = 2, .ofs_y = -4},
    {.bitmap_index = 16431, .adv_w = 905, .box_w = 52, .box_h = 60, .ofs_x = 2, .ofs_y = -4},
    {.bitmap_index = 16678, .adv_w = 929, .box_w = 54, .box_h = 61, .ofs_x = 2, .ofs_y = -4},
    {.bitmap_index = 17142, .adv_w = 951, .box_w = 55, .box_h = 61, .ofs_x = 2, .ofs_y = -4},
    {.bitmap_index = 17615, .adv_w = 1494, .box_w = 89, .box_h = 61, .ofs_x = 2, .ofs_y = -4},
    {.bitmap_index = 18447, .adv_w = 957, .box_w = 55, .box_h = 61, .ofs_x = 2, .ofs_y = -4},
    {.bitmap_index = 18877, .adv_w = 954, .box_w = 55, .box_h = 61, .ofs_x = 2, .ofs_y = -4},
    {.bitmap_index = 19288, .adv_w = 928, .box_w = 54, .box_h = 60, .ofs_x = 2, .ofs_y = -4},
    {.bitmap_index = 19602, .adv_w = 481, .box_w = 25, .box_h = 74, .ofs_x = 4, .ofs_y = -17},
    {.bitmap_index = 19897, .adv_w = 495, .box_w = 28, .box_h = 69, .ofs_x = 2, .ofs_y = -12},
    {.bitmap_index = 20163, .adv_w = 480, .box_w = 25, .box_h = 74, .ofs_x = 1, .ofs_y = -17},
    {.bitmap_index = 20458, .adv_w = 844, .box_w = 41, .box_h = 33, .ofs_x = 6, .ofs_y = 24},
    {.bitmap_index = 20687, .adv_w = 739, .box_w = 44, .box_h = 7, .ofs_x = 1, .ofs_y = -10},
    {.bitmap_index = 20715, .adv_w = 494, .box_w = 19, .box_h = 18, .ofs_x = 6, .ofs_y = 39},
    {.bitmap_index = 20780, .adv_w = 827, .box_w = 47, .box_h = 45, .ofs_x = 2, .ofs_y = -4},
    {.bitmap_index = 21061, .adv_w = 791, .box_w = 45, .box_h = 61, .ofs_x = 2, .ofs_y = -4},
    {.bitmap_index = 21400, .adv_w = 753, .box_w = 43, .box_h = 45, .ofs_x = 2, .ofs_y = -4},
    {.bitmap_index = 21642, .adv_w = 791, .box_w = 45, .box_h = 62, .ofs_x = 2, .ofs_y = -5},
    {.bitmap_index = 21987, .adv_w = 809, .box_w = 46, .box_h = 45, .ofs_x = 2, .ofs_y = -4},
    {.bitmap_index = 22280, .adv_w = 604, .box_w = 33, .box_h = 61, .ofs_x = 2, .ofs_y = -4},
    {.bitmap_index = 22548, .adv_w = 827, .box_w = 47, .box_h = 58, .ofs_x = 2, .ofs_y = -17},
    {.bitmap_index = 22901, .adv_w = 772, .box_w = 44, .box_h = 62, .ofs_x = 2, .ofs_y = -5},
    {.bitmap_index = 23219, .adv_w = 367, .box_w = 19, .box_h = 66, .ofs_x = 2, .ofs_y = -4},
    {.bitmap_index = 23444, .adv_w = 513, .box_w = 28, .box_h = 80, .ofs_x = 2, .ofs_y = -17},
    {.bitmap_index = 23836, .adv_w = 826, .box_w = 47, .box_h = 61, .ofs_x = 2, .ofs_y = -4},
    {.bitmap_index = 24277, .adv_w = 356, .box_w = 18, .box_h = 61, .ofs_x = 2, .ofs_y = -4},
    {.bitmap_index = 24483, .adv_w = 1165, .box_w = 68, .box_h = 46, .ofs_x = 2, .ofs_y = -5},
    {.bitmap_index = 24876, .adv_w = 822, .box_w = 47, .box_h = 46, .ofs_x = 2, .ofs_y = -5},
    {.bitmap_index = 25135, .adv_w = 813, .box_w = 46, .box_h = 45, .ofs_x = 2, .ofs_y = -4},
    {.bitmap_index = 25429, .adv_w = 845, .box_w = 48, .box_h = 59, .ofs_x = 2, .ofs_y = -18},
    {.bitmap_index = 25767, .adv_w = 838, .box_w = 48, .box_h = 58, .ofs_x = 2, .ofs_y = -17},
    {.bitmap_index = 26094, .adv_w = 561, .box_w = 31, .box_h = 45, .ofs_x = 2, .ofs_y = -4},
    {.bitmap_index = 26280, .adv_w = 678, .box_w = 38, .box_h = 45, .ofs_x = 2, .ofs_y = -4},
    {.bitmap_index = 26507, .adv_w = 613, .box_w = 34, .box_h = 61, .ofs_x = 2, .ofs_y = -4},
    {.bitmap_index = 26769, .adv_w = 777, .box_w = 44, .box_h = 45, .ofs_x = 2, .ofs_y = -4},
    {.bitmap_index = 27101, .adv_w = 796, .box_w = 46, .box_h = 45, .ofs_x = 2, .ofs_y = -4},
    {.bitmap_index = 27435, .adv_w = 1181, .box_w = 70, .box_h = 46, .ofs_x = 2, .ofs_y = -4},
    {.bitmap_index = 27991, .adv_w = 780, .box_w = 44, .box_h = 45, .ofs_x = 2, .ofs_y = -4},
    {.bitmap_index = 28281, .adv_w = 773, .box_w = 44, .box_h = 58, .ofs_x = 2, .ofs_y = -17},
    {.bitmap_index = 28621, .adv_w = 740, .box_w = 42, .box_h = 46, .ofs_x = 2, .ofs_y = -5},
    {.bitmap_index = 28846, .adv_w = 498, .box_w = 29, .box_h = 74, .ofs_x = 1, .ofs_y = -17},
    {.bitmap_index = 29159, .adv_w = 314, .box_w = 8, .box_h = 74, .ofs_x = 6, .ofs_y = -17},
    {.bitmap_index = 29296, .adv_w = 498, .box_w = 28, .box_h = 74, .ofs_x = 2, .ofs_y = -17},
    {.bitmap_index = 29605, .adv_w = 893, .box_w = 44, .box_h = 20, .ofs_x = 6, .ofs_y = 17},
    {.bitmap_index = 29738, .adv_w = 1280, .box_w = 0, .box_h = 0, .ofs_x = 0, .ofs_y = 0}
};

/*---------------------
 *  CHARACTER MAPPING
 *--------------------*/



/*Collect the unicode lists and glyph_id offsets*/
static const lv_font_fmt_txt_cmap_t cmaps[] =
{
    {
        .range_start = 32, .range_length = 96, .glyph_id_start = 1,
        .unicode_list = NULL, .glyph_id_ofs_list = NULL, .list_length = 0, .type = LV_FONT_FMT_TXT_CMAP_FORMAT0_TINY
    }
};

/*-----------------
 *    KERNING
 *----------------*/


/*Pair left and right glyphs for kerning*/
static const uint8_t kern_pair_glyph_ids[] =
{
    34, 55,
    34, 87,
    55, 34
};

/* Kerning between the respective left and right glyphs
 * 4.4 format which needs to scaled with `kern_scale`*/
static const int8_t kern_pair_values[] =
{
    -64, -58, -64
};

/*Collect the kern pair's data in one place*/
static const lv_font_fmt_txt_kern_pair_t kern_pairs =
{
    .glyph_ids = kern_pair_glyph_ids,
    .values = kern_pair_values,
    .pair_cnt = 3,
    .glyph_ids_size = 0
};

/*--------------------
 *  ALL CUSTOM DATA
 *--------------------*/

#if LVGL_VERSION_MAJOR == 8
/*Store all the custom data of the font*/
static  lv_font_fmt_txt_glyph_cache_t cache;
#endif

#if LVGL_VERSION_MAJOR >= 8
static const lv_font_fmt_txt_dsc_t font_dsc = {
#else
static lv_font_fmt_txt_dsc_t font_dsc = {
#endif
    .glyph_bitmap = glyph_bitmap,
    .glyph_dsc = glyph_dsc,
    .cmaps = cmaps,
    .kern_dsc = &kern_pairs,
    .kern_scale = 16,
    .cmap_num = 1,
    .bpp = 2,
    .kern_classes = 0,
    .bitmap_format = 2,
#if LVGL_VERSION_MAJOR == 8
    .cache = &cache
#endif
};



/*-----------------
 *  PUBLIC FONT
 *----------------*/

/*Initialize a public general font descriptor*/
#if LVGL_VERSION_MAJOR >= 8
const lv_font_t ui_font_HY_80 = {
#else
lv_font_t ui_font_HY_80 = {
#endif
    .get_glyph_dsc = lv_font_get_glyph_dsc_fmt_txt,    /*Function pointer to get glyph's data*/
    .get_glyph_bitmap = lv_font_get_bitmap_fmt_txt,    /*Function pointer to get glyph's bitmap*/
    .line_height = 83,          /*The maximum line height required by the font*/
    .base_line = 18,             /*Baseline measured from the bottom of the line*/
#if !(LVGL_VERSION_MAJOR == 6 && LVGL_VERSION_MINOR == 0)
    .subpx = LV_FONT_SUBPX_NONE,
#endif
#if LV_VERSION_CHECK(7, 4, 0) || LVGL_VERSION_MAJOR >= 8
    .underline_position = -6,
    .underline_thickness = 4,
#endif
    .dsc = &font_dsc,          /*The custom font data. Will be accessed by `get_glyph_bitmap/dsc` */
#if LV_VERSION_CHECK(8, 2, 0) || LVGL_VERSION_MAJOR >= 9
    .fallback = NULL,
#endif
    .user_data = NULL,
};



#endif /*#if UI_FONT_HY_80*/

