/*******************************************************************************
 * Size: 42 px
 * Bpp: 2
 * Opts: --bpp 2 --size 42 --font H:/2025/lvgl_squareline/SquareLine Studio/watch_demo_modify/assets/img/clk05/fonts/BEBAS___.TTF -o H:/2025/lvgl_squareline/SquareLine Studio/watch_demo_modify/assets/img/clk05/fonts\ui_font_BEBAS_42.c --format lvgl -r 0x20-0x7f --no-compress --no-prefilter
 ******************************************************************************/

#include "../ui.h"

#ifndef UI_FONT_BEBAS_42
#define UI_FONT_BEBAS_42 1
#endif

#if UI_FONT_BEBAS_42

/*-----------------
 *    BITMAPS
 *----------------*/

/*Store the image of the glyphs*/
static LV_ATTRIBUTE_LARGE_CONST const uint8_t glyph_bitmap[] = {
    /* U+0020 " " */

    /* U+0021 "!" */
    0x3f, 0xf8, 0xff, 0xe3, 0xff, 0x8f, 0xfe, 0x3f,
    0xf8, 0xff, 0xe3, 0xff, 0x8f, 0xfe, 0x3f, 0xf8,
    0xff, 0xe3, 0xff, 0x8f, 0xfe, 0x3f, 0xf8, 0xff,
    0xe3, 0xff, 0x8f, 0xfe, 0x3f, 0xf8, 0xff, 0xe3,
    0xff, 0x8f, 0xfe, 0x3f, 0xf8, 0xff, 0xe3, 0xff,
    0x8f, 0xfd, 0x3f, 0xf4, 0xff, 0xd3, 0xff, 0x4b,
    0xfc, 0x1a, 0xa0, 0x0, 0x0, 0x0, 0x0, 0x0,
    0x2a, 0xa4, 0xff, 0xe3, 0xff, 0x8f, 0xfe, 0x3f,
    0xf8, 0xff, 0xe0,

    /* U+0022 "\"" */
    0x2a, 0xa0, 0xaa, 0x8f, 0xfc, 0x7f, 0xe3, 0xff,
    0xf, 0xf8, 0xff, 0xc3, 0xfe, 0x2f, 0xe0, 0xff,
    0x4b, 0xf8, 0x3f, 0xd1, 0xfe, 0xf, 0xf0, 0x7f,
    0x42, 0xfc, 0x1f, 0xd0, 0xbf, 0x0,

    /* U+0023 "#" */
    0x0, 0x0, 0x3, 0xff, 0xc0, 0x1f, 0xfd, 0x0,
    0x0, 0x0, 0x3, 0xff, 0x80, 0x2f, 0xfc, 0x0,
    0x0, 0x0, 0x3, 0xff, 0x40, 0x2f, 0xfc, 0x0,
    0x0, 0x0, 0x7, 0xff, 0x40, 0x3f, 0xfc, 0x0,
    0x0, 0x0, 0xb, 0xff, 0x0, 0x3f, 0xf8, 0x0,
    0x0, 0x0, 0xb, 0xff, 0x0, 0x3f, 0xf4, 0x0,
    0x0, 0x0, 0xf, 0xff, 0x0, 0x7f, 0xf4, 0x0,
    0x0, 0x0, 0xf, 0xfe, 0x0, 0xbf, 0xf0, 0x0,
    0x0, 0x0, 0xf, 0xfd, 0x0, 0xbf, 0xf0, 0x0,
    0x0, 0x0, 0x1f, 0xfd, 0x0, 0xff, 0xf0, 0x0,
    0x0, 0xff, 0xff, 0xff, 0xff, 0xff, 0xff, 0xfd,
    0x1, 0xff, 0xff, 0xff, 0xff, 0xff, 0xff, 0xfd,
    0x1, 0xff, 0xff, 0xff, 0xff, 0xff, 0xff, 0xfc,
    0x2, 0xff, 0xff, 0xff, 0xff, 0xff, 0xff, 0xfc,
    0x2, 0xff, 0xff, 0xff, 0xff, 0xff, 0xff, 0xfc,
    0x3, 0xff, 0xff, 0xff, 0xff, 0xff, 0xff, 0xf8,
    0x0, 0x0, 0x7f, 0xf0, 0x3, 0xff, 0x80, 0x0,
    0x0, 0x0, 0xbf, 0xf0, 0x3, 0xff, 0x80, 0x0,
    0x0, 0x0, 0xff, 0xf0, 0x7, 0xff, 0x40, 0x0,
    0x0, 0x0, 0xff, 0xe0, 0x7, 0xff, 0x0, 0x0,
    0x0, 0x0, 0xff, 0xe0, 0xb, 0xff, 0x0, 0x0,
    0x0, 0x1, 0xff, 0xd0, 0xf, 0xff, 0x0, 0x0,
    0x0, 0x1, 0xff, 0xc0, 0xf, 0xfe, 0x0, 0x0,
    0xf, 0xff, 0xff, 0xff, 0xff, 0xff, 0xff, 0xc0,
    0x1f, 0xff, 0xff, 0xff, 0xff, 0xff, 0xff, 0xc0,
    0x2f, 0xff, 0xff, 0xff, 0xff, 0xff, 0xff, 0xc0,
    0x2f, 0xff, 0xff, 0xff, 0xff, 0xff, 0xff, 0xc0,
    0x3f, 0xff, 0xff, 0xff, 0xff, 0xff, 0xff, 0x80,
    0x3f, 0xff, 0xff, 0xff, 0xff, 0xff, 0xff, 0x80,
    0x0, 0xb, 0xff, 0x0, 0x3f, 0xf8, 0x0, 0x0,
    0x0, 0xf, 0xff, 0x0, 0x7f, 0xf4, 0x0, 0x0,
    0x0, 0xf, 0xfe, 0x0, 0x7f, 0xf0, 0x0, 0x0,
    0x0, 0xf, 0xfe, 0x0, 0xbf, 0xf0, 0x0, 0x0,
    0x0, 0xf, 0xfd, 0x0, 0xbf, 0xf0, 0x0, 0x0,
    0x0, 0x1f, 0xfc, 0x0, 0xff, 0xe0, 0x0, 0x0,
    0x0, 0x2f, 0xfc, 0x0, 0xff, 0xe0, 0x0, 0x0,
    0x0, 0x2f, 0xfc, 0x0, 0xff, 0xd0, 0x0, 0x0,
    0x0, 0x3f, 0xf8, 0x1, 0xff, 0xc0, 0x0, 0x0,

    /* U+0024 "$" */
    0x0, 0x0, 0x55, 0x0, 0x0, 0x0, 0x0, 0xff,
    0x80, 0x0, 0x0, 0x0, 0xff, 0x80, 0x0, 0x0,
    0x6, 0xff, 0xe0, 0x0, 0x0, 0x3f, 0xff, 0xfe,
    0x0, 0x0, 0xff, 0xff, 0xff, 0xc0, 0x3, 0xff,
    0xff, 0xff, 0xe0, 0x7, 0xff, 0xff, 0xff, 0xf0,
    0xf, 0xff, 0xc0, 0xff, 0xf8, 0xf, 0xff, 0x0,
    0x3f, 0xfc, 0x1f, 0xfe, 0x0, 0x2f, 0xfc, 0x1f,
    0xfd, 0x0, 0x1f, 0xf8, 0x1f, 0xfd, 0x0, 0x5,
    0x0, 0x1f, 0xfe, 0x0, 0x0, 0x0, 0xf, 0xff,
    0x0, 0x0, 0x0, 0xf, 0xff, 0x40, 0x0, 0x0,
    0xb, 0xff, 0xc0, 0x0, 0x0, 0x3, 0xff, 0xe0,
    0x0, 0x0, 0x2, 0xff, 0xf8, 0x0, 0x0, 0x0,
    0xff, 0xfe, 0x0, 0x0, 0x0, 0x3f, 0xff, 0xc0,
    0x0, 0x0, 0x1f, 0xff, 0xf0, 0x0, 0x0, 0x7,
    0xff, 0xfc, 0x0, 0x0, 0x0, 0xff, 0xff, 0x0,
    0x0, 0x0, 0x3f, 0xff, 0x80, 0x0, 0x0, 0xf,
    0xff, 0xd0, 0x0, 0x0, 0x3, 0xff, 0xf0, 0x0,
    0x0, 0x0, 0xff, 0xf4, 0x0, 0x0, 0x0, 0x7f,
    0xfc, 0x0, 0x0, 0x0, 0x2f, 0xfc, 0x5, 0x60,
    0x0, 0x1f, 0xfd, 0x3f, 0xf8, 0x0, 0xf, 0xfe,
    0x3f, 0xf8, 0x0, 0xf, 0xfe, 0x2f, 0xfc, 0x0,
    0x1f, 0xfd, 0x1f, 0xfe, 0x0, 0x2f, 0xfd, 0xf,
    0xff, 0x40, 0xbf, 0xfc, 0xb, 0xff, 0xff, 0xff,
    0xf8, 0x3, 0xff, 0xff, 0xff, 0xf0, 0x1, 0xff,
    0xff, 0xff, 0xe0, 0x0, 0x7f, 0xff, 0xff, 0x80,
    0x0, 0xb, 0xff, 0xfd, 0x0, 0x0, 0x0, 0xff,
    0xc0, 0x0, 0x0, 0x0, 0xff, 0x80, 0x0, 0x0,
    0x0, 0xff, 0x80, 0x0,

    /* U+0025 "%" */
    0x1, 0xfe, 0x0, 0x0, 0x0, 0x1f, 0xc0, 0x2f,
    0xff, 0x0, 0x0, 0x0, 0xfd, 0x1, 0xff, 0xfe,
    0x0, 0x0, 0x7, 0xf0, 0xf, 0xd1, 0xfc, 0x0,
    0x0, 0x3f, 0x40, 0x3f, 0x3, 0xf4, 0x0, 0x1,
    0xfc, 0x0, 0xfc, 0xf, 0xd0, 0x0, 0xf, 0xe0,
    0x3, 0xf0, 0x3f, 0x40, 0x0, 0x3f, 0x0, 0xf,
    0xc0, 0xfd, 0x0, 0x2, 0xf8, 0x0, 0x3f, 0x3,
    0xf4, 0x0, 0xf, 0xc0, 0x0, 0xfc, 0xf, 0xd0,
    0x0, 0xbe, 0x0, 0x3, 0xf0, 0x3f, 0x40, 0x3,
    0xf0, 0x0, 0xf, 0xc0, 0xfd, 0x0, 0x2f, 0x80,
    0x0, 0x3f, 0x3, 0xf4, 0x0, 0xfc, 0x0, 0x0,
    0xfc, 0xf, 0xd0, 0xb, 0xf0, 0x0, 0x3, 0xf0,
    0x3f, 0x40, 0x3f, 0x40, 0x0, 0xf, 0xc0, 0xfd,
    0x1, 0xfc, 0x0, 0x0, 0x3f, 0x47, 0xf0, 0xf,
    0xd0, 0x0, 0x0, 0xbf, 0xff, 0xc0, 0x7f, 0x0,
    0x0, 0x0, 0xff, 0xfc, 0x3, 0xf4, 0x0, 0x0,
    0x0, 0xbf, 0x80, 0x1f, 0xc0, 0x0, 0x0, 0x0,
    0x0, 0x0, 0xfd, 0x0, 0xbf, 0x40, 0x0, 0x0,
    0x7, 0xf0, 0xf, 0xff, 0x80, 0x0, 0x0, 0x3f,
    0x80, 0xff, 0xff, 0x40, 0x0, 0x1, 0xfc, 0x7,
    0xf0, 0xbe, 0x0, 0x0, 0xb, 0xe0, 0x1f, 0x40,
    0xfc, 0x0, 0x0, 0x3f, 0x0, 0x7d, 0x3, 0xf0,
    0x0, 0x2, 0xf8, 0x1, 0xf4, 0xf, 0xc0, 0x0,
    0xf, 0xc0, 0x7, 0xd0, 0x3f, 0x0, 0x0, 0xbe,
    0x0, 0x1f, 0x40, 0xfc, 0x0, 0x3, 0xf0, 0x0,
    0x7d, 0x3, 0xf0, 0x0, 0x2f, 0xc0, 0x1, 0xf4,
    0xf, 0xc0, 0x0, 0xfd, 0x0, 0x7, 0xd0, 0x3f,
    0x0, 0x7, 0xf0, 0x0, 0x1f, 0x40, 0xfc, 0x0,
    0x3f, 0x40, 0x0, 0x7d, 0x3, 0xf0, 0x1, 0xfc,
    0x0, 0x1, 0xf4, 0xf, 0xc0, 0xf, 0xd0, 0x0,
    0x7, 0xe0, 0x3f, 0x0, 0x7f, 0x0, 0x0, 0x1f,
    0xc2, 0xf8, 0x3, 0xf4, 0x0, 0x0, 0x3f, 0xff,
    0xd0, 0x1f, 0xc0, 0x0, 0x0, 0x3f, 0xfe, 0x0,
    0xfe, 0x0, 0x0, 0x0, 0x2f, 0xd0, 0x2, 0xa0,
    0x0, 0x0, 0x0, 0x0, 0x0,

    /* U+0026 "&" */
    0x0, 0x1, 0xff, 0x90, 0x0, 0x0, 0x0, 0x1f,
    0xff, 0xf8, 0x0, 0x0, 0x0, 0xbf, 0xff, 0xff,
    0x0, 0x0, 0x1, 0xff, 0xff, 0xff, 0x80, 0x0,
    0x3, 0xff, 0xe7, 0xff, 0xd0, 0x0, 0x7, 0xff,
    0x0, 0xff, 0xe0, 0x0, 0xb, 0xfe, 0x0, 0x7f,
    0xf0, 0x0, 0xf, 0xfd, 0x0, 0x3f, 0xf0, 0x0,
    0xf, 0xfd, 0x0, 0x3f, 0xf0, 0x0, 0xf, 0xfd,
    0x0, 0x7f, 0xf0, 0x0, 0xf, 0xfd, 0x0, 0xff,
    0xf0, 0x0, 0xf, 0xfe, 0x1, 0xff, 0xd0, 0x0,
    0xb, 0xff, 0x3, 0xff, 0xc0, 0x0, 0x7, 0xff,
    0x4f, 0xff, 0x80, 0x0, 0x3, 0xff, 0xef, 0xff,
    0x0, 0x0, 0x2, 0xff, 0xff, 0xfc, 0x0, 0x0,
    0x0, 0xff, 0xff, 0xf4, 0x0, 0x0, 0x0, 0xbf,
    0xff, 0xe0, 0x0, 0x0, 0x0, 0x3f, 0xff, 0xc0,
    0x0, 0x0, 0x0, 0x3f, 0xff, 0x0, 0x0, 0x0,
    0x0, 0x3f, 0xfe, 0x0, 0x0, 0x0, 0x0, 0xbf,
    0xff, 0x0, 0x1e, 0x40, 0x0, 0xff, 0xff, 0x40,
    0x2f, 0xf8, 0x3, 0xff, 0xff, 0xc0, 0x3f, 0xf8,
    0x7, 0xff, 0xff, 0xd0, 0x3f, 0xf4, 0xf, 0xff,
    0xff, 0xf0, 0x7f, 0xf0, 0xf, 0xfe, 0x7f, 0xf8,
    0xff, 0xf0, 0x2f, 0xfc, 0x3f, 0xfd, 0xff, 0xd0,
    0x3f, 0xf8, 0x1f, 0xff, 0xff, 0xc0, 0x3f, 0xf4,
    0xb, 0xff, 0xff, 0x80, 0x3f, 0xf0, 0x3, 0xff,
    0xff, 0x40, 0x3f, 0xf0, 0x1, 0xff, 0xff, 0x0,
    0x3f, 0xf4, 0x0, 0xbf, 0xfd, 0x0, 0x3f, 0xfc,
    0x0, 0xbf, 0xff, 0x40, 0x1f, 0xff, 0x5b, 0xff,
    0xff, 0xf4, 0xf, 0xff, 0xff, 0xff, 0xff, 0xfc,
    0x7, 0xff, 0xff, 0xff, 0xff, 0xfc, 0x2, 0xff,
    0xff, 0xfd, 0x2f, 0xfc, 0x0, 0xbf, 0xff, 0xf0,
    0x7, 0xfc, 0x0, 0xb, 0xfe, 0x40, 0x0, 0x7c,

    /* U+0027 "'" */
    0x2a, 0xa0, 0xff, 0xc3, 0xff, 0xf, 0xfc, 0x2f,
    0xe0, 0xbf, 0x81, 0xfe, 0x7, 0xf4, 0x1f, 0xd0,

    /* U+0028 "(" */
    0x0, 0x0, 0x0, 0x0, 0x0, 0x38, 0x0, 0x0,
    0x2f, 0xe0, 0x0, 0xf, 0xf8, 0x0, 0xb, 0xfc,
    0x0, 0x3, 0xfe, 0x0, 0x2, 0xff, 0x40, 0x0,
    0xff, 0xc0, 0x0, 0xbf, 0xe0, 0x0, 0x3f, 0xf0,
    0x0, 0x1f, 0xfc, 0x0, 0xf, 0xfd, 0x0, 0x3,
    0xff, 0x0, 0x2, 0xff, 0xc0, 0x0, 0xff, 0xe0,
    0x0, 0x3f, 0xf4, 0x0, 0x1f, 0xfc, 0x0, 0xb,
    0xff, 0x0, 0x2, 0xff, 0xc0, 0x0, 0xff, 0xe0,
    0x0, 0x3f, 0xf8, 0x0, 0xf, 0xfd, 0x0, 0x3,
    0xff, 0x40, 0x0, 0xff, 0xd0, 0x0, 0x3f, 0xf4,
    0x0, 0xf, 0xfd, 0x0, 0x3, 0xff, 0x80, 0x0,
    0xbf, 0xe0, 0x0, 0x2f, 0xfc, 0x0, 0x7, 0xff,
    0x0, 0x0, 0xff, 0xd0, 0x0, 0x3f, 0xf8, 0x0,
    0xb, 0xff, 0x0, 0x1, 0xff, 0xc0, 0x0, 0x3f,
    0xf4, 0x0, 0xb, 0xfe, 0x0, 0x1, 0xff, 0xc0,
    0x0, 0x3f, 0xf4, 0x0, 0xb, 0xfe, 0x0, 0x0,
    0xff, 0xc0, 0x0, 0x2f, 0xf4, 0x0, 0x7, 0xfe,
    0x0, 0x0, 0xff, 0xc0, 0x0, 0x1f, 0xf8, 0x0,
    0x3, 0xff, 0x0, 0x0, 0x3e, 0x0, 0x0, 0x9,
    0x0,

    /* U+0029 ")" */
    0x0, 0x0, 0x0, 0x0, 0xb0, 0x0, 0x2, 0xfe,
    0x0, 0x0, 0xbf, 0xc0, 0x0, 0xf, 0xf8, 0x0,
    0x2, 0xff, 0x0, 0x0, 0x7f, 0xe0, 0x0, 0xf,
    0xfc, 0x0, 0x2, 0xff, 0x80, 0x0, 0x3f, 0xf0,
    0x0, 0xf, 0xfd, 0x0, 0x1, 0xff, 0xc0, 0x0,
    0x3f, 0xf0, 0x0, 0xf, 0xfd, 0x0, 0x2, 0xff,
    0xc0, 0x0, 0x7f, 0xf0, 0x0, 0xf, 0xfd, 0x0,
    0x3, 0xff, 0x40, 0x0, 0xbf, 0xe0, 0x0, 0x2f,
    0xfc, 0x0, 0x7, 0xff, 0x0, 0x1, 0xff, 0xc0,
    0x0, 0x7f, 0xf0, 0x0, 0x1f, 0xfc, 0x0, 0x7,
    0xff, 0x0, 0x1, 0xff, 0xc0, 0x0, 0xbf, 0xf0,
    0x0, 0x2f, 0xfc, 0x0, 0xf, 0xfe, 0x0, 0x3,
    0xff, 0x40, 0x0, 0xff, 0xc0, 0x0, 0x7f, 0xf0,
    0x0, 0x2f, 0xf8, 0x0, 0xf, 0xfd, 0x0, 0x3,
    0xff, 0x0, 0x2, 0xff, 0xc0, 0x0, 0xff, 0xd0,
    0x0, 0x3f, 0xf0, 0x0, 0x2f, 0xf8, 0x0, 0xf,
    0xfd, 0x0, 0x7, 0xff, 0x0, 0x2, 0xff, 0x40,
    0x0, 0xff, 0xc0, 0x0, 0x7f, 0xd0, 0x0, 0x3f,
    0xf0, 0x0, 0x2, 0xf4, 0x0, 0x0, 0x8, 0x0,
    0x0,

    /* U+002A "*" */
    0x0, 0xf, 0xf8, 0x0, 0x0, 0xf, 0xf4, 0x0,
    0x0, 0xb, 0xf4, 0x0, 0xf, 0x4b, 0xf0, 0x78,
    0xf, 0xfb, 0xfb, 0xfc, 0x1f, 0xff, 0xff, 0xfc,
    0x3f, 0xff, 0xff, 0xfd, 0x1a, 0xff, 0xff, 0xe4,
    0x0, 0x3f, 0xfe, 0x0, 0x0, 0xff, 0xff, 0x80,
    0x3, 0xff, 0xbf, 0xd0, 0xb, 0xfe, 0x3f, 0xf0,
    0x1, 0xfc, 0x2f, 0x80, 0x0, 0x34, 0xd, 0x0,
    0x0, 0x0, 0x0, 0x0,

    /* U+002B "+" */
    0x0, 0x0, 0x6a, 0x40, 0x0, 0x0, 0x0, 0x2f,
    0xe0, 0x0, 0x0, 0x0, 0xb, 0xf8, 0x0, 0x0,
    0x0, 0x2, 0xfe, 0x0, 0x0, 0x0, 0x0, 0xbf,
    0x80, 0x0, 0x0, 0x0, 0x2f, 0xe0, 0x0, 0x0,
    0x0, 0xb, 0xf8, 0x0, 0x0, 0x0, 0x2, 0xfe,
    0x0, 0x0, 0x3f, 0xff, 0xff, 0xff, 0xff, 0xf,
    0xff, 0xff, 0xff, 0xff, 0xc3, 0xff, 0xff, 0xff,
    0xff, 0xf0, 0xff, 0xff, 0xff, 0xff, 0xfc, 0x15,
    0x55, 0xbf, 0x95, 0x55, 0x0, 0x0, 0x2f, 0xe0,
    0x0, 0x0, 0x0, 0xb, 0xf8, 0x0, 0x0, 0x0,
    0x2, 0xfe, 0x0, 0x0, 0x0, 0x0, 0xbf, 0x80,
    0x0, 0x0, 0x0, 0x2f, 0xe0, 0x0, 0x0, 0x0,
    0xb, 0xf8, 0x0, 0x0, 0x0, 0x2, 0xfe, 0x0,
    0x0,

    /* U+002C "," */
    0x2a, 0xa4, 0xff, 0xe3, 0xff, 0x8f, 0xfe, 0x3f,
    0xf8, 0xff, 0xe0, 0x2f, 0x40, 0xfc, 0x3, 0xd0,
    0x2f, 0x0, 0x64, 0x0,

    /* U+002D "-" */
    0x3f, 0xff, 0xff, 0xff, 0xd3, 0xff, 0xff, 0xff,
    0xfe, 0x3f, 0xff, 0xff, 0xff, 0xe3, 0xff, 0xff,
    0xff, 0xfe, 0x3f, 0xff, 0xff, 0xff, 0xe3, 0xff,
    0xff, 0xff, 0xfe,

    /* U+002E "." */
    0x2a, 0xa4, 0xff, 0xe3, 0xff, 0x8f, 0xfe, 0x3f,
    0xf8, 0xff, 0xe0,

    /* U+002F "/" */
    0x0, 0x0, 0x0, 0x0, 0x6a, 0x40, 0x0, 0x0,
    0x0, 0xf, 0xfc, 0x0, 0x0, 0x0, 0x0, 0xff,
    0x40, 0x0, 0x0, 0x0, 0x2f, 0xf0, 0x0, 0x0,
    0x0, 0x3, 0xfe, 0x0, 0x0, 0x0, 0x0, 0x7f,
    0xd0, 0x0, 0x0, 0x0, 0xb, 0xfc, 0x0, 0x0,
    0x0, 0x0, 0xff, 0x80, 0x0, 0x0, 0x0, 0x1f,
    0xf0, 0x0, 0x0, 0x0, 0x3, 0xff, 0x0, 0x0,
    0x0, 0x0, 0x3f, 0xd0, 0x0, 0x0, 0x0, 0xb,
    0xfc, 0x0, 0x0, 0x0, 0x0, 0xff, 0x80, 0x0,
    0x0, 0x0, 0x1f, 0xf4, 0x0, 0x0, 0x0, 0x2,
    0xff, 0x0, 0x0, 0x0, 0x0, 0x3f, 0xd0, 0x0,
    0x0, 0x0, 0x7, 0xfc, 0x0, 0x0, 0x0, 0x0,
    0xff, 0x80, 0x0, 0x0, 0x0, 0xf, 0xf4, 0x0,
    0x0, 0x0, 0x2, 0xff, 0x0, 0x0, 0x0, 0x0,
    0x3f, 0xe0, 0x0, 0x0, 0x0, 0x7, 0xfc, 0x0,
    0x0, 0x0, 0x0, 0xbf, 0xc0, 0x0, 0x0, 0x0,
    0xf, 0xf4, 0x0, 0x0, 0x0, 0x1, 0xff, 0x0,
    0x0, 0x0, 0x0, 0x3f, 0xe0, 0x0, 0x0, 0x0,
    0x3, 0xfd, 0x0, 0x0, 0x0, 0x0, 0xbf, 0xc0,
    0x0, 0x0, 0x0, 0xf, 0xf8, 0x0, 0x0, 0x0,
    0x1, 0xff, 0x0, 0x0, 0x0, 0x0, 0x2f, 0xf0,
    0x0, 0x0, 0x0, 0x3, 0xfd, 0x0, 0x0, 0x0,
    0x0, 0x7f, 0xc0, 0x0, 0x0, 0x0, 0xf, 0xf8,
    0x0, 0x0, 0x0, 0x0, 0xff, 0x40, 0x0, 0x0,
    0x0, 0x2f, 0xf0, 0x0, 0x0, 0x0, 0x3, 0xfe,
    0x0, 0x0, 0x0, 0x0, 0x7f, 0xc0, 0x0, 0x0,
    0x0, 0xb, 0xfc, 0x0, 0x0, 0x0, 0x0, 0xff,
    0x40, 0x0, 0x0, 0x0, 0x2f, 0xf0, 0x0, 0x0,
    0x0, 0x3, 0xfe, 0x0, 0x0, 0x0, 0x0,

    /* U+0030 "0" */
    0x0, 0x6, 0xff, 0x80, 0x0, 0x0, 0xff, 0xff,
    0xe0, 0x0, 0x1f, 0xff, 0xff, 0xf0, 0x0, 0xff,
    0xff, 0xff, 0xf0, 0xf, 0xff, 0xff, 0xff, 0xe0,
    0x7f, 0xff, 0xbf, 0xff, 0xc2, 0xff, 0xe0, 0x1f,
    0xff, 0x4f, 0xff, 0x0, 0x1f, 0xfe, 0x3f, 0xf8,
    0x0, 0x3f, 0xfc, 0xff, 0xd0, 0x0, 0xff, 0xf3,
    0xff, 0x40, 0x3, 0xff, 0xcf, 0xfd, 0x0, 0xf,
    0xff, 0x3f, 0xf4, 0x0, 0x3f, 0xfc, 0xff, 0xd0,
    0x0, 0xff, 0xf3, 0xff, 0x40, 0x3, 0xff, 0xcf,
    0xfd, 0x0, 0xf, 0xff, 0x3f, 0xf4, 0x0, 0x3f,
    0xfc, 0xff, 0xd0, 0x0, 0xff, 0xf3, 0xff, 0x40,
    0x3, 0xff, 0xcf, 0xfd, 0x0, 0xf, 0xff, 0x3f,
    0xf4, 0x0, 0x3f, 0xfc, 0xff, 0xd0, 0x0, 0xff,
    0xf3, 0xff, 0x40, 0x3, 0xff, 0xcf, 0xfd, 0x0,
    0xf, 0xff, 0x3f, 0xf4, 0x0, 0x3f, 0xfc, 0xff,
    0xd0, 0x0, 0xff, 0xf3, 0xff, 0x40, 0x3, 0xff,
    0xcf, 0xfd, 0x0, 0xf, 0xff, 0x3f, 0xf4, 0x0,
    0x3f, 0xfc, 0xff, 0xe0, 0x0, 0xff, 0xf3, 0xff,
    0xc0, 0xb, 0xff, 0x8b, 0xff, 0x80, 0x7f, 0xfd,
    0x1f, 0xff, 0xff, 0xff, 0xf0, 0x3f, 0xff, 0xff,
    0xff, 0x80, 0x3f, 0xff, 0xff, 0xfc, 0x0, 0x7f,
    0xff, 0xff, 0xc0, 0x0, 0x3f, 0xff, 0xf8, 0x0,
    0x0, 0x1b, 0xfe, 0x0, 0x0,

    /* U+0031 "1" */
    0x0, 0x3, 0xfd, 0x0, 0x7, 0xfd, 0x0, 0x1f,
    0xfd, 0x0, 0xbf, 0xfd, 0x1b, 0xff, 0xfd, 0x3f,
    0xff, 0xfd, 0x3f, 0xff, 0xfd, 0x3f, 0xff, 0xfd,
    0x3f, 0xff, 0xfd, 0x0, 0x1f, 0xfd, 0x0, 0x1f,
    0xfd, 0x0, 0x1f, 0xfd, 0x0, 0x1f, 0xfd, 0x0,
    0x1f, 0xfd, 0x0, 0x1f, 0xfd, 0x0, 0x1f, 0xfd,
    0x0, 0x1f, 0xfd, 0x0, 0x1f, 0xfd, 0x0, 0x1f,
    0xfd, 0x0, 0x1f, 0xfd, 0x0, 0x1f, 0xfd, 0x0,
    0x1f, 0xfd, 0x0, 0x1f, 0xfd, 0x0, 0x1f, 0xfd,
    0x0, 0x1f, 0xfd, 0x0, 0x1f, 0xfd, 0x0, 0x1f,
    0xfd, 0x0, 0x1f, 0xfd, 0x0, 0x1f, 0xfd, 0x0,
    0x1f, 0xfd, 0x0, 0x1f, 0xfd, 0x0, 0x1f, 0xfd,
    0x0, 0x1f, 0xfd, 0x0, 0x1f, 0xfd, 0x0, 0x1f,
    0xfd, 0x0, 0x1f, 0xfd, 0x0, 0x1f, 0xfd, 0x0,
    0x1f, 0xfd,

    /* U+0032 "2" */
    0x0, 0x2, 0xff, 0x90, 0x0, 0x0, 0x2f, 0xff,
    0xfd, 0x0, 0x0, 0xff, 0xff, 0xff, 0x40, 0x3,
    0xff, 0xff, 0xff, 0xc0, 0xb, 0xff, 0xff, 0xff,
    0xf0, 0xf, 0xff, 0xd6, 0xff, 0xf4, 0x1f, 0xff,
    0x0, 0x7f, 0xfc, 0x2f, 0xfc, 0x0, 0x2f, 0xfc,
    0x3f, 0xfc, 0x0, 0x1f, 0xfc, 0x3f, 0xf8, 0x0,
    0xf, 0xfd, 0x3f, 0xf8, 0x0, 0xf, 0xfc, 0x2f,
    0xf4, 0x0, 0x1f, 0xfc, 0x0, 0x0, 0x0, 0x2f,
    0xfc, 0x0, 0x0, 0x0, 0x3f, 0xfc, 0x0, 0x0,
    0x0, 0x7f, 0xf8, 0x0, 0x0, 0x0, 0xff, 0xf0,
    0x0, 0x0, 0x1, 0xff, 0xf0, 0x0, 0x0, 0x3,
    0xff, 0xd0, 0x0, 0x0, 0x7, 0xff, 0x80, 0x0,
    0x0, 0xf, 0xff, 0x0, 0x0, 0x0, 0x3f, 0xfd,
    0x0, 0x0, 0x0, 0xbf, 0xfc, 0x0, 0x0, 0x0,
    0xff, 0xf0, 0x0, 0x0, 0x3, 0xff, 0xd0, 0x0,
    0x0, 0xb, 0xff, 0xc0, 0x0, 0x0, 0x1f, 0xff,
    0x0, 0x0, 0x0, 0x3f, 0xfd, 0x0, 0x0, 0x0,
    0xbf, 0xfc, 0x0, 0x0, 0x1, 0xff, 0xf0, 0x0,
    0x0, 0x3, 0xff, 0xe0, 0x0, 0x0, 0xb, 0xff,
    0xc0, 0x0, 0x0, 0x1f, 0xff, 0x40, 0x0, 0x0,
    0x3f, 0xff, 0xaa, 0xaa, 0xa8, 0x3f, 0xff, 0xff,
    0xff, 0xfc, 0x3f, 0xff, 0xff, 0xff, 0xfc, 0x3f,
    0xff, 0xff, 0xff, 0xfc, 0x3f, 0xff, 0xff, 0xff,
    0xfc, 0x3f, 0xff, 0xff, 0xff, 0xfc,

    /* U+0033 "3" */
    0x0, 0x2, 0xff, 0x90, 0x0, 0x0, 0x2f, 0xff,
    0xfd, 0x0, 0x0, 0xff, 0xff, 0xff, 0x80, 0x2,
    0xff, 0xff, 0xff, 0xd0, 0x7, 0xff, 0xff, 0xff,
    0xf0, 0xb, 0xff, 0xd5, 0xff, 0xf4, 0xf, 0xff,
    0x0, 0x3f, 0xf8, 0xf, 0xfe, 0x0, 0x1f, 0xf8,
    0xf, 0xfd, 0x0, 0xf, 0xfc, 0xf, 0xfd, 0x0,
    0xf, 0xfc, 0x0, 0x0, 0x0, 0x1f, 0xf8, 0x0,
    0x0, 0x0, 0x2f, 0xf8, 0x0, 0x0, 0x0, 0x3f,
    0xf4, 0x0, 0x0, 0x0, 0xbf, 0xf0, 0x0, 0x0,
    0x7, 0xff, 0xd0, 0x0, 0x1, 0xff, 0xff, 0x80,
    0x0, 0x1, 0xff, 0xfe, 0x0, 0x0, 0x1, 0xff,
    0xfc, 0x0, 0x0, 0x1, 0xff, 0xff, 0x40, 0x0,
    0x1, 0xff, 0xff, 0xd0, 0x0, 0x0, 0xb, 0xff,
    0xf0, 0x0, 0x0, 0x0, 0xff, 0xf4, 0x0, 0x0,
    0x0, 0x3f, 0xfc, 0x0, 0x0, 0x0, 0x3f, 0xfc,
    0x0, 0x0, 0x0, 0x2f, 0xfc, 0x0, 0x0, 0x0,
    0x1f, 0xfc, 0x0, 0x0, 0x0, 0x1f, 0xfc, 0x5,
    0x60, 0x0, 0x1f, 0xfc, 0x3f, 0xf4, 0x0, 0x1f,
    0xfc, 0x3f, 0xf8, 0x0, 0x2f, 0xfc, 0x3f, 0xfc,
    0x0, 0x3f, 0xfc, 0x2f, 0xfe, 0x0, 0xbf, 0xf8,
    0x1f, 0xff, 0xff, 0xff, 0xf4, 0xf, 0xff, 0xff,
    0xff, 0xf0, 0x3, 0xff, 0xff, 0xff, 0xc0, 0x1,
    0xff, 0xff, 0xff, 0x0, 0x0, 0x3f, 0xff, 0xfc,
    0x0, 0x0, 0x6, 0xff, 0x90, 0x0,

    /* U+0034 "4" */
    0x0, 0x0, 0x7, 0xff, 0x80, 0x0, 0x0, 0x2,
    0xff, 0xe0, 0x0, 0x0, 0x0, 0xff, 0xf8, 0x0,
    0x0, 0x0, 0xbf, 0xfe, 0x0, 0x0, 0x0, 0x3f,
    0xff, 0x80, 0x0, 0x0, 0x1f, 0xff, 0xe0, 0x0,
    0x0, 0xf, 0xff, 0xf8, 0x0, 0x0, 0x3, 0xff,
    0xfe, 0x0, 0x0, 0x2, 0xff, 0xff, 0x80, 0x0,
    0x0, 0xff, 0xff, 0xe0, 0x0, 0x0, 0x7f, 0xff,
    0xf8, 0x0, 0x0, 0x3f, 0xff, 0xfe, 0x0, 0x0,
    0x1f, 0xff, 0xff, 0x80, 0x0, 0xb, 0xfd, 0xff,
    0xe0, 0x0, 0x3, 0xff, 0x3f, 0xf8, 0x0, 0x2,
    0xff, 0x8f, 0xfe, 0x0, 0x0, 0xff, 0xc3, 0xff,
    0x80, 0x0, 0x7f, 0xf0, 0xff, 0xe0, 0x0, 0x3f,
    0xf4, 0x3f, 0xf8, 0x0, 0xf, 0xfc, 0xf, 0xfe,
    0x0, 0xb, 0xfe, 0x3, 0xff, 0x80, 0x3, 0xff,
    0x0, 0xff, 0xe0, 0x1, 0xff, 0xc0, 0x3f, 0xf8,
    0x0, 0xff, 0xd0, 0xf, 0xfe, 0x0, 0x3f, 0xff,
    0xff, 0xff, 0xff, 0xf, 0xff, 0xff, 0xff, 0xff,
    0xc3, 0xff, 0xff, 0xff, 0xff, 0xf0, 0xff, 0xff,
    0xff, 0xff, 0xfc, 0x3f, 0xff, 0xff, 0xff, 0xff,
    0xf, 0xff, 0xff, 0xff, 0xff, 0xc0, 0x0, 0x0,
    0x3f, 0xf8, 0x0, 0x0, 0x0, 0xf, 0xfe, 0x0,
    0x0, 0x0, 0x3, 0xff, 0x80, 0x0, 0x0, 0x0,
    0xff, 0xe0, 0x0, 0x0, 0x0, 0x3f, 0xf8, 0x0,
    0x0, 0x0, 0xf, 0xfe, 0x0, 0x0, 0x0, 0x3,
    0xff, 0x80, 0x0, 0x0, 0x0, 0xff, 0xe0, 0x0,

    /* U+0035 "5" */
    0x2f, 0xff, 0xff, 0xff, 0xf0, 0xbf, 0xff, 0xff,
    0xff, 0xc2, 0xff, 0xff, 0xff, 0xff, 0xb, 0xff,
    0xff, 0xff, 0xfc, 0x2f, 0xff, 0xff, 0xff, 0xf0,
    0xbf, 0xff, 0xff, 0xff, 0xc2, 0xff, 0xc0, 0x0,
    0x0, 0xb, 0xff, 0x0, 0x0, 0x0, 0x2f, 0xfc,
    0x0, 0x0, 0x0, 0xbf, 0xf0, 0x0, 0x0, 0x2,
    0xff, 0xc0, 0x0, 0x0, 0xb, 0xff, 0x6, 0xa4,
    0x0, 0x2f, 0xfc, 0xbf, 0xfd, 0x0, 0xbf, 0xff,
    0xff, 0xfd, 0x2, 0xff, 0xff, 0xff, 0xfc, 0xb,
    0xff, 0xff, 0xff, 0xf8, 0x2f, 0xff, 0x42, 0xff,
    0xf0, 0xbf, 0xf8, 0x2, 0xff, 0xc2, 0xff, 0xd0,
    0x7, 0xff, 0x4b, 0xff, 0x0, 0x1f, 0xfd, 0x5,
    0x54, 0x0, 0x7f, 0xf4, 0x0, 0x0, 0x1, 0xff,
    0xd0, 0x0, 0x0, 0x7, 0xff, 0x40, 0x0, 0x0,
    0x1f, 0xfd, 0x0, 0x0, 0x0, 0x7f, 0xf4, 0x0,
    0x0, 0x1, 0xff, 0xd0, 0x0, 0x0, 0x7, 0xff,
    0x40, 0x4, 0x0, 0x1f, 0xfd, 0x3f, 0xf4, 0x0,
    0x7f, 0xf4, 0xff, 0xe0, 0x1, 0xff, 0xd3, 0xff,
    0xc0, 0xb, 0xff, 0xb, 0xff, 0x80, 0xbf, 0xfc,
    0x1f, 0xff, 0xff, 0xff, 0xe0, 0x3f, 0xff, 0xff,
    0xff, 0x0, 0x7f, 0xff, 0xff, 0xf4, 0x0, 0x7f,
    0xff, 0xff, 0x80, 0x0, 0x7f, 0xff, 0xf4, 0x0,
    0x0, 0x1f, 0xfd, 0x0, 0x0,

    /* U+0036 "6" */
    0x0, 0x7, 0xfe, 0x40, 0x0, 0x7, 0xff, 0xff,
    0x40, 0x2, 0xff, 0xff, 0xfd, 0x0, 0x7f, 0xff,
    0xff, 0xf4, 0xf, 0xff, 0xff, 0xff, 0xc1, 0xff,
    0xfe, 0xff, 0xfd, 0x3f, 0xfd, 0x3, 0xff, 0xe3,
    0xff, 0x80, 0xf, 0xff, 0x3f, 0xf4, 0x0, 0xff,
    0xf3, 0xff, 0x40, 0xa, 0xaa, 0x3f, 0xf4, 0x0,
    0x0, 0x3, 0xff, 0x40, 0x0, 0x0, 0x3f, 0xf4,
    0x0, 0x0, 0x3, 0xff, 0x40, 0x0, 0x0, 0x3f,
    0xf4, 0xbf, 0xd0, 0x3, 0xff, 0xbf, 0xff, 0xd0,
    0x3f, 0xff, 0xff, 0xff, 0x3, 0xff, 0xff, 0xff,
    0xfc, 0x3f, 0xff, 0xef, 0xff, 0xc3, 0xff, 0xd0,
    0x3f, 0xfe, 0x3f, 0xfc, 0x0, 0xff, 0xe3, 0xff,
    0x80, 0xf, 0xff, 0x3f, 0xf4, 0x0, 0xff, 0xf3,
    0xff, 0x40, 0xf, 0xff, 0x3f, 0xf4, 0x0, 0xff,
    0xf3, 0xff, 0x40, 0xf, 0xff, 0x3f, 0xf4, 0x0,
    0xff, 0xf3, 0xff, 0x40, 0xf, 0xff, 0x3f, 0xf4,
    0x0, 0xff, 0xf3, 0xff, 0x80, 0xf, 0xff, 0x3f,
    0xfc, 0x1, 0xff, 0xf3, 0xff, 0xe0, 0x3f, 0xfe,
    0x1f, 0xff, 0xff, 0xff, 0xd0, 0xff, 0xff, 0xff,
    0xfc, 0x7, 0xff, 0xff, 0xff, 0x0, 0x2f, 0xff,
    0xff, 0xd0, 0x0, 0x7f, 0xff, 0xf4, 0x0, 0x0,
    0x7f, 0xe4, 0x0,

    /* U+0037 "7" */
    0x3f, 0xff, 0xff, 0xff, 0xf3, 0xff, 0xff, 0xff,
    0xff, 0x3f, 0xff, 0xff, 0xff, 0xf3, 0xff, 0xff,
    0xff, 0xff, 0x3f, 0xff, 0xff, 0xff, 0xf3, 0xff,
    0xff, 0xff, 0xff, 0x0, 0x0, 0x0, 0xff, 0xe0,
    0x0, 0x0, 0xf, 0xfd, 0x0, 0x0, 0x1, 0xff,
    0xc0, 0x0, 0x0, 0x2f, 0xfc, 0x0, 0x0, 0x3,
    0xff, 0x80, 0x0, 0x0, 0x3f, 0xf4, 0x0, 0x0,
    0x7, 0xff, 0x0, 0x0, 0x0, 0xbf, 0xf0, 0x0,
    0x0, 0xf, 0xfe, 0x0, 0x0, 0x0, 0xff, 0xd0,
    0x0, 0x0, 0x1f, 0xfc, 0x0, 0x0, 0x2, 0xff,
    0xc0, 0x0, 0x0, 0x3f, 0xfc, 0x0, 0x0, 0x3,
    0xff, 0x80, 0x0, 0x0, 0x7f, 0xf4, 0x0, 0x0,
    0xb, 0xff, 0x0, 0x0, 0x0, 0xbf, 0xf0, 0x0,
    0x0, 0xf, 0xfe, 0x0, 0x0, 0x0, 0xff, 0xd0,
    0x0, 0x0, 0x1f, 0xfc, 0x0, 0x0, 0x2, 0xff,
    0xc0, 0x0, 0x0, 0x3f, 0xf8, 0x0, 0x0, 0x3,
    0xff, 0x40, 0x0, 0x0, 0x7f, 0xf0, 0x0, 0x0,
    0xb, 0xff, 0x0, 0x0, 0x0, 0xff, 0xe0, 0x0,
    0x0, 0xf, 0xfd, 0x0, 0x0, 0x1, 0xff, 0xc0,
    0x0, 0x0, 0x2f, 0xfc, 0x0, 0x0, 0x3, 0xff,
    0x80, 0x0, 0x0, 0x3f, 0xf4, 0x0, 0x0, 0x7,
    0xff, 0x0, 0x0,

    /* U+0038 "8" */
    0x0, 0x6, 0xff, 0x90, 0x0, 0x0, 0x7f, 0xff,
    0xfd, 0x0, 0x1, 0xff, 0xff, 0xff, 0x80, 0x3,
    0xff, 0xff, 0xff, 0xd0, 0xb, 0xff, 0xff, 0xff,
    0xf0, 0xf, 0xff, 0x96, 0xff, 0xf4, 0x1f, 0xfd,
    0x0, 0x7f, 0xf8, 0x2f, 0xf8, 0x0, 0x2f, 0xf8,
    0x2f, 0xf4, 0x0, 0x1f, 0xfc, 0x2f, 0xf4, 0x0,
    0xf, 0xfc, 0x2f, 0xf4, 0x0, 0x1f, 0xfc, 0x2f,
    0xf8, 0x0, 0x1f, 0xf8, 0x1f, 0xfc, 0x0, 0x2f,
    0xf8, 0xf, 0xfe, 0x0, 0x7f, 0xf0, 0xb, 0xff,
    0xeb, 0xff, 0xe0, 0x3, 0xff, 0xff, 0xff, 0xc0,
    0x0, 0xbf, 0xff, 0xff, 0x0, 0x0, 0x3f, 0xff,
    0xfc, 0x0, 0x0, 0xff, 0xff, 0xff, 0x0, 0x3,
    0xff, 0xff, 0xff, 0xc0, 0xb, 0xff, 0xff, 0xff,
    0xf0, 0xf, 0xff, 0x41, 0xff, 0xf4, 0x2f, 0xfd,
    0x0, 0x3f, 0xfc, 0x3f, 0xfc, 0x0, 0x2f, 0xfc,
    0x3f, 0xf8, 0x0, 0x2f, 0xfc, 0x3f, 0xf8, 0x0,
    0x1f, 0xfc, 0x3f, 0xf8, 0x0, 0x1f, 0xfd, 0x3f,
    0xf8, 0x0, 0x1f, 0xfd, 0x3f, 0xf8, 0x0, 0x1f,
    0xfc, 0x3f, 0xfc, 0x0, 0x2f, 0xfc, 0x3f, 0xfd,
    0x0, 0x3f, 0xfc, 0x2f, 0xff, 0x40, 0xff, 0xfc,
    0x1f, 0xff, 0xff, 0xff, 0xf8, 0xf, 0xff, 0xff,
    0xff, 0xf0, 0x3, 0xff, 0xff, 0xff, 0xd0, 0x1,
    0xff, 0xff, 0xff, 0x40, 0x0, 0x3f, 0xff, 0xfd,
    0x0, 0x0, 0x6, 0xff, 0x90, 0x0,

    /* U+0039 "9" */
    0x0, 0x7, 0xfe, 0x40, 0x0, 0x7, 0xff, 0xff,
    0x40, 0x2, 0xff, 0xff, 0xfd, 0x0, 0x7f, 0xff,
    0xff, 0xf0, 0xf, 0xff, 0xff, 0xff, 0xc1, 0xff,
    0xff, 0xff, 0xfd, 0x3f, 0xff, 0x2, 0xff, 0xe3,
    0xff, 0xc0, 0xf, 0xff, 0x3f, 0xfc, 0x0, 0xbf,
    0xf3, 0xff, 0xc0, 0xb, 0xff, 0x3f, 0xfc, 0x0,
    0xbf, 0xf3, 0xff, 0xc0, 0xb, 0xff, 0x3f, 0xfc,
    0x0, 0xbf, 0xf3, 0xff, 0xc0, 0xb, 0xff, 0x3f,
    0xfc, 0x0, 0xbf, 0xf3, 0xff, 0xc0, 0xb, 0xff,
    0x3f, 0xfc, 0x0, 0xff, 0xf2, 0xff, 0xe0, 0x1f,
    0xff, 0x1f, 0xff, 0xef, 0xff, 0xf0, 0xff, 0xff,
    0xff, 0xff, 0x7, 0xff, 0xff, 0xff, 0xf0, 0x1f,
    0xff, 0xfb, 0xff, 0x0, 0x2f, 0xf4, 0xbf, 0xf0,
    0x0, 0x0, 0xb, 0xff, 0x0, 0x0, 0x0, 0xbf,
    0xf0, 0x0, 0x0, 0xb, 0xff, 0x0, 0x0, 0x0,
    0xbf, 0xf0, 0x0, 0x0, 0xb, 0xff, 0x3f, 0xfc,
    0x0, 0xbf, 0xf3, 0xff, 0xc0, 0xb, 0xff, 0x3f,
    0xfc, 0x0, 0xff, 0xf2, 0xff, 0xe0, 0x2f, 0xfe,
    0x1f, 0xff, 0xef, 0xff, 0xd0, 0xff, 0xff, 0xff,
    0xfc, 0x7, 0xff, 0xff, 0xff, 0x40, 0x1f, 0xff,
    0xff, 0xd0, 0x0, 0x7f, 0xff, 0xf4, 0x0, 0x0,
    0x7f, 0xe4, 0x0,

    /* U+003A ":" */
    0x2a, 0xa4, 0xff, 0xe3, 0xff, 0x8f, 0xfe, 0x3f,
    0xf8, 0xff, 0xe0, 0x0, 0x0, 0x0, 0x0, 0x0,
    0x0, 0x0, 0x0, 0x0, 0x0, 0x0, 0x0, 0x0,
    0x0, 0x0, 0x0, 0x0, 0x2a, 0xa4, 0xff, 0xe3,
    0xff, 0x8f, 0xfe, 0x3f, 0xf8, 0xff, 0xe0,

    /* U+003B ";" */
    0x2a, 0xa4, 0xff, 0xe3, 0xff, 0x8f, 0xfe, 0x3f,
    0xf8, 0xff, 0xe0, 0x0, 0x0, 0x0, 0x0, 0x0,
    0x0, 0x0, 0x0, 0x0, 0x0, 0x0, 0x0, 0x0,
    0x0, 0x0, 0x0, 0x0, 0x2a, 0xa4, 0xff, 0xe3,
    0xff, 0x8f, 0xfe, 0x3f, 0xf8, 0xff, 0xe0, 0x2f,
    0x40, 0xfc, 0x7, 0xd0, 0x2f, 0x0, 0x64, 0x0,

    /* U+003C "<" */
    0x0, 0x0, 0x0, 0x0, 0x5, 0x0, 0x0, 0x0,
    0x0, 0xbe, 0x0, 0x0, 0x0, 0xb, 0xfe, 0x0,
    0x0, 0x1, 0xff, 0xfe, 0x0, 0x0, 0x1f, 0xff,
    0xfe, 0x0, 0x2, 0xff, 0xff, 0xf4, 0x0, 0x7f,
    0xff, 0xfe, 0x0, 0x7, 0xff, 0xff, 0xd0, 0x0,
    0x3f, 0xff, 0xf9, 0x0, 0x0, 0x3f, 0xff, 0x80,
    0x0, 0x0, 0x3f, 0xfd, 0x0, 0x0, 0x0, 0x3f,
    0xff, 0xe0, 0x0, 0x0, 0x2f, 0xff, 0xfe, 0x40,
    0x0, 0x1, 0xff, 0xff, 0xf4, 0x0, 0x0, 0x1f,
    0xff, 0xff, 0x80, 0x0, 0x0, 0xbf, 0xff, 0xf8,
    0x0, 0x0, 0xb, 0xff, 0xfe, 0x0, 0x0, 0x0,
    0x7f, 0xfe, 0x0, 0x0, 0x0, 0x7, 0xfe, 0x0,
    0x0, 0x0, 0x0, 0x2e, 0x0, 0x0, 0x0, 0x0,
    0x1,

    /* U+003D "=" */
    0x0, 0x0, 0x0, 0x0, 0x0, 0xf, 0xff, 0xff,
    0xff, 0xff, 0xc3, 0xff, 0xff, 0xff, 0xff, 0xf0,
    0xff, 0xff, 0xff, 0xff, 0xfc, 0x3f, 0xff, 0xff,
    0xff, 0xff, 0x0, 0x0, 0x0, 0x0, 0x0, 0x0,
    0x0, 0x0, 0x0, 0x0, 0x0, 0x0, 0x0, 0x0,
    0x0, 0x0, 0x0, 0x0, 0x0, 0x0, 0x0, 0xf,
    0xff, 0xff, 0xff, 0xff, 0xc3, 0xff, 0xff, 0xff,
    0xff, 0xf0, 0xff, 0xff, 0xff, 0xff, 0xfc, 0x3f,
    0xff, 0xff, 0xff, 0xff, 0x0,

    /* U+003E ">" */
    0x20, 0x0, 0x0, 0x0, 0x0, 0x3f, 0x40, 0x0,
    0x0, 0x0, 0x3f, 0xf4, 0x0, 0x0, 0x0, 0x3f,
    0xff, 0x80, 0x0, 0x0, 0x3f, 0xff, 0xf9, 0x0,
    0x0, 0xb, 0xff, 0xff, 0xd0, 0x0, 0x0, 0x7f,
    0xff, 0xfe, 0x0, 0x0, 0x6, 0xff, 0xff, 0xe0,
    0x0, 0x0, 0x2f, 0xff, 0xfe, 0x0, 0x0, 0x1,
    0xff, 0xfe, 0x0, 0x0, 0x0, 0x2f, 0xfe, 0x0,
    0x0, 0x6, 0xff, 0xfe, 0x0, 0x0, 0x7f, 0xff,
    0xfd, 0x0, 0xb, 0xff, 0xff, 0xd0, 0x1, 0xbf,
    0xff, 0xf9, 0x0, 0x1f, 0xff, 0xff, 0x80, 0x0,
    0x3f, 0xff, 0xf4, 0x0, 0x0, 0x3f, 0xfe, 0x40,
    0x0, 0x0, 0x3f, 0xe0, 0x0, 0x0, 0x0, 0x3d,
    0x0, 0x0, 0x0, 0x0, 0x10, 0x0, 0x0, 0x0,
    0x0,

    /* U+003F "?" */
    0x0, 0x6, 0xff, 0x90, 0x0, 0x1, 0xff, 0xff,
    0xf0, 0x0, 0x1f, 0xff, 0xff, 0xf0, 0x1, 0xff,
    0xff, 0xff, 0xf0, 0xf, 0xff, 0xff, 0xff, 0xe0,
    0x7f, 0xfd, 0xb, 0xff, 0xc2, 0xff, 0xd0, 0xf,
    0xff, 0x4f, 0xff, 0x0, 0x1f, 0xfe, 0x3f, 0xf8,
    0x0, 0x3f, 0xf8, 0x1, 0x90, 0x0, 0xff, 0xe0,
    0x0, 0x0, 0x3, 0xff, 0x80, 0x0, 0x0, 0x1f,
    0xfe, 0x0, 0x0, 0x0, 0xbf, 0xf4, 0x0, 0x0,
    0x3, 0xff, 0xc0, 0x0, 0x0, 0x1f, 0xfe, 0x0,
    0x0, 0x0, 0xff, 0xf4, 0x0, 0x0, 0xb, 0xff,
    0x80, 0x0, 0x0, 0x7f, 0xfc, 0x0, 0x0, 0x7,
    0xff, 0xd0, 0x0, 0x0, 0x3f, 0xfe, 0x0, 0x0,
    0x3, 0xff, 0xe0, 0x0, 0x0, 0x1f, 0xff, 0x0,
    0x0, 0x0, 0xbf, 0xf0, 0x0, 0x0, 0x3, 0xff,
    0xc0, 0x0, 0x0, 0xf, 0xfe, 0x0, 0x0, 0x0,
    0x3f, 0xf8, 0x0, 0x0, 0x0, 0xff, 0xe0, 0x0,
    0x0, 0x3, 0xff, 0x80, 0x0, 0x0, 0xf, 0xfe,
    0x0, 0x0, 0x0, 0x0, 0x0, 0x0, 0x0, 0x0,
    0x0, 0x0, 0x0, 0x0, 0x0, 0x0, 0x0, 0x0,
    0x0, 0xf, 0xfd, 0x0, 0x0, 0x0, 0x3f, 0xf8,
    0x0, 0x0, 0x0, 0xff, 0xe0, 0x0, 0x0, 0x3,
    0xff, 0x80, 0x0, 0x0, 0xf, 0xfe, 0x0, 0x0,
    0x0, 0x3f, 0xf8, 0x0, 0x0,

    /* U+0040 "@" */
    0x0, 0x0, 0x0, 0x0, 0x16, 0xa5, 0x40, 0x0,
    0x0, 0x0, 0x0, 0x0, 0x0, 0x1b, 0xff, 0xff,
    0xfe, 0x0, 0x0, 0x0, 0x0, 0x0, 0x1, 0xff,
    0xff, 0xff, 0xff, 0xe0, 0x0, 0x0, 0x0, 0x0,
    0xf, 0xff, 0xff, 0xff, 0xff, 0xfd, 0x0, 0x0,
    0x0, 0x0, 0x7f, 0xff, 0xff, 0xff, 0xff, 0xff,
    0x80, 0x0, 0x0, 0x1, 0xff, 0xff, 0x90, 0x0,
    0x6f, 0xff, 0xf0, 0x0, 0x0, 0x7, 0xff, 0xf4,
    0x0, 0x0, 0x2, 0xff, 0xf8, 0x0, 0x0, 0xf,
    0xff, 0x40, 0x0, 0x0, 0x0, 0x3f, 0xfd, 0x0,
    0x0, 0x3f, 0xfc, 0x0, 0x6a, 0x40, 0x0, 0xb,
    0xff, 0x0, 0x0, 0xbf, 0xf0, 0xb, 0xff, 0xf4,
    0xbf, 0xf3, 0xff, 0x80, 0x0, 0xff, 0xc0, 0x3f,
    0xff, 0xfe, 0xff, 0xf0, 0xff, 0xc0, 0x2, 0xff,
    0x40, 0xff, 0xff, 0xff, 0xff, 0xe0, 0x7f, 0xd0,
    0x3, 0xff, 0x2, 0xff, 0xff, 0xff, 0xff, 0xd0,
    0x3f, 0xf0, 0x7, 0xfd, 0x7, 0xff, 0xe0, 0x3f,
    0xff, 0xd0, 0x2f, 0xf0, 0xf, 0xfc, 0xf, 0xff,
    0x80, 0xf, 0xff, 0xc0, 0x1f, 0xf4, 0xf, 0xf4,
    0x1f, 0xff, 0x0, 0xf, 0xff, 0xc0, 0xf, 0xf4,
    0x1f, 0xf0, 0x2f, 0xfd, 0x0, 0xb, 0xff, 0xc0,
    0xf, 0xf8, 0x2f, 0xf0, 0x3f, 0xfc, 0x0, 0xb,
    0xff, 0x80, 0xf, 0xf8, 0x2f, 0xe0, 0x7f, 0xf8,
    0x0, 0xb, 0xff, 0x80, 0xf, 0xf8, 0x3f, 0xe0,
    0xbf, 0xf4, 0x0, 0xb, 0xff, 0x40, 0xf, 0xf8,
    0x3f, 0xd0, 0xff, 0xf0, 0x0, 0xb, 0xff, 0x0,
    0xf, 0xf8, 0x3f, 0xd0, 0xff, 0xf0, 0x0, 0xf,
    0xff, 0x0, 0xf, 0xf4, 0x3f, 0xd0, 0xff, 0xf0,
    0x0, 0xf, 0xff, 0x0, 0xf, 0xf0, 0x3f, 0xd0,
    0xff, 0xf0, 0x0, 0xf, 0xfe, 0x0, 0x1f, 0xf0,
    0x3f, 0xe0, 0xff, 0xe0, 0x0, 0x1f, 0xfe, 0x0,
    0x3f, 0xf0, 0x3f, 0xe0, 0xff, 0xe0, 0x0, 0x2f,
    0xfd, 0x0, 0x7f, 0xd0, 0x3f, 0xe0, 0xff, 0xe0,
    0x0, 0x3f, 0xfd, 0x0, 0xff, 0xc0, 0x2f, 0xf0,
    0xff, 0xf0, 0x0, 0x7f, 0xfc, 0x1, 0xff, 0x80,
    0x1f, 0xf0, 0xff, 0xf0, 0x0, 0xff, 0xfc, 0x7,
    0xff, 0x0, 0x1f, 0xf4, 0x7f, 0xf8, 0x1, 0xff,
    0xfc, 0x1f, 0xfd, 0x0, 0xf, 0xfc, 0x3f, 0xfd,
    0xb, 0xff, 0xfe, 0xff, 0xfc, 0x0, 0xb, 0xfd,
    0x2f, 0xff, 0xff, 0xff, 0xff, 0xff, 0xf0, 0x0,
    0x3, 0xff, 0xf, 0xff, 0xff, 0xff, 0xff, 0xff,
    0xc0, 0x0, 0x2, 0xff, 0x83, 0xff, 0xff, 0xdf,
    0xff, 0xfe, 0x0, 0x0, 0x0, 0xff, 0xd0, 0xbf,
    0xfe, 0x3, 0xff, 0xf4, 0x0, 0x0, 0x0, 0xbf,
    0xf4, 0x5, 0x50, 0x0, 0x55, 0x0, 0xff, 0xf8,
    0x0, 0x3f, 0xfd, 0x0, 0x0, 0x0, 0x0, 0x7,
    0xff, 0xe0, 0x0, 0xf, 0xff, 0x80, 0x0, 0x0,
    0x0, 0x7f, 0xff, 0xc0, 0x0, 0x3, 0xff, 0xf9,
    0x0, 0x0, 0x7, 0xff, 0xfe, 0x0, 0x0, 0x0,
    0xff, 0xff, 0xfa, 0xab, 0xff, 0xff, 0xf4, 0x0,
    0x0, 0x0, 0x2f, 0xff, 0xff, 0xff, 0xff, 0xff,
    0xc0, 0x0, 0x0, 0x0, 0x7, 0xff, 0xff, 0xff,
    0xff, 0xfd, 0x0, 0x0, 0x0, 0x0, 0x0, 0x6f,
    0xff, 0xff, 0xff, 0x90, 0x0, 0x0, 0x0, 0x0,
    0x0, 0x1, 0xaf, 0xff, 0xa4, 0x0, 0x0, 0x0,

    /* U+0041 "A" */
    0x0, 0x3, 0xff, 0xfc, 0x0, 0x0, 0x0, 0x3f,
    0xff, 0xd0, 0x0, 0x0, 0x3, 0xff, 0xfd, 0x0,
    0x0, 0x0, 0x7f, 0xff, 0xe0, 0x0, 0x0, 0x7,
    0xff, 0xff, 0x0, 0x0, 0x0, 0xbf, 0xff, 0xf0,
    0x0, 0x0, 0xf, 0xff, 0xff, 0x0, 0x0, 0x0,
    0xff, 0xff, 0xf4, 0x0, 0x0, 0xf, 0xff, 0xff,
    0x40, 0x0, 0x1, 0xff, 0xef, 0xf8, 0x0, 0x0,
    0x1f, 0xfe, 0xff, 0xc0, 0x0, 0x2, 0xff, 0x9f,
    0xfc, 0x0, 0x0, 0x3f, 0xf9, 0xff, 0xc0, 0x0,
    0x3, 0xff, 0x4f, 0xfd, 0x0, 0x0, 0x3f, 0xf4,
    0xff, 0xd0, 0x0, 0x7, 0xff, 0xf, 0xfe, 0x0,
    0x0, 0x7f, 0xf0, 0xbf, 0xf0, 0x0, 0xb, 0xff,
    0xb, 0xff, 0x0, 0x0, 0xff, 0xe0, 0x7f, 0xf0,
    0x0, 0xf, 0xfe, 0x7, 0xff, 0x40, 0x0, 0xff,
    0xd0, 0x3f, 0xf4, 0x0, 0x1f, 0xfd, 0x3, 0xff,
    0x80, 0x1, 0xff, 0xc0, 0x3f, 0xfc, 0x0, 0x2f,
    0xfe, 0xab, 0xff, 0xc0, 0x3, 0xff, 0xff, 0xff,
    0xfc, 0x0, 0x3f, 0xff, 0xff, 0xff, 0xd0, 0x3,
    0xff, 0xff, 0xff, 0xfd, 0x0, 0x7f, 0xff, 0xff,
    0xff, 0xe0, 0x7, 0xff, 0xff, 0xff, 0xfe, 0x0,
    0xbf, 0xf0, 0x0, 0xff, 0xf0, 0xf, 0xff, 0x0,
    0xb, 0xff, 0x0, 0xff, 0xf0, 0x0, 0xbf, 0xf0,
    0xf, 0xfe, 0x0, 0x7, 0xff, 0x41, 0xff, 0xd0,
    0x0, 0x7f, 0xf8, 0x1f, 0xfd, 0x0, 0x3, 0xff,
    0x82, 0xff, 0xc0, 0x0, 0x3f, 0xfc, 0x3f, 0xfc,
    0x0, 0x3, 0xff, 0xc3, 0xff, 0xc0, 0x0, 0x2f,
    0xfc,

    /* U+0042 "B" */
    0x3f, 0xff, 0xff, 0x80, 0x0, 0x3f, 0xff, 0xff,
    0xf8, 0x0, 0x3f, 0xff, 0xff, 0xff, 0x40, 0x3f,
    0xff, 0xff, 0xff, 0xc0, 0x3f, 0xff, 0xff, 0xff,
    0xf0, 0x3f, 0xff, 0xff, 0xff, 0xf4, 0x3f, 0xfc,
    0x1, 0xff, 0xf8, 0x3f, 0xfc, 0x0, 0xbf, 0xfc,
    0x3f, 0xfc, 0x0, 0x3f, 0xfc, 0x3f, 0xfc, 0x0,
    0x3f, 0xfc, 0x3f, 0xfc, 0x0, 0x3f, 0xfc, 0x3f,
    0xfc, 0x0, 0x3f, 0xfc, 0x3f, 0xfc, 0x0, 0x3f,
    0xfc, 0x3f, 0xfc, 0x0, 0x7f, 0xfc, 0x3f, 0xfc,
    0x0, 0xff, 0xf4, 0x3f, 0xfe, 0x6b, 0xff, 0xf0,
    0x3f, 0xff, 0xff, 0xff, 0xd0, 0x3f, 0xff, 0xff,
    0xff, 0x40, 0x3f, 0xff, 0xff, 0xff, 0x0, 0x3f,
    0xff, 0xff, 0xff, 0xd0, 0x3f, 0xff, 0xff, 0xff,
    0xf0, 0x3f, 0xfc, 0x2, 0xff, 0xf8, 0x3f, 0xfc,
    0x0, 0x7f, 0xfc, 0x3f, 0xfc, 0x0, 0x3f, 0xfd,
    0x3f, 0xfc, 0x0, 0x2f, 0xfe, 0x3f, 0xfc, 0x0,
    0x1f, 0xff, 0x3f, 0xfc, 0x0, 0x1f, 0xff, 0x3f,
    0xfc, 0x0, 0x1f, 0xff, 0x3f, 0xfc, 0x0, 0x1f,
    0xff, 0x3f, 0xfc, 0x0, 0x3f, 0xff, 0x3f, 0xfc,
    0x0, 0x7f, 0xfe, 0x3f, 0xfc, 0x1, 0xff, 0xfd,
    0x3f, 0xfe, 0xaf, 0xff, 0xfc, 0x3f, 0xff, 0xff,
    0xff, 0xf8, 0x3f, 0xff, 0xff, 0xff, 0xf0, 0x3f,
    0xff, 0xff, 0xff, 0xc0, 0x3f, 0xff, 0xff, 0xfe,
    0x0, 0x3f, 0xff, 0xff, 0xe4, 0x0,

    /* U+0043 "C" */
    0x0, 0x6, 0xff, 0x80, 0x0, 0x0, 0xff, 0xff,
    0xe0, 0x0, 0x1f, 0xff, 0xff, 0xf0, 0x0, 0xff,
    0xff, 0xff, 0xf0, 0xf, 0xff, 0xff, 0xff, 0xe0,
    0x7f, 0xff, 0xbf, 0xff, 0xc2, 0xff, 0xe0, 0x1f,
    0xff, 0x4f, 0xff, 0x0, 0x1f, 0xfe, 0x3f, 0xf8,
    0x0, 0x3f, 0xfc, 0xff, 0xd0, 0x0, 0xff, 0xf3,
    0xff, 0x40, 0x3, 0xff, 0xcf, 0xfd, 0x0, 0xf,
    0xff, 0x3f, 0xf4, 0x0, 0x3f, 0xfc, 0xff, 0xd0,
    0x0, 0x0, 0x3, 0xff, 0x40, 0x0, 0x0, 0xf,
    0xfd, 0x0, 0x0, 0x0, 0x3f, 0xf4, 0x0, 0x0,
    0x0, 0xff, 0xd0, 0x0, 0x0, 0x3, 0xff, 0x40,
    0x0, 0x0, 0xf, 0xfd, 0x0, 0x0, 0x0, 0x3f,
    0xf4, 0x0, 0x0, 0x0, 0xff, 0xd0, 0x0, 0x0,
    0x3, 0xff, 0x40, 0x0, 0x0, 0xf, 0xfd, 0x0,
    0x0, 0x0, 0x3f, 0xf4, 0x0, 0x3f, 0xfc, 0xff,
    0xd0, 0x0, 0xff, 0xf3, 0xff, 0x40, 0x3, 0xff,
    0xcf, 0xfd, 0x0, 0xf, 0xff, 0x3f, 0xf4, 0x0,
    0x3f, 0xfc, 0xff, 0xe0, 0x0, 0xff, 0xf3, 0xff,
    0xc0, 0x7, 0xff, 0x8b, 0xff, 0x80, 0x7f, 0xfd,
    0x1f, 0xff, 0xff, 0xff, 0xf0, 0x3f, 0xff, 0xff,
    0xff, 0x80, 0x3f, 0xff, 0xff, 0xfc, 0x0, 0x7f,
    0xff, 0xff, 0xc0, 0x0, 0x3f, 0xff, 0xf8, 0x0,
    0x0, 0x1b, 0xfe, 0x0, 0x0,

    /* U+0044 "D" */
    0x3f, 0xff, 0xff, 0x80, 0x0, 0xff, 0xff, 0xff,
    0xe0, 0x3, 0xff, 0xff, 0xff, 0xf0, 0xf, 0xff,
    0xff, 0xff, 0xe0, 0x3f, 0xff, 0xff, 0xff, 0xd0,
    0xff, 0xff, 0xff, 0xff, 0xc3, 0xff, 0x80, 0x1f,
    0xff, 0x4f, 0xfe, 0x0, 0x1f, 0xfe, 0x3f, 0xf8,
    0x0, 0x3f, 0xf8, 0xff, 0xe0, 0x0, 0xff, 0xe3,
    0xff, 0x80, 0x3, 0xff, 0x8f, 0xfe, 0x0, 0xf,
    0xfe, 0x3f, 0xf8, 0x0, 0x3f, 0xf8, 0xff, 0xe0,
    0x0, 0xff, 0xe3, 0xff, 0x80, 0x3, 0xff, 0x8f,
    0xfe, 0x0, 0xf, 0xfe, 0x3f, 0xf8, 0x0, 0x3f,
    0xf8, 0xff, 0xe0, 0x0, 0xff, 0xe3, 0xff, 0x80,
    0x3, 0xff, 0x8f, 0xfe, 0x0, 0xf, 0xfe, 0x3f,
    0xf8, 0x0, 0x3f, 0xf8, 0xff, 0xe0, 0x0, 0xff,
    0xe3, 0xff, 0x80, 0x3, 0xff, 0x8f, 0xfe, 0x0,
    0xf, 0xfe, 0x3f, 0xf8, 0x0, 0x3f, 0xf8, 0xff,
    0xe0, 0x0, 0xff, 0xe3, 0xff, 0x80, 0x3, 0xff,
    0x8f, 0xfe, 0x0, 0xf, 0xfe, 0x3f, 0xf8, 0x0,
    0x3f, 0xf8, 0xff, 0xe0, 0x0, 0xff, 0xe3, 0xff,
    0x80, 0x3, 0xff, 0x8f, 0xfe, 0x0, 0x3f, 0xfd,
    0x3f, 0xfe, 0xaf, 0xff, 0xf0, 0xff, 0xff, 0xff,
    0xff, 0x43, 0xff, 0xff, 0xff, 0xf8, 0xf, 0xff,
    0xff, 0xff, 0xc0, 0x3f, 0xff, 0xff, 0xf8, 0x0,
    0xff, 0xff, 0xfe, 0x0, 0x0,

    /* U+0045 "E" */
    0x3f, 0xff, 0xff, 0xff, 0xcf, 0xff, 0xff, 0xff,
    0xf3, 0xff, 0xff, 0xff, 0xfc, 0xff, 0xff, 0xff,
    0xff, 0x3f, 0xff, 0xff, 0xff, 0xcf, 0xff, 0xaa,
    0xaa, 0xa3, 0xff, 0x80, 0x0, 0x0, 0xff, 0xe0,
    0x0, 0x0, 0x3f, 0xf8, 0x0, 0x0, 0xf, 0xfe,
    0x0, 0x0, 0x3, 0xff, 0x80, 0x0, 0x0, 0xff,
    0xe0, 0x0, 0x0, 0x3f, 0xf8, 0x0, 0x0, 0xf,
    0xfe, 0x0, 0x0, 0x3, 0xff, 0x80, 0x0, 0x0,
    0xff, 0xe0, 0x0, 0x0, 0x3f, 0xff, 0xff, 0xf0,
    0xf, 0xff, 0xff, 0xfc, 0x3, 0xff, 0xff, 0xff,
    0x0, 0xff, 0xff, 0xff, 0xc0, 0x3f, 0xff, 0xff,
    0xf0, 0xf, 0xff, 0xff, 0xfc, 0x3, 0xff, 0x80,
    0x0, 0x0, 0xff, 0xe0, 0x0, 0x0, 0x3f, 0xf8,
    0x0, 0x0, 0xf, 0xfe, 0x0, 0x0, 0x3, 0xff,
    0x80, 0x0, 0x0, 0xff, 0xe0, 0x0, 0x0, 0x3f,
    0xf8, 0x0, 0x0, 0xf, 0xfe, 0x0, 0x0, 0x3,
    0xff, 0x80, 0x0, 0x0, 0xff, 0xe0, 0x0, 0x0,
    0x3f, 0xfe, 0xaa, 0xaa, 0x8f, 0xff, 0xff, 0xff,
    0xf3, 0xff, 0xff, 0xff, 0xfc, 0xff, 0xff, 0xff,
    0xff, 0x3f, 0xff, 0xff, 0xff, 0xcf, 0xff, 0xff,
    0xff, 0xf0,

    /* U+0046 "F" */
    0x3f, 0xff, 0xff, 0xff, 0xcf, 0xff, 0xff, 0xff,
    0xf3, 0xff, 0xff, 0xff, 0xfc, 0xff, 0xff, 0xff,
    0xff, 0x3f, 0xff, 0xff, 0xff, 0xcf, 0xff, 0xaa,
    0xaa, 0xa3, 0xff, 0x80, 0x0, 0x0, 0xff, 0xe0,
    0x0, 0x0, 0x3f, 0xf8, 0x0, 0x0, 0xf, 0xfe,
    0x0, 0x0, 0x3, 0xff, 0x80, 0x0, 0x0, 0xff,
    0xe0, 0x0, 0x0, 0x3f, 0xf8, 0x0, 0x0, 0xf,
    0xfe, 0x0, 0x0, 0x3, 0xff, 0x80, 0x0, 0x0,
    0xff, 0xe0, 0x0, 0x0, 0x3f, 0xff, 0xff, 0xf0,
    0xf, 0xff, 0xff, 0xfc, 0x3, 0xff, 0xff, 0xff,
    0x0, 0xff, 0xff, 0xff, 0xc0, 0x3f, 0xff, 0xff,
    0xf0, 0xf, 0xff, 0xff, 0xfc, 0x3, 0xff, 0x80,
    0x0, 0x0, 0xff, 0xe0, 0x0, 0x0, 0x3f, 0xf8,
    0x0, 0x0, 0xf, 0xfe, 0x0, 0x0, 0x3, 0xff,
    0x80, 0x0, 0x0, 0xff, 0xe0, 0x0, 0x0, 0x3f,
    0xf8, 0x0, 0x0, 0xf, 0xfe, 0x0, 0x0, 0x3,
    0xff, 0x80, 0x0, 0x0, 0xff, 0xe0, 0x0, 0x0,
    0x3f, 0xf8, 0x0, 0x0, 0xf, 0xfe, 0x0, 0x0,
    0x3, 0xff, 0x80, 0x0, 0x0, 0xff, 0xe0, 0x0,
    0x0, 0x3f, 0xf8, 0x0, 0x0, 0xf, 0xfe, 0x0,
    0x0, 0x0,

    /* U+0047 "G" */
    0x0, 0x6, 0xff, 0x80, 0x0, 0x0, 0xff, 0xff,
    0xe0, 0x0, 0x1f, 0xff, 0xff, 0xf0, 0x0, 0xff,
    0xff, 0xff, 0xf0, 0xf, 0xff, 0xff, 0xff, 0xe0,
    0x7f, 0xff, 0xbf, 0xff, 0xc2, 0xff, 0xe0, 0x1f,
    0xff, 0x4f, 0xff, 0x0, 0x1f, 0xfe, 0x3f, 0xf8,
    0x0, 0x3f, 0xfc, 0xff, 0xd0, 0x0, 0xff, 0xf3,
    0xff, 0x40, 0x3, 0xff, 0xcf, 0xfd, 0x0, 0xf,
    0xff, 0x3f, 0xf4, 0x0, 0x3f, 0xfc, 0xff, 0xd0,
    0x0, 0x0, 0x3, 0xff, 0x40, 0x0, 0x0, 0xf,
    0xfd, 0x0, 0x0, 0x0, 0x3f, 0xf4, 0xf, 0xff,
    0xfc, 0xff, 0xd0, 0x3f, 0xff, 0xf3, 0xff, 0x40,
    0xff, 0xff, 0xcf, 0xfd, 0x3, 0xff, 0xff, 0x3f,
    0xf4, 0xf, 0xff, 0xfc, 0xff, 0xd0, 0x2a, 0xff,
    0xf3, 0xff, 0x40, 0x3, 0xff, 0xcf, 0xfd, 0x0,
    0xf, 0xff, 0x3f, 0xf4, 0x0, 0x3f, 0xfc, 0xff,
    0xd0, 0x0, 0xff, 0xf3, 0xff, 0x40, 0x3, 0xff,
    0xcf, 0xfd, 0x0, 0xf, 0xff, 0x3f, 0xf4, 0x0,
    0x3f, 0xfc, 0xff, 0xe0, 0x0, 0xff, 0xf3, 0xff,
    0xc0, 0xb, 0xff, 0x8b, 0xff, 0x80, 0x7f, 0xfd,
    0x1f, 0xff, 0xff, 0xff, 0xf0, 0x3f, 0xff, 0xff,
    0xff, 0x80, 0x3f, 0xff, 0xff, 0xfc, 0x0, 0x7f,
    0xff, 0xff, 0xc0, 0x0, 0x3f, 0xff, 0xf8, 0x0,
    0x0, 0x1b, 0xfe, 0x0, 0x0,

    /* U+0048 "H" */
    0x3f, 0xf8, 0x0, 0x2f, 0xfc, 0x3f, 0xf8, 0x0,
    0x2f, 0xfc, 0x3f, 0xf8, 0x0, 0x2f, 0xfc, 0x3f,
    0xf8, 0x0, 0x2f, 0xfc, 0x3f, 0xf8, 0x0, 0x2f,
    0xfc, 0x3f, 0xf8, 0x0, 0x2f, 0xfc, 0x3f, 0xf8,
    0x0, 0x2f, 0xfc, 0x3f, 0xf8, 0x0, 0x2f, 0xfc,
    0x3f, 0xf8, 0x0, 0x2f, 0xfc, 0x3f, 0xf8, 0x0,
    0x2f, 0xfc, 0x3f, 0xf8, 0x0, 0x2f, 0xfc, 0x3f,
    0xf8, 0x0, 0x2f, 0xfc, 0x3f, 0xf8, 0x0, 0x2f,
    0xfc, 0x3f, 0xf8, 0x0, 0x2f, 0xfc, 0x3f, 0xf8,
    0x0, 0x2f, 0xfc, 0x3f, 0xf8, 0x0, 0x2f, 0xfc,
    0x3f, 0xff, 0xff, 0xff, 0xfc, 0x3f, 0xff, 0xff,
    0xff, 0xfc, 0x3f, 0xff, 0xff, 0xff, 0xfc, 0x3f,
    0xff, 0xff, 0xff, 0xfc, 0x3f, 0xff, 0xff, 0xff,
    0xfc, 0x3f, 0xff, 0xff, 0xff, 0xfc, 0x3f, 0xf8,
    0x0, 0x2f, 0xfc, 0x3f, 0xf8, 0x0, 0x2f, 0xfc,
    0x3f, 0xf8, 0x0, 0x2f, 0xfc, 0x3f, 0xf8, 0x0,
    0x2f, 0xfc, 0x3f, 0xf8, 0x0, 0x2f, 0xfc, 0x3f,
    0xf8, 0x0, 0x2f, 0xfc, 0x3f, 0xf8, 0x0, 0x2f,
    0xfc, 0x3f, 0xf8, 0x0, 0x2f, 0xfc, 0x3f, 0xf8,
    0x0, 0x2f, 0xfc, 0x3f, 0xf8, 0x0, 0x2f, 0xfc,
    0x3f, 0xf8, 0x0, 0x2f, 0xfc, 0x3f, 0xf8, 0x0,
    0x2f, 0xfc, 0x3f, 0xf8, 0x0, 0x2f, 0xfc, 0x3f,
    0xf8, 0x0, 0x2f, 0xfc, 0x3f, 0xf8, 0x0, 0x2f,
    0xfc, 0x3f, 0xf8, 0x0, 0x2f, 0xfc,

    /* U+0049 "I" */
    0x3f, 0xf8, 0xff, 0xe3, 0xff, 0x8f, 0xfe, 0x3f,
    0xf8, 0xff, 0xe3, 0xff, 0x8f, 0xfe, 0x3f, 0xf8,
    0xff, 0xe3, 0xff, 0x8f, 0xfe, 0x3f, 0xf8, 0xff,
    0xe3, 0xff, 0x8f, 0xfe, 0x3f, 0xf8, 0xff, 0xe3,
    0xff, 0x8f, 0xfe, 0x3f, 0xf8, 0xff, 0xe3, 0xff,
    0x8f, 0xfe, 0x3f, 0xf8, 0xff, 0xe3, 0xff, 0x8f,
    0xfe, 0x3f, 0xf8, 0xff, 0xe3, 0xff, 0x8f, 0xfe,
    0x3f, 0xf8, 0xff, 0xe3, 0xff, 0x8f, 0xfe, 0x3f,
    0xf8, 0xff, 0xe0,

    /* U+004A "J" */
    0x0, 0x0, 0xff, 0xd0, 0x0, 0xf, 0xfd, 0x0,
    0x0, 0xff, 0xd0, 0x0, 0xf, 0xfd, 0x0, 0x0,
    0xff, 0xd0, 0x0, 0xf, 0xfd, 0x0, 0x0, 0xff,
    0xd0, 0x0, 0xf, 0xfd, 0x0, 0x0, 0xff, 0xd0,
    0x0, 0xf, 0xfd, 0x0, 0x0, 0xff, 0xd0, 0x0,
    0xf, 0xfd, 0x0, 0x0, 0xff, 0xd0, 0x0, 0xf,
    0xfd, 0x0, 0x0, 0xff, 0xd0, 0x0, 0xf, 0xfd,
    0x0, 0x0, 0xff, 0xd0, 0x0, 0xf, 0xfd, 0x0,
    0x0, 0xff, 0xd0, 0x0, 0xf, 0xfd, 0x0, 0x0,
    0xff, 0xd0, 0x0, 0xf, 0xfd, 0x0, 0x0, 0xff,
    0xd0, 0x0, 0xf, 0xfd, 0x0, 0x0, 0xff, 0xd0,
    0x0, 0xf, 0xfd, 0x0, 0x0, 0xff, 0xd0, 0x0,
    0xf, 0xfd, 0x0, 0x0, 0xff, 0xd0, 0x0, 0xf,
    0xfd, 0x0, 0x1, 0xff, 0xc0, 0x0, 0x7f, 0xfc,
    0xa, 0xbf, 0xff, 0x81, 0xff, 0xff, 0xf0, 0x2f,
    0xff, 0xfd, 0x3, 0xff, 0xff, 0x80, 0x3f, 0xff,
    0xd0, 0x2, 0xff, 0x90, 0x0,

    /* U+004B "K" */
    0x3f, 0xf8, 0x0, 0x3f, 0xfc, 0xf, 0xfe, 0x0,
    0x1f, 0xff, 0x3, 0xff, 0x80, 0xf, 0xff, 0x40,
    0xff, 0xe0, 0x7, 0xff, 0xc0, 0x3f, 0xf8, 0x3,
    0xff, 0xd0, 0xf, 0xfe, 0x1, 0xff, 0xf0, 0x3,
    0xff, 0x80, 0xff, 0xf4, 0x0, 0xff, 0xe0, 0x7f,
    0xfc, 0x0, 0x3f, 0xf8, 0x3f, 0xfd, 0x0, 0xf,
    0xfe, 0x1f, 0xff, 0x0, 0x3, 0xff, 0x8f, 0xff,
    0x40, 0x0, 0xff, 0xe7, 0xff, 0xc0, 0x0, 0x3f,
    0xfb, 0xff, 0xd0, 0x0, 0xf, 0xff, 0xff, 0xf0,
    0x0, 0x3, 0xff, 0xff, 0xf4, 0x0, 0x0, 0xff,
    0xff, 0xfc, 0x0, 0x0, 0x3f, 0xff, 0xff, 0x0,
    0x0, 0xf, 0xff, 0xff, 0xe0, 0x0, 0x3, 0xff,
    0xff, 0xfc, 0x0, 0x0, 0xff, 0xff, 0xff, 0x40,
    0x0, 0x3f, 0xff, 0xff, 0xf0, 0x0, 0xf, 0xff,
    0xff, 0xfc, 0x0, 0x3, 0xff, 0xff, 0xff, 0x80,
    0x0, 0xff, 0xfd, 0xff, 0xf0, 0x0, 0x3f, 0xfd,
    0x3f, 0xfd, 0x0, 0xf, 0xff, 0xb, 0xff, 0xc0,
    0x3, 0xff, 0x80, 0xff, 0xf0, 0x0, 0xff, 0xe0,
    0x3f, 0xfe, 0x0, 0x3f, 0xf8, 0x7, 0xff, 0xc0,
    0xf, 0xfe, 0x0, 0xff, 0xf4, 0x3, 0xff, 0x80,
    0x2f, 0xff, 0x0, 0xff, 0xe0, 0x7, 0xff, 0xc0,
    0x3f, 0xf8, 0x0, 0xff, 0xf8, 0xf, 0xfe, 0x0,
    0x2f, 0xff, 0x3, 0xff, 0x80, 0x3, 0xff, 0xd0,
    0xff, 0xe0, 0x0, 0xff, 0xfc, 0x3f, 0xf8, 0x0,
    0x1f, 0xff, 0xf, 0xfe, 0x0, 0x3, 0xff, 0xe0,

    /* U+004C "L" */
    0x3f, 0xf8, 0x0, 0x0, 0xf, 0xfe, 0x0, 0x0,
    0x3, 0xff, 0x80, 0x0, 0x0, 0xff, 0xe0, 0x0,
    0x0, 0x3f, 0xf8, 0x0, 0x0, 0xf, 0xfe, 0x0,
    0x0, 0x3, 0xff, 0x80, 0x0, 0x0, 0xff, 0xe0,
    0x0, 0x0, 0x3f, 0xf8, 0x0, 0x0, 0xf, 0xfe,
    0x0, 0x0, 0x3, 0xff, 0x80, 0x0, 0x0, 0xff,
    0xe0, 0x0, 0x0, 0x3f, 0xf8, 0x0, 0x0, 0xf,
    0xfe, 0x0, 0x0, 0x3, 0xff, 0x80, 0x0, 0x0,
    0xff, 0xe0, 0x0, 0x0, 0x3f, 0xf8, 0x0, 0x0,
    0xf, 0xfe, 0x0, 0x0, 0x3, 0xff, 0x80, 0x0,
    0x0, 0xff, 0xe0, 0x0, 0x0, 0x3f, 0xf8, 0x0,
    0x0, 0xf, 0xfe, 0x0, 0x0, 0x3, 0xff, 0x80,
    0x0, 0x0, 0xff, 0xe0, 0x0, 0x0, 0x3f, 0xf8,
    0x0, 0x0, 0xf, 0xfe, 0x0, 0x0, 0x3, 0xff,
    0x80, 0x0, 0x0, 0xff, 0xe0, 0x0, 0x0, 0x3f,
    0xf8, 0x0, 0x0, 0xf, 0xfe, 0x0, 0x0, 0x3,
    0xff, 0x80, 0x0, 0x0, 0xff, 0xe0, 0x0, 0x0,
    0x3f, 0xfe, 0xaa, 0xaa, 0xf, 0xff, 0xff, 0xff,
    0xd3, 0xff, 0xff, 0xff, 0xf4, 0xff, 0xff, 0xff,
    0xfd, 0x3f, 0xff, 0xff, 0xff, 0x4f, 0xff, 0xff,
    0xff, 0xd0,

    /* U+004D "M" */
    0x3f, 0xff, 0xc0, 0x0, 0x3, 0xff, 0xfc, 0x3f,
    0xff, 0xd0, 0x0, 0x3, 0xff, 0xfc, 0x3f, 0xff,
    0xd0, 0x0, 0x3, 0xff, 0xfc, 0x3f, 0xff, 0xe0,
    0x0, 0x7, 0xff, 0xfc, 0x3f, 0xff, 0xf0, 0x0,
    0xb, 0xff, 0xfc, 0x3f, 0xff, 0xf0, 0x0, 0xb,
    0xff, 0xfc, 0x3f, 0xff, 0xf4, 0x0, 0xf, 0xff,
    0xfc, 0x3f, 0xff, 0xf4, 0x0, 0xf, 0xff, 0xfc,
    0x3f, 0xff, 0xf8, 0x0, 0x1f, 0xff, 0xfc, 0x3f,
    0xff, 0xfc, 0x0, 0x1f, 0xff, 0xfc, 0x3f, 0xff,
    0xfc, 0x0, 0x2f, 0xff, 0xfc, 0x3f, 0xff, 0xfc,
    0x0, 0x3f, 0xff, 0xfc, 0x3f, 0xff, 0xfd, 0x0,
    0x3f, 0xff, 0xfc, 0x3f, 0xff, 0xfe, 0x0, 0x3f,
    0xff, 0xfc, 0x3f, 0xff, 0xff, 0x0, 0x7f, 0xff,
    0xfc, 0x3f, 0xfb, 0xff, 0x0, 0xbf, 0xef, 0xfc,
    0x3f, 0xfb, 0xff, 0x0, 0xbf, 0xef, 0xfc, 0x3f,
    0xfa, 0xff, 0x40, 0xff, 0xef, 0xfc, 0x3f, 0xf9,
    0xff, 0x80, 0xff, 0xaf, 0xfc, 0x3f, 0xf8, 0xff,
    0xc1, 0xff, 0x6f, 0xfc, 0x3f, 0xf8, 0xff, 0xc1,
    0xff, 0x2f, 0xfc, 0x3f, 0xf8, 0xbf, 0xc2, 0xff,
    0x2f, 0xfc, 0x3f, 0xf8, 0xbf, 0xd3, 0xfe, 0x2f,
    0xfc, 0x3f, 0xf8, 0x7f, 0xe3, 0xfe, 0x2f, 0xfc,
    0x3f, 0xf8, 0x3f, 0xe3, 0xfd, 0x2f, 0xfc, 0x3f,
    0xf8, 0x3f, 0xf7, 0xfc, 0x2f, 0xfc, 0x3f, 0xf8,
    0x2f, 0xfb, 0xfc, 0x2f, 0xfc, 0x3f, 0xf8, 0x1f,
    0xff, 0xf8, 0x2f, 0xfc, 0x3f, 0xf8, 0xf, 0xff,
    0xf8, 0x2f, 0xfc, 0x3f, 0xf8, 0xf, 0xff, 0xf4,
    0x2f, 0xfc, 0x3f, 0xf8, 0xb, 0xff, 0xf0, 0x2f,
    0xfc, 0x3f, 0xf8, 0x7, 0xff, 0xf0, 0x2f, 0xfc,
    0x3f, 0xf8, 0x3, 0xff, 0xe0, 0x2f, 0xfc, 0x3f,
    0xf8, 0x3, 0xff, 0xd0, 0x2f, 0xfc, 0x3f, 0xf8,
    0x3, 0xff, 0xd0, 0x2f, 0xfc, 0x3f, 0xf8, 0x2,
    0xff, 0xc0, 0x2f, 0xfc, 0x3f, 0xf8, 0x1, 0xff,
    0xc0, 0x2f, 0xfc, 0x3f, 0xf8, 0x0, 0xff, 0x80,
    0x2f, 0xfc,

    /* U+004E "N" */
    0x3f, 0xfd, 0x0, 0x7, 0xff, 0x4f, 0xff, 0x80,
    0x1, 0xff, 0xd3, 0xff, 0xf0, 0x0, 0x7f, 0xf4,
    0xff, 0xfd, 0x0, 0x1f, 0xfd, 0x3f, 0xff, 0x80,
    0x7, 0xff, 0x4f, 0xff, 0xf0, 0x1, 0xff, 0xd3,
    0xff, 0xfc, 0x0, 0x7f, 0xf4, 0xff, 0xff, 0x40,
    0x1f, 0xfd, 0x3f, 0xff, 0xf0, 0x7, 0xff, 0x4f,
    0xff, 0xfc, 0x1, 0xff, 0xd3, 0xff, 0xff, 0x40,
    0x7f, 0xf4, 0xff, 0xff, 0xe0, 0x1f, 0xfd, 0x3f,
    0xff, 0xfc, 0x7, 0xff, 0x4f, 0xff, 0xff, 0x1,
    0xff, 0xd3, 0xff, 0xbf, 0xe0, 0x7f, 0xf4, 0xff,
    0xef, 0xfc, 0x1f, 0xfd, 0x3f, 0xfa, 0xff, 0x7,
    0xff, 0x4f, 0xfe, 0x3f, 0xd1, 0xff, 0xd3, 0xff,
    0x8f, 0xf8, 0x7f, 0xf4, 0xff, 0xe2, 0xff, 0x1f,
    0xfd, 0x3f, 0xf8, 0x3f, 0xd7, 0xff, 0x4f, 0xfe,
    0xf, 0xf9, 0xff, 0xd3, 0xff, 0x82, 0xff, 0x7f,
    0xf4, 0xff, 0xe0, 0x7f, 0xdf, 0xfd, 0x3f, 0xf8,
    0xf, 0xfb, 0xff, 0x4f, 0xfe, 0x2, 0xff, 0xff,
    0xd3, 0xff, 0x80, 0x7f, 0xff, 0xf4, 0xff, 0xe0,
    0xf, 0xff, 0xfd, 0x3f, 0xf8, 0x2, 0xff, 0xff,
    0x4f, 0xfe, 0x0, 0x7f, 0xff, 0xd3, 0xff, 0x80,
    0xf, 0xff, 0xf4, 0xff, 0xe0, 0x2, 0xff, 0xfd,
    0x3f, 0xf8, 0x0, 0x7f, 0xff, 0x4f, 0xfe, 0x0,
    0xf, 0xff, 0xd3, 0xff, 0x80, 0x3, 0xff, 0xf4,
    0xff, 0xe0, 0x0, 0x7f, 0xfd, 0x3f, 0xf8, 0x0,
    0xf, 0xff, 0x4f, 0xfe, 0x0, 0x3, 0xff, 0xd0,

    /* U+004F "O" */
    0x0, 0x6, 0xff, 0x80, 0x0, 0x0, 0xff, 0xff,
    0xe0, 0x0, 0x1f, 0xff, 0xff, 0xf0, 0x0, 0xff,
    0xff, 0xff, 0xf0, 0xf, 0xff, 0xff, 0xff, 0xe0,
    0x7f, 0xff, 0xff, 0xff, 0xc2, 0xff, 0xe0, 0x1f,
    0xff, 0x4f, 0xff, 0x0, 0x1f, 0xfe, 0x3f, 0xf8,
    0x0, 0x3f, 0xfc, 0xff, 0xd0, 0x0, 0xff, 0xf3,
    0xff, 0x40, 0x3, 0xff, 0xcf, 0xfd, 0x0, 0xf,
    0xff, 0x3f, 0xf4, 0x0, 0x3f, 0xfc, 0xff, 0xd0,
    0x0, 0xff, 0xf3, 0xff, 0x40, 0x3, 0xff, 0xcf,
    0xfd, 0x0, 0xf, 0xff, 0x3f, 0xf4, 0x0, 0x3f,
    0xfc, 0xff, 0xd0, 0x0, 0xff, 0xf3, 0xff, 0x40,
    0x3, 0xff, 0xcf, 0xfd, 0x0, 0xf, 0xff, 0x3f,
    0xf4, 0x0, 0x3f, 0xfc, 0xff, 0xd0, 0x0, 0xff,
    0xf3, 0xff, 0x40, 0x3, 0xff, 0xcf, 0xfd, 0x0,
    0xf, 0xff, 0x3f, 0xf4, 0x0, 0x3f, 0xfc, 0xff,
    0xd0, 0x0, 0xff, 0xf3, 0xff, 0x40, 0x3, 0xff,
    0xcf, 0xfd, 0x0, 0xf, 0xff, 0x3f, 0xf4, 0x0,
    0x3f, 0xfc, 0xff, 0xe0, 0x0, 0xff, 0xf3, 0xff,
    0xc0, 0xb, 0xff, 0x8b, 0xff, 0x80, 0x7f, 0xfd,
    0x1f, 0xff, 0xff, 0xff, 0xf0, 0x3f, 0xff, 0xff,
    0xff, 0x80, 0x3f, 0xff, 0xff, 0xfc, 0x0, 0x7f,
    0xff, 0xff, 0xc0, 0x0, 0x3f, 0xff, 0xf8, 0x0,
    0x0, 0x1b, 0xfe, 0x0, 0x0,

    /* U+0050 "P" */
    0x3f, 0xff, 0xff, 0x90, 0x0, 0xff, 0xff, 0xff,
    0xf0, 0x3, 0xff, 0xff, 0xff, 0xf4, 0xf, 0xff,
    0xff, 0xff, 0xf0, 0x3f, 0xff, 0xff, 0xff, 0xe0,
    0xff, 0xff, 0xff, 0xff, 0xc3, 0xff, 0x80, 0xf,
    0xff, 0x4f, 0xfe, 0x0, 0xf, 0xfe, 0x3f, 0xf8,
    0x0, 0x3f, 0xf8, 0xff, 0xe0, 0x0, 0xff, 0xe3,
    0xff, 0x80, 0x3, 0xff, 0x8f, 0xfe, 0x0, 0xf,
    0xfe, 0x3f, 0xf8, 0x0, 0x3f, 0xf8, 0xff, 0xe0,
    0x0, 0xff, 0xe3, 0xff, 0x80, 0x3, 0xff, 0x8f,
    0xfe, 0x0, 0xf, 0xfe, 0x3f, 0xf8, 0x0, 0x7f,
    0xf4, 0xff, 0xe0, 0x7, 0xff, 0xc3, 0xff, 0xff,
    0xff, 0xff, 0xf, 0xff, 0xff, 0xff, 0xf0, 0x3f,
    0xff, 0xff, 0xff, 0x40, 0xff, 0xff, 0xff, 0xf8,
    0x3, 0xff, 0xff, 0xff, 0x40, 0xf, 0xff, 0xaa,
    0x40, 0x0, 0x3f, 0xf8, 0x0, 0x0, 0x0, 0xff,
    0xe0, 0x0, 0x0, 0x3, 0xff, 0x80, 0x0, 0x0,
    0xf, 0xfe, 0x0, 0x0, 0x0, 0x3f, 0xf8, 0x0,
    0x0, 0x0, 0xff, 0xe0, 0x0, 0x0, 0x3, 0xff,
    0x80, 0x0, 0x0, 0xf, 0xfe, 0x0, 0x0, 0x0,
    0x3f, 0xf8, 0x0, 0x0, 0x0, 0xff, 0xe0, 0x0,
    0x0, 0x3, 0xff, 0x80, 0x0, 0x0, 0xf, 0xfe,
    0x0, 0x0, 0x0, 0x3f, 0xf8, 0x0, 0x0, 0x0,
    0xff, 0xe0, 0x0, 0x0, 0x0,

    /* U+0051 "Q" */
    0x0, 0x6, 0xff, 0x80, 0x0, 0x0, 0x3f, 0xff,
    0xf8, 0x0, 0x1, 0xff, 0xff, 0xff, 0x0, 0x3,
    0xff, 0xff, 0xff, 0xc0, 0xf, 0xff, 0xff, 0xff,
    0xe0, 0x1f, 0xff, 0xff, 0xff, 0xf0, 0x2f, 0xfe,
    0x1, 0xff, 0xf4, 0x3f, 0xfc, 0x0, 0x7f, 0xf8,
    0x3f, 0xf8, 0x0, 0x3f, 0xfc, 0x3f, 0xf4, 0x0,
    0x3f, 0xfc, 0x3f, 0xf4, 0x0, 0x3f, 0xfc, 0x3f,
    0xf4, 0x0, 0x3f, 0xfc, 0x3f, 0xf4, 0x0, 0x3f,
    0xfc, 0x3f, 0xf4, 0x0, 0x3f, 0xfc, 0x3f, 0xf4,
    0x0, 0x3f, 0xfc, 0x3f, 0xf4, 0x0, 0x3f, 0xfc,
    0x3f, 0xf4, 0x0, 0x3f, 0xfc, 0x3f, 0xf4, 0x0,
    0x3f, 0xfc, 0x3f, 0xf4, 0x0, 0x3f, 0xfc, 0x3f,
    0xf4, 0x0, 0x3f, 0xfc, 0x3f, 0xf4, 0x0, 0x3f,
    0xfc, 0x3f, 0xf4, 0x0, 0x3f, 0xfc, 0x3f, 0xf4,
    0x0, 0x3f, 0xfc, 0x3f, 0xf4, 0x0, 0x3f, 0xfc,
    0x3f, 0xf4, 0x0, 0x3f, 0xfc, 0x3f, 0xf4, 0x0,
    0x3f, 0xfc, 0x3f, 0xf4, 0x0, 0x3f, 0xfc, 0x3f,
    0xf4, 0x0, 0x3f, 0xfc, 0x3f, 0xf4, 0x0, 0x3f,
    0xfc, 0x3f, 0xf8, 0x0, 0x3f, 0xfc, 0x3f, 0xfc,
    0x0, 0xbf, 0xf8, 0x2f, 0xff, 0x1, 0xff, 0xf4,
    0x1f, 0xff, 0xff, 0xff, 0xf0, 0xf, 0xff, 0xff,
    0xff, 0xf4, 0x3, 0xff, 0xff, 0xff, 0xff, 0x1,
    0xff, 0xff, 0xff, 0xff, 0x0, 0x3f, 0xff, 0xff,
    0xff, 0x0, 0x6, 0xff, 0x87, 0xff, 0x0, 0x0,
    0x0, 0x1, 0xff, 0x0, 0x0, 0x0, 0x0, 0x0,

    /* U+0052 "R" */
    0x3f, 0xff, 0xff, 0x90, 0x0, 0x3f, 0xff, 0xff,
    0xfd, 0x0, 0x3f, 0xff, 0xff, 0xff, 0x80, 0x3f,
    0xff, 0xff, 0xff, 0xd0, 0x3f, 0xff, 0xff, 0xff,
    0xf0, 0x3f, 0xff, 0xff, 0xff, 0xf0, 0x3f, 0xf8,
    0x0, 0xff, 0xf4, 0x3f, 0xf8, 0x0, 0x3f, 0xf8,
    0x3f, 0xf8, 0x0, 0x3f, 0xf8, 0x3f, 0xf8, 0x0,
    0x3f, 0xf8, 0x3f, 0xf8, 0x0, 0x3f, 0xf8, 0x3f,
    0xf8, 0x0, 0x3f, 0xf8, 0x3f, 0xf8, 0x0, 0x3f,
    0xf8, 0x3f, 0xf8, 0x0, 0x3f, 0xf8, 0x3f, 0xf8,
    0x0, 0x3f, 0xf8, 0x3f, 0xf8, 0x0, 0x3f, 0xf8,
    0x3f, 0xf8, 0x0, 0x7f, 0xf4, 0x3f, 0xf8, 0x1,
    0xff, 0xf0, 0x3f, 0xff, 0xff, 0xff, 0xf0, 0x3f,
    0xff, 0xff, 0xff, 0xc0, 0x3f, 0xff, 0xff, 0xff,
    0x40, 0x3f, 0xff, 0xff, 0xff, 0x0, 0x3f, 0xff,
    0xff, 0xff, 0x0, 0x3f, 0xfe, 0xaf, 0xff, 0x0,
    0x3f, 0xf8, 0x7, 0xff, 0x40, 0x3f, 0xf8, 0x3,
    0xff, 0x80, 0x3f, 0xf8, 0x3, 0xff, 0xc0, 0x3f,
    0xf8, 0x3, 0xff, 0xc0, 0x3f, 0xf8, 0x2, 0xff,
    0xd0, 0x3f, 0xf8, 0x1, 0xff, 0xe0, 0x3f, 0xf8,
    0x0, 0xff, 0xf0, 0x3f, 0xf8, 0x0, 0xff, 0xf0,
    0x3f, 0xf8, 0x0, 0xbf, 0xf4, 0x3f, 0xf8, 0x0,
    0x7f, 0xf8, 0x3f, 0xf8, 0x0, 0x3f, 0xfc, 0x3f,
    0xf8, 0x0, 0x3f, 0xfc, 0x3f, 0xf8, 0x0, 0x2f,
    0xfd, 0x3f, 0xf8, 0x0, 0x1f, 0xfe,

    /* U+0053 "S" */
    0x0, 0x6, 0xff, 0xd0, 0x0, 0x0, 0x3f, 0xff,
    0xfe, 0x0, 0x0, 0xff, 0xff, 0xff, 0x80, 0x3,
    0xff, 0xff, 0xff, 0xe0, 0x7, 0xff, 0xff, 0xff,
    0xf0, 0xf, 0xff, 0xd1, 0xff, 0xf8, 0xf, 0xff,
    0x0, 0x3f, 0xfc, 0x1f, 0xfe, 0x0, 0x2f, 0xfc,
    0x1f, 0xfd, 0x0, 0x1f, 0xfc, 0x1f, 0xfd, 0x0,
    0x5, 0x0, 0x1f, 0xfe, 0x0, 0x0, 0x0, 0xf,
    0xff, 0x0, 0x0, 0x0, 0xf, 0xff, 0x40, 0x0,
    0x0, 0xb, 0xff, 0xc0, 0x0, 0x0, 0x3, 0xff,
    0xe0, 0x0, 0x0, 0x2, 0xff, 0xf8, 0x0, 0x0,
    0x0, 0xff, 0xfe, 0x0, 0x0, 0x0, 0x3f, 0xff,
    0xc0, 0x0, 0x0, 0xf, 0xff, 0xf0, 0x0, 0x0,
    0x3, 0xff, 0xfc, 0x0, 0x0, 0x0, 0xff, 0xff,
    0x0, 0x0, 0x0, 0x3f, 0xff, 0xc0, 0x0, 0x0,
    0xb, 0xff, 0xd0, 0x0, 0x0, 0x2, 0xff, 0xf0,
    0x0, 0x0, 0x0, 0xbf, 0xf8, 0x0, 0x0, 0x0,
    0x3f, 0xfc, 0x0, 0x0, 0x0, 0x2f, 0xfd, 0x2b,
    0xf4, 0x0, 0xf, 0xfd, 0x3f, 0xf8, 0x0, 0xf,
    0xfe, 0x3f, 0xfc, 0x0, 0xf, 0xfe, 0x2f, 0xfd,
    0x0, 0x2f, 0xfd, 0xf, 0xff, 0x0, 0x3f, 0xfc,
    0xf, 0xff, 0xd6, 0xff, 0xfc, 0x7, 0xff, 0xff,
    0xff, 0xf4, 0x2, 0xff, 0xff, 0xff, 0xf0, 0x0,
    0xff, 0xff, 0xff, 0xc0, 0x0, 0x2f, 0xff, 0xff,
    0x0, 0x0, 0x2, 0xff, 0xe4, 0x0,

    /* U+0054 "T" */
    0x3f, 0xff, 0xff, 0xff, 0xf8, 0xff, 0xff, 0xff,
    0xff, 0xe3, 0xff, 0xff, 0xff, 0xff, 0x8f, 0xff,
    0xff, 0xff, 0xfe, 0x3f, 0xff, 0xff, 0xff, 0xf8,
    0xaa, 0xaf, 0xff, 0xaa, 0x90, 0x0, 0x3f, 0xf8,
    0x0, 0x0, 0x0, 0xff, 0xe0, 0x0, 0x0, 0x3,
    0xff, 0x80, 0x0, 0x0, 0xf, 0xfe, 0x0, 0x0,
    0x0, 0x3f, 0xf8, 0x0, 0x0, 0x0, 0xff, 0xe0,
    0x0, 0x0, 0x3, 0xff, 0x80, 0x0, 0x0, 0xf,
    0xfe, 0x0, 0x0, 0x0, 0x3f, 0xf8, 0x0, 0x0,
    0x0, 0xff, 0xe0, 0x0, 0x0, 0x3, 0xff, 0x80,
    0x0, 0x0, 0xf, 0xfe, 0x0, 0x0, 0x0, 0x3f,
    0xf8, 0x0, 0x0, 0x0, 0xff, 0xe0, 0x0, 0x0,
    0x3, 0xff, 0x80, 0x0, 0x0, 0xf, 0xfe, 0x0,
    0x0, 0x0, 0x3f, 0xf8, 0x0, 0x0, 0x0, 0xff,
    0xe0, 0x0, 0x0, 0x3, 0xff, 0x80, 0x0, 0x0,
    0xf, 0xfe, 0x0, 0x0, 0x0, 0x3f, 0xf8, 0x0,
    0x0, 0x0, 0xff, 0xe0, 0x0, 0x0, 0x3, 0xff,
    0x80, 0x0, 0x0, 0xf, 0xfe, 0x0, 0x0, 0x0,
    0x3f, 0xf8, 0x0, 0x0, 0x0, 0xff, 0xe0, 0x0,
    0x0, 0x3, 0xff, 0x80, 0x0, 0x0, 0xf, 0xfe,
    0x0, 0x0, 0x0, 0x3f, 0xf8, 0x0, 0x0, 0x0,
    0xff, 0xe0, 0x0, 0x0, 0x3, 0xff, 0x80, 0x0,
    0x0, 0xf, 0xfe, 0x0, 0x0,

    /* U+0055 "U" */
    0x3f, 0xf4, 0x0, 0x3f, 0xfc, 0xff, 0xd0, 0x0,
    0xff, 0xf3, 0xff, 0x40, 0x3, 0xff, 0xcf, 0xfd,
    0x0, 0xf, 0xff, 0x3f, 0xf4, 0x0, 0x3f, 0xfc,
    0xff, 0xd0, 0x0, 0xff, 0xf3, 0xff, 0x40, 0x3,
    0xff, 0xcf, 0xfd, 0x0, 0xf, 0xff, 0x3f, 0xf4,
    0x0, 0x3f, 0xfc, 0xff, 0xd0, 0x0, 0xff, 0xf3,
    0xff, 0x40, 0x3, 0xff, 0xcf, 0xfd, 0x0, 0xf,
    0xff, 0x3f, 0xf4, 0x0, 0x3f, 0xfc, 0xff, 0xd0,
    0x0, 0xff, 0xf3, 0xff, 0x40, 0x3, 0xff, 0xcf,
    0xfd, 0x0, 0xf, 0xff, 0x3f, 0xf4, 0x0, 0x3f,
    0xfc, 0xff, 0xd0, 0x0, 0xff, 0xf3, 0xff, 0x40,
    0x3, 0xff, 0xcf, 0xfd, 0x0, 0xf, 0xff, 0x3f,
    0xf4, 0x0, 0x3f, 0xfc, 0xff, 0xd0, 0x0, 0xff,
    0xf3, 0xff, 0x40, 0x3, 0xff, 0xcf, 0xfd, 0x0,
    0xf, 0xff, 0x3f, 0xf4, 0x0, 0x3f, 0xfc, 0xff,
    0xd0, 0x0, 0xff, 0xf3, 0xff, 0x40, 0x3, 0xff,
    0xcf, 0xfd, 0x0, 0xf, 0xff, 0x3f, 0xf4, 0x0,
    0x3f, 0xfc, 0xff, 0xe0, 0x0, 0xff, 0xf3, 0xff,
    0xc0, 0xb, 0xff, 0x8b, 0xff, 0x80, 0x7f, 0xfd,
    0x1f, 0xff, 0xff, 0xff, 0xf0, 0x3f, 0xff, 0xff,
    0xff, 0x80, 0x3f, 0xff, 0xff, 0xfc, 0x0, 0x7f,
    0xff, 0xff, 0xc0, 0x0, 0x3f, 0xff, 0xf8, 0x0,
    0x0, 0x1b, 0xfe, 0x0, 0x0,

    /* U+0056 "V" */
    0x3f, 0xfc, 0x0, 0x0, 0xff, 0xf0, 0xff, 0xf0,
    0x0, 0x3, 0xff, 0xc2, 0xff, 0xc0, 0x0, 0xf,
    0xfe, 0x7, 0xff, 0x40, 0x0, 0x7f, 0xf8, 0x1f,
    0xfe, 0x0, 0x1, 0xff, 0xd0, 0x3f, 0xf8, 0x0,
    0xb, 0xff, 0x0, 0xff, 0xf0, 0x0, 0x3f, 0xfc,
    0x2, 0xff, 0xc0, 0x0, 0xff, 0xf0, 0xb, 0xff,
    0x0, 0x3, 0xff, 0x80, 0x1f, 0xfd, 0x0, 0x1f,
    0xfd, 0x0, 0x3f, 0xf8, 0x0, 0x7f, 0xf4, 0x0,
    0xff, 0xe0, 0x2, 0xff, 0xc0, 0x3, 0xff, 0xc0,
    0xb, 0xff, 0x0, 0xb, 0xff, 0x0, 0x3f, 0xfc,
    0x0, 0x2f, 0xfc, 0x0, 0xff, 0xe0, 0x0, 0x7f,
    0xf4, 0x3, 0xff, 0x40, 0x0, 0xff, 0xd0, 0x1f,
    0xfc, 0x0, 0x3, 0xff, 0x80, 0xbf, 0xf0, 0x0,
    0xf, 0xff, 0x2, 0xff, 0xc0, 0x0, 0x2f, 0xfc,
    0xf, 0xfe, 0x0, 0x0, 0x7f, 0xf0, 0x3f, 0xf8,
    0x0, 0x1, 0xff, 0xd0, 0xff, 0xd0, 0x0, 0x3,
    0xff, 0x47, 0xff, 0x0, 0x0, 0xf, 0xfe, 0x1f,
    0xfc, 0x0, 0x0, 0x3f, 0xf8, 0xbf, 0xf0, 0x0,
    0x0, 0xbf, 0xf3, 0xff, 0x80, 0x0, 0x1, 0xff,
    0xcf, 0xfd, 0x0, 0x0, 0x3, 0xff, 0x7f, 0xf4,
    0x0, 0x0, 0xf, 0xfe, 0xff, 0xc0, 0x0, 0x0,
    0x3f, 0xff, 0xff, 0x0, 0x0, 0x0, 0xbf, 0xff,
    0xf8, 0x0, 0x0, 0x2, 0xff, 0xff, 0xe0, 0x0,
    0x0, 0x7, 0xff, 0xff, 0x40, 0x0, 0x0, 0xf,
    0xff, 0xfc, 0x0, 0x0, 0x0, 0x3f, 0xff, 0xf0,
    0x0, 0x0, 0x0, 0xff, 0xff, 0xc0, 0x0, 0x0,
    0x2, 0xff, 0xfe, 0x0, 0x0, 0x0, 0x7, 0xff,
    0xf4, 0x0, 0x0,

    /* U+0057 "W" */
    0x3f, 0xfc, 0x0, 0xbf, 0xf4, 0x0, 0xff, 0xf0,
    0xff, 0xf0, 0x2, 0xff, 0xe0, 0x3, 0xff, 0xc2,
    0xff, 0xc0, 0xf, 0xff, 0xc0, 0xf, 0xfe, 0x7,
    0xff, 0x40, 0x3f, 0xff, 0x0, 0x7f, 0xf4, 0x1f,
    0xfd, 0x0, 0xff, 0xfc, 0x1, 0xff, 0xd0, 0x3f,
    0xf8, 0x3, 0xff, 0xf0, 0xb, 0xff, 0x0, 0xff,
    0xf0, 0x1f, 0xff, 0xd0, 0x3f, 0xfc, 0x3, 0xff,
    0xc0, 0x7f, 0xff, 0x80, 0xff, 0xf0, 0xb, 0xff,
    0x2, 0xff, 0xfe, 0x3, 0xff, 0x80, 0x1f, 0xfc,
    0xf, 0xff, 0xfc, 0xf, 0xfe, 0x0, 0x7f, 0xf4,
    0x3f, 0xff, 0xf0, 0x7f, 0xf4, 0x0, 0xff, 0xe0,
    0xff, 0xff, 0xc1, 0xff, 0xc0, 0x3, 0xff, 0x83,
    0xff, 0xff, 0xb, 0xff, 0x0, 0xf, 0xff, 0x1f,
    0xff, 0xfd, 0x2f, 0xfc, 0x0, 0x2f, 0xfc, 0x7f,
    0xff, 0xf8, 0xff, 0xf0, 0x0, 0xbf, 0xf2, 0xff,
    0xff, 0xe3, 0xff, 0x80, 0x1, 0xff, 0xcb, 0xff,
    0xff, 0xcf, 0xfd, 0x0, 0x3, 0xff, 0x7f, 0xff,
    0xff, 0x3f, 0xf4, 0x0, 0xf, 0xfe, 0xff, 0xef,
    0xfd, 0xff, 0xc0, 0x0, 0x3f, 0xff, 0xff, 0x7f,
    0xff, 0xff, 0x0, 0x0, 0xbf, 0xff, 0xfc, 0xff,
    0xff, 0xfc, 0x0, 0x2, 0xff, 0xff, 0xf3, 0xff,
    0xff, 0xe0, 0x0, 0x7, 0xff, 0xff, 0xcb, 0xff,
    0xff, 0x80, 0x0, 0xf, 0xff, 0xfe, 0x1f, 0xff,
    0xfd, 0x0, 0x0, 0x3f, 0xff, 0xf8, 0x7f, 0xff,
    0xf0, 0x0, 0x0, 0xff, 0xff, 0xd0, 0xff, 0xff,
    0xc0, 0x0, 0x2, 0xff, 0xff, 0x43, 0xff, 0xff,
    0x0, 0x0, 0xb, 0xff, 0xfc, 0xf, 0xff, 0xfc,
    0x0, 0x0, 0x1f, 0xff, 0xf0, 0x2f, 0xff, 0xe0,
    0x0, 0x0, 0x3f, 0xff, 0xc0, 0xbf, 0xff, 0x40,
    0x0, 0x0, 0xff, 0xfe, 0x1, 0xff, 0xfd, 0x0,
    0x0, 0x3, 0xff, 0xf8, 0x3, 0xff, 0xf0, 0x0,
    0x0, 0xb, 0xff, 0xd0, 0xf, 0xff, 0xc0, 0x0,
    0x0, 0x2f, 0xff, 0x40, 0x3f, 0xff, 0x0, 0x0,
    0x0, 0x7f, 0xfc, 0x0, 0xff, 0xf8, 0x0, 0x0,
    0x0, 0xff, 0xf0, 0x2, 0xff, 0xe0, 0x0, 0x0,
    0x3, 0xff, 0xc0, 0x7, 0xff, 0x40, 0x0, 0x0,
    0xf, 0xfe, 0x0, 0x1f, 0xfc, 0x0, 0x0,

    /* U+0058 "X" */
    0x3f, 0xfd, 0x0, 0x2, 0xff, 0xe1, 0xff, 0xe0,
    0x0, 0x3f, 0xfc, 0xf, 0xff, 0x0, 0x7, 0xff,
    0xc0, 0xbf, 0xf4, 0x0, 0xbf, 0xf4, 0x7, 0xff,
    0xc0, 0xf, 0xff, 0x0, 0x3f, 0xfc, 0x1, 0xff,
    0xe0, 0x2, 0xff, 0xd0, 0x3f, 0xfc, 0x0, 0xf,
    0xff, 0x3, 0xff, 0xc0, 0x0, 0xff, 0xf0, 0xbf,
    0xf4, 0x0, 0x7, 0xff, 0x8f, 0xff, 0x0, 0x0,
    0x3f, 0xfc, 0xff, 0xe0, 0x0, 0x2, 0xff, 0xff,
    0xfd, 0x0, 0x0, 0xf, 0xff, 0xff, 0xc0, 0x0,
    0x0, 0xff, 0xff, 0xf4, 0x0, 0x0, 0x7, 0xff,
    0xff, 0x0, 0x0, 0x0, 0x3f, 0xff, 0xe0, 0x0,
    0x0, 0x2, 0xff, 0xfd, 0x0, 0x0, 0x0, 0x1f,
    0xff, 0xc0, 0x0, 0x0, 0x0, 0xff, 0xf8, 0x0,
    0x0, 0x0, 0xf, 0xff, 0x80, 0x0, 0x0, 0x1,
    0xff, 0xfc, 0x0, 0x0, 0x0, 0x2f, 0xff, 0xd0,
    0x0, 0x0, 0x3, 0xff, 0xff, 0x0, 0x0, 0x0,
    0x7f, 0xff, 0xf0, 0x0, 0x0, 0xf, 0xff, 0xff,
    0x80, 0x0, 0x1, 0xff, 0xff, 0xfc, 0x0, 0x0,
    0x2f, 0xfe, 0xff, 0xd0, 0x0, 0x3, 0xff, 0xcf,
    0xfe, 0x0, 0x0, 0x7f, 0xf4, 0xbf, 0xf0, 0x0,
    0xf, 0xff, 0x7, 0xff, 0x40, 0x0, 0xff, 0xe0,
    0x3f, 0xfc, 0x0, 0x2f, 0xfd, 0x2, 0xff, 0xc0,
    0x3, 0xff, 0xc0, 0x1f, 0xfe, 0x0, 0x7f, 0xf8,
    0x0, 0xff, 0xf0, 0xb, 0xff, 0x40, 0xb, 0xff,
    0x40, 0xff, 0xf0, 0x0, 0x3f, 0xfc, 0x1f, 0xfe,
    0x0, 0x3, 0xff, 0xc3, 0xff, 0xc0, 0x0, 0x2f,
    0xfe,

    /* U+0059 "Y" */
    0x3f, 0xfd, 0x0, 0x2, 0xff, 0xe2, 0xff, 0xe0,
    0x0, 0x3f, 0xfc, 0xf, 0xff, 0x0, 0x7, 0xff,
    0xc0, 0xff, 0xf0, 0x0, 0xbf, 0xf8, 0xb, 0xff,
    0x80, 0xf, 0xff, 0x0, 0x3f, 0xfc, 0x0, 0xff,
    0xf0, 0x3, 0xff, 0xc0, 0x2f, 0xfd, 0x0, 0x2f,
    0xfd, 0x3, 0xff, 0xc0, 0x0, 0xff, 0xe0, 0x3f,
    0xfc, 0x0, 0xf, 0xff, 0x7, 0xff, 0x40, 0x0,
    0x7f, 0xf4, 0xbf, 0xf0, 0x0, 0x3, 0xff, 0x8f,
    0xff, 0x0, 0x0, 0x3f, 0xfd, 0xff, 0xd0, 0x0,
    0x1, 0xff, 0xff, 0xfc, 0x0, 0x0, 0xf, 0xff,
    0xff, 0x80, 0x0, 0x0, 0xff, 0xff, 0xf4, 0x0,
    0x0, 0x7, 0xff, 0xff, 0x0, 0x0, 0x0, 0x3f,
    0xff, 0xe0, 0x0, 0x0, 0x2, 0xff, 0xfd, 0x0,
    0x0, 0x0, 0x1f, 0xff, 0xc0, 0x0, 0x0, 0x0,
    0xff, 0xf8, 0x0, 0x0, 0x0, 0xb, 0xff, 0x40,
    0x0, 0x0, 0x0, 0xbf, 0xf0, 0x0, 0x0, 0x0,
    0xb, 0xff, 0x0, 0x0, 0x0, 0x0, 0xbf, 0xf0,
    0x0, 0x0, 0x0, 0xb, 0xff, 0x0, 0x0, 0x0,
    0x0, 0xbf, 0xf0, 0x0, 0x0, 0x0, 0xb, 0xff,
    0x0, 0x0, 0x0, 0x0, 0xbf, 0xf0, 0x0, 0x0,
    0x0, 0xb, 0xff, 0x0, 0x0, 0x0, 0x0, 0xbf,
    0xf0, 0x0, 0x0, 0x0, 0xb, 0xff, 0x0, 0x0,
    0x0, 0x0, 0xbf, 0xf0, 0x0, 0x0, 0x0, 0xb,
    0xff, 0x0, 0x0, 0x0, 0x0, 0xbf, 0xf0, 0x0,
    0x0, 0x0, 0xb, 0xff, 0x0, 0x0, 0x0, 0x0,
    0xbf, 0xf0, 0x0, 0x0, 0x0, 0xb, 0xff, 0x0,
    0x0,

    /* U+005A "Z" */
    0x3f, 0xff, 0xff, 0xff, 0xd3, 0xff, 0xff, 0xff,
    0xfd, 0x3f, 0xff, 0xff, 0xff, 0xd3, 0xff, 0xff,
    0xff, 0xfd, 0x3f, 0xff, 0xff, 0xff, 0xd2, 0xaa,
    0xaa, 0xbf, 0xfd, 0x0, 0x0, 0x3, 0xff, 0xc0,
    0x0, 0x0, 0x7f, 0xf8, 0x0, 0x0, 0xb, 0xff,
    0x40, 0x0, 0x0, 0xff, 0xf0, 0x0, 0x0, 0x2f,
    0xfe, 0x0, 0x0, 0x3, 0xff, 0xc0, 0x0, 0x0,
    0x7f, 0xfc, 0x0, 0x0, 0xb, 0xff, 0x40, 0x0,
    0x0, 0xff, 0xf0, 0x0, 0x0, 0x1f, 0xfe, 0x0,
    0x0, 0x3, 0xff, 0xc0, 0x0, 0x0, 0x7f, 0xfc,
    0x0, 0x0, 0xb, 0xff, 0x40, 0x0, 0x0, 0xff,
    0xf0, 0x0, 0x0, 0x1f, 0xfe, 0x0, 0x0, 0x3,
    0xff, 0xc0, 0x0, 0x0, 0x3f, 0xfc, 0x0, 0x0,
    0xb, 0xff, 0x40, 0x0, 0x0, 0xff, 0xf0, 0x0,
    0x0, 0x1f, 0xfe, 0x0, 0x0, 0x3, 0xff, 0xd0,
    0x0, 0x0, 0x3f, 0xfc, 0x0, 0x0, 0xb, 0xff,
    0x80, 0x0, 0x0, 0xff, 0xf0, 0x0, 0x0, 0x1f,
    0xfe, 0x0, 0x0, 0x3, 0xff, 0xd0, 0x0, 0x0,
    0x3f, 0xfe, 0xaa, 0xaa, 0x93, 0xff, 0xff, 0xff,
    0xfd, 0x3f, 0xff, 0xff, 0xff, 0xd3, 0xff, 0xff,
    0xff, 0xfd, 0x3f, 0xff, 0xff, 0xff, 0xd3, 0xff,
    0xff, 0xff, 0xfd,

    /* U+005B "[" */
    0x3f, 0xff, 0xf4, 0xff, 0xff, 0xd3, 0xff, 0xff,
    0x4f, 0xff, 0xfd, 0x3f, 0xff, 0xf4, 0xff, 0xff,
    0xd3, 0xff, 0x80, 0xf, 0xfe, 0x0, 0x3f, 0xf8,
    0x0, 0xff, 0xe0, 0x3, 0xff, 0x80, 0xf, 0xfe,
    0x0, 0x3f, 0xf8, 0x0, 0xff, 0xe0, 0x3, 0xff,
    0x80, 0xf, 0xfe, 0x0, 0x3f, 0xf8, 0x0, 0xff,
    0xe0, 0x3, 0xff, 0x80, 0xf, 0xfe, 0x0, 0x3f,
    0xf8, 0x0, 0xff, 0xe0, 0x3, 0xff, 0x80, 0xf,
    0xfe, 0x0, 0x3f, 0xf8, 0x0, 0xff, 0xe0, 0x3,
    0xff, 0x80, 0xf, 0xfe, 0x0, 0x3f, 0xf8, 0x0,
    0xff, 0xe0, 0x3, 0xff, 0x80, 0xf, 0xfe, 0x0,
    0x3f, 0xf8, 0x0, 0xff, 0xe0, 0x3, 0xff, 0x80,
    0xf, 0xff, 0xa9, 0x3f, 0xff, 0xf4, 0xff, 0xff,
    0xd3, 0xff, 0xff, 0x4f, 0xff, 0xfd, 0x3f, 0xff,
    0xf4,

    /* U+005C "\\" */
    0x1a, 0x90, 0x0, 0x0, 0x0, 0x2, 0xff, 0x0,
    0x0, 0x0, 0x0, 0x1f, 0xf4, 0x0, 0x0, 0x0,
    0x0, 0xff, 0x80, 0x0, 0x0, 0x0, 0xb, 0xfc,
    0x0, 0x0, 0x0, 0x0, 0x3f, 0xd0, 0x0, 0x0,
    0x0, 0x3, 0xff, 0x0, 0x0, 0x0, 0x0, 0x1f,
    0xf0, 0x0, 0x0, 0x0, 0x0, 0xff, 0x80, 0x0,
    0x0, 0x0, 0xb, 0xfc, 0x0, 0x0, 0x0, 0x0,
    0x7f, 0xd0, 0x0, 0x0, 0x0, 0x3, 0xfe, 0x0,
    0x0, 0x0, 0x0, 0x2f, 0xf0, 0x0, 0x0, 0x0,
    0x0, 0xff, 0x40, 0x0, 0x0, 0x0, 0xf, 0xfc,
    0x0, 0x0, 0x0, 0x0, 0x7f, 0xc0, 0x0, 0x0,
    0x0, 0x3, 0xfe, 0x0, 0x0, 0x0, 0x0, 0x2f,
    0xf0, 0x0, 0x0, 0x0, 0x1, 0xff, 0x40, 0x0,
    0x0, 0x0, 0xf, 0xf8, 0x0, 0x0, 0x0, 0x0,
    0xbf, 0xc0, 0x0, 0x0, 0x0, 0x3, 0xfd, 0x0,
    0x0, 0x0, 0x0, 0x3f, 0xf0, 0x0, 0x0, 0x0,
    0x1, 0xff, 0x0, 0x0, 0x0, 0x0, 0xf, 0xf8,
    0x0, 0x0, 0x0, 0x0, 0xbf, 0xc0, 0x0, 0x0,
    0x0, 0x7, 0xfd, 0x0, 0x0, 0x0, 0x0, 0x3f,
    0xe0, 0x0, 0x0, 0x0, 0x2, 0xff, 0x0, 0x0,
    0x0, 0x0, 0xf, 0xf4, 0x0, 0x0, 0x0, 0x0,
    0xff, 0xc0, 0x0, 0x0, 0x0, 0x7, 0xfc, 0x0,
    0x0, 0x0, 0x0, 0x3f, 0xe0, 0x0, 0x0, 0x0,
    0x2, 0xff, 0x0, 0x0, 0x0, 0x0, 0x1f, 0xf4,
    0x0, 0x0, 0x0, 0x0, 0xff, 0x80, 0x0, 0x0,
    0x0, 0xb, 0xfc, 0x0, 0x0, 0x0, 0x0, 0x3f,
    0xd0, 0x0, 0x0, 0x0, 0x3, 0xff, 0x0, 0x0,
    0x0, 0x0, 0x1f, 0xf0, 0x0, 0x0, 0x0, 0x0,
    0xff, 0x80, 0x0, 0x0, 0x0, 0xb, 0xfc,

    /* U+005D "]" */
    0x3f, 0xff, 0xf4, 0xff, 0xff, 0xd3, 0xff, 0xff,
    0x4f, 0xff, 0xfd, 0x3f, 0xff, 0xf4, 0xff, 0xff,
    0xd0, 0x7, 0xff, 0x40, 0x1f, 0xfd, 0x0, 0x7f,
    0xf4, 0x1, 0xff, 0xd0, 0x7, 0xff, 0x40, 0x1f,
    0xfd, 0x0, 0x7f, 0xf4, 0x1, 0xff, 0xd0, 0x7,
    0xff, 0x40, 0x1f, 0xfd, 0x0, 0x7f, 0xf4, 0x1,
    0xff, 0xd0, 0x7, 0xff, 0x40, 0x1f, 0xfd, 0x0,
    0x7f, 0xf4, 0x1, 0xff, 0xd0, 0x7, 0xff, 0x40,
    0x1f, 0xfd, 0x0, 0x7f, 0xf4, 0x1, 0xff, 0xd0,
    0x7, 0xff, 0x40, 0x1f, 0xfd, 0x0, 0x7f, 0xf4,
    0x1, 0xff, 0xd0, 0x7, 0xff, 0x40, 0x1f, 0xfd,
    0x0, 0x7f, 0xf4, 0x1, 0xff, 0xd0, 0x7, 0xff,
    0x4a, 0xbf, 0xfd, 0x3f, 0xff, 0xf4, 0xff, 0xff,
    0xd3, 0xff, 0xff, 0x4f, 0xff, 0xfd, 0x3f, 0xff,
    0xf4,

    /* U+005E "^" */
    0x0, 0x1a, 0x0, 0x0, 0xf, 0xf0, 0x0, 0x7,
    0xfc, 0x0, 0x2, 0xff, 0x80, 0x0, 0xff, 0xf0,
    0x0, 0xbf, 0xfe, 0x0, 0x3f, 0xbf, 0xc0, 0x2f,
    0xd7, 0xf4, 0xf, 0xf0, 0xff, 0x7, 0xf4, 0x2f,
    0xd3, 0xfc, 0x3, 0xfc,

    /* U+005F "_" */
    0x0, 0x0, 0x0, 0x0, 0x0, 0x0, 0x0, 0x3,
    0xff, 0xff, 0xff, 0xff, 0xff, 0xff, 0xff, 0x3f,
    0xff, 0xff, 0xff, 0xff, 0xff, 0xff, 0xf3, 0xff,
    0xff, 0xff, 0xff, 0xff, 0xff, 0xff, 0x3f, 0xff,
    0xff, 0xff, 0xff, 0xff, 0xff, 0xf0,

    /* U+0060 "`" */
    0x2a, 0xa0, 0x1, 0xff, 0x80, 0xf, 0xfc, 0x0,
    0x7f, 0xd0, 0x3, 0xfe, 0x0, 0xf, 0xf0, 0x0,
    0xbf, 0x40, 0x3, 0xf8, 0x0, 0x2f, 0xc0,

    /* U+0061 "a" */
    0x0, 0x3, 0xff, 0xfc, 0x0, 0x0, 0x0, 0x3f,
    0xff, 0xd0, 0x0, 0x0, 0x3, 0xff, 0xfd, 0x0,
    0x0, 0x0, 0x7f, 0xff, 0xe0, 0x0, 0x0, 0x7,
    0xff, 0xff, 0x0, 0x0, 0x0, 0xbf, 0xff, 0xf0,
    0x0, 0x0, 0xf, 0xff, 0xff, 0x0, 0x0, 0x0,
    0xff, 0xff, 0xf4, 0x0, 0x0, 0xf, 0xff, 0xff,
    0x40, 0x0, 0x1, 0xff, 0xef, 0xf8, 0x0, 0x0,
    0x1f, 0xfe, 0xff, 0xc0, 0x0, 0x2, 0xff, 0x9f,
    0xfc, 0x0, 0x0, 0x3f, 0xf9, 0xff, 0xc0, 0x0,
    0x3, 0xff, 0x4f, 0xfd, 0x0, 0x0, 0x3f, 0xf4,
    0xff, 0xd0, 0x0, 0x7, 0xff, 0xf, 0xfe, 0x0,
    0x0, 0x7f, 0xf0, 0xbf, 0xf0, 0x0, 0xb, 0xff,
    0xb, 0xff, 0x0, 0x0, 0xff, 0xe0, 0x7f, 0xf0,
    0x0, 0xf, 0xfe, 0x7, 0xff, 0x40, 0x0, 0xff,
    0xd0, 0x3f, 0xf4, 0x0, 0x1f, 0xfd, 0x3, 0xff,
    0x80, 0x1, 0xff, 0xc0, 0x3f, 0xfc, 0x0, 0x2f,
    0xfe, 0xab, 0xff, 0xc0, 0x3, 0xff, 0xff, 0xff,
    0xfc, 0x0, 0x3f, 0xff, 0xff, 0xff, 0xd0, 0x3,
    0xff, 0xff, 0xff, 0xfd, 0x0, 0x7f, 0xff, 0xff,
    0xff, 0xe0, 0x7, 0xff, 0xff, 0xff, 0xfe, 0x0,
    0xbf, 0xf0, 0x0, 0xff, 0xf0, 0xf, 0xff, 0x0,
    0xb, 0xff, 0x0, 0xff, 0xf0, 0x0, 0xbf, 0xf0,
    0xf, 0xfe, 0x0, 0x7, 0xff, 0x41, 0xff, 0xd0,
    0x0, 0x7f, 0xf8, 0x1f, 0xfd, 0x0, 0x3, 0xff,
    0x82, 0xff, 0xc0, 0x0, 0x3f, 0xfc, 0x3f, 0xfc,
    0x0, 0x3, 0xff, 0xc3, 0xff, 0xc0, 0x0, 0x2f,
    0xfc,

    /* U+0062 "b" */
    0x3f, 0xff, 0xff, 0x80, 0x0, 0x3f, 0xff, 0xff,
    0xf8, 0x0, 0x3f, 0xff, 0xff, 0xff, 0x40, 0x3f,
    0xff, 0xff, 0xff, 0xc0, 0x3f, 0xff, 0xff, 0xff,
    0xf0, 0x3f, 0xff, 0xff, 0xff, 0xf4, 0x3f, 0xfc,
    0x1, 0xff, 0xf8, 0x3f, 0xfc, 0x0, 0xbf, 0xfc,
    0x3f, 0xfc, 0x0, 0x3f, 0xfc, 0x3f, 0xfc, 0x0,
    0x3f, 0xfc, 0x3f, 0xfc, 0x0, 0x3f, 0xfc, 0x3f,
    0xfc, 0x0, 0x3f, 0xfc, 0x3f, 0xfc, 0x0, 0x3f,
    0xfc, 0x3f, 0xfc, 0x0, 0x7f, 0xfc, 0x3f, 0xfc,
    0x0, 0xff, 0xf4, 0x3f, 0xfe, 0x6b, 0xff, 0xf0,
    0x3f, 0xff, 0xff, 0xff, 0xd0, 0x3f, 0xff, 0xff,
    0xff, 0x40, 0x3f, 0xff, 0xff, 0xff, 0x0, 0x3f,
    0xff, 0xff, 0xff, 0xd0, 0x3f, 0xff, 0xff, 0xff,
    0xf0, 0x3f, 0xfc, 0x2, 0xff, 0xf8, 0x3f, 0xfc,
    0x0, 0x7f, 0xfc, 0x3f, 0xfc, 0x0, 0x3f, 0xfd,
    0x3f, 0xfc, 0x0, 0x2f, 0xfe, 0x3f, 0xfc, 0x0,
    0x1f, 0xff, 0x3f, 0xfc, 0x0, 0x1f, 0xff, 0x3f,
    0xfc, 0x0, 0x1f, 0xff, 0x3f, 0xfc, 0x0, 0x1f,
    0xff, 0x3f, 0xfc, 0x0, 0x3f, 0xff, 0x3f, 0xfc,
    0x0, 0x7f, 0xfe, 0x3f, 0xfc, 0x1, 0xff, 0xfd,
    0x3f, 0xfe, 0xaf, 0xff, 0xfc, 0x3f, 0xff, 0xff,
    0xff, 0xf8, 0x3f, 0xff, 0xff, 0xff, 0xf0, 0x3f,
    0xff, 0xff, 0xff, 0xc0, 0x3f, 0xff, 0xff, 0xfe,
    0x0, 0x3f, 0xff, 0xff, 0xe4, 0x0,

    /* U+0063 "c" */
    0x0, 0x6, 0xff, 0x80, 0x0, 0x0, 0xff, 0xff,
    0xe0, 0x0, 0x1f, 0xff, 0xff, 0xf0, 0x0, 0xff,
    0xff, 0xff, 0xf0, 0xf, 0xff, 0xff, 0xff, 0xe0,
    0x7f, 0xff, 0xbf, 0xff, 0xc2, 0xff, 0xe0, 0x1f,
    0xff, 0x4f, 0xff, 0x0, 0x1f, 0xfe, 0x3f, 0xf8,
    0x0, 0x3f, 0xfc, 0xff, 0xd0, 0x0, 0xff, 0xf3,
    0xff, 0x40, 0x3, 0xff, 0xcf, 0xfd, 0x0, 0xf,
    0xff, 0x3f, 0xf4, 0x0, 0x3f, 0xfc, 0xff, 0xd0,
    0x0, 0x0, 0x3, 0xff, 0x40, 0x0, 0x0, 0xf,
    0xfd, 0x0, 0x0, 0x0, 0x3f, 0xf4, 0x0, 0x0,
    0x0, 0xff, 0xd0, 0x0, 0x0, 0x3, 0xff, 0x40,
    0x0, 0x0, 0xf, 0xfd, 0x0, 0x0, 0x0, 0x3f,
    0xf4, 0x0, 0x0, 0x0, 0xff, 0xd0, 0x0, 0x0,
    0x3, 0xff, 0x40, 0x0, 0x0, 0xf, 0xfd, 0x0,
    0x0, 0x0, 0x3f, 0xf4, 0x0, 0x3f, 0xfc, 0xff,
    0xd0, 0x0, 0xff, 0xf3, 0xff, 0x40, 0x3, 0xff,
    0xcf, 0xfd, 0x0, 0xf, 0xff, 0x3f, 0xf4, 0x0,
    0x3f, 0xfc, 0xff, 0xe0, 0x0, 0xff, 0xf3, 0xff,
    0xc0, 0x7, 0xff, 0x8b, 0xff, 0x80, 0x7f, 0xfd,
    0x1f, 0xff, 0xff, 0xff, 0xf0, 0x3f, 0xff, 0xff,
    0xff, 0x80, 0x3f, 0xff, 0xff, 0xfc, 0x0, 0x7f,
    0xff, 0xff, 0xc0, 0x0, 0x3f, 0xff, 0xf8, 0x0,
    0x0, 0x1b, 0xfe, 0x0, 0x0,

    /* U+0064 "d" */
    0x3f, 0xff, 0xff, 0x80, 0x0, 0xff, 0xff, 0xff,
    0xe0, 0x3, 0xff, 0xff, 0xff, 0xf0, 0xf, 0xff,
    0xff, 0xff, 0xe0, 0x3f, 0xff, 0xff, 0xff, 0xd0,
    0xff, 0xff, 0xff, 0xff, 0xc3, 0xff, 0x80, 0x1f,
    0xff, 0x4f, 0xfe, 0x0, 0x1f, 0xfe, 0x3f, 0xf8,
    0x0, 0x3f, 0xf8, 0xff, 0xe0, 0x0, 0xff, 0xe3,
    0xff, 0x80, 0x3, 0xff, 0x8f, 0xfe, 0x0, 0xf,
    0xfe, 0x3f, 0xf8, 0x0, 0x3f, 0xf8, 0xff, 0xe0,
    0x0, 0xff, 0xe3, 0xff, 0x80, 0x3, 0xff, 0x8f,
    0xfe, 0x0, 0xf, 0xfe, 0x3f, 0xf8, 0x0, 0x3f,
    0xf8, 0xff, 0xe0, 0x0, 0xff, 0xe3, 0xff, 0x80,
    0x3, 0xff, 0x8f, 0xfe, 0x0, 0xf, 0xfe, 0x3f,
    0xf8, 0x0, 0x3f, 0xf8, 0xff, 0xe0, 0x0, 0xff,
    0xe3, 0xff, 0x80, 0x3, 0xff, 0x8f, 0xfe, 0x0,
    0xf, 0xfe, 0x3f, 0xf8, 0x0, 0x3f, 0xf8, 0xff,
    0xe0, 0x0, 0xff, 0xe3, 0xff, 0x80, 0x3, 0xff,
    0x8f, 0xfe, 0x0, 0xf, 0xfe, 0x3f, 0xf8, 0x0,
    0x3f, 0xf8, 0xff, 0xe0, 0x0, 0xff, 0xe3, 0xff,
    0x80, 0x3, 0xff, 0x8f, 0xfe, 0x0, 0x3f, 0xfd,
    0x3f, 0xfe, 0xaf, 0xff, 0xf0, 0xff, 0xff, 0xff,
    0xff, 0x43, 0xff, 0xff, 0xff, 0xf8, 0xf, 0xff,
    0xff, 0xff, 0xc0, 0x3f, 0xff, 0xff, 0xf8, 0x0,
    0xff, 0xff, 0xfe, 0x0, 0x0,

    /* U+0065 "e" */
    0x3f, 0xff, 0xff, 0xff, 0xcf, 0xff, 0xff, 0xff,
    0xf3, 0xff, 0xff, 0xff, 0xfc, 0xff, 0xff, 0xff,
    0xff, 0x3f, 0xff, 0xff, 0xff, 0xcf, 0xff, 0xaa,
    0xaa, 0xa3, 0xff, 0x80, 0x0, 0x0, 0xff, 0xe0,
    0x0, 0x0, 0x3f, 0xf8, 0x0, 0x0, 0xf, 0xfe,
    0x0, 0x0, 0x3, 0xff, 0x80, 0x0, 0x0, 0xff,
    0xe0, 0x0, 0x0, 0x3f, 0xf8, 0x0, 0x0, 0xf,
    0xfe, 0x0, 0x0, 0x3, 0xff, 0x80, 0x0, 0x0,
    0xff, 0xe0, 0x0, 0x0, 0x3f, 0xff, 0xff, 0xf0,
    0xf, 0xff, 0xff, 0xfc, 0x3, 0xff, 0xff, 0xff,
    0x0, 0xff, 0xff, 0xff, 0xc0, 0x3f, 0xff, 0xff,
    0xf0, 0xf, 0xff, 0xff, 0xfc, 0x3, 0xff, 0x80,
    0x0, 0x0, 0xff, 0xe0, 0x0, 0x0, 0x3f, 0xf8,
    0x0, 0x0, 0xf, 0xfe, 0x0, 0x0, 0x3, 0xff,
    0x80, 0x0, 0x0, 0xff, 0xe0, 0x0, 0x0, 0x3f,
    0xf8, 0x0, 0x0, 0xf, 0xfe, 0x0, 0x0, 0x3,
    0xff, 0x80, 0x0, 0x0, 0xff, 0xe0, 0x0, 0x0,
    0x3f, 0xfe, 0xaa, 0xaa, 0x8f, 0xff, 0xff, 0xff,
    0xf3, 0xff, 0xff, 0xff, 0xfc, 0xff, 0xff, 0xff,
    0xff, 0x3f, 0xff, 0xff, 0xff, 0xcf, 0xff, 0xff,
    0xff, 0xf0,

    /* U+0066 "f" */
    0x3f, 0xff, 0xff, 0xff, 0xcf, 0xff, 0xff, 0xff,
    0xf3, 0xff, 0xff, 0xff, 0xfc, 0xff, 0xff, 0xff,
    0xff, 0x3f, 0xff, 0xff, 0xff, 0xcf, 0xff, 0xaa,
    0xaa, 0xa3, 0xff, 0x80, 0x0, 0x0, 0xff, 0xe0,
    0x0, 0x0, 0x3f, 0xf8, 0x0, 0x0, 0xf, 0xfe,
    0x0, 0x0, 0x3, 0xff, 0x80, 0x0, 0x0, 0xff,
    0xe0, 0x0, 0x0, 0x3f, 0xf8, 0x0, 0x0, 0xf,
    0xfe, 0x0, 0x0, 0x3, 0xff, 0x80, 0x0, 0x0,
    0xff, 0xe0, 0x0, 0x0, 0x3f, 0xff, 0xff, 0xf0,
    0xf, 0xff, 0xff, 0xfc, 0x3, 0xff, 0xff, 0xff,
    0x0, 0xff, 0xff, 0xff, 0xc0, 0x3f, 0xff, 0xff,
    0xf0, 0xf, 0xff, 0xff, 0xfc, 0x3, 0xff, 0x80,
    0x0, 0x0, 0xff, 0xe0, 0x0, 0x0, 0x3f, 0xf8,
    0x0, 0x0, 0xf, 0xfe, 0x0, 0x0, 0x3, 0xff,
    0x80, 0x0, 0x0, 0xff, 0xe0, 0x0, 0x0, 0x3f,
    0xf8, 0x0, 0x0, 0xf, 0xfe, 0x0, 0x0, 0x3,
    0xff, 0x80, 0x0, 0x0, 0xff, 0xe0, 0x0, 0x0,
    0x3f, 0xf8, 0x0, 0x0, 0xf, 0xfe, 0x0, 0x0,
    0x3, 0xff, 0x80, 0x0, 0x0, 0xff, 0xe0, 0x0,
    0x0, 0x3f, 0xf8, 0x0, 0x0, 0xf, 0xfe, 0x0,
    0x0, 0x0,

    /* U+0067 "g" */
    0x0, 0x6, 0xff, 0x80, 0x0, 0x0, 0xff, 0xff,
    0xe0, 0x0, 0x1f, 0xff, 0xff, 0xf0, 0x0, 0xff,
    0xff, 0xff, 0xf0, 0xf, 0xff, 0xff, 0xff, 0xe0,
    0x7f, 0xff, 0xbf, 0xff, 0xc2, 0xff, 0xe0, 0x1f,
    0xff, 0x4f, 0xff, 0x0, 0x1f, 0xfe, 0x3f, 0xf8,
    0x0, 0x3f, 0xfc, 0xff, 0xd0, 0x0, 0xff, 0xf3,
    0xff, 0x40, 0x3, 0xff, 0xcf, 0xfd, 0x0, 0xf,
    0xff, 0x3f, 0xf4, 0x0, 0x3f, 0xfc, 0xff, 0xd0,
    0x0, 0x0, 0x3, 0xff, 0x40, 0x0, 0x0, 0xf,
    0xfd, 0x0, 0x0, 0x0, 0x3f, 0xf4, 0xf, 0xff,
    0xfc, 0xff, 0xd0, 0x3f, 0xff, 0xf3, 0xff, 0x40,
    0xff, 0xff, 0xcf, 0xfd, 0x3, 0xff, 0xff, 0x3f,
    0xf4, 0xf, 0xff, 0xfc, 0xff, 0xd0, 0x2a, 0xff,
    0xf3, 0xff, 0x40, 0x3, 0xff, 0xcf, 0xfd, 0x0,
    0xf, 0xff, 0x3f, 0xf4, 0x0, 0x3f, 0xfc, 0xff,
    0xd0, 0x0, 0xff, 0xf3, 0xff, 0x40, 0x3, 0xff,
    0xcf, 0xfd, 0x0, 0xf, 0xff, 0x3f, 0xf4, 0x0,
    0x3f, 0xfc, 0xff, 0xe0, 0x0, 0xff, 0xf3, 0xff,
    0xc0, 0xb, 0xff, 0x8b, 0xff, 0x80, 0x7f, 0xfd,
    0x1f, 0xff, 0xff, 0xff, 0xf0, 0x3f, 0xff, 0xff,
    0xff, 0x80, 0x3f, 0xff, 0xff, 0xfc, 0x0, 0x7f,
    0xff, 0xff, 0xc0, 0x0, 0x3f, 0xff, 0xf8, 0x0,
    0x0, 0x1b, 0xfe, 0x0, 0x0,

    /* U+0068 "h" */
    0x3f, 0xf8, 0x0, 0x2f, 0xfc, 0x3f, 0xf8, 0x0,
    0x2f, 0xfc, 0x3f, 0xf8, 0x0, 0x2f, 0xfc, 0x3f,
    0xf8, 0x0, 0x2f, 0xfc, 0x3f, 0xf8, 0x0, 0x2f,
    0xfc, 0x3f, 0xf8, 0x0, 0x2f, 0xfc, 0x3f, 0xf8,
    0x0, 0x2f, 0xfc, 0x3f, 0xf8, 0x0, 0x2f, 0xfc,
    0x3f, 0xf8, 0x0, 0x2f, 0xfc, 0x3f, 0xf8, 0x0,
    0x2f, 0xfc, 0x3f, 0xf8, 0x0, 0x2f, 0xfc, 0x3f,
    0xf8, 0x0, 0x2f, 0xfc, 0x3f, 0xf8, 0x0, 0x2f,
    0xfc, 0x3f, 0xf8, 0x0, 0x2f, 0xfc, 0x3f, 0xf8,
    0x0, 0x2f, 0xfc, 0x3f, 0xf8, 0x0, 0x2f, 0xfc,
    0x3f, 0xff, 0xff, 0xff, 0xfc, 0x3f, 0xff, 0xff,
    0xff, 0xfc, 0x3f, 0xff, 0xff, 0xff, 0xfc, 0x3f,
    0xff, 0xff, 0xff, 0xfc, 0x3f, 0xff, 0xff, 0xff,
    0xfc, 0x3f, 0xff, 0xff, 0xff, 0xfc, 0x3f, 0xf8,
    0x0, 0x2f, 0xfc, 0x3f, 0xf8, 0x0, 0x2f, 0xfc,
    0x3f, 0xf8, 0x0, 0x2f, 0xfc, 0x3f, 0xf8, 0x0,
    0x2f, 0xfc, 0x3f, 0xf8, 0x0, 0x2f, 0xfc, 0x3f,
    0xf8, 0x0, 0x2f, 0xfc, 0x3f, 0xf8, 0x0, 0x2f,
    0xfc, 0x3f, 0xf8, 0x0, 0x2f, 0xfc, 0x3f, 0xf8,
    0x0, 0x2f, 0xfc, 0x3f, 0xf8, 0x0, 0x2f, 0xfc,
    0x3f, 0xf8, 0x0, 0x2f, 0xfc, 0x3f, 0xf8, 0x0,
    0x2f, 0xfc, 0x3f, 0xf8, 0x0, 0x2f, 0xfc, 0x3f,
    0xf8, 0x0, 0x2f, 0xfc, 0x3f, 0xf8, 0x0, 0x2f,
    0xfc, 0x3f, 0xf8, 0x0, 0x2f, 0xfc,

    /* U+0069 "i" */
    0x3f, 0xf8, 0xff, 0xe3, 0xff, 0x8f, 0xfe, 0x3f,
    0xf8, 0xff, 0xe3, 0xff, 0x8f, 0xfe, 0x3f, 0xf8,
    0xff, 0xe3, 0xff, 0x8f, 0xfe, 0x3f, 0xf8, 0xff,
    0xe3, 0xff, 0x8f, 0xfe, 0x3f, 0xf8, 0xff, 0xe3,
    0xff, 0x8f, 0xfe, 0x3f, 0xf8, 0xff, 0xe3, 0xff,
    0x8f, 0xfe, 0x3f, 0xf8, 0xff, 0xe3, 0xff, 0x8f,
    0xfe, 0x3f, 0xf8, 0xff, 0xe3, 0xff, 0x8f, 0xfe,
    0x3f, 0xf8, 0xff, 0xe3, 0xff, 0x8f, 0xfe, 0x3f,
    0xf8, 0xff, 0xe0,

    /* U+006A "j" */
    0x0, 0x0, 0xff, 0xd0, 0x0, 0xf, 0xfd, 0x0,
    0x0, 0xff, 0xd0, 0x0, 0xf, 0xfd, 0x0, 0x0,
    0xff, 0xd0, 0x0, 0xf, 0xfd, 0x0, 0x0, 0xff,
    0xd0, 0x0, 0xf, 0xfd, 0x0, 0x0, 0xff, 0xd0,
    0x0, 0xf, 0xfd, 0x0, 0x0, 0xff, 0xd0, 0x0,
    0xf, 0xfd, 0x0, 0x0, 0xff, 0xd0, 0x0, 0xf,
    0xfd, 0x0, 0x0, 0xff, 0xd0, 0x0, 0xf, 0xfd,
    0x0, 0x0, 0xff, 0xd0, 0x0, 0xf, 0xfd, 0x0,
    0x0, 0xff, 0xd0, 0x0, 0xf, 0xfd, 0x0, 0x0,
    0xff, 0xd0, 0x0, 0xf, 0xfd, 0x0, 0x0, 0xff,
    0xd0, 0x0, 0xf, 0xfd, 0x0, 0x0, 0xff, 0xd0,
    0x0, 0xf, 0xfd, 0x0, 0x0, 0xff, 0xd0, 0x0,
    0xf, 0xfd, 0x0, 0x0, 0xff, 0xd0, 0x0, 0xf,
    0xfd, 0x0, 0x1, 0xff, 0xc0, 0x0, 0x7f, 0xfc,
    0xa, 0xbf, 0xff, 0x81, 0xff, 0xff, 0xf0, 0x2f,
    0xff, 0xfd, 0x3, 0xff, 0xff, 0x80, 0x3f, 0xff,
    0xd0, 0x2, 0xff, 0x90, 0x0,

    /* U+006B "k" */
    0x3f, 0xf8, 0x0, 0x3f, 0xfc, 0xf, 0xfe, 0x0,
    0x1f, 0xff, 0x3, 0xff, 0x80, 0xf, 0xff, 0x40,
    0xff, 0xe0, 0x7, 0xff, 0xc0, 0x3f, 0xf8, 0x3,
    0xff, 0xd0, 0xf, 0xfe, 0x1, 0xff, 0xf0, 0x3,
    0xff, 0x80, 0xff, 0xf4, 0x0, 0xff, 0xe0, 0x7f,
    0xfc, 0x0, 0x3f, 0xf8, 0x3f, 0xfd, 0x0, 0xf,
    0xfe, 0x1f, 0xff, 0x0, 0x3, 0xff, 0x8f, 0xff,
    0x40, 0x0, 0xff, 0xe7, 0xff, 0xc0, 0x0, 0x3f,
    0xfb, 0xff, 0xd0, 0x0, 0xf, 0xff, 0xff, 0xf0,
    0x0, 0x3, 0xff, 0xff, 0xf4, 0x0, 0x0, 0xff,
    0xff, 0xfc, 0x0, 0x0, 0x3f, 0xff, 0xff, 0x0,
    0x0, 0xf, 0xff, 0xff, 0xe0, 0x0, 0x3, 0xff,
    0xff, 0xfc, 0x0, 0x0, 0xff, 0xff, 0xff, 0x40,
    0x0, 0x3f, 0xff, 0xff, 0xf0, 0x0, 0xf, 0xff,
    0xff, 0xfc, 0x0, 0x3, 0xff, 0xff, 0xff, 0x80,
    0x0, 0xff, 0xfd, 0xff, 0xf0, 0x0, 0x3f, 0xfd,
    0x3f, 0xfd, 0x0, 0xf, 0xff, 0xb, 0xff, 0xc0,
    0x3, 0xff, 0x80, 0xff, 0xf0, 0x0, 0xff, 0xe0,
    0x3f, 0xfe, 0x0, 0x3f, 0xf8, 0x7, 0xff, 0xc0,
    0xf, 0xfe, 0x0, 0xff, 0xf4, 0x3, 0xff, 0x80,
    0x2f, 0xff, 0x0, 0xff, 0xe0, 0x7, 0xff, 0xc0,
    0x3f, 0xf8, 0x0, 0xff, 0xf8, 0xf, 0xfe, 0x0,
    0x2f, 0xff, 0x3, 0xff, 0x80, 0x3, 0xff, 0xd0,
    0xff, 0xe0, 0x0, 0xff, 0xfc, 0x3f, 0xf8, 0x0,
    0x1f, 0xff, 0xf, 0xfe, 0x0, 0x3, 0xff, 0xe0,

    /* U+006C "l" */
    0x3f, 0xf8, 0x0, 0x0, 0xf, 0xfe, 0x0, 0x0,
    0x3, 0xff, 0x80, 0x0, 0x0, 0xff, 0xe0, 0x0,
    0x0, 0x3f, 0xf8, 0x0, 0x0, 0xf, 0xfe, 0x0,
    0x0, 0x3, 0xff, 0x80, 0x0, 0x0, 0xff, 0xe0,
    0x0, 0x0, 0x3f, 0xf8, 0x0, 0x0, 0xf, 0xfe,
    0x0, 0x0, 0x3, 0xff, 0x80, 0x0, 0x0, 0xff,
    0xe0, 0x0, 0x0, 0x3f, 0xf8, 0x0, 0x0, 0xf,
    0xfe, 0x0, 0x0, 0x3, 0xff, 0x80, 0x0, 0x0,
    0xff, 0xe0, 0x0, 0x0, 0x3f, 0xf8, 0x0, 0x0,
    0xf, 0xfe, 0x0, 0x0, 0x3, 0xff, 0x80, 0x0,
    0x0, 0xff, 0xe0, 0x0, 0x0, 0x3f, 0xf8, 0x0,
    0x0, 0xf, 0xfe, 0x0, 0x0, 0x3, 0xff, 0x80,
    0x0, 0x0, 0xff, 0xe0, 0x0, 0x0, 0x3f, 0xf8,
    0x0, 0x0, 0xf, 0xfe, 0x0, 0x0, 0x3, 0xff,
    0x80, 0x0, 0x0, 0xff, 0xe0, 0x0, 0x0, 0x3f,
    0xf8, 0x0, 0x0, 0xf, 0xfe, 0x0, 0x0, 0x3,
    0xff, 0x80, 0x0, 0x0, 0xff, 0xe0, 0x0, 0x0,
    0x3f, 0xfe, 0xaa, 0xaa, 0xf, 0xff, 0xff, 0xff,
    0xd3, 0xff, 0xff, 0xff, 0xf4, 0xff, 0xff, 0xff,
    0xfd, 0x3f, 0xff, 0xff, 0xff, 0x4f, 0xff, 0xff,
    0xff, 0xd0,

    /* U+006D "m" */
    0x3f, 0xff, 0xc0, 0x0, 0x3, 0xff, 0xfc, 0x3f,
    0xff, 0xd0, 0x0, 0x3, 0xff, 0xfc, 0x3f, 0xff,
    0xd0, 0x0, 0x3, 0xff, 0xfc, 0x3f, 0xff, 0xe0,
    0x0, 0x7, 0xff, 0xfc, 0x3f, 0xff, 0xf0, 0x0,
    0xb, 0xff, 0xfc, 0x3f, 0xff, 0xf0, 0x0, 0xb,
    0xff, 0xfc, 0x3f, 0xff, 0xf4, 0x0, 0xf, 0xff,
    0xfc, 0x3f, 0xff, 0xf4, 0x0, 0xf, 0xff, 0xfc,
    0x3f, 0xff, 0xf8, 0x0, 0x1f, 0xff, 0xfc, 0x3f,
    0xff, 0xfc, 0x0, 0x1f, 0xff, 0xfc, 0x3f, 0xff,
    0xfc, 0x0, 0x2f, 0xff, 0xfc, 0x3f, 0xff, 0xfc,
    0x0, 0x3f, 0xff, 0xfc, 0x3f, 0xff, 0xfd, 0x0,
    0x3f, 0xff, 0xfc, 0x3f, 0xff, 0xfe, 0x0, 0x3f,
    0xff, 0xfc, 0x3f, 0xff, 0xff, 0x0, 0x7f, 0xff,
    0xfc, 0x3f, 0xfb, 0xff, 0x0, 0xbf, 0xef, 0xfc,
    0x3f, 0xfb, 0xff, 0x0, 0xbf, 0xef, 0xfc, 0x3f,
    0xfa, 0xff, 0x40, 0xff, 0xef, 0xfc, 0x3f, 0xf9,
    0xff, 0x80, 0xff, 0xaf, 0xfc, 0x3f, 0xf8, 0xff,
    0xc1, 0xff, 0x6f, 0xfc, 0x3f, 0xf8, 0xff, 0xc1,
    0xff, 0x2f, 0xfc, 0x3f, 0xf8, 0xbf, 0xc2, 0xff,
    0x2f, 0xfc, 0x3f, 0xf8, 0xbf, 0xd3, 0xfe, 0x2f,
    0xfc, 0x3f, 0xf8, 0x7f, 0xe3, 0xfe, 0x2f, 0xfc,
    0x3f, 0xf8, 0x3f, 0xe3, 0xfd, 0x2f, 0xfc, 0x3f,
    0xf8, 0x3f, 0xf7, 0xfc, 0x2f, 0xfc, 0x3f, 0xf8,
    0x2f, 0xfb, 0xfc, 0x2f, 0xfc, 0x3f, 0xf8, 0x1f,
    0xff, 0xf8, 0x2f, 0xfc, 0x3f, 0xf8, 0xf, 0xff,
    0xf8, 0x2f, 0xfc, 0x3f, 0xf8, 0xf, 0xff, 0xf4,
    0x2f, 0xfc, 0x3f, 0xf8, 0xb, 0xff, 0xf0, 0x2f,
    0xfc, 0x3f, 0xf8, 0x7, 0xff, 0xf0, 0x2f, 0xfc,
    0x3f, 0xf8, 0x3, 0xff, 0xe0, 0x2f, 0xfc, 0x3f,
    0xf8, 0x3, 0xff, 0xd0, 0x2f, 0xfc, 0x3f, 0xf8,
    0x3, 0xff, 0xd0, 0x2f, 0xfc, 0x3f, 0xf8, 0x2,
    0xff, 0xc0, 0x2f, 0xfc, 0x3f, 0xf8, 0x1, 0xff,
    0xc0, 0x2f, 0xfc, 0x3f, 0xf8, 0x0, 0xff, 0x80,
    0x2f, 0xfc,

    /* U+006E "n" */
    0x3f, 0xfd, 0x0, 0x7, 0xff, 0x4f, 0xff, 0x80,
    0x1, 0xff, 0xd3, 0xff, 0xf0, 0x0, 0x7f, 0xf4,
    0xff, 0xfd, 0x0, 0x1f, 0xfd, 0x3f, 0xff, 0x80,
    0x7, 0xff, 0x4f, 0xff, 0xf0, 0x1, 0xff, 0xd3,
    0xff, 0xfc, 0x0, 0x7f, 0xf4, 0xff, 0xff, 0x40,
    0x1f, 0xfd, 0x3f, 0xff, 0xf0, 0x7, 0xff, 0x4f,
    0xff, 0xfc, 0x1, 0xff, 0xd3, 0xff, 0xff, 0x40,
    0x7f, 0xf4, 0xff, 0xff, 0xe0, 0x1f, 0xfd, 0x3f,
    0xff, 0xfc, 0x7, 0xff, 0x4f, 0xff, 0xff, 0x1,
    0xff, 0xd3, 0xff, 0xbf, 0xe0, 0x7f, 0xf4, 0xff,
    0xef, 0xfc, 0x1f, 0xfd, 0x3f, 0xfa, 0xff, 0x7,
    0xff, 0x4f, 0xfe, 0x3f, 0xd1, 0xff, 0xd3, 0xff,
    0x8f, 0xf8, 0x7f, 0xf4, 0xff, 0xe2, 0xff, 0x1f,
    0xfd, 0x3f, 0xf8, 0x3f, 0xd7, 0xff, 0x4f, 0xfe,
    0xf, 0xf9, 0xff, 0xd3, 0xff, 0x82, 0xff, 0x7f,
    0xf4, 0xff, 0xe0, 0x7f, 0xdf, 0xfd, 0x3f, 0xf8,
    0xf, 0xfb, 0xff, 0x4f, 0xfe, 0x2, 0xff, 0xff,
    0xd3, 0xff, 0x80, 0x7f, 0xff, 0xf4, 0xff, 0xe0,
    0xf, 0xff, 0xfd, 0x3f, 0xf8, 0x2, 0xff, 0xff,
    0x4f, 0xfe, 0x0, 0x7f, 0xff, 0xd3, 0xff, 0x80,
    0xf, 0xff, 0xf4, 0xff, 0xe0, 0x2, 0xff, 0xfd,
    0x3f, 0xf8, 0x0, 0x7f, 0xff, 0x4f, 0xfe, 0x0,
    0xf, 0xff, 0xd3, 0xff, 0x80, 0x3, 0xff, 0xf4,
    0xff, 0xe0, 0x0, 0x7f, 0xfd, 0x3f, 0xf8, 0x0,
    0xf, 0xff, 0x4f, 0xfe, 0x0, 0x3, 0xff, 0xd0,

    /* U+006F "o" */
    0x0, 0x6, 0xff, 0x80, 0x0, 0x0, 0xff, 0xff,
    0xe0, 0x0, 0x1f, 0xff, 0xff, 0xf0, 0x0, 0xff,
    0xff, 0xff, 0xf0, 0xf, 0xff, 0xff, 0xff, 0xe0,
    0x7f, 0xff, 0xff, 0xff, 0xc2, 0xff, 0xe0, 0x1f,
    0xff, 0x4f, 0xff, 0x0, 0x1f, 0xfe, 0x3f, 0xf8,
    0x0, 0x3f, 0xfc, 0xff, 0xd0, 0x0, 0xff, 0xf3,
    0xff, 0x40, 0x3, 0xff, 0xcf, 0xfd, 0x0, 0xf,
    0xff, 0x3f, 0xf4, 0x0, 0x3f, 0xfc, 0xff, 0xd0,
    0x0, 0xff, 0xf3, 0xff, 0x40, 0x3, 0xff, 0xcf,
    0xfd, 0x0, 0xf, 0xff, 0x3f, 0xf4, 0x0, 0x3f,
    0xfc, 0xff, 0xd0, 0x0, 0xff, 0xf3, 0xff, 0x40,
    0x3, 0xff, 0xcf, 0xfd, 0x0, 0xf, 0xff, 0x3f,
    0xf4, 0x0, 0x3f, 0xfc, 0xff, 0xd0, 0x0, 0xff,
    0xf3, 0xff, 0x40, 0x3, 0xff, 0xcf, 0xfd, 0x0,
    0xf, 0xff, 0x3f, 0xf4, 0x0, 0x3f, 0xfc, 0xff,
    0xd0, 0x0, 0xff, 0xf3, 0xff, 0x40, 0x3, 0xff,
    0xcf, 0xfd, 0x0, 0xf, 0xff, 0x3f, 0xf4, 0x0,
    0x3f, 0xfc, 0xff, 0xe0, 0x0, 0xff, 0xf3, 0xff,
    0xc0, 0xb, 0xff, 0x8b, 0xff, 0x80, 0x7f, 0xfd,
    0x1f, 0xff, 0xff, 0xff, 0xf0, 0x3f, 0xff, 0xff,
    0xff, 0x80, 0x3f, 0xff, 0xff, 0xfc, 0x0, 0x7f,
    0xff, 0xff, 0xc0, 0x0, 0x3f, 0xff, 0xf8, 0x0,
    0x0, 0x1b, 0xfe, 0x0, 0x0,

    /* U+0070 "p" */
    0x3f, 0xff, 0xff, 0x90, 0x0, 0xff, 0xff, 0xff,
    0xf0, 0x3, 0xff, 0xff, 0xff, 0xf4, 0xf, 0xff,
    0xff, 0xff, 0xf0, 0x3f, 0xff, 0xff, 0xff, 0xe0,
    0xff, 0xff, 0xff, 0xff, 0xc3, 0xff, 0x80, 0xf,
    0xff, 0x4f, 0xfe, 0x0, 0xf, 0xfe, 0x3f, 0xf8,
    0x0, 0x3f, 0xf8, 0xff, 0xe0, 0x0, 0xff, 0xe3,
    0xff, 0x80, 0x3, 0xff, 0x8f, 0xfe, 0x0, 0xf,
    0xfe, 0x3f, 0xf8, 0x0, 0x3f, 0xf8, 0xff, 0xe0,
    0x0, 0xff, 0xe3, 0xff, 0x80, 0x3, 0xff, 0x8f,
    0xfe, 0x0, 0xf, 0xfe, 0x3f, 0xf8, 0x0, 0x7f,
    0xf4, 0xff, 0xe0, 0x7, 0xff, 0xc3, 0xff, 0xff,
    0xff, 0xff, 0xf, 0xff, 0xff, 0xff, 0xf0, 0x3f,
    0xff, 0xff, 0xff, 0x40, 0xff, 0xff, 0xff, 0xf8,
    0x3, 0xff, 0xff, 0xff, 0x40, 0xf, 0xff, 0xaa,
    0x40, 0x0, 0x3f, 0xf8, 0x0, 0x0, 0x0, 0xff,
    0xe0, 0x0, 0x0, 0x3, 0xff, 0x80, 0x0, 0x0,
    0xf, 0xfe, 0x0, 0x0, 0x0, 0x3f, 0xf8, 0x0,
    0x0, 0x0, 0xff, 0xe0, 0x0, 0x0, 0x3, 0xff,
    0x80, 0x0, 0x0, 0xf, 0xfe, 0x0, 0x0, 0x0,
    0x3f, 0xf8, 0x0, 0x0, 0x0, 0xff, 0xe0, 0x0,
    0x0, 0x3, 0xff, 0x80, 0x0, 0x0, 0xf, 0xfe,
    0x0, 0x0, 0x0, 0x3f, 0xf8, 0x0, 0x0, 0x0,
    0xff, 0xe0, 0x0, 0x0, 0x0,

    /* U+0071 "q" */
    0x0, 0x6, 0xff, 0x80, 0x0, 0x0, 0x3f, 0xff,
    0xf8, 0x0, 0x1, 0xff, 0xff, 0xff, 0x0, 0x3,
    0xff, 0xff, 0xff, 0xc0, 0xf, 0xff, 0xff, 0xff,
    0xe0, 0x1f, 0xff, 0xff, 0xff, 0xf0, 0x2f, 0xfe,
    0x1, 0xff, 0xf4, 0x3f, 0xfc, 0x0, 0x7f, 0xf8,
    0x3f, 0xf8, 0x0, 0x3f, 0xfc, 0x3f, 0xf4, 0x0,
    0x3f, 0xfc, 0x3f, 0xf4, 0x0, 0x3f, 0xfc, 0x3f,
    0xf4, 0x0, 0x3f, 0xfc, 0x3f, 0xf4, 0x0, 0x3f,
    0xfc, 0x3f, 0xf4, 0x0, 0x3f, 0xfc, 0x3f, 0xf4,
    0x0, 0x3f, 0xfc, 0x3f, 0xf4, 0x0, 0x3f, 0xfc,
    0x3f, 0xf4, 0x0, 0x3f, 0xfc, 0x3f, 0xf4, 0x0,
    0x3f, 0xfc, 0x3f, 0xf4, 0x0, 0x3f, 0xfc, 0x3f,
    0xf4, 0x0, 0x3f, 0xfc, 0x3f, 0xf4, 0x0, 0x3f,
    0xfc, 0x3f, 0xf4, 0x0, 0x3f, 0xfc, 0x3f, 0xf4,
    0x0, 0x3f, 0xfc, 0x3f, 0xf4, 0x0, 0x3f, 0xfc,
    0x3f, 0xf4, 0x0, 0x3f, 0xfc, 0x3f, 0xf4, 0x0,
    0x3f, 0xfc, 0x3f, 0xf4, 0x0, 0x3f, 0xfc, 0x3f,
    0xf4, 0x0, 0x3f, 0xfc, 0x3f, 0xf4, 0x0, 0x3f,
    0xfc, 0x3f, 0xf8, 0x0, 0x3f, 0xfc, 0x3f, 0xfc,
    0x0, 0xbf, 0xf8, 0x2f, 0xff, 0x1, 0xff, 0xf4,
    0x1f, 0xff, 0xff, 0xff, 0xf0, 0xf, 0xff, 0xff,
    0xff, 0xf4, 0x3, 0xff, 0xff, 0xff, 0xff, 0x1,
    0xff, 0xff, 0xff, 0xff, 0x0, 0x3f, 0xff, 0xff,
    0xff, 0x0, 0x6, 0xff, 0x87, 0xff, 0x0, 0x0,
    0x0, 0x1, 0xff, 0x0, 0x0, 0x0, 0x0, 0x0,

    /* U+0072 "r" */
    0x3f, 0xff, 0xff, 0x90, 0x0, 0x3f, 0xff, 0xff,
    0xfd, 0x0, 0x3f, 0xff, 0xff, 0xff, 0x80, 0x3f,
    0xff, 0xff, 0xff, 0xd0, 0x3f, 0xff, 0xff, 0xff,
    0xf0, 0x3f, 0xff, 0xff, 0xff, 0xf0, 0x3f, 0xf8,
    0x0, 0xff, 0xf4, 0x3f, 0xf8, 0x0, 0x3f, 0xf8,
    0x3f, 0xf8, 0x0, 0x3f, 0xf8, 0x3f, 0xf8, 0x0,
    0x3f, 0xf8, 0x3f, 0xf8, 0x0, 0x3f, 0xf8, 0x3f,
    0xf8, 0x0, 0x3f, 0xf8, 0x3f, 0xf8, 0x0, 0x3f,
    0xf8, 0x3f, 0xf8, 0x0, 0x3f, 0xf8, 0x3f, 0xf8,
    0x0, 0x3f, 0xf8, 0x3f, 0xf8, 0x0, 0x3f, 0xf8,
    0x3f, 0xf8, 0x0, 0x7f, 0xf4, 0x3f, 0xf8, 0x1,
    0xff, 0xf0, 0x3f, 0xff, 0xff, 0xff, 0xf0, 0x3f,
    0xff, 0xff, 0xff, 0xc0, 0x3f, 0xff, 0xff, 0xff,
    0x40, 0x3f, 0xff, 0xff, 0xff, 0x0, 0x3f, 0xff,
    0xff, 0xff, 0x0, 0x3f, 0xfe, 0xaf, 0xff, 0x0,
    0x3f, 0xf8, 0x7, 0xff, 0x40, 0x3f, 0xf8, 0x3,
    0xff, 0x80, 0x3f, 0xf8, 0x3, 0xff, 0xc0, 0x3f,
    0xf8, 0x3, 0xff, 0xc0, 0x3f, 0xf8, 0x2, 0xff,
    0xd0, 0x3f, 0xf8, 0x1, 0xff, 0xe0, 0x3f, 0xf8,
    0x0, 0xff, 0xf0, 0x3f, 0xf8, 0x0, 0xff, 0xf0,
    0x3f, 0xf8, 0x0, 0xbf, 0xf4, 0x3f, 0xf8, 0x0,
    0x7f, 0xf8, 0x3f, 0xf8, 0x0, 0x3f, 0xfc, 0x3f,
    0xf8, 0x0, 0x3f, 0xfc, 0x3f, 0xf8, 0x0, 0x2f,
    0xfd, 0x3f, 0xf8, 0x0, 0x1f, 0xfe,

    /* U+0073 "s" */
    0x0, 0x6, 0xff, 0xd0, 0x0, 0x0, 0x3f, 0xff,
    0xfe, 0x0, 0x0, 0xff, 0xff, 0xff, 0x80, 0x3,
    0xff, 0xff, 0xff, 0xe0, 0x7, 0xff, 0xff, 0xff,
    0xf0, 0xf, 0xff, 0xd1, 0xff, 0xf8, 0xf, 0xff,
    0x0, 0x3f, 0xfc, 0x1f, 0xfe, 0x0, 0x2f, 0xfc,
    0x1f, 0xfd, 0x0, 0x1f, 0xfc, 0x1f, 0xfd, 0x0,
    0x5, 0x0, 0x1f, 0xfe, 0x0, 0x0, 0x0, 0xf,
    0xff, 0x0, 0x0, 0x0, 0xf, 0xff, 0x40, 0x0,
    0x0, 0xb, 0xff, 0xc0, 0x0, 0x0, 0x3, 0xff,
    0xe0, 0x0, 0x0, 0x2, 0xff, 0xf8, 0x0, 0x0,
    0x0, 0xff, 0xfe, 0x0, 0x0, 0x0, 0x3f, 0xff,
    0xc0, 0x0, 0x0, 0xf, 0xff, 0xf0, 0x0, 0x0,
    0x3, 0xff, 0xfc, 0x0, 0x0, 0x0, 0xff, 0xff,
    0x0, 0x0, 0x0, 0x3f, 0xff, 0xc0, 0x0, 0x0,
    0xb, 0xff, 0xd0, 0x0, 0x0, 0x2, 0xff, 0xf0,
    0x0, 0x0, 0x0, 0xbf, 0xf8, 0x0, 0x0, 0x0,
    0x3f, 0xfc, 0x0, 0x0, 0x0, 0x2f, 0xfd, 0x2b,
    0xf4, 0x0, 0xf, 0xfd, 0x3f, 0xf8, 0x0, 0xf,
    0xfe, 0x3f, 0xfc, 0x0, 0xf, 0xfe, 0x2f, 0xfd,
    0x0, 0x2f, 0xfd, 0xf, 0xff, 0x0, 0x3f, 0xfc,
    0xf, 0xff, 0xd6, 0xff, 0xfc, 0x7, 0xff, 0xff,
    0xff, 0xf4, 0x2, 0xff, 0xff, 0xff, 0xf0, 0x0,
    0xff, 0xff, 0xff, 0xc0, 0x0, 0x2f, 0xff, 0xff,
    0x0, 0x0, 0x2, 0xff, 0xe4, 0x0,

    /* U+0074 "t" */
    0x3f, 0xff, 0xff, 0xff, 0xf8, 0xff, 0xff, 0xff,
    0xff, 0xe3, 0xff, 0xff, 0xff, 0xff, 0x8f, 0xff,
    0xff, 0xff, 0xfe, 0x3f, 0xff, 0xff, 0xff, 0xf8,
    0xaa, 0xaf, 0xff, 0xaa, 0x90, 0x0, 0x3f, 0xf8,
    0x0, 0x0, 0x0, 0xff, 0xe0, 0x0, 0x0, 0x3,
    0xff, 0x80, 0x0, 0x0, 0xf, 0xfe, 0x0, 0x0,
    0x0, 0x3f, 0xf8, 0x0, 0x0, 0x0, 0xff, 0xe0,
    0x0, 0x0, 0x3, 0xff, 0x80, 0x0, 0x0, 0xf,
    0xfe, 0x0, 0x0, 0x0, 0x3f, 0xf8, 0x0, 0x0,
    0x0, 0xff, 0xe0, 0x0, 0x0, 0x3, 0xff, 0x80,
    0x0, 0x0, 0xf, 0xfe, 0x0, 0x0, 0x0, 0x3f,
    0xf8, 0x0, 0x0, 0x0, 0xff, 0xe0, 0x0, 0x0,
    0x3, 0xff, 0x80, 0x0, 0x0, 0xf, 0xfe, 0x0,
    0x0, 0x0, 0x3f, 0xf8, 0x0, 0x0, 0x0, 0xff,
    0xe0, 0x0, 0x0, 0x3, 0xff, 0x80, 0x0, 0x0,
    0xf, 0xfe, 0x0, 0x0, 0x0, 0x3f, 0xf8, 0x0,
    0x0, 0x0, 0xff, 0xe0, 0x0, 0x0, 0x3, 0xff,
    0x80, 0x0, 0x0, 0xf, 0xfe, 0x0, 0x0, 0x0,
    0x3f, 0xf8, 0x0, 0x0, 0x0, 0xff, 0xe0, 0x0,
    0x0, 0x3, 0xff, 0x80, 0x0, 0x0, 0xf, 0xfe,
    0x0, 0x0, 0x0, 0x3f, 0xf8, 0x0, 0x0, 0x0,
    0xff, 0xe0, 0x0, 0x0, 0x3, 0xff, 0x80, 0x0,
    0x0, 0xf, 0xfe, 0x0, 0x0,

    /* U+0075 "u" */
    0x3f, 0xf4, 0x0, 0x3f, 0xfc, 0xff, 0xd0, 0x0,
    0xff, 0xf3, 0xff, 0x40, 0x3, 0xff, 0xcf, 0xfd,
    0x0, 0xf, 0xff, 0x3f, 0xf4, 0x0, 0x3f, 0xfc,
    0xff, 0xd0, 0x0, 0xff, 0xf3, 0xff, 0x40, 0x3,
    0xff, 0xcf, 0xfd, 0x0, 0xf, 0xff, 0x3f, 0xf4,
    0x0, 0x3f, 0xfc, 0xff, 0xd0, 0x0, 0xff, 0xf3,
    0xff, 0x40, 0x3, 0xff, 0xcf, 0xfd, 0x0, 0xf,
    0xff, 0x3f, 0xf4, 0x0, 0x3f, 0xfc, 0xff, 0xd0,
    0x0, 0xff, 0xf3, 0xff, 0x40, 0x3, 0xff, 0xcf,
    0xfd, 0x0, 0xf, 0xff, 0x3f, 0xf4, 0x0, 0x3f,
    0xfc, 0xff, 0xd0, 0x0, 0xff, 0xf3, 0xff, 0x40,
    0x3, 0xff, 0xcf, 0xfd, 0x0, 0xf, 0xff, 0x3f,
    0xf4, 0x0, 0x3f, 0xfc, 0xff, 0xd0, 0x0, 0xff,
    0xf3, 0xff, 0x40, 0x3, 0xff, 0xcf, 0xfd, 0x0,
    0xf, 0xff, 0x3f, 0xf4, 0x0, 0x3f, 0xfc, 0xff,
    0xd0, 0x0, 0xff, 0xf3, 0xff, 0x40, 0x3, 0xff,
    0xcf, 0xfd, 0x0, 0xf, 0xff, 0x3f, 0xf4, 0x0,
    0x3f, 0xfc, 0xff, 0xe0, 0x0, 0xff, 0xf3, 0xff,
    0xc0, 0xb, 0xff, 0x8b, 0xff, 0x80, 0x7f, 0xfd,
    0x1f, 0xff, 0xff, 0xff, 0xf0, 0x3f, 0xff, 0xff,
    0xff, 0x80, 0x3f, 0xff, 0xff, 0xfc, 0x0, 0x7f,
    0xff, 0xff, 0xc0, 0x0, 0x3f, 0xff, 0xf8, 0x0,
    0x0, 0x1b, 0xfe, 0x0, 0x0,

    /* U+0076 "v" */
    0x3f, 0xfc, 0x0, 0x0, 0xff, 0xf0, 0xff, 0xf0,
    0x0, 0x3, 0xff, 0xc2, 0xff, 0xc0, 0x0, 0xf,
    0xfe, 0x7, 0xff, 0x40, 0x0, 0x7f, 0xf8, 0x1f,
    0xfe, 0x0, 0x1, 0xff, 0xd0, 0x3f, 0xf8, 0x0,
    0xb, 0xff, 0x0, 0xff, 0xf0, 0x0, 0x3f, 0xfc,
    0x2, 0xff, 0xc0, 0x0, 0xff, 0xf0, 0xb, 0xff,
    0x0, 0x3, 0xff, 0x80, 0x1f, 0xfd, 0x0, 0x1f,
    0xfd, 0x0, 0x3f, 0xf8, 0x0, 0x7f, 0xf4, 0x0,
    0xff, 0xe0, 0x2, 0xff, 0xc0, 0x3, 0xff, 0xc0,
    0xb, 0xff, 0x0, 0xb, 0xff, 0x0, 0x3f, 0xfc,
    0x0, 0x2f, 0xfc, 0x0, 0xff, 0xe0, 0x0, 0x7f,
    0xf4, 0x3, 0xff, 0x40, 0x0, 0xff, 0xd0, 0x1f,
    0xfc, 0x0, 0x3, 0xff, 0x80, 0xbf, 0xf0, 0x0,
    0xf, 0xff, 0x2, 0xff, 0xc0, 0x0, 0x2f, 0xfc,
    0xf, 0xfe, 0x0, 0x0, 0x7f, 0xf0, 0x3f, 0xf8,
    0x0, 0x1, 0xff, 0xd0, 0xff, 0xd0, 0x0, 0x3,
    0xff, 0x47, 0xff, 0x0, 0x0, 0xf, 0xfe, 0x1f,
    0xfc, 0x0, 0x0, 0x3f, 0xf8, 0xbf, 0xf0, 0x0,
    0x0, 0xbf, 0xf3, 0xff, 0x80, 0x0, 0x1, 0xff,
    0xcf, 0xfd, 0x0, 0x0, 0x3, 0xff, 0x7f, 0xf4,
    0x0, 0x0, 0xf, 0xfe, 0xff, 0xc0, 0x0, 0x0,
    0x3f, 0xff, 0xff, 0x0, 0x0, 0x0, 0xbf, 0xff,
    0xf8, 0x0, 0x0, 0x2, 0xff, 0xff, 0xe0, 0x0,
    0x0, 0x7, 0xff, 0xff, 0x40, 0x0, 0x0, 0xf,
    0xff, 0xfc, 0x0, 0x0, 0x0, 0x3f, 0xff, 0xf0,
    0x0, 0x0, 0x0, 0xff, 0xff, 0xc0, 0x0, 0x0,
    0x2, 0xff, 0xfe, 0x0, 0x0, 0x0, 0x7, 0xff,
    0xf4, 0x0, 0x0,

    /* U+0077 "w" */
    0x3f, 0xfc, 0x0, 0xbf, 0xf4, 0x0, 0xff, 0xf0,
    0xff, 0xf0, 0x2, 0xff, 0xe0, 0x3, 0xff, 0xc2,
    0xff, 0xc0, 0xf, 0xff, 0xc0, 0xf, 0xfe, 0x7,
    0xff, 0x40, 0x3f, 0xff, 0x0, 0x7f, 0xf4, 0x1f,
    0xfd, 0x0, 0xff, 0xfc, 0x1, 0xff, 0xd0, 0x3f,
    0xf8, 0x3, 0xff, 0xf0, 0xb, 0xff, 0x0, 0xff,
    0xf0, 0x1f, 0xff, 0xd0, 0x3f, 0xfc, 0x3, 0xff,
    0xc0, 0x7f, 0xff, 0x80, 0xff, 0xf0, 0xb, 0xff,
    0x2, 0xff, 0xfe, 0x3, 0xff, 0x80, 0x1f, 0xfc,
    0xf, 0xff, 0xfc, 0xf, 0xfe, 0x0, 0x7f, 0xf4,
    0x3f, 0xff, 0xf0, 0x7f, 0xf4, 0x0, 0xff, 0xe0,
    0xff, 0xff, 0xc1, 0xff, 0xc0, 0x3, 0xff, 0x83,
    0xff, 0xff, 0xb, 0xff, 0x0, 0xf, 0xff, 0x1f,
    0xff, 0xfd, 0x2f, 0xfc, 0x0, 0x2f, 0xfc, 0x7f,
    0xff, 0xf8, 0xff, 0xf0, 0x0, 0xbf, 0xf2, 0xff,
    0xff, 0xe3, 0xff, 0x80, 0x1, 0xff, 0xcb, 0xff,
    0xff, 0xcf, 0xfd, 0x0, 0x3, 0xff, 0x7f, 0xff,
    0xff, 0x3f, 0xf4, 0x0, 0xf, 0xfe, 0xff, 0xef,
    0xfd, 0xff, 0xc0, 0x0, 0x3f, 0xff, 0xff, 0x7f,
    0xff, 0xff, 0x0, 0x0, 0xbf, 0xff, 0xfc, 0xff,
    0xff, 0xfc, 0x0, 0x2, 0xff, 0xff, 0xf3, 0xff,
    0xff, 0xe0, 0x0, 0x7, 0xff, 0xff, 0xcb, 0xff,
    0xff, 0x80, 0x0, 0xf, 0xff, 0xfe, 0x1f, 0xff,
    0xfd, 0x0, 0x0, 0x3f, 0xff, 0xf8, 0x7f, 0xff,
    0xf0, 0x0, 0x0, 0xff, 0xff, 0xd0, 0xff, 0xff,
    0xc0, 0x0, 0x2, 0xff, 0xff, 0x43, 0xff, 0xff,
    0x0, 0x0, 0xb, 0xff, 0xfc, 0xf, 0xff, 0xfc,
    0x0, 0x0, 0x1f, 0xff, 0xf0, 0x2f, 0xff, 0xe0,
    0x0, 0x0, 0x3f, 0xff, 0xc0, 0xbf, 0xff, 0x40,
    0x0, 0x0, 0xff, 0xfe, 0x1, 0xff, 0xfd, 0x0,
    0x0, 0x3, 0xff, 0xf8, 0x3, 0xff, 0xf0, 0x0,
    0x0, 0xb, 0xff, 0xd0, 0xf, 0xff, 0xc0, 0x0,
    0x0, 0x2f, 0xff, 0x40, 0x3f, 0xff, 0x0, 0x0,
    0x0, 0x7f, 0xfc, 0x0, 0xff, 0xf8, 0x0, 0x0,
    0x0, 0xff, 0xf0, 0x2, 0xff, 0xe0, 0x0, 0x0,
    0x3, 0xff, 0xc0, 0x7, 0xff, 0x40, 0x0, 0x0,
    0xf, 0xfe, 0x0, 0x1f, 0xfc, 0x0, 0x0,

    /* U+0078 "x" */
    0x3f, 0xfd, 0x0, 0x2, 0xff, 0xe1, 0xff, 0xe0,
    0x0, 0x3f, 0xfc, 0xf, 0xff, 0x0, 0x7, 0xff,
    0xc0, 0xbf, 0xf4, 0x0, 0xbf, 0xf4, 0x7, 0xff,
    0xc0, 0xf, 0xff, 0x0, 0x3f, 0xfc, 0x1, 0xff,
    0xe0, 0x2, 0xff, 0xd0, 0x3f, 0xfc, 0x0, 0xf,
    0xff, 0x3, 0xff, 0xc0, 0x0, 0xff, 0xf0, 0xbf,
    0xf4, 0x0, 0x7, 0xff, 0x8f, 0xff, 0x0, 0x0,
    0x3f, 0xfc, 0xff, 0xe0, 0x0, 0x2, 0xff, 0xff,
    0xfd, 0x0, 0x0, 0xf, 0xff, 0xff, 0xc0, 0x0,
    0x0, 0xff, 0xff, 0xf4, 0x0, 0x0, 0x7, 0xff,
    0xff, 0x0, 0x0, 0x0, 0x3f, 0xff, 0xe0, 0x0,
    0x0, 0x2, 0xff, 0xfd, 0x0, 0x0, 0x0, 0x1f,
    0xff, 0xc0, 0x0, 0x0, 0x0, 0xff, 0xf8, 0x0,
    0x0, 0x0, 0xf, 0xff, 0x80, 0x0, 0x0, 0x1,
    0xff, 0xfc, 0x0, 0x0, 0x0, 0x2f, 0xff, 0xd0,
    0x0, 0x0, 0x3, 0xff, 0xff, 0x0, 0x0, 0x0,
    0x7f, 0xff, 0xf0, 0x0, 0x0, 0xf, 0xff, 0xff,
    0x80, 0x0, 0x1, 0xff, 0xff, 0xfc, 0x0, 0x0,
    0x2f, 0xfe, 0xff, 0xd0, 0x0, 0x3, 0xff, 0xcf,
    0xfe, 0x0, 0x0, 0x7f, 0xf4, 0xbf, 0xf0, 0x0,
    0xf, 0xff, 0x7, 0xff, 0x40, 0x0, 0xff, 0xe0,
    0x3f, 0xfc, 0x0, 0x2f, 0xfd, 0x2, 0xff, 0xc0,
    0x3, 0xff, 0xc0, 0x1f, 0xfe, 0x0, 0x7f, 0xf8,
    0x0, 0xff, 0xf0, 0xb, 0xff, 0x40, 0xb, 0xff,
    0x40, 0xff, 0xf0, 0x0, 0x3f, 0xfc, 0x1f, 0xfe,
    0x0, 0x3, 0xff, 0xc3, 0xff, 0xc0, 0x0, 0x2f,
    0xfe,

    /* U+0079 "y" */
    0x3f, 0xfd, 0x0, 0x2, 0xff, 0xe2, 0xff, 0xe0,
    0x0, 0x3f, 0xfc, 0xf, 0xff, 0x0, 0x7, 0xff,
    0xc0, 0xff, 0xf0, 0x0, 0xbf, 0xf8, 0xb, 0xff,
    0x80, 0xf, 0xff, 0x0, 0x3f, 0xfc, 0x0, 0xff,
    0xf0, 0x3, 0xff, 0xc0, 0x2f, 0xfd, 0x0, 0x2f,
    0xfd, 0x3, 0xff, 0xc0, 0x0, 0xff, 0xe0, 0x3f,
    0xfc, 0x0, 0xf, 0xff, 0x7, 0xff, 0x40, 0x0,
    0x7f, 0xf4, 0xbf, 0xf0, 0x0, 0x3, 0xff, 0x8f,
    0xff, 0x0, 0x0, 0x3f, 0xfd, 0xff, 0xd0, 0x0,
    0x1, 0xff, 0xff, 0xfc, 0x0, 0x0, 0xf, 0xff,
    0xff, 0x80, 0x0, 0x0, 0xff, 0xff, 0xf4, 0x0,
    0x0, 0x7, 0xff, 0xff, 0x0, 0x0, 0x0, 0x3f,
    0xff, 0xe0, 0x0, 0x0, 0x2, 0xff, 0xfd, 0x0,
    0x0, 0x0, 0x1f, 0xff, 0xc0, 0x0, 0x0, 0x0,
    0xff, 0xf8, 0x0, 0x0, 0x0, 0xb, 0xff, 0x40,
    0x0, 0x0, 0x0, 0xbf, 0xf0, 0x0, 0x0, 0x0,
    0xb, 0xff, 0x0, 0x0, 0x0, 0x0, 0xbf, 0xf0,
    0x0, 0x0, 0x0, 0xb, 0xff, 0x0, 0x0, 0x0,
    0x0, 0xbf, 0xf0, 0x0, 0x0, 0x0, 0xb, 0xff,
    0x0, 0x0, 0x0, 0x0, 0xbf, 0xf0, 0x0, 0x0,
    0x0, 0xb, 0xff, 0x0, 0x0, 0x0, 0x0, 0xbf,
    0xf0, 0x0, 0x0, 0x0, 0xb, 0xff, 0x0, 0x0,
    0x0, 0x0, 0xbf, 0xf0, 0x0, 0x0, 0x0, 0xb,
    0xff, 0x0, 0x0, 0x0, 0x0, 0xbf, 0xf0, 0x0,
    0x0, 0x0, 0xb, 0xff, 0x0, 0x0, 0x0, 0x0,
    0xbf, 0xf0, 0x0, 0x0, 0x0, 0xb, 0xff, 0x0,
    0x0,

    /* U+007A "z" */
    0x3f, 0xff, 0xff, 0xff, 0xd3, 0xff, 0xff, 0xff,
    0xfd, 0x3f, 0xff, 0xff, 0xff, 0xd3, 0xff, 0xff,
    0xff, 0xfd, 0x3f, 0xff, 0xff, 0xff, 0xd2, 0xaa,
    0xaa, 0xbf, 0xfd, 0x0, 0x0, 0x3, 0xff, 0xc0,
    0x0, 0x0, 0x7f, 0xf8, 0x0, 0x0, 0xb, 0xff,
    0x40, 0x0, 0x0, 0xff, 0xf0, 0x0, 0x0, 0x2f,
    0xfe, 0x0, 0x0, 0x3, 0xff, 0xc0, 0x0, 0x0,
    0x7f, 0xfc, 0x0, 0x0, 0xb, 0xff, 0x40, 0x0,
    0x0, 0xff, 0xf0, 0x0, 0x0, 0x1f, 0xfe, 0x0,
    0x0, 0x3, 0xff, 0xc0, 0x0, 0x0, 0x7f, 0xfc,
    0x0, 0x0, 0xb, 0xff, 0x40, 0x0, 0x0, 0xff,
    0xf0, 0x0, 0x0, 0x1f, 0xfe, 0x0, 0x0, 0x3,
    0xff, 0xc0, 0x0, 0x0, 0x3f, 0xfc, 0x0, 0x0,
    0xb, 0xff, 0x40, 0x0, 0x0, 0xff, 0xf0, 0x0,
    0x0, 0x1f, 0xfe, 0x0, 0x0, 0x3, 0xff, 0xd0,
    0x0, 0x0, 0x3f, 0xfc, 0x0, 0x0, 0xb, 0xff,
    0x80, 0x0, 0x0, 0xff, 0xf0, 0x0, 0x0, 0x1f,
    0xfe, 0x0, 0x0, 0x3, 0xff, 0xd0, 0x0, 0x0,
    0x3f, 0xfe, 0xaa, 0xaa, 0x93, 0xff, 0xff, 0xff,
    0xfd, 0x3f, 0xff, 0xff, 0xff, 0xd3, 0xff, 0xff,
    0xff, 0xfd, 0x3f, 0xff, 0xff, 0xff, 0xd3, 0xff,
    0xff, 0xff, 0xfd,

    /* U+007B "{" */
    0x0, 0x0, 0x6f, 0xc0, 0x0, 0xbf, 0xfc, 0x0,
    0x3f, 0xff, 0xc0, 0x7, 0xff, 0xfc, 0x0, 0xbf,
    0xe4, 0x0, 0xf, 0xfc, 0x0, 0x0, 0xff, 0x80,
    0x0, 0xf, 0xf8, 0x0, 0x0, 0xff, 0x80, 0x0,
    0xf, 0xf8, 0x0, 0x0, 0xff, 0x80, 0x0, 0xf,
    0xf8, 0x0, 0x0, 0xff, 0x80, 0x0, 0xf, 0xf8,
    0x0, 0x0, 0xff, 0x80, 0x0, 0xf, 0xf8, 0x0,
    0x1, 0xff, 0x80, 0x0, 0x2f, 0xf4, 0x0, 0x7,
    0xff, 0x0, 0x3, 0xff, 0xc0, 0x0, 0x3f, 0xf0,
    0x0, 0x3, 0xff, 0xc0, 0x0, 0x7, 0xff, 0x0,
    0x0, 0x2f, 0xf4, 0x0, 0x1, 0xff, 0x80, 0x0,
    0xf, 0xf8, 0x0, 0x0, 0xff, 0x80, 0x0, 0xf,
    0xf8, 0x0, 0x0, 0xff, 0x80, 0x0, 0xf, 0xf8,
    0x0, 0x0, 0xff, 0x80, 0x0, 0xf, 0xf8, 0x0,
    0x0, 0xff, 0x80, 0x0, 0xf, 0xf8, 0x0, 0x0,
    0xff, 0x80, 0x0, 0xf, 0xfc, 0x0, 0x0, 0xbf,
    0xe0, 0x0, 0x7, 0xff, 0xfc, 0x0, 0x3f, 0xff,
    0xc0, 0x0, 0xbf, 0xfc, 0x0, 0x0, 0x6f, 0xc0,

    /* U+007C "|" */
    0x0, 0x0, 0xff, 0xd3, 0xff, 0x4f, 0xfd, 0x3f,
    0xf4, 0xff, 0xd3, 0xff, 0x4f, 0xfd, 0x3f, 0xf4,
    0xff, 0xd3, 0xff, 0x4f, 0xfd, 0x3f, 0xf4, 0xff,
    0xd3, 0xff, 0x4f, 0xfd, 0x3f, 0xf4, 0xff, 0xd3,
    0xff, 0x4f, 0xfd, 0x3f, 0xf4, 0xff, 0xd3, 0xff,
    0x4f, 0xfd, 0x3f, 0xf4, 0xff, 0xd3, 0xff, 0x4f,
    0xfd, 0x3f, 0xf4, 0xff, 0xd3, 0xff, 0x4f, 0xfd,
    0x3f, 0xf4, 0xff, 0xd3, 0xff, 0x4f, 0xfd, 0x3f,
    0xf4, 0xff, 0xd3, 0xff, 0x4f, 0xfd, 0x3f, 0xf4,
    0xff, 0xd3, 0xff, 0x4f, 0xfd, 0x3f, 0xf4, 0xff,
    0xd3, 0xff, 0x4f, 0xfd, 0x3f, 0xf4, 0xff, 0xd3,
    0xff, 0x4f, 0xfd, 0x3f, 0xf4, 0xff, 0xd0,

    /* U+007D "}" */
    0x3f, 0x90, 0x0, 0x3, 0xff, 0xe0, 0x0, 0x3f,
    0xff, 0x80, 0x3, 0xff, 0xfd, 0x0, 0x0, 0xbf,
    0xe0, 0x0, 0x3, 0xff, 0x0, 0x0, 0x2f, 0xf0,
    0x0, 0x2, 0xff, 0x0, 0x0, 0x2f, 0xf0, 0x0,
    0x2, 0xff, 0x0, 0x0, 0x2f, 0xf0, 0x0, 0x2,
    0xff, 0x0, 0x0, 0x2f, 0xf0, 0x0, 0x2, 0xff,
    0x0, 0x0, 0x2f, 0xf0, 0x0, 0x2, 0xff, 0x0,
    0x0, 0x2f, 0xf4, 0x0, 0x1, 0xff, 0x80, 0x0,
    0xf, 0xfd, 0x0, 0x0, 0x3f, 0xfc, 0x0, 0x0,
    0xff, 0xc0, 0x0, 0x3f, 0xfc, 0x0, 0xf, 0xfd,
    0x0, 0x0, 0xff, 0x80, 0x0, 0x2f, 0xf4, 0x0,
    0x2, 0xff, 0x0, 0x0, 0x2f, 0xf0, 0x0, 0x2,
    0xff, 0x0, 0x0, 0x2f, 0xf0, 0x0, 0x2, 0xff,
    0x0, 0x0, 0x2f, 0xf0, 0x0, 0x2, 0xff, 0x0,
    0x0, 0x2f, 0xf0, 0x0, 0x2, 0xff, 0x0, 0x0,
    0x2f, 0xf0, 0x0, 0x3, 0xff, 0x0, 0x0, 0xbf,
    0xe0, 0x3, 0xff, 0xfd, 0x0, 0x3f, 0xff, 0xc0,
    0x3, 0xff, 0xe0, 0x0, 0x3f, 0xa0, 0x0, 0x0,

    /* U+007E "~" */
    0x0, 0xbf, 0x40, 0x0, 0x0, 0x7, 0xff, 0xf4,
    0x0, 0x80, 0x1f, 0xff, 0xff, 0x47, 0xf0, 0x3f,
    0xff, 0xff, 0xff, 0xfc, 0xb, 0xd1, 0xff, 0xff,
    0xf4, 0x1, 0x40, 0x2f, 0xff, 0xd0, 0x0, 0x0,
    0x2, 0xfe, 0x0,

    /* U+007F "" */

};


/*---------------------
 *  GLYPH DESCRIPTION
 *--------------------*/

static const lv_font_fmt_txt_glyph_dsc_t glyph_dsc[] = {
    {.bitmap_index = 0, .adv_w = 0, .box_w = 0, .box_h = 0, .ofs_x = 0, .ofs_y = 0} /* id = 0 reserved */,
    {.bitmap_index = 0, .adv_w = 62, .box_w = 0, .box_h = 0, .ofs_x = 0, .ofs_y = 0},
    {.bitmap_index = 0, .adv_w = 152, .box_w = 7, .box_h = 38, .ofs_x = 1, .ofs_y = 0},
    {.bitmap_index = 67, .adv_w = 252, .box_w = 13, .box_h = 9, .ofs_x = 1, .ofs_y = 35},
    {.bitmap_index = 97, .adv_w = 551, .box_w = 32, .box_h = 38, .ofs_x = 1, .ofs_y = 0},
    {.bitmap_index = 401, .adv_w = 361, .box_w = 20, .box_h = 44, .ofs_x = 1, .ofs_y = -3},
    {.bitmap_index = 621, .adv_w = 477, .box_w = 27, .box_h = 41, .ofs_x = 1, .ofs_y = -1},
    {.bitmap_index = 898, .adv_w = 416, .box_w = 24, .box_h = 40, .ofs_x = 1, .ofs_y = 0},
    {.bitmap_index = 1138, .adv_w = 146, .box_w = 7, .box_h = 9, .ofs_x = 1, .ofs_y = 35},
    {.bitmap_index = 1154, .adv_w = 241, .box_w = 13, .box_h = 47, .ofs_x = 1, .ofs_y = -3},
    {.bitmap_index = 1307, .adv_w = 241, .box_w = 13, .box_h = 47, .ofs_x = 1, .ofs_y = -3},
    {.bitmap_index = 1460, .adv_w = 299, .box_w = 16, .box_h = 15, .ofs_x = 1, .ofs_y = 23},
    {.bitmap_index = 1520, .adv_w = 369, .box_w = 21, .box_h = 20, .ofs_x = 1, .ofs_y = 9},
    {.bitmap_index = 1625, .adv_w = 153, .box_w = 7, .box_h = 11, .ofs_x = 1, .ofs_y = -5},
    {.bitmap_index = 1645, .adv_w = 329, .box_w = 18, .box_h = 6, .ofs_x = 1, .ofs_y = 16},
    {.bitmap_index = 1672, .adv_w = 152, .box_w = 7, .box_h = 6, .ofs_x = 1, .ofs_y = 0},
    {.bitmap_index = 1683, .adv_w = 385, .box_w = 22, .box_h = 42, .ofs_x = 1, .ofs_y = -1},
    {.bitmap_index = 1914, .adv_w = 348, .box_w = 19, .box_h = 38, .ofs_x = 1, .ofs_y = 0},
    {.bitmap_index = 2095, .adv_w = 229, .box_w = 12, .box_h = 38, .ofs_x = 1, .ofs_y = 0},
    {.bitmap_index = 2209, .adv_w = 356, .box_w = 20, .box_h = 38, .ofs_x = 1, .ofs_y = 0},
    {.bitmap_index = 2399, .adv_w = 355, .box_w = 20, .box_h = 38, .ofs_x = 1, .ofs_y = 0},
    {.bitmap_index = 2589, .adv_w = 369, .box_w = 21, .box_h = 38, .ofs_x = 1, .ofs_y = 0},
    {.bitmap_index = 2789, .adv_w = 341, .box_w = 19, .box_h = 38, .ofs_x = 1, .ofs_y = 0},
    {.bitmap_index = 2970, .adv_w = 334, .box_w = 18, .box_h = 38, .ofs_x = 1, .ofs_y = 0},
    {.bitmap_index = 3141, .adv_w = 333, .box_w = 18, .box_h = 38, .ofs_x = 1, .ofs_y = 0},
    {.bitmap_index = 3312, .adv_w = 355, .box_w = 20, .box_h = 38, .ofs_x = 1, .ofs_y = 0},
    {.bitmap_index = 3502, .adv_w = 334, .box_w = 18, .box_h = 38, .ofs_x = 1, .ofs_y = 0},
    {.bitmap_index = 3673, .adv_w = 153, .box_w = 7, .box_h = 22, .ofs_x = 1, .ofs_y = 0},
    {.bitmap_index = 3712, .adv_w = 152, .box_w = 7, .box_h = 27, .ofs_x = 1, .ofs_y = -5},
    {.bitmap_index = 3760, .adv_w = 361, .box_w = 20, .box_h = 21, .ofs_x = 1, .ofs_y = 8},
    {.bitmap_index = 3865, .adv_w = 369, .box_w = 21, .box_h = 13, .ofs_x = 1, .ofs_y = 13},
    {.bitmap_index = 3934, .adv_w = 361, .box_w = 20, .box_h = 21, .ofs_x = 1, .ofs_y = 8},
    {.bitmap_index = 4039, .adv_w = 347, .box_w = 19, .box_h = 38, .ofs_x = 1, .ofs_y = 0},
    {.bitmap_index = 4220, .adv_w = 672, .box_w = 40, .box_h = 44, .ofs_x = 1, .ofs_y = -3},
    {.bitmap_index = 4660, .adv_w = 388, .box_w = 22, .box_h = 38, .ofs_x = 1, .ofs_y = 0},
    {.bitmap_index = 4869, .adv_w = 366, .box_w = 20, .box_h = 38, .ofs_x = 1, .ofs_y = 0},
    {.bitmap_index = 5059, .adv_w = 348, .box_w = 19, .box_h = 38, .ofs_x = 1, .ofs_y = 0},
    {.bitmap_index = 5240, .adv_w = 346, .box_w = 19, .box_h = 38, .ofs_x = 1, .ofs_y = 0},
    {.bitmap_index = 5421, .adv_w = 319, .box_w = 17, .box_h = 38, .ofs_x = 1, .ofs_y = 0},
    {.bitmap_index = 5583, .adv_w = 319, .box_w = 17, .box_h = 38, .ofs_x = 1, .ofs_y = 0},
    {.bitmap_index = 5745, .adv_w = 348, .box_w = 19, .box_h = 38, .ofs_x = 1, .ofs_y = 0},
    {.bitmap_index = 5926, .adv_w = 351, .box_w = 20, .box_h = 38, .ofs_x = 1, .ofs_y = 0},
    {.bitmap_index = 6116, .adv_w = 152, .box_w = 7, .box_h = 38, .ofs_x = 1, .ofs_y = 0},
    {.bitmap_index = 6183, .adv_w = 261, .box_w = 14, .box_h = 38, .ofs_x = 1, .ofs_y = 0},
    {.bitmap_index = 6316, .adv_w = 380, .box_w = 21, .box_h = 38, .ofs_x = 1, .ofs_y = 0},
    {.bitmap_index = 6516, .adv_w = 308, .box_w = 17, .box_h = 38, .ofs_x = 1, .ofs_y = 0},
    {.bitmap_index = 6678, .adv_w = 481, .box_w = 28, .box_h = 38, .ofs_x = 1, .ofs_y = 0},
    {.bitmap_index = 6944, .adv_w = 373, .box_w = 21, .box_h = 38, .ofs_x = 1, .ofs_y = 0},
    {.bitmap_index = 7144, .adv_w = 348, .box_w = 19, .box_h = 38, .ofs_x = 1, .ofs_y = 0},
    {.bitmap_index = 7325, .adv_w = 346, .box_w = 19, .box_h = 38, .ofs_x = 1, .ofs_y = 0},
    {.bitmap_index = 7506, .adv_w = 363, .box_w = 20, .box_h = 40, .ofs_x = 1, .ofs_y = -2},
    {.bitmap_index = 7706, .adv_w = 365, .box_w = 20, .box_h = 38, .ofs_x = 1, .ofs_y = 0},
    {.bitmap_index = 7896, .adv_w = 360, .box_w = 20, .box_h = 38, .ofs_x = 1, .ofs_y = 0},
    {.bitmap_index = 8086, .adv_w = 344, .box_w = 19, .box_h = 38, .ofs_x = 1, .ofs_y = 0},
    {.bitmap_index = 8267, .adv_w = 348, .box_w = 19, .box_h = 38, .ofs_x = 1, .ofs_y = 0},
    {.bitmap_index = 8448, .adv_w = 402, .box_w = 23, .box_h = 38, .ofs_x = 1, .ofs_y = 0},
    {.bitmap_index = 8667, .adv_w = 527, .box_w = 31, .box_h = 38, .ofs_x = 1, .ofs_y = 0},
    {.bitmap_index = 8962, .adv_w = 395, .box_w = 22, .box_h = 38, .ofs_x = 1, .ofs_y = 0},
    {.bitmap_index = 9171, .adv_w = 394, .box_w = 22, .box_h = 38, .ofs_x = 1, .ofs_y = 0},
    {.bitmap_index = 9380, .adv_w = 325, .box_w = 18, .box_h = 38, .ofs_x = 1, .ofs_y = 0},
    {.bitmap_index = 9551, .adv_w = 214, .box_w = 11, .box_h = 41, .ofs_x = 1, .ofs_y = 0},
    {.bitmap_index = 9664, .adv_w = 385, .box_w = 22, .box_h = 42, .ofs_x = 1, .ofs_y = -1},
    {.bitmap_index = 9895, .adv_w = 213, .box_w = 11, .box_h = 41, .ofs_x = 1, .ofs_y = 0},
    {.bitmap_index = 10008, .adv_w = 255, .box_w = 13, .box_h = 11, .ofs_x = 1, .ofs_y = 33},
    {.bitmap_index = 10044, .adv_w = 524, .box_w = 30, .box_h = 5, .ofs_x = 1, .ofs_y = -6},
    {.bitmap_index = 10082, .adv_w = 194, .box_w = 10, .box_h = 9, .ofs_x = 1, .ofs_y = 34},
    {.bitmap_index = 10105, .adv_w = 388, .box_w = 22, .box_h = 38, .ofs_x = 1, .ofs_y = 0},
    {.bitmap_index = 10314, .adv_w = 366, .box_w = 20, .box_h = 38, .ofs_x = 1, .ofs_y = 0},
    {.bitmap_index = 10504, .adv_w = 348, .box_w = 19, .box_h = 38, .ofs_x = 1, .ofs_y = 0},
    {.bitmap_index = 10685, .adv_w = 346, .box_w = 19, .box_h = 38, .ofs_x = 1, .ofs_y = 0},
    {.bitmap_index = 10866, .adv_w = 319, .box_w = 17, .box_h = 38, .ofs_x = 1, .ofs_y = 0},
    {.bitmap_index = 11028, .adv_w = 319, .box_w = 17, .box_h = 38, .ofs_x = 1, .ofs_y = 0},
    {.bitmap_index = 11190, .adv_w = 348, .box_w = 19, .box_h = 38, .ofs_x = 1, .ofs_y = 0},
    {.bitmap_index = 11371, .adv_w = 351, .box_w = 20, .box_h = 38, .ofs_x = 1, .ofs_y = 0},
    {.bitmap_index = 11561, .adv_w = 152, .box_w = 7, .box_h = 38, .ofs_x = 1, .ofs_y = 0},
    {.bitmap_index = 11628, .adv_w = 261, .box_w = 14, .box_h = 38, .ofs_x = 1, .ofs_y = 0},
    {.bitmap_index = 11761, .adv_w = 380, .box_w = 21, .box_h = 38, .ofs_x = 1, .ofs_y = 0},
    {.bitmap_index = 11961, .adv_w = 308, .box_w = 17, .box_h = 38, .ofs_x = 1, .ofs_y = 0},
    {.bitmap_index = 12123, .adv_w = 481, .box_w = 28, .box_h = 38, .ofs_x = 1, .ofs_y = 0},
    {.bitmap_index = 12389, .adv_w = 373, .box_w = 21, .box_h = 38, .ofs_x = 1, .ofs_y = 0},
    {.bitmap_index = 12589, .adv_w = 348, .box_w = 19, .box_h = 38, .ofs_x = 1, .ofs_y = 0},
    {.bitmap_index = 12770, .adv_w = 346, .box_w = 19, .box_h = 38, .ofs_x = 1, .ofs_y = 0},
    {.bitmap_index = 12951, .adv_w = 363, .box_w = 20, .box_h = 40, .ofs_x = 1, .ofs_y = -2},
    {.bitmap_index = 13151, .adv_w = 365, .box_w = 20, .box_h = 38, .ofs_x = 1, .ofs_y = 0},
    {.bitmap_index = 13341, .adv_w = 360, .box_w = 20, .box_h = 38, .ofs_x = 1, .ofs_y = 0},
    {.bitmap_index = 13531, .adv_w = 344, .box_w = 19, .box_h = 38, .ofs_x = 1, .ofs_y = 0},
    {.bitmap_index = 13712, .adv_w = 348, .box_w = 19, .box_h = 38, .ofs_x = 1, .ofs_y = 0},
    {.bitmap_index = 13893, .adv_w = 402, .box_w = 23, .box_h = 38, .ofs_x = 1, .ofs_y = 0},
    {.bitmap_index = 14112, .adv_w = 527, .box_w = 31, .box_h = 38, .ofs_x = 1, .ofs_y = 0},
    {.bitmap_index = 14407, .adv_w = 395, .box_w = 22, .box_h = 38, .ofs_x = 1, .ofs_y = 0},
    {.bitmap_index = 14616, .adv_w = 394, .box_w = 22, .box_h = 38, .ofs_x = 1, .ofs_y = 0},
    {.bitmap_index = 14825, .adv_w = 325, .box_w = 18, .box_h = 38, .ofs_x = 1, .ofs_y = 0},
    {.bitmap_index = 14996, .adv_w = 256, .box_w = 14, .box_h = 41, .ofs_x = 1, .ofs_y = 0},
    {.bitmap_index = 15140, .adv_w = 148, .box_w = 7, .box_h = 54, .ofs_x = 1, .ofs_y = -3},
    {.bitmap_index = 15235, .adv_w = 256, .box_w = 14, .box_h = 41, .ofs_x = 1, .ofs_y = 0},
    {.bitmap_index = 15379, .adv_w = 354, .box_w = 20, .box_h = 7, .ofs_x = 1, .ofs_y = 38},
    {.bitmap_index = 15414, .adv_w = 244, .box_w = 0, .box_h = 0, .ofs_x = 0, .ofs_y = 0}
};

/*---------------------
 *  CHARACTER MAPPING
 *--------------------*/



/*Collect the unicode lists and glyph_id offsets*/
static const lv_font_fmt_txt_cmap_t cmaps[] =
{
    {
        .range_start = 32, .range_length = 96, .glyph_id_start = 1,
        .unicode_list = NULL, .glyph_id_ofs_list = NULL, .list_length = 0, .type = LV_FONT_FMT_TXT_CMAP_FORMAT0_TINY
    }
};

/*-----------------
 *    KERNING
 *----------------*/


/*Map glyph_ids to kern left classes*/
static const uint8_t kern_left_class_mapping[] =
{
    0, 0, 0, 0, 0, 0, 0, 0,
    0, 0, 0, 0, 0, 0, 0, 0,
    0, 1, 2, 3, 4, 5, 6, 7,
    8, 9, 10, 0, 0, 0, 0, 0,
    0, 0, 11, 12, 13, 14, 15, 16,
    17, 18, 18, 19, 20, 21, 2, 2,
    1, 22, 23, 24, 25, 26, 19, 27,
    28, 29, 30, 31, 0, 0, 0, 0,
    0, 0, 11, 12, 13, 14, 15, 16,
    17, 18, 18, 19, 20, 21, 2, 2,
    1, 22, 23, 24, 25, 26, 19, 27,
    28, 29, 30, 31, 0, 0, 0, 0,
    0
};

/*Map glyph_ids to kern right classes*/
static const uint8_t kern_right_class_mapping[] =
{
    0, 0, 0, 0, 0, 0, 0, 0,
    0, 0, 0, 0, 0, 0, 0, 0,
    0, 1, 2, 3, 4, 5, 6, 7,
    8, 9, 10, 0, 0, 0, 0, 0,
    0, 0, 11, 12, 13, 12, 12, 12,
    13, 14, 14, 15, 12, 14, 12, 12,
    16, 14, 16, 14, 17, 18, 19, 20,
    21, 22, 23, 24, 0, 0, 0, 0,
    0, 0, 11, 12, 13, 12, 12, 12,
    13, 14, 14, 15, 12, 14, 12, 12,
    16, 14, 16, 14, 17, 18, 19, 20,
    21, 22, 23, 24, 0, 0, 0, 0,
    0
};

/*Kern values between classes*/
static const int8_t kern_class_values[] =
{
    13, 9, 8, 0, 0, 10, 13, 0,
    12, 11, 0, 14, 13, 14, 0, 13,
    10, 0, 13, 0, 0, -18, -18, 0,
    14, 10, 10, 8, 8, 11, 14, 0,
    13, 12, 11, 15, 14, 15, 0, 14,
    11, 8, 15, 11, 11, 10, 8, 10,
    10, 0, 0, 0, -46, 0, 10, 0,
    0, 8, 0, 11, 10, 11, 0, 10,
    0, 0, 11, -9, -8, 0, -24, 0,
    12, 0, 0, 0, 0, 10, 12, 0,
    11, 10, 0, 13, 12, 13, -9, 12,
    9, 0, 13, -10, -8, -20, -22, 0,
    10, -36, -13, 0, 0, 8, 10, -39,
    9, 8, -8, 11, 10, 11, -38, 10,
    0, -37, 11, -35, -34, -29, -37, 0,
    11, 0, 0, 0, 0, 9, 11, 0,
    10, 9, 0, 12, 11, 12, -10, 11,
    0, 0, 11, 0, 0, 0, 0, 0,
    11, 0, 0, 0, 0, 9, 11, 0,
    10, 9, 0, 12, 11, 12, -9, 11,
    8, 0, 11, 0, 0, -19, -19, 0,
    0, 0, 0, -10, -46, 0, 0, 0,
    0, 0, -55, 11, 0, 11, -76, 0,
    0, 0, 10, 0, 0, 0, 0, 0,
    12, 0, 0, 0, 0, 10, 12, 0,
    11, 10, 0, 13, 12, 13, -8, 12,
    9, 0, 13, -10, -9, -19, -22, 0,
    13, 9, 8, 0, 0, 11, 13, 0,
    12, 11, 0, 14, 13, 14, 0, 13,
    10, 0, 13, 0, 0, -18, -17, 0,
    0, -49, 0, -10, -11, 0, 0, -37,
    0, 0, 0, 11, 0, 11, 0, 0,
    -11, -57, 0, -64, -64, 0, -67, 0,
    12, 0, 0, 0, 0, 9, 12, -11,
    11, 10, 0, 13, 12, 13, -12, 12,
    8, -10, 12, -17, -15, -23, -31, 0,
    8, 0, 0, 0, 0, 0, 8, 0,
    8, 0, -8, 10, 8, 10, -11, 8,
    0, 0, 9, -9, -8, -23, -23, 0,
    13, 8, 0, 0, 0, 10, 13, 0,
    12, 11, 0, 14, 13, 14, -9, 13,
    10, 0, 13, 0, 0, -21, -20, 0,
    0, 0, 0, 0, -41, 0, 0, 0,
    0, 0, 0, 0, 0, 0, 0, 0,
    0, 0, 0, 0, 0, 0, 0, 0,
    0, 0, -9, -16, -43, 0, 0, 0,
    0, 0, -60, 0, 0, 0, -82, 0,
    -10, 0, 0, 0, 0, 0, 0, 0,
    12, 0, 0, 0, 0, 10, 12, 0,
    11, 10, 0, 13, 12, 13, -8, 12,
    8, 0, 12, 0, 0, -19, -19, 0,
    14, 10, 10, 8, 8, 11, 14, 0,
    13, 12, 11, 15, 14, 15, 0, 14,
    11, 8, 15, 11, 11, 10, 8, 10,
    13, 9, 8, 0, 8, 11, 13, 0,
    13, 11, 0, 15, 13, 15, 0, 13,
    10, 8, 14, 10, 11, 10, 8, 10,
    -21, -38, 0, -27, -35, -16, -20, -14,
    -21, -22, 0, 9, -21, 9, 0, -21,
    -29, -13, 0, -10, -10, 0, -13, 0,
    0, -56, 0, 0, -114, 0, 0, -44,
    0, 0, 0, 0, 0, 0, 0, 0,
    -9, -71, 0, -65, -60, 0, -89, 0,
    0, 0, 0, -9, -31, 0, 0, 0,
    0, 0, -38, 8, 0, 8, -79, 0,
    0, 0, 8, -11, -10, -25, -25, 0,
    0, 0, 8, 0, 0, 0, 0, -10,
    0, 0, 9, 13, 0, 13, 0, 0,
    0, -8, 0, -16, -15, 9, -30, 9,
    0, 0, 0, -15, -18, -11, 0, -13,
    -8, 0, 8, 12, 0, 12, 0, 0,
    -12, -11, 0, -20, -19, 8, -32, 8,
    9, 0, 0, 0, 0, 0, 10, 0,
    8, 0, -8, 10, 9, 10, -11, 9,
    0, 0, 10, -12, -11, -22, -25, 0,
    0, 0, 0, -13, -67, 0, 0, 0,
    0, 0, -57, 8, 0, 8, -68, 0,
    0, 0, 8, 0, 0, 0, 0, 0,
    0, 0, -13, -21, -44, 0, 0, 0,
    -10, 0, -65, 11, 0, 11, -72, 0,
    -16, 0, 10, 0, 0, 0, 0, 0,
    0, 0, -10, -19, -37, 0, 0, 0,
    -8, 0, -59, 11, 0, 11, -62, 0,
    -13, 0, 11, 0, 0, 0, 0, 0,
    -18, -16, 0, -24, -32, 0, -17, 0,
    -19, -19, 0, 10, -18, 10, 0, -18,
    -27, 0, 10, 0, 0, 0, 0, 0,
    -18, -16, -27, -33, -86, 0, -17, 0,
    -23, -19, -68, 8, -18, 8, -79, -18,
    -29, 0, 8, 0, 0, 0, 0, 0,
    0, 0, 0, 0, -76, 0, 0, 0,
    0, 0, 0, 10, 0, 10, 0, 0,
    0, 0, 10, 0, 0, 0, 0, 0
};


/*Collect the kern class' data in one place*/
static const lv_font_fmt_txt_kern_classes_t kern_classes =
{
    .class_pair_values   = kern_class_values,
    .left_class_mapping  = kern_left_class_mapping,
    .right_class_mapping = kern_right_class_mapping,
    .left_class_cnt      = 31,
    .right_class_cnt     = 24,
};

/*--------------------
 *  ALL CUSTOM DATA
 *--------------------*/

#if LVGL_VERSION_MAJOR == 8
/*Store all the custom data of the font*/
static  lv_font_fmt_txt_glyph_cache_t cache;
#endif

#if LVGL_VERSION_MAJOR >= 8
static const lv_font_fmt_txt_dsc_t font_dsc = {
#else
static lv_font_fmt_txt_dsc_t font_dsc = {
#endif
    .glyph_bitmap = glyph_bitmap,
    .glyph_dsc = glyph_dsc,
    .cmaps = cmaps,
    .kern_dsc = &kern_classes,
    .kern_scale = 20,
    .cmap_num = 1,
    .bpp = 2,
    .kern_classes = 1,
    .bitmap_format = 0,
#if LVGL_VERSION_MAJOR == 8
    .cache = &cache
#endif
};



/*-----------------
 *  PUBLIC FONT
 *----------------*/

/*Initialize a public general font descriptor*/
#if LVGL_VERSION_MAJOR >= 8
const lv_font_t ui_font_BEBAS_42 = {
#else
lv_font_t ui_font_BEBAS_42 = {
#endif
    .get_glyph_dsc = lv_font_get_glyph_dsc_fmt_txt,    /*Function pointer to get glyph's data*/
    .get_glyph_bitmap = lv_font_get_bitmap_fmt_txt,    /*Function pointer to get glyph's bitmap*/
    .line_height = 57,          /*The maximum line height required by the font*/
    .base_line = 6,             /*Baseline measured from the bottom of the line*/
#if !(LVGL_VERSION_MAJOR == 6 && LVGL_VERSION_MINOR == 0)
    .subpx = LV_FONT_SUBPX_NONE,
#endif
#if LV_VERSION_CHECK(7, 4, 0) || LVGL_VERSION_MAJOR >= 8
    .underline_position = -2,
    .underline_thickness = 1,
#endif
    .dsc = &font_dsc,          /*The custom font data. Will be accessed by `get_glyph_bitmap/dsc` */
#if LV_VERSION_CHECK(8, 2, 0) || LVGL_VERSION_MAJOR >= 9
    .fallback = NULL,
#endif
    .user_data = NULL,
};



#endif /*#if UI_FONT_BEBAS_42*/

