/*******************************************************************************
 * Size: 80 px
 * Bpp: 2
 * Opts: --bpp 2 --size 80 --font H:/2025/lvgl_squareline/SquareLine Studio/watch_demo_modify/assets/img/clk04/fonts/AlimamaFangYuanTiVF-Thin.ttf -o H:/2025/lvgl_squareline/SquareLine Studio/watch_demo_modify/assets/img/clk04/fonts\ui_font_Alimm_80.c --format lvgl -r 0x20-0x7f --no-prefilter
 ******************************************************************************/

#include "../ui.h"

#ifndef UI_FONT_ALIMM_80
#define UI_FONT_ALIMM_80 1
#endif

#if UI_FONT_ALIMM_80

/*-----------------
 *    BITMAPS
 *----------------*/

/*Store the image of the glyphs*/
static LV_ATTRIBUTE_LARGE_CONST const uint8_t glyph_bitmap[] = {
    /* U+0020 " " */

    /* U+0021 "!" */
    0x7, 0xc1, 0xbe, 0xd, 0xf0, 0x6f, 0x83, 0x7c,
    0x1b, 0xe0, 0xde, 0x83, 0x7a, 0xd, 0xe8, 0x37,
    0xa0, 0xde, 0x83, 0x7a, 0xd, 0xe8, 0x37, 0xa0,
    0xde, 0x83, 0x7a, 0xd, 0xe8, 0x37, 0xa0, 0xde,
    0x83, 0x7a, 0xd, 0xe8, 0x37, 0xa0, 0xde, 0x83,
    0x7a, 0xd, 0xe8, 0x37, 0xa0, 0xde, 0x83, 0x7a,
    0xd, 0xe8, 0x37, 0xa0, 0xde, 0x83, 0x7a, 0xd,
    0xe8, 0x37, 0xa0, 0xde, 0x83, 0x7a, 0xd, 0xe4,
    0x37, 0x90, 0xde, 0x43, 0x79, 0xd, 0x68, 0x6b,
    0x43, 0x5a, 0x1a, 0xd0, 0xd6, 0x86, 0xb4, 0x35,
    0xa1, 0x94, 0x1f, 0xfd, 0xb5, 0xe1, 0xfe, 0x1f,
    0xe1, 0xfe, 0x1f, 0xe1, 0xfe, 0x0,

    /* U+0022 "\"" */
    0xbd, 0x7, 0x9f, 0xaf, 0x41, 0xf7, 0xd7, 0xa0,
    0xfb, 0xe7, 0xc8, 0x7d, 0xf3, 0xe4, 0x3e, 0xf9,
    0xf2, 0x1f, 0x7a, 0x7c, 0x87, 0xde, 0x9f, 0x21,
    0xf7, 0xa7, 0xc8, 0x7d, 0xe8, 0xf0, 0x7e, 0xf4,
    0x78, 0x3f, 0x7a, 0x3c, 0x1f, 0xbc, 0x9e, 0xf,
    0xde, 0x4f, 0x7, 0xef, 0x27, 0x83, 0xf5, 0xa7,
    0x83, 0xf5, 0xa7, 0x83, 0xf5, 0xa7, 0x83, 0xf5,
    0x82, 0x81, 0xf9, 0x80,

    /* U+0023 "#" */
    0xf, 0xfe, 0x25, 0xa1, 0xff, 0xc5, 0x78, 0x3f,
    0xf9, 0x96, 0x87, 0xff, 0x16, 0xe0, 0xff, 0xe6,
    0x78, 0x3f, 0xf8, 0xd6, 0x87, 0xff, 0x33, 0xc1,
    0xff, 0xc6, 0xf0, 0x7f, 0xf3, 0x7c, 0x1f, 0xfc,
    0x6f, 0x7, 0xff, 0x31, 0xf0, 0x7f, 0xf1, 0xbc,
    0x1f, 0xfc, 0xc7, 0x83, 0xff, 0x8a, 0xf8, 0x3f,
    0xf9, 0x96, 0x87, 0xff, 0x15, 0xe0, 0xff, 0xe6,
    0x5a, 0x1f, 0xfc, 0x5b, 0x83, 0xff, 0x99, 0xe0,
    0xff, 0xe3, 0x5a, 0x1f, 0xfc, 0xcf, 0x7, 0xff,
    0x1b, 0xc8, 0x7f, 0xf3, 0x3c, 0x1f, 0xfc, 0x6f,
    0x7, 0xff, 0x31, 0xf0, 0x7f, 0xf1, 0xbc, 0x1f,
    0xfc, 0xc7, 0x83, 0xff, 0x8a, 0xf8, 0x3f, 0xf9,
    0x96, 0x87, 0xff, 0x15, 0xe0, 0xff, 0xe6, 0x5a,
    0x1f, 0xfc, 0x5b, 0x83, 0xff, 0x99, 0xe0, 0xff,
    0xe3, 0x5a, 0x1f, 0xfc, 0x17, 0xff, 0xfb, 0xd0,
    0x4f, 0xff, 0xf7, 0xc3, 0xff, 0x82, 0xf8, 0x3f,
    0xf8, 0xde, 0xf, 0xfe, 0x63, 0xc1, 0xff, 0xc6,
    0xf0, 0x7f, 0xf3, 0x2e, 0xf, 0xfe, 0x2b, 0xc1,
    0xff, 0xcc, 0xb4, 0x3f, 0xf8, 0xb7, 0x7, 0xff,
    0x33, 0xc1, 0xff, 0xc6, 0xb4, 0x3f, 0xf9, 0x9e,
    0xf, 0xfe, 0x37, 0x90, 0xff, 0xe6, 0x78, 0x3f,
    0xf8, 0xde, 0xf, 0xfe, 0x63, 0xe0, 0xff, 0xe3,
    0x78, 0x3f, 0xf9, 0x8f, 0x7, 0xff, 0x1b, 0xc1,
    0xff, 0xcc, 0xb8, 0x3f, 0xf8, 0xaf, 0x7, 0xff,
    0x32, 0xd0, 0xff, 0xe2, 0xdc, 0x1f, 0xfc, 0xcf,
    0x7, 0xff, 0x1a, 0xd0, 0xff, 0xe6, 0x78, 0x3f,
    0xf8, 0xde, 0x43, 0xff, 0x99, 0xe0, 0xff, 0xe3,
    0x78, 0x3f, 0xf9, 0x8f, 0x83, 0xff, 0x8d, 0xe0,
    0xff, 0xe6, 0x3c, 0x1f, 0xfc, 0x6f, 0x7, 0xff,
    0x32, 0xe0, 0xff, 0xe2, 0xbc, 0x1f, 0xfc, 0xcb,
    0x43, 0xff, 0x8a, 0xf0, 0x7f, 0xf3, 0x3c, 0x1f,
    0xfc, 0x6b, 0x43, 0xff, 0x99, 0xe0, 0xff, 0xe3,
    0x79, 0xf, 0xfe, 0xd, 0x7f, 0xbe, 0xaf, 0xfe,
    0x37, 0xd5, 0xfc, 0x85, 0xff, 0xfd, 0xf4, 0x3f,
    0xf8, 0x2f, 0x7, 0xff, 0x1b, 0xc1, 0xff, 0xcc,
    0xb8, 0x3f, 0xf8, 0xaf, 0x83, 0xff, 0x99, 0x68,
    0x7f, 0xf1, 0x5e, 0xf, 0xfe, 0x67, 0x83, 0xff,
    0x8d, 0x68, 0x7f, 0xf3, 0x3c, 0x1f, 0xfc, 0x6f,
    0x21, 0xff, 0xcc, 0xf0, 0x7f, 0xf1, 0xbc, 0x1f,
    0xfc, 0xc7, 0xc1, 0xff, 0xc6, 0xf0, 0x7f, 0xf3,
    0x1e, 0xf, 0xfe, 0x37, 0x83, 0xff, 0x99, 0x70,
    0x7f, 0xf1, 0x5f, 0x7, 0xff, 0x32, 0xd0, 0xff,
    0xe2, 0xbc, 0x1f, 0xfc, 0xcf, 0x7, 0xff, 0x1a,
    0xd0, 0xff, 0xe6, 0x78, 0x3f, 0xf8, 0xd6, 0x87,
    0xff, 0x33, 0xc1, 0xff, 0xc6, 0xf0, 0x7f, 0xf3,
    0x1f, 0x7, 0xff, 0x1b, 0xc1, 0xff, 0xcc, 0x78,
    0x3f, 0xf8, 0xde, 0xf, 0xfe, 0x65, 0xc1, 0xff,
    0xc5, 0x7c, 0x1f, 0xfc, 0xcb, 0x43, 0xff, 0x8a,
    0xf0, 0x7f, 0xf3, 0x3c, 0x1f, 0xfc, 0x6b, 0x43,
    0xff, 0xe6,

    /* U+0024 "$" */
    0xf, 0xfe, 0x43, 0x7, 0xff, 0x73, 0xc8, 0x7f,
    0xf6, 0xfc, 0x87, 0xff, 0x6f, 0xc8, 0x7f, 0xf6,
    0xfc, 0x87, 0xff, 0x5d, 0x54, 0xf4, 0xa0, 0xff,
    0xe9, 0x3f, 0xff, 0xc1, 0x83, 0xff, 0x9b, 0x7e,
    0xa2, 0xbd, 0x57, 0xf2, 0x1f, 0xfc, 0x9f, 0xc8,
    0x77, 0x90, 0xd7, 0xe4, 0x3f, 0xf8, 0xaf, 0xc8,
    0x7d, 0xe4, 0x3c, 0xfd, 0x7, 0xff, 0xe, 0xf4,
    0x1f, 0xde, 0x43, 0xf3, 0xf2, 0x1f, 0xfc, 0x7,
    0xd0, 0x7f, 0xbc, 0x87, 0xfa, 0xf4, 0x1f, 0xe7,
    0xd0, 0x7f, 0xde, 0x43, 0xfe, 0x7d, 0x7, 0xf7,
    0xa0, 0xff, 0xe0, 0x79, 0xf, 0xfe, 0xf, 0x90,
    0xf9, 0xf0, 0x7f, 0xf0, 0x7c, 0x87, 0xff, 0x9,
    0xf, 0xde, 0x43, 0xff, 0x83, 0xe4, 0x3f, 0xf9,
    0x7e, 0xf, 0xfe, 0x17, 0x90, 0xff, 0xe5, 0x3c,
    0x1f, 0xfc, 0x2f, 0x21, 0xff, 0xca, 0xb4, 0x3f,
    0xf8, 0x5e, 0x43, 0xff, 0x95, 0x68, 0x7f, 0xf0,
    0xbc, 0x87, 0xff, 0x2a, 0xd0, 0xff, 0xe1, 0x79,
    0xf, 0xfe, 0x55, 0xa1, 0xff, 0xc2, 0xf2, 0x1f,
    0xfc, 0xab, 0x43, 0xff, 0x85, 0xe4, 0x3f, 0xf9,
    0x4f, 0x7, 0xff, 0xb, 0xc8, 0x7f, 0xf2, 0xfc,
    0x1f, 0xfc, 0x2f, 0x21, 0xff, 0xcb, 0xf2, 0x1f,
    0xfc, 0x1f, 0x21, 0xff, 0xcb, 0x78, 0x3f, 0xf8,
    0x3e, 0x43, 0xff, 0x99, 0xe4, 0x3f, 0xf8, 0x1e,
    0x43, 0xff, 0x98, 0xf8, 0x3f, 0xf8, 0x1e, 0x43,
    0xff, 0x9b, 0x78, 0x3f, 0xef, 0x21, 0xff, 0xce,
    0xf9, 0xf, 0xef, 0x21, 0xff, 0xcf, 0xbe, 0x43,
    0xef, 0x21, 0xff, 0xd0, 0x7f, 0xa4, 0x2f, 0x21,
    0xff, 0xd2, 0x7f, 0xeb, 0xc8, 0x7f, 0xf5, 0x5b,
    0xfe, 0x43, 0xff, 0xb0, 0xdf, 0xe9, 0xf, 0xfe,
    0xb7, 0xaf, 0xf4, 0x1f, 0xfd, 0x4f, 0x20, 0x6f,
    0xd0, 0x7f, 0xf4, 0xbc, 0x87, 0x37, 0xd0, 0x7f,
    0xf4, 0x3c, 0x87, 0xeb, 0xe0, 0xff, 0xe7, 0xf9,
    0xf, 0xf7, 0xc8, 0x7f, 0xf3, 0x7c, 0x87, 0xfd,
    0x79, 0xf, 0xfe, 0x67, 0x90, 0xff, 0xe0, 0x5e,
    0xf, 0xfe, 0x67, 0x90, 0xff, 0xe0, 0xde, 0xf,
    0xfe, 0x5f, 0x90, 0xff, 0xe1, 0x79, 0xf, 0xfe,
    0x57, 0x90, 0xff, 0xe1, 0x3e, 0xf, 0xfe, 0x57,
    0x90, 0xff, 0xe1, 0xf8, 0x3f, 0xf9, 0x5e, 0x43,
    0xff, 0x87, 0x70, 0x7f, 0xf2, 0x7c, 0x87, 0xff,
    0xd, 0xe0, 0xff, 0xe4, 0xf9, 0xf, 0xfe, 0x27,
    0x83, 0xff, 0x93, 0xe4, 0x3f, 0xf8, 0x9e, 0xf,
    0xfe, 0x4f, 0x90, 0xff, 0xe1, 0xbe, 0xf, 0xfe,
    0x4f, 0x90, 0xff, 0xe1, 0xbe, 0x5, 0x3, 0xff,
    0x8b, 0xe4, 0x3f, 0xf8, 0x77, 0x3, 0xc8, 0x7f,
    0xf1, 0x3c, 0x87, 0xff, 0xf, 0xc8, 0x1f, 0x7,
    0xff, 0x13, 0xc8, 0x7f, 0xf0, 0xfc, 0x1a, 0xf0,
    0x7f, 0xf0, 0xfc, 0x87, 0xff, 0xa, 0xe0, 0xef,
    0x83, 0xff, 0x85, 0xe4, 0x3f, 0xf8, 0x2f, 0x83,
    0xef, 0x83, 0xff, 0x83, 0xe4, 0x3f, 0xf8, 0x3e,
    0x83, 0xf7, 0xc8, 0x7f, 0xde, 0x43, 0xff, 0x81,
    0xf0, 0x7f, 0xbe, 0x83, 0xfd, 0xe4, 0x3f, 0xcf,
    0xc1, 0xff, 0xc0, 0xbe, 0x83, 0xf7, 0x90, 0xfe,
    0xbe, 0xf, 0xfe, 0x1f, 0xe9, 0xe, 0xf2, 0x1e,
    0x6f, 0x90, 0xff, 0xe2, 0xbf, 0xd4, 0x4f, 0x21,
    0x37, 0xe8, 0x3f, 0xf9, 0x57, 0xff, 0xf1, 0x10,
    0xff, 0xe7, 0xb4, 0xff, 0xa4, 0x3f, 0xfa, 0xde,
    0x43, 0xff, 0xb7, 0xe4, 0x3f, 0xfb, 0x7e, 0x43,
    0xff, 0xb7, 0xe4, 0x3f, 0xfb, 0x7e, 0x43, 0xff,
    0xb8, 0x87, 0xff, 0x20,

    /* U+0025 "%" */
    0xf, 0xf9, 0xbf, 0xa4, 0x3f, 0xfc, 0x6f, 0xff,
    0xf0, 0x20, 0xff, 0xe6, 0xf8, 0x3f, 0xf8, 0xb7,
    0xc8, 0x79, 0xbe, 0x43, 0xff, 0x95, 0xe8, 0x3f,
    0xf8, 0x9f, 0x21, 0xff, 0x5e, 0x83, 0xff, 0x90,
    0xf8, 0x3f, 0xf8, 0x6f, 0xa0, 0xff, 0xe1, 0xfa,
    0xf, 0xfe, 0x3f, 0x90, 0xff, 0xe1, 0xf9, 0xf,
    0xfe, 0x2f, 0xa0, 0xff, 0xe2, 0xdc, 0x1f, 0xfc,
    0x3f, 0x41, 0xff, 0xc7, 0xf2, 0x1f, 0xfc, 0x37,
    0xc1, 0xff, 0xc3, 0x7c, 0x1f, 0xfc, 0x87, 0xc1,
    0xff, 0xc3, 0xf2, 0x1f, 0xfc, 0x3f, 0x7, 0xff,
    0x2b, 0xc8, 0x7f, 0xf0, 0x6f, 0x7, 0xff, 0xd,
    0xe0, 0xff, 0xe5, 0x3e, 0xf, 0xfe, 0xf, 0x83,
    0xff, 0x89, 0x68, 0x7f, 0xf2, 0xfc, 0x1f, 0xfc,
    0xf, 0x41, 0xff, 0xc4, 0xf0, 0x7f, 0xf3, 0x2d,
    0xf, 0xf5, 0xe0, 0xff, 0xe2, 0xf8, 0x3f, 0xf9,
    0x97, 0x7, 0xfb, 0xc8, 0x7f, 0xf1, 0x7c, 0x1f,
    0xfc, 0xc7, 0x83, 0xfb, 0xd0, 0x7f, 0xf1, 0x5f,
    0x7, 0xff, 0x31, 0xe0, 0xfc, 0xf8, 0x3f, 0xf8,
    0xfe, 0xf, 0xfe, 0x63, 0xc1, 0xfb, 0xc8, 0x7f,
    0xf1, 0xfc, 0x1f, 0xfc, 0xcb, 0x83, 0xeb, 0xc1,
    0xff, 0xc8, 0xf0, 0x7f, 0xf3, 0x3c, 0x87, 0x9f,
    0x7, 0xff, 0x26, 0xd0, 0xff, 0xe5, 0xf8, 0x3e,
    0xf4, 0x1f, 0xfc, 0x97, 0xc1, 0xff, 0xca, 0x7c,
    0x1e, 0xbc, 0x1f, 0xfc, 0xbf, 0x21, 0xff, 0xc9,
    0xf2, 0x1e, 0xf2, 0x1f, 0xfc, 0xb7, 0xc1, 0xff,
    0xc8, 0xbc, 0x1e, 0xf4, 0x1f, 0xfc, 0xdf, 0x41,
    0xff, 0xc6, 0x7c, 0x1e, 0x7c, 0x1f, 0xfc, 0xff,
    0x41, 0xff, 0xc5, 0xf2, 0x1e, 0xf2, 0x1f, 0xfd,
    0xf, 0x41, 0xff, 0xc2, 0x7d, 0x7, 0xae, 0xf,
    0xfe, 0x97, 0xc8, 0x7f, 0xd7, 0x90, 0xf3, 0xe0,
    0xff, 0xea, 0x5f, 0x48, 0x73, 0xf9, 0xf, 0xbc,
    0x87, 0xff, 0x5a, 0xff, 0xf9, 0xf, 0xd7, 0x83,
    0xff, 0xb2, 0xdf, 0xa8, 0x1f, 0xf7, 0x83, 0xff,
    0xd9, 0xe8, 0x3f, 0xfd, 0x6f, 0x83, 0xff, 0xd9,
    0xe4, 0x3f, 0xfd, 0x77, 0x7, 0xf9, 0xbf, 0x51,
    0xf, 0xfe, 0xc3, 0xe0, 0xfc, 0xff, 0xff, 0x1,
    0xf, 0xfe, 0xb7, 0x90, 0xfb, 0xf2, 0x83, 0x9b,
    0xe4, 0x3f, 0xfa, 0x77, 0x83, 0xcf, 0xc8, 0x7f,
    0xd7, 0xa0, 0xff, 0xe8, 0xbe, 0xf, 0x3e, 0x43,
    0xff, 0x84, 0xfa, 0xf, 0xfe, 0x87, 0xa0, 0xf7,
    0x90, 0xff, 0xe2, 0xf9, 0xf, 0xfe, 0x75, 0xe0,
    0xf7, 0x90, 0xff, 0xe3, 0xf8, 0x3f, 0xf9, 0xde,
    0x43, 0xae, 0xf, 0xfe, 0x43, 0xe0, 0xff, 0xe6,
    0x7a, 0xf, 0x78, 0x3f, 0xf9, 0x5e, 0x43, 0xff,
    0x94, 0xf8, 0x3c, 0xf0, 0x7f, 0xf2, 0x9f, 0x7,
    0xff, 0x2b, 0xc8, 0x7b, 0xc8, 0x7f, 0xf2, 0xfc,
    0x1f, 0xfc, 0x9b, 0xc1, 0xf7, 0x83, 0xff, 0x99,
    0xe4, 0x3f, 0xf8, 0xef, 0x83, 0xf7, 0x83, 0xff,
    0x99, 0x70, 0x7f, 0xf1, 0xfd, 0x7, 0xcf, 0x83,
    0xff, 0x98, 0xf0, 0x7f, 0xf1, 0xaf, 0x7, 0xe7,
    0xc1, 0xff, 0xcc, 0x78, 0x3f, 0xf8, 0xde, 0x43,
    0xf3, 0xe0, 0xff, 0xe6, 0x3c, 0x1f, 0xfc, 0x5f,
    0x41, 0xfe, 0xf0, 0x7f, 0xf3, 0x2d, 0xf, 0xfe,
    0x23, 0xe0, 0xff, 0xbc, 0x1f, 0xfc, 0xcf, 0x21,
    0xff, 0xc4, 0xf2, 0x1f, 0xf5, 0xa1, 0xff, 0xcb,
    0xf0, 0x7f, 0xf1, 0x2e, 0xf, 0xfe, 0x3, 0xc1,
    0xff, 0xca, 0x78, 0x3f, 0xf8, 0x6f, 0x83, 0xff,
    0x85, 0xe0, 0xff, 0xe5, 0x79, 0xf, 0xfe, 0x1f,
    0x90, 0xff, 0xe1, 0x3e, 0xf, 0xfe, 0x45, 0xe0,
    0xff, 0xe1, 0xde, 0xf, 0xfe, 0x27, 0x90, 0xff,
    0xe3, 0xf8, 0x3f, 0xf8, 0x9e, 0xf, 0xfe, 0x37,
    0x90, 0xff, 0xe2, 0xf9, 0xf, 0xfe, 0x1f, 0xa0,
    0xff, 0xe3, 0x3e, 0x83, 0xff, 0x84, 0xfa, 0xf,
    0xfe, 0x1b, 0xe0, 0xff, 0xe4, 0x3f, 0x21, 0xff,
    0x5e, 0x43, 0xff, 0x89, 0xe4, 0x3f, 0xf9, 0x57,
    0xd2, 0x1c, 0xfe, 0xf, 0xfe, 0x2d, 0xc1, 0xff,
    0xcc, 0x7f, 0xff, 0x80, 0x87, 0xff, 0x91, 0xbf,
    0x50, 0x3f, 0xe0,

    /* U+0026 "&" */
    0xf, 0xfe, 0x33, 0x7f, 0x48, 0x7f, 0xf7, 0x6f,
    0xff, 0x90, 0xff, 0xec, 0xbf, 0x41, 0xe6, 0xf8,
    0x3f, 0xfa, 0xf7, 0x90, 0xff, 0xaf, 0x21, 0xff,
    0xd4, 0xbc, 0x1f, 0xfc, 0x2b, 0xc1, 0xff, 0xd3,
    0xbc, 0x1f, 0xfc, 0x4b, 0xc1, 0xff, 0xd2, 0xf0,
    0x7f, 0xf1, 0xae, 0xf, 0xfe, 0x85, 0xc1, 0xff,
    0xc7, 0xf0, 0x7f, 0xf4, 0x3c, 0x1f, 0xfc, 0x8b,
    0x43, 0xff, 0x9c, 0xf0, 0x7f, 0xf2, 0x1e, 0xf,
    0xfe, 0x75, 0xa1, 0xff, 0xc9, 0xf0, 0x7f, 0xf3,
    0xbc, 0x1f, 0xfc, 0xaf, 0x7, 0xff, 0x3b, 0xc1,
    0xff, 0xca, 0xf0, 0x7f, 0xf3, 0xbc, 0x1f, 0xfc,
    0xaf, 0x7, 0xff, 0x3a, 0xd0, 0xff, 0xe4, 0x3c,
    0x1f, 0xfc, 0xeb, 0x83, 0xff, 0x91, 0x68, 0x7f,
    0xf3, 0xfc, 0x1f, 0xfc, 0x8f, 0x7, 0xff, 0x42,
    0xe0, 0xff, 0xe3, 0x5c, 0x1f, 0xfd, 0x1f, 0x7,
    0xff, 0x16, 0xf0, 0x7f, 0xf4, 0xaf, 0x7, 0xff,
    0xd, 0xf2, 0x1f, 0xfd, 0x3f, 0x41, 0xff, 0xc1,
    0xbc, 0x87, 0xff, 0x57, 0xd0, 0x7f, 0xdf, 0x7,
    0xff, 0x5d, 0xf2, 0x1f, 0xaf, 0x41, 0xff, 0xd9,
    0x7c, 0x87, 0x3f, 0x21, 0xff, 0xdb, 0xbc, 0x81,
    0xfa, 0xf, 0xfe, 0xf5, 0xeb, 0xf0, 0x7f, 0xf8,
    0x6f, 0xc8, 0x7f, 0xf8, 0x6f, 0xc8, 0x7f, 0xf8,
    0x1f, 0x9b, 0xc8, 0x7f, 0xf7, 0xaf, 0x41, 0x5e,
    0xf, 0xfe, 0xef, 0xc8, 0x75, 0xe0, 0xff, 0xed,
    0xfc, 0x1f, 0xbe, 0xf, 0xfe, 0xc3, 0xe8, 0x3f,
    0xdf, 0x7, 0xff, 0x59, 0xf4, 0x1f, 0xfc, 0xf,
    0x83, 0xff, 0xa8, 0xf9, 0xf, 0xfe, 0x17, 0xc1,
    0xff, 0xd3, 0xf2, 0x1f, 0xfc, 0x4f, 0x83, 0xff,
    0xa3, 0xe8, 0x3f, 0xf8, 0xde, 0x83, 0xff, 0x9f,
    0x70, 0x7f, 0xf2, 0x3d, 0x7, 0xff, 0x35, 0xf0,
    0x7f, 0xf2, 0xbd, 0x7, 0xff, 0x11, 0xf, 0xbc,
    0x87, 0xff, 0x29, 0xf4, 0x1f, 0xfc, 0x2b, 0xc1,
    0xd7, 0x7, 0xff, 0x31, 0xf2, 0x1f, 0xfc, 0xb,
    0xc1, 0xef, 0x7, 0xff, 0x39, 0xf2, 0x1f, 0xeb,
    0xc1, 0xe7, 0x83, 0xff, 0x9e, 0xf9, 0xf, 0xd7,
    0x83, 0xef, 0x21, 0xff, 0xd0, 0x7c, 0x87, 0xbe,
    0xf, 0xde, 0xf, 0xfe, 0x93, 0xe4, 0x37, 0xc1,
    0xf9, 0xe0, 0xff, 0xe9, 0xde, 0xb, 0xe0, 0xfe,
    0x78, 0x3f, 0xfa, 0x97, 0x9f, 0x83, 0xfd, 0x70,
    0x7f, 0xf5, 0x6f, 0xa0, 0xff, 0xae, 0xf, 0xfe,
    0xab, 0xf0, 0x7f, 0xf0, 0x1e, 0xf, 0xfe, 0xa3,
    0xfc, 0x1f, 0xfc, 0xf, 0x7, 0xff, 0x4e, 0xf2,
    0x5e, 0xf, 0xfb, 0xc8, 0x7f, 0xf4, 0x7e, 0x42,
    0xf8, 0x3f, 0xd7, 0x83, 0xff, 0x9e, 0xfc, 0x1e,
    0xf4, 0x1f, 0xef, 0x21, 0xff, 0xcd, 0xbd, 0x7,
    0xef, 0x41, 0xfc, 0xf8, 0x3f, 0xf9, 0x6f, 0xc8,
    0x7f, 0xbd, 0x7, 0xf5, 0xe0, 0xff, 0xe4, 0x3f,
    0x41, 0xff, 0xc1, 0xf4, 0x1f, 0xd7, 0x90, 0xff,
    0xe2, 0x3f, 0x90, 0xff, 0xe1, 0xfa, 0xf, 0xeb,
    0xe0, 0xff, 0xe0, 0xdf, 0x90, 0xff, 0xe3, 0x79,
    0xf, 0xe7, 0xf4, 0x87, 0x37, 0xe9, 0xf, 0xfe,
    0x4f, 0x90, 0xff, 0x3f, 0xff, 0xc0, 0x90, 0xff,
    0xe6, 0x3e, 0x43, 0xff, 0x80, 0xd3, 0xd4, 0x50,
    0x7f, 0xff, 0xc3, 0xf0,

    /* U+0027 "'" */
    0xbd, 0x4f, 0x53, 0xd3, 0xe5, 0x79, 0x5e, 0x57,
    0x95, 0xe5, 0x79, 0x3c, 0xf, 0x3, 0xc0, 0xf0,
    0x3c, 0xf, 0x3, 0xc0, 0xf0, 0x3c, 0xa, 0x0,

    /* U+0028 "(" */
    0xf, 0xfe, 0x9b, 0xa1, 0xff, 0xc1, 0x7c, 0x1f,
    0xfc, 0x2f, 0x21, 0xff, 0xc1, 0xb8, 0x3f, 0xf8,
    0x2f, 0x83, 0xff, 0x85, 0xe0, 0xff, 0xe1, 0x5c,
    0x1f, 0xfc, 0x2f, 0x7, 0xff, 0xa, 0xd0, 0xff,
    0xe1, 0x78, 0x3f, 0xf8, 0x56, 0x87, 0xff, 0xb,
    0xc1, 0xff, 0xc2, 0xb4, 0x3f, 0xf8, 0x5e, 0xf,
    0xfe, 0x13, 0xc1, 0xff, 0xc2, 0xb4, 0x3f, 0xf8,
    0x5e, 0xf, 0xfe, 0x13, 0xc1, 0xff, 0xc2, 0xb4,
    0x3f, 0xf8, 0x5e, 0xf, 0xfe, 0x13, 0xc1, 0xff,
    0xc2, 0xb4, 0x3f, 0xf8, 0x56, 0x1f, 0xfc, 0x3f,
    0x7, 0xff, 0xf, 0xc1, 0xff, 0xc2, 0x78, 0x3f,
    0xf8, 0x56, 0x87, 0xff, 0xa, 0xc3, 0xff, 0x87,
    0xe0, 0xff, 0xe1, 0xf8, 0x3f, 0xf8, 0x7e, 0xf,
    0xfe, 0x1f, 0x7, 0xff, 0x9, 0xe0, 0xff, 0xe1,
    0x3c, 0x1f, 0xfc, 0x27, 0x43, 0xff, 0x85, 0x68,
    0x7f, 0xf0, 0xad, 0xf, 0xfe, 0x15, 0xa1, 0xff,
    0xc2, 0xb4, 0x3f, 0xf8, 0x56, 0x87, 0xff, 0xa,
    0xd0, 0xff, 0xe1, 0x5a, 0x1f, 0xfc, 0x2b, 0x43,
    0xff, 0x84, 0xe8, 0x7f, 0xf0, 0x9d, 0xf, 0xfe,
    0x13, 0xc1, 0xff, 0xc3, 0xe0, 0xff, 0xe1, 0xf8,
    0x3f, 0xf8, 0x7e, 0xf, 0xfe, 0x1f, 0x83, 0xff,
    0x87, 0x61, 0xff, 0xc3, 0xb4, 0x3f, 0xf8, 0x4f,
    0x7, 0xff, 0xf, 0x83, 0xff, 0x87, 0xe0, 0xff,
    0xe1, 0xf8, 0x3f, 0xf8, 0x76, 0x87, 0xff, 0x9,
    0xe0, 0xff, 0xe1, 0xf8, 0x3f, 0xf8, 0x7e, 0xf,
    0xfe, 0x1b, 0xc1, 0xff, 0xc3, 0xf0, 0x7f, 0xf0,
    0xfc, 0x1f, 0xfc, 0x37, 0x83, 0xff, 0x87, 0xe0,
    0xff, 0xe1, 0xda, 0x1f, 0xfc, 0x3f, 0x7, 0xff,
    0xf, 0xc8, 0x7f, 0xf0, 0x9f, 0x7, 0xff, 0xf,
    0xc8, 0x7f, 0xf0, 0xfc, 0x1f, 0xfc, 0x3b, 0x83,
    0xff, 0x87, 0xe0, 0xff, 0xe1, 0xbe, 0xf, 0xfe,
    0x1f, 0xa0, 0xff, 0xe1, 0xf9, 0xf, 0xfe, 0x13,
    0xe0, 0xff, 0xe1, 0xda, 0x1f, 0xfc, 0x50,

    /* U+0029 ")" */
    0xf, 0xfe, 0x2b, 0xc1, 0xff, 0xc3, 0xf2, 0x1f,
    0xfc, 0x3f, 0x7, 0xff, 0xd, 0xf0, 0x7f, 0xf0,
    0xfc, 0x87, 0xff, 0xf, 0xc1, 0xff, 0xc3, 0x78,
    0x3f, 0xf8, 0x7e, 0x43, 0xff, 0x84, 0xf8, 0x3f,
    0xf8, 0x7e, 0x43, 0xff, 0x84, 0xf8, 0x3f, 0xf8,
    0x7e, 0x43, 0xff, 0x84, 0xf0, 0x7f, 0xf0, 0xfc,
    0x1f, 0xfc, 0x3b, 0x43, 0xff, 0x87, 0xe0, 0xff,
    0xe1, 0xf8, 0x3f, 0xf8, 0x6f, 0x7, 0xff, 0xf,
    0xc1, 0xff, 0xc3, 0xf0, 0x7f, 0xf0, 0xed, 0xf,
    0xfe, 0x13, 0xc1, 0xff, 0xc3, 0xf0, 0x7f, 0xf0,
    0xfc, 0x1f, 0xfc, 0x3b, 0x43, 0xff, 0x84, 0xe8,
    0x7f, 0xf0, 0x9e, 0xf, 0xfe, 0x1f, 0x83, 0xff,
    0x87, 0xe0, 0xff, 0xe1, 0xf8, 0x3f, 0xf8, 0x76,
    0x1f, 0xfc, 0x3b, 0x43, 0xff, 0x84, 0xe8, 0x7f,
    0xf0, 0x9e, 0xf, 0xfe, 0x13, 0xc1, 0xff, 0xc2,
    0x78, 0x3f, 0xf8, 0x7c, 0x1f, 0xfc, 0x3e, 0xf,
    0xfe, 0x1f, 0x7, 0xff, 0xf, 0x83, 0xff, 0x87,
    0xc1, 0xff, 0xc3, 0xe0, 0xff, 0xe1, 0xf0, 0x7f,
    0xf0, 0x9e, 0xf, 0xfe, 0x13, 0xc1, 0xff, 0xc2,
    0x74, 0x3f, 0xf8, 0x56, 0x87, 0xff, 0xa, 0xc3,
    0xff, 0x87, 0xe0, 0xff, 0xe1, 0xf8, 0x3f, 0xf8,
    0x7e, 0xf, 0xfe, 0x1f, 0x7, 0xff, 0x9, 0xe0,
    0xff, 0xe1, 0x5a, 0x1f, 0xfc, 0x2f, 0x7, 0xff,
    0xf, 0xc1, 0xff, 0xc2, 0x78, 0x3f, 0xf8, 0x56,
    0x87, 0xff, 0xb, 0xc1, 0xff, 0xc3, 0xf0, 0x7f,
    0xf0, 0x9e, 0xf, 0xfe, 0x15, 0xa1, 0xff, 0xc2,
    0xf0, 0x7f, 0xf0, 0x9e, 0xf, 0xfe, 0x17, 0x83,
    0xff, 0x84, 0xf8, 0x3f, 0xf8, 0x56, 0x87, 0xff,
    0xb, 0xc1, 0xff, 0xc2, 0xb4, 0x3f, 0xf8, 0x5e,
    0xf, 0xfe, 0x17, 0x90, 0xff, 0xe0, 0xbe, 0xf,
    0xfe, 0x17, 0x83, 0xff, 0x85, 0x70, 0x7f, 0xf0,
    0x5f, 0x7, 0xff, 0xb, 0xc1, 0xff, 0xc2, 0xf2,
    0x1f, 0xfc, 0x17, 0x83, 0xff, 0xa6,

    /* U+002A "*" */
    0xf, 0xfe, 0xf, 0x83, 0xff, 0x9d, 0xe0, 0xff,
    0xe7, 0x78, 0x3f, 0xf9, 0xde, 0xf, 0xfe, 0x77,
    0x83, 0xff, 0x9d, 0xe0, 0xff, 0xe7, 0x78, 0x3f,
    0xf8, 0x5c, 0x1f, 0xef, 0x7, 0xfa, 0xc7, 0xe4,
    0x3f, 0x78, 0x3f, 0x3f, 0x20, 0xbe, 0x43, 0xde,
    0xf, 0x3f, 0x41, 0xcf, 0xd0, 0x77, 0x83, 0xaf,
    0x90, 0xfc, 0xfd, 0x5, 0xe0, 0xaf, 0x90, 0xff,
    0xe0, 0x5f, 0x27, 0x87, 0xe8, 0x3f, 0xf8, 0x97,
    0xfe, 0x83, 0xff, 0x91, 0xfe, 0xf, 0xfe, 0x55,
    0xfa, 0xf, 0xfe, 0x43, 0xff, 0x90, 0xff, 0xe2,
    0xfd, 0x1e, 0x2f, 0x90, 0xff, 0xe0, 0xdf, 0x20,
    0xf0, 0x1f, 0xa0, 0xff, 0x5f, 0x21, 0xbc, 0x19,
    0xfa, 0xf, 0x3f, 0x41, 0xef, 0x7, 0xaf, 0x90,
    0xbf, 0x7, 0xef, 0x7, 0xeb, 0xe1, 0xf2, 0x1f,
    0xde, 0xf, 0xe7, 0xc8, 0x87, 0xfd, 0xe0, 0xff,
    0x90, 0xff, 0xe1, 0x78, 0x3f, 0xf9, 0xde, 0xf,
    0xfe, 0x77, 0x83, 0xff, 0x9d, 0xe0, 0xff, 0xe7,
    0x78, 0x3f, 0xf9, 0xde, 0xf, 0xfe, 0x72, 0x83,
    0xff, 0x82,

    /* U+002B "+" */
    0xf, 0xfe, 0x32, 0x83, 0xff, 0xb1, 0xe4, 0x3f,
    0xfa, 0xfe, 0x43, 0xff, 0xaf, 0xe4, 0x3f, 0xfa,
    0xfe, 0x43, 0xff, 0xaf, 0xe4, 0x3f, 0xfa, 0xfe,
    0x43, 0xff, 0xaf, 0xe4, 0x3f, 0xfa, 0xfe, 0x43,
    0xff, 0xaf, 0xe4, 0x3f, 0xfa, 0xfe, 0x43, 0xff,
    0xaf, 0xe4, 0x3f, 0xfa, 0xfe, 0x43, 0xff, 0xaf,
    0xe4, 0x3f, 0xfa, 0xfe, 0x43, 0xff, 0xaf, 0xe4,
    0x3f, 0xfa, 0xfe, 0x43, 0xff, 0xaf, 0xe4, 0x3f,
    0xf8, 0xaf, 0xff, 0xf6, 0x27, 0xff, 0xfb, 0x21,
    0xff, 0xc6, 0xf2, 0x1f, 0xfd, 0x7f, 0x21, 0xff,
    0xd7, 0xf2, 0x1f, 0xfd, 0x7f, 0x21, 0xff, 0xd7,
    0xf2, 0x1f, 0xfd, 0x7f, 0x21, 0xff, 0xd7, 0xf2,
    0x1f, 0xfd, 0x7f, 0x21, 0xff, 0xd7, 0xf2, 0x1f,
    0xfd, 0x7f, 0x21, 0xff, 0xd7, 0xf2, 0x1f, 0xfd,
    0x7f, 0x21, 0xff, 0xd7, 0xf2, 0x1f, 0xfd, 0x7f,
    0x21, 0xff, 0xd7, 0xf2, 0x1f, 0xfd, 0x7f, 0x21,
    0xff, 0xd7, 0xf2, 0x1f, 0xfd, 0x7a, 0x7, 0xff,
    0x18,

    /* U+002C "," */
    0xf, 0x34, 0xf, 0xbe, 0xf, 0xbe, 0xf, 0xbe,
    0xf, 0xbe, 0xf, 0x3e, 0x83, 0xcf, 0x90, 0xf5,
    0xe0, 0xfb, 0xe0, 0xfb, 0xc8, 0x79, 0xf0, 0x7d,
    0x70, 0x7d, 0xe4, 0x3d, 0x78, 0x3e, 0xf0, 0x7d,
    0x70, 0x7d, 0xe0, 0xfa, 0xc3, 0xe7, 0x43, 0xe0,

    /* U+002D "-" */
    0x3f, 0xff, 0xa1, 0x1f, 0xff, 0xd1,

    /* U+002E "." */
    0x17, 0x87, 0xf8, 0x7f, 0x87, 0xf8, 0x7f, 0x87,
    0xf8,

    /* U+002F "/" */
    0xf, 0xfe, 0x75, 0xa1, 0xff, 0xce, 0xf0, 0x7f,
    0xf3, 0x9e, 0xf, 0xfe, 0x77, 0x90, 0xff, 0xe7,
    0x78, 0x3f, 0xf9, 0xd7, 0x7, 0xff, 0x3b, 0xc1,
    0xff, 0xce, 0x7c, 0x1f, 0xfc, 0xef, 0x21, 0xff,
    0xce, 0xf0, 0x7f, 0xf3, 0xae, 0xf, 0xfe, 0x77,
    0x83, 0xff, 0x9c, 0xf8, 0x3f, 0xf9, 0xd6, 0x87,
    0xff, 0x3b, 0xc1, 0xff, 0xce, 0x78, 0x3f, 0xf9,
    0xde, 0x43, 0xff, 0x9d, 0xe0, 0xff, 0xe7, 0x5c,
    0x1f, 0xfc, 0xef, 0x7, 0xff, 0x39, 0xf0, 0x7f,
    0xf3, 0xbc, 0x87, 0xff, 0x3b, 0xc1, 0xff, 0xce,
    0xb8, 0x3f, 0xf9, 0xde, 0xf, 0xfe, 0x73, 0xe0,
    0xff, 0xe7, 0x5a, 0x1f, 0xfc, 0xef, 0x7, 0xff,
    0x39, 0xe0, 0xff, 0xe7, 0x79, 0xf, 0xfe, 0x77,
    0x83, 0xff, 0x9d, 0x70, 0x7f, 0xf3, 0xbc, 0x1f,
    0xfc, 0xe7, 0xc1, 0xff, 0xce, 0xf2, 0x1f, 0xfc,
    0xef, 0x7, 0xff, 0x3a, 0xe0, 0xff, 0xe7, 0x78,
    0x3f, 0xf9, 0xcf, 0x83, 0xff, 0x9d, 0x68, 0x7f,
    0xf3, 0xbc, 0x1f, 0xfc, 0xe7, 0x83, 0xff, 0x9d,
    0xe4, 0x3f, 0xf9, 0xaf, 0x83, 0xff, 0x9d, 0x70,
    0x7f, 0xf3, 0xbc, 0x1f, 0xfc, 0xe7, 0xc1, 0xff,
    0xce, 0xf2, 0x1f, 0xfc, 0xef, 0x7, 0xff, 0x3a,
    0xe0, 0xff, 0xe7, 0x78, 0x3f, 0xf9, 0xcf, 0x83,
    0xff, 0x9d, 0x68, 0x7f, 0xf3, 0xbc, 0x1f, 0xfc,
    0xe7, 0x83, 0xff, 0x9d, 0xe4, 0x3f, 0xf9, 0xaf,
    0x83, 0xff, 0x9d, 0x70, 0x7f, 0xf3, 0xbc, 0x1f,
    0xfc, 0xe7, 0xc1, 0xff, 0xce, 0xf2, 0x1f, 0xfc,
    0xef, 0x7, 0xff, 0x3a, 0xe0, 0xff, 0xe7, 0x78,
    0x3f, 0xf9, 0xcf, 0x83, 0xff, 0x9d, 0x68, 0x7f,
    0xf3, 0xbc, 0x1f, 0xfc, 0xe7, 0x83, 0xff, 0x9c,

    /* U+0030 "0" */
    0xf, 0xfe, 0x1b, 0x7f, 0xa8, 0x1f, 0xfd, 0xb,
    0xff, 0xf8, 0x28, 0x7f, 0xf2, 0xef, 0xd2, 0x1c,
    0xdf, 0x90, 0xff, 0xe4, 0x7d, 0x7, 0xff, 0x1,
    0xfa, 0xf, 0xfe, 0x37, 0xc8, 0x7f, 0xf0, 0xef,
    0x41, 0xff, 0xc4, 0xf8, 0x3f, 0xf8, 0xcf, 0xa0,
    0xff, 0xe1, 0x7c, 0x1f, 0xfc, 0x87, 0xd0, 0x7f,
    0xf0, 0x2f, 0x7, 0xff, 0x29, 0xf2, 0x1f, 0xe7,
    0xc8, 0x7f, 0xf2, 0xef, 0x7, 0xfb, 0xd0, 0x7f,
    0xf3, 0x7d, 0x7, 0xe7, 0xc1, 0xff, 0xce, 0x7c,
    0x1f, 0xbd, 0x7, 0xff, 0x3f, 0xd0, 0x79, 0xf0,
    0x7f, 0xf4, 0x1f, 0x7, 0xae, 0xf, 0xfe, 0x8f,
    0x90, 0xef, 0x21, 0xff, 0xd1, 0xb8, 0x33, 0xe0,
    0xff, 0xe9, 0x3e, 0xd, 0x70, 0x7f, 0xf4, 0xfc,
    0x85, 0xe4, 0x3f, 0xfa, 0x77, 0x5, 0xe0, 0xff,
    0xea, 0x3e, 0x3, 0xe0, 0xff, 0xea, 0xf8, 0xf,
    0x7, 0xff, 0x57, 0xc0, 0xb8, 0x3f, 0xfa, 0xbe,
    0x4f, 0x21, 0xff, 0xd5, 0xb8, 0xf2, 0x1f, 0xfd,
    0x5b, 0x8f, 0x7, 0xff, 0x5a, 0xe3, 0xc1, 0xff,
    0xd6, 0x7c, 0x78, 0x3f, 0xfa, 0xcf, 0x8f, 0x7,
    0xff, 0x59, 0xf3, 0xe0, 0xff, 0xeb, 0x3e, 0x7c,
    0x1f, 0xfd, 0x67, 0xcf, 0x83, 0xff, 0xaf, 0xe7,
    0xc1, 0xff, 0xd6, 0x7c, 0x78, 0x3f, 0xfa, 0xcf,
    0x8f, 0x7, 0xff, 0x59, 0xf1, 0xe0, 0xff, 0xeb,
    0x3e, 0x3c, 0x1f, 0xfd, 0x67, 0xc7, 0x83, 0xff,
    0xad, 0x71, 0xe4, 0x3f, 0xfa, 0xb7, 0x1e, 0x43,
    0xff, 0xab, 0xe4, 0xb8, 0x3f, 0xfa, 0xbe, 0x47,
    0xc1, 0xff, 0xd5, 0xf0, 0x1f, 0x7, 0xff, 0x51,
    0xf0, 0x5e, 0xf, 0xfe, 0xa3, 0xe0, 0xbc, 0x87,
    0xff, 0x4e, 0xe0, 0xae, 0xf, 0xfe, 0x9f, 0x90,
    0x9f, 0x7, 0xff, 0x49, 0xf0, 0x77, 0x90, 0xff,
    0xe8, 0xdc, 0x1d, 0x70, 0x7f, 0xf4, 0x7c, 0x87,
    0x3e, 0xf, 0xfe, 0x83, 0xe0, 0xfb, 0xd0, 0x7f,
    0xf3, 0xfc, 0x87, 0xcf, 0x83, 0xff, 0x9c, 0xf8,
    0x3f, 0xbd, 0x7, 0xff, 0x37, 0xc8, 0x7f, 0x3e,
    0x43, 0xff, 0x97, 0x78, 0x3f, 0xeb, 0xc1, 0xff,
    0xca, 0x7c, 0x1f, 0xfc, 0x1f, 0x83, 0xff, 0x90,
    0xf9, 0xf, 0xfe, 0x17, 0xc1, 0xff, 0xc6, 0x7d,
    0x7, 0xff, 0x13, 0xe4, 0x3f, 0xf8, 0x77, 0xa0,
    0xff, 0xe3, 0x7d, 0x21, 0xff, 0x3f, 0x41, 0xff,
    0xc8, 0xbf, 0x48, 0x73, 0x7e, 0x43, 0xff, 0x97,
    0x7f, 0xff, 0x5, 0xf, 0xfe, 0x7b, 0x7f, 0xa8,
    0x1f, 0xfc, 0x30,

    /* U+0031 "1" */
    0xff, 0xfe, 0x13, 0xff, 0xfc, 0x24, 0x3f, 0xf8,
    0x1e, 0x43, 0xff, 0x81, 0xe4, 0x3f, 0xf8, 0x1e,
    0x43, 0xff, 0x81, 0xe4, 0x3f, 0xf8, 0x1e, 0x43,
    0xff, 0x81, 0xe4, 0x3f, 0xf8, 0x1e, 0x43, 0xff,
    0x81, 0xe4, 0x3f, 0xf8, 0x1e, 0x43, 0xff, 0x81,
    0xe4, 0x3f, 0xf8, 0x1e, 0x43, 0xff, 0x81, 0xe4,
    0x3f, 0xf8, 0x1e, 0x43, 0xff, 0x81, 0xe4, 0x3f,
    0xf8, 0x1e, 0x43, 0xff, 0x81, 0xe4, 0x3f, 0xf8,
    0x1e, 0x43, 0xff, 0x81, 0xe4, 0x3f, 0xf8, 0x1e,
    0x43, 0xff, 0x81, 0xe4, 0x3f, 0xf8, 0x1e, 0x43,
    0xff, 0x81, 0xe4, 0x3f, 0xf8, 0x1e, 0x43, 0xff,
    0x81, 0xe4, 0x3f, 0xf8, 0x1e, 0x43, 0xff, 0x81,
    0xe4, 0x3f, 0xf8, 0x1e, 0x43, 0xff, 0x81, 0xe4,
    0x3f, 0xf8, 0x1e, 0x43, 0xff, 0x81, 0xe4, 0x3f,
    0xf8, 0x1e, 0x43, 0xff, 0x81, 0xe4, 0x3f, 0xf8,
    0x1e, 0x43, 0xff, 0x81, 0xe4, 0x3f, 0xf8, 0x1e,
    0x43, 0xff, 0x81, 0xe4, 0x3f, 0xf8, 0x1e, 0x43,
    0xff, 0x81, 0xe4, 0x3f, 0xf8, 0x1e, 0x43, 0xff,
    0x81, 0xe4, 0x3f, 0xf8, 0x1e, 0x43, 0xff, 0x81,
    0xe4, 0x3f, 0xf8, 0x1e, 0x43, 0xff, 0x81, 0xe4,
    0x3f, 0xf8, 0x1e, 0x43, 0xff, 0x81, 0xe4, 0x3f,
    0xf8, 0x1e, 0x43, 0xff, 0x81, 0xe4, 0x3f, 0xf8,
    0x1e, 0x43, 0xff, 0x81, 0xe4, 0x3f, 0xf8, 0x1e,
    0x43, 0xff, 0x81, 0xe4, 0x3f, 0xf8, 0x1e, 0x43,
    0xff, 0x81, 0xe4, 0x3f, 0xf8, 0x1e, 0x43, 0xff,
    0x81, 0xe4, 0x3f, 0xf8, 0x1e, 0x43, 0xff, 0x86,

    /* U+0032 "2" */
    0xf, 0xfe, 0x13, 0x7f, 0xa4, 0x3f, 0xf9, 0xaf,
    0xff, 0xf0, 0x60, 0xff, 0xe4, 0xbf, 0xa4, 0x39,
    0xbf, 0x41, 0xff, 0xc6, 0xbe, 0x43, 0xff, 0x81,
    0x7c, 0x87, 0xff, 0xf, 0xe4, 0x3f, 0xf8, 0x9f,
    0x21, 0xff, 0xc1, 0xf8, 0x3f, 0xf8, 0xf7, 0x90,
    0xff, 0xbd, 0x7, 0xff, 0x25, 0xf2, 0x1f, 0xde,
    0x83, 0xff, 0x96, 0xf8, 0x3f, 0x3e, 0xf, 0xfe,
    0x6d, 0xc1, 0xf7, 0x83, 0xff, 0x9f, 0xe4, 0x3a,
    0xe0, 0xff, 0xe7, 0xde, 0xe, 0xf0, 0x7f, 0xf4,
    0x7c, 0x19, 0xf0, 0x7f, 0xf4, 0x6e, 0xa, 0xd0,
    0xff, 0xe8, 0xbe, 0xb, 0xc1, 0xff, 0xd2, 0x7c,
    0x17, 0x83, 0xff, 0xa7, 0xe0, 0xbc, 0x1f, 0xfd,
    0x3f, 0x7, 0xff, 0x63, 0xc1, 0xff, 0xd8, 0xf0,
    0x7f, 0xf5, 0xdf, 0x7, 0xff, 0x5e, 0xe0, 0xff,
    0xeb, 0xf9, 0xf, 0xfe, 0xb3, 0xe0, 0xff, 0xeb,
    0xfa, 0xf, 0xfe, 0xb3, 0xe0, 0xff, 0xeb, 0xfa,
    0xf, 0xfe, 0xb5, 0xe0, 0xff, 0xeb, 0x3e, 0x43,
    0xff, 0xad, 0xe8, 0x3f, 0xfa, 0xdf, 0x7, 0xff,
    0x5a, 0xf0, 0x7f, 0xf5, 0xaf, 0x21, 0xff, 0xd5,
    0xbd, 0x7, 0xff, 0x56, 0xf4, 0x1f, 0xfd, 0x5b,
    0xd0, 0x7f, 0xf5, 0x6f, 0x41, 0xff, 0xd5, 0x7d,
    0x7, 0xff, 0x55, 0xf4, 0x1f, 0xfd, 0x57, 0xd0,
    0x7f, 0xf5, 0x5f, 0x83, 0xff, 0xaa, 0xfc, 0x1f,
    0xfd, 0x57, 0xe0, 0xff, 0xeb, 0x7c, 0x1f, 0xfd,
    0x6f, 0x83, 0xff, 0xad, 0xf0, 0x7f, 0xf5, 0xbe,
    0xf, 0xfe, 0xb7, 0xc1, 0xff, 0xd6, 0xf8, 0x3f,
    0xfa, 0xdf, 0x7, 0xff, 0x5b, 0xe4, 0x3f, 0xfa,
    0xbf, 0x21, 0xff, 0xd5, 0xbc, 0x87, 0xff, 0x56,
    0xf2, 0x1f, 0xfd, 0x5b, 0xc8, 0x7f, 0xf5, 0x6f,
    0x21, 0xff, 0xd5, 0xbc, 0x87, 0xff, 0x56, 0xf4,
    0x1f, 0xfd, 0x5b, 0xd0, 0x7f, 0xf5, 0xbf, 0xff,
    0xb2, 0x7f, 0xff, 0x64,

    /* U+0033 "3" */
    0xf, 0xfe, 0x13, 0x7f, 0xa4, 0x3f, 0xf9, 0xf7,
    0xff, 0xf0, 0x20, 0xff, 0xe5, 0xbf, 0xa4, 0x39,
    0xbe, 0x83, 0xff, 0x91, 0xf4, 0x1f, 0xfc, 0xb,
    0xe4, 0x3f, 0xf8, 0xbf, 0x7, 0xff, 0x13, 0xe4,
    0x3f, 0xf8, 0x7e, 0x83, 0xff, 0x8d, 0x79, 0xf,
    0xfe, 0xf, 0xa0, 0xff, 0xe4, 0x5e, 0xf, 0xfe,
    0x3, 0xe0, 0xff, 0xe5, 0x7a, 0xf, 0xfb, 0xc1,
    0xff, 0xcc, 0xf2, 0x1f, 0xd7, 0x7, 0xff, 0x32,
    0xf0, 0x7f, 0x79, 0xf, 0xfe, 0x6f, 0x83, 0xf3,
    0xe0, 0xff, 0xe7, 0x79, 0xf, 0xca, 0xf, 0xfe,
    0x75, 0xc1, 0xff, 0xd8, 0x7c, 0x1f, 0xfd, 0x87,
    0xc1, 0xff, 0xd8, 0x78, 0x3f, 0xfb, 0x17, 0x7,
    0xff, 0x63, 0xc8, 0x7f, 0xf6, 0x3c, 0x1f, 0xfd,
    0x8b, 0x83, 0xff, 0xae, 0xf8, 0x3f, 0xfb, 0x1e,
    0x43, 0xff, 0xac, 0xfa, 0xf, 0xfe, 0xb5, 0xe8,
    0x3f, 0xfa, 0xb7, 0xc8, 0x7f, 0xf4, 0x55, 0x7e,
    0x83, 0xff, 0x9f, 0xff, 0xc8, 0x7f, 0xf4, 0x7f,
    0xfa, 0x43, 0xff, 0xa6, 0xb5, 0xfd, 0x7, 0xff,
    0x5d, 0xbe, 0x83, 0xff, 0xb0, 0xfc, 0x87, 0xff,
    0x62, 0xf4, 0x1f, 0xfd, 0x87, 0xd0, 0x7f, 0xf6,
    0x1f, 0x21, 0xff, 0xd8, 0x7c, 0x1f, 0xfd, 0x9b,
    0x83, 0xff, 0xb3, 0xe0, 0xff, 0xec, 0xdc, 0x1f,
    0xfd, 0x87, 0xc1, 0xff, 0xd9, 0xf0, 0x7f, 0xf6,
    0x7c, 0x87, 0xff, 0x62, 0xe0, 0xff, 0xec, 0x5c,
    0x1f, 0xfd, 0x8b, 0x8f, 0x7, 0xff, 0x56, 0xe3,
    0xc8, 0x7f, 0xf5, 0x2e, 0x3c, 0x87, 0xff, 0x53,
    0xc9, 0x70, 0x7f, 0xf5, 0x3c, 0x7, 0xc1, 0xff,
    0xd3, 0x7c, 0x17, 0x90, 0xff, 0xe9, 0x79, 0x9,
    0xf0, 0x7f, 0xf4, 0x5f, 0x7, 0x7a, 0xf, 0xfe,
    0x87, 0x90, 0xe7, 0xc8, 0x7f, 0xf3, 0xbe, 0xf,
    0xaf, 0x21, 0xff, 0xcc, 0xbc, 0x1f, 0xd7, 0x90,
    0xff, 0xe5, 0x5e, 0xf, 0xfa, 0xf4, 0x1f, 0xfc,
    0x8f, 0x90, 0xff, 0xe0, 0x5f, 0x7, 0xff, 0x15,
    0xf8, 0x3f, 0xf8, 0x6f, 0xd2, 0x1f, 0xfc, 0x7,
    0xe8, 0x3f, 0xf8, 0xd7, 0xe9, 0xe, 0x55, 0xf9,
    0xf, 0xfe, 0x4d, 0xff, 0xfc, 0x24, 0x3f, 0xf9,
    0xcd, 0xfe, 0x90, 0xff, 0xe1, 0x0,

    /* U+0034 "4" */
    0xf, 0xfe, 0x73, 0xe0, 0xff, 0xeb, 0xfc, 0x1f,
    0xfd, 0x6b, 0xe0, 0xff, 0xeb, 0x7e, 0xf, 0xfe,
    0xaf, 0xaf, 0x7, 0xff, 0x51, 0xf1, 0xe0, 0xff,
    0xea, 0x79, 0x3c, 0x1f, 0xfd, 0x3f, 0x40, 0xf0,
    0x7f, 0xf4, 0x9f, 0x5, 0xe0, 0xff, 0xe9, 0x79,
    0xb, 0xc1, 0xff, 0xd1, 0xbc, 0x1b, 0xc1, 0xff,
    0xd0, 0x7c, 0x1d, 0xe0, 0xff, 0xe8, 0x79, 0xe,
    0xf0, 0x7f, 0xf3, 0xef, 0x7, 0xbc, 0x1f, 0xfc,
    0xe7, 0xc1, 0xf7, 0x83, 0xff, 0x9d, 0xe8, 0x3e,
    0xf0, 0x7f, 0xf3, 0x6f, 0x7, 0xef, 0x7, 0xff,
    0x37, 0xc8, 0x7e, 0xf0, 0x7f, 0xf3, 0x3d, 0x7,
    0xf7, 0x83, 0xff, 0x97, 0x78, 0x3f, 0xde, 0xf,
    0xfe, 0x5f, 0x90, 0xff, 0x78, 0x3f, 0xf9, 0x5e,
    0x83, 0xfe, 0xf0, 0x7f, 0xf2, 0x5f, 0x7, 0xff,
    0x3, 0xc1, 0xff, 0xc9, 0xf2, 0x1f, 0xfc, 0xf,
    0x7, 0xff, 0x23, 0xd0, 0x7f, 0xf0, 0x7c, 0x1f,
    0xfc, 0x77, 0xc1, 0xff, 0xc2, 0xf0, 0x7f, 0xf1,
    0xfc, 0x87, 0xff, 0xb, 0xc1, 0xff, 0xc6, 0xbc,
    0x1f, 0xfc, 0x3f, 0x7, 0xff, 0x15, 0xf0, 0x7f,
    0xf1, 0x3c, 0x1f, 0xfc, 0x5f, 0x21, 0xff, 0xc4,
    0xf0, 0x7f, 0xf1, 0x2f, 0x7, 0xff, 0x17, 0xc1,
    0xff, 0xc3, 0x7c, 0x1f, 0xfc, 0x6f, 0x7, 0xff,
    0xf, 0xd0, 0x7f, 0xf1, 0xbc, 0x1f, 0xfc, 0x2b,
    0xc1, 0xff, 0xc7, 0xf0, 0x7f, 0xf0, 0xbc, 0x1f,
    0xfc, 0x8f, 0x7, 0xff, 0x7, 0xd0, 0x7f, 0xf2,
    0x3c, 0x1f, 0xfc, 0xb, 0xc1, 0xff, 0xc9, 0xf0,
    0x7f, 0xf0, 0x3c, 0x87, 0xff, 0x27, 0xc1, 0xff,
    0x7a, 0xf, 0xfe, 0x57, 0x83, 0xfc, 0xf8, 0x3f,
    0xf9, 0x7e, 0xf, 0xf7, 0x90, 0xff, 0xe5, 0xf8,
    0x3f, 0xaf, 0xff, 0xec, 0xdf, 0xff, 0xd9, 0xf,
    0xfe, 0x7f, 0x83, 0xff, 0xb1, 0xe0, 0xff, 0xec,
    0x78, 0x3f, 0xfb, 0x1e, 0xf, 0xfe, 0xc7, 0x83,
    0xff, 0xb1, 0xe0, 0xff, 0xec, 0x78, 0x3f, 0xfb,
    0x1e, 0xf, 0xfe, 0xc7, 0x83, 0xff, 0xb1, 0xe0,
    0xff, 0xec, 0x78, 0x3f, 0xfb, 0x1e, 0xf, 0xfe,
    0xc7, 0x83, 0xff, 0xb1, 0xe0, 0xff, 0xec, 0x78,
    0x3f, 0xfb, 0x1e, 0xf, 0xff, 0x18,

    /* U+0035 "5" */
    0xf, 0xf7, 0xff, 0xf3, 0x43, 0xff, 0x85, 0xff,
    0xfc, 0xd4, 0x3f, 0xf8, 0xf, 0x83, 0xff, 0xb0,
    0xf8, 0x3f, 0xfb, 0x17, 0x7, 0xff, 0x63, 0xc8,
    0x7f, 0xf6, 0x3c, 0x87, 0xff, 0x63, 0xc1, 0xff,
    0xd8, 0x7c, 0x1f, 0xfd, 0x87, 0xc1, 0xff, 0xd8,
    0xb8, 0x3f, 0xfb, 0x1e, 0x43, 0xff, 0xb1, 0xe4,
    0x3f, 0xfb, 0x1e, 0xf, 0xfe, 0xcf, 0x83, 0xff,
    0xb0, 0xf8, 0x3f, 0xfb, 0x17, 0x7, 0xff, 0x62,
    0xe0, 0xff, 0xec, 0x79, 0xf, 0xfe, 0xc7, 0x83,
    0xff, 0xb3, 0xe0, 0xff, 0xec, 0x3e, 0xf, 0x2f,
    0x83, 0xff, 0x99, 0x78, 0x6f, 0xff, 0xe0, 0x48,
    0x7f, 0xf1, 0xef, 0xfa, 0xa5, 0xa9, 0xfd, 0x7,
    0xff, 0x17, 0xf4, 0x87, 0xff, 0x1, 0xbe, 0x43,
    0xff, 0x89, 0x21, 0xff, 0xc6, 0xbe, 0xf, 0xfe,
    0xcf, 0xc8, 0x7f, 0xf6, 0x2f, 0x21, 0xff, 0xd8,
    0x7c, 0x1f, 0xfd, 0x9b, 0xc1, 0xff, 0xd9, 0xf4,
    0x1f, 0xfd, 0x9f, 0x7, 0xff, 0x66, 0xe0, 0xff,
    0xec, 0xf8, 0x3f, 0xfb, 0x3e, 0x43, 0xff, 0xb1,
    0x70, 0x7f, 0xf6, 0x1f, 0x7, 0xff, 0x67, 0xc1,
    0xff, 0xd9, 0xf0, 0x7f, 0xf6, 0x7c, 0x1f, 0xfd,
    0x9f, 0x7, 0xff, 0x67, 0xc1, 0xff, 0xd9, 0xf0,
    0x7f, 0xf6, 0x1f, 0x2, 0x81, 0xff, 0xd4, 0xbc,
    0xf, 0x7, 0xff, 0x53, 0xd0, 0x3c, 0x1f, 0xfd,
    0x4f, 0x5, 0xe4, 0x3f, 0xfa, 0x57, 0x82, 0xb8,
    0x3f, 0xfa, 0x5e, 0x43, 0x78, 0x3f, 0xfa, 0x37,
    0x83, 0xbd, 0x7, 0xff, 0x3d, 0xf2, 0x1e, 0xf2,
    0x1f, 0xfc, 0xef, 0x41, 0xf3, 0xe0, 0xff, 0xe6,
    0xfc, 0x1f, 0xd7, 0x90, 0xff, 0xe5, 0x7c, 0x1f,
    0xf5, 0xe4, 0x3f, 0xf9, 0x1f, 0x7, 0xff, 0x6,
    0xf8, 0x3f, 0xf8, 0xaf, 0xc1, 0xff, 0xc3, 0x7e,
    0x90, 0xff, 0xe0, 0x3f, 0x83, 0xff, 0x8c, 0xfe,
    0x94, 0x19, 0x57, 0xe4, 0x3f, 0xf9, 0x2d, 0xff,
    0xfc, 0x18, 0x3f, 0xf9, 0xcd, 0x3f, 0xd2, 0x1f,
    0xfc, 0x20,

    /* U+0036 "6" */
    0xf, 0xfe, 0x57, 0xa0, 0xff, 0xea, 0xde, 0xf,
    0xfe, 0xab, 0xe4, 0x3f, 0xfa, 0xbe, 0x83, 0xff,
    0xab, 0x78, 0x3f, 0xfa, 0xde, 0x83, 0xff, 0xab,
    0x78, 0x3f, 0xfa, 0xaf, 0x90, 0xff, 0xea, 0xfc,
    0x1f, 0xfd, 0x5b, 0xc1, 0xff, 0xd6, 0xf4, 0x1f,
    0xfd, 0x5b, 0xc1, 0xff, 0xd5, 0x7c, 0x87, 0xff,
    0x57, 0xe0, 0xff, 0xea, 0xbe, 0xf, 0xfe, 0xb7,
    0xa0, 0xff, 0xea, 0xde, 0xf, 0xfe, 0xab, 0xe4,
    0x3f, 0xfa, 0xbf, 0x7, 0xff, 0x55, 0xf0, 0x7f,
    0xf5, 0xbd, 0x7, 0xff, 0x56, 0xf0, 0x7f, 0xf5,
    0x5f, 0x21, 0xff, 0xd5, 0xf8, 0x3f, 0xfa, 0xaf,
    0x83, 0x37, 0xf4, 0x87, 0xff, 0x27, 0xd1, 0x7f,
    0xff, 0x6, 0xf, 0xfe, 0x2d, 0xeb, 0xf2, 0x83,
    0x95, 0xfa, 0xf, 0xfe, 0x1f, 0xf4, 0x1f, 0xfc,
    0x1b, 0xe0, 0xff, 0xe0, 0xfe, 0x83, 0xff, 0x8b,
    0x79, 0xf, 0xf3, 0xf2, 0x1f, 0xfc, 0x77, 0xc8,
    0x7f, 0x7c, 0x87, 0xff, 0x25, 0xf2, 0x1f, 0x5e,
    0x43, 0xff, 0x96, 0xf8, 0x3e, 0xf4, 0x1f, 0xfc,
    0xdb, 0xc1, 0xd7, 0x83, 0xff, 0x9f, 0xe4, 0x37,
    0x90, 0xff, 0xe7, 0xbe, 0x9, 0xf0, 0x7f, 0xf4,
    0x7c, 0x83, 0xd0, 0x7f, 0xf4, 0x5f, 0x3, 0xc8,
    0x7f, 0xf4, 0xbc, 0x3e, 0xf, 0xfe, 0x9f, 0x95,
    0xe0, 0xff, 0xe9, 0xdb, 0x78, 0x3f, 0xfa, 0x77,
    0x4e, 0xf, 0xfe, 0x9b, 0xd3, 0x83, 0xff, 0xa6,
    0xf3, 0xc1, 0xff, 0xd3, 0xb9, 0xf0, 0x7f, 0xf4,
    0xed, 0x3c, 0x1f, 0xfd, 0x3f, 0x27, 0x83, 0xff,
    0xa7, 0xe0, 0x5a, 0x1f, 0xfd, 0x17, 0x80, 0xf8,
    0x3f, 0xfa, 0x3e, 0x42, 0xf2, 0x1f, 0xfc, 0xf7,
    0xc1, 0x9f, 0x7, 0xff, 0x3f, 0xc8, 0x75, 0xc1,
    0xff, 0xcd, 0x7c, 0x1f, 0x79, 0xf, 0xfe, 0x5b,
    0xe0, 0xfc, 0xf9, 0xf, 0xfe, 0x4b, 0xe4, 0x3f,
    0x9f, 0x21, 0xff, 0xc7, 0x7c, 0x87, 0xfc, 0xfa,
    0xf, 0xfe, 0x2d, 0xe4, 0x3f, 0xf8, 0x5f, 0x21,
    0xff, 0xc1, 0x7e, 0xf, 0xfe, 0x2d, 0xf4, 0x87,
    0xcd, 0xf4, 0x1f, 0xfc, 0x8b, 0xff, 0xf8, 0x30,
    0x7f, 0xf3, 0x1b, 0xfd, 0x44, 0x3f, 0xf8, 0x20,

    /* U+0037 "7" */
    0xbf, 0xff, 0xac, 0xdf, 0xff, 0xd6, 0x43, 0xff,
    0xa9, 0x78, 0x3f, 0xfa, 0xbe, 0x43, 0xff, 0xa8,
    0xf8, 0x3f, 0xfa, 0xbe, 0x83, 0xff, 0xab, 0xe0,
    0xff, 0xea, 0xde, 0xf, 0xfe, 0xaf, 0x90, 0xff,
    0xea, 0x5e, 0xf, 0xfe, 0xaf, 0x90, 0xff, 0xea,
    0x3e, 0xf, 0xfe, 0xaf, 0xa0, 0xff, 0xea, 0x3e,
    0xf, 0xfe, 0xad, 0xe0, 0xff, 0xea, 0xf9, 0xf,
    0xfe, 0xa5, 0xe0, 0xff, 0xea, 0xf9, 0xf, 0xfe,
    0xa3, 0xe0, 0xff, 0xea, 0xfa, 0xf, 0xfe, 0xa3,
    0xe0, 0xff, 0xea, 0xde, 0xf, 0xfe, 0xaf, 0x90,
    0xff, 0xea, 0x5e, 0xf, 0xfe, 0xaf, 0x90, 0xff,
    0xea, 0x3e, 0xf, 0xfe, 0xaf, 0xa0, 0xff, 0xea,
    0x3e, 0xf, 0xfe, 0xad, 0xe0, 0xff, 0xea, 0xf9,
    0xf, 0xfe, 0xa5, 0xe0, 0xff, 0xea, 0xfa, 0xf,
    0xfe, 0xa3, 0xe0, 0xff, 0xea, 0xfa, 0xf, 0xfe,
    0xa3, 0xe0, 0xff, 0xea, 0xde, 0xf, 0xfe, 0xaf,
    0x90, 0xff, 0xea, 0x5e, 0xf, 0xfe, 0xaf, 0xa0,
    0xff, 0xea, 0x3e, 0xf, 0xfe, 0xaf, 0xa0, 0xff,
    0xea, 0x3e, 0xf, 0xfe, 0xad, 0xe0, 0xff, 0xea,
    0xf9, 0xf, 0xfe, 0xa5, 0xe0, 0xff, 0xea, 0xfa,
    0xf, 0xfe, 0xa3, 0xe0, 0xff, 0xea, 0xfa, 0xf,
    0xfe, 0xa3, 0xe0, 0xff, 0xea, 0xde, 0xf, 0xfe,
    0xaf, 0x90, 0xff, 0xea, 0x5e, 0xf, 0xfe, 0xaf,
    0xa0, 0xff, 0xea, 0x3e, 0xf, 0xfe, 0xaf, 0xa0,
    0xff, 0xea, 0x3e, 0x43, 0xff, 0xa9, 0x78, 0x3f,
    0xfa, 0xbe, 0x43, 0xff, 0xa9, 0x78, 0x3f, 0xf9,
    0xa0,

    /* U+0038 "8" */
    0xf, 0xfe, 0x13, 0x7f, 0xd2, 0x1f, 0xfc, 0xeb,
    0xff, 0xf8, 0x30, 0x7f, 0xf2, 0xaf, 0xd2, 0x1c,
    0xdf, 0xa0, 0xff, 0xe3, 0xfd, 0x7, 0xff, 0x6,
    0xf8, 0x3f, 0xf8, 0x8f, 0xa0, 0xff, 0xe2, 0xfc,
    0x87, 0xff, 0x5, 0xf4, 0x1f, 0xfc, 0x7b, 0xc1,
    0xff, 0xc1, 0xf2, 0x1f, 0xfc, 0x9b, 0xc1, 0xff,
    0x7a, 0xf, 0xfe, 0x5f, 0xa0, 0xfe, 0x7c, 0x1f,
    0xfc, 0xdf, 0x7, 0xf7, 0x90, 0xff, 0xe6, 0xdc,
    0x1f, 0xbc, 0x1f, 0xfc, 0xff, 0x7, 0xcf, 0x83,
    0xff, 0x9f, 0xe4, 0x3d, 0x70, 0x7f, 0xf3, 0xee,
    0xf, 0x79, 0xf, 0xfe, 0x7d, 0xc1, 0xef, 0x21,
    0xff, 0xcf, 0xb8, 0x3d, 0xe4, 0x3f, 0xf9, 0xf7,
    0x7, 0xae, 0xf, 0xfe, 0x7d, 0xc1, 0xeb, 0xc1,
    0xff, 0xcf, 0xf2, 0x1e, 0x7c, 0x1f, 0xfc, 0xff,
    0x7, 0xef, 0x21, 0xff, 0xcd, 0xbc, 0x1f, 0x9f,
    0x7, 0xff, 0x37, 0xc8, 0x7f, 0x7a, 0xf, 0xfe,
    0x5d, 0xe0, 0xff, 0x3e, 0x43, 0xff, 0x93, 0x78,
    0x3f, 0xf8, 0xf, 0x90, 0xff, 0xe3, 0xde, 0x43,
    0xff, 0x83, 0x7a, 0xf, 0xfe, 0x2d, 0xe4, 0x3f,
    0xf8, 0x6f, 0xc8, 0x7f, 0xf0, 0x6f, 0x90, 0xff,
    0xe3, 0x7e, 0x90, 0xf2, 0xaf, 0xc1, 0xff, 0xc9,
    0x7f, 0xff, 0x86, 0x87, 0xff, 0x29, 0xff, 0xfe,
    0x1a, 0x1f, 0xfc, 0x8b, 0xf4, 0xa0, 0xe5, 0x5f,
    0x90, 0xff, 0xe2, 0x3f, 0x48, 0x7f, 0xf0, 0x5f,
    0xc1, 0xff, 0xc2, 0x7e, 0xf, 0xfe, 0x33, 0xf2,
    0x1f, 0xf5, 0xe4, 0x3f, 0xf9, 0x37, 0x90, 0xfe,
    0xbc, 0x87, 0xff, 0x2d, 0xf2, 0x1f, 0x3e, 0x43,
    0xff, 0x9a, 0xf9, 0xf, 0x79, 0xf, 0xfe, 0x7d,
    0xe0, 0xeb, 0x83, 0xff, 0xa3, 0xe8, 0x37, 0x83,
    0xff, 0xa4, 0xf8, 0x2b, 0x83, 0xff, 0xa7, 0xe8,
    0x1e, 0x43, 0xff, 0xa6, 0xf8, 0x7c, 0x1f, 0xfd,
    0x5f, 0xf, 0x83, 0xff, 0xab, 0xe6, 0xe0, 0xff,
    0xea, 0xdd, 0x38, 0x3f, 0xfa, 0xb7, 0x4e, 0xf,
    0xfe, 0xad, 0xd3, 0x83, 0xff, 0xab, 0x74, 0xe0,
    0xff, 0xea, 0xf9, 0x5e, 0xf, 0xfe, 0xaf, 0x81,
    0xe0, 0xff, 0xea, 0x3e, 0x5, 0xc1, 0xff, 0xd3,
    0xb8, 0xf, 0x83, 0xff, 0xa7, 0xe0, 0xde, 0x83,
    0xff, 0xa3, 0xe8, 0x3b, 0xc8, 0x7f, 0xf3, 0xdf,
    0x7, 0x9f, 0x7, 0xff, 0x39, 0xf2, 0x1f, 0x5e,
    0xf, 0xfe, 0x63, 0xe8, 0x3f, 0xaf, 0x21, 0xff,
    0xc9, 0xbd, 0x7, 0xfd, 0x7a, 0xf, 0xfe, 0x3f,
    0xc8, 0x7f, 0xf0, 0x5f, 0xa4, 0x3f, 0xf8, 0x2d,
    0xf2, 0x1f, 0xfc, 0x4b, 0xf4, 0xa0, 0xe5, 0x5f,
    0xa0, 0xff, 0xe4, 0x3f, 0xff, 0xc3, 0x43, 0xff,
    0x9a, 0xdf, 0xf4, 0x87, 0xff, 0x8,

    /* U+0039 "9" */
    0xf, 0xfe, 0xb, 0x7f, 0xa8, 0x1f, 0xfc, 0xdb,
    0xff, 0xf8, 0x30, 0x7f, 0xf2, 0x2f, 0xa4, 0x3e,
    0x6f, 0x90, 0xff, 0xe2, 0x3f, 0x21, 0xff, 0xc1,
    0xbe, 0xf, 0xfe, 0x15, 0xe4, 0x3f, 0xf8, 0xbf,
    0x7, 0xff, 0x2, 0xf0, 0x7f, 0xf2, 0x2f, 0x7,
    0xfa, 0xf0, 0x7f, 0xf2, 0x9f, 0x7, 0xe7, 0xc1,
    0xff, 0xcc, 0xbc, 0x1f, 0x79, 0xf, 0xfe, 0x6d,
    0xc1, 0xd7, 0x7, 0xff, 0x3f, 0xc1, 0xde, 0xf,
    0xfe, 0x85, 0xc1, 0x5c, 0x1f, 0xfd, 0x1f, 0x5,
    0xe0, 0xff, 0xe9, 0x5a, 0x3e, 0xf, 0xfe, 0x93,
    0xc3, 0xc1, 0xff, 0xd3, 0xf1, 0x68, 0x7f, 0xf4,
    0xfc, 0x79, 0xf, 0xfe, 0x9f, 0x8f, 0x21, 0xff,
    0xd3, 0xf3, 0xe4, 0x3f, 0xfa, 0x7e, 0x7c, 0x87,
    0xff, 0x4f, 0xcd, 0xa1, 0xff, 0xd3, 0xf3, 0x70,
    0x7f, 0xf4, 0xfc, 0x3e, 0xf, 0xfe, 0x93, 0xe0,
    0x78, 0x3f, 0xfa, 0x5e, 0x81, 0x70, 0x7f, 0xf4,
    0x7c, 0x1b, 0xc1, 0xff, 0xd0, 0xbc, 0x1a, 0xe0,
    0xff, 0xe7, 0xf9, 0xe, 0xf2, 0x1f, 0xfc, 0xdf,
    0x83, 0xcf, 0x83, 0xff, 0x99, 0x79, 0xf, 0xaf,
    0x7, 0xff, 0x2a, 0xf8, 0x3f, 0xaf, 0x21, 0xff,
    0xc7, 0xbe, 0xf, 0xfa, 0xf4, 0x1f, 0xfc, 0x5f,
    0xd0, 0x7f, 0xf0, 0x1f, 0x90, 0xff, 0xe0, 0xdf,
    0xc1, 0xff, 0xc3, 0xbe, 0x90, 0xf3, 0x7e, 0xbc,
    0x87, 0xff, 0x16, 0xff, 0xfe, 0xa, 0x7c, 0x1f,
    0xfc, 0x85, 0x5f, 0xd2, 0x13, 0xe0, 0xff, 0xeb,
    0x7a, 0xf, 0xfe, 0xad, 0xe0, 0xff, 0xeb, 0x79,
    0xf, 0xfe, 0xaf, 0xc1, 0xff, 0xd5, 0x7c, 0x1f,
    0xfd, 0x6f, 0x41, 0xff, 0xd5, 0xbc, 0x1f, 0xfd,
    0x6f, 0x21, 0xff, 0xd5, 0xf8, 0x3f, 0xfa, 0xaf,
    0x90, 0xff, 0xea, 0xfa, 0xf, 0xfe, 0xad, 0xe0,
    0xff, 0xeb, 0x79, 0xf, 0xfe, 0xaf, 0xc1, 0xff,
    0xd5, 0x7c, 0x87, 0xff, 0x57, 0xd0, 0x7f, 0xf5,
    0x6f, 0x7, 0xff, 0x5b, 0xc8, 0x7f, 0xf5, 0x7e,
    0xf, 0xfe, 0xab, 0xe4, 0x3f, 0xfa, 0xbe, 0x83,
    0xff, 0xab, 0x78, 0x3f, 0xfa, 0xde, 0x43, 0xff,
    0xab, 0x78, 0x3f, 0xf9, 0x40,

    /* U+003A ":" */
    0x7f, 0x87, 0xf8, 0x7f, 0x87, 0xf8, 0x7f, 0x80,
    0xbc, 0x1f, 0xff, 0xf0, 0xff, 0xff, 0x87, 0xff,
    0xc9, 0x78, 0x7f, 0x87, 0xf8, 0x7f, 0x87, 0xf8,
    0x7f, 0x80,

    /* U+003B ";" */
    0xe, 0x5e, 0xe, 0x7f, 0x83, 0x9f, 0xe0, 0xe7,
    0xf8, 0x39, 0xfe, 0xe, 0x7f, 0x83, 0xff, 0xfe,
    0x1f, 0xff, 0xf0, 0xff, 0xff, 0x87, 0xff, 0xfc,
    0x3f, 0xf9, 0xd7, 0x83, 0xf7, 0xc1, 0xfb, 0xe0,
    0xfd, 0xf0, 0x7e, 0xf8, 0x3e, 0x7d, 0x7, 0xcf,
    0x90, 0xfa, 0xf0, 0x7e, 0xf4, 0x1f, 0xbc, 0x87,
    0xcf, 0x83, 0xf7, 0xa0, 0xfd, 0xe0, 0xfd, 0x70,
    0x7e, 0xf0, 0x7e, 0xb8, 0x3f, 0x78, 0x3f, 0x58,
    0x7e, 0x74, 0x3f, 0x0,

    /* U+003C "<" */
    0xf, 0xff, 0xed, 0x87, 0xff, 0x5a, 0xf8, 0x3f,
    0xfa, 0x97, 0xd0, 0x7f, 0xf4, 0xef, 0xa0, 0xff,
    0xe9, 0xdf, 0x41, 0xff, 0xd3, 0xbe, 0x83, 0xff,
    0xa7, 0x7d, 0x7, 0xff, 0x4e, 0xfa, 0xf, 0xfe,
    0x9b, 0xf4, 0x1f, 0xfd, 0x37, 0xe8, 0x3f, 0xfa,
    0x6f, 0xd0, 0x7f, 0xf4, 0xdf, 0xa0, 0xff, 0xe9,
    0xbf, 0x90, 0xff, 0xe9, 0x3f, 0x90, 0xff, 0xe9,
    0x3f, 0x90, 0xff, 0xe9, 0x3f, 0x90, 0xff, 0xe9,
    0x3f, 0x90, 0xff, 0xe9, 0xdf, 0x21, 0xff, 0xd3,
    0x7e, 0x43, 0xff, 0xaa, 0xfc, 0x87, 0xff, 0x59,
    0xfc, 0x87, 0xff, 0x59, 0xfc, 0x87, 0xff, 0x59,
    0xfc, 0x87, 0xff, 0x59, 0xfc, 0x87, 0xff, 0x59,
    0xfc, 0x87, 0xff, 0x59, 0xfc, 0x87, 0xff, 0x59,
    0xfc, 0x87, 0xff, 0x59, 0xfc, 0x87, 0xff, 0x59,
    0xfc, 0x87, 0xff, 0x59, 0xfc, 0x87, 0xff, 0x59,
    0xfc, 0x87, 0xff, 0x59, 0xfc, 0x87, 0xff, 0x59,
    0xfc, 0x87, 0xff, 0x59, 0xfc, 0x87, 0xff, 0x59,
    0xfc, 0x87, 0xff, 0x59, 0xfc, 0x87, 0xff, 0x59,
    0xf8, 0x3f, 0xfb, 0xe, 0x1f, 0xfd, 0xb0,

    /* U+003D "=" */
    0x7f, 0xff, 0xb2, 0xff, 0xff, 0x62, 0xf, 0xff,
    0xf8, 0x7f, 0xff, 0xc3, 0xff, 0xfe, 0x1f, 0xff,
    0xf0, 0xff, 0xff, 0x87, 0xff, 0xfc, 0x3f, 0xff,
    0xe1, 0xff, 0xff, 0xf, 0xff, 0x13, 0x5f, 0xfd,
    0x97, 0xff, 0xfb, 0x20,

    /* U+003E ">" */
    0xf, 0xfe, 0xd3, 0xc1, 0xff, 0xd7, 0x7e, 0x83,
    0xff, 0xac, 0xfe, 0x83, 0xff, 0xac, 0xfe, 0x43,
    0xff, 0xac, 0xfe, 0x43, 0xff, 0xac, 0xfe, 0x43,
    0xff, 0xac, 0xfe, 0x43, 0xff, 0xac, 0xfe, 0x43,
    0xff, 0xac, 0xfe, 0x43, 0xff, 0xac, 0xfe, 0x43,
    0xff, 0xac, 0xfe, 0x43, 0xff, 0xac, 0xfe, 0x43,
    0xff, 0xac, 0xfe, 0x43, 0xff, 0xac, 0xfe, 0xf,
    0xfe, 0xbb, 0xf4, 0x1f, 0xfd, 0x7b, 0xe8, 0x3f,
    0xfa, 0xf7, 0xd0, 0x7f, 0xf5, 0xef, 0xa0, 0xff,
    0xeb, 0xdf, 0x7, 0xff, 0x5a, 0xf8, 0x3f, 0xfa,
    0x97, 0xd0, 0x7f, 0xf4, 0xef, 0xa0, 0xff, 0xe9,
    0xdf, 0x41, 0xff, 0xd3, 0xbe, 0x83, 0xff, 0xa7,
    0x7d, 0x7, 0xff, 0x4e, 0xfa, 0xf, 0xfe, 0x9d,
    0xf4, 0x1f, 0xfd, 0x3b, 0xe8, 0x3f, 0xfa, 0x77,
    0xd0, 0x7f, 0xf4, 0xef, 0xa0, 0xff, 0xe9, 0xdf,
    0x41, 0xff, 0xd3, 0xbe, 0x83, 0xff, 0xa7, 0x7d,
    0x7, 0xff, 0x4e, 0xfa, 0xf, 0xfe, 0x9d, 0xf4,
    0x1f, 0xfd, 0x3b, 0xe8, 0x3f, 0xfa, 0x8f, 0xa0,
    0xff, 0xeb, 0x30, 0x7f, 0xff, 0x80,

    /* U+003F "?" */
    0xf, 0xfe, 0x3, 0x7f, 0x48, 0x7f, 0xf1, 0xdf,
    0xff, 0xe0, 0x41, 0xff, 0xc4, 0xbe, 0x83, 0xcd,
    0xf2, 0x1f, 0xfc, 0x1f, 0x90, 0xff, 0xaf, 0x21,
    0xfe, 0x7d, 0x7, 0xff, 0x9, 0xf2, 0x1f, 0x9f,
    0x41, 0xff, 0xc4, 0x7c, 0x87, 0x9f, 0x21, 0xff,
    0xc6, 0x7c, 0x1e, 0xf4, 0x1f, 0xfc, 0x8b, 0x83,
    0x7a, 0xf, 0xfe, 0x57, 0x82, 0xbc, 0x1f, 0xfc,
    0xbb, 0x41, 0x61, 0xff, 0xcc, 0x7c, 0x1f, 0xfd,
    0x1f, 0x7, 0xff, 0x47, 0xc1, 0xff, 0xd1, 0xf0,
    0x7f, 0xf4, 0x7c, 0x1f, 0xfd, 0x1f, 0x7, 0xff,
    0x41, 0xf0, 0x7f, 0xf4, 0x2e, 0xf, 0xfe, 0x87,
    0x90, 0xff, 0xe7, 0xbe, 0xf, 0xfe, 0x87, 0xa0,
    0xff, 0xe7, 0xfc, 0x1f, 0xfc, 0xff, 0x83, 0xff,
    0x9f, 0xf0, 0x7f, 0xf3, 0xfe, 0xf, 0xfe, 0x73,
    0xe8, 0x3f, 0xf9, 0xcf, 0xa0, 0xff, 0xe7, 0x3e,
    0x43, 0xff, 0x9c, 0xf9, 0xf, 0xfe, 0x7f, 0x90,
    0xff, 0xe7, 0xdc, 0x1f, 0xfc, 0xf7, 0xc1, 0xff,
    0xd0, 0xf2, 0x1f, 0xfd, 0xf, 0x7, 0xff, 0x41,
    0xe0, 0xff, 0xe8, 0x79, 0xf, 0xfe, 0x87, 0x83,
    0xff, 0xa3, 0xe0, 0xff, 0xe8, 0xf8, 0x3f, 0xfa,
    0xf, 0x83, 0xff, 0xa0, 0xf0, 0x7f, 0xf4, 0x1e,
    0xf, 0xfe, 0x83, 0xc1, 0xff, 0xd0, 0x78, 0x3f,
    0xfa, 0xf, 0x7, 0xff, 0x41, 0xe0, 0xff, 0xe8,
    0x3c, 0x1f, 0xfd, 0x7, 0x83, 0xff, 0xa2, 0x87,
    0xff, 0xfc, 0x3f, 0xff, 0xe1, 0xff, 0xd5, 0x5e,
    0xf, 0xfe, 0x77, 0xf2, 0x1f, 0xfc, 0xdf, 0xe4,
    0x3f, 0xf9, 0xbf, 0xc8, 0x7f, 0xf3, 0x7f, 0x90,
    0xff, 0xe6, 0xff, 0x21, 0xff, 0xc1,

    /* U+0040 "@" */
    0xf, 0xfe, 0x7a, 0xaf, 0xfd, 0x28, 0x3f, 0xfc,
    0x2d, 0xff, 0xfc, 0x49, 0xf, 0xfe, 0xe5, 0xfa,
    0x50, 0x7e, 0x55, 0xf9, 0xf, 0xfe, 0xc5, 0xf4,
    0x1f, 0xfc, 0x56, 0xf9, 0xf, 0xfe, 0xa5, 0xf2,
    0x1f, 0xfc, 0xab, 0xe0, 0xff, 0xe8, 0xbf, 0x21,
    0xff, 0xce, 0xf9, 0xf, 0xfe, 0x75, 0xe8, 0x3f,
    0xfa, 0x2f, 0xa0, 0xff, 0xe6, 0x7c, 0x1f, 0xfd,
    0x47, 0xd0, 0x7f, 0xf2, 0xbd, 0x7, 0xff, 0x5f,
    0xd0, 0x7f, 0xf2, 0x3d, 0x7, 0xff, 0x67, 0xd0,
    0x7f, 0xf1, 0xbc, 0x87, 0xff, 0x6f, 0xc8, 0x7f,
    0xf1, 0x3c, 0x87, 0xff, 0x71, 0xf0, 0x7f, 0xf0,
    0xfd, 0x7, 0xff, 0x7a, 0xf0, 0x7f, 0xf0, 0x6e,
    0xf, 0xff, 0x7, 0x90, 0xff, 0x9f, 0x7, 0xff,
    0x85, 0xf0, 0x7f, 0xde, 0xf, 0xff, 0x1f, 0x90,
    0xfe, 0xf2, 0x1f, 0xfe, 0x37, 0xc1, 0xf9, 0xf0,
    0x7f, 0xf9, 0x7c, 0x87, 0xde, 0x43, 0xff, 0x8e,
    0xdf, 0xd2, 0x1f, 0xfc, 0x97, 0x83, 0xd7, 0x7,
    0xff, 0x15, 0xff, 0xfe, 0x2, 0x1e, 0x7c, 0x1f,
    0xf7, 0x83, 0xde, 0xf, 0xfe, 0x2f, 0xe4, 0x3c,
    0xfd, 0x7, 0x3c, 0x1f, 0xf5, 0xa1, 0x9e, 0xf,
    0xfe, 0x1b, 0xf2, 0x1f, 0xe7, 0xd0, 0x6b, 0x43,
    0xfe, 0x78, 0x37, 0x90, 0xff, 0xe1, 0x3e, 0x43,
    0xff, 0x85, 0xe8, 0x2f, 0x7, 0xff, 0x7, 0xc1,
    0x3e, 0xf, 0xfe, 0x13, 0xe4, 0x3f, 0xf8, 0x9e,
    0x41, 0xe0, 0xff, 0xe0, 0xf8, 0x2b, 0x83, 0xff,
    0x82, 0xf8, 0x3f, 0xf8, 0xcf, 0x87, 0x83, 0xff,
    0x83, 0xe0, 0xbc, 0x1f, 0xfc, 0x2f, 0x21, 0xff,
    0xc7, 0xf3, 0x68, 0x7f, 0xf0, 0x7c, 0x83, 0xc1,
    0xff, 0xc1, 0xb8, 0x3f, 0xf9, 0xf, 0x78, 0x3f,
    0xf8, 0x56, 0x8f, 0x7, 0xff, 0x7, 0xc1, 0xff,
    0xca, 0xfc, 0x1f, 0xfc, 0x2b, 0x4b, 0x43, 0xff,
    0x81, 0x68, 0x7f, 0xf2, 0xbf, 0x7, 0xff, 0xa,
    0xd3, 0xc1, 0xff, 0xc1, 0xf0, 0x7f, 0xf2, 0xef,
    0x41, 0xff, 0xc2, 0xb4, 0xf0, 0x7f, 0xf0, 0x1e,
    0xf, 0xfe, 0x5d, 0xe4, 0x3f, 0xf8, 0x56, 0x9e,
    0xf, 0xfe, 0x5, 0xa1, 0xff, 0xcb, 0xbc, 0x1f,
    0xfc, 0x3f, 0x2b, 0xc1, 0xff, 0xc0, 0xf0, 0x7f,
    0xf3, 0x2f, 0x7, 0xff, 0xf, 0xc3, 0xc1, 0xff,
    0xc0, 0xf0, 0x7f, 0xf3, 0x3d, 0x7, 0xff, 0xf,
    0xc3, 0xc1, 0xff, 0xc0, 0xf0, 0x7f, 0xf3, 0x3c,
    0x87, 0xff, 0x9, 0xf0, 0xf0, 0x7f, 0xf0, 0x3c,
    0x1f, 0xfc, 0xb7, 0xc1, 0xff, 0xc3, 0xb8, 0x78,
    0x3f, 0xf8, 0x1e, 0xf, 0xfe, 0x5d, 0xe0, 0xff,
    0xe1, 0xf8, 0xf, 0x7, 0xff, 0x3, 0xc1, 0xff,
    0xcb, 0xf8, 0x3f, 0xf8, 0x7e, 0x3, 0xc1, 0xff,
    0xc0, 0xf0, 0x7f, 0xf2, 0x9f, 0x41, 0xff, 0xc2,
    0xb8, 0x2f, 0x7, 0xff, 0x2, 0xd0, 0xff, 0xe4,
    0xfc, 0x87, 0xff, 0xb, 0xc1, 0xbc, 0x1f, 0xfc,
    0x7, 0xc1, 0xff, 0xc8, 0x7e, 0xf, 0xfe, 0x15,
    0xc1, 0xbc, 0x1f, 0xfc, 0x1f, 0x7, 0xff, 0x23,
    0xf0, 0x7f, 0xf0, 0xbc, 0x1d, 0xe4, 0x3f, 0xf8,
    0xf, 0x83, 0xff, 0x8d, 0xfa, 0xf, 0xfe, 0xf,
    0xa0, 0xeb, 0x83, 0xff, 0x83, 0xe4, 0x3f, 0xf8,
    0x9e, 0xa7, 0x7, 0xff, 0x1, 0xf0, 0x79, 0xf0,
    0x7f, 0xf0, 0xbc, 0x87, 0xff, 0x5, 0xf4, 0x3c,
    0x1f, 0xf3, 0xe0, 0xfd, 0xe0, 0xff, 0xe1, 0x3e,
    0x83, 0xfe, 0xbd, 0x5, 0xe0, 0xff, 0x3e, 0x43,
    0xf5, 0xa1, 0xff, 0xc3, 0xfa, 0x43, 0x9b, 0xe4,
    0x35, 0xc1, 0xfa, 0xf2, 0x1f, 0xcf, 0x83, 0xff,
    0x89, 0x7f, 0xfd, 0x7, 0xdf, 0x21, 0x9f, 0x90,
    0xff, 0xbc, 0x1f, 0xfc, 0x66, 0xfe, 0x90, 0xff,
    0x5f, 0xfc, 0x1f, 0xfc, 0x17, 0x83, 0xff, 0xb5,
    0x7e, 0x83, 0xff, 0x89, 0xe0, 0xff, 0xf8, 0x3c,
    0x1f, 0xff, 0xf, 0x21, 0xff, 0xf0, 0xf0, 0x7f,
    0xfc, 0x2e, 0xf, 0xff, 0x87, 0xa0, 0xff, 0xf8,
    0x79, 0xf, 0xff, 0x87, 0x90, 0xff, 0xf7, 0xbe,
    0x43, 0xff, 0xe1, 0xe8, 0x3f, 0xfe, 0x1f, 0x7,
    0xff, 0x51, 0x83, 0xff, 0x9d, 0x7a, 0xf, 0xfe,
    0x83, 0xf0, 0x7f, 0xf3, 0xdf, 0xa0, 0xff, 0xe6,
    0x3f, 0x90, 0xff, 0xe8, 0xdf, 0x48, 0x7f, 0xf1,
    0x9b, 0xf2, 0x1f, 0xfd, 0x5b, 0xf4, 0xa0, 0xfe,
    0x55, 0xfd, 0x21, 0xff, 0xd9, 0x6f, 0xff, 0xe3,
    0x48, 0x7f, 0xf8, 0x1a, 0x7f, 0xd4, 0x50, 0x7f,
    0xf3, 0x0,

    /* U+0041 "A" */
    0xf, 0xfe, 0x5b, 0xc1, 0xff, 0xe3, 0xf8, 0x3f,
    0xfc, 0x7f, 0x41, 0xff, 0xe1, 0xbb, 0xc1, 0xff,
    0xe1, 0xf1, 0xe4, 0x3f, 0xfb, 0xef, 0x87, 0xc1,
    0xff, 0xdf, 0xf2, 0xf, 0x7, 0xff, 0x7f, 0xc1,
    0x5c, 0x1f, 0xfd, 0xdb, 0x83, 0x78, 0x3f, 0xfb,
    0xbe, 0xe, 0xf2, 0x1f, 0xfd, 0xb7, 0x83, 0x9f,
    0x7, 0xff, 0x6f, 0xc8, 0x7b, 0xc1, 0xff, 0xdb,
    0xf0, 0x7d, 0x70, 0x7f, 0xf6, 0x6e, 0xf, 0xde,
    0xf, 0xfe, 0xcf, 0x83, 0xfb, 0xc8, 0x7f, 0xf5,
    0xde, 0xf, 0xe7, 0xc1, 0xff, 0xd7, 0xf2, 0x1f,
    0xef, 0x7, 0xff, 0x5f, 0xc1, 0xff, 0x5c, 0x1f,
    0xfd, 0x5b, 0x83, 0xff, 0x81, 0xe0, 0xff, 0xea,
    0xf8, 0x3f, 0xf8, 0x3e, 0x43, 0xff, 0xa6, 0xf0,
    0x7f, 0xf0, 0x5f, 0x7, 0xff, 0x4f, 0xc8, 0x7f,
    0xf0, 0xbc, 0x1f, 0xfd, 0x3f, 0x7, 0xff, 0xe,
    0xe0, 0xff, 0xe8, 0xdc, 0x1f, 0xfc, 0x4f, 0x7,
    0xff, 0x47, 0xc1, 0xff, 0xc5, 0xf2, 0x1f, 0xfc,
    0xf7, 0x83, 0xff, 0x8a, 0xf8, 0x3f, 0xf9, 0xfe,
    0x43, 0xff, 0x8d, 0xe0, 0xff, 0xe7, 0x3e, 0xf,
    0xfe, 0x3d, 0xc1, 0xff, 0xcd, 0xb8, 0x3f, 0xf9,
    0x1e, 0xf, 0xfe, 0x6f, 0x83, 0xff, 0x93, 0xe4,
    0x3f, 0xf9, 0x6f, 0x7, 0xff, 0x25, 0xf0, 0x7f,
    0xf2, 0xfc, 0x87, 0xff, 0x2b, 0xc1, 0xff, 0xca,
    0x7c, 0x1f, 0xfc, 0xbb, 0x83, 0xff, 0x93, 0x70,
    0x7f, 0xf3, 0x3c, 0x1f, 0xfc, 0x9f, 0x7, 0xff,
    0x37, 0xc8, 0x7f, 0xf1, 0xde, 0xf, 0xfe, 0x6b,
    0xe0, 0xff, 0xe3, 0xff, 0xff, 0x4c, 0x3f, 0xf8,
    0xcf, 0xff, 0xf4, 0xe0, 0xff, 0xe2, 0xdc, 0x1f,
    0xfd, 0xf, 0x7, 0xff, 0x17, 0xc1, 0xff, 0xd1,
    0xf2, 0x1f, 0xfc, 0x37, 0x83, 0xff, 0xa2, 0xf8,
    0x3f, 0xf8, 0x7e, 0x43, 0xff, 0xa5, 0xe0, 0xff,
    0xe1, 0x3e, 0xf, 0xfe, 0x9d, 0xc1, 0xff, 0xc1,
    0xb8, 0x3f, 0xfa, 0x9e, 0xf, 0xfe, 0xf, 0x83,
    0xff, 0xab, 0xe4, 0x3f, 0xeb, 0x83, 0xff, 0xaa,
    0xf8, 0x3f, 0xef, 0x21, 0xff, 0xd6, 0xf0, 0x7f,
    0x9f, 0x7, 0xff, 0x5e, 0xe0, 0xfe, 0xb8, 0x3f,
    0xfb, 0x1e, 0xf, 0xef, 0x7, 0xff, 0x67, 0xc8,
    0x7d, 0x70, 0x7f, 0xf6, 0x5f, 0x7, 0xde, 0x43,
    0xff, 0xb5, 0xe0, 0xf3, 0xe0, 0xff, 0xed, 0xdc,
    0x1d, 0x70, 0x7f, 0xf7, 0x3c, 0x1d, 0xe0, 0xff,
    0xee, 0xf9, 0xa, 0xe0, 0xff, 0xee, 0xbe, 0xb,
    0xc8, 0x7f, 0xf7, 0xbc, 0x7, 0xc1, 0xff, 0xdf,
    0xb8, 0xb4, 0x3f, 0xfc, 0x1e, 0xf, 0xff, 0x38,

    /* U+0042 "B" */
    0x7f, 0xff, 0x91, 0x21, 0xff, 0xc2, 0x7f, 0xff,
    0x97, 0x7, 0xff, 0x1, 0xf0, 0x7f, 0xf1, 0x9b,
    0xe4, 0x3f, 0xcf, 0x83, 0xff, 0x93, 0x7c, 0x1f,
    0xcf, 0x83, 0xff, 0x97, 0xf0, 0x7e, 0x7c, 0x1f,
    0xfc, 0xcb, 0xc1, 0xf3, 0xe0, 0xff, 0xe6, 0xdc,
    0x1e, 0x7c, 0x1f, 0xfc, 0xef, 0x21, 0xcf, 0x83,
    0xff, 0x9c, 0xf8, 0x39, 0xf0, 0x7f, 0xf3, 0xfc,
    0x86, 0x7c, 0x1f, 0xfc, 0xf7, 0x83, 0x3e, 0xf,
    0xfe, 0x87, 0x83, 0x3e, 0xf, 0xfe, 0x87, 0x83,
    0x3e, 0xf, 0xfe, 0x87, 0x90, 0x9f, 0x7, 0xff,
    0x42, 0xd0, 0x9f, 0x7, 0xff, 0x43, 0xc8, 0x4f,
    0x83, 0xff, 0xa1, 0xe0, 0xcf, 0x83, 0xff, 0xa1,
    0xe0, 0xcf, 0x83, 0xff, 0x9e, 0xf8, 0x33, 0xe0,
    0xff, 0xe7, 0xdc, 0x19, 0xf0, 0x7f, 0xf3, 0xfc,
    0x1c, 0xf8, 0x3f, 0xf9, 0xd7, 0x7, 0x3e, 0xf,
    0xfe, 0x6d, 0xe0, 0xf3, 0xe0, 0xff, 0xe6, 0x5e,
    0xf, 0x9f, 0x7, 0xff, 0x2e, 0xf2, 0x1f, 0x3e,
    0xf, 0xfe, 0x4b, 0xf0, 0x7f, 0x3e, 0xf, 0xfe,
    0x33, 0x7d, 0x7, 0xf9, 0xff, 0xfe, 0x60, 0x7f,
    0xf0, 0x1f, 0xff, 0xe6, 0xa1, 0xfe, 0x7c, 0x1f,
    0xfc, 0x87, 0xf2, 0x1f, 0x9f, 0x7, 0xff, 0x2e,
    0xf4, 0x1f, 0x3e, 0xf, 0xfe, 0x6f, 0xc1, 0xe7,
    0xc1, 0xff, 0xce, 0xbc, 0x1c, 0xf8, 0x3f, 0xf9,
    0xf7, 0x83, 0x3e, 0xf, 0xfe, 0x85, 0xe0, 0x9f,
    0x7, 0xff, 0x47, 0xc8, 0x1f, 0x7, 0xff, 0x4b,
    0xc0, 0x7c, 0x1f, 0xfd, 0x2b, 0x47, 0xc1, 0xff,
    0xd2, 0x7c, 0x3e, 0xf, 0xfe, 0x9f, 0x87, 0xc1,
    0xff, 0xd3, 0xb5, 0x78, 0x3f, 0xfa, 0x76, 0xaf,
    0x7, 0xff, 0x4e, 0xe7, 0xc1, 0xff, 0xd3, 0xb9,
    0xf0, 0x7f, 0xf4, 0xed, 0x5e, 0xf, 0xfe, 0x9f,
    0x95, 0xe0, 0xff, 0xe9, 0xf8, 0x7c, 0x1f, 0xfd,
    0x27, 0xc3, 0xe0, 0xff, 0xe9, 0x79, 0x1f, 0x7,
    0xff, 0x45, 0xf0, 0x1f, 0x7, 0xff, 0x47, 0xc8,
    0x1f, 0x7, 0xff, 0x43, 0xd0, 0x4f, 0x83, 0xff,
    0x9f, 0x78, 0x33, 0xe0, 0xff, 0xe7, 0x5e, 0xe,
    0x7c, 0x1f, 0xfc, 0xc7, 0xe0, 0xf3, 0xe0, 0xff,
    0xe5, 0xde, 0x83, 0xe7, 0xc1, 0xff, 0xc7, 0x6f,
    0xc8, 0x7e, 0x7f, 0xff, 0x9a, 0x87, 0xf9, 0xff,
    0xfe, 0x4c, 0x87, 0xff, 0x4,

    /* U+0043 "C" */
    0xf, 0xfe, 0x5b, 0x4f, 0xfd, 0x28, 0x3f, 0xfb,
    0x37, 0xff, 0xf1, 0x90, 0xff, 0xe9, 0xbf, 0xd2,
    0x83, 0xf2, 0xaf, 0xd0, 0x7f, 0xf3, 0xdf, 0xd2,
    0x1f, 0xfc, 0x5b, 0xe8, 0x3f, 0xf9, 0x97, 0xc8,
    0x7f, 0xf2, 0x9f, 0xa0, 0xff, 0xe4, 0x3f, 0x41,
    0xff, 0xce, 0x7e, 0xf, 0xfe, 0x35, 0xf0, 0x7f,
    0xf4, 0xbe, 0x43, 0xff, 0x87, 0x7a, 0xf, 0xfe,
    0xa5, 0xe8, 0x3f, 0xf8, 0x37, 0x90, 0xff, 0xeb,
    0x3e, 0x83, 0xfe, 0xbc, 0x1f, 0xfd, 0x97, 0xc8,
    0x7f, 0x5e, 0xf, 0xfe, 0xdb, 0xe4, 0x3e, 0x7c,
    0x87, 0xff, 0x71, 0xf0, 0x7d, 0xe8, 0x3f, 0xfb,
    0xd6, 0x87, 0x7c, 0x1f, 0xfe, 0x67, 0xc1, 0xff,
    0xe7, 0xf2, 0x1f, 0xfe, 0x67, 0xc1, 0xff, 0xe7,
    0xf2, 0x1f, 0xfe, 0x67, 0xc1, 0xff, 0xe7, 0xb8,
    0x3f, 0xfc, 0xfe, 0xf, 0xff, 0x3b, 0xe0, 0xff,
    0xf3, 0xdc, 0x1f, 0xfe, 0x7f, 0x21, 0xff, 0xe7,
    0xf0, 0x7f, 0xf9, 0xdf, 0x7, 0xff, 0x9d, 0xf0,
    0x7f, 0xf9, 0xee, 0xf, 0xff, 0x3d, 0xc1, 0xff,
    0xe7, 0xb8, 0x3f, 0xfc, 0xf7, 0x7, 0xff, 0x9e,
    0xe0, 0xff, 0xf3, 0xdc, 0x1f, 0xfe, 0x77, 0xc1,
    0xff, 0xe7, 0x7c, 0x1f, 0xfe, 0x8f, 0x7, 0xff,
    0xa3, 0xc1, 0xff, 0xe8, 0xf2, 0x1f, 0xfe, 0x7b,
    0x83, 0xff, 0xce, 0xf8, 0x3f, 0xfd, 0x1e, 0x43,
    0xff, 0xcf, 0x70, 0x7f, 0xf9, 0xdf, 0x7, 0xff,
    0xa3, 0xd0, 0x7f, 0xf9, 0xdf, 0x7, 0xff, 0xa3,
    0xd0, 0x7f, 0xf9, 0xdf, 0x7, 0xff, 0xa2, 0xf0,
    0x7f, 0xfa, 0x3d, 0x7, 0xff, 0x7a, 0xc3, 0xf7,
    0x90, 0xff, 0xee, 0x3e, 0xf, 0xcf, 0x90, 0xff,
    0xed, 0x3e, 0x43, 0xfa, 0xf2, 0x1f, 0xfd, 0x87,
    0xd0, 0x7f, 0xd7, 0x90, 0xff, 0xeb, 0x3e, 0x83,
    0xff, 0x83, 0x7a, 0xf, 0xfe, 0xa5, 0xe8, 0x3f,
    0xf8, 0x6f, 0xc1, 0xff, 0xd2, 0xf9, 0xf, 0xfe,
    0x37, 0xd0, 0x7f, 0xf3, 0xaf, 0x83, 0xff, 0x93,
    0x7d, 0x7, 0xff, 0x2a, 0xf9, 0xf, 0xfe, 0x65,
    0xf4, 0x87, 0xff, 0x11, 0xbe, 0x83, 0xff, 0xa1,
    0x7f, 0x4a, 0xf, 0x9b, 0xfa, 0xf, 0xfe, 0xa3,
    0xff, 0xfc, 0x59, 0xf, 0xfe, 0xca, 0xaf, 0xfa,
    0x88, 0x7f, 0xf1, 0x80,

    /* U+0044 "D" */
    0x7f, 0xff, 0x93, 0x28, 0x3f, 0xf9, 0x2f, 0xff,
    0xf3, 0x64, 0x3f, 0xf8, 0xcf, 0x83, 0xff, 0x8e,
    0xab, 0xf2, 0x1f, 0xfc, 0x47, 0xc1, 0xff, 0xcb,
    0x6f, 0x90, 0xff, 0xe1, 0x3e, 0xf, 0xfe, 0x75,
    0xe8, 0x3f, 0xf8, 0x2f, 0x83, 0xff, 0xa1, 0xf0,
    0x7f, 0xf0, 0x1f, 0x7, 0xff, 0x46, 0xf2, 0x1f,
    0xe7, 0xc1, 0xff, 0xd2, 0x7c, 0x87, 0xf3, 0xe0,
    0xff, 0xe9, 0xbe, 0x43, 0xf3, 0xe0, 0xff, 0xea,
    0x3e, 0xf, 0xcf, 0x83, 0xff, 0xaa, 0xf8, 0x3e,
    0x7c, 0x1f, 0xfd, 0x6b, 0x83, 0xcf, 0x83, 0xff,
    0xaf, 0xe4, 0x39, 0xf0, 0x7f, 0xf5, 0xdf, 0x7,
    0x3e, 0xf, 0xfe, 0xc7, 0x90, 0xcf, 0x83, 0xff,
    0xb3, 0xe0, 0xcf, 0x83, 0xff, 0xb3, 0xe4, 0x27,
    0xc1, 0xff, 0xd9, 0x7c, 0x13, 0xe0, 0xff, 0xed,
    0x78, 0x27, 0xc1, 0xff, 0xda, 0xb8, 0xf, 0x83,
    0xff, 0xb4, 0xf8, 0xf, 0x83, 0xff, 0xb7, 0xe0,
    0x3e, 0xf, 0xfe, 0xdf, 0x91, 0xf0, 0x7f, 0xf6,
    0xee, 0x1f, 0x7, 0xff, 0x6d, 0xe1, 0xf0, 0x7f,
    0xf6, 0xdf, 0xf, 0x83, 0xff, 0xb9, 0xe1, 0xf0,
    0x7f, 0xf7, 0x3c, 0x3e, 0xf, 0xfe, 0xe7, 0x87,
    0xc1, 0xff, 0xdc, 0xf0, 0xf8, 0x3f, 0xfb, 0x9e,
    0x1f, 0x7, 0xff, 0x73, 0xc3, 0xe0, 0xff, 0xee,
    0x78, 0x7c, 0x1f, 0xfd, 0xb7, 0xc3, 0xe0, 0xff,
    0xed, 0xbc, 0x3e, 0xf, 0xfe, 0xdd, 0xc3, 0xe0,
    0xff, 0xed, 0xf9, 0x1f, 0x7, 0xff, 0x6f, 0xc0,
    0x7c, 0x1f, 0xfd, 0xa7, 0xc0, 0x7c, 0x1f, 0xfd,
    0xab, 0x40, 0xf8, 0x3f, 0xfb, 0x5e, 0x9, 0xf0,
    0x7f, 0xf6, 0x5f, 0x4, 0xf8, 0x3f, 0xfb, 0x3e,
    0x42, 0x7c, 0x1f, 0xfd, 0x87, 0xc1, 0x9f, 0x7,
    0xff, 0x63, 0xc8, 0x67, 0xc1, 0xff, 0xd7, 0x7c,
    0x1c, 0xf8, 0x3f, 0xfa, 0xfe, 0x43, 0x9f, 0x7,
    0xff, 0x5a, 0xe0, 0xf3, 0xe0, 0xff, 0xea, 0xde,
    0xf, 0x9f, 0x7, 0xff, 0x51, 0xf0, 0x7e, 0x7c,
    0x1f, 0xfd, 0x37, 0xc8, 0x7e, 0x7c, 0x1f, 0xfd,
    0x27, 0xc8, 0x7f, 0x3e, 0xf, 0xfe, 0x8d, 0xe4,
    0x3f, 0xcf, 0x83, 0xff, 0x9e, 0xfc, 0x1f, 0xfc,
    0x7, 0xc1, 0xff, 0xce, 0xbd, 0x7, 0xff, 0x5,
    0xf0, 0x7f, 0xf2, 0xdb, 0xe4, 0x3f, 0xf8, 0x4f,
    0x83, 0xff, 0x8e, 0xab, 0xf2, 0x1f, 0xfc, 0x47,
    0xff, 0xf9, 0xb2, 0x1f, 0xfc, 0x67, 0xff, 0xf9,
    0x32, 0x83, 0xff, 0x92,

    /* U+0045 "E" */
    0x7f, 0xff, 0xaa, 0x3f, 0xff, 0xd5, 0x1f, 0x7,
    0xff, 0x51, 0xf0, 0x7f, 0xf5, 0x1f, 0x7, 0xff,
    0x51, 0xf0, 0x7f, 0xf5, 0x1f, 0x7, 0xff, 0x51,
    0xf0, 0x7f, 0xf5, 0x1f, 0x7, 0xff, 0x51, 0xf0,
    0x7f, 0xf5, 0x1f, 0x7, 0xff, 0x51, 0xf0, 0x7f,
    0xf5, 0x1f, 0x7, 0xff, 0x51, 0xf0, 0x7f, 0xf5,
    0x1f, 0x7, 0xff, 0x51, 0xf0, 0x7f, 0xf5, 0x1f,
    0x7, 0xff, 0x51, 0xf0, 0x7f, 0xf5, 0x1f, 0x7,
    0xff, 0x51, 0xf0, 0x7f, 0xf5, 0x1f, 0x7, 0xff,
    0x51, 0xf0, 0x7f, 0xf5, 0x1f, 0x7, 0xff, 0x51,
    0xf0, 0x7f, 0xf5, 0x1f, 0x7, 0xff, 0x51, 0xf0,
    0x7f, 0xf5, 0x1f, 0x7, 0xff, 0x51, 0xf0, 0x7f,
    0xf5, 0x1f, 0xff, 0xe9, 0x21, 0x3f, 0xff, 0xd2,
    0x82, 0x7c, 0x1f, 0xfd, 0x47, 0xc1, 0xff, 0xd4,
    0x7c, 0x1f, 0xfd, 0x47, 0xc1, 0xff, 0xd4, 0x7c,
    0x1f, 0xfd, 0x47, 0xc1, 0xff, 0xd4, 0x7c, 0x1f,
    0xfd, 0x47, 0xc1, 0xff, 0xd4, 0x7c, 0x1f, 0xfd,
    0x47, 0xc1, 0xff, 0xd4, 0x7c, 0x1f, 0xfd, 0x47,
    0xc1, 0xff, 0xd4, 0x7c, 0x1f, 0xfd, 0x47, 0xc1,
    0xff, 0xd4, 0x7c, 0x1f, 0xfd, 0x47, 0xc1, 0xff,
    0xd4, 0x7c, 0x1f, 0xfd, 0x47, 0xc1, 0xff, 0xd4,
    0x7c, 0x1f, 0xfd, 0x47, 0xc1, 0xff, 0xd4, 0x7c,
    0x1f, 0xfd, 0x47, 0xc1, 0xff, 0xd4, 0x7c, 0x1f,
    0xfd, 0x47, 0xc1, 0xff, 0xd4, 0x7c, 0x1f, 0xfd,
    0x47, 0xc1, 0xff, 0xd4, 0x7c, 0x1f, 0xfd, 0x47,
    0xff, 0xfa, 0xa3, 0xff, 0xfd, 0x50,

    /* U+0046 "F" */
    0x7f, 0xff, 0xaa, 0xaf, 0xff, 0xea, 0xab, 0xc1,
    0xff, 0xd4, 0x7c, 0x1f, 0xfd, 0x47, 0xc1, 0xff,
    0xd4, 0x7c, 0x1f, 0xfd, 0x47, 0xc1, 0xff, 0xd4,
    0x7c, 0x1f, 0xfd, 0x47, 0xc1, 0xff, 0xd4, 0x7c,
    0x1f, 0xfd, 0x47, 0xc1, 0xff, 0xd4, 0x7c, 0x1f,
    0xfd, 0x47, 0xc1, 0xff, 0xd4, 0x7c, 0x1f, 0xfd,
    0x47, 0xc1, 0xff, 0xd4, 0x7c, 0x1f, 0xfd, 0x47,
    0xc1, 0xff, 0xd4, 0x7c, 0x1f, 0xfd, 0x47, 0xc1,
    0xff, 0xd4, 0x7c, 0x1f, 0xfd, 0x47, 0xc1, 0xff,
    0xd4, 0x7c, 0x1f, 0xfd, 0x47, 0xc1, 0xff, 0xd4,
    0x7c, 0x1f, 0xfd, 0x47, 0xc1, 0xff, 0xd4, 0x7c,
    0x1f, 0xfd, 0x47, 0xc1, 0xff, 0xd4, 0x7c, 0x1f,
    0xfd, 0x47, 0xff, 0xfa, 0x48, 0x4f, 0xff, 0xf4,
    0xa0, 0x9f, 0x7, 0xff, 0x51, 0xf0, 0x7f, 0xf5,
    0x1f, 0x7, 0xff, 0x51, 0xf0, 0x7f, 0xf5, 0x1f,
    0x7, 0xff, 0x51, 0xf0, 0x7f, 0xf5, 0x1f, 0x7,
    0xff, 0x51, 0xf0, 0x7f, 0xf5, 0x1f, 0x7, 0xff,
    0x51, 0xf0, 0x7f, 0xf5, 0x1f, 0x7, 0xff, 0x51,
    0xf0, 0x7f, 0xf5, 0x1f, 0x7, 0xff, 0x51, 0xf0,
    0x7f, 0xf5, 0x1f, 0x7, 0xff, 0x51, 0xf0, 0x7f,
    0xf5, 0x1f, 0x7, 0xff, 0x51, 0xf0, 0x7f, 0xf5,
    0x1f, 0x7, 0xff, 0x51, 0xf0, 0x7f, 0xf5, 0x1f,
    0x7, 0xff, 0x51, 0xf0, 0x7f, 0xf5, 0x1f, 0x7,
    0xff, 0x51, 0xf0, 0x7f, 0xf5, 0x1f, 0x7, 0xff,
    0x51, 0xf0, 0x7f, 0xf5, 0x1f, 0x7, 0xff, 0x51,
    0xf0, 0x7f, 0xf5, 0x68, 0x1f, 0xfd, 0x40,

    /* U+0047 "G" */
    0xf, 0xfe, 0x5a, 0xaf, 0xfd, 0x44, 0x3f, 0xfb,
    0xcf, 0xff, 0xf1, 0xa0, 0xff, 0xec, 0xdf, 0xa5,
    0x7, 0xf3, 0x7f, 0x21, 0xff, 0xd4, 0xbe, 0x83,
    0xff, 0x8d, 0x7e, 0x43, 0xff, 0xa1, 0x7c, 0x87,
    0xff, 0x29, 0xfa, 0xf, 0xfe, 0x77, 0xc8, 0x7f,
    0xf3, 0x9f, 0x90, 0xff, 0xe5, 0x3e, 0x83, 0xff,
    0xa5, 0x7a, 0xf, 0xfe, 0x45, 0xe4, 0x3f, 0xfa,
    0x8f, 0xa0, 0xff, 0xe3, 0x5e, 0x43, 0xff, 0xaf,
    0xe8, 0x3f, 0xf8, 0x97, 0x83, 0xff, 0xb5, 0xe8,
    0x3f, 0xf8, 0x4f, 0x83, 0xff, 0xb9, 0xe8, 0x3f,
    0xf8, 0x3e, 0x43, 0xff, 0xbb, 0xe4, 0x3f, 0xef,
    0x21, 0xff, 0xde, 0x74, 0x3f, 0xd7, 0x7, 0xff,
    0xb3, 0xc1, 0xff, 0xec, 0xf2, 0x1f, 0xfe, 0xb7,
    0xc1, 0xff, 0xec, 0xf2, 0x1f, 0xfe, 0xcf, 0x7,
    0xff, 0xb2, 0xe0, 0xff, 0xf6, 0x78, 0x3f, 0xfd,
    0x8f, 0x83, 0xff, 0xd9, 0x70, 0x7f, 0xfb, 0x3c,
    0x87, 0xff, 0xb3, 0xc1, 0xff, 0xed, 0xf0, 0x7f,
    0xfb, 0x1f, 0x7, 0xff, 0xb1, 0xe0, 0xff, 0xf6,
    0x5c, 0x1f, 0xfe, 0xcb, 0x83, 0xff, 0xd9, 0x70,
    0x7f, 0xf4, 0x3f, 0xff, 0x9f, 0x4e, 0xf, 0xfe,
    0x87, 0xff, 0xf3, 0xe7, 0x83, 0xff, 0xd2, 0xf3,
    0xc1, 0xff, 0xe9, 0x79, 0xf0, 0x7f, 0xfa, 0x6d,
    0x3c, 0x1f, 0xfe, 0x9b, 0x4f, 0x7, 0xff, 0xa6,
    0xc1, 0xe4, 0x3f, 0xfd, 0x1e, 0x5, 0xc1, 0xff,
    0xe8, 0xf0, 0x1f, 0x7, 0xff, 0x9d, 0xe0, 0xbc,
    0x1f, 0xfe, 0x7b, 0x42, 0xb8, 0x3f, 0xfc, 0xde,
    0xe, 0xf0, 0x7f, 0xf9, 0xbc, 0x1d, 0x68, 0x7f,
    0xf9, 0x2d, 0xe, 0x7c, 0x1f, 0xfe, 0x4f, 0x7,
    0xd7, 0x7, 0xff, 0x8a, 0xe0, 0xfd, 0xe0, 0xff,
    0xf1, 0x78, 0x3f, 0xaf, 0x7, 0xff, 0x82, 0xe0,
    0xff, 0x7a, 0xf, 0xfe, 0xf3, 0xe0, 0xff, 0xe0,
    0x79, 0xf, 0xfe, 0xef, 0x90, 0xff, 0xe0, 0x3e,
    0x43, 0xff, 0xb7, 0xe8, 0x3f, 0xf8, 0x4f, 0x90,
    0xff, 0xec, 0xfa, 0xf, 0xfe, 0x23, 0xe4, 0x3f,
    0xfa, 0xff, 0x7, 0xff, 0x19, 0xf4, 0x1f, 0xfd,
    0x5f, 0x83, 0xff, 0x90, 0xfc, 0x1f, 0xfd, 0x27,
    0xd0, 0x7f, 0xf2, 0xfe, 0x83, 0xff, 0x9c, 0xfd,
    0x7, 0xff, 0x35, 0xfa, 0xf, 0xfe, 0x53, 0x7c,
    0x1f, 0xfd, 0x1b, 0xe9, 0xf, 0xfe, 0x2b, 0xf9,
    0xf, 0xfe, 0xa5, 0xfd, 0x21, 0xf9, 0x57, 0xf2,
    0x1f, 0xfd, 0x86, 0xff, 0xfe, 0x2c, 0x1f, 0xfd,
    0xf6, 0x9f, 0xea, 0x28, 0x3f, 0xf9, 0x40,

    /* U+0048 "H" */
    0x28, 0x1f, 0xfd, 0x86, 0x57, 0x83, 0xff, 0xb1,
    0x73, 0xe0, 0xff, 0xec, 0x5c, 0xf8, 0x3f, 0xfb,
    0x17, 0x3e, 0xf, 0xfe, 0xc5, 0xcf, 0x83, 0xff,
    0xb1, 0x73, 0xe0, 0xff, 0xec, 0x5c, 0xf8, 0x3f,
    0xfb, 0x17, 0x3e, 0xf, 0xfe, 0xc5, 0xcf, 0x83,
    0xff, 0xb1, 0x73, 0xe0, 0xff, 0xec, 0x5c, 0xf8,
    0x3f, 0xfb, 0x17, 0x3e, 0xf, 0xfe, 0xc5, 0xcf,
    0x83, 0xff, 0xb1, 0x73, 0xe0, 0xff, 0xec, 0x5c,
    0xf8, 0x3f, 0xfb, 0x17, 0x3e, 0xf, 0xfe, 0xc5,
    0xcf, 0x83, 0xff, 0xb1, 0x73, 0xe0, 0xff, 0xec,
    0x5c, 0xf8, 0x3f, 0xfb, 0x17, 0x3e, 0xf, 0xfe,
    0xc5, 0xcf, 0x83, 0xff, 0xb1, 0x73, 0xe0, 0xff,
    0xec, 0x5c, 0xf8, 0x3f, 0xfb, 0x17, 0x3e, 0xf,
    0xfe, 0xc5, 0xcf, 0x83, 0xff, 0xb1, 0x73, 0xe0,
    0xff, 0xec, 0x5c, 0xff, 0xff, 0x72, 0x7f, 0xff,
    0xb9, 0x3e, 0xf, 0xfe, 0xc5, 0xcf, 0x83, 0xff,
    0xb1, 0x73, 0xe0, 0xff, 0xec, 0x5c, 0xf8, 0x3f,
    0xfb, 0x17, 0x3e, 0xf, 0xfe, 0xc5, 0xcf, 0x83,
    0xff, 0xb1, 0x73, 0xe0, 0xff, 0xec, 0x5c, 0xf8,
    0x3f, 0xfb, 0x17, 0x3e, 0xf, 0xfe, 0xc5, 0xcf,
    0x83, 0xff, 0xb1, 0x73, 0xe0, 0xff, 0xec, 0x5c,
    0xf8, 0x3f, 0xfb, 0x17, 0x3e, 0xf, 0xfe, 0xc5,
    0xcf, 0x83, 0xff, 0xb1, 0x73, 0xe0, 0xff, 0xec,
    0x5c, 0xf8, 0x3f, 0xfb, 0x17, 0x3e, 0xf, 0xfe,
    0xc5, 0xcf, 0x83, 0xff, 0xb1, 0x73, 0xe0, 0xff,
    0xec, 0x5c, 0xf8, 0x3f, 0xfb, 0x17, 0x3e, 0xf,
    0xfe, 0xc5, 0xcf, 0x83, 0xff, 0xb1, 0x73, 0xe0,
    0xff, 0xec, 0x5c, 0xf8, 0x3f, 0xfb, 0x17, 0x3e,
    0xf, 0xfe, 0xc5, 0xcf, 0x83, 0xff, 0xb1, 0x73,
    0xe0, 0xff, 0xec, 0x5c, 0xf8, 0x3f, 0xfb, 0x17,
    0x3e, 0xf, 0xfe, 0xc5, 0xcf, 0x83, 0xff, 0xb1,
    0x70, 0x7f, 0xf7, 0x80,

    /* U+0049 "I" */
    0x39, 0xf3, 0xe7, 0xcf, 0x9f, 0x3e, 0x7c, 0xf9,
    0xf3, 0xe7, 0xcf, 0x9f, 0x3e, 0x7c, 0xf9, 0xf3,
    0xe7, 0xcf, 0x9f, 0x3e, 0x7c, 0xf9, 0xf3, 0xe7,
    0xcf, 0x9f, 0x3e, 0x7c, 0xf9, 0xf3, 0xe7, 0xcf,
    0x9f, 0x3e, 0x7c, 0xf9, 0xf3, 0xe7, 0xcf, 0x9f,
    0x3e, 0x7c, 0xf9, 0xf3, 0xe7, 0xcf, 0x9f, 0x3e,
    0x7c, 0xf9, 0xf3, 0xe0, 0x80,

    /* U+004A "J" */
    0xf, 0xfe, 0x87, 0x83, 0xff, 0xa3, 0xe0, 0xff,
    0xe8, 0xf8, 0x3f, 0xfa, 0x3e, 0xf, 0xfe, 0x8f,
    0x83, 0xff, 0xa3, 0xe0, 0xff, 0xe8, 0xf8, 0x3f,
    0xfa, 0x3e, 0xf, 0xfe, 0x8f, 0x83, 0xff, 0xa3,
    0xe0, 0xff, 0xe8, 0xf8, 0x3f, 0xfa, 0x3e, 0xf,
    0xfe, 0x8f, 0x83, 0xff, 0xa3, 0xe0, 0xff, 0xe8,
    0xf8, 0x3f, 0xfa, 0x3e, 0xf, 0xfe, 0x8f, 0x83,
    0xff, 0xa3, 0xe0, 0xff, 0xe8, 0xf8, 0x3f, 0xfa,
    0x3e, 0xf, 0xfe, 0x8f, 0x83, 0xff, 0xa3, 0xe0,
    0xff, 0xe8, 0xf8, 0x3f, 0xfa, 0x3e, 0xf, 0xfe,
    0x8f, 0x83, 0xff, 0xa3, 0xe0, 0xff, 0xe8, 0xf8,
    0x3f, 0xfa, 0x3e, 0xf, 0xfe, 0x8f, 0x83, 0xff,
    0xa3, 0xe0, 0xff, 0xe8, 0xf8, 0x3f, 0xfa, 0x3e,
    0xf, 0xfe, 0x8f, 0x83, 0xff, 0xa3, 0xe0, 0xff,
    0xe8, 0xf8, 0x3f, 0xfa, 0x3e, 0xf, 0xfe, 0x8f,
    0x83, 0xff, 0xa3, 0xe0, 0xff, 0xe8, 0xf8, 0x3f,
    0xfa, 0x3e, 0xf, 0xfe, 0x8f, 0x83, 0xff, 0xa3,
    0xe0, 0xff, 0xe8, 0xf8, 0x3f, 0xfa, 0x3e, 0xf,
    0xfe, 0x8f, 0x83, 0xff, 0xa3, 0xe0, 0xff, 0xe8,
    0xf8, 0x24, 0x3f, 0xf9, 0x8f, 0x81, 0xe0, 0xff,
    0xe6, 0x3c, 0xb, 0x83, 0xff, 0x97, 0xe4, 0x2f,
    0x7, 0xff, 0x2f, 0xc1, 0xae, 0xf, 0xfe, 0x4d,
    0xc1, 0xde, 0x43, 0xff, 0x91, 0xe0, 0xf3, 0xe0,
    0xff, 0xe3, 0xf9, 0xf, 0xaf, 0x7, 0xff, 0x16,
    0xe0, 0xfe, 0xbc, 0x1f, 0xfc, 0x3f, 0x83, 0xfe,
    0xbd, 0x7, 0xfc, 0xfc, 0x1f, 0xfc, 0x17, 0xe9,
    0xe, 0x6f, 0xa0, 0xff, 0xe2, 0x5f, 0xff, 0x41,
    0xff, 0xc8, 0x6f, 0xe9, 0xf, 0xf8,

    /* U+004B "K" */
    0xf, 0xfe, 0xcb, 0xe0, 0xff, 0xe7, 0xde, 0xc,
    0xf8, 0x3f, 0xf9, 0xcf, 0x90, 0xcf, 0x83, 0xff,
    0x9a, 0xf9, 0xe, 0x7c, 0x1f, 0xfc, 0xc7, 0xc8,
    0x79, 0xf0, 0x7f, 0xf3, 0x3d, 0x7, 0xcf, 0x83,
    0xff, 0x97, 0xe8, 0x3f, 0x3e, 0xf, 0xfe, 0x57,
    0xc1, 0xfc, 0xf8, 0x3f, 0xf9, 0x3f, 0x7, 0xf9,
    0xf0, 0x7f, 0xf2, 0x2f, 0x7, 0xfc, 0xf8, 0x3f,
    0xf8, 0xf7, 0x83, 0xff, 0x80, 0xf8, 0x3f, 0xf8,
    0xcf, 0x90, 0xff, 0xe0, 0x3e, 0xf, 0xfe, 0x2b,
    0xe4, 0x3f, 0xf8, 0x2f, 0x83, 0xff, 0x88, 0xf9,
    0xf, 0xfe, 0x13, 0xe0, 0xff, 0xe2, 0x7a, 0xf,
    0xfe, 0x1b, 0xe0, 0xff, 0xe1, 0xfa, 0xf, 0xfe,
    0x23, 0xe0, 0xff, 0xe1, 0x7c, 0x1f, 0xfc, 0x57,
    0xc1, 0xff, 0xc1, 0xf8, 0x3f, 0xf8, 0xcf, 0x83,
    0xff, 0x81, 0x78, 0x3f, 0xf8, 0xef, 0x83, 0xfe,
    0xbc, 0x1f, 0xfc, 0x87, 0xc1, 0xfe, 0xbc, 0x87,
    0xff, 0x21, 0xf0, 0x7f, 0x3e, 0x43, 0xff, 0x92,
    0xf8, 0x3f, 0x3e, 0x43, 0xff, 0x94, 0xf8, 0x3f,
    0x7a, 0xf, 0xfe, 0x5b, 0xe0, 0xfb, 0xd0, 0x7f,
    0xf3, 0x1f, 0x7, 0xbe, 0xf, 0xfe, 0x6b, 0xe0,
    0xef, 0x83, 0xff, 0x9c, 0xf8, 0x35, 0xe0, 0xff,
    0xe7, 0xbe, 0xa, 0xf4, 0x1f, 0xfc, 0xf7, 0xc0,
    0xbf, 0x41, 0xff, 0xce, 0x7c, 0x3e, 0x4f, 0x21,
    0xff, 0xcd, 0x7c, 0xf9, 0x3, 0xe4, 0x3f, 0xf9,
    0x8f, 0xe8, 0x33, 0xe0, 0xff, 0xe6, 0x3f, 0x41,
    0xeb, 0xc1, 0xff, 0xcb, 0x7e, 0xf, 0xd7, 0x83,
    0xff, 0x94, 0xf8, 0x3f, 0xde, 0x83, 0xff, 0x92,
    0xf8, 0x3f, 0xef, 0x41, 0xff, 0xc8, 0x7c, 0x1f,
    0xfc, 0xf, 0x21, 0xff, 0xc7, 0x7c, 0x1f, 0xfc,
    0x7, 0xc8, 0x7f, 0xf1, 0x9f, 0x7, 0xff, 0x5,
    0xf0, 0x7f, 0xf1, 0x9f, 0x7, 0xff, 0xa, 0xf0,
    0x7f, 0xf1, 0x5f, 0x7, 0xff, 0xf, 0xe0, 0xff,
    0xe2, 0x3e, 0xf, 0xfe, 0x27, 0xa0, 0xff, 0xe1,
    0xbe, 0xf, 0xfe, 0x2f, 0xa0, 0xff, 0xe1, 0x3e,
    0xf, 0xfe, 0x37, 0x90, 0xff, 0xe0, 0xbe, 0xf,
    0xfe, 0x33, 0xe4, 0x3f, 0xf8, 0xf, 0x83, 0xff,
    0x8e, 0xf8, 0x3f, 0xf8, 0xf, 0x83, 0xff, 0x91,
    0x78, 0x3f, 0xe7, 0xc1, 0xff, 0xc9, 0xf8, 0x3f,
    0xcf, 0x83, 0xff, 0x95, 0xe8, 0x3f, 0x9f, 0x7,
    0xff, 0x2f, 0xd0, 0x7e, 0x7c, 0x1f, 0xfc, 0xcf,
    0x21, 0xf3, 0xe0, 0xff, 0xe6, 0x3e, 0x43, 0xcf,
    0x83, 0xff, 0x9b, 0x78, 0x3c, 0xf8, 0x3f, 0xf9,
    0xd7, 0x83, 0x9f, 0x7, 0xff, 0x3f, 0xe0, 0xcf,
    0x83, 0xff, 0xa1, 0xe8, 0x27, 0xc1, 0xff, 0xd1,
    0xf4, 0x7, 0xc1, 0xff, 0xd2, 0xf2, 0x3e, 0xf,
    0xfe, 0x93, 0xe0, 0xff, 0xed, 0x0,

    /* U+004C "L" */
    0x7c, 0x1f, 0xfd, 0x47, 0xc1, 0xff, 0xd4, 0x7c,
    0x1f, 0xfd, 0x47, 0xc1, 0xff, 0xd4, 0x7c, 0x1f,
    0xfd, 0x47, 0xc1, 0xff, 0xd4, 0x7c, 0x1f, 0xfd,
    0x47, 0xc1, 0xff, 0xd4, 0x7c, 0x1f, 0xfd, 0x47,
    0xc1, 0xff, 0xd4, 0x7c, 0x1f, 0xfd, 0x47, 0xc1,
    0xff, 0xd4, 0x7c, 0x1f, 0xfd, 0x47, 0xc1, 0xff,
    0xd4, 0x7c, 0x1f, 0xfd, 0x47, 0xc1, 0xff, 0xd4,
    0x7c, 0x1f, 0xfd, 0x47, 0xc1, 0xff, 0xd4, 0x7c,
    0x1f, 0xfd, 0x47, 0xc1, 0xff, 0xd4, 0x7c, 0x1f,
    0xfd, 0x47, 0xc1, 0xff, 0xd4, 0x7c, 0x1f, 0xfd,
    0x47, 0xc1, 0xff, 0xd4, 0x7c, 0x1f, 0xfd, 0x47,
    0xc1, 0xff, 0xd4, 0x7c, 0x1f, 0xfd, 0x47, 0xc1,
    0xff, 0xd4, 0x7c, 0x1f, 0xfd, 0x47, 0xc1, 0xff,
    0xd4, 0x7c, 0x1f, 0xfd, 0x47, 0xc1, 0xff, 0xd4,
    0x7c, 0x1f, 0xfd, 0x47, 0xc1, 0xff, 0xd4, 0x7c,
    0x1f, 0xfd, 0x47, 0xc1, 0xff, 0xd4, 0x7c, 0x1f,
    0xfd, 0x47, 0xc1, 0xff, 0xd4, 0x7c, 0x1f, 0xfd,
    0x47, 0xc1, 0xff, 0xd4, 0x7c, 0x1f, 0xfd, 0x47,
    0xc1, 0xff, 0xd4, 0x7c, 0x1f, 0xfd, 0x47, 0xc1,
    0xff, 0xd4, 0x7c, 0x1f, 0xfd, 0x47, 0xc1, 0xff,
    0xd4, 0x7c, 0x1f, 0xfd, 0x47, 0xc1, 0xff, 0xd4,
    0x7c, 0x1f, 0xfd, 0x47, 0xc1, 0xff, 0xd4, 0x7c,
    0x1f, 0xfd, 0x47, 0xc1, 0xff, 0xd4, 0x7c, 0x1f,
    0xfd, 0x47, 0xc1, 0xff, 0xd4, 0x7c, 0x1f, 0xfd,
    0x47, 0xc1, 0xff, 0xd4, 0x7c, 0x1f, 0xfd, 0x47,
    0xff, 0xfa, 0xa3, 0xff, 0xfd, 0x50,

    /* U+004D "M" */
    0xf, 0xff, 0x8b, 0xe0, 0xff, 0xf5, 0xf8, 0x7d,
    0x7, 0xff, 0xa6, 0xf0, 0xfc, 0x1f, 0xfe, 0x9f,
    0x87, 0xe8, 0x3f, 0xfc, 0xf7, 0xc3, 0xf8, 0x3f,
    0xfc, 0xff, 0x87, 0xd7, 0x7, 0xff, 0x96, 0xef,
    0xf, 0x8f, 0x7, 0xff, 0x97, 0xc7, 0x87, 0xc7,
    0xa0, 0xff, 0xf1, 0xdc, 0x78, 0x7c, 0x3e, 0xf,
    0xff, 0x1f, 0x81, 0xe1, 0xf0, 0x3d, 0x7, 0xff,
    0x86, 0xe0, 0x78, 0x7c, 0x7, 0xc1, 0xff, 0xe1,
    0xf0, 0x5e, 0x1f, 0x5, 0xe8, 0x3f, 0xfb, 0xf7,
    0x82, 0xf0, 0xf8, 0x27, 0xc1, 0xff, 0xdf, 0xf2,
    0x17, 0x87, 0xc1, 0xbd, 0x7, 0xff, 0x76, 0xf0,
    0x6f, 0xf, 0x83, 0x3e, 0xf, 0xfe, 0xef, 0x90,
    0xde, 0x1f, 0x7, 0x7a, 0xf, 0xfe, 0xdd, 0xe0,
    0xef, 0xf, 0x83, 0x9f, 0x7, 0xff, 0x6f, 0xc8,
    0x77, 0x87, 0xc1, 0xef, 0x41, 0xff, 0xd9, 0xbc,
    0x1e, 0xf0, 0xf8, 0x3c, 0xf8, 0x3f, 0xfb, 0x3e,
    0x43, 0xde, 0x1f, 0x7, 0xde, 0x83, 0xff, 0xaf,
    0x78, 0x3e, 0xf0, 0xf8, 0x3e, 0x7c, 0x1f, 0xfd,
    0x7f, 0x21, 0xf7, 0x87, 0xc1, 0xfb, 0xc8, 0x7f,
    0xf5, 0x6f, 0x7, 0xef, 0xf, 0x83, 0xf3, 0xe0,
    0xff, 0xea, 0xf9, 0xf, 0xde, 0x1f, 0x7, 0xf7,
    0x90, 0xff, 0xe9, 0xde, 0xf, 0xef, 0xf, 0x83,
    0xf9, 0xf0, 0x7f, 0xf4, 0xfc, 0x87, 0xf7, 0x87,
    0xc1, 0xfe, 0xf2, 0x1f, 0xfd, 0x17, 0xc1, 0xfe,
    0xf0, 0xf8, 0x3f, 0xcf, 0x83, 0xff, 0xa3, 0xe4,
    0x3f, 0xde, 0x1f, 0x7, 0xfd, 0xe4, 0x3f, 0xf9,
    0xef, 0x83, 0xfe, 0xf0, 0xf8, 0x3f, 0xe7, 0xc1,
    0xff, 0xcf, 0xf2, 0x1f, 0xf7, 0x87, 0xc1, 0xff,
    0xc0, 0xf2, 0x1f, 0xfc, 0xd7, 0xc1, 0xff, 0xc0,
    0xf0, 0xf8, 0x3f, 0xf8, 0xf, 0x83, 0xff, 0x9b,
    0xe4, 0x3f, 0xf8, 0x1e, 0x1f, 0x7, 0xff, 0x7,
    0xc8, 0x7f, 0xf2, 0xdf, 0x7, 0xff, 0x7, 0xc3,
    0xe0, 0xff, 0xe0, 0xde, 0xf, 0xfe, 0x5f, 0x90,
    0xff, 0xe0, 0xf8, 0x7c, 0x1f, 0xfc, 0x2f, 0x21,
    0xff, 0xc9, 0x7c, 0x1f, 0xfc, 0x2f, 0xf, 0x83,
    0xff, 0x85, 0x78, 0x3f, 0xf9, 0x3e, 0x83, 0xff,
    0x85, 0xe1, 0xf0, 0x7f, 0xf0, 0xfc, 0x87, 0xff,
    0x1d, 0xf0, 0x7f, 0xf0, 0xfc, 0x3e, 0xf, 0xfe,
    0x1d, 0xe0, 0xff, 0xe3, 0xfa, 0xf, 0xfe, 0x1f,
    0x87, 0xc1, 0xff, 0xc4, 0xf2, 0x1f, 0xfc, 0x57,
    0xc1, 0xff, 0xc4, 0xf0, 0xf8, 0x3f, 0xf8, 0x97,
    0x83, 0xff, 0x8b, 0xe8, 0x3f, 0xf8, 0x9e, 0x1f,
    0x7, 0xff, 0x17, 0xc8, 0x7f, 0xf0, 0xdf, 0x7,
    0xff, 0x17, 0xc3, 0xe0, 0xff, 0xe2, 0xde, 0xf,
    0xfe, 0x1f, 0xa0, 0xff, 0xe2, 0xf8, 0x7c, 0x1f,
    0xfc, 0x6f, 0x21, 0xff, 0xc1, 0x7c, 0x1f, 0xfc,
    0x6f, 0xf, 0x83, 0xff, 0x8d, 0x78, 0x3f, 0xf8,
    0x3e, 0x83, 0xff, 0x8d, 0xe1, 0xf0, 0x7f, 0xf1,
    0xfc, 0x87, 0xfc, 0xf8, 0x3f, 0xf8, 0xfe, 0x1f,
    0x7, 0xff, 0x1e, 0xe0, 0xff, 0xbd, 0x7, 0xff,
    0x1f, 0xc3, 0xe0, 0xff, 0xe4, 0x78, 0x3f, 0xcf,
    0x83, 0xff, 0x91, 0xe1, 0xf0, 0x7f, 0xf2, 0x2e,
    0xf, 0xef, 0x41, 0xff, 0xc8, 0xf0, 0xf8, 0x3f,
    0xf9, 0x3e, 0xf, 0xcf, 0x83, 0xff, 0x93, 0xe1,
    0xf0, 0x7f, 0xf2, 0x6e, 0xf, 0xae, 0xf, 0xfe,
    0x4f, 0x87, 0xc1, 0xff, 0xca, 0xf0, 0x7d, 0xe0,
    0xff, 0xe5, 0x78, 0x7c, 0x1f, 0xfc, 0xab, 0x83,
    0xae, 0xf, 0xfe, 0x57, 0x87, 0xc1, 0xff, 0xcb,
    0xf0, 0x77, 0x83, 0xff, 0x97, 0xe1, 0xf0, 0x7f,
    0xf2, 0xee, 0xa, 0xe0, 0xff, 0xe5, 0xf8, 0x7c,
    0x1f, 0xfc, 0xcf, 0x5, 0xe0, 0xff, 0xe6, 0x78,
    0x7c, 0x1f, 0xfc, 0xcb, 0x8b, 0x83, 0xff, 0x99,
    0xe1, 0xf0, 0x7f, 0xf3, 0x7c, 0xf8, 0x3f, 0xf9,
    0xbe, 0x1f, 0x7, 0xff, 0x37, 0xf4, 0x1f, 0xfc,
    0xdf, 0xf, 0x83, 0xff, 0x9a, 0xfc, 0x87, 0xff,
    0x37, 0xc3, 0xe0, 0xff, 0xe7, 0x7c, 0x1f, 0xfc,
    0xef, 0x0,

    /* U+004E "N" */
    0x3c, 0x1f, 0xfd, 0x9f, 0xf, 0xa0, 0xff, 0xec,
    0x78, 0x7e, 0x43, 0xff, 0xaf, 0xe1, 0xfc, 0x1f,
    0xfd, 0x7f, 0xf, 0xe8, 0x3f, 0xfa, 0xde, 0x1f,
    0x1e, 0x43, 0xff, 0xab, 0xe1, 0xf0, 0xf8, 0x3f,
    0xfa, 0xbe, 0x1f, 0x3, 0xd0, 0x7f, 0xf5, 0x3c,
    0x3e, 0xb, 0xc8, 0x7f, 0xf4, 0xfc, 0x3e, 0x9,
    0xf0, 0x7f, 0xf4, 0xfc, 0x3e, 0xd, 0xf0, 0x7f,
    0xf4, 0xbc, 0x3e, 0xe, 0xf2, 0x1f, 0xfd, 0x1f,
    0xf, 0x83, 0x9f, 0x7, 0xff, 0x47, 0xc3, 0xe0,
    0xf5, 0xe0, 0xff, 0xe8, 0x78, 0x7c, 0x1f, 0x79,
    0xf, 0xfe, 0x7f, 0x87, 0xc1, 0xf3, 0xe0, 0xff,
    0xe7, 0xf8, 0x7c, 0x1f, 0xaf, 0x7, 0xff, 0x3b,
    0xc3, 0xe0, 0xfe, 0xf4, 0x1f, 0xfc, 0xdf, 0xf,
    0x83, 0xf9, 0xf0, 0x7f, 0xf3, 0x7c, 0x3e, 0xf,
    0xf5, 0xe0, 0xff, 0xe6, 0x78, 0x7c, 0x1f, 0xf7,
    0xa0, 0xff, 0xe5, 0xf8, 0x7c, 0x1f, 0xf3, 0xe0,
    0xff, 0xe5, 0xf8, 0x7c, 0x1f, 0xfc, 0xb, 0xc1,
    0xff, 0xca, 0xf0, 0xf8, 0x3f, 0xf8, 0x3e, 0x83,
    0xff, 0x93, 0xe1, 0xf0, 0x7f, 0xf0, 0x5f, 0x7,
    0xff, 0x27, 0xc3, 0xe0, 0xff, 0xe1, 0x5e, 0xf,
    0xfe, 0x47, 0x87, 0xc1, 0xff, 0xc3, 0xf4, 0x1f,
    0xfc, 0x7f, 0xf, 0x83, 0xff, 0x86, 0xf9, 0xf,
    0xfe, 0x37, 0x87, 0xc1, 0xff, 0xc4, 0xbc, 0x1f,
    0xfc, 0x6f, 0xf, 0x83, 0xff, 0x8b, 0xe8, 0x3f,
    0xf8, 0xbe, 0x1f, 0x7, 0xff, 0x1b, 0xc8, 0x7f,
    0xf1, 0x3c, 0x3e, 0xf, 0xfe, 0x35, 0xe0, 0xff,
    0xe2, 0x78, 0x7c, 0x1f, 0xfc, 0x7f, 0x41, 0xff,
    0xc3, 0xf0, 0xf8, 0x3f, 0xf9, 0x1e, 0x43, 0xff,
    0x85, 0xe1, 0xf0, 0x7f, 0xf2, 0x2f, 0x7, 0xff,
    0xb, 0xc3, 0xe0, 0xff, 0xe4, 0xfa, 0xf, 0xfe,
    0xf, 0x87, 0xc1, 0xff, 0xca, 0xf2, 0x1f, 0xfc,
    0xf, 0xf, 0x83, 0xff, 0x94, 0xf8, 0x3f, 0xf8,
    0x1e, 0x1f, 0x7, 0xff, 0x2f, 0xd0, 0x7f, 0xde,
    0x1f, 0x7, 0xff, 0x33, 0xc8, 0x7f, 0xbc, 0x3e,
    0xf, 0xfe, 0x63, 0xe0, 0xff, 0x78, 0x7c, 0x1f,
    0xfc, 0xdf, 0x83, 0xfb, 0xc3, 0xe0, 0xff, 0xe7,
    0x79, 0xf, 0xde, 0x1f, 0x7, 0xff, 0x39, 0xf0,
    0x7e, 0xf0, 0xf8, 0x3f, 0xf9, 0xf7, 0x83, 0xef,
    0xf, 0x83, 0xff, 0xa1, 0xe4, 0x3d, 0xe1, 0xf0,
    0x7f, 0xf4, 0x1f, 0x7, 0xbc, 0x3e, 0xf, 0xfe,
    0x8d, 0xe0, 0xef, 0xf, 0x83, 0xff, 0xa5, 0xe4,
    0x37, 0x87, 0xc1, 0xff, 0xd2, 0x7c, 0x1b, 0xc3,
    0xe0, 0xff, 0xe9, 0xde, 0xb, 0xc3, 0xe0, 0xff,
    0xea, 0x7a, 0x7, 0x87, 0xc1, 0xff, 0xd4, 0x7c,
    0xf, 0xf, 0x83, 0xff, 0xab, 0x78, 0xf0, 0xf8,
    0x3f, 0xfa, 0xde, 0xbc, 0x3e, 0xf, 0xfe, 0xb3,
    0xf8, 0x7c, 0x1f, 0xfd, 0x7b, 0xe1, 0xf0, 0x7f,
    0xf6, 0x3e, 0x1f, 0x7, 0xff, 0x61, 0xf0, 0x7f,
    0xf8, 0x0,

    /* U+004F "O" */
    0xf, 0xfe, 0x62, 0xaf, 0xfd, 0x44, 0x3f, 0xfc,
    0x2f, 0xff, 0xf1, 0xa0, 0xff, 0xed, 0xb7, 0xe9,
    0x41, 0xfc, 0xdf, 0xc8, 0x7f, 0xf5, 0x9f, 0xd0,
    0x7f, 0xf1, 0x9f, 0xc8, 0x7f, 0xf4, 0xef, 0x90,
    0xff, 0xe5, 0x37, 0xc1, 0xff, 0xd0, 0x7e, 0x43,
    0xff, 0x9f, 0xf2, 0x1f, 0xfc, 0xdb, 0xd0, 0x7f,
    0xf4, 0x9f, 0x41, 0xff, 0xcb, 0xf8, 0x3f, 0xfa,
    0xdf, 0x7, 0xff, 0x27, 0xd0, 0x7f, 0xf6, 0x2f,
    0x7, 0xff, 0x1f, 0xd0, 0x7f, 0xf6, 0xaf, 0x7,
    0xff, 0x17, 0xd0, 0x7f, 0xf7, 0x1f, 0x7, 0xff,
    0xe, 0xe0, 0xff, 0xef, 0x5e, 0xf, 0xfe, 0xd,
    0xe0, 0xff, 0xf0, 0x5c, 0x1f, 0xf3, 0xe0, 0xff,
    0xf1, 0x79, 0xf, 0xf7, 0x90, 0xff, 0xf1, 0xf8,
    0x3f, 0xae, 0xf, 0xff, 0x25, 0xc1, 0xfb, 0xc1,
    0xff, 0xe6, 0xf0, 0x7d, 0x70, 0x7f, 0xf9, 0x9f,
    0x7, 0xbc, 0x1f, 0xfe, 0x8f, 0x7, 0x3c, 0x1f,
    0xfe, 0x8b, 0x83, 0x79, 0xf, 0xff, 0x4f, 0x83,
    0x78, 0x3f, 0xfd, 0x5e, 0x40, 0xf0, 0x7f, 0xfa,
    0x9e, 0x7, 0x90, 0xff, 0xf5, 0xf8, 0x1e, 0xf,
    0xff, 0x67, 0x81, 0xe0, 0xff, 0xf6, 0x79, 0x5e,
    0xf, 0xff, 0x65, 0xab, 0x83, 0xff, 0xd9, 0x73,
    0xc1, 0xff, 0xec, 0x7a, 0x70, 0x7f, 0xfb, 0x1e,
    0x9c, 0x1f, 0xfe, 0xc7, 0xa7, 0x7, 0xff, 0xb1,
    0xe7, 0x83, 0xff, 0xd8, 0xf3, 0xc1, 0xff, 0xec,
    0xb9, 0xf0, 0x7f, 0xfb, 0x2d, 0x3c, 0x1f, 0xfe,
    0xcf, 0x27, 0x83, 0xff, 0xd9, 0xe0, 0x79, 0xf,
    0xff, 0x5f, 0x81, 0x70, 0x7f, 0xfa, 0x9e, 0xb,
    0xc1, 0xff, 0xea, 0xf2, 0x17, 0x90, 0xff, 0xf4,
    0xf8, 0x35, 0xc1, 0xff, 0xe8, 0xb8, 0x3b, 0xc1,
    0xff, 0xe8, 0xf0, 0x7a, 0xe0, 0xff, 0xf3, 0x3e,
    0xf, 0xbc, 0x1f, 0xfe, 0x6f, 0x21, 0xf5, 0xc1,
    0xff, 0xe4, 0xb8, 0x3f, 0xbc, 0x87, 0xff, 0x8f,
    0xc1, 0xfe, 0x7c, 0x1f, 0xfe, 0x2f, 0x21, 0xff,
    0x5e, 0xf, 0xff, 0x5, 0xc1, 0xff, 0xc1, 0xf4,
    0x1f, 0xfd, 0xeb, 0xc1, 0xff, 0xc3, 0xf4, 0x1f,
    0xfd, 0xc7, 0xc1, 0xff, 0xc5, 0xf4, 0x1f, 0xfd,
    0xab, 0xc1, 0xff, 0xc7, 0xf8, 0x3f, 0xfb, 0x17,
    0x83, 0xff, 0x93, 0xf2, 0x1f, 0xfd, 0x5f, 0x83,
    0xff, 0x97, 0x7a, 0xf, 0xfe, 0x93, 0xf0, 0x7f,
    0xf3, 0x5f, 0x90, 0xff, 0xe7, 0x3f, 0x21, 0xff,
    0xd0, 0xbe, 0x43, 0xff, 0x94, 0xfd, 0x7, 0xff,
    0x53, 0xf4, 0x87, 0xff, 0x16, 0xfc, 0x87, 0xff,
    0x5e, 0xfd, 0x44, 0x3f, 0x2a, 0xfd, 0x21, 0xff,
    0xdb, 0x6f, 0xff, 0xe2, 0xa1, 0xff, 0xe2, 0x69,
    0xfe, 0xa2, 0x83, 0xff, 0x98,

    /* U+0050 "P" */
    0x7f, 0xff, 0x93, 0x21, 0xff, 0xc1, 0x7f, 0xff,
    0x99, 0x21, 0xfe, 0x7c, 0x1f, 0xfc, 0x76, 0xfc,
    0x1f, 0xcf, 0x83, 0xff, 0x94, 0xfd, 0x7, 0xcf,
    0x83, 0xff, 0x98, 0xfa, 0xf, 0x3e, 0xf, 0xfe,
    0x77, 0xc1, 0xcf, 0x83, 0xff, 0x9f, 0xe8, 0x33,
    0xe0, 0xff, 0xe8, 0x7a, 0x9, 0xf0, 0x7f, 0xf4,
    0x7c, 0x13, 0xe0, 0xff, 0xe8, 0xbe, 0x3, 0xe0,
    0xff, 0xe9, 0x79, 0x1f, 0x7, 0xff, 0x4a, 0xe1,
    0xf0, 0x7f, 0xf4, 0xfc, 0x3e, 0xf, 0xfe, 0x9f,
    0x87, 0xc1, 0xff, 0xd3, 0xf2, 0xbc, 0x1f, 0xfd,
    0x3b, 0x57, 0x83, 0xff, 0xa7, 0x6a, 0xf0, 0x7f,
    0xf4, 0xfc, 0xaf, 0x7, 0xff, 0x4f, 0xc3, 0xe0,
    0xff, 0xe9, 0xf8, 0x7c, 0x1f, 0xfd, 0x2b, 0x87,
    0xc1, 0xff, 0xd2, 0xf0, 0x1f, 0x7, 0xff, 0x46,
    0xf0, 0x1f, 0x7, 0xff, 0x47, 0xc1, 0x3e, 0xf,
    0xfe, 0x87, 0x90, 0x9f, 0x7, 0xff, 0x3f, 0xd0,
    0x67, 0xc1, 0xff, 0xce, 0xf8, 0x39, 0xf0, 0x7f,
    0xf3, 0x1f, 0x41, 0xe7, 0xc1, 0xff, 0xca, 0x7e,
    0x43, 0xe7, 0xc1, 0xff, 0xc7, 0x6f, 0xa0, 0xfe,
    0x7f, 0xff, 0x99, 0x21, 0xfe, 0x7f, 0xff, 0x93,
    0x21, 0xff, 0xc1, 0x7c, 0x1f, 0xfd, 0x67, 0xc1,
    0xff, 0xd6, 0x7c, 0x1f, 0xfd, 0x67, 0xc1, 0xff,
    0xd6, 0x7c, 0x1f, 0xfd, 0x67, 0xc1, 0xff, 0xd6,
    0x7c, 0x1f, 0xfd, 0x67, 0xc1, 0xff, 0xd6, 0x7c,
    0x1f, 0xfd, 0x67, 0xc1, 0xff, 0xd6, 0x7c, 0x1f,
    0xfd, 0x67, 0xc1, 0xff, 0xd6, 0x7c, 0x1f, 0xfd,
    0x67, 0xc1, 0xff, 0xd6, 0x7c, 0x1f, 0xfd, 0x67,
    0xc1, 0xff, 0xd6, 0x7c, 0x1f, 0xfd, 0x67, 0xc1,
    0xff, 0xd6, 0x7c, 0x1f, 0xfd, 0x67, 0xc1, 0xff,
    0xd6, 0x7c, 0x1f, 0xfd, 0x67, 0xc1, 0xff, 0xd6,
    0x7c, 0x1f, 0xfd, 0x67, 0xc1, 0xff, 0xd6, 0x7c,
    0x1f, 0xfd, 0x67, 0xc1, 0xff, 0xd7, 0x90, 0xff,
    0xeb, 0x0,

    /* U+0051 "Q" */
    0xf, 0xfe, 0x62, 0xaf, 0xfd, 0x44, 0x3f, 0xfc,
    0x2f, 0xff, 0xf1, 0xa0, 0xff, 0xed, 0xb7, 0xe9,
    0x41, 0xfc, 0xdf, 0xc8, 0x7f, 0xf5, 0x9f, 0xd0,
    0x7f, 0xf1, 0x9f, 0xc8, 0x7f, 0xf4, 0xef, 0x90,
    0xff, 0xe5, 0xdf, 0x21, 0xff, 0xcf, 0x7e, 0x43,
    0xff, 0x9f, 0x7a, 0xf, 0xfe, 0x6d, 0xe8, 0x3f,
    0xfa, 0x4f, 0xc1, 0xff, 0xcb, 0xf8, 0x3f, 0xfa,
    0xd7, 0x90, 0xff, 0xe4, 0x7a, 0xf, 0xfe, 0xc3,
    0xe4, 0x3f, 0xf8, 0xde, 0x83, 0xff, 0xb4, 0xf9,
    0xf, 0xfe, 0x27, 0xa0, 0xff, 0xee, 0x3e, 0x43,
    0xff, 0x85, 0xe8, 0x3f, 0xfb, 0xcf, 0x83, 0xff,
    0x83, 0x78, 0x3f, 0xfc, 0x17, 0x83, 0xfe, 0x7c,
    0x1f, 0xfe, 0x2b, 0x83, 0xfd, 0xe4, 0x3f, 0xfc,
    0x7e, 0x43, 0xf5, 0xc1, 0xff, 0xe4, 0x7c, 0x1f,
    0xbc, 0x1f, 0xfe, 0x6f, 0x21, 0xeb, 0x83, 0xff,
    0xcc, 0xf8, 0x3d, 0xe0, 0xff, 0xf4, 0x79, 0xd,
    0x70, 0x7f, 0xfa, 0x1f, 0x6, 0xf2, 0x1f, 0xfe,
    0x9f, 0x6, 0xf0, 0x7f, 0xfa, 0xae, 0x5, 0xc1,
    0xff, 0xea, 0x7c, 0xf, 0x21, 0xff, 0xeb, 0xf0,
    0x3c, 0x1f, 0xfe, 0xcf, 0x27, 0x83, 0xff, 0xd9,
    0x6a, 0xf0, 0x7f, 0xfb, 0x1e, 0x78, 0x3f, 0xfd,
    0x8f, 0x4e, 0xf, 0xff, 0x63, 0xeb, 0x83, 0xff,
    0xdb, 0xeb, 0x83, 0xff, 0xdb, 0xeb, 0x83, 0xff,
    0xdb, 0xe7, 0x83, 0xff, 0xd8, 0xf9, 0xe0, 0xff,
    0xf6, 0x3c, 0xf8, 0x3f, 0xfd, 0x8f, 0x1e, 0xf,
    0xff, 0x65, 0xa7, 0x83, 0xff, 0xd9, 0xe4, 0xf2,
    0x1f, 0xfe, 0xbf, 0x2, 0xe0, 0xff, 0xf5, 0x3e,
    0xb, 0xc1, 0xff, 0xea, 0xb8, 0x2f, 0x21, 0xff,
    0xd7, 0x43, 0xff, 0x8b, 0xe0, 0xd7, 0x7, 0xff,
    0x5f, 0xc8, 0x7f, 0xf0, 0x9f, 0x7, 0x78, 0x3f,
    0xfa, 0xef, 0x83, 0xff, 0x85, 0xe4, 0x3a, 0xe0,
    0xff, 0xeb, 0xde, 0xf, 0xfe, 0xf, 0x83, 0xef,
    0x7, 0xff, 0x62, 0xf0, 0x7f, 0xde, 0x43, 0xeb,
    0x83, 0xff, 0xb1, 0xe8, 0x3f, 0x9f, 0x7, 0xf7,
    0x90, 0xff, 0xec, 0x7a, 0xf, 0xde, 0x43, 0xf9,
    0xf0, 0x7f, 0xf6, 0x7c, 0x87, 0xae, 0xf, 0xfa,
    0xf0, 0x7f, 0xf6, 0x1f, 0x7, 0x3e, 0xf, 0xfe,
    0xf, 0xa0, 0xff, 0xec, 0x3e, 0x9, 0xf0, 0x7f,
    0xf0, 0xfd, 0x7, 0xff, 0x62, 0xf0, 0xf9, 0xf,
    0xfe, 0x27, 0xa0, 0xff, 0xec, 0x5f, 0x90, 0xff,
    0xe3, 0x7a, 0xf, 0xfe, 0xc7, 0xc8, 0x7f, 0xf2,
    0x3e, 0xf, 0xfe, 0xb5, 0xf2, 0x1f, 0xfc, 0x9b,
    0xd0, 0x7f, 0xf4, 0x9f, 0x9f, 0x21, 0xff, 0xc9,
    0x7e, 0x43, 0xff, 0x9f, 0x7a, 0x3, 0xe0, 0xff,
    0xe5, 0xdf, 0x21, 0xff, 0xcb, 0xbe, 0xe, 0x7c,
    0x1f, 0xfc, 0xcf, 0xd2, 0x1f, 0xfc, 0x57, 0xf2,
    0x1f, 0x5e, 0xf, 0xfe, 0x6d, 0xfa, 0x88, 0x7e,
    0x55, 0xfc, 0x87, 0xfa, 0xe0, 0xff, 0xe7, 0x37,
    0xff, 0xf1, 0x50, 0xff, 0xe1, 0x7a, 0xf, 0xfe,
    0x8b, 0x4f, 0xf5, 0x14, 0x1f, 0xfc, 0x6f, 0x21,
    0x0,

    /* U+0052 "R" */
    0x7f, 0xff, 0x93, 0x21, 0xff, 0xc2, 0x7f, 0xff,
    0x99, 0x21, 0xff, 0x3e, 0xf, 0xfe, 0x3b, 0x7e,
    0xf, 0xf3, 0xe0, 0xff, 0xe5, 0x3f, 0x41, 0xf9,
    0xf0, 0x7f, 0xf3, 0x1f, 0x41, 0xf3, 0xe0, 0xff,
    0xe7, 0x7c, 0x1e, 0x7c, 0x1f, 0xfc, 0xff, 0x41,
    0xcf, 0x83, 0xff, 0xa1, 0xe8, 0x33, 0xe0, 0xff,
    0xe8, 0xf8, 0x33, 0xe0, 0xff, 0xe8, 0xbe, 0x9,
    0xf0, 0x7f, 0xf4, 0xbc, 0x81, 0xf0, 0x7f, 0xf4,
    0xae, 0x3, 0xe0, 0xff, 0xe9, 0xf8, 0xf, 0x83,
    0xff, 0xa7, 0xe0, 0x3e, 0xf, 0xfe, 0x9f, 0x91,
    0xf0, 0x7f, 0xf4, 0xed, 0x1f, 0x7, 0xff, 0x4e,
    0xd1, 0xf0, 0x7f, 0xf4, 0xfc, 0x8f, 0x83, 0xff,
    0xa7, 0xe0, 0x3e, 0xf, 0xfe, 0x9f, 0x80, 0xf8,
    0x3f, 0xfa, 0x57, 0x1, 0xf0, 0x7f, 0xf4, 0xbc,
    0x13, 0xe0, 0xff, 0xe8, 0xde, 0x9, 0xf0, 0x7f,
    0xf4, 0x7c, 0x19, 0xf0, 0x7f, 0xf4, 0x3c, 0x86,
    0x7c, 0x1f, 0xfc, 0xff, 0x41, 0xcf, 0x83, 0xff,
    0x9d, 0xf0, 0x79, 0xf0, 0x7f, 0xf3, 0x1f, 0x41,
    0xf3, 0xe0, 0xff, 0xe5, 0x3f, 0x21, 0xf9, 0xf0,
    0x7f, 0xf1, 0xdb, 0xe8, 0x3f, 0xcf, 0xff, 0xf3,
    0x24, 0x3f, 0xe7, 0xff, 0xf9, 0x32, 0x1f, 0xfc,
    0x27, 0xc1, 0xff, 0xc5, 0xf2, 0x1f, 0xfc, 0x37,
    0xc1, 0xff, 0xc5, 0x7c, 0x1f, 0xfc, 0x37, 0xc1,
    0xff, 0xc6, 0xf4, 0x1f, 0xfc, 0x27, 0xc1, 0xff,
    0xc7, 0xf0, 0x7f, 0xf0, 0x9f, 0x7, 0xff, 0x1e,
    0xf0, 0x7f, 0xf0, 0x5f, 0x7, 0xff, 0x23, 0xc8,
    0x7f, 0xf0, 0x1f, 0x7, 0xff, 0x22, 0xf0, 0x7f,
    0xf0, 0x1f, 0x7, 0xff, 0x27, 0xd0, 0x7f, 0xcf,
    0x83, 0xff, 0x92, 0xf8, 0x3f, 0xe7, 0xc1, 0xff,
    0xca, 0xf4, 0x1f, 0xe7, 0xc1, 0xff, 0xcb, 0xf2,
    0x1f, 0xcf, 0x83, 0xff, 0x97, 0x78, 0x3f, 0x9f,
    0x7, 0xff, 0x33, 0xc8, 0x7e, 0x7c, 0x1f, 0xfc,
    0xc7, 0xc1, 0xf9, 0xf0, 0x7f, 0xf3, 0x7d, 0x7,
    0xcf, 0x83, 0xff, 0x9a, 0xf8, 0x3e, 0x7c, 0x1f,
    0xfc, 0xeb, 0xc1, 0xe7, 0xc1, 0xff, 0xcf, 0xf2,
    0x1c, 0xf8, 0x3f, 0xf9, 0xf7, 0x83, 0x9f, 0x7,
    0xff, 0x43, 0xd0, 0x67, 0xc1, 0xff, 0xd0, 0x7c,
    0x19, 0xf0, 0x7f, 0xf4, 0x7d, 0x4, 0xf8, 0x3f,
    0xfa, 0x2f, 0x82, 0x7c, 0x1f, 0xfd, 0x2b, 0xc0,
    0x7c, 0x1f, 0xfd, 0x3f, 0x23, 0xe0, 0xff, 0xe9,
    0xde, 0x4, 0x87, 0xff, 0x52, 0x80,

    /* U+0053 "S" */
    0xf, 0xff, 0x6b, 0x4f, 0xd4, 0x43, 0xff, 0xa2,
    0xff, 0xff, 0x9, 0xf, 0xfe, 0x63, 0xfa, 0x43,
    0x95, 0x7e, 0x83, 0xff, 0x93, 0x7c, 0x87, 0xff,
    0x1, 0xfc, 0x87, 0xff, 0x1b, 0xe4, 0x3f, 0xf8,
    0xbf, 0x83, 0xff, 0x89, 0xf0, 0x7f, 0xf2, 0x1f,
    0x90, 0xff, 0xe0, 0xfc, 0x1f, 0xfc, 0xbf, 0x90,
    0xff, 0xbe, 0xf, 0xfe, 0x6d, 0xe4, 0x3f, 0x9f,
    0x7, 0xff, 0x3e, 0xf0, 0x7f, 0x79, 0xf, 0xfe,
    0x85, 0xe0, 0xf9, 0xf0, 0x7f, 0xf4, 0xb8, 0x3e,
    0xb4, 0x3f, 0xfb, 0x7e, 0xf, 0xfe, 0xe7, 0x83,
    0xff, 0xb6, 0xf0, 0x7f, 0xf6, 0xde, 0xf, 0xfe,
    0xdb, 0xc1, 0xff, 0xdc, 0xe0, 0xff, 0xee, 0x78,
    0x3f, 0xfb, 0x9e, 0xf, 0xfe, 0xe3, 0xc1, 0xff,
    0xdc, 0xf0, 0x7f, 0xf7, 0x1f, 0x7, 0xff, 0x73,
    0xd0, 0x7f, 0xf7, 0x3d, 0x7, 0xff, 0x73, 0xe4,
    0x3f, 0xfb, 0x77, 0xc8, 0x7f, 0xf6, 0x9f, 0xf5,
    0x10, 0xff, 0xeb, 0xdf, 0xfd, 0x44, 0x3f, 0xfa,
    0xaa, 0xbf, 0xfa, 0x88, 0x7f, 0xf5, 0x55, 0x7f,
    0xd0, 0x7f, 0xf6, 0x55, 0xf9, 0xf, 0xfe, 0xdd,
    0xf0, 0x7f, 0xf7, 0x3e, 0xf, 0xfe, 0xe7, 0xc1,
    0xff, 0xdc, 0xf2, 0x1f, 0xfd, 0xcf, 0x7, 0xff,
    0x72, 0xe0, 0xff, 0xee, 0x78, 0x3f, 0xfb, 0x96,
    0x87, 0xff, 0x6d, 0xe0, 0xff, 0xee, 0x78, 0x3f,
    0xfb, 0x9e, 0xf, 0xfe, 0xe7, 0x83, 0xff, 0xb9,
    0xe0, 0x21, 0xff, 0xd9, 0xf0, 0xf0, 0x7f, 0xf6,
    0x3c, 0xf, 0x7, 0xff, 0x5d, 0xe0, 0x5c, 0x1f,
    0xfd, 0x6b, 0x42, 0xf0, 0x7f, 0xf5, 0xbc, 0x1a,
    0xe0, 0xff, 0xea, 0x5c, 0x1d, 0xe4, 0x3f, 0xfa,
    0x7e, 0xf, 0xbc, 0x87, 0xff, 0x47, 0xd0, 0x7c,
    0xf9, 0xf, 0xfe, 0x7f, 0xc1, 0xfc, 0xf9, 0xf,
    0xfe, 0x6f, 0xc1, 0xff, 0x3e, 0x83, 0xff, 0x97,
    0xf0, 0x7f, 0xf0, 0xbe, 0x43, 0xff, 0x8e, 0xfc,
    0x1f, 0xfc, 0x47, 0xe4, 0x3f, 0xf8, 0x6f, 0xd0,
    0x7f, 0xf1, 0xef, 0xa4, 0x3f, 0x9b, 0xe8, 0x3f,
    0xf9, 0x6d, 0xff, 0xfc, 0x28, 0x3f, 0xfa, 0xd,
    0x3f, 0xa8, 0x87, 0xff, 0xb4,

    /* U+0054 "T" */
    0xaf, 0xfe, 0xf3, 0xff, 0xfd, 0xe8, 0x3f, 0xf9,
    0x16, 0x87, 0xff, 0x72, 0xd0, 0xff, 0xee, 0x5a,
    0x1f, 0xfd, 0xcb, 0x43, 0xff, 0xb9, 0x68, 0x7f,
    0xf7, 0x2d, 0xf, 0xfe, 0xe5, 0xa1, 0xff, 0xdc,
    0xb4, 0x3f, 0xfb, 0x96, 0x87, 0xff, 0x72, 0xd0,
    0xff, 0xee, 0x5a, 0x1f, 0xfd, 0xcb, 0x43, 0xff,
    0xb9, 0x68, 0x7f, 0xf7, 0x2d, 0xf, 0xfe, 0xe5,
    0xa1, 0xff, 0xdc, 0xb4, 0x3f, 0xfb, 0x96, 0x87,
    0xff, 0x72, 0xd0, 0xff, 0xee, 0x5a, 0x1f, 0xfd,
    0xcb, 0x43, 0xff, 0xb9, 0x68, 0x7f, 0xf7, 0x2d,
    0xf, 0xfe, 0xe5, 0xa1, 0xff, 0xdc, 0xb4, 0x3f,
    0xfb, 0x96, 0x87, 0xff, 0x72, 0xd0, 0xff, 0xee,
    0x5a, 0x1f, 0xfd, 0xcb, 0x43, 0xff, 0xb9, 0x68,
    0x7f, 0xf7, 0x2d, 0xf, 0xfe, 0xe5, 0xa1, 0xff,
    0xdc, 0xb4, 0x3f, 0xfb, 0x96, 0x87, 0xff, 0x72,
    0xd0, 0xff, 0xee, 0x5a, 0x1f, 0xfd, 0xcb, 0x43,
    0xff, 0xb9, 0x68, 0x7f, 0xf7, 0x2d, 0xf, 0xfe,
    0xe5, 0xa1, 0xff, 0xdc, 0xb4, 0x3f, 0xfb, 0x96,
    0x87, 0xff, 0x72, 0xd0, 0xff, 0xee, 0x5a, 0x1f,
    0xfd, 0xcb, 0x43, 0xff, 0xb9, 0x68, 0x7f, 0xf7,
    0x2d, 0xf, 0xfe, 0xe5, 0xa1, 0xff, 0xdc, 0xb4,
    0x3f, 0xfb, 0x96, 0x87, 0xff, 0x72, 0xd0, 0xff,
    0xee, 0x5a, 0x1f, 0xfd, 0xcb, 0x43, 0xff, 0xb9,
    0x68, 0x7f, 0xf7, 0x2d, 0xf, 0xfe, 0xe5, 0xa1,
    0xff, 0xdc, 0xb4, 0x3f, 0xfb, 0x96, 0x87, 0xff,
    0xcc,

    /* U+0055 "U" */
    0x38, 0x3f, 0xfb, 0x2e, 0xaf, 0x7, 0xff, 0x66,
    0xd5, 0xe0, 0xff, 0xec, 0xda, 0xbc, 0x1f, 0xfd,
    0x9b, 0x57, 0x83, 0xff, 0xb3, 0x6a, 0xf0, 0x7f,
    0xf6, 0x6d, 0x5e, 0xf, 0xfe, 0xcd, 0xab, 0xc1,
    0xff, 0xd9, 0xb5, 0x78, 0x3f, 0xfb, 0x36, 0xaf,
    0x7, 0xff, 0x66, 0xd5, 0xe0, 0xff, 0xec, 0xda,
    0xbc, 0x1f, 0xfd, 0x9b, 0x57, 0x83, 0xff, 0xb3,
    0x6a, 0xf0, 0x7f, 0xf6, 0x6d, 0x5e, 0xf, 0xfe,
    0xcd, 0xab, 0xc1, 0xff, 0xd9, 0xb5, 0x78, 0x3f,
    0xfb, 0x36, 0xaf, 0x7, 0xff, 0x66, 0xd5, 0xe0,
    0xff, 0xec, 0xda, 0xbc, 0x1f, 0xfd, 0x9b, 0x57,
    0x83, 0xff, 0xb3, 0x6a, 0xf0, 0x7f, 0xf6, 0x6d,
    0x5e, 0xf, 0xfe, 0xcd, 0xab, 0xc1, 0xff, 0xd9,
    0xb5, 0x78, 0x3f, 0xfb, 0x36, 0xaf, 0x7, 0xff,
    0x66, 0xd5, 0xe0, 0xff, 0xec, 0xda, 0xbc, 0x1f,
    0xfd, 0x9b, 0x57, 0x83, 0xff, 0xb3, 0x6a, 0xf0,
    0x7f, 0xf6, 0x6d, 0x5e, 0xf, 0xfe, 0xcd, 0xab,
    0xc1, 0xff, 0xd9, 0xb5, 0x78, 0x3f, 0xfb, 0x36,
    0xaf, 0x7, 0xff, 0x66, 0xd5, 0xe0, 0xff, 0xec,
    0xda, 0xbc, 0x1f, 0xfd, 0x9b, 0x57, 0x83, 0xff,
    0xb3, 0x6a, 0xf0, 0x7f, 0xf6, 0x6d, 0x5e, 0xf,
    0xfe, 0xcd, 0xa7, 0x83, 0xff, 0xb3, 0x69, 0xe0,
    0xff, 0xec, 0xf9, 0x3c, 0x1f, 0xfd, 0x9f, 0x3,
    0xc8, 0x7f, 0xf6, 0x3c, 0xb, 0x83, 0xff, 0xae,
    0xf0, 0x5e, 0xf, 0xfe, 0xbd, 0xa1, 0x79, 0xf,
    0xfe, 0xb7, 0x83, 0x3c, 0x1f, 0xfd, 0x57, 0x83,
    0xbc, 0x1f, 0xfd, 0x5f, 0x7, 0xae, 0xf, 0xfe,
    0x9d, 0xc1, 0xf7, 0x90, 0xff, 0xe9, 0x78, 0x3f,
    0x3e, 0xf, 0xfe, 0x8f, 0xa0, 0xfe, 0xbc, 0x1f,
    0xfc, 0xfb, 0xc1, 0xff, 0x7a, 0xf, 0xfe, 0x6d,
    0xe0, 0xff, 0xe0, 0xfa, 0xf, 0xfe, 0x5d, 0xe0,
    0xff, 0xe1, 0xfc, 0x1f, 0xfc, 0x9b, 0xc1, 0xff,
    0xc5, 0xbc, 0x87, 0xff, 0x15, 0xf8, 0x3f, 0xf8,
    0xef, 0xc8, 0x7f, 0xf0, 0x5f, 0xa0, 0xff, 0xe5,
    0x5f, 0x48, 0x7c, 0xdf, 0x83, 0xff, 0x9d, 0x7f,
    0xff, 0x6, 0x43, 0xff, 0xa2, 0xd3, 0xfd, 0x21,
    0xff, 0xc4,

    /* U+0056 "V" */
    0x3c, 0x1f, 0xfe, 0x2f, 0x2, 0xe0, 0xff, 0xf0,
    0x3e, 0xb, 0xc1, 0xff, 0xe0, 0xf2, 0x17, 0x90,
    0xff, 0xef, 0x3e, 0xc, 0xf8, 0x3f, 0xfb, 0xd7,
    0x7, 0x79, 0xf, 0xfe, 0xef, 0x83, 0xd7, 0x7,
    0xff, 0x72, 0xe0, 0xfb, 0xc1, 0xff, 0xdc, 0xf2,
    0x1f, 0x5c, 0x1f, 0xfd, 0xa7, 0xc1, 0xf9, 0xf0,
    0x7f, 0xf6, 0xbc, 0x87, 0xf7, 0x90, 0xff, 0xec,
    0xf8, 0x3f, 0xcf, 0x7, 0xff, 0x62, 0xe0, 0xff,
    0xbc, 0x1f, 0xfd, 0x8f, 0x7, 0xff, 0x2, 0xe0,
    0xff, 0xeb, 0x3e, 0xf, 0xfe, 0x3, 0xe0, 0xff,
    0xeb, 0x79, 0xf, 0xfe, 0xf, 0x90, 0xff, 0xea,
    0xf8, 0x3f, 0xf8, 0x4f, 0x83, 0xff, 0xa9, 0x70,
    0x7f, 0xf0, 0xfc, 0x1f, 0xfd, 0x4f, 0x7, 0xff,
    0x12, 0xe0, 0xff, 0xe9, 0x3e, 0xf, 0xfe, 0x2f,
    0x83, 0xff, 0xa5, 0xe4, 0x3f, 0xf8, 0xbe, 0x43,
    0xff, 0xa0, 0xf8, 0x3f, 0xf8, 0xcf, 0x83, 0xff,
    0xa1, 0x70, 0x7f, 0xf1, 0xfc, 0x87, 0xff, 0x3f,
    0xc1, 0xff, 0xc8, 0xb8, 0x3f, 0xf9, 0xd7, 0x7,
    0xff, 0x27, 0xc1, 0xff, 0xce, 0xf2, 0x1f, 0xfc,
    0x9b, 0x83, 0xff, 0x98, 0xf8, 0x3f, 0xf9, 0x4f,
    0x83, 0xff, 0x99, 0xe4, 0x3f, 0xf9, 0x7e, 0x43,
    0xff, 0x97, 0xe0, 0xff, 0xe6, 0x3e, 0xf, 0xfe,
    0x55, 0xc1, 0xff, 0xcd, 0xf0, 0x7f, 0xf2, 0xbc,
    0x1f, 0xfc, 0xeb, 0x83, 0xff, 0x90, 0xf8, 0x3f,
    0xf9, 0xfe, 0xf, 0xfe, 0x47, 0x90, 0xff, 0xe7,
    0xf9, 0xf, 0xfe, 0x3f, 0x83, 0xff, 0xa0, 0xf8,
    0x3f, 0xf8, 0xd7, 0x7, 0xff, 0x47, 0xc1, 0xff,
    0xc6, 0xf0, 0x7f, 0xf4, 0xae, 0xf, 0xfe, 0x23,
    0xc1, 0xff, 0xd3, 0xf0, 0x7f, 0xf1, 0x3c, 0x87,
    0xff, 0x4e, 0xd0, 0xff, 0xe1, 0x3e, 0xf, 0xfe,
    0xa3, 0xe0, 0xff, 0xe1, 0x5a, 0x1f, 0xfd, 0x5f,
    0x21, 0xff, 0xc1, 0xf0, 0x7f, 0xf5, 0x9e, 0xf,
    0xfe, 0x5, 0xc1, 0xff, 0xd7, 0xf0, 0x7f, 0xf0,
    0x3c, 0x87, 0xff, 0x5e, 0xe0, 0xff, 0x3e, 0xf,
    0xfe, 0xc3, 0xe0, 0xff, 0x79, 0xf, 0xfe, 0xcf,
    0x90, 0xfe, 0xf0, 0x7f, 0xf6, 0x9f, 0x7, 0xeb,
    0x83, 0xff, 0xb7, 0xe0, 0xfd, 0xe0, 0xff, 0xee,
    0x5c, 0x1e, 0x7c, 0x1f, 0xfd, 0xdf, 0x7, 0xbc,
    0x87, 0xff, 0x77, 0xc8, 0x67, 0xc1, 0xff, 0xde,
    0x7c, 0x1a, 0xe0, 0xff, 0xef, 0xf8, 0x37, 0x83,
    0xff, 0xc1, 0x70, 0x1e, 0xf, 0xff, 0xf, 0x81,
    0xe4, 0x3f, 0xfc, 0x36, 0xaf, 0x7, 0xff, 0x89,
    0xf5, 0xa1, 0xff, 0xe3, 0xfc, 0x1f, 0xfe, 0x47,
    0xd0, 0x7f, 0xf9, 0x7c, 0x1f, 0xff, 0xf0, 0x0,

    /* U+0057 "W" */
    0xb4, 0x3f, 0xfa, 0x3e, 0xf, 0xfe, 0x97, 0x3c,
    0x1f, 0xfd, 0x7, 0xc8, 0x7f, 0xf4, 0x1e, 0x3c,
    0x1f, 0xfd, 0xb, 0xe0, 0xff, 0xe8, 0x5a, 0x78,
    0x3f, 0xfa, 0x1f, 0x83, 0xff, 0xa1, 0xe0, 0x5a,
    0x1f, 0xfc, 0xff, 0x5a, 0x1f, 0xfc, 0xff, 0x1,
    0xe0, 0xff, 0xe7, 0x5c, 0xf0, 0x7f, 0xf3, 0x9e,
    0xb, 0xc1, 0xff, 0xce, 0xf2, 0x78, 0x3f, 0xf9,
    0xd6, 0x85, 0xe0, 0xff, 0xe7, 0x78, 0x1e, 0x43,
    0xff, 0x9b, 0xe0, 0xd6, 0x87, 0xff, 0x31, 0xe0,
    0x5c, 0x1f, 0xfc, 0xdf, 0x6, 0x78, 0x3f, 0xf9,
    0x96, 0x81, 0xf0, 0x7f, 0xf3, 0x1e, 0xe, 0xf0,
    0x7f, 0xf3, 0x3c, 0x1b, 0xc1, 0xff, 0xcc, 0xb4,
    0x3b, 0xc1, 0xff, 0xcb, 0x7c, 0x1a, 0xd0, 0xff,
    0xe5, 0xf8, 0x3d, 0x68, 0x7f, 0xf2, 0xae, 0xc,
    0xf8, 0x3f, 0xf9, 0x7e, 0xf, 0x3c, 0x1f, 0xfc,
    0xaf, 0x7, 0xbc, 0x1f, 0xfc, 0xa7, 0x83, 0xef,
    0x7, 0xff, 0x2b, 0xc1, 0xef, 0x21, 0xff, 0xc9,
    0xb4, 0x3e, 0xf0, 0x7f, 0xf2, 0x5e, 0xf, 0x3c,
    0x1f, 0xfc, 0x9f, 0x7, 0xeb, 0x43, 0xff, 0x91,
    0xe4, 0x3e, 0xf0, 0x7f, 0xf2, 0x7c, 0x1f, 0x9e,
    0xf, 0xfe, 0x47, 0x83, 0xf7, 0x83, 0xff, 0x90,
    0xf0, 0x7e, 0x7c, 0x1f, 0xfc, 0x77, 0x83, 0xf5,
    0xc1, 0xff, 0xc7, 0xb4, 0x3f, 0xbc, 0x1f, 0xfc,
    0x7b, 0x43, 0xf3, 0xe0, 0xff, 0xe3, 0xf8, 0x3f,
    0xde, 0x43, 0xff, 0x8d, 0xe0, 0xff, 0x78, 0x3f,
    0xf8, 0xfe, 0xf, 0xf5, 0xc1, 0xff, 0xc5, 0x7c,
    0x1f, 0xeb, 0x43, 0xff, 0x8a, 0xf0, 0x7f, 0x9f,
    0x7, 0xff, 0x16, 0xe0, 0xff, 0x3c, 0x1f, 0xfc,
    0x5b, 0x43, 0xfe, 0xf0, 0x7f, 0xf1, 0x7c, 0x87,
    0xfd, 0xe0, 0xff, 0xe2, 0xf8, 0x3f, 0xf8, 0x1e,
    0x43, 0xff, 0x89, 0xe0, 0xff, 0xe0, 0x79, 0xf,
    0xfe, 0x27, 0x83, 0xff, 0x81, 0x70, 0x7f, 0xf0,
    0xde, 0xf, 0xfe, 0x5, 0xc1, 0xff, 0xc3, 0x78,
    0x3f, 0xf8, 0xf, 0x83, 0xff, 0x87, 0xe4, 0x3f,
    0xf8, 0x3e, 0xf, 0xfe, 0x1d, 0xa1, 0xff, 0xc1,
    0xf0, 0x7f, 0xf0, 0xfc, 0x1f, 0xfc, 0x2f, 0x7,
    0xff, 0xf, 0xc1, 0xff, 0xc2, 0xf2, 0x1f, 0xfc,
    0x17, 0xc1, 0xff, 0xc2, 0xb8, 0x3f, 0xf8, 0x5e,
    0xf, 0xfe, 0x15, 0xc1, 0xff, 0xc1, 0xb4, 0x3f,
    0xf8, 0x4f, 0x83, 0xff, 0x82, 0xf0, 0x7f, 0xf0,
    0x9f, 0x7, 0xff, 0x7, 0xc1, 0xff, 0xc4, 0xf0,
    0x7f, 0xf0, 0x6d, 0xf, 0xfe, 0x1f, 0x83, 0xff,
    0x83, 0xe0, 0xff, 0xe2, 0x5a, 0x1f, 0xfc, 0xf,
    0x7, 0xff, 0x13, 0xc8, 0x7f, 0xd7, 0x7, 0xff,
    0x11, 0xe0, 0xff, 0xe0, 0x78, 0x3f, 0xf8, 0x97,
    0x7, 0xfd, 0xe4, 0x3f, 0xf8, 0xbe, 0xf, 0xf9,
    0xe0, 0xff, 0xe2, 0x3e, 0xf, 0xfb, 0xc1, 0xff,
    0xc6, 0xf2, 0x1f, 0xeb, 0x43, 0xff, 0x8b, 0xe0,
    0xff, 0x3c, 0x1f, 0xfc, 0x6b, 0x83, 0xfd, 0xe0,
    0xff, 0xe3, 0x79, 0xf, 0xeb, 0x43, 0xff, 0x8f,
    0xe0, 0xff, 0x78, 0x3f, 0xf8, 0xd7, 0x7, 0xf7,
    0x83, 0xff, 0x91, 0xe0, 0xfe, 0x78, 0x3f, 0xf8,
    0xcf, 0x7, 0xe7, 0xc1, 0xff, 0xc8, 0xb4, 0x3f,
    0x5c, 0x1f, 0xfc, 0x7f, 0x7, 0xeb, 0x83, 0xff,
    0x90, 0xf8, 0x3f, 0x79, 0xf, 0xfe, 0x3f, 0x83,
    0xf7, 0x83, 0xff, 0x95, 0xe0, 0xfd, 0xe0, 0xff,
    0xe4, 0x5a, 0x1f, 0x78, 0x3f, 0xf9, 0x5e, 0x43,
    0xcf, 0x83, 0xff, 0x90, 0xf0, 0x7a, 0xe0, 0xff,
    0xe5, 0x3c, 0x1e, 0xb8, 0x3f, 0xf9, 0x3e, 0xf,
    0x79, 0xf, 0xfe, 0x5f, 0x83, 0xde, 0x43, 0xff,
    0x93, 0xe0, 0xf7, 0x83, 0xff, 0x99, 0xe4, 0x3b,
    0xc1, 0xff, 0xca, 0xb4, 0x33, 0xc1, 0xff, 0xcc,
    0xb8, 0x33, 0xe0, 0xff, 0xe5, 0x3c, 0x1a, 0xd0,
    0xff, 0xe6, 0x3e, 0xd, 0x70, 0x7f, 0xf2, 0xfc,
    0x1b, 0xc1, 0xff, 0xce, 0xf0, 0x6f, 0x21, 0xff,
    0xcb, 0xf0, 0x4f, 0x83, 0xff, 0x9d, 0x68, 0x5e,
    0xf, 0xfe, 0x65, 0xa0, 0xb8, 0x3f, 0xf9, 0xcf,
    0x80, 0xf8, 0x3f, 0xf9, 0x8f, 0x3, 0xc8, 0x7f,
    0xf3, 0xfc, 0xb, 0x83, 0xff, 0x9b, 0xe0, 0x78,
    0x3f, 0xfa, 0x1e, 0x4f, 0x21, 0xff, 0xcd, 0xf0,
    0xf0, 0x7f, 0xf4, 0x2e, 0x3c, 0x1f, 0xfc, 0xeb,
    0x7c, 0x87, 0xff, 0x47, 0xcf, 0x83, 0xff, 0x9c,
    0xfe, 0xf, 0xfe, 0x97, 0xe8, 0x3f, 0xf9, 0xff,
    0x83, 0xff, 0xa5, 0x7c, 0x87, 0xff, 0x3f, 0xe4,
    0x3f, 0xfa, 0x4f, 0xc1, 0xff, 0xd0, 0xbc, 0x1f,
    0xfd, 0x4f, 0x83, 0xff, 0xa0, 0xf8, 0x3f, 0xfa,
    0x97, 0x7, 0xff, 0xfc, 0x38,

    /* U+0058 "X" */
    0xf, 0xff, 0x43, 0xe0, 0xff, 0xee, 0x5e, 0xe,
    0xbc, 0x1f, 0xfd, 0xa7, 0xc1, 0xf7, 0xa0, 0xff,
    0xec, 0xf9, 0xf, 0xde, 0x43, 0xff, 0xaf, 0xe8,
    0x3f, 0x9f, 0x7, 0xff, 0x5a, 0xf0, 0x7f, 0xd7,
    0x83, 0xff, 0xa8, 0xf8, 0x3f, 0xf8, 0x3e, 0x83,
    0xff, 0xa7, 0xe4, 0x3f, 0xf8, 0x5e, 0x83, 0xff,
    0xa3, 0xe8, 0x3f, 0xf8, 0x6f, 0x90, 0xff, 0xe7,
    0xde, 0xf, 0xfe, 0x2b, 0xe0, 0xff, 0xe7, 0x3e,
    0xf, 0xfe, 0x3d, 0xe0, 0xff, 0xe6, 0xf9, 0xf,
    0xfe, 0x47, 0xa0, 0xff, 0xe5, 0xfa, 0xf, 0xfe,
    0x57, 0x90, 0xff, 0xe4, 0xde, 0xf, 0xfe, 0x5b,
    0xe0, 0xff, 0xe4, 0x5e, 0xf, 0xfe, 0x6d, 0xe0,
    0xff, 0xe3, 0x3e, 0x43, 0xff, 0x9d, 0xe8, 0x3f,
    0xf8, 0xbe, 0x83, 0xff, 0xa1, 0xe4, 0x3f, 0xf8,
    0x7f, 0x7, 0xff, 0x45, 0xf0, 0x7f, 0xf0, 0xaf,
    0x7, 0xff, 0x4e, 0xf0, 0x7f, 0xf0, 0x1f, 0x21,
    0xff, 0xd4, 0xf4, 0x1f, 0xf7, 0xa0, 0xff, 0xeb,
    0x79, 0xf, 0xef, 0x41, 0xff, 0xd7, 0x7c, 0x1f,
    0xaf, 0x7, 0xff, 0x66, 0xf0, 0x79, 0xf0, 0x7f,
    0xf6, 0xfd, 0x7, 0x79, 0xf, 0xfe, 0xe7, 0x90,
    0xbd, 0x7, 0xff, 0x75, 0xf2, 0x5e, 0xf, 0xfe,
    0xfd, 0xeb, 0xc1, 0xff, 0xe1, 0xbe, 0x43, 0xff,
    0xc5, 0xf0, 0x7f, 0xf8, 0xaf, 0x90, 0xff, 0xf0,
    0x3e, 0xbc, 0x1f, 0xfe, 0xf, 0x25, 0xe0, 0xff,
    0xef, 0x7a, 0xb, 0xd0, 0x7f, 0xf7, 0x2f, 0x7,
    0x79, 0xf, 0xfe, 0xd5, 0xe0, 0xf3, 0xe0, 0xff,
    0xec, 0xbe, 0x43, 0xeb, 0xc1, 0xff, 0xd8, 0xf4,
    0x1f, 0xde, 0x83, 0xff, 0xad, 0xf0, 0x7f, 0xde,
    0x43, 0xff, 0xa9, 0x78, 0x3f, 0xf8, 0xf, 0x83,
    0xff, 0xa6, 0xf9, 0xf, 0xfe, 0xd, 0xe0, 0xff,
    0xe9, 0x7a, 0xf, 0xfe, 0x1f, 0xa0, 0xff, 0xe8,
    0x7c, 0x1f, 0xfc, 0x5f, 0x21, 0xff, 0xce, 0xbc,
    0x1f, 0xfc, 0x67, 0xc1, 0xff, 0xcd, 0x7c, 0x87,
    0xff, 0x1e, 0xf0, 0x7f, 0xf3, 0x3c, 0x87, 0xff,
    0x27, 0xd0, 0x7f, 0xf2, 0xbd, 0x7, 0xff, 0x2f,
    0xd0, 0x7f, 0xf2, 0x2f, 0x7, 0xff, 0x31, 0xf2,
    0x1f, 0xfc, 0x67, 0xc1, 0xff, 0xce, 0x7c, 0x1f,
    0xfc, 0x6f, 0x21, 0xff, 0xcf, 0xbc, 0x1f, 0xfc,
    0x4f, 0x41, 0xff, 0xd1, 0xf4, 0x1f, 0xfc, 0x2b,
    0xc1, 0xff, 0xd3, 0xf2, 0x1f, 0xfc, 0x7, 0xc1,
    0xff, 0xd4, 0x7c, 0x1f, 0xfc, 0xf, 0x21, 0xff,
    0xd5, 0xbc, 0x1f, 0xef, 0x41, 0xff, 0xd7, 0xf4,
    0x1f, 0xaf, 0x7, 0xff, 0x67, 0xc8, 0x7a, 0xf0,
    0x7f, 0xf6, 0x9f, 0x7, 0x3e, 0x43, 0xff, 0xb7,
    0x78, 0x37, 0xa0, 0xff, 0xee, 0xfa, 0x7, 0xc1,
    0xff, 0xdf, 0xf2,

    /* U+0059 "Y" */
    0x64, 0x3f, 0xfb, 0xac, 0xf, 0x21, 0xff, 0xdb,
    0x7c, 0x7, 0xc1, 0xff, 0xdb, 0xf2, 0x15, 0xc1,
    0xff, 0xd9, 0xf4, 0x1d, 0xe4, 0x3f, 0xfa, 0xef,
    0x83, 0xcf, 0x83, 0xff, 0xaf, 0xe4, 0x3e, 0xb8,
    0x3f, 0xfa, 0xbe, 0x83, 0xfb, 0xc8, 0x7f, 0xf4,
    0xdf, 0x7, 0xf9, 0xf0, 0x7f, 0xf4, 0xfc, 0x87,
    0xfd, 0x70, 0x7f, 0xf4, 0x7d, 0x7, 0xff, 0x7,
    0xc8, 0x7f, 0xf3, 0xdf, 0x7, 0xff, 0x9, 0xf0,
    0x7f, 0xf3, 0xfc, 0x87, 0xff, 0xe, 0xe0, 0xff,
    0xe6, 0xfa, 0xf, 0xfe, 0x2f, 0x90, 0xff, 0xe5,
    0xde, 0xf, 0xfe, 0x33, 0xe0, 0xff, 0xe5, 0xf9,
    0xf, 0xfe, 0x3d, 0xc1, 0xff, 0xc9, 0xf4, 0x1f,
    0xfc, 0x9f, 0x21, 0xff, 0xc7, 0xbc, 0x1f, 0xfc,
    0xa7, 0xc1, 0xff, 0xc7, 0xf2, 0x1f, 0xfc, 0xbb,
    0x83, 0xff, 0x8b, 0xe8, 0x3f, 0xf9, 0xbe, 0x43,
    0xff, 0x87, 0x78, 0x3f, 0xf9, 0xcf, 0x83, 0xff,
    0x87, 0xe0, 0xff, 0xe8, 0x5c, 0x1f, 0xfc, 0x1f,
    0x41, 0xff, 0xd1, 0xf2, 0x1f, 0xf5, 0xe0, 0xff,
    0xe9, 0x3e, 0xf, 0xfb, 0xc1, 0xff, 0xd4, 0xbc,
    0x1f, 0xde, 0x83, 0xff, 0xab, 0xe4, 0x3e, 0xbc,
    0x1f, 0xfd, 0x67, 0xc1, 0xf7, 0x83, 0xff, 0xb1,
    0x78, 0x3b, 0xd0, 0x7f, 0xf6, 0x7c, 0x85, 0x78,
    0x3f, 0xfb, 0x4f, 0x80, 0xf8, 0x3f, 0xfb, 0x97,
    0x8f, 0x41, 0xff, 0xdd, 0xfe, 0xf, 0xfe, 0xf3,
    0xf0, 0x7f, 0xf8, 0x2e, 0xf, 0xff, 0x5, 0xa1,
    0xff, 0xe0, 0xb4, 0x3f, 0xfc, 0x16, 0x87, 0xff,
    0x82, 0xd0, 0xff, 0xf0, 0x5a, 0x1f, 0xfe, 0xb,
    0x43, 0xff, 0xc1, 0x68, 0x7f, 0xf8, 0x2d, 0xf,
    0xff, 0x5, 0xa1, 0xff, 0xe0, 0xb4, 0x3f, 0xfc,
    0x16, 0x87, 0xff, 0x82, 0xd0, 0xff, 0xf0, 0x5a,
    0x1f, 0xfe, 0xb, 0x43, 0xff, 0xc1, 0x68, 0x7f,
    0xf8, 0x2d, 0xf, 0xff, 0x5, 0xa1, 0xff, 0xe0,
    0xb4, 0x3f, 0xfc, 0x16, 0x87, 0xff, 0x82, 0xd0,
    0xff, 0xf0, 0x5a, 0x1f, 0xfe, 0xb, 0x43, 0xff,
    0xc1, 0x68, 0x7f, 0xf8, 0x2d, 0xf, 0xff, 0x5,
    0xa1, 0xff, 0xe1, 0x43, 0xff, 0x96,

    /* U+005A "Z" */
    0x7f, 0xff, 0xbd, 0x1, 0xff, 0xfe, 0xf4, 0x1f,
    0xfd, 0xe7, 0xc1, 0xff, 0xdf, 0xf2, 0x1f, 0xfd,
    0xef, 0x41, 0xff, 0xde, 0xbc, 0x1f, 0xfd, 0xe7,
    0xc1, 0xff, 0xdf, 0xf2, 0x1f, 0xfd, 0xef, 0x41,
    0xff, 0xde, 0xbc, 0x1f, 0xfd, 0xe7, 0xc1, 0xff,
    0xdf, 0xf2, 0x1f, 0xfd, 0xef, 0x41, 0xff, 0xde,
    0xbc, 0x1f, 0xfd, 0xe7, 0xc8, 0x7f, 0xf7, 0xbd,
    0x7, 0xff, 0x7b, 0xe0, 0xff, 0xef, 0x5e, 0xf,
    0xfe, 0xf3, 0xe4, 0x3f, 0xfb, 0xde, 0x83, 0xff,
    0xbd, 0x78, 0x3f, 0xfb, 0xcf, 0x83, 0xff, 0xbf,
    0xe4, 0x3f, 0xfb, 0xde, 0x83, 0xff, 0xbd, 0x78,
    0x3f, 0xfb, 0xcf, 0x83, 0xff, 0xbf, 0xe4, 0x3f,
    0xfb, 0xde, 0x83, 0xff, 0xbd, 0x78, 0x3f, 0xfb,
    0xcf, 0x83, 0xff, 0xbf, 0xe4, 0x3f, 0xfb, 0xde,
    0x83, 0xff, 0xbd, 0x78, 0x3f, 0xfb, 0xcf, 0x83,
    0xff, 0xbf, 0xe4, 0x3f, 0xfb, 0xde, 0x83, 0xff,
    0xbd, 0x78, 0x3f, 0xfb, 0xcf, 0x90, 0xff, 0xef,
    0x7a, 0xf, 0xfe, 0xf5, 0xe0, 0xff, 0xef, 0x3e,
    0xf, 0xfe, 0xff, 0x90, 0xff, 0xef, 0x7a, 0xf,
    0xfe, 0xf5, 0xe0, 0xff, 0xef, 0x3e, 0xf, 0xfe,
    0xff, 0x90, 0xff, 0xef, 0x7a, 0xf, 0xfe, 0xf5,
    0xe0, 0xff, 0xef, 0x3e, 0xf, 0xfe, 0xff, 0x90,
    0xff, 0xef, 0x7a, 0xf, 0xfe, 0xf5, 0xe0, 0xff,
    0xef, 0x3e, 0xf, 0xfe, 0xff, 0x90, 0xff, 0xef,
    0x7a, 0xf, 0xfe, 0xf5, 0xe0, 0xff, 0xef, 0x3e,
    0x43, 0xff, 0xbd, 0xff, 0xfe, 0x17, 0xff, 0xfc,
    0x30,

    /* U+005B "[" */
    0x6b, 0xff, 0x89, 0xff, 0xfc, 0x3b, 0x43, 0xff,
    0x83, 0x68, 0x7f, 0xf0, 0x6d, 0xf, 0xfe, 0xd,
    0xa1, 0xff, 0xc1, 0xb4, 0x3f, 0xf8, 0x36, 0x87,
    0xff, 0x6, 0xd0, 0xff, 0xe0, 0xda, 0x1f, 0xfc,
    0x1b, 0x43, 0xff, 0x83, 0x68, 0x7f, 0xf0, 0x6d,
    0xf, 0xfe, 0xd, 0xa1, 0xff, 0xc1, 0xb4, 0x3f,
    0xf8, 0x36, 0x87, 0xff, 0x6, 0xd0, 0xff, 0xe0,
    0xda, 0x1f, 0xfc, 0x1b, 0x43, 0xff, 0x83, 0x68,
    0x7f, 0xf0, 0x6d, 0xf, 0xfe, 0xd, 0xa1, 0xff,
    0xc1, 0xb4, 0x3f, 0xf8, 0x36, 0x87, 0xff, 0x6,
    0xd0, 0xff, 0xe0, 0xda, 0x1f, 0xfc, 0x1b, 0x43,
    0xff, 0x83, 0x68, 0x7f, 0xf0, 0x6d, 0xf, 0xfe,
    0xd, 0xa1, 0xff, 0xc1, 0xb4, 0x3f, 0xf8, 0x36,
    0x87, 0xff, 0x6, 0xd0, 0xff, 0xe0, 0xda, 0x1f,
    0xfc, 0x1b, 0x43, 0xff, 0x83, 0x68, 0x7f, 0xf0,
    0x6d, 0xf, 0xfe, 0xd, 0xa1, 0xff, 0xc1, 0xb4,
    0x3f, 0xf8, 0x36, 0x87, 0xff, 0x6, 0xd0, 0xff,
    0xe0, 0xda, 0x1f, 0xfc, 0x1b, 0x43, 0xff, 0x83,
    0x68, 0x7f, 0xf0, 0x6d, 0xf, 0xfe, 0xd, 0xa1,
    0xff, 0xc1, 0xb4, 0x3f, 0xf8, 0x36, 0x87, 0xff,
    0x6, 0xd0, 0xff, 0xe0, 0xda, 0x1f, 0xfc, 0x1b,
    0x43, 0xff, 0x83, 0x68, 0x7f, 0xf0, 0x6d, 0xf,
    0xfe, 0xd, 0xa1, 0xff, 0xc1, 0xb4, 0x3f, 0xf8,
    0x36, 0x87, 0xff, 0x6, 0xd0, 0xff, 0xe0, 0xda,
    0x1f, 0xfc, 0x1b, 0x43, 0xff, 0x83, 0x68, 0x7f,
    0xf0, 0x6d, 0xf, 0xfe, 0xd, 0xa1, 0xff, 0xc1,
    0xb4, 0x3f, 0xf8, 0x36, 0x87, 0xff, 0x6, 0xd0,
    0xff, 0xe0, 0xda, 0x1f, 0xfc, 0x1b, 0x43, 0xff,
    0x83, 0x68, 0x7f, 0xf0, 0x6d, 0xf, 0xfe, 0xd,
    0xa1, 0xff, 0xc1, 0xb4, 0x3f, 0xf8, 0x36, 0x87,
    0xff, 0x6, 0xd0, 0xff, 0xe0, 0xda, 0x1f, 0xfc,
    0x1b, 0x43, 0xff, 0x83, 0x68, 0x7f, 0xf0, 0x6f,
    0xff, 0xe1, 0x53, 0xff, 0xf8, 0x60,

    /* U+005C "\\" */
    0x14, 0x1f, 0xfd, 0x7b, 0x83, 0xff, 0xaf, 0xe0,
    0xff, 0xeb, 0xdc, 0x1f, 0xfd, 0x67, 0xc1, 0xff,
    0xd7, 0xf4, 0x1f, 0xfd, 0x67, 0xc1, 0xff, 0xd7,
    0xf4, 0x1f, 0xfd, 0x67, 0xc1, 0xff, 0xd7, 0xf4,
    0x1f, 0xfd, 0x67, 0xc1, 0xff, 0xd7, 0xf4, 0x1f,
    0xfd, 0x67, 0xc1, 0xff, 0xd7, 0xf4, 0x1f, 0xfd,
    0x67, 0xc1, 0xff, 0xd7, 0xf4, 0x1f, 0xfd, 0x67,
    0xc1, 0xff, 0xd7, 0xf2, 0x1f, 0xfd, 0x67, 0xc1,
    0xff, 0xd7, 0xf2, 0x1f, 0xfd, 0x67, 0xc1, 0xff,
    0xd7, 0xf2, 0x1f, 0xfd, 0x67, 0xc1, 0xff, 0xd7,
    0xf2, 0x1f, 0xfd, 0x67, 0xc1, 0xff, 0xd7, 0xf2,
    0x1f, 0xfd, 0x67, 0xc1, 0xff, 0xd7, 0xf2, 0x1f,
    0xfd, 0x67, 0xc1, 0xff, 0xd7, 0xf2, 0x1f, 0xfd,
    0x6b, 0xc1, 0xff, 0xd7, 0xf2, 0x1f, 0xfd, 0x6b,
    0xc1, 0xff, 0xd7, 0xf2, 0x1f, 0xfd, 0x6b, 0xc1,
    0xff, 0xd7, 0xf2, 0x1f, 0xfd, 0x6b, 0xc1, 0xff,
    0xd7, 0xf2, 0x1f, 0xfd, 0x6b, 0xc1, 0xff, 0xd7,
    0xf2, 0x1f, 0xfd, 0x6b, 0x83, 0xff, 0xaf, 0xe0,
    0xff, 0xeb, 0xdc, 0x1f, 0xfd, 0x7f, 0x7, 0xff,
    0x5e, 0xe0, 0xff, 0xeb, 0xf8, 0x3f, 0xfa, 0xf7,
    0x7, 0xff, 0x5f, 0xc1, 0xff, 0xd7, 0xb8, 0x3f,
    0xfa, 0xfe, 0xf, 0xfe, 0xbd, 0xc1, 0xff, 0xd7,
    0xf0, 0x7f, 0xf5, 0xee, 0xf, 0xfe, 0xb3, 0xe0,
    0xff, 0xeb, 0xfa, 0xf, 0xfe, 0xb3, 0xe0, 0xff,
    0xeb, 0xfa, 0xf, 0xfe, 0xb3, 0xe0, 0xff, 0xeb,
    0xfa, 0xf, 0xfe, 0xb3, 0xe0, 0xff, 0xeb, 0xfa,
    0xf, 0xfe, 0xb3, 0xe0, 0xff, 0xeb, 0xfa, 0xf,
    0xfe, 0xb3, 0xe0, 0xff, 0xeb, 0xf9, 0xf, 0xfe,
    0xb3, 0xe0, 0xff, 0xeb, 0xf9, 0xf, 0xfe, 0xb3,
    0xe0, 0xff, 0xeb, 0xf9, 0xf, 0xfe, 0xba, 0x80,

    /* U+005D "]" */
    0x3f, 0xff, 0x86, 0x9f, 0xff, 0xc3, 0x43, 0xff,
    0x85, 0x68, 0x7f, 0xf0, 0xad, 0xf, 0xfe, 0x15,
    0xa1, 0xff, 0xc2, 0xb4, 0x3f, 0xf8, 0x56, 0x87,
    0xff, 0xa, 0xd0, 0xff, 0xe1, 0x5a, 0x1f, 0xfc,
    0x2b, 0x43, 0xff, 0x85, 0x68, 0x7f, 0xf0, 0xad,
    0xf, 0xfe, 0x15, 0xa1, 0xff, 0xc2, 0xb4, 0x3f,
    0xf8, 0x56, 0x87, 0xff, 0xa, 0xd0, 0xff, 0xe1,
    0x5a, 0x1f, 0xfc, 0x2b, 0x43, 0xff, 0x85, 0x68,
    0x7f, 0xf0, 0xad, 0xf, 0xfe, 0x15, 0xa1, 0xff,
    0xc2, 0xb4, 0x3f, 0xf8, 0x56, 0x87, 0xff, 0xa,
    0xd0, 0xff, 0xe1, 0x5a, 0x1f, 0xfc, 0x2b, 0x43,
    0xff, 0x85, 0x68, 0x7f, 0xf0, 0xad, 0xf, 0xfe,
    0x15, 0xa1, 0xff, 0xc2, 0xb4, 0x3f, 0xf8, 0x56,
    0x87, 0xff, 0xa, 0xd0, 0xff, 0xe1, 0x5a, 0x1f,
    0xfc, 0x2b, 0x43, 0xff, 0x85, 0x68, 0x7f, 0xf0,
    0xad, 0xf, 0xfe, 0x15, 0xa1, 0xff, 0xc2, 0xb4,
    0x3f, 0xf8, 0x56, 0x87, 0xff, 0xa, 0xd0, 0xff,
    0xe1, 0x5a, 0x1f, 0xfc, 0x2b, 0x43, 0xff, 0x85,
    0x68, 0x7f, 0xf0, 0xad, 0xf, 0xfe, 0x15, 0xa1,
    0xff, 0xc2, 0xb4, 0x3f, 0xf8, 0x56, 0x87, 0xff,
    0xa, 0xd0, 0xff, 0xe1, 0x5a, 0x1f, 0xfc, 0x2b,
    0x43, 0xff, 0x85, 0x68, 0x7f, 0xf0, 0xad, 0xf,
    0xfe, 0x15, 0xa1, 0xff, 0xc2, 0xb4, 0x3f, 0xf8,
    0x56, 0x87, 0xff, 0xa, 0xd0, 0xff, 0xe1, 0x5a,
    0x1f, 0xfc, 0x2b, 0x43, 0xff, 0x85, 0x68, 0x7f,
    0xf0, 0xad, 0xf, 0xfe, 0x15, 0xa1, 0xff, 0xc2,
    0xb4, 0x3f, 0xf8, 0x56, 0x87, 0xff, 0xa, 0xd0,
    0xff, 0xe1, 0x5a, 0x1f, 0xfc, 0x2b, 0x43, 0xff,
    0x85, 0x68, 0x7f, 0xf0, 0xad, 0xf, 0xfe, 0x15,
    0xa1, 0xff, 0xc2, 0xb4, 0x3f, 0xf8, 0x56, 0x87,
    0xff, 0xa, 0xd0, 0xff, 0xe1, 0x5a, 0x1f, 0xfc,
    0x2b, 0x43, 0xff, 0x85, 0x68, 0x7f, 0xf0, 0xad,
    0x3f, 0xff, 0x86, 0x9f, 0xff, 0xc3, 0x40,

    /* U+005E "^" */
    0xf, 0xfe, 0x2b, 0x21, 0xff, 0xd6, 0xf8, 0x3f,
    0xfa, 0xb7, 0xd0, 0x7f, 0xf5, 0x3c, 0xf8, 0x3f,
    0xfa, 0x77, 0x17, 0x7, 0xff, 0x4b, 0xc1, 0x78,
    0x3f, 0xfa, 0x3e, 0x82, 0xbc, 0x1f, 0xfc, 0xf7,
    0xc1, 0xde, 0x43, 0xff, 0x9d, 0xe4, 0x39, 0xf0,
    0x7f, 0xf3, 0x5f, 0x7, 0xde, 0x43, 0xff, 0x99,
    0xe4, 0x3e, 0x7c, 0x1f, 0xfc, 0xbb, 0xc1, 0xfd,
    0x70, 0x7f, 0xf2, 0xbc, 0x1f, 0xf7, 0x83, 0xff,
    0x93, 0x70, 0x7f, 0xd7, 0x83, 0xff, 0x8e, 0xf8,
    0x3f, 0xf8, 0x3e, 0x43, 0xff, 0x8d, 0xe8, 0x3f,
    0xf8, 0x2f, 0x83, 0xff, 0x8a, 0xf8, 0x3f, 0xf8,
    0x7e, 0x43, 0xff, 0x89, 0xe4, 0x3f, 0xf8, 0x6f,
    0x83, 0xff, 0x87, 0x78, 0x3f, 0xf8, 0xbe, 0x83,
    0xff, 0x85, 0xe4, 0x3f, 0xf8, 0xde, 0xf, 0xfe,
    0xd, 0xc1, 0xff, 0xc7, 0xb8, 0x3f, 0xf8, 0x1e,
    0xf, 0xfe, 0x4f, 0x90, 0xff, 0x7a, 0xf, 0xfe,
    0x4d, 0xe0, 0xfe, 0x7c, 0x1f, 0xfc, 0xbf, 0x21,
    0xfb, 0xc8, 0x7f, 0xf2, 0xdf, 0x7, 0xcf, 0x83,
    0xff, 0x9b, 0xe8, 0x3d, 0xe4, 0x3f, 0xf9, 0xaf,
    0x83, 0xaf, 0x7, 0xff, 0x3e, 0xe0, 0xde, 0xf,
    0xfe, 0x8f, 0x82, 0xb8, 0x3f, 0xfa, 0x37, 0x87,
    0xc1, 0xff, 0xd3, 0xf2, 0x1f, 0xfd, 0x90,

    /* U+005F "_" */
    0xff, 0xfe, 0xe1, 0xff, 0xfd, 0xc0,

    /* U+0060 "`" */
    0x19, 0xf, 0xf7, 0xd0, 0x7f, 0xbe, 0x43, 0xfd,
    0xf0, 0x7f, 0xdf, 0x7, 0xf9, 0xf4, 0x1f, 0xe7,
    0xc8, 0x7f, 0xaf, 0x7, 0xfd, 0x78, 0x3f, 0xeb,
    0x83, 0xfe, 0xf4, 0x1f, 0xf7, 0x80,

    /* U+0061 "a" */
    0xf, 0xfe, 0x23, 0x4f, 0xf4, 0x87, 0xff, 0x49,
    0xbf, 0xff, 0x85, 0x7, 0xfd, 0x68, 0x7f, 0xf0,
    0x3f, 0x48, 0x7e, 0x6f, 0xa0, 0xfe, 0xb4, 0x3f,
    0xd7, 0xc8, 0x7f, 0xf0, 0x9f, 0x90, 0xfa, 0xd0,
    0xfe, 0xf9, 0xf, 0xfe, 0x33, 0xf0, 0x7a, 0xd0,
    0xf9, 0xf4, 0x1f, 0xfc, 0xaf, 0x83, 0xad, 0xf,
    0x3e, 0x43, 0xff, 0x99, 0x78, 0x35, 0xa1, 0xef,
    0x21, 0xff, 0xce, 0xbc, 0x15, 0xa1, 0xde, 0x43,
    0xff, 0xa1, 0x78, 0x16, 0x86, 0xb8, 0x3f, 0xfa,
    0x5e, 0x8b, 0x42, 0x7c, 0x1f, 0xfd, 0x4f, 0x16,
    0x85, 0xe4, 0x3f, 0xfa, 0x8f, 0xad, 0x3, 0xc1,
    0xff, 0xd6, 0xfc, 0x83, 0xc8, 0x7f, 0xf5, 0x9f,
    0x91, 0xf0, 0x7f, 0xf6, 0x3e, 0x4b, 0x43, 0xff,
    0xb1, 0x79, 0x3c, 0x1f, 0xfd, 0x97, 0xc9, 0xe0,
    0xff, 0xed, 0x79, 0x5e, 0xf, 0xfe, 0xd7, 0x95,
    0xc1, 0xff, 0xda, 0xf3, 0x70, 0x7f, 0xf6, 0xad,
    0xb8, 0x3f, 0xfb, 0x57, 0x4e, 0xf, 0xfe, 0xd5,
    0xd3, 0x83, 0xff, 0xb5, 0x6a, 0xe0, 0xff, 0xed,
    0x79, 0x5e, 0xf, 0xfe, 0xd7, 0x93, 0xc1, 0xff,
    0xda, 0xf2, 0x78, 0x3f, 0xfb, 0x2f, 0x92, 0xe0,
    0xff, 0xec, 0x5e, 0x47, 0xc1, 0xff, 0xd8, 0xf9,
    0x7, 0x90, 0xff, 0xeb, 0x3f, 0x20, 0x78, 0x3f,
    0xfa, 0xdf, 0x90, 0xbc, 0x87, 0xff, 0x51, 0xf5,
    0xa1, 0x3e, 0xf, 0xfe, 0xa7, 0x8b, 0x43, 0x5c,
    0x1f, 0xfd, 0x2b, 0x8b, 0x43, 0xbc, 0x87, 0xff,
    0x42, 0xf0, 0x2d, 0xf, 0x79, 0xf, 0xfe, 0x73,
    0xe0, 0xad, 0xf, 0x3e, 0x43, 0xff, 0x99, 0x78,
    0x35, 0xa1, 0xf3, 0xe8, 0x3f, 0xf9, 0x57, 0x83,
    0xad, 0xf, 0xef, 0x90, 0xff, 0xe3, 0x3f, 0x7,
    0xad, 0xf, 0xf5, 0xf2, 0x1f, 0xfc, 0x27, 0xe4,
    0x3e, 0xb4, 0x3f, 0xf8, 0x1f, 0xa4, 0x3f, 0x37,
    0xd0, 0x7f, 0x5a, 0x1f, 0xfc, 0x16, 0xff, 0xfe,
    0x14, 0x1f, 0xf5, 0xa1, 0xff, 0xc4, 0x69, 0xfe,
    0x90, 0xff, 0xe2, 0x80,

    /* U+0062 "b" */
    0xf, 0xff, 0x7, 0x83, 0xff, 0xbd, 0xe0, 0xff,
    0xef, 0x78, 0x3f, 0xfb, 0xde, 0xf, 0xfe, 0xf7,
    0x83, 0xff, 0xbd, 0xe0, 0xff, 0xef, 0x78, 0x3f,
    0xfb, 0xde, 0xf, 0xfe, 0xf7, 0x83, 0xff, 0xbd,
    0xe0, 0xff, 0xef, 0x78, 0x3f, 0xfb, 0xde, 0xf,
    0xfe, 0xf7, 0x83, 0xff, 0xbd, 0xe0, 0xff, 0xef,
    0x78, 0x3f, 0xfb, 0xde, 0xf, 0xfe, 0xf7, 0x83,
    0xff, 0xbd, 0xe0, 0xff, 0xe1, 0x37, 0xfd, 0x21,
    0xff, 0xc5, 0xf0, 0x7f, 0xcf, 0xff, 0xf0, 0xd0,
    0xff, 0xe1, 0x78, 0x3f, 0x9f, 0xd2, 0x1f, 0x37,
    0xe8, 0x3f, 0xf8, 0x1e, 0xf, 0xdf, 0x48, 0x7f,
    0xf0, 0xaf, 0x90, 0xff, 0x78, 0x3c, 0xfa, 0xf,
    0xfe, 0x3d, 0xe8, 0x3f, 0xbc, 0x1d, 0x79, 0xf,
    0xfe, 0x4b, 0xe8, 0x3f, 0x78, 0x35, 0xe0, 0xff,
    0xe6, 0xfc, 0x1f, 0x78, 0x2b, 0xc1, 0xff, 0xcf,
    0xf4, 0x1e, 0xf0, 0x1f, 0x7, 0xff, 0x47, 0xd0,
    0x77, 0x81, 0xe4, 0x3f, 0xfa, 0x5e, 0x43, 0x78,
    0xb8, 0x3f, 0xfa, 0x6f, 0x83, 0x79, 0xf0, 0x7f,
    0xf5, 0x7c, 0x85, 0xf9, 0xf, 0xfe, 0xb7, 0x82,
    0xfc, 0x1f, 0xfd, 0x7b, 0x41, 0xf4, 0x1f, 0xfd,
    0x77, 0xc0, 0xf8, 0x3f, 0xfb, 0x3e, 0x7, 0xc1,
    0xff, 0xd9, 0xb4, 0xf4, 0x1f, 0xfd, 0x97, 0x8f,
    0x21, 0xff, 0xd9, 0x7c, 0x79, 0xf, 0xfe, 0xd7,
    0x8f, 0x21, 0xff, 0xda, 0xf1, 0xe0, 0xff, 0xed,
    0xf8, 0xf0, 0x7f, 0xf6, 0xfc, 0x79, 0xf, 0xfe,
    0xd7, 0x8f, 0x21, 0xff, 0xda, 0xf1, 0xe4, 0x3f,
    0xfb, 0x2f, 0x8f, 0x41, 0xff, 0xd9, 0x78, 0xf8,
    0x3f, 0xfb, 0x36, 0x9f, 0x7, 0xff, 0x67, 0xc0,
    0xfa, 0xf, 0xfe, 0xbb, 0xe0, 0x7e, 0xf, 0xfe,
    0xbd, 0xa0, 0xfc, 0x87, 0xff, 0x5b, 0xc1, 0x79,
    0xf0, 0x7f, 0xf5, 0x7c, 0x85, 0xe2, 0xe0, 0xff,
    0xe9, 0xbe, 0xd, 0xe0, 0x79, 0xf, 0xfe, 0x97,
    0x90, 0xde, 0x3, 0xe0, 0xff, 0xe8, 0xfa, 0xe,
    0xf0, 0x57, 0x83, 0xff, 0x9f, 0xe8, 0x3d, 0xe0,
    0xd7, 0x83, 0xff, 0x9b, 0xf0, 0x7d, 0xe0, 0xeb,
    0xc8, 0x7f, 0xf2, 0x5f, 0x41, 0xfb, 0xc1, 0xe7,
    0xd0, 0x7f, 0xf1, 0xef, 0x41, 0xfd, 0xe0, 0xfd,
    0xf4, 0x1f, 0xfc, 0x3b, 0xe4, 0x3f, 0xde, 0xf,
    0xe7, 0xf4, 0x87, 0xcd, 0xfa, 0xf, 0xfe, 0x7,
    0x83, 0xfe, 0x7f, 0xff, 0x86, 0x87, 0xff, 0x49,
    0xbf, 0xe9, 0xf, 0xfe, 0x28,

    /* U+0063 "c" */
    0xf, 0xfe, 0x2b, 0x7f, 0xd2, 0x1f, 0xfd, 0xb,
    0xff, 0xf8, 0x70, 0x7f, 0xf2, 0xef, 0xd2, 0x1f,
    0x37, 0xe8, 0x3f, 0xf8, 0xef, 0xd0, 0x7f, 0xf0,
    0xef, 0xa0, 0xff, 0xe2, 0x7d, 0x7, 0xff, 0x1e,
    0xf8, 0x3f, 0xf8, 0x5f, 0x7, 0xff, 0x2f, 0xe4,
    0x3f, 0xef, 0x41, 0xff, 0xcd, 0xbc, 0x87, 0xf7,
    0xa0, 0xff, 0xe7, 0xde, 0x43, 0xef, 0x41, 0xff,
    0xd1, 0xbc, 0x1e, 0xb8, 0x3f, 0xfa, 0x77, 0x83,
    0x3e, 0xf, 0xfe, 0xaf, 0x90, 0xbc, 0x87, 0xff,
    0x59, 0x9, 0xf0, 0x7f, 0xf6, 0xfc, 0x87, 0xff,
    0x69, 0xf0, 0x7f, 0xf6, 0xee, 0xf, 0xfe, 0xdf,
    0x83, 0xff, 0xb9, 0xe0, 0xff, 0xed, 0xbe, 0xf,
    0xfe, 0xdb, 0xc1, 0xff, 0xdb, 0xb8, 0x3f, 0xfb,
    0x77, 0x7, 0xff, 0x6e, 0xe0, 0xff, 0xed, 0xdc,
    0x1f, 0xfd, 0xb7, 0x83, 0xff, 0xb6, 0xf8, 0x3f,
    0xfb, 0x9e, 0xf, 0xfe, 0xe7, 0x83, 0xff, 0xb9,
    0x70, 0x7f, 0xf6, 0xdf, 0x7, 0xff, 0x73, 0xc8,
    0x7f, 0xf6, 0xdf, 0x7, 0xff, 0x73, 0xc8, 0x7f,
    0xf6, 0xdf, 0x7, 0xff, 0x56, 0xc3, 0xae, 0xf,
    0xfe, 0x9d, 0xe0, 0xf7, 0xa0, 0xff, 0xe8, 0xbe,
    0xf, 0xde, 0x83, 0xff, 0x9e, 0xf9, 0xf, 0xef,
    0x41, 0xff, 0xcd, 0xbc, 0x87, 0xfd, 0xf0, 0x7f,
    0xf2, 0xfe, 0x43, 0xff, 0x83, 0x7a, 0xf, 0xfe,
    0x3b, 0xf0, 0x7f, 0xf1, 0x1f, 0xa0, 0xff, 0xe1,
    0xdf, 0x41, 0xff, 0xc7, 0xbf, 0x48, 0x7c, 0xdf,
    0xa0, 0xff, 0xe5, 0xdf, 0xff, 0xc3, 0x83, 0xff,
    0xa0, 0xdf, 0xf4, 0x87, 0xff, 0x8,

    /* U+0064 "d" */
    0xf, 0xff, 0xf8, 0x7f, 0xad, 0xf, 0xfe, 0xed,
    0xa1, 0xff, 0xdd, 0xb4, 0x3f, 0xfb, 0xb6, 0x87,
    0xff, 0x76, 0xd0, 0xff, 0xee, 0xda, 0x1f, 0xfd,
    0xdb, 0x43, 0xff, 0xbb, 0x68, 0x7f, 0xf7, 0x6d,
    0xf, 0xfe, 0xed, 0xa1, 0xff, 0xdd, 0xb4, 0x3f,
    0xfb, 0xb6, 0x87, 0xff, 0x76, 0xd0, 0xff, 0xee,
    0xda, 0x1f, 0xfd, 0xdb, 0x43, 0xff, 0xbb, 0x68,
    0x7f, 0xf7, 0x6d, 0xf, 0xfe, 0x23, 0x4f, 0xf4,
    0x87, 0xff, 0xa, 0xd0, 0xff, 0xe0, 0xb7, 0xff,
    0xf0, 0xa0, 0xff, 0xad, 0xf, 0xfe, 0x7, 0xe9,
    0xf, 0xcd, 0xf4, 0x1f, 0xd6, 0x87, 0xfa, 0xf9,
    0xf, 0xfe, 0x13, 0xf2, 0x1f, 0x5a, 0x1f, 0xdf,
    0x21, 0xff, 0xc6, 0x7e, 0xf, 0x5a, 0x1f, 0x3e,
    0x83, 0xff, 0x95, 0xf0, 0x75, 0xa1, 0xe7, 0xc8,
    0x7f, 0xf3, 0x2f, 0x6, 0xb4, 0x3d, 0xe4, 0x3f,
    0xf9, 0xd7, 0x82, 0xb4, 0x3b, 0xc8, 0x7f, 0xf4,
    0x2f, 0x2, 0xd0, 0xd7, 0x7, 0xff, 0x4b, 0xd1,
    0x68, 0x4f, 0x83, 0xff, 0xa9, 0xe2, 0xd0, 0xbc,
    0x87, 0xff, 0x51, 0xf5, 0xa0, 0x78, 0x3f, 0xfa,
    0xdf, 0x90, 0x79, 0xf, 0xfe, 0xb3, 0xf2, 0x3e,
    0xf, 0xfe, 0xc7, 0xc9, 0x68, 0x7f, 0xf6, 0x2f,
    0x27, 0x83, 0xff, 0xb2, 0xf9, 0x3c, 0x1f, 0xfd,
    0xaf, 0x2b, 0xc1, 0xff, 0xda, 0xf2, 0xb8, 0x3f,
    0xfb, 0x5e, 0x6e, 0xf, 0xfe, 0xd5, 0xb7, 0x7,
    0xff, 0x6a, 0xe9, 0xc1, 0xff, 0xda, 0xba, 0x70,
    0x7f, 0xf6, 0xad, 0x5c, 0x1f, 0xfd, 0xaf, 0x2b,
    0xc1, 0xff, 0xda, 0xf2, 0x78, 0x3f, 0xfb, 0x5e,
    0x4f, 0x7, 0xff, 0x65, 0xf2, 0x5c, 0x1f, 0xfd,
    0x8b, 0xc8, 0xf8, 0x3f, 0xfb, 0x1f, 0x20, 0xf2,
    0x1f, 0xfd, 0x67, 0xe4, 0xf, 0x7, 0xff, 0x5b,
    0xf2, 0x17, 0x90, 0xff, 0xea, 0x3e, 0xb4, 0x27,
    0xc1, 0xff, 0xd4, 0xf1, 0x68, 0x6b, 0x83, 0xff,
    0xa5, 0x71, 0x68, 0x77, 0x90, 0xff, 0xe8, 0x5e,
    0x5, 0xa1, 0xef, 0x21, 0xff, 0xce, 0x7c, 0x15,
    0xa1, 0xe7, 0xc8, 0x7f, 0xf3, 0x2f, 0x6, 0xb4,
    0x3e, 0x7d, 0x7, 0xff, 0x2a, 0xf0, 0x75, 0xa1,
    0xfd, 0xf2, 0x1f, 0xfc, 0x67, 0xe0, 0xf5, 0xa1,
    0xfe, 0xbe, 0x43, 0xff, 0x84, 0xfc, 0x87, 0xd6,
    0x87, 0xff, 0x3, 0xf4, 0x87, 0xe6, 0xfa, 0xf,
    0xeb, 0x43, 0xff, 0x82, 0xdf, 0xff, 0xc2, 0x83,
    0xfe, 0xb4, 0x3f, 0xf8, 0x8d, 0x3f, 0xd2, 0x1f,
    0xfc, 0x50,

    /* U+0065 "e" */
    0xf, 0xfe, 0x23, 0x4f, 0xfa, 0x43, 0xff, 0xa4,
    0xdf, 0xff, 0xc3, 0x43, 0xff, 0x9a, 0xfe, 0x90,
    0xfc, 0xdf, 0xa0, 0xff, 0xe5, 0x7d, 0x21, 0xff,
    0xc3, 0xbe, 0x43, 0xff, 0x8c, 0xfc, 0x1f, 0xfc,
    0x8b, 0xd0, 0x7f, 0xf1, 0x2f, 0x21, 0xff, 0xca,
    0x7d, 0x7, 0xff, 0xa, 0xf0, 0x7f, 0xf3, 0xbd,
    0x7, 0xff, 0x2, 0xf0, 0x7f, 0xf4, 0x3d, 0x7,
    0xf9, 0xf0, 0x7f, 0xf4, 0xbc, 0x87, 0xf7, 0x90,
    0xff, 0xe9, 0x3e, 0xf, 0xd7, 0x7, 0xff, 0x52,
    0xe0, 0xfb, 0xc1, 0xff, 0xd6, 0xf2, 0x1d, 0x70,
    0x7f, 0xf5, 0x9f, 0x7, 0x78, 0x3f, 0xfb, 0x1e,
    0xc, 0xf0, 0x7f, 0xf6, 0x2e, 0xa, 0xd0, 0xff,
    0xec, 0x3e, 0xb, 0xc1, 0xff, 0xda, 0xf0, 0x5e,
    0xf, 0xfe, 0xd7, 0x91, 0xf0, 0x7f, 0xf6, 0xad,
    0x1e, 0xf, 0xfe, 0xd3, 0xc5, 0xc1, 0xff, 0xda,
    0x78, 0xbf, 0xff, 0xbe, 0x5f, 0xff, 0xde, 0x8b,
    0x83, 0xff, 0xbc, 0xf0, 0x7f, 0xf7, 0x9f, 0x7,
    0xff, 0x7f, 0xc1, 0xff, 0xdf, 0xf0, 0x7f, 0xf7,
    0xed, 0xf, 0xfe, 0xf3, 0xe0, 0xff, 0xef, 0xf8,
    0x3f, 0xfb, 0x5a, 0x15, 0xc1, 0xff, 0xd8, 0xb8,
    0x37, 0x83, 0xff, 0xb1, 0xe0, 0xeb, 0x83, 0xff,
    0xad, 0xe8, 0x3d, 0xe4, 0x3f, 0xfa, 0x97, 0x83,
    0xe7, 0xc1, 0xff, 0xd3, 0xbc, 0x1f, 0xcf, 0x83,
    0xff, 0xa3, 0x78, 0x3f, 0xeb, 0xc1, 0xff, 0xcf,
    0xbc, 0x1f, 0xfc, 0x1b, 0xc8, 0x7f, 0xf2, 0xdf,
    0x83, 0xff, 0x86, 0xfc, 0x87, 0xff, 0x22, 0xf4,
    0x1f, 0xfc, 0x6b, 0xe4, 0x3f, 0xf8, 0x6d, 0xf2,
    0x1f, 0xfc, 0x87, 0xf4, 0x87, 0xf3, 0x7e, 0x43,
    0xff, 0x98, 0xdf, 0xff, 0xc3, 0x90, 0xff, 0xe8,
    0xaa, 0xff, 0xa8, 0x87, 0xff, 0x10,

    /* U+0066 "f" */
    0xf, 0xfe, 0x3b, 0x4f, 0x90, 0xff, 0xe2, 0xdf,
    0xf2, 0x1f, 0xfc, 0x3b, 0xe4, 0x3f, 0xf9, 0x1f,
    0x21, 0xff, 0xc9, 0xf4, 0x1f, 0xfc, 0xab, 0x83,
    0xff, 0x94, 0xf8, 0x3f, 0xf9, 0x7e, 0x43, 0xff,
    0x97, 0xe0, 0xff, 0xe5, 0xbc, 0x1f, 0xfc, 0xbb,
    0x43, 0xff, 0x97, 0xe4, 0x3f, 0xf9, 0x7e, 0xf,
    0xfe, 0x67, 0x83, 0xff, 0x99, 0xe0, 0xff, 0xe6,
    0x78, 0x3f, 0xf9, 0x9e, 0xf, 0xfe, 0x67, 0x83,
    0xff, 0x85, 0x7f, 0xff, 0x31, 0xbf, 0xff, 0x98,
    0x87, 0xfb, 0xc1, 0xff, 0xcc, 0xf0, 0x7f, 0xf3,
    0x3c, 0x1f, 0xfc, 0xcf, 0x7, 0xff, 0x33, 0xc1,
    0xff, 0xcc, 0xf0, 0x7f, 0xf3, 0x3c, 0x1f, 0xfc,
    0xcf, 0x7, 0xff, 0x33, 0xc1, 0xff, 0xcc, 0xf0,
    0x7f, 0xf3, 0x3c, 0x1f, 0xfc, 0xcf, 0x7, 0xff,
    0x33, 0xc1, 0xff, 0xcc, 0xf0, 0x7f, 0xf3, 0x3c,
    0x1f, 0xfc, 0xcf, 0x7, 0xff, 0x33, 0xc1, 0xff,
    0xcc, 0xf0, 0x7f, 0xf3, 0x3c, 0x1f, 0xfc, 0xcf,
    0x7, 0xff, 0x33, 0xc1, 0xff, 0xcc, 0xf0, 0x7f,
    0xf3, 0x3c, 0x1f, 0xfc, 0xcf, 0x7, 0xff, 0x33,
    0xc1, 0xff, 0xcc, 0xf0, 0x7f, 0xf3, 0x3c, 0x1f,
    0xfc, 0xcf, 0x7, 0xff, 0x33, 0xc1, 0xff, 0xcc,
    0xf0, 0x7f, 0xf3, 0x3c, 0x1f, 0xfc, 0xcf, 0x7,
    0xff, 0x33, 0xc1, 0xff, 0xcc, 0xf0, 0x7f, 0xf3,
    0x3c, 0x1f, 0xfc, 0xcf, 0x7, 0xff, 0x33, 0xc1,
    0xff, 0xcc, 0xf0, 0x7f, 0xf3, 0x3c, 0x1f, 0xfc,
    0xcf, 0x7, 0xff, 0x70,

    /* U+0067 "g" */
    0xf, 0xfe, 0x23, 0x4f, 0xf4, 0x87, 0xff, 0x49,
    0xbf, 0xff, 0x85, 0x7, 0xfd, 0x68, 0x7f, 0xf0,
    0x3f, 0x48, 0x7e, 0x6f, 0xa0, 0xfe, 0xb4, 0x3f,
    0xd7, 0xc8, 0x7f, 0xf0, 0x9f, 0x90, 0xfa, 0xd0,
    0xfe, 0xf9, 0xf, 0xfe, 0x33, 0xf0, 0x7a, 0xd0,
    0xf9, 0xf4, 0x1f, 0xfc, 0xaf, 0x83, 0xad, 0xf,
    0x3e, 0x43, 0xff, 0x99, 0x78, 0x35, 0xa1, 0xef,
    0x21, 0xff, 0xce, 0x7c, 0x15, 0xa1, 0xde, 0x43,
    0xff, 0xa1, 0x78, 0x16, 0x86, 0xb8, 0x3f, 0xfa,
    0x57, 0x16, 0x84, 0xf8, 0x3f, 0xfa, 0x9e, 0x2d,
    0xb, 0xc8, 0x7f, 0xf5, 0x1f, 0x5a, 0x7, 0x83,
    0xff, 0xad, 0xf9, 0x7, 0x83, 0xff, 0xae, 0xfc,
    0x8f, 0x83, 0xff, 0xb1, 0xf2, 0x5a, 0x1f, 0xfd,
    0x8b, 0xc9, 0xe0, 0xff, 0xec, 0xbe, 0x4f, 0x7,
    0xff, 0x6b, 0xca, 0xf0, 0x7f, 0xf6, 0xbc, 0xae,
    0xf, 0xfe, 0xd7, 0x9b, 0x83, 0xff, 0xb5, 0x6d,
    0xc1, 0xff, 0xda, 0xba, 0x70, 0x7f, 0xf6, 0xae,
    0x9c, 0x1f, 0xfd, 0xaf, 0x2b, 0x83, 0xff, 0xb5,
    0xe5, 0x78, 0x3f, 0xfb, 0x5e, 0x4f, 0x7, 0xff,
    0x6b, 0xc9, 0xe4, 0x3f, 0xfb, 0xf, 0x92, 0xe0,
    0xff, 0xec, 0x5e, 0x41, 0xe0, 0xff, 0xec, 0x7c,
    0x83, 0xc8, 0x7f, 0xf5, 0x9f, 0x90, 0x3e, 0xf,
    0xfe, 0xb7, 0xe4, 0x2f, 0x21, 0xff, 0xd4, 0xba,
    0x68, 0x4f, 0x83, 0xff, 0xa9, 0xe2, 0xd0, 0xd7,
    0x7, 0xff, 0x4b, 0xc9, 0x68, 0x77, 0x90, 0xff,
    0xe8, 0x5e, 0x5, 0xa1, 0xef, 0x21, 0xff, 0xce,
    0xbc, 0x15, 0xa1, 0xf7, 0xa0, 0xff, 0xe6, 0x5e,
    0xd, 0x68, 0x7e, 0xf4, 0x1f, 0xfc, 0xaf, 0x83,
    0xad, 0xf, 0xef, 0x90, 0xff, 0xe3, 0x5e, 0x83,
    0xd6, 0x87, 0xfa, 0xf9, 0xf, 0xfe, 0x15, 0xf2,
    0x1f, 0x5a, 0x1f, 0xfc, 0xb, 0xe9, 0x41, 0xe6,
    0xfd, 0x7, 0xf5, 0xa1, 0xff, 0xc2, 0xbf, 0xff,
    0x84, 0x87, 0xfd, 0xe4, 0x3f, 0xf8, 0xad, 0xfd,
    0x44, 0x3f, 0xf8, 0x5e, 0xf, 0xfe, 0xf7, 0x83,
    0xff, 0xba, 0xf0, 0x7f, 0xf7, 0x7c, 0x87, 0xff,
    0x77, 0xc1, 0xff, 0xdd, 0xb8, 0x32, 0x83, 0xff,
    0xaf, 0xe0, 0xcf, 0x83, 0xff, 0xad, 0x70, 0x75,
    0xe0, 0xff, 0xea, 0x3e, 0xf, 0xaf, 0x7, 0xff,
    0x49, 0xf0, 0x7f, 0x7a, 0xf, 0xfe, 0x8f, 0x90,
    0xff, 0x7c, 0x1f, 0xfc, 0xe7, 0xd0, 0x7f, 0xf0,
    0x3e, 0x43, 0xff, 0x97, 0x79, 0xf, 0xfe, 0x15,
    0xe8, 0x3f, 0xf9, 0xf, 0xc8, 0x7f, 0xf1, 0x1f,
    0xa0, 0xff, 0xe2, 0x3f, 0x41, 0xff, 0xc8, 0xbf,
    0x48, 0x7f, 0x37, 0xe4, 0x3f, 0xf9, 0x6f, 0xff,
    0xf1, 0x24, 0x3f, 0xfa, 0xd, 0x3f, 0xea, 0x21,
    0xff, 0xc4,

    /* U+0068 "h" */
    0xf, 0xfe, 0xc7, 0x83, 0xff, 0xad, 0xe0, 0xff,
    0xeb, 0x78, 0x3f, 0xfa, 0xde, 0xf, 0xfe, 0xb7,
    0x83, 0xff, 0xad, 0xe0, 0xff, 0xeb, 0x78, 0x3f,
    0xfa, 0xde, 0xf, 0xfe, 0xb7, 0x83, 0xff, 0xad,
    0xe0, 0xff, 0xeb, 0x78, 0x3f, 0xfa, 0xde, 0xf,
    0xfe, 0xb7, 0x83, 0xff, 0xad, 0xe0, 0xff, 0xeb,
    0x78, 0x3f, 0xfa, 0xde, 0xf, 0xfe, 0xb7, 0x83,
    0xff, 0xad, 0xe0, 0xff, 0xe0, 0x37, 0xf4, 0x87,
    0xff, 0x7, 0xc1, 0xfc, 0xff, 0xff, 0x2, 0xf,
    0xfb, 0xc1, 0xf3, 0xfa, 0x43, 0x9b, 0xe8, 0x3f,
    0xbc, 0x1e, 0xbd, 0x7, 0xff, 0x1, 0xf8, 0x3f,
    0x78, 0x3b, 0xe0, 0xff, 0xe2, 0x5e, 0xf, 0xbc,
    0x1b, 0xd0, 0x7f, 0xf1, 0xaf, 0x7, 0xbc, 0x17,
    0xa0, 0xff, 0xe4, 0x5e, 0xe, 0xf0, 0x2f, 0x7,
    0xff, 0x2a, 0xf0, 0x6f, 0xf, 0x83, 0xff, 0x99,
    0xe4, 0x2f, 0x3e, 0x43, 0xff, 0x9b, 0xe0, 0xbd,
    0x78, 0x3f, 0xf9, 0xd7, 0x3, 0xf2, 0x1f, 0xfc,
    0xff, 0x3, 0xf0, 0x7f, 0xf4, 0x3c, 0x9f, 0x21,
    0xff, 0xd0, 0x78, 0xf8, 0x3f, 0xfa, 0x5e, 0x3e,
    0xf, 0xfe, 0x97, 0x8f, 0x41, 0xff, 0xd2, 0xf1,
    0xe4, 0x3f, 0xfa, 0x5e, 0x3c, 0x87, 0xff, 0x4b,
    0xc7, 0x90, 0xff, 0xe9, 0x78, 0xf2, 0x1f, 0xfd,
    0x2f, 0x1e, 0xf, 0xfe, 0x9f, 0x8f, 0x7, 0xff,
    0x4f, 0xc7, 0x83, 0xff, 0xa7, 0xe3, 0xc1, 0xff,
    0xd3, 0xf1, 0xe0, 0xff, 0xe9, 0xf8, 0xf0, 0x7f,
    0xf4, 0xfc, 0x78, 0x3f, 0xfa, 0x7e, 0x3c, 0x1f,
    0xfd, 0x3f, 0x1e, 0xf, 0xfe, 0x9f, 0x8f, 0x7,
    0xff, 0x4f, 0xc7, 0x83, 0xff, 0xa7, 0xe3, 0xc1,
    0xff, 0xd3, 0xf1, 0xe0, 0xff, 0xe9, 0xf8, 0xf0,
    0x7f, 0xf4, 0xfc, 0x78, 0x3f, 0xfa, 0x7e, 0x3c,
    0x1f, 0xfd, 0x3f, 0x1e, 0xf, 0xfe, 0x9f, 0x8f,
    0x7, 0xff, 0x4f, 0xc7, 0x83, 0xff, 0xa7, 0xe3,
    0xc1, 0xff, 0xd3, 0xf1, 0xe0, 0xff, 0xe9, 0xf8,
    0xf0, 0x7f, 0xf4, 0xfc, 0x1f, 0xfd, 0x90,

    /* U+0069 "i" */
    0xa, 0xdb, 0x6d, 0xb6, 0xdb, 0x6d, 0xb6, 0xd5,
    0x21, 0xff, 0xcc, 0xb6, 0xdb, 0x6d, 0xb6, 0xdb,
    0x6d, 0xb6, 0xdb, 0x6d, 0xb6, 0xdb, 0x6d, 0xb6,
    0xdb, 0x6d, 0xb6, 0xdb, 0x6d, 0xb6, 0xdb, 0x6d,
    0xb6, 0xdb, 0x6d, 0xb6, 0xdb, 0x6d, 0xb6, 0xdb,
    0x6d, 0xb6, 0xd0, 0x80,

    /* U+006A "j" */
    0xf, 0xfe, 0x12, 0x1f, 0xfc, 0x27, 0x83, 0xff,
    0x82, 0xf0, 0x7f, 0xf0, 0x5e, 0xf, 0xfe, 0xb,
    0xc1, 0xff, 0xc1, 0x78, 0x3f, 0xf8, 0x2f, 0x7,
    0xff, 0x5, 0xe0, 0xff, 0xe0, 0xbc, 0x1f, 0xfc,
    0x17, 0x83, 0xff, 0x85, 0x21, 0xff, 0xff, 0xf,
    0xff, 0xb3, 0xc1, 0xff, 0xc1, 0x78, 0x3f, 0xf8,
    0x2f, 0x7, 0xff, 0x5, 0xe0, 0xff, 0xe0, 0xbc,
    0x1f, 0xfc, 0x17, 0x83, 0xff, 0x82, 0xf0, 0x7f,
    0xf0, 0x5e, 0xf, 0xfe, 0xb, 0xc1, 0xff, 0xc1,
    0x78, 0x3f, 0xf8, 0x2f, 0x7, 0xff, 0x5, 0xe0,
    0xff, 0xe0, 0xbc, 0x1f, 0xfc, 0x17, 0x83, 0xff,
    0x82, 0xf0, 0x7f, 0xf0, 0x5e, 0xf, 0xfe, 0xb,
    0xc1, 0xff, 0xc1, 0x78, 0x3f, 0xf8, 0x2f, 0x7,
    0xff, 0x5, 0xe0, 0xff, 0xe0, 0xbc, 0x1f, 0xfc,
    0x17, 0x83, 0xff, 0x82, 0xf0, 0x7f, 0xf0, 0x5e,
    0xf, 0xfe, 0xb, 0xc1, 0xff, 0xc1, 0x78, 0x3f,
    0xf8, 0x2f, 0x7, 0xff, 0x5, 0xe0, 0xff, 0xe0,
    0xbc, 0x1f, 0xfc, 0x17, 0x83, 0xff, 0x82, 0xf0,
    0x7f, 0xf0, 0x5e, 0xf, 0xfe, 0xb, 0xc1, 0xff,
    0xc1, 0x78, 0x3f, 0xf8, 0x2f, 0x7, 0xff, 0x5,
    0xe0, 0xff, 0xe0, 0xbc, 0x1f, 0xfc, 0x17, 0x83,
    0xff, 0x82, 0xf0, 0x7f, 0xf0, 0x5e, 0xf, 0xfe,
    0xb, 0xc1, 0xff, 0xc1, 0x78, 0x3f, 0xf8, 0x2f,
    0x7, 0xff, 0x5, 0xe0, 0xff, 0xe0, 0xbc, 0x1f,
    0xfc, 0x17, 0x83, 0xff, 0x83, 0x70, 0x7f, 0xf0,
    0x6d, 0xf, 0xfe, 0xf, 0x83, 0xff, 0x82, 0xf8,
    0x3f, 0xf8, 0x36, 0x87, 0xff, 0x7, 0xc1, 0xff,
    0xc1, 0xf4, 0x1f, 0xfc, 0xb, 0xc1, 0xff, 0xc0,
    0xbc, 0x1f, 0xfc, 0xb, 0xc8, 0x7f, 0x9f, 0x90,
    0xfc, 0xdf, 0x83, 0xf7, 0xf9, 0xf, 0xcf, 0xd0,
    0x7f, 0xc0,

    /* U+006B "k" */
    0xf, 0xfe, 0x9f, 0x83, 0xff, 0xa3, 0xe0, 0xff,
    0xe8, 0xf8, 0x3f, 0xfa, 0x3e, 0xf, 0xfe, 0x8f,
    0x83, 0xff, 0xa3, 0xe0, 0xff, 0xe8, 0xf8, 0x3f,
    0xfa, 0x3e, 0xf, 0xfe, 0x8f, 0x83, 0xff, 0xa3,
    0xe0, 0xff, 0xe8, 0xf8, 0x3f, 0xfa, 0x3e, 0xf,
    0xfe, 0x8f, 0x83, 0xff, 0xa3, 0xe0, 0xff, 0xe8,
    0xf8, 0x3f, 0xfa, 0x3e, 0xf, 0xfe, 0x8f, 0x83,
    0xff, 0xa3, 0xe0, 0xff, 0xe8, 0xf8, 0x3f, 0xf9,
    0x5f, 0x41, 0x78, 0x3f, 0xf9, 0x3f, 0x21, 0xbc,
    0x1f, 0xfc, 0x77, 0xe0, 0xf7, 0x83, 0xff, 0x8d,
    0x7a, 0xf, 0xbc, 0x1f, 0xfc, 0x5b, 0xd0, 0x7e,
    0xf0, 0x7f, 0xf1, 0x3e, 0x43, 0xfb, 0xc1, 0xff,
    0xc2, 0x7e, 0xf, 0xfb, 0xc1, 0xff, 0xc1, 0xbd,
    0x7, 0xff, 0x3, 0xc1, 0xff, 0xc0, 0xbd, 0x7,
    0xff, 0x7, 0xc1, 0xff, 0x7c, 0x87, 0xff, 0xb,
    0xc1, 0xfc, 0xfc, 0x1f, 0xfc, 0x4f, 0x7, 0xe7,
    0xd0, 0x7f, 0xf1, 0x7c, 0x1f, 0x5e, 0x83, 0xff,
    0x8d, 0xe0, 0xf7, 0xc8, 0x7f, 0xf1, 0xfc, 0x19,
    0xf8, 0x3f, 0xf9, 0x3e, 0x9, 0xf4, 0x1f, 0xfc,
    0xaf, 0x2, 0xf4, 0x1f, 0xfc, 0xbf, 0x3f, 0x21,
    0xff, 0xcc, 0xfe, 0xf, 0xfe, 0x77, 0xe0, 0xff,
    0xe7, 0xfe, 0x83, 0xff, 0x9d, 0xeb, 0xd0, 0x7f,
    0xf3, 0x7c, 0xf, 0x83, 0xff, 0x99, 0xe0, 0xaf,
    0x21, 0xff, 0xca, 0xf0, 0x6b, 0xc8, 0x7f, 0xf2,
    0x7c, 0x1c, 0xfa, 0xf, 0xfe, 0x47, 0x83, 0xef,
    0x83, 0xff, 0x8f, 0xe0, 0xfd, 0xf0, 0x7f, 0xf1,
    0xbc, 0x1f, 0xd7, 0x90, 0xff, 0xe2, 0x78, 0x3f,
    0xcf, 0x90, 0xff, 0xe1, 0xf8, 0x3f, 0xe7, 0xd0,
    0x7f, 0xf0, 0xbc, 0x1f, 0xfc, 0x1f, 0x83, 0xff,
    0x83, 0xe0, 0xff, 0xe1, 0x7c, 0x1f, 0xfc, 0xf,
    0x7, 0xff, 0xe, 0xf2, 0x1f, 0xef, 0x7, 0xff,
    0x11, 0xf4, 0x1f, 0xde, 0xf, 0xfe, 0x2b, 0xe8,
    0x3f, 0x78, 0x3f, 0xf8, 0xff, 0x7, 0xde, 0xf,
    0xfe, 0x45, 0xe4, 0x3b, 0xc1, 0xff, 0xc9, 0xbc,
    0x86, 0xf0, 0x7f, 0xf2, 0x9f, 0x41, 0x78, 0x3f,
    0xf9, 0x9f, 0x3, 0xc1, 0xff, 0xcd, 0xf8, 0x3f,
    0xfa, 0x80,

    /* U+006C "l" */
    0xa, 0xdb, 0x6d, 0xb6, 0xdb, 0x6d, 0xb6, 0xdb,
    0x6d, 0xb6, 0xdb, 0x6d, 0xb6, 0xdb, 0x6d, 0xb6,
    0xdb, 0x6d, 0xb6, 0xdb, 0x6d, 0xb6, 0xdb, 0x6d,
    0xb6, 0xdb, 0x6d, 0xb6, 0xdb, 0x6d, 0xb6, 0xdb,
    0x6d, 0xb6, 0xdb, 0x6d, 0xb6, 0xdb, 0x6d, 0xb6,
    0xdb, 0x6d, 0xb6, 0xdb, 0x6d, 0xb4, 0x20,

    /* U+006D "m" */
    0xf, 0xfe, 0x3, 0x4f, 0xd2, 0x1f, 0xfc, 0x96,
    0xfd, 0x44, 0x3f, 0xde, 0xf, 0xd7, 0xff, 0xd0,
    0x7f, 0xf1, 0x1f, 0xff, 0xe0, 0x21, 0xfb, 0xc1,
    0xeb, 0xe9, 0xe, 0x6f, 0x90, 0xff, 0xe0, 0x3f,
    0x94, 0x1c, 0xdf, 0x7, 0xde, 0xe, 0xfa, 0xf,
    0xfa, 0xf4, 0x1f, 0xeb, 0xd0, 0x7f, 0xf0, 0x2f,
    0x21, 0xde, 0xd, 0xf0, 0x7f, 0xf0, 0x9f, 0x41,
    0xfa, 0xf2, 0x1f, 0xfc, 0x27, 0xc8, 0x6f, 0x5,
    0xe8, 0x3f, 0xf8, 0xbe, 0x43, 0xd7, 0x83, 0xff,
    0x8a, 0xf9, 0xb, 0xc0, 0xbc, 0x1f, 0xfc, 0x7f,
    0x7, 0x3e, 0xf, 0xfe, 0x3b, 0xe0, 0xbc, 0x3e,
    0xf, 0xfe, 0x43, 0xe0, 0xde, 0x43, 0xff, 0x91,
    0x70, 0x3c, 0x79, 0xf, 0xfe, 0x4f, 0x90, 0x5c,
    0x1f, 0xfc, 0xaf, 0x3, 0xd7, 0x83, 0xff, 0x94,
    0xf8, 0x1e, 0xf, 0xfe, 0x5d, 0xc7, 0xe4, 0x3f,
    0xf9, 0x7e, 0x6e, 0xf, 0xfe, 0x67, 0x8f, 0xc1,
    0xff, 0xcc, 0xbb, 0xc1, 0xff, 0xcd, 0xf3, 0xf4,
    0x1f, 0xfc, 0xdf, 0xc1, 0xff, 0xcd, 0xbb, 0xe0,
    0xff, 0xe7, 0x7d, 0x7, 0xff, 0x35, 0xef, 0x83,
    0xff, 0x9d, 0xf0, 0x7f, 0xf3, 0x9f, 0xd0, 0x7f,
    0xf3, 0xaf, 0x7, 0xff, 0x3f, 0xf4, 0x1f, 0xfc,
    0xeb, 0xc1, 0xff, 0xcf, 0xfc, 0x87, 0xff, 0x3a,
    0xe0, 0xff, 0xe7, 0xfe, 0x43, 0xff, 0x9d, 0x70,
    0x7f, 0xf3, 0xff, 0x21, 0xff, 0xce, 0xb8, 0x3f,
    0xf9, 0xff, 0x90, 0xff, 0xe7, 0x5c, 0x1f, 0xfc,
    0xff, 0xc1, 0xff, 0xcf, 0xb4, 0x3f, 0xf9, 0xff,
    0x83, 0xff, 0x9f, 0x68, 0x7f, 0xf3, 0xff, 0x7,
    0xff, 0x3e, 0xd0, 0xff, 0xe7, 0xfe, 0xf, 0xfe,
    0x7d, 0xa1, 0xff, 0xcf, 0xfc, 0x1f, 0xfc, 0xfb,
    0x43, 0xff, 0x9f, 0xf8, 0x3f, 0xf9, 0xf6, 0x87,
    0xff, 0x3f, 0xf0, 0x7f, 0xf3, 0xed, 0xf, 0xfe,
    0x7f, 0xe0, 0xff, 0xe7, 0xda, 0x1f, 0xfc, 0xff,
    0xc1, 0xff, 0xcf, 0xb4, 0x3f, 0xf9, 0xff, 0x83,
    0xff, 0x9f, 0x68, 0x7f, 0xf3, 0xff, 0x7, 0xff,
    0x3e, 0xd0, 0xff, 0xe7, 0xfe, 0xf, 0xfe, 0x7d,
    0xa1, 0xff, 0xcf, 0xfc, 0x1f, 0xfc, 0xfb, 0x43,
    0xff, 0x9f, 0xf8, 0x3f, 0xf9, 0xf6, 0x87, 0xff,
    0x3f, 0xf0, 0x7f, 0xf3, 0xed, 0xf, 0xfe, 0x7f,
    0xe0, 0xff, 0xe7, 0xda, 0x1f, 0xfc, 0xff, 0xc1,
    0xff, 0xcf, 0xb4, 0x3f, 0xf9, 0xff, 0x83, 0xff,
    0x9f, 0x68, 0x7f, 0xf3, 0xff, 0x7, 0xff, 0x3e,
    0xd0, 0xff, 0xe7, 0xfe, 0xf, 0xfe, 0x7d, 0xa1,
    0xff, 0xcf, 0xfc, 0x1f, 0xfc, 0xfb, 0x43, 0xff,
    0x9f, 0xf8, 0x3f, 0xf9, 0xf6, 0x87, 0xff, 0x3f,
    0xc1, 0xff, 0xf1,

    /* U+006E "n" */
    0xf, 0xfe, 0x13, 0x7f, 0x48, 0x7f, 0xf0, 0x7c,
    0x1f, 0xcf, 0xff, 0xf0, 0x20, 0xff, 0xbc, 0x1f,
    0x3f, 0xa4, 0x39, 0xbe, 0x83, 0xfb, 0xc1, 0xeb,
    0xd0, 0x7f, 0xf0, 0x1f, 0x83, 0xf7, 0x83, 0xbe,
    0xf, 0xfe, 0x25, 0xe0, 0xfb, 0xc1, 0xbd, 0x7,
    0xff, 0x1a, 0xf0, 0x7b, 0xc1, 0x7a, 0xf, 0xfe,
    0x45, 0xe0, 0xef, 0x2, 0xf0, 0x7f, 0xf2, 0xaf,
    0x6, 0xf0, 0xf8, 0x3f, 0xf9, 0x9e, 0x42, 0xf3,
    0xe4, 0x3f, 0xf9, 0xbe, 0xb, 0xd7, 0x83, 0xff,
    0x9d, 0x70, 0x3f, 0x21, 0xff, 0xcf, 0xf0, 0x3f,
    0x7, 0xff, 0x43, 0xc9, 0xf2, 0x1f, 0xfd, 0x7,
    0x8f, 0x83, 0xff, 0xa5, 0xe3, 0xe0, 0xff, 0xe9,
    0x78, 0xf4, 0x1f, 0xfd, 0x2f, 0x1e, 0x43, 0xff,
    0xa5, 0xe3, 0xc8, 0x7f, 0xf4, 0xbc, 0x79, 0xf,
    0xfe, 0x97, 0x8f, 0x21, 0xff, 0xd2, 0xf1, 0xe0,
    0xff, 0xe9, 0xf8, 0xf0, 0x7f, 0xf4, 0xfc, 0x78,
    0x3f, 0xfa, 0x7e, 0x3c, 0x1f, 0xfd, 0x3f, 0x1e,
    0xf, 0xfe, 0x9f, 0x8f, 0x7, 0xff, 0x4f, 0xc7,
    0x83, 0xff, 0xa7, 0xe3, 0xc1, 0xff, 0xd3, 0xf1,
    0xe0, 0xff, 0xe9, 0xf8, 0xf0, 0x7f, 0xf4, 0xfc,
    0x78, 0x3f, 0xfa, 0x7e, 0x3c, 0x1f, 0xfd, 0x3f,
    0x1e, 0xf, 0xfe, 0x9f, 0x8f, 0x7, 0xff, 0x4f,
    0xc7, 0x83, 0xff, 0xa7, 0xe3, 0xc1, 0xff, 0xd3,
    0xf1, 0xe0, 0xff, 0xe9, 0xf8, 0xf0, 0x7f, 0xf4,
    0xfc, 0x78, 0x3f, 0xfa, 0x7e, 0x3c, 0x1f, 0xfd,
    0x3f, 0x1e, 0xf, 0xfe, 0x9f, 0x8f, 0x7, 0xff,
    0x4f, 0xc1, 0xff, 0xd9,

    /* U+006F "o" */
    0xf, 0xfe, 0x2b, 0x7f, 0xd2, 0x1f, 0xfd, 0x37,
    0xff, 0xf8, 0x70, 0x7f, 0xf3, 0xaf, 0xd2, 0x1f,
    0x2a, 0xfa, 0xf, 0xfe, 0x53, 0xf4, 0x1f, 0xfc,
    0x37, 0xe8, 0x3f, 0xf8, 0xf7, 0xa0, 0xff, 0xe3,
    0xbf, 0x7, 0xff, 0x17, 0xe0, 0xff, 0xe5, 0xde,
    0x43, 0xff, 0x85, 0xe8, 0x3f, 0xf9, 0xaf, 0x90,
    0xff, 0xe0, 0x7a, 0xf, 0xfe, 0x7b, 0xe4, 0x3f,
    0xde, 0x83, 0xff, 0xa2, 0xf8, 0x3f, 0xae, 0xf,
    0xfe, 0x9b, 0xe0, 0xf9, 0xf0, 0x7f, 0xf5, 0x6e,
    0xf, 0x79, 0xf, 0xfe, 0xb7, 0x83, 0x9f, 0x7,
    0xff, 0x5e, 0xe0, 0xde, 0x43, 0xff, 0xb1, 0xe0,
    0x9f, 0x7, 0xff, 0x66, 0xd0, 0x5c, 0x1f, 0xfd,
    0x97, 0xc0, 0xf0, 0x7f, 0xf6, 0xfc, 0xf, 0x7,
    0xff, 0x6f, 0xca, 0xf0, 0x7f, 0xf6, 0xed, 0x5c,
    0x1f, 0xfd, 0xb7, 0xa7, 0x7, 0xff, 0x6d, 0xe9,
    0xc1, 0xff, 0xdb, 0x7d, 0x70, 0x7f, 0xf6, 0xdf,
    0x5c, 0x1f, 0xfd, 0xb7, 0x9e, 0xf, 0xfe, 0xdb,
    0xcf, 0x83, 0xff, 0xb7, 0x69, 0xe0, 0xff, 0xed,
    0xf9, 0x3c, 0x1f, 0xfd, 0xbf, 0x2, 0xe0, 0xff,
    0xec, 0xbe, 0xb, 0xc1, 0xff, 0xd9, 0xb4, 0x2f,
    0x21, 0xff, 0xd8, 0xf0, 0x67, 0xc1, 0xff, 0xd7,
    0xb8, 0x3b, 0xc8, 0x7f, 0xf5, 0xbc, 0x1e, 0x7c,
    0x1f, 0xfd, 0x5f, 0x21, 0xf5, 0xe0, 0xff, 0xe9,
    0xde, 0xf, 0xef, 0x41, 0xff, 0xd1, 0x7c, 0x1f,
    0xf7, 0xa0, 0xff, 0xe7, 0xbe, 0xf, 0xfe, 0xf,
    0xa0, 0xff, 0xe6, 0xde, 0x43, 0xff, 0x85, 0xf0,
    0x7f, 0xf2, 0xef, 0x21, 0xff, 0xc4, 0xbd, 0x7,
    0xff, 0x1d, 0xf8, 0x3f, 0xf8, 0xef, 0xd0, 0x7f,
    0xf0, 0xdf, 0xa0, 0xff, 0xe5, 0x5f, 0xa4, 0x3e,
    0x57, 0xe8, 0x3f, 0xf9, 0xcf, 0xff, 0xf0, 0xe0,
    0xff, 0xe9, 0xb7, 0xfd, 0x21, 0xff, 0xc5,

    /* U+0070 "p" */
    0xf, 0xfe, 0x23, 0x7f, 0xd2, 0x1f, 0xfc, 0x5f,
    0x7, 0xfc, 0xff, 0xff, 0xd, 0xf, 0xfe, 0x17,
    0x83, 0xf9, 0xfd, 0x21, 0xf3, 0x7e, 0x83, 0xff,
    0x81, 0xe0, 0xfd, 0xf4, 0x1f, 0xfc, 0x3b, 0xe4,
    0x3f, 0xde, 0xf, 0x3e, 0x83, 0xff, 0x8f, 0x7a,
    0xf, 0xef, 0x7, 0x5e, 0x43, 0xff, 0x92, 0xfa,
    0xf, 0xde, 0xd, 0x78, 0x3f, 0xf9, 0xbf, 0x7,
    0xde, 0xa, 0xf0, 0x7f, 0xf3, 0xfd, 0x7, 0xbc,
    0x7, 0xc1, 0xff, 0xd1, 0xf4, 0x1d, 0xe0, 0x79,
    0xf, 0xfe, 0x97, 0x90, 0xde, 0x2e, 0xf, 0xfe,
    0x9b, 0xe0, 0xde, 0x7c, 0x1f, 0xfd, 0x5f, 0x21,
    0x7e, 0x43, 0xff, 0xad, 0xe0, 0xbf, 0x7, 0xff,
    0x5e, 0xd0, 0x7d, 0x7, 0xff, 0x5d, 0xf0, 0x3e,
    0xf, 0xfe, 0xcf, 0x81, 0xf0, 0x7f, 0xf6, 0x6d,
    0x3d, 0x7, 0xff, 0x65, 0xe3, 0xc8, 0x7f, 0xf6,
    0x5f, 0x1e, 0x43, 0xff, 0xb5, 0xe3, 0xc8, 0x7f,
    0xf6, 0xbc, 0x78, 0x3f, 0xfb, 0x7e, 0x3c, 0x1f,
    0xfd, 0xbf, 0x1e, 0x43, 0xff, 0xb5, 0xe3, 0xc8,
    0x7f, 0xf6, 0xbc, 0x79, 0xf, 0xfe, 0xcb, 0xe3,
    0xd0, 0x7f, 0xf6, 0x5e, 0x3e, 0xf, 0xfe, 0xcd,
    0xa7, 0xc1, 0xff, 0xd9, 0xf0, 0x3e, 0x83, 0xff,
    0xae, 0xf8, 0x1f, 0x83, 0xff, 0xaf, 0x68, 0x3f,
    0x21, 0xff, 0xd6, 0xf0, 0x5e, 0x7c, 0x1f, 0xfd,
    0x5f, 0x21, 0x78, 0xb8, 0x3f, 0xfa, 0x6f, 0x83,
    0x78, 0x1e, 0x43, 0xff, 0xa5, 0xe4, 0x37, 0x80,
    0xf8, 0x3f, 0xfa, 0x3e, 0x83, 0xbc, 0x15, 0xe0,
    0xff, 0xe7, 0xfa, 0xf, 0x78, 0x35, 0xe0, 0xff,
    0xe6, 0xfc, 0x1f, 0x78, 0x3a, 0xf2, 0x1f, 0xfc,
    0x97, 0xd0, 0x7e, 0xf0, 0x79, 0xf4, 0x1f, 0xfc,
    0x7b, 0xd0, 0x7f, 0x78, 0x3f, 0x7d, 0x7, 0xff,
    0xe, 0xf9, 0xf, 0xf7, 0x83, 0xf9, 0xfd, 0x21,
    0xf3, 0x7e, 0x83, 0xff, 0x81, 0xe0, 0xff, 0x9f,
    0xff, 0xe1, 0xa1, 0xff, 0xc2, 0xf0, 0x7f, 0xf0,
    0x9b, 0xfe, 0x90, 0xff, 0xe2, 0xf8, 0x3f, 0xfb,
    0xde, 0xf, 0xfe, 0xf7, 0x83, 0xff, 0xbd, 0xe0,
    0xff, 0xef, 0x78, 0x3f, 0xfb, 0xde, 0xf, 0xfe,
    0xf7, 0x83, 0xff, 0xbd, 0xe0, 0xff, 0xef, 0x78,
    0x3f, 0xfb, 0xde, 0xf, 0xfe, 0xf7, 0x83, 0xff,
    0xbd, 0xe0, 0xff, 0xef, 0x78, 0x3f, 0xfb, 0xde,
    0xf, 0xfe, 0xf7, 0x83, 0xff, 0xbd, 0xe0, 0xff,
    0xef, 0x78, 0x3f, 0xff, 0xe1, 0xff, 0x0,

    /* U+0071 "q" */
    0xf, 0xfe, 0x23, 0x4f, 0xf4, 0x87, 0xff, 0x49,
    0xbf, 0xff, 0x85, 0x7, 0xfd, 0x68, 0x7f, 0xf0,
    0x3f, 0x48, 0x7e, 0x6f, 0xa0, 0xfe, 0xb4, 0x3f,
    0xd7, 0xc8, 0x7f, 0xf0, 0x9f, 0x90, 0xfa, 0xd0,
    0xfe, 0xf9, 0xf, 0xfe, 0x33, 0xf0, 0x7a, 0xd0,
    0xf9, 0xf4, 0x1f, 0xfc, 0xab, 0xc1, 0xd6, 0x87,
    0x9f, 0x21, 0xff, 0xcc, 0xbc, 0x1a, 0xd0, 0xf7,
    0x90, 0xff, 0xe7, 0x3e, 0xa, 0xd0, 0xef, 0x21,
    0xff, 0xd0, 0xbc, 0xb, 0x43, 0x5c, 0x1f, 0xfd,
    0x2f, 0x45, 0xa1, 0x3e, 0xf, 0xfe, 0xa7, 0x8b,
    0x42, 0xf2, 0x1f, 0xfd, 0x47, 0xd6, 0x81, 0xe0,
    0xff, 0xeb, 0x7e, 0x41, 0xe4, 0x3f, 0xfa, 0xcf,
    0xc8, 0xf8, 0x3f, 0xfb, 0x1f, 0x25, 0xc1, 0xff,
    0xd8, 0xbc, 0x9e, 0xf, 0xfe, 0xcb, 0xe4, 0xf0,
    0x7f, 0xf6, 0xbc, 0xaf, 0x7, 0xff, 0x6b, 0xca,
    0xe0, 0xff, 0xed, 0x79, 0xb8, 0x3f, 0xfb, 0x56,
    0xdc, 0x1f, 0xfd, 0xab, 0xa7, 0x7, 0xff, 0x6a,
    0xe9, 0xc1, 0xff, 0xda, 0xb5, 0x70, 0x7f, 0xf6,
    0xbc, 0xaf, 0x7, 0xff, 0x6b, 0xc9, 0xe0, 0xff,
    0xed, 0x79, 0x3c, 0x1f, 0xfd, 0x97, 0xc9, 0x68,
    0x7f, 0xf6, 0x2f, 0x23, 0xe0, 0xff, 0xec, 0x7c,
    0x83, 0xc8, 0x7f, 0xf5, 0x9f, 0x90, 0x3c, 0x1f,
    0xfd, 0x6f, 0xc8, 0x5e, 0x43, 0xff, 0xa8, 0xfa,
    0xd0, 0x9f, 0x7, 0xff, 0x53, 0xc5, 0xa1, 0xae,
    0xf, 0xfe, 0x97, 0xa2, 0xd0, 0xef, 0x21, 0xff,
    0xd0, 0xbc, 0xb, 0x43, 0xde, 0x43, 0xff, 0x9c,
    0xf8, 0x2b, 0x43, 0xcf, 0x90, 0xff, 0xe6, 0x5e,
    0xd, 0x68, 0x7c, 0xfa, 0xf, 0xfe, 0x57, 0xc1,
    0xd6, 0x87, 0xf7, 0xc8, 0x7f, 0xf1, 0x9f, 0x83,
    0xd6, 0x87, 0xfa, 0xf9, 0xf, 0xfe, 0x13, 0xf2,
    0x1f, 0x5a, 0x1f, 0xfc, 0xf, 0xd2, 0x1f, 0x9b,
    0xe8, 0x3f, 0xad, 0xf, 0xfe, 0xb, 0x7f, 0xff,
    0xa, 0xf, 0xfa, 0xd0, 0xff, 0xe2, 0x34, 0xff,
    0x48, 0x7f, 0xf0, 0xad, 0xf, 0xfe, 0xed, 0xa1,
    0xff, 0xdd, 0xb4, 0x3f, 0xfb, 0xb6, 0x87, 0xff,
    0x76, 0xd0, 0xff, 0xee, 0xda, 0x1f, 0xfd, 0xdb,
    0x43, 0xff, 0xbb, 0x68, 0x7f, 0xf7, 0x6d, 0xf,
    0xfe, 0xed, 0xa1, 0xff, 0xdd, 0xb4, 0x3f, 0xfb,
    0xb6, 0x87, 0xff, 0x76, 0xd0, 0xff, 0xee, 0xda,
    0x1f, 0xfd, 0xdb, 0x43, 0xff, 0xbb, 0x68, 0x7f,
    0xf7, 0x6d, 0xf, 0xfe, 0xed, 0xa1, 0xff, 0xe0,

    /* U+0072 "r" */
    0xf, 0xfe, 0x13, 0x4d, 0xf0, 0x7f, 0xaf, 0xe7,
    0xc1, 0xfa, 0xfa, 0x42, 0xf0, 0x7d, 0xf2, 0x1e,
    0xf0, 0x73, 0xe8, 0x3f, 0x78, 0x33, 0xe4, 0x3f,
    0xbc, 0x13, 0xe4, 0x3f, 0xde, 0xb, 0xc8, 0x7f,
    0xde, 0x7, 0xa0, 0xff, 0xe0, 0x78, 0xbc, 0x1f,
    0xfc, 0x1f, 0x3e, 0xf, 0xfe, 0x17, 0xe8, 0x3f,
    0xf8, 0x5f, 0x83, 0xff, 0x87, 0xf4, 0x1f, 0xfc,
    0x3f, 0x90, 0xff, 0xe1, 0xfc, 0x1f, 0xfc, 0x4f,
    0x41, 0xff, 0xc4, 0xf4, 0x1f, 0xfc, 0x4f, 0x21,
    0xff, 0xc4, 0xf2, 0x1f, 0xfc, 0x4f, 0x21, 0xff,
    0xc4, 0xf0, 0x7f, 0xf1, 0x7c, 0x1f, 0xfc, 0x5f,
    0x7, 0xff, 0x17, 0xc1, 0xff, 0xc5, 0xf0, 0x7f,
    0xf1, 0x7c, 0x1f, 0xfc, 0x5f, 0x7, 0xff, 0x17,
    0xc1, 0xff, 0xc5, 0xf0, 0x7f, 0xf1, 0x7c, 0x1f,
    0xfc, 0x5f, 0x7, 0xff, 0x17, 0xc1, 0xff, 0xc5,
    0xf0, 0x7f, 0xf1, 0x7c, 0x1f, 0xfc, 0x5f, 0x7,
    0xff, 0x17, 0xc1, 0xff, 0xc5, 0xf0, 0x7f, 0xf1,
    0x7c, 0x1f, 0xfc, 0x5f, 0x7, 0xff, 0x17, 0xc1,
    0xff, 0xc5, 0xf0, 0x7f, 0xf1, 0x7c, 0x1f, 0xfd,
    0x80,

    /* U+0073 "s" */
    0xf, 0xff, 0x25, 0x3f, 0xa4, 0x3f, 0xf9, 0x6f,
    0xff, 0xf0, 0x24, 0x3f, 0xf8, 0xf7, 0xc8, 0x79,
    0xbf, 0x21, 0xff, 0xc4, 0xf9, 0xf, 0xf9, 0xfa,
    0xf, 0xfe, 0x17, 0xc1, 0xff, 0xc3, 0x7e, 0x43,
    0xfe, 0xf4, 0x1f, 0xfc, 0x6b, 0xc8, 0x7f, 0x5e,
    0xf, 0xfe, 0x45, 0xe4, 0x3f, 0x78, 0x3f, 0xf9,
    0x4f, 0x83, 0xe7, 0x83, 0xff, 0x96, 0x87, 0xeb,
    0x43, 0xff, 0xa9, 0x68, 0x7f, 0xf5, 0x2c, 0x3f,
    0xfa, 0xb6, 0x87, 0xff, 0x51, 0xe0, 0xff, 0xea,
    0xf8, 0x3f, 0xfa, 0xbe, 0x43, 0xff, 0xab, 0xe4,
    0x3f, 0xfa, 0x8f, 0x90, 0xff, 0xea, 0x3f, 0x21,
    0xff, 0xd3, 0x7f, 0xa8, 0x87, 0xff, 0x41, 0xbf,
    0xf5, 0x10, 0xff, 0xe7, 0x2a, 0xff, 0xe8, 0x3f,
    0xfa, 0xa, 0xa7, 0xf0, 0x7f, 0xf5, 0x1f, 0x90,
    0xff, 0xea, 0x3e, 0x43, 0xff, 0xa8, 0xf9, 0xf,
    0xfe, 0xa3, 0xe0, 0xff, 0xea, 0xf9, 0xf, 0xfe,
    0xa3, 0xc1, 0xff, 0xd5, 0xf0, 0x7f, 0xf5, 0x7c,
    0x1f, 0xfd, 0x5f, 0x1, 0x83, 0xff, 0xa3, 0xe0,
    0x79, 0xf, 0xfe, 0x87, 0x80, 0xf8, 0x3f, 0xf9,
    0xef, 0x82, 0xf4, 0x1f, 0xfc, 0xef, 0x21, 0xbd,
    0x7, 0xff, 0x31, 0xf0, 0x73, 0xe8, 0x3f, 0xf9,
    0x7e, 0x43, 0xcf, 0xa0, 0xff, 0xe4, 0xfa, 0xf,
    0xcf, 0xc8, 0x7f, 0xf1, 0x5f, 0x41, 0xff, 0x5f,
    0x21, 0xff, 0xc2, 0xbd, 0x7, 0xff, 0x5, 0xfd,
    0x21, 0xf9, 0xfc, 0x87, 0xff, 0x16, 0xff, 0xfe,
    0x12, 0x1f, 0xfc, 0xa6, 0xfe, 0xa2, 0x1f, 0xfe,
    0x20,

    /* U+0074 "t" */
    0xf, 0xfe, 0x2, 0x83, 0xff, 0x9c, 0xf0, 0x7f,
    0xf3, 0x9e, 0xf, 0xfe, 0x73, 0xc1, 0xff, 0xce,
    0x78, 0x3f, 0xf9, 0xcf, 0x7, 0xff, 0x39, 0xe0,
    0xff, 0xe7, 0x3c, 0x1f, 0xfc, 0xe7, 0x83, 0xff,
    0x9c, 0xf0, 0x7f, 0xf3, 0x9e, 0xf, 0xfe, 0x73,
    0xc1, 0xff, 0xce, 0x78, 0x3f, 0xf9, 0xcf, 0x7,
    0xff, 0xe, 0xff, 0xfe, 0x79, 0x7f, 0xff, 0x3c,
    0x3f, 0xf8, 0xf, 0x7, 0xff, 0x39, 0xe0, 0xff,
    0xe7, 0x3c, 0x1f, 0xfc, 0xe7, 0x83, 0xff, 0x9c,
    0xf0, 0x7f, 0xf3, 0x9e, 0xf, 0xfe, 0x73, 0xc1,
    0xff, 0xce, 0x78, 0x3f, 0xf9, 0xcf, 0x7, 0xff,
    0x39, 0xe0, 0xff, 0xe7, 0x3c, 0x1f, 0xfc, 0xe7,
    0x83, 0xff, 0x9c, 0xf0, 0x7f, 0xf3, 0x9e, 0xf,
    0xfe, 0x73, 0xc1, 0xff, 0xce, 0x78, 0x3f, 0xf9,
    0xcf, 0x7, 0xff, 0x39, 0xe0, 0xff, 0xe7, 0x3c,
    0x1f, 0xfc, 0xe7, 0x83, 0xff, 0x9c, 0xf0, 0x7f,
    0xf3, 0x9e, 0xf, 0xfe, 0x73, 0xc1, 0xff, 0xce,
    0x78, 0x3f, 0xf9, 0xcf, 0x7, 0xff, 0x39, 0xe0,
    0xff, 0xe7, 0x3c, 0x1f, 0xfc, 0xe7, 0x83, 0xff,
    0x9c, 0xf8, 0x3f, 0xf9, 0xfe, 0xf, 0xfe, 0x7f,
    0x83, 0xff, 0x9f, 0x70, 0x7f, 0xf3, 0x9f, 0x7,
    0xff, 0x3f, 0xd0, 0x7f, 0xf3, 0x9f, 0x21, 0xff,
    0xce, 0xbc, 0x87, 0xff, 0x3a, 0xf9, 0xf, 0xfe,
    0x6b, 0xfa, 0x43, 0xff, 0x98, 0xff, 0xf0, 0x7f,
    0xf2, 0x9a, 0x7e, 0x0,

    /* U+0075 "u" */
    0xf, 0xfe, 0xc7, 0x83, 0xff, 0xa7, 0xe3, 0xc1,
    0xff, 0xd3, 0xf1, 0xe0, 0xff, 0xe9, 0xf8, 0xf0,
    0x7f, 0xf4, 0xfc, 0x78, 0x3f, 0xfa, 0x7e, 0x3c,
    0x1f, 0xfd, 0x3f, 0x1e, 0xf, 0xfe, 0x9f, 0x8f,
    0x7, 0xff, 0x4f, 0xc7, 0x83, 0xff, 0xa7, 0xe3,
    0xc1, 0xff, 0xd3, 0xf1, 0xe0, 0xff, 0xe9, 0xf8,
    0xf0, 0x7f, 0xf4, 0xfc, 0x78, 0x3f, 0xfa, 0x7e,
    0x3c, 0x1f, 0xfd, 0x3f, 0x1e, 0xf, 0xfe, 0x9f,
    0x8f, 0x7, 0xff, 0x4f, 0xc7, 0x83, 0xff, 0xa7,
    0xe3, 0xc1, 0xff, 0xd3, 0xf1, 0xe0, 0xff, 0xe9,
    0xf8, 0xf0, 0x7f, 0xf4, 0xfc, 0x78, 0x3f, 0xfa,
    0x7e, 0x3c, 0x1f, 0xfd, 0x3f, 0x1e, 0xf, 0xfe,
    0x9f, 0x8f, 0x7, 0xff, 0x4f, 0xc7, 0x90, 0xff,
    0xe9, 0x78, 0xb4, 0x3f, 0xfa, 0x5e, 0x2d, 0xf,
    0xfe, 0x97, 0x87, 0x83, 0xff, 0xa2, 0xf0, 0xf8,
    0x3f, 0xfa, 0x37, 0x3, 0xc1, 0xff, 0xd1, 0xf2,
    0xb, 0x43, 0xff, 0xa1, 0xe0, 0x9f, 0x7, 0xff,
    0x3e, 0xe0, 0xde, 0xf, 0xfe, 0x7f, 0x90, 0xcf,
    0x83, 0xff, 0x9a, 0xf8, 0x3d, 0xe4, 0x3f, 0xf9,
    0x9e, 0xf, 0x9f, 0x7, 0xff, 0x2f, 0xd0, 0x7e,
    0xbc, 0x1f, 0xfc, 0x9b, 0xc1, 0xfe, 0xf8, 0x3f,
    0xf8, 0xf7, 0x83, 0xff, 0x81, 0xf2, 0x1f, 0xfc,
    0x4f, 0x83, 0xff, 0x85, 0x7a, 0xf, 0xfe, 0xd,
    0xf0, 0x7f, 0xf1, 0x1f, 0xc8, 0x7c, 0xdf, 0x41,
    0xff, 0xc7, 0x7f, 0xff, 0x83, 0x7, 0xff, 0x32,
    0x9f, 0xe9, 0xf, 0xfe, 0x8,

    /* U+0076 "v" */
    0xf, 0xfe, 0xdf, 0x83, 0xff, 0xa9, 0x71, 0xe4,
    0x3f, 0xfa, 0x7e, 0x47, 0xc1, 0xff, 0xd2, 0x7c,
    0x17, 0x90, 0xff, 0xe8, 0xf9, 0xa, 0xe0, 0xff,
    0xe8, 0xf8, 0x3b, 0xc1, 0xff, 0xd0, 0xb8, 0x3a,
    0xe0, 0xff, 0xe7, 0xf8, 0x3c, 0xf8, 0x3f, 0xf9,
    0xd7, 0x7, 0xde, 0x43, 0xff, 0x9b, 0xe4, 0x3e,
    0x7c, 0x1f, 0xfc, 0xc7, 0xc1, 0xfd, 0xe4, 0x3f,
    0xf9, 0x7e, 0x43, 0xfa, 0xe0, 0xff, 0xe5, 0xf8,
    0x3f, 0xef, 0x7, 0xff, 0x2a, 0xe0, 0xff, 0xae,
    0xf, 0xfe, 0x4f, 0x83, 0xff, 0x80, 0xf8, 0x3f,
    0xf9, 0xf, 0x83, 0xff, 0x83, 0xe4, 0x3f, 0xf8,
    0xfe, 0x43, 0xff, 0x82, 0xf8, 0x3f, 0xf8, 0xcf,
    0x83, 0xff, 0x87, 0xe0, 0xff, 0xe3, 0x5c, 0x1f,
    0xfc, 0x3b, 0x83, 0xff, 0x8b, 0xe0, 0xff, 0xe2,
    0xf8, 0x3f, 0xf8, 0x97, 0x7, 0xff, 0x17, 0xc8,
    0x7f, 0xf0, 0xfc, 0x1f, 0xfc, 0x67, 0xc1, 0xff,
    0xc2, 0x7c, 0x1f, 0xfc, 0x7f, 0x21, 0xff, 0xc1,
    0xf2, 0x1f, 0xfc, 0x77, 0x83, 0xff, 0x83, 0xe0,
    0xff, 0xe4, 0xf8, 0x3f, 0xf8, 0x17, 0x7, 0xff,
    0x26, 0xe0, 0xff, 0xbc, 0x1f, 0xfc, 0xbf, 0x7,
    0xfa, 0xe0, 0xff, 0xe5, 0xf9, 0xf, 0xef, 0x21,
    0xff, 0xcb, 0x7c, 0x1f, 0x9f, 0x7, 0xff, 0x37,
    0xc1, 0xfb, 0xc8, 0x7f, 0xf3, 0x6e, 0xf, 0xbc,
    0x1f, 0xfc, 0xff, 0x7, 0xae, 0xf, 0xfe, 0x7d,
    0xc1, 0xde, 0xf, 0xfe, 0x83, 0xe0, 0xcf, 0x83,
    0xff, 0xa3, 0xe4, 0x2f, 0x21, 0xff, 0xd1, 0x7c,
    0x7, 0xc1, 0xff, 0xd3, 0xf0, 0x2d, 0xf, 0xfe,
    0x9d, 0xc7, 0x83, 0xff, 0xab, 0xeb, 0x83, 0xff,
    0xab, 0x7c, 0x1f, 0xfd, 0x67, 0xe0, 0xff, 0xeb,
    0xf9, 0xf, 0xff, 0x58,

    /* U+0077 "w" */
    0xf, 0xff, 0xbf, 0x83, 0xff, 0xa0, 0xf8, 0x3f,
    0xfa, 0xf, 0x81, 0x70, 0x7f, 0xf3, 0xef, 0x41,
    0xff, 0xcf, 0xb8, 0x2f, 0x7, 0xff, 0x3f, 0xf0,
    0x7f, 0xf3, 0xfc, 0x1b, 0xc8, 0x7f, 0xf3, 0x5f,
    0xc8, 0x7f, 0xf3, 0x6e, 0xc, 0xf8, 0x3f, 0xf9,
    0xb7, 0x4e, 0xf, 0xfe, 0x6f, 0x90, 0xef, 0x7,
    0xff, 0x37, 0xc3, 0xe0, 0xff, 0xe6, 0x3e, 0xf,
    0x5c, 0x1f, 0xfc, 0xb7, 0xc0, 0xf2, 0x1f, 0xfc,
    0xbb, 0x83, 0xef, 0x7, 0xff, 0x2e, 0xe0, 0x5c,
    0x1f, 0xfc, 0xbf, 0x7, 0xef, 0x21, 0xff, 0xca,
    0xf0, 0x4f, 0x83, 0xff, 0x95, 0x70, 0x7e, 0x7c,
    0x1f, 0xfc, 0x97, 0xc1, 0xbc, 0x87, 0xff, 0x27,
    0xc8, 0x7f, 0x79, 0xf, 0xfe, 0x45, 0xc1, 0xae,
    0xf, 0xfe, 0x43, 0xe0, 0xff, 0x5c, 0x1f, 0xfc,
    0x8f, 0x7, 0x3e, 0xf, 0xfe, 0x45, 0xc1, 0xff,
    0x78, 0x3f, 0xf8, 0xef, 0x83, 0xde, 0x43, 0xff,
    0x8f, 0xe0, 0xff, 0xe0, 0x79, 0xf, 0xfe, 0x35,
    0xa1, 0xeb, 0x83, 0xff, 0x8d, 0x70, 0x7f, 0xf0,
    0x1f, 0x7, 0xff, 0x1b, 0xc1, 0xfb, 0xc1, 0xff,
    0xc6, 0xf2, 0x1f, 0xfc, 0x1f, 0x21, 0xff, 0xc4,
    0x7c, 0x1f, 0xbc, 0x87, 0xff, 0x11, 0xf0, 0x7f,
    0xf0, 0xae, 0xf, 0xfe, 0x27, 0x90, 0xfd, 0x70,
    0x7f, 0xf1, 0x2d, 0xf, 0xfe, 0x1f, 0x83, 0xff,
    0x89, 0xe0, 0xff, 0x78, 0x3f, 0xf8, 0x9e, 0xf,
    0xfe, 0x27, 0x90, 0xff, 0xe1, 0x3e, 0xf, 0xf7,
    0x90, 0xff, 0xe1, 0x5c, 0x1f, 0xfc, 0x47, 0xc1,
    0xff, 0xc2, 0xf2, 0x1f, 0xeb, 0x83, 0xff, 0x85,
    0xe4, 0x3f, 0xf8, 0xbe, 0x43, 0xff, 0x83, 0xe0,
    0xff, 0xe0, 0x78, 0x3f, 0xf8, 0x2f, 0x83, 0xff,
    0x8d, 0x70, 0x7f, 0xf0, 0x1f, 0x7, 0xff, 0x3,
    0xc8, 0x7f, 0xf0, 0x3c, 0x87, 0xff, 0x1f, 0xc1,
    0xff, 0xc0, 0xf2, 0x1f, 0xfc, 0xb, 0x83, 0xff,
    0x81, 0xe0, 0xff, 0xe4, 0x5a, 0x1f, 0xf7, 0x83,
    0xff, 0x85, 0xe0, 0xff, 0xae, 0xf, 0xfe, 0x43,
    0xe0, 0xff, 0x3e, 0xf, 0xfe, 0x17, 0x90, 0xff,
    0x79, 0xf, 0xfe, 0x4f, 0x90, 0xfe, 0xf2, 0x1f,
    0xfc, 0x2b, 0x83, 0xf9, 0xf0, 0x7f, 0xf2, 0xae,
    0xf, 0xef, 0x7, 0xff, 0x13, 0xc1, 0xfd, 0xe4,
    0x3f, 0xf9, 0x7e, 0xf, 0xd7, 0x7, 0xff, 0x13,
    0xc8, 0x7e, 0xf0, 0x7f, 0xf3, 0x2d, 0xf, 0xbc,
    0x87, 0xff, 0x11, 0xf0, 0x7d, 0x70, 0x7f, 0xf3,
    0x1f, 0x7, 0xde, 0xf, 0xfe, 0x37, 0x83, 0xef,
    0x7, 0xff, 0x3b, 0xc8, 0x75, 0xc1, 0xff, 0xc6,
    0xf2, 0x1c, 0xf8, 0x3f, 0xf9, 0xd7, 0x7, 0x79,
    0xf, 0xfe, 0x33, 0xe0, 0xef, 0x21, 0xff, 0xcf,
    0xf0, 0x77, 0x83, 0xff, 0x91, 0xe0, 0xef, 0x7,
    0xff, 0x42, 0xe0, 0xae, 0xf, 0xfe, 0x47, 0x90,
    0xae, 0xf, 0xfe, 0x83, 0xe0, 0xbc, 0x87, 0xff,
    0x21, 0xf0, 0x5e, 0xf, 0xfe, 0x97, 0x90, 0x78,
    0x3f, 0xf9, 0x5e, 0x3, 0xe0, 0xff, 0xe9, 0x5c,
    0x5c, 0x1f, 0xfc, 0xaf, 0x27, 0x90, 0xff, 0xe9,
    0xf8, 0xf2, 0x1f, 0xfc, 0xa7, 0xc7, 0x83, 0xff,
    0xa9, 0x77, 0x83, 0xff, 0x99, 0xeb, 0x83, 0xff,
    0xa8, 0xfd, 0x7, 0xff, 0x32, 0xf8, 0x3f, 0xfa,
    0xdf, 0x21, 0xff, 0xcc, 0x7e, 0xf, 0xfe, 0xb3,
    0xe0, 0xff, 0xe7, 0x79, 0xf, 0xff, 0xf8, 0x7e,

    /* U+0078 "x" */
    0xf, 0xfe, 0xd5, 0xe0, 0xff, 0xe8, 0xfa, 0xb,
    0xd0, 0x7f, 0xf3, 0xef, 0x7, 0x7a, 0xf, 0xfe,
    0x6b, 0xe0, 0xfb, 0xc8, 0x7f, 0xf2, 0xdf, 0x21,
    0xf3, 0xe0, 0xff, 0xe5, 0xfa, 0xf, 0xeb, 0xc1,
    0xff, 0xc9, 0xf4, 0x1f, 0xf7, 0xa0, 0xff, 0xe3,
    0xde, 0xf, 0xfe, 0xf, 0x90, 0xff, 0xe2, 0xbe,
    0xf, 0xfe, 0x13, 0xe4, 0x3f, 0xf8, 0x6f, 0x90,
    0xff, 0xe1, 0xbe, 0xf, 0xfe, 0x1f, 0xa0, 0xff,
    0xe2, 0xde, 0xf, 0xfe, 0xf, 0xc1, 0xff, 0xc7,
    0xf4, 0x1f, 0xf5, 0xe0, 0xff, 0xe4, 0xf9, 0xf,
    0xe7, 0xc1, 0xff, 0xca, 0x7c, 0x1f, 0xde, 0x43,
    0xff, 0x97, 0x78, 0x3e, 0xf4, 0x1f, 0xfc, 0xdb,
    0xc1, 0xdf, 0x7, 0xff, 0x3f, 0xd0, 0x57, 0x83,
    0xff, 0xa3, 0xe4, 0x7c, 0x1f, 0xfd, 0x27, 0xcf,
    0x90, 0xff, 0xe9, 0xdf, 0x41, 0xff, 0xd5, 0xf8,
    0x3f, 0xfa, 0xb7, 0xd0, 0x7f, 0xf4, 0xdf, 0x5e,
    0x43, 0xff, 0xa5, 0xe4, 0x7c, 0x1f, 0xfd, 0x1f,
    0x41, 0x5e, 0xf, 0xfe, 0x7d, 0xe0, 0xef, 0x41,
    0xff, 0xcd, 0x7c, 0x1f, 0x79, 0xf, 0xfe, 0x5b,
    0xe4, 0x3e, 0x7c, 0x87, 0xff, 0x2b, 0xd0, 0x7f,
    0x3e, 0xf, 0xfe, 0x4f, 0xa0, 0xff, 0xaf, 0x7,
    0xff, 0x1e, 0xf0, 0x7f, 0xf0, 0x7d, 0x7, 0xff,
    0x15, 0xf0, 0x7f, 0xf0, 0xfc, 0x87, 0xff, 0xd,
    0xf2, 0x1f, 0xfc, 0x37, 0xc1, 0xff, 0xc3, 0xf4,
    0x1f, 0xfc, 0x5b, 0xc1, 0xff, 0xc1, 0xf8, 0x3f,
    0xf8, 0xf7, 0x83, 0xfe, 0xbc, 0x1f, 0xfc, 0x9f,
    0x41, 0xfc, 0xf8, 0x3f, 0xf9, 0x7e, 0x43, 0xf7,
    0x90, 0xff, 0xe5, 0xbe, 0xf, 0xbd, 0x7, 0xff,
    0x36, 0xf0, 0x77, 0xc1, 0xff, 0xcf, 0xf4, 0x15,
    0xe0, 0xff, 0xe8, 0xfa, 0x1f, 0x21, 0xff, 0xd2,
    0xf2, 0x1f, 0xfd, 0x90,

    /* U+0079 "y" */
    0xf, 0xfe, 0xf7, 0x83, 0xff, 0xac, 0xf8, 0x17,
    0x7, 0xff, 0x57, 0xd0, 0x5e, 0xf, 0xfe, 0xa3,
    0xe0, 0xde, 0x83, 0xff, 0xa7, 0xe8, 0x33, 0xe0,
    0xff, 0xe9, 0x3e, 0xf, 0x7a, 0xf, 0xfe, 0x8f,
    0xa0, 0xf3, 0xe0, 0xff, 0xe8, 0xf8, 0x3f, 0x7a,
    0xf, 0xfe, 0x7d, 0xc1, 0xf9, 0xf0, 0x7f, 0xf3,
    0xfc, 0x1f, 0xef, 0x21, 0xff, 0xcd, 0xb8, 0x3f,
    0xcf, 0x83, 0xff, 0x9b, 0xe4, 0x3f, 0xef, 0x21,
    0xff, 0xcb, 0xbc, 0x1f, 0xfc, 0x7, 0xc1, 0xff,
    0xcb, 0xf2, 0x1f, 0xfc, 0x1f, 0x21, 0xff, 0xc9,
    0xbc, 0x1f, 0xfc, 0x27, 0xc1, 0xff, 0xc9, 0xf2,
    0x1f, 0xfc, 0x3f, 0x21, 0xff, 0xc7, 0xbc, 0x1f,
    0xfc, 0x4b, 0xc1, 0xff, 0xc7, 0xf2, 0x1f, 0xfc,
    0x5f, 0x21, 0xff, 0xc5, 0x7c, 0x1f, 0xfc, 0x6b,
    0xc1, 0xff, 0xc5, 0xf2, 0x1f, 0xfc, 0x7f, 0x21,
    0xff, 0xc3, 0x7c, 0x1f, 0xfc, 0x8b, 0x83, 0xff,
    0x87, 0xe4, 0x3f, 0xf9, 0x3e, 0xf, 0xfe, 0x13,
    0xe0, 0xff, 0xe5, 0x5c, 0x1f, 0xfc, 0x1f, 0x41,
    0xff, 0xcb, 0xf0, 0x7f, 0xf0, 0x1f, 0x7, 0xff,
    0x32, 0xe0, 0xff, 0xbd, 0x7, 0xff, 0x37, 0xc1,
    0xfe, 0x7c, 0x1f, 0xfc, 0xeb, 0x83, 0xfb, 0xd0,
    0x7f, 0xf3, 0xfc, 0x1f, 0x9f, 0x7, 0xff, 0x42,
    0xe0, 0xfa, 0xe0, 0xff, 0xe8, 0x3e, 0xf, 0xbc,
    0x1f, 0xfd, 0x2f, 0x41, 0xd7, 0x7, 0xff, 0x49,
    0xf0, 0x77, 0x83, 0xff, 0xa9, 0xe4, 0x2b, 0xc1,
    0xff, 0xd4, 0x7c, 0x17, 0x90, 0xff, 0xea, 0xf9,
    0x2f, 0x7, 0xff, 0x59, 0xf1, 0xe4, 0x3f, 0xfa,
    0xff, 0xc1, 0xff, 0xd8, 0x7e, 0x43, 0xff, 0xb3,
    0xf0, 0x7f, 0xf6, 0xbc, 0x87, 0xff, 0x65, 0xf0,
    0x7f, 0xf6, 0xbc, 0x87, 0xff, 0x65, 0xf0, 0x7f,
    0xf6, 0xbd, 0x7, 0xff, 0x65, 0xf0, 0x7f, 0xf6,
    0xbd, 0x7, 0xff, 0x65, 0xf0, 0x7f, 0xf6, 0xbd,
    0x7, 0xff, 0x65, 0xf0, 0x7f, 0xf6, 0xbd, 0x7,
    0xff, 0x6b, 0xc1, 0xff, 0xda, 0xb8, 0x3f, 0xfb,
    0x5e, 0xf, 0xfe, 0xd5, 0xc1, 0xff, 0xda, 0xf2,
    0x1f, 0xfd, 0x9b, 0xc1, 0xff, 0xda, 0xf2, 0x1f,
    0xfd, 0x9b, 0xc1, 0xff, 0xda, 0xf2, 0x1f, 0xfd,
    0x9b, 0xc1, 0xff, 0xd1,

    /* U+007A "z" */
    0x7, 0xff, 0xf5, 0x2, 0xff, 0xfe, 0xa0, 0x7f,
    0xf4, 0xdf, 0x21, 0xff, 0xd3, 0xf2, 0x1f, 0xfd,
    0x3f, 0x41, 0xff, 0xd3, 0xbc, 0x1f, 0xfd, 0x3b,
    0xc1, 0xff, 0xd3, 0x7c, 0x87, 0xff, 0x4f, 0xc8,
    0x7f, 0xf4, 0xfd, 0x7, 0xff, 0x4f, 0xe0, 0xff,
    0xe9, 0xde, 0xf, 0xfe, 0x9b, 0xe0, 0xff, 0xea,
    0x79, 0xf, 0xfe, 0x9f, 0xa0, 0xff, 0xe9, 0xfc,
    0x1f, 0xfd, 0x3b, 0xc1, 0xff, 0xd3, 0x7c, 0x1f,
    0xfd, 0x37, 0xc8, 0x7f, 0xf4, 0xfd, 0x7, 0xff,
    0x4f, 0xd0, 0x7f, 0xf4, 0xef, 0x7, 0xff, 0x4d,
    0xf0, 0x7f, 0xf4, 0xdf, 0x21, 0xff, 0xd3, 0xf4,
    0x1f, 0xfd, 0x3f, 0x41, 0xff, 0xd3, 0xbc, 0x1f,
    0xfd, 0x3b, 0xc1, 0xff, 0xd3, 0x7c, 0x87, 0xff,
    0x4f, 0xc8, 0x7f, 0xf4, 0xfd, 0x7, 0xff, 0x4e,
    0xf0, 0x7f, 0xf4, 0xef, 0x7, 0xff, 0x4d, 0xf2,
    0x1f, 0xfd, 0x3f, 0x21, 0xff, 0xd3, 0xf4, 0x1f,
    0xfd, 0x3f, 0x83, 0xff, 0xa7, 0x78, 0x3f, 0xfa,
    0x6f, 0x83, 0xff, 0xa9, 0xe4, 0x3f, 0xfa, 0x7f,
    0xff, 0xd6, 0xbf, 0xff, 0xae,

    /* U+007B "{" */
    0xf, 0xfe, 0x3, 0x7f, 0xc8, 0x7f, 0xaf, 0xff,
    0x21, 0xfd, 0xf2, 0x1f, 0xfc, 0x5f, 0x41, 0xff,
    0xc6, 0xbc, 0x1f, 0xfc, 0x7f, 0x7, 0xff, 0x1e,
    0xe0, 0xff, 0xe3, 0xf9, 0xf, 0xfe, 0x3f, 0x83,
    0xff, 0x91, 0xe0, 0xff, 0xe4, 0x78, 0x3f, 0xf9,
    0x1e, 0xf, 0xfe, 0x47, 0x83, 0xff, 0x91, 0xe0,
    0xff, 0xe4, 0x78, 0x3f, 0xf9, 0x1e, 0xf, 0xfe,
    0x47, 0x83, 0xff, 0x91, 0xe0, 0xff, 0xe4, 0x78,
    0x3f, 0xf9, 0x1e, 0xf, 0xfe, 0x47, 0x83, 0xff,
    0x91, 0xe0, 0xff, 0xe4, 0x78, 0x3f, 0xf9, 0x1e,
    0xf, 0xfe, 0x47, 0x83, 0xff, 0x91, 0xe0, 0xff,
    0xe4, 0x78, 0x3f, 0xf9, 0x1e, 0xf, 0xfe, 0x47,
    0x83, 0xff, 0x91, 0xe0, 0xff, 0xe4, 0x78, 0x3f,
    0xf9, 0x1e, 0xf, 0xfe, 0x47, 0x83, 0xff, 0x91,
    0xe0, 0xff, 0xe3, 0xfc, 0x1f, 0xfc, 0x6f, 0x83,
    0xff, 0x8d, 0xf0, 0x7f, 0xf1, 0xbe, 0xf, 0xfe,
    0x37, 0xc1, 0xff, 0xc7, 0xf4, 0x1f, 0xfc, 0x8f,
    0x41, 0xff, 0xc8, 0xf4, 0x1f, 0xfc, 0x77, 0xd0,
    0x7f, 0xf1, 0xdf, 0x41, 0xff, 0xc7, 0x7c, 0x1f,
    0xfc, 0x8f, 0x7, 0xff, 0x23, 0xc1, 0xff, 0xc8,
    0xf0, 0x7f, 0xf2, 0x3c, 0x1f, 0xfc, 0x8f, 0x7,
    0xff, 0x23, 0xc1, 0xff, 0xc8, 0xf0, 0x7f, 0xf2,
    0x3c, 0x1f, 0xfc, 0x8f, 0x7, 0xff, 0x23, 0xc1,
    0xff, 0xc8, 0xf0, 0x7f, 0xf2, 0x3c, 0x1f, 0xfc,
    0x8f, 0x7, 0xff, 0x23, 0xc1, 0xff, 0xc8, 0xf0,
    0x7f, 0xf2, 0x3c, 0x1f, 0xfc, 0x8f, 0x7, 0xff,
    0x23, 0xc1, 0xff, 0xc8, 0xf0, 0x7f, 0xf2, 0x3c,
    0x1f, 0xfc, 0x8f, 0x7, 0xff, 0x23, 0xc1, 0xff,
    0xc8, 0xf0, 0x7f, 0xf2, 0x3c, 0x1f, 0xfc, 0x8f,
    0x7, 0xff, 0x23, 0xc8, 0x7f, 0xf1, 0xee, 0xf,
    0xfe, 0x47, 0x83, 0xff, 0x91, 0x70, 0x7f, 0xf2,
    0x3d, 0x7, 0xff, 0x23, 0xe4, 0x3f, 0xf8, 0xff,
    0xff, 0x21, 0xff, 0x37, 0xfe, 0x40,

    /* U+007C "|" */
    0x62, 0xdb, 0x6d, 0xb6, 0xdb, 0x6d, 0xb6, 0xdb,
    0x6d, 0xb6, 0xdb, 0x6d, 0xb6, 0xdb, 0x6d, 0xb6,
    0xdb, 0x6d, 0xb6, 0xdb, 0x6d, 0xb6, 0xdb, 0x6d,
    0xb6, 0xdb, 0x6d, 0xb6, 0xdb, 0x6d, 0xb6, 0xdb,
    0x6d, 0xb6, 0xdb, 0x6d, 0xb6, 0xdb, 0x6d, 0xb6,
    0xdb, 0x6d, 0xb6, 0xdb, 0x6d, 0xb6, 0xdb, 0x6d,
    0xb6, 0xdb, 0x6d, 0xb6, 0xdb, 0x6d, 0xb6, 0xdb,
    0x6d, 0xb6, 0xdb, 0x6d, 0xb5, 0x40,

    /* U+007D "}" */
    0x3f, 0xea, 0x7, 0xff, 0x7, 0xff, 0xd0, 0x7f,
    0xf1, 0xdf, 0x90, 0xff, 0xe3, 0xbe, 0xf, 0xfe,
    0x43, 0xe0, 0xff, 0xe4, 0x79, 0xf, 0xfe, 0x3b,
    0xe0, 0xff, 0xe4, 0x78, 0x3f, 0xf9, 0x1e, 0x43,
    0xff, 0x8f, 0x68, 0x7f, 0xf1, 0xed, 0xf, 0xfe,
    0x3d, 0xa1, 0xff, 0xc7, 0xb4, 0x3f, 0xf8, 0xf6,
    0x87, 0xff, 0x1e, 0xd0, 0xff, 0xe3, 0xda, 0x1f,
    0xfc, 0x7b, 0x43, 0xff, 0x8f, 0x68, 0x7f, 0xf1,
    0xed, 0xf, 0xfe, 0x3d, 0xa1, 0xff, 0xc7, 0xb4,
    0x3f, 0xf8, 0xf6, 0x87, 0xff, 0x1e, 0xd0, 0xff,
    0xe3, 0xda, 0x1f, 0xfc, 0x7b, 0x43, 0xff, 0x8f,
    0x68, 0x7f, 0xf1, 0xed, 0xf, 0xfe, 0x3d, 0xa1,
    0xff, 0xc7, 0xb4, 0x3f, 0xf8, 0xf6, 0x87, 0xff,
    0x1e, 0xd0, 0xff, 0xe3, 0xda, 0x1f, 0xfc, 0x7b,
    0x43, 0xff, 0x8f, 0x68, 0x7f, 0xf1, 0xdf, 0x21,
    0xff, 0xc7, 0x7c, 0x87, 0xff, 0x1d, 0xf2, 0x1f,
    0xfc, 0x77, 0xc8, 0x7f, 0xf1, 0xdf, 0x21, 0xff,
    0xc6, 0x7c, 0x87, 0xff, 0x15, 0xf2, 0x1f, 0xfc,
    0x57, 0xc8, 0x7f, 0xf1, 0x5f, 0x21, 0xff, 0xc5,
    0x7c, 0x87, 0xff, 0x1a, 0xe0, 0xff, 0xe3, 0xda,
    0x1f, 0xfc, 0x7b, 0x43, 0xff, 0x8f, 0x68, 0x7f,
    0xf1, 0xed, 0xf, 0xfe, 0x3d, 0xa1, 0xff, 0xc7,
    0xb4, 0x3f, 0xf8, 0xf6, 0x87, 0xff, 0x1e, 0xd0,
    0xff, 0xe3, 0xda, 0x1f, 0xfc, 0x7b, 0x43, 0xff,
    0x8f, 0x68, 0x7f, 0xf1, 0xed, 0xf, 0xfe, 0x3d,
    0xa1, 0xff, 0xc7, 0xb4, 0x3f, 0xf8, 0xf6, 0x87,
    0xff, 0x1e, 0xd0, 0xff, 0xe3, 0xda, 0x1f, 0xfc,
    0x7b, 0x43, 0xff, 0x8f, 0x68, 0x7f, 0xf1, 0xed,
    0xf, 0xfe, 0x3d, 0xa1, 0xff, 0xc7, 0xb4, 0x3f,
    0xf8, 0xf6, 0x87, 0xff, 0x1e, 0xd0, 0xff, 0xe3,
    0xf9, 0xf, 0xfe, 0x3f, 0x83, 0xff, 0x91, 0xe0,
    0xff, 0xe3, 0xda, 0x1f, 0xfc, 0x67, 0xc1, 0xff,
    0xc6, 0x7c, 0x87, 0xff, 0x16, 0xf2, 0x1f, 0xdf,
    0xff, 0x21, 0xfe, 0xff, 0xd2, 0x1f, 0xf0,

    /* U+007E "~" */
    0xf, 0xaf, 0xd2, 0x1f, 0xfd, 0x5b, 0xff, 0xa0,
    0xff, 0xe5, 0xbe, 0xd, 0xf2, 0x19, 0xbe, 0x43,
    0xff, 0x92, 0xf0, 0x5e, 0x83, 0xfa, 0xf4, 0x1f,
    0xfc, 0x87, 0x81, 0xe8, 0x3f, 0xe7, 0xe0, 0xff,
    0xe3, 0xda, 0x3e, 0xf, 0xfe, 0x17, 0xc8, 0x7f,
    0xf1, 0x7c, 0xf, 0x21, 0xff, 0xc3, 0xbc, 0x87,
    0xff, 0xd, 0xf0, 0x3c, 0x1f, 0xfc, 0x5b, 0xd0,
    0x7f, 0xf0, 0xbc, 0x8f, 0x7, 0xff, 0x19, 0xf8,
    0x3f, 0xf8, 0x17, 0x81, 0x68, 0x7f, 0xf2, 0x3e,
    0x83, 0xfa, 0xf0, 0x56, 0x87, 0xff, 0x26, 0xf9,
    0xe, 0x7e, 0x42, 0xf2, 0x1f, 0xfc, 0xbb, 0xff,
    0xc1, 0xff, 0xd5, 0xbf, 0xa4, 0x3c
};


/*---------------------
 *  GLYPH DESCRIPTION
 *--------------------*/

static const lv_font_fmt_txt_glyph_dsc_t glyph_dsc[] = {
    {.bitmap_index = 0, .adv_w = 0, .box_w = 0, .box_h = 0, .ofs_x = 0, .ofs_y = 0} /* id = 0 reserved */,
    {.bitmap_index = 0, .adv_w = 410, .box_w = 0, .box_h = 0, .ofs_x = 0, .ofs_y = 0},
    {.bitmap_index = 0, .adv_w = 428, .box_w = 7, .box_h = 59, .ofs_x = 10, .ofs_y = 0},
    {.bitmap_index = 94, .adv_w = 421, .box_w = 14, .box_h = 19, .ofs_x = 6, .ofs_y = 43},
    {.bitmap_index = 154, .adv_w = 849, .box_w = 47, .box_h = 60, .ofs_x = 3, .ofs_y = -1},
    {.bitmap_index = 548, .adv_w = 841, .box_w = 42, .box_h = 72, .ofs_x = 5, .ofs_y = -7},
    {.bitmap_index = 1016, .adv_w = 1078, .box_w = 59, .box_h = 61, .ofs_x = 4, .ofs_y = -1},
    {.bitmap_index = 1555, .adv_w = 973, .box_w = 52, .box_h = 62, .ofs_x = 5, .ofs_y = -2},
    {.bitmap_index = 1983, .adv_w = 256, .box_w = 4, .box_h = 19, .ofs_x = 6, .ofs_y = 43},
    {.bitmap_index = 2007, .adv_w = 433, .box_w = 17, .box_h = 80, .ofs_x = 5, .ofs_y = -13},
    {.bitmap_index = 2270, .adv_w = 433, .box_w = 17, .box_h = 80, .ofs_x = 5, .ofs_y = -13},
    {.bitmap_index = 2532, .adv_w = 545, .box_w = 28, .box_h = 31, .ofs_x = 3, .ofs_y = 28},
    {.bitmap_index = 2678, .adv_w = 712, .box_w = 38, .box_h = 38, .ofs_x = 3, .ofs_y = 8},
    {.bitmap_index = 2815, .adv_w = 397, .box_w = 10, .box_h = 19, .ofs_x = 5, .ofs_y = -11},
    {.bitmap_index = 2855, .adv_w = 589, .box_w = 30, .box_h = 2, .ofs_x = 3, .ofs_y = 23},
    {.bitmap_index = 2861, .adv_w = 396, .box_w = 7, .box_h = 6, .ofs_x = 9, .ofs_y = 0},
    {.bitmap_index = 2870, .adv_w = 657, .box_w = 29, .box_h = 68, .ofs_x = 6, .ofs_y = -7},
    {.bitmap_index = 3102, .adv_w = 717, .box_w = 40, .box_h = 61, .ofs_x = 2, .ofs_y = -1},
    {.bitmap_index = 3433, .adv_w = 461, .box_w = 15, .box_h = 60, .ofs_x = 4, .ofs_y = -1},
    {.bitmap_index = 3641, .adv_w = 717, .box_w = 38, .box_h = 60, .ofs_x = 2, .ofs_y = 0},
    {.bitmap_index = 3893, .adv_w = 717, .box_w = 39, .box_h = 61, .ofs_x = 2, .ofs_y = -1},
    {.bitmap_index = 4187, .adv_w = 717, .box_w = 38, .box_h = 60, .ofs_x = 3, .ofs_y = -1},
    {.bitmap_index = 4481, .adv_w = 717, .box_w = 39, .box_h = 60, .ofs_x = 2, .ofs_y = -1},
    {.bitmap_index = 4747, .adv_w = 717, .box_w = 37, .box_h = 60, .ofs_x = 4, .ofs_y = -1},
    {.bitmap_index = 5035, .adv_w = 640, .box_w = 36, .box_h = 59, .ofs_x = 3, .ofs_y = 0},
    {.bitmap_index = 5244, .adv_w = 717, .box_w = 39, .box_h = 61, .ofs_x = 3, .ofs_y = -1},
    {.bitmap_index = 5602, .adv_w = 717, .box_w = 37, .box_h = 60, .ofs_x = 4, .ofs_y = 0},
    {.bitmap_index = 5887, .adv_w = 396, .box_w = 7, .box_h = 42, .ofs_x = 9, .ofs_y = 0},
    {.bitmap_index = 5913, .adv_w = 397, .box_w = 11, .box_h = 54, .ofs_x = 5, .ofs_y = -11},
    {.bitmap_index = 5981, .adv_w = 698, .box_w = 38, .box_h = 40, .ofs_x = 3, .ofs_y = 7},
    {.bitmap_index = 6132, .adv_w = 712, .box_w = 38, .box_h = 21, .ofs_x = 3, .ofs_y = 16},
    {.bitmap_index = 6168, .adv_w = 698, .box_w = 38, .box_h = 40, .ofs_x = 3, .ofs_y = 7},
    {.bitmap_index = 6318, .adv_w = 631, .box_w = 31, .box_h = 60, .ofs_x = 4, .ofs_y = 0},
    {.bitmap_index = 6540, .adv_w = 1171, .box_w = 62, .box_h = 67, .ofs_x = 6, .ofs_y = -7},
    {.bitmap_index = 7126, .adv_w = 822, .box_w = 50, .box_h = 60, .ofs_x = 1, .ofs_y = -1},
    {.bitmap_index = 7470, .adv_w = 765, .box_w = 37, .box_h = 59, .ofs_x = 6, .ofs_y = 0},
    {.bitmap_index = 7779, .adv_w = 945, .box_w = 54, .box_h = 61, .ofs_x = 3, .ofs_y = -1},
    {.bitmap_index = 8079, .adv_w = 872, .box_w = 46, .box_h = 59, .ofs_x = 6, .ofs_y = 0},
    {.bitmap_index = 8403, .adv_w = 722, .box_w = 35, .box_h = 59, .ofs_x = 6, .ofs_y = 0},
    {.bitmap_index = 8609, .adv_w = 695, .box_w = 35, .box_h = 59, .ofs_x = 6, .ofs_y = 0},
    {.bitmap_index = 8816, .adv_w = 1042, .box_w = 59, .box_h = 61, .ofs_x = 3, .ofs_y = -1},
    {.bitmap_index = 9151, .adv_w = 868, .box_w = 42, .box_h = 60, .ofs_x = 6, .ofs_y = -1},
    {.bitmap_index = 9403, .adv_w = 248, .box_w = 3, .box_h = 60, .ofs_x = 6, .ofs_y = -1},
    {.bitmap_index = 9456, .adv_w = 621, .box_w = 31, .box_h = 60, .ofs_x = 2, .ofs_y = -1},
    {.bitmap_index = 9678, .adv_w = 699, .box_w = 37, .box_h = 61, .ofs_x = 6, .ofs_y = -1},
    {.bitmap_index = 10044, .adv_w = 655, .box_w = 35, .box_h = 59, .ofs_x = 6, .ofs_y = 0},
    {.bitmap_index = 10250, .adv_w = 1167, .box_w = 61, .box_h = 60, .ofs_x = 6, .ofs_y = 0},
    {.bitmap_index = 10780, .adv_w = 878, .box_w = 43, .box_h = 60, .ofs_x = 6, .ofs_y = -1},
    {.bitmap_index = 11166, .adv_w = 1091, .box_w = 62, .box_h = 61, .ofs_x = 3, .ofs_y = -1},
    {.bitmap_index = 11523, .adv_w = 735, .box_w = 37, .box_h = 59, .ofs_x = 6, .ofs_y = 0},
    {.bitmap_index = 11781, .adv_w = 1093, .box_w = 62, .box_h = 61, .ofs_x = 3, .ofs_y = -1},
    {.bitmap_index = 12182, .adv_w = 746, .box_w = 38, .box_h = 59, .ofs_x = 6, .ofs_y = 0},
    {.bitmap_index = 12508, .adv_w = 762, .box_w = 42, .box_h = 63, .ofs_x = 3, .ofs_y = -2},
    {.bitmap_index = 12793, .adv_w = 716, .box_w = 43, .box_h = 60, .ofs_x = 1, .ofs_y = -1},
    {.bitmap_index = 12994, .adv_w = 883, .box_w = 43, .box_h = 60, .ofs_x = 6, .ofs_y = -1},
    {.bitmap_index = 13284, .adv_w = 835, .box_w = 52, .box_h = 60, .ofs_x = 0, .ofs_y = -1},
    {.bitmap_index = 13636, .adv_w = 1091, .box_w = 66, .box_h = 60, .ofs_x = 1, .ofs_y = -1},
    {.bitmap_index = 14249, .adv_w = 809, .box_w = 50, .box_h = 60, .ofs_x = 0, .ofs_y = 0},
    {.bitmap_index = 14612, .adv_w = 750, .box_w = 47, .box_h = 60, .ofs_x = 0, .ofs_y = -1},
    {.bitmap_index = 14898, .adv_w = 882, .box_w = 46, .box_h = 59, .ofs_x = 5, .ofs_y = 0},
    {.bitmap_index = 15107, .adv_w = 428, .box_w = 16, .box_h = 78, .ofs_x = 7, .ofs_y = -12},
    {.bitmap_index = 15369, .adv_w = 668, .box_w = 37, .box_h = 70, .ofs_x = 2, .ofs_y = -8},
    {.bitmap_index = 15609, .adv_w = 428, .box_w = 17, .box_h = 78, .ofs_x = 3, .ofs_y = -12},
    {.bitmap_index = 15872, .adv_w = 753, .box_w = 37, .box_h = 32, .ofs_x = 5, .ofs_y = 27},
    {.bitmap_index = 16047, .adv_w = 579, .box_w = 41, .box_h = 2, .ofs_x = -2, .ofs_y = -14},
    {.bitmap_index = 16053, .adv_w = 426, .box_w = 13, .box_h = 12, .ofs_x = 7, .ofs_y = 46},
    {.bitmap_index = 16083, .adv_w = 824, .box_w = 44, .box_h = 44, .ofs_x = 3, .ofs_y = -1},
    {.bitmap_index = 16351, .adv_w = 824, .box_w = 44, .box_h = 62, .ofs_x = 5, .ofs_y = -1},
    {.bitmap_index = 16676, .adv_w = 745, .box_w = 42, .box_h = 44, .ofs_x = 3, .ofs_y = -1},
    {.bitmap_index = 16890, .adv_w = 824, .box_w = 44, .box_h = 62, .ofs_x = 3, .ofs_y = -1},
    {.bitmap_index = 17220, .adv_w = 804, .box_w = 45, .box_h = 44, .ofs_x = 3, .ofs_y = -1},
    {.bitmap_index = 17458, .adv_w = 476, .box_w = 26, .box_h = 61, .ofs_x = 2, .ofs_y = -1},
    {.bitmap_index = 17662, .adv_w = 824, .box_w = 44, .box_h = 61, .ofs_x = 3, .ofs_y = -18},
    {.bitmap_index = 18024, .adv_w = 724, .box_w = 36, .box_h = 62, .ofs_x = 5, .ofs_y = -1},
    {.bitmap_index = 18295, .adv_w = 205, .box_w = 3, .box_h = 62, .ofs_x = 5, .ofs_y = -1},
    {.bitmap_index = 18339, .adv_w = 282, .box_w = 16, .box_h = 79, .ofs_x = -4, .ofs_y = -18},
    {.bitmap_index = 18581, .adv_w = 572, .box_w = 31, .box_h = 62, .ofs_x = 5, .ofs_y = -1},
    {.bitmap_index = 18871, .adv_w = 205, .box_w = 3, .box_h = 62, .ofs_x = 5, .ofs_y = -1},
    {.bitmap_index = 18918, .adv_w = 1137, .box_w = 61, .box_h = 44, .ofs_x = 5, .ofs_y = -1},
    {.bitmap_index = 19273, .adv_w = 724, .box_w = 36, .box_h = 44, .ofs_x = 5, .ofs_y = -1},
    {.bitmap_index = 19485, .adv_w = 819, .box_w = 45, .box_h = 44, .ofs_x = 3, .ofs_y = -1},
    {.bitmap_index = 19732, .adv_w = 824, .box_w = 44, .box_h = 62, .ofs_x = 5, .ofs_y = -19},
    {.bitmap_index = 20059, .adv_w = 824, .box_w = 44, .box_h = 62, .ofs_x = 3, .ofs_y = -19},
    {.bitmap_index = 20387, .adv_w = 399, .box_w = 19, .box_h = 44, .ofs_x = 5, .ofs_y = -1},
    {.bitmap_index = 20540, .adv_w = 622, .box_w = 35, .box_h = 46, .ofs_x = 2, .ofs_y = -2},
    {.bitmap_index = 20749, .adv_w = 525, .box_w = 29, .box_h = 56, .ofs_x = 2, .ofs_y = 0},
    {.bitmap_index = 20945, .adv_w = 724, .box_w = 36, .box_h = 44, .ofs_x = 5, .ofs_y = -1},
    {.bitmap_index = 21150, .adv_w = 648, .box_w = 38, .box_h = 44, .ofs_x = 1, .ofs_y = -1},
    {.bitmap_index = 21386, .adv_w = 1055, .box_w = 66, .box_h = 44, .ofs_x = 0, .ofs_y = -1},
    {.bitmap_index = 21834, .adv_w = 625, .box_w = 37, .box_h = 44, .ofs_x = 1, .ofs_y = -1},
    {.bitmap_index = 22078, .adv_w = 685, .box_w = 41, .box_h = 61, .ofs_x = 1, .ofs_y = -18},
    {.bitmap_index = 22378, .adv_w = 681, .box_w = 35, .box_h = 42, .ofs_x = 4, .ofs_y = 0},
    {.bitmap_index = 22527, .adv_w = 517, .box_w = 22, .box_h = 78, .ofs_x = 7, .ofs_y = -12},
    {.bitmap_index = 22789, .adv_w = 236, .box_w = 3, .box_h = 82, .ofs_x = 6, .ofs_y = -17},
    {.bitmap_index = 22851, .adv_w = 517, .box_w = 22, .box_h = 78, .ofs_x = 3, .ofs_y = -12},
    {.bitmap_index = 23122, .adv_w = 768, .box_w = 42, .box_h = 13, .ofs_x = 3, .ofs_y = 21}
};

/*---------------------
 *  CHARACTER MAPPING
 *--------------------*/



/*Collect the unicode lists and glyph_id offsets*/
static const lv_font_fmt_txt_cmap_t cmaps[] =
{
    {
        .range_start = 32, .range_length = 95, .glyph_id_start = 1,
        .unicode_list = NULL, .glyph_id_ofs_list = NULL, .list_length = 0, .type = LV_FONT_FMT_TXT_CMAP_FORMAT0_TINY
    }
};

/*-----------------
 *    KERNING
 *----------------*/


/*Map glyph_ids to kern left classes*/
static const uint8_t kern_left_class_mapping[] =
{
    0, 0, 0, 0, 0, 0, 0, 0,
    0, 1, 0, 0, 0, 0, 0, 0,
    0, 0, 0, 2, 0, 0, 3, 3,
    4, 0, 5, 0, 0, 0, 0, 0,
    0, 0, 6, 7, 0, 8, 0, 9,
    10, 0, 0, 0, 11, 12, 0, 0,
    10, 13, 8, 7, 0, 14, 0, 15,
    16, 17, 18, 19, 1, 0, 0, 0,
    0, 0, 0, 20, 20, 0, 20, 21,
    0, 0, 0, 0, 22, 0, 0, 0,
    20, 23, 0, 24, 25, 26, 0, 27,
    28, 28, 29, 28, 1, 0, 0, 0
};

/*Map glyph_ids to kern right classes*/
static const uint8_t kern_right_class_mapping[] =
{
    0, 0, 0, 0, 0, 0, 0, 0,
    0, 0, 0, 0, 0, 1, 0, 1,
    0, 0, 0, 0, 0, 2, 0, 3,
    4, 0, 5, 0, 0, 0, 0, 0,
    0, 0, 6, 0, 7, 0, 0, 0,
    7, 0, 0, 8, 0, 0, 0, 0,
    7, 0, 7, 0, 0, 9, 0, 10,
    11, 12, 13, 14, 0, 0, 0, 0,
    0, 0, 15, 0, 15, 15, 15, 16,
    15, 0, 17, 18, 0, 0, 19, 19,
    15, 19, 15, 19, 20, 21, 19, 22,
    23, 24, 25, 26, 0, 0, 0, 0
};

/*Kern values between classes*/
static const int8_t kern_class_values[] =
{
    0, 0, 0, 0, 0, 0, 0, 0,
    0, 0, 0, 0, 0, 0, 0, 0,
    0, 65, 0, 0, 0, 0, 0, 0,
    0, 0, 0, -32, -22, -22, -22, 0,
    0, 0, 0, 0, 0, 0, 0, 0,
    0, 0, 0, 0, 0, 0, 0, 0,
    0, 0, 0, 0, 0, 0, 0, 0,
    -22, 0, 0, 0, 0, 0, 0, 0,
    0, 0, 0, 0, 0, 0, 0, 0,
    0, 0, 0, 0, 0, 0, -22, 0,
    0, 0, 0, 0, 0, 0, 0, 0,
    0, 0, 0, 0, 0, 0, 0, 0,
    0, 0, 0, 0, 0, 0, 0, 0,
    -22, -22, -22, 0, 0, 0, 0, 0,
    0, 0, 0, 0, 0, 0, 0, 0,
    0, 0, 0, 0, 0, 0, 0, 0,
    0, 0, 0, 0, 0, 0, 0, 0,
    0, 0, -86, -97, -32, 0, -108, 0,
    0, 0, 0, 0, 0, 0, 0, -54,
    0, 0, 0, 0, 0, 0, 0, 0,
    0, 0, 0, 0, 0, 0, 0, 0,
    0, 0, -22, 0, 0, 0, 0, 0,
    0, 0, 0, 0, 0, 0, 0, 0,
    0, 0, 0, 0, 0, -32, -32, -22,
    0, -22, -22, -54, 0, 0, 0, 0,
    0, 0, 0, 0, 0, 0, 0, 0,
    0, 0, 0, 0, 0, -75, 0, 0,
    0, 0, 0, 0, 0, 0, -43, 0,
    -22, -65, -22, 0, 0, 0, 0, 0,
    0, 0, 0, 0, 0, 0, 0, 0,
    0, -32, -32, -32, 0, -22, -32, -54,
    0, 0, 0, 0, 0, 0, 0, 0,
    0, 0, 0, 0, 0, 0, 0, 0,
    0, 0, -43, 0, 0, 0, 0, 0,
    0, 0, -43, 0, 0, 0, 0, 0,
    0, 0, 0, 0, 0, 0, 0, 0,
    0, 0, 0, 0, -43, 0, -108, -108,
    -54, 0, -108, 0, -43, 0, 0, 0,
    0, 0, 0, -65, -65, 0, -65, 0,
    0, 0, 0, 0, 0, -65, 0, 0,
    0, 0, 0, 0, 0, 0, -32, 0,
    0, 0, 0, 0, 0, 0, 0, 0,
    0, 0, 0, 0, 0, 0, 0, -86,
    -32, -65, 0, 0, 0, 0, 0, 0,
    -119, 0, -11, -65, -119, -108, -54, -75,
    -75, -75, -75, -75, 0, 0, 0, 0,
    0, -97, -32, 0, 0, 0, 0, 0,
    0, 0, -75, 0, -22, -43, -22, -75,
    -22, 0, 0, 0, 0, -22, 0, 0,
    0, 0, 0, -32, 0, 0, 0, 0,
    0, 0, 0, 0, -32, 0, -11, -32,
    -11, -43, 0, 0, 0, 0, 0, 0,
    0, 0, 0, 0, 0, 0, -22, 0,
    0, 0, 0, 0, 0, 0, -43, 0,
    0, 0, 0, 0, -22, 0, 0, 0,
    0, 0, 0, 0, 0, 0, 0, -65,
    -32, 0, 0, 0, 0, 0, 0, 0,
    -108, 0, -32, -43, -32, -86, -32, 0,
    0, 0, 0, 0, 0, 0, 0, 0,
    0, 0, -54, 0, 0, 0, 0, 0,
    0, 0, -43, 0, 0, 0, 0, 0,
    -22, 0, 0, 0, 0, 0, 0, 0,
    0, 0, 0, 0, 0, 0, -119, -75,
    -32, -43, -108, -43, 0, -22, 0, 0,
    0, 0, -43, -22, -22, -22, -22, -22,
    0, 0, 0, 0, 0, 0, 0, 0,
    0, 0, 0, 0, 0, 0, -32, 0,
    0, -43, 0, 0, 0, 0, 0, 0,
    0, 0, 0, 0, 0, 0, 0, 0,
    0, 0, 0, 0, 0, 0, 0, 0,
    -43, 0, 0, 0, 0, 0, 0, 0,
    0, 0, 0, 0, 0, 0, 0, 0,
    0, 0, 0, 0, -119, -75, -32, -32,
    -86, -43, 0, -22, 0, 0, 0, 0,
    -43, -22, -22, -22, -22, -22, 0, 0,
    0, 0, 0, 0, 0, 0, 0, 0,
    0, 0, 0, 0, -22, 0, 0, 0,
    0, -22, 0, 0, 0, 0, 0, 0,
    0, 0, 0, 0, 0, 0, 0, 0,
    -108, -75, -43, 0, -86, 0, 0, 0,
    0, 0, 0, 0, -22, 0, 0, 0,
    -22, 0, 0, 0, 0, 0, 0, 0,
    0, 0, 0, 0, 0, 0, 0, 0,
    -43, 0, 0, 0, 0, -22, 0, 0,
    0, 0, 0, 0, 0, 0, 0, 0,
    0, -54, 0, 0, -75, 0, 0, 0,
    0, 0, -22, 0, 0, 0, 0, 0,
    0, 0, 0, 0, 0, 0, 0, 0,
    0, 0, 0, 0, 0, 0, -75, 0,
    0, 0, 0, 0, -22, 0, 0, 0,
    0, 0, 0, 0, 0, 0, 0, 0,
    0, 0, 0, 0, 0, 0, 0, 0,
    -75, 0, 0, 0, 0, 0, -22, 0,
    0, 0, 0, -22, 0, 0, 0, 0,
    0, 0
};


/*Collect the kern class' data in one place*/
static const lv_font_fmt_txt_kern_classes_t kern_classes =
{
    .class_pair_values   = kern_class_values,
    .left_class_mapping  = kern_left_class_mapping,
    .right_class_mapping = kern_right_class_mapping,
    .left_class_cnt      = 29,
    .right_class_cnt     = 26,
};

/*--------------------
 *  ALL CUSTOM DATA
 *--------------------*/

#if LVGL_VERSION_MAJOR == 8
/*Store all the custom data of the font*/
static  lv_font_fmt_txt_glyph_cache_t cache;
#endif

#if LVGL_VERSION_MAJOR >= 8
static const lv_font_fmt_txt_dsc_t font_dsc = {
#else
static lv_font_fmt_txt_dsc_t font_dsc = {
#endif
    .glyph_bitmap = glyph_bitmap,
    .glyph_dsc = glyph_dsc,
    .cmaps = cmaps,
    .kern_dsc = &kern_classes,
    .kern_scale = 19,
    .cmap_num = 1,
    .bpp = 2,
    .kern_classes = 1,
    .bitmap_format = 2,
#if LVGL_VERSION_MAJOR == 8
    .cache = &cache
#endif
};



/*-----------------
 *  PUBLIC FONT
 *----------------*/

/*Initialize a public general font descriptor*/
#if LVGL_VERSION_MAJOR >= 8
const lv_font_t ui_font_Alimm_80 = {
#else
lv_font_t ui_font_Alimm_80 = {
#endif
    .get_glyph_dsc = lv_font_get_glyph_dsc_fmt_txt,    /*Function pointer to get glyph's data*/
    .get_glyph_bitmap = lv_font_get_bitmap_fmt_txt,    /*Function pointer to get glyph's bitmap*/
    .line_height = 86,          /*The maximum line height required by the font*/
    .base_line = 19,             /*Baseline measured from the bottom of the line*/
#if !(LVGL_VERSION_MAJOR == 6 && LVGL_VERSION_MINOR == 0)
    .subpx = LV_FONT_SUBPX_NONE,
#endif
#if LV_VERSION_CHECK(7, 4, 0) || LVGL_VERSION_MAJOR >= 8
    .underline_position = -8,
    .underline_thickness = 4,
#endif
    .dsc = &font_dsc,          /*The custom font data. Will be accessed by `get_glyph_bitmap/dsc` */
#if LV_VERSION_CHECK(8, 2, 0) || LVGL_VERSION_MAJOR >= 9
    .fallback = NULL,
#endif
    .user_data = NULL,
};



#endif /*#if UI_FONT_ALIMM_80*/

